PLAYER,TEAM,GP,G,A,PTS,APG,GPG,PPG,PIMPG,PLUS_MIN,LINK,SEASON,LEAGUE
Mats Lindgren,Bakersfield Condors,0,0,0,0,,,0,,-,https://www.eliteprospects.com/player/635389/mats-lindgren,2025-2026,ahl
Matthew Savoie,Bakersfield Condors,1,0,1,1,1,0,1,0,-1,https://www.eliteprospects.com/player/476028/matthew-savoie,2025-2026,ahl
Andrew Mangiapane,Bakersfield Condors,1,0,0,0,0,0,0,0,0,https://www.eliteprospects.com/player/223199/andrew-mangiapane,2025-2026,ahl
Xavier Bernard,Calgary Wranglers,1,0,0,0,0,0,0,0,0,https://www.eliteprospects.com/player/335702/xavier-bernard,2025-2026,ahl
Luke Kunin,Charlotte Checkers,1,0,2,2,2,0,2,0,1,https://www.eliteprospects.com/player/245278/luke-kunin,2025-2026,ahl
Ethan Leyh,Chicago Wolves,1,0,0,0,0,0,0,0,0,https://www.eliteprospects.com/player/407590/ethan-leyh,2025-2026,ahl
Tyler Weiss,Chicago Wolves,1,0,0,0,0,0,0,0,-1,https://www.eliteprospects.com/player/355485/tyler-weiss,2025-2026,ahl
Antonio Venuto,Cleveland Monsters,1,0,0,0,0,0,0,0,0,https://www.eliteprospects.com/player/283955/antonio-venuto,2025-2026,ahl
Landon McCallum,Coachella Valley Firebirds,1,0,0,0,0,0,0,0,-1,https://www.eliteprospects.com/player/582562/landon-mccallum,2025-2026,ahl
Justin Janicke,Coachella Valley Firebirds,1,0,0,0,0,0,0,0,-1,https://www.eliteprospects.com/player/583032/justin-janicke,2025-2026,ahl
Zakhar Bardakov,Colorado Eagles,1,1,0,1,0,1,1,0,1,https://www.eliteprospects.com/player/292101/zakhar-bardakov,2025-2026,ahl
Neil Shea,Colorado Eagles,1,0,1,1,1,0,1,0,-1,https://www.eliteprospects.com/player/353682/neil-shea,2025-2026,ahl
Nicklas Andrews,Grand Rapids Griffins,1,0,0,0,0,0,0,0,0,https://www.eliteprospects.com/player/359528/nicklas-andrews,2025-2026,ahl
Sullivan Mack,Hartford Wolf Pack,1,0,0,0,0,0,0,0,1,https://www.eliteprospects.com/player/415811/sullivan-mack,2025-2026,ahl
Connor Mayer,Hershey Bears,1,1,0,1,0,1,1,0,1,https://www.eliteprospects.com/player/313508/connor-mayer,2025-2026,ahl
Garrett Pyke,Hershey Bears,1,0,0,0,0,0,0,0,-1,https://www.eliteprospects.com/player/273731/garrett-pyke,2025-2026,ahl
Chad Nychuk,Milwaukee Admirals,1,0,0,0,0,0,0,0,0,https://www.eliteprospects.com/player/351204/chad-nychuk,2025-2026,ahl
Brooklyn Kalmikov,Providence Bruins,1,0,0,0,0,0,0,0,-1,https://www.eliteprospects.com/player/290173/brooklyn-kalmikov,2025-2026,ahl
Nick Leddy,San Jose Barracuda,1,0,0,0,0,0,0,0,1,https://www.eliteprospects.com/player/38067/nick-leddy,2025-2026,ahl
Ryan McCleary,Toronto Marlies,1,0,0,0,0,0,0,0,-1,https://www.eliteprospects.com/player/483627/ryan-mccleary,2025-2026,ahl
Brent Johnson,Wilkes-Barre/Scranton Penguins,1,0,0,0,0,0,0,0,0,https://www.eliteprospects.com/player/512370/brent-johnson,2025-2026,ahl
Caleb Jones,Wilkes-Barre/Scranton Penguins,1,0,0,0,0,0,0,0,0,https://www.eliteprospects.com/player/199902/caleb-jones,2025-2026,ahl
Tommy Budnick,Wilkes-Barre/Scranton Penguins,1,0,0,0,0,0,0,2,0,https://www.eliteprospects.com/player/574823/tommy-budnick,2025-2026,ahl
Max Graham,Wilkes-Barre/Scranton Penguins,1,0,0,0,0,0,0,9,0,https://www.eliteprospects.com/player/650079/max-graham,2025-2026,ahl
Max Sasson,Abbotsford Canucks,2,2,0,2,0,1,1,0,2,https://www.eliteprospects.com/player/462545/max-sasson,2025-2026,ahl
Robby Drazner,Abbotsford Canucks,2,0,1,1,0.5,0,0.5,3,-1,https://www.eliteprospects.com/player/283980/robby-drazner,2025-2026,ahl
Zachary Okabe,Abbotsford Canucks,2,0,0,0,0,0,0,0,0,https://www.eliteprospects.com/player/337754/zachary-okabe,2025-2026,ahl
Max Dorrington,Bridgeport Islanders,2,1,1,2,0.5,0.5,1,0,1,https://www.eliteprospects.com/player/505134/max-dorrington,2025-2026,ahl
Martin Pospisil,Calgary Wranglers,2,0,0,0,0,0,0,1,-3,https://www.eliteprospects.com/player/341691/martin-pospisil,2025-2026,ahl
Cole Krygier,Charlotte Checkers,2,0,0,0,0,0,0,0,0,https://www.eliteprospects.com/player/283959/cole-krygier,2025-2026,ahl
Deni Goure,Chicago Wolves,2,0,0,0,0,0,0,0,-2,https://www.eliteprospects.com/player/505395/deni-goure,2025-2026,ahl
Jackson Berezowski,Coachella Valley Firebirds,2,0,0,0,0,0,0,0,-1,https://www.eliteprospects.com/player/403435/jackson-berezowski,2025-2026,ahl
Jackson Jutting,Grand Rapids Griffins,2,0,1,1,0.5,0,0.5,0,0,https://www.eliteprospects.com/player/413300/jackson-jutting,2025-2026,ahl
Kyler Kupka,Hershey Bears,2,0,0,0,0,0,0,0,-2,https://www.eliteprospects.com/player/201358/kyler-kupka,2025-2026,ahl
Ryan McGuire,Iowa Wild,2,0,0,0,0,0,0,1,-2,https://www.eliteprospects.com/player/201890/ryan-mcguire,2025-2026,ahl
Hunter Johannes,Lehigh Valley Phantoms,2,0,0,0,0,0,0,0,2,https://www.eliteprospects.com/player/379289/hunter-johannes,2025-2026,ahl
Ben Zloty,Manitoba Moose,2,0,0,0,0,0,0,0,0,https://www.eliteprospects.com/player/475290/ben-zloty,2025-2026,ahl
Will Riedell,Providence Bruins,2,0,0,0,0,0,0,0,1,https://www.eliteprospects.com/player/353791/will-riedell,2025-2026,ahl
Josh Dunne,Rochester Americans,2,1,0,1,0,0.5,0.5,2,1,https://www.eliteprospects.com/player/272225/josh-dunne,2025-2026,ahl
Brayden Hislop,Rockford IceHogs,2,0,2,2,1,0,1,1,3,https://www.eliteprospects.com/player/582718/brayden-hislop,2025-2026,ahl
Drew Elliott,San Diego Gulls,2,0,0,0,0,0,0,0,0,https://www.eliteprospects.com/player/417740/drew-elliott,2025-2026,ahl
Michael Misa,San Jose Barracuda,2,0,1,1,0.5,0,0.5,0,0,https://www.eliteprospects.com/player/577184/michael-misa,2025-2026,ahl
Mathieu Joseph,Springfield Thunderbirds,2,1,0,1,0,0.5,0.5,0,-1,https://www.eliteprospects.com/player/227640/mathieu-joseph,2025-2026,ahl
Tarun Fizer,Springfield Thunderbirds,2,0,0,0,0,0,0,0,1,https://www.eliteprospects.com/player/413326/tarun-fizer,2025-2026,ahl
Troy Murray,Springfield Thunderbirds,2,0,0,0,0,0,0,2.5,-1,https://www.eliteprospects.com/player/360750/troy-murray,2025-2026,ahl
Dyllan Gill,Syracuse Crunch,2,0,0,0,0,0,0,0,-2,https://www.eliteprospects.com/player/573869/dyllan-gill,2025-2026,ahl
Romain Rodzinski,Syracuse Crunch,2,0,0,0,0,0,0,0,0,https://www.eliteprospects.com/player/534608/romain-rodzinski,2025-2026,ahl
Easton Cowan,Toronto Marlies,2,0,1,1,0.5,0,0.5,1,1,https://www.eliteprospects.com/player/709773/easton-cowan,2025-2026,ahl
Jayden Lee,Abbotsford Canucks,3,0,0,0,0,0,0,0,-2,https://www.eliteprospects.com/player/351553/jayden-lee,2025-2026,ahl
Elias Pettersson,Abbotsford Canucks,3,0,0,0,0,0,0,0.667,-1,https://www.eliteprospects.com/player/641020/elias-pettersson,2025-2026,ahl
Matthew Andonovski,Belleville Senators,3,0,0,0,0,0,0,0,0,https://www.eliteprospects.com/player/619149/matthew-andonovski,2025-2026,ahl
Calum Ritchie,Bridgeport Islanders,3,1,2,3,0.667,0.333,1,0.667,2,https://www.eliteprospects.com/player/603108/calum-ritchie,2025-2026,ahl
Ryan Chyzowski,Calgary Wranglers,3,1,0,1,0,0.333,0.33,0,-1,https://www.eliteprospects.com/player/344066/ryan-chyzowski,2025-2026,ahl
Robby Fabbri,Charlotte Checkers,3,1,1,2,0.333,0.333,0.67,0,-4,https://www.eliteprospects.com/player/156923/robby-fabbri,2025-2026,ahl
Saige Weinstein,Colorado Eagles,3,1,0,1,0,0.333,0.33,0.667,0,https://www.eliteprospects.com/player/612889/saige-weinstein,2025-2026,ahl
Ilya Solovyov,Colorado Eagles,3,0,0,0,0,0,0,0,1,https://www.eliteprospects.com/player/490245/ilya-solovyov,2025-2026,ahl
Artur Cholach,Henderson Silver Knights,3,0,0,0,0,0,0,0.667,-1,https://www.eliteprospects.com/player/467724/artur-cholach,2025-2026,ahl
Ethen Frank,Hershey Bears,3,2,0,2,0,0.667,0.67,0,0,https://www.eliteprospects.com/player/247909/ethen-frank,2025-2026,ahl
Kaden Bohlsen,Hershey Bears,3,2,0,2,0,0.667,0.67,0,1,https://www.eliteprospects.com/player/385676/kaden-bohlsen,2025-2026,ahl
Nick Leivermann,Hershey Bears,3,0,2,2,0.667,0,0.67,0,1,https://www.eliteprospects.com/player/344081/nick-leivermann,2025-2026,ahl
Simon Pinard,Hershey Bears,3,0,1,1,0.333,0,0.33,0,2,https://www.eliteprospects.com/player/295310/simon-pinard,2025-2026,ahl
Matthew Sop,Iowa Wild,3,0,0,0,0,0,0,0,-2,https://www.eliteprospects.com/player/538401/matthew-sop,2025-2026,ahl
Israel Mianscum,Laval Rocket,3,0,1,1,0.333,0,0.33,1.667,0,https://www.eliteprospects.com/player/485049/israel-mianscum,2025-2026,ahl
Yegor Zamula,Lehigh Valley Phantoms,3,0,2,2,0.667,0,0.67,0,-3,https://www.eliteprospects.com/player/398138/yegor-zamula,2025-2026,ahl
Ben Meehan,Lehigh Valley Phantoms,3,0,0,0,0,0,0,0,-1,https://www.eliteprospects.com/player/499017/ben-meehan,2025-2026,ahl
Dylan Moulton,Manitoba Moose,3,1,0,1,0,0.333,0.33,0,0,https://www.eliteprospects.com/player/370017/dylan-moulton,2025-2026,ahl
Keaton Mastrodonato,Ontario Reign,3,0,1,1,0.333,0,0.33,0,-2,https://www.eliteprospects.com/player/344047/keaton-mastrodonato,2025-2026,ahl
Paul Ludwinski,Rockford IceHogs,3,1,1,2,0.333,0.333,0.67,0.667,-2,https://www.eliteprospects.com/player/603788/paul-ludwinski,2025-2026,ahl
Owen Lindmark,San Diego Gulls,3,0,0,0,0,0,0,0,-1,https://www.eliteprospects.com/player/315962/owen-lindmark,2025-2026,ahl
Noah Beck,San Jose Barracuda,3,0,1,1,0.333,0,0.33,1.333,3,https://www.eliteprospects.com/player/530038/noah-beck,2025-2026,ahl
Zach Berzolla,Springfield Thunderbirds,3,0,0,0,0,0,0,2,-1,https://www.eliteprospects.com/player/291858/zach-berzolla,2025-2026,ahl
Jack Finley,Syracuse Crunch,3,1,2,3,0.667,0.333,1,0,1,https://www.eliteprospects.com/player/477357/jack-finley,2025-2026,ahl
Reece Newkirk,Syracuse Crunch,3,0,0,0,0,0,0,0.667,1,https://www.eliteprospects.com/player/351979/reece-newkirk,2025-2026,ahl
Aidan Hreschuk,Texas Stars,3,0,1,1,0.333,0,0.33,0,-1,https://www.eliteprospects.com/player/512181/aidan-hreschuk,2025-2026,ahl
Ryan Kirwan,Toronto Marlies,3,1,0,1,0,0.333,0.33,0,0,https://www.eliteprospects.com/player/508271/ryan-kirwan,2025-2026,ahl
Landon Sim,Toronto Marlies,3,0,0,0,0,0,0,0.667,-2,https://www.eliteprospects.com/player/563410/landon-sim,2025-2026,ahl
Maxim Barbashyov,Tucson Roadrunners,3,0,0,0,0,0,0,0,-1,https://www.eliteprospects.com/player/699160/maxim-barbashyov,2025-2026,ahl
Terrell Goldsmith,Tucson Roadrunners,3,0,0,0,0,0,0,2.333,1,https://www.eliteprospects.com/player/638604/terrell-goldsmith,2025-2026,ahl
Filip Hallander,Wilkes-Barre/Scranton Penguins,3,1,0,1,0,0.333,0.33,0.667,1,https://www.eliteprospects.com/player/293387/filip-hallander,2025-2026,ahl
Brayden Edwards,Wilkes-Barre/Scranton Penguins,3,0,0,0,0,0,0,0,-1,https://www.eliteprospects.com/player/636658/brayden-edwards,2025-2026,ahl
Danny Katic,Belleville Senators,4,0,0,0,0,0,0,0.5,-1,https://www.eliteprospects.com/player/313394/danny-katic,2025-2026,ahl
Drew Callin,Bridgeport Islanders,4,0,1,1,0.25,0,0.25,0.5,-3,https://www.eliteprospects.com/player/190462/drew-callin,2025-2026,ahl
Zayne Parekh,Calgary Wranglers,4,2,3,5,0.75,0.5,1.25,0.5,1,https://www.eliteprospects.com/player/535574/zayne-parekh,2025-2026,ahl
Tyler Motte,Charlotte Checkers,4,1,0,1,0,0.25,0.25,0.5,-2,https://www.eliteprospects.com/player/151824/tyler-motte,2025-2026,ahl
Colin Swoyer,Cleveland Monsters,4,0,0,0,0,0,0,0.5,0,https://www.eliteprospects.com/player/271345/colin-swoyer,2025-2026,ahl
Jakub Demek,Henderson Silver Knights,4,0,1,1,0.25,0,0.25,0,-4,https://www.eliteprospects.com/player/556420/jakub-demek,2025-2026,ahl
Samuel Mayer,Henderson Silver Knights,4,0,0,0,0,0,0,0,0,https://www.eliteprospects.com/player/479856/samuel-mayer,2025-2026,ahl
Sheldon Rempal,Hershey Bears,4,1,1,2,0.25,0.25,0.5,0.5,-2,https://www.eliteprospects.com/player/142304/sheldon-rempal,2025-2026,ahl
Isak Walther,Milwaukee Admirals,4,0,1,1,0.25,0,0.25,0,-1,https://www.eliteprospects.com/player/431803/isak-walther,2025-2026,ahl
Jordan Harris,Providence Bruins,4,1,2,3,0.5,0.25,0.75,0,6,https://www.eliteprospects.com/player/321687/jordan-harris,2025-2026,ahl
Peter Tischke,Rochester Americans,4,0,1,1,0.25,0,0.25,0,2,https://www.eliteprospects.com/player/194272/peter-tischke,2025-2026,ahl
Radim Mrtka,Rochester Americans,4,0,1,1,0.25,0,0.25,1.75,0,https://www.eliteprospects.com/player/872673/radim-mrtka,2025-2026,ahl
Ian Moore,San Diego Gulls,4,0,0,0,0,0,0,0,0,https://www.eliteprospects.com/player/201746/ian-moore,2025-2026,ahl
Roman Kinal,San Diego Gulls,4,0,0,0,0,0,0,0,2,https://www.eliteprospects.com/player/311067/roman-kinal,2025-2026,ahl
Dominic James,Syracuse Crunch,4,3,2,5,0.5,0.75,1.25,0,3,https://www.eliteprospects.com/player/418282/dominic-james,2025-2026,ahl
Charle-Edouard D'Astous,Syracuse Crunch,4,1,2,3,0.5,0.25,0.75,0,3,https://www.eliteprospects.com/player/255979/charle-edouard-d-astous,2025-2026,ahl
Nathan Bastian,Texas Stars,4,2,1,3,0.25,0.5,0.75,0.5,0,https://www.eliteprospects.com/player/245157/nathan-bastian,2025-2026,ahl
David Kampf,Toronto Marlies,4,0,1,1,0.25,0,0.25,0,-1,https://www.eliteprospects.com/player/160499/david-kampf,2025-2026,ahl
Sam Stevens,Toronto Marlies,4,0,0,0,0,0,0,0.5,-1,https://www.eliteprospects.com/player/315953/sam-stevens,2025-2026,ahl
Tom Willander,Abbotsford Canucks,5,1,1,2,0.2,0.2,0.4,0,-5,https://www.eliteprospects.com/player/599426/tom-willander,2025-2026,ahl
Will MacKinnon,Cleveland Monsters,5,0,0,0,0,0,0,0.4,0,https://www.eliteprospects.com/player/285412/will-mackinnon,2025-2026,ahl
Jacob MacDonald,Colorado Eagles,5,1,3,4,0.6,0.2,0.8,0,-3,https://www.eliteprospects.com/player/60064/jacob-macdonald,2025-2026,ahl
Travis Dermott,Hartford Wolf Pack,5,0,3,3,0.6,0,0.6,0.4,-2,https://www.eliteprospects.com/player/214673/travis-dermott,2025-2026,ahl
Case McCarthy,Hartford Wolf Pack,5,0,1,1,0.2,0,0.2,0,2,https://www.eliteprospects.com/player/290196/case-mccarthy,2025-2026,ahl
Sonny Milano,Hershey Bears,5,1,5,6,1,0.2,1.2,0,3,https://www.eliteprospects.com/player/189415/sonny-milano,2025-2026,ahl
Stevie Leskovar,Iowa Wild,5,0,0,0,0,0,0,0,-1,https://www.eliteprospects.com/player/526026/stevie-leskovar,2025-2026,ahl
Lukas Sillinger,Iowa Wild,5,0,0,0,0,0,0,0.4,-1,https://www.eliteprospects.com/player/287466/lukas-sillinger,2025-2026,ahl
Jacob Dion,Laval Rocket,5,0,0,0,0,0,0,0.4,-2,https://www.eliteprospects.com/player/410556/jacob-dion,2025-2026,ahl
Kevin Conley,Manitoba Moose,5,2,0,2,0,0.4,0.4,0.4,1,https://www.eliteprospects.com/player/248429/kevin-conley,2025-2026,ahl
Matthew Wood,Milwaukee Admirals,5,1,3,4,0.6,0.2,0.8,0,-1,https://www.eliteprospects.com/player/603587/matthew-wood,2025-2026,ahl
Jonathan Aspirot,Providence Bruins,5,1,2,3,0.4,0.2,0.6,0.8,2,https://www.eliteprospects.com/player/354151/jonathan-aspirot,2025-2026,ahl
Jack Bar,San Jose Barracuda,5,0,0,0,0,0,0,0,0,https://www.eliteprospects.com/player/503032/jack-bar,2025-2026,ahl
John Gormley,San Jose Barracuda,5,0,0,0,0,0,0,1.4,0,https://www.eliteprospects.com/player/519987/john-gormley,2025-2026,ahl
Logan Mailloux,Springfield Thunderbirds,5,2,0,2,0,0.4,0.4,0.4,-2,https://www.eliteprospects.com/player/582695/logan-mailloux,2025-2026,ahl
Milan Lucic,Springfield Thunderbirds,5,0,1,1,0.2,0,0.2,0.8,-7,https://www.eliteprospects.com/player/11104/milan-lucic,2025-2026,ahl
Niko Huuhtanen,Syracuse Crunch,5,0,3,3,0.6,0,0.6,2,1,https://www.eliteprospects.com/player/525628/niko-huuhtanen,2025-2026,ahl
Spencer Kersten,Syracuse Crunch,5,0,0,0,0,0,0,0.4,0,https://www.eliteprospects.com/player/370370/spencer-kersten,2025-2026,ahl
Kyle Capobianco,Texas Stars,5,1,3,4,0.6,0.2,0.8,0.8,1,https://www.eliteprospects.com/player/225186/kyle-capobianco,2025-2026,ahl
Emil Hemming,Texas Stars,5,0,0,0,0,0,0,0,-1,https://www.eliteprospects.com/player/689033/emil-hemming,2025-2026,ahl
Jack St. Ivany,Wilkes-Barre/Scranton Penguins,5,1,4,5,0.8,0.2,1,0.8,3,https://www.eliteprospects.com/player/300076/jack-st.-ivany,2025-2026,ahl
Harrison Brunicke,Wilkes-Barre/Scranton Penguins,5,0,4,4,0.8,0,0.8,0,2,https://www.eliteprospects.com/player/727518/harrison-brunicke,2025-2026,ahl
Alec Regula,Bakersfield Condors,6,1,2,3,0.333,0.167,0.5,1.333,2,https://www.eliteprospects.com/player/283940/alec-regula,2025-2026,ahl
James Stefan,Bakersfield Condors,6,0,0,0,0,0,0,0,0,https://www.eliteprospects.com/player/480110/james-stefan,2025-2026,ahl
Scott Reedy,Bridgeport Islanders,6,0,0,0,0,0,0,0,-5,https://www.eliteprospects.com/player/269301/scott-reedy,2025-2026,ahl
Chongmin Lee,Cleveland Monsters,6,0,0,0,0,0,0,0.333,1,https://www.eliteprospects.com/player/325427/chongmin-lee,2025-2026,ahl
Cooper Gay,Colorado Eagles,6,1,0,1,0,0.167,0.17,0,1,https://www.eliteprospects.com/player/658212/cooper-gay,2025-2026,ahl
Hank Kempf,Colorado Eagles,6,0,1,1,0.167,0,0.17,0.333,1,https://www.eliteprospects.com/player/201723/hank-kempf,2025-2026,ahl
Gavin Hain,Hartford Wolf Pack,6,0,0,0,0,0,0,0.333,-3,https://www.eliteprospects.com/player/354061/gavin-hain,2025-2026,ahl
Jordan Gustafson,Henderson Silver Knights,6,0,1,1,0.167,0,0.17,0,-4,https://www.eliteprospects.com/player/511853/jordan-gustafson,2025-2026,ahl
Patrick Thomas,Hershey Bears,6,1,0,1,0,0.167,0.17,0.333,-2,https://www.eliteprospects.com/player/603791/patrick-thomas,2025-2026,ahl
Riley Kidney,Laval Rocket,6,0,1,1,0.167,0,0.17,0.667,2,https://www.eliteprospects.com/player/473664/riley-kidney,2025-2026,ahl
Artyom Guryev,Lehigh Valley Phantoms,6,0,0,0,0,0,0,0.667,-1,https://www.eliteprospects.com/player/617884/artyom-guryev,2025-2026,ahl
Vincent Iorio,San Jose Barracuda,6,0,7,7,1.167,0,1.17,0.667,7,https://www.eliteprospects.com/player/201802/vincent-iorio,2025-2026,ahl
Dalibor Dvorsky,Springfield Thunderbirds,6,3,2,5,0.333,0.5,0.83,0.667,-4,https://www.eliteprospects.com/player/527424/dalibor-dvorsky,2025-2026,ahl
Kevin Wall,Springfield Thunderbirds,6,0,0,0,0,0,0,0.333,-1,https://www.eliteprospects.com/player/355153/kevin-wall,2025-2026,ahl
Curtis Douglas,Syracuse Crunch,6,0,1,1,0.167,0,0.17,0,0,https://www.eliteprospects.com/player/351462/curtis-douglas,2025-2026,ahl
William Dufour,Wilkes-Barre/Scranton Penguins,6,1,0,1,0,0.167,0.17,0,0,https://www.eliteprospects.com/player/294583/william-dufour,2025-2026,ahl
Carter Mazur,Grand Rapids Griffins,7,6,3,9,0.429,0.857,1.29,0.286,9,https://www.eliteprospects.com/player/201766/carter-mazur,2025-2026,ahl
Kyle Jackson,Hartford Wolf Pack,7,0,1,1,0.143,0,0.14,0,-3,https://www.eliteprospects.com/player/413825/kyle-jackson,2025-2026,ahl
Ludwig Persson,Hershey Bears,7,0,1,1,0.143,0,0.14,0.286,-1,https://www.eliteprospects.com/player/423614/ludwig-persson,2025-2026,ahl
Emil Andrae,Lehigh Valley Phantoms,7,0,5,5,0.714,0,0.71,0.857,3,https://www.eliteprospects.com/player/394716/emil-andrae,2025-2026,ahl
Carson Golder,Lehigh Valley Phantoms,7,0,0,0,0,0,0,0.286,-3,https://www.eliteprospects.com/player/477356/carson-golder,2025-2026,ahl
Noah Ostlund,Rochester Americans,7,3,7,10,1,0.429,1.43,0.286,0,https://www.eliteprospects.com/player/535699/noah-ostlund,2025-2026,ahl
Anthony Kehrer,Springfield Thunderbirds,7,0,0,0,0,0,0,0,-3,https://www.eliteprospects.com/player/201954/anthony-kehrer,2025-2026,ahl
Ben King,Toronto Marlies,7,0,1,1,0.143,0,0.14,1,-3,https://www.eliteprospects.com/player/201803/ben-king,2025-2026,ahl
Zach Urdahl,Wilkes-Barre/Scranton Penguins,7,0,0,0,0,0,0,0.286,2,https://www.eliteprospects.com/player/564451/zach-urdahl,2025-2026,ahl
Christian Felton,Abbotsford Canucks,8,0,0,0,0,0,0,0,-2,https://www.eliteprospects.com/player/325238/christian-felton,2025-2026,ahl
Ryland Mosley,Cleveland Monsters,8,1,0,1,0,0.125,0.13,0.25,-2,https://www.eliteprospects.com/player/300794/ryland-mosley,2025-2026,ahl
Matt Stienburg,Colorado Eagles,8,2,1,3,0.125,0.25,0.38,1.375,-2,https://www.eliteprospects.com/player/267112/matt-stienburg,2025-2026,ahl
Reilly Connors,Colorado Eagles,8,2,0,2,0,0.25,0.25,1.375,0,https://www.eliteprospects.com/player/386404/reilly-connors,2025-2026,ahl
Wyatte Wylie,Laval Rocket,8,0,1,1,0.125,0,0.13,1,-3,https://www.eliteprospects.com/player/300071/wyatte-wylie,2025-2026,ahl
Chase Yoder,Manitoba Moose,8,0,1,1,0.125,0,0.13,1,-2,https://www.eliteprospects.com/player/415335/chase-yoder,2025-2026,ahl
Reece Vitelli,Manitoba Moose,8,0,0,0,0,0,0,0.625,2,https://www.eliteprospects.com/player/351365/reece-vitelli,2025-2026,ahl
Landon Slaggert,Rockford IceHogs,8,2,2,4,0.25,0.25,0.5,1,-2,https://www.eliteprospects.com/player/418245/landon-slaggert,2025-2026,ahl
Konnor Smith,San Diego Gulls,8,0,1,1,0.125,0,0.13,1.75,-2,https://www.eliteprospects.com/player/640821/konnor-smith,2025-2026,ahl
Chase Wheatcroft,Texas Stars,8,0,0,0,0,0,0,0.5,1,https://www.eliteprospects.com/player/506229/chase-wheatcroft,2025-2026,ahl
Rhett Parsons,Toronto Marlies,8,0,1,1,0.125,0,0.13,5.875,-5,https://www.eliteprospects.com/player/505836/rhett-parsons,2025-2026,ahl
Melvin Fernstrom,Wilkes-Barre/Scranton Penguins,8,2,4,6,0.5,0.25,0.75,0,5,https://www.eliteprospects.com/player/619006/melvin-fernstrom,2025-2026,ahl
Emil Pieniniemi,Wilkes-Barre/Scranton Penguins,8,1,2,3,0.25,0.125,0.38,0.25,6,https://www.eliteprospects.com/player/709463/emil-pieniniemi,2025-2026,ahl
Brady Stonehouse,Bakersfield Condors,9,0,3,3,0.333,0,0.33,2.333,2,https://www.eliteprospects.com/player/652102/brady-stonehouse,2025-2026,ahl
Tyler Inamoto,Bakersfield Condors,9,0,2,2,0.222,0,0.22,0.667,1,https://www.eliteprospects.com/player/201486/tyler-inamoto,2025-2026,ahl
Anton Lundmark,Charlotte Checkers,9,0,0,0,0,0,0,0.444,-2,https://www.eliteprospects.com/player/350424/anton-lundmark,2025-2026,ahl
Charles-Alexis Legault,Chicago Wolves,9,0,3,3,0.333,0,0.33,1,-1,https://www.eliteprospects.com/player/485094/charles-alexis-legault,2025-2026,ahl
Braden Doyle,Chicago Wolves,9,0,0,0,0,0,0,1.667,0,https://www.eliteprospects.com/player/385678/braden-doyle,2025-2026,ahl
Jacob Truscott,Grand Rapids Griffins,9,0,3,3,0.333,0,0.33,0.444,3,https://www.eliteprospects.com/player/201776/jacob-truscott,2025-2026,ahl
Zakary Karpa,Hartford Wolf Pack,9,1,1,2,0.111,0.111,0.22,0.778,-3,https://www.eliteprospects.com/player/470026/zakary-karpa,2025-2026,ahl
Liam Ohgren,Iowa Wild,9,3,2,5,0.222,0.333,0.56,0,-3,https://www.eliteprospects.com/player/535698/liam-ohgren,2025-2026,ahl
Elliot Desnoyers,Iowa Wild,9,0,2,2,0.222,0,0.22,0.444,-2,https://www.eliteprospects.com/player/290157/elliot-desnoyers,2025-2026,ahl
Ryan O'Rourke,Laval Rocket,9,0,2,2,0.222,0,0.22,0.444,-1,https://www.eliteprospects.com/player/201939/ryan-o-rourke,2025-2026,ahl
Alex Steeves,Providence Bruins,9,3,5,8,0.556,0.333,0.89,0.222,3,https://www.eliteprospects.com/player/354353/alex-steeves,2025-2026,ahl
Jackson Edward,Providence Bruins,9,0,0,0,0,0,0,0.222,2,https://www.eliteprospects.com/player/672923/jackson-edward,2025-2026,ahl
Oliver Moore,Rockford IceHogs,9,6,3,9,0.333,0.667,1,0.222,8,https://www.eliteprospects.com/player/603195/oliver-moore,2025-2026,ahl
Brendan Hoffman,San Jose Barracuda,9,1,3,4,0.333,0.111,0.44,0,4,https://www.eliteprospects.com/player/530039/brendan-hoffman,2025-2026,ahl
Samuel Laberge,San Jose Barracuda,9,0,1,1,0.111,0,0.11,3,0,https://www.eliteprospects.com/player/231410/samuel-laberge,2025-2026,ahl
David Breazeale,Wilkes-Barre/Scranton Penguins,9,1,3,4,0.333,0.111,0.44,0,8,https://www.eliteprospects.com/player/454759/david-breazeale,2025-2026,ahl
Vitali Kravtsov,Abbotsford Canucks,10,1,3,4,0.3,0.1,0.4,0,-7,https://www.eliteprospects.com/player/379749/vitali-kravtsov,2025-2026,ahl
Yan Kuznetsov,Calgary Wranglers,10,2,0,2,0,0.2,0.2,0.2,5,https://www.eliteprospects.com/player/440410/yan-kuznetsov,2025-2026,ahl
Noah Philp,Chicago Wolves,10,1,4,5,0.4,0.1,0.5,0.4,-3,https://www.eliteprospects.com/player/198306/noah-philp,2025-2026,ahl
Givani Smith,Chicago Wolves,10,1,1,2,0.1,0.1,0.2,2,-2,https://www.eliteprospects.com/player/252472/givani-smith,2025-2026,ahl
Zach Uens,Coachella Valley Firebirds,10,1,3,4,0.3,0.1,0.4,0.6,4,https://www.eliteprospects.com/player/424330/zach-uens,2025-2026,ahl
Reilly Webb,Hershey Bears,10,0,2,2,0.2,0,0.2,0.2,5,https://www.eliteprospects.com/player/273694/reilly-webb,2025-2026,ahl
Zac Funk,Hershey Bears,10,0,2,2,0.2,0,0.2,0.8,-2,https://www.eliteprospects.com/player/556514/zac-funk,2025-2026,ahl
Joseph Dunlap,Laval Rocket,10,2,1,3,0.1,0.2,0.3,0.6,3,https://www.eliteprospects.com/player/355835/joseph-dunlap,2025-2026,ahl
Ethan Frisch,Manitoba Moose,10,0,2,2,0.2,0,0.2,0,2,https://www.eliteprospects.com/player/365031/ethan-frisch,2025-2026,ahl
Fyodor Svechkov,Milwaukee Admirals,10,5,3,8,0.3,0.5,0.8,0.4,1,https://www.eliteprospects.com/player/693396/fyodor-svechkov,2025-2026,ahl
Kalan Lind,Milwaukee Admirals,10,1,1,2,0.1,0.1,0.2,1.1,-6,https://www.eliteprospects.com/player/569175/kalan-lind,2025-2026,ahl
Josh Davies,Milwaukee Admirals,10,1,0,1,0,0.1,0.1,0.9,-5,https://www.eliteprospects.com/player/532703/josh-davies,2025-2026,ahl
Kyle Crnkovic,San Jose Barracuda,10,0,5,5,0.5,0,0.5,0.2,8,https://www.eliteprospects.com/player/201916/kyle-crnkovic,2025-2026,ahl
Brandon Baddock,Toronto Marlies,10,1,0,1,0,0.1,0.1,3,0,https://www.eliteprospects.com/player/83627/brandon-baddock,2025-2026,ahl
Daniel Laatsch,Wilkes-Barre/Scranton Penguins,10,0,3,3,0.3,0,0.3,0.2,1,https://www.eliteprospects.com/player/201855/daniel-laatsch,2025-2026,ahl
Matt Brown,Bakersfield Condors,11,0,0,0,0,0,0,0.182,-1,https://www.eliteprospects.com/player/381804/matt-brown,2025-2026,ahl
Pierrick Dube,Bridgeport Islanders,11,4,4,8,0.364,0.364,0.73,0.545,3,https://www.eliteprospects.com/player/410529/pierrick-dube,2025-2026,ahl
Andrej Sustr,Bridgeport Islanders,11,0,1,1,0.091,0,0.09,1.909,-6,https://www.eliteprospects.com/player/44405/andrej-sustr,2025-2026,ahl
Brendan Smith,Cleveland Monsters,11,0,1,1,0.091,0,0.09,0.727,-5,https://www.eliteprospects.com/player/12506/brendan-smith,2025-2026,ahl
Ben Meyers,Coachella Valley Firebirds,11,9,4,13,0.364,0.818,1.18,0.182,2,https://www.eliteprospects.com/player/300838/ben-meyers,2025-2026,ahl
Juuso Parssinen,Hartford Wolf Pack,11,5,1,6,0.091,0.455,0.55,0.364,-1,https://www.eliteprospects.com/player/396656/juuso-parssinen,2025-2026,ahl
Ryan Hofer,Hershey Bears,11,0,1,1,0.091,0,0.09,0.182,-1,https://www.eliteprospects.com/player/416983/ryan-hofer,2025-2026,ahl
Sawyer Boulton,Lehigh Valley Phantoms,11,0,0,0,0,0,0,1.818,-1,https://www.eliteprospects.com/player/637562/sawyer-boulton,2025-2026,ahl
Jack Matier,Milwaukee Admirals,11,1,1,2,0.091,0.091,0.18,1.545,0,https://www.eliteprospects.com/player/476043/jack-matier,2025-2026,ahl
Aidan Fulp,Rochester Americans,11,0,2,2,0.182,0,0.18,0.545,4,https://www.eliteprospects.com/player/315954/aidan-fulp,2025-2026,ahl
Zack Ostapchuk,San Jose Barracuda,11,3,1,4,0.091,0.273,0.36,0.909,-4,https://www.eliteprospects.com/player/476029/zack-ostapchuk,2025-2026,ahl
Jett Jones,Springfield Thunderbirds,11,0,0,0,0,0,0,0.364,-6,https://www.eliteprospects.com/player/442336/jett-jones,2025-2026,ahl
Tag Bertuzzi,Utica Comets,11,0,0,0,0,0,0,0,-3,https://www.eliteprospects.com/player/279765/tag-bertuzzi,2025-2026,ahl
Mathieu De St. Phalle,Wilkes-Barre/Scranton Penguins,11,2,0,2,0,0.182,0.18,0.545,-4,https://www.eliteprospects.com/player/283937/mathieu-de-st.-phalle,2025-2026,ahl
Braeden Bowman,Henderson Silver Knights,12,7,5,12,0.417,0.583,1,0.5,1,https://www.eliteprospects.com/player/582646/braeden-bowman,2025-2026,ahl
Sloan Stanick,Henderson Silver Knights,12,4,2,6,0.167,0.333,0.5,0.167,1,https://www.eliteprospects.com/player/527498/sloan-stanick,2025-2026,ahl
Carter Berger,Lehigh Valley Phantoms,12,0,3,3,0.25,0,0.25,0.333,5,https://www.eliteprospects.com/player/299029/carter-berger,2025-2026,ahl
Loke Johansson,Providence Bruins,12,0,0,0,0,0,0,0.333,3,https://www.eliteprospects.com/player/719598/loke-johansson,2025-2026,ahl
Marc McLaughlin,Utica Comets,12,4,5,9,0.417,0.333,0.75,0.5,1,https://www.eliteprospects.com/player/300610/marc-mclaughlin,2025-2026,ahl
Jackson van de Leest,Utica Comets,12,1,2,3,0.167,0.083,0.25,0.583,-2,https://www.eliteprospects.com/player/407592/jackson-van-de-leest,2025-2026,ahl
Dylan Wendt,Utica Comets,12,0,2,2,0.167,0,0.17,0.167,-2,https://www.eliteprospects.com/player/369968/dylan-wendt,2025-2026,ahl
Tanner Howe,Wilkes-Barre/Scranton Penguins,12,5,3,8,0.25,0.417,0.67,0.667,0,https://www.eliteprospects.com/player/647116/tanner-howe,2025-2026,ahl
Derek Daschke,Abbotsford Canucks,13,0,1,1,0.077,0,0.08,0,-2,https://www.eliteprospects.com/player/272191/derek-daschke,2025-2026,ahl
Tyson Feist,Bakersfield Condors,13,0,1,1,0.077,0,0.08,2.692,5,https://www.eliteprospects.com/player/407570/tyson-feist,2025-2026,ahl
David Gagnon,Chicago Wolves,13,0,3,3,0.231,0,0.23,0.923,-3,https://www.eliteprospects.com/player/267110/david-gagnon,2025-2026,ahl
Mike Koster,Iowa Wild,13,0,2,2,0.154,0,0.15,0,1,https://www.eliteprospects.com/player/427432/mike-koster,2025-2026,ahl
Josh Jacobs,Laval Rocket,13,1,3,4,0.231,0.077,0.31,0.154,5,https://www.eliteprospects.com/player/168704/josh-jacobs,2025-2026,ahl
Jacob Julien,Manitoba Moose,13,0,3,3,0.231,0,0.23,0.154,2,https://www.eliteprospects.com/player/702143/jacob-julien,2025-2026,ahl
Marcel Marcel,Rockford IceHogs,13,1,0,1,0,0.077,0.08,0.538,-7,https://www.eliteprospects.com/player/559520/marcel-marcel,2025-2026,ahl
Dennis Cholowski,Utica Comets,13,0,5,5,0.385,0,0.38,0.462,-6,https://www.eliteprospects.com/player/247137/dennis-cholowski,2025-2026,ahl
Ryan Graves,Wilkes-Barre/Scranton Penguins,13,2,7,9,0.538,0.154,0.69,0.308,6,https://www.eliteprospects.com/player/103763/ryan-graves,2025-2026,ahl
Chad Hillebrand,Grand Rapids Griffins,14,2,2,4,0.143,0.143,0.29,0.929,5,https://www.eliteprospects.com/player/284070/chad-hillebrand,2025-2026,ahl
Chris Ortiz,Hartford Wolf Pack,14,0,1,1,0.071,0,0.07,0.286,2,https://www.eliteprospects.com/player/296699/chris-ortiz,2025-2026,ahl
Tyler Pitlick,Iowa Wild,14,9,3,12,0.214,0.643,0.86,0,-3,https://www.eliteprospects.com/player/40064/tyler-pitlick,2025-2026,ahl
Dawson Barteaux,Manitoba Moose,14,0,0,0,0,0,0,0.714,-3,https://www.eliteprospects.com/player/285046/dawson-barteaux,2025-2026,ahl
Tim Rego,Ontario Reign,14,2,3,5,0.214,0.143,0.36,0.429,6,https://www.eliteprospects.com/player/393782/tim-rego,2025-2026,ahl
Jacob Perreault,Providence Bruins,14,3,2,5,0.143,0.214,0.36,0,2,https://www.eliteprospects.com/player/418243/jacob-perreault,2025-2026,ahl
Colton White,Utica Comets,14,0,1,1,0.071,0,0.07,1.143,-4,https://www.eliteprospects.com/player/204911/colton-white,2025-2026,ahl
Chase Stillman,Abbotsford Canucks,15,1,3,4,0.2,0.067,0.27,1.6,-3,https://www.eliteprospects.com/player/503174/chase-stillman,2025-2026,ahl
Marc Gatcomb,Bridgeport Islanders,15,4,4,8,0.267,0.267,0.53,0.4,-4,https://www.eliteprospects.com/player/446950/marc-gatcomb,2025-2026,ahl
Carter Wilkie,Calgary Wranglers,15,0,0,0,0,0,0,0.467,-5,https://www.eliteprospects.com/player/411159/carter-wilkie,2025-2026,ahl
Riley Bezeau,Cleveland Monsters,15,3,0,3,0,0.2,0.2,2.267,1,https://www.eliteprospects.com/player/478624/riley-bezeau,2025-2026,ahl
Jaxon Nelson,Iowa Wild,15,2,2,4,0.133,0.133,0.27,0.133,-4,https://www.eliteprospects.com/player/284191/jaxon-nelson,2025-2026,ahl
Vincent Arseneau,Laval Rocket,15,5,0,5,0,0.333,0.33,0.733,3,https://www.eliteprospects.com/player/37069/vincent-arseneau,2025-2026,ahl
Logan Brown,Ontario Reign,15,0,6,6,0.4,0,0.4,0.267,-1,https://www.eliteprospects.com/player/248391/logan-brown,2025-2026,ahl
Scooter Brickey,Wilkes-Barre/Scranton Penguins,15,0,2,2,0.133,0,0.13,0.667,3,https://www.eliteprospects.com/player/284078/scooter-brickey,2025-2026,ahl
Eamon Powell,Charlotte Checkers,16,1,6,7,0.375,0.062,0.44,0.25,-3,https://www.eliteprospects.com/player/480401/eamon-powell,2025-2026,ahl
Zach Aston-Reese,Cleveland Monsters,16,4,6,10,0.375,0.25,0.63,0.562,4,https://www.eliteprospects.com/player/98068/zach-aston-reese,2025-2026,ahl
Nolan Moyle,Grand Rapids Griffins,16,1,1,2,0.062,0.062,0.13,0.938,5,https://www.eliteprospects.com/player/273657/nolan-moyle,2025-2026,ahl
Cameron Butler,Iowa Wild,16,1,0,1,0,0.062,0.06,1.25,-3,https://www.eliteprospects.com/player/342193/cameron-butler,2025-2026,ahl
Kaleb Lawrence,Ontario Reign,16,0,3,3,0.188,0,0.19,0.688,2,https://www.eliteprospects.com/player/417191/kaleb-lawrence,2025-2026,ahl
Zach Metsa,Rochester Americans,16,2,13,15,0.812,0.125,0.94,0.125,4,https://www.eliteprospects.com/player/272304/zach-metsa,2025-2026,ahl
Matteo Costantini,Rochester Americans,16,2,1,3,0.062,0.125,0.19,0.125,-5,https://www.eliteprospects.com/player/504013/matteo-costantini,2025-2026,ahl
Harrison Israels,Rockford IceHogs,16,1,2,3,0.125,0.062,0.19,0.75,1,https://www.eliteprospects.com/player/418568/harrison-israels,2025-2026,ahl
Josh Lopina,Rockford IceHogs,16,1,0,1,0,0.062,0.06,0.5,-3,https://www.eliteprospects.com/player/315963/josh-lopina,2025-2026,ahl
Coulson Pitre,San Diego Gulls,16,2,1,3,0.062,0.125,0.19,0,-2,https://www.eliteprospects.com/player/672925/coulson-pitre,2025-2026,ahl
Lucas Vanroboys,San Jose Barracuda,16,0,2,2,0.125,0,0.13,2.438,-3,https://www.eliteprospects.com/player/349153/lucas-vanroboys,2025-2026,ahl
Declan Carlile,Syracuse Crunch,16,2,9,11,0.562,0.125,0.69,1.688,1,https://www.eliteprospects.com/player/276195/declan-carlile,2025-2026,ahl
Dakota Mermis,Toronto Marlies,16,0,3,3,0.188,0,0.19,1.062,-3,https://www.eliteprospects.com/player/56311/dakota-mermis,2025-2026,ahl
Sebastian Aho,Wilkes-Barre/Scranton Penguins,16,2,5,7,0.312,0.125,0.44,0.375,6,https://www.eliteprospects.com/player/67208/sebastian-aho,2025-2026,ahl
Josh Bloom,Abbotsford Canucks,17,1,0,1,0,0.059,0.06,0,-12,https://www.eliteprospects.com/player/617949/josh-bloom,2025-2026,ahl
C.J. Smith,Bridgeport Islanders,17,0,8,8,0.471,0,0.47,0.471,-4,https://www.eliteprospects.com/player/151013/c.j.-smith,2025-2026,ahl
Calle Odelius,Bridgeport Islanders,17,0,2,2,0.118,0,0.12,0.118,-9,https://www.eliteprospects.com/player/607525/calle-odelius,2025-2026,ahl
Scott Morrow,Hartford Wolf Pack,17,1,6,7,0.353,0.059,0.41,1.765,-6,https://www.eliteprospects.com/player/201892/scott-morrow,2025-2026,ahl
Leon Muggli,Hershey Bears,17,0,4,4,0.235,0,0.24,0,-2,https://www.eliteprospects.com/player/795529/leon-muggli,2025-2026,ahl
Kenta Isogai,Ontario Reign,17,2,1,3,0.059,0.118,0.18,0.118,-2,https://www.eliteprospects.com/player/582267/kenta-isogai,2025-2026,ahl
Max Wanner,Providence Bruins,17,0,0,0,0,0,0,0.412,5,https://www.eliteprospects.com/player/414967/max-wanner,2025-2026,ahl
Milo Roelens,Syracuse Crunch,17,0,3,3,0.176,0,0.18,0.647,2,https://www.eliteprospects.com/player/483281/milo-roelens,2025-2026,ahl
Chris Harpur,Syracuse Crunch,17,0,2,2,0.118,0,0.12,0.353,2,https://www.eliteprospects.com/player/221153/chris-harpur,2025-2026,ahl
Nate Danielson,Grand Rapids Griffins,18,3,12,15,0.667,0.167,0.83,0.222,7,https://www.eliteprospects.com/player/562426/nate-danielson,2025-2026,ahl
Kyle Burroughs,Ontario Reign,18,1,6,7,0.333,0.056,0.39,0.556,8,https://www.eliteprospects.com/player/87758/kyle-burroughs,2025-2026,ahl
Connor Punnett,Texas Stars,18,0,2,2,0.111,0,0.11,0.722,-1,https://www.eliteprospects.com/player/582502/connor-punnett,2025-2026,ahl
Jack Ricketts,Tucson Roadrunners,18,4,3,7,0.167,0.222,0.39,0.444,4,https://www.eliteprospects.com/player/300356/jack-ricketts,2025-2026,ahl
Arnaud Durandeau,Abbotsford Canucks,19,0,3,3,0.158,0,0.16,0.421,-7,https://www.eliteprospects.com/player/201536/arnaud-durandeau,2025-2026,ahl
Jesse Pulkkinen,Bridgeport Islanders,19,0,2,2,0.105,0,0.11,0.316,-10,https://www.eliteprospects.com/player/709399/jesse-pulkkinen,2025-2026,ahl
Simon Mack,Calgary Wranglers,19,0,2,2,0.105,0,0.11,0.105,-3,https://www.eliteprospects.com/player/317518/simon-mack,2025-2026,ahl
Noah Gregor,Charlotte Checkers,19,8,3,11,0.158,0.421,0.58,0.211,0,https://www.eliteprospects.com/player/162892/noah-gregor,2025-2026,ahl
Joel Nystrom,Chicago Wolves,19,0,4,4,0.211,0,0.21,0.632,5,https://www.eliteprospects.com/player/394715/joel-nystrom,2025-2026,ahl
Luca Marrelli,Cleveland Monsters,19,2,8,10,0.421,0.105,0.53,0.316,-3,https://www.eliteprospects.com/player/726394/luca-marrelli,2025-2026,ahl
Brandon Hickey,Henderson Silver Knights,19,0,2,2,0.105,0,0.11,0.632,0,https://www.eliteprospects.com/player/64587/brandon-hickey,2025-2026,ahl
Carl Grundstrom,Lehigh Valley Phantoms,19,6,9,15,0.474,0.316,0.79,0.316,5,https://www.eliteprospects.com/player/113516/carl-grundstrom,2025-2026,ahl
Redmond Savage,Rochester Americans,19,3,2,5,0.105,0.158,0.26,0.526,4,https://www.eliteprospects.com/player/512173/redmond-savage,2025-2026,ahl
Quinton Burns,Springfield Thunderbirds,19,0,3,3,0.158,0,0.16,2.368,-1,https://www.eliteprospects.com/player/590256/quinton-burns,2025-2026,ahl
Marshall Rifai,Toronto Marlies,19,0,5,5,0.263,0,0.26,1.579,6,https://www.eliteprospects.com/player/254623/marshall-rifai,2025-2026,ahl
Rutger McGroarty,Wilkes-Barre/Scranton Penguins,19,6,16,22,0.842,0.316,1.16,0.368,8,https://www.eliteprospects.com/player/526095/rutger-mcgroarty,2025-2026,ahl
Arshdeep Bains,Abbotsford Canucks,20,8,6,14,0.3,0.4,0.7,0.5,3,https://www.eliteprospects.com/player/290353/arshdeep-bains,2025-2026,ahl
Connor Clattenburg,Bakersfield Condors,20,2,1,3,0.05,0.1,0.15,4.4,-5,https://www.eliteprospects.com/player/645291/connor-clattenburg,2025-2026,ahl
Jake Chiasson,Belleville Senators,20,0,1,1,0.05,0,0.05,0.2,0,https://www.eliteprospects.com/player/477353/jake-chiasson,2025-2026,ahl
Liam McLinskey,Charlotte Checkers,20,2,3,5,0.15,0.1,0.25,0.4,2,https://www.eliteprospects.com/player/445714/liam-mclinskey,2025-2026,ahl
Gabe Perreault,Hartford Wolf Pack,20,10,7,17,0.35,0.5,0.85,0.7,5,https://www.eliteprospects.com/player/637625/gabe-perreault,2025-2026,ahl
Ben Jones,Iowa Wild,20,5,11,16,0.55,0.25,0.8,0.6,-2,https://www.eliteprospects.com/player/273677/ben-jones,2025-2026,ahl
Nikita Nesterenko,San Diego Gulls,20,3,4,7,0.2,0.15,0.35,0.7,-5,https://www.eliteprospects.com/player/295642/nikita-nesterenko,2025-2026,ahl
Travis Howe,San Diego Gulls,20,0,1,1,0.05,0,0.05,3.9,-1,https://www.eliteprospects.com/player/207070/travis-howe,2025-2026,ahl
Jonathan Lekkerimaki,Abbotsford Canucks,21,13,7,20,0.333,0.619,0.95,0.381,5,https://www.eliteprospects.com/player/649220/jonathan-lekkerimaki,2025-2026,ahl
Mackenzie MacEachern,Abbotsford Canucks,21,6,2,8,0.095,0.286,0.38,0.381,-9,https://www.eliteprospects.com/player/183505/mackenzie-maceachern,2025-2026,ahl
Gleb Veremyev,Bridgeport Islanders,21,3,1,4,0.048,0.143,0.19,0.619,-5,https://www.eliteprospects.com/player/478448/gleb-veremyev,2025-2026,ahl
Colton Huard,Charlotte Checkers,21,3,1,4,0.048,0.143,0.19,1,-1,https://www.eliteprospects.com/player/439058/colton-huard,2025-2026,ahl
Fabian Wagner,Manitoba Moose,21,1,0,1,0,0.048,0.05,0.19,-10,https://www.eliteprospects.com/player/448938/fabian-wagner,2025-2026,ahl
Donavan Houle,San Jose Barracuda,21,4,6,10,0.286,0.19,0.48,1,4,https://www.eliteprospects.com/player/560870/donavan-houle,2025-2026,ahl
John Prokop,Toronto Marlies,21,0,2,2,0.095,0,0.1,0.286,-6,https://www.eliteprospects.com/player/437599/john-prokop,2025-2026,ahl
Jackson Kunz,Abbotsford Canucks,22,0,3,3,0.136,0,0.14,0,-7,https://www.eliteprospects.com/player/550361/jackson-kunz,2025-2026,ahl
Bryce Montgomery,Chicago Wolves,22,0,3,3,0.136,0,0.14,1.955,-3,https://www.eliteprospects.com/player/478709/bryce-montgomery,2025-2026,ahl
Nikita Prishchepov,Colorado Eagles,22,3,9,12,0.409,0.136,0.55,1.273,3,https://www.eliteprospects.com/player/691679/nikita-prishchepov,2025-2026,ahl
Cam Allen,Hershey Bears,22,3,4,7,0.182,0.136,0.32,1,1,https://www.eliteprospects.com/player/740681/cam-allen,2025-2026,ahl
Tyson Empey,Manitoba Moose,22,1,2,3,0.091,0.045,0.14,2.682,1,https://www.eliteprospects.com/player/120233/tyson-empey,2025-2026,ahl
Colin Felix,Providence Bruins,22,0,3,3,0.136,0,0.14,2.864,1,https://www.eliteprospects.com/player/312315/colin-felix,2025-2026,ahl
Luke Krys,Texas Stars,22,4,5,9,0.227,0.182,0.41,0.727,2,https://www.eliteprospects.com/player/364240/luke-krys,2025-2026,ahl
Joseph LaBate,Abbotsford Canucks,23,6,4,10,0.174,0.261,0.43,2.783,-15,https://www.eliteprospects.com/player/75066/joseph-labate,2025-2026,ahl
Kai Schwindt,Charlotte Checkers,23,2,5,7,0.217,0.087,0.3,0.174,3,https://www.eliteprospects.com/player/713317/kai-schwindt,2025-2026,ahl
Tobias Bjornfot,Charlotte Checkers,23,1,6,7,0.261,0.043,0.3,0.261,6,https://www.eliteprospects.com/player/344751/tobias-bjornfot,2025-2026,ahl
Ludvig Jansson,Charlotte Checkers,23,1,5,6,0.217,0.043,0.26,0.522,0,https://www.eliteprospects.com/player/590628/ludvig-jansson,2025-2026,ahl
Blake Biondi,Chicago Wolves,23,2,0,2,0,0.087,0.09,0.304,-5,https://www.eliteprospects.com/player/495919/blake-biondi,2025-2026,ahl
Max McCue,Cleveland Monsters,23,1,6,7,0.261,0.043,0.3,1.087,-7,https://www.eliteprospects.com/player/475247/max-mccue,2025-2026,ahl
Shai Buium,Grand Rapids Griffins,23,2,8,10,0.348,0.087,0.43,0.261,-2,https://www.eliteprospects.com/player/512185/shai-buium,2025-2026,ahl
Samuel Blais,Laval Rocket,23,8,15,23,0.652,0.348,1,2,4,https://www.eliteprospects.com/player/213830/samuel-blais,2025-2026,ahl
Sam Rinzel,Rockford IceHogs,23,2,12,14,0.522,0.087,0.61,0.696,-8,https://www.eliteprospects.com/player/670126/sam-rinzel,2025-2026,ahl
Shane Bowers,San Jose Barracuda,23,1,3,4,0.13,0.043,0.17,0.87,-7,https://www.eliteprospects.com/player/216102/shane-bowers,2025-2026,ahl
Kyle McDonald,Texas Stars,23,3,7,10,0.304,0.13,0.43,0.261,-1,https://www.eliteprospects.com/player/413652/kyle-mcdonald,2025-2026,ahl
Josh Filmon,Utica Comets,23,3,1,4,0.043,0.13,0.17,0.435,-1,https://www.eliteprospects.com/player/572099/josh-filmon,2025-2026,ahl
Eetu Liukas,Bridgeport Islanders,24,4,6,10,0.25,0.167,0.42,0.5,4,https://www.eliteprospects.com/player/470708/eetu-liukas,2025-2026,ahl
Erik Gustafsson,Grand Rapids Griffins,24,3,19,22,0.792,0.125,0.92,0.875,20,https://www.eliteprospects.com/player/15372/erik-gustafsson,2025-2026,ahl
Lucas Johansen,Henderson Silver Knights,24,2,3,5,0.125,0.083,0.21,0.25,-4,https://www.eliteprospects.com/player/199937/lucas-johansen,2025-2026,ahl
Spencer Smallman,Hershey Bears,24,4,7,11,0.292,0.167,0.46,0.625,2,https://www.eliteprospects.com/player/166979/spencer-smallman,2025-2026,ahl
Isaac Belliveau,Rochester Americans,24,1,3,4,0.125,0.042,0.17,1,-3,https://www.eliteprospects.com/player/340655/isaac-belliveau,2025-2026,ahl
Ethan Cardwell,San Jose Barracuda,24,7,8,15,0.333,0.292,0.63,0.708,2,https://www.eliteprospects.com/player/201866/ethan-cardwell,2025-2026,ahl
Zach Dean,Springfield Thunderbirds,24,4,4,8,0.167,0.167,0.33,0.667,0,https://www.eliteprospects.com/player/492218/zach-dean,2025-2026,ahl
Scott Sabourin,Syracuse Crunch,24,6,2,8,0.083,0.25,0.33,0.917,2,https://www.eliteprospects.com/player/45588/scott-sabourin,2025-2026,ahl
Vladislav Kolyachonok,Texas Stars,24,0,7,7,0.292,0,0.29,0.5,4,https://www.eliteprospects.com/player/490232/vladislav-kolyachonok,2025-2026,ahl
Lleyton Moore,Tucson Roadrunners,24,1,6,7,0.25,0.042,0.29,0.167,-7,https://www.eliteprospects.com/player/201922/lleyton-moore,2025-2026,ahl
Cam Dineen,Bakersfield Condors,25,2,10,12,0.4,0.08,0.48,0.48,-2,https://www.eliteprospects.com/player/268444/cam-dineen,2025-2026,ahl
Djibril Toure,Belleville Senators,25,0,2,2,0.08,0,0.08,2.76,4,https://www.eliteprospects.com/player/507219/djibril-toure,2025-2026,ahl
Ethan Bear,Bridgeport Islanders,25,2,14,16,0.56,0.08,0.64,0.48,6,https://www.eliteprospects.com/player/197561/ethan-bear,2025-2026,ahl
Ivan Ryabkin,Chicago Wolves,25,1,6,7,0.24,0.04,0.28,2.24,-2,https://www.eliteprospects.com/player/690132/ivan-ryabkin,2025-2026,ahl
Riley McKay,Henderson Silver Knights,25,1,1,2,0.04,0.04,0.08,2.6,-9,https://www.eliteprospects.com/player/283832/riley-mckay,2025-2026,ahl
Dylan Anhorn,Manitoba Moose,25,1,6,7,0.24,0.04,0.28,0.4,4,https://www.eliteprospects.com/player/281318/dylan-anhorn,2025-2026,ahl
Jack Millar,Ontario Reign,25,2,6,8,0.24,0.08,0.32,0.28,8,https://www.eliteprospects.com/player/376625/jack-millar,2025-2026,ahl
Kevin Connauton,Tucson Roadrunners,25,0,2,2,0.08,0,0.08,1,-9,https://www.eliteprospects.com/player/38032/kevin-connauton,2025-2026,ahl
Raivis Ansons,Wilkes-Barre/Scranton Penguins,25,2,4,6,0.16,0.08,0.24,0.24,-1,https://www.eliteprospects.com/player/477490/raivis-ansons,2025-2026,ahl
Matvei Petrov,Bakersfield Condors,26,4,1,5,0.038,0.154,0.19,0.154,0,https://www.eliteprospects.com/player/527464/matvei-petrov,2025-2026,ahl
Jacob Melanson,Coachella Valley Firebirds,26,7,9,16,0.346,0.269,0.62,1.077,7,https://www.eliteprospects.com/player/473633/jacob-melanson,2025-2026,ahl
Jakov Novak,Coachella Valley Firebirds,26,3,6,9,0.231,0.115,0.35,0.385,1,https://www.eliteprospects.com/player/269880/jakov-novak,2025-2026,ahl
Raphael Lavoie,Henderson Silver Knights,26,13,13,26,0.5,0.5,1,0.154,-4,https://www.eliteprospects.com/player/335712/raphael-lavoie,2025-2026,ahl
Dylan Gambrell,Iowa Wild,26,6,16,22,0.615,0.231,0.85,0.077,-3,https://www.eliteprospects.com/player/192301/dylan-gambrell,2025-2026,ahl
Denver Barkey,Lehigh Valley Phantoms,26,7,9,16,0.346,0.269,0.62,0.769,-2,https://www.eliteprospects.com/player/723026/denver-barkey,2025-2026,ahl
Navrin Mutter,Milwaukee Admirals,26,0,1,1,0.038,0,0.04,2.769,-10,https://www.eliteprospects.com/player/418410/navrin-mutter,2025-2026,ahl
Ryan Gagnier,Rockford IceHogs,26,3,1,4,0.038,0.115,0.15,0.154,-6,https://www.eliteprospects.com/player/485876/ryan-gagnier,2025-2026,ahl
Samuel Johannesson,Springfield Thunderbirds,26,2,9,11,0.346,0.077,0.42,0.308,-20,https://www.eliteprospects.com/player/342865/samuel-johannesson,2025-2026,ahl
Chas Sharpe,Toronto Marlies,26,2,6,8,0.231,0.077,0.31,0.538,1,https://www.eliteprospects.com/player/582499/chas-sharpe,2025-2026,ahl
Cooper Walker,Abbotsford Canucks,27,2,3,5,0.111,0.074,0.19,0.148,-1,https://www.eliteprospects.com/player/505198/cooper-walker,2025-2026,ahl
Justin Kirkland,Calgary Wranglers,27,7,6,13,0.222,0.259,0.48,0.667,-11,https://www.eliteprospects.com/player/63133/justin-kirkland,2025-2026,ahl
Andrew Basha,Calgary Wranglers,27,1,4,5,0.148,0.037,0.19,1.222,-7,https://www.eliteprospects.com/player/677806/andrew-basha,2025-2026,ahl
Jack Studnicka,Charlotte Checkers,27,5,13,18,0.481,0.185,0.67,0.815,4,https://www.eliteprospects.com/player/284096/jack-studnicka,2025-2026,ahl
Ole Julian Bjorgvik-Holm,Cleveland Monsters,27,0,2,2,0.074,0,0.07,0.296,-3,https://www.eliteprospects.com/player/477881/ole-julian-bjorgvik-holm,2025-2026,ahl
Jani Nyman,Coachella Valley Firebirds,27,17,8,25,0.296,0.63,0.93,0.852,17,https://www.eliteprospects.com/player/611825/jani-nyman,2025-2026,ahl
Daniel Walcott,Hartford Wolf Pack,27,4,2,6,0.074,0.148,0.22,1.741,-4,https://www.eliteprospects.com/player/257725/daniel-walcott,2025-2026,ahl
Trevor Connelly,Henderson Silver Knights,27,8,17,25,0.63,0.296,0.93,0.222,-6,https://www.eliteprospects.com/player/597781/trevor-connelly,2025-2026,ahl
Eriks Mateiko,Hershey Bears,27,1,5,6,0.185,0.037,0.22,0.593,1,https://www.eliteprospects.com/player/620208/eriks-mateiko,2025-2026,ahl
Noah Laaouan,Rochester Americans,27,1,6,7,0.222,0.037,0.26,0.519,0,https://www.eliteprospects.com/player/294620/noah-laaouan,2025-2026,ahl
Cavan Fitzgerald,Rockford IceHogs,27,1,3,4,0.111,0.037,0.15,1.741,-5,https://www.eliteprospects.com/player/193114/cavan-fitzgerald,2025-2026,ahl
Arttu Hyry,Texas Stars,27,9,10,19,0.37,0.333,0.7,0.481,-1,https://www.eliteprospects.com/player/470647/arttu-hyry,2025-2026,ahl
Matt Benning,Toronto Marlies,27,3,10,13,0.37,0.111,0.48,0.778,4,https://www.eliteprospects.com/player/29261/matt-benning,2025-2026,ahl
Artyom Duda,Tucson Roadrunners,27,2,11,13,0.407,0.074,0.48,0.815,7,https://www.eliteprospects.com/player/620321/artyom-duda,2025-2026,ahl
Matt Dumba,Wilkes-Barre/Scranton Penguins,27,6,14,20,0.519,0.222,0.74,1.593,3,https://www.eliteprospects.com/player/53542/matt-dumba,2025-2026,ahl
Etienne Morin,Calgary Wranglers,28,1,4,5,0.143,0.036,0.18,0.286,-5,https://www.eliteprospects.com/player/599308/etienne-morin,2025-2026,ahl
Mitchell Vande Sompel,Charlotte Checkers,28,2,6,8,0.214,0.071,0.29,0.393,9,https://www.eliteprospects.com/player/204918/mitchell-vande-sompel,2025-2026,ahl
Brendan Gaunce,Cleveland Monsters,28,11,13,24,0.464,0.393,0.86,0.643,-3,https://www.eliteprospects.com/player/76290/brendan-gaunce,2025-2026,ahl
Jon-Randall Avon,Coachella Valley Firebirds,28,6,10,16,0.357,0.214,0.57,0.214,-3,https://www.eliteprospects.com/player/582515/jon-randall-avon,2025-2026,ahl
Cooper Moore,Hartford Wolf Pack,28,1,4,5,0.143,0.036,0.18,1.214,0,https://www.eliteprospects.com/player/424450/cooper-moore,2025-2026,ahl
Alexander Suzdalev,Hershey Bears,28,6,9,15,0.321,0.214,0.54,0.143,2,https://www.eliteprospects.com/player/535701/alexander-suzdalev,2025-2026,ahl
Zachary L'Heureux,Milwaukee Admirals,28,14,14,28,0.5,0.5,1,2.321,0,https://www.eliteprospects.com/player/419758/zachary-l-heureux,2025-2026,ahl
Pavol Regenda,San Jose Barracuda,28,4,8,12,0.286,0.143,0.43,0.571,-3,https://www.eliteprospects.com/player/249755/pavol-regenda,2025-2026,ahl
Daniil But,Tucson Roadrunners,28,12,12,24,0.429,0.429,0.86,1,-5,https://www.eliteprospects.com/player/779971/daniil-but,2025-2026,ahl
Ville Koivunen,Wilkes-Barre/Scranton Penguins,28,11,22,33,0.786,0.393,1.18,1.286,8,https://www.eliteprospects.com/player/525660/ville-koivunen,2025-2026,ahl
Matt Copponi,Bakersfield Condors,29,2,1,3,0.034,0.069,0.1,0.517,-9,https://www.eliteprospects.com/player/665996/matt-copponi,2025-2026,ahl
Stephen Halliday,Belleville Senators,29,2,27,29,0.931,0.069,1,0.552,-14,https://www.eliteprospects.com/player/462499/stephen-halliday,2025-2026,ahl
Gracyn Sawchyn,Charlotte Checkers,29,6,13,19,0.448,0.207,0.66,0.069,11,https://www.eliteprospects.com/player/535611/gracyn-sawchyn,2025-2026,ahl
Tate Singleton,Cleveland Monsters,29,5,3,8,0.103,0.172,0.28,1.103,-3,https://www.eliteprospects.com/player/362340/tate-singleton,2025-2026,ahl
Justin Nachbaur,Hershey Bears,29,2,1,3,0.034,0.069,0.1,3.793,-9,https://www.eliteprospects.com/player/293501/justin-nachbaur,2025-2026,ahl
Ty Murchison,Lehigh Valley Phantoms,29,2,4,6,0.138,0.069,0.21,1.586,12,https://www.eliteprospects.com/player/512190/ty-murchison,2025-2026,ahl
Elias Salomonsson,Manitoba Moose,29,1,8,9,0.276,0.034,0.31,0.345,-2,https://www.eliteprospects.com/player/574931/elias-salomonsson,2025-2026,ahl
Ty Gallagher,Providence Bruins,29,4,9,13,0.31,0.138,0.45,0.483,5,https://www.eliteprospects.com/player/512168/ty-gallagher,2025-2026,ahl
Mason Geertsen,Rochester Americans,29,2,2,4,0.069,0.069,0.14,2.345,-7,https://www.eliteprospects.com/player/64567/mason-geertsen,2025-2026,ahl
Kevin Lombardi,Rockford IceHogs,29,8,8,16,0.276,0.276,0.55,0.966,-2,https://www.eliteprospects.com/player/317209/kevin-lombardi,2025-2026,ahl
Jackson Cates,Rockford IceHogs,29,4,4,8,0.138,0.138,0.28,0.207,-12,https://www.eliteprospects.com/player/353776/jackson-cates,2025-2026,ahl
Simon Robertsson,Springfield Thunderbirds,29,1,5,6,0.172,0.034,0.21,0.655,-9,https://www.eliteprospects.com/player/473175/simon-robertsson,2025-2026,ahl
Jarred Tinordi,Syracuse Crunch,29,1,6,7,0.207,0.034,0.24,2.414,11,https://www.eliteprospects.com/player/20706/jarred-tinordi,2025-2026,ahl
Seamus Casey,Utica Comets,29,1,18,19,0.621,0.034,0.66,0.448,-13,https://www.eliteprospects.com/player/526229/seamus-casey,2025-2026,ahl
Alexander Alexeyev,Wilkes-Barre/Scranton Penguins,29,3,4,7,0.138,0.103,0.24,0.517,4,https://www.eliteprospects.com/player/333787/alexander-alexeyev,2025-2026,ahl
Kirill Kudryavtsev,Abbotsford Canucks,30,1,12,13,0.4,0.033,0.43,0.067,-12,https://www.eliteprospects.com/player/699365/kirill-kudryavtsev,2025-2026,ahl
Charlie Wright,Coachella Valley Firebirds,30,0,1,1,0.033,0,0.03,0.133,-5,https://www.eliteprospects.com/player/475351/charlie-wright,2025-2026,ahl
Maros Jedlicka,Colorado Eagles,30,2,5,7,0.167,0.067,0.23,0.567,5,https://www.eliteprospects.com/player/472350/maros-jedlicka,2025-2026,ahl
Will Dineen,Laval Rocket,30,3,2,5,0.067,0.1,0.17,0.8,6,https://www.eliteprospects.com/player/393076/will-dineen,2025-2026,ahl
Austin Roest,Milwaukee Admirals,30,1,3,4,0.1,0.033,0.13,0.6,-10,https://www.eliteprospects.com/player/691875/austin-roest,2025-2026,ahl
Zack Hayes,Milwaukee Admirals,30,0,1,1,0.033,0,0.03,0.467,-8,https://www.eliteprospects.com/player/281743/zack-hayes,2025-2026,ahl
Tyler Kopff,Rochester Americans,30,1,4,5,0.133,0.033,0.17,0.767,-2,https://www.eliteprospects.com/player/553220/tyler-kopff,2025-2026,ahl
Dillon Dube,Springfield Thunderbirds,30,10,10,20,0.333,0.333,0.67,0.2,-12,https://www.eliteprospects.com/player/157256/dillon-dube,2025-2026,ahl
Ayrton Martino,Texas Stars,30,1,7,8,0.233,0.033,0.27,0,-7,https://www.eliteprospects.com/player/582779/ayrton-martino,2025-2026,ahl
Dmitri Simashev,Tucson Roadrunners,30,8,20,28,0.667,0.267,0.93,0.833,2,https://www.eliteprospects.com/player/708607/dmitri-simashev,2025-2026,ahl
Nick Poisson,Abbotsford Canucks,31,4,4,8,0.129,0.129,0.26,0.129,-5,https://www.eliteprospects.com/player/473851/nick-poisson,2025-2026,ahl
Mark Duarte,Belleville Senators,31,3,4,7,0.129,0.097,0.23,0.258,-2,https://www.eliteprospects.com/player/534262/mark-duarte,2025-2026,ahl
Cal Foote,Chicago Wolves,31,4,8,12,0.258,0.129,0.39,0.516,9,https://www.eliteprospects.com/player/247895/cal-foote,2025-2026,ahl
Kaden Hammell,Coachella Valley Firebirds,31,5,5,10,0.161,0.161,0.32,0.774,13,https://www.eliteprospects.com/player/535571/kaden-hammell,2025-2026,ahl
Rasmus Kumpulainen,Iowa Wild,31,0,3,3,0.097,0,0.1,0.71,-7,https://www.eliteprospects.com/player/689399/rasmus-kumpulainen,2025-2026,ahl
Oliver Bonk,Lehigh Valley Phantoms,31,4,10,14,0.323,0.129,0.45,0.387,-8,https://www.eliteprospects.com/player/590255/oliver-bonk,2025-2026,ahl
Reid Schaefer,Milwaukee Admirals,31,15,13,28,0.419,0.484,0.9,1.774,6,https://www.eliteprospects.com/player/506838/reid-schaefer,2025-2026,ahl
Colin White,San Jose Barracuda,31,11,17,28,0.548,0.355,0.9,0.774,5,https://www.eliteprospects.com/player/183810/colin-white,2025-2026,ahl
Nikita Susuyev,Springfield Thunderbirds,31,1,6,7,0.194,0.032,0.23,0.387,-10,https://www.eliteprospects.com/player/691473/nikita-susuyev,2025-2026,ahl
Sam Stange,Springfield Thunderbirds,31,3,1,4,0.032,0.097,0.13,0,-7,https://www.eliteprospects.com/player/435761/sam-stange,2025-2026,ahl
Montana Onyebuchi,Tucson Roadrunners,31,1,7,8,0.226,0.032,0.26,1.484,-6,https://www.eliteprospects.com/player/351091/montana-onyebuchi,2025-2026,ahl
Joona Koppanen,Wilkes-Barre/Scranton Penguins,31,6,10,16,0.323,0.194,0.52,0.129,11,https://www.eliteprospects.com/player/279893/joona-koppanen,2025-2026,ahl
Anri Ravinskis,Abbotsford Canucks,32,2,2,4,0.062,0.062,0.13,0.312,-10,https://www.eliteprospects.com/player/550178/anri-ravinskis,2025-2026,ahl
Olle Lycksell,Belleville Senators,32,11,12,23,0.375,0.344,0.72,0.312,-10,https://www.eliteprospects.com/player/265290/olle-lycksell,2025-2026,ahl
Alex Gallant,Calgary Wranglers,32,0,0,0,0,0,0,4.375,-7,https://www.eliteprospects.com/player/77308/alex-gallant,2025-2026,ahl
Nathan Smith,Charlotte Checkers,32,12,13,25,0.406,0.375,0.78,1.031,-1,https://www.eliteprospects.com/player/484201/nathan-smith,2025-2026,ahl
Sandis Vilmanis,Charlotte Checkers,32,10,11,21,0.344,0.312,0.66,0.5,8,https://www.eliteprospects.com/player/638444/sandis-vilmanis,2025-2026,ahl
Hunter St. Martin,Charlotte Checkers,32,4,6,10,0.188,0.125,0.31,0.812,6,https://www.eliteprospects.com/player/641459/hunter-st.-martin,2025-2026,ahl
Gustav Olofsson,Coachella Valley Firebirds,32,3,16,19,0.5,0.094,0.59,0.5,18,https://www.eliteprospects.com/player/39017/gustav-olofsson,2025-2026,ahl
Bryan Yoon,Colorado Eagles,32,3,4,7,0.125,0.094,0.22,0.062,3,https://www.eliteprospects.com/player/272201/bryan-yoon,2025-2026,ahl
Brandon Scanlin,Hartford Wolf Pack,32,3,6,9,0.188,0.094,0.28,1.094,-7,https://www.eliteprospects.com/player/283287/brandon-scanlin,2025-2026,ahl
Maxence Guenette,Lehigh Valley Phantoms,32,2,17,19,0.531,0.062,0.59,0.312,-4,https://www.eliteprospects.com/player/410616/maxence-guenette,2025-2026,ahl
Taylor Ward,Ontario Reign,32,12,9,21,0.281,0.375,0.66,0.719,1,https://www.eliteprospects.com/player/247054/taylor-ward,2025-2026,ahl
Kale Kessy,Springfield Thunderbirds,32,0,0,0,0,0,0,1.781,-5,https://www.eliteprospects.com/player/26412/kale-kessy,2025-2026,ahl
Steven Santini,Syracuse Crunch,32,0,6,6,0.188,0,0.19,0.312,10,https://www.eliteprospects.com/player/96780/steven-santini,2025-2026,ahl
Sam Lipkin,Tucson Roadrunners,32,1,5,6,0.156,0.031,0.19,0.719,11,https://www.eliteprospects.com/player/478367/sam-lipkin,2025-2026,ahl
Victor Mancini,Abbotsford Canucks,33,4,8,12,0.242,0.121,0.36,0.485,1,https://www.eliteprospects.com/player/290051/victor-mancini,2025-2026,ahl
Isaac Howard,Bakersfield Condors,33,16,19,35,0.576,0.485,1.06,0.242,5,https://www.eliteprospects.com/player/603668/isaac-howard,2025-2026,ahl
Tyler Boucher,Belleville Senators,33,8,12,20,0.364,0.242,0.61,1.424,8,https://www.eliteprospects.com/player/478374/tyler-boucher,2025-2026,ahl
Robert Mastrosimone,Charlotte Checkers,33,11,14,25,0.424,0.333,0.76,0.606,10,https://www.eliteprospects.com/player/385680/robert-mastrosimone,2025-2026,ahl
Yanick Turcotte,Chicago Wolves,33,0,2,2,0.061,0,0.06,3.364,-3,https://www.eliteprospects.com/player/252734/yanick-turcotte,2025-2026,ahl
Will Zmolek,Iowa Wild,33,0,3,3,0.091,0,0.09,0.242,-4,https://www.eliteprospects.com/player/379104/will-zmolek,2025-2026,ahl
Oscar Eklind,Lehigh Valley Phantoms,33,6,6,12,0.182,0.182,0.36,0.364,12,https://www.eliteprospects.com/player/233155/oscar-eklind,2025-2026,ahl
Adam Ginning,Lehigh Valley Phantoms,33,2,4,6,0.121,0.061,0.18,0.606,-7,https://www.eliteprospects.com/player/281968/adam-ginning,2025-2026,ahl
Otto Stenberg,Springfield Thunderbirds,33,4,11,15,0.333,0.121,0.45,0.182,4,https://www.eliteprospects.com/player/534828/otto-stenberg,2025-2026,ahl
Cade Webber,Toronto Marlies,33,0,3,3,0.091,0,0.09,0.545,18,https://www.eliteprospects.com/player/285385/cade-webber,2025-2026,ahl
Cam Squires,Utica Comets,33,4,7,11,0.212,0.121,0.33,0.182,1,https://www.eliteprospects.com/player/649026/cam-squires,2025-2026,ahl
Zach Gallant,Wilkes-Barre/Scranton Penguins,33,1,4,5,0.121,0.03,0.15,1.939,1,https://www.eliteprospects.com/player/273617/zach-gallant,2025-2026,ahl
Ethan Keppen,Bakersfield Condors,34,2,2,4,0.059,0.059,0.12,1.206,-2,https://www.eliteprospects.com/player/418534/ethan-keppen,2025-2026,ahl
Hunter Brzustewicz,Calgary Wranglers,34,4,9,13,0.265,0.118,0.38,0.235,-5,https://www.eliteprospects.com/player/526088/hunter-brzustewicz,2025-2026,ahl
Gleb Trikozov,Chicago Wolves,34,4,4,8,0.118,0.118,0.24,0.471,-5,https://www.eliteprospects.com/player/690807/gleb-trikozov,2025-2026,ahl
Stanislav Svozil,Cleveland Monsters,34,1,4,5,0.118,0.029,0.15,0.471,0,https://www.eliteprospects.com/player/428002/stanislav-svozil,2025-2026,ahl
John Leonard,Grand Rapids Griffins,34,27,14,41,0.412,0.794,1.21,0.176,11,https://www.eliteprospects.com/player/272976/john-leonard,2025-2026,ahl
Amadeus Lombardi,Grand Rapids Griffins,34,12,22,34,0.647,0.353,1,0.588,12,https://www.eliteprospects.com/player/640282/amadeus-lombardi,2025-2026,ahl
Brad Lambert,Manitoba Moose,34,6,7,13,0.206,0.176,0.38,0.529,-10,https://www.eliteprospects.com/player/414961/brad-lambert,2025-2026,ahl
Jacob Doty,Ontario Reign,34,2,1,3,0.029,0.059,0.09,1.941,-8,https://www.eliteprospects.com/player/45623/jacob-doty,2025-2026,ahl
Dalton Bancroft,Providence Bruins,34,1,1,2,0.029,0.029,0.06,0.882,-4,https://www.eliteprospects.com/player/424327/dalton-bancroft,2025-2026,ahl
Ryan Mast,Rockford IceHogs,34,0,10,10,0.294,0,0.29,0.176,0,https://www.eliteprospects.com/player/512167/ryan-mast,2025-2026,ahl
Kyle Looft,Texas Stars,34,4,3,7,0.088,0.118,0.21,0.529,-10,https://www.eliteprospects.com/player/306341/kyle-looft,2025-2026,ahl
Tommy Bergsland,Texas Stars,34,1,5,6,0.147,0.029,0.18,0.353,-1,https://www.eliteprospects.com/player/493505/tommy-bergsland,2025-2026,ahl
Travis Boyd,Toronto Marlies,34,10,19,29,0.559,0.294,0.85,0.176,-8,https://www.eliteprospects.com/player/38621/travis-boyd,2025-2026,ahl
Kevin Rooney,Tucson Roadrunners,34,12,9,21,0.265,0.353,0.62,0.176,5,https://www.eliteprospects.com/player/180925/kevin-rooney,2025-2026,ahl
Lenni Hameenaho,Utica Comets,34,9,13,22,0.382,0.265,0.65,0.294,-13,https://www.eliteprospects.com/player/642183/lenni-hameenaho,2025-2026,ahl
MacKenzie Entwistle,Charlotte Checkers,35,4,4,8,0.114,0.114,0.23,0.914,6,https://www.eliteprospects.com/player/273678/mackenzie-entwistle,2025-2026,ahl
Daniil Gushchin,Colorado Eagles,35,15,7,22,0.2,0.429,0.63,0.514,6,https://www.eliteprospects.com/player/512924/daniil-gushchin,2025-2026,ahl
Chase Bradley,Colorado Eagles,35,8,3,11,0.086,0.229,0.31,1.057,10,https://www.eliteprospects.com/player/201795/chase-bradley,2025-2026,ahl
Matt Kiersted,Iowa Wild,35,1,7,8,0.2,0.029,0.23,0.857,-4,https://www.eliteprospects.com/player/291904/matt-kiersted,2025-2026,ahl
Nick Lardis,Rockford IceHogs,35,18,14,32,0.4,0.514,0.91,0.343,3,https://www.eliteprospects.com/player/603122/nick-lardis,2025-2026,ahl
Sam Colangelo,San Diego Gulls,35,9,13,22,0.371,0.257,0.63,0.229,-8,https://www.eliteprospects.com/player/386333/sam-colangelo,2025-2026,ahl
Sean Chisholm,Texas Stars,35,2,2,4,0.057,0.057,0.11,1.086,-1,https://www.eliteprospects.com/player/502051/sean-chisholm,2025-2026,ahl
Michal Kunc,Tucson Roadrunners,35,5,8,13,0.229,0.143,0.37,0.286,-5,https://www.eliteprospects.com/player/267809/michal-kunc,2025-2026,ahl
Ryan McGregor,Tucson Roadrunners,35,2,9,11,0.257,0.057,0.31,0.4,1,https://www.eliteprospects.com/player/289231/ryan-mcgregor,2025-2026,ahl
Hayden Hodgson,Belleville Senators,36,5,5,10,0.139,0.139,0.28,2.722,-13,https://www.eliteprospects.com/player/188193/hayden-hodgson,2025-2026,ahl
Jonas Rondbjerg,Henderson Silver Knights,36,12,11,23,0.306,0.333,0.64,0.167,12,https://www.eliteprospects.com/player/220099/jonas-rondbjerg,2025-2026,ahl
Aaron Ness,Hershey Bears,36,1,5,6,0.139,0.028,0.17,0.667,-6,https://www.eliteprospects.com/player/17497/aaron-ness,2025-2026,ahl
Alex Bump,Lehigh Valley Phantoms,36,11,15,26,0.417,0.306,0.72,0.611,-2,https://www.eliteprospects.com/player/623782/alex-bump,2025-2026,ahl
Parker Ford,Manitoba Moose,36,5,12,17,0.333,0.139,0.47,0.389,4,https://www.eliteprospects.com/player/394933/parker-ford,2025-2026,ahl
Nikita Chibrikov,Manitoba Moose,36,3,4,7,0.111,0.083,0.19,0.333,-14,https://www.eliteprospects.com/player/527467/nikita-chibrikov,2025-2026,ahl
Jakub Dvorak,Ontario Reign,36,3,3,6,0.083,0.083,0.17,0.917,5,https://www.eliteprospects.com/player/619016/jakub-dvo%C5%99ak,2025-2026,ahl
Joey Anderson,Rockford IceHogs,36,9,11,20,0.306,0.25,0.56,0.167,-1,https://www.eliteprospects.com/player/247964/joey-anderson,2025-2026,ahl
Tim Washe,San Diego Gulls,36,14,13,27,0.361,0.389,0.75,0.778,6,https://www.eliteprospects.com/player/321143/tim-washe,2025-2026,ahl
Cooper Flinton,Syracuse Crunch,36,3,1,4,0.028,0.083,0.11,0.5,4,https://www.eliteprospects.com/player/648425/cooper-flinton,2025-2026,ahl
Justin Ertel,Texas Stars,36,2,4,6,0.111,0.056,0.17,0.667,-6,https://www.eliteprospects.com/player/529245/justin-ertel,2025-2026,ahl
Tyler Tullio,Tucson Roadrunners,36,8,11,19,0.306,0.222,0.53,0.611,0,https://www.eliteprospects.com/player/201944/tyler-tullio,2025-2026,ahl
Austin Strand,Utica Comets,36,1,5,6,0.139,0.028,0.17,1.139,-7,https://www.eliteprospects.com/player/161123/austin-strand,2025-2026,ahl
Avery Hayes,Wilkes-Barre/Scranton Penguins,36,19,11,30,0.306,0.528,0.83,1.278,3,https://www.eliteprospects.com/player/418255/avery-hayes,2025-2026,ahl
Nolan Renwick,Wilkes-Barre/Scranton Penguins,36,2,3,5,0.083,0.056,0.14,0.861,2,https://www.eliteprospects.com/player/352027/nolan-renwick,2025-2026,ahl
Beau Akey,Bakersfield Condors,37,2,8,10,0.216,0.054,0.27,0.486,12,https://www.eliteprospects.com/player/613079/beau-akey,2025-2026,ahl
Luke Prokop,Bakersfield Condors,37,3,5,8,0.135,0.081,0.22,0.378,-5,https://www.eliteprospects.com/player/201923/luke-prokop,2025-2026,ahl
Mason Millman,Bakersfield Condors,37,1,7,8,0.189,0.027,0.22,0.351,10,https://www.eliteprospects.com/player/418350/mason-millman,2025-2026,ahl
Dryden Hunt,Calgary Wranglers,37,15,28,43,0.757,0.405,1.16,0.811,5,https://www.eliteprospects.com/player/84609/dryden-hunt,2025-2026,ahl
Matvei Gridin,Calgary Wranglers,37,10,20,30,0.541,0.27,0.81,0.486,0,https://www.eliteprospects.com/player/527724/matvei-gridin,2025-2026,ahl
Riese Gaber,Charlotte Checkers,37,8,12,20,0.324,0.216,0.54,0.919,9,https://www.eliteprospects.com/player/283845/riese-gaber,2025-2026,ahl
Blake Hillman,Hartford Wolf Pack,37,2,5,7,0.135,0.054,0.19,0.054,-5,https://www.eliteprospects.com/player/248356/blake-hillman,2025-2026,ahl
Otto Salin,Ontario Reign,37,3,1,4,0.027,0.081,0.11,0.595,-3,https://www.eliteprospects.com/player/638727/otto-salin,2025-2026,ahl
Isak Rosen,Rochester Americans,37,25,18,43,0.486,0.676,1.16,0.162,0,https://www.eliteprospects.com/player/420269/isak-rosen,2025-2026,ahl
Carson Meyer,Rochester Americans,37,11,13,24,0.351,0.297,0.65,0.27,-6,https://www.eliteprospects.com/player/272540/carson-meyer,2025-2026,ahl
Cameron Lund,San Jose Barracuda,37,9,16,25,0.432,0.243,0.68,0.324,-3,https://www.eliteprospects.com/player/603638/cameron-lund,2025-2026,ahl
Michael Pezzetta,Toronto Marlies,37,4,6,10,0.162,0.108,0.27,1.405,-7,https://www.eliteprospects.com/player/269038/michael-pezzetta,2025-2026,ahl
Aaron Huglen,Wilkes-Barre/Scranton Penguins,37,3,7,10,0.189,0.081,0.27,0.378,-2,https://www.eliteprospects.com/player/485574/aaron-huglen,2025-2026,ahl
Atro Leppanen,Bakersfield Condors,38,8,20,28,0.526,0.211,0.74,0.579,-6,https://www.eliteprospects.com/player/326877/atro-leppanen,2025-2026,ahl
Mark Senden,Colorado Eagles,38,4,6,10,0.158,0.105,0.26,0.421,9,https://www.eliteprospects.com/player/300834/mark-senden,2025-2026,ahl
Dominik Shine,Grand Rapids Griffins,38,21,16,37,0.421,0.553,0.97,1.079,25,https://www.eliteprospects.com/player/45858/dominik-shine,2025-2026,ahl
Ivan Miroshnichenko,Hershey Bears,38,12,19,31,0.5,0.316,0.82,1.237,-1,https://www.eliteprospects.com/player/526255/ivan-miroshnichenko,2025-2026,ahl
Ryder Rolston,Milwaukee Admirals,38,6,5,11,0.132,0.158,0.29,0.158,-1,https://www.eliteprospects.com/player/369853/ryder-rolston,2025-2026,ahl
Olivier Nadeau,Rochester Americans,38,7,7,14,0.184,0.184,0.37,0.368,1,https://www.eliteprospects.com/player/483754/olivier-nadeau,2025-2026,ahl
Dillon Boucher,Rockford IceHogs,38,2,3,5,0.079,0.053,0.13,2.263,-6,https://www.eliteprospects.com/player/195762/dillon-boucher,2025-2026,ahl
Taige Harding,Rockford IceHogs,38,1,4,5,0.105,0.026,0.13,2.711,-3,https://www.eliteprospects.com/player/201918/taige-harding,2025-2026,ahl
Andrew Perrott,Rockford IceHogs,38,1,3,4,0.079,0.026,0.11,2.368,-4,https://www.eliteprospects.com/player/369851/andrew-perrott,2025-2026,ahl
Marc-Andre Gaudet,Springfield Thunderbirds,38,4,10,14,0.263,0.105,0.37,0.263,-15,https://www.eliteprospects.com/player/573863/marc-andre-gaudet,2025-2026,ahl
Wojciech Stachowiak,Syracuse Crunch,38,9,8,17,0.211,0.237,0.45,0.737,-6,https://www.eliteprospects.com/player/215916/wojciech-stachowiak,2025-2026,ahl
Cross Hanas,Texas Stars,38,9,13,22,0.342,0.237,0.58,0.579,4,https://www.eliteprospects.com/player/252712/cross-hanas,2025-2026,ahl
Jacob Quillan,Toronto Marlies,38,12,21,33,0.553,0.316,0.87,0.605,9,https://www.eliteprospects.com/player/318454/jacob-quillan,2025-2026,ahl
Reese Johnson,Toronto Marlies,38,5,7,12,0.184,0.132,0.32,0.711,0,https://www.eliteprospects.com/player/279121/reese-johnson,2025-2026,ahl
Max Jones,Bakersfield Condors,39,10,8,18,0.205,0.256,0.46,1.564,2,https://www.eliteprospects.com/player/233448/max-jones,2025-2026,ahl
Tomas Hamara,Belleville Senators,39,1,2,3,0.051,0.026,0.08,0.256,-3,https://www.eliteprospects.com/player/559537/tomas-hamara,2025-2026,ahl
Jake Livingstone,Charlotte Checkers,39,1,12,13,0.308,0.026,0.33,0.513,8,https://www.eliteprospects.com/player/358393/jake-livingstone,2025-2026,ahl
Ville Ottavainen,Coachella Valley Firebirds,39,2,11,13,0.282,0.051,0.33,1.308,8,https://www.eliteprospects.com/player/530727/ville-ottavainen,2025-2026,ahl
Sean Behrens,Colorado Eagles,39,2,14,16,0.359,0.051,0.41,0.41,6,https://www.eliteprospects.com/player/464775/sean-behrens,2025-2026,ahl
Jake Wise,Colorado Eagles,39,2,9,11,0.231,0.051,0.28,0.256,5,https://www.eliteprospects.com/player/268432/jake-wise,2025-2026,ahl
Brett Berard,Hartford Wolf Pack,39,6,16,22,0.41,0.154,0.56,1.179,-14,https://www.eliteprospects.com/player/201740/brett-berard,2025-2026,ahl
Joey Willis,Milwaukee Admirals,39,4,11,15,0.282,0.103,0.38,0.256,-3,https://www.eliteprospects.com/player/637631/joey-willis,2025-2026,ahl
Henry Thrun,Toronto Marlies,39,4,14,18,0.359,0.103,0.46,0.436,-4,https://www.eliteprospects.com/player/445218/henry-thrun,2025-2026,ahl
Andrew Agozzino,Tucson Roadrunners,39,11,12,23,0.308,0.282,0.59,0.308,-7,https://www.eliteprospects.com/player/23816/andrew-agozzino,2025-2026,ahl
Brian Halonen,Utica Comets,39,17,11,28,0.282,0.436,0.72,0.615,1,https://www.eliteprospects.com/player/419044/brian-halonen,2025-2026,ahl
Matyas Melovsky,Utica Comets,39,3,10,13,0.256,0.077,0.33,0.641,-7,https://www.eliteprospects.com/player/527443/matyas-melovsky,2025-2026,ahl
Jujhar Khaira,Abbotsford Canucks,40,3,5,8,0.125,0.075,0.2,1.275,-16,https://www.eliteprospects.com/player/93577/jujhar-khaira,2025-2026,ahl
Aleksi Heimosalmi,Chicago Wolves,40,3,12,15,0.3,0.075,0.38,0.8,5,https://www.eliteprospects.com/player/601642/aleksi-heimosalmi,2025-2026,ahl
Jason Polin,Colorado Eagles,40,10,11,21,0.275,0.25,0.53,0.25,4,https://www.eliteprospects.com/player/284027/jason-polin,2025-2026,ahl
Ronnie Attard,Colorado Eagles,40,2,12,14,0.3,0.05,0.35,0.8,4,https://www.eliteprospects.com/player/284030/ronnie-attard,2025-2026,ahl
David Gucciardi,Hershey Bears,40,3,9,12,0.225,0.075,0.3,1.175,6,https://www.eliteprospects.com/player/504264/david-gucciardi,2025-2026,ahl
Mark Liwiski,Iowa Wild,40,4,0,4,0,0.1,0.1,4.425,-9,https://www.eliteprospects.com/player/351246/mark-liwiski,2025-2026,ahl
Adam Engstrom,Laval Rocket,40,10,23,33,0.575,0.25,0.83,0.4,15,https://www.eliteprospects.com/player/491616/adam-engstrom,2025-2026,ahl
Jared Davidson,Laval Rocket,40,14,7,21,0.175,0.35,0.53,1.25,3,https://www.eliteprospects.com/player/475625/jared-davidson,2025-2026,ahl
Isaac Ratcliffe,Milwaukee Admirals,40,4,7,11,0.175,0.1,0.28,1.325,-3,https://www.eliteprospects.com/player/300398/isaac-ratcliffe,2025-2026,ahl
Christian Wolanin,Providence Bruins,40,7,17,24,0.425,0.175,0.6,0.2,8,https://www.eliteprospects.com/player/188788/christian-wolanin,2025-2026,ahl
Michael Callahan,Providence Bruins,40,1,7,8,0.175,0.025,0.2,0.4,21,https://www.eliteprospects.com/player/201479/michael-callahan,2025-2026,ahl
Igor Chernyshov,San Jose Barracuda,40,13,19,32,0.475,0.325,0.8,0.9,9,https://www.eliteprospects.com/player/779993/igor-chernyshov,2025-2026,ahl
Tommy Miller,Syracuse Crunch,40,3,4,7,0.1,0.075,0.18,0.575,7,https://www.eliteprospects.com/player/233517/tommy-miller,2025-2026,ahl
Jan Jenik,Belleville Senators,41,9,8,17,0.195,0.22,0.41,0.61,0,https://www.eliteprospects.com/player/247318/jan-jenik,2025-2026,ahl
Marshall Warren,Bridgeport Islanders,41,4,20,24,0.488,0.098,0.59,0.683,8,https://www.eliteprospects.com/player/381692/marshall-warren,2025-2026,ahl
Isaiah George,Bridgeport Islanders,41,2,13,15,0.317,0.049,0.37,0.439,9,https://www.eliteprospects.com/player/526091/isaiah-george,2025-2026,ahl
Oscar Fisker Molgaard,Coachella Valley Firebirds,41,8,18,26,0.439,0.195,0.63,0.195,-1,https://www.eliteprospects.com/player/729161/oscar-fisker-molgaard,2025-2026,ahl
Justin Holl,Grand Rapids Griffins,41,2,12,14,0.293,0.049,0.34,0.244,19,https://www.eliteprospects.com/player/46905/justin-holl,2025-2026,ahl
Lukas Cormier,Henderson Silver Knights,41,7,32,39,0.78,0.171,0.95,0.293,2,https://www.eliteprospects.com/player/201780/lukas-cormier,2025-2026,ahl
Brett Leason,Hershey Bears,41,12,24,36,0.585,0.293,0.88,0.829,12,https://www.eliteprospects.com/player/257755/brett-leason,2025-2026,ahl
David Spacek,Iowa Wild,41,4,18,22,0.439,0.098,0.54,0.293,-4,https://www.eliteprospects.com/player/559551/david-spacek,2025-2026,ahl
Hunter Haight,Iowa Wild,41,11,10,21,0.244,0.268,0.51,0.293,-13,https://www.eliteprospects.com/player/603614/hunter-haight,2025-2026,ahl
Josiah Didier,Laval Rocket,41,0,5,5,0.122,0,0.12,0.805,2,https://www.eliteprospects.com/player/89813/josiah-didier,2025-2026,ahl
Cooper Marody,Lehigh Valley Phantoms,41,8,17,25,0.415,0.195,0.61,0.244,-4,https://www.eliteprospects.com/player/248334/cooper-marody,2025-2026,ahl
Walker Duehr,Manitoba Moose,41,12,14,26,0.341,0.293,0.63,0.439,11,https://www.eliteprospects.com/player/234647/walker-duehr,2025-2026,ahl
Tyrel Bauer,Manitoba Moose,41,1,2,3,0.049,0.024,0.07,2.39,11,https://www.eliteprospects.com/player/391046/tyrel-bauer,2025-2026,ahl
Koehn Ziemmer,Ontario Reign,41,7,10,17,0.244,0.171,0.41,0.488,8,https://www.eliteprospects.com/player/564977/koehn-ziemmer,2025-2026,ahl
Matej Blumel,Providence Bruins,41,14,25,39,0.61,0.341,0.95,0.341,16,https://www.eliteprospects.com/player/272376/matej-blumel,2025-2026,ahl
Vsevolod Komarov,Rochester Americans,41,2,6,8,0.146,0.049,0.2,1.049,-4,https://www.eliteprospects.com/player/709023/vsevolod-komarov,2025-2026,ahl
Dmitri Kuzmin,Rockford IceHogs,41,4,8,12,0.195,0.098,0.29,0.268,1,https://www.eliteprospects.com/player/618502/dmitri-kuzmin,2025-2026,ahl
Connor Mylymok,Rockford IceHogs,41,3,4,7,0.098,0.073,0.17,3.537,-12,https://www.eliteprospects.com/player/352007/connor-mylymok,2025-2026,ahl
Mattias Havelid,San Jose Barracuda,41,5,9,14,0.22,0.122,0.34,0.341,3,https://www.eliteprospects.com/player/577575/mattias-havelid,2025-2026,ahl
Nick Abruzzese,Syracuse Crunch,41,9,29,38,0.707,0.22,0.93,0.146,12,https://www.eliteprospects.com/player/201476/nick-abruzzese,2025-2026,ahl
Marc Johnstone,Toronto Marlies,41,8,10,18,0.244,0.195,0.44,1.024,2,https://www.eliteprospects.com/player/293866/marc-johnstone,2025-2026,ahl
Mikael Diotte,Utica Comets,41,0,6,6,0.146,0,0.15,0.707,-12,https://www.eliteprospects.com/player/502341/mikael-diotte,2025-2026,ahl
Finn Harding,Wilkes-Barre/Scranton Penguins,41,1,13,14,0.317,0.024,0.34,0.829,24,https://www.eliteprospects.com/player/603127/finn-harding,2025-2026,ahl
Garrett Pilon,Belleville Senators,42,7,20,27,0.476,0.167,0.64,0.048,0,https://www.eliteprospects.com/player/49041/garrett-pilon,2025-2026,ahl
Marek Alscher,Charlotte Checkers,42,3,8,11,0.19,0.071,0.26,0.571,14,https://www.eliteprospects.com/player/537884/marek-alscher,2025-2026,ahl
Eduard Sale,Coachella Valley Firebirds,42,9,12,21,0.286,0.214,0.5,0.238,-3,https://www.eliteprospects.com/player/595291/eduard-sale,2025-2026,ahl
Caden Price,Coachella Valley Firebirds,42,2,9,11,0.214,0.048,0.26,0.357,3,https://www.eliteprospects.com/player/607323/caden-price,2025-2026,ahl
Taylor Makar,Colorado Eagles,42,9,6,15,0.143,0.214,0.36,1.143,10,https://www.eliteprospects.com/player/351159/taylor-makar,2025-2026,ahl
Kalle Vaisanen,Hartford Wolf Pack,42,3,1,4,0.024,0.071,0.1,0,-11,https://www.eliteprospects.com/player/559937/kalle-vaisanen,2025-2026,ahl
Matthew Strome,Hershey Bears,42,7,12,19,0.286,0.167,0.45,0.524,0,https://www.eliteprospects.com/player/268417/matthew-strome,2025-2026,ahl
Gerald Mayhew,Iowa Wild,42,15,9,24,0.214,0.357,0.57,0.667,-15,https://www.eliteprospects.com/player/151849/gerald-mayhew,2025-2026,ahl
Tanner Molendyk,Milwaukee Admirals,42,2,13,15,0.31,0.048,0.36,0.19,-6,https://www.eliteprospects.com/player/603586/tanner-molendyk,2025-2026,ahl
Cal Burke,San Diego Gulls,42,1,7,8,0.167,0.024,0.19,0.095,-7,https://www.eliteprospects.com/player/248438/cal-burke,2025-2026,ahl
Michael Buchinger,Springfield Thunderbirds,42,5,4,9,0.095,0.119,0.21,0.476,-8,https://www.eliteprospects.com/player/526053/michael-buchinger,2025-2026,ahl
Simon Lundmark,Syracuse Crunch,42,0,9,9,0.214,0,0.21,0.476,5,https://www.eliteprospects.com/player/344757/simon-lundmark,2025-2026,ahl
Miko Matikka,Tucson Roadrunners,42,4,6,10,0.143,0.095,0.24,0.452,-12,https://www.eliteprospects.com/player/628519/miko-matikka,2025-2026,ahl
Julian Lutz,Tucson Roadrunners,42,3,4,7,0.095,0.071,0.17,1.095,-7,https://www.eliteprospects.com/player/601111/julian-lutz,2025-2026,ahl
Mike Hardman,Utica Comets,42,7,6,13,0.143,0.167,0.31,0.238,-16,https://www.eliteprospects.com/player/353521/mike-hardman,2025-2026,ahl
Jack Malone,Utica Comets,42,1,8,9,0.19,0.024,0.21,0.19,2,https://www.eliteprospects.com/player/364031/jack-malone,2025-2026,ahl
Dmitri Osipov,Utica Comets,42,3,4,7,0.095,0.071,0.17,1.143,5,https://www.eliteprospects.com/player/250313/dmitri-osipov,2025-2026,ahl
Nils Aman,Abbotsford Canucks,43,4,25,29,0.581,0.093,0.67,0.233,-2,https://www.eliteprospects.com/player/343876/nils-aman,2025-2026,ahl
Vilmer Alriksson,Abbotsford Canucks,43,6,3,9,0.07,0.14,0.21,1.302,-28,https://www.eliteprospects.com/player/617583/vilmer-alriksson,2025-2026,ahl
Riley Stillman,Bakersfield Condors,43,3,13,16,0.302,0.07,0.37,1.674,-6,https://www.eliteprospects.com/player/252469/riley-stillman,2025-2026,ahl
Lucas Ciona,Calgary Wranglers,43,5,2,7,0.047,0.116,0.16,1.558,-5,https://www.eliteprospects.com/player/475634/lucas-ciona,2025-2026,ahl
Mikael Pyyhtia,Cleveland Monsters,43,12,23,35,0.535,0.279,0.81,0.465,1,https://www.eliteprospects.com/player/470710/mikael-pyyhtia,2025-2026,ahl
Dysin Mayo,Cleveland Monsters,43,3,17,20,0.395,0.07,0.47,0.744,11,https://www.eliteprospects.com/player/120638/dysin-mayo,2025-2026,ahl
Jordan Dumais,Cleveland Monsters,43,7,12,19,0.279,0.163,0.44,0.14,-11,https://www.eliteprospects.com/player/568363/jordan-dumais,2025-2026,ahl
Lukas Dragicevic,Coachella Valley Firebirds,43,1,10,11,0.233,0.023,0.26,0.512,-4,https://www.eliteprospects.com/player/529817/lukas-dragicevic,2025-2026,ahl
Justin Dowling,Hartford Wolf Pack,43,9,20,29,0.465,0.209,0.67,0.093,-7,https://www.eliteprospects.com/player/23320/justin-dowling,2025-2026,ahl
Dylan Coghlan,Henderson Silver Knights,43,11,16,27,0.372,0.256,0.63,0.558,2,https://www.eliteprospects.com/player/247901/dylan-coghlan,2025-2026,ahl
Xavier Simoneau,Laval Rocket,43,4,8,12,0.186,0.093,0.28,1.302,8,https://www.eliteprospects.com/player/376443/xavier-simoneau,2025-2026,ahl
Dans Locmelis,Providence Bruins,43,15,13,28,0.302,0.349,0.65,0.14,16,https://www.eliteprospects.com/player/638391/dans-locmelis,2025-2026,ahl
Victor Soderstrom,Providence Bruins,43,5,17,22,0.395,0.116,0.51,0.674,4,https://www.eliteprospects.com/player/344555/victor-soderstrom,2025-2026,ahl
Quentin Musty,San Jose Barracuda,43,13,17,30,0.395,0.302,0.7,0.884,-6,https://www.eliteprospects.com/player/685701/quentin-musty,2025-2026,ahl
Dylan Peterson,Springfield Thunderbirds,43,8,10,18,0.233,0.186,0.42,1.721,-12,https://www.eliteprospects.com/player/342192/dylan-peterson,2025-2026,ahl
Sawyer Mynio,Abbotsford Canucks,44,3,13,16,0.295,0.068,0.36,0.591,-19,https://www.eliteprospects.com/player/603585/sawyer-mynio,2025-2026,ahl
Landen Hookey,Belleville Senators,44,4,7,11,0.159,0.091,0.25,1.136,1,https://www.eliteprospects.com/player/640828/landen-hookey,2025-2026,ahl
Cameron Berg,Bridgeport Islanders,44,7,10,17,0.227,0.159,0.39,0.591,-9,https://www.eliteprospects.com/player/536648/cameron-berg,2025-2026,ahl
Travis Mitchell,Bridgeport Islanders,44,0,13,13,0.295,0,0.3,1.773,4,https://www.eliteprospects.com/player/284033/travis-mitchell,2025-2026,ahl
David Silye,Calgary Wranglers,44,1,5,6,0.114,0.023,0.14,0.455,-9,https://www.eliteprospects.com/player/299441/david-silye,2025-2026,ahl
Parker Bell,Calgary Wranglers,44,2,2,4,0.045,0.045,0.09,0.682,-13,https://www.eliteprospects.com/player/539062/parker-bell,2025-2026,ahl
Mikulas Hovorka,Charlotte Checkers,44,4,11,15,0.25,0.091,0.34,0.818,22,https://www.eliteprospects.com/player/425297/mikulas-hovorka,2025-2026,ahl
Bradly Nadeau,Chicago Wolves,44,24,25,49,0.568,0.545,1.11,0.455,22,https://www.eliteprospects.com/player/619153/bradly-nadeau,2025-2026,ahl
Domenick Fensore,Chicago Wolves,44,9,22,31,0.5,0.205,0.7,0.659,8,https://www.eliteprospects.com/player/424459/domenick-fensore,2025-2026,ahl
Luca Del Bel Belluz,Cleveland Monsters,44,17,29,46,0.659,0.386,1.05,0.045,1,https://www.eliteprospects.com/player/525669/luca-del-bel-belluz,2025-2026,ahl
Alexandre Doucet,Grand Rapids Griffins,44,6,5,11,0.114,0.136,0.25,0.273,8,https://www.eliteprospects.com/player/201898/alexandre-doucet,2025-2026,ahl
Joe Fleming,Henderson Silver Knights,44,2,9,11,0.205,0.045,0.25,2.545,-10,https://www.eliteprospects.com/player/617531/joe-fleming,2025-2026,ahl
Tobie Paquette-Bisson,Laval Rocket,44,3,7,10,0.159,0.068,0.23,0.318,16,https://www.eliteprospects.com/player/213820/tobie-paquette-bisson,2025-2026,ahl
David Gustafsson,Manitoba Moose,44,9,21,30,0.477,0.205,0.68,0.273,11,https://www.eliteprospects.com/player/293796/david-gustafsson,2025-2026,ahl
Ville Heinola,Manitoba Moose,44,3,18,21,0.409,0.068,0.48,0.545,-2,https://www.eliteprospects.com/player/428795/ville-heinola,2025-2026,ahl
Colby Barlow,Manitoba Moose,44,3,5,8,0.114,0.068,0.18,0.364,-4,https://www.eliteprospects.com/player/603562/colby-barlow,2025-2026,ahl
David Edstrom,Milwaukee Admirals,44,8,7,15,0.159,0.182,0.34,0.455,3,https://www.eliteprospects.com/player/608308/david-edstrom,2025-2026,ahl
Zac Jones,Rochester Americans,44,7,41,48,0.932,0.159,1.09,0.227,-3,https://www.eliteprospects.com/player/364649/zac-jones,2025-2026,ahl
Graham Slaggert,Rochester Americans,44,1,5,6,0.114,0.023,0.14,0.091,-6,https://www.eliteprospects.com/player/284012/graham-slaggert,2025-2026,ahl
Jakub Stancl,Springfield Thunderbirds,44,9,8,17,0.182,0.205,0.39,0.273,-7,https://www.eliteprospects.com/player/672903/jakub-stancl,2025-2026,ahl
Hunter Skinner,Springfield Thunderbirds,44,4,8,12,0.182,0.091,0.27,1.182,-1,https://www.eliteprospects.com/player/359531/hunter-skinner,2025-2026,ahl
Mitchell Chaffee,Syracuse Crunch,44,18,28,46,0.636,0.409,1.05,1.205,4,https://www.eliteprospects.com/player/296327/mitchell-chaffee,2025-2026,ahl
Ethan Gauthier,Syracuse Crunch,44,8,9,17,0.205,0.182,0.39,0.227,5,https://www.eliteprospects.com/player/599319/ethan-gauthier,2025-2026,ahl
Maxim Groshev,Syracuse Crunch,44,3,14,17,0.318,0.068,0.39,0.318,14,https://www.eliteprospects.com/player/532511/maxim-groshev,2025-2026,ahl
Sammy Walker,Tucson Roadrunners,44,9,13,22,0.295,0.205,0.5,0.273,-5,https://www.eliteprospects.com/player/300078/sammy-walker,2025-2026,ahl
Robbie Russo,Tucson Roadrunners,44,2,5,7,0.114,0.045,0.16,0.364,-8,https://www.eliteprospects.com/player/38628/robbie-russo,2025-2026,ahl
Josh Samanski,Bakersfield Condors,45,8,23,31,0.511,0.178,0.69,0.889,6,https://www.eliteprospects.com/player/427110/josh-samanski,2025-2026,ahl
Carter Yakemchuk,Belleville Senators,45,9,20,29,0.444,0.2,0.64,0.533,-33,https://www.eliteprospects.com/player/599451/carter-yakemchuk,2025-2026,ahl
Alex Jefferies,Bridgeport Islanders,45,8,19,27,0.422,0.178,0.6,0.844,-5,https://www.eliteprospects.com/player/466015/alex-jefferies,2025-2026,ahl
Trevor Carrick,Charlotte Checkers,45,4,14,18,0.311,0.089,0.4,0.756,7,https://www.eliteprospects.com/player/69391/trevor-carrick,2025-2026,ahl
Justin Pearson,Cleveland Monsters,45,9,10,19,0.222,0.2,0.42,0.667,4,https://www.eliteprospects.com/player/386534/justin-pearson,2025-2026,ahl
Jack Ahcan,Colorado Eagles,45,8,32,40,0.711,0.178,0.89,0.756,22,https://www.eliteprospects.com/player/248456/jack-ahcan,2025-2026,ahl
Ian Mitchell,Grand Rapids Griffins,45,4,16,20,0.356,0.089,0.44,0.222,27,https://www.eliteprospects.com/player/201362/ian-mitchell,2025-2026,ahl
Jakub Brabenec,Henderson Silver Knights,45,8,12,20,0.267,0.178,0.44,0.356,-1,https://www.eliteprospects.com/player/522504/jakub-brabenec,2025-2026,ahl
Jaycob Megna,Henderson Silver Knights,45,3,4,7,0.089,0.067,0.16,0.533,5,https://www.eliteprospects.com/player/84762/jaycob-megna,2025-2026,ahl
Joshua Roy,Laval Rocket,45,16,18,34,0.4,0.356,0.76,0.711,-6,https://www.eliteprospects.com/player/483757/joshua-roy,2025-2026,ahl
Owen Beck,Laval Rocket,45,9,14,23,0.311,0.2,0.51,0.578,3,https://www.eliteprospects.com/player/647942/owen-beck,2025-2026,ahl
Danny Zhilkin,Manitoba Moose,45,10,9,19,0.2,0.222,0.42,0.267,-7,https://www.eliteprospects.com/player/619189/danny-zhilkin,2025-2026,ahl
Jack Hughes,Ontario Reign,45,3,10,13,0.222,0.067,0.29,0.578,1,https://www.eliteprospects.com/player/617526/jack-hughes,2025-2026,ahl
Konsta Helenius,Rochester Americans,45,14,28,42,0.622,0.311,0.93,0.267,-7,https://www.eliteprospects.com/player/796075/konsta-helenius,2025-2026,ahl
Jack Rathbone,Rochester Americans,45,5,12,17,0.267,0.111,0.38,0.467,-14,https://www.eliteprospects.com/player/311766/jack-rathbone,2025-2026,ahl
Ethan Del Mastro,Rockford IceHogs,45,2,16,18,0.356,0.044,0.4,0.756,1,https://www.eliteprospects.com/player/525637/ethan-del-mastro,2025-2026,ahl
Leo Loof,Springfield Thunderbirds,45,2,3,5,0.067,0.044,0.11,0.6,-3,https://www.eliteprospects.com/player/412461/leo-loof,2025-2026,ahl
Angus Crookshank,Utica Comets,45,15,8,23,0.178,0.333,0.51,0.178,-14,https://www.eliteprospects.com/player/201687/angus-crookshank,2025-2026,ahl
Tristan Broz,Wilkes-Barre/Scranton Penguins,45,14,20,34,0.444,0.311,0.76,0.644,15,https://www.eliteprospects.com/player/470024/tristan-broz,2025-2026,ahl
Gabe Klassen,Wilkes-Barre/Scranton Penguins,45,13,12,25,0.267,0.289,0.56,0.356,5,https://www.eliteprospects.com/player/485361/gabe-klassen,2025-2026,ahl
Liam Foudy,Bridgeport Islanders,46,21,15,36,0.326,0.457,0.78,0.261,-3,https://www.eliteprospects.com/player/397650/liam-foudy,2025-2026,ahl
Chris Terry,Bridgeport Islanders,46,8,10,18,0.217,0.174,0.39,0.261,-7,https://www.eliteprospects.com/player/14370/chris-terry,2025-2026,ahl
Aydar Suniev,Calgary Wranglers,46,13,3,16,0.065,0.283,0.35,0.217,-25,https://www.eliteprospects.com/player/620335/aydar-suniev,2025-2026,ahl
James Malatesta,Cleveland Monsters,46,5,7,12,0.152,0.109,0.26,1.761,-2,https://www.eliteprospects.com/player/484164/james-malatesta,2025-2026,ahl
Andrei Loshko,Coachella Valley Firebirds,46,4,9,13,0.196,0.087,0.28,0.261,5,https://www.eliteprospects.com/player/707666/andrei-loshko,2025-2026,ahl
William Lagesson,Grand Rapids Griffins,46,3,14,17,0.304,0.065,0.37,0.674,31,https://www.eliteprospects.com/player/86158/william-lagesson,2025-2026,ahl
Jaroslav Chmelar,Hartford Wolf Pack,46,8,17,25,0.37,0.174,0.54,0.913,-7,https://www.eliteprospects.com/player/579280/jaroslav-chmelar,2025-2026,ahl
Tanner Laczynski,Henderson Silver Knights,46,16,34,50,0.739,0.348,1.09,0.717,27,https://www.eliteprospects.com/player/234312/tanner-laczynski,2025-2026,ahl
Nicolas Aube-Kubel,Iowa Wild,46,11,16,27,0.348,0.239,0.59,0.826,-2,https://www.eliteprospects.com/player/151146/nicolas-aube-kubel,2025-2026,ahl
David Reinbacher,Laval Rocket,46,5,17,22,0.37,0.109,0.48,0.826,16,https://www.eliteprospects.com/player/703646/david-reinbacher,2025-2026,ahl
Kale Clague,Manitoba Moose,46,8,13,21,0.283,0.174,0.46,0.652,-13,https://www.eliteprospects.com/player/108472/kale-clague,2025-2026,ahl
Isaak Phillips,Manitoba Moose,46,6,14,20,0.304,0.13,0.43,0.652,-3,https://www.eliteprospects.com/player/416750/isaak-phillips,2025-2026,ahl
Joakim Kemell,Milwaukee Admirals,46,10,19,29,0.413,0.217,0.63,1.217,-18,https://www.eliteprospects.com/player/526043/joakim-kemell,2025-2026,ahl
Angus Booth,Ontario Reign,46,1,12,13,0.261,0.022,0.28,0.565,6,https://www.eliteprospects.com/player/578244/angus-booth,2025-2026,ahl
Vinni Lettieri,Toronto Marlies,46,12,27,39,0.587,0.261,0.85,0.652,5,https://www.eliteprospects.com/player/118656/vinni-lettieri,2025-2026,ahl
Cedric Pare,Toronto Marlies,46,7,12,19,0.261,0.152,0.41,0.826,0,https://www.eliteprospects.com/player/319958/cedric-pare,2025-2026,ahl
Kyle Criscuolo,Utica Comets,46,9,16,25,0.348,0.196,0.54,0.435,-10,https://www.eliteprospects.com/player/74212/kyle-criscuolo,2025-2026,ahl
Jamieson Rees,Belleville Senators,47,5,8,13,0.17,0.106,0.28,0.766,-9,https://www.eliteprospects.com/player/418060/jamieson-rees,2025-2026,ahl
Cameron Crotty,Belleville Senators,47,3,6,9,0.128,0.064,0.19,0.617,-5,https://www.eliteprospects.com/player/299556/cameron-crotty,2025-2026,ahl
Jack Devine,Charlotte Checkers,47,14,19,33,0.404,0.298,0.7,0.957,16,https://www.eliteprospects.com/player/464780/jack-devine,2025-2026,ahl
Will Butcher,Cleveland Monsters,47,3,16,19,0.34,0.064,0.4,0.17,-17,https://www.eliteprospects.com/player/97590/will-butcher,2025-2026,ahl
David Goyette,Coachella Valley Firebirds,47,3,7,10,0.149,0.064,0.21,1.447,3,https://www.eliteprospects.com/player/562220/david-goyette,2025-2026,ahl
Tyler Angle,Grand Rapids Griffins,47,5,17,22,0.362,0.106,0.47,0.426,13,https://www.eliteprospects.com/player/403916/tyler-angle,2025-2026,ahl
Anton Blidh,Hartford Wolf Pack,47,6,7,13,0.149,0.128,0.28,0.766,-13,https://www.eliteprospects.com/player/67179/anton-blidh,2025-2026,ahl
Connor Mackey,Hartford Wolf Pack,47,4,8,12,0.17,0.085,0.26,1.638,-5,https://www.eliteprospects.com/player/316315/connor-mackey,2025-2026,ahl
Viliam Kmec,Henderson Silver Knights,47,0,8,8,0.17,0,0.17,0.447,4,https://www.eliteprospects.com/player/527420/viliam-kmec,2025-2026,ahl
Bogdan Trineyev,Hershey Bears,47,11,17,28,0.362,0.234,0.6,0.383,4,https://www.eliteprospects.com/player/537760/bogdan-trineyev,2025-2026,ahl
Henrik Rybinski,Hershey Bears,47,9,16,25,0.34,0.191,0.53,0.426,10,https://www.eliteprospects.com/player/351688/henrik-rybinski,2025-2026,ahl
Jon McDonald,Hershey Bears,47,2,9,11,0.191,0.043,0.23,0.596,0,https://www.eliteprospects.com/player/344385/jon-mcdonald,2025-2026,ahl
Ben Gleason,Iowa Wild,47,1,17,18,0.362,0.021,0.38,0.383,-17,https://www.eliteprospects.com/player/233504/ben-gleason,2025-2026,ahl
Jack Peart,Iowa Wild,47,4,10,14,0.213,0.085,0.3,0.426,-14,https://www.eliteprospects.com/player/616254/jack-peart,2025-2026,ahl
Tucker Robertson,Lehigh Valley Phantoms,47,11,13,24,0.277,0.234,0.51,0.617,4,https://www.eliteprospects.com/player/619190/tucker-robertson,2025-2026,ahl
Ashton Sautner,Manitoba Moose,47,2,9,11,0.191,0.043,0.23,0.745,13,https://www.eliteprospects.com/player/84404/ashton-sautner,2025-2026,ahl
Andreas Englund,Milwaukee Admirals,47,2,8,10,0.17,0.043,0.21,1.383,0,https://www.eliteprospects.com/player/115148/andreas-englund,2025-2026,ahl
Jake Schmaltz,Providence Bruins,47,6,9,15,0.191,0.128,0.32,0.213,3,https://www.eliteprospects.com/player/316160/jake-schmaltz,2025-2026,ahl
Kevin Korchinski,Rockford IceHogs,47,2,22,24,0.468,0.043,0.51,1.021,-23,https://www.eliteprospects.com/player/516605/kevin-korchinski,2025-2026,ahl
Samuel Savoie,Rockford IceHogs,47,9,9,18,0.191,0.191,0.38,0.872,-9,https://www.eliteprospects.com/player/573943/samuel-savoie,2025-2026,ahl
Martin Misiak,Rockford IceHogs,47,3,6,9,0.128,0.064,0.19,0.404,-5,https://www.eliteprospects.com/player/527425/martin-misiak,2025-2026,ahl
Jan Mysak,San Diego Gulls,47,9,12,21,0.255,0.191,0.45,0.66,2,https://www.eliteprospects.com/player/427906/jan-mysak,2025-2026,ahl
Filip Bystedt,San Jose Barracuda,47,15,27,42,0.574,0.319,0.89,0.468,5,https://www.eliteprospects.com/player/578760/filip-bystedt,2025-2026,ahl
Yegor Afanasyev,San Jose Barracuda,47,11,20,31,0.426,0.234,0.66,1,5,https://www.eliteprospects.com/player/450909/yegor-afanasyev,2025-2026,ahl
Anthony Vincent,San Jose Barracuda,47,7,4,11,0.085,0.149,0.23,1.702,-5,https://www.eliteprospects.com/player/300460/anthony-vincent,2025-2026,ahl
Conor Geekie,Syracuse Crunch,47,14,37,51,0.787,0.298,1.09,0.894,14,https://www.eliteprospects.com/player/571034/conor-geekie,2025-2026,ahl
Gabriel Szturc,Syracuse Crunch,47,4,7,11,0.149,0.085,0.23,0.426,-2,https://www.eliteprospects.com/player/426117/gabriel-szturc,2025-2026,ahl
Tristan Bertucci,Texas Stars,47,3,18,21,0.383,0.064,0.45,0.723,1,https://www.eliteprospects.com/player/603546/tristan-bertucci,2025-2026,ahl
Borya Valis,Toronto Marlies,47,11,9,20,0.191,0.234,0.43,0.702,-3,https://www.eliteprospects.com/player/571887/borya-valis,2025-2026,ahl
Blake Smith,Toronto Marlies,47,1,7,8,0.149,0.021,0.17,2.106,9,https://www.eliteprospects.com/player/709899/blake-smith,2025-2026,ahl
Xavier Parent,Utica Comets,47,17,12,29,0.255,0.362,0.62,1.617,-8,https://www.eliteprospects.com/player/241379/xavier-parent,2025-2026,ahl
Danila Klimovich,Abbotsford Canucks,48,10,12,22,0.25,0.208,0.46,1.167,-17,https://www.eliteprospects.com/player/618501/danila-klimovich,2025-2026,ahl
Josh Brown,Bakersfield Condors,48,2,10,12,0.208,0.042,0.25,1.333,8,https://www.eliteprospects.com/player/82512/josh-brown,2025-2026,ahl
Cole McWard,Bridgeport Islanders,48,5,18,23,0.375,0.104,0.48,0.417,-7,https://www.eliteprospects.com/player/376492/cole-mcward,2025-2026,ahl
Turner Ottenbreit,Calgary Wranglers,48,2,8,10,0.167,0.042,0.21,1,-7,https://www.eliteprospects.com/player/199124/turner-ottenbreit,2025-2026,ahl
Hunter McKown,Cleveland Monsters,48,9,10,19,0.208,0.188,0.4,0.521,-11,https://www.eliteprospects.com/player/417327/hunter-mckown,2025-2026,ahl
Lleyton Roed,Coachella Valley Firebirds,48,7,18,25,0.375,0.146,0.52,0.167,13,https://www.eliteprospects.com/player/551465/lleyton-roed,2025-2026,ahl
Ian McKinnon,Coachella Valley Firebirds,48,4,4,8,0.083,0.083,0.17,4.167,1,https://www.eliteprospects.com/player/267844/ian-mckinnon,2025-2026,ahl
Sheldon Dries,Grand Rapids Griffins,48,20,17,37,0.354,0.417,0.77,0.271,22,https://www.eliteprospects.com/player/97620/sheldon-dries,2025-2026,ahl
Austin Watson,Grand Rapids Griffins,48,11,9,20,0.188,0.229,0.42,2.854,2,https://www.eliteprospects.com/player/33753/austin-watson,2025-2026,ahl
Carson Bantle,Grand Rapids Griffins,48,3,4,7,0.083,0.062,0.15,1.146,0,https://www.eliteprospects.com/player/201849/carson-bantle,2025-2026,ahl
Tuomas Uronen,Henderson Silver Knights,48,10,6,16,0.125,0.208,0.33,0.417,0,https://www.eliteprospects.com/player/540333/tuomas-uronen,2025-2026,ahl
Mathieu Cataford,Henderson Silver Knights,48,3,7,10,0.146,0.062,0.21,0.292,-16,https://www.eliteprospects.com/player/597877/mathieu-cataford,2025-2026,ahl
Dalton Smith,Hershey Bears,48,1,1,2,0.021,0.021,0.04,1.771,-19,https://www.eliteprospects.com/player/30923/dalton-smith,2025-2026,ahl
Oskar Olausson,Iowa Wild,48,10,16,26,0.333,0.208,0.54,0.375,-2,https://www.eliteprospects.com/player/430916/oskar-olausson,2025-2026,ahl
Caedan Bankier,Iowa Wild,48,7,7,14,0.146,0.146,0.29,0.25,-10,https://www.eliteprospects.com/player/538921/caedan-bankier,2025-2026,ahl
Riley Tufte,Providence Bruins,48,25,20,45,0.417,0.521,0.94,1.062,26,https://www.eliteprospects.com/player/291903/riley-tufte,2025-2026,ahl
Joey Abate,Providence Bruins,48,4,6,10,0.125,0.083,0.21,1.688,2,https://www.eliteprospects.com/player/271357/joey-abate,2025-2026,ahl
Jake Leschyshyn,Rochester Americans,48,11,8,19,0.167,0.229,0.4,0.333,-12,https://www.eliteprospects.com/player/279125/jake-leschyshyn,2025-2026,ahl
Oliver Wahlstrom,San Jose Barracuda,48,21,8,29,0.167,0.438,0.6,0.854,-11,https://www.eliteprospects.com/player/241370/oliver-wahlstrom,2025-2026,ahl
Aleksanteri Kaskimaki,Springfield Thunderbirds,48,13,14,27,0.292,0.271,0.56,0.167,-19,https://www.eliteprospects.com/player/640621/aleksanteri-kaskimaki,2025-2026,ahl
William Villeneuve,Toronto Marlies,48,3,17,20,0.354,0.062,0.42,0.792,-4,https://www.eliteprospects.com/player/410562/william-villeneuve,2025-2026,ahl
Maveric Lamoureux,Tucson Roadrunners,48,3,11,14,0.229,0.062,0.29,1.125,5,https://www.eliteprospects.com/player/578989/maveric-lamoureux,2025-2026,ahl
Nikolai Knyzhov,Abbotsford Canucks,49,0,7,7,0.143,0,0.14,0.224,-20,https://www.eliteprospects.com/player/308784/nikolai-knyzhov,2025-2026,ahl
Cam Thiesing,Bridgeport Islanders,49,6,8,14,0.163,0.122,0.29,0.714,2,https://www.eliteprospects.com/player/335885/cam-thiesing,2025-2026,ahl
Luke Rowe,Bridgeport Islanders,49,1,9,10,0.184,0.02,0.2,1.184,10,https://www.eliteprospects.com/player/322571/luke-rowe,2025-2026,ahl
Artyom Grushnikov,Calgary Wranglers,49,0,1,1,0.02,0,0.02,0.388,-2,https://www.eliteprospects.com/player/539222/artyom-grushnikov,2025-2026,ahl
Dominik Badinka,Chicago Wolves,49,6,5,11,0.102,0.122,0.22,0.122,5,https://www.eliteprospects.com/player/727927/dominik-badinka,2025-2026,ahl
Eduards Tralmaks,Grand Rapids Griffins,49,18,10,28,0.204,0.367,0.57,0.122,24,https://www.eliteprospects.com/player/214279/eduards-tralmaks,2025-2026,ahl
Ondrej Becher,Grand Rapids Griffins,49,7,16,23,0.327,0.143,0.47,0.694,10,https://www.eliteprospects.com/player/593187/ond%C5%99ej-becher,2025-2026,ahl
Brendan Brisson,Hartford Wolf Pack,49,15,12,27,0.245,0.306,0.55,1.061,-15,https://www.eliteprospects.com/player/299642/brendan-brisson,2025-2026,ahl
Nate Clurman,Laval Rocket,49,1,7,8,0.143,0.02,0.16,0.327,6,https://www.eliteprospects.com/player/353810/nate-clurman,2025-2026,ahl
Devin Kaplan,Lehigh Valley Phantoms,49,5,8,13,0.163,0.102,0.27,1.265,-13,https://www.eliteprospects.com/player/526063/devin-kaplan,2025-2026,ahl
Helge Grans,Lehigh Valley Phantoms,49,3,8,11,0.163,0.061,0.22,0.408,-12,https://www.eliteprospects.com/player/395302/helge-grans,2025-2026,ahl
Hunter McDonald,Lehigh Valley Phantoms,49,0,6,6,0.122,0,0.12,1.469,4,https://www.eliteprospects.com/player/508274/hunter-mcdonald,2025-2026,ahl
Daniel Carr,Milwaukee Admirals,49,16,15,31,0.306,0.327,0.63,0.653,-18,https://www.eliteprospects.com/player/39435/daniel-carr,2025-2026,ahl
Andre Lee,Ontario Reign,49,23,17,40,0.347,0.469,0.82,0.796,8,https://www.eliteprospects.com/player/350001/andre-lee,2025-2026,ahl
Francesco Pinelli,Ontario Reign,49,9,17,26,0.347,0.184,0.53,0.714,11,https://www.eliteprospects.com/player/617488/francesco-pinelli,2025-2026,ahl
Ryan Johnson,Rochester Americans,49,5,10,15,0.204,0.102,0.31,0.612,-10,https://www.eliteprospects.com/player/290138/ryan-johnson,2025-2026,ahl
Dominic Toninato,Rockford IceHogs,49,14,25,39,0.51,0.286,0.8,1.163,-12,https://www.eliteprospects.com/player/122004/dominic-toninato,2025-2026,ahl
Patrick Giles,San Jose Barracuda,49,8,7,15,0.143,0.163,0.31,0.245,-8,https://www.eliteprospects.com/player/363655/patrick-giles,2025-2026,ahl
Matthew Peca,Springfield Thunderbirds,49,8,26,34,0.531,0.163,0.69,0.245,-12,https://www.eliteprospects.com/player/78295/matthew-peca,2025-2026,ahl
Alexander Nylander,Toronto Marlies,49,12,17,29,0.347,0.245,0.59,0.163,-5,https://www.eliteprospects.com/player/212641/alexander-nylander,2025-2026,ahl
Ryan Tverberg,Toronto Marlies,49,8,13,21,0.265,0.163,0.43,0.531,7,https://www.eliteprospects.com/player/201945/ryan-tverberg,2025-2026,ahl
Matthew Barbolini,Toronto Marlies,49,6,15,21,0.306,0.122,0.43,0.286,-8,https://www.eliteprospects.com/player/439045/matthew-barbolini,2025-2026,ahl
Ben McCartney,Tucson Roadrunners,49,21,26,47,0.531,0.429,0.96,1.347,6,https://www.eliteprospects.com/player/351230/ben-mccartney,2025-2026,ahl
Calen Addison,Utica Comets,49,3,18,21,0.367,0.061,0.43,0.327,-14,https://www.eliteprospects.com/player/278861/calen-addison,2025-2026,ahl
Nathan Legare,Utica Comets,49,8,5,13,0.102,0.163,0.27,1.327,-14,https://www.eliteprospects.com/player/296698/nathan-legare,2025-2026,ahl
Ty Mueller,Abbotsford Canucks,50,13,17,30,0.34,0.26,0.6,0.36,-17,https://www.eliteprospects.com/player/475179/ty-mueller,2025-2026,ahl
Dino Kambeitz,Abbotsford Canucks,50,1,7,8,0.14,0.02,0.16,0.98,-6,https://www.eliteprospects.com/player/354044/dino-kambeitz,2025-2026,ahl
James Hamblin,Bakersfield Condors,50,23,13,36,0.26,0.46,0.72,0.56,14,https://www.eliteprospects.com/player/201363/james-hamblin,2025-2026,ahl
Roby Jarventie,Bakersfield Condors,50,16,18,34,0.36,0.32,0.68,0.48,12,https://www.eliteprospects.com/player/534236/roby-jarventie,2025-2026,ahl
Rhett Pitlick,Bakersfield Condors,50,7,11,18,0.22,0.14,0.36,0.44,-9,https://www.eliteprospects.com/player/497477/rhett-pitlick,2025-2026,ahl
Sean Day,Bridgeport Islanders,50,3,10,13,0.2,0.06,0.26,0.08,-6,https://www.eliteprospects.com/player/228106/sean-day,2025-2026,ahl
Rory Kerins,Calgary Wranglers,50,17,28,45,0.56,0.34,0.9,0.32,-11,https://www.eliteprospects.com/player/504297/rory-kerins,2025-2026,ahl
Justin Robidas,Chicago Wolves,50,22,29,51,0.58,0.44,1.02,0.24,23,https://www.eliteprospects.com/player/411012/justin-robidas,2025-2026,ahl
Caleb MacDonald,Cleveland Monsters,50,3,7,10,0.14,0.06,0.2,1.08,-1,https://www.eliteprospects.com/player/505193/caleb-macdonald,2025-2026,ahl
Ty Nelson,Coachella Valley Firebirds,50,6,19,25,0.38,0.12,0.5,0.52,8,https://www.eliteprospects.com/player/603794/ty-nelson,2025-2026,ahl
John Hayden,Coachella Valley Firebirds,50,11,8,19,0.16,0.22,0.38,2.26,-4,https://www.eliteprospects.com/player/151828/john-hayden,2025-2026,ahl
Tye Felhaber,Colorado Eagles,50,14,13,27,0.26,0.28,0.54,0.64,13,https://www.eliteprospects.com/player/251448/tye-felhaber,2025-2026,ahl
Michael Brandsegg-Nygard,Grand Rapids Griffins,50,16,21,37,0.42,0.32,0.74,0.64,24,https://www.eliteprospects.com/player/619176/michael-brandsegg-nygard,2025-2026,ahl
Ben Hemmerling,Henderson Silver Knights,50,17,15,32,0.3,0.34,0.64,0.28,20,https://www.eliteprospects.com/player/558211/ben-hemmerling,2025-2026,ahl
Kai Uchacz,Henderson Silver Knights,50,9,22,31,0.44,0.18,0.62,0.66,-6,https://www.eliteprospects.com/player/505754/kai-uchacz,2025-2026,ahl
Ryan Chesley,Hershey Bears,50,5,6,11,0.12,0.1,0.22,0.28,-19,https://www.eliteprospects.com/player/556717/ryan-chesley,2025-2026,ahl
Jean-Luc Foudy,Iowa Wild,50,3,14,17,0.28,0.06,0.34,0.56,-13,https://www.eliteprospects.com/player/534469/jean-luc-foudy,2025-2026,ahl
Ryan Sandelin,Iowa Wild,50,4,3,7,0.06,0.08,0.14,0.28,-9,https://www.eliteprospects.com/player/311758/ryan-sandelin,2025-2026,ahl
Marc Del Gaizo,Laval Rocket,50,8,14,22,0.28,0.16,0.44,0.64,26,https://www.eliteprospects.com/player/201481/marc-del-gaizo,2025-2026,ahl
William Trudeau,Laval Rocket,50,8,11,19,0.22,0.16,0.38,0.92,7,https://www.eliteprospects.com/player/425657/william-trudeau,2025-2026,ahl
Anthony Richard,Lehigh Valley Phantoms,50,16,20,36,0.4,0.32,0.72,0.44,-11,https://www.eliteprospects.com/player/155661/anthony-richard,2025-2026,ahl
Mason Shaw,Manitoba Moose,50,14,20,34,0.4,0.28,0.68,0.88,15,https://www.eliteprospects.com/player/162926/mason-shaw,2025-2026,ahl
Ryan Ufko,Milwaukee Admirals,50,11,33,44,0.66,0.22,0.88,0.4,-12,https://www.eliteprospects.com/player/511993/ryan-ufko,2025-2026,ahl
Cole O'Hara,Milwaukee Admirals,50,14,16,30,0.32,0.28,0.6,0.16,-9,https://www.eliteprospects.com/player/201938/cole-o-hara,2025-2026,ahl
Oasiz Wiesblatt,Milwaukee Admirals,50,9,12,21,0.24,0.18,0.42,1.88,-15,https://www.eliteprospects.com/player/562425/oasiz-wiesblatt,2025-2026,ahl
Kenny Connors,Ontario Reign,50,9,20,29,0.4,0.18,0.58,0.42,13,https://www.eliteprospects.com/player/478379/kenny-connors,2025-2026,ahl
Anton Wahlberg,Rochester Americans,50,6,20,26,0.4,0.12,0.52,0.28,10,https://www.eliteprospects.com/player/643681/anton-wahlberg,2025-2026,ahl
Nikita Novikov,Rochester Americans,50,6,12,18,0.24,0.12,0.36,0.88,6,https://www.eliteprospects.com/player/539224/nikita-novikov,2025-2026,ahl
Brendan Warren,Rochester Americans,50,5,6,11,0.12,0.1,0.22,0.34,-8,https://www.eliteprospects.com/player/208973/brendan-warren,2025-2026,ahl
Brett Seney,Rockford IceHogs,50,12,30,42,0.6,0.24,0.84,1.1,6,https://www.eliteprospects.com/player/204125/brett-seney,2025-2026,ahl
Nikolas Brouillard,San Diego Gulls,50,4,17,21,0.34,0.08,0.42,0.62,12,https://www.eliteprospects.com/player/128256/nikolas-brouillard,2025-2026,ahl
Nathan Gaucher,San Diego Gulls,50,8,12,20,0.24,0.16,0.4,0.78,3,https://www.eliteprospects.com/player/340644/nathan-gaucher,2025-2026,ahl
Jakob Pelletier,Syracuse Crunch,50,22,39,61,0.78,0.44,1.22,0.26,23,https://www.eliteprospects.com/player/410525/jakob-pelletier,2025-2026,ahl
Matteo Pietroniro,Syracuse Crunch,50,7,14,21,0.28,0.14,0.42,1.4,22,https://www.eliteprospects.com/player/266502/matteo-pietroniro,2025-2026,ahl
Scott Perunovich,Tucson Roadrunners,50,6,29,35,0.58,0.12,0.7,0.84,1,https://www.eliteprospects.com/player/300906/scott-perunovich,2025-2026,ahl
Maksymilian Szuber,Tucson Roadrunners,50,10,15,25,0.3,0.2,0.5,0.84,4,https://www.eliteprospects.com/player/393666/maksymilian-szuber,2025-2026,ahl
Noel Nordh,Tucson Roadrunners,50,6,14,20,0.28,0.12,0.4,0.2,-7,https://www.eliteprospects.com/player/637582/noel-nordh,2025-2026,ahl
Topias Vilen,Utica Comets,50,4,15,19,0.3,0.08,0.38,0.36,4,https://www.eliteprospects.com/player/557184/topias-vilen,2025-2026,ahl
Joe Arntsen,Abbotsford Canucks,51,2,3,5,0.059,0.039,0.1,1.569,-16,https://www.eliteprospects.com/player/483623/joe-arntsen,2025-2026,ahl
Damien Carfagna,Bakersfield Condors,51,7,11,18,0.216,0.137,0.35,0.353,12,https://www.eliteprospects.com/player/478646/damien-carfagna,2025-2026,ahl
William Stromgren,Calgary Wranglers,51,10,30,40,0.588,0.196,0.78,0.706,1,https://www.eliteprospects.com/player/486944/william-stromgren,2025-2026,ahl
Daniil Miromanov,Calgary Wranglers,51,9,18,27,0.353,0.176,0.53,0.392,-6,https://www.eliteprospects.com/player/289399/daniil-miromanov,2025-2026,ahl
Brett Chorske,Charlotte Checkers,51,10,12,22,0.235,0.196,0.43,0.275,6,https://www.eliteprospects.com/player/511065/brett-chorske,2025-2026,ahl
Ryan Suzuki,Chicago Wolves,51,10,33,43,0.647,0.196,0.84,0.51,18,https://www.eliteprospects.com/player/418345/ryan-suzuki,2025-2026,ahl
Nikita Pavlychev,Chicago Wolves,51,11,10,21,0.196,0.216,0.41,0.608,4,https://www.eliteprospects.com/player/248436/nikita-pavlychev,2025-2026,ahl
Ronan Seeley,Chicago Wolves,51,7,9,16,0.176,0.137,0.31,0.157,-9,https://www.eliteprospects.com/player/413245/ronan-seeley,2025-2026,ahl
Roman Ahcan,Cleveland Monsters,51,13,7,20,0.137,0.255,0.39,1.275,7,https://www.eliteprospects.com/player/340279/roman-ahcan,2025-2026,ahl
T.J. Tynan,Colorado Eagles,51,3,33,36,0.647,0.059,0.71,0.745,4,https://www.eliteprospects.com/player/45686/t.j.-tynan,2025-2026,ahl
Tristen Nielsen,Colorado Eagles,51,20,14,34,0.275,0.392,0.67,0.863,6,https://www.eliteprospects.com/player/299754/tristen-nielsen,2025-2026,ahl
Ivan Ivan,Colorado Eagles,51,6,11,17,0.216,0.118,0.33,0.706,3,https://www.eliteprospects.com/player/427962/ivan-ivan,2025-2026,ahl
Florian Xhekaj,Laval Rocket,51,12,11,23,0.216,0.235,0.45,2.608,9,https://www.eliteprospects.com/player/620316/florian-xhekaj,2025-2026,ahl
Samuel Fagemo,Manitoba Moose,51,14,11,25,0.216,0.275,0.49,0.314,-12,https://www.eliteprospects.com/player/288459/samuel-fagemo,2025-2026,ahl
Phil Di Giuseppe,Manitoba Moose,51,10,14,24,0.275,0.196,0.47,1.059,-10,https://www.eliteprospects.com/player/62746/phil-di-giuseppe,2025-2026,ahl
Jaret Anderson-Dolan,Manitoba Moose,51,8,14,22,0.275,0.157,0.43,0.745,-6,https://www.eliteprospects.com/player/278859/jaret-anderson-dolan,2025-2026,ahl
Brayden Yager,Manitoba Moose,51,8,12,20,0.235,0.157,0.39,0.157,-9,https://www.eliteprospects.com/player/565757/brayden-yager,2025-2026,ahl
Jake Lucchini,Milwaukee Admirals,51,13,25,38,0.49,0.255,0.75,0.333,-11,https://www.eliteprospects.com/player/102374/jake-lucchini,2025-2026,ahl
Kyle Marino,Milwaukee Admirals,51,4,5,9,0.098,0.078,0.18,2.431,-1,https://www.eliteprospects.com/player/210307/kyle-marino,2025-2026,ahl
Aatu Jamsen,Ontario Reign,51,15,10,25,0.196,0.294,0.49,0.431,2,https://www.eliteprospects.com/player/557189/aatu-jamsen,2025-2026,ahl
Fabian Lysell,Providence Bruins,51,15,25,40,0.49,0.294,0.78,0.784,12,https://www.eliteprospects.com/player/472769/fabian-lysell,2025-2026,ahl
Tyson Hinds,San Diego Gulls,51,4,9,13,0.176,0.078,0.25,0.333,6,https://www.eliteprospects.com/player/485317/tyson-hinds,2025-2026,ahl
Kasper Halttunen,San Jose Barracuda,51,11,17,28,0.333,0.216,0.55,0.725,6,https://www.eliteprospects.com/player/709538/kasper-halttunen,2025-2026,ahl
Hugh McGing,Springfield Thunderbirds,51,7,14,21,0.275,0.137,0.41,0.824,-9,https://www.eliteprospects.com/player/233569/hugh-mcging,2025-2026,ahl
Cameron Hebig,Tucson Roadrunners,51,17,26,43,0.51,0.333,0.84,0.549,3,https://www.eliteprospects.com/player/199897/cameron-hebig,2025-2026,ahl
Aidan McDonough,Wilkes-Barre/Scranton Penguins,51,15,15,30,0.294,0.294,0.59,0.392,15,https://www.eliteprospects.com/player/348494/aidan-mcdonough,2025-2026,ahl
Quinn Hutson,Bakersfield Condors,52,26,23,49,0.442,0.5,0.94,1.346,0,https://www.eliteprospects.com/player/201721/quinn-hutson,2025-2026,ahl
Philippe Daoust,Belleville Senators,52,13,30,43,0.577,0.25,0.83,0.462,-12,https://www.eliteprospects.com/player/574526/philippe-daoust,2025-2026,ahl
Keean Washkurak,Belleville Senators,52,7,7,14,0.135,0.135,0.27,1.769,-10,https://www.eliteprospects.com/player/433833/keean-washkurak,2025-2026,ahl
Joey Larson,Bridgeport Islanders,52,15,11,26,0.212,0.288,0.5,0.404,-1,https://www.eliteprospects.com/player/359529/joey-larson,2025-2026,ahl
Noel Gunler,Chicago Wolves,52,11,16,27,0.308,0.212,0.52,0.654,-11,https://www.eliteprospects.com/player/393444/noel-gunler,2025-2026,ahl
Evan Vierling,Chicago Wolves,52,12,12,24,0.231,0.231,0.46,0.192,-12,https://www.eliteprospects.com/player/503023/evan-vierling,2025-2026,ahl
Luca Pinelli,Cleveland Monsters,52,10,24,34,0.462,0.192,0.65,1.019,-3,https://www.eliteprospects.com/player/603563/luca-pinelli,2025-2026,ahl
Corson Ceulemans,Cleveland Monsters,52,8,13,21,0.25,0.154,0.4,0.673,-11,https://www.eliteprospects.com/player/475841/corson-ceulemans,2025-2026,ahl
Mitchell Stephens,Coachella Valley Firebirds,52,8,10,18,0.192,0.154,0.35,0.385,-14,https://www.eliteprospects.com/player/186392/mitchell-stephens,2025-2026,ahl
Carson Rehkopf,Coachella Valley Firebirds,52,11,5,16,0.096,0.212,0.31,0.385,-2,https://www.eliteprospects.com/player/603556/carson-rehkopf,2025-2026,ahl
Keaton Middleton,Colorado Eagles,52,3,7,10,0.135,0.058,0.19,1.038,19,https://www.eliteprospects.com/player/249597/keaton-middleton,2025-2026,ahl
Bryce McConnell-Barker,Hartford Wolf Pack,52,8,7,15,0.135,0.154,0.29,0.269,-10,https://www.eliteprospects.com/player/640853/bryce-mcconnell-barker,2025-2026,ahl
Mitch McLain,Henderson Silver Knights,52,12,12,24,0.231,0.231,0.46,1.442,-7,https://www.eliteprospects.com/player/193228/mitch-mclain,2025-2026,ahl
Jackson Hallum,Henderson Silver Knights,52,9,15,24,0.288,0.173,0.46,0.846,12,https://www.eliteprospects.com/player/587538/jackson-hallum,2025-2026,ahl
Grant Cruikshank,Hershey Bears,52,9,5,14,0.096,0.173,0.27,0.865,-12,https://www.eliteprospects.com/player/272303/grant-cruikshank,2025-2026,ahl
Carson Lambos,Iowa Wild,52,7,9,16,0.173,0.135,0.31,0.769,-4,https://www.eliteprospects.com/player/472875/carson-lambos,2025-2026,ahl
Bradley Marek,Iowa Wild,52,6,3,9,0.058,0.115,0.17,1.269,-1,https://www.eliteprospects.com/player/370261/bradley-marek,2025-2026,ahl
Laurent Dauphin,Laval Rocket,52,15,44,59,0.846,0.288,1.13,0.654,26,https://www.eliteprospects.com/player/126400/laurent-dauphin,2025-2026,ahl
Lane Pederson,Lehigh Valley Phantoms,52,18,20,38,0.385,0.346,0.73,0.692,-7,https://www.eliteprospects.com/player/199918/lane-pederson,2025-2026,ahl
Cole Guttman,Ontario Reign,52,20,22,42,0.423,0.385,0.81,0.846,3,https://www.eliteprospects.com/player/201449/cole-guttman,2025-2026,ahl
Joe Hicketts,Ontario Reign,52,3,15,18,0.288,0.058,0.35,0.942,-6,https://www.eliteprospects.com/player/120210/joe-hicketts,2025-2026,ahl
Matthew Poitras,Providence Bruins,52,11,23,34,0.442,0.212,0.65,0.808,-5,https://www.eliteprospects.com/player/661581/matthew-poitras,2025-2026,ahl
Trevor Kuntar,Rochester Americans,52,14,13,27,0.25,0.269,0.52,1.365,-7,https://www.eliteprospects.com/player/290309/trevor-kuntar,2025-2026,ahl
Luca Cagnoni,San Jose Barracuda,52,7,26,33,0.5,0.135,0.63,0.385,-2,https://www.eliteprospects.com/player/529803/luca-cagnoni,2025-2026,ahl
Lucas Carlsson,San Jose Barracuda,52,12,12,24,0.231,0.231,0.46,0.577,2,https://www.eliteprospects.com/player/212334/lucas-carlsson,2025-2026,ahl
Chris Wagner,Springfield Thunderbirds,52,18,13,31,0.25,0.346,0.6,0.788,-17,https://www.eliteprospects.com/player/39429/chris-wagner,2025-2026,ahl
Lucas Mercuri,Syracuse Crunch,52,12,10,22,0.192,0.231,0.42,1.788,18,https://www.eliteprospects.com/player/296187/lucas-mercuri,2025-2026,ahl
Antonio Stranges,Texas Stars,52,12,15,27,0.288,0.231,0.52,0.077,-22,https://www.eliteprospects.com/player/369848/antonio-stranges,2025-2026,ahl
Artem Shlaine,Texas Stars,52,15,10,25,0.192,0.288,0.48,0.192,-2,https://www.eliteprospects.com/player/498107/artem-shlaine,2025-2026,ahl
Michael Karow,Texas Stars,52,7,14,21,0.269,0.135,0.4,0.269,23,https://www.eliteprospects.com/player/350368/michael-karow,2025-2026,ahl
Shane Lachance,Utica Comets,52,10,12,22,0.231,0.192,0.42,0.269,-17,https://www.eliteprospects.com/player/659483/shane-lachance,2025-2026,ahl
Jonathan Gruden,Utica Comets,52,8,11,19,0.212,0.154,0.37,0.923,-3,https://www.eliteprospects.com/player/276187/jonathan-gruden,2025-2026,ahl
Rafael Harvey-Pinard,Wilkes-Barre/Scranton Penguins,52,14,11,25,0.212,0.269,0.48,0.596,9,https://www.eliteprospects.com/player/354123/rafael-harvey-pinard,2025-2026,ahl
Daniel D'Amato,Bakersfield Condors,53,5,10,15,0.189,0.094,0.28,0.415,3,https://www.eliteprospects.com/player/583011/daniel-d-amato,2025-2026,ahl
Sam Morton,Calgary Wranglers,53,12,20,32,0.377,0.226,0.6,0.491,-7,https://www.eliteprospects.com/player/274009/sam-morton,2025-2026,ahl
Carter King,Calgary Wranglers,53,4,6,10,0.113,0.075,0.19,0.113,-12,https://www.eliteprospects.com/player/412951/carter-king,2025-2026,ahl
Nolan Foote,Charlotte Checkers,53,14,18,32,0.34,0.264,0.6,0.679,2,https://www.eliteprospects.com/player/240385/nolan-foote,2025-2026,ahl
Felix Unger Sorum,Chicago Wolves,53,11,37,48,0.698,0.208,0.91,0.34,2,https://www.eliteprospects.com/player/618598/felix-unger-sorum,2025-2026,ahl
Skyler Brind'Amour,Chicago Wolves,53,15,15,30,0.283,0.283,0.57,0.415,-5,https://www.eliteprospects.com/player/345585/skyler-brind-amour,2025-2026,ahl
Josiah Slavin,Chicago Wolves,53,4,18,22,0.34,0.075,0.42,0.377,-1,https://www.eliteprospects.com/player/324913/josiah-slavin,2025-2026,ahl
Owen Sillinger,Cleveland Monsters,53,13,15,28,0.283,0.245,0.53,0.774,-8,https://www.eliteprospects.com/player/199994/owen-sillinger,2025-2026,ahl
Alex Kannok Leipert,Grand Rapids Griffins,53,1,12,13,0.226,0.019,0.25,0.925,13,https://www.eliteprospects.com/player/287497/alex-kannok-leipert,2025-2026,ahl
Jackson Dorrington,Hartford Wolf Pack,53,1,7,8,0.132,0.019,0.15,1.038,-5,https://www.eliteprospects.com/player/603639/jackson-dorrington,2025-2026,ahl
Jeremy Davies,Henderson Silver Knights,53,7,27,34,0.509,0.132,0.64,1.358,-5,https://www.eliteprospects.com/player/213454/jeremy-davies,2025-2026,ahl
Matyas Sapovaliv,Henderson Silver Knights,53,12,9,21,0.17,0.226,0.4,0.113,-11,https://www.eliteprospects.com/player/559506/matyas-sapovaliv,2025-2026,ahl
Riley Heidt,Iowa Wild,53,5,14,19,0.264,0.094,0.36,0.491,-15,https://www.eliteprospects.com/player/565748/riley-heidt,2025-2026,ahl
Jacob Gaucher,Lehigh Valley Phantoms,53,15,14,29,0.264,0.283,0.55,0.755,-5,https://www.eliteprospects.com/player/290162/jacob-gaucher,2025-2026,ahl
Andrew Gibson,Milwaukee Admirals,53,2,6,8,0.113,0.038,0.15,0.736,4,https://www.eliteprospects.com/player/702313/andrew-gibson,2025-2026,ahl
Kevin Gravel,Milwaukee Admirals,53,0,6,6,0.113,0,0.11,0.491,-12,https://www.eliteprospects.com/player/35674/kevin-gravel,2025-2026,ahl
Kirill Kirsanov,Ontario Reign,53,4,8,12,0.151,0.075,0.23,0.151,9,https://www.eliteprospects.com/player/542519/kirill-kirsanov,2025-2026,ahl
Georgii Merkulov,Providence Bruins,53,17,27,44,0.509,0.321,0.83,0.642,11,https://www.eliteprospects.com/player/395630/georgii-merkulov,2025-2026,ahl
Billy Sweezey,Providence Bruins,53,1,12,13,0.226,0.019,0.25,1.094,25,https://www.eliteprospects.com/player/286681/billy-sweezey,2025-2026,ahl
Jagger Joshua,Rochester Americans,53,7,13,20,0.245,0.132,0.38,1.528,-3,https://www.eliteprospects.com/player/317021/jagger-joshua,2025-2026,ahl
Jimmy Huntington,San Jose Barracuda,53,12,27,39,0.509,0.226,0.74,0.66,5,https://www.eliteprospects.com/player/254885/jimmy-huntington,2025-2026,ahl
Jack Becker,Texas Stars,53,11,17,28,0.321,0.208,0.53,0.547,9,https://www.eliteprospects.com/player/248382/jack-becker,2025-2026,ahl
Kole Lind,Texas Stars,53,10,16,26,0.302,0.189,0.49,1.377,-10,https://www.eliteprospects.com/player/200933/kole-lind,2025-2026,ahl
Trey Taylor,Texas Stars,53,7,14,21,0.264,0.132,0.4,0.453,-4,https://www.eliteprospects.com/player/485649/trey-taylor,2025-2026,ahl
Luke Haymes,Toronto Marlies,53,14,10,24,0.189,0.264,0.45,0.34,-5,https://www.eliteprospects.com/player/479794/luke-haymes,2025-2026,ahl
Noah Chadwick,Toronto Marlies,53,4,14,18,0.264,0.075,0.34,0.377,-7,https://www.eliteprospects.com/player/603568/noah-chadwick,2025-2026,ahl
Austin Poganski,Tucson Roadrunners,53,14,24,38,0.453,0.264,0.72,0.189,-3,https://www.eliteprospects.com/player/231724/austin-poganski,2025-2026,ahl
Ethan Edwards,Utica Comets,53,10,10,20,0.189,0.189,0.38,1.113,-9,https://www.eliteprospects.com/player/413501/ethan-edwards,2025-2026,ahl
Chase Pietila,Wilkes-Barre/Scranton Penguins,53,1,12,13,0.226,0.019,0.25,1.038,21,https://www.eliteprospects.com/player/655358/chase-pietila,2025-2026,ahl
Bokondji Imama,Wilkes-Barre/Scranton Penguins,53,6,5,11,0.094,0.113,0.21,1.66,2,https://www.eliteprospects.com/player/151711/bokondji-imama,2025-2026,ahl
Ben Berard,Abbotsford Canucks,54,13,16,29,0.296,0.241,0.54,0.278,-24,https://www.eliteprospects.com/player/297996/ben-berard,2025-2026,ahl
Adam Beckman,Bridgeport Islanders,54,22,17,39,0.315,0.407,0.72,0.296,1,https://www.eliteprospects.com/player/291514/adam-beckman,2025-2026,ahl
Hunter Drew,Bridgeport Islanders,54,13,11,24,0.204,0.241,0.44,2.333,-3,https://www.eliteprospects.com/player/267823/hunter-drew,2025-2026,ahl
Daylan Kuefler,Bridgeport Islanders,54,6,14,20,0.259,0.111,0.37,0.593,4,https://www.eliteprospects.com/player/413108/daylan-kuefler,2025-2026,ahl
Hudson Fasching,Cleveland Monsters,54,5,8,13,0.148,0.093,0.24,0.185,-7,https://www.eliteprospects.com/player/114801/hudson-fasching,2025-2026,ahl
Guillaume Richard,Cleveland Monsters,54,5,8,13,0.148,0.093,0.24,0.296,13,https://www.eliteprospects.com/player/551201/guillaume-richard,2025-2026,ahl
Alex Barre-Boulet,Colorado Eagles,54,17,37,54,0.685,0.315,1,0.444,17,https://www.eliteprospects.com/player/227670/alex-barre-boulet,2025-2026,ahl
Antti Tuomisto,Grand Rapids Griffins,54,7,16,23,0.296,0.13,0.43,0.407,20,https://www.eliteprospects.com/player/396170/antti-tuomisto,2025-2026,ahl
Jakub Rychlovsky,Grand Rapids Griffins,54,5,15,20,0.278,0.093,0.37,0.37,8,https://www.eliteprospects.com/player/386542/jakub-rychlovsky,2025-2026,ahl
Casey Fitzgerald,Hartford Wolf Pack,54,3,16,19,0.296,0.056,0.35,1.241,3,https://www.eliteprospects.com/player/177660/casey-fitzgerald,2025-2026,ahl
Louie Belpedio,Hershey Bears,54,7,22,29,0.407,0.13,0.54,1.093,1,https://www.eliteprospects.com/player/177686/louie-belpedio,2025-2026,ahl
Zayde Wisdom,Lehigh Valley Phantoms,54,10,11,21,0.204,0.185,0.39,0.352,4,https://www.eliteprospects.com/player/537563/zayde-wisdom,2025-2026,ahl
Garrett Wilson,Lehigh Valley Phantoms,54,4,12,16,0.222,0.074,0.3,1.87,-2,https://www.eliteprospects.com/player/23809/garrett-wilson,2025-2026,ahl
Jordan Oesterle,Milwaukee Admirals,54,5,27,32,0.5,0.093,0.59,0.407,-16,https://www.eliteprospects.com/player/84700/jordan-oesterle,2025-2026,ahl
Jared Wright,Ontario Reign,54,17,13,30,0.241,0.315,0.56,0.204,27,https://www.eliteprospects.com/player/616241/jared-wright,2025-2026,ahl
Riley Fiddler-Schultz,Rochester Americans,54,18,12,30,0.222,0.333,0.56,0.37,-12,https://www.eliteprospects.com/player/408219/riley-fiddler-schultz,2025-2026,ahl
Gavin Hayes,Rockford IceHogs,54,13,12,25,0.222,0.241,0.46,0.259,-14,https://www.eliteprospects.com/player/635399/gavin-hayes,2025-2026,ahl
Jamie Engelbert,Rockford IceHogs,54,7,13,20,0.241,0.13,0.37,0.741,-13,https://www.eliteprospects.com/player/416714/jamie-engelbert,2025-2026,ahl
Yegor Sidorov,San Diego Gulls,54,14,12,26,0.222,0.259,0.48,0.593,-12,https://www.eliteprospects.com/player/679585/yegor-sidorov,2025-2026,ahl
Stian Solberg,San Diego Gulls,54,9,6,15,0.111,0.167,0.28,1.519,-17,https://www.eliteprospects.com/player/619175/stian-solberg,2025-2026,ahl
Noah Warren,San Diego Gulls,54,2,10,12,0.185,0.037,0.22,0.481,9,https://www.eliteprospects.com/player/574586/noah-warren,2025-2026,ahl
Braden Hache,San Jose Barracuda,54,3,7,10,0.13,0.056,0.19,1.556,7,https://www.eliteprospects.com/player/614397/braden-hache,2025-2026,ahl
Juraj Pekarcik,Springfield Thunderbirds,54,7,20,27,0.37,0.13,0.5,0.185,-10,https://www.eliteprospects.com/player/731900/juraj-pekarcik,2025-2026,ahl
Tristan Allard,Syracuse Crunch,54,6,15,21,0.278,0.111,0.39,0.944,5,https://www.eliteprospects.com/player/413671/tristan-allard,2025-2026,ahl
Cameron Hughes,Texas Stars,54,13,43,56,0.796,0.241,1.04,0.519,14,https://www.eliteprospects.com/player/62155/cameron-hughes,2025-2026,ahl
Matthew Seminoff,Texas Stars,54,18,18,36,0.333,0.333,0.67,0.259,14,https://www.eliteprospects.com/player/538928/matthew-seminoff,2025-2026,ahl
Harrison Scott,Texas Stars,54,11,11,22,0.204,0.204,0.41,0.481,-5,https://www.eliteprospects.com/player/393183/harrison-scott,2025-2026,ahl
Curtis McKenzie,Texas Stars,54,6,11,17,0.204,0.111,0.31,0.944,-8,https://www.eliteprospects.com/player/19277/curtis-mckenzie,2025-2026,ahl
Benoit-Olivier Groulx,Toronto Marlies,54,27,23,50,0.426,0.5,0.93,0.593,13,https://www.eliteprospects.com/player/335689/benoit-olivier-groulx,2025-2026,ahl
Owen Pickering,Wilkes-Barre/Scranton Penguins,54,5,17,22,0.315,0.093,0.41,0.481,9,https://www.eliteprospects.com/player/580641/owen-pickering,2025-2026,ahl
Chase Wouters,Abbotsford Canucks,55,9,13,22,0.236,0.164,0.4,0.964,-24,https://www.eliteprospects.com/player/282350/chase-wouters,2025-2026,ahl
Lassi Thomson,Belleville Senators,55,14,11,25,0.2,0.255,0.45,0.982,1,https://www.eliteprospects.com/player/372919/lassi-thomson,2025-2026,ahl
Oskar Pettersson,Belleville Senators,55,9,7,16,0.127,0.164,0.29,0.291,-8,https://www.eliteprospects.com/player/562987/oskar-pettersson,2025-2026,ahl
Scott Harrington,Belleville Senators,55,3,13,16,0.236,0.055,0.29,0.436,-16,https://www.eliteprospects.com/player/39653/scott-harrington,2025-2026,ahl
Martin Frk,Calgary Wranglers,55,20,24,44,0.436,0.364,0.8,1.055,8,https://www.eliteprospects.com/player/56033/martin-frk,2025-2026,ahl
Wilmer Skoog,Charlotte Checkers,55,18,16,34,0.291,0.327,0.62,0.564,10,https://www.eliteprospects.com/player/344665/wilmer-skoog,2025-2026,ahl
Logan Morrison,Coachella Valley Firebirds,55,26,27,53,0.491,0.473,0.96,0.691,25,https://www.eliteprospects.com/player/201937/logan-morrison,2025-2026,ahl
Jagger Firkus,Coachella Valley Firebirds,55,20,32,52,0.582,0.364,0.95,0.218,16,https://www.eliteprospects.com/player/565465/jagger-firkus,2025-2026,ahl
Tyson Jugnauth,Coachella Valley Firebirds,55,7,28,35,0.509,0.127,0.64,0.655,3,https://www.eliteprospects.com/player/650072/tyson-jugnauth,2025-2026,ahl
Jayson Megna,Colorado Eagles,55,23,19,42,0.345,0.418,0.76,0.509,20,https://www.eliteprospects.com/player/46027/jayson-megna,2025-2026,ahl
Wyatt Aamodt,Colorado Eagles,55,3,19,22,0.345,0.055,0.4,0.618,27,https://www.eliteprospects.com/player/300969/wyatt-aamodt,2025-2026,ahl
Alex Gagne,Colorado Eagles,55,1,12,13,0.218,0.018,0.24,0.855,13,https://www.eliteprospects.com/player/510343/alex-gagne,2025-2026,ahl
William Wallinder,Grand Rapids Griffins,55,1,16,17,0.291,0.018,0.31,0.382,15,https://www.eliteprospects.com/player/482190/william-wallinder,2025-2026,ahl
Gabriel Seger,Grand Rapids Griffins,55,7,8,15,0.145,0.127,0.27,0.236,13,https://www.eliteprospects.com/player/266077/gabriel-seger,2025-2026,ahl
Trey Fix-Wolansky,Hartford Wolf Pack,55,23,18,41,0.327,0.418,0.75,1.4,1,https://www.eliteprospects.com/player/257717/trey-fix-wolansky,2025-2026,ahl
Adam Sykora,Hartford Wolf Pack,55,11,16,27,0.291,0.2,0.49,0.473,6,https://www.eliteprospects.com/player/527426/adam-sykora,2025-2026,ahl
Dylan Roobroeck,Hartford Wolf Pack,55,9,13,22,0.236,0.164,0.4,0.982,-9,https://www.eliteprospects.com/player/603612/dylan-roobroeck,2025-2026,ahl
Carey Terrance,Hartford Wolf Pack,55,5,3,8,0.055,0.091,0.15,0.655,-10,https://www.eliteprospects.com/player/574539/carey-terrance,2025-2026,ahl
Luke Tuch,Laval Rocket,55,9,4,13,0.073,0.164,0.24,1.091,8,https://www.eliteprospects.com/player/470086/luke-tuch,2025-2026,ahl
Karsen Dorwart,Lehigh Valley Phantoms,55,8,11,19,0.2,0.145,0.35,0.291,-8,https://www.eliteprospects.com/player/561422/karsen-dorwart,2025-2026,ahl
Martin Chromiak,Ontario Reign,55,19,22,41,0.4,0.345,0.75,0.218,0,https://www.eliteprospects.com/player/292067/martin-chromiak,2025-2026,ahl
Samuel Bolduc,Ontario Reign,55,5,16,21,0.291,0.091,0.38,0.327,7,https://www.eliteprospects.com/player/356985/samuel-bolduc,2025-2026,ahl
Patrick Brown,Providence Bruins,55,17,32,49,0.582,0.309,0.89,0.836,33,https://www.eliteprospects.com/player/75038/patrick-brown,2025-2026,ahl
Frederic Brunet,Providence Bruins,55,11,17,28,0.309,0.2,0.51,0.509,13,https://www.eliteprospects.com/player/502761/frederic-brunet,2025-2026,ahl
John Farinacci,Providence Bruins,55,7,8,15,0.145,0.127,0.27,0.109,-2,https://www.eliteprospects.com/player/445599/john-farinacci,2025-2026,ahl
Riley Duran,Providence Bruins,55,2,11,13,0.2,0.036,0.24,0.327,11,https://www.eliteprospects.com/player/552533/riley-duran,2025-2026,ahl
Sasha Pastujov,San Diego Gulls,55,13,27,40,0.491,0.236,0.73,0.473,4,https://www.eliteprospects.com/player/512165/sasha-pastujov,2025-2026,ahl
Matthew Phillips,San Diego Gulls,55,10,29,39,0.527,0.182,0.71,0.218,-11,https://www.eliteprospects.com/player/161060/matthew-phillips,2025-2026,ahl
Ryan Carpenter,San Diego Gulls,55,14,20,34,0.364,0.255,0.62,0.364,-9,https://www.eliteprospects.com/player/46952/ryan-carpenter,2025-2026,ahl
Judd Caulfield,San Diego Gulls,55,14,18,32,0.327,0.255,0.58,0.218,7,https://www.eliteprospects.com/player/444997/judd-caulfield,2025-2026,ahl
Justin Bailey,San Diego Gulls,55,18,12,30,0.218,0.327,0.55,0.655,4,https://www.eliteprospects.com/player/116970/justin-bailey,2025-2026,ahl
Tristan Luneau,San Diego Gulls,55,5,19,24,0.345,0.091,0.44,0.491,-13,https://www.eliteprospects.com/player/491564/tristan-luneau,2025-2026,ahl
Roland McKeown,San Diego Gulls,55,5,16,21,0.291,0.091,0.38,0.691,-6,https://www.eliteprospects.com/player/189364/roland-mckeown,2025-2026,ahl
Nico Myatovic,San Diego Gulls,55,5,8,13,0.145,0.091,0.24,0.436,5,https://www.eliteprospects.com/player/650108/nico-myatovic,2025-2026,ahl
Owen Allard,Tucson Roadrunners,55,6,8,14,0.145,0.109,0.25,0.218,-9,https://www.eliteprospects.com/player/562236/owen-allard,2025-2026,ahl
Atley Calvert,Wilkes-Barre/Scranton Penguins,55,11,18,29,0.327,0.2,0.53,0.327,16,https://www.eliteprospects.com/player/406413/atley-calvert,2025-2026,ahl
Jimmy Schuldt,Abbotsford Canucks,56,2,12,14,0.214,0.036,0.25,0.679,-20,https://www.eliteprospects.com/player/196941/jimmy-schuldt,2025-2026,ahl
Arthur Kaliyev,Belleville Senators,56,31,22,53,0.393,0.554,0.95,0.464,-18,https://www.eliteprospects.com/player/316114/arthur-kaliyev,2025-2026,ahl
Xavier Bourgault,Belleville Senators,56,16,27,43,0.482,0.286,0.77,0.393,-16,https://www.eliteprospects.com/player/341629/xavier-bourgault,2025-2026,ahl
Nick Cicek,Calgary Wranglers,56,5,11,16,0.196,0.089,0.29,1.339,-11,https://www.eliteprospects.com/player/296031/nick-cicek,2025-2026,ahl
Ben Steeves,Charlotte Checkers,56,18,16,34,0.286,0.321,0.61,1.214,0,https://www.eliteprospects.com/player/510338/ben-steeves,2025-2026,ahl
Mike Benning,Charlotte Checkers,56,8,23,31,0.411,0.143,0.55,0.714,10,https://www.eliteprospects.com/player/201914/mike-benning,2025-2026,ahl
Brian Pinho,Charlotte Checkers,56,8,17,25,0.304,0.143,0.45,0.286,6,https://www.eliteprospects.com/player/132024/brian-pinho,2025-2026,ahl
Jack Williams,Cleveland Monsters,56,11,16,27,0.286,0.196,0.48,0.179,3,https://www.eliteprospects.com/player/498800/jack-williams,2025-2026,ahl
Alex Belzile,Laval Rocket,56,26,26,52,0.464,0.464,0.93,1.036,16,https://www.eliteprospects.com/player/68593/alex-belzile,2025-2026,ahl
Glenn Gawdin,Ontario Reign,56,12,30,42,0.536,0.214,0.75,1.125,-1,https://www.eliteprospects.com/player/192245/glenn-gawdin,2025-2026,ahl
Theo Lindstein,Springfield Thunderbirds,56,6,8,14,0.143,0.107,0.25,0.321,-24,https://www.eliteprospects.com/player/704824/theo-lindstein,2025-2026,ahl
Dylan Duke,Syracuse Crunch,56,29,20,49,0.357,0.518,0.88,0.536,-2,https://www.eliteprospects.com/player/512163/dylan-duke,2025-2026,ahl
Brendan Furry,Syracuse Crunch,56,14,14,28,0.25,0.25,0.5,0.357,-3,https://www.eliteprospects.com/player/474371/brendan-furry,2025-2026,ahl
Logan Shaw,Toronto Marlies,56,18,21,39,0.375,0.321,0.7,0.411,-1,https://www.eliteprospects.com/player/37280/logan-shaw,2025-2026,ahl
Ryan Schmelzer,Utica Comets,56,2,17,19,0.304,0.036,0.34,0.607,-9,https://www.eliteprospects.com/player/103818/ryan-schmelzer,2025-2026,ahl
Seth Griffith,Bakersfield Condors,57,15,38,53,0.667,0.263,0.93,0.667,1,https://www.eliteprospects.com/player/45606/seth-griffith,2025-2026,ahl
Viljami Marjala,Bakersfield Condors,57,13,32,45,0.561,0.228,0.79,0.246,-2,https://www.eliteprospects.com/player/525657/viljami-marjala,2025-2026,ahl
Matthew Highmore,Bridgeport Islanders,57,10,21,31,0.368,0.175,0.54,0.386,0,https://www.eliteprospects.com/player/130125/matthew-highmore,2025-2026,ahl
Matthew Maggio,Bridgeport Islanders,57,10,20,30,0.351,0.175,0.53,0.526,-2,https://www.eliteprospects.com/player/505365/matthew-maggio,2025-2026,ahl
Clark Bishop,Calgary Wranglers,57,6,10,16,0.175,0.105,0.28,0.93,-10,https://www.eliteprospects.com/player/191376/clark-bishop,2025-2026,ahl
Ilya Protas,Hershey Bears,57,24,24,48,0.421,0.421,0.84,0.596,7,https://www.eliteprospects.com/player/949987/ilya-protas,2025-2026,ahl
Andrew Cristall,Hershey Bears,57,13,31,44,0.544,0.228,0.77,0.316,-9,https://www.eliteprospects.com/player/603591/andrew-cristall,2025-2026,ahl
Tyler Thorpe,Laval Rocket,57,2,9,11,0.158,0.035,0.19,1.158,1,https://www.eliteprospects.com/player/735110/tyler-thorpe,2025-2026,ahl
Phil Kemp,Wilkes-Barre/Scranton Penguins,57,3,7,10,0.123,0.053,0.18,0.684,2,https://www.eliteprospects.com/player/311901/phil-kemp,2025-2026,ahl
Jorian Donovan,Belleville Senators,58,4,17,21,0.293,0.069,0.36,1.207,-12,https://www.eliteprospects.com/player/562241/jorian-donovan,2025-2026,ahl
Lucas Condotta,Laval Rocket,58,7,9,16,0.155,0.121,0.28,1.414,8,https://www.eliteprospects.com/player/238558/lucas-condotta,2025-2026,ahl
Sean Farrell,Laval Rocket,59,13,27,40,0.458,0.22,0.68,0.305,2,https://www.eliteprospects.com/player/386329/sean-farrell,2025-2026,ahl
Filip Mesar,Laval Rocket,59,7,16,23,0.271,0.119,0.39,0.339,2,https://www.eliteprospects.com/player/527430/filip-mesar,2025-2026,ahl
Guillaume Brisebois,Abbotsford Canucks,0,0,0,0,0,0,0,0,0,https://www.eliteprospects.com/player/213397/guillaume-brisebois,2025-2026,ahl
Juha Jaaska,Chicago Wolves,0,0,0,0,0,0,0,0,0,https://www.eliteprospects.com/player/222123/juha-jaaska,2025-2026,ahl
Max McCormick,Coachella Valley Firebirds,0,0,0,0,0,0,0,0,0,https://www.eliteprospects.com/player/90365/max-mccormick,2025-2026,ahl
Connor Kelley,Colorado Eagles,0,0,0,0,0,0,0,0,0,https://www.eliteprospects.com/player/495926/connor-kelley,2025-2026,ahl
Gannon Laroque,Laval Rocket,0,0,0,0,0,0,0,0,0,https://www.eliteprospects.com/player/476541/gannon-laroque,2025-2026,ahl
Sean Larochelle,Manitoba Moose,0,0,0,0,0,0,0,0,0,https://www.eliteprospects.com/player/295659/sean-larochelle,2025-2026,ahl
Erik Middendorf,Providence Bruins,0,0,0,0,0,0,0,0,0,https://www.eliteprospects.com/player/351001/erik-middendorf,2025-2026,ahl
Massimo Rizzo,Providence Bruins,0,0,0,0,0,0,0,0,0,https://www.eliteprospects.com/player/286939/massimo-rizzo,2025-2026,ahl
Christopher Brown,Providence Bruins,0,0,0,0,0,0,0,0,0,https://www.eliteprospects.com/player/248309/christopher-brown,2025-2026,ahl
Joe Carroll,Rockford IceHogs,0,0,0,0,0,0,0,0,0,https://www.eliteprospects.com/player/336897/joe-carroll,2025-2026,ahl
Jeremie Bucheler,Rockford IceHogs,0,0,0,0,0,0,0,0,0,https://www.eliteprospects.com/player/335685/jeremie-bucheler,2025-2026,ahl
