season,snapshot_date,team_id,team,team_abbr,games_played,wins,losses,wl_ratio,gf,ga,gf_pg,ga_pg,gpg_diff,sf_pg,shot_pct,pts,fo_pct,pp,ppg,pp_pct,pk,pkga,pk_pct,st_pct,p,pim,unf_errors,off,def,goal,grit,balance,pyth_win_pct,pyth_wins,wins_above_expected,team_abbr_canon,division,conference,source_file
2024,2025-11-01,29,Anaheim Ducks,NA,10,6,3,2,37,33,3.7,3.3,0.4,31.6,11.709999999999999,13,46.4,40,8,20,33,7,78.8,98.8,43,104,3.3539999999999996,64.98,48.61,45.849999999999994,66.28,56.43,0.56,5.57,0.43000000000000005,NA,NA,NA,nhl_team_stats_20251101.csv
2024,2025-11-01,11,Boston Bruins,NA,13,6,7,0.8600000000000001,43,47,3.3099999999999996,3.62,-0.31,26.69,12.39,12,55,45,10,22.2,54,10,81.5,103.7,65,146,3.662,53.49,41.51,37.4,66.01,49.6,0.46,5.92,0.08,NA,NA,NA,nhl_team_stats_20251101.csv
2024,2025-11-01,15,Buffalo Sabres,NA,11,4,4,1,33,35,3,3.18,-0.18,31.09,9.65,11,41.8,37,8,21.6,38,4,89.5,111.1,51,126,3.521,48.52,59.21,55.13,51.730000000000004,53.65,0.47000000000000003,5.18,-1.1800000000000002,NA,NA,NA,nhl_team_stats_20251101.csv
2024,2025-11-01,23,Calgary Flames,NA,12,2,8,0.25,27,42,2.25,3.5,-1.25,28.08,8.01,6,45.7,48,7,14.6,48,11,77.1,91.7,60,143,3.7630000000000003,21.6,38.92,37.15,63.78,40.36,0.29000000000000004,3.51,-1.51,NA,NA,NA,nhl_team_stats_20251101.csv
2024,2025-11-01,3,Carolina Hurricanes,NA,10,7,3,2.3299999999999996,40,30,4,3,1,33,12.12,14,50,31,3,9.7,39,7,82.1,91.8,49,98,3.11,63.44,57.74,52.5,49.309999999999995,55.75,0.64,6.4,0.6,NA,NA,NA,nhl_team_stats_20251101.csv
2024,2025-11-01,20,Chicago Blackhawks,NA,11,4,4,1,36,31,3.27,2.82,0.45,24.45,13.38,10,47.2,36,6,16.7,47,7,85.1,101.8,58,138,3.59,46.54,60.89,57.74,55.57,55.18,0.5700000000000001,6.31,-2.3099999999999996,NA,NA,NA,nhl_team_stats_20251101.csv
2024,2025-11-01,22,Colorado Avalanche,NA,12,7,1,7,45,30,3.75,2.5,1.25,33.83,11.08,18,50.9,47,8,17,36,4,88.9,105.9,44,94,2.541,65.22,72.21000000000001,70.79,26.419999999999998,58.660000000000004,0.69,8.31,-1.31,NA,NA,NA,nhl_team_stats_20251101.csv
2024,2025-11-01,19,Columbus Blue Jackets,NA,10,6,4,1.5,35,31,3.5,3.1,0.4,32.6,10.739999999999998,12,52.8,23,4,17.4,32,11,65.6,83,37,83,2.847,57.24,42.86,42.4,39.65,45.54,0.56,5.6,0.4,NA,NA,NA,nhl_team_stats_20251101.csv
2024,2025-11-01,27,Dallas Stars,NA,11,6,3,2,30,32,2.73,2.9099999999999997,-0.18,26.36,10.34,14,52,38,11,28.9,35,10,71.4,100.3,40,96,2.9119999999999995,44.36,44.77,50.37,53.21,48.18,0.47000000000000003,5.1499999999999995,0.8500000000000001,NA,NA,NA,nhl_team_stats_20251101.csv
2024,2025-11-01,16,Detroit Red Wings,NA,12,8,4,2,41,39,3.42,3.25,0.17,27.67,12.350000000000001,16,52.9,40,10,25,36,5,86.1,111.1,41,93,2.847,59.11,52.96,52.54,30.3,48.730000000000004,0.53,6.31,1.6900000000000002,NA,NA,NA,nhl_team_stats_20251101.csv
2024,2025-11-01,24,Edmonton Oilers,NA,12,5,4,1.25,38,38,3.17,3.17,0,29.330000000000002,10.8,13,51.6,33,10,30.3,30,5,83.3,113.6,31,62,2.3,57.790000000000006,54.660000000000004,54.309999999999995,10.52,44.32,0.5,6,-1,NA,NA,NA,nhl_team_stats_20251101.csv
2024,2025-11-01,4,Florida Panthers,NA,11,5,5,1,27,30,2.4499999999999997,2.73,-0.28,28.91,8.49,11,47.9,44,9,20.5,38,8,78.9,99.4,48,105,2.98,32.75,57.05,57.94,82.64,57.6,0.45,4.91,0.09,NA,NA,NA,nhl_team_stats_20251101.csv
2024,2025-11-01,28,Los Angeles Kings,NA,12,5,3,1.6700000000000002,36,37,3,3.08,-0.08,28.67,10.47,14,48.7,33,6,18.2,50,13,74,92.2,52,116,3.142,42.92,46.339999999999996,43.18,52.49,46.230000000000004,0.49,5.84,-0.8400000000000001,NA,NA,NA,nhl_team_stats_20251101.csv
2024,2025-11-01,25,Minnesota Wild,NA,12,3,6,0.5,32,47,2.67,3.92,-1.25,30.330000000000002,8.79,9,47.8,48,14,29.2,25,10,60,89.2,29,69,2.67,47.32,25.29,29.49,38.6,35.17,0.32,3.8,-0.8,NA,NA,NA,nhl_team_stats_20251101.csv
2024,2025-11-01,14,Montreal Canadiens,NA,11,8,3,2.67,40,33,3.64,3,0.64,25.82,14.08,16,51.2,32,9,28.1,36,9,75,103.1,46,106,3.0759999999999996,65.95,51.64,50.17,37.54,51.32,0.6,6.55,1.45,NA,NA,NA,nhl_team_stats_20251101.csv
2024,2025-11-01,18,Nashville Predators,NA,12,4,6,0.6699999999999999,29,41,2.42,3.42,-1,27.25,8.870000000000001,10,51.9,36,4,11.1,41,5,87.8,98.9,51,111,3.191,21.35,52.63,48.77,45.15,41.98,0.32999999999999996,4,0,NA,NA,NA,nhl_team_stats_20251101.csv
2024,2025-11-01,7,New Jersey Devils,NA,11,8,3,2.67,41,35,3.73,3.18,0.55,29.18,12.77,16,48.2,31,10,32.3,39,6,84.6,116.9,41,87,2.8059999999999996,73.23,58.56,51.55,53.1,59.11,0.58,6.37,1.6300000000000001,NA,NA,NA,nhl_team_stats_20251101.csv
2024,2025-11-01,8,New York Islanders,NA,11,5,5,1,37,39,3.36,3.55,-0.19,29.55,11.38,11,51.3,41,6,14.6,36,9,75,89.6,48,127,3.7319999999999998,50.14,33.1,37.99,61.25,45.620000000000005,0.47000000000000003,5.2,-0.2,NA,NA,NA,nhl_team_stats_20251101.csv
2024,2025-11-01,9,New York Rangers,NA,12,5,5,1,28,28,2.3299999999999996,2.3299999999999996,0,28.830000000000002,8.09,12,54.4,30,4,13.3,31,4,87.1,100.4,37,83,2.286,22.21,74.73,74.56,65.14999999999999,59.160000000000004,0.5,6,-1,NA,NA,NA,nhl_team_stats_20251101.csv
2024,2025-11-01,13,Ottawa Senators,NA,12,6,5,1.2,45,47,3.75,3.92,-0.17,29.919999999999998,12.53,13,59.7,45,13,28.9,37,14,62.2,91.1,50,118,3.5,72.66,20.1,22.93,59.97,43.92,0.48000000000000004,5.73,0.27,NA,NA,NA,nhl_team_stats_20251101.csv
2024,2025-11-01,6,Philadelphia Flyers,NA,10,6,3,2,30,24,3,2.4,0.6,23.1,12.99,13,51.6,30,6,20,37,4,89.2,109.2,52,159,4.148,41.54,61.91,71.7,66.03,60.290000000000006,0.61,6.1,-0.1,NA,NA,NA,nhl_team_stats_20251101.csv
2024,2025-11-01,10,Pittsburgh Penguins,NA,12,8,2,4,43,29,3.58,2.42,1.1600000000000001,26.330000000000002,13.61,18,50.6,29,9,31,38,7,81.6,112.6,45,127,3.0589999999999997,66.39,64.39,67.64,26.37,56.2,0.69,8.239999999999998,-0.24000000000000002,NA,NA,NA,nhl_team_stats_20251101.csv
2024,2025-11-01,26,San Jose Sharks,NA,11,3,6,0.5,37,48,3.36,4.359999999999999,-1,25.91,12.98,8,50.3,39,9,23.1,36,13,63.9,87,41,96,3.4659999999999997,55.32,14.29,12.88,43.55,31.51,0.37,4.1,-1.1,NA,NA,NA,nhl_team_stats_20251101.csv
2024,2025-11-01,143,Seattle Kraken,NA,10,5,2,2.5,28,28,2.8,2.8,0,25,11.2,13,45.1,30,6,20,25,9,64,84,32,89,2.8549999999999995,37.06,46.41,52.99,48.949999999999996,46.349999999999994,0.5,5,0,NA,NA,NA,nhl_team_stats_20251101.csv
2024,2025-11-01,17,St. Louis Blues,NA,11,3,6,0.5,32,47,2.9099999999999997,4.2700000000000005,-1.36,26.73,10.88,8,50.3,32,8,25,30,9,70,95,36,81,3.158,45.13,22.77,22.04,59.49,37.36,0.32,3.4899999999999998,-0.49,NA,NA,NA,nhl_team_stats_20251101.csv
2024,2025-11-01,1,Tampa Bay Lightning,NA,11,5,4,1.25,31,31,2.82,2.82,0,26.73,10.54,12,44.6,39,6,15.4,37,4,89.2,104.6,54,125,3.383,35.15,62.58,63.11,43.4,51.06,0.5,5.5,-0.5,NA,NA,NA,nhl_team_stats_20251101.csv
2024,2025-11-01,12,Toronto Maple Leafs,NA,11,5,5,1,38,42,3.4499999999999997,3.82,-0.37,29.73,11.62,11,54.2,29,4,13.8,30,5,83.3,97.1,36,78,2.947,51.03,40.03,39.17,53.27,45.879999999999995,0.45,4.94,0.06,NA,NA,NA,nhl_team_stats_20251101.csv
2024,2025-11-01,30,Utah Mammoth,NA,11,8,2,4,40,30,3.64,2.73,0.91,29.55,12.31,16,45.5,38,8,21.1,34,9,73.5,94.6,47,108,3.01,62.449999999999996,55.15,56.15,27.259999999999998,50.25,0.64,7.04,0.96,NA,NA,NA,nhl_team_stats_20251101.csv
2024,2025-11-01,21,Vancouver Canucks,NA,12,6,6,1,33,36,2.75,3,-0.25,24.75,11.11,12,44.5,39,7,17.9,42,12,71.4,89.3,48,102,2.88,34.04,46.74,46.59,57.74,46.28,0.46,5.48,0.52,NA,NA,NA,nhl_team_stats_20251101.csv
2024,2025-11-01,142,Vegas Golden Knights,NA,11,6,2,3,39,31,3.55,2.82,0.73,28,12.66,15,54.1,43,11,25.6,30,6,80,105.6,38,90,2.738,63.78,57.760000000000005,59.53,49.05,57.53,0.61,6.74,-0.74,NA,NA,NA,nhl_team_stats_20251101.csv
2024,2025-11-01,5,Washington Capitals,NA,11,6,5,1.2,28,25,2.55,2.27,0.28,28.55,8.92,12,46.4,36,6,16.7,33,9,72.7,89.4,40,83,2.3979999999999997,30.779999999999998,62.220000000000006,66.34,53.01,53.09,0.56,6.14,-0.14,NA,NA,NA,nhl_team_stats_20251101.csv
2024,2025-11-01,2,Winnipeg Jets,NA,11,8,3,2.67,40,28,3.64,2.55,1.09,26.55,13.7,16,53.8,36,10,27.8,45,4,91.1,118.9,55,130,3.3299999999999996,66.47,71.97,69.09,63.18,67.67999999999999,0.6699999999999999,7.38,0.62,NA,NA,NA,nhl_team_stats_20251101.csv
2024,2025-11-02,29,Anaheim Ducks,NA,10,6,3,2,37,33,3.7,3.3,0.4,31.6,11.709999999999999,13,46.4,40,8,20,33,7,78.8,98.8,43,104,3.3539999999999996,66.16,47.57,44.63,67.46000000000001,56.449999999999996,0.56,5.57,0.43000000000000005,NA,NA,NA,nhl_team_stats_20251102.csv
2024,2025-11-02,11,Boston Bruins,NA,14,7,7,1,45,48,3.21,3.4299999999999997,-0.22,26.36,12.2,14,54.6,46,10,21.7,55,10,81.8,103.5,66,148,3.453,50.809999999999995,45.09,41.15,66.3,50.839999999999996,0.47000000000000003,6.54,0.46,NA,NA,NA,nhl_team_stats_20251102.csv
2024,2025-11-02,15,Buffalo Sabres,NA,12,5,4,1.25,37,38,3.08,3.17,-0.09,30.5,10.11,13,42.3,40,8,20,42,4,90.5,110.5,58,143,3.609,48.89,59.42,55.51,54.59,54.6,0.49,5.83,-0.8300000000000001,NA,NA,NA,nhl_team_stats_20251102.csv
2024,2025-11-02,23,Calgary Flames,NA,13,2,9,0.22,29,46,2.23,3.54,-1.31,28.62,7.8,6,46,50,7,14,52,12,76.9,90.9,66,163,3.901,20.54,36.02,34.07,64.74000000000001,38.839999999999996,0.28,3.69,-1.6900000000000002,NA,NA,NA,nhl_team_stats_20251102.csv
2024,2025-11-02,3,Carolina Hurricanes,NA,11,7,4,1.75,41,32,3.73,2.9099999999999997,0.8200000000000001,32.64,11.42,14,50.2,32,3,9.4,40,7,82.5,91.9,50,100,2.9319999999999995,58.04,60.25,55.5,47.86,55.41,0.62,6.84,0.16,NA,NA,NA,nhl_team_stats_20251102.csv
2024,2025-11-02,20,Chicago Blackhawks,NA,12,4,4,1,38,34,3.17,2.8299999999999996,0.33999999999999997,24.830000000000002,12.75,11,47,37,7,18.9,50,9,82,100.9,62,144,3.485,46.43,58.260000000000005,55.07,49.93,52.42,0.56,6.68,-2.68,NA,NA,NA,nhl_team_stats_20251102.csv
2024,2025-11-02,22,Colorado Avalanche,NA,13,7,1,7,47,33,3.62,2.54,1.08,34.15,10.59,19,50.8,49,8,16.3,39,4,89.7,106,47,100,2.527,62.9,73.22,71.46000000000001,24.630000000000003,58.05,0.6699999999999999,8.709999999999999,-1.71,NA,NA,NA,nhl_team_stats_20251102.csv
2024,2025-11-02,19,Columbus Blue Jackets,NA,11,7,4,1.75,38,33,3.4499999999999997,3,0.45,32.82,10.53,14,52.1,26,5,19.2,34,11,67.6,86.8,40,92,2.8209999999999997,58.7,45.379999999999995,45.660000000000004,37.46,46.8,0.5700000000000001,6.26,0.74,NA,NA,NA,nhl_team_stats_20251102.csv
2024,2025-11-02,27,Dallas Stars,NA,12,6,3,2,33,35,2.75,2.92,-0.17,26,10.58,15,53,41,13,31.7,36,10,72.2,103.9,41,98,2.798,46.6,45.71,51.120000000000005,51.730000000000004,48.790000000000006,0.47000000000000003,5.64,0.36,NA,NA,NA,nhl_team_stats_20251102.csv
2024,2025-11-02,16,Detroit Red Wings,NA,12,8,4,2,41,39,3.42,3.25,0.17,27.67,12.350000000000001,16,52.9,40,10,25,36,5,86.1,111.1,41,93,2.847,59.8,52.449999999999996,51.8,31.39,48.86,0.53,6.31,1.6900000000000002,NA,NA,NA,nhl_team_stats_20251102.csv
2024,2025-11-02,24,Edmonton Oilers,NA,13,6,4,1.5,41,40,3.15,3.08,0.07,29.38,10.729999999999999,15,51.8,36,12,33.3,31,6,80.6,113.9,32,64,2.211,59.89,54.24,55.02,10.82,44.99,0.51,6.6499999999999995,-0.65,NA,NA,NA,nhl_team_stats_20251102.csv
2024,2025-11-02,4,Florida Panthers,NA,12,6,5,1.2,31,33,2.58,2.75,-0.17,28.830000000000002,8.96,13,46.9,45,9,20,41,10,75.6,95.6,50,111,2.928,34.92,54,55.28,81.9,56.52,0.47000000000000003,5.619999999999999,0.38,NA,NA,NA,nhl_team_stats_20251102.csv
2024,2025-11-02,28,Los Angeles Kings,NA,13,5,4,1.25,37,41,2.8499999999999996,3.15,-0.3,29.85,9.54,14,49.1,37,6,16.2,50,13,74,90.2,52,116,3.042,38.83,42.39,41.99,46.14,42.339999999999996,0.45,5.85,-0.8500000000000001,NA,NA,NA,nhl_team_stats_20251102.csv
2024,2025-11-02,25,Minnesota Wild,NA,13,4,6,0.6699999999999999,37,49,2.8499999999999996,3.77,-0.92,30.08,9.46,11,48,51,15,29.4,28,10,64.3,93.7,34,87,2.798,51.220000000000006,28.64,31.68,43.660000000000004,38.8,0.36,4.73,-0.73,NA,NA,NA,nhl_team_stats_20251102.csv
2024,2025-11-02,14,Montreal Canadiens,NA,12,9,3,3,44,36,3.67,3,0.6699999999999999,25.919999999999998,14.15,18,50.5,35,10,28.6,39,9,76.9,105.5,51,122,3.1830000000000003,68.16,52.08,50.91,43.49,53.660000000000004,0.6,7.1899999999999995,1.81,NA,NA,NA,nhl_team_stats_20251102.csv
2024,2025-11-02,18,Nashville Predators,NA,13,5,6,0.8300000000000001,33,43,2.54,3.3099999999999996,-0.77,27,9.4,12,51.8,40,5,12.5,43,5,88.4,100.9,54,117,3.0949999999999998,25.43,55.14,51.01,42,43.39,0.37,4.819999999999999,0.18,NA,NA,NA,nhl_team_stats_20251102.csv
2024,2025-11-02,7,New Jersey Devils,NA,12,9,3,3,45,36,3.75,3,0.75,28.58,13.12,18,48.1,31,10,32.3,43,6,86,118.3,45,95,2.735,73.85,62.96,56.17,53.349999999999994,61.58,0.61,7.319999999999999,1.6800000000000002,NA,NA,NA,nhl_team_stats_20251102.csv
2024,2025-11-02,8,New York Islanders,NA,11,5,5,1,37,39,3.36,3.55,-0.19,29.55,11.38,11,51.3,41,6,14.6,36,9,75,89.6,48,127,3.7319999999999998,51.14,31.5,36.03,62.53,45.3,0.47000000000000003,5.2,-0.2,NA,NA,NA,nhl_team_stats_20251102.csv
2024,2025-11-02,9,New York Rangers,NA,13,6,5,1.2,31,30,2.38,2.3099999999999996,0.07,28.69,8.31,14,55.2,33,4,12.1,33,5,84.8,96.9,39,87,2.23,22.14,74.36999999999999,75.47,64.16999999999999,59.04,0.51,6.6899999999999995,-0.69,NA,NA,NA,nhl_team_stats_20251102.csv
2024,2025-11-02,13,Ottawa Senators,NA,13,6,5,1.2,48,51,3.69,3.92,-0.23,28.919999999999998,12.77,14,59.6,48,13,27.1,40,15,62.5,89.6,56,134,3.593,69.86,17.4,19.93,63.83,42.760000000000005,0.47000000000000003,6.109999999999999,-0.11,NA,NA,NA,nhl_team_stats_20251102.csv
2024,2025-11-02,6,Philadelphia Flyers,NA,11,6,4,1.5,32,29,2.9099999999999997,2.64,0.27,24,12.12,13,50.6,36,7,19.4,40,4,90,109.4,55,165,4.06,39.53,60,67.84,63.08,57.61,0.55,6.03,-0.03,NA,NA,NA,nhl_team_stats_20251102.csv
2024,2025-11-02,10,Pittsburgh Penguins,NA,13,8,3,2.67,45,34,3.46,2.62,0.8400000000000001,26.62,13.01,18,50.8,31,10,32.3,41,7,82.9,115.2,50,135,3.097,64.95,62.4,64.64999999999999,27.439999999999998,54.86,0.64,8.26,-0.26,NA,NA,NA,nhl_team_stats_20251102.csv
2024,2025-11-02,26,San Jose Sharks,NA,12,4,6,0.6699999999999999,40,50,3.3299999999999996,4.17,-0.8400000000000001,25.67,12.99,10,50.4,42,9,21.4,38,13,65.8,87.2,43,100,3.3089999999999997,53.71,17.35,15.3,40.98,31.830000000000002,0.39,4.67,-0.6699999999999999,NA,NA,NA,nhl_team_stats_20251102.csv
2024,2025-11-02,143,Seattle Kraken,NA,11,5,2,2.5,30,31,2.73,2.82,-0.09,23.91,11.41,14,44.3,32,7,21.9,28,9,67.9,89.8,35,95,2.8109999999999995,36.11,48.98,53.879999999999995,43.71,45.67,0.48000000000000004,5.319999999999999,-0.32,NA,NA,NA,nhl_team_stats_20251102.csv
2024,2025-11-02,17,St. Louis Blues,NA,12,3,7,0.43000000000000005,34,50,2.8299999999999996,4.17,-1.34,27.75,10.209999999999999,8,50.7,34,8,23.5,33,10,69.7,93.2,40,92,3.1759999999999997,42.49,21.69,20.55,59.42,36.04,0.32,3.7800000000000002,-0.7799999999999999,NA,NA,NA,nhl_team_stats_20251102.csv
2024,2025-11-02,1,Tampa Bay Lightning,NA,11,5,4,1.25,31,31,2.82,2.82,0,26.73,10.54,12,44.6,39,6,15.4,37,4,89.2,104.6,54,125,3.383,35.44,62.7,63.43,45.04,51.65,0.5,5.5,-0.5,NA,NA,NA,nhl_team_stats_20251102.csv
2024,2025-11-02,12,Toronto Maple Leafs,NA,12,6,5,1.2,43,44,3.58,3.67,-0.09,29.5,12.15,13,54.5,32,4,12.5,36,6,83.3,95.8,42,90,2.964,54.36,41.68,39.78,53.47,47.32,0.49,5.85,0.15000000000000002,NA,NA,NA,nhl_team_stats_20251102.csv
2024,2025-11-02,30,Utah Mammoth,NA,11,8,2,4,40,30,3.64,2.73,0.91,29.55,12.31,16,45.5,38,8,21.1,34,9,73.5,94.6,47,108,3.01,63.55,54.720000000000006,56.08,28.68,50.760000000000005,0.64,7.04,0.96,NA,NA,NA,nhl_team_stats_20251102.csv
2024,2025-11-02,21,Vancouver Canucks,NA,13,6,7,0.8600000000000001,35,41,2.69,3.15,-0.46,25,10.77,12,44.9,42,7,16.7,45,13,71.1,87.8,53,120,3.084,31.68,42.02,41.99,59.91,43.9,0.42000000000000004,5.48,0.52,NA,NA,NA,nhl_team_stats_20251102.csv
2024,2025-11-02,142,Vegas Golden Knights,NA,11,6,2,3,39,31,3.55,2.82,0.73,28,12.66,15,54.1,43,11,25.6,30,6,80,105.6,38,90,2.738,64.61,57.57,59.61,50.05,57.96,0.61,6.74,-0.74,NA,NA,NA,nhl_team_stats_20251102.csv
2024,2025-11-02,5,Washington Capitals,NA,12,6,5,1.2,31,28,2.58,2.3299999999999996,0.25,29,8.91,13,46.8,40,6,15,36,9,75,90,47,108,2.71,30.52,62.15,67.3,55.03,53.75,0.55,6.609999999999999,-0.61,NA,NA,NA,nhl_team_stats_20251102.csv
2024,2025-11-02,2,Winnipeg Jets,NA,12,9,3,3,45,30,3.75,2.5,1.25,27.17,13.8,18,53.2,39,10,25.6,47,5,89.4,115,57,134,3.18,68.75,72.66,70.14999999999999,65.21000000000001,69.19,0.69,8.31,0.69,NA,NA,NA,nhl_team_stats_20251102.csv
2024,2025-11-03,29,Anaheim Ducks,NA,11,7,3,2.3299999999999996,41,34,3.73,3.09,0.64,31.36,11.88,15,46.5,42,8,19,34,7,79.4,98.4,44,106,3.117,66.9,52.349999999999994,50.21,63.25,58.18,0.59,6.52,0.48000000000000004,NA,NA,NA,nhl_team_stats_20251103.csv
2024,2025-11-03,11,Boston Bruins,NA,14,7,7,1,45,48,3.21,3.4299999999999997,-0.22,26.36,12.2,14,54.6,46,10,21.7,55,10,81.8,103.5,66,148,3.453,51.809999999999995,43.720000000000006,39.83,67.25,50.65,0.47000000000000003,6.54,0.46,NA,NA,NA,nhl_team_stats_20251103.csv
2024,2025-11-03,15,Buffalo Sabres,NA,12,5,4,1.25,37,38,3.08,3.17,-0.09,30.5,10.11,13,42.3,40,8,20,42,4,90.5,110.5,58,143,3.609,49.6,58.44,54.65,56.33,54.75,0.49,5.83,-0.8300000000000001,NA,NA,NA,nhl_team_stats_20251103.csv
2024,2025-11-03,23,Calgary Flames,NA,14,3,9,0.32999999999999996,31,47,2.21,3.36,-1.1500000000000001,28,7.91,8,46.4,52,7,13.5,53,12,77.4,90.9,67,165,3.6759999999999997,18.85,39.67,38.56,64.71000000000001,40.449999999999996,0.3,4.23,-1.23,NA,NA,NA,nhl_team_stats_20251103.csv
2024,2025-11-03,3,Carolina Hurricanes,NA,11,7,4,1.75,41,32,3.73,2.9099999999999997,0.8200000000000001,32.730000000000004,11.39,14,50.2,32,3,9.4,40,7,82.5,91.9,50,100,2.9319999999999995,59.21,59.71,54.83,48.99,55.690000000000005,0.62,6.84,0.16,NA,NA,NA,nhl_team_stats_20251103.csv
2024,2025-11-03,20,Chicago Blackhawks,NA,12,5,4,1.25,38,34,3.17,2.8299999999999996,0.33999999999999997,24.830000000000002,12.75,13,47,37,7,18.9,50,9,82,100.9,62,144,3.485,47.44,57.58,54.449999999999996,51.01,52.620000000000005,0.56,6.68,-1.6800000000000002,NA,NA,NA,nhl_team_stats_20251103.csv
2024,2025-11-03,22,Colorado Avalanche,NA,13,7,1,7,47,33,3.62,2.54,1.08,34.15,10.59,19,50.8,49,8,16.3,39,4,89.7,106,47,100,2.527,63.91,73.14,71.35,24.54,58.24,0.6699999999999999,8.709999999999999,-1.71,NA,NA,NA,nhl_team_stats_20251103.csv
2024,2025-11-03,19,Columbus Blue Jackets,NA,12,7,5,1.4,40,36,3.3299999999999996,3,0.32999999999999996,31.919999999999998,10.44,14,50.7,30,5,16.7,36,12,66.7,83.4,42,96,2.749,53.86,44.220000000000006,44.74,39.07,45.47,0.55,6.619999999999999,0.38,NA,NA,NA,nhl_team_stats_20251103.csv
2024,2025-11-03,27,Dallas Stars,NA,12,6,3,2,33,35,2.75,2.92,-0.17,26,10.58,15,52.8,41,13,31.7,36,10,72.2,103.9,41,98,2.799,47.27,44.839999999999996,50.36,52.03,48.620000000000005,0.47000000000000003,5.64,0.36,NA,NA,NA,nhl_team_stats_20251103.csv
2024,2025-11-03,16,Detroit Red Wings,NA,13,9,4,2.25,44,41,3.38,3.15,0.23,27.919999999999998,12.12,18,53.6,42,10,23.8,38,5,86.8,110.6,44,99,2.776,58.94,54.77,54.06,29.4,49.290000000000006,0.54,6.96,2.04,NA,NA,NA,nhl_team_stats_20251103.csv
2024,2025-11-03,24,Edmonton Oilers,NA,13,6,4,1.5,41,40,3.15,3.08,0.07,29.310000000000002,10.76,15,51.8,36,12,33.3,31,6,80.6,113.9,32,64,2.211,60.75,53.54,54.21,10,44.63,0.51,6.6499999999999995,-0.65,NA,NA,NA,nhl_team_stats_20251103.csv
2024,2025-11-03,4,Florida Panthers,NA,12,6,5,1.2,31,33,2.58,2.75,-0.17,28.830000000000002,8.96,13,46.9,45,9,20,41,10,75.6,95.6,50,111,2.928,35.25,53.42,54.720000000000006,83.05,56.61,0.47000000000000003,5.619999999999999,0.38,NA,NA,NA,nhl_team_stats_20251103.csv
2024,2025-11-03,28,Los Angeles Kings,NA,13,5,4,1.25,37,41,2.8499999999999996,3.15,-0.3,29.919999999999998,9.51,14,49.1,37,6,16.2,50,13,74,90.2,52,116,3.042,39.36,41.24,40.89,47.11,42.15,0.45,5.85,-0.8500000000000001,NA,NA,NA,nhl_team_stats_20251103.csv
2024,2025-11-03,25,Minnesota Wild,NA,13,4,6,0.6699999999999999,37,49,2.8499999999999996,3.77,-0.92,30,9.49,11,48,51,15,29.4,28,10,64.3,93.7,34,87,2.798,51.77,27.14,29.93,44.41,38.309999999999995,0.36,4.73,-0.73,NA,NA,NA,nhl_team_stats_20251103.csv
2024,2025-11-03,14,Montreal Canadiens,NA,12,9,3,3,44,36,3.67,3,0.6699999999999999,25.919999999999998,14.15,18,50.5,35,10,28.6,39,9,76.9,105.5,51,122,3.1830000000000003,69.66,51.3,50.09,44.43,53.87,0.6,7.1899999999999995,1.81,NA,NA,NA,nhl_team_stats_20251103.csv
2024,2025-11-03,18,Nashville Predators,NA,13,5,6,0.8300000000000001,33,43,2.54,3.3099999999999996,-0.77,27,9.4,12,51.8,40,5,12.5,43,5,88.4,100.9,54,117,3.0949999999999998,25.71,54.08,49.96,42.65,43.1,0.37,4.819999999999999,0.18,NA,NA,NA,nhl_team_stats_20251103.csv
2024,2025-11-03,7,New Jersey Devils,NA,13,9,4,2.25,46,40,3.54,3.08,0.46,28.919999999999998,12.229999999999999,18,48.3,32,10,31.2,45,6,86.7,117.9,47,99,2.7070000000000003,68.73,61.75,54.21,49.879999999999995,58.64,0.5700000000000001,7.4,1.6,NA,NA,NA,nhl_team_stats_20251103.csv
2024,2025-11-03,8,New York Islanders,NA,12,6,5,1.2,40,41,3.3299999999999996,3.42,-0.09,30.330000000000002,10.99,13,52.4,43,7,16.3,40,9,77.5,93.8,52,135,3.6159999999999997,53.17,35.65,39.32,57.51,46.41,0.49,5.84,0.16,NA,NA,NA,nhl_team_stats_20251103.csv
2024,2025-11-03,9,New York Rangers,NA,13,6,5,1.2,31,30,2.38,2.3099999999999996,0.07,28.77,8.29,14,55.2,33,4,12.1,33,5,84.8,96.9,39,87,2.23,22.3,74.58,75.6,64.86,59.339999999999996,0.51,6.6899999999999995,-0.69,NA,NA,NA,nhl_team_stats_20251103.csv
2024,2025-11-03,13,Ottawa Senators,NA,13,6,5,1.2,48,51,3.69,3.92,-0.23,28.919999999999998,12.77,14,59.6,48,13,27.1,40,15,62.5,89.6,56,134,3.593,71.23,15.3,17.85,64.99000000000001,42.339999999999996,0.47000000000000003,6.109999999999999,-0.11,NA,NA,NA,nhl_team_stats_20251103.csv
2024,2025-11-03,6,Philadelphia Flyers,NA,12,6,5,1.2,33,31,2.75,2.58,0.17,23.5,11.7,13,50.3,37,7,18.9,42,4,90.5,109.4,57,169,3.848,34.93,62.41,69.78,62.1,57.3,0.53,6.38,-0.38,NA,NA,NA,nhl_team_stats_20251103.csv
2024,2025-11-03,10,Pittsburgh Penguins,NA,13,8,3,2.67,45,34,3.46,2.62,0.8400000000000001,26.62,13.01,18,50.8,31,10,32.3,41,7,82.9,115.2,50,135,3.097,66.24000000000001,61.949999999999996,64.36,28.23,55.2,0.64,8.26,-0.26,NA,NA,NA,nhl_team_stats_20251103.csv
2024,2025-11-03,26,San Jose Sharks,NA,13,4,6,0.6699999999999999,42,52,3.23,4,-0.77,25.08,12.88,11,49.4,44,9,20.5,40,13,67.5,88,46,106,3.204,50.9,20.779999999999998,19.09,38.75,32.379999999999995,0.39,5.13,-1.1300000000000001,NA,NA,NA,nhl_team_stats_20251103.csv
2024,2025-11-03,143,Seattle Kraken,NA,11,5,2,2.5,30,31,2.73,2.82,-0.09,23.91,11.41,14,44.3,32,7,21.9,28,9,67.9,89.8,35,95,2.8109999999999995,36.77,48.43,53.25,44.02,45.620000000000005,0.48000000000000004,5.319999999999999,-0.32,NA,NA,NA,nhl_team_stats_20251103.csv
2024,2025-11-03,17,St. Louis Blues,NA,12,3,7,0.43000000000000005,34,50,2.8299999999999996,4.17,-1.34,27.75,10.209999999999999,8,50.7,34,8,23.5,33,10,69.7,93.2,40,92,3.1759999999999997,43.1,19.57,18.3,59.690000000000005,35.160000000000004,0.32,3.7800000000000002,-0.7799999999999999,NA,NA,NA,nhl_team_stats_20251103.csv
2024,2025-11-03,1,Tampa Bay Lightning,NA,12,6,4,1.5,35,33,2.92,2.75,0.17,26.919999999999998,10.84,14,44.7,41,6,14.6,40,4,90,104.6,58,133,3.297,38.14,64.82,65.42,43.1,52.87,0.53,6.359999999999999,-0.36,NA,NA,NA,nhl_team_stats_20251103.csv
2024,2025-11-03,12,Toronto Maple Leafs,NA,12,6,5,1.2,43,44,3.58,3.67,-0.09,29.5,12.15,13,54.5,32,4,12.5,36,6,83.3,95.8,42,90,2.964,55.47,40.120000000000005,38.260000000000005,53.64,46.87,0.49,5.85,0.15000000000000002,NA,NA,NA,nhl_team_stats_20251103.csv
2024,2025-11-03,30,Utah Mammoth,NA,12,8,4,2,42,34,3.5,2.8299999999999996,0.6699999999999999,29.419999999999998,11.9,16,46.4,41,8,19.5,36,9,75,94.5,51,124,3.1519999999999997,59.620000000000005,52.93,54.449999999999996,31.1,49.52,0.6,7.26,0.74,NA,NA,NA,nhl_team_stats_20251103.csv
2024,2025-11-03,21,Vancouver Canucks,NA,13,6,7,0.8600000000000001,35,41,2.69,3.15,-0.46,25,10.77,12,44.9,42,7,16.7,45,13,71.1,87.8,53,120,3.084,32.220000000000006,40.96,40.89,60.8,43.720000000000006,0.42000000000000004,5.48,0.52,NA,NA,NA,nhl_team_stats_20251103.csv
2024,2025-11-03,142,Vegas Golden Knights,NA,11,6,2,3,39,31,3.55,2.82,0.73,28,12.66,15,54.1,43,11,25.6,30,6,80,105.6,38,90,2.738,65.88,57.02,59.08,50.67,58.17,0.61,6.74,-0.74,NA,NA,NA,nhl_team_stats_20251103.csv
2024,2025-11-03,5,Washington Capitals,NA,12,6,5,1.2,31,28,2.58,2.3299999999999996,0.25,29,8.91,13,46.8,40,6,15,36,9,75,90,47,108,2.71,30.8,62.05,67.27,55.53,53.91,0.55,6.609999999999999,-0.61,NA,NA,NA,nhl_team_stats_20251103.csv
2024,2025-11-03,2,Winnipeg Jets,NA,12,9,3,3,45,30,3.75,2.5,1.25,27.08,13.850000000000001,18,53.2,39,10,25.6,47,5,89.4,115,57,134,3.18,70.22,72.49000000000001,70.05,66.9,69.91000000000001,0.69,8.31,0.69,NA,NA,NA,nhl_team_stats_20251103.csv
2024,2025-11-04,29,Anaheim Ducks,NA,11,7,3,2.3299999999999996,41,34,3.73,3.09,0.64,31.36,11.88,15,46.5,42,8,19,34,7,79.4,98.4,44,106,3.117,67.36,52.41,50.260000000000005,63.59,58.4,0.59,6.52,0.48000000000000004,NA,NA,NA,nhl_team_stats_20251104.csv
2024,2025-11-04,11,Boston Bruins,NA,14,7,7,1,45,48,3.21,3.4299999999999997,-0.22,26.36,12.2,14,54.6,46,10,21.7,55,10,81.8,103.5,66,148,3.453,51.54,43.68,39.75,67.35,50.58,0.47000000000000003,6.54,0.46,NA,NA,NA,nhl_team_stats_20251104.csv
2024,2025-11-04,15,Buffalo Sabres,NA,12,5,4,1.25,37,38,3.08,3.17,-0.09,30.5,10.11,13,42.3,40,8,20,42,4,90.5,110.5,58,143,3.609,49.3,58.54,54.65,56.98,54.87,0.49,5.83,-0.8300000000000001,NA,NA,NA,nhl_team_stats_20251104.csv
2024,2025-11-04,23,Calgary Flames,NA,14,3,9,0.32999999999999996,31,47,2.21,3.36,-1.1500000000000001,28,7.91,8,46.4,52,7,13.5,53,12,77.4,90.9,67,165,3.6759999999999997,17.37,39.65,38.52,65.04,40.14,0.3,4.23,-1.23,NA,NA,NA,nhl_team_stats_20251104.csv
2024,2025-11-04,3,Carolina Hurricanes,NA,11,7,4,1.75,41,32,3.73,2.9099999999999997,0.8200000000000001,32.730000000000004,11.39,14,50.2,32,3,9.4,40,7,82.5,91.9,50,100,2.9319999999999995,59.55,59.83,54.94,49.65,55.99,0.62,6.84,0.16,NA,NA,NA,nhl_team_stats_20251104.csv
2024,2025-11-04,20,Chicago Blackhawks,NA,13,5,5,1,39,37,3,2.8499999999999996,0.15000000000000002,25.23,11.89,13,47.9,40,7,17.5,52,10,80.8,98.3,64,148,3.3689999999999998,41.02,56.879999999999995,53.67,46.06,49.41,0.53,6.83,-1.83,NA,NA,NA,nhl_team_stats_20251104.csv
2024,2025-11-04,22,Colorado Avalanche,NA,13,7,1,7,47,33,3.62,2.54,1.08,34.15,10.59,19,50.8,49,8,16.3,39,4,89.7,106,47,100,2.527,64.32,73.35,71.59,25.53,58.7,0.6699999999999999,8.709999999999999,-1.71,NA,NA,NA,nhl_team_stats_20251104.csv
2024,2025-11-04,19,Columbus Blue Jackets,NA,12,7,5,1.4,40,36,3.3299999999999996,3,0.32999999999999996,31.919999999999998,10.44,14,50.7,30,5,16.7,36,12,66.7,83.4,42,96,2.749,53.82,44.25,44.839999999999996,39.71,45.660000000000004,0.55,6.619999999999999,0.38,NA,NA,NA,nhl_team_stats_20251104.csv
2024,2025-11-04,27,Dallas Stars,NA,12,6,3,2,33,35,2.75,2.92,-0.17,26,10.58,15,52.8,41,13,31.7,36,10,72.2,103.9,41,98,2.799,46.6,44.86,50.48,52.349999999999994,48.57,0.47000000000000003,5.64,0.36,NA,NA,NA,nhl_team_stats_20251104.csv
2024,2025-11-04,16,Detroit Red Wings,NA,13,9,4,2.25,44,41,3.38,3.15,0.23,27.919999999999998,12.12,18,53.6,42,10,23.8,38,5,86.8,110.6,44,99,2.776,58.94,54.78,54.07,30.27,49.52,0.54,6.96,2.04,NA,NA,NA,nhl_team_stats_20251104.csv
2024,2025-11-04,24,Edmonton Oilers,NA,14,6,5,1.2,43,43,3.07,3.07,0,29.07,10.57,15,52.3,37,13,35.1,33,7,78.8,113.9,34,68,2.19,59.48,52.53,53.690000000000005,10.82,44.13,0.5,7,-1,NA,NA,NA,nhl_team_stats_20251104.csv
2024,2025-11-04,4,Florida Panthers,NA,12,6,5,1.2,31,33,2.58,2.75,-0.17,28.830000000000002,8.96,13,46.9,45,9,20,41,10,75.6,95.6,50,111,2.928,34.32,53.53,54.9,82.75,56.379999999999995,0.47000000000000003,5.619999999999999,0.38,NA,NA,NA,nhl_team_stats_20251104.csv
2024,2025-11-04,28,Los Angeles Kings,NA,13,5,4,1.25,37,41,2.8499999999999996,3.15,-0.3,29.919999999999998,9.51,14,49.1,37,6,16.2,50,13,74,90.2,52,116,3.042,38.7,41.220000000000006,40.93,47.78,42.160000000000004,0.45,5.85,-0.8500000000000001,NA,NA,NA,nhl_team_stats_20251104.csv
2024,2025-11-04,25,Minnesota Wild,NA,13,4,6,0.6699999999999999,37,49,2.8499999999999996,3.77,-0.92,30,9.49,11,48,51,15,29.4,28,10,64.3,93.7,34,87,2.798,51.36,26.95,29.72,44.83,38.21,0.36,4.73,-0.73,NA,NA,NA,nhl_team_stats_20251104.csv
2024,2025-11-04,14,Montreal Canadiens,NA,12,9,3,3,44,36,3.67,3,0.6699999999999999,25.919999999999998,14.15,18,50.5,35,10,28.6,39,9,76.9,105.5,51,122,3.1830000000000003,70.01,51.379999999999995,50.17,45.17,54.190000000000005,0.6,7.1899999999999995,1.81,NA,NA,NA,nhl_team_stats_20251104.csv
2024,2025-11-04,18,Nashville Predators,NA,14,5,6,0.8300000000000001,37,48,2.64,3.4299999999999997,-0.7899999999999999,27.14,9.739999999999998,13,52.1,44,7,15.9,46,7,84.8,100.7,57,123,3.098,30.49,48.56,44.32,41.91,41.32,0.37,5.21,-0.21000000000000002,NA,NA,NA,nhl_team_stats_20251104.csv
2024,2025-11-04,7,New Jersey Devils,NA,13,9,4,2.25,46,40,3.54,3.08,0.46,28.919999999999998,12.229999999999999,18,48.3,32,10,31.2,45,6,86.7,117.9,47,99,2.7070000000000003,69.01,61.83,54.25,50.47,58.89,0.5700000000000001,7.4,1.6,NA,NA,NA,nhl_team_stats_20251104.csv
2024,2025-11-04,8,New York Islanders,NA,12,6,5,1.2,40,41,3.3299999999999996,3.42,-0.09,30.330000000000002,10.99,13,52.4,43,7,16.3,40,9,77.5,93.8,52,135,3.6159999999999997,53.1,35.58,39.24,58.17,46.52,0.49,5.84,0.16,NA,NA,NA,nhl_team_stats_20251104.csv
2024,2025-11-04,9,New York Rangers,NA,13,6,5,1.2,31,30,2.38,2.3099999999999996,0.07,28.77,8.29,14,55.2,33,4,12.1,33,5,84.8,96.9,39,87,2.23,21,74.82,75.94000000000001,64.93,59.17,0.51,6.6899999999999995,-0.69,NA,NA,NA,nhl_team_stats_20251104.csv
2024,2025-11-04,13,Ottawa Senators,NA,13,6,5,1.2,48,51,3.69,3.92,-0.23,28.919999999999998,12.77,14,59.6,48,13,27.1,40,15,62.5,89.6,56,134,3.593,71.67999999999999,15.07,17.610000000000003,65.22,42.39,0.47000000000000003,6.109999999999999,-0.11,NA,NA,NA,nhl_team_stats_20251104.csv
2024,2025-11-04,6,Philadelphia Flyers,NA,12,6,5,1.2,33,31,2.75,2.58,0.17,23.5,11.7,13,50.3,37,7,18.9,42,4,90.5,109.4,57,169,3.848,33.99,62.63,70,62.660000000000004,57.32,0.53,6.38,-0.38,NA,NA,NA,nhl_team_stats_20251104.csv
2024,2025-11-04,10,Pittsburgh Penguins,NA,14,8,4,2,48,38,3.4299999999999997,2.71,0.72,27.36,12.53,18,50.1,34,11,32.4,42,7,83.3,115.7,51,137,3.0119999999999996,65.95,61.46,63.06,24.22,53.67,0.62,8.62,-0.62,NA,NA,NA,nhl_team_stats_20251104.csv
2024,2025-11-04,26,San Jose Sharks,NA,13,4,6,0.6699999999999999,42,52,3.23,4,-0.77,25.08,12.88,11,49.4,44,9,20.5,40,13,67.5,88,46,106,3.204,50.61,20.54,18.810000000000002,39.5,32.36,0.39,5.13,-1.1300000000000001,NA,NA,NA,nhl_team_stats_20251104.csv
2024,2025-11-04,143,Seattle Kraken,NA,12,6,2,3,33,32,2.75,2.67,0.08,23.919999999999998,11.5,16,44.1,34,8,23.5,31,9,71,94.5,38,101,2.7070000000000003,37.74,54.92,58.760000000000005,43.24,48.67,0.51,6.18,-0.18,NA,NA,NA,nhl_team_stats_20251104.csv
2024,2025-11-04,17,St. Louis Blues,NA,13,4,7,0.5700000000000001,37,52,2.8499999999999996,4,-1.1500000000000001,27.310000000000002,10.42,10,50,36,9,25,34,11,67.6,92.6,41,94,3.0189999999999997,43.75,21.69,22.09,53.54,35.27,0.33999999999999997,4.38,-0.38,NA,NA,NA,nhl_team_stats_20251104.csv
2024,2025-11-04,1,Tampa Bay Lightning,NA,12,6,4,1.5,35,33,2.92,2.75,0.17,26.919999999999998,10.84,14,44.7,41,6,14.6,40,4,90,104.6,58,133,3.297,37.449999999999996,65,65.58,43.849999999999994,52.97,0.53,6.359999999999999,-0.36,NA,NA,NA,nhl_team_stats_20251104.csv
2024,2025-11-04,12,Toronto Maple Leafs,NA,13,7,5,1.4,47,47,3.62,3.62,0,28.77,12.57,15,54.8,33,4,12.1,39,7,82.1,94.2,45,96,2.9159999999999995,55.77,40.52,38.56,58.160000000000004,48.25,0.5,6.5,0.5,NA,NA,NA,nhl_team_stats_20251104.csv
2024,2025-11-04,30,Utah Mammoth,NA,12,8,4,2,42,34,3.5,2.8299999999999996,0.6699999999999999,29.419999999999998,11.9,16,46.4,41,8,19.5,36,9,75,94.5,51,124,3.1519999999999997,59.75,53.05,54.6,32.1,49.879999999999995,0.6,7.26,0.74,NA,NA,NA,nhl_team_stats_20251104.csv
2024,2025-11-04,21,Vancouver Canucks,NA,14,7,7,1,40,45,2.86,3.21,-0.35,25.79,11.08,14,44.9,45,9,20,49,15,69.4,89.4,57,128,3.089,39.41,38.36,37.849999999999994,59.949999999999996,43.89,0.44,6.2,0.8,NA,NA,NA,nhl_team_stats_20251104.csv
2024,2025-11-04,142,Vegas Golden Knights,NA,11,6,2,3,39,31,3.55,2.82,0.73,28,12.66,15,54.1,43,11,25.6,30,6,80,105.6,38,90,2.738,66.14,57.120000000000005,59.230000000000004,51.13,58.4,0.61,6.74,-0.74,NA,NA,NA,nhl_team_stats_20251104.csv
2024,2025-11-04,5,Washington Capitals,NA,12,6,5,1.2,31,28,2.58,2.3299999999999996,0.25,29,8.91,13,46.8,40,6,15,36,9,75,90,47,108,2.71,29.79,62.27,67.61,55.82,53.87,0.55,6.609999999999999,-0.61,NA,NA,NA,nhl_team_stats_20251104.csv
2024,2025-11-04,2,Winnipeg Jets,NA,12,9,3,3,45,30,3.75,2.5,1.25,27.08,13.850000000000001,18,53.2,39,10,25.6,47,5,89.4,115,57,134,3.18,70.66,72.76,70.31,67.23,70.24000000000001,0.69,8.31,0.69,NA,NA,NA,nhl_team_stats_20251104.csv
2024,2025-11-05,29,Anaheim Ducks,NA,12,8,3,2.67,48,37,4,3.08,0.92,31.419999999999998,12.729999999999999,17,47.3,49,10,20.4,39,8,79.5,99.9,51,131,3.368,76.89,50.93,49.44,63.620000000000005,60.220000000000006,0.63,7.53,0.47000000000000003,NA,NA,NA,nhl_team_stats_20251105.csv
2024,2025-11-05,11,Boston Bruins,NA,15,8,7,1.1400000000000001,49,51,3.27,3.4,-0.13,26.4,12.370000000000001,16,54.3,50,11,22,58,10,82.8,104.8,71,158,3.4319999999999995,54.01,45.18,41.06,64.7,51.24,0.48000000000000004,7.21,0.7899999999999999,NA,NA,NA,nhl_team_stats_20251105.csv
2024,2025-11-05,15,Buffalo Sabres,NA,13,5,4,1.25,38,40,2.92,3.08,-0.16,29.54,9.9,14,42.1,42,8,19,44,4,90.9,109.9,60,147,3.4509999999999996,43.99,61.53,57.3,55.49,54.58,0.47000000000000003,6.1499999999999995,-1.1500000000000001,NA,NA,NA,nhl_team_stats_20251105.csv
2024,2025-11-05,23,Calgary Flames,NA,14,3,9,0.32999999999999996,31,47,2.21,3.36,-1.1500000000000001,28,7.91,8,46.4,52,7,13.5,53,12,77.4,90.9,67,165,3.6759999999999997,18.52,39.24,37.94,65.8,40.379999999999995,0.3,4.23,-1.23,NA,NA,NA,nhl_team_stats_20251105.csv
2024,2025-11-05,3,Carolina Hurricanes,NA,12,8,4,2,44,32,3.67,2.67,1,32.67,11.219999999999999,16,50.4,35,4,11.4,43,7,83.7,95.1,53,106,2.7840000000000003,60.57,66.02,62,46.17,58.690000000000005,0.65,7.85,0.15000000000000002,NA,NA,NA,nhl_team_stats_20251105.csv
2024,2025-11-05,20,Chicago Blackhawks,NA,13,5,5,1,39,37,3,2.8499999999999996,0.15000000000000002,25.23,11.89,13,47.9,40,7,17.5,52,10,80.8,98.3,64,148,3.3689999999999998,41.67,56.57,53.220000000000006,46.660000000000004,49.53,0.53,6.83,-1.83,NA,NA,NA,nhl_team_stats_20251105.csv
2024,2025-11-05,22,Colorado Avalanche,NA,14,8,1,8,50,35,3.57,2.5,1.07,34.07,10.48,21,50.8,53,9,17,42,4,90.5,107.5,51,111,2.5559999999999996,64.55,74.49000000000001,72.97,26.6,59.65,0.6699999999999999,9.39,-1.3900000000000001,NA,NA,NA,nhl_team_stats_20251105.csv
2024,2025-11-05,19,Columbus Blue Jackets,NA,12,7,5,1.4,40,36,3.3299999999999996,3,0.32999999999999996,31.919999999999998,10.44,14,50.7,30,5,16.7,36,12,66.7,83.4,42,96,2.749,54.790000000000006,43.47,44.24,40.54,45.760000000000005,0.55,6.619999999999999,0.38,NA,NA,NA,nhl_team_stats_20251105.csv
2024,2025-11-05,27,Dallas Stars,NA,13,7,3,2.3299999999999996,37,38,2.8499999999999996,2.92,-0.07,26.08,10.91,17,52.3,45,14,31.1,39,11,71.8,102.9,44,104,2.762,49.47,44.220000000000006,49.7,50.46,48.46,0.49,6.34,0.6599999999999999,NA,NA,NA,nhl_team_stats_20251105.csv
2024,2025-11-05,16,Detroit Red Wings,NA,14,9,5,1.8,44,42,3.14,3,0.14,27.64,11.370000000000001,18,52,44,10,22.7,39,5,87.2,109.9,45,101,2.634,51.51,58.7,58.309999999999995,26.36,48.720000000000006,0.52,7.319999999999999,1.6800000000000002,NA,NA,NA,nhl_team_stats_20251105.csv
2024,2025-11-05,24,Edmonton Oilers,NA,15,6,5,1.2,46,46,3.07,3.07,0,28.87,10.62,16,52.5,40,14,35,37,8,78.4,113.4,38,76,2.229,59.65,51.43,52.620000000000005,12.84,44.13,0.5,7.5,-1.5,NA,NA,NA,nhl_team_stats_20251105.csv
2024,2025-11-05,4,Florida Panthers,NA,13,6,6,1,34,40,2.62,3.08,-0.46,28.23,9.26,13,46.7,50,10,20,48,12,75,95,58,127,3.162,35.78,44.9,43.83,84.66,52.290000000000006,0.42000000000000004,5.46,0.54,NA,NA,NA,nhl_team_stats_20251105.csv
2024,2025-11-05,28,Los Angeles Kings,NA,14,6,4,1.5,40,41,2.86,2.9299999999999997,-0.07,29.64,9.639999999999999,16,49.9,43,7,16.3,55,13,76.4,92.7,57,126,2.965,40,47.77,47.64,45.9,45.33,0.49,6.83,-0.8300000000000001,NA,NA,NA,nhl_team_stats_20251105.csv
2024,2025-11-05,25,Minnesota Wild,NA,14,5,6,0.8300000000000001,40,51,2.86,3.64,-0.7799999999999999,29.64,9.639999999999999,13,47.9,54,17,31.5,30,10,66.7,98.2,36,91,2.708,53.63,31.49,33.730000000000004,44.879999999999995,40.93,0.38,5.34,-0.33999999999999997,NA,NA,NA,nhl_team_stats_20251105.csv
2024,2025-11-05,14,Montreal Canadiens,NA,13,9,3,3,48,40,3.69,3.08,0.61,25.459999999999997,14.5,19,51.8,39,12,30.8,45,11,75.6,106.4,59,141,3.3489999999999998,72.61999999999999,47.230000000000004,45.51,50.39,53.94,0.59,7.659999999999999,1.34,NA,NA,NA,nhl_team_stats_20251105.csv
2024,2025-11-05,18,Nashville Predators,NA,15,5,6,0.8300000000000001,39,51,2.6,3.4,-0.8,27.6,9.42,14,52.2,46,7,15.2,49,9,81.6,96.8,60,129,3.048,30.01,46.15,42.52,39.57,39.56,0.37,5.53,-0.53,NA,NA,NA,nhl_team_stats_20251105.csv
2024,2025-11-05,7,New Jersey Devils,NA,13,9,4,2.25,46,40,3.54,3.08,0.46,28.919999999999998,12.229999999999999,18,48.3,32,10,31.2,45,6,86.7,117.9,47,99,2.7070000000000003,69.4,61.54,53.93,52.18,59.260000000000005,0.5700000000000001,7.4,1.6,NA,NA,NA,nhl_team_stats_20251105.csv
2024,2025-11-05,8,New York Islanders,NA,13,6,5,1.2,43,44,3.3099999999999996,3.38,-0.07,30.459999999999997,10.860000000000001,14,52.2,46,7,15.2,44,10,77.3,92.5,58,147,3.607,52.52,36.09,39.339999999999996,56.720000000000006,46.17,0.49,6.359999999999999,-0.36,NA,NA,NA,nhl_team_stats_20251105.csv
2024,2025-11-05,9,New York Rangers,NA,14,6,6,1,31,33,2.21,2.36,-0.15000000000000002,28.5,7.7700000000000005,14,54.6,36,4,11.1,36,6,83.3,94.4,42,93,2.239,16.4,71.92,73.51,64.44000000000001,56.57,0.47000000000000003,6.54,-0.54,NA,NA,NA,nhl_team_stats_20251105.csv
2024,2025-11-05,13,Ottawa Senators,NA,13,6,5,1.2,48,51,3.69,3.92,-0.23,28.919999999999998,12.77,14,59.6,48,13,27.1,40,15,62.5,89.6,56,134,3.593,72.07,14.32,16.779999999999998,66.08,42.309999999999995,0.47000000000000003,6.109999999999999,-0.11,NA,NA,NA,nhl_team_stats_20251105.csv
2024,2025-11-05,6,Philadelphia Flyers,NA,13,7,5,1.4,38,35,2.92,2.69,0.23,24.919999999999998,11.729999999999999,15,49,43,9,20.9,46,6,87,107.9,63,184,3.904,42.220000000000006,57.03,64.14999999999999,63.67,56.77,0.54,7.03,-0.03,NA,NA,NA,nhl_team_stats_20251105.csv
2024,2025-11-05,10,Pittsburgh Penguins,NA,14,8,4,2,48,38,3.4299999999999997,2.71,0.72,27.36,12.53,18,50.1,34,11,32.4,42,7,83.3,115.7,51,137,3.0119999999999996,66.26,61,62.78,25.310000000000002,53.839999999999996,0.62,8.62,-0.62,NA,NA,NA,nhl_team_stats_20251105.csv
2024,2025-11-05,26,San Jose Sharks,NA,13,4,6,0.6699999999999999,42,52,3.23,4,-0.77,25.08,12.88,11,49.4,44,9,20.5,40,13,67.5,88,46,106,3.204,51.09,19.830000000000002,18.05,40.620000000000005,32.4,0.39,5.13,-1.1300000000000001,NA,NA,NA,nhl_team_stats_20251105.csv
2024,2025-11-05,143,Seattle Kraken,NA,12,6,2,3,33,32,2.75,2.67,0.08,23.919999999999998,11.5,16,44.1,34,8,23.5,31,9,71,94.5,38,101,2.7070000000000003,38.25,54.2,58.349999999999994,44.03,48.71,0.51,6.18,-0.18,NA,NA,NA,nhl_team_stats_20251105.csv
2024,2025-11-05,17,St. Louis Blues,NA,13,4,7,0.5700000000000001,37,52,2.8499999999999996,4,-1.1500000000000001,27.310000000000002,10.42,10,50,36,9,25,34,11,67.6,92.6,41,94,3.0189999999999997,44.41,20.95,21.419999999999998,54.33,35.28,0.33999999999999997,4.38,-0.38,NA,NA,NA,nhl_team_stats_20251105.csv
2024,2025-11-05,1,Tampa Bay Lightning,NA,13,6,5,1.2,37,36,2.8499999999999996,2.77,0.08,26.69,10.66,14,45.1,44,6,13.6,44,5,88.6,102.2,63,146,3.3319999999999994,35.24,63.04,63.74,46.190000000000005,52.05,0.51,6.6899999999999995,-0.69,NA,NA,NA,nhl_team_stats_20251105.csv
2024,2025-11-05,12,Toronto Maple Leafs,NA,13,7,5,1.4,47,47,3.62,3.62,0,28.77,12.57,15,54.8,33,4,12.1,39,7,82.1,94.2,45,96,2.9159999999999995,56.58,39.949999999999996,38.11,58.92,48.39,0.5,6.5,0.5,NA,NA,NA,nhl_team_stats_20251105.csv
2024,2025-11-05,30,Utah Mammoth,NA,13,9,4,2.25,44,35,3.38,2.69,0.69,29.85,11.34,18,47.3,43,8,18.6,38,9,76.3,94.9,53,128,2.9979999999999998,56.64,57.32,59.09,30.06,50.78,0.61,7.96,1.04,NA,NA,NA,nhl_team_stats_20251105.csv
2024,2025-11-05,21,Vancouver Canucks,NA,14,7,7,1,40,45,2.86,3.21,-0.35,25.79,11.08,14,44.9,45,9,20,49,15,69.4,89.4,57,128,3.089,40.08,37.61,37.18,60.89,43.94,0.44,6.2,0.8,NA,NA,NA,nhl_team_stats_20251105.csv
2024,2025-11-05,142,Vegas Golden Knights,NA,12,7,2,3.5,40,31,3.3299999999999996,2.58,0.75,28.5,11.7,17,55.1,44,11,25,32,6,81.2,106.2,40,94,2.569,59.99,63.43,66.19,50.3,59.98,0.62,7.5,-0.5,NA,NA,NA,nhl_team_stats_20251105.csv
2024,2025-11-05,5,Washington Capitals,NA,12,6,5,1.2,31,28,2.58,2.3299999999999996,0.25,29,8.91,13,46.8,40,6,15,36,9,75,90,47,108,2.71,30.86,61.47,67.26,56.51,54.02,0.55,6.609999999999999,-0.61,NA,NA,NA,nhl_team_stats_20251105.csv
2024,2025-11-05,2,Winnipeg Jets,NA,13,9,4,2.25,45,33,3.46,2.54,0.92,26.77,12.93,18,52.1,44,10,22.7,53,6,88.7,111.4,62,146,3.21,60.339999999999996,70.98,68.07,65.14999999999999,66.14,0.65,8.450000000000001,0.55,NA,NA,NA,nhl_team_stats_20251105.csv
2024,2025-11-06,29,Anaheim Ducks,NA,12,8,3,2.67,48,37,4,3.08,0.92,31.419999999999998,12.729999999999999,17,47.3,49,10,20.4,39,8,79.5,99.9,51,131,3.368,77.1,50.92,49.5,63.64,60.290000000000006,0.63,7.53,0.47000000000000003,NA,NA,NA,nhl_team_stats_20251106.csv
2024,2025-11-06,11,Boston Bruins,NA,15,8,7,1.1400000000000001,49,51,3.27,3.4,-0.13,26.4,12.370000000000001,16,54.3,50,11,22,58,10,82.8,104.8,71,158,3.4319999999999995,53.949999999999996,45.37,41.32,64.79,51.36,0.48000000000000004,7.21,0.7899999999999999,NA,NA,NA,nhl_team_stats_20251106.csv
2024,2025-11-06,15,Buffalo Sabres,NA,13,5,4,1.25,38,40,2.92,3.08,-0.16,29.54,9.9,14,42.1,42,8,19,44,4,90.9,109.9,60,147,3.4509999999999996,43.83,61.56,57.309999999999995,55.53,54.56,0.47000000000000003,6.1499999999999995,-1.1500000000000001,NA,NA,NA,nhl_team_stats_20251106.csv
2024,2025-11-06,23,Calgary Flames,NA,14,3,9,0.32999999999999996,31,47,2.21,3.36,-1.1500000000000001,28,7.91,8,46.4,52,7,13.5,53,12,77.4,90.9,67,165,3.6759999999999997,18.07,39.39,38.2,65.81,40.37,0.3,4.23,-1.23,NA,NA,NA,nhl_team_stats_20251106.csv
2024,2025-11-06,3,Carolina Hurricanes,NA,12,8,4,2,44,32,3.67,2.67,1,32.67,11.219999999999999,16,50.4,35,4,11.4,43,7,83.7,95.1,53,106,2.7840000000000003,60.6,65.89,61.78,46.33,58.65,0.65,7.85,0.15000000000000002,NA,NA,NA,nhl_team_stats_20251106.csv
2024,2025-11-06,20,Chicago Blackhawks,NA,13,5,5,1,39,37,3,2.8499999999999996,0.15000000000000002,25.23,11.89,13,47.9,40,7,17.5,52,10,80.8,98.3,64,148,3.3689999999999998,41.47,56.47,53.14,46.760000000000005,49.46,0.53,6.83,-1.83,NA,NA,NA,nhl_team_stats_20251106.csv
2024,2025-11-06,22,Colorado Avalanche,NA,14,8,1,8,50,35,3.57,2.5,1.07,34.07,10.48,21,50.8,53,9,17,42,4,90.5,107.5,51,111,2.5559999999999996,64.63,74.39,72.6,26.919999999999998,59.63,0.6699999999999999,9.39,-1.3900000000000001,NA,NA,NA,nhl_team_stats_20251106.csv
2024,2025-11-06,19,Columbus Blue Jackets,NA,12,7,5,1.4,40,36,3.3299999999999996,3,0.32999999999999996,31.919999999999998,10.44,14,50.7,30,5,16.7,36,12,66.7,83.4,42,96,2.749,54.760000000000005,43.4,44.290000000000006,40.8,45.809999999999995,0.55,6.619999999999999,0.38,NA,NA,NA,nhl_team_stats_20251106.csv
2024,2025-11-06,27,Dallas Stars,NA,13,7,3,2.3299999999999996,37,38,2.8499999999999996,2.92,-0.07,26.08,10.91,17,52.3,45,14,31.1,39,11,71.8,102.9,44,104,2.762,49.37,44.27,49.68,50.7,48.5,0.49,6.34,0.6599999999999999,NA,NA,NA,nhl_team_stats_20251106.csv
2024,2025-11-06,16,Detroit Red Wings,NA,14,9,5,1.8,44,42,3.14,3,0.14,27.64,11.370000000000001,18,52,44,10,22.7,39,5,87.2,109.9,45,101,2.634,51.43,58.849999999999994,58.28,26.71,48.82,0.52,7.319999999999999,1.6800000000000002,NA,NA,NA,nhl_team_stats_20251106.csv
2024,2025-11-06,24,Edmonton Oilers,NA,15,6,5,1.2,46,46,3.07,3.07,0,28.87,10.62,16,52.5,40,14,35,37,8,78.4,113.4,38,76,2.229,59.68,51.58,52.65,13.31,44.309999999999995,0.5,7.5,-1.5,NA,NA,NA,nhl_team_stats_20251106.csv
2024,2025-11-06,4,Florida Panthers,NA,13,6,6,1,34,40,2.62,3.08,-0.46,28.23,9.26,13,46.7,50,10,20,48,12,75,95,58,127,3.162,35.53,44.949999999999996,43.92,84.67999999999999,52.27,0.42000000000000004,5.46,0.54,NA,NA,NA,nhl_team_stats_20251106.csv
2024,2025-11-06,28,Los Angeles Kings,NA,14,6,4,1.5,40,41,2.86,2.9299999999999997,-0.07,29.64,9.639999999999999,16,49.9,43,7,16.3,55,13,76.4,92.7,57,126,2.965,39.790000000000006,47.83,47.63,46.07,45.33,0.49,6.83,-0.8300000000000001,NA,NA,NA,nhl_team_stats_20251106.csv
2024,2025-11-06,25,Minnesota Wild,NA,14,5,6,0.8300000000000001,40,51,2.86,3.64,-0.7799999999999999,29.64,9.639999999999999,13,47.9,54,17,31.5,30,10,66.7,98.2,36,91,2.708,53.59,31.69,34.160000000000004,45.190000000000005,41.160000000000004,0.38,5.34,-0.33999999999999997,NA,NA,NA,nhl_team_stats_20251106.csv
2024,2025-11-06,14,Montreal Canadiens,NA,13,9,3,3,48,40,3.69,3.08,0.61,25.459999999999997,14.5,19,51.8,39,12,30.8,45,11,75.6,106.4,59,141,3.3489999999999998,72.78,47.21,45.59,50.48,54.01,0.59,7.659999999999999,1.34,NA,NA,NA,nhl_team_stats_20251106.csv
2024,2025-11-06,18,Nashville Predators,NA,15,5,6,0.8300000000000001,39,51,2.6,3.4,-0.8,27.6,9.42,14,52.2,46,7,15.2,49,9,81.6,96.8,60,129,3.048,29.69,46.36,42.78,39.8,39.65,0.37,5.53,-0.53,NA,NA,NA,nhl_team_stats_20251106.csv
2024,2025-11-06,7,New Jersey Devils,NA,13,9,4,2.25,46,40,3.54,3.08,0.46,28.919999999999998,12.229999999999999,18,48.3,32,10,31.2,45,6,86.7,117.9,47,99,2.7070000000000003,69.54,61.59,53.96,52.36,59.36,0.5700000000000001,7.4,1.6,NA,NA,NA,nhl_team_stats_20251106.csv
2024,2025-11-06,8,New York Islanders,NA,13,6,5,1.2,43,44,3.3099999999999996,3.38,-0.07,30.459999999999997,10.860000000000001,14,52.2,46,7,15.2,44,10,77.3,92.5,58,147,3.607,52.449999999999996,36.32,39.6,56.730000000000004,46.28,0.49,6.359999999999999,-0.36,NA,NA,NA,nhl_team_stats_20251106.csv
2024,2025-11-06,9,New York Rangers,NA,14,6,6,1,31,33,2.21,2.36,-0.15000000000000002,28.5,7.7700000000000005,14,54.6,36,4,11.1,36,6,83.3,94.4,42,93,2.239,15.92,71.75,73.07,64.64999999999999,56.349999999999994,0.47000000000000003,6.54,-0.54,NA,NA,NA,nhl_team_stats_20251106.csv
2024,2025-11-06,13,Ottawa Senators,NA,13,6,5,1.2,48,51,3.69,3.92,-0.23,28.919999999999998,12.77,14,59.6,48,13,27.1,40,15,62.5,89.6,56,134,3.593,72.22,14.639999999999999,17.439999999999998,66.14999999999999,42.61,0.47000000000000003,6.109999999999999,-0.11,NA,NA,NA,nhl_team_stats_20251106.csv
2024,2025-11-06,6,Philadelphia Flyers,NA,13,7,5,1.4,38,35,2.92,2.69,0.23,24.919999999999998,11.729999999999999,15,49,43,9,20.9,46,6,87,107.9,63,184,3.904,42.03,57.01,63.92,63.58,56.63,0.54,7.03,-0.03,NA,NA,NA,nhl_team_stats_20251106.csv
2024,2025-11-06,10,Pittsburgh Penguins,NA,14,8,4,2,48,38,3.4299999999999997,2.71,0.72,27.36,12.53,18,50.1,34,11,32.4,42,7,83.3,115.7,51,137,3.0119999999999996,66.36,60.93,62.57,25.53,53.849999999999994,0.62,8.62,-0.62,NA,NA,NA,nhl_team_stats_20251106.csv
2024,2025-11-06,26,San Jose Sharks,NA,13,4,6,0.6699999999999999,42,52,3.23,4,-0.77,25.08,12.88,11,49.4,44,9,20.5,40,13,67.5,88,46,106,3.204,50.99,20.23,18.75,40.86,32.7,0.39,5.13,-1.1300000000000001,NA,NA,NA,nhl_team_stats_20251106.csv
2024,2025-11-06,143,Seattle Kraken,NA,12,6,2,3,33,32,2.75,2.67,0.08,23.919999999999998,11.5,16,44.1,34,8,23.5,31,9,71,94.5,38,101,2.7070000000000003,38.01,54.01,58.15,44.260000000000005,48.61,0.51,6.18,-0.18,NA,NA,NA,nhl_team_stats_20251106.csv
2024,2025-11-06,17,St. Louis Blues,NA,14,4,8,0.5,38,58,2.71,4.14,-1.43,27.07,10.03,10,49.6,39,9,23.1,37,12,67.6,90.7,45,105,3.128,38.620000000000005,18.330000000000002,18.279999999999998,61.11,34.09,0.3,4.2,-0.2,NA,NA,NA,nhl_team_stats_20251106.csv
2024,2025-11-06,1,Tampa Bay Lightning,NA,13,6,5,1.2,37,36,2.8499999999999996,2.77,0.08,26.69,10.66,14,45.1,44,6,13.6,44,5,88.6,102.2,63,146,3.3319999999999994,34.96,63.02,63.55,46.309999999999995,51.96,0.51,6.6899999999999995,-0.69,NA,NA,NA,nhl_team_stats_20251106.csv
2024,2025-11-06,12,Toronto Maple Leafs,NA,14,8,5,1.6,52,50,3.71,3.57,0.14,28.07,13.229999999999999,17,54.8,34,4,11.8,42,7,83.3,95.1,48,102,2.8729999999999998,58.44,43.07,40.61,55.15,49.32,0.52,7.2700000000000005,0.73,NA,NA,NA,nhl_team_stats_20251106.csv
2024,2025-11-06,30,Utah Mammoth,NA,14,9,5,1.8,47,40,3.36,2.86,0.5,29.43,11.41,18,47.1,46,8,17.4,39,9,76.9,94.3,54,130,2.9539999999999997,54.64,54.8,55.63,28.27,48.339999999999996,0.58,8.12,0.88,NA,NA,NA,nhl_team_stats_20251106.csv
2024,2025-11-06,21,Vancouver Canucks,NA,14,7,7,1,40,45,2.86,3.21,-0.35,25.79,11.08,14,44.9,45,9,20,49,15,69.4,89.4,57,128,3.089,39.86,37.690000000000005,37.37,61.02,43.98,0.44,6.2,0.8,NA,NA,NA,nhl_team_stats_20251106.csv
2024,2025-11-06,142,Vegas Golden Knights,NA,12,7,2,3.5,40,31,3.3299999999999996,2.58,0.75,28.5,11.7,17,55.1,44,11,25,32,6,81.2,106.2,40,94,2.569,60.01,63.339999999999996,65.89,50.52,59.94,0.62,7.5,-0.5,NA,NA,NA,nhl_team_stats_20251106.csv
2024,2025-11-06,5,Washington Capitals,NA,13,7,5,1.4,37,29,2.8499999999999996,2.23,0.62,29.23,9.739999999999998,15,47.5,43,7,16.3,39,9,76.9,93.2,51,119,2.721,39.32,62.37,70.64999999999999,50.83,55.790000000000006,0.62,8.06,-1.06,NA,NA,NA,nhl_team_stats_20251106.csv
2024,2025-11-06,2,Winnipeg Jets,NA,13,9,4,2.25,45,33,3.46,2.54,0.92,26.77,12.93,18,52.1,44,10,22.7,53,6,88.7,111.4,62,146,3.21,60.349999999999994,70.79,67.75,65.16,66.01,0.65,8.450000000000001,0.55,NA,NA,NA,nhl_team_stats_20251106.csv
2024,2025-11-07,29,Anaheim Ducks,NA,13,9,3,3,55,42,4.23,3.23,1,30.919999999999998,13.68,19,46.8,54,12,22.2,44,11,75,97.2,56,141,3.4139999999999997,83.81,43.04,41.39,67.23,58.87,0.63,8.209999999999999,0.7899999999999999,NA,NA,NA,nhl_team_stats_20251107.csv
2024,2025-11-07,11,Boston Bruins,NA,16,9,7,1.29,52,53,3.25,3.3099999999999996,-0.06,26.310000000000002,12.350000000000001,18,54.1,53,11,20.8,60,10,83.3,104.1,75,166,3.364,51.78,47.89,44.01,64.52,52.05,0.49,7.85,1.1500000000000001,NA,NA,NA,nhl_team_stats_20251107.csv
2024,2025-11-07,15,Buffalo Sabres,NA,14,5,5,1,38,43,2.71,3.07,-0.36,29.43,9.219999999999999,14,42.4,45,8,17.8,46,4,91.3,109.1,63,156,3.4359999999999995,37.07,60.39,58.61,53.27,52.33,0.44,6.13,-1.1300000000000001,NA,NA,NA,nhl_team_stats_20251107.csv
2024,2025-11-07,23,Calgary Flames,NA,15,4,9,0.44,36,48,2.4,3.2,-0.8,27.87,8.61,10,46,54,7,13,54,12,77.8,90.8,69,169,3.527,23.2,41.46,43.3,64.46000000000001,43.11,0.36,5.4,-1.4,NA,NA,NA,nhl_team_stats_20251107.csv
2024,2025-11-07,3,Carolina Hurricanes,NA,13,9,4,2.25,48,35,3.69,2.69,1,32.230000000000004,11.46,18,50.6,37,4,10.8,46,8,82.6,93.4,58,129,3.01,60.17,64.54,62.309999999999995,48.89,58.98,0.65,8.49,0.51,NA,NA,NA,nhl_team_stats_20251107.csv
2024,2025-11-07,20,Chicago Blackhawks,NA,14,6,5,1.2,44,39,3.14,2.79,0.35,25.43,12.360000000000001,15,47.7,41,8,19.5,54,10,81.5,101,66,152,3.24,46.74,59.96,57.18,43.190000000000005,51.77,0.56,7.819999999999999,-1.82,NA,NA,NA,nhl_team_stats_20251107.csv
2024,2025-11-07,22,Colorado Avalanche,NA,14,8,1,8,50,35,3.57,2.5,1.07,34.07,10.48,21,50.8,53,9,17,42,4,90.5,107.5,51,111,2.5559999999999996,64.6,76.85,75.24000000000001,28.03,61.18,0.6699999999999999,9.39,-1.3900000000000001,NA,NA,NA,nhl_team_stats_20251107.csv
2024,2025-11-07,19,Columbus Blue Jackets,NA,13,7,6,1.1700000000000002,41,41,3.15,3.15,0,32.77,9.62,14,51.5,31,5,16.1,38,12,68.4,84.5,45,102,2.778,50.42,41.839999999999996,42.01,44.2,44.620000000000005,0.5,6.5,0.5,NA,NA,NA,nhl_team_stats_20251107.csv
2024,2025-11-07,27,Dallas Stars,NA,14,7,4,1.75,42,45,3,3.21,-0.21000000000000002,26.07,11.51,17,52.8,50,17,34,44,13,70.5,104.5,49,114,2.924,55.8,34.78,40.13,48.27,44.75,0.47000000000000003,6.53,0.47000000000000003,NA,NA,NA,nhl_team_stats_20251107.csv
2024,2025-11-07,16,Detroit Red Wings,NA,14,9,5,1.8,44,42,3.14,3,0.14,27.64,11.370000000000001,18,52,44,10,22.7,39,5,87.2,109.9,45,101,2.634,51.08,60.09,59.05,27.650000000000002,49.47,0.52,7.319999999999999,1.6800000000000002,NA,NA,NA,nhl_team_stats_20251107.csv
2024,2025-11-07,24,Edmonton Oilers,NA,15,6,5,1.2,46,46,3.07,3.07,0,28.87,10.62,16,52.5,40,14,35,37,8,78.4,113.4,38,76,2.229,59.3,52.46,53.07,14.370000000000001,44.8,0.5,7.5,-1.5,NA,NA,NA,nhl_team_stats_20251107.csv
2024,2025-11-07,4,Florida Panthers,NA,14,7,6,1.1700000000000002,39,42,2.79,3,-0.21000000000000002,27.93,9.97,15,47,52,10,19.2,52,13,75,94.2,63,140,3.174,39.260000000000005,47.01,46.260000000000005,86.76,54.82,0.46,6.49,0.51,NA,NA,NA,nhl_team_stats_20251107.csv
2024,2025-11-07,28,Los Angeles Kings,NA,15,6,5,1.2,42,46,2.8,3.07,-0.27,29.4,9.52,16,49.8,47,8,17,57,13,77.2,94.2,60,135,3.038,38.720000000000006,44.3,45.6,44.53,43.290000000000006,0.45,6.81,-0.81,NA,NA,NA,nhl_team_stats_20251107.csv
2024,2025-11-07,25,Minnesota Wild,NA,15,5,7,0.71,43,55,2.8699999999999997,3.67,-0.8,29.27,9.79,13,47.8,57,18,31.6,32,10,68.8,100.4,40,113,2.927,53.290000000000006,30.32,32.58,52.42,42.15,0.38,5.6899999999999995,-0.69,NA,NA,NA,nhl_team_stats_20251107.csv
2024,2025-11-07,14,Montreal Canadiens,NA,14,9,3,3,51,44,3.64,3.14,0.5,25,14.57,20,52,41,12,29.3,50,11,78,107.3,64,151,3.3609999999999998,68.71000000000001,48.260000000000005,45.37,48.3,52.660000000000004,0.5700000000000001,8.03,0.97,NA,NA,NA,nhl_team_stats_20251107.csv
2024,2025-11-07,18,Nashville Predators,NA,16,5,7,0.71,40,54,2.5,3.38,-0.88,27.38,9.129999999999999,14,52,49,7,14.3,50,9,82,96.3,63,135,3.006,26.17,47.21,43.37,40.37,39.28,0.35,5.659999999999999,-0.6599999999999999,NA,NA,NA,nhl_team_stats_20251107.csv
2024,2025-11-07,7,New Jersey Devils,NA,14,10,4,2.5,50,43,3.57,3.07,0.5,28.86,12.38,20,48.1,37,10,27,47,6,87.2,114.2,49,103,2.651,66.69,63.2,55.41,49.5,58.7,0.5700000000000001,8.05,1.95,NA,NA,NA,nhl_team_stats_20251107.csv
2024,2025-11-07,8,New York Islanders,NA,13,6,5,1.2,43,44,3.3099999999999996,3.38,-0.07,30.459999999999997,10.860000000000001,14,52.2,46,7,15.2,44,10,77.3,92.5,58,147,3.607,52.36,35.949999999999996,38.74,56.93,45.99,0.49,6.359999999999999,-0.36,NA,NA,NA,nhl_team_stats_20251107.csv
2024,2025-11-07,9,New York Rangers,NA,14,6,6,1,31,33,2.21,2.36,-0.15000000000000002,28.5,7.7700000000000005,14,54.6,36,4,11.1,36,6,83.3,94.4,42,93,2.239,16.6,74.44000000000001,76.11999999999999,63.379999999999995,57.64,0.47000000000000003,6.54,-0.54,NA,NA,NA,nhl_team_stats_20251107.csv
2024,2025-11-07,13,Ottawa Senators,NA,14,6,5,1.2,50,54,3.57,3.86,-0.29000000000000004,28.43,12.56,15,58.9,50,13,26,43,15,65.1,91.1,60,142,3.5349999999999997,66.73,16.56,17.97,67.36,42.160000000000004,0.46,6.45,-0.45,NA,NA,NA,nhl_team_stats_20251107.csv
2024,2025-11-07,6,Philadelphia Flyers,NA,14,8,5,1.6,41,36,2.9299999999999997,2.57,0.36,25,11.709999999999999,17,49.2,44,9,20.5,49,6,87.8,108.3,68,194,3.793,41.39,63.02,70,64.63,59.760000000000005,0.5700000000000001,7.91,0.09,NA,NA,NA,nhl_team_stats_20251107.csv
2024,2025-11-07,10,Pittsburgh Penguins,NA,15,9,4,2.25,53,41,3.53,2.73,0.8,27.6,12.8,20,50.1,39,14,35.9,45,7,84.4,120.3,54,143,2.969,71.61999999999999,63.56,64.48,23.93,55.89,0.63,9.39,-0.39,NA,NA,NA,nhl_team_stats_20251107.csv
2024,2025-11-07,26,San Jose Sharks,NA,14,5,6,0.8300000000000001,48,53,3.4299999999999997,3.79,-0.36,24.93,13.75,13,49,47,10,21.3,46,13,71.7,93,52,118,3.174,56.63,26.87,23.21,45.290000000000006,38,0.45,6.3,-1.3,NA,NA,NA,nhl_team_stats_20251107.csv
2024,2025-11-07,143,Seattle Kraken,NA,13,6,3,2,34,38,2.62,2.92,-0.3,24.310000000000002,10.76,16,44.9,40,8,20,34,10,70.6,90.6,41,107,2.792,31.47,46.379999999999995,52.160000000000004,41.99,43,0.45,5.8,0.2,NA,NA,NA,nhl_team_stats_20251107.csv
2024,2025-11-07,17,St. Louis Blues,NA,15,5,8,0.62,41,58,2.73,3.8699999999999997,-1.1400000000000001,26.4,10.350000000000001,12,49.9,41,9,22,40,12,70,92,49,116,3.065,37.58,24.259999999999998,23.759999999999998,61.620000000000005,36.8,0.32999999999999996,4.98,0.02,NA,NA,NA,nhl_team_stats_20251107.csv
2024,2025-11-07,1,Tampa Bay Lightning,NA,14,7,5,1.4,43,39,3.07,2.79,0.28,26.71,11.5,16,44.8,48,7,14.6,47,5,89.4,104,65,152,3.2640000000000002,42.03,65.43,65.17999999999999,42.83,53.87,0.55,7.67,-0.6699999999999999,NA,NA,NA,nhl_team_stats_20251107.csv
2024,2025-11-07,12,Toronto Maple Leafs,NA,14,8,5,1.6,52,50,3.71,3.57,0.14,28.07,13.229999999999999,17,54.8,34,4,11.8,42,7,83.3,95.1,48,102,2.8729999999999998,57.91,42.61,39.220000000000006,54.71,48.61,0.52,7.2700000000000005,0.73,NA,NA,NA,nhl_team_stats_20251107.csv
2024,2025-11-07,30,Utah Mammoth,NA,14,9,5,1.8,47,40,3.36,2.86,0.5,29.43,11.41,18,47.1,46,8,17.4,39,9,76.9,94.3,54,130,2.9539999999999997,54.379999999999995,55.54,56.74,29.66,49.08,0.58,8.12,0.88,NA,NA,NA,nhl_team_stats_20251107.csv
2024,2025-11-07,21,Vancouver Canucks,NA,15,7,8,0.88,42,50,2.8,3.3299999999999996,-0.53,27.07,10.34,14,45.5,47,9,19.1,50,16,68,87.1,58,130,3.04,38.18,33.91,33.54,57.15,40.7,0.41000000000000003,6.21,0.7899999999999999,NA,NA,NA,nhl_team_stats_20251107.csv
2024,2025-11-07,142,Vegas Golden Knights,NA,13,7,3,2.3299999999999996,43,37,3.3099999999999996,2.8499999999999996,0.46,28.77,11.5,17,55.4,47,11,23.4,36,7,80.6,104,44,102,2.677,57.74,58.54,59.37,46.54,55.55,0.5700000000000001,7.470000000000001,-0.47000000000000003,NA,NA,NA,nhl_team_stats_20251107.csv
2024,2025-11-07,5,Washington Capitals,NA,14,7,6,1.1700000000000002,40,34,2.86,2.4299999999999997,0.43000000000000005,29.36,9.729999999999999,15,47.7,46,7,15.2,44,12,72.7,87.9,56,129,2.8099999999999996,38.94,56.63,64.49000000000001,53.02,53.27,0.58,8.129999999999999,-1.1300000000000001,NA,NA,NA,nhl_team_stats_20251107.csv
2024,2025-11-07,2,Winnipeg Jets,NA,13,9,4,2.25,45,33,3.46,2.54,0.92,26.77,12.93,18,52.1,44,10,22.7,53,6,88.7,111.4,62,146,3.21,59.64,72.66999999999999,70.13,65.02,66.86999999999999,0.65,8.450000000000001,0.55,NA,NA,NA,nhl_team_stats_20251107.csv
2024,2025-11-08,29,Anaheim Ducks,NA,13,9,3,3,55,42,4.23,3.23,1,30.919999999999998,13.68,19,46.8,54,12,22.2,44,11,75,97.2,56,141,3.4139999999999997,84.48,42.690000000000005,40.879999999999995,67.6,58.91,0.63,8.209999999999999,0.7899999999999999,NA,NA,NA,nhl_team_stats_20251108.csv
2024,2025-11-08,11,Boston Bruins,NA,16,9,7,1.29,52,53,3.25,3.3099999999999996,-0.06,26.310000000000002,12.350000000000001,18,54.1,53,11,20.8,60,10,83.3,104.1,75,166,3.364,52.18,47.6,43.6,64.5,51.97,0.49,7.85,1.1500000000000001,NA,NA,NA,nhl_team_stats_20251108.csv
2024,2025-11-08,15,Buffalo Sabres,NA,14,5,5,1,38,43,2.71,3.07,-0.36,29.43,9.219999999999999,14,42.4,45,8,17.8,46,4,91.3,109.1,63,156,3.4359999999999995,37.25,60.190000000000005,58.33,53.47,52.309999999999995,0.44,6.13,-1.1300000000000001,NA,NA,NA,nhl_team_stats_20251108.csv
2024,2025-11-08,23,Calgary Flames,NA,16,4,10,0.4,36,52,2.25,3.25,-1,28.19,7.98,10,46.8,57,7,12.3,57,13,77.2,89.5,75,190,3.666,18.810000000000002,38.86,41.06,68.11,41.71,0.32,5.18,-1.1800000000000002,NA,NA,NA,nhl_team_stats_20251108.csv
2024,2025-11-08,3,Carolina Hurricanes,NA,13,9,4,2.25,48,35,3.69,2.69,1,32.230000000000004,11.46,18,50.6,37,4,10.8,46,8,82.6,93.4,58,129,3.01,60.51,64.23,61.879999999999995,49.15,58.94,0.65,8.49,0.51,NA,NA,NA,nhl_team_stats_20251108.csv
2024,2025-11-08,20,Chicago Blackhawks,NA,15,7,5,1.4,48,39,3.2,2.6,0.6,25.53,12.53,17,47.2,44,9,20.5,57,10,82.5,103,72,173,3.299,49.64,64.36999999999999,63.33,44.660000000000004,55.5,0.6,9.04,-2.04,NA,NA,NA,nhl_team_stats_20251108.csv
2024,2025-11-08,22,Colorado Avalanche,NA,14,8,1,8,50,35,3.57,2.5,1.07,34.07,10.48,21,50.8,53,9,17,42,4,90.5,107.5,51,111,2.5559999999999996,65,76.55,74.93,28.09,61.14,0.6699999999999999,9.39,-1.3900000000000001,NA,NA,NA,nhl_team_stats_20251108.csv
2024,2025-11-08,19,Columbus Blue Jackets,NA,13,7,6,1.1700000000000002,41,41,3.15,3.15,0,32.77,9.62,14,51.5,31,5,16.1,38,12,68.4,84.5,45,102,2.778,50.68,41.349999999999994,41.449999999999996,44.41,44.47,0.5,6.5,0.5,NA,NA,NA,nhl_team_stats_20251108.csv
2024,2025-11-08,27,Dallas Stars,NA,14,7,4,1.75,42,45,3,3.21,-0.21000000000000002,26.07,11.51,17,52.8,50,17,34,44,13,70.5,104.5,49,114,2.924,56.3,34.18,39.58,48.339999999999996,44.6,0.47000000000000003,6.53,0.47000000000000003,NA,NA,NA,nhl_team_stats_20251108.csv
2024,2025-11-08,16,Detroit Red Wings,NA,15,9,6,1.5,45,46,3,3.07,-0.07,28.07,10.69,18,51.5,48,10,20.8,42,6,85.7,106.5,49,112,2.71,46.379999999999995,56.59,55.720000000000006,30.29,47.24,0.49,7.33,1.6700000000000002,NA,NA,NA,nhl_team_stats_20251108.csv
2024,2025-11-08,24,Edmonton Oilers,NA,15,6,5,1.2,46,46,3.07,3.07,0,28.87,10.62,16,52.5,40,14,35,37,8,78.4,113.4,38,76,2.229,59.78,51.949999999999996,52.68,14.54,44.74,0.5,7.5,-1.5,NA,NA,NA,nhl_team_stats_20251108.csv
2024,2025-11-08,4,Florida Panthers,NA,14,7,6,1.1700000000000002,39,42,2.79,3,-0.21000000000000002,27.93,9.97,15,47,52,10,19.2,52,13,75,94.2,63,140,3.174,39.5,46.58,45.7,87.03,54.7,0.46,6.49,0.51,NA,NA,NA,nhl_team_stats_20251108.csv
2024,2025-11-08,28,Los Angeles Kings,NA,15,6,5,1.2,42,46,2.8,3.07,-0.27,29.4,9.52,16,49.8,47,8,17,57,13,77.2,94.2,60,135,3.038,38.92,43.8,45.07,44.790000000000006,43.15,0.45,6.81,-0.81,NA,NA,NA,nhl_team_stats_20251108.csv
2024,2025-11-08,25,Minnesota Wild,NA,16,6,7,0.8600000000000001,48,57,3,3.56,-0.56,29.06,10.32,15,47.7,58,18,31,34,10,70.6,101.6,41,107,2.714,56.339999999999996,35.27,36.309999999999995,47.6,43.879999999999995,0.42000000000000004,6.64,-0.64,NA,NA,NA,nhl_team_stats_20251108.csv
2024,2025-11-08,14,Montreal Canadiens,NA,14,9,3,3,51,44,3.64,3.14,0.5,25,14.57,20,52,41,12,29.3,50,11,78,107.3,64,151,3.3609999999999998,69.34,47.93,44.879999999999995,48.379999999999995,52.63,0.5700000000000001,8.03,0.97,NA,NA,NA,nhl_team_stats_20251108.csv
2024,2025-11-08,18,Nashville Predators,NA,16,5,7,0.71,40,54,2.5,3.38,-0.88,27.38,9.129999999999999,14,52,49,7,14.3,50,9,82,96.3,63,135,3.006,26.25,46.879999999999995,42.98,40.53,39.160000000000004,0.35,5.659999999999999,-0.6599999999999999,NA,NA,NA,nhl_team_stats_20251108.csv
2024,2025-11-08,7,New Jersey Devils,NA,14,10,4,2.5,50,43,3.57,3.07,0.5,28.86,12.38,20,48.1,37,10,27,47,6,87.2,114.2,49,103,2.651,67.2,62.94,55.07,49.98,58.8,0.5700000000000001,8.05,1.95,NA,NA,NA,nhl_team_stats_20251108.csv
2024,2025-11-08,8,New York Islanders,NA,14,6,6,1,45,49,3.21,3.5,-0.29000000000000004,30.29,10.61,14,52.4,48,7,14.6,45,10,77.8,92.4,59,149,3.5189999999999997,49.27,34.379999999999995,36.02,52.68,43.09,0.46,6.4,-0.4,NA,NA,NA,nhl_team_stats_20251108.csv
2024,2025-11-08,9,New York Rangers,NA,15,7,6,1.1700000000000002,35,34,2.3299999999999996,2.27,0.06,28.4,8.219999999999999,16,54.6,39,5,12.8,40,6,85,97.8,47,106,2.2870000000000004,21.14,77.54,79.03,65.35,60.760000000000005,0.51,7.7,-0.7,NA,NA,NA,nhl_team_stats_20251108.csv
2024,2025-11-08,13,Ottawa Senators,NA,14,6,5,1.2,50,54,3.57,3.86,-0.29000000000000004,28.43,12.56,15,58.9,50,13,26,43,15,65.1,91.1,60,142,3.5349999999999997,67.27,16.07,17.39,67.48,42.05,0.46,6.45,-0.45,NA,NA,NA,nhl_team_stats_20251108.csv
2024,2025-11-08,6,Philadelphia Flyers,NA,14,8,5,1.6,41,36,2.9299999999999997,2.57,0.36,25,11.709999999999999,17,49.2,44,9,20.5,49,6,87.8,108.3,68,194,3.793,41.690000000000005,62.74,69.63,64.6,59.67,0.5700000000000001,7.91,0.09,NA,NA,NA,nhl_team_stats_20251108.csv
2024,2025-11-08,10,Pittsburgh Penguins,NA,15,9,4,2.25,53,41,3.53,2.73,0.8,27.6,12.8,20,49.9,39,14,35.9,45,7,84.4,120.3,54,143,2.969,72.23,63.220000000000006,64.1,24.03,55.9,0.63,9.39,-0.39,NA,NA,NA,nhl_team_stats_20251108.csv
2024,2025-11-08,26,San Jose Sharks,NA,15,6,6,1,50,54,3.3299999999999996,3.6,-0.27,25.07,13.3,15,48.4,51,10,19.6,48,13,72.9,92.5,54,122,3.038,52.96,32.64,29.630000000000003,42.83,39.52,0.46,6.92,-0.92,NA,NA,NA,nhl_team_stats_20251108.csv
2024,2025-11-08,143,Seattle Kraken,NA,13,6,3,2,34,38,2.62,2.92,-0.3,24.38,10.729999999999999,16,44.9,40,8,20,34,10,70.6,90.6,41,107,2.792,31.73,45.849999999999994,51.67,42.04,42.82,0.45,5.8,0.2,NA,NA,NA,nhl_team_stats_20251108.csv
2024,2025-11-08,17,St. Louis Blues,NA,15,5,8,0.62,41,58,2.73,3.8699999999999997,-1.1400000000000001,26.4,10.350000000000001,12,49.9,41,9,22,40,12,70,92,49,116,3.065,37.82,23.79,23.29,61.949999999999996,36.71,0.32999999999999996,4.98,0.02,NA,NA,NA,nhl_team_stats_20251108.csv
2024,2025-11-08,1,Tampa Bay Lightning,NA,14,7,5,1.4,43,39,3.07,2.79,0.28,26.71,11.5,16,44.8,48,8,16.7,47,5,89.4,106.1,65,152,3.2640000000000002,44.05,65.19,64.86,42.78,54.220000000000006,0.55,7.67,-0.6699999999999999,NA,NA,NA,nhl_team_stats_20251108.csv
2024,2025-11-08,12,Toronto Maple Leafs,NA,14,8,5,1.6,52,50,3.71,3.57,0.14,28.07,13.229999999999999,17,54.8,34,4,11.8,42,7,83.3,95.1,48,102,2.8729999999999998,58.290000000000006,42.24,38.87,54.809999999999995,48.55,0.52,7.2700000000000005,0.73,NA,NA,NA,nhl_team_stats_20251108.csv
2024,2025-11-08,30,Utah Mammoth,NA,14,9,5,1.8,47,40,3.36,2.86,0.5,29.43,11.41,18,47.1,46,8,17.4,39,9,76.9,94.3,54,130,2.9539999999999997,54.730000000000004,55.160000000000004,56.3,29.66,48.96,0.58,8.12,0.88,NA,NA,NA,nhl_team_stats_20251108.csv
2024,2025-11-08,21,Vancouver Canucks,NA,15,7,8,0.88,42,50,2.8,3.3299999999999996,-0.53,27.07,10.34,14,45.5,47,9,19.1,50,16,68,87.1,58,130,3.04,38.41,33.4,32.93,57.32,40.51,0.41000000000000003,6.21,0.7899999999999999,NA,NA,NA,nhl_team_stats_20251108.csv
2024,2025-11-08,142,Vegas Golden Knights,NA,13,7,3,2.3299999999999996,43,37,3.3099999999999996,2.8499999999999996,0.46,28.77,11.5,17,55.4,47,11,23.4,36,8,77.8,101.2,44,102,2.677,58.17,55.28,57.220000000000006,46.75,54.349999999999994,0.5700000000000001,7.470000000000001,-0.47000000000000003,NA,NA,NA,nhl_team_stats_20251108.csv
2024,2025-11-08,5,Washington Capitals,NA,14,7,6,1.1700000000000002,40,34,2.86,2.4299999999999997,0.43000000000000005,29.29,9.76,15,47.8,46,7,15.2,44,12,72.7,87.9,56,129,2.8099999999999996,39.08,56.07,63.93,53.04,53.03,0.58,8.129999999999999,-1.1300000000000001,NA,NA,NA,nhl_team_stats_20251108.csv
2024,2025-11-08,2,Winnipeg Jets,NA,14,9,5,1.8,46,35,3.29,2.5,0.7899999999999999,27.21,12.07,18,52.7,46,10,21.7,57,6,89.5,111.2,65,154,3.1470000000000002,54.59,74.47,71.66999999999999,63.2,65.98,0.63,8.88,0.12000000000000001,NA,NA,NA,nhl_team_stats_20251108.csv
2024,2025-11-09,29,Anaheim Ducks,NA,14,10,3,3.3299999999999996,59,45,4.21,3.21,1,30.79,13.69,21,46.6,55,12,21.8,47,12,74.5,96.3,59,147,3.3369999999999997,82.08,42.46,40.77,65.92,57.809999999999995,0.63,8.850000000000001,1.1500000000000001,NA,NA,NA,nhl_team_stats_20251109.csv
2024,2025-11-09,11,Boston Bruins,NA,17,10,7,1.43,57,56,3.3499999999999996,3.29,0.06,27.06,12.39,20,54,54,12,22.2,64,12,81.2,103.4,81,181,3.409,56.25,45.57,42.1,65.6,52.379999999999995,0.51,8.65,1.35,NA,NA,NA,nhl_team_stats_20251109.csv
2024,2025-11-09,15,Buffalo Sabres,NA,15,5,6,0.8300000000000001,41,49,2.73,3.27,-0.54,28.93,9.450000000000001,14,42.8,46,8,17.4,48,5,89.6,107,66,162,3.445,37.03,54.77,51.9,53.41,49.28,0.41000000000000003,6.159999999999999,-1.1600000000000001,NA,NA,NA,nhl_team_stats_20251109.csv
2024,2025-11-09,23,Calgary Flames,NA,16,4,10,0.4,36,52,2.25,3.25,-1,28.19,7.98,10,46.8,57,7,12.3,57,13,77.2,89.5,75,190,3.666,19.29,38.309999999999995,40.67,69.47,41.93,0.32,5.18,-1.1800000000000002,NA,NA,NA,nhl_team_stats_20251109.csv
2024,2025-11-09,3,Carolina Hurricanes,NA,14,10,4,2.5,54,38,3.86,2.71,1.1500000000000001,32.43,11.89,20,50.7,39,5,12.8,47,8,83,95.8,60,133,2.933,65.29,65.17999999999999,62.91,50.15,60.879999999999995,0.6699999999999999,9.38,0.62,NA,NA,NA,nhl_team_stats_20251109.csv
2024,2025-11-09,20,Chicago Blackhawks,NA,15,7,5,1.4,48,39,3.2,2.6,0.6,25.53,12.53,17,47.2,44,9,20.5,57,10,82.5,103,72,173,3.299,49.32,64.78,63.87,45.190000000000005,55.790000000000006,0.6,9.04,-2.04,NA,NA,NA,nhl_team_stats_20251109.csv
2024,2025-11-09,22,Colorado Avalanche,NA,15,9,1,9,59,36,3.9299999999999997,2.4,1.53,34.07,11.55,23,50.4,60,9,15,47,5,89.4,104.4,56,121,2.543,71.63,79.16,78.14,28.72,64.41000000000001,0.73,10.93,-1.93,NA,NA,NA,nhl_team_stats_20251109.csv
2024,2025-11-09,19,Columbus Blue Jackets,NA,14,7,7,1,44,45,3.14,3.21,-0.07,32.71,9.61,14,52,34,5,14.7,41,12,70.7,85.4,50,123,2.989,48.86,40.44,40.77,45.33,43.849999999999994,0.49,6.85,0.15000000000000002,NA,NA,NA,nhl_team_stats_20251109.csv
2024,2025-11-09,27,Dallas Stars,NA,15,8,4,2,47,49,3.13,3.27,-0.14,25.8,12.139999999999999,19,52.2,55,18,32.7,48,14,70.8,103.5,53,122,2.9419999999999997,59.64,32.839999999999996,37.08,46.01,43.89,0.48000000000000004,7.17,0.8300000000000001,NA,NA,NA,nhl_team_stats_20251109.csv
2024,2025-11-09,16,Detroit Red Wings,NA,15,9,6,1.5,45,46,3,3.07,-0.07,28.07,10.69,18,51.5,48,10,20.8,42,6,85.7,106.5,49,112,2.71,46.46,57.18,56.290000000000006,29.99,47.48,0.49,7.33,1.6700000000000002,NA,NA,NA,nhl_team_stats_20251109.csv
2024,2025-11-09,24,Edmonton Oilers,NA,16,6,6,1,47,55,2.94,3.44,-0.5,28.56,10.28,16,52.7,45,15,33.3,44,8,81.8,115.1,45,90,2.505,55.78,44.27,42.660000000000004,13.950000000000001,39.17,0.42000000000000004,6.75,-0.75,NA,NA,NA,nhl_team_stats_20251109.csv
2024,2025-11-09,4,Florida Panthers,NA,15,7,7,1,40,45,2.67,3,-0.32999999999999996,28.67,9.3,15,47.4,57,10,17.5,54,13,75.9,93.4,65,144,3.093,35.89,47.87,46.87,85.6,54.06,0.44,6.63,0.37,NA,NA,NA,nhl_team_stats_20251109.csv
2024,2025-11-09,28,Los Angeles Kings,NA,15,6,5,1.2,42,46,2.8,3.07,-0.27,29.4,9.52,16,49.8,47,8,17,57,13,77.2,94.2,60,135,3.038,39.03,43.620000000000005,44.760000000000005,45.52,43.230000000000004,0.45,6.81,-0.81,NA,NA,NA,nhl_team_stats_20251109.csv
2024,2025-11-09,25,Minnesota Wild,NA,16,6,7,0.8600000000000001,48,57,3,3.56,-0.56,29.06,10.32,15,47.7,58,18,31,34,10,70.6,101.6,41,107,2.714,57.21,34.41,35.949999999999996,47.61,43.8,0.42000000000000004,6.64,-0.64,NA,NA,NA,nhl_team_stats_20251109.csv
2024,2025-11-09,14,Montreal Canadiens,NA,15,10,3,3.3299999999999996,57,46,3.8,3.07,0.73,24.87,15.28,22,51.9,43,12,27.9,52,11,78.8,106.7,66,155,3.2430000000000003,72.07,50.78,48.05,49.21,55.03,0.61,9.08,0.92,NA,NA,NA,nhl_team_stats_20251109.csv
2024,2025-11-09,18,Nashville Predators,NA,17,5,8,0.62,44,59,2.59,3.4699999999999998,-0.88,27,9.59,14,52.2,53,8,15.1,55,10,81.8,96.9,68,145,3.0589999999999997,29.29,44.47,39.57,41.87,38.8,0.36,6.08,-1.08,NA,NA,NA,nhl_team_stats_20251109.csv
2024,2025-11-09,7,New Jersey Devils,NA,15,11,4,2.75,52,44,3.4699999999999998,2.9299999999999997,0.54,28.53,12.15,22,48.7,39,10,25.6,48,6,87.5,113.1,51,110,2.59,62.730000000000004,67.43,60.51,50.47,60.290000000000006,0.58,8.76,2.24,NA,NA,NA,nhl_team_stats_20251109.csv
2024,2025-11-09,8,New York Islanders,NA,15,7,6,1.1700000000000002,50,49,3.3299999999999996,3.27,0.06,30,11.11,16,52.4,50,8,16,47,10,78.7,94.7,61,153,3.3359999999999994,52.75,41.25,43.67,51.39,47.260000000000005,0.51,7.64,-0.64,NA,NA,NA,nhl_team_stats_20251109.csv
2024,2025-11-09,9,New York Rangers,NA,16,7,7,1,35,39,2.19,2.44,-0.25,28.69,7.63,16,54.2,41,5,12.2,42,7,83.3,95.5,49,110,2.3159999999999994,17.56,73.14999999999999,74.36,61.720000000000006,56.7,0.45,7.14,-0.14,NA,NA,NA,nhl_team_stats_20251109.csv
2024,2025-11-09,13,Ottawa Senators,NA,15,7,5,1.4,53,56,3.53,3.73,-0.2,27.4,12.9,17,58.7,52,13,25,45,15,66.7,91.7,64,150,3.453,64.22,19.53,21.56,65.82,42.78,0.47000000000000003,7.09,-0.09,NA,NA,NA,nhl_team_stats_20251109.csv
2024,2025-11-09,6,Philadelphia Flyers,NA,15,8,5,1.6,43,39,2.8699999999999997,2.6,0.27,24.8,11.56,18,49,46,9,19.6,51,6,88.2,107.8,72,202,3.724,39.04,63.9,70.46000000000001,66.25,59.91,0.55,8.239999999999998,-0.24000000000000002,NA,NA,NA,nhl_team_stats_20251109.csv
2024,2025-11-09,10,Pittsburgh Penguins,NA,16,9,4,2.25,54,42,3.38,2.62,0.76,28,12.05,21,49.4,40,14,35,47,7,85.1,120.1,57,152,2.917,67.82,67.46000000000001,68.93,24.75,57.24,0.62,9.99,-0.99,NA,NA,NA,nhl_team_stats_20251109.csv
2024,2025-11-09,26,San Jose Sharks,NA,16,7,6,1.1700000000000002,53,55,3.3099999999999996,3.44,-0.13,24.939999999999998,13.28,17,48.2,53,10,18.9,53,13,75.5,94.4,59,132,2.997,51.05,38.54,34.94,42.42,41.74,0.48000000000000004,7.6899999999999995,-0.69,NA,NA,NA,nhl_team_stats_20251109.csv
2024,2025-11-09,143,Seattle Kraken,NA,14,7,3,2.3299999999999996,38,41,2.71,2.9299999999999997,-0.22,24.79,10.950000000000001,18,44.8,43,9,20.9,36,11,69.4,90.3,43,111,2.734,35.83,44.39,50.98,38.56,42.44,0.46,6.45,0.55,NA,NA,NA,nhl_team_stats_20251109.csv
2024,2025-11-09,17,St. Louis Blues,NA,16,5,8,0.62,44,62,2.75,3.88,-1.1300000000000001,25.939999999999998,10.6,13,50.3,43,10,23.3,43,13,69.8,93.1,52,122,3.045,39.43,22.37,21.67,64.79,37.06,0.32999999999999996,5.35,-0.35,NA,NA,NA,nhl_team_stats_20251109.csv
2024,2025-11-09,1,Tampa Bay Lightning,NA,15,8,5,1.6,46,41,3.07,2.73,0.33999999999999997,26.2,11.7,18,44.7,50,9,18,48,5,89.6,107.6,69,163,3.241,44.36,67.85,68.19,43.379999999999995,55.949999999999996,0.56,8.38,-0.38,NA,NA,NA,nhl_team_stats_20251109.csv
2024,2025-11-09,12,Toronto Maple Leafs,NA,15,8,6,1.33,55,55,3.67,3.67,0,28.4,12.91,17,54.3,38,6,15.8,43,8,81.4,97.2,51,111,2.9339999999999997,59.41,37.94,34.9,56.13,47.09,0.5,7.5,0.5,NA,NA,NA,nhl_team_stats_20251109.csv
2024,2025-11-09,30,Utah Mammoth,NA,15,9,6,1.5,49,46,3.27,3.07,0.2,29.27,11.16,18,47.3,48,8,16.7,41,9,78,94.7,56,134,2.967,50.949999999999996,51.65,51.349999999999994,29.87,45.949999999999996,0.53,7.970000000000001,1.03,NA,NA,NA,nhl_team_stats_20251109.csv
2024,2025-11-09,21,Vancouver Canucks,NA,16,8,8,1,46,53,2.88,3.3099999999999996,-0.43000000000000005,26.939999999999998,10.67,16,45.2,50,9,18,53,16,69.8,87.8,63,140,3.048,39.6,34.86,34.230000000000004,57.11,41.449999999999996,0.43000000000000005,6.89,1.11,NA,NA,NA,nhl_team_stats_20251109.csv
2024,2025-11-09,142,Vegas Golden Knights,NA,14,7,3,2.3299999999999996,46,41,3.29,2.9299999999999997,0.36,29.5,11.139999999999999,18,55.4,50,12,24,37,8,78.4,102.4,45,104,2.624,58.7,54.849999999999994,56.27,43.92,53.44,0.56,7.81,-0.81,NA,NA,NA,nhl_team_stats_20251109.csv
2024,2025-11-09,5,Washington Capitals,NA,15,7,7,1,42,37,2.8,2.4699999999999998,0.32999999999999996,29.330000000000002,9.55,15,48.3,47,7,14.9,46,13,71.7,86.6,62,152,3.006,37.1,53.18,62.849999999999994,55.230000000000004,52.09,0.56,8.44,-1.44,NA,NA,NA,nhl_team_stats_20251109.csv
2024,2025-11-09,2,Winnipeg Jets,NA,14,9,5,1.8,46,35,3.29,2.5,0.7899999999999999,27.21,12.07,18,52.7,46,10,21.7,57,6,89.5,111.2,65,154,3.1470000000000002,54.339999999999996,75.53,72.77,64.64,66.82,0.63,8.88,0.12000000000000001,NA,NA,NA,nhl_team_stats_20251109.csv
2024,2025-11-10,29,Anaheim Ducks,NA,15,11,3,3.67,63,46,4.2,3.07,1.1300000000000001,30.130000000000003,13.94,23,46.6,59,14,23.7,51,12,76.5,100.2,63,155,3.248,81.8,47.92,45.93,64.85,60.13,0.65,9.78,1.22,NA,NA,NA,nhl_team_stats_20251110.csv
2024,2025-11-10,11,Boston Bruins,NA,17,10,7,1.43,57,56,3.3499999999999996,3.29,0.06,27.06,12.39,20,54,54,12,22.2,64,12,81.2,103.4,81,181,3.409,56.1,45.15,41.44,66.38,52.27,0.51,8.65,1.35,NA,NA,NA,nhl_team_stats_20251110.csv
2024,2025-11-10,15,Buffalo Sabres,NA,15,5,6,0.8300000000000001,41,49,2.73,3.27,-0.54,28.93,9.450000000000001,14,42.8,46,8,17.4,48,5,89.6,107,66,162,3.445,37.83,55.3,52.17,54.24,49.879999999999995,0.41000000000000003,6.159999999999999,-1.1600000000000001,NA,NA,NA,nhl_team_stats_20251110.csv
2024,2025-11-10,23,Calgary Flames,NA,17,4,11,0.36,36,54,2.12,3.18,-1.06,28.650000000000002,7.39,10,47.5,60,7,11.7,61,13,78.7,90.4,79,198,3.589,17.51,41.51,43.37,66.85,42.309999999999995,0.31,5.23,-1.23,NA,NA,NA,nhl_team_stats_20251110.csv
2024,2025-11-10,3,Carolina Hurricanes,NA,15,11,4,2.75,59,42,3.9299999999999997,2.8,1.1300000000000001,33.4,11.78,22,50,43,6,14,50,9,82,96,64,141,2.9499999999999997,68.26,62.89,59.99,47.57,59.68,0.6599999999999999,9.950000000000001,1.05,NA,NA,NA,nhl_team_stats_20251110.csv
2024,2025-11-10,20,Chicago Blackhawks,NA,16,8,5,1.6,53,40,3.3099999999999996,2.5,0.81,25.19,13.15,19,47.3,47,12,25.5,62,10,83.9,109.4,77,183,3.24,56.48,70.4,68.92,44.8,60.15,0.64,10.19,-2.19,NA,NA,NA,nhl_team_stats_20251110.csv
2024,2025-11-10,22,Colorado Avalanche,NA,16,10,1,10,64,40,4,2.5,1.5,33.94,11.79,25,49.8,63,11,17.5,52,6,88.5,106,61,131,2.625,74.52,75.51,75.69,29.58,63.83,0.72,11.51,-1.51,NA,NA,NA,nhl_team_stats_20251110.csv
2024,2025-11-10,19,Columbus Blue Jackets,NA,14,7,7,1,44,45,3.14,3.21,-0.07,32.71,9.61,14,52,34,5,14.7,41,12,70.7,85.4,50,123,2.989,49.06,39.290000000000006,39.9,46.02,43.57,0.49,6.85,0.15000000000000002,NA,NA,NA,nhl_team_stats_20251110.csv
2024,2025-11-10,27,Dallas Stars,NA,16,9,4,2.25,49,50,3.06,3.12,-0.06,25.69,11.92,21,53,58,19,32.8,51,14,72.5,105.3,57,130,2.8759999999999994,57.96,37.64,42.3,44.42,45.58,0.49,7.84,1.1600000000000001,NA,NA,NA,nhl_team_stats_20251110.csv
2024,2025-11-10,16,Detroit Red Wings,NA,16,9,7,1.29,46,51,2.88,3.19,-0.31,29.19,9.850000000000001,18,51.5,53,10,18.9,45,9,80,98.9,52,118,2.737,43.33,48.160000000000004,48.52,30.55,42.64,0.45,7.18,1.82,NA,NA,NA,nhl_team_stats_20251110.csv
2024,2025-11-10,24,Edmonton Oilers,NA,16,6,6,1,47,55,2.94,3.44,-0.5,28.56,10.28,16,52.7,45,15,33.3,44,8,81.8,115.1,45,90,2.505,56.309999999999995,43.690000000000005,42.21,14.39,39.15,0.42000000000000004,6.75,-0.75,NA,NA,NA,nhl_team_stats_20251110.csv
2024,2025-11-10,4,Florida Panthers,NA,15,7,7,1,40,45,2.67,3,-0.32999999999999996,28.67,9.3,15,47.4,57,10,17.5,54,13,75.9,93.4,65,144,3.093,36.790000000000006,47.5,46.37,86.5,54.290000000000006,0.44,6.63,0.37,NA,NA,NA,nhl_team_stats_20251110.csv
2024,2025-11-10,28,Los Angeles Kings,NA,16,7,5,1.4,45,48,2.8099999999999996,3,-0.19,29.25,9.62,18,49.8,51,9,17.6,59,14,76.3,93.9,62,139,2.944,40.449999999999996,44.63,46.14,41.290000000000006,43.13,0.47000000000000003,7.48,-0.48000000000000004,NA,NA,NA,nhl_team_stats_20251110.csv
2024,2025-11-10,25,Minnesota Wild,NA,17,7,7,1,50,57,2.94,3.3499999999999996,-0.41000000000000003,28.47,10.33,17,47.4,62,18,29,37,10,73,102,44,113,2.622,53.809999999999995,41.18,42.7,45.02,45.68,0.44,7.4,-0.4,NA,NA,NA,nhl_team_stats_20251110.csv
2024,2025-11-10,14,Montreal Canadiens,NA,15,10,3,3.3299999999999996,57,46,3.8,3.07,0.73,24.87,15.28,22,51.9,43,12,27.9,52,11,78.8,106.7,66,155,3.2430000000000003,71.14999999999999,50.690000000000005,47.74,49.96,54.879999999999995,0.61,9.08,0.92,NA,NA,NA,nhl_team_stats_20251110.csv
2024,2025-11-10,18,Nashville Predators,NA,17,5,8,0.62,44,59,2.59,3.4699999999999998,-0.88,27,9.59,14,52.2,53,8,15.1,55,10,81.8,96.9,68,145,3.0589999999999997,30.279999999999998,43.92,38.86,42.54,38.9,0.36,6.08,-1.08,NA,NA,NA,nhl_team_stats_20251110.csv
2024,2025-11-10,7,New Jersey Devils,NA,15,11,4,2.75,52,44,3.4699999999999998,2.9299999999999997,0.54,28.53,12.15,22,48.7,39,10,25.6,48,6,87.5,113.1,51,110,2.59,62.449999999999996,68.8,61.25,51.220000000000006,60.93,0.58,8.76,2.24,NA,NA,NA,nhl_team_stats_20251110.csv
2024,2025-11-10,8,New York Islanders,NA,15,7,6,1.1700000000000002,50,49,3.3299999999999996,3.27,0.06,30,11.11,16,52.4,50,8,16,47,10,78.7,94.7,61,153,3.3359999999999994,52.67,40.449999999999996,43.14,52.24,47.13,0.51,7.64,-0.64,NA,NA,NA,nhl_team_stats_20251110.csv
2024,2025-11-10,9,New York Rangers,NA,16,7,7,1,35,39,2.19,2.44,-0.25,28.69,7.63,16,54.2,41,5,12.2,42,7,83.3,95.5,49,110,2.3159999999999994,19.14,74.91000000000001,75.92,62.44,58.1,0.45,7.14,-0.14,NA,NA,NA,nhl_team_stats_20251110.csv
2024,2025-11-10,13,Ottawa Senators,NA,16,8,5,1.6,57,58,3.56,3.62,-0.06,27.25,13.07,19,58.9,54,13,24.1,46,15,67.4,91.5,66,154,3.3329999999999997,63.51,21.05,24.6,66.57,43.93,0.49,7.87,0.13,NA,NA,NA,nhl_team_stats_20251110.csv
2024,2025-11-10,6,Philadelphia Flyers,NA,15,8,5,1.6,43,39,2.8699999999999997,2.6,0.27,24.8,11.56,18,49,46,9,19.6,51,6,88.2,107.8,72,202,3.724,39.56,65.25,71.81,67.16,60.949999999999996,0.55,8.239999999999998,-0.24000000000000002,NA,NA,NA,nhl_team_stats_20251110.csv
2024,2025-11-10,10,Pittsburgh Penguins,NA,17,9,5,1.8,56,45,3.29,2.65,0.64,28.29,11.639999999999999,21,49.4,42,15,35.7,51,8,84.3,120,61,160,2.9109999999999996,66.3,67.38,68.3,25.77,56.94,0.61,10.31,-1.31,NA,NA,NA,nhl_team_stats_20251110.csv
2024,2025-11-10,26,San Jose Sharks,NA,16,7,6,1.1700000000000002,53,55,3.3099999999999996,3.44,-0.13,24.939999999999998,13.28,17,48.2,53,10,18.9,53,13,75.5,94.4,59,132,2.997,50.879999999999995,37.36,33.75,43.120000000000005,41.28,0.48000000000000004,7.6899999999999995,-0.69,NA,NA,NA,nhl_team_stats_20251110.csv
2024,2025-11-10,143,Seattle Kraken,NA,15,7,4,1.75,39,43,2.6,2.8699999999999997,-0.27,25.2,10.32,18,44.2,46,9,19.6,39,12,69.2,88.8,47,119,2.71,32.839999999999996,45.05,52.339999999999996,40.77,42.75,0.45,6.76,0.24000000000000002,NA,NA,NA,nhl_team_stats_20251110.csv
2024,2025-11-10,17,St. Louis Blues,NA,16,5,8,0.62,44,62,2.75,3.88,-1.1300000000000001,25.939999999999998,10.6,13,50.3,43,10,23.3,43,13,69.8,93.1,52,122,3.045,40.18,19.72,19.66,65.55,36.27,0.32999999999999996,5.35,-0.35,NA,NA,NA,nhl_team_stats_20251110.csv
2024,2025-11-10,1,Tampa Bay Lightning,NA,15,8,5,1.6,46,41,3.07,2.73,0.33999999999999997,26.2,11.7,18,44.7,50,9,18,48,5,89.6,107.6,69,163,3.241,44.620000000000005,69.44000000000001,69.46000000000001,44.09,56.9,0.56,8.38,-0.38,NA,NA,NA,nhl_team_stats_20251110.csv
2024,2025-11-10,12,Toronto Maple Leafs,NA,16,8,7,1.1400000000000001,59,60,3.69,3.75,-0.06,27.88,13.229999999999999,17,54.7,41,7,17.1,47,9,80.9,98,56,121,2.9949999999999997,60.09,34.24,30.59,56.28,45.3,0.49,7.87,0.13,NA,NA,NA,nhl_team_stats_20251110.csv
2024,2025-11-10,30,Utah Mammoth,NA,16,9,7,1.29,51,50,3.19,3.12,0.07,29.38,10.850000000000001,18,46.7,49,8,16.3,43,9,79.1,95.4,59,140,2.9509999999999996,48.63,51.82,50.760000000000005,28.19,44.849999999999994,0.51,8.18,0.8200000000000001,NA,NA,NA,nhl_team_stats_20251110.csv
2024,2025-11-10,21,Vancouver Canucks,NA,17,8,8,1,50,58,2.94,3.4099999999999997,-0.47000000000000003,27.29,10.78,17,46.2,55,10,18.2,56,18,67.9,86.1,66,146,3.053,42.339999999999996,28.69,28.04,57.13,39.05,0.43000000000000005,7.25,0.75,NA,NA,NA,nhl_team_stats_20251110.csv
2024,2025-11-10,142,Vegas Golden Knights,NA,14,7,3,2.3299999999999996,46,41,3.29,2.9299999999999997,0.36,29.5,11.139999999999999,18,55.4,50,12,24,37,8,78.4,102.4,45,104,2.624,58.71,55.03,56.6,44.57,53.730000000000004,0.56,7.81,-0.81,NA,NA,NA,nhl_team_stats_20251110.csv
2024,2025-11-10,5,Washington Capitals,NA,15,7,7,1,42,37,2.8,2.4699999999999998,0.32999999999999996,29.330000000000002,9.55,15,48.3,47,7,14.9,46,13,71.7,86.6,62,152,3.006,37.790000000000006,53.2,63.339999999999996,55.96,52.57,0.56,8.44,-1.44,NA,NA,NA,nhl_team_stats_20251110.csv
2024,2025-11-10,2,Winnipeg Jets,NA,15,9,6,1.5,47,39,3.13,2.6,0.53,27,11.6,18,52.8,50,10,20,61,8,86.9,106.9,69,162,3.1470000000000002,48.65,72.22,68.2,63.98,63.260000000000005,0.59,8.88,0.12000000000000001,NA,NA,NA,nhl_team_stats_20251110.csv
2024,2025-11-11,29,Anaheim Ducks,NA,15,11,3,3.67,63,46,4.2,3.07,1.1300000000000001,30.130000000000003,13.94,23,46.6,59,14,23.7,51,12,76.5,100.2,63,155,3.248,82.83,48.3,45.99,65.84,60.74,0.65,9.78,1.22,NA,NA,NA,nhl_team_stats_20251111.csv
2024,2025-11-11,11,Boston Bruins,NA,17,10,7,1.43,57,56,3.3499999999999996,3.29,0.06,27.06,12.39,20,54,54,12,22.2,64,12,81.2,103.4,81,181,3.409,56.17,45.64,41.67,66.77,52.56,0.51,8.65,1.35,NA,NA,NA,nhl_team_stats_20251111.csv
2024,2025-11-11,15,Buffalo Sabres,NA,15,5,6,0.8300000000000001,41,49,2.73,3.27,-0.54,28.93,9.450000000000001,14,42.8,46,8,17.4,48,5,89.6,107,66,162,3.445,37.07,56.07,52.86,54.720000000000006,50.18,0.41000000000000003,6.159999999999999,-1.1600000000000001,NA,NA,NA,nhl_team_stats_20251111.csv
2024,2025-11-11,23,Calgary Flames,NA,17,4,11,0.36,36,54,2.12,3.18,-1.06,28.650000000000002,7.39,10,47.5,60,7,11.7,61,13,78.7,90.4,79,198,3.589,15.92,41.74,43.49,67.49000000000001,42.160000000000004,0.31,5.23,-1.23,NA,NA,NA,nhl_team_stats_20251111.csv
2024,2025-11-11,3,Carolina Hurricanes,NA,15,11,4,2.75,59,42,3.9299999999999997,2.8,1.1300000000000001,33.4,11.78,22,50,43,6,14,50,9,82,96,64,141,2.9499999999999997,68.66,63.44,60.230000000000004,47.809999999999995,60.04,0.6599999999999999,9.950000000000001,1.05,NA,NA,NA,nhl_team_stats_20251111.csv
2024,2025-11-11,20,Chicago Blackhawks,NA,16,8,5,1.6,53,40,3.3099999999999996,2.5,0.81,25.19,13.15,19,47.3,47,12,25.5,62,10,83.9,109.4,77,183,3.24,56.620000000000005,70.9,69.05,44.61,60.3,0.64,10.19,-2.19,NA,NA,NA,nhl_team_stats_20251111.csv
2024,2025-11-11,22,Colorado Avalanche,NA,16,10,1,10,64,40,4,2.5,1.5,33.94,11.79,25,49.8,63,11,17.5,52,6,88.5,106,61,131,2.625,75.14999999999999,76.05,76.14,29.03,64.09,0.72,11.51,-1.51,NA,NA,NA,nhl_team_stats_20251111.csv
2024,2025-11-11,19,Columbus Blue Jackets,NA,15,7,7,1,48,50,3.2,3.3299999999999996,-0.13,31.8,10.06,15,51.9,36,5,13.9,42,12,71.4,85.3,54,134,3.087,48.36,34.42,37.730000000000004,42.83,40.839999999999996,0.48000000000000004,7.2,-0.2,NA,NA,NA,nhl_team_stats_20251111.csv
2024,2025-11-11,27,Dallas Stars,NA,16,9,4,2.25,49,50,3.06,3.12,-0.06,25.75,11.89,21,53,58,19,32.8,51,14,72.5,105.3,57,130,2.8759999999999994,58.120000000000005,37.6,42.27,44.09,45.52,0.49,7.84,1.1600000000000001,NA,NA,NA,nhl_team_stats_20251111.csv
2024,2025-11-11,16,Detroit Red Wings,NA,16,9,7,1.29,46,51,2.88,3.19,-0.31,29.19,9.850000000000001,18,51.5,53,10,18.9,45,9,80,98.9,52,118,2.737,42.78,48.56,48.91,29.8,42.51,0.45,7.18,1.82,NA,NA,NA,nhl_team_stats_20251111.csv
2024,2025-11-11,24,Edmonton Oilers,NA,17,7,6,1.1700000000000002,52,59,3.06,3.4699999999999998,-0.41000000000000003,28.29,10.81,18,52.4,46,15,32.6,46,8,82.6,115.2,50,103,2.6,58.309999999999995,44.21,42.620000000000005,20.7,41.46,0.44,7.44,-0.44,NA,NA,NA,nhl_team_stats_20251111.csv
2024,2025-11-11,4,Florida Panthers,NA,16,8,7,1.1400000000000001,43,47,2.69,2.94,-0.25,28.12,9.56,17,47.7,60,11,18.3,57,13,77.2,95.5,70,157,3.11,36.660000000000004,50.8,49.760000000000005,86.05,55.82,0.46,7.29,0.71,NA,NA,NA,nhl_team_stats_20251111.csv
2024,2025-11-11,28,Los Angeles Kings,NA,16,7,5,1.4,45,48,2.8099999999999996,3,-0.19,29.25,9.62,18,49.8,51,9,17.6,59,14,76.3,93.9,62,139,2.944,39.8,44.690000000000005,46.09,41.3,42.97,0.47000000000000003,7.48,-0.48000000000000004,NA,NA,NA,nhl_team_stats_20251111.csv
2024,2025-11-11,25,Minnesota Wild,NA,17,7,7,1,50,57,2.94,3.3499999999999996,-0.41000000000000003,28.47,10.33,17,47.4,62,18,29,37,10,73,102,44,113,2.622,53.68,41.6,43.1,44.65,45.760000000000005,0.44,7.4,-0.4,NA,NA,NA,nhl_team_stats_20251111.csv
2024,2025-11-11,14,Montreal Canadiens,NA,15,10,3,3.3299999999999996,57,46,3.8,3.07,0.73,24.87,15.28,22,51.9,43,12,27.9,52,11,78.8,106.7,66,155,3.2430000000000003,71.93,51.15,47.879999999999995,50.09,55.260000000000005,0.61,9.08,0.92,NA,NA,NA,nhl_team_stats_20251111.csv
2024,2025-11-11,18,Nashville Predators,NA,18,5,9,0.56,47,65,2.61,3.61,-1,27.17,9.61,14,52,57,10,17.5,57,11,80.7,98.2,70,149,3.064,32.27,39.97,34.190000000000005,39.8,36.56,0.33999999999999997,6.18,-1.1800000000000002,NA,NA,NA,nhl_team_stats_20251111.csv
2024,2025-11-11,7,New Jersey Devils,NA,16,11,4,2.75,54,47,3.38,2.94,0.44,28.939999999999998,11.66,23,48.3,43,11,25.6,49,7,85.7,111.3,52,112,2.528,60.83,67.61,60.39,47.13,58.99,0.5700000000000001,9.11,1.8900000000000001,NA,NA,NA,nhl_team_stats_20251111.csv
2024,2025-11-11,8,New York Islanders,NA,16,8,6,1.33,53,51,3.3099999999999996,3.19,0.12000000000000001,29.62,11.18,18,52.7,51,9,17.6,51,11,78.4,96,65,161,3.273,53,42.949999999999996,45.37,50.839999999999996,48.04,0.52,8.3,-0.3,NA,NA,NA,nhl_team_stats_20251111.csv
2024,2025-11-11,9,New York Rangers,NA,17,8,7,1.1400000000000001,41,42,2.4099999999999997,2.4699999999999998,-0.06,28.06,8.6,18,54,43,6,14,46,9,80.4,94.4,53,118,2.34,24.22,71.07,72.72,64.9,58.230000000000004,0.49,8.29,-0.29000000000000004,NA,NA,NA,nhl_team_stats_20251111.csv
2024,2025-11-11,13,Ottawa Senators,NA,16,8,5,1.6,57,58,3.56,3.62,-0.06,27.310000000000002,13.04,19,58.9,54,13,24.1,46,15,67.4,91.5,66,154,3.3329999999999997,63.91,21.110000000000003,24.62,67.13,44.190000000000005,0.49,7.87,0.13,NA,NA,NA,nhl_team_stats_20251111.csv
2024,2025-11-11,6,Philadelphia Flyers,NA,15,8,5,1.6,43,39,2.8699999999999997,2.6,0.27,24.8,11.56,18,49,46,9,19.6,51,6,88.2,107.8,72,202,3.724,39.02,65.61999999999999,72.26,67.9,61.2,0.55,8.239999999999998,-0.24000000000000002,NA,NA,NA,nhl_team_stats_20251111.csv
2024,2025-11-11,10,Pittsburgh Penguins,NA,17,9,5,1.8,56,45,3.29,2.65,0.64,28.29,11.639999999999999,21,49.4,42,15,35.7,51,8,84.3,120,61,160,2.9109999999999996,66.67999999999999,67.88,68.66999999999999,25.150000000000002,57.1,0.61,10.31,-1.31,NA,NA,NA,nhl_team_stats_20251111.csv
2024,2025-11-11,26,San Jose Sharks,NA,16,7,6,1.1700000000000002,53,55,3.3099999999999996,3.44,-0.13,25,13.25,17,48.2,53,10,18.9,53,13,75.5,94.4,59,132,2.997,50.87,37.720000000000006,33.879999999999995,43.17,41.41,0.48000000000000004,7.6899999999999995,-0.69,NA,NA,NA,nhl_team_stats_20251111.csv
2024,2025-11-11,143,Seattle Kraken,NA,15,7,4,1.75,39,43,2.6,2.8699999999999997,-0.27,25.2,10.32,18,44.2,46,9,19.6,39,12,69.2,88.8,47,119,2.71,31.99,45.06,52.339999999999996,40.33,42.43,0.45,6.76,0.24000000000000002,NA,NA,NA,nhl_team_stats_20251111.csv
2024,2025-11-11,17,St. Louis Blues,NA,16,5,8,0.62,44,62,2.75,3.88,-1.1300000000000001,25.939999999999998,10.6,13,50.3,43,10,23.3,43,13,69.8,93.1,52,122,3.045,39.59,19.99,19.91,66.2,36.42,0.32999999999999996,5.35,-0.35,NA,NA,NA,nhl_team_stats_20251111.csv
2024,2025-11-11,1,Tampa Bay Lightning,NA,15,8,5,1.6,46,41,3.07,2.73,0.33999999999999997,26.27,11.68,18,44.7,50,9,18,48,5,89.6,107.6,69,163,3.241,44.33,70.1,70.02,43.86,57.08,0.56,8.38,-0.38,NA,NA,NA,nhl_team_stats_20251111.csv
2024,2025-11-11,12,Toronto Maple Leafs,NA,16,8,7,1.1400000000000001,59,60,3.69,3.75,-0.06,27.88,13.229999999999999,17,54.7,41,7,17.1,47,9,80.9,98,56,121,2.9949999999999997,60.33,34.78,31.12,56.260000000000005,45.63,0.49,7.87,0.13,NA,NA,NA,nhl_team_stats_20251111.csv
2024,2025-11-11,30,Utah Mammoth,NA,16,9,7,1.29,51,50,3.19,3.12,0.07,29.38,10.850000000000001,18,46.7,49,8,16.3,43,9,79.1,95.4,59,140,2.9509999999999996,48.33,52.349999999999994,51.13,27.43,44.809999999999995,0.51,8.18,0.8200000000000001,NA,NA,NA,nhl_team_stats_20251111.csv
2024,2025-11-11,21,Vancouver Canucks,NA,17,8,8,1,50,58,2.94,3.4099999999999997,-0.47000000000000003,27.24,10.8,17,46.2,55,10,18.2,56,18,67.9,86.1,66,146,3.053,41.790000000000006,28.759999999999998,27.85,57.56,38.99,0.43000000000000005,7.25,0.75,NA,NA,NA,nhl_team_stats_20251111.csv
2024,2025-11-11,142,Vegas Golden Knights,NA,15,7,4,1.75,48,44,3.2,2.9299999999999997,0.27,29.67,10.79,18,54.9,53,12,22.6,40,9,77.5,100.1,50,117,2.697,55.309999999999995,53.98,56.1,45.78,52.790000000000006,0.54,8.16,-1.1600000000000001,NA,NA,NA,nhl_team_stats_20251111.csv
2024,2025-11-11,5,Washington Capitals,NA,15,7,7,1,42,37,2.8,2.4699999999999998,0.32999999999999996,29.330000000000002,9.55,15,48.3,47,7,14.9,46,13,71.7,86.6,62,152,3.006,37.03,53.03,63.160000000000004,56.04,52.309999999999995,0.56,8.44,-1.44,NA,NA,NA,nhl_team_stats_20251111.csv
2024,2025-11-11,2,Winnipeg Jets,NA,15,9,6,1.5,47,39,3.13,2.6,0.53,27,11.6,18,52.8,50,10,20,61,8,86.9,106.9,69,162,3.1470000000000002,48.41,72.86999999999999,68.48,64.74000000000001,63.620000000000005,0.59,8.88,0.12000000000000001,NA,NA,NA,nhl_team_stats_20251111.csv
2024,2025-11-12,29,Anaheim Ducks,NA,16,11,4,2.75,64,50,4,3.12,0.88,30.5,13.11,23,46.7,61,14,23,55,13,76.4,99.4,68,165,3.2640000000000002,79.16999999999999,46.3,43.49,67.39,59.09,0.62,9.950000000000001,1.05,NA,NA,NA,nhl_team_stats_20251112.csv
2024,2025-11-12,11,Boston Bruins,NA,18,11,7,1.57,62,59,3.44,3.2800000000000002,0.16,27.330000000000002,12.6,22,53.2,60,15,25,69,13,81.2,106.2,88,195,3.4589999999999996,62.74,43.03,41.05,66.54,53.339999999999996,0.52,9.43,1.57,NA,NA,NA,nhl_team_stats_20251112.csv
2024,2025-11-12,15,Buffalo Sabres,NA,15,5,6,0.8300000000000001,41,49,2.73,3.27,-0.54,28.93,9.450000000000001,14,42.8,46,8,17.4,48,5,89.6,107,66,162,3.445,36.54,55.879999999999995,52.449999999999996,55.54,50.1,0.41000000000000003,6.159999999999999,-1.1600000000000001,NA,NA,NA,nhl_team_stats_20251112.csv
2024,2025-11-12,23,Calgary Flames,NA,18,4,12,0.32999999999999996,38,57,2.11,3.17,-1.06,29.279999999999998,7.21,10,47.7,61,7,11.5,63,14,77.8,89.3,82,204,3.52,14.33,40.87,42.91,64.41000000000001,40.63,0.31,5.53,-1.53,NA,NA,NA,nhl_team_stats_20251112.csv
2024,2025-11-12,3,Carolina Hurricanes,NA,16,11,5,2.2,60,46,3.75,2.88,0.8700000000000001,33.25,11.28,22,50.2,48,6,12.5,55,10,81.8,94.3,71,158,3.077,63.91,60.05,56.349999999999994,50.53,57.71,0.63,10.06,0.9400000000000001,NA,NA,NA,nhl_team_stats_20251112.csv
2024,2025-11-12,20,Chicago Blackhawks,NA,16,8,5,1.6,53,40,3.3099999999999996,2.5,0.81,25.19,13.15,19,47.3,47,12,25.5,62,10,83.9,109.4,77,183,3.24,57.71,70.51,68.26,45.04,60.379999999999995,0.64,10.19,-2.19,NA,NA,NA,nhl_team_stats_20251112.csv
2024,2025-11-12,22,Colorado Avalanche,NA,17,11,1,11,68,41,4,2.4099999999999997,1.59,34.06,11.739999999999998,27,49.9,67,12,17.9,54,6,88.9,106.8,64,137,2.561,77.32,79.03,78.83,28.58,65.94000000000001,0.73,12.47,-1.47,NA,NA,NA,nhl_team_stats_20251112.csv
2024,2025-11-12,19,Columbus Blue Jackets,NA,16,8,7,1.1400000000000001,50,51,3.12,3.19,-0.07,31.939999999999998,9.78,17,51.8,40,6,15,44,12,72.7,87.7,56,138,2.968,47.63,39.49,43.08,40.61,42.7,0.49,7.819999999999999,0.18,NA,NA,NA,nhl_team_stats_20251112.csv
2024,2025-11-12,27,Dallas Stars,NA,17,10,4,2.5,52,52,3.06,3.06,0,26.18,11.69,23,53,61,20,32.8,53,14,73.6,106.4,59,134,2.8,58.96,40.39,45.05,44.58,47.25,0.5,8.5,1.5,NA,NA,NA,nhl_team_stats_20251112.csv
2024,2025-11-12,16,Detroit Red Wings,NA,16,9,7,1.29,46,51,2.88,3.19,-0.31,29.19,9.850000000000001,18,51.5,53,10,18.9,45,9,80,98.9,52,118,2.737,42.56,47.96,48.42,30.36,42.33,0.45,7.18,1.82,NA,NA,NA,nhl_team_stats_20251112.csv
2024,2025-11-12,24,Edmonton Oilers,NA,17,7,6,1.1700000000000002,52,59,3.06,3.4699999999999998,-0.41000000000000003,28.29,10.81,18,52.4,46,15,32.6,46,8,82.6,115.2,50,103,2.6,58.690000000000005,43.67,42.27,21.53,41.54,0.44,7.44,-0.44,NA,NA,NA,nhl_team_stats_20251112.csv
2024,2025-11-12,4,Florida Panthers,NA,16,8,7,1.1400000000000001,43,47,2.69,2.94,-0.25,28.12,9.56,17,47.7,60,11,18.3,57,13,77.2,95.5,70,157,3.11,36.13,50.14,49.13,86.67999999999999,55.52,0.46,7.29,0.71,NA,NA,NA,nhl_team_stats_20251112.csv
2024,2025-11-12,28,Los Angeles Kings,NA,17,8,5,1.6,50,49,2.94,2.88,0.06,29.06,10.12,20,49.9,54,9,16.7,62,14,77.4,94.1,65,145,2.8609999999999998,41.94,49.05,50.690000000000005,38.36,45.01,0.51,8.68,-0.6799999999999999,NA,NA,NA,nhl_team_stats_20251112.csv
2024,2025-11-12,25,Minnesota Wild,NA,18,7,7,1,51,59,2.8299999999999996,3.2800000000000002,-0.45,28.5,9.94,18,47.5,66,19,28.8,40,11,72.5,101.3,47,119,2.587,50.59,42.17,44.220000000000006,43.13,45.03,0.43000000000000005,7.68,-0.6799999999999999,NA,NA,NA,nhl_team_stats_20251112.csv
2024,2025-11-12,14,Montreal Canadiens,NA,16,10,4,2.5,58,51,3.62,3.19,0.43000000000000005,24.69,14.68,22,51.7,46,12,26.1,55,11,80,106.1,69,161,3.237,67.16,49.41,44.86,49.790000000000006,52.809999999999995,0.56,9.01,0.99,NA,NA,NA,nhl_team_stats_20251112.csv
2024,2025-11-12,18,Nashville Predators,NA,18,5,9,0.56,47,65,2.61,3.61,-1,27.17,9.61,14,52,57,10,17.5,57,11,80.7,98.2,70,149,3.064,31.62,39.52,33.879999999999995,40.47,36.37,0.33999999999999997,6.18,-1.1800000000000002,NA,NA,NA,nhl_team_stats_20251112.csv
2024,2025-11-12,7,New Jersey Devils,NA,16,11,4,2.75,54,47,3.38,2.94,0.44,28.939999999999998,11.66,23,48.3,43,11,25.6,49,7,85.7,111.3,52,112,2.528,61.71,67.36,59.82,48.230000000000004,59.28,0.5700000000000001,9.11,1.8900000000000001,NA,NA,NA,nhl_team_stats_20251112.csv
2024,2025-11-12,8,New York Islanders,NA,16,8,6,1.33,53,51,3.3099999999999996,3.19,0.12000000000000001,29.62,11.18,18,52.7,51,9,17.6,51,11,78.4,96,65,161,3.273,53.6,42.27,44.86,51.87,48.15,0.52,8.3,-0.3,NA,NA,NA,nhl_team_stats_20251112.csv
2024,2025-11-12,9,New York Rangers,NA,17,8,7,1.1400000000000001,41,42,2.4099999999999997,2.4699999999999998,-0.06,28.06,8.6,18,54,43,6,14,46,9,80.4,94.4,53,118,2.34,23.02,70.52,71.92,65.66999999999999,57.78,0.49,8.29,-0.29000000000000004,NA,NA,NA,nhl_team_stats_20251112.csv
2024,2025-11-12,13,Ottawa Senators,NA,17,8,5,1.6,59,61,3.4699999999999998,3.59,-0.12000000000000001,27.41,12.66,20,58.3,56,13,23.2,49,16,67.3,90.5,69,160,3.278,61.839999999999996,21.25,25.1,63.9,43.02,0.48000000000000004,8.209999999999999,-0.21000000000000002,NA,NA,NA,nhl_team_stats_20251112.csv
2024,2025-11-12,6,Philadelphia Flyers,NA,15,8,5,1.6,43,39,2.8699999999999997,2.6,0.27,24.8,11.56,18,49,46,9,19.6,51,6,88.2,107.8,72,202,3.724,39.120000000000005,65.21000000000001,71.54,68.4,61.07,0.55,8.239999999999998,-0.24000000000000002,NA,NA,NA,nhl_team_stats_20251112.csv
2024,2025-11-12,10,Pittsburgh Penguins,NA,17,9,5,1.8,56,45,3.29,2.65,0.64,28.29,11.639999999999999,21,49.4,42,15,35.7,51,8,84.3,120,61,160,2.9109999999999996,67.56,67.46000000000001,67.96000000000001,25.91,57.220000000000006,0.61,10.31,-1.31,NA,NA,NA,nhl_team_stats_20251112.csv
2024,2025-11-12,26,San Jose Sharks,NA,17,8,6,1.33,55,56,3.24,3.29,-0.05,24.59,13.16,19,48.3,56,11,19.6,57,14,75.4,95,63,140,2.9319999999999995,50.24,41.01,37.849999999999994,44.28,43.339999999999996,0.49,8.370000000000001,-0.37,NA,NA,NA,nhl_team_stats_20251112.csv
2024,2025-11-12,143,Seattle Kraken,NA,16,7,4,1.75,40,44,2.5,2.75,-0.25,25.06,9.98,19,44.5,48,9,18.8,43,13,69.8,88.6,51,127,2.662,27.62,48.18,55.08,36.92,41.949999999999996,0.45,7.24,-0.24000000000000002,NA,NA,NA,nhl_team_stats_20251112.csv
2024,2025-11-12,17,St. Louis Blues,NA,17,6,8,0.75,47,64,2.7600000000000002,3.7600000000000002,-1,26.24,10.54,15,50.2,45,11,24.4,44,13,70.5,94.9,54,126,2.9539999999999997,40.94,23.62,24.810000000000002,65.99000000000001,38.839999999999996,0.35,5.95,0.05,NA,NA,NA,nhl_team_stats_20251112.csv
2024,2025-11-12,1,Tampa Bay Lightning,NA,15,8,5,1.6,46,41,3.07,2.73,0.33999999999999997,26.27,11.68,18,44.7,50,9,18,48,5,89.6,107.6,69,163,3.241,44.71,69.86,69.36999999999999,44.3,57.06,0.56,8.38,-0.38,NA,NA,NA,nhl_team_stats_20251112.csv
2024,2025-11-12,12,Toronto Maple Leafs,NA,17,8,8,1,62,65,3.65,3.82,-0.17,28.18,12.94,17,55,46,8,17.4,53,12,77.4,94.8,64,137,3.12,61.27,27.6,24.6,64.67999999999999,44.54,0.48000000000000004,8.11,-0.11,NA,NA,NA,nhl_team_stats_20251112.csv
2024,2025-11-12,30,Utah Mammoth,NA,16,9,7,1.29,51,50,3.19,3.12,0.07,29.38,10.850000000000001,18,46.7,49,8,16.3,43,9,79.1,95.4,59,140,2.9509999999999996,48.68,51.87,50.620000000000005,27.979999999999997,44.790000000000006,0.51,8.18,0.8200000000000001,NA,NA,NA,nhl_team_stats_20251112.csv
2024,2025-11-12,21,Vancouver Canucks,NA,18,8,9,0.89,53,63,2.94,3.5,-0.56,27.56,10.69,17,45.8,57,11,19.3,60,20,66.7,86,70,154,3.082,43.1,24.130000000000003,23.07,56.87,36.790000000000006,0.41000000000000003,7.45,0.55,NA,NA,NA,nhl_team_stats_20251112.csv
2024,2025-11-12,142,Vegas Golden Knights,NA,15,7,4,1.75,48,44,3.2,2.9299999999999997,0.27,29.67,10.79,18,54.9,53,12,22.6,40,9,77.5,100.1,50,117,2.697,55.77,53.339999999999996,55.5,46.46,52.77,0.54,8.16,-1.1600000000000001,NA,NA,NA,nhl_team_stats_20251112.csv
2024,2025-11-12,5,Washington Capitals,NA,16,8,7,1.1400000000000001,46,38,2.88,2.38,0.5,29.25,9.83,17,48.2,52,8,15.4,51,13,74.5,89.9,69,169,3.054,39.24,57.720000000000006,66.66999999999999,54.77,54.6,0.59,9.51,-1.51,NA,NA,NA,nhl_team_stats_20251112.csv
2024,2025-11-12,2,Winnipeg Jets,NA,16,10,6,1.6700000000000002,52,42,3.25,2.62,0.63,27.19,11.950000000000001,20,53.2,54,12,22.2,63,9,85.7,107.9,71,166,3.07,54.57,71.11999999999999,66.28,60.220000000000006,63.05,0.61,9.7,0.3,NA,NA,NA,nhl_team_stats_20251112.csv
2024,2025-11-13,29,Anaheim Ducks,NA,16,11,4,2.75,64,50,4,3.12,0.88,30.5,13.11,23,46.7,61,14,23,55,13,76.4,99.4,68,165,3.2640000000000002,79.56,46.44,43.64,67.63,59.32,0.62,9.950000000000001,1.05,NA,NA,NA,nhl_team_stats_20251113.csv
2024,2025-11-13,11,Boston Bruins,NA,18,11,7,1.57,62,59,3.44,3.2800000000000002,0.16,27.330000000000002,12.6,22,53.2,60,15,25,69,13,81.2,106.2,88,195,3.4589999999999996,63,43.04,41.07,66.22,53.33,0.52,9.43,1.57,NA,NA,NA,nhl_team_stats_20251113.csv
2024,2025-11-13,15,Buffalo Sabres,NA,16,5,7,0.71,43,54,2.69,3.38,-0.69,28.310000000000002,9.49,14,42.7,48,8,16.7,50,5,90,106.7,70,186,3.653,33.6,52.690000000000005,49.57,57.98,48.46,0.39,6.2,-1.2,NA,NA,NA,nhl_team_stats_20251113.csv
2024,2025-11-13,23,Calgary Flames,NA,18,4,12,0.32999999999999996,38,57,2.11,3.17,-1.06,29.279999999999998,7.21,10,47.7,61,7,11.5,63,14,77.8,89.3,82,204,3.52,13.450000000000001,40.879999999999995,43.02,64.33,40.42,0.31,5.53,-1.53,NA,NA,NA,nhl_team_stats_20251113.csv
2024,2025-11-13,3,Carolina Hurricanes,NA,16,11,5,2.2,60,46,3.75,2.88,0.8700000000000001,33.25,11.28,22,50.2,48,6,12.5,55,10,81.8,94.3,71,158,3.077,63.849999999999994,60.55,56.74,50.67,57.949999999999996,0.63,10.06,0.9400000000000001,NA,NA,NA,nhl_team_stats_20251113.csv
2024,2025-11-13,20,Chicago Blackhawks,NA,17,8,5,1.6,56,44,3.29,2.59,0.7,24.88,13.239999999999998,20,47.1,50,13,26,63,10,84.1,110.1,78,185,3.165,57.790000000000006,69.96000000000001,67.14,45.75,60.160000000000004,0.62,10.5,-2.5,NA,NA,NA,nhl_team_stats_20251113.csv
2024,2025-11-13,22,Colorado Avalanche,NA,17,11,1,11,68,41,4,2.4099999999999997,1.59,34.06,11.739999999999998,27,49.9,67,12,17.9,54,6,88.9,106.8,64,137,2.561,77.45,80.13,79.67999999999999,28.52,66.45,0.73,12.47,-1.47,NA,NA,NA,nhl_team_stats_20251113.csv
2024,2025-11-13,19,Columbus Blue Jackets,NA,16,8,7,1.1400000000000001,50,51,3.12,3.19,-0.07,31.939999999999998,9.78,17,51.8,40,6,15,44,12,72.7,87.7,56,138,2.968,47.290000000000006,39.51,43.17,40.52,42.620000000000005,0.49,7.819999999999999,0.18,NA,NA,NA,nhl_team_stats_20251113.csv
2024,2025-11-13,27,Dallas Stars,NA,17,10,4,2.5,52,52,3.06,3.06,0,26.18,11.69,23,53,61,20,32.8,53,14,73.6,106.4,59,134,2.8,59.17,40.51,45.260000000000005,44.2,47.28,0.5,8.5,1.5,NA,NA,NA,nhl_team_stats_20251113.csv
2024,2025-11-13,16,Detroit Red Wings,NA,16,9,7,1.29,46,51,2.88,3.19,-0.31,29.19,9.850000000000001,18,51.5,53,10,18.9,45,9,80,98.9,52,118,2.737,42.27,48.17,48.54,30.04,42.25,0.45,7.18,1.82,NA,NA,NA,nhl_team_stats_20251113.csv
2024,2025-11-13,24,Edmonton Oilers,NA,18,8,6,1.33,54,60,3,3.3299999999999996,-0.32999999999999996,28.5,10.53,20,53.2,48,15,31.2,49,9,81.6,112.8,54,111,2.562,55.87,46.44,45.82,19.279999999999998,41.849999999999994,0.45,8.06,-0.06,NA,NA,NA,nhl_team_stats_20251113.csv
2024,2025-11-13,4,Florida Panthers,NA,16,8,7,1.1400000000000001,43,47,2.69,2.94,-0.25,28.12,9.56,17,47.7,60,11,18.3,57,13,77.2,95.5,70,157,3.11,35.77,50.449999999999996,49.44,86.52,55.55,0.46,7.29,0.71,NA,NA,NA,nhl_team_stats_20251113.csv
2024,2025-11-13,28,Los Angeles Kings,NA,17,8,5,1.6,50,49,2.94,2.88,0.06,29.06,10.12,20,49.9,54,9,16.7,62,14,77.4,94.1,65,145,2.8609999999999998,41.660000000000004,49.4,51.06,38.46,45.14,0.51,8.68,-0.6799999999999999,NA,NA,NA,nhl_team_stats_20251113.csv
2024,2025-11-13,25,Minnesota Wild,NA,18,7,7,1,51,59,2.8299999999999996,3.2800000000000002,-0.45,28.5,9.94,18,47.5,66,19,28.8,40,11,72.5,101.3,47,119,2.587,50.46,42.24,44.25,42.65,44.9,0.43000000000000005,7.68,-0.6799999999999999,NA,NA,NA,nhl_team_stats_20251113.csv
2024,2025-11-13,14,Montreal Canadiens,NA,16,10,4,2.5,58,51,3.62,3.19,0.43000000000000005,24.69,14.68,22,51.7,46,12,26.1,55,11,80,106.1,69,161,3.237,67.72,49.59,44.96,49.74,53,0.56,9.01,0.99,NA,NA,NA,nhl_team_stats_20251113.csv
2024,2025-11-13,18,Nashville Predators,NA,18,5,9,0.56,47,65,2.61,3.61,-1,27.17,9.61,14,52,57,10,17.5,57,11,80.7,98.2,70,149,3.064,31.23,39.37,33.61,40.33,36.14,0.33999999999999997,6.18,-1.1800000000000002,NA,NA,NA,nhl_team_stats_20251113.csv
2024,2025-11-13,7,New Jersey Devils,NA,17,12,4,3,58,50,3.4099999999999997,2.94,0.47000000000000003,29.41,11.6,25,48.8,44,11,25,52,8,84.6,109.6,55,118,2.5149999999999997,62.41,66.69,59.230000000000004,46.96,58.82,0.5700000000000001,9.75,2.25,NA,NA,NA,nhl_team_stats_20251113.csv
2024,2025-11-13,8,New York Islanders,NA,16,8,6,1.33,53,51,3.3099999999999996,3.19,0.12000000000000001,29.62,11.18,18,52.7,51,9,17.6,51,11,78.4,96,65,161,3.273,53.53,42.32,44.96,52.220000000000006,48.260000000000005,0.52,8.3,-0.3,NA,NA,NA,nhl_team_stats_20251113.csv
2024,2025-11-13,9,New York Rangers,NA,18,9,7,1.29,48,45,2.67,2.5,0.17,27.67,9.639999999999999,20,54,46,7,15.2,49,9,81.6,96.8,57,126,2.3789999999999996,30.630000000000003,69.96000000000001,72.57,64.11999999999999,59.32,0.53,9.59,-0.59,NA,NA,NA,nhl_team_stats_20251113.csv
2024,2025-11-13,13,Ottawa Senators,NA,17,8,5,1.6,59,61,3.4699999999999998,3.59,-0.12000000000000001,27.41,12.66,20,58.3,56,13,23.2,49,16,67.3,90.5,69,160,3.278,62.08,20.75,24.8,63.68,42.83,0.48000000000000004,8.209999999999999,-0.21000000000000002,NA,NA,NA,nhl_team_stats_20251113.csv
2024,2025-11-13,6,Philadelphia Flyers,NA,16,8,5,1.6,44,41,2.75,2.56,0.19,24.56,11.2,19,48.1,49,10,20.4,53,6,88.7,109.1,75,208,3.613,36.11,68.6,74.21000000000001,66.42,61.339999999999996,0.54,8.57,-0.5700000000000001,NA,NA,NA,nhl_team_stats_20251113.csv
2024,2025-11-13,10,Pittsburgh Penguins,NA,17,9,5,1.8,56,45,3.29,2.65,0.64,28.29,11.639999999999999,21,49.4,42,15,35.7,51,8,84.3,120,61,160,2.9109999999999996,67.82,68.22,68.58,25.99,57.65,0.61,10.31,-1.31,NA,NA,NA,nhl_team_stats_20251113.csv
2024,2025-11-13,26,San Jose Sharks,NA,17,8,6,1.33,55,56,3.24,3.29,-0.05,24.59,13.16,19,48.3,56,11,19.6,57,14,75.4,95,63,140,2.9319999999999995,50.449999999999996,41.03,37.839999999999996,44.309999999999995,43.41,0.49,8.370000000000001,-0.37,NA,NA,NA,nhl_team_stats_20251113.csv
2024,2025-11-13,143,Seattle Kraken,NA,16,7,4,1.75,40,44,2.5,2.75,-0.25,25.06,9.98,19,44.5,48,9,18.8,43,13,69.8,88.6,51,127,2.662,27.29,48.57,55.56,36.6,42,0.45,7.24,-0.24000000000000002,NA,NA,NA,nhl_team_stats_20251113.csv
2024,2025-11-13,17,St. Louis Blues,NA,17,6,8,0.75,47,64,2.7600000000000002,3.7600000000000002,-1,26.24,10.54,15,50.2,45,11,24.4,44,13,70.5,94.9,54,126,2.9539999999999997,40.8,23.130000000000003,24.38,65.78,38.52,0.35,5.95,0.05,NA,NA,NA,nhl_team_stats_20251113.csv
2024,2025-11-13,1,Tampa Bay Lightning,NA,16,8,6,1.33,49,48,3.06,3,0.06,26.88,11.4,18,44.8,53,9,17,51,6,88.2,105.2,73,171,3.3109999999999995,43.86,61.91,60.03,50.56,54.09,0.51,8.16,-0.16,NA,NA,NA,nhl_team_stats_20251113.csv
2024,2025-11-13,12,Toronto Maple Leafs,NA,17,8,8,1,62,65,3.65,3.82,-0.17,28.18,12.94,17,55,46,8,17.4,53,12,77.4,94.8,64,137,3.12,61.49,27.14,24.130000000000003,64.34,44.27,0.48000000000000004,8.11,-0.11,NA,NA,NA,nhl_team_stats_20251113.csv
2024,2025-11-13,30,Utah Mammoth,NA,17,10,7,1.43,56,52,3.29,3.06,0.23,29.82,11.05,20,47.6,51,8,15.7,45,9,80,95.7,62,154,2.988,51.160000000000004,54.5,53.68,28.29,46.91,0.54,9.11,0.89,NA,NA,NA,nhl_team_stats_20251113.csv
2024,2025-11-13,21,Vancouver Canucks,NA,18,8,9,0.89,53,63,2.94,3.5,-0.56,27.56,10.69,17,45.8,57,11,19.3,60,20,66.7,86,70,154,3.082,42.94,23.73,22.84,56.8,36.58,0.41000000000000003,7.45,0.55,NA,NA,NA,nhl_team_stats_20251113.csv
2024,2025-11-13,142,Vegas Golden Knights,NA,15,7,4,1.75,48,44,3.2,2.9299999999999997,0.27,29.67,10.79,18,54.9,53,12,22.6,40,9,77.5,100.1,50,117,2.697,55.720000000000006,53.75,55.849999999999994,46.27,52.9,0.54,8.16,-1.1600000000000001,NA,NA,NA,nhl_team_stats_20251113.csv
2024,2025-11-13,5,Washington Capitals,NA,16,8,7,1.1400000000000001,46,38,2.88,2.38,0.5,29.25,9.83,17,48.2,52,8,15.4,51,13,74.5,89.9,69,169,3.054,38.89,58.4,67.49000000000001,54.52,54.83,0.59,9.51,-1.51,NA,NA,NA,nhl_team_stats_20251113.csv
2024,2025-11-13,2,Winnipeg Jets,NA,16,10,6,1.6700000000000002,52,42,3.25,2.62,0.63,27.19,11.950000000000001,20,53.2,54,12,22.2,63,9,85.7,107.9,71,166,3.07,54.67,71.94000000000001,66.91000000000001,60.32,63.46,0.61,9.7,0.3,NA,NA,NA,nhl_team_stats_20251113.csv
2024,2025-11-14,29,Anaheim Ducks,NA,17,11,5,2.2,67,56,3.94,3.29,0.65,30.35,12.98,23,47,64,14,21.9,59,15,74.6,96.5,76,189,3.493,77.03,38.52,36.47,69.96000000000001,55.49,0.59,10.02,0.98,NA,NA,NA,nhl_team_stats_20251114.csv
2024,2025-11-14,11,Boston Bruins,NA,19,11,8,1.3800000000000001,65,64,3.42,3.3699999999999997,0.05,27,12.67,22,52.5,62,16,25.8,71,14,80.3,106.1,91,204,3.4739999999999998,62.97,39.87,38.08,68.58,52.379999999999995,0.51,9.639999999999999,1.36,NA,NA,NA,nhl_team_stats_20251114.csv
2024,2025-11-14,15,Buffalo Sabres,NA,17,5,8,0.62,46,60,2.71,3.53,-0.8200000000000001,27.88,9.7,14,42.6,52,9,17.3,52,5,90.4,107.7,72,190,3.622,33.220000000000006,50.4,45.760000000000005,55.32,46.17,0.37,6.3,-1.3,NA,NA,NA,nhl_team_stats_20251114.csv
2024,2025-11-14,23,Calgary Flames,NA,19,5,12,0.42000000000000004,40,57,2.11,3,-0.89,29.630000000000003,7.1,12,48.3,64,7,10.9,65,14,78.5,89.4,84,208,3.3729999999999998,10.92,47.47,50.349999999999994,60.15,42.220000000000006,0.32999999999999996,6.29,-1.29,NA,NA,NA,nhl_team_stats_20251114.csv
2024,2025-11-14,3,Carolina Hurricanes,NA,16,11,5,2.2,60,46,3.75,2.88,0.8700000000000001,33.25,11.28,22,50.2,48,6,12.5,55,10,81.8,94.3,71,158,3.077,63.51,61.48,57.61,51.13,58.43,0.63,10.06,0.9400000000000001,NA,NA,NA,nhl_team_stats_20251114.csv
2024,2025-11-14,20,Chicago Blackhawks,NA,17,8,5,1.6,56,44,3.29,2.59,0.7,24.88,13.239999999999998,20,47.1,50,13,26,63,10,84.1,110.1,78,185,3.165,57.98,71.2,68.3,46.54,61.01,0.62,10.5,-2.5,NA,NA,NA,nhl_team_stats_20251114.csv
2024,2025-11-14,22,Colorado Avalanche,NA,18,12,1,12,74,44,4.109999999999999,2.44,1.6700000000000002,34.06,12.07,29,50.4,69,12,17.4,58,7,87.9,105.3,68,145,2.57,79.96000000000001,79.74000000000001,79.11999999999999,29.85,67.16999999999999,0.74,13.31,-1.31,NA,NA,NA,nhl_team_stats_20251114.csv
2024,2025-11-14,19,Columbus Blue Jackets,NA,17,9,7,1.29,55,55,3.24,3.24,0,31.71,10.2,19,52.3,41,6,14.6,46,12,73.9,88.5,59,144,2.9549999999999996,48.99,40.25,43.3,37.78,42.58,0.5,8.5,0.5,NA,NA,NA,nhl_team_stats_20251114.csv
2024,2025-11-14,27,Dallas Stars,NA,18,11,4,2.75,59,52,3.2800000000000002,2.8899999999999997,0.39,25.779999999999998,12.719999999999999,25,53.5,64,21,32.8,56,14,75,107.8,64,147,2.786,65.56,47.190000000000005,52.8,44.37,52.48,0.56,10.129999999999999,0.8700000000000001,NA,NA,NA,nhl_team_stats_20251114.csv
2024,2025-11-14,16,Detroit Red Wings,NA,17,10,7,1.43,52,54,3.06,3.18,-0.12000000000000001,29.41,10.4,20,51.3,57,12,21.1,48,9,81.2,102.3,59,140,2.903,49.02,49.5,50.47,32.449999999999996,45.36,0.48000000000000004,8.17,1.83,NA,NA,NA,nhl_team_stats_20251114.csv
2024,2025-11-14,24,Edmonton Oilers,NA,19,8,7,1.1400000000000001,58,65,3.05,3.42,-0.37,28.47,10.719999999999999,20,52.5,50,15,30,50,9,82,112,56,115,2.573,55.53,45.290000000000006,44.14,18.09,40.760000000000005,0.44,8.42,-0.42000000000000004,NA,NA,NA,nhl_team_stats_20251114.csv
2024,2025-11-14,4,Florida Panthers,NA,17,9,7,1.29,49,50,2.88,2.94,-0.06,28.12,10.25,19,47.7,65,13,20,59,13,78,98,72,161,3.04,42.160000000000004,52.68,51.52,84.1,57.620000000000005,0.49,8.32,0.6799999999999999,NA,NA,NA,nhl_team_stats_20251114.csv
2024,2025-11-14,28,Los Angeles Kings,NA,18,9,5,1.8,54,52,3,2.8899999999999997,0.11,29.5,10.17,22,48.8,56,9,16.1,63,14,77.8,93.9,66,147,2.791,42.18,50.96,52.8,35.67,45.4,0.52,9.34,-0.33999999999999997,NA,NA,NA,nhl_team_stats_20251114.csv
2024,2025-11-14,25,Minnesota Wild,NA,18,7,7,1,51,59,2.8299999999999996,3.2800000000000002,-0.45,28.5,9.94,18,47.5,66,19,28.8,40,11,72.5,101.3,47,119,2.587,49.56,42.56,44.75,43.01,44.97,0.43000000000000005,7.68,-0.6799999999999999,NA,NA,NA,nhl_team_stats_20251114.csv
2024,2025-11-14,14,Montreal Canadiens,NA,17,10,5,2,58,58,3.4099999999999997,3.4099999999999997,0,24.650000000000002,13.84,22,51,49,12,24.5,58,12,79.3,103.8,75,176,3.384,60.21,42.61,37.660000000000004,54.18,48.660000000000004,0.5,8.5,1.5,NA,NA,NA,nhl_team_stats_20251114.csv
2024,2025-11-14,18,Nashville Predators,NA,18,5,9,0.56,47,65,2.61,3.61,-1,27.17,9.61,14,52,57,10,17.5,57,11,80.7,98.2,70,149,3.064,30,39.49,33.809999999999995,40.71,36,0.33999999999999997,6.18,-1.1800000000000002,NA,NA,NA,nhl_team_stats_20251114.csv
2024,2025-11-14,7,New Jersey Devils,NA,17,12,4,3,58,50,3.4099999999999997,2.94,0.47000000000000003,29.41,11.6,25,48.8,44,11,25,52,8,84.6,109.6,55,118,2.5149999999999997,62.18,67.86,60.15,46.99,59.3,0.5700000000000001,9.75,2.25,NA,NA,NA,nhl_team_stats_20251114.csv
2024,2025-11-14,8,New York Islanders,NA,17,9,6,1.5,57,54,3.3499999999999996,3.18,0.17,29.29,11.450000000000001,20,52.9,56,10,17.9,56,11,80.4,98.3,70,171,3.266,54.43,45.75,47.01,53.13,50.08,0.53,8.94,0.06,NA,NA,NA,nhl_team_stats_20251114.csv
2024,2025-11-14,9,New York Rangers,NA,18,9,7,1.29,48,45,2.67,2.5,0.17,27.67,9.639999999999999,20,54,46,7,15.2,49,9,81.6,96.8,57,126,2.3789999999999996,29.4,71.13,73.86999999999999,64.44000000000001,59.71,0.53,9.59,-0.59,NA,NA,NA,nhl_team_stats_20251114.csv
2024,2025-11-14,13,Ottawa Senators,NA,18,9,5,1.8,64,64,3.56,3.56,0,27.110000000000003,13.11,22,58.5,58,14,24.1,51,17,66.7,90.8,72,169,3.2600000000000002,65.53,20.41,25.69,64.81,44.11,0.5,9,0,NA,NA,NA,nhl_team_stats_20251114.csv
2024,2025-11-14,6,Philadelphia Flyers,NA,16,8,5,1.6,44,41,2.75,2.56,0.19,24.56,11.2,19,48.1,49,10,20.4,53,6,88.7,109.1,75,208,3.613,35.43,69.61999999999999,75.55,67.43,62.01,0.54,8.57,-0.5700000000000001,NA,NA,NA,nhl_team_stats_20251114.csv
2024,2025-11-14,10,Pittsburgh Penguins,NA,17,9,5,1.8,56,45,3.29,2.65,0.64,28.29,11.639999999999999,21,49.4,42,15,35.7,51,8,84.3,120,61,160,2.9109999999999996,67.67999999999999,69.35,69.76,26.36,58.290000000000006,0.61,10.31,-1.31,NA,NA,NA,nhl_team_stats_20251114.csv
2024,2025-11-14,26,San Jose Sharks,NA,18,8,7,1.1400000000000001,55,58,3.06,3.22,-0.16,24.110000000000003,12.67,19,47.8,58,11,19,60,14,76.7,95.7,66,146,2.8789999999999996,43.949999999999996,45.24,41.849999999999994,43.48,43.63,0.47000000000000003,8.54,-0.54,NA,NA,NA,nhl_team_stats_20251114.csv
2024,2025-11-14,143,Seattle Kraken,NA,17,8,4,2,45,47,2.65,2.7600000000000002,-0.11,24.650000000000002,10.739999999999998,21,44.6,51,10,19.6,46,14,69.6,89.2,54,133,2.642,31.4,48.809999999999995,55.760000000000005,34.75,42.68,0.48000000000000004,8.15,-0.15000000000000002,NA,NA,NA,nhl_team_stats_20251114.csv
2024,2025-11-14,17,St. Louis Blues,NA,17,6,8,0.75,47,64,2.7600000000000002,3.7600000000000002,-1,26.24,10.54,15,50.2,45,11,24.4,44,13,70.5,94.9,54,126,2.9539999999999997,39.98,22.69,24.34,66.13,38.290000000000006,0.35,5.95,0.05,NA,NA,NA,nhl_team_stats_20251114.csv
2024,2025-11-14,1,Tampa Bay Lightning,NA,16,8,6,1.33,49,48,3.06,3,0.06,26.88,11.4,18,44.8,53,9,17,51,6,88.2,105.2,73,171,3.3109999999999995,43.33,62.8,60.96,51.230000000000004,54.58,0.51,8.16,-0.16,NA,NA,NA,nhl_team_stats_20251114.csv
2024,2025-11-14,12,Toronto Maple Leafs,NA,18,8,8,1,65,69,3.61,3.8299999999999996,-0.22,27.439999999999998,13.16,18,55.8,47,8,17,55,12,78.2,95.2,66,141,3.0759999999999996,59.730000000000004,28.18,24.89,64.33,44.28,0.47000000000000003,8.47,-0.47000000000000003,NA,NA,NA,nhl_team_stats_20251114.csv
2024,2025-11-14,30,Utah Mammoth,NA,17,10,7,1.43,56,52,3.29,3.06,0.23,29.82,11.05,20,47.6,51,8,15.7,45,9,80,95.7,62,154,2.988,50.6,55.220000000000006,54.44,28.77,47.260000000000005,0.54,9.11,0.89,NA,NA,NA,nhl_team_stats_20251114.csv
2024,2025-11-14,21,Vancouver Canucks,NA,18,8,9,0.89,53,63,2.94,3.5,-0.56,27.56,10.69,17,45.8,57,11,19.3,60,20,66.7,86,70,154,3.082,42.17,23.310000000000002,22.8,57.21,36.37,0.41000000000000003,7.45,0.55,NA,NA,NA,nhl_team_stats_20251114.csv
2024,2025-11-14,142,Vegas Golden Knights,NA,16,7,4,1.75,51,48,3.19,3,0.19,29.62,10.76,19,54.3,58,12,20.7,45,10,77.8,98.5,55,127,2.771,52.98,50.06,53.63,47.15,50.949999999999996,0.53,8.49,-1.49,NA,NA,NA,nhl_team_stats_20251114.csv
2024,2025-11-14,5,Washington Capitals,NA,17,8,8,1,49,44,2.88,2.59,0.29000000000000004,29.88,9.65,17,48.5,54,8,14.8,56,15,73.2,88,74,179,3.129,37.78,51.849999999999994,59.67,52.82,50.53,0.55,9.4,-1.4,NA,NA,NA,nhl_team_stats_20251114.csv
2024,2025-11-14,2,Winnipeg Jets,NA,17,10,7,1.43,55,47,3.24,2.7600000000000002,0.48000000000000004,27.12,11.93,20,53.2,57,13,22.8,66,10,84.8,107.6,74,172,3.074,54.620000000000005,68.51,62.660000000000004,59.09,61.220000000000006,0.58,9.850000000000001,0.15000000000000002,NA,NA,NA,nhl_team_stats_20251114.csv
2024,2025-11-15,29,Anaheim Ducks,NA,17,11,5,2.2,67,56,3.94,3.29,0.65,30.35,12.98,23,47,64,14,21.9,59,15,74.6,96.5,76,189,3.493,77.47,38.47,36.28,70.16,55.59,0.59,10.02,0.98,NA,NA,NA,nhl_team_stats_20251115.csv
2024,2025-11-15,11,Boston Bruins,NA,19,11,8,1.3800000000000001,65,64,3.42,3.3699999999999997,0.05,27,12.67,22,52.5,62,16,25.8,71,14,80.3,106.1,91,204,3.4739999999999998,63.28,39.58,37.83,68.67999999999999,52.339999999999996,0.51,9.639999999999999,1.36,NA,NA,NA,nhl_team_stats_20251115.csv
2024,2025-11-15,15,Buffalo Sabres,NA,17,5,8,0.62,46,60,2.71,3.53,-0.8200000000000001,27.88,9.7,14,42.6,52,9,17.3,52,5,90.4,107.7,72,190,3.622,32.86,50.02,45.349999999999994,55.720000000000006,45.99,0.37,6.3,-1.3,NA,NA,NA,nhl_team_stats_20251115.csv
2024,2025-11-15,23,Calgary Flames,NA,19,5,12,0.42000000000000004,40,57,2.11,3,-0.89,29.630000000000003,7.1,12,48.3,64,7,10.9,65,14,78.5,89.4,84,208,3.3729999999999998,10.03,47.32,50.309999999999995,60.43,42.02,0.32999999999999996,6.29,-1.29,NA,NA,NA,nhl_team_stats_20251115.csv
2024,2025-11-15,3,Carolina Hurricanes,NA,17,12,5,2.4,64,49,3.7600000000000002,2.88,0.88,33.53,11.229999999999999,24,50.3,50,7,14,57,11,80.7,94.7,73,162,3.025,65.5,57.86,56.97,50.15,57.620000000000005,0.63,10.709999999999999,1.29,NA,NA,NA,nhl_team_stats_20251115.csv
2024,2025-11-15,20,Chicago Blackhawks,NA,17,8,5,1.6,56,44,3.29,2.59,0.7,24.88,13.239999999999998,20,47.1,50,13,26,63,10,84.1,110.1,78,185,3.165,58.230000000000004,71.28,68.47,46.99,61.24,0.62,10.5,-2.5,NA,NA,NA,nhl_team_stats_20251115.csv
2024,2025-11-15,22,Colorado Avalanche,NA,18,12,1,12,74,44,4.109999999999999,2.44,1.6700000000000002,34.06,12.07,29,50.4,69,12,17.4,58,7,87.9,105.3,68,145,2.57,80.31,79.69,79.35,30.38,67.43,0.74,13.31,-1.31,NA,NA,NA,nhl_team_stats_20251115.csv
2024,2025-11-15,19,Columbus Blue Jackets,NA,17,9,7,1.29,55,55,3.24,3.24,0,31.71,10.2,19,52.3,41,6,14.6,46,12,73.9,88.5,59,144,2.9549999999999996,48.77,40.18,43.120000000000005,38.220000000000006,42.57,0.5,8.5,0.5,NA,NA,NA,nhl_team_stats_20251115.csv
2024,2025-11-15,27,Dallas Stars,NA,18,11,4,2.75,59,52,3.2800000000000002,2.8899999999999997,0.39,25.779999999999998,12.719999999999999,25,53.5,64,21,32.8,56,14,75,107.8,64,147,2.786,66.05,47.06,52.82,44.660000000000004,52.65,0.56,10.129999999999999,0.8700000000000001,NA,NA,NA,nhl_team_stats_20251115.csv
2024,2025-11-15,16,Detroit Red Wings,NA,17,10,7,1.43,52,54,3.06,3.18,-0.12000000000000001,29.41,10.4,20,51.3,57,12,21.1,48,9,81.2,102.3,59,140,2.903,48.96,49.28,50.290000000000006,32.92,45.36,0.48000000000000004,8.17,1.83,NA,NA,NA,nhl_team_stats_20251115.csv
2024,2025-11-15,24,Edmonton Oilers,NA,19,8,7,1.1400000000000001,58,65,3.05,3.42,-0.37,28.47,10.719999999999999,20,52.5,50,15,30,50,9,82,112,56,115,2.573,55.75,44.96,43.82,18.66,40.8,0.44,8.42,-0.42000000000000004,NA,NA,NA,nhl_team_stats_20251115.csv
2024,2025-11-15,4,Florida Panthers,NA,17,9,7,1.29,49,50,2.88,2.94,-0.06,28.12,10.25,19,47.7,65,13,20,59,13,78,98,72,161,3.04,41.99,52.65,51.52,83.93,57.52,0.49,8.32,0.6799999999999999,NA,NA,NA,nhl_team_stats_20251115.csv
2024,2025-11-15,28,Los Angeles Kings,NA,18,9,5,1.8,54,52,3,2.8899999999999997,0.11,29.5,10.17,22,48.8,56,9,16.1,63,14,77.8,93.9,66,147,2.791,41.92,50.8,52.82,36.15,45.42,0.52,9.34,-0.33999999999999997,NA,NA,NA,nhl_team_stats_20251115.csv
2024,2025-11-15,25,Minnesota Wild,NA,18,7,7,1,51,59,2.8299999999999996,3.2800000000000002,-0.45,28.5,9.94,18,47.5,66,19,28.8,40,11,72.5,101.3,47,119,2.587,49.67,42.61,44.53,43.2,45,0.43000000000000005,7.68,-0.6799999999999999,NA,NA,NA,nhl_team_stats_20251115.csv
2024,2025-11-15,14,Montreal Canadiens,NA,17,10,5,2,58,58,3.4099999999999997,3.4099999999999997,0,24.650000000000002,13.84,22,51,49,12,24.5,58,12,79.3,103.8,75,176,3.384,60.47,42.49,37.379999999999995,54.5,48.71,0.5,8.5,1.5,NA,NA,NA,nhl_team_stats_20251115.csv
2024,2025-11-15,18,Nashville Predators,NA,19,6,9,0.6699999999999999,49,66,2.58,3.4699999999999998,-0.89,27.32,9.44,16,52,58,10,17.2,59,11,81.4,98.6,72,153,2.9619999999999997,28.330000000000002,44.59,39.06,39.33,37.83,0.36,6.76,-0.76,NA,NA,NA,nhl_team_stats_20251115.csv
2024,2025-11-15,7,New Jersey Devils,NA,17,12,4,3,58,50,3.4099999999999997,2.94,0.47000000000000003,29.41,11.6,25,48.8,44,11,25,52,8,84.6,109.6,55,118,2.5149999999999997,62.42,67.88,60.1,47.24,59.41,0.5700000000000001,9.75,2.25,NA,NA,NA,nhl_team_stats_20251115.csv
2024,2025-11-15,8,New York Islanders,NA,18,10,6,1.6700000000000002,60,56,3.3299999999999996,3.11,0.22,28.830000000000002,11.56,22,53,60,10,16.7,62,12,80.6,97.3,77,193,3.3689999999999998,52.33,47.08,48.64,54.849999999999994,50.730000000000004,0.53,9.61,0.39,NA,NA,NA,nhl_team_stats_20251115.csv
2024,2025-11-15,9,New York Rangers,NA,18,9,7,1.29,48,45,2.67,2.5,0.17,27.67,9.639999999999999,20,54,46,7,15.2,49,9,81.6,96.8,57,126,2.3789999999999996,28.93,71.14999999999999,74.08,64.38,59.64,0.53,9.59,-0.59,NA,NA,NA,nhl_team_stats_20251115.csv
2024,2025-11-15,13,Ottawa Senators,NA,18,9,5,1.8,64,64,3.56,3.56,0,27.110000000000003,13.11,22,58.5,58,14,24.1,51,17,66.7,90.8,72,169,3.2600000000000002,65.84,20.32,25.36,64.89,44.1,0.5,9,0,NA,NA,NA,nhl_team_stats_20251115.csv
2024,2025-11-15,6,Philadelphia Flyers,NA,17,9,5,1.8,50,46,2.94,2.71,0.23,24.939999999999998,11.79,21,47.8,50,10,20,54,6,88.9,108.9,76,210,3.542,40.97,66.76,71.29,64.1,60.78,0.54,9.19,-0.19,NA,NA,NA,nhl_team_stats_20251115.csv
2024,2025-11-15,10,Pittsburgh Penguins,NA,18,9,5,1.8,57,47,3.17,2.61,0.56,27.67,11.450000000000001,22,49.4,44,15,34.1,52,8,84.6,118.7,62,162,2.8109999999999995,62.5,71.63,72,23.54,57.41,0.6,10.729999999999999,-1.73,NA,NA,NA,nhl_team_stats_20251115.csv
2024,2025-11-15,26,San Jose Sharks,NA,18,8,7,1.1400000000000001,55,58,3.06,3.22,-0.16,24.110000000000003,12.67,19,47.8,58,11,19,60,14,76.7,95.7,66,146,2.8789999999999996,43.849999999999994,45.160000000000004,41.690000000000005,43.83,43.63,0.47000000000000003,8.54,-0.54,NA,NA,NA,nhl_team_stats_20251115.csv
2024,2025-11-15,143,Seattle Kraken,NA,17,8,4,2,45,47,2.65,2.7600000000000002,-0.11,24.650000000000002,10.739999999999998,21,44.6,51,10,19.6,46,14,69.6,89.2,54,133,2.642,31.1,48.949999999999996,55.87,35.160000000000004,42.77,0.48000000000000004,8.15,-0.15000000000000002,NA,NA,NA,nhl_team_stats_20251115.csv
2024,2025-11-15,17,St. Louis Blues,NA,18,6,8,0.75,52,69,2.8899999999999997,3.8299999999999996,-0.9400000000000001,25.72,11.229999999999999,16,50.5,46,11,23.9,45,13,71.1,95,56,128,2.92,43,21.93,22.74,63.32,37.75,0.36,6.53,-0.53,NA,NA,NA,nhl_team_stats_20251115.csv
2024,2025-11-15,1,Tampa Bay Lightning,NA,16,8,6,1.33,49,48,3.06,3,0.06,26.88,11.4,18,44.8,53,9,17,51,6,88.2,105.2,73,171,3.3109999999999995,43.15,62.61,60.87,51.63,54.56,0.51,8.16,-0.16,NA,NA,NA,nhl_team_stats_20251115.csv
2024,2025-11-15,12,Toronto Maple Leafs,NA,18,8,8,1,65,69,3.61,3.8299999999999996,-0.22,27.439999999999998,13.16,18,55.8,47,8,17,55,12,78.2,95.2,66,141,3.0759999999999996,59.809999999999995,27.810000000000002,24.36,64.31,44.07,0.47000000000000003,8.47,-0.47000000000000003,NA,NA,NA,nhl_team_stats_20251115.csv
2024,2025-11-15,30,Utah Mammoth,NA,18,10,7,1.43,58,55,3.22,3.06,0.16,29.779999999999998,10.82,21,47.4,57,9,15.8,49,9,81.6,97.4,66,162,2.977,48.56,57.44,55.2,27.79,47.25,0.53,9.46,0.54,NA,NA,NA,nhl_team_stats_20251115.csv
2024,2025-11-15,21,Vancouver Canucks,NA,19,8,9,0.89,56,67,2.9499999999999997,3.53,-0.58,27,10.92,18,46,59,12,20.3,62,21,66.1,86.4,72,158,3.045,42.809999999999995,22.08,21.68,60.96,36.879999999999995,0.41000000000000003,7.81,0.19,NA,NA,NA,nhl_team_stats_20251115.csv
2024,2025-11-15,142,Vegas Golden Knights,NA,16,7,4,1.75,51,48,3.19,3,0.19,29.62,10.76,19,54.3,58,12,20.7,45,10,77.8,98.5,55,127,2.771,52.98,49.93,53.57,47.41,50.97,0.53,8.49,-1.49,NA,NA,NA,nhl_team_stats_20251115.csv
2024,2025-11-15,5,Washington Capitals,NA,17,8,8,1,49,44,2.88,2.59,0.29000000000000004,29.88,9.65,17,48.5,54,8,14.8,56,15,73.2,88,74,179,3.129,37.41,51.879999999999995,59.89,53.15,50.58,0.55,9.4,-1.4,NA,NA,NA,nhl_team_stats_20251115.csv
2024,2025-11-15,2,Winnipeg Jets,NA,17,10,7,1.43,55,47,3.24,2.7600000000000002,0.48000000000000004,27.12,11.93,20,53.2,57,13,22.8,66,10,84.8,107.6,74,172,3.074,54.74,68.54,62.74,59.36,61.339999999999996,0.58,9.850000000000001,0.15000000000000002,NA,NA,NA,nhl_team_stats_20251115.csv
2024,2025-11-16,29,Anaheim Ducks,NA,18,11,6,1.83,67,58,3.72,3.22,0.5,30.22,12.32,23,46.7,66,14,21.2,66,15,77.3,98.5,81,203,3.497,71.9,42.32,38.220000000000006,68.56,55.25,0.5700000000000001,10.29,0.71,NA,NA,NA,nhl_team_stats_20251116.csv
2024,2025-11-16,11,Boston Bruins,NA,20,12,8,1.5,68,66,3.4,3.3,0.1,26.8,12.69,24,52.8,67,17,25.4,78,14,82.1,107.5,103,234,3.6519999999999997,64.07,39.55,39.68,71.7,53.75,0.51,10.3,1.7,NA,NA,NA,nhl_team_stats_20251116.csv
2024,2025-11-16,15,Buffalo Sabres,NA,18,6,8,0.75,51,64,2.8299999999999996,3.56,-0.73,27.830000000000002,10.18,16,42.1,56,9,16.1,57,6,89.5,105.6,77,200,3.621,36.190000000000005,47.89,42.36,58.379999999999995,46.2,0.39,6.970000000000001,-0.97,NA,NA,NA,nhl_team_stats_20251116.csv
2024,2025-11-16,23,Calgary Flames,NA,20,5,12,0.42000000000000004,43,60,2.15,3,-0.8500000000000001,29.85,7.2,13,48.4,67,8,11.9,66,15,77.3,89.2,85,210,3.282,12.07,45.220000000000006,48.339999999999996,59.42,41.260000000000005,0.33999999999999997,6.79,-1.79,NA,NA,NA,nhl_team_stats_20251116.csv
2024,2025-11-16,3,Carolina Hurricanes,NA,18,12,5,2.4,67,53,3.72,2.94,0.7799999999999999,33.67,11.06,25,49.9,52,7,13.5,58,12,79.3,92.8,74,164,2.965,65.46000000000001,53.83,53.01,47.33,54.91,0.62,11.08,0.92,NA,NA,NA,nhl_team_stats_20251116.csv
2024,2025-11-16,20,Chicago Blackhawks,NA,18,9,5,1.8,59,46,3.2800000000000002,2.56,0.72,25.279999999999998,12.97,22,46.7,52,13,25,66,10,84.8,109.8,81,191,3.1,58.59,73.01,69.47,44.41,61.37,0.62,11.19,-2.19,NA,NA,NA,nhl_team_stats_20251116.csv
2024,2025-11-16,22,Colorado Avalanche,NA,18,12,1,12,74,44,4.109999999999999,2.44,1.6700000000000002,34.06,12.07,29,50.4,69,12,17.4,58,7,87.9,105.3,68,145,2.57,82.44000000000001,79.57,78.8,30.939999999999998,67.94000000000001,0.74,13.31,-1.31,NA,NA,NA,nhl_team_stats_20251116.csv
2024,2025-11-16,19,Columbus Blue Jackets,NA,18,9,7,1.29,56,56,3.11,3.11,0,31.330000000000002,9.93,20,52.3,43,7,16.3,48,13,72.9,89.2,62,153,2.908,47.13,40.620000000000005,45.47,40.63,43.46,0.5,9,0,NA,NA,NA,nhl_team_stats_20251116.csv
2024,2025-11-16,27,Dallas Stars,NA,19,12,4,3,64,53,3.3699999999999997,2.79,0.58,25.89,13.01,27,53.1,66,22,33.3,57,14,75.4,108.7,65,149,2.679,71.2,49.71,55.92,44.15,55.24,0.59,11.27,0.73,NA,NA,NA,nhl_team_stats_20251116.csv
2024,2025-11-16,16,Detroit Red Wings,NA,18,10,7,1.43,56,59,3.11,3.2800000000000002,-0.17,29.330000000000002,10.61,21,52.2,62,13,21,52,9,82.7,103.7,63,148,2.9539999999999997,51.55,45.24,46.660000000000004,33.06,44.13,0.47000000000000003,8.52,1.48,NA,NA,NA,nhl_team_stats_20251116.csv
2024,2025-11-16,24,Edmonton Oilers,NA,20,9,7,1.29,62,68,3.1,3.4,-0.3,28.2,10.99,22,52.7,51,16,31.4,52,9,82.7,114.1,58,119,2.542,59.5,45.83,44.14,21.330000000000002,42.7,0.45,9.08,-0.08,NA,NA,NA,nhl_team_stats_20251116.csv
2024,2025-11-16,4,Florida Panthers,NA,18,9,8,1.12,50,53,2.7800000000000002,2.94,-0.16,27.830000000000002,9.98,19,48.2,70,14,20,63,13,79.4,99.4,79,175,3.089,39.41,53.1,51.260000000000005,82.76,56.63,0.47000000000000003,8.5,0.5,NA,NA,NA,nhl_team_stats_20251116.csv
2024,2025-11-16,28,Los Angeles Kings,NA,19,10,5,2,55,52,2.8899999999999997,2.74,0.15000000000000002,28.89,10.02,24,48.6,58,9,15.5,65,14,78.5,94,68,151,2.684,38.220000000000006,55.46,57.620000000000005,34.849999999999994,46.54,0.53,10.01,-0.01,NA,NA,NA,nhl_team_stats_20251116.csv
2024,2025-11-16,25,Minnesota Wild,NA,19,8,7,1.1400000000000001,53,59,2.79,3.11,-0.32,28.58,9.76,20,48,73,19,26,42,11,73.8,99.8,49,123,2.4909999999999997,46.57,47.339999999999996,49.97,42,46.47,0.45,8.47,-0.47000000000000003,NA,NA,NA,nhl_team_stats_20251116.csv
2024,2025-11-16,14,Montreal Canadiens,NA,18,10,6,1.6700000000000002,60,61,3.3299999999999996,3.3899999999999997,-0.06,24.830000000000002,13.42,22,50.4,56,12,21.4,63,13,79.4,100.8,85,202,3.55,56.98,40.56,35.92,62.57,49.01,0.49,8.84,1.1600000000000001,NA,NA,NA,nhl_team_stats_20251116.csv
2024,2025-11-16,18,Nashville Predators,NA,19,6,9,0.6699999999999999,49,66,2.58,3.4699999999999998,-0.89,27.32,9.44,16,52,58,10,17.2,59,11,81.4,98.6,72,153,2.9619999999999997,28.71,43.33,37.7,39.620000000000005,37.339999999999996,0.36,6.76,-0.76,NA,NA,NA,nhl_team_stats_20251116.csv
2024,2025-11-16,7,New Jersey Devils,NA,18,13,4,3.25,61,52,3.3899999999999997,2.8899999999999997,0.5,29.5,11.49,27,48.9,47,12,25.5,53,8,84.9,110.4,56,120,2.44,63.879999999999995,69.36999999999999,61.71,43.849999999999994,59.7,0.58,10.42,2.58,NA,NA,NA,nhl_team_stats_20251116.csv
2024,2025-11-16,8,New York Islanders,NA,18,10,6,1.6700000000000002,60,56,3.3299999999999996,3.11,0.22,28.830000000000002,11.56,22,53,60,10,16.7,62,12,80.6,97.3,77,193,3.3689999999999998,53.730000000000004,46,47.21,54.4,50.339999999999996,0.53,9.61,0.39,NA,NA,NA,nhl_team_stats_20251116.csv
2024,2025-11-16,9,New York Rangers,NA,19,10,7,1.43,50,46,2.63,2.42,0.21000000000000002,27.89,9.43,22,53.6,48,8,16.7,51,10,80.4,97.1,61,135,2.367,29.71,70.96000000000001,75.16,65.81,60.41,0.54,10.29,-0.29000000000000004,NA,NA,NA,nhl_team_stats_20251116.csv
2024,2025-11-16,13,Ottawa Senators,NA,19,9,6,1.5,64,65,3.3699999999999997,3.42,-0.05,26.58,12.67,22,58.3,60,14,23.3,53,17,67.9,91.2,75,175,3.168,60.56,23.630000000000003,29.459999999999997,63.05,44.18,0.49,9.360000000000001,-0.36,NA,NA,NA,nhl_team_stats_20251116.csv
2024,2025-11-16,6,Philadelphia Flyers,NA,18,9,6,1.5,51,51,2.8299999999999996,2.8299999999999996,0,24.72,11.46,21,48.1,51,10,19.6,56,7,87.5,107.1,78,214,3.4949999999999997,37.839999999999996,62.290000000000006,65.5,64.36999999999999,57.5,0.5,9,0,NA,NA,NA,nhl_team_stats_20251116.csv
2024,2025-11-16,10,Pittsburgh Penguins,NA,18,9,5,1.8,57,47,3.17,2.61,0.56,27.67,11.450000000000001,22,49.4,44,15,34.1,52,8,84.6,118.7,62,162,2.8109999999999995,63.89,71.09,71.26,24.19,57.61,0.6,10.729999999999999,-1.73,NA,NA,NA,nhl_team_stats_20251116.csv
2024,2025-11-16,26,San Jose Sharks,NA,19,8,8,1,56,62,2.9499999999999997,3.2600000000000002,-0.31,24.21,12.17,19,48.2,64,12,18.8,62,14,77.4,96.2,68,150,2.8509999999999995,41.52,43.809999999999995,39.89,42.71,41.98,0.45,8.55,-0.55,NA,NA,NA,nhl_team_stats_20251116.csv
2024,2025-11-16,143,Seattle Kraken,NA,18,9,4,2.25,49,48,2.72,2.67,0.05,24.56,11.09,23,44.6,53,10,18.9,52,15,71.2,90.1,60,145,2.651,33.48,51.42,56.97,34.48,44.09,0.51,9.17,-0.17,NA,NA,NA,nhl_team_stats_20251116.csv
2024,2025-11-16,17,St. Louis Blues,NA,19,6,9,0.6699999999999999,53,73,2.79,3.84,-1.05,25.58,10.91,16,50.5,48,11,22.9,48,14,70.8,93.7,58,134,2.9119999999999995,39.65,18.88,20.110000000000003,62.42,35.27,0.35,6.56,-0.56,NA,NA,NA,nhl_team_stats_20251116.csv
2024,2025-11-16,1,Tampa Bay Lightning,NA,17,9,6,1.5,52,49,3.06,2.88,0.18,26.47,11.56,20,44.7,57,9,15.8,56,7,87.5,103.3,80,187,3.3249999999999997,42.879999999999995,64.51,63.08,54.11,56.15,0.53,9.01,-0.01,NA,NA,NA,nhl_team_stats_20251116.csv
2024,2025-11-16,12,Toronto Maple Leafs,NA,19,8,9,0.89,67,72,3.53,3.79,-0.26,27.74,12.709999999999999,18,56.1,50,8,16,57,12,78.9,94.9,68,145,3.018,58.21,28.779999999999998,25.130000000000003,63.949999999999996,44.02,0.46,8.83,-0.8300000000000001,NA,NA,NA,nhl_team_stats_20251116.csv
2024,2025-11-16,30,Utah Mammoth,NA,18,10,7,1.43,58,55,3.22,3.06,0.16,29.779999999999998,10.82,21,47.4,57,9,15.8,49,9,81.6,97.4,66,162,2.977,49.71,56.379999999999995,54.160000000000004,28.29,47.14,0.53,9.46,0.54,NA,NA,NA,nhl_team_stats_20251116.csv
2024,2025-11-16,21,Vancouver Canucks,NA,19,8,9,0.89,56,67,2.9499999999999997,3.53,-0.58,27,10.92,18,46,59,12,20.3,62,21,66.1,86.4,72,158,3.045,43.809999999999995,19.17,19.09,60.6,35.67,0.41000000000000003,7.81,0.19,NA,NA,NA,nhl_team_stats_20251116.csv
2024,2025-11-16,142,Vegas Golden Knights,NA,17,8,4,2,55,49,3.24,2.88,0.36,29.82,10.850000000000001,21,54.1,61,13,21.3,47,10,78.7,100,57,131,2.674,56.44,53.9,57.53,43.43,52.82,0.56,9.5,-1.5,NA,NA,NA,nhl_team_stats_20251116.csv
2024,2025-11-16,5,Washington Capitals,NA,18,8,8,1,51,46,2.8299999999999996,2.56,0.27,29.939999999999998,9.46,18,48.5,55,8,14.5,59,16,72.9,87.4,77,185,3.064,36.09,51.309999999999995,58.98,53.21,49.89,0.55,9.9,-1.9,NA,NA,NA,nhl_team_stats_20251116.csv
2024,2025-11-16,2,Winnipeg Jets,NA,18,11,7,1.57,59,50,3.2800000000000002,2.7800000000000002,0.5,26.89,12.19,22,53,58,14,24.1,69,11,84.1,108.2,78,188,3.148,58.61,65.93,60.220000000000006,59.42,61.04,0.58,10.48,0.52,NA,NA,NA,nhl_team_stats_20251116.csv
2024,2025-11-17,29,Anaheim Ducks,NA,18,11,6,1.83,67,58,3.72,3.22,0.5,30.22,12.32,23,46.7,66,14,21.2,66,15,77.3,98.5,81,203,3.497,71.82,42.51,37.839999999999996,68.14999999999999,55.08,0.5700000000000001,10.29,0.71,NA,NA,NA,nhl_team_stats_20251117.csv
2024,2025-11-17,11,Boston Bruins,NA,20,12,8,1.5,68,66,3.4,3.3,0.1,26.8,12.69,24,52.8,67,17,25.4,78,14,82.1,107.5,103,234,3.6519999999999997,64.02,39.730000000000004,39.53,70.86999999999999,53.54,0.51,10.3,1.7,NA,NA,NA,nhl_team_stats_20251117.csv
2024,2025-11-17,15,Buffalo Sabres,NA,18,6,8,0.75,51,64,2.8299999999999996,3.56,-0.73,27.830000000000002,10.18,16,42.1,56,9,16.1,57,6,89.5,105.6,77,200,3.621,36.75,48.3,42.839999999999996,58.09,46.5,0.39,6.970000000000001,-0.97,NA,NA,NA,nhl_team_stats_20251117.csv
2024,2025-11-17,23,Calgary Flames,NA,20,5,12,0.42000000000000004,43,60,2.15,3,-0.8500000000000001,29.85,7.2,13,48.4,67,8,11.9,66,15,77.3,89.2,85,210,3.282,13.239999999999998,45.21,48,58.879999999999995,41.33,0.33999999999999997,6.79,-1.79,NA,NA,NA,nhl_team_stats_20251117.csv
2024,2025-11-17,3,Carolina Hurricanes,NA,18,12,5,2.4,67,53,3.72,2.94,0.7799999999999999,33.67,11.06,25,49.9,52,7,13.5,58,12,79.3,92.8,74,164,2.965,65.63,53.8,52.760000000000005,47.1,54.82,0.62,11.08,0.92,NA,NA,NA,nhl_team_stats_20251117.csv
2024,2025-11-17,20,Chicago Blackhawks,NA,18,9,5,1.8,59,46,3.2800000000000002,2.56,0.72,25.279999999999998,12.97,22,46.7,52,13,25,66,10,84.8,109.8,81,191,3.1,58.57,72.9,69.22,43.93,61.160000000000004,0.62,11.19,-2.19,NA,NA,NA,nhl_team_stats_20251117.csv
2024,2025-11-17,22,Colorado Avalanche,NA,19,13,1,13,78,45,4.109999999999999,2.3699999999999997,1.74,33.74,12.17,31,50,72,12,16.7,62,7,88.7,105.4,73,158,2.593,81.23,82.3,81.79,31.759999999999998,69.27,0.75,14.26,-1.26,NA,NA,NA,nhl_team_stats_20251117.csv
2024,2025-11-17,19,Columbus Blue Jackets,NA,18,9,7,1.29,56,56,3.11,3.11,0,31.330000000000002,9.93,20,52.3,43,7,16.3,48,13,72.9,89.2,62,153,2.908,47.6,40.6,45.2,40.37,43.44,0.5,9,0,NA,NA,NA,nhl_team_stats_20251117.csv
2024,2025-11-17,27,Dallas Stars,NA,19,12,4,3,64,53,3.3699999999999997,2.79,0.58,25.89,13.01,27,53.1,66,22,33.3,57,14,75.4,108.7,65,149,2.679,70.99000000000001,49.449999999999996,55.51,43.75,54.92,0.59,11.27,0.73,NA,NA,NA,nhl_team_stats_20251117.csv
2024,2025-11-17,16,Detroit Red Wings,NA,19,11,7,1.57,58,60,3.05,3.16,-0.11,30,10.18,23,52.7,67,14,20.9,54,10,81.5,102.4,66,162,2.964,50.54,46.91,49.97,34.849999999999994,45.57,0.48000000000000004,9.16,1.84,NA,NA,NA,nhl_team_stats_20251117.csv
2024,2025-11-17,24,Edmonton Oilers,NA,20,9,7,1.29,62,68,3.1,3.4,-0.3,28.2,10.99,22,52.7,51,16,31.4,52,9,82.7,114.1,58,119,2.542,59.64,45.89,44.39,21.36,42.82,0.45,9.08,-0.08,NA,NA,NA,nhl_team_stats_20251117.csv
2024,2025-11-17,4,Florida Panthers,NA,18,9,8,1.12,50,53,2.7800000000000002,2.94,-0.16,27.830000000000002,9.98,19,48.2,70,14,20,63,13,79.4,99.4,79,175,3.089,39.93,53.08,50.93,82.11,56.51,0.47000000000000003,8.5,0.5,NA,NA,NA,nhl_team_stats_20251117.csv
2024,2025-11-17,28,Los Angeles Kings,NA,19,10,5,2,55,52,2.8899999999999997,2.74,0.15000000000000002,28.89,10.02,24,48.6,58,9,15.5,65,14,78.5,94,68,151,2.684,38.78,55.2,57.190000000000005,34.78,46.49,0.53,10.01,-0.01,NA,NA,NA,nhl_team_stats_20251117.csv
2024,2025-11-17,25,Minnesota Wild,NA,20,9,7,1.29,56,61,2.8,3.05,-0.25,28.5,9.82,22,48.2,77,20,26,46,13,71.7,97.7,53,131,2.4819999999999998,47.25,45.849999999999994,49.6,43.98,46.67,0.46,9.15,-0.15000000000000002,NA,NA,NA,nhl_team_stats_20251117.csv
2024,2025-11-17,14,Montreal Canadiens,NA,18,10,6,1.6700000000000002,60,61,3.3299999999999996,3.3899999999999997,-0.06,24.830000000000002,13.42,22,50.4,56,12,21.4,63,13,79.4,100.8,85,202,3.55,56.96,40.849999999999994,35.77,62.11,48.92,0.49,8.84,1.1600000000000001,NA,NA,NA,nhl_team_stats_20251117.csv
2024,2025-11-17,18,Nashville Predators,NA,20,6,10,0.6,49,70,2.4499999999999997,3.5,-1.05,27,9.07,16,52.4,62,10,16.1,59,11,81.4,97.5,72,153,2.893,23.97,43.39,37.730000000000004,39.75,36.21,0.32999999999999996,6.58,-0.58,NA,NA,NA,nhl_team_stats_20251117.csv
2024,2025-11-17,7,New Jersey Devils,NA,18,13,4,3.25,61,52,3.3899999999999997,2.8899999999999997,0.5,29.5,11.49,27,48.9,47,12,25.5,53,8,84.9,110.4,56,120,2.44,63.949999999999996,69.32,61.760000000000005,43.86,59.720000000000006,0.58,10.42,2.58,NA,NA,NA,nhl_team_stats_20251117.csv
2024,2025-11-17,8,New York Islanders,NA,19,10,7,1.43,61,60,3.21,3.16,0.05,28.84,11.129999999999999,22,53.3,64,10,15.6,65,12,81.5,97.1,81,204,3.3899999999999997,49.1,46.21,46.5,51.53,48.339999999999996,0.51,9.65,0.35,NA,NA,NA,nhl_team_stats_20251117.csv
2024,2025-11-17,9,New York Rangers,NA,20,10,8,1.25,51,48,2.55,2.4,0.15000000000000002,27.45,9.29,22,52.9,50,9,18,56,11,80.4,98.4,68,157,2.507,28.759999999999998,70.33,74.8,67.83,60.43,0.53,10.61,-0.61,NA,NA,NA,nhl_team_stats_20251117.csv
2024,2025-11-17,13,Ottawa Senators,NA,19,9,6,1.5,64,65,3.3699999999999997,3.42,-0.05,26.58,12.67,22,58.3,60,14,23.3,53,17,67.9,91.2,75,175,3.168,60.56,23.759999999999998,29.08,62.51,43.98,0.49,9.360000000000001,-0.36,NA,NA,NA,nhl_team_stats_20251117.csv
2024,2025-11-17,6,Philadelphia Flyers,NA,18,9,6,1.5,51,51,2.8299999999999996,2.8299999999999996,0,24.72,11.46,21,48.1,51,10,19.6,56,7,87.5,107.1,78,214,3.4949999999999997,38.230000000000004,62.3,65.61,63.75,57.47,0.5,9,0,NA,NA,NA,nhl_team_stats_20251117.csv
2024,2025-11-17,10,Pittsburgh Penguins,NA,19,10,5,2,61,47,3.21,2.4699999999999998,0.74,27.37,11.729999999999999,24,48.9,44,15,34.1,56,8,85.7,119.8,66,170,2.744,64.8,76.66999999999999,76.67999999999999,23.479999999999997,60.41,0.63,11.93,-1.93,NA,NA,NA,nhl_team_stats_20251117.csv
2024,2025-11-17,26,San Jose Sharks,NA,19,8,8,1,56,62,2.9499999999999997,3.2600000000000002,-0.31,24.21,12.17,19,48.2,64,12,18.8,62,14,77.4,96.2,68,150,2.8509999999999995,41.809999999999995,43.89,39.67,42.56,41.98,0.45,8.55,-0.55,NA,NA,NA,nhl_team_stats_20251117.csv
2024,2025-11-17,143,Seattle Kraken,NA,18,9,4,2.25,49,48,2.72,2.67,0.05,24.56,11.09,23,44.6,53,10,18.9,52,15,71.2,90.1,60,145,2.651,33.96,51.15,56.37,34.18,43.92,0.51,9.17,-0.17,NA,NA,NA,nhl_team_stats_20251117.csv
2024,2025-11-17,17,St. Louis Blues,NA,19,6,9,0.6699999999999999,53,73,2.79,3.84,-1.05,25.58,10.91,16,50.5,48,11,22.9,48,14,70.8,93.7,58,134,2.9119999999999995,40.06,19.18,20.12,62.07,35.36,0.35,6.56,-0.56,NA,NA,NA,nhl_team_stats_20251117.csv
2024,2025-11-17,1,Tampa Bay Lightning,NA,18,9,7,1.29,54,55,3,3.06,-0.06,26.67,11.25,20,44.9,59,9,15.3,59,9,84.7,100,87,220,3.64,40.809999999999995,53.86,54.2,56.720000000000006,51.4,0.49,8.82,0.18,NA,NA,NA,nhl_team_stats_20251117.csv
2024,2025-11-17,12,Toronto Maple Leafs,NA,19,8,9,0.89,67,72,3.53,3.79,-0.26,27.74,12.709999999999999,18,56.1,50,8,16,57,12,78.9,94.9,68,145,3.018,58.27,29.09,25.27,63.449999999999996,44.02,0.46,8.83,-0.8300000000000001,NA,NA,NA,nhl_team_stats_20251117.csv
2024,2025-11-17,30,Utah Mammoth,NA,18,10,7,1.43,58,55,3.22,3.06,0.16,29.779999999999998,10.82,21,47.4,57,9,15.8,49,9,81.6,97.4,66,162,2.977,50.06,56.46,54.2,28.03,47.190000000000005,0.53,9.46,0.54,NA,NA,NA,nhl_team_stats_20251117.csv
2024,2025-11-17,21,Vancouver Canucks,NA,20,9,9,1,62,69,3.1,3.4499999999999997,-0.35,26.55,11.68,20,46.3,62,14,22.6,64,21,67.2,89.8,79,191,3.259,51.09,21.54,22.959999999999997,65.06,40.160000000000004,0.45,8.93,0.07,NA,NA,NA,nhl_team_stats_20251117.csv
2024,2025-11-17,142,Vegas Golden Knights,NA,18,8,4,2,57,52,3.17,2.8899999999999997,0.28,29.56,10.709999999999999,22,53.8,65,15,23.1,51,11,78.4,101.5,61,139,2.68,56.2,53.309999999999995,56.27,41.47,51.809999999999995,0.55,9.83,-1.83,NA,NA,NA,nhl_team_stats_20251117.csv
2024,2025-11-17,5,Washington Capitals,NA,18,8,8,1,51,46,2.8299999999999996,2.56,0.27,29.939999999999998,9.46,18,48.5,55,8,14.5,59,16,72.9,87.4,77,185,3.064,36.74,51.02,58.25,52.63,49.660000000000004,0.55,9.9,-1.9,NA,NA,NA,nhl_team_stats_20251117.csv
2024,2025-11-17,2,Winnipeg Jets,NA,18,11,7,1.57,59,50,3.2800000000000002,2.7800000000000002,0.5,26.89,12.19,22,53,58,14,24.1,69,11,84.1,108.2,78,188,3.148,58.67,65.93,59.98,59.01,60.9,0.58,10.48,0.52,NA,NA,NA,nhl_team_stats_20251117.csv
2024,2025-11-18,29,Anaheim Ducks,NA,19,12,6,2,70,60,3.68,3.16,0.52,30,12.28,25,46.8,67,14,20.9,67,15,77.6,98.5,84,212,3.449,70.46000000000001,45.06,41.56,66.89,55.99,0.58,10.94,1.06,NA,NA,NA,nhl_team_stats_20251118.csv
2024,2025-11-18,11,Boston Bruins,NA,21,12,9,1.33,69,69,3.29,3.29,0,26.95,12.19,24,53,71,18,25.4,80,14,82.5,107.9,106,240,3.5919999999999996,60.63,41.58,41.260000000000005,70.64999999999999,53.53,0.5,10.5,1.5,NA,NA,NA,nhl_team_stats_20251118.csv
2024,2025-11-18,15,Buffalo Sabres,NA,19,7,8,0.88,56,65,2.9499999999999997,3.42,-0.47000000000000003,27.84,10.59,18,42.3,58,10,17.2,58,6,89.7,106.9,79,207,3.52,41.25,53.120000000000005,48.18,55.28,49.46,0.43000000000000005,8.11,-1.11,NA,NA,NA,nhl_team_stats_20251118.csv
2024,2025-11-18,23,Calgary Flames,NA,20,5,12,0.42000000000000004,43,60,2.15,3,-0.8500000000000001,29.85,7.2,13,48.4,67,8,11.9,66,15,77.3,89.2,85,210,3.282,12.16,45.25,47.98,59.17,41.14,0.33999999999999997,6.79,-1.79,NA,NA,NA,nhl_team_stats_20251118.csv
2024,2025-11-18,3,Carolina Hurricanes,NA,19,13,5,2.6,70,54,3.68,2.84,0.8400000000000001,33.58,10.97,27,49.6,54,7,13,62,13,79,92,79,174,2.9339999999999997,64.27,55.949999999999996,55.230000000000004,47.02,55.620000000000005,0.63,11.91,1.09,NA,NA,NA,nhl_team_stats_20251118.csv
2024,2025-11-18,20,Chicago Blackhawks,NA,18,9,5,1.8,59,46,3.2800000000000002,2.56,0.72,25.279999999999998,12.97,22,46.7,52,13,25,66,10,84.8,109.8,81,191,3.1,58.660000000000004,71.94000000000001,68.35,44.41,60.839999999999996,0.62,11.19,-2.19,NA,NA,NA,nhl_team_stats_20251118.csv
2024,2025-11-18,22,Colorado Avalanche,NA,19,13,1,13,78,45,4.109999999999999,2.3699999999999997,1.74,33.74,12.17,31,50,72,12,16.7,62,7,88.7,105.4,73,158,2.593,82.1,80.88,80.42,32.25,68.91000000000001,0.75,14.26,-1.26,NA,NA,NA,nhl_team_stats_20251118.csv
2024,2025-11-18,19,Columbus Blue Jackets,NA,19,10,7,1.43,60,59,3.16,3.11,0.05,30.89,10.219999999999999,22,51.7,45,8,17.8,48,13,72.9,90.7,62,153,2.8189999999999995,50.09,41.720000000000006,46.52,37.94,44.07,0.51,9.65,0.35,NA,NA,NA,nhl_team_stats_20251118.csv
2024,2025-11-18,27,Dallas Stars,NA,19,12,4,3,64,53,3.3699999999999997,2.79,0.58,25.89,13.01,27,53.1,66,22,33.3,57,14,75.4,108.7,65,149,2.679,71.28,49.25,55.18,44.120000000000005,54.96,0.59,11.27,0.73,NA,NA,NA,nhl_team_stats_20251118.csv
2024,2025-11-18,16,Detroit Red Wings,NA,19,11,7,1.57,58,60,3.05,3.16,-0.11,30,10.18,23,52.7,67,14,20.9,54,10,81.5,102.4,66,162,2.964,50.43,47.01,49.91,35.349999999999994,45.67,0.48000000000000004,9.16,1.84,NA,NA,NA,nhl_team_stats_20251118.csv
2024,2025-11-18,24,Edmonton Oilers,NA,21,9,8,1.12,63,73,3,3.48,-0.48000000000000004,28.43,10.55,22,52.8,52,16,30.8,54,10,81.5,112.3,61,128,2.601,55.86,42.57,41.160000000000004,22.79,40.6,0.43000000000000005,8.950000000000001,0.05,NA,NA,NA,nhl_team_stats_20251118.csv
2024,2025-11-18,4,Florida Panthers,NA,19,10,8,1.25,58,58,3.05,3.05,0,28.53,10.7,21,48.2,76,16,21.1,69,15,78.3,99.4,88,193,3.219,50.13,47.97,45.120000000000005,86.42,57.41,0.5,9.5,0.5,NA,NA,NA,nhl_team_stats_20251118.csv
2024,2025-11-18,28,Los Angeles Kings,NA,20,10,6,1.6700000000000002,56,54,2.8,2.7,0.1,29,9.66,24,48.8,61,10,16.4,67,14,79.1,95.5,70,155,2.626,36.46,57.339999999999996,59.25,34.18,46.809999999999995,0.52,10.360000000000001,-0.36,NA,NA,NA,nhl_team_stats_20251118.csv
2024,2025-11-18,25,Minnesota Wild,NA,20,9,7,1.29,56,61,2.8,3.05,-0.25,28.5,9.82,22,48.2,77,20,26,46,13,71.7,97.7,53,131,2.4819999999999998,46.94,46.14,49.54,44.3,46.730000000000004,0.46,9.15,-0.15000000000000002,NA,NA,NA,nhl_team_stats_20251118.csv
2024,2025-11-18,14,Montreal Canadiens,NA,19,10,6,1.6700000000000002,63,64,3.32,3.3699999999999997,-0.05,25.21,13.15,23,50.9,56,12,21.4,65,14,78.5,99.9,87,206,3.4659999999999997,56.449999999999996,41.18,36.449999999999996,59.61,48.42,0.49,9.360000000000001,0.64,NA,NA,NA,nhl_team_stats_20251118.csv
2024,2025-11-18,18,Nashville Predators,NA,20,6,10,0.6,49,70,2.4499999999999997,3.5,-1.05,27,9.07,16,52.4,62,10,16.1,59,11,81.4,97.5,72,153,2.893,23.150000000000002,43.97,38.18,40.13,36.36,0.32999999999999996,6.58,-0.58,NA,NA,NA,nhl_team_stats_20251118.csv
2024,2025-11-18,7,New Jersey Devils,NA,18,13,4,3.25,61,52,3.3899999999999997,2.8899999999999997,0.5,29.5,11.49,27,48.9,47,12,25.5,53,8,84.9,110.4,56,120,2.44,64.2,68.8,61.220000000000006,44.08,59.58,0.58,10.42,2.58,NA,NA,NA,nhl_team_stats_20251118.csv
2024,2025-11-18,8,New York Islanders,NA,19,10,7,1.43,61,60,3.21,3.16,0.05,28.84,11.129999999999999,22,53.3,64,10,15.6,65,12,81.5,97.1,81,204,3.3899999999999997,49.04,46.33,46.57,51.83,48.44,0.51,9.65,0.35,NA,NA,NA,nhl_team_stats_20251118.csv
2024,2025-11-18,9,New York Rangers,NA,20,10,8,1.25,51,48,2.55,2.4,0.15000000000000002,27.45,9.29,22,52.9,50,9,18,56,11,80.4,98.4,68,157,2.507,28.08,69.3,73.7,67.89,59.74,0.53,10.61,-0.61,NA,NA,NA,nhl_team_stats_20251118.csv
2024,2025-11-18,13,Ottawa Senators,NA,19,9,6,1.5,64,65,3.3699999999999997,3.42,-0.05,26.58,12.67,22,58.3,60,14,23.3,53,17,67.9,91.2,75,175,3.168,60.720000000000006,24.810000000000002,29.830000000000002,62.71,44.52,0.49,9.360000000000001,-0.36,NA,NA,NA,nhl_team_stats_20251118.csv
2024,2025-11-18,6,Philadelphia Flyers,NA,18,9,6,1.5,51,51,2.8299999999999996,2.8299999999999996,0,24.72,11.46,21,48.1,51,10,19.6,56,7,87.5,107.1,78,214,3.4949999999999997,37.8,61.68,64.92,64.04,57.11,0.5,9,0,NA,NA,NA,nhl_team_stats_20251118.csv
2024,2025-11-18,10,Pittsburgh Penguins,NA,19,10,5,2,61,47,3.21,2.4699999999999998,0.74,27.37,11.729999999999999,24,48.9,44,15,34.1,56,8,85.7,119.8,66,170,2.744,64.97,75.52,75.52,24.09,60.03,0.63,11.93,-1.93,NA,NA,NA,nhl_team_stats_20251118.csv
2024,2025-11-18,26,San Jose Sharks,NA,19,8,8,1,56,62,2.9499999999999997,3.2600000000000002,-0.31,24.21,12.17,19,48.2,64,12,18.8,62,14,77.4,96.2,68,150,2.8509999999999995,41.48,44.27,40,42.89,42.160000000000004,0.45,8.55,-0.55,NA,NA,NA,nhl_team_stats_20251118.csv
2024,2025-11-18,143,Seattle Kraken,NA,18,9,4,2.25,49,48,2.72,2.67,0.05,24.56,11.09,23,44.6,53,10,18.9,52,15,71.2,90.1,60,145,2.651,33.41,50.91,56,34.67,43.75,0.51,9.17,-0.17,NA,NA,NA,nhl_team_stats_20251118.csv
2024,2025-11-18,17,St. Louis Blues,NA,19,6,9,0.6699999999999999,53,73,2.79,3.84,-1.05,25.58,10.91,16,50.5,48,11,22.9,48,14,70.8,93.7,58,134,2.9119999999999995,39.64,20.72,21.279999999999998,62.15,35.949999999999996,0.35,6.56,-0.56,NA,NA,NA,nhl_team_stats_20251118.csv
2024,2025-11-18,1,Tampa Bay Lightning,NA,18,9,7,1.29,54,55,3,3.06,-0.06,26.67,11.25,20,44.9,59,9,15.3,59,9,84.7,100,87,220,3.64,40.51,53.690000000000005,53.97,57.11,51.32,0.49,8.82,0.18,NA,NA,NA,nhl_team_stats_20251118.csv
2024,2025-11-18,12,Toronto Maple Leafs,NA,19,8,9,0.89,67,72,3.53,3.79,-0.26,27.74,12.709999999999999,18,56.1,50,8,16,57,12,78.9,94.9,68,145,3.018,58.5,30.23,26.23,63.57,44.63,0.46,8.83,-0.8300000000000001,NA,NA,NA,nhl_team_stats_20251118.csv
2024,2025-11-18,30,Utah Mammoth,NA,19,10,7,1.43,60,58,3.16,3.05,0.11,29.16,10.83,22,47.6,58,9,15.5,50,9,82,97.5,69,171,2.9719999999999995,47.220000000000006,57.2,55.13,28.51,47.01,0.52,9.84,0.16,NA,NA,NA,nhl_team_stats_20251118.csv
2024,2025-11-18,21,Vancouver Canucks,NA,21,9,10,0.9,67,77,3.19,3.67,-0.48000000000000004,26,12.27,20,46.7,68,16,23.5,70,23,67.1,90.6,88,209,3.44,54.86,14.04,15.41,63.790000000000006,37.03,0.43000000000000005,9.04,-0.04,NA,NA,NA,nhl_team_stats_20251118.csv
2024,2025-11-18,142,Vegas Golden Knights,NA,18,8,4,2,57,52,3.17,2.8899999999999997,0.28,29.56,10.709999999999999,22,53.8,65,15,23.1,51,11,78.4,101.5,61,139,2.68,56.220000000000006,53.11,55.94,41.83,51.77,0.55,9.83,-1.83,NA,NA,NA,nhl_team_stats_20251118.csv
2024,2025-11-18,5,Washington Capitals,NA,19,9,8,1.12,53,47,2.79,2.4699999999999998,0.32,29.68,9.4,20,48.4,57,8,14,62,17,72.6,86.6,80,191,2.9819999999999998,34.260000000000005,53.15,60.51,51.09,49.75,0.56,10.65,-1.6500000000000001,NA,NA,NA,nhl_team_stats_20251118.csv
2024,2025-11-18,2,Winnipeg Jets,NA,18,11,7,1.57,59,50,3.2800000000000002,2.7800000000000002,0.5,26.89,12.19,22,53,58,14,24.1,69,11,84.1,108.2,78,188,3.148,58.760000000000005,65.33,59.49,59.260000000000005,60.71,0.58,10.48,0.52,NA,NA,NA,nhl_team_stats_20251118.csv
2024,2025-11-19,29,Anaheim Ducks,NA,19,12,6,2,70,60,3.68,3.16,0.52,30,12.28,25,46.8,67,14,20.9,67,15,77.6,98.5,84,212,3.449,70.74000000000001,45.28,41.190000000000005,65.63,55.71,0.58,10.94,1.06,NA,NA,NA,nhl_team_stats_20251119.csv
2024,2025-11-19,11,Boston Bruins,NA,21,12,9,1.33,69,69,3.29,3.29,0,26.95,12.19,24,53.1,71,18,25.4,80,14,82.5,107.9,106,240,3.5909999999999997,60.92,42.04,40.89,69.51,53.339999999999996,0.5,10.5,1.5,NA,NA,NA,nhl_team_stats_20251119.csv
2024,2025-11-19,15,Buffalo Sabres,NA,19,7,8,0.88,56,65,2.9499999999999997,3.42,-0.47000000000000003,27.84,10.59,18,42.3,58,10,17.2,58,6,89.7,106.9,79,207,3.52,41.27,53.55,48.04,54.230000000000004,49.27,0.43000000000000005,8.11,-1.11,NA,NA,NA,nhl_team_stats_20251119.csv
2024,2025-11-19,23,Calgary Flames,NA,21,5,13,0.38,45,65,2.14,3.1,-0.96,29.43,7.28,13,48.8,71,9,12.7,70,15,78.6,91.3,96,272,3.8099999999999996,12.12,41.92,45.63,70.25,42.48,0.32,6.78,-1.78,NA,NA,NA,nhl_team_stats_20251119.csv
2024,2025-11-19,3,Carolina Hurricanes,NA,19,13,5,2.6,70,54,3.68,2.84,0.8400000000000001,33.58,10.97,27,49.6,54,7,13,62,13,79,92,79,174,2.9339999999999997,64.41000000000001,56.33,55.230000000000004,46.760000000000005,55.68,0.63,11.91,1.09,NA,NA,NA,nhl_team_stats_20251119.csv
2024,2025-11-19,20,Chicago Blackhawks,NA,19,10,5,2,64,48,3.3699999999999997,2.53,0.8400000000000001,25.16,13.39,24,46.5,56,13,23.2,70,11,84.3,107.5,91,251,3.608,60.15,70,68.95,49.58,62.17,0.64,12.15,-2.15,NA,NA,NA,nhl_team_stats_20251119.csv
2024,2025-11-19,22,Colorado Avalanche,NA,19,13,1,13,78,45,4.109999999999999,2.3699999999999997,1.74,33.74,12.17,31,50,72,12,16.7,62,7,88.7,105.4,73,158,2.593,82.42,82.16999999999999,81.13,32.51,69.56,0.75,14.26,-1.26,NA,NA,NA,nhl_team_stats_20251119.csv
2024,2025-11-19,19,Columbus Blue Jackets,NA,20,10,8,1.25,62,64,3.1,3.2,-0.1,30.55,10.15,22,51.4,46,8,17.4,50,14,72,89.4,64,157,2.8139999999999996,47.620000000000005,37.89,42.78,35.96,41.06,0.48000000000000004,9.68,0.32,NA,NA,NA,nhl_team_stats_20251119.csv
2024,2025-11-19,27,Dallas Stars,NA,20,12,5,2.4,66,56,3.3,2.8,0.5,25.8,12.79,27,53.6,69,22,31.9,59,14,76.3,108.2,69,168,2.8059999999999996,67.89,47.87,56.04,44.82,54.160000000000004,0.58,11.629999999999999,0.37,NA,NA,NA,nhl_team_stats_20251119.csv
2024,2025-11-19,16,Detroit Red Wings,NA,20,12,7,1.71,62,62,3.1,3.1,0,29.85,10.39,25,52.6,69,15,21.7,56,11,80.4,102.1,68,166,2.8919999999999995,52.86,47.82,51,35.9,46.89,0.5,10,2,NA,NA,NA,nhl_team_stats_20251119.csv
2024,2025-11-19,24,Edmonton Oilers,NA,21,9,8,1.12,63,73,3,3.48,-0.48000000000000004,28.43,10.55,22,52.8,52,16,30.8,54,10,81.5,112.3,61,128,2.601,56.32,41.879999999999995,40.809999999999995,23.959999999999997,40.74,0.43000000000000005,8.950000000000001,0.05,NA,NA,NA,nhl_team_stats_20251119.csv
2024,2025-11-19,4,Florida Panthers,NA,19,10,8,1.25,58,58,3.05,3.05,0,28.53,10.7,21,48.2,76,16,21.1,69,15,78.3,99.4,88,193,3.219,50.33,48.230000000000004,44.83,85.36,57.190000000000005,0.5,9.5,0.5,NA,NA,NA,nhl_team_stats_20251119.csv
2024,2025-11-19,28,Los Angeles Kings,NA,20,10,6,1.6700000000000002,56,54,2.8,2.7,0.1,29,9.66,24,48.8,61,10,16.4,67,14,79.1,95.5,70,155,2.626,36.49,57.760000000000005,59.36,34.56,47.04,0.52,10.360000000000001,-0.36,NA,NA,NA,nhl_team_stats_20251119.csv
2024,2025-11-19,25,Minnesota Wild,NA,20,9,7,1.29,56,61,2.8,3.05,-0.25,28.55,9.81,22,48.2,77,20,26,46,13,71.7,97.7,53,131,2.4819999999999998,47.339999999999996,45.47,49.39,45.42,46.91,0.46,9.15,-0.15000000000000002,NA,NA,NA,nhl_team_stats_20251119.csv
2024,2025-11-19,14,Montreal Canadiens,NA,19,10,6,1.6700000000000002,63,64,3.32,3.3699999999999997,-0.05,25.21,13.15,23,50.9,56,12,21.4,65,14,78.5,99.9,87,206,3.4659999999999997,56.55,41.120000000000005,35.94,58.620000000000005,48.06,0.49,9.360000000000001,0.64,NA,NA,NA,nhl_team_stats_20251119.csv
2024,2025-11-19,18,Nashville Predators,NA,20,6,10,0.6,49,70,2.4499999999999997,3.5,-1.05,27,9.07,16,52.4,62,10,16.1,59,11,81.4,97.5,72,153,2.893,23.07,43.41,37.74,40.57,36.2,0.32999999999999996,6.58,-0.58,NA,NA,NA,nhl_team_stats_20251119.csv
2024,2025-11-19,7,New Jersey Devils,NA,19,13,5,2.6,62,57,3.2600000000000002,3,0.26,29.630000000000003,11.01,27,49.3,51,12,23.5,56,10,82.1,105.6,60,128,2.4979999999999998,58.61,61.720000000000006,55.09,43.56,54.74,0.54,10.29,2.71,NA,NA,NA,nhl_team_stats_20251119.csv
2024,2025-11-19,8,New York Islanders,NA,20,11,7,1.57,64,62,3.2,3.1,0.1,28.5,11.229999999999999,24,52.5,66,10,15.2,68,12,82.4,97.6,84,220,3.4179999999999997,48.03,49.63,49.36,54.160000000000004,50.3,0.52,10.32,0.6799999999999999,NA,NA,NA,nhl_team_stats_20251119.csv
2024,2025-11-19,9,New York Rangers,NA,21,10,9,1.11,53,51,2.52,2.4299999999999997,0.09,27.1,9.31,22,53,51,9,17.6,58,13,77.6,95.2,70,161,2.481,26.35,65.64999999999999,70.95,69.27,58.06,0.52,10.88,-0.88,NA,NA,NA,nhl_team_stats_20251119.csv
2024,2025-11-19,13,Ottawa Senators,NA,19,9,6,1.5,64,65,3.3699999999999997,3.42,-0.05,26.58,12.67,22,58.2,60,14,23.3,53,17,67.9,91.2,75,175,3.168,60.94,24.02,29.130000000000003,62.37,44.11,0.49,9.360000000000001,-0.36,NA,NA,NA,nhl_team_stats_20251119.csv
2024,2025-11-19,6,Philadelphia Flyers,NA,18,9,6,1.5,51,51,2.8299999999999996,2.8299999999999996,0,24.72,11.46,21,48.1,51,10,19.6,56,7,87.5,107.1,78,214,3.4949999999999997,37.78,62.949999999999996,65.21000000000001,62.71,57.160000000000004,0.5,9,0,NA,NA,NA,nhl_team_stats_20251119.csv
2024,2025-11-19,10,Pittsburgh Penguins,NA,19,10,5,2,61,47,3.21,2.4699999999999998,0.74,27.37,11.729999999999999,24,48.9,44,15,34.1,56,8,85.7,119.8,66,170,2.744,65.5,76.61,76.09,24.2,60.6,0.63,11.93,-1.93,NA,NA,NA,nhl_team_stats_20251119.csv
2024,2025-11-19,26,San Jose Sharks,NA,20,9,8,1.12,59,64,2.9499999999999997,3.2,-0.25,24.150000000000002,12.219999999999999,21,48.5,69,13,18.8,64,14,78.1,96.9,70,154,2.786,41.6,46.92,42.78,42.809999999999995,43.53,0.46,9.19,-0.19,NA,NA,NA,nhl_team_stats_20251119.csv
2024,2025-11-19,143,Seattle Kraken,NA,19,9,5,1.8,51,52,2.68,2.74,-0.06,24.419999999999998,10.99,23,44.9,55,11,20,54,16,70.4,90.4,62,149,2.635,32.99,48.27,53.39,32.32,41.74,0.49,9.29,-0.29000000000000004,NA,NA,NA,nhl_team_stats_20251119.csv
2024,2025-11-19,17,St. Louis Blues,NA,20,6,9,0.6699999999999999,55,76,2.75,3.8,-1.05,25.75,10.68,17,50.7,51,12,23.5,51,14,72.5,96,60,140,2.884,39.11,22.95,22.89,60.54,36.379999999999995,0.33999999999999997,6.87,-0.8700000000000001,NA,NA,NA,nhl_team_stats_20251119.csv
2024,2025-11-19,1,Tampa Bay Lightning,NA,19,10,7,1.43,59,56,3.11,2.9499999999999997,0.16,26.79,11.59,22,44.8,62,11,17.7,63,9,85.7,103.4,92,230,3.5719999999999996,46.620000000000005,59.349999999999994,58.46,53.55,54.49,0.53,10,0,NA,NA,NA,nhl_team_stats_20251119.csv
2024,2025-11-19,12,Toronto Maple Leafs,NA,20,9,9,1,70,74,3.5,3.7,-0.2,27.8,12.59,20,55.6,53,8,15.1,60,13,78.3,93.4,71,151,2.964,56.720000000000006,31.23,27.84,62.49,44.57,0.47000000000000003,9.44,-0.44,NA,NA,NA,nhl_team_stats_20251119.csv
2024,2025-11-19,30,Utah Mammoth,NA,20,10,7,1.43,62,61,3.1,3.05,0.05,29,10.69,23,47.5,60,9,15,55,10,81.8,96.8,74,181,2.983,44.660000000000004,57.03,54.290000000000006,27.69,45.92,0.51,10.16,-0.16,NA,NA,NA,nhl_team_stats_20251119.csv
2024,2025-11-19,21,Vancouver Canucks,NA,21,9,10,0.9,67,77,3.19,3.67,-0.48000000000000004,26,12.27,20,46.7,68,16,23.5,70,23,67.1,90.6,88,209,3.44,55.05,13.07,14.29,63.27,36.42,0.43000000000000005,9.04,-0.04,NA,NA,NA,nhl_team_stats_20251119.csv
2024,2025-11-19,142,Vegas Golden Knights,NA,19,9,4,2.25,60,54,3.16,2.84,0.32,29.419999999999998,10.729999999999999,24,53.4,67,17,25.4,52,11,78.8,104.2,62,141,2.598,58.43,55.83,58.67,41.37,53.58,0.55,10.51,-1.51,NA,NA,NA,nhl_team_stats_20251119.csv
2024,2025-11-19,5,Washington Capitals,NA,19,9,8,1.12,53,47,2.79,2.4699999999999998,0.32,29.68,9.4,20,48.4,57,8,14,62,17,72.6,86.6,80,191,2.9819999999999998,34.230000000000004,53.89,60.620000000000005,50.63,49.839999999999996,0.56,10.65,-1.6500000000000001,NA,NA,NA,nhl_team_stats_20251119.csv
2024,2025-11-19,2,Winnipeg Jets,NA,19,12,7,1.71,64,52,3.3699999999999997,2.74,0.63,27.05,12.450000000000001,24,53.2,60,15,25,70,11,84.3,109.3,79,190,3.043,62.89,68.11999999999999,61.99,55.42,62.1,0.6,11.44,0.56,NA,NA,NA,nhl_team_stats_20251119.csv
2024,2025-11-20,29,Anaheim Ducks,NA,20,13,6,2.17,74,63,3.7,3.15,0.55,30.150000000000002,12.27,27,46.5,70,15,21.4,69,17,75.4,96.8,88,226,3.4739999999999998,72.22,42.54,39.94,64.36999999999999,54.77,0.58,11.6,1.4,NA,NA,NA,nhl_team_stats_20251120.csv
2024,2025-11-20,11,Boston Bruins,NA,22,12,10,1.2,72,73,3.27,3.32,-0.05,27.5,11.9,24,53.4,73,20,27.4,83,15,81.9,109.3,112,266,3.734,62.37,40.190000000000005,39.8,74.01,54.09,0.49,10.83,1.1700000000000002,NA,NA,NA,nhl_team_stats_20251120.csv
2024,2025-11-20,15,Buffalo Sabres,NA,20,7,9,0.7799999999999999,58,71,2.9,3.55,-0.65,27.95,10.38,18,42.6,61,10,16.4,59,6,89.8,106.2,80,209,3.4819999999999998,38.18,51.39,44.6,52.28,46.61,0.4,8,-1,NA,NA,NA,nhl_team_stats_20251120.csv
2024,2025-11-20,23,Calgary Flames,NA,22,6,13,0.46,51,67,2.32,3.05,-0.73,29.68,7.81,15,49,72,9,12.5,73,15,79.5,92,99,278,3.726,15.950000000000001,45.5,48.67,67.67999999999999,44.449999999999996,0.37,8.06,-2.06,NA,NA,NA,nhl_team_stats_20251120.csv
2024,2025-11-20,3,Carolina Hurricanes,NA,20,13,5,2.6,73,57,3.65,2.8499999999999996,0.8,34.15,10.69,28,49.8,56,7,12.5,63,13,79.4,91.9,80,176,2.88,63.4,55.18,56.27,43.92,54.690000000000005,0.62,12.42,0.58,NA,NA,NA,nhl_team_stats_20251120.csv
2024,2025-11-20,20,Chicago Blackhawks,NA,19,10,5,2,64,48,3.3699999999999997,2.53,0.8400000000000001,25.16,13.39,24,46.5,56,13,23.2,70,11,84.3,107.5,91,251,3.608,60.52,70.27,69.07,49.61,62.37,0.64,12.15,-2.15,NA,NA,NA,nhl_team_stats_20251120.csv
2024,2025-11-20,22,Colorado Avalanche,NA,19,13,1,13,78,45,4.109999999999999,2.3699999999999997,1.74,33.74,12.17,31,50,72,12,16.7,62,7,88.7,105.4,73,158,2.593,83.08,82.36,81.14,32.98,69.89,0.75,14.26,-1.26,NA,NA,NA,nhl_team_stats_20251120.csv
2024,2025-11-20,19,Columbus Blue Jackets,NA,20,10,8,1.25,62,64,3.1,3.2,-0.1,30.55,10.15,22,51.4,46,8,17.4,50,14,72,89.4,64,157,2.8139999999999996,46.94,38.17,43.15,36.339999999999996,41.15,0.48000000000000004,9.68,0.32,NA,NA,NA,nhl_team_stats_20251120.csv
2024,2025-11-20,27,Dallas Stars,NA,20,12,5,2.4,66,56,3.3,2.8,0.5,25.8,12.79,27,53.6,69,22,31.9,59,14,76.3,108.2,69,168,2.8059999999999996,67.81,47.949999999999996,56.290000000000006,44.87,54.230000000000004,0.58,11.629999999999999,0.37,NA,NA,NA,nhl_team_stats_20251120.csv
2024,2025-11-20,16,Detroit Red Wings,NA,20,12,7,1.71,62,62,3.1,3.1,0,29.85,10.39,25,52.6,69,15,21.7,56,11,80.4,102.1,68,166,2.8919999999999995,52.13,48.1,51.290000000000006,36.120000000000005,46.91,0.5,10,2,NA,NA,NA,nhl_team_stats_20251120.csv
2024,2025-11-20,24,Edmonton Oilers,NA,22,9,9,1,67,80,3.05,3.64,-0.59,28.5,10.69,22,52.9,55,17,30.9,55,10,81.8,112.7,62,130,2.626,57.260000000000005,38.87,36.64,22.43,38.8,0.41000000000000003,9.07,-0.07,NA,NA,NA,nhl_team_stats_20251120.csv
2024,2025-11-20,4,Florida Panthers,NA,19,10,8,1.25,58,58,3.05,3.05,0,28.53,10.7,21,48.2,76,16,21.1,69,15,78.3,99.4,88,193,3.219,49.67,48.55,45.190000000000005,85.16,57.14,0.5,9.5,0.5,NA,NA,NA,nhl_team_stats_20251120.csv
2024,2025-11-20,28,Los Angeles Kings,NA,20,10,6,1.6700000000000002,56,54,2.8,2.7,0.1,29,9.66,24,48.8,61,10,16.4,67,14,79.1,95.5,70,155,2.626,35.46,57.879999999999995,59.58,35.14,47.01,0.52,10.360000000000001,-0.36,NA,NA,NA,nhl_team_stats_20251120.csv
2024,2025-11-20,25,Minnesota Wild,NA,21,10,7,1.43,60,64,2.86,3.05,-0.19,28.05,10.19,24,48.1,78,20,25.6,48,13,72.9,98.5,55,135,2.4579999999999997,47.18,47.65,50.7,47.6,48.28,0.47000000000000003,9.83,0.17,NA,NA,NA,nhl_team_stats_20251120.csv
2024,2025-11-20,14,Montreal Canadiens,NA,19,10,6,1.6700000000000002,63,64,3.32,3.3699999999999997,-0.05,25.21,13.15,23,50.9,56,12,21.4,65,14,78.5,99.9,87,206,3.4659999999999997,56.87,41.6,36.379999999999995,58.78,48.41,0.49,9.360000000000001,0.64,NA,NA,NA,nhl_team_stats_20251120.csv
2024,2025-11-20,18,Nashville Predators,NA,20,6,10,0.6,49,70,2.4499999999999997,3.5,-1.05,27,9.07,16,52.4,62,10,16.1,59,11,81.4,97.5,72,153,2.893,21.64,43.93,38.15,40.849999999999994,36.14,0.32999999999999996,6.58,-0.58,NA,NA,NA,nhl_team_stats_20251120.csv
2024,2025-11-20,7,New Jersey Devils,NA,19,13,5,2.6,62,57,3.2600000000000002,3,0.26,29.630000000000003,11.01,27,49.3,51,12,23.5,56,10,82.1,105.6,60,128,2.4979999999999998,58.17,62.11,55.339999999999996,44.13,54.94,0.54,10.29,2.71,NA,NA,NA,nhl_team_stats_20251120.csv
2024,2025-11-20,8,New York Islanders,NA,20,11,7,1.57,64,62,3.2,3.1,0.1,28.5,11.229999999999999,24,52.5,66,10,15.2,68,12,82.4,97.6,84,220,3.4179999999999997,47.809999999999995,49.98,49.67,54.9,50.59,0.52,10.32,0.6799999999999999,NA,NA,NA,nhl_team_stats_20251120.csv
2024,2025-11-20,9,New York Rangers,NA,21,10,9,1.11,53,51,2.52,2.4299999999999997,0.09,27.1,9.31,22,53,51,9,17.6,58,13,77.6,95.2,70,161,2.481,25.02,65.71000000000001,71.06,69.13,57.730000000000004,0.52,10.88,-0.88,NA,NA,NA,nhl_team_stats_20251120.csv
2024,2025-11-20,13,Ottawa Senators,NA,19,9,6,1.5,64,65,3.3699999999999997,3.42,-0.05,26.58,12.67,22,58.2,60,14,23.3,53,17,67.9,91.2,75,175,3.168,61.09,24.32,29.630000000000003,62.25,44.32,0.49,9.360000000000001,-0.36,NA,NA,NA,nhl_team_stats_20251120.csv
2024,2025-11-20,6,Philadelphia Flyers,NA,18,9,6,1.5,51,51,2.8299999999999996,2.8299999999999996,0,24.72,11.46,21,48.1,51,10,19.6,56,7,87.5,107.1,78,214,3.4949999999999997,37.28,63.27,65.36999999999999,62.64,57.14,0.5,9,0,NA,NA,NA,nhl_team_stats_20251120.csv
2024,2025-11-20,10,Pittsburgh Penguins,NA,19,10,5,2,61,47,3.21,2.4699999999999998,0.74,27.37,11.729999999999999,24,48.9,44,15,34.1,56,8,85.7,119.8,66,170,2.744,65.02,76.83,76.14999999999999,24.84,60.71,0.63,11.93,-1.93,NA,NA,NA,nhl_team_stats_20251120.csv
2024,2025-11-20,26,San Jose Sharks,NA,20,9,8,1.12,59,64,2.9499999999999997,3.2,-0.25,24.150000000000002,12.219999999999999,21,48.5,69,13,18.8,64,14,78.1,96.9,70,154,2.786,41.42,47.290000000000006,43.15,43.220000000000006,43.77,0.46,9.19,-0.19,NA,NA,NA,nhl_team_stats_20251120.csv
2024,2025-11-20,143,Seattle Kraken,NA,19,9,5,1.8,51,52,2.68,2.74,-0.06,24.419999999999998,10.99,23,44.9,55,11,20,54,16,70.4,90.4,62,149,2.635,32.230000000000004,48.37,53.660000000000004,32.6,41.720000000000006,0.49,9.29,-0.29000000000000004,NA,NA,NA,nhl_team_stats_20251120.csv
2024,2025-11-20,17,St. Louis Blues,NA,20,6,9,0.6699999999999999,55,76,2.75,3.8,-1.05,25.75,10.68,17,50.7,51,12,23.5,51,14,72.5,96,60,140,2.884,38.230000000000004,23.45,23.45,60.59,36.43,0.33999999999999997,6.87,-0.8700000000000001,NA,NA,NA,nhl_team_stats_20251120.csv
2024,2025-11-20,1,Tampa Bay Lightning,NA,19,10,7,1.43,59,56,3.11,2.9499999999999997,0.16,26.79,11.59,22,44.8,62,11,17.7,63,9,85.7,103.4,92,230,3.5719999999999996,46.39,59.730000000000004,58.690000000000005,53.660000000000004,54.620000000000005,0.53,10,0,NA,NA,NA,nhl_team_stats_20251120.csv
2024,2025-11-20,12,Toronto Maple Leafs,NA,20,9,9,1,70,74,3.5,3.7,-0.2,27.8,12.59,20,55.6,53,8,15.1,60,13,78.3,93.4,71,151,2.964,57.15,31.73,28.35,62.339999999999996,44.89,0.47000000000000003,9.44,-0.44,NA,NA,NA,nhl_team_stats_20251120.csv
2024,2025-11-20,30,Utah Mammoth,NA,20,10,7,1.43,62,61,3.1,3.05,0.05,29,10.69,23,47.5,60,9,15,55,10,81.8,96.8,74,181,2.983,44.2,57.44,54.55,28.09,46.07,0.51,10.16,-0.16,NA,NA,NA,nhl_team_stats_20251120.csv
2024,2025-11-20,21,Vancouver Canucks,NA,21,9,10,0.9,67,77,3.19,3.67,-0.48000000000000004,26,12.27,20,46.7,68,16,23.5,70,23,67.1,90.6,88,209,3.44,54.949999999999996,13.41,14.93,63.449999999999996,36.690000000000005,0.43000000000000005,9.04,-0.04,NA,NA,NA,nhl_team_stats_20251120.csv
2024,2025-11-20,142,Vegas Golden Knights,NA,19,9,4,2.25,60,54,3.16,2.84,0.32,29.419999999999998,10.729999999999999,24,53.4,67,17,25.4,52,11,78.8,104.2,62,141,2.598,57.760000000000005,56.04,58.89,41.64,53.58,0.55,10.51,-1.51,NA,NA,NA,nhl_team_stats_20251120.csv
2024,2025-11-20,5,Washington Capitals,NA,20,10,8,1.25,60,51,3,2.55,0.45,29.25,10.26,22,48.3,58,8,13.8,65,18,72.3,86.1,83,197,2.9719999999999995,39.67,51.74,58.03,48.74,49.55,0.58,11.61,-1.61,NA,NA,NA,nhl_team_stats_20251120.csv
2024,2025-11-20,2,Winnipeg Jets,NA,19,12,7,1.71,64,52,3.3699999999999997,2.74,0.63,27.05,12.450000000000001,24,53.2,60,15,25,70,11,84.3,109.3,79,190,3.043,62.93,68.46000000000001,62.18,55.63,62.3,0.6,11.44,0.56,NA,NA,NA,nhl_team_stats_20251120.csv
2024,2025-11-21,29,Anaheim Ducks,NA,21,13,7,1.86,76,66,3.62,3.14,0.48000000000000004,29.9,12.1,27,46.5,72,15,20.8,72,18,75,95.8,91,232,3.4189999999999996,69.44000000000001,41.790000000000006,38.96,64.58,53.690000000000005,0.5700000000000001,11.98,1.02,NA,NA,NA,nhl_team_stats_20251121.csv
2024,2025-11-21,11,Boston Bruins,NA,22,12,10,1.2,72,73,3.27,3.32,-0.05,27.5,11.9,24,53.4,73,20,27.4,83,15,81.9,109.3,112,266,3.734,63.160000000000004,39.37,38.89,74.86999999999999,54.07,0.49,10.83,1.1700000000000002,NA,NA,NA,nhl_team_stats_20251121.csv
2024,2025-11-21,15,Buffalo Sabres,NA,20,7,9,0.7799999999999999,58,71,2.9,3.55,-0.65,27.95,10.38,18,42.6,61,10,16.4,59,6,89.8,106.2,80,209,3.4819999999999998,38.3,51.3,44.2,52.7,46.620000000000005,0.4,8,-1,NA,NA,NA,nhl_team_stats_20251121.csv
2024,2025-11-21,23,Calgary Flames,NA,22,6,13,0.46,51,67,2.32,3.05,-0.73,29.68,7.81,15,49,72,9,12.5,73,15,79.5,92,99,278,3.726,15.68,44.8,48,68.55,44.260000000000005,0.37,8.06,-2.06,NA,NA,NA,nhl_team_stats_20251121.csv
2024,2025-11-21,3,Carolina Hurricanes,NA,20,13,5,2.6,73,57,3.65,2.8499999999999996,0.8,34.15,10.69,28,49.8,56,7,12.5,63,13,79.4,91.9,80,176,2.88,63.93,54.86,55.83,43.78,54.6,0.62,12.42,0.58,NA,NA,NA,nhl_team_stats_20251121.csv
2024,2025-11-21,20,Chicago Blackhawks,NA,20,10,6,1.6700000000000002,66,51,3.3,2.55,0.75,25.1,13.15,24,46.7,58,14,24.1,73,12,83.6,107.7,94,257,3.543,59.42,69.36999999999999,67.66999999999999,46.849999999999994,60.83,0.63,12.52,-2.52,NA,NA,NA,nhl_team_stats_20251121.csv
2024,2025-11-21,22,Colorado Avalanche,NA,20,14,1,14,84,48,4.2,2.4,1.8,33.8,12.43,33,49.5,78,13,16.7,64,9,85.9,102.6,75,162,2.56,87.22,78.5,77.86,31.310000000000002,68.72,0.75,15.08,-1.08,NA,NA,NA,nhl_team_stats_20251121.csv
2024,2025-11-21,19,Columbus Blue Jackets,NA,21,11,8,1.3800000000000001,65,66,3.1,3.14,-0.04,30.52,10.139999999999999,24,50.3,48,8,16.7,52,14,73.1,89.8,66,161,2.753,46.41,40.96,45.48,34.11,41.74,0.49,10.370000000000001,0.63,NA,NA,NA,nhl_team_stats_20251121.csv
2024,2025-11-21,27,Dallas Stars,NA,21,13,5,2.6,70,58,3.3299999999999996,2.7600000000000002,0.5700000000000001,25.71,12.96,29,52.8,70,22,31.4,63,15,76.2,107.6,74,178,2.804,69.11,48.54,56.67,44.690000000000005,54.75,0.59,12.450000000000001,0.55,NA,NA,NA,nhl_team_stats_20251121.csv
2024,2025-11-21,16,Detroit Red Wings,NA,21,12,8,1.5,62,67,2.9499999999999997,3.19,-0.24000000000000002,29.810000000000002,9.9,25,52.8,69,15,21.7,60,11,81.7,103.4,76,203,3.199,47.27,45.58,48.68,40.51,45.51,0.46,9.68,2.32,NA,NA,NA,nhl_team_stats_20251121.csv
2024,2025-11-21,24,Edmonton Oilers,NA,23,9,9,1,68,82,2.96,3.57,-0.61,28.35,10.43,23,53.1,57,17,29.8,58,10,82.8,112.6,67,151,2.7270000000000003,53.61,41.14,38.91,23.02,39.17,0.41000000000000003,9.370000000000001,-0.37,NA,NA,NA,nhl_team_stats_20251121.csv
2024,2025-11-21,4,Florida Panthers,NA,20,11,8,1.3800000000000001,59,58,2.9499999999999997,2.9,0.05,28.3,10.42,23,48,77,16,20.8,71,15,78.9,99.7,90,197,3.097,45.96,53.720000000000006,50.720000000000006,83.88,58.57,0.51,10.17,0.8300000000000001,NA,NA,NA,nhl_team_stats_20251121.csv
2024,2025-11-21,28,Los Angeles Kings,NA,21,10,6,1.6700000000000002,59,57,2.8099999999999996,2.71,0.1,29.24,9.61,25,49,64,10,15.6,69,14,79.7,95.3,74,163,2.63,35.230000000000004,58.56,59.99,36.6,47.6,0.52,10.88,-0.88,NA,NA,NA,nhl_team_stats_20251121.csv
2024,2025-11-21,25,Minnesota Wild,NA,21,10,7,1.43,60,64,2.86,3.05,-0.19,28.05,10.19,24,48.1,78,20,25.6,48,13,72.9,98.5,55,135,2.4579999999999997,47.74,47.11,50.15,47.120000000000005,48.03,0.47000000000000003,9.83,0.17,NA,NA,NA,nhl_team_stats_20251121.csv
2024,2025-11-21,14,Montreal Canadiens,NA,20,10,7,1.43,67,72,3.3499999999999996,3.6,-0.25,25.35,13.209999999999999,23,51.1,59,13,22,68,16,76.5,98.5,93,218,3.569,59.11,31.27,25.4,58.87,43.660000000000004,0.46,9.28,0.72,NA,NA,NA,nhl_team_stats_20251121.csv
2024,2025-11-21,18,Nashville Predators,NA,20,6,10,0.6,49,70,2.4499999999999997,3.5,-1.05,27,9.07,16,52.4,62,10,16.1,59,11,81.4,97.5,72,153,2.893,21.479999999999997,43.44,37.33,40.36,35.65,0.32999999999999996,6.58,-0.58,NA,NA,NA,nhl_team_stats_20251121.csv
2024,2025-11-21,7,New Jersey Devils,NA,20,13,6,2.17,62,58,3.1,2.9,0.2,29.7,10.44,27,49.5,53,12,22.6,57,10,82.5,105.1,61,130,2.4099999999999997,52.339999999999996,66.02,59.28,43.4,55.260000000000005,0.53,10.67,2.3299999999999996,NA,NA,NA,nhl_team_stats_20251121.csv
2024,2025-11-21,8,New York Islanders,NA,21,12,7,1.71,69,62,3.29,2.9499999999999997,0.33999999999999997,28.38,11.58,26,52,69,10,14.5,68,12,82.4,96.9,89,241,3.4519999999999995,50.32,53.39,55.15,53.9,53.190000000000005,0.55,11.639999999999999,0.36,NA,NA,NA,nhl_team_stats_20251121.csv
2024,2025-11-21,9,New York Rangers,NA,22,10,10,1,56,57,2.55,2.59,-0.04,26.73,9.52,22,53.4,53,11,20.8,63,14,77.8,98.6,76,173,2.583,28.8,61.41,65.07,69.06,56.09,0.49,10.83,-0.8300000000000001,NA,NA,NA,nhl_team_stats_20251121.csv
2024,2025-11-21,13,Ottawa Senators,NA,20,10,6,1.6700000000000002,67,67,3.3499999999999996,3.3499999999999996,0,26.5,12.639999999999999,24,58,63,15,23.8,54,17,68.5,92.3,77,179,3.087,61.51,26.16,32.120000000000005,62.94,45.68,0.5,10,0,NA,NA,NA,nhl_team_stats_20251121.csv
2024,2025-11-21,6,Philadelphia Flyers,NA,19,10,6,1.6700000000000002,54,53,2.84,2.79,0.05,24.89,11.42,23,47.8,53,10,18.9,58,8,86.2,105.1,80,218,3.3949999999999996,37,63.28,65.69,62.379999999999995,57.09,0.51,9.67,0.32999999999999996,NA,NA,NA,nhl_team_stats_20251121.csv
2024,2025-11-21,10,Pittsburgh Penguins,NA,19,10,5,2,61,47,3.21,2.4699999999999998,0.74,27.37,11.729999999999999,24,48.9,44,15,34.1,56,8,85.7,119.8,66,170,2.744,65.91000000000001,77.39,76.49000000000001,24.110000000000003,60.98,0.63,11.93,-1.93,NA,NA,NA,nhl_team_stats_20251121.csv
2024,2025-11-21,26,San Jose Sharks,NA,21,10,8,1.25,63,67,3,3.19,-0.19,24.14,12.43,23,48.5,71,13,18.3,68,14,79.4,97.7,75,164,2.8179999999999996,42.8,46.75,43.790000000000006,44.39,44.43,0.47000000000000003,9.860000000000001,0.14,NA,NA,NA,nhl_team_stats_20251121.csv
2024,2025-11-21,143,Seattle Kraken,NA,20,10,5,2,54,54,2.7,2.7,0,24.55,11,25,45.1,58,12,20.7,55,17,69.1,89.8,64,153,2.58,33.730000000000004,47.17,54.05,30.52,41.37,0.5,10,0,NA,NA,NA,nhl_team_stats_20251121.csv
2024,2025-11-21,17,St. Louis Blues,NA,21,6,9,0.6699999999999999,57,79,2.71,3.7600000000000002,-1.05,25.9,10.48,18,51,53,13,24.5,53,14,73.6,98.1,62,144,2.8389999999999995,38.11,25.24,24.57,60.17,37.02,0.33999999999999997,7.18,-1.1800000000000002,NA,NA,NA,nhl_team_stats_20251121.csv
2024,2025-11-21,1,Tampa Bay Lightning,NA,20,11,7,1.57,61,57,3.05,2.8499999999999996,0.2,27.2,11.209999999999999,24,44.7,64,11,17.2,65,9,86.2,103.4,95,239,3.5,44.14,63.63,62.68,55.690000000000005,56.54,0.53,10.68,0.32,NA,NA,NA,nhl_team_stats_20251121.csv
2024,2025-11-21,12,Toronto Maple Leafs,NA,21,9,9,1,72,77,3.4299999999999997,3.67,-0.24000000000000002,27.86,12.31,21,56.3,55,8,14.5,62,13,79,93.5,73,155,2.9159999999999995,54.41,33.11,29.23,62.309999999999995,44.760000000000005,0.47000000000000003,9.79,-0.7899999999999999,NA,NA,NA,nhl_team_stats_20251121.csv
2024,2025-11-21,30,Utah Mammoth,NA,21,10,8,1.25,63,65,3,3.1,-0.1,28.86,10.4,23,47.3,62,9,14.5,57,10,82.5,97,81,198,3.078,40.28,56.55,53.349999999999994,30.1,45.07,0.48000000000000004,10.16,-0.16,NA,NA,NA,nhl_team_stats_20251121.csv
2024,2025-11-21,21,Vancouver Canucks,NA,22,9,11,0.8200000000000001,69,81,3.14,3.68,-0.54,26.45,11.860000000000001,20,47.3,73,17,23.3,71,23,67.6,90.9,90,213,3.388,53.67,12.52,14.3,63.24,35.93,0.42000000000000004,9.27,-0.27,NA,NA,NA,nhl_team_stats_20251121.csv
2024,2025-11-21,142,Vegas Golden Knights,NA,20,10,4,2.5,64,55,3.2,2.75,0.45,29.6,10.81,26,53.5,69,17,24.6,54,11,79.6,104.2,68,156,2.637,59.04,59.290000000000006,62.63,41.809999999999995,55.690000000000005,0.58,11.5,-1.5,NA,NA,NA,nhl_team_stats_20251121.csv
2024,2025-11-21,5,Washington Capitals,NA,21,11,8,1.3800000000000001,68,55,3.24,2.62,0.62,29.57,10.950000000000001,24,48.1,61,10,16.4,68,19,72.1,88.5,88,207,3,50.91,49,54.87,48.190000000000005,50.74,0.6,12.7,-1.7,NA,NA,NA,nhl_team_stats_20251121.csv
2024,2025-11-21,2,Winnipeg Jets,NA,19,12,7,1.71,64,52,3.3699999999999997,2.74,0.63,27.05,12.450000000000001,24,53.2,59,15,25.4,70,11,84.3,109.7,79,190,3.043,63.98,68.77,61.98,55.97,62.67,0.6,11.44,0.56,NA,NA,NA,nhl_team_stats_20251121.csv
2024,2025-11-22,29,Anaheim Ducks,NA,21,13,7,1.86,76,66,3.62,3.14,0.48000000000000004,29.9,12.1,27,46.5,72,15,20.8,72,18,75,95.8,91,232,3.4189999999999996,69.59,41.7,38.87,64.36999999999999,53.63,0.5700000000000001,11.98,1.02,NA,NA,NA,nhl_team_stats_20251122.csv
2024,2025-11-22,11,Boston Bruins,NA,23,13,10,1.3,74,74,3.22,3.22,0,27.43,11.729999999999999,26,52.8,75,20,26.7,88,15,83,109.7,118,286,3.774,60.6,41.839999999999996,43.230000000000004,76.54,55.55,0.5,11.5,1.5,NA,NA,NA,nhl_team_stats_20251122.csv
2024,2025-11-22,15,Buffalo Sabres,NA,21,8,9,0.89,67,74,3.19,3.52,-0.32999999999999996,28.05,11.38,20,43.3,63,11,17.5,61,7,88.5,106,82,213,3.408,49.46,50.82,43.78,51.14,48.8,0.45,9.47,-1.47,NA,NA,NA,nhl_team_stats_20251122.csv
2024,2025-11-22,23,Calgary Flames,NA,22,6,13,0.46,51,67,2.32,3.05,-0.73,29.68,7.81,15,49,72,9,12.5,73,15,79.5,92,99,278,3.726,15,45.11,48.21,68.58,44.220000000000006,0.37,8.06,-2.06,NA,NA,NA,nhl_team_stats_20251122.csv
2024,2025-11-22,3,Carolina Hurricanes,NA,21,14,5,2.8,77,60,3.67,2.86,0.81,33.86,10.83,30,49.8,59,8,13.6,65,14,78.5,92.1,84,184,2.8749999999999996,65.38,54.11,55.47,45.52,55.120000000000005,0.62,13.07,0.93,NA,NA,NA,nhl_team_stats_20251122.csv
2024,2025-11-22,20,Chicago Blackhawks,NA,21,10,7,1.43,69,60,3.29,2.86,0.43000000000000005,25,13.139999999999999,24,46.4,60,15,25,75,13,82.7,107.7,96,261,3.583,59.96,60.65,57.14,44.690000000000005,55.61,0.5700000000000001,11.96,-1.96,NA,NA,NA,nhl_team_stats_20251122.csv
2024,2025-11-22,22,Colorado Avalanche,NA,20,14,1,14,84,48,4.2,2.4,1.8,33.8,12.43,33,49.5,78,13,16.7,64,9,85.9,102.6,75,162,2.56,87.5,80.44000000000001,79.36999999999999,31.630000000000003,69.74000000000001,0.75,15.08,-1.08,NA,NA,NA,nhl_team_stats_20251122.csv
2024,2025-11-22,19,Columbus Blue Jackets,NA,21,11,8,1.3800000000000001,65,66,3.1,3.14,-0.04,30.52,10.139999999999999,24,50.3,48,8,16.7,52,14,73.1,89.8,66,161,2.753,46.17,40.790000000000006,45.55,34.36,41.720000000000006,0.49,10.370000000000001,0.63,NA,NA,NA,nhl_team_stats_20251122.csv
2024,2025-11-22,27,Dallas Stars,NA,21,13,5,2.6,70,58,3.3299999999999996,2.7600000000000002,0.5700000000000001,25.71,12.96,29,52.8,70,22,31.4,63,15,76.2,107.6,74,178,2.804,69.48,49.160000000000004,57.349999999999994,44.91,55.230000000000004,0.59,12.450000000000001,0.55,NA,NA,NA,nhl_team_stats_20251122.csv
2024,2025-11-22,16,Detroit Red Wings,NA,21,12,8,1.5,62,67,2.9499999999999997,3.19,-0.24000000000000002,29.810000000000002,9.9,25,52.8,69,15,21.7,60,11,81.7,103.4,76,203,3.199,47.160000000000004,45.82,48.790000000000006,40.879999999999995,45.660000000000004,0.46,9.68,2.32,NA,NA,NA,nhl_team_stats_20251122.csv
2024,2025-11-22,24,Edmonton Oilers,NA,23,9,9,1,68,82,2.96,3.57,-0.61,28.35,10.43,23,53.1,57,17,29.8,58,10,82.8,112.6,67,151,2.7270000000000003,53.71,40.86,38.449999999999996,23.39,39.1,0.41000000000000003,9.370000000000001,-0.37,NA,NA,NA,nhl_team_stats_20251122.csv
2024,2025-11-22,4,Florida Panthers,NA,20,11,8,1.3800000000000001,59,58,2.9499999999999997,2.9,0.05,28.3,10.42,23,48,77,16,20.8,71,15,78.9,99.7,90,197,3.097,45.83,54.309999999999995,51.13,83.27,58.64,0.51,10.17,0.8300000000000001,NA,NA,NA,nhl_team_stats_20251122.csv
2024,2025-11-22,28,Los Angeles Kings,NA,22,10,6,1.6700000000000002,60,59,2.73,2.68,0.05,29.36,9.29,26,49.6,69,10,14.5,71,14,80.3,94.8,76,167,2.581,31.02,61.949999999999996,62.91,37.78,48.41,0.51,11.2,-1.2,NA,NA,NA,nhl_team_stats_20251122.csv
2024,2025-11-22,25,Minnesota Wild,NA,22,11,7,1.57,65,64,2.9499999999999997,2.9099999999999997,0.04,27.73,10.66,26,48,81,21,25.9,50,13,74,99.9,57,139,2.38,51.11,53.230000000000004,56.36,46.13,51.71,0.51,11.15,-0.15000000000000002,NA,NA,NA,nhl_team_stats_20251122.csv
2024,2025-11-22,14,Montreal Canadiens,NA,20,10,7,1.43,67,72,3.3499999999999996,3.6,-0.25,25.35,13.209999999999999,23,51.1,59,13,22,68,16,76.5,98.5,93,218,3.569,59.18,30.479999999999997,24.58,58.83,43.27,0.46,9.28,0.72,NA,NA,NA,nhl_team_stats_20251122.csv
2024,2025-11-22,18,Nashville Predators,NA,20,6,10,0.6,49,70,2.4499999999999997,3.5,-1.05,27,9.07,16,52.4,62,10,16.1,59,11,81.4,97.5,72,153,2.893,20.95,43.2,36.89,40.51,35.39,0.32999999999999996,6.58,-0.58,NA,NA,NA,nhl_team_stats_20251122.csv
2024,2025-11-22,7,New Jersey Devils,NA,20,13,6,2.17,62,58,3.1,2.9,0.2,29.7,10.44,27,49.5,53,12,22.6,57,10,82.5,105.1,61,130,2.4099999999999997,52.3,66.94000000000001,59.9,43.230000000000004,55.59,0.53,10.67,2.3299999999999996,NA,NA,NA,nhl_team_stats_20251122.csv
2024,2025-11-22,8,New York Islanders,NA,21,12,7,1.71,69,62,3.29,2.9499999999999997,0.33999999999999997,28.38,11.58,26,52,69,10,14.5,68,12,82.4,96.9,89,241,3.4519999999999995,50.120000000000005,54.08,55.620000000000005,53.720000000000006,53.39,0.55,11.639999999999999,0.36,NA,NA,NA,nhl_team_stats_20251122.csv
2024,2025-11-22,9,New York Rangers,NA,22,10,10,1,56,57,2.55,2.59,-0.04,26.73,9.52,22,53.4,53,11,20.8,63,14,77.8,98.6,76,173,2.583,28.43,62.49,66.1,68.67999999999999,56.43,0.49,10.83,-0.8300000000000001,NA,NA,NA,nhl_team_stats_20251122.csv
2024,2025-11-22,13,Ottawa Senators,NA,20,10,6,1.6700000000000002,67,67,3.3499999999999996,3.3499999999999996,0,26.5,12.639999999999999,24,58,63,15,23.8,54,17,68.5,92.3,77,179,3.087,61.64,25.29,31.68,62.8,45.349999999999994,0.5,10,0,NA,NA,NA,nhl_team_stats_20251122.csv
2024,2025-11-22,6,Philadelphia Flyers,NA,19,10,6,1.6700000000000002,54,53,2.84,2.79,0.05,24.89,11.42,23,47.8,53,10,18.9,58,8,86.2,105.1,80,218,3.3949999999999996,36.720000000000006,64.51,66.57,62.41,57.55,0.51,9.67,0.32999999999999996,NA,NA,NA,nhl_team_stats_20251122.csv
2024,2025-11-22,10,Pittsburgh Penguins,NA,20,10,6,1.6700000000000002,61,52,3.05,2.6,0.45,26.95,11.32,24,49.1,46,15,32.6,59,9,84.7,117.3,68,176,2.766,58.730000000000004,74.02,72.29,22.3,56.83,0.58,11.58,-1.58,NA,NA,NA,nhl_team_stats_20251122.csv
2024,2025-11-22,26,San Jose Sharks,NA,21,10,8,1.25,63,67,3,3.19,-0.19,24.14,12.43,23,48.5,71,13,18.3,68,14,79.4,97.7,75,164,2.8179999999999996,42.61,46.89,43.78,44.4,44.42,0.47000000000000003,9.860000000000001,0.14,NA,NA,NA,nhl_team_stats_20251122.csv
2024,2025-11-22,143,Seattle Kraken,NA,20,10,5,2,54,54,2.7,2.7,0,24.55,11,25,45.1,58,12,20.7,55,17,69.1,89.8,64,153,2.58,33.449999999999996,47.49,54.71,30.919999999999998,41.64,0.5,10,0,NA,NA,NA,nhl_team_stats_20251122.csv
2024,2025-11-22,17,St. Louis Blues,NA,21,6,9,0.6699999999999999,57,79,2.71,3.7600000000000002,-1.05,25.9,10.48,18,51,53,13,24.5,53,14,73.6,98.1,62,144,2.8389999999999995,37.94,24.03,23.58,59.849999999999994,36.349999999999994,0.33999999999999997,7.18,-1.1800000000000002,NA,NA,NA,nhl_team_stats_20251122.csv
2024,2025-11-22,1,Tampa Bay Lightning,NA,20,11,7,1.57,61,57,3.05,2.8499999999999996,0.2,27.2,11.209999999999999,24,44.7,64,11,17.2,65,9,86.2,103.4,95,239,3.5,43.92,64.76,63.43,55.87,57,0.53,10.68,0.32,NA,NA,NA,nhl_team_stats_20251122.csv
2024,2025-11-22,12,Toronto Maple Leafs,NA,21,9,9,1,72,77,3.4299999999999997,3.67,-0.24000000000000002,27.86,12.31,21,56.3,55,8,14.5,62,13,79,93.5,73,155,2.9159999999999995,54.260000000000005,32.39,28.439999999999998,62.09,44.290000000000006,0.47000000000000003,9.79,-0.7899999999999999,NA,NA,NA,nhl_team_stats_20251122.csv
2024,2025-11-22,30,Utah Mammoth,NA,21,10,8,1.25,63,65,3,3.1,-0.1,28.86,10.4,23,47.3,62,9,14.5,57,10,82.5,97,81,198,3.078,39.949999999999996,57.07,53.65,30.62,45.32,0.48000000000000004,10.16,-0.16,NA,NA,NA,nhl_team_stats_20251122.csv
2024,2025-11-22,21,Vancouver Canucks,NA,22,9,11,0.8200000000000001,69,81,3.14,3.68,-0.54,26.45,11.860000000000001,20,47.3,73,17,23.3,71,23,67.6,90.9,90,213,3.388,53.690000000000005,10.97,13.129999999999999,62.98,35.2,0.42000000000000004,9.27,-0.27,NA,NA,NA,nhl_team_stats_20251122.csv
2024,2025-11-22,142,Vegas Golden Knights,NA,20,10,4,2.5,64,55,3.2,2.75,0.45,29.6,10.81,26,53.5,69,17,24.6,54,11,79.6,104.2,68,156,2.637,59.13,60.21,63.46,41.94,56.190000000000005,0.58,11.5,-1.5,NA,NA,NA,nhl_team_stats_20251122.csv
2024,2025-11-22,5,Washington Capitals,NA,21,11,8,1.3800000000000001,68,55,3.24,2.62,0.62,29.57,10.950000000000001,24,48.1,61,10,16.4,68,19,72.1,88.5,88,207,3,50.75,49.6,55.63,48.44,51.1,0.6,12.7,-1.7,NA,NA,NA,nhl_team_stats_20251122.csv
2024,2025-11-22,2,Winnipeg Jets,NA,20,12,8,1.5,67,56,3.3499999999999996,2.8,0.55,27.05,12.38,24,53,61,16,26.2,73,12,83.6,109.8,83,198,3.062,64.23,64.79,59.94,57.230000000000004,61.55,0.59,11.77,0.23,NA,NA,NA,nhl_team_stats_20251122.csv
2024,2025-11-23,29,Anaheim Ducks,NA,22,14,7,2,80,69,3.64,3.14,0.5,30.05,12.1,29,45.9,74,15,20.3,76,19,75,95.3,96,242,3.4099999999999997,70.09,41.54,38.58,62.67,53.220000000000006,0.5700000000000001,12.61,1.3900000000000001,NA,NA,NA,nhl_team_stats_20251123.csv
2024,2025-11-23,11,Boston Bruins,NA,23,13,10,1.3,74,74,3.22,3.22,0,27.43,11.729999999999999,26,52.8,75,20,26.7,88,15,83,109.7,118,286,3.774,61.2,41.65,42.87,75.55,55.32,0.5,11.5,1.5,NA,NA,NA,nhl_team_stats_20251123.csv
2024,2025-11-23,15,Buffalo Sabres,NA,21,8,9,0.89,67,74,3.19,3.52,-0.32999999999999996,28.05,11.38,20,43.3,63,11,17.5,61,7,88.5,106,82,213,3.408,49.56,50.3,42.8,50.75,48.349999999999994,0.45,9.47,-1.47,NA,NA,NA,nhl_team_stats_20251123.csv
2024,2025-11-23,23,Calgary Flames,NA,23,7,13,0.54,54,69,2.3499999999999996,3,-0.65,29.830000000000002,7.87,17,48.9,78,11,14.1,77,15,80.5,94.6,106,303,3.8119999999999994,17.830000000000002,47.63,50.879999999999995,67.97,46.08,0.38,8.75,-1.75,NA,NA,NA,nhl_team_stats_20251123.csv
2024,2025-11-23,3,Carolina Hurricanes,NA,21,14,5,2.8,77,60,3.67,2.86,0.81,33.86,10.83,30,49.8,59,8,13.6,65,14,78.5,92.1,84,184,2.8749999999999996,65.49000000000001,53.96,55.49,45.28,55.05,0.62,13.07,0.93,NA,NA,NA,nhl_team_stats_20251123.csv
2024,2025-11-23,20,Chicago Blackhawks,NA,21,10,7,1.43,69,60,3.29,2.86,0.43000000000000005,25,13.139999999999999,24,46.4,60,15,25,75,13,82.7,107.7,96,261,3.583,60.4,60.56,57.11,43.99,55.52,0.5700000000000001,11.96,-1.96,NA,NA,NA,nhl_team_stats_20251123.csv
2024,2025-11-23,22,Colorado Avalanche,NA,21,15,1,15,87,48,4.14,2.29,1.85,33.43,12.39,35,49.2,80,13,16.2,67,9,86.6,102.8,78,168,2.4949999999999997,85.03,85.28,84.36,33.32,72,0.77,16.08,-1.08,NA,NA,NA,nhl_team_stats_20251123.csv
2024,2025-11-23,19,Columbus Blue Jackets,NA,22,11,8,1.3800000000000001,68,70,3.09,3.18,-0.09,30.68,10.07,25,50.6,51,9,17.6,54,14,74.1,91.7,70,169,2.771,47.09,40.94,44.86,33.47,41.59,0.49,10.68,0.32,NA,NA,NA,nhl_team_stats_20251123.csv
2024,2025-11-23,27,Dallas Stars,NA,22,13,5,2.6,72,60,3.27,2.73,0.54,25.91,12.629999999999999,30,52.9,74,22,29.7,69,17,75.4,105.1,81,206,2.9659999999999997,66.26,48.03,56.61,45.8,54.18,0.59,12.96,0.04,NA,NA,NA,nhl_team_stats_20251123.csv
2024,2025-11-23,16,Detroit Red Wings,NA,22,13,8,1.62,66,70,3,3.18,-0.18,29.95,10.02,27,52.3,71,15,21.1,63,12,81,102.1,81,213,3.197,48.55,45.02,47.96,38.83,45.09,0.47000000000000003,10.360000000000001,2.64,NA,NA,NA,nhl_team_stats_20251123.csv
2024,2025-11-23,24,Edmonton Oilers,NA,24,10,9,1.11,74,85,3.08,3.54,-0.46,28.459999999999997,10.83,25,52.9,59,17,28.8,61,11,82,110.8,75,175,2.8589999999999995,57.64,39.230000000000004,37.809999999999995,25.97,40.160000000000004,0.43000000000000005,10.34,-0.33999999999999997,NA,NA,NA,nhl_team_stats_20251123.csv
2024,2025-11-23,4,Florida Panthers,NA,21,11,9,1.22,62,64,2.9499999999999997,3.05,-0.1,28.759999999999998,10.26,23,48.2,80,17,21.2,73,15,79.5,100.7,96,217,3.253,46.879999999999995,50.04,46.949999999999996,84.48,57.09,0.48000000000000004,10.15,0.8500000000000001,NA,NA,NA,nhl_team_stats_20251123.csv
2024,2025-11-23,28,Los Angeles Kings,NA,22,10,6,1.6700000000000002,60,59,2.73,2.68,0.05,29.36,9.29,26,49.6,69,10,14.5,71,14,80.3,94.8,76,167,2.581,30.88,61.849999999999994,63.08,37.75,48.39,0.51,11.2,-1.2,NA,NA,NA,nhl_team_stats_20251123.csv
2024,2025-11-23,25,Minnesota Wild,NA,22,11,7,1.57,65,64,2.9499999999999997,2.9099999999999997,0.04,27.73,10.66,26,48,81,21,25.9,50,13,74,99.9,57,139,2.38,51.64,52.97,56.25,45.93,51.7,0.51,11.15,-0.15000000000000002,NA,NA,NA,nhl_team_stats_20251123.csv
2024,2025-11-23,14,Montreal Canadiens,NA,21,11,7,1.57,72,74,3.4299999999999997,3.52,-0.09,25.52,13.43,25,50.9,62,13,21,71,17,76.1,97.1,101,253,3.7670000000000003,61.3,30.35,26.58,62.24,45.120000000000005,0.49,10.229999999999999,0.77,NA,NA,NA,nhl_team_stats_20251123.csv
2024,2025-11-23,18,Nashville Predators,NA,21,6,11,0.55,49,73,2.3299999999999996,3.48,-1.1500000000000001,27.38,8.52,16,52.6,65,10,15.4,61,11,82,97.4,74,157,2.8489999999999998,16.01,44.55,37.77,38.449999999999996,34.2,0.31,6.5,-0.5,NA,NA,NA,nhl_team_stats_20251123.csv
2024,2025-11-23,7,New Jersey Devils,NA,21,13,7,1.86,65,64,3.1,3.05,0.05,29.95,10.33,27,49.6,55,13,23.6,61,10,83.6,107.2,67,142,2.523,53.82,63.449999999999996,55.05,45.349999999999994,54.42,0.51,10.67,2.3299999999999996,NA,NA,NA,nhl_team_stats_20251123.csv
2024,2025-11-23,8,New York Islanders,NA,22,12,8,1.5,70,64,3.18,2.9099999999999997,0.27,28.5,11.16,26,52,72,10,13.9,69,12,82.6,96.5,90,243,3.348,45.61,56.260000000000005,57.790000000000006,51.83,52.87,0.54,11.97,0.03,NA,NA,NA,nhl_team_stats_20251123.csv
2024,2025-11-23,9,New York Rangers,NA,23,10,11,0.91,58,60,2.52,2.61,-0.09,26.52,9.51,22,54.1,55,11,20,63,14,77.8,97.8,78,177,2.5549999999999997,26.479999999999997,62.24,66.57,68.5,55.949999999999996,0.48000000000000004,11.1,-1.1,NA,NA,NA,nhl_team_stats_20251123.csv
2024,2025-11-23,13,Ottawa Senators,NA,21,11,6,1.83,70,69,3.3299999999999996,3.29,0.04,26.52,12.57,26,58.2,68,16,23.5,59,18,69.5,93,83,194,3.12,61.220000000000006,28.14,33.339999999999996,61.87,46.14,0.51,10.629999999999999,0.37,NA,NA,NA,nhl_team_stats_20251123.csv
2024,2025-11-23,6,Philadelphia Flyers,NA,20,11,6,1.83,60,56,3,2.8,0.2,25.1,11.950000000000001,25,47.9,57,10,17.5,60,9,85,102.5,84,226,3.3619999999999997,41.24,62.690000000000005,65.05,61.230000000000004,57.55,0.53,10.69,0.31,NA,NA,NA,nhl_team_stats_20251123.csv
2024,2025-11-23,10,Pittsburgh Penguins,NA,21,10,6,1.6700000000000002,63,55,3,2.62,0.38,27.19,11.03,25,49.4,50,16,32,61,9,85.2,117.2,71,182,2.746,57.349999999999994,74.41000000000001,72.34,21.7,56.449999999999996,0.5700000000000001,11.91,-1.91,NA,NA,NA,nhl_team_stats_20251123.csv
2024,2025-11-23,26,San Jose Sharks,NA,22,10,9,1.11,65,70,2.9499999999999997,3.18,-0.23,23.91,12.360000000000001,23,48,76,14,18.4,73,15,79.5,97.9,81,179,2.8789999999999996,41,46.790000000000006,43.32,45.5,44.15,0.46,10.18,-0.18,NA,NA,NA,nhl_team_stats_20251123.csv
2024,2025-11-23,143,Seattle Kraken,NA,21,11,5,2.2,57,56,2.71,2.67,0.04,24.38,11.129999999999999,27,45,60,12,20,59,18,69.5,89.5,69,163,2.59,33.04,48.97,55.92,31.8,42.43,0.51,10.66,0.33999999999999997,NA,NA,NA,nhl_team_stats_20251123.csv
2024,2025-11-23,17,St. Louis Blues,NA,22,7,9,0.7799999999999999,59,80,2.68,3.64,-0.96,25.73,10.42,20,50.9,54,13,24.1,56,14,75,99.1,64,150,2.782,36.42,29.439999999999998,28.110000000000003,58.75,38.18,0.35,7.73,-0.73,NA,NA,NA,nhl_team_stats_20251123.csv
2024,2025-11-23,1,Tampa Bay Lightning,NA,21,12,7,1.71,66,60,3.14,2.86,0.28,26.67,11.79,26,45.1,67,12,17.9,71,9,87.3,105.2,103,266,3.6470000000000002,47.849999999999994,65.31,63.59,59.46,59.05,0.55,11.48,0.52,NA,NA,NA,nhl_team_stats_20251123.csv
2024,2025-11-23,12,Toronto Maple Leafs,NA,22,9,10,0.9,74,82,3.36,3.73,-0.37,27.77,12.11,21,56.1,58,9,15.5,65,13,80,95.5,81,190,3.19,52.849999999999994,30.150000000000002,26.38,64.23,43.4,0.45,9.860000000000001,-0.8600000000000001,NA,NA,NA,nhl_team_stats_20251123.csv
2024,2025-11-23,30,Utah Mammoth,NA,22,11,8,1.3800000000000001,66,67,3,3.05,-0.05,29.09,10.31,25,46.6,62,9,14.5,59,10,83.1,97.6,84,204,3.028,39.86,59.44,55.790000000000006,29.7,46.2,0.49,10.82,0.18,NA,NA,NA,nhl_team_stats_20251123.csv
2024,2025-11-23,21,Vancouver Canucks,NA,22,9,11,0.8200000000000001,69,81,3.14,3.68,-0.54,26.45,11.860000000000001,20,47.3,73,17,23.3,71,23,67.6,90.9,90,213,3.388,54.07,10.54,12.719999999999999,62.51,34.96,0.42000000000000004,9.27,-0.27,NA,NA,NA,nhl_team_stats_20251123.csv
2024,2025-11-23,142,Vegas Golden Knights,NA,21,10,4,2.5,67,59,3.19,2.8099999999999996,0.38,29.71,10.739999999999998,27,54.1,73,18,24.7,56,11,80.4,105.1,71,162,2.641,59.55,59.86,62.17,40.08,55.42,0.56,11.82,-1.82,NA,NA,NA,nhl_team_stats_20251123.csv
2024,2025-11-23,5,Washington Capitals,NA,22,11,9,1.22,71,60,3.23,2.73,0.5,29.68,10.870000000000001,24,48.1,67,10,14.9,71,20,71.8,86.7,92,218,3.067,48.98,43.78,51.97,48.3,48.260000000000005,0.58,12.83,-1.83,NA,NA,NA,nhl_team_stats_20251123.csv
2024,2025-11-23,2,Winnipeg Jets,NA,20,12,8,1.5,67,56,3.3499999999999996,2.8,0.55,27.05,12.38,24,53,61,16,26.2,73,12,83.6,109.8,83,198,3.062,64.81,64.66,59.94,56.74,61.54,0.59,11.77,0.23,NA,NA,NA,nhl_team_stats_20251123.csv
2024,2025-11-24,29,Anaheim Ducks,NA,22,14,7,2,80,69,3.64,3.14,0.5,30.05,12.1,29,45.9,74,15,20.3,76,19,75,95.3,96,242,3.4099999999999997,72.48,40.7,37.720000000000006,62.55,53.36,0.5700000000000001,12.61,1.3900000000000001,NA,NA,NA,nhl_team_stats_20251124.csv
2024,2025-11-24,11,Boston Bruins,NA,24,13,11,1.1800000000000002,75,77,3.12,3.21,-0.09,27.75,11.26,26,52.6,78,20,25.6,94,16,83,108.6,125,308,3.848,57.89,41.6,42.120000000000005,77.22,54.71,0.49,11.66,1.34,NA,NA,NA,nhl_team_stats_20251124.csv
2024,2025-11-24,15,Buffalo Sabres,NA,22,9,9,1,71,75,3.23,3.4099999999999997,-0.18,27.73,11.639999999999999,22,43.3,67,12,17.9,65,8,87.7,105.6,86,221,3.343,52.690000000000005,52.690000000000005,45.74,51.68,50.7,0.47000000000000003,10.4,-1.4,NA,NA,NA,nhl_team_stats_20251124.csv
2024,2025-11-24,23,Calgary Flames,NA,24,8,13,0.62,59,71,2.46,2.96,-0.5,29.459999999999997,8.350000000000001,19,49,82,11,13.4,81,16,80.2,93.6,110,311,3.752,19.72,47.87,50.690000000000005,68.61999999999999,46.730000000000004,0.41000000000000003,9.8,-1.8,NA,NA,NA,nhl_team_stats_20251124.csv
2024,2025-11-24,3,Carolina Hurricanes,NA,22,14,6,2.3299999999999996,78,64,3.55,2.9099999999999997,0.64,33.68,10.53,30,50.1,63,9,14.3,69,15,78.3,92.6,88,192,2.887,63.96,51.21,51.879999999999995,44.51,52.89,0.6,13.16,0.8400000000000001,NA,NA,NA,nhl_team_stats_20251124.csv
2024,2025-11-24,20,Chicago Blackhawks,NA,22,10,8,1.25,69,61,3.14,2.77,0.37,24.86,12.61,24,46.9,62,15,24.2,78,13,83.3,107.5,99,267,3.488,55.349999999999994,63.18,59.82,43.52,55.47,0.56,12.370000000000001,-2.3699999999999997,NA,NA,NA,nhl_team_stats_20251124.csv
2024,2025-11-24,22,Colorado Avalanche,NA,22,16,1,16,88,48,4,2.18,1.82,33.09,12.09,37,49,83,13,15.7,69,9,87,102.7,80,172,2.4139999999999997,82.44000000000001,87.13,86.32,34.849999999999994,72.69,0.77,16.959999999999997,-0.96,NA,NA,NA,nhl_team_stats_20251124.csv
2024,2025-11-24,19,Columbus Blue Jackets,NA,22,11,8,1.3800000000000001,68,70,3.09,3.18,-0.09,30.68,10.07,25,50.6,51,9,17.6,54,14,74.1,91.7,70,169,2.771,47.91,40.190000000000005,44.2,33.36,41.42,0.49,10.68,0.32,NA,NA,NA,nhl_team_stats_20251124.csv
2024,2025-11-24,27,Dallas Stars,NA,22,13,5,2.6,72,60,3.27,2.73,0.54,25.91,12.629999999999999,30,52.9,74,22,29.7,69,17,75.4,105.1,81,206,2.9659999999999997,68.21000000000001,46.59,54.91,45.52,53.809999999999995,0.59,12.96,0.04,NA,NA,NA,nhl_team_stats_20251124.csv
2024,2025-11-24,16,Detroit Red Wings,NA,22,13,8,1.62,66,70,3,3.18,-0.18,29.95,10.02,27,52.3,71,15,21.1,63,12,81,102.1,81,213,3.197,49.290000000000006,44.6,47.339999999999996,38.64,44.97,0.47000000000000003,10.360000000000001,2.64,NA,NA,NA,nhl_team_stats_20251124.csv
2024,2025-11-24,24,Edmonton Oilers,NA,24,10,9,1.11,74,85,3.08,3.54,-0.46,28.459999999999997,10.83,25,52.9,59,17,28.8,61,11,82,110.8,75,175,2.8589999999999995,58.8,39.57,38.01,25.919999999999998,40.58,0.43000000000000005,10.34,-0.33999999999999997,NA,NA,NA,nhl_team_stats_20251124.csv
2024,2025-11-24,4,Florida Panthers,NA,21,11,9,1.22,62,64,2.9499999999999997,3.05,-0.1,28.759999999999998,10.26,23,48.2,80,17,21.2,73,15,79.5,100.7,96,217,3.253,47.58,49.160000000000004,45.96,84.1,56.7,0.48000000000000004,10.15,0.8500000000000001,NA,NA,NA,nhl_team_stats_20251124.csv
2024,2025-11-24,28,Los Angeles Kings,NA,22,10,6,1.6700000000000002,60,59,2.73,2.68,0.05,29.36,9.29,26,49.6,69,10,14.5,71,14,80.3,94.8,76,167,2.581,30.79,60.290000000000006,61.33,37.879999999999995,47.57,0.51,11.2,-1.2,NA,NA,NA,nhl_team_stats_20251124.csv
2024,2025-11-24,25,Minnesota Wild,NA,23,12,7,1.71,68,64,2.96,2.7800000000000002,0.18,27.830000000000002,10.62,28,47.8,82,21,25.6,54,13,75.9,101.5,63,154,2.403,52.220000000000006,57.8,60.37,51.18,55.39,0.53,12.219999999999999,-0.22,NA,NA,NA,nhl_team_stats_20251124.csv
2024,2025-11-24,14,Montreal Canadiens,NA,21,11,7,1.57,72,74,3.4299999999999997,3.52,-0.09,25.52,13.43,25,50.9,62,13,21,71,17,76.1,97.1,101,253,3.7670000000000003,63.52,30.38,26.56,62.08,45.64,0.49,10.229999999999999,0.77,NA,NA,NA,nhl_team_stats_20251124.csv
2024,2025-11-24,18,Nashville Predators,NA,21,6,11,0.55,49,73,2.3299999999999996,3.48,-1.1500000000000001,27.38,8.52,16,52.6,65,10,15.4,61,11,82,97.4,74,157,2.8489999999999998,14.97,44.63,37.809999999999995,38.28,33.92,0.31,6.5,-0.5,NA,NA,NA,nhl_team_stats_20251124.csv
2024,2025-11-24,7,New Jersey Devils,NA,21,13,7,1.86,65,64,3.1,3.05,0.05,29.95,10.33,27,49.6,55,13,23.6,61,10,83.6,107.2,67,142,2.523,54.839999999999996,62.52,54.190000000000005,45.28,54.21,0.51,10.67,2.3299999999999996,NA,NA,NA,nhl_team_stats_20251124.csv
2024,2025-11-24,8,New York Islanders,NA,23,13,8,1.62,71,64,3.09,2.7800000000000002,0.31,28.74,10.739999999999998,28,52.1,74,10,13.5,70,12,82.9,96.4,91,245,3.2159999999999997,42.879999999999995,60.09,61.87,50.230000000000004,53.77,0.55,12.709999999999999,0.29000000000000004,NA,NA,NA,nhl_team_stats_20251124.csv
2024,2025-11-24,9,New York Rangers,NA,23,10,11,0.91,58,60,2.52,2.61,-0.09,26.52,9.51,22,54.1,55,11,20,63,14,77.8,97.8,78,177,2.5549999999999997,26.06,60.39,64.69,68.07,54.8,0.48000000000000004,11.1,-1.1,NA,NA,NA,nhl_team_stats_20251124.csv
2024,2025-11-24,13,Ottawa Senators,NA,21,11,6,1.83,70,69,3.3299999999999996,3.29,0.04,26.52,12.57,26,58.2,68,16,23.5,59,18,69.5,93,83,194,3.12,63.13,27.56,32.8,61.49,46.25,0.51,10.629999999999999,0.37,NA,NA,NA,nhl_team_stats_20251124.csv
2024,2025-11-24,6,Philadelphia Flyers,NA,20,11,6,1.83,60,56,3,2.8,0.2,25.1,11.950000000000001,25,47.9,57,10,17.5,60,9,85,102.5,84,226,3.3619999999999997,42.220000000000006,61.49,63.660000000000004,60.96,57.08,0.53,10.69,0.31,NA,NA,NA,nhl_team_stats_20251124.csv
2024,2025-11-24,10,Pittsburgh Penguins,NA,21,10,6,1.6700000000000002,63,55,3,2.62,0.38,27.19,11.03,25,49.4,50,16,32,61,9,85.2,117.2,71,182,2.746,58.44,72.67999999999999,70.57,21.77,55.87,0.5700000000000001,11.91,-1.91,NA,NA,NA,nhl_team_stats_20251124.csv
2024,2025-11-24,26,San Jose Sharks,NA,23,11,9,1.22,68,71,2.96,3.09,-0.13,24.22,12.209999999999999,25,48.1,82,15,18.3,76,15,80.3,98.6,85,195,2.9099999999999997,42.309999999999995,49.839999999999996,46.74,46.690000000000005,46.39,0.48000000000000004,11.01,-0.01,NA,NA,NA,nhl_team_stats_20251124.csv
2024,2025-11-24,143,Seattle Kraken,NA,22,11,5,2.2,57,56,2.59,2.55,0.04,24.14,10.729999999999999,28,45,61,12,19.7,61,18,70.5,90.2,71,167,2.507,27.88,52.339999999999996,59.51,30.05,42.44,0.51,11.17,-0.17,NA,NA,NA,nhl_team_stats_20251124.csv
2024,2025-11-24,17,St. Louis Blues,NA,22,7,9,0.7799999999999999,59,80,2.68,3.64,-0.96,25.73,10.42,20,50.9,54,13,24.1,56,14,75,99.1,64,150,2.782,36.58,29.7,28.439999999999998,58.41,38.28,0.35,7.73,-0.73,NA,NA,NA,nhl_team_stats_20251124.csv
2024,2025-11-24,1,Tampa Bay Lightning,NA,21,12,7,1.71,66,60,3.14,2.86,0.28,26.67,11.79,26,45.1,67,12,17.9,71,9,87.3,105.2,103,266,3.6470000000000002,49.11,64.22,62.349999999999994,59.36,58.760000000000005,0.55,11.48,0.52,NA,NA,NA,nhl_team_stats_20251124.csv
2024,2025-11-24,12,Toronto Maple Leafs,NA,22,9,10,0.9,74,82,3.36,3.73,-0.37,27.77,12.11,21,56.1,58,9,15.5,65,13,80,95.5,81,190,3.19,54.55,30.830000000000002,26.919999999999998,63.8,44.02,0.45,9.860000000000001,-0.8600000000000001,NA,NA,NA,nhl_team_stats_20251124.csv
2024,2025-11-24,30,Utah Mammoth,NA,22,11,8,1.3800000000000001,66,67,3,3.05,-0.05,29.09,10.31,25,46.6,62,9,14.5,59,10,83.1,97.6,84,204,3.028,40.48,58.54,54.94,29.6,45.89,0.49,10.82,0.18,NA,NA,NA,nhl_team_stats_20251124.csv
2024,2025-11-24,21,Vancouver Canucks,NA,23,9,12,0.75,71,86,3.09,3.74,-0.65,26.610000000000003,11.6,20,47.4,77,18,23.4,75,23,69.3,92.7,94,221,3.409,53.720000000000006,10.17,12.44,60.65,34.24,0.41000000000000003,9.33,-0.32999999999999996,NA,NA,NA,nhl_team_stats_20251124.csv
2024,2025-11-24,142,Vegas Golden Knights,NA,21,10,4,2.5,67,59,3.19,2.8099999999999996,0.38,29.71,10.739999999999998,27,54.1,73,18,24.7,56,11,80.4,105.1,71,162,2.641,60.9,58.52,60.77,39.9,55.02,0.56,11.82,-1.82,NA,NA,NA,nhl_team_stats_20251124.csv
2024,2025-11-24,5,Washington Capitals,NA,22,11,9,1.22,71,60,3.23,2.73,0.5,29.68,10.870000000000001,24,48.1,67,10,14.9,71,20,71.8,86.7,92,218,3.067,50.190000000000005,42.190000000000005,50.2,48.01,47.64,0.58,12.83,-1.83,NA,NA,NA,nhl_team_stats_20251124.csv
2024,2025-11-24,2,Winnipeg Jets,NA,21,12,9,1.33,67,59,3.19,2.8099999999999996,0.38,27.29,11.69,24,53.2,65,16,24.6,74,12,83.8,108.4,86,207,3.0709999999999997,58.89,61.309999999999995,59.120000000000005,55.82,58.78,0.56,11.82,0.18,NA,NA,NA,nhl_team_stats_20251124.csv
2024,2025-11-25,29,Anaheim Ducks,NA,22,14,7,2,80,69,3.64,3.14,0.5,30.05,12.1,29,45.9,74,15,20.3,76,19,75,95.3,96,242,3.4099999999999997,72.75,40.54,37.620000000000005,62.96,53.47,0.5700000000000001,12.61,1.3900000000000001,NA,NA,NA,nhl_team_stats_20251125.csv
2024,2025-11-25,11,Boston Bruins,NA,24,13,11,1.1800000000000002,75,77,3.12,3.21,-0.09,27.75,11.26,26,52.6,78,20,25.6,94,16,83,108.6,125,308,3.848,58.230000000000004,41.349999999999994,42.08,77.75,54.849999999999994,0.49,11.66,1.34,NA,NA,NA,nhl_team_stats_20251125.csv
2024,2025-11-25,15,Buffalo Sabres,NA,22,9,9,1,71,75,3.23,3.4099999999999997,-0.18,27.73,11.639999999999999,22,43.3,67,12,17.9,65,8,87.7,105.6,86,221,3.343,52.879999999999995,52.760000000000005,45.879999999999995,51.94,50.86,0.47000000000000003,10.4,-1.4,NA,NA,NA,nhl_team_stats_20251125.csv
2024,2025-11-25,23,Calgary Flames,NA,24,8,13,0.62,59,71,2.46,2.96,-0.5,29.459999999999997,8.350000000000001,19,49,82,11,13.4,81,16,80.2,93.6,110,311,3.752,19.47,47.43,50.349999999999994,69.07,46.58,0.41000000000000003,9.8,-1.8,NA,NA,NA,nhl_team_stats_20251125.csv
2024,2025-11-25,3,Carolina Hurricanes,NA,22,14,6,2.3299999999999996,78,64,3.55,2.9099999999999997,0.64,33.68,10.53,30,50.1,63,9,14.3,69,15,78.3,92.6,88,192,2.887,63.91,50.77,51.48,44.690000000000005,52.71,0.6,13.16,0.8400000000000001,NA,NA,NA,nhl_team_stats_20251125.csv
2024,2025-11-25,20,Chicago Blackhawks,NA,22,10,8,1.25,69,61,3.14,2.77,0.37,24.86,12.61,24,46.9,62,15,24.2,78,13,83.3,107.5,99,267,3.488,55.790000000000006,62.63,59.24,43.57,55.309999999999995,0.56,12.370000000000001,-2.3699999999999997,NA,NA,NA,nhl_team_stats_20251125.csv
2024,2025-11-25,22,Colorado Avalanche,NA,22,16,1,16,88,48,4,2.18,1.82,33.09,12.09,37,49,83,13,15.7,69,9,87,102.7,80,172,2.4139999999999997,82.6,85.96000000000001,85.02,34.849999999999994,72.11,0.77,16.959999999999997,-0.96,NA,NA,NA,nhl_team_stats_20251125.csv
2024,2025-11-25,19,Columbus Blue Jackets,NA,23,11,9,1.22,69,75,3,3.2600000000000002,-0.26,30.35,9.89,25,50.8,53,9,17,57,15,73.7,90.7,73,175,2.7880000000000003,43.61,37.43,40.92,33.48,38.86,0.46,10.55,0.45,NA,NA,NA,nhl_team_stats_20251125.csv
2024,2025-11-25,27,Dallas Stars,NA,22,13,5,2.6,72,60,3.27,2.73,0.54,25.91,12.629999999999999,30,52.9,74,22,29.7,69,17,75.4,105.1,81,206,2.9659999999999997,68.8,45.9,54.309999999999995,45.63,53.660000000000004,0.59,12.96,0.04,NA,NA,NA,nhl_team_stats_20251125.csv
2024,2025-11-25,16,Detroit Red Wings,NA,23,13,9,1.44,69,74,3,3.22,-0.22,30.17,9.94,27,52.8,74,16,21.6,64,12,81.2,102.8,87,236,3.327,50.09,43.15,46.730000000000004,40.98,45.24,0.46,10.69,2.3099999999999996,NA,NA,NA,nhl_team_stats_20251125.csv
2024,2025-11-25,24,Edmonton Oilers,NA,24,10,9,1.11,74,85,3.08,3.54,-0.46,28.459999999999997,10.83,25,52.9,59,17,28.8,61,11,82,110.8,75,175,2.8589999999999995,59.15,39.74,38.32,25.79,40.75,0.43000000000000005,10.34,-0.33999999999999997,NA,NA,NA,nhl_team_stats_20251125.csv
2024,2025-11-25,4,Florida Panthers,NA,22,12,9,1.33,70,67,3.18,3.05,0.13,28.64,11.11,25,47.9,82,17,20.7,76,16,78.9,99.6,100,225,3.231,55.74,48.14,45.290000000000006,82.49000000000001,57.92,0.52,11.46,0.54,NA,NA,NA,nhl_team_stats_20251125.csv
2024,2025-11-25,28,Los Angeles Kings,NA,23,11,6,1.83,62,60,2.7,2.61,0.09,29.04,9.28,28,48.9,72,11,15.3,74,14,81.1,96.4,79,173,2.5389999999999997,30.17,63.17,63.92,36.46,48.43,0.52,11.89,-0.89,NA,NA,NA,nhl_team_stats_20251125.csv
2024,2025-11-25,25,Minnesota Wild,NA,23,12,7,1.71,68,64,2.96,2.7800000000000002,0.18,27.830000000000002,10.62,28,47.8,82,21,25.6,54,13,75.9,101.5,63,154,2.403,52.5,57.33,59.790000000000006,51.449999999999996,55.27,0.53,12.219999999999999,-0.22,NA,NA,NA,nhl_team_stats_20251125.csv
2024,2025-11-25,14,Montreal Canadiens,NA,21,11,7,1.57,72,74,3.4299999999999997,3.52,-0.09,25.52,13.43,25,50.9,62,13,21,71,17,76.1,97.1,101,253,3.7670000000000003,63.96,30.59,26.91,62.449999999999996,45.98,0.49,10.229999999999999,0.77,NA,NA,NA,nhl_team_stats_20251125.csv
2024,2025-11-25,18,Nashville Predators,NA,22,6,12,0.5,52,81,2.36,3.68,-1.32,27.91,8.47,16,52.8,68,11,16.2,63,11,82.5,98.7,77,163,2.9149999999999996,17.35,40.33,32.260000000000005,39.14,32.27,0.29000000000000004,6.41,-0.41000000000000003,NA,NA,NA,nhl_team_stats_20251125.csv
2024,2025-11-25,7,New Jersey Devils,NA,22,14,7,2,69,67,3.14,3.05,0.09,29.45,10.65,29,48.9,56,13,23.2,64,11,82.8,106,74,159,2.617,55.660000000000004,60.42,53.1,47.47,54.160000000000004,0.51,11.32,2.68,NA,NA,NA,nhl_team_stats_20251125.csv
2024,2025-11-25,8,New York Islanders,NA,23,13,8,1.62,71,64,3.09,2.7800000000000002,0.31,28.74,10.739999999999998,28,52.1,74,10,13.5,70,12,82.9,96.4,91,245,3.2159999999999997,42.87,59.49,61.290000000000006,50.51,53.54,0.55,12.709999999999999,0.29000000000000004,NA,NA,NA,nhl_team_stats_20251125.csv
2024,2025-11-25,9,New York Rangers,NA,24,11,11,1,61,62,2.54,2.58,-0.04,26.25,9.68,24,53.8,55,11,20,66,14,78.8,98.8,81,185,2.545,26.56,62.260000000000005,65.79,69.53,56.03,0.49,11.81,-0.81,NA,NA,NA,nhl_team_stats_20251125.csv
2024,2025-11-25,13,Ottawa Senators,NA,22,11,7,1.57,71,71,3.23,3.23,0,26.59,12.139999999999999,26,58.6,71,16,22.5,62,19,69.4,91.9,86,200,3.065,58.32,29.310000000000002,34.64,60.94,45.8,0.5,11,0,NA,NA,NA,nhl_team_stats_20251125.csv
2024,2025-11-25,6,Philadelphia Flyers,NA,21,11,7,1.57,60,59,2.86,2.8099999999999996,0.05,24.86,11.49,25,48.1,58,10,17.2,62,9,85.5,102.7,87,235,3.343,36.220000000000006,61.8,63.5,60.78,55.58,0.51,10.69,0.31,NA,NA,NA,nhl_team_stats_20251125.csv
2024,2025-11-25,10,Pittsburgh Penguins,NA,21,10,6,1.6700000000000002,63,55,3,2.62,0.38,27.19,11.03,25,49.4,50,16,32,61,9,85.2,117.2,71,182,2.746,58.879999999999995,71.98,69.79,21.56,55.55,0.5700000000000001,11.91,-1.91,NA,NA,NA,nhl_team_stats_20251125.csv
2024,2025-11-25,26,San Jose Sharks,NA,23,11,9,1.22,68,71,2.96,3.09,-0.13,24.22,12.209999999999999,25,48.1,82,15,18.3,76,15,80.3,98.6,85,195,2.9099999999999997,42.59,49.58,46.55,46.87,46.4,0.48000000000000004,11.01,-0.01,NA,NA,NA,nhl_team_stats_20251125.csv
2024,2025-11-25,143,Seattle Kraken,NA,22,11,5,2.2,57,56,2.59,2.55,0.04,24.14,10.729999999999999,28,45,61,12,19.7,61,18,70.5,90.2,71,167,2.507,28.03,51.6,58.71,29.95,42.07,0.51,11.17,-0.17,NA,NA,NA,nhl_team_stats_20251125.csv
2024,2025-11-25,17,St. Louis Blues,NA,23,7,10,0.7,61,83,2.65,3.61,-0.96,25.52,10.39,20,51,57,13,22.8,56,14,75,97.8,64,150,2.71,34.08,31.34,30.84,56.42,38.17,0.35,8.05,-1.05,NA,NA,NA,nhl_team_stats_20251125.csv
2024,2025-11-25,1,Tampa Bay Lightning,NA,22,13,7,1.86,69,60,3.14,2.73,0.41000000000000003,26.27,11.94,28,45.2,69,12,17.4,72,9,87.5,104.9,105,273,3.542,48.43,68.02,66.82,58.56,60.46,0.5700000000000001,12.53,0.47000000000000003,NA,NA,NA,nhl_team_stats_20251125.csv
2024,2025-11-25,12,Toronto Maple Leafs,NA,22,9,10,0.9,74,82,3.36,3.73,-0.37,27.77,12.11,21,56.1,58,9,15.5,65,13,80,95.5,81,190,3.19,54.71,31.2,27.479999999999997,64.21000000000001,44.4,0.45,9.860000000000001,-0.8600000000000001,NA,NA,NA,nhl_team_stats_20251125.csv
2024,2025-11-25,30,Utah Mammoth,NA,23,12,8,1.5,71,68,3.09,2.96,0.13,28.87,10.69,27,46.3,64,9,14.1,62,10,83.9,98,87,210,2.964,43.2,62.24,58.32,29.37,48.28,0.52,11.99,0.01,NA,NA,NA,nhl_team_stats_20251125.csv
2024,2025-11-25,21,Vancouver Canucks,NA,23,9,12,0.75,71,86,3.09,3.74,-0.65,26.610000000000003,11.6,20,47.4,77,18,23.4,75,23,69.3,92.7,94,221,3.409,54.05,10.53,13.08,61.05,34.67,0.41000000000000003,9.33,-0.32999999999999996,NA,NA,NA,nhl_team_stats_20251125.csv
2024,2025-11-25,142,Vegas Golden Knights,NA,22,10,5,2,68,64,3.09,2.9099999999999997,0.18,29.91,10.33,27,54.4,76,18,23.7,58,11,81,104.7,73,166,2.646,56.230000000000004,56.64,57.74,38.67,52.32,0.53,11.66,-1.6600000000000001,NA,NA,NA,nhl_team_stats_20251125.csv
2024,2025-11-25,5,Washington Capitals,NA,23,12,9,1.33,76,61,3.3,2.65,0.65,29.74,11.11,26,48,70,11,15.7,73,20,72.6,88.3,94,222,2.9819999999999998,53.949999999999996,45.620000000000005,53.63,45.28,49.620000000000005,0.61,13.98,-1.98,NA,NA,NA,nhl_team_stats_20251125.csv
2024,2025-11-25,2,Winnipeg Jets,NA,21,12,9,1.33,67,59,3.19,2.8099999999999996,0.38,27.29,11.69,24,53.2,65,16,24.6,74,12,83.8,108.4,86,207,3.0709999999999997,59.24,60.75,58.59,56.120000000000005,58.67,0.56,11.82,0.18,NA,NA,NA,nhl_team_stats_20251125.csv
2024,2025-11-26,29,Anaheim Ducks,NA,22,14,7,2,80,69,3.64,3.14,0.5,30.05,12.1,29,45.9,74,15,20.3,76,19,75,95.3,96,242,3.4099999999999997,71.71000000000001,41.02,37.9,63,53.41,0.5700000000000001,12.61,1.3900000000000001,NA,NA,NA,nhl_team_stats_20251126.csv
2024,2025-11-26,11,Boston Bruins,NA,24,13,11,1.1800000000000002,75,77,3.12,3.21,-0.09,27.75,11.26,26,52.6,78,20,25.6,94,16,83,108.6,125,308,3.848,57.53,41.8,42.5,77.86,54.92,0.49,11.66,1.34,NA,NA,NA,nhl_team_stats_20251126.csv
2024,2025-11-26,15,Buffalo Sabres,NA,22,9,9,1,71,75,3.23,3.4099999999999997,-0.18,27.77,11.62,22,43.3,67,12,17.9,65,8,87.7,105.6,86,221,3.343,52.47,53.32,46.620000000000005,51.94,51.09,0.47000000000000003,10.4,-1.4,NA,NA,NA,nhl_team_stats_20251126.csv
2024,2025-11-26,23,Calgary Flames,NA,24,8,13,0.62,59,71,2.46,2.96,-0.5,29.459999999999997,8.350000000000001,19,49,82,11,13.4,81,16,80.2,93.6,110,311,3.752,20.439999999999998,47.71,50.53,69.13,46.949999999999996,0.41000000000000003,9.8,-1.8,NA,NA,NA,nhl_team_stats_20251126.csv
2024,2025-11-26,3,Carolina Hurricanes,NA,22,14,6,2.3299999999999996,78,64,3.55,2.9099999999999997,0.64,33.68,10.53,30,50.1,63,9,14.3,69,15,78.3,92.6,88,192,2.887,63.48,50.97,51.61,44.660000000000004,52.68,0.6,13.16,0.8400000000000001,NA,NA,NA,nhl_team_stats_20251126.csv
2024,2025-11-26,20,Chicago Blackhawks,NA,22,10,8,1.25,69,61,3.14,2.77,0.37,24.86,12.61,24,46.8,62,15,24.2,78,13,83.3,107.5,99,267,3.488,55.03,62.7,59.260000000000005,43.349999999999994,55.09,0.56,12.370000000000001,-2.3699999999999997,NA,NA,NA,nhl_team_stats_20251126.csv
2024,2025-11-26,22,Colorado Avalanche,NA,22,16,1,16,88,48,4,2.18,1.82,33.09,12.09,37,49,83,13,15.7,69,9,87,102.7,80,172,2.4139999999999997,81.41000000000001,85.41000000000001,84.52,34.82,71.54,0.77,16.959999999999997,-0.96,NA,NA,NA,nhl_team_stats_20251126.csv
2024,2025-11-26,19,Columbus Blue Jackets,NA,23,11,9,1.22,69,75,3,3.2600000000000002,-0.26,30.39,9.870000000000001,25,50.8,53,9,17,57,15,73.7,90.7,73,175,2.7880000000000003,43.730000000000004,37.98,41.4,33.449999999999996,39.14,0.46,10.55,0.45,NA,NA,NA,nhl_team_stats_20251126.csv
2024,2025-11-26,27,Dallas Stars,NA,23,14,5,2.8,80,63,3.48,2.74,0.74,26.09,13.33,32,53.1,78,25,32.1,70,17,75.7,107.8,84,212,2.9389999999999996,78.35,46.74,55.07,44.41,56.14,0.62,14.2,-0.2,NA,NA,NA,nhl_team_stats_20251126.csv
2024,2025-11-26,16,Detroit Red Wings,NA,23,13,9,1.44,69,74,3,3.22,-0.22,30.17,9.94,27,52.8,74,16,21.6,64,12,81.2,102.8,87,236,3.327,49.879999999999995,43.61,47.220000000000006,40.98,45.42,0.46,10.69,2.3099999999999996,NA,NA,NA,nhl_team_stats_20251126.csv
2024,2025-11-26,24,Edmonton Oilers,NA,25,10,10,1,77,93,3.08,3.72,-0.64,28.32,10.88,25,52.4,60,17,28.3,65,14,78.5,106.8,80,185,2.9519999999999995,57.720000000000006,30.150000000000002,29.84,26.85,36.14,0.41000000000000003,10.17,-0.17,NA,NA,NA,nhl_team_stats_20251126.csv
2024,2025-11-26,4,Florida Panthers,NA,22,12,9,1.33,70,67,3.18,3.05,0.13,28.64,11.11,25,47.9,82,17,20.7,76,16,78.9,99.6,100,225,3.231,55.230000000000004,48.49,45.53,82.58,57.96,0.52,11.46,0.54,NA,NA,NA,nhl_team_stats_20251126.csv
2024,2025-11-26,28,Los Angeles Kings,NA,23,11,6,1.83,62,60,2.7,2.61,0.09,29.04,9.28,28,48.9,72,11,15.3,74,14,81.1,96.4,79,173,2.5389999999999997,30.7,63.06,63.78,36.41,48.49,0.52,11.89,-0.89,NA,NA,NA,nhl_team_stats_20251126.csv
2024,2025-11-26,25,Minnesota Wild,NA,23,12,7,1.71,68,64,2.96,2.7800000000000002,0.18,27.87,10.61,28,47.8,82,21,25.6,54,13,75.9,101.5,63,154,2.403,52.06,57.43,59.839999999999996,51.47,55.2,0.53,12.219999999999999,-0.22,NA,NA,NA,nhl_team_stats_20251126.csv
2024,2025-11-26,14,Montreal Canadiens,NA,21,11,7,1.57,72,74,3.4299999999999997,3.52,-0.09,25.52,13.43,25,50.8,62,13,21,71,17,76.1,97.1,101,253,3.7670000000000003,62.96,31.4,27.59,62.49,46.11,0.49,10.229999999999999,0.77,NA,NA,NA,nhl_team_stats_20251126.csv
2024,2025-11-26,18,Nashville Predators,NA,22,6,12,0.5,52,81,2.36,3.68,-1.32,27.91,8.47,16,52.8,68,11,16.2,63,11,82.5,98.7,77,163,2.9149999999999996,18.279999999999998,41.15,33.21,39.13,32.94,0.29000000000000004,6.41,-0.41000000000000003,NA,NA,NA,nhl_team_stats_20251126.csv
2024,2025-11-26,7,New Jersey Devils,NA,22,14,7,2,69,67,3.14,3.05,0.09,29.55,10.62,29,48.9,56,13,23.2,64,11,82.8,106,74,159,2.617,55.3,60.690000000000005,53.44,47.46,54.220000000000006,0.51,11.32,2.68,NA,NA,NA,nhl_team_stats_20251126.csv
2024,2025-11-26,8,New York Islanders,NA,23,13,8,1.62,71,64,3.09,2.7800000000000002,0.31,28.7,10.76,28,52.1,74,10,13.5,70,12,82.9,96.4,91,245,3.2159999999999997,42.92,59.55,61.349999999999994,50.48,53.58,0.55,12.709999999999999,0.29000000000000004,NA,NA,NA,nhl_team_stats_20251126.csv
2024,2025-11-26,9,New York Rangers,NA,24,11,11,1,61,62,2.54,2.58,-0.04,26.29,9.67,24,53.8,55,11,20,66,14,78.8,98.8,81,185,2.545,27.08,62.15,65.63,69.6,56.11,0.49,11.81,-0.81,NA,NA,NA,nhl_team_stats_20251126.csv
2024,2025-11-26,13,Ottawa Senators,NA,22,11,7,1.57,71,71,3.23,3.23,0,26.59,12.139999999999999,26,58.6,71,16,22.5,62,19,69.4,91.9,86,200,3.065,57.58,29.91,35.01,60.99,45.87,0.5,11,0,NA,NA,NA,nhl_team_stats_20251126.csv
2024,2025-11-26,6,Philadelphia Flyers,NA,21,11,7,1.57,60,59,2.86,2.8099999999999996,0.05,24.86,11.49,25,48.1,58,10,17.2,62,9,85.5,102.7,87,235,3.343,36.260000000000005,61.86,63.620000000000005,60.83,55.64,0.51,10.69,0.31,NA,NA,NA,nhl_team_stats_20251126.csv
2024,2025-11-26,10,Pittsburgh Penguins,NA,21,10,6,1.6700000000000002,63,55,3,2.62,0.38,27.19,11.03,25,49.4,50,16,32,61,9,85.2,117.2,71,182,2.746,58.1,71.85,69.72,21.49,55.290000000000006,0.5700000000000001,11.91,-1.91,NA,NA,NA,nhl_team_stats_20251126.csv
2024,2025-11-26,26,San Jose Sharks,NA,23,11,9,1.22,68,71,2.96,3.09,-0.13,24.22,12.209999999999999,25,48.1,82,15,18.3,76,15,80.3,98.6,85,195,2.9099999999999997,42.32,49.92,46.86,46.87,46.49,0.48000000000000004,11.01,-0.01,NA,NA,NA,nhl_team_stats_20251126.csv
2024,2025-11-26,143,Seattle Kraken,NA,22,11,5,2.2,57,56,2.59,2.55,0.04,24.14,10.729999999999999,28,45.1,61,12,19.7,61,18,70.5,90.2,71,167,2.507,28.310000000000002,51.57,58.42,29.919999999999998,42.06,0.51,11.17,-0.17,NA,NA,NA,nhl_team_stats_20251126.csv
2024,2025-11-26,17,St. Louis Blues,NA,23,7,10,0.7,61,83,2.65,3.61,-0.96,25.52,10.39,20,51,57,13,22.8,56,14,75,97.8,64,150,2.71,34.2,32.18,31.68,56.449999999999996,38.63,0.35,8.05,-1.05,NA,NA,NA,nhl_team_stats_20251126.csv
2024,2025-11-26,1,Tampa Bay Lightning,NA,22,13,7,1.86,69,60,3.14,2.73,0.41000000000000003,26.27,11.94,28,45.2,69,12,17.4,72,9,87.5,104.9,105,273,3.542,48.09,68,66.86999999999999,58.58,60.39,0.5700000000000001,12.53,0.47000000000000003,NA,NA,NA,nhl_team_stats_20251126.csv
2024,2025-11-26,12,Toronto Maple Leafs,NA,22,9,10,0.9,74,82,3.36,3.73,-0.37,27.77,12.11,21,56.2,58,9,15.5,65,13,80,95.5,81,190,3.19,54.260000000000005,32.11,28.45,64.28,44.77,0.45,9.860000000000001,-0.8600000000000001,NA,NA,NA,nhl_team_stats_20251126.csv
2024,2025-11-26,30,Utah Mammoth,NA,23,12,8,1.5,71,68,3.09,2.96,0.13,28.830000000000002,10.709999999999999,27,46.3,64,9,14.1,62,10,83.9,98,87,210,2.964,43.25,62.44,58.59,29.330000000000002,48.4,0.52,11.99,0.01,NA,NA,NA,nhl_team_stats_20251126.csv
2024,2025-11-26,21,Vancouver Canucks,NA,23,9,12,0.75,71,86,3.09,3.74,-0.65,26.650000000000002,11.58,20,47.4,77,18,23.4,75,23,69.3,92.7,94,221,3.409,53.46,11.57,13.9,61.08,35,0.41000000000000003,9.33,-0.32999999999999996,NA,NA,NA,nhl_team_stats_20251126.csv
2024,2025-11-26,142,Vegas Golden Knights,NA,22,10,5,2,68,64,3.09,2.9099999999999997,0.18,29.91,10.33,27,54.4,76,18,23.7,58,11,81,104.7,73,166,2.646,55.760000000000005,56.8,57.93,38.65,52.28,0.53,11.66,-1.6600000000000001,NA,NA,NA,nhl_team_stats_20251126.csv
2024,2025-11-26,5,Washington Capitals,NA,23,12,9,1.33,76,61,3.3,2.65,0.65,29.779999999999998,11.09,26,48,70,11,15.7,73,20,72.6,88.3,94,222,2.9819999999999998,53.64,45.660000000000004,53.43,45.290000000000006,49.5,0.61,13.98,-1.98,NA,NA,NA,nhl_team_stats_20251126.csv
2024,2025-11-26,2,Winnipeg Jets,NA,21,12,9,1.33,67,59,3.19,2.8099999999999996,0.38,27.330000000000002,11.67,24,53.2,65,16,24.6,74,12,83.8,108.4,86,207,3.0709999999999997,58.5,60.809999999999995,58.660000000000004,56.15,58.53,0.56,11.82,0.18,NA,NA,NA,nhl_team_stats_20251126.csv
2024,2025-11-27,29,Anaheim Ducks,NA,23,14,8,1.75,84,74,3.65,3.22,0.43000000000000005,30.52,11.97,29,46.1,80,16,20,79,20,74.7,94.7,100,250,3.4159999999999995,71.63,38.4,35.36,61.339999999999996,51.68,0.56,12.93,1.07,NA,NA,NA,nhl_team_stats_20251127.csv
2024,2025-11-27,11,Boston Bruins,NA,25,14,11,1.27,78,78,3.12,3.12,0,27.2,11.47,28,52.6,79,20,25.3,98,16,83.7,109,129,316,3.771,56.65,45.55,46.33,80.02,57.14,0.5,12.5,1.5,NA,NA,NA,nhl_team_stats_20251127.csv
2024,2025-11-27,15,Buffalo Sabres,NA,23,9,10,0.9,73,79,3.17,3.4299999999999997,-0.26,27.91,11.370000000000001,22,43.3,67,12,17.9,66,8,87.9,105.8,87,223,3.281,50.27,53.55,46.65,51.36,50.46,0.46,10.6,-1.6,NA,NA,NA,nhl_team_stats_20251127.csv
2024,2025-11-27,23,Calgary Flames,NA,25,8,14,0.5700000000000001,60,76,2.4,3.04,-0.64,29.6,8.11,19,48.8,87,11,12.6,85,16,81.2,93.8,114,319,3.7430000000000003,18.23,47.3,48.82,72.38,46.68,0.38,9.6,-1.6,NA,NA,NA,nhl_team_stats_20251127.csv
2024,2025-11-27,3,Carolina Hurricanes,NA,23,14,7,2,80,68,3.48,2.96,0.52,33.87,10.27,30,49.9,67,10,14.9,70,15,78.6,93.5,89,194,2.847,61.379999999999995,50.44,50.9,45.46,52.04,0.58,13.350000000000001,0.65,NA,NA,NA,nhl_team_stats_20251127.csv
2024,2025-11-27,20,Chicago Blackhawks,NA,23,10,8,1.25,72,65,3.13,2.8299999999999996,0.3,25.39,12.33,25,47.2,66,15,22.7,82,14,82.9,105.6,106,287,3.58,53.32,59.71,56.44,43.28,53.190000000000005,0.55,12.65,-2.65,NA,NA,NA,nhl_team_stats_20251127.csv
2024,2025-11-27,22,Colorado Avalanche,NA,23,17,1,17,94,48,4.09,2.09,2,33.48,12.209999999999999,39,49.1,87,14,16.1,73,9,87.7,103.8,84,180,2.3779999999999997,84.24000000000001,88.59,86.94000000000001,33.28,73.26,0.7899999999999999,18.24,-1.24,NA,NA,NA,nhl_team_stats_20251127.csv
2024,2025-11-27,19,Columbus Blue Jackets,NA,24,11,9,1.22,70,77,2.92,3.21,-0.29000000000000004,30.62,9.52,26,50.4,56,9,16.1,59,15,74.6,90.7,76,181,2.754,40.13,40.790000000000006,44.04,33.78,39.68,0.45,10.870000000000001,0.13,NA,NA,NA,nhl_team_stats_20251127.csv
2024,2025-11-27,27,Dallas Stars,NA,24,15,5,3,83,65,3.46,2.71,0.75,25.88,13.370000000000001,34,53.1,79,25,31.6,75,17,77.3,108.9,89,224,2.948,76.36999999999999,49.92,56.77,44.18,56.809999999999995,0.62,14.870000000000001,0.13,NA,NA,NA,nhl_team_stats_20251127.csv
2024,2025-11-27,16,Detroit Red Wings,NA,24,13,10,1.3,72,80,3,3.3299999999999996,-0.32999999999999996,30.21,9.93,27,52.7,78,18,23.1,68,13,80.9,104,92,246,3.367,51.54,40.3,43.14,40.03,43.760000000000005,0.45,10.75,2.25,NA,NA,NA,nhl_team_stats_20251127.csv
2024,2025-11-27,24,Edmonton Oilers,NA,25,10,10,1,77,93,3.08,3.72,-0.64,28.32,10.88,25,52.4,60,17,28.3,65,14,78.5,106.8,80,185,2.9519999999999995,57.51,30.150000000000002,30.36,27.37,36.349999999999994,0.41000000000000003,10.17,-0.17,NA,NA,NA,nhl_team_stats_20251127.csv
2024,2025-11-27,4,Florida Panthers,NA,23,12,10,1.2,72,71,3.13,3.09,0.04,28.57,10.96,25,48.1,85,17,20,77,16,79.2,99.2,101,227,3.175,52.43,48.24,45.36,82.5,57.13,0.51,11.65,0.35,NA,NA,NA,nhl_team_stats_20251127.csv
2024,2025-11-27,28,Los Angeles Kings,NA,23,11,6,1.83,62,60,2.7,2.61,0.09,29.04,9.28,28,48.9,72,11,15.3,74,14,81.1,96.4,79,173,2.5389999999999997,31.14,62.7,63.3,37.3,48.61,0.52,11.89,-0.89,NA,NA,NA,nhl_team_stats_20251127.csv
2024,2025-11-27,25,Minnesota Wild,NA,24,13,7,1.86,72,67,3,2.79,0.21000000000000002,27.71,10.83,30,47.7,86,22,25.6,58,13,77.6,103.2,69,172,2.502,53.52,59.06,59.98,53.449999999999996,56.5,0.54,12.870000000000001,0.13,NA,NA,NA,nhl_team_stats_20251127.csv
2024,2025-11-27,14,Montreal Canadiens,NA,22,12,7,1.71,76,77,3.4499999999999997,3.5,-0.05,25.14,13.739999999999998,27,50.8,65,15,23.1,75,18,76,99.1,106,263,3.74,66.06,31.77,28.39,62.06,47.07,0.49,10.84,1.1600000000000001,NA,NA,NA,nhl_team_stats_20251127.csv
2024,2025-11-27,18,Nashville Predators,NA,23,7,12,0.58,58,84,2.52,3.65,-1.1300000000000001,27.959999999999997,9.02,18,52.6,72,12,16.7,67,13,80.6,97.3,82,173,2.925,25.51,38.86,32.36,40.01,34.18,0.32,7.42,-0.42000000000000004,NA,NA,NA,nhl_team_stats_20251127.csv
2024,2025-11-27,7,New Jersey Devils,NA,23,15,7,2.14,72,69,3.13,3,0.13,29.52,10.6,31,49.2,58,14,24.1,68,12,82.4,106.5,77,167,2.603,55.660000000000004,61.160000000000004,54.11,48.720000000000006,54.91,0.52,11.99,3.01,NA,NA,NA,nhl_team_stats_20251127.csv
2024,2025-11-27,8,New York Islanders,NA,24,13,9,1.44,72,67,3,2.79,0.21000000000000002,29.38,10.209999999999999,28,52,78,10,12.8,71,12,83.1,95.9,92,247,3.16,39.54,57.91,61.4,49.64,52.120000000000005,0.54,12.870000000000001,0.13,NA,NA,NA,nhl_team_stats_20251127.csv
2024,2025-11-27,9,New York Rangers,NA,25,12,11,1.09,65,64,2.6,2.56,0.04,25.959999999999997,10.02,26,53.8,56,11,19.6,70,15,78.6,98.2,86,195,2.554,29.310000000000002,62.05,65.14999999999999,71.02,56.879999999999995,0.51,12.69,-0.69,NA,NA,NA,nhl_team_stats_20251127.csv
2024,2025-11-27,13,Ottawa Senators,NA,23,12,7,1.71,75,74,3.2600000000000002,3.22,0.04,26.43,12.34,28,58.4,74,17,23,65,20,69.2,92.2,89,206,3.034,59.2,29.939999999999998,35.36,60.92,46.349999999999994,0.51,11.639999999999999,0.36,NA,NA,NA,nhl_team_stats_20251127.csv
2024,2025-11-27,6,Philadelphia Flyers,NA,22,12,7,1.71,64,61,2.9099999999999997,2.77,0.14,24.55,11.850000000000001,27,48.1,59,10,16.9,65,9,86.2,103.1,90,241,3.278,38.32,64.19,65.13,59.03,56.67,0.52,11.54,0.46,NA,NA,NA,nhl_team_stats_20251127.csv
2024,2025-11-27,10,Pittsburgh Penguins,NA,22,11,6,1.83,67,57,3.05,2.59,0.46,26.82,11.360000000000001,27,49.7,51,16,31.4,61,9,85.2,116.6,71,182,2.654,58.849999999999994,72.91000000000001,70.75,21.25,55.94,0.58,12.78,-1.78,NA,NA,NA,nhl_team_stats_20251127.csv
2024,2025-11-27,26,San Jose Sharks,NA,24,11,10,1.1,68,77,2.8299999999999996,3.21,-0.38,24.29,11.66,25,48.1,86,15,17.4,80,16,80,97.4,89,203,2.953,36.879999999999995,46.290000000000006,42.61,47.260000000000005,43.260000000000005,0.44,10.5,0.5,NA,NA,NA,nhl_team_stats_20251127.csv
2024,2025-11-27,143,Seattle Kraken,NA,23,11,6,1.83,59,59,2.57,2.57,0,24.3,10.55,28,45.2,66,12,18.2,62,18,71,89.2,73,171,2.483,26.759999999999998,51.790000000000006,58.6,30.650000000000002,41.949999999999996,0.5,11.5,-0.5,NA,NA,NA,nhl_team_stats_20251127.csv
2024,2025-11-27,17,St. Louis Blues,NA,24,7,10,0.7,63,86,2.62,3.58,-0.96,25.419999999999998,10.33,21,50.7,61,14,23,58,15,74.1,97.1,66,154,2.677,33.92,31.75,32.5,54.14,38.08,0.35,8.370000000000001,-1.37,NA,NA,NA,nhl_team_stats_20251127.csv
2024,2025-11-27,1,Tampa Bay Lightning,NA,23,14,7,2,74,61,3.22,2.65,0.5700000000000001,26.130000000000003,12.31,30,45.6,73,12,16.4,77,9,88.3,104.7,109,283,3.501,50.220000000000006,69.16,69.48,57.01,61.47,0.6,13.709999999999999,0.29000000000000004,NA,NA,NA,nhl_team_stats_20251127.csv
2024,2025-11-27,12,Toronto Maple Leafs,NA,23,10,10,1,76,83,3.3,3.61,-0.31,27.610000000000003,11.97,23,56.4,60,9,15,68,13,80.9,95.9,85,198,3.135,51.47,36.91,33.61,63.17,46.290000000000006,0.46,10.47,-0.47000000000000003,NA,NA,NA,nhl_team_stats_20251127.csv
2024,2025-11-27,30,Utah Mammoth,NA,24,12,9,1.33,74,72,3.08,3,0.08,29.04,10.62,27,46.5,68,10,14.7,65,12,81.5,96.2,91,218,2.9699999999999998,43.97,57.379999999999995,54.86,29.74,46.49,0.51,12.32,-0.32,NA,NA,NA,nhl_team_stats_20251127.csv
2024,2025-11-27,21,Vancouver Canucks,NA,24,10,12,0.8300000000000001,76,90,3.17,3.75,-0.58,26.71,11.860000000000001,22,47.5,80,19,23.8,81,24,70.4,94.2,101,235,3.448,56.93,13.04,14.38,59.83,36.05,0.42000000000000004,10,0,NA,NA,NA,nhl_team_stats_20251127.csv
2024,2025-11-27,142,Vegas Golden Knights,NA,23,10,5,2,71,67,3.09,2.9099999999999997,0.18,30.130000000000003,10.25,28,54,79,19,24.1,61,12,80.3,104.4,76,172,2.6319999999999997,56.08,55.71,56.92,41.32,52.51,0.53,12.19,-2.19,NA,NA,NA,nhl_team_stats_20251127.csv
2024,2025-11-27,5,Washington Capitals,NA,24,13,9,1.44,80,64,3.3299999999999996,2.67,0.6599999999999999,29.959999999999997,11.129999999999999,28,48,72,11,15.3,75,21,72,87.3,97,228,2.9579999999999997,54.220000000000006,44.230000000000004,52.32,44.89,48.91,0.61,14.61,-1.61,NA,NA,NA,nhl_team_stats_20251127.csv
2024,2025-11-27,2,Winnipeg Jets,NA,22,12,10,1.2,70,63,3.18,2.86,0.32,27.05,11.76,24,53,67,17,25.4,76,12,84.2,109.6,89,213,3.0549999999999997,58.74,60.260000000000005,57.67,53.64,57.58,0.55,12.16,-0.16,NA,NA,NA,nhl_team_stats_20251127.csv
2024,2025-11-28,29,Anaheim Ducks,NA,23,14,8,1.75,84,74,3.65,3.22,0.43000000000000005,30.52,11.97,29,46.1,80,16,20,79,20,74.7,94.7,100,250,3.4159999999999995,71.63,38.4,35.36,61.339999999999996,51.68,0.56,12.93,1.07,NA,NA,NA,nhl_team_stats_20251128.csv
2024,2025-11-28,11,Boston Bruins,NA,25,14,11,1.27,78,78,3.12,3.12,0,27.2,11.47,28,52.6,79,20,25.3,98,16,83.7,109,129,316,3.771,56.65,45.55,46.33,80.02,57.14,0.5,12.5,1.5,NA,NA,NA,nhl_team_stats_20251128.csv
2024,2025-11-28,15,Buffalo Sabres,NA,23,9,10,0.9,73,79,3.17,3.4299999999999997,-0.26,27.91,11.370000000000001,22,43.3,67,12,17.9,66,8,87.9,105.8,87,223,3.281,50.27,53.55,46.65,51.36,50.46,0.46,10.6,-1.6,NA,NA,NA,nhl_team_stats_20251128.csv
2024,2025-11-28,23,Calgary Flames,NA,25,8,14,0.5700000000000001,60,76,2.4,3.04,-0.64,29.6,8.11,19,48.8,87,11,12.6,85,16,81.2,93.8,114,319,3.7430000000000003,18.23,47.3,48.82,72.38,46.68,0.38,9.6,-1.6,NA,NA,NA,nhl_team_stats_20251128.csv
2024,2025-11-28,3,Carolina Hurricanes,NA,23,14,7,2,80,68,3.48,2.96,0.52,33.87,10.27,30,49.9,67,10,14.9,70,15,78.6,93.5,89,194,2.847,61.379999999999995,50.44,50.9,45.46,52.04,0.58,13.350000000000001,0.65,NA,NA,NA,nhl_team_stats_20251128.csv
2024,2025-11-28,20,Chicago Blackhawks,NA,23,10,8,1.25,72,65,3.13,2.8299999999999996,0.3,25.39,12.33,25,47.2,66,15,22.7,82,14,82.9,105.6,106,287,3.58,53.32,59.71,56.44,43.28,53.190000000000005,0.55,12.65,-2.65,NA,NA,NA,nhl_team_stats_20251128.csv
2024,2025-11-28,22,Colorado Avalanche,NA,23,17,1,17,94,48,4.09,2.09,2,33.48,12.209999999999999,39,49.1,87,14,16.1,73,9,87.7,103.8,84,180,2.3779999999999997,84.24000000000001,88.59,86.94000000000001,33.28,73.26,0.7899999999999999,18.24,-1.24,NA,NA,NA,nhl_team_stats_20251128.csv
2024,2025-11-28,19,Columbus Blue Jackets,NA,24,11,9,1.22,70,77,2.92,3.21,-0.29000000000000004,30.62,9.52,26,50.4,56,9,16.1,59,15,74.6,90.7,76,181,2.754,40.13,40.790000000000006,44.04,33.78,39.68,0.45,10.870000000000001,0.13,NA,NA,NA,nhl_team_stats_20251128.csv
2024,2025-11-28,27,Dallas Stars,NA,24,15,5,3,83,65,3.46,2.71,0.75,25.88,13.370000000000001,34,53.1,79,25,31.6,75,17,77.3,108.9,89,224,2.948,76.36999999999999,49.92,56.77,44.18,56.809999999999995,0.62,14.870000000000001,0.13,NA,NA,NA,nhl_team_stats_20251128.csv
2024,2025-11-28,16,Detroit Red Wings,NA,24,13,10,1.3,72,80,3,3.3299999999999996,-0.32999999999999996,30.21,9.93,27,52.7,78,18,23.1,68,13,80.9,104,92,246,3.367,51.54,40.3,43.14,40.03,43.760000000000005,0.45,10.75,2.25,NA,NA,NA,nhl_team_stats_20251128.csv
2024,2025-11-28,24,Edmonton Oilers,NA,25,10,10,1,77,93,3.08,3.72,-0.64,28.32,10.88,25,52.4,60,17,28.3,65,14,78.5,106.8,80,185,2.9519999999999995,57.51,30.150000000000002,30.36,27.37,36.349999999999994,0.41000000000000003,10.17,-0.17,NA,NA,NA,nhl_team_stats_20251128.csv
2024,2025-11-28,4,Florida Panthers,NA,23,12,10,1.2,72,71,3.13,3.09,0.04,28.57,10.96,25,48.1,85,17,20,77,16,79.2,99.2,101,227,3.175,52.43,48.24,45.36,82.5,57.13,0.51,11.65,0.35,NA,NA,NA,nhl_team_stats_20251128.csv
2024,2025-11-28,28,Los Angeles Kings,NA,23,11,6,1.83,62,60,2.7,2.61,0.09,29.04,9.28,28,48.9,72,11,15.3,74,14,81.1,96.4,79,173,2.5389999999999997,31.14,62.7,63.3,37.3,48.61,0.52,11.89,-0.89,NA,NA,NA,nhl_team_stats_20251128.csv
2024,2025-11-28,25,Minnesota Wild,NA,24,13,7,1.86,72,67,3,2.79,0.21000000000000002,27.71,10.83,30,47.7,86,22,25.6,58,13,77.6,103.2,69,172,2.502,53.52,59.06,59.98,53.449999999999996,56.5,0.54,12.870000000000001,0.13,NA,NA,NA,nhl_team_stats_20251128.csv
2024,2025-11-28,14,Montreal Canadiens,NA,22,12,7,1.71,76,77,3.4499999999999997,3.5,-0.05,25.14,13.739999999999998,27,50.8,65,15,23.1,75,18,76,99.1,106,263,3.74,66.06,31.77,28.39,62.06,47.07,0.49,10.84,1.1600000000000001,NA,NA,NA,nhl_team_stats_20251128.csv
2024,2025-11-28,18,Nashville Predators,NA,23,7,12,0.58,58,84,2.52,3.65,-1.1300000000000001,27.959999999999997,9.02,18,52.6,72,12,16.7,67,13,80.6,97.3,82,173,2.925,25.51,38.86,32.36,40.01,34.18,0.32,7.42,-0.42000000000000004,NA,NA,NA,nhl_team_stats_20251128.csv
2024,2025-11-28,7,New Jersey Devils,NA,23,15,7,2.14,72,69,3.13,3,0.13,29.52,10.6,31,49.2,58,14,24.1,68,12,82.4,106.5,77,167,2.603,55.660000000000004,61.160000000000004,54.11,48.720000000000006,54.91,0.52,11.99,3.01,NA,NA,NA,nhl_team_stats_20251128.csv
2024,2025-11-28,8,New York Islanders,NA,24,13,9,1.44,72,67,3,2.79,0.21000000000000002,29.38,10.209999999999999,28,52,78,10,12.8,71,12,83.1,95.9,92,247,3.16,39.54,57.91,61.4,49.64,52.120000000000005,0.54,12.870000000000001,0.13,NA,NA,NA,nhl_team_stats_20251128.csv
2024,2025-11-28,9,New York Rangers,NA,25,12,11,1.09,65,64,2.6,2.56,0.04,25.959999999999997,10.02,26,53.8,56,11,19.6,70,15,78.6,98.2,86,195,2.554,29.310000000000002,62.05,65.14999999999999,71.02,56.879999999999995,0.51,12.69,-0.69,NA,NA,NA,nhl_team_stats_20251128.csv
2024,2025-11-28,13,Ottawa Senators,NA,23,12,7,1.71,75,74,3.2600000000000002,3.22,0.04,26.43,12.34,28,58.4,74,17,23,65,20,69.2,92.2,89,206,3.034,59.2,29.939999999999998,35.36,60.92,46.349999999999994,0.51,11.639999999999999,0.36,NA,NA,NA,nhl_team_stats_20251128.csv
2024,2025-11-28,6,Philadelphia Flyers,NA,22,12,7,1.71,64,61,2.9099999999999997,2.77,0.14,24.55,11.850000000000001,27,48.1,59,10,16.9,65,9,86.2,103.1,90,241,3.278,38.32,64.19,65.13,59.03,56.67,0.52,11.54,0.46,NA,NA,NA,nhl_team_stats_20251128.csv
2024,2025-11-28,10,Pittsburgh Penguins,NA,22,11,6,1.83,67,57,3.05,2.59,0.46,26.82,11.360000000000001,27,49.7,51,16,31.4,61,9,85.2,116.6,71,182,2.654,58.849999999999994,72.91000000000001,70.75,21.25,55.94,0.58,12.78,-1.78,NA,NA,NA,nhl_team_stats_20251128.csv
2024,2025-11-28,26,San Jose Sharks,NA,24,11,10,1.1,68,77,2.8299999999999996,3.21,-0.38,24.29,11.66,25,48.1,86,15,17.4,80,16,80,97.4,89,203,2.953,36.879999999999995,46.290000000000006,42.61,47.260000000000005,43.260000000000005,0.44,10.5,0.5,NA,NA,NA,nhl_team_stats_20251128.csv
2024,2025-11-28,143,Seattle Kraken,NA,23,11,6,1.83,59,59,2.57,2.57,0,24.3,10.55,28,45.2,66,12,18.2,62,18,71,89.2,73,171,2.483,26.759999999999998,51.790000000000006,58.6,30.650000000000002,41.949999999999996,0.5,11.5,-0.5,NA,NA,NA,nhl_team_stats_20251128.csv
2024,2025-11-28,17,St. Louis Blues,NA,24,7,10,0.7,63,86,2.62,3.58,-0.96,25.419999999999998,10.33,21,50.7,61,14,23,58,15,74.1,97.1,66,154,2.677,33.92,31.75,32.5,54.14,38.08,0.35,8.370000000000001,-1.37,NA,NA,NA,nhl_team_stats_20251128.csv
2024,2025-11-28,1,Tampa Bay Lightning,NA,23,14,7,2,74,61,3.22,2.65,0.5700000000000001,26.130000000000003,12.31,30,45.6,73,12,16.4,77,9,88.3,104.7,109,283,3.501,50.220000000000006,69.16,69.48,57.01,61.47,0.6,13.709999999999999,0.29000000000000004,NA,NA,NA,nhl_team_stats_20251128.csv
2024,2025-11-28,12,Toronto Maple Leafs,NA,23,10,10,1,76,83,3.3,3.61,-0.31,27.610000000000003,11.97,23,56.4,60,9,15,68,13,80.9,95.9,85,198,3.135,51.47,36.91,33.61,63.17,46.290000000000006,0.46,10.47,-0.47000000000000003,NA,NA,NA,nhl_team_stats_20251128.csv
2024,2025-11-28,30,Utah Mammoth,NA,24,12,9,1.33,74,72,3.08,3,0.08,29.04,10.62,27,46.5,68,10,14.7,65,12,81.5,96.2,91,218,2.9699999999999998,43.97,57.379999999999995,54.86,29.74,46.49,0.51,12.32,-0.32,NA,NA,NA,nhl_team_stats_20251128.csv
2024,2025-11-28,21,Vancouver Canucks,NA,24,10,12,0.8300000000000001,76,90,3.17,3.75,-0.58,26.71,11.860000000000001,22,47.5,80,19,23.8,81,24,70.4,94.2,101,235,3.448,56.93,13.04,14.38,59.83,36.05,0.42000000000000004,10,0,NA,NA,NA,nhl_team_stats_20251128.csv
2024,2025-11-28,142,Vegas Golden Knights,NA,23,10,5,2,71,67,3.09,2.9099999999999997,0.18,30.130000000000003,10.25,28,54,79,19,24.1,61,12,80.3,104.4,76,172,2.6319999999999997,56.08,55.71,56.92,41.32,52.51,0.53,12.19,-2.19,NA,NA,NA,nhl_team_stats_20251128.csv
2024,2025-11-28,5,Washington Capitals,NA,24,13,9,1.44,80,64,3.3299999999999996,2.67,0.6599999999999999,29.959999999999997,11.129999999999999,28,48,72,11,15.3,75,21,72,87.3,97,228,2.9579999999999997,54.220000000000006,44.230000000000004,52.32,44.89,48.91,0.61,14.61,-1.61,NA,NA,NA,nhl_team_stats_20251128.csv
2024,2025-11-28,2,Winnipeg Jets,NA,22,12,10,1.2,70,63,3.18,2.86,0.32,27.05,11.76,24,53,67,17,25.4,76,12,84.2,109.6,89,213,3.0549999999999997,58.74,60.260000000000005,57.67,53.64,57.58,0.55,12.16,-0.16,NA,NA,NA,nhl_team_stats_20251128.csv
2024,2025-11-30,29,Anaheim Ducks,NA,24,15,8,1.8800000000000001,89,78,3.71,3.25,0.46,30.54,12.139999999999999,31,46.2,82,17,20.7,80,20,75,95.7,101,252,3.3539999999999996,74.09,37.54,34.82,60.620000000000005,51.77,0.5700000000000001,13.58,1.42,NA,NA,NA,nhl_team_stats_20251130.csv
2024,2025-11-30,11,Boston Bruins,NA,27,15,12,1.25,83,86,3.07,3.19,-0.12000000000000001,26.67,11.53,30,52.1,82,21,25.6,106,18,83,108.6,138,339,3.779,54.98,42.06,42.64,81.27,55.24,0.48000000000000004,12.98,2.02,NA,NA,NA,nhl_team_stats_20251130.csv
2024,2025-11-30,15,Buffalo Sabres,NA,25,10,11,0.91,76,86,3.04,3.44,-0.4,28.64,10.61,24,43.4,72,12,16.7,70,8,88.6,105.3,92,236,3.233,44.47,54.51,46.59,51.809999999999995,49.339999999999996,0.44,10.96,-0.96,NA,NA,NA,nhl_team_stats_20251130.csv
2024,2025-11-30,23,Calgary Flames,NA,26,9,14,0.64,65,79,2.5,3.04,-0.54,29.77,8.4,21,49,89,12,13.5,87,16,81.6,95.1,116,323,3.675,23.14,47.77,49.37,72.43,48.18,0.4,10.49,-1.49,NA,NA,NA,nhl_team_stats_20251130.csv
2024,2025-11-30,3,Carolina Hurricanes,NA,24,15,7,2.14,85,69,3.54,2.88,0.6599999999999999,33.92,10.44,32,49.7,71,10,14.1,72,15,79.2,93.3,93,202,2.8109999999999995,62.260000000000005,53.53,54.290000000000006,44.660000000000004,53.690000000000005,0.6,14.44,0.56,NA,NA,NA,nhl_team_stats_20251130.csv
2024,2025-11-30,20,Chicago Blackhawks,NA,24,10,9,1.11,75,69,3.12,2.88,0.24000000000000002,25.459999999999997,12.27,25,46.8,70,16,22.9,84,14,83.3,106.2,109,293,3.547,53.379999999999995,59.37,55.760000000000005,43.08,52.9,0.54,12.96,-2.96,NA,NA,NA,nhl_team_stats_20251130.csv
2024,2025-11-30,22,Colorado Avalanche,NA,25,18,1,18,103,52,4.119999999999999,2.08,2.04,33.879999999999995,12.16,42,49.7,92,15,16.3,76,10,86.8,103.1,88,188,2.3099999999999996,84.98,90.02,88.49000000000001,30.02,73.38,0.8,19.919999999999998,-1.92,NA,NA,NA,nhl_team_stats_20251130.csv
2024,2025-11-30,19,Columbus Blue Jackets,NA,25,11,9,1.22,73,81,2.92,3.24,-0.32,30.56,9.55,27,50.4,58,9,15.5,61,15,75.4,90.9,78,185,2.738,39.49,40.809999999999995,43.33,36.290000000000006,39.98,0.45,11.2,-0.2,NA,NA,NA,nhl_team_stats_20251130.csv
2024,2025-11-30,27,Dallas Stars,NA,25,16,5,3.2,87,68,3.48,2.72,0.76,25.959999999999997,13.41,36,53,84,27,32.1,77,17,77.9,110,91,228,2.907,77.89,50.839999999999996,57.620000000000005,43.56,57.48,0.62,15.52,0.48000000000000004,NA,NA,NA,nhl_team_stats_20251130.csv
2024,2025-11-30,16,Detroit Red Wings,NA,26,13,11,1.1800000000000002,77,88,2.96,3.38,-0.42000000000000004,30.27,9.78,28,52.5,84,18,21.4,71,15,78.9,100.3,98,261,3.3419999999999996,48.349999999999994,35.15,39.54,41.1,41.03,0.43000000000000005,11.29,1.71,NA,NA,NA,nhl_team_stats_20251130.csv
2024,2025-11-30,24,Edmonton Oilers,NA,26,11,10,1.1,81,93,3.12,3.58,-0.46,28.19,11.05,27,52.1,62,19,30.6,71,14,80.3,110.9,89,217,3.084,61.349999999999994,34.32,34.32,30.830000000000002,40.2,0.43000000000000005,11.219999999999999,-0.22,NA,NA,NA,nhl_team_stats_20251130.csv
2024,2025-11-30,4,Florida Panthers,NA,24,12,11,1.09,75,76,3.12,3.17,-0.05,29.04,10.76,25,48.1,87,17,19.5,79,17,78.5,98,103,231,3.157,51.71,44.730000000000004,41.83,83.07,55.339999999999996,0.49,11.81,0.19,NA,NA,NA,nhl_team_stats_20251130.csv
2024,2025-11-30,28,Los Angeles Kings,NA,25,12,6,2,68,65,2.72,2.6,0.12000000000000001,28.72,9.47,31,48.9,77,11,14.3,79,15,81,95.3,84,183,2.4909999999999997,30.7,64.01,64.38,35.220000000000006,48.58,0.52,13.06,-1.06,NA,NA,NA,nhl_team_stats_20251130.csv
2024,2025-11-30,25,Minnesota Wild,NA,26,14,7,2,77,71,2.96,2.73,0.23,27.919999999999998,10.61,33,47.7,90,22,24.4,62,13,79,103.4,73,180,2.429,50.82,63.809999999999995,63.61,51.93,57.54,0.54,14.05,-0.05,NA,NA,NA,nhl_team_stats_20251130.csv
2024,2025-11-30,14,Montreal Canadiens,NA,24,13,8,1.62,82,85,3.42,3.54,-0.12000000000000001,24.79,13.78,29,50.1,68,16,23.5,80,19,76.2,99.7,113,277,3.674,65.06,30.01,26.75,62.63,46.11,0.48000000000000004,11.59,1.41,NA,NA,NA,nhl_team_stats_20251130.csv
2024,2025-11-30,18,Nashville Predators,NA,25,8,13,0.62,64,92,2.56,3.68,-1.12,27.759999999999998,9.219999999999999,20,52.8,78,13,16.7,75,14,81.3,98,92,198,3.0149999999999997,27.07,37.720000000000006,30.27,41.160000000000004,34.06,0.32999999999999996,8.15,-0.15000000000000002,NA,NA,NA,nhl_team_stats_20251130.csv
2024,2025-11-30,7,New Jersey Devils,NA,25,16,8,2,80,74,3.2,2.96,0.24000000000000002,29.36,10.9,33,49.7,63,15,23.8,72,12,83.3,107.1,83,182,2.59,57.75,64.11999999999999,56.75,48.220000000000006,56.71,0.54,13.47,2.53,NA,NA,NA,nhl_team_stats_20251130.csv
2024,2025-11-30,8,New York Islanders,NA,25,13,9,1.44,75,70,3,2.8,0.2,29.439999999999998,10.19,29,52.1,83,11,13.3,73,13,82.2,95.5,94,251,3.1119999999999997,40.160000000000004,56.6,60.61,49.97,51.839999999999996,0.53,13.360000000000001,-0.36,NA,NA,NA,nhl_team_stats_20251130.csv
2024,2025-11-30,9,New York Rangers,NA,27,13,12,1.08,72,70,2.67,2.59,0.08,25.85,10.32,28,54.2,61,13,21.3,73,15,79.5,100.8,90,203,2.508,33.94,63.87,66.27,70.9,58.74,0.52,13.91,-0.91,NA,NA,NA,nhl_team_stats_20251130.csv
2024,2025-11-30,13,Ottawa Senators,NA,24,12,8,1.5,78,78,3.25,3.25,0,26.5,12.26,28,58.1,75,17,22.7,68,20,70.6,93.3,94,216,3.054,58.349999999999994,30.12,34.82,60.61,45.97,0.5,12,0,NA,NA,NA,nhl_team_stats_20251130.csv
2024,2025-11-30,6,Philadelphia Flyers,NA,24,14,7,2,73,67,3.04,2.79,0.25,24.67,12.33,31,47.9,63,11,17.5,74,11,85.1,102.6,99,261,3.2680000000000002,43.98,62.47,63.1,58.78,57.08,0.54,13.03,0.97,NA,NA,NA,nhl_team_stats_20251130.csv
2024,2025-11-30,10,Pittsburgh Penguins,NA,24,12,7,1.71,73,67,3.04,2.79,0.25,27.04,11.25,29,49.6,56,17,30.4,66,10,84.8,115.2,78,196,2.725,57.790000000000006,65.8,64.56,21.68,52.46,0.54,13.03,-1.03,NA,NA,NA,nhl_team_stats_20251130.csv
2024,2025-11-30,26,San Jose Sharks,NA,26,12,11,1.09,74,83,2.8499999999999996,3.19,-0.33999999999999997,24.150000000000002,11.78,27,48.3,93,18,19.4,89,17,80.9,100.3,102,229,3.0119999999999996,40.02,47.53,43.09,48.21,44.71,0.44,11.54,0.46,NA,NA,NA,nhl_team_stats_20251130.csv
2024,2025-11-30,143,Seattle Kraken,NA,24,11,7,1.57,59,63,2.46,2.62,-0.16,24.38,10.09,28,45.7,72,12,16.7,64,20,68.8,85.5,78,195,2.64,21.57,45.89,55.53,32.67,38.92,0.47000000000000003,11.239999999999998,-0.24000000000000002,NA,NA,NA,nhl_team_stats_20251130.csv
2024,2025-11-30,17,St. Louis Blues,NA,26,9,10,0.9,68,89,2.62,3.42,-0.8,25.38,10.3,25,50.4,66,14,21.2,61,15,75.4,96.6,72,177,2.691,32.17,36.71,38.230000000000004,54.27,40.339999999999996,0.37,9.62,-0.62,NA,NA,NA,nhl_team_stats_20251130.csv
2024,2025-11-30,1,Tampa Bay Lightning,NA,25,16,7,2.29,84,65,3.36,2.6,0.76,26.56,12.65,34,45.6,76,13,17.1,80,9,88.8,105.9,113,291,3.3459999999999996,56.03,73.07,72.8,54.33,64.06,0.63,15.639999999999999,0.36,NA,NA,NA,nhl_team_stats_20251130.csv
2024,2025-11-30,12,Toronto Maple Leafs,NA,25,11,11,1,85,89,3.4,3.56,-0.16,27.2,12.5,25,56.3,63,10,15.9,73,14,80.8,96.7,92,212,3.088,55.660000000000004,37.36,34.220000000000006,62.449999999999996,47.42,0.48000000000000004,11.93,-0.93,NA,NA,NA,nhl_team_stats_20251130.csv
2024,2025-11-30,30,Utah Mammoth,NA,26,12,11,1.09,77,77,2.96,2.96,0,28.650000000000002,10.34,27,46.9,72,10,13.9,72,14,80.6,94.5,97,232,2.9219999999999997,38.48,57.260000000000005,54.7,30.86,45.33,0.5,13,-1,NA,NA,NA,nhl_team_stats_20251130.csv
2024,2025-11-30,21,Vancouver Canucks,NA,26,10,13,0.77,79,95,3.04,3.65,-0.61,26.73,11.370000000000001,23,47.4,90,19,21.1,91,26,71.4,92.5,113,259,3.44,49.44,15.139999999999999,15.82,59,34.849999999999994,0.41000000000000003,10.65,-0.65,NA,NA,NA,nhl_team_stats_20251130.csv
2024,2025-11-30,142,Vegas Golden Knights,NA,25,11,6,1.83,76,74,3.04,2.96,0.08,29.919999999999998,10.16,30,54.4,82,20,24.4,63,13,79.4,103.8,80,180,2.594,54.379999999999995,53.54,55.349999999999994,36.5,49.94,0.51,12.83,-1.83,NA,NA,NA,nhl_team_stats_20251130.csv
2024,2025-11-30,5,Washington Capitals,NA,25,14,9,1.56,84,66,3.36,2.64,0.72,30.12,11.16,30,47.7,74,11,14.9,75,21,72,86.9,97,228,2.868,54.63,45.24,54.64,43.379999999999995,49.47,0.62,15.46,-1.46,NA,NA,NA,nhl_team_stats_20251130.csv
2024,2025-11-30,2,Winnipeg Jets,NA,24,13,11,1.1800000000000002,76,70,3.17,2.92,0.25,26.38,12.01,26,53,73,17,23.3,84,13,84.5,107.8,101,240,3.14,55.92,59.08,55.9,58.5,57.349999999999994,0.54,12.98,0.02,NA,NA,NA,nhl_team_stats_20251130.csv
