season,snapshot_date,team_id,team,team_abbr,games_played,wins,losses,wl_ratio,gf,ga,gf_pg,ga_pg,gpg_diff,sf_pg,shot_pct,pts,fo_pct,pp,ppg,pp_pct,pk,pkga,pk_pct,st_pct,p,pim,unf_errors,off,def,goal,grit,balance,pyth_win_pct,pyth_wins,wins_above_expected,team_abbr_canon,division,conference,source_file
2024,2/1/2026,29,Anaheim Ducks,NA,54,28,23,1.22,177,190,3.28,3.52,-0.24,30.22,10.85,59,47,163,29,17.8,175,39,77.7,95.5,216,531,3.333,53.18,32.61,26.31,61.91,43.5,0.46,25.1,2.9,NA,NA,NA,nhl_team_stats_20260201.csv
2024,2/1/2026,11,Boston Bruins,NA,55,32,20,1.6,186,170,3.38,3.09,0.29,27.02,12.52,67,52,155,42,27.1,198,45,77.3,104.4,269,727,3.855,65.83,37.98,40.43,73.75,54.5,0.54,29.96,2.04,NA,NA,NA,nhl_team_stats_20260201.csv
2024,2/1/2026,15,Buffalo Sabres,NA,54,31,18,1.72,185,164,3.43,3.04,0.39,27.8,12.33,67,44.2,158,31,19.6,145,25,82.8,102.4,196,490,3.003,59.1,59.56,57.14,49.41,56.3,0.56,30.24,0.76,NA,NA,NA,nhl_team_stats_20260201.csv
2024,2/1/2026,23,Calgary Flames,NA,54,22,26,0.85,136,160,2.52,2.96,-0.44,29.06,8.67,50,49.3,166,26,15.7,157,27,82.8,98.5,228,662,3.598,24.2,59.33,58.98,72.58,53.77,0.42,22.69,-0.69,NA,NA,NA,nhl_team_stats_20260201.csv
2024,2/1/2026,3,Carolina Hurricanes,NA,54,33,15,2.2,188,155,3.48,2.87,0.61,31.91,10.91,72,50.5,165,36,21.8,150,29,80.7,102.5,193,437,2.738,65.82,61.2,61.24,47.98,59.06,0.6,32.14,0.86,NA,NA,NA,nhl_team_stats_20260201.csv
2024,2/1/2026,20,Chicago Blackhawks,NA,55,21,25,0.84,148,173,2.69,3.15,-0.46,24.96,10.78,51,47.3,154,30,19.5,169,25,85.2,104.7,212,535,3.169,31.67,61.21,52.87,37.72,45.87,0.42,23.19,-2.19,NA,NA,NA,nhl_team_stats_20260201.csv
2024,2/1/2026,22,Colorado Avalanche,NA,53,36,8,4.5,208,129,3.92,2.43,1.49,34.23,11.47,81,50.9,174,27,15.5,144,23,84,99.5,172,361,2.329,74.6,80.97,83.98,22.07,65.4,0.72,38.29,-2.29,NA,NA,NA,nhl_team_stats_20260201.csv
2024,2/1/2026,19,Columbus Blue Jackets,NA,54,27,20,1.35,172,176,3.19,3.26,-0.07,30.06,10.6,61,50.9,131,27,20.6,153,36,76.5,97.1,187,429,2.848,52.39,41.81,39.52,44.81,44.63,0.49,26.41,0.59,NA,NA,NA,nhl_team_stats_20260201.csv
2024,2/1/2026,27,Dallas Stars,NA,55,32,14,2.29,184,150,3.35,2.73,0.62,25.47,13.13,73,52,159,48,30.2,164,33,79.9,110.1,193,453,2.715,68.22,63.2,64.54,37.01,58.24,0.6,33.05,-1.05,NA,NA,NA,nhl_team_stats_20260201.csv
2024,2/1/2026,16,Detroit Red Wings,NA,56,32,18,1.78,171,168,3.05,3,0.05,28.38,10.76,70,51,175,41,23.4,146,30,79.5,102.9,185,431,2.71,51.19,54.63,55.83,26.04,46.92,0.51,28.46,3.54,NA,NA,NA,nhl_team_stats_20260201.csv
2024,2/1/2026,24,Edmonton Oilers,NA,56,28,20,1.4,193,182,3.45,3.25,0.2,29.75,11.58,64,52.4,149,48,32.2,154,33,78.6,110.8,192,520,3.121,74.79,42.73,43.12,37.5,49.54,0.53,29.67,-1.67,NA,NA,NA,nhl_team_stats_20260201.csv
2024,2/1/2026,4,Florida Panthers,NA,54,28,23,1.22,165,175,3.06,3.24,-0.18,28.76,10.62,59,47.3,192,36,18.8,186,32,82.8,101.6,258,596,3.484,46.74,47.43,43.41,81.48,54.76,0.47,25.46,2.54,NA,NA,NA,nhl_team_stats_20260201.csv
2024,2/1/2026,28,Los Angeles Kings,NA,53,23,17,1.35,141,144,2.66,2.72,-0.06,27.77,9.58,59,48.4,156,25,16,168,39,76.8,92.8,194,444,2.738,28.21,57.58,59.37,44.18,47.34,0.49,25.91,-2.91,NA,NA,NA,nhl_team_stats_20260201.csv
2024,2/1/2026,25,Minnesota Wild,NA,56,32,14,2.29,186,158,3.32,2.82,0.5,28.71,11.57,74,46.5,183,46,25.1,142,32,77.5,102.6,167,385,2.467,62.91,60.07,61.93,45.74,57.66,0.58,32.53,-0.53,NA,NA,NA,nhl_team_stats_20260201.csv
2024,2/1/2026,14,Montreal Canadiens,NA,55,31,17,1.82,191,178,3.47,3.24,0.23,26.35,13.18,69,50.6,158,38,24.1,177,41,76.8,100.9,240,574,3.349,65.45,37.56,37.12,64.38,51.13,0.53,29.38,1.62,NA,NA,NA,nhl_team_stats_20260201.csv
2024,2/1/2026,18,Nashville Predators,NA,54,25,23,1.09,156,183,2.89,3.39,-0.5,28.48,10.14,56,51.3,161,34,21.1,160,30,81.2,102.3,206,463,3.025,42.68,46.58,38.62,44.21,43.02,0.42,22.73,2.27,NA,NA,NA,nhl_team_stats_20260201.csv
2024,2/1/2026,7,New Jersey Devils,NA,55,28,25,1.12,145,169,2.64,3.07,-0.43,29.51,8.93,58,50.6,139,30,21.6,139,30,78.4,100,169,397,2.626,34.72,53.75,52.49,39.1,45.01,0.43,23.38,4.62,NA,NA,NA,nhl_team_stats_20260201.csv
2024,2/1/2026,8,New York Islanders,NA,55,30,20,1.5,160,148,2.91,2.69,0.22,27.73,10.49,65,51.6,164,27,16.5,151,28,81.5,98,189,452,2.695,37.46,68.14,69.96,46.42,55.49,0.54,29.66,0.34,NA,NA,NA,nhl_team_stats_20260201.csv
2024,2/1/2026,9,New York Rangers,NA,56,22,28,0.79,151,178,2.7,3.18,-0.48,25.64,10.52,50,54.7,138,32,23.2,157,34,78.3,101.5,194,426,2.776,35.98,42.29,45.33,71.27,48.72,0.42,23.46,-1.46,NA,NA,NA,nhl_team_stats_20260201.csv
2024,2/1/2026,13,Ottawa Senators,NA,54,26,21,1.24,183,177,3.39,3.28,0.11,28.52,11.88,59,54.9,177,41,23.2,161,44,72.7,95.9,224,545,3.292,62.88,27.57,32.59,68.86,47.98,0.52,27.89,-1.89,NA,NA,NA,nhl_team_stats_20260201.csv
2024,2/1/2026,6,Philadelphia Flyers,NA,54,24,20,1.2,162,173,3,3.2,-0.2,25.89,11.59,58,49.3,156,25,16,169,36,78.7,94.7,224,565,3.346,39.13,41.86,42.04,67.1,47.53,0.47,25.26,-1.26,NA,NA,NA,nhl_team_stats_20260201.csv
2024,2/1/2026,10,Pittsburgh Penguins,NA,53,28,14,2,181,152,3.42,2.87,0.55,29.11,11.73,67,50.4,140,38,27.1,148,25,83.1,110.2,178,411,2.677,67.49,65.6,63.93,28.75,56.44,0.59,31.1,-3.1,NA,NA,NA,nhl_team_stats_20260201.csv
2024,2/1/2026,26,San Jose Sharks,NA,53,27,22,1.23,166,182,3.13,3.43,-0.3,25.45,12.31,58,47.5,179,38,21.2,163,36,77.9,99.1,197,444,3.034,50.67,32.2,31.86,44.54,39.82,0.45,24.08,2.92,NA,NA,NA,nhl_team_stats_20260201.csv
2024,2/1/2026,143,Seattle Kraken,NA,54,26,19,1.37,156,155,2.89,2.87,0.02,25.37,11.39,61,47.5,153,35,22.9,149,43,71.1,94,176,413,2.669,43.05,37.31,50.58,30.01,40.24,0.5,27.19,-1.19,NA,NA,NA,nhl_team_stats_20260201.csv
2024,2/1/2026,17,St. Louis Blues,NA,55,20,26,0.77,138,189,2.51,3.44,-0.93,25,10.04,49,50.1,147,26,17.7,151,40,73.5,91.2,183,434,2.915,22.88,27.77,29.46,62.16,35.57,0.35,19.11,0.89,NA,NA,NA,nhl_team_stats_20260201.csv
2024,2/1/2026,1,Tampa Bay Lightning,NA,52,34,14,2.43,183,129,3.52,2.48,1.04,27.67,12.72,72,46.7,158,34,21.5,160,25,84.4,105.9,252,690,3.616,64.64,77.32,79.95,55.02,69.23,0.67,34.75,-0.75,NA,NA,NA,nhl_team_stats_20260201.csv
2024,2/1/2026,12,Toronto Maple Leafs,NA,55,25,21,1.19,179,189,3.25,3.44,-0.19,27.42,11.87,59,56.1,131,23,17.6,138,23,83.3,100.9,174,389,2.756,49.67,47.95,42.17,54.75,48.64,0.47,25.94,-0.94,NA,NA,NA,nhl_team_stats_20260201.csv
2024,2/1/2026,30,Utah Mammoth,NA,55,28,23,1.22,173,154,3.15,2.8,0.35,27.98,11.24,60,49,151,23,15.2,166,36,78.3,93.5,211,495,2.871,44.03,61.95,59.35,44.26,52.4,0.56,30.72,-2.72,NA,NA,NA,nhl_team_stats_20260201.csv
2024,2/1/2026,21,Vancouver Canucks,NA,55,18,31,0.58,145,197,2.64,3.58,-0.94,27,9.76,42,48.6,166,32,19.3,165,49,70.3,89.6,204,453,3.052,30.94,13.01,16.85,54.56,28.84,0.35,19.37,-1.37,NA,NA,NA,nhl_team_stats_20260201.csv
2024,2/1/2026,142,Vegas Golden Knights,NA,54,25,15,1.67,179,166,3.31,3.07,0.24,28.89,11.47,64,50.6,159,41,25.8,123,24,80.5,106.3,156,366,2.555,62.86,55.37,56.64,42.04,54.23,0.54,29.03,-4.03,NA,NA,NA,nhl_team_stats_20260201.csv
2024,2/1/2026,5,Washington Capitals,NA,56,27,22,1.23,179,165,3.2,2.95,0.25,29.23,10.93,61,49.7,164,27,16.5,181,39,78.5,95,222,525,3.037,48.15,49.72,51.33,40.49,47.42,0.54,30.27,-3.27,NA,NA,NA,nhl_team_stats_20260201.csv
2024,2/1/2026,2,Winnipeg Jets,NA,54,22,25,0.88,156,164,2.89,3.04,-0.15,26.04,11.1,51,50.7,148,28,18.9,160,33,79.4,98.3,195,473,2.928,38.46,53.74,51.05,59.91,50.79,0.47,25.63,-3.63,NA,NA,NA,nhl_team_stats_20260201.csv
2024,2/2/2026,29,Anaheim Ducks,NA,55,29,23,1.26,181,193,3.29,3.51,-0.22,30.09,10.94,61,47.1,165,30,18.2,177,39,78,96.2,218,535,3.308,53.76,33.77,27.19,61.91,44.16,0.47,25.72,3.28,NA,NA,NA,nhl_team_stats_20260202.csv
2024,2/2/2026,11,Boston Bruins,NA,56,32,20,1.6,191,175,3.41,3.12,0.29,27.14,12.57,68,51.8,158,43,27.2,206,48,76.7,103.9,280,752,3.909,66.73,35.59,37.77,73.84,53.49,0.54,30.48,1.52,NA,NA,NA,nhl_team_stats_20260202.csv
2024,2/2/2026,15,Buffalo Sabres,NA,54,31,18,1.72,185,164,3.43,3.04,0.39,27.8,12.33,67,44.2,158,31,19.6,145,25,82.8,102.4,196,490,3.003,58.87,59.75,57.25,49.43,56.33,0.56,30.24,0.76,NA,NA,NA,nhl_team_stats_20260202.csv
2024,2/2/2026,23,Calgary Flames,NA,54,22,26,0.85,136,160,2.52,2.96,-0.44,29.06,8.67,50,49.3,166,26,15.7,157,27,82.8,98.5,228,662,3.598,24.39,59.6,59.15,72.51,53.91,0.42,22.69,-0.69,NA,NA,NA,nhl_team_stats_20260202.csv
2024,2/2/2026,3,Carolina Hurricanes,NA,55,34,15,2.27,191,157,3.47,2.85,0.62,31.95,10.87,74,50.5,169,37,21.9,152,29,80.9,102.8,198,447,2.737,65.4,62.62,62.72,47.19,59.49,0.6,32.84,1.16,NA,NA,NA,nhl_team_stats_20260202.csv
2024,2/2/2026,20,Chicago Blackhawks,NA,55,21,25,0.84,148,173,2.69,3.15,-0.46,24.96,10.78,51,47.3,154,30,19.5,169,25,85.2,104.7,212,535,3.169,31.77,61.38,52.91,37.68,45.94,0.42,23.19,-2.19,NA,NA,NA,nhl_team_stats_20260202.csv
2024,2/2/2026,22,Colorado Avalanche,NA,53,36,8,4.5,208,129,3.92,2.43,1.49,34.23,11.47,81,50.9,174,27,15.5,144,23,84,99.5,172,361,2.329,74.18,81.35,84.42,22.11,65.52,0.72,38.29,-2.29,NA,NA,NA,nhl_team_stats_20260202.csv
2024,2/2/2026,19,Columbus Blue Jackets,NA,54,27,20,1.35,172,176,3.19,3.26,-0.07,30.06,10.6,61,50.9,131,27,20.6,153,36,76.5,97.1,187,429,2.848,52.26,41.86,39.57,44.86,44.64,0.49,26.41,0.59,NA,NA,NA,nhl_team_stats_20260202.csv
2024,2/2/2026,27,Dallas Stars,NA,55,32,14,2.29,184,150,3.35,2.73,0.62,25.47,13.13,73,52,159,48,30.2,164,33,79.9,110.1,193,453,2.715,67.93,63.47,64.87,37.03,58.32,0.6,33.05,-1.05,NA,NA,NA,nhl_team_stats_20260202.csv
2024,2/2/2026,16,Detroit Red Wings,NA,56,32,18,1.78,171,168,3.05,3,0.05,28.38,10.76,70,51,175,41,23.4,146,30,79.5,102.9,185,431,2.71,51.08,54.79,55.99,26.06,46.98,0.51,28.46,3.54,NA,NA,NA,nhl_team_stats_20260202.csv
2024,2/2/2026,24,Edmonton Oilers,NA,56,28,20,1.4,193,182,3.45,3.25,0.2,29.75,11.58,64,52.4,149,48,32.2,154,33,78.6,110.8,192,520,3.121,74.44,42.82,43.15,37.49,49.48,0.53,29.67,-1.67,NA,NA,NA,nhl_team_stats_20260202.csv
2024,2/2/2026,4,Florida Panthers,NA,54,28,23,1.22,165,175,3.06,3.24,-0.18,28.76,10.62,59,47.3,192,36,18.8,186,32,82.8,101.6,258,596,3.484,46.67,47.57,43.45,81.44,54.78,0.47,25.46,2.54,NA,NA,NA,nhl_team_stats_20260202.csv
2024,2/2/2026,28,Los Angeles Kings,NA,54,23,17,1.35,143,147,2.65,2.72,-0.07,27.5,9.63,60,48.4,158,25,15.8,172,40,76.7,92.5,201,458,2.758,27.54,57.57,59.56,44.84,47.38,0.49,26.3,-3.3,NA,NA,NA,nhl_team_stats_20260202.csv
2024,2/2/2026,25,Minnesota Wild,NA,56,32,14,2.29,186,158,3.32,2.82,0.5,28.71,11.57,74,46.5,183,46,25.1,142,32,77.5,102.6,167,385,2.467,62.67,60.27,62.2,45.82,57.74,0.58,32.53,-0.53,NA,NA,NA,nhl_team_stats_20260202.csv
2024,2/2/2026,14,Montreal Canadiens,NA,55,31,17,1.82,191,178,3.47,3.24,0.23,26.35,13.18,69,50.6,158,38,24.1,177,41,76.8,100.9,240,574,3.349,65.17,37.65,37.21,64.35,51.1,0.53,29.38,1.62,NA,NA,NA,nhl_team_stats_20260202.csv
2024,2/2/2026,18,Nashville Predators,NA,54,25,23,1.09,156,183,2.89,3.39,-0.5,28.48,10.14,56,51.3,161,34,21.1,160,30,81.2,102.3,206,463,3.025,42.67,46.62,38.56,44.22,43.02,0.42,22.73,2.27,NA,NA,NA,nhl_team_stats_20260202.csv
2024,2/2/2026,7,New Jersey Devils,NA,55,28,25,1.12,145,169,2.64,3.07,-0.43,29.51,8.93,58,50.6,139,30,21.6,139,30,78.4,100,169,397,2.626,34.81,53.87,52.61,39.16,45.11,0.43,23.38,4.62,NA,NA,NA,nhl_team_stats_20260202.csv
2024,2/2/2026,8,New York Islanders,NA,55,30,20,1.5,160,148,2.91,2.69,0.22,27.73,10.49,65,51.6,164,27,16.5,151,28,81.5,98,189,452,2.695,37.48,68.44,70.28,46.48,55.67,0.54,29.66,0.34,NA,NA,NA,nhl_team_stats_20260202.csv
2024,2/2/2026,9,New York Rangers,NA,56,22,28,0.79,151,178,2.7,3.18,-0.48,25.64,10.52,50,54.7,138,32,23.2,157,34,78.3,101.5,194,426,2.776,36.05,42.37,45.41,71.34,48.79,0.42,23.46,-1.46,NA,NA,NA,nhl_team_stats_20260202.csv
2024,2/2/2026,13,Ottawa Senators,NA,54,26,21,1.24,183,177,3.39,3.28,0.11,28.52,11.88,59,54.9,177,41,23.2,161,44,72.7,95.9,224,545,3.292,62.63,27.62,32.68,68.84,47.94,0.52,27.89,-1.89,NA,NA,NA,nhl_team_stats_20260202.csv
2024,2/2/2026,6,Philadelphia Flyers,NA,54,24,20,1.2,162,173,3,3.2,-0.2,25.89,11.59,58,49.3,156,25,16,169,36,78.7,94.7,224,565,3.346,39.13,41.98,42.13,67.07,47.58,0.47,25.26,-1.26,NA,NA,NA,nhl_team_stats_20260202.csv
2024,2/2/2026,10,Pittsburgh Penguins,NA,53,28,14,2,181,152,3.42,2.87,0.55,29.11,11.73,67,50.4,140,38,27.1,148,25,83.1,110.2,178,411,2.677,67.21,65.83,64.14,28.78,56.49,0.59,31.1,-3.1,NA,NA,NA,nhl_team_stats_20260202.csv
2024,2/2/2026,26,San Jose Sharks,NA,53,27,22,1.23,166,182,3.13,3.43,-0.3,25.45,12.31,58,47.5,179,38,21.2,163,36,77.9,99.1,197,444,3.034,50.54,32.19,31.82,44.56,39.78,0.45,24.08,2.92,NA,NA,NA,nhl_team_stats_20260202.csv
2024,2/2/2026,143,Seattle Kraken,NA,54,26,19,1.37,156,155,2.89,2.87,0.02,25.37,11.39,61,47.5,153,35,22.9,149,43,71.1,94,176,413,2.669,43.03,37.46,50.91,30.03,40.36,0.5,27.19,-1.19,NA,NA,NA,nhl_team_stats_20260202.csv
2024,2/2/2026,17,St. Louis Blues,NA,55,20,26,0.77,138,189,2.51,3.44,-0.93,25,10.04,49,50.1,147,26,17.7,151,40,73.5,91.2,183,434,2.915,23.08,27.73,29.43,62.22,35.61,0.35,19.11,0.89,NA,NA,NA,nhl_team_stats_20260202.csv
2024,2/2/2026,1,Tampa Bay Lightning,NA,53,35,14,2.5,189,134,3.57,2.53,1.04,28.02,12.73,74,47,166,37,22.3,163,26,84,106.3,258,705,3.642,67.22,75.13,77.85,55.09,68.82,0.67,35.28,-0.28,NA,NA,NA,nhl_team_stats_20260202.csv
2024,2/2/2026,12,Toronto Maple Leafs,NA,55,25,21,1.19,179,189,3.25,3.44,-0.19,27.42,11.87,59,56.1,131,23,17.6,138,23,83.3,100.9,174,389,2.756,49.55,47.95,42.03,54.83,48.59,0.47,25.94,-0.94,NA,NA,NA,nhl_team_stats_20260202.csv
2024,2/2/2026,30,Utah Mammoth,NA,55,28,23,1.22,173,154,3.15,2.8,0.35,27.98,11.24,60,49,151,23,15.2,166,36,78.3,93.5,211,495,2.871,43.97,62.2,59.67,44.26,52.52,0.56,30.72,-2.72,NA,NA,NA,nhl_team_stats_20260202.csv
2024,2/2/2026,21,Vancouver Canucks,NA,55,18,31,0.58,145,197,2.64,3.58,-0.94,27,9.76,42,48.6,166,32,19.3,165,49,70.3,89.6,204,453,3.052,31.06,12.9,16.8,54.61,28.84,0.35,19.37,-1.37,NA,NA,NA,nhl_team_stats_20260202.csv
2024,2/2/2026,142,Vegas Golden Knights,NA,55,25,16,1.56,182,170,3.31,3.09,0.22,28.93,11.44,64,50.6,161,41,25.5,125,25,80,105.5,158,370,2.553,62.2,53.83,55.46,41.56,53.26,0.53,29.39,-4.39,NA,NA,NA,nhl_team_stats_20260202.csv
2024,2/2/2026,5,Washington Capitals,NA,56,27,22,1.23,179,165,3.2,2.95,0.25,29.23,10.93,61,49.7,164,27,16.5,181,39,78.5,95,222,525,3.037,48.05,49.91,51.57,40.45,47.5,0.54,30.27,-3.27,NA,NA,NA,nhl_team_stats_20260202.csv
2024,2/2/2026,2,Winnipeg Jets,NA,54,22,25,0.88,156,164,2.89,3.04,-0.15,26.04,11.1,51,50.7,148,28,18.9,160,33,79.4,98.3,195,473,2.928,38.48,53.9,51.21,59.94,50.88,0.47,25.63,-3.63,NA,NA,NA,nhl_team_stats_20260202.csv
2024,2/3/2026,29,Anaheim Ducks,NA,55,29,23,1.26,181,193,3.29,3.51,-0.22,30.09,10.94,61,47.1,165,30,18.2,177,39,78,96.2,218,535,3.308,53.87,34.29,27.82,62.25,44.56,0.47,25.72,3.28,NA,NA,NA,nhl_team_stats_20260203.csv
2024,2/3/2026,11,Boston Bruins,NA,56,32,20,1.6,191,175,3.41,3.12,0.29,27.14,12.57,68,51.8,158,43,27.2,206,48,76.7,103.9,280,752,3.909,66.97,35.72,38.02,74.47,53.79,0.54,30.48,1.52,NA,NA,NA,nhl_team_stats_20260203.csv
2024,2/3/2026,15,Buffalo Sabres,NA,55,32,18,1.78,190,167,3.45,3.04,0.41,27.65,12.49,69,44.3,161,32,19.9,149,26,82.6,102.5,200,498,2.999,60.09,59.13,56.78,49.51,56.38,0.56,30.96,1.04,NA,NA,NA,nhl_team_stats_20260203.csv
2024,2/3/2026,23,Calgary Flames,NA,55,22,27,0.81,138,164,2.51,2.98,-0.47,29.07,8.63,50,49.1,167,26,15.6,157,27,82.8,98.4,229,664,3.568,23.33,58.81,58.53,72.07,53.19,0.42,22.83,-0.83,NA,NA,NA,nhl_team_stats_20260203.csv
2024,2/3/2026,3,Carolina Hurricanes,NA,55,34,15,2.27,191,157,3.47,2.85,0.62,31.95,10.87,74,50.5,169,37,21.9,152,29,80.9,102.8,198,447,2.737,65.8,62.24,62.45,47.22,59.42,0.6,32.84,1.16,NA,NA,NA,nhl_team_stats_20260203.csv
2024,2/3/2026,20,Chicago Blackhawks,NA,56,22,25,0.88,154,176,2.75,3.14,-0.39,24.82,11.08,53,47.2,158,31,19.6,173,25,85.5,105.1,216,543,3.159,33.53,62.16,53.69,36.95,46.58,0.43,24.31,-2.31,NA,NA,NA,nhl_team_stats_20260203.csv
2024,2/3/2026,22,Colorado Avalanche,NA,54,36,9,4,208,131,3.85,2.43,1.42,33.98,11.34,81,50.9,176,27,15.3,146,23,84.2,99.5,175,375,2.354,72.13,80.75,83.92,22.98,64.94,0.72,38.62,-2.62,NA,NA,NA,nhl_team_stats_20260203.csv
2024,2/3/2026,19,Columbus Blue Jackets,NA,54,27,20,1.35,172,176,3.19,3.26,-0.07,30.06,10.6,61,50.9,131,27,20.6,153,36,76.5,97.1,187,429,2.848,52.32,42.19,39.87,44.84,44.81,0.49,26.41,0.59,NA,NA,NA,nhl_team_stats_20260203.csv
2024,2/3/2026,27,Dallas Stars,NA,56,33,14,2.36,188,153,3.36,2.73,0.63,25.52,13.16,75,52.1,163,49,30.1,167,34,79.6,109.7,196,459,2.706,68.45,62.52,64.21,37.05,58.06,0.6,33.73,-0.73,NA,NA,NA,nhl_team_stats_20260203.csv
2024,2/3/2026,16,Detroit Red Wings,NA,57,33,18,1.83,173,168,3.04,2.95,0.09,28.32,10.72,72,51,177,41,23.2,148,30,79.7,102.9,187,435,2.676,50.26,57,58.35,26.17,47.95,0.52,29.36,3.64,NA,NA,NA,nhl_team_stats_20260203.csv
2024,2/3/2026,24,Edmonton Oilers,NA,56,28,20,1.4,193,182,3.45,3.25,0.2,29.75,11.58,64,52.4,149,48,32.2,154,33,78.6,110.8,192,520,3.121,74.9,43,43.4,37.26,49.64,0.53,29.67,-1.67,NA,NA,NA,nhl_team_stats_20260203.csv
2024,2/3/2026,4,Florida Panthers,NA,55,28,24,1.17,168,180,3.05,3.27,-0.22,28.98,10.54,59,47.4,196,37,18.9,189,33,82.5,101.4,261,602,3.477,46.65,46.03,42.14,81.5,54.08,0.47,25.59,2.41,NA,NA,NA,nhl_team_stats_20260203.csv
2024,2/3/2026,28,Los Angeles Kings,NA,54,23,17,1.35,143,147,2.65,2.72,-0.07,27.5,9.63,60,48.4,158,25,15.8,172,40,76.7,92.5,201,458,2.758,27.02,57.27,59.26,44.78,47.08,0.49,26.3,-3.3,NA,NA,NA,nhl_team_stats_20260203.csv
2024,2/3/2026,25,Minnesota Wild,NA,57,33,14,2.36,190,161,3.33,2.82,0.51,28.63,11.64,76,46.5,186,47,25.3,143,32,77.6,102.9,168,387,2.45,63.41,60.43,62.32,45.22,57.84,0.58,33.19,-0.19,NA,NA,NA,nhl_team_stats_20260203.csv
2024,2/3/2026,14,Montreal Canadiens,NA,56,31,17,1.82,194,182,3.46,3.25,0.21,26.23,13.21,70,50.7,159,38,23.9,180,42,76.7,100.6,243,580,3.337,64.73,37.53,36.94,63.82,50.75,0.53,29.75,1.25,NA,NA,NA,nhl_team_stats_20260203.csv
2024,2/3/2026,18,Nashville Predators,NA,55,26,23,1.13,162,188,2.95,3.42,-0.47,28.47,10.34,58,51.4,163,35,21.5,162,31,80.9,102.4,208,467,3.02,44.92,45.27,37.39,43.41,42.75,0.43,23.46,2.54,NA,NA,NA,nhl_team_stats_20260203.csv
2024,2/3/2026,7,New Jersey Devils,NA,55,28,25,1.12,145,169,2.64,3.07,-0.43,29.51,8.93,58,50.6,139,30,21.6,139,30,78.4,100,169,397,2.626,34.46,53.88,52.61,39.03,45,0.43,23.38,4.62,NA,NA,NA,nhl_team_stats_20260203.csv
2024,2/3/2026,8,New York Islanders,NA,56,30,21,1.43,161,152,2.88,2.71,0.17,27.77,10.35,65,51.6,166,27,16.3,155,28,81.9,98.2,194,465,2.72,35.83,67.98,69.35,46.38,54.89,0.53,29.7,0.3,NA,NA,NA,nhl_team_stats_20260203.csv
2024,2/3/2026,9,New York Rangers,NA,56,22,28,0.79,151,178,2.7,3.18,-0.48,25.64,10.52,50,54.7,138,32,23.2,157,34,78.3,101.5,194,426,2.776,35.6,42.49,45.58,72,48.92,0.42,23.46,-1.46,NA,NA,NA,nhl_team_stats_20260203.csv
2024,2/3/2026,13,Ottawa Senators,NA,55,27,21,1.29,186,179,3.38,3.25,0.13,28.56,11.84,61,54.9,182,41,22.5,162,44,72.8,95.3,225,547,3.251,61.78,29.69,34.93,68.3,48.68,0.52,28.58,-1.58,NA,NA,NA,nhl_team_stats_20260203.csv
2024,2/3/2026,6,Philadelphia Flyers,NA,54,24,20,1.2,162,173,3,3.2,-0.2,25.89,11.59,58,49.3,156,25,16,169,36,78.7,94.7,224,565,3.346,38.81,42.1,42.36,67.46,47.68,0.47,25.26,-1.26,NA,NA,NA,nhl_team_stats_20260203.csv
2024,2/3/2026,10,Pittsburgh Penguins,NA,54,28,15,1.87,183,155,3.39,2.87,0.52,28.89,11.73,67,50.3,141,38,27,153,25,83.7,110.7,183,421,2.685,66.23,66.68,64.21,29.08,56.55,0.58,31.45,-3.45,NA,NA,NA,nhl_team_stats_20260203.csv
2024,2/3/2026,26,San Jose Sharks,NA,54,27,23,1.17,169,188,3.13,3.48,-0.35,25.5,12.27,58,47.6,183,38,20.8,167,37,77.8,98.6,201,452,3.052,49.87,30.79,30.02,45.78,39.12,0.45,24.15,2.85,NA,NA,NA,nhl_team_stats_20260203.csv
2024,2/3/2026,143,Seattle Kraken,NA,54,26,19,1.37,156,155,2.89,2.87,0.02,25.37,11.39,61,47.5,153,35,22.9,149,43,71.1,94,176,413,2.669,42.72,37.64,50.82,29.7,40.22,0.5,27.19,-1.19,NA,NA,NA,nhl_team_stats_20260203.csv
2024,2/3/2026,17,St. Louis Blues,NA,56,20,27,0.74,143,195,2.55,3.48,-0.93,25.16,10.15,49,50,149,27,18.1,153,41,73.2,91.3,185,438,2.917,24.43,26.51,28.13,61.63,35.18,0.35,19.56,0.44,NA,NA,NA,nhl_team_stats_20260203.csv
2024,2/3/2026,1,Tampa Bay Lightning,NA,53,35,14,2.5,189,134,3.57,2.53,1.04,28.02,12.73,74,47,166,37,22.3,163,26,84,106.3,258,705,3.642,67.54,74.21,77.18,55.23,68.54,0.67,35.28,-0.28,NA,NA,NA,nhl_team_stats_20260203.csv
2024,2/3/2026,12,Toronto Maple Leafs,NA,56,26,21,1.24,183,191,3.27,3.41,-0.14,27.32,11.96,61,56.2,131,23,17.6,139,23,83.5,101.1,176,393,2.733,50,49.73,43.95,54.05,49.43,0.48,26.83,-0.83,NA,NA,NA,nhl_team_stats_20260203.csv
2024,2/3/2026,30,Utah Mammoth,NA,56,29,23,1.26,179,156,3.2,2.79,0.41,27.84,11.48,62,49.1,153,24,15.7,170,36,78.8,94.5,216,513,2.899,46.08,63.12,60.29,44.03,53.38,0.57,31.82,-2.82,NA,NA,NA,nhl_team_stats_20260203.csv
2024,2/3/2026,21,Vancouver Canucks,NA,56,18,32,0.56,147,203,2.62,3.62,-1,26.93,9.75,42,48.5,170,32,18.8,167,50,70.1,88.9,207,467,3.089,29.4,12.03,15.88,54.9,28.05,0.34,19.25,-1.25,NA,NA,NA,nhl_team_stats_20260203.csv
2024,2/3/2026,142,Vegas Golden Knights,NA,55,25,16,1.56,182,170,3.31,3.09,0.22,28.93,11.44,64,50.6,161,41,25.5,125,25,80,105.5,158,370,2.553,62.4,53.77,55.44,41.51,53.28,0.53,29.39,-4.39,NA,NA,NA,nhl_team_stats_20260203.csv
2024,2/3/2026,5,Washington Capitals,NA,57,28,22,1.27,183,166,3.21,2.91,0.3,29.14,11.02,63,49.7,168,27,16.1,183,39,78.7,94.8,225,534,3.02,47.94,51.72,53.66,40.9,48.56,0.55,31.29,-3.29,NA,NA,NA,nhl_team_stats_20260203.csv
2024,2/3/2026,2,Winnipeg Jets,NA,55,22,25,0.88,159,168,2.89,3.05,-0.16,26.07,11.09,52,50.6,151,29,19.2,164,34,79.3,98.5,199,481,2.929,38.51,53.32,50.52,60.53,50.72,0.47,26.02,-4.02,NA,NA,NA,nhl_team_stats_20260203.csv
2024,2/4/2026,29,Anaheim Ducks,NA,56,30,23,1.3,185,195,3.3,3.48,-0.18,30.11,10.97,63,47,168,30,17.9,177,39,78,95.9,220,539,3.275,53.83,35.41,29.24,61.5,45,0.47,26.51,3.49,NA,NA,NA,nhl_team_stats_20260204.csv
2024,2/4/2026,11,Boston Bruins,NA,56,32,20,1.6,191,175,3.41,3.12,0.29,27.14,12.57,68,51.8,158,43,27.2,206,48,76.7,103.9,280,752,3.909,66.91,35.82,37.96,74.61,53.82,0.54,30.48,1.52,NA,NA,NA,nhl_team_stats_20260204.csv
2024,2/4/2026,15,Buffalo Sabres,NA,56,32,18,1.78,193,171,3.45,3.05,0.4,27.62,12.48,70,44.4,164,33,20.1,151,27,82.1,102.2,202,502,2.985,60.13,58.06,56.12,48.63,55.73,0.56,31.43,0.57,NA,NA,NA,nhl_team_stats_20260204.csv
2024,2/4/2026,23,Calgary Flames,NA,55,22,27,0.81,138,164,2.51,2.98,-0.47,29.07,8.63,50,49.1,167,26,15.6,157,27,82.8,98.4,229,664,3.568,23.46,58.99,58.72,72.48,53.41,0.42,22.83,-0.83,NA,NA,NA,nhl_team_stats_20260204.csv
2024,2/4/2026,3,Carolina Hurricanes,NA,56,35,15,2.33,195,160,3.48,2.86,0.62,31.7,10.99,76,50.5,171,38,22.2,155,31,80,102.2,201,453,2.733,66.27,60.34,61.26,47.58,58.86,0.6,33.42,1.58,NA,NA,NA,nhl_team_stats_20260204.csv
2024,2/4/2026,20,Chicago Blackhawks,NA,56,22,25,0.88,154,176,2.75,3.14,-0.39,24.82,11.08,53,47.2,158,31,19.6,173,25,85.5,105.1,216,543,3.159,33.54,62.31,53.75,36.85,46.61,0.43,24.31,-2.31,NA,NA,NA,nhl_team_stats_20260204.csv
2024,2/4/2026,22,Colorado Avalanche,NA,54,36,9,4,208,131,3.85,2.43,1.42,33.98,11.34,81,50.9,176,27,15.3,146,23,84.2,99.5,175,375,2.354,72.01,81.26,84.63,22.64,65.13,0.72,38.62,-2.62,NA,NA,NA,nhl_team_stats_20260204.csv
2024,2/4/2026,19,Columbus Blue Jackets,NA,55,28,20,1.4,175,176,3.18,3.2,-0.02,29.96,10.62,63,50.9,133,27,20.3,156,36,76.9,97.2,191,437,2.824,51.63,45.2,42.78,44.61,46.05,0.5,27.33,0.67,NA,NA,NA,nhl_team_stats_20260204.csv
2024,2/4/2026,27,Dallas Stars,NA,56,33,14,2.36,188,153,3.36,2.73,0.63,25.52,13.16,75,52.1,163,49,30.1,167,34,79.6,109.7,196,459,2.706,68.4,62.82,64.59,36.93,58.19,0.6,33.73,-0.73,NA,NA,NA,nhl_team_stats_20260204.csv
2024,2/4/2026,16,Detroit Red Wings,NA,57,33,18,1.83,173,168,3.04,2.95,0.09,28.32,10.72,72,51,177,41,23.2,148,30,79.7,102.9,187,435,2.676,50.3,57.19,58.56,25.86,47.98,0.52,29.36,3.64,NA,NA,NA,nhl_team_stats_20260204.csv
2024,2/4/2026,24,Edmonton Oilers,NA,57,28,21,1.33,195,187,3.42,3.28,0.14,29.86,11.46,64,52.3,150,48,32,156,35,77.6,109.6,197,541,3.174,73.75,39.63,41.04,37.8,48.06,0.52,29.69,-1.69,NA,NA,NA,nhl_team_stats_20260204.csv
2024,2/4/2026,4,Florida Panthers,NA,55,28,24,1.17,168,180,3.05,3.27,-0.22,28.98,10.54,59,47.4,196,37,18.9,189,33,82.5,101.4,261,602,3.477,46.67,46.13,42.03,81.84,54.17,0.47,25.59,2.41,NA,NA,NA,nhl_team_stats_20260204.csv
2024,2/4/2026,28,Los Angeles Kings,NA,54,23,17,1.35,143,147,2.65,2.72,-0.07,27.5,9.63,60,48.4,158,25,15.8,172,40,76.7,92.5,201,458,2.758,27.08,57.54,59.6,44.9,47.28,0.49,26.3,-3.3,NA,NA,NA,nhl_team_stats_20260204.csv
2024,2/4/2026,25,Minnesota Wild,NA,57,33,14,2.36,190,161,3.33,2.82,0.51,28.63,11.64,76,46.5,186,47,25.3,143,32,77.6,102.9,168,387,2.45,63.4,60.64,62.64,45.2,57.97,0.58,33.19,-0.19,NA,NA,NA,nhl_team_stats_20260204.csv
2024,2/4/2026,14,Montreal Canadiens,NA,56,31,17,1.82,194,182,3.46,3.25,0.21,26.23,13.21,70,50.7,159,38,23.9,180,42,76.7,100.6,243,580,3.337,64.61,37.55,36.8,64.03,50.75,0.53,29.75,1.25,NA,NA,NA,nhl_team_stats_20260204.csv
2024,2/4/2026,18,Nashville Predators,NA,55,26,23,1.13,162,188,2.95,3.42,-0.47,28.47,10.34,58,51.4,163,35,21.5,162,31,80.9,102.4,208,467,3.02,44.97,45.24,37.16,43.35,42.68,0.43,23.46,2.54,NA,NA,NA,nhl_team_stats_20260204.csv
2024,2/4/2026,7,New Jersey Devils,NA,56,28,26,1.08,145,172,2.59,3.07,-0.48,29.41,8.8,58,50.5,142,30,21.1,141,30,78.7,99.8,172,403,2.622,32.3,54.68,53.1,38.6,44.67,0.42,23.28,4.72,NA,NA,NA,nhl_team_stats_20260204.csv
2024,2/4/2026,8,New York Islanders,NA,57,31,21,1.48,166,156,2.91,2.74,0.17,27.68,10.52,67,51.7,168,27,16.1,157,28,82.2,98.3,196,469,2.716,36.67,68.09,68.87,46.34,54.99,0.53,30.21,0.79,NA,NA,NA,nhl_team_stats_20260204.csv
2024,2/4/2026,9,New York Rangers,NA,56,22,28,0.79,151,178,2.7,3.18,-0.48,25.64,10.52,50,54.7,138,32,23.2,157,34,78.3,101.5,194,426,2.776,35.68,42.62,45.55,72.13,48.99,0.42,23.46,-1.46,NA,NA,NA,nhl_team_stats_20260204.csv
2024,2/4/2026,13,Ottawa Senators,NA,56,27,22,1.23,189,183,3.38,3.27,0.11,28.5,11.84,61,54.8,185,43,23.2,164,45,72.6,95.8,227,551,3.237,62.46,28.75,33.79,67.65,48.16,0.52,28.93,-1.93,NA,NA,NA,nhl_team_stats_20260204.csv
2024,2/4/2026,6,Philadelphia Flyers,NA,55,25,20,1.25,166,175,3.02,3.18,-0.16,25.82,11.69,60,49.3,159,26,16.4,170,36,78.8,95.2,225,567,3.312,39.86,42.24,43.63,66.89,48.16,0.47,26.08,-1.08,NA,NA,NA,nhl_team_stats_20260204.csv
2024,2/4/2026,10,Pittsburgh Penguins,NA,55,28,15,1.87,187,160,3.4,2.91,0.49,29,11.72,68,50.2,143,38,26.6,155,25,83.9,110.5,185,425,2.687,66.13,66.17,63.16,29.2,56.16,0.58,31.75,-3.75,NA,NA,NA,nhl_team_stats_20260204.csv
2024,2/4/2026,26,San Jose Sharks,NA,54,27,23,1.17,169,188,3.13,3.48,-0.35,25.5,12.27,58,47.6,183,38,20.8,167,37,77.8,98.6,201,452,3.052,49.81,30.77,29.7,45.68,38.99,0.45,24.15,2.85,NA,NA,NA,nhl_team_stats_20260204.csv
2024,2/4/2026,143,Seattle Kraken,NA,55,26,20,1.3,158,159,2.87,2.89,-0.02,25.42,11.3,61,47.7,153,35,22.9,152,43,71.7,94.6,182,433,2.721,41.98,38.26,50.75,29.46,40.11,0.5,27.31,-1.31,NA,NA,NA,nhl_team_stats_20260204.csv
2024,2/4/2026,17,St. Louis Blues,NA,56,20,27,0.74,143,195,2.55,3.48,-0.93,25.16,10.15,49,50,149,27,18.1,153,41,73.2,91.3,185,438,2.917,24.49,26.41,27.79,61.74,35.11,0.35,19.56,0.44,NA,NA,NA,nhl_team_stats_20260204.csv
2024,2/4/2026,1,Tampa Bay Lightning,NA,54,36,14,2.57,193,137,3.57,2.54,1.03,28.15,12.7,76,47,168,38,22.6,166,27,83.7,106.3,261,711,3.619,67.91,73.84,76.97,55.36,68.52,0.66,35.85,0.15,NA,NA,NA,nhl_team_stats_20260204.csv
2024,2/4/2026,12,Toronto Maple Leafs,NA,57,27,21,1.29,188,193,3.3,3.39,-0.09,27.32,12.07,63,56.2,133,25,18.8,140,23,83.6,102.4,179,402,2.731,52.34,50.72,44.92,53.22,50.3,0.49,27.73,-0.73,NA,NA,NA,nhl_team_stats_20260204.csv
2024,2/4/2026,30,Utah Mammoth,NA,56,29,23,1.26,179,156,3.2,2.79,0.41,27.84,11.48,62,49.1,153,24,15.7,170,36,78.8,94.5,216,513,2.899,46,63.33,60.61,44.02,53.49,0.57,31.82,-2.82,NA,NA,NA,nhl_team_stats_20260204.csv
2024,2/4/2026,21,Vancouver Canucks,NA,56,18,32,0.56,147,203,2.62,3.62,-1,26.93,9.75,42,48.5,170,32,18.8,167,50,70.1,88.9,207,467,3.089,29.49,11.86,15.36,55.02,27.93,0.34,19.25,-1.25,NA,NA,NA,nhl_team_stats_20260204.csv
2024,2/4/2026,142,Vegas Golden Knights,NA,55,25,16,1.56,182,170,3.31,3.09,0.22,28.93,11.44,64,50.6,161,41,25.5,125,25,80,105.5,158,370,2.553,62.4,53.92,55.54,41.35,53.3,0.53,29.39,-4.39,NA,NA,NA,nhl_team_stats_20260204.csv
2024,2/4/2026,5,Washington Capitals,NA,58,28,23,1.22,185,170,3.19,2.93,0.26,29.12,10.95,63,49.7,169,27,16,186,40,78.5,94.5,229,550,3.05,47.01,50.77,52.79,43.89,48.61,0.54,31.46,-3.46,NA,NA,NA,nhl_team_stats_20260204.csv
2024,2/4/2026,2,Winnipeg Jets,NA,55,22,25,0.88,159,168,2.89,3.05,-0.16,26.07,11.09,52,50.6,151,29,19.2,164,34,79.3,98.5,199,481,2.929,38.51,53.44,50.6,60.64,50.8,0.47,26.02,-4.02,NA,NA,NA,nhl_team_stats_20260204.csv
2024,2/5/2026,29,Anaheim Ducks,NA,56,30,23,1.3,185,195,3.3,3.48,-0.18,30.11,10.97,63,47,168,30,17.9,177,39,78,95.9,220,539,3.275,53.42,36.02,29.75,61.36,45.14,0.47,26.51,3.49,NA,NA,NA,nhl_team_stats_20260205.csv
2024,2/5/2026,11,Boston Bruins,NA,57,32,20,1.6,195,179,3.42,3.14,0.28,27.18,12.59,69,51.9,165,44,26.7,209,50,76.1,102.8,287,769,3.934,66.55,33.29,36.77,74.48,52.77,0.54,30.93,1.07,NA,NA,NA,nhl_team_stats_20260205.csv
2024,2/5/2026,15,Buffalo Sabres,NA,56,32,18,1.78,193,171,3.45,3.05,0.4,27.62,12.48,70,44.4,164,33,20.1,151,27,82.1,102.2,202,502,2.985,59.76,58.36,56.43,48.64,55.8,0.56,31.43,0.57,NA,NA,NA,nhl_team_stats_20260205.csv
2024,2/5/2026,23,Calgary Flames,NA,56,23,27,0.85,142,167,2.54,2.98,-0.44,29,8.74,52,49,170,28,16.5,161,29,82,98.5,235,679,3.579,25.17,57.54,57.93,71.83,53.12,0.42,23.56,-0.56,NA,NA,NA,nhl_team_stats_20260205.csv
2024,2/5/2026,3,Carolina Hurricanes,NA,56,35,15,2.33,195,160,3.48,2.86,0.62,31.7,10.99,76,50.5,171,38,22.2,155,31,80,102.2,201,453,2.733,65.83,60.62,61.54,47.62,58.9,0.6,33.42,1.58,NA,NA,NA,nhl_team_stats_20260205.csv
2024,2/5/2026,20,Chicago Blackhawks,NA,57,22,26,0.85,154,180,2.7,3.16,-0.46,24.75,10.91,53,47.1,161,31,19.3,174,25,85.6,104.9,218,547,3.147,31.15,62.21,53.56,36.32,45.81,0.42,24.05,-2.05,NA,NA,NA,nhl_team_stats_20260205.csv
2024,2/5/2026,22,Colorado Avalanche,NA,55,37,9,4.11,212,133,3.85,2.42,1.43,34.13,11.29,83,51.1,179,27,15.1,149,23,84.6,99.7,179,383,2.353,71.24,82.56,85.46,22.94,65.55,0.72,39.42,-2.42,NA,NA,NA,nhl_team_stats_20260205.csv
2024,2/5/2026,19,Columbus Blue Jackets,NA,56,29,20,1.45,179,176,3.2,3.14,0.06,29.79,10.73,65,51,134,27,20.1,159,36,77.4,97.5,195,445,2.8,51.48,48.89,46.19,43.9,47.62,0.51,28.53,0.47,NA,NA,NA,nhl_team_stats_20260205.csv
2024,2/5/2026,27,Dallas Stars,NA,57,34,14,2.43,193,157,3.39,2.75,0.64,25.56,13.25,77,52.1,166,50,30.1,171,35,79.5,109.6,201,469,2.72,69.26,62.21,63.73,37.55,58.19,0.6,34.38,-0.38,NA,NA,NA,nhl_team_stats_20260205.csv
2024,2/5/2026,16,Detroit Red Wings,NA,58,33,19,1.74,174,172,3,2.97,0.03,28.34,10.58,72,51,181,42,23.2,151,31,79.5,102.7,191,446,2.696,48.73,56.39,57.68,26.86,47.42,0.51,29.29,3.71,NA,NA,NA,nhl_team_stats_20260205.csv
2024,2/5/2026,24,Edmonton Oilers,NA,58,28,22,1.27,198,191,3.41,3.29,0.12,30.02,11.37,64,52.4,154,50,32.5,159,37,76.7,109.2,202,554,3.189,73.89,37.9,40.09,37.07,47.24,0.52,30.04,-2.04,NA,NA,NA,nhl_team_stats_20260205.csv
2024,2/5/2026,4,Florida Panthers,NA,56,29,24,1.21,173,184,3.09,3.29,-0.2,28.93,10.68,61,47.4,199,39,19.6,196,34,82.7,102.3,272,627,3.535,48.47,46,41.32,84.39,55.04,0.47,26.25,2.75,NA,NA,NA,nhl_team_stats_20260205.csv
2024,2/5/2026,28,Los Angeles Kings,NA,55,23,18,1.28,145,151,2.64,2.75,-0.11,27.49,9.59,60,48.6,162,27,16.7,178,42,76.4,93.1,208,474,2.797,27.53,56.1,57.71,45.07,46.6,0.48,26.38,-3.38,NA,NA,NA,nhl_team_stats_20260205.csv
2024,2/5/2026,25,Minnesota Wild,NA,58,34,14,2.43,196,166,3.38,2.86,0.52,28.9,11.69,78,46.4,188,48,25.5,146,34,76.7,102.2,172,398,2.48,65.09,57.62,60.22,45.79,57.18,0.58,33.8,0.2,NA,NA,NA,nhl_team_stats_20260205.csv
2024,2/5/2026,14,Montreal Canadiens,NA,57,32,17,1.88,199,183,3.49,3.21,0.28,26.25,13.3,72,50.7,161,39,24.2,184,43,76.6,100.8,247,588,3.312,65.66,39.42,38.76,63.48,51.83,0.54,30.88,1.12,NA,NA,NA,nhl_team_stats_20260205.csv
2024,2/5/2026,18,Nashville Predators,NA,56,26,23,1.13,167,194,2.98,3.46,-0.48,28.59,10.43,59,51.5,166,37,22.3,164,32,80.5,102.8,211,476,3.038,46.87,43.48,35.62,42.9,42.22,0.43,23.85,2.15,NA,NA,NA,nhl_team_stats_20260205.csv
2024,2/5/2026,7,New Jersey Devils,NA,56,28,26,1.08,145,172,2.59,3.07,-0.48,29.41,8.8,58,50.5,142,30,21.1,141,30,78.7,99.8,172,403,2.622,32.05,55.08,53.43,38.79,44.84,0.42,23.28,4.72,NA,NA,NA,nhl_team_stats_20260205.csv
2024,2/5/2026,8,New York Islanders,NA,57,31,21,1.48,166,156,2.91,2.74,0.17,27.68,10.52,67,51.7,168,27,16.1,157,28,82.2,98.3,196,469,2.716,36.36,68.25,69.08,46.37,55.01,0.53,30.21,0.79,NA,NA,NA,nhl_team_stats_20260205.csv
2024,2/5/2026,9,New York Rangers,NA,56,22,28,0.79,151,178,2.7,3.18,-0.48,25.64,10.52,50,54.7,138,32,23.2,157,34,78.3,101.5,194,426,2.776,35.51,43.08,45.94,71.95,49.12,0.42,23.46,-1.46,NA,NA,NA,nhl_team_stats_20260205.csv
2024,2/5/2026,13,Ottawa Senators,NA,56,27,22,1.23,189,183,3.38,3.27,0.11,28.5,11.84,61,54.8,185,43,23.2,164,45,72.6,95.8,227,551,3.237,62.12,29.46,34.27,67.49,48.33,0.52,28.93,-1.93,NA,NA,NA,nhl_team_stats_20260205.csv
2024,2/5/2026,6,Philadelphia Flyers,NA,55,25,20,1.25,166,175,3.02,3.18,-0.16,25.82,11.69,60,49.3,159,26,16.4,170,36,78.8,95.2,225,567,3.312,39.57,42.7,44.04,66.7,48.25,0.47,26.08,-1.08,NA,NA,NA,nhl_team_stats_20260205.csv
2024,2/5/2026,10,Pittsburgh Penguins,NA,55,28,15,1.87,187,160,3.4,2.91,0.49,29,11.72,68,50.2,143,38,26.6,155,25,83.9,110.5,185,425,2.687,65.81,66.34,63.42,29.5,56.26,0.58,31.75,-3.75,NA,NA,NA,nhl_team_stats_20260205.csv
2024,2/5/2026,26,San Jose Sharks,NA,55,27,24,1.12,171,192,3.11,3.49,-0.38,25.49,12.2,58,47.5,186,38,20.4,170,37,78.2,98.6,205,460,3.054,48.35,32,30.29,45.96,39.15,0.44,24.34,2.66,NA,NA,NA,nhl_team_stats_20260205.csv
2024,2/5/2026,143,Seattle Kraken,NA,56,27,20,1.35,162,161,2.89,2.88,0.01,25.38,11.4,63,47.6,159,37,23.3,156,45,71.2,94.5,188,445,2.731,43.09,38.17,50.65,29.87,40.45,0.5,28.1,-1.1,NA,NA,NA,nhl_team_stats_20260205.csv
2024,2/5/2026,17,St. Louis Blues,NA,57,20,28,0.71,147,200,2.58,3.51,-0.93,25.04,10.3,49,50,153,28,18.3,156,42,73.1,91.4,189,446,2.929,25.53,25.94,26.87,61.87,35.05,0.35,19.99,0.01,NA,NA,NA,nhl_team_stats_20260205.csv
2024,2/5/2026,1,Tampa Bay Lightning,NA,54,36,14,2.57,193,137,3.57,2.54,1.03,28.15,12.7,76,47,168,38,22.6,166,27,83.7,106.3,261,711,3.619,67.54,73.91,77.13,55.28,68.47,0.66,35.85,0.15,NA,NA,NA,nhl_team_stats_20260205.csv
2024,2/5/2026,12,Toronto Maple Leafs,NA,57,27,21,1.29,188,193,3.3,3.39,-0.09,27.32,12.07,63,56.2,133,25,18.8,140,23,83.6,102.4,179,402,2.731,51.99,51.08,45.31,53.25,50.41,0.49,27.73,-0.73,NA,NA,NA,nhl_team_stats_20260205.csv
2024,2/5/2026,30,Utah Mammoth,NA,57,30,23,1.3,183,157,3.21,2.75,0.46,27.79,11.55,64,49.1,156,25,16,174,37,78.7,94.7,221,526,2.897,46.37,64.73,62.32,43.84,54.32,0.58,32.87,-2.87,NA,NA,NA,nhl_team_stats_20260205.csv
2024,2/5/2026,21,Vancouver Canucks,NA,57,18,33,0.55,149,208,2.61,3.65,-1.04,26.86,9.73,42,48.5,171,32,18.7,168,50,70.2,88.9,208,469,3.078,28.66,12.17,15.35,54.44,27.65,0.34,19.28,-1.28,NA,NA,NA,nhl_team_stats_20260205.csv
2024,2/5/2026,142,Vegas Golden Knights,NA,56,26,16,1.62,187,172,3.34,3.07,0.27,28.96,11.53,66,50.5,162,41,25.3,126,25,80.2,105.5,159,372,2.528,62.81,55.6,57.02,40.96,54.1,0.54,30.35,-4.35,NA,NA,NA,nhl_team_stats_20260205.csv
2024,2/5/2026,5,Washington Capitals,NA,58,28,23,1.22,185,170,3.19,2.93,0.26,29.12,10.95,63,49.7,169,27,16,186,40,78.5,94.5,229,550,3.05,46.61,51.14,53.13,44,48.72,0.54,31.46,-3.46,NA,NA,NA,nhl_team_stats_20260205.csv
2024,2/5/2026,2,Winnipeg Jets,NA,56,22,26,0.85,160,173,2.86,3.09,-0.23,26.27,10.88,52,50.5,155,30,19.4,166,35,78.9,98.3,201,485,2.928,37.51,51.74,49.01,59.51,49.44,0.46,25.84,-3.84,NA,NA,NA,nhl_team_stats_20260205.csv
2024,2/7/2026,29,Anaheim Ducks,NA,56,30,23,1.3,185,195,3.3,3.48,-0.18,30.11,10.97,63,47,168,30,17.9,177,39,78,95.9,220,539,3.275,53.54,36.03,29.81,61.19,45.14,0.47,26.51,3.49,NA,NA,NA,nhl_team_stats_20260207.csv
2024,2/7/2026,11,Boston Bruins,NA,57,32,20,1.6,195,179,3.42,3.14,0.28,27.18,12.59,69,51.9,165,44,26.7,208,50,76,102.7,287,769,3.934,66.57,33.26,36.58,73.38,52.45,0.54,30.93,1.07,NA,NA,NA,nhl_team_stats_20260207.csv
2024,2/7/2026,15,Buffalo Sabres,NA,57,32,19,1.68,195,176,3.42,3.09,0.33,27.63,12.38,70,44.6,169,34,20.1,154,27,82.5,102.6,206,513,3.007,58.86,57.64,54.87,48.16,54.88,0.55,31.38,0.62,NA,NA,NA,nhl_team_stats_20260207.csv
2024,2/7/2026,23,Calgary Flames,NA,56,23,27,0.85,142,167,2.54,2.98,-0.44,29,8.74,52,49,170,28,16.5,161,29,82,98.5,235,679,3.579,25.9,57.65,57.64,71.1,53.07,0.42,23.56,-0.56,NA,NA,NA,nhl_team_stats_20260207.csv
2024,2/7/2026,3,Carolina Hurricanes,NA,57,36,15,2.4,197,160,3.46,2.81,0.65,31.91,10.83,78,50.6,174,38,21.8,157,31,80.3,102.1,203,457,2.698,64.75,62.79,63.61,46.63,59.45,0.6,34.35,1.65,NA,NA,NA,nhl_team_stats_20260207.csv
2024,2/7/2026,20,Chicago Blackhawks,NA,57,22,26,0.85,154,180,2.7,3.16,-0.46,24.75,10.91,53,47.1,161,31,19.3,174,25,85.6,104.9,218,547,3.147,31.74,62.16,53.39,35.96,45.82,0.42,24.05,-2.05,NA,NA,NA,nhl_team_stats_20260207.csv
2024,2/7/2026,22,Colorado Avalanche,NA,55,37,9,4.11,212,133,3.85,2.42,1.43,34.13,11.29,83,51.1,179,27,15.1,149,23,84.6,99.7,179,383,2.353,70.94,81.91,84.77,23.15,65.19,0.72,39.42,-2.42,NA,NA,NA,nhl_team_stats_20260207.csv
2024,2/7/2026,19,Columbus Blue Jackets,NA,56,29,20,1.45,179,176,3.2,3.14,0.06,29.79,10.73,65,51,134,27,20.1,159,36,77.4,97.5,195,445,2.8,51.69,48.62,46,44.02,47.59,0.51,28.53,0.47,NA,NA,NA,nhl_team_stats_20260207.csv
2024,2/7/2026,27,Dallas Stars,NA,57,34,14,2.43,193,157,3.39,2.75,0.64,25.56,13.25,77,52.1,166,50,30.1,171,35,79.5,109.6,201,469,2.72,69.3,61.8,63.27,37.55,57.98,0.6,34.38,-0.38,NA,NA,NA,nhl_team_stats_20260207.csv
2024,2/7/2026,16,Detroit Red Wings,NA,58,33,19,1.74,174,172,3,2.97,0.03,28.34,10.58,72,51,181,42,23.2,151,31,79.5,102.7,191,446,2.696,49.1,56.02,57.38,26.91,47.35,0.51,29.29,3.71,NA,NA,NA,nhl_team_stats_20260207.csv
2024,2/7/2026,24,Edmonton Oilers,NA,58,28,22,1.27,198,191,3.41,3.29,0.12,30.02,11.37,64,52.4,154,50,32.5,159,37,76.7,109.2,202,554,3.189,73.93,37.8,40.01,36.74,47.12,0.52,30.04,-2.04,NA,NA,NA,nhl_team_stats_20260207.csv
2024,2/7/2026,4,Florida Panthers,NA,57,29,25,1.16,174,190,3.05,3.33,-0.28,29.04,10.51,61,47.5,205,40,19.5,200,35,82.5,102,287,693,3.742,47.48,43.18,39.32,85.69,53.92,0.46,26,3,NA,NA,NA,nhl_team_stats_20260207.csv
2024,2/7/2026,28,Los Angeles Kings,NA,56,23,19,1.21,146,155,2.61,2.77,-0.16,27.59,9.45,60,48.4,167,27,16.2,180,43,76.1,92.3,211,483,2.806,26.69,54.46,56.26,44.79,45.55,0.47,26.34,-3.34,NA,NA,NA,nhl_team_stats_20260207.csv
2024,2/7/2026,25,Minnesota Wild,NA,58,34,14,2.43,196,166,3.38,2.86,0.52,28.88,11.7,78,46.4,188,48,25.5,146,34,76.7,102.2,172,398,2.48,65.15,57.13,59.84,46.2,57.08,0.58,33.8,0.2,NA,NA,NA,nhl_team_stats_20260207.csv
2024,2/7/2026,14,Montreal Canadiens,NA,57,32,17,1.88,199,183,3.49,3.21,0.28,26.25,13.3,72,50.7,161,39,24.2,184,43,76.6,100.8,247,588,3.312,65.62,39.37,38.63,63.14,51.69,0.54,30.88,1.12,NA,NA,NA,nhl_team_stats_20260207.csv
2024,2/7/2026,18,Nashville Predators,NA,57,26,24,1.08,169,198,2.96,3.47,-0.51,28.6,10.37,59,51.5,170,37,21.8,170,34,80,101.8,217,488,3.054,46.06,41.93,34.24,42.8,41.26,0.42,24.01,1.99,NA,NA,NA,nhl_team_stats_20260207.csv
2024,2/7/2026,7,New Jersey Devils,NA,57,28,27,1.04,146,175,2.56,3.07,-0.51,29.32,8.74,58,50.3,143,30,21,142,30,78.9,99.9,173,405,2.604,31.55,55.28,53.58,38.16,44.64,0.41,23.38,4.62,NA,NA,NA,nhl_team_stats_20260207.csv
2024,2/7/2026,8,New York Islanders,NA,58,32,21,1.52,169,157,2.91,2.71,0.2,27.45,10.62,69,51.9,169,27,16,158,28,82.3,98.3,197,471,2.682,36.53,69.34,70.2,46.42,55.62,0.54,31.06,0.94,NA,NA,NA,nhl_team_stats_20260207.csv
2024,2/7/2026,9,New York Rangers,NA,57,22,29,0.76,151,180,2.65,3.16,-0.51,25.47,10.4,50,54.5,140,32,22.9,160,34,78.8,101.7,197,432,2.762,33.93,44.63,47.04,72.2,49.45,0.41,23.53,-1.53,NA,NA,NA,nhl_team_stats_20260207.csv
2024,2/7/2026,13,Ottawa Senators,NA,57,28,22,1.27,191,184,3.35,3.23,0.12,28.51,11.75,63,54.8,186,43,23.1,165,45,72.7,95.8,228,553,3.193,61.05,31.17,36.39,66.46,48.77,0.52,29.54,-1.54,NA,NA,NA,nhl_team_stats_20260207.csv
2024,2/7/2026,6,Philadelphia Flyers,NA,56,25,20,1.25,167,177,2.98,3.16,-0.18,25.64,11.63,61,49.2,160,26,16.2,171,36,78.9,95.1,226,569,3.274,38.25,43.82,45.18,65.82,48.27,0.47,26.36,-1.36,NA,NA,NA,nhl_team_stats_20260207.csv
2024,2/7/2026,10,Pittsburgh Penguins,NA,56,29,15,1.93,192,162,3.43,2.89,0.54,29.05,11.8,70,50.1,146,38,26,160,26,83.8,109.8,191,440,2.704,66.18,66.39,63.51,30.03,56.53,0.58,32.75,-3.75,NA,NA,NA,nhl_team_stats_20260207.csv
2024,2/7/2026,26,San Jose Sharks,NA,55,27,24,1.12,171,192,3.11,3.49,-0.38,25.49,12.2,58,47.5,186,38,20.4,170,37,78.2,98.6,205,460,3.054,48.61,31.81,30.35,45.97,39.19,0.44,24.34,2.66,NA,NA,NA,nhl_team_stats_20260207.csv
2024,2/7/2026,143,Seattle Kraken,NA,56,27,20,1.35,162,161,2.89,2.88,0.01,25.36,11.41,63,47.6,159,37,23.3,156,45,71.2,94.5,188,445,2.731,43.53,37.68,50.28,29.86,40.34,0.5,28.1,-1.1,NA,NA,NA,nhl_team_stats_20260207.csv
2024,2/7/2026,17,St. Louis Blues,NA,57,20,28,0.71,147,200,2.58,3.51,-0.93,25.07,10.29,49,50,153,28,18.3,157,42,73.2,91.5,189,446,2.929,26.25,25.93,26.95,62.15,35.32,0.35,19.99,0.01,NA,NA,NA,nhl_team_stats_20260207.csv
2024,2/7/2026,1,Tampa Bay Lightning,NA,55,37,14,2.64,199,138,3.62,2.51,1.11,28.15,12.86,78,47,172,39,22.7,172,28,83.7,106.4,277,792,3.853,69.2,73.57,77.4,58.65,69.71,0.68,37.14,-0.14,NA,NA,NA,nhl_team_stats_20260207.csv
2024,2/7/2026,12,Toronto Maple Leafs,NA,57,27,21,1.29,188,193,3.3,3.39,-0.09,27.32,12.07,63,56.2,133,25,18.8,140,23,83.6,102.4,179,402,2.731,52.11,50.82,45.31,53.65,50.47,0.49,27.73,-0.73,NA,NA,NA,nhl_team_stats_20260207.csv
2024,2/7/2026,30,Utah Mammoth,NA,57,30,23,1.3,183,157,3.21,2.75,0.46,27.77,11.56,64,49.1,156,25,16,174,37,78.7,94.7,221,526,2.897,46.56,64.49,61.86,43.63,54.14,0.58,32.87,-2.87,NA,NA,NA,nhl_team_stats_20260207.csv
2024,2/7/2026,21,Vancouver Canucks,NA,57,18,33,0.55,149,208,2.61,3.65,-1.04,26.88,9.73,42,48.5,171,32,18.7,168,50,70.2,88.9,208,469,3.078,29.37,11.98,15.52,54.57,27.86,0.34,19.28,-1.28,NA,NA,NA,nhl_team_stats_20260207.csv
2024,2/7/2026,142,Vegas Golden Knights,NA,57,27,16,1.69,191,173,3.35,3.04,0.31,28.84,11.62,68,50.8,164,42,25.6,131,25,80.9,106.5,165,387,2.544,63.53,57.58,58.35,41.39,55.21,0.55,31.26,-4.26,NA,NA,NA,nhl_team_stats_20260207.csv
2024,2/7/2026,5,Washington Capitals,NA,59,29,23,1.26,189,172,3.2,2.92,0.28,29.15,10.99,65,49.7,175,29,16.6,190,40,78.9,95.5,233,558,3.04,48.03,52.22,53.68,44.07,49.5,0.55,32.19,-3.19,NA,NA,NA,nhl_team_stats_20260207.csv
2024,2/7/2026,2,Winnipeg Jets,NA,56,22,26,0.85,160,173,2.86,3.09,-0.23,26.27,10.88,52,50.5,155,30,19.4,166,35,78.9,98.3,201,485,2.928,37.98,51.52,48.79,59.56,49.46,0.46,25.84,-3.84,NA,NA,NA,nhl_team_stats_20260207.csv
2024,2/8/2026,29,Anaheim Ducks,NA,56,30,23,1.3,185,195,3.3,3.48,-0.18,30.11,10.97,63,47,168,30,17.9,177,39,78,95.9,220,539,3.275,53.54,36.03,29.81,61.19,45.14,0.47,26.51,3.49,NA,NA,NA,nhl_team_stats_20260208.csv
2024,2/8/2026,11,Boston Bruins,NA,57,32,20,1.6,195,179,3.42,3.14,0.28,27.18,12.59,69,51.9,165,44,26.7,208,50,76,102.7,287,769,3.934,66.57,33.26,36.58,73.38,52.45,0.54,30.93,1.07,NA,NA,NA,nhl_team_stats_20260208.csv
2024,2/8/2026,15,Buffalo Sabres,NA,57,32,19,1.68,195,176,3.42,3.09,0.33,27.63,12.38,70,44.6,169,34,20.1,154,27,82.5,102.6,206,513,3.007,58.86,57.64,54.87,48.16,54.88,0.55,31.38,0.62,NA,NA,NA,nhl_team_stats_20260208.csv
2024,2/8/2026,23,Calgary Flames,NA,56,23,27,0.85,142,167,2.54,2.98,-0.44,29,8.74,52,49,170,28,16.5,161,29,82,98.5,235,679,3.579,25.9,57.65,57.64,71.1,53.07,0.42,23.56,-0.56,NA,NA,NA,nhl_team_stats_20260208.csv
2024,2/8/2026,3,Carolina Hurricanes,NA,57,36,15,2.4,197,160,3.46,2.81,0.65,31.91,10.83,78,50.6,174,38,21.8,157,31,80.3,102.1,203,457,2.698,64.75,62.79,63.61,46.63,59.45,0.6,34.35,1.65,NA,NA,NA,nhl_team_stats_20260208.csv
2024,2/8/2026,20,Chicago Blackhawks,NA,57,22,26,0.85,154,180,2.7,3.16,-0.46,24.75,10.91,53,47.1,161,31,19.3,174,25,85.6,104.9,218,547,3.147,31.74,62.16,53.39,35.96,45.82,0.42,24.05,-2.05,NA,NA,NA,nhl_team_stats_20260208.csv
2024,2/8/2026,22,Colorado Avalanche,NA,55,37,9,4.11,212,133,3.85,2.42,1.43,34.13,11.29,83,51.1,179,27,15.1,149,23,84.6,99.7,179,383,2.353,70.94,81.91,84.77,23.15,65.19,0.72,39.42,-2.42,NA,NA,NA,nhl_team_stats_20260208.csv
2024,2/8/2026,19,Columbus Blue Jackets,NA,56,29,20,1.45,179,176,3.2,3.14,0.06,29.79,10.73,65,51,134,27,20.1,159,36,77.4,97.5,195,445,2.8,51.69,48.62,46,44.02,47.59,0.51,28.53,0.47,NA,NA,NA,nhl_team_stats_20260208.csv
2024,2/8/2026,27,Dallas Stars,NA,57,34,14,2.43,193,157,3.39,2.75,0.64,25.56,13.25,77,52.1,166,50,30.1,171,35,79.5,109.6,201,469,2.72,69.3,61.8,63.27,37.55,57.98,0.6,34.38,-0.38,NA,NA,NA,nhl_team_stats_20260208.csv
2024,2/8/2026,16,Detroit Red Wings,NA,58,33,19,1.74,174,172,3,2.97,0.03,28.34,10.58,72,51,181,42,23.2,151,31,79.5,102.7,191,446,2.696,49.1,56.02,57.38,26.91,47.35,0.51,29.29,3.71,NA,NA,NA,nhl_team_stats_20260208.csv
2024,2/8/2026,24,Edmonton Oilers,NA,58,28,22,1.27,198,191,3.41,3.29,0.12,30.02,11.37,64,52.4,154,50,32.5,159,37,76.7,109.2,202,554,3.189,73.93,37.8,40.01,36.74,47.12,0.52,30.04,-2.04,NA,NA,NA,nhl_team_stats_20260208.csv
2024,2/8/2026,4,Florida Panthers,NA,57,29,25,1.16,174,190,3.05,3.33,-0.28,29.04,10.51,61,47.5,205,40,19.5,200,35,82.5,102,287,693,3.742,47.48,43.18,39.32,85.69,53.92,0.46,26,3,NA,NA,NA,nhl_team_stats_20260208.csv
2024,2/8/2026,28,Los Angeles Kings,NA,56,23,19,1.21,146,155,2.61,2.77,-0.16,27.59,9.45,60,48.4,167,27,16.2,180,43,76.1,92.3,211,483,2.806,26.69,54.46,56.26,44.79,45.55,0.47,26.34,-3.34,NA,NA,NA,nhl_team_stats_20260208.csv
2024,2/8/2026,25,Minnesota Wild,NA,58,34,14,2.43,196,166,3.38,2.86,0.52,28.88,11.7,78,46.4,188,48,25.5,146,34,76.7,102.2,172,398,2.48,65.15,57.13,59.84,46.2,57.08,0.58,33.8,0.2,NA,NA,NA,nhl_team_stats_20260208.csv
2024,2/8/2026,14,Montreal Canadiens,NA,57,32,17,1.88,199,183,3.49,3.21,0.28,26.25,13.3,72,50.7,161,39,24.2,184,43,76.6,100.8,247,588,3.312,65.62,39.37,38.63,63.14,51.69,0.54,30.88,1.12,NA,NA,NA,nhl_team_stats_20260208.csv
2024,2/8/2026,18,Nashville Predators,NA,57,26,24,1.08,169,198,2.96,3.47,-0.51,28.6,10.37,59,51.5,170,37,21.8,170,34,80,101.8,217,488,3.054,46.06,41.93,34.24,42.8,41.26,0.42,24.01,1.99,NA,NA,NA,nhl_team_stats_20260208.csv
2024,2/8/2026,7,New Jersey Devils,NA,57,28,27,1.04,146,175,2.56,3.07,-0.51,29.32,8.74,58,50.3,143,30,21,142,30,78.9,99.9,173,405,2.604,31.55,55.28,53.58,38.16,44.64,0.41,23.38,4.62,NA,NA,NA,nhl_team_stats_20260208.csv
2024,2/8/2026,8,New York Islanders,NA,58,32,21,1.52,169,157,2.91,2.71,0.2,27.45,10.62,69,51.9,169,27,16,158,28,82.3,98.3,197,471,2.682,36.53,69.34,70.2,46.42,55.62,0.54,31.06,0.94,NA,NA,NA,nhl_team_stats_20260208.csv
2024,2/8/2026,9,New York Rangers,NA,57,22,29,0.76,151,180,2.65,3.16,-0.51,25.47,10.4,50,54.5,140,32,22.9,160,34,78.8,101.7,197,432,2.762,33.93,44.63,47.04,72.2,49.45,0.41,23.53,-1.53,NA,NA,NA,nhl_team_stats_20260208.csv
2024,2/8/2026,13,Ottawa Senators,NA,57,28,22,1.27,191,184,3.35,3.23,0.12,28.51,11.75,63,54.8,186,43,23.1,165,45,72.7,95.8,228,553,3.193,61.05,31.17,36.39,66.46,48.77,0.52,29.54,-1.54,NA,NA,NA,nhl_team_stats_20260208.csv
2024,2/8/2026,6,Philadelphia Flyers,NA,56,25,20,1.25,167,177,2.98,3.16,-0.18,25.64,11.63,61,49.2,160,26,16.2,171,36,78.9,95.1,226,569,3.274,38.25,43.82,45.18,65.82,48.27,0.47,26.36,-1.36,NA,NA,NA,nhl_team_stats_20260208.csv
2024,2/8/2026,10,Pittsburgh Penguins,NA,56,29,15,1.93,192,162,3.43,2.89,0.54,29.05,11.8,70,50.1,146,38,26,160,26,83.8,109.8,191,440,2.704,66.18,66.39,63.51,30.03,56.53,0.58,32.75,-3.75,NA,NA,NA,nhl_team_stats_20260208.csv
2024,2/8/2026,26,San Jose Sharks,NA,55,27,24,1.12,171,192,3.11,3.49,-0.38,25.49,12.2,58,47.5,186,38,20.4,170,37,78.2,98.6,205,460,3.054,48.61,31.81,30.35,45.97,39.19,0.44,24.34,2.66,NA,NA,NA,nhl_team_stats_20260208.csv
2024,2/8/2026,143,Seattle Kraken,NA,56,27,20,1.35,162,161,2.89,2.88,0.01,25.36,11.41,63,47.6,159,37,23.3,156,45,71.2,94.5,188,445,2.731,43.53,37.68,50.28,29.86,40.34,0.5,28.1,-1.1,NA,NA,NA,nhl_team_stats_20260208.csv
2024,2/8/2026,17,St. Louis Blues,NA,57,20,28,0.71,147,200,2.58,3.51,-0.93,25.07,10.29,49,50,153,28,18.3,157,42,73.2,91.5,189,446,2.929,26.25,25.93,26.95,62.15,35.32,0.35,19.99,0.01,NA,NA,NA,nhl_team_stats_20260208.csv
2024,2/8/2026,1,Tampa Bay Lightning,NA,55,37,14,2.64,199,138,3.62,2.51,1.11,28.15,12.86,78,47,172,39,22.7,172,28,83.7,106.4,277,792,3.853,69.2,73.57,77.4,58.65,69.71,0.68,37.14,-0.14,NA,NA,NA,nhl_team_stats_20260208.csv
2024,2/8/2026,12,Toronto Maple Leafs,NA,57,27,21,1.29,188,193,3.3,3.39,-0.09,27.32,12.07,63,56.2,133,25,18.8,140,23,83.6,102.4,179,402,2.731,52.11,50.82,45.31,53.65,50.47,0.49,27.73,-0.73,NA,NA,NA,nhl_team_stats_20260208.csv
2024,2/8/2026,30,Utah Mammoth,NA,57,30,23,1.3,183,157,3.21,2.75,0.46,27.77,11.56,64,49.1,156,25,16,174,37,78.7,94.7,221,526,2.897,46.56,64.49,61.86,43.63,54.14,0.58,32.87,-2.87,NA,NA,NA,nhl_team_stats_20260208.csv
2024,2/8/2026,21,Vancouver Canucks,NA,57,18,33,0.55,149,208,2.61,3.65,-1.04,26.88,9.73,42,48.5,171,32,18.7,168,50,70.2,88.9,208,469,3.078,29.37,11.98,15.52,54.57,27.86,0.34,19.28,-1.28,NA,NA,NA,nhl_team_stats_20260208.csv
2024,2/8/2026,142,Vegas Golden Knights,NA,57,27,16,1.69,191,173,3.35,3.04,0.31,28.84,11.62,68,50.8,164,42,25.6,131,25,80.9,106.5,165,387,2.544,63.53,57.58,58.35,41.39,55.21,0.55,31.26,-4.26,NA,NA,NA,nhl_team_stats_20260208.csv
2024,2/8/2026,5,Washington Capitals,NA,59,29,23,1.26,189,172,3.2,2.92,0.28,29.15,10.99,65,49.7,175,29,16.6,190,40,78.9,95.5,233,558,3.04,48.03,52.22,53.68,44.07,49.5,0.55,32.19,-3.19,NA,NA,NA,nhl_team_stats_20260208.csv
2024,2/8/2026,2,Winnipeg Jets,NA,56,22,26,0.85,160,173,2.86,3.09,-0.23,26.27,10.88,52,50.5,155,30,19.4,166,35,78.9,98.3,201,485,2.928,37.98,51.52,48.79,59.56,49.46,0.46,25.84,-3.84,NA,NA,NA,nhl_team_stats_20260208.csv
2024,2/9/2026,29,Anaheim Ducks,NA,56,30,23,1.3,185,195,3.3,3.48,-0.18,30.11,10.97,63,47,168,30,17.9,177,39,78,95.9,220,539,3.275,53.54,36.03,29.81,61.19,45.14,0.47,26.51,3.49,NA,NA,NA,nhl_team_stats_20260209.csv
2024,2/9/2026,11,Boston Bruins,NA,57,32,20,1.6,195,179,3.42,3.14,0.28,27.18,12.59,69,51.9,165,44,26.7,208,50,76,102.7,287,769,3.934,66.57,33.26,36.58,73.38,52.45,0.54,30.93,1.07,NA,NA,NA,nhl_team_stats_20260209.csv
2024,2/9/2026,15,Buffalo Sabres,NA,57,32,19,1.68,195,176,3.42,3.09,0.33,27.63,12.38,70,44.6,169,34,20.1,154,27,82.5,102.6,206,513,3.007,58.86,57.64,54.87,48.16,54.88,0.55,31.38,0.62,NA,NA,NA,nhl_team_stats_20260209.csv
2024,2/9/2026,23,Calgary Flames,NA,56,23,27,0.85,142,167,2.54,2.98,-0.44,29,8.74,52,49,170,28,16.5,161,29,82,98.5,235,679,3.579,25.9,57.65,57.64,71.1,53.07,0.42,23.56,-0.56,NA,NA,NA,nhl_team_stats_20260209.csv
2024,2/9/2026,3,Carolina Hurricanes,NA,57,36,15,2.4,197,160,3.46,2.81,0.65,31.91,10.83,78,50.6,174,38,21.8,157,31,80.3,102.1,203,457,2.698,64.75,62.79,63.61,46.63,59.45,0.6,34.35,1.65,NA,NA,NA,nhl_team_stats_20260209.csv
2024,2/9/2026,20,Chicago Blackhawks,NA,57,22,26,0.85,154,180,2.7,3.16,-0.46,24.75,10.91,53,47.1,161,31,19.3,174,25,85.6,104.9,218,547,3.147,31.74,62.16,53.39,35.96,45.82,0.42,24.05,-2.05,NA,NA,NA,nhl_team_stats_20260209.csv
2024,2/9/2026,22,Colorado Avalanche,NA,55,37,9,4.11,212,133,3.85,2.42,1.43,34.13,11.29,83,51.1,179,27,15.1,149,23,84.6,99.7,179,383,2.353,70.94,81.91,84.77,23.15,65.19,0.72,39.42,-2.42,NA,NA,NA,nhl_team_stats_20260209.csv
2024,2/9/2026,19,Columbus Blue Jackets,NA,56,29,20,1.45,179,176,3.2,3.14,0.06,29.79,10.73,65,51,134,27,20.1,159,36,77.4,97.5,195,445,2.8,51.69,48.62,46,44.02,47.59,0.51,28.53,0.47,NA,NA,NA,nhl_team_stats_20260209.csv
2024,2/9/2026,27,Dallas Stars,NA,57,34,14,2.43,193,157,3.39,2.75,0.64,25.56,13.25,77,52.1,166,50,30.1,171,35,79.5,109.6,201,469,2.72,69.3,61.8,63.27,37.55,57.98,0.6,34.38,-0.38,NA,NA,NA,nhl_team_stats_20260209.csv
2024,2/9/2026,16,Detroit Red Wings,NA,58,33,19,1.74,174,172,3,2.97,0.03,28.34,10.58,72,51,181,42,23.2,151,31,79.5,102.7,191,446,2.696,49.1,56.02,57.38,26.91,47.35,0.51,29.29,3.71,NA,NA,NA,nhl_team_stats_20260209.csv
2024,2/9/2026,24,Edmonton Oilers,NA,58,28,22,1.27,198,191,3.41,3.29,0.12,30.02,11.37,64,52.4,154,50,32.5,159,37,76.7,109.2,202,554,3.189,73.93,37.8,40.01,36.74,47.12,0.52,30.04,-2.04,NA,NA,NA,nhl_team_stats_20260209.csv
2024,2/9/2026,4,Florida Panthers,NA,57,29,25,1.16,174,190,3.05,3.33,-0.28,29.04,10.51,61,47.5,205,40,19.5,200,35,82.5,102,287,693,3.742,47.48,43.18,39.32,85.69,53.92,0.46,26,3,NA,NA,NA,nhl_team_stats_20260209.csv
2024,2/9/2026,28,Los Angeles Kings,NA,56,23,19,1.21,146,155,2.61,2.77,-0.16,27.59,9.45,60,48.4,167,27,16.2,180,43,76.1,92.3,211,483,2.806,26.69,54.46,56.26,44.79,45.55,0.47,26.34,-3.34,NA,NA,NA,nhl_team_stats_20260209.csv
2024,2/9/2026,25,Minnesota Wild,NA,58,34,14,2.43,196,166,3.38,2.86,0.52,28.88,11.7,78,46.4,188,48,25.5,146,34,76.7,102.2,172,398,2.48,65.15,57.13,59.84,46.2,57.08,0.58,33.8,0.2,NA,NA,NA,nhl_team_stats_20260209.csv
2024,2/9/2026,14,Montreal Canadiens,NA,57,32,17,1.88,199,183,3.49,3.21,0.28,26.25,13.3,72,50.7,161,39,24.2,184,43,76.6,100.8,247,588,3.312,65.62,39.37,38.63,63.14,51.69,0.54,30.88,1.12,NA,NA,NA,nhl_team_stats_20260209.csv
2024,2/9/2026,18,Nashville Predators,NA,57,26,24,1.08,169,198,2.96,3.47,-0.51,28.6,10.37,59,51.5,170,37,21.8,170,34,80,101.8,217,488,3.054,46.06,41.93,34.24,42.8,41.26,0.42,24.01,1.99,NA,NA,NA,nhl_team_stats_20260209.csv
2024,2/9/2026,7,New Jersey Devils,NA,57,28,27,1.04,146,175,2.56,3.07,-0.51,29.32,8.74,58,50.3,143,30,21,142,30,78.9,99.9,173,405,2.604,31.55,55.28,53.58,38.16,44.64,0.41,23.38,4.62,NA,NA,NA,nhl_team_stats_20260209.csv
2024,2/9/2026,8,New York Islanders,NA,58,32,21,1.52,169,157,2.91,2.71,0.2,27.45,10.62,69,51.9,169,27,16,158,28,82.3,98.3,197,471,2.682,36.53,69.34,70.2,46.42,55.62,0.54,31.06,0.94,NA,NA,NA,nhl_team_stats_20260209.csv
2024,2/9/2026,9,New York Rangers,NA,57,22,29,0.76,151,180,2.65,3.16,-0.51,25.47,10.4,50,54.5,140,32,22.9,160,34,78.8,101.7,197,432,2.762,33.93,44.63,47.04,72.2,49.45,0.41,23.53,-1.53,NA,NA,NA,nhl_team_stats_20260209.csv
2024,2/9/2026,13,Ottawa Senators,NA,57,28,22,1.27,191,184,3.35,3.23,0.12,28.51,11.75,63,54.8,186,43,23.1,165,45,72.7,95.8,228,553,3.193,61.05,31.17,36.39,66.46,48.77,0.52,29.54,-1.54,NA,NA,NA,nhl_team_stats_20260209.csv
2024,2/9/2026,6,Philadelphia Flyers,NA,56,25,20,1.25,167,177,2.98,3.16,-0.18,25.64,11.63,61,49.2,160,26,16.2,171,36,78.9,95.1,226,569,3.274,38.25,43.82,45.18,65.82,48.27,0.47,26.36,-1.36,NA,NA,NA,nhl_team_stats_20260209.csv
2024,2/9/2026,10,Pittsburgh Penguins,NA,56,29,15,1.93,192,162,3.43,2.89,0.54,29.05,11.8,70,50.1,146,38,26,160,26,83.8,109.8,191,440,2.704,66.18,66.39,63.51,30.03,56.53,0.58,32.75,-3.75,NA,NA,NA,nhl_team_stats_20260209.csv
2024,2/9/2026,26,San Jose Sharks,NA,55,27,24,1.12,171,192,3.11,3.49,-0.38,25.49,12.2,58,47.5,186,38,20.4,170,37,78.2,98.6,205,460,3.054,48.61,31.81,30.35,45.97,39.19,0.44,24.34,2.66,NA,NA,NA,nhl_team_stats_20260209.csv
2024,2/9/2026,143,Seattle Kraken,NA,56,27,20,1.35,162,161,2.89,2.88,0.01,25.36,11.41,63,47.6,159,37,23.3,156,45,71.2,94.5,188,445,2.731,43.53,37.68,50.28,29.86,40.34,0.5,28.1,-1.1,NA,NA,NA,nhl_team_stats_20260209.csv
2024,2/9/2026,17,St. Louis Blues,NA,57,20,28,0.71,147,200,2.58,3.51,-0.93,25.07,10.29,49,50,153,28,18.3,157,42,73.2,91.5,189,446,2.929,26.25,25.93,26.95,62.15,35.32,0.35,19.99,0.01,NA,NA,NA,nhl_team_stats_20260209.csv
2024,2/9/2026,1,Tampa Bay Lightning,NA,55,37,14,2.64,199,138,3.62,2.51,1.11,28.15,12.86,78,47,172,39,22.7,172,28,83.7,106.4,277,792,3.853,69.2,73.57,77.4,58.65,69.71,0.68,37.14,-0.14,NA,NA,NA,nhl_team_stats_20260209.csv
2024,2/9/2026,12,Toronto Maple Leafs,NA,57,27,21,1.29,188,193,3.3,3.39,-0.09,27.32,12.07,63,56.2,133,25,18.8,140,23,83.6,102.4,179,402,2.731,52.11,50.82,45.31,53.65,50.47,0.49,27.73,-0.73,NA,NA,NA,nhl_team_stats_20260209.csv
2024,2/9/2026,30,Utah Mammoth,NA,57,30,23,1.3,183,157,3.21,2.75,0.46,27.77,11.56,64,49.1,156,25,16,174,37,78.7,94.7,221,526,2.897,46.56,64.49,61.86,43.63,54.14,0.58,32.87,-2.87,NA,NA,NA,nhl_team_stats_20260209.csv
2024,2/9/2026,21,Vancouver Canucks,NA,57,18,33,0.55,149,208,2.61,3.65,-1.04,26.88,9.73,42,48.5,171,32,18.7,168,50,70.2,88.9,208,469,3.078,29.37,11.98,15.52,54.57,27.86,0.34,19.28,-1.28,NA,NA,NA,nhl_team_stats_20260209.csv
2024,2/9/2026,142,Vegas Golden Knights,NA,57,27,16,1.69,191,173,3.35,3.04,0.31,28.84,11.62,68,50.8,164,42,25.6,131,25,80.9,106.5,165,387,2.544,63.53,57.58,58.35,41.39,55.21,0.55,31.26,-4.26,NA,NA,NA,nhl_team_stats_20260209.csv
2024,2/9/2026,5,Washington Capitals,NA,59,29,23,1.26,189,172,3.2,2.92,0.28,29.15,10.99,65,49.7,175,29,16.6,190,40,78.9,95.5,233,558,3.04,48.03,52.22,53.68,44.07,49.5,0.55,32.19,-3.19,NA,NA,NA,nhl_team_stats_20260209.csv
2024,2/9/2026,2,Winnipeg Jets,NA,56,22,26,0.85,160,173,2.86,3.09,-0.23,26.27,10.88,52,50.5,155,30,19.4,166,35,78.9,98.3,201,485,2.928,37.98,51.52,48.79,59.56,49.46,0.46,25.84,-3.84,NA,NA,NA,nhl_team_stats_20260209.csv
2024,2/10/2026,29,Anaheim Ducks,NA,56,30,23,1.3,185,195,3.3,3.48,-0.18,30.11,10.97,63,47,168,30,17.9,177,39,78,95.9,220,539,3.275,53.54,36.04,29.81,61.13,45.13,0.47,26.51,3.49,NA,NA,NA,nhl_team_stats_20260210.csv
2024,2/10/2026,11,Boston Bruins,NA,57,32,20,1.6,195,179,3.42,3.14,0.28,27.18,12.59,69,51.9,165,44,26.7,208,50,76,102.7,287,769,3.934,66.57,33.34,36.58,73.17,52.42,0.54,30.93,1.07,NA,NA,NA,nhl_team_stats_20260210.csv
2024,2/10/2026,15,Buffalo Sabres,NA,57,32,19,1.68,195,176,3.42,3.09,0.33,27.61,12.39,70,44.6,169,34,20.1,154,27,82.5,102.6,206,513,3.007,58.86,57.66,54.87,48.13,54.88,0.55,31.38,0.62,NA,NA,NA,nhl_team_stats_20260210.csv
2024,2/10/2026,23,Calgary Flames,NA,56,23,27,0.85,142,167,2.54,2.98,-0.44,29,8.74,52,49,170,28,16.5,161,29,82,98.5,235,679,3.579,25.9,57.72,57.64,70.94,53.05,0.42,23.56,-0.56,NA,NA,NA,nhl_team_stats_20260210.csv
2024,2/10/2026,3,Carolina Hurricanes,NA,57,36,15,2.4,197,160,3.46,2.81,0.65,31.91,10.83,78,50.6,174,38,21.8,157,31,80.3,102.1,203,457,2.698,64.76,62.8,63.61,46.63,59.45,0.6,34.35,1.65,NA,NA,NA,nhl_team_stats_20260210.csv
2024,2/10/2026,20,Chicago Blackhawks,NA,57,22,26,0.85,154,180,2.7,3.16,-0.46,24.75,10.91,53,47.1,161,31,19.3,174,25,85.6,104.9,218,547,3.147,31.74,62.19,53.39,35.91,45.81,0.42,24.05,-2.05,NA,NA,NA,nhl_team_stats_20260210.csv
2024,2/10/2026,22,Colorado Avalanche,NA,55,37,9,4.11,212,133,3.85,2.42,1.43,34.13,11.29,83,51.1,179,27,15.1,149,23,84.6,99.7,179,383,2.353,70.94,81.91,84.77,23.2,65.21,0.72,39.42,-2.42,NA,NA,NA,nhl_team_stats_20260210.csv
2024,2/10/2026,19,Columbus Blue Jackets,NA,56,29,20,1.45,179,176,3.2,3.14,0.06,29.79,10.73,65,51,134,27,20.1,159,36,77.4,97.5,195,445,2.8,51.69,48.62,46,44.03,47.59,0.51,28.53,0.47,NA,NA,NA,nhl_team_stats_20260210.csv
2024,2/10/2026,27,Dallas Stars,NA,57,34,14,2.43,193,157,3.39,2.75,0.64,25.56,13.25,77,52.1,166,50,30.1,171,35,79.5,109.6,201,469,2.72,69.3,61.81,63.27,37.55,57.98,0.6,34.38,-0.38,NA,NA,NA,nhl_team_stats_20260210.csv
2024,2/10/2026,16,Detroit Red Wings,NA,58,33,19,1.74,174,172,3,2.97,0.03,28.34,10.58,72,51,181,42,23.2,151,31,79.5,102.7,191,446,2.696,49.1,56.01,57.38,26.93,47.36,0.51,29.29,3.71,NA,NA,NA,nhl_team_stats_20260210.csv
2024,2/10/2026,24,Edmonton Oilers,NA,58,28,22,1.27,198,191,3.41,3.29,0.12,30.02,11.37,64,52.4,154,50,32.5,159,37,76.7,109.2,202,554,3.189,73.93,37.81,40.01,36.69,47.11,0.52,30.04,-2.04,NA,NA,NA,nhl_team_stats_20260210.csv
2024,2/10/2026,4,Florida Panthers,NA,57,29,25,1.16,174,190,3.05,3.33,-0.28,29.04,10.51,61,47.5,205,40,19.5,200,35,82.5,102,288,703,3.777,47.48,43.04,39.32,86,53.96,0.46,26,3,NA,NA,NA,nhl_team_stats_20260210.csv
2024,2/10/2026,28,Los Angeles Kings,NA,56,23,19,1.21,146,155,2.61,2.77,-0.16,27.59,9.45,60,48.4,167,27,16.2,180,43,76.1,92.3,211,483,2.806,26.69,54.47,56.26,44.77,45.55,0.47,26.34,-3.34,NA,NA,NA,nhl_team_stats_20260210.csv
2024,2/10/2026,25,Minnesota Wild,NA,58,34,14,2.43,196,166,3.38,2.86,0.52,28.88,11.7,78,46.4,188,48,25.5,146,34,76.7,102.2,172,398,2.48,65.15,57.12,59.84,46.25,57.09,0.58,33.8,0.2,NA,NA,NA,nhl_team_stats_20260210.csv
2024,2/10/2026,14,Montreal Canadiens,NA,57,32,17,1.88,199,183,3.49,3.21,0.28,26.25,13.3,72,50.7,161,39,24.2,184,43,76.6,100.8,247,588,3.312,65.62,39.4,38.63,63.06,51.67,0.54,30.88,1.12,NA,NA,NA,nhl_team_stats_20260210.csv
2024,2/10/2026,18,Nashville Predators,NA,57,26,24,1.08,169,198,2.96,3.47,-0.51,28.6,10.37,59,51.5,170,37,21.8,170,34,80,101.8,217,488,3.054,46.06,41.93,34.24,42.78,41.25,0.42,24.01,1.99,NA,NA,NA,nhl_team_stats_20260210.csv
2024,2/10/2026,7,New Jersey Devils,NA,57,28,27,1.04,146,175,2.56,3.07,-0.51,29.32,8.74,58,50.3,143,30,21,142,30,78.9,99.9,173,405,2.604,31.55,55.27,53.58,38.21,44.65,0.41,23.38,4.62,NA,NA,NA,nhl_team_stats_20260210.csv
2024,2/10/2026,8,New York Islanders,NA,58,32,21,1.52,169,157,2.91,2.71,0.2,27.45,10.62,69,51.9,169,27,16,158,28,82.3,98.3,197,471,2.682,36.53,69.36,70.2,46.42,55.63,0.54,31.06,0.94,NA,NA,NA,nhl_team_stats_20260210.csv
2024,2/10/2026,9,New York Rangers,NA,57,22,29,0.76,151,180,2.65,3.16,-0.51,25.47,10.4,50,54.5,140,32,22.9,160,34,78.8,101.7,197,432,2.762,33.93,44.62,47.04,72.22,49.45,0.41,23.53,-1.53,NA,NA,NA,nhl_team_stats_20260210.csv
2024,2/10/2026,13,Ottawa Senators,NA,57,28,22,1.27,191,184,3.35,3.23,0.12,28.51,11.75,63,54.8,186,43,23.1,165,45,72.7,95.8,228,553,3.193,61.06,31.18,36.39,66.4,48.76,0.52,29.54,-1.54,NA,NA,NA,nhl_team_stats_20260210.csv
2024,2/10/2026,6,Philadelphia Flyers,NA,56,25,20,1.25,167,177,2.98,3.16,-0.18,25.64,11.63,61,49.2,160,26,16.2,171,36,78.9,95.1,226,569,3.274,38.25,43.85,45.18,65.74,48.25,0.47,26.36,-1.36,NA,NA,NA,nhl_team_stats_20260210.csv
2024,2/10/2026,10,Pittsburgh Penguins,NA,56,29,15,1.93,192,162,3.43,2.89,0.54,29.05,11.8,70,50.1,146,38,26,160,26,83.8,109.8,191,440,2.704,66.18,66.4,63.51,30.05,56.53,0.58,32.75,-3.75,NA,NA,NA,nhl_team_stats_20260210.csv
2024,2/10/2026,26,San Jose Sharks,NA,55,27,24,1.12,171,192,3.11,3.49,-0.38,25.49,12.2,58,47.5,186,38,20.4,170,37,78.2,98.6,205,460,3.054,48.61,31.8,30.35,45.97,39.18,0.44,24.34,2.66,NA,NA,NA,nhl_team_stats_20260210.csv
2024,2/10/2026,143,Seattle Kraken,NA,56,27,20,1.35,162,161,2.89,2.88,0.01,25.36,11.41,63,47.6,159,37,23.3,156,45,71.2,94.5,188,445,2.731,43.53,37.66,50.28,29.88,40.34,0.5,28.1,-1.1,NA,NA,NA,nhl_team_stats_20260210.csv
2024,2/10/2026,17,St. Louis Blues,NA,57,20,28,0.71,147,200,2.58,3.51,-0.93,25.07,10.29,49,50,153,28,18.3,157,42,73.2,91.5,189,446,2.929,26.25,25.91,26.95,62.16,35.32,0.35,19.99,0.01,NA,NA,NA,nhl_team_stats_20260210.csv
2024,2/10/2026,1,Tampa Bay Lightning,NA,55,37,14,2.64,199,138,3.62,2.51,1.11,28.15,12.86,78,47,172,39,22.7,172,28,83.7,106.4,278,802,3.89,69.2,73.48,77.4,58.9,69.74,0.68,37.14,-0.14,NA,NA,NA,nhl_team_stats_20260210.csv
2024,2/10/2026,12,Toronto Maple Leafs,NA,57,27,21,1.29,188,193,3.3,3.39,-0.09,27.32,12.07,63,56.2,133,25,18.8,140,23,83.6,102.4,179,402,2.731,52.11,50.8,45.31,53.7,50.48,0.49,27.73,-0.73,NA,NA,NA,nhl_team_stats_20260210.csv
2024,2/10/2026,30,Utah Mammoth,NA,57,30,23,1.3,183,157,3.21,2.75,0.46,27.77,11.56,64,49.1,156,25,16,174,37,78.7,94.7,221,526,2.897,46.56,64.52,61.86,43.59,54.13,0.58,32.87,-2.87,NA,NA,NA,nhl_team_stats_20260210.csv
2024,2/10/2026,21,Vancouver Canucks,NA,57,18,33,0.55,149,208,2.61,3.65,-1.04,26.88,9.73,42,48.5,171,32,18.7,168,50,70.2,88.9,208,469,3.078,29.37,11.95,15.52,54.57,27.85,0.34,19.28,-1.28,NA,NA,NA,nhl_team_stats_20260210.csv
2024,2/10/2026,142,Vegas Golden Knights,NA,57,27,16,1.69,191,173,3.35,3.04,0.31,28.84,11.62,68,50.8,164,42,25.6,131,25,80.9,106.5,165,387,2.544,63.53,57.56,58.35,41.45,55.22,0.55,31.26,-4.26,NA,NA,NA,nhl_team_stats_20260210.csv
2024,2/10/2026,5,Washington Capitals,NA,59,29,23,1.26,189,172,3.2,2.92,0.28,29.15,10.99,65,49.7,175,29,16.6,190,40,78.9,95.5,233,558,3.04,48.03,52.25,53.68,44.03,49.49,0.55,32.19,-3.19,NA,NA,NA,nhl_team_stats_20260210.csv
2024,2/10/2026,2,Winnipeg Jets,NA,56,22,26,0.85,160,173,2.86,3.09,-0.23,26.27,10.88,52,50.5,155,30,19.4,166,35,78.9,98.3,201,485,2.928,37.98,51.53,48.79,59.54,49.46,0.46,25.84,-3.84,NA,NA,NA,nhl_team_stats_20260210.csv
2024,2/11/2026,29,Anaheim Ducks,NA,56,30,23,1.3,185,195,3.3,3.48,-0.18,30.11,10.97,63,47,168,30,17.9,177,39,78,95.9,220,539,3.275,53.54,36.04,29.81,61.13,45.13,0.47,26.51,3.49,NA,NA,NA,nhl_team_stats_20260211.csv
2024,2/11/2026,11,Boston Bruins,NA,57,32,20,1.6,195,179,3.42,3.14,0.28,27.18,12.59,69,51.9,165,44,26.7,208,50,76,102.7,287,769,3.934,66.57,33.34,36.58,73.17,52.42,0.54,30.93,1.07,NA,NA,NA,nhl_team_stats_20260211.csv
2024,2/11/2026,15,Buffalo Sabres,NA,57,32,19,1.68,195,176,3.42,3.09,0.33,27.61,12.39,70,44.6,169,34,20.1,154,27,82.5,102.6,206,513,3.007,58.86,57.66,54.87,48.13,54.88,0.55,31.38,0.62,NA,NA,NA,nhl_team_stats_20260211.csv
2024,2/11/2026,23,Calgary Flames,NA,56,23,27,0.85,142,167,2.54,2.98,-0.44,29,8.74,52,49,170,28,16.5,161,29,82,98.5,235,679,3.579,25.9,57.72,57.64,70.94,53.05,0.42,23.56,-0.56,NA,NA,NA,nhl_team_stats_20260211.csv
2024,2/11/2026,3,Carolina Hurricanes,NA,57,36,15,2.4,197,160,3.46,2.81,0.65,31.91,10.83,78,50.6,174,38,21.8,157,31,80.3,102.1,203,457,2.698,64.76,62.8,63.61,46.63,59.45,0.6,34.35,1.65,NA,NA,NA,nhl_team_stats_20260211.csv
2024,2/11/2026,20,Chicago Blackhawks,NA,57,22,26,0.85,154,180,2.7,3.16,-0.46,24.75,10.91,53,47.1,161,31,19.3,174,25,85.6,104.9,218,547,3.147,31.74,62.19,53.39,35.91,45.81,0.42,24.05,-2.05,NA,NA,NA,nhl_team_stats_20260211.csv
2024,2/11/2026,22,Colorado Avalanche,NA,55,37,9,4.11,212,133,3.85,2.42,1.43,34.13,11.29,83,51.1,179,27,15.1,149,23,84.6,99.7,179,383,2.353,70.94,81.91,84.77,23.2,65.21,0.72,39.42,-2.42,NA,NA,NA,nhl_team_stats_20260211.csv
2024,2/11/2026,19,Columbus Blue Jackets,NA,56,29,20,1.45,179,176,3.2,3.14,0.06,29.79,10.73,65,51,134,27,20.1,159,36,77.4,97.5,195,445,2.8,51.69,48.62,46,44.03,47.59,0.51,28.53,0.47,NA,NA,NA,nhl_team_stats_20260211.csv
2024,2/11/2026,27,Dallas Stars,NA,57,34,14,2.43,193,157,3.39,2.75,0.64,25.56,13.25,77,52.1,166,50,30.1,171,35,79.5,109.6,201,469,2.72,69.3,61.81,63.27,37.55,57.98,0.6,34.38,-0.38,NA,NA,NA,nhl_team_stats_20260211.csv
2024,2/11/2026,16,Detroit Red Wings,NA,58,33,19,1.74,174,172,3,2.97,0.03,28.34,10.58,72,51,181,42,23.2,151,31,79.5,102.7,191,446,2.696,49.1,56.01,57.38,26.93,47.36,0.51,29.29,3.71,NA,NA,NA,nhl_team_stats_20260211.csv
2024,2/11/2026,24,Edmonton Oilers,NA,58,28,22,1.27,198,191,3.41,3.29,0.12,30.02,11.37,64,52.4,154,50,32.5,159,37,76.7,109.2,202,554,3.189,73.93,37.81,40.01,36.69,47.11,0.52,30.04,-2.04,NA,NA,NA,nhl_team_stats_20260211.csv
2024,2/11/2026,4,Florida Panthers,NA,57,29,25,1.16,174,190,3.05,3.33,-0.28,29.04,10.51,61,47.5,205,40,19.5,200,35,82.5,102,288,703,3.777,47.48,43.04,39.32,86,53.96,0.46,26,3,NA,NA,NA,nhl_team_stats_20260211.csv
2024,2/11/2026,28,Los Angeles Kings,NA,56,23,19,1.21,146,155,2.61,2.77,-0.16,27.59,9.45,60,48.4,167,27,16.2,180,43,76.1,92.3,211,483,2.806,26.69,54.47,56.26,44.77,45.55,0.47,26.34,-3.34,NA,NA,NA,nhl_team_stats_20260211.csv
2024,2/11/2026,25,Minnesota Wild,NA,58,34,14,2.43,196,166,3.38,2.86,0.52,28.88,11.7,78,46.4,188,48,25.5,146,34,76.7,102.2,172,398,2.48,65.15,57.12,59.84,46.25,57.09,0.58,33.8,0.2,NA,NA,NA,nhl_team_stats_20260211.csv
2024,2/11/2026,14,Montreal Canadiens,NA,57,32,17,1.88,199,183,3.49,3.21,0.28,26.25,13.3,72,50.7,161,39,24.2,184,43,76.6,100.8,247,588,3.312,65.62,39.4,38.63,63.06,51.67,0.54,30.88,1.12,NA,NA,NA,nhl_team_stats_20260211.csv
2024,2/11/2026,18,Nashville Predators,NA,57,26,24,1.08,169,198,2.96,3.47,-0.51,28.6,10.37,59,51.5,170,37,21.8,170,34,80,101.8,217,488,3.054,46.06,41.93,34.24,42.78,41.25,0.42,24.01,1.99,NA,NA,NA,nhl_team_stats_20260211.csv
2024,2/11/2026,7,New Jersey Devils,NA,57,28,27,1.04,146,175,2.56,3.07,-0.51,29.32,8.74,58,50.3,143,30,21,142,30,78.9,99.9,173,405,2.604,31.55,55.27,53.58,38.21,44.65,0.41,23.38,4.62,NA,NA,NA,nhl_team_stats_20260211.csv
2024,2/11/2026,8,New York Islanders,NA,58,32,21,1.52,169,157,2.91,2.71,0.2,27.45,10.62,69,51.9,169,27,16,158,28,82.3,98.3,197,471,2.682,36.53,69.36,70.2,46.42,55.63,0.54,31.06,0.94,NA,NA,NA,nhl_team_stats_20260211.csv
2024,2/11/2026,9,New York Rangers,NA,57,22,29,0.76,151,180,2.65,3.16,-0.51,25.47,10.4,50,54.5,140,32,22.9,160,34,78.8,101.7,197,432,2.762,33.93,44.62,47.04,72.22,49.45,0.41,23.53,-1.53,NA,NA,NA,nhl_team_stats_20260211.csv
2024,2/11/2026,13,Ottawa Senators,NA,57,28,22,1.27,191,184,3.35,3.23,0.12,28.51,11.75,63,54.8,186,43,23.1,165,45,72.7,95.8,228,553,3.193,61.06,31.18,36.39,66.4,48.76,0.52,29.54,-1.54,NA,NA,NA,nhl_team_stats_20260211.csv
2024,2/11/2026,6,Philadelphia Flyers,NA,56,25,20,1.25,167,177,2.98,3.16,-0.18,25.64,11.63,61,49.2,160,26,16.2,171,36,78.9,95.1,226,569,3.274,38.25,43.85,45.18,65.74,48.25,0.47,26.36,-1.36,NA,NA,NA,nhl_team_stats_20260211.csv
2024,2/11/2026,10,Pittsburgh Penguins,NA,56,29,15,1.93,192,162,3.43,2.89,0.54,29.05,11.8,70,50.1,146,38,26,160,26,83.8,109.8,191,440,2.704,66.18,66.4,63.51,30.05,56.53,0.58,32.75,-3.75,NA,NA,NA,nhl_team_stats_20260211.csv
2024,2/11/2026,26,San Jose Sharks,NA,55,27,24,1.12,171,192,3.11,3.49,-0.38,25.49,12.2,58,47.5,186,38,20.4,170,37,78.2,98.6,205,460,3.054,48.61,31.8,30.35,45.97,39.18,0.44,24.34,2.66,NA,NA,NA,nhl_team_stats_20260211.csv
2024,2/11/2026,143,Seattle Kraken,NA,56,27,20,1.35,162,161,2.89,2.88,0.01,25.36,11.41,63,47.6,159,37,23.3,156,45,71.2,94.5,188,445,2.731,43.53,37.66,50.28,29.88,40.34,0.5,28.1,-1.1,NA,NA,NA,nhl_team_stats_20260211.csv
2024,2/11/2026,17,St. Louis Blues,NA,57,20,28,0.71,147,200,2.58,3.51,-0.93,25.07,10.29,49,50,153,28,18.3,157,42,73.2,91.5,189,446,2.929,26.25,25.91,26.95,62.16,35.32,0.35,19.99,0.01,NA,NA,NA,nhl_team_stats_20260211.csv
2024,2/11/2026,1,Tampa Bay Lightning,NA,55,37,14,2.64,199,138,3.62,2.51,1.11,28.15,12.86,78,47,172,39,22.7,172,28,83.7,106.4,278,802,3.89,69.2,73.48,77.4,58.9,69.74,0.68,37.14,-0.14,NA,NA,NA,nhl_team_stats_20260211.csv
2024,2/11/2026,12,Toronto Maple Leafs,NA,57,27,21,1.29,188,193,3.3,3.39,-0.09,27.32,12.07,63,56.2,133,25,18.8,140,23,83.6,102.4,179,402,2.731,52.11,50.8,45.31,53.7,50.48,0.49,27.73,-0.73,NA,NA,NA,nhl_team_stats_20260211.csv
2024,2/11/2026,30,Utah Mammoth,NA,57,30,23,1.3,183,157,3.21,2.75,0.46,27.77,11.56,64,49.1,156,25,16,174,37,78.7,94.7,221,526,2.897,46.56,64.52,61.86,43.59,54.13,0.58,32.87,-2.87,NA,NA,NA,nhl_team_stats_20260211.csv
2024,2/11/2026,21,Vancouver Canucks,NA,57,18,33,0.55,149,208,2.61,3.65,-1.04,26.88,9.73,42,48.5,171,32,18.7,168,50,70.2,88.9,208,469,3.078,29.37,11.95,15.52,54.57,27.85,0.34,19.28,-1.28,NA,NA,NA,nhl_team_stats_20260211.csv
2024,2/11/2026,142,Vegas Golden Knights,NA,57,27,16,1.69,191,173,3.35,3.04,0.31,28.84,11.62,68,50.8,164,42,25.6,131,25,80.9,106.5,165,387,2.544,63.53,57.56,58.35,41.45,55.22,0.55,31.26,-4.26,NA,NA,NA,nhl_team_stats_20260211.csv
2024,2/11/2026,5,Washington Capitals,NA,59,29,23,1.26,189,172,3.2,2.92,0.28,29.15,10.99,65,49.7,175,29,16.6,190,40,78.9,95.5,233,558,3.04,48.03,52.25,53.68,44.03,49.49,0.55,32.19,-3.19,NA,NA,NA,nhl_team_stats_20260211.csv
2024,2/11/2026,2,Winnipeg Jets,NA,56,22,26,0.85,160,173,2.86,3.09,-0.23,26.27,10.88,52,50.5,155,30,19.4,166,35,78.9,98.3,201,485,2.928,37.98,51.53,48.79,59.54,49.46,0.46,25.84,-3.84,NA,NA,NA,nhl_team_stats_20260211.csv
2024,2/12/2026,29,Anaheim Ducks,NA,56,30,23,1.3,185,195,3.3,3.48,-0.18,30.11,10.97,63,47,168,30,17.9,177,39,78,95.9,220,539,3.275,53.54,36.04,29.81,61.13,45.13,0.47,26.51,3.49,NA,NA,NA,nhl_team_stats_20260212.csv
2024,2/12/2026,11,Boston Bruins,NA,57,32,20,1.6,195,179,3.42,3.14,0.28,27.18,12.59,69,51.9,165,44,26.7,208,50,76,102.7,287,769,3.934,66.57,33.34,36.58,73.17,52.42,0.54,30.93,1.07,NA,NA,NA,nhl_team_stats_20260212.csv
2024,2/12/2026,15,Buffalo Sabres,NA,57,32,19,1.68,195,176,3.42,3.09,0.33,27.61,12.39,70,44.6,169,34,20.1,154,27,82.5,102.6,206,513,3.007,58.86,57.66,54.87,48.13,54.88,0.55,31.38,0.62,NA,NA,NA,nhl_team_stats_20260212.csv
2024,2/12/2026,23,Calgary Flames,NA,56,23,27,0.85,142,167,2.54,2.98,-0.44,29,8.74,52,49,170,28,16.5,161,29,82,98.5,235,679,3.579,25.9,57.72,57.64,70.94,53.05,0.42,23.56,-0.56,NA,NA,NA,nhl_team_stats_20260212.csv
2024,2/12/2026,3,Carolina Hurricanes,NA,57,36,15,2.4,197,160,3.46,2.81,0.65,31.91,10.83,78,50.6,174,38,21.8,157,31,80.3,102.1,203,457,2.698,64.76,62.8,63.61,46.63,59.45,0.6,34.35,1.65,NA,NA,NA,nhl_team_stats_20260212.csv
2024,2/12/2026,20,Chicago Blackhawks,NA,57,22,26,0.85,154,180,2.7,3.16,-0.46,24.75,10.91,53,47.1,161,31,19.3,174,25,85.6,104.9,218,547,3.147,31.74,62.19,53.39,35.91,45.81,0.42,24.05,-2.05,NA,NA,NA,nhl_team_stats_20260212.csv
2024,2/12/2026,22,Colorado Avalanche,NA,55,37,9,4.11,212,133,3.85,2.42,1.43,34.13,11.29,83,51.1,179,27,15.1,149,23,84.6,99.7,179,383,2.353,70.94,81.91,84.77,23.2,65.21,0.72,39.42,-2.42,NA,NA,NA,nhl_team_stats_20260212.csv
2024,2/12/2026,19,Columbus Blue Jackets,NA,56,29,20,1.45,179,176,3.2,3.14,0.06,29.79,10.73,65,51,134,27,20.1,159,36,77.4,97.5,195,445,2.8,51.69,48.62,46,44.03,47.59,0.51,28.53,0.47,NA,NA,NA,nhl_team_stats_20260212.csv
2024,2/12/2026,27,Dallas Stars,NA,57,34,14,2.43,193,157,3.39,2.75,0.64,25.56,13.25,77,52.1,166,50,30.1,171,35,79.5,109.6,201,469,2.72,69.3,61.81,63.27,37.55,57.98,0.6,34.38,-0.38,NA,NA,NA,nhl_team_stats_20260212.csv
2024,2/12/2026,16,Detroit Red Wings,NA,58,33,19,1.74,174,172,3,2.97,0.03,28.34,10.58,72,51,181,42,23.2,151,31,79.5,102.7,191,446,2.696,49.1,56.01,57.38,26.93,47.36,0.51,29.29,3.71,NA,NA,NA,nhl_team_stats_20260212.csv
2024,2/12/2026,24,Edmonton Oilers,NA,58,28,22,1.27,198,191,3.41,3.29,0.12,30.02,11.37,64,52.4,154,50,32.5,159,37,76.7,109.2,202,554,3.189,73.93,37.81,40.01,36.69,47.11,0.52,30.04,-2.04,NA,NA,NA,nhl_team_stats_20260212.csv
2024,2/12/2026,4,Florida Panthers,NA,57,29,25,1.16,174,190,3.05,3.33,-0.28,29.04,10.51,61,47.5,205,40,19.5,200,35,82.5,102,288,703,3.777,47.48,43.04,39.32,86,53.96,0.46,26,3,NA,NA,NA,nhl_team_stats_20260212.csv
2024,2/12/2026,28,Los Angeles Kings,NA,56,23,19,1.21,146,155,2.61,2.77,-0.16,27.59,9.45,60,48.4,167,27,16.2,180,43,76.1,92.3,211,483,2.806,26.69,54.47,56.26,44.77,45.55,0.47,26.34,-3.34,NA,NA,NA,nhl_team_stats_20260212.csv
2024,2/12/2026,25,Minnesota Wild,NA,58,34,14,2.43,196,166,3.38,2.86,0.52,28.88,11.7,78,46.4,188,48,25.5,146,34,76.7,102.2,172,398,2.48,65.15,57.12,59.84,46.25,57.09,0.58,33.8,0.2,NA,NA,NA,nhl_team_stats_20260212.csv
2024,2/12/2026,14,Montreal Canadiens,NA,57,32,17,1.88,199,183,3.49,3.21,0.28,26.25,13.3,72,50.7,161,39,24.2,184,43,76.6,100.8,247,588,3.312,65.62,39.4,38.63,63.06,51.67,0.54,30.88,1.12,NA,NA,NA,nhl_team_stats_20260212.csv
2024,2/12/2026,18,Nashville Predators,NA,57,26,24,1.08,169,198,2.96,3.47,-0.51,28.6,10.37,59,51.5,170,37,21.8,170,34,80,101.8,217,488,3.054,46.06,41.93,34.24,42.78,41.25,0.42,24.01,1.99,NA,NA,NA,nhl_team_stats_20260212.csv
2024,2/12/2026,7,New Jersey Devils,NA,57,28,27,1.04,146,175,2.56,3.07,-0.51,29.32,8.74,58,50.3,143,30,21,142,30,78.9,99.9,173,405,2.604,31.55,55.27,53.58,38.21,44.65,0.41,23.38,4.62,NA,NA,NA,nhl_team_stats_20260212.csv
2024,2/12/2026,8,New York Islanders,NA,58,32,21,1.52,169,157,2.91,2.71,0.2,27.45,10.62,69,51.9,169,27,16,158,28,82.3,98.3,197,471,2.682,36.53,69.36,70.2,46.42,55.63,0.54,31.06,0.94,NA,NA,NA,nhl_team_stats_20260212.csv
2024,2/12/2026,9,New York Rangers,NA,57,22,29,0.76,151,180,2.65,3.16,-0.51,25.47,10.4,50,54.5,140,32,22.9,160,34,78.8,101.7,197,432,2.762,33.93,44.62,47.04,72.22,49.45,0.41,23.53,-1.53,NA,NA,NA,nhl_team_stats_20260212.csv
2024,2/12/2026,13,Ottawa Senators,NA,57,28,22,1.27,191,184,3.35,3.23,0.12,28.51,11.75,63,54.8,186,43,23.1,165,45,72.7,95.8,228,553,3.193,61.06,31.18,36.39,66.4,48.76,0.52,29.54,-1.54,NA,NA,NA,nhl_team_stats_20260212.csv
2024,2/12/2026,6,Philadelphia Flyers,NA,56,25,20,1.25,167,177,2.98,3.16,-0.18,25.64,11.63,61,49.2,160,26,16.2,171,36,78.9,95.1,226,569,3.274,38.25,43.85,45.18,65.74,48.25,0.47,26.36,-1.36,NA,NA,NA,nhl_team_stats_20260212.csv
2024,2/12/2026,10,Pittsburgh Penguins,NA,56,29,15,1.93,192,162,3.43,2.89,0.54,29.05,11.8,70,50.1,146,38,26,160,26,83.8,109.8,191,440,2.704,66.18,66.4,63.51,30.05,56.53,0.58,32.75,-3.75,NA,NA,NA,nhl_team_stats_20260212.csv
2024,2/12/2026,26,San Jose Sharks,NA,55,27,24,1.12,171,192,3.11,3.49,-0.38,25.49,12.2,58,47.5,186,38,20.4,170,37,78.2,98.6,205,460,3.054,48.61,31.8,30.35,45.97,39.18,0.44,24.34,2.66,NA,NA,NA,nhl_team_stats_20260212.csv
2024,2/12/2026,143,Seattle Kraken,NA,56,27,20,1.35,162,161,2.89,2.88,0.01,25.36,11.41,63,47.6,159,37,23.3,156,45,71.2,94.5,188,445,2.731,43.53,37.66,50.28,29.88,40.34,0.5,28.1,-1.1,NA,NA,NA,nhl_team_stats_20260212.csv
2024,2/12/2026,17,St. Louis Blues,NA,57,20,28,0.71,147,200,2.58,3.51,-0.93,25.07,10.29,49,50,153,28,18.3,157,42,73.2,91.5,189,446,2.929,26.25,25.91,26.95,62.16,35.32,0.35,19.99,0.01,NA,NA,NA,nhl_team_stats_20260212.csv
2024,2/12/2026,1,Tampa Bay Lightning,NA,55,37,14,2.64,199,138,3.62,2.51,1.11,28.15,12.86,78,47,172,39,22.7,172,28,83.7,106.4,278,802,3.89,69.2,73.48,77.4,58.9,69.74,0.68,37.14,-0.14,NA,NA,NA,nhl_team_stats_20260212.csv
2024,2/12/2026,12,Toronto Maple Leafs,NA,57,27,21,1.29,188,193,3.3,3.39,-0.09,27.32,12.07,63,56.2,133,25,18.8,140,23,83.6,102.4,179,402,2.731,52.11,50.8,45.31,53.7,50.48,0.49,27.73,-0.73,NA,NA,NA,nhl_team_stats_20260212.csv
2024,2/12/2026,30,Utah Mammoth,NA,57,30,23,1.3,183,157,3.21,2.75,0.46,27.77,11.56,64,49.1,156,25,16,174,37,78.7,94.7,221,526,2.897,46.56,64.52,61.86,43.59,54.13,0.58,32.87,-2.87,NA,NA,NA,nhl_team_stats_20260212.csv
2024,2/12/2026,21,Vancouver Canucks,NA,57,18,33,0.55,149,208,2.61,3.65,-1.04,26.88,9.73,42,48.5,171,32,18.7,168,50,70.2,88.9,208,469,3.078,29.37,11.95,15.52,54.57,27.85,0.34,19.28,-1.28,NA,NA,NA,nhl_team_stats_20260212.csv
2024,2/12/2026,142,Vegas Golden Knights,NA,57,27,16,1.69,191,173,3.35,3.04,0.31,28.84,11.62,68,50.8,164,42,25.6,131,25,80.9,106.5,165,387,2.544,63.53,57.56,58.35,41.45,55.22,0.55,31.26,-4.26,NA,NA,NA,nhl_team_stats_20260212.csv
2024,2/12/2026,5,Washington Capitals,NA,59,29,23,1.26,189,172,3.2,2.92,0.28,29.15,10.99,65,49.7,175,29,16.6,190,40,78.9,95.5,233,558,3.04,48.03,52.25,53.68,44.03,49.49,0.55,32.19,-3.19,NA,NA,NA,nhl_team_stats_20260212.csv
2024,2/12/2026,2,Winnipeg Jets,NA,56,22,26,0.85,160,173,2.86,3.09,-0.23,26.27,10.88,52,50.5,155,30,19.4,166,35,78.9,98.3,201,485,2.928,37.98,51.53,48.79,59.54,49.46,0.46,25.84,-3.84,NA,NA,NA,nhl_team_stats_20260212.csv
2024,2/13/2026,29,Anaheim Ducks,NA,56,30,23,1.3,185,195,3.3,3.48,-0.18,30.11,10.97,63,47,168,30,17.9,177,39,78,95.9,220,539,3.275,53.54,36.04,29.81,61.13,45.13,0.47,26.51,3.49,NA,NA,NA,nhl_team_stats_20260213.csv
2024,2/13/2026,11,Boston Bruins,NA,57,32,20,1.6,195,179,3.42,3.14,0.28,27.18,12.59,69,51.9,165,44,26.7,208,50,76,102.7,287,769,3.934,66.57,33.34,36.58,73.17,52.42,0.54,30.93,1.07,NA,NA,NA,nhl_team_stats_20260213.csv
2024,2/13/2026,15,Buffalo Sabres,NA,57,32,19,1.68,195,176,3.42,3.09,0.33,27.61,12.39,70,44.6,169,34,20.1,154,27,82.5,102.6,206,513,3.007,58.86,57.66,54.87,48.13,54.88,0.55,31.38,0.62,NA,NA,NA,nhl_team_stats_20260213.csv
2024,2/13/2026,23,Calgary Flames,NA,56,23,27,0.85,142,167,2.54,2.98,-0.44,29,8.74,52,49,170,28,16.5,161,29,82,98.5,235,679,3.579,25.9,57.72,57.64,70.94,53.05,0.42,23.56,-0.56,NA,NA,NA,nhl_team_stats_20260213.csv
2024,2/13/2026,3,Carolina Hurricanes,NA,57,36,15,2.4,197,160,3.46,2.81,0.65,31.91,10.83,78,50.6,174,38,21.8,157,31,80.3,102.1,203,457,2.698,64.76,62.8,63.61,46.63,59.45,0.6,34.35,1.65,NA,NA,NA,nhl_team_stats_20260213.csv
2024,2/13/2026,20,Chicago Blackhawks,NA,57,22,26,0.85,154,180,2.7,3.16,-0.46,24.75,10.91,53,47.1,161,31,19.3,174,25,85.6,104.9,218,547,3.147,31.74,62.19,53.39,35.91,45.81,0.42,24.05,-2.05,NA,NA,NA,nhl_team_stats_20260213.csv
2024,2/13/2026,22,Colorado Avalanche,NA,55,37,9,4.11,212,133,3.85,2.42,1.43,34.13,11.29,83,51.1,179,27,15.1,149,23,84.6,99.7,179,383,2.353,70.94,81.91,84.77,23.2,65.21,0.72,39.42,-2.42,NA,NA,NA,nhl_team_stats_20260213.csv
2024,2/13/2026,19,Columbus Blue Jackets,NA,56,29,20,1.45,179,176,3.2,3.14,0.06,29.79,10.73,65,51,134,27,20.1,159,36,77.4,97.5,195,445,2.8,51.69,48.62,46,44.03,47.59,0.51,28.53,0.47,NA,NA,NA,nhl_team_stats_20260213.csv
2024,2/13/2026,27,Dallas Stars,NA,57,34,14,2.43,193,157,3.39,2.75,0.64,25.56,13.25,77,52.1,166,50,30.1,171,35,79.5,109.6,201,469,2.72,69.3,61.81,63.27,37.55,57.98,0.6,34.38,-0.38,NA,NA,NA,nhl_team_stats_20260213.csv
2024,2/13/2026,16,Detroit Red Wings,NA,58,33,19,1.74,174,172,3,2.97,0.03,28.34,10.58,72,51,181,42,23.2,151,31,79.5,102.7,191,446,2.696,49.1,56.01,57.38,26.93,47.36,0.51,29.29,3.71,NA,NA,NA,nhl_team_stats_20260213.csv
2024,2/13/2026,24,Edmonton Oilers,NA,58,28,22,1.27,198,191,3.41,3.29,0.12,30.02,11.37,64,52.4,154,50,32.5,159,37,76.7,109.2,202,554,3.189,73.93,37.81,40.01,36.69,47.11,0.52,30.04,-2.04,NA,NA,NA,nhl_team_stats_20260213.csv
2024,2/13/2026,4,Florida Panthers,NA,57,29,25,1.16,174,190,3.05,3.33,-0.28,29.04,10.51,61,47.5,205,40,19.5,200,35,82.5,102,288,703,3.777,47.48,43.04,39.32,86,53.96,0.46,26,3,NA,NA,NA,nhl_team_stats_20260213.csv
2024,2/13/2026,28,Los Angeles Kings,NA,56,23,19,1.21,146,155,2.61,2.77,-0.16,27.59,9.45,60,48.4,167,27,16.2,180,43,76.1,92.3,211,483,2.806,26.69,54.47,56.26,44.77,45.55,0.47,26.34,-3.34,NA,NA,NA,nhl_team_stats_20260213.csv
2024,2/13/2026,25,Minnesota Wild,NA,58,34,14,2.43,196,166,3.38,2.86,0.52,28.88,11.7,78,46.4,188,48,25.5,146,34,76.7,102.2,172,398,2.48,65.15,57.12,59.84,46.25,57.09,0.58,33.8,0.2,NA,NA,NA,nhl_team_stats_20260213.csv
2024,2/13/2026,14,Montreal Canadiens,NA,57,32,17,1.88,199,183,3.49,3.21,0.28,26.25,13.3,72,50.7,161,39,24.2,184,43,76.6,100.8,247,588,3.312,65.62,39.4,38.63,63.06,51.67,0.54,30.88,1.12,NA,NA,NA,nhl_team_stats_20260213.csv
2024,2/13/2026,18,Nashville Predators,NA,57,26,24,1.08,169,198,2.96,3.47,-0.51,28.6,10.37,59,51.5,170,37,21.8,170,34,80,101.8,217,488,3.054,46.06,41.93,34.24,42.78,41.25,0.42,24.01,1.99,NA,NA,NA,nhl_team_stats_20260213.csv
2024,2/13/2026,7,New Jersey Devils,NA,57,28,27,1.04,146,175,2.56,3.07,-0.51,29.32,8.74,58,50.3,143,30,21,142,30,78.9,99.9,173,405,2.604,31.55,55.27,53.58,38.21,44.65,0.41,23.38,4.62,NA,NA,NA,nhl_team_stats_20260213.csv
2024,2/13/2026,8,New York Islanders,NA,58,32,21,1.52,169,157,2.91,2.71,0.2,27.45,10.62,69,51.9,169,27,16,158,28,82.3,98.3,197,471,2.682,36.53,69.36,70.2,46.42,55.63,0.54,31.06,0.94,NA,NA,NA,nhl_team_stats_20260213.csv
2024,2/13/2026,9,New York Rangers,NA,57,22,29,0.76,151,180,2.65,3.16,-0.51,25.47,10.4,50,54.5,140,32,22.9,160,34,78.8,101.7,197,432,2.762,33.93,44.62,47.04,72.22,49.45,0.41,23.53,-1.53,NA,NA,NA,nhl_team_stats_20260213.csv
2024,2/13/2026,13,Ottawa Senators,NA,57,28,22,1.27,191,184,3.35,3.23,0.12,28.51,11.75,63,54.8,186,43,23.1,165,45,72.7,95.8,228,553,3.193,61.06,31.18,36.39,66.4,48.76,0.52,29.54,-1.54,NA,NA,NA,nhl_team_stats_20260213.csv
2024,2/13/2026,6,Philadelphia Flyers,NA,56,25,20,1.25,167,177,2.98,3.16,-0.18,25.64,11.63,61,49.2,160,26,16.2,171,36,78.9,95.1,226,569,3.274,38.25,43.85,45.18,65.74,48.25,0.47,26.36,-1.36,NA,NA,NA,nhl_team_stats_20260213.csv
2024,2/13/2026,10,Pittsburgh Penguins,NA,56,29,15,1.93,192,162,3.43,2.89,0.54,29.05,11.8,70,50.1,146,38,26,160,26,83.8,109.8,191,440,2.704,66.18,66.4,63.51,30.05,56.53,0.58,32.75,-3.75,NA,NA,NA,nhl_team_stats_20260213.csv
2024,2/13/2026,26,San Jose Sharks,NA,55,27,24,1.12,171,192,3.11,3.49,-0.38,25.49,12.2,58,47.5,186,38,20.4,170,37,78.2,98.6,205,460,3.054,48.61,31.8,30.35,45.97,39.18,0.44,24.34,2.66,NA,NA,NA,nhl_team_stats_20260213.csv
2024,2/13/2026,143,Seattle Kraken,NA,56,27,20,1.35,162,161,2.89,2.88,0.01,25.36,11.41,63,47.6,159,37,23.3,156,45,71.2,94.5,188,445,2.731,43.53,37.66,50.28,29.88,40.34,0.5,28.1,-1.1,NA,NA,NA,nhl_team_stats_20260213.csv
2024,2/13/2026,17,St. Louis Blues,NA,57,20,28,0.71,147,200,2.58,3.51,-0.93,25.07,10.29,49,50,153,28,18.3,157,42,73.2,91.5,189,446,2.929,26.25,25.91,26.95,62.16,35.32,0.35,19.99,0.01,NA,NA,NA,nhl_team_stats_20260213.csv
2024,2/13/2026,1,Tampa Bay Lightning,NA,55,37,14,2.64,199,138,3.62,2.51,1.11,28.15,12.86,78,47,172,39,22.7,172,28,83.7,106.4,278,802,3.89,69.2,73.48,77.4,58.9,69.74,0.68,37.14,-0.14,NA,NA,NA,nhl_team_stats_20260213.csv
2024,2/13/2026,12,Toronto Maple Leafs,NA,57,27,21,1.29,188,193,3.3,3.39,-0.09,27.32,12.07,63,56.2,133,25,18.8,140,23,83.6,102.4,179,402,2.731,52.11,50.8,45.31,53.7,50.48,0.49,27.73,-0.73,NA,NA,NA,nhl_team_stats_20260213.csv
2024,2/13/2026,30,Utah Mammoth,NA,57,30,23,1.3,183,157,3.21,2.75,0.46,27.77,11.56,64,49.1,156,25,16,174,37,78.7,94.7,221,526,2.897,46.56,64.52,61.86,43.59,54.13,0.58,32.87,-2.87,NA,NA,NA,nhl_team_stats_20260213.csv
2024,2/13/2026,21,Vancouver Canucks,NA,57,18,33,0.55,149,208,2.61,3.65,-1.04,26.88,9.73,42,48.5,171,32,18.7,168,50,70.2,88.9,208,469,3.078,29.37,11.95,15.52,54.57,27.85,0.34,19.28,-1.28,NA,NA,NA,nhl_team_stats_20260213.csv
2024,2/13/2026,142,Vegas Golden Knights,NA,57,27,16,1.69,191,173,3.35,3.04,0.31,28.84,11.62,68,50.8,164,42,25.6,131,25,80.9,106.5,165,387,2.544,63.53,57.56,58.35,41.45,55.22,0.55,31.26,-4.26,NA,NA,NA,nhl_team_stats_20260213.csv
2024,2/13/2026,5,Washington Capitals,NA,59,29,23,1.26,189,172,3.2,2.92,0.28,29.15,10.99,65,49.7,175,29,16.6,190,40,78.9,95.5,233,558,3.04,48.03,52.25,53.68,44.03,49.49,0.55,32.19,-3.19,NA,NA,NA,nhl_team_stats_20260213.csv
2024,2/13/2026,2,Winnipeg Jets,NA,56,22,26,0.85,160,173,2.86,3.09,-0.23,26.27,10.88,52,50.5,155,30,19.4,166,35,78.9,98.3,201,485,2.928,37.98,51.53,48.79,59.54,49.46,0.46,25.84,-3.84,NA,NA,NA,nhl_team_stats_20260213.csv
2024,2/14/2026,29,Anaheim Ducks,NA,56,30,23,1.3,185,195,3.3,3.48,-0.18,30.11,10.97,63,47,168,30,17.9,177,39,78,95.9,220,539,3.275,53.54,36.04,29.81,61.13,45.13,0.47,26.51,3.49,NA,NA,NA,nhl_team_stats_20260214.csv
2024,2/14/2026,11,Boston Bruins,NA,57,32,20,1.6,195,179,3.42,3.14,0.28,27.18,12.59,69,51.9,165,44,26.7,208,50,76,102.7,287,769,3.934,66.57,33.34,36.58,73.17,52.42,0.54,30.93,1.07,NA,NA,NA,nhl_team_stats_20260214.csv
2024,2/14/2026,15,Buffalo Sabres,NA,57,32,19,1.68,195,176,3.42,3.09,0.33,27.61,12.39,70,44.6,169,34,20.1,154,27,82.5,102.6,206,513,3.007,58.86,57.66,54.87,48.13,54.88,0.55,31.38,0.62,NA,NA,NA,nhl_team_stats_20260214.csv
2024,2/14/2026,23,Calgary Flames,NA,56,23,27,0.85,142,167,2.54,2.98,-0.44,29,8.74,52,49,170,28,16.5,161,29,82,98.5,235,679,3.579,25.9,57.72,57.64,70.94,53.05,0.42,23.56,-0.56,NA,NA,NA,nhl_team_stats_20260214.csv
2024,2/14/2026,3,Carolina Hurricanes,NA,57,36,15,2.4,197,160,3.46,2.81,0.65,31.91,10.83,78,50.6,174,38,21.8,157,31,80.3,102.1,203,457,2.698,64.76,62.8,63.61,46.63,59.45,0.6,34.35,1.65,NA,NA,NA,nhl_team_stats_20260214.csv
2024,2/14/2026,20,Chicago Blackhawks,NA,57,22,26,0.85,154,180,2.7,3.16,-0.46,24.75,10.91,53,47.1,161,31,19.3,174,25,85.6,104.9,218,547,3.147,31.74,62.19,53.39,35.91,45.81,0.42,24.05,-2.05,NA,NA,NA,nhl_team_stats_20260214.csv
2024,2/14/2026,22,Colorado Avalanche,NA,55,37,9,4.11,212,133,3.85,2.42,1.43,34.13,11.29,83,51.1,179,27,15.1,149,23,84.6,99.7,179,383,2.353,70.94,81.91,84.77,23.2,65.21,0.72,39.42,-2.42,NA,NA,NA,nhl_team_stats_20260214.csv
2024,2/14/2026,19,Columbus Blue Jackets,NA,56,29,20,1.45,179,176,3.2,3.14,0.06,29.79,10.73,65,51,134,27,20.1,159,36,77.4,97.5,195,445,2.8,51.69,48.62,46,44.03,47.59,0.51,28.53,0.47,NA,NA,NA,nhl_team_stats_20260214.csv
2024,2/14/2026,27,Dallas Stars,NA,57,34,14,2.43,193,157,3.39,2.75,0.64,25.56,13.25,77,52.1,166,50,30.1,171,35,79.5,109.6,201,469,2.72,69.3,61.81,63.27,37.55,57.98,0.6,34.38,-0.38,NA,NA,NA,nhl_team_stats_20260214.csv
2024,2/14/2026,16,Detroit Red Wings,NA,58,33,19,1.74,174,172,3,2.97,0.03,28.34,10.58,72,51,181,42,23.2,151,31,79.5,102.7,191,446,2.696,49.1,56.01,57.38,26.93,47.36,0.51,29.29,3.71,NA,NA,NA,nhl_team_stats_20260214.csv
2024,2/14/2026,24,Edmonton Oilers,NA,58,28,22,1.27,198,191,3.41,3.29,0.12,30.02,11.37,64,52.4,154,50,32.5,159,37,76.7,109.2,202,554,3.189,73.93,37.81,40.01,36.69,47.11,0.52,30.04,-2.04,NA,NA,NA,nhl_team_stats_20260214.csv
2024,2/14/2026,4,Florida Panthers,NA,57,29,25,1.16,174,190,3.05,3.33,-0.28,29.04,10.51,61,47.5,205,40,19.5,200,35,82.5,102,288,703,3.777,47.48,43.04,39.32,86,53.96,0.46,26,3,NA,NA,NA,nhl_team_stats_20260214.csv
2024,2/14/2026,28,Los Angeles Kings,NA,56,23,19,1.21,146,155,2.61,2.77,-0.16,27.59,9.45,60,48.4,167,27,16.2,180,43,76.1,92.3,211,483,2.806,26.69,54.47,56.26,44.77,45.55,0.47,26.34,-3.34,NA,NA,NA,nhl_team_stats_20260214.csv
2024,2/14/2026,25,Minnesota Wild,NA,58,34,14,2.43,196,166,3.38,2.86,0.52,28.88,11.7,78,46.4,188,48,25.5,146,34,76.7,102.2,172,398,2.48,65.15,57.12,59.84,46.25,57.09,0.58,33.8,0.2,NA,NA,NA,nhl_team_stats_20260214.csv
2024,2/14/2026,14,Montreal Canadiens,NA,57,32,17,1.88,199,183,3.49,3.21,0.28,26.25,13.3,72,50.7,161,39,24.2,184,43,76.6,100.8,247,588,3.312,65.62,39.4,38.63,63.06,51.67,0.54,30.88,1.12,NA,NA,NA,nhl_team_stats_20260214.csv
2024,2/14/2026,18,Nashville Predators,NA,57,26,24,1.08,169,198,2.96,3.47,-0.51,28.6,10.37,59,51.5,170,37,21.8,170,34,80,101.8,217,488,3.054,46.06,41.93,34.24,42.78,41.25,0.42,24.01,1.99,NA,NA,NA,nhl_team_stats_20260214.csv
2024,2/14/2026,7,New Jersey Devils,NA,57,28,27,1.04,146,175,2.56,3.07,-0.51,29.32,8.74,58,50.3,143,30,21,142,30,78.9,99.9,173,405,2.604,31.55,55.27,53.58,38.21,44.65,0.41,23.38,4.62,NA,NA,NA,nhl_team_stats_20260214.csv
2024,2/14/2026,8,New York Islanders,NA,58,32,21,1.52,169,157,2.91,2.71,0.2,27.45,10.62,69,51.9,169,27,16,158,28,82.3,98.3,197,471,2.682,36.53,69.36,70.2,46.42,55.63,0.54,31.06,0.94,NA,NA,NA,nhl_team_stats_20260214.csv
2024,2/14/2026,9,New York Rangers,NA,57,22,29,0.76,151,180,2.65,3.16,-0.51,25.47,10.4,50,54.5,140,32,22.9,160,34,78.8,101.7,197,432,2.762,33.93,44.62,47.04,72.22,49.45,0.41,23.53,-1.53,NA,NA,NA,nhl_team_stats_20260214.csv
2024,2/14/2026,13,Ottawa Senators,NA,57,28,22,1.27,191,184,3.35,3.23,0.12,28.51,11.75,63,54.8,186,43,23.1,165,45,72.7,95.8,228,553,3.193,61.06,31.18,36.39,66.4,48.76,0.52,29.54,-1.54,NA,NA,NA,nhl_team_stats_20260214.csv
2024,2/14/2026,6,Philadelphia Flyers,NA,56,25,20,1.25,167,177,2.98,3.16,-0.18,25.64,11.63,61,49.2,160,26,16.2,171,36,78.9,95.1,226,569,3.274,38.25,43.85,45.18,65.74,48.25,0.47,26.36,-1.36,NA,NA,NA,nhl_team_stats_20260214.csv
2024,2/14/2026,10,Pittsburgh Penguins,NA,56,29,15,1.93,192,162,3.43,2.89,0.54,29.05,11.8,70,50.1,146,38,26,160,26,83.8,109.8,191,440,2.704,66.18,66.4,63.51,30.05,56.53,0.58,32.75,-3.75,NA,NA,NA,nhl_team_stats_20260214.csv
2024,2/14/2026,26,San Jose Sharks,NA,55,27,24,1.12,171,192,3.11,3.49,-0.38,25.49,12.2,58,47.5,186,38,20.4,170,37,78.2,98.6,205,460,3.054,48.61,31.8,30.35,45.97,39.18,0.44,24.34,2.66,NA,NA,NA,nhl_team_stats_20260214.csv
2024,2/14/2026,143,Seattle Kraken,NA,56,27,20,1.35,162,161,2.89,2.88,0.01,25.36,11.41,63,47.6,159,37,23.3,156,45,71.2,94.5,188,445,2.731,43.53,37.66,50.28,29.88,40.34,0.5,28.1,-1.1,NA,NA,NA,nhl_team_stats_20260214.csv
2024,2/14/2026,17,St. Louis Blues,NA,57,20,28,0.71,147,200,2.58,3.51,-0.93,25.07,10.29,49,50,153,28,18.3,157,42,73.2,91.5,189,446,2.929,26.25,25.91,26.95,62.16,35.32,0.35,19.99,0.01,NA,NA,NA,nhl_team_stats_20260214.csv
2024,2/14/2026,1,Tampa Bay Lightning,NA,55,37,14,2.64,199,138,3.62,2.51,1.11,28.15,12.86,78,47,172,39,22.7,172,28,83.7,106.4,278,802,3.89,69.2,73.48,77.4,58.9,69.74,0.68,37.14,-0.14,NA,NA,NA,nhl_team_stats_20260214.csv
2024,2/14/2026,12,Toronto Maple Leafs,NA,57,27,21,1.29,188,193,3.3,3.39,-0.09,27.32,12.07,63,56.2,133,25,18.8,140,23,83.6,102.4,179,402,2.731,52.11,50.8,45.31,53.7,50.48,0.49,27.73,-0.73,NA,NA,NA,nhl_team_stats_20260214.csv
2024,2/14/2026,30,Utah Mammoth,NA,57,30,23,1.3,183,157,3.21,2.75,0.46,27.77,11.56,64,49.1,156,25,16,174,37,78.7,94.7,221,526,2.897,46.56,64.52,61.86,43.59,54.13,0.58,32.87,-2.87,NA,NA,NA,nhl_team_stats_20260214.csv
2024,2/14/2026,21,Vancouver Canucks,NA,57,18,33,0.55,149,208,2.61,3.65,-1.04,26.88,9.73,42,48.5,171,32,18.7,168,50,70.2,88.9,208,469,3.078,29.37,11.95,15.52,54.57,27.85,0.34,19.28,-1.28,NA,NA,NA,nhl_team_stats_20260214.csv
2024,2/14/2026,142,Vegas Golden Knights,NA,57,27,16,1.69,191,173,3.35,3.04,0.31,28.84,11.62,68,50.8,164,42,25.6,131,25,80.9,106.5,165,387,2.544,63.53,57.56,58.35,41.45,55.22,0.55,31.26,-4.26,NA,NA,NA,nhl_team_stats_20260214.csv
2024,2/14/2026,5,Washington Capitals,NA,59,29,23,1.26,189,172,3.2,2.92,0.28,29.15,10.99,65,49.7,175,29,16.6,190,40,78.9,95.5,233,558,3.04,48.03,52.25,53.68,44.03,49.49,0.55,32.19,-3.19,NA,NA,NA,nhl_team_stats_20260214.csv
2024,2/14/2026,2,Winnipeg Jets,NA,56,22,26,0.85,160,173,2.86,3.09,-0.23,26.27,10.88,52,50.5,155,30,19.4,166,35,78.9,98.3,201,485,2.928,37.98,51.53,48.79,59.54,49.46,0.46,25.84,-3.84,NA,NA,NA,nhl_team_stats_20260214.csv
2024,2/15/2026,29,Anaheim Ducks,NA,56,30,23,1.3,185,195,3.3,3.48,-0.18,30.11,10.97,63,47,168,30,17.9,177,39,78,95.9,220,539,3.275,53.54,36.04,29.81,61.13,45.13,0.47,26.51,3.49,NA,NA,NA,nhl_team_stats_20260215.csv
2024,2/15/2026,11,Boston Bruins,NA,57,32,20,1.6,195,179,3.42,3.14,0.28,27.18,12.59,69,51.9,165,44,26.7,208,50,76,102.7,287,769,3.934,66.57,33.34,36.58,73.17,52.42,0.54,30.93,1.07,NA,NA,NA,nhl_team_stats_20260215.csv
2024,2/15/2026,15,Buffalo Sabres,NA,57,32,19,1.68,195,176,3.42,3.09,0.33,27.61,12.39,70,44.6,169,34,20.1,154,27,82.5,102.6,206,513,3.007,58.86,57.66,54.87,48.13,54.88,0.55,31.38,0.62,NA,NA,NA,nhl_team_stats_20260215.csv
2024,2/15/2026,23,Calgary Flames,NA,56,23,27,0.85,142,167,2.54,2.98,-0.44,29,8.74,52,49,170,28,16.5,161,29,82,98.5,235,679,3.579,25.9,57.72,57.64,70.94,53.05,0.42,23.56,-0.56,NA,NA,NA,nhl_team_stats_20260215.csv
2024,2/15/2026,3,Carolina Hurricanes,NA,57,36,15,2.4,197,160,3.46,2.81,0.65,31.91,10.83,78,50.6,174,38,21.8,157,31,80.3,102.1,203,457,2.698,64.76,62.8,63.61,46.63,59.45,0.6,34.35,1.65,NA,NA,NA,nhl_team_stats_20260215.csv
2024,2/15/2026,20,Chicago Blackhawks,NA,57,22,26,0.85,154,180,2.7,3.16,-0.46,24.75,10.91,53,47.1,161,31,19.3,174,25,85.6,104.9,218,547,3.147,31.74,62.19,53.39,35.91,45.81,0.42,24.05,-2.05,NA,NA,NA,nhl_team_stats_20260215.csv
2024,2/15/2026,22,Colorado Avalanche,NA,55,37,9,4.11,212,133,3.85,2.42,1.43,34.13,11.29,83,51.1,179,27,15.1,149,23,84.6,99.7,179,383,2.353,70.94,81.91,84.77,23.2,65.21,0.72,39.42,-2.42,NA,NA,NA,nhl_team_stats_20260215.csv
2024,2/15/2026,19,Columbus Blue Jackets,NA,56,29,20,1.45,179,176,3.2,3.14,0.06,29.79,10.73,65,51,134,27,20.1,159,36,77.4,97.5,195,445,2.8,51.69,48.62,46,44.03,47.59,0.51,28.53,0.47,NA,NA,NA,nhl_team_stats_20260215.csv
2024,2/15/2026,27,Dallas Stars,NA,57,34,14,2.43,193,157,3.39,2.75,0.64,25.56,13.25,77,52.1,166,50,30.1,171,35,79.5,109.6,201,469,2.72,69.3,61.81,63.27,37.55,57.98,0.6,34.38,-0.38,NA,NA,NA,nhl_team_stats_20260215.csv
2024,2/15/2026,16,Detroit Red Wings,NA,58,33,19,1.74,174,172,3,2.97,0.03,28.34,10.58,72,51,181,42,23.2,151,31,79.5,102.7,191,446,2.696,49.1,56.01,57.38,26.93,47.36,0.51,29.29,3.71,NA,NA,NA,nhl_team_stats_20260215.csv
2024,2/15/2026,24,Edmonton Oilers,NA,58,28,22,1.27,198,191,3.41,3.29,0.12,30.02,11.37,64,52.4,154,50,32.5,159,37,76.7,109.2,202,554,3.189,73.93,37.81,40.01,36.69,47.11,0.52,30.04,-2.04,NA,NA,NA,nhl_team_stats_20260215.csv
2024,2/15/2026,4,Florida Panthers,NA,57,29,25,1.16,174,190,3.05,3.33,-0.28,29.04,10.51,61,47.5,205,40,19.5,200,35,82.5,102,288,703,3.777,47.48,43.04,39.32,86,53.96,0.46,26,3,NA,NA,NA,nhl_team_stats_20260215.csv
2024,2/15/2026,28,Los Angeles Kings,NA,56,23,19,1.21,146,155,2.61,2.77,-0.16,27.59,9.45,60,48.4,167,27,16.2,180,43,76.1,92.3,211,483,2.806,26.69,54.47,56.26,44.77,45.55,0.47,26.34,-3.34,NA,NA,NA,nhl_team_stats_20260215.csv
2024,2/15/2026,25,Minnesota Wild,NA,58,34,14,2.43,196,166,3.38,2.86,0.52,28.88,11.7,78,46.4,188,48,25.5,146,34,76.7,102.2,172,398,2.48,65.15,57.12,59.84,46.25,57.09,0.58,33.8,0.2,NA,NA,NA,nhl_team_stats_20260215.csv
2024,2/15/2026,14,Montreal Canadiens,NA,57,32,17,1.88,199,183,3.49,3.21,0.28,26.25,13.3,72,50.7,161,39,24.2,184,43,76.6,100.8,247,588,3.312,65.62,39.4,38.63,63.06,51.67,0.54,30.88,1.12,NA,NA,NA,nhl_team_stats_20260215.csv
2024,2/15/2026,18,Nashville Predators,NA,57,26,24,1.08,169,198,2.96,3.47,-0.51,28.6,10.37,59,51.5,170,37,21.8,170,34,80,101.8,217,488,3.054,46.06,41.93,34.24,42.78,41.25,0.42,24.01,1.99,NA,NA,NA,nhl_team_stats_20260215.csv
2024,2/15/2026,7,New Jersey Devils,NA,57,28,27,1.04,146,175,2.56,3.07,-0.51,29.32,8.74,58,50.3,143,30,21,142,30,78.9,99.9,173,405,2.604,31.55,55.27,53.58,38.21,44.65,0.41,23.38,4.62,NA,NA,NA,nhl_team_stats_20260215.csv
2024,2/15/2026,8,New York Islanders,NA,58,32,21,1.52,169,157,2.91,2.71,0.2,27.45,10.62,69,51.9,169,27,16,158,28,82.3,98.3,197,471,2.682,36.53,69.36,70.2,46.42,55.63,0.54,31.06,0.94,NA,NA,NA,nhl_team_stats_20260215.csv
2024,2/15/2026,9,New York Rangers,NA,57,22,29,0.76,151,180,2.65,3.16,-0.51,25.47,10.4,50,54.5,140,32,22.9,160,34,78.8,101.7,197,432,2.762,33.93,44.62,47.04,72.22,49.45,0.41,23.53,-1.53,NA,NA,NA,nhl_team_stats_20260215.csv
2024,2/15/2026,13,Ottawa Senators,NA,57,28,22,1.27,191,184,3.35,3.23,0.12,28.51,11.75,63,54.8,186,43,23.1,165,45,72.7,95.8,228,553,3.193,61.06,31.18,36.39,66.4,48.76,0.52,29.54,-1.54,NA,NA,NA,nhl_team_stats_20260215.csv
2024,2/15/2026,6,Philadelphia Flyers,NA,56,25,20,1.25,167,177,2.98,3.16,-0.18,25.64,11.63,61,49.2,160,26,16.2,171,36,78.9,95.1,226,569,3.274,38.25,43.85,45.18,65.74,48.25,0.47,26.36,-1.36,NA,NA,NA,nhl_team_stats_20260215.csv
2024,2/15/2026,10,Pittsburgh Penguins,NA,56,29,15,1.93,192,162,3.43,2.89,0.54,29.05,11.8,70,50.1,146,38,26,160,26,83.8,109.8,191,440,2.704,66.18,66.4,63.51,30.05,56.53,0.58,32.75,-3.75,NA,NA,NA,nhl_team_stats_20260215.csv
2024,2/15/2026,26,San Jose Sharks,NA,55,27,24,1.12,171,192,3.11,3.49,-0.38,25.49,12.2,58,47.5,186,38,20.4,170,37,78.2,98.6,205,460,3.054,48.61,31.8,30.35,45.97,39.18,0.44,24.34,2.66,NA,NA,NA,nhl_team_stats_20260215.csv
2024,2/15/2026,143,Seattle Kraken,NA,56,27,20,1.35,162,161,2.89,2.88,0.01,25.36,11.41,63,47.6,159,37,23.3,156,45,71.2,94.5,188,445,2.731,43.53,37.66,50.28,29.88,40.34,0.5,28.1,-1.1,NA,NA,NA,nhl_team_stats_20260215.csv
2024,2/15/2026,17,St. Louis Blues,NA,57,20,28,0.71,147,200,2.58,3.51,-0.93,25.07,10.29,49,50,153,28,18.3,157,42,73.2,91.5,189,446,2.929,26.25,25.91,26.95,62.16,35.32,0.35,19.99,0.01,NA,NA,NA,nhl_team_stats_20260215.csv
2024,2/15/2026,1,Tampa Bay Lightning,NA,55,37,14,2.64,199,138,3.62,2.51,1.11,28.15,12.86,78,47,172,39,22.7,172,28,83.7,106.4,278,802,3.89,69.2,73.48,77.4,58.9,69.74,0.68,37.14,-0.14,NA,NA,NA,nhl_team_stats_20260215.csv
2024,2/15/2026,12,Toronto Maple Leafs,NA,57,27,21,1.29,188,193,3.3,3.39,-0.09,27.32,12.07,63,56.2,133,25,18.8,140,23,83.6,102.4,179,402,2.731,52.11,50.8,45.31,53.7,50.48,0.49,27.73,-0.73,NA,NA,NA,nhl_team_stats_20260215.csv
2024,2/15/2026,30,Utah Mammoth,NA,57,30,23,1.3,183,157,3.21,2.75,0.46,27.77,11.56,64,49.1,156,25,16,174,37,78.7,94.7,221,526,2.897,46.56,64.52,61.86,43.59,54.13,0.58,32.87,-2.87,NA,NA,NA,nhl_team_stats_20260215.csv
2024,2/15/2026,21,Vancouver Canucks,NA,57,18,33,0.55,149,208,2.61,3.65,-1.04,26.88,9.73,42,48.5,171,32,18.7,168,50,70.2,88.9,208,469,3.078,29.37,11.95,15.52,54.57,27.85,0.34,19.28,-1.28,NA,NA,NA,nhl_team_stats_20260215.csv
2024,2/15/2026,142,Vegas Golden Knights,NA,57,27,16,1.69,191,173,3.35,3.04,0.31,28.84,11.62,68,50.8,164,42,25.6,131,25,80.9,106.5,165,387,2.544,63.53,57.56,58.35,41.45,55.22,0.55,31.26,-4.26,NA,NA,NA,nhl_team_stats_20260215.csv
2024,2/15/2026,5,Washington Capitals,NA,59,29,23,1.26,189,172,3.2,2.92,0.28,29.15,10.99,65,49.7,175,29,16.6,190,40,78.9,95.5,233,558,3.04,48.03,52.25,53.68,44.03,49.49,0.55,32.19,-3.19,NA,NA,NA,nhl_team_stats_20260215.csv
2024,2/15/2026,2,Winnipeg Jets,NA,56,22,26,0.85,160,173,2.86,3.09,-0.23,26.27,10.88,52,50.5,155,30,19.4,166,35,78.9,98.3,201,485,2.928,37.98,51.53,48.79,59.54,49.46,0.46,25.84,-3.84,NA,NA,NA,nhl_team_stats_20260215.csv
2024,2/16/2026,29,Anaheim Ducks,NA,56,30,23,1.3,185,195,3.3,3.48,-0.18,30.11,10.97,63,47,168,30,17.9,177,39,78,95.9,220,539,3.275,53.54,36.04,29.81,61.13,45.13,0.47,26.51,3.49,NA,NA,NA,nhl_team_stats_20260216.csv
2024,2/16/2026,11,Boston Bruins,NA,57,32,20,1.6,195,179,3.42,3.14,0.28,27.18,12.59,69,51.9,165,44,26.7,208,50,76,102.7,287,769,3.934,66.57,33.34,36.58,73.17,52.42,0.54,30.93,1.07,NA,NA,NA,nhl_team_stats_20260216.csv
2024,2/16/2026,15,Buffalo Sabres,NA,57,32,19,1.68,195,176,3.42,3.09,0.33,27.61,12.39,70,44.6,169,34,20.1,154,27,82.5,102.6,206,513,3.007,58.86,57.66,54.87,48.13,54.88,0.55,31.38,0.62,NA,NA,NA,nhl_team_stats_20260216.csv
2024,2/16/2026,23,Calgary Flames,NA,56,23,27,0.85,142,167,2.54,2.98,-0.44,29,8.74,52,49,170,28,16.5,161,29,82,98.5,235,679,3.579,25.9,57.72,57.64,70.94,53.05,0.42,23.56,-0.56,NA,NA,NA,nhl_team_stats_20260216.csv
2024,2/16/2026,3,Carolina Hurricanes,NA,57,36,15,2.4,197,160,3.46,2.81,0.65,31.91,10.83,78,50.6,174,38,21.8,157,31,80.3,102.1,203,457,2.698,64.76,62.8,63.61,46.63,59.45,0.6,34.35,1.65,NA,NA,NA,nhl_team_stats_20260216.csv
2024,2/16/2026,20,Chicago Blackhawks,NA,57,22,26,0.85,154,180,2.7,3.16,-0.46,24.75,10.91,53,47.1,161,31,19.3,174,25,85.6,104.9,218,547,3.147,31.74,62.19,53.39,35.91,45.81,0.42,24.05,-2.05,NA,NA,NA,nhl_team_stats_20260216.csv
2024,2/16/2026,22,Colorado Avalanche,NA,55,37,9,4.11,212,133,3.85,2.42,1.43,34.13,11.29,83,51.1,179,27,15.1,149,23,84.6,99.7,179,383,2.353,70.94,81.91,84.77,23.2,65.21,0.72,39.42,-2.42,NA,NA,NA,nhl_team_stats_20260216.csv
2024,2/16/2026,19,Columbus Blue Jackets,NA,56,29,20,1.45,179,176,3.2,3.14,0.06,29.79,10.73,65,51,134,27,20.1,159,36,77.4,97.5,195,445,2.8,51.69,48.62,46,44.03,47.59,0.51,28.53,0.47,NA,NA,NA,nhl_team_stats_20260216.csv
2024,2/16/2026,27,Dallas Stars,NA,57,34,14,2.43,193,157,3.39,2.75,0.64,25.56,13.25,77,52.1,166,50,30.1,171,35,79.5,109.6,201,469,2.72,69.3,61.81,63.27,37.55,57.98,0.6,34.38,-0.38,NA,NA,NA,nhl_team_stats_20260216.csv
2024,2/16/2026,16,Detroit Red Wings,NA,58,33,19,1.74,174,172,3,2.97,0.03,28.34,10.58,72,51,181,42,23.2,151,31,79.5,102.7,191,446,2.696,49.1,56.01,57.38,26.93,47.36,0.51,29.29,3.71,NA,NA,NA,nhl_team_stats_20260216.csv
2024,2/16/2026,24,Edmonton Oilers,NA,58,28,22,1.27,198,191,3.41,3.29,0.12,30.02,11.37,64,52.4,154,50,32.5,159,37,76.7,109.2,202,554,3.189,73.93,37.81,40.01,36.69,47.11,0.52,30.04,-2.04,NA,NA,NA,nhl_team_stats_20260216.csv
2024,2/16/2026,4,Florida Panthers,NA,57,29,25,1.16,174,190,3.05,3.33,-0.28,29.04,10.51,61,47.5,205,40,19.5,200,35,82.5,102,288,703,3.777,47.48,43.04,39.32,86,53.96,0.46,26,3,NA,NA,NA,nhl_team_stats_20260216.csv
2024,2/16/2026,28,Los Angeles Kings,NA,56,23,19,1.21,146,155,2.61,2.77,-0.16,27.59,9.45,60,48.4,167,27,16.2,180,43,76.1,92.3,211,483,2.806,26.69,54.47,56.26,44.77,45.55,0.47,26.34,-3.34,NA,NA,NA,nhl_team_stats_20260216.csv
2024,2/16/2026,25,Minnesota Wild,NA,58,34,14,2.43,196,166,3.38,2.86,0.52,28.88,11.7,78,46.4,188,48,25.5,146,34,76.7,102.2,172,398,2.48,65.15,57.12,59.84,46.25,57.09,0.58,33.8,0.2,NA,NA,NA,nhl_team_stats_20260216.csv
2024,2/16/2026,14,Montreal Canadiens,NA,57,32,17,1.88,199,183,3.49,3.21,0.28,26.25,13.3,72,50.7,161,39,24.2,184,43,76.6,100.8,247,588,3.312,65.62,39.4,38.63,63.06,51.67,0.54,30.88,1.12,NA,NA,NA,nhl_team_stats_20260216.csv
2024,2/16/2026,18,Nashville Predators,NA,57,26,24,1.08,169,198,2.96,3.47,-0.51,28.6,10.37,59,51.5,170,37,21.8,170,34,80,101.8,217,488,3.054,46.06,41.93,34.24,42.78,41.25,0.42,24.01,1.99,NA,NA,NA,nhl_team_stats_20260216.csv
2024,2/16/2026,7,New Jersey Devils,NA,57,28,27,1.04,146,175,2.56,3.07,-0.51,29.32,8.74,58,50.3,143,30,21,142,30,78.9,99.9,173,405,2.604,31.55,55.27,53.58,38.21,44.65,0.41,23.38,4.62,NA,NA,NA,nhl_team_stats_20260216.csv
2024,2/16/2026,8,New York Islanders,NA,58,32,21,1.52,169,157,2.91,2.71,0.2,27.45,10.62,69,51.9,169,27,16,158,28,82.3,98.3,197,471,2.682,36.53,69.36,70.2,46.42,55.63,0.54,31.06,0.94,NA,NA,NA,nhl_team_stats_20260216.csv
2024,2/16/2026,9,New York Rangers,NA,57,22,29,0.76,151,180,2.65,3.16,-0.51,25.47,10.4,50,54.5,140,32,22.9,160,34,78.8,101.7,197,432,2.762,33.93,44.62,47.04,72.22,49.45,0.41,23.53,-1.53,NA,NA,NA,nhl_team_stats_20260216.csv
2024,2/16/2026,13,Ottawa Senators,NA,57,28,22,1.27,191,184,3.35,3.23,0.12,28.51,11.75,63,54.8,186,43,23.1,165,45,72.7,95.8,228,553,3.193,61.06,31.18,36.39,66.4,48.76,0.52,29.54,-1.54,NA,NA,NA,nhl_team_stats_20260216.csv
2024,2/16/2026,6,Philadelphia Flyers,NA,56,25,20,1.25,167,177,2.98,3.16,-0.18,25.64,11.63,61,49.2,160,26,16.2,171,36,78.9,95.1,226,569,3.274,38.25,43.85,45.18,65.74,48.25,0.47,26.36,-1.36,NA,NA,NA,nhl_team_stats_20260216.csv
2024,2/16/2026,10,Pittsburgh Penguins,NA,56,29,15,1.93,192,162,3.43,2.89,0.54,29.05,11.8,70,50.1,146,38,26,160,26,83.8,109.8,191,440,2.704,66.18,66.4,63.51,30.05,56.53,0.58,32.75,-3.75,NA,NA,NA,nhl_team_stats_20260216.csv
2024,2/16/2026,26,San Jose Sharks,NA,55,27,24,1.12,171,192,3.11,3.49,-0.38,25.49,12.2,58,47.5,186,38,20.4,170,37,78.2,98.6,205,460,3.054,48.61,31.8,30.35,45.97,39.18,0.44,24.34,2.66,NA,NA,NA,nhl_team_stats_20260216.csv
2024,2/16/2026,143,Seattle Kraken,NA,56,27,20,1.35,162,161,2.89,2.88,0.01,25.36,11.41,63,47.6,159,37,23.3,156,45,71.2,94.5,188,445,2.731,43.53,37.66,50.28,29.88,40.34,0.5,28.1,-1.1,NA,NA,NA,nhl_team_stats_20260216.csv
2024,2/16/2026,17,St. Louis Blues,NA,57,20,28,0.71,147,200,2.58,3.51,-0.93,25.07,10.29,49,50,153,28,18.3,157,42,73.2,91.5,189,446,2.929,26.25,25.91,26.95,62.16,35.32,0.35,19.99,0.01,NA,NA,NA,nhl_team_stats_20260216.csv
2024,2/16/2026,1,Tampa Bay Lightning,NA,55,37,14,2.64,199,138,3.62,2.51,1.11,28.15,12.86,78,47,172,39,22.7,172,28,83.7,106.4,278,802,3.89,69.2,73.48,77.4,58.9,69.74,0.68,37.14,-0.14,NA,NA,NA,nhl_team_stats_20260216.csv
2024,2/16/2026,12,Toronto Maple Leafs,NA,57,27,21,1.29,188,193,3.3,3.39,-0.09,27.32,12.07,63,56.2,133,25,18.8,140,23,83.6,102.4,179,402,2.731,52.11,50.8,45.31,53.7,50.48,0.49,27.73,-0.73,NA,NA,NA,nhl_team_stats_20260216.csv
2024,2/16/2026,30,Utah Mammoth,NA,57,30,23,1.3,183,157,3.21,2.75,0.46,27.77,11.56,64,49.1,156,25,16,174,37,78.7,94.7,221,526,2.897,46.56,64.52,61.86,43.59,54.13,0.58,32.87,-2.87,NA,NA,NA,nhl_team_stats_20260216.csv
2024,2/16/2026,21,Vancouver Canucks,NA,57,18,33,0.55,149,208,2.61,3.65,-1.04,26.88,9.73,42,48.5,171,32,18.7,168,50,70.2,88.9,208,469,3.078,29.37,11.95,15.52,54.57,27.85,0.34,19.28,-1.28,NA,NA,NA,nhl_team_stats_20260216.csv
2024,2/16/2026,142,Vegas Golden Knights,NA,57,27,16,1.69,191,173,3.35,3.04,0.31,28.84,11.62,68,50.8,164,42,25.6,131,25,80.9,106.5,165,387,2.544,63.53,57.56,58.35,41.45,55.22,0.55,31.26,-4.26,NA,NA,NA,nhl_team_stats_20260216.csv
2024,2/16/2026,5,Washington Capitals,NA,59,29,23,1.26,189,172,3.2,2.92,0.28,29.15,10.99,65,49.7,175,29,16.6,190,40,78.9,95.5,233,558,3.04,48.03,52.25,53.68,44.03,49.49,0.55,32.19,-3.19,NA,NA,NA,nhl_team_stats_20260216.csv
2024,2/16/2026,2,Winnipeg Jets,NA,56,22,26,0.85,160,173,2.86,3.09,-0.23,26.27,10.88,52,50.5,155,30,19.4,166,35,78.9,98.3,201,485,2.928,37.98,51.53,48.79,59.54,49.46,0.46,25.84,-3.84,NA,NA,NA,nhl_team_stats_20260216.csv
2024,2/17/2026,29,Anaheim Ducks,NA,56,30,23,1.3,185,195,3.3,3.48,-0.18,30.11,10.97,63,47,168,30,17.9,177,39,78,95.9,220,539,3.275,53.54,36.04,29.81,61.13,45.13,0.47,26.51,3.49,NA,NA,NA,nhl_team_stats_20260217.csv
2024,2/17/2026,11,Boston Bruins,NA,57,32,20,1.6,195,179,3.42,3.14,0.28,27.18,12.59,69,51.9,165,44,26.7,208,50,76,102.7,287,769,3.934,66.57,33.34,36.58,73.17,52.42,0.54,30.93,1.07,NA,NA,NA,nhl_team_stats_20260217.csv
2024,2/17/2026,15,Buffalo Sabres,NA,57,32,19,1.68,195,176,3.42,3.09,0.33,27.61,12.39,70,44.6,169,34,20.1,154,27,82.5,102.6,206,513,3.007,58.86,57.66,54.87,48.13,54.88,0.55,31.38,0.62,NA,NA,NA,nhl_team_stats_20260217.csv
2024,2/17/2026,23,Calgary Flames,NA,56,23,27,0.85,142,167,2.54,2.98,-0.44,29,8.74,52,49,170,28,16.5,161,29,82,98.5,235,679,3.579,25.9,57.72,57.64,70.94,53.05,0.42,23.56,-0.56,NA,NA,NA,nhl_team_stats_20260217.csv
2024,2/17/2026,3,Carolina Hurricanes,NA,57,36,15,2.4,197,160,3.46,2.81,0.65,31.91,10.83,78,50.6,174,38,21.8,157,31,80.3,102.1,203,457,2.698,64.76,62.8,63.61,46.63,59.45,0.6,34.35,1.65,NA,NA,NA,nhl_team_stats_20260217.csv
2024,2/17/2026,20,Chicago Blackhawks,NA,57,22,26,0.85,154,180,2.7,3.16,-0.46,24.75,10.91,53,47.1,161,31,19.3,174,25,85.6,104.9,218,547,3.147,31.74,62.19,53.39,35.91,45.81,0.42,24.05,-2.05,NA,NA,NA,nhl_team_stats_20260217.csv
2024,2/17/2026,22,Colorado Avalanche,NA,55,37,9,4.11,212,133,3.85,2.42,1.43,34.13,11.29,83,51.1,179,27,15.1,149,23,84.6,99.7,179,383,2.353,70.94,81.91,84.77,23.2,65.21,0.72,39.42,-2.42,NA,NA,NA,nhl_team_stats_20260217.csv
2024,2/17/2026,19,Columbus Blue Jackets,NA,56,29,20,1.45,179,176,3.2,3.14,0.06,29.79,10.73,65,51,134,27,20.1,159,36,77.4,97.5,195,445,2.8,51.69,48.62,46,44.03,47.59,0.51,28.53,0.47,NA,NA,NA,nhl_team_stats_20260217.csv
2024,2/17/2026,27,Dallas Stars,NA,57,34,14,2.43,193,157,3.39,2.75,0.64,25.56,13.25,77,52.1,166,50,30.1,171,35,79.5,109.6,201,469,2.72,69.3,61.81,63.27,37.55,57.98,0.6,34.38,-0.38,NA,NA,NA,nhl_team_stats_20260217.csv
2024,2/17/2026,16,Detroit Red Wings,NA,58,33,19,1.74,174,172,3,2.97,0.03,28.34,10.58,72,51,181,42,23.2,151,31,79.5,102.7,191,446,2.696,49.1,56.01,57.38,26.93,47.36,0.51,29.29,3.71,NA,NA,NA,nhl_team_stats_20260217.csv
2024,2/17/2026,24,Edmonton Oilers,NA,58,28,22,1.27,198,191,3.41,3.29,0.12,30.02,11.37,64,52.4,154,50,32.5,159,37,76.7,109.2,202,554,3.189,73.93,37.81,40.01,36.69,47.11,0.52,30.04,-2.04,NA,NA,NA,nhl_team_stats_20260217.csv
2024,2/17/2026,4,Florida Panthers,NA,57,29,25,1.16,174,190,3.05,3.33,-0.28,29.04,10.51,61,47.5,205,40,19.5,200,35,82.5,102,288,703,3.777,47.48,43.04,39.32,86,53.96,0.46,26,3,NA,NA,NA,nhl_team_stats_20260217.csv
2024,2/17/2026,28,Los Angeles Kings,NA,56,23,19,1.21,146,155,2.61,2.77,-0.16,27.59,9.45,60,48.4,167,27,16.2,180,43,76.1,92.3,211,483,2.806,26.69,54.47,56.26,44.77,45.55,0.47,26.34,-3.34,NA,NA,NA,nhl_team_stats_20260217.csv
2024,2/17/2026,25,Minnesota Wild,NA,58,34,14,2.43,196,166,3.38,2.86,0.52,28.88,11.7,78,46.4,188,48,25.5,146,34,76.7,102.2,172,398,2.48,65.15,57.12,59.84,46.25,57.09,0.58,33.8,0.2,NA,NA,NA,nhl_team_stats_20260217.csv
2024,2/17/2026,14,Montreal Canadiens,NA,57,32,17,1.88,199,183,3.49,3.21,0.28,26.25,13.3,72,50.7,161,39,24.2,184,43,76.6,100.8,247,588,3.312,65.62,39.4,38.63,63.06,51.67,0.54,30.88,1.12,NA,NA,NA,nhl_team_stats_20260217.csv
2024,2/17/2026,18,Nashville Predators,NA,57,26,24,1.08,169,198,2.96,3.47,-0.51,28.6,10.37,59,51.5,170,37,21.8,170,34,80,101.8,217,488,3.054,46.06,41.93,34.24,42.78,41.25,0.42,24.01,1.99,NA,NA,NA,nhl_team_stats_20260217.csv
2024,2/17/2026,7,New Jersey Devils,NA,57,28,27,1.04,146,175,2.56,3.07,-0.51,29.32,8.74,58,50.3,143,30,21,142,30,78.9,99.9,173,405,2.604,31.55,55.27,53.58,38.21,44.65,0.41,23.38,4.62,NA,NA,NA,nhl_team_stats_20260217.csv
2024,2/17/2026,8,New York Islanders,NA,58,32,21,1.52,169,157,2.91,2.71,0.2,27.45,10.62,69,51.9,169,27,16,158,28,82.3,98.3,197,471,2.682,36.53,69.36,70.2,46.42,55.63,0.54,31.06,0.94,NA,NA,NA,nhl_team_stats_20260217.csv
2024,2/17/2026,9,New York Rangers,NA,57,22,29,0.76,151,180,2.65,3.16,-0.51,25.47,10.4,50,54.5,140,32,22.9,160,34,78.8,101.7,197,432,2.762,33.93,44.62,47.04,72.22,49.45,0.41,23.53,-1.53,NA,NA,NA,nhl_team_stats_20260217.csv
2024,2/17/2026,13,Ottawa Senators,NA,57,28,22,1.27,191,184,3.35,3.23,0.12,28.51,11.75,63,54.8,186,43,23.1,165,45,72.7,95.8,228,553,3.193,61.06,31.18,36.39,66.4,48.76,0.52,29.54,-1.54,NA,NA,NA,nhl_team_stats_20260217.csv
2024,2/17/2026,6,Philadelphia Flyers,NA,56,25,20,1.25,167,177,2.98,3.16,-0.18,25.64,11.63,61,49.2,160,26,16.2,171,36,78.9,95.1,226,569,3.274,38.25,43.85,45.18,65.74,48.25,0.47,26.36,-1.36,NA,NA,NA,nhl_team_stats_20260217.csv
2024,2/17/2026,10,Pittsburgh Penguins,NA,56,29,15,1.93,192,162,3.43,2.89,0.54,29.05,11.8,70,50.1,146,38,26,160,26,83.8,109.8,191,440,2.704,66.18,66.4,63.51,30.05,56.53,0.58,32.75,-3.75,NA,NA,NA,nhl_team_stats_20260217.csv
2024,2/17/2026,26,San Jose Sharks,NA,55,27,24,1.12,171,192,3.11,3.49,-0.38,25.49,12.2,58,47.5,186,38,20.4,170,37,78.2,98.6,205,460,3.054,48.61,31.8,30.35,45.97,39.18,0.44,24.34,2.66,NA,NA,NA,nhl_team_stats_20260217.csv
2024,2/17/2026,143,Seattle Kraken,NA,56,27,20,1.35,162,161,2.89,2.88,0.01,25.36,11.41,63,47.6,159,37,23.3,156,45,71.2,94.5,188,445,2.731,43.53,37.66,50.28,29.88,40.34,0.5,28.1,-1.1,NA,NA,NA,nhl_team_stats_20260217.csv
2024,2/17/2026,17,St. Louis Blues,NA,57,20,28,0.71,147,200,2.58,3.51,-0.93,25.07,10.29,49,50,153,28,18.3,157,42,73.2,91.5,189,446,2.929,26.25,25.91,26.95,62.16,35.32,0.35,19.99,0.01,NA,NA,NA,nhl_team_stats_20260217.csv
2024,2/17/2026,1,Tampa Bay Lightning,NA,55,37,14,2.64,199,138,3.62,2.51,1.11,28.15,12.86,78,47,172,39,22.7,172,28,83.7,106.4,278,802,3.89,69.2,73.48,77.4,58.9,69.74,0.68,37.14,-0.14,NA,NA,NA,nhl_team_stats_20260217.csv
2024,2/17/2026,12,Toronto Maple Leafs,NA,57,27,21,1.29,188,193,3.3,3.39,-0.09,27.32,12.07,63,56.2,133,25,18.8,140,23,83.6,102.4,179,402,2.731,52.11,50.8,45.31,53.7,50.48,0.49,27.73,-0.73,NA,NA,NA,nhl_team_stats_20260217.csv
2024,2/17/2026,30,Utah Mammoth,NA,57,30,23,1.3,183,157,3.21,2.75,0.46,27.77,11.56,64,49.1,156,25,16,174,37,78.7,94.7,221,526,2.897,46.56,64.52,61.86,43.59,54.13,0.58,32.87,-2.87,NA,NA,NA,nhl_team_stats_20260217.csv
2024,2/17/2026,21,Vancouver Canucks,NA,57,18,33,0.55,149,208,2.61,3.65,-1.04,26.88,9.73,42,48.5,171,32,18.7,168,50,70.2,88.9,208,469,3.078,29.37,11.95,15.52,54.57,27.85,0.34,19.28,-1.28,NA,NA,NA,nhl_team_stats_20260217.csv
2024,2/17/2026,142,Vegas Golden Knights,NA,57,27,16,1.69,191,173,3.35,3.04,0.31,28.84,11.62,68,50.8,164,42,25.6,131,25,80.9,106.5,165,387,2.544,63.53,57.56,58.35,41.45,55.22,0.55,31.26,-4.26,NA,NA,NA,nhl_team_stats_20260217.csv
2024,2/17/2026,5,Washington Capitals,NA,59,29,23,1.26,189,172,3.2,2.92,0.28,29.15,10.99,65,49.7,175,29,16.6,190,40,78.9,95.5,233,558,3.04,48.03,52.25,53.68,44.03,49.49,0.55,32.19,-3.19,NA,NA,NA,nhl_team_stats_20260217.csv
2024,2/17/2026,2,Winnipeg Jets,NA,56,22,26,0.85,160,173,2.86,3.09,-0.23,26.27,10.88,52,50.5,155,30,19.4,166,35,78.9,98.3,201,485,2.928,37.98,51.53,48.79,59.54,49.46,0.46,25.84,-3.84,NA,NA,NA,nhl_team_stats_20260217.csv
2024,2/19/2026,29,Anaheim Ducks,NA,56,30,23,1.3,185,195,3.3,3.48,-0.18,30.11,10.97,63,47,168,30,17.9,177,39,78,95.9,220,539,3.275,53.54,36.04,29.81,61.13,45.13,0.47,26.51,3.49,NA,NA,NA,nhl_team_stats_20260219.csv
2024,2/19/2026,11,Boston Bruins,NA,57,32,20,1.6,195,179,3.42,3.14,0.28,27.18,12.59,69,51.9,165,44,26.7,208,50,76,102.7,287,769,3.934,66.57,33.34,36.58,73.17,52.42,0.54,30.93,1.07,NA,NA,NA,nhl_team_stats_20260219.csv
2024,2/19/2026,15,Buffalo Sabres,NA,57,32,19,1.68,195,176,3.42,3.09,0.33,27.61,12.39,70,44.6,169,34,20.1,154,27,82.5,102.6,206,513,3.007,58.86,57.66,54.87,48.13,54.88,0.55,31.38,0.62,NA,NA,NA,nhl_team_stats_20260219.csv
2024,2/19/2026,23,Calgary Flames,NA,56,23,27,0.85,142,167,2.54,2.98,-0.44,29,8.74,52,49,170,28,16.5,161,29,82,98.5,235,679,3.579,25.9,57.72,57.64,70.94,53.05,0.42,23.56,-0.56,NA,NA,NA,nhl_team_stats_20260219.csv
2024,2/19/2026,3,Carolina Hurricanes,NA,57,36,15,2.4,197,160,3.46,2.81,0.65,31.91,10.83,78,50.6,174,38,21.8,157,31,80.3,102.1,203,457,2.698,64.76,62.8,63.61,46.63,59.45,0.6,34.35,1.65,NA,NA,NA,nhl_team_stats_20260219.csv
2024,2/19/2026,20,Chicago Blackhawks,NA,57,22,26,0.85,154,180,2.7,3.16,-0.46,24.75,10.91,53,47.1,161,31,19.3,174,25,85.6,104.9,218,547,3.147,31.74,62.19,53.39,35.91,45.81,0.42,24.05,-2.05,NA,NA,NA,nhl_team_stats_20260219.csv
2024,2/19/2026,22,Colorado Avalanche,NA,55,37,9,4.11,212,133,3.85,2.42,1.43,34.13,11.29,83,51.1,179,27,15.1,149,23,84.6,99.7,179,383,2.353,70.94,81.91,84.77,23.2,65.21,0.72,39.42,-2.42,NA,NA,NA,nhl_team_stats_20260219.csv
2024,2/19/2026,19,Columbus Blue Jackets,NA,56,29,20,1.45,179,176,3.2,3.14,0.06,29.79,10.73,65,51,134,27,20.1,159,36,77.4,97.5,195,445,2.8,51.69,48.62,46,44.03,47.59,0.51,28.53,0.47,NA,NA,NA,nhl_team_stats_20260219.csv
2024,2/19/2026,27,Dallas Stars,NA,57,34,14,2.43,193,157,3.39,2.75,0.64,25.56,13.25,77,52.1,166,50,30.1,171,35,79.5,109.6,201,469,2.72,69.3,61.81,63.27,37.55,57.98,0.6,34.38,-0.38,NA,NA,NA,nhl_team_stats_20260219.csv
2024,2/19/2026,16,Detroit Red Wings,NA,58,33,19,1.74,174,172,3,2.97,0.03,28.34,10.58,72,51,181,42,23.2,151,31,79.5,102.7,191,446,2.696,49.1,56.01,57.38,26.93,47.36,0.51,29.29,3.71,NA,NA,NA,nhl_team_stats_20260219.csv
2024,2/19/2026,24,Edmonton Oilers,NA,58,28,22,1.27,198,191,3.41,3.29,0.12,30.02,11.37,64,52.4,154,50,32.5,159,37,76.7,109.2,202,554,3.189,73.93,37.81,40.01,36.69,47.11,0.52,30.04,-2.04,NA,NA,NA,nhl_team_stats_20260219.csv
2024,2/19/2026,4,Florida Panthers,NA,57,29,25,1.16,174,190,3.05,3.33,-0.28,29.04,10.51,61,47.5,205,40,19.5,200,35,82.5,102,288,703,3.777,47.48,43.04,39.32,86,53.96,0.46,26,3,NA,NA,NA,nhl_team_stats_20260219.csv
2024,2/19/2026,28,Los Angeles Kings,NA,56,23,19,1.21,146,155,2.61,2.77,-0.16,27.59,9.45,60,48.4,167,27,16.2,180,43,76.1,92.3,211,483,2.806,26.69,54.47,56.26,44.77,45.55,0.47,26.34,-3.34,NA,NA,NA,nhl_team_stats_20260219.csv
2024,2/19/2026,25,Minnesota Wild,NA,58,34,14,2.43,196,166,3.38,2.86,0.52,28.88,11.7,78,46.4,188,48,25.5,146,34,76.7,102.2,172,398,2.48,65.15,57.12,59.84,46.25,57.09,0.58,33.8,0.2,NA,NA,NA,nhl_team_stats_20260219.csv
2024,2/19/2026,14,Montreal Canadiens,NA,57,32,17,1.88,199,183,3.49,3.21,0.28,26.25,13.3,72,50.7,161,39,24.2,184,43,76.6,100.8,247,588,3.312,65.62,39.4,38.63,63.06,51.67,0.54,30.88,1.12,NA,NA,NA,nhl_team_stats_20260219.csv
2024,2/19/2026,18,Nashville Predators,NA,57,26,24,1.08,169,198,2.96,3.47,-0.51,28.6,10.37,59,51.5,170,37,21.8,170,34,80,101.8,217,488,3.054,46.06,41.93,34.24,42.78,41.25,0.42,24.01,1.99,NA,NA,NA,nhl_team_stats_20260219.csv
2024,2/19/2026,7,New Jersey Devils,NA,57,28,27,1.04,146,175,2.56,3.07,-0.51,29.32,8.74,58,50.3,143,30,21,142,30,78.9,99.9,173,405,2.604,31.55,55.27,53.58,38.21,44.65,0.41,23.38,4.62,NA,NA,NA,nhl_team_stats_20260219.csv
2024,2/19/2026,8,New York Islanders,NA,58,32,21,1.52,169,157,2.91,2.71,0.2,27.45,10.62,69,51.9,169,27,16,158,28,82.3,98.3,197,471,2.682,36.53,69.36,70.2,46.42,55.63,0.54,31.06,0.94,NA,NA,NA,nhl_team_stats_20260219.csv
2024,2/19/2026,9,New York Rangers,NA,57,22,29,0.76,151,180,2.65,3.16,-0.51,25.47,10.4,50,54.5,140,32,22.9,160,34,78.8,101.7,197,432,2.762,33.93,44.62,47.04,72.22,49.45,0.41,23.53,-1.53,NA,NA,NA,nhl_team_stats_20260219.csv
2024,2/19/2026,13,Ottawa Senators,NA,57,28,22,1.27,191,184,3.35,3.23,0.12,28.51,11.75,63,54.8,186,43,23.1,165,45,72.7,95.8,228,553,3.193,61.06,31.18,36.39,66.4,48.76,0.52,29.54,-1.54,NA,NA,NA,nhl_team_stats_20260219.csv
2024,2/19/2026,6,Philadelphia Flyers,NA,56,25,20,1.25,167,177,2.98,3.16,-0.18,25.64,11.63,61,49.2,160,26,16.2,171,36,78.9,95.1,226,569,3.274,38.25,43.85,45.18,65.74,48.25,0.47,26.36,-1.36,NA,NA,NA,nhl_team_stats_20260219.csv
2024,2/19/2026,10,Pittsburgh Penguins,NA,56,29,15,1.93,192,162,3.43,2.89,0.54,29.05,11.8,70,50.1,146,38,26,160,26,83.8,109.8,191,440,2.704,66.18,66.4,63.51,30.05,56.53,0.58,32.75,-3.75,NA,NA,NA,nhl_team_stats_20260219.csv
2024,2/19/2026,26,San Jose Sharks,NA,55,27,24,1.12,171,192,3.11,3.49,-0.38,25.49,12.2,58,47.5,186,38,20.4,170,37,78.2,98.6,205,460,3.054,48.61,31.8,30.35,45.97,39.18,0.44,24.34,2.66,NA,NA,NA,nhl_team_stats_20260219.csv
2024,2/19/2026,143,Seattle Kraken,NA,56,27,20,1.35,162,161,2.89,2.88,0.01,25.36,11.41,63,47.6,159,37,23.3,156,45,71.2,94.5,188,445,2.731,43.53,37.66,50.28,29.88,40.34,0.5,28.1,-1.1,NA,NA,NA,nhl_team_stats_20260219.csv
2024,2/19/2026,17,St. Louis Blues,NA,57,20,28,0.71,147,200,2.58,3.51,-0.93,25.07,10.29,49,50,153,28,18.3,157,42,73.2,91.5,189,446,2.929,26.25,25.91,26.95,62.16,35.32,0.35,19.99,0.01,NA,NA,NA,nhl_team_stats_20260219.csv
2024,2/19/2026,1,Tampa Bay Lightning,NA,55,37,14,2.64,199,138,3.62,2.51,1.11,28.15,12.86,78,47,172,39,22.7,172,28,83.7,106.4,278,802,3.89,69.2,73.48,77.4,58.9,69.74,0.68,37.14,-0.14,NA,NA,NA,nhl_team_stats_20260219.csv
2024,2/19/2026,12,Toronto Maple Leafs,NA,57,27,21,1.29,188,193,3.3,3.39,-0.09,27.32,12.07,63,56.2,133,25,18.8,140,23,83.6,102.4,179,402,2.731,52.11,50.8,45.31,53.7,50.48,0.49,27.73,-0.73,NA,NA,NA,nhl_team_stats_20260219.csv
2024,2/19/2026,30,Utah Mammoth,NA,57,30,23,1.3,183,157,3.21,2.75,0.46,27.77,11.56,64,49.1,156,25,16,174,37,78.7,94.7,221,526,2.897,46.56,64.52,61.86,43.59,54.13,0.58,32.87,-2.87,NA,NA,NA,nhl_team_stats_20260219.csv
2024,2/19/2026,21,Vancouver Canucks,NA,57,18,33,0.55,149,208,2.61,3.65,-1.04,26.88,9.73,42,48.5,171,32,18.7,168,50,70.2,88.9,208,469,3.078,29.37,11.95,15.52,54.57,27.85,0.34,19.28,-1.28,NA,NA,NA,nhl_team_stats_20260219.csv
2024,2/19/2026,142,Vegas Golden Knights,NA,57,27,16,1.69,191,173,3.35,3.04,0.31,28.84,11.62,68,50.8,164,42,25.6,131,25,80.9,106.5,165,387,2.544,63.53,57.56,58.35,41.45,55.22,0.55,31.26,-4.26,NA,NA,NA,nhl_team_stats_20260219.csv
2024,2/19/2026,5,Washington Capitals,NA,59,29,23,1.26,189,172,3.2,2.92,0.28,29.15,10.99,65,49.7,175,29,16.6,190,40,78.9,95.5,233,558,3.04,48.03,52.25,53.68,44.03,49.49,0.55,32.19,-3.19,NA,NA,NA,nhl_team_stats_20260219.csv
2024,2/19/2026,2,Winnipeg Jets,NA,56,22,26,0.85,160,173,2.86,3.09,-0.23,26.27,10.88,52,50.5,155,30,19.4,166,35,78.9,98.3,201,485,2.928,37.98,51.53,48.79,59.54,49.46,0.46,25.84,-3.84,NA,NA,NA,nhl_team_stats_20260219.csv
2024,2/22/2026,29,Anaheim Ducks,NA,56,30,23,1.3,185,195,3.3,3.48,-0.18,30.11,10.97,63,47,168,30,17.9,177,39,78,95.9,220,539,3.275,53.54,36.04,29.81,61.13,45.13,0.47,26.51,3.49,NA,NA,NA,nhl_team_stats_20260222.csv
2024,2/22/2026,11,Boston Bruins,NA,57,32,20,1.6,195,179,3.42,3.14,0.28,27.18,12.59,69,51.9,165,44,26.7,208,50,76,102.7,287,769,3.934,66.57,33.34,36.58,73.17,52.42,0.54,30.93,1.07,NA,NA,NA,nhl_team_stats_20260222.csv
2024,2/22/2026,15,Buffalo Sabres,NA,57,32,19,1.68,195,176,3.42,3.09,0.33,27.61,12.39,70,44.6,169,34,20.1,154,27,82.5,102.6,206,513,3.007,58.86,57.66,54.87,48.13,54.88,0.55,31.38,0.62,NA,NA,NA,nhl_team_stats_20260222.csv
2024,2/22/2026,23,Calgary Flames,NA,56,23,27,0.85,142,167,2.54,2.98,-0.44,29,8.74,52,49,170,28,16.5,161,29,82,98.5,235,679,3.579,25.9,57.72,57.64,70.94,53.05,0.42,23.56,-0.56,NA,NA,NA,nhl_team_stats_20260222.csv
2024,2/22/2026,3,Carolina Hurricanes,NA,57,36,15,2.4,197,160,3.46,2.81,0.65,31.91,10.83,78,50.6,174,38,21.8,157,31,80.3,102.1,203,457,2.698,64.76,62.8,63.61,46.63,59.45,0.6,34.35,1.65,NA,NA,NA,nhl_team_stats_20260222.csv
2024,2/22/2026,20,Chicago Blackhawks,NA,57,22,26,0.85,154,180,2.7,3.16,-0.46,24.75,10.91,53,47.1,161,31,19.3,174,25,85.6,104.9,218,547,3.147,31.74,62.19,53.39,35.91,45.81,0.42,24.05,-2.05,NA,NA,NA,nhl_team_stats_20260222.csv
2024,2/22/2026,22,Colorado Avalanche,NA,55,37,9,4.11,212,133,3.85,2.42,1.43,34.13,11.29,83,51.1,179,27,15.1,149,23,84.6,99.7,179,383,2.353,70.94,81.91,84.77,23.2,65.21,0.72,39.42,-2.42,NA,NA,NA,nhl_team_stats_20260222.csv
2024,2/22/2026,19,Columbus Blue Jackets,NA,56,29,20,1.45,179,176,3.2,3.14,0.06,29.79,10.73,65,51,134,27,20.1,159,36,77.4,97.5,195,445,2.8,51.69,48.62,46,44.03,47.59,0.51,28.53,0.47,NA,NA,NA,nhl_team_stats_20260222.csv
2024,2/22/2026,27,Dallas Stars,NA,57,34,14,2.43,193,157,3.39,2.75,0.64,25.56,13.25,77,52.1,166,50,30.1,171,35,79.5,109.6,201,469,2.72,69.3,61.81,63.27,37.55,57.98,0.6,34.38,-0.38,NA,NA,NA,nhl_team_stats_20260222.csv
2024,2/22/2026,16,Detroit Red Wings,NA,58,33,19,1.74,174,172,3,2.97,0.03,28.34,10.58,72,51,181,42,23.2,151,31,79.5,102.7,191,446,2.696,49.1,56.01,57.38,26.93,47.36,0.51,29.29,3.71,NA,NA,NA,nhl_team_stats_20260222.csv
2024,2/22/2026,24,Edmonton Oilers,NA,58,28,22,1.27,198,191,3.41,3.29,0.12,30.02,11.37,64,52.4,154,50,32.5,159,37,76.7,109.2,202,554,3.189,73.93,37.81,40.01,36.69,47.11,0.52,30.04,-2.04,NA,NA,NA,nhl_team_stats_20260222.csv
2024,2/22/2026,4,Florida Panthers,NA,57,29,25,1.16,174,190,3.05,3.33,-0.28,29.04,10.51,61,47.5,205,40,19.5,200,35,82.5,102,288,703,3.777,47.48,43.04,39.32,86,53.96,0.46,26,3,NA,NA,NA,nhl_team_stats_20260222.csv
2024,2/22/2026,28,Los Angeles Kings,NA,56,23,19,1.21,146,155,2.61,2.77,-0.16,27.59,9.45,60,48.4,167,27,16.2,180,43,76.1,92.3,211,483,2.806,26.69,54.47,56.26,44.77,45.55,0.47,26.34,-3.34,NA,NA,NA,nhl_team_stats_20260222.csv
2024,2/22/2026,25,Minnesota Wild,NA,58,34,14,2.43,196,166,3.38,2.86,0.52,28.88,11.7,78,46.4,188,48,25.5,146,34,76.7,102.2,172,398,2.48,65.15,57.12,59.84,46.25,57.09,0.58,33.8,0.2,NA,NA,NA,nhl_team_stats_20260222.csv
2024,2/22/2026,14,Montreal Canadiens,NA,57,32,17,1.88,199,183,3.49,3.21,0.28,26.25,13.3,72,50.7,161,39,24.2,184,43,76.6,100.8,247,588,3.312,65.62,39.4,38.63,63.06,51.67,0.54,30.88,1.12,NA,NA,NA,nhl_team_stats_20260222.csv
2024,2/22/2026,18,Nashville Predators,NA,57,26,24,1.08,169,198,2.96,3.47,-0.51,28.6,10.37,59,51.5,170,37,21.8,170,34,80,101.8,217,488,3.054,46.06,41.93,34.24,42.78,41.25,0.42,24.01,1.99,NA,NA,NA,nhl_team_stats_20260222.csv
2024,2/22/2026,7,New Jersey Devils,NA,57,28,27,1.04,146,175,2.56,3.07,-0.51,29.32,8.74,58,50.3,143,30,21,142,30,78.9,99.9,173,405,2.604,31.55,55.27,53.58,38.21,44.65,0.41,23.38,4.62,NA,NA,NA,nhl_team_stats_20260222.csv
2024,2/22/2026,8,New York Islanders,NA,58,32,21,1.52,169,157,2.91,2.71,0.2,27.45,10.62,69,51.9,169,27,16,158,28,82.3,98.3,197,471,2.682,36.53,69.36,70.2,46.42,55.63,0.54,31.06,0.94,NA,NA,NA,nhl_team_stats_20260222.csv
2024,2/22/2026,9,New York Rangers,NA,57,22,29,0.76,151,180,2.65,3.16,-0.51,25.47,10.4,50,54.5,140,32,22.9,160,34,78.8,101.7,197,432,2.762,33.93,44.62,47.04,72.22,49.45,0.41,23.53,-1.53,NA,NA,NA,nhl_team_stats_20260222.csv
2024,2/22/2026,13,Ottawa Senators,NA,57,28,22,1.27,191,184,3.35,3.23,0.12,28.51,11.75,63,54.8,186,43,23.1,165,45,72.7,95.8,228,553,3.193,61.06,31.18,36.39,66.4,48.76,0.52,29.54,-1.54,NA,NA,NA,nhl_team_stats_20260222.csv
2024,2/22/2026,6,Philadelphia Flyers,NA,56,25,20,1.25,167,177,2.98,3.16,-0.18,25.64,11.63,61,49.2,160,26,16.2,171,36,78.9,95.1,226,569,3.274,38.25,43.85,45.18,65.74,48.25,0.47,26.36,-1.36,NA,NA,NA,nhl_team_stats_20260222.csv
2024,2/22/2026,10,Pittsburgh Penguins,NA,56,29,15,1.93,192,162,3.43,2.89,0.54,29.05,11.8,70,50.1,146,38,26,160,26,83.8,109.8,191,440,2.704,66.18,66.4,63.51,30.05,56.53,0.58,32.75,-3.75,NA,NA,NA,nhl_team_stats_20260222.csv
2024,2/22/2026,26,San Jose Sharks,NA,55,27,24,1.12,171,192,3.11,3.49,-0.38,25.49,12.2,58,47.5,186,38,20.4,170,37,78.2,98.6,205,460,3.054,48.61,31.8,30.35,45.97,39.18,0.44,24.34,2.66,NA,NA,NA,nhl_team_stats_20260222.csv
2024,2/22/2026,143,Seattle Kraken,NA,56,27,20,1.35,162,161,2.89,2.88,0.01,25.36,11.41,63,47.6,159,37,23.3,156,45,71.2,94.5,188,445,2.731,43.53,37.66,50.28,29.88,40.34,0.5,28.1,-1.1,NA,NA,NA,nhl_team_stats_20260222.csv
2024,2/22/2026,17,St. Louis Blues,NA,57,20,28,0.71,147,200,2.58,3.51,-0.93,25.07,10.29,49,50,153,28,18.3,157,42,73.2,91.5,189,446,2.929,26.25,25.91,26.95,62.16,35.32,0.35,19.99,0.01,NA,NA,NA,nhl_team_stats_20260222.csv
2024,2/22/2026,1,Tampa Bay Lightning,NA,55,37,14,2.64,199,138,3.62,2.51,1.11,28.15,12.86,78,47,172,39,22.7,172,28,83.7,106.4,278,802,3.89,69.2,73.48,77.4,58.9,69.74,0.68,37.14,-0.14,NA,NA,NA,nhl_team_stats_20260222.csv
2024,2/22/2026,12,Toronto Maple Leafs,NA,57,27,21,1.29,188,193,3.3,3.39,-0.09,27.32,12.07,63,56.2,133,25,18.8,140,23,83.6,102.4,179,402,2.731,52.11,50.8,45.31,53.7,50.48,0.49,27.73,-0.73,NA,NA,NA,nhl_team_stats_20260222.csv
2024,2/22/2026,30,Utah Mammoth,NA,57,30,23,1.3,183,157,3.21,2.75,0.46,27.77,11.56,64,49.1,156,25,16,174,37,78.7,94.7,221,526,2.897,46.56,64.52,61.86,43.59,54.13,0.58,32.87,-2.87,NA,NA,NA,nhl_team_stats_20260222.csv
2024,2/22/2026,21,Vancouver Canucks,NA,57,18,33,0.55,149,208,2.61,3.65,-1.04,26.88,9.73,42,48.5,171,32,18.7,168,50,70.2,88.9,208,469,3.078,29.37,11.95,15.52,54.57,27.85,0.34,19.28,-1.28,NA,NA,NA,nhl_team_stats_20260222.csv
2024,2/22/2026,142,Vegas Golden Knights,NA,57,27,16,1.69,191,173,3.35,3.04,0.31,28.84,11.62,68,50.8,164,42,25.6,131,25,80.9,106.5,165,387,2.544,63.53,57.56,58.35,41.45,55.22,0.55,31.26,-4.26,NA,NA,NA,nhl_team_stats_20260222.csv
2024,2/22/2026,5,Washington Capitals,NA,59,29,23,1.26,189,172,3.2,2.92,0.28,29.15,10.99,65,49.7,175,29,16.6,190,40,78.9,95.5,233,558,3.04,48.03,52.25,53.68,44.03,49.49,0.55,32.19,-3.19,NA,NA,NA,nhl_team_stats_20260222.csv
2024,2/22/2026,2,Winnipeg Jets,NA,56,22,26,0.85,160,173,2.86,3.09,-0.23,26.27,10.88,52,50.5,155,30,19.4,166,35,78.9,98.3,201,485,2.928,37.98,51.53,48.79,59.54,49.46,0.46,25.84,-3.84,NA,NA,NA,nhl_team_stats_20260222.csv
2024,2/23/2026,29,Anaheim Ducks,NA,56,30,23,1.3,185,195,3.3,3.48,-0.18,30.11,10.97,63,47,168,30,17.9,177,39,78,95.9,220,539,3.275,53.54,36.04,29.81,61.13,45.13,0.47,26.51,3.49,NA,NA,NA,nhl_team_stats_20260223.csv
2024,2/23/2026,11,Boston Bruins,NA,57,32,20,1.6,195,179,3.42,3.14,0.28,27.18,12.59,69,51.9,165,44,26.7,208,50,76,102.7,287,769,3.934,66.57,33.34,36.58,73.17,52.42,0.54,30.93,1.07,NA,NA,NA,nhl_team_stats_20260223.csv
2024,2/23/2026,15,Buffalo Sabres,NA,57,32,19,1.68,195,176,3.42,3.09,0.33,27.61,12.39,70,44.6,169,34,20.1,154,27,82.5,102.6,206,513,3.007,58.86,57.66,54.87,48.13,54.88,0.55,31.38,0.62,NA,NA,NA,nhl_team_stats_20260223.csv
2024,2/23/2026,23,Calgary Flames,NA,56,23,27,0.85,142,167,2.54,2.98,-0.44,29,8.74,52,49,170,28,16.5,161,29,82,98.5,235,679,3.579,25.9,57.72,57.64,70.94,53.05,0.42,23.56,-0.56,NA,NA,NA,nhl_team_stats_20260223.csv
2024,2/23/2026,3,Carolina Hurricanes,NA,57,36,15,2.4,197,160,3.46,2.81,0.65,31.91,10.83,78,50.6,174,38,21.8,157,31,80.3,102.1,203,457,2.698,64.76,62.8,63.61,46.63,59.45,0.6,34.35,1.65,NA,NA,NA,nhl_team_stats_20260223.csv
2024,2/23/2026,20,Chicago Blackhawks,NA,57,22,26,0.85,154,180,2.7,3.16,-0.46,24.75,10.91,53,47.1,161,31,19.3,174,25,85.6,104.9,218,547,3.147,31.74,62.19,53.39,35.91,45.81,0.42,24.05,-2.05,NA,NA,NA,nhl_team_stats_20260223.csv
2024,2/23/2026,22,Colorado Avalanche,NA,55,37,9,4.11,212,133,3.85,2.42,1.43,34.13,11.29,83,51.1,179,27,15.1,149,23,84.6,99.7,179,383,2.353,70.94,81.91,84.77,23.2,65.21,0.72,39.42,-2.42,NA,NA,NA,nhl_team_stats_20260223.csv
2024,2/23/2026,19,Columbus Blue Jackets,NA,56,29,20,1.45,179,176,3.2,3.14,0.06,29.79,10.73,65,51,134,27,20.1,159,36,77.4,97.5,195,445,2.8,51.69,48.62,46,44.03,47.59,0.51,28.53,0.47,NA,NA,NA,nhl_team_stats_20260223.csv
2024,2/23/2026,27,Dallas Stars,NA,57,34,14,2.43,193,157,3.39,2.75,0.64,25.56,13.25,77,52.1,166,50,30.1,171,35,79.5,109.6,201,469,2.72,69.3,61.81,63.27,37.55,57.98,0.6,34.38,-0.38,NA,NA,NA,nhl_team_stats_20260223.csv
2024,2/23/2026,16,Detroit Red Wings,NA,58,33,19,1.74,174,172,3,2.97,0.03,28.34,10.58,72,51,181,42,23.2,151,31,79.5,102.7,191,446,2.696,49.1,56.01,57.38,26.93,47.36,0.51,29.29,3.71,NA,NA,NA,nhl_team_stats_20260223.csv
2024,2/23/2026,24,Edmonton Oilers,NA,58,28,22,1.27,198,191,3.41,3.29,0.12,30.02,11.37,64,52.4,154,50,32.5,159,37,76.7,109.2,202,554,3.189,73.93,37.81,40.01,36.69,47.11,0.52,30.04,-2.04,NA,NA,NA,nhl_team_stats_20260223.csv
2024,2/23/2026,4,Florida Panthers,NA,57,29,25,1.16,174,190,3.05,3.33,-0.28,29.04,10.51,61,47.5,205,40,19.5,200,35,82.5,102,288,703,3.777,47.48,43.04,39.32,86,53.96,0.46,26,3,NA,NA,NA,nhl_team_stats_20260223.csv
2024,2/23/2026,28,Los Angeles Kings,NA,56,23,19,1.21,146,155,2.61,2.77,-0.16,27.59,9.45,60,48.4,167,27,16.2,180,43,76.1,92.3,211,483,2.806,26.69,54.47,56.26,44.77,45.55,0.47,26.34,-3.34,NA,NA,NA,nhl_team_stats_20260223.csv
2024,2/23/2026,25,Minnesota Wild,NA,58,34,14,2.43,196,166,3.38,2.86,0.52,28.88,11.7,78,46.4,188,48,25.5,146,34,76.7,102.2,172,398,2.48,65.15,57.12,59.84,46.25,57.09,0.58,33.8,0.2,NA,NA,NA,nhl_team_stats_20260223.csv
2024,2/23/2026,14,Montreal Canadiens,NA,57,32,17,1.88,199,183,3.49,3.21,0.28,26.25,13.3,72,50.7,161,39,24.2,184,43,76.6,100.8,247,588,3.312,65.62,39.4,38.63,63.06,51.67,0.54,30.88,1.12,NA,NA,NA,nhl_team_stats_20260223.csv
2024,2/23/2026,18,Nashville Predators,NA,57,26,24,1.08,169,198,2.96,3.47,-0.51,28.6,10.37,59,51.5,170,37,21.8,170,34,80,101.8,217,488,3.054,46.06,41.93,34.24,42.78,41.25,0.42,24.01,1.99,NA,NA,NA,nhl_team_stats_20260223.csv
2024,2/23/2026,7,New Jersey Devils,NA,57,28,27,1.04,146,175,2.56,3.07,-0.51,29.32,8.74,58,50.3,143,30,21,142,30,78.9,99.9,173,405,2.604,31.55,55.27,53.58,38.21,44.65,0.41,23.38,4.62,NA,NA,NA,nhl_team_stats_20260223.csv
2024,2/23/2026,8,New York Islanders,NA,58,32,21,1.52,169,157,2.91,2.71,0.2,27.45,10.62,69,51.9,169,27,16,158,28,82.3,98.3,197,471,2.682,36.53,69.36,70.2,46.42,55.63,0.54,31.06,0.94,NA,NA,NA,nhl_team_stats_20260223.csv
2024,2/23/2026,9,New York Rangers,NA,57,22,29,0.76,151,180,2.65,3.16,-0.51,25.47,10.4,50,54.5,140,32,22.9,160,34,78.8,101.7,197,432,2.762,33.93,44.62,47.04,72.22,49.45,0.41,23.53,-1.53,NA,NA,NA,nhl_team_stats_20260223.csv
2024,2/23/2026,13,Ottawa Senators,NA,57,28,22,1.27,191,184,3.35,3.23,0.12,28.51,11.75,63,54.8,186,43,23.1,165,45,72.7,95.8,228,553,3.193,61.06,31.18,36.39,66.4,48.76,0.52,29.54,-1.54,NA,NA,NA,nhl_team_stats_20260223.csv
2024,2/23/2026,6,Philadelphia Flyers,NA,56,25,20,1.25,167,177,2.98,3.16,-0.18,25.64,11.63,61,49.2,160,26,16.2,171,36,78.9,95.1,226,569,3.274,38.25,43.85,45.18,65.74,48.25,0.47,26.36,-1.36,NA,NA,NA,nhl_team_stats_20260223.csv
2024,2/23/2026,10,Pittsburgh Penguins,NA,56,29,15,1.93,192,162,3.43,2.89,0.54,29.05,11.8,70,50.1,146,38,26,160,26,83.8,109.8,191,440,2.704,66.18,66.4,63.51,30.05,56.53,0.58,32.75,-3.75,NA,NA,NA,nhl_team_stats_20260223.csv
2024,2/23/2026,26,San Jose Sharks,NA,55,27,24,1.12,171,192,3.11,3.49,-0.38,25.49,12.2,58,47.5,186,38,20.4,170,37,78.2,98.6,205,460,3.054,48.61,31.8,30.35,45.97,39.18,0.44,24.34,2.66,NA,NA,NA,nhl_team_stats_20260223.csv
2024,2/23/2026,143,Seattle Kraken,NA,56,27,20,1.35,162,161,2.89,2.88,0.01,25.36,11.41,63,47.6,159,37,23.3,156,45,71.2,94.5,188,445,2.731,43.53,37.66,50.28,29.88,40.34,0.5,28.1,-1.1,NA,NA,NA,nhl_team_stats_20260223.csv
2024,2/23/2026,17,St. Louis Blues,NA,57,20,28,0.71,147,200,2.58,3.51,-0.93,25.07,10.29,49,50,153,28,18.3,157,42,73.2,91.5,189,446,2.929,26.25,25.91,26.95,62.16,35.32,0.35,19.99,0.01,NA,NA,NA,nhl_team_stats_20260223.csv
2024,2/23/2026,1,Tampa Bay Lightning,NA,55,37,14,2.64,199,138,3.62,2.51,1.11,28.15,12.86,78,47,172,39,22.7,172,28,83.7,106.4,278,802,3.89,69.2,73.48,77.4,58.9,69.74,0.68,37.14,-0.14,NA,NA,NA,nhl_team_stats_20260223.csv
2024,2/23/2026,12,Toronto Maple Leafs,NA,57,27,21,1.29,188,193,3.3,3.39,-0.09,27.32,12.07,63,56.2,133,25,18.8,140,23,83.6,102.4,179,402,2.731,52.11,50.8,45.31,53.7,50.48,0.49,27.73,-0.73,NA,NA,NA,nhl_team_stats_20260223.csv
2024,2/23/2026,30,Utah Mammoth,NA,57,30,23,1.3,183,157,3.21,2.75,0.46,27.77,11.56,64,49.1,156,25,16,174,37,78.7,94.7,221,526,2.897,46.56,64.52,61.86,43.59,54.13,0.58,32.87,-2.87,NA,NA,NA,nhl_team_stats_20260223.csv
2024,2/23/2026,21,Vancouver Canucks,NA,57,18,33,0.55,149,208,2.61,3.65,-1.04,26.88,9.73,42,48.5,171,32,18.7,168,50,70.2,88.9,208,469,3.078,29.37,11.95,15.52,54.57,27.85,0.34,19.28,-1.28,NA,NA,NA,nhl_team_stats_20260223.csv
2024,2/23/2026,142,Vegas Golden Knights,NA,57,27,16,1.69,191,173,3.35,3.04,0.31,28.84,11.62,68,50.8,164,42,25.6,131,25,80.9,106.5,165,387,2.544,63.53,57.56,58.35,41.45,55.22,0.55,31.26,-4.26,NA,NA,NA,nhl_team_stats_20260223.csv
2024,2/23/2026,5,Washington Capitals,NA,59,29,23,1.26,189,172,3.2,2.92,0.28,29.15,10.99,65,49.7,175,29,16.6,190,40,78.9,95.5,233,558,3.04,48.03,52.25,53.68,44.03,49.49,0.55,32.19,-3.19,NA,NA,NA,nhl_team_stats_20260223.csv
2024,2/23/2026,2,Winnipeg Jets,NA,56,22,26,0.85,160,173,2.86,3.09,-0.23,26.27,10.88,52,50.5,155,30,19.4,166,35,78.9,98.3,201,485,2.928,37.98,51.53,48.79,59.54,49.46,0.46,25.84,-3.84,NA,NA,NA,nhl_team_stats_20260223.csv
2024,2/24/2026,29,Anaheim Ducks,NA,56,30,23,1.3,185,195,3.3,3.48,-0.18,30.11,10.97,63,47,168,30,17.9,177,39,78,95.9,220,539,3.275,53.54,36.04,29.81,61.13,45.13,0.47,26.51,3.49,NA,NA,NA,nhl_team_stats_20260224.csv
2024,2/24/2026,11,Boston Bruins,NA,57,32,20,1.6,195,179,3.42,3.14,0.28,27.18,12.59,69,51.9,165,44,26.7,208,50,76,102.7,287,769,3.934,66.57,33.34,36.58,73.17,52.42,0.54,30.93,1.07,NA,NA,NA,nhl_team_stats_20260224.csv
2024,2/24/2026,15,Buffalo Sabres,NA,57,32,19,1.68,195,176,3.42,3.09,0.33,27.61,12.39,70,44.6,169,34,20.1,154,27,82.5,102.6,206,513,3.007,58.86,57.66,54.87,48.13,54.88,0.55,31.38,0.62,NA,NA,NA,nhl_team_stats_20260224.csv
2024,2/24/2026,23,Calgary Flames,NA,56,23,27,0.85,142,167,2.54,2.98,-0.44,29,8.74,52,49,170,28,16.5,161,29,82,98.5,235,679,3.579,25.9,57.72,57.64,70.94,53.05,0.42,23.56,-0.56,NA,NA,NA,nhl_team_stats_20260224.csv
2024,2/24/2026,3,Carolina Hurricanes,NA,57,36,15,2.4,197,160,3.46,2.81,0.65,31.91,10.83,78,50.6,174,38,21.8,157,31,80.3,102.1,203,457,2.698,64.76,62.8,63.61,46.63,59.45,0.6,34.35,1.65,NA,NA,NA,nhl_team_stats_20260224.csv
2024,2/24/2026,20,Chicago Blackhawks,NA,57,22,26,0.85,154,180,2.7,3.16,-0.46,24.75,10.91,53,47.1,161,31,19.3,174,25,85.6,104.9,218,547,3.147,31.74,62.19,53.39,35.91,45.81,0.42,24.05,-2.05,NA,NA,NA,nhl_team_stats_20260224.csv
2024,2/24/2026,22,Colorado Avalanche,NA,55,37,9,4.11,212,133,3.85,2.42,1.43,34.13,11.29,83,51.1,179,27,15.1,149,23,84.6,99.7,179,383,2.353,70.94,81.91,84.77,23.2,65.21,0.72,39.42,-2.42,NA,NA,NA,nhl_team_stats_20260224.csv
2024,2/24/2026,19,Columbus Blue Jackets,NA,56,29,20,1.45,179,176,3.2,3.14,0.06,29.79,10.73,65,51,134,27,20.1,159,36,77.4,97.5,195,445,2.8,51.69,48.62,46,44.03,47.59,0.51,28.53,0.47,NA,NA,NA,nhl_team_stats_20260224.csv
2024,2/24/2026,27,Dallas Stars,NA,57,34,14,2.43,193,157,3.39,2.75,0.64,25.56,13.25,77,52.1,166,50,30.1,171,35,79.5,109.6,201,469,2.72,69.3,61.81,63.27,37.55,57.98,0.6,34.38,-0.38,NA,NA,NA,nhl_team_stats_20260224.csv
2024,2/24/2026,16,Detroit Red Wings,NA,58,33,19,1.74,174,172,3,2.97,0.03,28.34,10.58,72,51,181,42,23.2,151,31,79.5,102.7,191,446,2.696,49.1,56.01,57.38,26.93,47.36,0.51,29.29,3.71,NA,NA,NA,nhl_team_stats_20260224.csv
2024,2/24/2026,24,Edmonton Oilers,NA,58,28,22,1.27,198,191,3.41,3.29,0.12,30.02,11.37,64,52.4,154,50,32.5,159,37,76.7,109.2,202,554,3.189,73.93,37.81,40.01,36.69,47.11,0.52,30.04,-2.04,NA,NA,NA,nhl_team_stats_20260224.csv
2024,2/24/2026,4,Florida Panthers,NA,57,29,25,1.16,174,190,3.05,3.33,-0.28,29.04,10.51,61,47.5,205,40,19.5,200,35,82.5,102,288,703,3.777,47.48,43.04,39.32,86,53.96,0.46,26,3,NA,NA,NA,nhl_team_stats_20260224.csv
2024,2/24/2026,28,Los Angeles Kings,NA,56,23,19,1.21,146,155,2.61,2.77,-0.16,27.59,9.45,60,48.4,167,27,16.2,180,43,76.1,92.3,211,483,2.806,26.69,54.47,56.26,44.77,45.55,0.47,26.34,-3.34,NA,NA,NA,nhl_team_stats_20260224.csv
2024,2/24/2026,25,Minnesota Wild,NA,58,34,14,2.43,196,166,3.38,2.86,0.52,28.88,11.7,78,46.4,188,48,25.5,146,34,76.7,102.2,172,398,2.48,65.15,57.12,59.84,46.25,57.09,0.58,33.8,0.2,NA,NA,NA,nhl_team_stats_20260224.csv
2024,2/24/2026,14,Montreal Canadiens,NA,57,32,17,1.88,199,183,3.49,3.21,0.28,26.25,13.3,72,50.7,161,39,24.2,184,43,76.6,100.8,247,588,3.312,65.62,39.4,38.63,63.06,51.67,0.54,30.88,1.12,NA,NA,NA,nhl_team_stats_20260224.csv
2024,2/24/2026,18,Nashville Predators,NA,57,26,24,1.08,169,198,2.96,3.47,-0.51,28.6,10.37,59,51.5,170,37,21.8,170,34,80,101.8,217,488,3.054,46.06,41.93,34.24,42.78,41.25,0.42,24.01,1.99,NA,NA,NA,nhl_team_stats_20260224.csv
2024,2/24/2026,7,New Jersey Devils,NA,57,28,27,1.04,146,175,2.56,3.07,-0.51,29.32,8.74,58,50.3,143,30,21,142,30,78.9,99.9,173,405,2.604,31.55,55.27,53.58,38.21,44.65,0.41,23.38,4.62,NA,NA,NA,nhl_team_stats_20260224.csv
2024,2/24/2026,8,New York Islanders,NA,58,32,21,1.52,169,157,2.91,2.71,0.2,27.45,10.62,69,51.9,169,27,16,158,28,82.3,98.3,197,471,2.682,36.53,69.36,70.2,46.42,55.63,0.54,31.06,0.94,NA,NA,NA,nhl_team_stats_20260224.csv
2024,2/24/2026,9,New York Rangers,NA,57,22,29,0.76,151,180,2.65,3.16,-0.51,25.47,10.4,50,54.5,140,32,22.9,160,34,78.8,101.7,197,432,2.762,33.93,44.62,47.04,72.22,49.45,0.41,23.53,-1.53,NA,NA,NA,nhl_team_stats_20260224.csv
2024,2/24/2026,13,Ottawa Senators,NA,57,28,22,1.27,191,184,3.35,3.23,0.12,28.51,11.75,63,54.8,186,43,23.1,165,45,72.7,95.8,228,553,3.193,61.06,31.18,36.39,66.4,48.76,0.52,29.54,-1.54,NA,NA,NA,nhl_team_stats_20260224.csv
2024,2/24/2026,6,Philadelphia Flyers,NA,56,25,20,1.25,167,177,2.98,3.16,-0.18,25.64,11.63,61,49.2,160,26,16.2,171,36,78.9,95.1,226,569,3.274,38.25,43.85,45.18,65.74,48.25,0.47,26.36,-1.36,NA,NA,NA,nhl_team_stats_20260224.csv
2024,2/24/2026,10,Pittsburgh Penguins,NA,56,29,15,1.93,192,162,3.43,2.89,0.54,29.05,11.8,70,50.1,146,38,26,160,26,83.8,109.8,191,440,2.704,66.18,66.4,63.51,30.05,56.53,0.58,32.75,-3.75,NA,NA,NA,nhl_team_stats_20260224.csv
2024,2/24/2026,26,San Jose Sharks,NA,55,27,24,1.12,171,192,3.11,3.49,-0.38,25.49,12.2,58,47.5,186,38,20.4,170,37,78.2,98.6,205,460,3.054,48.61,31.8,30.35,45.97,39.18,0.44,24.34,2.66,NA,NA,NA,nhl_team_stats_20260224.csv
2024,2/24/2026,143,Seattle Kraken,NA,56,27,20,1.35,162,161,2.89,2.88,0.01,25.36,11.41,63,47.6,159,37,23.3,156,45,71.2,94.5,188,445,2.731,43.53,37.66,50.28,29.88,40.34,0.5,28.1,-1.1,NA,NA,NA,nhl_team_stats_20260224.csv
2024,2/24/2026,17,St. Louis Blues,NA,57,20,28,0.71,147,200,2.58,3.51,-0.93,25.07,10.29,49,50,153,28,18.3,157,42,73.2,91.5,189,446,2.929,26.25,25.91,26.95,62.16,35.32,0.35,19.99,0.01,NA,NA,NA,nhl_team_stats_20260224.csv
2024,2/24/2026,1,Tampa Bay Lightning,NA,55,37,14,2.64,199,138,3.62,2.51,1.11,28.15,12.86,78,47,172,39,22.7,172,28,83.7,106.4,278,802,3.89,69.2,73.48,77.4,58.9,69.74,0.68,37.14,-0.14,NA,NA,NA,nhl_team_stats_20260224.csv
2024,2/24/2026,12,Toronto Maple Leafs,NA,57,27,21,1.29,188,193,3.3,3.39,-0.09,27.32,12.07,63,56.2,133,25,18.8,140,23,83.6,102.4,179,402,2.731,52.11,50.8,45.31,53.7,50.48,0.49,27.73,-0.73,NA,NA,NA,nhl_team_stats_20260224.csv
2024,2/24/2026,30,Utah Mammoth,NA,57,30,23,1.3,183,157,3.21,2.75,0.46,27.77,11.56,64,49.1,156,25,16,174,37,78.7,94.7,221,526,2.897,46.56,64.52,61.86,43.59,54.13,0.58,32.87,-2.87,NA,NA,NA,nhl_team_stats_20260224.csv
2024,2/24/2026,21,Vancouver Canucks,NA,57,18,33,0.55,149,208,2.61,3.65,-1.04,26.88,9.73,42,48.5,171,32,18.7,168,50,70.2,88.9,208,469,3.078,29.37,11.95,15.52,54.57,27.85,0.34,19.28,-1.28,NA,NA,NA,nhl_team_stats_20260224.csv
2024,2/24/2026,142,Vegas Golden Knights,NA,57,27,16,1.69,191,173,3.35,3.04,0.31,28.84,11.62,68,50.8,164,42,25.6,131,25,80.9,106.5,165,387,2.544,63.53,57.56,58.35,41.45,55.22,0.55,31.26,-4.26,NA,NA,NA,nhl_team_stats_20260224.csv
2024,2/24/2026,5,Washington Capitals,NA,59,29,23,1.26,189,172,3.2,2.92,0.28,29.15,10.99,65,49.7,175,29,16.6,190,40,78.9,95.5,233,558,3.04,48.03,52.25,53.68,44.03,49.49,0.55,32.19,-3.19,NA,NA,NA,nhl_team_stats_20260224.csv
2024,2/24/2026,2,Winnipeg Jets,NA,56,22,26,0.85,160,173,2.86,3.09,-0.23,26.27,10.88,52,50.5,155,30,19.4,166,35,78.9,98.3,201,485,2.928,37.98,51.53,48.79,59.54,49.46,0.46,25.84,-3.84,NA,NA,NA,nhl_team_stats_20260224.csv
2024,2/25/2026,29,Anaheim Ducks,NA,56,30,23,1.3,185,195,3.3,3.48,-0.18,30.11,10.97,63,47,168,30,17.9,177,39,78,95.9,220,539,3.275,53.54,36.04,29.81,61.13,45.13,0.47,26.51,3.49,NA,NA,NA,nhl_team_stats_20260225.csv
2024,2/25/2026,11,Boston Bruins,NA,57,32,20,1.6,195,179,3.42,3.14,0.28,27.18,12.59,69,51.9,165,44,26.7,208,50,76,102.7,287,769,3.934,66.57,33.34,36.58,73.17,52.42,0.54,30.93,1.07,NA,NA,NA,nhl_team_stats_20260225.csv
2024,2/25/2026,15,Buffalo Sabres,NA,57,32,19,1.68,195,176,3.42,3.09,0.33,27.61,12.39,70,44.6,169,34,20.1,154,27,82.5,102.6,206,513,3.007,58.86,57.66,54.87,48.13,54.88,0.55,31.38,0.62,NA,NA,NA,nhl_team_stats_20260225.csv
2024,2/25/2026,23,Calgary Flames,NA,56,23,27,0.85,142,167,2.54,2.98,-0.44,29,8.74,52,49,170,28,16.5,161,29,82,98.5,235,679,3.579,25.9,57.72,57.64,70.94,53.05,0.42,23.56,-0.56,NA,NA,NA,nhl_team_stats_20260225.csv
2024,2/25/2026,3,Carolina Hurricanes,NA,57,36,15,2.4,197,160,3.46,2.81,0.65,31.91,10.83,78,50.6,174,38,21.8,157,31,80.3,102.1,203,457,2.698,64.76,62.8,63.61,46.63,59.45,0.6,34.35,1.65,NA,NA,NA,nhl_team_stats_20260225.csv
2024,2/25/2026,20,Chicago Blackhawks,NA,57,22,26,0.85,154,180,2.7,3.16,-0.46,24.75,10.91,53,47.1,161,31,19.3,174,25,85.6,104.9,218,547,3.147,31.74,62.19,53.39,35.91,45.81,0.42,24.05,-2.05,NA,NA,NA,nhl_team_stats_20260225.csv
2024,2/25/2026,22,Colorado Avalanche,NA,55,37,9,4.11,212,133,3.85,2.42,1.43,34.13,11.29,83,51.1,179,27,15.1,149,23,84.6,99.7,179,383,2.353,70.94,81.91,84.77,23.2,65.21,0.72,39.42,-2.42,NA,NA,NA,nhl_team_stats_20260225.csv
2024,2/25/2026,19,Columbus Blue Jackets,NA,56,29,20,1.45,179,176,3.2,3.14,0.06,29.79,10.73,65,51,134,27,20.1,159,36,77.4,97.5,195,445,2.8,51.69,48.62,46,44.03,47.59,0.51,28.53,0.47,NA,NA,NA,nhl_team_stats_20260225.csv
2024,2/25/2026,27,Dallas Stars,NA,57,34,14,2.43,193,157,3.39,2.75,0.64,25.56,13.25,77,52.1,166,50,30.1,171,35,79.5,109.6,201,469,2.72,69.3,61.81,63.27,37.55,57.98,0.6,34.38,-0.38,NA,NA,NA,nhl_team_stats_20260225.csv
2024,2/25/2026,16,Detroit Red Wings,NA,58,33,19,1.74,174,172,3,2.97,0.03,28.34,10.58,72,51,181,42,23.2,151,31,79.5,102.7,191,446,2.696,49.1,56.01,57.38,26.93,47.36,0.51,29.29,3.71,NA,NA,NA,nhl_team_stats_20260225.csv
2024,2/25/2026,24,Edmonton Oilers,NA,58,28,22,1.27,198,191,3.41,3.29,0.12,30.02,11.37,64,52.4,154,50,32.5,159,37,76.7,109.2,202,554,3.189,73.93,37.81,40.01,36.69,47.11,0.52,30.04,-2.04,NA,NA,NA,nhl_team_stats_20260225.csv
2024,2/25/2026,4,Florida Panthers,NA,57,29,25,1.16,174,190,3.05,3.33,-0.28,29.04,10.51,61,47.5,205,40,19.5,200,35,82.5,102,288,703,3.777,47.48,43.04,39.32,86,53.96,0.46,26,3,NA,NA,NA,nhl_team_stats_20260225.csv
2024,2/25/2026,28,Los Angeles Kings,NA,56,23,19,1.21,146,155,2.61,2.77,-0.16,27.59,9.45,60,48.4,167,27,16.2,180,43,76.1,92.3,211,483,2.806,26.69,54.47,56.26,44.77,45.55,0.47,26.34,-3.34,NA,NA,NA,nhl_team_stats_20260225.csv
2024,2/25/2026,25,Minnesota Wild,NA,58,34,14,2.43,196,166,3.38,2.86,0.52,28.88,11.7,78,46.4,188,48,25.5,146,34,76.7,102.2,172,398,2.48,65.15,57.12,59.84,46.25,57.09,0.58,33.8,0.2,NA,NA,NA,nhl_team_stats_20260225.csv
2024,2/25/2026,14,Montreal Canadiens,NA,57,32,17,1.88,199,183,3.49,3.21,0.28,26.25,13.3,72,50.7,161,39,24.2,184,43,76.6,100.8,247,588,3.312,65.62,39.4,38.63,63.06,51.67,0.54,30.88,1.12,NA,NA,NA,nhl_team_stats_20260225.csv
2024,2/25/2026,18,Nashville Predators,NA,57,26,24,1.08,169,198,2.96,3.47,-0.51,28.6,10.37,59,51.5,170,37,21.8,170,34,80,101.8,217,488,3.054,46.06,41.93,34.24,42.78,41.25,0.42,24.01,1.99,NA,NA,NA,nhl_team_stats_20260225.csv
2024,2/25/2026,7,New Jersey Devils,NA,57,28,27,1.04,146,175,2.56,3.07,-0.51,29.32,8.74,58,50.3,143,30,21,142,30,78.9,99.9,173,405,2.604,31.55,55.27,53.58,38.21,44.65,0.41,23.38,4.62,NA,NA,NA,nhl_team_stats_20260225.csv
2024,2/25/2026,8,New York Islanders,NA,58,32,21,1.52,169,157,2.91,2.71,0.2,27.45,10.62,69,51.9,169,27,16,158,28,82.3,98.3,197,471,2.682,36.53,69.36,70.2,46.42,55.63,0.54,31.06,0.94,NA,NA,NA,nhl_team_stats_20260225.csv
2024,2/25/2026,9,New York Rangers,NA,57,22,29,0.76,151,180,2.65,3.16,-0.51,25.47,10.4,50,54.5,140,32,22.9,160,34,78.8,101.7,197,432,2.762,33.93,44.62,47.04,72.22,49.45,0.41,23.53,-1.53,NA,NA,NA,nhl_team_stats_20260225.csv
2024,2/25/2026,13,Ottawa Senators,NA,57,28,22,1.27,191,184,3.35,3.23,0.12,28.51,11.75,63,54.8,186,43,23.1,165,45,72.7,95.8,228,553,3.193,61.06,31.18,36.39,66.4,48.76,0.52,29.54,-1.54,NA,NA,NA,nhl_team_stats_20260225.csv
2024,2/25/2026,6,Philadelphia Flyers,NA,56,25,20,1.25,167,177,2.98,3.16,-0.18,25.64,11.63,61,49.2,160,26,16.2,171,36,78.9,95.1,226,569,3.274,38.25,43.85,45.18,65.74,48.25,0.47,26.36,-1.36,NA,NA,NA,nhl_team_stats_20260225.csv
2024,2/25/2026,10,Pittsburgh Penguins,NA,56,29,15,1.93,192,162,3.43,2.89,0.54,29.05,11.8,70,50.1,146,38,26,160,26,83.8,109.8,191,440,2.704,66.18,66.4,63.51,30.05,56.53,0.58,32.75,-3.75,NA,NA,NA,nhl_team_stats_20260225.csv
2024,2/25/2026,26,San Jose Sharks,NA,55,27,24,1.12,171,192,3.11,3.49,-0.38,25.49,12.2,58,47.5,186,38,20.4,170,37,78.2,98.6,205,460,3.054,48.61,31.8,30.35,45.97,39.18,0.44,24.34,2.66,NA,NA,NA,nhl_team_stats_20260225.csv
2024,2/25/2026,143,Seattle Kraken,NA,56,27,20,1.35,162,161,2.89,2.88,0.01,25.36,11.41,63,47.6,159,37,23.3,156,45,71.2,94.5,188,445,2.731,43.53,37.66,50.28,29.88,40.34,0.5,28.1,-1.1,NA,NA,NA,nhl_team_stats_20260225.csv
2024,2/25/2026,17,St. Louis Blues,NA,57,20,28,0.71,147,200,2.58,3.51,-0.93,25.07,10.29,49,50,153,28,18.3,157,42,73.2,91.5,189,446,2.929,26.25,25.91,26.95,62.16,35.32,0.35,19.99,0.01,NA,NA,NA,nhl_team_stats_20260225.csv
2024,2/25/2026,1,Tampa Bay Lightning,NA,55,37,14,2.64,199,138,3.62,2.51,1.11,28.15,12.86,78,47,172,39,22.7,172,28,83.7,106.4,278,802,3.89,69.2,73.48,77.4,58.9,69.74,0.68,37.14,-0.14,NA,NA,NA,nhl_team_stats_20260225.csv
2024,2/25/2026,12,Toronto Maple Leafs,NA,57,27,21,1.29,188,193,3.3,3.39,-0.09,27.32,12.07,63,56.2,133,25,18.8,140,23,83.6,102.4,179,402,2.731,52.11,50.8,45.31,53.7,50.48,0.49,27.73,-0.73,NA,NA,NA,nhl_team_stats_20260225.csv
2024,2/25/2026,30,Utah Mammoth,NA,57,30,23,1.3,183,157,3.21,2.75,0.46,27.77,11.56,64,49.1,156,25,16,174,37,78.7,94.7,221,526,2.897,46.56,64.52,61.86,43.59,54.13,0.58,32.87,-2.87,NA,NA,NA,nhl_team_stats_20260225.csv
2024,2/25/2026,21,Vancouver Canucks,NA,57,18,33,0.55,149,208,2.61,3.65,-1.04,26.88,9.73,42,48.5,171,32,18.7,168,50,70.2,88.9,208,469,3.078,29.37,11.95,15.52,54.57,27.85,0.34,19.28,-1.28,NA,NA,NA,nhl_team_stats_20260225.csv
2024,2/25/2026,142,Vegas Golden Knights,NA,57,27,16,1.69,191,173,3.35,3.04,0.31,28.84,11.62,68,50.8,164,42,25.6,131,25,80.9,106.5,165,387,2.544,63.53,57.56,58.35,41.45,55.22,0.55,31.26,-4.26,NA,NA,NA,nhl_team_stats_20260225.csv
2024,2/25/2026,5,Washington Capitals,NA,59,29,23,1.26,189,172,3.2,2.92,0.28,29.15,10.99,65,49.7,175,29,16.6,190,40,78.9,95.5,233,558,3.04,48.03,52.25,53.68,44.03,49.49,0.55,32.19,-3.19,NA,NA,NA,nhl_team_stats_20260225.csv
2024,2/25/2026,2,Winnipeg Jets,NA,56,22,26,0.85,160,173,2.86,3.09,-0.23,26.27,10.88,52,50.5,155,30,19.4,166,35,78.9,98.3,201,485,2.928,37.98,51.53,48.79,59.54,49.46,0.46,25.84,-3.84,NA,NA,NA,nhl_team_stats_20260225.csv
2024,2/26/2026,29,Anaheim Ducks,NA,57,31,23,1.35,191,200,3.35,3.51,-0.16,30.09,11.14,65,47,173,31,17.9,179,40,77.7,95.6,222,543,3.268,55.16,34.54,28.47,60.85,44.75,0.48,27.17,3.83,NA,NA,NA,nhl_team_stats_20260226.csv
2024,2/26/2026,11,Boston Bruins,NA,57,32,20,1.6,195,179,3.42,3.14,0.28,27.18,12.59,69,51.9,165,44,26.7,208,50,76,102.7,287,769,3.934,66.34,33.08,36.5,73.39,52.33,0.54,30.93,1.07,NA,NA,NA,nhl_team_stats_20260226.csv
2024,2/26/2026,15,Buffalo Sabres,NA,58,33,19,1.74,197,177,3.4,3.05,0.35,27.66,12.28,72,44.7,172,34,19.8,156,27,82.7,102.5,209,522,2.991,57.65,59.54,56.87,48.09,55.54,0.55,32.14,0.86,NA,NA,NA,nhl_team_stats_20260226.csv
2024,2/26/2026,23,Calgary Flames,NA,56,23,27,0.85,142,167,2.54,2.98,-0.44,29,8.74,52,49,170,28,16.5,161,29,82,98.5,235,679,3.579,26.34,57.64,57.61,71.16,53.19,0.42,23.56,-0.56,NA,NA,NA,nhl_team_stats_20260226.csv
2024,2/26/2026,3,Carolina Hurricanes,NA,57,36,15,2.4,197,160,3.46,2.81,0.65,31.91,10.83,78,50.6,174,38,21.8,157,31,80.3,102.1,203,457,2.698,64.57,62.69,63.51,46.61,59.35,0.6,34.35,1.65,NA,NA,NA,nhl_team_stats_20260226.csv
2024,2/26/2026,20,Chicago Blackhawks,NA,57,22,26,0.85,154,180,2.7,3.16,-0.46,24.75,10.91,53,47.1,161,31,19.3,174,25,85.6,104.9,218,547,3.147,32.06,62.3,53.46,35.89,45.93,0.42,24.05,-2.05,NA,NA,NA,nhl_team_stats_20260226.csv
2024,2/26/2026,22,Colorado Avalanche,NA,56,38,9,4.22,216,135,3.86,2.41,1.45,33.96,11.36,85,50.9,182,28,15.4,154,24,84.4,99.8,184,393,2.36,71.09,81.79,84.55,22.62,65.01,0.72,40.29,-2.29,NA,NA,NA,nhl_team_stats_20260226.csv
2024,2/26/2026,19,Columbus Blue Jackets,NA,56,29,20,1.45,179,176,3.2,3.14,0.06,29.79,10.73,65,51,134,27,20.1,159,36,77.4,97.5,195,445,2.8,51.7,48.58,46,43.99,47.57,0.51,28.53,0.47,NA,NA,NA,nhl_team_stats_20260226.csv
2024,2/26/2026,27,Dallas Stars,NA,58,35,14,2.5,197,158,3.4,2.72,0.68,25.67,13.23,79,52.2,169,51,30.2,175,35,80,110.2,207,484,2.731,69.5,63.71,64.78,38.21,59.05,0.61,35.37,-0.37,NA,NA,NA,nhl_team_stats_20260226.csv
2024,2/26/2026,16,Detroit Red Wings,NA,58,33,19,1.74,174,172,3,2.97,0.03,28.34,10.58,72,51,181,42,23.2,151,31,79.5,102.7,191,446,2.696,49.17,55.94,57.34,26.8,47.31,0.51,29.29,3.71,NA,NA,NA,nhl_team_stats_20260226.csv
2024,2/26/2026,24,Edmonton Oilers,NA,59,28,23,1.22,203,197,3.44,3.34,0.1,29.97,11.48,64,52.5,156,51,32.7,164,38,76.8,109.5,207,564,3.211,74.75,36.27,37.76,36.85,46.41,0.51,30.37,-2.37,NA,NA,NA,nhl_team_stats_20260226.csv
2024,2/26/2026,4,Florida Panthers,NA,57,29,25,1.16,174,190,3.05,3.33,-0.28,29.04,10.51,61,47.5,205,40,19.5,200,35,82.5,102,288,703,3.777,47.56,43.02,39.39,86.27,54.06,0.46,26,3,NA,NA,NA,nhl_team_stats_20260226.csv
2024,2/26/2026,28,Los Angeles Kings,NA,57,23,20,1.15,150,161,2.63,2.82,-0.19,27.44,9.59,60,48.5,168,28,16.7,182,44,75.8,92.5,215,502,2.862,28.27,51.74,53.86,45.5,44.84,0.47,26.52,-3.52,NA,NA,NA,nhl_team_stats_20260226.csv
2024,2/26/2026,25,Minnesota Wild,NA,58,34,14,2.43,196,166,3.38,2.86,0.52,28.88,11.7,78,46.4,188,48,25.5,146,34,76.7,102.2,172,398,2.48,64.96,57,59.75,46.18,56.97,0.58,33.8,0.2,NA,NA,NA,nhl_team_stats_20260226.csv
2024,2/26/2026,14,Montreal Canadiens,NA,57,32,17,1.88,199,183,3.49,3.21,0.28,26.25,13.3,72,50.7,161,39,24.2,184,43,76.6,100.8,247,588,3.312,65.38,39.28,38.61,63.17,51.61,0.54,30.88,1.12,NA,NA,NA,nhl_team_stats_20260226.csv
2024,2/26/2026,18,Nashville Predators,NA,57,26,24,1.08,169,198,2.96,3.47,-0.51,28.6,10.37,59,51.5,170,37,21.8,170,34,80,101.8,217,488,3.054,46.18,42.03,34.37,42.75,41.33,0.42,24.01,1.99,NA,NA,NA,nhl_team_stats_20260226.csv
2024,2/26/2026,7,New Jersey Devils,NA,58,28,28,1,147,177,2.53,3.05,-0.52,29.29,8.65,58,50.3,145,30,20.7,145,30,79.3,100,177,416,2.609,30.57,56.75,54.77,38.55,45.16,0.41,23.64,4.36,NA,NA,NA,nhl_team_stats_20260226.csv
2024,2/26/2026,8,New York Islanders,NA,58,32,21,1.52,169,157,2.91,2.71,0.2,27.45,10.62,69,51.9,169,27,16,158,28,82.3,98.3,197,471,2.682,36.77,69.26,70.08,46.42,55.63,0.54,31.06,0.94,NA,NA,NA,nhl_team_stats_20260226.csv
2024,2/26/2026,9,New York Rangers,NA,57,22,29,0.76,151,180,2.65,3.16,-0.51,25.47,10.4,50,54.5,140,32,22.9,160,34,78.8,101.7,197,432,2.762,34.23,44.54,47.06,72.25,49.52,0.41,23.53,-1.53,NA,NA,NA,nhl_team_stats_20260226.csv
2024,2/26/2026,13,Ottawa Senators,NA,57,28,22,1.27,191,184,3.35,3.23,0.12,28.51,11.75,63,54.8,186,43,23.1,165,45,72.7,95.8,228,553,3.193,60.92,30.99,36.37,66.48,48.69,0.52,29.54,-1.54,NA,NA,NA,nhl_team_stats_20260226.csv
2024,2/26/2026,6,Philadelphia Flyers,NA,57,25,21,1.19,168,180,2.95,3.16,-0.21,25.61,11.51,61,49.2,162,26,16,172,36,79.1,95.1,227,571,3.245,37.08,44.45,45.63,65.55,48.18,0.47,26.54,-1.54,NA,NA,NA,nhl_team_stats_20260226.csv
2024,2/26/2026,10,Pittsburgh Penguins,NA,56,29,15,1.93,192,162,3.43,2.89,0.54,29.05,11.8,70,50.1,146,38,26,160,26,83.8,109.8,191,440,2.704,65.96,66.39,63.46,29.94,56.44,0.58,32.75,-3.75,NA,NA,NA,nhl_team_stats_20260226.csv
2024,2/26/2026,26,San Jose Sharks,NA,55,27,24,1.12,171,192,3.11,3.49,-0.38,25.49,12.2,58,47.5,186,38,20.4,170,37,78.2,98.6,205,460,3.054,48.65,31.79,30.46,45.93,39.21,0.44,24.34,2.66,NA,NA,NA,nhl_team_stats_20260226.csv
2024,2/26/2026,143,Seattle Kraken,NA,57,27,21,1.29,163,165,2.86,2.89,-0.03,25.25,11.33,63,47.5,163,37,22.7,159,46,71.1,93.8,193,458,2.752,41.89,36.8,49.57,30.2,39.61,0.49,28.2,-1.2,NA,NA,NA,nhl_team_stats_20260226.csv
2024,2/26/2026,17,St. Louis Blues,NA,57,20,28,0.71,147,200,2.58,3.51,-0.93,25.07,10.29,49,50,153,28,18.3,157,42,73.2,91.5,189,446,2.929,26.65,25.86,27.04,62.17,35.43,0.35,19.99,0.01,NA,NA,NA,nhl_team_stats_20260226.csv
2024,2/26/2026,1,Tampa Bay Lightning,NA,56,38,14,2.71,203,140,3.62,2.5,1.12,28.29,12.82,80,47,176,39,22.2,174,29,83.3,105.5,280,806,3.848,68.46,73.03,77.25,58.28,69.25,0.68,37.92,0.08,NA,NA,NA,nhl_team_stats_20260226.csv
2024,2/26/2026,12,Toronto Maple Leafs,NA,58,27,22,1.23,190,197,3.28,3.4,-0.12,27.43,11.94,63,56.2,135,26,19.3,144,23,84,103.3,183,410,2.738,51.98,51.52,45.34,53.2,50.51,0.48,27.96,-0.96,NA,NA,NA,nhl_team_stats_20260226.csv
2024,2/26/2026,30,Utah Mammoth,NA,58,30,24,1.25,185,161,3.19,2.78,0.41,27.81,11.47,64,49.3,161,26,16.1,177,38,78.5,94.6,224,532,2.897,46.14,63,60.23,43.47,53.21,0.57,32.96,-2.96,NA,NA,NA,nhl_team_stats_20260226.csv
2024,2/26/2026,21,Vancouver Canucks,NA,58,18,33,0.55,151,211,2.6,3.64,-1.04,26.81,9.71,43,48.6,172,32,18.6,171,50,70.8,89.4,211,475,3.066,29.16,13.59,16.65,54.5,28.48,0.34,19.59,-1.59,NA,NA,NA,nhl_team_stats_20260226.csv
2024,2/26/2026,142,Vegas Golden Knights,NA,58,28,16,1.75,197,177,3.4,3.05,0.35,28.78,11.8,70,50.7,166,43,25.9,132,26,80.3,106.2,167,394,2.549,65.23,56,57.56,41.7,55.12,0.55,32.14,-4.14,NA,NA,NA,nhl_team_stats_20260226.csv
2024,2/26/2026,5,Washington Capitals,NA,60,30,23,1.3,192,173,3.2,2.88,0.32,29.15,10.98,67,49.7,176,29,16.5,192,40,79.2,95.7,235,562,3.006,47.88,54.33,55.67,44.11,50.5,0.55,33.15,-3.15,NA,NA,NA,nhl_team_stats_20260226.csv
2024,2/26/2026,2,Winnipeg Jets,NA,57,23,26,0.88,163,175,2.86,3.07,-0.21,26.3,10.87,54,50.5,158,30,19,167,35,79,98,202,487,2.897,37.76,52.57,50.03,58.89,49.81,0.46,26.48,-3.48,NA,NA,NA,nhl_team_stats_20260226.csv
2024,2/27/2026,29,Anaheim Ducks,NA,57,31,23,1.35,191,200,3.35,3.51,-0.16,30.09,11.14,65,47,173,31,17.9,179,40,77.7,95.6,222,543,3.268,55.03,33.95,27.72,60.8,44.38,0.48,27.17,3.83,NA,NA,NA,nhl_team_stats_20260227.csv
2024,2/27/2026,11,Boston Bruins,NA,58,33,20,1.65,199,181,3.43,3.12,0.31,27.1,12.66,71,52,168,45,26.8,209,50,76.1,102.9,288,771,3.886,66.32,34.03,37.62,72.81,52.69,0.55,31.74,1.26,NA,NA,NA,nhl_team_stats_20260227.csv
2024,2/27/2026,15,Buffalo Sabres,NA,58,33,19,1.74,197,177,3.4,3.05,0.35,27.66,12.28,72,44.7,172,34,19.8,156,27,82.7,102.5,209,522,2.991,57.53,59.96,57.21,48.03,55.68,0.55,32.14,0.86,NA,NA,NA,nhl_team_stats_20260227.csv
2024,2/27/2026,23,Calgary Flames,NA,57,24,27,0.89,146,168,2.56,2.95,-0.39,29,8.83,54,49,173,28,16.2,164,29,82.3,98.5,238,685,3.545,27.08,59.94,59.65,70.16,54.21,0.43,24.49,-0.49,NA,NA,NA,nhl_team_stats_20260227.csv
2024,2/27/2026,3,Carolina Hurricanes,NA,58,37,15,2.47,202,164,3.48,2.83,0.65,31.93,10.91,80,50.5,176,39,22.2,159,32,79.9,102.1,205,461,2.692,65.25,61.9,62.97,46.44,59.14,0.6,34.91,2.09,NA,NA,NA,nhl_team_stats_20260227.csv
2024,2/27/2026,20,Chicago Blackhawks,NA,58,22,27,0.81,156,184,2.69,3.17,-0.48,24.72,10.88,53,47.3,166,32,19.3,175,26,85.1,104.4,220,551,3.131,32.12,61.43,52.82,35.44,45.45,0.42,24.28,-2.28,NA,NA,NA,nhl_team_stats_20260227.csv
2024,2/27/2026,22,Colorado Avalanche,NA,57,38,10,3.8,218,140,3.82,2.46,1.36,34.19,11.19,85,51.1,185,28,15.1,160,26,83.8,98.9,190,405,2.396,69.37,80.2,82.73,23.5,63.95,0.71,40.29,-2.29,NA,NA,NA,nhl_team_stats_20260227.csv
2024,2/27/2026,19,Columbus Blue Jackets,NA,57,29,21,1.38,181,180,3.18,3.16,0.02,29.96,10.6,65,50.9,135,27,20,162,37,77.2,97.2,198,451,2.801,50.9,47.5,44.83,44.08,46.83,0.5,28.68,0.32,NA,NA,NA,nhl_team_stats_20260227.csv
2024,2/27/2026,27,Dallas Stars,NA,58,35,14,2.5,197,158,3.4,2.72,0.68,25.67,13.23,79,52.2,169,51,30.2,175,35,80,110.2,207,484,2.731,68.96,64.45,65.48,38.27,59.29,0.61,35.37,-0.37,NA,NA,NA,nhl_team_stats_20260227.csv
2024,2/27/2026,16,Detroit Red Wings,NA,59,34,19,1.79,176,173,2.98,2.93,0.05,28.2,10.58,74,50.8,183,43,23.5,153,32,79.1,102.6,196,459,2.697,48.67,56.83,59.1,27.18,47.94,0.51,30,4,NA,NA,NA,nhl_team_stats_20260227.csv
2024,2/27/2026,24,Edmonton Oilers,NA,60,29,23,1.26,211,198,3.52,3.3,0.22,30.08,11.69,66,52.7,159,53,33.3,166,38,77.1,110.4,208,568,3.176,77.15,38.13,39.53,36.05,47.72,0.53,31.93,-2.93,NA,NA,NA,nhl_team_stats_20260227.csv
2024,2/27/2026,4,Florida Panthers,NA,58,30,25,1.2,179,191,3.09,3.29,-0.2,29.17,10.58,63,47.6,208,41,19.7,203,36,82.3,102,292,711,3.746,49.02,44.03,40.48,87.62,55.29,0.47,27.18,2.82,NA,NA,NA,nhl_team_stats_20260227.csv
2024,2/27/2026,28,Los Angeles Kings,NA,58,23,21,1.1,151,169,2.6,2.91,-0.31,27.34,9.52,60,48.2,170,28,16.5,185,46,75.1,91.6,218,508,2.888,27.37,47.41,49.45,45.27,42.37,0.44,25.75,-2.75,NA,NA,NA,nhl_team_stats_20260227.csv
2024,2/27/2026,25,Minnesota Wild,NA,59,35,14,2.5,201,168,3.41,2.85,0.56,29,11.75,80,46.2,194,50,25.8,149,34,77.2,103,175,404,2.473,65.92,58.93,61.09,46.18,58.03,0.59,34.74,0.26,NA,NA,NA,nhl_team_stats_20260227.csv
2024,2/27/2026,14,Montreal Canadiens,NA,58,32,17,1.88,202,187,3.48,3.22,0.26,26.21,13.29,73,50.8,164,41,25,186,44,76.3,101.3,249,592,3.294,65.67,38.19,37.69,62.72,51.07,0.54,31.25,0.75,NA,NA,NA,nhl_team_stats_20260227.csv
2024,2/27/2026,18,Nashville Predators,NA,58,27,24,1.12,173,200,2.98,3.45,-0.47,28.55,10.45,61,51.4,171,38,22.2,175,35,80,102.2,222,500,3.058,47.11,42.35,34.39,43.39,41.81,0.43,24.78,2.22,NA,NA,NA,nhl_team_stats_20260227.csv
2024,2/27/2026,7,New Jersey Devils,NA,59,28,29,0.97,148,181,2.51,3.07,-0.56,29.29,8.56,58,50.5,150,30,20,148,31,79.1,99.1,180,422,2.613,29.33,55.93,53.84,38.91,44.5,0.4,23.64,4.36,NA,NA,NA,nhl_team_stats_20260227.csv
2024,2/27/2026,8,New York Islanders,NA,59,33,21,1.57,173,160,2.93,2.71,0.22,27.42,10.69,71,51.8,171,28,16.4,161,30,81.4,97.8,200,477,2.675,38.09,68.32,69.89,46.5,55.7,0.54,31.8,1.2,NA,NA,NA,nhl_team_stats_20260227.csv
2024,2/27/2026,9,New York Rangers,NA,58,22,29,0.76,153,183,2.64,3.16,-0.52,25.47,10.36,51,54.6,143,32,22.4,165,35,78.8,101.2,203,447,2.787,33.57,44.5,46.74,72.21,49.25,0.41,23.84,-1.84,NA,NA,NA,nhl_team_stats_20260227.csv
2024,2/27/2026,13,Ottawa Senators,NA,58,28,22,1.27,192,186,3.31,3.21,0.1,28.48,11.62,64,54.9,188,44,23.4,167,46,72.5,95.9,234,576,3.231,59.59,30.52,36.67,67.6,48.59,0.52,29.89,-1.89,NA,NA,NA,nhl_team_stats_20260227.csv
2024,2/27/2026,6,Philadelphia Flyers,NA,58,26,21,1.24,171,182,2.95,3.14,-0.19,25.59,11.52,63,49,167,27,16.2,175,36,79.4,95.6,231,582,3.24,37.7,45.86,46.87,65.47,48.97,0.47,27.19,-1.19,NA,NA,NA,nhl_team_stats_20260227.csv
2024,2/27/2026,10,Pittsburgh Penguins,NA,57,30,15,2,196,163,3.44,2.86,0.58,29.16,11.79,72,49.9,149,39,26.2,165,26,84.2,110.4,196,450,2.699,66.1,69.14,65.69,29.84,57.69,0.59,33.7,-3.7,NA,NA,NA,nhl_team_stats_20260227.csv
2024,2/27/2026,26,San Jose Sharks,NA,56,27,25,1.08,172,196,3.07,3.5,-0.43,25.66,11.97,58,47.5,189,38,20.1,173,37,78.6,98.7,208,466,3.049,47.04,31.93,29.86,46.86,38.92,0.43,24.35,2.65,NA,NA,NA,nhl_team_stats_20260227.csv
2024,2/27/2026,143,Seattle Kraken,NA,58,27,22,1.23,164,170,2.83,2.93,-0.1,25.22,11.21,63,47.6,166,37,22.3,159,46,71.1,93.4,193,458,2.74,40.45,35.56,48.6,29.57,38.54,0.48,27.99,-0.99,NA,NA,NA,nhl_team_stats_20260227.csv
2024,2/27/2026,17,St. Louis Blues,NA,58,21,28,0.75,152,201,2.62,3.47,-0.85,25.19,10.4,51,50,153,28,18.3,160,42,73.8,92.1,192,452,2.907,28.46,27.87,28.49,61.6,36.61,0.36,21.06,-0.06,NA,NA,NA,nhl_team_stats_20260227.csv
2024,2/27/2026,1,Tampa Bay Lightning,NA,57,38,15,2.53,207,145,3.63,2.54,1.09,28.28,12.84,80,47.1,178,40,22.5,176,30,83,105.5,282,810,3.827,68.64,72.31,76.38,57.65,68.74,0.67,38.26,-0.26,NA,NA,NA,nhl_team_stats_20260227.csv
2024,2/27/2026,12,Toronto Maple Leafs,NA,59,27,23,1.17,191,202,3.24,3.42,-0.18,27.46,11.79,63,56,138,27,19.6,147,24,83.7,103.3,187,418,2.754,51.07,49.1,43.91,52.99,49.26,0.47,27.91,-0.91,NA,NA,NA,nhl_team_stats_20260227.csv
2024,2/27/2026,30,Utah Mammoth,NA,58,30,24,1.25,185,161,3.19,2.78,0.41,27.81,11.47,64,49.3,161,26,16.1,177,38,78.5,94.6,224,532,2.897,46.29,63.6,60.76,43.52,53.54,0.57,32.96,-2.96,NA,NA,NA,nhl_team_stats_20260227.csv
2024,2/27/2026,21,Vancouver Canucks,NA,58,18,33,0.55,151,211,2.6,3.64,-1.04,26.81,9.71,43,48.6,172,32,18.6,171,50,70.8,89.4,211,475,3.066,29.5,12.37,15.47,54.45,27.95,0.34,19.59,-1.59,NA,NA,NA,nhl_team_stats_20260227.csv
2024,2/27/2026,142,Vegas Golden Knights,NA,58,28,16,1.75,197,177,3.4,3.05,0.35,28.78,11.8,70,50.7,166,43,25.9,132,26,80.3,106.2,167,394,2.549,64.77,56.33,57.93,41.73,55.19,0.55,32.14,-4.14,NA,NA,NA,nhl_team_stats_20260227.csv
2024,2/27/2026,5,Washington Capitals,NA,60,30,23,1.3,192,173,3.2,2.88,0.32,29.15,10.98,67,49.7,176,29,16.5,192,40,79.2,95.7,235,562,3.006,47.94,54.72,56.02,44.27,50.74,0.55,33.15,-3.15,NA,NA,NA,nhl_team_stats_20260227.csv
2024,2/27/2026,2,Winnipeg Jets,NA,57,23,26,0.88,163,175,2.86,3.07,-0.21,26.3,10.87,54,50.5,158,30,19,167,35,79,98,202,487,2.897,38,52.75,50.13,58.89,49.94,0.46,26.48,-3.48,NA,NA,NA,nhl_team_stats_20260227.csv
2024,2/28/2026,29,Anaheim Ducks,NA,58,32,23,1.39,196,204,3.38,3.52,-0.14,30.26,11.17,67,47,175,32,18.3,183,41,77.6,95.9,227,556,3.283,56.48,33.48,27.21,60.99,44.54,0.48,27.82,4.18,NA,NA,NA,nhl_team_stats_20260228.csv
2024,2/28/2026,11,Boston Bruins,NA,58,33,20,1.65,199,181,3.43,3.12,0.31,27.1,12.66,71,52,168,45,26.8,209,50,76.1,102.9,288,771,3.886,66.35,34.07,37.71,73.04,52.79,0.55,31.74,1.26,NA,NA,NA,nhl_team_stats_20260228.csv
2024,2/28/2026,15,Buffalo Sabres,NA,59,34,19,1.79,200,179,3.39,3.03,0.36,27.85,12.17,74,44.5,175,35,20,160,28,82.5,102.5,213,530,2.979,57.54,60.42,57.74,47.41,55.78,0.56,32.8,1.2,NA,NA,NA,nhl_team_stats_20260228.csv
2024,2/28/2026,23,Calgary Flames,NA,57,24,27,0.89,146,168,2.56,2.95,-0.39,29,8.83,54,49,173,28,16.2,164,29,82.3,98.5,238,685,3.545,26.94,60.03,59.71,70.35,54.26,0.43,24.49,-0.49,NA,NA,NA,nhl_team_stats_20260228.csv
2024,2/28/2026,3,Carolina Hurricanes,NA,58,37,15,2.47,202,164,3.48,2.83,0.65,31.93,10.91,80,50.5,176,39,22.2,159,32,79.9,102.1,205,461,2.692,65.26,61.98,63.01,46.46,59.18,0.6,34.91,2.09,NA,NA,NA,nhl_team_stats_20260228.csv
2024,2/28/2026,20,Chicago Blackhawks,NA,58,22,27,0.81,156,184,2.69,3.17,-0.48,24.72,10.88,53,47.3,166,32,19.3,175,26,85.1,104.4,220,551,3.131,32.01,61.55,52.89,35.42,45.47,0.42,24.28,-2.28,NA,NA,NA,nhl_team_stats_20260228.csv
2024,2/28/2026,22,Colorado Avalanche,NA,57,38,10,3.8,218,140,3.82,2.46,1.36,34.19,11.19,85,51.1,185,28,15.1,160,26,83.8,98.9,190,405,2.396,69.41,80.19,82.73,23.39,63.93,0.71,40.29,-2.29,NA,NA,NA,nhl_team_stats_20260228.csv
2024,2/28/2026,19,Columbus Blue Jackets,NA,57,29,21,1.38,181,180,3.18,3.16,0.02,29.96,10.6,65,50.9,135,27,20,162,37,77.2,97.2,198,451,2.801,50.86,47.64,44.92,44.09,46.88,0.5,28.68,0.32,NA,NA,NA,nhl_team_stats_20260228.csv
2024,2/28/2026,27,Dallas Stars,NA,58,35,14,2.5,197,158,3.4,2.72,0.68,25.67,13.23,79,52.2,169,51,30.2,175,35,80,110.2,207,484,2.731,69,64.5,65.52,38.25,59.32,0.61,35.37,-0.37,NA,NA,NA,nhl_team_stats_20260228.csv
2024,2/28/2026,16,Detroit Red Wings,NA,59,34,19,1.79,176,173,2.98,2.93,0.05,28.2,10.58,74,50.8,183,43,23.5,153,32,79.1,102.6,196,459,2.697,48.61,56.92,59.15,27.1,47.95,0.51,30,4,NA,NA,NA,nhl_team_stats_20260228.csv
2024,2/28/2026,24,Edmonton Oilers,NA,60,29,23,1.26,211,198,3.52,3.3,0.22,30.08,11.69,66,52.7,159,53,33.3,166,38,77.1,110.4,208,568,3.176,77.2,38.25,39.63,36.03,47.78,0.53,31.93,-2.93,NA,NA,NA,nhl_team_stats_20260228.csv
2024,2/28/2026,4,Florida Panthers,NA,59,30,26,1.15,181,194,3.07,3.29,-0.22,29.17,10.52,63,47.9,212,42,19.8,206,37,82,101.8,295,717,3.724,48.49,43.68,40.32,86.97,54.86,0.47,27.46,2.54,NA,NA,NA,nhl_team_stats_20260228.csv
2024,2/28/2026,28,Los Angeles Kings,NA,58,23,21,1.1,151,169,2.6,2.91,-0.31,27.34,9.52,60,48.2,170,28,16.5,185,46,75.1,91.6,218,508,2.888,27.24,47.49,49.52,45.29,42.38,0.44,25.75,-2.75,NA,NA,NA,nhl_team_stats_20260228.csv
2024,2/28/2026,25,Minnesota Wild,NA,60,35,15,2.33,203,173,3.38,2.88,0.5,28.9,11.71,80,46.2,197,51,25.9,152,35,77,102.9,179,412,2.494,65.12,56.43,59.57,45.89,56.75,0.58,34.76,0.24,NA,NA,NA,nhl_team_stats_20260228.csv
2024,2/28/2026,14,Montreal Canadiens,NA,58,32,17,1.88,202,187,3.48,3.22,0.26,26.21,13.29,73,50.8,164,41,25,186,44,76.3,101.3,249,592,3.294,65.72,38.3,37.79,62.86,51.17,0.54,31.25,0.75,NA,NA,NA,nhl_team_stats_20260228.csv
2024,2/28/2026,18,Nashville Predators,NA,58,27,24,1.12,173,200,2.98,3.45,-0.47,28.55,10.45,61,51.4,171,38,22.2,175,35,80,102.2,222,500,3.058,47.05,42.52,34.51,43.41,41.87,0.43,24.78,2.22,NA,NA,NA,nhl_team_stats_20260228.csv
2024,2/28/2026,7,New Jersey Devils,NA,59,28,29,0.97,148,181,2.51,3.07,-0.56,29.29,8.56,58,50.5,150,30,20,148,31,79.1,99.1,180,422,2.613,29.18,56.07,53.92,38.88,44.51,0.4,23.64,4.36,NA,NA,NA,nhl_team_stats_20260228.csv
2024,2/28/2026,8,New York Islanders,NA,59,33,21,1.57,173,160,2.93,2.71,0.22,27.42,10.69,71,51.8,171,28,16.4,161,30,81.4,97.8,200,477,2.675,38.01,68.37,69.92,46.52,55.7,0.54,31.8,1.2,NA,NA,NA,nhl_team_stats_20260228.csv
2024,2/28/2026,9,New York Rangers,NA,58,22,29,0.76,153,183,2.64,3.16,-0.52,25.47,10.36,51,54.6,143,32,22.4,165,35,78.8,101.2,203,447,2.787,33.46,44.57,46.83,72.38,49.31,0.41,23.84,-1.84,NA,NA,NA,nhl_team_stats_20260228.csv
2024,2/28/2026,13,Ottawa Senators,NA,58,28,22,1.27,192,186,3.31,3.21,0.1,28.48,11.62,64,54.9,188,44,23.4,167,46,72.5,95.9,234,576,3.231,59.59,30.63,36.77,67.77,48.69,0.52,29.89,-1.89,NA,NA,NA,nhl_team_stats_20260228.csv
2024,2/28/2026,6,Philadelphia Flyers,NA,58,26,21,1.24,171,182,2.95,3.14,-0.19,25.59,11.52,63,49,167,27,16.2,175,36,79.4,95.6,231,582,3.24,37.63,45.93,46.96,65.62,49.04,0.47,27.19,-1.19,NA,NA,NA,nhl_team_stats_20260228.csv
2024,2/28/2026,10,Pittsburgh Penguins,NA,57,30,15,2,196,163,3.44,2.86,0.58,29.16,11.79,72,49.9,149,39,26.2,165,26,84.2,110.4,196,450,2.699,66.12,69.21,65.73,29.77,57.71,0.59,33.7,-3.7,NA,NA,NA,nhl_team_stats_20260228.csv
2024,2/28/2026,26,San Jose Sharks,NA,56,27,25,1.08,172,196,3.07,3.5,-0.43,25.66,11.97,58,47.5,189,38,20.1,173,37,78.6,98.7,208,466,3.049,47,32.03,29.99,46.89,38.98,0.43,24.35,2.65,NA,NA,NA,nhl_team_stats_20260228.csv
2024,2/28/2026,143,Seattle Kraken,NA,58,27,22,1.23,164,170,2.83,2.93,-0.1,25.22,11.21,63,47.6,166,37,22.3,159,46,71.1,93.4,193,458,2.74,40.38,35.6,48.67,29.5,38.54,0.48,27.99,-0.99,NA,NA,NA,nhl_team_stats_20260228.csv
2024,2/28/2026,17,St. Louis Blues,NA,58,21,28,0.75,152,201,2.62,3.47,-0.85,25.19,10.4,51,50,153,28,18.3,160,42,73.8,92.1,192,452,2.907,28.35,28.03,28.61,61.72,36.68,0.36,21.06,-0.06,NA,NA,NA,nhl_team_stats_20260228.csv
2024,2/28/2026,1,Tampa Bay Lightning,NA,57,38,15,2.53,207,145,3.63,2.54,1.09,28.28,12.84,80,47.1,178,40,22.5,176,30,83,105.5,282,810,3.827,68.69,72.33,76.39,57.79,68.8,0.67,38.26,-0.26,NA,NA,NA,nhl_team_stats_20260228.csv
2024,2/28/2026,12,Toronto Maple Leafs,NA,59,27,23,1.17,191,202,3.24,3.42,-0.18,27.46,11.79,63,56,138,27,19.6,147,24,83.7,103.3,187,418,2.754,51.04,49.22,44.01,53.04,49.33,0.47,27.91,-0.91,NA,NA,NA,nhl_team_stats_20260228.csv
2024,2/28/2026,30,Utah Mammoth,NA,59,31,24,1.29,190,163,3.22,2.76,0.46,27.97,11.52,66,49.4,164,27,16.5,180,39,78.3,94.8,227,538,2.878,47.78,64.06,61.41,44.88,54.53,0.58,34.01,-3.01,NA,NA,NA,nhl_team_stats_20260228.csv
2024,2/28/2026,21,Vancouver Canucks,NA,58,18,33,0.55,151,211,2.6,3.64,-1.04,26.81,9.71,43,48.6,172,32,18.6,171,50,70.8,89.4,211,475,3.066,29.38,12.51,15.62,54.52,28.01,0.34,19.59,-1.59,NA,NA,NA,nhl_team_stats_20260228.csv
2024,2/28/2026,142,Vegas Golden Knights,NA,59,28,17,1.65,199,180,3.37,3.05,0.32,28.73,11.74,70,50.7,169,44,26,137,26,81,107,172,404,2.559,64,57.99,58.31,41.74,55.51,0.55,32.43,-4.43,NA,NA,NA,nhl_team_stats_20260228.csv
2024,2/28/2026,5,Washington Capitals,NA,61,31,23,1.35,195,175,3.2,2.87,0.33,29.16,10.96,69,49.8,181,29,16,195,41,79,95,238,568,2.99,47.32,54.86,56.28,43.85,50.58,0.55,33.81,-2.81,NA,NA,NA,nhl_team_stats_20260228.csv
2024,2/28/2026,2,Winnipeg Jets,NA,58,23,26,0.88,167,180,2.88,3.1,-0.22,26.41,10.9,55,50.5,162,31,19.1,169,36,78.7,97.8,205,496,2.91,38.79,51.16,48.66,58.17,49.19,0.46,26.87,-3.87,NA,NA,NA,nhl_team_stats_20260228.csv
