DATE,PLAYER,TEAM,GP,G,A,PTS,APG,GPG,PPG,PIMPG,PLUS_MIN,LINK,SEASON,LEAGUE
04/05/2026,Jakob Pelletier,Syracuse Crunch,61,28,47,75,0.77,0.459,1.23,0.311,25,https://www.eliteprospects.com/player/410525/jakob-pelletier,2025-2026,ahl
04/05/2026,Alex Barre-Boulet,Colorado Eagles,66,25,43,68,0.652,0.379,1.03,0.455,18,https://www.eliteprospects.com/player/227670/alex-barre-boulet,2025-2026,ahl
04/05/2026,Cameron Hughes,Texas Stars,63,16,50,66,0.794,0.254,1.05,0.73,13,https://www.eliteprospects.com/player/62155/cameron-hughes,2025-2026,ahl
04/05/2026,Arthur Kaliyev,Belleville Senators,65,37,26,63,0.4,0.569,0.97,0.431,-15,https://www.eliteprospects.com/player/316114/arthur-kaliyev,2025-2026,ahl
04/05/2026,Tanner Laczynski,Henderson Silver Knights,59,21,42,63,0.712,0.356,1.07,0.593,36,https://www.eliteprospects.com/player/234312/tanner-laczynski,2025-2026,ahl
04/05/2026,Ilya Protas,Hershey Bears,66,28,34,62,0.515,0.424,0.94,0.606,16,https://www.eliteprospects.com/player/949987/ilya-protas,2025-2026,ahl
04/05/2026,Conor Geekie,Syracuse Crunch,56,17,42,59,0.75,0.304,1.05,1.071,13,https://www.eliteprospects.com/player/571034/conor-geekie,2025-2026,ahl
04/05/2026,Seth Griffith,Bakersfield Condors,65,16,43,59,0.662,0.246,0.91,0.677,-1,https://www.eliteprospects.com/player/45606/seth-griffith,2025-2026,ahl
04/05/2026,Laurent Dauphin,Laval Rocket,53,15,44,59,0.83,0.283,1.11,0.642,22,https://www.eliteprospects.com/player/126400/laurent-dauphin,2025-2026,ahl
04/05/2026,Felix Unger Sorum,Chicago Wolves,66,14,45,59,0.682,0.212,0.89,0.303,4,https://www.eliteprospects.com/player/618598/felix-unger-sorum,2025-2026,ahl
04/05/2026,Quinn Hutson,Bakersfield Condors,61,29,29,58,0.475,0.475,0.95,1.279,-4,https://www.eliteprospects.com/player/201721/quinn-hutson,2025-2026,ahl
04/05/2026,Alex Belzile,Laval Rocket,63,28,29,57,0.46,0.444,0.90,1.048,13,https://www.eliteprospects.com/player/68593/alex-belzile,2025-2026,ahl
04/05/2026,Logan Morrison,Coachella Valley Firebirds,64,27,30,57,0.469,0.422,0.89,0.656,22,https://www.eliteprospects.com/player/201937/logan-morrison,2025-2026,ahl
04/05/2026,Luca Del Bel Belluz,Cleveland Monsters,53,22,35,57,0.66,0.415,1.08,0.038,-2,https://www.eliteprospects.com/player/525669/luca-del-bel-belluz,2025-2026,ahl
04/05/2026,Justin Robidas,Chicago Wolves,57,22,35,57,0.614,0.386,1.00,0.246,18,https://www.eliteprospects.com/player/411012/justin-robidas,2025-2026,ahl
04/05/2026,Konsta Helenius,Rochester Americans,56,19,38,57,0.679,0.339,1.02,0.393,-9,https://www.eliteprospects.com/player/796075/konsta-helenius,2025-2026,ahl
04/05/2026,Andrew Cristall,Hershey Bears,67,19,38,57,0.567,0.284,0.85,0.358,-5,https://www.eliteprospects.com/player/603591/andrew-cristall,2025-2026,ahl
04/05/2026,Zac Jones,Rochester Americans,55,10,47,57,0.855,0.182,1.04,0.255,-8,https://www.eliteprospects.com/player/364649/zac-jones,2025-2026,ahl
04/05/2026,Martin Frk,Calgary Wranglers,62,28,28,56,0.452,0.452,0.90,1.032,10,https://www.eliteprospects.com/player/56033/martin-frk,2025-2026,ahl
04/05/2026,Georgii Merkulov,Providence Bruins,65,21,35,56,0.538,0.323,0.86,0.554,12,https://www.eliteprospects.com/player/395630/georgii-merkulov,2025-2026,ahl
04/05/2026,Dryden Hunt,Calgary Wranglers,48,17,39,56,0.812,0.354,1.17,1.333,4,https://www.eliteprospects.com/player/84609/dryden-hunt,2025-2026,ahl
04/05/2026,Dylan Duke,Syracuse Crunch,67,31,24,55,0.358,0.463,0.82,0.537,-3,https://www.eliteprospects.com/player/512163/dylan-duke,2025-2026,ahl
04/05/2026,Mitchell Chaffee,Syracuse Crunch,52,24,31,55,0.596,0.462,1.06,1.096,7,https://www.eliteprospects.com/player/296327/mitchell-chaffee,2025-2026,ahl
04/05/2026,Jagger Firkus,Coachella Valley Firebirds,61,21,34,55,0.557,0.344,0.90,0.262,13,https://www.eliteprospects.com/player/565465/jagger-firkus,2025-2026,ahl
04/05/2026,Riley Tufte,Providence Bruins,60,31,22,53,0.367,0.517,0.88,1.183,24,https://www.eliteprospects.com/player/291903/riley-tufte,2025-2026,ahl
04/05/2026,Bradly Nadeau,Chicago Wolves,51,26,27,53,0.529,0.51,1.04,0.471,14,https://www.eliteprospects.com/player/619153/bradly-nadeau,2025-2026,ahl
04/05/2026,Rory Kerins,Calgary Wranglers,53,21,32,53,0.604,0.396,1.00,0.302,-7,https://www.eliteprospects.com/player/504297/rory-kerins,2025-2026,ahl
04/05/2026,Filip Bystedt,San Jose Barracuda,59,20,33,53,0.559,0.339,0.90,0.373,3,https://www.eliteprospects.com/player/578760/filip-bystedt,2025-2026,ahl
04/05/2026,Sasha Pastujov,San Diego Gulls,66,19,33,52,0.5,0.288,0.79,0.394,2,https://www.eliteprospects.com/player/512165/sasha-pastujov,2025-2026,ahl
04/05/2026,Patrick Brown,Providence Bruins,67,19,33,52,0.493,0.284,0.78,0.806,34,https://www.eliteprospects.com/player/75038/patrick-brown,2025-2026,ahl
04/05/2026,John Leonard,Grand Rapids Griffins,43,32,19,51,0.442,0.744,1.19,0.233,11,https://www.eliteprospects.com/player/272976/john-leonard,2025-2026,ahl
04/05/2026,Jayson Megna,Colorado Eagles,65,26,25,51,0.385,0.4,0.78,0.462,23,https://www.eliteprospects.com/player/46027/jayson-megna,2025-2026,ahl
04/05/2026,Logan Shaw,Toronto Marlies,67,23,28,51,0.418,0.343,0.76,0.642,3,https://www.eliteprospects.com/player/37280/logan-shaw,2025-2026,ahl
04/05/2026,Austin Poganski,Tucson Roadrunners,64,22,29,51,0.453,0.344,0.80,0.188,2,https://www.eliteprospects.com/player/231724/austin-poganski,2025-2026,ahl
04/05/2026,Ben McCartney,Tucson Roadrunners,54,21,30,51,0.556,0.389,0.94,1.352,3,https://www.eliteprospects.com/player/351230/ben-mccartney,2025-2026,ahl
04/05/2026,Xavier Bourgault,Belleville Senators,65,20,31,51,0.477,0.308,0.78,0.462,-18,https://www.eliteprospects.com/player/341629/xavier-bourgault,2025-2026,ahl
04/05/2026,Viljami Marjala,Bakersfield Condors,66,14,37,51,0.561,0.212,0.77,0.303,-9,https://www.eliteprospects.com/player/525657/viljami-marjala,2025-2026,ahl
04/05/2026,Benoit-Olivier Groulx,Toronto Marlies,55,27,23,50,0.418,0.491,0.91,0.582,10,https://www.eliteprospects.com/player/335689/benoit-olivier-groulx,2025-2026,ahl
04/05/2026,Martin Chromiak,Ontario Reign,66,25,25,50,0.379,0.379,0.76,0.212,-2,https://www.eliteprospects.com/player/292067/martin-chromiak,2025-2026,ahl
04/05/2026,Cole Guttman,Ontario Reign,63,24,26,50,0.413,0.381,0.79,0.825,1,https://www.eliteprospects.com/player/201449/cole-guttman,2025-2026,ahl
04/05/2026,Brett Seney,Rockford IceHogs,61,16,33,49,0.541,0.262,0.80,1.0,8,https://www.eliteprospects.com/player/204125/brett-seney,2025-2026,ahl
04/05/2026,Glenn Gawdin,Ontario Reign,67,15,34,49,0.507,0.224,0.73,1.06,2,https://www.eliteprospects.com/player/192245/glenn-gawdin,2025-2026,ahl
04/05/2026,Jack Ahcan,Colorado Eagles,57,10,39,49,0.684,0.175,0.86,0.807,24,https://www.eliteprospects.com/player/248456/jack-ahcan,2025-2026,ahl
04/05/2026,Andre Lee,Ontario Reign,60,26,22,48,0.367,0.433,0.80,0.75,16,https://www.eliteprospects.com/player/350001/andre-lee,2025-2026,ahl
04/05/2026,Raphael Lavoie,Henderson Silver Knights,39,25,23,48,0.59,0.641,1.23,0.256,6,https://www.eliteprospects.com/player/335712/raphael-lavoie,2025-2026,ahl
04/05/2026,Lane Pederson,Lehigh Valley Phantoms,63,23,25,48,0.397,0.365,0.76,0.698,-10,https://www.eliteprospects.com/player/199918/lane-pederson,2025-2026,ahl
04/05/2026,Matthew Seminoff,Texas Stars,66,23,25,48,0.379,0.348,0.73,0.273,17,https://www.eliteprospects.com/player/538928/matthew-seminoff,2025-2026,ahl
04/05/2026,Cameron Hebig,Tucson Roadrunners,62,20,28,48,0.452,0.323,0.77,0.484,-2,https://www.eliteprospects.com/player/199897/cameron-hebig,2025-2026,ahl
04/05/2026,Sean Farrell,Laval Rocket,68,15,33,48,0.485,0.221,0.71,0.265,-1,https://www.eliteprospects.com/player/386329/sean-farrell,2025-2026,ahl
04/05/2026,Philippe Daoust,Belleville Senators,58,14,34,48,0.586,0.241,0.83,0.414,-14,https://www.eliteprospects.com/player/574526/philippe-daoust,2025-2026,ahl
04/05/2026,Jimmy Huntington,San Jose Barracuda,65,15,32,47,0.492,0.231,0.72,0.862,5,https://www.eliteprospects.com/player/254885/jimmy-huntington,2025-2026,ahl
04/05/2026,Nick Abruzzese,Syracuse Crunch,52,14,33,47,0.635,0.269,0.90,0.154,14,https://www.eliteprospects.com/player/201476/nick-abruzzese,2025-2026,ahl
04/05/2026,Ryan Suzuki,Chicago Wolves,64,12,35,47,0.547,0.188,0.73,0.469,9,https://www.eliteprospects.com/player/418345/ryan-suzuki,2025-2026,ahl
04/05/2026,Lukas Cormier,Henderson Silver Knights,49,8,39,47,0.796,0.163,0.96,0.653,3,https://www.eliteprospects.com/player/201780/lukas-cormier,2025-2026,ahl
04/05/2026,T.J. Tynan,Colorado Eagles,63,3,44,47,0.698,0.048,0.75,0.667,12,https://www.eliteprospects.com/player/45686/t.j.-tynan,2025-2026,ahl
04/05/2026,Adam Beckman,Bridgeport Islanders,62,27,19,46,0.306,0.435,0.74,0.581,5,https://www.eliteprospects.com/player/291514/adam-beckman,2025-2026,ahl
04/05/2026,Trey Fix-Wolansky,Hartford Wolf Pack,66,27,19,46,0.288,0.409,0.70,1.773,-8,https://www.eliteprospects.com/player/257717/trey-fix-wolansky,2025-2026,ahl
04/05/2026,Alexander Nylander,Toronto Marlies,60,21,25,46,0.417,0.35,0.77,0.2,0,https://www.eliteprospects.com/player/212641/alexander-nylander,2025-2026,ahl
04/05/2026,Ben Hemmerling,Henderson Silver Knights,62,21,25,46,0.403,0.339,0.74,0.258,30,https://www.eliteprospects.com/player/558211/ben-hemmerling,2025-2026,ahl
04/05/2026,Matej Blumel,Providence Bruins,53,18,28,46,0.528,0.34,0.87,0.34,21,https://www.eliteprospects.com/player/272376/matej-blumel,2025-2026,ahl
04/05/2026,Jordan Oesterle,Milwaukee Admirals,65,14,32,46,0.492,0.215,0.71,0.477,-9,https://www.eliteprospects.com/player/84700/jordan-oesterle,2025-2026,ahl
04/05/2026,Matthew Phillips,San Diego Gulls,66,13,33,46,0.5,0.197,0.70,0.273,-16,https://www.eliteprospects.com/player/161060/matthew-phillips,2025-2026,ahl
04/05/2026,Tristen Nielsen,Colorado Eagles,63,25,20,45,0.317,0.397,0.71,0.857,10,https://www.eliteprospects.com/player/299754/tristen-nielsen,2025-2026,ahl
04/05/2026,Colin White,San Jose Barracuda,42,19,26,45,0.619,0.452,1.07,0.667,4,https://www.eliteprospects.com/player/183810/colin-white,2025-2026,ahl
04/05/2026,Kai Uchacz,Henderson Silver Knights,62,16,29,45,0.468,0.258,0.73,0.806,-3,https://www.eliteprospects.com/player/505754/kai-uchacz,2025-2026,ahl
04/05/2026,Liam Foudy,Bridgeport Islanders,55,24,20,44,0.364,0.436,0.80,0.255,1,https://www.eliteprospects.com/player/397650/liam-foudy,2025-2026,ahl
04/05/2026,Chris Wagner,Springfield Thunderbirds,62,23,21,44,0.339,0.371,0.71,0.871,-12,https://www.eliteprospects.com/player/39429/chris-wagner,2025-2026,ahl
04/05/2026,Isaac Howard,Bakersfield Condors,42,21,23,44,0.548,0.5,1.05,0.238,-1,https://www.eliteprospects.com/player/603668/isaac-howard,2025-2026,ahl
04/05/2026,Anthony Richard,Lehigh Valley Phantoms,61,18,26,44,0.426,0.295,0.72,0.492,-17,https://www.eliteprospects.com/player/155661/anthony-richard,2025-2026,ahl
04/05/2026,Ryan Carpenter,San Diego Gulls,66,17,27,44,0.409,0.258,0.67,0.333,-12,https://www.eliteprospects.com/player/46952/ryan-carpenter,2025-2026,ahl
04/05/2026,Mikael Pyyhtia,Cleveland Monsters,54,16,28,44,0.519,0.296,0.81,0.407,1,https://www.eliteprospects.com/player/470710/mikael-pyyhtia,2025-2026,ahl
04/05/2026,Matthew Poitras,Providence Bruins,64,13,31,44,0.484,0.203,0.69,0.688,1,https://www.eliteprospects.com/player/661581/matthew-poitras,2025-2026,ahl
04/05/2026,Ryan Ufko,Milwaukee Admirals,50,11,33,44,0.66,0.22,0.88,0.4,-12,https://www.eliteprospects.com/player/511993/ryan-ufko,2025-2026,ahl
04/05/2026,William Stromgren,Calgary Wranglers,62,11,33,44,0.532,0.177,0.71,0.806,-1,https://www.eliteprospects.com/player/486944/william-stromgren,2025-2026,ahl
04/05/2026,Scott Perunovich,Tucson Roadrunners,60,8,36,44,0.6,0.133,0.73,0.833,1,https://www.eliteprospects.com/player/300906/scott-perunovich,2025-2026,ahl
04/05/2026,Isak Rosen,Rochester Americans,37,25,18,43,0.486,0.676,1.16,0.162,0,https://www.eliteprospects.com/player/420269/isak-rosen,2025-2026,ahl
04/05/2026,Sheldon Dries,Grand Rapids Griffins,53,22,21,43,0.396,0.415,0.81,0.245,23,https://www.eliteprospects.com/player/97620/sheldon-dries,2025-2026,ahl
04/05/2026,Ben Steeves,Charlotte Checkers,68,22,21,43,0.309,0.324,0.63,1.382,3,https://www.eliteprospects.com/player/510338/ben-steeves,2025-2026,ahl
04/05/2026,Michael Brandsegg-Nygard,Grand Rapids Griffins,56,19,24,43,0.429,0.339,0.77,0.679,25,https://www.eliteprospects.com/player/619176/michael-brandsegg-nygard,2025-2026,ahl
04/05/2026,Dominic Toninato,Rockford IceHogs,52,16,27,43,0.519,0.308,0.83,1.096,-8,https://www.eliteprospects.com/player/122004/dominic-toninato,2025-2026,ahl
04/05/2026,Jake Lucchini,Milwaukee Admirals,56,16,27,43,0.482,0.286,0.77,0.375,-10,https://www.eliteprospects.com/player/102374/jake-lucchini,2025-2026,ahl
04/05/2026,Luca Pinelli,Cleveland Monsters,63,13,30,43,0.476,0.206,0.68,1.016,-1,https://www.eliteprospects.com/player/603563/luca-pinelli,2025-2026,ahl
04/05/2026,Tyson Jugnauth,Coachella Valley Firebirds,66,8,35,43,0.53,0.121,0.65,0.667,0,https://www.eliteprospects.com/player/650072/tyson-jugnauth,2025-2026,ahl
04/05/2026,Trevor Connelly,Henderson Silver Knights,40,11,31,42,0.775,0.275,1.05,0.45,-1,https://www.eliteprospects.com/player/597781/trevor-connelly,2025-2026,ahl
04/05/2026,James Hamblin,Bakersfield Condors,59,27,14,41,0.237,0.458,0.69,0.542,18,https://www.eliteprospects.com/player/201363/james-hamblin,2025-2026,ahl
04/05/2026,Bogdan Trineyev,Hershey Bears,57,15,26,41,0.456,0.263,0.72,0.474,11,https://www.eliteprospects.com/player/537760/bogdan-trineyev,2025-2026,ahl
04/05/2026,Jeremy Davies,Henderson Silver Knights,66,9,32,41,0.485,0.136,0.62,1.121,-4,https://www.eliteprospects.com/player/213454/jeremy-davies,2025-2026,ahl
04/05/2026,Quentin Musty,San Jose Barracuda,55,19,21,40,0.382,0.345,0.73,0.836,-9,https://www.eliteprospects.com/player/685701/quentin-musty,2025-2026,ahl
04/05/2026,Fabian Lysell,Providence Bruins,53,15,25,40,0.472,0.283,0.75,0.887,12,https://www.eliteprospects.com/player/472769/fabian-lysell,2025-2026,ahl
04/05/2026,Mason Shaw,Manitoba Moose,64,15,25,40,0.391,0.234,0.63,0.828,8,https://www.eliteprospects.com/player/162926/mason-shaw,2025-2026,ahl
04/05/2026,Brett Leason,Hershey Bears,51,14,26,40,0.51,0.275,0.78,0.882,7,https://www.eliteprospects.com/player/257755/brett-leason,2025-2026,ahl
04/05/2026,Dylan Coghlan,Henderson Silver Knights,56,14,26,40,0.464,0.25,0.71,0.464,7,https://www.eliteprospects.com/player/247901/dylan-coghlan,2025-2026,ahl
04/05/2026,Luca Cagnoni,San Jose Barracuda,64,7,33,40,0.516,0.109,0.63,0.344,-7,https://www.eliteprospects.com/player/529803/luca-cagnoni,2025-2026,ahl
04/05/2026,Eduards Tralmaks,Grand Rapids Griffins,60,25,14,39,0.233,0.417,0.65,0.2,30,https://www.eliteprospects.com/player/214279/eduards-tralmaks,2025-2026,ahl
04/05/2026,Oliver Wahlstrom,San Jose Barracuda,59,23,16,39,0.271,0.39,0.66,0.763,-13,https://www.eliteprospects.com/player/241370/oliver-wahlstrom,2025-2026,ahl
04/05/2026,Aidan McDonough,Wilkes-Barre/Scranton Penguins,61,21,18,39,0.295,0.344,0.64,0.393,18,https://www.eliteprospects.com/player/348494/aidan-mcdonough,2025-2026,ahl
04/05/2026,Aleksanteri Kaskimaki,Springfield Thunderbirds,58,18,21,39,0.362,0.31,0.67,0.172,-13,https://www.eliteprospects.com/player/640621/aleksanteri-kaskimaki,2025-2026,ahl
04/05/2026,Jack Devine,Charlotte Checkers,59,18,21,39,0.356,0.305,0.66,0.932,14,https://www.eliteprospects.com/player/464780/jack-devine,2025-2026,ahl
04/05/2026,Cole O'Hara,Milwaukee Admirals,61,17,22,39,0.361,0.279,0.64,0.131,-4,https://www.eliteprospects.com/player/201938/cole-o-hara,2025-2026,ahl
04/05/2026,Amadeus Lombardi,Grand Rapids Griffins,43,14,25,39,0.581,0.326,0.91,0.512,13,https://www.eliteprospects.com/player/640282/amadeus-lombardi,2025-2026,ahl
04/05/2026,Vinni Lettieri,Toronto Marlies,50,12,27,39,0.54,0.24,0.78,0.64,4,https://www.eliteprospects.com/player/118656/vinni-lettieri,2025-2026,ahl
04/05/2026,Avery Hayes,Wilkes-Barre/Scranton Penguins,40,23,15,38,0.375,0.575,0.95,1.2,10,https://www.eliteprospects.com/player/418255/avery-hayes,2025-2026,ahl
04/05/2026,Justin Bailey,San Diego Gulls,66,22,16,38,0.242,0.333,0.58,0.606,0,https://www.eliteprospects.com/player/116970/justin-bailey,2025-2026,ahl
04/05/2026,Andrew Agozzino,Tucson Roadrunners,50,18,20,38,0.4,0.36,0.76,0.4,0,https://www.eliteprospects.com/player/23816/andrew-agozzino,2025-2026,ahl
04/05/2026,Joshua Roy,Laval Rocket,54,18,20,38,0.37,0.333,0.70,0.593,-7,https://www.eliteprospects.com/player/483757/joshua-roy,2025-2026,ahl
04/05/2026,Roby Jarventie,Bakersfield Condors,55,18,20,38,0.364,0.327,0.69,0.545,9,https://www.eliteprospects.com/player/534236/roby-jarventie,2025-2026,ahl
04/05/2026,Yegor Afanasyev,San Jose Barracuda,59,14,24,38,0.407,0.237,0.64,0.966,3,https://www.eliteprospects.com/player/450909/yegor-afanasyev,2025-2026,ahl
04/05/2026,Tristan Luneau,San Diego Gulls,66,9,29,38,0.439,0.136,0.58,0.409,-6,https://www.eliteprospects.com/player/491564/tristan-luneau,2025-2026,ahl
04/05/2026,Nils Aman,Abbotsford Canucks,54,6,32,38,0.593,0.111,0.70,0.259,-4,https://www.eliteprospects.com/player/343876/nils-aman,2025-2026,ahl
04/05/2026,Dominik Shine,Grand Rapids Griffins,38,21,16,37,0.421,0.553,0.97,1.079,25,https://www.eliteprospects.com/player/45858/dominik-shine,2025-2026,ahl
04/05/2026,Mitch McLain,Henderson Silver Knights,65,20,17,37,0.262,0.308,0.57,1.477,-7,https://www.eliteprospects.com/player/193228/mitch-mclain,2025-2026,ahl
04/05/2026,Wilmer Skoog,Charlotte Checkers,59,18,19,37,0.322,0.305,0.63,0.729,13,https://www.eliteprospects.com/player/344665/wilmer-skoog,2025-2026,ahl
04/05/2026,Matthew Highmore,Bridgeport Islanders,66,15,22,37,0.333,0.227,0.56,0.364,0,https://www.eliteprospects.com/player/130125/matthew-highmore,2025-2026,ahl
04/05/2026,Kenny Connors,Ontario Reign,61,13,24,37,0.393,0.213,0.61,0.492,15,https://www.eliteprospects.com/player/478379/kenny-connors,2025-2026,ahl
04/05/2026,Riley Fiddler-Schultz,Rochester Americans,61,21,15,36,0.246,0.344,0.59,0.459,-11,https://www.eliteprospects.com/player/408219/riley-fiddler-schultz,2025-2026,ahl
04/05/2026,Daniil But,Tucson Roadrunners,37,18,18,36,0.486,0.486,0.97,0.919,0,https://www.eliteprospects.com/player/779971/daniil-but,2025-2026,ahl
04/05/2026,Judd Caulfield,San Diego Gulls,66,17,19,36,0.288,0.258,0.55,0.182,1,https://www.eliteprospects.com/player/444997/judd-caulfield,2025-2026,ahl
04/05/2026,Sam Morton,Calgary Wranglers,64,16,20,36,0.312,0.25,0.56,0.438,-13,https://www.eliteprospects.com/player/274009/sam-morton,2025-2026,ahl
04/05/2026,Jack Becker,Texas Stars,65,14,22,36,0.338,0.215,0.55,0.554,12,https://www.eliteprospects.com/player/248382/jack-becker,2025-2026,ahl
04/05/2026,Jack Williams,Cleveland Monsters,67,14,22,36,0.328,0.209,0.54,0.179,-3,https://www.eliteprospects.com/player/498800/jack-williams,2025-2026,ahl
04/05/2026,Lleyton Roed,Coachella Valley Firebirds,59,11,25,36,0.424,0.186,0.61,0.271,21,https://www.eliteprospects.com/player/551465/lleyton-roed,2025-2026,ahl
04/05/2026,Carter Yakemchuk,Belleville Senators,50,10,26,36,0.52,0.2,0.72,0.6,-30,https://www.eliteprospects.com/player/599451/carter-yakemchuk,2025-2026,ahl
04/05/2026,Gerald Mayhew,Iowa Wild,53,19,16,35,0.302,0.358,0.66,0.604,-15,https://www.eliteprospects.com/player/151849/gerald-mayhew,2025-2026,ahl
04/05/2026,Ty Mueller,Abbotsford Canucks,59,16,19,35,0.322,0.271,0.59,0.508,-19,https://www.eliteprospects.com/player/475179/ty-mueller,2025-2026,ahl
04/05/2026,Ville Koivunen,Wilkes-Barre/Scranton Penguins,31,11,24,35,0.774,0.355,1.13,1.355,9,https://www.eliteprospects.com/player/525660/ville-koivunen,2025-2026,ahl
04/05/2026,Dylan Gambrell,Iowa Wild,34,10,25,35,0.735,0.294,1.03,0.118,-2,https://www.eliteprospects.com/player/192301/dylan-gambrell,2025-2026,ahl
04/05/2026,Daniil Miromanov,Calgary Wranglers,62,9,26,35,0.419,0.145,0.56,0.419,-4,https://www.eliteprospects.com/player/289399/daniil-miromanov,2025-2026,ahl
04/05/2026,Dmitri Simashev,Tucson Roadrunners,40,8,27,35,0.675,0.2,0.88,0.775,-1,https://www.eliteprospects.com/player/708607/dmitri-simashev,2025-2026,ahl
04/05/2026,Xavier Parent,Utica Comets,57,19,15,34,0.263,0.333,0.60,1.333,-4,https://www.eliteprospects.com/player/241379/xavier-parent,2025-2026,ahl
04/05/2026,Rafael Harvey-Pinard,Wilkes-Barre/Scranton Penguins,62,19,15,34,0.242,0.306,0.55,0.5,16,https://www.eliteprospects.com/player/354123/rafael-harvey-pinard,2025-2026,ahl
04/05/2026,Gabe Klassen,Wilkes-Barre/Scranton Penguins,55,16,18,34,0.327,0.291,0.62,0.364,8,https://www.eliteprospects.com/player/485361/gabe-klassen,2025-2026,ahl
04/05/2026,Skyler Brind'Amour,Chicago Wolves,66,16,18,34,0.273,0.242,0.52,0.515,-12,https://www.eliteprospects.com/player/345585/skyler-brind-amour,2025-2026,ahl
04/05/2026,Tristan Broz,Wilkes-Barre/Scranton Penguins,45,14,20,34,0.444,0.311,0.76,0.644,15,https://www.eliteprospects.com/player/470024/tristan-broz,2025-2026,ahl
04/05/2026,Nicolas Aube-Kubel,Iowa Wild,56,14,20,34,0.357,0.25,0.61,0.786,-4,https://www.eliteprospects.com/player/151146/nicolas-aube-kubel,2025-2026,ahl
04/05/2026,Adam Engstrom,Laval Rocket,45,10,24,34,0.533,0.222,0.76,0.4,14,https://www.eliteprospects.com/player/491616/adam-engstrom,2025-2026,ahl
04/05/2026,Domenick Fensore,Chicago Wolves,57,10,24,34,0.421,0.175,0.60,0.649,3,https://www.eliteprospects.com/player/424459/domenick-fensore,2025-2026,ahl
04/05/2026,Jani Nyman,Coachella Valley Firebirds,35,21,12,33,0.343,0.6,0.94,0.886,21,https://www.eliteprospects.com/player/611825/jani-nyman,2025-2026,ahl
04/05/2026,Artem Shlaine,Texas Stars,61,17,16,33,0.262,0.279,0.54,0.197,0,https://www.eliteprospects.com/player/498107/artem-shlaine,2025-2026,ahl
04/05/2026,Ben Berard,Abbotsford Canucks,59,16,17,33,0.288,0.271,0.56,0.254,-22,https://www.eliteprospects.com/player/297996/ben-berard,2025-2026,ahl
04/05/2026,Brian Pinho,Charlotte Checkers,68,14,19,33,0.279,0.206,0.49,0.235,12,https://www.eliteprospects.com/player/132024/brian-pinho,2025-2026,ahl
04/05/2026,Igor Chernyshov,San Jose Barracuda,41,13,20,33,0.488,0.317,0.80,0.878,11,https://www.eliteprospects.com/player/779993/igor-chernyshov,2025-2026,ahl
04/05/2026,Jacob Quillan,Toronto Marlies,38,12,21,33,0.553,0.316,0.87,0.605,9,https://www.eliteprospects.com/player/318454/jacob-quillan,2025-2026,ahl
04/05/2026,Francesco Pinelli,Ontario Reign,60,12,21,33,0.35,0.2,0.55,0.8,14,https://www.eliteprospects.com/player/617488/francesco-pinelli,2025-2026,ahl
04/05/2026,Kole Lind,Texas Stars,65,11,22,33,0.338,0.169,0.51,1.431,-7,https://www.eliteprospects.com/player/200933/kole-lind,2025-2026,ahl
04/05/2026,Juraj Pekarcik,Springfield Thunderbirds,63,10,23,33,0.365,0.159,0.52,0.159,-11,https://www.eliteprospects.com/player/731900/juraj-pekarcik,2025-2026,ahl
04/05/2026,Louie Belpedio,Hershey Bears,64,8,25,33,0.391,0.125,0.52,1.047,0,https://www.eliteprospects.com/player/177686/louie-belpedio,2025-2026,ahl
04/05/2026,Erik Gustafsson,Grand Rapids Griffins,35,3,30,33,0.857,0.086,0.94,0.857,25,https://www.eliteprospects.com/player/15372/erik-gustafsson,2025-2026,ahl
04/05/2026,Brian Halonen,Utica Comets,48,19,13,32,0.271,0.396,0.67,0.583,-4,https://www.eliteprospects.com/player/419044/brian-halonen,2025-2026,ahl
04/05/2026,Nick Lardis,Rockford IceHogs,35,18,14,32,0.4,0.514,0.91,0.343,3,https://www.eliteprospects.com/player/603122/nick-lardis,2025-2026,ahl
04/05/2026,Luke Haymes,Toronto Marlies,63,17,15,32,0.238,0.27,0.51,0.349,-6,https://www.eliteprospects.com/player/479794/luke-haymes,2025-2026,ahl
04/05/2026,Trevor Kuntar,Rochester Americans,63,17,15,32,0.238,0.27,0.51,1.254,-11,https://www.eliteprospects.com/player/290309/trevor-kuntar,2025-2026,ahl
04/05/2026,Samuel Fagemo,Manitoba Moose,65,17,15,32,0.231,0.262,0.49,0.277,-21,https://www.eliteprospects.com/player/288459/samuel-fagemo,2025-2026,ahl
04/05/2026,Brendan Brisson,Hartford Wolf Pack,60,16,16,32,0.267,0.267,0.53,0.9,-30,https://www.eliteprospects.com/player/299642/brendan-brisson,2025-2026,ahl
04/05/2026,Jacob Gaucher,Lehigh Valley Phantoms,64,16,16,32,0.25,0.25,0.50,0.656,-11,https://www.eliteprospects.com/player/290162/jacob-gaucher,2025-2026,ahl
04/05/2026,Evan Vierling,Chicago Wolves,64,15,17,32,0.266,0.234,0.50,0.188,-14,https://www.eliteprospects.com/player/503023/evan-vierling,2025-2026,ahl
04/05/2026,Nolan Foote,Charlotte Checkers,54,14,18,32,0.333,0.259,0.59,0.741,2,https://www.eliteprospects.com/player/240385/nolan-foote,2025-2026,ahl
04/05/2026,Owen Sillinger,Cleveland Monsters,64,14,18,32,0.281,0.219,0.50,0.75,-13,https://www.eliteprospects.com/player/199994/owen-sillinger,2025-2026,ahl
04/05/2026,Noel Gunler,Chicago Wolves,65,14,18,32,0.277,0.215,0.49,0.862,-17,https://www.eliteprospects.com/player/393444/noel-gunler,2025-2026,ahl
04/05/2026,Phil Di Giuseppe,Manitoba Moose,65,13,19,32,0.292,0.2,0.49,1.108,-13,https://www.eliteprospects.com/player/62746/phil-di-giuseppe,2025-2026,ahl
04/05/2026,David Gustafsson,Manitoba Moose,46,10,22,32,0.478,0.217,0.70,0.261,12,https://www.eliteprospects.com/player/293796/david-gustafsson,2025-2026,ahl
04/05/2026,Oscar Fisker Molgaard,Coachella Valley Firebirds,46,10,22,32,0.478,0.217,0.70,0.261,4,https://www.eliteprospects.com/player/729161/oscar-fisker-molgaard,2025-2026,ahl
04/05/2026,Atro Leppanen,Bakersfield Condors,47,9,23,32,0.489,0.191,0.68,0.511,-7,https://www.eliteprospects.com/player/326877/atro-leppanen,2025-2026,ahl
04/05/2026,Anton Wahlberg,Rochester Americans,61,9,23,32,0.377,0.148,0.52,0.328,7,https://www.eliteprospects.com/player/643681/anton-wahlberg,2025-2026,ahl
04/05/2026,Angus Crookshank,Utica Comets,55,19,12,31,0.218,0.345,0.56,0.255,-20,https://www.eliteprospects.com/player/201687/angus-crookshank,2025-2026,ahl
04/05/2026,Daniil Gushchin,Colorado Eagles,47,18,13,31,0.277,0.383,0.66,0.553,7,https://www.eliteprospects.com/player/512924/daniil-gushchin,2025-2026,ahl
04/05/2026,Daniel Carr,Milwaukee Admirals,49,16,15,31,0.306,0.327,0.63,0.653,-18,https://www.eliteprospects.com/player/39435/daniel-carr,2025-2026,ahl
04/05/2026,Walker Duehr,Manitoba Moose,55,15,16,31,0.291,0.273,0.56,0.327,6,https://www.eliteprospects.com/player/234647/walker-duehr,2025-2026,ahl
04/05/2026,Brendan Gaunce,Cleveland Monsters,39,14,17,31,0.436,0.359,0.79,0.462,-9,https://www.eliteprospects.com/player/76290/brendan-gaunce,2025-2026,ahl
04/05/2026,Cross Hanas,Texas Stars,50,14,17,31,0.34,0.28,0.62,0.56,1,https://www.eliteprospects.com/player/252712/cross-hanas,2025-2026,ahl
04/05/2026,Robert Mastrosimone,Charlotte Checkers,45,13,18,31,0.4,0.289,0.69,0.756,10,https://www.eliteprospects.com/player/385680/robert-mastrosimone,2025-2026,ahl
04/05/2026,Ryan Tverberg,Toronto Marlies,60,13,18,31,0.3,0.217,0.52,0.533,15,https://www.eliteprospects.com/player/201945/ryan-tverberg,2025-2026,ahl
04/05/2026,Kasper Halttunen,San Jose Barracuda,63,13,18,31,0.286,0.206,0.49,0.683,1,https://www.eliteprospects.com/player/709538/kasper-halttunen,2025-2026,ahl
04/05/2026,Ivan Miroshnichenko,Hershey Bears,38,12,19,31,0.5,0.316,0.82,1.237,-1,https://www.eliteprospects.com/player/526255/ivan-miroshnichenko,2025-2026,ahl
04/05/2026,Kyle Criscuolo,Utica Comets,56,12,19,31,0.339,0.214,0.55,0.393,-12,https://www.eliteprospects.com/player/74212/kyle-criscuolo,2025-2026,ahl
04/05/2026,Atley Calvert,Wilkes-Barre/Scranton Penguins,65,12,19,31,0.292,0.185,0.48,0.431,13,https://www.eliteprospects.com/player/406413/atley-calvert,2025-2026,ahl
04/05/2026,Jaret Anderson-Dolan,Manitoba Moose,65,12,19,31,0.292,0.185,0.48,0.785,-8,https://www.eliteprospects.com/player/278859/jaret-anderson-dolan,2025-2026,ahl
04/05/2026,Ty Nelson,Coachella Valley Firebirds,58,10,21,31,0.362,0.172,0.53,0.448,14,https://www.eliteprospects.com/player/603794/ty-nelson,2025-2026,ahl
04/05/2026,Josh Samanski,Bakersfield Condors,45,8,23,31,0.511,0.178,0.69,0.889,6,https://www.eliteprospects.com/player/427110/josh-samanski,2025-2026,ahl
04/05/2026,Mike Benning,Charlotte Checkers,56,8,23,31,0.411,0.143,0.55,0.714,10,https://www.eliteprospects.com/player/201914/mike-benning,2025-2026,ahl
04/05/2026,Jared Wright,Ontario Reign,54,17,13,30,0.241,0.315,0.56,0.204,27,https://www.eliteprospects.com/player/616241/jared-wright,2025-2026,ahl
04/05/2026,Joey Anderson,Rockford IceHogs,47,16,14,30,0.298,0.34,0.64,0.255,1,https://www.eliteprospects.com/player/247964/joey-anderson,2025-2026,ahl
04/05/2026,Harrison Scott,Texas Stars,66,16,14,30,0.212,0.242,0.45,0.485,-3,https://www.eliteprospects.com/player/393183/harrison-scott,2025-2026,ahl
04/05/2026,Tye Felhaber,Colorado Eagles,59,15,15,30,0.254,0.254,0.51,0.61,6,https://www.eliteprospects.com/player/251448/tye-felhaber,2025-2026,ahl
04/05/2026,Matyas Sapovaliv,Henderson Silver Knights,66,15,15,30,0.227,0.227,0.45,0.121,-12,https://www.eliteprospects.com/player/559506/matyas-sapovaliv,2025-2026,ahl
04/05/2026,Carson Meyer,Rochester Americans,48,13,17,30,0.354,0.271,0.63,0.375,-10,https://www.eliteprospects.com/player/272540/carson-meyer,2025-2026,ahl
04/05/2026,Oasiz Wiesblatt,Milwaukee Admirals,60,13,17,30,0.283,0.217,0.50,1.933,-16,https://www.eliteprospects.com/player/562425/oasiz-wiesblatt,2025-2026,ahl
04/05/2026,Sandis Vilmanis,Charlotte Checkers,44,12,18,30,0.409,0.273,0.68,0.545,15,https://www.eliteprospects.com/player/638444/sandis-vilmanis,2025-2026,ahl
04/05/2026,Frederic Brunet,Providence Bruins,60,11,19,30,0.317,0.183,0.50,0.5,18,https://www.eliteprospects.com/player/502761/frederic-brunet,2025-2026,ahl
04/05/2026,Matvei Gridin,Calgary Wranglers,37,10,20,30,0.541,0.27,0.81,0.486,0,https://www.eliteprospects.com/player/527724/matvei-gridin,2025-2026,ahl
04/05/2026,Sam Colangelo,San Diego Gulls,44,10,20,30,0.455,0.227,0.68,0.568,-10,https://www.eliteprospects.com/player/386333/sam-colangelo,2025-2026,ahl
04/05/2026,Matthew Maggio,Bridgeport Islanders,59,10,20,30,0.339,0.169,0.51,0.508,-4,https://www.eliteprospects.com/player/505365/matthew-maggio,2025-2026,ahl
04/05/2026,Victor Soderstrom,Providence Bruins,55,9,21,30,0.382,0.164,0.55,0.6,7,https://www.eliteprospects.com/player/344555/victor-soderstrom,2025-2026,ahl
04/05/2026,David Spacek,Iowa Wild,52,5,25,30,0.481,0.096,0.58,0.269,0,https://www.eliteprospects.com/player/559551/david-spacek,2025-2026,ahl
04/05/2026,Danila Klimovich,Abbotsford Canucks,59,15,14,29,0.237,0.254,0.49,1.051,-23,https://www.eliteprospects.com/player/618501/danila-klimovich,2025-2026,ahl
04/05/2026,Antonio Stranges,Texas Stars,64,13,16,29,0.25,0.203,0.45,0.125,-19,https://www.eliteprospects.com/player/369848/antonio-stranges,2025-2026,ahl
04/05/2026,Nathan Smith,Charlotte Checkers,44,12,17,29,0.386,0.273,0.66,0.886,6,https://www.eliteprospects.com/player/484201/nathan-smith,2025-2026,ahl
04/05/2026,Adam Sykora,Hartford Wolf Pack,62,12,17,29,0.274,0.194,0.47,0.452,0,https://www.eliteprospects.com/player/527426/adam-sykora,2025-2026,ahl
04/05/2026,Samuel Blais,Laval Rocket,32,11,18,29,0.562,0.344,0.91,1.812,-1,https://www.eliteprospects.com/player/213830/samuel-blais,2025-2026,ahl
04/05/2026,Owen Beck,Laval Rocket,54,11,18,29,0.333,0.204,0.54,0.519,7,https://www.eliteprospects.com/player/647942/owen-beck,2025-2026,ahl
04/05/2026,Jakub Brabenec,Henderson Silver Knights,58,11,18,29,0.31,0.19,0.50,0.552,5,https://www.eliteprospects.com/player/522504/jakub-brabenec,2025-2026,ahl
04/05/2026,Travis Boyd,Toronto Marlies,34,10,19,29,0.559,0.294,0.85,0.176,-8,https://www.eliteprospects.com/player/38621/travis-boyd,2025-2026,ahl
04/05/2026,Joakim Kemell,Milwaukee Admirals,46,10,19,29,0.413,0.217,0.63,1.217,-18,https://www.eliteprospects.com/player/526043/joakim-kemell,2025-2026,ahl
04/05/2026,Justin Dowling,Hartford Wolf Pack,46,9,20,29,0.435,0.196,0.63,0.087,-10,https://www.eliteprospects.com/player/23320/justin-dowling,2025-2026,ahl
04/05/2026,Brayden Yager,Manitoba Moose,65,9,20,29,0.308,0.138,0.45,0.154,-12,https://www.eliteprospects.com/player/565757/brayden-yager,2025-2026,ahl
04/05/2026,Rutger McGroarty,Wilkes-Barre/Scranton Penguins,27,8,21,29,0.778,0.296,1.07,0.333,8,https://www.eliteprospects.com/player/526095/rutger-mcgroarty,2025-2026,ahl
04/05/2026,Garrett Pilon,Belleville Senators,51,8,21,29,0.412,0.157,0.57,0.118,-4,https://www.eliteprospects.com/player/49041/garrett-pilon,2025-2026,ahl
04/05/2026,Matteo Pietroniro,Syracuse Crunch,61,8,21,29,0.344,0.131,0.48,1.328,27,https://www.eliteprospects.com/player/266502/matteo-pietroniro,2025-2026,ahl
04/05/2026,Stephen Halliday,Belleville Senators,29,2,27,29,0.931,0.069,1.00,0.552,-14,https://www.eliteprospects.com/player/462499/stephen-halliday,2025-2026,ahl
04/05/2026,Aatu Jamsen,Ontario Reign,54,16,12,28,0.222,0.296,0.52,0.407,5,https://www.eliteprospects.com/player/557189/aatu-jamsen,2025-2026,ahl
04/05/2026,Reid Schaefer,Milwaukee Admirals,31,15,13,28,0.419,0.484,0.90,1.774,6,https://www.eliteprospects.com/player/506838/reid-schaefer,2025-2026,ahl
04/05/2026,Dans Locmelis,Providence Bruins,43,15,13,28,0.302,0.349,0.65,0.14,16,https://www.eliteprospects.com/player/638391/dans-locmelis,2025-2026,ahl
04/05/2026,Zachary L'Heureux,Milwaukee Admirals,28,14,14,28,0.5,0.5,1.00,2.321,0,https://www.eliteprospects.com/player/419758/zachary-l-heureux,2025-2026,ahl
04/05/2026,Dillon Dube,Springfield Thunderbirds,40,14,14,28,0.35,0.35,0.70,0.25,-7,https://www.eliteprospects.com/player/157256/dillon-dube,2025-2026,ahl
04/05/2026,Brendan Furry,Syracuse Crunch,58,14,14,28,0.241,0.241,0.48,0.345,-2,https://www.eliteprospects.com/player/474371/brendan-furry,2025-2026,ahl
04/05/2026,Yegor Sidorov,San Diego Gulls,65,14,14,28,0.215,0.215,0.43,0.554,-18,https://www.eliteprospects.com/player/679585/yegor-sidorov,2025-2026,ahl
04/05/2026,Tucker Robertson,Lehigh Valley Phantoms,58,13,15,28,0.259,0.224,0.48,0.534,7,https://www.eliteprospects.com/player/619190/tucker-robertson,2025-2026,ahl
04/05/2026,Alex Jefferies,Bridgeport Islanders,54,8,20,28,0.37,0.148,0.52,0.815,-4,https://www.eliteprospects.com/player/466015/alex-jefferies,2025-2026,ahl
04/05/2026,Gustav Olofsson,Coachella Valley Firebirds,43,4,24,28,0.558,0.093,0.65,0.512,24,https://www.eliteprospects.com/player/39017/gustav-olofsson,2025-2026,ahl
04/05/2026,Dysin Mayo,Cleveland Monsters,54,3,25,28,0.463,0.056,0.52,0.833,17,https://www.eliteprospects.com/player/120638/dysin-mayo,2025-2026,ahl
04/05/2026,William Villeneuve,Toronto Marlies,58,3,25,28,0.431,0.052,0.48,1.103,-3,https://www.eliteprospects.com/player/410562/william-villeneuve,2025-2026,ahl
04/05/2026,Joey Larson,Bridgeport Islanders,59,16,11,27,0.186,0.271,0.46,0.356,-2,https://www.eliteprospects.com/player/359529/joey-larson,2025-2026,ahl
04/05/2026,Florian Xhekaj,Laval Rocket,60,16,11,27,0.183,0.267,0.45,2.533,11,https://www.eliteprospects.com/player/620316/florian-xhekaj,2025-2026,ahl
04/05/2026,Tim Washe,San Diego Gulls,36,14,13,27,0.361,0.389,0.75,0.778,6,https://www.eliteprospects.com/player/321143/tim-washe,2025-2026,ahl
04/05/2026,Oskar Olausson,Iowa Wild,56,10,17,27,0.304,0.179,0.48,0.393,-3,https://www.eliteprospects.com/player/430916/oskar-olausson,2025-2026,ahl
04/05/2026,Henrik Rybinski,Hershey Bears,54,9,18,27,0.333,0.167,0.50,0.407,8,https://www.eliteprospects.com/player/351688/henrik-rybinski,2025-2026,ahl
04/05/2026,Michael Karow,Texas Stars,62,9,18,27,0.29,0.145,0.44,0.371,26,https://www.eliteprospects.com/player/350368/michael-karow,2025-2026,ahl
04/05/2026,Filip Mesar,Laval Rocket,68,9,18,27,0.265,0.132,0.40,0.382,3,https://www.eliteprospects.com/player/527430/filip-mesar,2025-2026,ahl
04/05/2026,Hugh McGing,Springfield Thunderbirds,61,8,19,27,0.311,0.131,0.44,0.689,-5,https://www.eliteprospects.com/player/233569/hugh-mcging,2025-2026,ahl
04/05/2026,Antti Tuomisto,Grand Rapids Griffins,65,8,19,27,0.292,0.123,0.42,0.462,27,https://www.eliteprospects.com/player/396170/antti-tuomisto,2025-2026,ahl
04/05/2026,Christian Wolanin,Providence Bruins,50,7,20,27,0.4,0.14,0.54,0.24,10,https://www.eliteprospects.com/player/188788/christian-wolanin,2025-2026,ahl
04/05/2026,Marshall Warren,Bridgeport Islanders,50,6,21,27,0.42,0.12,0.54,0.6,10,https://www.eliteprospects.com/player/381692/marshall-warren,2025-2026,ahl
04/05/2026,Hunter Haight,Iowa Wild,48,13,13,26,0.271,0.271,0.54,0.292,-17,https://www.eliteprospects.com/player/603614/hunter-haight,2025-2026,ahl
04/05/2026,Gavin Hayes,Rockford IceHogs,57,13,13,26,0.228,0.228,0.46,0.246,-13,https://www.eliteprospects.com/player/635399/gavin-hayes,2025-2026,ahl
04/05/2026,Olle Lycksell,Belleville Senators,41,12,14,26,0.341,0.293,0.63,0.488,-15,https://www.eliteprospects.com/player/265290/olle-lycksell,2025-2026,ahl
04/05/2026,Nathan Gaucher,San Diego Gulls,57,12,14,26,0.246,0.211,0.46,0.825,3,https://www.eliteprospects.com/player/340644/nathan-gaucher,2025-2026,ahl
04/05/2026,Lucas Carlsson,San Jose Barracuda,58,12,14,26,0.241,0.207,0.45,0.517,4,https://www.eliteprospects.com/player/212334/lucas-carlsson,2025-2026,ahl
04/05/2026,Alex Bump,Lehigh Valley Phantoms,36,11,15,26,0.417,0.306,0.72,0.611,-2,https://www.eliteprospects.com/player/623782/alex-bump,2025-2026,ahl
04/05/2026,Maksymilian Szuber,Tucson Roadrunners,59,10,16,26,0.271,0.169,0.44,0.814,2,https://www.eliteprospects.com/player/393666/maksymilian-szuber,2025-2026,ahl
04/05/2026,Jack Studnicka,Charlotte Checkers,38,9,17,26,0.447,0.237,0.68,0.842,12,https://www.eliteprospects.com/player/284096/jack-studnicka,2025-2026,ahl
04/05/2026,Marc Del Gaizo,Laval Rocket,59,9,17,26,0.288,0.153,0.44,0.576,26,https://www.eliteprospects.com/player/201481/marc-del-gaizo,2025-2026,ahl
04/05/2026,Ondrej Becher,Grand Rapids Griffins,57,8,18,26,0.316,0.14,0.46,0.737,7,https://www.eliteprospects.com/player/593187/ond%C5%99ej-becher,2025-2026,ahl
04/05/2026,Jamie Engelbert,Rockford IceHogs,65,8,18,26,0.277,0.123,0.40,0.738,-11,https://www.eliteprospects.com/player/416714/jamie-engelbert,2025-2026,ahl
04/05/2026,Jakub Rychlovsky,Grand Rapids Griffins,63,7,19,26,0.302,0.111,0.41,0.381,16,https://www.eliteprospects.com/player/386542/jakub-rychlovsky,2025-2026,ahl
04/05/2026,Calen Addison,Utica Comets,59,5,21,26,0.356,0.085,0.44,0.508,-13,https://www.eliteprospects.com/player/278861/calen-addison,2025-2026,ahl
04/05/2026,Kevin Korchinski,Rockford IceHogs,53,2,24,26,0.453,0.038,0.49,0.906,-21,https://www.eliteprospects.com/player/516605/kevin-korchinski,2025-2026,ahl
04/05/2026,Jared Davidson,Laval Rocket,49,16,9,25,0.184,0.327,0.51,1.163,5,https://www.eliteprospects.com/player/475625/jared-davidson,2025-2026,ahl
04/05/2026,Lassi Thomson,Belleville Senators,55,14,11,25,0.2,0.255,0.45,0.982,1,https://www.eliteprospects.com/player/372919/lassi-thomson,2025-2026,ahl
04/05/2026,Sammy Walker,Tucson Roadrunners,51,12,13,25,0.255,0.235,0.49,0.275,-8,https://www.eliteprospects.com/player/300078/sammy-walker,2025-2026,ahl
04/05/2026,Ben Jones,Iowa Wild,31,11,14,25,0.452,0.355,0.81,0.71,-1,https://www.eliteprospects.com/player/273677/ben-jones,2025-2026,ahl
04/05/2026,Eduard Sale,Coachella Valley Firebirds,52,11,14,25,0.269,0.212,0.48,0.269,-6,https://www.eliteprospects.com/player/595291/eduard-sale,2025-2026,ahl
04/05/2026,Jonathan Gruden,Utica Comets,61,11,14,25,0.23,0.18,0.41,0.967,2,https://www.eliteprospects.com/player/276187/jonathan-gruden,2025-2026,ahl
04/05/2026,Dylan Roobroeck,Hartford Wolf Pack,66,11,14,25,0.212,0.167,0.38,1.227,-13,https://www.eliteprospects.com/player/603612/dylan-roobroeck,2025-2026,ahl
04/05/2026,Chase Wouters,Abbotsford Canucks,66,10,15,25,0.227,0.152,0.38,1.121,-26,https://www.eliteprospects.com/player/282350/chase-wouters,2025-2026,ahl
04/05/2026,Cameron Lund,San Jose Barracuda,37,9,16,25,0.432,0.243,0.68,0.324,-3,https://www.eliteprospects.com/player/603638/cameron-lund,2025-2026,ahl
04/05/2026,Isaak Phillips,Manitoba Moose,60,9,16,25,0.267,0.15,0.42,0.683,-3,https://www.eliteprospects.com/player/416750/isaak-phillips,2025-2026,ahl
04/05/2026,Jaroslav Chmelar,Hartford Wolf Pack,46,8,17,25,0.37,0.174,0.54,0.913,-7,https://www.eliteprospects.com/player/579280/jaroslav-chmelar,2025-2026,ahl
04/05/2026,Jagger Joshua,Rochester Americans,64,8,17,25,0.266,0.125,0.39,1.484,-5,https://www.eliteprospects.com/player/317021/jagger-joshua,2025-2026,ahl
04/05/2026,Trey Taylor,Texas Stars,64,7,18,25,0.281,0.109,0.39,0.531,-3,https://www.eliteprospects.com/player/485649/trey-taylor,2025-2026,ahl
04/05/2026,Cole McWard,Bridgeport Islanders,57,6,19,25,0.333,0.105,0.44,0.386,-12,https://www.eliteprospects.com/player/376492/cole-mcward,2025-2026,ahl
04/05/2026,Josiah Slavin,Chicago Wolves,66,6,19,25,0.288,0.091,0.38,0.394,0,https://www.eliteprospects.com/player/324913/josiah-slavin,2025-2026,ahl
04/05/2026,Ryan Schmelzer,Utica Comets,60,4,21,25,0.35,0.067,0.42,0.6,-2,https://www.eliteprospects.com/player/103818/ryan-schmelzer,2025-2026,ahl
04/05/2026,Roman Ahcan,Cleveland Monsters,62,16,8,24,0.129,0.258,0.39,1.274,5,https://www.eliteprospects.com/player/340279/roman-ahcan,2025-2026,ahl
04/05/2026,Jonas Rondbjerg,Henderson Silver Knights,38,13,11,24,0.289,0.342,0.63,0.158,12,https://www.eliteprospects.com/player/220099/jonas-rondbjerg,2025-2026,ahl
04/05/2026,Hunter Drew,Bridgeport Islanders,59,13,11,24,0.186,0.22,0.41,2.39,-5,https://www.eliteprospects.com/player/267823/hunter-drew,2025-2026,ahl
04/05/2026,Ethan Gauthier,Syracuse Crunch,54,12,12,24,0.222,0.222,0.44,0.185,7,https://www.eliteprospects.com/player/599319/ethan-gauthier,2025-2026,ahl
04/05/2026,Lucas Mercuri,Syracuse Crunch,63,12,12,24,0.19,0.19,0.38,2.063,16,https://www.eliteprospects.com/player/296187/lucas-mercuri,2025-2026,ahl
04/05/2026,Nikita Pavlychev,Chicago Wolves,64,12,12,24,0.188,0.188,0.38,0.75,2,https://www.eliteprospects.com/player/248436/nikita-pavlychev,2025-2026,ahl
04/05/2026,Zayde Wisdom,Lehigh Valley Phantoms,65,12,12,24,0.185,0.185,0.37,0.323,3,https://www.eliteprospects.com/player/537563/zayde-wisdom,2025-2026,ahl
04/05/2026,Ivan Ivan,Colorado Eagles,61,10,14,24,0.23,0.164,0.39,0.656,5,https://www.eliteprospects.com/player/427962/ivan-ivan,2025-2026,ahl
04/05/2026,Marc Johnstone,Toronto Marlies,52,9,15,24,0.288,0.173,0.46,0.962,3,https://www.eliteprospects.com/player/293866/marc-johnstone,2025-2026,ahl
04/05/2026,Jackson Hallum,Henderson Silver Knights,63,9,15,24,0.238,0.143,0.38,0.73,7,https://www.eliteprospects.com/player/587538/jackson-hallum,2025-2026,ahl
04/05/2026,Curtis McKenzie,Texas Stars,66,9,15,24,0.227,0.136,0.36,0.97,-6,https://www.eliteprospects.com/player/19277/curtis-mckenzie,2025-2026,ahl
04/05/2026,Kale Clague,Manitoba Moose,60,8,16,24,0.267,0.133,0.40,0.633,-17,https://www.eliteprospects.com/player/108472/kale-clague,2025-2026,ahl
04/05/2026,Riley Heidt,Iowa Wild,64,7,17,24,0.266,0.109,0.38,0.438,-16,https://www.eliteprospects.com/player/565748/riley-heidt,2025-2026,ahl
04/05/2026,Nick Cicek,Calgary Wranglers,66,6,18,24,0.273,0.091,0.36,1.545,-12,https://www.eliteprospects.com/player/296031/nick-cicek,2025-2026,ahl
04/05/2026,David Reinbacher,Laval Rocket,55,5,19,24,0.345,0.091,0.44,0.909,19,https://www.eliteprospects.com/player/703646/david-reinbacher,2025-2026,ahl
04/05/2026,Tyler Angle,Grand Rapids Griffins,58,5,19,24,0.328,0.086,0.41,0.379,16,https://www.eliteprospects.com/player/403916/tyler-angle,2025-2026,ahl
04/05/2026,Topias Vilen,Utica Comets,59,4,20,24,0.339,0.068,0.41,0.407,3,https://www.eliteprospects.com/player/557184/topias-vilen,2025-2026,ahl
04/05/2026,Wyatt Aamodt,Colorado Eagles,64,4,20,24,0.312,0.062,0.38,0.531,28,https://www.eliteprospects.com/player/300969/wyatt-aamodt,2025-2026,ahl
04/05/2026,Aydar Suniev,Calgary Wranglers,55,15,8,23,0.145,0.273,0.42,0.218,-26,https://www.eliteprospects.com/player/620335/aydar-suniev,2025-2026,ahl
04/05/2026,Taylor Makar,Colorado Eagles,48,14,9,23,0.188,0.292,0.48,1.083,13,https://www.eliteprospects.com/player/351159/taylor-makar,2025-2026,ahl
04/05/2026,Kevin Rooney,Tucson Roadrunners,43,12,11,23,0.256,0.279,0.53,0.186,-3,https://www.eliteprospects.com/player/180925/kevin-rooney,2025-2026,ahl
04/05/2026,Austin Watson,Grand Rapids Griffins,59,12,11,23,0.186,0.203,0.39,2.475,0,https://www.eliteprospects.com/player/33753/austin-watson,2025-2026,ahl
04/05/2026,Dylan Peterson,Springfield Thunderbirds,53,11,12,23,0.226,0.208,0.43,1.509,-13,https://www.eliteprospects.com/player/342192/dylan-peterson,2025-2026,ahl
04/05/2026,Brett Chorske,Charlotte Checkers,59,11,12,23,0.203,0.186,0.39,0.237,2,https://www.eliteprospects.com/player/511065/brett-chorske,2025-2026,ahl
04/05/2026,Jon-Randall Avon,Coachella Valley Firebirds,39,10,13,23,0.333,0.256,0.59,0.205,4,https://www.eliteprospects.com/player/582515/jon-randall-avon,2025-2026,ahl
04/05/2026,Tyler Boucher,Belleville Senators,42,10,13,23,0.31,0.238,0.55,1.524,6,https://www.eliteprospects.com/player/478374/tyler-boucher,2025-2026,ahl
04/05/2026,Justin Pearson,Cleveland Monsters,51,10,13,23,0.255,0.196,0.45,0.725,6,https://www.eliteprospects.com/player/386534/justin-pearson,2025-2026,ahl
04/05/2026,Shane Lachance,Utica Comets,56,10,13,23,0.232,0.179,0.41,0.25,-17,https://www.eliteprospects.com/player/659483/shane-lachance,2025-2026,ahl
04/05/2026,Samuel Savoie,Rockford IceHogs,57,10,13,23,0.228,0.175,0.40,0.789,-7,https://www.eliteprospects.com/player/573943/samuel-savoie,2025-2026,ahl
04/05/2026,Mitchell Stephens,Coachella Valley Firebirds,63,10,13,23,0.206,0.159,0.37,0.317,-16,https://www.eliteprospects.com/player/186392/mitchell-stephens,2025-2026,ahl
04/05/2026,Ethan Edwards,Utica Comets,63,10,13,23,0.206,0.159,0.37,0.968,-3,https://www.eliteprospects.com/player/413501/ethan-edwards,2025-2026,ahl
04/05/2026,Daylan Kuefler,Bridgeport Islanders,63,9,14,23,0.222,0.143,0.37,0.921,5,https://www.eliteprospects.com/player/413108/daylan-kuefler,2025-2026,ahl
04/05/2026,Matthew Barbolini,Toronto Marlies,57,8,15,23,0.263,0.14,0.40,0.246,-12,https://www.eliteprospects.com/player/439045/matthew-barbolini,2025-2026,ahl
04/05/2026,Rhett Pitlick,Bakersfield Condors,58,8,15,23,0.259,0.138,0.40,0.414,-7,https://www.eliteprospects.com/player/497477/rhett-pitlick,2025-2026,ahl
04/05/2026,Corson Ceulemans,Cleveland Monsters,60,8,15,23,0.25,0.133,0.38,0.683,-18,https://www.eliteprospects.com/player/475841/corson-ceulemans,2025-2026,ahl
04/05/2026,Tristan Allard,Syracuse Crunch,65,7,16,23,0.246,0.108,0.35,1.062,-3,https://www.eliteprospects.com/player/413671/tristan-allard,2025-2026,ahl
04/05/2026,Owen Pickering,Wilkes-Barre/Scranton Penguins,64,6,17,23,0.266,0.094,0.36,0.438,10,https://www.eliteprospects.com/player/580641/owen-pickering,2025-2026,ahl
04/05/2026,Henry Thrun,Toronto Marlies,50,5,18,23,0.36,0.1,0.46,0.66,-2,https://www.eliteprospects.com/player/445218/henry-thrun,2025-2026,ahl
04/05/2026,Roland McKeown,San Diego Gulls,66,5,18,23,0.273,0.076,0.35,0.606,-13,https://www.eliteprospects.com/player/189364/roland-mckeown,2025-2026,ahl
04/05/2026,Maxence Guenette,Lehigh Valley Phantoms,42,2,21,23,0.5,0.048,0.55,0.452,-7,https://www.eliteprospects.com/player/410616/maxence-guenette,2025-2026,ahl
04/05/2026,Borya Valis,Toronto Marlies,57,12,10,22,0.175,0.211,0.39,0.684,-7,https://www.eliteprospects.com/player/571887/borya-valis,2025-2026,ahl
04/05/2026,Bryce McConnell-Barker,Hartford Wolf Pack,63,12,10,22,0.159,0.19,0.35,0.317,-11,https://www.eliteprospects.com/player/640853/bryce-mcconnell-barker,2025-2026,ahl
04/05/2026,Danny Zhilkin,Manitoba Moose,55,11,11,22,0.2,0.2,0.40,0.345,-11,https://www.eliteprospects.com/player/619189/danny-zhilkin,2025-2026,ahl
04/05/2026,Clark Bishop,Calgary Wranglers,68,11,11,22,0.162,0.162,0.32,0.897,-9,https://www.eliteprospects.com/player/191376/clark-bishop,2025-2026,ahl
04/05/2026,Koehn Ziemmer,Ontario Reign,52,10,12,22,0.231,0.192,0.42,0.519,9,https://www.eliteprospects.com/player/564977/koehn-ziemmer,2025-2026,ahl
04/05/2026,Jan Mysak,San Diego Gulls,52,10,12,22,0.231,0.192,0.42,0.596,1,https://www.eliteprospects.com/player/427906/jan-mysak,2025-2026,ahl
04/05/2026,Lenni Hameenaho,Utica Comets,34,9,13,22,0.382,0.265,0.65,0.294,-13,https://www.eliteprospects.com/player/642183/lenni-hameenaho,2025-2026,ahl
04/05/2026,Hunter McKown,Cleveland Monsters,58,9,13,22,0.224,0.155,0.38,0.621,-13,https://www.eliteprospects.com/player/417327/hunter-mckown,2025-2026,ahl
04/05/2026,Joona Koppanen,Wilkes-Barre/Scranton Penguins,41,8,14,22,0.341,0.195,0.54,0.244,19,https://www.eliteprospects.com/player/279893/joona-koppanen,2025-2026,ahl
04/05/2026,David Edstrom,Milwaukee Admirals,53,8,14,22,0.264,0.151,0.42,0.528,8,https://www.eliteprospects.com/player/608308/david-edstrom,2025-2026,ahl
04/05/2026,Damien Carfagna,Bakersfield Condors,60,7,15,22,0.25,0.117,0.37,0.333,14,https://www.eliteprospects.com/player/478646/damien-carfagna,2025-2026,ahl
04/05/2026,Brett Berard,Hartford Wolf Pack,41,6,16,22,0.39,0.146,0.54,1.293,-16,https://www.eliteprospects.com/player/201740/brett-berard,2025-2026,ahl
04/05/2026,Trevor Carrick,Charlotte Checkers,56,5,17,22,0.304,0.089,0.39,1.196,14,https://www.eliteprospects.com/player/69391/trevor-carrick,2025-2026,ahl
04/05/2026,Tristan Bertucci,Texas Stars,58,4,18,22,0.31,0.069,0.38,0.724,3,https://www.eliteprospects.com/player/603546/tristan-bertucci,2025-2026,ahl
04/05/2026,Jean-Luc Foudy,Iowa Wild,61,4,18,22,0.295,0.066,0.36,0.492,-13,https://www.eliteprospects.com/player/534469/jean-luc-foudy,2025-2026,ahl
04/05/2026,Nikolas Brouillard,San Diego Gulls,61,4,18,22,0.295,0.066,0.36,0.836,4,https://www.eliteprospects.com/player/128256/nikolas-brouillard,2025-2026,ahl
04/05/2026,Ethan Bear,Bridgeport Islanders,34,3,19,22,0.559,0.088,0.65,0.353,10,https://www.eliteprospects.com/player/197561/ethan-bear,2025-2026,ahl
04/05/2026,Taylor Ward,Ontario Reign,32,12,9,21,0.281,0.375,0.66,0.719,1,https://www.eliteprospects.com/player/247054/taylor-ward,2025-2026,ahl
04/05/2026,Kevin Lombardi,Rockford IceHogs,40,12,9,21,0.225,0.3,0.53,0.8,1,https://www.eliteprospects.com/player/317209/kevin-lombardi,2025-2026,ahl
04/05/2026,Jake Leschyshyn,Rochester Americans,59,12,9,21,0.153,0.203,0.36,0.305,-14,https://www.eliteprospects.com/player/279125/jake-leschyshyn,2025-2026,ahl
04/05/2026,John Hayden,Coachella Valley Firebirds,61,12,9,21,0.148,0.197,0.34,2.082,-8,https://www.eliteprospects.com/player/151828/john-hayden,2025-2026,ahl
04/05/2026,Arshdeep Bains,Abbotsford Canucks,30,10,11,21,0.367,0.333,0.70,0.533,0,https://www.eliteprospects.com/player/290353/arshdeep-bains,2025-2026,ahl
04/05/2026,Justin Kirkland,Calgary Wranglers,38,10,11,21,0.289,0.263,0.55,0.842,-10,https://www.eliteprospects.com/player/63133/justin-kirkland,2025-2026,ahl
04/05/2026,Jason Polin,Colorado Eagles,43,10,11,21,0.256,0.233,0.49,0.233,3,https://www.eliteprospects.com/player/284027/jason-polin,2025-2026,ahl
04/05/2026,Olivier Nadeau,Rochester Americans,49,10,11,21,0.224,0.204,0.43,0.408,-2,https://www.eliteprospects.com/player/483754/olivier-nadeau,2025-2026,ahl
04/05/2026,Riese Gaber,Charlotte Checkers,47,9,12,21,0.255,0.191,0.45,0.809,12,https://www.eliteprospects.com/player/283845/riese-gaber,2025-2026,ahl
04/05/2026,Patrick Giles,San Jose Barracuda,61,9,12,21,0.197,0.148,0.34,0.197,-12,https://www.eliteprospects.com/player/363655/patrick-giles,2025-2026,ahl
04/05/2026,Karsen Dorwart,Lehigh Valley Phantoms,65,9,12,21,0.185,0.138,0.32,0.277,-13,https://www.eliteprospects.com/player/561422/karsen-dorwart,2025-2026,ahl
04/05/2026,Jake Schmaltz,Providence Bruins,59,8,13,21,0.22,0.136,0.36,0.169,8,https://www.eliteprospects.com/player/316160/jake-schmaltz,2025-2026,ahl
04/05/2026,Matthew Strome,Hershey Bears,50,7,14,21,0.28,0.14,0.42,0.6,-1,https://www.eliteprospects.com/player/268417/matthew-strome,2025-2026,ahl
04/05/2026,Gracyn Sawchyn,Charlotte Checkers,31,6,15,21,0.484,0.194,0.68,0.387,12,https://www.eliteprospects.com/player/535611/gracyn-sawchyn,2025-2026,ahl
04/05/2026,Parker Ford,Manitoba Moose,45,6,15,21,0.333,0.133,0.47,0.489,5,https://www.eliteprospects.com/player/394933/parker-ford,2025-2026,ahl
04/05/2026,Sean Behrens,Colorado Eagles,50,5,16,21,0.32,0.1,0.42,0.44,9,https://www.eliteprospects.com/player/464775/sean-behrens,2025-2026,ahl
04/05/2026,Tanner Molendyk,Milwaukee Admirals,53,4,17,21,0.321,0.075,0.40,0.226,-11,https://www.eliteprospects.com/player/603586/tanner-molendyk,2025-2026,ahl
04/05/2026,Jorian Donovan,Belleville Senators,59,4,17,21,0.288,0.068,0.36,1.186,-12,https://www.eliteprospects.com/player/562241/jorian-donovan,2025-2026,ahl
04/05/2026,Joe Hicketts,Ontario Reign,63,4,17,21,0.27,0.063,0.33,0.968,2,https://www.eliteprospects.com/player/120210/joe-hicketts,2025-2026,ahl
04/05/2026,Ville Heinola,Manitoba Moose,44,3,18,21,0.409,0.068,0.48,0.545,-2,https://www.eliteprospects.com/player/428795/ville-heinola,2025-2026,ahl
04/05/2026,Maxim Groshev,Syracuse Crunch,53,3,18,21,0.34,0.057,0.40,0.415,20,https://www.eliteprospects.com/player/532511/maxim-groshev,2025-2026,ahl
04/05/2026,William Lagesson,Grand Rapids Griffins,57,3,18,21,0.316,0.053,0.37,0.632,30,https://www.eliteprospects.com/player/86158/william-lagesson,2025-2026,ahl
04/05/2026,Casey Fitzgerald,Hartford Wolf Pack,65,3,18,21,0.277,0.046,0.32,1.231,-3,https://www.eliteprospects.com/player/177660/casey-fitzgerald,2025-2026,ahl
04/05/2026,Jonathan Lekkerimaki,Abbotsford Canucks,21,13,7,20,0.333,0.619,0.95,0.381,5,https://www.eliteprospects.com/player/649220/jonathan-lekkerimaki,2025-2026,ahl
04/05/2026,Ronan Seeley,Chicago Wolves,64,10,10,20,0.156,0.156,0.31,0.125,-14,https://www.eliteprospects.com/player/413245/ronan-seeley,2025-2026,ahl
04/05/2026,Tyler Tullio,Tucson Roadrunners,46,9,11,20,0.239,0.196,0.43,0.783,3,https://www.eliteprospects.com/player/201944/tyler-tullio,2025-2026,ahl
04/05/2026,William Trudeau,Laval Rocket,59,8,12,20,0.203,0.136,0.34,0.915,9,https://www.eliteprospects.com/player/425657/william-trudeau,2025-2026,ahl
04/05/2026,Joey Abate,Providence Bruins,60,8,12,20,0.2,0.133,0.33,1.45,10,https://www.eliteprospects.com/player/271357/joey-abate,2025-2026,ahl
04/05/2026,Matyas Melovsky,Utica Comets,49,7,13,20,0.265,0.143,0.41,0.551,-5,https://www.eliteprospects.com/player/527443/matyas-melovsky,2025-2026,ahl
04/05/2026,Cedric Pare,Toronto Marlies,57,7,13,20,0.228,0.123,0.35,0.86,-5,https://www.eliteprospects.com/player/319958/cedric-pare,2025-2026,ahl
04/05/2026,Matt Dumba,Wilkes-Barre/Scranton Penguins,27,6,14,20,0.519,0.222,0.74,1.593,3,https://www.eliteprospects.com/player/53542/matt-dumba,2025-2026,ahl
04/05/2026,Joey Willis,Milwaukee Admirals,49,6,14,20,0.286,0.122,0.41,0.286,-6,https://www.eliteprospects.com/player/637631/joey-willis,2025-2026,ahl
04/05/2026,Noel Nordh,Tucson Roadrunners,55,6,14,20,0.255,0.109,0.36,0.182,-6,https://www.eliteprospects.com/player/637582/noel-nordh,2025-2026,ahl
04/05/2026,Noah Chadwick,Toronto Marlies,63,5,15,20,0.238,0.079,0.32,0.54,-7,https://www.eliteprospects.com/player/603568/noah-chadwick,2025-2026,ahl
04/05/2026,Sawyer Mynio,Abbotsford Canucks,54,3,17,20,0.315,0.056,0.37,0.741,-22,https://www.eliteprospects.com/player/603585/sawyer-mynio,2025-2026,ahl
04/05/2026,Will Butcher,Cleveland Monsters,57,3,17,20,0.298,0.053,0.35,0.175,-16,https://www.eliteprospects.com/player/97590/will-butcher,2025-2026,ahl
04/05/2026,Ben Gleason,Iowa Wild,53,1,19,20,0.358,0.019,0.38,0.34,-19,https://www.eliteprospects.com/player/233504/ben-gleason,2025-2026,ahl
04/05/2026,Carson Rehkopf,Coachella Valley Firebirds,63,13,6,19,0.095,0.206,0.30,0.381,-3,https://www.eliteprospects.com/player/603556/carson-rehkopf,2025-2026,ahl
04/05/2026,Tuomas Uronen,Henderson Silver Knights,54,12,7,19,0.13,0.222,0.35,0.37,0,https://www.eliteprospects.com/player/540333/tuomas-uronen,2025-2026,ahl
04/05/2026,Mike Hardman,Utica Comets,52,10,9,19,0.173,0.192,0.37,0.231,-12,https://www.eliteprospects.com/player/353521/mike-hardman,2025-2026,ahl
04/05/2026,Stian Solberg,San Diego Gulls,65,10,9,19,0.138,0.154,0.29,1.477,-23,https://www.eliteprospects.com/player/619175/stian-solberg,2025-2026,ahl
04/05/2026,Arttu Hyry,Texas Stars,27,9,10,19,0.37,0.333,0.70,0.481,-1,https://www.eliteprospects.com/player/470647/arttu-hyry,2025-2026,ahl
04/05/2026,Alexander Suzdalev,Hershey Bears,36,8,11,19,0.306,0.222,0.53,0.111,-2,https://www.eliteprospects.com/player/535701/alexander-suzdalev,2025-2026,ahl
04/05/2026,Ty Gallagher,Providence Bruins,39,7,12,19,0.308,0.179,0.49,0.538,5,https://www.eliteprospects.com/player/512168/ty-gallagher,2025-2026,ahl
04/05/2026,Cameron Berg,Bridgeport Islanders,50,7,12,19,0.24,0.14,0.38,0.56,-10,https://www.eliteprospects.com/player/536648/cameron-berg,2025-2026,ahl
04/05/2026,Oliver Bonk,Lehigh Valley Phantoms,42,6,13,19,0.31,0.143,0.45,0.476,-12,https://www.eliteprospects.com/player/590255/oliver-bonk,2025-2026,ahl
04/05/2026,Isaac Ratcliffe,Milwaukee Admirals,51,6,13,19,0.255,0.118,0.37,1.196,2,https://www.eliteprospects.com/player/300398/isaac-ratcliffe,2025-2026,ahl
04/05/2026,Ryan Johnson,Rochester Americans,56,5,14,19,0.25,0.089,0.34,0.714,-12,https://www.eliteprospects.com/player/290138/ryan-johnson,2025-2026,ahl
04/05/2026,Tyson Hinds,San Diego Gulls,62,5,14,19,0.226,0.081,0.31,0.339,16,https://www.eliteprospects.com/player/485317/tyson-hinds,2025-2026,ahl
04/05/2026,Finn Harding,Wilkes-Barre/Scranton Penguins,49,2,17,19,0.347,0.041,0.39,0.776,29,https://www.eliteprospects.com/player/603127/finn-harding,2025-2026,ahl
04/05/2026,Seamus Casey,Utica Comets,29,1,18,19,0.621,0.034,0.66,0.448,-13,https://www.eliteprospects.com/player/526229/seamus-casey,2025-2026,ahl
04/05/2026,Max Jones,Bakersfield Condors,39,10,8,18,0.205,0.256,0.46,1.564,2,https://www.eliteprospects.com/player/233448/max-jones,2025-2026,ahl
04/05/2026,Jakub Stancl,Springfield Thunderbirds,54,9,9,18,0.167,0.167,0.33,0.259,-15,https://www.eliteprospects.com/player/672903/jakub-stancl,2025-2026,ahl
04/05/2026,Caedan Bankier,Iowa Wild,59,9,9,18,0.153,0.153,0.31,0.271,-12,https://www.eliteprospects.com/player/538921/caedan-bankier,2025-2026,ahl
04/05/2026,Oskar Pettersson,Belleville Senators,64,9,9,18,0.141,0.141,0.28,0.25,-7,https://www.eliteprospects.com/player/562987/oskar-pettersson,2025-2026,ahl
04/05/2026,Chris Terry,Bridgeport Islanders,50,8,10,18,0.2,0.16,0.36,0.28,-9,https://www.eliteprospects.com/player/14370/chris-terry,2025-2026,ahl
04/05/2026,Carson Lambos,Iowa Wild,63,8,10,18,0.159,0.127,0.29,0.73,-6,https://www.eliteprospects.com/player/472875/carson-lambos,2025-2026,ahl
04/05/2026,Gabriel Seger,Grand Rapids Griffins,66,8,10,18,0.152,0.121,0.27,0.303,10,https://www.eliteprospects.com/player/266077/gabriel-seger,2025-2026,ahl
04/05/2026,Jordan Dumais,Cleveland Monsters,46,7,11,18,0.239,0.152,0.39,0.174,-11,https://www.eliteprospects.com/player/568363/jordan-dumais,2025-2026,ahl
04/05/2026,Guillaume Richard,Cleveland Monsters,65,7,11,18,0.169,0.108,0.28,0.308,21,https://www.eliteprospects.com/player/551201/guillaume-richard,2025-2026,ahl
04/05/2026,Riley Duran,Providence Bruins,67,6,12,18,0.179,0.09,0.27,0.328,19,https://www.eliteprospects.com/player/552533/riley-duran,2025-2026,ahl
04/05/2026,Marc-Andre Gaudet,Springfield Thunderbirds,48,5,13,18,0.271,0.104,0.38,0.25,-15,https://www.eliteprospects.com/player/573863/marc-andre-gaudet,2025-2026,ahl
04/05/2026,Kirill Kudryavtsev,Abbotsford Canucks,41,2,16,18,0.39,0.049,0.44,0.098,-17,https://www.eliteprospects.com/player/699365/kirill-kudryavtsev,2025-2026,ahl
04/05/2026,Ethan Del Mastro,Rockford IceHogs,45,2,16,18,0.356,0.044,0.40,0.756,1,https://www.eliteprospects.com/player/525637/ethan-del-mastro,2025-2026,ahl
04/05/2026,William Wallinder,Grand Rapids Griffins,61,1,17,18,0.279,0.016,0.30,0.377,18,https://www.eliteprospects.com/player/482190/william-wallinder,2025-2026,ahl
04/05/2026,Noah Gregor,Charlotte Checkers,25,11,6,17,0.24,0.44,0.68,0.16,7,https://www.eliteprospects.com/player/162892/noah-gregor,2025-2026,ahl
04/05/2026,Nathan Legare,Utica Comets,59,11,6,17,0.102,0.186,0.29,1.254,-9,https://www.eliteprospects.com/player/296698/nathan-legare,2025-2026,ahl
04/05/2026,Gabe Perreault,Hartford Wolf Pack,20,10,7,17,0.35,0.5,0.85,0.7,5,https://www.eliteprospects.com/player/637625/gabe-perreault,2025-2026,ahl
04/05/2026,Braeden Bowman,Henderson Silver Knights,14,9,8,17,0.571,0.643,1.21,0.429,6,https://www.eliteprospects.com/player/582646/braeden-bowman,2025-2026,ahl
04/05/2026,Cam Thiesing,Bridgeport Islanders,57,9,8,17,0.14,0.158,0.30,0.754,2,https://www.eliteprospects.com/player/335885/cam-thiesing,2025-2026,ahl
04/05/2026,John Farinacci,Providence Bruins,66,8,9,17,0.136,0.121,0.26,0.121,-6,https://www.eliteprospects.com/player/445599/john-farinacci,2025-2026,ahl
04/05/2026,Lucas Condotta,Laval Rocket,67,8,9,17,0.134,0.119,0.25,1.328,6,https://www.eliteprospects.com/player/238558/lucas-condotta,2025-2026,ahl
04/05/2026,Hunter Skinner,Springfield Thunderbirds,54,7,10,17,0.185,0.13,0.31,1.13,1,https://www.eliteprospects.com/player/359531/hunter-skinner,2025-2026,ahl
04/05/2026,Jack Rathbone,Rochester Americans,46,5,12,17,0.261,0.109,0.37,0.457,-15,https://www.eliteprospects.com/player/311766/jack-rathbone,2025-2026,ahl
04/05/2026,Jack Hughes,Ontario Reign,55,5,12,17,0.218,0.091,0.31,0.473,-1,https://www.eliteprospects.com/player/617526/jack-hughes,2025-2026,ahl
04/05/2026,Jamieson Rees,Belleville Senators,56,5,12,17,0.214,0.089,0.30,0.679,-5,https://www.eliteprospects.com/player/418060/jamieson-rees,2025-2026,ahl
04/05/2026,Maveric Lamoureux,Tucson Roadrunners,59,5,12,17,0.203,0.085,0.29,1.068,2,https://www.eliteprospects.com/player/578989/maveric-lamoureux,2025-2026,ahl
04/05/2026,Aleksi Heimosalmi,Chicago Wolves,46,4,13,17,0.283,0.087,0.37,0.739,5,https://www.eliteprospects.com/player/601642/aleksi-heimosalmi,2025-2026,ahl
04/05/2026,Cam Dineen,Bakersfield Condors,34,3,14,17,0.412,0.088,0.50,0.529,0,https://www.eliteprospects.com/player/268444/cam-dineen,2025-2026,ahl
04/05/2026,Riley Stillman,Bakersfield Condors,46,3,14,17,0.304,0.065,0.37,1.717,-8,https://www.eliteprospects.com/player/252469/riley-stillman,2025-2026,ahl
04/05/2026,Sean Day,Bridgeport Islanders,57,3,14,17,0.246,0.053,0.30,0.07,-6,https://www.eliteprospects.com/player/228106/sean-day,2025-2026,ahl
04/05/2026,Scott Harrington,Belleville Senators,63,3,14,17,0.222,0.048,0.27,0.381,-13,https://www.eliteprospects.com/player/39653/scott-harrington,2025-2026,ahl
04/05/2026,Isaiah George,Bridgeport Islanders,45,2,15,17,0.333,0.044,0.38,0.4,10,https://www.eliteprospects.com/player/526091/isaiah-george,2025-2026,ahl
04/05/2026,Travis Mitchell,Bridgeport Islanders,53,1,16,17,0.302,0.019,0.32,1.642,7,https://www.eliteprospects.com/player/284033/travis-mitchell,2025-2026,ahl
04/05/2026,Angus Booth,Ontario Reign,57,1,16,17,0.281,0.018,0.30,0.596,9,https://www.eliteprospects.com/player/578244/angus-booth,2025-2026,ahl
04/05/2026,Grant Cruikshank,Hershey Bears,62,10,6,16,0.097,0.161,0.26,0.726,-13,https://www.eliteprospects.com/player/272303/grant-cruikshank,2025-2026,ahl
04/05/2026,Anthony Vincent,San Jose Barracuda,59,9,7,16,0.119,0.153,0.27,1.814,-3,https://www.eliteprospects.com/player/300460/anthony-vincent,2025-2026,ahl
04/05/2026,Keean Washkurak,Belleville Senators,57,8,8,16,0.14,0.14,0.28,1.772,-10,https://www.eliteprospects.com/player/433833/keean-washkurak,2025-2026,ahl
04/05/2026,Hudson Fasching,Cleveland Monsters,60,8,8,16,0.133,0.133,0.27,0.2,-8,https://www.eliteprospects.com/player/114801/hudson-fasching,2025-2026,ahl
04/05/2026,Denver Barkey,Lehigh Valley Phantoms,26,7,9,16,0.346,0.269,0.62,0.769,-2,https://www.eliteprospects.com/player/723026/denver-barkey,2025-2026,ahl
04/05/2026,Jacob Melanson,Coachella Valley Firebirds,26,7,9,16,0.346,0.269,0.62,1.077,7,https://www.eliteprospects.com/player/473633/jacob-melanson,2025-2026,ahl
04/05/2026,Daniel D'Amato,Bakersfield Condors,62,6,10,16,0.161,0.097,0.26,0.484,1,https://www.eliteprospects.com/player/583011/daniel-d-amato,2025-2026,ahl
04/05/2026,Owen Allard,Tucson Roadrunners,64,6,10,16,0.156,0.094,0.25,0.219,-9,https://www.eliteprospects.com/player/562236/owen-allard,2025-2026,ahl
04/05/2026,Nico Myatovic,San Diego Gulls,66,6,10,16,0.152,0.091,0.24,0.424,8,https://www.eliteprospects.com/player/650108/nico-myatovic,2025-2026,ahl
04/05/2026,Connor Mackey,Hartford Wolf Pack,56,5,11,16,0.196,0.089,0.29,1.482,-12,https://www.eliteprospects.com/player/316315/connor-mackey,2025-2026,ahl
04/05/2026,Luca Marrelli,Cleveland Monsters,30,4,12,16,0.4,0.133,0.53,0.267,-11,https://www.eliteprospects.com/player/726394/luca-marrelli,2025-2026,ahl
04/05/2026,Mikulas Hovorka,Charlotte Checkers,53,4,12,16,0.226,0.075,0.30,0.83,21,https://www.eliteprospects.com/player/425297/mikulas-hovorka,2025-2026,ahl
04/05/2026,Garrett Wilson,Lehigh Valley Phantoms,54,4,12,16,0.222,0.074,0.30,1.87,-2,https://www.eliteprospects.com/player/23809/garrett-wilson,2025-2026,ahl
04/05/2026,Jimmy Schuldt,Abbotsford Canucks,66,3,13,16,0.197,0.045,0.24,0.894,-25,https://www.eliteprospects.com/player/196941/jimmy-schuldt,2025-2026,ahl
04/05/2026,Jake Livingstone,Charlotte Checkers,48,2,14,16,0.292,0.042,0.33,0.458,12,https://www.eliteprospects.com/player/358393/jake-livingstone,2025-2026,ahl
04/05/2026,Michael Callahan,Providence Bruins,52,2,14,16,0.269,0.038,0.31,0.519,29,https://www.eliteprospects.com/player/201479/michael-callahan,2025-2026,ahl
04/05/2026,Billy Sweezey,Providence Bruins,65,1,15,16,0.231,0.015,0.25,1.169,21,https://www.eliteprospects.com/player/286681/billy-sweezey,2025-2026,ahl
04/05/2026,Carter Mazur,Grand Rapids Griffins,14,11,4,15,0.286,0.786,1.07,1.0,6,https://www.eliteprospects.com/player/201766/carter-mazur,2025-2026,ahl
04/05/2026,Tyler Pitlick,Iowa Wild,19,10,5,15,0.263,0.526,0.79,0.0,-5,https://www.eliteprospects.com/player/40064/tyler-pitlick,2025-2026,ahl
04/05/2026,Oscar Eklind,Lehigh Valley Phantoms,44,9,6,15,0.136,0.205,0.34,0.545,5,https://www.eliteprospects.com/player/233155/oscar-eklind,2025-2026,ahl
04/05/2026,Ethan Cardwell,San Jose Barracuda,24,7,8,15,0.333,0.292,0.63,0.708,2,https://www.eliteprospects.com/player/201866/ethan-cardwell,2025-2026,ahl
04/05/2026,James Malatesta,Cleveland Monsters,53,7,8,15,0.151,0.132,0.28,1.642,-1,https://www.eliteprospects.com/player/484164/james-malatesta,2025-2026,ahl
04/05/2026,Carl Grundstrom,Lehigh Valley Phantoms,19,6,9,15,0.474,0.316,0.79,0.316,5,https://www.eliteprospects.com/player/113516/carl-grundstrom,2025-2026,ahl
04/05/2026,Aaron Huglen,Wilkes-Barre/Scranton Penguins,47,6,9,15,0.191,0.128,0.32,0.383,-3,https://www.eliteprospects.com/player/485574/aaron-huglen,2025-2026,ahl
04/05/2026,Gabriel Szturc,Syracuse Crunch,55,6,9,15,0.164,0.109,0.27,0.4,-2,https://www.eliteprospects.com/player/426117/gabriel-szturc,2025-2026,ahl
04/05/2026,Ryan Chesley,Hershey Bears,60,6,9,15,0.15,0.1,0.25,0.3,-19,https://www.eliteprospects.com/player/556717/ryan-chesley,2025-2026,ahl
04/05/2026,Mattias Havelid,San Jose Barracuda,44,5,10,15,0.227,0.114,0.34,0.364,2,https://www.eliteprospects.com/player/577575/mattias-havelid,2025-2026,ahl
04/05/2026,Scott Morrow,Hartford Wolf Pack,28,4,11,15,0.393,0.143,0.54,1.75,-15,https://www.eliteprospects.com/player/201892/scott-morrow,2025-2026,ahl
04/05/2026,Otto Stenberg,Springfield Thunderbirds,33,4,11,15,0.333,0.121,0.45,0.182,4,https://www.eliteprospects.com/player/534828/otto-stenberg,2025-2026,ahl
04/05/2026,Cal Foote,Chicago Wolves,42,4,11,15,0.262,0.095,0.36,0.429,3,https://www.eliteprospects.com/player/247895/cal-foote,2025-2026,ahl
04/05/2026,Cal Burke,San Diego Gulls,53,4,11,15,0.208,0.075,0.28,0.075,-7,https://www.eliteprospects.com/player/248438/cal-burke,2025-2026,ahl
04/05/2026,Jack Peart,Iowa Wild,57,4,11,15,0.193,0.07,0.26,0.386,-20,https://www.eliteprospects.com/player/616254/jack-peart,2025-2026,ahl
04/05/2026,Nate Danielson,Grand Rapids Griffins,18,3,12,15,0.667,0.167,0.83,0.222,7,https://www.eliteprospects.com/player/562426/nate-danielson,2025-2026,ahl
04/05/2026,Ville Ottavainen,Coachella Valley Firebirds,47,3,12,15,0.255,0.064,0.32,1.426,9,https://www.eliteprospects.com/player/530727/ville-ottavainen,2025-2026,ahl
04/05/2026,Zach Metsa,Rochester Americans,19,2,13,15,0.684,0.105,0.79,0.211,4,https://www.eliteprospects.com/player/272304/zach-metsa,2025-2026,ahl
04/05/2026,Zach Aston-Reese,Cleveland Monsters,25,7,7,14,0.28,0.28,0.56,0.6,1,https://www.eliteprospects.com/player/98068/zach-aston-reese,2025-2026,ahl
04/05/2026,Anton Blidh,Hartford Wolf Pack,58,7,7,14,0.121,0.121,0.24,0.862,-20,https://www.eliteprospects.com/player/67179/anton-blidh,2025-2026,ahl
04/05/2026,Tanner Howe,Wilkes-Barre/Scranton Penguins,22,6,8,14,0.364,0.273,0.64,1.091,5,https://www.eliteprospects.com/player/647116/tanner-howe,2025-2026,ahl
04/05/2026,Michal Kunc,Tucson Roadrunners,40,6,8,14,0.2,0.15,0.35,0.25,-6,https://www.eliteprospects.com/player/267809/michal-kunc,2025-2026,ahl
04/05/2026,Reese Johnson,Toronto Marlies,43,6,8,14,0.186,0.14,0.33,0.907,-2,https://www.eliteprospects.com/player/279121/reese-johnson,2025-2026,ahl
04/05/2026,Nikita Chibrikov,Manitoba Moose,50,6,8,14,0.16,0.12,0.28,0.36,-17,https://www.eliteprospects.com/player/527467/nikita-chibrikov,2025-2026,ahl
04/05/2026,Theo Lindstein,Springfield Thunderbirds,56,6,8,14,0.143,0.107,0.25,0.321,-24,https://www.eliteprospects.com/player/704824/theo-lindstein,2025-2026,ahl
04/05/2026,Nikita Nesterenko,San Diego Gulls,31,5,9,14,0.29,0.161,0.45,0.645,-6,https://www.eliteprospects.com/player/295642/nikita-nesterenko,2025-2026,ahl
04/05/2026,Cam Squires,Utica Comets,43,5,9,14,0.209,0.116,0.33,0.14,3,https://www.eliteprospects.com/player/649026/cam-squires,2025-2026,ahl
04/05/2026,Andrei Loshko,Coachella Valley Firebirds,49,5,9,14,0.184,0.102,0.29,0.245,4,https://www.eliteprospects.com/player/707666/andrei-loshko,2025-2026,ahl
04/05/2026,Kyle Marino,Milwaukee Admirals,62,5,9,14,0.145,0.081,0.23,2.419,-2,https://www.eliteprospects.com/player/210307/kyle-marino,2025-2026,ahl
04/05/2026,Keaton Middleton,Colorado Eagles,62,4,10,14,0.161,0.065,0.23,1.016,20,https://www.eliteprospects.com/player/249597/keaton-middleton,2025-2026,ahl
04/05/2026,Robbie Russo,Tucson Roadrunners,54,3,11,14,0.204,0.056,0.26,0.37,-1,https://www.eliteprospects.com/player/38628/robbie-russo,2025-2026,ahl
04/05/2026,Viliam Kmec,Henderson Silver Knights,60,3,11,14,0.183,0.05,0.23,0.417,13,https://www.eliteprospects.com/player/527420/viliam-kmec,2025-2026,ahl
04/05/2026,Tyler Thorpe,Laval Rocket,64,3,11,14,0.172,0.047,0.22,1.062,3,https://www.eliteprospects.com/player/735110/tyler-thorpe,2025-2026,ahl
04/05/2026,Sam Rinzel,Rockford IceHogs,23,2,12,14,0.522,0.087,0.61,0.696,-8,https://www.eliteprospects.com/player/670126/sam-rinzel,2025-2026,ahl
04/05/2026,Ronnie Attard,Colorado Eagles,40,2,12,14,0.3,0.05,0.35,0.8,4,https://www.eliteprospects.com/player/284030/ronnie-attard,2025-2026,ahl
04/05/2026,Justin Holl,Grand Rapids Griffins,41,2,12,14,0.293,0.049,0.34,0.244,19,https://www.eliteprospects.com/player/46905/justin-holl,2025-2026,ahl
04/05/2026,Chase Pietila,Wilkes-Barre/Scranton Penguins,61,2,12,14,0.197,0.033,0.23,1.115,26,https://www.eliteprospects.com/player/655358/chase-pietila,2025-2026,ahl
04/05/2026,Alex Kannok Leipert,Grand Rapids Griffins,61,1,13,14,0.213,0.016,0.23,0.803,10,https://www.eliteprospects.com/player/287497/alex-kannok-leipert,2025-2026,ahl
04/05/2026,Ben Meyers,Coachella Valley Firebirds,11,9,4,13,0.364,0.818,1.18,0.182,2,https://www.eliteprospects.com/player/300838/ben-meyers,2025-2026,ahl
04/05/2026,Luke Tuch,Laval Rocket,64,9,4,13,0.062,0.141,0.20,1.141,6,https://www.eliteprospects.com/player/470086/luke-tuch,2025-2026,ahl
04/05/2026,Ryder Rolston,Milwaukee Admirals,47,7,6,13,0.128,0.149,0.28,0.17,-1,https://www.eliteprospects.com/player/369853/ryder-rolston,2025-2026,ahl
04/05/2026,Carey Terrance,Hartford Wolf Pack,65,7,6,13,0.092,0.108,0.20,0.585,-10,https://www.eliteprospects.com/player/574539/carey-terrance,2025-2026,ahl
04/05/2026,Marc McLaughlin,Utica Comets,21,6,7,13,0.333,0.286,0.62,0.286,3,https://www.eliteprospects.com/player/300610/marc-mclaughlin,2025-2026,ahl
04/05/2026,Brad Lambert,Manitoba Moose,34,6,7,13,0.206,0.176,0.38,0.529,-10,https://www.eliteprospects.com/player/414961/brad-lambert,2025-2026,ahl
04/05/2026,Luke Krys,Texas Stars,34,6,7,13,0.206,0.176,0.38,0.647,2,https://www.eliteprospects.com/player/364240/luke-krys,2025-2026,ahl
04/05/2026,Dominik Badinka,Chicago Wolves,62,6,7,13,0.113,0.097,0.21,0.194,3,https://www.eliteprospects.com/player/727927/dominik-badinka,2025-2026,ahl
04/05/2026,Sonny Milano,Hershey Bears,15,5,8,13,0.533,0.333,0.87,0.0,1,https://www.eliteprospects.com/player/189415/sonny-milano,2025-2026,ahl
04/05/2026,Devin Kaplan,Lehigh Valley Phantoms,49,5,8,13,0.163,0.102,0.27,1.265,-13,https://www.eliteprospects.com/player/526063/devin-kaplan,2025-2026,ahl
04/05/2026,Carter King,Calgary Wranglers,63,5,8,13,0.127,0.079,0.21,0.127,-11,https://www.eliteprospects.com/player/412951/carter-king,2025-2026,ahl
04/05/2026,Hunter Brzustewicz,Calgary Wranglers,34,4,9,13,0.265,0.118,0.38,0.235,-5,https://www.eliteprospects.com/player/526088/hunter-brzustewicz,2025-2026,ahl
04/05/2026,Dmitri Kuzmin,Rockford IceHogs,43,4,9,13,0.209,0.093,0.30,0.256,2,https://www.eliteprospects.com/player/618502/dmitri-kuzmin,2025-2026,ahl
04/05/2026,Mark Senden,Colorado Eagles,49,4,9,13,0.184,0.082,0.27,0.408,5,https://www.eliteprospects.com/player/300834/mark-senden,2025-2026,ahl
04/05/2026,Joe Fleming,Henderson Silver Knights,56,4,9,13,0.161,0.071,0.23,2.429,-9,https://www.eliteprospects.com/player/617531/joe-fleming,2025-2026,ahl
04/05/2026,Kirill Kirsanov,Ontario Reign,64,4,9,13,0.141,0.062,0.20,0.156,8,https://www.eliteprospects.com/player/542519/kirill-kirsanov,2025-2026,ahl
04/05/2026,Matt Benning,Toronto Marlies,29,3,10,13,0.345,0.103,0.45,0.724,3,https://www.eliteprospects.com/player/29261/matt-benning,2025-2026,ahl
04/05/2026,Shai Buium,Grand Rapids Griffins,32,3,10,13,0.312,0.094,0.41,0.188,-2,https://www.eliteprospects.com/player/512185/shai-buium,2025-2026,ahl
04/05/2026,Dylan Anhorn,Manitoba Moose,39,3,10,13,0.256,0.077,0.33,0.462,2,https://www.eliteprospects.com/player/281318/dylan-anhorn,2025-2026,ahl
04/05/2026,David Gucciardi,Hershey Bears,48,3,10,13,0.208,0.062,0.27,1.062,2,https://www.eliteprospects.com/player/504264/david-gucciardi,2025-2026,ahl
04/05/2026,Andreas Englund,Milwaukee Admirals,52,3,10,13,0.192,0.058,0.25,1.25,4,https://www.eliteprospects.com/player/115148/andreas-englund,2025-2026,ahl
04/05/2026,Artyom Duda,Tucson Roadrunners,27,2,11,13,0.407,0.074,0.48,0.815,7,https://www.eliteprospects.com/player/620321/artyom-duda,2025-2026,ahl
04/05/2026,Josh Brown,Bakersfield Condors,51,2,11,13,0.216,0.039,0.25,1.49,4,https://www.eliteprospects.com/player/82512/josh-brown,2025-2026,ahl
04/05/2026,Alex Gagne,Colorado Eagles,57,1,12,13,0.211,0.018,0.23,0.895,15,https://www.eliteprospects.com/player/510343/alex-gagne,2025-2026,ahl
04/05/2026,Logan Brown,Ontario Reign,26,0,13,13,0.5,0.0,0.50,0.231,4,https://www.eliteprospects.com/player/248391/logan-brown,2025-2026,ahl
04/05/2026,Kaden Hammell,Coachella Valley Firebirds,38,6,6,12,0.158,0.158,0.32,0.737,16,https://www.eliteprospects.com/player/535571/kaden-hammell,2025-2026,ahl
04/05/2026,Alexandre Doucet,Grand Rapids Griffins,49,6,6,12,0.122,0.122,0.24,0.286,8,https://www.eliteprospects.com/player/201898/alexandre-doucet,2025-2026,ahl
04/05/2026,Hunter St. Martin,Charlotte Checkers,42,5,7,12,0.167,0.119,0.29,0.738,5,https://www.eliteprospects.com/player/641459/hunter-st.-martin,2025-2026,ahl
04/05/2026,Landen Hookey,Belleville Senators,49,5,7,12,0.143,0.102,0.24,1.061,3,https://www.eliteprospects.com/player/640828/landen-hookey,2025-2026,ahl
04/05/2026,Brendan Warren,Rochester Americans,56,5,7,12,0.125,0.089,0.21,0.411,-7,https://www.eliteprospects.com/player/208973/brendan-warren,2025-2026,ahl
04/05/2026,Pavol Regenda,San Jose Barracuda,28,4,8,12,0.286,0.143,0.43,0.571,-3,https://www.eliteprospects.com/player/249755/pavol-regenda,2025-2026,ahl
04/05/2026,Tobias Bjornfot,Charlotte Checkers,32,4,8,12,0.25,0.125,0.38,0.312,10,https://www.eliteprospects.com/player/344751/tobias-bjornfot,2025-2026,ahl
04/05/2026,Victor Mancini,Abbotsford Canucks,33,4,8,12,0.242,0.121,0.36,0.485,1,https://www.eliteprospects.com/player/290051/victor-mancini,2025-2026,ahl
04/05/2026,Donavan Houle,San Jose Barracuda,33,4,8,12,0.242,0.121,0.36,0.818,1,https://www.eliteprospects.com/player/560870/donavan-houle,2025-2026,ahl
04/05/2026,Xavier Simoneau,Laval Rocket,43,4,8,12,0.186,0.093,0.28,1.302,8,https://www.eliteprospects.com/player/376443/xavier-simoneau,2025-2026,ahl
04/05/2026,Colby Barlow,Manitoba Moose,58,4,8,12,0.138,0.069,0.21,0.276,-4,https://www.eliteprospects.com/player/603562/colby-barlow,2025-2026,ahl
04/05/2026,Nikita Prishchepov,Colorado Eagles,22,3,9,12,0.409,0.136,0.55,1.273,3,https://www.eliteprospects.com/player/691679/nikita-prishchepov,2025-2026,ahl
04/05/2026,Turner Ottenbreit,Calgary Wranglers,55,3,9,12,0.164,0.055,0.22,1.055,-4,https://www.eliteprospects.com/player/199124/turner-ottenbreit,2025-2026,ahl
04/05/2026,Helge Grans,Lehigh Valley Phantoms,56,3,9,12,0.161,0.054,0.21,0.393,-15,https://www.eliteprospects.com/player/395302/helge-grans,2025-2026,ahl
04/05/2026,Mathieu Cataford,Henderson Silver Knights,56,3,9,12,0.161,0.054,0.21,0.393,-19,https://www.eliteprospects.com/player/597877/mathieu-cataford,2025-2026,ahl
04/05/2026,Jon McDonald,Hershey Bears,56,3,9,12,0.161,0.054,0.21,0.643,1,https://www.eliteprospects.com/player/344385/jon-mcdonald,2025-2026,ahl
04/05/2026,Caleb MacDonald,Cleveland Monsters,57,3,9,12,0.158,0.053,0.21,1.263,-6,https://www.eliteprospects.com/player/505193/caleb-macdonald,2025-2026,ahl
04/05/2026,Sebastian Aho,Wilkes-Barre/Scranton Penguins,25,2,10,12,0.4,0.08,0.48,0.32,10,https://www.eliteprospects.com/player/67208/sebastian-aho,2025-2026,ahl
04/05/2026,Ayrton Martino,Texas Stars,39,2,10,12,0.256,0.051,0.31,0.103,-8,https://www.eliteprospects.com/player/582779/ayrton-martino,2025-2026,ahl
04/05/2026,Austin Strand,Utica Comets,43,2,10,12,0.233,0.047,0.28,1.0,-4,https://www.eliteprospects.com/player/161123/austin-strand,2025-2026,ahl
04/05/2026,Noah Warren,San Diego Gulls,61,2,10,12,0.164,0.033,0.20,0.426,0,https://www.eliteprospects.com/player/574586/noah-warren,2025-2026,ahl
04/05/2026,Ashton Sautner,Manitoba Moose,61,2,10,12,0.164,0.033,0.20,0.787,5,https://www.eliteprospects.com/player/84404/ashton-sautner,2025-2026,ahl
04/05/2026,Luke Rowe,Bridgeport Islanders,58,1,11,12,0.19,0.017,0.21,1.414,9,https://www.eliteprospects.com/player/322571/luke-rowe,2025-2026,ahl
04/05/2026,Ryan Mast,Rockford IceHogs,41,0,12,12,0.293,0.0,0.29,0.341,4,https://www.eliteprospects.com/player/512167/ryan-mast,2025-2026,ahl
04/05/2026,Chase Bradley,Colorado Eagles,38,8,3,11,0.079,0.211,0.29,1.105,9,https://www.eliteprospects.com/player/201795/chase-bradley,2025-2026,ahl
04/05/2026,Hayden Hodgson,Belleville Senators,45,6,5,11,0.111,0.133,0.24,2.378,-13,https://www.eliteprospects.com/player/188193/hayden-hodgson,2025-2026,ahl
04/05/2026,Bokondji Imama,Wilkes-Barre/Scranton Penguins,62,6,5,11,0.081,0.097,0.18,1.774,0,https://www.eliteprospects.com/player/151711/bokondji-imama,2025-2026,ahl
04/05/2026,Maros Jedlicka,Colorado Eagles,41,5,6,11,0.146,0.122,0.27,0.732,4,https://www.eliteprospects.com/player/472350/maros-jedlicka,2025-2026,ahl
04/05/2026,Pierrick Dube,Bridgeport Islanders,20,4,7,11,0.35,0.2,0.55,0.4,3,https://www.eliteprospects.com/player/410529/pierrick-dube,2025-2026,ahl
04/05/2026,Spencer Smallman,Hershey Bears,24,4,7,11,0.292,0.167,0.46,0.625,2,https://www.eliteprospects.com/player/166979/spencer-smallman,2025-2026,ahl
04/05/2026,Zach Dean,Springfield Thunderbirds,30,4,7,11,0.233,0.133,0.37,0.8,0,https://www.eliteprospects.com/player/492218/zach-dean,2025-2026,ahl
04/05/2026,Jakov Novak,Coachella Valley Firebirds,34,4,7,11,0.206,0.118,0.32,0.353,5,https://www.eliteprospects.com/player/269880/jakov-novak,2025-2026,ahl
04/05/2026,Mitchell Vande Sompel,Charlotte Checkers,36,4,7,11,0.194,0.111,0.31,0.472,14,https://www.eliteprospects.com/player/204918/mitchell-vande-sompel,2025-2026,ahl
04/05/2026,Brandon Scanlin,Hartford Wolf Pack,43,4,7,11,0.163,0.093,0.26,0.953,-6,https://www.eliteprospects.com/player/283287/brandon-scanlin,2025-2026,ahl
04/05/2026,Vsevolod Komarov,Rochester Americans,52,4,7,11,0.135,0.077,0.21,0.942,-2,https://www.eliteprospects.com/player/709023/vsevolod-komarov,2025-2026,ahl
04/05/2026,Martin Misiak,Rockford IceHogs,58,4,7,11,0.121,0.069,0.19,0.5,-6,https://www.eliteprospects.com/player/527425/martin-misiak,2025-2026,ahl
04/05/2026,Kyle McDonald,Texas Stars,27,3,8,11,0.296,0.111,0.41,0.37,1,https://www.eliteprospects.com/player/413652/kyle-mcdonald,2025-2026,ahl
04/05/2026,Luke Prokop,Bakersfield Condors,41,3,8,11,0.195,0.073,0.27,0.439,-4,https://www.eliteprospects.com/player/201923/luke-prokop,2025-2026,ahl
04/05/2026,Marek Alscher,Charlotte Checkers,51,3,8,11,0.157,0.059,0.22,0.627,18,https://www.eliteprospects.com/player/537884/marek-alscher,2025-2026,ahl
04/05/2026,Declan Carlile,Syracuse Crunch,16,2,9,11,0.562,0.125,0.69,1.688,1,https://www.eliteprospects.com/player/276195/declan-carlile,2025-2026,ahl
04/05/2026,Samuel Johannesson,Springfield Thunderbirds,26,2,9,11,0.346,0.077,0.42,0.308,-20,https://www.eliteprospects.com/player/342865/samuel-johannesson,2025-2026,ahl
04/05/2026,Ryan McGregor,Tucson Roadrunners,35,2,9,11,0.257,0.057,0.31,0.4,1,https://www.eliteprospects.com/player/289231/ryan-mcgregor,2025-2026,ahl
04/05/2026,Caden Price,Coachella Valley Firebirds,42,2,9,11,0.214,0.048,0.26,0.357,3,https://www.eliteprospects.com/player/607323/caden-price,2025-2026,ahl
04/05/2026,Jake Wise,Colorado Eagles,46,2,9,11,0.196,0.043,0.24,0.261,2,https://www.eliteprospects.com/player/268432/jake-wise,2025-2026,ahl
04/05/2026,Andrew Gibson,Milwaukee Admirals,64,2,9,11,0.141,0.031,0.17,1.219,3,https://www.eliteprospects.com/player/702313/andrew-gibson,2025-2026,ahl
04/05/2026,Lukas Dragicevic,Coachella Valley Firebirds,43,1,10,11,0.233,0.023,0.26,0.512,-4,https://www.eliteprospects.com/player/529817/lukas-dragicevic,2025-2026,ahl
04/05/2026,Nate Clurman,Laval Rocket,58,1,10,11,0.172,0.017,0.19,0.345,3,https://www.eliteprospects.com/player/353810/nate-clurman,2025-2026,ahl
04/05/2026,Joseph LaBate,Abbotsford Canucks,23,6,4,10,0.174,0.261,0.43,2.783,-15,https://www.eliteprospects.com/player/75066/joseph-labate,2025-2026,ahl
04/05/2026,Tate Singleton,Cleveland Monsters,36,6,4,10,0.111,0.167,0.28,1.333,-1,https://www.eliteprospects.com/player/362340/tate-singleton,2025-2026,ahl
04/05/2026,Matvei Petrov,Bakersfield Condors,34,5,5,10,0.147,0.147,0.29,0.118,-3,https://www.eliteprospects.com/player/527464/matvei-petrov,2025-2026,ahl
04/05/2026,Nick Poisson,Abbotsford Canucks,41,5,5,10,0.122,0.122,0.24,0.146,-8,https://www.eliteprospects.com/player/473851/nick-poisson,2025-2026,ahl
04/05/2026,MacKenzie Entwistle,Charlotte Checkers,46,5,5,10,0.109,0.109,0.22,0.891,7,https://www.eliteprospects.com/player/273678/mackenzie-entwistle,2025-2026,ahl
04/05/2026,Michael Buchinger,Springfield Thunderbirds,52,5,5,10,0.096,0.096,0.19,0.538,-7,https://www.eliteprospects.com/player/526053/michael-buchinger,2025-2026,ahl
04/05/2026,Julian Lutz,Tucson Roadrunners,52,5,5,10,0.096,0.096,0.19,0.885,-10,https://www.eliteprospects.com/player/601111/julian-lutz,2025-2026,ahl
04/05/2026,Eetu Liukas,Bridgeport Islanders,24,4,6,10,0.25,0.167,0.42,0.5,4,https://www.eliteprospects.com/player/470708/eetu-liukas,2025-2026,ahl
04/05/2026,Michael Pezzetta,Toronto Marlies,38,4,6,10,0.158,0.105,0.26,1.368,-7,https://www.eliteprospects.com/player/269038/michael-pezzetta,2025-2026,ahl
04/05/2026,Miko Matikka,Tucson Roadrunners,46,4,6,10,0.13,0.087,0.22,0.413,-13,https://www.eliteprospects.com/player/628519/miko-matikka,2025-2026,ahl
04/05/2026,Jaycob Megna,Henderson Silver Knights,58,4,6,10,0.103,0.069,0.17,0.5,17,https://www.eliteprospects.com/player/84762/jaycob-megna,2025-2026,ahl
04/05/2026,Noah Ostlund,Rochester Americans,7,3,7,10,1.0,0.429,1.43,0.286,0,https://www.eliteprospects.com/player/535699/noah-ostlund,2025-2026,ahl
04/05/2026,Ryan Graves,Wilkes-Barre/Scranton Penguins,15,3,7,10,0.467,0.2,0.67,0.267,4,https://www.eliteprospects.com/player/103763/ryan-graves,2025-2026,ahl
04/05/2026,Ludvig Jansson,Charlotte Checkers,29,3,7,10,0.241,0.103,0.34,0.414,1,https://www.eliteprospects.com/player/590628/ludvig-jansson,2025-2026,ahl
04/05/2026,Alexander Alexeyev,Wilkes-Barre/Scranton Penguins,36,3,7,10,0.194,0.083,0.28,0.583,7,https://www.eliteprospects.com/player/333787/alexander-alexeyev,2025-2026,ahl
04/05/2026,Tobie Paquette-Bisson,Laval Rocket,44,3,7,10,0.159,0.068,0.23,0.318,16,https://www.eliteprospects.com/player/213820/tobie-paquette-bisson,2025-2026,ahl
04/05/2026,Matt Kiersted,Iowa Wild,46,3,7,10,0.152,0.065,0.22,0.783,-2,https://www.eliteprospects.com/player/291904/matt-kiersted,2025-2026,ahl
04/05/2026,David Goyette,Coachella Valley Firebirds,47,3,7,10,0.149,0.064,0.21,1.447,3,https://www.eliteprospects.com/player/562220/david-goyette,2025-2026,ahl
04/05/2026,Cameron Crotty,Belleville Senators,49,3,7,10,0.143,0.061,0.20,0.592,-4,https://www.eliteprospects.com/player/299556/cameron-crotty,2025-2026,ahl
04/05/2026,Braden Hache,San Jose Barracuda,66,3,7,10,0.106,0.045,0.15,1.682,7,https://www.eliteprospects.com/player/614397/braden-hache,2025-2026,ahl
04/05/2026,Phil Kemp,Wilkes-Barre/Scranton Penguins,67,3,7,10,0.104,0.045,0.15,0.836,2,https://www.eliteprospects.com/player/311901/phil-kemp,2025-2026,ahl
04/05/2026,Beau Akey,Bakersfield Condors,42,2,8,10,0.19,0.048,0.24,0.524,12,https://www.eliteprospects.com/player/613079/beau-akey,2025-2026,ahl
04/05/2026,Kevin Gravel,Milwaukee Admirals,63,2,8,10,0.127,0.032,0.16,0.651,-12,https://www.eliteprospects.com/player/35674/kevin-gravel,2025-2026,ahl
04/05/2026,Jackson Dorrington,Hartford Wolf Pack,64,2,8,10,0.125,0.031,0.16,1.0,-11,https://www.eliteprospects.com/player/603639/jackson-dorrington,2025-2026,ahl
04/05/2026,Montana Onyebuchi,Tucson Roadrunners,42,1,9,10,0.214,0.024,0.24,1.5,-9,https://www.eliteprospects.com/player/351091/montana-onyebuchi,2025-2026,ahl
04/05/2026,Simon Lundmark,Syracuse Crunch,51,1,9,10,0.176,0.02,0.20,0.431,-2,https://www.eliteprospects.com/player/344757/simon-lundmark,2025-2026,ahl
04/05/2026,Oliver Moore,Rockford IceHogs,9,6,3,9,0.333,0.667,1.00,0.222,8,https://www.eliteprospects.com/player/603195/oliver-moore,2025-2026,ahl
04/05/2026,Vilmer Alriksson,Abbotsford Canucks,43,6,3,9,0.07,0.14,0.21,1.302,-28,https://www.eliteprospects.com/player/617583/vilmer-alriksson,2025-2026,ahl
04/05/2026,Bradley Marek,Iowa Wild,52,6,3,9,0.058,0.115,0.17,1.269,-1,https://www.eliteprospects.com/player/370261/bradley-marek,2025-2026,ahl
04/05/2026,Gleb Trikozov,Chicago Wolves,41,5,4,9,0.098,0.122,0.22,0.756,-5,https://www.eliteprospects.com/player/690807/gleb-trikozov,2025-2026,ahl
04/05/2026,Lucas Ciona,Calgary Wranglers,46,5,4,9,0.087,0.109,0.20,1.761,-2,https://www.eliteprospects.com/player/475634/lucas-ciona,2025-2026,ahl
04/05/2026,Kyle Looft,Texas Stars,36,4,5,9,0.139,0.111,0.25,0.5,-10,https://www.eliteprospects.com/player/306341/kyle-looft,2025-2026,ahl
04/05/2026,Ian McKinnon,Coachella Valley Firebirds,54,4,5,9,0.093,0.074,0.17,4.537,0,https://www.eliteprospects.com/player/267844/ian-mckinnon,2025-2026,ahl
04/05/2026,Chase Stillman,Abbotsford Canucks,24,3,6,9,0.25,0.125,0.38,2.0,-4,https://www.eliteprospects.com/player/503174/chase-stillman,2025-2026,ahl
04/05/2026,Tommy Miller,Syracuse Crunch,50,3,6,9,0.12,0.06,0.18,0.5,6,https://www.eliteprospects.com/player/233517/tommy-miller,2025-2026,ahl
04/05/2026,Connor Mylymok,Rockford IceHogs,50,3,6,9,0.12,0.06,0.18,3.74,-11,https://www.eliteprospects.com/player/352007/connor-mylymok,2025-2026,ahl
04/05/2026,Jacob MacDonald,Colorado Eagles,12,2,7,9,0.583,0.167,0.75,0.167,0,https://www.eliteprospects.com/player/60064/jacob-macdonald,2025-2026,ahl
04/05/2026,Alexander Holtz,Henderson Silver Knights,12,2,7,9,0.583,0.167,0.75,0.167,2,https://www.eliteprospects.com/player/344808/alexander-holtz,2025-2026,ahl
04/05/2026,Lleyton Moore,Tucson Roadrunners,27,1,8,9,0.296,0.037,0.33,0.148,-5,https://www.eliteprospects.com/player/201922/lleyton-moore,2025-2026,ahl
04/05/2026,Elias Salomonsson,Manitoba Moose,29,1,8,9,0.276,0.034,0.31,0.345,-2,https://www.eliteprospects.com/player/574931/elias-salomonsson,2025-2026,ahl
04/05/2026,Joel Nystrom,Chicago Wolves,32,1,8,9,0.25,0.031,0.28,0.375,2,https://www.eliteprospects.com/player/394715/joel-nystrom,2025-2026,ahl
04/05/2026,Vladislav Kolyachonok,Texas Stars,34,1,8,9,0.235,0.029,0.26,0.412,2,https://www.eliteprospects.com/player/490232/vladislav-kolyachonok,2025-2026,ahl
04/05/2026,Jack Malone,Utica Comets,45,1,8,9,0.178,0.022,0.20,0.222,0,https://www.eliteprospects.com/player/364031/jack-malone,2025-2026,ahl
04/05/2026,Blake Smith,Toronto Marlies,58,1,8,9,0.138,0.017,0.16,1.862,9,https://www.eliteprospects.com/player/709899/blake-smith,2025-2026,ahl
04/05/2026,Mackenzie MacEachern,Abbotsford Canucks,21,6,2,8,0.095,0.286,0.38,0.381,-9,https://www.eliteprospects.com/player/183505/mackenzie-maceachern,2025-2026,ahl
04/05/2026,Scott Sabourin,Syracuse Crunch,24,6,2,8,0.083,0.25,0.33,0.917,2,https://www.eliteprospects.com/player/45588/scott-sabourin,2025-2026,ahl
04/05/2026,Fyodor Svechkov,Milwaukee Admirals,10,5,3,8,0.3,0.5,0.80,0.4,1,https://www.eliteprospects.com/player/693396/fyodor-svechkov,2025-2026,ahl
04/05/2026,Matteo Costantini,Rochester Americans,26,5,3,8,0.115,0.192,0.31,0.077,-6,https://www.eliteprospects.com/player/504013/matteo-costantini,2025-2026,ahl
04/05/2026,Marc Gatcomb,Bridgeport Islanders,15,4,4,8,0.267,0.267,0.53,0.4,-4,https://www.eliteprospects.com/player/446950/marc-gatcomb,2025-2026,ahl
04/05/2026,Brendan Hoffman,San Jose Barracuda,18,4,4,8,0.222,0.222,0.44,0.0,2,https://www.eliteprospects.com/player/530039/brendan-hoffman,2025-2026,ahl
04/05/2026,Jack Ricketts,Tucson Roadrunners,27,4,4,8,0.148,0.148,0.30,0.37,3,https://www.eliteprospects.com/player/300356/jack-ricketts,2025-2026,ahl
04/05/2026,Jackson Cates,Rockford IceHogs,29,4,4,8,0.138,0.138,0.28,0.207,-12,https://www.eliteprospects.com/player/353776/jackson-cates,2025-2026,ahl
04/05/2026,Mark Duarte,Belleville Senators,36,4,4,8,0.111,0.111,0.22,0.333,-1,https://www.eliteprospects.com/player/534262/mark-duarte,2025-2026,ahl
04/05/2026,Daniel Walcott,Hartford Wolf Pack,38,4,4,8,0.105,0.105,0.21,1.342,-7,https://www.eliteprospects.com/player/257725/daniel-walcott,2025-2026,ahl
04/05/2026,Alex Steeves,Providence Bruins,9,3,5,8,0.556,0.333,0.89,0.222,3,https://www.eliteprospects.com/player/354353/alex-steeves,2025-2026,ahl
04/05/2026,Noah Philp,Chicago Wolves,23,3,5,8,0.217,0.13,0.35,0.739,-4,https://www.eliteprospects.com/player/198306/noah-philp,2025-2026,ahl
04/05/2026,Jujhar Khaira,Abbotsford Canucks,40,3,5,8,0.125,0.075,0.20,1.275,-16,https://www.eliteprospects.com/player/93577/jujhar-khaira,2025-2026,ahl
04/05/2026,Dillon Boucher,Rockford IceHogs,48,3,5,8,0.104,0.062,0.17,2.333,-6,https://www.eliteprospects.com/player/195762/dillon-boucher,2025-2026,ahl
04/05/2026,Melvin Fernstrom,Wilkes-Barre/Scranton Penguins,14,2,6,8,0.429,0.143,0.57,0.0,3,https://www.eliteprospects.com/player/619006/melvin-fernstrom,2025-2026,ahl
04/05/2026,Max McCue,Cleveland Monsters,26,2,6,8,0.231,0.077,0.31,1.5,-9,https://www.eliteprospects.com/player/475247/max-mccue,2025-2026,ahl
04/05/2026,Chas Sharpe,Toronto Marlies,32,2,6,8,0.188,0.062,0.25,0.438,1,https://www.eliteprospects.com/player/582499/chas-sharpe,2025-2026,ahl
04/05/2026,Noah Laaouan,Rochester Americans,35,2,6,8,0.171,0.057,0.23,0.571,-6,https://www.eliteprospects.com/player/294620/noah-laaouan,2025-2026,ahl
04/05/2026,Jack Millar,Ontario Reign,36,2,6,8,0.167,0.056,0.22,0.306,14,https://www.eliteprospects.com/player/376625/jack-millar,2025-2026,ahl
04/05/2026,Blake Hillman,Hartford Wolf Pack,40,2,6,8,0.15,0.05,0.20,0.05,-6,https://www.eliteprospects.com/player/248356/blake-hillman,2025-2026,ahl
04/05/2026,Adam Ginning,Lehigh Valley Phantoms,42,2,6,8,0.143,0.048,0.19,0.619,-3,https://www.eliteprospects.com/player/281968/adam-ginning,2025-2026,ahl
04/05/2026,David Silye,Calgary Wranglers,54,2,6,8,0.111,0.037,0.15,0.407,-7,https://www.eliteprospects.com/player/299441/david-silye,2025-2026,ahl
04/05/2026,Mason Millman,Bakersfield Condors,44,1,7,8,0.159,0.023,0.18,0.341,5,https://www.eliteprospects.com/player/418350/mason-millman,2025-2026,ahl
04/05/2026,Dino Kambeitz,Abbotsford Canucks,60,1,7,8,0.117,0.017,0.13,0.883,-7,https://www.eliteprospects.com/player/354044/dino-kambeitz,2025-2026,ahl
04/05/2026,C.J. Smith,Bridgeport Islanders,17,0,8,8,0.471,0.0,0.47,0.471,-4,https://www.eliteprospects.com/player/151013/c.j.-smith,2025-2026,ahl
04/05/2026,Jakub Dvorak,Ontario Reign,43,4,3,7,0.07,0.093,0.16,0.907,7,https://www.eliteprospects.com/player/619016/jakub-dvo%C5%99ak,2025-2026,ahl
04/05/2026,Ryan Sandelin,Iowa Wild,54,4,3,7,0.056,0.074,0.13,0.296,-9,https://www.eliteprospects.com/player/311758/ryan-sandelin,2025-2026,ahl
04/05/2026,Alec Regula,Bakersfield Condors,14,3,4,7,0.286,0.214,0.50,1.5,1,https://www.eliteprospects.com/player/283940/alec-regula,2025-2026,ahl
04/05/2026,Cam Allen,Hershey Bears,22,3,4,7,0.182,0.136,0.32,1.0,1,https://www.eliteprospects.com/player/740681/cam-allen,2025-2026,ahl
04/05/2026,Charles-Alexis Legault,Chicago Wolves,22,3,4,7,0.182,0.136,0.32,2.182,1,https://www.eliteprospects.com/player/485094/charles-alexis-legault,2025-2026,ahl
04/05/2026,Bryan Yoon,Colorado Eagles,41,3,4,7,0.098,0.073,0.17,0.195,6,https://www.eliteprospects.com/player/272201/bryan-yoon,2025-2026,ahl
04/05/2026,Dmitri Osipov,Utica Comets,49,3,4,7,0.082,0.061,0.14,1.204,3,https://www.eliteprospects.com/player/250313/dmitri-osipov,2025-2026,ahl
04/05/2026,Carson Bantle,Grand Rapids Griffins,52,3,4,7,0.077,0.058,0.13,1.058,0,https://www.eliteprospects.com/player/201849/carson-bantle,2025-2026,ahl
04/05/2026,Bennett Schimek,Abbotsford Canucks,9,2,5,7,0.556,0.222,0.78,0.444,-4,https://www.eliteprospects.com/player/512109/bennett-schimek,2025-2026,ahl
04/05/2026,Kai Schwindt,Charlotte Checkers,31,2,5,7,0.161,0.065,0.23,0.194,2,https://www.eliteprospects.com/player/713317/kai-schwindt,2025-2026,ahl
04/05/2026,Cavan Fitzgerald,Rockford IceHogs,34,2,5,7,0.147,0.059,0.21,1.5,-3,https://www.eliteprospects.com/player/193114/cavan-fitzgerald,2025-2026,ahl
04/05/2026,Taige Harding,Rockford IceHogs,43,2,5,7,0.116,0.047,0.16,2.395,-3,https://www.eliteprospects.com/player/201918/taige-harding,2025-2026,ahl
04/05/2026,Kyle Burroughs,Ontario Reign,18,1,6,7,0.333,0.056,0.39,0.556,8,https://www.eliteprospects.com/player/87758/kyle-burroughs,2025-2026,ahl
04/05/2026,Eamon Powell,Charlotte Checkers,21,1,6,7,0.286,0.048,0.33,0.857,-5,https://www.eliteprospects.com/player/480401/eamon-powell,2025-2026,ahl
04/05/2026,Ivan Ryabkin,Chicago Wolves,25,1,6,7,0.24,0.04,0.28,2.24,-2,https://www.eliteprospects.com/player/690132/ivan-ryabkin,2025-2026,ahl
04/05/2026,Nikita Susuyev,Springfield Thunderbirds,33,1,6,7,0.182,0.03,0.21,0.364,-11,https://www.eliteprospects.com/player/691473/nikita-susuyev,2025-2026,ahl
04/05/2026,Cooper Moore,Hartford Wolf Pack,36,1,6,7,0.167,0.028,0.19,1.056,-3,https://www.eliteprospects.com/player/424450/cooper-moore,2025-2026,ahl
04/05/2026,Sam Lipkin,Tucson Roadrunners,39,1,6,7,0.154,0.026,0.18,0.641,10,https://www.eliteprospects.com/player/478367/sam-lipkin,2025-2026,ahl
04/05/2026,Austin Roest,Milwaukee Admirals,40,1,6,7,0.15,0.025,0.18,0.55,-8,https://www.eliteprospects.com/player/691875/austin-roest,2025-2026,ahl
04/05/2026,Jarred Tinordi,Syracuse Crunch,40,1,6,7,0.15,0.025,0.18,2.05,6,https://www.eliteprospects.com/player/20706/jarred-tinordi,2025-2026,ahl
04/05/2026,Vincent Iorio,San Jose Barracuda,6,0,7,7,1.167,0.0,1.17,0.667,7,https://www.eliteprospects.com/player/201802/vincent-iorio,2025-2026,ahl
04/05/2026,Mikael Diotte,Utica Comets,47,0,7,7,0.149,0.0,0.15,0.745,-9,https://www.eliteprospects.com/player/502341/mikael-diotte,2025-2026,ahl
04/05/2026,Nikolai Knyzhov,Abbotsford Canucks,58,0,7,7,0.121,0.0,0.12,0.224,-18,https://www.eliteprospects.com/player/308784/nikolai-knyzhov,2025-2026,ahl
04/05/2026,Juuso Parssinen,Hartford Wolf Pack,14,5,1,6,0.071,0.357,0.43,0.286,-1,https://www.eliteprospects.com/player/396656/juuso-parssinen,2025-2026,ahl
04/05/2026,Sloan Stanick,Henderson Silver Knights,12,4,2,6,0.167,0.333,0.50,0.167,1,https://www.eliteprospects.com/player/527498/sloan-stanick,2025-2026,ahl
04/05/2026,Tomas Hamara,Belleville Senators,48,4,2,6,0.042,0.083,0.13,0.375,-4,https://www.eliteprospects.com/player/559537/tomas-hamara,2025-2026,ahl
04/05/2026,Kalan Lind,Milwaukee Admirals,21,3,3,6,0.143,0.143,0.29,2.19,-7,https://www.eliteprospects.com/player/569175/kalan-lind,2025-2026,ahl
04/05/2026,Colton Huard,Charlotte Checkers,26,3,3,6,0.115,0.115,0.23,1.154,7,https://www.eliteprospects.com/player/439058/colton-huard,2025-2026,ahl
04/05/2026,Lucas Vanroboys,San Jose Barracuda,27,3,3,6,0.111,0.111,0.22,2.111,-1,https://www.eliteprospects.com/player/349153/lucas-vanroboys,2025-2026,ahl
04/05/2026,Sean Chisholm,Texas Stars,46,3,3,6,0.065,0.065,0.13,0.935,-4,https://www.eliteprospects.com/player/502051/sean-chisholm,2025-2026,ahl
04/05/2026,Brody Lamb,Hartford Wolf Pack,9,2,4,6,0.444,0.222,0.67,0.222,-1,https://www.eliteprospects.com/player/623805/brody-lamb,2025-2026,ahl
04/05/2026,Raivis Ansons,Wilkes-Barre/Scranton Penguins,29,2,4,6,0.138,0.069,0.21,0.517,-1,https://www.eliteprospects.com/player/477490/raivis-ansons,2025-2026,ahl
04/05/2026,Ty Murchison,Lehigh Valley Phantoms,29,2,4,6,0.138,0.069,0.21,1.586,12,https://www.eliteprospects.com/player/512190/ty-murchison,2025-2026,ahl
04/05/2026,Justin Ertel,Texas Stars,41,2,4,6,0.098,0.049,0.15,0.585,-10,https://www.eliteprospects.com/player/529245/justin-ertel,2025-2026,ahl
04/05/2026,Leo Loof,Springfield Thunderbirds,46,2,4,6,0.087,0.043,0.13,0.63,-2,https://www.eliteprospects.com/player/412461/leo-loof,2025-2026,ahl
04/05/2026,Joe Arntsen,Abbotsford Canucks,61,2,4,6,0.066,0.033,0.10,1.508,-18,https://www.eliteprospects.com/player/483623/joe-arntsen,2025-2026,ahl
04/05/2026,Jack St. Ivany,Wilkes-Barre/Scranton Penguins,8,1,5,6,0.625,0.125,0.75,0.5,4,https://www.eliteprospects.com/player/300076/jack-st.-ivany,2025-2026,ahl
04/05/2026,Leon Muggli,Hershey Bears,23,1,5,6,0.217,0.043,0.26,0.087,4,https://www.eliteprospects.com/player/795529/leon-muggli,2025-2026,ahl
04/05/2026,Eriks Mateiko,Hershey Bears,27,1,5,6,0.185,0.037,0.22,0.593,1,https://www.eliteprospects.com/player/620208/eriks-mateiko,2025-2026,ahl
04/05/2026,Isaac Belliveau,Rochester Americans,29,1,5,6,0.172,0.034,0.21,1.138,-5,https://www.eliteprospects.com/player/340655/isaac-belliveau,2025-2026,ahl
04/05/2026,Brandon Hickey,Henderson Silver Knights,32,1,5,6,0.156,0.031,0.19,0.531,1,https://www.eliteprospects.com/player/64587/brandon-hickey,2025-2026,ahl
04/05/2026,Tommy Bergsland,Texas Stars,34,1,5,6,0.147,0.029,0.18,0.353,-1,https://www.eliteprospects.com/player/493505/tommy-bergsland,2025-2026,ahl
04/05/2026,Simon Robertsson,Springfield Thunderbirds,36,1,5,6,0.139,0.028,0.17,0.528,-13,https://www.eliteprospects.com/player/473175/simon-robertsson,2025-2026,ahl
04/05/2026,Aaron Ness,Hershey Bears,36,1,5,6,0.139,0.028,0.17,0.667,-6,https://www.eliteprospects.com/player/17497/aaron-ness,2025-2026,ahl
04/05/2026,Etienne Morin,Calgary Wranglers,38,1,5,6,0.132,0.026,0.16,0.263,-5,https://www.eliteprospects.com/player/599308/etienne-morin,2025-2026,ahl
04/05/2026,Graham Slaggert,Rochester Americans,52,1,5,6,0.096,0.019,0.12,0.154,-7,https://www.eliteprospects.com/player/284012/graham-slaggert,2025-2026,ahl
04/05/2026,Victor Eklund,Bridgeport Islanders,4,0,6,6,1.5,0.0,1.50,0.5,6,https://www.eliteprospects.com/player/769966/victor-eklund,2025-2026,ahl
04/05/2026,Steven Santini,Syracuse Crunch,33,0,6,6,0.182,0.0,0.18,0.303,10,https://www.eliteprospects.com/player/96780/steven-santini,2025-2026,ahl
04/05/2026,Hunter McDonald,Lehigh Valley Phantoms,60,0,6,6,0.1,0.0,0.10,1.367,-1,https://www.eliteprospects.com/player/508274/hunter-mcdonald,2025-2026,ahl
04/05/2026,Vincent Arseneau,Laval Rocket,20,5,0,5,0.0,0.25,0.25,0.8,2,https://www.eliteprospects.com/player/37069/vincent-arseneau,2025-2026,ahl
04/05/2026,Josh Filmon,Utica Comets,28,4,1,5,0.036,0.143,0.18,0.5,1,https://www.eliteprospects.com/player/572099/josh-filmon,2025-2026,ahl
04/05/2026,Cooper Flinton,Syracuse Crunch,47,4,1,5,0.021,0.085,0.11,0.872,0,https://www.eliteprospects.com/player/648425/cooper-flinton,2025-2026,ahl
04/05/2026,Dominic James,Syracuse Crunch,4,3,2,5,0.5,0.75,1.25,0.0,3,https://www.eliteprospects.com/player/418282/dominic-james,2025-2026,ahl
04/05/2026,Dalibor Dvorsky,Springfield Thunderbirds,6,3,2,5,0.333,0.5,0.83,0.667,-4,https://www.eliteprospects.com/player/527424/dalibor-dvorsky,2025-2026,ahl
04/05/2026,Liam Ohgren,Iowa Wild,9,3,2,5,0.222,0.333,0.56,0.0,-3,https://www.eliteprospects.com/player/535698/liam-ohgren,2025-2026,ahl
04/05/2026,Jacob Perreault,Providence Bruins,14,3,2,5,0.143,0.214,0.36,0.0,2,https://www.eliteprospects.com/player/418243/jacob-perreault,2025-2026,ahl
04/05/2026,Redmond Savage,Rochester Americans,23,3,2,5,0.087,0.13,0.22,0.522,0,https://www.eliteprospects.com/player/512173/redmond-savage,2025-2026,ahl
04/05/2026,Will Dineen,Laval Rocket,32,3,2,5,0.062,0.094,0.16,0.906,5,https://www.eliteprospects.com/player/393076/will-dineen,2025-2026,ahl
04/05/2026,Ethan Keppen,Bakersfield Condors,40,3,2,5,0.05,0.075,0.13,1.5,-3,https://www.eliteprospects.com/player/418534/ethan-keppen,2025-2026,ahl
04/05/2026,Otto Salin,Ontario Reign,41,3,2,5,0.049,0.073,0.12,0.537,-3,https://www.eliteprospects.com/player/638727/otto-salin,2025-2026,ahl
04/05/2026,Zayne Parekh,Calgary Wranglers,4,2,3,5,0.75,0.5,1.25,0.5,1,https://www.eliteprospects.com/player/535574/zayne-parekh,2025-2026,ahl
04/05/2026,Tim Rego,Ontario Reign,14,2,3,5,0.214,0.143,0.36,0.429,6,https://www.eliteprospects.com/player/393782/tim-rego,2025-2026,ahl
04/05/2026,Liam McLinskey,Charlotte Checkers,22,2,3,5,0.136,0.091,0.23,0.364,2,https://www.eliteprospects.com/player/445714/liam-mclinskey,2025-2026,ahl
04/05/2026,Coulson Pitre,San Diego Gulls,23,2,3,5,0.13,0.087,0.22,0.174,-1,https://www.eliteprospects.com/player/672925/coulson-pitre,2025-2026,ahl
04/05/2026,Lucas Johansen,Henderson Silver Knights,24,2,3,5,0.125,0.083,0.21,0.25,-4,https://www.eliteprospects.com/player/199937/lucas-johansen,2025-2026,ahl
04/05/2026,Kenta Isogai,Ontario Reign,25,2,3,5,0.12,0.08,0.20,0.08,-2,https://www.eliteprospects.com/player/582267/kenta-isogai,2025-2026,ahl
04/05/2026,Cooper Walker,Abbotsford Canucks,33,2,3,5,0.091,0.061,0.15,0.121,-5,https://www.eliteprospects.com/player/505198/cooper-walker,2025-2026,ahl
04/05/2026,Nolan Renwick,Wilkes-Barre/Scranton Penguins,42,2,3,5,0.071,0.048,0.12,0.738,0,https://www.eliteprospects.com/player/352027/nolan-renwick,2025-2026,ahl
04/05/2026,Parker Bell,Calgary Wranglers,51,2,3,5,0.059,0.039,0.10,0.667,-14,https://www.eliteprospects.com/player/539062/parker-bell,2025-2026,ahl
04/05/2026,Dalton Smith,Hershey Bears,56,2,3,5,0.054,0.036,0.09,1.518,-18,https://www.eliteprospects.com/player/30923/dalton-smith,2025-2026,ahl
04/05/2026,Josh Jacobs,Laval Rocket,17,1,4,5,0.235,0.059,0.29,0.235,5,https://www.eliteprospects.com/player/168704/josh-jacobs,2025-2026,ahl
04/05/2026,Zach Uens,Coachella Valley Firebirds,20,1,4,5,0.2,0.05,0.25,0.75,2,https://www.eliteprospects.com/player/424330/zach-uens,2025-2026,ahl
04/05/2026,Jacob Julien,Manitoba Moose,26,1,4,5,0.154,0.038,0.19,0.385,-5,https://www.eliteprospects.com/player/702143/jacob-julien,2025-2026,ahl
04/05/2026,Andrew Basha,Calgary Wranglers,27,1,4,5,0.148,0.037,0.19,1.222,-7,https://www.eliteprospects.com/player/677806/andrew-basha,2025-2026,ahl
04/05/2026,Tyler Kopff,Rochester Americans,30,1,4,5,0.133,0.033,0.17,0.767,-2,https://www.eliteprospects.com/player/553220/tyler-kopff,2025-2026,ahl
04/05/2026,Stanislav Svozil,Cleveland Monsters,36,1,4,5,0.111,0.028,0.14,0.444,-3,https://www.eliteprospects.com/player/428002/stanislav-svozil,2025-2026,ahl
04/05/2026,Zach Gallant,Wilkes-Barre/Scranton Penguins,37,1,4,5,0.108,0.027,0.14,1.838,-1,https://www.eliteprospects.com/player/273617/zach-gallant,2025-2026,ahl
04/05/2026,Will Zmolek,Iowa Wild,39,1,4,5,0.103,0.026,0.13,0.256,-6,https://www.eliteprospects.com/player/379104/will-zmolek,2025-2026,ahl
04/05/2026,Rasmus Kumpulainen,Iowa Wild,42,1,4,5,0.095,0.024,0.12,0.524,-9,https://www.eliteprospects.com/player/689399/rasmus-kumpulainen,2025-2026,ahl
04/05/2026,Harrison Brunicke,Wilkes-Barre/Scranton Penguins,6,0,5,5,0.833,0.0,0.83,0.333,5,https://www.eliteprospects.com/player/727518/harrison-brunicke,2025-2026,ahl
04/05/2026,Emil Andrae,Lehigh Valley Phantoms,7,0,5,5,0.714,0.0,0.71,0.857,3,https://www.eliteprospects.com/player/394716/emil-andrae,2025-2026,ahl
04/05/2026,Dennis Cholowski,Utica Comets,13,0,5,5,0.385,0.0,0.38,0.462,-6,https://www.eliteprospects.com/player/247137/dennis-cholowski,2025-2026,ahl
04/05/2026,Kyle Crnkovic,San Jose Barracuda,15,0,5,5,0.333,0.0,0.33,0.133,9,https://www.eliteprospects.com/player/201916/kyle-crnkovic,2025-2026,ahl
04/05/2026,Marshall Rifai,Toronto Marlies,19,0,5,5,0.263,0.0,0.26,1.579,6,https://www.eliteprospects.com/player/254623/marshall-rifai,2025-2026,ahl
04/05/2026,Dakota Mermis,Toronto Marlies,25,0,5,5,0.2,0.0,0.20,1.24,0,https://www.eliteprospects.com/player/56311/dakota-mermis,2025-2026,ahl
04/05/2026,Josiah Didier,Laval Rocket,42,0,5,5,0.119,0.0,0.12,0.786,3,https://www.eliteprospects.com/player/89813/josiah-didier,2025-2026,ahl
04/05/2026,Riley Bezeau,Cleveland Monsters,21,4,0,4,0.0,0.19,0.19,3.524,-2,https://www.eliteprospects.com/player/478624/riley-bezeau,2025-2026,ahl
04/05/2026,Mark Liwiski,Iowa Wild,48,4,0,4,0.0,0.083,0.08,4.646,-11,https://www.eliteprospects.com/player/351246/mark-liwiski,2025-2026,ahl
04/05/2026,Zack Ostapchuk,San Jose Barracuda,11,3,1,4,0.091,0.273,0.36,0.909,-4,https://www.eliteprospects.com/player/476029/zack-ostapchuk,2025-2026,ahl
04/05/2026,Gleb Veremyev,Bridgeport Islanders,22,3,1,4,0.045,0.136,0.18,0.591,-5,https://www.eliteprospects.com/player/478448/gleb-veremyev,2025-2026,ahl
04/05/2026,Sam Stange,Springfield Thunderbirds,31,3,1,4,0.032,0.097,0.13,0.0,-7,https://www.eliteprospects.com/player/435761/sam-stange,2025-2026,ahl
04/05/2026,Ryan Gagnier,Rockford IceHogs,33,3,1,4,0.03,0.091,0.12,0.182,-8,https://www.eliteprospects.com/player/485876/ryan-gagnier,2025-2026,ahl
04/05/2026,Kalle Vaisanen,Hartford Wolf Pack,45,3,1,4,0.022,0.067,0.09,0.0,-11,https://www.eliteprospects.com/player/559937/kalle-vaisanen,2025-2026,ahl
04/05/2026,Landon Slaggert,Rockford IceHogs,8,2,2,4,0.25,0.25,0.50,1.0,-2,https://www.eliteprospects.com/player/418245/landon-slaggert,2025-2026,ahl
04/05/2026,Chad Hillebrand,Grand Rapids Griffins,14,2,2,4,0.143,0.143,0.29,0.929,5,https://www.eliteprospects.com/player/284070/chad-hillebrand,2025-2026,ahl
04/05/2026,Jaxon Nelson,Iowa Wild,16,2,2,4,0.125,0.125,0.25,0.125,-4,https://www.eliteprospects.com/player/284191/jaxon-nelson,2025-2026,ahl
04/05/2026,Givani Smith,Chicago Wolves,19,2,2,4,0.105,0.105,0.21,3.053,-3,https://www.eliteprospects.com/player/252472/givani-smith,2025-2026,ahl
04/05/2026,Connor Clattenburg,Bakersfield Condors,29,2,2,4,0.069,0.069,0.14,4.448,-7,https://www.eliteprospects.com/player/645291/connor-clattenburg,2025-2026,ahl
04/05/2026,Anri Ravinskis,Abbotsford Canucks,32,2,2,4,0.062,0.062,0.13,0.312,-10,https://www.eliteprospects.com/player/550178/anri-ravinskis,2025-2026,ahl
04/05/2026,Mason Geertsen,Rochester Americans,34,2,2,4,0.059,0.059,0.12,2.265,-7,https://www.eliteprospects.com/player/64567/mason-geertsen,2025-2026,ahl
04/05/2026,Jacob Doty,Ontario Reign,44,2,2,4,0.045,0.045,0.09,2.0,-10,https://www.eliteprospects.com/player/45623/jacob-doty,2025-2026,ahl
04/05/2026,Matthew Wood,Milwaukee Admirals,5,1,3,4,0.6,0.2,0.80,0.0,-1,https://www.eliteprospects.com/player/603587/matthew-wood,2025-2026,ahl
04/05/2026,Kyle Capobianco,Texas Stars,5,1,3,4,0.6,0.2,0.80,0.8,1,https://www.eliteprospects.com/player/225186/kyle-capobianco,2025-2026,ahl
04/05/2026,James Hagens,Providence Bruins,6,1,3,4,0.5,0.167,0.67,0.333,-1,https://www.eliteprospects.com/player/597747/james-hagens,2025-2026,ahl
04/05/2026,David Breazeale,Wilkes-Barre/Scranton Penguins,9,1,3,4,0.333,0.111,0.44,0.0,8,https://www.eliteprospects.com/player/454759/david-breazeale,2025-2026,ahl
04/05/2026,Vitali Kravtsov,Abbotsford Canucks,10,1,3,4,0.3,0.1,0.40,0.0,-7,https://www.eliteprospects.com/player/379749/vitali-kravtsov,2025-2026,ahl
04/05/2026,Elliot Desnoyers,Iowa Wild,15,1,3,4,0.2,0.067,0.27,0.4,-1,https://www.eliteprospects.com/player/290157/elliot-desnoyers,2025-2026,ahl
04/05/2026,Shane Bowers,San Jose Barracuda,23,1,3,4,0.13,0.043,0.17,0.87,-7,https://www.eliteprospects.com/player/216102/shane-bowers,2025-2026,ahl
04/05/2026,Djibril Toure,Belleville Senators,34,1,3,4,0.088,0.029,0.12,2.941,7,https://www.eliteprospects.com/player/507219/djibril-toure,2025-2026,ahl
04/05/2026,Andrew Perrott,Rockford IceHogs,47,1,3,4,0.064,0.021,0.09,2.298,-2,https://www.eliteprospects.com/player/369851/andrew-perrott,2025-2026,ahl
04/05/2026,Tyrel Bauer,Manitoba Moose,51,1,3,4,0.059,0.02,0.08,2.157,9,https://www.eliteprospects.com/player/391046/tyrel-bauer,2025-2026,ahl
04/05/2026,Aiden Fink,Milwaukee Admirals,2,0,4,4,2.0,0.0,2.00,0.0,2,https://www.eliteprospects.com/player/575202/aiden-fink,2025-2026,ahl
04/05/2026,Brayden Hislop,Rockford IceHogs,11,0,4,4,0.364,0.0,0.36,0.182,8,https://www.eliteprospects.com/player/582718/brayden-hislop,2025-2026,ahl
04/05/2026,Colton White,Utica Comets,24,0,4,4,0.167,0.0,0.17,0.75,2,https://www.eliteprospects.com/player/204911/colton-white,2025-2026,ahl
04/05/2026,Colin Felix,Providence Bruins,25,0,4,4,0.16,0.0,0.16,2.76,0,https://www.eliteprospects.com/player/312315/colin-felix,2025-2026,ahl
04/05/2026,Quinton Burns,Springfield Thunderbirds,29,0,4,4,0.138,0.0,0.14,2.862,0,https://www.eliteprospects.com/player/590256/quinton-burns,2025-2026,ahl
04/05/2026,Axel Sandin-Pellikka,Grand Rapids Griffins,4,2,1,3,0.25,0.5,0.75,0.0,1,https://www.eliteprospects.com/player/534818/axel-sandin-pellikka,2025-2026,ahl
04/05/2026,Nathan Bastian,Texas Stars,4,2,1,3,0.25,0.5,0.75,0.5,0,https://www.eliteprospects.com/player/245157/nathan-bastian,2025-2026,ahl
04/05/2026,Chase Dafoe,Rockford IceHogs,7,2,1,3,0.143,0.286,0.43,0.571,2,https://www.eliteprospects.com/player/476665/chase-dafoe,2025-2026,ahl
04/05/2026,Matt Stienburg,Colorado Eagles,8,2,1,3,0.125,0.25,0.38,1.375,-2,https://www.eliteprospects.com/player/267112/matt-stienburg,2025-2026,ahl
04/05/2026,Joseph Dunlap,Laval Rocket,10,2,1,3,0.1,0.2,0.30,0.6,3,https://www.eliteprospects.com/player/355835/joseph-dunlap,2025-2026,ahl
04/05/2026,Chase Yoder,Manitoba Moose,17,2,1,3,0.059,0.118,0.18,0.588,-5,https://www.eliteprospects.com/player/415335/chase-yoder,2025-2026,ahl
04/05/2026,Ben King,Toronto Marlies,18,2,1,3,0.056,0.111,0.17,1.056,-3,https://www.eliteprospects.com/player/201803/ben-king,2025-2026,ahl
04/05/2026,Matt Copponi,Bakersfield Condors,29,2,1,3,0.034,0.069,0.10,0.517,-9,https://www.eliteprospects.com/player/665996/matt-copponi,2025-2026,ahl
04/05/2026,Justin Nachbaur,Hershey Bears,31,2,1,3,0.032,0.065,0.10,3.677,-10,https://www.eliteprospects.com/player/293501/justin-nachbaur,2025-2026,ahl
04/05/2026,Matthew DiMarsico,Colorado Eagles,2,1,2,3,1.0,0.5,1.50,0.0,2,https://www.eliteprospects.com/player/603755/matthew-dimarsico,2025-2026,ahl
04/05/2026,Jack Finley,Syracuse Crunch,3,1,2,3,0.667,0.333,1.00,0.0,1,https://www.eliteprospects.com/player/477357/jack-finley,2025-2026,ahl
04/05/2026,Anton Johansson,Grand Rapids Griffins,3,1,2,3,0.667,0.333,1.00,0.0,5,https://www.eliteprospects.com/player/701870/anton-johansson,2025-2026,ahl
04/05/2026,Calum Ritchie,Bridgeport Islanders,3,1,2,3,0.667,0.333,1.00,0.667,2,https://www.eliteprospects.com/player/603108/calum-ritchie,2025-2026,ahl
04/05/2026,Gavin Brindley,Colorado Eagles,4,1,2,3,0.5,0.25,0.75,0.0,3,https://www.eliteprospects.com/player/538006/gavin-brindley,2025-2026,ahl
04/05/2026,Charle-Edouard D'Astous,Syracuse Crunch,4,1,2,3,0.5,0.25,0.75,0.0,3,https://www.eliteprospects.com/player/255979/charle-edouard-d-astous,2025-2026,ahl
04/05/2026,Jordan Harris,Providence Bruins,4,1,2,3,0.5,0.25,0.75,0.0,6,https://www.eliteprospects.com/player/321687/jordan-harris,2025-2026,ahl
04/05/2026,Jonathan Aspirot,Providence Bruins,5,1,2,3,0.4,0.2,0.60,0.8,2,https://www.eliteprospects.com/player/354151/jonathan-aspirot,2025-2026,ahl
04/05/2026,Patrick Thomas,Hershey Bears,7,1,2,3,0.286,0.143,0.43,0.286,-1,https://www.eliteprospects.com/player/603791/patrick-thomas,2025-2026,ahl
04/05/2026,Gustav Stjernberg,Colorado Eagles,7,1,2,3,0.286,0.143,0.43,3.571,-1,https://www.eliteprospects.com/player/515083/gustav-stjernberg,2025-2026,ahl
04/05/2026,Ryan Kirwan,Toronto Marlies,8,1,2,3,0.25,0.125,0.38,0.0,-1,https://www.eliteprospects.com/player/508271/ryan-kirwan,2025-2026,ahl
04/05/2026,Emil Pieniniemi,Wilkes-Barre/Scranton Penguins,9,1,2,3,0.222,0.111,0.33,0.444,5,https://www.eliteprospects.com/player/709463/emil-pieniniemi,2025-2026,ahl
04/05/2026,Jackson van de Leest,Utica Comets,14,1,2,3,0.143,0.071,0.21,0.5,-3,https://www.eliteprospects.com/player/407592/jackson-van-de-leest,2025-2026,ahl
04/05/2026,Zakary Karpa,Hartford Wolf Pack,18,1,2,3,0.111,0.056,0.17,0.5,-5,https://www.eliteprospects.com/player/470026/zakary-karpa,2025-2026,ahl
04/05/2026,Jack Matier,Milwaukee Admirals,18,1,2,3,0.111,0.056,0.17,1.278,-1,https://www.eliteprospects.com/player/476043/jack-matier,2025-2026,ahl
04/05/2026,Brandon Baddock,Toronto Marlies,18,1,2,3,0.111,0.056,0.17,2.778,0,https://www.eliteprospects.com/player/83627/brandon-baddock,2025-2026,ahl
04/05/2026,Tyson Empey,Manitoba Moose,23,1,2,3,0.087,0.043,0.13,2.783,1,https://www.eliteprospects.com/player/120233/tyson-empey,2025-2026,ahl
04/05/2026,John Prokop,Toronto Marlies,24,1,2,3,0.083,0.042,0.13,0.333,-6,https://www.eliteprospects.com/player/437599/john-prokop,2025-2026,ahl
04/05/2026,Max Wanner,Providence Bruins,25,1,2,3,0.08,0.04,0.12,0.28,9,https://www.eliteprospects.com/player/414967/max-wanner,2025-2026,ahl
04/05/2026,Harrison Israels,Rockford IceHogs,27,1,2,3,0.074,0.037,0.11,0.519,0,https://www.eliteprospects.com/player/418568/harrison-israels,2025-2026,ahl
04/05/2026,Travis Dermott,Hartford Wolf Pack,5,0,3,3,0.6,0.0,0.60,0.4,-2,https://www.eliteprospects.com/player/214673/travis-dermott,2025-2026,ahl
04/05/2026,Niko Huuhtanen,Syracuse Crunch,5,0,3,3,0.6,0.0,0.60,2.0,1,https://www.eliteprospects.com/player/525628/niko-huuhtanen,2025-2026,ahl
04/05/2026,Brady Stonehouse,Bakersfield Condors,9,0,3,3,0.333,0.0,0.33,2.333,2,https://www.eliteprospects.com/player/652102/brady-stonehouse,2025-2026,ahl
04/05/2026,Daniel Laatsch,Wilkes-Barre/Scranton Penguins,10,0,3,3,0.3,0.0,0.30,0.2,1,https://www.eliteprospects.com/player/201855/daniel-laatsch,2025-2026,ahl
04/05/2026,Jacob Truscott,Grand Rapids Griffins,12,0,3,3,0.25,0.0,0.25,0.333,0,https://www.eliteprospects.com/player/201776/jacob-truscott,2025-2026,ahl
04/05/2026,Carter Berger,Lehigh Valley Phantoms,12,0,3,3,0.25,0.0,0.25,0.333,5,https://www.eliteprospects.com/player/299029/carter-berger,2025-2026,ahl
04/05/2026,Reilly Webb,Hershey Bears,12,0,3,3,0.25,0.0,0.25,0.333,5,https://www.eliteprospects.com/player/273694/reilly-webb,2025-2026,ahl
04/05/2026,David Gagnon,Chicago Wolves,13,0,3,3,0.231,0.0,0.23,0.923,-3,https://www.eliteprospects.com/player/267110/david-gagnon,2025-2026,ahl
04/05/2026,Dylan Wendt,Utica Comets,16,0,3,3,0.188,0.0,0.19,0.25,-1,https://www.eliteprospects.com/player/369968/dylan-wendt,2025-2026,ahl
04/05/2026,Arnaud Durandeau,Abbotsford Canucks,19,0,3,3,0.158,0.0,0.16,0.421,-7,https://www.eliteprospects.com/player/201536/arnaud-durandeau,2025-2026,ahl
04/05/2026,Milo Roelens,Syracuse Crunch,19,0,3,3,0.158,0.0,0.16,0.684,0,https://www.eliteprospects.com/player/483281/milo-roelens,2025-2026,ahl
04/05/2026,Jackson Kunz,Abbotsford Canucks,22,0,3,3,0.136,0.0,0.14,0.0,-7,https://www.eliteprospects.com/player/550361/jackson-kunz,2025-2026,ahl
04/05/2026,Bryce Montgomery,Chicago Wolves,22,0,3,3,0.136,0.0,0.14,1.955,-3,https://www.eliteprospects.com/player/478709/bryce-montgomery,2025-2026,ahl
04/05/2026,Kevin Connauton,Tucson Roadrunners,26,0,3,3,0.115,0.0,0.12,1.038,-10,https://www.eliteprospects.com/player/38032/kevin-connauton,2025-2026,ahl
04/05/2026,Ole Julian Bjorgvik-Holm,Cleveland Monsters,33,0,3,3,0.091,0.0,0.09,0.303,-2,https://www.eliteprospects.com/player/477881/ole-julian-bjorgvik-holm,2025-2026,ahl
04/05/2026,Cade Webber,Toronto Marlies,33,0,3,3,0.091,0.0,0.09,0.545,18,https://www.eliteprospects.com/player/285385/cade-webber,2025-2026,ahl
04/05/2026,Alex Gallant,Calgary Wranglers,40,0,3,3,0.075,0.0,0.08,4.375,-4,https://www.eliteprospects.com/player/77308/alex-gallant,2025-2026,ahl
04/05/2026,Max Sasson,Abbotsford Canucks,2,2,0,2,0.0,1.0,1.00,0.0,2,https://www.eliteprospects.com/player/462545/max-sasson,2025-2026,ahl
04/05/2026,Ethen Frank,Hershey Bears,3,2,0,2,0.0,0.667,0.67,0.0,0,https://www.eliteprospects.com/player/247909/ethen-frank,2025-2026,ahl
04/05/2026,Kaden Bohlsen,Hershey Bears,5,2,0,2,0.0,0.4,0.40,0.0,0,https://www.eliteprospects.com/player/385676/kaden-bohlsen,2025-2026,ahl
04/05/2026,Kevin Conley,Manitoba Moose,5,2,0,2,0.0,0.4,0.40,0.4,1,https://www.eliteprospects.com/player/248429/kevin-conley,2025-2026,ahl
04/05/2026,Logan Mailloux,Springfield Thunderbirds,5,2,0,2,0.0,0.4,0.40,0.4,-2,https://www.eliteprospects.com/player/582695/logan-mailloux,2025-2026,ahl
04/05/2026,Reilly Connors,Colorado Eagles,8,2,0,2,0.0,0.25,0.25,1.375,0,https://www.eliteprospects.com/player/386404/reilly-connors,2025-2026,ahl
04/05/2026,Yan Kuznetsov,Calgary Wranglers,10,2,0,2,0.0,0.2,0.20,0.2,5,https://www.eliteprospects.com/player/440410/yan-kuznetsov,2025-2026,ahl
04/05/2026,Landon Sim,Toronto Marlies,10,2,0,2,0.0,0.2,0.20,1.9,-2,https://www.eliteprospects.com/player/563410/landon-sim,2025-2026,ahl
04/05/2026,Mathieu De St. Phalle,Wilkes-Barre/Scranton Penguins,11,2,0,2,0.0,0.182,0.18,0.545,-4,https://www.eliteprospects.com/player/283937/mathieu-de-st.-phalle,2025-2026,ahl
04/05/2026,Blake Biondi,Chicago Wolves,23,2,0,2,0.0,0.087,0.09,0.304,-5,https://www.eliteprospects.com/player/495919/blake-biondi,2025-2026,ahl
04/05/2026,Viggo Gustafsson,Milwaukee Admirals,1,1,1,2,1.0,1.0,2.00,0.0,1,https://www.eliteprospects.com/player/799949/viggo-gustafsson,2025-2026,ahl
04/05/2026,Max Dorrington,Bridgeport Islanders,2,1,1,2,0.5,0.5,1.00,0.0,1,https://www.eliteprospects.com/player/505134/max-dorrington,2025-2026,ahl
04/05/2026,Robby Fabbri,Charlotte Checkers,3,1,1,2,0.333,0.333,0.67,0.0,-4,https://www.eliteprospects.com/player/156923/robby-fabbri,2025-2026,ahl
04/05/2026,Paul Ludwinski,Rockford IceHogs,3,1,1,2,0.333,0.333,0.67,0.667,-2,https://www.eliteprospects.com/player/603788/paul-ludwinski,2025-2026,ahl
04/05/2026,Sheldon Rempal,Hershey Bears,4,1,1,2,0.25,0.25,0.50,0.5,-2,https://www.eliteprospects.com/player/142304/sheldon-rempal,2025-2026,ahl
04/05/2026,Cole Knuble,Lehigh Valley Phantoms,5,1,1,2,0.2,0.2,0.40,0.0,-2,https://www.eliteprospects.com/player/566424/cole-knuble,2025-2026,ahl
04/05/2026,Tom Willander,Abbotsford Canucks,5,1,1,2,0.2,0.2,0.40,0.0,-5,https://www.eliteprospects.com/player/599426/tom-willander,2025-2026,ahl
04/05/2026,Guillaume Brisebois,Abbotsford Canucks,5,1,1,2,0.2,0.2,0.40,0.4,2,https://www.eliteprospects.com/player/213397/guillaume-brisebois,2025-2026,ahl
04/05/2026,Luke Mittelstadt,Laval Rocket,6,1,1,2,0.167,0.167,0.33,0.0,-1,https://www.eliteprospects.com/player/559036/luke-mittelstadt,2025-2026,ahl
04/05/2026,Dylan Hryckowian,Texas Stars,6,1,1,2,0.167,0.167,0.33,0.333,1,https://www.eliteprospects.com/player/570748/dylan-hryckowian,2025-2026,ahl
04/05/2026,Cole Eiserman,Bridgeport Islanders,7,1,1,2,0.143,0.143,0.29,0.0,-1,https://www.eliteprospects.com/player/597619/cole-eiserman,2025-2026,ahl
04/05/2026,Kyler Kupka,Hershey Bears,7,1,1,2,0.143,0.143,0.29,0.0,-2,https://www.eliteprospects.com/player/201358/kyler-kupka,2025-2026,ahl
04/05/2026,Eddie Genborg,Grand Rapids Griffins,7,1,1,2,0.143,0.143,0.29,0.571,0,https://www.eliteprospects.com/player/794303/eddie-genborg,2025-2026,ahl
04/05/2026,Nolan Moyle,Grand Rapids Griffins,16,1,1,2,0.062,0.062,0.13,0.938,5,https://www.eliteprospects.com/player/273657/nolan-moyle,2025-2026,ahl
04/05/2026,Riley McKay,Henderson Silver Knights,27,1,1,2,0.037,0.037,0.07,2.741,-12,https://www.eliteprospects.com/player/283832/riley-mckay,2025-2026,ahl
04/05/2026,Fabian Wagner,Manitoba Moose,28,1,1,2,0.036,0.036,0.07,0.143,-10,https://www.eliteprospects.com/player/448938/fabian-wagner,2025-2026,ahl
04/05/2026,Zack Hayes,Milwaukee Admirals,33,1,1,2,0.03,0.03,0.06,0.545,-11,https://www.eliteprospects.com/player/281743/zack-hayes,2025-2026,ahl
04/05/2026,Artyom Grushnikov,Calgary Wranglers,55,1,1,2,0.018,0.018,0.04,0.345,-1,https://www.eliteprospects.com/player/539222/artyom-grushnikov,2025-2026,ahl
04/05/2026,Luke Kunin,Charlotte Checkers,1,0,2,2,2.0,0.0,2.00,0.0,1,https://www.eliteprospects.com/player/245278/luke-kunin,2025-2026,ahl
04/05/2026,Nick Leivermann,Hershey Bears,3,0,2,2,0.667,0.0,0.67,0.0,1,https://www.eliteprospects.com/player/344081/nick-leivermann,2025-2026,ahl
04/05/2026,Yegor Zamula,Lehigh Valley Phantoms,3,0,2,2,0.667,0.0,0.67,0.0,-3,https://www.eliteprospects.com/player/398138/yegor-zamula,2025-2026,ahl
04/05/2026,Riley Thompson,Lehigh Valley Phantoms,4,0,2,2,0.5,0.0,0.50,0.0,-3,https://www.eliteprospects.com/player/509136/riley-thompson,2025-2026,ahl
04/05/2026,Brandon Buhr,Toronto Marlies,5,0,2,2,0.4,0.0,0.40,0.4,-2,https://www.eliteprospects.com/player/561391/brandon-buhr,2025-2026,ahl
04/05/2026,Artur Cholach,Henderson Silver Knights,8,0,2,2,0.25,0.0,0.25,0.25,-1,https://www.eliteprospects.com/player/467724/artur-cholach,2025-2026,ahl
04/05/2026,Tyler Inamoto,Bakersfield Condors,9,0,2,2,0.222,0.0,0.22,0.667,1,https://www.eliteprospects.com/player/201486/tyler-inamoto,2025-2026,ahl
04/05/2026,Noah Beck,San Jose Barracuda,9,0,2,2,0.222,0.0,0.22,1.111,6,https://www.eliteprospects.com/player/530038/noah-beck,2025-2026,ahl
04/05/2026,Ethan Frisch,Manitoba Moose,10,0,2,2,0.2,0.0,0.20,0.0,2,https://www.eliteprospects.com/player/365031/ethan-frisch,2025-2026,ahl
04/05/2026,Zac Funk,Hershey Bears,10,0,2,2,0.2,0.0,0.20,0.8,-2,https://www.eliteprospects.com/player/556514/zac-funk,2025-2026,ahl
04/05/2026,Reece Newkirk,Syracuse Crunch,10,0,2,2,0.2,0.0,0.20,1.9,2,https://www.eliteprospects.com/player/351979/reece-newkirk,2025-2026,ahl
04/05/2026,Mike Koster,Iowa Wild,13,0,2,2,0.154,0.0,0.15,0.0,1,https://www.eliteprospects.com/player/427432/mike-koster,2025-2026,ahl
04/05/2026,Aidan Fulp,Rochester Americans,16,0,2,2,0.125,0.0,0.13,0.375,3,https://www.eliteprospects.com/player/315954/aidan-fulp,2025-2026,ahl
04/05/2026,Calle Odelius,Bridgeport Islanders,17,0,2,2,0.118,0.0,0.12,0.118,-9,https://www.eliteprospects.com/player/607525/calle-odelius,2025-2026,ahl
04/05/2026,Chris Harpur,Syracuse Crunch,17,0,2,2,0.118,0.0,0.12,0.353,2,https://www.eliteprospects.com/player/221153/chris-harpur,2025-2026,ahl
04/05/2026,Scooter Brickey,Wilkes-Barre/Scranton Penguins,17,0,2,2,0.118,0.0,0.12,0.941,3,https://www.eliteprospects.com/player/284078/scooter-brickey,2025-2026,ahl
04/05/2026,Connor Punnett,Texas Stars,18,0,2,2,0.111,0.0,0.11,0.722,-1,https://www.eliteprospects.com/player/582502/connor-punnett,2025-2026,ahl
04/05/2026,Jesse Pulkkinen,Bridgeport Islanders,19,0,2,2,0.105,0.0,0.11,0.316,-10,https://www.eliteprospects.com/player/709399/jesse-pulkkinen,2025-2026,ahl
04/05/2026,Simon Mack,Calgary Wranglers,26,0,2,2,0.077,0.0,0.08,0.077,-5,https://www.eliteprospects.com/player/317518/simon-mack,2025-2026,ahl
04/05/2026,Yanick Turcotte,Chicago Wolves,38,0,2,2,0.053,0.0,0.05,3.421,-7,https://www.eliteprospects.com/player/252734/yanick-turcotte,2025-2026,ahl
04/05/2026,Zakhar Bardakov,Colorado Eagles,1,1,0,1,0.0,1.0,1.00,0.0,1,https://www.eliteprospects.com/player/292101/zakhar-bardakov,2025-2026,ahl
04/05/2026,Connor Mayer,Hershey Bears,1,1,0,1,0.0,1.0,1.00,0.0,1,https://www.eliteprospects.com/player/313508/connor-mayer,2025-2026,ahl
04/05/2026,Mathieu Joseph,Springfield Thunderbirds,2,1,0,1,0.0,0.5,0.50,0.0,-1,https://www.eliteprospects.com/player/227640/mathieu-joseph,2025-2026,ahl
04/05/2026,Jayden Grubbe,Abbotsford Canucks,2,1,0,1,0.0,0.5,0.50,1.0,-2,https://www.eliteprospects.com/player/475192/jayden-grubbe,2025-2026,ahl
04/05/2026,Josh Dunne,Rochester Americans,2,1,0,1,0.0,0.5,0.50,2.0,1,https://www.eliteprospects.com/player/272225/josh-dunne,2025-2026,ahl
04/05/2026,Ryan Chyzowski,Calgary Wranglers,3,1,0,1,0.0,0.333,0.33,0.0,-1,https://www.eliteprospects.com/player/344066/ryan-chyzowski,2025-2026,ahl
04/05/2026,Dylan Moulton,Manitoba Moose,3,1,0,1,0.0,0.333,0.33,0.0,0,https://www.eliteprospects.com/player/370017/dylan-moulton,2025-2026,ahl
04/05/2026,Filip Hallander,Wilkes-Barre/Scranton Penguins,3,1,0,1,0.0,0.333,0.33,0.667,1,https://www.eliteprospects.com/player/293387/filip-hallander,2025-2026,ahl
04/05/2026,Saige Weinstein,Colorado Eagles,3,1,0,1,0.0,0.333,0.33,0.667,0,https://www.eliteprospects.com/player/612889/saige-weinstein,2025-2026,ahl
04/05/2026,Felix Trudeau,Springfield Thunderbirds,4,1,0,1,0.0,0.25,0.25,0.0,-2,https://www.eliteprospects.com/player/293224/felix-trudeau,2025-2026,ahl
04/05/2026,Tyler Motte,Charlotte Checkers,4,1,0,1,0.0,0.25,0.25,0.5,-2,https://www.eliteprospects.com/player/151824/tyler-motte,2025-2026,ahl
04/05/2026,Kaleb Pearson,Texas Stars,5,1,0,1,0.0,0.2,0.20,0.0,-3,https://www.eliteprospects.com/player/391108/kaleb-pearson,2025-2026,ahl
04/05/2026,Drew Elliott,San Diego Gulls,5,1,0,1,0.0,0.2,0.20,1.4,-1,https://www.eliteprospects.com/player/417740/drew-elliott,2025-2026,ahl
04/05/2026,Spencer Kersten,Syracuse Crunch,8,1,0,1,0.0,0.125,0.13,0.25,0,https://www.eliteprospects.com/player/370370/spencer-kersten,2025-2026,ahl
04/05/2026,Cooper Gay,Colorado Eagles,9,1,0,1,0.0,0.111,0.11,0.444,0,https://www.eliteprospects.com/player/658212/cooper-gay,2025-2026,ahl
04/05/2026,Marcel Marcel,Rockford IceHogs,13,1,0,1,0.0,0.077,0.08,0.538,-7,https://www.eliteprospects.com/player/559520/marcel-marcel,2025-2026,ahl
04/05/2026,Josh Davies,Milwaukee Admirals,15,1,0,1,0.0,0.067,0.07,2.0,-6,https://www.eliteprospects.com/player/532703/josh-davies,2025-2026,ahl
04/05/2026,Josh Lopina,Rockford IceHogs,16,1,0,1,0.0,0.062,0.06,0.5,-3,https://www.eliteprospects.com/player/315963/josh-lopina,2025-2026,ahl
04/05/2026,Cameron Butler,Iowa Wild,16,1,0,1,0.0,0.062,0.06,1.25,-3,https://www.eliteprospects.com/player/342193/cameron-butler,2025-2026,ahl
04/05/2026,Carter Wilkie,Calgary Wranglers,24,1,0,1,0.0,0.042,0.04,0.542,-7,https://www.eliteprospects.com/player/411159/carter-wilkie,2025-2026,ahl
04/05/2026,Nick Leddy,San Jose Barracuda,1,0,1,1,1.0,0.0,1.00,0.0,1,https://www.eliteprospects.com/player/38067/nick-leddy,2025-2026,ahl
04/05/2026,Neil Shea,Colorado Eagles,1,0,1,1,1.0,0.0,1.00,0.0,-1,https://www.eliteprospects.com/player/353682/neil-shea,2025-2026,ahl
04/05/2026,Matthew Savoie,Bakersfield Condors,1,0,1,1,1.0,0.0,1.00,0.0,-1,https://www.eliteprospects.com/player/476028/matthew-savoie,2025-2026,ahl
04/05/2026,Josh Nadeau,Laval Rocket,1,0,1,1,1.0,0.0,1.00,0.0,1,https://www.eliteprospects.com/player/573985/josh-nadeau,2025-2026,ahl
04/05/2026,Lucas Wahlin,Manitoba Moose,1,0,1,1,1.0,0.0,1.00,2.0,0,https://www.eliteprospects.com/player/597415/lucas-wahlin,2025-2026,ahl
04/05/2026,Roger McQueen,San Diego Gulls,1,0,1,1,1.0,0.0,1.00,2.0,0,https://www.eliteprospects.com/player/597798/roger-mcqueen,2025-2026,ahl
04/05/2026,Michael Misa,San Jose Barracuda,2,0,1,1,0.5,0.0,0.50,0.0,0,https://www.eliteprospects.com/player/577184/michael-misa,2025-2026,ahl
04/05/2026,Aram Minnetian,Texas Stars,2,0,1,1,0.5,0.0,0.50,1.0,0,https://www.eliteprospects.com/player/618574/aram-minnetian,2025-2026,ahl
04/05/2026,Easton Cowan,Toronto Marlies,2,0,1,1,0.5,0.0,0.50,1.0,1,https://www.eliteprospects.com/player/709773/easton-cowan,2025-2026,ahl
04/05/2026,Robby Drazner,Abbotsford Canucks,2,0,1,1,0.5,0.0,0.50,3.0,-1,https://www.eliteprospects.com/player/283980/robby-drazner,2025-2026,ahl
04/05/2026,Aidan Hreschuk,Texas Stars,3,0,1,1,0.333,0.0,0.33,0.0,-1,https://www.eliteprospects.com/player/512181/aidan-hreschuk,2025-2026,ahl
04/05/2026,Jiri Felcman,Rockford IceHogs,3,0,1,1,0.333,0.0,0.33,0.0,0,https://www.eliteprospects.com/player/782897/jiri-felcman,2025-2026,ahl
04/05/2026,Simon Pinard,Hershey Bears,3,0,1,1,0.333,0.0,0.33,0.0,2,https://www.eliteprospects.com/player/295310/simon-pinard,2025-2026,ahl
04/05/2026,Israel Mianscum,Laval Rocket,3,0,1,1,0.333,0.0,0.33,1.667,0,https://www.eliteprospects.com/player/485049/israel-mianscum,2025-2026,ahl
04/05/2026,Jakub Demek,Henderson Silver Knights,4,0,1,1,0.25,0.0,0.25,0.0,-4,https://www.eliteprospects.com/player/556420/jakub-demek,2025-2026,ahl
04/05/2026,David Kampf,Toronto Marlies,4,0,1,1,0.25,0.0,0.25,0.0,-1,https://www.eliteprospects.com/player/160499/david-kampf,2025-2026,ahl
04/05/2026,Peter Tischke,Rochester Americans,4,0,1,1,0.25,0.0,0.25,0.0,2,https://www.eliteprospects.com/player/194272/peter-tischke,2025-2026,ahl
04/05/2026,Keaton Mastrodonato,Ontario Reign,4,0,1,1,0.25,0.0,0.25,0.0,-3,https://www.eliteprospects.com/player/344047/keaton-mastrodonato,2025-2026,ahl
04/05/2026,Isak Walther,Milwaukee Admirals,4,0,1,1,0.25,0.0,0.25,0.0,-1,https://www.eliteprospects.com/player/431803/isak-walther,2025-2026,ahl
04/05/2026,Drew Callin,Bridgeport Islanders,4,0,1,1,0.25,0.0,0.25,0.5,-3,https://www.eliteprospects.com/player/190462/drew-callin,2025-2026,ahl
04/05/2026,Aiden Hansen-Bukata,Colorado Eagles,4,0,1,1,0.25,0.0,0.25,0.5,0,https://www.eliteprospects.com/player/340231/aiden-hansen-bukata,2025-2026,ahl
04/05/2026,Jackson Jutting,Grand Rapids Griffins,4,0,1,1,0.25,0.0,0.25,0.5,-1,https://www.eliteprospects.com/player/413300/jackson-jutting,2025-2026,ahl
04/05/2026,Radim Mrtka,Rochester Americans,4,0,1,1,0.25,0.0,0.25,1.75,0,https://www.eliteprospects.com/player/872673/radim-mrtka,2025-2026,ahl
04/05/2026,Max Grondin,Syracuse Crunch,4,0,1,1,0.25,0.0,0.25,2.25,-1,https://www.eliteprospects.com/player/335280/max-grondin,2025-2026,ahl
04/05/2026,Milan Lucic,Springfield Thunderbirds,5,0,1,1,0.2,0.0,0.20,0.8,-7,https://www.eliteprospects.com/player/11104/milan-lucic,2025-2026,ahl
04/05/2026,Vincent Borgesi,Toronto Marlies,5,0,1,1,0.2,0.0,0.20,0.8,-4,https://www.eliteprospects.com/player/478377/vincent-borgesi,2025-2026,ahl
04/05/2026,Jordan Gustafson,Henderson Silver Knights,6,0,1,1,0.167,0.0,0.17,0.0,-4,https://www.eliteprospects.com/player/511853/jordan-gustafson,2025-2026,ahl
04/05/2026,Justin Janicke,Coachella Valley Firebirds,6,0,1,1,0.167,0.0,0.17,0.0,0,https://www.eliteprospects.com/player/583032/justin-janicke,2025-2026,ahl
04/05/2026,Curtis Douglas,Syracuse Crunch,6,0,1,1,0.167,0.0,0.17,0.0,0,https://www.eliteprospects.com/player/351462/curtis-douglas,2025-2026,ahl
04/05/2026,Hank Kempf,Colorado Eagles,6,0,1,1,0.167,0.0,0.17,0.333,1,https://www.eliteprospects.com/player/201723/hank-kempf,2025-2026,ahl
04/05/2026,Christopher Brown,Providence Bruins,6,0,1,1,0.167,0.0,0.17,0.333,0,https://www.eliteprospects.com/player/248309/christopher-brown,2025-2026,ahl
04/05/2026,Kyle Jackson,Hartford Wolf Pack,7,0,1,1,0.143,0.0,0.14,0.0,-3,https://www.eliteprospects.com/player/413825/kyle-jackson,2025-2026,ahl
04/05/2026,Ludwig Persson,Hershey Bears,7,0,1,1,0.143,0.0,0.14,0.286,-1,https://www.eliteprospects.com/player/423614/ludwig-persson,2025-2026,ahl
04/05/2026,Jack Anderson,Texas Stars,7,0,1,1,0.143,0.0,0.14,0.571,1,https://www.eliteprospects.com/player/341010/jack-anderson,2025-2026,ahl
04/05/2026,Jackson Berezowski,Coachella Valley Firebirds,8,0,1,1,0.125,0.0,0.13,0.25,1,https://www.eliteprospects.com/player/403435/jackson-berezowski,2025-2026,ahl
04/05/2026,Jake Boltmann,San Jose Barracuda,8,0,1,1,0.125,0.0,0.13,0.25,0,https://www.eliteprospects.com/player/494419/jake-boltmann,2025-2026,ahl
04/05/2026,Wyatte Wylie,Laval Rocket,8,0,1,1,0.125,0.0,0.13,1.0,-3,https://www.eliteprospects.com/player/300071/wyatte-wylie,2025-2026,ahl
04/05/2026,Konnor Smith,San Diego Gulls,8,0,1,1,0.125,0.0,0.13,1.75,-2,https://www.eliteprospects.com/player/640821/konnor-smith,2025-2026,ahl
04/05/2026,Rhett Parsons,Toronto Marlies,8,0,1,1,0.125,0.0,0.13,5.875,-5,https://www.eliteprospects.com/player/505836/rhett-parsons,2025-2026,ahl
04/05/2026,Case McCarthy,Hartford Wolf Pack,9,0,1,1,0.111,0.0,0.11,0.0,4,https://www.eliteprospects.com/player/290196/case-mccarthy,2025-2026,ahl
04/05/2026,Carson Golder,Lehigh Valley Phantoms,9,0,1,1,0.111,0.0,0.11,0.444,-2,https://www.eliteprospects.com/player/477356/carson-golder,2025-2026,ahl
04/05/2026,Samuel Laberge,San Jose Barracuda,9,0,1,1,0.111,0.0,0.11,3.0,0,https://www.eliteprospects.com/player/231410/samuel-laberge,2025-2026,ahl
04/05/2026,Austin Brimmer,Abbotsford Canucks,10,0,1,1,0.1,0.0,0.10,1.3,-2,https://www.eliteprospects.com/player/418535/austin-brimmer,2025-2026,ahl
04/05/2026,Ryan Hofer,Hershey Bears,11,0,1,1,0.091,0.0,0.09,0.182,-1,https://www.eliteprospects.com/player/416983/ryan-hofer,2025-2026,ahl
04/05/2026,Brendan Smith,Cleveland Monsters,11,0,1,1,0.091,0.0,0.09,0.727,-5,https://www.eliteprospects.com/player/12506/brendan-smith,2025-2026,ahl
04/05/2026,Andrej Sustr,Bridgeport Islanders,11,0,1,1,0.091,0.0,0.09,1.909,-6,https://www.eliteprospects.com/player/44405/andrej-sustr,2025-2026,ahl
04/05/2026,Zach Urdahl,Wilkes-Barre/Scranton Penguins,12,0,1,1,0.083,0.0,0.08,0.167,2,https://www.eliteprospects.com/player/564451/zach-urdahl,2025-2026,ahl
04/05/2026,Reece Vitelli,Manitoba Moose,12,0,1,1,0.083,0.0,0.08,0.417,3,https://www.eliteprospects.com/player/351365/reece-vitelli,2025-2026,ahl
04/05/2026,Derek Daschke,Abbotsford Canucks,13,0,1,1,0.077,0.0,0.08,0.0,-2,https://www.eliteprospects.com/player/272191/derek-daschke,2025-2026,ahl
04/05/2026,Tyson Feist,Bakersfield Condors,13,0,1,1,0.077,0.0,0.08,2.692,5,https://www.eliteprospects.com/player/407570/tyson-feist,2025-2026,ahl
04/05/2026,Chris Ortiz,Hartford Wolf Pack,19,0,1,1,0.053,0.0,0.05,0.211,1,https://www.eliteprospects.com/player/296699/chris-ortiz,2025-2026,ahl
04/05/2026,Jake Chiasson,Belleville Senators,20,0,1,1,0.05,0.0,0.05,0.2,0,https://www.eliteprospects.com/player/477353/jake-chiasson,2025-2026,ahl
04/05/2026,Travis Howe,San Diego Gulls,20,0,1,1,0.05,0.0,0.05,3.9,-1,https://www.eliteprospects.com/player/207070/travis-howe,2025-2026,ahl
04/05/2026,Charlie Wright,Coachella Valley Firebirds,40,0,1,1,0.025,0.0,0.03,0.1,-2,https://www.eliteprospects.com/player/475351/charlie-wright,2025-2026,ahl
04/05/2026,Mats Lindgren,Bakersfield Condors,0,0,0,0,,,0.00,,0,https://www.eliteprospects.com/player/635389/mats-lindgren,2025-2026,ahl
04/05/2026,Lachlan Getz,Springfield Thunderbirds,1,0,0,0,0.0,0.0,0.00,0.0,0,https://www.eliteprospects.com/player/418276/lachlan-getz,2025-2026,ahl
04/05/2026,Chris Hedden,Colorado Eagles,1,0,0,0,0.0,0.0,0.00,0.0,-1,https://www.eliteprospects.com/player/417512/chris-hedden,2025-2026,ahl
04/05/2026,Sullivan Mack,Hartford Wolf Pack,1,0,0,0,0.0,0.0,0.00,0.0,1,https://www.eliteprospects.com/player/415811/sullivan-mack,2025-2026,ahl
04/05/2026,Brandon Holt,Tucson Roadrunners,1,0,0,0,0.0,0.0,0.00,0.0,3,https://www.eliteprospects.com/player/508078/brandon-holt,2025-2026,ahl
04/05/2026,Ethan Leyh,Chicago Wolves,1,0,0,0,0.0,0.0,0.00,0.0,0,https://www.eliteprospects.com/player/407590/ethan-leyh,2025-2026,ahl
04/05/2026,Nicklas Andrews,Grand Rapids Griffins,1,0,0,0,0.0,0.0,0.00,0.0,0,https://www.eliteprospects.com/player/359528/nicklas-andrews,2025-2026,ahl
04/05/2026,Tyler Weiss,Chicago Wolves,1,0,0,0,0.0,0.0,0.00,0.0,-1,https://www.eliteprospects.com/player/355485/tyler-weiss,2025-2026,ahl
04/05/2026,Chad Nychuk,Milwaukee Admirals,1,0,0,0,0.0,0.0,0.00,0.0,0,https://www.eliteprospects.com/player/351204/chad-nychuk,2025-2026,ahl
04/05/2026,Caige Sterzer,Hartford Wolf Pack,1,0,0,0,0.0,0.0,0.00,0.0,0,https://www.eliteprospects.com/player/350241/caige-sterzer,2025-2026,ahl
04/05/2026,Antonio Venuto,Cleveland Monsters,1,0,0,0,0.0,0.0,0.00,0.0,0,https://www.eliteprospects.com/player/283955/antonio-venuto,2025-2026,ahl
04/05/2026,Kyle Walker,Calgary Wranglers,1,0,0,0,0.0,0.0,0.00,0.0,-1,https://www.eliteprospects.com/player/281933/kyle-walker,2025-2026,ahl
04/05/2026,Garrett Pyke,Hershey Bears,1,0,0,0,0.0,0.0,0.00,0.0,-1,https://www.eliteprospects.com/player/273731/garrett-pyke,2025-2026,ahl
04/05/2026,Frank Djurasevic,Toronto Marlies,1,0,0,0,0.0,0.0,0.00,0.0,-1,https://www.eliteprospects.com/player/481501/frank-djurasevic,2025-2026,ahl
04/05/2026,Andrew Mangiapane,Bakersfield Condors,1,0,0,0,0.0,0.0,0.00,0.0,0,https://www.eliteprospects.com/player/223199/andrew-mangiapane,2025-2026,ahl
04/05/2026,Drake Burgin,Coachella Valley Firebirds,1,0,0,0,0.0,0.0,0.00,0.0,-1,https://www.eliteprospects.com/player/483617/drake-burgin,2025-2026,ahl
04/05/2026,Ryan McCleary,Toronto Marlies,1,0,0,0,0.0,0.0,0.00,0.0,-1,https://www.eliteprospects.com/player/483627/ryan-mccleary,2025-2026,ahl
04/05/2026,Brent Johnson,Wilkes-Barre/Scranton Penguins,1,0,0,0,0.0,0.0,0.00,0.0,0,https://www.eliteprospects.com/player/512370/brent-johnson,2025-2026,ahl
04/05/2026,Mack Oliphant,San Jose Barracuda,1,0,0,0,0.0,0.0,0.00,0.0,1,https://www.eliteprospects.com/player/542863/mack-oliphant,2025-2026,ahl
04/05/2026,Lukas Gustafsson,Manitoba Moose,1,0,0,0,0.0,0.0,0.00,0.0,0,https://www.eliteprospects.com/player/551973/lukas-gustafsson,2025-2026,ahl
04/05/2026,Noah Steen,Syracuse Crunch,1,0,0,0,0.0,0.0,0.00,0.0,-1,https://www.eliteprospects.com/player/607471/noah-steen,2025-2026,ahl
04/05/2026,Herman Traff,San Diego Gulls,1,0,0,0,0.0,0.0,0.00,0.0,0,https://www.eliteprospects.com/player/618600/herman-traff,2025-2026,ahl
04/05/2026,Caleb Jones,Wilkes-Barre/Scranton Penguins,1,0,0,0,0.0,0.0,0.00,0.0,0,https://www.eliteprospects.com/player/199902/caleb-jones,2025-2026,ahl
04/05/2026,Alex Gaffney,Hershey Bears,1,0,0,0,0.0,0.0,0.00,0.0,-1,https://www.eliteprospects.com/player/201885/alex-gaffney,2025-2026,ahl
04/05/2026,Tommy Budnick,Wilkes-Barre/Scranton Penguins,1,0,0,0,0.0,0.0,0.00,2.0,0,https://www.eliteprospects.com/player/574823/tommy-budnick,2025-2026,ahl
04/05/2026,Max Graham,Wilkes-Barre/Scranton Penguins,1,0,0,0,0.0,0.0,0.00,9.0,0,https://www.eliteprospects.com/player/650079/max-graham,2025-2026,ahl
04/05/2026,Alfons Freij,Manitoba Moose,2,0,0,0,0.0,0.0,0.00,0.0,-3,https://www.eliteprospects.com/player/618996/alfons-freij,2025-2026,ahl
04/05/2026,Tarun Fizer,Springfield Thunderbirds,2,0,0,0,0.0,0.0,0.00,0.0,1,https://www.eliteprospects.com/player/413326/tarun-fizer,2025-2026,ahl
04/05/2026,Hunter Johannes,Lehigh Valley Phantoms,2,0,0,0,0.0,0.0,0.00,0.0,2,https://www.eliteprospects.com/player/379289/hunter-johannes,2025-2026,ahl
04/05/2026,Mason McCormick,Milwaukee Admirals,2,0,0,0,0.0,0.0,0.00,0.0,-2,https://www.eliteprospects.com/player/369946/mason-mccormick,2025-2026,ahl
04/05/2026,Will Riedell,Providence Bruins,2,0,0,0,0.0,0.0,0.00,0.0,1,https://www.eliteprospects.com/player/353791/will-riedell,2025-2026,ahl
04/05/2026,Braden Birnie,Abbotsford Canucks,2,0,0,0,0.0,0.0,0.00,0.0,-1,https://www.eliteprospects.com/player/352021/braden-birnie,2025-2026,ahl
04/05/2026,Zachary Okabe,Abbotsford Canucks,2,0,0,0,0.0,0.0,0.00,0.0,0,https://www.eliteprospects.com/player/337754/zachary-okabe,2025-2026,ahl
04/05/2026,Cole Krygier,Charlotte Checkers,2,0,0,0,0.0,0.0,0.00,0.0,0,https://www.eliteprospects.com/player/283959/cole-krygier,2025-2026,ahl
04/05/2026,Ryan Tattle,Providence Bruins,2,0,0,0,0.0,0.0,0.00,0.0,0,https://www.eliteprospects.com/player/595103/ryan-tattle,2025-2026,ahl
04/05/2026,Landon McCallum,Coachella Valley Firebirds,2,0,0,0,0.0,0.0,0.00,0.0,-1,https://www.eliteprospects.com/player/582562/landon-mccallum,2025-2026,ahl
04/05/2026,Dyllan Gill,Syracuse Crunch,2,0,0,0,0.0,0.0,0.00,0.0,-2,https://www.eliteprospects.com/player/573869/dyllan-gill,2025-2026,ahl
04/05/2026,Hoyt Stanley,Belleville Senators,2,0,0,0,0.0,0.0,0.00,0.0,-1,https://www.eliteprospects.com/player/535577/hoyt-stanley,2025-2026,ahl
04/05/2026,Sam Sedley,Belleville Senators,2,0,0,0,0.0,0.0,0.00,0.0,-1,https://www.eliteprospects.com/player/525665/sam-sedley,2025-2026,ahl
04/05/2026,Deni Goure,Chicago Wolves,2,0,0,0,0.0,0.0,0.00,0.0,-2,https://www.eliteprospects.com/player/505395/deni-goure,2025-2026,ahl
04/05/2026,Ben Zloty,Manitoba Moose,2,0,0,0,0.0,0.0,0.00,0.0,0,https://www.eliteprospects.com/player/475290/ben-zloty,2025-2026,ahl
04/05/2026,Brandon Hawkins,Grand Rapids Griffins,2,0,0,0,0.0,0.0,0.00,0.0,-1,https://www.eliteprospects.com/player/101957/brandon-hawkins,2025-2026,ahl
04/05/2026,Darick Louis-Jean,Laval Rocket,2,0,0,0,0.0,0.0,0.00,1.0,0,https://www.eliteprospects.com/player/382390/darick-louis-jean,2025-2026,ahl
04/05/2026,Martin Pospisil,Calgary Wranglers,2,0,0,0,0.0,0.0,0.00,1.0,-3,https://www.eliteprospects.com/player/341691/martin-pospisil,2025-2026,ahl
04/05/2026,Ryan McGuire,Iowa Wild,2,0,0,0,0.0,0.0,0.00,1.0,-2,https://www.eliteprospects.com/player/201890/ryan-mcguire,2025-2026,ahl
04/05/2026,Anthony Romano,Springfield Thunderbirds,2,0,0,0,0.0,0.0,0.00,2.0,0,https://www.eliteprospects.com/player/438110/anthony-romano,2025-2026,ahl
04/05/2026,Troy Murray,Springfield Thunderbirds,2,0,0,0,0.0,0.0,0.00,2.5,-1,https://www.eliteprospects.com/player/360750/troy-murray,2025-2026,ahl
04/05/2026,Owen Lindmark,San Diego Gulls,3,0,0,0,0.0,0.0,0.00,0.0,-1,https://www.eliteprospects.com/player/315962/owen-lindmark,2025-2026,ahl
04/05/2026,Jayden Lee,Abbotsford Canucks,3,0,0,0,0.0,0.0,0.00,0.0,-2,https://www.eliteprospects.com/player/351553/jayden-lee,2025-2026,ahl
04/05/2026,Ilya Solovyov,Colorado Eagles,3,0,0,0,0.0,0.0,0.00,0.0,1,https://www.eliteprospects.com/player/490245/ilya-solovyov,2025-2026,ahl
04/05/2026,Ben Meehan,Lehigh Valley Phantoms,3,0,0,0,0.0,0.0,0.00,0.0,-1,https://www.eliteprospects.com/player/499017/ben-meehan,2025-2026,ahl
04/05/2026,Matthew Sop,Iowa Wild,3,0,0,0,0.0,0.0,0.00,0.0,-2,https://www.eliteprospects.com/player/538401/matthew-sop,2025-2026,ahl
04/05/2026,Chase Pauls,Calgary Wranglers,3,0,0,0,0.0,0.0,0.00,0.0,-2,https://www.eliteprospects.com/player/569256/chase-pauls,2025-2026,ahl
04/05/2026,Brayden Edwards,Wilkes-Barre/Scranton Penguins,3,0,0,0,0.0,0.0,0.00,0.0,-1,https://www.eliteprospects.com/player/636658/brayden-edwards,2025-2026,ahl
04/05/2026,Matthew Andonovski,Belleville Senators,3,0,0,0,0.0,0.0,0.00,0.0,0,https://www.eliteprospects.com/player/619149/matthew-andonovski,2025-2026,ahl
04/05/2026,Maxim Barbashyov,Tucson Roadrunners,3,0,0,0,0.0,0.0,0.00,0.0,-1,https://www.eliteprospects.com/player/699160/maxim-barbashyov,2025-2026,ahl
04/05/2026,Elias Pettersson,Abbotsford Canucks,3,0,0,0,0.0,0.0,0.00,0.667,-1,https://www.eliteprospects.com/player/641020/elias-pettersson,2025-2026,ahl
04/05/2026,Sean Larochelle,Manitoba Moose,3,0,0,0,0.0,0.0,0.00,0.667,0,https://www.eliteprospects.com/player/295659/sean-larochelle,2025-2026,ahl
04/05/2026,Ryan Bottrill,Iowa Wild,3,0,0,0,0.0,0.0,0.00,0.667,-2,https://www.eliteprospects.com/player/417223/ryan-bottrill,2025-2026,ahl
04/05/2026,Terrell Goldsmith,Tucson Roadrunners,3,0,0,0,0.0,0.0,0.00,2.333,1,https://www.eliteprospects.com/player/638604/terrell-goldsmith,2025-2026,ahl
04/05/2026,Samuel Mayer,Henderson Silver Knights,4,0,0,0,0.0,0.0,0.00,0.0,0,https://www.eliteprospects.com/player/479856/samuel-mayer,2025-2026,ahl
04/05/2026,Ian Moore,San Diego Gulls,4,0,0,0,0.0,0.0,0.00,0.0,0,https://www.eliteprospects.com/player/201746/ian-moore,2025-2026,ahl
04/05/2026,Colin Swoyer,Cleveland Monsters,4,0,0,0,0.0,0.0,0.00,0.5,0,https://www.eliteprospects.com/player/271345/colin-swoyer,2025-2026,ahl
04/05/2026,Danny Katic,Belleville Senators,4,0,0,0,0.0,0.0,0.00,0.5,-1,https://www.eliteprospects.com/player/313394/danny-katic,2025-2026,ahl
04/05/2026,Sam Stevens,Toronto Marlies,4,0,0,0,0.0,0.0,0.00,0.5,-1,https://www.eliteprospects.com/player/315953/sam-stevens,2025-2026,ahl
04/05/2026,Dillan Bentley,Laval Rocket,4,0,0,0,0.0,0.0,0.00,1.0,1,https://www.eliteprospects.com/player/476700/dillan-bentley,2025-2026,ahl
04/05/2026,Gavin McCarthy,Rochester Americans,4,0,0,0,0.0,0.0,0.00,1.0,1,https://www.eliteprospects.com/player/685705/gavin-mccarthy,2025-2026,ahl
04/05/2026,Zach Berzolla,Springfield Thunderbirds,4,0,0,0,0.0,0.0,0.00,1.5,-1,https://www.eliteprospects.com/player/291858/zach-berzolla,2025-2026,ahl
04/05/2026,Xavier Bernard,Calgary Wranglers,4,0,0,0,0.0,0.0,0.00,2.0,2,https://www.eliteprospects.com/player/335702/xavier-bernard,2025-2026,ahl
04/05/2026,Jack Bar,San Jose Barracuda,5,0,0,0,0.0,0.0,0.00,0.0,0,https://www.eliteprospects.com/player/503032/jack-bar,2025-2026,ahl
04/05/2026,Stevie Leskovar,Iowa Wild,5,0,0,0,0.0,0.0,0.00,0.0,-1,https://www.eliteprospects.com/player/526026/stevie-leskovar,2025-2026,ahl
04/05/2026,Emil Hemming,Texas Stars,5,0,0,0,0.0,0.0,0.00,0.0,-1,https://www.eliteprospects.com/player/689033/emil-hemming,2025-2026,ahl
04/05/2026,Will MacKinnon,Cleveland Monsters,5,0,0,0,0.0,0.0,0.00,0.4,0,https://www.eliteprospects.com/player/285412/will-mackinnon,2025-2026,ahl
04/05/2026,Jacob Dion,Laval Rocket,5,0,0,0,0.0,0.0,0.00,0.4,-2,https://www.eliteprospects.com/player/410556/jacob-dion,2025-2026,ahl
04/05/2026,Lukas Sillinger,Iowa Wild,5,0,0,0,0.0,0.0,0.00,0.4,-1,https://www.eliteprospects.com/player/287466/lukas-sillinger,2025-2026,ahl
04/05/2026,Brooklyn Kalmikov,Providence Bruins,5,0,0,0,0.0,0.0,0.00,0.4,-5,https://www.eliteprospects.com/player/290173/brooklyn-kalmikov,2025-2026,ahl
04/05/2026,Chris Douglas,Rochester Americans,5,0,0,0,0.0,0.0,0.00,0.8,-1,https://www.eliteprospects.com/player/350210/chris-douglas,2025-2026,ahl
04/05/2026,John Gormley,San Jose Barracuda,5,0,0,0,0.0,0.0,0.00,1.4,0,https://www.eliteprospects.com/player/519987/john-gormley,2025-2026,ahl
04/05/2026,James Stefan,Bakersfield Condors,6,0,0,0,0.0,0.0,0.00,0.0,0,https://www.eliteprospects.com/player/480110/james-stefan,2025-2026,ahl
04/05/2026,Scott Reedy,Bridgeport Islanders,6,0,0,0,0.0,0.0,0.00,0.0,-5,https://www.eliteprospects.com/player/269301/scott-reedy,2025-2026,ahl
04/05/2026,Kevin Wall,Springfield Thunderbirds,6,0,0,0,0.0,0.0,0.00,0.333,-1,https://www.eliteprospects.com/player/355153/kevin-wall,2025-2026,ahl
04/05/2026,Gavin Hain,Hartford Wolf Pack,6,0,0,0,0.0,0.0,0.00,0.333,-3,https://www.eliteprospects.com/player/354061/gavin-hain,2025-2026,ahl
04/05/2026,Chongmin Lee,Cleveland Monsters,6,0,0,0,0.0,0.0,0.00,0.333,1,https://www.eliteprospects.com/player/325427/chongmin-lee,2025-2026,ahl
04/05/2026,Artyom Guryev,Lehigh Valley Phantoms,6,0,0,0,0.0,0.0,0.00,0.667,-1,https://www.eliteprospects.com/player/617884/artyom-guryev,2025-2026,ahl
04/05/2026,Braidan Simmons-Fischer,Iowa Wild,6,0,0,0,0.0,0.0,0.00,0.833,0,https://www.eliteprospects.com/player/417578/braidan-simmons-fischer,2025-2026,ahl
04/05/2026,Anthony Kehrer,Springfield Thunderbirds,7,0,0,0,0.0,0.0,0.00,0.0,-3,https://www.eliteprospects.com/player/201954/anthony-kehrer,2025-2026,ahl
04/05/2026,Roman Kinal,San Diego Gulls,8,0,0,0,0.0,0.0,0.00,0.0,1,https://www.eliteprospects.com/player/311067/roman-kinal,2025-2026,ahl
04/05/2026,Chase Wheatcroft,Texas Stars,8,0,0,0,0.0,0.0,0.00,0.5,1,https://www.eliteprospects.com/player/506229/chase-wheatcroft,2025-2026,ahl
04/05/2026,Anton Lundmark,Charlotte Checkers,9,0,0,0,0.0,0.0,0.00,0.444,-2,https://www.eliteprospects.com/player/350424/anton-lundmark,2025-2026,ahl
04/05/2026,Braden Doyle,Chicago Wolves,9,0,0,0,0.0,0.0,0.00,1.667,0,https://www.eliteprospects.com/player/385678/braden-doyle,2025-2026,ahl
04/05/2026,Jett Jones,Springfield Thunderbirds,11,0,0,0,0.0,0.0,0.00,0.364,-6,https://www.eliteprospects.com/player/442336/jett-jones,2025-2026,ahl
04/05/2026,Noah Powell,Lehigh Valley Phantoms,11,0,0,0,0.0,0.0,0.00,0.818,-4,https://www.eliteprospects.com/player/674718/noah-powell,2025-2026,ahl
04/05/2026,Loke Johansson,Providence Bruins,12,0,0,0,0.0,0.0,0.00,0.333,3,https://www.eliteprospects.com/player/719598/loke-johansson,2025-2026,ahl
04/05/2026,Tag Bertuzzi,Utica Comets,13,0,0,0,0.0,0.0,0.00,0.0,-5,https://www.eliteprospects.com/player/279765/tag-bertuzzi,2025-2026,ahl
04/05/2026,Christian Felton,Abbotsford Canucks,13,0,0,0,0.0,0.0,0.00,0.0,-3,https://www.eliteprospects.com/player/325238/christian-felton,2025-2026,ahl
04/05/2026,Sawyer Boulton,Lehigh Valley Phantoms,14,0,0,0,0.0,0.0,0.00,1.714,-2,https://www.eliteprospects.com/player/637562/sawyer-boulton,2025-2026,ahl
04/05/2026,Matt Brown,Bakersfield Condors,15,0,0,0,0.0,0.0,0.00,0.133,1,https://www.eliteprospects.com/player/381804/matt-brown,2025-2026,ahl
04/05/2026,Dawson Barteaux,Manitoba Moose,26,0,0,0,0.0,0.0,0.00,0.769,-12,https://www.eliteprospects.com/player/285046/dawson-barteaux,2025-2026,ahl
04/05/2026,Kale Kessy,Springfield Thunderbirds,39,0,0,0,0.0,0.0,0.00,1.718,-10,https://www.eliteprospects.com/player/26412/kale-kessy,2025-2026,ahl
04/05/2026,Connor Kelley,Colorado Eagles,0,0,0,0,,,0,,0,https://www.eliteprospects.com/player/495926/connor-kelley,2025-2026,ahl
04/05/2026,Lucas Pettersson,San Diego Gulls,0,0,0,0,,,0,,0,https://www.eliteprospects.com/player/714960/lucas-pettersson,2025-2026,ahl
04/05/2026,Charlie Leddy,Utica Comets,0,0,0,0,,,0,,0,https://www.eliteprospects.com/player/526226/charlie-leddy,2025-2026,ahl
04/05/2026,Charlie Cerrato,Chicago Wolves,0,0,0,0,,,0,,0,https://www.eliteprospects.com/player/535580/charlie-cerrato,2025-2026,ahl
04/05/2026,Jonathan Castagna,Calgary Wranglers,0,0,0,0,,,0,,0,https://www.eliteprospects.com/player/535656/jonathan-castagna,2025-2026,ahl
04/05/2026,Michael Mastrodomenico,Ontario Reign,0,0,0,0,,,0,,0,https://www.eliteprospects.com/player/570755/michael-mastrodomenico,2025-2026,ahl
04/05/2026,Henry Brzustewicz,Ontario Reign,0,0,0,0,,,0,,0,https://www.eliteprospects.com/player/576953/henry-brzustewicz,2025-2026,ahl
04/05/2026,Owen Griffin,Cleveland Monsters,0,0,0,0,,,0,,0,https://www.eliteprospects.com/player/577177/owen-griffin,2025-2026,ahl
04/05/2026,Charlie Elick,Cleveland Monsters,0,0,0,0,,,0,,0,https://www.eliteprospects.com/player/597844/charlie-elick,2025-2026,ahl
04/05/2026,Brendan Gorman,Ontario Reign,0,0,0,0,,,0,,0,https://www.eliteprospects.com/player/617852/brendan-gorman,2025-2026,ahl
04/05/2026,Tristan Sarsland,San Jose Barracuda,0,0,0,0,,,0,,0,https://www.eliteprospects.com/player/623765/tristan-sarsland,2025-2026,ahl
04/05/2026,Colin Ralph,Springfield Thunderbirds,0,0,0,0,,,0,,0,https://www.eliteprospects.com/player/634896/colin-ralph,2025-2026,ahl
04/05/2026,Broten Sabo,Wilkes-Barre/Scranton Penguins,0,0,0,0,,,0,,0,https://www.eliteprospects.com/player/658972/broten-sabo,2025-2026,ahl
04/05/2026,Hayes Hundley,Toronto Marlies,0,0,0,0,,,0,,0,https://www.eliteprospects.com/player/676848/hayes-hundley,2025-2026,ahl
04/05/2026,Gannon Laroque,Laval Rocket,0,0,0,0,,,0,,0,https://www.eliteprospects.com/player/476541/gannon-laroque,2025-2026,ahl
04/05/2026,Davis Burnside,Manitoba Moose,0,0,0,0,,,0,,0,https://www.eliteprospects.com/player/464776/davis-burnside,2025-2026,ahl
04/05/2026,Erik Bargholtz,San Jose Barracuda,0,0,0,0,,,0,,0,https://www.eliteprospects.com/player/438988/erik-bargholtz,2025-2026,ahl
04/05/2026,Will Gilson,Providence Bruins,0,0,0,0,,,0,,0,https://www.eliteprospects.com/player/424457/will-gilson,2025-2026,ahl
04/05/2026,Matt Basgall,San Diego Gulls,0,0,0,0,,,0,,0,https://www.eliteprospects.com/player/418236/matt-basgall,2025-2026,ahl
04/05/2026,Valtteri Piironen,Coachella Valley Firebirds,0,0,0,0,,,0,,0,https://www.eliteprospects.com/player/395047/valtteri-piironen,2025-2026,ahl
04/05/2026,Daniel Russell,Wilkes-Barre/Scranton Penguins,0,0,0,0,,,0,,0,https://www.eliteprospects.com/player/376515/daniel-russell,2025-2026,ahl
04/05/2026,Jaydon Dureau,Manitoba Moose,0,0,0,0,,,0,,0,https://www.eliteprospects.com/player/352026/jaydon-dureau,2025-2026,ahl
04/05/2026,Luke Reid,Utica Comets,0,0,0,0,,,0,,0,https://www.eliteprospects.com/player/351751/luke-reid,2025-2026,ahl
04/05/2026,Erik Middendorf,Providence Bruins,0,0,0,0,,,0,,0,https://www.eliteprospects.com/player/351001/erik-middendorf,2025-2026,ahl
04/05/2026,Joe Carroll,Rockford IceHogs,0,0,0,0,,,0,,0,https://www.eliteprospects.com/player/336897/joe-carroll,2025-2026,ahl
04/05/2026,Juha Jaaska,Chicago Wolves,0,0,0,0,,,0,,0,https://www.eliteprospects.com/player/222123/juha-jaaska,2025-2026,ahl
04/05/2026,Grant Slukynsky,Ontario Reign,0,0,0,0,,,0,,0,https://www.eliteprospects.com/player/201958/grant-slukynsky,2025-2026,ahl
04/05/2026,Max McCormick,Coachella Valley Firebirds,0,0,0,0,,,0,,0,https://www.eliteprospects.com/player/90365/max-mccormick,2025-2026,ahl
