,,,,,,,Playing Time,,,,Performance,,,,,,,,Per 90 Minutes,,,,,
Rk,Player,Pos,Squad,Age,Club,Born,MP,Starts,Min,90s,Gls,Ast,G+A,G-PK,PK,PKatt,CrdY,CrdR,Gls,Ast,G+A,G-PK,G+A-PK,Matches
1,Brenden Aaronson,MF,us United States,25-251,1.eng Leeds United,2000,1,1,76,0.8,0,0,0,0,0,0,0,0,0,0,0,0,0,Matches
2,Thelo Aasgaard,MF,no Norway,24-059,1.sct Rangers,2002,1,1,90,1,1,0,1,1,0,0,0,0,1,0,1,1,1,Matches
3,Hamza Abdelkarim,FW,eg Egypt,18-180,4.es Barcelona B,2008,3,0,45,0.5,0,0,0,0,0,0,0,0,0,0,0,0,0,Matches
4,Hossam Abdelmaguid,DF,eg Egypt,25-061,1.eg Zamalek SC,2001,1,0,5,0.1,0,0,0,0,0,0,0,0,0,0,0,0,0,Matches
5,Mohamed Abdelmonem,DF,eg Egypt,27-149,1.fr Nice,1999,2,1,14,0.2,0,0,0,0,0,0,0,0,0,0,0,0,0,Matches
6,Ali Abdi,DF,tn Tunisia,32-192,1.fr Nice,1993,3,3,269,3,0,0,0,0,0,0,0,0,0,0,0,0,0,Matches
7,Saud Abdulhamid,DF,sa Saudi Arabia,26-347,1.fr Lens,1999,3,3,269,3,0,0,0,0,0,0,1,0,0,0,0,0,0,Matches
8,Abdulla Abdullaev,DF,uz Uzbekistan,28-302,1.ae Dibba Al Fujairah,1997,2,2,180,2,0,0,0,0,0,0,0,0,0,0,0,0,0,Matches
9,Yusuf Abdurisag,FW,qa Qatar,26-328,1.qa Al-Wakrah,1999,2,2,98,1.1,0,0,0,0,0,0,0,0,0,0,0,0,0,Matches
10,Husam Abu Dahab,DF,jo Jordan,26-048,1.kw Al-Salmiya SC,2000,2,2,178,2,0,0,0,0,0,0,1,0,0,0,0,0,0,Matches
11,Mohammad Abu Hasheesh,DF,jo Jordan,31-052,1.iq Al-Karma,1995,1,0,6,0.1,0,0,0,0,0,0,0,0,0,0,0,0,0,Matches
12,Mohannad Abu Taha,DF,jo Jordan,23-148,1.iq Al-Quwa Al-Jawiya,2003,3,3,264,2.9,0,0,0,0,0,0,1,0,0,0,0,0,0,Matches
13,Mo Abualnadi,DF,jo Jordan,25-142,1.my Selangor FA,2001,1,1,71,0.8,0,0,0,0,0,0,0,0,0,0,0,0,0,Matches
14,Yazeed Abulaila,GK,jo Jordan,33-173,1.jo Al-Hussein SC,1993,3,3,270,3,0,0,0,0,0,0,0,0,0,0,0,0,0,Matches
15,Mahmoud Abunada,GK,qa Qatar,26-145,1.qa Al Rayyan SC,2000,3,3,270,3,0,0,0,0,0,0,1,0,0,0,0,0,0,Matches
16,Elias Achouri,"FW,MF",tn Tunisia,27-140,1.dk FC Copenhagen,1999,3,0,43,0.5,0,0,0,0,0,0,0,0,0,0,0,0,0,Matches
17,Ché Adams,FW,sct Scotland,29-352,1.it Torino,1996,3,2,145,1.6,0,0,0,0,0,0,0,0,0,0,0,0,0,Matches
18,Jayden Adams,MF,za South Africa,25-056,1.za Sundowns,2001,3,2,116,1.3,0,0,0,0,0,0,0,0,0,0,0,0,0,Matches
19,Tyler Adams,MF,us United States,27-136,1.eng Bournemouth,1999,2,2,180,2,0,0,0,0,0,0,1,0,0,0,0,0,0,Matches
20,Ricardo Adé,DF,ht Haiti,36-040,1.ec LDU Quito,1990,3,3,270,3,0,0,0,0,0,0,0,0,0,0,0,0,0,Matches
21,Ibrahim Adel,MF,eg Egypt,25-068,1.dk Nordsjælland,2001,1,0,3,0,0,0,0,0,0,0,0,0,0,0,0,0,0,Matches
22,Simon Adingra,"FW,MF",ci Côte d'Ivoire,24-180,1.fr Monaco,2002,1,0,16,0.2,0,0,0,0,0,0,0,0,0,0,0,0,0,Matches
23,Jonas Adjetey,DF,gh Ghana,22-199,1.de Wolfsburg,2003,3,3,225,2.5,0,0,0,0,0,0,0,0,0,0,0,0,0,Matches
24,Michel Aebischer,"MF,FW",ch Switzerland,29-175,1.it Pisa,1997,3,2,152,1.7,0,0,0,0,0,0,0,0,0,0,0,0,0,Matches
25,Akram Afif,"FW,MF",qa Qatar,29-224,1.qa Al Sadd,1996,3,3,238,2.6,0,0,0,0,0,0,0,0,0,0,0,0,0,Matches
Rk,Player,Pos,Squad,Age,Club,Born,MP,Starts,Min,90s,Gls,Ast,G+A,G-PK,PK,PKatt,CrdY,CrdR,Gls,Ast,G+A,G-PK,G+A-PK,Matches
26,Emmanuel Agbadou,DF,ci Côte d'Ivoire,29-013,1.tr Be?ikta?,1997,2,2,180,2,0,0,0,0,0,0,0,0,0,0,0,0,0,Matches
27,Rodrigo Aguirre,FW,uy Uruguay,31-272,1.mx América,1994,1,0,1,0,0,0,0,0,0,0,0,0,0,0,0,0,0,Matches
28,Ali Ahmed,MF,ca Canada,25-263,2.eng Norwich City,2000,3,2,157,1.7,0,0,0,0,0,0,0,0,0,0,0,0,0,Matches
29,Homam Ahmed,DF,qa Qatar,26-309,2.es Cultural Leonesa,1999,2,2,122,1.4,0,1,1,0,0,0,0,1,0,0.74,0.74,0,0.74,Matches
30,Rayan Aït-Nouri,DF,dz Algeria,25-024,1.eng Manchester City,2001,3,2,194,2.2,0,0,0,0,0,0,0,0,0,0,0,0,0,Matches
31,Kristoffer Ajer,DF,no Norway,28-074,1.eng Brentford,1998,2,2,180,2,0,0,0,0,0,0,0,0,0,0,0,0,0,Matches
32,Manuel Akanji,DF,ch Switzerland,30-346,1.it Inter,1995,3,3,270,3,0,0,0,0,0,0,0,0,0,0,0,0,0,Matches
33,Nathan Aké,DF,nl Netherlands,31-132,1.eng Manchester City,1995,3,2,170,1.9,0,0,0,0,0,0,0,0,0,0,0,0,0,Matches
34,Yunus Akgün,MF,tr Türkiye,25-358,1.tr Galatasaray,2000,2,1,88,1,0,0,0,0,0,0,1,0,0,0,0,0,0,Matches
35,Maghnes Akliouche,MF,fr France,24-125,1.fr Monaco,2002,1,0,8,0.1,0,0,0,0,0,0,0,0,0,0,0,0,0,Matches
36,Kerem Aktürko?lu,FW,tr Türkiye,27-252,1.tr Fenerbahçe,1998,2,2,129,1.4,0,0,0,0,0,0,0,0,0,0,0,0,0,Matches
37,Ahmed Alaaeldin,FW,qa Qatar,33-150,1.qa Al Rayyan SC,1993,2,0,43,0.5,0,0,0,0,0,0,0,0,0,0,0,0,0,Matches
38,David Alaba,DF,at Austria,34-006,1.es Real Madrid,1992,3,3,185,2.1,0,1,1,0,0,0,0,0,0,0.49,0.49,0,0.49,Matches
39,Kerim Alajbegovi?,MF,ba Bosnia–Herz,18-282,1.at RB Salzburg,2007,3,2,187,2.1,1,0,1,1,0,0,0,0,0.48,0,0.48,0.48,0.48,Matches
40,Jordy Alcivar,MF,ec Ecuador,26-329,1.ec Independiente,1999,1,1,45,0.5,0,0,0,0,0,0,1,0,0,0,0,0,0,Matches
41,Omar Alderete,DF,py Paraguay,29-186,1.eng Sunderland,1996,3,3,263,2.9,0,0,0,0,0,0,0,0,0,0,0,0,0,Matches
42,Almoez Ali,FW,qa Qatar,29-315,1.qa Al Duhail SC,1996,1,0,19,0.2,0,0,0,0,0,0,0,0,0,0,0,0,0,Matches
43,Hussein Ali,DF,iq Iraq,24-121,1.pl Pogo? Szczecin,2002,2,2,162,1.8,0,0,0,0,0,0,0,0,0,0,0,0,0,Matches
44,Mohanad Ali,FW,iq Iraq,26-010,1.ae Dibba Al Fujairah,2000,1,0,13,0.1,0,0,0,0,0,0,0,0,0,0,0,0,0,Matches
45,Taha Ali,"FW,MF",se Sweden,27-364,1.se Malmö,1998,1,0,12,0.1,0,0,0,0,0,0,0,0,0,0,0,0,0,Matches
46,Khojiakbar Alijonov,MF,uz Uzbekistan,29-072,1.uz Pakhtakor Tashkent FK,1997,2,1,135,1.5,0,0,0,0,0,0,0,0,0,0,0,0,0,Matches
47,Ali Alipour,FW,ir IR Iran,30-231,1.ir Persepolis,1995,1,0,38,0.4,0,0,0,0,0,0,0,0,0,0,0,0,0,Matches
48,Alisson,GK,br Brazil,33-271,1.eng Liverpool,1992,4,4,360,4,0,0,0,0,0,0,0,0,0,0,0,0,0,Matches
49,Thiago Almada,MF,ar Argentina,25-065,1.es Atlético Madrid,2001,3,2,148,1.6,0,0,0,0,0,0,0,0,0,0,0,0,0,Matches
50,Miguel Almirón,"MF,FW",py Paraguay,32-140,1.us Atlanta Utd,1994,3,3,212,2.4,0,0,0,0,0,0,1,1,0,0,0,0,0,Matches
Rk,Player,Pos,Squad,Age,Club,Born,MP,Starts,Min,90s,Gls,Ast,G+A,G-PK,PK,PKatt,CrdY,CrdR,Gls,Ast,G+A,G-PK,G+A-PK,Matches
51,Júnior Alonso,DF,py Paraguay,33-141,1.br Atlético Mineiro,1993,4,3,300,3.3,0,0,0,0,0,0,1,0,0,0,0,0,0,Matches
52,Bar?? Alper Y?lmaz,"MF,FW",tr Türkiye,26-038,1.tr Galatasaray,2000,3,2,179,2,1,1,2,1,0,0,0,0,0.5,0.5,1.01,0.5,1.01,Matches
53,Roberto Alvarado,"FW,MF",mx Mexico,27-296,1.mx Guadalajara,1998,3,3,259,2.9,0,2,2,0,0,0,0,0,0,0.69,0.69,0,0.69,Matches
54,Edson Álvarez,"MF,DF",mx Mexico,28-249,1.eng West Ham,1997,3,2,195,2.2,0,0,0,0,0,0,1,0,0,0,0,0,0,Matches
55,Julián Álvarez,FW,ar Argentina,26-150,1.es Atlético Madrid,2000,3,1,144,1.6,0,0,0,0,0,0,0,0,0,0,0,0,0,Matches
56,Ayoube Amaimouni,MF,ma Morocco,21-212,1.de Frankfurt,2004,2,0,18,0.2,0,0,0,0,0,0,0,0,0,0,0,0,0,Matches
57,Zeki Amdouni,"FW,MF",ch Switzerland,25-208,1.eng Burnley,2000,1,0,12,0.1,0,0,0,0,0,0,0,0,0,0,0,0,0,Matches
58,Michael Amir Murillo,"DF,MF",pa Panama,30-139,1.tr Be?ikta?,1996,3,3,270,3,0,0,0,0,0,0,0,0,0,0,0,0,0,Matches
59,Nadiem Amiri,MF,de Germany,29-246,1.de Mainz 05,1996,2,0,42,0.5,0,1,1,0,0,0,0,0,0,2.14,2.14,0,2.14,Matches
60,Amir Al Ammari,MF,iq Iraq,28-338,1.pl Cracovia,1997,3,3,247,2.7,0,1,1,0,0,0,2,0,0,0.36,0.36,0,0.36,Matches
61,Azizbek Amonov,FW,uz Uzbekistan,28-243,1.uz FK Bukhara Nurafshon,1997,1,0,14,0.2,0,0,0,0,0,0,0,0,0,0,0,0,0,Matches
62,Mohamed Amoura,"FW,MF",dz Algeria,26-052,1.de Wolfsburg,2000,1,0,27,0.3,0,0,0,0,0,0,0,0,0,0,0,0,0,Matches
63,Sofyan Amrabat,MF,ma Morocco,29-313,1.es Real Betis,1996,1,1,90,1,0,0,0,0,0,0,0,0,0,0,0,0,0,Matches
64,Abdulelah Al-Amri,DF,sa Saudi Arabia,29-166,,1997,3,3,239,2.7,1,0,1,1,0,0,1,0,0.38,0,0.38,0.38,0.38,Matches
65,Youssef Amyn,MF,iq Iraq,22-313,1.cy AEK Larnaca,2003,1,0,31,0.3,0,0,0,0,0,0,0,0,0,0,0,0,0,Matches
66,Elliot Anderson,MF,eng England,23-236,1.eng Nottingham,2002,3,3,246,2.7,0,1,1,0,0,0,0,0,0,0.37,0.37,0,0.37,Matches
67,Andrés Andrade Cedeño,DF,pa Panama,27-257,1.at LASK,1998,3,3,270,3,0,0,0,0,0,0,1,0,0,0,0,0,0,Matches
68,Fredrik André Bjørkan,DF,no Norway,27-313,1.no Bodø/Glimt,1998,1,1,45,0.5,0,0,0,0,0,0,0,0,0,0,0,0,0,Matches
69,Nilson Angulo,MF,ec Ecuador,23-011,1.eng Sunderland,2003,3,1,140,1.6,1,0,1,1,0,0,0,0,0.64,0,0.64,0.64,0.64,Matches
70,Waldemar Anton,"DF,MF",de Germany,29-345,1.de Dortmund,1996,2,0,50,0.6,0,0,0,0,0,0,0,0,0,0,0,0,0,Matches
71,Jeremy Antonisse,"FW,MF",cw Curaçao,24-093,1.gr AE Kifisia,2002,2,0,75,0.8,0,0,0,0,0,0,0,0,0,0,0,0,0,Matches
72,Houssem Aouar,MF,dz Algeria,28-000,1.sa Al-Ittihad,1998,2,1,116,1.3,0,2,2,0,0,0,0,0,0,1.55,1.55,0,1.55,Matches
73,Oswin Appollis,"MF,FW",za South Africa,24-309,1.za Orlando Pirates,2001,4,3,255,2.8,0,0,0,0,0,0,0,0,0,0,0,0,0,Matches
74,Yazan Al-Arab,DF,jo Jordan,30-150,1.kr FC Seoul,1996,3,3,270,3,0,0,0,0,0,0,1,0,0,0,0,0,0,Matches
75,Maxi Araújo,"FW,MF",uy Uruguay,26-135,1.pt Sporting CP,2000,3,3,250,2.8,2,1,3,2,0,0,0,0,0.72,0.36,1.08,0.72,1.08,Matches
Rk,Player,Pos,Squad,Age,Club,Born,MP,Starts,Min,90s,Gls,Ast,G+A,G-PK,PK,PKatt,CrdY,CrdR,Gls,Ast,G+A,G-PK,G+A-PK,Matches
76,Tomás Araújo,DF,pt Portugal,24-045,1.pt Benfica,2002,1,1,90,1,0,0,0,0,0,0,1,0,0,0,0,0,0,Matches
77,Telmo Arcanjo,MF,cv Cabo Verde,25-009,1.pt Vit. Guimarães,2001,2,1,57,0.6,0,0,0,0,0,0,0,0,0,0,0,0,0,Matches
78,Álex Arce,FW,py Paraguay,31-014,1.ar Ind. Rivadavia,1995,2,0,53,0.6,0,0,0,0,0,0,1,0,0,0,0,0,0,Matches
79,Carlens Arcus,"MF,DF",ht Haiti,30-002,1.fr Angers,1996,3,2,146,1.6,0,0,0,0,0,0,1,0,0,0,0,0,0,Matches
80,Jhon Arias,MF,co Colombia,28-282,1.br Palmeiras,1997,3,3,240,2.7,0,0,0,0,0,0,0,0,0,0,0,0,0,Matches
81,Santiago Arias,DF,co Colombia,34-168,1.ar Independiente,1992,1,1,86,1,0,0,0,0,0,0,0,0,0,0,0,0,0,Matches
82,Marko Arnautovi?,FW,at Austria,37-072,1.rs Red Star,1989,3,1,113,1.3,2,0,2,1,1,1,1,0,1.59,0,1.59,0.8,0.8,Matches
83,Benjamin Asare,GK,gh Ghana,33-352,1.gh Accra Hearts of Oak,1992,3,2,225,2.5,0,0,0,0,0,0,0,0,0,0,0,0,0,Matches
84,Emam Ashour,MF,eg Egypt,28-130,1.eg Al Ahly,1998,3,3,197,2.2,1,0,1,1,0,0,0,0,0.46,0,0.46,0.46,0.46,Matches
85,Rustam Ashurmatov,DF,uz Uzbekistan,29-358,1.ir Esteghlal,1996,3,3,256,2.8,0,0,0,0,0,0,0,0,0,0,0,0,0,Matches
86,Lawrence Ati-Zigi,GK,gh Ghana,29-213,1.ch St. Gallen,1996,1,1,45,0.5,0,0,0,0,0,0,0,0,0,0,0,0,0,Matches
87,Marwan Attia,MF,eg Egypt,27-322,1.eg Al Ahly,1998,3,2,225,2.5,0,0,0,0,0,0,1,0,0,0,0,0,0,Matches
88,Fredrik Aursnes,"MF,DF",no Norway,30-202,1.pt Benfica,1995,3,3,207,2.3,0,0,0,0,0,0,0,0,0,0,0,0,0,Matches
89,Gabriel Ávalos,FW,py Paraguay,35-261,1.ar Independiente,1990,3,2,121,1.3,0,0,0,0,0,0,0,0,0,0,0,0,0,Matches
90,Yasin Ayari,MF,se Sweden,22-267,1.eng Brighton,2003,3,3,258,2.9,2,0,2,2,0,0,1,0,0.7,0,0.7,0.7,0.7,Matches
91,O?uz Ayd?n,DF,tr Türkiye,25-246,1.tr Fenerbahçe,2000,1,1,89,1,0,0,0,0,0,0,0,0,0,0,0,0,0,Matches
92,Jordan Ayew,FW,gh Ghana,34-292,2.eng Leicester City,1991,3,3,222,2.5,0,0,0,0,0,0,0,0,0,0,0,0,0,Matches
93,Kaan Ayhan,"DF,MF",tr Türkiye,31-232,1.tr Galatasaray,1994,1,0,3,0,1,0,1,1,0,0,0,0,30,0,30,30,30,Matches
94,Neil El Aynaoui,MF,ma Morocco,24-363,1.it Roma,2001,4,4,382,4.2,0,0,0,0,0,0,0,0,0,0,0,0,0,Matches
95,Ali Azaizeh,MF,jo Jordan,22-078,1.sa Al-Shabab,2004,3,1,54,0.6,0,0,0,0,0,0,0,0,0,0,0,0,0,Matches
96,Juninho Bacuna,MF,cw Curaçao,28-327,1.nl Volendam,1997,3,3,254,2.8,0,0,0,0,0,0,2,0,0,0,0,0,0,Matches
97,Leandro Bacuna,MF,cw Curaçao,34-313,2.tr 76 I?d?r Belediyespor,1991,3,3,270,3,0,0,0,0,0,0,1,0,0,0,0,0,0,Matches
98,Álex Baena,FW,es Spain,24-345,1.es Atlético Madrid,2001,2,2,126,1.4,1,0,1,1,0,0,1,0,0.71,0,0.71,0.71,0.71,Matches
99,Esmir Bajraktarevic,MF,ba Bosnia–Herz,21-112,1.nl PSV,2005,3,2,190,2.1,0,0,0,0,0,0,0,0,0,0,0,0,0,Matches
100,Cédric Bakambu,FW,cd Congo DR,35-080,1.es Real Betis,1991,3,3,190,2.1,0,0,0,0,0,0,0,0,0,0,0,0,0,Matches
Rk,Player,Pos,Squad,Age,Club,Born,MP,Starts,Min,90s,Gls,Ast,G+A,G-PK,PK,PKatt,CrdY,CrdR,Gls,Ast,G+A,G-PK,G+A-PK,Matches
101,Fabián Balbuena,DF,py Paraguay,34-311,1.br Grêmio,1991,1,0,1,0,0,0,0,0,0,0,0,0,0,0,0,0,0,Matches
102,Folarin Balogun,FW,us United States,24-362,1.fr Monaco,2001,2,2,160,1.8,2,0,2,2,0,0,1,0,1.13,0,1.13,1.13,1.13,Matches
103,Simon Banza,"FW,MF",cd Congo DR,29-321,1.ae Al Jazira Club,1996,2,0,40,0.4,0,0,0,0,0,0,0,0,0,0,0,0,0,Matches
104,Yoel Bárcenas,MF,pa Panama,32-250,1.mx Mazatlán,1993,3,3,249,2.8,0,0,0,0,0,0,1,0,0,0,0,0,0,Matches
105,Valentín Barco,"DF,MF",ar Argentina,21-342,1.fr Strasbourg,2004,1,0,20,0.2,0,0,0,0,0,0,0,0,0,0,0,0,0,Matches
106,Bradley Barcola,MF,fr France,23-301,1.fr PSG,2002,3,1,119,1.3,1,1,2,1,0,0,0,0,0.76,0.76,1.51,0.76,1.51,Matches
107,Abdülkerim Bardakc?,DF,tr Türkiye,31-296,1.tr Galatasaray,1994,3,3,265,2.9,0,0,0,0,0,0,0,0,0,0,0,0,0,Matches
108,Ivan Baši?,MF,ba Bosnia–Herz,24-061,1.kz FC Astana,2002,3,2,179,2,0,1,1,0,0,0,0,0,0,0.5,0.5,0,0.5,Matches
109,Ahmed Basil,GK,iq Iraq,29-315,1.iq Al-Shorta,1996,2,2,135,1.5,0,0,0,0,0,0,0,0,0,0,0,0,0,Matches
110,Martin Baturina,"MF,FW",hr Croatia,23-134,1.it Como,2003,3,3,254,2.8,1,0,1,1,0,0,0,0,0.35,0,0.35,0.35,0.35,Matches
111,Ibrahim Bayesh,"MF,FW",iq Iraq,26-060,1.ae Al Dhafra SCC,2000,3,3,235,2.6,0,0,0,0,0,0,0,0,0,0,0,0,0,Matches
112,Samed Baždar,FW,ba Bosnia–Herz,22-150,1.de Gladbach,2004,1,0,29,0.3,0,0,0,0,0,0,0,0,0,0,0,0,0,Matches
113,Riechedly Bazoer,DF,cw Curaçao,29-261,1.tr Konyaspor,1996,1,1,90,1,0,0,0,0,0,0,0,0,0,0,0,0,0,Matches
114,Patrick Beach,GK,au Australia,22-328,1.au Melb City,2003,3,3,270,3,0,0,0,0,0,0,0,0,0,0,0,0,0,Matches
115,Aziz Behich,MF,au Australia,35-196,1.au Melb City,1990,2,1,97,1.1,0,0,0,0,0,0,0,0,0,0,0,0,0,Matches
116,Maximilian Beier,"FW,MF",de Germany,23-256,1.de Dortmund,2002,1,0,27,0.3,0,0,0,0,0,0,0,0,0,0,0,0,0,Matches
117,Alireza Beiranvand,GK,ir IR Iran,33-282,1.ir Tractor,1992,3,3,270,3,0,0,0,0,0,0,0,0,0,0,0,0,0,Matches
118,Zineddine Belaïd,DF,dz Algeria,27-102,1.dz JS Kabylie,1999,2,0,25,0.3,0,0,0,0,0,0,0,0,0,0,0,0,0,Matches
119,Rafik Belghali,DF,dz Algeria,24-023,1.it Hellas Verona,2002,3,3,250,2.8,1,0,1,1,0,0,0,0,0.36,0,0.36,0.36,0.36,Matches
120,Joe Bell,MF,nz New Zealand,27-064,1.no Viking,1999,3,3,243,2.7,0,0,0,0,0,0,0,0,0,0,0,0,0,Matches
121,Jean-Ricner Bellegarde,MF,ht Haiti,28-003,1.eng Wolves,1998,3,3,260,2.9,0,0,0,0,0,0,1,0,0,0,0,0,0,Matches
122,Jude Bellingham,MF,eng England,23-001,1.es Real Madrid,2003,3,3,222,2.5,2,1,3,2,0,0,0,0,0.81,0.41,1.22,0.81,1.22,Matches
123,Mortadha Ben Ouanes,"DF,MF",tn Tunisia,31-363,1.tr Kas?mpa?a,1994,1,0,23,0.3,0,0,0,0,0,0,0,0,0,0,0,0,0,Matches
124,Anis Ben Slimane,"MF,FW",tn Tunisia,25-106,2.eng Norwich City,2001,3,3,240,2.7,0,0,0,0,0,0,0,0,0,0,0,0,0,Matches
125,Oussama Benbot,GK,dz Algeria,31-262,1.dz USM Alger,1994,1,1,90,1,0,0,0,0,0,0,0,0,0,0,0,0,0,Matches
Rk,Player,Pos,Squad,Age,Club,Born,MP,Starts,Min,90s,Gls,Ast,G+A,G-PK,PK,PKatt,CrdY,CrdR,Gls,Ast,G+A,G-PK,G+A-PK,Matches
126,Nadhir Benbouali,FW,dz Algeria,26-074,1.hu Gy?r,2000,1,0,45,0.5,1,0,1,1,0,0,0,0,2,0,2,2,2,Matches
127,Gilson Benchimol,FW,cv Cabo Verde,24-183,1.ru Akron Tolyatti,2001,1,1,57,0.6,0,0,0,0,0,0,0,0,0,0,0,0,0,Matches
128,Ramy Bensebaini,DF,dz Algeria,31-075,1.de Dortmund,1995,3,3,270,3,0,0,0,0,0,0,0,0,0,0,0,0,0,Matches
129,Nabil Bentaleb,MF,dz Algeria,31-218,1.fr Lille,1994,3,2,215,2.4,0,0,0,0,0,0,0,0,0,0,0,0,0,Matches
130,Rodrigo Bentancur,MF,uy Uruguay,29-005,1.eng Tottenham,1997,3,3,270,3,0,0,0,0,0,0,1,0,0,0,0,0,0,Matches
131,Patrick Berg,MF,no Norway,28-218,1.no Bodø/Glimt,1997,3,1,145,1.6,0,1,1,0,0,0,1,0,0,0.62,0.62,0,0.62,Matches
132,Sander Berge,MF,no Norway,28-136,1.eng Fulham,1998,2,2,180,2,0,0,0,0,0,0,0,0,0,0,0,0,0,Matches
133,Lucas Bergvall,MF,se Sweden,20-148,1.eng Tottenham,2006,3,0,116,1.3,0,1,1,0,0,0,1,0,0,0.78,0.78,0,0.78,Matches
134,Sebastian Berhalter,MF,us United States,25-051,1.us Vancouver,2001,3,1,152,1.7,1,1,2,1,0,0,1,0,0.59,0.59,1.18,0.59,1.18,Matches
135,Alexander Bernhardsson,MF,se Sweden,27-295,2.de Holstein Kiel,1998,3,3,217,2.4,0,0,0,0,0,0,0,0,0,0,0,0,0,Matches
136,Tyler Bindon,DF,nz New Zealand,21-154,2.eng Sheffield United,2005,3,1,97,1.1,0,0,0,0,0,0,0,0,0,0,0,0,0,Matches
137,César Blackman,"MF,DF",pa Panama,28-089,1.sk Slovan Bratislava,1998,2,2,178,2,0,0,0,0,0,0,1,0,0,0,0,0,0,Matches
138,Damián Bobadilla,MF,py Paraguay,24-354,1.br São Paulo,2001,4,2,189,2.1,0,0,0,0,0,0,0,0,0,0,0,0,0,Matches
139,Oscar Bobb,FW,no Norway,22-353,1.eng Fulham,2003,3,1,107,1.2,0,0,0,0,0,0,0,0,0,0,0,0,0,Matches
140,Moïse Bombito,DF,ca Canada,26-092,1.fr Nice,2000,2,1,103,1.1,0,0,0,0,0,0,0,0,0,0,0,0,0,Matches
141,Theo Bongonda,"FW,MF",cd Congo DR,30-222,1.ru Spartak Moscow,1995,1,0,19,0.2,0,0,0,0,0,0,0,0,0,0,0,0,0,Matches
142,Ange-Yoan Bonny,FW,ci Côte d'Ivoire,22-248,1.it Inter,2003,3,2,175,1.9,0,0,0,0,0,0,0,0,0,0,0,0,0,Matches
143,Jordy Bos,"DF,MF",au Australia,23-244,1.nl Feyenoord,2002,3,3,263,2.9,0,0,0,0,0,0,1,0,0,0,0,0,0,Matches
144,Ayyoub Bouaddi,MF,ma Morocco,18-271,1.fr Lille,2007,3,3,258,2.9,0,0,0,0,0,0,0,0,0,0,0,0,0,Matches
145,Hicham Boudaoui,MF,dz Algeria,26-280,1.fr Nice,1999,2,2,108,1.2,0,0,0,0,0,0,0,0,0,0,0,0,0,Matches
146,Karim Boudiaf,MF,qa Qatar,35-287,1.qa Al Duhail SC,1990,2,1,102,1.1,0,0,0,0,0,0,0,0,0,0,0,0,0,Matches
147,Adil Boulbina,FW,dz Algeria,23-059,1.qa Al Duhail SC,2003,1,0,10,0.1,0,0,0,0,0,0,0,0,0,0,0,0,0,Matches
148,Yassine Bounou,GK,ma Morocco,35-086,1.sa Al-Hilal,1991,4,4,390,4.3,0,0,0,0,0,0,0,0,0,0,0,0,0,Matches
149,Nawaf Boushal,DF,sa Saudi Arabia,26-287,1.sa Al-Nassr,1999,2,1,91,1,0,0,0,0,0,0,0,0,0,0,0,0,0,Matches
150,Michael Boxall,DF,nz New Zealand,37-316,1.us Minnesota Utd,1988,3,2,207,2.3,0,0,0,0,0,0,0,0,0,0,0,0,0,Matches
Rk,Player,Pos,Squad,Age,Club,Born,MP,Starts,Min,90s,Gls,Ast,G+A,G-PK,PK,PKatt,CrdY,CrdR,Gls,Ast,G+A,G-PK,G+A-PK,Matches
151,Sultan Al-Brake,DF,qa Qatar,30-084,1.qa Al Duhail SC,1996,2,1,141,1.6,0,0,0,0,0,0,0,0,0,0,0,0,0,Matches
152,Joshua Brenet,DF,cw Curaçao,32-102,1.tr Kayserispor,1994,2,2,179,2,0,0,0,0,0,0,0,0,0,0,0,0,0,Matches
153,Brian Brobbey,FW,nl Netherlands,24-149,1.eng Sunderland,2002,4,3,223,2.5,3,0,3,3,0,0,0,0,1.21,0,1.21,1.21,1.21,Matches
154,Dylan Bronn,DF,tn Tunisia,31-011,1.ch Servette FC,1995,1,1,45,0.5,0,0,0,0,0,0,0,0,0,0,0,0,0,Matches
155,Nathaniel Brown,DF,de Germany,23-014,1.de Frankfurt,2003,3,3,282,3.1,1,1,2,1,0,0,0,0,0.32,0.32,0.64,0.32,0.64,Matches
156,Tajon Buchanan,MF,ca Canada,27-142,1.es Villarreal,1999,4,4,290,3.2,0,0,0,0,0,0,0,0,0,0,0,0,0,Matches
157,Ante Budimir,FW,hr Croatia,34-343,1.es Osasuna,1991,2,1,110,1.2,1,0,1,1,0,0,0,0,0.82,0,0.82,0.82,0.82,Matches
158,Firas Al-Buraikan,FW,sa Saudi Arabia,26-047,1.sa Al-Ahli,2000,3,3,238,2.6,0,0,0,0,0,0,1,0,0,0,0,0,0,Matches
159,Cameron Burgess,DF,au Australia,30-252,2.eng Swansea City,1995,2,2,135,1.5,0,0,0,0,0,0,0,0,0,0,0,0,0,Matches
160,Dženis Burni?,MF,ba Bosnia–Herz,28-039,2.de Karlsruher,1998,2,0,16,0.2,0,0,0,0,0,0,0,0,0,0,0,0,0,Matches
161,Gustavo Caballero,"FW,MF",py Paraguay,24-282,2.eng Portsmouth,2001,1,0,66,0.7,0,0,0,0,0,0,0,0,0,0,0,0,0,Matches
162,Jovane Cabral,FW,cv Cabo Verde,28-016,1.pt Estrela,1998,1,1,60,0.7,0,0,0,0,0,0,0,0,0,0,0,0,0,Matches
163,Liberato Cacace,DF,nz New Zealand,25-276,2.eng Wrexham,2000,3,3,220,2.4,0,0,0,0,0,0,0,0,0,0,0,0,0,Matches
164,Juan Cáceres,DF,py Paraguay,26-029,1.ru Dynamo Moskva,2000,4,4,346,3.8,0,0,0,0,0,0,1,0,0,0,0,0,0,Matches
165,Sebastián Cáceres,DF,uy Uruguay,26-316,1.mx América,1999,3,3,270,3,0,0,0,0,0,0,0,0,0,0,0,0,0,Matches
166,Jordy Caicedo,FW,ec Ecuador,28-224,1.ar Huracán,1997,2,0,8,0.1,0,0,0,0,0,0,0,0,0,0,0,0,0,Matches
167,Moisés Caicedo,MF,ec Ecuador,24-240,1.eng Chelsea,2001,3,3,270,3,0,0,0,0,0,0,0,0,0,0,0,0,0,Matches
168,U?urcan Çak?r,GK,tr Türkiye,30-086,1.tr Galatasaray,1996,3,3,270,3,0,0,0,0,0,0,0,0,0,0,0,0,0,Matches
169,Hakan Çalhano?lu,MF,tr Türkiye,32-142,1.it Inter,1994,2,2,180,2,0,0,0,0,0,0,0,0,0,0,0,0,0,Matches
170,Lamine Camara,MF,sn Senegal,22-180,1.fr Monaco,2004,3,3,193,2.1,0,1,1,0,0,0,0,0,0,0.47,0.47,0,0.47,Matches
171,Jaminton Campaz,"FW,MF",co Colombia,26-037,1.ar Rosario Central,2000,1,0,19,0.2,1,0,1,1,0,0,0,0,4.74,0,4.74,4.74,4.74,Matches
172,?rfan Can Kahveci,MF,tr Türkiye,30-350,1.tr Kas?mpa?a,1995,1,0,1,0,0,0,0,0,0,0,0,0,0,0,0,0,0,Matches
173,José Canale,DF,py Paraguay,29-345,1.ar Lanús,1996,3,1,128,1.4,0,0,0,0,0,0,0,0,0,0,0,0,0,Matches
174,João Cancelo,DF,pt Portugal,32-034,1.es Barcelona,1994,3,3,180,2,0,1,1,0,0,0,0,0,0,0.5,0.5,0,0.5,Matches
175,Agustín Canobbio,FW,uy Uruguay,27-272,1.br Fluminense,1998,3,2,224,2.5,1,0,1,1,0,0,0,1,0.4,0,0.4,0.4,0.4,Matches
Rk,Player,Pos,Squad,Age,Club,Born,MP,Starts,Min,90s,Gls,Ast,G+A,G-PK,PK,PKatt,CrdY,CrdR,Gls,Ast,G+A,G-PK,G+A-PK,Matches
176,Casemiro,MF,br Brazil,34-127,1.eng Manchester Utd,1992,4,4,289,3.2,1,0,1,1,0,0,2,0,0.31,0,0.31,0.31,0.31,Matches
177,Josué Casimir,MF,ht Haiti,24-279,1.fr Auxerre,2001,3,2,182,2,0,0,0,0,0,0,1,0,0,0,0,0,0,Matches
178,Timothy Castagne,DF,be Belgium,30-207,1.eng Fulham,1995,3,2,178,2,0,0,0,0,0,0,1,0,0,0,0,0,0,Matches
179,Kevin Castaño,MF,co Colombia,25-274,1.ar River Plate,2000,2,0,16,0.2,0,0,0,0,0,0,0,0,0,0,0,0,0,Matches
180,Jens Castrop,MF,kr Korea Republic,22-336,1.de Gladbach,2003,1,0,45,0.5,0,0,0,0,0,0,0,0,0,0,0,0,0,Matches
181,Zeki Çelik,DF,tr Türkiye,29-133,1.it Roma,1997,2,2,163,1.8,0,0,0,0,0,0,0,0,0,0,0,0,0,Matches
182,Lukáš ?erv,MF,cz Czechia,25-081,1.cz Viktoria Plze?,2001,2,2,163,1.8,0,0,0,0,0,0,0,0,0,0,0,0,0,Matches
183,Fares Chaïbi,MF,dz Algeria,23-214,1.de Frankfurt,2002,3,3,270,3,0,0,0,0,0,0,0,0,0,0,0,0,0,Matches
184,Št?pán Chaloupek,DF,cz Czechia,23-114,1.cz Slavia Prague,2003,1,1,90,1,0,0,0,0,0,0,0,0,0,0,0,0,0,Matches
185,Mouhib Chamakh,GK,tn Tunisia,24-309,1.tn Club Africain,2001,1,1,90,1,0,0,0,0,0,0,0,0,0,0,0,0,0,Matches
186,Firas Chaouat,FW,tn Tunisia,30-053,1.tn Club Africain,1996,3,0,49,0.5,0,0,0,0,0,0,0,0,0,0,0,0,0,Matches
187,Luis Chávez,MF,mx Mexico,30-166,1.ru Dynamo Moskva,1996,1,0,25,0.3,0,0,0,0,0,0,0,0,0,0,0,0,0,Matches
188,Mateo Chávez,DF,mx Mexico,22-049,1.nl AZ Alkmaar,2004,1,1,77,0.9,1,0,1,1,0,0,0,0,1.17,0,1.17,1.17,1.17,Matches
189,Samir Chergui,DF,dz Algeria,27-144,1.fr Paris FC,1999,1,0,20,0.2,0,0,0,0,0,0,0,0,0,0,0,0,0,Matches
190,Rayan Cherki,"FW,MF",fr France,22-317,1.eng Manchester City,2003,3,0,53,0.6,0,0,0,0,0,0,0,0,0,0,0,0,0,Matches
191,Mathieu Choinière,MF,ca Canada,27-143,1.us LAFC,1999,1,1,57,0.6,0,0,0,0,0,0,0,0,0,0,0,0,0,Matches
192,Tahith Chong,MF,cw Curaçao,26-208,2.eng Sheffield United,1999,3,3,247,2.7,0,0,0,0,0,0,0,0,0,0,0,0,0,Matches
193,Tomáš Chorý,FW,cz Czechia,31-155,1.cz Slavia Prague,1995,2,0,31,0.3,0,0,0,0,0,0,0,0,0,0,0,0,0,Matches
194,Ryan Christie,MF,sct Scotland,31-128,1.eng Bournemouth,1995,3,1,95,1.1,0,0,0,0,0,0,1,0,0,0,0,0,0,Matches
195,Carney Chukwuemeka,MF,at Austria,22-253,1.de Dortmund,2003,2,0,38,0.4,0,0,0,0,0,0,0,0,0,0,0,0,0,Matches
196,Mojmír Chytil,FW,cz Czechia,27-062,1.cz Slavia Prague,1999,1,0,7,0.1,0,0,0,0,0,0,0,0,0,0,0,0,0,Matches
197,Brian Cipenga,MF,cd Congo DR,28-111,2.es Castellón,1998,1,1,71,0.8,0,0,0,0,0,0,0,0,0,0,0,0,0,Matches
198,Alessandro Circati,DF,au Australia,22-263,1.it Parma,2003,3,3,270,3,0,0,0,0,0,0,1,0,0,0,0,0,0,Matches
199,Pathé Ciss,"DF,MF",sn Senegal,32-106,1.es Rayo Vallecano,1994,3,0,64,0.7,0,0,0,0,0,0,0,0,0,0,0,0,0,Matches
200,Livano Comenencia,MF,cw Curaçao,22-147,1.ch Zürich,2004,3,3,233,2.6,1,0,1,1,0,0,1,0,0.39,0,0.39,0.39,0.39,Matches
Rk,Player,Pos,Squad,Age,Club,Born,MP,Starts,Min,90s,Gls,Ast,G+A,G-PK,PK,PKatt,CrdY,CrdR,Gls,Ast,G+A,G-PK,G+A-PK,Matches
201,Francisco Conceição,MF,pt Portugal,23-198,1.it Juventus,2002,2,0,90,1,0,0,0,0,0,0,0,0,0,0,0,0,0,Matches
202,Jhon Córdoba,FW,co Colombia,33-050,1.ru Krasnodar,1993,2,1,92,1,0,0,0,0,0,0,0,0,0,0,0,0,0,Matches
203,José Córdoba,DF,pa Panama,25-116,2.eng Norwich City,2001,3,3,270,3,0,0,0,0,0,0,0,0,0,0,0,0,0,Matches
204,Derek Cornelius,DF,ca Canada,28-217,1.fr Marseille,1997,4,4,315,3.5,0,0,0,0,0,0,1,0,0,0,0,0,0,Matches
205,Diogo Costa,GK,pt Portugal,26-284,1.pt Porto,1999,3,3,270,3,0,0,0,0,0,0,0,0,0,0,0,0,0,Matches
206,Nuno da Costa,"FW,MF",cv Cabo Verde,35-140,1.tr Ba?ak?ehir,1991,3,0,93,1,0,0,0,0,0,0,0,0,0,0,0,0,0,Matches
207,Samu Costa,MF,pt Portugal,25-215,1.es Mallorca,2000,1,0,21,0.2,0,0,0,0,0,0,0,0,0,0,0,0,0,Matches
208,Vladimír Coufal,"MF,DF",cz Czechia,33-312,1.de Hoffenheim,1992,3,3,270,3,0,1,1,0,0,0,0,0,0,0.33,0.33,0,0.33,Matches
209,Thibaut Courtois,GK,be Belgium,34-050,1.es Real Madrid,1992,3,3,270,3,0,0,0,0,0,0,0,0,0,0,0,0,0,Matches
210,Maxime Crépeau,GK,ca Canada,32-050,1.us Orlando City,1994,4,4,360,4,0,0,0,0,0,0,0,0,0,0,0,0,0,Matches
211,Max Crocombe,GK,nz New Zealand,32-322,2.eng Millwall,1993,3,3,270,3,0,0,0,0,0,0,0,0,0,0,0,0,0,Matches
212,Pau Cubarsí,DF,es Spain,19-159,1.es Barcelona,2007,3,3,270,3,0,0,0,0,0,0,0,0,0,0,0,0,0,Matches
213,Andrés Cubas,MF,py Paraguay,30-039,1.us Vancouver,1996,4,4,390,4.3,0,0,0,0,0,0,1,0,0,0,0,0,0,Matches
214,Cucho,"FW,MF",co Colombia,27-071,1.es Real Betis,1999,1,0,11,0.1,0,1,1,0,0,0,0,0,0,8.18,8.18,0,8.18,Matches
215,Marc Cucurella,DF,es Spain,27-343,1.eng Chelsea,1998,3,3,270,3,0,0,0,0,0,0,0,0,0,0,0,0,0,Matches
216,Matheus Cunha,FW,br Brazil,27-034,1.eng Manchester Utd,1999,4,3,233,2.6,3,0,3,3,0,0,0,0,1.16,0,1.16,1.16,1.16,Matches
217,Findlay Curtis,MF,sct Scotland,19-272,1.sct Kilmarnock,2006,2,0,9,0.1,0,0,0,0,0,0,1,0,0,0,0,0,0,Matches
218,Aymen Dahmen,GK,tn Tunisia,29-153,1.tn Ahly Sfaxien,1997,2,2,180,2,0,0,0,0,0,0,0,0,0,0,0,0,0,Matches
219,Diogo Dalot,"DF,MF",pt Portugal,27-104,1.eng Manchester Utd,1999,1,0,45,0.5,0,0,0,0,0,0,0,0,0,0,0,0,0,Matches
220,Danilo,DF,br Brazil,34-350,1.br Flamengo,1991,4,3,315,3.5,0,0,0,0,0,0,2,0,0,0,0,0,0,Matches
221,Kevin Danso,DF,at Austria,27-284,1.eng Tottenham,1998,3,1,151,1.7,0,0,0,0,0,0,0,0,0,0,0,0,0,Matches
222,Vladimír Darida,MF,cz Czechia,35-326,1.cz Hradec Králové,1990,1,1,54,0.6,0,0,0,0,0,0,0,0,0,0,0,0,0,Matches
223,Jonathan David,FW,ca Canada,26-167,1.it Juventus,2000,4,4,330,3.7,3,0,3,3,0,0,0,0,0.82,0,0.82,0.82,0.82,Matches
224,Promise David,FW,ca Canada,24-362,1.be Union SG,2001,3,0,67,0.7,1,1,2,1,0,0,0,0,1.34,1.34,2.69,1.34,2.69,Matches
225,Alphonso Davies,"DF,FW",ca Canada,25-240,1.de Bayern Munich,2000,1,0,16,0.2,0,0,0,0,0,0,0,0,0,0,0,0,0,Matches
Rk,Player,Pos,Squad,Age,Club,Born,MP,Starts,Min,90s,Gls,Ast,G+A,G-PK,PK,PKatt,CrdY,CrdR,Gls,Ast,G+A,G-PK,G+A-PK,Matches
226,Erick Davis,DF,pa Panama,35-091,1.pa Plaza Amador,1991,2,0,4,0,0,0,0,0,0,0,0,0,0,0,0,0,0,Matches
227,Nasser Al-Dawsari,MF,sa Saudi Arabia,27-193,1.sa Al-Hilal,1998,3,2,207,2.3,0,0,0,0,0,0,1,0,0,0,0,0,0,Matches
228,Salem Al-Dawsari,MF,sa Saudi Arabia,34-315,1.sa Al-Hilal,1991,3,3,245,2.7,0,0,0,0,0,0,1,0,0,0,0,0,0,Matches
229,Mohammad Al-Dawud,"FW,MF",jo Jordan,34-079,1.jo Al-Wehdat SC,1992,1,0,3,0,0,0,0,0,0,0,0,0,0,0,0,0,0,Matches
230,Kevin De Bruyne,MF,be Belgium,35-002,1.it Napoli,1991,3,3,242,2.7,1,0,1,1,0,0,0,0,0.37,0,0.37,0.37,0.37,Matches
231,Maxim De Cuyper,DF,be Belgium,25-190,1.eng Brighton,2000,3,2,215,2.4,0,0,0,0,0,0,1,0,0,0,0,0,0,Matches
232,Luc De Fougerolles,DF,ca Canada,20-261,1.eng Fulham,2005,4,3,282,3.1,0,0,0,0,0,0,1,0,0,0,0,0,0,Matches
233,Charles De Ketelaere,FW,be Belgium,25-112,1.it Atalanta,2001,2,2,149,1.7,0,0,0,0,0,0,0,0,0,0,0,0,0,Matches
234,Nicolás De La Cruz,MF,uy Uruguay,29-029,1.br Flamengo,1997,3,0,86,1,0,0,0,0,0,0,1,0,0,0,0,0,0,Matches
235,Rodrigo De Paul,MF,ar Argentina,32-037,1.us Inter Miami,1994,2,2,171,1.9,0,1,1,0,0,0,0,0,0,0.53,0.53,0,0.53,Matches
236,Amar Dedi?,DF,ba Bosnia–Herz,23-316,1.pt Benfica,2002,2,2,180,2,0,0,0,0,0,0,1,0,0,0,0,0,0,Matches
237,Louicius Deedson,MF,ht Haiti,25-139,1.us FC Dallas,2001,3,1,112,1.2,0,0,0,0,0,0,0,0,0,0,0,0,0,Matches
238,Hannes Delcroix,DF,ht Haiti,27-122,1.ch Lugano,1999,3,3,270,3,0,0,0,0,0,0,0,0,0,0,0,0,0,Matches
239,Ousmane Dembélé,MF,fr France,29-046,1.fr PSG,1997,3,3,210,2.3,4,1,5,4,0,0,0,0,1.71,0.43,2.14,1.71,2.14,Matches
240,Merih Demiral,DF,tr Türkiye,28-117,1.sa Al-Ahli,1998,2,2,180,2,0,0,0,0,0,0,0,0,0,0,0,0,0,Matches
241,Ermedin Demirovi?,FW,ba Bosnia–Herz,28-097,1.de Stuttgart,1998,3,3,264,2.9,0,0,0,0,0,0,1,0,0,0,0,0,0,Matches
242,Sergiño Dest,MF,us United States,25-239,1.nl PSV,2000,3,2,165,1.8,0,0,0,0,0,0,0,0,0,0,0,0,0,Matches
243,Frans Dhia Putros,DF,iq Iraq,32-351,1.id Persib Bandung,1993,1,1,90,1,0,0,0,0,0,0,0,0,0,0,0,0,0,Matches
244,Oumar Diakité,FW,ci Côte d'Ivoire,22-192,1.be Cercle Brugge,2003,1,0,24,0.3,0,0,0,0,0,0,0,0,0,0,0,0,0,Matches
245,Amad Diallo,"MF,FW",ci Côte d'Ivoire,23-354,1.eng Manchester Utd,2002,3,2,154,1.7,1,0,1,1,0,0,0,0,0.58,0,0.58,0.58,0.58,Matches
246,Assane Diao,MF,sn Senegal,20-296,1.it Como,2005,1,0,10,0.1,0,0,0,0,0,0,0,0,0,0,0,0,0,Matches
247,Habib Diarra,MF,sn Senegal,22-178,1.eng Sunderland,2004,2,1,71,0.8,1,0,1,1,0,0,0,0,1.27,0,1.27,1.27,1.27,Matches
248,Rúben Dias,DF,pt Portugal,29-047,1.eng Manchester City,1997,2,2,180,2,0,0,0,0,0,0,0,0,0,0,0,0,0,Matches
249,Krépin Diatta,DF,sn Senegal,27-125,1.fr Monaco,1999,3,3,270,3,0,0,0,0,0,0,0,0,0,0,0,0,0,Matches
250,Mory Diaw,GK,sn Senegal,33-008,1.fr Le Havre,1993,2,1,118,1.3,0,0,0,0,0,0,0,0,0,0,0,0,0,Matches
Rk,Player,Pos,Squad,Age,Club,Born,MP,Starts,Min,90s,Gls,Ast,G+A,G-PK,PK,PKatt,CrdY,CrdR,Gls,Ast,G+A,G-PK,G+A-PK,Matches
251,Brahim Díaz,MF,ma Morocco,26-331,1.es Real Madrid,1999,4,4,294,3.3,0,2,2,0,0,0,0,0,0,0.61,0.61,0,0.61,Matches
252,Ismael Díaz,"FW,MF",pa Panama,29-049,1.mx León,1997,2,0,37,0.4,0,0,0,0,0,0,0,0,0,0,0,0,0,Matches
253,Luis Díaz,FW,co Colombia,29-168,1.de Bayern Munich,1997,3,3,269,3,1,1,2,1,0,0,0,0,0.33,0.33,0.67,0.33,0.67,Matches
254,Bamba Dieng,FW,sn Senegal,26-099,1.fr Lorient,2000,1,0,8,0.1,0,0,0,0,0,0,0,0,0,0,0,0,0,Matches
255,Lucas Digne,DF,fr France,32-345,1.eng Aston Villa,1993,1,1,90,1,0,0,0,0,0,0,0,0,0,0,0,0,0,Matches
256,Diney,DF,cv Cabo Verde,31-164,1.ae Al Bataeh,1995,3,3,270,3,0,0,0,0,0,0,1,0,0,0,0,0,0,Matches
257,Ousmane Diomande,DF,ci Côte d'Ivoire,22-208,1.pt Sporting CP,2003,1,1,90,1,0,0,0,0,0,0,0,0,0,0,0,0,0,Matches
258,Yan Diomandé,"MF,FW",ci Côte d'Ivoire,19-228,1.de RB Leipzig,2006,3,3,240,2.7,0,1,1,0,0,0,0,0,0,0.37,0.37,0,0.37,Matches
259,Issa Diop,DF,ma Morocco,29-172,1.eng Fulham,1997,3,3,300,3.3,1,0,1,1,0,0,2,0,0.3,0,0.3,0.3,0.3,Matches
260,El Hadji Malick Diouf,DF,sn Senegal,21-184,1.eng West Ham,2004,2,2,143,1.6,0,0,0,0,0,0,0,0,0,0,0,0,0,Matches
261,Ritsu Doan,MF,jp Japan,28-014,1.de Frankfurt,1998,4,4,278,3.1,0,1,1,0,0,0,0,0,0,0.32,0.32,0,0.32,Matches
262,Jeremy Doku,MF,be Belgium,24-034,1.eng Manchester City,2002,2,2,140,1.6,0,0,0,0,0,0,0,0,0,0,0,0,0,Matches
263,Merchas Doski,DF,iq Iraq,26-205,1.cz Viktoria Plze?,1999,3,3,270,3,0,0,0,0,0,0,1,0,0,0,0,0,0,Matches
264,David Doud?ra,MF,cz Czechia,28-030,1.cz Slavia Prague,1998,1,1,90,1,0,0,0,0,0,0,0,0,0,0,0,0,0,Matches
265,Désiré Doué,MF,fr France,21-027,1.fr PSG,2005,3,2,199,2.2,1,0,1,1,0,0,0,0,0.45,0,0.45,0.45,0.45,Matches
266,Guéla Doué,DF,ci Côte d'Ivoire,23-256,1.fr Strasbourg,2002,3,2,187,2.1,0,0,0,0,0,0,1,0,0,0,0,0,0,Matches
267,Deroy Duarte,MF,cv Cabo Verde,26-361,1.bg Ludogorets,1999,3,1,165,1.8,0,0,0,0,0,0,0,0,0,0,0,0,0,Matches
268,Laros Duarte,MF,cv Cabo Verde,29-122,1.hu Puskás Akad.,1997,3,1,100,1.1,0,0,0,0,0,0,0,0,0,0,0,0,0,Matches
269,Denzel Dumfries,"DF,MF",nl Netherlands,30-073,1.it Inter,1996,4,4,390,4.3,0,2,2,0,0,0,0,0,0,0.46,0.46,0,0.46,Matches
270,Jean-Kevin Duverne,DF,ht Haiti,28-353,1.be Gent,1997,2,2,169,1.9,0,1,1,0,0,0,0,0,0,0.53,0.53,0,0.53,Matches
271,Lyndon Dykes,"FW,MF",sct Scotland,30-266,2.eng Charlton Athletic,1995,2,0,36,0.4,0,0,0,0,0,0,0,0,0,0,0,0,0,Matches
272,Edin Džeko,FW,ba Bosnia–Herz,40-105,2.de Schalke 04,1986,2,2,126,1.4,0,0,0,0,0,0,1,0,0,0,0,0,0,Matches
273,Roshon van Eijma,DF,cw Curaçao,28-021,2.nl RKC Waalwijk,1998,1,0,15,0.2,0,0,0,0,0,0,0,0,0,0,0,0,0,Matches
274,Anthony Elanga,FW,se Sweden,24-064,1.eng Newcastle,2002,3,1,127,1.4,2,0,2,2,0,0,0,0,1.42,0,1.42,1.42,1.42,Matches
275,Meschak Elia,"FW,MF",cd Congo DR,28-328,1.tr Alanyaspor,1997,1,0,19,0.2,0,1,1,0,0,0,0,0,0,4.74,4.74,0,4.74,Matches
Rk,Player,Pos,Squad,Age,Club,Born,MP,Starts,Min,90s,Gls,Ast,G+A,G-PK,PK,PKatt,CrdY,CrdR,Gls,Ast,G+A,G-PK,G+A-PK,Matches
276,Callan Elliot,DF,nz New Zealand,26-358,1.au Auckland FC,1999,1,0,13,0.1,0,0,0,0,0,0,0,0,0,0,0,0,0,Matches
277,Eren Elmal?,DF,tr Türkiye,25-358,1.tr Galatasaray,2000,2,1,111,1.2,0,0,0,0,0,0,1,0,0,0,0,0,0,Matches
278,Nico Elvedi,DF,ch Switzerland,29-273,1.de Gladbach,1996,3,3,270,3,0,0,0,0,0,0,1,0,0,0,0,0,0,Matches
279,Breel Embolo,FW,ch Switzerland,29-136,1.fr Rennes,1997,3,3,262,2.9,1,2,3,0,1,1,0,0,0.34,0.69,1.03,0,0.69,Matches
280,Julio Enciso,FW,py Paraguay,22-158,1.fr Strasbourg,2004,4,4,326,3.6,1,2,3,1,0,0,0,0,0.28,0.55,0.83,0.28,0.83,Matches
281,Endrick,FW,br Brazil,19-344,1.fr Lyon,2006,3,0,81,0.9,0,0,0,0,0,0,0,0,0,0,0,0,0,Matches
282,Sherzod Esanov,MF,uz Uzbekistan,23-149,1.uz FK Bukhara Nurafshon,2003,1,0,1,0,0,0,0,0,0,0,0,0,0,0,0,0,0,Matches
283,Fidel Escobar,DF,pa Panama,31-172,1.cr Saprissa,1995,1,1,90,1,0,0,0,0,0,0,0,0,0,0,0,0,0,Matches
284,Pervis Estupiñán,MF,ec Ecuador,28-160,1.it Milan,1998,2,1,89,1,0,0,0,0,0,0,0,0,0,0,0,0,0,Matches
285,Derrick Etienne,"FW,MF",ht Haiti,29-217,1.us Toronto FC,1996,1,0,10,0.1,0,0,0,0,0,0,0,0,0,0,0,0,0,Matches
286,Stephen Eustáquio,MF,ca Canada,29-191,1.pt Porto,1996,4,3,302,3.4,1,0,1,1,0,0,0,0,0.3,0,0.3,0.3,0.3,Matches
287,Martin Expérience,"DF,MF",ht Haiti,27-113,2.fr Nancy,1999,3,3,270,3,0,0,0,0,0,0,0,0,0,0,0,0,0,Matches
288,Saeid Ezatolahi,MF,ir IR Iran,29-272,1.ae Al-Ahli Dubai FC,1996,3,3,264,2.9,0,0,0,0,0,0,2,0,0,0,0,0,0,Matches
289,Eberechi Eze,"FW,MF",eng England,28-001,1.eng Arsenal,1998,2,0,37,0.4,0,0,0,0,0,0,0,0,0,0,0,0,0,Matches
290,Fabinho,"DF,MF",br Brazil,32-250,1.sa Al-Ittihad,1993,3,0,71,0.8,0,0,0,0,0,0,1,0,0,0,0,0,0,Matches
291,José Fajardo,FW,pa Panama,32-316,1.ec Univ Católica,1993,3,1,155,1.7,0,0,0,0,0,0,1,0,0,0,0,0,0,Matches
292,Odeh Al-Fakhouri,"MF,FW",jo Jordan,20-220,1.eg Pyramids FC,2005,3,2,148,1.6,0,0,0,0,0,0,0,0,0,0,0,0,0,Matches
293,Henrik Falchener,DF,no Norway,23-053,1.no Viking,2003,1,1,65,0.7,0,0,0,0,0,0,0,0,0,0,0,0,0,Matches
294,Marko Farji,MF,iq Iraq,22-106,2.it Venezia,2004,2,0,54,0.6,0,0,0,0,0,0,0,0,0,0,0,0,0,Matches
295,Christian Fassnacht,"FW,MF",ch Switzerland,32-231,1.ch Young Boys,1993,1,0,6,0.1,0,0,0,0,0,0,0,0,0,0,0,0,0,Matches
296,Abdul Fatawu Issahaku,"FW,MF",gh Ghana,22-114,2.eng Leicester City,2004,3,0,103,1.1,0,0,0,0,0,0,0,0,0,0,0,0,0,Matches
297,Ahmed Fathy,MF,qa Qatar,33-156,1.qa Al-Arabi,1993,3,1,150,1.7,0,0,0,0,0,0,2,0,0,0,0,0,0,Matches
298,Hamdy Fathy,DF,eg Egypt,31-274,1.qa Al-Wakrah,1994,2,2,127,1.4,0,0,0,0,0,0,0,0,0,0,0,0,0,Matches
299,Ahmed Fatouh,DF,eg Egypt,28-100,1.eg Zamalek SC,1998,3,3,267,3,0,0,0,0,0,0,1,0,0,0,0,0,0,Matches
300,Abbosbek Fayzullayev,MF,uz Uzbekistan,22-270,1.tr Ba?ak?ehir,2003,3,3,220,2.4,1,0,1,1,0,0,0,0,0.41,0,0.41,0.41,0.41,Matches
Rk,Player,Pos,Squad,Age,Club,Born,MP,Starts,Min,90s,Gls,Ast,G+A,G-PK,PK,PKatt,CrdY,CrdR,Gls,Ast,G+A,G-PK,G+A-PK,Matches
301,João Félix,MF,pt Portugal,26-232,1.sa Al-Nassr,1999,2,2,131,1.5,0,0,0,0,0,0,0,0,0,0,0,0,0,Matches
302,Lewis Ferguson,MF,sct Scotland,26-310,1.it Bologna,1999,3,3,270,3,0,0,0,0,0,0,0,0,0,0,0,0,0,Matches
303,Bruno Fernandes,MF,pt Portugal,31-295,1.eng Manchester Utd,1994,3,3,270,3,0,1,1,0,0,0,0,0,0,0.33,0.33,0,0.33,Matches
304,Enzo Fernández,MF,ar Argentina,25-164,1.eng Chelsea,2001,2,2,180,2,0,0,0,0,0,0,0,0,0,0,0,0,0,Matches
305,Matias Fernandez-Pardo,"FW,MF",be Belgium,21-147,1.fr Lille,2005,3,0,44,0.5,0,0,0,0,0,0,0,0,0,0,0,0,0,Matches
306,Álvaro Fidalgo,MF,mx Mexico,29-082,1.es Real Betis,1997,2,1,84,0.9,1,0,1,1,0,0,0,0,1.07,0,1.07,1.07,1.07,Matches
307,Sherel Floranus,DF,cw Curaçao,27-311,1.nl Zwolle,1998,3,3,270,3,0,0,0,0,0,0,0,0,0,0,0,0,0,Matches
308,Seko Fofana,MF,ci Côte d'Ivoire,31-054,1.pt Porto,1995,2,1,92,1,0,0,0,0,0,0,1,0,0,0,0,0,0,Matches
309,Yahia Fofana,GK,ci Côte d'Ivoire,25-313,1.tr Rizespor,2000,3,3,270,3,0,0,0,0,0,0,0,0,0,0,0,0,0,Matches
310,Deveron Fonville,DF,cw Curaçao,23-045,1.nl NEC Nijmegen,2003,3,3,241,2.7,0,0,0,0,0,0,0,0,0,0,0,0,0,Matches
311,Yassin Fortuné,"FW,MF",ht Haiti,27-151,2.pt Vizela,1999,1,0,6,0.1,0,0,0,0,0,0,0,0,0,0,0,0,0,Matches
312,Lyle Foster,FW,za South Africa,25-300,1.eng Burnley,2000,1,1,55,0.6,0,0,0,0,0,0,0,0,0,0,0,0,0,Matches
313,Alan Franco,DF,ec Ecuador,27-313,1.br Atlético Mineiro,1998,3,3,206,2.3,0,0,0,0,0,0,1,0,0,0,0,0,0,Matches
314,Alex Freeman,DF,us United States,21-325,1.es Villarreal,2004,3,2,194,2.2,1,1,2,1,0,0,0,0,0.46,0.46,0.93,0.46,0.93,Matches
315,Matt Freese,GK,us United States,27-301,1.us NYCFC,1998,2,2,180,2,0,0,0,0,0,0,0,0,0,0,0,0,0,Matches
316,Remo Freuler,MF,ch Switzerland,34-076,1.it Bologna,1992,3,3,268,3,0,0,0,0,0,0,0,0,0,0,0,0,0,Matches
317,Marco Friedl,DF,at Austria,28-106,1.de Werder Bremen,1998,1,0,24,0.3,0,0,0,0,0,0,0,0,0,0,0,0,0,Matches
318,Juriën Gaari,DF,cw Curaçao,32-189,2.sa Abha,1993,2,2,166,1.8,0,0,0,0,0,0,1,0,0,0,0,0,0,Matches
319,Jassem Gaber,MF,qa Qatar,24-130,1.qa Al Rayyan SC,2002,3,3,149,1.7,0,0,0,0,0,0,1,0,0,0,0,0,0,Matches
320,Cody Gakpo,FW,nl Netherlands,27-054,1.eng Liverpool,1999,4,4,368,4.1,3,1,4,3,0,0,0,0,0.73,0.24,0.98,0.73,0.98,Matches
321,Matías Galarza,MF,py Paraguay,24-139,1.us Atlanta Utd,2002,3,3,298,3.3,1,1,2,1,0,0,2,0,0.3,0.3,0.6,0.3,0.6,Matches
322,Hernán Galíndez,GK,ec Ecuador,39-092,1.ar Huracán,1987,3,3,270,3,0,0,0,0,0,0,0,0,0,0,0,0,0,Matches
323,Jesús Gallardo,DF,mx Mexico,31-319,1.mx Toluca,1994,3,2,193,2.1,0,0,0,0,0,0,0,0,0,0,0,0,0,Matches
324,Ahmed Al-Ganehi,FW,qa Qatar,25-281,1.qa Al-Gharafa Sports Club,2000,1,0,36,0.4,0,0,0,0,0,0,0,0,0,0,0,0,0,Matches
325,Ben Gannon-Doak,MF,sct Scotland,20-231,1.eng Bournemouth,2005,3,2,186,2.1,0,0,0,0,0,0,0,0,0,0,0,0,0,Matches
Rk,Player,Pos,Squad,Age,Club,Born,MP,Starts,Min,90s,Gls,Ast,G+A,G-PK,PK,PKatt,CrdY,CrdR,Gls,Ast,G+A,G-PK,G+A-PK,Matches
326,Gavi,FW,es Spain,21-329,1.es Barcelona,2004,1,1,70,0.8,0,0,0,0,0,0,0,0,0,0,0,0,0,Matches
327,Jason Geria,DF,au Australia,33-051,2.jp Albirex Niigata,1993,2,0,62,0.7,0,0,0,0,0,0,0,0,0,0,0,0,0,Matches
328,Khalid Al Ghannam,MF,sa Saudi Arabia,25-234,1.sa Al-Ettifaq,2000,1,0,1,0,0,0,0,0,0,0,0,0,0,0,0,0,0,Matches
329,Ismaël Gharbi,MF,tn Tunisia,22-081,1.de Augsburg,2004,3,1,127,1.4,0,0,0,0,0,0,0,0,0,0,0,0,0,Matches
330,Mehdi Ghayedi,FW,ir IR Iran,27-207,1.ae Al-Nasr Dubai,1998,1,0,45,0.5,0,0,0,0,0,0,0,0,0,0,0,0,0,Matches
331,Farés Ghedjemis,"FW,MF",dz Algeria,23-297,2.it Frosinone,2002,1,0,1,0,0,0,0,0,0,0,0,0,0,0,0,0,0,Matches
332,Saman Ghoddos,MF,ir IR Iran,32-297,1.ae Al-Ittihad Kalba,1993,3,3,208,2.3,0,0,0,0,0,0,0,0,0,0,0,0,0,Matches
333,Mohammad Ghorbani,MF,ir IR Iran,25-040,1.ae Al-Wahda FC,2001,1,1,90,1,0,0,0,0,0,0,0,0,0,0,0,0,0,Matches
334,Lee Gi-hyuk,DF,kr Korea Republic,25-358,1.kr Gangwon FC,2000,3,3,270,3,0,0,0,0,0,0,1,0,0,0,0,0,0,Matches
335,Armin Gigovic,MF,ba Bosnia–Herz,24-085,1.ch Young Boys,2002,1,0,29,0.3,0,0,0,0,0,0,0,0,0,0,0,0,0,Matches
336,Orlando Gill,GK,py Paraguay,26-019,1.py San Lorenzo,2000,4,4,390,4.3,0,0,0,0,0,0,0,0,0,0,0,0,0,Matches
337,Santiago Giménez,FW,mx Mexico,25-073,1.it Milan,2001,2,0,39,0.4,0,0,0,0,0,0,0,0,0,0,0,0,0,Matches
338,Aníbal Godoy,MF,pa Panama,36-140,1.us San Diego FC,1990,1,0,1,0,0,0,0,0,0,0,0,0,0,0,0,0,0,Matches
339,Andrés Gómez,MF,co Colombia,23-291,1.br Vasco da Gama,2002,1,0,1,0,0,0,0,0,0,0,0,0,0,0,0,0,0,Matches
340,Diego Gómez,MF,py Paraguay,23-095,1.eng Brighton,2003,3,3,234,2.6,0,0,0,0,0,0,2,0,0,0,0,0,0,Matches
341,Gustavo Gómez,DF,py Paraguay,33-055,1.br Palmeiras,1993,4,4,390,4.3,0,0,0,0,0,0,0,0,0,0,0,0,0,Matches
342,Armando González,FW,mx Mexico,23-071,1.mx Guadalajara,2003,1,0,15,0.2,0,0,0,0,0,0,0,0,0,0,0,0,0,Matches
343,Nicolás González,"FW,MF",ar Argentina,28-085,1.es Atlético Madrid,1998,2,0,62,0.7,0,1,1,0,0,0,0,0,0,1.45,1.45,0,1.45,Matches
344,Anthony Gordon,MF,eng England,25-126,1.es Barcelona,2001,2,2,135,1.5,0,0,0,0,0,0,0,0,0,0,0,0,0,Matches
345,Leon Goretzka,MF,de Germany,31-144,1.de Bayern Munich,1995,3,0,99,1.1,0,0,0,0,0,0,0,0,0,0,0,0,0,Matches
346,Kenji Gorré,"FW,MF",cw Curaçao,31-274,1.il Maccabi Haifa,1994,1,0,16,0.2,0,0,0,0,0,0,0,0,0,0,0,0,0,Matches
347,Keisuke Got?,FW,jp Japan,21-027,1.be Sint-Truiden,2005,1,0,7,0.1,0,0,0,0,0,0,0,0,0,0,0,0,0,Matches
348,Amine Gouiri,FW,dz Algeria,26-134,1.fr Marseille,2000,3,3,218,2.4,1,0,1,1,0,0,0,0,0.41,0,0.41,0.41,0.41,Matches
349,Ryan Gravenberch,MF,nl Netherlands,24-045,1.eng Liverpool,2002,4,4,345,3.8,0,2,2,0,0,0,0,0,0,0.52,0.52,0,0.52,Matches
350,Michael Gregoritsch,FW,at Austria,32-073,1.de Augsburg,1994,2,1,129,1.4,0,1,1,0,0,0,0,0,0,0.7,0.7,0,0.7,Matches
Rk,Player,Pos,Squad,Age,Club,Born,MP,Starts,Min,90s,Gls,Ast,G+A,G-PK,PK,PKatt,CrdY,CrdR,Gls,Ast,G+A,G-PK,G+A-PK,Matches
351,Florian Grillitsch,"DF,MF",at Austria,30-327,1.pt Braga,1995,1,0,45,0.5,0,0,0,0,0,0,0,0,0,0,0,0,0,Matches
352,Pascal Groß,"DF,MF",de Germany,35-015,1.eng Brighton,1991,1,0,18,0.2,0,0,0,0,0,0,0,0,0,0,0,0,0,Matches
353,Gabriel Gudmundsson,"MF,DF",se Sweden,27-062,1.eng Leeds United,1999,3,3,240,2.7,0,0,0,0,0,0,1,0,0,0,0,0,0,Matches
354,Cho Gue-sung,FW,kr Korea Republic,28-156,1.dk Midtjylland,1998,2,0,31,0.3,0,0,0,0,0,0,1,0,0,0,0,0,0,Matches
355,Marc Guéhi,DF,eng England,25-352,1.eng Manchester City,2000,3,2,184,2,0,0,0,0,0,0,0,0,0,0,0,0,0,Matches
356,Evann Guessand,"FW,MF",ci Côte d'Ivoire,24-364,1.eng Crystal Palace,2001,1,0,16,0.2,0,0,0,0,0,0,0,0,0,0,0,0,0,Matches
357,Idrissa Gueye,MF,sn Senegal,36-277,1.eng Everton,1989,3,3,267,3,0,0,0,0,0,0,0,0,0,0,0,0,0,Matches
358,Pape Gueye,MF,sn Senegal,27-157,1.es Villarreal,1999,3,2,169,1.9,2,1,3,2,0,0,1,0,1.07,0.53,1.6,1.07,1.6,Matches
359,Bruno Guimarães,MF,br Brazil,28-226,1.eng Newcastle,1997,4,4,338,3.8,0,4,4,0,0,0,0,0,0,1.07,1.07,0,1.07,Matches
360,Deniz Gül,FW,tr Türkiye,21-363,1.pt Porto,2004,2,0,37,0.4,0,0,0,0,0,0,0,0,0,0,0,0,0,Matches
361,Arda Güler,MF,tr Türkiye,21-125,1.es Real Madrid,2005,3,3,270,3,1,0,1,1,0,0,0,0,0.33,0,0.33,0.33,0.33,Matches
362,Angus Gunn,GK,sct Scotland,30-159,1.eng Nottingham,1996,3,3,270,3,0,0,0,0,0,0,0,0,0,0,0,0,0,Matches
363,Malo Gusto,"DF,MF",fr France,23-042,1.eng Chelsea,2003,2,0,12,0.1,0,0,0,0,0,0,0,0,0,0,0,0,0,Matches
364,Brian Gutiérrez,MF,mx Mexico,23-013,1.mx Guadalajara,2003,2,2,135,1.5,0,0,0,0,0,0,1,0,0,0,0,0,0,Matches
365,Jorge Gutiérrez,DF,pa Panama,27-302,1.ve Dep. La Guaira,1998,1,1,87,1,0,0,0,0,0,0,0,0,0,0,0,0,0,Matches
366,Joško Gvardiol,DF,hr Croatia,24-158,1.eng Manchester City,2002,3,2,138,1.5,0,0,0,0,0,0,0,0,0,0,0,0,0,Matches
367,Viktor Gyökeres,FW,se Sweden,28-026,1.eng Arsenal,1998,3,3,270,3,1,2,3,1,0,0,1,0,0.33,0.67,1,0.33,1,Matches
368,Aziz G?aniyev,MF,uz Uzbekistan,28-128,,1998,2,1,122,1.4,0,0,0,0,0,0,0,0,0,0,0,0,0,Matches
369,Erling Haaland,FW,no Norway,25-344,1.eng Manchester City,2000,2,2,180,2,4,0,4,4,0,0,0,0,2,0,2,2,2,Matches
370,Ihsan Haddad,DF,jo Jordan,32-145,1.jo Al-Hussein SC,1994,3,3,260,2.9,0,1,1,0,0,0,0,0,0,0.35,0.35,0,0.35,Matches
371,Anis Hadj Moussa,MF,dz Algeria,24-139,1.nl Feyenoord,2002,2,1,78,0.9,0,0,0,0,0,0,0,0,0,0,0,0,0,Matches
372,Jaouen Hadjam,DF,dz Algeria,23-096,1.ch Young Boys,2003,2,1,76,0.8,0,0,0,0,0,0,0,0,0,0,0,0,0,Matches
373,Amir Hadžiahmetovi?,MF,ba Bosnia–Herz,29-114,2.eng Hull City,1997,1,0,6,0.1,0,0,0,0,0,0,0,0,0,0,0,0,0,Matches
374,Dennis Hadžikaduni?,DF,ba Bosnia–Herz,27-356,2.it Sampdoria,1998,1,0,27,0.3,0,1,1,0,0,0,0,0,0,3.33,3.33,0,3.33,Matches
375,Karim Hafez,DF,eg Egypt,30-110,1.eg Pyramids FC,1996,1,0,3,0,0,0,0,0,0,0,0,0,0,0,0,0,0,Matches
Rk,Player,Pos,Squad,Age,Club,Born,MP,Starts,Min,90s,Gls,Ast,G+A,G-PK,PK,PKatt,CrdY,CrdR,Gls,Ast,G+A,G-PK,G+A-PK,Matches
376,Ehsan Hajsafi,DF,ir IR Iran,36-125,1.ir Sepahan,1990,2,1,91,1,0,0,0,0,0,0,1,0,0,0,0,0,0,Matches
377,Achraf Hakimi,DF,ma Morocco,27-238,1.fr PSG,1998,4,4,390,4.3,1,1,2,1,0,0,0,0,0.23,0.23,0.46,0.23,0.46,Matches
378,Redouane Halhal,DF,ma Morocco,23-117,1.be Mechelen,2003,1,1,90,1,0,0,0,0,0,0,0,0,0,0,0,0,0,Matches
379,Ali Al Hamadi,FW,iq Iraq,24-121,2.eng Ipswich Town,2002,3,2,180,2,0,0,0,0,0,0,0,0,0,0,0,0,0,Matches
380,Abdullah Al-Hamdan,FW,sa Saudi Arabia,26-290,1.sa Al-Nassr,1999,3,0,71,0.8,0,0,0,0,0,0,0,0,0,0,0,0,0,Matches
381,Mohamed Amine Ben Hamida,DF,tn Tunisia,30-197,1.tn Espérance Tunis,1995,3,2,202,2.2,0,0,0,0,0,0,0,0,0,0,0,0,0,Matches
382,Odiljon Hamrobekov,MF,uz Uzbekistan,30-137,1.ir Tractor,1996,2,1,77,0.9,0,0,0,0,0,0,1,0,0,0,0,0,0,Matches
383,Lee Han-beom,DF,kr Korea Republic,24-013,1.dk Midtjylland,2002,3,3,270,3,0,0,0,0,0,0,0,0,0,0,0,0,0,Matches
384,Grant Hanley,DF,sct Scotland,34-222,1.sct Hibernian,1991,2,2,180,2,0,0,0,0,0,0,0,0,0,0,0,0,0,Matches
385,Sontje Hansen,FW,cw Curaçao,24-043,2.eng Middlesbrough,2002,1,1,45,0.5,0,0,0,0,0,0,0,0,0,0,0,0,0,Matches
386,Mohamed Hany,DF,eg Egypt,30-156,1.eg Al Ahly,1996,3,3,270,3,0,1,1,0,0,0,0,0,0,0.33,0.33,0,0.33,Matches
387,Moteb Al-Harbi,DF,sa Saudi Arabia,26-130,1.sa Al-Hilal,2000,3,2,188,2.1,0,0,0,0,0,0,0,0,0,0,0,0,0,Matches
388,Saleh Hardani,DF,ir IR Iran,27-186,1.ir Esteghlal,1998,2,1,90,1,0,0,0,0,0,0,0,0,0,0,0,0,0,Matches
389,Carlos Harvey,MF,pa Panama,26-147,1.us Minnesota Utd,2000,3,3,267,3,0,0,0,0,0,0,1,0,0,0,0,0,0,Matches
390,Akam Hashim,DF,iq Iraq,27-318,1.iq Al-Zawra'a SC,1998,3,3,270,3,0,0,0,0,0,0,0,0,0,0,0,0,0,Matches
391,Jalal Hassan,GK,iq Iraq,35-043,1.iq Al-Zawra'a SC,1991,2,1,135,1.5,0,0,0,0,0,0,0,0,0,0,0,0,0,Matches
392,Abdulaziz Hatem,MF,qa Qatar,36-180,1.qa Al Rayyan SC,1990,1,0,45,0.5,0,0,0,0,0,0,0,0,0,0,0,0,0,Matches
393,Jorrel Hato,DF,nl Netherlands,20-115,1.eng Chelsea,2006,1,0,35,0.4,0,0,0,0,0,0,0,0,0,0,0,0,0,Matches
394,Kai Havertz,FW,de Germany,27-019,1.eng Arsenal,1999,4,4,353,3.9,3,0,3,2,1,1,1,0,0.76,0,0.76,0.51,0.51,Matches
395,Hassan Al-Haydos,MF,qa Qatar,35-201,1.qa Al Sadd,1990,2,1,57,0.6,1,0,1,1,0,0,0,0,1.58,0,1.58,1.58,1.58,Matches
396,Jan Paul van Hecke,DF,nl Netherlands,26-022,1.eng Brighton,2000,4,4,390,4.3,1,0,1,1,0,0,0,0,0.23,0,0.23,0.23,0.23,Matches
397,Hwang Hee-chan,FW,kr Korea Republic,30-155,1.eng Wolves,1996,3,1,108,1.2,0,0,0,0,0,0,0,0,0,0,0,0,0,Matches
398,Torbjørn Heggem,DF,no Norway,27-169,1.it Bologna,1999,2,2,173,1.9,0,0,0,0,0,0,0,0,0,0,0,0,0,Matches
399,Alaa Al Hejji,MF,sa Saudi Arabia,30-209,1.sa Neom,1995,2,0,32,0.4,0,0,0,0,0,0,0,0,0,0,0,0,0,Matches
400,Jordan Henderson,MF,eng England,36-013,1.eng Brentford,1990,1,0,7,0.1,0,0,0,0,0,0,0,0,0,0,0,0,0,Matches
Rk,Player,Pos,Squad,Age,Club,Born,MP,Starts,Min,90s,Gls,Ast,G+A,G-PK,PK,PKatt,CrdY,CrdR,Gls,Ast,G+A,G-PK,G+A-PK,Matches
401,Jack Hendry,DF,sct Scotland,31-054,1.sa Al-Ettifaq,1995,3,3,270,3,0,0,0,0,0,0,0,0,0,0,0,0,0,Matches
402,Luiz Henrique,"FW,MF",br Brazil,25-179,1.ru Zenit,2001,1,0,29,0.3,0,0,0,0,0,0,0,0,0,0,0,0,0,Matches
403,Theo Hernández,DF,fr France,28-267,1.sa Al-Hilal,1997,2,2,180,2,0,0,0,0,0,0,0,0,0,0,0,0,0,Matches
404,Lucas Herrington,DF,au Australia,18-298,1.us Colorado Rapids,2007,1,1,90,1,0,0,0,0,0,0,0,0,0,0,0,0,0,Matches
405,Son Heung-min,FW,kr Korea Republic,33-357,1.us LAFC,1992,3,2,169,1.9,0,0,0,0,0,0,0,0,0,0,0,0,0,Matches
406,Aaron Hickey,DF,sct Scotland,24-020,1.eng Brentford,2002,1,1,74,0.8,0,0,0,0,0,0,1,0,0,0,0,0,0,Matches
407,Isak Hien,DF,se Sweden,27-168,1.it Atalanta,1999,3,3,216,2.4,0,0,0,0,0,0,1,0,0,0,0,0,0,Matches
408,Piero Hincapié,DF,ec Ecuador,24-172,1.eng Arsenal,2002,3,3,250,2.8,0,0,0,0,0,0,1,0,0,0,0,0,0,Matches
409,Adam Hložek,FW,cz Czechia,23-340,1.de Hoffenheim,2002,3,2,156,1.7,0,0,0,0,0,0,0,0,0,0,0,0,0,Matches
410,Tomáš Holeš,DF,cz Czechia,33-091,1.cz Slavia Prague,1993,2,2,153,1.7,0,0,0,0,0,0,0,0,0,0,0,0,0,Matches
411,Amirhossein Hosseinzadeh,FW,ir IR Iran,25-243,1.ir Tractor,2000,2,0,17,0.2,0,0,0,0,0,0,0,0,0,0,0,0,0,Matches
412,Robin Hraná?,DF,cz Czechia,26-152,1.de Hoffenheim,2000,3,3,270,3,0,0,0,0,0,0,0,0,0,0,0,0,0,Matches
413,Ajdin Hrustic,MF,au Australia,29-360,1.nl Heracles Almelo,1996,1,0,33,0.4,0,0,0,0,0,0,0,0,0,0,0,0,0,Matches
414,César Huerta,"FW,MF",mx Mexico,25-209,1.be Anderlecht,2000,1,0,7,0.1,0,0,0,0,0,0,0,0,0,0,0,0,0,Matches
415,Al-Hashmi Al-Hussain,MF,qa Qatar,22-319,1.qa Al-Arabi,2003,1,0,32,0.4,0,0,0,0,0,0,0,0,0,0,0,0,0,Matches
416,Ayman Hussein,FW,iq Iraq,30-100,1.iq Al-Karma,1996,2,2,115,1.3,1,0,1,1,0,0,0,0,0.78,0,0.78,0.78,0.78,Matches
417,Oh Hyeon-gyu,FW,kr Korea Republic,25-079,1.tr Be?ikta?,2001,3,1,129,1.4,1,0,1,1,0,0,0,0,0.7,0,0.7,0.7,0.7,Matches
418,Yang Hyun-jun,"FW,MF",kr Korea Republic,24-036,1.sct Celtic,2002,1,0,20,0.2,0,0,0,0,0,0,0,0,0,0,0,0,0,Matches
419,Roger Ibanez,DF,br Brazil,27-219,1.sa Al-Ahli,1998,1,1,45,0.5,0,0,0,0,0,0,1,0,0,0,0,0,0,Matches
420,Yasser Ibrahim,DF,eg Egypt,33-140,1.eg Al Ahly,1993,3,2,257,2.9,0,0,0,0,0,0,1,0,0,0,0,0,0,Matches
421,Hwang In-beom,MF,kr Korea Republic,29-283,1.nl Feyenoord,1996,3,3,263,2.9,1,1,2,1,0,0,0,0,0.34,0.34,0.68,0.34,0.68,Matches
422,Christ Inao Oulaï,MF,ci Côte d'Ivoire,20-085,1.tr Trabzonspor,2006,3,1,149,1.7,0,0,0,0,0,0,0,0,0,0,0,0,0,Matches
423,Zidane Iqbal,MF,iq Iraq,23-064,1.nl Utrecht,2003,3,2,188,2.1,0,0,0,0,0,0,0,0,0,0,0,0,0,Matches
424,Nestory Irankunda,"MF,FW",au Australia,20-141,2.eng Watford,2006,3,2,188,2.1,1,0,1,1,0,0,0,0,0.48,0,0.48,0.48,0.48,Matches
425,Jackson Irvine,MF,au Australia,33-115,1.de St Pauli,1993,3,1,103,1.1,0,0,0,0,0,0,1,0,0,0,0,0,0,Matches
Rk,Player,Pos,Squad,Age,Club,Born,MP,Starts,Min,90s,Gls,Ast,G+A,G-PK,PK,PKatt,CrdY,CrdR,Gls,Ast,G+A,G-PK,G+A-PK,Matches
426,Alexander Isak,FW,se Sweden,26-282,1.eng Liverpool,1999,3,3,269,3,1,3,4,1,0,0,0,0,0.33,1,1.34,0.33,1.34,Matches
427,Wilson Isidor,FW,ht Haiti,25-307,1.eng Sunderland,2000,3,2,186,2.1,1,0,1,1,0,0,0,0,0.48,0,0.48,0.48,0.48,Matches
428,Jamshid Iskanderov,"FW,MF",uz Uzbekistan,32-257,1.uz Neftchi FK,1993,1,0,9,0.1,0,0,0,0,0,0,0,0,0,0,0,0,0,Matches
429,Zaid Ismail,MF,iq Iraq,24-178,1.iq Al-Talaba,2002,2,2,117,1.3,0,0,0,0,0,0,0,0,0,0,0,0,0,Matches
430,Ko Itakura,DF,jp Japan,29-154,1.nl Ajax,1997,2,2,128,1.4,0,1,1,0,0,0,0,0,0,0.7,0.7,0,0.7,Matches
431,Jacob Italiano,DF,au Australia,24-335,1.at Grazer AK,2001,2,2,163,1.8,0,0,0,0,0,0,1,0,0,0,0,0,0,Matches
432,Hiroki Ito,DF,jp Japan,27-049,1.de Bayern Munich,1999,4,4,360,4,0,0,0,0,0,0,0,0,0,0,0,0,0,Matches
433,Junya It?,MF,jp Japan,33-113,1.be Genk,1993,4,2,216,2.4,1,0,1,1,0,0,0,0,0.42,0,0.42,0.42,0.42,Matches
434,Cedric Itten,"FW,MF",ch Switzerland,29-185,2.de Düsseldorf,1996,2,0,8,0.1,0,0,0,0,0,0,0,0,0,0,0,0,0,Matches
435,Nicolas Jackson,FW,sn Senegal,25-010,1.de Bayern Munich,2001,3,2,206,2.3,0,1,1,0,0,0,0,0,0,0.44,0.44,0,0.44,Matches
436,Lee Jae-sung,FW,kr Korea Republic,33-324,1.de Mainz 05,1992,2,2,117,1.3,0,0,0,0,0,0,0,0,0,0,0,0,0,Matches
437,Alireza Jahanbakhsh,"FW,MF",ir IR Iran,32-323,1.be Dender,1993,2,0,46,0.5,0,0,0,0,0,0,0,0,0,0,0,0,0,Matches
438,Ismail Jakobs,DF,sn Senegal,26-317,1.tr Galatasaray,1999,2,1,127,1.4,0,0,0,0,0,0,0,0,0,0,0,0,0,Matches
439,Reece James,DF,eng England,26-204,1.eng Chelsea,1999,2,2,180,2,0,0,0,0,0,0,0,0,0,0,0,0,0,Matches
440,Amer Jamous,MF,jo Jordan,23-362,1.iq Al-Zawra'a SC,2002,1,0,15,0.2,0,0,0,0,0,0,0,0,0,0,0,0,0,Matches
441,Luca Jaquez,DF,ch Switzerland,23-028,1.de Stuttgart,2003,2,1,78,0.9,0,0,0,0,0,0,0,0,0,0,0,0,0,Matches
442,Ardon Jashari,MF,ch Switzerland,23-335,1.it Milan,2002,1,0,2,0,0,0,0,0,0,0,0,0,0,0,0,0,0,Matches
443,Ali Jasim,MF,iq Iraq,22-161,1.sa Al-Najma,2004,2,2,129,1.4,0,0,0,0,0,0,0,0,0,0,0,0,0,Matches
444,Danley Jean-Jacques,MF,ht Haiti,26-041,1.us Philadelphia,2000,3,3,259,2.9,0,0,0,0,0,0,1,0,0,0,0,0,0,Matches
445,Eom Ji-sung,MF,kr Korea Republic,24-052,2.eng Swansea City,2002,2,0,42,0.5,0,0,0,0,0,0,0,0,0,0,0,0,0,Matches
446,Raúl Jiménez,FW,mx Mexico,35-056,1.eng Fulham,1991,2,2,154,1.7,1,0,1,1,0,0,0,0,0.58,0,0.58,0.58,0.58,Matches
447,Kim Jin-gyu,MF,kr Korea Republic,29-126,1.kr Jeonbuk,1997,2,0,52,0.6,0,0,0,0,0,0,0,0,0,0,0,0,0,Matches
448,Park Jinseob,"DF,MF",kr Korea Republic,30-250,1.cn Zhejiang,1995,2,0,32,0.4,0,0,0,0,0,0,0,0,0,0,0,0,0,Matches
449,Ruslanbek Jiyanov,FW,uz Uzbekistan,25-025,1.uz Navbahor,2001,1,0,1,0,0,0,0,0,0,0,0,0,0,0,0,0,0,Matches
450,Alistair Johnston,DF,ca Canada,27-265,1.sct Celtic,1998,4,4,360,4,0,0,0,0,0,0,1,0,0,0,0,0,0,Matches
Rk,Player,Pos,Squad,Age,Club,Born,MP,Starts,Min,90s,Gls,Ast,G+A,G-PK,PK,PKatt,CrdY,CrdR,Gls,Ast,G+A,G-PK,G+A-PK,Matches
451,Frenkie de Jong,MF,nl Netherlands,29-049,1.es Barcelona,1997,4,4,328,3.6,0,0,0,0,0,0,0,0,0,0,0,0,0,Matches
452,Lenny Joseph,FW,ht Haiti,25-261,1.hu Ferencváros,2000,3,1,117,1.3,0,0,0,0,0,0,0,0,0,0,0,0,0,Matches
453,Edmilson Junior,"MF,FW",qa Qatar,31-315,1.qa Al Duhail SC,1994,3,3,210,2.3,0,1,1,0,0,0,0,0,0,0.43,0.43,0,0.43,Matches
454,Vinicius Júnior,FW,br Brazil,25-353,1.es Real Madrid,2000,4,4,350,3.9,4,1,5,4,0,0,0,0,1.03,0.26,1.29,1.03,1.29,Matches
455,Elijah Just,MF,nz New Zealand,26-060,1.sct Motherwell,2000,3,3,264,2.9,3,0,3,3,0,0,1,0,1.02,0,1.02,1.02,1.02,Matches
456,Musab Al Juwayr,"MF,FW",sa Saudi Arabia,23-010,1.sa Al-Qadsiah,2003,3,2,152,1.7,0,0,0,0,0,0,0,0,0,0,0,0,0,Matches
457,Ayoub El Kaabi,FW,ma Morocco,33-004,1.gr Olympiacos,1993,1,1,69,0.8,0,0,0,0,0,0,0,0,0,0,0,0,0,Matches
458,Ozan Kabak,DF,tr Türkiye,26-097,1.de Hoffenheim,2000,1,1,90,1,0,0,0,0,0,0,0,0,0,0,0,0,0,Matches
459,Ferdi Kadioglu,DF,tr Türkiye,26-266,1.eng Brighton,1999,2,2,159,1.8,0,0,0,0,0,0,0,0,0,0,0,0,0,Matches
460,Kaku,MF,py Paraguay,31-170,1.ae Al Ain,1995,1,0,11,0.1,0,0,0,0,0,0,0,0,0,0,0,0,0,Matches
461,Saša Kalajdži?,FW,at Austria,28-358,1.at LASK,1997,2,1,46,0.5,1,0,1,1,0,0,0,0,1.96,0,1.96,1.96,1.96,Matches
462,Gédéon Kalulu,DF,cd Congo DR,28-305,1.cy Aris Limassol,1997,1,0,6,0.1,0,0,0,0,0,0,0,0,0,0,0,0,0,Matches
463,Daichi Kamada,MF,jp Japan,29-329,1.eng Crystal Palace,1996,4,4,329,3.7,2,0,2,2,0,0,1,0,0.55,0,0.55,0.55,0.55,Matches
464,Hossein Kanaanizadegan,DF,ir IR Iran,32-099,1.ir Persepolis,1994,2,2,135,1.5,0,0,0,0,0,0,1,0,0,0,0,0,0,Matches
465,Harry Kane,FW,eng England,32-337,1.de Bayern Munich,1993,3,3,263,2.9,3,0,3,2,1,1,0,0,1.03,0,1.03,0.68,0.68,Matches
466,Lee Kang-in,FW,kr Korea Republic,25-131,1.fr PSG,2001,3,3,270,3,0,1,1,0,0,0,1,0,0,0.33,0.33,0,0.33,Matches
467,Mohamed Kanno,MF,sa Saudi Arabia,31-281,1.sa Al-Hilal,1994,3,2,225,2.5,0,0,0,0,0,0,1,0,0,0,0,0,0,Matches
468,Steve Kapuadi,DF,cd Congo DR,28-061,1.pl Widzew ?ód?,1998,2,2,180,2,0,0,0,0,0,0,0,0,0,0,0,0,0,Matches
469,Bekhruz Karimov,DF,uz Uzbekistan,18-327,1.uz FC Surkhon,2007,2,2,179,2,0,0,0,0,0,0,0,0,0,0,0,0,0,Matches
470,Jesper Karlström,MF,se Sweden,31-009,1.it Udinese,1995,2,2,138,1.5,0,0,0,0,0,0,0,0,0,0,0,0,0,Matches
471,Gervane Kastaneer,"FW,MF",cw Curaçao,30-021,1.my Terengganu City,1996,3,0,30,0.3,0,0,0,0,0,0,2,0,0,0,0,0,0,Matches
472,Nikola Kati?,DF,ba Bosnia–Herz,29-263,2.de Schalke 04,1996,3,3,243,2.7,0,0,0,0,0,0,1,0,0,0,0,0,0,Matches
473,Edo Kayembe,MF,cd Congo DR,28-027,2.eng Watford,1998,2,2,145,1.6,0,0,0,0,0,0,0,0,0,0,0,0,0,Matches
474,Joris Kayembe,"DF,FW",cd Congo DR,31-326,1.be Genk,1994,3,0,43,0.5,0,0,0,0,0,0,0,0,0,0,0,0,0,Matches
475,Franck Kessié,MF,ci Côte d'Ivoire,29-193,1.sa Al-Ahli,1996,3,3,256,2.8,1,0,1,1,0,0,1,0,0.35,0,0.35,0.35,0.35,Matches
Rk,Player,Pos,Squad,Age,Club,Born,MP,Starts,Min,90s,Gls,Ast,G+A,G-PK,PK,PKatt,CrdY,CrdR,Gls,Ast,G+A,G-PK,G+A-PK,Matches
476,Abdullah Al-Khaibari,MF,sa Saudi Arabia,29-318,1.sa Al-Nassr,1996,3,3,180,2,0,0,0,0,0,0,0,0,0,0,0,0,0,Matches
477,Shoja' Khalilzadeh,DF,ir IR Iran,37-047,1.ir Tractor,1989,3,3,270,3,0,0,0,0,0,0,1,0,0,0,0,0,0,Matches
478,Dostonbek Khamdamov,MF,uz Uzbekistan,29-341,1.uz Pakhtakor Tashkent FK,1996,2,1,103,1.1,0,0,0,0,0,0,0,0,0,0,0,0,0,Matches
479,Bilal El Khannouss,MF,ma Morocco,22-051,1.de Stuttgart,2004,4,4,338,3.8,0,0,0,0,0,0,0,0,0,0,0,0,0,Matches
480,Rani Khedira,MF,tn Tunisia,32-154,1.de Union Berlin,1994,3,2,149,1.7,0,0,0,0,0,0,1,0,0,0,0,0,0,Matches
481,Boualem Khoukhi,DF,qa Qatar,35-356,1.qa Al Sadd,1990,3,3,270,3,1,0,1,1,0,0,0,0,0.33,0,0.33,0.33,0.33,Matches
482,Abdukodir Khusanov,DF,uz Uzbekistan,22-121,1.eng Manchester City,2004,3,3,270,3,0,0,0,0,0,0,2,0,0,0,0,0,0,Matches
483,Joshua Kimmich,DF,de Germany,31-142,1.de Bayern Munich,1995,4,4,351,3.9,0,2,2,0,0,0,0,0,0,0.51,0.51,0,0.51,Matches
484,Justin Kluivert,"FW,MF",nl Netherlands,27-056,1.eng Bournemouth,1999,2,0,27,0.3,0,0,0,0,0,0,0,0,0,0,0,0,0,Matches
485,Gregor Kobel,GK,ch Switzerland,28-206,1.de Dortmund,1997,3,3,270,3,0,0,0,0,0,0,0,0,0,0,0,0,0,Matches
486,Orkun Kökçü,MF,tr Türkiye,25-183,1.tr Be?ikta?,2000,3,2,153,1.7,0,1,1,0,0,0,0,0,0,0.59,0.59,0,0.59,Matches
487,Sead Kolašinac,DF,ba Bosnia–Herz,33-010,1.it Atalanta,1993,3,3,263,2.9,0,1,1,0,0,0,0,0,0,0.34,0.34,0,0.34,Matches
488,Ghislain Konan,DF,ci Côte d'Ivoire,30-185,1.pt Gil Vicente FC,1995,2,2,180,2,0,0,0,0,0,0,0,0,0,0,0,0,0,Matches
489,Ibrahima Konaté,DF,fr France,27-036,1.eng Liverpool,1999,1,0,15,0.2,0,0,0,0,0,0,0,0,0,0,0,0,0,Matches
490,Ismaël Koné,MF,ca Canada,24-014,1.it Sassuolo,2002,2,2,146,1.6,0,0,0,0,0,0,0,0,0,0,0,0,0,Matches
491,Manu Koné,MF,fr France,25-044,1.it Roma,2001,2,2,180,2,0,0,0,0,0,0,0,0,0,0,0,0,0,Matches
492,Ezri Konsa,DF,eng England,28-250,1.eng Aston Villa,1997,3,3,270,3,0,0,0,0,0,0,0,0,0,0,0,0,0,Matches
493,Teun Koopmeiners,"DF,MF",nl Netherlands,28-122,1.it Juventus,1998,4,0,122,1.4,0,0,0,0,0,0,0,0,0,0,0,0,0,Matches
494,Odilon Kossounou,DF,ci Côte d'Ivoire,25-177,1.it Atalanta,2001,3,2,182,2,0,0,0,0,0,0,0,0,0,0,0,0,0,Matches
495,Kalidou Koulibaly,DF,sn Senegal,35-010,1.sa Al-Hilal,1991,2,2,161,1.8,0,0,0,0,0,0,0,0,0,0,0,0,0,Matches
496,Jules Koundé,DF,fr France,27-230,1.es Barcelona,1998,3,3,258,2.9,0,0,0,0,0,0,0,0,0,0,0,0,0,Matches
497,Mateo Kova?i?,MF,hr Croatia,32-055,1.eng Manchester City,1994,3,2,181,2,0,1,1,0,0,0,0,0,0,0.5,0.5,0,0.5,Matches
498,Matej Kovar,GK,cz Czechia,26-044,1.nl PSV,2000,3,3,270,3,0,0,0,0,0,0,0,0,0,0,0,0,0,Matches
499,Andrej Kramari?,"FW,MF",hr Croatia,35-011,1.de Hoffenheim,1991,2,0,58,0.6,0,0,0,0,0,0,0,0,0,0,0,0,0,Matches
500,Ladislav Krej?í,DF,cz Czechia,27-071,1.eng Wolves,1999,3,3,270,3,1,0,1,1,0,0,1,0,0.33,0,0.33,0.33,0.33,Matches
Rk,Player,Pos,Squad,Age,Club,Born,MP,Starts,Min,90s,Gls,Ast,G+A,G-PK,PK,PKatt,CrdY,CrdR,Gls,Ast,G+A,G-PK,G+A-PK,Matches
501,Takefusa Kubo,MF,jp Japan,25-026,1.es Real Sociedad,2001,1,1,74,0.8,0,1,1,0,0,0,0,0,0,1.22,1.22,0,1.22,Matches
502,Brandley Kuwas,"FW,MF",cw Curaçao,33-284,1.nl Volendam,1992,1,0,1,0,0,0,0,0,0,0,0,0,0,0,0,0,0,Matches
503,Prince Kwabena Adu,FW,gh Ghana,22-280,1.cz Viktoria Plze?,2003,2,0,27,0.3,0,0,0,0,0,0,0,0,0,0,0,0,0,Matches
504,Maxence Lacroix,DF,fr France,26-085,1.eng Crystal Palace,2000,1,1,90,1,0,0,0,0,0,0,0,0,0,0,0,0,0,Matches
505,Gustaf Lagerbielke,DF,se Sweden,26-081,1.pt Braga,2000,3,3,270,3,0,0,0,0,0,0,0,0,0,0,0,0,0,Matches
506,Konrad Laimer,"MF,DF",at Austria,29-034,1.de Bayern Munich,1997,3,3,270,3,0,1,1,0,0,0,1,0,0,0.33,0.33,0,0.33,Matches
507,Ali Lajami,DF,sa Saudi Arabia,30-067,1.sa Al-Hilal,1996,3,1,149,1.7,0,0,0,0,0,0,0,0,0,0,0,0,0,Matches
508,Noa Lang,"FW,MF",nl Netherlands,27-013,1.tr Galatasaray,1999,2,0,8,0.1,0,0,0,0,0,0,0,0,0,0,0,0,0,Matches
509,Sondre Langås,DF,no Norway,25-148,2.eng Derby County,2001,1,0,25,0.3,0,0,0,0,0,0,0,0,0,0,0,0,0,Matches
510,Aymeric Laporte,DF,es Spain,32-034,1.es Athletic Club,1994,3,3,270,3,0,1,1,0,0,0,0,0,0,0.33,0.33,0,0.33,Matches
511,Cyle Larin,FW,ca Canada,31-074,1.es Mallorca,1995,3,2,162,1.8,2,0,2,2,0,0,1,0,1.11,0,1.11,1.11,1.11,Matches
512,Richie Laryea,DF,ca Canada,31-174,1.us Toronto FC,1995,4,4,352,3.9,0,0,0,0,0,0,0,0,0,0,0,0,0,Matches
513,Mohanad Lasheen,MF,eg Egypt,30-032,,1996,3,3,270,3,0,0,0,0,0,0,2,0,0,0,0,0,0,Matches
514,Issa Laye,"MF,DF",qa Qatar,28-190,1.qa Al-Arabi,1997,3,3,270,3,0,0,0,0,0,0,0,0,0,0,0,0,0,Matches
515,Rafael Leão,"FW,MF",pt Portugal,27-020,1.it Milan,1999,3,0,48,0.5,1,0,1,1,0,0,0,0,1.87,0,1.87,1.87,1.87,Matches
516,Mathew Leckie,MF,au Australia,35-146,1.au Melb City,1991,1,1,60,0.7,0,0,0,0,0,0,0,0,0,0,0,0,0,Matches
517,Jefferson Lerma,MF,co Colombia,31-248,1.eng Crystal Palace,1994,3,3,239,2.7,0,0,0,0,0,0,1,0,0,0,0,0,0,Matches
518,Jamie Leweling,"FW,MF",de Germany,25-124,1.de Stuttgart,2001,1,0,31,0.3,0,0,0,0,0,0,0,0,0,0,0,0,0,Matches
519,Philipp Lienhart,DF,at Austria,29-354,1.de Freiburg,1996,2,2,180,2,0,0,0,0,0,0,0,0,0,0,0,0,0,Matches
520,Victor Lindelöf,"DF,MF",se Sweden,31-348,1.eng Aston Villa,1994,3,3,266,3,0,0,0,0,0,0,0,0,0,0,0,0,0,Matches
521,Erik Lira,MF,mx Mexico,26-053,1.mx Cruz Azul,2000,2,2,165,1.8,0,1,1,0,0,0,0,0,0,0.55,0.55,0,0.55,Matches
522,Dominik Livakovi?,GK,hr Croatia,31-172,1.hr Dinamo Zagreb,1995,3,3,270,3,0,0,0,0,0,0,0,0,0,0,0,0,0,Matches
523,Dailon Livramento,FW,cv Cabo Verde,25-057,1.pt Casa Pia,2001,2,2,120,1.3,0,0,0,0,0,0,0,0,0,0,0,0,0,Matches
524,Marcos Llorente,DF,es Spain,31-151,1.es Atlético Madrid,1995,2,2,180,2,0,1,1,0,0,0,0,0,0,0.5,0.5,0,0.5,Matches
525,Giovani Lo Celso,MF,ar Argentina,30-082,1.es Real Betis,1996,1,1,59,0.7,1,0,1,1,0,0,0,0,1.53,0,1.53,1.53,1.53,Matches
Rk,Player,Pos,Squad,Age,Club,Born,MP,Starts,Min,90s,Gls,Ast,G+A,G-PK,PK,PKatt,CrdY,CrdR,Gls,Ast,G+A,G-PK,G+A-PK,Matches
526,Jürgen Locadia,FW,cw Curaçao,32-235,2.us Miami FC,1993,3,3,235,2.6,0,0,0,0,0,0,0,0,0,0,0,0,0,Matches
527,Azarías Londoño,MF,pa Panama,25-009,1.ec Univ Católica,2001,3,0,56,0.6,0,0,0,0,0,0,0,0,0,0,0,0,0,Matches
528,Sidny Lopes Cabral,DF,cv Cabo Verde,23-285,1.pt Benfica,2002,2,2,165,1.8,0,0,0,0,0,0,2,0,0,0,0,0,0,Matches
529,Flaco López,FW,ar Argentina,25-206,1.br Palmeiras,2000,1,0,9,0.1,0,0,0,0,0,0,0,0,0,0,0,0,0,Matches
530,Derrick Luckassen,DF,gh Ghana,30-362,1.cy Pafos FC,1995,1,1,90,1,1,0,1,1,0,0,0,0,1,0,1,1,1,Matches
531,Jhon Lucumí,DF,co Colombia,28-004,1.it Bologna,1998,3,3,270,3,0,0,0,0,0,0,1,0,0,0,0,0,0,Matches
532,José Luis Rodríguez,"MF,FW",pa Panama,28-011,1.mx FC Juárez,1998,3,3,233,2.6,0,0,0,0,0,0,0,0,0,0,0,0,0,Matches
533,Romelu Lukaku,FW,be Belgium,33-048,1.it Napoli,1993,3,1,103,1.1,1,1,2,1,0,0,1,0,0.87,0.87,1.75,0.87,1.75,Matches
534,Dodi Lukebakio,"FW,MF",be Belgium,28-279,1.pt Benfica,1997,1,0,33,0.4,0,0,0,0,0,0,0,0,0,0,0,0,0,Matches
535,Jovo Luki?,FW,ba Bosnia–Herz,27-214,1.ro Univ. Cluj,1998,2,1,67,0.7,1,0,1,1,0,0,1,0,1.34,0,1.34,1.34,1.34,Matches
536,Alexis Mac Allister,MF,ar Argentina,27-188,1.eng Liverpool,1998,3,2,210,2.3,0,0,0,0,0,0,0,0,0,0,0,0,0,Matches
537,Deiver Machado,DF,co Colombia,32-301,1.fr Nantes,1993,1,1,90,1,0,0,0,0,0,0,0,0,0,0,0,0,0,Matches
538,Shuto Machino,FW,jp Japan,26-273,1.de Gladbach,1999,1,0,13,0.1,0,0,0,0,0,0,0,0,0,0,0,0,0,Matches
539,Assim Madibo,MF,qa Qatar,29-251,1.qa Al-Wakrah,1996,2,2,131,1.5,0,0,0,0,0,0,0,1,0,0,0,0,0,Matches
540,Noni Madueke,MF,eng England,24-112,1.eng Arsenal,2002,3,2,181,2,0,0,0,0,0,0,0,0,0,0,0,0,0,Matches
541,Daizen Maeda,MF,jp Japan,28-253,1.sct Celtic,1997,3,3,244,2.7,1,0,1,1,0,0,0,0,0.37,0,0.37,0.37,0.37,Matches
542,Gabriel Magalhães,DF,br Brazil,28-193,1.eng Arsenal,1997,4,4,360,4,0,1,1,0,0,0,0,0,0,0.25,0.25,0,0.25,Matches
543,Ermin Mahmi?,MF,ba Bosnia–Herz,21-108,1.cz Slovan Liberec,2005,2,0,28,0.3,2,0,2,2,0,0,1,0,6.43,0,6.43,6.43,6.43,Matches
544,Hadj Mahmoud,MF,tn Tunisia,26-067,1.ch Lugano,2000,2,0,43,0.5,0,0,0,0,0,0,0,0,0,0,0,0,0,Matches
545,Riyad Mahrez,MF,dz Algeria,35-129,1.sa Al-Ahli,1991,3,2,192,2.1,2,1,3,2,0,0,0,0,0.94,0.47,1.41,0.94,1.41,Matches
546,Alexandro Maidana,DF,py Paraguay,20-339,1.ar Talleres–C,2005,2,1,55,0.6,0,0,0,0,0,0,0,0,0,0,0,0,0,Matches
547,Mike Maignan,GK,fr France,30-362,1.it Milan,1995,3,3,270,3,0,0,0,0,0,0,0,0,0,0,0,0,0,Matches
548,Evidence Makgopa,FW,za South Africa,26-025,1.za Orlando Pirates,2000,4,2,215,2.4,0,0,0,0,0,0,0,0,0,0,0,0,0,Matches
549,Ahmed Maknzi,DF,iq Iraq,24-279,1.iq Al-Karma,2001,1,0,33,0.4,0,0,0,0,0,0,0,0,0,0,0,0,0,Matches
550,Donyell Malen,FW,nl Netherlands,27-172,1.it Roma,1999,3,3,185,2.1,0,0,0,0,0,0,0,0,0,0,0,0,0,Matches
Rk,Player,Pos,Squad,Age,Club,Born,MP,Starts,Min,90s,Gls,Ast,G+A,G-PK,PK,PKatt,CrdY,CrdR,Gls,Ast,G+A,G-PK,G+A-PK,Matches
551,Arjan Malic,DF,ba Bosnia–Herz,20-306,1.at Sturm Graz,2005,1,1,45,0.5,0,0,0,0,0,0,0,0,0,0,0,0,0,Matches
552,Mohamed Manai,DF,qa Qatar,23-248,1.qa Al-Shamal Sports Club,2002,3,0,69,0.8,0,0,0,0,0,0,0,0,0,0,0,0,0,Matches
553,Aïssa Mandi,DF,dz Algeria,34-251,1.fr Lille,1991,3,3,270,3,0,0,0,0,0,0,0,0,0,0,0,0,0,Matches
554,Sadio Mané,MF,sn Senegal,34-081,1.sa Al-Nassr,1992,3,3,270,3,0,1,1,0,0,0,0,0,0,0.33,0.33,0,0.33,Matches
555,Juan Manuel Sanabria,DF,uy Uruguay,26-093,1.mx Atlético San Luis,2000,3,2,204,2.3,0,0,0,0,0,0,1,0,0,0,0,0,0,Matches
556,Johan Manzambi,FW,ch Switzerland,20-259,1.de Freiburg,2005,3,1,129,1.4,3,1,4,3,0,0,0,0,2.09,0.7,2.79,2.09,2.79,Matches
557,Mahmoud Al-Mardi,MF,jo Jordan,32-267,1.jo Al-Hussein SC,1993,3,1,130,1.4,0,0,0,0,0,0,0,0,0,0,0,0,0,Matches
558,Jearl Margaritha,"FW,MF",cw Curaçao,26-081,2.be Beveren,2000,2,0,41,0.5,0,0,0,0,0,0,0,0,0,0,0,0,0,Matches
559,Omar Marmoush,FW,eg Egypt,27-143,1.eng Manchester City,1999,3,2,210,2.3,0,0,0,0,0,0,0,0,0,0,0,0,0,Matches
560,Marquinhos,DF,br Brazil,32-047,1.fr PSG,1994,4,4,360,4,0,0,0,0,0,0,0,0,0,0,0,0,0,Matches
561,Gabriel Martinelli,"FW,MF",br Brazil,25-012,1.eng Arsenal,2001,3,0,77,0.9,1,0,1,1,0,0,0,0,1.17,0,1.17,1.17,1.17,Matches
562,Guillermo Martínez Ayala,FW,mx Mexico,31-107,1.mx UNAM,1995,1,1,62,0.7,0,0,0,0,0,0,0,0,0,0,0,0,0,Matches
563,Cristian Martínez,"MF,FW",pa Panama,29-144,1.il Kiryat Shmona,1997,3,3,242,2.7,0,0,0,0,0,0,0,0,0,0,0,0,0,Matches
564,Emiliano Martínez,GK,ar Argentina,33-301,1.eng Aston Villa,1992,3,3,270,3,0,0,0,0,0,0,0,0,0,0,0,0,0,Matches
565,Lautaro Martínez,FW,ar Argentina,28-312,1.it Inter,1997,3,3,177,2,1,0,1,0,1,1,0,0,0.51,0,0.51,0,0,Matches
566,Lisandro Martínez,DF,ar Argentina,28-163,1.eng Manchester Utd,1998,2,2,180,2,0,0,0,0,0,0,0,0,0,0,0,0,0,Matches
567,Thapelo Maseko,"MF,FW",za South Africa,22-231,1.cy AEL Limassol,2003,3,3,242,2.7,1,0,1,1,0,0,0,0,0.37,0,0.37,0.37,0.37,Matches
568,Hazem Mastouri,FW,tn Tunisia,29-012,1.ru D. Makhachkala,1997,1,1,89,1,1,0,1,1,0,0,0,0,1.01,0,1.01,1.01,1.01,Matches
569,Arthur Masuaku,DF,cd Congo DR,32-235,1.fr Lens,1993,3,3,227,2.5,0,1,1,0,0,0,0,0,0,0.4,0.4,0,0.4,Matches
570,Igor Matanovi?,FW,hr Croatia,23-091,1.de Freiburg,2003,2,0,50,0.6,0,0,0,0,0,0,0,0,0,0,0,0,0,Matches
571,Pape Matar Sarr,MF,sn Senegal,23-289,1.eng Tottenham,2002,1,0,19,0.2,0,0,0,0,0,0,0,0,0,0,0,0,0,Matches
572,Jean-Philippe Mateta,FW,fr France,29-002,1.eng Crystal Palace,1997,1,0,4,0,0,0,0,0,0,0,0,0,0,0,0,0,0,Matches
573,Mauricio,MF,py Paraguay,25-039,1.br Palmeiras,2001,3,0,153,1.7,1,0,1,1,0,0,0,0,0.59,0,0.59,0.59,0.59,Matches
574,Fiston Mayele,FW,cd Congo DR,32-006,1.eg Pyramids FC,1994,1,0,40,0.4,1,0,1,1,0,0,0,0,2.25,0,2.25,2.25,2.25,Matches
575,Ibrahim Maza,MF,dz Algeria,20-218,1.de Leverkusen,2005,3,3,261,2.9,0,0,0,0,0,0,0,0,0,0,0,0,0,Matches
Rk,Player,Pos,Squad,Age,Club,Born,MP,Starts,Min,90s,Gls,Ast,G+A,G-PK,PK,PKatt,CrdY,CrdR,Gls,Ast,G+A,G-PK,G+A-PK,Matches
576,Noussair Mazraoui,DF,ma Morocco,28-228,1.eng Manchester Utd,1997,4,3,297,3.3,0,0,0,0,0,0,0,0,0,0,0,0,0,Matches
577,Kylian Mbappé,FW,fr France,27-192,1.es Real Madrid,1998,3,3,265,2.9,4,2,6,4,0,0,0,0,1.36,0.68,2.04,1.36,2.04,Matches
578,Thalente Mbatha,MF,za South Africa,26-106,1.za Orlando Pirates,2000,4,2,260,2.9,0,0,0,0,0,0,1,0,0,0,0,0,0,Matches
579,Ibrahim Mbaye,MF,sn Senegal,18-157,1.fr PSG,2008,3,1,109,1.2,1,0,1,1,0,0,0,0,0.83,0,0.83,0.83,0.83,Matches
580,Chancel Mbemba,DF,cd Congo DR,31-326,1.fr Lille,1994,3,3,270,3,0,0,0,0,0,0,1,0,0,0,0,0,0,Matches
581,Mbekezeli Mbokazi,DF,za South Africa,20-284,1.us Chicago Fire,2005,4,4,360,4,0,0,0,0,0,0,0,0,0,0,0,0,0,Matches
582,Nathanaël Mbuku,MF,cd Congo DR,24-106,2.fr Montpellier,2002,2,1,80,0.9,0,0,0,0,0,0,1,0,0,0,0,0,0,Matches
583,Callum McCowatt,MF,nz New Zealand,27-061,1.dk Silkeborg,1999,3,2,159,1.8,0,0,0,0,0,0,1,0,0,0,0,0,0,Matches
584,John McGinn,MF,sct Scotland,31-255,1.eng Aston Villa,1994,3,3,259,2.9,1,0,1,1,0,0,0,0,0.35,0,0.35,0.35,0.35,Matches
585,Scott McKenna,DF,sct Scotland,29-230,1.hr Dinamo Zagreb,1996,1,1,90,1,0,0,0,0,0,0,0,0,0,0,0,0,0,Matches
586,Weston McKennie,MF,us United States,27-306,1.it Juventus,1998,3,3,264,2.9,0,0,0,0,0,0,0,0,0,0,0,0,0,Matches
587,Mark McKenzie,DF,us United States,27-125,1.fr Toulouse,1999,1,1,90,1,0,0,0,0,0,0,0,0,0,0,0,0,0,Matches
588,Kenny McLean,MF,sct Scotland,34-173,2.eng Norwich City,1992,3,1,118,1.3,0,0,0,0,0,0,1,0,0,0,0,0,0,Matches
589,Scott McTominay,MF,sct Scotland,29-204,1.it Napoli,1996,3,3,270,3,0,0,0,0,0,0,0,0,0,0,0,0,0,Matches
590,Brandon Mechele,DF,be Belgium,33-153,1.be Club Brugge,1993,3,3,270,3,0,0,0,0,0,0,0,0,0,0,0,0,0,Matches
591,Facundo Medina,DF,ar Argentina,27-033,1.fr Marseille,1999,2,2,171,1.9,0,1,1,0,0,0,1,0,0,0.53,0.53,0,0.53,Matches
592,Hannibal Mejbri,MF,tn Tunisia,23-160,1.eng Burnley,2003,3,3,270,3,0,2,2,0,0,0,0,0,0,0.67,0.67,0,0.67,Matches
593,Amar Memi?,MF,ba Bosnia–Herz,25-161,1.cz Viktoria Plze?,2001,3,2,208,2.3,0,0,0,0,0,0,0,0,0,0,0,0,0,Matches
594,Memphis,"FW,MF",nl Netherlands,32-137,1.br Corinthians,1994,3,0,54,0.6,0,1,1,0,0,0,1,0,0,1.67,1.67,0,1.67,Matches
595,Sultan Mendash,MF,sa Saudi Arabia,31-256,1.sa Al-Hilal,1994,1,1,65,0.7,0,0,0,0,0,0,0,0,0,0,0,0,0,Matches
596,Lucas Mendes,DF,qa Qatar,35-362,1.qa Al-Wakrah,1990,1,0,4,0,0,0,0,0,0,0,0,0,0,0,0,0,0,Matches
597,Nuno Mendes,DF,pt Portugal,24-011,1.fr PSG,2002,3,3,250,2.8,1,0,1,1,0,0,0,0,0.36,0,0.36,0.36,0.36,Matches
598,Ryan Mendes,"FW,MF",cv Cabo Verde,36-173,2.tr 76 I?d?r Belediyespor,1990,3,3,251,2.8,0,0,0,0,0,0,0,0,0,0,0,0,0,Matches
599,Édouard Mendy,GK,sn Senegal,34-121,1.sa Al-Ahli,1992,2,2,152,1.7,0,0,0,0,0,0,0,0,0,0,0,0,0,Matches
600,Gideon Mensah,DF,gh Ghana,27-347,1.fr Auxerre,1998,3,3,270,3,0,0,0,0,0,0,0,0,0,0,0,0,0,Matches
Rk,Player,Pos,Squad,Age,Club,Born,MP,Starts,Min,90s,Gls,Ast,G+A,G-PK,PK,PKatt,CrdY,CrdR,Gls,Ast,G+A,G-PK,G+A-PK,Matches
601,Mikel Merino,MF,es Spain,30-008,1.eng Arsenal,1996,3,1,109,1.2,0,0,0,0,0,0,0,0,0,0,0,0,0,Matches
602,Lionel Messi,FW,ar Argentina,39-006,1.us Inter Miami,1987,3,2,200,2.2,6,0,6,6,0,1,0,0,2.7,0,2.7,2.7,2.7,Matches
603,Connor Metcalfe,MF,au Australia,26-237,1.de St Pauli,1999,3,2,225,2.5,1,0,1,1,0,0,0,0,0.4,0,0.4,0.4,0.4,Matches
604,Thomas Meunier,DF,be Belgium,34-291,1.fr Lille,1991,2,2,147,1.6,0,0,0,0,0,0,0,0,0,0,0,0,0,Matches
605,Liam Millar,MF,ca Canada,26-276,2.eng Hull City,1999,3,2,162,1.8,0,0,0,0,0,0,1,0,0,0,0,0,0,Matches
606,Kim Min-jae,DF,kr Korea Republic,29-227,1.de Bayern Munich,1996,3,3,245,2.7,0,0,0,0,0,0,0,0,0,0,0,0,0,Matches
607,Alan Minda,MF,ec Ecuador,23-047,1.br Atlético Mineiro,2003,1,1,55,0.6,0,0,0,0,0,0,0,0,0,0,0,0,0,Matches
608,Aubrey Modiba,DF,za South Africa,30-343,1.za Sundowns,1995,4,4,346,3.8,0,0,0,0,0,0,1,0,0,0,0,0,0,Matches
609,Luka Modri?,MF,hr Croatia,40-294,1.it Milan,1985,3,3,227,2.5,0,1,1,0,0,0,0,0,0,0.4,0.4,0,0.4,Matches
610,Relebohile Mofokeng,MF,za South Africa,21-250,1.za Orlando Pirates,2004,3,2,169,1.9,0,0,0,0,0,0,0,0,0,0,0,0,0,Matches
611,Shahriar Moghanlou,FW,ir IR Iran,31-191,1.ae Al-Ittihad Kalba,1994,3,1,88,1,0,0,0,0,0,0,0,0,0,0,0,0,0,Matches
612,Milad Mohammadi,DF,ir IR Iran,32-274,1.ir Persepolis,1993,3,2,205,2.3,0,0,0,0,0,0,0,0,0,0,0,0,0,Matches
613,Mohammad Mohebi,MF,ir IR Iran,27-192,1.ru Rostov,1998,3,3,244,2.7,1,0,1,1,0,0,0,0,0.37,0,0.37,0.37,0.37,Matches
614,Johan Mojica,DF,co Colombia,33-313,1.es Mallorca,1992,2,2,180,2,0,0,0,0,0,0,1,0,0,0,0,0,0,Matches
615,Teboho Mokoena,MF,za South Africa,29-157,1.za Sundowns,1997,3,3,270,3,1,0,1,0,1,1,2,0,0.33,0,0.33,0,0,Matches
616,Nahuel Molina,DF,ar Argentina,28-085,1.es Atlético Madrid,1998,2,1,135,1.5,0,0,0,0,0,0,0,0,0,0,0,0,0,Matches
617,Jamiro Monteiro,MF,cv Cabo Verde,32-219,1.nl Zwolle,1993,3,3,227,2.5,0,0,0,0,0,0,0,0,0,0,0,0,0,Matches
618,César Montes,DF,mx Mexico,29-126,1.ru Loko Moscow,1997,2,2,179,2,0,0,0,0,0,0,0,1,0,0,0,0,0,Matches
619,Gonzalo Montiel,DF,ar Argentina,29-180,1.ar River Plate,1997,1,1,45,0.5,0,0,0,0,0,0,0,0,0,0,0,0,0,Matches
620,Kim Moon-hwan,MF,kr Korea Republic,30-333,1.kr Daejeon Hana,1995,1,1,70,0.8,0,0,0,0,0,0,0,0,0,0,0,0,0,Matches
621,Gilberto Mora,MF,mx Mexico,17-259,1.mx Tijuana,2008,2,1,96,1.1,0,0,0,0,0,0,0,0,0,0,0,0,0,Matches
622,Steven Moreira,DF,cv Cabo Verde,31-321,1.us Columbus Crew,1994,3,2,181,2,0,0,0,0,0,0,0,0,0,0,0,0,0,Matches
623,Tshepang Moremi,MF,za South Africa,25-271,1.za Orlando Pirates,2000,2,0,34,0.4,0,1,1,0,0,0,0,0,0,2.65,2.65,0,2.65,Matches
624,Orlando Mosquera,GK,pa Panama,31-187,1.sa Al-Fayha,1994,3,3,270,3,0,0,0,0,0,0,0,0,0,0,0,0,0,Matches
625,Samir El Mourabet,MF,ma Morocco,20-267,1.fr Strasbourg,2005,4,0,77,0.9,0,0,0,0,0,0,0,0,0,0,0,0,0,Matches
Rk,Player,Pos,Squad,Age,Club,Born,MP,Starts,Min,90s,Gls,Ast,G+A,G-PK,PK,PKatt,CrdY,CrdR,Gls,Ast,G+A,G-PK,G+A-PK,Matches
626,Samuel Moutoussamy,MF,cd Congo DR,29-322,1.gr Atromitos,1996,3,3,242,2.7,0,0,0,0,0,0,1,0,0,0,0,0,0,Matches
627,Akmal Mozgovoy,MF,uz Uzbekistan,27-089,1.uz Pakhtakor Tashkent FK,1999,3,2,216,2.4,0,1,1,0,0,0,0,0,0,0.42,0.42,0,0.42,Matches
628,Lionel Mpasi,GK,cd Congo DR,31-333,1.fr Le Havre,1994,3,3,270,3,0,0,0,0,0,0,0,0,0,0,0,0,0,Matches
629,Khuliso Mudau,DF,za South Africa,31-065,1.za Sundowns,1995,4,4,360,4,0,0,0,0,0,0,0,0,0,0,0,0,0,Matches
630,Tarik Muharemovic,DF,ba Bosnia–Herz,23-122,1.it Sassuolo,2003,2,2,169,1.9,0,0,0,0,0,0,0,1,0,0,0,0,0,Matches
631,Miro Muheim,"DF,MF",ch Switzerland,28-098,1.de Hamburger SV,1998,1,0,2,0,0,0,0,0,0,0,0,0,0,0,0,0,0,Matches
632,Ngal'Ayel Mukau,MF,cd Congo DR,21-239,1.fr Lille,2004,3,2,120,1.3,0,0,0,0,0,0,0,0,0,0,0,0,0,Matches
633,Mert Müldür,DF,tr Türkiye,27-088,1.tr Fenerbahçe,1999,3,1,101,1.1,0,0,0,0,0,0,0,0,0,0,0,0,0,Matches
634,Daniel Muñoz,DF,co Colombia,30-035,1.eng Crystal Palace,1996,3,2,184,2,2,0,2,2,0,0,0,0,0.98,0,0.98,0.98,0.98,Matches
635,Petar Musa,FW,hr Croatia,28-118,1.us FC Dallas,1998,2,2,110,1.2,1,0,1,1,0,0,0,0,0.82,0,0.82,0.82,0.82,Matches
636,Jamal Musiala,MF,de Germany,23-124,1.de Bayern Munich,2003,4,3,270,3,1,0,1,1,0,0,1,0,0.33,0,0.33,0.33,0.33,Matches
637,Fernando Muslera,GK,uy Uruguay,40-014,1.tr Galatasaray,1986,3,3,225,2.5,0,0,0,0,0,0,0,0,0,0,0,0,0,Matches
638,Phillipp Mwene,DF,at Austria,32-152,1.de Mainz 05,1994,2,2,147,1.6,0,0,0,0,0,0,0,0,0,0,0,0,0,Matches
639,David Møller Wolfe,DF,no Norway,24-068,1.eng Wolves,2002,2,2,162,1.8,0,1,1,0,0,0,0,0,0,0.56,0.56,0,0.56,Matches
640,Y?to Nagatomo,"DF,MF",jp Japan,39-291,1.jp FC Tokyo,1986,1,0,16,0.2,0,0,0,0,0,0,0,0,0,0,0,0,0,Matches
641,Keito Nakamura,MF,jp Japan,25-337,2.fr Reims,2000,4,4,307,3.4,1,1,2,1,0,0,0,0,0.29,0.29,0.59,0.29,0.59,Matches
642,Abdallah Nasib,DF,jo Jordan,32-125,1.iq Al-Zawra'a SC,1994,3,3,260,2.9,0,0,0,0,0,0,0,0,0,0,0,0,0,Matches
643,Sherzod Nasrullaev,"DF,MF",uz Uzbekistan,27-342,1.uz FC Nasaf,1998,3,3,180,2,0,0,0,0,0,0,1,0,0,0,0,0,0,Matches
644,Duckens Nazon,"FW,MF",ht Haiti,32-084,1.ir Esteghlal,1994,1,0,24,0.3,0,0,0,0,0,0,1,0,0,0,0,0,0,Matches
645,Iliman Ndiaye,"FW,MF",sn Senegal,26-116,1.eng Everton,2000,2,0,42,0.5,1,2,3,1,0,0,0,0,2.14,4.29,6.43,2.14,6.43,Matches
646,Dan Ndoye,"MF,FW",ch Switzerland,25-248,1.eng Nottingham,2000,3,2,146,1.6,0,0,0,0,0,0,0,0,0,0,0,0,0,Matches
647,Ali Nemati,DF,ir IR Iran,30-142,1.ir Foolad,1996,3,3,270,3,0,0,0,0,0,0,1,0,0,0,0,0,0,Matches
648,Abduvohid Nematov,GK,uz Uzbekistan,25-102,1.uz FC Nasaf,2001,2,2,180,2,0,0,0,0,0,0,0,0,0,0,0,0,0,Matches
649,Pedro Neto,MF,pt Portugal,26-113,1.eng Chelsea,2000,3,3,206,2.3,0,1,1,0,0,0,0,0,0,0.44,0.44,0,0.44,Matches
650,Manuel Neuer,GK,de Germany,40-095,1.de Bayern Munich,1986,4,4,390,4.3,0,0,0,0,0,0,0,0,0,0,0,0,0,Matches
Rk,Player,Pos,Squad,Age,Club,Born,MP,Starts,Min,90s,Gls,Ast,G+A,G-PK,PK,PKatt,CrdY,CrdR,Gls,Ast,G+A,G-PK,G+A-PK,Matches
651,João Neves,MF,pt Portugal,21-276,1.fr PSG,2004,3,2,210,2.3,1,0,1,1,0,0,0,0,0.43,0,0.43,0.43,0.43,Matches
652,Rúben Neves,MF,pt Portugal,29-109,1.sa Al-Hilal,1997,1,1,45,0.5,0,0,0,0,0,0,0,0,0,0,0,0,0,Matches
653,Neymar,"FW,MF",br Brazil,34-145,1.br Santos,1992,1,0,15,0.2,0,0,0,0,0,0,0,0,0,0,0,0,0,Matches
654,Nathan Ngoy,DF,be Belgium,23-020,1.fr Lille,2003,2,2,155,1.7,0,0,0,0,0,0,0,1,0,0,0,0,0,Matches
655,Moussa Niakhaté,DF,sn Senegal,30-114,1.fr Lyon,1996,3,3,270,3,0,0,0,0,0,0,0,0,0,0,0,0,0,Matches
656,Felix Nmecha,MF,de Germany,25-263,1.de Dortmund,2000,4,4,270,3,1,1,2,1,0,0,0,0,0.33,0.33,0.67,0.33,0.67,Matches
657,Kristoffer Nordfeldt,GK,se Sweden,37-007,1.se AIK Stockholm,1989,2,2,180,2,0,0,0,0,0,0,0,0,0,0,0,0,0,Matches
658,Tyrese Noslin,MF,cw Curaçao,23-292,1.nl Telstar,2002,1,0,14,0.2,0,0,0,0,0,0,0,0,0,0,0,0,0,Matches
659,Ernest Nuamah,MF,gh Ghana,22-241,1.fr Lyon,2003,2,1,77,0.9,0,1,1,0,0,0,0,0,0,1.17,1.17,0,1.17,Matches
660,Matheus Nunes,"DF,MF",pt Portugal,27-307,1.eng Manchester City,1998,1,0,1,0,0,0,0,0,0,0,0,0,0,0,0,0,0,Matches
661,Darwin Núñez,FW,uy Uruguay,27-006,1.sa Al-Hilal,1999,3,2,156,1.7,0,0,0,0,0,0,0,0,0,0,0,0,0,Matches
662,Antonio Nusa,FW,no Norway,21-074,1.de RB Leipzig,2005,3,2,150,1.7,0,0,0,0,0,0,0,0,0,0,0,0,0,Matches
663,Benjamin Nygren,MF,se Sweden,24-357,1.sct Celtic,2001,3,2,121,1.3,0,0,0,0,0,0,0,0,0,0,0,0,0,Matches
664,Ørjan Nyland,GK,no Norway,35-293,1.es Sevilla,1990,2,2,180,2,0,0,0,0,0,0,0,0,0,0,0,0,0,Matches
665,Aiden O'Neill,MF,au Australia,27-361,1.us NYCFC,1998,3,3,270,3,0,0,0,0,0,0,0,0,0,0,0,0,0,Matches
666,Nico O'Reilly,DF,eng England,21-101,1.eng Manchester City,2005,3,2,205,2.3,0,0,0,0,0,0,0,0,0,0,0,0,0,Matches
667,Salim Obaid,DF,jo Jordan,34-164,1.jo Al-Hussein SC,1992,3,0,21,0.2,0,0,0,0,0,0,0,0,0,0,0,0,0,Matches
668,Armando Obispo,DF,cw Curaçao,27-117,1.nl PSV,1999,3,3,270,3,0,0,0,0,0,0,0,0,0,0,0,0,0,Matches
669,Guillermo Ochoa,GK,mx Mexico,40-352,1.cy AEL Limassol,1985,1,0,13,0.1,0,0,0,0,0,0,0,0,0,0,0,0,0,Matches
670,K?ki Ogawa,FW,jp Japan,28-326,1.nl NEC Nijmegen,1997,3,0,42,0.5,0,1,1,0,0,0,0,0,0,2.14,2.14,0,2.14,Matches
671,Braian Ojeda,MF,py Paraguay,26-003,1.us Orlando City,2000,1,0,22,0.2,0,0,0,0,0,0,0,0,0,0,0,0,0,Matches
672,Ime Okon,DF,za South Africa,22-130,2.de Hannover 96,2004,4,4,360,4,0,0,0,0,0,0,0,0,0,0,0,0,0,Matches
673,Paul Okon-Engstler,MF,au Australia,21-157,1.au Sydney FC,2005,3,2,167,1.9,0,1,1,0,0,0,0,0,0,0.54,0.54,0,0.54,Matches
674,Ben Old,MF,nz New Zealand,23-321,2.fr Saint-Étienne,2002,3,0,93,1,0,0,0,0,0,0,0,0,0,0,0,0,0,Matches
675,Michael Olise,MF,fr France,24-200,1.de Bayern Munich,2001,3,3,221,2.5,0,3,3,0,0,0,0,0,0,1.22,1.22,0,1.22,Matches
Rk,Player,Pos,Squad,Age,Club,Born,MP,Starts,Min,90s,Gls,Ast,G+A,G-PK,PK,PKatt,CrdY,CrdR,Gls,Ast,G+A,G-PK,G+A-PK,Matches
676,Mathías Olivera,DF,uy Uruguay,28-242,1.it Napoli,1997,3,3,270,3,0,0,0,0,0,0,1,0,0,0,0,0,0,Matches
677,Dani Olmo,MF,es Spain,28-054,1.es Barcelona,1998,3,1,101,1.1,0,1,1,0,0,0,0,0,0,0.89,0.89,0,0.89,Matches
678,Tani Oluwaseyi,FW,ca Canada,26-046,1.es Villarreal,2000,4,2,197,2.2,0,0,0,0,0,0,0,0,0,0,0,0,0,Matches
679,Ali Olwan,MF,jo Jordan,26-096,1.qa Al-Sailiya SC,2000,3,3,268,3,1,0,1,1,0,0,0,0,0.34,0,0.34,0.34,0.34,Matches
680,Amadou Onana,MF,be Belgium,24-318,1.eng Aston Villa,2001,2,1,74,0.8,0,0,0,0,0,0,0,0,0,0,0,0,0,Matches
681,Christopher Opéri,DF,ci Côte d'Ivoire,29-062,1.tr Ba?ak?ehir,1997,1,1,90,1,0,0,0,0,0,0,0,0,0,0,0,0,0,Matches
682,Jerome Opoku,DF,gh Ghana,27-259,1.tr Ba?ak?ehir,1998,2,2,180,2,0,0,0,0,0,0,0,0,0,0,0,0,0,Matches
683,Joel Ordóñez,DF,ec Ecuador,22-070,1.be Club Brugge,2004,2,2,180,2,0,0,0,0,0,0,0,0,0,0,0,0,0,Matches
684,Jonathan Osorio,MF,ca Canada,34-018,1.us Toronto FC,1992,1,0,1,0,0,0,0,0,0,0,0,0,0,0,0,0,0,Matches
685,Nicolás Otamendi,DF,ar Argentina,38-138,1.pt Benfica,1988,3,1,135,1.5,0,0,0,0,0,0,0,0,0,0,0,0,0,Matches
686,Ayoub Al-Oui,DF,qa Qatar,21-111,1.qa Al-Gharafa Sports Club,2005,2,2,149,1.7,0,0,0,0,0,0,0,0,0,0,0,0,0,Matches
687,Azzedine Ounahi,MF,ma Morocco,26-072,1.es Girona,2000,4,3,259,2.9,0,0,0,0,0,0,0,0,0,0,0,0,0,Matches
688,Mohammed Al-Owais,GK,sa Saudi Arabia,34-263,1.sa Al-Ula,1991,3,3,270,3,0,0,0,0,0,0,0,0,0,0,0,0,0,Matches
689,Elisha Owusu,MF,gh Ghana,28-235,1.fr Auxerre,1997,2,2,122,1.4,0,0,0,0,0,0,0,0,0,0,0,0,0,Matches
690,Mikel Oyarzabal,FW,es Spain,29-070,1.es Real Sociedad,1997,3,3,210,2.3,2,1,3,2,0,0,0,0,0.86,0.43,1.29,0.86,1.29,Matches
691,Salih Özcan,MF,tr Türkiye,28-170,1.de Dortmund,1998,2,1,100,1.1,0,0,0,0,0,0,0,0,0,0,0,0,0,Matches
692,Willian Pacho,DF,ec Ecuador,24-257,1.fr PSG,2001,3,3,270,3,0,0,0,0,0,0,0,0,0,0,0,0,0,Matches
693,Exequiel Palacios,DF,ar Argentina,27-268,1.de Leverkusen,1998,1,1,90,1,0,0,0,0,0,0,0,0,0,0,0,0,0,Matches
694,Lucas Paquetá,MF,br Brazil,28-307,1.br Flamengo,1997,4,4,233,2.6,0,1,1,0,0,0,0,0,0,0.39,0.39,0,0.39,Matches
695,Leandro Paredes,MF,ar Argentina,32-001,1.ar Boca Juniors,1994,2,1,99,1.1,0,0,0,0,0,0,1,0,0,0,0,0,0,Matches
696,Thomas Partey,MF,gh Ghana,33-017,1.es Villarreal,1993,2,2,180,2,0,0,0,0,0,0,0,0,0,0,0,0,0,Matches
697,Marco Pašali?,MF,hr Croatia,25-289,1.us Orlando City,2000,3,1,99,1.1,0,0,0,0,0,0,0,0,0,0,0,0,0,Matches
698,Mario Pašali?,MF,hr Croatia,31-141,1.it Atalanta,1995,3,1,100,1.1,0,0,0,0,0,0,0,0,0,0,0,0,0,Matches
699,Nathan Patterson,DF,sct Scotland,24-257,1.eng Everton,2001,3,2,185,2.1,0,0,0,0,0,0,0,0,0,0,0,0,0,Matches
700,João Paulo Fernandes,DF,cv Cabo Verde,28-035,1.ro FCSB,1998,2,1,105,1.2,0,0,0,0,0,0,0,0,0,0,0,0,0,Matches
Rk,Player,Pos,Squad,Age,Club,Born,MP,Starts,Min,90s,Gls,Ast,G+A,G-PK,PK,PKatt,CrdY,CrdR,Gls,Ast,G+A,G-PK,G+A-PK,Matches
701,Aleksandar Pavlovic,MF,de Germany,22-058,1.de Bayern Munich,2004,4,4,272,3,0,0,0,0,0,0,1,0,0,0,0,0,0,Matches
702,Tim Payne,DF,nz New Zealand,32-171,1.au Wellington,1994,3,3,224,2.5,0,1,1,0,0,0,0,0,0,0.4,0.4,0,0.4,Matches
703,Nicolás Paz,MF,ar Argentina,21-295,1.it Como,2004,2,1,71,0.8,0,0,0,0,0,0,0,0,0,0,0,0,0,Matches
704,Marcus Pedersen,"DF,MF",no Norway,25-349,1.it Torino,2000,2,0,123,1.4,1,0,1,1,0,0,0,0,0.73,0,0.73,0.73,0.73,Matches
705,Pedri,MF,es Spain,23-217,1.es Barcelona,2002,3,3,218,2.4,0,0,0,0,0,0,1,0,0,0,0,0,0,Matches
706,Nicolas Pépé,FW,ci Côte d'Ivoire,31-032,1.es Villarreal,1995,3,2,148,1.6,2,0,2,2,0,0,1,0,1.22,0,1.22,1.22,1.22,Matches
707,Ricardo Pepi,FW,us United States,23-172,1.nl PSV,2003,3,2,182,2,0,0,0,0,0,0,0,0,0,0,0,0,0,Matches
708,Kojo Peprah Oppong,DF,gh Ghana,22-026,1.fr Nice,2004,2,0,49,0.5,0,0,0,0,0,0,1,0,0,0,0,0,0,Matches
709,Ivan Periši?,"MF,DF",hr Croatia,37-148,1.nl PSV,1989,3,3,270,3,0,1,1,0,0,0,1,0,0,0.33,0.33,0,0.33,Matches
710,Jens Petter Hauge,"DF,FW",no Norway,26-261,1.no Bodø/Glimt,1999,1,0,8,0.1,0,0,0,0,0,0,0,0,0,0,0,0,0,Matches
711,Charles Pickel,"DF,MF",cd Congo DR,29-046,1.es Espanyol,1997,2,0,35,0.4,0,0,0,0,0,0,1,0,0,0,0,0,0,Matches
712,Jordan Pickford,GK,eng England,32-115,1.eng Everton,1994,3,3,270,3,0,0,0,0,0,0,0,0,0,0,0,0,0,Matches
713,Pico,DF,cv Cabo Verde,34-013,1.ie Shamrock,1992,3,3,270,3,0,0,0,0,0,0,0,0,0,0,0,0,0,Matches
714,Frantzdy Pierrot,FW,ht Haiti,31-093,1.tr Rizespor,1995,3,2,143,1.6,0,0,0,0,0,0,1,0,0,0,0,0,0,Matches
715,Kevin Pina,MF,cv Cabo Verde,29-154,1.ru Krasnodar,1997,3,3,250,2.8,1,0,1,1,0,0,0,0,0.36,0,0.36,0.36,0.36,Matches
716,Wagner Pina,DF,cv Cabo Verde,23-239,1.tr Trabzonspor,2002,1,1,89,1,0,0,0,0,0,0,1,0,0,0,0,0,0,Matches
717,Orbelín Pineda,"FW,MF",mx Mexico,30-098,1.gr AEK Athens,1996,1,0,20,0.2,0,0,0,0,0,0,0,0,0,0,0,0,0,Matches
718,Yéremy Pino,"FW,MF",es Spain,23-253,1.eng Crystal Palace,2002,2,0,70,0.8,0,0,0,0,0,0,0,0,0,0,0,0,0,Matches
719,Isidro Pitta,FW,py Paraguay,26-320,1.br RB Bragantino,1999,1,1,45,0.5,0,0,0,0,0,0,0,0,0,0,0,0,0,Matches
720,Johny Placide,GK,ht Haiti,38-152,2.fr Bastia,1988,3,3,270,3,0,0,0,0,0,0,1,0,0,0,0,0,0,Matches
721,Gonzalo Plata,FW,ec Ecuador,25-241,1.br Flamengo,2000,3,3,270,3,1,0,1,1,0,0,1,0,0.33,0,0.33,0.33,0.33,Matches
722,Marin Pongra?i?,DF,hr Croatia,28-292,1.it Fiorentina,1997,2,2,180,2,0,0,0,0,0,0,0,0,0,0,0,0,0,Matches
723,Jackson Porozo,DF,ec Ecuador,25-330,1.mx Tijuana,2000,1,0,29,0.3,0,0,0,0,0,0,1,0,0,0,0,0,0,Matches
724,Pedro Porro,DF,es Spain,26-290,1.eng Tottenham,1999,1,1,90,1,0,0,0,0,0,0,0,0,0,0,0,0,0,Matches
725,Stefan Posch,DF,at Austria,29-047,1.de Mainz 05,1997,3,3,247,2.7,0,0,0,0,0,0,1,0,0,0,0,0,0,Matches
Rk,Player,Pos,Squad,Age,Club,Born,MP,Starts,Min,90s,Gls,Ast,G+A,G-PK,PK,PKatt,CrdY,CrdR,Gls,Ast,G+A,G-PK,G+A-PK,Matches
726,Alexander Prass,"DF,MF",at Austria,25-035,1.de Hoffenheim,2001,1,0,23,0.3,0,0,0,0,0,0,0,0,0,0,0,0,0,Matches
727,Ángelo Preciado,"DF,MF",ec Ecuador,28-132,1.br Atlético Mineiro,1998,3,0,64,0.7,0,0,0,0,0,0,0,0,0,0,0,0,0,Matches
728,Ruben Providence,MF,ht Haiti,24-358,2.nl Almere City,2001,3,3,220,2.4,0,0,0,0,0,0,0,0,0,0,0,0,0,Matches
729,Lukáš Provod,FW,cz Czechia,29-250,1.cz Slavia Prague,1996,3,1,122,1.4,0,0,0,0,0,0,0,0,0,0,0,0,0,Matches
730,Gustavo Puerta,MF,co Colombia,22-342,2.es Racing Sant,2003,3,3,259,2.9,0,1,1,0,0,0,1,0,0,0.35,0.35,0,0.35,Matches
731,Christian Pulisic,MF,us United States,27-285,1.it Milan,1998,2,1,78,0.9,0,1,1,0,0,0,0,0,0,1.15,1.15,0,1.15,Matches
732,Ahmed Qasem,"MF,FW",iq Iraq,22-353,1.us Nashville SC,2003,3,2,123,1.4,0,0,0,0,0,0,0,0,0,0,0,0,0,Matches
733,Jarell Quansah,DF,eng England,23-152,1.de Leverkusen,2003,1,1,62,0.7,0,0,0,0,0,0,1,0,0,0,0,0,0,Matches
734,Julián Quiñones,"FW,MF",mx Mexico,29-098,1.sa Al-Qadsiah,1997,3,3,251,2.8,2,0,2,2,0,0,0,0,0.72,0,0.72,0.72,0.72,Matches
735,Alberto Quintero,"FW,MF",pa Panama,38-194,1.pa Plaza Amador,1987,1,0,3,0,0,0,0,0,0,0,0,0,0,0,0,0,0,Matches
736,Juan Quintero,"FW,MF",co Colombia,33-163,1.ar River Plate,1993,2,0,48,0.5,0,1,1,0,0,0,0,0,0,1.87,1.87,0,1.87,Matches
737,Ramy Rabia,DF,eg Egypt,33-041,1.ae Al Ain,1993,3,1,162,1.8,0,0,0,0,0,0,0,0,0,0,0,0,0,Matches
738,Adrien Rabiot,MF,fr France,31-088,1.it Milan,1995,2,2,180,2,0,1,1,0,0,0,0,0,0,0.5,0.5,0,0.5,Matches
739,Stjepan Radelji?,DF,ba Bosnia–Herz,28-298,1.hr Rijeka,1997,1,1,90,1,0,0,0,0,0,0,0,0,0,0,0,0,0,Matches
740,Soufiane Rahimi,FW,ma Morocco,30-028,1.ae Al Ain,1996,4,0,65,0.7,1,1,2,1,0,0,0,0,1.38,1.38,2.77,1.38,2.77,Matches
741,Abdul Rahman Baba,"DF,MF",gh Ghana,31-363,1.gr PAOK,1994,1,0,1,0,0,0,0,0,0,0,0,0,0,0,0,0,0,Matches
742,Anthony Ralston,DF,sct Scotland,27-226,1.sct Celtic,1998,2,0,11,0.1,0,0,0,0,0,0,0,0,0,0,0,0,0,Matches
743,Gonçalo Ramos,FW,pt Portugal,25-010,1.fr PSG,2001,1,0,8,0.1,0,0,0,0,0,0,0,0,0,0,0,0,0,Matches
744,Jiovany Ramos,DF,pa Panama,29-155,1.ve Puerto Cabello,1997,2,2,166,1.8,0,0,0,0,0,0,0,0,0,0,0,0,0,Matches
745,Jesse Randall,MF,nz New Zealand,23-315,1.au Auckland FC,2002,3,0,61,0.7,0,0,0,0,0,0,0,0,0,0,0,0,0,Matches
746,Raúl Rangel,GK,mx Mexico,26-125,1.mx Guadalajara,2000,3,3,257,2.9,0,0,0,0,0,0,0,0,0,0,0,0,0,Matches
747,Raphinha,"MF,FW",br Brazil,29-198,1.es Barcelona,1996,2,2,129,1.4,0,0,0,0,0,0,0,0,0,0,0,0,0,Matches
748,Nizar Al Rashdan,MF,jo Jordan,27-099,1.qa Qatar SC,1999,3,3,255,2.8,1,0,1,1,0,0,0,0,0.35,0,0.35,0.35,0.35,Matches
749,Marcus Rashford,MF,eng England,28-242,1.es Barcelona,1997,3,1,117,1.3,1,0,1,1,0,0,0,0,0.77,0,0.77,0.77,0.77,Matches
750,Nicolas Raskin,MF,be Belgium,25-127,1.sct Rangers,2001,3,1,98,1.1,0,1,1,0,0,0,0,0,0,0.92,0.92,0,0.92,Matches
Rk,Player,Pos,Squad,Age,Club,Born,MP,Starts,Min,90s,Gls,Ast,G+A,G-PK,PK,PKatt,CrdY,CrdR,Gls,Ast,G+A,G-PK,G+A-PK,Matches
751,David Raum,DF,de Germany,28-069,1.de RB Leipzig,1998,2,1,108,1.2,0,0,0,0,0,0,0,0,0,0,0,0,0,Matches
752,Noor Al Rawabdeh,MF,jo Jordan,29-126,1.my Selangor FA,1997,3,3,270,3,0,1,1,0,0,0,0,0,0,0.33,0.33,0,0.33,Matches
753,Rayan,FW,br Brazil,19-331,1.eng Bournemouth,2006,3,2,222,2.5,0,1,1,0,0,0,0,0,0,0.41,0.41,0,0.41,Matches
754,Iqraam Rayners,FW,za South Africa,30-193,1.za Sundowns,1995,4,2,161,1.8,0,0,0,0,0,0,0,0,0,0,0,0,0,Matches
755,Tim Ream,DF,us United States,38-268,1.us Charlotte,1987,2,2,180,2,0,0,0,0,0,0,0,0,0,0,0,0,0,Matches
756,Tijjani Reijnders,MF,nl Netherlands,27-336,1.eng Manchester City,1998,3,3,199,2.2,0,1,1,0,0,0,0,0,0,0.45,0.45,0,0.45,Matches
757,Omar Rekik,DF,tn Tunisia,24-192,1.si NK Maribor,2001,2,2,180,2,1,0,1,1,0,0,0,0,0.5,0,0.5,0.5,0.5,Matches
758,Israel Reyes,DF,mx Mexico,26-038,1.mx América,2000,3,2,191,2.1,0,0,0,0,0,0,0,0,0,0,0,0,0,Matches
759,Gio Reyna,MF,us United States,23-229,1.de Gladbach,2002,3,1,85,0.9,1,0,1,1,0,0,0,0,1.06,0,1.06,1.06,1.06,Matches
760,Ramin Rezaeian,"DF,MF",ir IR Iran,36-101,1.ir Foolad,1990,3,3,270,3,2,1,3,2,0,0,0,0,0.67,0.33,1,0.67,1,Matches
761,Chadi Riad,DF,ma Morocco,23-013,1.eng Crystal Palace,2003,4,4,344,3.8,0,1,1,0,0,0,0,0,0,0.26,0.26,0,0.26,Matches
762,Declan Rice,MF,eng England,27-167,1.eng Arsenal,1999,2,2,161,1.8,0,1,1,0,0,0,1,0,0,0.56,0.56,0,0.56,Matches
763,Chris Richards,DF,us United States,26-094,1.eng Crystal Palace,2000,2,2,180,2,0,0,0,0,0,0,1,0,0,0,0,0,0,Matches
764,Fabian Rieder,MF,ch Switzerland,24-134,1.de Augsburg,2002,2,1,95,1.1,0,0,0,0,0,0,0,0,0,0,0,0,0,Matches
765,Richard Ríos,MF,co Colombia,26-028,1.pt Benfica,2000,3,0,56,0.6,0,0,0,0,0,0,0,0,0,0,0,0,0,Matches
766,Ró-Ró,DF,qa Qatar,35-328,1.qa Al Sadd,1990,3,3,270,3,0,0,0,0,0,0,0,0,0,0,0,0,0,Matches
767,Andy Robertson,DF,sct Scotland,32-111,1.eng Liverpool,1994,3,3,225,2.5,0,0,0,0,0,0,1,0,0,0,0,0,0,Matches
768,Antonee Robinson,"MF,DF",us United States,28-326,1.eng Fulham,1997,2,2,169,1.9,0,0,0,0,0,0,1,0,0,0,0,0,0,Matches
769,Miles Robinson,DF,us United States,29-108,1.us FC Cincinnati,1997,1,1,90,1,0,0,0,0,0,0,0,0,0,0,0,0,0,Matches
770,Sergio Rochet,GK,uy Uruguay,33-099,1.br Internacional,1993,1,0,45,0.5,0,0,0,0,0,0,0,0,0,0,0,0,0,Matches
771,Rodri,MF,es Spain,30-008,1.eng Manchester City,1996,3,3,266,3,0,0,0,0,0,0,0,0,0,0,0,0,0,Matches
772,Garry Rodrigues,MF,cv Cabo Verde,35-215,1.cy Apollon Limassol,1990,2,1,76,0.8,0,0,0,0,0,0,0,0,0,0,0,0,0,Matches
773,Brian Rodríguez,"FW,MF",uy Uruguay,26-041,1.mx América,2000,3,0,41,0.5,0,0,0,0,0,0,0,0,0,0,0,0,0,Matches
774,James Rodríguez,FW,co Colombia,34-353,1.us Minnesota Utd,1991,3,3,203,2.3,0,0,0,0,0,0,0,0,0,0,0,0,0,Matches
775,Kevin Rodríguez,FW,ec Ecuador,26-118,1.be Union SG,2000,3,0,86,1,0,1,1,0,0,0,0,0,0,1.05,1.05,0,1.05,Matches
Rk,Player,Pos,Squad,Age,Club,Born,MP,Starts,Min,90s,Gls,Ast,G+A,G-PK,PK,PKatt,CrdY,CrdR,Gls,Ast,G+A,G-PK,G+A-PK,Matches
776,Ricardo Rodríguez,DF,ch Switzerland,33-309,1.es Real Betis,1992,3,3,268,3,0,0,0,0,0,0,0,0,0,0,0,0,0,Matches
777,Tomás Rodríguez,FW,pa Panama,27-113,1.cr Saprissa,1999,2,1,46,0.5,0,0,0,0,0,0,0,0,0,0,0,0,0,Matches
778,Godfried Roemeratoe,MF,cw Curaçao,26-315,2.nl RKC Waalwijk,1999,1,0,7,0.1,0,0,0,0,0,0,0,0,0,0,0,0,0,Matches
779,Morgan Rogers,MF,eng England,23-339,1.eng Aston Villa,2002,3,1,126,1.4,0,0,0,0,0,0,0,0,0,0,0,0,0,Matches
780,Cristian Romero,DF,ar Argentina,28-064,1.eng Tottenham,1998,2,2,135,1.5,0,0,0,0,0,0,0,0,0,0,0,0,0,Matches
781,Luis Romo,MF,mx Mexico,31-025,1.mx Guadalajara,1995,2,2,132,1.5,1,1,2,1,0,0,0,0,0.68,0.68,1.36,0.68,1.36,Matches
782,Cristiano Ronaldo,FW,pt Portugal,41-145,1.sa Al-Nassr,1985,3,3,270,3,2,0,2,2,0,0,0,0,0.67,0,0.67,0.67,0.67,Matches
783,Eloy Room,GK,cw Curaçao,37-144,2.us Miami FC,1989,3,3,270,3,0,0,0,0,0,0,0,0,0,0,0,0,0,Matches
784,Marten de Roon,"DF,MF",nl Netherlands,35-093,1.it Atalanta,1991,1,0,11,0.1,0,0,0,0,0,0,0,0,0,0,0,0,0,Matches
785,Saed Al-Rosan,DF,jo Jordan,29-149,1.jo Al-Hussein SC,1997,1,0,10,0.1,0,0,0,0,0,0,0,0,0,0,0,0,0,Matches
786,Antonio Rüdiger,DF,de Germany,33-119,1.es Real Madrid,1993,4,2,262,2.9,0,0,0,0,0,0,0,0,0,0,0,0,0,Matches
787,Fabián Ruiz Peña,MF,es Spain,30-088,1.fr PSG,1996,3,1,122,1.4,0,0,0,0,0,0,0,0,0,0,0,0,0,Matches
788,Julian Ryerson,DF,no Norway,28-225,1.de Dortmund,1997,2,2,102,1.1,0,0,0,0,0,0,0,0,0,0,0,0,0,Matches
789,Elias Saad,"MF,FW",tn Tunisia,26-185,2.de Hannover 96,1999,2,2,116,1.3,0,0,0,0,0,0,0,0,0,0,0,0,0,Matches
790,Mustafa Saadoon,DF,iq Iraq,25-036,1.iq Al-Shorta,2001,1,0,18,0.2,0,0,0,0,0,0,0,0,0,0,0,0,0,Matches
791,Mahmoud Saber,MF,eg Egypt,24-335,1.eg ZED,2001,1,1,45,0.5,1,0,1,1,0,0,1,0,2,0,2,2,2,Matches
792,Marcel Sabitzer,MF,at Austria,32-105,1.de Dortmund,1994,3,3,270,3,1,0,1,1,0,0,1,0,0.33,0,0.33,0.33,0.33,Matches
793,Noah Sadiki,MF,cd Congo DR,21-195,1.eng Sunderland,2004,3,1,169,1.9,0,0,0,0,0,0,1,0,0,0,0,0,0,Matches
794,Michal Sadílek,MF,cz Czechia,27-030,1.cz Slavia Prague,1999,3,2,183,2,1,0,1,1,0,0,0,0,0.49,0,0.49,0.49,0.49,Matches
795,Alexis Saelemaekers,MF,be Belgium,27-003,1.it Milan,1999,2,1,76,0.8,1,0,1,1,0,0,0,0,1.18,0,1.18,1.18,1.18,Matches
796,Ismael Saibari,FW,ma Morocco,25-153,1.nl PSV,2001,4,4,360,4,3,0,3,3,0,0,0,0,0.75,0,0.75,0.75,0.75,Matches
797,Bukayo Saka,MF,eng England,24-298,1.eng Arsenal,2001,3,1,107,1.2,0,2,2,0,0,0,0,0,0,1.68,1.68,0,1.68,Matches
798,Mohamed Salah,"FW,MF",eg Egypt,34-015,1.eng Liverpool,1992,3,3,215,2.4,1,2,3,1,0,0,0,0,0.42,0.84,1.26,0.42,1.26,Matches
799,Anass Salah-Eddine,DF,ma Morocco,24-163,1.nl PSV,2002,3,1,139,1.5,0,0,0,0,0,0,0,0,0,0,0,0,0,Matches
800,Nathan Saliba,MF,ca Canada,22-143,1.be Anderlecht,2004,3,2,182,2,1,2,3,1,0,0,1,0,0.49,0.99,1.48,0.49,1.48,Matches
Rk,Player,Pos,Squad,Age,Club,Born,MP,Starts,Min,90s,Gls,Ast,G+A,G-PK,PK,PKatt,CrdY,CrdR,Gls,Ast,G+A,G-PK,G+A-PK,Matches
801,William Saliba,DF,fr France,25-098,1.eng Arsenal,2001,2,2,180,2,0,0,0,0,0,0,0,0,0,0,0,0,0,Matches
802,Shurandy Sambo,DF,cw Curaçao,24-315,1.nl Sparta R.,2001,1,0,1,0,0,0,0,0,0,0,0,0,0,0,0,0,0,Matches
803,Antonio Sanabria,FW,py Paraguay,30-118,1.it Cremonese,1996,2,1,83,0.9,0,0,0,0,0,0,0,0,0,0,0,0,0,Matches
804,Davinson Sánchez,DF,co Colombia,30-018,1.tr Galatasaray,1996,3,3,270,3,0,0,0,0,0,0,0,0,0,0,0,0,0,Matches
805,Jorge Sánchez,DF,mx Mexico,28-202,1.gr PAOK,1997,2,2,180,2,0,1,1,0,0,0,0,0,0,0.5,0.5,0,0.5,Matches
806,Alex Sandro,"DF,MF",br Brazil,35-155,1.br Flamengo,1991,1,0,9,0.1,0,0,0,0,0,0,0,0,0,0,0,0,0,Matches
807,Leroy Sané,MF,de Germany,30-170,1.tr Galatasaray,1996,4,4,326,3.6,1,0,1,1,0,0,0,0,0.28,0,0.28,0.28,0.28,Matches
808,Ibrahim Sangaré,MF,ci Côte d'Ivoire,28-210,1.eng Nottingham,1997,3,2,178,2,0,1,1,0,0,0,0,0,0,0.51,0.51,0,0.51,Matches
809,Kaish? Sano,MF,jp Japan,25-182,1.de Mainz 05,2000,3,3,270,3,1,1,2,1,0,0,1,0,0.33,0.33,0.67,0.33,0.67,Matches
810,Danilo Santos,MF,br Brazil,25-062,1.br Botafogo–RJ,2001,3,0,22,0.2,0,0,0,0,0,0,0,0,0,0,0,0,0,Matches
811,Douglas Santos,DF,br Brazil,32-100,1.ru Zenit,1994,4,4,351,3.9,0,0,0,0,0,0,1,0,0,0,0,0,0,Matches
812,Ismaila Sarr,"MF,FW",sn Senegal,28-125,1.eng Crystal Palace,1998,3,3,244,2.7,3,1,4,3,0,0,0,0,1.11,0.37,1.48,1.11,1.48,Matches
813,Farrukh Sayfiev,"DF,MF",uz Uzbekistan,35-164,1.uz Neftchi FK,1991,1,0,45,0.5,0,0,0,0,0,0,0,0,0,0,0,0,0,Matches
814,Joe Scally,DF,us United States,23-181,1.de Gladbach,2002,2,1,87,1,0,0,0,0,0,0,0,0,0,0,0,0,0,Matches
815,Patrik Schick,FW,cz Czechia,30-157,1.de Leverkusen,1996,3,2,180,2,0,0,0,0,0,0,0,0,0,0,0,0,0,Matches
816,Andreas Schjelderup,FW,no Norway,22-029,1.pt Benfica,2004,3,1,120,1.3,0,1,1,0,0,0,0,0,0,0.75,0.75,0,0.75,Matches
817,Alexander Schlager,GK,at Austria,30-149,1.at RB Salzburg,1996,3,3,270,3,0,0,0,0,0,0,0,0,0,0,0,0,0,Matches
818,Xaver Schlager,MF,at Austria,28-275,1.de RB Leipzig,1997,3,3,193,2.1,0,1,1,0,0,0,0,0,0,0.47,0.47,0,0.47,Matches
819,Nico Schlotterbeck,DF,de Germany,26-211,1.de Dortmund,1999,2,2,135,1.5,1,0,1,1,0,0,0,0,0.67,0,0.67,0.67,0.67,Matches
820,Romano Schmid,"MF,FW",at Austria,26-154,1.de Werder Bremen,2000,3,3,204,2.3,1,0,1,1,0,0,0,0,0.44,0,0.44,0.44,0.44,Matches
821,Kamogelo Sebelebele,"DF,MF",za South Africa,23-344,1.za Orlando Pirates,2002,1,0,7,0.1,0,0,0,0,0,0,0,0,0,0,0,0,0,Matches
822,Abdoulaye Seck,DF,sn Senegal,34-026,1.il Maccabi Haifa,1992,1,1,57,0.6,0,1,1,0,0,0,1,0,0,1.58,1.58,0,1.58,Matches
823,Nicolas Seiwald,MF,at Austria,25-057,1.de RB Leipzig,2001,3,3,270,3,0,0,0,0,0,0,0,0,0,0,0,0,0,Matches
824,Ayumu Seko,DF,jp Japan,26-023,1.fr Le Havre,2000,2,1,86,1,0,0,0,0,0,0,0,0,0,0,0,0,0,Matches
825,Egil Selvik,GK,no Norway,28-335,2.eng Watford,1997,1,1,90,1,0,0,0,0,0,0,0,0,0,0,0,0,0,Matches
Rk,Player,Pos,Squad,Age,Club,Born,MP,Starts,Min,90s,Gls,Ast,G+A,G-PK,PK,PKatt,CrdY,CrdR,Gls,Ast,G+A,G-PK,G+A-PK,Matches
826,Ken Sema,"FW,MF",se Sweden,32-273,1.cy Pafos FC,1993,1,0,16,0.2,0,0,0,0,0,0,0,0,0,0,0,0,0,Matches
827,Nélson Semedo,"DF,MF",pt Portugal,32-226,1.tr Fenerbahçe,1993,2,0,64,0.7,0,0,0,0,0,0,1,0,0,0,0,0,0,Matches
828,Willy Semedo,FW,cv Cabo Verde,32-064,1.cy AC Omonia,1994,2,1,90,1,0,0,0,0,0,0,0,0,0,0,0,0,0,Matches
829,Antoine Semenyo,"MF,FW",gh Ghana,26-174,1.eng Manchester City,2000,3,3,270,3,0,0,0,0,0,0,0,0,0,0,0,0,0,Matches
830,Marvin Senaya,DF,gh Ghana,25-153,1.fr Auxerre,2001,3,3,266,3,0,0,0,0,0,0,0,0,0,0,0,0,0,Matches
831,Marcos Senesi,DF,ar Argentina,29-051,1.eng Bournemouth,1997,1,1,90,1,0,0,0,0,0,0,0,0,0,0,0,0,0,Matches
832,Igor Sergeev,FW,uz Uzbekistan,33-061,1.ir Persepolis,1993,3,0,28,0.3,0,0,0,0,0,0,0,0,0,0,0,0,0,Matches
833,Jean Seri,MF,ci Côte d'Ivoire,34-346,1.si NK Maribor,1991,1,0,14,0.2,0,0,0,0,0,0,0,0,0,0,0,0,0,Matches
834,Kim Seung-gyu,GK,kr Korea Republic,35-273,1.jp FC Tokyo,1990,3,3,270,3,0,0,0,0,0,0,0,0,0,0,0,0,0,Matches
835,Paik Seung-ho,MF,kr Korea Republic,29-105,2.eng Birmingham City,1997,3,3,204,2.3,0,0,0,0,0,0,1,0,0,0,0,0,0,Matches
836,Jacob Shaffelburg,MF,ca Canada,26-216,1.us LAFC,1999,4,0,79,0.9,0,0,0,0,0,0,0,0,0,0,0,0,0,Matches
837,Mohammed Abu Al-Shamat,MF,sa Saudi Arabia,23-323,1.sa Al-Qadsiah,2002,3,1,136,1.5,0,0,0,0,0,0,0,0,0,0,0,0,0,Matches
838,Lawrence Shankland,FW,sct Scotland,30-324,1.sct Hearts,1995,2,2,171,1.9,0,0,0,0,0,0,0,0,0,0,0,0,0,Matches
839,Sharara,FW,jo Jordan,28-182,1.ma Raja Casablanca,1997,2,0,2,0,0,0,0,0,0,0,1,0,0,0,0,0,0,Matches
840,Aimar Sher,MF,iq Iraq,23-192,1.no Sarpsborg 08,2002,1,0,23,0.3,0,0,0,0,0,0,0,0,0,0,0,0,0,Matches
841,Kento Shiogai,FW,jp Japan,21-096,1.de Wolfsburg,2005,1,0,7,0.1,0,0,0,0,0,0,0,0,0,0,0,0,0,Matches
842,Mostafa Shobeir,GK,eg Egypt,26-046,1.eg Al Ahly,2000,3,3,270,3,0,0,0,0,0,0,0,0,0,0,0,0,0,Matches
843,Eldor Shomurodov,FW,uz Uzbekistan,31-001,1.tr Ba?ak?ehir,1995,3,3,269,3,1,0,1,1,0,0,0,0,0.33,0,0.33,0.33,0.33,Matches
844,Otabek Shukurov,MF,uz Uzbekistan,30-008,1.ae Baniyas FC,1996,3,3,237,2.6,0,0,0,0,0,0,0,0,0,0,0,0,0,Matches
845,Nkosinathi Sibisi,DF,za South Africa,30-281,1.za Orlando Pirates,1995,1,1,90,1,0,0,0,0,0,0,1,0,0,0,0,0,0,Matches
846,Kwasi Sibo,MF,gh Ghana,28-006,1.es Oviedo,1998,3,2,187,2.1,0,0,0,0,0,0,0,0,0,0,0,0,0,Matches
847,Niko Sigur,"DF,MF",ca Canada,22-294,1.hr Hajduk Split,2003,2,0,40,0.4,0,0,0,0,0,0,1,0,0,0,0,0,0,Matches
848,Bernardo Silva,MF,pt Portugal,31-324,1.eng Manchester City,1994,2,1,60,0.7,0,0,0,0,0,0,1,0,0,0,0,0,0,Matches
849,Éderson Silva,MF,br Brazil,26-358,1.it Atalanta,1999,1,0,10,0.1,0,0,0,0,0,0,0,0,0,0,0,0,0,Matches
850,Giuliano Simeone,FW,ar Argentina,23-194,1.es Atlético Madrid,2002,1,1,70,0.8,0,0,0,0,0,0,0,0,0,0,0,0,0,Matches
Rk,Player,Pos,Squad,Age,Club,Born,MP,Starts,Min,90s,Gls,Ast,G+A,G-PK,PK,PKatt,CrdY,CrdR,Gls,Ast,G+A,G-PK,G+A-PK,Matches
851,Dominique Simon,MF,ht Haiti,25-336,1.sk 1. FC Tatran Prešov B,2000,2,0,56,0.6,0,0,0,0,0,0,0,0,0,0,0,0,0,Matches
852,Unai Simón,GK,es Spain,29-019,1.es Athletic Club,1997,3,3,270,3,0,0,0,0,0,0,0,0,0,0,0,0,0,Matches
853,Sarpreet Singh,MF,nz New Zealand,27-130,1.au Wellington,1999,3,3,209,2.3,0,0,0,0,0,0,1,0,0,0,0,0,0,Matches
854,Wilfried Singo,DF,ci Côte d'Ivoire,25-187,1.tr Galatasaray,2000,2,2,171,1.9,0,1,1,0,0,0,0,0,0,0.53,0.53,0,0.53,Matches
855,Sphephelo Sithole,MF,za South Africa,27-119,1.pt Tondela,1999,3,3,229,2.5,0,0,0,0,0,0,0,1,0,0,0,0,0,Matches
856,Ellyes Skhiri,"MF,DF",tn Tunisia,31-051,1.de Frankfurt,1995,3,3,250,2.8,0,0,0,0,0,0,0,0,0,0,0,0,0,Matches
857,Alexandr Sojka,"MF,DF",cz Czechia,23-089,1.cz Viktoria Plze?,2003,3,2,141,1.6,0,1,1,0,0,0,0,0,0,0.64,0.64,0,0.64,Matches
858,Ramón Sosa,"FW,MF",py Paraguay,26-303,1.br Palmeiras,1999,1,0,12,0.1,0,0,0,0,0,0,0,0,0,0,0,0,0,Matches
859,Tomáš Sou?ek,MF,cz Czechia,31-123,1.eng West Ham,1995,3,1,137,1.5,0,0,0,0,0,0,0,0,0,0,0,0,0,Matches
860,Harry Souttar,DF,au Australia,27-251,2.eng Leicester City,1998,3,3,270,3,0,0,0,0,0,0,1,0,0,0,0,0,0,Matches
861,Djibril Sow,MF,ch Switzerland,29-144,1.es Sevilla,1997,2,1,93,1,0,0,0,0,0,0,0,0,0,0,0,0,0,Matches
862,Ça?lar Söyüncü,DF,tr Türkiye,30-038,1.tr Fenerbahçe,1996,1,0,7,0.1,0,0,0,0,0,0,0,0,0,0,0,0,0,Matches
863,Djed Spence,DF,eng England,25-325,1.eng Tottenham,2000,3,1,104,1.2,0,0,0,0,0,0,0,0,0,0,0,0,0,Matches
864,Marko Stamenic,MF,nz New Zealand,24-131,2.eng Swansea City,2002,3,3,269,3,0,0,0,0,0,0,1,0,0,0,0,0,0,Matches
865,Josip Staniši?,"DF,MF",hr Croatia,26-089,1.de Bayern Munich,2000,3,3,270,3,0,1,1,0,0,0,0,0,0,0.33,0.33,0,0.33,Matches
866,Carl Starfelt,DF,se Sweden,31-029,1.es Celta Vigo,1995,1,0,4,0,0,0,0,0,0,0,0,0,0,0,0,0,0,Matches
867,Ross Stewart,FW,sct Scotland,29-354,2.eng Southampton,1996,1,0,2,0,0,0,0,0,0,0,0,0,0,0,0,0,0,Matches
868,Angelo Stiller,MF,de Germany,25-087,1.de Stuttgart,2001,1,0,45,0.5,0,0,0,0,0,0,0,0,0,0,0,0,0,Matches
869,John Stones,DF,eng England,32-033,1.eng Manchester City,1994,1,1,86,1,0,0,0,0,0,0,0,0,0,0,0,0,0,Matches
870,Jørgen Strand Larsen,FW,no Norway,26-144,1.eng Crystal Palace,2000,1,1,90,1,0,0,0,0,0,1,0,0,0,0,0,0,0,Matches
871,Elliot Stroud,MF,se Sweden,24-008,1.se Mjällby,2002,3,1,101,1.1,0,0,0,0,0,0,0,0,0,0,0,0,0,Matches
872,Luis Suárez,FW,co Colombia,28-210,1.pt Sporting CP,1997,3,2,167,1.9,0,0,0,0,0,0,0,0,0,0,0,0,0,Matches
873,Luka Su?i?,"FW,MF",hr Croatia,23-295,1.es Real Sociedad,2002,1,0,19,0.2,0,0,0,0,0,0,0,0,0,0,0,0,0,Matches
874,Petar Su?i?,"MF,FW",hr Croatia,22-248,1.it Inter,2003,3,2,199,2.2,1,1,2,1,0,0,1,0,0.45,0.45,0.9,0.45,0.9,Matches
875,Yukinari Sugawara,MF,jp Japan,26-002,1.de Werder Bremen,2000,4,1,148,1.6,0,0,0,0,0,0,0,0,0,0,0,0,0,Matches
Rk,Player,Pos,Squad,Age,Club,Born,MP,Starts,Min,90s,Gls,Ast,G+A,G-PK,PK,PKatt,CrdY,CrdR,Gls,Ast,G+A,G-PK,G+A-PK,Matches
876,Rebin Sulaka,DF,iq Iraq,34-079,1.th Port FC,1992,2,1,43,0.5,0,0,0,0,0,0,0,1,0,0,0,0,0,Matches
877,Pavel Šulc,FW,cz Czechia,25-183,1.fr Lyon,2000,3,2,189,2.1,0,0,0,0,0,0,0,0,0,0,0,0,0,Matches
878,Kamaldeen Sulemana,"MF,FW",gh Ghana,24-135,1.us Atlanta Utd,2002,2,2,127,1.4,0,0,0,0,0,0,0,0,0,0,0,0,0,Matches
879,Crysencio Summerville,FW,nl Netherlands,24-243,1.eng West Ham,2001,4,2,253,2.8,2,2,4,2,0,0,1,0,0.71,0.71,1.42,0.71,1.42,Matches
880,Ivan Šunji?,MF,ba Bosnia–Herz,29-264,1.cy Pafos FC,1996,3,2,146,1.6,0,0,0,0,0,0,0,0,0,0,0,0,0,Matches
881,Finn Surman,DF,nz New Zealand,22-280,1.us Portland Timbers,2003,3,3,270,3,1,0,1,1,0,0,0,0,0.33,0,0.33,0.33,0.33,Matches
882,Josip Šutalo,DF,hr Croatia,26-122,1.nl Ajax,2000,3,3,270,3,0,0,0,0,0,0,0,0,0,0,0,0,0,Matches
883,Junnosuke Suzuki,DF,jp Japan,22-353,1.dk FC Copenhagen,2003,2,0,43,0.5,0,0,0,0,0,0,1,0,0,0,0,0,0,Matches
884,Yuito Suzuki,"FW,MF",jp Japan,24-248,1.de Freiburg,2001,1,0,12,0.1,0,0,0,0,0,0,0,0,0,0,0,0,0,Matches
885,Zion Suzuki,GK,jp Japan,23-313,1.it Parma,2002,4,4,360,4,0,0,0,0,0,0,0,0,0,0,0,0,0,Matches
886,Mattias Svanberg,MF,se Sweden,27-176,1.de Wolfsburg,1999,1,0,7,0.1,1,0,1,1,0,0,0,0,12.86,0,12.86,12.86,12.86,Matches
887,Daniel Svensson,"DF,MF",se Sweden,24-138,1.de Dortmund,2002,2,0,17,0.2,0,0,0,0,0,0,0,0,0,0,0,0,0,Matches
888,Alexander Sørloth,FW,no Norway,30-207,1.es Atlético Madrid,1995,2,2,155,1.7,0,0,0,0,0,0,0,0,0,0,0,0,0,Matches
889,Musa Al-Taamari,FW,jo Jordan,29-020,1.fr Rennes,1997,3,2,215,2.4,1,1,2,1,0,0,0,0,0.42,0.42,0.84,0.42,0.84,Matches
890,Lee Tae-seok,MF,kr Korea Republic,23-337,1.at Austria Wien,2002,2,2,113,1.3,0,0,0,0,0,0,0,0,0,0,0,0,0,Matches
891,Nicolás Tagliafico,DF,ar Argentina,33-303,1.fr Lyon,1992,2,1,99,1.1,0,0,0,0,0,0,0,0,0,0,0,0,0,Matches
892,Jonathan Tah,DF,de Germany,30-139,1.de Bayern Munich,1996,4,4,372,4.1,0,0,0,0,0,0,0,0,0,0,0,0,0,Matches
893,Benjamin Tahirovic,MF,ba Bosnia–Herz,23-119,1.dk Brøndby,2003,3,2,197,2.2,0,0,0,0,0,0,0,0,0,0,0,0,0,Matches
894,Zaid Tahseen,DF,iq Iraq,25-152,1.uz Pakhtakor Tashkent FK,2001,2,2,149,1.7,0,0,0,0,0,0,1,0,0,0,0,0,0,Matches
895,Chemsdine Talbi,MF,ma Morocco,21-052,1.eng Sunderland,2005,3,0,67,0.7,0,1,1,0,0,0,0,0,0,1.34,1.34,0,1.34,Matches
896,Montassar Talbi,DF,tn Tunisia,28-035,1.fr Lorient,1998,3,3,270,3,0,0,0,0,0,0,0,0,0,0,0,0,0,Matches
897,Hassan Al Tambakti,DF,sa Saudi Arabia,27-141,1.sa Al-Hilal,1999,3,3,212,2.4,0,0,0,0,0,0,0,0,0,0,0,0,0,Matches
898,Ao Tanaka,MF,jp Japan,27-293,1.eng Leeds United,1998,3,2,193,2.1,0,0,0,0,0,0,0,0,0,0,0,0,0,Matches
899,Shogo Taniguchi,DF,jp Japan,34-350,1.be Sint-Truiden,1991,3,2,232,2.6,0,0,0,0,0,0,1,0,0,0,0,0,0,Matches
900,Mehdi Taremi,FW,ir IR Iran,33-347,1.gr Olympiacos,1992,3,3,259,2.9,0,0,0,0,0,1,0,0,0,0,0,0,0,Matches
Rk,Player,Pos,Squad,Age,Club,Born,MP,Starts,Min,90s,Gls,Ast,G+A,G-PK,PK,PKatt,CrdY,CrdR,Gls,Ast,G+A,G-PK,G+A-PK,Matches
901,Aurélien Tchouaméni,MF,fr France,26-154,1.es Real Madrid,2000,2,2,180,2,0,1,1,0,0,0,1,0,0,0.5,0.5,0,0.5,Matches
902,Arthur Theate,DF,be Belgium,26-036,1.de Frankfurt,2000,2,1,108,1.2,0,0,0,0,0,0,0,0,0,0,0,0,0,Matches
903,Igor Thiago,FW,br Brazil,25-004,1.eng Brentford,2001,1,1,61,0.7,0,0,0,0,0,0,0,0,0,0,0,0,0,Matches
904,Malick Thiaw,"DF,MF",de Germany,24-326,1.eng Newcastle,2001,2,0,42,0.5,0,0,0,0,0,0,0,0,0,0,0,0,0,Matches
905,Ryan Thomas,MF,nz New Zealand,31-192,1.nl Zwolle,1994,3,1,83,0.9,0,0,0,0,0,0,0,0,0,0,0,0,0,Matches
906,Brandon Thomas-Asante,"FW,MF",gh Ghana,27-183,2.eng Coventry City,1998,2,0,53,0.6,0,0,0,0,0,0,0,0,0,0,0,0,0,Matches
907,Morten Thorsby,MF,no Norway,30-056,1.it Cremonese,1996,1,0,45,0.5,0,0,0,0,0,0,0,0,0,0,0,0,0,Matches
908,Kristian Thorstvedt,MF,no Norway,27-109,1.it Sassuolo,1999,2,1,63,0.7,0,0,0,0,0,0,0,0,0,0,0,0,0,Matches
909,Marcus Thuram,"FW,MF",fr France,28-328,1.it Inter,1997,1,0,1,0,0,0,0,0,0,0,0,0,0,0,0,0,0,Matches
910,Youri Tielemans,MF,be Belgium,29-054,1.eng Aston Villa,1997,3,3,264,2.9,0,0,0,0,0,0,0,0,0,0,0,0,0,Matches
911,Kieran Tierney,MF,sct Scotland,29-025,1.sct Celtic,1997,2,1,104,1.2,0,0,0,0,0,0,0,0,0,0,0,0,0,Matches
912,Guus Til,"FW,MF",nl Netherlands,28-190,1.nl PSV,1997,1,0,32,0.4,0,0,0,0,0,0,0,0,0,0,0,0,0,Matches
913,Malik Tillman,MF,us United States,24-033,1.de Leverkusen,2002,3,2,176,2,0,1,1,0,0,0,0,0,0,0.51,0.51,0,0.51,Matches
914,Quinten Timber,MF,nl Netherlands,25-013,1.fr Marseille,2001,2,0,55,0.6,0,0,0,0,0,0,0,0,0,0,0,0,0,Matches
915,Takehiro Tomiyasu,DF,jp Japan,27-237,1.nl Ajax,1998,3,2,184,2,0,0,0,0,0,0,0,0,0,0,0,0,0,Matches
916,Mehdi Torabi,MF,ir IR Iran,31-293,1.ir Tractor,1994,1,0,25,0.3,0,0,0,0,0,0,0,0,0,0,0,0,0,Matches
917,Félix Torres Caicedo,DF,ec Ecuador,29-170,1.br Internacional,1997,1,0,6,0.1,0,0,0,0,0,0,0,0,0,0,0,0,0,Matches
918,Ferrán Torres,FW,es Spain,26-121,1.es Barcelona,2000,3,1,140,1.6,0,0,0,0,0,0,0,0,0,0,0,0,0,Matches
919,Sebastian Tounekti,FW,tn Tunisia,23-352,1.sct Celtic,2002,3,1,84,0.9,0,0,0,0,0,0,0,0,0,0,0,0,0,Matches
920,Bazoumana Touré,MF,ci Côte d'Ivoire,20-120,1.de Hoffenheim,2006,2,1,79,0.9,0,0,0,0,0,0,0,0,0,0,0,0,0,Matches
921,Mo Touré,FW,au Australia,22-096,2.eng Norwich City,2004,2,2,118,1.3,0,0,0,0,0,0,0,0,0,0,0,0,0,Matches
922,Trézéguet,MF,eg Egypt,31-272,1.eg Al Ahly,1994,2,1,105,1.2,1,1,2,1,0,0,0,0,0.86,0.86,1.71,0.86,1.71,Matches
923,Francisco Trincão,"FW,MF",pt Portugal,26-183,1.pt Sporting CP,1999,1,0,28,0.3,0,0,0,0,0,0,0,0,0,0,0,0,0,Matches
924,Leandro Trossard,MF,be Belgium,31-208,1.eng Arsenal,1994,3,3,251,2.8,2,0,2,2,0,0,0,0,0.72,0,0.72,0.72,0.72,Matches
925,Auston Trusty,DF,us United States,27-322,1.sct Celtic,1998,2,1,101,1.1,1,0,1,1,0,0,0,0,0.89,0,0.89,0.89,0.89,Matches
Rk,Player,Pos,Squad,Age,Club,Born,MP,Starts,Min,90s,Gls,Ast,G+A,G-PK,PK,PKatt,CrdY,CrdR,Gls,Ast,G+A,G-PK,G+A-PK,Matches
926,Axel Tuanzebe,DF,cd Congo DR,28-228,1.eng Burnley,1997,3,3,270,3,0,0,0,0,0,0,0,0,0,0,0,0,0,Matches
927,Matt Turner,GK,us United States,32-006,1.us NE Revolution,1994,1,1,90,1,0,0,0,0,0,0,0,0,0,0,0,0,0,Matches
928,Ayase Ueda,FW,jp Japan,27-293,1.nl Feyenoord,1998,4,4,321,3.6,2,1,3,2,0,0,0,0,0.56,0.28,0.84,0.56,0.84,Matches
929,Manuel Ugarte,MF,uy Uruguay,25-080,1.eng Manchester Utd,2001,3,3,184,2,0,0,0,0,0,0,0,0,0,0,0,0,0,Matches
930,Deniz Undav,FW,de Germany,29-346,1.de Stuttgart,1996,4,1,151,1.7,3,2,5,3,0,0,0,0,1.79,1.19,2.98,1.79,2.98,Matches
931,Dayot Upamecano,DF,fr France,27-246,1.de Bayern Munich,1998,3,3,255,2.8,0,0,0,0,0,0,0,0,0,0,0,0,0,Matches
932,Jakhongir Urozov,DF,uz Uzbekistan,22-163,1.uz FK Dinamo Samarqand,2004,2,1,95,1.1,0,0,0,0,0,0,0,0,0,0,0,0,0,Matches
933,Oston Urunov,MF,uz Uzbekistan,25-193,1.ir Persepolis,2000,2,1,63,0.7,0,0,0,0,0,0,0,0,0,0,0,0,0,Matches
934,Can Uzun,MF,tr Türkiye,20-231,1.de Frankfurt,2005,2,0,38,0.4,0,1,1,0,0,0,0,0,0,2.37,2.37,0,2.37,Matches
935,Enner Valencia,FW,ec Ecuador,36-238,1.mx Pachuca,1989,3,3,229,2.5,0,0,0,0,0,0,0,0,0,0,0,0,0,Matches
936,Yan Valery,DF,tn Tunisia,27-128,1.ch Young Boys,1999,3,3,251,2.8,0,0,0,0,0,0,0,0,0,0,0,0,0,Matches
937,Federico Valverde,MF,uy Uruguay,27-343,1.es Real Madrid,1998,3,3,236,2.6,0,0,0,0,0,0,0,0,0,0,0,0,0,Matches
938,Virgil van Dijk,DF,nl Netherlands,34-357,1.eng Liverpool,1991,4,4,390,4.3,1,1,2,1,0,0,0,0,0.23,0.23,0.46,0.23,0.46,Matches
939,Hans Vanaken,MF,be Belgium,33-310,1.be Club Brugge,1992,3,1,128,1.4,0,1,1,0,0,0,0,0,0,0.7,0.7,0,0.7,Matches
940,Guillermo Varela,DF,uy Uruguay,33-098,1.br Flamengo,1993,3,3,270,3,0,0,0,0,0,0,1,0,0,0,0,0,0,Matches
941,Hélio Varela,FW,cv Cabo Verde,24-058,1.il Maccabi Tel Aviv,2002,2,0,63,0.7,1,0,1,1,0,0,0,0,1.43,0,1.43,1.43,1.43,Matches
942,Camilo Vargas,GK,co Colombia,37-113,1.mx Atlas,1989,3,3,270,3,0,0,0,0,0,0,0,0,0,0,0,0,0,Matches
943,Obed Vargas,MF,mx Mexico,20-329,1.es Atlético Madrid,2005,2,0,48,0.5,0,0,0,0,0,0,0,0,0,0,0,0,0,Matches
944,Ruben Vargas,MF,ch Switzerland,27-329,1.es Sevilla,1998,3,2,177,2,2,1,3,2,0,0,0,0,1.02,0.51,1.53,1.02,1.53,Matches
945,Nikola Vasilj,GK,ba Bosnia–Herz,30-210,1.de St Pauli,1995,3,3,270,3,0,0,0,0,0,0,0,0,0,0,0,0,0,Matches
946,Johan Vásquez,DF,mx Mexico,27-251,1.it Genoa,1998,2,2,180,2,0,0,0,0,0,0,0,0,0,0,0,0,0,Matches
947,Alexis Vega,"FW,MF",mx Mexico,28-217,1.mx Toluca,1997,1,0,12,0.1,0,0,0,0,0,0,0,0,0,0,0,0,0,Matches
948,Renato Veiga,DF,pt Portugal,22-336,1.es Villarreal,2003,3,3,270,3,0,0,0,0,0,0,1,0,0,0,0,0,0,Matches
949,Gustavo Velásquez,DF,py Paraguay,35-074,1.py Cerro Porteño,1991,4,1,156,1.7,0,0,0,0,0,0,0,0,0,0,0,0,0,Matches
950,Nishan Velupillay,MF,au Australia,25-054,1.au Melb. Victory,2001,2,1,75,0.8,0,0,0,0,0,0,0,0,0,0,0,0,0,Matches
Rk,Player,Pos,Squad,Age,Club,Born,MP,Starts,Min,90s,Gls,Ast,G+A,G-PK,PK,PKatt,CrdY,CrdR,Gls,Ast,G+A,G-PK,G+A-PK,Matches
951,Micky van de Ven,"DF,MF",nl Netherlands,25-072,1.eng Tottenham,2001,3,3,265,2.9,0,0,0,0,0,0,1,0,0,0,0,0,0,Matches
952,Bart Verbruggen,GK,nl Netherlands,23-316,1.eng Brighton,2002,4,4,390,4.3,0,0,0,0,0,0,0,0,0,0,0,0,0,Matches
953,Matías Viña,DF,uy Uruguay,28-233,1.br Flamengo,1997,1,1,45,0.5,0,0,0,0,0,0,0,0,0,0,0,0,0,Matches
954,Federico Viñas,FW,uy Uruguay,28-000,1.es Oviedo,1998,3,2,192,2.1,0,0,0,0,0,0,0,0,0,0,0,0,0,Matches
955,Denis Višinský,FW,cz Czechia,23-101,1.cz Viktoria Plze?,2003,1,1,55,0.6,0,0,0,0,0,0,0,0,0,0,0,0,0,Matches
956,Pedro Vite,MF,ec Ecuador,24-113,1.mx UNAM,2002,3,3,270,3,0,1,1,0,0,0,0,0,0,0.33,0.33,0,0.33,Matches
957,Vitinha,MF,pt Portugal,26-137,1.fr PSG,2000,3,3,233,2.6,0,0,0,0,0,0,0,0,0,0,0,0,0,Matches
958,Nikola Vlaši?,MF,hr Croatia,28-269,1.it Torino,1997,2,1,100,1.1,1,0,1,1,0,0,0,0,0.9,0,0.9,0.9,0.9,Matches
959,Cristian Volpato,MF,au Australia,22-227,1.it Sassuolo,2003,2,1,87,1,0,0,0,0,0,0,0,0,0,0,0,0,0,Matches
960,Vozinha,GK,cv Cabo Verde,40-027,2.pt Chaves,1986,3,3,270,3,0,0,0,0,0,0,0,0,0,0,0,0,0,Matches
961,Francis de Vries,DF,nz New Zealand,31-214,1.au Auckland FC,1994,2,0,18,0.2,0,0,0,0,0,0,0,0,0,0,0,0,0,Matches
962,Luka Vuškovi?,DF,hr Croatia,19-126,1.de Hamburger SV,2007,1,1,65,0.7,0,0,0,0,0,0,0,0,0,0,0,0,0,Matches
963,Elye Wahi,FW,ci Côte d'Ivoire,23-179,1.fr Nice,2003,2,1,79,0.9,0,0,0,0,0,0,0,0,0,0,0,0,0,Matches
964,Aaron Wan-Bissaka,DF,cd Congo DR,28-216,1.eng West Ham,1997,3,3,264,2.9,0,0,0,0,0,0,0,0,0,0,0,0,0,Matches
965,Paul Wanner,MF,at Austria,20-189,1.nl PSV,2005,3,1,144,1.6,0,0,0,0,0,0,0,0,0,0,0,0,0,Matches
966,Tsuyoshi Watanabe,DF,jp Japan,29-145,1.nl Feyenoord,1997,2,1,90,1,0,0,0,0,0,0,0,0,0,0,0,0,0,Matches
967,Cecilio Waterman,FW,pa Panama,35-078,1.cl U Concepción,1991,2,1,76,0.8,0,0,0,0,0,0,0,0,0,0,0,0,0,Matches
968,Ollie Watkins,"FW,MF",eng England,30-182,1.eng Aston Villa,1995,1,0,7,0.1,0,0,0,0,0,0,0,0,0,0,0,0,0,Matches
969,Timothy Weah,MF,us United States,26-128,1.fr Marseille,2000,2,1,76,0.8,0,0,0,0,0,0,0,0,0,0,0,0,0,Matches
970,Wout Weghorst,FW,nl Netherlands,33-327,1.nl Ajax,1992,1,0,50,0.6,0,0,0,0,0,0,0,0,0,0,0,0,0,Matches
971,Jacob Widell Zetterström,GK,se Sweden,27-354,2.eng Derby County,1998,1,1,90,1,0,0,0,0,0,0,0,0,0,0,0,0,0,Matches
972,Silvan Widmer,DF,ch Switzerland,33-117,1.de Mainz 05,1993,2,1,102,1.1,0,0,0,0,0,0,0,0,0,0,0,0,0,Matches
973,Iñaki Williams,MF,gh Ghana,32-015,1.es Athletic Club,1994,1,1,65,0.7,0,0,0,0,0,0,1,0,0,0,0,0,0,Matches
974,Nico Williams,MF,es Spain,23-353,1.es Athletic Club,2002,3,0,48,0.5,0,0,0,0,0,0,0,0,0,0,0,0,0,Matches
975,Ronwen Williams,GK,za South Africa,34-160,1.za Sundowns,1992,4,4,360,4,0,0,0,0,0,0,0,0,0,0,0,0,0,Matches
Rk,Player,Pos,Squad,Age,Club,Born,MP,Starts,Min,90s,Gls,Ast,G+A,G-PK,PK,PKatt,CrdY,CrdR,Gls,Ast,G+A,G-PK,G+A-PK,Matches
976,Patrick Wimmer,"FW,MF",at Austria,25-031,1.de Wolfsburg,2001,2,0,21,0.2,0,0,0,0,0,0,0,0,0,0,0,0,0,Matches
977,Florian Wirtz,MF,de Germany,23-058,1.eng Liverpool,2003,4,4,361,4,0,3,3,0,0,0,0,0,0,0.75,0.75,0,0.75,Matches
978,Yoane Wissa,FW,cd Congo DR,29-300,1.eng Newcastle,1996,3,3,270,3,3,0,3,2,1,1,0,0,1,0,1,0.67,0.67,Matches
979,Nick Woltemade,"FW,MF",de Germany,24-136,1.eng Newcastle,2002,1,0,33,0.4,0,0,0,0,0,0,0,0,0,0,0,0,0,Matches
980,Chris Wood,FW,nz New Zealand,34-205,1.eng Nottingham,1991,3,3,270,3,0,2,2,0,0,0,0,0,0,0.67,0.67,0,0.67,Matches
981,Haji Wright,"FW,MF",us United States,28-095,2.eng Coventry City,1998,1,0,1,0,0,0,0,0,0,0,0,0,0,0,0,0,0,Matches
982,Granit Xhaka,MF,ch Switzerland,33-276,1.eng Sunderland,1992,3,3,270,3,1,0,1,0,1,1,1,0,0.33,0,0.33,0,0,Matches
983,Kevin Yakob,MF,iq Iraq,25-263,1.dk AGF,2000,1,0,24,0.3,0,0,0,0,0,0,0,0,0,0,0,0,0,Matches
984,Lamine Yamal,FW,es Spain,18-352,1.es Barcelona,2007,3,2,140,1.6,1,0,1,1,0,0,0,0,0.64,0,0.64,0.64,0.64,Matches
985,Yannick,MF,cv Cabo Verde,30-183,2.pt Farense,1995,1,0,11,0.1,0,0,0,0,0,0,0,0,0,0,0,0,0,Matches
986,Gessime Yassine,MF,ma Morocco,20-220,1.fr Strasbourg,2005,2,0,63,0.7,1,0,1,1,0,0,0,0,1.43,0,1.43,1.43,1.43,Matches
987,John Yeboah,MF,ec Ecuador,26-007,2.it Venezia,2000,3,3,233,2.6,0,0,0,0,0,0,0,0,0,0,0,0,0,Matches
988,Tete Yengi,FW,au Australia,25-214,1.jp Machida Zelvia,2000,2,0,24,0.3,0,0,0,0,0,0,0,0,0,0,0,0,0,Matches
989,Kenan Y?ld?z,MF,tr Türkiye,21-057,1.it Juventus,2005,3,2,218,2.4,0,0,0,0,0,0,0,0,0,0,0,0,0,Matches
990,Caleb Yirenkyi,MF,gh Ghana,20-166,1.dk Nordsjælland,2006,3,2,186,2.1,1,0,1,1,0,0,1,0,0.48,0,0.48,0.48,0.48,Matches
991,Seol Young-woo,MF,kr Korea Republic,27-207,1.rs Red Star,1998,3,3,250,2.8,0,0,0,0,0,0,0,0,0,0,0,0,0,Matches
992,Manaf Younis,DF,iq Iraq,29-226,1.iq Al-Shorta,1996,1,0,75,0.8,0,0,0,0,0,0,0,0,0,0,0,0,0,Matches
993,Aria Yousefi,MF,ir IR Iran,24-069,1.ir Sepahan,2002,1,1,45,0.5,0,0,0,0,0,0,0,0,0,0,0,0,0,Matches
994,Ali Yousif,FW,iq Iraq,30-162,1.iq Al-Talaba,1996,1,0,33,0.4,0,0,0,0,0,0,0,0,0,0,0,0,0,Matches
995,?smail Yüksek,MF,tr Türkiye,27-155,1.tr Fenerbahçe,1999,2,2,139,1.5,0,0,0,0,0,0,0,0,0,0,0,0,0,Matches
996,Utkir Yusupov,GK,uz Uzbekistan,35-177,1.uz Navbahor,1991,1,1,90,1,0,0,0,0,0,0,0,0,0,0,0,0,0,Matches
997,Denis Zakaria,DF,ch Switzerland,29-222,1.fr Monaco,1996,1,1,90,1,0,0,0,0,0,0,1,0,0,0,0,0,0,Matches
998,Jaroslav Zelený,MF,cz Czechia,33-314,1.cz Sparta Prague,1992,2,1,126,1.4,0,0,0,0,0,0,0,0,0,0,0,0,0,Matches
999,Alejandro Zendejas,"FW,MF",us United States,28-143,1.mx América,1998,1,0,14,0.2,0,0,0,0,0,0,0,0,0,0,0,0,0,Matches
1000,Besfort Zeneli,MF,se Sweden,23-221,1.be Union SG,2002,1,0,35,0.4,0,0,0,0,0,0,0,0,0,0,0,0,0,Matches
Rk,Player,Pos,Squad,Age,Club,Born,MP,Starts,Min,90s,Gls,Ast,G+A,G-PK,PK,PKatt,CrdY,CrdR,Gls,Ast,G+A,G-PK,G+A-PK,Matches
1001,Ramiz Zerrouki,MF,dz Algeria,28-035,1.nl Twente,1998,2,1,54,0.6,0,0,0,0,0,0,1,0,0,0,0,0,0,Matches
1002,Luca Zidane,GK,dz Algeria,28-048,2.es Granada,1998,2,2,180,2,0,0,0,0,0,0,0,0,0,0,0,0,0,Matches
1003,Mostafa Ziko,"MF,FW",eg Egypt,29-064,1.eg Pyramids FC,1997,3,3,225,2.5,1,1,2,1,0,0,0,0,0.4,0.4,0.8,0.4,0.8,Matches
1004,David Zima,DF,cz Czechia,25-234,1.cz Slavia Prague,2000,1,0,13,0.1,0,0,0,0,0,0,0,0,0,0,0,0,0,Matches
1005,Zizo,MF,eg Egypt,30-171,1.eg Al Ahly,1996,3,0,55,0.6,0,0,0,0,0,0,0,0,0,0,0,0,0,Matches
1006,Themba Zwane,"FW,MF",za South Africa,36-331,1.za Sundowns,1989,1,0,23,0.3,0,0,0,0,0,0,0,1,0,0,0,0,0,Matches
1007,Martin Ødegaard,MF,no Norway,27-195,1.eng Arsenal,1998,2,2,170,1.9,0,2,2,0,0,0,0,0,0,1.06,1.06,0,1.06,Matches
1008,Leo Østigård,DF,no Norway,26-214,1.it Genoa,1999,3,1,115,1.3,1,0,1,1,0,0,0,0,0.78,0,0.78,0.78,0.78,Matches
