SEASON_ID,SNAPSHOT_DATE,TEAM_ID,TEAM_ABBR,PLAYER_ID,NAME,STATUS,AGE,HEIGHT,WEIGHT,BIRTH_COUNTRY,BIRTH_CITY,ROOKIE,POSITION,GAMES_PLAYED,GOALS,ASSISTS,POINTS,SOGPG,APG,GPG,PGP,DEF_WALL,PHYSICAL,HAT_TRICKS,PP_GOALS,PP_ASSISTS,PP_POINTS,SH_GOALS,SH_ASSISTS,SH_POINTS,GW_GOALS,GT_GOALS,OT_GOALS,SO_ATTEMPTS,SO_MISSES,SO_GOALS,SO_GOAL_PCT,PLUS_MINUS,SHOT_ATTEMPTS,SHOTS_ON_GOAL,SHOT_PCT,BLOCKED_SHOTS,BLOCKED_SHOTS_AGAINST,MISSED_SHOTS,HITS,HITS_RECEIVED,GIVEAWAYS,TAKEAWAYS,FACEOFFS,FACEOFF_WINS,FACEOFF_LOSSES,FACEOFF_PCT,PENALTIES,PIM,PENALTIES_DRAWN,PENALTY_MIN_DRAWN,FIGHTS,SHIFTS,EVEN_STR_SHIFTS,PP_SHIFTS,SH_SHIFTS,TIME_ON_ICE,EVENT_TOI,PP_TOI,SH_TOI,TEAM_ABBR_CANON,division,conference
2025-2026,20251128,6,PHI,18056,Rodrigo Abols,ROSTER,29.0,"6'4""",206.0,Latvia,Riga,False,C,17,1,0,1,1.06,0.0,0.06,0.06,13.7,10.0,0,0,0,0,0,0,0,0,0,0,0,0,0,0.0,-3,40,18,5.6,7,9,13,20,17,6,6,106,57,49,53.8,1,5,2,7,1,226,141,53,33,9805,1481,862,7462,PHI,Metropolitan,Eastern
2025-2026,20251128,10,PIT,5927,Noel Acciari,ROSTER,33.0,"5'10""",203.0,USA,"Johnston, RI",False,C,13,0,3,3,0.85,0.23,0.0,0.23,15.6,11.4,0,0,0,0,0,0,0,0,0,0,0,0,0,0.0,3,18,11,0.0,10,4,4,18,20,1,2,87,53,34,60.9,2,12,0,0,0,241,114,45,75,10088,1686,479,7651,PIT,Metropolitan,Eastern
2025-2026,20251128,30,UTA,5234,Andrew Agozzino,ASSIGNED_TO_MINORS,34.0,"5'10""",187.0,Canada,"Kleinburg, ON",False,LW,2,0,0,0,0.0,0.0,0.0,0.0,2.4,0.0,0,0,0,0,0,0,0,0,0,0,0,0,0,0.0,0,1,0,0.0,1,0,1,4,1,1,1,7,3,4,42.9,0,0,1,2,0,20,12,4,4,736,91,0,645,UTA,Central,Western
2025-2026,20251128,22,COL,28441,Jack Ahcan,ASSIGNED_TO_MINORS,28.0,"5'8""",185.0,USA,"Savage, MN",True,D,6,0,1,1,0.33,0.17,0.0,0.17,5.4,0.0,0,0,0,0,0,0,0,0,0,0,0,0,0,0.0,4,8,2,0.0,4,4,2,5,8,2,0,0,0,0,0.0,0,0,0,0,0,92,63,13,16,4088,487,254,3347,COL,Central,Western
2025-2026,20251128,3,CAR,5630,Sebastian Aho,ROSTER,28.0,"6'0""",176.0,Finland,Rauma,False,C,23,8,15,23,2.74,0.65,0.35,1.0,16.4,14.5,2,1,5,6,0,1,1,1,0,1,0,0,0,0.0,3,123,63,12.7,8,25,35,25,15,31,10,377,181,196,48.0,5,10,6,12,0,533,240,99,202,27734,5542,1689,20503,CAR,Metropolitan,Eastern
2025-2026,20251128,13,OTT,12009,Michael Amadio,ROSTER,29.0,"6'1""",204.0,Canada,"Sault Ste. Marie, ON",False,RW,23,6,3,9,1.3,0.13,0.26,0.39,26.8,5.8,2,0,0,0,0,0,0,0,0,0,0,0,0,0.0,0,58,30,20.0,15,10,18,36,30,19,11,6,3,3,50.0,2,4,4,8,0,508,248,121,145,21108,3586,1825,15697,OTT,Atlantic,Eastern
2025-2026,20251128,21,VAN,39762,Nils Aman,ASSIGNED_TO_MINORS,25.0,"6'2""",179.0,Sweden,Avesta,True,C,2,0,0,0,0.5,0.0,0.0,0.0,1.6,0.0,0,0,0,0,0,0,0,0,0,0,0,0,0,0.0,0,3,1,0.0,1,2,0,2,1,1,0,2,1,1,50.0,0,0,0,0,0,23,19,1,3,1039,48,31,960,VAN,Pacific,Western
2025-2026,20251128,14,MTL,5513,Josh Anderson,ROSTER,31.0,"6'3""",227.0,Canada,"Burlington, ON",False,RW,22,5,3,8,1.09,0.14,0.23,0.36,27.5,20.3,1,0,0,0,0,1,1,0,0,0,0,0,0,0.0,-8,45,24,20.8,15,8,13,38,12,8,2,11,9,2,81.8,7,14,9,18,0,418,200,113,110,20036,3500,1835,14701,MTL,Atlantic,Eastern
2025-2026,20251128,28,LAK,18073,Michael Anderson,ROSTER,26.0,"5'11""",194.0,USA,"Roseville, MN",False,D,23,1,4,5,0.52,0.17,0.04,0.22,40.4,5.8,0,0,0,0,0,0,0,0,0,0,0,0,0,0.0,5,44,12,8.3,34,23,9,27,41,15,3,0,0,0,0.0,2,4,6,12,0,547,320,112,116,27010,3802,1926,21282,LAK,Pacific,Western
2025-2026,20251128,23,CGY,5647,Rasmus Andersson,ROSTER,29.0,"6'1""",214.0,Sweden,Malmö,False,D,25,5,11,16,2.2,0.44,0.2,0.64,46.9,31.9,1,1,3,4,0,0,0,0,0,0,2,0,0,0.0,0,124,55,9.1,47,37,32,13,39,42,5,0,0,0,0.0,11,22,10,20,0,845,367,190,293,36450,5530,2463,28457,CGY,Pacific,Western
2025-2026,20251128,6,PHI,38011,Emil Andrae,ROSTER,23.0,"5'8""",181.0,Sweden,Västervik,True,D,12,1,4,5,1.0,0.33,0.08,0.42,10.7,8.7,0,0,0,0,0,0,0,0,0,0,0,0,0,0.0,4,26,12,8.3,7,9,5,12,29,8,2,0,0,0,0.0,3,6,0,0,0,253,194,20,40,11130,863,189,10126,PHI,Metropolitan,Eastern
2025-2026,20251128,16,DET,5763,Mason Appleton,ROSTER,29.0,"6'2""",193.0,USA,"Green Bay, WI",False,C,24,3,6,9,1.17,0.25,0.12,0.38,20.7,19.9,1,0,0,0,0,0,0,1,0,0,0,0,0,0.0,-3,45,28,10.7,12,7,10,27,22,14,0,6,2,4,33.3,3,22,3,6,0,454,232,66,159,19783,2625,886,16272,DET,Atlantic,Eastern
2025-2026,20251128,28,LAK,5505,Joel Armia,ROSTER,32.0,"6'4""",218.0,Finland,Pori,False,RW,23,5,6,11,1.17,0.26,0.22,0.48,16.7,17.4,1,0,0,0,2,0,2,0,0,0,1,0,0,0.0,4,59,27,18.5,10,17,15,21,19,16,6,8,3,5,37.5,6,12,2,4,0,423,191,123,114,18980,3584,2165,13231,LAK,Pacific,Western
2025-2026,20251128,11,BOS,5538,Viktor Arvidsson,ROSTER,32.0,"5'9""",180.0,Sweden,Skellefteå,False,LW,20,6,4,10,2.6,0.2,0.3,0.5,12.8,8.7,2,1,1,2,0,0,0,2,0,0,0,0,0,0.0,1,101,52,11.5,11,25,24,8,32,17,5,9,6,3,66.7,3,6,7,14,0,358,182,94,89,17451,3707,857,12887,BOS,Atlantic,Eastern
2025-2026,20251128,11,BOS,15191,Jonathan Aspirot,ROSTER,26.0,"6'0""",209.0,Canada,"Mascouche, QC",False,D,12,0,0,0,0.58,0.0,0.0,0.0,24.9,8.7,0,0,0,0,0,0,0,0,0,0,0,0,0,0.0,4,21,7,0.0,17,9,5,26,24,15,2,0,0,0,0.0,3,6,0,0,0,260,168,50,42,11195,1584,894,8717,BOS,Atlantic,Eastern
2025-2026,20251128,19,CBJ,12287,Zach Aston-Reese,ROSTER,31.0,"6'0""",204.0,USA,"Staten Island, NY",False,LW,15,0,3,3,0.87,0.2,0.0,0.2,21.1,5.8,0,0,0,0,0,0,0,0,0,0,0,0,0,0.0,1,20,13,0.0,7,0,7,40,12,8,1,17,2,15,11.8,2,4,4,8,0,223,119,45,56,9330,1467,517,7211,CBJ,Metropolitan,Eastern
2025-2026,20251128,27,DAL,34436,Oskar Back,ROSTER,25.0,"6'3""",200.0,Sweden,Karlstad,True,C,14,1,2,3,0.5,0.14,0.07,0.21,9.6,0.0,0,0,0,0,0,0,0,0,0,0,0,0,0,0.0,2,15,7,14.3,7,4,4,9,25,9,2,11,6,5,54.5,0,0,4,10,0,244,136,48,59,10781,2011,261,8412,DAL,Central,Western
2025-2026,20251128,23,CGY,4609,Mikael Backlund,ROSTER,36.0,"6'0""",200.0,Sweden,Vasteras,False,C,25,4,9,13,2.2,0.36,0.16,0.52,10.4,5.8,1,0,0,0,0,2,2,0,0,0,0,0,0,0.0,3,96,55,7.3,5,21,20,16,16,21,10,453,235,218,51.9,2,4,4,8,0,594,296,149,153,25366,7180,1233,16953,CGY,Pacific,Western
2025-2026,20251128,23,CGY,14578,Kevin Bahl,ROSTER,25.0,"6'6""",216.0,Canada,"New Westminster, BC",True,D,24,3,3,6,0.88,0.12,0.12,0.25,39.5,26.1,1,0,0,0,0,0,0,2,0,0,0,0,0,0.0,11,51,21,14.3,35,18,12,22,27,30,15,0,0,0,0.0,9,18,5,10,0,735,460,141,137,30308,2689,1472,26147,CGY,Pacific,Western
2025-2026,20251128,21,VAN,38470,Arshdeep Bains,ROSTER,24.0,"6'0""",185.0,Canada,"Surrey, BC",True,LW,19,0,3,3,0.68,0.16,0.0,0.16,9.4,11.6,0,0,1,1,0,0,0,0,0,0,0,0,0,0.0,-1,19,13,0.0,3,4,2,18,12,6,4,11,2,9,18.2,4,8,0,0,0,254,176,24,54,10579,761,134,9685,VAN,Pacific,Western
2025-2026,20251128,4,FLO,120218,Uvis Balinskis,ROSTER,29.0,"6'0""",187.0,Latvia,Ventspils,True,D,14,0,4,4,0.71,0.29,0.0,0.29,19.3,8.7,0,0,0,0,0,0,0,0,0,0,0,0,0,0.0,2,26,10,0.0,12,12,4,23,13,7,8,0,0,0,0.0,3,6,2,4,0,269,223,21,25,11746,1799,191,9756,FLA,,
2025-2026,20251128,142,VGK,11708,Ivan Barbashev,ROSTER,29.0,"6'0""",187.0,Russia,Moscow,False,LW,23,8,12,20,1.48,0.52,0.35,0.87,22.9,2.9,2,0,1,1,0,0,0,1,0,0,0,0,0,0.0,6,66,34,23.5,9,12,20,40,26,22,4,10,3,7,30.0,1,2,4,8,0,451,217,153,89,21961,4770,1829,15381,VGK,Pacific,Western
2025-2026,20251128,22,COL,56519,Zakhar Bardakov,ROSTER,24.0,"6'2""",198.0,Russia,Seversk,False,C,18,1,4,5,0.61,0.22,0.06,0.28,11.8,0.0,0,0,0,0,0,0,0,0,0,0,0,0,0,0.0,5,23,11,9.1,7,4,8,15,11,10,2,92,40,52,43.5,0,0,3,6,0,182,116,20,47,7357,646,186,6525,COL,Central,Western
2025-2026,20251128,18,NSH,30074,Justin Barron,ROSTER,24.0,"6'2""",195.0,Canada,"Halifax, NS",True,D,19,0,4,4,0.79,0.21,0.0,0.21,24.5,8.7,0,0,0,0,0,0,0,0,0,0,0,0,0,0.0,-1,43,15,0.0,22,18,10,13,32,28,1,0,0,0,0.0,3,6,1,2,0,391,272,62,57,17253,2845,516,13892,NSH,Central,Western
2025-2026,20251128,2,WPJ,28496,Morgan Barron,ROSTER,26.0,"6'4""",220.0,Canada,"Halifax, NS",True,C,16,3,3,6,1.25,0.19,0.19,0.38,19.3,11.6,1,0,0,0,1,0,1,1,0,0,0,0,0,0.0,0,37,20,15.0,10,5,12,28,17,8,4,176,93,83,52.8,4,8,3,6,0,287,148,92,50,11854,2168,1560,8126,WPG,,
2025-2026,20251128,8,NYI,5611,Mathew Barzal,ROSTER,28.0,"6'0""",187.0,Canada,"Coquitlam, BC",False,C,23,7,11,18,2.52,0.48,0.3,0.78,19.5,23.2,2,0,3,3,0,0,0,1,0,1,1,0,0,0.0,7,106,58,12.1,18,19,29,9,15,22,10,194,68,126,35.1,8,16,4,8,0,511,261,202,56,29280,6315,5549,17416,NYI,Metropolitan,Eastern
2025-2026,20251128,27,DAL,15468,Nathan Bastian,ROSTER,27.0,"6'4""",205.0,Canada,"Kitchener, ON",False,RW,17,3,0,3,0.71,0.0,0.18,0.18,18.0,14.5,1,0,0,0,0,0,0,0,0,0,0,0,0,0.0,3,17,12,25.0,4,4,1,39,18,1,0,0,0,0,0.0,5,10,1,2,0,199,135,38,29,8270,1957,680,5633,DAL,Central,Western
2025-2026,20251128,13,OTT,15394,Drake Batherson,ROSTER,27.0,"6'3""",203.0,USA,"Fort Wayne, IN",False,RW,20,8,13,21,2.05,0.65,0.4,1.05,19.0,8.7,2,2,3,5,0,0,0,2,0,0,3,1,1,33.33,7,77,41,19.5,8,12,24,32,14,14,9,1,1,0,100.0,3,6,7,14,0,488,248,71,178,21464,3570,813,17237,OTT,Atlantic,Eastern
2025-2026,20251128,23,CGY,9639,Jake Bean,ROSTER,27.0,"6'1""",186.0,Canada,"Calgary, AB",False,D,13,1,1,2,1.15,0.08,0.08,0.15,23.5,17.2,0,0,0,0,0,0,0,0,0,0,0,0,0,0.0,-7,38,15,6.7,25,17,6,3,13,13,5,0,0,0,0.0,4,16,0,0,0,316,206,31,80,12810,948,579,11283,CGY,Pacific,Western
2025-2026,20251128,5,WSH,5623,Anthony Beauvillier,ROSTER,28.0,"5'11""",182.0,Canada,"Sorel-Tracy, QC",False,LW,24,4,3,7,2.08,0.12,0.17,0.29,20.3,5.8,1,0,0,0,0,0,0,2,0,0,2,0,0,0.0,7,86,50,8.0,9,18,18,33,26,13,4,8,5,3,62.5,2,4,3,6,0,462,251,115,97,21533,3035,2171,16186,WSH,Metropolitan,Eastern
2025-2026,20251128,14,MTL,53067,Owen Beck,ASSIGNED_TO_MINORS,21.0,"6'0""",191.0,Canada,"Peterborough, ON",True,C,2,0,0,0,0.5,0.0,0.0,0.0,0.9,0.0,0,0,0,0,0,0,0,0,0,0,0,0,0,0.0,-1,4,1,0.0,1,1,2,0,3,0,0,12,7,5,58.3,0,0,0,0,0,24,20,3,1,1003,346,8,649,MTL,Atlantic,Eastern
2025-2026,20251128,20,CHI,111625,Connor Bedard,ROSTER,20.0,"5'10""",185.0,Canada,"North Vancouver, BC",True,C,23,14,19,33,3.26,0.83,0.61,1.43,14.2,36.3,4,4,6,10,0,0,0,2,0,0,1,0,0,0.0,8,147,75,18.7,13,28,44,7,35,30,11,225,113,112,50.2,13,24,7,16,0,539,427,61,60,29253,4400,276,24276,CHI,Central,Western
2025-2026,20251128,11,BOS,38020,John Beecher,ROSTER,24.0,"6'3""",210.0,USA,"Elmira, NY",True,C,6,1,0,1,1.0,0.0,0.17,0.17,6.2,0.0,0,0,0,0,0,0,0,0,0,0,0,0,0,0.0,-1,10,6,16.7,4,3,1,7,5,1,0,3,0,3,0.0,0,0,0,0,0,90,59,18,14,3746,782,216,2748,BOS,Atlantic,Eastern
2025-2026,20251128,11,BOS,38020,John Beecher,ROSTER,24.0,"6'3""",210.0,USA,"Elmira, NY",True,C,6,1,0,1,1.0,0.0,0.17,0.17,6.2,0.0,0,0,0,0,0,0,0,0,0,0,0,0,0,0.0,-1,10,6,16.7,4,3,1,7,5,1,0,3,0,3,0.0,0,0,0,0,0,90,59,18,14,3746,782,216,2748,BOS,Atlantic,Eastern
2025-2026,20251128,23,CGY,38020,John Beecher,ROSTER,24.0,"6'3""",210.0,USA,"Elmira, NY",True,C,4,0,1,1,1.25,0.25,0.0,0.25,3.8,2.9,0,0,0,0,0,1,1,0,0,0,0,0,0,0.0,0,8,5,0.0,3,1,2,3,2,0,1,10,3,7,30.0,1,2,0,0,0,65,30,14,21,2530,324,97,2109,CGY,Pacific,Western
2025-2026,20251128,23,CGY,38020,John Beecher,ROSTER,24.0,"6'3""",210.0,USA,"Elmira, NY",True,C,4,0,1,1,1.25,0.25,0.0,0.25,3.8,2.9,0,0,0,0,0,1,1,0,0,0,0,0,0,0.0,0,8,5,0.0,3,1,2,3,2,0,1,10,3,7,30.0,1,2,0,0,0,65,30,14,21,2530,324,97,2109,CGY,Pacific,Western
2025-2026,20251128,143,SEA,37968,Matty Beniers,ROSTER,23.0,"6'2""",175.0,USA,"Hingham, MA",True,C,23,3,11,14,1.43,0.48,0.13,0.61,23.0,8.7,1,2,2,4,0,0,0,1,0,0,0,0,0,0.0,5,92,33,9.1,22,23,36,9,37,26,2,309,144,165,46.6,3,6,8,16,0,549,344,123,77,28373,5555,1112,21425,SEA,Pacific,Western
2025-2026,20251128,27,DAL,4707,Jamie Benn,ROSTER,36.0,"6'2""",210.0,Canada,"Victoria, BC",False,LW,5,1,3,4,1.6,0.6,0.2,0.8,4.6,5.8,0,0,0,0,0,0,0,0,0,0,0,0,0,0.0,1,13,8,12.5,1,3,2,10,3,4,0,20,11,9,55.0,2,4,0,0,0,95,42,35,19,3525,1093,286,2146,DAL,Central,Western
2025-2026,20251128,4,FLO,5415,Sam Bennett,ROSTER,29.0,"6'1""",195.0,Canada,"Holland Landing, ON",False,C,23,5,6,11,2.04,0.26,0.22,0.48,23.3,34.8,1,1,1,2,0,0,0,2,0,0,0,0,0,0.0,-3,104,47,10.6,7,26,31,46,13,23,9,293,148,145,50.5,12,24,5,10,0,492,235,163,98,23251,4371,3136,15744,FLA,,
2025-2026,20251128,12,TOR,15129,Simon Benoit,ROSTER,27.0,"6'3""",208.0,Canada,"Laval, QC",False,D,22,0,2,2,0.73,0.09,0.0,0.09,49.0,27.4,0,0,0,0,0,0,0,0,0,0,0,0,0,0.0,-2,44,16,0.0,34,22,6,50,41,21,6,0,0,0,0.0,7,17,6,15,1,589,363,130,96,23590,3401,2217,17972,TOR,Atlantic,Eastern
2025-2026,20251128,15,BUF,111755,Zach Benson,ROSTER,20.0,"5'10""",159.0,Canada,"Langley, BC",True,LW,10,0,9,9,1.8,0.9,0.0,0.9,7.8,8.7,0,0,3,3,0,1,1,0,0,0,0,0,0,0.0,3,28,18,0.0,7,5,5,4,14,9,6,3,2,1,66.7,3,6,1,2,0,231,190,28,13,11122,2900,463,7759,BUF,Atlantic,Eastern
2025-2026,20251128,9,NYR,56550,Brett Berard,ROSTER,23.0,"5'9""",155.0,USA,"East Greenwich, RI",False,LW,2,0,0,0,2.5,0.0,0.0,0.0,1.5,7.2,0,0,0,0,0,0,0,0,0,0,0,0,0,0.0,0,11,5,0.0,0,3,3,4,4,1,0,0,0,0,0.0,2,6,0,0,0,34,26,2,6,1226,48,47,1131,NYR,Metropolitan,Eastern
2025-2026,20251128,16,DET,14556,Jonatan Berggren,ROSTER,25.0,"5'10""",183.0,Sweden,Uppsala,True,RW,14,2,4,6,1.43,0.29,0.14,0.43,6.0,8.7,0,1,0,1,0,0,0,0,0,0,0,0,0,0.0,-3,42,20,10.0,3,14,8,9,14,13,1,0,0,0,0.0,3,6,4,8,0,229,123,61,47,10115,1777,1104,7234,DET,Atlantic,Eastern
2025-2026,20251128,16,DET,14549,Jacob Bernard-Docker,ROSTER,25.0,"6'1""",190.0,Canada,"Canmore, AB",False,D,12,0,1,1,1.25,0.08,0.0,0.08,10.0,2.9,0,0,0,0,0,0,0,0,0,0,0,0,0,0.0,3,32,15,0.0,7,12,5,10,28,9,3,0,0,0,0.0,1,2,1,2,0,214,125,29,60,9305,806,398,8101,DET,Atlantic,Eastern
2025-2026,20251128,20,CHI,10178,Tyler Bertuzzi,ROSTER,30.0,"6'1""",199.0,Canada,"Sudbury, ON",False,LW,20,12,8,20,2.3,0.4,0.6,1.0,8.3,25.9,4,6,4,10,0,0,0,1,0,0,0,0,0,0.0,0,74,46,26.1,1,11,17,20,23,21,4,39,20,19,51.3,7,22,9,18,0,424,216,126,89,21710,6059,1868,13558,CHI,Central,Western
2025-2026,20251128,27,DAL,56392,Lian Bichsel,ROSTER,21.0,"6'6""",225.0,Switzerland,Wolfwil,False,D,24,1,2,3,0.38,0.08,0.04,0.12,52.6,31.9,0,0,0,0,0,0,0,0,0,0,0,0,0,0.0,7,30,9,11.1,24,15,6,84,62,21,3,0,0,0,0.0,11,22,6,12,0,478,373,46,59,22877,4030,588,18195,DAL,Central,Western
2025-2026,20251128,1,TBL,8913,Oliver Bjorkstrand,ROSTER,30.0,"6'0""",177.0,Denmark,Herning,False,RW,23,2,6,8,1.7,0.26,0.09,0.35,19.8,2.9,0,2,2,4,0,0,0,0,0,0,0,0,0,0.0,-6,92,39,5.1,13,25,28,22,32,19,4,11,5,6,45.5,1,2,1,2,0,395,171,150,76,19692,4750,2490,12452,TBL,Atlantic,Eastern
2025-2026,20251128,17,STL,5201,Nick Bjugstad,ROSTER,33.0,"6'6""",215.0,USA,"Minneapolis, MN",False,C,19,4,1,5,1.68,0.05,0.21,0.26,25.5,14.5,1,0,0,0,0,0,0,0,0,0,0,0,0,0.0,-1,51,32,12.5,14,7,12,35,7,3,2,115,57,58,49.6,5,10,4,8,0,309,160,80,73,12782,2614,1192,8976,STL,Central,Western
2025-2026,20251128,27,DAL,15469,Colin Blackwell,ROSTER,32.0,"5'9""",190.0,USA,"North Andover, MA",False,C,23,2,4,6,0.7,0.17,0.09,0.26,22.7,17.4,0,0,0,0,0,0,0,1,0,0,0,0,0,0.0,3,37,16,12.5,10,10,11,37,22,14,1,81,28,53,34.6,6,12,3,6,0,373,188,105,80,16149,3865,1221,10971,DAL,Central,Western
2025-2026,20251128,12,TOR,11712,Sammy Blais,UNDRAFTED,29.0,"6'2""",205.0,Canada,"Montmagny, QC",False,LW,8,1,2,3,0.88,0.25,0.12,0.38,14.8,5.8,0,0,0,0,0,0,0,0,0,0,0,0,0,0.0,-2,11,7,14.3,5,3,1,28,6,2,1,1,1,0,100.0,2,4,1,2,0,95,59,28,9,3977,910,589,2478,TOR,Atlantic,Eastern
2025-2026,20251128,3,CAR,56345,Jackson Blake,ROSTER,22.0,"5'10""",158.0,USA,"Eden Prairie, MN",False,RW,23,6,9,15,2.52,0.39,0.26,0.65,8.6,20.3,2,0,2,2,0,0,0,0,0,0,1,0,0,0.0,1,103,58,10.3,8,13,32,4,39,26,8,2,0,2,0.0,7,14,9,18,0,436,330,68,44,22589,4596,1113,16880,CAR,Metropolitan,Eastern
2025-2026,20251128,18,NSH,39055,Nick Blankenburg,ROSTER,27.0,"5'9""",175.0,USA,"Washington, MI",True,D,13,3,6,9,1.69,0.46,0.23,0.69,15.0,2.9,1,2,2,4,0,0,0,0,0,0,0,0,0,0.0,-7,60,22,13.6,11,24,14,14,26,14,2,0,0,0,0.0,1,2,1,2,0,303,242,30,35,15231,3206,221,11805,NSH,Central,Western
2025-2026,20251128,21,VAN,15472,Theodor Blueger,ROSTER,31.0,"6'0""",185.0,Latvia,Riga,False,C,2,1,0,1,1.0,0.0,0.5,0.5,3.8,0.0,0,0,0,0,0,0,0,1,0,0,0,0,0,0.0,0,2,2,50.0,3,0,0,3,0,1,0,26,9,17,34.6,0,0,0,0,0,44,21,8,16,1899,363,216,1320,VAN,Pacific,Western
2025-2026,20251128,11,BOS,39748,Matěj Blümel,ROSTER,25.0,"6'0""",198.0,Czech Republic,Tabor,True,RW,4,0,0,0,1.0,0.0,0.0,0.0,2.5,0.0,0,0,0,0,0,0,0,0,0,0,0,0,0,0.0,-3,10,4,0.0,2,4,2,2,3,3,0,1,0,1,0.0,0,0,0,0,0,50,31,13,6,2608,894,148,1566,BOS,Atlantic,Eastern
2025-2026,20251128,21,VAN,5618,Brock Boeser,ROSTER,28.0,"6'1""",208.0,USA,"Burnsville, MN",False,RW,22,8,7,15,2.36,0.32,0.36,0.68,11.5,0.0,2,1,4,5,0,0,0,2,0,1,1,0,1,100.0,-7,96,52,15.4,7,19,25,14,7,13,4,46,19,27,41.3,0,0,1,2,0,460,208,89,172,24604,5098,1310,18207,VAN,Pacific,Western
2025-2026,20251128,25,MIN,4480,Zach Bogosian,ROSTER,35.0,"6'3""",226.0,USA,"Massena, NY",False,D,8,0,0,0,0.88,0.0,0.0,0.0,13.6,0.0,0,0,0,0,0,0,0,0,0,0,0,0,0,0.0,3,12,7,0.0,11,3,2,10,7,4,1,0,0,0,0.0,0,0,1,2,0,133,86,15,32,7109,1494,130,5485,MIN,Central,Western
2025-2026,20251128,14,MTL,33083,Zachary Bolduc,ROSTER,22.0,"6'1""",175.0,Canada,"Trois-Rivière, QC",True,RW,22,5,5,10,1.45,0.23,0.23,0.45,24.7,14.5,1,3,2,5,0,0,0,0,0,0,0,0,0,0.0,-3,65,32,15.6,11,15,18,40,30,19,2,16,9,7,56.2,5,10,6,12,0,364,260,54,55,18419,3184,454,14781,MTL,Atlantic,Eastern
2025-2026,20251128,25,MIN,30015,Matthew Boldy,ROSTER,24.0,"6'2""",196.0,USA,"Milford, MA",True,LW,24,14,14,28,3.38,0.58,0.58,1.17,18.8,20.3,4,5,7,12,1,0,1,2,0,0,2,0,1,50.0,5,175,81,17.3,14,44,50,17,25,27,7,36,14,22,38.9,7,14,10,20,0,504,295,140,83,30424,8068,2021,20355,MIN,Central,Western
2025-2026,20251128,8,NYI,14531,Adam Boqvist,ROSTER,25.0,"5'11""",179.0,Sweden,Falun,False,D,10,0,1,1,0.3,0.1,0.0,0.1,10.4,2.9,0,0,0,0,0,0,0,0,0,0,0,0,0,0.0,0,15,3,0.0,10,9,3,4,8,6,1,0,0,0,0.0,1,2,0,0,0,173,121,30,22,7661,1081,697,5883,NYI,Metropolitan,Eastern
2025-2026,20251128,4,FLO,17176,Jesper Boqvist,ROSTER,27.0,"6'0""",180.0,Sweden,Falun,False,C,23,3,2,5,1.04,0.09,0.13,0.22,30.2,8.7,1,0,0,0,0,0,0,1,0,0,0,0,0,0.0,4,47,24,12.5,11,9,14,55,23,20,0,45,17,28,37.8,3,6,5,10,0,421,230,118,76,17302,3002,1353,12947,FLA,,
2025-2026,20251128,9,NYR,15692,William Borgen,ROSTER,28.0,"6'3""",196.0,USA,"Moorhead, MN",False,D,19,1,2,3,0.84,0.11,0.05,0.16,31.1,11.6,0,0,0,0,0,0,0,1,0,0,0,0,0,0.0,5,47,16,6.2,24,20,11,26,36,14,6,0,0,0,0.0,4,8,2,4,0,481,270,88,110,21233,2111,1322,17013,NYR,Metropolitan,Eastern
2025-2026,20251128,24,EDM,14533,Evan Bouchard,ROSTER,26.0,"6'3""",194.0,Canada,"Oakville, ON",False,D,25,4,17,21,2.72,0.68,0.16,0.84,32.0,14.5,1,1,4,5,0,0,0,1,0,1,1,0,0,0.0,-1,145,68,5.9,32,52,25,9,26,37,18,0,0,0,0.0,5,10,5,10,0,629,357,163,100,35680,7814,3039,24197,EDM,Pacific,Western
2025-2026,20251128,27,DAL,34435,Mavrik Bourque,ROSTER,23.0,"5'10""",178.0,Canada,"Plessisville, QC",True,C,24,3,5,8,1.54,0.21,0.12,0.33,13.0,5.8,1,0,2,2,0,0,0,0,0,0,0,0,0,0.0,-5,60,37,8.1,10,8,15,11,23,9,2,43,20,23,46.5,2,4,6,12,0,433,277,84,74,20225,3445,838,15892,DAL,Central,Western
2025-2026,20251128,142,VGK,184007,Braeden Bowman,ROSTER,22.0,"6'1""",205.0,Canada,"Kitchener, ON",True,RW,8,4,3,7,2.25,0.38,0.5,0.88,4.8,5.8,1,2,0,2,0,0,0,1,0,0,0,0,0,0.0,-3,31,18,22.2,5,6,7,1,8,1,0,1,1,0,100.0,2,4,0,0,0,162,136,30,0,8230,1863,616,5751,VGK,Pacific,Western
2025-2026,20251128,16,DET,142440,Michael Brandsegg-Nygård,ASSIGNED_TO_MINORS,,,,,,False,RW,9,0,1,1,1.56,0.11,0.0,0.11,13.1,2.9,0,0,0,0,0,0,0,0,0,0,0,0,0,0.0,-5,35,14,0.0,3,13,8,28,17,10,2,0,0,0,0.0,1,2,1,2,0,158,132,24,2,6723,821,31,5871,DET,Atlantic,Eastern
2025-2026,20251128,7,NJD,13722,Jesper Bratt,ROSTER,27.0,"5'10""",175.0,Sweden,Stockholm,False,LW,23,5,17,22,2.22,0.74,0.22,0.96,16.8,11.6,1,1,5,6,1,0,1,2,0,1,2,0,2,100.0,1,96,51,9.8,8,23,22,26,16,24,13,0,0,0,0.0,4,8,4,8,0,521,275,115,136,25377,4659,1329,19432,NJD,Metropolitan,Eastern
2025-2026,20251128,10,PIT,53189,Justin Brazeau,ROSTER,27.0,"6'5""",220.0,Canada,"New Liskeard, ON",True,RW,12,6,6,12,1.83,0.5,0.5,1.0,17.0,0.0,2,1,1,2,0,0,0,2,0,0,0,0,0,0.0,3,33,22,27.3,12,4,10,17,11,13,1,0,0,0,0.0,0,0,1,2,0,212,127,72,12,9702,1946,1616,5862,PIT,Metropolitan,Eastern
2025-2026,20251128,22,COL,133825,Gavin Brindley,ROSTER,21.0,"5'9""",175.0,USA,"Fort Myers, FL",True,C,18,4,3,7,1.22,0.17,0.22,0.39,10.6,8.7,1,0,0,0,0,0,0,2,0,1,0,0,0,0.0,3,40,22,18.2,4,8,10,19,25,7,3,7,2,5,28.6,3,6,5,10,0,241,181,43,21,10034,1677,173,8184,COL,Central,Western
2025-2026,20251128,6,PHI,38019,Bobby Brink,ROSTER,24.0,"5'8""",165.0,USA,"Minnetonka, MN",True,RW,22,6,4,10,1.77,0.18,0.27,0.45,18.3,20.3,2,2,2,4,0,0,0,0,0,0,2,0,1,50.0,-5,66,39,15.4,8,12,15,30,25,10,1,22,6,16,27.3,7,14,7,14,0,453,275,84,101,21283,3410,761,17506,PHI,Metropolitan,Eastern
2025-2026,20251128,17,STL,17150,Philip Broberg,ROSTER,24.0,"6'3""",200.0,Sweden,Orebro,True,D,24,2,6,8,1.33,0.25,0.08,0.33,37.6,2.9,0,0,0,0,0,0,0,0,0,0,0,0,0,0.0,-3,88,32,6.2,37,39,17,12,49,32,6,0,0,0,0.0,1,2,5,10,0,679,422,133,126,33617,4998,1744,26875,STL,Central,Western
2025-2026,20251128,25,MIN,5123,Jonas Brodin,ROSTER,32.0,"6'1""",194.0,Sweden,Karlstad,False,D,23,2,6,8,1.09,0.26,0.09,0.35,42.5,8.7,0,0,0,0,0,0,0,0,0,0,0,0,0,0.0,7,62,25,8.0,45,26,11,6,34,22,3,0,0,0,0.0,3,6,3,6,0,587,327,121,141,30283,5468,2597,22218,MIN,Central,Western
2025-2026,20251128,9,NYR,11807,Jonny Brodzinski,ROSTER,32.0,"6'1""",215.0,USA,"Ham Lake, MN",False,C,14,2,2,4,1.14,0.14,0.14,0.29,3.4,2.9,0,0,0,0,0,0,0,0,0,0,0,0,0,0.0,3,44,16,12.5,3,12,16,2,10,7,7,12,7,5,58.3,1,2,4,8,0,234,123,58,49,9897,1744,726,7212,NYR,Metropolitan,Eastern
2025-2026,20251128,7,NJD,8916,Connor Brown,ROSTER,31.0,"6'0""",186.0,Canada,"Etobicoke, ON",False,RW,16,6,2,8,1.44,0.12,0.38,0.5,12.8,2.9,2,0,0,0,1,0,1,1,0,0,0,0,0,0.0,-3,34,23,26.1,11,3,8,8,12,12,4,8,3,5,37.5,1,2,0,0,0,313,162,82,75,15281,2002,1794,11485,NJD,Metropolitan,Eastern
2025-2026,20251128,10,PIT,37991,Tristan Broz,ROSTER,23.0,"6'0""",179.0,USA,"Bloomington, MN",True,C,1,0,0,0,2.0,0.0,0.0,0.0,0.0,0.0,0,0,0,0,0,0,0,0,0,0,0,0,0,0.0,-1,2,2,0.0,0,0,0,0,0,1,0,6,3,3,50.0,0,0,0,0,0,15,13,2,0,690,215,29,446,PIT,Metropolitan,Eastern
2025-2026,20251128,10,PIT,142708,Harrison Brunicke,ASSIGNED_TO_MINORS,,,,,,False,D,9,1,0,1,0.89,0.0,0.11,0.11,13.1,8.7,0,0,0,0,0,0,0,0,0,0,0,0,0,0.0,-4,22,8,12.5,13,7,7,4,18,14,1,0,0,0,0.0,3,6,2,4,0,171,135,14,19,8486,830,167,7234,PIT,Metropolitan,Eastern
2025-2026,20251128,15,BUF,17925,Jacob Bryson,ROSTER,28.0,"5'9""",185.0,Canada,"London, ON",False,D,13,1,2,3,0.15,0.15,0.08,0.23,7.4,5.8,0,0,0,0,0,0,0,0,0,0,0,0,0,0.0,0,14,2,50.0,7,8,4,3,12,6,2,0,0,0,0.0,2,4,0,0,0,211,112,21,79,8734,846,209,7679,BUF,Atlantic,Eastern
2025-2026,20251128,17,STL,10075,Pavel Buchnevich,ROSTER,30.0,"6'3""",197.0,Russia,Cherepovets,False,LW,24,2,8,10,1.58,0.33,0.08,0.42,15.9,10.2,0,2,3,5,0,0,0,0,0,0,0,0,0,0.0,-11,78,38,5.3,12,17,23,14,14,22,8,12,4,8,33.3,4,6,5,10,0,553,261,188,106,26064,4964,2647,18453,STL,Central,Western
2025-2026,20251128,25,MIN,142488,Zeev Buium,ROSTER,,,,,,False,D,24,3,8,11,1.12,0.33,0.12,0.46,13.9,5.8,1,2,6,8,0,0,0,0,0,0,0,0,0,0.0,-10,66,27,11.1,13,24,15,6,32,28,3,0,0,0,0.0,2,4,3,6,0,464,382,65,19,27171,5995,789,20387,MIN,Central,Western
2025-2026,20251128,18,NSH,15430,Michael Bunting,ROSTER,30.0,"5'11""",197.0,Canada,"Toronto, ON",True,LW,23,5,8,13,1.3,0.35,0.22,0.57,8.7,8.7,1,1,4,5,0,0,0,0,0,0,1,1,0,0.0,-11,76,30,16.7,6,15,31,9,16,19,1,10,3,7,30.0,3,6,7,14,0,417,205,141,76,20431,4418,2673,13340,NSH,Central,Western
2025-2026,20251128,20,CHI,5451,Andre Burakovsky,ROSTER,30.0,"6'3""",201.0,Austria,Klagenfurt,False,LW,18,7,8,15,1.44,0.44,0.39,0.83,9.4,8.7,2,1,4,5,0,0,0,1,0,0,0,0,0,0.0,5,59,26,26.9,8,21,12,6,23,18,10,3,0,3,0.0,3,6,1,2,0,372,199,75,101,18419,4347,652,13195,CHI,Central,Western
2025-2026,20251128,22,COL,15,Brent Burns,ROSTER,40.0,"6'5""",230.0,Canada,"Ajax, ON",False,D,23,2,9,11,2.0,0.39,0.09,0.48,31.9,17.4,0,0,1,1,0,0,0,2,0,0,0,0,0,0.0,8,112,46,4.3,34,38,28,4,18,23,5,0,0,0,0.0,6,12,0,0,0,596,320,120,158,27603,7059,1422,19122,COL,Central,Western
2025-2026,20251128,28,LAK,19049,Quinton Byfield,ROSTER,23.0,"6'4""",215.0,Canada,"Newmarket, ON",True,RW,23,4,13,17,2.57,0.57,0.17,0.74,13.3,14.5,1,1,4,5,0,1,1,2,0,1,1,0,0,0.0,0,102,59,6.8,7,21,22,19,23,21,10,331,133,198,40.2,5,10,12,24,0,541,344,75,127,27798,3823,888,23087,LAK,Pacific,Western
2025-2026,20251128,15,BUF,21814,Bowen Byram,ROSTER,24.0,"6'0""",195.0,Canada,"Cranbrook, BC",True,D,23,4,7,11,1.52,0.3,0.17,0.48,30.3,14.5,1,1,2,3,0,0,0,1,0,0,1,0,1,100.0,-7,69,35,11.4,28,12,22,14,35,23,4,0,0,0,0.0,5,10,4,8,0,617,368,106,148,29686,3648,1205,24874,BUF,Atlantic,Eastern
2025-2026,20251128,11,BOS,37956,Michael Callahan,ROSTER,26.0,"6'2""",197.0,USA,"Franklin, MA",True,D,3,0,0,0,0.67,0.0,0.0,0.0,6.5,0.0,0,0,0,0,0,0,0,0,0,0,0,0,0,0.0,-2,3,2,0.0,6,0,1,3,9,3,1,0,0,0,0.0,0,0,0,0,0,70,45,18,7,2961,777,279,1905,BOS,Atlantic,Eastern
2025-2026,20251128,27,DAL,5658,Kyle Capobianco,ROSTER,28.0,"6'1""",196.0,Canada,"Mississauga, ON",False,D,9,0,2,2,0.33,0.22,0.0,0.22,5.1,2.9,0,0,0,0,0,0,0,0,0,0,0,0,0,0.0,2,16,3,0.0,4,9,4,4,9,4,2,0,0,0,0.0,1,2,1,2,0,133,88,20,23,5961,1143,268,4473,DAL,Central,Western
2025-2026,20251128,30,UTA,16956,Michael Carcone,ROSTER,29.0,"5'10""",170.0,Canada,"Ajax, ON",False,LW,22,4,3,7,2.14,0.14,0.18,0.32,18.2,17.2,1,0,0,0,0,0,0,0,0,0,0,0,0,0.0,0,95,47,8.5,5,21,27,37,23,8,3,2,0,2,0.0,4,16,2,4,0,355,203,94,62,14937,2384,1334,11219,UTA,Central,Western
2025-2026,20251128,26,SJS,56619,Ethan Cardwell,ASSIGNED_TO_MINORS,23.0,"5'11""",180.0,Canada,"Courtice, ON",False,RW,4,1,0,1,0.75,0.0,0.25,0.25,1.5,2.9,0,0,0,0,0,0,0,1,0,0,0,0,0,0.0,1,11,3,33.3,0,4,4,4,5,2,1,0,0,0,0.0,1,2,0,0,0,63,48,10,6,2965,484,109,2372,SJS,Pacific,Western
2025-2026,20251128,1,TBL,38105,Declan Carlile,ROSTER,25.0,"6'1""",190.0,USA,"Hartland, MI",True,D,5,1,0,1,0.2,0.0,0.2,0.2,7.2,0.0,0,0,0,0,0,0,0,0,0,0,0,0,0,0.0,1,7,1,100.0,6,5,1,5,14,4,0,0,0,0,0.0,0,0,0,0,0,85,72,9,5,3904,593,15,3296,TBL,Atlantic,Eastern
2025-2026,20251128,12,TOR,5632,Brandon Carlo,ROSTER,29.0,"6'5""",212.0,USA,"Colorado Springs, CO",False,D,18,0,2,2,1.28,0.11,0.0,0.11,34.9,8.7,0,0,0,0,0,0,0,0,0,0,0,0,0,0.0,2,49,23,0.0,34,13,13,12,28,20,1,0,0,0,0.0,3,6,1,2,0,497,293,119,85,21664,2450,2354,16860,TOR,Atlantic,Eastern
2025-2026,20251128,5,WSH,4735,John Carlson,ROSTER,35.0,"6'3""",217.0,USA,"Natick, MA",False,D,23,6,16,22,2.35,0.7,0.26,0.96,32.0,8.7,2,0,5,5,0,0,0,0,0,0,0,0,0,0.0,8,125,54,11.1,32,40,30,9,30,40,20,0,0,0,0.0,3,6,2,4,0,548,293,126,131,32069,8841,1690,21345,WSH,Metropolitan,Eastern
2025-2026,20251128,29,ANA,111582,Leo Carlsson,ROSTER,20.0,"6'3""",198.0,Sweden,Karlstad,True,C,23,12,18,30,2.65,0.78,0.52,1.3,12.6,25.1,4,2,7,9,2,1,3,3,0,1,1,0,0,0.0,11,126,61,19.7,12,31,34,5,17,21,8,410,188,222,45.9,6,23,7,14,0,576,439,69,80,27294,5624,454,21314,ANA,Pacific,Western
2025-2026,20251128,9,NYR,5479,Sam Carrick,ROSTER,33.0,"6'0""",200.0,Canada,"Stouffville, ON",False,C,25,1,5,6,0.96,0.2,0.04,0.24,26.2,35.8,0,0,0,0,0,1,1,0,0,0,0,0,0,0.0,3,53,24,4.2,14,13,17,37,29,10,6,186,99,87,53.2,5,19,8,25,3,414,167,82,154,17376,3825,1017,12052,NYR,Metropolitan,Eastern
2025-2026,20251128,14,MTL,5710,Alexandre Carrier,ROSTER,29.0,"5'11""",174.0,Canada,"Quebec City, QC",False,D,22,1,6,7,0.73,0.27,0.05,0.32,52.8,14.5,0,0,0,0,0,0,0,0,0,0,0,0,0,0.0,-9,47,16,6.2,54,17,14,12,56,22,11,0,0,0,0.0,5,10,3,6,0,487,259,85,145,24751,3044,1580,20135,MTL,Atlantic,Eastern
2025-2026,20251128,3,CAR,10174,William Carrier,ROSTER,30.0,"6'2""",218.0,Canada,"Pierrefonds, QC",False,LW,17,1,4,5,0.88,0.24,0.06,0.29,15.8,5.8,0,0,0,0,0,0,0,1,0,0,0,0,0,0.0,1,48,15,6.7,4,13,20,33,22,7,4,0,0,0,0.0,2,4,3,6,0,292,101,159,33,11188,2244,2236,6708,CAR,Metropolitan,Eastern
2025-2026,20251128,7,NJD,56518,Seamus Casey,ASSIGNED_TO_MINORS,21.0,"5'10""",173.0,USA,"Estero, FL",False,D,2,0,0,0,2.0,0.0,0.0,0.0,0.9,0.0,0,0,0,0,0,0,0,0,0,0,0,0,0,0.0,-3,8,4,0.0,1,2,2,0,7,3,2,0,0,0,0.0,0,0,0,0,0,48,37,10,1,2161,692,92,1377,NJD,Metropolitan,Eastern
2025-2026,20251128,6,PHI,38701,Noah Cates,ROSTER,26.0,"6'1""",170.0,USA,"Stillwater, MN",True,LW,22,5,8,13,1.91,0.36,0.23,0.59,23.9,11.6,1,1,4,5,0,0,0,2,0,1,0,0,0,0.0,6,69,42,11.9,18,9,18,21,21,13,5,324,132,192,40.7,4,8,5,10,0,535,230,71,239,22975,2683,422,19870,PHI,Metropolitan,Eastern
2025-2026,20251128,143,SEA,142279,Berkly Catton,ROSTER,,,,,,False,C,18,0,5,5,0.83,0.28,0.0,0.28,9.3,2.9,0,0,1,1,0,0,0,0,0,0,0,0,0,0.0,1,30,15,0.0,10,5,10,1,30,7,3,30,14,16,46.7,1,2,3,6,0,298,260,33,4,12924,2113,217,10544,SEA,Pacific,Western
2025-2026,20251128,14,MTL,19047,Cole Caufield,ROSTER,24.0,"5'7""",174.0,USA,"Mosinee, WI",True,RW,22,13,10,23,2.82,0.45,0.59,1.05,12.8,11.6,4,1,5,6,0,0,0,3,0,3,2,0,1,50.0,10,116,62,21.0,6,21,33,20,14,17,10,5,2,3,40.0,4,8,6,12,0,458,248,92,132,24352,4123,740,19533,MTL,Atlantic,Eastern
2025-2026,20251128,28,LAK,5307,Cody Ceci,ROSTER,31.0,"6'2""",210.0,Canada,"Ottawa, ON",False,D,23,1,5,6,1.0,0.22,0.04,0.26,27.7,5.8,0,0,0,0,0,1,1,0,0,0,0,0,0,0.0,-5,60,23,4.3,26,28,9,12,37,20,5,0,0,0,0.0,2,4,0,0,0,487,268,92,129,24246,3104,2283,18861,LAK,Pacific,Western
2025-2026,20251128,26,SJS,134157,Macklin Celebrini,ROSTER,19.0,"6'0""",190.0,Canada,"North Vancouver, BC",True,C,24,14,20,34,2.92,0.83,0.58,1.42,19.5,17.4,4,4,8,12,0,0,0,3,0,2,2,0,0,0.0,3,137,70,20.0,16,38,29,14,35,35,11,374,181,193,48.4,6,12,14,30,0,518,420,49,63,29582,6221,1053,22308,SJS,Pacific,Western
2025-2026,20251128,1,TBL,14454,Erik Cernak,INJURY_LIST,28.0,"6'3""",233.0,Slovakia,Kosice,False,D,19,0,4,4,0.68,0.21,0.0,0.21,53.3,31.7,0,0,0,0,0,1,1,0,0,0,0,0,0,0.0,0,36,13,0.0,43,14,9,40,26,18,4,0,0,0,0.0,8,21,2,7,1,500,243,147,111,22025,3188,1526,17239,TBL,Atlantic,Eastern
2025-2026,20251128,13,OTT,5613,Thomas Chabot,ROSTER,28.0,"6'2""",196.0,Canada,"Ste-Marie-de-Beauce, QC",False,D,18,2,8,10,1.22,0.44,0.11,0.56,37.1,13.0,0,1,3,4,0,1,1,0,0,0,0,0,0,0.0,5,71,22,9.1,36,28,21,13,24,13,6,0,0,0,0.0,4,10,1,2,0,488,274,103,113,23675,3801,2077,17797,OTT,Atlantic,Eastern
2025-2026,20251128,1,TBL,28436,Mitchell Chaffee,ASSIGNED_TO_MINORS,27.0,"6'0""",207.0,USA,"Rockford, MI",True,RW,7,0,0,0,1.14,0.0,0.0,0.0,8.8,5.8,0,0,0,0,0,0,0,0,0,0,0,0,0,0.0,0,10,8,0.0,2,1,1,19,6,5,0,3,1,2,33.3,2,4,2,4,0,95,55,20,20,3986,557,296,3133,TBL,Atlantic,Eastern
2025-2026,20251128,3,CAR,15383,Jalen Chatfield,ROSTER,29.0,"6'1""",188.0,USA,"Ypsilanti, MI",False,D,16,0,4,4,1.44,0.25,0.0,0.25,20.9,11.6,0,0,0,0,0,0,0,0,0,0,0,0,0,0.0,2,63,23,0.0,18,26,14,13,32,15,4,0,0,0,0.0,4,8,3,14,0,426,235,83,108,18843,2544,1148,15151,CAR,Metropolitan,Eastern
2025-2026,20251128,16,DET,5285,Ben Chiarot,ROSTER,34.0,"6'3""",234.0,Canada,"Hamilton, ON",False,D,24,3,4,7,1.08,0.17,0.12,0.29,65.0,33.1,1,0,0,0,0,0,0,0,0,0,0,0,0,0.0,2,75,26,11.5,49,35,14,57,35,29,6,0,0,0,0.0,9,28,3,6,0,629,358,100,175,30195,6750,1957,21521,DET,Atlantic,Eastern
2025-2026,20251128,2,WPJ,37987,Nikita Chibrikov,ASSIGNED_TO_MINORS,22.0,"5'10""",170.0,Russia,Moskva,True,RW,8,0,0,0,0.62,0.0,0.0,0.0,8.2,15.9,0,0,0,0,0,0,0,0,0,0,0,0,0,0.0,0,16,5,0.0,5,7,4,10,7,6,2,0,0,0,0.0,5,12,2,4,0,105,83,19,3,4414,1202,226,2986,WPG,,
2025-2026,20251128,19,CBJ,30088,Yegor Chinakhov,ROSTER,24.0,"6'0""",178.0,Russia,Omsk,True,RW,18,2,2,4,1.28,0.11,0.11,0.22,11.7,5.8,0,0,0,0,0,0,0,0,0,0,0,0,0,0.0,-6,48,23,8.7,6,19,6,17,11,8,3,0,0,0,0.0,2,4,2,4,0,252,192,41,19,11251,1976,228,8967,CBJ,Metropolitan,Eastern
2025-2026,20251128,5,WSH,28482,Declan Chisholm,ROSTER,25.0,"6'1""",185.0,Canada,"Bowmanville, ON",True,D,10,0,1,1,0.7,0.1,0.0,0.1,9.2,2.9,0,0,0,0,0,0,0,0,0,0,0,0,0,0.0,1,20,7,0.0,9,10,3,3,15,10,4,0,0,0,0.0,1,2,3,9,0,177,115,27,29,8770,1116,647,6671,WSH,Metropolitan,Eastern
2025-2026,20251128,9,NYR,56549,Jaroslav Chmelar,ASSIGNED_TO_MINORS,22.0,"6'4""",198.0,Czech Republic,Nove Mesto nad Metuji,False,RW,2,0,0,0,0.5,0.0,0.0,0.0,1.9,10.0,0,0,0,0,0,0,0,0,0,0,0,0,0,0.0,-1,2,1,0.0,0,0,1,5,1,1,0,0,0,0,0.0,1,5,1,5,1,21,16,3,2,867,126,79,662,NYR,Metropolitan,Eastern
2025-2026,20251128,7,NJD,15156,Dennis Cholowski,ROSTER,27.0,"6'2""",197.0,Canada,"Langley, BC",False,D,10,0,1,1,0.6,0.1,0.0,0.1,10.2,0.0,0,0,0,0,0,0,0,0,0,0,0,0,0,0.0,-3,15,6,0.0,11,6,3,1,10,9,4,0,0,0,0.0,0,0,0,0,0,180,112,27,38,8664,920,378,7298,NJD,Metropolitan,Eastern
2025-2026,20251128,19,CBJ,28414,Jake Christiansen,ROSTER,26.0,"6'1""",195.0,Canada,"West Vancouver, BC",True,D,19,0,1,1,0.84,0.05,0.0,0.05,11.8,5.8,0,0,0,0,0,0,0,0,0,0,0,0,0,0.0,-9,42,16,0.0,7,16,10,15,26,7,0,0,0,0,0.0,2,4,1,2,0,246,171,38,37,11994,1212,396,10386,CBJ,Metropolitan,Eastern
2025-2026,20251128,5,WSH,9642,Jakob Chychrun,ROSTER,27.0,"6'2""",210.0,USA,"Boca Raton, FL",False,D,24,9,13,22,3.46,0.54,0.38,0.92,30.0,36.1,3,3,1,4,0,0,0,1,0,1,0,0,0,0.0,16,183,83,10.8,24,48,52,23,29,30,11,0,0,0,0.0,10,23,8,19,1,542,298,141,108,33659,6086,4496,23080,WSH,Metropolitan,Eastern
2025-2026,20251128,21,VAN,13636,Filip Chytil,INJURY_LIST,26.0,"6'2""",206.0,Czech Republic,Kromeriz,False,C,6,3,0,3,2.5,0.0,0.5,0.5,4.7,8.7,1,0,0,0,0,0,0,1,0,0,0,0,0,0.0,0,22,15,20.0,4,2,5,3,10,3,2,76,36,40,47.4,3,6,0,0,0,114,56,43,18,5629,1207,724,3698,VAN,Pacific,Western
2025-2026,20251128,1,TBL,14125,Anthony Cirelli,ROSTER,28.0,"6'0""",193.0,Canada,"Etobicoke, ON",False,C,19,9,8,17,1.58,0.42,0.47,0.89,13.7,11.6,3,2,0,2,0,1,1,2,0,1,0,0,0,0.0,13,58,30,30.0,12,9,19,8,16,16,9,303,145,158,47.9,4,8,2,4,0,465,212,143,119,20841,3280,2528,14953,TBL,Atlantic,Eastern
2025-2026,20251128,8,NYI,5083,Casey Cizikas,ROSTER,34.0,"5'11""",195.0,Canada,"Toronto, ON",False,C,24,1,4,5,0.62,0.17,0.04,0.21,36.9,8.7,0,0,0,0,0,0,0,0,0,0,0,0,0,0.0,-4,29,15,6.7,16,4,10,61,19,13,2,142,63,79,44.4,3,6,0,0,0,350,190,78,83,14114,3503,853,9758,NYI,Metropolitan,Eastern
2025-2026,20251128,28,LAK,31218,Brandt Clarke,ROSTER,22.0,"6'2""",185.0,Canada,"Nepean, ON",True,D,23,3,7,10,1.96,0.3,0.13,0.43,28.5,17.4,1,1,0,1,0,0,0,2,0,0,0,0,0,0.0,5,85,45,6.7,26,25,15,14,31,28,10,0,0,0,0.0,6,12,5,10,0,502,387,79,39,25206,3578,443,21185,LAK,Pacific,Western
2025-2026,20251128,24,EDM,142463,Connor Clattenburg,ROSTER,,,,,,False,C,2,1,0,1,1.5,0.0,0.5,0.5,4.8,5.8,0,0,0,0,0,0,0,0,0,0,0,0,0,0.0,1,5,3,33.3,2,1,1,8,1,0,0,0,0,0,0.0,2,4,2,4,0,24,18,3,4,1125,72,54,999,EDM,Pacific,Western
2025-2026,20251128,10,PIT,15396,Connor Clifton,ROSTER,30.0,"5'11""",175.0,USA,"Long Branch, New Jersey",False,D,8,0,0,0,0.75,0.0,0.0,0.0,28.6,5.8,0,0,0,0,0,0,0,0,0,0,0,0,0,0.0,-2,20,6,0.0,17,11,3,36,20,5,1,0,0,0,0.0,2,4,0,0,0,160,84,32,44,8331,1048,310,6976,PIT,Metropolitan,Eastern
2025-2026,20251128,29,ANA,38010,Sam Colangelo,ASSIGNED_TO_MINORS,23.0,"6'2""",205.0,USA,"Stoneham, MA",True,RW,7,1,0,1,0.43,0.0,0.14,0.14,4.2,5.8,0,0,0,0,0,0,0,0,0,0,0,0,0,0.0,-3,11,3,33.3,1,5,3,9,7,6,0,2,1,1,50.0,2,4,0,0,0,105,70,21,16,4285,812,132,3383,ANA,Pacific,Western
2025-2026,20251128,30,UTA,4905,Ian Cole,ROSTER,36.0,"6'1""",225.0,USA,"Ann Arbor, MI",False,D,24,1,8,9,0.83,0.33,0.04,0.38,55.3,17.4,0,0,0,0,0,0,0,0,0,0,0,0,0,0.0,7,51,20,5.0,51,17,14,26,46,24,4,0,0,0,0.0,6,12,4,8,0,574,336,87,152,27121,6188,894,20039,UTA,Central,Western
2025-2026,20251128,23,CGY,11702,Blake Coleman,ROSTER,34.0,"5'11""",207.0,USA,"Plano, TX",False,LW,25,8,2,10,2.16,0.08,0.32,0.4,37.2,20.3,2,0,0,0,2,0,2,2,0,0,0,0,0,0.0,2,99,54,14.8,18,23,22,57,17,28,6,19,8,11,42.1,7,14,6,12,0,587,272,208,115,25218,6102,2667,16449,CGY,Pacific,Western
2025-2026,20251128,22,COL,18195,Ross Colton,ROSTER,29.0,"6'0""",190.0,USA,"Robbinsville, New Jersey",False,C,23,5,7,12,2.39,0.3,0.22,0.52,30.4,10.0,1,0,0,0,0,0,0,2,0,0,0,0,0,0.0,6,99,55,9.1,10,18,26,58,19,18,5,23,13,10,56.5,1,5,9,21,1,427,222,156,54,18216,3130,2482,12604,COL,Central,Western
2025-2026,20251128,16,DET,5564,J.T. Compher,ROSTER,30.0,"6'0""",190.0,USA,"Northbrook, IL",False,LW,24,3,4,7,1.21,0.17,0.12,0.29,18.9,21.6,1,0,0,0,0,0,0,0,0,0,0,0,0,0.0,-5,50,29,10.3,17,13,9,10,21,13,1,286,149,137,52.1,5,13,11,25,1,522,227,144,154,23355,4661,2687,16068,DET,Atlantic,Eastern
2025-2026,20251128,2,WPJ,5612,Kyle Connor,ROSTER,28.0,"6'1""",182.0,USA,"Clinton Township, MI",False,LW,22,11,17,28,3.55,0.77,0.5,1.27,6.0,8.7,3,2,6,8,1,0,1,1,0,1,1,0,0,0.0,6,128,78,14.1,3,25,25,9,18,19,8,0,0,0,0.0,3,6,5,10,0,504,214,202,99,27298,5567,4574,17157,WPG,,
2025-2026,20251128,30,UTA,56257,Logan Cooley,ROSTER,21.0,"5'11""",180.0,USA,"Pittsburgh, PA",False,C,24,13,9,22,2.08,0.38,0.54,0.92,19.0,29.0,4,3,1,4,0,0,0,1,0,0,0,0,0,0.0,6,88,50,26.0,10,9,29,27,33,31,9,282,114,168,40.4,10,20,9,18,0,529,388,75,80,26550,6140,1255,19157,UTA,Central,Western
2025-2026,20251128,21,VAN,167600,Braeden Cootes,ASSIGNED_TO_OTHER,18.0,"6'0""",183.0,Canada,"Sherwood Park, AB",True,C,3,0,0,0,0.0,0.0,0.0,0.0,2.0,0.0,0,0,0,0,0,0,0,0,0,0,0,0,0,0.0,-2,0,0,0.0,1,0,0,3,1,4,0,13,5,8,38.5,0,0,0,0,0,44,38,5,1,1940,192,0,1748,VAN,Pacific,Western
2025-2026,20251128,16,DET,5555,Andrew Copp,ROSTER,31.0,"6'1""",206.0,USA,"Ann Arbor, MI",False,C,24,1,8,9,1.12,0.33,0.04,0.38,24.9,14.5,0,0,4,4,0,0,0,0,0,0,0,0,0,0.0,-11,57,27,3.7,22,11,19,14,26,20,4,195,110,85,56.4,5,10,4,8,0,497,213,130,155,20472,4077,1418,14977,DET,Atlantic,Eastern
2025-2026,20251128,23,CGY,37972,Matt Coronato,ROSTER,23.0,"5'10""",183.0,USA,"New York, NY",True,RW,24,8,6,14,3.08,0.25,0.33,0.58,8.3,17.4,2,4,0,4,0,0,0,0,0,0,2,1,0,0.0,-15,133,74,10.8,8,36,23,3,17,17,8,52,17,35,32.7,6,12,7,17,0,499,352,120,35,24674,6911,1353,16410,CGY,Pacific,Western
2025-2026,20251128,7,NJD,18224,Paul Cotter,ROSTER,26.0,"6'0""",185.0,USA,"Carton, MI",False,LW,23,1,3,4,1.04,0.13,0.04,0.17,28.5,8.7,0,0,1,1,0,0,0,0,0,0,2,0,1,50.0,-9,50,24,4.2,7,10,16,60,30,11,4,18,10,8,55.6,3,6,6,12,0,374,243,68,64,16857,2790,1198,12887,NJD,Metropolitan,Eastern
2025-2026,20251128,13,OTT,5536,Nick Cousins,ROSTER,32.0,"5'11""",183.0,Canada,"Belleville, ON",False,C,23,4,2,6,0.74,0.09,0.17,0.26,27.6,41.8,1,0,0,0,0,0,0,1,0,0,0,0,0,0.0,3,38,17,23.5,11,10,11,48,35,16,5,14,6,8,42.9,10,31,10,23,1,382,213,111,62,14718,2612,1996,10110,OTT,Atlantic,Eastern
2025-2026,20251128,6,PHI,4995,Sean Couturier,ROSTER,32.0,"6'3""",211.0,USA,"Phoenix, AZ",False,C,21,3,11,14,1.43,0.52,0.14,0.67,18.3,11.6,1,0,0,0,0,0,0,1,0,0,0,0,0,0.0,0,64,30,10.0,13,19,15,18,15,19,10,337,174,163,51.6,4,8,3,6,0,491,217,114,163,22373,5953,1046,15374,PHI,Metropolitan,Eastern
2025-2026,20251128,12,TOR,112362,Easton Cowan,ROSTER,20.0,"5'10""",170.0,Canada,"Mount Brydges, ON",True,RW,15,2,5,7,1.87,0.33,0.13,0.47,12.6,5.8,0,0,0,0,0,0,0,0,0,0,0,0,0,0.0,4,54,28,7.1,7,12,14,17,22,19,0,4,1,3,25.0,2,4,6,12,0,268,224,45,2,12978,3835,354,8750,TOR,Atlantic,Eastern
2025-2026,20251128,19,CBJ,5124,Charlie Coyle,ROSTER,33.0,"6'3""",220.0,USA,"East Weymouth, MA",False,C,24,3,11,14,1.58,0.46,0.12,0.58,23.5,5.8,1,0,1,1,0,0,0,0,0,0,1,0,1,100.0,1,66,38,7.9,13,12,16,32,14,17,10,359,180,179,50.1,2,4,4,8,0,522,256,116,151,24629,6368,1082,17077,CBJ,Metropolitan,Eastern
2025-2026,20251128,13,OTT,19086,Dylan Cozens,ROSTER,24.0,"6'3""",183.0,Canada,"Whitehorse, Yukon",True,C,23,8,8,16,2.26,0.35,0.35,0.7,33.8,20.3,2,4,4,8,0,0,0,0,0,0,0,0,0,0.0,-11,92,52,15.4,10,23,17,67,24,20,3,223,117,106,52.5,7,14,5,10,0,544,283,98,171,24000,4043,946,19067,OTT,Atlantic,Eastern
2025-2026,20251128,20,CHI,34950,Louis Crevier,ROSTER,24.0,"6'8""",214.0,Canada,"Quebec City, QC",True,D,22,2,8,10,1.05,0.36,0.09,0.45,26.0,38.9,0,0,0,0,0,0,0,0,0,0,0,0,0,0.0,7,47,23,8.7,17,13,11,29,31,16,2,0,0,0,0.0,9,29,1,5,1,422,225,48,145,18426,1202,179,16844,CHI,Central,Western
2025-2026,20251128,10,PIT,3490,Sidney Crosby,ROSTER,38.0,"5'11""",200.0,Canada,"Cole Harbour, NS",False,C,22,13,10,23,2.27,0.45,0.59,1.05,16.1,28.8,4,6,2,8,0,0,0,1,0,0,2,0,1,50.0,-2,90,50,26.0,11,17,23,17,17,23,8,429,229,200,53.4,8,24,5,10,0,484,259,152,80,25267,8558,3177,13296,PIT,Metropolitan,Eastern
2025-2026,20251128,30,UTA,5606,Lawson Crouse,ROSTER,28.0,"6'4""",220.0,Canada,"Mt. Brydges, ON",False,LW,24,4,4,8,1.67,0.17,0.17,0.33,37.5,8.7,1,0,0,0,0,0,0,1,0,0,0,0,0,0.0,2,80,40,10.0,15,16,24,65,11,15,3,22,10,12,45.5,3,6,3,6,0,510,236,102,176,21435,2665,890,17880,UTA,Central,Western
2025-2026,20251128,1,TBL,56653,Maxwell Crozier,INJURY_LIST,25.0,"5'11""",161.0,Canada,"Calgary, AB",False,D,8,0,3,3,1.75,0.38,0.0,0.38,8.2,2.9,0,0,0,0,0,0,0,0,0,0,0,0,0,0.0,3,26,14,0.0,5,9,3,10,17,5,2,0,0,0,0.0,1,2,0,0,0,149,93,12,44,6917,855,36,6026,TBL,Atlantic,Eastern
2025-2026,20251128,9,NYR,30065,William Cuylle,ROSTER,23.0,"6'3""",204.0,Canada,"Toronto, ON",True,LW,25,7,7,14,2.24,0.28,0.28,0.56,52.3,23.2,2,3,1,4,0,0,0,1,0,1,0,0,0,0.0,-5,115,56,12.5,22,30,30,88,29,10,6,27,14,13,51.9,8,16,3,6,0,608,414,122,63,26010,5055,1467,18756,NYR,Metropolitan,Eastern
2025-2026,20251128,20,CHI,34951,Colton Dach,ROSTER,22.0,"6'4""",196.0,Canada,"St. Albert, AB",True,C,23,2,3,5,1.3,0.13,0.09,0.22,42.8,43.1,0,0,1,1,0,0,0,1,0,0,0,0,0,0.0,-9,55,30,6.7,11,9,16,89,28,13,9,39,15,24,38.5,8,30,9,24,2,408,280,59,70,17282,2660,624,13982,CHI,Central,Western
2025-2026,20251128,14,MTL,17199,Kirby Dach,ROSTER,24.0,"6'4""",212.0,Canada,"Fort Saskatchewan, AB",False,C,15,5,2,7,1.47,0.13,0.33,0.47,21.2,23.2,1,0,1,1,0,0,0,0,0,0,0,0,0,0.0,-2,44,22,22.7,15,7,15,21,19,8,8,107,46,61,43.0,8,16,6,12,0,266,149,58,64,12622,1855,768,9999,MTL,Atlantic,Eastern
2025-2026,20251128,7,NJD,4787,Evgenii Dadonov,ROSTER,36.0,"5'11""",189.0,Russia,Chelyabinsk,False,LW,5,0,0,0,1.4,0.0,0.0,0.0,4.3,0.0,0,0,0,0,0,0,0,0,0,0,0,0,0,0.0,-1,13,7,0.0,4,4,2,2,5,5,2,0,0,0,0.0,0,0,0,0,0,72,38,17,17,3318,702,358,2258,NJD,Metropolitan,Eastern
2025-2026,20251128,15,BUF,14524,Rasmus Dahlin,ROSTER,25.0,"6'3""",193.0,Sweden,Trollhättan,False,D,20,1,15,16,2.5,0.75,0.05,0.8,27.9,17.4,0,1,5,6,0,0,0,0,0,0,1,0,0,0.0,-4,127,50,2.0,25,50,27,15,28,42,9,0,0,0,0.0,6,12,7,14,0,562,320,72,171,29303,3721,1605,23977,BUF,Atlantic,Eastern
2025-2026,20251128,28,LAK,5487,Phillip Danault,ROSTER,32.0,"6'1""",201.0,Canada,"Victoriaville, QC",False,C,23,0,4,4,1.57,0.17,0.0,0.17,14.2,8.7,0,0,0,0,0,1,1,0,0,0,0,0,0,0.0,2,70,36,0.0,8,20,14,19,20,19,3,325,172,153,52.9,3,6,7,14,0,457,203,153,101,23240,4537,2163,16540,LAK,Pacific,Western
2025-2026,20251128,15,BUF,30085,Justin Danforth,ROSTER,32.0,"5'9""",185.0,Canada,"Oshawa, ON",True,RW,4,0,0,0,0.5,0.0,0.0,0.0,4.7,2.9,0,0,0,0,0,0,0,0,0,0,0,0,0,0.0,-2,6,2,0.0,4,3,1,3,2,3,0,31,17,14,54.8,1,2,0,0,0,71,31,9,31,2809,362,109,2338,BUF,Atlantic,Eastern
2025-2026,20251128,16,DET,111584,Nate Danielson,ROSTER,21.0,"6'2""",185.0,Canada,"Edmonton, AB",True,C,9,1,3,4,1.33,0.33,0.11,0.44,3.4,2.9,0,0,2,2,0,0,0,0,0,0,0,0,0,0.0,-1,21,12,8.3,3,5,4,2,7,9,3,62,20,42,32.3,1,2,2,4,0,146,103,16,28,6049,628,0,5421,DET,Atlantic,Eastern
2025-2026,20251128,1,TBL,18311,Charle-Edouard D’Astous,ROSTER,27.0,"6'2""",204.0,Canada,"Rimouski, QC",False,D,16,2,5,7,0.81,0.31,0.12,0.44,22.6,24.5,0,0,1,1,0,0,0,2,0,0,0,0,0,0.0,-5,38,13,15.4,17,17,8,20,41,10,8,0,0,0,0.0,6,15,3,9,1,359,191,95,76,16884,2730,1288,12870,TBL,Atlantic,Eastern
2025-2026,20251128,14,MTL,56480,Jared Davidson,ROSTER,23.0,"6'0""",181.0,Canada,"Edmonton, AB",False,C,5,0,0,0,1.2,0.0,0.0,0.0,3.7,8.7,0,0,0,0,0,0,0,0,0,0,0,0,0,0.0,-2,10,6,0.0,0,3,1,10,5,2,1,1,0,1,0.0,3,6,1,2,0,60,56,2,2,2487,515,97,1875,MTL,Atlantic,Eastern
2025-2026,20251128,8,NYI,5424,Tony DeAngelo,ROSTER,30.0,"5'11""",180.0,USA,"Sewell, New Jersey",False,D,24,1,8,9,1.79,0.33,0.04,0.38,21.5,33.0,0,0,0,0,0,0,0,0,0,0,0,0,0,0.0,-3,87,43,2.3,19,26,18,12,18,31,2,0,0,0,0.0,7,25,2,7,1,520,309,133,79,25024,3775,2840,18409,NYI,Metropolitan,Eastern
2025-2026,20251128,16,DET,13688,Alex DeBrincat,ROSTER,27.0,"5'7""",165.0,USA,"Farmington Hills, MI",False,RW,24,12,14,26,3.83,0.58,0.5,1.08,11.2,8.7,4,7,3,10,0,0,0,2,0,1,2,1,0,0.0,-3,172,92,13.0,8,34,46,11,18,23,8,11,4,7,36.4,3,6,2,4,0,511,256,117,150,26022,5822,1588,18612,DET,Atlantic,Eastern
2025-2026,20251128,21,VAN,5609,Jake DeBrusk,ROSTER,29.0,"6'0""",188.0,Canada,"Edmonton, AB",False,LW,24,8,4,12,2.88,0.17,0.33,0.5,16.5,5.8,2,7,1,8,0,0,0,0,0,0,2,1,1,50.0,-8,110,69,11.6,11,14,27,18,21,16,2,14,7,7,50.0,2,4,4,8,0,526,226,122,186,25923,6041,1572,18378,VAN,Pacific,Western
2025-2026,20251128,19,CBJ,53014,Luca Del Bel Belluz,ASSIGNED_TO_MINORS,22.0,"6'1""",179.0,Canada,"Woodbridge, ON",True,C,7,0,1,1,0.86,0.14,0.0,0.14,4.8,2.9,0,0,0,0,0,0,0,0,0,0,0,0,0,0.0,0,9,6,0.0,5,2,1,1,4,0,2,34,10,24,29.4,1,2,1,2,0,86,69,8,9,4023,448,194,3381,CBJ,Metropolitan,Eastern
2025-2026,20251128,26,SJS,14536,Ty Dellandrea,ROSTER,25.0,"6'0""",184.0,Canada,"Toronto, ON",True,C,24,2,6,8,1.12,0.25,0.08,0.33,41.1,11.6,0,0,0,0,1,1,2,0,0,0,0,0,0,0.0,-5,50,27,7.4,17,13,10,70,28,10,4,284,148,136,52.1,4,8,10,20,0,452,255,90,109,20704,2805,1486,16413,SJS,Pacific,Western
2025-2026,20251128,20,CHI,39063,Ethan Del Mastro,ASSIGNED_TO_MINORS,22.0,"6'4""",210.0,Canada,"Burlington, ON",True,D,1,0,0,0,1.0,0.0,0.0,0.0,4.0,0.0,0,0,0,0,0,0,0,0,0,0,0,0,0,0.0,-1,1,1,0.0,2,0,0,6,5,1,0,0,0,0,0.0,0,0,0,0,0,25,16,1,8,1055,123,0,932,CHI,Central,Western
2025-2026,20251128,2,WPJ,5822,Dylan DeMelo,ROSTER,32.0,"6'0""",191.0,Canada,"London, ON",False,D,22,1,9,10,0.68,0.41,0.05,0.45,44.9,26.1,0,0,0,0,0,1,1,0,0,0,0,0,0,0.0,8,48,15,6.7,39,19,14,27,35,25,5,0,0,0,0.0,9,18,5,10,0,616,339,123,155,28525,6361,1076,21088,WPG,,
2025-2026,20251128,14,MTL,142498,Ivan Demidov,ROSTER,,,,,,False,RW,22,5,13,18,1.14,0.59,0.23,0.82,11.9,14.5,1,1,5,6,0,0,0,2,0,0,2,1,0,0.0,2,62,25,20.0,10,16,21,8,22,19,7,0,0,0,0.0,5,10,5,10,0,373,327,43,8,19051,4004,591,14456,MTL,Atlantic,Eastern
2025-2026,20251128,26,SJS,18276,Vincent Desharnais,ROSTER,29.0,"6'6""",209.0,Canada,"Laval, QC",False,D,20,0,2,2,0.6,0.1,0.0,0.1,40.8,34.5,0,0,0,0,0,0,0,0,0,0,0,0,0,0.0,1,33,12,0.0,34,15,6,28,28,16,2,0,0,0,0.0,8,32,3,6,0,400,210,46,144,19868,1691,445,17732,SJS,Pacific,Western
2025-2026,20251128,30,UTA,13721,Nick DeSimone,ROSTER,31.0,"6'2""",190.0,USA,"East Amherst, NY",False,D,9,2,1,3,1.33,0.11,0.22,0.33,9.2,0.0,0,0,0,0,0,0,0,1,0,0,0,0,0,0.0,0,19,12,16.7,9,4,3,3,23,9,1,0,0,0,0.0,0,0,0,0,0,205,131,44,32,8857,1163,796,6898,UTA,Central,Western
2025-2026,20251128,6,PHI,5341,Nicolas Deslauriers,ROSTER,34.0,"6'3""",219.0,Canada,"Lasalle, QC",False,LW,11,0,0,0,0.36,0.0,0.0,0.0,17.1,30.0,0,0,0,0,0,0,0,0,0,0,0,0,0,0.0,-2,11,4,0.0,3,4,3,39,6,5,1,1,1,0,100.0,3,15,3,15,3,121,68,27,26,5453,989,443,4021,PHI,Metropolitan,Eastern
2025-2026,20251128,4,FLO,56439,Jack Devine,ROSTER,22.0,"5'11""",177.0,USA,"Glencoe, IL",False,RW,4,0,0,0,1.0,0.0,0.0,0.0,1.5,0.0,0,0,0,0,0,0,0,0,0,0,0,0,0,0.0,-3,9,4,0.0,0,2,3,4,2,1,0,0,0,0,0.0,0,0,1,2,0,52,37,8,7,2156,426,35,1695,FLA,,
2025-2026,20251128,10,PIT,18082,Connor Dewar,ROSTER,26.0,"5'10""",170.0,Canada,"The Pas, MB",False,C,22,5,3,8,1.77,0.14,0.23,0.36,25.1,5.8,1,0,0,0,0,0,0,1,0,0,0,0,0,0.0,0,69,39,12.8,9,15,15,46,30,9,4,7,2,5,28.6,2,4,7,17,0,426,234,92,97,18311,3075,1042,13896,PIT,Metropolitan,Eastern
2025-2026,20251128,20,CHI,9073,Jason Dickinson,ROSTER,30.0,"6'2""",200.0,Canada,"Georgetown, ON",False,C,10,2,2,4,1.5,0.2,0.2,0.4,10.7,5.8,0,0,0,0,0,0,0,0,0,0,0,0,0,0.0,0,31,15,13.3,7,8,8,12,8,10,3,162,89,73,54.9,2,4,0,0,0,224,104,51,71,9065,1424,379,7262,CHI,Central,Western
2025-2026,20251128,26,SJS,142718,Sam Dickinson,ROSTER,,,,,,False,D,18,1,1,2,1.06,0.06,0.06,0.11,17.2,8.7,0,0,0,0,0,0,0,0,0,0,0,0,0,0.0,-3,40,19,5.3,13,16,5,15,21,16,4,0,0,0,0.0,3,6,2,4,0,320,273,17,32,15685,1588,70,14030,SJS,Pacific,Western
2025-2026,20251128,7,NJD,5103,Brenden Dillon,ROSTER,35.0,"6'4""",225.0,Canada,"New Westminster, BC",False,D,23,2,5,7,0.78,0.22,0.09,0.3,59.3,21.6,0,0,0,0,0,0,0,2,0,0,0,0,0,0.0,-7,49,18,11.1,41,18,13,61,25,9,5,0,0,0,0.0,5,13,4,11,1,527,286,62,179,25993,6352,1078,18472,NJD,Metropolitan,Eastern
2025-2026,20251128,15,BUF,37981,Josh Doan,ROSTER,23.0,"6'1""",183.0,USA,"Scottsdale, AZ",True,RW,23,7,8,15,2.52,0.35,0.3,0.65,15.2,11.6,2,2,2,4,0,0,0,1,0,0,0,0,0,0.0,-4,93,58,12.1,7,17,17,24,32,23,17,3,2,1,66.7,4,8,7,14,0,491,330,107,62,21585,4031,762,16792,BUF,Atlantic,Eastern
2025-2026,20251128,14,MTL,14535,Noah Dobson,ROSTER,25.0,"6'4""",184.0,Canada,"Summerside, PE",False,D,22,3,13,16,1.73,0.59,0.14,0.73,41.8,14.5,1,0,2,2,0,0,0,1,0,0,0,0,0,0.0,2,84,38,7.9,43,28,18,9,42,29,8,0,0,0,0.0,5,10,1,2,0,562,306,111,148,30126,3305,1237,25584,MTL,Atlantic,Eastern
2025-2026,20251128,12,TOR,5412,Max Domi,ROSTER,30.0,"5'10""",192.0,Canada,"Winnipeg, MB",False,C,23,3,3,6,1.57,0.13,0.13,0.26,17.0,20.3,1,0,2,2,0,0,0,1,0,0,0,0,0,0.0,-13,67,36,8.3,14,17,14,12,9,24,6,180,96,84,53.3,7,14,9,20,0,413,198,145,73,18379,3589,2219,12571,TOR,Atlantic,Eastern
2025-2026,20251128,20,CHI,14137,Ryan Donato,ROSTER,29.0,"6'0""",192.0,USA,"Boston, MA",False,C,23,7,5,12,1.87,0.22,0.3,0.52,14.7,14.5,2,1,0,1,0,0,0,2,0,1,1,0,0,0.0,-2,90,43,16.3,4,15,32,30,35,18,8,113,47,66,41.6,5,10,2,4,0,464,242,124,101,21623,3873,1294,16215,CHI,Central,Western
2025-2026,20251128,142,VGK,29771,Pavel Dorofeyev,ROSTER,25.0,"6'0""",176.0,Russia,Nizhny Tagil,True,RW,23,11,5,16,2.74,0.22,0.48,0.7,12.7,8.7,3,7,2,9,0,0,0,1,1,0,2,1,1,50.0,-3,135,63,17.5,10,37,35,10,19,20,3,0,0,0,0.0,3,6,4,8,0,454,294,159,13,24497,7086,3291,14079,VGK,Pacific,Western
2025-2026,20251128,28,LAK,4510,Drew Doughty,ROSTER,35.0,"6'1""",202.0,Canada,"London, ON",False,D,19,2,6,8,1.26,0.32,0.11,0.42,30.9,5.8,0,0,0,0,0,1,1,0,0,0,0,0,0,0.0,7,68,24,8.3,30,30,14,11,24,25,7,0,0,0,0.0,2,4,1,2,0,488,248,95,147,25700,6234,1223,18241,LAK,Pacific,Western
2025-2026,20251128,1,TBL,38444,Curtis Douglas,ROSTER,25.0,"6'9""",248.0,Canada,"Oakville, ON",True,C,17,0,2,2,0.53,0.12,0.0,0.12,11.5,75.8,0,0,0,0,0,0,0,0,0,0,0,0,0,0.0,2,21,9,0.0,5,3,9,19,6,3,1,2,1,1,50.0,10,51,7,29,5,156,92,25,39,5899,894,141,4864,TBL,Atlantic,Eastern
2025-2026,20251128,5,WSH,9007,Nic Dowd,ROSTER,35.0,"6'1""",195.0,USA,"Huntsville, AL",False,C,19,1,4,5,1.11,0.21,0.05,0.26,20.3,20.3,0,0,0,0,0,0,0,0,0,0,0,0,0,0.0,2,37,21,4.8,9,9,7,33,22,9,6,245,123,122,50.2,7,14,5,10,0,398,174,124,99,17244,3281,1456,12731,WSH,Metropolitan,Eastern
2025-2026,20251128,24,EDM,5417,Leon Draisaitl,ROSTER,30.0,"6'2""",208.0,Germany,Köln,False,C,25,14,15,29,2.44,0.6,0.56,1.16,12.3,8.7,4,7,5,12,0,0,0,1,0,1,2,0,2,100.0,4,118,61,23.0,8,22,35,14,19,41,9,399,228,171,57.1,3,6,4,8,0,583,283,136,165,33527,8730,2319,22076,EDM,Pacific,Western
2025-2026,20251128,8,NYI,5230,Jonathan Drouin,ROSTER,30.0,"6'0""",203.0,Canada,"Ste-Agathe, QC",False,LW,23,3,11,14,1.43,0.48,0.13,0.61,12.6,16.4,1,0,3,3,0,0,0,0,0,0,1,1,0,0.0,6,71,33,9.1,12,13,24,5,11,12,4,64,31,33,48.4,3,17,6,14,0,484,245,129,113,25476,6371,1634,17471,NYI,Metropolitan,Eastern
2025-2026,20251128,22,COL,14565,Jack Drury,ROSTER,25.0,"5'11""",174.0,USA,"Winnetka, IL",True,C,23,4,5,9,1.35,0.22,0.17,0.39,24.3,17.4,1,0,0,0,0,0,0,0,0,0,0,0,0,0.0,7,61,31,12.9,23,9,21,10,38,10,3,304,160,144,52.6,6,12,5,10,0,481,266,145,74,20971,3758,2385,14828,COL,Central,Western
2025-2026,20251128,6,PHI,27448,Jamie Drysdale,ROSTER,23.0,"5'11""",187.0,Canada,"Toronto, ON",True,D,22,2,8,10,1.05,0.36,0.09,0.45,30.5,17.2,0,0,0,0,0,0,0,1,0,0,0,0,0,0.0,-5,71,23,8.7,32,31,17,5,34,15,3,0,0,0,0.0,4,16,4,8,0,582,467,73,46,28744,4153,444,24103,PHI,Metropolitan,Eastern
2025-2026,20251128,5,WSH,13710,Pierre-Luc Dubois,ROSTER,27.0,"6'3""",218.0,Canada,"Ste-Agathe-des-Monts, QC",False,LW,6,0,0,0,1.5,0.0,0.0,0.0,4.9,2.9,0,0,0,0,0,0,0,0,0,0,0,0,0,0.0,0,19,9,0.0,3,4,6,6,7,2,1,78,33,45,42.3,1,2,2,4,0,113,61,32,20,5592,1216,935,3441,WSH,Metropolitan,Eastern
2025-2026,20251128,27,DAL,4663,Matt Duchene,ROSTER,34.0,"5'11""",195.0,Canada,"Haliburton, ON",False,C,4,1,1,2,0.75,0.25,0.25,0.5,4.3,0.0,0,1,0,1,0,0,0,1,0,0,1,0,0,0.0,0,5,3,33.3,4,2,0,2,2,1,1,23,12,11,52.2,0,0,2,4,0,72,44,15,14,3467,906,86,2475,DAL,Central,Western
2025-2026,20251128,8,NYI,5441,Anthony Duclair,ROSTER,30.0,"5'11""",198.0,Canada,"Laval, QC",False,LW,24,3,4,7,1.12,0.17,0.12,0.29,16.0,5.8,1,1,0,1,0,0,0,0,0,0,1,0,0,0.0,2,50,27,11.1,17,14,9,2,8,9,3,1,1,0,100.0,2,4,2,4,0,397,187,147,66,18520,3090,2381,13000,NYI,Metropolitan,Eastern
2025-2026,20251128,5,WSH,18079,Brandon Duhaime,ROSTER,28.0,"6'0""",185.0,USA,"Parkland, FL",False,RW,24,3,1,4,0.58,0.04,0.12,0.17,34.1,34.5,1,0,0,0,0,0,0,0,0,0,0,0,0,0.0,-2,41,14,21.4,19,16,11,46,28,7,2,19,3,16,15.8,7,20,8,22,2,446,236,105,106,17573,2358,986,14429,WSH,Metropolitan,Eastern
2025-2026,20251128,10,PIT,5125,Matt Dumba,ROSTER,31.0,"6'0""",180.0,Canada,"Regina, SK",False,D,8,1,2,3,0.62,0.25,0.12,0.38,10.9,18.7,0,0,0,0,0,0,0,0,0,0,0,0,0,0.0,-1,17,5,20.0,6,8,4,15,6,7,6,0,0,0,0.0,4,11,2,7,1,145,87,29,30,7105,1121,525,5459,PIT,Metropolitan,Eastern
2025-2026,20251128,28,LAK,5310,Brian Dumoulin,ROSTER,34.0,"6'4""",207.0,USA,"Biddeford, MN",False,D,23,0,3,3,0.96,0.13,0.0,0.13,34.6,5.8,0,0,0,0,0,1,1,0,0,0,0,0,0,0.0,-4,57,22,0.0,32,20,15,16,48,33,7,0,0,0,0.0,2,4,2,4,0,534,295,93,146,26822,4544,1887,20391,LAK,Pacific,Western
2025-2026,20251128,143,SEA,5650,Vince Dunn,ROSTER,29.0,"6'0""",203.0,Canada,"Lindsay, ON",False,D,23,4,9,13,2.3,0.39,0.17,0.57,22.7,26.1,1,0,5,5,0,0,0,0,0,0,0,0,0,0.0,-6,116,53,7.5,22,47,16,8,30,31,8,0,0,0,0.0,9,18,4,8,0,585,310,180,90,31493,5610,3072,22410,SEA,Pacific,Western
2025-2026,20251128,15,BUF,29977,Josh Dunne,ROSTER,26.0,"6'4""",210.0,USA,"OFallon, MO",True,C,16,1,1,2,0.88,0.06,0.06,0.12,12.6,35.9,0,0,0,0,0,0,0,0,0,0,0,0,0,0.0,-4,27,14,7.1,7,5,8,17,5,8,3,26,9,17,34.6,8,27,6,15,1,213,161,26,27,8740,898,291,7551,BUF,Atlantic,Eastern
2025-2026,20251128,30,UTA,14575,Sean Durzi,ROSTER,27.0,"6'0""",188.0,Canada,"Mississauga, ON",True,D,3,0,1,1,0.67,0.33,0.0,0.33,7.4,5.8,0,0,0,0,0,0,0,0,0,0,0,0,0,0.0,0,6,2,0.0,7,4,0,3,4,5,2,0,0,0,0.0,2,4,0,0,0,75,43,15,17,3565,304,151,3110,UTA,Central,Western
2025-2026,20251128,6,PHI,10069,Christian Dvorak,ROSTER,29.0,"6'1""",200.0,USA,"Palos, IL",False,C,22,6,9,15,1.64,0.41,0.27,0.68,12.9,11.6,2,0,0,0,0,1,1,0,0,0,0,0,0,0.0,3,59,36,16.7,9,9,14,13,15,15,3,244,137,107,56.1,4,8,4,8,0,487,225,110,158,22365,3195,1427,17743,PHI,Metropolitan,Eastern
2025-2026,20251128,17,STL,142730,Dalibor Dvorský,ROSTER,20.0,"6'1""",201.0,Slovakia,Zvolen,True,RW,14,3,1,4,1.07,0.07,0.21,0.29,14.9,2.9,1,3,0,3,0,0,0,0,0,0,0,0,0,0.0,-4,34,15,20.0,8,7,12,21,5,10,4,124,60,64,48.4,1,2,1,2,0,253,217,37,2,11961,1957,252,9752,STL,Central,Western
2025-2026,20251128,143,SEA,4505,Jordan Eberle,ROSTER,35.0,"5'11""",187.0,Canada,"Regina, SK",False,RW,23,8,6,14,2.52,0.26,0.35,0.61,17.1,14.5,2,1,4,5,0,0,0,2,0,0,3,1,0,0.0,6,104,58,13.8,10,17,29,22,24,21,8,16,8,8,50.0,5,10,2,4,0,530,277,130,122,27298,10415,1929,14595,SEA,Pacific,Western
2025-2026,20251128,28,LAK,5823,Joel Edmundson,ROSTER,32.0,"6'5""",224.0,Canada,"Brandon, MB",False,D,23,1,9,10,1.39,0.39,0.04,0.43,34.2,14.5,0,0,1,1,0,0,0,0,0,0,0,0,0,0.0,3,76,32,3.1,27,27,17,27,22,20,5,0,0,0,0.0,5,10,1,2,0,533,300,67,167,24498,3627,936,19935,LAK,Pacific,Western
2025-2026,20251128,9,NYR,39222,Adam Edstrom,ROSTER,25.0,"6'6""",210.0,Sweden,,True,C,22,2,2,4,0.82,0.09,0.09,0.18,27.9,2.9,0,0,0,0,0,0,0,1,0,0,0,0,0,0.0,4,30,18,11.1,13,5,7,44,8,9,5,2,2,0,100.0,1,2,0,0,0,305,201,63,33,12507,1864,814,9457,NYR,Metropolitan,Eastern
2025-2026,20251128,16,DET,37971,Simon Edvinsson,ROSTER,22.0,"6'4""",198.0,Sweden,Kungsbacka,True,D,21,3,3,6,1.19,0.14,0.14,0.29,52.2,52.1,1,0,0,0,0,0,0,1,0,0,0,0,0,0.0,-3,62,25,12.0,48,18,19,25,35,27,6,0,0,0,0.0,16,40,5,10,0,560,376,57,130,27136,3416,1008,22712,DET,Atlantic,Eastern
2025-2026,20251128,3,CAR,5419,Nikolaj Ehlers,ROSTER,29.0,"6'0""",172.0,Denmark,Aalborg,False,LW,23,4,11,15,2.57,0.48,0.17,0.65,5.8,8.7,1,1,5,6,0,0,0,2,0,0,0,0,0,0.0,3,131,59,6.8,4,35,37,6,15,32,7,18,7,11,38.9,3,6,3,6,0,436,219,91,130,22666,3442,1502,17722,CAR,Metropolitan,Eastern
2025-2026,20251128,142,VGK,5597,Jack Eichel,ROSTER,29.0,"6'2""",203.0,USA,"Chelmsford, MA",False,C,23,11,20,31,4.09,0.87,0.48,1.35,15.5,2.9,3,0,12,12,0,0,0,2,0,0,2,0,0,0.0,4,154,94,11.7,14,31,29,8,10,45,14,367,179,188,48.8,1,2,8,16,0,535,271,194,81,29378,5348,5353,18631,VGK,Pacific,Western
2025-2026,20251128,4,FLO,5414,Aaron Ekblad,ROSTER,29.0,"6'4""",215.0,Canada,"Windsor, ON",False,D,22,1,6,7,1.55,0.27,0.05,0.32,38.7,17.4,0,1,0,1,0,0,0,1,0,0,0,0,0,0.0,-3,84,34,2.9,32,32,18,27,16,13,7,0,0,0,0.0,6,12,1,2,0,600,253,106,242,30013,5862,1545,22606,FLA,,
2025-2026,20251128,24,EDM,5022,Mattias Ekholm,ROSTER,35.0,"6'4""",215.0,Sweden,Borlange,False,D,25,2,8,10,2.04,0.32,0.08,0.4,50.0,11.6,0,0,1,1,0,0,0,0,0,0,0,0,0,0.0,-2,115,51,3.9,48,43,21,19,32,35,12,0,0,0,0.0,4,8,3,6,0,611,355,106,144,30714,7254,1745,21310,EDM,Pacific,Western
2025-2026,20251128,26,SJS,32927,William Eklund,ROSTER,23.0,"5'10""",176.0,Sweden,Stockholm,True,LW,20,5,9,14,2.2,0.45,0.25,0.7,20.3,11.6,1,2,5,7,0,0,0,0,0,0,0,0,0,0.0,-10,95,44,11.4,16,25,26,16,19,20,5,7,0,7,0.0,4,8,8,16,0,438,287,63,93,23911,4503,571,18837,SJS,Pacific,Western
2025-2026,20251128,12,TOR,4866,Oliver Ekman-Larsson,ROSTER,34.0,"6'2""",200.0,Sweden,Karlskrona,False,D,23,3,14,17,1.48,0.61,0.13,0.74,36.2,29.0,1,0,3,3,0,0,0,0,0,0,0,0,0,0.0,5,84,34,8.8,26,30,20,35,32,40,5,0,0,0,0.0,10,20,5,10,0,653,351,144,161,28983,7231,1962,19790,TOR,Atlantic,Eastern
2025-2026,20251128,13,OTT,4723,Lars Eller,ROSTER,36.0,"6'2""",205.0,Denmark,Rødovre,False,C,23,2,4,6,0.91,0.17,0.09,0.26,19.0,5.8,0,0,0,0,1,0,1,0,0,0,0,0,0,0.0,-4,46,21,9.5,15,18,7,15,29,11,4,224,135,89,60.3,2,4,4,8,0,460,208,118,136,18816,5744,1530,11542,OTT,Atlantic,Eastern
2025-2026,20251128,24,EDM,30040,Ty Emberson,ROSTER,25.0,"6'1""",195.0,USA,"Eau Claire, WI",True,D,20,1,3,4,0.75,0.15,0.05,0.2,39.4,5.8,0,0,0,0,0,0,0,1,0,0,0,0,0,0.0,1,32,15,6.7,32,13,4,29,50,15,4,0,0,0,0.0,2,4,2,4,0,384,228,84,69,18738,3027,2143,13412,EDM,Pacific,Western
2025-2026,20251128,14,MTL,56475,Adam Engström,ROSTER,22.0,"6'2""",185.0,Sweden,Södertälje,False,D,1,0,0,0,1.0,0.0,0.0,0.0,0.0,0.0,0,0,0,0,0,0,0,0,0,0,0,0,0,0.0,0,2,1,0.0,0,1,0,0,2,0,0,0,0,0,0.0,0,0,0,0,0,14,10,0,4,642,30,0,612,MTL,Atlantic,Eastern
2025-2026,20251128,25,MIN,5615,Joel Eriksson Ek,ROSTER,28.0,"6'1""",210.0,Sweden,Karlstad,False,C,24,4,12,16,2.96,0.5,0.17,0.67,26.3,17.4,1,2,5,7,0,0,0,0,0,0,0,0,0,0.0,1,116,71,5.6,12,21,24,42,22,11,6,516,269,247,52.1,6,12,7,14,0,504,236,156,116,28807,6433,2129,20243,MIN,Central,Western
2025-2026,20251128,27,DAL,11673,Adam Erne,ROSTER,30.0,"6'1""",212.0,USA,"New Haven, CT",False,LW,14,2,1,3,0.79,0.07,0.14,0.21,22.6,2.9,0,0,0,0,0,0,0,0,0,0,0,0,0,0.0,1,26,11,18.2,7,5,10,44,6,4,1,5,2,3,40.0,1,2,1,2,0,192,113,63,17,8082,1897,931,5207,DAL,Central,Western
2025-2026,20251128,18,NSH,28523,Luke Evangelista,ROSTER,23.0,"5'11""",166.0,Canada,"Oakville, ON",True,RW,22,2,11,13,2.32,0.5,0.09,0.59,5.4,11.6,0,1,3,4,0,0,0,0,0,0,1,1,0,0.0,2,88,51,3.9,4,11,26,5,30,22,7,0,0,0,0.0,4,8,7,14,0,408,285,76,50,21078,3721,950,16409,NSH,Central,Western
2025-2026,20251128,14,MTL,17548,Jake Evans,ROSTER,29.0,"6'0""",190.0,Canada,"Toronto, ON",False,C,22,3,4,7,1.14,0.18,0.14,0.32,26.0,11.4,1,0,0,0,1,0,1,0,0,0,0,0,0,0.0,-11,53,25,12.0,17,14,14,29,26,18,4,294,159,135,54.1,2,12,4,8,0,433,190,142,104,20936,3605,2626,14705,MTL,Atlantic,Eastern
2025-2026,20251128,143,SEA,34549,Ryker Evans,ROSTER,23.0,"5'11""",189.0,Canada,"Calgary, AB",True,D,10,2,4,6,1.0,0.4,0.2,0.6,8.0,0.0,0,0,0,0,0,0,0,0,0,0,0,0,0,0.0,4,22,10,20.0,6,6,6,7,7,10,1,0,0,0,0.0,0,0,3,6,0,204,138,29,39,10617,1090,322,9205,SEA,Pacific,Western
2025-2026,20251128,11,BOS,18068,Mikey Eyssimont,ROSTER,29.0,"6'0""",192.0,USA,"Littleton, CO",False,C,25,5,7,12,2.16,0.28,0.2,0.48,16.0,24.5,1,1,3,4,0,0,0,1,0,0,0,0,0,0.0,-6,93,54,9.3,10,18,21,19,23,17,2,3,1,2,33.3,6,15,8,19,1,393,206,95,97,17701,3662,1333,12706,BOS,Atlantic,Eastern
2025-2026,20251128,19,CBJ,9643,Dante Fabbro,ROSTER,27.0,"6'0""",189.0,Canada,"New Westminster, BC",False,D,24,1,3,4,0.96,0.12,0.04,0.17,49.9,5.8,0,0,0,0,0,0,0,0,0,0,0,0,0,0.0,-9,63,23,4.3,52,30,10,9,42,17,7,0,0,0,0.0,2,4,3,6,0,468,253,64,149,23837,3004,1308,19346,CBJ,Metropolitan,Eastern
2025-2026,20251128,25,MIN,38005,Brock Faber,ROSTER,23.0,"6'0""",190.0,USA,"Maple Grove, MN",True,D,24,6,9,15,2.33,0.38,0.25,0.62,43.1,2.9,2,0,4,4,1,0,1,1,0,0,0,0,0,0.0,1,107,56,10.7,44,26,25,10,35,26,13,0,0,0,0.0,1,2,3,6,0,643,441,144,64,34595,6351,2214,26030,MIN,Central,Western
2025-2026,20251128,27,DAL,5116,Radek Faksa,ROSTER,31.0,"6'3""",220.0,Czech Republic,Opava,False,C,23,1,9,10,0.48,0.39,0.04,0.43,28.7,8.7,0,0,0,0,0,0,0,0,0,0,0,0,0,0.0,4,27,11,9.1,18,10,6,34,19,8,5,170,91,79,53.5,3,6,6,12,0,390,189,88,114,15943,3677,1142,11124,DAL,Central,Western
2025-2026,20251128,19,CBJ,111258,Adam Fantilli,ROSTER,21.0,"6'2""",187.0,Canada,"Nobleton, ON",True,C,24,9,8,17,2.62,0.33,0.38,0.71,21.4,8.7,3,2,0,2,0,0,0,1,0,1,3,0,1,33.33,-8,143,63,14.3,14,45,35,24,19,24,10,227,113,114,49.8,3,6,5,10,0,466,386,71,16,25597,5219,746,19741,CBJ,Metropolitan,Eastern
2025-2026,20251128,23,CGY,14537,Joel Farabee,ROSTER,25.0,"6'0""",164.0,USA,"Cicero, NY",False,LW,25,6,5,11,2.04,0.2,0.24,0.44,23.0,12.9,2,1,2,3,1,0,1,0,0,0,0,0,0,0.0,-6,89,51,11.8,17,22,16,21,33,21,3,20,8,12,40.0,2,7,4,13,1,545,285,109,157,25892,4161,1776,19957,CGY,Pacific,Western
2025-2026,20251128,17,STL,5009,Justin Faulk,ROSTER,33.0,"6'0""",217.0,USA,"South St.Paul, MN",False,D,24,6,7,13,2.0,0.29,0.25,0.54,51.3,15.9,2,2,4,6,0,0,0,0,0,0,0,0,0,0.0,-1,88,48,12.5,49,27,13,20,26,17,6,0,0,0,0.0,5,12,0,0,0,687,372,125,196,33546,6830,1785,24931,STL,Central,Western
2025-2026,20251128,5,WSH,14569,Martin Fehervary,ROSTER,26.0,"6'2""",200.0,Slovakia,Bratislava,False,D,24,2,6,8,1.21,0.25,0.08,0.33,51.3,21.6,0,0,0,0,0,0,0,0,0,0,0,0,0,0.0,8,60,29,6.9,44,21,10,32,36,17,4,0,0,0,0.0,5,13,3,9,1,521,300,94,126,27470,2726,1621,22987,WSH,Metropolitan,Eastern
2025-2026,20251128,3,CAR,56335,Dominick Fensore,ASSIGNED_TO_MINORS,24.0,"5'7""",153.0,USA,"Thornwood, NY",False,D,1,0,0,0,2.0,0.0,0.0,0.0,3.1,0.0,0,0,0,0,0,0,0,0,0,0,0,0,0,0.0,-2,5,2,0.0,3,2,1,1,3,0,0,0,0,0,0.0,0,0,0,0,0,27,15,0,12,1162,46,0,1116,CAR,Metropolitan,Eastern
2025-2026,20251128,26,SJS,17138,Mario Ferraro,ROSTER,27.0,"5'11""",185.0,Canada,"King City, ON",False,D,24,1,5,6,1.0,0.21,0.04,0.25,66.6,5.8,0,0,0,0,0,0,0,0,0,0,0,0,0,0.0,-1,65,24,4.2,57,27,14,42,37,31,9,0,0,0,0.0,2,4,4,8,0,551,298,59,195,29865,2816,1465,25584,SJS,Pacific,Western
2025-2026,20251128,28,LAK,5438,Kevin Fiala,ROSTER,29.0,"5'10""",193.0,Switzerland,St. Gallen,False,LW,23,9,7,16,3.04,0.3,0.39,0.7,13.0,14.5,3,2,5,7,0,0,0,2,0,0,5,1,1,20.0,-4,140,70,12.9,10,35,35,11,23,35,6,6,1,5,16.7,5,10,6,12,0,466,231,135,109,26427,6908,2772,17047,LAK,Pacific,Western
2025-2026,20251128,1,TBL,28530,Jack Finley,ROSTER,23.0,"6'6""",213.0,USA,"St. Louis, MO",True,C,9,1,1,2,0.67,0.11,0.11,0.22,6.5,5.8,0,0,0,0,0,0,0,1,0,0,0,0,0,0.0,1,10,6,16.7,1,0,4,15,3,0,0,96,44,52,45.8,2,4,2,4,0,133,83,28,23,4894,542,313,4039,TBL,Atlantic,Eastern
2025-2026,20251128,16,DET,142439,Emmitt Finnie,ROSTER,20.0,"6'1""",195.0,Canada,"Lethbridge, AB",True,C,24,5,6,11,1.71,0.25,0.21,0.46,30.5,0.0,1,1,2,3,0,0,0,1,0,0,0,0,0,0.0,2,64,41,12.2,15,7,16,46,25,25,11,18,6,12,33.3,0,0,6,12,0,492,416,53,28,23542,4530,495,18517,DET,Atlantic,Eastern
2025-2026,20251128,143,SEA,142280,Oscar Fisker Mølgaard,ROSTER,,,,,,False,C,2,0,1,1,0.5,0.5,0.0,0.5,0.4,0.0,0,0,0,0,0,0,0,0,0,0,0,0,0,0.0,1,2,1,0.0,0,0,1,1,1,1,1,7,5,2,71.4,0,0,0,0,0,19,19,0,0,720,64,29,627,SEA,Pacific,Western
2025-2026,20251128,143,SEA,17180,Cale Fleury,ROSTER,27.0,"6'1""",205.0,Canada,"Carlyle, SK",False,D,4,0,1,1,0.75,0.25,0.0,0.25,4.0,10.0,0,0,0,0,0,0,0,0,0,0,0,0,0,0.0,0,9,3,0.0,2,3,3,6,7,3,1,0,0,0,0.0,1,5,2,7,1,80,52,13,15,3534,453,0,3081,SEA,Pacific,Western
2025-2026,20251128,2,WPJ,5422,Haydn Fleury,ROSTER,29.0,"6'3""",208.0,Canada,"Regina, SK",False,D,15,0,0,0,0.73,0.0,0.0,0.0,31.4,8.7,0,0,0,0,0,0,0,0,0,0,0,0,0,0.0,-5,26,11,0.0,26,7,8,22,22,11,5,0,0,0,0.0,3,6,0,0,0,296,180,54,62,13382,1268,2126,9988,WPG,,
2025-2026,20251128,28,LAK,14151,Warren Foegele,ROSTER,29.0,"6'2""",198.0,Canada,"Markham, ON",False,LW,18,4,0,4,1.22,0.0,0.22,0.22,9.4,11.6,1,0,0,0,0,0,0,0,0,0,1,0,0,0.0,2,48,22,18.2,3,11,15,18,17,18,1,10,3,7,30.0,4,8,2,4,0,325,172,97,60,14804,2637,1320,10847,LAK,Pacific,Western
2025-2026,20251128,6,PHI,28514,Tyson Foerster,ROSTER,23.0,"6'2""",194.0,Canada,"Alliston, ON",True,RW,18,8,3,11,2.0,0.17,0.44,0.61,19.7,17.2,2,1,0,1,0,0,0,2,0,0,0,0,0,0.0,6,69,36,22.2,15,16,17,17,22,10,6,2,1,1,50.0,4,16,0,0,0,428,293,110,34,19400,3594,931,14875,PHI,Metropolitan,Eastern
2025-2026,20251128,25,MIN,5055,Marcus Foligno,ROSTER,34.0,"6'3""",224.0,USA,"Buffalo, NY",False,LW,23,0,2,2,0.91,0.09,0.0,0.09,48.2,43.1,0,0,0,0,0,0,0,0,0,0,0,0,0,0.0,-10,42,21,0.0,22,9,12,77,17,11,4,5,2,3,40.0,8,30,6,18,2,376,180,99,97,18101,4517,1604,11980,MIN,Central,Western
2025-2026,20251128,20,CHI,4278,Nick Foligno,ROSTER,38.0,"6'0""",208.0,USA,"Buffalo, NY",False,LW,15,0,6,6,1.07,0.4,0.0,0.4,25.0,28.7,0,0,1,1,0,0,0,0,0,0,0,0,0,0.0,2,28,16,0.0,11,5,7,41,6,7,1,164,85,79,51.8,5,16,4,14,2,308,157,60,88,12560,3656,441,8306,CHI,Central,Western
2025-2026,20251128,21,VAN,5813,Derek Forbort,INJURY_LIST,33.0,"6'4""",219.0,USA,"Duluth, MN",False,D,2,0,0,0,0.5,0.0,0.0,0.0,4.3,2.9,0,0,0,0,0,0,0,0,0,0,0,0,0,0.0,0,1,1,0.0,4,0,0,2,8,5,0,0,0,0,0.0,1,2,0,0,0,39,20,6,13,1672,304,40,1328,VAN,Pacific,Western
2025-2026,20251128,2,WPJ,79680,Parker Ford,ASSIGNED_TO_MINORS,25.0,"5'9""",181.0,USA,"Wakefield, RI",True,C,11,0,1,1,0.64,0.09,0.0,0.09,17.3,5.8,0,0,0,0,0,0,0,0,0,0,0,0,0,0.0,-2,20,7,0.0,11,5,8,20,15,1,2,65,29,36,44.6,2,4,1,2,0,152,124,19,9,6480,1622,265,4593,WPG,,
2025-2026,20251128,18,NSH,5210,Filip Forsberg,ROSTER,31.0,"6'1""",205.0,Sweden,Ostervala,False,LW,23,9,8,17,3.17,0.35,0.39,0.74,28.8,14.5,3,0,3,3,0,0,0,0,0,0,1,0,1,100.0,0,148,73,12.3,9,45,30,56,12,33,14,9,2,7,22.2,5,10,11,22,0,506,232,203,80,26393,5116,5822,15620,NSH,Central,Western
2025-2026,20251128,4,FLO,10072,Gustav Forsling,ROSTER,29.0,"6'0""",186.0,Sweden,Linkping,False,D,23,1,11,12,1.26,0.48,0.04,0.52,31.2,8.7,0,0,0,0,0,0,0,0,0,0,0,0,0,0.0,6,73,29,3.4,27,31,13,19,15,13,7,0,0,0,0.0,3,6,5,10,0,608,344,131,134,30426,4370,3051,23005,FLA,,
2025-2026,20251128,17,STL,4800,Cam Fowler,ROSTER,33.0,"6'2""",214.0,Canada,"Windsor, ON",False,D,24,1,10,11,1.46,0.42,0.04,0.46,24.0,5.8,0,0,6,6,0,1,1,0,0,0,0,0,0,0.0,-10,85,35,2.9,26,37,13,2,28,16,6,0,0,0,0.0,2,4,1,2,0,656,356,165,136,32500,6684,2126,23690,STL,Central,Western
2025-2026,20251128,9,NYR,17179,Adam Fox,ROSTER,27.0,"5'11""",181.0,USA,"Jericho, NY",False,D,25,3,19,22,1.96,0.76,0.12,0.88,42.3,14.5,1,1,5,6,0,1,1,1,0,0,0,0,0,0.0,3,138,49,6.1,41,62,28,15,40,30,17,0,0,0,0.0,5,10,4,8,0,657,342,207,91,36291,6988,3173,25193,NYR,Metropolitan,Eastern
2025-2026,20251128,5,WSH,120029,Ethan Frank,ROSTER,27.0,"5'11""",185.0,USA,"Papillion, NE",True,C,13,3,6,9,1.54,0.46,0.23,0.69,10.1,11.6,1,1,1,2,0,0,0,0,0,0,0,0,0,0.0,4,32,20,15.0,8,9,3,8,11,3,2,1,0,1,0.0,4,8,3,6,0,208,169,31,8,8527,2453,98,6099,WSH,Metropolitan,Eastern
2025-2026,20251128,24,EDM,9655,Trent Frederic,ROSTER,27.0,"6'2""",203.0,USA,"St. Louis, MO",False,C,25,2,0,2,1.12,0.0,0.08,0.08,32.3,33.0,0,0,0,0,0,0,0,1,0,0,0,0,0,0.0,-7,49,28,7.1,10,14,7,63,20,9,2,47,25,22,53.2,7,25,5,13,1,379,196,127,53,18051,3639,2131,12017,EDM,Pacific,Western
2025-2026,20251128,23,CGY,13642,Morgan Frost,ROSTER,26.0,"5'11""",170.0,Canada,"Barrie, ON",False,C,25,5,8,13,1.92,0.32,0.2,0.52,16.7,20.3,1,0,3,3,0,0,0,1,0,0,4,0,2,50.0,-2,82,48,10.4,12,19,15,16,8,12,4,333,181,152,54.4,7,14,2,4,0,498,246,131,128,24163,5277,2185,16920,CGY,Pacific,Western
2025-2026,20251128,4,FLO,13855,Jonah Gadjovich,ROSTER,27.0,"6'2""",200.0,Canada,"Whitby, ON",False,LW,10,0,3,3,0.8,0.3,0.0,0.3,13.8,12.9,0,0,0,0,0,0,0,0,0,0,0,0,0,0.0,2,12,8,0.0,3,4,0,30,10,3,3,0,0,0,0.0,2,7,1,5,1,112,78,30,4,4766,977,768,3021,FLA,,
2025-2026,20251128,14,MTL,5149,Brendan Gallagher,ROSTER,33.0,"5'9""",186.0,Canada,"Edmonton, AB",False,RW,22,1,9,10,1.59,0.41,0.05,0.45,10.3,14.5,0,1,2,3,0,0,0,0,0,0,0,0,0,0.0,0,65,35,2.9,2,17,13,23,19,12,4,3,3,0,100.0,5,10,5,10,0,384,210,97,78,17641,5096,1439,11106,MTL,Atlantic,Eastern
2025-2026,20251128,21,VAN,5718,Conor Garland,ROSTER,29.0,"5'10""",165.0,USA,"Scituate, MA",False,RW,20,6,8,14,2.55,0.4,0.3,0.7,13.4,18.7,2,1,4,5,0,0,0,1,0,0,1,0,0,0.0,1,95,51,11.8,10,18,26,12,31,27,7,17,5,12,29.4,4,11,5,13,1,461,192,106,169,24289,4208,1522,18559,VAN,Pacific,Western
2025-2026,20251128,8,NYI,53056,Marc Gatcomb,ASSIGNED_TO_MINORS,26.0,"6'2""",194.0,USA,"Woburn, MA",True,C,1,0,0,0,1.0,0.0,0.0,0.0,2.6,0.0,0,0,0,0,0,0,0,0,0,0,0,0,0,0.0,0,1,1,0.0,0,0,0,7,1,0,0,0,0,0,0.0,0,0,0,0,0,12,4,0,8,513,59,0,454,NYI,Metropolitan,Eastern
2025-2026,20251128,6,PHI,120274,Jacob Gaucher,ASSIGNED_TO_MINORS,24.0,"6'3""",185.0,Canada,"Longueuil, QC",True,C,3,0,0,0,1.0,0.0,0.0,0.0,1.6,0.0,0,0,0,0,0,0,0,0,0,0,0,0,0,0.0,-1,4,3,0.0,1,0,1,2,1,2,0,19,9,10,47.4,0,0,1,2,0,38,28,2,8,1578,205,120,1253,PHI,Metropolitan,Eastern
2025-2026,20251128,26,SJS,5737,Adam Gaudette,ROSTER,29.0,"6'1""",170.0,USA,"Braintree, MA",False,RW,20,5,1,6,1.3,0.05,0.25,0.3,11.0,17.4,1,1,0,1,0,0,0,1,0,0,0,0,0,0.0,-5,48,26,19.2,4,13,9,20,15,7,4,72,35,37,48.6,6,12,2,4,0,317,167,78,77,14046,2212,756,11078,SJS,Pacific,Western
2025-2026,20251128,143,SEA,10097,Frederick Gaudreau,ROSTER,32.0,"6'0""",179.0,Canada,"Granby, QC",False,C,10,0,2,2,0.7,0.2,0.0,0.2,8.1,2.9,0,0,0,0,0,0,0,0,0,0,1,0,1,100.0,-1,19,7,0.0,7,5,7,5,5,7,4,121,43,78,35.5,1,2,1,2,0,215,93,53,70,8782,2288,622,5993,SEA,Pacific,Western
2025-2026,20251128,19,CBJ,5847,Brendan Gaunce,ROSTER,31.0,"6'2""",217.0,Canada,"Sudbury, ON",False,C,3,0,1,1,1.0,0.33,0.0,0.33,5.4,5.8,0,0,0,0,0,0,0,0,0,0,0,0,0,0.0,-1,5,3,0.0,4,0,2,5,1,0,1,15,10,5,66.7,2,4,1,2,0,48,23,11,14,2086,687,227,1172,CBJ,Metropolitan,Eastern
2025-2026,20251128,29,ANA,56588,Cutter Gauthier,ROSTER,21.0,"6'3""",200.0,,"Skellefteå, Sweden",False,LW,23,14,14,28,4.26,0.61,0.61,1.22,13.5,17.4,4,3,3,6,0,0,0,2,0,1,0,0,0,0.0,14,173,98,14.3,8,34,40,17,23,20,7,34,14,20,41.2,6,12,4,8,0,520,322,53,160,24848,2627,320,21869,ANA,Pacific,Western
2025-2026,20251128,9,NYR,5754,Vladislav Gavrikov,ROSTER,30.0,"6'3""",213.0,Russia,Yaroslavl,True,D,25,3,7,10,1.36,0.28,0.12,0.4,39.3,23.2,1,0,0,0,0,0,0,0,0,0,0,0,0,0.0,8,96,34,8.8,41,45,17,7,29,26,5,0,0,0,0.0,8,16,3,6,0,669,327,127,200,34698,3153,1955,28806,NYR,Metropolitan,Eastern
2025-2026,20251128,1,TBL,43380,Conor Geekie,ASSIGNED_TO_MINORS,21.0,"6'3""",196.0,Canada,"Strathclair, MB",True,C,6,0,1,1,0.83,0.17,0.0,0.17,10.0,5.8,0,0,0,0,0,0,0,0,0,0,0,0,0,0.0,0,12,5,0.0,5,3,4,15,7,5,0,21,8,13,38.1,2,4,1,2,0,88,69,18,1,3609,818,167,2624,TBL,Atlantic,Eastern
2025-2026,20251128,11,BOS,17978,Morgan Geekie,ROSTER,27.0,"6'3""",202.0,Canada,"Strathclair, MB",False,C,25,17,6,23,2.64,0.24,0.68,0.92,26.0,14.5,5,4,3,7,0,0,0,2,0,1,0,0,0,0.0,-7,105,66,25.8,10,20,19,46,32,16,6,88,39,49,44.3,5,10,12,24,0,490,267,176,64,26570,6524,4254,15792,BOS,Atlantic,Eastern
2025-2026,20251128,15,BUF,18139,Mason Geertsen,UNDRAFTED,30.0,"6'4""",205.0,Canada,"Drayton Valley, AB",False,LW,5,0,0,0,0.2,0.0,0.0,0.0,3.0,11.4,0,0,0,0,0,0,0,0,0,0,0,0,0,0.0,-1,2,1,0.0,0,1,0,8,5,0,0,0,0,0,0.0,2,12,0,0,0,34,22,4,8,1236,240,71,925,BUF,Atlantic,Eastern
2025-2026,20251128,26,SJS,51603,Patrick Giles,ROSTER,25.0,"6'4""",201.0,USA,"Chevy Chase, MD",True,RW,3,0,1,1,0.67,0.33,0.0,0.33,2.9,0.0,0,0,0,0,0,0,0,0,0,0,0,0,0,0.0,1,5,2,0.0,2,3,0,3,3,1,0,15,9,6,60.0,0,0,0,0,0,38,21,12,5,1596,255,30,1311,SJS,Pacific,Western
2025-2026,20251128,6,PHI,14573,Adam Ginning,ASSIGNED_TO_MINORS,25.0,"6'4""",206.0,Sweden,Linköping,True,D,5,0,0,0,0.4,0.0,0.0,0.0,6.0,0.0,0,0,0,0,0,0,0,0,0,0,0,0,0,0.0,0,9,2,0.0,5,4,3,4,6,5,0,0,0,0,0.0,0,0,0,0,0,101,65,8,28,4602,418,47,4137,PHI,Metropolitan,Eastern
2025-2026,20251128,22,COL,13692,Samuel Girard,ROSTER,27.0,"5'10""",170.0,Canada,"Roberval, QC",False,D,8,0,2,2,0.62,0.25,0.0,0.25,7.8,2.9,0,0,0,0,0,0,0,0,0,0,0,0,0,0.0,6,23,5,0.0,7,12,6,4,12,6,2,0,0,0,0.0,1,2,0,0,0,176,103,23,50,8238,1235,567,6436,COL,Central,Western
2025-2026,20251128,1,TBL,5254,Zemgus Girgensons,ROSTER,31.0,"6'2""",211.0,Latvia,Riga,False,C,16,5,1,6,1.0,0.06,0.31,0.38,30.5,8.7,1,0,0,0,0,0,0,0,0,0,0,0,0,0.0,-2,32,16,31.2,15,10,6,46,20,12,1,64,27,37,42.2,3,6,0,0,0,338,160,114,69,14467,3646,996,9825,TBL,Atlantic,Eastern
2025-2026,20251128,13,OTT,4394,Claude Giroux,ROSTER,37.0,"5'11""",185.0,Canada,"Hearst, ON",False,RW,23,4,12,16,1.87,0.52,0.17,0.7,11.4,8.7,1,1,4,5,0,0,0,1,0,0,0,0,0,0.0,4,70,43,9.3,4,12,15,21,6,21,6,193,137,56,71.0,3,6,2,4,0,571,284,132,159,23715,7537,1150,15028,OTT,Atlantic,Eastern
2025-2026,20251128,7,NJD,13621,Cody Glass,ROSTER,26.0,"6'2""",192.0,Canada,"Winnipeg, MB",False,C,12,4,0,4,1.83,0.0,0.33,0.33,6.9,8.7,1,1,0,1,0,0,0,0,0,0,0,0,0,0.0,0,29,22,18.2,6,3,4,4,10,10,0,115,58,57,50.4,3,6,4,8,0,207,108,53,50,8580,1231,348,7001,NJD,Metropolitan,Eastern
2025-2026,20251128,7,NJD,5268,Luke Glendening,ROSTER,36.0,"5'11""",191.0,USA,"Grand Rapids, MI",False,C,23,0,3,3,0.61,0.13,0.0,0.13,26.9,2.9,0,0,0,0,0,1,1,0,0,0,0,0,0,0.0,-4,27,14,0.0,18,6,7,29,21,6,2,265,143,122,54.0,1,2,0,0,0,381,166,130,83,14222,2615,1225,10326,NJD,Metropolitan,Eastern
2025-2026,20251128,1,TBL,28531,Gage Goncalves,ROSTER,24.0,"6'0""",165.0,Canada,"Mission, BC",True,C,23,1,4,5,0.65,0.17,0.04,0.22,21.5,5.8,0,0,1,1,0,0,0,0,0,0,0,0,0,0.0,4,40,15,6.7,12,12,13,29,26,21,5,9,3,6,33.3,2,4,5,10,0,379,245,71,65,17591,2871,434,14285,TBL,Atlantic,Eastern
2025-2026,20251128,26,SJS,5476,Barclay Goodrow,ROSTER,32.0,"6'2""",215.0,Canada,"Aurora, ON",False,C,24,1,2,3,0.92,0.08,0.04,0.12,32.1,8.7,0,0,0,0,0,0,0,0,0,0,0,0,0,0.0,-7,37,22,4.5,21,8,7,36,14,9,3,12,5,7,41.7,3,6,2,4,0,404,182,110,113,17505,2972,1782,12751,SJS,Pacific,Western
2025-2026,20251128,3,CAR,5440,Shayne Gostisbehere,ROSTER,32.0,"5'11""",180.0,USA,"Margate, FL",False,D,14,3,13,16,2.0,0.93,0.21,1.14,15.5,5.8,1,2,2,4,0,0,0,0,0,0,0,0,0,0.0,7,68,28,10.7,14,26,14,8,13,17,3,0,0,0,0.0,2,4,2,4,0,319,176,65,82,15800,3689,1015,11060,CAR,Metropolitan,Eastern
2025-2026,20251128,1,TBL,5890,Yanni Gourde,ROSTER,33.0,"5'9""",173.0,Canada,"Saint-Narcisse, QC",False,C,23,3,4,7,1.57,0.17,0.13,0.3,22.2,21.7,1,0,0,0,0,0,0,0,0,0,0,0,0,0.0,2,56,36,8.3,12,8,12,31,30,22,5,222,95,127,42.8,7,16,5,10,0,496,233,118,148,22294,4745,1708,15841,TBL,Atlantic,Eastern
2025-2026,20251128,26,SJS,133812,Collin Graf,ROSTER,23.0,"6'0""",180.0,USA,"Lincoln, MA",True,RW,23,3,7,10,0.78,0.3,0.13,0.43,23.2,0.0,1,0,0,0,1,1,2,1,0,1,0,0,0,0.0,0,44,18,16.7,18,17,9,19,14,11,6,6,3,3,50.0,0,0,5,10,0,447,332,30,88,21391,2349,48,18994,SJS,Pacific,Western
2025-2026,20251128,29,ANA,5126,Mikael Granlund,ROSTER,33.0,"5'10""",185.0,Finland,Oulu,False,C,9,3,6,9,2.33,0.67,0.33,1.0,3.8,5.8,1,1,1,2,0,0,0,0,0,0,0,0,0,0.0,3,37,21,14.3,3,5,11,3,8,7,3,142,75,67,52.8,2,4,4,8,0,192,92,56,48,9246,2808,410,6061,ANA,Pacific,Western
2025-2026,20251128,10,PIT,15450,Ryan Graves,ROSTER,30.0,"6'5""",220.0,Canada,"Yarmouth, NS",False,D,8,1,0,1,1.12,0.0,0.12,0.12,16.6,5.8,0,0,0,0,0,0,0,0,0,0,0,0,0,0.0,1,21,9,11.1,16,10,2,6,11,6,0,0,0,0,0.0,2,4,1,2,0,151,89,33,30,7667,1242,1006,5419,PIT,Metropolitan,Eastern
2025-2026,20251128,6,PHI,56677,Nikita Grebenkin,ROSTER,22.0,"6'2""",183.0,Russia,Serov,False,RW,13,1,2,3,0.46,0.15,0.08,0.23,10.5,24.3,0,0,0,0,0,0,0,0,0,0,0,0,0,0.0,-3,16,6,16.7,3,7,3,21,24,10,3,2,2,0,100.0,4,19,3,9,1,171,139,21,12,7562,1001,116,6445,PHI,Metropolitan,Eastern
2025-2026,20251128,20,CHI,56365,Ryan Greene,ROSTER,22.0,"6'1""",179.0,Canada,"Paradise, NL and Labrador",False,C,23,2,4,6,0.91,0.17,0.09,0.26,9.4,2.9,0,0,0,0,0,0,0,0,0,0,0,0,0,0.0,4,37,21,9.5,6,8,8,11,9,11,6,197,87,110,44.2,1,2,2,4,0,492,285,51,155,21382,1944,177,18989,CHI,Central,Western
2025-2026,20251128,15,BUF,14152,Jordan Greenway,ROSTER,28.0,"6'6""",225.0,USA,"Canton, NY",False,LW,11,1,2,3,1.0,0.18,0.09,0.27,9.3,21.6,0,0,0,0,0,0,0,0,0,0,0,0,0,0.0,-7,23,11,9.1,5,6,6,13,6,5,1,13,8,5,61.5,5,13,4,11,1,236,105,27,105,9642,1556,169,7917,BUF,Atlantic,Eastern
2025-2026,20251128,4,FLO,5634,Anthony-John Greer,ROSTER,28.0,"6'3""",204.0,Canada,"Joliette, QC",False,LW,23,6,3,9,1.13,0.13,0.26,0.39,33.1,58.9,2,0,0,0,0,0,0,0,0,0,0,0,0,0.0,6,42,26,23.1,8,6,10,70,21,13,1,8,2,6,25.0,11,39,11,31,3,323,172,72,84,13913,2262,781,10870,FLA,,
2025-2026,20251128,4,FLO,15118,Noah Gregor,ROSTER,27.0,"6'0""",185.0,Canada,"Beaumont, AB",False,LW,10,0,1,1,1.2,0.1,0.0,0.1,6.2,2.9,0,0,0,0,0,0,0,0,0,0,0,0,0,0.0,-1,21,12,0.0,2,3,6,12,6,4,0,18,7,11,38.9,1,2,0,0,0,122,68,23,31,5155,703,210,4242,FLA,,
2025-2026,20251128,13,OTT,28535,Ridly Greig,ROSTER,23.0,"6'0""",181.0,Canada,"Lethbridge, AB",True,C,19,2,6,8,1.58,0.32,0.11,0.42,20.9,27.5,0,0,2,2,0,0,0,0,0,0,0,0,0,0.0,-1,55,30,6.7,13,14,11,25,33,10,5,121,70,51,57.9,9,20,7,14,0,465,271,76,120,19629,3244,732,15653,OTT,Atlantic,Eastern
2025-2026,20251128,23,CGY,142358,Matvei Gridin,ASSIGNED_TO_MINORS,,,,,,False,RW,4,1,0,1,2.25,0.0,0.25,0.25,3.1,0.0,0,0,0,0,0,0,0,0,0,0,1,0,0,0.0,-3,15,9,11.1,3,4,2,1,4,6,2,4,0,4,0.0,0,0,0,0,0,76,68,8,1,3532,574,41,2917,CGY,Pacific,Western
2025-2026,20251128,7,NJD,56524,Arseni Gritsyuk,ROSTER,24.0,"5'10""",168.0,Russia,Krasnoyarsk,False,RW,23,4,6,10,2.26,0.26,0.17,0.43,15.0,14.5,1,2,1,3,0,0,0,0,0,0,1,0,0,0.0,-5,93,52,7.7,6,18,23,26,29,11,8,8,4,4,50.0,5,10,3,6,0,432,295,81,59,20387,2501,947,16880,NJD,Metropolitan,Eastern
2025-2026,20251128,6,PHI,15134,Carl Grundstrom,ASSIGNED_TO_MINORS,27.0,"6'0""",201.0,Sweden,Umeå,False,RW,1,0,0,0,0.0,0.0,0.0,0.0,1.6,0.0,0,0,0,0,0,0,0,0,0,0,0,0,0,0.0,0,1,0,0.0,1,0,1,2,3,1,0,0,0,0,0.0,0,0,0,0,0,15,7,4,4,617,113,108,396,PHI,Metropolitan,Eastern
2025-2026,20251128,20,CHI,11572,Matt Grzelcyk,ROSTER,31.0,"5'9""",174.0,USA,"Charlestown, MA",False,D,23,0,4,4,1.35,0.17,0.0,0.17,20.7,11.4,0,0,0,0,0,0,0,0,0,0,0,0,0,0.0,7,60,31,0.0,19,12,17,10,27,20,6,0,0,0,0.0,2,12,1,2,0,476,247,98,129,21543,4191,1340,15768,CHI,Central,Western
2025-2026,20251128,29,ANA,5185,Radko Gudas,ROSTER,35.0,"6'0""",205.0,Czech Republic,Prague,False,D,12,1,2,3,1.67,0.17,0.08,0.25,36.2,12.9,0,0,0,0,0,0,0,0,0,0,0,0,0,0.0,-3,44,20,5.0,23,13,11,42,21,12,4,0,0,0,0.0,2,7,2,7,1,250,147,34,71,11305,2130,708,8434,ANA,Pacific,Western
2025-2026,20251128,19,CBJ,4988,Erik Gudbranson,ROSTER,33.0,"6'5""",217.0,Canada,"Ottawa, ON",False,D,4,0,0,0,0.75,0.0,0.0,0.0,2.7,8.7,0,0,0,0,0,0,0,0,0,0,0,0,0,0.0,-2,7,3,0.0,1,3,1,5,4,3,1,0,0,0,0.0,3,6,0,0,0,75,36,8,28,3562,700,350,2303,CBJ,Metropolitan,Eastern
2025-2026,20251128,30,UTA,33436,Dylan Guenther,ROSTER,22.0,"6'2""",175.0,Canada,"Edmonton, AB",True,RW,24,9,9,18,3.38,0.38,0.38,0.75,15.5,8.7,3,2,2,4,0,0,0,4,0,2,0,0,0,0.0,2,151,81,11.1,7,30,40,25,33,26,5,23,10,13,43.5,3,6,6,12,0,502,314,62,135,25203,4468,565,20170,UTA,Central,Western
2025-2026,20251128,1,TBL,11327,Jake Guentzel,ROSTER,31.0,"5'11""",180.0,USA,"Omaha, NE",False,C,23,12,12,24,2.83,0.52,0.52,1.04,17.1,8.7,4,3,3,6,1,0,1,2,0,1,0,0,0,0.0,5,105,65,18.5,15,16,24,10,17,17,8,105,56,49,53.3,3,6,6,12,0,535,263,150,134,28666,7681,3478,17470,TBL,Atlantic,Eastern
2025-2026,20251128,14,MTL,28518,Kaiden Guhle,ROSTER,23.0,"6'2""",205.0,Canada,"Sherwood Park, AB",True,D,5,1,1,2,1.4,0.2,0.2,0.4,10.4,12.9,0,0,0,0,0,0,0,1,0,0,0,0,0,0.0,1,13,7,14.3,5,5,1,16,12,7,3,0,0,0,0.0,2,7,3,9,1,103,63,14,28,5772,629,59,5084,MTL,Atlantic,Eastern
2025-2026,20251128,16,DET,4963,Erik Gustafsson,ROSTER,33.0,"6'0""",197.0,Sweden,Nynashamn,False,D,1,0,0,0,2.0,0.0,0.0,0.0,1.3,0.0,0,0,0,0,0,0,0,0,0,0,0,0,0,0.0,-1,2,2,0.0,1,0,0,1,1,1,1,0,0,0,0.0,0,0,0,0,0,21,12,5,4,1043,308,44,691,DET,Atlantic,Eastern
2025-2026,20251128,1,TBL,17379,Brandon Hagel,ROSTER,27.0,"6'0""",175.0,Canada,"Saskatoon, SK",True,LW,22,12,12,24,2.95,0.55,0.55,1.09,16.5,17.4,4,1,2,3,1,0,1,3,0,0,0,0,0,0.0,12,136,65,18.5,13,26,45,13,32,26,9,29,13,16,44.8,6,12,12,24,0,526,290,163,86,25723,6226,3193,16332,TBL,Atlantic,Eastern
2025-2026,20251128,18,NSH,14446,Nicolas Hague,ROSTER,26.0,"6'6""",221.0,Canada,"Kitchener, ON",False,D,15,1,2,3,0.73,0.13,0.07,0.2,18.6,8.7,0,0,0,0,0,0,0,0,0,0,0,0,0,0.0,-8,38,11,9.1,10,18,9,26,24,13,5,0,0,0,0.0,3,6,0,0,0,358,205,51,103,17802,2214,985,14603,NSH,Central,Western
2025-2026,20251128,25,MIN,53028,Hunter Haight,ROSTER,21.0,"5'11""",174.0,Canada,"Strathroy, ON",True,C,2,0,0,0,0.0,0.0,0.0,0.0,0.7,0.0,0,0,0,0,0,0,0,0,0,0,0,0,0,0.0,-2,0,0,0.0,0,0,0,2,4,0,0,16,7,9,43.8,0,0,0,0,0,24,16,0,8,1124,111,0,1013,MIN,Central,Western
2025-2026,20251128,3,CAR,4846,Taylor Hall,ROSTER,34.0,"6'1""",205.0,Canada,"Calgary, AB",False,LW,23,5,7,12,1.61,0.3,0.22,0.52,12.0,14.5,1,0,0,0,0,0,0,0,0,0,1,0,0,0.0,7,81,37,13.5,8,24,20,13,43,20,8,16,5,11,31.2,5,10,7,14,0,402,207,108,92,19593,5782,748,13063,CAR,Metropolitan,Eastern
2025-2026,20251128,10,PIT,14581,Filip Hallander,ROSTER,25.0,"6'2""",188.0,Sweden,Sundsvall,True,C,13,1,3,4,1.69,0.23,0.08,0.31,5.6,2.9,0,0,0,0,1,0,1,1,0,0,0,0,0,0.0,4,47,22,4.5,5,13,12,3,11,12,2,2,0,2,0.0,1,2,3,6,0,234,140,56,39,10251,2053,813,7385,PIT,Metropolitan,Eastern
2025-2026,20251128,13,OTT,56572,Stephen Halliday,ROSTER,23.0,"6'3""",213.0,Canada,"Toronto, ON",False,C,4,0,1,1,1.0,0.25,0.0,0.25,2.0,0.0,0,0,1,1,0,0,0,0,0,0,0,0,0,0.0,-1,4,4,0.0,1,0,0,3,5,2,0,11,4,7,36.4,0,0,1,2,0,41,30,6,5,1547,466,0,1081,OTT,Atlantic,Eastern
2025-2026,20251128,7,NJD,53065,Brian Halonen,ROSTER,26.0,"6'0""",205.0,USA,"Delano, MN",True,LW,9,1,0,1,0.44,0.0,0.11,0.11,8.5,10.0,0,0,0,0,0,0,0,1,0,0,0,0,0,0.0,-1,11,4,25.0,2,3,4,18,9,2,2,0,0,0,0.0,1,5,1,5,1,96,80,16,1,4051,1215,211,2625,NJD,Metropolitan,Eastern
2025-2026,20251128,7,NJD,4994,Dougie Hamilton,ROSTER,32.0,"6'6""",229.0,Canada,"Toronto, ON",False,D,19,4,4,8,2.53,0.21,0.21,0.42,27.6,18.8,1,2,2,4,0,0,0,1,0,0,0,0,0,0.0,-1,108,48,8.3,23,34,26,19,22,29,2,0,0,0,0.0,6,14,1,2,0,480,251,68,165,24024,5796,963,17265,NJD,Metropolitan,Eastern
2025-2026,20251128,16,DET,4915,Travis Hamonic,ROSTER,35.0,"6'2""",205.0,Canada,"St. Malo, MB",False,D,15,0,1,1,1.0,0.07,0.0,0.07,23.1,28.7,0,0,0,0,0,0,0,0,0,0,0,0,0,0.0,-10,30,15,0.0,20,12,3,14,19,11,3,0,0,0,0.0,5,16,2,10,2,316,178,47,91,12988,2546,747,9695,DET,Atlantic,Eastern
2025-2026,20251128,142,VGK,5600,Noah Hanifin,ROSTER,28.0,"6'3""",215.0,USA,"Boston, MA",False,D,13,1,3,4,2.69,0.23,0.08,0.31,23.6,2.9,0,0,1,1,0,0,0,0,0,0,0,0,0,0.0,-7,78,35,2.9,23,24,19,8,28,12,7,0,0,0,0.0,1,2,1,2,0,375,192,87,97,18132,2008,1417,14707,VGK,Pacific,Western
2025-2026,20251128,23,CGY,8966,Joel Hanley,ROSTER,34.0,"5'11""",190.0,Canada,"Keswick, ON",False,D,22,0,3,3,0.73,0.14,0.0,0.14,35.1,21.6,0,0,0,0,0,0,0,0,0,0,0,0,0,0.0,-3,50,16,0.0,33,20,14,15,51,21,4,0,0,0,0.0,5,13,1,5,1,566,302,108,156,21465,2657,2095,16713,CGY,Pacific,Western
2025-2026,20251128,29,ANA,14456,Jansen Harkins,ROSTER,28.0,"6'1""",183.0,USA,"North Vancouver, BC, Canada",True,C,13,2,0,2,0.62,0.0,0.15,0.15,23.5,8.7,0,0,0,0,0,0,0,0,0,0,0,0,0,0.0,-2,17,8,25.0,8,5,4,44,7,4,2,85,45,40,52.9,3,6,4,8,0,177,99,54,26,6985,1109,606,5270,ANA,Pacific,Western
2025-2026,20251128,27,DAL,20433,Thomas Harley,ROSTER,24.0,"6'3""",188.0,USA,"Syracuse, NY",True,D,18,1,9,10,1.17,0.5,0.06,0.56,41.8,11.6,0,0,3,3,0,0,0,0,0,0,0,0,0,0.0,-7,66,21,4.8,43,33,12,9,32,26,7,0,0,0,0.0,4,8,2,4,0,444,279,97,64,24824,3915,1502,19137,DAL,Central,Western
2025-2026,20251128,11,BOS,38615,Jordan Harris,ROSTER,25.0,"5'11""",189.0,USA,"Haverhill, MA",True,D,5,1,1,2,1.8,0.2,0.2,0.4,4.2,0.0,0,0,0,0,0,0,0,0,0,0,0,0,0,0.0,0,12,9,11.1,3,1,2,4,15,5,1,0,0,0,0.0,0,0,0,0,0,106,72,18,17,4689,1056,345,3288,BOS,Atlantic,Eastern
2025-2026,20251128,25,MIN,5522,Ryan Hartman,ROSTER,31.0,"6'0""",189.0,USA,"Hilton Head Island, SC",False,RW,20,4,3,7,2.05,0.15,0.2,0.35,24.1,8.7,1,1,0,1,0,0,0,1,0,0,0,0,0,0.0,-4,91,41,9.8,19,22,28,19,22,13,9,255,112,143,43.9,3,6,7,14,0,340,165,137,42,19178,3480,2966,12732,MIN,Central,Western
2025-2026,20251128,6,PHI,5926,Garnet Hathaway,ROSTER,34.0,"6'3""",210.0,USA,"Naples, FL",False,RW,22,0,0,0,0.41,0.0,0.0,0.0,42.2,30.3,0,0,0,0,0,0,0,0,0,0,0,0,0,0.0,-7,19,9,0.0,14,4,6,80,25,8,1,5,4,1,80.0,8,19,9,21,1,326,171,58,97,13267,2159,675,10433,PHI,Metropolitan,Eastern
2025-2026,20251128,18,NSH,5301,Erik Haula,ROSTER,34.0,"6'0""",193.0,Finland,Pori,False,LW,23,4,9,13,1.35,0.39,0.17,0.57,22.4,26.1,1,1,4,5,0,0,0,0,0,0,1,0,1,100.0,-8,65,31,12.9,11,18,16,34,19,16,7,252,131,121,52.0,9,18,2,4,0,499,221,150,133,22328,5409,1393,15684,NSH,Central,Western
2025-2026,20251128,143,SEA,12273,John Hayden,ASSIGNED_TO_MINORS,30.0,"6'3""",215.0,USA,"Chicago, IL",False,C,3,0,0,0,0.67,0.0,0.0,0.0,4.4,2.9,0,0,0,0,0,0,0,0,0,0,0,0,0,0.0,-1,5,2,0.0,2,2,1,7,0,2,1,15,6,9,40.0,1,2,0,0,0,42,19,11,12,1814,490,44,1280,SEA,Pacific,Western
2025-2026,20251128,10,PIT,5461,Kevin Hayes,ROSTER,33.0,"6'5""",216.0,USA,"Boston, MA",False,RW,7,1,1,2,1.57,0.14,0.14,0.29,4.8,0.0,0,0,0,0,0,0,0,1,0,0,0,0,0,0.0,2,17,11,9.1,2,3,3,8,3,6,0,28,11,17,39.3,0,0,0,0,0,114,62,43,10,5532,1103,545,3884,PIT,Metropolitan,Eastern
2025-2026,20251128,30,UTA,14528,Barrett Hayton,ROSTER,25.0,"6'1""",190.0,Canada,"Kitchener, ON",False,C,22,3,2,5,1.5,0.09,0.14,0.23,10.2,20.1,1,1,0,1,0,0,0,0,0,0,0,0,0,0.0,1,59,33,9.1,11,10,16,1,18,14,5,249,122,127,49.0,5,18,7,14,0,463,277,133,56,20788,3742,1796,15250,UTA,Central,Western
2025-2026,20251128,1,TBL,4685,Victor Hedman,ROSTER,34.0,"6'6""",229.0,Sweden,Ornskoldsvik,False,D,15,0,12,12,1.53,0.8,0.0,0.8,27.7,5.8,0,0,6,6,0,0,0,0,0,0,0,0,0,0.0,1,73,23,0.0,28,26,24,7,10,25,5,0,0,0,0.0,2,4,5,10,0,392,215,58,119,20336,6813,1204,12319,TBL,Atlantic,Eastern
2025-2026,20251128,8,NYI,30049,Emil Heineman,ROSTER,24.0,"6'1""",185.0,Sweden,Leksand,True,LW,24,9,6,15,1.92,0.25,0.38,0.62,43.5,17.4,3,1,0,1,0,0,0,0,0,0,0,0,0,0.0,4,91,46,19.6,13,20,25,86,43,12,4,4,3,1,75.0,6,12,1,2,0,474,354,82,47,21658,3853,715,17090,NYI,Metropolitan,Eastern
2025-2026,20251128,10,PIT,10076,Danton Heinen,ROSTER,30.0,"6'1""",188.0,Canada,"Langley, BC",False,LW,7,0,1,1,1.29,0.14,0.0,0.14,8.9,2.9,0,0,0,0,0,0,0,0,0,0,0,0,0,0.0,0,19,9,0.0,7,4,6,7,3,1,0,5,2,3,40.0,1,2,0,0,0,115,56,33,26,5105,848,661,3596,PIT,Metropolitan,Eastern
2025-2026,20251128,27,DAL,13618,Miro Heiskanen,ROSTER,26.0,"6'1""",190.0,Finland,Espoo,False,D,24,3,17,20,2.25,0.71,0.12,0.83,37.3,8.7,1,1,7,8,0,0,0,1,0,0,0,0,0,0.0,1,100,54,5.6,40,29,17,4,55,27,17,0,0,0,0.0,3,6,8,16,0,612,340,187,81,37272,8074,3445,25440,DAL,Central,Western
2025-2026,20251128,28,LAK,37992,Samuel Helenius,ROSTER,23.0,"6'6""",201.0,Finland,Järvenpää,True,C,3,0,0,0,0.67,0.0,0.0,0.0,4.6,0.0,0,0,0,0,0,0,0,0,0,0,0,0,0,0.0,-1,3,2,0.0,1,0,1,10,2,1,0,13,3,10,23.1,0,0,0,0,0,30,28,0,2,1305,106,47,1152,LAK,Pacific,Western
2025-2026,20251128,29,ANA,38013,Drew Helleson,ROSTER,24.0,"6'3""",205.0,USA,"Farmington, MN",True,D,23,2,7,9,0.96,0.3,0.09,0.39,39.6,8.7,0,0,0,0,0,2,2,0,0,0,0,0,0,0.0,0,63,22,9.1,33,32,9,27,44,18,9,0,0,0,0.0,3,6,2,4,0,578,236,61,283,26013,1765,436,23812,ANA,Pacific,Western
2025-2026,20251128,24,EDM,4983,Adam Henrique,ROSTER,35.0,"6'0""",195.0,Canada,"Brantford, ON",False,C,25,2,5,7,1.6,0.2,0.08,0.28,36.0,8.7,0,0,1,1,0,0,0,0,0,0,0,0,0,0.0,-6,74,40,5.0,34,17,17,15,11,19,6,245,138,107,56.3,3,6,1,2,0,483,252,108,118,21621,6368,749,14249,EDM,Pacific,Western
2025-2026,20251128,142,VGK,5255,Tomas Hertl,ROSTER,32.0,"6'2""",215.0,Czech Republic,Prague,False,C,23,9,9,18,2.74,0.39,0.39,0.78,18.6,11.6,3,4,3,7,0,0,0,1,0,0,0,0,0,0.0,-1,116,63,14.3,10,26,27,26,20,16,8,369,222,147,60.2,4,8,6,14,0,464,202,136,135,24759,7114,1680,15870,VGK,Pacific,Western
2025-2026,20251128,25,MIN,5841,Vincent Hinostroza,ROSTER,31.0,"5'9""",173.0,USA,"Chicago, IL",False,C,22,2,3,5,1.0,0.14,0.09,0.23,12.8,5.8,0,0,1,1,0,0,0,1,0,0,0,0,0,0.0,-5,48,22,9.1,6,13,13,20,21,16,8,23,11,12,47.8,2,4,5,12,0,295,129,101,67,14989,3596,1286,10107,MIN,Central,Western
2025-2026,20251128,27,DAL,5643,Roope Hintz,ROSTER,29.0,"6'3""",220.0,Finland,Tampere,False,C,19,7,12,19,2.79,0.63,0.37,1.0,12.7,5.8,2,2,7,9,0,0,0,1,0,1,1,0,0,0.0,6,79,53,13.2,8,8,18,15,10,18,1,270,157,113,58.1,2,4,4,8,0,447,198,126,130,20597,4533,1424,14640,DAL,Central,Western
2025-2026,20251128,7,NJD,13616,Nico Hischier,ROSTER,26.0,"6'1""",175.0,Switzerland,Naters,False,C,23,8,13,21,2.3,0.57,0.35,0.91,30.8,8.7,2,1,4,5,0,0,0,0,0,0,0,0,0,0.0,8,108,53,15.1,27,30,25,18,13,21,9,466,245,221,52.6,3,6,5,10,0,573,276,148,155,28877,5063,2002,21719,NJD,Metropolitan,Eastern
2025-2026,20251128,13,OTT,38443,Hayden Hodgson,ROSTER,29.0,"6'2""",207.0,Canada,"Windsor, ON",True,RW,7,0,0,0,0.29,0.0,0.0,0.0,7.4,15.8,0,0,0,0,0,0,0,0,0,0,0,0,0,0.0,0,8,2,0.0,0,1,5,20,5,3,0,0,0,0,0.0,3,9,2,7,1,74,51,14,9,2842,457,121,2264,OTT,Atlantic,Eastern
2025-2026,20251128,17,STL,30060,Dylan Holloway,ROSTER,24.0,"6'1""",203.0,Canada,"Calgary, AB",True,LW,24,6,5,11,2.0,0.21,0.25,0.46,38.0,5.8,2,1,1,2,0,0,0,0,0,0,1,1,0,0.0,-9,103,48,12.5,16,42,13,64,34,16,4,14,9,5,64.3,2,4,4,8,0,511,339,115,63,26100,5426,2309,18365,STL,Central,Western
2025-2026,20251128,1,TBL,39074,Pontus Holmberg,ROSTER,26.0,"5'10""",175.0,Sweden,Västerås,True,RW,16,1,5,6,1.06,0.31,0.06,0.38,14.2,14.5,0,0,0,0,0,0,0,1,0,0,0,0,0,0.0,2,34,17,5.9,8,8,9,19,22,8,3,35,11,24,31.4,5,10,7,14,0,285,165,80,41,11732,2168,751,8813,TBL,Atlantic,Eastern
2025-2026,20251128,8,NYI,18114,Simon Holmstrom,ROSTER,24.0,"6'0""",193.0,Sweden,Tranas,False,RW,23,4,5,9,1.0,0.22,0.17,0.39,23.3,11.6,1,0,0,0,1,1,2,1,0,0,3,1,1,33.33,-6,51,23,17.4,24,12,16,5,18,14,4,4,2,2,50.0,4,8,6,12,0,480,289,93,103,21150,3187,1441,16597,NYI,Metropolitan,Eastern
2025-2026,20251128,142,VGK,30063,Alexander Holtz,ROSTER,23.0,"6'0""",192.0,Sweden,Stockholm,True,RW,7,0,0,0,1.71,0.0,0.0,0.0,3.4,7.2,0,0,0,0,0,0,0,0,0,0,0,0,0,0.0,-1,24,12,0.0,3,5,7,2,7,4,0,2,0,2,0.0,2,6,1,2,0,111,82,28,1,4765,1475,252,3038,VGK,Pacific,Western
2025-2026,20251128,23,CGY,111747,Samuel Honzek,ROSTER,21.0,"6'4""",186.0,Slovakia,Trencin,True,LW,18,2,2,4,1.22,0.11,0.11,0.22,18.3,2.9,0,0,0,0,0,0,0,0,0,0,0,0,0,0.0,1,42,22,9.1,6,8,12,35,14,9,1,11,6,5,54.5,1,2,3,6,0,342,286,21,37,13329,1580,76,11673,CGY,Pacific,Western
2025-2026,20251128,8,NYI,5233,Bo Horvat,ROSTER,30.0,"6'0""",215.0,Canada,"London, ON",False,C,24,14,11,25,3.38,0.46,0.58,1.04,11.5,21.5,4,3,5,8,1,0,1,3,0,0,3,1,1,33.33,11,147,81,17.3,7,33,33,14,16,28,6,439,258,181,58.8,5,20,4,8,0,572,267,178,142,29553,6186,4111,19284,NYI,Metropolitan,Eastern
2025-2026,20251128,24,EDM,56664,Isaac Howard,ASSIGNED_TO_MINORS,21.0,"5'10""",180.0,USA,"Hudson, WI",False,LW,17,2,1,3,1.12,0.06,0.12,0.18,2.0,14.5,0,0,0,0,0,0,0,0,0,0,1,1,0,0.0,-2,40,19,10.5,1,10,11,3,11,9,1,0,0,0,0.0,5,10,1,2,0,222,161,22,40,9689,1395,365,7916,EDM,Pacific,Western
2025-2026,20251128,142,VGK,14608,Brett Howden,ROSTER,27.0,"6'3""",197.0,Canada,"Calgary, AB",False,C,19,4,2,6,1.11,0.11,0.21,0.32,17.7,11.6,1,0,0,0,0,0,0,0,0,0,0,0,0,0.0,-4,36,21,19.0,4,5,10,38,23,17,3,164,89,75,54.3,4,8,8,16,0,379,186,149,48,16600,3228,2528,10915,VGK,Pacific,Western
2025-2026,20251128,21,VAN,15157,Filip Hronek,ROSTER,28.0,"6'0""",183.0,Czech Republic,Hradec Kralove,False,D,24,2,13,15,1.38,0.54,0.08,0.62,48.9,11.6,0,1,4,5,0,0,0,0,0,0,0,0,0,0.0,6,80,33,6.1,36,29,18,45,43,28,11,0,0,0,0.0,4,8,3,6,0,657,299,100,259,35135,4743,1448,28943,VAN,Pacific,Western
2025-2026,20251128,27,DAL,142430,Justin Hryckowian,ROSTER,,,,,,False,C,23,3,4,7,0.91,0.17,0.13,0.3,17.9,15.8,1,1,0,1,0,0,0,0,0,0,0,0,0,0.0,-3,35,21,14.3,8,4,10,29,21,3,6,61,37,24,60.7,3,9,7,19,1,346,293,29,25,15837,2938,44,12763,DAL,Central,Western
2025-2026,20251128,23,CGY,4987,Jonathan Huberdeau,ROSTER,32.0,"6'1""",202.0,Canada,"Saint-Jerome, QC",False,LW,20,4,8,12,1.75,0.4,0.2,0.6,13.0,33.0,1,1,1,2,0,0,0,1,0,0,1,0,0,0.0,-3,69,35,11.4,10,17,17,11,13,22,3,7,3,4,42.9,7,25,7,17,1,475,215,131,133,22930,6584,2109,14237,CGY,Pacific,Western
2025-2026,20251128,7,NJD,17125,Jack Hughes,ROSTER,24.0,"5'11""",170.0,USA,"Orlando, FL",False,C,17,10,10,20,4.06,0.59,0.59,1.18,9.7,0.0,3,1,4,5,0,0,0,2,0,1,0,0,0,0.0,3,127,69,14.5,10,34,24,2,13,35,12,153,52,101,34.0,0,0,6,12,0,387,256,70,71,21570,4060,729,16781,NJD,Metropolitan,Eastern
2025-2026,20251128,7,NJD,37969,Luke Hughes,ROSTER,22.0,"6'2""",184.0,USA,"Canton, MI",True,D,23,1,13,14,2.09,0.57,0.04,0.61,21.8,31.9,0,0,4,4,0,0,0,0,0,0,0,0,0,0.0,0,134,48,2.1,21,64,22,8,29,33,6,0,0,0,0.0,11,22,2,4,0,599,418,110,70,31946,5941,1537,24377,NJD,Metropolitan,Eastern
2025-2026,20251128,21,VAN,14530,Quinn Hughes,ROSTER,26.0,"5'10""",170.0,USA,"Orlando, FL",False,D,19,2,20,22,2.79,1.05,0.11,1.16,21.0,8.7,0,2,9,11,0,0,0,0,0,0,0,0,0,0.0,-5,137,53,3.8,23,50,34,1,14,25,6,0,0,0,0.0,3,6,11,22,0,453,259,133,63,30896,6094,5354,19448,VAN,Pacific,Western
2025-2026,20251128,25,MIN,30091,Daemon Hunt,ROSTER,23.0,"6'0""",198.0,Canada,"Brandon, MB",True,D,7,0,1,1,0.14,0.14,0.0,0.14,13.0,0.0,0,0,0,0,0,0,0,0,0,0,0,0,0,0.0,1,8,1,0.0,12,5,2,6,13,3,1,0,0,0,0.0,0,0,3,8,0,110,63,10,37,4988,528,206,4254,MIN,Central,Western
2025-2026,20251128,14,MTL,56477,Lane Hutson,ROSTER,21.0,"5'8""",158.0,USA,"Chicago, IL",False,D,22,3,16,19,1.64,0.73,0.14,0.86,35.8,0.0,1,0,4,4,0,0,0,1,0,0,0,0,0,0.0,0,83,36,8.3,35,36,11,12,49,33,9,0,0,0,0.0,0,0,7,14,0,519,377,42,103,29908,5077,666,24165,MTL,Atlantic,Eastern
2025-2026,20251128,142,VGK,5825,Ben Hutton,ROSTER,32.0,"6'2""",206.0,Canada,"Prescott, ON",False,D,16,2,3,5,1.56,0.19,0.12,0.31,17.8,10.0,0,0,0,0,0,0,0,1,0,0,0,0,0,0.0,0,45,25,8.0,17,13,7,7,35,18,4,0,0,0,0.0,1,5,2,7,1,307,146,68,95,13825,2670,1729,9426,VGK,Pacific,Western
2025-2026,20251128,24,EDM,5562,Zach Hyman,ROSTER,33.0,"6'1""",211.0,Canada,"Toronto, ON",False,LW,6,0,2,2,2.0,0.33,0.0,0.33,9.0,5.8,0,0,0,0,0,0,0,0,0,0,0,0,0,0.0,-4,22,12,0.0,1,3,7,22,9,2,1,1,0,1,0.0,2,4,1,2,0,127,63,42,22,7367,2835,516,4016,EDM,Pacific,Western
2025-2026,20251128,2,WPJ,13690,Alex Iafallo,ROSTER,31.0,"6'0""",188.0,USA,"Eden, NY",False,LW,22,4,4,8,1.68,0.18,0.18,0.36,20.5,8.7,1,2,2,4,0,0,0,1,0,0,0,0,0,0.0,2,60,37,10.8,15,8,15,19,6,6,4,8,6,2,75.0,3,6,5,10,0,431,221,153,61,19850,4339,3225,12286,WPG,,
2025-2026,20251128,26,SJS,34832,Vincent Iorio,ROSTER,23.0,"6'4""",200.0,Canada,"Coquitlam, BC",True,D,6,0,0,0,0.5,0.0,0.0,0.0,6.5,5.8,0,0,0,0,0,0,0,0,0,0,0,0,0,0.0,-3,4,3,0.0,6,1,0,3,5,7,0,0,0,0,0.0,2,4,0,0,0,128,93,5,30,5880,621,36,5223,SJS,Pacific,Western
2025-2026,20251128,22,COL,120069,Ivan Ivan,ROSTER,23.0,"6'0""",190.0,Czechia,Pstrava,True,C,1,0,1,1,2.0,1.0,0.0,1.0,0.0,0.0,0,0,0,0,0,0,0,0,0,0,0,0,0,0.0,1,2,2,0.0,0,0,0,0,0,1,0,0,0,0,0.0,0,0,0,0,0,11,10,1,0,512,176,0,336,COL,Central,Western
2025-2026,20251128,1,TBL,56357,Dominic James,ROSTER,23.0,"6'0""",190.0,USA,"Plymouth, MI",True,C,14,1,3,4,1.14,0.21,0.07,0.29,14.6,5.8,0,0,0,0,0,0,0,0,0,0,0,0,0,0.0,0,38,16,6.2,6,9,13,25,19,9,3,95,44,51,46.3,2,4,2,4,0,228,181,40,8,10621,2508,228,7885,TBL,Atlantic,Eastern
2025-2026,20251128,3,CAR,11413,Mark Jankowski,ROSTER,31.0,"6'4""",212.0,Canada,"Hamilton, ON",False,LW,14,1,2,3,0.57,0.14,0.07,0.21,11.5,8.7,0,0,0,0,0,0,0,1,0,0,0,0,0,0.0,3,21,8,12.5,10,4,9,7,18,6,1,137,76,61,55.5,3,6,0,0,0,224,104,58,63,9186,1363,713,7110,CAR,Metropolitan,Eastern
2025-2026,20251128,24,EDM,5827,Mattias Janmark,ROSTER,32.0,"6'1""",195.0,Sweden,Danderyd,False,C,9,0,3,3,0.89,0.33,0.0,0.33,2.4,8.7,0,0,0,0,0,0,0,0,0,0,0,0,0,0.0,-2,18,8,0.0,1,6,4,4,6,5,0,4,3,1,75.0,3,6,3,6,0,146,75,41,30,6195,1523,482,4190,EDM,Pacific,Western
2025-2026,20251128,12,TOR,5352,Calle Jarnkrok,ROSTER,34.0,"5'11""",186.0,Sweden,Gavle,False,C,17,4,0,4,0.94,0.0,0.24,0.24,7.9,5.8,1,0,0,0,0,0,0,0,0,0,0,0,0,0.0,-7,22,16,25.0,3,3,3,14,9,7,1,9,6,3,66.7,2,4,0,0,0,281,134,76,75,11863,3464,819,7580,TOR,Atlantic,Eastern
2025-2026,20251128,3,CAR,28144,Seth Jarvis,ROSTER,23.0,"5'10""",175.0,Canada,"Winnipeg, MB",True,C,23,12,7,19,3.04,0.3,0.52,0.83,17.8,8.7,4,1,0,1,2,0,2,4,0,2,2,0,1,50.0,1,110,70,17.1,10,12,28,24,44,23,15,32,15,17,46.9,3,6,5,10,0,502,333,98,84,26135,6157,2189,17993,CAR,Metropolitan,Eastern
2025-2026,20251128,11,BOS,14386,Tanner Jeannot,ROSTER,28.0,"6'2""",207.0,Canada,"Oxbow, SK",False,LW,25,3,7,10,1.32,0.28,0.12,0.4,43.6,41.6,1,0,1,1,0,0,0,1,0,0,0,0,0,0.0,-1,66,33,9.1,23,19,14,62,29,22,2,9,4,5,44.4,7,23,5,19,3,452,231,85,139,20360,3632,669,16059,BOS,Atlantic,Eastern
2025-2026,20251128,19,CBJ,5245,Boone Jenner,ROSTER,32.0,"6'2""",208.0,Canada,"Dorchester, ON",False,C,16,3,7,10,2.0,0.44,0.19,0.62,22.8,21.6,1,1,1,2,0,1,1,1,0,0,0,0,0,0.0,-7,69,32,9.4,13,17,20,30,12,11,2,91,51,40,56.0,5,13,4,11,1,303,149,74,80,15458,4395,1524,9502,CBJ,Metropolitan,Eastern
2025-2026,20251128,13,OTT,11592,Nick Jensen,ROSTER,35.0,"6'1""",196.0,USA,"Rogers, MN",False,D,23,1,5,6,0.65,0.22,0.04,0.26,27.3,8.7,0,0,0,0,0,0,0,0,0,0,0,0,0,0.0,-5,49,15,6.7,23,17,17,18,50,22,4,0,0,0,0.0,3,6,1,2,0,555,291,99,166,24085,4802,1406,17877,OTT,Atlantic,Eastern
2025-2026,20251128,25,MIN,53012,David Jiricek,ASSIGNED_TO_MINORS,22.0,"6'3""",189.0,Czech Republic,Klatovy,True,D,12,0,0,0,0.75,0.0,0.0,0.0,6.9,11.6,0,0,0,0,0,0,0,0,0,0,0,0,0,0.0,-3,26,9,0.0,6,12,5,4,18,11,3,0,0,0,0.0,4,8,0,0,0,180,129,20,31,8732,896,349,7487,MIN,Central,Western
2025-2026,20251128,16,DET,30079,Albert Johansson,ROSTER,24.0,"6'0""",168.0,Sweden,Karlstad,True,D,24,0,2,2,0.88,0.08,0.0,0.08,35.8,5.8,0,0,0,0,0,0,0,0,0,0,0,0,0,0.0,-9,67,21,0.0,30,30,16,24,33,22,5,0,0,0,0.0,2,4,6,12,0,540,342,73,125,22873,3422,1111,18340,DET,Atlantic,Eastern
2025-2026,20251128,25,MIN,4882,Marcus Johansson,ROSTER,35.0,"6'1""",205.0,Sweden,Landskrona,False,LW,24,8,12,20,1.5,0.5,0.33,0.83,11.2,8.7,2,3,2,5,0,1,1,2,0,1,0,0,0,0.0,9,69,36,22.2,8,18,14,11,23,20,9,10,5,5,50.0,3,6,2,4,0,472,232,155,93,22987,6090,2469,14428,MIN,Central,Western
2025-2026,20251128,19,CBJ,37970,Kent Johnson,ROSTER,23.0,"6'1""",168.0,Canada,"Port Moody, BC",True,C,23,2,3,5,1.74,0.13,0.09,0.22,13.6,0.0,0,0,0,0,0,0,0,0,0,0,3,1,2,66.67,-12,76,40,5.0,14,21,15,3,15,17,5,1,0,1,0.0,0,0,1,2,0,393,244,75,76,20247,4466,1092,15027,CBJ,Metropolitan,Eastern
2025-2026,20251128,15,BUF,34471,Ryan Johnson,ASSIGNED_TO_MINORS,24.0,"6'0""",170.0,USA,"Newport Beach, CA",True,D,3,0,0,0,0.0,0.0,0.0,0.0,3.4,2.9,0,0,0,0,0,0,0,0,0,0,0,0,0,0.0,0,4,0,0.0,3,2,2,2,6,2,2,0,0,0,0.0,1,2,0,0,0,34,14,7,13,1620,229,107,1284,BUF,Atlantic,Eastern
2025-2026,20251128,29,ANA,9081,Ross Johnston,ROSTER,31.0,"6'5""",235.0,Canada,"Charlottetown, PE",False,LW,22,1,4,5,0.36,0.18,0.05,0.23,26.9,77.3,0,0,0,0,0,0,0,0,0,0,0,0,0,0.0,0,22,8,12.5,6,4,10,58,20,8,1,4,1,3,25.0,10,46,7,32,6,281,149,60,74,11810,2289,429,9095,ANA,Pacific,Western
2025-2026,20251128,27,DAL,34837,Wyatt Johnston,ROSTER,22.0,"6'1""",178.0,Canada,"Toronto, ON",True,C,24,12,13,25,2.88,0.54,0.5,1.04,21.6,8.7,4,8,6,14,0,0,0,2,0,0,2,0,1,50.0,-3,124,69,17.4,20,31,24,10,29,15,7,270,136,134,50.4,3,6,4,8,0,581,399,133,56,30063,8408,1467,19885,DAL,Central,Western
2025-2026,20251128,11,BOS,13644,Henri Jokiharju,ROSTER,26.0,"6'0""",195.0,Finland,Oulu,False,D,24,0,5,5,0.88,0.21,0.0,0.21,21.8,14.5,0,0,2,2,0,0,0,0,0,0,0,0,0,0.0,-6,67,21,0.0,19,27,19,13,38,30,4,0,0,0,0.0,5,10,2,4,0,558,325,121,112,24836,4286,2585,17965,BOS,Atlantic,Eastern
2025-2026,20251128,25,MIN,18220,Ben Jones,ROSTER,26.0,"6'0""",187.0,Canada,"Waterloo, ON",False,C,12,0,0,0,0.67,0.0,0.0,0.0,14.1,0.0,0,0,0,0,0,0,0,0,0,0,0,0,0,0.0,-5,18,8,0.0,5,6,4,26,7,3,1,81,48,33,59.3,0,0,2,4,0,138,83,40,15,6409,1245,582,4584,MIN,Central,Western
2025-2026,20251128,10,PIT,15433,Caleb Jones,INJURY_LIST,28.0,"6'1""",194.0,USA,"Arlington, TX",False,D,7,0,1,1,0.71,0.14,0.0,0.14,17.1,0.0,0,0,0,0,0,0,0,0,0,0,0,0,0,0.0,1,17,5,0.0,15,6,6,10,14,4,1,0,0,0,0.0,0,0,1,2,0,144,78,22,39,7212,1036,445,5407,PIT,Metropolitan,Eastern
2025-2026,20251128,4,FLO,5243,Seth Jones,ROSTER,31.0,"6'4""",209.0,USA,"Arlington, TX",False,D,23,3,10,13,1.7,0.43,0.13,0.57,34.3,13.0,1,3,5,8,0,0,0,0,0,0,0,0,0,0.0,-4,112,39,7.7,28,34,39,25,27,29,7,0,0,0,0.0,4,10,4,8,0,641,304,128,210,32424,5877,2009,24538,FLA,,
2025-2026,20251128,17,STL,15228,Mathieu Joseph,ROSTER,28.0,"6'1""",190.0,Canada,"Chambly, QC",False,RW,18,2,4,6,1.06,0.22,0.11,0.33,21.0,2.9,0,0,0,0,1,0,1,1,0,0,0,0,0,0.0,0,37,19,10.5,9,4,14,35,17,10,6,8,3,5,37.5,1,2,4,8,0,311,174,71,68,13694,2435,1285,9974,STL,Central,Western
2025-2026,20251128,21,VAN,13638,Pierre-Olivier Joseph,ROSTER,26.0,"6'2""",185.0,Canada,"Chambly, QC",True,D,10,0,1,1,0.9,0.1,0.0,0.1,7.4,2.9,0,0,0,0,0,0,0,0,0,0,0,0,0,0.0,-6,20,9,0.0,7,10,1,3,9,3,2,15,11,4,73.3,1,2,1,2,0,183,111,31,41,7452,850,480,6122,VAN,Pacific,Western
2025-2026,20251128,12,TOR,18183,Dakota Joshua,ROSTER,29.0,"6'2""",183.0,USA,"Dearborn, MI",False,C,22,2,3,5,0.86,0.14,0.09,0.23,41.7,14.3,0,0,0,0,0,0,0,0,0,0,0,0,0,0.0,-8,36,19,10.5,18,8,9,69,17,8,5,11,2,9,18.2,3,14,4,8,0,398,211,101,88,16298,3449,1719,11130,TOR,Atlantic,Eastern
2025-2026,20251128,18,NSH,5042,Roman Josi,ROSTER,35.0,"6'1""",201.0,Switzerland,Bern,False,D,11,2,5,7,2.91,0.45,0.18,0.64,16.2,14.5,0,0,2,2,0,0,0,0,0,0,0,0,0,0.0,-6,67,32,6.2,16,28,7,5,23,13,3,0,0,0,0.0,5,10,3,6,0,293,147,58,90,15559,4838,1299,9422,NSH,Central,Western
2025-2026,20251128,18,NSH,9636,Tyson Jost,ROSTER,27.0,"5'11""",187.0,Canada,"St. Albert, AB",False,C,17,1,2,3,1.12,0.12,0.06,0.18,13.9,5.8,0,0,0,0,0,0,0,0,0,0,0,0,0,0.0,-7,33,19,5.3,6,8,6,23,21,6,9,22,10,12,45.5,2,4,4,8,0,278,144,49,87,12708,1450,850,10406,NSH,Central,Western
2025-2026,20251128,6,PHI,5621,Noah Juulsen,ROSTER,28.0,"6'2""",193.0,Canada,"Surrey, BC",False,D,20,0,2,2,0.55,0.1,0.0,0.1,25.7,5.8,0,0,0,0,0,0,0,0,0,0,0,0,0,0.0,0,33,11,0.0,13,15,7,38,46,16,2,0,0,0,0.0,2,4,4,8,0,394,205,42,147,16386,1422,532,14484,PHI,Metropolitan,Eastern
2025-2026,20251128,23,CGY,4766,Nazem Kadri,ROSTER,35.0,"6'0""",192.0,Canada,"London, ON",False,C,25,4,14,18,3.28,0.56,0.16,0.72,14.0,11.6,1,1,6,7,0,0,0,0,0,0,2,0,2,100.0,-12,172,82,4.9,7,55,35,21,25,28,6,308,147,161,47.7,4,8,10,20,0,561,296,136,135,30272,10740,2576,17337,CGY,Pacific,Western
2025-2026,20251128,20,CHI,56352,Wyatt Kaiser,ROSTER,23.0,"6'0""",173.0,USA,"Ham Lake, MN",False,D,23,0,3,3,0.91,0.13,0.0,0.13,23.3,20.3,0,0,0,0,0,0,0,0,0,0,0,0,0,0.0,8,52,21,0.0,19,15,16,17,55,32,12,0,0,0,0.0,7,14,5,10,0,567,310,50,202,26854,2335,423,23906,CHI,Central,Western
2025-2026,20251128,143,SEA,17126,Kaapo Kakko,ROSTER,24.0,"6'3""",199.0,Finland,Turku,False,RW,7,1,0,1,1.14,0.0,0.14,0.14,2.9,5.8,0,0,0,0,0,0,0,0,0,0,1,0,0,0.0,0,18,8,12.5,2,5,5,3,2,7,1,1,0,1,0.0,2,4,2,4,0,123,67,36,15,5287,1053,464,3527,SEA,Pacific,Western
2025-2026,20251128,13,OTT,28484,Arthur Kaliyev,ASSIGNED_TO_MINORS,24.0,"6'2""",190.0,USA,"Tashkent, Uzbekistan",True,RW,2,0,1,1,2.0,0.5,0.0,0.5,0.0,0.0,0,0,1,1,0,0,0,0,0,0,0,0,0,0.0,0,8,4,0.0,0,3,1,0,0,2,0,0,0,0,0.0,0,0,0,0,0,28,14,9,5,1273,251,119,903,OTT,Atlantic,Eastern
2025-2026,20251128,21,VAN,12501,David Kampf,ROSTER,30.0,"6'2""",188.0,Czech Republic,Jirkov,False,C,3,0,0,0,1.33,0.0,0.0,0.0,4.5,2.9,0,0,0,0,0,0,0,0,0,0,0,0,0,0.0,0,8,4,0.0,3,2,2,5,1,0,0,42,20,22,47.6,1,2,1,2,0,60,33,13,14,2621,501,200,1920,VAN,Pacific,Western
2025-2026,20251128,21,VAN,4656,Evander Kane,ROSTER,34.0,"6'2""",210.0,Canada,"Vancouver, BC",False,LW,24,4,8,12,2.83,0.33,0.17,0.5,26.9,49.2,1,2,2,4,0,0,0,0,0,0,0,0,0,0.0,-7,145,68,5.9,11,42,35,46,25,23,6,17,5,12,29.4,15,38,11,22,0,496,225,151,124,25835,6446,3979,15410,VAN,Pacific,Western
2025-2026,20251128,16,DET,4265,Patrick Kane,ROSTER,37.0,"5'10""",177.0,USA,"Buffalo, NY",False,RW,15,3,10,13,2.93,0.67,0.2,0.87,5.1,5.8,1,1,6,7,0,0,0,1,0,0,0,0,0,0.0,-10,76,44,6.8,4,10,22,4,8,15,0,0,0,0,0.0,2,4,3,6,0,305,156,81,71,15689,5762,1094,8833,DET,Atlantic,Eastern
2025-2026,20251128,24,EDM,5428,Kasperi Kapanen,ROSTER,29.0,"6'1""",194.0,Finland,Kuopio,False,RW,6,0,2,2,0.67,0.33,0.0,0.33,9.5,0.0,0,0,0,0,0,0,0,0,0,0,1,1,0,0.0,-2,10,4,0.0,4,5,1,16,6,4,1,1,0,1,0.0,0,0,0,0,0,92,50,26,16,4423,1059,447,2917,EDM,Pacific,Western
2025-2026,20251128,14,MTL,37995,Oliver Kapanen,ROSTER,22.0,"6'1""",182.0,Sweden,"Sundsvall, Sweden",True,C,22,7,5,12,1.27,0.23,0.32,0.55,17.5,8.7,2,0,0,0,1,0,1,1,0,0,0,0,0,0.0,2,47,28,25.0,15,8,11,11,18,7,4,148,75,73,50.7,3,6,1,2,0,368,200,31,144,17107,1463,83,15561,MTL,Atlantic,Eastern
2025-2026,20251128,25,MIN,5730,Kirill Kaprizov,ROSTER,28.0,"5'10""",192.0,Russia,Novokuznetsk,False,LW,24,14,14,28,3.33,0.58,0.58,1.17,11.0,8.7,4,7,4,11,0,0,0,2,0,2,2,0,0,0.0,1,152,80,17.5,9,28,44,8,15,35,5,1,0,1,0.0,3,6,6,12,0,504,255,182,80,32075,8053,3391,20631,MIN,Central,Western
2025-2026,20251128,10,PIT,4660,Erik Karlsson,ROSTER,35.0,"6'0""",190.0,Sweden,Landsbro,False,D,22,1,13,14,1.82,0.59,0.05,0.64,21.5,8.7,0,0,3,3,0,0,0,0,0,0,0,0,0,0.0,7,116,40,2.5,24,46,32,0,27,33,13,0,0,0,0.0,3,6,3,6,0,543,250,174,111,31165,6716,3555,20443,PIT,Metropolitan,Eastern
2025-2026,20251128,21,VAN,39290,Linus Karlsson,ROSTER,26.0,"6'1""",178.0,Sweden,Eksjö,True,C,21,4,4,8,1.57,0.19,0.19,0.38,13.4,17.2,1,0,0,0,0,0,0,1,0,0,0,0,0,0.0,-4,62,33,12.1,5,10,19,24,13,11,3,14,3,11,21.4,4,16,5,10,0,306,179,61,70,12438,1401,957,10080,VAN,Pacific,Western
2025-2026,20251128,142,VGK,5459,William Karlsson,ROSTER,32.0,"6'0""",195.0,Sweden,Märsta,False,C,14,4,3,7,2.14,0.21,0.29,0.5,12.8,5.8,1,1,0,1,1,0,1,1,0,0,0,0,0,0.0,-1,48,30,13.3,13,10,8,3,15,11,3,158,91,67,57.6,2,4,1,2,0,274,129,99,51,12723,3172,1891,7648,VGK,Pacific,Western
2025-2026,20251128,143,SEA,37962,Tye Kartye,ROSTER,24.0,"5'11""",202.0,Canada,"Kingston, ON",True,LW,23,2,2,4,0.61,0.09,0.09,0.17,37.0,5.8,0,0,0,0,0,0,0,0,0,0,0,0,0,0.0,-3,38,14,14.3,19,13,11,54,26,14,6,6,1,5,16.7,2,4,3,6,0,383,214,60,110,15914,1470,417,13975,SEA,Pacific,Western
2025-2026,20251128,16,DET,43336,Marco Kasper,ROSTER,21.0,"6'1""",187.0,Austria,Innsbruck,True,C,24,3,0,3,1.58,0.0,0.12,0.12,37.7,30.1,1,1,0,1,0,0,0,0,0,0,0,0,0,0.0,-11,72,38,7.9,16,14,20,63,34,19,4,206,96,110,46.6,6,23,3,9,1,460,322,55,86,20999,2974,204,17821,DET,Atlantic,Eastern
2025-2026,20251128,11,BOS,13659,Mark Kastelic,ROSTER,26.0,"6'4""",223.0,USA,"Phoenix, AZ",False,C,25,4,4,8,1.36,0.16,0.16,0.32,47.8,41.8,1,0,1,1,0,0,0,1,0,0,0,0,0,0.0,4,76,34,11.8,29,17,25,59,26,12,9,198,114,84,57.6,10,31,10,23,1,483,223,177,87,20390,3352,2160,14878,BOS,Atlantic,Eastern
2025-2026,20251128,1,TBL,11818,Boris Katchouk,ASSIGNED_TO_MINORS,27.0,"6'1""",179.0,Canada,"Vancouver, BC",False,LW,3,0,0,0,0.0,0.0,0.0,0.0,3.6,0.0,0,0,0,0,0,0,0,0,0,0,0,0,0,0.0,0,1,0,0.0,2,0,1,5,4,0,0,19,7,12,36.8,0,0,0,0,0,49,21,12,16,2194,537,106,1551,TBL,Atlantic,Eastern
2025-2026,20251128,30,UTA,9633,Clayton Keller,ROSTER,27.0,"5'10""",170.0,USA,"Chesterfield, MO",False,RW,24,8,13,21,2.83,0.54,0.33,0.88,11.7,11.6,2,0,7,7,0,0,0,2,0,1,0,0,0,0.0,0,116,68,11.8,11,19,29,5,22,31,5,4,3,1,75.0,4,8,7,14,0,540,296,117,135,27268,4676,2216,20376,UTA,Central,Western
2025-2026,20251128,22,COL,15189,Parker Kelly,ROSTER,26.0,"6'0""",188.0,Canada,"Camrose, AB",False,C,23,5,6,11,1.39,0.26,0.22,0.48,34.7,14.5,1,0,0,0,1,0,1,1,0,0,0,0,0,0.0,11,53,32,15.6,16,12,9,55,20,13,2,48,18,30,37.5,5,10,5,10,0,398,193,86,124,16513,1942,1272,13299,COL,Central,Western
2025-2026,20251128,18,NSH,43362,Joakim Kemell,ROSTER,21.0,"5'10""",185.0,Finland,Jyväskylän mlk,True,RW,2,0,0,0,0.5,0.0,0.0,0.0,2.4,0.0,0,0,0,0,0,0,0,0,0,0,0,0,0,0.0,0,5,1,0.0,1,3,1,4,1,0,0,1,0,1,0.0,0,0,0,0,0,28,18,10,0,1328,512,60,756,NSH,Central,Western
2025-2026,20251128,28,LAK,11731,Adrian Kempe,ROSTER,29.0,"6'2""",201.0,Sweden,Kramfors,False,RW,23,7,13,20,3.3,0.57,0.3,0.87,29.6,23.2,2,1,4,5,0,0,0,3,0,2,5,0,2,40.0,3,173,76,9.2,14,61,36,46,20,19,9,30,12,18,40.0,8,16,3,6,0,494,264,149,90,27098,6516,3261,17706,LAK,Pacific,Western
2025-2026,20251128,23,CGY,37958,Rory Kerins,ASSIGNED_TO_MINORS,23.0,"5'10""",175.0,Canada,"Caledon, ON",True,C,2,0,0,0,0.5,0.0,0.0,0.0,3.1,0.0,0,0,0,0,0,0,0,0,0,0,0,0,0,0.0,-1,6,1,0.0,3,1,4,1,3,1,0,3,0,3,0.0,0,0,0,0,0,38,32,4,2,1902,293,106,1503,CGY,Pacific,Western
2025-2026,20251128,17,STL,38651,Matthew Kessel,ROSTER,25.0,"6'2""",205.0,USA,"Phoenix, AZ",True,D,13,1,0,1,0.54,0.0,0.08,0.08,6.3,5.8,0,0,0,0,0,0,0,0,0,0,0,0,0,0.0,-1,20,7,14.3,5,7,6,5,17,6,1,0,0,0,0.0,2,4,1,2,0,202,164,19,20,8881,1316,240,7325,STL,Central,Western
2025-2026,20251128,15,BUF,34838,Michael Kesselring,ROSTER,25.0,"6'4""",190.0,USA,"New Hampton, NH",True,D,9,0,0,0,1.11,0.0,0.0,0.0,10.7,2.9,0,0,0,0,0,0,0,0,0,0,0,0,0,0.0,-3,30,10,0.0,9,10,10,7,13,17,1,0,0,0,0.0,1,2,0,0,0,189,124,10,55,8429,631,145,7653,BUF,Atlantic,Eastern
2025-2026,20251128,11,BOS,38009,Marat Khusnutdinov,ROSTER,23.0,"5'11""",176.0,Russia,Moskva,True,C,20,3,3,6,0.85,0.15,0.15,0.3,14.1,8.7,1,0,1,1,0,0,0,1,0,1,1,0,1,100.0,-2,36,17,17.6,10,7,12,14,13,9,6,57,31,26,54.4,3,6,7,14,0,357,243,91,27,16587,4215,740,11822,BOS,Atlantic,Eastern
2025-2026,20251128,29,ANA,5165,Alex Killorn,ROSTER,36.0,"6'1""",197.0,Canada,"Halifax, NS",False,LW,23,1,6,7,1.65,0.26,0.04,0.3,18.0,8.7,0,0,1,1,0,0,0,0,0,0,0,0,0,0.0,-1,75,38,2.6,11,16,21,22,19,19,8,48,19,29,39.6,3,6,5,10,0,509,250,126,133,22925,7171,1572,14120,ANA,Pacific,Western
2025-2026,20251128,10,PIT,167594,Benjamin Kindel,ROSTER,18.0,"5'11""",181.0,Canada,"Coquitlam, BC",True,C,19,5,3,8,1.95,0.16,0.26,0.42,18.9,8.7,1,2,3,5,0,0,0,0,0,0,0,0,0,0.0,-5,71,37,13.5,17,18,16,10,28,24,4,109,51,58,46.8,3,6,3,6,0,346,286,51,8,17492,3740,870,12522,PIT,Metropolitan,Eastern
2025-2026,20251128,23,CGY,12019,Justin Kirkland,ASSIGNED_TO_MINORS,29.0,"6'3""",193.0,Canada,"Winnipeg, MB",False,C,9,0,1,1,0.56,0.11,0.0,0.11,7.5,0.0,0,0,0,0,0,0,0,0,0,0,2,1,0,0.0,-1,14,5,0.0,3,4,5,13,8,3,1,66,36,30,54.5,0,0,0,0,0,136,74,22,40,5168,670,275,4223,CGY,Pacific,Western
2025-2026,20251128,22,COL,17372,Joel Kiviranta,ROSTER,29.0,"5'10""",175.0,Finland,Vantaa,False,LW,6,1,0,1,1.0,0.0,0.17,0.17,5.9,2.9,0,0,0,0,0,0,0,0,0,0,0,0,0,0.0,2,8,6,16.7,2,2,0,11,9,4,0,2,2,0,100.0,1,2,1,4,0,97,59,16,23,4032,875,137,3020,COL,Central,Western
2025-2026,20251128,23,CGY,39261,Adam Klapka,ROSTER,25.0,"6'8""",245.0,Czech Republic,Praha,True,RW,24,2,3,5,1.0,0.12,0.08,0.21,41.4,70.5,0,0,1,1,0,0,0,0,0,0,0,0,0,0.0,-1,55,24,8.3,14,14,17,78,24,7,3,11,3,8,27.3,15,47,7,23,3,339,276,46,19,14924,2846,305,11771,CGY,Pacific,Western
2025-2026,20251128,13,OTT,38006,Tyler Kleven,ROSTER,23.0,"6'4""",200.0,USA,"Fargo, ND",True,D,21,0,2,2,1.29,0.1,0.0,0.1,42.8,15.8,0,0,0,0,0,0,0,0,0,0,0,0,0,0.0,-8,53,27,0.0,37,14,12,26,36,27,4,0,0,0,0.0,3,9,3,9,1,517,339,84,94,21610,2449,1304,17857,OTT,Atlantic,Eastern
2025-2026,20251128,26,SJS,5484,John Klingberg,ROSTER,33.0,"6'3""",185.0,Sweden,Gothenburg,False,D,15,3,3,6,1.6,0.2,0.2,0.4,21.1,17.4,1,3,1,4,0,0,0,0,0,0,0,0,0,0.0,-5,57,24,12.5,19,23,10,11,24,17,2,0,0,0,0.0,6,12,1,2,0,331,178,84,72,18937,5371,1288,12278,SJS,Pacific,Western
2025-2026,20251128,12,TOR,37990,Matthew Knies,ROSTER,23.0,"6'3""",205.0,USA,"Phoenix, AZ",True,LW,20,5,18,23,2.2,0.9,0.25,1.15,27.7,11.6,1,2,0,2,0,0,0,0,0,0,0,0,0,0.0,3,69,44,11.4,9,16,9,53,11,18,6,0,0,0,0.0,4,8,5,10,0,474,352,76,52,24710,5682,1581,17449,TOR,Atlantic,Eastern
2025-2026,20251128,2,WPJ,30052,Cole Koepke,ROSTER,27.0,"6'1""",195.0,USA,"Two Harbors, MN",True,LW,16,0,2,2,0.88,0.12,0.0,0.12,22.8,11.4,0,0,0,0,0,0,0,0,0,0,0,0,0,0.0,-5,28,14,0.0,4,3,11,52,9,7,6,0,0,0,0.0,2,12,4,8,0,235,152,61,22,9570,1614,856,7100,WPG,,
2025-2026,20251128,10,PIT,32282,Ville Koivunen,ROSTER,22.0,"5'11""",161.0,Finland,Oulu,True,RW,12,0,2,2,1.08,0.17,0.0,0.17,6.6,0.0,0,0,1,1,0,0,0,0,0,0,1,0,0,0.0,-1,25,13,0.0,7,10,3,1,14,6,1,0,0,0,0.0,0,0,0,0,0,184,114,35,28,8989,1515,384,6727,PIT,Metropolitan,Eastern
2025-2026,20251128,142,VGK,17370,Keegan Kolesar,ROSTER,28.0,"6'2""",216.0,Canada,"Winnipeg, MB",True,RW,23,0,3,3,0.87,0.13,0.0,0.13,40.2,25.8,0,0,0,0,0,0,0,0,0,0,0,0,0,0.0,-8,33,20,0.0,18,5,8,65,32,12,2,11,4,7,36.4,4,14,2,10,2,368,194,108,67,14916,2781,1623,10500,VGK,Pacific,Western
2025-2026,20251128,27,DAL,30033,Vladislav Kolyachonok,ROSTER,24.0,"6'1""",189.0,Belarus,Minsk,True,D,5,1,1,2,1.0,0.2,0.2,0.4,1.6,2.9,0,0,0,0,0,0,0,1,0,0,0,0,0,0.0,1,6,5,20.0,1,1,0,2,9,1,1,0,0,0,0.0,1,2,0,0,0,75,61,10,5,3252,823,282,2147,DAL,Central,Western
2025-2026,20251128,6,PHI,5619,Travis Konecny,ROSTER,28.0,"5'10""",175.0,Canada,"London, ON",False,RW,22,5,12,17,2.09,0.55,0.23,0.77,26.0,24.5,1,0,3,3,1,0,1,1,0,0,1,0,0,0.0,4,86,46,10.9,15,18,22,34,21,34,8,24,8,16,33.3,6,15,8,19,1,534,264,118,157,25303,4139,1432,19732,PHI,Metropolitan,Eastern
2025-2026,20251128,28,LAK,4033,Anze Kopitar,ROSTER,38.0,"6'3""",225.0,Slovenia,Jesenice,False,C,19,4,8,12,1.53,0.42,0.21,0.63,21.5,5.8,1,3,3,6,0,0,0,0,0,0,0,0,0,0.0,7,59,29,13.8,19,11,19,12,12,21,6,333,186,147,55.9,2,4,4,8,0,392,204,109,83,21201,7302,2024,11875,LAK,Pacific,Western
2025-2026,20251128,10,PIT,17958,Joona Koppanen,ROSTER,27.0,"6'5""",194.0,Finland,Tampere,False,LW,8,0,1,1,0.62,0.12,0.0,0.12,5.3,2.9,0,0,0,0,0,0,0,0,0,0,0,0,0,0.0,0,11,5,0.0,3,0,6,7,7,4,2,21,10,11,47.6,1,2,1,2,0,133,63,32,38,5928,1261,512,4155,PIT,Metropolitan,Eastern
2025-2026,20251128,142,VGK,17144,Kaedan Korczak,ROSTER,24.0,"6'3""",192.0,Canada,"Yorkton, SK",True,D,23,2,1,3,0.91,0.04,0.09,0.13,47.6,23.2,0,0,0,0,0,0,0,0,0,0,0,0,0,0.0,5,51,21,9.5,35,19,11,44,41,27,2,0,0,0,0.0,8,16,3,6,0,482,317,122,45,21832,3630,1786,16416,VGK,Pacific,Western
2025-2026,20251128,3,CAR,14526,Jesperi Kotkaniemi,ROSTER,25.0,"6'2""",198.0,Finland,Pori,False,C,15,2,3,5,1.13,0.2,0.13,0.33,19.5,0.0,0,0,0,0,0,0,0,0,0,0,0,0,0,0.0,3,29,17,11.8,11,6,6,26,16,10,2,115,54,61,47.0,0,0,4,8,0,214,110,59,47,9372,642,767,7963,CAR,Metropolitan,Eastern
2025-2026,20251128,15,BUF,34472,Tyson Kozak,ROSTER,22.0,"5'11""",173.0,Canada,"Souris, MB",True,C,17,2,2,4,0.82,0.12,0.12,0.24,32.5,2.9,0,0,0,0,0,0,0,0,0,0,0,0,0,0.0,-1,27,14,14.3,16,8,5,49,17,10,4,195,92,103,47.2,1,2,2,4,0,308,217,51,42,12556,2087,289,10180,BUF,Atlantic,Eastern
2025-2026,20251128,15,BUF,17149,Peyton Krebs,ROSTER,24.0,"5'11""",180.0,Canada,"Okotoks, AB",True,C,23,0,6,6,0.91,0.26,0.0,0.26,33.8,47.4,0,0,1,1,0,0,0,0,0,0,0,0,0,0.0,-10,42,21,0.0,15,11,10,55,26,14,7,174,75,99,43.1,9,34,8,22,2,431,254,62,115,18694,1936,712,16046,BUF,Atlantic,Eastern
2025-2026,20251128,29,ANA,5104,Chris Kreider,ROSTER,34.0,"6'3""",217.0,USA,"Boxford, MA",False,LW,19,10,6,16,2.32,0.32,0.53,0.84,7.1,14.5,3,5,2,7,0,0,0,1,0,0,0,0,0,0.0,1,81,44,22.7,5,17,20,7,6,16,3,9,4,5,44.4,5,10,2,4,0,404,233,104,77,19131,6527,1187,11417,ANA,Pacific,Western
2025-2026,20251128,1,TBL,5300,Nikita Kucherov,ROSTER,32.0,"5'11""",180.0,Russia,Moscow,False,RW,21,11,16,27,3.0,0.76,0.52,1.29,8.5,13.0,3,3,4,7,0,0,0,3,0,1,0,0,0,0.0,2,154,63,17.5,7,49,42,6,14,37,6,0,0,0,0.0,4,10,9,18,0,463,256,115,105,25631,8722,2425,14399,TBL,Atlantic,Eastern
2025-2026,20251128,24,EDM,5554,Brett Kulak,ROSTER,31.0,"6'2""",197.0,Canada,"Stony Plain, AB",False,D,25,0,2,2,1.08,0.08,0.0,0.08,25.3,8.7,0,0,0,0,0,0,0,0,0,0,0,0,0,0.0,-11,69,27,0.0,27,30,12,3,23,13,4,0,0,0,0.0,3,6,0,0,0,534,304,80,144,26599,5103,1755,19495,EDM,Pacific,Western
2025-2026,20251128,15,BUF,43367,Jiri Kulich,ROSTER,21.0,"5'11""",178.0,Czech Republic,Kadan,True,C,12,3,2,5,1.67,0.17,0.25,0.42,14.1,5.8,1,0,0,0,0,0,0,0,0,0,0,0,0,0.0,-4,43,20,15.0,12,13,10,9,9,10,1,163,68,95,41.7,2,4,4,8,0,272,185,42,48,11782,2172,126,9484,BUF,Atlantic,Eastern
2025-2026,20251128,4,FLO,4706,Dmitry Kulikov,INJURY_LIST,35.0,"6'1""",199.0,Russia,Lipetsk,False,D,2,0,0,0,0.5,0.0,0.0,0.0,0.4,0.0,0,0,0,0,0,0,0,0,0,0,0,0,0,0.0,-1,1,1,0.0,0,0,0,1,0,2,0,0,0,0,0.0,0,0,0,0,0,34,18,7,9,1293,463,134,696,FLA,,
2025-2026,20251128,4,FLO,9641,Luke Kunin,ROSTER,27.0,"6'0""",197.0,USA,"Chesterfield, MO",False,C,18,1,1,2,0.67,0.06,0.06,0.11,30.7,8.7,0,0,0,0,0,0,0,0,0,0,0,0,0,0.0,-4,25,12,8.3,21,7,6,32,22,9,1,121,60,61,49.6,3,6,1,2,0,250,135,61,54,10558,1744,1185,7629,FLA,,
2025-2026,20251128,11,BOS,5568,Sean Kuraly,ROSTER,32.0,"6'2""",213.0,USA,"Dublin, OH",False,C,25,2,4,6,1.32,0.16,0.08,0.24,27.3,23.0,0,0,0,0,0,0,0,0,0,0,0,0,0,0.0,1,73,33,6.1,21,19,21,23,17,19,6,256,118,138,46.1,6,20,2,4,0,465,205,89,173,20946,5434,1128,14384,BOS,Atlantic,Eastern
2025-2026,20251128,26,SJS,17991,Philipp Kurashev,ROSTER,26.0,"6'0""",190.0,Switzerland,Münsingen,False,C,22,6,6,12,1.91,0.27,0.27,0.55,16.1,11.6,2,0,0,0,0,0,0,1,0,1,2,1,1,50.0,3,75,42,14.3,8,20,13,24,16,19,4,35,16,19,45.7,4,8,4,8,0,459,232,127,107,22186,3396,1250,17734,SJS,Pacific,Western
2025-2026,20251128,28,LAK,39780,Andrei Kuzmenko,ROSTER,29.0,"5'11""",194.0,Russia,Yakutsk,True,LW,20,3,4,7,1.45,0.2,0.15,0.35,10.0,2.9,1,2,1,3,0,0,0,0,0,0,2,0,0,0.0,-2,65,29,10.3,5,20,16,15,18,23,3,0,0,0,0.0,1,2,7,14,0,311,264,46,4,18122,3879,437,13806,LAK,Pacific,Western
2025-2026,20251128,23,CGY,30014,Yan Kuznetsov,ROSTER,23.0,"6'4""",209.0,Russia,Murmansk,True,D,11,0,2,2,1.09,0.18,0.0,0.18,21.1,0.0,0,0,0,0,0,1,1,0,0,0,0,0,0,0.0,-2,26,12,0.0,17,8,6,16,18,8,2,0,0,0,0.0,0,0,1,2,0,297,191,44,63,12565,1547,459,10469,CGY,Pacific,Western
2025-2026,20251128,17,STL,13677,Jordan Kyrou,ROSTER,27.0,"6'0""",175.0,Canada,"Toronto, ON",False,RW,23,6,7,13,2.65,0.3,0.26,0.57,11.0,0.0,2,1,3,4,0,0,0,0,0,0,1,0,0,0.0,-11,125,61,9.8,11,36,28,3,20,7,9,1,0,1,0.0,0,0,7,14,0,484,268,116,106,23367,4341,1155,17871,STL,Central,Western
2025-2026,20251128,9,NYR,56552,Noah Laba,ROSTER,22.0,"6'1""",181.0,USA,"Northville, MI",False,C,25,4,3,7,0.96,0.12,0.16,0.28,23.4,17.4,1,0,1,1,0,0,0,1,0,0,0,0,0,0.0,4,51,24,16.7,17,9,18,22,28,11,4,196,99,97,50.5,6,12,2,4,0,458,359,52,40,19233,2942,308,15420,NYR,Metropolitan,Eastern
2025-2026,20251128,21,VAN,11363,Joseph Labate,ASSIGNED_TO_MINORS,32.0,"6'3""",213.0,USA,"Eagan, MN",True,C,1,0,0,0,2.0,0.0,0.0,0.0,4.0,0.0,0,0,0,0,0,0,0,0,0,0,0,0,0,0.0,-1,3,2,0.0,2,0,1,6,1,0,0,2,1,1,50.0,0,0,0,0,0,16,11,1,4,572,139,0,433,VAN,Pacific,Western
2025-2026,20251128,7,NJD,56425,Shane Lachance,ASSIGNED_TO_MINORS,22.0,"6'4""",195.0,USA,"Andover, MA",False,LW,1,0,0,0,0.0,0.0,0.0,0.0,0.4,0.0,0,0,0,0,0,0,0,0,0,0,0,0,0,0.0,0,0,0,0.0,0,0,0,1,2,0,0,1,1,0,100.0,0,0,0,0,0,10,6,2,0,445,152,0,232,NJD,Metropolitan,Eastern
2025-2026,20251128,29,ANA,38017,Jackson LaCombe,ROSTER,24.0,"6'2""",201.0,USA,"Eden Prairie, MN",True,D,23,3,10,13,2.17,0.43,0.13,0.57,44.3,5.8,1,1,3,4,0,0,0,0,0,0,0,0,0,0.0,0,121,50,6.0,42,47,24,18,49,34,18,0,0,0,0.0,2,4,4,8,0,644,341,101,206,34669,4402,1366,28900,ANA,Pacific,Western
2025-2026,20251128,28,LAK,56457,Alex Laferriere,ROSTER,24.0,"6'0""",173.0,USA,"Chatham, New Jersey",False,RW,23,5,5,10,2.09,0.22,0.22,0.43,31.6,5.8,1,0,0,0,1,0,1,1,0,0,0,0,0,0.0,-1,105,48,10.4,13,29,28,54,27,21,4,93,43,50,46.2,2,4,4,8,0,487,304,96,92,22623,2751,743,19129,LAK,Pacific,Western
2025-2026,20251128,20,CHI,17188,Sam Lafferty,ROSTER,30.0,"6'1""",195.0,USA,"Hollidaysburg, PA",True,C,10,1,0,1,0.2,0.0,0.1,0.1,4.6,14.3,0,0,0,0,0,0,0,0,0,0,0,0,0,0.0,0,6,2,50.0,1,3,1,10,8,4,0,6,4,2,66.7,3,14,0,0,0,131,71,41,20,5412,992,874,3546,CHI,Central,Western
2025-2026,20251128,9,NYR,19048,Alexis Lafrenière,ROSTER,24.0,"6'1""",193.0,Canada,"St-Eustache, QC",True,LW,25,5,8,13,1.92,0.32,0.2,0.52,30.1,8.7,1,1,1,2,0,0,0,1,0,0,0,0,0,0.0,-5,92,48,10.4,15,20,27,45,28,15,7,10,2,8,20.0,3,6,4,8,0,556,382,123,43,25689,5369,1572,18155,NYR,Metropolitan,Eastern
2025-2026,20251128,14,MTL,9628,Patrik Laine,ROSTER,27.0,"6'5""",206.0,Finland,Tampere,False,LW,5,0,1,1,1.2,0.2,0.0,0.2,0.7,2.9,0,0,0,0,0,0,0,0,0,0,0,0,0,0.0,-3,20,6,0.0,0,8,6,2,2,2,0,3,2,1,66.7,1,2,1,2,0,73,46,19,8,3782,716,426,2640,MTL,Atlantic,Eastern
2025-2026,20251128,2,WPJ,53331,Brad Lambert,ASSIGNED_TO_MINORS,21.0,"6'1""",183.0,Finland,Lahti,True,C,4,1,0,1,0.75,0.0,0.25,0.25,2.0,2.9,0,0,0,0,0,0,0,0,0,0,0,0,0,0.0,-1,6,3,33.3,1,2,1,3,3,3,0,1,0,1,0.0,1,2,0,0,0,49,35,9,6,2166,337,94,1735,WPG,,
2025-2026,20251128,7,NJD,15266,Juho Lammikko,ROSTER,29.0,"6'2""",207.0,Finland,Noormarkku,False,C,11,0,0,0,0.91,0.0,0.0,0.0,14.4,2.9,0,0,0,0,0,0,0,0,0,0,0,0,0,0.0,-2,13,10,0.0,9,0,3,17,3,3,1,72,36,36,50.0,1,2,0,0,0,157,89,34,33,6676,1523,452,4937,NJD,Metropolitan,Eastern
2025-2026,20251128,22,COL,4986,Gabriel Landeskog,ROSTER,33.0,"6'1""",215.0,Sweden,Stockholm,False,LW,23,2,6,8,1.52,0.26,0.09,0.35,17.4,33.2,0,0,1,1,0,0,0,1,0,0,0,0,0,0.0,6,77,35,5.7,5,19,23,35,22,10,8,40,21,19,52.5,9,21,5,13,1,441,222,160,61,19944,4920,3090,11934,COL,Central,Western
2025-2026,20251128,5,WSH,28519,Hendrix Lapierre,ROSTER,23.0,"6'0""",179.0,Canada,"Gatineau, QC",True,C,23,0,5,5,0.87,0.22,0.0,0.22,9.7,5.8,0,0,0,0,0,0,0,0,0,0,0,0,0,0.0,2,43,20,0.0,3,8,15,19,12,14,4,85,31,54,36.5,2,4,1,2,0,300,204,53,40,13766,2708,828,10088,WSH,Metropolitan,Eastern
2025-2026,20251128,16,DET,5829,Dylan Larkin,ROSTER,29.0,"6'1""",198.0,USA,"Waterford, MI",False,C,24,13,13,26,3.38,0.54,0.54,1.08,13.2,25.9,4,3,3,6,0,0,0,3,0,1,1,1,0,0.0,8,153,81,16.0,11,33,39,9,13,22,4,510,287,223,56.3,7,22,12,24,0,593,280,107,219,29941,6103,1386,22452,DET,Atlantic,Eastern
2025-2026,20251128,143,SEA,4989,Adam Larsson,ROSTER,33.0,"6'3""",208.0,Sweden,Skelleftea,False,D,23,1,4,5,1.0,0.17,0.04,0.22,57.0,11.6,0,0,0,0,0,0,0,1,0,0,0,0,0,0.0,-4,46,23,4.3,50,17,6,33,22,12,3,0,0,0,0.0,4,8,0,0,0,576,316,102,152,30217,5443,1510,22895,SEA,Pacific,Western
2025-2026,20251128,12,TOR,5139,Scott Laughton,ROSTER,31.0,"6'1""",190.0,Canada,"Oakville, ON",False,C,5,0,0,0,1.4,0.0,0.0,0.0,6.2,2.9,0,0,0,0,0,0,0,0,0,0,0,0,0,0.0,-4,13,7,0.0,2,0,6,12,2,5,1,56,36,20,64.3,1,2,0,0,0,105,54,29,22,3834,1076,319,2439,TOR,Atlantic,Eastern
2025-2026,20251128,142,VGK,15369,Jeremy Lauzon,ROSTER,28.0,"6'1""",204.0,Canada,"Val-dOr, QC",False,D,17,0,4,4,0.88,0.24,0.0,0.24,44.4,46.1,0,0,0,0,0,0,0,0,0,0,0,0,0,0.0,3,49,15,0.0,26,19,15,57,33,11,2,0,0,0,0.0,11,28,7,23,2,369,190,67,113,16225,2923,1094,12196,VGK,Pacific,Western
2025-2026,20251128,24,EDM,5454,Curtis Lazar,ROSTER,30.0,"6'0""",211.0,Canada,"Salmon Arm, BC",False,C,9,1,0,1,0.33,0.0,0.11,0.11,11.5,2.9,0,0,0,0,0,0,0,0,0,0,0,0,0,0.0,-3,14,3,33.3,5,4,7,19,10,0,0,34,18,16,52.9,1,2,1,2,0,127,67,39,19,5165,805,440,3879,EDM,Pacific,Western
2025-2026,20251128,26,SJS,4834,Nick Leddy,ROSTER,34.0,"6'0""",207.0,USA,"Eden Prairie, MN",False,D,9,0,2,2,0.33,0.22,0.0,0.22,14.2,5.8,0,0,0,0,0,0,0,0,0,0,0,0,0,0.0,-4,9,3,0.0,15,4,2,2,3,6,4,0,0,0,0.0,2,4,0,0,0,195,102,32,61,9454,2543,298,6613,SJS,Pacific,Western
2025-2026,20251128,8,NYI,5199,Anders Lee,ROSTER,35.0,"6'3""",231.0,USA,"Edina, MN",False,LW,24,4,8,12,2.58,0.33,0.17,0.5,23.7,30.3,1,0,1,1,0,0,0,1,0,0,0,0,0,0.0,-1,106,62,6.5,17,13,31,23,28,11,5,31,15,16,48.4,8,19,8,19,1,465,254,116,99,22221,5400,1603,15218,NYI,Metropolitan,Eastern
2025-2026,20251128,7,NJD,29745,Nathan Legare,ASSIGNED_TO_MINORS,24.0,"6'0""",205.0,Canada,"Montral, QC",True,RW,1,0,0,0,0.0,0.0,0.0,0.0,1.6,0.0,0,0,0,0,0,0,0,0,0,0,0,0,0,0.0,0,0,0,0.0,1,0,0,2,1,0,0,1,0,1,0.0,0,0,0,0,0,10,8,0,1,495,0,179,256,NJD,Metropolitan,Eastern
2025-2026,20251128,3,CAR,142373,Charles-Alexis Legault,ROSTER,22.0,"6'3""",208.0,Canada,"Montreal, QB",True,D,8,1,1,2,1.25,0.12,0.12,0.25,8.7,14.5,0,0,0,0,0,0,0,0,0,0,0,0,0,0.0,4,24,10,10.0,6,8,6,9,15,8,4,0,0,0,0.0,5,10,2,4,0,158,145,6,8,6369,1006,68,5295,CAR,Metropolitan,Eastern
2025-2026,20251128,22,COL,10064,Artturi Lehkonen,ROSTER,30.0,"6'0""",180.0,Finland,Piikkiö,False,LW,23,9,12,21,2.7,0.52,0.39,0.91,21.5,2.9,3,1,1,2,0,0,0,0,0,0,1,0,0,0.0,21,109,62,14.5,19,18,29,12,32,17,5,2,0,2,0.0,1,2,5,10,0,551,258,146,155,27436,6973,2497,17966,COL,Central,Western
2025-2026,20251128,21,VAN,56699,Jonathan Lekkerimäki,ROSTER,21.0,"5'10""",165.0,Sweden,Huddinge,False,RW,4,1,0,1,0.75,0.0,0.25,0.25,3.6,0.0,0,0,0,0,0,0,0,0,0,0,0,0,0,0.0,0,7,3,33.3,2,2,2,5,5,3,0,0,0,0,0.0,0,0,2,4,0,48,39,4,6,2376,312,0,2064,VAN,Pacific,Western
2025-2026,20251128,5,WSH,142776,Ryan Leonard,ROSTER,,,,,,False,RW,24,5,6,11,2.0,0.25,0.21,0.46,21.4,14.5,1,1,1,2,0,0,0,2,0,0,1,1,0,0.0,3,110,48,10.4,9,37,25,36,33,29,7,9,5,4,55.6,5,10,12,24,0,406,351,45,10,19098,3250,266,15379,WSH,Metropolitan,Eastern
2025-2026,20251128,10,PIT,4030,Kris Letang,ROSTER,38.0,"6'0""",201.0,Canada,"Montreal, QC",False,D,22,1,7,8,1.55,0.32,0.05,0.36,35.6,10.1,0,1,3,4,0,0,0,0,0,0,0,0,0,0.0,3,79,34,2.9,29,30,15,26,37,26,5,0,0,0,0.0,3,8,1,2,0,518,251,110,148,28591,6283,2237,19535,PIT,Metropolitan,Eastern
2025-2026,20251128,20,CHI,142389,Artyom Levshunov,ROSTER,,,,,,False,D,22,1,11,12,1.18,0.5,0.05,0.55,28.2,20.3,0,0,6,6,0,0,0,0,0,0,0,0,0,0.0,0,53,26,3.8,22,17,10,23,36,31,6,0,0,0,0.0,7,14,3,6,0,407,345,47,11,21651,3747,569,17079,CHI,Central,Western
2025-2026,20251128,26,SJS,15133,Timothy Liljegren,ROSTER,26.0,"6'0""",190.0,Sweden,Kristianstad,False,D,18,0,4,4,0.67,0.22,0.0,0.22,40.3,14.5,0,0,0,0,0,0,0,0,0,0,0,0,0,0.0,-3,40,12,0.0,38,19,9,17,33,19,3,0,0,0,0.0,5,10,2,4,0,443,238,84,121,22031,3145,596,18290,SJS,Pacific,Western
2025-2026,20251128,27,DAL,5910,Esa Lindell,ROSTER,31.0,"6'3""",215.0,Finland,Helsinki,False,D,24,3,5,8,1.04,0.21,0.12,0.33,47.3,8.7,1,0,0,0,0,0,0,0,0,0,0,0,0,0.0,12,59,25,12.0,47,20,14,14,44,32,9,0,0,0,0.0,3,6,1,2,0,594,294,154,144,33511,7523,2267,23475,DAL,Central,Western
2025-2026,20251128,143,SEA,14122,Ryan Lindgren,ROSTER,27.0,"6'0""",191.0,USA,"Minneapolis, MN",False,D,23,0,3,3,0.65,0.13,0.0,0.13,38.1,44.7,0,0,0,0,0,0,0,0,0,0,0,0,0,0.0,2,53,15,0.0,38,23,15,11,22,25,2,0,0,0,0.0,11,33,3,9,1,557,323,118,108,26050,4087,1634,20009,SEA,Pacific,Western
2025-2026,20251128,11,BOS,5260,Elias Lindholm,ROSTER,30.0,"6'1""",195.0,Sweden,Boden,False,C,15,4,5,9,1.53,0.33,0.27,0.6,20.8,11.6,1,4,3,7,0,0,0,1,0,0,0,0,0,0.0,-4,52,23,17.4,15,17,12,20,5,13,3,254,146,108,57.5,4,8,2,4,0,309,154,56,103,15666,4126,448,11092,BOS,Atlantic,Eastern
2025-2026,20251128,11,BOS,5228,Hampus Lindholm,ROSTER,31.0,"6'3""",208.0,Sweden,Helsingborg,False,D,17,1,6,7,1.47,0.35,0.06,0.41,23.5,21.7,0,1,2,3,0,0,0,0,0,0,0,0,0,0.0,-7,60,25,4.0,25,21,14,3,25,16,4,0,0,0,0.0,7,16,3,6,0,454,245,81,129,21980,5068,795,16117,BOS,Atlantic,Eastern
2025-2026,20251128,10,PIT,15998,Blake Lizotte,ROSTER,27.0,"5'7""",175.0,USA,"Lindstro, MN",True,C,22,3,1,4,1.23,0.05,0.14,0.18,14.7,7.2,1,0,0,0,0,0,0,0,0,0,0,0,0,0.0,3,47,27,11.1,9,9,13,18,37,17,5,190,94,96,49.5,2,6,1,2,0,429,262,114,48,18322,3309,1953,12784,PIT,Metropolitan,Eastern
2025-2026,20251128,11,BOS,38000,Mason Lohrei,ROSTER,24.0,"6'4""",195.0,USA,"Verona, WI",True,D,20,2,8,10,0.6,0.4,0.1,0.5,23.0,5.8,0,1,2,3,0,0,0,0,0,0,0,0,0,0.0,2,57,12,16.7,22,26,19,9,35,21,6,0,0,0,0.0,2,4,1,2,0,450,332,89,31,20397,3348,764,16285,BOS,Atlantic,Eastern
2025-2026,20251128,23,CGY,13954,Ryan Lomberg,ROSTER,30.0,"5'9""",187.0,Canada,"Richmond Hill, ON",False,LW,23,0,1,1,0.87,0.04,0.0,0.04,33.5,31.4,0,0,0,0,0,0,0,0,0,0,0,0,0,0.0,3,41,20,0.0,6,10,11,76,12,8,0,7,2,5,28.6,4,22,5,16,2,282,153,54,75,12317,1981,920,9416,CGY,Pacific,Western
2025-2026,20251128,12,TOR,5781,Steven Lorentz,ROSTER,29.0,"6'3""",192.0,Canada,"Waterloo, ON",False,C,17,2,4,6,0.94,0.24,0.12,0.35,23.0,8.5,0,0,0,0,1,0,1,0,0,0,0,0,0,0.0,-4,23,16,12.5,10,2,5,38,14,12,2,54,27,27,50.0,1,10,2,4,0,267,138,95,36,11444,2397,1910,7137,TOR,Atlantic,Eastern
2025-2026,20251128,2,WPJ,5456,Adam Lowry,ROSTER,32.0,"6'5""",210.0,USA,"St. Louis, MO",False,C,10,1,2,3,1.5,0.2,0.1,0.3,17.3,10.0,0,0,0,0,0,0,0,0,0,0,0,0,0,0.0,2,28,15,6.7,11,4,9,20,5,8,3,121,58,63,47.9,1,5,2,7,1,218,110,54,55,8360,1320,753,6287,WPG,,
2025-2026,20251128,6,PHI,142694,Jett Luchanko,ROSTER,,,,,,False,C,4,0,0,0,0.25,0.0,0.0,0.0,3.4,2.9,0,0,0,0,0,0,0,0,0,0,0,0,0,0.0,-3,2,1,0.0,3,0,1,2,5,1,0,21,11,10,52.4,1,2,1,2,0,45,40,3,2,2152,343,51,1758,PHI,Metropolitan,Eastern
2025-2026,20251128,4,FLO,30418,Anton Lundell,ROSTER,24.0,"6'1""",185.0,Finland,Espoo,True,C,23,6,12,18,2.0,0.52,0.26,0.78,24.1,14.5,2,2,5,7,1,1,2,0,0,0,2,0,1,50.0,-5,93,46,13.0,17,22,25,24,12,25,2,414,223,191,53.9,5,10,6,12,0,544,334,141,75,26457,7019,2038,17526,FLA,,
2025-2026,20251128,19,CBJ,14546,Isac Lundestrom,ROSTER,26.0,"6'0""",191.0,Sweden,Gällivare,False,C,23,0,2,2,0.61,0.09,0.0,0.09,13.6,5.8,0,0,0,0,0,0,0,0,0,0,0,0,0,0.0,-2,27,14,0.0,11,6,7,10,23,18,2,139,77,62,55.4,2,4,1,2,0,389,246,68,71,16587,2230,1266,12950,CBJ,Metropolitan,Eastern
2025-2026,20251128,27,DAL,14551,Nils Lundkvist,ROSTER,25.0,"5'11""",187.0,Sweden,Pitea,True,D,4,1,2,3,0.5,0.5,0.25,0.75,5.6,2.9,0,0,0,0,0,0,0,0,0,0,0,0,0,0.0,0,7,2,50.0,5,2,3,3,11,6,0,0,0,0,0.0,1,2,0,0,0,83,45,13,26,3839,139,126,3574,DAL,Central,Western
2025-2026,20251128,4,FLO,17339,Eetu Luostarinen,ROSTER,27.0,"6'3""",184.0,Finland,Siilinjrvi,False,C,18,3,7,10,1.78,0.39,0.17,0.56,31.7,11.6,1,1,0,1,0,1,1,0,0,0,0,0,0,0.0,3,58,32,9.4,18,10,16,42,26,12,3,16,8,8,50.0,4,8,9,20,0,395,189,121,88,18111,2926,2477,12708,FLA,,
2025-2026,20251128,13,OTT,30087,Olle Lycksell,ROSTER,26.0,"5'10""",165.0,Sweden,Oskarshamn,True,RW,6,1,0,1,1.0,0.0,0.17,0.17,3.4,0.0,0,0,0,0,0,0,0,1,0,0,0,0,0,0.0,-2,9,6,16.7,3,1,2,2,6,1,0,0,0,0,0.0,0,0,1,2,0,84,59,15,11,3711,543,417,2751,OTT,Atlantic,Eastern
2025-2026,20251128,27,DAL,15176,Ilya Lyubushkin,ROSTER,31.0,"6'2""",201.0,Russia,Moskva,False,D,17,0,4,4,0.53,0.24,0.0,0.24,37.7,25.9,0,0,0,0,0,0,0,0,0,0,0,0,0,0.0,-1,19,9,0.0,33,7,3,22,41,20,4,0,0,0,0.0,6,17,1,5,1,363,200,66,96,16778,2148,807,13777,DAL,Central,Western
2025-2026,20251128,30,UTA,5259,Olli Maatta,ROSTER,31.0,"6'2""",206.0,Finland,Jyväskylä,False,D,16,0,1,1,0.44,0.06,0.0,0.06,10.7,0.0,0,0,0,0,0,0,0,0,0,0,0,0,0,0.0,-1,16,7,0.0,12,4,5,0,38,13,2,0,0,0,0.0,0,0,0,0,0,252,166,24,62,11331,1697,483,9151,UTA,Central,Western
2025-2026,20251128,12,TOR,28458,Matias Maccelli,ROSTER,25.0,"5'11""",165.0,Finland,Turku,True,LW,21,4,5,9,0.81,0.24,0.19,0.43,6.1,5.8,1,0,0,0,0,0,0,1,0,0,0,0,0,0.0,2,37,17,23.5,6,10,10,2,15,16,5,5,3,2,60.0,2,4,3,6,0,355,227,109,23,16593,3898,1451,11244,TOR,Atlantic,Eastern
2025-2026,20251128,13,OTT,11733,Kurtis MacDermid,ROSTER,31.0,"6'5""",233.0,Canada,"Sauble Beach, ON",False,LW,8,0,0,0,0.25,0.0,0.0,0.0,6.5,28.7,0,0,0,0,0,0,0,0,0,0,0,0,0,0.0,-3,2,2,0.0,4,0,0,8,2,1,0,0,0,0,0.0,5,16,4,14,2,67,31,23,13,2122,231,385,1506,OTT,Atlantic,Eastern
2025-2026,20251128,21,VAN,13674,Mackenzie MacEachern,ASSIGNED_TO_MINORS,31.0,"6'2""",190.0,USA,"Bloomfield Hills, MI",False,LW,8,1,3,4,0.75,0.38,0.12,0.5,9.1,11.4,0,0,0,0,0,0,0,0,0,0,0,0,0,0.0,0,10,6,16.7,6,2,2,10,8,3,1,2,1,1,50.0,2,12,1,2,0,124,64,33,28,4888,856,485,3547,VAN,Pacific,Western
2025-2026,20251128,7,NJD,15475,Zack MacEwen,ROSTER,29.0,"6'3""",205.0,Canada,"Charlottetown, PE",True,RW,3,0,0,0,1.33,0.0,0.0,0.0,3.1,0.0,0,0,0,0,0,0,0,0,0,0,0,0,0,0.0,0,7,4,0.0,1,0,3,6,2,2,1,2,0,2,0.0,0,0,0,0,0,26,18,6,2,1140,169,177,794,NJD,Metropolitan,Eastern
2025-2026,20251128,22,COL,5231,Nathan MacKinnon,ROSTER,30.0,"6'0""",200.0,Canada,"Halifax, NS",False,C,23,18,21,39,4.3,0.91,0.78,1.7,21.0,17.4,6,6,4,10,0,0,0,2,0,0,1,0,0,0.0,26,172,99,18.2,16,35,37,18,17,36,6,484,235,249,48.6,6,12,8,16,0,530,261,191,96,29806,8646,4041,17119,COL,Central,Western
2025-2026,20251128,8,NYI,34417,Kyle MacLean,ROSTER,26.0,"6'1""",190.0,USA,"Livingston, NJ",True,C,10,0,1,1,0.7,0.1,0.0,0.1,7.7,24.3,0,0,0,0,0,0,0,0,0,0,0,0,0,0.0,-5,12,7,0.0,2,2,3,16,8,2,1,16,11,5,68.8,4,19,3,9,1,134,80,37,17,5749,1114,358,4277,NYI,Metropolitan,Eastern
2025-2026,20251128,143,SEA,15128,Josh Mahura,ROSTER,27.0,"6'0""",190.0,Canada,"Edmonton, AB",False,D,13,1,1,2,0.69,0.08,0.08,0.15,23.6,17.2,0,0,0,0,0,0,0,1,0,1,0,0,0,0.0,6,24,9,11.1,21,8,7,13,18,7,2,0,0,0,0.0,4,16,1,2,0,280,171,49,57,11835,1481,725,9417,SEA,Pacific,Western
2025-2026,20251128,17,STL,37979,Logan Mailloux,ROSTER,22.0,"6'3""",214.0,Canada,"Belle River, ON",True,D,11,0,1,1,0.73,0.09,0.0,0.09,12.2,5.8,0,0,0,0,0,0,0,0,0,0,0,0,0,0.0,-13,23,8,0.0,7,8,7,16,22,8,1,0,0,0,0.0,2,4,2,6,0,182,142,25,15,8303,942,369,6992,STL,Central,Western
2025-2026,20251128,22,COL,13619,Cale Makar,ROSTER,27.0,"5'11""",187.0,Canada,"Calgary, AB",False,D,23,9,21,30,2.87,0.91,0.39,1.3,41.5,14.5,3,0,8,8,0,0,0,3,0,0,0,0,0,0.0,24,166,66,13.6,41,69,31,13,10,21,13,0,0,0,0.0,5,10,8,16,0,613,347,211,64,35008,9039,6154,19815,COL,Central,Western
2025-2026,20251128,22,COL,56372,Taylor Makar,ASSIGNED_TO_MINORS,24.0,"6'3""",190.0,Canada,"Calgary, AB",False,LW,3,0,0,0,1.0,0.0,0.0,0.0,2.2,0.0,0,0,0,0,0,0,0,0,0,0,0,0,0,0.0,0,5,3,0.0,0,1,1,6,4,0,0,0,0,0,0.0,0,0,0,0,0,27,21,6,0,999,255,36,708,COL,Central,Western
2025-2026,20251128,15,BUF,17164,Beck Malenstyn,ROSTER,27.0,"6'3""",200.0,Canada,"White Rock, BC",False,LW,22,2,2,4,1.23,0.09,0.09,0.18,50.7,2.9,0,0,0,0,0,0,0,0,0,0,0,0,0,0.0,-5,46,27,7.4,26,8,11,74,32,12,1,2,0,2,0.0,1,2,6,12,0,364,175,32,159,15015,1927,175,12913,BUF,Atlantic,Eastern
2025-2026,20251128,22,COL,119984,Sam Malinski,ROSTER,27.0,"5'11""",190.0,USA,"Lakeville, MN",True,D,23,2,10,12,1.74,0.43,0.09,0.52,24.8,2.9,0,0,1,1,0,0,0,1,0,0,0,0,0,0.0,14,95,40,5.0,24,37,18,9,42,21,7,0,0,0,0.0,1,2,1,2,0,469,408,37,26,20973,3300,530,17144,COL,Central,Western
2025-2026,20251128,10,PIT,3652,Evgeni Malkin,ROSTER,39.0,"6'3""",195.0,Russia,Magnitogorsk,False,C,22,6,18,24,2.41,0.82,0.27,1.09,6.9,20.3,2,2,8,10,0,0,0,0,0,0,2,1,1,50.0,6,82,53,11.3,4,15,15,9,18,23,7,174,80,94,46.0,7,14,4,8,0,449,240,135,75,23410,8446,1936,12948,PIT,Metropolitan,Eastern
2025-2026,20251128,28,LAK,34945,Jeff Malott,ROSTER,29.0,"6'3""",201.0,Canada,"Burlington, ON",True,LW,16,2,0,2,0.81,0.0,0.12,0.12,21.7,41.6,0,0,0,0,0,0,0,0,0,0,0,0,0,0.0,-2,31,13,15.4,6,8,10,44,8,7,2,1,1,0,100.0,7,23,4,17,3,178,140,25,15,7603,673,390,6540,LAK,Pacific,Western
2025-2026,20251128,21,VAN,56544,Victor Mancini,ASSIGNED_TO_MINORS,23.0,"6'3""",215.0,USA,"Hancock, MI",True,D,5,0,0,0,0.6,0.0,0.0,0.0,6.7,10.0,0,0,0,0,0,0,0,0,0,0,0,0,0,0.0,-2,7,3,0.0,5,3,1,6,9,2,0,0,0,0,0.0,1,5,1,5,1,69,62,3,4,3158,334,17,2807,VAN,Pacific,Western
2025-2026,20251128,24,EDM,5761,Andrew Mangiapane,ROSTER,29.0,"5'10""",184.0,Canada,"Toronto, ON",False,LW,25,4,4,8,1.04,0.16,0.16,0.32,17.3,2.9,1,0,0,0,0,0,0,1,0,0,0,0,0,0.0,-18,60,26,15.4,11,18,16,20,24,16,2,2,1,1,50.0,1,2,7,14,0,469,215,159,91,21811,4449,2992,13893,EDM,Pacific,Western
2025-2026,20251128,22,COL,5477,Josh Manson,ROSTER,34.0,"6'3""",218.0,USA,"Hinsdale, IL",False,D,23,2,2,4,1.26,0.09,0.09,0.17,50.7,46.1,0,0,0,0,0,0,0,1,0,0,0,0,0,0.0,13,61,29,6.9,33,19,13,57,34,24,10,0,0,0,0.0,11,28,7,20,2,554,282,162,112,24912,4121,2992,17799,COL,Central,Western
2025-2026,20251128,10,PIT,5413,Anthony Mantha,ROSTER,31.0,"6'5""",234.0,Canada,"Longueuil, QC",False,RW,22,8,6,14,1.73,0.27,0.36,0.64,15.0,12.9,2,1,1,2,0,0,0,0,0,0,0,0,0,0.0,10,70,38,21.1,13,16,16,9,17,24,3,6,1,5,16.7,2,7,7,17,1,404,219,119,68,19738,3305,3415,12689,PIT,Metropolitan,Eastern
2025-2026,20251128,4,FLO,4692,Brad Marchand,ROSTER,37.0,"5'9""",181.0,Canada,"Halifax, NS",False,LW,22,14,12,26,2.82,0.55,0.64,1.18,13.1,26.1,4,2,6,8,1,0,1,1,0,0,1,0,1,100.0,-6,123,62,22.6,8,24,37,16,22,24,5,5,1,4,20.0,9,18,12,24,0,492,266,124,116,23961,8332,1869,13991,FLA,,
2025-2026,20251128,19,CBJ,14572,Kirill Marchenko,ROSTER,25.0,"6'3""",187.0,Russia,Barnaul,True,RW,22,8,14,22,2.95,0.64,0.36,1.0,20.5,11.6,2,1,6,7,1,0,1,2,0,0,4,0,4,100.0,8,149,65,12.3,15,42,42,19,24,30,7,1,0,1,0.0,4,8,4,8,0,471,229,94,155,25029,5041,1529,18678,CBJ,Metropolitan,Eastern
2025-2026,20251128,18,NSH,5473,Jonathan Marchessault,ROSTER,34.0,"5'9""",180.0,Canada,"Cap-Rouge, QC",False,RW,20,4,3,7,2.3,0.15,0.2,0.35,14.9,8.7,1,2,0,2,0,0,0,1,0,0,1,0,0,0.0,-13,99,46,8.7,3,31,22,33,11,26,3,10,5,5,50.0,3,6,9,18,0,408,191,149,72,21275,4899,3726,12650,NSH,Central,Western
2025-2026,20251128,143,SEA,17165,Mason Marchment,ROSTER,30.0,"6'4""",201.0,Canada,"Uxbridge, ON",False,LW,22,2,9,11,1.41,0.41,0.09,0.5,19.8,8.7,0,0,3,3,0,0,0,1,0,0,1,0,0,0.0,1,67,31,6.5,8,19,17,34,29,35,8,26,7,19,26.9,3,6,4,8,0,460,232,146,79,22365,3666,1138,17276,SEA,Pacific,Western
2025-2026,20251128,30,UTA,17187,John Marino,ROSTER,28.0,"6'1""",181.0,USA,"Brockton, MA",True,D,24,1,10,11,1.04,0.42,0.04,0.46,23.7,8.7,0,0,0,0,0,0,0,0,0,0,0,0,0,0.0,7,65,25,4.0,24,28,12,6,46,38,7,0,0,0,0.0,3,6,5,10,0,664,368,88,209,29635,4448,1576,23611,UTA,Central,Western
2025-2026,20251128,142,VGK,5599,Mitchell Marner,ROSTER,28.0,"6'0""",175.0,Canada,"Markham, ON",False,RW,23,4,18,22,1.87,0.78,0.17,0.96,15.0,8.7,1,1,4,5,0,0,0,0,0,0,2,0,0,0.0,6,99,43,9.3,13,32,24,9,20,30,12,26,14,12,53.8,3,6,2,4,0,513,239,180,98,28598,6746,3526,18228,VGK,Pacific,Western
2025-2026,20251128,18,NSH,168604,Brady Martin,ROSTER,18.0,"6'0""",174.0,Canada,"Elora, ON",True,C,3,0,1,1,0.67,0.33,0.0,0.33,1.8,0.0,0,0,0,0,0,0,0,0,0,0,0,0,0,0.0,0,3,2,0.0,2,0,1,0,2,4,0,16,5,11,31.2,0,0,0,0,0,39,32,6,1,2055,275,54,1728,NSH,Central,Western
2025-2026,20251128,3,CAR,5495,Jordan Martinook,ROSTER,33.0,"6'0""",196.0,Canada,"Brandon, MB",False,LW,23,2,6,8,1.35,0.26,0.09,0.35,30.0,5.8,0,0,0,0,0,0,0,1,0,0,0,0,0,0.0,3,72,31,6.5,17,16,25,40,25,17,6,26,12,14,46.2,2,4,3,6,0,497,184,204,111,20357,3834,2498,14025,CAR,Metropolitan,Eastern
2025-2026,20251128,1,TBL,120138,Emil Martinsen Lilleberg,ROSTER,24.0,"6'2""",192.0,Norway,Sarpsborg,True,D,23,2,3,5,0.74,0.13,0.09,0.22,29.2,67.8,0,0,0,0,0,0,0,0,0,0,0,0,0,0.0,8,41,17,11.8,19,10,14,33,54,17,4,0,0,0,0.0,16,41,9,31,3,496,392,40,67,22567,3386,351,18834,TBL,Atlantic,Eastern
2025-2026,20251128,19,CBJ,53022,Denton Mateychuk,ROSTER,21.0,"5'11""",194.0,Canada,"Winnipeg, MB",True,D,23,5,4,9,1.09,0.17,0.22,0.39,38.3,2.9,1,0,0,0,0,0,0,0,0,0,0,0,0,0.0,2,51,25,20.0,37,15,11,14,51,21,5,0,0,0,0.0,1,2,3,6,0,521,407,44,72,27075,3565,390,23002,CBJ,Metropolitan,Eastern
2025-2026,20251128,14,MTL,5921,Mike Matheson,ROSTER,31.0,"6'2""",193.0,Canada,"Montreal, QC",False,D,22,4,10,14,1.18,0.45,0.18,0.64,49.7,23.2,1,0,0,0,0,0,0,1,0,1,0,0,0,0.0,13,72,26,15.4,48,28,18,18,26,18,8,0,0,0,0.0,8,16,5,10,0,568,316,105,151,32782,7336,1401,24045,MTL,Atlantic,Eastern
2025-2026,20251128,13,OTT,111262,Nikolas Matinpalo,ROSTER,27.0,"6'3""",207.0,Finland,Espoo,True,D,14,0,3,3,0.71,0.21,0.0,0.21,21.3,5.8,0,0,0,0,0,0,0,0,0,0,0,0,0,0.0,2,42,10,0.0,18,24,8,14,38,7,3,0,0,0,0.0,2,4,0,0,0,327,297,7,23,12450,1828,56,10566,OTT,Atlantic,Eastern
2025-2026,20251128,12,TOR,9627,Auston Matthews,ROSTER,28.0,"6'3""",220.0,USA,"San Ramon, CA",False,C,18,9,5,14,3.78,0.28,0.5,0.78,33.8,8.7,3,1,1,2,0,0,0,2,0,1,0,0,0,0.0,9,129,68,13.2,32,30,31,14,8,23,7,322,190,132,59.0,3,6,2,4,0,441,219,148,83,23157,5542,2935,14680,TOR,Atlantic,Eastern
2025-2026,20251128,8,NYI,5364,Scott Mayfield,ROSTER,33.0,"6'5""",223.0,USA,"St. Louis, MO",False,D,22,0,3,3,0.86,0.14,0.0,0.14,32.4,59.0,0,0,0,0,0,0,0,0,0,0,0,0,0,0.0,-1,55,19,0.0,30,20,16,15,27,25,4,0,0,0,0.0,14,47,9,21,1,528,306,80,142,24139,4369,1823,17947,NYI,Metropolitan,Eastern
2025-2026,20251128,19,CBJ,17949,Dysin Mayo,ASSIGNED_TO_MINORS,29.0,"6'0""",185.0,Canada,"Victoria, BC",False,D,1,0,0,0,3.0,0.0,0.0,0.0,0.0,0.0,0,0,0,0,0,0,0,0,0,0,0,0,0,0.0,-1,5,3,0.0,0,2,0,0,2,0,0,0,0,0,0.0,0,0,0,0,0,13,7,3,3,453,165,0,288,CBJ,Metropolitan,Eastern
2025-2026,20251128,11,BOS,9640,Charlie McAvoy,ROSTER,27.0,"6'0""",208.0,USA,"Long Beach, NY",False,D,19,0,14,14,1.32,0.74,0.0,0.74,38.3,37.7,0,0,5,5,0,0,0,0,0,0,0,0,0,0.0,-2,78,25,0.0,32,25,28,26,34,21,9,0,0,0,0.0,13,26,6,12,0,525,267,128,130,27101,5084,1975,20042,BOS,Atlantic,Eastern
2025-2026,20251128,30,UTA,38370,Jack McBain,ROSTER,25.0,"6'4""",218.0,Canada,"Toronto, ON",True,C,24,1,3,4,1.33,0.12,0.04,0.17,38.6,49.1,0,0,0,0,0,0,0,0,0,0,0,0,0,0.0,1,60,32,3.1,17,13,15,63,36,15,6,237,121,116,51.1,12,30,6,18,2,478,279,123,77,19873,3195,2501,14177,UTA,Central,Western
2025-2026,20251128,12,TOR,5362,Jake McCabe,ROSTER,32.0,"6'1""",204.0,USA,"Eau Claire, WI",False,D,23,3,7,10,0.78,0.3,0.13,0.43,62.4,33.2,1,0,0,0,0,0,0,0,0,0,0,0,0,0.0,4,50,18,16.7,56,21,11,33,30,33,8,0,0,0,0.0,9,21,3,9,1,681,362,165,157,29592,4125,2164,23303,TOR,Atlantic,Eastern
2025-2026,20251128,143,SEA,5824,Jared McCann,ROSTER,29.0,"6'1""",185.0,Canada,"Stratford, ON",False,LW,6,3,2,5,2.67,0.33,0.5,0.83,6.9,0.0,1,0,0,0,0,0,0,1,0,1,1,0,0,0.0,2,32,16,18.8,4,7,9,9,6,1,1,5,2,3,40.0,0,0,3,8,0,146,65,51,33,6260,1992,568,3700,SEA,Pacific,Western
2025-2026,20251128,18,NSH,5893,Michael McCarron,ROSTER,30.0,"6'5""",237.0,USA,"Grosse Pointe, MI",False,C,23,1,4,5,1.26,0.17,0.04,0.22,39.5,34.5,0,0,0,0,0,0,0,0,0,0,0,0,0,0.0,-8,53,29,3.4,18,10,14,63,31,13,6,324,176,148,54.3,7,20,8,22,2,462,210,111,142,19889,3151,1328,15410,NSH,Central,Western
2025-2026,20251128,24,EDM,5576,Connor McDavid,ROSTER,28.0,"6'1""",193.0,Canada,"Richmond Hill, ON",False,C,25,10,24,34,2.92,0.96,0.4,1.36,8.7,14.5,3,3,10,13,0,0,0,0,0,0,1,0,0,0.0,-6,136,73,13.7,6,18,45,9,36,39,9,261,121,140,46.4,5,10,13,26,0,566,278,206,78,34786,8515,5261,20309,EDM,Pacific,Western
2025-2026,20251128,1,TBL,4852,Ryan McDonagh,ROSTER,36.0,"6'1""",214.0,USA,"St. Paul, MN",False,D,15,3,3,6,1.0,0.2,0.2,0.4,26.2,0.0,1,0,0,0,0,0,0,0,0,0,0,0,0,0.0,1,41,15,20.0,26,13,13,8,11,18,6,0,0,0,0.0,0,0,1,2,0,388,212,56,123,18145,4714,623,12772,TBL,Atlantic,Eastern
2025-2026,20251128,5,WSH,5308,Dylan McIlrath,ROSTER,33.0,"6'5""",231.0,Canada,"Winnipeg, MB",False,D,3,0,0,0,0.33,0.0,0.0,0.0,4.4,0.0,0,0,0,0,0,0,0,0,0,0,0,0,0,0.0,1,5,1,0.0,2,3,1,7,4,2,0,0,0,0,0.0,0,0,0,0,0,44,20,7,17,2085,238,154,1693,WSH,Metropolitan,Eastern
2025-2026,20251128,15,BUF,14563,Ryan McLeod,ROSTER,26.0,"6'3""",201.0,Canada,"Mississauga, ON",False,C,23,5,9,14,1.39,0.39,0.22,0.61,10.8,0.0,1,0,3,3,2,0,2,1,0,0,0,0,0,0.0,0,63,32,15.6,10,16,15,5,24,24,7,374,165,209,44.1,0,0,2,4,0,593,286,80,232,24481,2564,437,21480,BUF,Atlantic,Eastern
2025-2026,20251128,12,TOR,39073,Bobby McMann,ROSTER,29.0,"6'1""",205.0,Canada,"Wainwright, AB",True,C,23,5,3,8,1.7,0.13,0.22,0.35,29.9,24.5,1,1,0,1,0,0,0,1,0,0,0,0,0,0.0,-4,73,39,12.8,11,15,19,54,13,8,2,3,2,1,66.7,6,15,4,11,1,443,299,122,27,20299,4896,2266,13137,TOR,Atlantic,Eastern
2025-2026,20251128,5,WSH,17166,Connor McMichael,ROSTER,24.0,"5'11""",182.0,Canada,"Ajax, ON",True,C,24,3,9,12,2.17,0.38,0.12,0.5,12.7,11.6,1,1,0,1,0,0,0,1,0,0,2,1,0,0.0,2,84,52,5.8,10,17,15,10,19,16,12,290,120,170,41.4,4,8,2,4,0,543,329,111,103,23377,3567,1094,18564,WSH,Metropolitan,Eastern
2025-2026,20251128,142,VGK,5041,Brayden McNabb,ROSTER,34.0,"6'4""",213.0,Canada,"Davidson, SK",False,D,23,0,1,1,0.74,0.04,0.0,0.04,74.4,14.5,0,0,0,0,0,0,0,0,0,0,0,0,0,0.0,4,62,17,0.0,67,26,19,39,35,14,5,0,0,0,0.0,5,10,5,10,0,627,341,88,198,29536,7439,1151,20946,VGK,Pacific,Western
2025-2026,20251128,29,ANA,32259,Mason McTavish,ROSTER,22.0,"6'0""",208.0,Switzerland,Zurich,True,C,23,5,10,15,1.7,0.43,0.22,0.65,19.1,45.0,1,0,2,2,0,0,0,1,0,0,1,0,1,100.0,1,101,39,12.8,11,24,38,25,15,17,5,304,143,161,47.0,15,32,7,14,0,496,251,45,208,23008,2023,228,20691,ANA,Pacific,Western
2025-2026,20251128,7,NJD,5604,Timo Meier,ROSTER,29.0,"6'0""",210.0,Switzerland,St. Gallen,False,RW,23,8,11,19,3.26,0.48,0.35,0.83,28.1,14.5,2,3,4,7,0,0,0,1,0,0,0,0,0,0.0,3,152,75,10.7,14,34,43,42,31,24,7,32,18,14,56.2,5,10,4,8,0,503,267,106,136,25510,5116,1409,18875,NJD,Metropolitan,Eastern
2025-2026,20251128,7,NJD,28533,Dawson Mercer,ROSTER,24.0,"6'0""",180.0,Canada,"Carbonear, NL and Labrador",True,C,23,9,8,17,1.87,0.35,0.39,0.74,25.3,11.6,3,3,1,4,1,0,1,1,0,0,0,0,0,0.0,6,85,43,20.9,22,20,22,15,27,18,9,106,44,62,41.5,4,8,7,14,0,517,323,113,89,26329,4368,1817,20055,NJD,Metropolitan,Eastern
2025-2026,20251128,12,TOR,13894,Dakota Mermis,ROSTER,31.0,"6'0""",195.0,USA,"Alton, IL",False,D,8,1,0,1,0.5,0.0,0.12,0.12,4.4,15.8,0,0,0,0,0,0,0,0,0,0,0,0,0,0.0,-3,13,4,25.0,2,5,4,7,20,5,2,0,0,0,0.0,3,9,2,7,1,160,100,27,34,6293,974,472,4847,TOR,Atlantic,Eastern
2025-2026,20251128,15,BUF,120242,Zach Metsa,ROSTER,27.0,"5'9""",181.0,USA,"Delafield, WI",True,D,4,0,0,0,0.25,0.0,0.0,0.0,2.2,2.9,0,0,0,0,0,0,0,0,0,0,0,0,0,0.0,3,4,1,0.0,2,2,1,1,6,1,0,0,0,0,0.0,1,2,1,2,0,49,47,2,0,2117,376,0,1741,BUF,Atlantic,Eastern
2025-2026,20251128,143,SEA,39057,Ben Meyers,ASSIGNED_TO_MINORS,27.0,"5'11""",195.0,USA,"Delano, MN",True,C,9,0,3,3,0.89,0.33,0.0,0.33,6.1,2.9,0,0,0,0,0,0,0,0,0,0,0,0,0,0.0,-1,14,8,0.0,1,1,5,14,8,1,1,51,21,30,41.2,1,2,0,0,0,137,115,14,7,5214,926,84,4150,SEA,Pacific,Western
2025-2026,20251128,6,PHI,134153,Matvei Michkov,ROSTER,20.0,"5'10""",172.0,Russia,Perm,True,RW,22,6,5,11,1.82,0.23,0.27,0.5,10.2,23.2,2,1,0,1,0,0,0,0,0,0,4,0,2,50.0,-4,74,40,15.0,6,23,11,13,21,34,9,2,0,2,0.0,8,16,5,10,0,430,378,51,10,19487,3737,345,15596,PHI,Metropolitan,Eastern
2025-2026,20251128,25,MIN,15459,Jacob Middleton,ROSTER,29.0,"6'3""",210.0,Canada,"Stratford, ON",False,D,22,0,5,5,0.82,0.23,0.0,0.23,41.9,54.7,0,0,0,0,0,0,0,0,0,0,0,0,0,0.0,3,45,18,0.0,34,14,13,31,13,10,3,0,0,0,0.0,11,33,6,23,3,490,271,123,97,23802,3782,2474,17548,MIN,Central,Western
2025-2026,20251128,20,CHI,17145,Ilya Mikheyev,ROSTER,31.0,"6'3""",195.0,Russia,Omsk,True,RW,21,4,3,7,1.71,0.14,0.19,0.33,11.6,11.6,1,0,0,0,0,0,0,1,0,0,0,0,0,0.0,2,62,36,11.1,8,13,13,12,15,13,7,5,0,5,0.0,4,8,5,10,0,475,250,51,174,22747,1932,650,19899,CHI,Central,Western
2025-2026,20251128,4,FLO,5722,Niko Mikkola,ROSTER,29.0,"6'4""",185.0,Finland,Kiiminki,False,D,23,0,4,4,1.09,0.17,0.0,0.17,32.9,34.8,0,0,0,0,0,0,0,0,0,0,0,0,0,0.0,4,66,25,0.0,26,20,21,26,37,30,6,0,0,0,0.0,12,24,9,18,0,606,351,159,96,27054,3495,2367,21192,FLA,,
2025-2026,20251128,5,WSH,5436,Sonny Milano,ROSTER,29.0,"6'0""",194.0,USA,"Massapequa, NY",False,LW,13,3,2,5,1.46,0.15,0.23,0.38,3.3,2.9,1,0,0,0,0,0,0,1,0,0,0,0,0,0.0,2,29,19,15.8,2,3,7,4,8,6,1,6,3,3,50.0,1,2,1,2,0,172,81,48,46,7780,1634,719,5427,WSH,Metropolitan,Eastern
2025-2026,20251128,2,WPJ,5563,Colin Miller,ROSTER,33.0,"6'1""",193.0,Canada,"Sault Ste. Marie, ON",False,D,7,0,0,0,1.0,0.0,0.0,0.0,8.6,2.9,0,0,0,0,0,0,0,0,0,0,0,0,0,0.0,-3,21,7,0.0,5,10,4,11,10,7,1,0,0,0,0.0,1,2,1,2,0,121,70,33,18,5890,765,656,4469,WPG,,
2025-2026,20251128,9,NYR,5161,J.T. Miller,ROSTER,32.0,"6'1""",218.0,USA,"East Palestine, OH",False,C,23,6,7,13,2.22,0.3,0.26,0.57,27.9,11.6,2,2,2,4,0,0,0,1,0,1,1,0,1,100.0,-6,105,51,11.8,8,19,35,56,14,20,4,352,204,148,58.0,4,8,2,4,0,602,266,148,178,28389,6972,2436,18209,NYR,Metropolitan,Eastern
2025-2026,20251128,3,CAR,14545,K'Andre Miller,ROSTER,25.0,"6'5""",210.0,USA,"St. Paul, MN",True,D,17,2,8,10,2.12,0.47,0.12,0.59,22.7,26.1,0,1,2,3,0,1,1,0,0,0,0,0,0,0.0,0,88,36,5.6,15,30,22,25,20,24,14,1,0,1,0.0,9,18,2,4,0,487,281,99,109,23394,3720,940,18734,CAR,Metropolitan,Eastern
2025-2026,20251128,11,BOS,52843,Fraser Minten,ROSTER,21.0,"6'1""",185.0,Canada,"Vancouver, BC",True,C,25,3,5,8,1.24,0.2,0.12,0.32,35.8,17.4,1,0,0,0,0,1,1,1,0,1,0,0,0,0.0,3,68,31,9.7,21,18,19,46,32,9,9,223,117,106,52.5,6,12,4,8,0,479,349,68,65,21184,3411,761,17012,BOS,Atlantic,Eastern
2025-2026,20251128,29,ANA,43373,Pavel Mintyukov,ROSTER,22.0,"6'2""",194.0,Russia,Moskva,True,D,20,0,3,3,0.7,0.15,0.0,0.15,25.0,2.9,0,0,0,0,0,0,0,0,0,0,0,0,0,0.0,0,40,14,0.0,23,15,11,12,24,18,4,0,0,0,0.0,1,2,5,10,0,431,300,47,84,18742,2283,81,16378,ANA,Pacific,Western
2025-2026,20251128,23,CGY,29983,Daniil Miromanov,ASSIGNED_TO_MINORS,28.0,"6'4""",202.0,Russia,Moscow,True,D,1,0,0,0,0.0,0.0,0.0,0.0,1.8,0.0,0,0,0,0,0,0,0,0,0,0,0,0,0,0.0,0,2,0,0.0,2,1,1,0,0,1,0,0,0,0,0.0,0,0,0,0,0,30,23,0,7,1069,0,0,1069,CGY,Pacific,Western
2025-2026,20251128,26,SJS,176687,Michael Misa,ROSTER,18.0,"6'1""",185.0,Canada,"Oakville, ON",True,C,7,1,2,3,1.86,0.29,0.14,0.43,5.2,2.9,0,0,0,0,0,0,0,0,0,0,0,0,0,0.0,-1,22,13,7.7,5,5,4,2,9,5,0,38,20,18,52.6,1,2,1,2,0,106,94,13,0,4930,813,180,3937,SJS,Pacific,Western
2025-2026,20251128,11,BOS,13623,Casey Mittelstadt,ROSTER,27.0,"6'1""",199.0,USA,"Eden Prairie, MN",False,C,15,4,5,9,0.93,0.33,0.27,0.6,8.3,0.0,1,0,0,0,0,0,0,0,0,0,1,0,0,0.0,0,27,14,28.6,8,5,8,3,13,14,2,83,49,34,59.0,0,0,2,4,0,274,151,107,20,13084,2188,1546,9350,BOS,Atlantic,Eastern
2025-2026,20251128,19,CBJ,5242,Sean Monahan,ROSTER,31.0,"6'2""",200.0,Canada,"Brampton, ON",False,C,24,2,8,10,1.96,0.33,0.08,0.42,10.4,5.8,0,1,4,5,0,0,0,1,0,0,1,0,0,0.0,1,76,47,4.3,5,10,19,16,15,17,7,452,243,209,53.8,2,4,5,10,0,540,250,137,153,26769,6907,1697,18098,CBJ,Metropolitan,Eastern
2025-2026,20251128,143,SEA,11648,Brandon Montour,ROSTER,31.0,"6'0""",189.0,Canada,"Ohsweken, ON",False,D,19,5,8,13,2.53,0.42,0.26,0.68,35.2,18.7,1,1,2,3,0,0,0,1,0,1,0,0,0,0.0,6,107,48,10.4,31,33,26,20,26,26,8,0,0,0,0.0,4,11,2,7,1,472,236,92,137,25449,4406,1457,19076,SEA,Pacific,Western
2025-2026,20251128,29,ANA,56251,Ian Moore,ROSTER,23.0,"6'2""",171.0,USA,"Concord, MA",False,D,15,2,1,3,0.93,0.07,0.13,0.2,25.5,17.4,0,0,0,0,0,0,0,1,0,0,0,0,0,0.0,2,41,14,14.3,26,10,17,6,36,13,4,0,0,0,0.0,6,12,1,2,0,288,170,25,95,12405,843,286,11276,ANA,Pacific,Western
2025-2026,20251128,20,CHI,166412,Oliver Moore,ROSTER,20.0,"5'11""",176.0,USA,"Mounds View, MN",True,C,11,2,3,5,1.27,0.27,0.18,0.45,6.5,0.0,0,0,0,0,0,0,0,0,0,0,0,0,0,0.0,0,24,14,14.3,6,1,9,3,16,8,6,10,5,5,50.0,0,0,1,2,0,216,177,25,16,9069,1790,201,7078,CHI,Central,Western
2025-2026,20251128,28,LAK,11811,Trevor Moore,ROSTER,30.0,"5'10""",185.0,USA,"Thousand Oaks, CA",False,LW,22,3,4,7,2.0,0.18,0.14,0.32,16.4,8.7,1,0,0,0,1,1,2,0,0,0,4,0,2,50.0,-1,77,44,6.8,15,12,21,8,40,22,8,9,2,7,22.2,3,6,1,2,0,450,222,143,90,21157,3208,2225,15902,LAK,Pacific,Western
2025-2026,20251128,2,WPJ,5930,Josh Morrissey,ROSTER,30.0,"6'0""",195.0,Canada,"Calgary, AB",False,D,22,5,18,23,1.73,0.82,0.23,1.05,46.0,8.7,1,1,6,7,0,0,0,0,0,0,0,0,0,0.0,9,83,38,13.2,46,27,18,13,25,26,7,0,0,0,0.0,3,6,3,6,0,632,311,221,105,32474,6211,4121,22142,WPG,,
2025-2026,20251128,9,NYR,37982,Scott Morrow,ASSIGNED_TO_MINORS,23.0,"6'2""",195.0,USA,"Darlen, CT",True,D,3,0,0,0,0.67,0.0,0.0,0.0,2.7,0.0,0,0,0,0,0,0,0,0,0,0,0,0,0,0.0,-2,8,2,0.0,3,2,4,0,3,2,0,0,0,0,0.0,0,0,0,0,0,58,40,10,8,2374,351,101,1922,NYR,Metropolitan,Eastern
2025-2026,20251128,23,CGY,142359,Sam Morton,ASSIGNED_TO_MINORS,,,,,,False,C,3,0,0,0,1.0,0.0,0.0,0.0,4.2,8.5,0,0,0,0,0,0,0,0,0,0,0,0,0,0.0,-1,7,3,0.0,1,2,2,9,0,2,1,24,16,8,66.7,1,10,1,2,0,39,32,1,6,1680,197,0,1483,CGY,Pacific,Western
2025-2026,20251128,1,TBL,34441,Janis Moser,ROSTER,25.0,"6'0""",172.0,Switzerland,Biel,True,D,21,1,6,7,1.19,0.29,0.05,0.33,30.5,17.4,0,0,0,0,0,1,1,0,0,0,0,0,0,0.0,11,65,25,4.0,27,27,13,17,43,24,6,0,0,0,0.0,6,12,7,14,0,542,403,56,84,26804,4790,1419,20628,TBL,Atlantic,Eastern
2025-2026,20251128,28,LAK,28507,Jacob Moverare,ROSTER,27.0,"6'2""",198.0,Sweden,stersund,False,D,5,0,0,0,0.8,0.0,0.0,0.0,5.2,0.0,0,0,0,0,0,0,0,0,0,0,0,0,0,0.0,-1,12,4,0.0,5,7,1,2,11,1,1,0,0,0,0.0,0,0,0,0,0,56,36,17,3,2690,193,310,2187,LAK,Pacific,Western
2025-2026,20251128,26,SJS,36849,Shakir Mukhamadullin,ROSTER,23.0,"6'4""",178.0,Russia,Ufa,True,D,12,1,4,5,1.0,0.33,0.08,0.42,14.4,8.7,0,0,0,0,0,0,0,0,0,0,0,0,0,0.0,2,29,12,8.3,14,11,6,5,20,11,1,0,0,0,0.0,3,6,0,0,0,250,165,31,55,12022,1281,370,10371,SJS,Pacific,Western
2025-2026,20251128,20,CHI,5293,Connor Murphy,ROSTER,32.0,"6'4""",212.0,USA,"Dublin, OH",False,D,23,0,3,3,0.87,0.13,0.0,0.13,26.6,30.3,0,0,0,0,0,0,0,0,0,0,0,0,0,0.0,-3,39,20,0.0,21,10,9,21,45,20,3,0,0,0,0.0,8,19,5,13,1,435,215,59,160,20360,4075,511,15726,CHI,Central,Western
2025-2026,20251128,12,TOR,15478,Philippe Myers,ROSTER,28.0,"6'5""",210.0,Canada,"Moncton, NB",False,D,10,0,0,0,1.3,0.0,0.0,0.0,14.4,8.7,0,0,0,0,0,0,0,0,0,0,0,0,0,0.0,-7,29,13,0.0,12,3,13,10,12,6,0,0,0,0,0.0,3,6,0,0,0,204,127,36,41,8539,1390,1446,5703,TOR,Atlantic,Eastern
2025-2026,20251128,21,VAN,4659,Tyler Myers,ROSTER,35.0,"6'8""",229.0,USA,"Katy, TX",False,D,24,1,5,6,1.17,0.21,0.04,0.25,56.6,26.1,0,0,0,0,0,0,0,0,0,0,0,0,0,0.0,-8,68,28,3.6,50,21,19,32,26,26,6,0,0,0,0.0,9,18,6,12,0,601,320,106,176,29886,6565,1568,21753,VAN,Pacific,Western
2025-2026,20251128,3,CAR,133816,Bradly Nadeau,ASSIGNED_TO_MINORS,20.0,"5'10""",161.0,Canada,"St-Francois de Madaw, NB",True,LW,6,1,0,1,0.67,0.0,0.17,0.17,5.1,0.0,0,0,0,0,0,0,0,0,0,0,0,0,0,0.0,1,15,4,25.0,4,4,7,4,8,5,0,1,0,1,0.0,0,0,0,0,0,87,66,14,8,4141,668,70,3403,CAR,Metropolitan,Eastern
2025-2026,20251128,2,WPJ,5136,Vladislav Namestnikov,ROSTER,33.0,"6'0""",183.0,Russia,Zhukovskiy,False,C,22,6,1,7,1.5,0.05,0.27,0.32,23.8,10.1,2,2,0,2,0,0,0,1,0,0,0,0,0,0.0,-2,57,33,18.2,15,12,12,28,17,15,3,96,39,57,40.6,3,8,9,18,0,451,184,179,94,20199,3772,2946,13481,WPG,,
2025-2026,20251128,20,CHI,56367,Frank Nazar,ROSTER,21.0,"5'10""",180.0,USA,"Mt. Clemens, MI",False,C,21,5,10,15,2.19,0.48,0.24,0.71,22.0,11.6,1,1,3,4,0,0,0,1,0,0,1,0,0,0.0,0,85,46,10.9,20,19,20,11,39,28,9,285,126,159,44.2,4,8,11,22,0,487,301,34,153,23975,3012,95,20596,CHI,Central,Western
2025-2026,20251128,22,COL,13627,Martin Necas,ROSTER,26.0,"6'2""",189.0,Czech Republic,Nove Mesto na Morave,False,C,23,13,17,30,2.13,0.74,0.57,1.3,16.2,23.2,4,3,4,7,0,0,0,0,0,0,1,0,0,0.0,21,111,49,26.5,9,32,30,22,34,46,5,13,7,6,53.8,8,16,7,14,0,522,313,158,62,28978,7541,4176,17261,COL,Central,Western
2025-2026,20251128,17,STL,29768,Jake Neighbours,ROSTER,23.0,"6'0""",195.0,Canada,"Airdrie, AB",True,LW,12,6,2,8,1.33,0.17,0.5,0.67,15.4,5.8,2,0,1,1,0,0,0,1,0,0,0,0,0,0.0,-7,32,16,37.5,6,7,9,27,17,7,3,2,2,0,100.0,2,4,2,6,0,240,165,65,16,10687,2850,733,7104,STL,Central,Western
2025-2026,20251128,22,COL,5226,Brock Nelson,ROSTER,34.0,"6'3""",212.0,USA,"Warroad, MN",False,C,23,6,6,12,1.57,0.26,0.26,0.52,19.1,20.3,2,1,1,2,0,0,0,1,0,0,0,0,0,0.0,12,65,36,16.7,16,12,17,13,29,18,7,421,207,214,49.2,7,14,6,12,0,550,242,191,123,25377,7261,2796,15320,COL,Central,Western
2025-2026,20251128,7,NJD,43355,Simon Nemec,ROSTER,21.0,"6'0""",190.0,Slovakia,Liptovsky Mikulas,True,D,23,5,9,14,1.48,0.39,0.22,0.61,33.6,17.4,1,0,0,0,0,0,0,2,0,2,1,0,1,100.0,8,89,34,14.7,35,41,14,6,31,18,5,0,0,0,0.0,6,12,3,6,0,520,434,61,29,27027,5079,580,21553,NJD,Metropolitan,Eastern
2025-2026,20251128,29,ANA,56465,Nikita Nesterenko,ROSTER,24.0,"6'0""",157.0,USA,"Brooklyn, NY",False,C,21,1,7,8,1.0,0.33,0.05,0.38,18.9,10.1,0,0,0,0,0,0,0,1,0,0,0,0,0,0.0,2,46,21,4.8,5,15,10,39,9,11,1,26,9,17,34.6,3,8,4,8,0,375,216,72,89,15367,2691,385,12294,ANA,Pacific,Western
2025-2026,20251128,14,MTL,30019,Alex Newhook,ROSTER,24.0,"5'10""",192.0,Canada,"St. Johns, NL and Labrador",True,C,17,6,6,12,1.41,0.35,0.35,0.71,14.1,11.6,2,1,0,1,0,0,0,2,0,1,0,0,0,0.0,7,41,24,25.0,5,9,8,26,13,4,1,89,37,52,41.6,4,8,6,12,0,316,155,46,121,14934,1354,440,13140,MTL,Atlantic,Eastern
2025-2026,20251128,22,COL,5247,Valeri Nichushkin,ROSTER,30.0,"6'4""",210.0,Russia,Chelyabinsk,False,RW,17,5,7,12,2.41,0.41,0.29,0.71,9.5,5.8,1,1,2,3,0,0,0,0,0,0,2,0,1,50.0,2,81,41,12.2,4,21,19,16,12,12,8,1,1,0,100.0,2,4,4,8,0,401,173,159,75,18344,4324,4002,10169,COL,Central,Western
2025-2026,20251128,2,WPJ,4868,Nino Niederreiter,ROSTER,33.0,"6'2""",218.0,Switzerland,Chur,False,RW,22,4,9,13,1.55,0.41,0.18,0.59,18.3,11.6,1,1,4,5,0,0,0,1,0,0,0,0,0,0.0,4,61,34,11.8,8,16,11,30,14,20,4,4,3,1,75.0,4,8,2,4,0,403,201,134,72,18821,5505,1949,11367,WPG,,
2025-2026,20251128,22,COL,53057,Tristen Nielsen,ASSIGNED_TO_MINORS,25.0,"5'10""",192.0,Canada,"Fort St. John, BC",True,C,4,0,1,1,0.75,0.25,0.0,0.25,4.2,0.0,0,0,0,0,0,0,0,0,0,0,0,0,0,0.0,1,6,3,0.0,1,1,2,9,0,2,0,0,0,0,0.0,0,0,0,0,0,38,27,8,3,1513,147,71,1295,COL,Central,Western
2025-2026,20251128,3,CAR,56336,Alexander Nikishin,ROSTER,24.0,"6'3""",196.0,Russia,Orel,False,D,22,2,6,8,1.73,0.27,0.09,0.36,47.8,17.4,0,0,0,0,0,0,0,0,0,0,0,0,0,0.0,14,91,38,5.3,31,33,20,54,37,25,7,0,0,0,0.0,6,12,2,4,0,543,368,80,97,25701,4066,1226,20409,CAR,Metropolitan,Eastern
2025-2026,20251128,7,NJD,5544,Stefan Noesen,ROSTER,32.0,"6'1""",205.0,USA,"Plano, TX",False,RW,17,1,2,3,1.12,0.12,0.06,0.18,13.3,21.6,0,0,0,0,0,0,0,0,0,0,0,0,0,0.0,-4,39,19,5.3,7,7,13,19,11,11,1,14,7,7,50.0,5,13,3,9,1,295,150,84,60,11856,2670,578,8820,NJD,Metropolitan,Eastern
2025-2026,20251128,15,BUF,13634,Josh Norris,INJURY_LIST,26.0,"6'1""",199.0,USA,"Oxford, MI",False,C,1,0,0,0,4.0,0.0,0.0,0.0,0.4,0.0,0,0,0,0,0,0,0,0,0,0,0,0,0,0.0,0,4,4,0.0,0,0,0,1,3,1,0,12,4,8,33.3,0,0,0,0,0,24,14,1,9,1131,161,0,970,BUF,Atlantic,Eastern
2025-2026,20251128,10,PIT,5680,Thomas Novak,ROSTER,28.0,"6'1""",179.0,USA,"St. Paul, MN",False,C,22,2,5,7,1.32,0.23,0.09,0.32,9.4,8.7,0,1,1,2,0,0,0,1,0,0,0,0,0,0.0,-2,60,29,6.9,8,13,19,6,36,14,5,49,20,29,40.8,3,6,2,4,0,371,211,91,65,17115,3003,1281,12503,PIT,Metropolitan,Eastern
2025-2026,20251128,24,EDM,4993,Ryan Nugent-Hopkins,ROSTER,32.0,"6'0""",184.0,Canada,"Burnaby, BC",False,C,16,5,11,16,1.44,0.69,0.31,1.0,6.2,5.8,1,2,7,9,0,0,0,0,0,0,2,0,0,0.0,-11,51,23,21.7,4,16,12,7,7,9,3,92,38,54,41.3,2,4,1,2,0,346,160,90,93,18057,5103,1596,10927,EDM,Pacific,Western
2025-2026,20251128,24,EDM,5464,Darnell Nurse,ROSTER,30.0,"6'4""",221.0,Canada,"Hamilton, ON",False,D,25,5,5,10,2.28,0.2,0.2,0.4,68.0,38.9,1,0,0,0,0,0,0,0,0,0,0,0,0,0.0,-10,127,57,8.8,61,43,27,36,26,23,5,0,0,0,0.0,9,29,4,11,1,612,352,94,163,31059,5028,1625,23970,EDM,Pacific,Western
2025-2026,20251128,12,TOR,5418,William Nylander,ROSTER,29.0,"6'0""",196.0,Canada,"Calgary, AB",False,RW,20,11,20,31,2.35,1.0,0.55,1.55,10.1,17.4,3,1,3,4,0,0,0,2,0,2,0,0,0,0.0,7,101,47,23.4,10,29,25,3,6,21,8,36,14,22,38.9,6,12,1,2,0,483,229,190,76,24332,6541,3254,14498,TOR,Atlantic,Eastern
2025-2026,20251128,143,SEA,56632,Jani Nyman,ROSTER,21.0,"6'4""",217.0,Finland,Valkeakoski,False,RW,15,3,0,3,1.27,0.0,0.2,0.2,7.0,8.7,1,1,0,1,0,0,0,0,0,0,0,0,0,0.0,2,40,19,15.8,2,9,12,14,16,6,1,5,2,3,40.0,3,6,4,8,0,209,166,21,25,9212,1348,312,7552,SEA,Pacific,Western
2025-2026,20251128,2,WPJ,5026,Gustav Nyquist,ROSTER,36.0,"5'11""",179.0,Sweden,Halmstad,False,RW,17,0,6,6,1.29,0.35,0.0,0.35,11.0,2.9,0,0,3,3,0,0,0,0,0,0,0,0,0,0.0,0,44,22,0.0,9,13,9,8,13,8,5,12,6,6,50.0,1,2,3,6,0,290,170,81,39,12694,3555,1193,7946,WPG,,
2025-2026,20251128,3,CAR,56329,Joel Nyström,ROSTER,23.0,"5'11""",170.0,Sweden,Karlstad,True,D,17,0,3,3,1.41,0.18,0.0,0.18,11.5,2.9,0,0,0,0,0,0,0,0,0,0,0,0,0,0.0,3,67,24,0.0,12,32,11,2,33,18,1,0,0,0,0.0,1,2,0,0,0,425,329,47,49,17602,2136,325,15141,CAR,Metropolitan,Eastern
2025-2026,20251128,30,UTA,5452,Liam O'Brien,ROSTER,31.0,"6'1""",215.0,Canada,"Halifax, NS",False,C,8,1,0,1,1.5,0.0,0.12,0.12,9.1,22.9,0,0,0,0,0,0,0,0,0,0,0,0,0,0.0,-5,26,12,8.3,4,7,7,15,9,3,1,0,0,0,0.0,3,12,2,10,2,109,61,20,29,4510,1067,417,3026,UTA,Central,Western
2025-2026,20251128,21,VAN,28409,Drew O'Connor,ROSTER,27.0,"6'3""",205.0,USA,"Wayne, New Jersey",True,LW,24,7,4,11,1.25,0.17,0.29,0.46,19.2,20.3,2,0,0,0,1,0,1,1,0,0,0,0,0,0.0,2,64,30,23.3,14,16,18,18,22,18,3,26,17,9,65.4,7,14,6,12,0,441,262,77,108,20172,2334,1410,16428,VAN,Pacific,Western
2025-2026,20251128,25,MIN,43372,Liam Ohgren,ROSTER,21.0,"6'1""",201.0,Sweden,Stockholm,True,LW,11,0,0,0,0.82,0.0,0.0,0.0,12.4,0.0,0,0,0,0,0,0,0,0,0,0,0,0,0,0.0,-4,20,9,0.0,6,11,0,19,11,4,0,3,2,1,66.7,0,0,0,0,0,131,103,6,22,6319,713,0,5606,MIN,Central,Western
2025-2026,20251128,143,SEA,5156,Jamie Oleksiak,ROSTER,32.0,"6'7""",255.0,Canada,"Toronto, ON",False,D,23,2,3,5,1.13,0.13,0.09,0.22,37.8,11.6,0,0,0,0,0,0,0,0,0,0,0,0,0,0.0,4,51,26,7.7,29,15,10,32,26,20,9,0,0,0,0.0,4,8,3,6,0,481,262,77,139,22467,4342,829,17063,SEA,Pacific,Western
2025-2026,20251128,19,CBJ,17349,Mathieu Olivier,ROSTER,28.0,"6'2""",210.0,USA,"Biloxi, Mississippi",False,RW,23,3,6,9,1.26,0.26,0.13,0.39,43.3,64.4,1,0,0,0,0,0,0,1,0,0,0,0,0,0.0,2,63,29,10.3,19,14,20,71,20,9,3,0,0,0,0.0,9,44,10,32,4,404,208,114,83,19318,3482,1379,14394,CBJ,Metropolitan,Eastern
2025-2026,20251128,22,COL,15140,Victor Olofsson,ROSTER,30.0,"5'11""",183.0,Sweden,Ornskoldsvik,False,LW,23,6,10,16,2.48,0.43,0.26,0.7,7.2,5.8,2,2,4,6,0,0,0,1,0,0,1,0,0,0.0,1,94,57,10.5,6,22,15,5,14,19,5,1,0,1,0.0,2,4,3,6,0,412,182,167,69,19563,5525,2423,11615,COL,Central,Western
2025-2026,20251128,18,NSH,4703,Ryan O'Reilly,ROSTER,34.0,"6'1""",216.0,Canada,"Clinton, ON",False,C,23,7,9,16,1.7,0.39,0.3,0.7,18.7,0.0,2,1,1,2,1,0,1,3,0,0,1,0,1,100.0,0,65,39,17.9,18,9,17,7,20,10,17,415,239,176,57.6,0,0,1,2,0,534,258,148,136,26846,8553,3042,15377,NSH,Central,Western
2025-2026,20251128,26,SJS,5036,Dmitry Orlov,ROSTER,34.0,"5'11""",208.0,Russia,Novokuznetsk,False,D,24,0,13,13,1.33,0.54,0.0,0.54,39.6,20.3,0,0,5,5,0,0,0,0,0,0,0,0,0,0.0,-1,69,32,0.0,31,24,13,32,28,34,6,0,0,0,0.0,7,14,2,4,0,586,298,121,167,31788,8690,1619,21480,SJS,Pacific,Western
2025-2026,20251128,26,SJS,34836,Zack Ostapchuk,ROSTER,22.0,"6'4""",203.0,Canada,"St. Albert, AB",True,C,6,0,0,0,0.67,0.0,0.0,0.0,7.3,2.9,0,0,0,0,0,0,0,0,0,0,0,0,0,0.0,-3,6,4,0.0,2,0,2,15,3,3,0,53,29,24,54.7,1,2,1,2,0,86,62,12,12,3602,347,83,3172,SJS,Pacific,Western
2025-2026,20251128,15,BUF,43366,Noah Ostlund,ROSTER,21.0,"5'10""",164.0,Sweden,Nykvarn,True,C,15,3,2,5,1.27,0.13,0.2,0.33,11.1,2.9,1,1,0,1,0,0,0,0,0,0,0,0,0,0.0,3,28,19,15.8,12,5,4,1,9,6,2,100,24,76,24.0,1,2,1,2,0,265,221,37,10,11748,1928,845,8975,BUF,Atlantic,Eastern
2025-2026,20251128,9,NYR,34526,Brennan Othmann,ASSIGNED_TO_MINORS,22.0,"6'0""",175.0,Canada,"Scarborough, ON",True,LW,1,0,0,0,1.0,0.0,0.0,0.0,0.7,0.0,0,0,0,0,0,0,0,0,0,0,0,0,0,0.0,-1,2,1,0.0,0,1,0,2,1,0,0,0,0,0,0.0,0,0,0,0,0,16,11,0,5,751,0,0,751,NYR,Metropolitan,Eastern
2025-2026,20251128,5,WSH,3495,Alex Ovechkin,ROSTER,40.0,"6'3""",236.0,Russia,Moscow,False,LW,24,11,11,22,2.38,0.46,0.46,0.92,19.7,5.8,3,1,3,4,0,0,0,3,0,0,2,2,0,0.0,8,163,57,19.3,5,60,46,41,7,26,2,1,1,0,100.0,2,4,2,4,0,490,285,129,83,25690,8795,2251,14309,WSH,Metropolitan,Eastern
2025-2026,20251128,23,CGY,18227,Brayden Pachal,ROSTER,26.0,"6'0""",200.0,Canada,"Estevan, SK",False,D,18,0,3,3,0.67,0.17,0.0,0.17,28.4,28.6,0,0,0,0,0,0,0,0,0,0,0,0,0,0.0,0,45,12,0.0,16,22,11,38,33,14,5,0,0,0,0.0,6,28,5,12,0,359,259,44,56,14505,1812,943,11750,CGY,Pacific,Western
2025-2026,20251128,8,NYI,5207,Jean-Gabriel Pageau,ROSTER,33.0,"5'10""",180.0,Canada,"Ottawa, ON",False,C,22,6,6,12,1.0,0.27,0.27,0.55,32.8,0.0,2,0,0,0,2,2,4,2,0,1,0,0,0,0.0,0,42,22,27.3,23,8,12,33,24,15,7,331,197,134,59.5,0,0,2,4,0,467,204,133,137,20324,4093,1317,14914,NYI,Metropolitan,Eastern
2025-2026,20251128,7,NJD,5178,Ondrej Palat,ROSTER,34.0,"5'11""",194.0,Czech Republic,Frydek-Mistek,False,LW,23,1,1,2,1.13,0.04,0.04,0.09,32.6,7.2,0,0,1,1,0,0,0,0,0,0,0,0,0,0.0,-1,49,26,3.8,19,7,16,42,33,7,3,4,1,3,25.0,2,6,6,12,0,426,225,88,113,17669,3880,919,13109,NJD,Metropolitan,Eastern
2025-2026,20251128,8,NYI,4796,Kyle Palmieri,ROSTER,34.0,"5'11""",185.0,USA,"Smithtown, NY",False,C,24,6,11,17,2.96,0.46,0.25,0.71,14.7,11.6,2,1,4,5,1,0,1,1,0,0,1,0,1,100.0,-2,125,71,8.5,9,26,28,18,18,17,5,4,2,2,50.0,4,8,4,10,0,540,284,122,141,27750,9091,1497,17231,NYI,Metropolitan,Eastern
2025-2026,20251128,9,NYR,5811,Artemi Panarin,ROSTER,34.0,"5'11""",170.0,Russia,Korkino,False,LW,25,7,15,22,2.64,0.6,0.28,0.88,2.9,8.7,2,0,6,6,0,0,0,2,0,0,1,0,0,0.0,-4,165,66,10.6,2,55,46,3,9,30,5,0,0,0,0.0,3,6,1,2,0,568,284,133,143,30956,5988,2159,21962,NYR,Metropolitan,Eastern
2025-2026,20251128,17,STL,5826,Colton Parayko,ROSTER,32.0,"6'6""",230.0,Canada,"St. Albert, AB",False,D,24,0,7,7,1.08,0.29,0.0,0.29,59.9,14.5,0,0,0,0,0,0,0,0,0,0,0,0,0,0.0,-4,68,26,0.0,59,21,21,19,35,26,9,0,0,0,0.0,5,10,5,10,0,695,391,129,175,33499,6364,1690,25445,STL,Central,Western
2025-2026,20251128,23,CGY,142360,Zayne Parekh,ROSTER,,,,,,False,D,11,0,1,1,1.0,0.09,0.0,0.09,6.3,0.0,0,0,1,1,0,0,0,0,0,0,0,0,0,0.0,0,35,11,0.0,5,18,6,5,19,17,3,0,0,0,0.0,0,0,4,8,0,220,183,32,5,9744,1736,105,7903,CGY,Pacific,Western
2025-2026,20251128,9,NYR,34307,Juuso Parssinen,UNDRAFTED,24.0,"6'2""",203.0,Finland,Hmeenlinna,True,C,14,2,1,3,0.86,0.07,0.14,0.21,15.5,2.9,0,0,0,0,0,0,0,0,0,0,0,0,0,0.0,3,21,12,16.7,9,4,5,20,11,6,3,29,14,15,48.3,1,2,2,4,0,184,129,24,29,7501,857,337,6117,NYR,Metropolitan,Eastern
2025-2026,20251128,11,BOS,5437,David Pastrnak,ROSTER,29.0,"6'0""",194.0,Czech Republic,Havirov,False,RW,25,11,18,29,3.44,0.72,0.44,1.16,20.9,23.2,3,5,8,13,0,0,0,2,0,0,0,0,0,0.0,-8,194,86,12.8,8,65,43,37,25,44,8,1,1,0,100.0,8,16,10,20,0,515,272,139,115,30139,8621,2428,19090,BOS,Atlantic,Eastern
2025-2026,20251128,1,TBL,5919,Nick Paul,ROSTER,30.0,"6'3""",219.0,Canada,"Mississauga, ON",False,LW,4,1,1,2,1.5,0.25,0.25,0.5,4.4,0.0,0,0,0,0,0,0,0,0,0,0,0,0,0,0.0,2,12,6,16.7,2,2,4,7,1,3,2,50,27,23,54.0,0,0,0,0,0,87,42,31,15,4289,1351,770,2168,TBL,Atlantic,Eastern
2025-2026,20251128,2,WPJ,5292,Tanner Pearson,ROSTER,33.0,"6'1""",201.0,Canada,"Kitchener, ON",False,LW,20,3,1,4,0.85,0.05,0.15,0.2,18.2,14.5,1,0,0,0,0,0,0,0,0,0,0,0,0,0.0,0,30,17,17.6,12,7,6,20,12,12,2,7,3,4,42.9,5,10,2,4,0,342,160,104,81,13282,2578,1888,8816,WPG,,
2025-2026,20251128,11,BOS,15999,Andrew Peeke,ROSTER,27.0,"6'3""",194.0,USA,"Parkland, FL",False,D,25,0,4,4,1.04,0.16,0.0,0.16,62.6,5.8,0,0,0,0,0,0,0,0,0,0,0,0,0,0.0,-1,63,26,0.0,55,19,18,36,37,26,6,0,0,0,0.0,2,4,1,2,0,625,347,101,177,29701,3953,1530,24218,BOS,Atlantic,Eastern
2025-2026,20251128,8,NYI,5856,Adam Pelech,ROSTER,31.0,"6'3""",218.0,Canada,"Toronto, ON",False,D,24,0,2,2,1.29,0.08,0.0,0.08,37.2,11.6,0,0,0,0,0,0,0,0,0,0,0,0,0,0.0,8,95,31,0.0,37,32,32,11,35,21,12,0,0,0,0.0,4,8,4,8,0,644,339,115,190,28255,4539,1453,22263,NYI,Metropolitan,Eastern
2025-2026,20251128,1,TBL,19088,Jakob Pelletier,ROSTER,24.0,"5'9""",165.0,Canada,"Quebec, QC",False,LW,1,0,0,0,0.0,0.0,0.0,0.0,1.3,0.0,0,0,0,0,0,0,0,0,0,0,0,0,0,0.0,0,3,0,0.0,1,0,3,1,1,0,0,1,1,0,100.0,0,0,0,0,0,11,7,4,0,372,30,26,316,TBL,Atlantic,Eastern
2025-2026,20251128,18,NSH,38801,Nicklaus Perbix,ROSTER,27.0,"6'4""",200.0,USA,"Minneapolis, MN",True,D,23,2,1,3,1.26,0.04,0.09,0.13,27.6,8.7,0,0,0,0,0,0,0,0,0,0,0,0,0,0.0,-9,71,29,6.9,25,29,13,14,25,25,6,0,0,0,0.0,3,6,0,0,0,580,346,118,118,28234,3668,2292,22274,NSH,Central,Western
2025-2026,20251128,2,WPJ,28522,Cole Perfetti,ROSTER,23.0,"5'10""",177.0,Canada,"Whitby, ON",True,C,8,1,2,3,2.0,0.25,0.12,0.38,5.6,2.9,0,1,1,2,0,0,0,0,0,0,0,0,0,0.0,-7,37,16,6.2,5,13,8,3,8,9,4,2,1,1,50.0,1,2,0,0,0,157,97,58,3,7767,2400,974,4393,WPG,,
2025-2026,20251128,9,NYR,142684,Gabe Perreault,ASSIGNED_TO_MINORS,,,,,,False,RW,3,0,1,1,0.67,0.33,0.0,0.33,4.0,0.0,0,0,1,1,0,0,0,0,0,0,0,0,0,0.0,2,4,2,0.0,4,1,1,1,3,2,0,0,0,0,0.0,0,0,0,0,0,55,52,3,0,2368,617,0,1751,NYR,Metropolitan,Eastern
2025-2026,20251128,13,OTT,4307,David Perron,ROSTER,37.0,"6'0""",200.0,Canada,"Sherbrooke, QC",False,LW,23,2,8,10,1.04,0.35,0.09,0.43,17.2,11.6,0,2,3,5,0,0,0,0,0,0,0,0,0,0.0,-2,42,24,8.3,8,8,10,27,15,11,5,4,0,4,0.0,4,8,6,12,0,469,232,115,124,19569,5353,1676,12540,OTT,Atlantic,Eastern
2025-2026,20251128,28,LAK,3626,Corey Perry,ROSTER,40.0,"6'3""",205.0,Canada,"Peterborough, ON",False,RW,17,7,6,13,2.06,0.35,0.41,0.76,6.3,21.6,2,1,4,5,0,0,0,0,0,0,3,1,0,0.0,5,64,35,20.0,5,14,15,5,17,12,1,6,3,3,50.0,5,13,6,17,1,278,148,87,50,14415,5075,1158,8182,LAK,Pacific,Western
2025-2026,20251128,7,NJD,5845,Brett Pesce,ROSTER,31.0,"6'3""",206.0,USA,"Tarrytown, NY",False,D,9,0,3,3,0.89,0.33,0.0,0.33,23.0,2.9,0,0,0,0,0,0,0,0,0,0,0,0,0,0.0,3,17,8,0.0,24,5,4,4,10,4,2,0,0,0,0.0,1,2,1,2,0,193,89,44,60,10614,1679,548,8387,NJD,Metropolitan,Eastern
2025-2026,20251128,30,UTA,28525,John-Jason Peterka,ROSTER,23.0,"5'11""",192.0,Germany,Munich,True,RW,24,9,7,16,1.96,0.29,0.38,0.67,7.2,11.6,3,0,0,0,0,0,0,1,0,0,0,0,0,0.0,2,94,47,19.1,6,31,16,5,18,24,7,11,4,7,36.4,4,8,3,6,0,494,287,95,121,22835,2849,948,19038,UTA,Central,Western
2025-2026,20251128,27,DAL,5213,Alex Petrovic,ROSTER,33.0,"6'4""",216.0,Canada,"Edmonton, AB",False,D,22,1,5,6,1.27,0.23,0.05,0.27,44.3,34.4,0,0,0,0,0,0,0,0,0,0,0,0,0,0.0,7,51,28,3.6,35,17,6,35,43,21,6,0,0,0,0.0,7,27,1,5,1,404,241,52,110,20422,4814,782,14747,DAL,Central,Western
2025-2026,20251128,4,FLO,4929,Jeff Petry,ROSTER,37.0,"6'3""",209.0,USA,"Ann Arbor, MI",False,D,23,0,5,5,0.7,0.22,0.0,0.22,31.0,17.4,0,0,2,2,0,0,0,0,0,0,0,0,0,0.0,-4,49,16,0.0,28,22,11,16,37,21,1,0,0,0,0.0,6,12,0,0,0,452,246,75,131,19956,4804,1012,14140,FLA,,
2025-2026,20251128,21,VAN,15084,Elias Pettersson,ROSTER,27.0,"6'2""",176.0,Sweden,Sundsvall,False,C,24,7,14,21,1.75,0.58,0.29,0.88,50.5,8.7,2,2,6,8,1,0,1,0,0,0,2,1,0,0.0,-5,95,42,16.7,46,21,32,25,26,24,13,529,253,276,47.8,3,6,6,12,0,564,303,173,93,29535,5525,4875,19135,VAN,Pacific,Western
2025-2026,20251128,21,VAN,56700,Elias Nils Pettersson,ROSTER,21.0,"6'2""",185.0,Sweden,Västerås,False,D,23,0,2,2,0.61,0.09,0.0,0.09,38.7,11.6,0,0,0,0,0,0,0,0,0,0,0,0,0,0.0,-6,45,14,0.0,32,21,10,27,31,22,5,0,0,0,0.0,4,8,7,17,0,440,333,29,78,18745,2192,435,16118,VAN,Pacific,Western
2025-2026,20251128,21,VAN,14114,Marcus Pettersson,ROSTER,29.0,"6'3""",177.0,Sweden,Skellefteå,False,D,24,1,4,5,0.67,0.17,0.04,0.21,39.7,39.0,0,0,0,0,0,0,0,0,0,0,0,0,0,0.0,4,47,16,6.2,39,13,18,13,49,25,5,0,0,0,0.0,11,25,1,5,1,592,303,98,192,29958,4076,1419,24463,VAN,Pacific,Western
2025-2026,20251128,24,EDM,39040,Noah Philp,ROSTER,27.0,"6'3""",200.0,Canada,"Canmore, AB",True,C,15,2,1,3,0.8,0.07,0.13,0.2,10.7,5.8,0,0,0,0,0,0,0,0,0,0,0,0,0,0.0,-7,19,12,16.7,2,6,1,24,12,7,4,102,58,44,56.9,2,4,2,4,0,203,113,61,30,9036,1648,921,6453,EDM,Pacific,Western
2025-2026,20251128,10,PIT,43371,Owen Pickering,ROSTER,21.0,"6'4""",180.0,Canada,"St. Adolphe, MB",True,D,4,0,0,0,0.25,0.0,0.0,0.0,2.2,2.9,0,0,0,0,0,0,0,0,0,0,0,0,0,0.0,-3,6,1,0.0,2,4,1,1,6,4,1,0,0,0,0.0,1,2,0,0,0,73,60,2,11,2903,311,32,2560,PIT,Metropolitan,Eastern
2025-2026,20251128,19,CBJ,133826,Luca Pinelli,ROSTER,20.0,"5'9""",165.0,Canada,"Stoney Creek, ON",True,C,1,0,0,0,2.0,0.0,0.0,0.0,1.3,0.0,0,0,0,0,0,0,0,0,0,0,0,0,0,0.0,0,3,2,0.0,1,0,1,1,1,1,0,0,0,0,0.0,0,0,0,0,0,21,18,3,0,980,63,0,917,CBJ,Metropolitan,Eastern
2025-2026,20251128,13,OTT,30027,Shane Pinto,ROSTER,25.0,"6'3""",201.0,USA,"Franklin Square, NY",True,C,23,11,6,17,2.48,0.26,0.48,0.74,25.1,17.4,3,1,0,1,0,1,1,1,0,0,2,0,2,100.0,0,122,57,19.3,16,29,36,29,29,22,7,264,143,121,54.2,6,12,7,14,0,620,296,117,220,26894,3577,1002,22483,OTT,Atlantic,Eastern
2025-2026,20251128,2,WPJ,14095,Neal Pionk,ROSTER,30.0,"6'0""",186.0,USA,"Hermantown, MN",False,D,21,1,4,5,2.05,0.19,0.05,0.24,47.8,14.5,0,1,1,2,0,0,0,1,0,0,0,0,0,0.0,0,101,43,2.3,36,41,17,42,18,23,4,0,0,0,0.0,5,10,2,4,0,581,347,163,72,28636,5531,3530,19575,WPG,,
2025-2026,20251128,25,MIN,5274,Tyler Pitlick,ROSTER,34.0,"6'2""",200.0,USA,"Minneapolis, MN",False,C,13,0,0,0,0.69,0.0,0.0,0.0,18.1,24.9,0,0,0,0,0,0,0,0,0,0,0,0,0,0.0,-2,15,9,0.0,7,2,4,32,10,3,1,1,0,1,0.0,3,22,2,7,1,128,68,43,18,6038,1601,299,4138,MIN,Central,Western
2025-2026,20251128,24,EDM,30369,Vasily Podkolzin,ROSTER,24.0,"6'1""",190.0,Russia,Moscow,True,RW,25,4,6,10,1.48,0.24,0.16,0.4,40.5,15.8,1,0,0,0,0,0,0,2,0,0,0,0,0,0.0,5,62,37,10.8,15,12,13,73,25,15,4,19,7,12,36.8,3,9,3,9,1,472,303,127,37,22806,5291,2199,14907,EDM,Pacific,Western
2025-2026,20251128,29,ANA,13640,Ryan Poehling,ROSTER,26.0,"6'2""",204.0,USA,"Lakeville, MN",False,C,16,1,5,6,0.69,0.31,0.06,0.38,14.2,5.8,0,0,0,0,0,0,0,0,0,0,0,0,0,0.0,-2,25,11,9.1,13,7,7,7,17,10,2,178,80,98,44.9,2,4,3,6,0,296,138,53,106,12033,1475,473,10085,ANA,Pacific,Western
2025-2026,20251128,1,TBL,10079,Brayden Point,ROSTER,29.0,"5'10""",166.0,Canada,"Calgary, AB",False,C,21,3,8,11,2.1,0.38,0.14,0.52,8.3,8.7,1,1,2,3,0,0,0,0,0,0,0,0,0,0.0,-11,81,44,6.8,8,18,19,3,12,16,3,234,105,129,44.9,3,6,5,10,0,455,228,146,84,23767,6116,4126,13525,TBL,Atlantic,Eastern
2025-2026,20251128,22,COL,79720,Jason Polin,ASSIGNED_TO_MINORS,26.0,"6'0""",198.0,USA,"Holt, MI",True,RW,2,0,0,0,0.0,0.0,0.0,0.0,4.4,0.0,0,0,0,0,0,0,0,0,0,0,0,0,0,0.0,1,0,0,0.0,2,0,0,7,1,0,0,0,0,0,0.0,0,0,0,0,0,19,16,2,1,717,38,51,628,COL,Central,Western
2025-2026,20251128,10,PIT,28491,Sam Poulin,ASSIGNED_TO_MINORS,24.0,"6'1""",208.0,Canada,"Blainville, QC",True,RW,2,0,0,0,0.5,0.0,0.0,0.0,2.5,0.0,0,0,0,0,0,0,0,0,0,0,0,0,0,0.0,-2,6,1,0.0,2,1,4,2,5,1,1,0,0,0,0.0,0,0,0,0,0,30,21,6,3,1658,289,59,1310,PIT,Metropolitan,Eastern
2025-2026,20251128,15,BUF,34475,Owen Power,ROSTER,23.0,"6'6""",214.0,Canada,"Mississauga, ON",True,D,22,2,5,7,1.14,0.23,0.09,0.32,24.1,5.8,0,0,0,0,0,2,2,0,0,0,0,0,0,0.0,-6,67,25,8.0,22,25,17,12,30,23,8,0,0,0,0.0,2,4,1,2,0,578,362,88,130,27366,3467,1172,22727,BUF,Atlantic,Eastern
2025-2026,20251128,5,WSH,28499,Aliaksei Protas,ROSTER,24.0,"6'5""",190.0,Belarus,Vitebsk,True,C,24,6,8,14,2.08,0.33,0.25,0.58,22.4,5.8,2,0,1,1,0,0,0,1,0,0,0,0,0,0.0,15,104,50,12.0,20,23,31,12,15,28,8,20,7,13,35.0,2,4,5,10,0,558,344,125,90,26132,4506,1482,19903,WSH,Metropolitan,Eastern
2025-2026,20251128,19,CBJ,5602,Ivan Provorov,ROSTER,28.0,"6'1""",201.0,Russia,Yaroslavl,False,D,24,3,4,7,2.0,0.17,0.12,0.29,39.0,11.6,1,0,0,0,0,0,0,0,0,0,0,0,0,0.0,3,99,48,6.2,39,30,21,11,31,41,10,0,0,0,0.0,4,8,3,6,0,631,328,156,146,36441,5258,2128,28790,CBJ,Metropolitan,Eastern
2025-2026,20251128,8,NYI,5815,Ryan Pulock,ROSTER,31.0,"6'2""",217.0,Canada,"Dauphin, MB",False,D,24,0,9,9,1.17,0.38,0.0,0.38,38.9,2.9,0,0,0,0,0,1,1,0,0,0,0,0,0,0.0,7,68,28,0.0,36,27,13,18,31,27,9,0,0,0,0.0,1,2,0,0,0,667,365,214,88,29104,4026,3262,21816,NYI,Metropolitan,Eastern
2025-2026,20251128,12,TOR,133787,Jacob Quillan,ASSIGNED_TO_MINORS,23.0,"6'0""",201.0,Canada,"Dartmouth, NS",True,C,2,0,0,0,0.5,0.0,0.0,0.0,2.2,0.0,0,0,0,0,0,0,0,0,0,0,0,0,0,0.0,1,1,1,0.0,0,0,0,6,2,2,0,8,3,5,37.5,0,0,0,0,0,25,24,1,0,1038,74,0,964,TOR,Atlantic,Eastern
2025-2026,20251128,15,BUF,28524,Jack Quinn,ROSTER,24.0,"6'0""",176.0,Canada,"Ottawa, ON",True,RW,23,6,7,13,1.96,0.3,0.26,0.57,14.8,0.0,2,2,0,2,0,0,0,2,0,0,1,0,0,0.0,-4,89,45,13.3,12,17,27,11,27,19,6,6,0,6,0.0,0,0,1,2,0,487,302,76,115,22595,3213,1197,18185,BUF,Atlantic,Eastern
2025-2026,20251128,1,TBL,18138,Darren Raddysh,ROSTER,29.0,"6'0""",201.0,Canada,"Caledon, ON",False,D,17,2,8,10,1.88,0.47,0.12,0.59,17.0,15.8,0,0,3,3,0,0,0,0,0,0,0,0,0,0.0,-3,77,32,6.2,14,27,18,12,29,12,2,0,0,0,0.0,3,9,1,5,1,349,196,79,77,18518,4405,2355,11762,TBL,Atlantic,Eastern
2025-2026,20251128,9,NYR,15229,Taylor Raddysh,ROSTER,27.0,"6'2""",198.0,Canada,"Toronto, ON",False,RW,25,5,2,7,0.92,0.08,0.2,0.28,17.1,4.4,1,0,0,0,1,0,1,0,0,0,0,0,0,0.0,3,36,23,21.7,10,4,9,22,9,10,5,4,0,4,0.0,2,2,0,0,0,435,237,96,98,18126,3315,1224,13096,NYR,Metropolitan,Eastern
2025-2026,20251128,10,PIT,5144,Rickard Rakell,INJURY_LIST,32.0,"6'0""",196.0,Sweden,Sundbyberg,False,RW,9,3,5,8,1.89,0.56,0.33,0.89,12.3,2.9,1,1,2,3,0,1,1,0,0,0,0,0,0,0.0,1,36,17,17.6,10,9,10,9,12,4,3,6,1,5,16.7,1,2,0,0,0,195,79,90,21,9580,1467,2444,5305,PIT,Metropolitan,Eastern
2025-2026,20251128,27,DAL,5605,Mikko Rantanen,ROSTER,29.0,"6'4""",215.0,Finland,Nousiainen,False,RW,23,10,18,28,2.61,0.78,0.43,1.22,19.6,69.0,3,4,11,15,0,0,0,1,0,0,3,1,1,33.33,-5,118,60,16.7,14,31,27,19,27,20,3,29,14,15,48.3,16,57,13,29,1,509,269,98,146,28239,7522,1200,19354,DAL,Central,Western
2025-2026,20251128,16,DET,13624,Michael Rasmussen,INJURY_LIST,26.0,"6'6""",221.0,Canada,"Surrey, BC",False,C,19,2,3,5,0.84,0.16,0.11,0.26,19.6,5.8,0,0,0,0,0,0,0,0,0,0,0,0,0,0.0,-4,37,16,12.5,14,6,16,19,17,5,1,115,68,47,59.1,2,4,1,2,0,331,177,70,86,13284,2121,738,10425,DET,Atlantic,Eastern
2025-2026,20251128,21,VAN,32262,Aatu Raty,ROSTER,23.0,"6'2""",185.0,Finland,Oulu,True,C,22,1,5,6,0.73,0.23,0.05,0.27,25.2,17.4,0,0,0,0,0,0,0,0,0,0,0,0,0,0.0,0,48,16,6.2,7,10,22,51,18,11,2,266,151,115,56.8,6,12,2,4,0,403,270,66,68,16177,3002,877,12298,VAN,Pacific,Western
2025-2026,20251128,16,DET,19050,Lucas Raymond,ROSTER,23.0,"5'11""",170.0,Sweden,Goteborg,True,LW,22,7,18,25,2.45,0.82,0.32,1.14,11.0,5.8,2,1,7,8,0,0,0,2,0,0,2,0,1,50.0,5,108,54,13.0,9,30,24,8,18,22,13,1,1,0,100.0,2,4,10,20,0,489,293,85,119,24296,5355,1261,17855,DET,Atlantic,Eastern
2025-2026,20251128,26,SJS,4892,Ryan Reaves,ROSTER,38.0,"6'2""",225.0,Canada,"Winnipeg, MB",False,RW,20,2,0,2,0.7,0.0,0.1,0.1,29.5,35.8,0,0,0,0,0,0,0,0,0,0,0,0,0,0.0,-6,23,14,14.3,4,4,5,70,8,9,2,0,0,0,0.0,5,19,4,17,3,214,128,48,41,9026,2785,416,5828,SJS,Pacific,Western
2025-2026,20251128,24,EDM,24516,Alec Regula,ROSTER,25.0,"6'4""",203.0,USA,"West Bloomfield, MI",False,D,11,0,0,0,0.55,0.0,0.0,0.0,8.5,5.8,0,0,0,0,0,0,0,0,0,0,0,0,0,0.0,-10,16,6,0.0,7,5,5,6,21,8,2,0,0,0,0.0,2,4,0,0,0,189,106,41,41,8817,1845,619,6281,EDM,Pacific,Western
2025-2026,20251128,20,CHI,30422,Lukas Reichel,ROSTER,23.0,"6'0""",170.0,Germany,Nürnberg,True,LW,5,2,2,4,1.2,0.4,0.4,0.8,3.1,2.9,0,0,0,0,0,0,0,0,0,0,0,0,0,0.0,1,10,6,33.3,3,2,2,1,1,4,1,7,2,5,28.6,1,2,0,0,0,66,38,8,22,2959,149,68,2742,CHI,Central,Western
2025-2026,20251128,20,CHI,30422,Lukas Reichel,ROSTER,23.0,"6'0""",170.0,Germany,Nürnberg,True,LW,5,2,2,4,1.2,0.4,0.4,0.8,3.1,2.9,0,0,0,0,0,0,0,0,0,0,0,0,0,0.0,1,10,6,33.3,3,2,2,1,1,4,1,7,2,5,28.6,1,2,0,0,0,66,38,8,22,2959,149,68,2742,CHI,Central,Western
2025-2026,20251128,21,VAN,30422,Lukas Reichel,ROSTER,23.0,"6'0""",170.0,Germany,Nürnberg,True,LW,13,0,1,1,0.69,0.08,0.0,0.08,9.4,5.8,0,0,0,0,0,0,0,0,0,0,0,0,0,0.0,-5,26,9,0.0,8,6,11,6,10,9,1,110,44,66,40.0,2,4,0,0,0,227,154,39,34,10711,1652,867,8192,VAN,Pacific,Western
2025-2026,20251128,21,VAN,30422,Lukas Reichel,ROSTER,23.0,"6'0""",170.0,Germany,Nürnberg,True,LW,13,0,1,1,0.69,0.08,0.0,0.08,9.4,5.8,0,0,0,0,0,0,0,0,0,0,0,0,0,0.0,-5,26,9,0.0,8,6,11,6,10,9,1,110,44,66,40.0,2,4,0,0,0,227,154,39,34,10711,1652,867,8192,VAN,Pacific,Western
2025-2026,20251128,3,CAR,5814,Mike Reilly,ROSTER,32.0,"6'1""",200.0,USA,"Chanhassen, MN",False,D,19,1,4,5,1.68,0.21,0.05,0.26,23.6,8.7,0,0,0,0,1,0,1,0,0,0,0,0,0,0.0,11,83,32,3.1,23,32,19,8,22,12,1,0,0,0,0.0,3,6,3,6,0,454,247,85,123,18977,3489,957,14531,CAR,Metropolitan,Eastern
2025-2026,20251128,142,VGK,30061,Cole Reinhardt,ROSTER,25.0,"6'1""",203.0,Canada,"Calgary, AB",True,LW,16,1,2,3,0.5,0.12,0.06,0.19,10.9,8.7,0,0,0,0,0,0,0,0,0,0,0,0,0,0.0,-3,27,8,12.5,1,10,9,27,6,10,1,5,2,3,40.0,3,6,8,16,0,211,140,62,10,8855,1953,1022,5880,VGK,Pacific,Western
2025-2026,20251128,4,FLO,5416,Sam Reinhart,ROSTER,30.0,"6'1""",194.0,Canada,"North Vancouver, BC",False,C,23,13,8,21,2.78,0.35,0.57,0.91,24.3,2.9,4,4,4,8,1,0,1,5,0,0,2,0,0,0.0,-10,143,64,20.3,18,27,52,22,36,20,6,68,22,46,32.4,1,2,4,8,0,547,241,177,142,28959,5941,4227,18791,FLA,,
2025-2026,20251128,9,NYR,34418,Matt Rempe,ROSTER,23.0,"6'8""",205.0,Canada,"Calgary, AB",True,C,9,1,0,1,0.89,0.0,0.11,0.11,12.9,12.9,0,0,0,0,0,0,0,0,0,0,0,0,0,0.0,1,16,8,12.5,2,3,5,30,7,2,1,5,2,3,40.0,2,7,2,7,1,122,83,32,2,5296,1096,359,3591,NYR,Metropolitan,Eastern
2025-2026,20251128,12,TOR,5261,Morgan Rielly,ROSTER,31.0,"6'1""",219.0,Canada,"West Vancouver, BC",False,D,22,3,14,17,2.0,0.64,0.14,0.77,27.4,2.9,1,0,2,2,0,0,0,1,0,0,0,0,0,0.0,-6,110,44,6.8,26,37,29,11,36,39,6,0,0,0,0.0,1,2,1,2,0,645,364,139,145,29453,6588,2101,20764,TOR,Atlantic,Eastern
2025-2026,20251128,20,CHI,56353,Sam Rinzel,ROSTER,21.0,"6'3""",180.0,USA,"Chanhassen, MN",False,D,22,1,6,7,1.45,0.27,0.05,0.32,31.1,28.8,0,0,0,0,0,0,0,0,0,0,0,0,0,0.0,2,93,32,3.1,26,40,21,21,29,30,3,0,0,0,0.0,8,24,2,4,0,435,322,52,59,22939,3388,280,19058,CHI,Central,Western
2025-2026,20251128,8,NYI,134181,Calum Ritchie,ROSTER,20.0,"6'2""",185.0,Canada,"Oakville, ON",True,C,14,2,1,3,1.29,0.07,0.14,0.21,7.9,11.6,0,0,0,0,0,0,0,1,0,0,0,0,0,0.0,2,30,18,11.1,8,4,8,2,14,13,0,94,40,54,42.6,4,8,1,2,0,222,159,23,42,9316,898,82,8336,NYI,Metropolitan,Eastern
2025-2026,20251128,27,DAL,18026,Jason Robertson,ROSTER,26.0,"6'2""",194.0,USA,"Northville, MI",False,LW,24,14,17,31,4.25,0.71,0.58,1.29,15.4,2.9,4,5,8,13,0,0,0,1,0,0,4,0,3,75.0,10,174,102,13.7,11,35,37,15,25,36,11,1,0,1,0.0,1,2,5,10,0,523,285,136,112,28980,6960,2375,19526,DAL,Central,Western
2025-2026,20251128,9,NYR,29769,Matthew Robertson,ROSTER,24.0,"6'4""",202.0,Canada,"Sherwood Park, AB",True,D,16,1,1,2,0.81,0.06,0.06,0.12,32.4,8.7,0,0,0,0,0,0,0,0,0,0,0,0,0,0.0,-5,42,13,7.7,25,16,13,27,27,12,0,0,0,0,0.0,3,6,0,0,0,348,218,47,84,15627,2248,410,12969,NYR,Metropolitan,Eastern
2025-2026,20251128,12,TOR,20226,Nicholas Robertson,ROSTER,24.0,"5'9""",162.0,USA,"Pasadena, CA",True,LW,22,5,6,11,1.73,0.27,0.23,0.5,19.5,0.0,1,1,0,1,0,0,0,1,0,0,0,0,0,0.0,-5,61,38,13.2,11,8,15,26,14,18,6,4,2,2,50.0,0,0,1,2,0,389,233,112,49,17414,3379,1455,12580,TOR,Atlantic,Eastern
2025-2026,20251128,3,CAR,53329,Justin Robidas,ROSTER,22.0,"5'8""",173.0,USA,"Plano, TX",True,C,1,0,0,0,1.0,0.0,0.0,0.0,1.3,0.0,0,0,0,0,0,0,0,0,0,0,0,0,0,0.0,-1,2,1,0.0,1,1,0,1,2,1,0,9,5,4,55.6,0,0,1,2,0,13,13,0,0,565,106,0,459,CAR,Metropolitan,Eastern
2025-2026,20251128,3,CAR,14154,Eric Robinson,ROSTER,30.0,"6'2""",197.0,USA,"Bellmawr, New Jersey",False,LW,17,5,1,6,1.18,0.06,0.29,0.35,9.9,2.9,1,0,0,0,0,0,0,1,0,0,0,0,0,0.0,6,40,20,25.0,2,8,12,22,21,8,2,2,0,2,0.0,1,2,2,4,0,257,132,66,64,11319,1321,775,9223,CAR,Metropolitan,Eastern
2025-2026,20251128,4,FLO,9075,Evan Rodrigues,ROSTER,32.0,"5'11""",184.0,Canada,"Toronto, ON",False,C,23,6,6,12,2.26,0.26,0.26,0.52,19.5,11.6,2,0,2,2,0,0,0,0,0,0,1,0,0,0.0,3,94,52,11.5,11,17,25,26,22,16,8,242,109,133,45.0,4,8,7,19,0,508,261,155,96,23724,4113,3177,16418,FLA,,
2025-2026,20251128,8,NYI,14561,Alexander Romanov,INJURY_LIST,25.0,"6'1""",209.0,Russia,Moscow,True,D,15,0,1,1,1.13,0.07,0.0,0.07,39.2,8.7,0,0,0,0,0,0,0,0,0,0,0,0,0,0.0,-7,38,17,0.0,31,13,8,31,40,18,4,0,0,0,0.0,3,6,4,11,0,351,240,35,76,17500,2381,622,14497,NYI,Metropolitan,Eastern
2025-2026,20251128,15,BUF,34464,Isak Rosen,ASSIGNED_TO_MINORS,22.0,"5'11""",156.0,Sweden,Stockholm,True,RW,10,3,4,7,1.2,0.4,0.3,0.7,9.9,0.0,1,0,2,2,0,0,0,0,0,0,0,0,0,0.0,-2,31,12,25.0,9,10,9,5,9,8,3,1,1,0,100.0,0,0,2,4,0,200,131,32,40,9026,1909,206,6911,BUF,Atlantic,Eastern
2025-2026,20251128,24,EDM,5620,Jack Roslovic,ROSTER,28.0,"6'1""",187.0,USA,"Columbus, OH",False,C,23,10,8,18,2.3,0.35,0.43,0.78,9.2,11.6,3,2,2,4,0,0,0,2,0,2,0,0,0,0.0,1,91,53,18.9,7,13,25,8,17,23,6,47,27,20,57.4,4,8,4,8,0,442,225,167,50,23921,6115,3801,13578,EDM,Pacific,Western
2025-2026,20251128,25,MIN,28380,Marco Rossi,INJURY_LIST,24.0,"5'9""",183.0,Austria,Feldkirch,True,C,17,4,9,13,1.59,0.53,0.24,0.76,11.2,2.9,1,0,5,5,0,0,0,0,0,0,1,0,1,100.0,-6,55,27,14.8,8,13,15,11,17,13,5,220,107,113,48.6,1,2,2,4,0,349,205,82,67,18462,3218,1212,14272,MIN,Central,Western
2025-2026,20251128,14,MTL,38746,Joshua Roy,ASSIGNED_TO_MINORS,22.0,"6'0""",190.0,Canada,"St-Georges-de-Beauce, QC",True,RW,3,0,0,0,0.67,0.0,0.0,0.0,2.2,2.9,0,0,0,0,0,0,0,0,0,0,0,0,0,0.0,0,6,2,0.0,0,2,2,6,1,3,0,0,0,0,0.0,1,2,0,0,0,37,19,9,9,1762,323,6,1433,MTL,Atlantic,Eastern
2025-2026,20251128,5,WSH,5789,Matt Roy,ROSTER,30.0,"6'1""",200.0,USA,"Canton, MI",False,D,24,1,4,5,1.38,0.17,0.04,0.21,59.4,5.8,0,0,0,0,0,0,0,0,0,0,0,0,0,0.0,14,74,33,3.0,56,28,13,25,49,21,3,0,0,0,0.0,2,4,2,4,0,530,264,80,185,29420,3293,1173,25101,WSH,Metropolitan,Eastern
2025-2026,20251128,12,TOR,14391,Nicolas Roy,ROSTER,28.0,"6'4""",200.0,Canada,"Amos, QC",False,C,20,1,3,4,1.1,0.15,0.05,0.2,18.5,8.7,0,0,0,0,0,0,0,0,0,0,0,0,0,0.0,-4,38,22,4.5,12,6,10,21,14,21,9,253,132,121,52.2,3,6,3,8,0,419,204,131,85,17866,3129,2531,12206,TOR,Atlantic,Eastern
2025-2026,20251128,10,PIT,5500,Bryan Rust,ROSTER,33.0,"5'11""",192.0,USA,"Pontiac, MI",False,RW,20,6,10,16,2.3,0.5,0.3,0.8,21.9,8.7,2,1,6,7,0,0,0,3,0,0,3,0,1,33.33,-1,82,46,13.0,22,10,26,6,23,25,4,1,0,1,0.0,3,6,6,12,0,466,200,212,61,23962,4793,5083,14192,PIT,Metropolitan,Eastern
2025-2026,20251128,142,VGK,5014,Brandon Saad,ROSTER,33.0,"6'1""",206.0,USA,"Pittsburgh, PA",False,LW,23,1,3,4,1.48,0.13,0.04,0.17,10.6,14.5,0,0,0,0,0,0,0,0,0,0,0,0,0,0.0,2,66,34,2.9,11,19,13,2,10,17,5,24,7,17,29.2,5,10,2,4,0,429,209,125,97,19216,5682,1652,11870,VGK,Pacific,Western
2025-2026,20251128,1,TBL,13703,Scott Sabourin,ASSIGNED_TO_MINORS,33.0,"6'4""",207.0,Canada,"Orleans, ON",True,RW,3,1,1,2,1.67,0.33,0.33,0.67,3.1,20.1,0,0,0,0,0,0,0,0,0,0,0,0,0,0.0,1,11,5,20.0,1,1,5,6,7,2,0,1,0,1,0.0,5,18,4,8,0,45,19,14,13,1862,390,91,1381,TBL,Atlantic,Eastern
2025-2026,20251128,2,WPJ,43358,Elias Salomonsson,ROSTER,21.0,"6'1""",183.0,Sweden,Skellefteå,True,D,1,0,0,0,0.0,0.0,0.0,0.0,1.6,0.0,0,0,0,0,0,0,0,0,0,0,0,0,0,0.0,-2,2,0,0.0,1,1,1,2,0,0,0,0,0,0,0.0,0,0,0,0,0,23,19,1,3,978,123,0,855,WPG,,
2025-2026,20251128,2,WPJ,28449,Dylan Samberg,ROSTER,26.0,"6'3""",190.0,USA,"Saginaw, MN",True,D,6,0,0,0,1.33,0.0,0.0,0.0,14.4,0.0,0,0,0,0,0,0,0,0,0,0,0,0,0,0.0,-4,26,8,0.0,14,12,6,5,8,7,2,0,0,0,0.0,0,0,0,0,0,168,103,22,43,8012,1191,447,6374,WPG,,
2025-2026,20251128,4,FLO,37976,Mackie Samoskevich,ROSTER,23.0,"5'11""",191.0,USA,"Newtown, CT",True,RW,23,3,9,12,2.04,0.39,0.13,0.52,20.9,8.7,1,2,3,5,0,0,0,0,0,0,0,0,0,0.0,0,101,47,6.4,8,27,27,37,36,13,3,0,0,0,0.0,3,6,9,18,0,451,316,108,30,20821,4487,1365,14969,FLA,,
2025-2026,20251128,15,BUF,14555,Mattias Samuelsson,ROSTER,25.0,"6'4""",218.0,USA,"Voorhees, New Jersey",True,D,21,5,7,12,1.38,0.33,0.24,0.57,56.4,5.8,1,0,0,0,0,0,0,2,0,1,0,0,0,0.0,10,58,29,17.2,51,19,11,29,43,13,3,0,0,0,0.0,2,4,3,6,0,550,286,73,196,27681,2106,846,24729,BUF,Atlantic,Eastern
2025-2026,20251128,13,OTT,37996,Jake Sanderson,ROSTER,23.0,"6'3""",195.0,USA,"Whitefish, MT",True,D,23,4,14,18,2.17,0.61,0.17,0.78,38.3,2.9,1,2,5,7,0,0,0,0,0,0,0,0,0,0.0,2,139,50,8.0,39,54,35,9,63,26,16,0,0,0,0.0,1,2,4,8,0,718,375,107,240,33870,4962,945,27963,OTT,Atlantic,Eastern
2025-2026,20251128,5,WSH,14552,Rasmus Sandin,ROSTER,25.0,"5'11""",183.0,Sweden,Uppsala,True,D,19,2,5,7,1.21,0.26,0.11,0.37,39.5,5.8,0,0,0,0,0,0,0,0,0,0,0,0,0,0.0,9,54,23,8.7,30,17,14,34,25,24,7,0,0,0,0.0,2,4,1,2,0,415,226,82,109,21660,2312,1368,17915,WSH,Metropolitan,Eastern
2025-2026,20251128,16,DET,133971,Axel Sandin-Pellikka,ROSTER,20.0,"5'11""",181.0,Sweden,Gallivare,True,D,24,2,4,6,1.08,0.17,0.08,0.25,21.0,11.6,0,0,2,2,0,0,0,0,0,0,0,0,0,0.0,-12,92,26,7.7,21,40,26,6,46,24,3,0,0,0,0.0,4,8,3,6,0,565,422,58,87,26919,4366,258,22295,DET,Atlantic,Eastern
2025-2026,20251128,6,PHI,11718,Travis Sanheim,ROSTER,29.0,"6'3""",181.0,Canada,"Elkhorn, MB",False,D,22,2,6,8,1.41,0.27,0.09,0.36,43.0,11.6,0,0,0,0,0,0,0,1,0,1,0,0,0,0.0,0,80,31,6.5,41,24,25,17,33,35,8,0,0,0,0.0,4,8,3,6,0,676,347,83,249,33575,4044,1356,28175,PHI,Metropolitan,Eastern
2025-2026,20251128,1,TBL,9078,Steven Santini,ROSTER,30.0,"6'2""",205.0,USA,"Mahopac, NY",False,D,4,0,1,1,0.75,0.25,0.0,0.25,5.1,0.0,0,0,0,0,0,0,0,0,0,0,0,0,0,0.0,2,8,3,0.0,4,4,1,4,6,2,0,0,0,0,0.0,0,0,0,0,0,66,41,10,15,2976,290,301,2385,TBL,Atlantic,Eastern
2025-2026,20251128,21,VAN,79679,Max Sasson,ROSTER,25.0,"6'1""",181.0,USA,"Birmingham, MI",True,C,21,5,2,7,0.76,0.1,0.24,0.33,17.9,5.8,1,0,1,1,0,0,0,0,0,0,0,0,0,0.0,0,30,16,31.2,15,4,10,12,18,11,4,113,49,64,43.4,2,4,2,4,0,326,264,42,25,13421,1978,877,10566,VAN,Pacific,Western
2025-2026,20251128,24,EDM,43365,Matthew Savoie,ROSTER,21.0,"5'9""",175.0,Canada,"St. Albert, AB",True,C,25,3,4,7,1.32,0.16,0.12,0.28,10.4,0.0,1,1,1,2,0,0,0,0,0,0,1,0,0,0.0,-5,64,33,9.1,10,12,19,4,27,19,9,15,5,10,33.3,0,0,5,10,0,472,345,59,66,21240,3481,33,17492,EDM,Pacific,Western
2025-2026,20251128,8,NYI,168063,Matthew Schaefer,ROSTER,18.0,"6'2""",183.0,Canada,"Hamilton, ON",True,D,24,7,9,16,2.96,0.38,0.29,0.67,28.3,13.1,2,4,3,7,0,0,0,2,0,1,0,0,0,0.0,8,148,71,9.9,27,56,21,11,60,32,10,0,0,0,0.0,5,8,15,32,0,643,540,47,62,33259,4984,476,27799,NYI,Metropolitan,Eastern
2025-2026,20251128,2,WPJ,5003,Mark Scheifele,ROSTER,32.0,"6'3""",207.0,Canada,"Kitchener, ON",False,C,22,12,17,29,2.36,0.77,0.55,1.32,7.2,17.2,4,3,3,6,0,1,1,2,0,0,0,0,0,0.0,7,88,52,23.1,6,9,27,5,23,34,4,364,185,179,50.8,4,16,9,18,0,490,228,147,127,26840,7100,1754,17986,WPG,,
2025-2026,20251128,17,STL,4712,Brayden Schenn,ROSTER,34.0,"6'1""",200.0,Canada,"Saskatoon, SK",False,C,24,4,4,8,1.38,0.17,0.17,0.33,26.9,28.7,1,0,1,1,0,0,0,0,0,0,1,1,0,0.0,-15,74,33,12.1,9,21,20,51,13,23,7,233,126,107,54.1,5,16,6,18,2,514,271,111,136,24288,7308,1044,15936,STL,Central,Western
2025-2026,20251128,2,WPJ,4552,Luke Schenn,ROSTER,36.0,"6'2""",227.0,Canada,"Saskatoon, SK",False,D,16,0,2,2,0.81,0.12,0.0,0.12,31.8,22.9,0,0,0,0,0,0,0,0,0,0,0,0,0,0.0,-4,36,13,0.0,21,16,7,35,24,20,2,0,0,0,0.0,3,12,2,10,2,290,145,49,96,12882,2723,888,9271,WPG,,
2025-2026,20251128,30,UTA,10071,Nick Schmaltz,ROSTER,29.0,"6'0""",177.0,USA,"Madison, WI",False,C,24,10,12,22,2.67,0.5,0.42,0.92,14.2,5.8,3,3,3,6,0,0,0,2,0,0,0,0,0,0.0,-1,109,64,15.6,13,24,21,7,22,31,10,130,49,81,37.7,2,4,5,10,0,559,269,98,202,28281,5030,1009,22242,UTA,Central,Western
2025-2026,20251128,30,UTA,5269,Nate Schmidt,ROSTER,34.0,"6'0""",194.0,USA,"St. Cloud, MN",False,D,24,1,9,10,1.38,0.38,0.04,0.42,26.5,2.9,0,0,0,0,0,0,0,0,0,0,0,0,0,0.0,11,81,33,3.0,18,25,23,28,24,21,6,0,0,0,0.0,1,2,2,4,0,680,342,92,247,30082,5924,668,23490,UTA,Central,Western
2025-2026,20251128,9,NYR,29932,Braden Schneider,ROSTER,24.0,"6'2""",202.0,Canada,"Prince Albert, SK",True,D,25,1,4,5,1.12,0.16,0.04,0.2,57.7,11.6,0,0,0,0,0,0,0,0,0,0,0,0,0,0.0,-2,73,28,3.6,40,30,15,59,41,29,8,0,0,0,0.0,4,8,6,12,0,591,385,76,116,27719,3179,510,23270,NYR,Metropolitan,Eastern
2025-2026,20251128,143,SEA,5088,Jaden Schwartz,ROSTER,33.0,"5'10""",190.0,Canada,"Wilcox, SK",False,LW,23,8,7,15,2.09,0.3,0.35,0.65,26.8,11.6,2,2,1,3,0,0,0,2,0,0,0,0,0,0.0,6,89,48,16.7,20,24,17,24,20,27,13,18,12,6,66.7,4,8,1,2,0,508,246,115,147,23751,5808,932,16612,SEA,Pacific,Western
2025-2026,20251128,4,FLO,28450,Cole Schwindt,ROSTER,24.0,"6'2""",182.0,Canada,"Kitchener, ON",True,RW,10,2,0,2,0.7,0.0,0.2,0.2,8.7,0.0,0,0,0,0,0,0,0,0,0,0,0,0,0,0.0,0,14,7,28.6,6,3,4,9,8,3,2,65,27,38,41.5,0,0,0,0,0,123,90,18,17,5184,1114,259,3811,FLA,,
2025-2026,20251128,13,OTT,29978,Donovan Sebrango,ROSTER,23.0,"6'1""",189.0,Canada,"Kingston, ON",True,D,2,0,0,0,0.5,0.0,0.0,0.0,0.4,10.0,0,0,0,0,0,0,0,0,0,0,0,0,0,0.0,-1,5,1,0.0,0,3,1,1,8,1,0,0,0,0,0.0,1,5,1,5,1,46,32,3,11,1827,4,0,1823,OTT,Atlantic,Eastern
2025-2026,20251128,13,OTT,29978,Donovan Sebrango,ROSTER,23.0,"6'1""",189.0,Canada,"Kingston, ON",True,D,2,0,0,0,0.5,0.0,0.0,0.0,0.4,10.0,0,0,0,0,0,0,0,0,0,0,0,0,0,0.0,-1,5,1,0.0,0,3,1,1,8,1,0,0,0,0,0.0,1,5,1,5,1,46,32,3,11,1827,4,0,1823,OTT,Atlantic,Eastern
2025-2026,20251128,4,FLO,29978,Donovan Sebrango,ROSTER,23.0,"6'1""",189.0,Canada,"Kingston, ON",True,D,8,0,2,2,0.88,0.25,0.0,0.25,15.0,15.8,0,0,0,0,0,0,0,0,0,0,0,0,0,0.0,1,15,7,0.0,11,4,4,14,15,8,1,0,0,0,0.0,3,9,3,9,1,144,113,14,17,6576,599,292,5685,FLA,,
2025-2026,20251128,4,FLO,29978,Donovan Sebrango,ROSTER,23.0,"6'1""",189.0,Canada,"Kingston, ON",True,D,8,0,2,2,0.88,0.25,0.0,0.25,15.0,15.8,0,0,0,0,0,0,0,0,0,0,0,0,0,0.0,1,15,7,0.0,11,4,4,14,15,8,1,0,0,0,0.0,3,9,3,9,1,144,113,14,17,6576,599,292,5685,FLA,,
2025-2026,20251128,6,PHI,12486,Nick Seeler,ROSTER,32.0,"6'2""",201.0,USA,"Eden Prairie, MN",False,D,22,0,3,3,1.09,0.14,0.0,0.14,46.4,11.6,0,0,0,0,0,0,0,0,0,0,0,0,0,0.0,-6,70,24,0.0,34,27,19,43,22,16,7,0,0,0,0.0,4,8,3,6,0,582,321,77,185,25367,4234,555,20542,PHI,Metropolitan,Eastern
2025-2026,20251128,27,DAL,4875,Tyler Seguin,ROSTER,33.0,"6'1""",200.0,Canada,"Brampton, ON",False,C,24,7,10,17,1.21,0.42,0.29,0.71,10.9,2.9,2,1,2,3,0,0,0,2,0,0,2,2,0,0.0,9,65,29,24.1,6,12,24,15,9,20,3,221,120,101,54.3,1,2,3,6,0,513,238,147,131,24871,7206,1524,15971,DAL,Central,Western
2025-2026,20251128,16,DET,18042,Moritz Seider,ROSTER,24.0,"6'3""",208.0,Germany,Zell Mosel,True,D,24,3,13,16,2.54,0.54,0.12,0.67,58.9,26.1,1,1,7,8,0,0,0,0,0,0,0,0,0,0.0,2,134,61,4.9,48,42,31,43,27,32,11,0,0,0,0.0,9,18,4,8,0,699,405,109,188,35988,5986,1490,28512,DET,Atlantic,Eastern
2025-2026,20251128,29,ANA,142129,Beckett Sennecke,ROSTER,19.0,"6'2""",177.0,Canada,"Toronto, ON",True,RW,23,7,10,17,1.74,0.43,0.3,0.74,15.7,20.3,2,1,1,2,0,0,0,0,0,0,0,0,0,0.0,3,79,40,17.5,8,19,20,23,34,25,7,2,1,1,50.0,7,14,13,26,0,506,445,56,13,23159,3904,395,18806,ANA,Pacific,Western
2025-2026,20251128,30,UTA,9635,Mikhail Sergachev,ROSTER,27.0,"6'2""",217.0,Russia,Nizhnekamsk,False,D,24,3,13,16,2.17,0.54,0.12,0.67,38.9,23.2,1,1,6,7,0,0,0,0,0,0,0,0,0,0.0,-4,116,52,5.8,41,41,23,6,21,39,8,0,0,0,0.0,8,16,5,10,0,687,327,154,209,35787,4939,2376,28472,UTA,Central,Western
2025-2026,20251128,19,CBJ,5453,Damon Severson,ROSTER,31.0,"6'2""",205.0,Canada,"Brandon, MB",False,D,24,1,6,7,1.04,0.25,0.04,0.29,31.6,17.4,0,0,1,1,0,0,0,0,0,0,0,0,0,0.0,4,80,25,4.0,25,32,23,25,18,23,8,0,0,0,0.0,6,12,3,6,0,554,271,112,171,28530,4340,2003,22103,CBJ,Metropolitan,Eastern
2025-2026,20251128,8,NYI,183905,Maxim Shabanov,ROSTER,25.0,"5'9""",167.0,Russia,Chelyabinsk,True,RW,12,3,3,6,1.42,0.25,0.25,0.5,5.6,0.0,1,0,1,1,0,0,0,0,0,0,0,0,0,0.0,0,38,17,17.6,3,11,10,8,14,9,3,1,0,1,0.0,0,0,2,4,0,198,183,10,9,8726,1215,0,7511,NYI,Metropolitan,Eastern
2025-2026,20251128,23,CGY,18107,Yegor Sharangovich,ROSTER,27.0,"6'2""",195.0,Belarus,Minsk,False,C,21,3,4,7,1.33,0.19,0.14,0.33,6.9,2.9,1,1,0,1,0,0,0,0,0,0,2,2,0,0.0,-10,60,28,10.7,6,19,13,4,14,10,1,29,7,22,24.1,1,2,2,4,0,377,225,101,55,18162,4312,1806,11962,CGY,Pacific,Western
2025-2026,20251128,10,PIT,5716,Ryan Shea,ROSTER,28.0,"6'1""",176.0,USA,"Milton, MA",False,D,22,2,8,10,0.95,0.36,0.09,0.45,29.8,17.2,0,0,0,0,0,0,0,0,0,0,0,0,0,0.0,3,50,21,9.5,30,14,15,8,35,24,5,0,0,0,0.0,4,16,2,4,0,504,287,110,99,26497,3829,2476,19620,PIT,Metropolitan,Eastern
2025-2026,20251128,9,NYR,5892,Conor Sheary,ROSTER,33.0,"5'8""",179.0,USA,"Winchester, MA",False,LW,24,0,5,5,1.5,0.21,0.0,0.21,17.5,8.7,0,0,1,1,0,0,0,0,0,0,0,0,0,0.0,-1,69,36,0.0,15,16,18,11,19,17,8,12,8,4,66.7,3,6,7,14,0,474,239,117,111,21076,4926,1355,14300,NYR,Metropolitan,Eastern
2025-2026,20251128,21,VAN,15089,Kiefer Sherwood,ROSTER,30.0,"6'0""",194.0,USA,"Columbus, OH",False,LW,24,12,4,16,1.79,0.17,0.5,0.67,48.3,23.2,4,3,2,5,1,0,1,1,0,1,1,1,0,0.0,-4,89,43,27.9,13,11,35,99,32,25,8,15,5,10,33.3,8,16,10,20,0,544,277,125,155,25389,3408,1952,20029,VAN,Pacific,Western
2025-2026,20251128,7,NJD,15109,Jonas Siegenthaler,ROSTER,28.0,"6'3""",210.0,Switzerland,Zurich,False,D,23,0,2,2,0.61,0.09,0.0,0.09,50.1,14.5,0,0,0,0,0,1,1,0,0,0,0,0,0,0.0,0,37,14,0.0,44,16,7,29,46,28,5,0,0,0,0.0,5,10,1,2,0,563,298,92,171,27218,2764,1729,22902,NJD,Metropolitan,Eastern
2025-2026,20251128,19,CBJ,34233,Cole Sillinger,ROSTER,22.0,"6'0""",197.0,USA,"Columbus, OH, United States",True,C,23,2,7,9,1.78,0.3,0.09,0.39,17.7,14.5,0,0,0,0,0,0,0,1,0,0,0,0,0,0.0,5,74,41,4.9,9,15,18,26,31,27,11,32,10,22,31.2,5,10,2,4,0,466,312,84,70,22533,3927,677,17828,CBJ,Metropolitan,Eastern
2025-2026,20251128,30,UTA,142305,Dmitri Simashev,ROSTER,,,,,,False,D,22,0,1,1,1.0,0.05,0.0,0.05,23.7,17.2,0,0,0,0,0,0,0,0,0,0,0,0,0,0.0,-8,40,22,0.0,24,9,9,6,43,23,1,0,0,0,0.0,4,16,1,2,0,462,431,19,12,20446,2464,201,17781,UTA,Central,Western
2025-2026,20251128,142,VGK,5330,Colton Sissons,ROSTER,32.0,"6'1""",200.0,Canada,"North Vancouver, BC",False,C,21,0,2,2,0.86,0.1,0.0,0.1,18.2,24.5,0,0,1,1,0,0,0,0,0,0,0,0,0,0.0,-6,37,18,0.0,10,7,12,25,21,13,2,215,118,97,54.9,6,15,5,15,1,355,172,83,100,14294,3667,820,9807,VGK,Pacific,Western
2025-2026,20251128,17,STL,30007,Hunter Skinner,ASSIGNED_TO_MINORS,24.0,"6'2""",182.0,USA,"Wyndotte, MI",True,D,1,0,0,0,0.0,0.0,0.0,0.0,2.4,0.0,0,0,0,0,0,0,0,0,0,0,0,0,0,0.0,1,1,0,0.0,1,1,0,4,1,0,0,0,0,0,0.0,0,0,0,0,0,16,10,1,5,645,115,0,530,STL,Central,Western
2025-2026,20251128,26,SJS,4876,Jeff Skinner,ROSTER,33.0,"5'11""",195.0,Canada,"Toronto, ON",False,LW,17,4,3,7,1.71,0.18,0.24,0.41,6.5,8.7,1,0,1,1,0,0,0,0,0,0,0,0,0,0.0,-4,60,29,13.8,4,18,13,8,13,16,2,8,2,6,25.0,3,6,7,14,0,267,153,79,39,12607,2784,1135,8688,SJS,Pacific,Western
2025-2026,20251128,18,NSH,5891,Brady Skjei,ROSTER,31.0,"6'3""",210.0,USA,"Lakeville, MN",False,D,23,0,6,6,1.61,0.26,0.0,0.26,21.1,11.6,0,0,2,2,0,0,0,0,0,0,0,0,0,0.0,-15,100,37,0.0,17,42,21,16,20,33,9,0,0,0,0.0,4,8,4,8,0,622,310,150,162,31089,4485,3399,23205,NSH,Central,Western
2025-2026,20251128,14,MTL,43333,Juraj Slafkovsky,ROSTER,21.0,"6'3""",238.0,Slovakia,Kosice,True,LW,22,6,4,10,2.09,0.18,0.27,0.45,32.7,23.2,2,4,2,6,0,0,0,0,0,0,0,0,0,0.0,3,95,46,13.0,20,23,26,40,24,15,2,16,4,12,25.0,8,16,7,14,0,440,343,72,31,23292,5065,580,17647,MTL,Atlantic,Eastern
2025-2026,20251128,20,CHI,56363,Landon Slaggert,ROSTER,23.0,"6'0""",180.0,USA,"South Bend, IN",False,LW,10,1,0,1,0.5,0.0,0.1,0.1,9.5,11.4,0,0,0,0,0,0,0,0,0,0,0,0,0,0.0,0,16,5,20.0,4,4,7,16,11,3,1,0,0,0,0.0,2,12,3,6,0,131,83,15,33,5442,698,151,4580,CHI,Central,Western
2025-2026,20251128,3,CAR,5866,Jaccob Slavin,ROSTER,31.0,"6'3""",207.0,USA,"Erie, CO",False,D,2,0,0,0,1.0,0.0,0.0,0.0,2.7,0.0,0,0,0,0,0,0,0,0,0,0,0,0,0,0.0,-1,10,2,0.0,3,5,3,0,3,3,2,0,0,0,0.0,0,0,0,0,0,49,26,14,9,2224,496,233,1495,CAR,Metropolitan,Eastern
2025-2026,20251128,19,CBJ,5032,Brendan Smith,ROSTER,36.0,"6'2""",200.0,Canada,"Mimico, ON",False,D,1,0,0,0,2.0,0.0,0.0,0.0,0.4,0.0,0,0,0,0,0,0,0,0,0,0,0,0,0,0.0,0,3,2,0.0,0,1,0,1,2,0,0,0,0,0,0.0,0,0,0,0,0,15,11,3,1,655,115,35,505,CBJ,Metropolitan,Eastern
2025-2026,20251128,18,NSH,28393,Cole Smith,ROSTER,30.0,"6'3""",195.0,USA,"Brainerd, MN",True,RW,13,3,0,3,1.38,0.0,0.23,0.23,15.6,11.6,1,0,0,0,0,0,0,1,0,0,0,0,0,0.0,-2,34,18,16.7,3,5,11,35,19,6,3,4,0,4,0.0,4,8,0,0,0,248,125,39,87,10481,1076,196,9209,NSH,Central,Western
2025-2026,20251128,142,VGK,5092,Reilly Smith,ROSTER,34.0,"6'1""",183.0,Canada,"Toronto, ON",False,RW,23,3,3,6,1.26,0.13,0.13,0.26,8.9,2.9,1,1,0,1,0,0,0,1,0,1,0,0,0,0.0,-4,52,29,10.3,5,11,12,12,18,18,6,0,0,0,0.0,1,2,3,8,0,425,211,120,97,18593,5837,1375,11381,VGK,Pacific,Western
2025-2026,20251128,26,SJS,134098,Will Smith,ROSTER,20.0,"6'0""",181.0,USA,"Boston, MA",True,C,24,7,14,21,2.38,0.58,0.29,0.88,8.0,11.6,2,1,5,6,0,0,0,2,0,1,2,1,0,0.0,3,115,57,12.3,6,35,23,7,15,21,6,24,5,19,20.8,4,8,5,10,0,479,317,28,142,26070,3545,0,22559,SJS,Pacific,Western
2025-2026,20251128,17,STL,56646,Jimmy Snuggerud,ROSTER,21.0,"6'1""",188.0,USA,"Chaska, MN",False,RW,24,5,6,11,1.92,0.25,0.21,0.46,21.2,8.7,1,2,2,4,0,0,0,2,0,0,2,0,0,0.0,-4,99,46,10.9,15,22,31,21,23,11,10,2,2,0,100.0,3,6,2,4,0,474,396,64,19,22237,4158,532,17547,STL,Central,Western
2025-2026,20251128,16,DET,30182,Elmer Soderblom,ROSTER,24.0,"6'8""",246.0,Sweden,Gteborg,True,LW,12,1,0,1,1.0,0.0,0.08,0.08,10.3,2.9,0,0,0,0,0,0,0,0,0,0,0,0,0,0.0,-3,28,12,8.3,2,7,9,23,10,8,2,1,1,0,100.0,1,2,2,4,0,177,123,40,15,7574,1235,645,5694,DET,Atlantic,Eastern
2025-2026,20251128,22,COL,30036,Ilya Solovyov,ROSTER,25.0,"6'3""",208.0,Belarus,Mogilev,True,D,9,0,0,0,1.0,0.0,0.0,0.0,17.5,5.8,0,0,0,0,0,0,0,0,0,0,0,0,0,0.0,-4,28,9,0.0,15,11,8,11,21,3,2,0,0,0,0.0,2,4,1,2,0,143,96,18,29,6240,555,572,5113,COL,Central,Western
2025-2026,20251128,9,NYR,14381,Carson Soucy,ROSTER,31.0,"6'5""",210.0,Canada,"Viking, AB",True,D,21,1,2,3,0.76,0.1,0.05,0.14,37.1,8.7,0,0,0,0,0,0,0,0,0,0,0,0,0,0.0,5,40,16,6.2,27,18,6,35,41,22,7,0,0,0,0.0,3,6,0,0,0,493,253,85,143,22537,3211,1542,16973,NYR,Metropolitan,Eastern
2025-2026,20251128,5,WSH,34057,Justin Sourdif,ROSTER,23.0,"5'11""",173.0,Canada,"Surrey, BC",True,RW,24,3,3,6,1.17,0.12,0.12,0.25,19.2,14.5,1,0,0,0,0,0,0,0,0,0,0,0,0,0.0,4,66,28,10.7,7,18,20,35,35,14,4,124,62,62,50.0,5,10,5,12,0,402,283,88,29,17693,3932,1494,12045,WSH,Metropolitan,Eastern
2025-2026,20251128,13,OTT,28485,Jordan Spence,ROSTER,24.0,"5'10""",175.0,Australia,"Manly, Australia",True,D,14,1,7,8,1.43,0.5,0.07,0.57,9.1,5.8,0,0,0,0,0,0,0,0,0,0,0,0,0,0.0,9,50,20,5.0,6,17,13,10,28,13,3,0,0,0,0.0,2,4,0,0,0,332,179,44,110,15308,1785,310,13213,OTT,Atlantic,Eastern
2025-2026,20251128,25,MIN,4918,Jared Spurgeon,ROSTER,35.0,"5'9""",167.0,Canada,"Edmonton, AB",False,D,24,1,3,4,1.0,0.12,0.04,0.17,49.7,5.8,0,1,2,3,0,0,0,0,0,0,0,0,0,0.0,-5,69,24,4.2,41,30,15,35,32,24,5,0,0,0,0.0,2,4,2,4,0,599,350,106,145,30343,6825,1694,21792,MIN,Central,Western
2025-2026,20251128,3,CAR,4029,Jordan Staal,ROSTER,37.0,"6'4""",220.0,Canada,"Thunder Bay, ON",False,C,21,7,2,9,1.29,0.1,0.33,0.43,23.6,30.1,2,0,0,0,0,0,0,0,0,0,0,0,0,0.0,2,53,27,25.9,11,11,15,37,19,16,5,423,245,178,57.9,6,23,6,15,1,471,225,125,128,19258,5089,1356,12813,CAR,Metropolitan,Eastern
2025-2026,20251128,18,NSH,4457,Steven Stamkos,ROSTER,35.0,"6'1""",194.0,Canada,"Markham, ON",False,C,23,5,2,7,1.96,0.09,0.22,0.3,16.1,26.1,1,2,0,2,0,0,0,1,0,1,1,0,0,0.0,-10,101,45,11.1,11,31,25,17,13,25,10,141,81,60,57.4,9,18,5,10,0,458,245,126,91,24126,7879,1724,14523,NSH,Central,Western
2025-2026,20251128,3,CAR,34846,Logan Stankoven,ROSTER,22.0,"5'8""",170.0,Canada,"Kamloops, BC",True,C,23,5,6,11,2.13,0.26,0.22,0.48,7.4,23.0,1,0,0,0,0,0,0,1,0,0,0,0,0,0.0,4,90,49,10.2,5,23,18,8,33,15,11,296,125,171,42.2,5,15,7,17,1,423,239,56,133,21434,1808,297,19329,CAR,Metropolitan,Eastern
2025-2026,20251128,2,WPJ,9644,Logan Stanley,ROSTER,27.0,"6'6""",216.0,Canada,"Kitchener, ON",False,D,22,3,6,9,1.0,0.27,0.14,0.41,38.7,49.1,1,0,0,0,0,0,0,1,0,0,0,0,0,0.0,3,69,22,13.6,30,20,27,32,42,17,7,0,0,0,0.0,12,30,6,18,2,459,293,95,74,22345,3170,1950,17225,WPG,,
2025-2026,20251128,18,NSH,38802,Spencer Stastney,ROSTER,25.0,"5'10""",180.0,USA,"Woodbridge, IL",True,D,23,1,6,7,0.91,0.26,0.04,0.3,18.1,5.8,0,0,0,0,0,1,1,0,0,0,0,0,0,0.0,-2,52,21,4.8,19,21,10,3,26,18,6,0,0,0,0.0,2,4,5,10,0,485,274,55,158,21041,1438,429,19175,NSH,Central,Western
2025-2026,20251128,24,EDM,10108,Troy Stecher,ROSTER,31.0,"5'10""",186.0,Canada,"Richmond, BC",False,D,6,0,0,0,0.5,0.0,0.0,0.0,3.4,11.6,0,0,0,0,0,0,0,0,0,0,0,0,0,0.0,0,9,3,0.0,3,5,1,2,16,8,2,0,0,0,0.0,4,8,0,0,0,108,70,28,10,4904,1152,357,3395,EDM,Pacific,Western
2025-2026,20251128,24,EDM,10108,Troy Stecher,ROSTER,31.0,"5'10""",186.0,Canada,"Richmond, BC",False,D,6,0,0,0,0.5,0.0,0.0,0.0,3.4,11.6,0,0,0,0,0,0,0,0,0,0,0,0,0,0.0,0,9,3,0.0,3,5,1,2,16,8,2,0,0,0,0.0,4,8,0,0,0,108,70,28,10,4904,1152,357,3395,EDM,Pacific,Western
2025-2026,20251128,12,TOR,10108,Troy Stecher,ROSTER,31.0,"5'10""",186.0,Canada,"Richmond, BC",False,D,4,0,0,0,0.75,0.0,0.0,0.0,3.8,0.0,0,0,0,0,0,0,0,0,0,0,0,0,0,0.0,0,11,3,0.0,3,7,1,3,9,4,0,0,0,0,0.0,0,0,1,2,0,90,59,11,20,3887,483,575,2829,TOR,Atlantic,Eastern
2025-2026,20251128,12,TOR,10108,Troy Stecher,ROSTER,31.0,"5'10""",186.0,Canada,"Richmond, BC",False,D,4,0,0,0,0.75,0.0,0.0,0.0,3.8,0.0,0,0,0,0,0,0,0,0,0,0,0,0,0,0.0,0,11,3,0.0,3,7,1,3,9,4,0,0,0,0,0.0,0,0,1,2,0,90,59,11,20,3887,483,575,2829,TOR,Atlantic,Eastern
2025-2026,20251128,27,DAL,9656,Sam Steel,ROSTER,27.0,"5'11""",189.0,Canada,"Edmonton, AB",False,C,24,3,6,9,1.08,0.25,0.12,0.38,19.1,11.6,1,1,2,3,0,0,0,2,0,0,0,0,0,0.0,-4,54,26,11.5,11,12,16,25,27,14,8,101,59,42,58.4,4,8,8,16,0,532,250,139,142,24995,4784,2127,17880,DAL,Central,Western
2025-2026,20251128,11,BOS,30004,Alex Steeves,ROSTER,25.0,"5'11""",185.0,USA,"Bedford, NH",True,C,9,3,1,4,1.67,0.11,0.33,0.44,21.5,12.9,1,0,0,0,1,0,1,0,0,0,0,0,0,0.0,-1,26,15,20.0,12,6,5,29,10,8,0,2,0,2,0.0,2,7,3,9,1,148,97,40,14,6300,1547,673,4080,BOS,Atlantic,Eastern
2025-2026,20251128,30,UTA,15136,Kevin Stenlund,ROSTER,29.0,"6'4""",210.0,Sweden,Stockholm,False,C,24,1,3,4,0.96,0.12,0.04,0.17,22.8,14.5,0,0,0,0,0,0,0,0,0,0,0,0,0,0.0,-4,52,23,4.3,18,12,17,18,21,18,7,388,199,189,51.3,5,10,0,0,0,507,244,123,141,21376,2920,1566,16890,UTA,Central,Western
2025-2026,20251128,143,SEA,5838,Chandler Stephenson,ROSTER,31.0,"6'0""",208.0,Canada,"Saskatoon, SK",False,C,23,4,8,12,1.3,0.35,0.17,0.52,16.7,2.9,1,2,2,4,0,0,0,0,0,0,1,0,0,0.0,-1,54,30,13.3,17,14,10,4,19,25,8,495,249,246,50.3,1,2,6,12,0,603,256,216,126,28100,6176,3287,18144,SEA,Pacific,Western
2025-2026,20251128,142,VGK,5105,Mark Stone,ROSTER,33.0,"6'3""",202.0,Canada,"Winnipeg, MB",False,RW,7,3,11,14,3.14,1.57,0.43,2.0,6.3,0.0,1,2,7,9,0,1,1,0,0,0,0,0,0,0.0,2,34,22,13.6,5,5,7,5,3,7,4,1,0,1,0.0,0,0,3,6,0,151,75,46,33,7825,2215,564,5046,VGK,Pacific,Western
2025-2026,20251128,5,WSH,5598,Dylan Strome,ROSTER,28.0,"6'3""",200.0,Canada,"Mississauga, ON",False,C,22,5,15,20,1.73,0.68,0.23,0.91,11.5,17.4,1,0,6,6,0,0,0,1,0,0,2,0,1,50.0,12,67,38,13.2,10,17,12,7,11,18,6,378,214,164,56.6,6,12,4,8,0,456,212,133,112,23794,5107,2861,15560,WSH,Metropolitan,Eastern
2025-2026,20251128,29,ANA,4997,Ryan Strome,ROSTER,32.0,"6'1""",190.0,Canada,"Mississauga, ON",False,C,7,1,2,3,1.57,0.29,0.14,0.43,3.4,2.9,0,1,0,1,0,0,0,0,0,0,0,0,0,0.0,0,19,11,9.1,3,5,3,2,4,6,1,83,32,51,38.6,1,2,1,2,0,126,51,41,35,5836,1443,773,3620,ANA,Pacific,Western
2025-2026,20251128,14,MTL,38014,Jayden Struble,ROSTER,24.0,"6'0""",205.0,USA,"Cumberland, RI",True,D,18,0,4,4,0.56,0.22,0.0,0.22,21.5,46.0,0,0,0,0,0,0,0,0,0,0,0,0,0,0.0,-3,33,10,0.0,10,13,10,34,15,20,4,0,0,0,0.0,9,32,3,12,2,323,201,30,92,16300,1754,581,13965,MTL,Atlantic,Eastern
2025-2026,20251128,25,MIN,15974,Nico Sturm,ROSTER,30.0,"6'3""",207.0,Germany,Augsburg,False,C,2,1,0,1,1.0,0.0,0.5,0.5,4.0,0.0,0,0,0,0,0,0,0,0,0,0,0,0,0,0.0,0,6,2,50.0,2,2,2,6,3,2,1,16,4,12,25.0,0,0,1,2,0,36,24,9,4,1585,263,175,1147,MIN,Central,Western
2025-2026,20251128,13,OTT,19051,Tim Stützle,ROSTER,23.0,"6'0""",190.0,Germany,Viersen,True,C,23,11,12,23,2.57,0.52,0.48,1.0,30.4,13.1,3,2,4,6,0,0,0,3,0,1,3,1,2,66.67,8,108,59,18.6,17,31,18,41,39,29,7,215,129,86,60.0,5,8,10,20,0,606,396,130,93,27969,6773,1992,19526,OTT,Atlantic,Eastern
2025-2026,20251128,17,STL,5819,Oskar Sundqvist,ROSTER,31.0,"6'3""",209.0,Sweden,Boden,False,C,15,0,9,9,0.8,0.6,0.0,0.6,13.0,8.7,0,0,1,1,0,0,0,0,0,0,0,0,0,0.0,0,21,12,0.0,5,4,5,23,8,6,5,121,53,68,43.8,3,6,0,0,0,271,154,68,49,11870,1794,1273,8803,STL,Central,Western
2025-2026,20251128,17,STL,28325,Pius Suter,ROSTER,29.0,"5'11""",176.0,Switzerland,Wallisellen,True,C,24,6,5,11,1.62,0.21,0.25,0.46,12.6,11.6,2,1,1,2,0,1,1,2,0,0,0,0,0,0.0,-2,72,39,15.4,7,14,19,17,3,13,6,236,116,120,49.2,4,8,2,4,0,525,292,120,119,23947,4026,1268,18653,STL,Central,Western
2025-2026,20251128,14,MTL,13628,Nick Suzuki,ROSTER,26.0,"5'11""",208.0,Canada,"London, ON",False,C,22,7,19,26,2.09,0.86,0.32,1.18,26.4,5.8,2,4,7,11,0,0,0,0,0,0,2,1,0,0.0,12,100,46,15.2,22,17,37,18,25,16,4,388,201,187,51.8,2,4,2,4,0,487,213,47,234,27215,4278,644,22293,MTL,Atlantic,Eastern
2025-2026,20251128,18,NSH,37974,Fedor Svechkov,ROSTER,22.0,"6'0""",187.0,Russia,Togliatti,True,C,21,1,1,2,1.19,0.05,0.05,0.1,14.7,2.9,0,0,0,0,0,0,0,0,0,0,0,0,0,0.0,-9,45,25,4.0,9,12,8,18,23,12,4,135,56,79,41.5,1,2,3,6,0,325,232,41,53,15263,2186,359,12718,NSH,Central,Western
2025-2026,20251128,3,CAR,14525,Andrei Svechnikov,ROSTER,25.0,"6'2""",195.0,Russia,Barnaul,False,RW,23,7,5,12,3.0,0.22,0.3,0.52,13.1,14.5,2,4,0,4,0,0,0,1,0,0,2,1,0,0.0,-2,143,69,10.1,3,41,33,28,31,23,5,6,4,2,66.7,5,10,1,2,0,461,288,98,82,22528,4294,1855,16379,CAR,Metropolitan,Eastern
2025-2026,20251128,30,UTA,9068,Brandon Tanev,ROSTER,33.0,"6'0""",180.0,Canada,"Toronto, ON",False,LW,24,0,1,1,0.67,0.04,0.0,0.04,33.9,14.5,0,0,0,0,0,0,0,0,0,0,0,0,0,0.0,-8,30,16,0.0,11,9,5,65,34,18,2,13,3,10,23.1,5,10,6,12,0,361,211,97,53,14528,2077,1632,10819,UTA,Central,Western
2025-2026,20251128,12,TOR,4939,Christopher Tanev,ROSTER,35.0,"6'2""",197.0,Canada,"Toronto, ON",False,D,8,0,2,2,0.75,0.25,0.0,0.25,7.9,0.0,0,0,0,0,0,0,0,0,0,0,0,0,0,0.0,5,16,6,0.0,8,8,2,2,20,3,4,0,0,0,0.0,0,0,2,4,0,211,116,36,59,8322,1526,146,6650,TOR,Atlantic,Eastern
2025-2026,20251128,25,MIN,5135,Vladimir Tarasenko,ROSTER,33.0,"6'0""",225.0,Russia,Yaroslavl,False,RW,18,2,8,10,1.67,0.44,0.11,0.56,13.2,0.0,0,1,6,7,0,0,0,0,0,0,1,1,0,0.0,-6,63,30,6.7,9,19,14,14,22,12,5,0,0,0,0.0,0,0,3,6,0,293,132,107,56,16519,4826,1336,10357,MIN,Central,Western
2025-2026,20251128,12,TOR,4680,John Tavares,ROSTER,35.0,"6'1""",215.0,Canada,"Mississauga, ON",False,C,23,12,16,28,3.0,0.7,0.52,1.22,13.4,8.7,4,2,2,4,0,0,0,1,0,1,0,0,0,0.0,4,130,69,17.4,5,32,29,24,17,21,6,390,238,152,61.0,3,6,4,8,0,497,258,131,121,25650,9100,1696,14815,TOR,Atlantic,Eastern
2025-2026,20251128,20,CHI,5355,Teuvo Teravainen,ROSTER,31.0,"5'11""",191.0,Finland,Helsinki,False,C,23,5,10,15,1.17,0.43,0.22,0.65,13.9,2.9,1,2,5,7,0,0,0,1,0,0,1,0,0,0.0,4,58,27,18.5,11,15,16,11,11,29,5,56,26,30,46.4,1,2,3,6,0,553,259,110,186,26674,6838,1314,18299,CHI,Central,Western
2025-2026,20251128,29,ANA,5738,Troy Terry,ROSTER,28.0,"6'0""",186.0,USA,"Denver, CO",False,RW,23,7,19,26,2.35,0.83,0.3,1.13,4.5,8.7,2,0,5,5,1,2,3,1,0,0,1,0,1,100.0,11,117,54,13.0,5,22,41,0,18,15,6,3,2,1,66.7,3,6,5,10,0,553,237,140,185,26119,5294,1508,19361,ANA,Pacific,Western
2025-2026,20251128,17,STL,15997,Alexandre Texier,UFA,26.0,"6'1""",192.0,France,Grenoble,False,LW,8,0,1,1,0.88,0.12,0.0,0.12,4.2,2.9,0,0,0,0,0,0,0,0,0,0,0,0,0,0.0,0,13,7,0.0,1,2,4,9,5,2,1,1,1,0,100.0,1,2,1,2,0,106,64,28,14,4923,1102,387,3434,STL,Central,Western
2025-2026,20251128,142,VGK,5900,Shea Theodore,ROSTER,30.0,"6'2""",195.0,Canada,"Langley, BC",False,D,23,3,11,14,2.39,0.48,0.13,0.61,31.7,5.8,1,1,3,4,0,0,0,1,0,0,0,0,0,0.0,4,118,55,5.5,35,41,22,1,32,32,9,0,0,0,0.0,2,4,3,6,0,664,315,223,129,33252,7449,3587,22158,VGK,Pacific,Western
2025-2026,20251128,17,STL,14609,Robert Thomas,ROSTER,26.0,"6'0""",188.0,Canada,"Aurora, ON",False,C,20,4,10,14,1.45,0.5,0.2,0.7,11.0,5.8,1,2,4,6,0,0,0,0,0,0,1,0,0,0.0,-2,56,29,13.8,11,17,10,3,21,30,12,344,180,164,52.3,2,4,3,6,0,471,244,95,136,22388,3640,1326,17422,STL,Central,Western
2025-2026,20251128,15,BUF,9652,Tage Thompson,ROSTER,28.0,"6'6""",215.0,USA,"Oyster Bay, NY",False,C,23,12,9,21,3.78,0.39,0.52,0.91,21.0,14.5,4,2,3,5,0,0,0,0,0,0,1,1,0,0.0,-6,181,87,13.8,11,51,43,30,17,23,11,205,101,104,49.3,5,10,4,8,0,546,265,69,224,26090,4494,531,21065,BUF,Atlantic,Eastern
2025-2026,20251128,15,BUF,15181,Conor Timmins,ROSTER,27.0,"6'2""",185.0,Canada,"Thorold, ON",False,D,23,0,5,5,0.87,0.22,0.0,0.22,52.5,17.4,0,0,0,0,0,0,0,0,0,0,0,0,0,0.0,-7,64,20,0.0,52,26,18,16,35,28,7,0,0,0,0.0,6,12,4,8,0,584,290,63,231,26825,2102,320,24403,BUF,Atlantic,Eastern
2025-2026,20251128,6,PHI,13625,Owen Tippett,ROSTER,26.0,"6'0""",183.0,Canada,"Peterborough, ON",False,RW,22,6,8,14,2.45,0.36,0.27,0.64,22.7,23.0,2,1,0,1,0,0,0,0,0,0,0,0,0,0.0,0,101,54,11.1,10,17,30,37,21,28,6,1,0,1,0.0,6,20,6,12,0,485,272,110,109,21956,3751,1039,17166,PHI,Metropolitan,Eastern
2025-2026,20251128,13,OTT,14527,Brady Tkachuk,ROSTER,26.0,"6'4""",212.0,USA,"St. Louis, MO",False,LW,3,0,3,3,3.33,1.0,0.0,1.0,3.7,5.8,0,0,1,1,0,0,0,0,0,0,0,0,0,0.0,1,21,10,0.0,0,6,5,10,1,4,1,11,8,3,72.7,2,4,3,6,0,69,37,4,28,2991,393,102,2496,OTT,Atlantic,Eastern
2025-2026,20251128,22,COL,13917,Devon Toews,ROSTER,31.0,"6'1""",191.0,Canada,"Abbotsford, BC",False,D,23,0,7,7,1.26,0.3,0.0,0.3,32.0,14.5,0,0,0,0,0,0,0,0,0,0,0,0,0,0.0,18,79,29,0.0,32,31,19,9,9,27,9,0,0,0,0.0,5,10,2,4,0,634,297,195,142,31493,4903,4044,22546,COL,Central,Western
2025-2026,20251128,2,WPJ,4262,Jonathan Toews,ROSTER,37.0,"6'2""",201.0,Canada,"Winnipeg, MB",False,C,22,3,5,8,1.41,0.23,0.14,0.36,14.0,17.4,1,1,2,3,0,0,0,0,0,0,1,0,0,0.0,-12,57,31,9.7,14,9,17,4,22,11,4,327,205,122,62.7,6,12,3,6,0,466,230,119,120,21445,6057,1286,14102,WPG,,
2025-2026,20251128,26,SJS,5191,Tyler Toffoli,ROSTER,33.0,"6'0""",197.0,Canada,"Scarborough, ON",False,C,24,5,7,12,1.88,0.29,0.21,0.5,17.9,2.9,1,2,2,4,0,0,0,0,0,0,1,0,0,0.0,1,100,45,11.1,13,31,24,17,11,18,5,4,1,3,25.0,1,2,0,0,0,487,242,159,91,23120,6473,1486,15161,SJS,Pacific,Western
2025-2026,20251128,143,SEA,13645,Eeli Tolvanen,ROSTER,26.0,"5'10""",191.0,Finland,Vihti,False,RW,23,3,8,11,1.43,0.35,0.13,0.48,40.1,8.7,1,2,3,5,0,0,0,0,0,0,2,1,1,50.0,-3,81,33,9.1,20,27,21,60,16,18,5,0,0,0,0.0,3,6,4,8,0,450,248,152,46,20874,4384,2761,13381,SEA,Pacific,Western
2025-2026,20251128,24,EDM,183906,David Tomasek,ROSTER,29.0,"6'2""",210.0,Czech Republic,Praha,True,RW,18,2,2,4,1.28,0.11,0.11,0.22,9.9,11.6,0,0,2,2,0,0,0,0,0,0,1,0,0,0.0,-6,42,23,8.7,4,6,13,17,13,9,3,64,30,34,46.9,4,8,2,4,0,248,210,34,7,12079,2461,161,9492,EDM,Pacific,Western
2025-2026,20251128,10,PIT,24517,Philip Tomasino,ASSIGNED_TO_MINORS,24.0,"6'0""",180.0,Canada,"Mississauga, ON",False,RW,9,0,1,1,1.0,0.11,0.0,0.11,10.3,0.0,0,0,0,0,0,0,0,0,0,0,0,0,0,0.0,-2,19,9,0.0,7,3,7,11,14,3,0,4,2,2,50.0,0,0,0,0,0,130,81,32,11,6573,1019,587,4559,PIT,Metropolitan,Eastern
2025-2026,20251128,17,STL,18182,Alexei Toropchenko,ROSTER,26.0,"6'3""",187.0,Russia,Moscow,False,RW,16,1,1,2,0.69,0.06,0.06,0.12,24.4,0.0,0,0,0,0,1,0,1,0,0,0,0,0,0,0.0,-5,21,11,9.1,12,4,6,37,13,9,2,0,0,0,0.0,0,0,1,2,0,283,170,63,51,11185,1870,779,8536,STL,Central,Western
2025-2026,20251128,25,MIN,17203,Yakov Trenin,ROSTER,28.0,"6'2""",201.0,Russia,Chelyabinsk,True,C,24,1,4,5,1.12,0.17,0.04,0.21,51.6,30.3,0,0,0,0,0,0,0,0,0,0,0,0,0,0.0,1,60,27,3.7,13,10,23,108,38,19,5,54,19,35,35.2,8,19,3,9,1,356,206,83,68,18900,3598,2646,12656,MIN,Central,Western
2025-2026,20251128,9,NYR,5342,Vincent Trocheck,ROSTER,32.0,"5'10""",183.0,USA,"Pittsburgh, PA",False,C,11,5,4,9,1.27,0.36,0.45,0.82,24.9,11.6,1,0,1,1,0,0,0,1,0,0,1,0,1,100.0,1,31,14,35.7,10,6,11,43,15,13,7,195,104,91,53.3,4,8,1,2,0,265,132,51,81,12664,3485,697,8055,NYR,Metropolitan,Eastern
2025-2026,20251128,29,ANA,5232,Jacob Trouba,ROSTER,31.0,"6'3""",209.0,USA,"Rochester, MI",False,D,23,4,9,13,1.61,0.39,0.17,0.57,60.7,5.8,1,0,0,0,0,0,0,1,0,1,0,0,0,0.0,15,91,37,10.8,45,31,23,55,20,28,8,0,0,0,0.0,2,4,3,6,0,639,318,131,194,31132,5211,1794,24127,ANA,Pacific,Western
2025-2026,20251128,8,NYI,142668,Maxim Tsyplakov,ROSTER,,,,,,False,RW,15,1,0,1,0.73,0.0,0.07,0.07,13.2,0.0,0,0,0,0,0,0,0,0,0,0,0,0,0,0.0,-7,22,11,9.1,4,7,4,26,8,11,2,7,2,5,28.6,0,0,1,2,0,197,170,11,17,8171,635,68,7468,NYI,Metropolitan,Eastern
2025-2026,20251128,15,BUF,11711,Alex Tuch,ROSTER,29.0,"6'4""",220.0,USA,"Syracuse, NY",False,RW,23,8,13,21,2.26,0.57,0.35,0.91,28.7,44.7,2,1,1,2,1,0,1,0,0,0,1,1,0,0.0,1,109,52,15.4,23,17,41,22,9,15,6,19,9,10,47.4,11,33,7,17,1,593,257,92,251,25494,4124,832,20538,BUF,Atlantic,Eastern
2025-2026,20251128,17,STL,20063,Tyler Tucker,ROSTER,25.0,"6'1""",205.0,Canada,"Thunder Bay, ON",False,D,23,1,3,4,0.91,0.13,0.04,0.17,24.0,56.0,0,0,0,0,0,0,0,0,0,0,0,0,0,0.0,-5,49,21,4.8,16,21,7,26,35,19,1,0,0,0,0.0,9,32,6,24,4,400,247,53,101,17377,2224,712,14441,STL,Central,Western
2025-2026,20251128,11,BOS,9651,Riley Tufte,ROSTER,27.0,"6'6""",220.0,USA,"Ham Lake, MN",False,LW,3,1,0,1,1.33,0.0,0.33,0.33,2.2,0.0,0,1,0,1,0,0,0,0,0,0,0,0,0,0.0,0,8,4,25.0,0,0,4,6,3,1,0,0,0,0,0.0,0,0,0,0,0,39,27,6,7,2113,253,33,1827,BOS,Atlantic,Eastern
2025-2026,20251128,28,LAK,19087,Alex Turcotte,ROSTER,24.0,"5'11""",185.0,USA,"Elk Grove, IL",False,C,22,0,3,3,0.73,0.14,0.0,0.14,7.2,13.7,0,0,0,0,0,0,0,0,0,0,0,0,0,0.0,-4,37,16,0.0,6,12,9,5,27,11,2,134,73,61,54.5,4,11,4,8,0,278,185,49,44,11934,1800,597,9537,LAK,Pacific,Western
2025-2026,20251128,9,NYR,13633,Urho Vaakanainen,ROSTER,26.0,"6'2""",196.0,Finland,Joensuu,False,D,16,0,3,3,0.69,0.19,0.0,0.19,12.1,14.5,0,0,0,0,0,0,0,0,0,0,0,0,0,0.0,2,34,11,0.0,11,13,11,6,28,12,2,0,0,0,0.0,5,10,2,4,0,301,187,29,72,13967,1290,415,11593,NYR,Metropolitan,Eastern
2025-2026,20251128,16,DET,4683,James van Riemsdyk,ROSTER,36.0,"6'3""",217.0,USA,"Middletown, New Jersey",False,LW,19,3,1,4,1.37,0.05,0.16,0.21,11.0,8.7,1,2,0,2,0,0,0,0,0,0,1,0,1,100.0,-7,57,26,11.5,11,11,20,3,14,8,1,2,1,1,50.0,3,6,2,4,0,306,151,86,73,13353,5243,1095,7899,DET,Atlantic,Eastern
2025-2026,20251128,5,WSH,5460,Trevor van Riemsdyk,ROSTER,34.0,"6'2""",192.0,USA,"Middletown, New Jersey",False,D,17,1,1,2,0.59,0.06,0.06,0.12,19.0,14.5,0,0,0,0,0,0,0,0,0,0,0,0,0,0.0,-3,25,10,10.0,20,10,5,3,11,13,4,0,0,0,0.0,5,10,1,2,0,321,158,46,114,15345,2389,833,11921,WSH,Metropolitan,Eastern
2025-2026,20251128,29,ANA,5851,Frank Vatrano,ROSTER,31.0,"5'10""",200.0,USA,"East Longmeadow, MA",False,RW,23,2,1,3,1.7,0.04,0.09,0.13,32.5,25.8,0,0,1,1,0,0,0,1,0,0,0,0,0,0.0,-8,65,39,5.1,16,14,12,49,16,8,2,10,4,6,40.0,4,14,4,14,2,396,191,112,95,17026,2886,1853,12367,ANA,Pacific,Western
2025-2026,20251128,14,MTL,18040,Joe Veleno,ROSTER,25.0,"6'1""",191.0,Canada,"Montreal, QC",False,C,17,1,0,1,0.94,0.0,0.06,0.06,22.1,21.6,0,0,0,0,0,0,0,0,0,0,0,0,0,0.0,-8,29,16,6.2,11,6,7,33,13,6,1,87,45,42,51.7,5,13,3,9,1,251,131,46,75,11799,1288,255,10256,MTL,Atlantic,Eastern
2025-2026,20251128,4,FLO,17177,Carter Verhaeghe,ROSTER,30.0,"6'1""",177.0,Canada,"Waterdown, ON",False,C,23,4,11,15,2.3,0.48,0.17,0.65,14.0,8.7,1,1,3,4,0,0,0,1,0,0,0,0,0,0.0,-3,115,53,7.5,7,43,19,21,33,17,7,28,12,16,42.9,3,6,6,12,0,500,247,119,139,24540,6496,1928,16116,FLA,,
2025-2026,20251128,11,BOS,18174,Jeffrey Viel,ROSTER,28.0,"6'0""",195.0,Canada,"Rimouski, QC",False,LW,8,0,0,0,1.38,0.0,0.0,0.0,11.9,40.1,0,0,0,0,0,0,0,0,0,0,0,0,0,0.0,-1,19,11,0.0,3,3,5,25,5,2,1,2,1,1,50.0,7,28,4,14,2,113,63,27,23,4796,826,762,3208,BOS,Atlantic,Eastern
2025-2026,20251128,2,WPJ,18069,Gabriel Vilardi,ROSTER,26.0,"6'2""",185.0,Canada,"Kingston, ON",False,C,22,10,8,18,2.45,0.36,0.45,0.82,10.7,8.7,3,4,3,7,0,0,0,2,0,0,1,0,1,100.0,-2,100,54,18.5,9,19,27,7,24,17,5,26,13,13,50.0,3,6,5,10,0,458,251,192,26,24769,6115,5476,13364,WPG,,
2025-2026,20251128,20,CHI,38015,Alex Vlasic,ROSTER,24.0,"6'6""",200.0,USA,"Wilmette, IL",True,D,22,2,3,5,1.0,0.14,0.09,0.23,37.9,10.0,0,0,0,0,0,0,0,0,0,0,0,0,0,0.0,-3,54,22,9.1,37,15,17,13,40,22,9,0,0,0,0.0,1,5,2,7,1,554,251,36,262,28325,1644,343,26015,CHI,Central,Western
2025-2026,20251128,19,CBJ,56385,Dmitri Voronkov,ROSTER,25.0,"6'3""",183.0,Russia,,False,LW,24,9,9,18,2.0,0.38,0.38,0.75,21.3,34.8,3,3,0,3,0,0,0,0,0,0,0,0,0,0.0,5,87,48,18.8,6,7,32,43,11,23,4,15,3,12,20.0,12,24,2,4,0,478,281,111,95,23006,4702,1360,16944,CBJ,Metropolitan,Eastern
2025-2026,20251128,17,STL,13691,Nathan Walker,ROSTER,31.0,"5'9""",186.0,United Kingdom,Cardiff,False,LW,23,3,5,8,1.17,0.22,0.13,0.35,50.5,18.8,1,0,0,0,0,0,0,1,0,0,0,0,0,0.0,0,45,27,11.1,20,5,12,88,24,12,2,47,26,21,55.3,6,14,5,10,0,403,210,121,75,17422,3505,1890,12027,STL,Central,Western
2025-2026,20251128,3,CAR,15368,Sean Walker,ROSTER,31.0,"5'11""",196.0,Canada,"Keswick, ON",False,D,23,4,4,8,2.43,0.17,0.17,0.35,43.8,20.3,1,0,1,1,0,0,0,0,0,0,0,0,0,0.0,-4,147,56,7.1,32,61,30,41,49,20,5,0,0,0,0.0,7,14,7,14,0,668,354,118,200,32274,3506,1358,27410,CAR,Metropolitan,Eastern
2025-2026,20251128,24,EDM,13672,Jake Walman,ROSTER,29.0,"6'1""",170.0,Canada,"Toronto, ON",False,D,17,3,7,10,1.35,0.41,0.18,0.59,30.4,11.6,1,1,0,1,1,0,1,1,0,1,0,0,0,0.0,-3,66,23,13.0,31,32,11,7,4,23,7,0,0,0,0.0,4,8,1,2,0,406,205,113,84,20523,3709,2012,14330,EDM,Pacific,Western
2025-2026,20251128,8,NYI,56461,Marshall Warren,ASSIGNED_TO_MINORS,24.0,"5'11""",170.0,USA,"Laurel Hollow, NY",False,D,2,0,2,2,0.0,1.0,0.0,1.0,0.7,2.9,0,0,0,0,0,0,0,0,0,0,0,0,0,0.0,1,1,0,0.0,0,1,0,2,5,2,1,0,0,0,0.0,1,2,1,2,0,36,22,3,11,1456,150,33,1273,NYI,Metropolitan,Eastern
2025-2026,20251128,23,CGY,12274,MacKenzie Weegar,ROSTER,31.0,"6'0""",200.0,Canada,"Nepean, ON",False,D,25,0,4,4,2.04,0.16,0.0,0.16,66.8,41.8,0,0,2,2,0,0,0,0,0,0,0,0,0,0.0,-20,131,51,0.0,49,54,26,62,58,42,10,0,0,0,0.0,10,31,4,11,1,816,341,187,288,35876,6736,2673,26467,CGY,Pacific,Western
2025-2026,20251128,26,SJS,5449,Alexander Wennberg,ROSTER,31.0,"6'2""",197.0,Sweden,Stockholm,False,C,24,5,7,12,1.08,0.29,0.21,0.5,27.3,11.6,1,2,2,4,0,0,0,1,0,0,0,0,0,0.0,-8,47,26,19.2,28,16,5,6,13,19,12,371,173,198,46.6,4,8,6,12,0,596,291,165,145,29794,6400,2451,20943,SJS,Pacific,Western
2025-2026,20251128,19,CBJ,5603,Zach Werenski,ROSTER,28.0,"6'2""",212.0,USA,"Grosse Pointe, MI",False,D,24,8,14,22,3.96,0.58,0.33,0.92,36.0,0.0,2,1,5,6,0,0,0,0,0,0,0,0,0,0.0,7,207,95,8.4,34,68,44,15,31,46,14,0,0,0,0.0,0,0,1,2,0,638,334,86,224,38198,7671,1217,29249,CBJ,Metropolitan,Eastern
2025-2026,20251128,7,NJD,15576,Colton White,ROSTER,28.0,"6'1""",190.0,Canada,"London, ON",False,D,6,0,0,0,0.5,0.0,0.0,0.0,7.1,0.0,0,0,0,0,0,0,0,0,0,0,0,0,0,0.0,-2,11,3,0.0,5,7,1,7,10,4,0,0,0,0,0.0,0,0,0,0,0,100,59,11,27,4253,373,56,3726,NJD,Metropolitan,Eastern
2025-2026,20251128,142,VGK,14133,Zach Whitecloud,ROSTER,29.0,"6'2""",209.0,Canada,"Brandon, MB",False,D,23,0,3,3,0.7,0.13,0.0,0.13,35.6,17.4,0,0,0,0,0,0,0,0,0,0,0,0,0,0.0,-5,56,16,0.0,24,32,8,38,55,20,1,0,0,0,0.0,6,12,4,8,0,546,349,131,66,25176,5806,2162,17208,VGK,Pacific,Western
2025-2026,20251128,18,NSH,28517,Ozzy Wiesblatt,ROSTER,23.0,"5'10""",183.0,Canada,"Calgary, AB",True,C,20,0,3,3,0.9,0.15,0.0,0.15,24.8,30.3,0,0,0,0,0,0,0,0,0,0,1,0,1,100.0,-8,40,18,0.0,7,12,10,50,33,10,3,4,0,4,0.0,8,19,5,13,1,310,206,54,51,13122,1826,507,11172,NSH,Central,Western
2025-2026,20251128,21,VAN,166972,Tom Willander,ROSTER,20.0,"6'1""",179.0,Sweden,Stockholm,True,D,14,0,5,5,0.64,0.36,0.0,0.36,14.5,2.9,0,0,1,1,0,0,0,0,0,0,0,0,0,0.0,-1,34,9,0.0,15,13,12,3,19,8,3,0,0,0,0.0,1,2,0,0,0,277,231,26,20,11546,2190,177,9179,VAN,Pacific,Western
2025-2026,20251128,18,NSH,53068,Adam Wilsby,ROSTER,25.0,"6'0""",183.0,Sweden,Stockholm,True,D,15,0,2,2,1.07,0.13,0.0,0.13,11.3,14.5,0,0,0,0,0,0,0,0,0,0,0,0,0,0.0,-2,42,16,0.0,11,20,6,4,24,14,3,0,0,0,0.0,5,10,1,2,0,326,243,39,44,14864,3182,594,11088,NSH,Central,Western
2025-2026,20251128,5,WSH,5225,Tom Wilson,ROSTER,31.0,"6'4""",220.0,Canada,"Toronto, ON",False,RW,24,12,12,24,2.17,0.5,0.5,1.0,37.9,69.0,4,4,2,6,0,0,0,1,0,0,0,0,0,0.0,11,100,52,23.1,15,20,28,66,24,22,7,14,7,7,50.0,15,52,12,30,2,568,278,162,134,28028,7143,2394,18192,WSH,Metropolitan,Eastern
2025-2026,20251128,143,SEA,56633,Ryan Winterton,ROSTER,22.0,"6'2""",175.0,Canada,"Whitby, ON",False,C,23,2,2,4,0.74,0.09,0.09,0.17,17.5,5.8,0,0,0,0,0,0,0,0,0,0,0,0,0,0.0,0,39,17,11.8,10,11,11,23,32,9,4,0,0,0,0.0,2,4,6,12,0,388,254,56,75,16327,1673,906,13495,SEA,Pacific,Western
2025-2026,20251128,18,NSH,142645,Matthew Wood,ROSTER,,,,,,False,RW,16,6,4,10,2.06,0.25,0.38,0.62,8.6,0.0,2,2,3,5,0,0,0,0,0,0,1,0,0,0.0,-4,61,33,18.2,5,16,12,11,14,7,1,8,2,6,25.0,0,0,4,8,0,251,211,40,6,12507,2515,308,9684,NSH,Central,Western
2025-2026,20251128,19,CBJ,9079,Miles Wood,ROSTER,30.0,"6'2""",195.0,USA,"Buffalo, NY",False,LW,18,6,1,7,1.72,0.06,0.33,0.39,10.4,14.5,2,0,0,0,0,0,0,1,0,1,0,0,0,0.0,-5,53,31,19.4,5,10,12,16,18,15,1,6,1,5,16.7,5,10,5,12,0,300,166,71,68,13982,3132,877,9973,CBJ,Metropolitan,Eastern
2025-2026,20251128,10,PIT,5707,Parker Wotherspoon,ROSTER,28.0,"6'0""",172.0,Canada,"Surrey, BC",False,D,22,2,6,8,0.91,0.27,0.09,0.36,40.5,25.9,0,0,0,0,0,1,1,1,0,0,0,0,0,0.0,8,50,20,10.0,32,23,7,32,32,32,10,0,0,0,0.0,7,22,2,4,0,519,291,132,87,27793,4271,2051,20873,PIT,Metropolitan,Eastern
2025-2026,20251128,143,SEA,43332,Shane Wright,ROSTER,21.0,"6'1""",199.0,Canada,"Burlington, ON",True,C,23,5,6,11,1.39,0.26,0.22,0.48,17.8,2.9,1,1,1,2,0,0,0,1,0,1,0,0,0,0.0,0,58,32,15.6,12,12,14,19,31,24,2,164,60,104,36.6,1,2,3,6,0,435,323,71,40,19354,3230,626,15204,SEA,Pacific,Western
2025-2026,20251128,14,MTL,34148,Arber Xhekaj,ROSTER,24.0,"6'4""",238.0,Canada,"Hamilton, ON",True,D,20,0,1,1,0.8,0.05,0.0,0.05,24.9,63.1,0,0,0,0,0,0,0,0,0,0,0,0,0,0.0,-4,42,16,0.0,15,23,3,31,25,12,1,0,0,0,0.0,10,40,5,22,4,298,225,26,47,13995,1862,277,11856,MTL,Atlantic,Eastern
2025-2026,20251128,14,MTL,133820,Florian Xhekaj,ROSTER,21.0,"6'3""",188.0,Canada,"Hamilton, ON",True,LW,2,0,1,1,1.5,0.5,0.0,0.5,3.6,12.9,0,0,0,0,0,0,0,0,0,0,0,0,0,0.0,1,4,3,0.0,2,1,0,5,1,2,0,0,0,0,0.0,2,7,1,5,1,27,27,0,0,1119,312,0,807,MTL,Atlantic,Eastern
2025-2026,20251128,30,UTA,13637,Kailer Yamamoto,ROSTER,27.0,"5'8""",153.0,USA,"Spokane, WA",False,RW,16,3,2,5,0.69,0.12,0.19,0.31,6.2,8.7,1,0,0,0,0,0,0,0,0,0,0,0,0,0.0,4,24,11,27.3,4,6,7,7,13,6,1,15,5,10,33.3,3,6,7,14,0,255,146,75,37,11366,1508,1617,8241,UTA,Central,Western
2025-2026,20251128,6,PHI,30026,Cameron York,ROSTER,24.0,"5'11""",172.0,USA,"Anaheim Hills, CA",True,D,19,1,10,11,0.74,0.53,0.05,0.58,33.5,8.7,0,1,4,5,0,0,0,0,0,0,0,0,0,0.0,0,43,14,7.1,37,16,13,1,31,20,6,0,0,0,0.0,3,6,0,0,0,573,332,104,139,27849,4025,913,22911,PHI,Metropolitan,Eastern
2025-2026,20251128,25,MIN,56469,Danila Yurov,ROSTER,21.0,"6'1""",178.0,Russia,Chelyabinsk,False,RW,19,3,3,6,1.16,0.16,0.16,0.32,13.8,0.0,1,0,0,0,0,0,0,2,0,0,0,0,0,0.0,-2,38,22,13.6,10,9,7,13,17,12,4,134,52,82,38.8,0,0,2,6,0,260,208,29,26,12597,2019,157,10421,MIN,Central,Western
2025-2026,20251128,11,BOS,5601,Pavel Zacha,ROSTER,28.0,"6'3""",210.0,Czech Republic,Brno,False,C,25,5,12,17,1.52,0.48,0.2,0.68,20.4,24.6,1,2,8,10,0,0,0,1,0,1,0,0,0,0.0,-4,68,38,13.2,12,7,23,26,10,20,7,295,153,142,51.9,8,18,1,2,0,540,239,181,125,26787,5759,2841,18187,BOS,Atlantic,Eastern
2025-2026,20251128,11,BOS,5270,Nikita Zadorov,ROSTER,30.0,"6'6""",235.0,Russia,Moscow,False,D,25,1,7,8,1.28,0.28,0.04,0.32,61.1,72.3,0,0,0,0,0,0,0,0,0,0,0,0,0,0.0,4,78,32,3.1,36,31,15,78,35,28,14,0,0,0,0.0,20,46,13,32,2,665,336,96,234,32718,4959,2313,25446,BOS,Atlantic,Eastern
2025-2026,20251128,6,PHI,21853,Egor Zamula,ROSTER,25.0,"6'3""",170.0,Russia,Chelyabinsk,True,D,10,0,1,1,0.7,0.1,0.0,0.1,10.2,5.8,0,0,0,0,0,0,0,0,0,0,0,0,0,0.0,5,13,7,0.0,11,6,0,1,14,6,1,0,0,0,0.0,2,4,0,0,0,190,120,20,50,8186,1292,191,6703,PHI,Metropolitan,Eastern
2025-2026,20251128,23,CGY,28538,Connor Zary,ROSTER,24.0,"6'0""",178.0,Canada,"Saskatoon, SK",True,C,23,2,1,3,1.35,0.04,0.09,0.13,10.9,14.5,0,1,0,1,0,0,0,0,0,0,1,0,0,0.0,-4,60,31,6.5,6,13,16,15,12,10,5,87,33,54,37.9,5,10,7,14,0,405,247,102,58,18811,3509,1654,13648,CGY,Pacific,Western
2025-2026,20251128,6,PHI,25981,Trevor Zegras,ROSTER,24.0,"6'1""",185.0,USA,"Bedford, NY",True,C,22,7,14,21,2.36,0.64,0.32,0.95,8.7,23.0,2,2,5,7,0,0,0,0,0,0,3,0,3,100.0,0,106,52,13.5,6,25,29,9,24,21,6,82,31,51,37.8,6,20,5,10,0,473,303,84,96,24355,3975,1095,19364,PHI,Metropolitan,Eastern
2025-2026,20251128,29,ANA,32258,Olen Zellweger,ROSTER,22.0,"5'10""",175.0,Canada,"Calgary, AB",True,D,23,3,5,8,2.13,0.22,0.13,0.35,27.9,20.3,1,1,1,2,0,0,0,1,0,1,0,0,0,0.0,10,110,49,6.1,27,36,25,10,54,20,5,0,0,0,0.0,7,14,7,14,0,531,379,56,100,26245,3784,587,21875,ANA,Pacific,Western
2025-2026,20251128,13,OTT,18106,Fabian Zetterlund,ROSTER,26.0,"5'11""",196.0,Sweden,Karlstad,False,LW,23,3,3,6,1.48,0.13,0.13,0.26,23.6,8.7,1,1,0,1,0,0,0,0,0,0,0,0,0,0.0,0,69,34,8.8,11,17,18,37,32,11,2,6,2,4,33.3,3,6,6,12,0,466,224,79,166,19717,2681,771,16265,OTT,Atlantic,Eastern
2025-2026,20251128,9,NYR,5000,Mika Zibanejad,ROSTER,32.0,"6'2""",208.0,Sweden,Stockholm,False,C,25,7,9,16,2.96,0.36,0.28,0.64,29.2,8.7,2,4,3,7,1,0,1,1,0,0,0,0,0,0.0,-9,127,74,9.5,19,19,38,33,10,31,11,334,179,155,53.6,3,6,3,6,0,632,316,135,172,30752,7770,1734,20450,NYR,Metropolitan,Eastern
2025-2026,20251128,13,OTT,28480,Artem Zub,ROSTER,30.0,"6'2""",202.0,Russia,Khabarovsk,True,D,23,2,8,10,1.17,0.35,0.09,0.43,42.6,20.3,0,0,0,0,0,0,0,0,0,0,0,0,0,0.0,3,65,27,7.4,36,18,20,28,27,21,5,0,0,0,0.0,7,14,0,0,0,632,479,105,50,27673,4210,1370,22093,OTT,Atlantic,Eastern
2025-2026,20251128,25,MIN,4927,Mats Zuccarello,ROSTER,38.0,"5'8""",178.0,Norway,Oslo,False,RW,9,1,7,8,1.33,0.78,0.11,0.89,4.2,5.8,0,0,2,2,0,0,0,0,0,0,1,0,0,0.0,1,31,12,8.3,3,9,10,4,8,13,1,11,7,4,63.6,2,4,2,4,0,172,82,70,21,10039,3127,980,5932,MIN,Central,Western
2025-2026,20251128,15,BUF,5093,Jason Zucker,ROSTER,33.0,"5'11""",192.0,USA,"Newport Beach, CA",False,LW,15,6,7,13,2.2,0.47,0.4,0.87,8.8,8.7,2,2,2,4,0,0,0,1,0,0,0,0,0,0.0,-2,55,33,18.2,2,8,14,19,9,13,2,36,13,23,36.1,3,6,3,6,0,286,157,68,67,13682,4464,751,8467,BUF,Atlantic,Eastern
