SEASON_ID,SNAPSHOT_DATE,TEAM_ID,TEAM_ABBR,PLAYER_ID,NAME,STATUS,AGE,HEIGHT,WEIGHT,BIRTH_COUNTRY,BIRTH_CITY,ROOKIE,POSITION,GAMES_PLAYED,GOALS,ASSISTS,POINTS,SOGPG,APG,GPG,PGP,DEF_WALL,PHYSICAL,HAT_TRICKS,PP_GOALS,PP_ASSISTS,PP_POINTS,SH_GOALS,SH_ASSISTS,SH_POINTS,GW_GOALS,GT_GOALS,OT_GOALS,SO_ATTEMPTS,SO_MISSES,SO_GOALS,SO_GOAL_PCT,PLUS_MINUS,SHOT_ATTEMPTS,SHOTS_ON_GOAL,SHOT_PCT,BLOCKED_SHOTS,BLOCKED_SHOTS_AGAINST,MISSED_SHOTS,HITS,HITS_RECEIVED,GIVEAWAYS,TAKEAWAYS,FACEOFFS,FACEOFF_WINS,FACEOFF_LOSSES,FACEOFF_PCT,PENALTIES,PIM,PENALTIES_DRAWN,PENALTY_MIN_DRAWN,FIGHTS,SHIFTS,EVEN_STR_SHIFTS,PP_SHIFTS,SH_SHIFTS,TIME_ON_ICE,EVENT_TOI,PP_TOI,SH_TOI,TEAM_ABBR_CANON,division,conference
2025-2026,20251111,6,PHI,18056,Rodrigo Abols,ROSTER,29.0,"6'4""",206.0,Latvia,Riga,False,C,10,0,0,0,1.1,0.0,0.0,0.0,9.4,13.2,0,0,0,0,0,0,0,0,0,0,0,0,0,0.0,-4,24,11,0.0,4,7,6,9,8,4,3,49,32,17,65.3,1,5,2,7,1,125,76,27,22,5491,728,394,4369,PHI,Metropolitan,Eastern
2025-2026,20251111,10,PIT,5927,Noel Acciari,ROSTER,33.0,"5'10""",203.0,USA,"Johnston, RI",False,C,13,0,3,3,0.85,0.23,0.0,0.23,21.2,16.3,0,0,0,0,0,0,0,0,0,0,0,0,0,0.0,3,18,11,0.0,10,4,4,18,20,1,2,87,53,34,60.9,2,12,0,0,0,241,114,45,75,10088,1686,479,7651,PIT,Metropolitan,Eastern
2025-2026,20251111,30,UTA,5234,Andrew Agozzino,ASSIGNED_TO_MINORS,34.0,"5'10""",187.0,Canada,"Kleinburg, ON",False,LW,2,0,0,0,0.0,0.0,0.0,0.0,3.3,0.0,0,0,0,0,0,0,0,0,0,0,0,0,0,0.0,0,1,0,0.0,1,0,1,4,1,1,1,7,3,4,42.9,0,0,1,2,0,20,12,4,4,736,91,0,645,UTA,Central,Western
2025-2026,20251111,22,COL,28441,Jack Ahcan,ROSTER,28.0,"5'8""",185.0,USA,"Savage, MN",True,D,5,0,1,1,0.2,0.2,0.0,0.2,7.3,0.0,0,0,0,0,0,0,0,0,0,0,0,0,0,0.0,4,6,1,0.0,4,3,2,5,8,2,0,0,0,0,0.0,0,0,0,0,0,79,57,9,13,3482,424,219,2839,COL,Central,Western
2025-2026,20251111,3,CAR,5630,Sebastian Aho,ROSTER,28.0,"6'0""",176.0,Finland,Rauma,False,C,15,6,10,16,2.47,0.67,0.4,1.07,18.2,8.5,2,1,3,4,0,0,0,0,0,0,0,0,0,0.0,4,75,37,16.2,7,13,25,19,8,18,7,254,116,138,45.7,2,4,5,10,0,345,158,62,131,18096,3690,938,13468,CAR,Metropolitan,Eastern
2025-2026,20251111,13,OTT,12009,Michael Amadio,ROSTER,29.0,"6'1""",204.0,Canada,"Sault Ste. Marie, ON",False,RW,16,6,1,7,1.19,0.06,0.38,0.44,27.9,4.3,2,0,0,0,0,0,0,0,0,0,0,0,0,0.0,1,35,19,31.6,13,6,10,24,20,15,11,5,3,2,60.0,1,2,3,6,0,345,160,87,104,14374,2719,1055,10600,OTT,Atlantic,Eastern
2025-2026,20251111,21,VAN,39762,Nils Aman,ASSIGNED_TO_MINORS,25.0,"6'2""",179.0,Sweden,Avesta,True,C,2,0,0,0,0.5,0.0,0.0,0.0,2.2,0.0,0,0,0,0,0,0,0,0,0,0,0,0,0,0.0,0,3,1,0.0,1,2,0,2,1,1,0,2,1,1,50.0,0,0,0,0,0,23,19,1,3,1039,48,31,960,VAN,Pacific,Western
2025-2026,20251111,14,MTL,5513,Josh Anderson,ROSTER,31.0,"6'3""",227.0,Canada,"Burlington, ON",False,RW,15,1,2,3,1.0,0.13,0.07,0.2,23.3,8.5,0,0,0,0,0,0,0,0,0,0,0,0,0,0.0,-5,29,15,6.7,10,4,10,22,8,7,0,7,5,2,71.4,2,4,3,6,0,284,135,81,69,13442,2186,1458,9798,MTL,Atlantic,Eastern
2025-2026,20251111,28,LAK,18073,Michael Anderson,ROSTER,26.0,"5'11""",194.0,USA,"Roseville, MN",False,D,16,1,2,3,0.56,0.12,0.06,0.19,39.4,4.3,0,0,0,0,0,0,0,0,0,0,0,0,0,0.0,3,31,9,11.1,25,15,7,19,29,13,2,0,0,0,0.0,1,2,5,10,0,375,219,64,93,18897,2640,921,15336,LAK,Pacific,Western
2025-2026,20251111,23,CGY,5647,Rasmus Andersson,ROSTER,29.0,"6'1""",214.0,Sweden,Malmö,False,D,17,2,3,5,2.18,0.18,0.12,0.29,37.0,34.1,0,1,1,2,0,0,0,0,0,0,1,0,0,0.0,-1,88,37,5.4,27,28,23,10,28,28,3,0,0,0,0.0,8,16,8,16,0,578,255,117,208,24512,3299,1789,19424,CGY,Pacific,Western
2025-2026,20251111,6,PHI,38011,Emil Andrae,ROSTER,23.0,"5'8""",181.0,Sweden,Västervik,True,D,5,0,0,0,0.8,0.0,0.0,0.0,2.6,4.3,0,0,0,0,0,0,0,0,0,0,0,0,0,0.0,0,5,4,0.0,0,1,0,5,13,3,2,0,0,0,0.0,1,2,0,0,0,90,72,7,11,3636,299,114,3223,PHI,Metropolitan,Eastern
2025-2026,20251111,16,DET,5763,Mason Appleton,ROSTER,29.0,"6'2""",193.0,USA,"Green Bay, WI",False,C,16,3,4,7,1.06,0.25,0.19,0.44,23.5,16.3,1,0,0,0,0,0,0,1,0,0,0,0,0,0.0,-2,25,17,17.6,11,2,6,20,12,13,0,5,2,3,40.0,2,12,1,2,0,311,166,47,101,13677,1834,519,11324,DET,Atlantic,Eastern
2025-2026,20251111,28,LAK,5505,Joel Armia,ROSTER,32.0,"6'4""",218.0,Finland,Pori,False,RW,16,2,5,7,1.12,0.31,0.12,0.44,17.3,21.3,0,0,0,0,0,0,0,0,0,0,1,0,0,0.0,2,41,18,11.1,8,11,12,15,12,13,6,6,3,3,50.0,5,10,1,2,0,303,127,88,90,13354,2234,1705,9415,LAK,Pacific,Western
2025-2026,20251111,11,BOS,5538,Viktor Arvidsson,ROSTER,32.0,"5'9""",180.0,Sweden,Skellefteå,False,LW,17,5,3,8,2.59,0.18,0.29,0.47,13.6,12.8,1,0,0,0,0,0,0,1,0,0,0,0,0,0.0,4,84,44,11.4,8,20,20,8,29,13,4,8,5,3,62.5,3,6,6,12,0,305,160,71,80,14688,2787,684,11217,BOS,Atlantic,Eastern
2025-2026,20251111,11,BOS,15191,Jonathan Aspirot,ROSTER,26.0,"6'0""",209.0,Canada,"Mascouche, QC",False,D,6,0,0,0,0.67,0.0,0.0,0.0,19.1,0.0,0,0,0,0,0,0,0,0,0,0,0,0,0,0.0,1,9,4,0.0,10,4,1,14,16,8,0,0,0,0,0.0,0,0,0,0,0,125,84,26,15,5440,827,391,4222,BOS,Atlantic,Eastern
2025-2026,20251111,19,CBJ,12287,Zach Aston-Reese,ROSTER,31.0,"6'0""",204.0,USA,"Staten Island, NY",False,C,11,0,3,3,0.91,0.27,0.0,0.27,20.6,8.5,0,0,0,0,0,0,0,0,0,0,0,0,0,0.0,0,14,10,0.0,5,0,4,28,8,6,1,12,1,11,8.3,2,4,3,6,0,167,88,31,45,6697,1097,337,5128,CBJ,Metropolitan,Eastern
2025-2026,20251111,27,DAL,34436,Oskar Back,ROSTER,25.0,"6'3""",200.0,Sweden,Karlstad,True,C,6,1,1,2,0.17,0.17,0.17,0.33,2.8,0.0,0,0,0,0,0,0,0,0,0,0,0,0,0,0.0,2,4,1,100.0,1,3,0,3,14,3,1,5,4,1,80.0,0,0,2,4,0,100,58,18,23,4283,1058,43,3085,DAL,Central,Western
2025-2026,20251111,23,CGY,4609,Mikael Backlund,ROSTER,36.0,"6'0""",200.0,Sweden,Vasteras,False,C,17,3,4,7,2.47,0.24,0.18,0.41,11.0,8.5,1,0,0,0,0,1,1,0,0,0,0,0,0,0.0,-2,70,42,7.1,4,15,13,12,10,11,5,309,157,152,50.8,2,4,2,4,0,402,206,96,103,16902,4586,735,11581,CGY,Pacific,Western
2025-2026,20251111,23,CGY,14578,Kevin Bahl,ROSTER,25.0,"6'6""",216.0,Canada,"New Westminster, BC",True,D,16,1,2,3,0.81,0.12,0.06,0.19,35.1,29.8,0,0,0,0,0,0,0,1,0,0,0,0,0,0.0,6,33,13,7.7,24,12,8,13,19,22,11,0,0,0,0.0,7,14,3,6,0,491,321,85,86,20275,1195,1103,17977,CGY,Pacific,Western
2025-2026,20251111,21,VAN,38470,Arshdeep Bains,ROSTER,24.0,"6'0""",185.0,Canada,"Surrey, BC",True,LW,17,0,3,3,0.71,0.18,0.0,0.18,12.0,17.0,0,0,1,1,0,0,0,0,0,0,0,0,0,0.0,-1,18,12,0.0,3,4,2,16,12,6,4,11,2,9,18.2,4,8,0,0,0,235,160,23,52,9949,711,92,9147,VAN,Pacific,Western
2025-2026,20251111,4,FLO,120218,Uvis Balinskis,ROSTER,29.0,"6'0""",187.0,Latvia,Ventspils,True,D,9,0,0,0,0.56,0.0,0.0,0.0,14.7,4.3,0,0,0,0,0,0,0,0,0,0,0,0,0,0.0,-2,13,5,0.0,8,6,2,10,8,6,6,0,0,0,0.0,1,2,2,4,0,163,135,15,13,7257,1104,126,6027,FLA,,
2025-2026,20251111,142,VGK,11708,Ivan Barbashev,ROSTER,29.0,"6'0""",187.0,Russia,Moscow,False,LW,15,7,9,16,1.8,0.6,0.47,1.07,17.3,4.3,2,0,0,0,0,0,0,1,0,0,0,0,0,0.0,6,46,27,25.9,4,8,11,24,15,16,3,5,0,5,0.0,1,2,4,8,0,293,146,100,54,14287,3389,1042,9875,VGK,Pacific,Western
2025-2026,20251111,22,COL,56519,Zakhar Bardakov,ROSTER,24.0,"6'2""",198.0,Russia,Seversk,False,C,11,1,3,4,0.64,0.27,0.09,0.36,8.8,0.0,0,0,0,0,0,0,0,0,0,0,0,0,0,0.0,3,14,7,14.3,3,3,4,10,5,8,1,59,25,34,42.4,0,0,3,6,0,101,64,10,28,4089,410,81,3598,COL,Central,Western
2025-2026,20251111,18,NSH,30074,Justin Barron,ROSTER,23.0,"6'2""",195.0,Canada,"Halifax, NS",True,D,17,0,4,4,0.71,0.24,0.0,0.24,32.7,8.5,0,0,0,0,0,0,0,0,0,0,0,0,0,0.0,0,39,12,0.0,22,17,10,13,30,24,1,0,0,0,0.0,2,4,1,2,0,359,255,60,44,15866,2817,516,12533,NSH,Central,Western
2025-2026,20251111,2,WPJ,28496,Morgan Barron,ROSTER,26.0,"6'4""",220.0,Canada,"Halifax, NS",True,C,12,3,3,6,1.25,0.25,0.25,0.5,18.8,8.5,1,0,0,0,1,0,1,1,0,0,0,0,0,0.0,2,30,15,20.0,7,4,11,20,12,7,3,145,79,66,54.5,2,4,3,6,0,225,116,68,44,9031,1662,1193,6176,WPG,,
2025-2026,20251111,8,NYI,5611,Mathew Barzal,ROSTER,28.0,"6'0""",187.0,Canada,"Coquitlam, BC",False,C,15,4,9,13,2.0,0.6,0.27,0.87,16.7,29.8,1,0,3,3,0,0,0,1,0,1,0,0,0,0.0,8,56,30,13.3,12,11,15,5,7,17,5,118,38,80,32.2,7,14,1,2,0,322,164,129,34,18473,3506,4188,10779,NYI,Metropolitan,Eastern
2025-2026,20251111,27,DAL,15468,Nathan Bastian,ROSTER,27.0,"6'4""",205.0,Canada,"Kitchener, ON",False,RW,13,1,0,1,0.69,0.0,0.08,0.08,20.5,8.5,0,0,0,0,0,0,0,0,0,0,0,0,0,0.0,-1,13,9,11.1,4,4,0,30,13,1,0,0,0,0,0.0,2,4,0,0,0,139,93,23,24,5730,1415,408,3907,DAL,Central,Western
2025-2026,20251111,13,OTT,15394,Drake Batherson,ROSTER,27.0,"6'3""",203.0,USA,"Fort Wayne, IN",False,RW,13,5,11,16,2.0,0.85,0.38,1.23,15.8,8.5,1,2,3,5,0,0,0,1,0,0,2,1,1,50.0,3,47,26,19.2,4,10,11,21,9,11,7,1,1,0,100.0,2,4,4,8,0,309,161,50,104,13511,2262,702,10703,OTT,Atlantic,Eastern
2025-2026,20251111,23,CGY,9639,Jake Bean,ROSTER,27.0,"6'1""",186.0,Canada,"Calgary, AB",False,D,10,0,1,1,1.1,0.1,0.0,0.1,22.8,8.5,0,0,0,0,0,0,0,0,0,0,0,0,0,0.0,-7,31,11,0.0,18,14,6,3,10,11,4,0,0,0,0.0,2,4,0,0,0,249,168,29,52,9980,897,526,8557,CGY,Pacific,Western
2025-2026,20251111,5,WSH,5623,Anthony Beauvillier,ROSTER,28.0,"5'11""",182.0,Canada,"Sorel-Tracy, QC",False,LW,15,3,1,4,2.33,0.07,0.2,0.27,12.0,4.3,1,0,0,0,0,0,0,1,0,0,1,0,0,0.0,5,59,35,8.6,3,13,11,16,16,9,2,3,1,2,33.3,1,2,1,2,0,282,161,72,50,13141,1978,1377,9689,WSH,Metropolitan,Eastern
2025-2026,20251111,14,MTL,53067,Owen Beck,ASSIGNED_TO_MINORS,21.0,"6'0""",191.0,Canada,"Peterborough, ON",True,C,2,0,0,0,0.5,0.0,0.0,0.0,1.2,0.0,0,0,0,0,0,0,0,0,0,0,0,0,0,0.0,-1,4,1,0.0,1,1,2,0,3,0,0,12,7,5,58.3,0,0,0,0,0,24,20,3,1,1003,346,8,649,MTL,Atlantic,Eastern
2025-2026,20251111,20,CHI,111625,Connor Bedard,ROSTER,20.0,"5'10""",185.0,Canada,"North Vancouver, BC",True,C,16,9,16,25,3.25,1.0,0.56,1.56,9.7,32.1,3,3,5,8,0,0,0,1,0,0,1,0,0,0.0,10,96,52,17.3,6,16,28,5,19,20,8,152,71,81,46.7,8,14,6,14,0,377,296,44,41,20210,3407,123,16379,CHI,Central,Western
2025-2026,20251111,11,BOS,38020,John Beecher,ROSTER,24.0,"6'3""",210.0,USA,"Elmira, NY",True,C,6,1,0,1,1.0,0.0,0.17,0.17,8.4,0.0,0,0,0,0,0,0,0,0,0,0,0,0,0,0.0,-1,10,6,16.7,4,3,1,7,5,1,0,3,0,3,0.0,0,0,0,0,0,90,59,18,14,3746,782,216,2748,BOS,Atlantic,Eastern
2025-2026,20251111,143,SEA,37968,Matty Beniers,ROSTER,23.0,"6'2""",175.0,USA,"Hingham, MA",True,C,15,2,7,9,1.6,0.47,0.13,0.6,16.6,12.8,0,2,1,3,0,0,0,1,0,0,0,0,0,0.0,2,66,24,8.3,11,15,27,7,24,19,2,214,98,116,45.8,3,6,6,12,0,359,223,69,61,18010,3630,614,13485,SEA,Pacific,Western
2025-2026,20251111,4,FLO,5415,Sam Bennett,ROSTER,29.0,"6'1""",195.0,Canada,"Holland Landing, ON",False,C,16,3,2,5,1.94,0.12,0.19,0.31,22.2,29.8,1,1,1,2,0,0,0,0,0,0,0,0,0,0.0,-7,70,31,9.7,5,19,20,31,8,13,6,209,104,105,49.8,7,14,5,10,0,336,159,126,54,16159,3585,2547,10027,FLA,,
2025-2026,20251111,12,TOR,15129,Simon Benoit,ROSTER,27.0,"6'3""",208.0,Canada,"Laval, QC",False,D,15,0,2,2,0.67,0.13,0.0,0.13,46.0,34.5,0,0,0,0,0,0,0,0,0,0,0,0,0,0.0,-3,33,10,0.0,23,17,6,36,27,16,5,0,0,0,0.0,6,15,4,11,1,381,250,64,67,15373,2272,1758,11343,TOR,Atlantic,Eastern
2025-2026,20251111,15,BUF,111755,Zach Benson,INJURY_LIST,20.0,"5'10""",159.0,Canada,"Langley, BC",True,LW,8,0,8,8,2.0,1.0,0.0,1.0,9.2,12.8,0,0,3,3,0,1,1,0,0,0,0,0,0,0.0,3,24,16,0.0,6,4,4,4,12,7,5,3,2,1,66.7,3,6,1,2,0,185,150,23,12,9137,2505,424,6208,BUF,Atlantic,Eastern
2025-2026,20251111,16,DET,14556,Jonatan Berggren,ROSTER,25.0,"5'10""",183.0,Sweden,Uppsala,True,RW,10,2,2,4,1.7,0.2,0.2,0.4,3.8,4.3,0,1,0,1,0,0,0,0,0,0,0,0,0,0.0,-5,31,17,11.8,1,11,3,5,9,9,1,0,0,0,0.0,1,2,4,8,0,173,97,42,36,7765,1405,752,5608,DET,Atlantic,Eastern
2025-2026,20251111,16,DET,14549,Jacob Bernard-Docker,ROSTER,25.0,"6'1""",190.0,Canada,"Canmore, AB",False,D,8,0,1,1,1.25,0.12,0.0,0.12,6.8,4.3,0,0,0,0,0,0,0,0,0,0,0,0,0,0.0,3,21,10,0.0,4,9,2,4,21,6,2,0,0,0,0.0,1,2,1,2,0,141,84,15,42,6060,315,138,5607,DET,Atlantic,Eastern
2025-2026,20251111,20,CHI,10178,Tyler Bertuzzi,ROSTER,30.0,"6'1""",199.0,Canada,"Sudbury, ON",False,LW,15,9,5,14,2.13,0.33,0.6,0.93,8.9,37.6,3,5,2,7,0,0,0,1,0,0,0,0,0,0.0,2,54,32,28.1,0,9,13,17,18,12,3,33,17,16,51.5,7,22,6,12,0,318,161,99,62,15756,4342,1595,9594,CHI,Central,Western
2025-2026,20251111,27,DAL,56392,Lian Bichsel,ROSTER,21.0,"6'6""",225.0,Switzerland,Wolfwil,False,D,16,0,1,1,0.44,0.06,0.0,0.06,48.3,21.3,0,0,0,0,0,0,0,0,0,0,0,0,0,0.0,0,20,7,0.0,20,8,5,47,43,16,1,0,0,0,0.0,5,10,1,2,0,281,215,26,39,13872,2489,270,11049,DAL,Central,Western
2025-2026,20251111,1,TBL,8913,Oliver Bjorkstrand,ROSTER,30.0,"6'0""",177.0,Denmark,Herning,False,RW,15,1,4,5,1.53,0.27,0.07,0.33,15.6,4.3,0,1,1,2,0,0,0,0,0,0,0,0,0,0.0,0,55,23,4.3,7,15,17,14,22,12,2,7,4,3,57.1,1,2,1,2,0,269,132,89,49,12726,2902,1685,8139,TBL,Atlantic,Eastern
2025-2026,20251111,17,STL,5201,Nick Bjugstad,ROSTER,33.0,"6'6""",215.0,USA,"Minneapolis, MN",False,C,16,4,1,5,1.69,0.06,0.25,0.31,29.4,17.0,1,0,0,0,0,0,0,0,0,0,0,0,0,0.0,-1,41,27,14.8,12,6,8,29,4,2,2,104,52,52,50.0,4,8,4,8,0,261,133,67,65,10651,2107,965,7579,STL,Central,Western
2025-2026,20251111,27,DAL,15469,Colin Blackwell,ROSTER,32.0,"5'9""",190.0,USA,"North Andover, MA",False,C,16,0,2,2,0.62,0.12,0.0,0.12,24.1,17.0,0,0,0,0,0,0,0,0,0,0,0,0,0,0.0,-2,22,10,0.0,8,6,6,28,16,10,1,61,21,40,34.4,4,8,2,4,0,261,139,61,59,11313,2579,717,7925,DAL,Central,Western
2025-2026,20251111,12,TOR,11712,Sammy Blais,ROSTER,29.0,"6'2""",205.0,Canada,"Montmagny, QC",False,LW,4,1,1,2,1.25,0.25,0.25,0.5,13.1,4.3,0,0,0,0,0,0,0,0,0,0,0,0,0,0.0,-1,6,5,20.0,4,0,1,16,3,2,1,0,0,0,0.0,1,2,0,0,0,54,35,17,3,2234,500,372,1362,TOR,Atlantic,Eastern
2025-2026,20251111,3,CAR,56345,Jackson Blake,ROSTER,22.0,"5'10""",158.0,USA,"Eden Prairie, MN",False,RW,15,4,7,11,2.6,0.47,0.27,0.73,7.5,25.6,1,0,2,2,0,0,0,0,0,0,1,0,0,0.0,4,70,39,10.3,5,8,23,3,28,19,7,1,0,1,0.0,6,12,6,12,0,279,200,46,37,14231,3080,700,10451,CAR,Metropolitan,Eastern
2025-2026,20251111,18,NSH,39055,Nick Blankenburg,ROSTER,27.0,"5'9""",175.0,USA,"Washington, MI",True,D,8,1,5,6,2.0,0.62,0.12,0.75,11.3,0.0,0,1,1,2,0,0,0,0,0,0,0,0,0,0.0,-4,39,16,6.2,6,17,6,8,17,9,2,0,0,0,0.0,0,0,1,2,0,182,154,17,13,9737,2460,156,7122,NSH,Central,Western
2025-2026,20251111,21,VAN,15472,Theodor Blueger,ROSTER,31.0,"6'0""",185.0,Latvia,Riga,False,C,2,1,0,1,1.0,0.0,0.5,0.5,5.1,0.0,0,0,0,0,0,0,0,1,0,0,0,0,0,0.0,0,2,2,50.0,3,0,0,3,0,1,0,26,9,17,34.6,0,0,0,0,0,44,21,8,16,1899,363,216,1320,VAN,Pacific,Western
2025-2026,20251111,21,VAN,5618,Brock Boeser,ROSTER,28.0,"6'1""",208.0,USA,"Burnsville, MN",False,RW,15,7,4,11,2.27,0.27,0.47,0.73,10.0,0.0,2,1,2,3,0,0,0,2,0,1,1,0,1,100.0,-4,61,34,20.6,4,12,15,10,4,7,1,27,12,15,44.4,0,0,1,2,0,297,138,64,103,16376,3061,967,12359,VAN,Pacific,Western
2025-2026,20251111,25,MIN,4480,Zach Bogosian,ROSTER,35.0,"6'3""",226.0,USA,"Massena, NY",False,D,5,0,0,0,1.0,0.0,0.0,0.0,13.7,0.0,0,0,0,0,0,0,0,0,0,0,0,0,0,0.0,3,7,5,0.0,9,1,1,6,4,2,1,0,0,0,0.0,0,0,1,2,0,79,49,9,21,4163,911,58,3194,MIN,Central,Western
2025-2026,20251111,14,MTL,33083,Zachary Bolduc,ROSTER,22.0,"6'1""",175.0,Canada,"Trois-Rivière, QC",True,RW,15,4,2,6,1.53,0.13,0.27,0.4,17.9,17.0,1,2,1,3,0,0,0,0,0,0,0,0,0,0.0,1,48,23,17.4,4,14,11,25,19,11,2,11,7,4,63.6,4,8,4,8,0,242,167,41,38,11960,2419,398,9143,MTL,Atlantic,Eastern
2025-2026,20251111,25,MIN,30015,Matthew Boldy,ROSTER,24.0,"6'2""",196.0,USA,"Milford, MA",True,LW,17,8,9,17,3.24,0.53,0.47,1.0,17.6,12.8,2,4,4,8,0,0,0,1,0,0,1,0,0,0.0,-2,128,55,14.5,10,36,37,11,20,21,2,29,11,18,37.9,3,6,6,12,0,339,200,80,66,21441,5427,797,15217,MIN,Central,Western
2025-2026,20251111,8,NYI,14531,Adam Boqvist,ROSTER,25.0,"5'11""",179.0,Sweden,Falun,False,D,4,0,0,0,0.25,0.0,0.0,0.0,5.2,0.0,0,0,0,0,0,0,0,0,0,0,0,0,0,0.0,2,6,1,0.0,4,4,1,1,4,2,0,0,0,0,0.0,0,0,0,0,0,68,41,21,6,3132,373,542,2217,NYI,Metropolitan,Eastern
2025-2026,20251111,4,FLO,17176,Jesper Boqvist,ROSTER,27.0,"6'0""",180.0,Sweden,Falun,False,C,16,2,1,3,1.0,0.06,0.12,0.19,31.0,8.5,0,0,0,0,0,0,0,1,0,0,0,0,0,0.0,1,34,16,12.5,8,7,11,41,14,10,0,28,11,17,39.3,2,4,3,6,0,280,147,74,61,11103,1792,814,8497,FLA,,
2025-2026,20251111,9,NYR,15692,William Borgen,ROSTER,28.0,"6'3""",196.0,USA,"Moorhead, MN",False,D,17,0,2,2,0.82,0.12,0.0,0.12,38.5,17.0,0,0,0,0,0,0,0,0,0,0,0,0,0,0.0,3,40,14,0.0,22,16,10,24,33,14,6,0,0,0,0.0,4,8,2,4,0,430,239,81,96,19028,1765,1322,15154,NYR,Metropolitan,Eastern
2025-2026,20251111,24,EDM,14533,Evan Bouchard,ROSTER,26.0,"6'3""",194.0,Canada,"Oakville, ON",False,D,17,2,9,11,2.65,0.53,0.12,0.65,31.9,21.3,0,1,3,4,0,0,0,1,0,1,1,0,0,0.0,-10,92,45,4.4,24,34,13,7,16,23,9,0,0,0,0.0,5,10,4,8,0,420,243,102,64,24014,5870,1895,15619,EDM,Pacific,Western
2025-2026,20251111,27,DAL,34435,Mavrik Bourque,ROSTER,23.0,"5'10""",178.0,Canada,"Plessisville, QC",True,C,16,2,3,5,1.75,0.19,0.12,0.31,16.0,4.3,0,0,2,2,0,0,0,0,0,0,0,0,0,0.0,-6,42,28,7.1,10,4,10,8,18,6,1,14,3,11,21.4,1,2,3,6,0,298,195,52,52,13791,2208,667,10866,DAL,Central,Western
2025-2026,20251111,16,DET,142440,Michael Brandsegg-Nygård,ASSIGNED_TO_MINORS,,,,,,False,RW,9,0,1,1,1.56,0.11,0.0,0.11,18.3,4.3,0,0,0,0,0,0,0,0,0,0,0,0,0,0.0,-5,35,14,0.0,3,13,8,28,17,10,2,0,0,0,0.0,1,2,1,2,0,158,132,24,2,6723,821,31,5871,DET,Atlantic,Eastern
2025-2026,20251111,7,NJD,13722,Jesper Bratt,ROSTER,27.0,"5'10""",175.0,Sweden,Stockholm,False,LW,16,5,11,16,1.88,0.69,0.31,1.0,15.8,12.8,1,1,4,5,1,0,1,2,0,1,1,0,1,100.0,0,60,30,16.7,4,14,16,21,12,17,11,0,0,0,0.0,3,6,2,4,0,352,192,71,95,17084,3037,982,13167,NJD,Metropolitan,Eastern
2025-2026,20251111,10,PIT,53189,Justin Brazeau,ROSTER,27.0,"6'5""",220.0,Canada,"New Liskeard, ON",True,RW,12,6,6,12,1.83,0.5,0.5,1.0,23.1,0.0,2,1,1,2,0,0,0,2,0,0,0,0,0,0.0,3,33,22,27.3,12,4,10,17,11,13,1,0,0,0,0.0,0,0,1,2,0,212,127,72,12,9702,1946,1616,5862,PIT,Metropolitan,Eastern
2025-2026,20251111,22,COL,133825,Gavin Brindley,ROSTER,21.0,"5'9""",175.0,USA,"Fort Myers, FL",True,C,14,3,2,5,1.14,0.14,0.21,0.36,11.0,8.5,1,0,0,0,0,0,0,1,0,1,0,0,0,0.0,2,29,16,18.8,4,8,5,12,16,4,3,5,2,3,40.0,2,4,5,10,0,185,137,31,20,7530,1384,124,6022,COL,Central,Western
2025-2026,20251111,6,PHI,38019,Bobby Brink,ROSTER,24.0,"5'8""",165.0,USA,"Minnetonka, MN",True,RW,15,5,4,9,1.93,0.27,0.33,0.6,16.9,21.3,1,2,2,4,0,0,0,0,0,0,2,0,1,50.0,-1,47,29,17.2,5,9,9,21,15,7,1,15,3,12,20.0,5,10,6,12,0,313,185,66,68,14723,2730,584,11803,PHI,Metropolitan,Eastern
2025-2026,20251111,17,STL,17150,Philip Broberg,ROSTER,24.0,"6'3""",200.0,Sweden,Orebro,True,D,16,1,5,6,1.56,0.31,0.06,0.38,26.0,4.3,0,0,0,0,0,0,0,0,0,0,0,0,0,0.0,-1,62,25,4.0,19,23,14,7,30,20,4,0,0,0,0.0,1,2,5,10,0,448,273,91,85,21599,3363,1311,16925,STL,Central,Western
2025-2026,20251111,25,MIN,5123,Jonas Brodin,ROSTER,32.0,"6'1""",194.0,Sweden,Karlstad,False,D,16,2,3,5,0.94,0.19,0.12,0.31,36.2,8.5,0,0,0,0,0,0,0,0,0,0,0,0,0,0.0,2,39,15,13.3,29,17,7,4,26,17,2,0,0,0,0.0,2,4,3,6,0,390,211,87,94,20604,3583,1751,15270,MIN,Central,Western
2025-2026,20251111,9,NYR,11807,Jonny Brodzinski,ROSTER,32.0,"6'1""",215.0,USA,"Ham Lake, MN",False,C,8,1,1,2,0.88,0.12,0.12,0.25,1.7,0.0,0,0,0,0,0,0,0,0,0,0,0,0,0,0.0,1,21,7,14.3,1,6,8,1,5,3,3,6,5,1,83.3,0,0,2,4,0,124,63,26,30,5110,774,374,3747,NYR,Metropolitan,Eastern
2025-2026,20251111,7,NJD,8916,Connor Brown,ROSTER,31.0,"6'0""",186.0,Canada,"Etobicoke, ON",False,RW,11,5,1,6,1.55,0.09,0.45,0.55,14.9,4.3,1,0,0,0,1,0,1,0,0,0,0,0,0,0.0,1,27,17,29.4,10,2,8,6,9,7,3,6,3,3,50.0,1,2,0,0,0,219,110,54,60,10412,1380,1073,7959,NJD,Metropolitan,Eastern
2025-2026,20251111,10,PIT,142708,Harrison Brunicke,ROSTER,,,,,,False,D,9,1,0,1,0.89,0.0,0.11,0.11,17.4,12.8,0,0,0,0,0,0,0,0,0,0,0,0,0,0.0,-4,22,8,12.5,13,7,7,4,18,14,1,0,0,0,0.0,3,6,2,4,0,171,135,14,19,8486,830,167,7234,PIT,Metropolitan,Eastern
2025-2026,20251111,15,BUF,17925,Jacob Bryson,ROSTER,27.0,"5'9""",185.0,Canada,"London, ON",False,D,6,0,1,1,0.17,0.17,0.0,0.17,5.2,8.5,0,0,0,0,0,0,0,0,0,0,0,0,0,0.0,2,10,1,0.0,4,6,3,1,5,3,1,0,0,0,0.0,2,4,0,0,0,92,49,9,34,3640,451,147,3042,BUF,Atlantic,Eastern
2025-2026,20251111,17,STL,10075,Pavel Buchnevich,ROSTER,30.0,"6'3""",197.0,Russia,Cherepovets,False,LW,16,2,5,7,1.75,0.31,0.12,0.44,11.1,8.5,0,2,2,4,0,0,0,0,0,0,0,0,0,0.0,-9,55,28,7.1,5,13,14,10,10,17,3,9,4,5,44.4,2,4,4,8,0,362,167,128,69,17252,3507,1640,12105,STL,Central,Western
2025-2026,20251111,25,MIN,142488,Zeev Buium,ROSTER,,,,,,False,D,17,3,6,9,1.29,0.35,0.18,0.53,11.5,4.3,1,2,4,6,0,0,0,0,0,0,0,0,0,0.0,-10,50,22,13.6,8,17,11,4,23,21,3,0,0,0,0.0,1,2,3,6,0,328,271,42,17,19179,3870,136,15173,MIN,Central,Western
2025-2026,20251111,18,NSH,15430,Michael Bunting,ROSTER,30.0,"5'11""",197.0,Canada,"Toronto, ON",True,LW,18,4,6,10,1.17,0.33,0.22,0.56,10.7,12.8,1,0,3,3,0,0,0,0,0,0,1,1,0,0.0,-3,58,21,19.0,6,11,26,7,14,16,1,10,3,7,30.0,3,6,6,12,0,318,151,117,54,15460,3251,2320,9889,NSH,Central,Western
2025-2026,20251111,20,CHI,5451,Andre Burakovsky,ROSTER,30.0,"6'3""",201.0,Austria,Klagenfurt,False,LW,15,7,7,14,1.67,0.47,0.47,0.93,10.2,12.8,2,1,4,5,0,0,0,1,0,0,0,0,0,0.0,4,54,25,28.0,6,18,11,6,18,12,10,3,0,3,0.0,3,6,1,2,0,321,171,65,88,15669,3586,626,11232,CHI,Central,Western
2025-2026,20251111,22,COL,15,Brent Burns,ROSTER,40.0,"6'5""",230.0,Canada,"Ajax, ON",False,D,16,1,7,8,2.12,0.44,0.06,0.5,31.5,25.6,0,0,1,1,0,0,0,1,0,0,0,0,0,0.0,4,77,34,2.9,25,28,15,4,14,14,4,0,0,0,0.0,6,12,0,0,0,430,226,85,120,19785,5110,1222,13453,COL,Central,Western
2025-2026,20251111,28,LAK,19049,Quinton Byfield,ROSTER,23.0,"6'4""",215.0,Canada,"Newmarket, ON",True,RW,16,2,10,12,2.25,0.62,0.12,0.75,13.8,17.0,0,1,4,5,0,1,1,0,0,0,1,0,0,0.0,-1,59,36,5.6,5,11,12,15,18,15,7,259,112,147,43.2,4,8,7,14,0,377,248,47,85,19194,2682,442,16070,LAK,Pacific,Western
2025-2026,20251111,15,BUF,21814,Bowen Byram,ROSTER,24.0,"6'0""",195.0,Canada,"Cranbrook, BC",True,D,15,1,4,5,1.07,0.27,0.07,0.33,29.3,21.3,0,0,2,2,0,0,0,0,0,0,1,0,1,100.0,-6,43,16,6.2,20,9,18,11,25,18,2,0,0,0,0.0,5,10,2,4,0,411,239,65,109,19671,2184,627,16901,BUF,Atlantic,Eastern
2025-2026,20251111,11,BOS,37956,Michael Callahan,ASSIGNED_TO_MINORS,26.0,"6'2""",197.0,USA,"Franklin, MA",True,D,3,0,0,0,0.67,0.0,0.0,0.0,8.6,0.0,0,0,0,0,0,0,0,0,0,0,0,0,0,0.0,-2,3,2,0.0,6,0,1,3,9,3,1,0,0,0,0.0,0,0,0,0,0,70,45,18,7,2961,777,279,1905,BOS,Atlantic,Eastern
2025-2026,20251111,27,DAL,5658,Kyle Capobianco,ROSTER,28.0,"6'1""",196.0,Canada,"Mississauga, ON",False,D,3,0,0,0,0.67,0.0,0.0,0.0,0.5,4.3,0,0,0,0,0,0,0,0,0,0,0,0,0,0.0,1,4,2,0.0,0,2,0,1,1,1,1,0,0,0,0.0,1,2,0,0,0,28,18,3,5,1151,493,24,557,DAL,Central,Western
2025-2026,20251111,30,UTA,16956,Michael Carcone,ROSTER,29.0,"5'10""",170.0,Canada,"Ajax, ON",False,LW,14,3,2,5,2.0,0.14,0.21,0.36,15.8,24.8,1,0,0,0,0,0,0,0,0,0,0,0,0,0.0,-2,58,28,10.7,4,13,17,21,15,6,1,1,0,1,0.0,4,16,2,4,0,224,131,64,32,9129,1527,797,6805,UTA,Central,Western
2025-2026,20251111,26,SJS,56619,Ethan Cardwell,ROSTER,23.0,"5'11""",180.0,Canada,"Courtice, ON",False,RW,4,1,0,1,0.75,0.0,0.25,0.25,2.1,4.3,0,0,0,0,0,0,0,1,0,0,0,0,0,0.0,1,11,3,33.3,0,4,4,4,5,2,1,0,0,0,0.0,1,2,0,0,0,63,48,10,6,2965,484,109,2372,SJS,Pacific,Western
2025-2026,20251111,12,TOR,5632,Brandon Carlo,ROSTER,28.0,"6'5""",212.0,USA,"Colorado Springs, CO",False,D,16,0,2,2,1.38,0.12,0.0,0.12,40.0,12.8,0,0,0,0,0,0,0,0,0,0,0,0,0,0.0,2,46,22,0.0,30,11,13,9,23,18,1,0,0,0,0.0,3,6,1,2,0,447,259,114,74,19232,1997,2328,14907,TOR,Atlantic,Eastern
2025-2026,20251111,5,WSH,4735,John Carlson,ROSTER,35.0,"6'3""",217.0,USA,"Natick, MA",False,D,15,4,7,11,2.27,0.47,0.27,0.73,29.6,8.5,1,0,4,4,0,0,0,0,0,0,0,0,0,0.0,0,88,34,11.8,22,31,22,7,18,25,13,0,0,0,0.0,2,4,0,0,0,356,187,77,92,21085,5845,1481,13566,WSH,Metropolitan,Eastern
2025-2026,20251111,29,ANA,111582,Leo Carlsson,ROSTER,20.0,"6'3""",198.0,Sweden,Karlstad,True,C,15,10,15,25,2.47,1.0,0.67,1.67,11.6,27.8,3,2,7,9,2,1,3,3,0,1,1,0,0,0.0,11,80,37,27.0,9,23,20,2,11,13,5,241,111,130,46.1,4,19,6,12,0,365,284,51,40,16974,3812,454,12806,ANA,Pacific,Western
2025-2026,20251111,9,NYR,5479,Sam Carrick,ROSTER,33.0,"6'0""",200.0,Canada,"Stouffville, ON",False,C,17,1,4,5,1.35,0.24,0.06,0.29,26.5,26.4,0,0,0,0,0,1,1,0,0,0,0,0,0,0.0,3,42,23,4.3,10,7,13,28,22,5,4,136,72,64,52.9,2,10,7,20,2,301,116,62,112,12811,2657,770,8902,NYR,Metropolitan,Eastern
2025-2026,20251111,14,MTL,5710,Alexandre Carrier,ROSTER,29.0,"5'11""",174.0,Canada,"Quebec City, QC",False,D,15,1,5,6,0.8,0.33,0.07,0.4,47.0,17.0,0,0,0,0,0,0,0,0,0,0,0,0,0,0.0,-5,31,12,8.3,35,10,9,11,44,11,9,0,0,0,0.0,4,8,3,6,0,339,185,59,97,16672,2197,1274,13209,MTL,Atlantic,Eastern
2025-2026,20251111,3,CAR,10174,William Carrier,ROSTER,30.0,"6'2""",218.0,Canada,"Pierrefonds, QC",False,LW,9,1,3,4,0.78,0.33,0.11,0.44,11.2,4.3,0,0,0,0,0,0,0,1,0,0,0,0,0,0.0,2,26,7,14.3,1,8,11,19,11,5,1,0,0,0,0.0,1,2,1,2,0,160,56,88,17,5881,1311,1127,3443,CAR,Metropolitan,Eastern
2025-2026,20251111,7,NJD,56518,Seamus Casey,ASSIGNED_TO_MINORS,21.0,"5'10""",173.0,USA,"Estero, FL",False,D,2,0,0,0,2.0,0.0,0.0,0.0,1.2,0.0,0,0,0,0,0,0,0,0,0,0,0,0,0,0.0,-3,8,4,0.0,1,2,2,0,7,3,2,0,0,0,0.0,0,0,0,0,0,48,37,10,1,2161,692,92,1377,NJD,Metropolitan,Eastern
2025-2026,20251111,6,PHI,38701,Noah Cates,ROSTER,26.0,"6'1""",170.0,USA,"Stillwater, MN",True,LW,15,4,6,10,2.07,0.4,0.27,0.67,18.7,8.5,1,1,4,5,0,0,0,2,0,1,0,0,0,0.0,4,50,31,12.9,11,7,12,11,13,9,4,228,97,131,42.5,2,4,5,10,0,370,153,50,171,15730,2033,225,13472,PHI,Metropolitan,Eastern
2025-2026,20251111,143,SEA,142279,Berkly Catton,ROSTER,,,,,,False,C,10,0,3,3,1.0,0.3,0.0,0.3,6.4,0.0,0,0,1,1,0,0,0,0,0,0,0,0,0,0.0,1,17,10,0.0,5,2,5,1,20,6,2,5,3,2,60.0,0,0,3,6,0,167,151,12,3,7313,1041,188,6034,SEA,Pacific,Western
2025-2026,20251111,14,MTL,19047,Cole Caufield,ROSTER,24.0,"5'7""",174.0,USA,"Mosinee, WI",True,RW,15,12,6,18,2.6,0.4,0.8,1.2,14.8,12.8,4,1,5,6,0,0,0,3,0,3,1,0,0,0.0,9,68,39,30.8,5,12,17,17,10,11,5,3,0,3,0.0,3,6,4,8,0,318,171,72,87,16486,2586,526,13374,MTL,Atlantic,Eastern
2025-2026,20251111,28,LAK,5307,Cody Ceci,ROSTER,31.0,"6'2""",210.0,Canada,"Ottawa, ON",False,D,16,1,3,4,1.06,0.19,0.06,0.25,28.3,4.3,0,0,0,0,0,1,1,0,0,0,0,0,0,0.0,-5,39,17,5.9,20,17,5,9,21,11,4,0,0,0,0.0,1,2,0,0,0,339,181,63,97,16789,1733,1227,13831,LAK,Pacific,Western
2025-2026,20251111,26,SJS,134157,Macklin Celebrini,ROSTER,19.0,"6'0""",190.0,Canada,"North Vancouver, BC",True,C,16,10,14,24,3.06,0.88,0.62,1.5,18.6,21.3,3,2,5,7,0,0,0,1,0,1,1,0,0,0.0,7,93,49,20.4,10,26,18,13,24,21,6,278,139,139,50.0,5,10,11,24,0,354,293,31,40,19796,4044,659,15093,SJS,Pacific,Western
2025-2026,20251111,1,TBL,14454,Erik Cernak,ROSTER,28.0,"6'3""",233.0,Slovakia,Kosice,False,D,15,0,2,2,0.67,0.13,0.0,0.13,58.0,38.7,0,0,0,0,0,0,0,0,0,0,0,0,0,0.0,0,31,10,0.0,35,12,9,32,18,10,2,0,0,0,0.0,7,17,2,7,1,398,200,114,85,17298,2664,1241,13321,TBL,Atlantic,Eastern
2025-2026,20251111,13,OTT,5613,Thomas Chabot,ROSTER,28.0,"6'2""",196.0,Canada,"Ste-Marie-de-Beauce, QC",False,D,16,2,8,10,1.19,0.5,0.12,0.62,47.0,19.0,0,1,3,4,0,1,1,0,0,0,0,0,0,0.0,6,66,19,10.5,35,27,20,11,19,12,6,0,0,0,0.0,4,10,1,2,0,453,254,99,102,21959,3447,1842,16670,OTT,Atlantic,Eastern
2025-2026,20251111,1,TBL,28436,Mitchell Chaffee,ASSIGNED_TO_MINORS,27.0,"6'0""",207.0,USA,"Rockford, MI",True,RW,7,0,0,0,1.14,0.0,0.0,0.0,12.4,8.5,0,0,0,0,0,0,0,0,0,0,0,0,0,0.0,0,10,8,0.0,2,1,1,19,6,5,0,3,1,2,33.3,2,4,2,4,0,95,55,20,20,3986,557,296,3133,TBL,Atlantic,Eastern
2025-2026,20251111,3,CAR,15383,Jalen Chatfield,ROSTER,29.0,"6'1""",188.0,USA,"Ypsilanti, MI",False,D,13,0,3,3,1.54,0.23,0.0,0.23,21.7,17.0,0,0,0,0,0,0,0,0,0,0,0,0,0,0.0,3,53,20,0.0,14,22,11,10,28,12,1,0,0,0,0.0,4,8,2,12,0,349,199,62,88,15464,2054,850,12560,CAR,Metropolitan,Eastern
2025-2026,20251111,16,DET,5285,Ben Chiarot,ROSTER,34.0,"6'3""",234.0,Canada,"Hamilton, ON",False,D,16,1,2,3,1.0,0.12,0.06,0.19,52.4,8.5,0,0,0,0,0,0,0,0,0,0,0,0,0,0.0,-1,51,16,6.2,28,23,12,37,24,22,4,0,0,0,0.0,2,4,1,2,0,411,226,69,117,19671,4525,1233,13913,DET,Atlantic,Eastern
2025-2026,20251111,2,WPJ,37987,Nikita Chibrikov,ROSTER,22.0,"5'10""",170.0,Russia,Moskva,True,RW,7,0,0,0,0.57,0.0,0.0,0.0,8.8,23.2,0,0,0,0,0,0,0,0,0,0,0,0,0,0.0,0,14,4,0.0,3,7,3,10,7,6,2,0,0,0,0.0,5,12,2,4,0,95,76,17,2,3900,1134,144,2622,WPG,,
2025-2026,20251111,19,CBJ,30088,Yegor Chinakhov,ROSTER,24.0,"6'0""",178.0,Russia,Omsk,True,RW,10,2,2,4,1.7,0.2,0.2,0.4,5.5,4.3,0,0,0,0,0,0,0,0,0,0,0,0,0,0.0,1,29,17,11.8,2,9,3,6,9,4,3,0,0,0,0.0,1,2,2,4,0,141,111,24,6,6197,1434,89,4594,CBJ,Metropolitan,Eastern
2025-2026,20251111,5,WSH,28482,Declan Chisholm,ROSTER,25.0,"6'1""",185.0,Canada,"Bowmanville, ON",True,D,6,0,1,1,0.5,0.17,0.0,0.17,5.1,4.3,0,0,0,0,0,0,0,0,0,0,0,0,0,0.0,2,10,3,0.0,3,4,3,3,9,6,3,0,0,0,0.0,1,2,3,9,0,103,62,22,15,5101,807,508,3581,WSH,Metropolitan,Eastern
2025-2026,20251111,9,NYR,56549,Jaroslav Chmelar,ASSIGNED_TO_MINORS,22.0,"6'4""",198.0,Czech Republic,Nove Mesto nad Metuji,False,RW,2,0,0,0,0.5,0.0,0.0,0.0,2.6,13.2,0,0,0,0,0,0,0,0,0,0,0,0,0,0.0,-1,2,1,0.0,0,0,1,5,1,1,0,0,0,0,0.0,1,5,1,5,1,21,16,3,2,867,126,79,662,NYR,Metropolitan,Eastern
2025-2026,20251111,7,NJD,15156,Dennis Cholowski,ROSTER,27.0,"6'2""",197.0,Canada,"Langley, BC",False,D,5,0,1,1,0.2,0.2,0.0,0.2,8.2,0.0,0,0,0,0,0,0,0,0,0,0,0,0,0,0.0,-1,5,1,0.0,7,3,1,0,5,3,1,0,0,0,0.0,0,0,0,0,0,92,53,18,21,4367,533,120,3714,NJD,Metropolitan,Eastern
2025-2026,20251111,19,CBJ,28414,Jake Christiansen,ROSTER,26.0,"6'1""",195.0,Canada,"West Vancouver, BC",True,D,11,0,0,0,0.64,0.0,0.0,0.0,10.7,4.3,0,0,0,0,0,0,0,0,0,0,0,0,0,0.0,-4,28,7,0.0,6,12,9,7,17,4,0,0,0,0,0.0,1,2,1,2,0,141,95,24,22,6913,639,312,5962,CBJ,Metropolitan,Eastern
2025-2026,20251111,5,WSH,9642,Jakob Chychrun,ROSTER,27.0,"6'2""",210.0,USA,"Boca Raton, FL",False,D,15,3,7,10,3.2,0.47,0.2,0.67,23.7,26.0,1,1,1,2,0,0,0,1,0,1,0,0,0,0.0,9,109,48,6.2,13,31,30,16,21,23,6,0,0,0,0.0,4,11,6,15,1,336,174,93,69,21422,3823,2575,14831,WSH,Metropolitan,Eastern
2025-2026,20251111,21,VAN,13636,Filip Chytil,INJURY_LIST,26.0,"6'2""",206.0,Czech Republic,Kromeriz,False,C,6,3,0,3,2.5,0.0,0.5,0.5,6.3,12.8,1,0,0,0,0,0,0,1,0,0,0,0,0,0.0,0,22,15,20.0,4,2,5,3,10,3,2,76,36,40,47.4,3,6,0,0,0,114,56,43,18,5629,1207,724,3698,VAN,Pacific,Western
2025-2026,20251111,1,TBL,14125,Anthony Cirelli,ROSTER,28.0,"6'0""",193.0,Canada,"Etobicoke, ON",False,C,14,7,4,11,1.5,0.29,0.5,0.79,17.2,12.8,2,2,0,2,0,0,0,2,0,1,0,0,0,0.0,6,40,21,33.3,11,6,13,8,13,7,5,260,125,135,48.1,3,6,1,2,0,341,145,118,85,15683,2584,2123,10896,TBL,Atlantic,Eastern
2025-2026,20251111,8,NYI,5083,Casey Cizikas,ROSTER,34.0,"5'11""",195.0,Canada,"Toronto, ON",False,C,16,1,2,3,0.75,0.12,0.06,0.19,35.8,12.8,0,0,0,0,0,0,0,0,0,0,0,0,0,0.0,-6,19,12,8.3,13,3,4,39,13,7,1,120,50,70,41.7,3,6,0,0,0,236,132,51,54,9881,2401,554,6926,NYI,Metropolitan,Eastern
2025-2026,20251111,28,LAK,31218,Brandt Clarke,ROSTER,22.0,"6'2""",185.0,Canada,"Nepean, ON",True,D,16,2,5,7,2.06,0.31,0.12,0.44,32.4,17.0,0,0,0,0,0,0,0,1,0,0,0,0,0,0.0,4,56,33,6.1,24,16,7,8,18,20,5,0,0,0,0.0,4,8,5,10,0,335,265,44,28,16344,1931,267,14146,LAK,Pacific,Western
2025-2026,20251111,10,PIT,15396,Connor Clifton,ROSTER,30.0,"5'11""",175.0,USA,"Long Branch, New Jersey",False,D,6,0,0,0,0.83,0.0,0.0,0.0,33.4,8.5,0,0,0,0,0,0,0,0,0,0,0,0,0,0.0,-2,18,5,0.0,15,10,3,30,14,5,1,0,0,0,0.0,2,4,0,0,0,120,65,27,28,6062,683,199,5183,PIT,Metropolitan,Eastern
2025-2026,20251111,29,ANA,38010,Sam Colangelo,ROSTER,23.0,"6'2""",205.0,USA,"Stoneham, MA",True,RW,7,1,0,1,0.43,0.0,0.14,0.14,5.9,8.5,0,0,0,0,0,0,0,0,0,0,0,0,0,0.0,-3,11,3,33.3,1,5,3,9,7,6,0,2,1,1,50.0,2,4,0,0,0,105,70,21,16,4285,812,132,3383,ANA,Pacific,Western
2025-2026,20251111,30,UTA,4905,Ian Cole,ROSTER,36.0,"6'1""",225.0,USA,"Ann Arbor, MI",False,D,16,1,6,7,0.81,0.38,0.06,0.44,52.8,21.3,0,0,0,0,0,0,0,0,0,0,0,0,0,0.0,7,33,13,7.7,35,10,10,22,30,17,3,0,0,0,0.0,5,10,3,6,0,365,208,58,100,17484,4108,654,12722,UTA,Central,Western
2025-2026,20251111,23,CGY,11702,Blake Coleman,ROSTER,33.0,"5'11""",207.0,USA,"Plano, TX",False,LW,17,6,1,7,2.41,0.06,0.35,0.41,32.7,17.0,2,0,0,0,1,0,1,1,0,0,0,0,0,0.0,-1,72,41,14.6,13,16,15,33,13,21,3,17,7,10,41.2,4,8,5,10,0,402,187,144,77,17637,4365,1872,11400,CGY,Pacific,Western
2025-2026,20251111,22,COL,18195,Ross Colton,ROSTER,29.0,"6'0""",190.0,USA,"Robbinsville, New Jersey",False,C,16,2,6,8,2.06,0.38,0.12,0.5,27.1,13.2,0,0,0,0,0,0,0,1,0,0,0,0,0,0.0,2,68,33,6.1,6,16,19,38,11,14,4,19,11,8,57.9,1,5,6,15,1,283,157,88,40,11845,2031,1514,8300,COL,Central,Western
2025-2026,20251111,16,DET,5564,J.T. Compher,ROSTER,30.0,"6'0""",190.0,USA,"Northbrook, IL",False,LW,16,3,3,6,1.06,0.19,0.19,0.38,11.0,4.3,1,0,0,0,0,0,0,0,0,0,0,0,0,0.0,-1,34,17,17.6,8,13,5,3,16,8,0,171,82,89,48.0,1,2,5,10,0,355,165,91,102,15813,3268,1777,10829,DET,Atlantic,Eastern
2025-2026,20251111,2,WPJ,5612,Kyle Connor,ROSTER,28.0,"6'1""",182.0,USA,"Clinton Township, MI",False,LW,15,9,9,18,3.87,0.6,0.6,1.2,5.5,8.5,3,1,3,4,1,0,1,1,0,1,0,0,0,0.0,8,94,58,15.5,2,21,15,6,14,16,6,0,0,0,0.0,2,4,3,6,0,339,151,137,60,18388,3683,3026,11679,WPG,,
2025-2026,20251111,30,UTA,56257,Logan Cooley,ROSTER,21.0,"5'11""",180.0,USA,"Pittsburgh, PA",False,C,16,8,5,13,1.81,0.31,0.5,0.81,16.7,12.8,2,3,1,4,0,0,0,0,0,0,0,0,0,0.0,1,49,29,27.6,7,5,15,16,18,22,5,204,88,116,43.1,3,6,5,10,0,351,253,48,59,18029,4379,682,12970,UTA,Central,Western
2025-2026,20251111,21,VAN,167600,Braeden Cootes,ASSIGNED_TO_OTHER,18.0,"6'0""",183.0,Canada,"Sherwood Park, AB",True,C,3,0,0,0,0.0,0.0,0.0,0.0,2.8,0.0,0,0,0,0,0,0,0,0,0,0,0,0,0,0.0,-2,0,0,0.0,1,0,0,3,1,4,0,13,5,8,38.5,0,0,0,0,0,44,38,5,1,1940,192,0,1748,VAN,Pacific,Western
2025-2026,20251111,16,DET,5555,Andrew Copp,ROSTER,31.0,"6'1""",206.0,USA,"Ann Arbor, MI",False,C,16,1,5,6,0.81,0.31,0.06,0.38,22.8,21.3,0,0,2,2,0,0,0,0,0,0,0,0,0,0.0,-6,33,13,7.7,14,8,12,12,19,15,2,113,57,56,50.4,5,10,1,2,0,343,147,89,108,14347,2561,835,10951,DET,Atlantic,Eastern
2025-2026,20251111,23,CGY,37972,Matt Coronato,ROSTER,22.0,"5'10""",183.0,USA,"New York, NY",True,RW,16,3,3,6,2.62,0.19,0.19,0.38,9.3,17.0,1,2,0,2,0,0,0,0,0,0,1,1,0,0.0,-13,86,42,7.1,7,30,14,2,12,9,5,21,5,16,23.8,4,8,3,6,0,323,223,71,32,16183,4503,818,10862,CGY,Pacific,Western
2025-2026,20251111,7,NJD,18224,Paul Cotter,ROSTER,25.0,"6'0""",185.0,USA,"Carton, MI",False,LW,16,1,1,2,1.0,0.06,0.06,0.12,27.3,12.8,0,0,0,0,0,0,0,0,0,0,1,0,1,100.0,-4,31,16,6.2,4,8,7,43,22,9,3,8,5,3,62.5,3,6,3,6,0,253,162,44,49,11422,1964,828,8716,NJD,Metropolitan,Eastern
2025-2026,20251111,13,OTT,5536,Nick Cousins,ROSTER,32.0,"5'11""",183.0,Canada,"Belleville, ON",False,C,16,3,1,4,0.75,0.06,0.19,0.25,28.5,55.1,1,0,0,0,0,0,0,1,0,0,0,0,0,0.0,2,27,12,25.0,9,5,10,34,30,14,4,11,4,7,36.4,9,29,8,19,1,274,142,91,44,10693,1973,1662,7058,OTT,Atlantic,Eastern
2025-2026,20251111,6,PHI,4995,Sean Couturier,ROSTER,32.0,"6'3""",211.0,USA,"Phoenix, AZ",False,C,14,2,8,10,1.43,0.57,0.14,0.71,18.1,17.0,0,0,0,0,0,0,0,1,0,0,0,0,0,0.0,1,45,20,10.0,10,16,9,12,11,13,7,232,124,108,53.4,4,8,1,2,0,336,147,77,114,15486,4097,729,10660,PHI,Metropolitan,Eastern
2025-2026,20251111,12,TOR,112362,Easton Cowan,ASSIGNED_TO_MINORS,20.0,"5'10""",170.0,Canada,"Mount Brydges, ON",True,RW,10,1,3,4,1.5,0.3,0.1,0.4,11.5,0.0,0,0,0,0,0,0,0,0,0,0,0,0,0,0.0,1,30,15,6.7,4,9,6,13,14,11,0,2,1,1,50.0,0,0,5,10,0,160,136,25,1,7526,1985,121,5381,TOR,Atlantic,Eastern
2025-2026,20251111,19,CBJ,5124,Charlie Coyle,ROSTER,33.0,"6'3""",220.0,USA,"East Weymouth, MA",False,C,15,2,7,9,1.53,0.47,0.13,0.6,22.8,0.0,0,0,1,1,0,0,0,0,0,0,0,0,0,0.0,-1,42,23,8.7,10,9,10,21,11,10,5,222,119,103,53.6,0,0,2,4,0,317,145,74,97,15290,3974,482,10699,CBJ,Metropolitan,Eastern
2025-2026,20251111,13,OTT,19086,Dylan Cozens,ROSTER,24.0,"6'3""",183.0,Canada,"Whitehorse, Yukon",True,C,16,6,6,12,2.12,0.38,0.38,0.75,35.7,12.8,2,3,3,6,0,0,0,0,0,0,0,0,0,0.0,-9,62,34,17.6,8,16,12,50,20,14,0,167,92,75,55.1,3,6,4,8,0,380,202,70,114,16639,2838,764,13093,OTT,Atlantic,Eastern
2025-2026,20251111,20,CHI,34950,Louis Crevier,ROSTER,24.0,"6'8""",214.0,Canada,"Quebec City, QC",True,D,15,2,4,6,1.0,0.27,0.13,0.4,23.3,46.5,0,0,0,0,0,0,0,0,0,0,0,0,0,0.0,7,33,15,13.3,10,11,7,22,21,7,2,0,0,0,0.0,7,25,1,5,1,274,141,36,93,12032,767,159,10905,CHI,Central,Western
2025-2026,20251111,10,PIT,3490,Sidney Crosby,ROSTER,38.0,"5'11""",200.0,Canada,"Cole Harbour, NS",False,C,17,11,9,20,2.29,0.53,0.65,1.18,16.8,41.9,3,6,1,7,0,0,0,1,0,0,2,0,1,50.0,0,73,39,28.2,8,16,18,14,13,17,6,344,179,165,52.0,8,24,4,8,0,379,202,111,71,19816,7063,2351,10166,PIT,Metropolitan,Eastern
2025-2026,20251111,30,UTA,5606,Lawson Crouse,ROSTER,28.0,"6'4""",220.0,Canada,"Mt. Brydges, ON",False,LW,16,3,2,5,1.88,0.12,0.19,0.31,32.8,4.3,1,0,0,0,0,0,0,0,0,0,0,0,0,0.0,-2,62,30,10.0,10,14,18,40,9,13,3,11,3,8,27.3,1,2,3,6,0,333,141,68,127,13686,1414,725,11547,UTA,Central,Western
2025-2026,20251111,1,TBL,56653,Maxwell Crozier,ROSTER,25.0,"5'11""",161.0,Canada,"Calgary, AB",False,D,5,0,3,3,1.0,0.6,0.0,0.6,6.6,4.3,0,0,0,0,0,0,0,0,0,0,0,0,0,0.0,1,15,5,0.0,2,7,3,8,14,1,1,0,0,0,0.0,1,2,0,0,0,84,54,7,23,3758,298,36,3424,TBL,Atlantic,Eastern
2025-2026,20251111,9,NYR,30065,William Cuylle,ROSTER,23.0,"6'3""",204.0,Canada,"Toronto, ON",True,LW,17,4,4,8,2.47,0.24,0.24,0.47,51.1,25.6,1,2,0,2,0,0,0,1,0,1,0,0,0,0.0,-4,80,42,9.5,17,19,20,59,19,4,4,14,9,5,64.3,6,12,3,6,0,414,276,85,41,17789,3338,818,12901,NYR,Metropolitan,Eastern
2025-2026,20251111,20,CHI,34951,Colton Dach,ROSTER,22.0,"6'4""",196.0,Canada,"St. Albert, AB",True,C,16,1,2,3,1.44,0.12,0.06,0.19,45.3,30.2,0,0,1,1,0,0,0,0,0,0,0,0,0,0.0,-5,41,23,4.3,9,6,12,66,18,10,6,23,9,14,39.1,5,13,7,17,1,298,199,44,55,12634,1862,376,10380,CHI,Central,Western
2025-2026,20251111,14,MTL,17199,Kirby Dach,ROSTER,24.0,"6'4""",212.0,Canada,"Fort Saskatchewan, AB",False,C,12,5,2,7,1.58,0.17,0.42,0.58,19.8,12.8,1,0,1,1,0,0,0,0,0,0,0,0,0,0.0,2,33,19,26.3,11,5,9,13,16,5,4,85,39,46,45.9,3,6,4,8,0,207,119,48,45,9881,1507,690,7684,MTL,Atlantic,Eastern
2025-2026,20251111,7,NJD,4787,Evgenii Dadonov,ROSTER,36.0,"5'11""",189.0,Russia,Chelyabinsk,False,LW,1,0,0,0,2.0,0.0,0.0,0.0,2.4,0.0,0,0,0,0,0,0,0,0,0,0,0,0,0,0.0,0,3,2,0.0,2,1,0,0,3,1,0,0,0,0,0.0,0,0,0,0,0,14,4,7,3,572,104,7,461,NJD,Metropolitan,Eastern
2025-2026,20251111,15,BUF,14524,Rasmus Dahlin,INJURY_LIST,25.0,"6'3""",193.0,Sweden,Trollhättan,False,D,14,1,8,9,2.71,0.57,0.07,0.64,26.3,21.3,0,1,4,5,0,0,0,0,0,0,1,0,0,0.0,-11,98,38,2.6,17,40,20,12,22,31,6,0,0,0,0.0,5,10,6,12,0,402,226,48,129,20544,2620,808,17116,BUF,Atlantic,Eastern
2025-2026,20251111,28,LAK,5487,Phillip Danault,ROSTER,32.0,"6'1""",201.0,Canada,"Victoriaville, QC",False,C,16,0,3,3,1.31,0.19,0.0,0.19,11.4,12.8,0,0,0,0,0,1,1,0,0,0,0,0,0,0.0,0,43,21,0.0,3,14,8,15,12,14,2,235,128,107,54.5,3,6,3,6,0,324,146,99,79,16160,2164,1630,12366,LAK,Pacific,Western
2025-2026,20251111,15,BUF,30085,Justin Danforth,ROSTER,32.0,"5'9""",185.0,Canada,"Oshawa, ON",True,RW,4,0,0,0,0.5,0.0,0.0,0.0,6.3,4.3,0,0,0,0,0,0,0,0,0,0,0,0,0,0.0,-2,6,2,0.0,4,3,1,3,2,3,0,31,17,14,54.8,1,2,0,0,0,71,31,9,31,2809,362,109,2338,BUF,Atlantic,Eastern
2025-2026,20251111,16,DET,111584,Nate Danielson,ROSTER,21.0,"6'2""",185.0,Canada,"Edmonton, AB",True,C,1,0,0,0,4.0,0.0,0.0,0.0,0.0,0.0,0,0,0,0,0,0,0,0,0,0,0,0,0,0.0,0,5,4,0.0,0,0,1,0,0,0,1,10,2,8,20.0,0,0,0,0,0,19,15,2,2,916,108,0,808,DET,Atlantic,Eastern
2025-2026,20251111,1,TBL,18311,Charle-Edouard D’Astous,ROSTER,27.0,"6'2""",204.0,Canada,"Rimouski, QC",False,D,8,1,4,5,1.0,0.5,0.12,0.62,10.5,21.7,0,0,1,1,0,0,0,1,0,0,0,0,0,0.0,1,17,8,12.5,4,5,4,11,23,5,5,0,0,0,0.0,3,9,2,7,1,159,87,35,39,7240,1255,331,5658,TBL,Atlantic,Eastern
2025-2026,20251111,8,NYI,5424,Tony DeAngelo,ROSTER,30.0,"5'11""",180.0,USA,"Sewell, New Jersey",False,D,16,1,4,5,2.0,0.25,0.06,0.31,25.3,12.8,0,0,0,0,0,0,0,0,0,0,0,0,0,0.0,-4,58,32,3.1,17,16,10,10,13,20,2,0,0,0,0.0,3,6,1,2,0,338,206,81,52,16696,2814,2055,11827,NYI,Metropolitan,Eastern
2025-2026,20251111,16,DET,13688,Alex DeBrincat,ROSTER,27.0,"5'7""",165.0,USA,"Farmington Hills, MI",False,RW,16,4,11,15,3.88,0.69,0.25,0.94,5.8,0.0,1,3,3,6,0,0,0,0,0,0,2,1,0,0.0,-2,118,62,6.5,4,25,31,2,12,18,3,5,1,4,20.0,0,0,2,4,0,324,156,62,110,16830,3783,758,12289,DET,Atlantic,Eastern
2025-2026,20251111,21,VAN,5609,Jake DeBrusk,ROSTER,29.0,"6'0""",188.0,Canada,"Edmonton, AB",False,LW,17,5,2,7,3.0,0.12,0.29,0.41,16.8,8.5,1,4,0,4,0,0,0,0,0,0,2,1,1,50.0,-1,80,51,9.8,8,8,21,14,14,15,2,9,3,6,33.3,2,4,3,6,0,372,158,85,135,18260,4627,962,12739,VAN,Pacific,Western
2025-2026,20251111,19,CBJ,53014,Luca Del Bel Belluz,ROSTER,22.0,"6'1""",179.0,Canada,"Woodbridge, ON",True,C,2,0,0,0,0.5,0.0,0.0,0.0,5.2,0.0,0,0,0,0,0,0,0,0,0,0,0,0,0,0.0,0,2,1,0.0,4,1,0,1,1,0,0,9,1,8,11.1,0,0,1,2,0,24,21,2,1,1003,124,32,847,CBJ,Metropolitan,Eastern
2025-2026,20251111,26,SJS,14536,Ty Dellandrea,ROSTER,25.0,"6'0""",184.0,Canada,"Toronto, ON",True,C,16,1,5,6,1.0,0.31,0.06,0.38,31.8,8.5,0,0,0,0,1,1,2,0,0,0,0,0,0,0.0,-3,29,16,6.2,10,10,3,38,19,8,3,174,88,86,50.6,2,4,6,12,0,288,154,63,72,13181,1423,1173,10585,SJS,Pacific,Western
2025-2026,20251111,20,CHI,39063,Ethan Del Mastro,ASSIGNED_TO_MINORS,22.0,"6'4""",210.0,Canada,"Burlington, ON",True,D,1,0,0,0,1.0,0.0,0.0,0.0,5.5,0.0,0,0,0,0,0,0,0,0,0,0,0,0,0,0.0,-1,1,1,0.0,2,0,0,6,5,1,0,0,0,0,0.0,0,0,0,0,0,25,16,1,8,1055,123,0,932,CHI,Central,Western
2025-2026,20251111,2,WPJ,5822,Dylan DeMelo,ROSTER,32.0,"6'0""",191.0,Canada,"London, ON",False,D,15,1,6,7,0.73,0.4,0.07,0.47,44.5,25.6,0,0,0,0,0,1,1,0,0,0,0,0,0,0.0,5,29,11,9.1,32,11,7,13,22,20,3,0,0,0,0.0,6,12,4,8,0,414,227,82,106,19429,4374,645,14410,WPG,,
2025-2026,20251111,14,MTL,142498,Ivan Demidov,ROSTER,,,,,,False,RW,15,4,9,13,1.2,0.6,0.27,0.87,10.3,21.3,1,1,4,5,0,0,0,1,0,0,1,1,0,0.0,5,45,18,22.2,7,12,15,4,16,18,5,0,0,0,0.0,5,10,2,4,0,252,222,29,5,12408,2688,188,9532,MTL,Atlantic,Eastern
2025-2026,20251111,26,SJS,18276,Vincent Desharnais,ROSTER,29.0,"6'6""",209.0,Canada,"Laval, QC",False,D,12,0,2,2,0.58,0.17,0.0,0.17,31.4,24.8,0,0,0,0,0,0,0,0,0,0,0,0,0,0.0,2,19,7,0.0,20,8,4,15,14,7,0,0,0,0,0.0,4,16,3,6,0,241,126,23,92,11763,1138,183,10442,SJS,Pacific,Western
2025-2026,20251111,30,UTA,13721,Nick DeSimone,ROSTER,30.0,"6'2""",190.0,USA,"East Amherst, NY",False,D,1,0,1,1,1.0,1.0,0.0,1.0,0.0,0.0,0,0,0,0,0,0,0,0,0,0,0,0,0,0.0,0,3,1,0.0,0,2,0,0,6,2,0,0,0,0,0.0,0,0,0,0,0,21,15,5,1,767,56,78,633,UTA,Central,Western
2025-2026,20251111,6,PHI,5341,Nicolas Deslauriers,ROSTER,34.0,"6'3""",219.0,Canada,"Lasalle, QC",False,LW,6,0,0,0,0.33,0.0,0.0,0.0,10.1,26.4,0,0,0,0,0,0,0,0,0,0,0,0,0,0.0,-2,5,2,0.0,1,0,3,17,1,2,1,0,0,0,0.0,2,10,2,10,2,56,38,8,10,2758,393,159,2206,PHI,Metropolitan,Eastern
2025-2026,20251111,10,PIT,18082,Connor Dewar,ROSTER,26.0,"5'10""",170.0,Canada,"The Pas, MB",False,C,17,4,2,6,1.94,0.12,0.24,0.35,28.2,0.0,1,0,0,0,0,0,0,1,0,0,0,0,0,0.0,0,58,33,12.1,7,13,12,38,24,5,4,6,2,4,33.3,0,0,6,15,0,325,168,66,87,13692,1744,643,11007,PIT,Metropolitan,Eastern
2025-2026,20251111,20,CHI,9073,Jason Dickinson,ROSTER,30.0,"6'2""",200.0,Canada,"Georgetown, ON",False,C,8,1,2,3,1.25,0.25,0.12,0.38,10.2,4.3,0,0,0,0,0,0,0,0,0,0,0,0,0,0.0,-1,22,10,10.0,6,5,7,6,8,10,3,126,68,58,54.0,1,2,0,0,0,171,84,42,46,6907,985,379,5543,CHI,Central,Western
2025-2026,20251111,26,SJS,142718,Sam Dickinson,ROSTER,,,,,,False,D,12,1,0,1,1.17,0.0,0.08,0.08,11.9,12.8,0,0,0,0,0,0,0,0,0,0,0,0,0,0.0,-1,25,14,7.1,7,9,2,7,17,11,4,0,0,0,0.0,3,6,1,2,0,212,183,13,18,10326,1156,70,9103,SJS,Pacific,Western
2025-2026,20251111,7,NJD,5103,Brenden Dillon,ROSTER,34.0,"6'4""",225.0,Canada,"New Westminster, BC",False,D,16,2,4,6,0.75,0.25,0.12,0.38,59.8,21.7,0,0,0,0,0,0,0,2,0,0,0,0,0,0.0,1,33,12,16.7,32,13,8,42,15,6,5,0,0,0,0.0,3,9,2,7,1,364,196,45,125,18283,4200,842,13241,NJD,Metropolitan,Eastern
2025-2026,20251111,15,BUF,37981,Josh Doan,ROSTER,23.0,"6'1""",183.0,USA,"Scottsdale, AZ",True,RW,15,4,5,9,2.73,0.33,0.27,0.6,11.4,8.5,1,2,1,3,0,0,0,1,0,0,0,0,0,0.0,-2,67,41,9.8,3,12,13,15,21,14,7,3,2,1,66.7,2,4,6,12,0,311,219,62,35,13919,3115,301,10503,BUF,Atlantic,Eastern
2025-2026,20251111,14,MTL,14535,Noah Dobson,ROSTER,25.0,"6'4""",184.0,Canada,"Summerside, PE",False,D,15,1,10,11,1.73,0.67,0.07,0.73,37.9,17.0,0,0,1,1,0,0,0,0,0,0,0,0,0,0.0,7,53,26,3.8,30,15,12,5,27,20,6,0,0,0,0.0,4,8,1,2,0,385,199,84,103,20138,2481,810,16847,MTL,Atlantic,Eastern
2025-2026,20251111,12,TOR,5412,Max Domi,ROSTER,30.0,"5'10""",192.0,Canada,"Winnipeg, MB",False,C,16,3,2,5,1.88,0.12,0.19,0.31,15.3,21.3,1,0,1,1,0,0,0,1,0,0,0,0,0,0.0,-10,50,30,10.0,9,14,6,9,8,18,4,113,55,58,48.7,5,10,6,12,0,269,133,99,40,12064,2513,1793,7758,TOR,Atlantic,Eastern
2025-2026,20251111,20,CHI,14137,Ryan Donato,ROSTER,29.0,"6'0""",192.0,USA,"Boston, MA",False,C,16,6,5,11,1.88,0.31,0.38,0.69,14.2,17.0,2,1,0,1,0,0,0,2,0,1,1,0,0,0.0,2,65,30,20.0,4,12,23,18,25,13,4,56,29,27,51.8,4,8,1,2,0,319,160,88,73,14675,2660,832,10942,CHI,Central,Western
2025-2026,20251111,142,VGK,29771,Pavel Dorofeyev,ROSTER,25.0,"6'0""",176.0,Russia,Nizhny Tagil,True,RW,15,10,1,11,2.93,0.07,0.67,0.73,9.0,12.8,3,6,1,7,0,0,0,1,1,0,1,0,1,100.0,0,93,44,22.7,5,24,25,6,9,12,3,0,0,0,0.0,3,6,2,4,0,303,199,109,6,16164,4964,2107,9052,VGK,Pacific,Western
2025-2026,20251111,28,LAK,4510,Drew Doughty,ROSTER,35.0,"6'1""",202.0,Canada,"London, ON",False,D,16,2,4,6,1.44,0.25,0.12,0.38,34.7,8.5,0,0,0,0,0,1,1,0,0,0,0,0,0,0.0,2,63,23,8.7,25,27,13,10,19,24,7,0,0,0,0.0,2,4,1,2,0,426,212,83,133,22439,5363,1127,15947,LAK,Pacific,Western
2025-2026,20251111,1,TBL,38444,Curtis Douglas,ROSTER,25.0,"6'9""",248.0,Canada,"Oakville, ON",True,C,9,0,0,0,0.56,0.0,0.0,0.0,7.1,30.6,0,0,0,0,0,0,0,0,0,0,0,0,0,0.0,1,11,5,0.0,2,1,5,9,3,1,1,1,1,0,100.0,3,12,3,12,2,81,47,11,23,2760,531,10,2219,TBL,Atlantic,Eastern
2025-2026,20251111,5,WSH,9007,Nic Dowd,ROSTER,35.0,"6'1""",195.0,USA,"Huntsville, AL",False,C,15,1,3,4,1.07,0.2,0.07,0.27,24.1,12.8,0,0,0,0,0,0,0,0,0,0,0,0,0,0.0,0,29,16,6.2,8,7,6,28,17,7,5,198,101,97,51.0,3,6,4,8,0,311,132,103,77,13357,2484,1183,9690,WSH,Metropolitan,Eastern
2025-2026,20251111,24,EDM,5417,Leon Draisaitl,ROSTER,30.0,"6'2""",208.0,Germany,Köln,False,C,17,10,8,18,2.53,0.47,0.59,1.06,9.4,8.5,3,6,4,10,0,0,0,0,0,0,2,0,2,100.0,4,82,43,23.3,4,16,23,9,8,27,7,268,152,116,56.7,2,4,3,6,0,393,198,85,107,22820,6006,1454,14958,EDM,Pacific,Western
2025-2026,20251111,8,NYI,5230,Jonathan Drouin,ROSTER,30.0,"6'0""",203.0,Canada,"Ste-Agathe, QC",False,LW,15,2,9,11,1.33,0.6,0.13,0.73,9.2,23.5,0,0,2,2,0,0,0,0,0,0,1,1,0,0.0,6,42,20,10.0,6,6,16,4,6,8,1,28,12,16,42.9,3,17,5,10,0,303,152,87,66,15793,4298,770,10725,NYI,Metropolitan,Eastern
2025-2026,20251111,22,COL,14565,Jack Drury,ROSTER,25.0,"5'11""",174.0,USA,"Winnetka, IL",True,C,16,3,4,7,1.5,0.25,0.19,0.44,20.8,17.0,1,0,0,0,0,0,0,0,0,0,0,0,0,0.0,2,46,24,12.5,15,8,14,6,25,7,3,226,116,110,51.3,4,8,3,6,0,334,195,90,52,14361,2469,1351,10541,COL,Central,Western
2025-2026,20251111,6,PHI,27448,Jamie Drysdale,ROSTER,23.0,"5'11""",187.0,Canada,"Toronto, ON",True,D,15,2,5,7,1.0,0.33,0.13,0.47,26.3,24.8,0,0,0,0,0,0,0,1,0,0,0,0,0,0.0,-2,53,15,13.3,21,23,15,3,20,10,1,0,0,0,0.0,4,16,3,6,0,396,310,52,38,19887,3203,305,16335,PHI,Metropolitan,Eastern
2025-2026,20251111,5,WSH,13710,Pierre-Luc Dubois,ROSTER,27.0,"6'3""",218.0,Canada,"Ste-Agathe-des-Monts, QC",False,LW,6,0,0,0,1.5,0.0,0.0,0.0,6.7,4.3,0,0,0,0,0,0,0,0,0,0,0,0,0,0.0,0,19,9,0.0,3,4,6,6,7,2,1,78,33,45,42.3,1,2,2,4,0,113,61,32,20,5592,1216,935,3441,WSH,Metropolitan,Eastern
2025-2026,20251111,27,DAL,4663,Matt Duchene,ROSTER,34.0,"5'11""",195.0,Canada,"Haliburton, ON",False,C,4,1,1,2,0.75,0.25,0.25,0.5,5.8,0.0,0,1,0,1,0,0,0,1,0,0,1,0,0,0.0,0,5,3,33.3,4,2,0,2,2,1,1,23,12,11,52.2,0,0,2,4,0,72,44,15,14,3467,906,86,2475,DAL,Central,Western
2025-2026,20251111,8,NYI,5441,Anthony Duclair,ROSTER,30.0,"5'11""",198.0,Canada,"Laval, QC",False,LW,16,3,3,6,1.44,0.19,0.19,0.38,14.6,8.5,1,1,0,1,0,0,0,0,0,0,1,0,0,0.0,2,41,23,13.0,12,12,6,1,6,8,2,0,0,0,0.0,2,4,2,4,0,276,128,104,47,13249,2160,1567,9473,NYI,Metropolitan,Eastern
2025-2026,20251111,5,WSH,18079,Brandon Duhaime,ROSTER,28.0,"6'0""",185.0,USA,"Parkland, FL",False,RW,15,1,1,2,0.53,0.07,0.07,0.13,25.5,43.4,0,0,0,0,0,0,0,0,0,0,0,0,0,0.0,-2,25,8,12.5,6,8,9,35,22,4,1,14,3,11,21.4,6,18,7,20,2,287,152,72,63,11307,1240,646,9384,WSH,Metropolitan,Eastern
2025-2026,20251111,10,PIT,5125,Matt Dumba,ROSTER,31.0,"6'0""",180.0,Canada,"Regina, SK",False,D,5,0,1,1,0.6,0.2,0.0,0.2,9.4,26.0,0,0,0,0,0,0,0,0,0,0,0,0,0,0.0,-1,11,3,0.0,4,5,3,9,5,6,4,0,0,0,0.0,4,11,1,5,1,96,55,19,22,4508,519,292,3697,PIT,Metropolitan,Eastern
2025-2026,20251111,28,LAK,5310,Brian Dumoulin,ROSTER,34.0,"6'4""",207.0,USA,"Biddeford, MN",False,D,16,0,1,1,1.06,0.06,0.0,0.06,31.7,4.3,0,0,0,0,0,0,0,0,0,0,0,0,0,0.0,-4,39,17,0.0,22,13,9,11,34,22,6,0,0,0,0.0,1,2,2,4,0,374,202,69,103,18752,3245,1051,14456,LAK,Pacific,Western
2025-2026,20251111,143,SEA,5650,Vince Dunn,ROSTER,29.0,"6'0""",203.0,Canada,"Lindsay, ON",False,D,15,2,7,9,2.73,0.47,0.13,0.6,18.0,17.0,0,0,4,4,0,0,0,0,0,0,0,0,0,0.0,-4,86,41,4.9,14,35,10,3,20,18,4,0,0,0,0.0,4,8,1,2,0,397,202,124,64,21048,3667,2032,14948,SEA,Pacific,Western
2025-2026,20251111,15,BUF,29977,Josh Dunne,ROSTER,26.0,"6'4""",210.0,USA,"OFallon, MO",True,C,9,1,0,1,0.78,0.0,0.11,0.11,12.2,21.7,0,0,0,0,0,0,0,0,0,0,0,0,0,0.0,0,13,7,14.3,5,0,6,12,4,5,1,8,1,7,12.5,3,9,6,15,1,121,93,15,14,5029,373,84,4572,BUF,Atlantic,Eastern
2025-2026,20251111,30,UTA,14575,Sean Durzi,ROSTER,27.0,"6'0""",188.0,Canada,"Mississauga, ON",True,D,2,0,1,1,1.0,0.5,0.0,0.5,6.3,8.5,0,0,0,0,0,0,0,0,0,0,0,0,0,0.0,0,3,2,0.0,4,1,0,3,1,4,1,0,0,0,0.0,2,4,0,0,0,52,31,7,14,2271,34,72,2165,UTA,Central,Western
2025-2026,20251111,6,PHI,10069,Christian Dvorak,ROSTER,29.0,"6'1""",200.0,USA,"Palos, IL",False,C,15,3,6,9,1.73,0.4,0.2,0.6,14.1,12.8,1,0,0,0,0,1,1,0,0,0,0,0,0,0.0,3,44,26,11.5,8,8,10,9,8,8,2,174,94,80,54.0,3,6,3,6,0,335,151,70,117,15302,2103,1126,12073,PHI,Metropolitan,Eastern
2025-2026,20251111,17,STL,142730,Dalibor Dvorský,ROSTER,20.0,"6'1""",201.0,Slovakia,Zvolen,True,RW,6,2,0,2,1.33,0.0,0.33,0.33,11.7,4.3,0,2,0,2,0,0,0,0,0,0,0,0,0,0.0,-1,14,8,25.0,5,1,5,11,2,1,1,56,30,26,53.6,1,2,0,0,0,110,91,20,1,5208,736,149,4323,STL,Central,Western
2025-2026,20251111,143,SEA,4505,Jordan Eberle,ROSTER,35.0,"5'11""",187.0,Canada,"Regina, SK",False,RW,15,5,6,11,2.73,0.4,0.33,0.73,13.8,17.0,1,0,4,4,0,0,0,1,0,0,1,0,0,0.0,1,77,41,12.2,5,14,22,15,18,15,3,14,7,7,50.0,4,8,1,2,0,352,181,84,83,17798,6597,1294,9548,SEA,Pacific,Western
2025-2026,20251111,28,LAK,5823,Joel Edmundson,ROSTER,32.0,"6'5""",224.0,Canada,"Brandon, MB",False,D,16,0,6,6,1.44,0.38,0.0,0.38,28.2,21.3,0,0,0,0,0,0,0,0,0,0,0,0,0,0.0,4,55,23,0.0,15,20,12,20,15,14,3,0,0,0,0.0,5,10,0,0,0,353,195,39,119,16390,2076,609,13705,LAK,Pacific,Western
2025-2026,20251111,9,NYR,39222,Adam Edstrom,ROSTER,25.0,"6'6""",210.0,Sweden,,True,C,15,0,2,2,0.67,0.13,0.0,0.13,27.4,4.3,0,0,0,0,0,0,0,0,0,0,0,0,0,0.0,2,18,10,0.0,9,3,5,32,3,7,5,0,0,0,0.0,1,2,0,0,0,218,141,39,28,8988,1218,475,6923,NYR,Metropolitan,Eastern
2025-2026,20251111,16,DET,37971,Simon Edvinsson,ROSTER,22.0,"6'4""",198.0,Sweden,Kungsbacka,True,D,16,3,3,6,1.31,0.19,0.19,0.38,54.2,38.3,1,0,0,0,0,0,0,1,0,0,0,0,0,0.0,-3,49,21,14.3,38,15,13,18,28,17,3,0,0,0,0.0,9,18,3,6,0,418,270,42,109,20550,2062,605,17883,DET,Atlantic,Eastern
2025-2026,20251111,3,CAR,5419,Nikolaj Ehlers,ROSTER,29.0,"6'0""",172.0,Denmark,Aalborg,False,LW,15,2,7,9,2.93,0.47,0.13,0.6,6.7,12.8,0,1,2,3,0,0,0,2,0,0,0,0,0,0.0,3,87,44,4.5,3,23,20,6,6,15,6,13,5,8,38.5,3,6,3,6,0,287,145,46,98,14708,2279,584,11845,CAR,Metropolitan,Eastern
2025-2026,20251111,142,VGK,5597,Jack Eichel,ROSTER,29.0,"6'2""",203.0,USA,"Chelmsford, MA",False,C,15,8,14,22,4.2,0.93,0.53,1.47,15.0,0.0,2,0,10,10,0,0,0,2,0,0,1,0,0,0.0,8,100,63,12.7,11,19,18,4,6,31,13,255,128,127,50.2,0,0,6,12,0,349,193,120,44,18972,3853,3201,11872,VGK,Pacific,Western
2025-2026,20251111,4,FLO,5414,Aaron Ekblad,ROSTER,29.0,"6'4""",215.0,Canada,"Windsor, ON",False,D,16,1,3,4,1.56,0.19,0.06,0.25,32.6,17.0,0,1,0,1,0,0,0,1,0,0,0,0,0,0.0,-4,61,25,4.0,21,25,11,15,10,8,4,0,0,0,0.0,4,8,0,0,0,443,182,85,177,22122,4486,1416,16220,FLA,,
2025-2026,20251111,24,EDM,5022,Mattias Ekholm,ROSTER,35.0,"6'4""",215.0,Sweden,Borlange,False,D,17,1,6,7,1.88,0.35,0.06,0.41,50.0,8.5,0,0,1,1,0,0,0,0,0,0,0,0,0,0.0,-9,71,32,3.1,38,24,15,10,24,28,10,0,0,0,0.0,2,4,3,6,0,409,243,59,100,20541,5074,1345,13717,EDM,Pacific,Western
2025-2026,20251111,26,SJS,32927,William Eklund,ROSTER,23.0,"5'10""",176.0,Sweden,Stockholm,True,LW,12,5,6,11,2.58,0.5,0.42,0.92,16.0,4.3,1,2,3,5,0,0,0,0,0,0,0,0,0,0.0,-5,64,31,16.1,10,16,17,8,11,14,3,4,0,4,0.0,1,2,3,6,0,267,190,36,46,14279,2731,490,11058,SJS,Pacific,Western
2025-2026,20251111,12,TOR,4866,Oliver Ekman-Larsson,ROSTER,34.0,"6'2""",200.0,Sweden,Karlskrona,False,D,16,1,9,10,1.12,0.56,0.06,0.62,30.9,29.8,0,0,3,3,0,0,0,0,0,0,0,0,0,0.0,3,46,18,5.6,16,19,9,23,19,27,5,0,0,0,0.0,7,14,2,4,0,441,234,95,113,19443,4492,1273,13678,TOR,Atlantic,Eastern
2025-2026,20251111,13,OTT,4723,Lars Eller,ROSTER,36.0,"6'2""",205.0,Denmark,Rødovre,False,C,16,2,4,6,1.12,0.25,0.12,0.38,21.5,0.0,0,0,0,0,1,0,1,0,0,0,0,0,0,0.0,-2,35,18,11.1,12,12,5,14,22,9,2,164,95,69,57.9,0,0,3,6,0,309,141,86,84,13104,4576,1348,7180,OTT,Atlantic,Eastern
2025-2026,20251111,24,EDM,30040,Ty Emberson,ROSTER,25.0,"6'1""",195.0,USA,"Eau Claire, WI",True,D,15,1,2,3,0.73,0.13,0.07,0.2,42.2,0.0,0,0,0,0,0,0,0,1,0,0,0,0,0,0.0,1,24,11,9.1,26,11,2,22,38,11,4,0,0,0,0.0,0,0,2,4,0,287,161,70,53,14117,2280,1573,10108,EDM,Pacific,Western
2025-2026,20251111,25,MIN,5615,Joel Eriksson Ek,ROSTER,28.0,"6'1""",210.0,Sweden,Karlstad,False,C,17,2,9,11,3.0,0.53,0.12,0.65,31.0,17.0,0,1,4,5,0,0,0,0,0,0,0,0,0,0.0,-5,87,51,3.9,12,18,18,32,16,7,5,367,187,180,51.0,4,8,6,12,0,343,148,111,86,19759,4127,1210,14422,MIN,Central,Western
2025-2026,20251111,27,DAL,11673,Adam Erne,ROSTER,30.0,"6'1""",212.0,USA,"New Haven, CT",False,LW,13,2,1,3,0.69,0.08,0.15,0.23,30.9,4.3,0,0,0,0,0,0,0,0,0,0,0,0,0,0.0,1,23,9,22.2,7,5,9,43,6,4,1,4,2,2,50.0,1,2,1,2,0,181,107,59,16,7566,1851,886,4782,DAL,Central,Western
2025-2026,20251111,18,NSH,28523,Luke Evangelista,ROSTER,23.0,"5'11""",166.0,Canada,"Oakville, ON",True,RW,17,2,8,10,1.94,0.47,0.12,0.59,6.3,8.5,0,1,3,4,0,0,0,0,0,0,1,1,0,0.0,0,60,33,6.1,4,8,19,3,21,18,6,0,0,0,0.0,2,4,5,10,0,297,204,62,34,15412,2978,813,11623,NSH,Central,Western
2025-2026,20251111,14,MTL,17548,Jake Evans,ROSTER,29.0,"6'0""",190.0,Canada,"Toronto, ON",False,C,15,2,1,3,1.13,0.07,0.13,0.2,29.5,12.1,0,0,0,0,0,0,0,0,0,0,0,0,0,0.0,-8,38,17,11.8,17,10,11,18,16,15,3,208,121,87,58.2,1,10,3,6,0,303,138,106,61,14450,2267,1827,10356,MTL,Atlantic,Eastern
2025-2026,20251111,143,SEA,34549,Ryker Evans,ROSTER,23.0,"5'11""",189.0,Canada,"Calgary, AB",True,D,2,1,1,2,2.5,0.5,0.5,1.0,2.2,0.0,0,0,0,0,0,0,0,0,0,0,0,0,0,0.0,1,9,5,20.0,1,4,0,2,1,4,0,0,0,0,0.0,0,0,0,0,0,41,33,1,8,2136,37,0,2099,SEA,Pacific,Western
2025-2026,20251111,11,BOS,18068,Mikey Eyssimont,ROSTER,29.0,"6'0""",192.0,USA,"Littleton, CO",False,C,17,4,4,8,2.12,0.24,0.24,0.47,12.3,34.5,1,1,1,2,0,0,0,1,0,0,0,0,0,0.0,-5,58,36,11.1,6,8,14,10,14,8,2,0,0,0,0.0,6,15,6,15,1,265,138,58,73,11646,2284,589,8773,BOS,Atlantic,Eastern
2025-2026,20251111,19,CBJ,9643,Dante Fabbro,ROSTER,27.0,"6'0""",189.0,Canada,"New Westminster, BC",False,D,15,1,3,4,0.93,0.2,0.07,0.27,33.9,8.5,0,0,0,0,0,0,0,0,0,0,0,0,0,0.0,-2,37,14,7.1,27,17,6,4,31,10,4,0,0,0,0.0,2,4,2,4,0,308,165,48,93,15577,2236,1004,12158,CBJ,Metropolitan,Eastern
2025-2026,20251111,25,MIN,38005,Brock Faber,ROSTER,23.0,"6'0""",190.0,USA,"Maple Grove, MN",True,D,17,3,6,9,2.29,0.35,0.18,0.53,42.0,0.0,1,0,4,4,0,0,0,1,0,0,0,0,0,0.0,-6,78,39,7.7,33,17,22,6,28,17,8,0,0,0,0.0,0,0,1,2,0,440,303,88,52,23951,3743,1623,18585,MIN,Central,Western
2025-2026,20251111,27,DAL,5116,Radek Faksa,ROSTER,31.0,"6'3""",220.0,Czech Republic,Opava,False,C,15,1,3,4,0.4,0.2,0.07,0.27,23.7,8.5,0,0,0,0,0,0,0,0,0,0,0,0,0,0.0,-1,13,6,16.7,9,4,3,25,10,6,3,123,69,54,56.1,2,4,5,10,0,255,121,47,88,10453,2223,517,7713,DAL,Central,Western
2025-2026,20251111,19,CBJ,111258,Adam Fantilli,ROSTER,21.0,"6'2""",187.0,Canada,"Nobleton, ON",True,C,15,3,7,10,2.33,0.47,0.2,0.67,21.2,12.8,1,0,0,0,0,0,0,0,0,0,1,0,1,100.0,-4,84,35,8.6,10,27,22,18,11,17,5,109,60,49,55.0,3,6,4,8,0,272,224,43,6,14606,2768,458,11489,CBJ,Metropolitan,Eastern
2025-2026,20251111,23,CGY,14537,Joel Farabee,ROSTER,25.0,"6'0""",164.0,USA,"Cicero, NY",False,LW,17,2,5,7,1.71,0.29,0.12,0.41,27.0,17.4,0,0,2,2,0,0,0,0,0,0,0,0,0,0.0,-6,55,29,6.9,14,15,11,20,28,14,1,19,8,11,42.1,2,7,2,7,1,378,206,81,93,18130,3243,1291,13598,CGY,Pacific,Western
2025-2026,20251111,17,STL,5009,Justin Faulk,ROSTER,33.0,"6'0""",217.0,USA,"South St.Paul, MN",False,D,16,3,5,8,1.81,0.31,0.19,0.5,52.5,8.5,1,1,3,4,0,0,0,0,0,0,0,0,0,0.0,-2,56,29,10.3,37,18,9,17,16,12,5,0,0,0,0.0,2,4,0,0,0,450,236,85,132,22586,4808,1187,16591,STL,Central,Western
2025-2026,20251111,5,WSH,14569,Martin Fehervary,ROSTER,26.0,"6'2""",200.0,Slovakia,Bratislava,False,D,15,1,5,6,1.2,0.33,0.07,0.4,42.0,8.5,0,0,0,0,0,0,0,0,0,0,0,0,0,0.0,3,38,18,5.6,25,14,6,24,24,12,0,0,0,0,0.0,2,4,2,4,0,323,195,63,64,17056,1945,1137,13926,WSH,Metropolitan,Eastern
2025-2026,20251111,3,CAR,56335,Dominick Fensore,ASSIGNED_TO_MINORS,24.0,"5'7""",153.0,USA,"Thornwood, NY",False,D,1,0,0,0,2.0,0.0,0.0,0.0,4.1,0.0,0,0,0,0,0,0,0,0,0,0,0,0,0,0.0,-2,5,2,0.0,3,2,1,1,3,0,0,0,0,0,0.0,0,0,0,0,0,27,15,0,12,1162,46,0,1116,CAR,Metropolitan,Eastern
2025-2026,20251111,26,SJS,17138,Mario Ferraro,ROSTER,27.0,"5'11""",185.0,Canada,"King City, ON",False,D,16,1,3,4,1.12,0.19,0.06,0.25,63.5,4.3,0,0,0,0,0,0,0,0,0,0,0,0,0,0.0,0,42,18,5.6,41,19,5,29,28,20,7,0,0,0,0.0,1,2,1,2,0,377,209,40,129,20045,1725,992,17328,SJS,Pacific,Western
2025-2026,20251111,28,LAK,5438,Kevin Fiala,ROSTER,29.0,"5'10""",193.0,Switzerland,St. Gallen,False,LW,16,7,5,12,3.38,0.31,0.44,0.75,11.8,17.0,2,2,4,6,0,0,0,2,0,0,5,1,1,20.0,-5,98,54,13.0,6,22,22,9,18,24,5,6,1,5,16.7,4,8,3,6,0,320,146,101,80,17906,4335,1964,11907,LAK,Pacific,Western
2025-2026,20251111,1,TBL,28530,Jack Finley,ROSTER,23.0,"6'6""",213.0,USA,"St. Louis, MO",True,C,4,0,0,0,0.75,0.0,0.0,0.0,2.6,8.5,0,0,0,0,0,0,0,0,0,0,0,0,0,0.0,0,3,3,0.0,0,0,0,5,1,0,0,40,16,24,40.0,2,4,2,4,0,61,39,10,12,2034,134,187,1713,TBL,Atlantic,Eastern
2025-2026,20251111,16,DET,142439,Emmitt Finnie,ROSTER,20.0,"6'1""",195.0,Canada,"Lethbridge, AB",True,C,16,4,4,8,1.69,0.25,0.25,0.5,29.4,0.0,1,0,1,1,0,0,0,0,0,0,0,0,0,0.0,5,45,27,14.8,12,5,13,29,17,16,8,11,4,7,36.4,0,0,2,4,0,332,285,33,18,16236,3144,452,12640,DET,Atlantic,Eastern
2025-2026,20251111,143,SEA,17180,Cale Fleury,ROSTER,26.0,"6'1""",205.0,Canada,"Carlyle, SK",False,D,4,0,1,1,0.75,0.25,0.0,0.25,5.5,13.2,0,0,0,0,0,0,0,0,0,0,0,0,0,0.0,0,9,3,0.0,2,3,3,6,7,3,1,0,0,0,0.0,1,5,2,7,1,80,52,13,15,3534,453,0,3081,SEA,Pacific,Western
2025-2026,20251111,2,WPJ,5422,Haydn Fleury,ROSTER,29.0,"6'3""",208.0,Canada,"Regina, SK",False,D,14,0,0,0,0.79,0.0,0.0,0.0,38.1,12.8,0,0,0,0,0,0,0,0,0,0,0,0,0,0.0,-5,26,11,0.0,23,7,8,21,21,11,5,0,0,0,0.0,3,6,0,0,0,286,172,54,60,12984,1257,1978,9749,WPG,,
2025-2026,20251111,28,LAK,14151,Warren Foegele,ROSTER,29.0,"6'2""",198.0,Canada,"Markham, ON",False,LW,11,1,0,1,1.27,0.0,0.09,0.09,7.5,12.8,0,0,0,0,0,0,0,0,0,0,1,0,0,0.0,-1,30,14,7.1,1,8,8,12,9,13,0,9,3,6,33.3,3,6,2,4,0,195,104,51,41,8697,1213,603,6881,LAK,Pacific,Western
2025-2026,20251111,6,PHI,28514,Tyson Foerster,INJURY_LIST,23.0,"6'2""",194.0,Canada,"Alliston, ON",True,RW,11,4,3,7,1.73,0.27,0.36,0.64,13.0,16.3,1,1,0,1,0,0,0,0,0,0,0,0,0,0.0,5,41,19,21.1,7,10,12,9,17,8,3,2,1,1,50.0,2,12,0,0,0,263,184,62,22,12080,2082,549,9449,PHI,Metropolitan,Eastern
2025-2026,20251111,25,MIN,5055,Marcus Foligno,ROSTER,34.0,"6'3""",224.0,USA,"Buffalo, NY",False,LW,16,0,1,1,0.88,0.06,0.0,0.06,44.2,46.5,0,0,0,0,0,0,0,0,0,0,0,0,0,0.0,-10,27,14,0.0,13,6,7,55,10,8,2,3,0,3,0.0,7,25,4,11,1,259,133,59,67,12622,3051,1154,8417,MIN,Central,Western
2025-2026,20251111,20,CHI,4278,Nick Foligno,ROSTER,38.0,"6'0""",208.0,USA,"Buffalo, NY",False,LW,13,0,4,4,0.92,0.31,0.0,0.31,29.0,39.1,0,0,1,1,0,0,0,0,0,0,0,0,0,0.0,-1,23,12,0.0,9,4,7,35,5,5,1,146,76,70,52.1,5,16,4,14,2,277,141,55,78,11196,3099,441,7499,CHI,Central,Western
2025-2026,20251111,21,VAN,5813,Derek Forbort,INJURY_LIST,33.0,"6'4""",219.0,USA,"Duluth, MN",False,D,2,0,0,0,0.5,0.0,0.0,0.0,5.8,4.3,0,0,0,0,0,0,0,0,0,0,0,0,0,0.0,0,1,1,0.0,4,0,0,2,8,5,0,0,0,0,0.0,1,2,0,0,0,39,20,6,13,1672,304,40,1328,VAN,Pacific,Western
2025-2026,20251111,2,WPJ,79680,Parker Ford,ROSTER,25.0,"5'9""",181.0,USA,"Wakefield, RI",True,C,8,0,1,1,0.62,0.12,0.0,0.12,17.8,8.5,0,0,0,0,0,0,0,0,0,0,0,0,0,0.0,-1,13,5,0.0,8,5,3,16,11,0,2,42,19,23,45.2,2,4,1,2,0,110,88,15,7,4797,1307,217,3273,WPG,,
2025-2026,20251111,18,NSH,5210,Filip Forsberg,ROSTER,31.0,"6'1""",205.0,Sweden,Ostervala,False,LW,18,7,7,14,3.17,0.39,0.39,0.78,32.2,17.0,2,0,3,3,0,0,0,0,0,0,1,0,1,100.0,0,113,57,12.3,9,33,23,41,9,20,10,8,2,6,25.0,4,8,8,16,0,384,175,166,51,20506,4265,4873,11533,NSH,Central,Western
2025-2026,20251111,4,FLO,10072,Gustav Forsling,ROSTER,29.0,"6'0""",186.0,Sweden,Linkping,False,D,16,0,7,7,1.31,0.44,0.0,0.44,28.4,4.3,0,0,0,0,0,0,0,0,0,0,0,0,0,0.0,2,54,21,0.0,17,23,10,16,11,12,5,0,0,0,0.0,1,2,4,8,0,433,251,94,88,21500,3634,2228,15638,FLA,,
2025-2026,20251111,17,STL,4800,Cam Fowler,ROSTER,33.0,"6'2""",214.0,Canada,"Windsor, ON",False,D,16,0,6,6,1.56,0.38,0.0,0.38,14.0,8.5,0,0,4,4,0,1,1,0,0,0,0,0,0,0.0,-9,61,25,0.0,11,26,10,2,16,12,2,0,0,0,0.0,2,4,1,2,0,434,231,108,95,21897,4516,1279,16102,STL,Central,Western
2025-2026,20251111,9,NYR,17179,Adam Fox,ROSTER,27.0,"5'11""",181.0,USA,"Jericho, NY",False,D,17,3,10,13,2.12,0.59,0.18,0.76,36.5,17.0,1,1,1,2,0,1,1,1,0,0,0,0,0,0.0,1,96,36,8.3,27,43,18,9,24,21,13,0,0,0,0.0,4,8,2,4,0,439,211,143,68,24467,4846,1782,16902,NYR,Metropolitan,Eastern
2025-2026,20251111,5,WSH,120029,Ethan Frank,ROSTER,27.0,"5'11""",185.0,USA,"Papillion, NE",True,C,4,0,2,2,0.75,0.5,0.0,0.5,4.6,8.5,0,0,1,1,0,0,0,0,0,0,0,0,0,0.0,1,8,3,0.0,3,3,2,2,4,2,0,0,0,0,0.0,2,4,0,0,0,66,53,11,0,2774,821,13,1839,WSH,Metropolitan,Eastern
2025-2026,20251111,24,EDM,9655,Trent Frederic,ROSTER,27.0,"6'2""",203.0,USA,"St. Louis, MO",False,C,17,1,0,1,0.94,0.0,0.06,0.06,31.1,26.0,0,0,0,0,0,0,0,1,0,0,0,0,0,0.0,-5,30,16,6.2,5,8,6,48,14,7,0,37,20,17,54.1,4,11,4,11,1,270,148,83,35,12995,2647,1322,8762,EDM,Pacific,Western
2025-2026,20251111,23,CGY,13642,Morgan Frost,ROSTER,26.0,"5'11""",170.0,Canada,"Barrie, ON",False,C,17,3,5,8,1.65,0.29,0.18,0.47,16.9,25.6,1,0,3,3,0,0,0,0,0,0,2,0,1,50.0,1,49,28,10.7,9,12,9,12,6,9,3,236,127,109,53.8,6,12,2,4,0,330,173,81,80,16317,3416,1423,11666,CGY,Pacific,Western
2025-2026,20251111,4,FLO,13855,Jonah Gadjovich,ROSTER,27.0,"6'2""",200.0,Canada,"Whitby, ON",False,LW,10,0,3,3,0.8,0.3,0.0,0.3,19.3,17.4,0,0,0,0,0,0,0,0,0,0,0,0,0,0.0,2,12,8,0.0,3,4,0,30,10,3,3,0,0,0,0.0,2,7,1,5,1,112,78,30,4,4766,977,768,3021,FLA,,
2025-2026,20251111,14,MTL,5149,Brendan Gallagher,ROSTER,33.0,"5'9""",186.0,Canada,"Edmonton, AB",False,RW,15,0,7,7,1.27,0.47,0.0,0.47,9.6,12.8,0,0,1,1,0,0,0,0,0,0,0,0,0,0.0,3,35,19,0.0,1,11,5,16,14,6,3,2,2,0,100.0,3,6,2,4,0,262,141,64,57,11860,3693,958,7209,MTL,Atlantic,Eastern
2025-2026,20251111,21,VAN,5718,Conor Garland,ROSTER,29.0,"5'10""",165.0,USA,"Scituate, MA",False,RW,14,4,8,12,2.79,0.57,0.29,0.86,12.4,12.8,1,0,4,4,0,0,0,1,0,0,1,0,0,0.0,5,68,39,10.3,7,12,17,8,23,16,5,12,4,8,33.3,3,6,4,8,0,323,136,80,111,17408,3248,998,13162,VAN,Pacific,Western
2025-2026,20251111,8,NYI,53056,Marc Gatcomb,ASSIGNED_TO_MINORS,26.0,"6'2""",194.0,USA,"Woburn, MA",True,C,1,0,0,0,1.0,0.0,0.0,0.0,3.7,0.0,0,0,0,0,0,0,0,0,0,0,0,0,0,0.0,0,1,1,0.0,0,0,0,7,1,0,0,0,0,0,0.0,0,0,0,0,0,12,4,0,8,513,59,0,454,NYI,Metropolitan,Eastern
2025-2026,20251111,6,PHI,120274,Jacob Gaucher,ASSIGNED_TO_MINORS,24.0,"6'3""",185.0,Canada,"Longueuil, QC",True,C,3,0,0,0,1.0,0.0,0.0,0.0,2.2,0.0,0,0,0,0,0,0,0,0,0,0,0,0,0,0.0,-1,4,3,0.0,1,0,1,2,1,2,0,19,9,10,47.4,0,0,1,2,0,38,28,2,8,1578,205,120,1253,PHI,Metropolitan,Eastern
2025-2026,20251111,26,SJS,5737,Adam Gaudette,ROSTER,29.0,"6'1""",170.0,USA,"Braintree, MA",False,RW,12,4,1,5,1.42,0.08,0.33,0.42,4.7,17.0,1,1,0,1,0,0,0,1,0,0,0,0,0,0.0,-4,31,17,23.5,0,8,6,9,12,5,3,60,30,30,50.0,4,8,1,2,0,181,99,41,45,7822,1309,564,5949,SJS,Pacific,Western
2025-2026,20251111,143,SEA,10097,Frederick Gaudreau,ROSTER,32.0,"6'0""",179.0,Canada,"Granby, QC",False,C,4,0,1,1,0.75,0.25,0.0,0.25,6.9,0.0,0,0,0,0,0,0,0,0,0,0,0,0,0,0.0,0,6,3,0.0,5,2,1,2,3,3,0,51,18,33,35.3,0,0,1,2,0,82,33,26,23,3088,708,311,2069,SEA,Pacific,Western
2025-2026,20251111,29,ANA,56588,Cutter Gauthier,ROSTER,21.0,"6'3""",200.0,,"Skellefteå, Sweden",False,LW,15,11,9,20,4.6,0.6,0.73,1.33,13.9,21.3,3,3,1,4,0,0,0,1,0,0,0,0,0,0.0,12,116,69,15.9,6,26,20,13,20,11,2,28,13,15,46.4,5,10,3,6,0,333,217,36,92,16232,1677,217,14306,ANA,Pacific,Western
2025-2026,20251111,9,NYR,5754,Vladislav Gavrikov,ROSTER,29.0,"6'3""",213.0,Russia,Yaroslavl,True,D,17,2,3,5,1.53,0.18,0.12,0.29,31.5,21.3,0,0,0,0,0,0,0,0,0,0,0,0,0,0.0,5,65,26,7.7,25,26,13,4,22,13,5,0,0,0,0.0,5,10,3,6,0,442,216,76,134,23112,1880,1316,19132,NYR,Metropolitan,Eastern
2025-2026,20251111,1,TBL,43380,Conor Geekie,ASSIGNED_TO_MINORS,21.0,"6'3""",196.0,Canada,"Strathclair, MB",True,C,6,0,1,1,0.83,0.17,0.0,0.17,13.8,8.5,0,0,0,0,0,0,0,0,0,0,0,0,0,0.0,0,12,5,0.0,5,3,4,15,7,5,0,21,8,13,38.1,2,4,1,2,0,88,69,18,1,3609,818,167,2624,TBL,Atlantic,Eastern
2025-2026,20251111,11,BOS,17978,Morgan Geekie,ROSTER,27.0,"6'3""",202.0,Canada,"Strathclair, MB",False,C,17,11,4,15,2.29,0.24,0.65,0.88,21.8,12.8,3,2,2,4,0,0,0,1,0,0,0,0,0,0.0,-5,70,39,28.2,6,15,16,28,22,12,5,41,24,17,58.5,3,6,7,14,0,346,184,129,44,18240,4301,2580,11359,BOS,Atlantic,Eastern
2025-2026,20251111,15,BUF,18139,Mason Geertsen,ROSTER,30.0,"6'4""",205.0,Canada,"Drayton Valley, AB",False,LW,5,0,0,0,0.2,0.0,0.0,0.0,4.2,16.3,0,0,0,0,0,0,0,0,0,0,0,0,0,0.0,-1,2,1,0.0,0,1,0,8,5,0,0,0,0,0,0.0,2,12,0,0,0,34,22,4,8,1236,240,71,925,BUF,Atlantic,Eastern
2025-2026,20251111,26,SJS,51603,Patrick Giles,ROSTER,25.0,"6'4""",201.0,USA,"Chevy Chase, MD",True,RW,3,0,1,1,0.67,0.33,0.0,0.33,3.9,0.0,0,0,0,0,0,0,0,0,0,0,0,0,0,0.0,1,5,2,0.0,2,3,0,3,3,1,0,15,9,6,60.0,0,0,0,0,0,38,21,12,5,1596,255,30,1311,SJS,Pacific,Western
2025-2026,20251111,6,PHI,14573,Adam Ginning,ROSTER,25.0,"6'4""",206.0,Sweden,Linköping,True,D,5,0,0,0,0.4,0.0,0.0,0.0,8.0,0.0,0,0,0,0,0,0,0,0,0,0,0,0,0,0.0,0,9,2,0.0,5,4,3,4,6,5,0,0,0,0,0.0,0,0,0,0,0,101,65,8,28,4602,418,47,4137,PHI,Metropolitan,Eastern
2025-2026,20251111,22,COL,13692,Samuel Girard,ROSTER,27.0,"5'10""",170.0,Canada,"Roberval, QC",False,D,2,0,0,0,1.0,0.0,0.0,0.0,5.1,0.0,0,0,0,0,0,0,0,0,0,0,0,0,0,0.0,1,6,2,0.0,3,4,0,3,6,1,1,0,0,0,0.0,0,0,0,0,0,49,34,6,9,2256,468,171,1617,COL,Central,Western
2025-2026,20251111,1,TBL,5254,Zemgus Girgensons,ROSTER,31.0,"6'2""",211.0,Latvia,Riga,False,C,8,2,1,3,0.88,0.12,0.25,0.38,21.0,8.5,0,0,0,0,0,0,0,0,0,0,0,0,0,0.0,-2,16,7,28.6,8,5,4,22,12,5,1,53,26,27,49.1,2,4,0,0,0,181,87,59,37,7212,2074,518,4620,TBL,Atlantic,Eastern
2025-2026,20251111,13,OTT,4394,Claude Giroux,ROSTER,37.0,"5'11""",185.0,Canada,"Hearst, ON",False,RW,16,3,8,11,1.75,0.5,0.19,0.69,11.5,8.5,1,0,3,3,0,0,0,1,0,0,0,0,0,0.0,4,45,28,10.7,4,8,9,13,3,16,5,112,74,38,66.1,2,4,2,4,0,385,193,88,107,15729,5009,821,9899,OTT,Atlantic,Eastern
2025-2026,20251111,7,NJD,13621,Cody Glass,ROSTER,26.0,"6'2""",192.0,Canada,"Winnipeg, MB",False,C,9,3,0,3,2.0,0.0,0.33,0.33,7.5,12.8,1,1,0,1,0,0,0,0,0,0,0,0,0,0.0,0,25,18,16.7,5,3,4,3,9,8,0,92,43,49,46.7,3,6,3,6,0,167,85,39,46,6944,1127,212,5605,NJD,Metropolitan,Eastern
2025-2026,20251111,7,NJD,5268,Luke Glendening,ROSTER,36.0,"5'11""",191.0,USA,"Grand Rapids, MI",False,C,16,0,3,3,0.62,0.19,0.0,0.19,29.2,4.3,0,0,0,0,0,1,1,0,0,0,0,0,0,0.0,-3,16,10,0.0,15,2,4,22,12,6,1,184,96,88,52.2,1,2,0,0,0,261,111,84,66,9865,1905,720,7240,NJD,Metropolitan,Eastern
2025-2026,20251111,1,TBL,28531,Gage Goncalves,ROSTER,24.0,"6'0""",165.0,Canada,"Mission, BC",True,C,15,1,4,5,0.67,0.27,0.07,0.33,22.4,8.5,0,0,1,1,0,0,0,0,0,0,0,0,0,0.0,3,28,10,10.0,11,10,8,18,19,10,3,7,2,5,28.6,2,4,4,8,0,247,159,44,46,10971,1816,359,8795,TBL,Atlantic,Eastern
2025-2026,20251111,26,SJS,5476,Barclay Goodrow,ROSTER,32.0,"6'2""",215.0,Canada,"Aurora, ON",False,C,16,0,1,1,0.94,0.06,0.0,0.06,26.1,0.0,0,0,0,0,0,0,0,0,0,0,0,0,0,0.0,-4,23,15,0.0,11,4,4,25,12,7,3,9,3,6,33.3,0,0,1,2,0,264,118,76,70,11200,1988,1284,7928,SJS,Pacific,Western
2025-2026,20251111,3,CAR,5440,Shayne Gostisbehere,ROSTER,32.0,"5'11""",180.0,USA,"Margate, FL",False,D,6,1,6,7,1.0,1.0,0.17,1.17,10.5,4.3,0,0,1,1,0,0,0,0,0,0,0,0,0,0.0,8,19,6,16.7,8,10,3,2,4,3,2,0,0,0,0.0,1,2,1,2,0,108,63,20,27,5246,1337,337,3536,CAR,Metropolitan,Eastern
2025-2026,20251111,1,TBL,5890,Yanni Gourde,ROSTER,33.0,"5'9""",173.0,Canada,"Saint-Narcisse, QC",False,C,15,3,1,4,1.8,0.07,0.2,0.27,19.2,14.7,1,0,0,0,0,0,0,0,0,0,0,0,0,0.0,2,40,27,11.1,6,4,9,23,21,16,2,131,53,78,40.5,3,8,2,4,0,327,155,79,96,14412,3155,1190,10067,TBL,Atlantic,Eastern
2025-2026,20251111,26,SJS,133812,Collin Graf,ROSTER,23.0,"6'0""",180.0,USA,"Lincoln, MA",True,RW,15,1,4,5,0.67,0.27,0.07,0.33,21.9,0.0,0,0,0,0,1,1,2,0,0,0,0,0,0,0.0,-2,28,10,10.0,11,12,6,17,10,9,4,2,1,1,50.0,0,0,2,4,0,287,218,13,57,13406,1746,48,11612,SJS,Pacific,Western
2025-2026,20251111,29,ANA,5126,Mikael Granlund,ROSTER,33.0,"5'10""",185.0,Finland,Oulu,False,C,8,2,6,8,2.38,0.75,0.25,1.0,5.1,8.5,0,1,1,2,0,0,0,0,0,0,0,0,0,0.0,2,33,19,10.5,3,4,10,3,6,6,3,129,67,62,51.9,2,4,4,8,0,168,82,48,41,8301,2652,357,5325,ANA,Pacific,Western
2025-2026,20251111,10,PIT,15450,Ryan Graves,ROSTER,30.0,"6'5""",220.0,Canada,"Yarmouth, NS",False,D,3,1,0,1,2.67,0.0,0.33,0.33,6.4,4.3,0,0,0,0,0,0,0,0,0,0,0,0,0,0.0,1,12,8,12.5,5,3,1,1,6,4,0,0,0,0,0.0,1,2,1,2,0,56,32,10,15,2778,467,323,1988,PIT,Metropolitan,Eastern
2025-2026,20251111,6,PHI,56677,Nikita Grebenkin,ROSTER,22.0,"6'2""",183.0,Russia,Serov,False,RW,11,1,2,3,0.45,0.18,0.09,0.27,11.3,33.8,0,0,0,0,0,0,0,0,0,0,0,0,0,0.0,-3,15,5,20.0,2,7,3,17,19,7,2,2,2,0,100.0,4,19,3,9,1,139,114,14,12,6159,757,91,5311,PHI,Metropolitan,Eastern
2025-2026,20251111,20,CHI,56365,Ryan Greene,ROSTER,22.0,"6'1""",179.0,Canada,"Paradise, NL and Labrador",False,C,16,1,2,3,0.56,0.12,0.06,0.19,7.2,4.3,0,0,0,0,0,0,0,0,0,0,0,0,0,0.0,4,17,9,11.1,3,5,3,7,8,6,4,125,55,70,44.0,1,2,1,2,0,322,185,36,99,13520,1263,177,11808,CHI,Central,Western
2025-2026,20251111,15,BUF,14152,Jordan Greenway,ROSTER,28.0,"6'6""",225.0,USA,"Canton, NY",False,LW,5,0,1,1,1.4,0.2,0.0,0.2,7.0,26.0,0,0,0,0,0,0,0,0,0,0,0,0,0,0.0,-3,10,7,0.0,1,1,2,11,3,1,1,8,4,4,50.0,4,11,3,9,1,101,48,15,38,4342,961,103,3278,BUF,Atlantic,Eastern
2025-2026,20251111,4,FLO,5634,Anthony-John Greer,ROSTER,28.0,"6'3""",204.0,Canada,"Joliette, QC",False,LW,16,3,2,5,0.56,0.12,0.19,0.31,32.1,48.1,1,0,0,0,0,0,0,0,0,0,0,0,0,0.0,1,19,9,33.3,4,4,6,52,13,7,0,7,2,5,28.6,5,19,4,17,3,197,106,44,50,8611,1483,300,6828,FLA,,
2025-2026,20251111,4,FLO,15118,Noah Gregor,ROSTER,27.0,"6'0""",185.0,Canada,"Beaumont, AB",False,LW,5,0,0,0,1.2,0.0,0.0,0.0,3.8,4.3,0,0,0,0,0,0,0,0,0,0,0,0,0,0.0,-1,9,6,0.0,1,1,2,5,2,1,0,0,0,0,0.0,1,2,0,0,0,58,37,12,9,2540,475,22,2043,FLA,,
2025-2026,20251111,13,OTT,28535,Ridly Greig,ROSTER,23.0,"6'0""",181.0,Canada,"Lethbridge, AB",True,C,16,2,5,7,1.5,0.31,0.12,0.44,24.5,31.8,0,0,2,2,0,0,0,0,0,0,0,0,0,0.0,-2,44,24,8.3,11,12,8,22,26,7,3,105,62,43,59.0,7,16,6,12,0,394,227,67,102,16700,2864,732,13104,OTT,Atlantic,Eastern
2025-2026,20251111,23,CGY,142358,Matvei Gridin,ASSIGNED_TO_MINORS,,,,,,False,RW,4,1,0,1,2.25,0.0,0.25,0.25,4.1,0.0,0,0,0,0,0,0,0,0,0,0,1,0,0,0.0,-3,15,9,11.1,3,4,2,1,4,6,2,4,0,4,0.0,0,0,0,0,0,76,68,8,1,3532,574,41,2917,CGY,Pacific,Western
2025-2026,20251111,7,NJD,56524,Arseni Gritsyuk,ROSTER,24.0,"5'10""",168.0,Russia,Krasnoyarsk,False,RW,16,3,4,7,2.12,0.25,0.19,0.44,12.4,8.5,1,1,1,2,0,0,0,0,0,0,0,0,0,0.0,0,61,34,8.8,2,12,15,19,20,7,6,6,4,2,66.7,2,4,1,2,0,289,201,56,35,13400,1785,813,10802,NJD,Metropolitan,Eastern
2025-2026,20251111,6,PHI,15134,Carl Grundstrom,ROSTER,27.0,"6'0""",201.0,Sweden,Umeå,False,RW,1,0,0,0,0.0,0.0,0.0,0.0,2.2,0.0,0,0,0,0,0,0,0,0,0,0,0,0,0,0.0,0,1,0,0.0,1,0,1,2,3,1,0,0,0,0,0.0,0,0,0,0,0,15,7,4,4,617,113,108,396,PHI,Metropolitan,Eastern
2025-2026,20251111,20,CHI,11572,Matt Grzelcyk,ROSTER,31.0,"5'9""",174.0,USA,"Charlestown, MA",False,D,16,0,4,4,1.31,0.25,0.0,0.25,16.2,4.3,0,0,0,0,0,0,0,0,0,0,0,0,0,0.0,11,36,21,0.0,12,8,7,4,17,11,4,0,0,0,0.0,1,2,1,2,0,326,165,68,91,14503,2418,869,10972,CHI,Central,Western
2025-2026,20251111,29,ANA,5185,Radko Gudas,ROSTER,35.0,"6'0""",205.0,Czech Republic,Prague,False,D,7,0,2,2,1.14,0.29,0.0,0.29,26.2,4.3,0,0,0,0,0,0,0,0,0,0,0,0,0,0.0,-5,16,8,0.0,12,4,4,23,9,6,2,0,0,0,0.0,1,2,0,0,0,141,83,13,46,6543,1319,409,4782,ANA,Pacific,Western
2025-2026,20251111,19,CBJ,4988,Erik Gudbranson,ROSTER,33.0,"6'5""",217.0,Canada,"Ottawa, ON",False,D,4,0,0,0,0.75,0.0,0.0,0.0,3.8,12.8,0,0,0,0,0,0,0,0,0,0,0,0,0,0.0,-2,7,3,0.0,1,3,1,5,4,3,1,0,0,0,0.0,3,6,0,0,0,75,36,8,28,3562,700,350,2303,CBJ,Metropolitan,Eastern
2025-2026,20251111,30,UTA,33436,Dylan Guenther,ROSTER,22.0,"6'2""",175.0,Canada,"Edmonton, AB",True,RW,16,6,7,13,3.25,0.44,0.38,0.81,13.8,12.8,2,1,2,3,0,0,0,4,0,2,0,0,0,0.0,1,100,52,11.5,5,21,27,15,26,17,3,13,5,8,38.5,3,6,5,10,0,340,211,27,108,17233,2838,245,14150,UTA,Central,Western
2025-2026,20251111,1,TBL,11327,Jake Guentzel,ROSTER,31.0,"5'11""",180.0,USA,"Omaha, NE",False,C,15,6,9,15,2.73,0.6,0.4,1.0,14.4,8.5,2,1,3,4,0,0,0,1,0,0,0,0,0,0.0,0,62,41,14.6,10,8,13,5,12,12,5,60,32,28,53.3,2,4,2,4,0,360,169,113,84,18736,5004,2880,10815,TBL,Atlantic,Eastern
2025-2026,20251111,14,MTL,28518,Kaiden Guhle,ROSTER,23.0,"6'2""",205.0,Canada,"Sherwood Park, AB",True,D,5,1,1,2,1.4,0.2,0.2,0.4,14.3,17.4,0,0,0,0,0,0,0,1,0,0,0,0,0,0.0,1,13,7,14.3,5,5,1,16,12,7,3,0,0,0,0.0,2,7,3,9,1,103,63,14,28,5772,629,59,5084,MTL,Atlantic,Eastern
2025-2026,20251111,1,TBL,17379,Brandon Hagel,ROSTER,27.0,"6'0""",175.0,Canada,"Saskatoon, SK",True,LW,15,7,7,14,2.93,0.47,0.47,0.93,15.2,21.3,2,1,2,3,0,0,0,2,0,0,0,0,0,0.0,5,102,44,15.9,8,21,37,11,24,20,7,7,2,5,28.6,5,10,7,14,0,380,213,120,55,18576,4680,2355,11569,TBL,Atlantic,Eastern
2025-2026,20251111,18,NSH,14446,Nicolas Hague,ROSTER,26.0,"6'6""",221.0,Canada,"Kitchener, ON",False,D,10,1,2,3,0.7,0.2,0.1,0.3,19.5,12.8,0,0,0,0,0,0,0,0,0,0,0,0,0,0.0,-4,29,7,14.3,9,13,9,17,17,8,1,0,0,0,0.0,3,6,0,0,0,238,127,38,74,12060,1818,751,9491,NSH,Central,Western
2025-2026,20251111,25,MIN,53028,Hunter Haight,ASSIGNED_TO_MINORS,21.0,"5'11""",174.0,Canada,"Strathroy, ON",True,C,2,0,0,0,0.0,0.0,0.0,0.0,1.1,0.0,0,0,0,0,0,0,0,0,0,0,0,0,0,0.0,-2,0,0,0.0,0,0,0,2,4,0,0,16,7,9,43.8,0,0,0,0,0,24,16,0,8,1124,111,0,1013,MIN,Central,Western
2025-2026,20251111,3,CAR,4846,Taylor Hall,ROSTER,33.0,"6'1""",205.0,Canada,"Calgary, AB",False,LW,15,3,5,8,1.67,0.33,0.2,0.53,11.8,21.3,1,0,0,0,0,0,0,0,0,0,0,0,0,0.0,5,55,25,12.0,6,14,16,9,31,12,5,9,4,5,44.4,5,10,5,10,0,265,140,70,58,12689,4023,546,8120,CAR,Metropolitan,Eastern
2025-2026,20251111,10,PIT,14581,Filip Hallander,ROSTER,25.0,"6'2""",188.0,Sweden,Sundsvall,True,C,13,1,3,4,1.69,0.23,0.08,0.31,7.5,4.3,0,0,0,0,1,0,1,1,0,0,0,0,0,0.0,4,47,22,4.5,5,13,12,3,11,12,2,2,0,2,0.0,1,2,3,6,0,234,140,56,39,10251,2053,813,7385,PIT,Metropolitan,Eastern
2025-2026,20251111,7,NJD,53065,Brian Halonen,ROSTER,26.0,"6'0""",205.0,USA,"Delano, MN",True,LW,9,1,0,1,0.44,0.0,0.11,0.11,11.8,13.2,0,0,0,0,0,0,0,1,0,0,0,0,0,0.0,-1,11,4,25.0,2,3,4,18,9,2,2,0,0,0,0.0,1,5,1,5,1,96,80,16,1,4051,1215,211,2625,NJD,Metropolitan,Eastern
2025-2026,20251111,7,NJD,4994,Dougie Hamilton,ROSTER,32.0,"6'6""",229.0,Canada,"Toronto, ON",False,D,14,4,3,7,2.5,0.21,0.29,0.5,29.1,14.7,1,2,2,4,0,0,0,1,0,0,0,0,0,0.0,1,81,35,11.4,18,28,18,15,17,25,2,0,0,0,0.0,3,8,1,2,0,350,183,46,125,17623,4577,661,12385,NJD,Metropolitan,Eastern
2025-2026,20251111,16,DET,4915,Travis Hamonic,ROSTER,35.0,"6'2""",205.0,Canada,"St. Malo, MB",False,D,9,0,1,1,1.11,0.11,0.0,0.11,15.6,34.9,0,0,0,0,0,0,0,0,0,0,0,0,0,0.0,-2,17,10,0.0,11,6,1,5,15,8,1,0,0,0,0.0,4,14,2,10,2,181,101,31,49,7499,1616,444,5439,DET,Atlantic,Eastern
2025-2026,20251111,142,VGK,5600,Noah Hanifin,ROSTER,28.0,"6'3""",215.0,USA,"Boston, MA",False,D,5,0,2,2,3.2,0.4,0.0,0.4,8.0,0.0,0,0,0,0,0,0,0,0,0,0,0,0,0,0.0,-3,36,16,0.0,5,14,6,4,10,7,4,0,0,0,0.0,0,0,1,2,0,134,74,27,33,7089,397,370,6322,VGK,Pacific,Western
2025-2026,20251111,23,CGY,8966,Joel Hanley,ROSTER,34.0,"5'11""",190.0,Canada,"Keswick, ON",False,D,17,0,3,3,0.65,0.18,0.0,0.18,36.8,26.0,0,0,0,0,0,0,0,0,0,0,0,0,0,0.0,-4,38,11,0.0,25,15,12,14,37,18,4,0,0,0,0.0,4,11,1,5,1,455,234,99,122,17279,2085,1789,13405,CGY,Pacific,Western
2025-2026,20251111,29,ANA,14456,Jansen Harkins,ROSTER,28.0,"6'1""",183.0,USA,"North Vancouver, BC, Canada",True,C,6,1,0,1,0.67,0.0,0.17,0.17,13.0,4.3,0,0,0,0,0,0,0,0,0,0,0,0,0,0.0,0,7,4,25.0,3,2,1,18,4,1,2,39,18,21,46.2,1,2,2,4,0,84,48,23,14,3357,647,203,2507,ANA,Pacific,Western
2025-2026,20251111,27,DAL,20433,Thomas Harley,ROSTER,24.0,"6'3""",188.0,USA,"Syracuse, NY",True,D,16,1,8,9,1.12,0.5,0.06,0.56,51.9,17.0,0,0,3,3,0,0,0,0,0,0,0,0,0,0.0,-7,60,18,5.6,41,30,12,7,26,20,6,0,0,0,0.0,4,8,2,4,0,394,245,83,62,22087,3625,1425,16767,DAL,Central,Western
2025-2026,20251111,11,BOS,38615,Jordan Harris,ROSTER,25.0,"5'11""",189.0,USA,"Haverhill, MA",True,D,5,1,1,2,1.8,0.2,0.2,0.4,5.6,0.0,0,0,0,0,0,0,0,0,0,0,0,0,0,0.0,0,12,9,11.1,3,1,2,4,15,5,1,0,0,0,0.0,0,0,0,0,0,106,72,18,17,4689,1056,345,3288,BOS,Atlantic,Eastern
2025-2026,20251111,25,MIN,5522,Ryan Hartman,ROSTER,31.0,"6'0""",189.0,USA,"Hilton Head Island, SC",False,RW,17,4,2,6,2.35,0.12,0.24,0.35,27.4,8.5,1,1,0,1,0,0,0,1,0,0,0,0,0,0.0,-5,88,40,10.0,17,22,26,14,21,12,9,224,98,126,43.8,2,4,6,12,0,290,141,115,38,16671,3066,2675,10930,MIN,Central,Western
2025-2026,20251111,6,PHI,5926,Garnet Hathaway,ROSTER,33.0,"6'3""",210.0,USA,"Naples, FL",False,RW,15,0,0,0,0.47,0.0,0.0,0.0,43.5,43.0,0,0,0,0,0,0,0,0,0,0,0,0,0,0.0,-7,13,7,0.0,11,2,4,58,19,7,1,4,4,0,100.0,8,19,8,19,1,221,111,41,69,8873,1753,455,6665,PHI,Metropolitan,Eastern
2025-2026,20251111,18,NSH,5301,Erik Haula,ROSTER,34.0,"6'0""",193.0,Finland,Pori,False,LW,18,3,7,10,1.28,0.39,0.17,0.56,22.4,38.3,1,1,2,3,0,0,0,0,0,0,1,0,1,100.0,-4,46,23,13.0,7,13,10,27,13,13,6,197,101,96,51.3,9,18,1,2,0,386,178,117,95,17357,4469,1178,11868,NSH,Central,Western
2025-2026,20251111,143,SEA,12273,John Hayden,ASSIGNED_TO_MINORS,30.0,"6'3""",215.0,USA,"Chicago, IL",False,C,3,0,0,0,0.67,0.0,0.0,0.0,6.0,4.3,0,0,0,0,0,0,0,0,0,0,0,0,0,0.0,-1,5,2,0.0,2,2,1,7,0,2,1,15,6,9,40.0,1,2,0,0,0,42,19,11,12,1814,490,44,1280,SEA,Pacific,Western
2025-2026,20251111,10,PIT,5461,Kevin Hayes,ROSTER,33.0,"6'5""",216.0,USA,"Boston, MA",False,RW,2,0,0,0,1.0,0.0,0.0,0.0,3.2,0.0,0,0,0,0,0,0,0,0,0,0,0,0,0,0.0,0,3,2,0.0,0,0,1,6,1,2,0,8,2,6,25.0,0,0,0,0,0,29,16,12,1,1283,233,134,916,PIT,Metropolitan,Eastern
2025-2026,20251111,30,UTA,14528,Barrett Hayton,ROSTER,25.0,"6'1""",190.0,Canada,"Kitchener, ON",False,C,14,2,2,4,1.57,0.14,0.14,0.29,7.6,12.8,0,0,0,0,0,0,0,0,0,0,0,0,0,0.0,3,39,22,9.1,6,5,12,1,13,10,4,153,80,73,52.3,3,6,3,6,0,299,190,78,33,13472,2493,1098,9881,UTA,Central,Western
2025-2026,20251111,1,TBL,4685,Victor Hedman,ROSTER,34.0,"6'6""",229.0,Sweden,Ornskoldsvik,False,D,15,0,12,12,1.53,0.8,0.0,0.8,36.6,8.5,0,0,6,6,0,0,0,0,0,0,0,0,0,0.0,1,73,23,0.0,28,26,24,7,10,25,5,0,0,0,0.0,2,4,5,10,0,392,215,58,119,20336,6813,1204,12319,TBL,Atlantic,Eastern
2025-2026,20251111,8,NYI,30049,Emil Heineman,ROSTER,23.0,"6'1""",185.0,Sweden,Leksand,True,LW,16,6,4,10,2.25,0.25,0.38,0.62,39.8,17.0,2,1,0,1,0,0,0,0,0,0,0,0,0,0.0,6,71,36,16.7,7,16,19,60,27,9,3,4,3,1,75.0,4,8,1,2,0,308,234,50,30,13825,2448,412,10965,NYI,Metropolitan,Eastern
2025-2026,20251111,10,PIT,10076,Danton Heinen,ROSTER,30.0,"6'1""",188.0,Canada,"Langley, BC",False,LW,3,0,0,0,1.67,0.0,0.0,0.0,5.2,4.3,0,0,0,0,0,0,0,0,0,0,0,0,0,0.0,-1,8,5,0.0,4,2,1,1,2,0,0,4,2,2,50.0,1,2,0,0,0,51,28,12,11,2124,314,284,1526,PIT,Metropolitan,Eastern
2025-2026,20251111,27,DAL,13618,Miro Heiskanen,ROSTER,26.0,"6'1""",190.0,Finland,Espoo,False,D,16,3,11,14,2.25,0.69,0.19,0.88,35.0,12.8,1,1,5,6,0,0,0,1,0,0,0,0,0,0.0,-5,66,36,8.3,28,19,11,4,40,19,10,0,0,0,0.0,3,6,7,14,0,396,216,122,54,24334,6094,1876,16051,DAL,Central,Western
2025-2026,20251111,28,LAK,37992,Samuel Helenius,ROSTER,22.0,"6'6""",201.0,Finland,Järvenpää,True,C,2,0,0,0,1.0,0.0,0.0,0.0,5.9,0.0,0,0,0,0,0,0,0,0,0,0,0,0,0,0.0,-1,3,2,0.0,1,0,1,9,1,1,0,11,3,8,27.3,0,0,0,0,0,25,23,0,2,1100,106,0,994,LAK,Pacific,Western
2025-2026,20251111,29,ANA,38013,Drew Helleson,ROSTER,24.0,"6'3""",205.0,USA,"Farmington, MN",True,D,15,2,6,8,1.07,0.4,0.13,0.53,27.1,0.0,0,0,0,0,0,2,2,0,0,0,0,0,0,0.0,1,41,16,12.5,15,19,6,18,25,13,5,0,0,0,0.0,0,0,2,4,0,389,149,42,200,17357,1177,306,15874,ANA,Pacific,Western
2025-2026,20251111,24,EDM,4983,Adam Henrique,ROSTER,35.0,"6'0""",195.0,Canada,"Brantford, ON",False,C,17,2,4,6,1.53,0.24,0.12,0.35,30.7,4.3,0,0,1,1,0,0,0,0,0,0,0,0,0,0.0,-6,39,26,7.7,23,6,7,7,8,14,4,157,93,64,59.2,1,2,0,0,0,317,156,69,87,14012,4146,612,8999,EDM,Pacific,Western
2025-2026,20251111,142,VGK,5255,Tomas Hertl,ROSTER,31.0,"6'2""",215.0,Czech Republic,Prague,False,C,15,6,6,12,2.73,0.4,0.4,0.8,15.9,17.0,2,3,1,4,0,0,0,1,0,0,0,0,0,0.0,2,76,41,14.6,5,19,16,19,13,10,4,255,160,95,62.7,4,8,4,10,0,307,135,87,91,16276,4455,1514,10212,VGK,Pacific,Western
2025-2026,20251111,25,MIN,5841,Vincent Hinostroza,ROSTER,31.0,"5'9""",173.0,USA,"Chicago, IL",False,C,17,2,3,5,0.94,0.18,0.12,0.29,14.3,8.5,0,0,1,1,0,0,0,1,0,0,0,0,0,0.0,-5,42,16,12.5,5,13,13,16,17,13,6,16,9,7,56.2,2,4,5,12,0,236,97,83,58,12227,2774,1157,8296,MIN,Central,Western
2025-2026,20251111,27,DAL,5643,Roope Hintz,ROSTER,28.0,"6'3""",220.0,Finland,Tampere,False,C,11,3,8,11,3.27,0.73,0.27,1.0,9.6,4.3,1,1,5,6,0,0,0,0,0,0,0,0,0,0.0,-3,51,36,8.3,5,3,12,7,6,11,0,182,102,80,56.0,1,2,1,2,0,269,113,76,83,12338,2889,672,8777,DAL,Central,Western
2025-2026,20251111,7,NJD,13616,Nico Hischier,ROSTER,26.0,"6'1""",175.0,Switzerland,Naters,False,C,16,3,8,11,1.88,0.5,0.19,0.69,26.6,8.5,1,0,3,3,0,0,0,0,0,0,0,0,0,0.0,4,68,30,10.0,19,23,15,8,8,14,8,325,173,152,53.2,2,4,4,8,0,397,191,87,122,19841,3635,1051,15155,NJD,Metropolitan,Eastern
2025-2026,20251111,13,OTT,38443,Hayden Hodgson,ROSTER,29.0,"6'2""",207.0,Canada,"Windsor, ON",True,RW,1,0,0,0,0.0,0.0,0.0,0.0,1.6,0.0,0,0,0,0,0,0,0,0,0,0,0,0,0,0.0,-1,0,0,0.0,0,0,0,3,0,0,0,0,0,0,0.0,0,0,0,0,0,12,6,5,1,415,103,68,244,OTT,Atlantic,Eastern
2025-2026,20251111,17,STL,30060,Dylan Holloway,ROSTER,24.0,"6'1""",203.0,Canada,"Calgary, AB",True,LW,16,3,4,7,2.19,0.25,0.19,0.44,39.6,8.5,1,0,1,1,0,0,0,0,0,0,0,0,0,0.0,-7,71,35,8.6,14,26,10,44,27,14,3,7,4,3,57.1,2,4,4,8,0,344,222,89,36,18116,4362,2180,11574,STL,Central,Western
2025-2026,20251111,1,TBL,39074,Pontus Holmberg,ROSTER,26.0,"5'10""",175.0,Sweden,Västerås,True,RW,15,1,4,5,1.0,0.27,0.07,0.33,17.7,21.3,0,0,0,0,0,0,0,1,0,0,0,0,0,0.0,1,31,15,6.7,7,7,9,18,21,8,2,35,11,24,31.4,5,10,6,12,0,271,159,75,38,11157,2069,707,8381,TBL,Atlantic,Eastern
2025-2026,20251111,8,NYI,18114,Simon Holmstrom,ROSTER,24.0,"6'0""",193.0,Sweden,Tranas,False,RW,16,4,5,9,1.06,0.31,0.25,0.56,22.1,4.3,1,0,0,0,1,1,2,1,0,0,2,0,1,50.0,-5,38,17,23.5,17,9,12,4,14,11,3,3,1,2,33.3,1,2,2,4,0,329,192,72,70,14537,2117,1131,11364,NYI,Metropolitan,Eastern
2025-2026,20251111,142,VGK,30063,Alexander Holtz,ROSTER,23.0,"6'0""",192.0,Sweden,Stockholm,True,RW,7,0,0,0,1.71,0.0,0.0,0.0,4.6,10.5,0,0,0,0,0,0,0,0,0,0,0,0,0,0.0,-1,24,12,0.0,3,5,7,2,7,4,0,2,0,2,0.0,2,6,1,2,0,111,82,28,1,4765,1475,252,3038,VGK,Pacific,Western
2025-2026,20251111,23,CGY,111747,Samuel Honzek,ROSTER,20.0,"6'4""",186.0,Slovakia,Trencin,True,LW,15,1,2,3,1.4,0.13,0.07,0.2,22.7,0.0,0,0,0,0,0,0,0,0,0,0,0,0,0,0.0,-2,40,21,4.8,5,7,12,32,14,8,1,7,5,2,71.4,0,0,3,6,0,288,242,13,34,11303,1216,0,10087,CGY,Pacific,Western
2025-2026,20251111,8,NYI,5233,Bo Horvat,ROSTER,30.0,"6'0""",215.0,Canada,"London, ON",False,C,16,12,8,20,3.44,0.5,0.75,1.25,9.8,12.8,4,3,4,7,1,0,1,3,0,0,2,1,0,0.0,9,93,55,21.8,3,19,19,12,12,15,3,293,176,117,60.1,3,6,3,6,0,384,171,127,98,19935,4141,2825,12969,NYI,Metropolitan,Eastern
2025-2026,20251111,24,EDM,56664,Isaac Howard,ROSTER,21.0,"5'10""",180.0,USA,"Hudson, WI",False,LW,16,2,1,3,1.0,0.06,0.12,0.19,2.8,21.3,0,0,0,0,0,0,0,0,0,0,1,1,0,0.0,-2,36,16,12.5,1,10,10,3,10,8,1,0,0,0,0.0,5,10,1,2,0,211,153,19,40,9231,1172,365,7681,EDM,Pacific,Western
2025-2026,20251111,142,VGK,14608,Brett Howden,ROSTER,27.0,"6'3""",197.0,Canada,"Calgary, AB",False,C,11,3,0,3,1.0,0.0,0.27,0.27,12.4,12.8,1,0,0,0,0,0,0,0,0,0,0,0,0,0.0,-6,20,11,27.3,2,4,5,19,16,10,3,58,33,25,56.9,3,6,6,12,0,210,101,88,24,9330,1906,1285,6210,VGK,Pacific,Western
2025-2026,20251111,21,VAN,15157,Filip Hronek,ROSTER,28.0,"6'0""",183.0,Czech Republic,Hradec Kralove,False,D,17,0,9,9,1.24,0.53,0.0,0.53,47.2,17.0,0,0,3,3,0,0,0,0,0,0,0,0,0,0.0,2,52,21,0.0,24,19,12,36,30,25,9,0,0,0,0.0,4,8,1,2,0,461,210,66,185,25066,2784,1035,21246,VAN,Pacific,Western
2025-2026,20251111,27,DAL,142430,Justin Hryckowian,ROSTER,,,,,,False,C,15,2,0,2,0.8,0.0,0.13,0.13,16.9,21.7,0,1,0,1,0,0,0,0,0,0,0,0,0,0.0,-3,21,12,16.7,5,2,7,21,12,3,4,33,19,14,57.6,3,9,6,17,1,213,182,16,15,9374,1532,44,7706,DAL,Central,Western
2025-2026,20251111,23,CGY,4987,Jonathan Huberdeau,ROSTER,32.0,"6'1""",202.0,Canada,"Saint-Jerome, QC",False,LW,12,4,4,8,2.0,0.33,0.33,0.67,10.9,8.5,1,1,0,1,0,0,0,1,0,0,0,0,0,0.0,0,44,24,16.7,7,9,11,5,7,14,2,4,1,3,25.0,2,4,6,12,0,290,146,83,65,13929,4298,1449,8182,CGY,Pacific,Western
2025-2026,20251111,7,NJD,17125,Jack Hughes,ROSTER,24.0,"5'11""",170.0,USA,"Orlando, FL",False,C,16,10,8,18,4.12,0.5,0.62,1.12,11.6,0.0,3,1,4,5,0,0,0,2,0,1,0,0,0,0.0,0,122,66,15.2,9,34,22,2,11,35,11,146,48,98,32.9,0,0,5,10,0,361,238,67,66,20161,3928,475,15758,NJD,Metropolitan,Eastern
2025-2026,20251111,7,NJD,37969,Luke Hughes,ROSTER,22.0,"6'2""",184.0,USA,"Canton, MI",True,D,16,0,8,8,1.81,0.5,0.0,0.5,20.2,34.1,0,0,2,2,0,0,0,0,0,0,0,0,0,0.0,3,89,29,0.0,14,47,13,7,20,22,4,0,0,0,0.0,8,16,1,2,0,399,279,82,38,21784,4914,1103,15767,NJD,Metropolitan,Eastern
2025-2026,20251111,21,VAN,14530,Quinn Hughes,ROSTER,26.0,"5'10""",170.0,USA,"Orlando, FL",False,D,13,1,9,10,2.77,0.69,0.08,0.77,14.6,0.0,0,1,5,6,0,0,0,0,0,0,0,0,0,0.0,-2,94,36,2.8,12,34,24,1,9,16,2,0,0,0,0.0,0,0,6,12,0,312,185,84,44,20984,4381,3612,12991,VAN,Pacific,Western
2025-2026,20251111,25,MIN,30091,Daemon Hunt,ROSTER,23.0,"6'0""",198.0,Canada,"Brandon, MB",True,D,3,0,1,1,0.33,0.33,0.0,0.33,5.8,0.0,0,0,0,0,0,0,0,0,0,0,0,0,0,0.0,2,3,1,0.0,4,2,0,2,7,2,0,0,0,0,0.0,0,0,0,0,0,54,31,8,15,2402,277,161,1964,MIN,Central,Western
2025-2026,20251111,14,MTL,56477,Lane Hutson,ROSTER,21.0,"5'8""",158.0,USA,"Chicago, IL",False,D,15,1,12,13,1.27,0.8,0.07,0.87,31.8,0.0,0,0,3,3,0,0,0,1,0,0,0,0,0,0.0,3,45,19,5.3,23,24,2,9,39,20,6,0,0,0,0.0,0,0,5,10,0,358,251,32,76,20645,3358,547,16740,MTL,Atlantic,Eastern
2025-2026,20251111,142,VGK,5825,Ben Hutton,ROSTER,32.0,"6'2""",206.0,Canada,"Prescott, ON",False,D,10,0,3,3,1.5,0.3,0.0,0.3,17.9,13.2,0,0,0,0,0,0,0,0,0,0,0,0,0,0.0,0,33,15,0.0,13,11,7,5,19,13,3,0,0,0,0.0,1,5,2,7,1,212,103,48,61,9267,1819,1242,6206,VGK,Pacific,Western
2025-2026,20251111,2,WPJ,13690,Alex Iafallo,ROSTER,31.0,"6'0""",188.0,USA,"Eden, NY",False,LW,15,2,3,5,1.73,0.2,0.13,0.33,19.0,8.5,0,2,2,4,0,0,0,1,0,0,0,0,0,0.0,-1,48,26,7.7,9,7,15,16,5,6,2,8,6,2,75.0,2,4,3,6,0,295,144,111,42,14244,3650,2141,8453,WPG,,
2025-2026,20251111,26,SJS,34832,Vincent Iorio,ASSIGNED_TO_MINORS,22.0,"6'4""",200.0,Canada,"Coquitlam, BC",True,D,6,0,0,0,0.5,0.0,0.0,0.0,8.6,8.5,0,0,0,0,0,0,0,0,0,0,0,0,0,0.0,-3,4,3,0.0,6,1,0,3,5,7,0,0,0,0,0.0,2,4,0,0,0,128,93,5,30,5880,621,36,5223,SJS,Pacific,Western
2025-2026,20251111,1,TBL,56357,Dominic James,ROSTER,23.0,"6'0""",190.0,USA,"Plymouth, MI",True,C,9,1,3,4,1.33,0.33,0.11,0.44,15.2,8.5,0,0,0,0,0,0,0,0,0,0,0,0,0,0.0,1,28,12,8.3,4,8,8,20,15,6,2,69,32,37,46.4,2,4,1,2,0,153,122,28,4,6892,1273,228,5391,TBL,Atlantic,Eastern
2025-2026,20251111,3,CAR,11413,Mark Jankowski,ROSTER,31.0,"6'4""",212.0,Canada,"Hamilton, ON",False,LW,8,0,2,2,0.62,0.25,0.0,0.25,8.6,12.8,0,0,0,0,0,0,0,0,0,0,0,0,0,0.0,1,14,5,0.0,6,3,6,3,13,1,0,74,42,32,56.8,3,6,0,0,0,128,59,32,37,5030,623,234,4173,CAR,Metropolitan,Eastern
2025-2026,20251111,24,EDM,5827,Mattias Janmark,ROSTER,32.0,"6'1""",195.0,Sweden,Danderyd,False,C,1,0,0,0,1.0,0.0,0.0,0.0,0.0,0.0,0,0,0,0,0,0,0,0,0,0,0,0,0,0.0,0,2,1,0.0,0,0,1,0,0,0,0,0,0,0,0.0,0,0,0,0,0,13,8,1,4,599,138,6,455,EDM,Pacific,Western
2025-2026,20251111,12,TOR,5352,Calle Jarnkrok,ROSTER,34.0,"5'11""",186.0,Sweden,Gavle,False,C,11,4,0,4,1.0,0.0,0.36,0.36,7.2,8.5,1,0,0,0,0,0,0,0,0,0,0,0,0,0.0,-5,14,11,36.4,3,1,2,7,7,5,0,8,5,3,62.5,2,4,0,0,0,176,80,52,48,7355,2011,487,4857,TOR,Atlantic,Eastern
2025-2026,20251111,3,CAR,28144,Seth Jarvis,ROSTER,23.0,"5'10""",175.0,Canada,"Winnipeg, MB",True,C,15,10,5,15,3.47,0.33,0.67,1.0,15.6,8.5,3,1,0,1,1,0,1,4,0,2,1,0,1,100.0,5,82,52,19.2,7,9,21,14,28,16,10,23,11,12,47.8,2,4,3,6,0,340,214,71,66,17419,3951,1674,11998,CAR,Metropolitan,Eastern
2025-2026,20251111,11,BOS,14386,Tanner Jeannot,ROSTER,28.0,"6'2""",207.0,Canada,"Oxbow, SK",False,LW,17,2,4,6,1.18,0.24,0.12,0.35,39.9,30.2,0,0,0,0,0,0,0,0,0,0,0,0,0,0.0,-2,42,20,10.0,16,13,9,40,17,13,0,6,4,2,66.7,5,13,2,7,1,307,155,60,94,13650,2346,342,10962,BOS,Atlantic,Eastern
2025-2026,20251111,19,CBJ,5245,Boone Jenner,ROSTER,32.0,"6'2""",208.0,Canada,"Dorchester, ON",False,C,15,3,7,10,2.0,0.47,0.2,0.67,28.7,30.2,1,1,1,2,0,1,1,1,0,0,0,0,0,0.0,-7,63,30,10.0,11,15,18,30,12,9,2,91,51,40,56.0,5,13,4,11,1,296,145,72,79,15017,4353,1413,9214,CBJ,Metropolitan,Eastern
2025-2026,20251111,13,OTT,11592,Nick Jensen,ROSTER,35.0,"6'1""",196.0,USA,"Rogers, MN",False,D,16,0,3,3,0.75,0.19,0.0,0.19,29.6,12.8,0,0,0,0,0,0,0,0,0,0,0,0,0,0.0,-4,36,12,0.0,18,12,12,16,36,17,4,0,0,0,0.0,3,6,1,2,0,406,209,79,118,17652,3367,1018,13267,OTT,Atlantic,Eastern
2025-2026,20251111,25,MIN,53012,David Jiricek,ROSTER,21.0,"6'3""",189.0,Czech Republic,Klatovy,True,D,11,0,0,0,0.64,0.0,0.0,0.0,8.0,12.8,0,0,0,0,0,0,0,0,0,0,0,0,0,0.0,-3,21,7,0.0,5,10,4,4,16,11,2,0,0,0,0.0,3,6,0,0,0,166,117,19,30,8145,798,315,7032,MIN,Central,Western
2025-2026,20251111,16,DET,30079,Albert Johansson,ROSTER,24.0,"6'0""",168.0,Sweden,Karlstad,True,D,16,0,2,2,1.06,0.12,0.0,0.12,33.1,4.3,0,0,0,0,0,0,0,0,0,0,0,0,0,0.0,-3,50,17,0.0,21,20,13,16,22,16,4,0,0,0,0.0,1,2,4,8,0,346,218,53,75,15013,2218,610,12185,DET,Atlantic,Eastern
2025-2026,20251111,25,MIN,4882,Marcus Johansson,ROSTER,35.0,"6'1""",205.0,Sweden,Landskrona,False,LW,17,6,9,15,1.59,0.53,0.35,0.88,10.1,4.3,2,3,2,5,0,0,0,1,0,1,0,0,0,0.0,4,52,27,22.2,5,15,9,8,21,17,6,9,4,5,44.4,1,2,2,4,0,325,152,110,69,16222,4196,1576,10450,MIN,Central,Western
2025-2026,20251111,19,CBJ,37970,Kent Johnson,ROSTER,23.0,"6'1""",168.0,Canada,"Port Moody, BC",True,C,15,2,3,5,2.0,0.2,0.13,0.33,9.9,0.0,0,0,0,0,0,0,0,0,0,0,1,0,1,100.0,-8,54,30,6.7,8,15,9,1,10,12,4,0,0,0,0.0,0,0,0,0,0,255,157,53,46,13281,3454,817,9149,CBJ,Metropolitan,Eastern
2025-2026,20251111,15,BUF,34471,Ryan Johnson,ASSIGNED_TO_MINORS,24.0,"6'0""",170.0,USA,"Newport Beach, CA",True,D,3,0,0,0,0.0,0.0,0.0,0.0,4.6,4.3,0,0,0,0,0,0,0,0,0,0,0,0,0,0.0,0,4,0,0.0,3,2,2,2,6,2,2,0,0,0,0.0,1,2,0,0,0,34,14,7,13,1620,229,107,1284,BUF,Atlantic,Eastern
2025-2026,20251111,29,ANA,9081,Ross Johnston,ROSTER,31.0,"6'5""",235.0,Canada,"Charlottetown, PE",False,LW,14,1,3,4,0.36,0.21,0.07,0.29,24.2,78.7,0,0,0,0,0,0,0,0,0,0,0,0,0,0.0,2,16,5,20.0,4,3,8,37,14,8,0,4,1,3,25.0,8,31,6,27,5,182,95,39,50,7737,1556,291,5893,ANA,Pacific,Western
2025-2026,20251111,27,DAL,34837,Wyatt Johnston,ROSTER,22.0,"6'1""",178.0,Canada,"Toronto, ON",True,C,16,10,10,20,3.12,0.62,0.62,1.25,22.6,12.8,3,6,5,11,0,0,0,1,0,0,1,0,1,100.0,-5,91,50,20.0,17,22,19,5,19,13,4,207,104,103,50.2,3,6,4,8,0,399,270,96,38,20682,6208,1011,13160,DAL,Central,Western
2025-2026,20251111,11,BOS,13644,Henri Jokiharju,ROSTER,26.0,"6'0""",195.0,Finland,Oulu,False,D,17,0,3,3,0.88,0.18,0.0,0.18,24.1,12.8,0,0,1,1,0,0,0,0,0,0,0,0,0,0.0,-1,47,15,0.0,16,19,13,10,24,19,1,0,0,0,0.0,3,6,2,4,0,402,237,84,81,18100,3760,1856,12484,BOS,Atlantic,Eastern
2025-2026,20251111,25,MIN,18220,Ben Jones,ROSTER,26.0,"6'0""",187.0,Canada,"Waterloo, ON",False,C,6,0,0,0,0.83,0.0,0.0,0.0,11.4,0.0,0,0,0,0,0,0,0,0,0,0,0,0,0,0.0,-4,11,5,0.0,3,3,3,15,2,1,1,35,23,12,65.7,0,0,2,4,0,63,38,19,6,2930,732,235,1965,MIN,Central,Western
2025-2026,20251111,10,PIT,15433,Caleb Jones,INJURY_LIST,28.0,"6'1""",194.0,USA,"Arlington, TX",False,D,7,0,1,1,0.71,0.14,0.0,0.14,22.9,0.0,0,0,0,0,0,0,0,0,0,0,0,0,0,0.0,1,17,5,0.0,15,6,6,10,14,4,1,0,0,0,0.0,0,0,1,2,0,144,78,22,39,7212,1036,445,5407,PIT,Metropolitan,Eastern
2025-2026,20251111,4,FLO,5243,Seth Jones,ROSTER,31.0,"6'4""",209.0,USA,"Arlington, TX",False,D,16,0,7,7,1.31,0.44,0.0,0.44,28.9,14.7,0,0,4,4,0,0,0,0,0,0,0,0,0,0.0,-2,78,21,0.0,17,31,26,17,23,23,4,0,0,0,0.0,3,8,3,6,0,443,216,93,134,22560,4149,1357,17054,FLA,,
2025-2026,20251111,17,STL,15228,Mathieu Joseph,ROSTER,28.0,"6'1""",190.0,Canada,"Chambly, QC",False,RW,15,2,4,6,1.2,0.27,0.13,0.4,23.6,4.3,0,0,0,0,1,0,1,1,0,0,0,0,0,0.0,1,32,18,11.1,8,4,10,27,12,9,6,8,3,5,37.5,1,2,3,6,0,258,144,58,58,11413,2154,1030,8229,STL,Central,Western
2025-2026,20251111,21,VAN,13638,Pierre-Olivier Joseph,ROSTER,26.0,"6'2""",185.0,Canada,"Chambly, QC",True,D,8,0,1,1,1.12,0.12,0.0,0.12,9.8,4.3,0,0,0,0,0,0,0,0,0,0,0,0,0,0.0,-2,19,9,0.0,7,9,1,3,7,2,2,0,0,0,0.0,1,2,1,2,0,148,93,17,38,6162,595,100,5467,VAN,Pacific,Western
2025-2026,20251111,12,TOR,18183,Dakota Joshua,ROSTER,29.0,"6'2""",183.0,USA,"Dearborn, MI",False,C,16,2,3,5,1.0,0.19,0.12,0.31,42.7,4.3,0,0,0,0,0,0,0,0,0,0,0,0,0,0.0,-6,29,16,12.5,13,6,7,52,10,6,5,8,1,7,12.5,1,2,3,6,0,291,161,73,59,11857,2456,1444,7957,TOR,Atlantic,Eastern
2025-2026,20251111,18,NSH,5042,Roman Josi,ROSTER,35.0,"6'1""",201.0,Switzerland,Bern,False,D,8,1,4,5,2.38,0.5,0.12,0.62,19.8,12.8,0,0,2,2,0,0,0,0,0,0,0,0,0,0.0,-4,42,19,5.3,15,19,4,4,19,12,3,0,0,0,0.0,3,6,2,4,0,217,105,39,74,11561,3762,953,6846,NSH,Central,Western
2025-2026,20251111,18,NSH,9636,Tyson Jost,ROSTER,27.0,"5'11""",187.0,Canada,"St. Albert, AB",False,C,15,1,1,2,1.13,0.07,0.07,0.13,17.6,8.5,0,0,0,0,0,0,0,0,0,0,0,0,0,0.0,-7,29,17,5.9,6,7,5,20,19,4,8,20,9,11,45.0,2,4,4,8,0,247,124,48,77,11377,1406,850,9119,NSH,Central,Western
2025-2026,20251111,6,PHI,5621,Noah Juulsen,ROSTER,28.0,"6'2""",193.0,Canada,"Surrey, BC",False,D,15,0,1,1,0.67,0.07,0.0,0.07,27.6,8.5,0,0,0,0,0,0,0,0,0,0,0,0,0,0.0,0,23,10,0.0,10,9,4,30,33,11,2,0,0,0,0.0,2,4,3,6,0,292,148,35,109,11930,1151,395,10384,PHI,Metropolitan,Eastern
2025-2026,20251111,23,CGY,4766,Nazem Kadri,ROSTER,35.0,"6'0""",192.0,Canada,"London, ON",False,C,17,4,7,11,3.0,0.41,0.24,0.65,12.8,17.0,1,1,3,4,0,0,0,0,0,0,1,0,1,100.0,-9,105,51,7.8,6,32,22,11,15,20,6,211,95,116,45.0,4,8,6,12,0,382,194,99,94,20607,7433,1679,11729,CGY,Pacific,Western
2025-2026,20251111,20,CHI,56352,Wyatt Kaiser,ROSTER,23.0,"6'0""",173.0,USA,"Ham Lake, MN",False,D,16,0,2,2,0.75,0.12,0.0,0.12,21.5,21.3,0,0,0,0,0,0,0,0,0,0,0,0,0,0.0,6,37,12,0.0,12,13,12,14,31,20,9,0,0,0,0.0,5,10,4,8,0,405,221,39,140,18928,1846,382,16510,CHI,Central,Western
2025-2026,20251111,143,SEA,17126,Kaapo Kakko,ROSTER,24.0,"6'3""",199.0,Finland,Turku,False,RW,5,0,0,0,1.0,0.0,0.0,0.0,2.9,8.5,0,0,0,0,0,0,0,0,0,0,0,0,0,0.0,-1,14,5,0.0,2,4,5,1,0,6,1,1,0,1,0.0,2,4,2,4,0,98,46,32,14,4205,747,464,2751,SEA,Pacific,Western
2025-2026,20251111,13,OTT,28484,Arthur Kaliyev,ASSIGNED_TO_MINORS,24.0,"6'2""",190.0,USA,"Tashkent, Uzbekistan",True,RW,2,0,1,1,2.0,0.5,0.0,0.5,0.0,0.0,0,0,1,1,0,0,0,0,0,0,0,0,0,0.0,0,8,4,0.0,0,3,1,0,0,2,0,0,0,0,0.0,0,0,0,0,0,28,14,9,5,1273,251,119,903,OTT,Atlantic,Eastern
2025-2026,20251111,21,VAN,4656,Evander Kane,ROSTER,34.0,"6'2""",210.0,Canada,"Vancouver, BC",False,LW,17,3,6,9,2.82,0.35,0.18,0.53,28.0,54.7,1,1,1,2,0,0,0,0,0,0,0,0,0,0.0,-4,97,48,6.2,9,25,24,33,17,18,4,13,4,9,30.8,11,30,10,20,0,348,158,96,97,18001,4461,2173,11367,VAN,Pacific,Western
2025-2026,20251111,16,DET,4265,Patrick Kane,ROSTER,36.0,"5'10""",177.0,USA,"Buffalo, NY",False,RW,7,2,3,5,2.86,0.43,0.29,0.71,2.8,0.0,0,1,2,3,0,0,0,1,0,0,0,0,0,0.0,-4,30,20,10.0,1,3,7,3,3,7,0,0,0,0,0.0,0,0,1,2,0,140,70,41,31,7286,2661,848,3777,DET,Atlantic,Eastern
2025-2026,20251111,24,EDM,5428,Kasperi Kapanen,ROSTER,29.0,"6'1""",194.0,Finland,Kuopio,False,RW,6,0,2,2,0.67,0.33,0.0,0.33,13.1,0.0,0,0,0,0,0,0,0,0,0,0,1,1,0,0.0,-2,10,4,0.0,4,5,1,16,6,4,1,1,0,1,0.0,0,0,0,0,0,92,50,26,16,4423,1059,447,2917,EDM,Pacific,Western
2025-2026,20251111,14,MTL,37995,Oliver Kapanen,ROSTER,22.0,"6'1""",182.0,Sweden,"Sundsvall, Sweden",True,C,15,6,4,10,1.33,0.27,0.4,0.67,14.8,8.5,2,0,0,0,1,0,1,1,0,0,0,0,0,0.0,3,34,20,30.0,9,7,7,8,13,5,3,75,40,35,53.3,2,4,1,2,0,245,140,22,89,11475,1057,57,10361,MTL,Atlantic,Eastern
2025-2026,20251111,25,MIN,5730,Kirill Kaprizov,ROSTER,28.0,"5'10""",192.0,Russia,Novokuznetsk,False,LW,17,10,12,22,3.12,0.71,0.59,1.29,11.4,8.5,3,5,4,9,0,0,0,0,0,0,1,0,0,0.0,-3,108,53,18.9,7,23,32,6,13,24,1,1,0,1,0.0,2,4,5,10,0,350,174,122,63,22627,4965,2346,15316,MIN,Central,Western
2025-2026,20251111,10,PIT,4660,Erik Karlsson,ROSTER,35.0,"6'0""",190.0,Sweden,Landsbro,False,D,17,1,11,12,2.06,0.65,0.06,0.71,21.2,12.8,0,0,3,3,0,0,0,0,0,0,0,0,0,0.0,6,96,35,2.9,18,37,26,0,23,29,11,0,0,0,0.0,3,6,2,4,0,425,202,125,90,24097,4816,3078,15752,PIT,Metropolitan,Eastern
2025-2026,20251111,21,VAN,39290,Linus Karlsson,ROSTER,25.0,"6'1""",178.0,Sweden,Eksjö,True,C,14,1,3,4,1.21,0.21,0.07,0.29,13.3,4.3,0,0,0,0,0,0,0,0,0,0,0,0,0,0.0,0,41,17,5.9,5,7,17,14,9,8,1,12,3,9,25.0,1,2,1,2,0,198,110,38,51,8330,1035,445,6850,VAN,Pacific,Western
2025-2026,20251111,142,VGK,5459,William Karlsson,ROSTER,32.0,"6'0""",195.0,Sweden,Märsta,False,C,14,4,3,7,2.14,0.21,0.29,0.5,16.9,8.5,1,1,0,1,1,0,1,1,0,0,0,0,0,0.0,-1,48,30,13.3,13,10,8,3,15,11,3,158,91,67,57.6,2,4,1,2,0,274,129,99,51,12723,3172,1891,7648,VGK,Pacific,Western
2025-2026,20251111,143,SEA,37962,Tye Kartye,ROSTER,24.0,"5'11""",202.0,Canada,"Kingston, ON",True,LW,15,1,2,3,0.8,0.13,0.07,0.2,31.6,4.3,0,0,0,0,0,0,0,0,0,0,0,0,0,0.0,-2,32,12,8.3,9,10,10,40,22,10,4,4,1,3,25.0,1,2,2,4,0,250,133,41,76,10170,957,295,8866,SEA,Pacific,Western
2025-2026,20251111,16,DET,43336,Marco Kasper,ROSTER,21.0,"6'1""",187.0,Austria,Innsbruck,True,C,16,3,0,3,1.62,0.0,0.19,0.19,32.8,12.8,1,1,0,1,0,0,0,0,0,0,0,0,0,0.0,-6,52,26,11.5,10,9,17,40,22,15,4,164,77,87,47.0,3,6,1,2,0,322,233,41,51,14917,2083,112,12722,DET,Atlantic,Eastern
2025-2026,20251111,11,BOS,13659,Mark Kastelic,ROSTER,26.0,"6'4""",223.0,USA,"Phoenix, AZ",False,C,17,3,2,5,1.29,0.12,0.18,0.29,43.9,30.2,1,0,0,0,0,0,0,1,0,0,0,0,0,0.0,4,49,22,13.6,23,8,19,32,16,9,6,122,69,53,56.6,5,13,10,23,1,319,157,103,62,13236,2111,1391,9734,BOS,Atlantic,Eastern
2025-2026,20251111,30,UTA,9633,Clayton Keller,ROSTER,27.0,"5'10""",170.0,USA,"Chesterfield, MO",False,RW,16,6,9,15,2.88,0.56,0.38,0.94,6.9,8.5,2,0,5,5,0,0,0,2,0,1,0,0,0,0.0,2,71,46,13.0,5,11,14,2,17,25,3,1,1,0,100.0,2,4,4,8,0,367,214,75,84,18533,3342,1447,13744,UTA,Central,Western
2025-2026,20251111,22,COL,15189,Parker Kelly,ROSTER,26.0,"6'0""",188.0,Canada,"Camrose, AB",False,C,16,4,3,7,1.38,0.19,0.25,0.44,30.3,12.8,1,0,0,0,1,0,1,1,0,0,0,0,0,0.0,6,37,22,18.2,11,10,5,33,15,8,1,42,17,25,40.5,3,6,3,6,0,263,118,52,97,11195,1298,636,9261,COL,Central,Western
2025-2026,20251111,18,NSH,43362,Joakim Kemell,ROSTER,21.0,"5'10""",185.0,Finland,Jyväskylän mlk,True,RW,2,0,0,0,0.5,0.0,0.0,0.0,3.3,0.0,0,0,0,0,0,0,0,0,0,0,0,0,0,0.0,0,5,1,0.0,1,3,1,4,1,0,0,1,0,1,0.0,0,0,0,0,0,28,18,10,0,1328,512,60,756,NSH,Central,Western
2025-2026,20251111,28,LAK,11731,Adrian Kempe,ROSTER,29.0,"6'2""",201.0,Sweden,Kramfors,False,RW,16,6,11,17,3.12,0.69,0.38,1.06,28.5,25.6,2,1,4,5,0,0,0,3,0,2,4,0,2,50.0,1,109,50,12.0,9,36,23,34,13,15,6,26,9,17,34.6,6,12,1,2,0,352,185,103,72,18782,4231,2012,12924,LAK,Pacific,Western
2025-2026,20251111,17,STL,38651,Matthew Kessel,ROSTER,25.0,"6'2""",205.0,USA,"Phoenix, AZ",True,D,7,0,0,0,0.57,0.0,0.0,0.0,3.8,8.5,0,0,0,0,0,0,0,0,0,0,0,0,0,0.0,2,8,4,0.0,1,2,2,5,3,1,1,0,0,0,0.0,2,4,1,2,0,96,75,12,9,4403,633,240,3530,STL,Central,Western
2025-2026,20251111,15,BUF,34838,Michael Kesselring,ROSTER,25.0,"6'4""",190.0,USA,"New Hampton, NH",True,D,6,0,0,0,1.33,0.0,0.0,0.0,13.7,4.3,0,0,0,0,0,0,0,0,0,0,0,0,0,0.0,-2,21,8,0.0,9,6,7,6,12,11,1,0,0,0,0.0,1,2,0,0,0,135,87,6,42,6128,400,102,5626,BUF,Atlantic,Eastern
2025-2026,20251111,11,BOS,38009,Marat Khusnutdinov,ROSTER,23.0,"5'11""",176.0,Russia,Moskva,True,C,12,2,2,4,1.08,0.17,0.17,0.33,6.3,8.5,0,0,1,1,0,0,0,1,0,1,1,0,1,100.0,0,19,13,15.4,4,3,3,3,7,5,5,24,12,12,50.0,2,4,3,6,0,208,146,50,15,9327,2068,498,6951,BOS,Atlantic,Eastern
2025-2026,20251111,29,ANA,5165,Alex Killorn,ROSTER,36.0,"6'1""",197.0,Canada,"Halifax, NS",False,LW,15,1,4,5,1.73,0.27,0.07,0.33,16.3,4.3,0,0,1,1,0,0,0,0,0,0,0,0,0,0.0,-1,47,26,3.8,8,10,11,13,11,12,5,31,13,18,41.9,1,2,2,4,0,335,171,86,78,14943,4622,1147,9112,ANA,Pacific,Western
2025-2026,20251111,10,PIT,167594,Benjamin Kindel,ROSTER,18.0,"5'11""",181.0,Canada,"Coquitlam, BC",True,C,15,5,2,7,2.07,0.13,0.33,0.47,20.6,12.8,1,2,2,4,0,0,0,0,0,0,0,0,0,0.0,-3,55,31,16.1,13,12,12,10,23,15,2,88,40,48,45.5,3,6,2,4,0,278,234,38,5,13619,2838,374,10047,PIT,Metropolitan,Eastern
2025-2026,20251111,23,CGY,12019,Justin Kirkland,ROSTER,29.0,"6'3""",193.0,Canada,"Winnipeg, MB",False,C,9,0,1,1,0.56,0.11,0.0,0.11,10.4,0.0,0,0,0,0,0,0,0,0,0,0,2,1,0,0.0,-1,14,5,0.0,3,4,5,13,8,3,1,66,36,30,54.5,0,0,0,0,0,136,74,22,40,5168,670,275,4223,CGY,Pacific,Western
2025-2026,20251111,22,COL,17372,Joel Kiviranta,ROSTER,29.0,"5'10""",175.0,Finland,Vantaa,False,LW,5,0,0,0,0.6,0.0,0.0,0.0,7.1,0.0,0,0,0,0,0,0,0,0,0,0,0,0,0,0.0,1,5,3,0.0,2,2,0,9,8,4,0,2,2,0,100.0,0,0,1,4,0,80,49,14,17,3233,679,137,2417,COL,Central,Western
2025-2026,20251111,23,CGY,39261,Adam Klapka,ROSTER,25.0,"6'8""",245.0,Czech Republic,Praha,True,RW,16,2,2,4,1.0,0.12,0.12,0.25,42.5,69.4,0,0,1,1,0,0,0,0,0,0,0,0,0,0.0,1,39,16,12.5,12,10,13,54,14,2,3,9,1,8,11.1,10,29,5,19,3,224,193,23,10,9579,1597,110,7870,CGY,Pacific,Western
2025-2026,20251111,13,OTT,38006,Tyler Kleven,ROSTER,23.0,"6'4""",200.0,USA,"Fargo, ND",True,D,14,0,1,1,0.93,0.07,0.0,0.07,39.3,21.7,0,0,0,0,0,0,0,0,0,0,0,0,0,0.0,-5,31,13,0.0,24,8,10,21,29,18,3,0,0,0,0.0,3,9,3,9,1,319,212,53,54,13170,1562,849,10759,OTT,Atlantic,Eastern
2025-2026,20251111,26,SJS,5484,John Klingberg,ROSTER,33.0,"6'3""",185.0,Sweden,Gothenburg,False,D,10,2,3,5,1.3,0.3,0.2,0.5,20.6,8.5,0,2,1,3,0,0,0,0,0,0,0,0,0,0.0,-1,33,13,15.4,13,16,4,10,13,11,1,0,0,0,0.0,2,4,1,2,0,221,115,62,46,12502,3511,839,8152,SJS,Pacific,Western
2025-2026,20251111,12,TOR,37990,Matthew Knies,ROSTER,23.0,"6'3""",205.0,USA,"Phoenix, AZ",True,LW,16,5,15,20,2.06,0.94,0.31,1.25,30.5,17.0,1,2,0,2,0,0,0,0,0,0,0,0,0,0.0,4,50,33,15.2,8,13,4,40,7,13,4,0,0,0,0.0,4,8,5,10,0,376,290,57,35,19452,4451,1347,13656,TOR,Atlantic,Eastern
2025-2026,20251111,2,WPJ,30052,Cole Koepke,ROSTER,27.0,"6'1""",195.0,USA,"Two Harbors, MN",True,LW,14,0,2,2,0.93,0.14,0.0,0.14,25.8,16.3,0,0,0,0,0,0,0,0,0,0,0,0,0,0.0,-4,24,13,0.0,4,3,8,40,8,5,6,0,0,0,0.0,2,12,4,8,0,213,135,56,22,8626,1554,856,6216,WPG,,
2025-2026,20251111,10,PIT,32282,Ville Koivunen,ROSTER,22.0,"5'11""",161.0,Finland,Oulu,True,RW,10,0,2,2,1.3,0.2,0.0,0.2,6.4,0.0,0,0,1,1,0,0,0,0,0,0,1,0,0,0.0,-1,25,13,0.0,5,10,3,1,12,5,1,0,0,0,0.0,0,0,0,0,0,156,101,20,28,7470,1172,172,5763,PIT,Metropolitan,Eastern
2025-2026,20251111,142,VGK,17370,Keegan Kolesar,ROSTER,28.0,"6'2""",216.0,Canada,"Winnipeg, MB",True,RW,15,0,2,2,0.73,0.13,0.0,0.13,38.6,21.7,0,0,0,0,0,0,0,0,0,0,0,0,0,0.0,-7,17,11,0.0,14,3,3,42,19,6,1,6,1,5,16.7,3,9,1,5,1,241,117,68,57,9638,2026,851,6749,VGK,Pacific,Western
2025-2026,20251111,6,PHI,5619,Travis Konecny,ROSTER,28.0,"5'10""",175.0,Canada,"London, ON",False,RW,15,5,8,13,2.47,0.53,0.33,0.87,26.6,30.2,1,0,2,2,1,0,1,1,0,0,1,0,0,0.0,4,65,37,13.5,11,13,15,26,14,25,7,15,5,10,33.3,5,13,5,13,1,366,181,77,113,17236,2481,1039,13716,PHI,Metropolitan,Eastern
2025-2026,20251111,28,LAK,4033,Anze Kopitar,ROSTER,38.0,"6'3""",225.0,Slovenia,Jesenice,False,C,12,2,6,8,1.5,0.5,0.17,0.67,19.9,8.5,0,2,3,5,0,0,0,0,0,0,0,0,0,0.0,5,42,18,11.1,12,8,16,11,8,18,4,220,122,98,55.5,2,4,3,6,0,251,127,63,63,13484,4362,1324,7798,LAK,Pacific,Western
2025-2026,20251111,10,PIT,17958,Joona Koppanen,ROSTER,27.0,"6'5""",194.0,Finland,Tampere,False,LW,3,0,0,0,0.33,0.0,0.0,0.0,1.6,4.3,0,0,0,0,0,0,0,0,0,0,0,0,0,0.0,-1,2,1,0.0,0,0,1,3,3,0,1,11,5,6,45.5,1,2,0,0,0,50,23,12,15,2021,273,147,1601,PIT,Metropolitan,Eastern
2025-2026,20251111,142,VGK,17144,Kaedan Korczak,ROSTER,24.0,"6'3""",192.0,Canada,"Yorkton, SK",True,D,15,2,1,3,1.13,0.07,0.13,0.2,41.1,21.3,0,0,0,0,0,0,0,0,0,0,0,0,0,0.0,4,37,17,11.8,22,12,8,29,31,15,1,0,0,0,0.0,5,10,1,2,0,332,212,90,32,15000,2595,1302,11103,VGK,Pacific,Western
2025-2026,20251111,3,CAR,14526,Jesperi Kotkaniemi,ROSTER,25.0,"6'2""",198.0,Finland,Pori,False,C,13,2,3,5,1.15,0.23,0.15,0.38,22.3,0.0,0,0,0,0,0,0,0,0,0,0,0,0,0,0.0,4,26,15,13.3,10,5,6,20,14,9,2,101,47,54,46.5,0,0,4,8,0,190,98,50,44,8304,475,716,7113,CAR,Metropolitan,Eastern
2025-2026,20251111,15,BUF,34472,Tyson Kozak,ROSTER,22.0,"5'11""",173.0,Canada,"Souris, MB",True,C,9,2,0,2,0.89,0.0,0.22,0.22,20.7,0.0,0,0,0,0,0,0,0,0,0,0,0,0,0,0.0,1,12,8,25.0,6,2,2,26,11,2,2,84,40,44,47.6,0,0,2,4,0,135,89,23,25,5606,1054,125,4427,BUF,Atlantic,Eastern
2025-2026,20251111,15,BUF,17149,Peyton Krebs,ROSTER,24.0,"5'11""",180.0,Canada,"Okotoks, AB",True,C,15,0,3,3,1.0,0.2,0.0,0.2,24.6,32.2,0,0,0,0,0,0,0,0,0,0,0,0,0,0.0,-6,26,15,0.0,7,6,5,31,19,7,5,122,57,65,46.7,5,15,7,17,1,287,169,43,75,12396,1314,494,10588,BUF,Atlantic,Eastern
2025-2026,20251111,29,ANA,5104,Chris Kreider,ROSTER,34.0,"6'3""",217.0,USA,"Boxford, MA",False,LW,11,9,3,12,2.55,0.27,0.82,1.09,6.7,17.0,3,5,2,7,0,0,0,1,0,0,0,0,0,0.0,3,50,28,32.1,3,8,14,6,4,12,2,1,0,1,0.0,4,8,1,2,0,230,130,65,44,10867,3428,635,6804,ANA,Pacific,Western
2025-2026,20251111,1,TBL,5300,Nikita Kucherov,ROSTER,32.0,"5'11""",180.0,Russia,Moscow,False,RW,13,7,7,14,3.0,0.54,0.54,1.08,4.6,4.3,2,3,2,5,0,0,0,1,0,1,0,0,0,0.0,-2,110,39,17.9,3,40,31,2,7,21,5,0,0,0,0.0,1,2,6,12,0,299,163,86,59,16329,5502,1690,9052,TBL,Atlantic,Eastern
2025-2026,20251111,24,EDM,5554,Brett Kulak,ROSTER,31.0,"6'2""",197.0,Canada,"Stony Plain, AB",False,D,17,0,2,2,1.18,0.12,0.0,0.12,22.2,4.3,0,0,0,0,0,0,0,0,0,0,0,0,0,0.0,-3,45,20,0.0,18,19,6,2,14,12,3,0,0,0,0.0,1,2,0,0,0,367,211,53,97,18730,3852,1283,13349,EDM,Pacific,Western
2025-2026,20251111,15,BUF,43367,Jiri Kulich,ROSTER,21.0,"5'11""",178.0,Czech Republic,Kadan,True,C,12,3,2,5,1.67,0.17,0.25,0.42,18.9,8.5,1,0,0,0,0,0,0,0,0,0,0,0,0,0.0,-4,43,20,15.0,12,13,10,9,9,10,1,163,68,95,41.7,2,4,4,8,0,272,185,42,48,11782,2172,126,9484,BUF,Atlantic,Eastern
2025-2026,20251111,4,FLO,4706,Dmitry Kulikov,INJURY_LIST,35.0,"6'1""",199.0,Russia,Lipetsk,False,D,2,0,0,0,0.5,0.0,0.0,0.0,0.5,0.0,0,0,0,0,0,0,0,0,0,0,0,0,0,0.0,-1,1,1,0.0,0,0,0,1,0,2,0,0,0,0,0.0,0,0,0,0,0,34,18,7,9,1293,463,134,696,FLA,,
2025-2026,20251111,4,FLO,9641,Luke Kunin,ROSTER,27.0,"6'0""",197.0,USA,"Chesterfield, MO",False,C,11,0,1,1,0.45,0.09,0.0,0.09,25.3,8.5,0,0,0,0,0,0,0,0,0,0,0,0,0,0.0,0,11,5,0.0,13,3,3,19,12,8,1,102,47,55,46.1,2,4,1,2,0,158,83,45,30,6766,1006,852,4908,FLA,,
2025-2026,20251111,11,BOS,5568,Sean Kuraly,ROSTER,32.0,"6'2""",213.0,USA,"Dublin, OH",False,C,17,2,3,5,1.41,0.18,0.12,0.29,22.5,12.8,0,0,0,0,0,0,0,0,0,0,0,0,0,0.0,3,50,24,8.3,12,13,13,16,14,17,5,181,84,97,46.4,3,6,2,4,0,326,143,66,119,14504,3800,644,10060,BOS,Atlantic,Eastern
2025-2026,20251111,26,SJS,17991,Philipp Kurashev,ROSTER,26.0,"6'0""",190.0,Switzerland,Münsingen,False,C,14,5,5,10,2.14,0.36,0.36,0.71,12.7,8.5,1,0,0,0,0,0,0,1,0,1,1,1,0,0.0,5,51,30,16.7,5,11,10,13,13,13,4,27,15,12,55.6,2,4,1,2,0,305,164,81,65,14909,2301,962,11646,SJS,Pacific,Western
2025-2026,20251111,28,LAK,39780,Andrei Kuzmenko,ROSTER,29.0,"5'11""",194.0,Russia,Yakutsk,True,LW,16,3,4,7,1.56,0.25,0.19,0.44,13.3,4.3,1,2,1,3,0,0,0,0,0,0,2,0,0,0.0,0,52,25,12.0,5,15,12,14,17,22,3,0,0,0,0.0,1,2,5,10,0,256,222,33,4,14822,2566,349,11907,LAK,Pacific,Western
2025-2026,20251111,23,CGY,30014,Yan Kuznetsov,ROSTER,23.0,"6'4""",209.0,Russia,Murmansk,True,D,3,0,1,1,2.33,0.33,0.0,0.33,3.8,0.0,0,0,0,0,0,0,0,0,0,0,0,0,0,0.0,2,9,7,0.0,1,0,2,5,6,3,0,0,0,0,0.0,0,0,1,2,0,66,48,14,5,2905,344,203,2268,CGY,Pacific,Western
2025-2026,20251111,17,STL,13677,Jordan Kyrou,ROSTER,27.0,"6'0""",175.0,Canada,"Toronto, ON",False,RW,15,5,4,9,2.4,0.27,0.33,0.6,11.6,0.0,1,1,2,3,0,0,0,0,0,0,1,0,0,0.0,-7,76,36,13.9,9,22,18,2,11,4,7,1,0,1,0.0,0,0,4,8,0,317,173,86,63,15559,2953,929,11677,STL,Central,Western
2025-2026,20251111,9,NYR,56552,Noah Laba,ROSTER,22.0,"6'1""",181.0,USA,"Northville, MI",False,C,17,3,3,6,0.94,0.18,0.18,0.35,22.1,12.8,1,0,1,1,0,0,0,1,0,0,0,0,0,0.0,4,30,16,18.8,13,4,10,13,20,6,3,133,63,70,47.4,3,6,2,4,0,297,224,38,27,12531,2086,308,9574,NYR,Metropolitan,Eastern
2025-2026,20251111,21,VAN,11363,Joseph Labate,ASSIGNED_TO_MINORS,32.0,"6'3""",213.0,USA,"Eagan, MN",True,C,1,0,0,0,2.0,0.0,0.0,0.0,5.5,0.0,0,0,0,0,0,0,0,0,0,0,0,0,0,0.0,-1,3,2,0.0,2,0,1,6,1,0,0,2,1,1,50.0,0,0,0,0,0,16,11,1,4,572,139,0,433,VAN,Pacific,Western
2025-2026,20251111,29,ANA,38017,Jackson LaCombe,ROSTER,24.0,"6'2""",201.0,USA,"Eden Prairie, MN",True,D,15,0,6,6,2.07,0.4,0.0,0.4,40.8,4.3,0,0,3,3,0,0,0,0,0,0,0,0,0,0.0,3,83,31,0.0,28,36,16,15,30,22,6,0,0,0,0.0,1,2,2,4,0,425,222,70,134,22793,3270,970,18552,ANA,Pacific,Western
2025-2026,20251111,28,LAK,56457,Alex Laferriere,ROSTER,24.0,"6'0""",173.0,USA,"Chatham, New Jersey",False,RW,16,3,4,7,2.0,0.25,0.19,0.44,34.1,8.5,1,0,0,0,1,0,1,0,0,0,0,0,0,0.0,-3,66,32,9.4,12,17,17,38,21,16,3,69,31,38,44.9,2,4,3,6,0,340,217,49,77,15367,1530,685,13152,LAK,Pacific,Western
2025-2026,20251111,20,CHI,17188,Sam Lafferty,ROSTER,30.0,"6'1""",195.0,USA,"Hollidaysburg, PA",True,C,4,0,0,0,0.0,0.0,0.0,0.0,3.2,8.5,0,0,0,0,0,0,0,0,0,0,0,0,0,0.0,0,1,0,0.0,0,1,0,6,1,1,0,2,0,2,0.0,2,4,0,0,0,51,25,19,7,2087,308,414,1365,CHI,Central,Western
2025-2026,20251111,9,NYR,19048,Alexis Lafrenière,ROSTER,24.0,"6'1""",193.0,Canada,"St-Eustache, QC",True,LW,17,3,8,11,2.18,0.47,0.18,0.65,25.0,8.5,1,1,1,2,0,0,0,1,0,0,0,0,0,0.0,-7,66,37,8.1,11,15,17,23,19,7,5,6,1,5,16.7,2,4,1,2,0,374,257,85,22,17962,4147,992,12230,NYR,Metropolitan,Eastern
2025-2026,20251111,14,MTL,9628,Patrik Laine,ROSTER,27.0,"6'5""",206.0,Finland,Tampere,False,LW,5,0,1,1,1.2,0.2,0.0,0.2,1.1,4.3,0,0,0,0,0,0,0,0,0,0,0,0,0,0.0,-3,20,6,0.0,0,8,6,2,2,2,0,3,2,1,66.7,1,2,1,2,0,73,46,19,8,3782,716,426,2640,MTL,Atlantic,Eastern
2025-2026,20251111,2,WPJ,53331,Brad Lambert,ROSTER,21.0,"6'1""",183.0,Finland,Lahti,True,C,4,1,0,1,0.75,0.0,0.25,0.25,2.8,4.3,0,0,0,0,0,0,0,0,0,0,0,0,0,0.0,-1,6,3,33.3,1,2,1,3,3,3,0,1,0,1,0.0,1,2,0,0,0,49,35,9,6,2166,337,94,1735,WPG,,
2025-2026,20251111,7,NJD,15266,Juho Lammikko,ROSTER,29.0,"6'2""",207.0,Finland,Noormarkku,False,C,6,0,0,0,1.17,0.0,0.0,0.0,10.2,0.0,0,0,0,0,0,0,0,0,0,0,0,0,0,0.0,0,8,7,0.0,6,0,1,6,0,2,1,40,20,20,50.0,0,0,0,0,0,87,51,15,21,3728,776,87,2865,NJD,Metropolitan,Eastern
2025-2026,20251111,22,COL,4986,Gabriel Landeskog,ROSTER,32.0,"6'1""",215.0,Sweden,Stockholm,False,LW,16,0,4,4,1.38,0.25,0.0,0.25,17.5,38.7,0,0,0,0,0,0,0,0,0,0,0,0,0,0.0,0,47,22,0.0,5,12,13,22,16,9,5,25,14,11,56.0,7,17,4,11,1,302,158,107,37,13192,3089,2165,7938,COL,Central,Western
2025-2026,20251111,5,WSH,28519,Hendrix Lapierre,ROSTER,23.0,"6'0""",179.0,Canada,"Gatineau, QC",True,C,14,0,2,2,0.93,0.14,0.0,0.14,10.4,8.5,0,0,0,0,0,0,0,0,0,0,0,0,0,0.0,-1,28,13,0.0,3,4,11,13,8,12,2,55,22,33,40.0,2,4,1,2,0,194,134,36,22,8996,1871,528,6499,WSH,Metropolitan,Eastern
2025-2026,20251111,16,DET,5829,Dylan Larkin,ROSTER,29.0,"6'1""",198.0,USA,"Waterford, MI",False,C,16,9,10,19,3.19,0.62,0.56,1.19,11.4,21.3,3,3,2,5,0,0,0,3,0,1,1,1,0,0.0,6,96,51,17.6,7,18,27,6,10,18,2,324,181,143,55.9,5,10,10,20,0,387,187,67,142,19576,4107,919,14550,DET,Atlantic,Eastern
2025-2026,20251111,143,SEA,4989,Adam Larsson,ROSTER,32.0,"6'3""",208.0,Sweden,Skelleftea,False,D,15,0,3,3,0.93,0.2,0.0,0.2,57.2,12.8,0,0,0,0,0,0,0,0,0,0,0,0,0,0.0,-6,28,14,0.0,37,12,2,26,15,6,2,0,0,0,0.0,3,6,0,0,0,379,207,63,102,19844,3030,1205,15240,SEA,Pacific,Western
2025-2026,20251111,12,TOR,5139,Scott Laughton,ROSTER,31.0,"6'1""",190.0,Canada,"Oakville, ON",False,C,2,0,0,0,0.5,0.0,0.0,0.0,4.9,4.3,0,0,0,0,0,0,0,0,0,0,0,0,0,0.0,-2,2,1,0.0,1,0,1,7,2,2,0,14,9,5,64.3,1,2,0,0,0,29,15,9,5,1030,294,96,640,TOR,Atlantic,Eastern
2025-2026,20251111,142,VGK,15369,Jeremy Lauzon,ROSTER,28.0,"6'1""",204.0,Canada,"Val-dOr, QC",False,D,15,0,3,3,0.8,0.2,0.0,0.2,56.1,56.2,0,0,0,0,0,0,0,0,0,0,0,0,0,0.0,1,44,12,0.0,24,19,13,53,30,10,2,0,0,0,0.0,9,24,6,21,2,338,174,63,102,14779,2823,961,10983,VGK,Pacific,Western
2025-2026,20251111,24,EDM,5454,Curtis Lazar,ROSTER,30.0,"6'0""",211.0,Canada,"Salmon Arm, BC",False,C,5,1,0,1,0.4,0.0,0.2,0.2,9.8,4.3,0,0,0,0,0,0,0,0,0,0,0,0,0,0.0,0,9,2,50.0,3,3,4,12,5,0,0,12,6,6,50.0,1,2,1,2,0,69,41,14,12,2888,455,101,2291,EDM,Pacific,Western
2025-2026,20251111,26,SJS,4834,Nick Leddy,ROSTER,34.0,"6'0""",207.0,USA,"Eden Prairie, MN",False,D,7,0,2,2,0.14,0.29,0.0,0.29,12.8,8.5,0,0,0,0,0,0,0,0,0,0,0,0,0,0.0,-4,4,1,0.0,10,2,1,2,3,4,4,0,0,0,0.0,2,4,0,0,0,149,78,26,45,7223,1710,161,5352,SJS,Pacific,Western
2025-2026,20251111,8,NYI,5199,Anders Lee,ROSTER,35.0,"6'3""",231.0,USA,"Edina, MN",False,LW,16,3,8,11,2.75,0.5,0.19,0.69,24.2,25.6,1,0,1,1,0,0,0,1,0,0,0,0,0,0.0,-1,73,44,6.8,13,8,21,17,20,9,3,19,12,7,63.2,6,12,6,12,0,306,163,77,69,14475,3340,1132,10003,NYI,Metropolitan,Eastern
2025-2026,20251111,3,CAR,142373,Charles-Alexis Legault,ROSTER,22.0,"6'3""",208.0,Canada,"Montreal, QB",True,D,8,1,1,2,1.25,0.12,0.12,0.25,11.8,21.3,0,0,0,0,0,0,0,0,0,0,0,0,0,0.0,4,24,10,10.0,6,8,6,9,15,8,4,0,0,0,0.0,5,10,2,4,0,158,145,6,8,6369,1006,68,5295,CAR,Metropolitan,Eastern
2025-2026,20251111,22,COL,10064,Artturi Lehkonen,ROSTER,30.0,"6'0""",180.0,Finland,Piikkiö,False,LW,16,6,9,15,2.69,0.56,0.38,0.94,23.6,0.0,2,1,0,1,0,0,0,0,0,0,1,0,0,0.0,13,73,43,14.0,16,14,16,9,19,13,2,2,0,2,0.0,0,0,2,4,0,383,187,103,98,18507,4187,1749,12571,COL,Central,Western
2025-2026,20251111,21,VAN,56699,Jonathan Lekkerimäki,INJURY_LIST,21.0,"5'10""",165.0,Sweden,Huddinge,False,RW,4,1,0,1,0.75,0.0,0.25,0.25,5.0,0.0,0,0,0,0,0,0,0,0,0,0,0,0,0,0.0,0,7,3,33.3,2,2,2,5,5,3,0,0,0,0,0.0,0,0,2,4,0,48,39,4,6,2376,312,0,2064,VAN,Pacific,Western
2025-2026,20251111,5,WSH,142776,Ryan Leonard,ROSTER,,,,,,False,RW,15,3,4,7,1.53,0.27,0.2,0.47,20.2,17.0,1,1,0,1,0,0,0,2,0,0,1,1,0,0.0,3,68,23,13.0,6,28,17,25,23,21,4,5,3,2,60.0,4,8,7,14,0,251,217,27,6,11767,1716,138,9754,WSH,Metropolitan,Eastern
2025-2026,20251111,10,PIT,4030,Kris Letang,ROSTER,38.0,"6'0""",201.0,Canada,"Montreal, QC",False,D,17,1,7,8,1.53,0.41,0.06,0.47,42.7,10.5,0,1,3,4,0,0,0,0,0,0,0,0,0,0.0,5,63,26,3.8,26,24,13,23,31,22,3,0,0,0,0.0,2,6,1,2,0,404,183,88,124,22064,4587,1635,15306,PIT,Metropolitan,Eastern
2025-2026,20251111,20,CHI,142389,Artyom Levshunov,ROSTER,,,,,,False,D,15,0,9,9,0.8,0.6,0.0,0.6,21.4,21.3,0,0,5,5,0,0,0,0,0,0,0,0,0,0.0,3,25,12,0.0,11,10,3,16,24,21,5,0,0,0,0.0,5,10,2,4,0,276,229,32,10,13956,2163,178,11359,CHI,Central,Western
2025-2026,20251111,26,SJS,15133,Timothy Liljegren,ROSTER,26.0,"6'0""",190.0,Sweden,Kristianstad,False,D,13,0,4,4,0.69,0.31,0.0,0.31,40.8,17.0,0,0,0,0,0,0,0,0,0,0,0,0,0,0.0,0,33,9,0.0,28,16,8,15,24,15,1,0,0,0,0.0,4,8,2,4,0,317,165,65,87,16010,2058,444,13508,SJS,Pacific,Western
2025-2026,20251111,27,DAL,5910,Esa Lindell,ROSTER,31.0,"6'3""",215.0,Finland,Helsinki,False,D,16,1,3,4,0.94,0.19,0.06,0.25,39.9,8.5,0,0,0,0,0,0,0,0,0,0,0,0,0,0.0,5,34,15,6.7,29,12,7,11,34,22,7,0,0,0,0.0,2,4,1,2,0,384,186,92,102,21865,5114,1486,15019,DAL,Central,Western
2025-2026,20251111,143,SEA,14122,Ryan Lindgren,ROSTER,27.0,"6'0""",191.0,USA,"Minneapolis, MN",False,D,15,0,2,2,0.6,0.13,0.0,0.13,34.3,50.8,0,0,0,0,0,0,0,0,0,0,0,0,0,0.0,-3,34,9,0.0,26,17,8,7,16,18,2,0,0,0,0.0,8,27,3,9,1,368,213,77,70,16842,2385,764,13373,SEA,Pacific,Western
2025-2026,20251111,11,BOS,5260,Elias Lindholm,ROSTER,30.0,"6'1""",195.0,Sweden,Boden,False,C,13,4,5,9,1.69,0.38,0.31,0.69,26.5,17.0,1,4,3,7,0,0,0,1,0,0,0,0,0,0.0,-3,48,22,18.2,14,14,12,19,5,12,3,228,131,97,57.5,4,8,1,2,0,268,134,43,95,13800,3630,268,9902,BOS,Atlantic,Eastern
2025-2026,20251111,11,BOS,5228,Hampus Lindholm,ROSTER,31.0,"6'3""",208.0,Sweden,Helsingborg,False,D,9,0,3,3,1.33,0.33,0.0,0.33,14.6,19.0,0,0,0,0,0,0,0,0,0,0,0,0,0,0.0,0,34,12,0.0,12,10,12,1,14,9,2,0,0,0,0.0,4,10,2,4,0,228,127,37,64,10668,2005,220,8443,BOS,Atlantic,Eastern
2025-2026,20251111,10,PIT,15998,Blake Lizotte,ROSTER,27.0,"5'7""",175.0,USA,"Lindstro, MN",True,C,17,2,1,3,1.18,0.06,0.12,0.18,18.5,4.3,0,0,0,0,0,0,0,0,0,0,0,0,0,0.0,1,34,20,10.0,9,8,8,15,27,14,1,133,68,65,51.1,1,2,1,2,0,343,211,84,42,14425,2582,1198,10369,PIT,Metropolitan,Eastern
2025-2026,20251111,11,BOS,38000,Mason Lohrei,ROSTER,24.0,"6'4""",195.0,USA,"Verona, WI",True,D,12,1,7,8,0.83,0.58,0.08,0.67,20.8,0.0,0,1,1,2,0,0,0,0,0,0,0,0,0,0.0,2,40,10,10.0,15,17,13,6,23,12,4,0,0,0,0.0,0,0,1,2,0,286,214,59,14,12845,2140,566,10139,BOS,Atlantic,Eastern
2025-2026,20251111,23,CGY,13954,Ryan Lomberg,ROSTER,30.0,"5'9""",187.0,Canada,"Richmond Hill, ON",False,LW,17,0,1,1,0.71,0.06,0.0,0.06,38.5,30.6,0,0,0,0,0,0,0,0,0,0,0,0,0,0.0,1,24,12,0.0,5,4,8,62,10,5,0,6,1,5,16.7,3,12,5,16,2,210,117,45,48,8941,1499,739,6703,CGY,Pacific,Western
2025-2026,20251111,12,TOR,5781,Steven Lorentz,ROSTER,29.0,"6'3""",192.0,Canada,"Waterloo, ON",False,C,10,0,4,4,0.8,0.4,0.0,0.4,22.0,0.0,0,0,0,0,0,0,0,0,0,0,0,0,0,0.0,-5,14,8,0.0,8,2,4,24,9,6,1,15,6,9,40.0,0,0,0,0,0,140,70,54,16,6066,1363,977,3726,TOR,Atlantic,Eastern
2025-2026,20251111,2,WPJ,5456,Adam Lowry,ROSTER,32.0,"6'5""",210.0,USA,"St. Louis, MO",False,C,3,0,0,0,1.0,0.0,0.0,0.0,10.2,0.0,0,0,0,0,0,0,0,0,0,0,0,0,0,0.0,0,5,3,0.0,6,0,2,6,0,3,0,38,15,23,39.5,0,0,0,0,0,74,31,19,24,2579,400,118,2061,WPG,,
2025-2026,20251111,6,PHI,142694,Jett Luchanko,ROSTER,,,,,,False,C,4,0,0,0,0.25,0.0,0.0,0.0,4.6,4.3,0,0,0,0,0,0,0,0,0,0,0,0,0,0.0,-3,2,1,0.0,3,0,1,2,5,1,0,21,11,10,52.4,1,2,1,2,0,45,40,3,2,2152,343,51,1758,PHI,Metropolitan,Eastern
2025-2026,20251111,4,FLO,30418,Anton Lundell,ROSTER,24.0,"6'1""",185.0,Finland,Espoo,True,C,16,4,7,11,1.94,0.44,0.25,0.69,22.8,17.0,1,2,2,4,1,1,2,0,0,0,2,0,1,50.0,0,63,31,12.9,14,16,16,12,10,20,1,282,152,130,53.9,4,8,5,10,0,384,244,115,30,18276,4892,1762,11748,FLA,,
2025-2026,20251111,19,CBJ,14546,Isac Lundestrom,ROSTER,26.0,"6'0""",191.0,Sweden,Gällivare,False,C,14,0,2,2,0.57,0.14,0.0,0.14,9.7,4.3,0,0,0,0,0,0,0,0,0,0,0,0,0,0.0,1,16,8,0.0,6,4,4,5,15,11,2,101,55,46,54.5,1,2,1,2,0,235,153,38,40,9859,1349,681,7688,CBJ,Metropolitan,Eastern
2025-2026,20251111,27,DAL,14551,Nils Lundkvist,ROSTER,25.0,"5'11""",187.0,Sweden,Pitea,True,D,4,1,2,3,0.5,0.5,0.25,0.75,7.5,4.3,0,0,0,0,0,0,0,0,0,0,0,0,0,0.0,0,7,2,50.0,5,2,3,3,11,6,0,0,0,0,0.0,1,2,0,0,0,83,45,13,26,3839,139,126,3574,DAL,Central,Western
2025-2026,20251111,4,FLO,17339,Eetu Luostarinen,ROSTER,27.0,"6'3""",184.0,Finland,Siilinjrvi,False,C,16,2,5,7,1.62,0.31,0.12,0.44,39.3,12.8,0,1,0,1,0,1,1,0,0,0,0,0,0,0.0,2,50,26,7.7,16,9,15,39,24,9,1,15,8,7,53.3,3,6,7,16,0,350,170,108,74,16022,2386,2165,11471,FLA,,
2025-2026,20251111,13,OTT,30087,Olle Lycksell,ROSTER,26.0,"5'10""",165.0,Sweden,Oskarshamn,True,RW,6,1,0,1,1.0,0.0,0.17,0.17,4.6,0.0,0,0,0,0,0,0,0,1,0,0,0,0,0,0.0,-2,9,6,16.7,3,1,2,2,6,1,0,0,0,0,0.0,0,0,1,2,0,84,59,15,11,3711,543,417,2751,OTT,Atlantic,Eastern
2025-2026,20251111,27,DAL,15176,Ilya Lyubushkin,ROSTER,31.0,"6'2""",201.0,Russia,Moskva,False,D,14,0,2,2,0.64,0.14,0.0,0.14,44.8,19.0,0,0,0,0,0,0,0,0,0,0,0,0,0,0.0,0,17,9,0.0,30,5,3,18,33,19,2,0,0,0,0.0,4,10,0,0,0,295,158,52,84,13866,1929,657,11234,DAL,Central,Western
2025-2026,20251111,30,UTA,5259,Olli Maatta,ROSTER,31.0,"6'2""",206.0,Finland,Jyväskylä,False,D,15,0,1,1,0.47,0.07,0.0,0.07,12.9,0.0,0,0,0,0,0,0,0,0,0,0,0,0,0,0.0,-1,16,7,0.0,11,4,5,0,36,13,1,0,0,0,0.0,0,0,0,0,0,236,157,23,56,10605,1638,461,8506,UTA,Central,Western
2025-2026,20251111,12,TOR,28458,Matias Maccelli,ROSTER,25.0,"5'11""",165.0,Finland,Turku,True,LW,15,4,4,8,0.93,0.27,0.27,0.53,6.4,0.0,1,0,0,0,0,0,0,1,0,0,0,0,0,0.0,2,29,14,28.6,5,8,7,1,14,11,4,3,2,1,66.7,0,0,1,2,0,258,175,72,15,12103,2763,1099,8241,TOR,Atlantic,Eastern
2025-2026,20251111,13,OTT,11733,Kurtis MacDermid,ROSTER,31.0,"6'5""",233.0,Canada,"Sauble Beach, ON",False,LW,7,0,0,0,0.29,0.0,0.0,0.0,8.4,26.0,0,0,0,0,0,0,0,0,0,0,0,0,0,0.0,-3,2,2,0.0,4,0,0,7,2,1,0,0,0,0,0.0,4,11,3,9,1,59,27,20,12,1861,215,367,1279,OTT,Atlantic,Eastern
2025-2026,20251111,21,VAN,13674,Mackenzie MacEachern,ROSTER,31.0,"6'2""",190.0,USA,"Bloomfield Hills, MI",False,LW,3,0,1,1,1.33,0.33,0.0,0.33,7.3,0.0,0,0,0,0,0,0,0,0,0,0,0,0,0,0.0,1,5,4,0.0,4,0,1,5,4,0,0,0,0,0,0.0,0,0,0,0,0,47,24,13,10,2043,407,88,1548,VAN,Pacific,Western
2025-2026,20251111,7,NJD,15475,Zack MacEwen,ROSTER,29.0,"6'3""",205.0,Canada,"Charlottetown, PE",True,RW,2,0,0,0,2.0,0.0,0.0,0.0,3.8,0.0,0,0,0,0,0,0,0,0,0,0,0,0,0,0.0,0,7,4,0.0,1,0,3,5,1,1,1,2,0,2,0.0,0,0,0,0,0,23,15,6,2,1007,130,177,700,NJD,Metropolitan,Eastern
2025-2026,20251111,22,COL,5231,Nathan MacKinnon,ROSTER,30.0,"6'0""",200.0,Canada,"Halifax, NS",False,C,16,14,15,29,4.44,0.94,0.88,1.81,18.0,21.3,4,5,3,8,0,0,0,1,0,0,1,0,0,0.0,13,126,71,19.7,9,23,31,14,12,29,3,343,173,170,50.4,5,10,5,10,0,375,190,140,59,20656,6168,2865,11623,COL,Central,Western
2025-2026,20251111,8,NYI,34417,Kyle MacLean,ROSTER,26.0,"6'1""",190.0,USA,"Livingston, NJ",True,C,10,0,1,1,0.7,0.1,0.0,0.1,10.8,33.8,0,0,0,0,0,0,0,0,0,0,0,0,0,0.0,-5,12,7,0.0,2,2,3,16,8,2,1,16,11,5,68.8,4,19,3,9,1,134,80,37,17,5749,1114,358,4277,NYI,Metropolitan,Eastern
2025-2026,20251111,143,SEA,15128,Josh Mahura,ROSTER,27.0,"6'0""",190.0,Canada,"Edmonton, AB",False,D,13,1,1,2,0.69,0.08,0.08,0.15,31.5,24.8,0,0,0,0,0,0,0,1,0,1,0,0,0,0.0,6,24,9,11.1,21,8,7,13,18,7,2,0,0,0,0.0,4,16,1,2,0,280,171,49,57,11835,1481,725,9417,SEA,Pacific,Western
2025-2026,20251111,17,STL,37979,Logan Mailloux,ASSIGNED_TO_MINORS,22.0,"6'3""",214.0,Canada,"Belle River, ON",True,D,9,0,0,0,0.56,0.0,0.0,0.0,13.9,8.5,0,0,0,0,0,0,0,0,0,0,0,0,0,0.0,-12,18,5,0.0,6,7,6,13,17,7,1,0,0,0,0.0,2,4,1,2,0,147,110,24,13,6780,884,369,5527,STL,Central,Western
2025-2026,20251111,22,COL,13619,Cale Makar,ROSTER,27.0,"5'11""",187.0,Canada,"Calgary, AB",False,D,16,6,16,22,2.62,1.0,0.38,1.38,39.4,17.0,2,0,7,7,0,0,0,2,0,0,0,0,0,0.0,12,108,42,14.3,29,46,20,10,6,15,9,0,0,0,0.0,4,8,6,12,0,439,248,147,50,24580,6021,3836,14723,COL,Central,Western
2025-2026,20251111,22,COL,56372,Taylor Makar,ROSTER,24.0,"6'3""",190.0,Canada,"Calgary, AB",False,LW,1,0,0,0,0.0,0.0,0.0,0.0,0.5,0.0,0,0,0,0,0,0,0,0,0,0,0,0,0,0.0,0,1,0,0.0,0,1,0,1,3,0,0,0,0,0,0.0,0,0,0,0,0,8,7,1,0,367,58,0,309,COL,Central,Western
2025-2026,20251111,15,BUF,17164,Beck Malenstyn,ROSTER,27.0,"6'3""",200.0,Canada,"White Rock, BC",False,LW,14,0,1,1,1.21,0.07,0.0,0.07,44.7,4.3,0,0,0,0,0,0,0,0,0,0,0,0,0,0.0,-5,28,17,0.0,17,4,7,47,16,8,1,2,0,2,0.0,1,2,3,6,0,227,98,24,105,9411,1233,74,8104,BUF,Atlantic,Eastern
2025-2026,20251111,22,COL,119984,Sam Malinski,ROSTER,27.0,"5'11""",190.0,USA,"Lakeville, MN",True,D,16,1,6,7,1.75,0.38,0.06,0.44,22.1,4.3,0,0,0,0,0,0,0,1,0,0,0,0,0,0.0,9,67,28,3.6,17,27,12,4,24,19,7,0,0,0,0.0,1,2,0,0,0,325,288,21,17,14482,2609,263,11611,COL,Central,Western
2025-2026,20251111,10,PIT,3652,Evgeni Malkin,ROSTER,39.0,"6'3""",195.0,Russia,Magnitogorsk,False,C,17,3,18,21,2.53,1.06,0.18,1.24,7.2,29.8,1,1,8,9,0,0,0,0,0,0,2,1,1,50.0,5,66,43,7.0,3,10,14,7,15,17,6,133,60,73,45.1,7,14,3,6,0,352,182,107,62,18127,6722,1550,9775,PIT,Metropolitan,Eastern
2025-2026,20251111,28,LAK,34945,Jeff Malott,ROSTER,29.0,"6'3""",201.0,Canada,"Burlington, ON",True,LW,13,2,0,2,0.62,0.0,0.15,0.15,22.5,56.6,0,0,0,0,0,0,0,0,0,0,0,0,0,0.0,-1,23,8,25.0,3,7,8,36,5,7,1,1,1,0,100.0,7,23,4,17,3,143,110,20,15,6058,544,321,5193,LAK,Pacific,Western
2025-2026,20251111,21,VAN,56544,Victor Mancini,ROSTER,23.0,"6'3""",215.0,USA,"Hancock, MI",True,D,5,0,0,0,0.6,0.0,0.0,0.0,9.0,13.2,0,0,0,0,0,0,0,0,0,0,0,0,0,0.0,-2,7,3,0.0,5,3,1,6,9,2,0,0,0,0,0.0,1,5,1,5,1,69,62,3,4,3158,334,17,2807,VAN,Pacific,Western
2025-2026,20251111,24,EDM,5761,Andrew Mangiapane,ROSTER,29.0,"5'10""",184.0,Canada,"Toronto, ON",False,LW,17,4,2,6,1.0,0.12,0.24,0.35,20.8,0.0,1,0,0,0,0,0,0,1,0,0,0,0,0,0.0,-12,39,17,23.5,11,10,12,15,18,12,2,1,0,1,0.0,0,0,4,8,0,330,131,122,73,15976,3140,2113,10246,EDM,Pacific,Western
2025-2026,20251111,22,COL,5477,Josh Manson,ROSTER,34.0,"6'3""",218.0,USA,"Hinsdale, IL",False,D,16,1,1,2,1.31,0.06,0.06,0.12,46.0,47.3,0,0,0,0,0,0,0,1,0,0,0,0,0,0.0,4,42,21,4.8,23,13,8,36,23,17,8,0,0,0,0.0,9,21,5,13,1,398,204,115,80,17632,3145,2163,12324,COL,Central,Western
2025-2026,20251111,10,PIT,5413,Anthony Mantha,ROSTER,31.0,"6'5""",234.0,Canada,"Longueuil, QC",False,RW,17,8,5,13,1.76,0.29,0.47,0.76,18.9,13.2,2,1,1,2,0,0,0,0,0,0,0,0,0,0.0,8,56,30,26.7,12,15,11,9,13,19,3,6,1,5,16.7,1,5,7,17,1,317,171,86,62,15042,2326,2384,10003,PIT,Metropolitan,Eastern
2025-2026,20251111,4,FLO,4692,Brad Marchand,ROSTER,37.0,"5'9""",181.0,Canada,"Halifax, NS",False,LW,15,11,7,18,3.0,0.47,0.73,1.2,11.4,38.3,3,1,4,5,0,0,0,1,0,0,1,0,1,100.0,-2,88,45,24.4,3,19,24,15,16,16,2,1,0,1,0.0,9,18,8,16,0,342,194,84,76,16450,5481,1525,9675,FLA,,
2025-2026,20251111,19,CBJ,14572,Kirill Marchenko,ROSTER,25.0,"6'3""",187.0,Russia,Barnaul,True,RW,15,8,9,17,3.47,0.6,0.53,1.13,19.8,12.8,2,1,3,4,1,0,1,2,0,0,1,0,1,100.0,9,105,52,15.4,11,25,28,13,17,19,4,0,0,0,0.0,3,6,4,8,0,321,161,75,89,16565,3684,1130,11824,CBJ,Metropolitan,Eastern
2025-2026,20251111,18,NSH,5473,Jonathan Marchessault,ROSTER,34.0,"5'9""",180.0,Canada,"Cap-Rouge, QC",False,RW,15,4,2,6,2.53,0.13,0.27,0.4,16.6,12.8,1,2,0,2,0,0,0,1,0,0,1,0,0,0.0,-9,79,38,10.5,2,25,16,27,7,24,3,5,4,1,80.0,3,6,7,14,0,306,147,116,47,16137,3928,3147,9062,NSH,Central,Western
2025-2026,20251111,143,SEA,17165,Mason Marchment,ROSTER,30.0,"6'4""",201.0,Canada,"Uxbridge, ON",False,LW,14,1,4,5,1.5,0.29,0.07,0.36,17.1,8.5,0,0,2,2,0,0,0,1,0,0,0,0,0,0.0,-3,39,21,4.8,6,7,11,19,17,26,5,21,5,16,23.8,2,4,2,4,0,292,142,89,57,13571,2212,573,10501,SEA,Pacific,Western
2025-2026,20251111,30,UTA,17187,John Marino,ROSTER,28.0,"6'1""",181.0,USA,"Brockton, MA",True,D,16,1,6,7,1.06,0.38,0.06,0.44,19.8,8.5,0,0,0,0,0,0,0,0,0,0,0,0,0,0.0,2,42,17,5.9,15,19,6,4,33,27,3,0,0,0,0.0,2,4,4,8,0,431,243,52,137,19673,3112,653,15908,UTA,Central,Western
2025-2026,20251111,142,VGK,5599,Mitchell Marner,ROSTER,28.0,"6'0""",175.0,Canada,"Markham, ON",False,RW,15,4,15,19,1.8,1.0,0.27,1.27,14.3,4.3,1,1,2,3,0,0,0,0,0,0,1,0,0,0.0,10,64,27,14.8,9,21,16,7,14,23,8,13,7,6,53.8,1,2,0,0,0,340,169,114,61,19057,4685,2110,12164,VGK,Pacific,Western
2025-2026,20251111,18,NSH,168604,Brady Martin,ROSTER,18.0,"6'0""",174.0,Canada,"Elora, ON",True,C,3,0,1,1,0.67,0.33,0.0,0.33,2.4,0.0,0,0,0,0,0,0,0,0,0,0,0,0,0,0.0,0,3,2,0.0,2,0,1,0,2,4,0,16,5,11,31.2,0,0,0,0,0,39,32,6,1,2055,275,54,1728,NSH,Central,Western
2025-2026,20251111,3,CAR,5495,Jordan Martinook,ROSTER,33.0,"6'0""",196.0,Canada,"Brandon, MB",False,LW,15,2,5,7,1.4,0.33,0.13,0.47,32.3,4.3,0,0,0,0,0,0,0,1,0,0,0,0,0,0.0,4,39,21,9.5,14,9,9,30,12,12,4,13,7,6,53.8,1,2,2,4,0,339,114,150,77,13648,2604,1719,9325,CAR,Metropolitan,Eastern
2025-2026,20251111,1,TBL,120138,Emil Martinsen Lilleberg,ROSTER,24.0,"6'2""",192.0,Norway,Sarpsborg,True,D,15,1,1,2,0.6,0.07,0.07,0.13,24.1,77.9,0,0,0,0,0,0,0,0,0,0,0,0,0,0.0,-1,20,9,11.1,12,4,7,19,35,8,2,0,0,0,0.0,12,33,6,25,3,303,236,27,42,13097,1749,191,11161,TBL,Atlantic,Eastern
2025-2026,20251111,19,CBJ,53022,Denton Mateychuk,ROSTER,21.0,"5'11""",194.0,Canada,"Winnipeg, MB",True,D,14,3,3,6,1.14,0.21,0.21,0.43,34.6,4.3,1,0,0,0,0,0,0,0,0,0,0,0,0,0.0,4,31,16,18.8,24,8,7,12,32,10,4,0,0,0,0.0,1,2,3,6,0,301,230,27,44,15681,2042,195,13326,CBJ,Metropolitan,Eastern
2025-2026,20251111,14,MTL,5921,Mike Matheson,ROSTER,31.0,"6'2""",193.0,Canada,"Montreal, QC",False,D,15,3,6,9,1.2,0.4,0.2,0.6,52.6,21.3,1,0,0,0,0,0,0,1,0,1,0,0,0,0.0,11,48,18,16.7,38,18,12,15,20,13,3,0,0,0,0.0,5,10,3,6,0,398,220,71,110,22550,5542,875,16133,MTL,Atlantic,Eastern
2025-2026,20251111,13,OTT,111262,Nikolas Matinpalo,ROSTER,27.0,"6'3""",207.0,Finland,Espoo,True,D,9,0,1,1,0.78,0.11,0.0,0.11,15.9,8.5,0,0,0,0,0,0,0,0,0,0,0,0,0,0.0,-1,23,7,0.0,9,11,5,10,31,4,2,0,0,0,0.0,2,4,0,0,0,207,191,6,10,7650,1706,56,5888,OTT,Atlantic,Eastern
2025-2026,20251111,12,TOR,9627,Auston Matthews,ROSTER,28.0,"6'3""",220.0,USA,"San Ramon, CA",False,C,16,9,5,14,4.06,0.31,0.56,0.88,42.8,12.8,3,1,1,2,0,0,0,2,0,1,0,0,0,0.0,9,118,65,13.8,31,26,27,12,7,22,7,302,179,123,59.3,3,6,1,2,0,401,196,142,72,21031,4885,2810,13336,TOR,Atlantic,Eastern
2025-2026,20251111,8,NYI,5364,Scott Mayfield,ROSTER,33.0,"6'5""",223.0,USA,"St. Louis, MO",False,D,16,0,3,3,0.94,0.19,0.0,0.19,34.0,59.3,0,0,0,0,0,0,0,0,0,0,0,0,0,0.0,1,39,15,0.0,24,15,9,11,17,18,4,0,0,0,0.0,10,31,5,13,1,393,224,66,103,18041,3387,1398,13256,NYI,Metropolitan,Eastern
2025-2026,20251111,19,CBJ,17949,Dysin Mayo,ROSTER,29.0,"6'0""",185.0,Canada,"Victoria, BC",False,D,1,0,0,0,3.0,0.0,0.0,0.0,0.0,0.0,0,0,0,0,0,0,0,0,0,0,0,0,0,0.0,-1,5,3,0.0,0,2,0,0,2,0,0,0,0,0,0.0,0,0,0,0,0,13,7,3,3,453,165,0,288,CBJ,Metropolitan,Eastern
2025-2026,20251111,11,BOS,9640,Charlie McAvoy,ROSTER,27.0,"6'0""",208.0,USA,"Long Beach, NY",False,D,16,0,12,12,1.31,0.75,0.0,0.75,43.2,51.1,0,0,4,4,0,0,0,0,0,0,0,0,0,0.0,-2,64,21,0.0,26,20,23,24,26,17,9,0,0,0,0.0,12,24,5,10,0,455,234,104,117,23204,3980,1580,17644,BOS,Atlantic,Eastern
2025-2026,20251111,30,UTA,38370,Jack McBain,ROSTER,25.0,"6'4""",218.0,Canada,"Toronto, ON",True,C,16,1,1,2,1.62,0.06,0.06,0.12,33.3,47.3,0,0,0,0,0,0,0,0,0,0,0,0,0,0.0,-2,43,26,3.8,10,7,10,41,28,9,3,150,74,76,49.3,9,21,4,11,1,309,183,84,43,12954,2063,1872,9019,UTA,Central,Western
2025-2026,20251111,12,TOR,5362,Jake McCabe,ROSTER,32.0,"6'1""",204.0,USA,"Eau Claire, WI",False,D,16,2,7,9,0.81,0.44,0.12,0.56,55.8,30.2,0,0,0,0,0,0,0,0,0,0,0,0,0,0.0,10,31,13,15.4,38,11,7,21,26,21,4,0,0,0,0.0,5,13,3,9,1,482,270,106,108,20467,2986,1748,15733,TOR,Atlantic,Eastern
2025-2026,20251111,143,SEA,5824,Jared McCann,ROSTER,29.0,"6'1""",185.0,Canada,"Stratford, ON",False,LW,5,3,1,4,2.8,0.2,0.6,0.8,8.4,0.0,1,0,0,0,0,0,0,1,0,1,1,0,0,0.0,0,29,14,21.4,4,7,8,7,3,1,0,3,2,1,66.7,0,0,2,4,0,124,57,41,29,5187,1528,568,3091,SEA,Pacific,Western
2025-2026,20251111,18,NSH,5893,Michael McCarron,ROSTER,30.0,"6'5""",237.0,USA,"Grosse Pointe, MI",False,C,18,1,3,4,1.0,0.17,0.06,0.22,41.1,39.1,0,0,0,0,0,0,0,0,0,0,0,0,0,0.0,-3,36,18,5.6,13,8,10,49,27,10,5,248,133,115,53.6,5,16,8,22,2,366,163,90,114,15722,2551,1156,12015,NSH,Central,Western
2025-2026,20251111,24,EDM,5576,Connor McDavid,ROSTER,28.0,"6'1""",193.0,Canada,"Richmond Hill, ON",False,C,17,7,17,24,3.18,1.0,0.41,1.41,6.3,17.0,2,2,9,11,0,0,0,0,0,0,1,0,0,0.0,-4,97,54,13.0,4,14,29,3,25,24,7,184,85,99,46.2,4,8,10,20,0,386,194,139,46,23844,6525,3115,13503,EDM,Pacific,Western
2025-2026,20251111,1,TBL,4852,Ryan McDonagh,ROSTER,36.0,"6'1""",214.0,USA,"St. Paul, MN",False,D,15,3,3,6,1.0,0.2,0.2,0.4,34.8,0.0,1,0,0,0,0,0,0,0,0,0,0,0,0,0.0,1,41,15,20.0,26,13,13,8,11,18,6,0,0,0,0.0,0,0,1,2,0,388,212,56,123,18145,4714,623,12772,TBL,Atlantic,Eastern
2025-2026,20251111,5,WSH,5308,Dylan McIlrath,ROSTER,33.0,"6'5""",231.0,Canada,"Winnipeg, MB",False,D,1,0,0,0,0.0,0.0,0.0,0.0,1.6,0.0,0,0,0,0,0,0,0,0,0,0,0,0,0,0.0,0,3,0,0.0,0,2,1,3,0,1,0,0,0,0,0.0,0,0,0,0,0,19,6,3,10,845,71,0,774,WSH,Metropolitan,Eastern
2025-2026,20251111,15,BUF,14563,Ryan McLeod,ROSTER,26.0,"6'3""",201.0,Canada,"Mississauga, ON",False,C,15,3,5,8,1.27,0.33,0.2,0.53,8.6,0.0,1,0,1,1,1,0,1,0,0,0,0,0,0,0.0,-2,31,19,15.8,6,5,7,3,16,16,3,256,106,150,41.4,0,0,1,2,0,388,186,40,165,16339,1523,276,14540,BUF,Atlantic,Eastern
2025-2026,20251111,12,TOR,39073,Bobby McMann,ROSTER,29.0,"6'1""",205.0,Canada,"Wainwright, AB",True,C,16,3,3,6,1.44,0.19,0.19,0.38,32.0,30.2,1,0,0,0,0,0,0,1,0,0,0,0,0,0.0,2,46,23,13.0,8,10,13,43,12,5,1,3,2,1,66.7,5,13,4,11,1,306,210,86,13,14317,3446,1474,9397,TOR,Atlantic,Eastern
2025-2026,20251111,5,WSH,17166,Connor McMichael,ROSTER,24.0,"5'11""",182.0,Canada,"Ajax, ON",True,C,15,1,3,4,1.93,0.2,0.07,0.27,9.7,12.8,0,1,0,1,0,0,0,0,0,0,1,1,0,0.0,-2,52,29,3.4,6,12,11,5,12,11,6,177,69,108,39.0,3,6,1,2,0,326,192,72,61,14002,1946,791,11153,WSH,Metropolitan,Eastern
2025-2026,20251111,142,VGK,5041,Brayden McNabb,ROSTER,34.0,"6'4""",213.0,Canada,"Davidson, SK",False,D,15,0,1,1,0.6,0.07,0.0,0.07,70.5,8.5,0,0,0,0,0,0,0,0,0,0,0,0,0,0.0,4,43,9,0.0,51,19,15,20,23,7,3,0,0,0,0.0,2,4,4,8,0,402,219,50,133,19123,5038,877,13208,VGK,Pacific,Western
2025-2026,20251111,29,ANA,32259,Mason McTavish,ROSTER,22.0,"6'0""",208.0,Switzerland,Zurich,True,C,15,3,8,11,1.67,0.53,0.2,0.73,20.6,34.1,1,0,1,1,0,0,0,1,0,0,1,0,1,100.0,3,73,25,12.0,9,18,30,19,10,10,5,210,100,110,47.6,8,16,5,10,0,337,165,27,151,15995,1427,86,14417,ANA,Pacific,Western
2025-2026,20251111,7,NJD,5604,Timo Meier,ROSTER,29.0,"6'0""",210.0,Switzerland,St. Gallen,False,RW,16,5,8,13,3.25,0.5,0.31,0.81,25.3,21.3,1,2,3,5,0,0,0,1,0,0,0,0,0,0.0,2,109,52,9.6,9,26,31,28,19,14,5,20,12,8,60.0,5,10,3,6,0,343,169,75,104,17169,3224,1128,12817,NJD,Metropolitan,Eastern
2025-2026,20251111,7,NJD,28533,Dawson Mercer,ROSTER,24.0,"6'0""",180.0,Canada,"Carbonear, NL and Labrador",True,C,16,8,7,15,1.75,0.44,0.5,0.94,26.3,12.8,2,3,1,4,1,0,1,1,0,0,0,0,0,0.0,7,56,28,28.6,17,14,14,12,21,14,1,49,21,28,42.9,3,6,5,10,0,358,226,79,61,17620,3225,1286,13109,NJD,Metropolitan,Eastern
2025-2026,20251111,12,TOR,13894,Dakota Mermis,ROSTER,31.0,"6'0""",195.0,USA,"Alton, IL",False,D,2,0,0,0,0.5,0.0,0.0,0.0,1.1,0.0,0,0,0,0,0,0,0,0,0,0,0,0,0,0.0,-3,2,1,0.0,0,1,0,2,1,0,0,0,0,0,0.0,0,0,0,0,0,43,27,9,7,1630,314,145,1171,TOR,Atlantic,Eastern
2025-2026,20251111,15,BUF,120242,Zach Metsa,ASSIGNED_TO_MINORS,27.0,"5'9""",181.0,USA,"Delafield, WI",True,D,4,0,0,0,0.25,0.0,0.0,0.0,2.9,4.3,0,0,0,0,0,0,0,0,0,0,0,0,0,0.0,3,4,1,0.0,2,2,1,1,6,1,0,0,0,0,0.0,1,2,1,2,0,49,47,2,0,2117,376,0,1741,BUF,Atlantic,Eastern
2025-2026,20251111,143,SEA,39057,Ben Meyers,ROSTER,26.0,"5'11""",195.0,USA,"Delano, MN",True,C,7,0,2,2,0.43,0.29,0.0,0.29,7.0,0.0,0,0,0,0,0,0,0,0,0,0,0,0,0,0.0,0,7,3,0.0,1,1,3,11,7,1,1,39,16,23,41.0,0,0,0,0,0,98,80,12,5,3749,532,26,3137,SEA,Pacific,Western
2025-2026,20251111,6,PHI,134153,Matvei Michkov,ROSTER,20.0,"5'10""",172.0,Russia,Perm,True,RW,15,3,5,8,1.87,0.33,0.2,0.53,11.7,25.6,1,0,0,0,0,0,0,0,0,0,3,0,2,66.67,0,53,28,10.7,5,20,5,11,17,27,5,0,0,0,0.0,6,12,3,6,0,294,258,37,5,13330,2966,198,10357,PHI,Metropolitan,Eastern
2025-2026,20251111,25,MIN,15459,Jacob Middleton,ROSTER,29.0,"6'3""",210.0,Canada,"Stratford, ON",False,D,16,0,1,1,0.88,0.06,0.0,0.06,47.8,58.1,0,0,0,0,0,0,0,0,0,0,0,0,0,0.0,-3,34,14,0.0,29,11,9,26,10,8,2,0,0,0,0.0,9,26,4,14,2,354,191,83,80,17389,2658,1822,12909,MIN,Central,Western
2025-2026,20251111,20,CHI,17145,Ilya Mikheyev,ROSTER,31.0,"6'3""",195.0,Russia,Omsk,True,RW,14,4,2,6,1.64,0.14,0.29,0.43,12.3,0.0,1,0,0,0,0,0,0,1,0,0,0,0,0,0.0,5,39,23,17.4,6,7,9,10,7,6,4,5,0,5,0.0,0,0,2,4,0,316,157,38,121,15054,1240,317,13231,CHI,Central,Western
2025-2026,20251111,4,FLO,5722,Niko Mikkola,ROSTER,29.0,"6'4""",185.0,Finland,Kiiminki,False,D,16,0,2,2,1.19,0.12,0.0,0.12,36.0,34.1,0,0,0,0,0,0,0,0,0,0,0,0,0,0.0,0,47,19,0.0,23,17,11,17,26,22,2,0,0,0,0.0,8,16,5,10,0,418,232,128,58,18422,2649,1884,13889,FLA,,
2025-2026,20251111,5,WSH,5436,Sonny Milano,ROSTER,29.0,"6'0""",194.0,USA,"Massapequa, NY",False,LW,8,1,0,1,1.75,0.0,0.12,0.12,3.9,4.3,0,0,0,0,0,0,0,0,0,0,0,0,0,0.0,-1,15,14,7.1,2,0,1,3,7,4,0,5,3,2,60.0,1,2,1,2,0,112,49,36,28,5258,1308,454,3496,WSH,Metropolitan,Eastern
2025-2026,20251111,2,WPJ,5563,Colin Miller,ROSTER,33.0,"6'1""",193.0,Canada,"Sault Ste. Marie, ON",False,D,4,0,0,0,0.25,0.0,0.0,0.0,7.1,4.3,0,0,0,0,0,0,0,0,0,0,0,0,0,0.0,-1,5,1,0.0,2,3,1,9,2,4,0,0,0,0,0.0,1,2,1,2,0,55,30,16,9,2766,332,364,2070,WPG,,
2025-2026,20251111,9,NYR,5161,J.T. Miller,ROSTER,32.0,"6'1""",218.0,USA,"East Palestine, OH",False,C,17,3,5,8,2.59,0.29,0.18,0.47,30.2,12.8,1,0,2,2,0,0,0,1,0,1,0,0,0,0.0,-2,85,44,6.8,6,15,26,44,10,16,4,290,172,118,59.3,3,6,2,4,0,442,198,92,138,21110,5071,1364,13845,NYR,Metropolitan,Eastern
2025-2026,20251111,3,CAR,14545,K'Andre Miller,ROSTER,25.0,"6'5""",210.0,USA,"St. Paul, MN",True,D,9,2,6,8,2.44,0.67,0.22,0.89,16.1,21.3,0,1,2,3,0,0,0,0,0,0,0,0,0,0.0,2,46,22,9.1,11,15,9,6,12,15,5,1,0,1,0.0,5,10,1,2,0,262,148,68,48,12627,2439,545,9643,CAR,Metropolitan,Eastern
2025-2026,20251111,11,BOS,52843,Fraser Minten,ROSTER,21.0,"6'1""",185.0,Canada,"Vancouver, BC",True,C,17,3,3,6,1.35,0.18,0.18,0.35,33.7,12.8,1,0,0,0,0,0,0,1,0,1,0,0,0,0.0,-2,49,23,13.0,17,13,13,26,16,7,7,172,89,83,51.7,3,6,2,4,0,322,245,39,41,13954,2311,250,11393,BOS,Atlantic,Eastern
2025-2026,20251111,29,ANA,43373,Pavel Mintyukov,ROSTER,21.0,"6'2""",194.0,Russia,Moskva,True,D,15,0,3,3,0.47,0.2,0.0,0.2,21.7,4.3,0,0,0,0,0,0,0,0,0,0,0,0,0,0.0,1,24,7,0.0,14,11,6,10,18,15,2,0,0,0,0.0,1,2,5,10,0,320,228,41,51,13871,1815,67,11989,ANA,Pacific,Western
2025-2026,20251111,23,CGY,29983,Daniil Miromanov,ROSTER,28.0,"6'4""",202.0,Russia,Moscow,True,D,1,0,0,0,0.0,0.0,0.0,0.0,2.4,0.0,0,0,0,0,0,0,0,0,0,0,0,0,0,0.0,0,2,0,0.0,2,1,1,0,0,1,0,0,0,0,0.0,0,0,0,0,0,30,23,0,7,1069,0,0,1069,CGY,Pacific,Western
2025-2026,20251111,26,SJS,176687,Michael Misa,ROSTER,18.0,"6'1""",185.0,Canada,"Oakville, ON",True,C,7,1,2,3,1.86,0.29,0.14,0.43,6.9,4.3,0,0,0,0,0,0,0,0,0,0,0,0,0,0.0,-1,22,13,7.7,5,5,4,2,9,5,0,38,20,18,52.6,1,2,1,2,0,106,94,13,0,4930,813,180,3937,SJS,Pacific,Western
2025-2026,20251111,11,BOS,13623,Casey Mittelstadt,ROSTER,26.0,"6'1""",199.0,USA,"Eden Prairie, MN",False,C,15,4,5,9,0.93,0.33,0.27,0.6,11.0,0.0,1,0,0,0,0,0,0,0,0,0,1,0,0,0.0,0,27,14,28.6,8,5,8,3,13,14,2,83,49,34,59.0,0,0,2,4,0,274,151,107,20,13084,2188,1546,9350,BOS,Atlantic,Eastern
2025-2026,20251111,19,CBJ,5242,Sean Monahan,ROSTER,31.0,"6'2""",200.0,Canada,"Brampton, ON",False,C,15,2,5,7,2.0,0.33,0.13,0.47,7.1,4.3,0,1,2,3,0,0,0,1,0,0,0,0,0,0.0,6,51,30,6.7,2,7,14,9,7,12,3,288,151,137,52.4,1,2,3,6,0,339,166,79,94,16443,4320,1245,10811,CBJ,Metropolitan,Eastern
2025-2026,20251111,143,SEA,11648,Brandon Montour,ROSTER,31.0,"6'0""",189.0,Canada,"Ohsweken, ON",False,D,11,3,6,9,2.82,0.55,0.27,0.82,28.7,13.2,1,1,1,2,0,0,0,0,0,0,0,0,0,0.0,4,67,31,9.7,19,20,16,12,16,19,7,0,0,0,0.0,1,5,2,7,1,281,133,58,81,15055,2955,1067,10523,SEA,Pacific,Western
2025-2026,20251111,29,ANA,56251,Ian Moore,ROSTER,23.0,"6'2""",171.0,USA,"Concord, MA",False,D,9,1,0,1,1.0,0.0,0.11,0.11,10.5,17.0,0,0,0,0,0,0,0,0,0,0,0,0,0,0.0,1,25,9,11.1,8,7,9,2,21,9,3,0,0,0,0.0,4,8,1,2,0,169,106,11,53,6925,464,186,6275,ANA,Pacific,Western
2025-2026,20251111,20,CHI,166412,Oliver Moore,ROSTER,20.0,"5'11""",176.0,USA,"Mounds View, MN",True,C,4,1,1,2,2.5,0.25,0.25,0.5,1.7,0.0,0,0,0,0,0,0,0,0,0,0,0,0,0,0.0,1,14,10,10.0,1,0,4,1,6,4,1,4,1,3,25.0,0,0,0,0,0,77,62,13,3,3212,877,77,2258,CHI,Central,Western
2025-2026,20251111,28,LAK,11811,Trevor Moore,ROSTER,30.0,"5'10""",185.0,USA,"Thousand Oaks, CA",False,LW,15,3,2,5,1.93,0.13,0.2,0.33,16.0,8.5,1,0,0,0,1,0,1,0,0,0,3,0,2,66.67,-1,52,29,10.3,10,10,13,8,22,19,6,5,2,3,40.0,2,4,1,2,0,306,155,87,69,14496,2137,1052,11485,LAK,Pacific,Western
2025-2026,20251111,2,WPJ,5930,Josh Morrissey,ROSTER,30.0,"6'0""",195.0,Canada,"Calgary, AB",False,D,15,2,11,13,1.93,0.73,0.13,0.87,38.2,12.8,0,0,2,2,0,0,0,0,0,0,0,0,0,0.0,8,59,29,6.9,28,16,14,10,13,19,5,0,0,0,0.0,3,6,2,4,0,418,201,150,69,21981,4561,2868,14552,WPG,,
2025-2026,20251111,1,TBL,34441,Janis Moser,ROSTER,25.0,"6'0""",172.0,Switzerland,Biel,True,D,13,1,2,3,1.38,0.15,0.08,0.23,18.7,8.5,0,0,0,0,0,0,0,0,0,0,0,0,0,0.0,2,46,18,5.6,11,21,7,11,30,14,4,0,0,0,0.0,2,4,5,10,0,337,246,36,56,16167,3015,978,12207,TBL,Atlantic,Eastern
2025-2026,20251111,28,LAK,28507,Jacob Moverare,ROSTER,27.0,"6'2""",198.0,Sweden,stersund,False,D,1,0,0,0,0.0,0.0,0.0,0.0,0.0,0.0,0,0,0,0,0,0,0,0,0,0,0,0,0,0.0,0,0,0,0.0,0,0,0,0,0,0,1,0,0,0,0.0,0,0,0,0,0,2,0,2,0,193,0,0,193,LAK,Pacific,Western
2025-2026,20251111,26,SJS,36849,Shakir Mukhamadullin,ROSTER,23.0,"6'4""",178.0,Russia,Ufa,True,D,6,0,4,4,1.0,0.67,0.0,0.67,7.5,12.8,0,0,0,0,0,0,0,0,0,0,0,0,0,0.0,6,12,6,0.0,5,4,2,3,12,4,0,0,0,0,0.0,3,6,0,0,0,121,82,15,24,5689,346,142,5201,SJS,Pacific,Western
2025-2026,20251111,20,CHI,5293,Connor Murphy,ROSTER,32.0,"6'4""",212.0,USA,"Dublin, OH",False,D,16,0,3,3,1.06,0.19,0.0,0.19,25.0,25.6,0,0,0,0,0,0,0,0,0,0,0,0,0,0.0,-1,31,17,0.0,15,8,6,14,26,14,3,0,0,0,0.0,6,12,4,8,0,302,147,48,106,14037,2967,298,10724,CHI,Central,Western
2025-2026,20251111,12,TOR,15478,Philippe Myers,ROSTER,28.0,"6'5""",210.0,Canada,"Moncton, NB",False,D,8,0,0,0,1.5,0.0,0.0,0.0,16.0,8.5,0,0,0,0,0,0,0,0,0,0,0,0,0,0.0,-5,26,12,0.0,10,3,11,8,9,6,0,0,0,0,0.0,2,4,0,0,0,176,108,32,36,7381,1230,1281,4870,TOR,Atlantic,Eastern
2025-2026,20251111,21,VAN,4659,Tyler Myers,ROSTER,35.0,"6'8""",229.0,USA,"Katy, TX",False,D,17,1,3,4,1.41,0.18,0.06,0.24,52.4,25.6,0,0,0,0,0,0,0,0,0,0,0,0,0,0.0,-2,56,24,4.2,36,18,14,19,23,21,4,0,0,0,0.0,6,12,3,6,0,427,236,63,129,21496,4543,874,16079,VAN,Pacific,Western
2025-2026,20251111,3,CAR,133816,Bradly Nadeau,ASSIGNED_TO_MINORS,20.0,"5'10""",161.0,Canada,"St-Francois de Madaw, NB",True,LW,6,1,0,1,0.67,0.0,0.17,0.17,6.8,0.0,0,0,0,0,0,0,0,0,0,0,0,0,0,0.0,1,15,4,25.0,4,4,7,4,8,5,0,1,0,1,0.0,0,0,0,0,0,87,66,14,8,4141,668,70,3403,CAR,Metropolitan,Eastern
2025-2026,20251111,2,WPJ,5136,Vladislav Namestnikov,ROSTER,32.0,"6'0""",183.0,Russia,Zhukovskiy,False,C,15,6,1,7,1.73,0.07,0.4,0.47,21.9,6.2,2,2,0,2,0,0,0,1,0,0,0,0,0,0.0,2,40,26,23.1,11,6,8,17,12,13,3,83,32,51,38.6,1,4,4,8,0,316,124,130,68,14114,2848,2302,8964,WPG,,
2025-2026,20251111,20,CHI,56367,Frank Nazar,ROSTER,21.0,"5'10""",180.0,USA,"Mt. Clemens, MI",False,C,15,5,6,11,2.07,0.4,0.33,0.73,24.6,12.8,1,1,2,3,0,0,0,1,0,0,1,0,0,0.0,3,60,31,16.1,16,13,16,11,33,20,8,213,98,115,46.0,3,6,9,18,0,350,218,26,107,16885,2305,95,14213,CHI,Central,Western
2025-2026,20251111,22,COL,13627,Martin Necas,ROSTER,26.0,"6'2""",189.0,Czech Republic,Nove Mesto na Morave,False,C,16,9,10,19,2.25,0.62,0.56,1.19,14.8,21.3,3,2,4,6,0,0,0,0,0,0,1,0,0,0.0,10,78,36,25.0,5,22,20,17,25,36,3,9,6,3,66.7,5,10,6,12,0,371,234,99,45,20217,5051,2272,12894,COL,Central,Western
2025-2026,20251111,17,STL,29768,Jake Neighbours,ROSTER,23.0,"6'0""",195.0,Canada,"Airdrie, AB",True,LW,8,6,1,7,1.5,0.12,0.75,0.88,16.4,8.5,2,0,0,0,0,0,0,1,0,0,0,0,0,0.0,-4,23,12,50.0,5,5,6,20,8,4,0,1,1,0,100.0,2,4,0,0,0,157,115,43,5,7016,2190,569,4257,STL,Central,Western
2025-2026,20251111,22,COL,5226,Brock Nelson,ROSTER,34.0,"6'3""",212.0,USA,"Warroad, MN",False,C,16,3,2,5,1.5,0.12,0.19,0.31,20.0,21.3,1,0,1,1,0,0,0,1,0,0,0,0,0,0.0,6,47,24,12.5,13,8,15,9,23,13,4,289,142,147,49.1,5,10,4,8,0,384,176,120,91,17940,5520,2010,10410,COL,Central,Western
2025-2026,20251111,7,NJD,43355,Simon Nemec,ROSTER,21.0,"6'0""",190.0,Slovakia,Liptovsky Mikulas,True,D,16,1,8,9,1.06,0.5,0.06,0.56,32.2,12.8,0,0,0,0,0,0,0,0,0,0,0,0,0,0.0,1,52,17,5.9,26,30,5,3,17,14,4,0,0,0,0.0,3,6,2,4,0,336,280,35,22,17069,3314,442,13313,NJD,Metropolitan,Eastern
2025-2026,20251111,29,ANA,56465,Nikita Nesterenko,ROSTER,24.0,"6'0""",157.0,USA,"Brooklyn, NY",False,C,13,1,6,7,0.85,0.46,0.08,0.54,18.0,4.3,0,0,0,0,0,0,0,1,0,0,0,0,0,0.0,4,27,11,9.1,5,9,7,23,8,5,0,16,6,10,37.5,1,2,3,6,0,246,148,44,56,10356,1766,249,8344,ANA,Pacific,Western
2025-2026,20251111,14,MTL,30019,Alex Newhook,ROSTER,24.0,"5'10""",192.0,Canada,"St. Johns, NL and Labrador",True,C,15,6,6,12,1.53,0.4,0.4,0.8,18.5,12.8,2,1,0,1,0,0,0,2,0,1,0,0,0,0.0,8,39,23,26.1,5,8,8,24,11,3,1,80,34,46,42.5,3,6,5,10,0,289,144,44,107,13676,1250,417,12009,MTL,Atlantic,Eastern
2025-2026,20251111,22,COL,5247,Valeri Nichushkin,ROSTER,30.0,"6'4""",210.0,Russia,Chelyabinsk,False,RW,16,5,6,11,2.5,0.38,0.31,0.69,13.1,8.5,1,1,2,3,0,0,0,0,0,0,2,0,1,50.0,2,75,40,12.5,4,16,19,16,12,12,7,1,1,0,100.0,2,4,4,8,0,385,166,152,73,17567,4220,3791,9707,COL,Central,Western
2025-2026,20251111,2,WPJ,4868,Nino Niederreiter,ROSTER,33.0,"6'2""",218.0,Switzerland,Chur,False,RW,15,3,6,9,1.6,0.4,0.2,0.6,20.6,12.8,1,1,3,4,0,0,0,1,0,0,0,0,0,0.0,3,40,24,12.5,5,9,7,28,8,9,3,2,2,0,100.0,3,6,1,2,0,278,133,107,41,12961,3687,1620,7654,WPG,,
2025-2026,20251111,22,COL,53057,Tristen Nielsen,ASSIGNED_TO_MINORS,25.0,"5'10""",192.0,Canada,"Fort St. John, BC",True,C,1,0,0,0,0.0,0.0,0.0,0.0,2.1,0.0,0,0,0,0,0,0,0,0,0,0,0,0,0,0.0,0,0,0,0.0,0,0,0,4,0,0,0,0,0,0,0.0,0,0,0,0,0,8,4,3,1,325,0,0,325,COL,Central,Western
2025-2026,20251111,3,CAR,56336,Alexander Nikishin,ROSTER,24.0,"6'3""",196.0,Russia,Orel,False,D,15,2,6,8,1.73,0.4,0.13,0.53,47.3,17.0,0,0,0,0,0,0,0,0,0,0,0,0,0,0.0,14,66,26,7.7,21,27,13,43,23,20,4,0,0,0,0.0,4,8,2,4,0,386,265,58,65,18408,3024,1078,14306,CAR,Metropolitan,Eastern
2025-2026,20251111,7,NJD,5544,Stefan Noesen,ROSTER,32.0,"6'1""",205.0,USA,"Plano, TX",False,RW,10,1,0,1,1.1,0.0,0.1,0.1,11.7,8.5,0,0,0,0,0,0,0,0,0,0,0,0,0,0.0,-5,23,11,9.1,5,6,6,11,3,5,1,10,5,5,50.0,2,4,2,4,0,171,86,46,40,6670,1311,318,5041,NJD,Metropolitan,Eastern
2025-2026,20251111,15,BUF,13634,Josh Norris,INJURY_LIST,26.0,"6'1""",199.0,USA,"Oxford, MI",False,C,1,0,0,0,4.0,0.0,0.0,0.0,0.5,0.0,0,0,0,0,0,0,0,0,0,0,0,0,0,0.0,0,4,4,0.0,0,0,0,1,3,1,0,12,4,8,33.3,0,0,0,0,0,24,14,1,9,1131,161,0,970,BUF,Atlantic,Eastern
2025-2026,20251111,10,PIT,5680,Thomas Novak,ROSTER,28.0,"6'1""",179.0,USA,"St. Paul, MN",False,C,17,2,5,7,1.29,0.29,0.12,0.41,11.5,8.5,0,1,1,2,0,0,0,1,0,0,0,0,0,0.0,0,44,22,9.1,8,9,14,4,26,10,4,43,18,25,41.9,2,4,2,4,0,284,161,66,53,12624,2242,1061,8993,PIT,Metropolitan,Eastern
2025-2026,20251111,24,EDM,4993,Ryan Nugent-Hopkins,INJURY_LIST,32.0,"6'0""",184.0,Canada,"Burnaby, BC",False,C,16,5,11,16,1.44,0.69,0.31,1.0,8.4,8.5,1,2,7,9,0,0,0,0,0,0,2,0,0,0.0,-11,51,23,21.7,4,16,12,7,7,9,3,92,38,54,41.3,2,4,1,2,0,346,160,90,93,18057,5103,1596,10927,EDM,Pacific,Western
2025-2026,20251111,24,EDM,5464,Darnell Nurse,ROSTER,30.0,"6'4""",221.0,Canada,"Hamilton, ON",False,D,17,3,4,7,2.12,0.24,0.18,0.41,72.3,21.3,1,0,0,0,0,0,0,0,0,0,0,0,0,0.0,-5,86,36,8.3,48,29,21,30,18,17,4,0,0,0,0.0,5,10,2,4,0,415,243,56,111,21221,3281,1124,16380,EDM,Pacific,Western
2025-2026,20251111,12,TOR,5418,William Nylander,ROSTER,29.0,"6'0""",196.0,Canada,"Calgary, AB",False,RW,13,8,15,23,1.92,1.15,0.62,1.77,8.1,17.0,2,1,3,4,0,0,0,0,0,0,0,0,0,0.0,6,60,25,32.0,6,17,18,2,3,15,6,25,11,14,44.0,4,8,1,2,0,307,140,117,59,15435,3856,1928,9612,TOR,Atlantic,Eastern
2025-2026,20251111,143,SEA,56632,Jani Nyman,ROSTER,21.0,"6'4""",217.0,Finland,Valkeakoski,False,RW,12,3,0,3,1.08,0.0,0.25,0.25,9.2,8.5,1,1,0,1,0,0,0,0,0,0,0,0,0,0.0,2,33,13,23.1,2,8,12,13,13,5,1,3,2,1,66.7,2,4,4,8,0,171,139,16,19,7621,1274,210,6137,SEA,Pacific,Western
2025-2026,20251111,2,WPJ,5026,Gustav Nyquist,ROSTER,36.0,"5'11""",179.0,Sweden,Halmstad,False,RW,11,0,5,5,1.27,0.45,0.0,0.45,9.0,0.0,0,0,2,2,0,0,0,0,0,0,0,0,0,0.0,1,26,14,0.0,5,8,4,6,10,7,2,9,5,4,55.6,0,0,3,6,0,184,113,51,20,8131,2472,792,4867,WPG,,
2025-2026,20251111,3,CAR,56329,Joel Nyström,ROSTER,23.0,"5'11""",170.0,Sweden,Karlstad,True,D,9,0,1,1,1.78,0.11,0.0,0.11,10.5,4.3,0,0,0,0,0,0,0,0,0,0,0,0,0,0.0,1,43,16,0.0,8,19,8,2,16,7,0,0,0,0,0.0,1,2,0,0,0,229,179,21,29,9291,949,80,8262,CAR,Metropolitan,Eastern
2025-2026,20251111,30,UTA,5452,Liam O'Brien,ROSTER,31.0,"6'1""",215.0,Canada,"Halifax, NS",False,C,6,1,0,1,1.67,0.0,0.17,0.17,10.0,17.4,0,0,0,0,0,0,0,0,0,0,0,0,0,0.0,-4,20,10,10.0,4,4,6,10,7,2,0,0,0,0,0.0,2,7,1,5,1,82,46,15,22,3399,743,417,2239,UTA,Central,Western
2025-2026,20251111,21,VAN,28409,Drew O'Connor,ROSTER,27.0,"6'3""",205.0,USA,"Wayne, New Jersey",True,LW,17,4,4,8,1.29,0.24,0.24,0.47,19.8,12.8,1,0,0,0,1,0,1,0,0,0,0,0,0,0.0,0,45,22,18.2,11,11,12,13,17,15,2,15,9,6,60.0,3,6,5,10,0,309,194,42,77,14469,1926,720,11823,VAN,Pacific,Western
2025-2026,20251111,25,MIN,43372,Liam Ohgren,ASSIGNED_TO_MINORS,21.0,"6'1""",201.0,Sweden,Stockholm,True,LW,5,0,0,0,0.8,0.0,0.0,0.0,5.5,0.0,0,0,0,0,0,0,0,0,0,0,0,0,0,0.0,-4,8,4,0.0,2,4,0,6,6,0,0,0,0,0,0.0,0,0,0,0,0,57,39,0,18,2752,245,0,2507,MIN,Central,Western
2025-2026,20251111,143,SEA,5156,Jamie Oleksiak,ROSTER,32.0,"6'7""",255.0,Canada,"Toronto, ON",False,D,15,2,0,2,0.87,0.0,0.13,0.13,38.5,8.5,0,0,0,0,0,0,0,0,0,0,0,0,0,0.0,1,29,13,15.4,22,10,6,24,17,16,8,0,0,0,0.0,2,4,3,6,0,330,179,54,94,14853,2675,775,11170,SEA,Pacific,Western
2025-2026,20251111,19,CBJ,17349,Mathieu Olivier,ROSTER,28.0,"6'2""",210.0,USA,"Biloxi, Mississippi",False,RW,15,1,4,5,1.33,0.27,0.07,0.33,38.7,70.3,0,0,0,0,0,0,0,0,0,0,0,0,0,0.0,0,39,20,5.0,11,9,10,49,13,4,2,0,0,0,0.0,7,37,9,27,3,262,135,71,55,12736,2263,881,9529,CBJ,Metropolitan,Eastern
2025-2026,20251111,22,COL,15140,Victor Olofsson,ROSTER,30.0,"5'11""",183.0,Sweden,Ornskoldsvik,False,LW,16,5,9,14,2.81,0.56,0.31,0.88,7.3,8.5,1,2,4,6,0,0,0,0,0,0,1,0,0,0.0,-1,72,45,11.1,4,16,11,5,11,13,5,0,0,0,0.0,2,4,2,4,0,292,128,118,51,13572,3762,1606,8204,COL,Central,Western
2025-2026,20251111,18,NSH,4703,Ryan O'Reilly,ROSTER,34.0,"6'1""",216.0,Canada,"Clinton, ON",False,C,18,6,7,13,1.67,0.39,0.33,0.72,20.8,0.0,2,1,1,2,1,0,1,2,0,0,1,0,1,100.0,-3,56,30,20.0,15,9,17,6,17,8,13,321,186,135,57.9,0,0,1,2,0,416,198,123,102,21046,7175,2697,11300,NSH,Central,Western
2025-2026,20251111,26,SJS,5036,Dmitry Orlov,ROSTER,34.0,"5'11""",208.0,Russia,Novokuznetsk,False,D,16,0,11,11,1.38,0.69,0.0,0.69,37.3,29.8,0,0,4,4,0,0,0,0,0,0,0,0,0,0.0,1,42,22,0.0,21,14,6,24,18,23,5,0,0,0,0.0,7,14,1,2,0,406,210,77,119,21655,5764,1080,14812,SJS,Pacific,Western
2025-2026,20251111,15,BUF,43366,Noah Ostlund,ROSTER,21.0,"5'10""",164.0,Sweden,Nykvarn,True,C,7,1,1,2,1.0,0.14,0.14,0.29,6.4,0.0,0,0,0,0,0,0,0,0,0,0,0,0,0,0.0,1,11,7,14.3,5,3,1,1,3,1,0,50,15,35,30.0,0,0,0,0,0,117,104,9,5,4872,590,67,4215,BUF,Atlantic,Eastern
2025-2026,20251111,9,NYR,34526,Brennan Othmann,ASSIGNED_TO_MINORS,22.0,"6'0""",175.0,Canada,"Scarborough, ON",True,LW,1,0,0,0,1.0,0.0,0.0,0.0,1.1,0.0,0,0,0,0,0,0,0,0,0,0,0,0,0,0.0,-1,2,1,0.0,0,1,0,2,1,0,0,0,0,0,0.0,0,0,0,0,0,16,11,0,5,751,0,0,751,NYR,Metropolitan,Eastern
2025-2026,20251111,5,WSH,3495,Alex Ovechkin,ROSTER,40.0,"6'3""",236.0,Russia,Moscow,False,LW,15,3,7,10,2.33,0.47,0.2,0.67,16.4,4.3,1,0,2,2,0,0,0,2,0,0,1,1,0,0.0,3,105,35,8.6,1,41,29,29,5,15,2,1,1,0,100.0,1,2,1,2,0,298,171,71,57,16369,5726,1478,8918,WSH,Metropolitan,Eastern
2025-2026,20251111,23,CGY,18227,Brayden Pachal,ROSTER,26.0,"6'0""",200.0,Canada,"Estevan, SK",False,D,10,0,1,1,0.8,0.1,0.0,0.1,18.2,24.8,0,0,0,0,0,0,0,0,0,0,0,0,0,0.0,-2,23,8,0.0,7,10,5,19,16,9,3,0,0,0,0.0,4,16,4,10,0,191,120,31,40,7910,958,442,6510,CGY,Pacific,Western
2025-2026,20251111,8,NYI,5207,Jean-Gabriel Pageau,ROSTER,33.0,"5'10""",180.0,Canada,"Ottawa, ON",False,C,16,5,6,11,1.12,0.38,0.31,0.69,31.9,0.0,1,0,0,0,1,2,3,1,0,0,0,0,0,0.0,1,33,18,27.8,15,7,8,27,15,12,7,244,151,93,61.9,0,0,1,2,0,340,156,93,96,14759,3225,839,10695,NYI,Metropolitan,Eastern
2025-2026,20251111,7,NJD,5178,Ondrej Palat,ROSTER,34.0,"5'11""",194.0,Czech Republic,Frydek-Mistek,False,LW,16,1,1,2,1.19,0.06,0.06,0.12,36.4,0.0,0,0,1,1,0,0,0,0,0,0,0,0,0,0.0,0,36,19,5.3,18,4,13,29,25,5,1,4,1,3,25.0,0,0,5,10,0,306,170,57,80,12494,3108,626,8760,NJD,Metropolitan,Eastern
2025-2026,20251111,8,NYI,4796,Kyle Palmieri,ROSTER,34.0,"5'11""",185.0,USA,"Smithtown, NY",False,C,16,5,8,13,2.94,0.5,0.31,0.81,16.7,17.0,1,1,4,5,0,0,0,0,0,0,0,0,0,0.0,-1,81,47,10.6,7,13,21,16,12,13,4,3,2,1,66.7,4,8,3,8,0,358,192,84,87,18417,5834,959,11624,NYI,Metropolitan,Eastern
2025-2026,20251111,9,NYR,5811,Artemi Panarin,ROSTER,34.0,"5'11""",170.0,Russia,Korkino,False,LW,17,5,7,12,3.06,0.41,0.29,0.71,3.4,4.3,1,0,3,3,0,0,0,2,0,0,0,0,0,0.0,-3,121,52,9.6,2,35,36,2,6,20,4,0,0,0,0.0,1,2,1,2,0,383,185,91,97,21270,3565,1303,15555,NYR,Metropolitan,Eastern
2025-2026,20251111,17,STL,5826,Colton Parayko,ROSTER,32.0,"6'6""",230.0,Canada,"St. Albert, AB",False,D,16,0,6,6,1.31,0.38,0.0,0.38,47.9,12.8,0,0,0,0,0,0,0,0,0,0,0,0,0,0.0,-3,59,21,0.0,34,20,18,15,24,21,8,0,0,0,0.0,3,6,3,6,0,464,251,98,115,22179,4173,1626,16380,STL,Central,Western
2025-2026,20251111,23,CGY,142360,Zayne Parekh,ROSTER,,,,,,False,D,11,0,1,1,1.0,0.09,0.0,0.09,8.5,0.0,0,0,1,1,0,0,0,0,0,0,0,0,0,0.0,0,35,11,0.0,5,18,6,5,19,17,3,0,0,0,0.0,0,0,4,8,0,220,183,32,5,9744,1736,105,7903,CGY,Pacific,Western
2025-2026,20251111,9,NYR,34307,Juuso Parssinen,ROSTER,24.0,"6'2""",203.0,Finland,Hmeenlinna,True,C,12,2,1,3,0.83,0.08,0.17,0.25,18.0,4.3,0,0,0,0,0,0,0,0,0,0,0,0,0,0.0,2,19,10,20.0,9,4,5,14,10,6,3,28,13,15,46.4,1,2,2,4,0,162,112,21,27,6614,775,337,5312,NYR,Metropolitan,Eastern
2025-2026,20251111,11,BOS,5437,David Pastrnak,ROSTER,29.0,"6'0""",194.0,Czech Republic,Havirov,False,RW,17,8,11,19,3.53,0.65,0.47,1.12,20.0,25.6,2,3,5,8,0,0,0,1,0,0,0,0,0,0.0,-3,130,60,13.3,4,48,22,29,18,27,6,0,0,0,0.0,6,12,7,14,0,356,196,97,71,20274,6142,1515,12617,BOS,Atlantic,Eastern
2025-2026,20251111,2,WPJ,5292,Tanner Pearson,ROSTER,33.0,"6'1""",201.0,Canada,"Kitchener, ON",False,LW,15,2,1,3,0.8,0.07,0.13,0.2,22.0,21.3,0,0,0,0,0,0,0,0,0,0,0,0,0,0.0,-1,20,12,16.7,12,4,4,15,8,10,2,4,2,2,50.0,5,10,1,2,0,260,119,80,63,10144,1958,1184,7002,WPG,,
2025-2026,20251111,11,BOS,15999,Andrew Peeke,ROSTER,27.0,"6'3""",194.0,USA,"Parkland, FL",False,D,17,0,4,4,1.12,0.24,0.0,0.24,60.5,0.0,0,0,0,0,0,0,0,0,0,0,0,0,0,0.0,-2,48,19,0.0,42,15,14,21,28,16,3,0,0,0,0.0,0,0,0,0,0,426,238,68,120,20126,2116,1044,16966,BOS,Atlantic,Eastern
2025-2026,20251111,8,NYI,5856,Adam Pelech,ROSTER,31.0,"6'3""",218.0,Canada,"Toronto, ON",False,D,16,0,2,2,1.12,0.12,0.0,0.12,28.5,12.8,0,0,0,0,0,0,0,0,0,0,0,0,0,0.0,9,64,18,0.0,22,22,24,5,23,14,6,0,0,0,0.0,3,6,3,6,0,420,216,78,126,18394,2409,1170,14815,NYI,Metropolitan,Eastern
2025-2026,20251111,18,NSH,38801,Nicklaus Perbix,ROSTER,27.0,"6'4""",200.0,USA,"Minneapolis, MN",True,D,18,2,1,3,1.44,0.06,0.11,0.17,28.5,12.8,0,0,0,0,0,0,0,0,0,0,0,0,0,0.0,-4,58,26,7.7,22,24,8,5,21,20,3,0,0,0,0.0,3,6,0,0,0,456,274,101,83,22230,3032,1916,17282,NSH,Central,Western
2025-2026,20251111,2,WPJ,28522,Cole Perfetti,ROSTER,23.0,"5'10""",177.0,Canada,"Whitby, ON",True,C,1,0,0,0,1.0,0.0,0.0,0.0,1.2,4.3,0,0,0,0,0,0,0,0,0,0,0,0,0,0.0,0,6,1,0.0,1,2,3,0,1,2,0,0,0,0,0.0,1,2,0,0,0,22,11,11,0,1079,518,103,458,WPG,,
2025-2026,20251111,9,NYR,142684,Gabe Perreault,ROSTER,,,,,,False,RW,1,0,1,1,1.0,1.0,0.0,1.0,1.2,0.0,0,0,1,1,0,0,0,0,0,0,0,0,0,0.0,1,2,1,0.0,1,0,1,0,0,1,0,0,0,0,0.0,0,0,0,0,0,21,20,1,0,848,202,0,646,NYR,Metropolitan,Eastern
2025-2026,20251111,13,OTT,4307,David Perron,ROSTER,37.0,"6'0""",200.0,Canada,"Sherbrooke, QC",False,LW,16,2,7,9,1.12,0.44,0.12,0.56,17.6,17.0,0,2,2,4,0,0,0,0,0,0,0,0,0,0.0,-4,30,18,11.1,6,6,6,20,11,6,2,2,0,2,0.0,4,8,5,10,0,334,156,90,90,13843,3931,1337,8575,OTT,Atlantic,Eastern
2025-2026,20251111,28,LAK,3626,Corey Perry,ROSTER,40.0,"6'3""",205.0,Canada,"Peterborough, ON",False,RW,10,7,4,11,2.5,0.4,0.7,1.1,5.1,17.4,2,1,2,3,0,0,0,0,0,0,2,1,0,0.0,5,40,25,28.0,3,7,8,3,12,5,1,6,3,3,50.0,2,7,5,15,1,176,100,51,32,8885,2970,822,5093,LAK,Pacific,Western
2025-2026,20251111,7,NJD,5845,Brett Pesce,ROSTER,30.0,"6'3""",206.0,USA,"Tarrytown, NY",False,D,9,0,3,3,0.89,0.33,0.0,0.33,30.3,4.3,0,0,0,0,0,0,0,0,0,0,0,0,0,0.0,3,17,8,0.0,24,5,4,4,10,4,2,0,0,0,0.0,1,2,1,2,0,193,89,44,60,10614,1679,548,8387,NJD,Metropolitan,Eastern
2025-2026,20251111,30,UTA,28525,John-Jason Peterka,ROSTER,23.0,"5'11""",192.0,Germany,Munich,True,RW,16,4,6,10,1.88,0.38,0.25,0.62,6.3,12.8,1,0,0,0,0,0,0,1,0,0,0,0,0,0.0,2,60,30,13.3,4,21,9,3,13,19,6,8,3,5,37.5,3,6,3,6,0,335,185,42,112,15692,1399,388,13905,UTA,Central,Western
2025-2026,20251111,27,DAL,5213,Alex Petrovic,ROSTER,33.0,"6'4""",216.0,Canada,"Edmonton, AB",False,D,14,0,3,3,1.0,0.21,0.0,0.21,26.9,38.0,0,0,0,0,0,0,0,0,0,0,0,0,0,0.0,-3,26,14,0.0,13,12,0,22,27,12,2,0,0,0,0.0,5,21,1,5,1,216,132,26,56,11073,2701,460,7833,DAL,Central,Western
2025-2026,20251111,4,FLO,4929,Jeff Petry,ROSTER,37.0,"6'3""",209.0,USA,"Ann Arbor, MI",False,D,16,0,5,5,0.69,0.31,0.0,0.31,25.3,12.8,0,0,2,2,0,0,0,0,0,0,0,0,0,0.0,-3,35,11,0.0,17,15,9,10,24,18,0,0,0,0,0.0,3,6,0,0,0,320,175,65,80,14178,3549,809,9820,FLA,,
2025-2026,20251111,21,VAN,15084,Elias Pettersson,ROSTER,26.0,"6'2""",176.0,Sweden,Sundsvall,False,C,17,3,8,11,1.65,0.47,0.18,0.65,53.0,4.3,1,1,3,4,0,0,0,0,0,0,2,1,0,0.0,-2,67,28,10.7,37,14,25,18,16,16,8,360,172,188,47.8,1,2,4,8,0,392,213,114,68,20385,4065,3252,13068,VAN,Pacific,Western
2025-2026,20251111,21,VAN,56700,Elias Nils Pettersson,ROSTER,21.0,"6'2""",185.0,Sweden,Västerås,False,D,16,0,2,2,0.44,0.12,0.0,0.12,30.7,8.5,0,0,0,0,0,0,0,0,0,0,0,0,0,0.0,-1,28,7,0.0,18,13,8,18,24,17,4,0,0,0,0.0,2,4,6,15,0,298,229,20,49,13113,1488,142,11483,VAN,Pacific,Western
2025-2026,20251111,21,VAN,14114,Marcus Pettersson,ROSTER,29.0,"6'3""",177.0,Sweden,Skellefteå,False,D,17,0,3,3,0.76,0.18,0.0,0.18,41.7,43.0,0,0,0,0,0,0,0,0,0,0,0,0,0,0.0,4,38,13,0.0,31,11,14,10,36,17,3,0,0,0,0.0,8,19,1,5,1,407,219,48,140,21220,2614,1018,17588,VAN,Pacific,Western
2025-2026,20251111,24,EDM,39040,Noah Philp,ROSTER,27.0,"6'3""",200.0,Canada,"Canmore, AB",True,C,11,2,1,3,0.82,0.09,0.18,0.27,12.4,8.5,0,0,0,0,0,0,0,0,0,0,0,0,0,0.0,-5,16,9,22.2,2,6,1,19,10,5,4,77,45,32,58.4,2,4,2,4,0,156,87,44,26,6933,1299,640,4980,EDM,Pacific,Western
2025-2026,20251111,10,PIT,43371,Owen Pickering,ROSTER,21.0,"6'4""",180.0,Canada,"St. Adolphe, MB",True,D,4,0,0,0,0.25,0.0,0.0,0.0,2.9,4.3,0,0,0,0,0,0,0,0,0,0,0,0,0,0.0,-3,6,1,0.0,2,4,1,1,6,4,1,0,0,0,0.0,1,2,0,0,0,73,60,2,11,2903,311,32,2560,PIT,Metropolitan,Eastern
2025-2026,20251111,13,OTT,30027,Shane Pinto,ROSTER,24.0,"6'3""",201.0,USA,"Franklin Square, NY",True,C,16,8,6,14,2.69,0.38,0.5,0.88,20.2,25.6,2,0,0,0,0,1,1,1,0,0,1,0,1,100.0,3,93,43,18.6,10,19,31,16,18,14,5,199,115,84,57.8,6,12,6,12,0,421,197,81,152,18530,2535,689,15457,OTT,Atlantic,Eastern
2025-2026,20251111,2,WPJ,14095,Neal Pionk,ROSTER,30.0,"6'0""",186.0,USA,"Hermantown, MN",False,D,15,0,2,2,2.13,0.13,0.0,0.13,45.3,21.3,0,0,1,1,0,0,0,0,0,0,0,0,0,0.0,1,79,32,0.0,26,33,14,28,14,14,4,0,0,0,0.0,5,10,2,4,0,426,245,118,63,21316,4274,2376,14666,WPG,,
2025-2026,20251111,25,MIN,5274,Tyler Pitlick,ASSIGNED_TO_MINORS,34.0,"6'2""",200.0,USA,"Minneapolis, MN",False,C,9,0,0,0,0.67,0.0,0.0,0.0,19.7,34.4,0,0,0,0,0,0,0,0,0,0,0,0,0,0.0,-3,10,6,0.0,6,2,2,24,5,3,1,0,0,0,0.0,3,22,2,7,1,84,44,28,13,3986,989,247,2750,MIN,Central,Western
2025-2026,20251111,24,EDM,30369,Vasily Podkolzin,ROSTER,24.0,"6'1""",190.0,Russia,Moscow,True,RW,17,2,5,7,1.71,0.29,0.12,0.41,45.3,8.5,0,0,0,0,0,0,0,1,0,0,0,0,0,0.0,3,46,29,6.9,13,8,9,57,14,9,4,9,3,6,33.3,2,4,1,2,0,316,198,94,17,15133,3261,1696,9767,EDM,Pacific,Western
2025-2026,20251111,29,ANA,13640,Ryan Poehling,ROSTER,26.0,"6'2""",204.0,USA,"Lakeville, MN",False,C,15,1,5,6,0.73,0.33,0.07,0.4,17.8,8.5,0,0,0,0,0,0,0,0,0,0,0,0,0,0.0,-2,25,11,9.1,12,7,7,7,16,9,2,163,73,90,44.8,2,4,2,4,0,274,132,50,93,11161,1436,473,9252,ANA,Pacific,Western
2025-2026,20251111,1,TBL,10079,Brayden Point,ROSTER,29.0,"5'10""",166.0,Canada,"Calgary, AB",False,C,15,3,6,9,2.07,0.4,0.2,0.6,9.8,8.5,1,1,2,3,0,0,0,0,0,0,0,0,0,0.0,-9,56,31,9.7,7,12,13,3,11,16,3,171,74,97,43.3,2,4,4,8,0,338,173,110,58,17083,4450,3197,9436,TBL,Atlantic,Eastern
2025-2026,20251111,15,BUF,34475,Owen Power,ROSTER,22.0,"6'6""",214.0,Canada,"Mississauga, ON",True,D,14,2,4,6,1.43,0.29,0.14,0.43,19.5,4.3,0,0,0,0,0,2,2,0,0,0,0,0,0,0.0,-5,48,20,10.0,13,18,10,8,20,13,3,0,0,0,0.0,1,2,1,2,0,378,229,53,98,18079,2119,452,15508,BUF,Atlantic,Eastern
2025-2026,20251111,5,WSH,28499,Aliaksei Protas,ROSTER,24.0,"6'5""",190.0,Belarus,Vitebsk,True,C,15,5,5,10,2.4,0.33,0.33,0.67,17.2,8.5,1,0,1,1,0,0,0,1,0,0,0,0,0,0.0,6,72,36,13.9,11,15,21,8,12,16,4,10,2,8,20.0,2,4,4,8,0,342,215,82,47,16278,3542,1064,11553,WSH,Metropolitan,Eastern
2025-2026,20251111,19,CBJ,5602,Ivan Provorov,ROSTER,28.0,"6'1""",201.0,Russia,Yaroslavl,False,D,15,3,3,6,2.2,0.2,0.2,0.4,26.6,12.8,1,0,0,0,0,0,0,0,0,0,0,0,0,0.0,3,66,33,9.1,19,18,15,8,15,23,7,0,0,0,0.0,3,6,3,6,0,384,193,93,97,21628,3564,1105,16694,CBJ,Metropolitan,Eastern
2025-2026,20251111,8,NYI,5815,Ryan Pulock,ROSTER,31.0,"6'2""",217.0,Canada,"Dauphin, MB",False,D,16,0,7,7,1.06,0.44,0.0,0.44,38.7,0.0,0,0,0,0,0,1,1,0,0,0,0,0,0,0.0,5,44,17,0.0,28,19,8,11,19,21,5,0,0,0,0.0,0,0,0,0,0,437,227,153,57,19418,2430,2472,14516,NYI,Metropolitan,Eastern
2025-2026,20251111,15,BUF,28524,Jack Quinn,ROSTER,24.0,"6'0""",176.0,Canada,"Ottawa, ON",True,RW,15,3,4,7,1.6,0.27,0.2,0.47,11.8,0.0,1,2,0,2,0,0,0,1,0,0,1,0,0,0.0,-7,47,24,12.5,6,11,12,9,19,13,2,2,0,2,0.0,0,0,1,2,0,314,193,48,76,14179,1629,642,11908,BUF,Atlantic,Eastern
2025-2026,20251111,1,TBL,18138,Darren Raddysh,ROSTER,29.0,"6'0""",201.0,Canada,"Caledon, ON",False,D,9,1,2,3,1.67,0.22,0.11,0.33,8.5,4.3,0,0,0,0,0,0,0,0,0,0,0,0,0,0.0,-4,37,15,6.7,5,16,6,5,14,6,1,0,0,0,0.0,1,2,0,0,0,159,85,37,39,7643,1760,798,5089,TBL,Atlantic,Eastern
2025-2026,20251111,9,NYR,15229,Taylor Raddysh,ROSTER,27.0,"6'2""",198.0,Canada,"Toronto, ON",False,RW,17,5,1,6,1.24,0.06,0.29,0.35,14.6,4.3,1,0,0,0,1,0,1,0,0,0,0,0,0,0.0,3,33,21,23.8,7,3,9,12,8,6,5,3,0,3,0.0,1,2,0,0,0,311,164,75,68,13005,2642,910,8962,NYR,Metropolitan,Eastern
2025-2026,20251111,10,PIT,5144,Rickard Rakell,INJURY_LIST,32.0,"6'0""",196.0,Sweden,Sundbyberg,False,RW,9,3,5,8,1.89,0.56,0.33,0.89,16.5,4.3,1,1,2,3,0,1,1,0,0,0,0,0,0,0.0,1,36,17,17.6,10,9,10,9,12,4,3,6,1,5,16.7,1,2,0,0,0,195,79,90,21,9580,1467,2444,5305,PIT,Metropolitan,Eastern
2025-2026,20251111,27,DAL,5605,Mikko Rantanen,ROSTER,29.0,"6'4""",215.0,Finland,Nousiainen,False,RW,16,8,13,21,2.81,0.81,0.5,1.31,20.8,38.3,2,4,8,12,0,0,0,1,0,0,3,1,1,33.33,-5,89,45,17.8,11,24,20,15,18,13,1,22,10,12,45.5,9,18,11,22,0,369,191,74,106,20790,5412,884,14331,DAL,Central,Western
2025-2026,20251111,16,DET,13624,Michael Rasmussen,ROSTER,26.0,"6'6""",221.0,Canada,"Surrey, BC",False,C,14,1,2,3,0.93,0.14,0.07,0.21,19.3,8.5,0,0,0,0,0,0,0,0,0,0,0,0,0,0.0,-5,28,13,7.7,11,5,11,12,14,3,1,103,59,44,57.3,2,4,1,2,0,238,128,47,64,9580,1396,537,7647,DET,Atlantic,Eastern
2025-2026,20251111,21,VAN,32262,Aatu Raty,ROSTER,22.0,"6'2""",185.0,Finland,Oulu,True,C,15,1,5,6,0.8,0.33,0.07,0.4,28.1,17.0,0,0,0,0,0,0,0,0,0,0,0,0,0,0.0,3,35,12,8.3,6,7,16,40,12,6,2,190,107,83,56.3,4,8,2,4,0,287,192,43,53,11635,2028,558,9049,VAN,Pacific,Western
2025-2026,20251111,16,DET,19050,Lucas Raymond,ROSTER,23.0,"5'11""",170.0,Sweden,Goteborg,True,LW,14,4,9,13,2.0,0.64,0.29,0.93,10.2,4.3,1,1,3,4,0,0,0,1,0,0,2,0,1,50.0,3,62,28,14.3,6,17,17,6,11,15,10,1,1,0,100.0,1,2,7,14,0,301,173,46,87,14943,2892,1009,11217,DET,Atlantic,Eastern
2025-2026,20251111,26,SJS,4892,Ryan Reaves,ROSTER,38.0,"6'2""",225.0,Canada,"Winnipeg, MB",False,RW,12,2,0,2,0.67,0.0,0.17,0.17,23.9,30.6,0,0,0,0,0,0,0,0,0,0,0,0,0,0.0,-3,12,8,25.0,2,1,3,41,4,2,1,0,0,0,0.0,3,12,2,10,2,122,73,33,19,4899,1579,211,3112,SJS,Pacific,Western
2025-2026,20251111,24,EDM,24516,Alec Regula,ROSTER,25.0,"6'4""",203.0,USA,"West Bloomfield, MI",False,D,4,0,0,0,0.75,0.0,0.0,0.0,8.6,4.3,0,0,0,0,0,0,0,0,0,0,0,0,0,0.0,-2,6,3,0.0,6,2,1,3,10,3,0,0,0,0,0.0,1,2,0,0,0,73,36,14,22,3527,758,191,2506,EDM,Pacific,Western
2025-2026,20251111,20,CHI,30422,Lukas Reichel,ROSTER,23.0,"6'0""",170.0,Germany,Nürnberg,True,LW,5,2,2,4,1.2,0.4,0.4,0.8,4.1,4.3,0,0,0,0,0,0,0,0,0,0,0,0,0,0.0,1,10,6,33.3,3,2,2,1,1,4,1,7,2,5,28.6,1,2,0,0,0,66,38,8,22,2959,149,68,2742,CHI,Central,Western
2025-2026,20251111,20,CHI,30422,Lukas Reichel,ROSTER,23.0,"6'0""",170.0,Germany,Nürnberg,True,LW,5,2,2,4,1.2,0.4,0.4,0.8,4.1,4.3,0,0,0,0,0,0,0,0,0,0,0,0,0,0.0,1,10,6,33.3,3,2,2,1,1,4,1,7,2,5,28.6,1,2,0,0,0,66,38,8,22,2959,149,68,2742,CHI,Central,Western
2025-2026,20251111,21,VAN,30422,Lukas Reichel,ROSTER,23.0,"6'0""",170.0,Germany,Nürnberg,True,LW,9,0,1,1,1.0,0.11,0.0,0.11,9.2,4.3,0,0,0,0,0,0,0,0,0,0,0,0,0,0.0,-6,23,9,0.0,6,4,10,4,6,7,0,90,35,55,38.9,1,2,0,0,0,169,121,26,22,8083,1129,464,6490,VAN,Pacific,Western
2025-2026,20251111,21,VAN,30422,Lukas Reichel,ROSTER,23.0,"6'0""",170.0,Germany,Nürnberg,True,LW,9,0,1,1,1.0,0.11,0.0,0.11,9.2,4.3,0,0,0,0,0,0,0,0,0,0,0,0,0,0.0,-6,23,9,0.0,6,4,10,4,6,7,0,90,35,55,38.9,1,2,0,0,0,169,121,26,22,8083,1129,464,6490,VAN,Pacific,Western
2025-2026,20251111,3,CAR,5814,Mike Reilly,ROSTER,32.0,"6'1""",200.0,USA,"Chanhassen, MN",False,D,12,1,4,5,1.67,0.33,0.08,0.42,24.3,4.3,0,0,0,0,1,0,1,0,0,0,0,0,0,0.0,11,53,20,5.0,18,20,13,6,17,10,0,0,0,0,0.0,1,2,2,4,0,319,167,66,87,13308,2448,727,10133,CAR,Metropolitan,Eastern
2025-2026,20251111,142,VGK,30061,Cole Reinhardt,ROSTER,25.0,"6'1""",203.0,Canada,"Calgary, AB",True,LW,9,1,1,2,0.22,0.11,0.11,0.22,9.5,4.3,0,0,0,0,0,0,0,0,0,0,0,0,0,0.0,-3,12,2,50.0,0,4,6,18,3,7,0,2,1,1,50.0,1,2,1,2,0,111,75,29,8,4648,1007,427,3214,VGK,Pacific,Western
2025-2026,20251111,4,FLO,5416,Sam Reinhart,ROSTER,30.0,"6'1""",194.0,Canada,"North Vancouver, BC",False,C,16,8,1,9,3.0,0.06,0.5,0.56,23.6,4.3,2,2,1,3,1,0,1,3,0,0,2,0,0,0.0,-8,109,48,16.7,12,21,40,18,25,10,2,62,20,42,32.3,1,2,2,4,0,382,172,134,84,20476,4129,3337,13010,FLA,,
2025-2026,20251111,9,NYR,34418,Matt Rempe,ROSTER,23.0,"6'8""",205.0,Canada,"Calgary, AB",True,C,9,1,0,1,0.89,0.0,0.11,0.11,18.1,17.4,0,0,0,0,0,0,0,0,0,0,0,0,0,0.0,1,16,8,12.5,2,3,5,30,7,2,1,5,2,3,40.0,2,7,2,7,1,122,83,32,2,5296,1096,359,3591,NYR,Metropolitan,Eastern
2025-2026,20251111,12,TOR,5261,Morgan Rielly,ROSTER,31.0,"6'1""",219.0,Canada,"West Vancouver, BC",False,D,15,2,11,13,1.87,0.73,0.13,0.87,20.7,4.3,0,0,1,1,0,0,0,1,0,0,0,0,0,0.0,-4,72,28,7.1,14,22,22,8,23,33,3,0,0,0,0.0,1,2,1,2,0,428,244,93,93,19391,4131,1178,14082,TOR,Atlantic,Eastern
2025-2026,20251111,20,CHI,56353,Sam Rinzel,ROSTER,21.0,"6'3""",180.0,USA,"Chanhassen, MN",False,D,16,1,2,3,1.56,0.12,0.06,0.19,33.7,25.6,0,0,0,0,0,0,0,0,0,0,0,0,0,0.0,2,71,25,4.0,21,33,13,17,23,21,2,0,0,0,0.0,6,12,2,4,0,336,249,37,48,18102,2955,137,14797,CHI,Central,Western
2025-2026,20251111,8,NYI,134181,Calum Ritchie,ROSTER,20.0,"6'2""",185.0,Canada,"Oakville, ON",True,C,6,0,0,0,0.5,0.0,0.0,0.0,7.6,12.8,0,0,0,0,0,0,0,0,0,0,0,0,0,0.0,0,8,3,0.0,6,2,3,1,7,6,0,48,18,30,37.5,3,6,1,2,0,98,77,9,12,4390,440,42,3908,NYI,Metropolitan,Eastern
2025-2026,20251111,27,DAL,18026,Jason Robertson,ROSTER,26.0,"6'2""",194.0,USA,"Northville, MI",False,LW,16,3,11,14,3.94,0.69,0.19,0.88,15.3,0.0,1,2,6,8,0,0,0,0,0,0,3,0,2,66.67,-1,107,63,4.8,9,20,24,9,18,22,10,1,0,1,0.0,0,0,3,6,0,359,185,85,87,19647,4598,1039,13802,DAL,Central,Western
2025-2026,20251111,9,NYR,29769,Matthew Robertson,ROSTER,24.0,"6'4""",202.0,Canada,"Sherwood Park, AB",True,D,9,1,0,1,0.78,0.0,0.11,0.11,19.1,8.5,0,0,0,0,0,0,0,0,0,0,0,0,0,0.0,-3,25,7,14.3,10,11,7,14,15,7,0,0,0,0,0.0,2,4,0,0,0,193,126,27,41,8939,1109,217,7613,NYR,Metropolitan,Eastern
2025-2026,20251111,12,TOR,20226,Nicholas Robertson,ROSTER,24.0,"5'9""",162.0,USA,"Pasadena, CA",True,LW,15,4,5,9,2.0,0.33,0.27,0.6,14.8,0.0,1,1,0,1,0,0,0,1,0,0,0,0,0,0.0,-1,49,30,13.3,5,7,12,17,9,13,4,1,0,1,0.0,0,0,1,2,0,260,155,71,38,11684,2304,857,8523,TOR,Atlantic,Eastern
2025-2026,20251111,3,CAR,14154,Eric Robinson,ROSTER,30.0,"6'2""",197.0,USA,"Bellmawr, New Jersey",False,LW,9,4,1,5,1.33,0.11,0.44,0.56,8.1,0.0,1,0,0,0,0,0,0,1,0,0,0,0,0,0.0,4,20,12,33.3,2,2,6,11,10,3,1,1,0,1,0.0,0,0,2,4,0,133,68,35,34,5427,685,459,4283,CAR,Metropolitan,Eastern
2025-2026,20251111,4,FLO,9075,Evan Rodrigues,ROSTER,32.0,"5'11""",184.0,Canada,"Toronto, ON",False,C,16,3,5,8,2.5,0.31,0.19,0.5,21.6,17.0,1,0,2,2,0,0,0,0,0,0,1,0,0,0.0,-1,67,40,7.5,9,13,14,21,14,11,7,153,70,83,45.8,4,8,5,13,0,349,188,110,53,16299,2947,2667,10669,FLA,,
2025-2026,20251111,8,NYI,14561,Alexander Romanov,ROSTER,25.0,"6'1""",209.0,Russia,Moscow,True,D,11,0,0,0,1.0,0.0,0.0,0.0,39.7,12.8,0,0,0,0,0,0,0,0,0,0,0,0,0,0.0,-6,28,11,0.0,23,11,6,24,29,10,3,0,0,0,0.0,3,6,1,2,0,247,174,25,48,12461,1848,352,10261,NYI,Metropolitan,Eastern
2025-2026,20251111,15,BUF,34464,Isak Rosen,ROSTER,22.0,"5'11""",156.0,Sweden,Stockholm,True,RW,4,1,1,2,1.5,0.25,0.25,0.5,6.3,0.0,0,0,0,0,0,0,0,0,0,0,0,0,0,0.0,-1,14,6,16.7,4,4,4,3,1,2,1,0,0,0,0.0,0,0,0,0,0,80,53,10,18,3708,679,96,2933,BUF,Atlantic,Eastern
2025-2026,20251111,24,EDM,5620,Jack Roslovic,ROSTER,28.0,"6'1""",187.0,USA,"Columbus, OH",False,C,15,4,6,10,2.33,0.4,0.27,0.67,8.5,12.8,1,2,1,3,0,0,0,1,0,1,0,0,0,0.0,4,61,35,11.4,5,9,17,5,9,10,5,21,10,11,47.6,3,6,3,6,0,292,145,110,31,15272,4047,2271,8527,EDM,Pacific,Western
2025-2026,20251111,25,MIN,28380,Marco Rossi,ROSTER,24.0,"5'9""",183.0,Austria,Feldkirch,True,C,16,4,9,13,1.69,0.56,0.25,0.81,15.2,4.3,1,0,5,5,0,0,0,0,0,0,1,0,1,100.0,-6,55,27,14.8,8,13,15,11,15,13,4,211,102,109,48.3,1,2,2,4,0,327,193,78,61,17383,3009,1212,13402,MIN,Central,Western
2025-2026,20251111,14,MTL,38746,Joshua Roy,ASSIGNED_TO_MINORS,22.0,"6'0""",190.0,Canada,"St-Georges-de-Beauce, QC",True,RW,1,0,0,0,0.0,0.0,0.0,0.0,2.1,0.0,0,0,0,0,0,0,0,0,0,0,0,0,0,0.0,0,0,0,0.0,0,0,0,4,1,0,0,0,0,0,0.0,0,0,0,0,0,10,4,3,3,478,76,0,402,MTL,Atlantic,Eastern
2025-2026,20251111,5,WSH,5789,Matt Roy,ROSTER,30.0,"6'1""",200.0,USA,"Canton, MI",False,D,15,0,2,2,1.53,0.13,0.0,0.13,48.3,8.5,0,0,0,0,0,0,0,0,0,0,0,0,0,0.0,6,50,23,0.0,33,19,8,18,36,11,1,0,0,0,0.0,2,4,2,4,0,321,155,51,114,17848,2000,667,15136,WSH,Metropolitan,Eastern
2025-2026,20251111,12,TOR,14391,Nicolas Roy,ROSTER,28.0,"6'4""",200.0,Canada,"Amos, QC",False,C,16,1,3,4,0.81,0.19,0.06,0.25,21.9,8.5,0,0,0,0,0,0,0,0,0,0,0,0,0,0.0,-3,21,13,7.7,11,5,3,17,13,20,7,186,94,92,50.5,2,4,3,8,0,327,164,111,53,13738,2418,2216,9104,TOR,Atlantic,Eastern
2025-2026,20251111,10,PIT,5500,Bryan Rust,ROSTER,33.0,"5'11""",192.0,USA,"Pontiac, MI",False,RW,15,5,10,15,2.4,0.67,0.33,1.0,23.3,12.8,1,1,6,7,0,0,0,3,0,0,3,0,1,33.33,0,61,36,13.9,18,8,17,4,16,21,1,1,0,1,0.0,3,6,5,10,0,353,148,165,46,18381,3444,4015,11028,PIT,Metropolitan,Eastern
2025-2026,20251111,142,VGK,5014,Brandon Saad,ROSTER,33.0,"6'1""",206.0,USA,"Pittsburgh, PA",False,LW,15,0,2,2,1.53,0.13,0.0,0.13,10.5,4.3,0,0,0,0,0,0,0,0,0,0,0,0,0,0.0,1,45,23,0.0,8,14,8,2,5,13,4,13,4,9,30.8,1,2,1,2,0,275,132,73,71,12762,4090,1008,7652,VGK,Pacific,Western
2025-2026,20251111,4,FLO,37976,Mackie Samoskevich,ROSTER,22.0,"5'11""",191.0,USA,"Newtown, CT",True,RW,16,2,7,9,2.06,0.44,0.12,0.56,22.6,12.8,0,2,3,5,0,0,0,0,0,0,0,0,0,0.0,2,68,33,6.1,8,20,15,25,22,8,1,0,0,0,0.0,3,6,7,14,0,315,218,81,18,14310,3600,1088,9622,FLA,,
2025-2026,20251111,15,BUF,14555,Mattias Samuelsson,ROSTER,25.0,"6'4""",218.0,USA,"Voorhees, New Jersey",True,D,13,2,4,6,1.38,0.31,0.15,0.46,47.0,8.5,0,0,0,0,0,0,0,1,0,0,0,0,0,0.0,3,36,18,11.1,31,14,5,20,31,7,1,0,0,0,0.0,2,4,2,4,0,337,176,38,125,16150,1069,146,14935,BUF,Atlantic,Eastern
2025-2026,20251111,13,OTT,37996,Jake Sanderson,ROSTER,23.0,"6'3""",195.0,USA,"Whitefish, MT",True,D,16,3,8,11,2.31,0.5,0.19,0.69,34.9,0.0,1,1,4,5,0,0,0,0,0,0,0,0,0,0.0,-2,98,37,8.1,27,37,24,6,44,23,12,0,0,0,0.0,0,0,3,6,0,482,257,68,160,22931,3354,573,19004,OTT,Atlantic,Eastern
2025-2026,20251111,5,WSH,14552,Rasmus Sandin,ROSTER,25.0,"5'11""",183.0,Sweden,Uppsala,True,D,10,1,3,4,0.8,0.3,0.1,0.4,27.6,0.0,0,0,0,0,0,0,0,0,0,0,0,0,0,0.0,3,29,8,12.5,15,13,8,19,12,13,5,0,0,0,0.0,0,0,0,0,0,211,122,51,40,11406,1304,974,9129,WSH,Metropolitan,Eastern
2025-2026,20251111,16,DET,133971,Axel Sandin-Pellikka,ROSTER,20.0,"5'11""",181.0,Sweden,Gallivare,True,D,16,1,3,4,1.25,0.19,0.06,0.25,23.8,17.0,0,0,2,2,0,0,0,0,0,0,0,0,0,0.0,-9,64,20,5.0,18,27,17,5,27,17,2,0,0,0,0.0,4,8,1,2,0,388,280,42,67,17924,2746,214,14964,DET,Atlantic,Eastern
2025-2026,20251111,6,PHI,11718,Travis Sanheim,ROSTER,29.0,"6'3""",181.0,Canada,"Elkhorn, MB",False,D,15,1,4,5,1.27,0.27,0.07,0.33,41.6,17.0,0,0,0,0,0,0,0,0,0,0,0,0,0,0.0,1,50,19,5.3,30,13,18,12,25,27,3,0,0,0,0.0,4,8,2,4,0,469,234,56,180,23475,3075,902,19498,PHI,Metropolitan,Eastern
2025-2026,20251111,21,VAN,79679,Max Sasson,ROSTER,25.0,"6'1""",181.0,USA,"Birmingham, MI",True,C,14,3,0,3,0.79,0.0,0.21,0.21,20.0,0.0,1,0,0,0,0,0,0,0,0,0,0,0,0,0.0,1,20,11,27.3,13,3,6,9,14,6,3,67,26,41,38.8,0,0,0,0,0,207,171,25,14,8756,1333,206,7217,VAN,Pacific,Western
2025-2026,20251111,24,EDM,43365,Matthew Savoie,ROSTER,21.0,"5'9""",175.0,Canada,"St. Albert, AB",True,C,17,1,1,2,1.18,0.06,0.06,0.12,12.7,0.0,0,1,1,2,0,0,0,0,0,0,1,0,0,0.0,-7,38,20,5.0,9,7,11,4,18,11,3,4,2,2,50.0,0,0,4,8,0,308,216,46,42,13468,2664,33,10537,EDM,Pacific,Western
2025-2026,20251111,8,NYI,168063,Matthew Schaefer,ROSTER,18.0,"6'2""",183.0,Canada,"Hamilton, ON",True,D,16,5,7,12,3.0,0.44,0.31,0.75,24.9,10.8,1,3,3,6,0,0,0,1,0,0,0,0,0,0.0,2,101,48,10.4,18,40,13,7,47,23,8,0,0,0,0.0,3,4,11,22,0,420,355,32,37,21324,3573,128,17623,NYI,Metropolitan,Eastern
2025-2026,20251111,2,WPJ,5003,Mark Scheifele,ROSTER,32.0,"6'3""",207.0,Canada,"Kitchener, ON",False,C,15,9,12,21,2.47,0.8,0.6,1.4,7.5,8.5,3,3,2,5,0,1,1,2,0,0,0,0,0,0.0,6,58,37,24.3,5,5,16,3,14,24,2,233,115,118,49.4,2,4,7,14,0,330,163,98,78,18054,4579,1174,12301,WPG,,
2025-2026,20251111,17,STL,4712,Brayden Schenn,ROSTER,34.0,"6'1""",200.0,Canada,"Saskatoon, SK",False,C,16,2,4,6,1.12,0.25,0.12,0.38,28.4,39.1,0,0,1,1,0,0,0,0,0,0,1,1,0,0.0,-12,44,18,11.1,8,12,14,36,13,16,2,190,100,90,52.6,5,16,4,14,2,344,180,72,94,16190,4794,389,11007,STL,Central,Western
2025-2026,20251111,2,WPJ,4552,Luke Schenn,ROSTER,36.0,"6'2""",227.0,Canada,"Saskatoon, SK",False,D,12,0,0,0,0.67,0.0,0.0,0.0,33.0,30.6,0,0,0,0,0,0,0,0,0,0,0,0,0,0.0,-3,24,8,0.0,16,9,7,27,21,13,2,0,0,0,0.0,3,12,2,10,2,221,116,35,70,9600,2041,461,7098,WPG,,
2025-2026,20251111,30,UTA,10071,Nick Schmaltz,ROSTER,29.0,"6'0""",177.0,USA,"Madison, WI",False,C,16,9,10,19,3.12,0.62,0.56,1.19,11.0,8.5,3,3,3,6,0,0,0,2,0,0,0,0,0,0.0,2,83,50,18.0,8,20,13,3,14,21,5,78,27,51,34.6,2,4,3,6,0,372,186,61,134,19052,3114,636,15302,UTA,Central,Western
2025-2026,20251111,30,UTA,5269,Nate Schmidt,ROSTER,34.0,"6'0""",194.0,USA,"St. Cloud, MN",False,D,16,0,3,3,1.5,0.19,0.0,0.19,25.8,4.3,0,0,0,0,0,0,0,0,0,0,0,0,0,0.0,6,55,24,0.0,13,17,14,20,16,16,4,0,0,0,0.0,1,2,2,4,0,446,218,64,164,20076,3565,436,16075,UTA,Central,Western
2025-2026,20251111,9,NYR,29932,Braden Schneider,ROSTER,24.0,"6'2""",202.0,Canada,"Prince Albert, SK",True,D,17,1,3,4,1.12,0.18,0.06,0.24,47.2,12.8,0,0,0,0,0,0,0,0,0,0,0,0,0,0.0,-4,51,19,5.3,24,20,12,36,22,17,5,0,0,0,0.0,3,6,4,8,0,394,255,48,77,18627,2258,410,15199,NYR,Metropolitan,Eastern
2025-2026,20251111,143,SEA,5088,Jaden Schwartz,ROSTER,33.0,"5'10""",190.0,Canada,"Wilcox, SK",False,LW,15,5,6,11,1.93,0.4,0.33,0.73,27.5,17.0,1,1,1,2,0,0,0,1,0,0,0,0,0,0.0,3,59,29,17.2,14,18,12,21,13,21,9,12,8,4,66.7,4,8,0,0,0,327,153,82,89,15586,3871,621,10695,SEA,Pacific,Western
2025-2026,20251111,4,FLO,28450,Cole Schwindt,ROSTER,24.0,"6'2""",182.0,Canada,"Kitchener, ON",True,RW,7,1,0,1,0.71,0.0,0.14,0.14,7.9,0.0,0,0,0,0,0,0,0,0,0,0,0,0,0,0.0,1,12,5,20.0,4,3,4,6,7,3,1,47,19,28,40.4,0,0,0,0,0,93,71,11,12,3969,1030,167,2772,FLA,,
2025-2026,20251111,13,OTT,29978,Donovan Sebrango,ROSTER,23.0,"6'1""",189.0,Canada,"Kingston, ON",True,D,2,0,0,0,0.5,0.0,0.0,0.0,0.5,13.2,0,0,0,0,0,0,0,0,0,0,0,0,0,0.0,-1,5,1,0.0,0,3,1,1,8,1,0,0,0,0,0.0,1,5,1,5,1,46,32,3,11,1827,4,0,1823,OTT,Atlantic,Eastern
2025-2026,20251111,13,OTT,29978,Donovan Sebrango,ROSTER,23.0,"6'1""",189.0,Canada,"Kingston, ON",True,D,2,0,0,0,0.5,0.0,0.0,0.0,0.5,13.2,0,0,0,0,0,0,0,0,0,0,0,0,0,0.0,-1,5,1,0.0,0,3,1,1,8,1,0,0,0,0,0.0,1,5,1,5,1,46,32,3,11,1827,4,0,1823,OTT,Atlantic,Eastern
2025-2026,20251111,4,FLO,29978,Donovan Sebrango,ROSTER,23.0,"6'1""",189.0,Canada,"Kingston, ON",True,D,5,0,2,2,1.0,0.4,0.0,0.4,9.6,13.2,0,0,0,0,0,0,0,0,0,0,0,0,0,0.0,5,11,5,0.0,5,3,3,7,10,5,1,0,0,0,0.0,1,5,1,5,1,93,77,8,8,4221,320,193,3708,FLA,,
2025-2026,20251111,4,FLO,29978,Donovan Sebrango,ROSTER,23.0,"6'1""",189.0,Canada,"Kingston, ON",True,D,5,0,2,2,1.0,0.4,0.0,0.4,9.6,13.2,0,0,0,0,0,0,0,0,0,0,0,0,0,0.0,5,11,5,0.0,5,3,3,7,10,5,1,0,0,0,0.0,1,5,1,5,1,93,77,8,8,4221,320,193,3708,FLA,,
2025-2026,20251111,6,PHI,12486,Nick Seeler,ROSTER,32.0,"6'2""",201.0,USA,"Eden Prairie, MN",False,D,15,0,2,2,1.33,0.13,0.0,0.13,48.2,12.8,0,0,0,0,0,0,0,0,0,0,0,0,0,0.0,-5,48,20,0.0,28,17,11,29,18,11,3,0,0,0,0.0,3,6,3,6,0,413,223,54,137,18089,2816,453,14784,PHI,Metropolitan,Eastern
2025-2026,20251111,27,DAL,4875,Tyler Seguin,ROSTER,33.0,"6'1""",200.0,Canada,"Brampton, ON",False,C,16,5,2,7,1.31,0.12,0.31,0.44,11.1,4.3,1,1,0,1,0,0,0,2,0,0,1,1,0,0.0,-1,44,21,23.8,5,7,16,10,7,15,3,162,95,67,58.6,1,2,2,4,0,352,165,100,88,16941,4927,1031,10813,DAL,Central,Western
2025-2026,20251111,16,DET,18042,Moritz Seider,ROSTER,24.0,"6'3""",208.0,Germany,Zell Mosel,True,D,16,1,5,6,2.31,0.31,0.06,0.38,42.1,21.3,0,0,5,5,0,0,0,0,0,0,0,0,0,0.0,1,89,37,2.7,21,30,22,33,18,23,7,0,0,0,0.0,5,10,2,4,0,462,268,76,119,24370,4402,1175,18793,DET,Atlantic,Eastern
2025-2026,20251111,29,ANA,142129,Beckett Sennecke,ROSTER,19.0,"6'2""",177.0,Canada,"Toronto, ON",True,RW,15,6,5,11,1.67,0.33,0.4,0.73,14.4,17.0,2,1,1,2,0,0,0,0,0,0,0,0,0,0.0,1,56,25,24.0,6,17,14,14,22,18,6,0,0,0,0.0,4,8,8,16,0,327,291,39,4,14974,2874,309,11737,ANA,Pacific,Western
2025-2026,20251111,30,UTA,9635,Mikhail Sergachev,ROSTER,27.0,"6'2""",217.0,Russia,Nizhnekamsk,False,D,16,3,9,12,1.75,0.56,0.19,0.75,35.6,21.3,1,1,4,5,0,0,0,0,0,0,0,0,0,0.0,-2,68,28,10.7,28,25,15,5,14,29,4,0,0,0,0.0,5,10,3,6,0,453,217,102,137,23861,3264,1556,19041,UTA,Central,Western
2025-2026,20251111,19,CBJ,5453,Damon Severson,ROSTER,31.0,"6'2""",205.0,Canada,"Brandon, MB",False,D,15,1,3,4,1.13,0.2,0.07,0.27,28.9,12.8,0,0,1,1,0,0,0,0,0,0,0,0,0,0.0,5,52,17,5.9,17,23,12,17,9,16,5,0,0,0,0.0,3,6,1,2,0,352,159,88,105,18256,2689,1501,13982,CBJ,Metropolitan,Eastern
2025-2026,20251111,8,NYI,183905,Maxim Shabanov,ROSTER,25.0,"5'9""",167.0,Russia,Chelyabinsk,True,RW,6,1,2,3,1.33,0.33,0.17,0.5,2.6,0.0,0,0,1,1,0,0,0,0,0,0,0,0,0,0.0,-3,15,8,12.5,0,3,4,5,6,5,1,0,0,0,0.0,0,0,1,2,0,96,87,4,7,4218,581,0,3637,NYI,Metropolitan,Eastern
2025-2026,20251111,23,CGY,18107,Yegor Sharangovich,ROSTER,27.0,"6'2""",195.0,Belarus,Minsk,False,C,15,2,2,4,1.4,0.13,0.13,0.27,8.0,0.0,0,1,0,1,0,0,0,0,0,0,1,1,0,0.0,-8,49,21,9.5,5,17,11,4,12,6,1,23,5,18,21.7,0,0,2,4,0,268,157,70,44,12971,2973,1158,8758,CGY,Pacific,Western
2025-2026,20251111,10,PIT,5716,Ryan Shea,ROSTER,28.0,"6'1""",176.0,USA,"Milton, MA",False,D,17,2,6,8,1.06,0.35,0.12,0.47,27.3,20.6,0,0,0,0,0,0,0,0,0,0,0,0,0,0.0,4,39,18,11.1,21,11,10,5,22,21,5,0,0,0,0.0,3,14,1,2,0,398,226,87,77,20719,2753,1779,15615,PIT,Metropolitan,Eastern
2025-2026,20251111,9,NYR,5892,Conor Sheary,ROSTER,33.0,"5'8""",179.0,USA,"Winchester, MA",False,LW,17,0,5,5,1.59,0.29,0.0,0.29,13.2,8.5,0,0,1,1,0,0,0,0,0,0,0,0,0,0.0,0,52,27,0.0,9,11,15,5,10,13,4,10,7,3,70.0,2,4,7,14,0,353,169,89,88,15669,3176,1241,10757,NYR,Metropolitan,Eastern
2025-2026,20251111,21,VAN,15089,Kiefer Sherwood,ROSTER,30.0,"6'0""",194.0,USA,"Columbus, OH",False,LW,17,10,1,11,1.94,0.06,0.59,0.65,49.1,25.6,3,2,0,2,1,0,1,1,0,1,1,1,0,0.0,-3,64,33,30.3,10,8,23,71,23,20,8,13,4,9,30.8,6,12,7,14,0,385,202,83,111,17972,2505,1299,14168,VAN,Pacific,Western
2025-2026,20251111,7,NJD,15109,Jonas Siegenthaler,ROSTER,28.0,"6'3""",210.0,Switzerland,Zurich,False,D,16,0,2,2,0.44,0.12,0.0,0.12,48.9,17.0,0,0,0,0,0,1,1,0,0,0,0,0,0,0.0,-2,24,7,0.0,34,12,5,17,32,21,4,0,0,0,0.0,4,8,0,0,0,392,207,55,130,18838,1963,981,15894,NJD,Metropolitan,Eastern
2025-2026,20251111,19,CBJ,34233,Cole Sillinger,ROSTER,22.0,"6'0""",197.0,USA,"Columbus, OH, United States",True,C,14,2,4,6,1.71,0.29,0.14,0.43,9.2,21.3,0,0,0,0,0,0,0,1,0,0,0,0,0,0.0,1,47,24,8.3,2,11,12,13,21,13,6,20,8,12,40.0,5,10,0,0,0,271,185,42,44,13208,2326,323,10458,CBJ,Metropolitan,Eastern
2025-2026,20251111,30,UTA,142305,Dmitri Simashev,ROSTER,,,,,,False,D,16,0,1,1,1.06,0.06,0.0,0.06,25.0,24.8,0,0,0,0,0,0,0,0,0,0,0,0,0,0.0,-6,30,17,0.0,19,5,8,5,30,17,1,0,0,0,0.0,4,16,1,2,0,351,330,11,10,15625,1792,197,13636,UTA,Central,Western
2025-2026,20251111,142,VGK,5330,Colton Sissons,ROSTER,32.0,"6'1""",200.0,Canada,"North Vancouver, BC",False,C,13,0,1,1,0.77,0.08,0.0,0.08,18.9,34.5,0,0,0,0,0,0,0,0,0,0,0,0,0,0.0,-6,20,10,0.0,8,5,5,18,13,7,1,137,72,65,52.6,6,15,4,11,1,210,100,43,67,8197,2316,288,5593,VGK,Pacific,Western
2025-2026,20251111,26,SJS,4876,Jeff Skinner,ROSTER,33.0,"5'11""",195.0,Canada,"Toronto, ON",False,LW,15,4,3,7,1.87,0.2,0.27,0.47,7.9,12.8,1,0,1,1,0,0,0,0,0,0,0,0,0,0.0,-4,55,28,14.3,4,16,11,6,13,15,2,8,2,6,25.0,3,6,7,14,0,251,143,76,36,11731,2647,1038,8046,SJS,Pacific,Western
2025-2026,20251111,18,NSH,5891,Brady Skjei,ROSTER,31.0,"6'3""",210.0,USA,"Lakeville, MN",False,D,18,0,5,5,1.44,0.28,0.0,0.28,22.1,17.0,0,0,2,2,0,0,0,0,0,0,0,0,0,0.0,-11,75,26,0.0,13,32,17,13,18,27,7,0,0,0,0.0,4,8,4,8,0,495,254,122,119,24956,3811,2783,18362,NSH,Central,Western
2025-2026,20251111,14,MTL,43333,Juraj Slafkovsky,ROSTER,21.0,"6'3""",238.0,Slovakia,Kosice,True,LW,15,6,3,9,2.27,0.2,0.4,0.6,30.7,25.6,2,4,2,6,0,0,0,0,0,0,0,0,0,0.0,5,66,34,17.6,14,15,17,27,15,10,1,12,2,10,16.7,6,12,4,8,0,313,254,52,13,16344,3589,580,12175,MTL,Atlantic,Eastern
2025-2026,20251111,20,CHI,56363,Landon Slaggert,ASSIGNED_TO_MINORS,23.0,"6'0""",180.0,USA,"South Bend, IN",False,LW,5,0,0,0,0.6,0.0,0.0,0.0,7.7,4.3,0,0,0,0,0,0,0,0,0,0,0,0,0,0.0,-2,9,3,0.0,3,2,4,8,5,3,1,0,0,0,0.0,1,2,1,2,0,72,41,6,24,2988,326,21,2628,CHI,Central,Western
2025-2026,20251111,3,CAR,5866,Jaccob Slavin,ROSTER,31.0,"6'3""",207.0,USA,"Erie, CO",False,D,2,0,0,0,1.0,0.0,0.0,0.0,3.5,0.0,0,0,0,0,0,0,0,0,0,0,0,0,0,0.0,-1,10,2,0.0,3,5,3,0,3,3,2,0,0,0,0.0,0,0,0,0,0,49,26,14,9,2224,496,233,1495,CAR,Metropolitan,Eastern
2025-2026,20251111,18,NSH,28393,Cole Smith,ROSTER,30.0,"6'3""",195.0,USA,"Brainerd, MN",True,RW,13,3,0,3,1.38,0.0,0.23,0.23,22.0,17.0,1,0,0,0,0,0,0,1,0,0,0,0,0,0.0,-2,34,18,16.7,3,5,11,35,19,6,3,4,0,4,0.0,4,8,0,0,0,248,125,39,87,10481,1076,196,9209,NSH,Central,Western
2025-2026,20251111,142,VGK,5092,Reilly Smith,ROSTER,34.0,"6'1""",183.0,Canada,"Toronto, ON",False,RW,15,1,1,2,1.2,0.07,0.07,0.13,8.8,0.0,0,0,0,0,0,0,0,1,0,1,0,0,0,0.0,-5,34,18,5.6,3,7,9,10,7,9,3,0,0,0,0.0,0,0,3,8,0,273,132,79,63,12161,3671,901,7589,VGK,Pacific,Western
2025-2026,20251111,26,SJS,134098,Will Smith,ROSTER,20.0,"6'0""",181.0,USA,"Boston, MA",True,C,16,6,10,16,2.12,0.62,0.38,1.0,10.2,17.0,2,0,3,3,0,0,0,2,0,1,1,1,0,0.0,10,74,34,17.6,6,24,16,6,12,16,1,15,2,13,13.3,4,8,2,4,0,325,216,18,98,17483,2256,0,15261,SJS,Pacific,Western
2025-2026,20251111,17,STL,56646,Jimmy Snuggerud,ROSTER,21.0,"6'1""",188.0,USA,"Chaska, MN",False,RW,16,4,4,8,1.94,0.25,0.25,0.5,19.8,12.8,1,2,2,4,0,0,0,2,0,0,1,0,0,0.0,-4,69,31,12.9,11,17,21,13,14,8,8,2,2,0,100.0,3,6,1,2,0,314,262,42,14,14802,2661,340,11801,STL,Central,Western
2025-2026,20251111,16,DET,30182,Elmer Soderblom,ROSTER,24.0,"6'8""",246.0,Sweden,Gteborg,True,LW,11,1,0,1,1.0,0.0,0.09,0.09,13.9,4.3,0,0,0,0,0,0,0,0,0,0,0,0,0,0.0,-4,27,11,9.1,2,7,9,22,10,6,2,1,1,0,100.0,1,2,2,4,0,161,111,37,14,6896,921,528,5447,DET,Atlantic,Eastern
2025-2026,20251111,22,COL,30036,Ilya Solovyov,ROSTER,25.0,"6'3""",208.0,Belarus,Mogilev,True,D,9,0,0,0,1.0,0.0,0.0,0.0,23.4,8.5,0,0,0,0,0,0,0,0,0,0,0,0,0,0.0,-4,28,9,0.0,15,11,8,11,21,3,2,0,0,0,0.0,2,4,1,2,0,143,96,18,29,6240,555,572,5113,COL,Central,Western
2025-2026,20251111,9,NYR,14381,Carson Soucy,ROSTER,31.0,"6'5""",210.0,Canada,"Viking, AB",True,D,13,1,1,2,0.69,0.08,0.08,0.15,28.3,4.3,0,0,0,0,0,0,0,0,0,0,0,0,0,0.0,3,18,9,11.1,16,8,1,18,19,12,3,0,0,0,0.0,1,2,0,0,0,282,138,44,88,12999,1818,734,9636,NYR,Metropolitan,Eastern
2025-2026,20251111,5,WSH,34057,Justin Sourdif,ROSTER,23.0,"5'11""",173.0,Canada,"Surrey, BC",True,RW,15,1,0,1,0.8,0.0,0.07,0.07,16.3,8.5,0,0,0,0,0,0,0,0,0,0,0,0,0,0.0,-1,34,12,8.3,4,14,8,22,25,9,3,32,16,16,50.0,2,4,4,10,0,227,156,48,21,10252,2166,1011,6976,WSH,Metropolitan,Eastern
2025-2026,20251111,13,OTT,28485,Jordan Spence,ROSTER,24.0,"5'10""",175.0,Australia,"Manly, Australia",True,D,7,1,6,7,2.0,0.86,0.14,1.0,9.4,0.0,0,0,0,0,0,0,0,0,0,0,0,0,0,0.0,5,27,14,7.1,4,11,2,9,19,10,1,0,0,0,0.0,0,0,0,0,0,162,90,22,51,7580,1031,213,6336,OTT,Atlantic,Eastern
2025-2026,20251111,25,MIN,4918,Jared Spurgeon,ROSTER,35.0,"5'9""",167.0,Canada,"Edmonton, AB",False,D,17,1,3,4,1.12,0.18,0.06,0.24,49.4,0.0,0,1,2,3,0,0,0,0,0,0,0,0,0,0.0,-9,56,19,5.3,29,24,13,29,24,17,5,0,0,0,0.0,0,0,0,0,0,420,240,77,105,22009,5321,1335,15321,MIN,Central,Western
2025-2026,20251111,3,CAR,4029,Jordan Staal,ROSTER,37.0,"6'4""",220.0,Canada,"Thunder Bay, ON",False,C,15,3,2,5,0.93,0.13,0.2,0.33,22.7,42.3,1,0,0,0,0,0,0,0,0,0,0,0,0,0.0,4,32,14,21.4,9,8,10,23,17,10,4,292,174,118,59.6,6,23,4,11,1,341,152,93,99,13696,3524,805,9367,CAR,Metropolitan,Eastern
2025-2026,20251111,18,NSH,4457,Steven Stamkos,ROSTER,35.0,"6'1""",194.0,Canada,"Markham, ON",False,C,18,3,1,4,2.06,0.06,0.17,0.22,16.9,29.8,1,2,0,2,0,0,0,0,0,0,1,0,0,0.0,-8,81,37,8.1,9,26,18,12,12,22,6,108,58,50,53.7,7,14,4,8,0,348,181,98,72,18950,6903,1399,10648,NSH,Central,Western
2025-2026,20251111,3,CAR,34846,Logan Stankoven,ROSTER,22.0,"5'8""",170.0,Canada,"Kamloops, BC",True,C,15,5,4,9,2.07,0.27,0.33,0.6,9.0,14.7,1,0,0,0,0,0,0,1,0,0,0,0,0,0.0,6,55,31,16.1,5,14,10,6,20,8,7,204,86,118,42.2,3,8,4,8,0,277,153,40,89,13805,1444,247,12114,CAR,Metropolitan,Eastern
2025-2026,20251111,2,WPJ,9644,Logan Stanley,ROSTER,27.0,"6'6""",216.0,Canada,"Kitchener, ON",False,D,15,2,4,6,1.0,0.27,0.13,0.4,39.0,56.2,0,0,0,0,0,0,0,1,0,0,0,0,0,0.0,5,46,15,13.3,22,15,16,25,30,15,6,0,0,0,0.0,9,24,4,14,2,319,204,58,59,15705,2270,1138,12297,WPG,,
2025-2026,20251111,18,NSH,38802,Spencer Stastney,ROSTER,25.0,"5'10""",180.0,USA,"Woodbridge, IL",True,D,18,1,6,7,0.83,0.33,0.06,0.39,18.0,8.5,0,0,0,0,0,1,1,0,0,0,0,0,0,0.0,-3,40,15,6.7,14,15,10,3,24,13,6,0,0,0,0.0,2,4,5,10,0,383,220,46,119,16875,1121,361,15394,NSH,Central,Western
2025-2026,20251111,24,EDM,10108,Troy Stecher,ROSTER,31.0,"5'10""",186.0,Canada,"Richmond, BC",False,D,6,0,0,0,0.5,0.0,0.0,0.0,4.6,17.0,0,0,0,0,0,0,0,0,0,0,0,0,0,0.0,0,9,3,0.0,3,5,1,2,16,8,2,0,0,0,0.0,4,8,0,0,0,108,70,28,10,4904,1152,357,3395,EDM,Pacific,Western
2025-2026,20251111,27,DAL,9656,Sam Steel,ROSTER,27.0,"5'11""",189.0,Canada,"Edmonton, AB",False,C,16,2,5,7,1.0,0.31,0.12,0.44,21.0,12.8,0,1,2,3,0,0,0,1,0,0,0,0,0,0.0,-4,34,16,12.5,8,5,13,22,18,8,6,69,39,30,56.5,3,6,6,12,0,374,179,90,103,17542,3582,1222,12534,DAL,Central,Western
2025-2026,20251111,11,BOS,30004,Alex Steeves,ROSTER,25.0,"5'11""",185.0,USA,"Bedford, NH",True,C,1,0,0,0,1.0,0.0,0.0,0.0,2.6,0.0,0,0,0,0,0,0,0,0,0,0,0,0,0,0.0,1,2,1,0.0,0,0,1,5,1,0,0,0,0,0,0.0,0,0,0,0,0,18,16,2,0,802,378,0,424,BOS,Atlantic,Eastern
2025-2026,20251111,30,UTA,15136,Kevin Stenlund,ROSTER,29.0,"6'4""",210.0,Sweden,Stockholm,False,C,16,1,2,3,0.88,0.12,0.06,0.19,23.4,8.5,0,0,0,0,0,0,0,0,0,0,0,0,0,0.0,-2,36,14,7.1,15,10,12,11,15,11,6,273,139,134,50.9,2,4,0,0,0,342,159,81,103,14484,1679,851,11954,UTA,Central,Western
2025-2026,20251111,143,SEA,5838,Chandler Stephenson,ROSTER,31.0,"6'0""",208.0,Canada,"Saskatoon, SK",False,C,15,4,4,8,1.53,0.27,0.27,0.53,17.4,0.0,1,2,1,3,0,0,0,0,0,0,0,0,0,0.0,-6,36,23,17.4,13,8,5,4,11,18,7,317,152,165,47.9,0,0,4,8,0,395,174,139,77,18857,4293,2322,11749,SEA,Pacific,Western
2025-2026,20251111,142,VGK,5105,Mark Stone,ROSTER,33.0,"6'3""",202.0,Canada,"Winnipeg, MB",False,RW,6,2,11,13,3.17,1.83,0.33,2.17,7.5,0.0,0,1,7,8,0,1,1,0,0,0,0,0,0,0.0,2,30,19,10.5,5,5,6,3,3,6,1,1,0,1,0.0,0,0,3,6,0,125,62,36,29,6627,1789,535,4303,VGK,Pacific,Western
2025-2026,20251111,5,WSH,5598,Dylan Strome,ROSTER,28.0,"6'3""",200.0,Canada,"Mississauga, ON",False,C,13,4,10,14,2.31,0.77,0.31,1.08,8.0,12.8,1,0,4,4,0,0,0,0,0,0,1,0,0,0.0,10,48,30,13.3,5,9,9,4,3,13,4,222,134,88,60.4,3,6,1,2,0,262,125,84,54,13749,3451,1982,8124,WSH,Metropolitan,Eastern
2025-2026,20251111,14,MTL,38014,Jayden Struble,ROSTER,24.0,"6'0""",205.0,USA,"Cumberland, RI",True,D,11,0,3,3,0.55,0.27,0.0,0.27,21.0,26.0,0,0,0,0,0,0,0,0,0,0,0,0,0,0.0,1,25,6,0.0,8,9,10,22,11,14,1,0,0,0,0.0,4,11,1,5,1,203,126,20,57,10189,1145,455,8589,MTL,Atlantic,Eastern
2025-2026,20251111,13,OTT,19051,Tim Stützle,ROSTER,23.0,"6'0""",190.0,Germany,Viersen,True,C,16,8,8,16,2.75,0.5,0.5,1.0,24.0,15.1,2,2,1,3,0,0,0,1,0,1,2,0,2,100.0,3,77,44,18.2,11,24,9,21,26,19,5,145,90,55,62.1,4,6,8,16,0,406,281,85,50,18814,4827,1312,12997,OTT,Atlantic,Eastern
2025-2026,20251111,17,STL,5819,Oskar Sundqvist,ROSTER,31.0,"6'3""",209.0,Sweden,Boden,False,C,8,0,5,5,0.75,0.62,0.0,0.62,10.5,12.8,0,0,1,1,0,0,0,0,0,0,0,0,0,0.0,-2,13,6,0.0,4,2,5,11,5,3,3,66,28,38,42.4,3,6,0,0,0,140,77,37,26,6361,1350,796,4215,STL,Central,Western
2025-2026,20251111,17,STL,28325,Pius Suter,ROSTER,29.0,"5'11""",176.0,Switzerland,Wallisellen,True,C,16,5,4,9,1.62,0.25,0.31,0.56,12.8,12.8,1,1,0,1,0,1,1,1,0,0,0,0,0,0.0,0,55,26,19.2,6,13,16,11,2,8,6,174,83,91,47.7,3,6,2,4,0,351,187,85,84,16220,2891,954,12375,STL,Central,Western
2025-2026,20251111,14,MTL,13628,Nick Suzuki,ROSTER,26.0,"5'11""",208.0,Canada,"London, ON",False,C,15,4,16,20,2.2,1.07,0.27,1.33,17.2,4.3,1,3,6,9,0,0,0,0,0,0,1,1,0,0.0,11,69,33,12.1,11,11,25,8,23,9,2,266,139,127,52.3,1,2,2,4,0,337,157,36,148,18135,2445,526,15164,MTL,Atlantic,Eastern
2025-2026,20251111,18,NSH,37974,Fedor Svechkov,ROSTER,22.0,"6'0""",187.0,Russia,Togliatti,True,C,16,0,1,1,1.31,0.06,0.0,0.06,14.1,4.3,0,0,0,0,0,0,0,0,0,0,0,0,0,0.0,-7,39,21,0.0,8,12,6,9,17,10,3,102,44,58,43.1,1,2,3,6,0,247,179,30,38,11765,1576,325,9864,NSH,Central,Western
2025-2026,20251111,3,CAR,14525,Andrei Svechnikov,ROSTER,25.0,"6'2""",195.0,Russia,Barnaul,False,RW,15,4,3,7,2.6,0.2,0.27,0.47,9.7,12.8,1,2,0,2,0,0,0,0,0,0,1,1,0,0.0,3,76,39,10.3,2,21,16,14,22,17,4,3,3,0,100.0,3,6,0,0,0,289,174,69,50,13931,2858,1259,9814,CAR,Metropolitan,Eastern
2025-2026,20251111,30,UTA,9068,Brandon Tanev,ROSTER,33.0,"6'0""",180.0,Canada,"Toronto, ON",False,LW,16,0,1,1,0.88,0.06,0.0,0.06,38.4,12.8,0,0,0,0,0,0,0,0,0,0,0,0,0,0.0,-7,22,14,0.0,8,4,4,55,23,15,2,5,1,4,20.0,3,6,4,8,0,245,142,63,40,9943,1333,1083,7527,UTA,Central,Western
2025-2026,20251111,12,TOR,4939,Christopher Tanev,ROSTER,35.0,"6'2""",197.0,Canada,"Toronto, ON",False,D,8,0,2,2,0.75,0.25,0.0,0.25,10.5,0.0,0,0,0,0,0,0,0,0,0,0,0,0,0,0.0,5,16,6,0.0,8,8,2,2,20,3,4,0,0,0,0.0,0,0,2,4,0,211,116,36,59,8322,1526,146,6650,TOR,Atlantic,Eastern
2025-2026,20251111,25,MIN,5135,Vladimir Tarasenko,ROSTER,33.0,"6'0""",225.0,Russia,Yaroslavl,False,RW,17,2,8,10,1.76,0.47,0.12,0.59,18.0,0.0,0,1,6,7,0,0,0,0,0,0,1,1,0,0.0,-6,63,30,6.7,9,19,14,14,22,10,5,0,0,0,0.0,0,0,3,6,0,280,127,106,49,15808,4688,1336,9784,MIN,Central,Western
2025-2026,20251111,12,TOR,4680,John Tavares,ROSTER,35.0,"6'1""",215.0,Canada,"Mississauga, ON",False,C,16,9,12,21,2.94,0.75,0.56,1.31,12.1,4.3,3,2,2,4,0,0,0,1,0,1,0,0,0,0.0,3,86,47,19.1,4,19,20,14,14,12,5,255,146,109,57.3,1,2,3,6,0,323,165,91,77,16730,5753,1234,9704,TOR,Atlantic,Eastern
2025-2026,20251111,20,CHI,5355,Teuvo Teravainen,ROSTER,31.0,"5'11""",191.0,Finland,Helsinki,False,C,16,3,8,11,1.06,0.5,0.19,0.69,13.6,4.3,1,1,4,5,0,0,0,1,0,0,1,0,0,0.0,6,39,17,17.6,8,12,10,8,9,23,5,22,8,14,36.4,1,2,3,6,0,391,178,81,132,17964,4739,1011,11991,CHI,Central,Western
2025-2026,20251111,29,ANA,5738,Troy Terry,ROSTER,28.0,"6'0""",186.0,USA,"Denver, CO",False,RW,15,5,14,19,2.27,0.93,0.33,1.27,2.4,4.3,1,0,5,5,1,2,3,1,0,0,1,0,1,100.0,13,69,34,14.7,2,12,23,0,13,8,3,2,1,1,50.0,1,2,4,8,0,348,155,83,117,16563,3271,1020,12316,ANA,Pacific,Western
2025-2026,20251111,17,STL,15997,Alexandre Texier,ROSTER,26.0,"6'1""",192.0,France,Grenoble,False,LW,8,0,1,1,0.88,0.12,0.0,0.12,5.9,4.3,0,0,0,0,0,0,0,0,0,0,0,0,0,0.0,0,13,7,0.0,1,2,4,9,5,2,1,1,1,0,100.0,1,2,1,2,0,106,64,28,14,4923,1102,387,3434,STL,Central,Western
2025-2026,20251111,142,VGK,5900,Shea Theodore,ROSTER,30.0,"6'2""",195.0,Canada,"Langley, BC",False,D,15,0,6,6,1.93,0.4,0.0,0.4,31.8,4.3,0,0,2,2,0,0,0,0,0,0,0,0,0,0.0,3,71,29,0.0,27,29,13,0,18,19,5,0,0,0,0.0,1,2,3,6,0,422,198,138,86,21833,5332,2608,13835,VGK,Pacific,Western
2025-2026,20251111,17,STL,14609,Robert Thomas,ROSTER,26.0,"6'0""",188.0,Canada,"Aurora, ON",False,C,12,2,7,9,1.33,0.58,0.17,0.75,9.8,8.5,0,1,3,4,0,0,0,0,0,0,0,0,0,0.0,-1,30,16,12.5,7,11,3,3,11,21,6,193,99,94,51.3,2,4,3,6,0,267,135,63,71,13054,2100,1091,9863,STL,Central,Western
2025-2026,20251111,15,BUF,9652,Tage Thompson,ROSTER,28.0,"6'6""",215.0,USA,"Oyster Bay, NY",False,C,15,6,6,12,4.07,0.4,0.4,0.8,23.9,21.3,2,1,3,4,0,0,0,0,0,0,1,1,0,0.0,-6,129,61,9.8,10,36,32,23,12,16,9,100,48,52,48.0,5,10,2,4,0,361,174,41,152,17218,3022,111,14085,BUF,Atlantic,Eastern
2025-2026,20251111,15,BUF,15181,Conor Timmins,ROSTER,27.0,"6'2""",185.0,Canada,"Thorold, ON",False,D,15,0,4,4,1.0,0.27,0.0,0.27,43.0,21.3,0,0,0,0,0,0,0,0,0,0,0,0,0,0.0,-3,40,15,0.0,33,17,8,8,24,16,3,0,0,0,0.0,5,10,2,4,0,389,195,33,161,17856,1282,196,16378,BUF,Atlantic,Eastern
2025-2026,20251111,6,PHI,13625,Owen Tippett,ROSTER,26.0,"6'0""",183.0,Canada,"Peterborough, ON",False,RW,15,5,1,6,2.8,0.07,0.33,0.4,19.7,33.4,1,1,0,1,0,0,0,0,0,0,0,0,0,0.0,-4,78,42,11.9,6,14,22,24,13,23,3,1,0,1,0.0,6,20,5,10,0,336,185,81,75,15369,2748,782,11839,PHI,Metropolitan,Eastern
2025-2026,20251111,13,OTT,14527,Brady Tkachuk,ROSTER,26.0,"6'4""",212.0,USA,"St. Louis, MO",False,LW,3,0,3,3,3.33,1.0,0.0,1.0,5.3,8.5,0,0,1,1,0,0,0,0,0,0,0,0,0,0.0,1,21,10,0.0,0,6,5,10,1,4,1,11,8,3,72.7,2,4,3,6,0,69,37,4,28,2991,393,102,2496,OTT,Atlantic,Eastern
2025-2026,20251111,22,COL,13917,Devon Toews,ROSTER,31.0,"6'1""",191.0,Canada,"Abbotsford, BC",False,D,16,0,6,6,1.25,0.38,0.0,0.38,23.3,8.5,0,0,0,0,0,0,0,0,0,0,0,0,0,0.0,9,52,20,0.0,18,20,12,4,6,17,5,0,0,0,0.0,2,4,1,2,0,451,207,142,102,22218,3365,2906,15947,COL,Central,Western
2025-2026,20251111,2,WPJ,4262,Jonathan Toews,ROSTER,37.0,"6'2""",201.0,Canada,"Winnipeg, MB",False,C,15,2,5,7,1.33,0.33,0.13,0.47,15.8,21.3,0,1,2,3,0,0,0,0,0,0,0,0,0,0.0,-7,37,20,10.0,13,6,11,1,11,8,4,228,143,85,62.7,5,10,3,6,0,323,149,90,86,14717,4379,823,9515,WPG,,
2025-2026,20251111,26,SJS,5191,Tyler Toffoli,ROSTER,33.0,"6'0""",197.0,Canada,"Scarborough, ON",False,C,16,5,5,10,2.19,0.31,0.31,0.62,18.1,4.3,1,2,0,2,0,0,0,0,0,0,1,0,0,0.0,5,79,35,14.3,10,25,19,12,6,12,4,4,1,3,25.0,1,2,0,0,0,340,164,111,70,16317,4307,1098,10912,SJS,Pacific,Western
2025-2026,20251111,143,SEA,13645,Eeli Tolvanen,ROSTER,26.0,"5'10""",191.0,Finland,Vihti,False,RW,15,1,6,7,1.2,0.4,0.07,0.47,36.3,4.3,0,1,2,3,0,0,0,0,0,0,0,0,0,0.0,-1,49,18,5.6,13,21,10,40,13,9,4,0,0,0,0.0,1,2,2,4,0,299,164,99,29,13806,2865,1930,8614,SEA,Pacific,Western
2025-2026,20251111,24,EDM,183906,David Tomasek,ROSTER,29.0,"6'2""",210.0,Czech Republic,Praha,True,RW,13,1,2,3,1.54,0.15,0.08,0.23,7.1,12.8,0,0,2,2,0,0,0,0,0,0,1,0,0,0.0,-6,34,20,5.0,2,4,10,9,7,7,2,37,18,19,48.6,3,6,2,4,0,184,151,30,5,9165,2381,44,6775,EDM,Pacific,Western
2025-2026,20251111,10,PIT,24517,Philip Tomasino,ROSTER,24.0,"6'0""",180.0,Canada,"Mississauga, ON",False,RW,7,0,1,1,1.29,0.14,0.0,0.14,13.0,0.0,0,0,0,0,0,0,0,0,0,0,0,0,0,0.0,-2,16,9,0.0,7,3,4,9,12,2,0,4,2,2,50.0,0,0,0,0,0,105,68,21,10,5237,729,319,3781,PIT,Metropolitan,Eastern
2025-2026,20251111,17,STL,18182,Alexei Toropchenko,ROSTER,26.0,"6'3""",187.0,Russia,Moscow,False,RW,9,1,0,1,0.89,0.0,0.11,0.11,19.3,0.0,0,0,0,0,1,0,1,0,0,0,0,0,0,0.0,-5,11,8,12.5,7,1,2,21,2,7,1,0,0,0,0.0,0,0,1,2,0,154,94,32,29,6115,928,383,4804,STL,Central,Western
2025-2026,20251111,25,MIN,17203,Yakov Trenin,ROSTER,28.0,"6'2""",201.0,Russia,Chelyabinsk,True,C,17,0,3,3,1.24,0.18,0.0,0.18,50.6,17.0,0,0,0,0,0,0,0,0,0,0,0,0,0,0.0,0,46,21,0.0,9,8,17,76,32,8,3,21,5,16,23.8,4,8,1,2,0,242,129,62,51,12874,2345,1940,8589,MIN,Central,Western
2025-2026,20251111,9,NYR,5342,Vincent Trocheck,ROSTER,32.0,"5'10""",183.0,USA,"Pittsburgh, PA",False,C,3,0,3,3,0.33,1.0,0.0,1.0,8.4,8.5,0,0,1,1,0,0,0,0,0,0,0,0,0,0.0,0,5,1,0.0,4,2,2,7,3,3,3,34,18,16,52.9,2,4,0,0,0,55,29,8,11,2746,631,132,1542,NYR,Metropolitan,Eastern
2025-2026,20251111,29,ANA,5232,Jacob Trouba,ROSTER,31.0,"6'3""",209.0,USA,"Rochester, MI",False,D,15,4,6,10,1.73,0.4,0.27,0.67,59.2,4.3,1,0,0,0,0,0,0,1,0,1,0,0,0,0.0,16,62,26,15.4,32,21,15,41,12,17,6,0,0,0,0.0,1,2,2,4,0,413,202,89,126,20260,3202,1219,15839,ANA,Pacific,Western
2025-2026,20251111,8,NYI,142668,Maxim Tsyplakov,ROSTER,,,,,,False,RW,10,1,0,1,1.0,0.0,0.1,0.1,8.4,0.0,0,0,0,0,0,0,0,0,0,0,0,0,0,0.0,-6,19,10,10.0,0,6,3,16,5,9,1,3,0,3,0.0,0,0,1,2,0,133,112,9,13,5751,468,67,5216,NYI,Metropolitan,Eastern
2025-2026,20251111,15,BUF,11711,Alex Tuch,ROSTER,29.0,"6'4""",220.0,USA,"Syracuse, NY",False,RW,15,6,8,14,2.33,0.53,0.4,0.93,24.9,59.3,2,0,0,0,1,0,1,0,0,0,1,1,0,0.0,1,73,35,17.1,18,9,30,7,7,10,4,11,4,7,36.4,10,31,5,13,1,389,175,56,163,17148,2706,591,13851,BUF,Atlantic,Eastern
2025-2026,20251111,17,STL,20063,Tyler Tucker,ROSTER,25.0,"6'1""",205.0,Canada,"Thunder Bay, ON",False,D,16,1,3,4,0.69,0.19,0.06,0.25,30.3,65.5,0,0,0,0,0,0,0,0,0,0,0,0,0,0.0,0,32,11,9.1,15,14,7,24,25,16,1,0,0,0,0.0,7,26,5,22,4,271,168,36,68,12097,1592,587,9918,STL,Central,Western
2025-2026,20251111,28,LAK,19087,Alex Turcotte,ROSTER,24.0,"5'11""",185.0,USA,"Elk Grove, IL",False,C,16,0,3,3,0.88,0.19,0.0,0.19,6.8,15.7,0,0,0,0,0,0,0,0,0,0,0,0,0,0.0,-1,31,14,0.0,4,11,6,4,21,7,2,100,57,43,57.0,3,9,2,4,0,213,139,35,39,8989,1286,440,7263,LAK,Pacific,Western
2025-2026,20251111,9,NYR,13633,Urho Vaakanainen,ROSTER,26.0,"6'2""",196.0,Finland,Joensuu,False,D,12,0,2,2,0.75,0.17,0.0,0.17,12.0,17.0,0,0,0,0,0,0,0,0,0,0,0,0,0,0.0,2,29,9,0.0,8,12,9,5,22,7,1,0,0,0,0.0,4,8,2,4,0,227,135,20,59,10752,982,313,8788,NYR,Metropolitan,Eastern
2025-2026,20251111,16,DET,4683,James van Riemsdyk,ROSTER,36.0,"6'3""",217.0,USA,"Middletown, New Jersey",False,LW,13,1,1,2,1.23,0.08,0.08,0.15,10.6,12.8,0,0,0,0,0,0,0,0,0,0,1,0,1,100.0,-3,36,16,6.2,9,8,12,0,13,6,1,1,1,0,100.0,3,6,1,2,0,212,105,56,53,9457,3866,856,5619,DET,Atlantic,Eastern
2025-2026,20251111,5,WSH,5460,Trevor van Riemsdyk,ROSTER,34.0,"6'2""",192.0,USA,"Middletown, New Jersey",False,D,13,1,1,2,0.69,0.08,0.08,0.15,16.9,17.0,0,0,0,0,0,0,0,0,0,0,0,0,0,0.0,0,18,9,11.1,13,6,3,3,7,9,1,0,0,0,0.0,4,8,1,2,0,239,120,34,84,11553,1909,621,8924,WSH,Metropolitan,Eastern
2025-2026,20251111,29,ANA,5851,Frank Vatrano,ROSTER,31.0,"5'10""",200.0,USA,"East Longmeadow, MA",False,RW,15,2,1,3,1.73,0.07,0.13,0.2,30.6,21.7,0,0,1,1,0,0,0,1,0,0,0,0,0,0.0,-7,43,26,7.7,9,9,8,38,9,6,1,9,4,5,44.4,3,9,3,9,1,254,125,68,63,10894,2260,662,8052,ANA,Pacific,Western
2025-2026,20251111,14,MTL,18040,Joe Veleno,ROSTER,25.0,"6'1""",191.0,Canada,"Montreal, QC",False,C,10,0,0,0,0.8,0.0,0.0,0.0,16.0,30.2,0,0,0,0,0,0,0,0,0,0,0,0,0,0.0,-5,14,8,0.0,6,3,3,17,8,3,0,47,23,24,48.9,5,13,3,9,1,144,74,29,41,6806,831,181,5794,MTL,Atlantic,Eastern
2025-2026,20251111,4,FLO,17177,Carter Verhaeghe,ROSTER,30.0,"6'1""",177.0,Canada,"Waterdown, ON",False,C,16,2,5,7,2.44,0.31,0.12,0.44,13.8,12.8,0,1,1,2,0,0,0,1,0,0,0,0,0,0.0,-6,85,39,5.1,5,29,17,15,24,14,6,22,10,12,45.5,3,6,4,8,0,350,178,87,88,17324,4613,1431,11280,FLA,,
2025-2026,20251111,11,BOS,18174,Jeffrey Viel,ROSTER,28.0,"6'0""",195.0,Canada,"Rimouski, QC",False,LW,4,0,0,0,1.0,0.0,0.0,0.0,10.1,17.4,0,0,0,0,0,0,0,0,0,0,0,0,0,0.0,0,10,4,0.0,1,3,3,17,2,2,1,1,0,1,0.0,2,7,3,9,1,68,36,17,15,2839,372,389,2078,BOS,Atlantic,Eastern
2025-2026,20251111,2,WPJ,18069,Gabriel Vilardi,ROSTER,26.0,"6'2""",185.0,Canada,"Kingston, ON",False,C,15,5,8,13,2.47,0.53,0.33,0.87,9.7,8.5,1,1,3,4,0,0,0,1,0,0,0,0,0,0.0,1,66,37,13.5,6,11,18,5,16,11,4,18,10,8,55.6,2,4,2,4,0,303,167,127,14,16750,3887,4159,8704,WPG,,
2025-2026,20251111,20,CHI,38015,Alex Vlasic,ROSTER,24.0,"6'6""",200.0,USA,"Wilmette, IL",True,D,15,1,3,4,1.13,0.2,0.07,0.27,37.6,13.2,0,0,0,0,0,0,0,0,0,0,0,0,0,0.0,-1,32,17,5.9,27,8,7,11,28,12,6,0,0,0,0.0,1,5,1,5,1,383,173,31,173,19517,1362,316,17516,CHI,Central,Western
2025-2026,20251111,19,CBJ,56385,Dmitri Voronkov,ROSTER,25.0,"6'3""",183.0,Russia,,False,LW,15,6,7,13,2.27,0.47,0.4,0.87,17.5,42.6,2,1,0,1,0,0,0,0,0,0,0,0,0,0.0,9,62,34,17.6,1,4,24,31,4,12,3,7,1,6,14.3,10,20,1,2,0,298,179,88,37,13996,3673,822,9501,CBJ,Metropolitan,Eastern
2025-2026,20251111,17,STL,13691,Nathan Walker,ROSTER,31.0,"5'9""",186.0,United Kingdom,Cardiff,False,LW,15,1,3,4,1.27,0.2,0.07,0.27,43.1,12.8,0,0,0,0,0,0,0,0,0,0,0,0,0,0.0,-2,28,19,5.3,12,2,7,55,13,8,1,35,19,16,54.3,3,6,3,6,0,257,130,68,60,11494,2188,1227,8079,STL,Central,Western
2025-2026,20251111,3,CAR,15368,Sean Walker,ROSTER,30.0,"5'11""",196.0,Canada,"Keswick, ON",False,D,15,4,2,6,2.13,0.13,0.27,0.4,43.4,17.0,1,0,1,1,0,0,0,0,0,0,0,0,0,0.0,-3,86,32,12.5,23,35,19,31,32,13,3,0,0,0,0.0,4,8,3,6,0,441,223,74,148,21494,2284,582,18628,CAR,Metropolitan,Eastern
2025-2026,20251111,24,EDM,13672,Jake Walman,ROSTER,29.0,"6'1""",170.0,Canada,"Toronto, ON",False,D,11,3,7,10,1.45,0.64,0.27,0.91,30.7,12.8,1,1,0,1,1,0,1,1,0,1,0,0,0,0.0,3,48,16,18.8,23,23,9,7,2,13,5,0,0,0,0.0,3,6,0,0,0,267,127,82,54,13444,2725,1040,9207,EDM,Pacific,Western
2025-2026,20251111,8,NYI,56461,Marshall Warren,ASSIGNED_TO_MINORS,24.0,"5'11""",170.0,USA,"Laurel Hollow, NY",False,D,2,0,2,2,0.0,1.0,0.0,1.0,1.1,4.3,0,0,0,0,0,0,0,0,0,0,0,0,0,0.0,1,1,0,0.0,0,1,0,2,5,2,1,0,0,0,0.0,1,2,1,2,0,36,22,3,11,1456,150,33,1273,NYI,Metropolitan,Eastern
2025-2026,20251111,23,CGY,12274,MacKenzie Weegar,ROSTER,31.0,"6'0""",200.0,Canada,"Nepean, ON",False,D,17,0,4,4,1.71,0.24,0.0,0.24,63.2,50.8,0,0,2,2,0,0,0,0,0,0,0,0,0,0.0,-16,83,29,0.0,34,38,16,44,42,25,7,0,0,0,0.0,8,27,3,9,1,569,246,133,190,25025,4754,1994,18277,CGY,Pacific,Western
2025-2026,20251111,26,SJS,5449,Alexander Wennberg,ROSTER,31.0,"6'2""",197.0,Sweden,Stockholm,False,C,16,4,6,10,1.0,0.38,0.25,0.62,26.2,4.3,1,1,2,3,0,0,0,1,0,0,0,0,0,0.0,-3,28,16,25.0,20,10,2,5,10,17,8,252,117,135,46.4,1,2,5,10,0,402,204,112,90,19797,3637,1783,14377,SJS,Pacific,Western
2025-2026,20251111,19,CBJ,5603,Zach Werenski,ROSTER,28.0,"6'2""",212.0,USA,"Grosse Pointe, MI",False,D,15,4,7,11,3.67,0.47,0.27,0.73,31.8,0.0,1,1,2,3,0,0,0,0,0,0,0,0,0,0.0,7,136,55,7.3,23,52,29,9,18,34,10,0,0,0,0.0,0,0,1,2,0,404,207,57,142,23806,5207,728,17810,CBJ,Metropolitan,Eastern
2025-2026,20251111,7,NJD,15576,Colton White,ROSTER,28.0,"6'1""",190.0,Canada,"London, ON",False,D,2,0,0,0,1.0,0.0,0.0,0.0,0.0,0.0,0,0,0,0,0,0,0,0,0,0,0,0,0,0.0,0,3,2,0.0,0,1,0,0,1,1,0,0,0,0,0.0,0,0,0,0,0,34,18,2,14,1316,146,0,1170,NJD,Metropolitan,Eastern
2025-2026,20251111,142,VGK,14133,Zach Whitecloud,ROSTER,28.0,"6'2""",209.0,Canada,"Brandon, MB",False,D,15,0,1,1,0.6,0.07,0.0,0.07,34.9,17.0,0,0,0,0,0,0,0,0,0,0,0,0,0,0.0,-2,35,9,0.0,18,22,4,26,35,12,1,0,0,0,0.0,4,8,3,6,0,339,220,80,39,15788,3825,1275,10688,VGK,Pacific,Western
2025-2026,20251111,18,NSH,28517,Ozzy Wiesblatt,ROSTER,23.0,"5'10""",183.0,Canada,"Calgary, AB",True,C,15,0,2,2,0.87,0.13,0.0,0.13,27.6,38.7,0,0,0,0,0,0,0,0,0,0,1,0,1,100.0,-7,29,13,0.0,6,9,7,39,23,7,2,4,0,4,0.0,7,17,3,9,1,235,154,48,34,9883,1693,507,8066,NSH,Central,Western
2025-2026,20251111,21,VAN,166972,Tom Willander,ROSTER,20.0,"6'1""",179.0,Sweden,Stockholm,True,D,7,0,2,2,0.86,0.29,0.0,0.29,7.6,4.3,0,0,0,0,0,0,0,0,0,0,0,0,0,0.0,2,20,6,0.0,6,7,7,1,11,3,2,0,0,0,0.0,1,2,0,0,0,136,118,10,8,5757,912,45,4800,VAN,Pacific,Western
2025-2026,20251111,18,NSH,53068,Adam Wilsby,ROSTER,25.0,"6'0""",183.0,Sweden,Stockholm,True,D,12,0,2,2,0.92,0.17,0.0,0.17,11.5,21.3,0,0,0,0,0,0,0,0,0,0,0,0,0,0.0,-2,33,11,0.0,8,18,4,4,23,11,3,0,0,0,0.0,5,10,0,0,0,276,205,34,37,12711,2800,518,9393,NSH,Central,Western
2025-2026,20251111,5,WSH,5225,Tom Wilson,ROSTER,31.0,"6'4""",220.0,Canada,"Toronto, ON",False,RW,15,9,7,16,2.27,0.47,0.6,1.07,30.7,71.4,3,4,1,5,0,0,0,0,0,0,0,0,0,0.0,6,65,34,26.5,6,13,18,45,15,14,4,7,2,5,28.6,11,41,5,13,1,343,175,91,82,17330,4671,1628,10824,WSH,Metropolitan,Eastern
2025-2026,20251111,143,SEA,56633,Ryan Winterton,ROSTER,22.0,"6'2""",175.0,Canada,"Whitby, ON",False,C,15,1,1,2,0.87,0.07,0.07,0.13,18.4,8.5,0,0,0,0,0,0,0,0,0,0,0,0,0,0.0,-1,27,13,7.7,8,6,8,17,22,5,2,0,0,0,0.0,2,4,5,10,0,267,172,36,55,11098,1028,647,9170,SEA,Pacific,Western
2025-2026,20251111,18,NSH,142645,Matthew Wood,ROSTER,,,,,,False,RW,11,6,4,10,2.55,0.36,0.55,0.91,10.1,0.0,2,2,3,5,0,0,0,0,0,0,1,0,0,0.0,0,47,28,21.4,5,11,8,8,10,3,1,7,2,5,28.6,0,0,3,6,0,171,152,23,2,8536,1773,119,6644,NSH,Central,Western
2025-2026,20251111,19,CBJ,9079,Miles Wood,ROSTER,30.0,"6'2""",195.0,USA,"Buffalo, NY",False,LW,9,4,0,4,1.67,0.0,0.44,0.44,5.4,4.3,1,0,0,0,0,0,0,1,0,1,0,0,0,0.0,-1,24,15,26.7,1,5,4,8,12,8,0,4,1,3,25.0,1,2,2,6,0,139,73,33,36,6349,1283,424,4642,CBJ,Metropolitan,Eastern
2025-2026,20251111,10,PIT,5707,Parker Wotherspoon,ROSTER,28.0,"6'0""",172.0,Canada,"Surrey, BC",False,D,17,1,5,6,0.94,0.29,0.06,0.35,44.4,33.4,0,0,0,0,0,1,1,0,0,0,0,0,0,0.0,6,36,16,6.2,27,15,5,24,25,22,7,0,0,0,0.0,6,20,2,4,0,406,222,96,78,21573,2790,1646,16539,PIT,Metropolitan,Eastern
2025-2026,20251111,143,SEA,43332,Shane Wright,ROSTER,21.0,"6'1""",199.0,Canada,"Burlington, ON",True,C,15,4,4,8,1.47,0.27,0.27,0.53,15.1,4.3,1,1,1,2,0,0,0,1,0,1,0,0,0,0.0,2,36,22,18.2,7,7,7,13,25,15,2,139,52,87,37.4,1,2,3,6,0,297,225,53,17,13143,2412,430,10007,SEA,Pacific,Western
2025-2026,20251111,14,MTL,34148,Arber Xhekaj,ROSTER,24.0,"6'4""",238.0,Canada,"Hamilton, ON",True,D,14,0,1,1,0.71,0.07,0.0,0.07,20.6,47.7,0,0,0,0,0,0,0,0,0,0,0,0,0,0.0,-2,28,10,0.0,9,15,3,19,20,8,1,0,0,0,0.0,7,20,3,12,2,210,164,19,27,9376,1448,277,7651,MTL,Atlantic,Eastern
2025-2026,20251111,30,UTA,13637,Kailer Yamamoto,ROSTER,27.0,"5'8""",153.0,USA,"Spokane, WA",False,RW,10,2,1,3,1.0,0.1,0.2,0.3,5.6,8.5,0,0,0,0,0,0,0,0,0,0,0,0,0,0.0,1,14,10,20.0,3,1,3,4,8,6,1,10,3,7,30.0,2,4,5,10,0,161,92,53,18,7302,979,1038,5285,UTA,Central,Western
2025-2026,20251111,6,PHI,30026,Cameron York,ROSTER,24.0,"5'11""",172.0,USA,"Anaheim Hills, CA",True,D,12,1,8,9,0.58,0.67,0.08,0.75,29.9,8.5,0,1,3,4,0,0,0,0,0,0,0,0,0,0.0,4,30,7,14.3,25,14,9,1,17,14,4,0,0,0,0.0,2,4,0,0,0,366,218,57,92,17866,2656,655,14555,PHI,Metropolitan,Eastern
2025-2026,20251111,25,MIN,56469,Danila Yurov,ROSTER,21.0,"6'1""",178.0,Russia,Chelyabinsk,False,RW,12,2,0,2,0.83,0.0,0.17,0.17,10.1,0.0,0,0,0,0,0,0,0,1,0,0,0,0,0,0.0,-5,24,10,20.0,5,9,5,8,13,7,2,69,28,41,40.6,0,0,1,2,0,142,113,12,19,7094,781,52,6261,MIN,Central,Western
2025-2026,20251111,11,BOS,5601,Pavel Zacha,ROSTER,28.0,"6'3""",210.0,Czech Republic,Brno,False,C,17,4,10,14,1.47,0.59,0.24,0.82,19.4,27.5,1,1,6,7,0,0,0,1,0,1,0,0,0,0.0,4,44,25,16.0,8,5,14,19,8,15,5,163,90,73,55.2,6,14,0,0,0,369,166,126,81,18045,4011,1914,12120,BOS,Atlantic,Eastern
2025-2026,20251111,11,BOS,5270,Nikita Zadorov,ROSTER,30.0,"6'6""",235.0,Russia,Moscow,False,D,17,1,3,4,0.88,0.18,0.06,0.24,59.7,64.3,0,0,0,0,0,0,0,0,0,0,0,0,0,0.0,2,41,15,6.7,23,18,8,62,23,23,9,0,0,0,0.0,13,29,8,19,1,453,218,70,166,21799,3573,1241,16985,BOS,Atlantic,Eastern
2025-2026,20251111,6,PHI,21853,Egor Zamula,ROSTER,25.0,"6'3""",170.0,Russia,Chelyabinsk,True,D,8,0,1,1,0.62,0.12,0.0,0.12,12.3,4.3,0,0,0,0,0,0,0,0,0,0,0,0,0,0.0,0,11,5,0.0,10,6,0,1,12,5,1,0,0,0,0.0,1,2,0,0,0,149,90,15,44,6441,1157,126,5158,PHI,Metropolitan,Eastern
2025-2026,20251111,23,CGY,28538,Connor Zary,ROSTER,24.0,"6'0""",178.0,Canada,"Saskatoon, SK",True,C,15,1,1,2,1.27,0.07,0.07,0.13,9.3,17.0,0,1,0,1,0,0,0,0,0,0,1,0,0,0.0,-4,36,19,5.3,3,7,10,11,10,5,2,71,28,43,39.4,4,8,6,12,0,266,161,60,46,12242,2148,654,9440,CGY,Pacific,Western
2025-2026,20251111,6,PHI,25981,Trevor Zegras,ROSTER,24.0,"6'1""",185.0,USA,"Bedford, NY",True,C,15,4,12,16,1.93,0.8,0.27,1.07,9.6,29.1,1,2,5,7,0,0,0,0,0,0,2,0,2,100.0,0,70,29,13.8,5,21,20,7,14,13,4,75,28,47,37.3,5,18,3,6,0,327,214,55,64,16552,2761,741,13071,PHI,Metropolitan,Eastern
2025-2026,20251111,29,ANA,32258,Olen Zellweger,ROSTER,22.0,"5'10""",175.0,Canada,"Calgary, AB",True,D,15,1,4,5,2.13,0.27,0.07,0.33,26.6,21.3,0,1,1,2,0,0,0,0,0,0,0,0,0,0.0,11,75,32,3.1,19,23,20,8,36,13,2,0,0,0,0.0,5,10,5,10,0,352,250,35,69,17065,2750,403,13913,ANA,Pacific,Western
2025-2026,20251111,13,OTT,18106,Fabian Zetterlund,ROSTER,26.0,"5'11""",196.0,Sweden,Karlstad,False,LW,16,1,2,3,1.5,0.12,0.06,0.19,22.8,12.8,0,1,0,1,0,0,0,0,0,0,0,0,0,0.0,-2,48,24,4.2,6,9,15,30,18,5,2,4,1,3,25.0,3,6,4,8,0,310,153,57,101,13283,2176,650,10457,OTT,Atlantic,Eastern
2025-2026,20251111,9,NYR,5000,Mika Zibanejad,ROSTER,32.0,"6'2""",208.0,Sweden,Stockholm,False,C,17,5,4,9,3.24,0.24,0.29,0.53,26.0,8.5,1,2,1,3,1,0,1,1,0,0,0,0,0,0.0,-9,94,55,9.1,10,17,26,27,5,20,8,241,127,114,52.7,2,4,2,4,0,426,216,89,110,21469,4914,1226,14531,NYR,Metropolitan,Eastern
2025-2026,20251111,13,OTT,28480,Artem Zub,ROSTER,30.0,"6'2""",202.0,Russia,Khabarovsk,True,D,16,2,7,9,1.38,0.44,0.12,0.56,38.8,17.0,0,0,0,0,0,0,0,0,0,0,0,0,0,0.0,4,49,22,9.1,24,13,14,20,17,15,3,0,0,0,0.0,4,8,0,0,0,427,330,68,31,18816,3354,781,14681,OTT,Atlantic,Eastern
2025-2026,20251111,25,MIN,4927,Mats Zuccarello,ROSTER,38.0,"5'8""",178.0,Norway,Oslo,False,RW,2,0,1,1,1.5,0.5,0.0,0.5,1.7,0.0,0,0,0,0,0,0,0,0,0,0,0,0,0,0.0,-1,7,3,0.0,1,2,2,1,2,1,0,4,2,2,50.0,0,0,0,0,0,33,11,13,9,2024,572,0,1452,MIN,Central,Western
2025-2026,20251111,15,BUF,5093,Jason Zucker,ROSTER,33.0,"5'11""",192.0,USA,"Newport Beach, CA",False,LW,12,4,3,7,2.25,0.25,0.33,0.58,9.1,8.5,1,2,2,4,0,0,0,1,0,0,0,0,0,0.0,-7,43,27,14.8,1,7,9,15,8,10,2,30,11,19,36.7,2,4,3,6,0,222,121,52,53,10606,3658,626,6322,BUF,Atlantic,Eastern
