SEASON_ID,SNAPSHOT_DATE,TEAM_ID,TEAM_ABBR,PLAYER_ID,NAME,STATUS,AGE,HEIGHT,WEIGHT,BIRTH_COUNTRY,BIRTH_CITY,ROOKIE,POSITION,GAMES_PLAYED,GOALS,ASSISTS,POINTS,SOGPG,APG,GPG,PGP,DEF_WALL,PHYSICAL,HAT_TRICKS,PP_GOALS,PP_ASSISTS,PP_POINTS,SH_GOALS,SH_ASSISTS,SH_POINTS,GW_GOALS,GT_GOALS,OT_GOALS,SO_ATTEMPTS,SO_MISSES,SO_GOALS,SO_GOAL_PCT,PLUS_MINUS,SHOT_ATTEMPTS,SHOTS_ON_GOAL,SHOT_PCT,BLOCKED_SHOTS,BLOCKED_SHOTS_AGAINST,MISSED_SHOTS,HITS,HITS_RECEIVED,GIVEAWAYS,TAKEAWAYS,FACEOFFS,FACEOFF_WINS,FACEOFF_LOSSES,FACEOFF_PCT,PENALTIES,PIM,PENALTIES_DRAWN,PENALTY_MIN_DRAWN,FIGHTS,SHIFTS,EVEN_STR_SHIFTS,PP_SHIFTS,SH_SHIFTS,TIME_ON_ICE,EVENT_TOI,PP_TOI,SH_TOI,TEAM_ABBR_CANON,division,conference
2025-2026,20251101,6,PHI,18056,Rodrigo Abols,ROSTER,29.0,"6'4""",206.0,Latvia,Riga,False,C,6,0,0,0,1.0,0.0,0.0,0.0,10.5,15.2,0,0,0,0,0,0,0,0,0,0,0,0,0,0.0,-4,13,6,0.0,3,3,4,8,5,2,0,31,21,10,67.7,1,5,2,7,1,72,46,17,9,3073,233,226,2614,PHI,Metropolitan,Eastern
2025-2026,20251101,10,PIT,5927,Noel Acciari,ROSTER,33.0,"5'10""",203.0,USA,"Johnston, RI",False,C,11,0,2,2,1.0,0.18,0.0,0.18,29.1,20.9,0,0,0,0,0,0,0,0,0,0,0,0,0,0.0,4,18,11,0.0,10,4,4,18,19,1,2,81,50,31,61.7,2,12,0,0,0,222,106,45,64,9257,1636,479,6870,PIT,Metropolitan,Eastern
2025-2026,20251101,30,UTA,5234,Andrew Agozzino,ASSIGNED_TO_MINORS,34.0,"5'10""",187.0,Canada,"Kleinburg, ON",False,LW,2,0,0,0,0.0,0.0,0.0,0.0,4.4,0.0,0,0,0,0,0,0,0,0,0,0,0,0,0,0.0,0,1,0,0.0,1,0,1,4,1,1,1,7,3,4,42.9,0,0,1,2,0,20,12,4,4,736,91,0,645,UTA,Central,Western
2025-2026,20251101,22,COL,28441,Jack Ahcan,ASSIGNED_TO_MINORS,28.0,"5'8""",185.0,USA,"Savage, MN",True,D,2,0,1,1,0.0,0.5,0.0,0.5,5.4,0.0,0,0,0,0,0,0,0,0,0,0,0,0,0,0.0,0,2,0,0.0,2,0,2,3,8,2,0,0,0,0,0.0,0,0,0,0,0,34,24,1,9,1517,86,62,1369,COL,Central,Western
2025-2026,20251101,3,CAR,5630,Sebastian Aho,ROSTER,28.0,"6'0""",176.0,Finland,Rauma,False,C,10,4,7,11,2.3,0.7,0.4,1.1,17.7,10.6,1,0,2,2,0,0,0,0,0,0,0,0,0,0.0,1,49,23,17.4,4,8,18,16,5,16,5,182,86,96,47.3,2,4,3,6,0,230,96,40,98,12040,2614,791,8635,CAR,Metropolitan,Eastern
2025-2026,20251101,13,OTT,12009,Michael Amadio,ROSTER,29.0,"6'1""",204.0,Canada,"Sault Ste. Marie, ON",False,RW,12,2,1,3,0.92,0.08,0.17,0.25,31.0,5.3,0,0,0,0,0,0,0,0,0,0,0,0,0,0.0,-1,24,11,18.2,12,3,10,16,18,11,8,4,2,2,50.0,1,2,3,6,0,252,109,55,90,10585,1638,785,8162,OTT,Atlantic,Eastern
2025-2026,20251101,21,VAN,39762,Nils Aman,ROSTER,25.0,"6'2""",179.0,Sweden,Avesta,True,C,2,0,0,0,0.5,0.0,0.0,0.0,3.0,0.0,0,0,0,0,0,0,0,0,0,0,0,0,0,0.0,0,3,1,0.0,1,2,0,2,1,1,0,2,1,1,50.0,0,0,0,0,0,23,19,1,3,1039,48,31,960,VAN,Pacific,Western
2025-2026,20251101,14,MTL,5513,Josh Anderson,ROSTER,31.0,"6'3""",227.0,Canada,"Burlington, ON",False,RW,11,1,1,2,1.27,0.09,0.09,0.18,18.3,10.6,0,0,0,0,0,0,0,0,0,0,0,0,0,0.0,-2,25,14,7.1,6,3,8,12,5,6,0,7,5,2,71.4,2,4,2,4,0,210,106,58,47,9987,1727,1038,7222,MTL,Atlantic,Eastern
2025-2026,20251101,28,LAK,18073,Michael Anderson,ROSTER,26.0,"5'11""",194.0,USA,"Roseville, MN",False,D,12,1,0,1,0.58,0.0,0.08,0.08,42.7,5.3,0,0,0,0,0,0,0,0,0,0,0,0,0,0.0,2,23,7,14.3,19,10,6,16,25,10,2,0,0,0,0.0,1,2,1,2,0,285,163,58,65,14363,2300,670,11393,LAK,Pacific,Western
2025-2026,20251101,23,CGY,5647,Rasmus Andersson,ROSTER,29.0,"6'1""",214.0,Sweden,Malmö,False,D,12,2,2,4,2.33,0.17,0.17,0.33,34.8,21.2,0,1,1,2,0,0,0,0,0,0,1,0,0,0.0,0,69,28,7.1,18,23,18,7,22,16,2,0,0,0,0.0,4,8,6,12,0,410,176,89,147,17298,2594,1193,13511,CGY,Pacific,Western
2025-2026,20251101,6,PHI,38011,Emil Andrae,ROSTER,23.0,"5'8""",181.0,Sweden,Västervik,True,D,2,0,0,0,0.5,0.0,0.0,0.0,0.7,0.0,0,0,0,0,0,0,0,0,0,0,0,0,0,0.0,0,2,1,0.0,0,1,0,1,8,1,1,0,0,0,0.0,0,0,0,0,0,35,28,3,4,1528,143,40,1345,PHI,Metropolitan,Eastern
2025-2026,20251101,16,DET,5763,Mason Appleton,ROSTER,29.0,"6'2""",193.0,USA,"Green Bay, WI",False,C,12,3,3,6,0.92,0.25,0.25,0.5,18.6,20.9,1,0,0,0,0,0,0,1,0,0,0,0,0,0.0,0,19,11,27.3,7,2,6,10,9,5,0,5,2,3,40.0,2,12,1,2,0,232,126,37,72,10384,1451,441,8492,DET,Atlantic,Eastern
2025-2026,20251101,28,LAK,5505,Joel Armia,ROSTER,32.0,"6'4""",218.0,Finland,Pori,False,RW,12,2,4,6,1.42,0.33,0.17,0.5,21.3,21.2,0,0,0,0,0,0,0,0,0,0,1,0,0,0.0,2,36,17,11.8,7,10,9,14,10,7,4,5,3,2,60.0,4,8,0,0,0,235,106,64,67,10343,1626,1267,7450,LAK,Pacific,Western
2025-2026,20251101,11,BOS,5538,Viktor Arvidsson,ROSTER,32.0,"5'9""",180.0,Sweden,Skellefteå,False,LW,13,2,3,5,2.23,0.23,0.15,0.38,13.9,15.9,0,0,0,0,0,0,0,0,0,0,0,0,0,0.0,1,56,29,6.9,5,12,15,8,24,10,4,5,3,2,60.0,3,6,5,10,0,233,117,57,62,10842,2028,422,8392,BOS,Atlantic,Eastern
2025-2026,20251101,11,BOS,15191,Jonathan Aspirot,ROSTER,26.0,"6'0""",209.0,Canada,"Mascouche, QC",False,D,2,0,0,0,0.0,0.0,0.0,0.0,8.7,0.0,0,0,0,0,0,0,0,0,0,0,0,0,0,0.0,0,3,0,0.0,4,2,1,3,7,2,0,0,0,0,0.0,0,0,0,0,0,39,24,12,3,1725,400,172,1153,BOS,Atlantic,Eastern
2025-2026,20251101,19,CBJ,12287,Zach Aston-Reese,ROSTER,31.0,"6'0""",204.0,USA,"Staten Island, NY",False,C,8,0,3,3,1.0,0.38,0.0,0.38,21.1,5.3,0,0,0,0,0,0,0,0,0,0,0,0,0,0.0,1,10,8,0.0,4,0,2,21,5,3,1,10,1,9,10.0,1,2,2,4,0,124,61,27,33,4943,911,267,3630,CBJ,Metropolitan,Eastern
2025-2026,20251101,27,DAL,34436,Oskar Back,ROSTER,25.0,"6'3""",200.0,Sweden,Karlstad,True,C,1,1,0,1,1.0,0.0,1.0,1.0,0.0,0.0,0,0,0,0,0,0,0,0,0,0,0,0,0,0.0,1,1,1,100.0,0,0,0,0,5,0,0,1,0,1,0.0,0,0,0,0,0,12,8,4,1,508,0,0,508,DAL,Central,Western
2025-2026,20251101,23,CGY,4609,Mikael Backlund,ROSTER,36.0,"6'0""",200.0,Sweden,Vasteras,False,C,12,2,4,6,2.08,0.33,0.17,0.5,9.5,10.6,0,0,0,0,0,1,1,0,0,0,0,0,0,0.0,-2,44,25,8.0,2,10,9,9,9,6,4,215,101,114,47.0,2,4,1,2,0,293,149,70,76,12261,3509,438,8314,CGY,Pacific,Western
2025-2026,20251101,23,CGY,14578,Kevin Bahl,ROSTER,25.0,"6'6""",216.0,Canada,"New Westminster, BC",True,D,12,1,2,3,0.83,0.17,0.08,0.25,34.5,26.5,0,0,0,0,0,0,0,1,0,0,0,0,0,0.0,2,24,10,10.0,17,8,6,9,15,21,9,0,0,0,0.0,5,10,2,4,0,365,241,58,67,15057,779,678,13600,CGY,Pacific,Western
2025-2026,20251101,21,VAN,38470,Arshdeep Bains,ROSTER,24.0,"6'0""",185.0,Canada,"Surrey, BC",True,LW,12,0,2,2,0.75,0.17,0.0,0.17,10.9,10.6,0,0,0,0,0,0,0,0,0,0,0,0,0,0.0,0,13,9,0.0,2,2,2,11,10,6,3,9,2,7,22.2,2,4,0,0,0,168,119,17,32,7136,548,92,6497,VAN,Pacific,Western
2025-2026,20251101,4,FLO,120218,Uvis Balinskis,ROSTER,29.0,"6'0""",187.0,Latvia,Ventspils,True,D,9,0,0,0,0.56,0.0,0.0,0.0,20.2,5.3,0,0,0,0,0,0,0,0,0,0,0,0,0,0.0,-2,13,5,0.0,8,6,2,10,8,6,6,0,0,0,0.0,1,2,2,4,0,163,135,15,13,7257,1104,126,6027,FLA,,
2025-2026,20251101,142,VGK,11708,Ivan Barbashev,ROSTER,29.0,"6'0""",187.0,Russia,Moscow,False,LW,11,3,7,10,1.27,0.64,0.27,0.91,17.1,0.0,1,0,0,0,0,0,0,0,0,0,0,0,0,0.0,3,27,14,21.4,2,6,7,20,11,11,2,4,0,4,0.0,0,0,3,6,0,214,99,78,40,10147,2408,888,6870,VGK,Pacific,Western
2025-2026,20251101,22,COL,56519,Zakhar Bardakov,ROSTER,24.0,"6'2""",198.0,Russia,Seversk,False,C,7,1,1,2,0.71,0.14,0.14,0.29,8.2,0.0,0,0,0,0,0,0,0,0,0,0,0,0,0,0.0,1,10,5,20.0,2,2,3,7,3,3,0,38,15,23,39.5,0,0,3,6,0,66,38,6,23,2551,337,0,2214,COL,Central,Western
2025-2026,20251101,18,NSH,30074,Justin Barron,ROSTER,23.0,"6'2""",195.0,Canada,"Halifax, NS",True,D,12,0,3,3,0.58,0.25,0.0,0.25,32.6,5.3,0,0,0,0,0,0,0,0,0,0,0,0,0,0.0,-1,25,7,0.0,15,11,7,11,20,18,1,0,0,0,0.0,1,2,1,2,0,260,192,37,31,11228,1905,428,8895,NSH,Central,Western
2025-2026,20251101,2,WPJ,28496,Morgan Barron,ROSTER,26.0,"6'4""",220.0,Canada,"Halifax, NS",True,C,11,3,3,6,1.18,0.27,0.27,0.55,24.8,10.6,1,0,0,0,1,0,1,1,0,0,0,0,0,0.0,2,26,13,23.1,7,4,9,19,11,7,3,135,75,60,55.6,2,4,3,6,0,209,107,61,44,8241,1248,1090,5903,WPG,,
2025-2026,20251101,8,NYI,5611,Mathew Barzal,ROSTER,28.0,"6'0""",187.0,Canada,"Coquitlam, BC",False,C,10,3,6,9,1.9,0.6,0.3,0.9,17.8,21.2,1,0,2,2,0,0,0,0,0,0,0,0,0,0.0,5,34,19,15.8,9,4,11,4,5,14,4,104,34,70,32.7,4,8,1,2,0,207,107,80,23,12506,2250,2844,7412,NYI,Metropolitan,Eastern
2025-2026,20251101,27,DAL,15468,Nathan Bastian,ROSTER,27.0,"6'4""",205.0,Canada,"Kitchener, ON",False,RW,11,1,0,1,0.82,0.0,0.09,0.09,20.9,5.3,0,0,0,0,0,0,0,0,0,0,0,0,0,0.0,-1,12,9,11.1,3,3,0,23,13,1,0,0,0,0,0.0,1,2,0,0,0,115,76,22,18,4694,1019,354,3321,DAL,Central,Western
2025-2026,20251101,13,OTT,15394,Drake Batherson,ROSTER,27.0,"6'3""",203.0,USA,"Fort Wayne, IN",False,RW,9,4,9,13,2.11,1.0,0.44,1.44,13.3,5.3,1,2,3,5,0,0,0,1,0,0,2,1,1,50.0,3,33,19,21.1,3,7,7,12,7,7,6,1,1,0,100.0,1,2,4,8,0,206,100,40,71,9159,1703,454,7158,OTT,Atlantic,Eastern
2025-2026,20251101,23,CGY,9639,Jake Bean,ROSTER,27.0,"6'1""",186.0,Canada,"Calgary, AB",False,D,9,0,0,0,1.0,0.0,0.0,0.0,30.4,5.3,0,0,0,0,0,0,0,0,0,0,0,0,0,0.0,-6,27,9,0.0,17,12,6,3,9,9,3,0,0,0,0.0,1,2,0,0,0,228,152,29,47,9070,759,484,7827,CGY,Pacific,Western
2025-2026,20251101,5,WSH,5623,Anthony Beauvillier,ROSTER,28.0,"5'11""",182.0,Canada,"Sorel-Tracy, QC",False,LW,11,1,1,2,2.18,0.09,0.09,0.18,11.3,5.3,0,0,0,0,0,0,0,1,0,0,0,0,0,0.0,3,43,24,4.2,1,10,9,14,11,6,2,2,0,2,0.0,1,2,0,0,0,198,108,47,42,9131,1398,773,6863,WSH,Metropolitan,Eastern
2025-2026,20251101,14,MTL,53067,Owen Beck,ASSIGNED_TO_MINORS,21.0,"6'0""",191.0,Canada,"Peterborough, ON",True,C,2,0,0,0,0.5,0.0,0.0,0.0,1.7,0.0,0,0,0,0,0,0,0,0,0,0,0,0,0,0.0,-1,4,1,0.0,1,1,2,0,3,0,0,12,7,5,58.3,0,0,0,0,0,24,20,3,1,1003,346,8,649,MTL,Atlantic,Eastern
2025-2026,20251101,20,CHI,111625,Connor Bedard,ROSTER,20.0,"5'10""",185.0,Canada,"North Vancouver, BC",True,C,11,6,8,14,3.0,0.73,0.55,1.27,8.4,26.5,2,2,1,3,0,0,0,1,0,0,1,0,0,0.0,5,60,33,18.2,3,8,19,5,11,15,5,90,38,52,42.2,5,10,5,12,0,266,209,36,27,14085,2400,123,11562,CHI,Central,Western
2025-2026,20251101,11,BOS,38020,John Beecher,ROSTER,24.0,"6'3""",210.0,USA,"Elmira, NY",True,C,3,1,0,1,1.67,0.0,0.33,0.33,7.8,0.0,0,0,0,0,0,0,0,0,0,0,0,0,0,0.0,0,7,5,20.0,3,2,0,4,4,1,0,3,0,3,0.0,0,0,0,0,0,56,33,10,14,2253,462,94,1697,BOS,Atlantic,Eastern
2025-2026,20251101,143,SEA,37968,Matty Beniers,ROSTER,22.0,"6'2""",175.0,USA,"Hingham, MA",True,C,10,1,5,6,2.0,0.5,0.1,0.6,17.5,5.3,0,1,1,2,0,0,0,0,0,0,0,0,0,0.0,2,50,20,5.0,8,8,22,6,13,14,1,145,66,79,45.5,1,2,2,4,0,241,152,49,41,11915,2420,474,9085,SEA,Pacific,Western
2025-2026,20251101,4,FLO,5415,Sam Bennett,ROSTER,29.0,"6'1""",195.0,Canada,"Holland Landing, ON",False,C,11,1,1,2,2.0,0.09,0.09,0.18,24.2,26.5,0,1,0,1,0,0,0,0,0,0,0,0,0,0.0,-9,48,22,4.5,5,13,13,23,8,9,4,154,77,77,50.0,5,10,4,8,0,242,113,98,32,11536,2419,2117,7000,FLA,,
2025-2026,20251101,12,TOR,15129,Simon Benoit,ROSTER,27.0,"6'3""",208.0,Canada,"Laval, QC",False,D,11,0,1,1,0.64,0.09,0.0,0.09,43.3,36.4,0,0,0,0,0,0,0,0,0,0,0,0,0,0.0,-2,28,7,0.0,14,15,6,29,20,12,4,0,0,0,0.0,5,13,3,9,1,288,184,50,54,11458,1432,1334,8692,TOR,Atlantic,Eastern
2025-2026,20251101,15,BUF,111755,Zach Benson,ROSTER,20.0,"5'10""",159.0,Canada,"Langley, BC",True,LW,8,0,8,8,2.0,1.0,0.0,1.0,12.8,15.9,0,0,3,3,0,1,1,0,0,0,0,0,0,0.0,3,24,16,0.0,6,4,4,4,12,7,5,3,2,1,66.7,3,6,1,2,0,185,150,23,12,9137,2505,424,6208,BUF,Atlantic,Eastern
2025-2026,20251101,16,DET,14556,Jonatan Berggren,ROSTER,25.0,"5'10""",183.0,Sweden,Uppsala,True,RW,8,2,2,4,2.0,0.25,0.25,0.5,5.1,5.3,0,1,0,1,0,0,0,0,0,0,0,0,0,0.0,-5,26,16,12.5,1,7,3,5,7,7,0,0,0,0,0.0,1,2,3,6,0,136,72,34,32,6115,1103,666,4389,DET,Atlantic,Eastern
2025-2026,20251101,16,DET,14549,Jacob Bernard-Docker,ROSTER,25.0,"6'1""",190.0,Canada,"Canmore, AB",False,D,8,0,1,1,1.25,0.12,0.0,0.12,9.4,5.3,0,0,0,0,0,0,0,0,0,0,0,0,0,0.0,3,21,10,0.0,4,9,2,4,21,6,2,0,0,0,0.0,1,2,1,2,0,141,84,15,42,6060,315,138,5607,DET,Atlantic,Eastern
2025-2026,20251101,20,CHI,10178,Tyler Bertuzzi,ROSTER,30.0,"6'1""",199.0,Canada,"Sudbury, ON",False,LW,10,2,4,6,2.0,0.4,0.2,0.6,9.0,31.6,0,1,1,2,0,0,0,0,0,0,0,0,0,0.0,-1,38,20,10.0,0,8,10,13,14,9,2,24,15,9,62.5,4,16,3,6,0,213,105,68,42,10079,2896,822,6361,CHI,Central,Western
2025-2026,20251101,27,DAL,56392,Lian Bichsel,ROSTER,21.0,"6'6""",225.0,Switzerland,Wolfwil,False,D,11,0,1,1,0.27,0.09,0.0,0.09,48.2,10.6,0,0,0,0,0,0,0,0,0,0,0,0,0,0.0,-1,13,3,0.0,14,6,4,36,28,13,1,0,0,0,0.0,2,4,1,2,0,194,151,16,27,9608,1392,150,8066,DAL,Central,Western
2025-2026,20251101,1,TBL,8913,Oliver Bjorkstrand,ROSTER,30.0,"6'0""",177.0,Denmark,Herning,False,RW,11,1,2,3,1.45,0.18,0.09,0.27,11.2,5.3,0,1,0,1,0,0,0,0,0,0,0,0,0,0.0,0,41,16,6.2,3,13,12,9,19,9,0,7,4,3,57.1,1,2,1,2,0,201,90,75,37,9249,2549,1612,5088,TBL,Atlantic,Eastern
2025-2026,20251101,17,STL,5201,Nick Bjugstad,ROSTER,33.0,"6'6""",215.0,USA,"Minneapolis, MN",False,C,11,2,1,3,1.18,0.09,0.18,0.27,33.9,15.9,0,0,0,0,0,0,0,0,0,0,0,0,0,0.0,-1,23,13,15.4,10,3,7,25,3,2,2,63,34,29,54.0,3,6,4,8,0,169,81,42,48,6778,1232,573,4973,STL,Central,Western
2025-2026,20251101,27,DAL,15469,Colin Blackwell,ROSTER,32.0,"5'9""",190.0,USA,"North Andover, MA",False,C,11,0,1,1,0.64,0.09,0.0,0.09,22.8,15.9,0,0,0,0,0,0,0,0,0,0,0,0,0,0.0,-3,12,7,0.0,5,1,4,21,11,9,0,40,15,25,37.5,3,6,2,4,0,182,96,45,41,7846,1426,541,5879,DAL,Central,Western
2025-2026,20251101,12,TOR,11712,Sammy Blais,ROSTER,29.0,"6'2""",205.0,Canada,"Montmagny, QC",False,LW,1,1,1,2,3.0,1.0,1.0,2.0,5.1,0.0,0,0,0,0,0,0,0,0,0,0,0,0,0,0.0,0,3,3,33.3,1,0,0,5,0,0,1,0,0,0,0.0,0,0,0,0,0,16,12,4,1,655,95,32,528,TOR,Atlantic,Eastern
2025-2026,20251101,3,CAR,56345,Jackson Blake,ROSTER,22.0,"5'10""",158.0,USA,"Eden Prairie, MN",False,RW,10,3,5,8,3.0,0.5,0.3,0.8,6.4,26.5,1,0,2,2,0,0,0,0,0,0,1,0,0,0.0,1,51,30,10.0,3,4,17,2,17,13,3,0,0,0,0.0,5,10,5,10,0,189,137,35,20,9892,2541,644,6707,CAR,Metropolitan,Eastern
2025-2026,20251101,18,NSH,39055,Nick Blankenburg,ROSTER,27.0,"5'9""",175.0,USA,"Washington, MI",True,D,2,0,0,0,2.0,0.0,0.0,0.0,5.4,0.0,0,0,0,0,0,0,0,0,0,0,0,0,0,0.0,-2,8,4,0.0,2,4,0,3,0,0,1,0,0,0,0.0,0,0,1,2,0,39,36,2,1,1976,424,0,1552,NSH,Central,Western
2025-2026,20251101,21,VAN,15472,Theodor Blueger,ROSTER,31.0,"6'0""",185.0,Latvia,Riga,False,C,2,1,0,1,1.0,0.0,0.5,0.5,7.1,0.0,0,0,0,0,0,0,0,1,0,0,0,0,0,0.0,0,2,2,50.0,3,0,0,3,0,1,0,26,9,17,34.6,0,0,0,0,0,44,21,8,16,1899,363,216,1320,VAN,Pacific,Western
2025-2026,20251101,21,VAN,5618,Brock Boeser,ROSTER,28.0,"6'1""",208.0,USA,"Burnsville, MN",False,RW,10,4,2,6,2.0,0.2,0.4,0.6,8.4,0.0,1,1,0,1,0,0,0,0,0,0,1,0,1,100.0,-2,39,20,20.0,3,9,10,5,4,5,1,18,7,11,38.9,0,0,1,2,0,186,84,44,63,10770,1727,594,8460,VAN,Pacific,Western
2025-2026,20251101,25,MIN,4480,Zach Bogosian,ROSTER,35.0,"6'3""",226.0,USA,"Massena, NY",False,D,5,0,0,0,1.0,0.0,0.0,0.0,19.1,0.0,0,0,0,0,0,0,0,0,0,0,0,0,0,0.0,3,7,5,0.0,9,1,1,6,4,2,1,0,0,0,0.0,0,0,1,2,0,79,49,9,21,4163,911,58,3194,MIN,Central,Western
2025-2026,20251101,14,MTL,33083,Zachary Bolduc,ROSTER,22.0,"6'1""",175.0,Canada,"Trois-Rivière, QC",True,RW,11,4,2,6,1.82,0.18,0.36,0.55,16.3,15.9,1,2,1,3,0,0,0,0,0,0,0,0,0,0.0,-1,35,20,20.0,4,9,6,14,18,8,2,7,4,3,57.1,3,6,2,4,0,174,119,33,26,8802,1883,398,6521,MTL,Atlantic,Eastern
2025-2026,20251101,25,MIN,30015,Matthew Boldy,ROSTER,24.0,"6'2""",196.0,USA,"Milford, MA",True,LW,12,5,7,12,3.58,0.58,0.42,1.0,12.2,15.9,1,3,3,6,0,0,0,0,0,0,1,0,0,0.0,-4,108,43,11.6,4,32,33,8,14,13,0,20,9,11,45.0,3,6,5,10,0,240,156,37,51,15844,4044,385,11415,MIN,Central,Western
2025-2026,20251101,8,NYI,14531,Adam Boqvist,ROSTER,25.0,"5'11""",179.0,Sweden,Falun,False,D,4,0,0,0,0.25,0.0,0.0,0.0,7.4,0.0,0,0,0,0,0,0,0,0,0,0,0,0,0,0.0,2,6,1,0.0,4,4,1,1,4,2,0,0,0,0,0.0,0,0,0,0,0,69,42,21,6,3134,373,542,2219,NYI,Metropolitan,Eastern
2025-2026,20251101,4,FLO,17176,Jesper Boqvist,ROSTER,27.0,"6'0""",180.0,Sweden,Falun,False,C,11,1,0,1,0.91,0.0,0.09,0.09,31.4,10.6,0,0,0,0,0,0,0,1,0,0,0,0,0,0.0,-2,20,10,10.0,6,6,4,31,10,7,0,25,9,16,36.0,2,4,3,6,0,200,107,51,43,7613,1170,588,5855,FLA,,
2025-2026,20251101,9,NYR,15692,William Borgen,ROSTER,28.0,"6'3""",196.0,USA,"Moorhead, MN",False,D,12,0,2,2,1.08,0.17,0.0,0.17,39.1,10.6,0,0,0,0,0,0,0,0,0,0,0,0,0,0.0,2,32,13,0.0,16,12,7,18,21,10,5,0,0,0,0.0,2,4,1,2,0,305,177,54,67,13576,1162,926,11006,NYR,Metropolitan,Eastern
2025-2026,20251101,24,EDM,14533,Evan Bouchard,ROSTER,26.0,"6'3""",194.0,Canada,"Oakville, ON",False,D,12,1,6,7,2.58,0.5,0.08,0.58,31.8,21.2,0,1,2,3,0,0,0,0,0,0,1,0,0,0.0,-9,70,31,3.2,17,28,11,5,13,21,6,0,0,0,0.0,4,8,2,4,0,290,180,63,48,16973,3880,1308,11785,EDM,Pacific,Western
2025-2026,20251101,27,DAL,34435,Mavrik Bourque,ROSTER,23.0,"5'10""",178.0,Canada,"Plessisville, QC",True,C,11,1,2,3,1.64,0.18,0.09,0.27,19.1,5.3,0,0,2,2,0,0,0,0,0,0,0,0,0,0.0,-4,27,18,5.6,9,2,7,6,11,5,1,8,0,8,0.0,1,2,1,2,0,209,136,38,36,9814,1205,454,8155,DAL,Central,Western
2025-2026,20251101,16,DET,142440,Michael Brandsegg-Nygård,ASSIGNED_TO_MINORS,,,,,,False,RW,9,0,1,1,1.56,0.11,0.0,0.11,24.3,5.3,0,0,0,0,0,0,0,0,0,0,0,0,0,0.0,-5,35,14,0.0,3,13,8,28,17,10,2,0,0,0,0.0,1,2,1,2,0,158,132,24,2,6723,821,31,5871,DET,Atlantic,Eastern
2025-2026,20251101,7,NJD,13722,Jesper Bratt,ROSTER,27.0,"5'10""",175.0,Sweden,Stockholm,False,LW,11,4,9,13,1.73,0.82,0.36,1.18,13.7,15.9,1,1,3,4,1,0,1,1,0,0,0,0,0,0.0,2,37,19,21.1,2,8,10,15,10,13,8,0,0,0,0.0,3,6,2,4,0,236,124,47,69,11077,1774,824,8479,NJD,Metropolitan,Eastern
2025-2026,20251101,10,PIT,53189,Justin Brazeau,ROSTER,27.0,"6'5""",220.0,Canada,"New Liskeard, ON",True,RW,12,6,6,12,1.83,0.5,0.5,1.0,31.7,0.0,2,1,1,2,0,0,0,2,0,0,0,0,0,0.0,3,33,22,27.3,12,4,10,17,11,13,1,0,0,0,0.0,0,0,1,2,0,212,127,72,12,9702,1946,1616,5862,PIT,Metropolitan,Eastern
2025-2026,20251101,22,COL,133825,Gavin Brindley,ROSTER,21.0,"5'9""",175.0,USA,"Fort Myers, FL",True,C,12,1,1,2,1.0,0.08,0.08,0.17,14.9,5.3,0,0,0,0,0,0,0,0,0,0,0,0,0,0.0,-2,23,12,8.3,4,6,5,12,14,4,2,5,2,3,40.0,1,2,3,6,0,149,111,20,19,6254,831,124,5299,COL,Central,Western
2025-2026,20251101,6,PHI,38019,Bobby Brink,ROSTER,24.0,"5'8""",165.0,USA,"Minnetonka, MN",True,RW,10,3,4,7,1.6,0.4,0.3,0.7,15.6,15.9,1,1,2,3,0,0,0,0,0,0,2,0,1,50.0,1,26,16,18.8,4,5,5,13,13,4,1,6,1,5,16.7,3,6,3,6,0,214,124,40,54,10057,1975,289,8187,PHI,Metropolitan,Eastern
2025-2026,20251101,17,STL,17150,Philip Broberg,ROSTER,24.0,"6'3""",200.0,Sweden,Orebro,True,D,11,1,2,3,1.27,0.18,0.09,0.27,16.1,5.3,0,0,0,0,0,0,0,0,0,0,0,0,0,0.0,-4,34,14,7.1,8,15,5,4,19,13,2,0,0,0,0.0,1,2,2,4,0,305,195,61,50,14479,2397,859,11223,STL,Central,Western
2025-2026,20251101,25,MIN,5123,Jonas Brodin,ROSTER,32.0,"6'1""",194.0,Sweden,Karlstad,False,D,11,1,1,2,0.64,0.09,0.09,0.18,34.0,5.3,0,0,0,0,0,0,0,0,0,0,0,0,0,0.0,-2,25,7,14.3,20,12,6,1,21,10,1,0,0,0,0.0,1,2,3,6,0,262,137,54,72,13904,2659,985,10260,MIN,Central,Western
2025-2026,20251101,9,NYR,11807,Jonny Brodzinski,ROSTER,32.0,"6'1""",215.0,USA,"Ham Lake, MN",False,C,4,1,0,1,0.5,0.0,0.25,0.25,1.7,0.0,0,0,0,0,0,0,0,0,0,0,0,0,0,0.0,1,5,2,50.0,1,1,2,0,1,0,1,3,3,0,100.0,0,0,1,2,0,54,29,14,12,2140,192,146,1802,NYR,Metropolitan,Eastern
2025-2026,20251101,7,NJD,8916,Connor Brown,ROSTER,31.0,"6'0""",186.0,Canada,"Etobicoke, ON",False,RW,11,5,1,6,1.55,0.09,0.45,0.55,20.8,5.3,1,0,0,0,1,0,1,0,0,0,0,0,0,0.0,1,27,17,29.4,10,2,8,6,9,7,3,6,3,3,50.0,1,2,0,0,0,219,110,54,60,10412,1380,1073,7959,NJD,Metropolitan,Eastern
2025-2026,20251101,10,PIT,142708,Harrison Brunicke,ROSTER,,,,,,False,D,7,1,0,1,1.0,0.0,0.14,0.14,23.7,15.9,0,0,0,0,0,0,0,0,0,0,0,0,0,0.0,0,17,7,14.3,13,4,6,3,13,12,1,0,0,0,0.0,3,6,2,4,0,135,106,13,13,6789,747,138,5649,PIT,Metropolitan,Eastern
2025-2026,20251101,15,BUF,17925,Jacob Bryson,ROSTER,27.0,"5'9""",185.0,Canada,"London, ON",False,D,5,0,1,1,0.2,0.2,0.0,0.2,7.4,5.3,0,0,0,0,0,0,0,0,0,0,0,0,0,0.0,1,9,1,0.0,4,5,3,1,4,2,0,0,0,0,0.0,1,2,0,0,0,71,38,8,25,2838,288,147,2403,BUF,Atlantic,Eastern
2025-2026,20251101,17,STL,10075,Pavel Buchnevich,ROSTER,30.0,"6'3""",197.0,Russia,Cherepovets,False,LW,11,2,4,6,2.0,0.36,0.18,0.55,11.2,10.6,0,2,1,3,0,0,0,0,0,0,0,0,0,0.0,-8,41,22,9.1,3,12,7,9,8,13,1,7,3,4,42.9,2,4,4,8,0,258,123,96,41,12140,2478,1253,8409,STL,Central,Western
2025-2026,20251101,25,MIN,142488,Zeev Buium,ROSTER,,,,,,False,D,12,2,6,8,1.5,0.5,0.17,0.67,8.7,5.3,0,1,4,5,0,0,0,0,0,0,0,0,0,0.0,-9,37,18,11.1,4,13,6,3,17,15,2,0,0,0,0.0,1,2,2,4,0,231,186,29,17,14122,3154,87,10881,MIN,Central,Western
2025-2026,20251101,18,NSH,15430,Michael Bunting,ROSTER,30.0,"5'11""",197.0,Canada,"Toronto, ON",True,LW,12,2,2,4,1.08,0.17,0.17,0.33,12.8,10.6,0,0,0,0,0,0,0,0,0,0,1,1,0,0.0,-3,39,13,15.4,6,6,20,4,11,9,1,10,3,7,30.0,2,4,5,10,0,217,99,88,32,10435,1964,1655,6816,NSH,Central,Western
2025-2026,20251101,20,CHI,5451,Andre Burakovsky,ROSTER,30.0,"6'3""",201.0,Austria,Klagenfurt,False,LW,10,3,4,7,1.0,0.4,0.3,0.7,8.4,15.9,1,1,2,3,0,0,0,0,0,0,0,0,0,0.0,0,22,10,30.0,3,7,5,5,13,7,6,2,0,2,0.0,3,6,0,0,0,214,114,40,64,10167,2275,436,7471,CHI,Central,Western
2025-2026,20251101,22,COL,15,Brent Burns,ROSTER,40.0,"6'5""",230.0,Canada,"Ajax, ON",False,D,12,1,5,6,2.5,0.42,0.08,0.5,27.1,31.8,0,0,1,1,0,0,0,1,0,0,0,0,0,0.0,0,64,30,3.3,15,23,11,3,13,10,4,0,0,0,0.0,6,12,0,0,0,321,170,63,89,14578,3688,958,9932,COL,Central,Western
2025-2026,20251101,28,LAK,19049,Quinton Byfield,ROSTER,23.0,"6'4""",215.0,Canada,"Newmarket, ON",True,RW,12,2,8,10,2.33,0.67,0.17,0.83,18.0,21.2,0,1,2,3,0,1,1,0,0,0,1,0,0,0.0,-1,47,28,7.1,5,10,9,14,14,9,7,212,94,118,44.3,4,8,7,14,0,291,197,38,59,14349,2194,298,11857,LAK,Pacific,Western
2025-2026,20251101,15,BUF,21814,Bowen Byram,ROSTER,24.0,"6'0""",195.0,Canada,"Cranbrook, BC",True,D,11,1,4,5,1.18,0.36,0.09,0.45,35.2,15.9,0,0,2,2,0,0,0,0,0,0,0,0,0,0.0,0,34,13,7.7,17,7,14,10,22,12,1,0,0,0,0.0,3,6,0,0,0,312,169,58,86,14844,1633,366,12845,BUF,Atlantic,Eastern
2025-2026,20251101,11,BOS,37956,Michael Callahan,ASSIGNED_TO_MINORS,26.0,"6'2""",197.0,USA,"Franklin, MA",True,D,3,0,0,0,0.67,0.0,0.0,0.0,12.1,0.0,0,0,0,0,0,0,0,0,0,0,0,0,0,0.0,-2,3,2,0.0,6,0,1,3,9,3,1,0,0,0,0.0,0,0,0,0,0,70,45,18,7,2961,777,279,1905,BOS,Atlantic,Eastern
2025-2026,20251101,27,DAL,5658,Kyle Capobianco,ROSTER,28.0,"6'1""",196.0,Canada,"Mississauga, ON",False,D,2,0,0,0,1.0,0.0,0.0,0.0,0.7,5.3,0,0,0,0,0,0,0,0,0,0,0,0,0,0.0,0,3,2,0.0,0,1,0,1,1,1,1,0,0,0,0.0,1,2,0,0,0,17,13,2,2,738,157,24,557,DAL,Central,Western
2025-2026,20251101,30,UTA,16956,Michael Carcone,ROSTER,29.0,"5'10""",170.0,Canada,"Ajax, ON",False,LW,9,2,1,3,2.0,0.11,0.22,0.33,11.2,5.3,0,0,0,0,0,0,0,0,0,0,0,0,0,0.0,-2,37,18,11.1,3,7,12,9,11,3,1,1,0,1,0.0,1,2,1,2,0,135,81,35,21,5617,1177,327,4113,UTA,Central,Western
2025-2026,20251101,12,TOR,5632,Brandon Carlo,ROSTER,28.0,"6'5""",212.0,USA,"Colorado Springs, CO",False,D,11,0,2,2,1.27,0.18,0.0,0.18,27.5,10.6,0,0,0,0,0,0,0,0,0,0,0,0,0,0.0,1,30,14,0.0,14,8,8,6,13,11,0,0,0,0,0.0,2,4,1,2,0,311,188,71,52,13008,1399,1415,10194,TOR,Atlantic,Eastern
2025-2026,20251101,5,WSH,4735,John Carlson,ROSTER,35.0,"6'3""",217.0,USA,"Natick, MA",False,D,11,2,5,7,2.36,0.45,0.18,0.64,32.5,5.3,0,0,3,3,0,0,0,0,0,0,0,0,0,0.0,-2,68,26,7.7,17,25,17,6,15,17,8,0,0,0,0.0,1,2,0,0,0,261,141,53,65,15569,4862,789,9725,WSH,Metropolitan,Eastern
2025-2026,20251101,29,ANA,111582,Leo Carlsson,ROSTER,20.0,"6'3""",198.0,Sweden,Karlstad,True,C,10,5,10,15,2.7,1.0,0.5,1.5,12.4,5.3,1,0,5,5,1,1,2,1,0,1,1,0,0,0.0,5,53,27,18.5,7,17,9,1,8,9,3,142,62,80,43.7,1,2,4,8,0,247,189,36,27,11423,2743,373,8307,ANA,Pacific,Western
2025-2026,20251101,9,NYR,5479,Sam Carrick,ROSTER,33.0,"6'0""",200.0,Canada,"Stouffville, ON",False,C,12,1,4,5,1.67,0.33,0.08,0.42,26.7,30.4,0,0,0,0,0,1,1,0,0,0,0,0,0,0.0,4,35,20,5.0,9,7,9,17,14,3,1,99,47,52,47.5,2,10,5,16,2,212,83,48,76,9034,1766,571,6456,NYR,Metropolitan,Eastern
2025-2026,20251101,14,MTL,5710,Alexandre Carrier,ROSTER,29.0,"5'11""",174.0,Canada,"Quebec City, QC",False,D,11,1,4,5,0.82,0.36,0.09,0.45,51.8,15.9,0,0,0,0,0,0,0,0,0,0,0,0,0,0.0,-3,24,9,11.1,29,8,7,5,29,9,6,0,0,0,0.0,3,6,3,6,0,251,138,42,72,12166,1488,863,9815,MTL,Atlantic,Eastern
2025-2026,20251101,3,CAR,10174,William Carrier,ROSTER,30.0,"6'2""",218.0,Canada,"Pierrefonds, QC",False,LW,7,1,2,3,0.86,0.29,0.14,0.43,11.3,5.3,0,0,0,0,0,0,0,1,0,0,0,0,0,0.0,5,21,6,16.7,1,7,8,14,10,5,1,0,0,0,0.0,1,2,1,2,0,116,44,63,10,4336,948,805,2583,CAR,Metropolitan,Eastern
2025-2026,20251101,7,NJD,56518,Seamus Casey,ROSTER,21.0,"5'10""",173.0,USA,"Estero, FL",False,D,2,0,0,0,2.0,0.0,0.0,0.0,1.7,0.0,0,0,0,0,0,0,0,0,0,0,0,0,0,0.0,-3,8,4,0.0,1,2,2,0,7,3,2,0,0,0,0.0,0,0,0,0,0,48,37,10,1,2161,692,92,1377,NJD,Metropolitan,Eastern
2025-2026,20251101,6,PHI,38701,Noah Cates,ROSTER,26.0,"6'1""",170.0,USA,"Stillwater, MN",True,LW,10,3,4,7,1.8,0.4,0.3,0.7,18.9,10.6,1,1,3,4,0,0,0,1,0,1,0,0,0,0.0,2,36,18,16.7,8,6,12,8,8,9,4,151,66,85,43.7,2,4,4,8,0,246,100,20,129,10512,1084,0,9428,PHI,Metropolitan,Eastern
2025-2026,20251101,143,SEA,142279,Berkly Catton,ROSTER,,,,,,False,C,5,0,3,3,1.4,0.6,0.0,0.6,7.4,0.0,0,0,1,1,0,0,0,0,0,0,0,0,0,0.0,2,10,7,0.0,4,2,1,1,11,3,2,1,1,0,100.0,0,0,2,4,0,96,87,6,3,4164,629,71,3464,SEA,Pacific,Western
2025-2026,20251101,14,MTL,19047,Cole Caufield,ROSTER,24.0,"5'7""",174.0,USA,"Mosinee, WI",True,RW,11,9,4,13,2.82,0.36,0.82,1.18,15.6,10.6,3,1,3,4,0,0,0,3,0,3,0,0,0,0.0,7,56,31,29.0,4,11,14,13,7,8,4,3,0,3,0.0,2,4,3,6,0,234,124,51,68,12082,1765,397,9920,MTL,Atlantic,Eastern
2025-2026,20251101,28,LAK,5307,Cody Ceci,ROSTER,31.0,"6'2""",210.0,Canada,"Ottawa, ON",False,D,12,1,2,3,1.25,0.17,0.08,0.25,29.8,0.0,0,0,0,0,0,1,1,0,0,0,0,0,0,0.0,-4,33,15,6.7,15,13,5,7,15,9,4,0,0,0,0.0,0,0,0,0,0,265,146,44,77,12878,1357,711,10812,LAK,Pacific,Western
2025-2026,20251101,26,SJS,134157,Macklin Celebrini,ROSTER,19.0,"6'0""",190.0,Canada,"North Vancouver, BC",True,C,11,6,11,17,2.82,1.0,0.55,1.55,13.2,5.3,2,2,4,6,0,0,0,1,0,1,0,0,0,0.0,1,66,31,19.4,5,20,15,7,19,13,4,202,103,99,51.0,1,2,7,14,0,243,201,21,27,13669,2946,659,10064,SJS,Pacific,Western
2025-2026,20251101,1,TBL,14454,Erik Cernak,ROSTER,28.0,"6'3""",233.0,Slovakia,Kosice,False,D,11,0,2,2,0.55,0.18,0.0,0.18,61.3,26.5,0,0,0,0,0,0,0,0,0,0,0,0,0,0.0,-3,20,6,0.0,26,8,6,26,16,8,2,0,0,0,0.0,5,10,0,0,0,289,142,84,63,12564,2042,755,9700,TBL,Atlantic,Eastern
2025-2026,20251101,13,OTT,5613,Thomas Chabot,ROSTER,28.0,"6'2""",196.0,Canada,"Ste-Marie-de-Beauce, QC",False,D,12,2,5,7,1.42,0.42,0.17,0.58,45.1,18.5,0,1,3,4,0,1,1,0,0,0,0,0,0,0.0,3,55,17,11.8,25,20,18,5,13,9,5,0,0,0,0.0,3,8,1,2,0,340,188,72,82,16363,2268,1307,12788,OTT,Atlantic,Eastern
2025-2026,20251101,1,TBL,28436,Mitchell Chaffee,ASSIGNED_TO_MINORS,27.0,"6'0""",207.0,USA,"Rockford, MI",True,RW,7,0,0,0,1.14,0.0,0.0,0.0,16.4,10.6,0,0,0,0,0,0,0,0,0,0,0,0,0,0.0,0,10,8,0.0,2,1,1,19,6,5,0,3,1,2,33.3,2,4,2,4,0,95,55,20,20,3986,557,296,3133,TBL,Atlantic,Eastern
2025-2026,20251101,3,CAR,15383,Jalen Chatfield,ROSTER,29.0,"6'1""",188.0,USA,"Ypsilanti, MI",False,D,10,0,3,3,1.5,0.3,0.0,0.3,27.9,21.2,0,0,0,0,0,0,0,0,0,0,0,0,0,0.0,2,45,15,0.0,13,19,11,9,26,11,0,0,0,0,0.0,4,8,1,2,0,291,161,56,74,12764,1756,772,10236,CAR,Metropolitan,Eastern
2025-2026,20251101,16,DET,5285,Ben Chiarot,ROSTER,34.0,"6'3""",234.0,Canada,"Hamilton, ON",False,D,12,1,2,3,1.08,0.17,0.08,0.25,52.0,10.6,0,0,0,0,0,0,0,0,0,0,0,0,0,0.0,-1,38,13,7.7,20,17,8,27,17,15,4,0,0,0,0.0,2,4,1,2,0,318,172,61,87,15223,3461,921,10892,DET,Atlantic,Eastern
2025-2026,20251101,2,WPJ,37987,Nikita Chibrikov,ROSTER,22.0,"5'10""",170.0,Russia,Moskva,True,RW,5,0,0,0,0.4,0.0,0.0,0.0,9.8,21.2,0,0,0,0,0,0,0,0,0,0,0,0,0,0.0,-1,10,2,0.0,3,5,3,7,5,6,2,0,0,0,0.0,4,8,2,4,0,72,57,14,1,2909,999,116,1794,WPG,,
2025-2026,20251101,19,CBJ,30088,Yegor Chinakhov,ROSTER,24.0,"6'0""",178.0,Russia,Omsk,True,RW,7,2,2,4,2.14,0.29,0.29,0.57,6.8,0.0,0,0,0,0,0,0,0,0,0,0,0,0,0,0.0,2,25,15,13.3,2,7,3,5,5,2,2,0,0,0,0.0,0,0,2,4,0,100,83,14,3,4336,983,31,3242,CBJ,Metropolitan,Eastern
2025-2026,20251101,5,WSH,28482,Declan Chisholm,ROSTER,25.0,"6'1""",185.0,Canada,"Bowmanville, ON",True,D,5,0,1,1,0.6,0.2,0.0,0.2,7.1,0.0,0,0,0,0,0,0,0,0,0,0,0,0,0,0.0,2,8,3,0.0,3,3,2,3,6,5,3,0,0,0,0.0,0,0,2,7,0,88,52,18,14,4282,603,295,3179,WSH,Metropolitan,Eastern
2025-2026,20251101,19,CBJ,28414,Jake Christiansen,ROSTER,26.0,"6'1""",195.0,Canada,"West Vancouver, BC",True,D,6,0,0,0,1.0,0.0,0.0,0.0,7.8,0.0,0,0,0,0,0,0,0,0,0,0,0,0,0,0.0,-2,18,6,0.0,3,7,5,4,12,4,0,0,0,0,0.0,0,0,0,0,0,77,54,9,14,3824,413,141,3270,CBJ,Metropolitan,Eastern
2025-2026,20251101,5,WSH,9642,Jakob Chychrun,ROSTER,27.0,"6'2""",210.0,USA,"Boca Raton, FL",False,D,11,3,4,7,2.73,0.36,0.27,0.64,22.3,15.9,1,1,0,1,0,0,0,1,0,1,0,0,0,0.0,5,78,30,10.0,8,24,24,13,14,19,5,0,0,0,0.0,3,6,5,10,0,245,126,65,54,15244,2796,1218,11037,WSH,Metropolitan,Eastern
2025-2026,20251101,21,VAN,13636,Filip Chytil,INJURY_LIST,26.0,"6'2""",206.0,Czech Republic,Kromeriz,False,C,6,3,0,3,2.5,0.0,0.5,0.5,8.7,15.9,1,0,0,0,0,0,0,1,0,0,0,0,0,0.0,0,22,15,20.0,4,2,5,3,10,3,2,76,36,40,47.4,3,6,0,0,0,114,56,43,18,5629,1207,724,3698,VAN,Pacific,Western
2025-2026,20251101,1,TBL,14125,Anthony Cirelli,ROSTER,28.0,"6'0""",193.0,Canada,"Etobicoke, ON",False,C,11,6,4,10,1.73,0.36,0.55,0.91,18.9,10.6,2,2,0,2,0,0,0,2,0,1,0,0,0,0.0,5,33,19,31.6,8,3,11,8,10,7,5,221,112,109,50.7,2,4,1,2,0,284,117,102,71,13068,2239,1821,8928,TBL,Atlantic,Eastern
2025-2026,20251101,8,NYI,5083,Casey Cizikas,ROSTER,34.0,"5'11""",195.0,Canada,"Toronto, ON",False,C,11,1,1,2,0.64,0.09,0.09,0.18,35.0,15.9,0,0,0,0,0,0,0,0,0,0,0,0,0,0.0,-5,12,7,14.3,9,3,2,29,11,5,1,95,35,60,36.8,3,6,0,0,0,170,99,37,35,7021,1650,410,4961,NYI,Metropolitan,Eastern
2025-2026,20251101,28,LAK,31218,Brandt Clarke,ROSTER,22.0,"6'2""",185.0,Canada,"Nepean, ON",True,D,12,2,5,7,1.83,0.42,0.17,0.58,41.8,10.6,0,0,0,0,0,0,0,1,0,0,0,0,0,0.0,6,40,22,9.1,23,12,6,5,14,19,2,0,0,0,0.0,2,4,5,10,0,253,194,37,24,12087,1394,267,10426,LAK,Pacific,Western
2025-2026,20251101,10,PIT,15396,Connor Clifton,ROSTER,30.0,"5'11""",175.0,USA,"Long Branch, New Jersey",False,D,3,0,0,0,0.67,0.0,0.0,0.0,26.0,5.3,0,0,0,0,0,0,0,0,0,0,0,0,0,0.0,-3,9,2,0.0,9,4,3,16,9,1,0,0,0,0,0.0,1,2,0,0,0,66,39,16,11,3161,429,134,2601,PIT,Metropolitan,Eastern
2025-2026,20251101,29,ANA,38010,Sam Colangelo,ROSTER,23.0,"6'2""",205.0,USA,"Stoneham, MA",True,RW,7,1,0,1,0.43,0.0,0.14,0.14,7.9,10.6,0,0,0,0,0,0,0,0,0,0,0,0,0,0.0,-3,11,3,33.3,1,5,3,9,7,6,0,2,1,1,50.0,2,4,0,0,0,105,70,21,16,4285,812,132,3383,ANA,Pacific,Western
2025-2026,20251101,30,UTA,4905,Ian Cole,ROSTER,36.0,"6'1""",225.0,USA,"Ann Arbor, MI",False,D,11,1,3,4,0.64,0.27,0.09,0.36,57.0,21.2,0,0,0,0,0,0,0,0,0,0,0,0,0,0.0,9,17,7,14.3,28,5,5,15,23,11,1,0,0,0,0.0,4,8,2,4,0,252,145,36,72,12266,3104,517,8645,UTA,Central,Western
2025-2026,20251101,23,CGY,11702,Blake Coleman,ROSTER,33.0,"5'11""",207.0,USA,"Plano, TX",False,LW,12,5,1,6,2.58,0.08,0.42,0.5,29.6,15.9,1,0,0,0,1,0,1,0,0,0,0,0,0,0.0,0,51,31,16.1,7,10,10,26,10,13,3,15,5,10,33.3,3,6,5,10,0,290,140,105,50,12620,3238,1178,8204,CGY,Pacific,Western
2025-2026,20251101,22,COL,18195,Ross Colton,ROSTER,29.0,"6'0""",190.0,USA,"Robbinsville, New Jersey",False,C,12,1,4,5,1.67,0.33,0.08,0.42,32.8,15.2,0,0,0,0,0,0,0,0,0,0,0,0,0,0.0,0,45,20,5.0,6,13,12,33,8,10,3,15,8,7,53.3,1,5,5,13,1,214,121,60,34,8834,1227,1056,6551,COL,Central,Western
2025-2026,20251101,16,DET,5564,J.T. Compher,ROSTER,30.0,"6'0""",190.0,USA,"Northbrook, IL",False,LW,12,2,3,5,0.75,0.25,0.17,0.42,13.7,5.3,0,0,0,0,0,0,0,0,0,0,0,0,0,0.0,-1,22,9,22.2,7,9,5,3,10,7,0,128,64,64,50.0,1,2,4,8,0,270,119,74,80,12001,2394,1461,8258,DET,Atlantic,Eastern
2025-2026,20251101,2,WPJ,5612,Kyle Connor,ROSTER,28.0,"6'1""",182.0,USA,"Clinton Township, MI",False,LW,11,6,9,15,3.55,0.82,0.55,1.36,6.1,10.6,2,0,3,3,1,0,1,1,0,1,0,0,0,0.0,9,64,39,15.4,2,16,9,4,10,10,5,0,0,0,0.0,2,4,2,4,0,248,117,96,41,13470,2892,2142,8436,WPG,,
2025-2026,20251101,30,UTA,56257,Logan Cooley,ROSTER,21.0,"5'11""",180.0,USA,"Pittsburgh, PA",False,C,11,8,4,12,2.36,0.36,0.73,1.09,15.2,10.6,2,3,1,4,0,0,0,0,0,0,0,0,0,0.0,5,40,26,30.8,5,4,10,10,13,15,3,142,61,81,43.0,2,4,4,8,0,246,180,36,39,12399,3192,603,8606,UTA,Central,Western
2025-2026,20251101,21,VAN,167600,Braeden Cootes,ROSTER,18.0,"6'0""",183.0,Canada,"Sherwood Park, AB",True,C,3,0,0,0,0.0,0.0,0.0,0.0,3.7,0.0,0,0,0,0,0,0,0,0,0,0,0,0,0,0.0,-2,0,0,0.0,1,0,0,3,1,4,0,13,5,8,38.5,0,0,0,0,0,44,38,5,1,1940,192,0,1748,VAN,Pacific,Western
2025-2026,20251101,16,DET,5555,Andrew Copp,ROSTER,31.0,"6'1""",206.0,USA,"Ann Arbor, MI",False,C,12,1,4,5,1.08,0.33,0.08,0.42,21.9,21.2,0,0,2,2,0,0,0,0,0,0,0,0,0,0.0,-6,26,13,7.7,9,5,8,10,13,14,2,83,38,45,45.8,4,8,1,2,0,262,113,67,83,10846,2013,520,8356,DET,Atlantic,Eastern
2025-2026,20251101,23,CGY,37972,Matt Coronato,ROSTER,22.0,"5'10""",183.0,USA,"New York, NY",True,RW,11,3,1,4,2.09,0.09,0.27,0.36,7.4,15.9,1,2,0,2,0,0,0,0,0,0,1,1,0,0.0,-12,59,23,13.0,4,23,13,1,6,5,2,13,3,10,23.1,3,6,1,2,0,227,155,47,28,11163,3209,380,7574,CGY,Pacific,Western
2025-2026,20251101,7,NJD,18224,Paul Cotter,ROSTER,25.0,"6'0""",185.0,USA,"Carton, MI",False,LW,11,1,1,2,1.36,0.09,0.09,0.18,25.7,10.6,0,0,0,0,0,0,0,0,0,0,0,0,0,0.0,-5,28,15,6.7,3,7,6,30,17,4,2,8,5,3,62.5,2,4,2,4,0,177,112,29,37,8028,1425,366,6237,NJD,Metropolitan,Eastern
2025-2026,20251101,13,OTT,5536,Nick Cousins,ROSTER,32.0,"5'11""",183.0,Canada,"Belleville, ON",False,C,12,2,1,3,0.83,0.08,0.17,0.25,31.6,42.2,0,0,0,0,0,0,0,0,0,0,0,0,0,0.0,3,21,10,20.0,9,4,7,24,25,11,2,7,3,4,42.9,6,20,5,10,0,211,101,74,38,8260,1437,1495,5328,OTT,Atlantic,Eastern
2025-2026,20251101,6,PHI,4995,Sean Couturier,ROSTER,32.0,"6'3""",211.0,USA,"Phoenix, AZ",False,C,10,2,7,9,1.6,0.7,0.2,0.9,21.2,15.9,0,0,0,0,0,0,0,1,0,0,0,0,0,0.0,1,28,16,12.5,9,6,6,9,7,9,4,177,97,80,54.8,3,6,1,2,0,240,102,59,81,10894,3104,502,7288,PHI,Metropolitan,Eastern
2025-2026,20251101,12,TOR,112362,Easton Cowan,ROSTER,20.0,"5'10""",170.0,Canada,"Mount Brydges, ON",True,RW,8,0,3,3,1.38,0.38,0.0,0.38,11.9,0.0,0,0,0,0,0,0,0,0,0,0,0,0,0,0.0,2,23,11,0.0,3,8,4,10,12,11,0,1,1,0,100.0,0,0,3,6,0,127,114,13,0,6125,1458,40,4627,TOR,Atlantic,Eastern
2025-2026,20251101,19,CBJ,5124,Charlie Coyle,ROSTER,33.0,"6'3""",220.0,USA,"East Weymouth, MA",False,C,10,1,7,8,1.4,0.7,0.1,0.8,16.3,0.0,0,0,1,1,0,0,0,0,0,0,0,0,0,0.0,1,26,14,7.1,4,6,6,14,10,6,4,146,79,67,54.1,0,0,0,0,0,208,97,48,61,9964,2797,347,6685,CBJ,Metropolitan,Eastern
2025-2026,20251101,13,OTT,19086,Dylan Cozens,ROSTER,24.0,"6'3""",183.0,Canada,"Whitehorse, Yukon",True,C,12,6,4,10,2.58,0.33,0.5,0.83,37.6,10.6,2,3,3,6,0,0,0,0,0,0,0,0,0,0.0,-10,49,31,19.4,6,9,9,40,13,7,0,124,67,57,54.0,2,4,2,4,0,278,143,53,88,12391,1867,576,10004,OTT,Atlantic,Eastern
2025-2026,20251101,20,CHI,34950,Louis Crevier,ROSTER,24.0,"6'8""",214.0,Canada,"Quebec City, QC",True,D,10,2,2,4,1.0,0.2,0.2,0.4,20.3,46.7,0,0,0,0,0,0,0,0,0,0,0,0,0,0.0,3,21,10,20.0,6,6,5,15,13,5,2,0,0,0,0.0,5,21,1,5,1,174,83,26,67,7537,332,140,7065,CHI,Central,Western
2025-2026,20251101,10,PIT,3490,Sidney Crosby,ROSTER,38.0,"5'11""",200.0,Canada,"Cole Harbour, NS",False,C,12,8,7,15,2.0,0.58,0.67,1.25,19.0,42.2,2,3,1,4,0,0,0,1,0,0,1,0,1,100.0,6,44,24,33.3,6,7,13,13,8,13,4,221,117,104,52.9,6,20,3,6,0,265,140,74,53,13516,4898,1590,6792,PIT,Metropolitan,Eastern
2025-2026,20251101,30,UTA,5606,Lawson Crouse,ROSTER,28.0,"6'4""",220.0,Canada,"Mt. Brydges, ON",False,LW,11,1,1,2,2.0,0.09,0.09,0.18,31.4,5.3,0,0,0,0,0,0,0,0,0,0,0,0,0,0.0,-2,46,22,4.5,6,10,14,31,7,10,1,7,2,5,28.6,1,2,3,6,0,235,95,44,97,9626,1041,559,8026,UTA,Central,Western
2025-2026,20251101,1,TBL,56653,Maxwell Crozier,ROSTER,25.0,"5'11""",161.0,Canada,"Calgary, AB",False,D,4,0,3,3,1.0,0.75,0.0,0.75,7.5,5.3,0,0,0,0,0,0,0,0,0,0,0,0,0,0.0,2,11,4,0.0,2,4,3,6,12,1,1,0,0,0,0.0,1,2,0,0,0,67,43,5,19,3147,246,36,2865,TBL,Atlantic,Eastern
2025-2026,20251101,9,NYR,30065,William Cuylle,ROSTER,23.0,"6'3""",204.0,Canada,"Toronto, ON",True,LW,12,1,3,4,2.25,0.25,0.08,0.33,47.0,31.8,0,1,0,1,0,0,0,0,0,0,0,0,0,0.0,-2,56,27,3.7,10,14,16,44,13,4,2,9,6,3,66.7,6,12,2,4,0,294,205,57,25,12591,2162,563,9436,NYR,Metropolitan,Eastern
2025-2026,20251101,20,CHI,34951,Colton Dach,ROSTER,22.0,"6'4""",196.0,Canada,"St. Albert, AB",True,C,11,1,2,3,1.27,0.18,0.09,0.27,43.1,15.9,0,0,1,1,0,0,0,0,0,0,0,0,0,0.0,-5,28,14,7.1,6,4,10,48,13,8,5,17,8,9,47.1,3,6,4,8,0,221,140,31,51,9245,1254,248,7743,CHI,Central,Western
2025-2026,20251101,14,MTL,17199,Kirby Dach,ROSTER,24.0,"6'4""",212.0,Canada,"Fort Saskatchewan, AB",False,C,8,1,2,3,1.25,0.25,0.12,0.38,22.6,5.3,0,0,1,1,0,0,0,0,0,0,0,0,0,0.0,0,18,10,10.0,9,3,5,11,11,4,2,53,21,32,39.6,1,2,3,6,0,137,74,37,27,6516,966,577,4973,MTL,Atlantic,Eastern
2025-2026,20251101,7,NJD,4787,Evgenii Dadonov,ROSTER,36.0,"5'11""",189.0,Russia,Chelyabinsk,False,LW,1,0,0,0,2.0,0.0,0.0,0.0,3.3,0.0,0,0,0,0,0,0,0,0,0,0,0,0,0,0.0,0,3,2,0.0,2,1,0,0,3,1,0,0,0,0,0.0,0,0,0,0,0,14,4,7,3,572,104,7,461,NJD,Metropolitan,Eastern
2025-2026,20251101,15,BUF,14524,Rasmus Dahlin,ROSTER,25.0,"6'3""",193.0,Sweden,Trollhättan,False,D,11,1,8,9,3.0,0.73,0.09,0.82,29.3,26.5,0,1,4,5,0,0,0,0,0,0,0,0,0,0.0,-8,82,33,3.0,13,33,16,11,18,26,5,0,0,0,0.0,5,10,6,12,0,325,183,39,104,16190,1905,763,13522,BUF,Atlantic,Eastern
2025-2026,20251101,28,LAK,5487,Phillip Danault,ROSTER,32.0,"6'1""",201.0,Canada,"Victoriaville, QC",False,C,12,0,3,3,1.08,0.25,0.0,0.25,11.6,10.6,0,0,0,0,0,1,1,0,0,0,0,0,0,0.0,3,30,13,0.0,2,12,5,12,8,10,1,187,102,85,54.5,2,4,3,6,0,250,109,82,59,12179,1571,1245,9363,LAK,Pacific,Western
2025-2026,20251101,15,BUF,30085,Justin Danforth,ROSTER,32.0,"5'9""",185.0,Canada,"Oshawa, ON",True,RW,4,0,0,0,0.5,0.0,0.0,0.0,8.7,5.3,0,0,0,0,0,0,0,0,0,0,0,0,0,0.0,-2,6,2,0.0,4,3,1,3,2,3,0,31,17,14,54.8,1,2,0,0,0,71,31,9,31,2809,362,109,2338,BUF,Atlantic,Eastern
2025-2026,20251101,1,TBL,18311,Charle-Edouard D’Astous,ROSTER,27.0,"6'2""",204.0,Canada,"Rimouski, QC",False,D,4,1,1,2,1.25,0.25,0.25,0.5,10.1,5.3,0,0,1,1,0,0,0,1,0,0,0,0,0,0.0,1,9,5,20.0,4,2,2,5,9,3,2,0,0,0,0.0,1,2,1,2,0,77,38,21,19,3517,717,119,2681,TBL,Atlantic,Eastern
2025-2026,20251101,8,NYI,5424,Tony DeAngelo,ROSTER,30.0,"5'11""",180.0,USA,"Sewell, New Jersey",False,D,11,1,4,5,2.09,0.36,0.09,0.45,25.5,5.3,0,0,0,0,0,0,0,0,0,0,0,0,0,0.0,-3,44,23,4.3,12,12,9,8,10,13,1,0,0,0,0.0,1,2,1,2,0,238,140,60,39,12060,1948,1670,8442,NYI,Metropolitan,Eastern
2025-2026,20251101,16,DET,13688,Alex DeBrincat,ROSTER,27.0,"5'7""",165.0,USA,"Farmington Hills, MI",False,RW,12,4,10,14,3.75,0.83,0.33,1.17,7.4,0.0,1,3,3,6,0,0,0,0,0,0,1,1,0,0.0,-1,85,45,8.9,4,17,23,1,10,12,1,3,0,3,0.0,0,0,1,2,0,240,118,42,84,12493,2654,476,9363,DET,Atlantic,Eastern
2025-2026,20251101,21,VAN,5609,Jake DeBrusk,ROSTER,29.0,"6'0""",188.0,Canada,"Edmonton, AB",False,LW,12,2,2,4,2.75,0.17,0.17,0.33,17.2,5.3,0,2,0,2,0,0,0,0,0,0,2,1,1,50.0,2,51,33,6.1,7,7,11,8,9,9,1,6,2,4,33.3,1,2,1,2,0,258,109,64,88,12850,3326,598,8994,VAN,Pacific,Western
2025-2026,20251101,26,SJS,14536,Ty Dellandrea,ROSTER,25.0,"6'0""",184.0,Canada,"Toronto, ON",True,C,11,0,4,4,0.82,0.36,0.0,0.36,30.3,5.3,0,0,0,0,0,1,1,0,0,0,0,0,0,0.0,-4,13,9,0.0,7,3,1,27,12,5,3,127,68,59,53.5,1,2,5,10,0,194,102,48,44,8659,1159,892,6608,SJS,Pacific,Western
2025-2026,20251101,20,CHI,39063,Ethan Del Mastro,ASSIGNED_TO_MINORS,22.0,"6'4""",210.0,Canada,"Burlington, ON",True,D,1,0,0,0,1.0,0.0,0.0,0.0,7.5,0.0,0,0,0,0,0,0,0,0,0,0,0,0,0,0.0,-1,1,1,0.0,2,0,0,6,5,1,0,0,0,0,0.0,0,0,0,0,0,25,16,1,8,1055,123,0,932,CHI,Central,Western
2025-2026,20251101,2,WPJ,5822,Dylan DeMelo,ROSTER,32.0,"6'0""",191.0,Canada,"London, ON",False,D,11,1,6,7,0.82,0.55,0.09,0.64,46.9,21.2,0,0,0,0,0,1,1,0,0,0,0,0,0,0.0,7,20,9,11.1,24,7,4,10,14,16,1,0,0,0,0.0,4,8,4,8,0,306,169,63,75,14591,3205,563,10823,WPG,,
2025-2026,20251101,14,MTL,142498,Ivan Demidov,ROSTER,,,,,,False,RW,11,2,7,9,0.91,0.64,0.18,0.82,8.7,15.9,0,0,3,3,0,0,0,1,0,0,0,0,0,0.0,2,30,10,20.0,4,9,11,3,13,13,5,0,0,0,0.0,3,6,1,2,0,186,163,22,3,9099,1908,97,7094,MTL,Atlantic,Eastern
2025-2026,20251101,26,SJS,18276,Vincent Desharnais,ROSTER,29.0,"6'6""",209.0,Canada,"Laval, QC",False,D,7,0,1,1,0.86,0.14,0.0,0.14,26.9,31.6,0,0,0,0,0,0,0,0,0,0,0,0,0,0.0,-1,16,6,0.0,12,7,3,10,10,7,0,0,0,0,0.0,4,16,2,4,0,147,75,13,59,6947,929,99,5919,SJS,Pacific,Western
2025-2026,20251101,6,PHI,5341,Nicolas Deslauriers,ROSTER,34.0,"6'3""",219.0,Canada,"Lasalle, QC",False,LW,4,0,0,0,0.5,0.0,0.0,0.0,7.6,15.2,0,0,0,0,0,0,0,0,0,0,0,0,0,0.0,-1,3,2,0.0,0,0,1,11,1,0,0,0,0,0,0.0,1,5,1,5,1,37,27,4,6,1772,270,52,1450,PHI,Metropolitan,Eastern
2025-2026,20251101,10,PIT,18082,Connor Dewar,ROSTER,26.0,"5'10""",170.0,Canada,"The Pas, MB",False,C,12,3,1,4,2.0,0.08,0.25,0.33,27.6,0.0,1,0,0,0,0,0,0,1,0,0,0,0,0,0.0,2,37,24,12.5,5,9,4,28,16,4,1,1,1,0,100.0,0,0,5,13,0,225,116,55,49,9505,1153,486,7568,PIT,Metropolitan,Eastern
2025-2026,20251101,20,CHI,9073,Jason Dickinson,ROSTER,30.0,"6'2""",200.0,Canada,"Georgetown, ON",False,C,8,1,2,3,1.25,0.25,0.12,0.38,14.1,5.3,0,0,0,0,0,0,0,0,0,0,0,0,0,0.0,-1,22,10,10.0,6,5,7,6,8,10,3,126,68,58,54.0,1,2,0,0,0,171,84,42,46,6907,985,379,5543,CHI,Central,Western
2025-2026,20251101,26,SJS,142718,Sam Dickinson,ROSTER,,,,,,False,D,9,0,0,0,0.89,0.0,0.0,0.0,13.4,15.9,0,0,0,0,0,0,0,0,0,0,0,0,0,0.0,-4,16,8,0.0,6,6,2,5,14,9,2,0,0,0,0.0,3,6,1,2,0,160,135,10,16,7605,790,19,6799,SJS,Pacific,Western
2025-2026,20251101,7,NJD,5103,Brenden Dillon,ROSTER,34.0,"6'4""",225.0,Canada,"New Westminster, BC",False,D,11,2,3,5,0.91,0.27,0.18,0.45,48.6,10.6,0,0,0,0,0,0,0,2,0,0,0,0,0,0.0,1,24,10,20.0,18,8,6,27,13,3,4,0,0,0,0.0,2,4,1,2,0,249,137,31,83,12107,2898,630,8579,NJD,Metropolitan,Eastern
2025-2026,20251101,15,BUF,37981,Josh Doan,ROSTER,23.0,"6'1""",183.0,USA,"Scottsdale, AZ",True,RW,11,4,4,8,3.09,0.36,0.36,0.73,11.9,5.3,1,2,1,3,0,0,0,1,0,0,0,0,0,0.0,2,54,34,11.8,3,8,11,10,19,11,5,3,2,1,66.7,1,2,4,8,0,223,159,45,24,9969,2468,193,7308,BUF,Atlantic,Eastern
2025-2026,20251101,14,MTL,14535,Noah Dobson,ROSTER,25.0,"6'4""",184.0,Canada,"Summerside, PE",False,D,11,1,6,7,1.73,0.55,0.09,0.64,41.1,15.9,0,0,1,1,0,0,0,0,0,0,0,0,0,0.0,2,42,19,5.3,23,13,10,4,23,14,3,0,0,0,0.0,3,6,1,2,0,280,143,64,74,14907,1736,542,12629,MTL,Atlantic,Eastern
2025-2026,20251101,12,TOR,5412,Max Domi,ROSTER,30.0,"5'10""",192.0,Canada,"Winnipeg, MB",False,C,11,3,1,4,2.09,0.09,0.27,0.36,11.4,15.9,1,0,0,0,0,0,0,1,0,0,0,0,0,0.0,-7,38,23,13.0,6,11,4,2,5,12,4,90,43,47,47.8,3,6,4,8,0,193,102,64,30,8685,1638,994,6053,TOR,Atlantic,Eastern
2025-2026,20251101,20,CHI,14137,Ryan Donato,ROSTER,29.0,"6'0""",192.0,USA,"Boston, MA",False,C,11,6,2,8,2.27,0.18,0.55,0.73,16.0,15.9,2,1,0,1,0,0,0,2,0,1,1,0,0,0.0,0,50,25,24.0,3,8,17,16,16,7,4,22,12,10,54.5,3,6,1,2,0,228,117,69,48,10373,2123,623,7627,CHI,Central,Western
2025-2026,20251101,142,VGK,29771,Pavel Dorofeyev,ROSTER,25.0,"6'0""",176.0,Russia,Nizhny Tagil,True,RW,11,9,1,10,3.0,0.09,0.82,0.91,11.1,15.9,3,5,1,6,0,0,0,1,1,0,1,0,1,100.0,2,68,33,27.3,5,17,18,4,5,10,1,0,0,0,0.0,3,6,2,4,0,222,147,79,6,11554,3714,1435,6364,VGK,Pacific,Western
2025-2026,20251101,28,LAK,4510,Drew Doughty,ROSTER,35.0,"6'1""",202.0,Canada,"London, ON",False,D,12,1,3,4,1.33,0.25,0.08,0.33,34.5,10.6,0,0,0,0,0,1,1,0,0,0,0,0,0,0.0,4,45,16,6.2,17,20,9,9,17,20,5,0,0,0,0.0,2,4,1,2,0,326,164,63,100,17154,4334,946,11872,LAK,Pacific,Western
2025-2026,20251101,1,TBL,38444,Curtis Douglas,ROSTER,25.0,"6'9""",248.0,Canada,"Oakville, ON",True,C,8,0,0,0,0.62,0.0,0.0,0.0,8.9,35.7,0,0,0,0,0,0,0,0,0,0,0,0,0,0.0,0,11,5,0.0,2,1,5,8,3,1,1,1,1,0,100.0,3,12,3,12,2,74,41,11,22,2579,510,10,2059,TBL,Atlantic,Eastern
2025-2026,20251101,5,WSH,9007,Nic Dowd,ROSTER,35.0,"6'1""",195.0,USA,"Huntsville, AL",False,C,11,1,2,3,1.09,0.18,0.09,0.27,26.8,15.9,0,0,0,0,0,0,0,0,0,0,0,0,0,0.0,0,20,12,8.3,7,5,3,22,13,7,4,147,69,78,46.9,3,6,4,8,0,234,98,77,60,9864,1900,769,7195,WSH,Metropolitan,Eastern
2025-2026,20251101,24,EDM,5417,Leon Draisaitl,ROSTER,30.0,"6'2""",208.0,Germany,Köln,False,C,12,8,6,14,2.92,0.5,0.67,1.17,8.2,5.3,2,4,3,7,0,0,0,0,0,0,1,0,1,100.0,4,68,35,22.9,2,14,19,7,7,14,3,174,101,73,58.0,1,2,2,4,0,279,146,64,78,16308,3888,1149,11439,EDM,Pacific,Western
2025-2026,20251101,8,NYI,5230,Jonathan Drouin,ROSTER,30.0,"6'0""",203.0,Canada,"Ste-Agathe, QC",False,LW,10,1,6,7,1.3,0.6,0.1,0.7,9.4,30.1,0,0,1,1,0,0,0,0,0,0,0,0,0,0.0,4,29,13,7.7,4,3,13,4,5,6,1,8,4,4,50.0,3,17,3,6,0,203,97,61,46,10702,2599,738,7365,NYI,Metropolitan,Eastern
2025-2026,20251101,22,COL,14565,Jack Drury,ROSTER,25.0,"5'11""",174.0,USA,"Winnetka, IL",True,C,12,1,3,4,1.33,0.25,0.08,0.33,23.4,21.2,0,0,0,0,0,0,0,0,0,0,0,0,0,0.0,-2,34,16,6.2,12,7,11,5,19,6,2,166,88,78,53.0,4,8,2,4,0,248,147,65,37,10457,1629,1028,7800,COL,Central,Western
2025-2026,20251101,6,PHI,27448,Jamie Drysdale,ROSTER,23.0,"5'11""",187.0,Canada,"Toronto, ON",True,D,10,1,3,4,1.2,0.3,0.1,0.4,25.4,31.6,0,0,0,0,0,0,0,1,0,0,0,0,0,0.0,-1,40,12,8.3,14,16,12,3,13,7,0,0,0,0,0.0,4,16,1,2,0,264,201,33,32,13232,1958,41,11198,PHI,Metropolitan,Eastern
2025-2026,20251101,5,WSH,13710,Pierre-Luc Dubois,ROSTER,27.0,"6'3""",218.0,Canada,"Ste-Agathe-des-Monts, QC",False,LW,6,0,0,0,1.5,0.0,0.0,0.0,9.1,5.3,0,0,0,0,0,0,0,0,0,0,0,0,0,0.0,0,19,9,0.0,3,4,6,6,7,2,1,78,33,45,42.3,1,2,2,4,0,113,61,32,20,5594,1216,935,3443,WSH,Metropolitan,Eastern
2025-2026,20251101,27,DAL,4663,Matt Duchene,ROSTER,34.0,"5'11""",195.0,Canada,"Haliburton, ON",False,C,4,1,1,2,0.75,0.25,0.25,0.5,8.0,0.0,0,1,0,1,0,0,0,1,0,0,1,0,0,0.0,0,5,3,33.3,4,2,0,2,2,1,1,23,12,11,52.2,0,0,2,4,0,72,44,15,14,3467,906,86,2475,DAL,Central,Western
2025-2026,20251101,8,NYI,5441,Anthony Duclair,ROSTER,30.0,"5'11""",198.0,Canada,"Laval, QC",False,LW,11,2,1,3,1.64,0.09,0.18,0.27,13.3,0.0,0,1,0,1,0,0,0,0,0,0,1,0,0,0.0,1,30,18,11.1,8,8,4,0,5,6,1,0,0,0,0.0,0,0,1,2,0,200,97,72,32,10047,1556,1249,7242,NYI,Metropolitan,Eastern
2025-2026,20251101,5,WSH,18079,Brandon Duhaime,ROSTER,28.0,"6'0""",185.0,USA,"Parkland, FL",False,RW,11,0,1,1,0.55,0.09,0.0,0.09,29.0,36.4,0,0,0,0,0,0,0,0,0,0,0,0,0,0.0,-2,17,6,0.0,5,6,5,30,18,3,1,12,2,10,16.7,5,13,4,11,1,223,117,53,52,8578,938,463,7140,WSH,Metropolitan,Eastern
2025-2026,20251101,10,PIT,5125,Matt Dumba,ROSTER,31.0,"6'0""",180.0,Canada,"Regina, SK",False,D,5,0,1,1,0.6,0.2,0.0,0.2,12.9,31.1,0,0,0,0,0,0,0,0,0,0,0,0,0,0.0,-1,11,3,0.0,4,5,3,9,5,6,4,0,0,0,0.0,4,11,1,5,1,96,55,19,22,4508,519,292,3697,PIT,Metropolitan,Eastern
2025-2026,20251101,28,LAK,5310,Brian Dumoulin,ROSTER,34.0,"6'4""",207.0,USA,"Biddeford, MN",False,D,12,0,1,1,1.08,0.08,0.0,0.08,37.6,5.3,0,0,0,0,0,0,0,0,0,0,0,0,0,0.0,-3,31,13,0.0,18,10,8,11,26,16,6,0,0,0,0.0,1,2,2,4,0,296,160,54,82,14442,2546,839,11057,LAK,Pacific,Western
2025-2026,20251101,143,SEA,5650,Vince Dunn,ROSTER,29.0,"6'0""",203.0,Canada,"Lindsay, ON",False,D,10,2,4,6,2.6,0.4,0.2,0.6,12.4,15.9,0,0,2,2,0,0,0,0,0,0,0,0,0,0.0,-3,52,26,7.7,7,19,7,1,15,11,1,0,0,0,0.0,3,6,1,2,0,271,140,84,49,14174,2498,1413,10263,SEA,Pacific,Western
2025-2026,20251101,15,BUF,29977,Josh Dunne,ROSTER,26.0,"6'4""",210.0,USA,"OFallon, MO",True,C,5,1,0,1,1.0,0.0,0.2,0.2,5.8,10.6,0,0,0,0,0,0,0,0,0,0,0,0,0,0.0,1,9,5,20.0,1,0,4,6,3,2,0,4,1,3,25.0,2,4,4,8,0,70,55,8,8,2820,306,29,2485,BUF,Atlantic,Eastern
2025-2026,20251101,30,UTA,14575,Sean Durzi,ROSTER,27.0,"6'0""",188.0,Canada,"Mississauga, ON",True,D,2,0,1,1,1.0,0.5,0.0,0.5,8.7,10.6,0,0,0,0,0,0,0,0,0,0,0,0,0,0.0,0,3,2,0.0,4,1,0,3,1,4,1,0,0,0,0.0,2,4,0,0,0,52,31,7,14,2271,34,72,2165,UTA,Central,Western
2025-2026,20251101,6,PHI,10069,Christian Dvorak,ROSTER,29.0,"6'1""",200.0,USA,"Palos, IL",False,C,10,2,3,5,1.4,0.3,0.2,0.5,15.5,15.9,0,0,0,0,0,1,1,0,0,0,0,0,0,0.0,5,25,14,14.3,6,5,6,8,4,4,2,92,53,39,57.6,3,6,3,6,0,209,97,43,71,9421,1122,695,7604,PHI,Metropolitan,Eastern
2025-2026,20251101,17,STL,142730,Dalibor Dvorský,ROSTER,20.0,"6'1""",201.0,Slovakia,Zvolen,True,RW,1,0,0,0,2.0,0.0,0.0,0.0,1.7,0.0,0,0,0,0,0,0,0,0,0,0,0,0,0,0.0,0,4,2,0.0,1,0,2,0,1,0,0,13,9,4,69.2,0,0,0,0,0,20,11,9,0,996,233,44,719,STL,Central,Western
2025-2026,20251101,143,SEA,4505,Jordan Eberle,ROSTER,35.0,"5'11""",187.0,Canada,"Regina, SK",False,RW,10,4,4,8,2.4,0.4,0.4,0.8,16.6,10.6,1,0,2,2,0,0,0,1,0,0,1,0,0,0.0,5,47,24,16.7,5,8,15,12,10,12,2,9,6,3,66.7,2,4,1,2,0,236,125,56,59,11733,4613,944,6176,SEA,Pacific,Western
2025-2026,20251101,28,LAK,5823,Joel Edmundson,ROSTER,32.0,"6'5""",224.0,Canada,"Brandon, MB",False,D,12,0,5,5,1.25,0.42,0.0,0.42,27.0,26.5,0,0,0,0,0,0,0,0,0,0,0,0,0,0.0,5,36,15,0.0,10,12,9,15,12,14,3,0,0,0,0.0,5,10,0,0,0,271,147,28,96,12396,1445,515,10436,LAK,Pacific,Western
2025-2026,20251101,9,NYR,39222,Adam Edstrom,ROSTER,25.0,"6'6""",210.0,Sweden,,True,C,12,0,2,2,0.67,0.17,0.0,0.17,26.3,5.3,0,0,0,0,0,0,0,0,0,0,0,0,0,0.0,2,15,8,0.0,5,3,4,26,3,6,2,0,0,0,0.0,1,2,0,0,0,173,115,27,26,7190,1015,265,5692,NYR,Metropolitan,Eastern
2025-2026,20251101,16,DET,37971,Simon Edvinsson,ROSTER,22.0,"6'4""",198.0,Sweden,Kungsbacka,True,D,12,3,1,4,1.08,0.08,0.25,0.33,57.9,42.5,1,0,0,0,0,0,0,1,0,0,0,0,0,0.0,-3,34,13,23.1,31,11,10,9,19,13,3,0,0,0,0.0,8,16,3,6,0,315,201,33,83,15174,1563,476,13133,DET,Atlantic,Eastern
2025-2026,20251101,3,CAR,5419,Nikolaj Ehlers,ROSTER,29.0,"6'0""",172.0,Denmark,Aalborg,False,LW,10,0,4,4,2.4,0.4,0.0,0.4,8.4,15.9,0,0,0,0,0,0,0,0,0,0,0,0,0,0.0,2,53,24,0.0,3,17,12,5,6,10,2,9,5,4,55.6,3,6,3,6,0,196,101,29,66,10297,1530,543,8224,CAR,Metropolitan,Eastern
2025-2026,20251101,142,VGK,5597,Jack Eichel,ROSTER,29.0,"6'2""",203.0,USA,"Chelmsford, MA",False,C,11,8,11,19,4.27,1.0,0.73,1.73,12.8,0.0,2,0,9,9,0,0,0,2,0,0,1,0,0,0.0,5,75,47,17.0,6,13,15,4,5,24,8,198,98,100,49.5,0,0,4,8,0,255,143,91,29,13826,3007,2652,8121,VGK,Pacific,Western
2025-2026,20251101,4,FLO,5414,Aaron Ekblad,ROSTER,29.0,"6'4""",215.0,Canada,"Windsor, ON",False,D,11,1,2,3,1.55,0.18,0.09,0.27,34.9,15.9,0,1,0,1,0,0,0,1,0,0,0,0,0,0.0,1,42,17,5.9,16,20,5,12,6,5,3,0,0,0,0.0,3,6,0,0,0,309,122,65,123,15740,3387,1138,11215,FLA,,
2025-2026,20251101,24,EDM,5022,Mattias Ekholm,ROSTER,35.0,"6'4""",215.0,Sweden,Borlange,False,D,12,1,5,6,1.75,0.42,0.08,0.5,51.2,10.6,0,0,1,1,0,0,0,0,0,0,0,0,0,0.0,-6,47,21,4.8,27,17,9,9,22,21,6,0,0,0,0.0,2,4,1,2,0,285,172,40,74,14287,3089,843,10355,EDM,Pacific,Western
2025-2026,20251101,26,SJS,32927,William Eklund,ROSTER,23.0,"5'10""",176.0,Sweden,Stockholm,True,LW,11,5,6,11,2.82,0.55,0.45,1.0,22.2,5.3,1,2,3,5,0,0,0,0,0,0,0,0,0,0.0,-5,61,31,16.1,10,14,16,8,10,14,3,4,0,4,0.0,1,2,3,6,0,241,168,35,43,13034,2563,490,9981,SJS,Pacific,Western
2025-2026,20251101,12,TOR,4866,Oliver Ekman-Larsson,ROSTER,34.0,"6'2""",200.0,Sweden,Karlskrona,False,D,11,1,6,7,1.36,0.55,0.09,0.64,32.7,31.8,0,0,2,2,0,0,0,0,0,0,0,0,0,0.0,0,39,15,6.7,13,17,7,16,15,19,2,0,0,0,0.0,6,12,1,2,0,306,163,70,74,13196,3146,760,9290,TOR,Atlantic,Eastern
2025-2026,20251101,13,OTT,4723,Lars Eller,ROSTER,36.0,"6'2""",205.0,Denmark,Rødovre,False,C,12,2,4,6,1.17,0.33,0.17,0.5,20.2,0.0,0,0,0,0,1,0,1,0,0,0,0,0,0,0.0,-2,29,14,14.3,8,12,3,10,17,7,2,133,79,54,59.4,0,0,2,4,0,235,108,65,64,10158,3728,1084,5346,OTT,Atlantic,Eastern
2025-2026,20251101,24,EDM,30040,Ty Emberson,ROSTER,25.0,"6'1""",195.0,USA,"Eau Claire, WI",True,D,12,1,2,3,0.92,0.17,0.08,0.25,42.7,0.0,0,0,0,0,0,0,0,1,0,0,0,0,0,0.0,4,20,11,9.1,19,7,2,16,35,9,4,0,0,0,0.0,0,0,2,4,0,229,122,60,48,11171,1877,1132,8162,EDM,Pacific,Western
2025-2026,20251101,25,MIN,5615,Joel Eriksson Ek,ROSTER,28.0,"6'1""",210.0,Sweden,Karlstad,False,C,12,2,5,7,3.08,0.42,0.17,0.58,32.2,21.2,0,1,3,4,0,0,0,0,0,0,0,0,0,0.0,-7,61,37,5.4,9,14,10,25,11,4,4,263,135,128,51.3,4,8,5,10,0,243,117,66,62,14195,3041,757,10397,MIN,Central,Western
2025-2026,20251101,27,DAL,11673,Adam Erne,ROSTER,30.0,"6'1""",212.0,USA,"New Haven, CT",False,LW,8,1,1,2,0.75,0.12,0.12,0.25,32.1,5.3,0,0,0,0,0,0,0,0,0,0,0,0,0,0.0,0,17,6,16.7,6,4,7,32,5,1,0,4,2,2,50.0,1,2,0,0,0,120,72,37,12,4916,1085,646,3185,DAL,Central,Western
2025-2026,20251101,18,NSH,28523,Luke Evangelista,ROSTER,23.0,"5'11""",166.0,Canada,"Oakville, ON",True,RW,11,1,5,6,1.82,0.45,0.09,0.55,5.7,5.3,0,1,1,2,0,0,0,0,0,0,1,1,0,0.0,-1,37,20,5.0,3,5,12,1,14,8,5,0,0,0,0.0,1,2,1,2,0,177,119,33,27,9049,1705,525,6821,NSH,Central,Western
2025-2026,20251101,14,MTL,17548,Jake Evans,ROSTER,29.0,"6'0""",190.0,Canada,"Toronto, ON",False,C,11,1,1,2,1.45,0.09,0.09,0.18,31.3,15.6,0,0,0,0,0,0,0,0,0,0,0,0,0,0.0,-5,32,16,6.2,13,9,7,14,11,13,2,163,92,71,56.4,1,10,3,6,0,225,104,75,47,10778,1442,1462,7874,MTL,Atlantic,Eastern
2025-2026,20251101,11,BOS,18068,Mikey Eyssimont,ROSTER,29.0,"6'0""",192.0,USA,"Littleton, CO",False,C,13,3,4,7,2.15,0.31,0.23,0.54,15.5,31.1,1,0,1,1,0,0,0,1,0,0,0,0,0,0.0,-4,44,28,10.7,6,4,12,8,12,6,1,0,0,0,0.0,4,11,4,11,1,203,102,43,61,8889,1684,397,6808,BOS,Atlantic,Eastern
2025-2026,20251101,19,CBJ,9643,Dante Fabbro,ROSTER,27.0,"6'0""",189.0,Canada,"New Westminster, BC",False,D,10,1,2,3,1.0,0.2,0.1,0.3,35.4,5.3,0,0,0,0,0,0,0,0,0,0,0,0,0,0.0,0,28,10,10.0,20,13,5,3,16,8,4,0,0,0,0.0,1,2,1,2,0,206,109,36,59,10381,1442,715,8045,CBJ,Metropolitan,Eastern
2025-2026,20251101,25,MIN,38005,Brock Faber,ROSTER,23.0,"6'0""",190.0,USA,"Maple Grove, MN",True,D,12,1,4,5,2.67,0.33,0.08,0.42,40.1,0.0,0,0,3,3,0,0,0,0,0,0,0,0,0,0.0,-6,58,32,3.1,22,11,15,5,26,11,7,0,0,0,0.0,0,0,0,0,0,310,214,62,35,16505,2368,1025,13112,MIN,Central,Western
2025-2026,20251101,27,DAL,5116,Radek Faksa,ROSTER,31.0,"6'3""",220.0,Czech Republic,Opava,False,C,11,1,3,4,0.45,0.27,0.09,0.36,28.1,5.3,0,0,0,0,0,0,0,0,0,0,0,0,0,0.0,-2,11,5,20.0,9,3,3,19,6,5,3,100,55,45,55.0,1,2,4,8,0,197,96,31,71,8139,1733,351,6055,DAL,Central,Western
2025-2026,20251101,19,CBJ,111258,Adam Fantilli,ROSTER,21.0,"6'2""",187.0,Canada,"Nobleton, ON",True,C,10,2,3,5,2.0,0.3,0.2,0.5,18.0,10.6,0,0,0,0,0,0,0,0,0,0,1,0,1,100.0,-3,51,20,10.0,5,15,16,14,9,12,5,69,35,34,50.7,2,4,2,4,0,180,145,30,5,9582,1994,317,7380,CBJ,Metropolitan,Eastern
2025-2026,20251101,23,CGY,14537,Joel Farabee,ROSTER,25.0,"6'0""",164.0,USA,"Cicero, NY",False,LW,12,1,4,5,2.08,0.33,0.08,0.42,27.0,5.3,0,0,2,2,0,0,0,0,0,0,0,0,0,0.0,-4,47,25,4.0,10,12,10,15,22,9,1,17,7,10,41.2,1,2,1,2,0,271,149,59,64,12884,2439,1016,9429,CGY,Pacific,Western
2025-2026,20251101,17,STL,5009,Justin Faulk,ROSTER,33.0,"6'0""",217.0,USA,"South St.Paul, MN",False,D,11,1,3,4,1.91,0.27,0.09,0.36,42.6,10.6,0,1,2,3,0,0,0,0,0,0,0,0,0,0.0,-2,40,21,4.8,21,12,7,11,10,11,4,0,0,0,0.0,2,4,0,0,0,313,163,57,94,15346,3347,588,11411,STL,Central,Western
2025-2026,20251101,5,WSH,14569,Martin Fehervary,ROSTER,26.0,"6'2""",200.0,Slovakia,Bratislava,False,D,11,1,3,4,1.36,0.27,0.09,0.36,49.8,10.6,0,0,0,0,0,0,0,0,0,0,0,0,0,0.0,1,30,15,6.7,22,11,4,19,22,11,0,0,0,0,0.0,2,4,1,2,0,237,144,43,49,12763,1219,927,10569,WSH,Metropolitan,Eastern
2025-2026,20251101,3,CAR,56335,Dominick Fensore,ROSTER,24.0,"5'7""",153.0,USA,"Thornwood, NY",False,D,1,0,0,0,2.0,0.0,0.0,0.0,5.7,0.0,0,0,0,0,0,0,0,0,0,0,0,0,0,0.0,-2,5,2,0.0,3,2,1,1,3,0,0,0,0,0,0.0,0,0,0,0,0,27,15,0,12,1162,46,0,1116,CAR,Metropolitan,Eastern
2025-2026,20251101,26,SJS,17138,Mario Ferraro,ROSTER,27.0,"5'11""",185.0,Canada,"King City, ON",False,D,11,1,2,3,1.18,0.18,0.09,0.27,60.2,5.3,0,0,0,0,0,0,0,0,0,0,0,0,0,0.0,-4,31,13,7.7,27,14,4,22,21,12,5,0,0,0,0.0,1,2,1,2,0,270,150,30,91,13867,1243,955,11669,SJS,Pacific,Western
2025-2026,20251101,28,LAK,5438,Kevin Fiala,ROSTER,29.0,"5'10""",193.0,Switzerland,St. Gallen,False,LW,12,5,4,9,3.25,0.33,0.42,0.75,10.5,15.9,1,1,3,4,0,0,0,1,0,0,5,1,1,20.0,-3,71,39,12.8,3,15,17,8,13,19,4,5,0,5,0.0,3,6,1,2,0,246,112,82,57,13154,3067,1444,8943,LAK,Pacific,Western
2025-2026,20251101,1,TBL,28530,Jack Finley,ROSTER,23.0,"6'6""",213.0,USA,"St. Louis, MO",True,C,3,0,0,0,1.0,0.0,0.0,0.0,3.4,5.3,0,0,0,0,0,0,0,0,0,0,0,0,0,0.0,0,3,3,0.0,0,0,0,5,1,0,0,31,14,17,45.2,1,2,1,2,0,45,31,7,7,1450,64,187,1199,TBL,Atlantic,Eastern
2025-2026,20251101,16,DET,142439,Emmitt Finnie,ROSTER,20.0,"6'1""",195.0,Canada,"Lethbridge, AB",True,C,12,4,4,8,1.83,0.33,0.33,0.67,30.3,0.0,1,0,1,1,0,0,0,0,0,0,0,0,0,0.0,5,30,22,18.2,7,3,5,27,14,8,8,5,2,3,40.0,0,0,1,2,0,244,211,22,16,11935,1952,339,9628,DET,Atlantic,Eastern
2025-2026,20251101,143,SEA,17180,Cale Fleury,ROSTER,26.0,"6'1""",205.0,Canada,"Carlyle, SK",False,D,4,0,1,1,0.75,0.25,0.0,0.25,7.5,15.2,0,0,0,0,0,0,0,0,0,0,0,0,0,0.0,0,9,3,0.0,2,3,3,6,7,3,1,0,0,0,0.0,1,5,2,7,1,80,52,13,15,3534,453,0,3081,SEA,Pacific,Western
2025-2026,20251101,2,WPJ,5422,Haydn Fleury,ROSTER,29.0,"6'3""",208.0,Canada,"Regina, SK",False,D,10,0,0,0,1.0,0.0,0.0,0.0,35.1,10.6,0,0,0,0,0,0,0,0,0,0,0,0,0,0.0,-5,22,10,0.0,14,6,6,17,15,9,3,0,0,0,0.0,2,4,0,0,0,209,131,35,43,9422,857,1547,7018,WPG,,
2025-2026,20251101,28,LAK,14151,Warren Foegele,ROSTER,29.0,"6'2""",198.0,Canada,"Markham, ON",False,LW,10,1,0,1,1.3,0.0,0.1,0.1,9.9,15.9,0,0,0,0,0,0,0,0,0,0,1,0,0,0.0,-1,28,13,7.7,1,8,7,12,9,12,0,9,3,6,33.3,3,6,2,4,0,178,97,46,36,8023,1124,535,6364,LAK,Pacific,Western
2025-2026,20251101,6,PHI,28514,Tyson Foerster,ROSTER,23.0,"6'2""",194.0,Canada,"Alliston, ON",True,RW,10,3,3,6,1.7,0.3,0.3,0.6,14.8,20.9,1,1,0,1,0,0,0,0,0,0,0,0,0,0.0,6,35,17,17.6,6,8,10,7,17,8,3,1,1,0,100.0,2,12,0,0,0,239,171,53,19,10983,1791,549,8643,PHI,Metropolitan,Eastern
2025-2026,20251101,25,MIN,5055,Marcus Foligno,ROSTER,34.0,"6'3""",224.0,USA,"Buffalo, NY",False,LW,11,0,0,0,0.82,0.0,0.0,0.0,37.8,31.1,0,0,0,0,0,0,0,0,0,0,0,0,0,0.0,-10,19,9,0.0,9,5,5,33,7,6,2,3,0,3,0.0,4,11,3,9,1,174,88,40,46,8658,1948,887,5823,MIN,Central,Western
2025-2026,20251101,20,CHI,4278,Nick Foligno,ROSTER,38.0,"6'0""",208.0,USA,"Buffalo, NY",False,LW,8,0,4,4,0.88,0.5,0.0,0.5,27.5,25.8,0,0,1,1,0,0,0,0,0,0,0,0,0,0.0,-2,12,7,0.0,7,3,2,23,2,4,0,94,43,51,45.7,3,9,1,5,1,175,85,36,54,7080,2098,359,4623,CHI,Central,Western
2025-2026,20251101,21,VAN,5813,Derek Forbort,INJURY_LIST,33.0,"6'4""",219.0,USA,"Duluth, MN",False,D,2,0,0,0,0.5,0.0,0.0,0.0,8.0,5.3,0,0,0,0,0,0,0,0,0,0,0,0,0,0.0,0,1,1,0.0,4,0,0,2,8,5,0,0,0,0,0.0,1,2,0,0,0,39,20,6,13,1672,304,40,1328,VAN,Pacific,Western
2025-2026,20251101,2,WPJ,79680,Parker Ford,ROSTER,25.0,"5'9""",181.0,USA,"Wakefield, RI",True,C,4,0,0,0,0.75,0.0,0.0,0.0,13.6,5.3,0,0,0,0,0,0,0,0,0,0,0,0,0,0.0,-1,9,3,0.0,4,4,2,10,5,0,1,20,10,10,50.0,1,2,1,2,0,56,47,8,1,2455,719,101,1635,WPG,,
2025-2026,20251101,18,NSH,5210,Filip Forsberg,ROSTER,31.0,"6'1""",205.0,Sweden,Ostervala,False,LW,12,4,4,8,2.92,0.33,0.33,0.67,26.7,10.6,1,0,2,2,0,0,0,0,0,0,1,0,1,100.0,-1,76,35,11.4,4,23,18,29,9,13,7,4,1,3,25.0,2,4,4,8,0,252,113,111,33,13538,2643,3900,7160,NSH,Central,Western
2025-2026,20251101,4,FLO,10072,Gustav Forsling,ROSTER,29.0,"6'0""",186.0,Sweden,Linkping,False,D,11,0,4,4,1.18,0.36,0.0,0.36,31.3,0.0,0,0,0,0,0,0,0,0,0,0,0,0,0,0.0,4,38,13,0.0,13,18,7,14,6,6,3,0,0,0,0.0,0,0,3,6,0,304,174,67,63,14910,2260,1574,11076,FLA,,
2025-2026,20251101,17,STL,4800,Cam Fowler,ROSTER,33.0,"6'2""",214.0,Canada,"Windsor, ON",False,D,11,0,4,4,1.91,0.36,0.0,0.36,14.0,5.3,0,0,3,3,0,0,0,0,0,0,0,0,0,0.0,-8,45,21,0.0,8,19,5,1,14,8,2,0,0,0,0.0,1,2,1,2,0,301,163,65,73,15195,2966,571,11658,STL,Central,Western
2025-2026,20251101,9,NYR,17179,Adam Fox,ROSTER,27.0,"5'11""",181.0,USA,"Jericho, NY",False,D,12,3,6,9,2.08,0.5,0.25,0.75,41.5,15.9,1,1,1,2,0,1,1,1,0,0,0,0,0,0.0,-1,71,25,12.0,22,31,16,7,20,10,12,0,0,0,0.0,3,6,2,4,0,309,147,105,50,17143,3388,1260,11966,NYR,Metropolitan,Eastern
2025-2026,20251101,5,WSH,120029,Ethan Frank,ROSTER,27.0,"5'11""",185.0,USA,"Papillion, NE",True,C,3,0,1,1,1.0,0.33,0.0,0.33,4.7,10.6,0,0,1,1,0,0,0,0,0,0,0,0,0,0.0,0,6,3,0.0,2,2,1,2,2,1,0,0,0,0,0.0,2,4,0,0,0,50,38,10,0,2035,552,13,1369,WSH,Metropolitan,Eastern
2025-2026,20251101,24,EDM,9655,Trent Frederic,ROSTER,27.0,"6'2""",203.0,USA,"St. Louis, MO",False,C,12,1,0,1,1.0,0.0,0.08,0.08,29.4,15.9,0,0,0,0,0,0,0,1,0,0,0,0,0,0.0,-2,21,12,8.3,4,5,4,33,9,7,0,30,17,13,56.7,3,6,3,6,0,195,109,60,27,9050,1564,837,6649,EDM,Pacific,Western
2025-2026,20251101,23,CGY,13642,Morgan Frost,ROSTER,26.0,"5'11""",170.0,Canada,"Barrie, ON",False,C,12,2,5,7,1.67,0.42,0.17,0.58,13.2,26.5,0,0,3,3,0,0,0,0,0,0,2,0,1,50.0,2,36,20,10.0,5,9,7,7,5,6,1,155,82,73,52.9,5,10,1,2,0,229,117,53,62,11415,2570,1086,7947,CGY,Pacific,Western
2025-2026,20251101,4,FLO,13855,Jonah Gadjovich,ROSTER,27.0,"6'2""",200.0,Canada,"Whitby, ON",False,LW,10,0,3,3,0.8,0.3,0.0,0.3,25.7,20.5,0,0,0,0,0,0,0,0,0,0,0,0,0,0.0,2,12,8,0.0,3,4,0,30,10,3,3,0,0,0,0.0,2,7,1,5,1,112,78,30,4,4766,977,768,3021,FLA,,
2025-2026,20251101,14,MTL,5149,Brendan Gallagher,ROSTER,33.0,"5'9""",186.0,Canada,"Edmonton, AB",False,RW,11,0,6,6,1.45,0.55,0.0,0.55,7.9,15.9,0,0,1,1,0,0,0,0,0,0,0,0,0,0.0,1,28,16,0.0,1,8,4,9,12,4,3,2,2,0,100.0,3,6,1,2,0,200,106,49,45,8971,2606,873,5492,MTL,Atlantic,Eastern
2025-2026,20251101,21,VAN,5718,Conor Garland,ROSTER,29.0,"5'10""",165.0,USA,"Scituate, MA",False,RW,11,3,8,11,2.55,0.73,0.27,1.0,15.5,10.6,1,0,4,4,0,0,0,1,0,0,1,0,0,0.0,6,47,28,10.7,6,8,11,8,20,12,4,9,1,8,11.1,2,4,1,2,0,255,107,63,88,13533,2468,749,10316,VAN,Pacific,Western
2025-2026,20251101,8,NYI,53056,Marc Gatcomb,ASSIGNED_TO_MINORS,26.0,"6'2""",194.0,USA,"Woburn, MA",True,C,1,0,0,0,1.0,0.0,0.0,0.0,4.8,0.0,0,0,0,0,0,0,0,0,0,0,0,0,0,0.0,0,1,1,0.0,0,0,0,7,1,0,0,0,0,0,0.0,0,0,0,0,0,12,4,0,8,513,59,0,454,NYI,Metropolitan,Eastern
2025-2026,20251101,26,SJS,5737,Adam Gaudette,ROSTER,29.0,"6'1""",170.0,USA,"Braintree, MA",False,RW,9,3,1,4,1.33,0.11,0.33,0.44,3.4,21.2,1,1,0,1,0,0,0,0,0,0,0,0,0,0.0,-3,22,12,25.0,0,7,3,5,10,2,2,47,25,22,53.2,4,8,1,2,0,136,71,30,38,5780,937,367,4476,SJS,Pacific,Western
2025-2026,20251101,143,SEA,10097,Frederick Gaudreau,ROSTER,32.0,"6'0""",179.0,Canada,"Granby, QC",False,C,4,0,1,1,0.75,0.25,0.0,0.25,9.7,0.0,0,0,0,0,0,0,0,0,0,0,0,0,0,0.0,0,6,3,0.0,5,2,1,2,3,3,0,51,18,33,35.3,0,0,1,2,0,82,33,26,23,3088,708,311,2069,SEA,Pacific,Western
2025-2026,20251101,29,ANA,56588,Cutter Gauthier,ROSTER,21.0,"6'3""",200.0,,"Skellefteå, Sweden",False,LW,10,6,4,10,5.1,0.4,0.6,1.0,14.3,26.5,2,1,1,2,0,0,0,1,0,0,0,0,0,0.0,7,81,51,11.8,4,15,14,11,13,8,0,14,6,8,42.9,5,10,3,6,0,227,150,24,60,11057,1162,94,9769,ANA,Pacific,Western
2025-2026,20251101,9,NYR,5754,Vladislav Gavrikov,ROSTER,29.0,"6'3""",213.0,Russia,Yaroslavl,True,D,12,0,2,2,1.42,0.17,0.0,0.17,33.7,15.9,0,0,0,0,0,0,0,0,0,0,0,0,0,0.0,3,44,17,0.0,19,19,8,3,16,8,4,0,0,0,0.0,3,6,3,6,0,318,164,55,90,16699,1510,893,13919,NYR,Metropolitan,Eastern
2025-2026,20251101,1,TBL,43380,Conor Geekie,ASSIGNED_TO_MINORS,21.0,"6'3""",196.0,Canada,"Strathclair, MB",True,C,6,0,1,1,0.83,0.17,0.0,0.17,18.7,10.6,0,0,0,0,0,0,0,0,0,0,0,0,0,0.0,0,12,5,0.0,5,3,4,15,7,5,0,21,8,13,38.1,2,4,1,2,0,88,69,18,1,3609,818,167,2624,TBL,Atlantic,Eastern
2025-2026,20251101,11,BOS,17978,Morgan Geekie,ROSTER,27.0,"6'3""",202.0,Canada,"Strathclair, MB",False,C,13,9,2,11,2.08,0.15,0.69,0.85,20.9,10.6,3,2,1,3,0,0,0,1,0,0,0,0,0,0.0,-5,49,27,33.3,3,10,12,23,18,9,5,27,17,10,63.0,2,4,6,12,0,265,132,109,33,14138,3351,1993,8794,BOS,Atlantic,Eastern
2025-2026,20251101,15,BUF,18139,Mason Geertsen,ROSTER,30.0,"6'4""",205.0,Canada,"Drayton Valley, AB",False,LW,4,0,0,0,0.0,0.0,0.0,0.0,4.1,20.9,0,0,0,0,0,0,0,0,0,0,0,0,0,0.0,-1,1,0,0.0,0,1,0,6,4,0,0,0,0,0,0.0,2,12,0,0,0,27,18,1,8,1007,182,71,754,BUF,Atlantic,Eastern
2025-2026,20251101,26,SJS,51603,Patrick Giles,ROSTER,25.0,"6'4""",201.0,USA,"Chevy Chase, MD",True,RW,1,0,0,0,0.0,0.0,0.0,0.0,1.7,0.0,0,0,0,0,0,0,0,0,0,0,0,0,0,0.0,0,1,0,0.0,1,1,0,0,0,0,0,8,5,3,62.5,0,0,0,0,0,14,7,7,0,610,80,30,500,SJS,Pacific,Western
2025-2026,20251101,6,PHI,14573,Adam Ginning,ROSTER,25.0,"6'4""",206.0,Sweden,Linköping,True,D,5,0,0,0,0.4,0.0,0.0,0.0,11.1,0.0,0,0,0,0,0,0,0,0,0,0,0,0,0,0.0,0,9,2,0.0,5,4,3,4,6,5,0,0,0,0,0.0,0,0,0,0,0,101,65,8,28,4602,418,47,4137,PHI,Metropolitan,Eastern
2025-2026,20251101,22,COL,13692,Samuel Girard,ROSTER,27.0,"5'10""",170.0,Canada,"Roberval, QC",False,D,2,0,0,0,1.0,0.0,0.0,0.0,7.1,0.0,0,0,0,0,0,0,0,0,0,0,0,0,0,0.0,1,6,2,0.0,3,4,0,3,6,1,1,0,0,0,0.0,0,0,0,0,0,49,34,6,9,2256,468,171,1617,COL,Central,Western
2025-2026,20251101,1,TBL,5254,Zemgus Girgensons,ROSTER,31.0,"6'2""",211.0,Latvia,Riga,False,C,4,2,0,2,1.25,0.0,0.5,0.5,8.6,5.3,0,0,0,0,0,0,0,0,0,0,0,0,0,0.0,0,12,5,40.0,1,3,4,10,8,4,1,16,7,9,43.8,1,2,0,0,0,84,43,33,10,3345,1224,158,1963,TBL,Atlantic,Eastern
2025-2026,20251101,13,OTT,4394,Claude Giroux,ROSTER,37.0,"5'11""",185.0,Canada,"Hearst, ON",False,RW,12,2,6,8,1.75,0.5,0.17,0.67,10.2,10.6,0,0,3,3,0,0,0,1,0,0,0,0,0,0.0,2,35,21,9.5,2,6,8,10,3,13,3,93,61,32,65.6,2,4,2,4,0,287,141,68,80,11723,3932,733,7058,OTT,Atlantic,Eastern
2025-2026,20251101,7,NJD,13621,Cody Glass,ROSTER,26.0,"6'2""",192.0,Canada,"Winnipeg, MB",False,C,6,2,0,2,1.5,0.0,0.33,0.33,5.4,15.9,0,1,0,1,0,0,0,0,0,0,0,0,0,0.0,1,15,9,22.2,2,3,3,3,8,3,0,62,25,37,40.3,3,6,2,4,0,109,52,26,33,4521,820,191,3510,NJD,Metropolitan,Eastern
2025-2026,20251101,7,NJD,5268,Luke Glendening,ROSTER,36.0,"5'11""",191.0,USA,"Grand Rapids, MI",False,C,11,0,2,2,0.64,0.18,0.0,0.18,29.8,5.3,0,0,0,0,0,1,1,0,0,0,0,0,0,0.0,-4,11,7,0.0,10,2,2,19,8,4,1,150,77,73,51.3,1,2,0,0,0,187,75,64,48,7125,1326,626,5173,NJD,Metropolitan,Eastern
2025-2026,20251101,1,TBL,28531,Gage Goncalves,ROSTER,24.0,"6'0""",165.0,Canada,"Mission, BC",True,C,11,0,4,4,0.55,0.36,0.0,0.36,23.3,5.3,0,0,1,1,0,0,0,0,0,0,0,0,0,0.0,-1,19,6,0.0,9,9,4,12,16,10,3,3,0,3,0.0,1,2,3,6,0,181,116,36,30,7989,1639,332,6017,TBL,Atlantic,Eastern
2025-2026,20251101,26,SJS,5476,Barclay Goodrow,ROSTER,32.0,"6'2""",215.0,Canada,"Aurora, ON",False,C,11,0,1,1,0.91,0.09,0.0,0.09,27.7,0.0,0,0,0,0,0,0,0,0,0,0,0,0,0,0.0,-4,15,10,0.0,10,3,2,16,8,6,2,7,3,4,42.9,0,0,0,0,0,182,81,52,49,7489,1392,894,5203,SJS,Pacific,Western
2025-2026,20251101,3,CAR,5440,Shayne Gostisbehere,ROSTER,32.0,"5'11""",180.0,USA,"Margate, FL",False,D,6,1,6,7,1.0,1.0,0.17,1.17,14.7,5.3,0,0,1,1,0,0,0,0,0,0,0,0,0,0.0,8,19,6,16.7,8,10,3,2,4,3,2,0,0,0,0.0,1,2,1,2,0,108,63,20,27,5246,1337,337,3536,CAR,Metropolitan,Eastern
2025-2026,20251101,1,TBL,5890,Yanni Gourde,ROSTER,33.0,"5'9""",173.0,Canada,"Saint-Narcisse, QC",False,C,11,2,1,3,1.45,0.09,0.18,0.27,20.1,18.5,0,0,0,0,0,0,0,0,0,0,0,0,0,0.0,3,24,16,12.5,5,3,5,17,16,11,1,92,39,53,42.4,3,8,1,2,0,231,113,55,65,10404,2285,864,7255,TBL,Atlantic,Eastern
2025-2026,20251101,26,SJS,133812,Collin Graf,ROSTER,23.0,"6'0""",180.0,USA,"Lincoln, MA",True,RW,10,1,2,3,0.7,0.2,0.1,0.3,15.9,0.0,0,0,0,0,1,0,1,0,0,0,0,0,0,0.0,-1,15,7,14.3,5,5,3,11,7,8,3,2,1,1,50.0,0,0,1,2,0,192,142,10,41,8799,1001,48,7750,SJS,Pacific,Western
2025-2026,20251101,29,ANA,5126,Mikael Granlund,ROSTER,33.0,"5'10""",185.0,Finland,Oulu,False,C,8,2,6,8,2.38,0.75,0.25,1.0,7.1,10.6,0,1,1,2,0,0,0,0,0,0,0,0,0,0.0,2,33,19,10.5,3,4,10,3,6,6,3,129,67,62,51.9,2,4,4,8,0,168,82,48,41,8301,2652,357,5325,ANA,Pacific,Western
2025-2026,20251101,6,PHI,56677,Nikita Grebenkin,ROSTER,22.0,"6'2""",183.0,Russia,Serov,False,RW,6,0,1,1,0.17,0.17,0.0,0.17,6.5,41.4,0,0,0,0,0,0,0,0,0,0,0,0,0,0.0,-4,9,1,0.0,1,5,3,7,12,4,1,2,2,0,100.0,4,19,3,9,1,68,51,7,10,3195,330,62,2803,PHI,Metropolitan,Eastern
2025-2026,20251101,20,CHI,56365,Ryan Greene,ROSTER,22.0,"6'1""",179.0,Canada,"Paradise, NL and Labrador",False,C,11,1,1,2,0.36,0.09,0.09,0.18,8.4,5.3,0,0,0,0,0,0,0,0,0,0,0,0,0,0.0,3,9,4,25.0,3,2,3,5,4,2,3,80,41,39,51.2,1,2,1,2,0,208,125,25,60,8329,813,13,7499,CHI,Central,Western
2025-2026,20251101,15,BUF,14152,Jordan Greenway,ROSTER,28.0,"6'6""",225.0,USA,"Canton, NY",False,LW,1,0,0,0,3.0,0.0,0.0,0.0,2.1,5.3,0,0,0,0,0,0,0,0,0,0,0,0,0,0.0,-1,5,3,0.0,0,0,2,3,1,1,0,4,2,2,50.0,1,2,0,0,0,20,11,3,6,922,171,37,714,BUF,Atlantic,Eastern
2025-2026,20251101,4,FLO,5634,Anthony-John Greer,ROSTER,28.0,"6'3""",204.0,Canada,"Joliette, QC",False,LW,11,3,2,5,0.55,0.18,0.27,0.45,28.0,35.7,1,0,0,0,0,0,0,0,0,0,0,0,0,0.0,2,14,6,50.0,4,3,5,31,9,7,0,5,1,4,20.0,3,12,3,12,2,134,68,33,36,5839,1059,268,4512,FLA,,
2025-2026,20251101,4,FLO,15118,Noah Gregor,ROSTER,27.0,"6'0""",185.0,Canada,"Beaumont, AB",False,LW,1,0,0,0,3.0,0.0,0.0,0.0,0.7,0.0,0,0,0,0,0,0,0,0,0,0,0,0,0,0.0,0,5,3,0.0,0,1,1,1,1,0,0,0,0,0,0.0,0,0,0,0,0,10,7,2,1,455,103,0,352,FLA,,
2025-2026,20251101,13,OTT,28535,Ridly Greig,ROSTER,23.0,"6'0""",181.0,Canada,"Lethbridge, AB",True,C,12,1,3,4,1.58,0.25,0.08,0.33,24.4,23.8,0,0,2,2,0,0,0,0,0,0,0,0,0,0.0,-2,34,19,5.3,8,10,5,16,19,5,3,75,45,30,60.0,4,10,5,10,0,289,164,52,74,12266,2116,613,9537,OTT,Atlantic,Eastern
2025-2026,20251101,23,CGY,142358,Matvei Gridin,ASSIGNED_TO_MINORS,,,,,,False,RW,4,1,0,1,2.25,0.0,0.25,0.25,5.7,0.0,0,0,0,0,0,0,0,0,0,0,1,0,0,0.0,-3,15,9,11.1,3,4,2,1,4,6,2,4,0,4,0.0,0,0,0,0,0,76,68,8,1,3532,574,41,2917,CGY,Pacific,Western
2025-2026,20251101,7,NJD,56524,Arseni Gritsyuk,ROSTER,24.0,"5'10""",168.0,Russia,Krasnoyarsk,False,RW,11,2,4,6,2.27,0.36,0.18,0.55,13.4,5.3,0,1,1,2,0,0,0,0,0,0,0,0,0,0.0,-1,41,25,8.0,1,8,8,17,12,5,3,4,2,2,50.0,1,2,1,2,0,194,138,36,22,8934,1220,575,7139,NJD,Metropolitan,Eastern
2025-2026,20251101,20,CHI,11572,Matt Grzelcyk,ROSTER,31.0,"5'9""",174.0,USA,"Charlestown, MA",False,D,11,0,2,2,1.27,0.18,0.0,0.18,17.1,5.3,0,0,0,0,0,0,0,0,0,0,0,0,0,0.0,8,24,14,0.0,9,5,5,3,11,5,2,0,0,0,0.0,1,2,1,2,0,223,112,44,68,10019,1748,308,7916,CHI,Central,Western
2025-2026,20251101,29,ANA,5185,Radko Gudas,ROSTER,35.0,"6'0""",205.0,Czech Republic,Prague,False,D,7,0,2,2,1.14,0.29,0.0,0.29,35.9,5.3,0,0,0,0,0,0,0,0,0,0,0,0,0,0.0,-5,16,8,0.0,12,4,4,23,9,6,2,0,0,0,0.0,1,2,0,0,0,141,83,13,46,6543,1319,409,4782,ANA,Pacific,Western
2025-2026,20251101,19,CBJ,4988,Erik Gudbranson,ROSTER,33.0,"6'5""",217.0,Canada,"Ottawa, ON",False,D,4,0,0,0,0.75,0.0,0.0,0.0,5.1,15.9,0,0,0,0,0,0,0,0,0,0,0,0,0,0.0,-2,7,3,0.0,1,3,1,5,4,3,1,0,0,0,0.0,3,6,0,0,0,75,36,8,28,3562,700,350,2303,CBJ,Metropolitan,Eastern
2025-2026,20251101,30,UTA,33436,Dylan Guenther,ROSTER,22.0,"6'2""",175.0,Canada,"Edmonton, AB",True,RW,11,5,7,12,3.64,0.64,0.45,1.09,14.3,15.9,1,1,2,3,0,0,0,4,0,2,0,0,0,0.0,6,77,40,12.5,4,15,22,11,20,12,1,9,4,5,44.4,3,6,5,10,0,245,144,15,91,12104,1951,101,10052,UTA,Central,Western
2025-2026,20251101,1,TBL,11327,Jake Guentzel,ROSTER,31.0,"5'11""",180.0,USA,"Omaha, NE",False,C,11,4,6,10,3.18,0.55,0.36,0.91,11.4,10.6,1,0,2,2,0,0,0,0,0,0,0,0,0,0.0,0,51,35,11.4,6,8,8,2,12,12,3,40,20,20,50.0,2,4,1,2,0,265,122,84,63,14147,4258,2267,7585,TBL,Atlantic,Eastern
2025-2026,20251101,14,MTL,28518,Kaiden Guhle,ROSTER,23.0,"6'2""",205.0,Canada,"Sherwood Park, AB",True,D,5,1,1,2,1.4,0.2,0.2,0.4,19.4,20.5,0,0,0,0,0,0,0,1,0,0,0,0,0,0.0,1,13,7,14.3,5,5,1,16,12,7,3,0,0,0,0.0,2,7,3,9,1,103,63,14,28,5772,629,59,5084,MTL,Atlantic,Eastern
2025-2026,20251101,1,TBL,17379,Brandon Hagel,ROSTER,27.0,"6'0""",175.0,Canada,"Saskatoon, SK",True,LW,11,3,5,8,2.73,0.45,0.27,0.73,17.2,26.5,1,1,0,1,0,0,0,0,0,0,0,0,0,0.0,1,72,30,10.0,7,14,28,8,19,18,6,6,1,5,16.7,5,10,7,14,0,278,149,95,37,13474,3674,1927,7906,TBL,Atlantic,Eastern
2025-2026,20251101,18,NSH,14446,Nicolas Hague,ROSTER,26.0,"6'6""",221.0,Canada,"Kitchener, ON",False,D,4,0,1,1,0.5,0.25,0.0,0.25,12.9,10.6,0,0,0,0,0,0,0,0,0,0,0,0,0,0.0,-5,7,2,0.0,4,4,1,9,4,2,0,0,0,0,0.0,2,4,0,0,0,101,51,13,37,4834,860,360,3614,NSH,Central,Western
2025-2026,20251101,25,MIN,53028,Hunter Haight,ROSTER,21.0,"5'11""",174.0,Canada,"Strathroy, ON",True,C,2,0,0,0,0.0,0.0,0.0,0.0,1.4,0.0,0,0,0,0,0,0,0,0,0,0,0,0,0,0.0,-2,0,0,0.0,0,0,0,2,4,0,0,16,7,9,43.8,0,0,0,0,0,24,16,0,8,1124,111,0,1013,MIN,Central,Western
2025-2026,20251101,3,CAR,4846,Taylor Hall,ROSTER,33.0,"6'1""",205.0,Canada,"Calgary, AB",False,LW,10,2,4,6,1.2,0.4,0.2,0.6,10.8,26.5,0,0,0,0,0,0,0,0,0,0,0,0,0,0.0,3,33,12,16.7,4,10,11,6,21,8,4,4,1,3,25.0,5,10,4,8,0,178,93,50,37,8441,2779,366,5296,CAR,Metropolitan,Eastern
2025-2026,20251101,10,PIT,14581,Filip Hallander,ROSTER,25.0,"6'2""",188.0,Sweden,Sundsvall,True,C,11,1,3,4,1.64,0.27,0.09,0.36,8.7,5.3,0,0,0,0,1,0,1,1,0,0,0,0,0,0.0,6,35,18,5.6,4,9,8,3,10,11,2,1,0,1,0.0,1,2,3,6,0,199,120,48,32,8714,1910,793,6011,PIT,Metropolitan,Eastern
2025-2026,20251101,7,NJD,53065,Brian Halonen,ROSTER,26.0,"6'0""",205.0,USA,"Delano, MN",True,LW,7,0,0,0,0.43,0.0,0.0,0.0,11.7,15.2,0,0,0,0,0,0,0,0,0,0,0,0,0,0.0,-2,10,3,0.0,0,3,4,17,6,1,2,0,0,0,0.0,1,5,1,5,1,75,60,15,0,3233,987,211,2035,NJD,Metropolitan,Eastern
2025-2026,20251101,7,NJD,4994,Dougie Hamilton,ROSTER,32.0,"6'6""",229.0,Canada,"Toronto, ON",False,D,11,4,3,7,2.73,0.27,0.36,0.64,36.3,13.2,1,2,2,4,0,0,0,1,0,0,0,0,0,0.0,2,67,30,13.3,16,20,17,14,16,19,2,0,0,0,0.0,2,6,1,2,0,290,150,40,104,14534,3865,536,10133,NJD,Metropolitan,Eastern
2025-2026,20251101,16,DET,4915,Travis Hamonic,ROSTER,35.0,"6'2""",205.0,Canada,"St. Malo, MB",False,D,5,0,1,1,1.4,0.2,0.0,0.2,16.1,15.2,0,0,0,0,0,0,0,0,0,0,0,0,0,0.0,1,10,7,0.0,8,3,0,4,11,3,1,0,0,0,0.0,1,5,1,5,1,97,51,18,28,4189,854,283,3009,DET,Atlantic,Eastern
2025-2026,20251101,142,VGK,5600,Noah Hanifin,INJURY_LIST,28.0,"6'3""",215.0,USA,"Boston, MA",False,D,1,0,0,0,3.0,0.0,0.0,0.0,1.4,0.0,0,0,0,0,0,0,0,0,0,0,0,0,0,0.0,-1,7,3,0.0,0,3,1,2,7,2,1,0,0,0,0.0,0,0,0,0,0,28,14,4,10,1440,53,81,1306,VGK,Pacific,Western
2025-2026,20251101,23,CGY,8966,Joel Hanley,ROSTER,34.0,"5'11""",190.0,Canada,"Keswick, ON",False,D,12,0,1,1,0.67,0.08,0.0,0.08,36.2,10.6,0,0,0,0,0,0,0,0,0,0,0,0,0,0.0,-3,24,8,0.0,18,8,8,9,24,12,3,0,0,0,0.0,2,4,0,0,0,306,147,63,96,11287,1387,1195,8705,CGY,Pacific,Western
2025-2026,20251101,29,ANA,14456,Jansen Harkins,ROSTER,28.0,"6'1""",183.0,USA,"North Vancouver, BC, Canada",True,C,1,0,0,0,0.0,0.0,0.0,0.0,3.7,0.0,0,0,0,0,0,0,0,0,0,0,0,0,0,0.0,0,0,0,0.0,1,0,0,3,0,0,0,4,1,3,25.0,0,0,0,0,0,10,7,3,0,395,48,23,324,ANA,Pacific,Western
2025-2026,20251101,27,DAL,20433,Thomas Harley,ROSTER,24.0,"6'3""",188.0,USA,"Syracuse, NY",True,D,11,1,7,8,1.09,0.64,0.09,0.73,55.1,15.9,0,0,2,2,0,0,0,0,0,0,0,0,0,0.0,-3,44,12,8.3,31,23,9,5,18,13,5,0,0,0,0.0,3,6,1,2,0,273,173,54,47,15157,1832,1122,12203,DAL,Central,Western
2025-2026,20251101,11,BOS,38615,Jordan Harris,ROSTER,25.0,"5'11""",189.0,USA,"Haverhill, MA",True,D,5,1,1,2,1.8,0.2,0.2,0.4,7.8,0.0,0,0,0,0,0,0,0,0,0,0,0,0,0,0.0,0,12,9,11.1,3,1,2,4,15,5,1,0,0,0,0.0,0,0,0,0,0,106,72,18,17,4689,1056,345,3288,BOS,Atlantic,Eastern
2025-2026,20251101,25,MIN,5522,Ryan Hartman,ROSTER,31.0,"6'0""",189.0,USA,"Hilton Head Island, SC",False,RW,12,3,2,5,2.92,0.17,0.25,0.42,24.5,10.6,1,1,0,1,0,0,0,1,0,0,0,0,0,0.0,-5,68,35,8.6,11,15,18,9,18,9,5,164,74,90,45.1,2,4,4,8,0,208,97,82,32,11874,2154,1826,7894,MIN,Central,Western
2025-2026,20251101,6,PHI,5926,Garnet Hathaway,ROSTER,33.0,"6'3""",210.0,USA,"Naples, FL",False,RW,10,0,0,0,0.4,0.0,0.0,0.0,37.8,36.4,0,0,0,0,0,0,0,0,0,0,0,0,0,0.0,-6,7,4,0.0,9,0,3,33,13,2,0,4,4,0,100.0,5,13,5,13,1,142,70,29,43,5777,1128,227,4422,PHI,Metropolitan,Eastern
2025-2026,20251101,18,NSH,5301,Erik Haula,ROSTER,34.0,"6'0""",193.0,Finland,Pori,False,LW,12,2,5,7,1.17,0.42,0.17,0.58,20.5,47.8,0,0,1,1,0,0,0,0,0,0,1,0,1,100.0,-3,26,14,14.3,4,6,6,20,6,6,5,148,80,68,54.1,9,18,1,2,0,264,120,76,71,11086,2681,876,7687,NSH,Central,Western
2025-2026,20251101,143,SEA,12273,John Hayden,ASSIGNED_TO_MINORS,30.0,"6'3""",215.0,USA,"Chicago, IL",False,C,3,0,0,0,0.67,0.0,0.0,0.0,8.2,5.3,0,0,0,0,0,0,0,0,0,0,0,0,0,0.0,-1,5,2,0.0,2,2,1,7,0,2,1,15,6,9,40.0,1,2,0,0,0,42,19,11,12,1814,490,44,1280,SEA,Pacific,Western
2025-2026,20251101,30,UTA,14528,Barrett Hayton,ROSTER,25.0,"6'1""",190.0,Canada,"Kitchener, ON",False,C,9,2,2,4,1.11,0.22,0.22,0.44,5.7,10.6,0,0,0,0,0,0,0,0,0,0,0,0,0,0.0,7,24,10,20.0,3,4,10,1,9,7,3,99,53,46,53.5,2,4,2,4,0,197,136,44,19,8667,1384,916,6367,UTA,Central,Western
2025-2026,20251101,1,TBL,4685,Victor Hedman,ROSTER,34.0,"6'6""",229.0,Sweden,Ornskoldsvik,False,D,11,0,8,8,1.82,0.73,0.0,0.73,44.1,0.0,0,0,4,4,0,0,0,0,0,0,0,0,0,0.0,1,62,20,0.0,24,23,19,6,10,17,4,0,0,0,0.0,0,0,3,6,0,293,162,43,88,15679,5434,803,9442,TBL,Atlantic,Eastern
2025-2026,20251101,8,NYI,30049,Emil Heineman,ROSTER,23.0,"6'1""",185.0,Sweden,Leksand,True,LW,11,5,2,7,2.09,0.18,0.45,0.64,38.1,15.9,1,1,0,1,0,0,0,0,0,0,0,0,0,0.0,5,49,23,21.7,3,12,14,48,23,8,3,3,2,1,66.7,3,6,0,0,0,210,150,40,25,9495,1821,412,7262,NYI,Metropolitan,Eastern
2025-2026,20251101,27,DAL,13618,Miro Heiskanen,ROSTER,26.0,"6'1""",190.0,Finland,Espoo,False,D,11,2,3,5,2.55,0.27,0.18,0.45,25.4,5.3,0,1,1,2,0,0,0,1,0,0,0,0,0,0.0,-1,49,28,7.1,14,12,9,3,30,15,6,0,0,0,0.0,1,2,5,10,0,268,154,77,39,16612,4194,1011,11407,DAL,Central,Western
2025-2026,20251101,28,LAK,37992,Samuel Helenius,ROSTER,22.0,"6'6""",201.0,Finland,Järvenpää,True,C,2,0,0,0,1.0,0.0,0.0,0.0,7.9,0.0,0,0,0,0,0,0,0,0,0,0,0,0,0,0.0,-1,3,2,0.0,1,0,1,9,1,1,0,11,3,8,27.3,0,0,0,0,0,25,23,0,2,1100,106,0,994,LAK,Pacific,Western
2025-2026,20251101,29,ANA,38013,Drew Helleson,ROSTER,24.0,"6'3""",205.0,USA,"Farmington, MN",True,D,10,2,4,6,1.2,0.4,0.2,0.6,19.5,0.0,0,0,0,0,0,2,2,0,0,0,0,0,0,0.0,-3,26,12,16.7,8,10,4,9,16,8,4,0,0,0,0.0,0,0,1,2,0,254,104,31,121,11322,981,245,10096,ANA,Pacific,Western
2025-2026,20251101,24,EDM,4983,Adam Henrique,ROSTER,35.0,"6'0""",195.0,Canada,"Brantford, ON",False,C,12,2,4,6,1.92,0.33,0.17,0.5,29.1,5.3,0,0,1,1,0,0,0,0,0,0,0,0,0,0.0,0,34,23,8.7,15,6,5,6,6,8,3,106,65,41,61.3,1,2,0,0,0,222,107,51,66,9735,2675,314,6746,EDM,Pacific,Western
2025-2026,20251101,142,VGK,5255,Tomas Hertl,ROSTER,31.0,"6'2""",215.0,Czech Republic,Prague,False,C,11,5,6,11,2.27,0.55,0.45,1.0,14.0,21.2,1,3,1,4,0,0,0,1,0,0,0,0,0,0.0,4,53,25,20.0,3,15,13,13,12,9,1,192,114,78,59.4,4,8,4,10,0,226,97,63,71,11774,3160,1157,7362,VGK,Pacific,Western
2025-2026,20251101,25,MIN,5841,Vincent Hinostroza,ROSTER,31.0,"5'9""",173.0,USA,"Chicago, IL",False,C,12,0,2,2,0.83,0.17,0.0,0.17,14.0,10.6,0,0,1,1,0,0,0,0,0,0,0,0,0,0.0,-7,31,10,0.0,3,11,10,13,13,8,4,5,2,3,40.0,2,4,3,6,0,164,68,54,42,8149,1753,699,5697,MIN,Central,Western
2025-2026,20251101,27,DAL,5643,Roope Hintz,ROSTER,28.0,"6'3""",220.0,Finland,Tampere,False,C,8,1,7,8,3.5,0.88,0.12,1.0,11.1,5.3,0,0,5,5,0,0,0,0,0,0,0,0,0,0.0,-1,40,28,3.6,5,3,9,4,5,8,0,145,76,69,52.4,1,2,1,2,0,198,84,52,63,9131,2057,384,6690,DAL,Central,Western
2025-2026,20251101,7,NJD,13616,Nico Hischier,ROSTER,26.0,"6'1""",175.0,Switzerland,Naters,False,C,11,2,8,10,2.27,0.73,0.18,0.91,26.5,5.3,0,0,3,3,0,0,0,0,0,0,0,0,0,0.0,3,48,25,8.0,13,12,11,7,4,13,5,231,122,109,52.8,1,2,2,4,0,278,130,61,89,13394,2584,606,10204,NJD,Metropolitan,Eastern
2025-2026,20251101,17,STL,30060,Dylan Holloway,ROSTER,24.0,"6'1""",203.0,Canada,"Calgary, AB",True,LW,11,2,3,5,2.0,0.27,0.18,0.45,35.1,10.6,0,0,1,1,0,0,0,0,0,0,0,0,0,0.0,-6,54,22,9.1,7,23,9,34,22,6,1,5,2,3,40.0,2,4,2,4,0,242,155,64,25,12788,3540,1641,7607,STL,Central,Western
2025-2026,20251101,1,TBL,39074,Pontus Holmberg,ROSTER,26.0,"5'10""",175.0,Sweden,Västerås,True,RW,11,1,4,5,1.09,0.36,0.09,0.45,23.4,21.2,0,0,0,0,0,0,0,1,0,0,0,0,0,0.0,4,23,12,8.3,7,4,7,17,18,3,2,34,10,24,29.4,4,8,4,8,0,197,107,63,28,8121,1624,606,5891,TBL,Atlantic,Eastern
2025-2026,20251101,8,NYI,18114,Simon Holmstrom,ROSTER,24.0,"6'0""",193.0,Sweden,Tranas,False,RW,11,3,4,7,1.0,0.36,0.27,0.64,22.1,5.3,1,0,0,0,1,1,2,0,0,0,1,0,1,100.0,-3,25,11,27.3,12,6,8,3,9,9,2,2,1,1,50.0,1,2,2,4,0,218,118,57,47,9437,1386,828,7298,NYI,Metropolitan,Eastern
2025-2026,20251101,142,VGK,30063,Alexander Holtz,ROSTER,23.0,"6'0""",192.0,Sweden,Stockholm,True,RW,6,0,0,0,2.0,0.0,0.0,0.0,6.4,7.9,0,0,0,0,0,0,0,0,0,0,0,0,0,0.0,-1,24,12,0.0,3,5,7,2,6,3,0,2,0,2,0.0,1,4,0,0,0,101,74,26,1,4300,1424,252,2624,VGK,Pacific,Western
2025-2026,20251101,23,CGY,111747,Samuel Honzek,ROSTER,20.0,"6'4""",186.0,Slovakia,Trencin,True,LW,10,1,1,2,1.4,0.1,0.1,0.2,20.9,0.0,0,0,0,0,0,0,0,0,0,0,0,0,0,0.0,-2,24,14,7.1,3,4,6,23,10,4,1,0,0,0,0.0,0,0,3,6,0,191,160,10,22,7306,621,0,6685,CGY,Pacific,Western
2025-2026,20251101,8,NYI,5233,Bo Horvat,ROSTER,30.0,"6'0""",215.0,Canada,"London, ON",False,C,11,7,5,12,3.45,0.45,0.64,1.09,9.1,15.9,2,2,2,4,1,0,1,2,0,0,1,0,0,0.0,5,69,38,18.4,3,15,16,6,11,11,1,215,125,90,58.1,3,6,3,6,0,262,117,86,66,13863,2795,2026,9042,NYI,Metropolitan,Eastern
2025-2026,20251101,24,EDM,56664,Isaac Howard,ROSTER,21.0,"5'10""",180.0,USA,"Hudson, WI",False,LW,11,2,1,3,1.09,0.09,0.18,0.27,2.4,21.2,0,0,0,0,0,0,0,0,0,0,1,1,0,0.0,-1,27,12,16.7,1,7,8,1,7,7,1,0,0,0,0.0,4,8,1,2,0,152,111,12,31,6502,887,66,5549,EDM,Pacific,Western
2025-2026,20251101,142,VGK,14608,Brett Howden,ROSTER,27.0,"6'3""",197.0,Canada,"Calgary, AB",False,C,7,2,0,2,1.0,0.0,0.29,0.29,12.7,10.6,0,0,0,0,0,0,0,0,0,0,0,0,0,0.0,-4,12,7,28.6,1,2,3,16,8,6,2,35,20,15,57.1,2,4,4,8,0,130,65,50,17,5552,1336,673,3614,VGK,Pacific,Western
2025-2026,20251101,21,VAN,15157,Filip Hronek,ROSTER,27.0,"6'0""",183.0,Czech Republic,Hradec Kralove,False,D,12,0,6,6,0.83,0.5,0.0,0.5,46.6,10.6,0,0,2,2,0,0,0,0,0,0,0,0,0,0.0,1,33,10,0.0,18,15,8,24,24,18,7,0,0,0,0.0,2,4,0,0,0,329,146,48,135,17841,1891,721,15228,VAN,Pacific,Western
2025-2026,20251101,27,DAL,142430,Justin Hryckowian,ROSTER,,,,,,False,C,10,0,0,0,0.6,0.0,0.0,0.0,14.4,25.8,0,0,0,0,0,0,0,0,0,0,0,0,0,0.0,-4,13,6,0.0,2,2,5,16,9,2,1,13,6,7,46.2,3,9,4,11,1,130,116,9,5,5568,729,0,4839,DAL,Central,Western
2025-2026,20251101,23,CGY,4987,Jonathan Huberdeau,ROSTER,32.0,"6'1""",202.0,Canada,"Saint-Jerome, QC",False,LW,7,1,3,4,1.57,0.43,0.14,0.57,7.1,10.6,0,1,0,1,0,0,0,0,0,0,0,0,0,0.0,0,28,11,9.1,3,9,8,3,3,8,1,3,1,2,33.3,2,4,5,10,0,176,85,49,43,8393,3013,968,4412,CGY,Pacific,Western
2025-2026,20251101,7,NJD,17125,Jack Hughes,ROSTER,24.0,"5'11""",170.0,USA,"Orlando, FL",False,C,11,9,6,15,3.45,0.55,0.82,1.36,10.7,0.0,3,1,4,5,0,0,0,2,0,1,0,0,0,0.0,1,81,38,23.7,6,27,16,1,8,29,8,95,32,63,33.7,0,0,3,6,0,243,165,37,50,13217,2573,261,10383,NJD,Metropolitan,Eastern
2025-2026,20251101,7,NJD,37969,Luke Hughes,ROSTER,22.0,"6'2""",184.0,USA,"Canton, MI",True,D,11,0,6,6,1.82,0.55,0.0,0.55,19.8,37.2,0,0,1,1,0,0,0,0,0,0,0,0,0,0.0,5,55,20,0.0,9,30,5,7,16,13,2,0,0,0,0.0,7,14,1,2,0,271,190,52,29,13825,2437,717,10671,NJD,Metropolitan,Eastern
2025-2026,20251101,21,VAN,14530,Quinn Hughes,ROSTER,26.0,"5'10""",170.0,USA,"Orlando, FL",False,D,9,1,6,7,2.0,0.67,0.11,0.78,10.7,0.0,0,1,4,5,0,0,0,0,0,0,0,0,0,0.0,-1,62,18,5.6,6,23,21,1,6,12,1,0,0,0,0.0,0,0,2,4,0,207,116,60,32,14378,2932,2681,8765,VAN,Pacific,Western
2025-2026,20251101,14,MTL,56477,Lane Hutson,ROSTER,21.0,"5'8""",158.0,USA,"Chicago, IL",False,D,11,1,9,10,1.27,0.82,0.09,0.91,33.9,0.0,0,0,2,2,0,0,0,1,0,0,0,0,0,0.0,3,36,14,7.1,17,20,2,8,28,15,3,0,0,0,0.0,0,0,2,4,0,256,179,23,55,14873,2619,435,11819,MTL,Atlantic,Eastern
2025-2026,20251101,142,VGK,5825,Ben Hutton,ROSTER,32.0,"6'2""",206.0,Canada,"Prescott, ON",False,D,10,0,3,3,1.5,0.3,0.0,0.3,25.1,15.2,0,0,0,0,0,0,0,0,0,0,0,0,0,0.0,0,33,15,0.0,13,11,7,5,19,13,3,0,0,0,0.0,1,5,2,7,1,212,103,48,61,9267,1819,1242,6206,VGK,Pacific,Western
2025-2026,20251101,2,WPJ,13690,Alex Iafallo,ROSTER,31.0,"6'0""",188.0,USA,"Eden, NY",False,LW,11,2,2,4,1.73,0.18,0.18,0.36,22.3,10.6,0,2,2,4,0,0,0,1,0,0,0,0,0,0.0,-2,32,19,10.5,8,5,8,13,3,4,1,7,5,2,71.4,2,4,2,4,0,213,105,78,32,10411,2301,1730,6380,WPG,,
2025-2026,20251101,26,SJS,34832,Vincent Iorio,ROSTER,22.0,"6'4""",200.0,Canada,"Coquitlam, BC",True,D,6,0,0,0,0.5,0.0,0.0,0.0,12.1,10.6,0,0,0,0,0,0,0,0,0,0,0,0,0,0.0,-3,4,3,0.0,6,1,0,3,5,7,0,0,0,0,0.0,2,4,0,0,0,128,93,5,30,5880,621,36,5223,SJS,Pacific,Western
2025-2026,20251101,1,TBL,56357,Dominic James,ROSTER,23.0,"6'0""",190.0,USA,"Plymouth, MI",True,C,5,0,0,0,1.8,0.0,0.0,0.0,10.5,10.6,0,0,0,0,0,0,0,0,0,0,0,0,0,0.0,-1,16,9,0.0,3,2,5,8,11,3,1,38,15,23,39.5,2,4,0,0,0,85,63,20,2,3702,842,165,2695,TBL,Atlantic,Eastern
2025-2026,20251101,3,CAR,11413,Mark Jankowski,ROSTER,31.0,"6'4""",212.0,Canada,"Hamilton, ON",False,LW,5,0,0,0,0.6,0.0,0.0,0.0,7.4,5.3,0,0,0,0,0,0,0,0,0,0,0,0,0,0.0,0,8,3,0.0,4,1,4,1,8,1,0,41,23,18,56.1,1,2,0,0,0,82,35,23,24,3025,289,185,2551,CAR,Metropolitan,Eastern
2025-2026,20251101,12,TOR,5352,Calle Jarnkrok,ROSTER,34.0,"5'11""",186.0,Sweden,Gavle,False,C,8,3,0,3,1.25,0.0,0.38,0.38,5.4,5.3,1,0,0,0,0,0,0,0,0,0,0,0,0,0.0,-5,11,10,30.0,2,1,0,3,6,3,0,4,4,0,100.0,1,2,0,0,0,129,59,36,37,5402,1317,341,3744,TOR,Atlantic,Eastern
2025-2026,20251101,3,CAR,28144,Seth Jarvis,ROSTER,23.0,"5'10""",175.0,Canada,"Winnipeg, MB",True,C,10,7,4,11,3.5,0.4,0.7,1.1,12.5,5.3,2,1,0,1,1,0,1,4,0,2,1,0,1,100.0,2,54,35,20.0,5,5,14,6,21,8,6,16,7,9,43.8,1,2,1,2,0,232,149,45,46,11815,3062,1034,7923,CAR,Metropolitan,Eastern
2025-2026,20251101,11,BOS,14386,Tanner Jeannot,ROSTER,28.0,"6'2""",207.0,Canada,"Oxbow, SK",False,LW,13,2,3,5,1.15,0.23,0.15,0.38,38.9,31.1,0,0,0,0,0,0,0,0,0,0,0,0,0,0.0,-2,31,15,13.3,13,12,4,25,14,8,0,4,2,2,50.0,4,11,2,7,1,236,113,48,77,10371,1818,267,8286,BOS,Atlantic,Eastern
2025-2026,20251101,19,CBJ,5245,Boone Jenner,ROSTER,32.0,"6'2""",208.0,Canada,"Dorchester, ON",False,C,10,2,4,6,1.9,0.4,0.2,0.6,31.1,36.4,0,1,1,2,0,0,0,1,0,0,0,0,0,0.0,-4,42,19,10.5,10,11,12,21,9,5,2,63,36,27,57.1,5,13,4,11,1,195,99,48,47,10034,3082,1241,5674,CBJ,Metropolitan,Eastern
2025-2026,20251101,13,OTT,11592,Nick Jensen,ROSTER,35.0,"6'1""",196.0,USA,"Rogers, MN",False,D,12,0,3,3,0.92,0.25,0.0,0.25,34.9,15.9,0,0,0,0,0,0,0,0,0,0,0,0,0,0.0,-1,28,11,0.0,16,8,9,12,25,11,2,0,0,0,0.0,3,6,1,2,0,304,151,59,94,13291,2553,873,9865,OTT,Atlantic,Eastern
2025-2026,20251101,25,MIN,53012,David Jiricek,ROSTER,21.0,"6'3""",189.0,Czech Republic,Klatovy,True,D,8,0,0,0,0.75,0.0,0.0,0.0,5.7,10.6,0,0,0,0,0,0,0,0,0,0,0,0,0,0.0,-1,16,6,0.0,3,10,0,1,15,9,1,0,0,0,0.0,2,4,0,0,0,128,89,14,25,6172,602,197,5373,MIN,Central,Western
2025-2026,20251101,16,DET,30079,Albert Johansson,ROSTER,24.0,"6'0""",168.0,Sweden,Karlstad,True,D,12,0,2,2,1.17,0.17,0.0,0.17,34.3,0.0,0,0,0,0,0,0,0,0,0,0,0,0,0,0.0,1,37,14,0.0,16,16,7,11,18,13,4,0,0,0,0.0,0,0,4,8,0,255,158,41,56,10938,1652,397,8846,DET,Atlantic,Eastern
2025-2026,20251101,25,MIN,4882,Marcus Johansson,ROSTER,35.0,"6'1""",205.0,Sweden,Landskrona,False,LW,12,5,4,9,1.75,0.33,0.42,0.75,11.8,5.3,1,3,1,4,0,0,0,0,0,0,0,0,0,0.0,-2,38,21,23.8,5,12,5,5,17,10,3,6,4,2,66.7,1,2,2,4,0,229,103,78,53,11565,2720,1092,7753,MIN,Central,Western
2025-2026,20251101,19,CBJ,37970,Kent Johnson,ROSTER,23.0,"6'1""",168.0,Canada,"Port Moody, BC",True,C,10,2,2,4,1.8,0.2,0.2,0.4,9.0,0.0,0,0,0,0,0,0,0,0,0,0,1,0,1,100.0,-3,39,18,11.1,5,13,8,1,5,10,2,0,0,0,0.0,0,0,0,0,0,179,104,41,35,9232,2067,773,6531,CBJ,Metropolitan,Eastern
2025-2026,20251101,15,BUF,34471,Ryan Johnson,ASSIGNED_TO_MINORS,24.0,"6'0""",170.0,USA,"Newport Beach, CA",True,D,3,0,0,0,0.0,0.0,0.0,0.0,6.4,5.3,0,0,0,0,0,0,0,0,0,0,0,0,0,0.0,0,4,0,0.0,3,2,2,2,6,2,2,0,0,0,0.0,1,2,0,0,0,34,14,7,13,1620,229,107,1284,BUF,Atlantic,Eastern
2025-2026,20251101,29,ANA,9081,Ross Johnston,ROSTER,31.0,"6'5""",235.0,Canada,"Charlottetown, PE",False,LW,9,1,3,4,0.22,0.33,0.11,0.44,21.6,86.5,0,0,0,0,0,0,0,0,0,0,0,0,0,0.0,0,10,2,50.0,3,3,5,24,7,7,0,3,1,2,33.3,7,29,6,27,5,111,56,32,25,4662,1099,111,3455,ANA,Pacific,Western
2025-2026,20251101,27,DAL,34837,Wyatt Johnston,ROSTER,22.0,"6'1""",178.0,Canada,"Toronto, ON",True,C,11,6,4,10,3.18,0.36,0.55,0.91,25.1,10.6,2,2,2,4,0,0,0,1,0,0,0,0,0,0.0,-1,63,35,17.1,13,16,12,5,15,11,1,147,77,70,52.4,2,4,2,4,0,278,197,58,29,14331,4131,480,9720,DAL,Central,Western
2025-2026,20251101,11,BOS,13644,Henri Jokiharju,ROSTER,26.0,"6'0""",195.0,Finland,Oulu,False,D,13,0,3,3,0.77,0.23,0.0,0.23,30.2,10.6,0,0,1,1,0,0,0,0,0,0,0,0,0,0.0,-1,36,10,0.0,14,17,9,10,18,15,0,0,0,0,0.0,2,4,2,4,0,312,182,70,60,14062,3146,1728,9188,BOS,Atlantic,Eastern
2025-2026,20251101,25,MIN,18220,Ben Jones,ROSTER,26.0,"6'0""",187.0,Canada,"Waterloo, ON",False,C,3,0,0,0,0.67,0.0,0.0,0.0,9.5,0.0,0,0,0,0,0,0,0,0,0,0,0,0,0,0.0,-1,4,2,0.0,2,1,1,9,0,0,0,14,10,4,71.4,0,0,0,0,0,31,17,9,5,1453,324,42,1087,MIN,Central,Western
2025-2026,20251101,10,PIT,15433,Caleb Jones,INJURY_LIST,28.0,"6'1""",194.0,USA,"Arlington, TX",False,D,7,0,1,1,0.71,0.14,0.0,0.14,31.9,0.0,0,0,0,0,0,0,0,0,0,0,0,0,0,0.0,1,17,5,0.0,15,6,6,10,14,4,1,0,0,0,0.0,0,0,1,2,0,144,78,22,39,7212,1036,445,5407,PIT,Metropolitan,Eastern
2025-2026,20251101,4,FLO,5243,Seth Jones,ROSTER,31.0,"6'4""",209.0,USA,"Arlington, TX",False,D,11,0,6,6,1.45,0.55,0.0,0.55,27.0,10.6,0,0,3,3,0,0,0,0,0,0,0,0,0,0.0,-4,53,16,0.0,10,17,20,15,16,16,2,0,0,0,0.0,2,4,3,6,0,311,153,67,91,15591,3482,700,11409,FLA,,
2025-2026,20251101,17,STL,15228,Mathieu Joseph,ROSTER,28.0,"6'1""",190.0,Canada,"Chambly, QC",False,RW,11,1,2,3,1.27,0.18,0.09,0.27,23.5,5.3,0,0,0,0,0,0,0,0,0,0,0,0,0,0.0,-2,26,14,7.1,5,2,10,22,9,6,5,4,1,3,25.0,1,2,3,6,0,193,108,40,46,8434,1688,680,6066,STL,Central,Western
2025-2026,20251101,21,VAN,13638,Pierre-Olivier Joseph,ROSTER,26.0,"6'2""",185.0,Canada,"Chambly, QC",True,D,6,0,0,0,1.33,0.0,0.0,0.0,8.7,5.3,0,0,0,0,0,0,0,0,0,0,0,0,0,0.0,-1,16,8,0.0,4,8,0,3,5,1,1,0,0,0,0.0,1,2,1,2,0,109,68,15,26,4452,460,33,3959,VAN,Pacific,Western
2025-2026,20251101,12,TOR,18183,Dakota Joshua,ROSTER,29.0,"6'2""",183.0,USA,"Dearborn, MI",False,C,11,2,1,3,1.18,0.09,0.18,0.27,38.9,5.3,0,0,0,0,0,0,0,0,0,0,0,0,0,0.0,-7,22,13,15.4,8,4,5,37,6,3,4,7,1,6,14.3,1,2,3,6,0,195,115,46,36,7857,1643,1023,5191,TOR,Atlantic,Eastern
2025-2026,20251101,18,NSH,5042,Roman Josi,ROSTER,35.0,"6'1""",201.0,Switzerland,Bern,False,D,8,1,4,5,2.38,0.5,0.12,0.62,27.8,15.9,0,0,2,2,0,0,0,0,0,0,0,0,0,0.0,-4,42,19,5.3,15,19,4,4,19,12,3,0,0,0,0.0,3,6,2,4,0,217,105,39,74,11561,3762,953,6846,NSH,Central,Western
2025-2026,20251101,18,NSH,9636,Tyson Jost,ROSTER,27.0,"5'11""",187.0,Canada,"St. Albert, AB",False,C,10,1,0,1,1.5,0.0,0.1,0.1,18.0,10.6,0,0,0,0,0,0,0,0,0,0,0,0,0,0.0,-3,20,15,6.7,5,5,0,14,10,2,7,17,9,8,52.9,2,4,2,4,0,164,88,32,46,7417,1004,358,6053,NSH,Central,Western
2025-2026,20251101,6,PHI,5621,Noah Juulsen,ROSTER,28.0,"6'2""",193.0,Canada,"Surrey, BC",False,D,10,0,1,1,0.6,0.1,0.0,0.1,25.7,0.0,0,0,0,0,0,0,0,0,0,0,0,0,0,0.0,-1,14,6,0.0,8,5,3,18,23,8,2,0,0,0,0.0,0,0,2,4,0,189,95,22,72,8018,976,388,6654,PHI,Metropolitan,Eastern
2025-2026,20251101,23,CGY,4766,Nazem Kadri,ROSTER,35.0,"6'0""",192.0,Canada,"London, ON",False,C,12,3,6,9,3.0,0.5,0.25,0.75,12.9,21.2,1,1,3,4,0,0,0,0,0,0,1,0,1,100.0,-7,75,36,8.3,4,24,15,9,13,16,4,141,62,79,44.0,4,8,6,12,0,278,141,74,67,14866,5705,1324,8071,CGY,Pacific,Western
2025-2026,20251101,20,CHI,56352,Wyatt Kaiser,ROSTER,23.0,"6'0""",173.0,USA,"Ham Lake, MN",False,D,11,0,2,2,0.82,0.18,0.0,0.18,18.3,21.2,0,0,0,0,0,0,0,0,0,0,0,0,0,0.0,4,33,9,0.0,6,12,12,12,24,10,7,0,0,0,0.0,4,8,4,8,0,274,154,30,90,12947,1297,254,11396,CHI,Central,Western
2025-2026,20251101,13,OTT,28484,Arthur Kaliyev,ASSIGNED_TO_MINORS,24.0,"6'2""",190.0,USA,"Tashkent, Uzbekistan",True,RW,2,0,1,1,2.0,0.5,0.0,0.5,0.0,0.0,0,0,1,1,0,0,0,0,0,0,0,0,0,0.0,0,8,4,0.0,0,3,1,0,0,2,0,0,0,0,0.0,0,0,0,0,0,28,14,9,5,1273,251,119,903,OTT,Atlantic,Eastern
2025-2026,20251101,21,VAN,4656,Evander Kane,ROSTER,34.0,"6'2""",210.0,Canada,"Vancouver, BC",False,LW,12,0,5,5,2.25,0.42,0.0,0.42,32.6,37.2,0,0,1,1,0,0,0,0,0,0,0,0,0,0.0,-4,65,27,0.0,8,20,18,28,11,12,3,11,3,8,27.3,7,14,8,16,0,242,105,68,69,12525,2888,1496,8141,VAN,Pacific,Western
2025-2026,20251101,16,DET,4265,Patrick Kane,ROSTER,36.0,"5'10""",177.0,USA,"Buffalo, NY",False,RW,5,2,3,5,1.8,0.6,0.4,1.0,3.0,0.0,0,1,2,3,0,0,0,1,0,0,0,0,0,0.0,-2,16,9,22.2,1,2,5,2,2,7,0,0,0,0,0.0,0,0,1,2,0,99,48,30,23,5171,1782,700,2689,DET,Atlantic,Eastern
2025-2026,20251101,24,EDM,5428,Kasperi Kapanen,ROSTER,29.0,"6'1""",194.0,Finland,Kuopio,False,RW,6,0,2,2,0.67,0.33,0.0,0.33,17.7,0.0,0,0,0,0,0,0,0,0,0,0,1,1,0,0.0,-2,10,4,0.0,4,5,1,16,6,4,1,1,0,1,0.0,0,0,0,0,0,92,50,26,16,4423,1059,447,2917,EDM,Pacific,Western
2025-2026,20251101,14,MTL,37995,Oliver Kapanen,ROSTER,22.0,"6'1""",182.0,Sweden,"Sundsvall, Sweden",True,C,11,4,3,7,1.36,0.27,0.36,0.64,15.5,5.3,1,0,0,0,1,0,1,1,0,0,0,0,0,0.0,1,23,15,26.7,6,4,4,8,9,3,2,51,26,25,51.0,1,2,1,2,0,176,100,20,60,8182,594,57,7531,MTL,Atlantic,Eastern
2025-2026,20251101,25,MIN,5730,Kirill Kaprizov,ROSTER,28.0,"5'10""",192.0,Russia,Novokuznetsk,False,LW,12,7,9,16,3.42,0.75,0.58,1.33,8.0,0.0,2,4,4,8,0,0,0,0,0,0,1,0,0,0.0,-5,84,41,17.1,4,19,24,2,3,19,1,0,0,0,0.0,0,0,3,6,0,246,120,89,43,16223,3744,1234,11245,MIN,Central,Western
2025-2026,20251101,10,PIT,4660,Erik Karlsson,ROSTER,35.0,"6'0""",190.0,Sweden,Landsbro,False,D,12,0,9,9,1.67,0.75,0.0,0.75,21.7,10.6,0,0,1,1,0,0,0,0,0,0,0,0,0,0.0,8,61,20,0.0,13,27,16,0,18,21,6,0,0,0,0.0,2,4,1,2,0,293,139,81,64,16168,3328,1888,10501,PIT,Metropolitan,Eastern
2025-2026,20251101,21,VAN,39290,Linus Karlsson,ROSTER,25.0,"6'1""",178.0,Sweden,Eksjö,True,C,9,0,2,2,0.78,0.22,0.0,0.22,11.6,5.3,0,0,0,0,0,0,0,0,0,0,0,0,0,0.0,1,21,7,0.0,2,4,10,12,8,5,1,9,2,7,22.2,1,2,1,2,0,128,73,25,30,5351,661,267,4423,VAN,Pacific,Western
2025-2026,20251101,142,VGK,5459,William Karlsson,ROSTER,32.0,"6'0""",195.0,Sweden,Märsta,False,C,11,4,2,6,2.0,0.18,0.36,0.55,20.7,10.6,1,1,0,1,1,0,1,1,0,0,0,0,0,0.0,-2,37,22,18.2,12,10,5,1,14,11,2,124,67,57,54.0,2,4,1,2,0,225,108,77,45,10331,2783,1562,5974,VGK,Pacific,Western
2025-2026,20251101,143,SEA,37962,Tye Kartye,ROSTER,24.0,"5'11""",202.0,Canada,"Kingston, ON",True,LW,10,1,1,2,0.6,0.1,0.1,0.2,26.7,0.0,0,0,0,0,0,0,0,0,0,0,0,0,0,0.0,-1,20,6,16.7,4,7,7,29,19,9,2,1,0,1,0.0,0,0,0,0,0,173,96,25,53,7092,707,190,6195,SEA,Pacific,Western
2025-2026,20251101,16,DET,43336,Marco Kasper,ROSTER,21.0,"6'1""",187.0,Austria,Innsbruck,True,C,12,3,0,3,1.67,0.0,0.25,0.25,37.8,15.9,1,1,0,1,0,0,0,0,0,0,0,0,0,0.0,-5,33,20,15.0,9,3,10,33,18,12,2,116,58,58,50.0,3,6,1,2,0,242,179,28,38,11276,1691,68,9517,DET,Atlantic,Eastern
2025-2026,20251101,11,BOS,13659,Mark Kastelic,ROSTER,26.0,"6'4""",223.0,USA,"Phoenix, AZ",False,C,13,3,1,4,1.23,0.08,0.23,0.31,47.2,25.8,1,0,0,0,0,0,0,1,0,0,0,0,0,0.0,3,35,16,18.8,18,6,13,25,11,8,6,82,49,33,59.8,3,9,8,19,1,237,119,72,49,9549,1508,1224,6817,BOS,Atlantic,Eastern
2025-2026,20251101,30,UTA,9633,Clayton Keller,ROSTER,27.0,"5'10""",170.0,USA,"Chesterfield, MO",False,RW,11,4,8,12,2.36,0.73,0.36,1.09,9.0,10.6,1,0,5,5,0,0,0,1,0,0,0,0,0,0.0,6,42,26,15.4,5,6,10,1,14,18,1,1,1,0,100.0,2,4,3,6,0,256,145,50,65,12674,2136,704,9834,UTA,Central,Western
2025-2026,20251101,22,COL,15189,Parker Kelly,ROSTER,26.0,"6'0""",188.0,Canada,"Camrose, AB",False,C,12,2,2,4,1.08,0.17,0.17,0.33,36.0,15.9,0,0,0,0,0,0,0,1,0,0,0,0,0,0.0,2,27,13,15.4,10,10,4,28,11,6,1,39,16,23,41.0,3,6,2,4,0,197,90,36,73,8239,1016,522,6701,COL,Central,Western
2025-2026,20251101,18,NSH,43362,Joakim Kemell,ASSIGNED_TO_MINORS,21.0,"5'10""",185.0,Finland,Jyväskylän mlk,True,RW,2,0,0,0,0.5,0.0,0.0,0.0,4.4,0.0,0,0,0,0,0,0,0,0,0,0,0,0,0,0.0,0,5,1,0.0,1,3,1,4,1,0,0,1,0,1,0.0,0,0,0,0,0,28,18,10,0,1328,512,60,756,NSH,Central,Western
2025-2026,20251101,28,LAK,11731,Adrian Kempe,ROSTER,29.0,"6'2""",201.0,Sweden,Kramfors,False,RW,12,5,10,15,3.33,0.83,0.42,1.25,34.7,31.8,1,1,3,4,0,0,0,2,0,2,4,0,2,50.0,4,84,40,12.5,8,28,16,31,9,14,6,25,9,16,36.0,6,12,1,2,0,268,146,69,60,14354,3488,1369,9882,LAK,Pacific,Western
2025-2026,20251101,17,STL,38651,Matthew Kessel,ROSTER,25.0,"6'2""",205.0,USA,"Phoenix, AZ",True,D,3,0,0,0,0.33,0.0,0.0,0.0,1.7,5.3,0,0,0,0,0,0,0,0,0,0,0,0,0,0.0,1,3,1,0.0,1,1,1,0,1,1,0,0,0,0,0.0,1,2,1,2,0,36,29,5,2,1599,147,0,1452,STL,Central,Western
2025-2026,20251101,15,BUF,34838,Michael Kesselring,ROSTER,25.0,"6'4""",190.0,USA,"New Hampton, NH",True,D,2,0,0,0,2.0,0.0,0.0,0.0,4.7,5.3,0,0,0,0,0,0,0,0,0,0,0,0,0,0.0,0,12,4,0.0,2,3,5,2,2,4,1,0,0,0,0.0,1,2,0,0,0,44,29,2,13,1968,85,37,1846,BUF,Atlantic,Eastern
2025-2026,20251101,11,BOS,38009,Marat Khusnutdinov,ROSTER,23.0,"5'11""",176.0,Russia,Moskva,True,C,8,1,1,2,1.25,0.12,0.12,0.25,4.7,10.6,0,0,0,0,0,0,0,1,0,1,0,0,0,0.0,0,13,10,10.0,2,1,2,2,2,1,3,7,4,3,57.1,2,4,2,4,0,130,89,34,8,5516,1274,339,3903,BOS,Atlantic,Eastern
2025-2026,20251101,29,ANA,5165,Alex Killorn,ROSTER,36.0,"6'1""",197.0,Canada,"Halifax, NS",False,LW,10,1,1,2,1.9,0.1,0.1,0.2,12.2,0.0,0,0,0,0,0,0,0,0,0,0,0,0,0,0.0,0,32,19,5.3,4,7,6,8,8,8,2,24,8,16,33.3,0,0,2,4,0,224,120,54,50,9803,2974,781,5986,ANA,Pacific,Western
2025-2026,20251101,10,PIT,167594,Benjamin Kindel,ROSTER,18.0,"5'11""",181.0,Canada,"Coquitlam, BC",True,C,10,3,0,3,1.7,0.0,0.3,0.3,15.4,10.6,1,1,0,1,0,0,0,0,0,0,0,0,0,0.0,-1,31,17,17.6,8,6,8,3,13,8,0,76,35,41,46.1,2,4,2,4,0,172,143,22,4,7921,1204,167,6190,PIT,Metropolitan,Eastern
2025-2026,20251101,23,CGY,12019,Justin Kirkland,ROSTER,29.0,"6'3""",193.0,Canada,"Winnipeg, MB",False,C,8,0,1,1,0.62,0.12,0.0,0.12,11.6,0.0,0,0,0,0,0,0,0,0,0,0,2,1,0,0.0,-1,13,5,0.0,2,3,5,12,7,3,0,58,33,25,56.9,0,0,0,0,0,119,64,20,35,4473,634,275,3564,CGY,Pacific,Western
2025-2026,20251101,22,COL,17372,Joel Kiviranta,ROSTER,29.0,"5'10""",175.0,Finland,Vantaa,False,LW,5,0,0,0,0.6,0.0,0.0,0.0,9.5,0.0,0,0,0,0,0,0,0,0,0,0,0,0,0,0.0,1,5,3,0.0,2,2,0,9,8,4,0,2,2,0,100.0,0,0,1,4,0,80,49,14,17,3233,679,137,2417,COL,Central,Western
2025-2026,20251101,23,CGY,39261,Adam Klapka,ROSTER,25.0,"6'8""",245.0,Czech Republic,Praha,True,RW,11,1,2,3,1.09,0.18,0.09,0.27,33.2,77.4,0,0,1,1,0,0,0,0,0,0,0,0,0,0.0,0,32,12,8.3,5,9,11,36,10,2,1,7,1,6,14.3,9,27,4,17,3,160,135,19,7,6729,1065,71,5593,CGY,Pacific,Western
2025-2026,20251101,13,OTT,38006,Tyler Kleven,ROSTER,23.0,"6'4""",200.0,USA,"Fargo, ND",True,D,10,0,0,0,1.1,0.0,0.0,0.0,44.4,10.6,0,0,0,0,0,0,0,0,0,0,0,0,0,0.0,-4,25,11,0.0,20,7,7,16,23,14,3,0,0,0,0.0,2,4,1,2,0,225,140,42,43,9365,1134,385,7846,OTT,Atlantic,Eastern
2025-2026,20251101,26,SJS,5484,John Klingberg,ROSTER,33.0,"6'3""",185.0,Sweden,Gothenburg,False,D,5,1,1,2,1.8,0.2,0.2,0.4,18.9,5.3,0,1,1,2,0,0,0,0,0,0,0,0,0,0.0,-3,16,9,11.1,8,5,2,8,10,7,0,0,0,0,0.0,1,2,0,0,0,113,56,36,22,6299,2087,246,3966,SJS,Pacific,Western
2025-2026,20251101,12,TOR,37990,Matthew Knies,ROSTER,23.0,"6'3""",205.0,USA,"Phoenix, AZ",True,LW,11,4,10,14,2.55,0.91,0.36,1.27,31.3,21.2,1,2,0,2,0,0,0,0,0,0,0,0,0,0.0,0,43,28,14.3,8,11,4,26,7,10,4,0,0,0,0.0,4,8,3,6,0,253,192,41,25,13333,2999,1008,9328,TOR,Atlantic,Eastern
2025-2026,20251101,2,WPJ,30052,Cole Koepke,ROSTER,27.0,"6'1""",195.0,USA,"Two Harbors, MN",True,LW,11,0,1,1,0.73,0.09,0.0,0.09,25.7,20.9,0,0,0,0,0,0,0,0,0,0,0,0,0,0.0,-4,16,8,0.0,3,1,7,30,6,3,3,0,0,0,0.0,2,12,2,4,0,165,102,49,14,6619,1156,781,4682,WPG,,
2025-2026,20251101,10,PIT,32282,Ville Koivunen,ROSTER,22.0,"5'11""",161.0,Finland,Oulu,True,RW,5,0,0,0,0.6,0.0,0.0,0.0,5.7,0.0,0,0,0,0,0,0,0,0,0,0,1,0,0,0.0,-2,5,3,0.0,3,2,1,1,4,3,1,0,0,0,0.0,0,0,0,0,0,82,47,10,18,3726,477,135,2751,PIT,Metropolitan,Eastern
2025-2026,20251101,142,VGK,17370,Keegan Kolesar,ROSTER,28.0,"6'2""",216.0,Canada,"Winnipeg, MB",True,RW,11,0,2,2,0.73,0.18,0.0,0.18,39.0,20.5,0,0,0,0,0,0,0,0,0,0,0,0,0,0.0,-2,14,8,0.0,11,3,3,30,15,4,1,2,1,1,50.0,2,7,1,5,1,181,88,46,48,7294,1540,514,5228,VGK,Pacific,Western
2025-2026,20251101,6,PHI,5619,Travis Konecny,ROSTER,28.0,"5'10""",175.0,Canada,"London, ON",False,RW,10,3,3,6,2.3,0.3,0.3,0.6,23.7,20.5,1,0,1,1,1,0,1,1,0,0,1,0,0,0.0,1,38,23,13.0,8,7,8,15,6,18,5,11,3,8,27.3,2,7,4,11,1,237,117,49,74,11185,1473,627,9085,PHI,Metropolitan,Eastern
2025-2026,20251101,28,LAK,4033,Anze Kopitar,ROSTER,38.0,"6'3""",225.0,Slovenia,Jesenice,False,C,8,0,5,5,1.62,0.62,0.0,0.62,21.2,5.3,0,0,3,3,0,0,0,0,0,0,0,0,0,0.0,6,30,13,0.0,9,5,12,9,8,13,3,147,80,67,54.4,1,2,2,4,0,172,81,42,49,9345,3180,800,5365,LAK,Pacific,Western
2025-2026,20251101,142,VGK,17144,Kaedan Korczak,ROSTER,24.0,"6'3""",192.0,Canada,"Yorkton, SK",True,D,11,1,1,2,1.18,0.09,0.09,0.18,46.8,21.2,0,0,0,0,0,0,0,0,0,0,0,0,0,0.0,3,30,13,7.7,19,11,6,22,26,10,1,0,0,0,0.0,4,8,1,2,0,250,155,70,26,11054,1941,1000,8113,VGK,Pacific,Western
2025-2026,20251101,3,CAR,14526,Jesperi Kotkaniemi,ROSTER,25.0,"6'2""",198.0,Finland,Pori,False,C,8,1,2,3,0.88,0.25,0.12,0.38,18.6,0.0,0,0,0,0,0,0,0,0,0,0,0,0,0,0.0,2,12,7,14.3,7,2,3,10,9,5,2,70,32,38,45.7,0,0,1,2,0,118,59,33,27,4895,323,450,4122,CAR,Metropolitan,Eastern
2025-2026,20251101,15,BUF,34472,Tyson Kozak,ROSTER,22.0,"5'11""",173.0,Canada,"Souris, MB",True,C,7,2,0,2,0.71,0.0,0.29,0.29,19.8,0.0,0,0,0,0,0,0,0,0,0,0,0,0,0,0.0,2,8,5,40.0,4,2,1,19,6,2,2,62,28,34,45.2,0,0,2,4,0,98,64,16,20,4145,759,84,3302,BUF,Atlantic,Eastern
2025-2026,20251101,15,BUF,17149,Peyton Krebs,ROSTER,24.0,"5'11""",180.0,Canada,"Okotoks, AB",True,C,11,0,3,3,1.09,0.27,0.0,0.27,25.6,33.7,0,0,0,0,0,0,0,0,0,0,0,0,0,0.0,-3,18,12,0.0,5,3,3,25,15,5,4,71,32,39,45.1,4,13,6,15,1,208,126,33,49,8506,913,342,7251,BUF,Atlantic,Eastern
2025-2026,20251101,29,ANA,5104,Chris Kreider,ROSTER,34.0,"6'3""",217.0,USA,"Boxford, MA",False,LW,6,5,1,6,2.83,0.17,0.83,1.0,5.1,15.9,1,4,0,4,0,0,0,1,0,0,0,0,0,0.0,0,30,17,29.4,1,4,9,5,3,7,0,0,0,0,0.0,3,6,1,2,0,129,76,28,30,6041,1877,265,3899,ANA,Pacific,Western
2025-2026,20251101,1,TBL,5300,Nikita Kucherov,ROSTER,32.0,"5'11""",180.0,Russia,Moscow,False,RW,9,4,6,10,3.11,0.67,0.44,1.11,6.4,5.3,1,1,2,3,0,0,0,1,0,1,0,0,0,0.0,-6,80,28,14.3,3,29,23,2,5,15,3,0,0,0,0.0,1,2,4,8,0,203,110,64,33,11360,4018,1397,5946,TBL,Atlantic,Eastern
2025-2026,20251101,24,EDM,5554,Brett Kulak,ROSTER,31.0,"6'2""",197.0,Canada,"Stony Plain, AB",False,D,12,0,2,2,1.08,0.17,0.0,0.17,19.7,5.3,0,0,0,0,0,0,0,0,0,0,0,0,0,0.0,4,30,13,0.0,11,13,4,2,11,11,2,0,0,0,0.0,1,2,0,0,0,260,153,36,71,13483,2387,1054,10042,EDM,Pacific,Western
2025-2026,20251101,15,BUF,43367,Jiri Kulich,ROSTER,21.0,"5'11""",178.0,Czech Republic,Kadan,True,C,11,3,2,5,1.73,0.18,0.27,0.45,25.5,10.6,1,0,0,0,0,0,0,0,0,0,0,0,0,0.0,-4,39,19,15.8,12,12,8,8,8,9,1,161,66,95,41.0,2,4,4,8,0,258,174,40,47,11103,2055,126,8922,BUF,Atlantic,Eastern
2025-2026,20251101,4,FLO,4706,Dmitry Kulikov,INJURY_LIST,35.0,"6'1""",199.0,Russia,Lipetsk,False,D,2,0,0,0,0.5,0.0,0.0,0.0,0.7,0.0,0,0,0,0,0,0,0,0,0,0,0,0,0,0.0,-1,1,1,0.0,0,0,0,1,0,2,0,0,0,0,0.0,0,0,0,0,0,34,18,7,9,1293,463,134,696,FLA,,
2025-2026,20251101,4,FLO,9641,Luke Kunin,ROSTER,27.0,"6'0""",197.0,USA,"Chesterfield, MO",False,C,10,0,1,1,0.5,0.1,0.0,0.1,31.0,10.6,0,0,0,0,0,0,0,0,0,0,0,0,0,0.0,0,11,5,0.0,12,3,3,16,12,6,1,102,47,55,46.1,2,4,1,2,0,145,73,44,28,6285,909,852,4524,FLA,,
2025-2026,20251101,11,BOS,5568,Sean Kuraly,ROSTER,32.0,"6'2""",213.0,USA,"Dublin, OH",False,C,13,1,3,4,1.54,0.23,0.08,0.31,24.0,15.9,0,0,0,0,0,0,0,0,0,0,0,0,0,0.0,3,40,20,5.0,9,12,8,13,11,15,4,134,62,72,46.3,3,6,2,4,0,255,117,49,90,10969,2994,553,7422,BOS,Atlantic,Eastern
2025-2026,20251101,26,SJS,17991,Philipp Kurashev,ROSTER,26.0,"6'0""",190.0,Switzerland,Münsingen,False,C,9,3,3,6,1.89,0.33,0.33,0.67,13.9,0.0,1,0,0,0,0,0,0,0,0,0,0,0,0,0.0,4,29,17,17.6,5,8,4,8,11,8,4,13,8,5,61.5,0,0,1,2,0,192,98,51,46,9639,1301,656,7682,SJS,Pacific,Western
2025-2026,20251101,28,LAK,39780,Andrei Kuzmenko,ROSTER,29.0,"5'11""",194.0,Russia,Yakutsk,True,LW,12,2,4,6,1.33,0.33,0.17,0.5,17.3,5.3,0,2,1,3,0,0,0,0,0,0,2,0,0,0.0,3,37,16,12.5,5,10,11,13,11,18,2,0,0,0,0.0,1,2,4,8,0,200,175,24,3,11497,2031,349,9117,LAK,Pacific,Western
2025-2026,20251101,17,STL,13677,Jordan Kyrou,ROSTER,27.0,"6'0""",175.0,Canada,"Toronto, ON",False,RW,11,4,4,8,2.27,0.36,0.36,0.73,11.4,0.0,1,1,2,3,0,0,0,0,0,0,1,0,0,0.0,-7,56,25,16.0,6,18,13,2,9,3,5,1,0,1,0.0,0,0,1,2,0,239,126,69,48,11868,2293,805,8770,STL,Central,Western
2025-2026,20251101,9,NYR,56552,Noah Laba,ROSTER,22.0,"6'1""",181.0,USA,"Northville, MI",False,C,12,1,2,3,0.92,0.17,0.08,0.25,23.6,5.3,0,0,1,1,0,0,0,0,0,0,0,0,0,0.0,2,19,11,9.1,10,3,5,10,14,4,2,71,37,34,52.1,1,2,2,4,0,198,147,27,21,8216,1429,185,6273,NYR,Metropolitan,Eastern
2025-2026,20251101,21,VAN,11363,Joseph Labate,ASSIGNED_TO_MINORS,32.0,"6'3""",213.0,USA,"Eagan, MN",True,C,1,0,0,0,2.0,0.0,0.0,0.0,7.5,0.0,0,0,0,0,0,0,0,0,0,0,0,0,0,0.0,-1,3,2,0.0,2,0,1,6,1,0,0,2,1,1,50.0,0,0,0,0,0,16,11,1,4,572,139,0,433,VAN,Pacific,Western
2025-2026,20251101,29,ANA,38017,Jackson LaCombe,ROSTER,24.0,"6'2""",201.0,USA,"Eden Prairie, MN",True,D,10,0,3,3,1.9,0.3,0.0,0.3,42.9,5.3,0,0,1,1,0,0,0,0,0,0,0,0,0,0.0,0,57,19,0.0,22,23,15,9,20,18,3,0,0,0,0.0,1,2,2,4,0,279,146,52,82,15355,2336,695,12323,ANA,Pacific,Western
2025-2026,20251101,28,LAK,56457,Alex Laferriere,ROSTER,24.0,"6'0""",173.0,USA,"Chatham, New Jersey",False,RW,12,3,2,5,2.17,0.17,0.25,0.42,34.3,10.6,1,0,0,0,1,0,1,0,0,0,0,0,0,0.0,-3,49,26,11.5,9,11,12,28,19,13,2,54,20,34,37.0,2,4,2,4,0,253,153,39,64,11324,1070,678,9576,LAK,Pacific,Western
2025-2026,20251101,20,CHI,17188,Sam Lafferty,ROSTER,30.0,"6'1""",195.0,USA,"Hollidaysburg, PA",True,C,3,0,0,0,0.0,0.0,0.0,0.0,3.4,10.6,0,0,0,0,0,0,0,0,0,0,0,0,0,0.0,0,1,0,0.0,0,1,0,5,0,1,0,2,0,2,0.0,2,4,0,0,0,38,16,16,6,1401,145,398,858,CHI,Central,Western
2025-2026,20251101,9,NYR,19048,Alexis Lafrenière,ROSTER,24.0,"6'1""",193.0,Canada,"St-Eustache, QC",True,LW,12,1,4,5,2.5,0.33,0.08,0.42,26.4,10.6,0,0,1,1,0,0,0,1,0,0,0,0,0,0.0,-8,50,30,3.3,8,10,13,19,17,4,3,5,1,4,20.0,2,4,0,0,0,267,190,67,4,13028,3240,705,8774,NYR,Metropolitan,Eastern
2025-2026,20251101,14,MTL,9628,Patrik Laine,ROSTER,27.0,"6'5""",206.0,Finland,Tampere,False,LW,5,0,1,1,1.2,0.2,0.0,0.2,1.4,5.3,0,0,0,0,0,0,0,0,0,0,0,0,0,0.0,-3,20,6,0.0,0,8,6,2,2,2,0,3,2,1,66.7,1,2,1,2,0,73,46,19,8,3782,716,426,2640,MTL,Atlantic,Eastern
2025-2026,20251101,2,WPJ,53331,Brad Lambert,ROSTER,21.0,"6'1""",183.0,Finland,Lahti,True,C,2,0,0,0,1.0,0.0,0.0,0.0,1.7,0.0,0,0,0,0,0,0,0,0,0,0,0,0,0,0.0,-2,5,2,0.0,1,2,1,0,3,2,0,1,0,1,0.0,0,0,0,0,0,24,20,3,1,1077,141,94,842,WPG,,
2025-2026,20251101,7,NJD,15266,Juho Lammikko,ROSTER,29.0,"6'2""",207.0,Finland,Noormarkku,False,C,2,0,0,0,1.0,0.0,0.0,0.0,3.4,0.0,0,0,0,0,0,0,0,0,0,0,0,0,0,0.0,-1,3,2,0.0,0,0,1,5,0,1,0,21,14,7,66.7,0,0,0,0,0,34,19,8,7,1436,269,26,1141,NJD,Metropolitan,Eastern
2025-2026,20251101,22,COL,4986,Gabriel Landeskog,ROSTER,32.0,"6'1""",215.0,Sweden,Stockholm,False,LW,12,0,3,3,1.42,0.25,0.0,0.25,18.1,15.9,0,0,0,0,0,0,0,0,0,0,0,0,0,0.0,-1,35,17,0.0,3,12,6,19,12,7,5,18,12,6,66.7,3,6,3,6,0,229,120,80,29,10231,2471,1856,5904,COL,Central,Western
2025-2026,20251101,5,WSH,28519,Hendrix Lapierre,ROSTER,23.0,"6'0""",179.0,Canada,"Gatineau, QC",True,C,10,0,2,2,1.1,0.2,0.0,0.2,10.9,10.6,0,0,0,0,0,0,0,0,0,0,0,0,0,0.0,0,24,11,0.0,2,4,9,11,7,5,0,39,18,21,46.2,2,4,1,2,0,141,96,27,16,6520,1288,488,4646,WSH,Metropolitan,Eastern
2025-2026,20251101,16,DET,5829,Dylan Larkin,ROSTER,29.0,"6'1""",198.0,USA,"Waterford, MI",False,C,12,8,9,17,2.75,0.75,0.67,1.42,13.4,21.2,2,3,2,5,0,0,0,3,0,1,0,0,0,0.0,8,70,33,24.2,6,12,25,5,8,12,1,238,134,104,56.3,4,8,6,12,0,296,142,51,111,14630,2902,475,11210,DET,Atlantic,Eastern
2025-2026,20251101,143,SEA,4989,Adam Larsson,ROSTER,32.0,"6'3""",208.0,Sweden,Skelleftea,False,D,10,0,2,2,1.0,0.2,0.0,0.2,47.7,15.9,0,0,0,0,0,0,0,0,0,0,0,0,0,0.0,-4,21,10,0.0,22,10,1,16,9,6,2,0,0,0,0.0,3,6,0,0,0,265,150,43,72,13313,2058,730,10525,SEA,Pacific,Western
2025-2026,20251101,142,VGK,15369,Jeremy Lauzon,ROSTER,28.0,"6'1""",204.0,Canada,"Val-dOr, QC",False,D,11,0,2,2,0.64,0.18,0.0,0.18,54.9,47.0,0,0,0,0,0,0,0,0,0,0,0,0,0,0.0,1,27,7,0.0,16,11,9,41,25,7,1,0,0,0,0.0,7,17,4,14,1,265,139,51,76,11412,2360,544,8496,VGK,Pacific,Western
2025-2026,20251101,24,EDM,5454,Curtis Lazar,ROSTER,30.0,"6'0""",211.0,Canada,"Salmon Arm, BC",False,C,2,1,0,1,0.5,0.0,0.5,0.5,6.1,0.0,0,0,0,0,0,0,0,0,0,0,0,0,0,0.0,0,4,1,100.0,2,1,2,4,4,0,0,9,5,4,55.6,0,0,0,0,0,33,19,8,7,1408,357,60,991,EDM,Pacific,Western
2025-2026,20251101,26,SJS,4834,Nick Leddy,ROSTER,34.0,"6'0""",207.0,USA,"Eden Prairie, MN",False,D,7,0,2,2,0.14,0.29,0.0,0.29,18.0,10.6,0,0,0,0,0,0,0,0,0,0,0,0,0,0.0,-4,4,1,0.0,10,2,1,2,3,4,4,0,0,0,0.0,2,4,0,0,0,149,78,26,45,7223,1710,161,5352,SJS,Pacific,Western
2025-2026,20251101,8,NYI,5199,Anders Lee,ROSTER,35.0,"6'3""",231.0,USA,"Edina, MN",False,LW,11,2,6,8,2.91,0.55,0.18,0.73,20.2,21.2,0,0,1,1,0,0,0,1,0,0,0,0,0,0.0,-1,54,32,6.2,8,6,16,10,16,5,3,15,11,4,73.3,4,8,4,8,0,213,116,54,45,9979,2374,619,6986,NYI,Metropolitan,Eastern
2025-2026,20251101,3,CAR,142373,Charles-Alexis Legault,ROSTER,22.0,"6'3""",208.0,Canada,"Montreal, QB",True,D,4,0,0,0,1.5,0.0,0.0,0.0,9.4,10.6,0,0,0,0,0,0,0,0,0,0,0,0,0,0.0,2,12,6,0.0,4,4,2,4,7,5,0,0,0,0,0.0,2,4,0,0,0,78,68,2,8,3079,535,11,2533,CAR,Metropolitan,Eastern
2025-2026,20251101,22,COL,10064,Artturi Lehkonen,ROSTER,30.0,"6'0""",180.0,Finland,Piikkiö,False,LW,12,4,7,11,2.58,0.58,0.33,0.92,24.1,0.0,1,0,0,0,0,0,0,0,0,0,1,0,0,0.0,11,54,31,12.9,12,10,13,6,13,11,1,1,0,1,0.0,0,0,2,4,0,287,145,76,69,13965,3307,1326,9332,COL,Central,Western
2025-2026,20251101,21,VAN,56699,Jonathan Lekkerimäki,INJURY_LIST,21.0,"5'10""",165.0,Sweden,Huddinge,False,RW,4,1,0,1,0.75,0.0,0.25,0.25,6.8,0.0,0,0,0,0,0,0,0,0,0,0,0,0,0,0.0,0,7,3,33.3,2,2,2,5,5,3,0,0,0,0,0.0,0,0,2,4,0,48,39,4,6,2376,312,0,2064,VAN,Pacific,Western
2025-2026,20251101,5,WSH,142776,Ryan Leonard,ROSTER,,,,,,False,RW,11,3,2,5,1.73,0.18,0.27,0.45,16.0,5.3,1,1,0,1,0,0,0,2,0,0,0,0,0,0.0,3,48,19,15.8,3,17,12,16,16,17,3,5,3,2,60.0,1,2,4,8,0,179,153,21,4,8498,1311,138,6890,WSH,Metropolitan,Eastern
2025-2026,20251101,10,PIT,4030,Kris Letang,ROSTER,38.0,"6'0""",201.0,Canada,"Montreal, QC",False,D,12,1,5,6,1.42,0.42,0.08,0.5,42.7,7.9,0,1,2,3,0,0,0,0,0,0,0,0,0,0.0,8,41,17,5.9,19,16,8,16,19,18,2,0,0,0,0.0,1,4,1,2,0,282,126,61,86,15364,3603,929,10296,PIT,Metropolitan,Eastern
2025-2026,20251101,20,CHI,142389,Artyom Levshunov,ROSTER,,,,,,False,D,10,0,4,4,0.9,0.4,0.0,0.4,14.9,26.5,0,0,1,1,0,0,0,0,0,0,0,0,0,0.0,4,17,9,0.0,4,5,3,12,12,12,1,0,0,0,0.0,5,10,1,2,0,179,150,23,6,8881,1208,89,7584,CHI,Central,Western
2025-2026,20251101,26,SJS,15133,Timothy Liljegren,ROSTER,26.0,"6'0""",190.0,Sweden,Kristianstad,False,D,8,0,3,3,1.0,0.38,0.0,0.38,36.9,15.9,0,0,0,0,0,0,0,0,0,0,0,0,0,0.0,0,24,8,0.0,18,10,6,10,13,11,0,0,0,0,0.0,3,6,1,2,0,213,114,38,61,10967,1324,393,9250,SJS,Pacific,Western
2025-2026,20251101,27,DAL,5910,Esa Lindell,ROSTER,31.0,"6'3""",215.0,Finland,Helsinki,False,D,11,1,3,4,0.91,0.27,0.09,0.36,44.3,5.3,0,0,0,0,0,0,0,0,0,0,0,0,0,0.0,4,20,10,10.0,22,7,3,11,19,14,5,0,0,0,0.0,1,2,1,2,0,262,133,56,74,14894,3063,1019,10812,DAL,Central,Western
2025-2026,20251101,143,SEA,14122,Ryan Lindgren,ROSTER,27.0,"6'0""",191.0,USA,"Minneapolis, MN",False,D,10,0,1,1,0.5,0.1,0.0,0.1,34.1,52.0,0,0,0,0,0,0,0,0,0,0,0,0,0,0.0,-1,19,5,0.0,18,9,5,6,7,11,1,0,0,0,0.0,6,23,2,7,1,250,148,57,45,11130,1698,587,8845,SEA,Pacific,Western
2025-2026,20251101,11,BOS,5260,Elias Lindholm,ROSTER,30.0,"6'1""",195.0,Sweden,Boden,False,C,13,4,5,9,1.69,0.38,0.31,0.69,36.4,21.2,1,4,3,7,0,0,0,1,0,0,0,0,0,0.0,-3,48,22,18.2,14,14,12,19,5,12,3,228,131,97,57.5,4,8,1,2,0,268,134,43,95,13800,3630,268,9902,BOS,Atlantic,Eastern
2025-2026,20251101,11,BOS,5228,Hampus Lindholm,ROSTER,31.0,"6'3""",208.0,Sweden,Helsingborg,False,D,5,0,1,1,1.2,0.2,0.0,0.2,14.0,18.5,0,0,0,0,0,0,0,0,0,0,0,0,0,0.0,-3,14,6,0.0,8,1,7,1,6,6,0,0,0,0,0.0,3,8,1,2,0,111,52,23,36,5098,971,50,4077,BOS,Atlantic,Eastern
2025-2026,20251101,10,PIT,15998,Blake Lizotte,ROSTER,27.0,"5'7""",175.0,USA,"Lindstro, MN",True,C,12,1,0,1,0.92,0.0,0.08,0.08,19.3,0.0,0,0,0,0,0,0,0,0,0,0,0,0,0,0.0,2,20,11,9.1,7,7,4,11,20,10,1,84,44,40,52.4,0,0,0,0,0,240,133,74,26,10262,1739,976,7271,PIT,Metropolitan,Eastern
2025-2026,20251101,11,BOS,38000,Mason Lohrei,ROSTER,24.0,"6'4""",195.0,USA,"Verona, WI",True,D,11,1,5,6,0.82,0.45,0.09,0.55,26.8,0.0,0,1,0,1,0,0,0,0,0,0,0,0,0,0.0,0,37,9,11.1,14,16,12,5,19,12,3,0,0,0,0.0,0,0,1,2,0,264,193,58,14,11956,1954,519,9483,BOS,Atlantic,Eastern
2025-2026,20251101,23,CGY,13954,Ryan Lomberg,ROSTER,30.0,"5'9""",187.0,Canada,"Richmond Hill, ON",False,LW,12,0,1,1,0.83,0.08,0.0,0.08,42.1,35.7,0,0,0,0,0,0,0,0,0,0,0,0,0,0.0,0,17,10,0.0,5,3,4,49,6,4,0,4,0,4,0.0,3,12,4,14,2,157,87,35,35,6474,885,559,5030,CGY,Pacific,Western
2025-2026,20251101,12,TOR,5781,Steven Lorentz,ROSTER,29.0,"6'3""",192.0,Canada,"Waterloo, ON",False,C,8,0,4,4,1.0,0.5,0.0,0.5,20.7,0.0,0,0,0,0,0,0,0,0,0,0,0,0,0,0.0,-2,12,8,0.0,5,1,3,18,6,4,1,14,6,8,42.9,0,0,0,0,0,108,57,37,14,4771,1073,736,2962,TOR,Atlantic,Eastern
2025-2026,20251101,6,PHI,142694,Jett Luchanko,ROSTER,,,,,,False,C,4,0,0,0,0.25,0.0,0.0,0.0,6.4,5.3,0,0,0,0,0,0,0,0,0,0,0,0,0,0.0,-3,2,1,0.0,3,0,1,2,5,1,0,21,11,10,52.4,1,2,1,2,0,45,40,3,2,2152,343,51,1758,PHI,Metropolitan,Eastern
2025-2026,20251101,4,FLO,30418,Anton Lundell,ROSTER,24.0,"6'1""",185.0,Finland,Espoo,True,C,11,3,5,8,2.27,0.45,0.27,0.73,19.5,10.6,1,2,2,4,0,1,1,0,0,0,1,0,1,100.0,-1,52,25,12.0,8,14,13,9,8,16,1,181,101,80,55.8,2,4,3,6,0,273,169,86,22,12283,3148,881,8380,FLA,,
2025-2026,20251101,19,CBJ,14546,Isac Lundestrom,ROSTER,25.0,"6'0""",191.0,Sweden,Gällivare,False,C,10,0,2,2,0.5,0.2,0.0,0.2,12.8,5.3,0,0,0,0,0,0,0,0,0,0,0,0,0,0.0,3,11,5,0.0,6,3,3,4,11,10,2,75,42,33,56.0,1,2,0,0,0,169,106,28,31,7107,843,599,5524,CBJ,Metropolitan,Eastern
2025-2026,20251101,27,DAL,14551,Nils Lundkvist,ROSTER,25.0,"5'11""",187.0,Sweden,Pitea,True,D,4,1,2,3,0.5,0.5,0.25,0.75,10.4,5.3,0,0,0,0,0,0,0,0,0,0,0,0,0,0.0,0,7,2,50.0,5,2,3,3,11,6,0,0,0,0,0.0,1,2,0,0,0,83,45,13,26,3839,139,126,3574,DAL,Central,Western
2025-2026,20251101,4,FLO,17339,Eetu Luostarinen,ROSTER,27.0,"6'3""",184.0,Finland,Siilinjrvi,False,C,11,1,2,3,1.64,0.18,0.09,0.27,37.9,5.3,0,0,0,0,0,0,0,0,0,0,0,0,0,0.0,-1,32,18,5.6,12,6,8,26,21,6,0,10,7,3,70.0,1,2,5,12,0,241,120,67,55,10953,1470,1307,8176,FLA,,
2025-2026,20251101,13,OTT,30087,Olle Lycksell,ROSTER,26.0,"5'10""",165.0,Sweden,Oskarshamn,True,RW,5,1,0,1,1.2,0.0,0.2,0.2,6.4,0.0,0,0,0,0,0,0,0,1,0,0,0,0,0,0.0,-2,9,6,16.7,3,1,2,2,3,1,0,0,0,0,0.0,0,0,1,2,0,71,50,12,10,3130,467,405,2258,OTT,Atlantic,Eastern
2025-2026,20251101,27,DAL,15176,Ilya Lyubushkin,ROSTER,31.0,"6'2""",201.0,Russia,Moskva,False,D,9,0,1,1,0.78,0.11,0.0,0.11,30.9,18.5,0,0,0,0,0,0,0,0,0,0,0,0,0,0.0,4,10,7,0.0,14,2,1,11,20,13,1,0,0,0,0.0,3,8,0,0,0,189,107,29,53,8568,875,295,7398,DAL,Central,Western
2025-2026,20251101,30,UTA,5259,Olli Maatta,ROSTER,31.0,"6'2""",206.0,Finland,Jyväskylä,False,D,11,0,1,1,0.18,0.09,0.0,0.09,16.7,0.0,0,0,0,0,0,0,0,0,0,0,0,0,0,0.0,1,8,2,0.0,10,3,3,0,27,11,1,0,0,0,0.0,0,0,0,0,0,168,108,16,44,7509,1215,323,5971,UTA,Central,Western
2025-2026,20251101,12,TOR,28458,Matias Maccelli,ROSTER,25.0,"5'11""",165.0,Finland,Turku,True,LW,11,2,2,4,0.91,0.18,0.18,0.36,7.4,0.0,0,0,0,0,0,0,0,0,0,0,0,0,0,0.0,0,24,10,20.0,4,7,7,1,12,8,3,3,2,1,66.7,0,0,1,2,0,187,125,49,15,9072,1736,715,6621,TOR,Atlantic,Eastern
2025-2026,20251101,13,OTT,11733,Kurtis MacDermid,ROSTER,31.0,"6'5""",233.0,Canada,"Sauble Beach, ON",False,LW,5,0,0,0,0.4,0.0,0.0,0.0,8.7,20.5,0,0,0,0,0,0,0,0,0,0,0,0,0,0.0,-3,2,2,0.0,4,0,0,3,2,1,0,0,0,0,0.0,2,7,2,7,1,46,20,18,8,1449,154,355,940,OTT,Atlantic,Eastern
2025-2026,20251101,21,VAN,13674,Mackenzie MacEachern,ROSTER,31.0,"6'2""",190.0,USA,"Bloomfield Hills, MI",False,LW,1,0,0,0,0.0,0.0,0.0,0.0,3.0,0.0,0,0,0,0,0,0,0,0,0,0,0,0,0,0.0,0,0,0,0.0,1,0,0,2,1,0,0,0,0,0,0.0,0,0,0,0,0,17,9,6,2,738,91,0,647,VAN,Pacific,Western
2025-2026,20251101,7,NJD,15475,Zack MacEwen,ROSTER,29.0,"6'3""",205.0,Canada,"Charlottetown, PE",True,RW,1,0,0,0,2.0,0.0,0.0,0.0,2.4,0.0,0,0,0,0,0,0,0,0,0,0,0,0,0,0.0,0,3,2,0.0,1,0,1,1,0,0,1,1,0,1,0.0,0,0,0,0,0,9,5,3,1,432,51,147,234,NJD,Metropolitan,Eastern
2025-2026,20251101,22,COL,5231,Nathan MacKinnon,ROSTER,30.0,"6'0""",200.0,Canada,"Halifax, NS",False,C,12,9,9,18,4.25,0.75,0.75,1.5,21.6,21.2,3,4,1,5,0,0,0,1,0,0,1,0,0,0.0,10,96,51,17.6,8,17,28,12,11,24,3,257,134,123,52.1,4,8,4,8,0,282,144,105,42,15610,4471,2320,8819,COL,Central,Western
2025-2026,20251101,8,NYI,34417,Kyle MacLean,ROSTER,26.0,"6'1""",190.0,USA,"Livingston, NJ",True,C,7,0,0,0,0.86,0.0,0.0,0.0,9.9,41.4,0,0,0,0,0,0,0,0,0,0,0,0,0,0.0,-5,8,6,0.0,1,0,2,12,8,2,1,12,7,5,58.3,4,19,3,9,1,97,53,28,16,4064,924,237,2903,NYI,Metropolitan,Eastern
2025-2026,20251101,143,SEA,15128,Josh Mahura,ROSTER,27.0,"6'0""",190.0,Canada,"Edmonton, AB",False,D,10,1,1,2,0.8,0.1,0.1,0.2,35.9,26.2,0,0,0,0,0,0,0,1,0,1,0,0,0,0.0,6,23,8,12.5,17,8,7,11,15,6,2,0,0,0,0.0,3,14,1,2,0,221,136,38,48,9394,1303,594,7497,SEA,Pacific,Western
2025-2026,20251101,17,STL,37979,Logan Mailloux,ROSTER,22.0,"6'3""",214.0,Canada,"Belle River, ON",True,D,8,0,0,0,0.5,0.0,0.0,0.0,16.6,10.6,0,0,0,0,0,0,0,0,0,0,0,0,0,0.0,-9,15,4,0.0,5,6,5,12,17,6,1,0,0,0,0.0,2,4,1,2,0,131,95,24,12,5948,830,369,4749,STL,Central,Western
2025-2026,20251101,22,COL,13619,Cale Makar,ROSTER,27.0,"5'11""",187.0,Canada,"Calgary, AB",False,D,12,4,13,17,2.83,1.08,0.33,1.42,40.2,15.9,1,0,7,7,0,0,0,1,0,0,0,0,0,0.0,14,87,34,11.8,20,37,16,10,6,10,8,0,0,0,0.0,3,6,5,10,0,326,190,104,36,18329,4004,3215,11110,COL,Central,Western
2025-2026,20251101,15,BUF,17164,Beck Malenstyn,ROSTER,27.0,"6'3""",200.0,Canada,"White Rock, BC",False,LW,10,0,1,1,1.4,0.1,0.0,0.1,46.5,0.0,0,0,0,0,0,0,0,0,0,0,0,0,0,0.0,-3,22,14,0.0,13,4,4,36,14,7,1,2,0,2,0.0,0,0,2,4,0,167,62,19,86,6861,915,74,5872,BUF,Atlantic,Eastern
2025-2026,20251101,22,COL,119984,Sam Malinski,ROSTER,27.0,"5'11""",190.0,USA,"Lakeville, MN",True,D,12,1,4,5,1.75,0.33,0.08,0.42,26.1,5.3,0,0,0,0,0,0,0,1,0,0,0,0,0,0.0,3,51,21,4.8,14,19,11,4,18,13,5,0,0,0,0.0,1,2,0,0,0,247,222,13,12,10847,1586,152,9109,COL,Central,Western
2025-2026,20251101,10,PIT,3652,Evgeni Malkin,ROSTER,39.0,"6'3""",195.0,Russia,Magnitogorsk,False,C,12,3,14,17,2.0,1.17,0.25,1.42,9.1,26.5,1,1,5,6,0,0,0,0,0,0,2,1,1,50.0,8,36,24,12.5,3,6,7,6,7,13,4,99,45,54,45.5,5,10,1,2,0,239,127,69,42,12311,4051,1389,6791,PIT,Metropolitan,Eastern
2025-2026,20251101,28,LAK,34945,Jeff Malott,ROSTER,29.0,"6'3""",201.0,Canada,"Burlington, ON",True,LW,10,2,0,2,0.6,0.0,0.2,0.2,24.0,66.8,0,0,0,0,0,0,0,0,0,0,0,0,0,0.0,-1,14,6,33.3,2,3,5,30,5,4,1,1,1,0,100.0,7,23,4,17,3,108,84,14,12,4489,460,226,3803,LAK,Pacific,Western
2025-2026,20251101,21,VAN,56544,Victor Mancini,ROSTER,23.0,"6'3""",215.0,USA,"Hancock, MI",True,D,5,0,0,0,0.6,0.0,0.0,0.0,12.5,15.2,0,0,0,0,0,0,0,0,0,0,0,0,0,0.0,-2,7,3,0.0,5,3,1,6,9,2,0,0,0,0,0.0,1,5,1,5,1,69,62,3,4,3158,334,17,2807,VAN,Pacific,Western
2025-2026,20251101,24,EDM,5761,Andrew Mangiapane,ROSTER,29.0,"5'10""",184.0,Canada,"Toronto, ON",False,LW,12,3,1,4,0.75,0.08,0.25,0.33,16.9,0.0,1,0,0,0,0,0,0,1,0,0,0,0,0,0.0,-7,25,9,33.3,6,6,10,10,12,9,2,1,0,1,0.0,0,0,4,8,0,232,98,85,53,11316,1927,1494,7936,EDM,Pacific,Western
2025-2026,20251101,22,COL,5477,Josh Manson,ROSTER,34.0,"6'3""",218.0,USA,"Hinsdale, IL",False,D,12,1,1,2,1.25,0.08,0.08,0.17,47.5,41.7,0,0,0,0,0,0,0,1,0,0,0,0,0,0.0,0,33,15,6.7,19,10,8,23,16,15,4,0,0,0,0.0,6,15,3,9,1,298,154,87,58,13010,2339,1675,8996,COL,Central,Western
2025-2026,20251101,10,PIT,5413,Anthony Mantha,ROSTER,31.0,"6'5""",234.0,Canada,"Longueuil, QC",False,RW,12,6,5,11,1.92,0.42,0.5,0.92,17.5,0.0,2,0,1,1,0,0,0,0,0,0,0,0,0,0.0,7,38,23,26.1,8,10,5,6,7,15,2,6,1,5,16.7,0,0,3,6,0,219,107,70,42,10867,1601,1666,7271,PIT,Metropolitan,Eastern
2025-2026,20251101,4,FLO,4692,Brad Marchand,ROSTER,37.0,"5'9""",181.0,Canada,"Halifax, NS",False,LW,10,5,6,11,3.4,0.6,0.5,1.1,8.6,31.8,1,1,3,4,0,0,0,1,0,0,0,0,0,0.0,-3,59,34,14.7,1,10,15,10,13,8,1,1,0,1,0.0,6,12,6,12,0,237,133,55,54,11027,3604,931,6492,FLA,,
2025-2026,20251101,19,CBJ,14572,Kirill Marchenko,ROSTER,25.0,"6'3""",187.0,Russia,Barnaul,True,RW,10,5,5,10,3.9,0.5,0.5,1.0,18.9,15.9,1,1,2,3,0,0,0,2,0,0,1,0,1,100.0,6,67,39,12.8,8,12,16,8,11,11,3,0,0,0,0.0,3,6,1,2,0,217,108,61,49,10947,2809,849,7362,CBJ,Metropolitan,Eastern
2025-2026,20251101,18,NSH,5473,Jonathan Marchessault,ROSTER,34.0,"5'9""",180.0,Canada,"Cap-Rouge, QC",False,RW,9,3,2,5,2.78,0.22,0.33,0.56,15.5,10.6,1,1,0,1,0,0,0,0,0,0,1,0,0,0.0,-8,46,25,12.0,1,14,7,20,6,11,3,4,3,1,75.0,2,4,5,10,0,189,90,73,29,9511,2292,2157,5062,NSH,Central,Western
2025-2026,20251101,143,SEA,17165,Mason Marchment,ROSTER,30.0,"6'4""",201.0,Canada,"Uxbridge, ON",False,LW,9,1,4,5,1.33,0.44,0.11,0.56,14.9,10.6,0,0,2,2,0,0,0,1,0,0,0,0,0,0.0,-3,24,12,8.3,4,4,8,12,12,17,5,10,3,7,30.0,2,4,1,2,0,186,90,59,38,8446,1490,337,6619,SEA,Pacific,Western
2025-2026,20251101,30,UTA,17187,John Marino,ROSTER,28.0,"6'1""",181.0,USA,"Brockton, MA",True,D,11,1,4,5,0.91,0.36,0.09,0.45,19.7,10.6,0,0,0,0,0,0,0,0,0,0,0,0,0,0.0,4,19,10,10.0,11,7,2,2,25,17,3,0,0,0,0.0,2,4,2,4,0,299,170,31,99,13351,1850,447,11054,UTA,Central,Western
2025-2026,20251101,142,VGK,5599,Mitchell Marner,ROSTER,28.0,"6'0""",175.0,Canada,"Markham, ON",False,RW,11,3,11,14,1.73,1.0,0.27,1.27,14.1,5.3,1,1,2,3,0,0,0,0,0,0,1,0,0,0.0,8,50,19,15.8,6,18,13,6,11,15,5,8,5,3,62.5,1,2,0,0,0,247,117,85,48,13865,3498,1515,8754,VGK,Pacific,Western
2025-2026,20251101,18,NSH,168604,Brady Martin,ROSTER,18.0,"6'0""",174.0,Canada,"Elora, ON",True,C,3,0,1,1,0.67,0.33,0.0,0.33,3.3,0.0,0,0,0,0,0,0,0,0,0,0,0,0,0,0.0,0,3,2,0.0,2,0,1,0,2,4,0,16,5,11,31.2,0,0,0,0,0,39,32,6,1,2055,275,54,1728,NSH,Central,Western
2025-2026,20251101,3,CAR,5495,Jordan Martinook,ROSTER,33.0,"6'0""",196.0,Canada,"Brandon, MB",False,LW,10,2,4,6,1.7,0.4,0.2,0.6,30.5,5.3,0,0,0,0,0,0,0,1,0,0,0,0,0,0.0,5,31,17,11.8,10,7,7,20,5,9,2,6,2,4,33.3,1,2,2,4,0,225,73,101,53,8794,1869,1048,5877,CAR,Metropolitan,Eastern
2025-2026,20251101,1,TBL,120138,Emil Martinsen Lilleberg,ROSTER,24.0,"6'2""",192.0,Norway,Sarpsborg,True,D,11,0,0,0,0.64,0.0,0.0,0.0,24.4,88.0,0,0,0,0,0,0,0,0,0,0,0,0,0,0.0,-4,18,7,0.0,8,3,8,16,28,6,0,0,0,0,0.0,11,31,6,25,3,226,171,21,34,9474,1049,175,8250,TBL,Atlantic,Eastern
2025-2026,20251101,19,CBJ,53022,Denton Mateychuk,ROSTER,21.0,"5'11""",194.0,Canada,"Winnipeg, MB",True,D,10,2,1,3,1.3,0.1,0.2,0.3,36.2,0.0,0,0,0,0,0,0,0,0,0,0,0,0,0,0.0,2,22,13,15.4,18,6,3,9,21,8,3,0,0,0,0.0,0,0,2,4,0,208,158,18,31,11159,1550,139,9352,CBJ,Metropolitan,Eastern
2025-2026,20251101,14,MTL,5921,Mike Matheson,ROSTER,31.0,"6'2""",193.0,Canada,"Montreal, QC",False,D,11,3,3,6,1.36,0.27,0.27,0.55,48.3,21.2,1,0,0,0,0,0,0,1,0,1,0,0,0,0.0,6,40,15,20.0,24,15,10,12,18,12,3,0,0,0,0.0,4,8,2,4,0,290,156,53,84,16418,3593,717,12108,MTL,Atlantic,Eastern
2025-2026,20251101,13,OTT,111262,Nikolas Matinpalo,ROSTER,27.0,"6'3""",207.0,Finland,Espoo,True,D,7,0,1,1,0.71,0.14,0.0,0.14,18.6,5.3,0,0,0,0,0,0,0,0,0,0,0,0,0,0.0,-3,14,5,0.0,7,6,3,10,27,3,2,0,0,0,0.0,1,2,0,0,0,160,146,4,10,6163,1493,56,4614,OTT,Atlantic,Eastern
2025-2026,20251101,12,TOR,9627,Auston Matthews,ROSTER,28.0,"6'3""",220.0,USA,"San Ramon, CA",False,C,11,5,3,8,4.18,0.27,0.45,0.73,45.2,15.9,1,1,0,1,0,0,0,2,0,1,0,0,0,0.0,3,87,46,10.9,23,21,20,10,6,17,6,195,116,79,59.5,3,6,1,2,0,270,133,97,45,14506,3414,1716,9376,TOR,Atlantic,Eastern
2025-2026,20251101,8,NYI,5364,Scott Mayfield,ROSTER,33.0,"6'5""",223.0,USA,"St. Louis, MO",False,D,11,0,3,3,1.0,0.27,0.0,0.27,30.8,68.0,0,0,0,0,0,0,0,0,0,0,0,0,0,0.0,3,27,11,0.0,16,8,8,6,7,11,3,0,0,0,0.0,9,29,5,13,1,260,150,37,73,11949,2591,1089,8269,NYI,Metropolitan,Eastern
2025-2026,20251101,11,BOS,9640,Charlie McAvoy,ROSTER,27.0,"6'0""",208.0,USA,"Long Beach, NY",False,D,13,0,8,8,1.38,0.62,0.0,0.62,47.8,58.4,0,0,3,3,0,0,0,0,0,0,0,0,0,0.0,-3,53,18,0.0,20,17,18,21,22,14,5,0,0,0,0.0,11,22,4,8,0,369,186,86,97,18760,3389,1246,14125,BOS,Atlantic,Eastern
2025-2026,20251101,30,UTA,38370,Jack McBain,ROSTER,25.0,"6'4""",218.0,Canada,"Toronto, ON",True,C,11,1,0,1,1.82,0.0,0.09,0.09,28.2,41.7,0,0,0,0,0,0,0,0,0,0,0,0,0,0.0,-1,31,20,5.0,7,6,5,24,22,4,2,94,40,54,42.6,6,15,3,9,1,209,127,51,32,9051,1447,1054,6550,UTA,Central,Western
2025-2026,20251101,12,TOR,5362,Jake McCabe,ROSTER,32.0,"6'1""",204.0,USA,"Eau Claire, WI",False,D,11,1,3,4,0.73,0.27,0.09,0.36,57.0,20.5,0,0,0,0,0,0,0,0,0,0,0,0,0,0.0,5,24,8,12.5,28,9,7,15,19,15,2,0,0,0,0.0,2,7,3,9,1,329,190,71,69,13871,1719,1091,11061,TOR,Atlantic,Eastern
2025-2026,20251101,143,SEA,5824,Jared McCann,ROSTER,29.0,"6'1""",185.0,Canada,"Stratford, ON",False,LW,5,3,1,4,2.8,0.2,0.6,0.8,11.5,0.0,1,0,0,0,0,0,0,1,0,1,1,0,0,0.0,0,29,14,21.4,4,7,8,7,3,1,0,3,2,1,66.7,0,0,2,4,0,124,57,41,29,5187,1528,568,3091,SEA,Pacific,Western
2025-2026,20251101,18,NSH,5893,Michael McCarron,ROSTER,30.0,"6'5""",237.0,USA,"Grosse Pointe, MI",False,C,12,1,2,3,1.08,0.17,0.08,0.25,40.4,46.3,0,0,0,0,0,0,0,0,0,0,0,0,0,0.0,0,28,13,7.7,11,7,8,32,19,8,2,163,86,77,52.8,5,16,6,18,2,251,111,62,79,10579,1567,475,8537,NSH,Central,Western
2025-2026,20251101,24,EDM,5576,Connor McDavid,ROSTER,28.0,"6'1""",193.0,Canada,"Richmond Hill, ON",False,C,12,3,11,14,3.08,0.92,0.25,1.17,4.7,5.3,1,1,5,6,0,0,0,0,0,0,1,0,0,0.0,-4,67,37,8.1,2,10,20,2,20,17,2,138,59,79,42.8,1,2,6,12,0,271,144,93,37,16975,4109,2453,10413,EDM,Pacific,Western
2025-2026,20251101,1,TBL,4852,Ryan McDonagh,ROSTER,36.0,"6'1""",214.0,USA,"St. Paul, MN",False,D,11,3,2,5,0.91,0.18,0.27,0.45,34.8,0.0,1,0,0,0,0,0,0,0,0,0,0,0,0,0.0,-1,31,10,30.0,18,10,11,7,10,17,3,0,0,0,0.0,0,0,1,2,0,300,171,44,88,13990,3981,505,9468,TBL,Atlantic,Eastern
2025-2026,20251101,5,WSH,5308,Dylan McIlrath,ROSTER,33.0,"6'5""",231.0,Canada,"Winnipeg, MB",False,D,1,0,0,0,0.0,0.0,0.0,0.0,2.1,0.0,0,0,0,0,0,0,0,0,0,0,0,0,0,0.0,0,3,0,0.0,0,2,1,3,0,1,0,0,0,0,0.0,0,0,0,0,0,19,6,3,10,845,71,0,774,WSH,Metropolitan,Eastern
2025-2026,20251101,15,BUF,14563,Ryan McLeod,ROSTER,26.0,"6'3""",201.0,Canada,"Mississauga, ON",False,C,11,3,4,7,1.0,0.36,0.27,0.64,11.4,0.0,1,0,1,1,1,0,1,0,0,0,0,0,0,0.0,0,20,11,27.3,6,4,5,2,10,10,2,184,70,114,38.0,0,0,1,2,0,282,133,33,119,11768,996,221,10551,BUF,Atlantic,Eastern
2025-2026,20251101,12,TOR,39073,Bobby McMann,ROSTER,29.0,"6'1""",205.0,Canada,"Wainwright, AB",True,C,11,2,1,3,1.73,0.09,0.18,0.27,33.2,10.6,0,0,0,0,0,0,0,0,0,0,0,0,0,0.0,0,35,19,10.5,5,7,9,36,9,3,0,3,2,1,66.7,2,4,1,2,0,212,145,64,5,10386,2584,1006,6796,TOR,Atlantic,Eastern
2025-2026,20251101,5,WSH,17166,Connor McMichael,ROSTER,24.0,"5'11""",182.0,Canada,"Ajax, ON",True,C,11,1,2,3,2.0,0.18,0.09,0.27,11.1,10.6,0,1,0,1,0,0,0,0,0,0,0,0,0,0.0,-3,42,22,4.5,5,10,10,4,7,10,6,121,51,70,42.1,2,4,1,2,0,241,153,51,35,10298,1395,690,8101,WSH,Metropolitan,Eastern
2025-2026,20251101,142,VGK,5041,Brayden McNabb,ROSTER,34.0,"6'4""",213.0,Canada,"Davidson, SK",False,D,11,0,0,0,0.45,0.0,0.0,0.0,71.0,10.6,0,0,0,0,0,0,0,0,0,0,0,0,0,0.0,2,32,5,0.0,36,16,11,16,20,6,3,0,0,0,0.0,2,4,4,8,0,304,160,39,105,14195,3614,861,9720,VGK,Pacific,Western
2025-2026,20251101,29,ANA,32259,Mason McTavish,ROSTER,22.0,"6'0""",208.0,Switzerland,Zurich,True,C,10,2,6,8,1.9,0.6,0.2,0.8,22.7,26.5,0,0,1,1,0,0,0,1,0,0,1,0,1,100.0,-2,50,19,10.5,7,9,22,16,8,7,4,147,70,77,47.6,5,10,4,8,0,231,113,18,104,11339,1227,86,9998,ANA,Pacific,Western
2025-2026,20251101,7,NJD,5604,Timo Meier,ROSTER,29.0,"6'0""",210.0,Switzerland,St. Gallen,False,RW,11,3,6,9,2.55,0.55,0.27,0.82,28.5,15.9,1,1,3,4,0,0,0,1,0,0,0,0,0,0.0,2,69,28,10.7,8,19,22,22,15,12,5,16,10,6,62.5,3,6,2,4,0,243,118,56,72,11534,2258,1002,8274,NJD,Metropolitan,Eastern
2025-2026,20251101,7,NJD,28533,Dawson Mercer,ROSTER,24.0,"6'0""",180.0,Canada,"Carbonear, NL and Labrador",True,C,11,6,5,11,1.82,0.45,0.55,1.0,30.2,10.6,2,3,1,4,0,0,0,1,0,0,0,0,0,0.0,6,42,20,30.0,14,9,13,10,18,8,1,46,19,27,41.3,2,4,4,8,0,251,158,51,48,11863,2464,887,8512,NJD,Metropolitan,Eastern
2025-2026,20251101,12,TOR,13894,Dakota Mermis,ROSTER,31.0,"6'0""",195.0,USA,"Alton, IL",False,D,1,0,0,0,1.0,0.0,0.0,0.0,0.0,0.0,0,0,0,0,0,0,0,0,0,0,0,0,0,0.0,-2,2,1,0.0,0,1,0,0,1,0,0,0,0,0,0.0,0,0,0,0,0,22,17,3,2,792,158,86,548,TOR,Atlantic,Eastern
2025-2026,20251101,15,BUF,120242,Zach Metsa,ASSIGNED_TO_MINORS,27.0,"5'9""",181.0,USA,"Delafield, WI",True,D,4,0,0,0,0.25,0.0,0.0,0.0,4.0,5.3,0,0,0,0,0,0,0,0,0,0,0,0,0,0.0,3,4,1,0.0,2,2,1,1,6,1,0,0,0,0,0.0,1,2,1,2,0,49,47,2,0,2117,376,0,1741,BUF,Atlantic,Eastern
2025-2026,20251101,143,SEA,39057,Ben Meyers,ROSTER,26.0,"5'11""",195.0,USA,"Delano, MN",True,C,4,0,2,2,0.25,0.5,0.0,0.5,7.2,0.0,0,0,0,0,0,0,0,0,0,0,0,0,0,0.0,1,4,1,0.0,1,1,2,8,3,0,1,21,11,10,52.4,0,0,0,0,0,58,49,7,2,2150,291,26,1833,SEA,Pacific,Western
2025-2026,20251101,6,PHI,134153,Matvei Michkov,ROSTER,20.0,"5'10""",172.0,Russia,Perm,True,RW,10,1,4,5,1.9,0.4,0.1,0.5,8.9,21.2,0,0,0,0,0,0,0,0,0,0,2,0,2,100.0,1,29,19,5.3,2,8,2,8,11,18,3,0,0,0,0.0,4,8,2,4,0,199,175,25,2,9007,2105,135,7011,PHI,Metropolitan,Eastern
2025-2026,20251101,25,MIN,15459,Jacob Middleton,ROSTER,29.0,"6'3""",210.0,Canada,"Stratford, ON",False,D,12,0,1,1,0.83,0.08,0.0,0.08,48.1,59.5,0,0,0,0,0,0,0,0,0,0,0,0,0,0.0,-5,26,10,0.0,21,9,7,19,9,6,1,0,0,0,0.0,7,22,4,14,2,256,133,60,63,12473,1898,1177,9398,MIN,Central,Western
2025-2026,20251101,20,CHI,17145,Ilya Mikheyev,ROSTER,31.0,"6'3""",195.0,Russia,Omsk,True,RW,9,3,2,5,2.11,0.22,0.33,0.56,12.2,0.0,1,0,0,0,0,0,0,0,0,0,0,0,0,0.0,5,32,19,15.8,4,5,8,8,7,2,4,5,0,5,0.0,0,0,2,4,0,204,106,21,80,9605,667,229,8709,CHI,Central,Western
2025-2026,20251101,4,FLO,5722,Niko Mikkola,ROSTER,29.0,"6'4""",185.0,Finland,Kiiminki,False,D,11,0,0,0,1.09,0.0,0.0,0.0,33.2,26.5,0,0,0,0,0,0,0,0,0,0,0,0,0,0.0,-1,32,12,0.0,17,12,8,7,19,16,2,0,0,0,0.0,5,10,3,6,0,289,165,85,39,12361,1820,1342,9199,FLA,,
2025-2026,20251101,5,WSH,5436,Sonny Milano,ROSTER,29.0,"6'0""",194.0,USA,"Massapequa, NY",False,LW,5,0,0,0,1.8,0.0,0.0,0.0,2.1,0.0,0,0,0,0,0,0,0,0,0,0,0,0,0,0.0,0,9,9,0.0,0,0,0,3,2,3,0,2,1,1,50.0,0,0,0,0,0,66,26,24,16,3223,927,199,2097,WSH,Metropolitan,Eastern
2025-2026,20251101,2,WPJ,5563,Colin Miller,ROSTER,33.0,"6'1""",193.0,Canada,"Sault Ste. Marie, ON",False,D,2,0,0,0,0.5,0.0,0.0,0.0,2.4,5.3,0,0,0,0,0,0,0,0,0,0,0,0,0,0.0,-2,3,1,0.0,1,2,0,1,2,2,0,0,0,0,0.0,1,2,0,0,0,28,16,8,4,1153,94,233,826,WPG,,
2025-2026,20251101,9,NYR,5161,J.T. Miller,ROSTER,32.0,"6'1""",218.0,USA,"East Palestine, OH",False,C,12,3,4,7,2.42,0.33,0.25,0.58,25.3,10.6,1,0,2,2,0,0,0,1,0,1,0,0,0,0.0,-1,59,29,10.3,4,10,20,27,10,13,2,205,121,84,59.0,2,4,1,2,0,313,150,57,101,15046,3415,923,10281,NYR,Metropolitan,Eastern
2025-2026,20251101,3,CAR,14545,K'Andre Miller,ROSTER,25.0,"6'5""",210.0,USA,"St. Paul, MN",True,D,6,2,2,4,2.33,0.33,0.33,0.67,17.5,21.2,0,1,0,1,0,0,0,0,0,0,0,0,0,0.0,1,33,14,14.3,8,11,8,6,6,10,2,1,0,1,0.0,4,8,1,2,0,173,99,48,28,8470,1583,442,6445,CAR,Metropolitan,Eastern
2025-2026,20251101,11,BOS,52843,Fraser Minten,ROSTER,21.0,"6'1""",185.0,Canada,"Vancouver, BC",True,C,13,2,2,4,1.23,0.15,0.15,0.31,38.5,15.9,0,0,0,0,0,0,0,1,0,1,0,0,0,0.0,-2,36,16,12.5,14,9,11,22,9,3,5,139,72,67,51.8,3,6,1,2,0,241,184,28,31,10176,1655,210,8311,BOS,Atlantic,Eastern
2025-2026,20251101,29,ANA,43373,Pavel Mintyukov,ROSTER,21.0,"6'2""",194.0,Russia,Moskva,True,D,10,0,2,2,0.6,0.2,0.0,0.2,22.9,5.3,0,0,0,0,0,0,0,0,0,0,0,0,0,0.0,0,19,6,0.0,10,9,4,9,16,9,1,0,0,0,0.0,1,2,4,8,0,213,149,31,33,9230,1240,0,7990,ANA,Pacific,Western
2025-2026,20251101,23,CGY,29983,Daniil Miromanov,UNDRAFTED,28.0,"6'4""",202.0,Russia,Moscow,True,D,1,0,0,0,0.0,0.0,0.0,0.0,3.3,0.0,0,0,0,0,0,0,0,0,0,0,0,0,0,0.0,0,2,0,0.0,2,1,1,0,0,1,0,0,0,0,0.0,0,0,0,0,0,30,23,0,7,1069,0,0,1069,CGY,Pacific,Western
2025-2026,20251101,26,SJS,176687,Michael Misa,ROSTER,18.0,"6'1""",185.0,Canada,"Oakville, ON",True,C,6,1,2,3,2.0,0.33,0.17,0.5,8.0,5.3,0,0,0,0,0,0,0,0,0,0,0,0,0,0.0,0,21,12,8.3,4,5,4,2,8,3,0,30,16,14,53.3,1,2,1,2,0,91,78,14,0,4319,785,180,3354,SJS,Pacific,Western
2025-2026,20251101,11,BOS,13623,Casey Mittelstadt,ROSTER,26.0,"6'1""",199.0,USA,"Eden Prairie, MN",False,C,12,3,3,6,0.92,0.25,0.25,0.5,10.7,0.0,1,0,0,0,0,0,0,0,0,0,0,0,0,0.0,-2,22,11,27.3,6,5,6,1,11,11,2,76,45,31,59.2,0,0,2,4,0,215,114,85,19,10202,1787,1169,7246,BOS,Atlantic,Eastern
2025-2026,20251101,19,CBJ,5242,Sean Monahan,ROSTER,31.0,"6'2""",200.0,Canada,"Brampton, ON",False,C,10,0,4,4,2.4,0.4,0.0,0.4,7.2,5.3,0,0,2,2,0,0,0,0,0,0,0,0,0,0.0,7,38,24,0.0,1,5,9,8,5,9,3,202,110,92,54.5,1,2,1,2,0,233,108,54,69,11136,2878,859,7332,CBJ,Metropolitan,Eastern
2025-2026,20251101,143,SEA,11648,Brandon Montour,ROSTER,31.0,"6'0""",189.0,Canada,"Ohsweken, ON",False,D,6,2,5,7,3.0,0.83,0.33,1.17,30.2,15.2,0,1,1,2,0,0,0,0,0,0,0,0,0,0.0,6,37,18,11.1,14,12,7,10,10,10,5,0,0,0,0.0,1,5,1,5,1,160,77,41,44,8409,1623,888,5898,SEA,Pacific,Western
2025-2026,20251101,29,ANA,56251,Ian Moore,ROSTER,23.0,"6'2""",171.0,USA,"Concord, MA",False,D,4,0,0,0,1.0,0.0,0.0,0.0,2.4,5.3,0,0,0,0,0,0,0,0,0,0,0,0,0,0.0,-1,9,4,0.0,1,3,2,1,7,6,1,0,0,0,0.0,1,2,0,0,0,65,47,6,12,2803,217,139,2447,ANA,Pacific,Western
2025-2026,20251101,28,LAK,11811,Trevor Moore,ROSTER,30.0,"5'10""",185.0,USA,"Thousand Oaks, CA",False,LW,11,3,1,4,1.91,0.09,0.27,0.36,12.8,10.6,1,0,0,0,1,0,1,0,0,0,3,0,2,66.67,0,34,21,14.3,6,6,7,4,15,15,4,3,2,1,66.7,2,4,0,0,0,226,112,79,40,10519,1681,836,8180,LAK,Pacific,Western
2025-2026,20251101,2,WPJ,5930,Josh Morrissey,ROSTER,30.0,"6'0""",195.0,Canada,"Calgary, AB",False,D,11,1,9,10,1.73,0.82,0.09,0.91,43.2,15.9,0,0,2,2,0,0,0,0,0,0,0,0,0,0.0,11,42,19,5.3,23,11,12,7,10,16,4,0,0,0,0.0,3,6,0,0,0,306,153,109,45,16349,3346,1923,11080,WPG,,
2025-2026,20251101,1,TBL,34441,Janis Moser,ROSTER,25.0,"6'0""",172.0,Switzerland,Biel,True,D,9,1,1,2,1.33,0.11,0.11,0.22,20.2,10.6,0,0,0,0,0,0,0,0,0,0,0,0,0,0.0,3,30,12,8.3,8,15,3,10,22,11,4,0,0,0,0.0,2,4,5,10,0,236,169,30,38,11402,2414,915,8106,TBL,Atlantic,Eastern
2025-2026,20251101,28,LAK,28507,Jacob Moverare,ROSTER,27.0,"6'2""",198.0,Sweden,stersund,False,D,1,0,0,0,0.0,0.0,0.0,0.0,0.0,0.0,0,0,0,0,0,0,0,0,0,0,0,0,0,0.0,0,0,0,0.0,0,0,0,0,0,0,1,0,0,0,0.0,0,0,0,0,0,2,0,2,0,193,0,0,193,LAK,Pacific,Western
2025-2026,20251101,26,SJS,36849,Shakir Mukhamadullin,ROSTER,23.0,"6'4""",178.0,Russia,Ufa,True,D,2,0,2,2,1.0,1.0,0.0,1.0,5.7,10.6,0,0,0,0,0,0,0,0,0,0,0,0,0,0.0,2,3,2,0.0,3,0,1,1,6,2,0,0,0,0,0.0,2,4,0,0,0,39,29,5,5,1749,60,40,1649,SJS,Pacific,Western
2025-2026,20251101,20,CHI,5293,Connor Murphy,ROSTER,32.0,"6'4""",212.0,USA,"Dublin, OH",False,D,11,0,2,2,1.18,0.18,0.0,0.18,27.9,21.2,0,0,0,0,0,0,0,0,0,0,0,0,0,0.0,-1,25,13,0.0,13,8,4,9,23,11,2,0,0,0,0.0,4,8,4,8,0,221,98,37,86,10386,2003,142,8241,CHI,Central,Western
2025-2026,20251101,12,TOR,15478,Philippe Myers,ROSTER,28.0,"6'5""",210.0,Canada,"Moncton, NB",False,D,4,0,0,0,2.25,0.0,0.0,0.0,16.1,5.3,0,0,0,0,0,0,0,0,0,0,0,0,0,0.0,-3,17,9,0.0,8,1,7,4,7,0,0,0,0,0,0.0,1,2,0,0,0,92,55,18,19,3852,661,598,2593,TOR,Atlantic,Eastern
2025-2026,20251101,21,VAN,4659,Tyler Myers,ROSTER,35.0,"6'8""",229.0,USA,"Katy, TX",False,D,12,1,2,3,1.25,0.17,0.08,0.25,54.7,21.2,0,0,0,0,0,0,0,0,0,0,0,0,0,0.0,1,38,15,6.7,27,13,10,14,17,12,2,0,0,0,0.0,4,8,2,4,0,305,173,47,86,15384,2927,683,11774,VAN,Pacific,Western
2025-2026,20251101,3,CAR,133816,Bradly Nadeau,ROSTER,20.0,"5'10""",161.0,Canada,"St-Francois de Madaw, NB",True,LW,3,1,0,1,1.0,0.0,0.33,0.33,5.4,0.0,0,0,0,0,0,0,0,0,0,0,0,0,0,0.0,0,7,3,33.3,2,2,2,3,4,4,0,1,0,1,0.0,0,0,0,0,0,46,36,7,4,1922,326,70,1526,CAR,Metropolitan,Eastern
2025-2026,20251101,2,WPJ,5136,Vladislav Namestnikov,ROSTER,32.0,"6'0""",183.0,Russia,Zhukovskiy,False,C,11,5,1,6,1.27,0.09,0.45,0.55,15.2,0.0,1,2,0,2,0,0,0,0,0,0,0,0,0,0.0,1,27,14,35.7,5,6,7,10,10,11,3,78,31,47,39.7,0,0,2,4,0,230,93,99,43,10095,2010,1727,6358,WPG,,
2025-2026,20251101,20,CHI,56367,Frank Nazar,ROSTER,21.0,"5'10""",180.0,USA,"Mt. Clemens, MI",False,C,11,5,6,11,2.09,0.55,0.45,1.0,24.3,15.9,1,1,2,3,0,0,0,1,0,0,1,0,0,0.0,5,45,23,21.7,10,8,14,11,26,15,8,169,74,95,43.8,3,6,8,16,0,275,175,22,84,12945,1727,67,11154,CHI,Central,Western
2025-2026,20251101,22,COL,13627,Martin Necas,ROSTER,26.0,"6'2""",189.0,Czech Republic,Nove Mesto na Morave,False,C,12,8,8,16,2.0,0.67,0.67,1.33,14.0,21.2,2,2,2,4,0,0,0,0,0,0,1,0,0,0.0,10,55,24,33.3,3,16,15,13,19,27,2,6,4,2,66.7,4,8,5,10,0,283,179,75,35,15218,3504,1810,9904,COL,Central,Western
2025-2026,20251101,17,STL,29768,Jake Neighbours,ROSTER,23.0,"6'0""",195.0,Canada,"Airdrie, AB",True,LW,8,6,1,7,1.5,0.12,0.75,0.88,22.1,10.6,2,0,0,0,0,0,0,1,0,0,0,0,0,0.0,-4,23,12,50.0,5,5,6,20,8,4,0,1,1,0,100.0,2,4,0,0,0,157,115,43,5,7016,2190,569,4257,STL,Central,Western
2025-2026,20251101,22,COL,5226,Brock Nelson,ROSTER,34.0,"6'3""",212.0,USA,"Warroad, MN",False,C,12,3,1,4,1.58,0.08,0.25,0.33,22.9,21.2,1,0,1,1,0,0,0,1,0,0,0,0,0,0.0,5,36,19,15.8,10,6,11,9,19,9,4,218,108,110,49.5,4,8,2,4,0,291,134,96,64,13859,4317,1656,7886,COL,Central,Western
2025-2026,20251101,7,NJD,43355,Simon Nemec,ROSTER,21.0,"6'0""",190.0,Slovakia,Liptovsky Mikulas,True,D,11,0,7,7,1.27,0.64,0.0,0.64,33.0,10.6,0,0,0,0,0,0,0,0,0,0,0,0,0,0.0,-2,37,14,0.0,19,21,2,2,10,11,4,0,0,0,0.0,2,4,1,2,0,221,185,25,11,10956,2051,343,8562,NJD,Metropolitan,Eastern
2025-2026,20251101,29,ANA,56465,Nikita Nesterenko,ROSTER,24.0,"6'0""",157.0,USA,"Brooklyn, NY",False,C,8,0,4,4,0.88,0.5,0.0,0.5,18.4,0.0,0,0,0,0,0,0,0,0,0,0,0,0,0,0.0,3,15,7,0.0,4,3,5,17,4,2,0,13,5,8,38.5,0,0,1,2,0,145,75,34,37,6211,1117,174,4923,ANA,Pacific,Western
2025-2026,20251101,14,MTL,30019,Alex Newhook,ROSTER,24.0,"5'10""",192.0,Canada,"St. Johns, NL and Labrador",True,C,11,4,4,8,1.09,0.36,0.36,0.73,17.0,10.6,1,1,0,1,0,0,0,0,0,0,0,0,0,0.0,6,21,12,33.3,4,5,4,15,5,1,1,63,27,36,42.9,2,4,5,10,0,209,106,32,75,9876,882,306,8688,MTL,Atlantic,Eastern
2025-2026,20251101,22,COL,5247,Valeri Nichushkin,ROSTER,30.0,"6'4""",210.0,Russia,Chelyabinsk,False,RW,12,5,3,8,2.67,0.25,0.42,0.67,14.0,5.3,1,1,1,2,0,0,0,0,0,0,2,0,1,50.0,3,59,32,15.6,3,11,16,13,11,8,6,1,1,0,100.0,1,2,4,8,0,293,130,116,53,13092,2977,3041,7225,COL,Central,Western
2025-2026,20251101,2,WPJ,4868,Nino Niederreiter,ROSTER,33.0,"6'2""",218.0,Switzerland,Chur,False,RW,11,3,5,8,1.82,0.45,0.27,0.73,21.6,15.9,1,1,3,4,0,0,0,1,0,0,0,0,0,0.0,2,27,20,15.0,3,4,3,24,6,7,2,1,1,0,100.0,3,6,1,2,0,205,102,86,20,9552,2584,1561,5407,WPG,,
2025-2026,20251101,3,CAR,56336,Alexander Nikishin,ROSTER,24.0,"6'3""",196.0,Russia,Orel,False,D,10,1,4,5,1.7,0.4,0.1,0.5,46.0,21.2,0,0,0,0,0,0,0,0,0,0,0,0,0,0.0,11,43,17,5.9,16,20,6,28,13,13,3,0,0,0,0.0,4,8,2,4,0,251,177,37,38,11576,2112,736,8728,CAR,Metropolitan,Eastern
2025-2026,20251101,7,NJD,5544,Stefan Noesen,ROSTER,32.0,"6'1""",205.0,USA,"Plano, TX",False,RW,5,1,0,1,1.4,0.0,0.2,0.2,8.2,5.3,0,0,0,0,0,0,0,0,0,0,0,0,0,0.0,-1,11,7,14.3,2,4,0,7,1,1,1,3,2,1,66.7,1,2,1,2,0,73,34,19,21,2750,468,145,2137,NJD,Metropolitan,Eastern
2025-2026,20251101,15,BUF,13634,Josh Norris,ROSTER,26.0,"6'1""",199.0,USA,"Oxford, MI",False,C,1,0,0,0,4.0,0.0,0.0,0.0,0.7,0.0,0,0,0,0,0,0,0,0,0,0,0,0,0,0.0,0,4,4,0.0,0,0,0,1,3,1,0,12,4,8,33.3,0,0,0,0,0,24,14,1,9,1131,161,0,970,BUF,Atlantic,Eastern
2025-2026,20251101,10,PIT,5680,Thomas Novak,ROSTER,28.0,"6'1""",179.0,USA,"St. Paul, MN",False,C,12,1,4,5,1.5,0.33,0.08,0.42,11.1,10.6,0,1,1,2,0,0,0,1,0,0,0,0,0,0.0,-1,33,18,5.6,5,6,10,4,19,6,3,26,10,16,38.5,2,4,1,2,0,193,101,51,36,8546,1587,517,6114,PIT,Metropolitan,Eastern
2025-2026,20251101,24,EDM,4993,Ryan Nugent-Hopkins,ROSTER,32.0,"6'0""",184.0,Canada,"Burnaby, BC",False,C,12,5,7,12,1.83,0.58,0.42,1.0,9.8,10.6,1,2,5,7,0,0,0,0,0,0,1,0,0,0.0,-8,42,22,22.7,3,10,10,7,6,5,2,76,31,45,40.8,2,4,0,0,0,259,120,67,77,13598,3541,1272,8785,EDM,Pacific,Western
2025-2026,20251101,24,EDM,5464,Darnell Nurse,ROSTER,30.0,"6'4""",221.0,Canada,"Hamilton, ON",False,D,12,3,4,7,2.42,0.33,0.25,0.58,71.8,15.9,1,0,0,0,0,0,0,0,0,0,0,0,0,0.0,-2,64,29,10.3,34,20,15,22,12,13,3,0,0,0,0.0,3,6,2,4,0,296,175,46,78,14917,1818,855,12244,EDM,Pacific,Western
2025-2026,20251101,12,TOR,5418,William Nylander,ROSTER,29.0,"6'0""",196.0,Canada,"Calgary, AB",False,RW,9,3,12,15,1.56,1.33,0.33,1.67,6.4,5.3,1,0,2,2,0,0,0,0,0,0,0,0,0,0.0,5,33,14,21.4,3,11,8,2,1,11,6,17,8,9,47.1,1,2,1,2,0,208,97,77,37,10485,2604,1189,6692,TOR,Atlantic,Eastern
2025-2026,20251101,143,SEA,56632,Jani Nyman,ROSTER,21.0,"6'4""",217.0,Finland,Valkeakoski,False,RW,10,3,0,3,0.9,0.0,0.3,0.3,10.9,5.3,1,1,0,1,0,0,0,0,0,0,0,0,0,0.0,2,29,9,33.3,2,8,12,11,13,2,1,2,2,0,100.0,1,2,4,8,0,147,123,12,15,6488,1150,145,5193,SEA,Pacific,Western
2025-2026,20251101,2,WPJ,5026,Gustav Nyquist,ROSTER,36.0,"5'11""",179.0,Sweden,Halmstad,False,RW,11,0,5,5,1.27,0.45,0.0,0.45,12.5,0.0,0,0,2,2,0,0,0,0,0,0,0,0,0,0.0,1,26,14,0.0,5,8,4,6,10,7,2,9,5,4,55.6,0,0,3,6,0,184,113,51,20,8131,2472,792,4867,WPG,,
2025-2026,20251101,3,CAR,56329,Joel Nyström,ROSTER,23.0,"5'11""",170.0,Sweden,Karlstad,True,D,4,0,0,0,1.75,0.0,0.0,0.0,6.4,5.3,0,0,0,0,0,0,0,0,0,0,0,0,0,0.0,-1,10,7,0.0,3,2,1,2,6,2,0,0,0,0,0.0,1,2,0,0,0,107,76,12,19,4061,402,11,3648,CAR,Metropolitan,Eastern
2025-2026,20251101,30,UTA,5452,Liam O'Brien,ROSTER,31.0,"6'1""",215.0,Canada,"Halifax, NS",False,C,6,1,0,1,1.67,0.0,0.17,0.17,13.6,20.5,0,0,0,0,0,0,0,0,0,0,0,0,0,0.0,-4,20,10,10.0,4,4,6,10,7,2,0,0,0,0,0.0,2,7,1,5,1,82,46,15,22,3399,743,417,2239,UTA,Central,Western
2025-2026,20251101,21,VAN,28409,Drew O'Connor,ROSTER,27.0,"6'3""",205.0,USA,"Wayne, New Jersey",True,LW,12,0,3,3,1.08,0.25,0.0,0.25,18.6,15.9,0,0,0,0,0,0,0,0,0,0,0,0,0,0.0,-2,28,13,0.0,7,8,7,10,15,10,2,13,7,6,53.8,3,6,4,8,0,218,141,26,51,10175,1249,569,8357,VAN,Pacific,Western
2025-2026,20251101,25,MIN,43372,Liam Ohgren,ASSIGNED_TO_MINORS,21.0,"6'1""",201.0,Sweden,Stockholm,True,LW,5,0,0,0,0.8,0.0,0.0,0.0,7.5,0.0,0,0,0,0,0,0,0,0,0,0,0,0,0,0.0,-4,8,4,0.0,2,4,0,6,6,0,0,0,0,0,0.0,0,0,0,0,0,57,39,0,18,2752,245,0,2507,MIN,Central,Western
2025-2026,20251101,143,SEA,5156,Jamie Oleksiak,ROSTER,32.0,"6'7""",255.0,Canada,"Toronto, ON",False,D,10,1,0,1,1.2,0.0,0.1,0.1,41.0,10.6,0,0,0,0,0,0,0,0,0,0,0,0,0,0.0,1,23,12,8.3,18,10,1,16,14,12,5,0,0,0,0.0,2,4,3,6,0,239,136,37,67,10415,2012,624,7779,SEA,Pacific,Western
2025-2026,20251101,19,CBJ,17349,Mathieu Olivier,ROSTER,28.0,"6'2""",210.0,USA,"Biloxi, Mississippi",False,RW,10,1,4,5,1.6,0.4,0.1,0.5,36.4,29.7,0,0,0,0,0,0,0,0,0,0,0,0,0,0.0,2,31,16,6.2,9,7,8,31,9,1,1,0,0,0,0.0,3,12,7,17,1,178,86,49,42,8751,1576,580,6532,CBJ,Metropolitan,Eastern
2025-2026,20251101,22,COL,15140,Victor Olofsson,ROSTER,30.0,"5'11""",183.0,Sweden,Ornskoldsvik,False,LW,12,3,7,10,3.0,0.58,0.25,0.83,5.4,0.0,1,1,3,4,0,0,0,0,0,0,1,0,0,0.0,-2,54,36,8.3,2,11,7,3,8,10,3,0,0,0,0.0,0,0,0,0,0,216,96,80,43,9824,2656,1113,6055,COL,Central,Western
2025-2026,20251101,18,NSH,4703,Ryan O'Reilly,ROSTER,34.0,"6'1""",216.0,Canada,"Clinton, ON",False,C,12,5,4,9,1.58,0.33,0.42,0.75,22.5,0.0,1,1,1,2,1,0,1,2,0,0,1,0,1,100.0,-4,39,19,26.3,11,6,14,6,11,8,8,205,117,88,57.1,0,0,0,0,0,277,134,82,67,14091,4673,2232,7312,NSH,Central,Western
2025-2026,20251101,26,SJS,5036,Dmitry Orlov,ROSTER,34.0,"5'11""",208.0,Russia,Novokuznetsk,False,D,11,0,9,9,1.36,0.82,0.0,0.82,41.8,37.2,0,0,4,4,0,0,0,0,0,0,0,0,0,0.0,3,28,15,0.0,16,9,4,22,14,19,2,0,0,0,0.0,7,14,1,2,0,284,144,58,82,15129,3957,736,10437,SJS,Pacific,Western
2025-2026,20251101,15,BUF,43366,Noah Ostlund,ASSIGNED_TO_MINORS,21.0,"5'10""",164.0,Sweden,Nykvarn,True,C,4,0,0,0,1.5,0.0,0.0,0.0,5.7,0.0,0,0,0,0,0,0,0,0,0,0,0,0,0,0.0,0,8,6,0.0,3,1,1,1,2,0,0,28,10,18,35.7,0,0,0,0,0,62,53,4,5,2601,297,67,2237,BUF,Atlantic,Eastern
2025-2026,20251101,9,NYR,34526,Brennan Othmann,ROSTER,22.0,"6'0""",175.0,Canada,"Scarborough, ON",True,LW,1,0,0,0,1.0,0.0,0.0,0.0,1.4,0.0,0,0,0,0,0,0,0,0,0,0,0,0,0,0.0,-1,2,1,0.0,0,1,0,2,1,0,0,0,0,0,0.0,0,0,0,0,0,16,11,0,5,751,0,0,751,NYR,Metropolitan,Eastern
2025-2026,20251101,5,WSH,3495,Alex Ovechkin,ROSTER,40.0,"6'3""",236.0,Russia,Moscow,False,LW,11,2,5,7,2.18,0.45,0.18,0.64,13.8,5.3,0,0,2,2,0,0,0,1,0,0,0,0,0,0.0,1,73,24,8.3,0,30,19,20,3,12,1,0,0,0,0.0,1,2,1,2,0,212,116,50,45,11865,4151,868,6600,WSH,Metropolitan,Eastern
2025-2026,20251101,23,CGY,18227,Brayden Pachal,ROSTER,26.0,"6'0""",200.0,Canada,"Estevan, SK",False,D,5,0,0,0,0.6,0.0,0.0,0.0,10.6,10.6,0,0,0,0,0,0,0,0,0,0,0,0,0,0.0,-2,8,3,0.0,1,3,2,13,15,2,2,0,0,0,0.0,2,4,2,6,0,97,62,17,18,3872,289,320,3263,CGY,Pacific,Western
2025-2026,20251101,8,NYI,5207,Jean-Gabriel Pageau,ROSTER,32.0,"5'10""",180.0,Canada,"Ottawa, ON",False,C,11,3,3,6,1.0,0.27,0.27,0.55,29.8,0.0,1,0,0,0,1,2,3,1,0,0,0,0,0,0.0,1,22,11,27.3,10,6,5,19,9,10,4,169,102,67,60.4,0,0,1,2,0,228,101,61,69,9659,1915,644,7100,NYI,Metropolitan,Eastern
2025-2026,20251101,7,NJD,5178,Ondrej Palat,ROSTER,34.0,"5'11""",194.0,Czech Republic,Frydek-Mistek,False,LW,11,0,1,1,1.09,0.09,0.0,0.09,30.7,0.0,0,0,1,1,0,0,0,0,0,0,0,0,0,0.0,-1,22,12,0.0,11,3,7,18,16,3,1,2,0,2,0.0,0,0,5,10,0,211,125,37,49,8304,1854,417,6033,NJD,Metropolitan,Eastern
2025-2026,20251101,8,NYI,4796,Kyle Palmieri,ROSTER,34.0,"5'11""",185.0,USA,"Smithtown, NY",False,C,11,4,4,8,3.09,0.36,0.36,0.73,18.3,15.9,1,0,3,3,0,0,0,0,0,0,0,0,0,0.0,-2,63,34,11.8,6,11,18,12,9,5,3,2,1,1,50.0,3,6,3,8,0,249,135,61,57,13091,3822,495,8774,NYI,Metropolitan,Eastern
2025-2026,20251101,9,NYR,5811,Artemi Panarin,ROSTER,34.0,"5'11""",170.0,Russia,Korkino,False,LW,12,2,5,7,2.92,0.42,0.17,0.58,4.7,5.3,0,0,2,2,0,0,0,1,0,0,0,0,0,0.0,-4,78,35,5.7,2,21,24,2,4,16,4,0,0,0,0.0,1,2,1,2,0,272,135,61,71,15254,2614,941,11226,NYR,Metropolitan,Eastern
2025-2026,20251101,17,STL,5826,Colton Parayko,ROSTER,32.0,"6'6""",230.0,Canada,"St. Albert, AB",False,D,11,0,5,5,1.64,0.45,0.0,0.45,37.6,10.6,0,0,0,0,0,0,0,0,0,0,0,0,0,0.0,-4,49,18,0.0,18,16,15,11,18,15,7,0,0,0,0.0,2,4,2,4,0,318,186,74,58,15241,2757,1108,11376,STL,Central,Western
2025-2026,20251101,23,CGY,142360,Zayne Parekh,ROSTER,,,,,,False,D,9,0,1,1,1.22,0.11,0.0,0.11,9.4,0.0,0,0,1,1,0,0,0,0,0,0,0,0,0,0.0,-1,33,11,0.0,4,16,6,4,18,15,3,0,0,0,0.0,0,0,4,8,0,192,157,31,4,8580,1569,105,6906,CGY,Pacific,Western
2025-2026,20251101,9,NYR,34307,Juuso Parssinen,ROSTER,24.0,"6'2""",203.0,Finland,Hmeenlinna,True,C,8,2,1,3,1.0,0.12,0.25,0.38,18.9,5.3,0,0,0,0,0,0,0,0,0,0,0,0,0,0.0,3,15,8,25.0,8,3,4,8,6,5,1,13,6,7,46.2,1,2,1,2,0,108,78,11,21,4304,364,167,3773,NYR,Metropolitan,Eastern
2025-2026,20251101,11,BOS,5437,David Pastrnak,ROSTER,29.0,"6'0""",194.0,Czech Republic,Havirov,False,RW,13,7,10,17,3.46,0.77,0.54,1.31,24.6,31.8,2,3,5,8,0,0,0,0,0,0,0,0,0,0.0,-5,104,45,15.6,4,42,17,26,13,24,6,0,0,0,0.0,6,12,6,12,0,267,141,81,52,15543,4837,1480,9226,BOS,Atlantic,Eastern
2025-2026,20251101,2,WPJ,5292,Tanner Pearson,ROSTER,33.0,"6'1""",201.0,Canada,"Kitchener, ON",False,LW,11,2,1,3,0.91,0.09,0.18,0.27,21.6,26.5,0,0,0,0,0,0,0,0,0,0,0,0,0,0.0,1,18,10,20.0,8,4,4,12,7,9,1,3,2,1,66.7,5,10,0,0,0,193,88,55,52,7323,1292,862,5169,WPG,,
2025-2026,20251101,11,BOS,15999,Andrew Peeke,ROSTER,27.0,"6'3""",194.0,USA,"Parkland, FL",False,D,13,0,2,2,1.23,0.15,0.0,0.15,62.4,0.0,0,0,0,0,0,0,0,0,0,0,0,0,0,0.0,-4,39,16,0.0,30,11,12,18,17,13,1,0,0,0,0.0,0,0,0,0,0,319,176,51,92,14834,1687,870,12277,BOS,Atlantic,Eastern
2025-2026,20251101,8,NYI,5856,Adam Pelech,ROSTER,31.0,"6'3""",218.0,Canada,"Toronto, ON",False,D,11,0,2,2,1.09,0.18,0.0,0.18,27.8,10.6,0,0,0,0,0,0,0,0,0,0,0,0,0,0.0,3,44,12,0.0,15,15,17,4,21,8,2,0,0,0,0.0,2,4,3,6,0,288,142,56,90,12512,1551,752,10209,NYI,Metropolitan,Eastern
2025-2026,20251101,18,NSH,38801,Nicklaus Perbix,ROSTER,27.0,"6'4""",200.0,USA,"Minneapolis, MN",True,D,12,2,1,3,1.42,0.08,0.17,0.25,33.4,10.6,0,0,0,0,0,0,0,0,0,0,0,0,0,0.0,-1,41,17,11.8,18,20,4,5,16,15,3,0,0,0,0.0,2,4,0,0,0,312,176,77,61,15055,1798,1351,11906,NSH,Central,Western
2025-2026,20251101,13,OTT,4307,David Perron,ROSTER,37.0,"6'0""",200.0,Canada,"Sherbrooke, QC",False,LW,12,2,4,6,1.17,0.33,0.17,0.5,15.3,21.2,0,2,2,4,0,0,0,0,0,0,0,0,0,0.0,-6,21,14,14.3,3,4,3,15,7,5,2,1,0,1,0.0,4,8,4,8,0,253,120,67,68,10453,2929,1024,6500,OTT,Atlantic,Eastern
2025-2026,20251101,28,LAK,3626,Corey Perry,ROSTER,40.0,"6'3""",205.0,Canada,"Peterborough, ON",False,RW,6,5,2,7,2.0,0.33,0.83,1.17,4.7,5.3,1,1,0,1,0,0,0,0,0,0,2,1,0,0.0,6,18,12,41.7,2,2,4,2,6,2,0,3,2,1,66.7,1,2,1,2,0,108,59,32,22,5169,1873,326,2970,LAK,Pacific,Western
2025-2026,20251101,7,NJD,5845,Brett Pesce,ROSTER,30.0,"6'3""",206.0,USA,"Tarrytown, NY",False,D,9,0,3,3,0.89,0.33,0.0,0.33,42.8,5.3,0,0,0,0,0,0,0,0,0,0,0,0,0,0.0,3,17,8,0.0,24,5,4,4,10,4,2,0,0,0,0.0,1,2,1,2,0,193,89,44,60,10614,1679,548,8387,NJD,Metropolitan,Eastern
2025-2026,20251101,30,UTA,28525,John-Jason Peterka,ROSTER,23.0,"5'11""",192.0,Germany,Munich,True,RW,11,4,6,10,1.73,0.55,0.36,0.91,8.0,10.6,1,0,0,0,0,0,0,1,0,0,0,0,0,0.0,8,42,19,21.1,4,16,7,2,10,13,5,5,1,4,20.0,2,4,3,6,0,236,123,28,89,10741,828,359,9554,UTA,Central,Western
2025-2026,20251101,27,DAL,5213,Alex Petrovic,ROSTER,33.0,"6'4""",216.0,Canada,"Edmonton, AB",False,D,9,0,1,1,1.11,0.11,0.0,0.11,32.7,41.4,0,0,0,0,0,0,0,0,0,0,0,0,0,0.0,-5,18,10,0.0,13,8,0,16,19,10,2,0,0,0,0.0,4,19,1,5,1,138,93,13,32,7222,1370,295,5557,DAL,Central,Western
2025-2026,20251101,4,FLO,4929,Jeff Petry,ROSTER,37.0,"6'3""",209.0,USA,"Ann Arbor, MI",False,D,11,0,2,2,0.82,0.18,0.0,0.18,23.9,10.6,0,0,2,2,0,0,0,0,0,0,0,0,0,0.0,-5,25,9,0.0,11,10,6,8,15,12,0,0,0,0,0.0,2,4,0,0,0,223,112,52,59,9761,2574,569,6618,FLA,,
2025-2026,20251101,21,VAN,15084,Elias Pettersson,ROSTER,26.0,"6'2""",176.0,Sweden,Sundsvall,False,C,12,3,5,8,1.67,0.42,0.25,0.67,53.4,5.3,1,1,2,3,0,0,0,0,0,0,2,1,0,0.0,1,48,20,15.0,25,11,17,17,14,10,6,242,112,130,46.3,1,2,4,8,0,271,147,82,45,14055,3040,2158,8857,VAN,Pacific,Western
2025-2026,20251101,21,VAN,56700,Elias Nils Pettersson,ROSTER,21.0,"6'2""",185.0,Sweden,Västerås,False,D,12,0,1,1,0.5,0.08,0.0,0.08,34.0,5.3,0,0,0,0,0,0,0,0,0,0,0,0,0,0.0,-1,23,6,0.0,15,11,6,13,18,13,3,0,0,0,0.0,1,2,3,6,0,232,183,16,33,10228,1032,142,9054,VAN,Pacific,Western
2025-2026,20251101,21,VAN,14114,Marcus Pettersson,ROSTER,29.0,"6'3""",177.0,Sweden,Skellefteå,False,D,12,0,2,2,0.67,0.17,0.0,0.17,38.2,52.3,0,0,0,0,0,0,0,0,0,0,0,0,0,0.0,2,27,8,0.0,20,9,10,7,21,13,3,0,0,0,0.0,8,19,1,5,1,283,153,34,96,14739,1866,867,12006,VAN,Pacific,Western
2025-2026,20251101,24,EDM,39040,Noah Philp,ROSTER,27.0,"6'3""",200.0,Canada,"Canmore, AB",True,C,6,2,1,3,1.0,0.17,0.33,0.5,7.9,5.3,0,0,0,0,0,0,0,0,0,0,0,0,0,0.0,-2,11,6,33.3,1,4,1,9,7,3,3,46,24,22,52.2,1,2,2,4,0,93,56,25,14,4084,699,533,2852,EDM,Pacific,Western
2025-2026,20251101,10,PIT,43371,Owen Pickering,ROSTER,21.0,"6'4""",180.0,Canada,"St. Adolphe, MB",True,D,2,0,0,0,0.0,0.0,0.0,0.0,4.0,0.0,0,0,0,0,0,0,0,0,0,0,0,0,0,0.0,1,2,0,0.0,2,1,1,1,3,4,0,0,0,0,0.0,0,0,0,0,0,41,37,2,2,1595,232,32,1331,PIT,Metropolitan,Eastern
2025-2026,20251101,13,OTT,30027,Shane Pinto,ROSTER,24.0,"6'3""",201.0,USA,"Franklin Square, NY",True,C,12,8,3,11,2.92,0.25,0.67,0.92,17.2,26.5,2,0,0,0,0,1,1,1,0,0,1,0,1,100.0,2,70,35,22.9,7,13,22,8,17,10,4,143,86,57,60.1,5,10,3,6,0,306,139,56,120,13673,2021,541,11262,OTT,Atlantic,Eastern
2025-2026,20251101,2,WPJ,14095,Neal Pionk,ROSTER,30.0,"6'0""",186.0,USA,"Hermantown, MN",False,D,11,0,2,2,2.36,0.18,0.0,0.18,42.7,21.2,0,0,1,1,0,0,0,0,0,0,0,0,0,0.0,1,55,26,0.0,19,19,10,16,12,8,3,0,0,0,0.0,4,8,2,4,0,310,188,75,47,15701,3153,1690,10858,WPG,,
2025-2026,20251101,25,MIN,5274,Tyler Pitlick,ROSTER,34.0,"6'2""",200.0,USA,"Minneapolis, MN",False,C,6,0,0,0,0.83,0.0,0.0,0.0,17.4,5.3,0,0,0,0,0,0,0,0,0,0,0,0,0,0.0,-1,9,5,0.0,3,2,2,18,2,2,1,0,0,0,0.0,1,2,0,0,0,59,27,21,11,3006,717,215,2074,MIN,Central,Western
2025-2026,20251101,24,EDM,30369,Vasily Podkolzin,ROSTER,24.0,"6'1""",190.0,Russia,Moscow,True,RW,12,1,4,5,1.5,0.33,0.08,0.42,42.6,5.3,0,0,0,0,0,0,0,1,0,0,0,0,0,0.0,6,27,18,5.6,9,5,4,40,10,7,3,4,2,2,50.0,1,2,0,0,0,215,147,61,8,10285,2046,1292,6947,EDM,Pacific,Western
2025-2026,20251101,29,ANA,13640,Ryan Poehling,ROSTER,26.0,"6'2""",204.0,USA,"Lakeville, MN",False,C,10,1,2,3,0.7,0.2,0.1,0.3,8.7,5.3,0,0,0,0,0,0,0,0,0,0,0,0,0,0.0,-2,14,7,14.3,4,3,4,3,13,5,2,94,43,51,45.7,1,2,1,2,0,166,77,37,53,6684,1166,220,5298,ANA,Pacific,Western
2025-2026,20251101,1,TBL,10079,Brayden Point,ROSTER,29.0,"5'10""",166.0,Canada,"Calgary, AB",False,C,11,2,6,8,1.91,0.55,0.18,0.73,9.7,10.6,0,1,2,3,0,0,0,0,0,0,0,0,0,0.0,-9,39,21,9.5,5,9,9,2,11,15,1,124,52,72,41.9,2,4,4,8,0,245,115,88,44,12729,3394,2651,6684,TBL,Atlantic,Eastern
2025-2026,20251101,15,BUF,34475,Owen Power,ROSTER,22.0,"6'6""",214.0,Canada,"Mississauga, ON",True,D,10,1,3,4,1.7,0.3,0.1,0.4,19.8,5.3,0,0,0,0,0,2,2,0,0,0,0,0,0,0.0,-5,37,17,5.9,9,12,8,7,12,8,3,0,0,0,0.0,1,2,0,0,0,276,156,44,77,13016,1577,335,11104,BUF,Atlantic,Eastern
2025-2026,20251101,5,WSH,28499,Aliaksei Protas,ROSTER,24.0,"6'5""",190.0,Belarus,Vitebsk,True,C,11,4,5,9,2.36,0.45,0.36,0.82,15.8,5.3,1,0,1,1,0,0,0,1,0,0,0,0,0,0.0,4,52,26,15.4,7,12,14,6,11,12,3,8,1,7,12.5,1,2,3,6,0,258,156,67,35,12373,2753,727,8776,WSH,Metropolitan,Eastern
2025-2026,20251101,19,CBJ,5602,Ivan Provorov,ROSTER,28.0,"6'1""",201.0,Russia,Yaroslavl,False,D,10,2,2,4,2.2,0.2,0.2,0.4,28.9,5.3,0,0,0,0,0,0,0,0,0,0,0,0,0,0.0,7,42,22,9.1,14,11,9,8,10,10,6,0,0,0,0.0,1,2,1,2,0,251,120,62,67,14385,2540,924,10656,CBJ,Metropolitan,Eastern
2025-2026,20251101,8,NYI,5815,Ryan Pulock,ROSTER,31.0,"6'2""",217.0,Canada,"Dauphin, MB",False,D,11,0,5,5,0.91,0.45,0.0,0.45,42.9,0.0,0,0,0,0,0,1,1,0,0,0,0,0,0,0.0,1,31,10,0.0,22,14,7,9,13,15,2,0,0,0,0.0,0,0,0,0,0,296,152,104,40,12728,1185,1695,9848,NYI,Metropolitan,Eastern
2025-2026,20251101,15,BUF,28524,Jack Quinn,ROSTER,24.0,"6'0""",176.0,Canada,"Ottawa, ON",True,RW,11,3,3,6,1.64,0.27,0.27,0.55,9.4,0.0,1,2,0,2,0,0,0,1,0,0,0,0,0,0.0,-4,36,18,16.7,4,7,11,4,14,10,1,0,0,0,0.0,0,0,1,2,0,225,140,39,49,9928,1170,350,8408,BUF,Atlantic,Eastern
2025-2026,20251101,1,TBL,18138,Darren Raddysh,ROSTER,29.0,"6'0""",201.0,Canada,"Caledon, ON",False,D,7,1,2,3,1.71,0.29,0.14,0.43,10.1,5.3,0,0,0,0,0,0,0,0,0,0,0,0,0,0.0,-4,31,12,8.3,4,13,6,5,12,5,1,0,0,0,0.0,1,2,0,0,0,135,72,30,34,6229,1613,509,4107,TBL,Atlantic,Eastern
2025-2026,20251101,9,NYR,15229,Taylor Raddysh,ROSTER,27.0,"6'2""",198.0,Canada,"Toronto, ON",False,RW,12,5,0,5,1.5,0.0,0.42,0.42,11.2,5.3,1,0,0,0,1,0,1,0,0,0,0,0,0,0.0,3,25,18,27.8,3,3,4,9,6,3,5,2,0,2,0.0,1,2,0,0,0,214,119,46,49,8804,1976,557,5974,NYR,Metropolitan,Eastern
2025-2026,20251101,10,PIT,5144,Rickard Rakell,ROSTER,32.0,"6'0""",196.0,Sweden,Sundbyberg,False,RW,9,3,5,8,1.89,0.56,0.33,0.89,22.9,5.3,1,1,2,3,0,1,1,0,0,0,0,0,0,0.0,1,36,17,17.6,10,9,10,9,12,4,3,6,1,5,16.7,1,2,0,0,0,195,79,90,21,9580,1467,2444,5305,PIT,Metropolitan,Eastern
2025-2026,20251101,27,DAL,5605,Mikko Rantanen,ROSTER,29.0,"6'4""",215.0,Finland,Nousiainen,False,RW,11,4,8,12,2.36,0.73,0.36,1.09,18.3,37.2,1,2,6,8,0,0,0,1,0,0,1,0,1,100.0,-1,54,26,15.4,6,14,14,12,14,8,1,14,7,7,50.0,7,14,8,16,0,255,132,57,71,14155,3197,658,10424,DAL,Central,Western
2025-2026,20251101,16,DET,13624,Michael Rasmussen,ROSTER,26.0,"6'6""",221.0,Canada,"Surrey, BC",False,C,11,1,2,3,0.82,0.18,0.09,0.27,22.6,10.6,0,0,0,0,0,0,0,0,0,0,0,0,0,0.0,-3,24,9,11.1,9,5,11,11,9,3,0,85,51,34,60.0,2,4,1,2,0,192,103,41,49,7807,1290,494,6028,DET,Atlantic,Eastern
2025-2026,20251101,21,VAN,32262,Aatu Raty,ROSTER,22.0,"6'2""",185.0,Finland,Oulu,True,C,10,0,2,2,0.6,0.2,0.0,0.2,25.3,10.6,0,0,0,0,0,0,0,0,0,0,0,0,0,0.0,2,21,6,0.0,4,5,10,27,8,5,1,125,70,55,56.0,2,4,1,2,0,193,128,27,38,7598,1268,307,6023,VAN,Pacific,Western
2025-2026,20251101,16,DET,19050,Lucas Raymond,ROSTER,23.0,"5'11""",170.0,Sweden,Goteborg,True,LW,10,3,8,11,1.5,0.8,0.3,1.1,7.1,0.0,1,1,3,4,0,0,0,1,0,0,1,0,1,100.0,4,36,15,20.0,3,10,11,3,9,8,6,1,1,0,100.0,0,0,5,10,0,212,132,34,50,10323,2110,550,7795,DET,Atlantic,Eastern
2025-2026,20251101,26,SJS,4892,Ryan Reaves,ROSTER,38.0,"6'2""",225.0,Canada,"Winnipeg, MB",False,RW,10,2,0,2,0.6,0.0,0.2,0.2,27.2,30.4,0,0,0,0,0,0,0,0,0,0,0,0,0,0.0,-3,10,6,33.3,1,1,3,37,3,2,1,0,0,0,0.0,2,10,2,10,2,98,55,31,15,4026,1245,167,2617,SJS,Pacific,Western
2025-2026,20251101,24,EDM,24516,Alec Regula,ROSTER,25.0,"6'4""",203.0,USA,"West Bloomfield, MI",False,D,2,0,0,0,1.5,0.0,0.0,0.0,3.3,0.0,0,0,0,0,0,0,0,0,0,0,0,0,0,0.0,-1,5,3,0.0,2,1,1,0,8,1,0,0,0,0,0.0,0,0,0,0,0,37,21,8,8,1907,168,55,1684,EDM,Pacific,Western
2025-2026,20251101,20,CHI,30422,Lukas Reichel,ROSTER,23.0,"6'0""",170.0,Germany,Nürnberg,True,LW,5,2,2,4,1.2,0.4,0.4,0.8,5.7,5.3,0,0,0,0,0,0,0,0,0,0,0,0,0,0.0,1,10,6,33.3,3,2,2,1,1,4,1,7,2,5,28.6,1,2,0,0,0,66,38,8,22,2959,149,68,2742,CHI,Central,Western
2025-2026,20251101,20,CHI,30422,Lukas Reichel,ROSTER,23.0,"6'0""",170.0,Germany,Nürnberg,True,LW,5,2,2,4,1.2,0.4,0.4,0.8,5.7,5.3,0,0,0,0,0,0,0,0,0,0,0,0,0,0.0,1,10,6,33.3,3,2,2,1,1,4,1,7,2,5,28.6,1,2,0,0,0,66,38,8,22,2959,149,68,2742,CHI,Central,Western
2025-2026,20251101,21,VAN,30422,Lukas Reichel,ROSTER,23.0,"6'0""",170.0,Germany,Nürnberg,True,LW,4,0,0,0,1.75,0.0,0.0,0.0,3.0,0.0,0,0,0,0,0,0,0,0,0,0,0,0,0,0.0,-3,14,7,0.0,1,0,7,2,3,3,0,43,17,26,39.5,0,0,0,0,0,83,57,13,13,3989,709,186,3094,VAN,Pacific,Western
2025-2026,20251101,21,VAN,30422,Lukas Reichel,ROSTER,23.0,"6'0""",170.0,Germany,Nürnberg,True,LW,4,0,0,0,1.75,0.0,0.0,0.0,3.0,0.0,0,0,0,0,0,0,0,0,0,0,0,0,0,0.0,-3,14,7,0.0,1,0,7,2,3,3,0,43,17,26,39.5,0,0,0,0,0,83,57,13,13,3989,709,186,3094,VAN,Pacific,Western
2025-2026,20251101,3,CAR,5814,Mike Reilly,ROSTER,32.0,"6'1""",200.0,USA,"Chanhassen, MN",False,D,7,1,3,4,2.14,0.43,0.14,0.57,17.1,0.0,0,0,0,0,1,0,1,0,0,0,0,0,0,0.0,8,36,15,6.7,9,11,10,3,9,4,0,0,0,0,0.0,0,0,2,4,0,192,93,44,56,7718,1412,492,5814,CAR,Metropolitan,Eastern
2025-2026,20251101,142,VGK,30061,Cole Reinhardt,ROSTER,25.0,"6'1""",203.0,Canada,"Calgary, AB",True,LW,5,1,1,2,0.2,0.2,0.2,0.4,7.6,0.0,0,0,0,0,0,0,0,0,0,0,0,0,0,0.0,-1,7,1,100.0,0,2,4,11,1,5,0,2,1,1,50.0,0,0,1,2,0,69,44,19,7,3033,633,225,2175,VGK,Pacific,Western
2025-2026,20251101,4,FLO,5416,Sam Reinhart,ROSTER,29.0,"6'1""",194.0,Canada,"North Vancouver, BC",False,C,11,5,1,6,3.18,0.09,0.45,0.55,23.0,5.3,1,1,1,2,1,0,1,1,0,0,1,0,0,0.0,-4,82,35,14.3,8,15,32,14,16,8,2,56,18,38,32.1,1,2,1,2,0,263,112,93,63,14202,2879,2349,8974,FLA,,
2025-2026,20251101,9,NYR,34418,Matt Rempe,ROSTER,23.0,"6'8""",205.0,Canada,"Calgary, AB",True,C,9,1,0,1,0.89,0.0,0.11,0.11,24.0,20.5,0,0,0,0,0,0,0,0,0,0,0,0,0,0.0,1,16,8,12.5,2,3,5,30,7,2,1,5,2,3,40.0,2,7,2,7,1,122,83,32,2,5296,1096,359,3591,NYR,Metropolitan,Eastern
2025-2026,20251101,12,TOR,5261,Morgan Rielly,ROSTER,31.0,"6'1""",219.0,Canada,"West Vancouver, BC",False,D,10,2,4,6,2.2,0.4,0.2,0.6,21.5,5.3,0,0,0,0,0,0,0,1,0,0,0,0,0,0.0,-5,55,22,9.1,10,16,17,7,16,23,2,0,0,0,0.0,1,2,0,0,0,283,170,56,59,13006,2669,758,9579,TOR,Atlantic,Eastern
2025-2026,20251101,20,CHI,56353,Sam Rinzel,ROSTER,21.0,"6'3""",180.0,USA,"Chanhassen, MN",False,D,11,1,2,3,1.64,0.18,0.09,0.27,33.3,31.8,0,0,0,0,0,0,0,0,0,0,0,0,0,0.0,0,48,18,5.6,15,22,8,12,15,20,2,0,0,0,0.0,6,12,2,4,0,245,189,20,37,13148,2311,121,10716,CHI,Central,Western
2025-2026,20251101,8,NYI,134181,Calum Ritchie,ROSTER,20.0,"6'2""",185.0,Canada,"Oakville, ON",True,C,1,0,0,0,0.0,0.0,0.0,0.0,1.7,10.6,0,0,0,0,0,0,0,0,0,0,0,0,0,0.0,0,2,0,0.0,1,0,2,0,2,2,0,6,3,3,50.0,2,4,0,0,0,21,17,4,0,977,162,42,773,NYI,Metropolitan,Eastern
2025-2026,20251101,27,DAL,18026,Jason Robertson,ROSTER,26.0,"6'2""",194.0,USA,"Northville, MI",False,LW,11,3,6,9,4.27,0.55,0.27,0.82,17.2,0.0,1,2,2,4,0,0,0,0,0,0,1,0,1,100.0,1,79,47,6.4,7,15,17,8,15,14,6,1,0,1,0.0,0,0,3,6,0,247,130,55,66,13662,2465,313,10971,DAL,Central,Western
2025-2026,20251101,9,NYR,29769,Matthew Robertson,ROSTER,24.0,"6'4""",202.0,Canada,"Sherwood Park, AB",True,D,7,1,0,1,0.86,0.0,0.14,0.14,17.9,10.6,0,0,0,0,0,0,0,0,0,0,0,0,0,0.0,-2,23,6,16.7,7,10,7,9,11,7,0,0,0,0,0.0,2,4,0,0,0,156,105,21,31,7201,814,205,6182,NYR,Metropolitan,Eastern
2025-2026,20251101,12,TOR,20226,Nicholas Robertson,ROSTER,24.0,"5'9""",162.0,USA,"Pasadena, CA",True,LW,10,2,2,4,1.9,0.2,0.2,0.4,8.3,0.0,0,0,0,0,0,0,0,0,0,0,0,0,0,0.0,-4,30,19,10.5,0,5,6,12,6,6,2,1,0,1,0.0,0,0,1,2,0,163,90,50,25,7291,1516,510,5265,TOR,Atlantic,Eastern
2025-2026,20251101,3,CAR,14154,Eric Robinson,ROSTER,30.0,"6'2""",197.0,USA,"Bellmawr, New Jersey",False,LW,7,3,1,4,1.29,0.14,0.43,0.57,7.9,0.0,1,0,0,0,0,0,0,0,0,0,0,0,0,0.0,2,16,9,33.3,1,2,5,9,8,3,1,1,0,1,0.0,0,0,1,2,0,102,53,26,26,4180,384,407,3389,CAR,Metropolitan,Eastern
2025-2026,20251101,4,FLO,9075,Evan Rodrigues,ROSTER,32.0,"5'11""",184.0,Canada,"Toronto, ON",False,C,11,2,3,5,2.0,0.27,0.18,0.45,21.3,21.2,0,0,1,1,0,0,0,0,0,0,1,0,0,0.0,2,39,22,9.1,7,6,11,14,11,9,2,98,45,53,45.9,4,8,4,8,0,241,125,73,44,10968,2001,1575,7376,FLA,,
2025-2026,20251101,8,NYI,14561,Alexander Romanov,ROSTER,25.0,"6'1""",209.0,Russia,Moscow,True,D,6,0,0,0,0.67,0.0,0.0,0.0,42.4,10.6,0,0,0,0,0,0,0,0,0,0,0,0,0,0.0,-2,14,4,0.0,18,6,4,18,13,6,2,0,0,0,0.0,2,4,1,2,0,134,92,11,31,6731,824,193,5714,NYI,Metropolitan,Eastern
2025-2026,20251101,24,EDM,5620,Jack Roslovic,ROSTER,28.0,"6'1""",187.0,USA,"Columbus, OH",False,C,10,1,3,4,2.4,0.3,0.1,0.4,9.4,0.0,0,0,0,0,0,0,0,0,0,0,0,0,0,0.0,6,36,24,4.2,4,2,10,4,5,6,4,17,7,10,41.2,0,0,3,6,0,186,95,68,24,9444,2203,1515,5726,EDM,Pacific,Western
2025-2026,20251101,25,MIN,28380,Marco Rossi,ROSTER,24.0,"5'9""",183.0,Austria,Feldkirch,True,C,11,2,9,11,1.73,0.82,0.18,1.0,14.1,0.0,0,0,5,5,0,0,0,0,0,0,1,0,1,100.0,-6,38,19,10.5,6,9,10,6,9,11,3,149,73,76,49.0,0,0,2,4,0,226,130,55,44,12101,1881,575,9885,MIN,Central,Western
2025-2026,20251101,14,MTL,38746,Joshua Roy,ASSIGNED_TO_MINORS,22.0,"6'0""",190.0,Canada,"St-Georges-de-Beauce, QC",True,RW,1,0,0,0,0.0,0.0,0.0,0.0,2.8,0.0,0,0,0,0,0,0,0,0,0,0,0,0,0,0.0,0,0,0,0.0,0,0,0,4,1,0,0,0,0,0,0.0,0,0,0,0,0,10,4,3,3,478,76,0,402,MTL,Atlantic,Eastern
2025-2026,20251101,5,WSH,5789,Matt Roy,ROSTER,30.0,"6'1""",200.0,USA,"Canton, MI",False,D,11,0,1,1,1.36,0.09,0.0,0.09,44.7,5.3,0,0,0,0,0,0,0,0,0,0,0,0,0,0.0,1,34,15,0.0,21,13,6,14,30,8,1,0,0,0,0.0,1,2,2,4,0,233,116,33,83,12786,1182,394,11165,WSH,Metropolitan,Eastern
2025-2026,20251101,12,TOR,14391,Nicolas Roy,ROSTER,28.0,"6'4""",200.0,Canada,"Amos, QC",False,C,11,1,2,3,0.91,0.18,0.09,0.27,24.7,10.6,0,0,0,0,0,0,0,0,0,0,0,0,0,0.0,-4,16,10,10.0,9,4,2,14,7,17,4,112,55,57,49.1,2,4,1,4,0,214,109,73,33,8948,1412,1404,6132,TOR,Atlantic,Eastern
2025-2026,20251101,10,PIT,5500,Bryan Rust,ROSTER,33.0,"5'11""",192.0,USA,"Pontiac, MI",False,RW,10,4,6,10,2.4,0.6,0.4,1.0,24.0,15.9,1,0,3,3,0,0,0,2,0,0,2,0,1,50.0,6,38,24,16.7,14,4,10,1,13,13,1,1,0,1,0.0,3,6,4,8,0,234,102,108,29,12142,2138,2810,7300,PIT,Metropolitan,Eastern
2025-2026,20251101,142,VGK,5014,Brandon Saad,ROSTER,33.0,"6'1""",206.0,USA,"Pittsburgh, PA",False,LW,11,0,1,1,1.18,0.09,0.0,0.09,14.7,5.3,0,0,0,0,0,0,0,0,0,0,0,0,0,0.0,0,27,13,0.0,8,11,3,2,3,8,4,5,1,4,20.0,1,2,1,2,0,193,89,47,58,8708,2717,553,5426,VGK,Pacific,Western
2025-2026,20251101,4,FLO,37976,Mackie Samoskevich,ROSTER,22.0,"5'11""",191.0,USA,"Newtown, CT",True,RW,11,2,5,7,2.45,0.45,0.18,0.64,19.5,15.9,0,2,3,5,0,0,0,0,0,0,0,0,0,0.0,0,56,27,7.4,3,16,13,21,16,6,1,0,0,0,0.0,3,6,3,6,0,224,151,58,17,9941,2360,700,6881,FLA,,
2025-2026,20251101,15,BUF,14555,Mattias Samuelsson,ROSTER,25.0,"6'4""",218.0,USA,"Voorhees, New Jersey",True,D,9,2,4,6,1.0,0.44,0.22,0.67,49.0,10.6,0,0,0,0,0,0,0,1,0,0,0,0,0,0.0,3,23,9,22.2,24,11,4,13,27,4,0,0,0,0,0.0,2,4,2,4,0,238,126,32,82,11267,670,121,10476,BUF,Atlantic,Eastern
2025-2026,20251101,13,OTT,37996,Jake Sanderson,ROSTER,23.0,"6'3""",195.0,USA,"Whitefish, MT",True,D,12,3,8,11,2.42,0.67,0.25,0.92,40.1,0.0,1,1,4,5,0,0,0,0,0,0,0,0,0,0.0,-1,75,29,10.3,22,29,17,5,32,20,8,0,0,0,0.0,0,0,2,4,0,355,179,52,127,17062,2195,458,14409,OTT,Atlantic,Eastern
2025-2026,20251101,5,WSH,14552,Rasmus Sandin,ROSTER,25.0,"5'11""",183.0,Sweden,Uppsala,True,D,7,0,2,2,0.57,0.29,0.0,0.29,27.7,0.0,0,0,0,0,0,0,0,0,0,0,0,0,0,0.0,3,22,4,0.0,10,10,8,16,9,9,3,0,0,0,0.0,0,0,0,0,0,148,85,34,29,8147,1062,810,6275,WSH,Metropolitan,Eastern
2025-2026,20251101,16,DET,133971,Axel Sandin-Pellikka,ROSTER,20.0,"5'11""",181.0,Sweden,Gallivare,True,D,12,1,2,3,1.33,0.17,0.08,0.25,30.4,15.9,0,0,2,2,0,0,0,0,0,0,0,0,0,0.0,-9,46,16,6.2,17,19,11,3,21,13,2,0,0,0,0.0,3,6,1,2,0,293,210,31,54,13481,2100,107,11317,DET,Atlantic,Eastern
2025-2026,20251101,6,PHI,11718,Travis Sanheim,ROSTER,29.0,"6'3""",181.0,Canada,"Elkhorn, MB",False,D,10,1,3,4,1.1,0.3,0.1,0.4,42.9,10.6,0,0,0,0,0,0,0,0,0,0,0,0,0,0.0,3,33,11,9.1,22,10,12,9,14,17,2,0,0,0,0.0,2,4,0,0,0,312,159,34,120,15875,1645,530,13700,PHI,Metropolitan,Eastern
2025-2026,20251101,21,VAN,79679,Max Sasson,ROSTER,25.0,"6'1""",181.0,USA,"Birmingham, MI",True,C,9,3,0,3,0.89,0.0,0.33,0.33,19.4,0.0,1,0,0,0,0,0,0,0,0,0,0,0,0,0.0,1,16,8,37.5,10,3,5,4,8,3,2,35,11,24,31.4,0,0,0,0,0,129,109,16,7,5432,778,102,4552,VAN,Pacific,Western
2025-2026,20251101,24,EDM,43365,Matthew Savoie,ROSTER,21.0,"5'9""",175.0,Canada,"St. Albert, AB",True,C,12,1,1,2,1.08,0.08,0.08,0.17,15.4,0.0,0,1,1,2,0,0,0,0,0,0,1,0,0,0.0,-5,28,13,7.7,8,7,8,3,15,8,2,2,1,1,50.0,0,0,2,4,0,213,160,27,27,9482,1573,16,7893,EDM,Pacific,Western
2025-2026,20251101,8,NYI,168063,Matthew Schaefer,ROSTER,18.0,"6'2""",183.0,Canada,"Hamilton, ON",True,D,11,3,5,8,3.0,0.45,0.27,0.73,24.1,8.0,1,2,2,4,0,0,0,1,0,0,0,0,0,0.0,0,70,33,9.1,12,30,7,6,33,14,5,0,0,0,0.0,2,2,6,12,0,285,236,20,31,14748,2038,9,12701,NYI,Metropolitan,Eastern
2025-2026,20251101,2,WPJ,5003,Mark Scheifele,ROSTER,32.0,"6'3""",207.0,Canada,"Kitchener, ON",False,C,11,9,9,18,2.64,0.82,0.82,1.64,5.4,10.6,3,3,2,5,0,1,1,2,0,0,0,0,0,0.0,8,43,29,31.0,2,3,11,3,10,15,1,178,85,93,47.8,2,4,6,12,0,246,121,75,59,13184,3339,825,9020,WPG,,
2025-2026,20251101,17,STL,4712,Brayden Schenn,ROSTER,34.0,"6'1""",200.0,Canada,"Saskatoon, SK",False,C,11,2,3,5,1.27,0.27,0.18,0.45,24.3,31.1,0,0,1,1,0,0,0,0,0,0,1,1,0,0.0,-12,30,14,14.3,3,5,11,28,11,14,1,163,84,79,51.5,4,11,3,9,1,236,124,43,71,11356,3053,244,8059,STL,Central,Western
2025-2026,20251101,2,WPJ,4552,Luke Schenn,ROSTER,35.0,"6'2""",227.0,Canada,"Saskatoon, SK",False,D,10,0,0,0,0.6,0.0,0.0,0.0,36.6,35.7,0,0,0,0,0,0,0,0,0,0,0,0,0,0.0,-3,22,6,0.0,12,9,7,24,17,10,2,0,0,0,0.0,3,12,2,10,2,183,97,27,59,7900,1707,428,5765,WPG,,
2025-2026,20251101,30,UTA,10071,Nick Schmaltz,ROSTER,29.0,"6'0""",177.0,USA,"Madison, WI",False,C,11,7,10,17,3.55,0.91,0.64,1.55,13.0,10.6,2,3,3,6,0,0,0,2,0,0,0,0,0,0.0,7,60,39,17.9,7,13,8,2,12,18,3,57,19,38,33.3,2,4,3,6,0,256,126,39,98,12970,2092,335,10543,UTA,Central,Western
2025-2026,20251101,30,UTA,5269,Nate Schmidt,ROSTER,34.0,"6'0""",194.0,USA,"St. Cloud, MN",False,D,11,0,2,2,1.36,0.18,0.0,0.18,28.0,5.3,0,0,0,0,0,0,0,0,0,0,0,0,0,0.0,7,35,15,0.0,11,12,8,14,10,8,3,0,0,0,0.0,1,2,2,4,0,306,154,40,112,13717,2313,436,10968,UTA,Central,Western
2025-2026,20251101,9,NYR,29932,Braden Schneider,ROSTER,24.0,"6'2""",202.0,Canada,"Prince Albert, SK",True,D,12,1,3,4,1.17,0.25,0.08,0.33,43.3,5.3,0,0,0,0,0,0,0,0,0,0,0,0,0,0.0,-3,37,14,7.1,14,14,9,29,19,9,2,0,0,0,0.0,1,2,3,6,0,281,185,34,55,13263,1365,252,11222,NYR,Metropolitan,Eastern
2025-2026,20251101,143,SEA,5088,Jaden Schwartz,ROSTER,33.0,"5'10""",190.0,Canada,"Wilcox, SK",False,LW,10,4,5,9,1.9,0.5,0.4,0.9,27.4,15.9,1,1,1,2,0,0,0,1,0,0,0,0,0,0.0,4,37,19,21.1,9,11,7,18,11,16,8,8,5,3,62.5,3,6,0,0,0,217,105,59,57,10203,2719,371,7113,SEA,Pacific,Western
2025-2026,20251101,4,FLO,28450,Cole Schwindt,ROSTER,24.0,"6'2""",182.0,Canada,"Kitchener, ON",True,RW,2,1,0,1,0.5,0.0,0.5,0.5,4.0,0.0,0,0,0,0,0,0,0,0,0,0,0,0,0,0.0,1,5,1,100.0,2,3,1,1,2,1,0,12,3,9,25.0,0,0,0,0,0,22,19,1,3,959,236,0,723,FLA,,
2025-2026,20251101,13,OTT,29978,Donovan Sebrango,ROSTER,23.0,"6'1""",189.0,Canada,"Kingston, ON",True,D,2,0,0,0,0.5,0.0,0.0,0.0,0.7,15.2,0,0,0,0,0,0,0,0,0,0,0,0,0,0.0,-1,5,1,0.0,0,3,1,1,8,1,0,0,0,0,0.0,1,5,1,5,1,46,32,3,11,1827,4,0,1823,OTT,Atlantic,Eastern
2025-2026,20251101,6,PHI,12486,Nick Seeler,ROSTER,32.0,"6'2""",201.0,USA,"Eden Prairie, MN",False,D,10,0,2,2,1.2,0.2,0.0,0.2,45.2,10.6,0,0,0,0,0,0,0,0,0,0,0,0,0,0.0,0,29,12,0.0,18,12,5,22,9,7,1,0,0,0,0.0,2,4,3,6,0,282,155,35,93,12199,1922,304,9937,PHI,Metropolitan,Eastern
2025-2026,20251101,27,DAL,4875,Tyler Seguin,ROSTER,33.0,"6'1""",200.0,Canada,"Brampton, ON",False,C,11,3,2,5,1.36,0.18,0.27,0.45,13.9,5.3,1,1,0,1,0,0,0,1,0,0,0,0,0,0.0,1,26,15,20.0,5,2,9,8,6,9,3,108,59,49,54.6,1,2,2,4,0,237,109,74,57,11471,2840,486,8145,DAL,Central,Western
2025-2026,20251101,16,DET,18042,Moritz Seider,ROSTER,24.0,"6'3""",208.0,Germany,Zell Mosel,True,D,12,0,5,5,2.17,0.42,0.0,0.42,47.2,15.9,0,0,5,5,0,0,0,0,0,0,0,0,0,0.0,1,65,26,0.0,18,24,15,25,13,17,7,0,0,0,0.0,3,6,1,2,0,343,211,59,73,18197,3405,870,13923,DET,Atlantic,Eastern
2025-2026,20251101,29,ANA,142129,Beckett Sennecke,ROSTER,19.0,"6'2""",177.0,Canada,"Toronto, ON",True,RW,10,3,2,5,1.6,0.2,0.3,0.5,16.6,10.6,1,1,0,1,0,0,0,0,0,0,0,0,0,0.0,-5,33,16,18.8,5,13,4,12,16,10,3,0,0,0,0.0,2,4,5,10,0,225,197,28,4,10413,2028,282,8049,ANA,Pacific,Western
2025-2026,20251101,30,UTA,9635,Mikhail Sergachev,ROSTER,27.0,"6'2""",217.0,Russia,Nizhnekamsk,False,D,11,2,7,9,1.82,0.64,0.18,0.82,37.1,26.5,0,1,4,5,0,0,0,0,0,0,0,0,0,0.0,4,43,20,10.0,21,15,8,3,11,20,1,0,0,0,0.0,5,10,2,4,0,316,150,65,103,16420,2110,837,13473,UTA,Central,Western
2025-2026,20251101,19,CBJ,5453,Damon Severson,ROSTER,31.0,"6'2""",205.0,Canada,"Brandon, MB",False,D,10,1,2,3,1.2,0.2,0.1,0.3,26.9,10.6,0,0,1,1,0,0,0,0,0,0,0,0,0,0.0,7,37,12,8.3,12,18,7,10,5,7,3,0,0,0,0.0,2,4,1,2,0,226,101,62,63,11902,1823,995,9000,CBJ,Metropolitan,Eastern
2025-2026,20251101,8,NYI,183905,Maxim Shabanov,ROSTER,25.0,"5'9""",167.0,Russia,Chelyabinsk,True,RW,6,1,2,3,1.33,0.33,0.17,0.5,3.4,0.0,0,0,1,1,0,0,0,0,0,0,0,0,0,0.0,-3,15,8,12.5,0,3,4,5,6,5,1,0,0,0,0.0,0,0,1,2,0,96,87,4,7,4218,581,0,3637,NYI,Metropolitan,Eastern
2025-2026,20251101,23,CGY,18107,Yegor Sharangovich,ROSTER,27.0,"6'2""",195.0,Belarus,Minsk,False,C,10,2,1,3,1.6,0.1,0.2,0.3,10.4,0.0,0,1,0,1,0,0,0,0,0,0,1,1,0,0.0,-6,37,16,12.5,5,15,6,3,9,5,1,8,0,8,0.0,0,0,2,4,0,191,106,50,37,8960,1911,757,6292,CGY,Pacific,Western
2025-2026,20251101,10,PIT,5716,Ryan Shea,ROSTER,28.0,"6'1""",176.0,USA,"Milton, MA",False,D,12,2,5,7,0.92,0.42,0.17,0.58,28.7,26.2,0,0,0,0,0,0,0,0,0,0,0,0,0,0.0,6,24,11,18.2,16,7,6,3,19,14,5,0,0,0,0.0,3,14,1,2,0,283,153,68,54,14852,1979,1530,10771,PIT,Metropolitan,Eastern
2025-2026,20251101,9,NYR,5892,Conor Sheary,ROSTER,33.0,"5'8""",179.0,USA,"Winchester, MA",False,LW,12,0,4,4,1.5,0.33,0.0,0.33,15.4,5.3,0,0,1,1,0,0,0,0,0,0,0,0,0,0.0,-2,38,18,0.0,8,9,12,3,6,12,4,5,3,2,60.0,1,2,4,8,0,262,127,71,61,11605,2344,807,8165,NYR,Metropolitan,Eastern
2025-2026,20251101,21,VAN,15089,Kiefer Sherwood,ROSTER,30.0,"6'0""",194.0,USA,"Columbus, OH",False,LW,12,9,0,9,2.0,0.0,0.75,0.75,48.9,26.5,3,2,0,2,1,0,1,1,0,1,1,1,0,0.0,-3,47,24,37.5,7,6,17,54,16,14,4,12,4,8,33.3,5,10,7,14,0,276,147,57,82,12584,2106,1064,9414,VAN,Pacific,Western
2025-2026,20251101,7,NJD,15109,Jonas Siegenthaler,ROSTER,28.0,"6'3""",210.0,Switzerland,Zurich,False,D,11,0,1,1,0.36,0.09,0.0,0.09,37.2,21.2,0,0,0,0,0,0,0,0,0,0,0,0,0,0.0,-2,16,4,0.0,19,8,4,8,23,15,4,0,0,0,0.0,4,8,0,0,0,272,139,40,93,12857,1382,469,11006,NJD,Metropolitan,Eastern
2025-2026,20251101,19,CBJ,34233,Cole Sillinger,ROSTER,22.0,"6'0""",197.0,USA,"Columbus, OH, United States",True,C,10,2,3,5,1.8,0.3,0.2,0.5,8.6,21.2,0,0,0,0,0,0,0,1,0,0,0,0,0,0.0,3,32,18,11.1,1,7,7,10,15,7,3,14,5,9,35.7,4,8,0,0,0,189,127,24,38,9051,1430,158,7362,CBJ,Metropolitan,Eastern
2025-2026,20251101,30,UTA,142305,Dmitri Simashev,ROSTER,,,,,,False,D,11,0,0,0,1.36,0.0,0.0,0.0,23.0,31.6,0,0,0,0,0,0,0,0,0,0,0,0,0,0.0,-2,22,15,0.0,13,3,4,2,19,13,0,0,0,0,0.0,4,16,1,2,0,235,218,10,7,10257,1280,197,8780,UTA,Central,Western
2025-2026,20251101,142,VGK,5330,Colton Sissons,ROSTER,31.0,"6'1""",200.0,Canada,"North Vancouver, BC",False,C,9,0,1,1,0.44,0.11,0.0,0.11,15.9,36.4,0,0,0,0,0,0,0,0,0,0,0,0,0,0.0,-3,14,4,0.0,5,5,5,11,12,4,1,102,58,44,56.9,5,13,4,11,1,152,67,30,55,5992,1646,217,4129,VGK,Pacific,Western
2025-2026,20251101,26,SJS,4876,Jeff Skinner,ROSTER,33.0,"5'11""",195.0,Canada,"Toronto, ON",False,LW,10,3,2,5,2.3,0.2,0.3,0.5,6.1,5.3,1,0,1,1,0,0,0,0,0,0,0,0,0,0.0,-4,40,23,13.0,2,10,7,4,9,12,0,6,1,5,16.7,1,2,6,12,0,175,95,55,28,8084,1897,886,5301,SJS,Pacific,Western
2025-2026,20251101,18,NSH,5891,Brady Skjei,ROSTER,31.0,"6'3""",210.0,USA,"Lakeville, MN",False,D,12,0,3,3,1.42,0.25,0.0,0.25,23.6,10.6,0,0,1,1,0,0,0,0,0,0,0,0,0,0.0,-6,51,17,0.0,10,25,9,10,12,18,5,0,0,0,0.0,2,4,3,6,0,327,159,84,84,16727,2319,1840,12568,NSH,Central,Western
2025-2026,20251101,14,MTL,43333,Juraj Slafkovsky,ROSTER,21.0,"6'3""",238.0,Slovakia,Kosice,True,LW,11,5,1,6,2.36,0.09,0.45,0.55,34.5,21.2,1,3,1,4,0,0,0,0,0,0,0,0,0,0.0,4,49,26,19.2,12,11,12,21,10,6,1,8,1,7,12.5,4,8,3,6,0,228,180,45,8,12034,2928,424,8682,MTL,Atlantic,Eastern
2025-2026,20251101,20,CHI,56363,Landon Slaggert,ROSTER,23.0,"6'0""",180.0,USA,"South Bend, IN",False,LW,4,0,0,0,0.75,0.0,0.0,0.0,8.9,5.3,0,0,0,0,0,0,0,0,0,0,0,0,0,0.0,-2,8,3,0.0,2,1,4,8,4,2,1,0,0,0,0.0,1,2,1,2,0,59,33,5,21,2437,288,21,2128,CHI,Central,Western
2025-2026,20251101,3,CAR,5866,Jaccob Slavin,ROSTER,31.0,"6'3""",207.0,USA,"Erie, CO",False,D,2,0,0,0,1.0,0.0,0.0,0.0,5.0,0.0,0,0,0,0,0,0,0,0,0,0,0,0,0,0.0,-1,10,2,0.0,3,5,3,0,3,3,2,0,0,0,0.0,0,0,0,0,0,49,26,14,9,2224,496,233,1495,CAR,Metropolitan,Eastern
2025-2026,20251101,18,NSH,28393,Cole Smith,ROSTER,30.0,"6'3""",195.0,USA,"Brainerd, MN",True,RW,12,3,0,3,1.42,0.0,0.25,0.25,29.1,21.2,1,0,0,0,0,0,0,1,0,0,0,0,0,0.0,-2,33,17,17.6,3,5,11,35,18,6,3,4,0,4,0.0,4,8,0,0,0,245,124,39,85,10366,1076,196,9094,NSH,Central,Western
2025-2026,20251101,142,VGK,5092,Reilly Smith,ROSTER,34.0,"6'1""",183.0,Canada,"Toronto, ON",False,RW,11,1,1,2,1.09,0.09,0.09,0.18,7.9,0.0,0,0,0,0,0,0,0,1,0,1,0,0,0,0.0,-4,22,12,8.3,1,4,6,9,7,8,0,0,0,0,0.0,0,0,1,2,0,199,92,58,50,8809,2774,503,5532,VGK,Pacific,Western
2025-2026,20251101,26,SJS,134098,Will Smith,ROSTER,20.0,"6'0""",181.0,USA,"Boston, MA",True,C,11,4,6,10,2.18,0.55,0.36,0.91,12.5,21.2,1,0,2,2,0,0,0,1,0,1,0,0,0,0.0,2,52,24,16.7,5,15,13,6,8,14,1,9,1,8,11.1,4,8,2,4,0,225,149,15,66,11756,1525,0,10265,SJS,Pacific,Western
2025-2026,20251101,17,STL,56646,Jimmy Snuggerud,ROSTER,21.0,"6'1""",188.0,USA,"Chaska, MN",False,RW,11,4,3,7,2.18,0.27,0.36,0.64,18.9,5.3,1,2,2,4,0,0,0,2,0,0,1,0,0,0.0,-2,53,24,16.7,8,14,15,8,10,5,8,2,2,0,100.0,1,2,1,2,0,214,175,37,6,9889,1863,246,7780,STL,Central,Western
2025-2026,20251101,16,DET,30182,Elmer Soderblom,ROSTER,24.0,"6'8""",246.0,Sweden,Gteborg,True,LW,7,1,0,1,0.86,0.0,0.14,0.14,13.7,5.3,0,0,0,0,0,0,0,0,0,0,0,0,0,0.0,-3,15,6,16.7,2,4,5,15,7,5,2,1,1,0,100.0,1,2,2,4,0,104,73,26,6,4405,600,400,3405,DET,Atlantic,Eastern
2025-2026,20251101,22,COL,30036,Ilya Solovyov,ROSTER,25.0,"6'3""",208.0,Belarus,Mogilev,True,D,8,0,0,0,1.12,0.0,0.0,0.0,26.9,5.3,0,0,0,0,0,0,0,0,0,0,0,0,0,0.0,-5,26,9,0.0,12,10,7,10,19,3,2,0,0,0,0.0,1,2,1,2,0,132,88,16,28,5694,413,568,4713,COL,Central,Western
2025-2026,20251101,9,NYR,14381,Carson Soucy,ROSTER,31.0,"6'5""",210.0,Canada,"Viking, AB",True,D,8,1,1,2,0.88,0.12,0.12,0.25,17.6,5.3,0,0,0,0,0,0,0,0,0,0,0,0,0,0.0,2,12,7,14.3,6,4,1,11,12,9,1,0,0,0,0.0,1,2,0,0,0,161,81,29,46,7305,1169,413,5258,NYR,Metropolitan,Eastern
2025-2026,20251101,5,WSH,34057,Justin Sourdif,ROSTER,23.0,"5'11""",173.0,Canada,"Surrey, BC",True,RW,11,1,0,1,0.91,0.0,0.09,0.09,19.8,10.6,0,0,0,0,0,0,0,0,0,0,0,0,0,0.0,1,28,10,10.0,4,12,6,19,17,7,2,26,12,14,46.2,2,4,3,8,0,177,116,41,18,7776,1295,743,5639,WSH,Metropolitan,Eastern
2025-2026,20251101,13,OTT,28485,Jordan Spence,ROSTER,24.0,"5'10""",175.0,Australia,"Manly, Australia",True,D,5,0,5,5,2.0,1.0,0.0,1.0,9.8,0.0,0,0,0,0,0,0,0,0,0,0,0,0,0,0.0,2,22,10,0.0,3,10,2,7,15,8,0,0,0,0,0.0,0,0,0,0,0,116,62,14,40,5340,501,213,4626,OTT,Atlantic,Eastern
2025-2026,20251101,25,MIN,4918,Jared Spurgeon,ROSTER,35.0,"5'9""",167.0,Canada,"Edmonton, AB",False,D,12,1,1,2,1.25,0.08,0.08,0.17,49.5,0.0,0,1,0,1,0,0,0,0,0,0,0,0,0,0.0,-12,43,15,6.7,21,19,9,21,18,12,3,0,0,0,0.0,0,0,0,0,0,287,153,55,80,15304,3509,1034,10761,MIN,Central,Western
2025-2026,20251101,3,CAR,4029,Jordan Staal,ROSTER,37.0,"6'4""",220.0,Canada,"Thunder Bay, ON",False,C,10,3,1,4,1.1,0.1,0.3,0.4,20.7,10.6,1,0,0,0,0,0,0,0,0,0,0,0,0,0.0,6,21,11,27.3,5,5,5,18,10,8,2,208,122,86,58.7,2,4,2,4,0,231,101,68,65,9238,2346,431,6461,CAR,Metropolitan,Eastern
2025-2026,20251101,18,NSH,4457,Steven Stamkos,ROSTER,35.0,"6'1""",194.0,Canada,"Markham, ON",False,C,12,1,1,2,2.33,0.08,0.08,0.17,15.1,21.2,0,1,0,1,0,0,0,0,0,0,1,0,0,0.0,-6,55,28,3.6,7,16,11,5,8,11,2,61,34,27,55.7,4,8,2,4,0,239,124,68,48,12538,4594,923,7021,NSH,Central,Western
2025-2026,20251101,3,CAR,34846,Logan Stankoven,ROSTER,22.0,"5'8""",170.0,Canada,"Kamloops, BC",True,C,10,4,3,7,2.2,0.3,0.4,0.7,7.1,10.6,1,0,0,0,0,0,0,0,0,0,0,0,0,0.0,4,36,22,18.2,3,9,5,3,18,4,4,146,64,82,43.8,2,4,4,8,0,192,105,33,58,9583,1255,247,8081,CAR,Metropolitan,Eastern
2025-2026,20251101,2,WPJ,9644,Logan Stanley,ROSTER,27.0,"6'6""",216.0,Canada,"Kitchener, ON",False,D,11,2,4,6,0.73,0.36,0.18,0.55,46.1,56.9,0,0,0,0,0,0,0,1,0,0,0,0,0,0.0,3,30,8,25.0,19,12,10,21,21,13,5,0,0,0,0.0,7,20,2,10,2,224,141,44,41,11185,1695,954,8536,WPG,,
2025-2026,20251101,18,NSH,38802,Spencer Stastney,ROSTER,25.0,"5'10""",180.0,USA,"Woodbridge, IL",True,D,12,1,3,4,0.75,0.25,0.08,0.33,15.7,5.3,0,0,0,0,0,1,1,0,0,0,0,0,0,0.0,-3,26,9,11.1,9,9,8,1,16,9,5,0,0,0,0.0,1,2,5,10,0,258,150,25,85,11104,702,324,10079,NSH,Central,Western
2025-2026,20251101,24,EDM,10108,Troy Stecher,ROSTER,31.0,"5'10""",186.0,Canada,"Richmond, BC",False,D,6,0,0,0,0.5,0.0,0.0,0.0,6.4,21.2,0,0,0,0,0,0,0,0,0,0,0,0,0,0.0,0,9,3,0.0,3,5,1,2,16,8,2,0,0,0,0.0,4,8,0,0,0,108,70,28,10,4904,1152,357,3395,EDM,Pacific,Western
2025-2026,20251101,27,DAL,9656,Sam Steel,ROSTER,27.0,"5'11""",189.0,Canada,"Edmonton, AB",False,C,11,1,1,2,0.91,0.09,0.09,0.18,22.0,10.6,0,1,0,1,0,0,0,0,0,0,0,0,0,0.0,-2,27,10,10.0,7,5,12,15,15,3,5,37,24,13,64.9,2,4,4,8,0,255,122,65,69,11514,2050,937,8527,DAL,Central,Western
2025-2026,20251101,30,UTA,15136,Kevin Stenlund,ROSTER,29.0,"6'4""",210.0,Sweden,Stockholm,False,C,11,1,1,2,0.91,0.09,0.09,0.18,27.2,10.6,0,0,0,0,0,0,0,0,0,0,0,0,0,0.0,-2,25,10,10.0,13,6,9,8,11,9,5,209,105,104,50.2,2,4,0,0,0,247,114,59,75,10444,1000,767,8677,UTA,Central,Western
2025-2026,20251101,143,SEA,5838,Chandler Stephenson,ROSTER,31.0,"6'0""",208.0,Canada,"Saskatoon, SK",False,C,10,2,3,5,1.7,0.3,0.2,0.5,17.4,0.0,0,1,1,2,0,0,0,0,0,0,0,0,0,0.0,-2,24,17,11.8,10,5,2,1,7,11,4,208,102,106,49.0,0,0,3,6,0,264,120,96,51,12308,2934,1612,7679,SEA,Pacific,Western
2025-2026,20251101,142,VGK,5105,Mark Stone,ROSTER,33.0,"6'3""",202.0,Canada,"Winnipeg, MB",False,RW,6,2,11,13,3.17,1.83,0.33,2.17,10.4,0.0,0,1,7,8,0,1,1,0,0,0,0,0,0,0.0,2,30,19,10.5,5,5,6,3,3,6,1,1,0,1,0.0,0,0,3,6,0,125,62,36,29,6627,1789,535,4303,VGK,Pacific,Western
2025-2026,20251101,5,WSH,5598,Dylan Strome,ROSTER,28.0,"6'3""",200.0,Canada,"Mississauga, ON",False,C,9,2,8,10,1.78,0.89,0.22,1.11,10.4,5.3,0,0,4,4,0,0,0,0,0,0,0,0,0,0.0,5,30,16,12.5,5,6,8,3,1,8,3,152,86,66,56.6,1,2,1,2,0,168,74,58,35,8768,2536,1210,4830,WSH,Metropolitan,Eastern
2025-2026,20251101,14,MTL,38014,Jayden Struble,ROSTER,24.0,"6'0""",205.0,USA,"Cumberland, RI",True,D,7,0,2,2,0.57,0.29,0.0,0.29,12.9,5.3,0,0,0,0,0,0,0,0,0,0,0,0,0,0.0,3,16,4,0.0,4,6,6,9,7,8,1,0,0,0,0.0,1,2,0,0,0,126,80,12,34,6316,926,224,5166,MTL,Atlantic,Eastern
2025-2026,20251101,13,OTT,19051,Tim Stützle,ROSTER,23.0,"6'0""",190.0,Germany,Viersen,True,C,12,5,8,13,3.25,0.67,0.42,1.08,19.7,15.9,1,2,1,3,0,0,0,0,0,0,2,0,2,100.0,3,69,39,12.8,6,22,8,14,20,18,2,112,70,42,62.5,3,6,7,14,0,297,196,69,39,14257,3933,1122,9524,OTT,Atlantic,Eastern
2025-2026,20251101,17,STL,5819,Oskar Sundqvist,ROSTER,31.0,"6'3""",209.0,Sweden,Boden,False,C,5,0,4,4,0.4,0.8,0.0,0.8,8.2,10.6,0,0,1,1,0,0,0,0,0,0,0,0,0,0.0,-1,7,2,0.0,2,2,3,7,3,2,3,49,22,27,44.9,2,4,0,0,0,94,53,29,12,4221,666,686,2869,STL,Central,Western
2025-2026,20251101,17,STL,28325,Pius Suter,ROSTER,29.0,"5'11""",176.0,Switzerland,Wallisellen,True,C,11,4,3,7,1.73,0.27,0.36,0.64,16.9,10.6,1,1,0,1,0,0,0,0,0,0,0,0,0,0.0,1,41,19,21.1,6,9,13,10,0,4,4,120,56,64,46.7,2,4,2,4,0,242,128,57,61,10930,1919,465,8546,STL,Central,Western
2025-2026,20251101,14,MTL,13628,Nick Suzuki,ROSTER,26.0,"5'11""",208.0,Canada,"London, ON",False,C,11,2,14,16,2.36,1.27,0.18,1.45,13.4,5.3,0,2,5,7,0,0,0,0,0,0,0,0,0,0.0,9,57,26,7.7,6,8,23,5,17,6,2,197,103,94,52.3,1,2,2,4,0,246,118,23,107,13403,1874,504,11025,MTL,Atlantic,Eastern
2025-2026,20251101,18,NSH,37974,Fedor Svechkov,ROSTER,22.0,"6'0""",187.0,Russia,Togliatti,True,C,10,0,0,0,1.9,0.0,0.0,0.0,9.1,5.3,0,0,0,0,0,0,0,0,0,0,0,0,0,0.0,-5,33,19,0.0,3,10,4,6,10,7,2,65,25,40,38.5,1,2,2,4,0,168,129,21,18,7792,1208,325,6259,NSH,Central,Western
2025-2026,20251101,3,CAR,14525,Andrei Svechnikov,ROSTER,25.0,"6'2""",195.0,Russia,Barnaul,False,RW,10,2,1,3,2.2,0.1,0.2,0.3,6.5,15.9,0,1,0,1,0,0,0,0,0,0,1,1,0,0.0,-1,43,22,9.1,1,13,8,7,13,11,2,1,1,0,100.0,3,6,0,0,0,189,116,47,28,8910,2170,807,5933,CAR,Metropolitan,Eastern
2025-2026,20251101,30,UTA,9068,Brandon Tanev,ROSTER,33.0,"6'0""",180.0,Canada,"Toronto, ON",False,LW,11,0,1,1,1.09,0.09,0.0,0.09,42.7,10.6,0,0,0,0,0,0,0,0,0,0,0,0,0,0.0,-4,19,12,0.0,7,3,4,45,12,12,2,4,0,4,0.0,2,4,4,8,0,172,94,52,26,7047,802,877,5368,UTA,Central,Western
2025-2026,20251101,12,TOR,4939,Christopher Tanev,ROSTER,35.0,"6'2""",197.0,Canada,"Toronto, ON",False,D,7,0,1,1,0.86,0.14,0.0,0.14,14.7,0.0,0,0,0,0,0,0,0,0,0,0,0,0,0,0.0,3,14,6,0.0,8,7,1,2,18,3,4,0,0,0,0.0,0,0,1,2,0,187,105,26,56,7432,1300,68,6064,TOR,Atlantic,Eastern
2025-2026,20251101,25,MIN,5135,Vladimir Tarasenko,ROSTER,33.0,"6'0""",225.0,Russia,Yaroslavl,False,RW,12,1,4,5,1.67,0.33,0.08,0.42,13.9,0.0,0,0,4,4,0,0,0,0,0,0,1,1,0,0.0,-7,46,20,5.0,5,14,12,8,20,7,4,0,0,0,0.0,0,0,3,6,0,203,96,75,33,11501,3688,1016,6797,MIN,Central,Western
2025-2026,20251101,12,TOR,4680,John Tavares,ROSTER,35.0,"6'1""",215.0,Canada,"Mississauga, ON",False,C,11,6,8,14,2.82,0.73,0.55,1.27,10.9,0.0,2,1,1,2,0,0,0,1,0,1,0,0,0,0.0,1,62,31,19.4,2,14,17,11,10,7,2,177,100,77,56.5,0,0,3,6,0,221,116,59,52,11496,4037,847,6612,TOR,Atlantic,Eastern
2025-2026,20251101,20,CHI,5355,Teuvo Teravainen,ROSTER,31.0,"5'11""",191.0,Finland,Helsinki,False,C,11,2,7,9,1.27,0.64,0.18,0.82,14.8,0.0,0,0,3,3,0,0,0,0,0,0,1,0,0,0.0,5,28,14,14.3,6,6,8,7,7,16,4,8,4,4,50.0,0,0,3,6,0,273,126,51,99,12287,3381,380,8526,CHI,Central,Western
2025-2026,20251101,29,ANA,5738,Troy Terry,ROSTER,28.0,"6'0""",186.0,USA,"Denver, CO",False,RW,10,5,8,13,2.3,0.8,0.5,1.3,1.7,0.0,1,0,3,3,1,1,2,1,0,0,1,0,1,100.0,8,50,23,21.7,1,9,18,0,11,6,1,2,1,1,50.0,0,0,2,4,0,226,102,60,71,10819,2125,813,7925,ANA,Pacific,Western
2025-2026,20251101,17,STL,15997,Alexandre Texier,ROSTER,26.0,"6'1""",192.0,France,Grenoble,False,LW,7,0,1,1,1.0,0.14,0.0,0.14,7.2,0.0,0,0,0,0,0,0,0,0,0,0,0,0,0,0.0,0,13,7,0.0,1,2,4,8,4,1,0,1,1,0,100.0,0,0,1,2,0,87,51,23,13,4180,1023,248,2909,STL,Central,Western
2025-2026,20251101,142,VGK,5900,Shea Theodore,ROSTER,30.0,"6'2""",195.0,Canada,"Langley, BC",False,D,11,0,5,5,2.0,0.45,0.0,0.45,41.7,5.3,0,0,2,2,0,0,0,0,0,0,0,0,0,0.0,2,55,22,0.0,25,22,11,0,15,14,4,0,0,0,0.0,1,2,3,6,0,318,148,105,65,16091,4050,2076,9907,VGK,Pacific,Western
2025-2026,20251101,17,STL,14609,Robert Thomas,ROSTER,26.0,"6'0""",188.0,Canada,"Aurora, ON",False,C,8,1,5,6,1.0,0.62,0.12,0.75,12.1,10.6,0,1,2,3,0,0,0,0,0,0,0,0,0,0.0,-1,16,8,12.5,6,6,2,3,8,15,4,136,67,69,49.3,2,4,3,6,0,185,96,44,46,8982,1424,892,6666,STL,Central,Western
2025-2026,20251101,15,BUF,9652,Tage Thompson,ROSTER,28.0,"6'6""",215.0,USA,"Oyster Bay, NY",False,C,11,4,5,9,4.55,0.45,0.36,0.82,24.1,26.5,1,1,3,4,0,0,0,0,0,0,0,0,0,0.0,-5,104,50,8.0,7,30,24,18,10,10,8,60,30,30,50.0,5,10,2,4,0,266,124,28,118,12646,2280,96,10270,BUF,Atlantic,Eastern
2025-2026,20251101,15,BUF,15181,Conor Timmins,ROSTER,27.0,"6'2""",185.0,Canada,"Thorold, ON",False,D,11,0,3,3,1.0,0.27,0.0,0.27,46.5,21.2,0,0,0,0,0,0,0,0,0,0,0,0,0,0.0,-3,29,11,0.0,25,13,5,7,17,10,2,0,0,0,0.0,4,8,1,2,0,291,142,24,125,13433,883,196,12354,BUF,Atlantic,Eastern
2025-2026,20251101,6,PHI,13625,Owen Tippett,ROSTER,26.0,"6'0""",183.0,Canada,"Peterborough, ON",False,RW,10,5,1,6,3.0,0.1,0.5,0.6,18.8,31.6,1,1,0,1,0,0,0,0,0,0,0,0,0,0.0,0,53,30,16.7,3,7,16,20,7,14,2,0,0,0,0.0,4,16,2,4,0,217,131,45,46,10002,1992,525,7485,PHI,Metropolitan,Eastern
2025-2026,20251101,13,OTT,14527,Brady Tkachuk,ROSTER,26.0,"6'4""",212.0,USA,"St. Louis, MO",False,LW,3,0,3,3,3.33,1.0,0.0,1.0,6.9,10.6,0,0,1,1,0,0,0,0,0,0,0,0,0,0.0,1,21,10,0.0,0,6,5,10,1,4,1,11,8,3,72.7,2,4,3,6,0,69,37,4,28,2991,393,102,2496,OTT,Atlantic,Eastern
2025-2026,20251101,22,COL,13917,Devon Toews,ROSTER,31.0,"6'1""",191.0,Canada,"Abbotsford, BC",False,D,12,0,2,2,1.33,0.17,0.0,0.17,23.0,5.3,0,0,0,0,0,0,0,0,0,0,0,0,0,0.0,10,44,16,0.0,13,18,10,2,5,13,3,0,0,0,0.0,1,2,1,2,0,339,163,104,72,16848,2348,2461,12039,COL,Central,Western
2025-2026,20251101,2,WPJ,4262,Jonathan Toews,ROSTER,37.0,"6'2""",201.0,Canada,"Winnipeg, MB",False,C,11,2,4,6,1.27,0.36,0.18,0.55,14.0,21.2,0,1,2,3,0,0,0,0,0,0,0,0,0,0.0,-6,29,14,14.3,8,6,9,1,6,6,2,162,105,57,64.8,4,8,3,6,0,235,107,69,61,10765,3407,633,6725,WPG,,
2025-2026,20251101,26,SJS,5191,Tyler Toffoli,ROSTER,33.0,"6'0""",197.0,Canada,"Scarborough, ON",False,C,11,4,2,6,2.36,0.18,0.36,0.55,18.6,0.0,1,2,0,2,0,0,0,0,0,0,0,0,0,0.0,-2,60,26,15.4,7,20,14,10,3,8,1,3,1,2,33.3,0,0,0,0,0,242,111,89,46,11352,2793,866,7693,SJS,Pacific,Western
2025-2026,20251101,143,SEA,13645,Eeli Tolvanen,ROSTER,26.0,"5'10""",191.0,Finland,Vihti,False,RW,10,0,2,2,0.9,0.2,0.0,0.2,35.3,5.3,0,0,0,0,0,0,0,0,0,0,0,0,0,0.0,-3,26,9,0.0,10,13,4,27,7,5,3,0,0,0,0.0,1,2,2,4,0,202,120,73,9,9007,2012,1502,5493,SEA,Pacific,Western
2025-2026,20251101,24,EDM,183906,David Tomasek,ROSTER,29.0,"6'2""",210.0,Czech Republic,Praha,True,RW,11,1,2,3,1.73,0.18,0.09,0.27,6.5,15.9,0,0,2,2,0,0,0,0,0,0,1,0,0,0.0,-4,30,19,5.3,1,4,7,7,6,6,2,28,14,14,50.0,3,6,1,2,0,160,134,24,3,8149,1988,44,6117,EDM,Pacific,Western
2025-2026,20251101,10,PIT,24517,Philip Tomasino,ROSTER,24.0,"6'0""",180.0,Canada,"Mississauga, ON",False,RW,4,0,0,0,1.25,0.0,0.0,0.0,13.4,0.0,0,0,0,0,0,0,0,0,0,0,0,0,0,0.0,-2,10,5,0.0,6,3,2,5,5,1,0,1,1,0,100.0,0,0,0,0,0,57,34,12,5,2908,488,243,1769,PIT,Metropolitan,Eastern
2025-2026,20251101,17,STL,18182,Alexei Toropchenko,ROSTER,26.0,"6'3""",187.0,Russia,Moscow,False,RW,4,0,0,0,1.25,0.0,0.0,0.0,8.9,0.0,0,0,0,0,0,0,0,0,0,0,0,0,0,0.0,-4,5,5,0.0,2,0,0,8,1,3,0,0,0,0,0.0,0,0,0,0,0,59,36,10,13,2354,401,130,1823,STL,Central,Western
2025-2026,20251101,25,MIN,17203,Yakov Trenin,ROSTER,28.0,"6'2""",201.0,Russia,Chelyabinsk,True,C,12,0,2,2,1.5,0.17,0.0,0.17,50.0,5.3,0,0,0,0,0,0,0,0,0,0,0,0,0,0.0,-1,36,18,0.0,6,8,10,58,27,6,3,15,4,11,26.7,1,2,1,2,0,175,94,46,35,9378,1728,1433,6217,MIN,Central,Western
2025-2026,20251101,9,NYR,5342,Vincent Trocheck,ROSTER,32.0,"5'10""",183.0,USA,"Pittsburgh, PA",False,C,2,0,1,1,0.5,0.5,0.0,0.5,5.7,0.0,0,0,0,0,0,0,0,0,0,0,0,0,0,0.0,-2,3,1,0.0,3,2,0,1,2,2,1,17,10,7,58.8,0,0,0,0,0,34,16,8,3,1700,472,0,787,NYR,Metropolitan,Eastern
2025-2026,20251101,29,ANA,5232,Jacob Trouba,ROSTER,31.0,"6'3""",209.0,USA,"Rochester, MI",False,D,10,2,4,6,1.3,0.4,0.2,0.6,58.7,0.0,0,0,0,0,0,0,0,0,0,0,0,0,0,0.0,9,38,13,15.4,22,16,9,32,8,12,4,0,0,0,0.0,0,0,2,4,0,266,125,59,84,12951,2283,722,9946,ANA,Pacific,Western
2025-2026,20251101,8,NYI,142668,Maxim Tsyplakov,ROSTER,,,,,,False,RW,8,1,0,1,1.12,0.0,0.12,0.12,9.0,0.0,0,0,0,0,0,0,0,0,0,0,0,0,0,0.0,-6,17,9,11.1,0,5,3,13,5,7,0,3,0,3,0.0,0,0,1,2,0,107,90,7,11,4506,468,0,4038,NYI,Metropolitan,Eastern
2025-2026,20251101,15,BUF,11711,Alex Tuch,ROSTER,29.0,"6'4""",220.0,USA,"Syracuse, NY",False,RW,11,4,7,11,2.55,0.64,0.36,1.0,23.7,57.3,1,0,0,0,1,0,1,0,0,0,0,0,0,0.0,4,55,28,14.3,13,6,22,3,6,7,3,8,3,5,37.5,7,25,5,13,1,283,124,48,114,12587,1988,501,10098,BUF,Atlantic,Eastern
2025-2026,20251101,17,STL,20063,Tyler Tucker,ROSTER,25.0,"6'1""",205.0,Canada,"Thunder Bay, ON",False,D,11,1,3,4,1.0,0.27,0.09,0.36,24.4,41.0,0,0,0,0,0,0,0,0,0,0,0,0,0,0.0,2,25,11,9.1,8,12,2,16,14,10,0,0,0,0,0.0,4,14,3,12,2,193,123,25,46,8490,1158,494,6838,STL,Central,Western
2025-2026,20251101,28,LAK,19087,Alex Turcotte,ROSTER,24.0,"5'11""",185.0,USA,"Elk Grove, IL",False,C,12,0,3,3,0.83,0.25,0.0,0.25,8.7,14.5,0,0,0,0,0,0,0,0,0,0,0,0,0,0.0,0,22,10,0.0,4,8,4,3,17,7,2,75,40,35,53.3,2,7,2,4,0,161,105,28,28,6612,1075,327,5210,LAK,Pacific,Western
2025-2026,20251101,9,NYR,13633,Urho Vaakanainen,ROSTER,26.0,"6'2""",196.0,Finland,Joensuu,False,D,9,0,1,1,0.89,0.11,0.0,0.11,12.1,15.9,0,0,0,0,0,0,0,0,0,0,0,0,0,0.0,2,23,8,0.0,6,11,5,3,19,5,1,0,0,0,0.0,3,6,2,4,0,171,99,18,47,8177,859,313,6608,NYR,Metropolitan,Eastern
2025-2026,20251101,16,DET,4683,James van Riemsdyk,ROSTER,36.0,"6'3""",217.0,USA,"Middletown, New Jersey",False,LW,9,1,1,2,1.22,0.11,0.11,0.22,11.7,15.9,0,0,0,0,0,0,0,0,0,0,0,0,0,0.0,-1,28,11,9.1,7,7,10,0,6,6,1,1,1,0,100.0,3,6,0,0,0,146,79,35,33,6318,1747,715,3856,DET,Atlantic,Eastern
2025-2026,20251101,5,WSH,5460,Trevor van Riemsdyk,ROSTER,34.0,"6'2""",192.0,USA,"Middletown, New Jersey",False,D,9,1,0,1,0.78,0.0,0.11,0.11,12.4,10.6,0,0,0,0,0,0,0,0,0,0,0,0,0,0.0,2,15,7,14.3,7,6,2,1,4,6,1,0,0,0,0.0,2,4,1,2,0,160,84,19,56,7737,1072,402,6164,WSH,Metropolitan,Eastern
2025-2026,20251101,29,ANA,5851,Frank Vatrano,ROSTER,31.0,"5'10""",200.0,USA,"East Longmeadow, MA",False,RW,10,0,1,1,2.2,0.1,0.0,0.1,31.7,25.8,0,0,1,1,0,0,0,0,0,0,0,0,0,0.0,-8,36,22,0.0,7,7,7,29,7,6,1,6,4,2,66.7,3,9,2,7,1,177,82,51,44,7622,1770,395,5537,ANA,Pacific,Western
2025-2026,20251101,14,MTL,18040,Joe Veleno,ROSTER,25.0,"6'1""",191.0,Canada,"Montreal, QC",False,C,6,0,0,0,1.0,0.0,0.0,0.0,11.6,10.6,0,0,0,0,0,0,0,0,0,0,0,0,0,0.0,-2,12,6,0.0,2,3,3,12,4,3,0,34,19,15,55.9,2,4,1,2,0,85,43,10,32,3979,352,36,3591,MTL,Atlantic,Eastern
2025-2026,20251101,4,FLO,17177,Carter Verhaeghe,ROSTER,30.0,"6'1""",177.0,Canada,"Waterdown, ON",False,C,11,2,3,5,2.64,0.27,0.18,0.45,9.8,5.3,0,1,1,2,0,0,0,1,0,0,0,0,0,0.0,-3,63,29,6.9,3,22,12,7,17,6,4,10,5,5,50.0,1,2,4,8,0,248,127,63,61,11813,2952,881,7980,FLA,,
2025-2026,20251101,11,BOS,18174,Jeffrey Viel,ROSTER,28.0,"6'0""",195.0,Canada,"Rimouski, QC",False,LW,3,0,0,0,1.33,0.0,0.0,0.0,11.3,20.5,0,0,0,0,0,0,0,0,0,0,0,0,0,0.0,0,10,4,0.0,1,3,3,14,2,2,1,1,0,1,0.0,2,7,3,9,1,54,28,12,14,2200,226,302,1672,BOS,Atlantic,Eastern
2025-2026,20251101,2,WPJ,18069,Gabriel Vilardi,ROSTER,26.0,"6'2""",185.0,Canada,"Kingston, ON",False,C,11,4,7,11,2.36,0.64,0.36,1.0,9.4,5.3,1,1,3,4,0,0,0,1,0,0,0,0,0,0.0,3,46,26,15.4,4,9,11,4,11,9,1,14,8,6,57.1,1,2,2,4,0,224,128,90,10,12301,2860,2732,6709,WPG,,
2025-2026,20251101,20,CHI,38015,Alex Vlasic,ROSTER,24.0,"6'6""",200.0,USA,"Wilmette, IL",True,D,10,1,3,4,0.7,0.3,0.1,0.4,35.9,0.0,0,0,0,0,0,0,0,0,0,0,0,0,0,0.0,-2,14,7,14.3,17,4,3,11,22,9,3,0,0,0,0.0,0,0,0,0,0,254,117,22,116,12928,795,199,11934,CHI,Central,Western
2025-2026,20251101,19,CBJ,56385,Dmitri Voronkov,ROSTER,25.0,"6'3""",183.0,Russia,,False,LW,10,5,5,10,2.1,0.5,0.5,1.0,16.8,37.2,1,1,0,1,0,0,0,0,0,0,0,0,0,0.0,8,36,21,23.8,1,2,13,22,2,7,3,5,1,4,20.0,7,14,1,2,0,201,116,69,21,9301,2420,602,6279,CBJ,Metropolitan,Eastern
2025-2026,20251101,17,STL,13691,Nathan Walker,ROSTER,31.0,"5'9""",186.0,United Kingdom,Cardiff,False,LW,11,1,3,4,1.36,0.27,0.09,0.36,36.2,10.6,0,0,0,0,0,0,0,0,0,0,0,0,0,0.0,-3,23,15,6.7,6,2,6,38,11,3,1,24,14,10,58.3,2,4,3,6,0,186,95,42,50,8336,1590,693,6053,STL,Central,Western
2025-2026,20251101,3,CAR,15368,Sean Walker,ROSTER,30.0,"5'11""",196.0,Canada,"Keswick, ON",False,D,10,1,0,1,2.2,0.0,0.1,0.1,45.6,21.2,0,0,0,0,0,0,0,0,0,0,0,0,0,0.0,-3,61,22,4.5,17,26,13,25,24,9,2,0,0,0,0.0,4,8,3,6,0,293,153,47,94,14353,1446,385,12522,CAR,Metropolitan,Eastern
2025-2026,20251101,24,EDM,13672,Jake Walman,ROSTER,29.0,"6'1""",170.0,Canada,"Toronto, ON",False,D,6,1,6,7,1.0,1.0,0.17,1.17,25.4,0.0,0,1,0,1,0,0,0,1,0,1,0,0,0,0.0,4,19,6,16.7,14,10,3,3,2,7,2,0,0,0,0.0,0,0,0,0,0,144,72,41,32,7140,927,698,5515,EDM,Pacific,Western
2025-2026,20251101,8,NYI,56461,Marshall Warren,ROSTER,24.0,"5'11""",170.0,USA,"Laurel Hollow, NY",False,D,2,0,2,2,0.0,1.0,0.0,1.0,1.4,5.3,0,0,0,0,0,0,0,0,0,0,0,0,0,0.0,1,1,0,0.0,0,1,0,2,5,2,1,0,0,0,0.0,1,2,1,2,0,36,22,3,11,1456,150,33,1273,NYI,Metropolitan,Eastern
2025-2026,20251101,23,CGY,12274,MacKenzie Weegar,ROSTER,31.0,"6'0""",200.0,Canada,"Nepean, ON",False,D,12,0,3,3,1.42,0.25,0.0,0.25,49.3,42.2,0,0,2,2,0,0,0,0,0,0,0,0,0,0.0,-11,52,17,0.0,18,26,9,28,34,22,5,0,0,0,0.0,6,20,2,4,0,406,175,96,135,17628,3440,1170,13018,CGY,Pacific,Western
2025-2026,20251101,26,SJS,5449,Alexander Wennberg,ROSTER,31.0,"6'2""",197.0,Sweden,Stockholm,False,C,11,3,4,7,1.09,0.36,0.27,0.64,20.4,0.0,1,1,2,3,0,0,0,1,0,0,0,0,0,0.0,-4,21,12,25.0,11,7,2,3,5,12,6,156,77,79,49.4,0,0,4,8,0,272,138,76,61,13338,2421,1318,9599,SJS,Pacific,Western
2025-2026,20251101,19,CBJ,5603,Zach Werenski,ROSTER,28.0,"6'2""",212.0,USA,"Grosse Pointe, MI",False,D,10,3,5,8,3.6,0.5,0.3,0.8,33.2,0.0,1,1,1,2,0,0,0,0,0,0,0,0,0,0.0,9,87,36,8.3,17,32,19,7,11,26,3,0,0,0,0.0,0,0,1,2,0,267,134,47,87,15558,3868,420,11209,CBJ,Metropolitan,Eastern
2025-2026,20251101,142,VGK,14133,Zach Whitecloud,ROSTER,28.0,"6'2""",209.0,Canada,"Brandon, MB",False,D,11,0,1,1,0.64,0.09,0.0,0.09,37.5,10.6,0,0,0,0,0,0,0,0,0,0,0,0,0,0.0,2,29,7,0.0,13,18,4,23,26,11,1,0,0,0,0.0,2,4,3,6,0,251,165,55,31,11438,3070,958,7410,VGK,Pacific,Western
2025-2026,20251101,18,NSH,28517,Ozzy Wiesblatt,ROSTER,23.0,"5'10""",183.0,Canada,"Calgary, AB",True,C,9,0,2,2,1.0,0.22,0.0,0.22,22.8,20.5,0,0,0,0,0,0,0,0,0,0,1,0,1,100.0,-2,21,9,0.0,5,9,3,21,13,6,0,3,0,3,0.0,2,7,1,5,1,139,93,29,18,5938,1092,375,4854,NSH,Central,Western
2025-2026,20251101,21,VAN,166972,Tom Willander,ROSTER,20.0,"6'1""",179.0,Sweden,Stockholm,True,D,2,0,0,0,1.5,0.0,0.0,0.0,2.4,0.0,0,0,0,0,0,0,0,0,0,0,0,0,0,0.0,1,7,3,0.0,1,4,0,1,3,0,1,0,0,0,0.0,0,0,0,0,0,42,37,3,2,1909,136,0,1773,VAN,Pacific,Western
2025-2026,20251101,18,NSH,53068,Adam Wilsby,ROSTER,25.0,"6'0""",183.0,Sweden,Stockholm,True,D,11,0,2,2,1.0,0.18,0.0,0.18,14.4,26.5,0,0,0,0,0,0,0,0,0,0,0,0,0,0.0,0,32,11,0.0,7,18,3,4,17,11,3,0,0,0,0.0,5,10,0,0,0,258,189,34,35,11752,2641,518,8593,NSH,Central,Western
2025-2026,20251101,5,WSH,5225,Tom Wilson,ROSTER,31.0,"6'4""",220.0,Canada,"Toronto, ON",False,RW,11,6,6,12,2.09,0.55,0.55,1.09,30.4,21.2,2,3,1,4,0,0,0,0,0,0,0,0,0,0.0,3,47,23,26.1,5,10,14,32,9,11,3,5,1,4,20.0,4,8,2,4,0,256,134,69,55,13166,3649,1146,8164,WSH,Metropolitan,Eastern
2025-2026,20251101,143,SEA,56633,Ryan Winterton,ROSTER,22.0,"6'2""",175.0,Canada,"Whitby, ON",False,C,10,0,1,1,0.9,0.1,0.0,0.1,11.9,10.6,0,0,0,0,0,0,0,0,0,0,0,0,0,0.0,1,18,9,0.0,3,3,6,10,15,2,2,0,0,0,0.0,2,4,4,8,0,186,126,26,34,7668,778,370,6520,SEA,Pacific,Western
2025-2026,20251101,18,NSH,142645,Matthew Wood,ROSTER,,,,,,False,RW,5,1,1,2,2.2,0.2,0.2,0.4,5.1,0.0,0,0,0,0,0,0,0,0,0,0,1,0,0,0.0,1,15,11,9.1,1,2,2,5,5,2,1,2,2,0,100.0,0,0,1,2,0,79,72,8,0,3799,622,0,3177,NSH,Central,Western
2025-2026,20251101,19,CBJ,9079,Miles Wood,ROSTER,30.0,"6'2""",195.0,USA,"Buffalo, NY",False,LW,5,3,0,3,1.4,0.0,0.6,0.6,4.1,5.3,1,0,0,0,0,0,0,1,0,1,0,0,0,0.0,3,14,7,42.9,0,4,3,6,6,6,0,3,1,2,33.3,1,2,1,4,0,70,34,15,23,3052,796,247,2009,CBJ,Metropolitan,Eastern
2025-2026,20251101,10,PIT,5707,Parker Wotherspoon,ROSTER,28.0,"6'0""",172.0,Canada,"Surrey, BC",False,D,12,1,4,5,0.83,0.33,0.08,0.42,43.4,36.9,0,0,0,0,0,1,1,0,0,0,0,0,0,0.0,7,25,10,10.0,19,11,4,17,19,17,6,0,0,0,0.0,5,18,1,2,0,291,161,67,53,15514,2240,1095,11581,PIT,Metropolitan,Eastern
2025-2026,20251101,143,SEA,43332,Shane Wright,ROSTER,21.0,"6'1""",199.0,Canada,"Burlington, ON",True,C,10,3,3,6,1.6,0.3,0.3,0.6,15.5,0.0,1,1,1,2,0,0,0,0,0,0,0,0,0,0.0,2,26,16,18.8,6,4,6,8,16,12,0,103,38,65,36.9,0,0,2,4,0,197,159,35,6,8965,1752,327,6886,SEA,Pacific,Western
2025-2026,20251101,14,MTL,34148,Arber Xhekaj,ROSTER,24.0,"6'4""",238.0,Canada,"Hamilton, ON",True,D,10,0,1,1,0.7,0.1,0.0,0.1,19.0,41.7,0,0,0,0,0,0,0,0,0,0,0,0,0,0.0,-2,17,7,0.0,6,8,2,13,13,4,0,0,0,0,0.0,6,15,2,7,1,146,113,13,20,6372,991,215,5166,MTL,Atlantic,Eastern
2025-2026,20251101,30,UTA,13637,Kailer Yamamoto,ROSTER,27.0,"5'8""",153.0,USA,"Spokane, WA",False,RW,5,0,1,1,0.4,0.2,0.0,0.2,1.4,5.3,0,0,0,0,0,0,0,0,0,0,0,0,0,0.0,1,4,2,0.0,0,1,1,2,4,5,0,3,1,2,33.3,1,2,2,4,0,79,43,25,11,3573,730,359,2484,UTA,Central,Western
2025-2026,20251101,6,PHI,30026,Cameron York,ROSTER,24.0,"5'11""",172.0,USA,"Anaheim Hills, CA",True,D,7,0,5,5,0.29,0.71,0.0,0.71,25.0,10.6,0,0,3,3,0,0,0,0,0,0,0,0,0,0.0,3,16,2,0.0,15,10,4,0,11,9,4,0,0,0,0.0,2,4,0,0,0,212,134,21,57,10549,1444,328,8777,PHI,Metropolitan,Eastern
2025-2026,20251101,25,MIN,56469,Danila Yurov,ROSTER,21.0,"6'1""",178.0,Russia,Chelyabinsk,False,RW,10,1,0,1,0.7,0.0,0.1,0.1,13.9,0.0,0,0,0,0,0,0,0,1,0,0,0,0,0,0.0,-6,16,7,14.3,5,5,4,8,12,6,2,52,20,32,38.5,0,0,1,2,0,116,92,10,15,5824,654,52,5118,MIN,Central,Western
2025-2026,20251101,11,BOS,5601,Pavel Zacha,ROSTER,28.0,"6'3""",210.0,Czech Republic,Brno,False,C,13,2,9,11,1.46,0.69,0.15,0.85,18.0,29.1,0,0,6,6,0,0,0,0,0,0,0,0,0,0.0,0,32,19,10.5,5,3,10,14,7,12,4,108,63,45,58.3,5,12,0,0,0,284,119,99,68,13869,3340,1407,9122,BOS,Atlantic,Eastern
2025-2026,20251101,11,BOS,5270,Nikita Zadorov,ROSTER,30.0,"6'6""",235.0,Russia,Moscow,False,D,13,1,3,4,0.77,0.23,0.08,0.31,67.1,37.2,0,0,0,0,0,0,0,0,0,0,0,0,0,0.0,4,32,10,10.0,20,17,5,49,17,20,7,0,0,0,0.0,7,14,5,10,0,350,164,63,124,16831,2749,1130,12952,BOS,Atlantic,Eastern
2025-2026,20251101,6,PHI,21853,Egor Zamula,ROSTER,25.0,"6'3""",170.0,Russia,Chelyabinsk,True,D,6,0,1,1,0.33,0.17,0.0,0.17,13.3,5.3,0,0,0,0,0,0,0,0,0,0,0,0,0,0.0,0,6,2,0.0,8,4,0,0,11,4,1,0,0,0,0.0,1,2,0,0,0,113,66,13,34,4928,864,78,3986,PHI,Metropolitan,Eastern
2025-2026,20251101,23,CGY,28538,Connor Zary,ROSTER,24.0,"6'0""",178.0,Canada,"Saskatoon, SK",True,C,11,1,1,2,1.27,0.09,0.09,0.18,9.8,21.2,0,1,0,1,0,0,0,0,0,0,1,0,0,0.0,-5,29,14,7.1,3,6,9,7,6,2,1,60,25,35,41.7,4,8,5,10,0,190,112,42,37,8607,1355,437,6815,CGY,Pacific,Western
2025-2026,20251101,6,PHI,25981,Trevor Zegras,ROSTER,24.0,"6'1""",185.0,USA,"Bedford, NY",True,C,10,4,8,12,1.6,0.8,0.4,1.2,8.4,36.9,1,2,3,5,0,0,0,0,0,0,1,0,1,100.0,6,33,16,25.0,3,8,9,5,7,9,2,51,23,28,45.1,5,18,2,4,0,214,142,32,45,10319,1629,430,8273,PHI,Metropolitan,Eastern
2025-2026,20251101,29,ANA,32258,Olen Zellweger,ROSTER,22.0,"5'10""",175.0,Canada,"Calgary, AB",True,D,10,0,2,2,2.2,0.2,0.0,0.2,19.4,21.2,0,0,1,1,0,0,0,0,0,0,0,0,0,0.0,4,53,22,0.0,10,19,12,4,24,7,2,0,0,0,0.0,4,8,3,6,0,233,166,27,41,11330,1893,268,9170,ANA,Pacific,Western
2025-2026,20251101,13,OTT,18106,Fabian Zetterlund,ROSTER,26.0,"5'11""",196.0,Sweden,Karlstad,False,LW,12,1,2,3,1.75,0.17,0.08,0.25,22.5,15.9,0,1,0,1,0,0,0,0,0,0,0,0,0,0.0,-4,37,21,4.8,4,7,9,23,14,4,2,4,1,3,25.0,3,6,4,8,0,223,110,42,72,9897,1523,510,7864,OTT,Atlantic,Eastern
2025-2026,20251101,9,NYR,5000,Mika Zibanejad,ROSTER,32.0,"6'2""",208.0,Sweden,Stockholm,False,C,12,4,2,6,3.25,0.17,0.33,0.5,24.1,10.6,1,2,0,2,1,0,1,1,0,0,0,0,0,0.0,-8,63,39,10.3,7,12,16,18,3,19,5,167,91,76,54.5,2,4,2,4,0,300,156,62,78,15207,3518,1099,10140,NYR,Metropolitan,Eastern
2025-2026,20251101,13,OTT,28480,Artem Zub,ROSTER,30.0,"6'2""",202.0,Russia,Khabarovsk,True,D,12,2,6,8,1.58,0.5,0.17,0.67,39.8,15.9,0,0,0,0,0,0,0,0,0,0,0,0,0,0.0,3,40,19,10.5,16,11,10,19,15,10,1,0,0,0,0.0,3,6,0,0,0,315,253,36,28,13555,2288,505,10762,OTT,Atlantic,Eastern
2025-2026,20251101,15,BUF,5093,Jason Zucker,ROSTER,33.0,"5'11""",192.0,USA,"Newport Beach, CA",False,LW,11,4,2,6,2.36,0.18,0.36,0.55,12.0,10.6,1,2,2,4,0,0,0,1,0,0,0,0,0,0.0,-8,41,26,15.4,1,6,9,15,7,9,2,29,10,19,34.5,2,4,3,6,0,203,112,48,47,9699,3533,626,5540,BUF,Atlantic,Eastern
