SEASON_ID,SNAPSHOT_DATE,TEAM_ID,TEAM_ABBR,PLAYER_ID,NAME,STATUS,AGE,HEIGHT,WEIGHT,BIRTH_COUNTRY,BIRTH_CITY,ROOKIE,POSITION,GAMES_PLAYED,GOALS,ASSISTS,POINTS,SOGPG,APG,GPG,PGP,DEF_WALL,PHYSICAL,HAT_TRICKS,PP_GOALS,PP_ASSISTS,PP_POINTS,SH_GOALS,SH_ASSISTS,SH_POINTS,GW_GOALS,GT_GOALS,OT_GOALS,SO_ATTEMPTS,SO_MISSES,SO_GOALS,SO_GOAL_PCT,PLUS_MINUS,SHOT_ATTEMPTS,SHOTS_ON_GOAL,SHOT_PCT,BLOCKED_SHOTS,BLOCKED_SHOTS_AGAINST,MISSED_SHOTS,HITS,HITS_RECEIVED,GIVEAWAYS,TAKEAWAYS,FACEOFFS,FACEOFF_WINS,FACEOFF_LOSSES,FACEOFF_PCT,PENALTIES,PIM,PENALTIES_DRAWN,PENALTY_MIN_DRAWN,FIGHTS,SHIFTS,EVEN_STR_SHIFTS,PP_SHIFTS,SH_SHIFTS,TIME_ON_ICE,EVENT_TOI,PP_TOI,SH_TOI,TEAM_ABBR_CANON,division,conference
2025-2026,20251116,6,PHI,18056,Rodrigo Abols,ROSTER,29.0,"6'4""",206.0,Latvia,Riga,False,C,13,0,0,0,0.92,0.0,0.0,0.0,10.8,12.2,0,0,0,0,0,0,0,0,0,0,0,0,0,0.0,-4,27,12,0.0,5,7,8,12,9,4,3,69,40,29,58.0,1,5,2,7,1,168,106,35,27,7253,1111,500,5642,PHI,Metropolitan,Eastern
2025-2026,20251116,10,PIT,5927,Noel Acciari,ROSTER,33.0,"5'10""",203.0,USA,"Johnston, RI",False,C,13,0,3,3,0.85,0.23,0.0,0.23,18.9,14.2,0,0,0,0,0,0,0,0,0,0,0,0,0,0.0,3,18,11,0.0,10,4,4,18,20,1,2,87,53,34,60.9,2,12,0,0,0,241,114,45,75,10088,1686,479,7651,PIT,Metropolitan,Eastern
2025-2026,20251116,30,UTA,5234,Andrew Agozzino,ASSIGNED_TO_MINORS,34.0,"5'10""",187.0,Canada,"Kleinburg, ON",False,LW,2,0,0,0,0.0,0.0,0.0,0.0,2.9,0.0,0,0,0,0,0,0,0,0,0,0,0,0,0,0.0,0,1,0,0.0,1,0,1,4,1,1,1,7,3,4,42.9,0,0,1,2,0,20,12,4,4,736,91,0,645,UTA,Central,Western
2025-2026,20251116,22,COL,28441,Jack Ahcan,ASSIGNED_TO_MINORS,28.0,"5'8""",185.0,USA,"Savage, MN",True,D,6,0,1,1,0.33,0.17,0.0,0.17,6.5,0.0,0,0,0,0,0,0,0,0,0,0,0,0,0,0.0,4,8,2,0.0,4,4,2,5,8,2,0,0,0,0,0.0,0,0,0,0,0,92,63,13,16,4088,487,254,3347,COL,Central,Western
2025-2026,20251116,3,CAR,5630,Sebastian Aho,ROSTER,28.0,"6'0""",176.0,Finland,Rauma,False,C,18,7,11,18,2.67,0.61,0.39,1.0,16.7,7.1,2,1,3,4,0,0,0,1,0,1,0,0,0,0.0,5,91,48,14.6,7,15,28,20,12,24,10,293,137,156,46.8,2,4,5,10,0,412,181,74,164,21895,4327,1496,16072,CAR,Metropolitan,Eastern
2025-2026,20251116,13,OTT,12009,Michael Amadio,ROSTER,29.0,"6'1""",204.0,Canada,"Sault Ste. Marie, ON",False,RW,19,6,3,9,1.11,0.16,0.32,0.47,28.7,3.5,2,0,0,0,0,0,0,0,0,0,0,0,0,0.0,1,43,21,28.6,14,8,14,30,23,16,11,5,3,2,60.0,1,2,3,6,0,407,200,98,115,16978,3018,1306,12654,OTT,Atlantic,Eastern
2025-2026,20251116,21,VAN,39762,Nils Aman,ASSIGNED_TO_MINORS,25.0,"6'2""",179.0,Sweden,Avesta,True,C,2,0,0,0,0.5,0.0,0.0,0.0,2.0,0.0,0,0,0,0,0,0,0,0,0,0,0,0,0,0.0,0,3,1,0.0,1,2,0,2,1,1,0,2,1,1,50.0,0,0,0,0,0,23,19,1,3,1039,48,31,960,VAN,Pacific,Western
2025-2026,20251116,14,MTL,5513,Josh Anderson,ROSTER,31.0,"6'3""",227.0,Canada,"Burlington, ON",False,RW,18,2,3,5,0.94,0.17,0.11,0.28,25.7,17.7,0,0,0,0,0,1,1,0,0,0,0,0,0,0.0,-10,32,17,11.8,12,5,10,28,8,7,1,8,6,2,75.0,5,10,7,14,0,336,160,88,90,16001,2590,1523,11888,MTL,Atlantic,Eastern
2025-2026,20251116,28,LAK,18073,Michael Anderson,ROSTER,26.0,"5'11""",194.0,USA,"Roseville, MN",False,D,19,1,4,5,0.53,0.21,0.05,0.26,41.3,3.5,0,0,0,0,0,0,0,0,0,0,0,0,0,0.0,7,37,10,10.0,30,19,8,21,33,14,2,0,0,0,0.0,1,2,5,10,0,447,258,86,104,22439,3081,1438,17920,LAK,Pacific,Western
2025-2026,20251116,23,CGY,5647,Rasmus Andersson,ROSTER,29.0,"6'1""",214.0,Sweden,Malmö,False,D,20,3,4,7,2.35,0.2,0.15,0.35,39.9,31.9,1,1,1,2,0,0,0,0,0,0,2,0,0,0.0,-1,106,47,6.4,33,34,25,11,33,33,3,0,0,0,0.0,9,18,8,16,0,680,299,141,243,29145,4283,1885,22977,CGY,Pacific,Western
2025-2026,20251116,6,PHI,38011,Emil Andrae,ROSTER,23.0,"5'8""",181.0,Sweden,Västervik,True,D,8,0,2,2,0.88,0.25,0.0,0.25,5.4,3.5,0,0,0,0,0,0,0,0,0,0,0,0,0,0.0,3,14,7,0.0,2,6,1,7,20,6,2,0,0,0,0.0,1,2,0,0,0,151,120,14,17,6670,565,189,5964,PHI,Metropolitan,Eastern
2025-2026,20251116,16,DET,5763,Mason Appleton,ROSTER,29.0,"6'2""",193.0,USA,"Green Bay, WI",False,C,18,3,4,7,1.0,0.22,0.17,0.39,20.9,14.2,1,0,0,0,0,0,0,1,0,0,0,0,0,0.0,-3,28,18,16.7,11,4,6,20,16,14,0,5,2,3,40.0,2,12,2,4,0,349,184,54,114,15332,2222,662,12448,DET,Atlantic,Eastern
2025-2026,20251116,28,LAK,5505,Joel Armia,ROSTER,32.0,"6'4""",218.0,Finland,Pori,False,RW,19,3,5,8,1.05,0.26,0.16,0.42,18.3,17.7,1,0,0,0,0,0,0,0,0,0,1,0,0,0.0,3,48,20,15.0,9,13,15,19,17,15,6,6,3,3,50.0,5,10,2,4,0,355,153,104,101,15941,2739,1998,11204,LAK,Pacific,Western
2025-2026,20251116,11,BOS,5538,Viktor Arvidsson,ROSTER,32.0,"5'9""",180.0,Sweden,Skellefteå,False,LW,20,6,4,10,2.6,0.2,0.3,0.5,15.3,10.6,2,1,1,2,0,0,0,2,0,0,0,0,0,0.0,2,102,52,11.5,11,26,24,8,32,17,5,9,6,3,66.7,3,6,7,14,0,358,182,94,89,17451,3707,857,12887,BOS,Atlantic,Eastern
2025-2026,20251116,11,BOS,15191,Jonathan Aspirot,ROSTER,26.0,"6'0""",209.0,Canada,"Mascouche, QC",False,D,7,0,0,0,0.57,0.0,0.0,0.0,17.5,0.0,0,0,0,0,0,0,0,0,0,0,0,0,0,0.0,1,11,4,0.0,10,5,2,15,18,11,0,0,0,0,0.0,0,0,0,0,0,142,92,29,21,6212,944,433,4835,BOS,Atlantic,Eastern
2025-2026,20251116,19,CBJ,12287,Zach Aston-Reese,ROSTER,31.0,"6'0""",204.0,USA,"Staten Island, NY",False,C,11,0,3,3,0.91,0.27,0.0,0.27,18.3,7.1,0,0,0,0,0,0,0,0,0,0,0,0,0,0.0,0,14,10,0.0,5,0,4,28,8,6,1,12,1,11,8.3,2,4,3,6,0,167,88,31,45,6697,1097,337,5128,CBJ,Metropolitan,Eastern
2025-2026,20251116,27,DAL,34436,Oskar Back,ROSTER,25.0,"6'3""",200.0,Sweden,Karlstad,True,C,9,1,1,2,0.44,0.11,0.11,0.22,6.5,0.0,0,0,0,0,0,0,0,0,0,0,0,0,0,0.0,3,9,4,25.0,4,3,2,5,17,7,2,8,5,3,62.5,0,0,3,6,0,156,88,33,34,6936,1381,51,5407,DAL,Central,Western
2025-2026,20251116,23,CGY,4609,Mikael Backlund,ROSTER,36.0,"6'0""",200.0,Sweden,Vasteras,False,C,20,3,6,9,2.35,0.3,0.15,0.45,11.8,7.1,1,0,0,0,0,1,1,0,0,0,0,0,0,0.0,1,79,47,6.4,5,16,16,14,14,16,7,356,185,171,52.0,2,4,4,8,0,474,241,113,123,19777,5317,898,13562,CGY,Pacific,Western
2025-2026,20251116,23,CGY,14578,Kevin Bahl,ROSTER,25.0,"6'6""",216.0,Canada,"New Westminster, BC",True,D,19,2,2,4,0.84,0.11,0.11,0.21,37.5,24.8,0,0,0,0,0,0,0,1,0,0,0,0,0,0.0,7,41,16,12.5,29,15,10,15,21,26,13,0,0,0,0.0,7,14,3,6,0,580,377,102,103,24181,1471,1231,21479,CGY,Pacific,Western
2025-2026,20251116,21,VAN,38470,Arshdeep Bains,ROSTER,24.0,"6'0""",185.0,Canada,"Surrey, BC",True,LW,18,0,3,3,0.72,0.17,0.0,0.17,11.1,14.2,0,0,1,1,0,0,0,0,0,0,0,0,0,0.0,-2,19,13,0.0,3,4,2,17,12,6,4,11,2,9,18.2,4,8,0,0,0,245,168,23,54,10281,711,92,9479,VAN,Pacific,Western
2025-2026,20251116,4,FLO,120218,Uvis Balinskis,ROSTER,29.0,"6'0""",187.0,Latvia,Ventspils,True,D,9,0,0,0,0.56,0.0,0.0,0.0,13.1,3.5,0,0,0,0,0,0,0,0,0,0,0,0,0,0.0,-2,13,5,0.0,8,6,2,10,8,6,6,0,0,0,0.0,1,2,2,4,0,163,135,15,13,7257,1104,126,6027,FLA,,
2025-2026,20251116,142,VGK,11708,Ivan Barbashev,ROSTER,29.0,"6'0""",187.0,Russia,Moscow,False,LW,17,7,9,16,1.65,0.53,0.41,0.94,19.5,3.5,2,0,0,0,0,0,0,1,0,0,0,0,0,0.0,6,52,28,25.0,7,10,14,26,17,19,3,5,0,5,0.0,1,2,4,8,0,329,166,111,59,16195,3653,1157,11404,VGK,Pacific,Western
2025-2026,20251116,22,COL,56519,Zakhar Bardakov,ROSTER,24.0,"6'2""",198.0,Russia,Seversk,False,C,13,1,3,4,0.77,0.23,0.08,0.31,8.3,0.0,0,0,0,0,0,0,0,0,0,0,0,0,0,0.0,3,19,10,10.0,3,3,6,11,6,8,2,68,28,40,41.2,0,0,3,6,0,123,76,14,34,5023,410,127,4486,COL,Central,Western
2025-2026,20251116,18,NSH,30074,Justin Barron,ROSTER,24.0,"6'2""",195.0,Canada,"Halifax, NS",True,D,18,0,4,4,0.83,0.22,0.0,0.22,29.2,10.6,0,0,0,0,0,0,0,0,0,0,0,0,0,0.0,0,43,15,0.0,22,18,10,13,30,25,1,0,0,0,0.0,3,6,1,2,0,377,263,60,54,16641,2817,516,13308,NSH,Central,Western
2025-2026,20251116,2,WPJ,28496,Morgan Barron,ROSTER,26.0,"6'4""",220.0,Canada,"Halifax, NS",True,C,12,3,3,6,1.25,0.25,0.25,0.5,16.7,7.1,1,0,0,0,1,0,1,1,0,0,0,0,0,0.0,2,30,15,20.0,7,4,11,20,12,7,3,145,79,66,54.5,2,4,3,6,0,225,116,68,44,9031,1662,1193,6176,WPG,,
2025-2026,20251116,8,NYI,5611,Mathew Barzal,ROSTER,28.0,"6'0""",187.0,Canada,"Coquitlam, BC",False,C,17,5,10,15,2.18,0.59,0.29,0.88,17.5,24.8,1,0,3,3,0,0,0,1,0,1,0,0,0,0.0,10,70,37,13.5,14,13,20,6,10,17,6,132,45,87,34.1,7,14,3,6,0,371,193,142,42,21176,4448,4596,12132,NYI,Metropolitan,Eastern
2025-2026,20251116,27,DAL,15468,Nathan Bastian,ROSTER,27.0,"6'4""",205.0,Canada,"Kitchener, ON",False,RW,15,1,0,1,0.6,0.0,0.07,0.07,20.5,14.2,0,0,0,0,0,0,0,0,0,0,0,0,0,0.0,2,14,9,11.1,4,4,1,35,15,1,0,0,0,0,0.0,4,8,1,2,0,170,115,30,26,7081,1525,636,4920,DAL,Central,Western
2025-2026,20251116,13,OTT,15394,Drake Batherson,ROSTER,27.0,"6'3""",203.0,USA,"Fort Wayne, IN",False,RW,16,6,12,18,2.0,0.75,0.38,1.12,18.8,10.6,2,2,3,5,0,0,0,1,0,0,2,1,1,50.0,5,59,32,18.8,5,12,15,29,11,11,7,1,1,0,100.0,3,6,5,10,0,382,192,57,140,16864,2765,813,13442,OTT,Atlantic,Eastern
2025-2026,20251116,23,CGY,9639,Jake Bean,ROSTER,27.0,"6'1""",186.0,Canada,"Calgary, AB",False,D,12,1,1,2,1.25,0.08,0.08,0.17,24.6,7.1,0,0,0,0,0,0,0,0,0,0,0,0,0,0.0,-6,38,15,6.7,22,17,6,3,11,13,4,0,0,0,0.0,2,4,0,0,0,292,191,31,71,11958,937,560,10461,CGY,Pacific,Western
2025-2026,20251116,5,WSH,5623,Anthony Beauvillier,ROSTER,28.0,"5'11""",182.0,Canada,"Sorel-Tracy, QC",False,LW,18,3,2,5,2.39,0.11,0.17,0.28,15.0,7.1,1,0,0,0,0,0,0,1,0,0,2,0,0,0.0,6,70,43,7.0,5,13,14,21,19,11,2,5,3,2,60.0,2,4,1,2,0,339,188,87,64,15812,2404,1732,11535,WSH,Metropolitan,Eastern
2025-2026,20251116,14,MTL,53067,Owen Beck,ASSIGNED_TO_MINORS,21.0,"6'0""",191.0,Canada,"Peterborough, ON",True,C,2,0,0,0,0.5,0.0,0.0,0.0,1.1,0.0,0,0,0,0,0,0,0,0,0,0,0,0,0,0.0,-1,4,1,0.0,1,1,2,0,3,0,0,12,7,5,58.3,0,0,0,0,0,24,20,3,1,1003,346,8,649,MTL,Atlantic,Eastern
2025-2026,20251116,20,CHI,111625,Connor Bedard,ROSTER,20.0,"5'10""",185.0,Canada,"North Vancouver, BC",True,C,18,10,16,26,3.28,0.89,0.56,1.44,10.7,30.1,3,4,5,9,0,0,0,1,0,0,1,0,0,0.0,8,112,59,16.9,8,20,33,5,26,22,8,166,77,89,46.4,9,16,7,16,0,423,332,48,48,22841,3599,123,18818,CHI,Central,Western
2025-2026,20251116,11,BOS,38020,John Beecher,ROSTER,24.0,"6'3""",210.0,USA,"Elmira, NY",True,C,6,1,0,1,1.0,0.0,0.17,0.17,7.5,0.0,0,0,0,0,0,0,0,0,0,0,0,0,0,0.0,-1,10,6,16.7,4,3,1,7,5,1,0,3,0,3,0.0,0,0,0,0,0,90,59,18,14,3746,782,216,2748,BOS,Atlantic,Eastern
2025-2026,20251116,143,SEA,37968,Matty Beniers,ROSTER,23.0,"6'2""",175.0,USA,"Hingham, MA",True,C,18,2,10,12,1.44,0.56,0.11,0.67,18.0,10.6,0,2,1,3,0,0,0,1,0,0,0,0,0,0.0,5,76,26,7.7,14,20,30,7,29,22,2,251,116,135,46.2,3,6,7,14,0,433,271,87,69,22075,4122,750,16922,SEA,Pacific,Western
2025-2026,20251116,4,FLO,5415,Sam Bennett,ROSTER,29.0,"6'1""",195.0,Canada,"Holland Landing, ON",False,C,18,3,2,5,1.89,0.11,0.17,0.28,22.6,31.9,1,1,1,2,0,0,0,0,0,0,0,0,0,0.0,-8,83,34,8.8,6,24,25,35,9,16,6,229,117,112,51.1,9,18,5,10,0,379,180,138,64,18210,4025,2730,11455,FLA,,
2025-2026,20251116,12,TOR,15129,Simon Benoit,ROSTER,27.0,"6'3""",208.0,Canada,"Laval, QC",False,D,18,0,2,2,0.67,0.11,0.0,0.11,53.0,33.5,0,0,0,0,0,0,0,0,0,0,0,0,0,0.0,-1,37,12,0.0,30,19,6,46,32,18,5,0,0,0,0.0,7,17,5,13,1,463,303,81,79,18622,2600,1887,14135,TOR,Atlantic,Eastern
2025-2026,20251116,15,BUF,111755,Zach Benson,INJURY_LIST,20.0,"5'10""",159.0,Canada,"Langley, BC",True,LW,8,0,8,8,2.0,1.0,0.0,1.0,8.2,10.6,0,0,3,3,0,1,1,0,0,0,0,0,0,0.0,3,24,16,0.0,6,4,4,4,12,7,5,3,2,1,66.7,3,6,1,2,0,185,150,23,12,9137,2505,424,6208,BUF,Atlantic,Eastern
2025-2026,20251116,16,DET,14556,Jonatan Berggren,ROSTER,25.0,"5'10""",183.0,Sweden,Uppsala,True,RW,12,2,4,6,1.58,0.33,0.17,0.5,6.9,10.6,0,1,0,1,0,0,0,0,0,0,0,0,0,0.0,-3,38,19,10.5,3,13,6,8,12,12,1,0,0,0,0.0,3,6,4,8,0,203,111,56,38,8995,1585,1049,6361,DET,Atlantic,Eastern
2025-2026,20251116,16,DET,14549,Jacob Bernard-Docker,ROSTER,25.0,"6'1""",190.0,Canada,"Canmore, AB",False,D,10,0,1,1,1.0,0.1,0.0,0.1,10.5,3.5,0,0,0,0,0,0,0,0,0,0,0,0,0,0.0,4,25,10,0.0,6,11,4,9,25,8,3,0,0,0,0.0,1,2,1,2,0,181,105,26,50,7776,673,335,6768,DET,Atlantic,Eastern
2025-2026,20251116,20,CHI,10178,Tyler Bertuzzi,ROSTER,30.0,"6'1""",199.0,Canada,"Sudbury, ON",False,LW,16,9,6,15,2.25,0.38,0.56,0.94,9.0,31.9,3,5,3,8,0,0,0,1,0,0,0,0,0,0.0,1,59,36,25.0,1,9,14,17,20,13,3,35,18,17,51.4,7,22,7,14,0,339,172,102,69,16863,4843,1653,10142,CHI,Central,Western
2025-2026,20251116,27,DAL,56392,Lian Bichsel,ROSTER,21.0,"6'6""",225.0,Switzerland,Wolfwil,False,D,19,1,2,3,0.42,0.11,0.05,0.16,53.9,28.3,0,0,0,0,0,0,0,0,0,0,0,0,0,0.0,5,25,8,12.5,22,12,5,66,57,18,1,0,0,0,0.0,8,16,5,10,0,348,270,30,48,16898,3102,300,13432,DAL,Central,Western
2025-2026,20251116,1,TBL,8913,Oliver Bjorkstrand,ROSTER,30.0,"6'0""",177.0,Denmark,Herning,False,RW,17,1,5,6,1.65,0.29,0.06,0.35,16.0,3.5,0,1,1,2,0,0,0,0,0,0,0,0,0,0.0,-1,73,28,3.6,9,23,22,14,27,15,3,8,4,4,50.0,1,2,1,2,0,305,144,102,60,14781,3667,2011,9103,TBL,Atlantic,Eastern
2025-2026,20251116,17,STL,5201,Nick Bjugstad,ROSTER,33.0,"6'6""",215.0,USA,"Minneapolis, MN",False,C,18,4,1,5,1.72,0.06,0.22,0.28,30.1,17.7,1,0,0,0,0,0,0,0,0,0,0,0,0,0.0,-1,49,31,12.9,14,7,11,33,5,3,2,112,55,57,49.1,5,10,4,8,0,295,151,77,71,12136,2510,1007,8619,STL,Central,Western
2025-2026,20251116,27,DAL,15469,Colin Blackwell,ROSTER,32.0,"5'9""",190.0,USA,"North Andover, MA",False,C,19,1,3,4,0.63,0.16,0.05,0.21,24.4,17.7,0,0,0,0,0,0,0,0,0,0,0,0,0,0.0,1,28,12,8.3,9,7,9,32,17,12,1,69,23,46,33.3,5,10,2,4,0,309,160,80,68,13446,3101,920,9333,DAL,Central,Western
2025-2026,20251116,12,TOR,11712,Sammy Blais,ROSTER,29.0,"6'2""",205.0,Canada,"Montmagny, QC",False,LW,6,1,1,2,1.17,0.17,0.17,0.33,14.9,7.1,0,0,0,0,0,0,0,0,0,0,0,0,0,0.0,-2,9,7,14.3,4,1,1,23,5,2,1,0,0,0,0.0,2,4,1,2,0,73,45,24,5,3007,672,474,1861,TOR,Atlantic,Eastern
2025-2026,20251116,3,CAR,56345,Jackson Blake,ROSTER,22.0,"5'10""",158.0,USA,"Eden Prairie, MN",False,RW,18,4,9,13,2.5,0.5,0.22,0.72,7.7,24.8,1,0,2,2,0,0,0,0,0,0,1,0,0,0.0,4,83,45,8.9,6,9,29,3,31,24,8,1,0,1,0.0,7,14,8,16,0,337,245,57,39,17564,3493,1024,13047,CAR,Metropolitan,Eastern
2025-2026,20251116,18,NSH,39055,Nick Blankenburg,ROSTER,27.0,"5'9""",175.0,USA,"Washington, MI",True,D,9,1,5,6,1.89,0.56,0.11,0.67,11.6,0.0,0,1,1,2,0,0,0,0,0,0,0,0,0,0.0,-3,42,17,5.9,7,18,7,9,17,9,2,0,0,0,0.0,0,0,1,2,0,209,168,17,26,10933,2460,156,8318,NSH,Central,Western
2025-2026,20251116,21,VAN,15472,Theodor Blueger,ROSTER,31.0,"6'0""",185.0,Latvia,Riga,False,C,2,1,0,1,1.0,0.0,0.5,0.5,4.6,0.0,0,0,0,0,0,0,0,1,0,0,0,0,0,0.0,0,2,2,50.0,3,0,0,3,0,1,0,26,9,17,34.6,0,0,0,0,0,44,21,8,16,1899,363,216,1320,VAN,Pacific,Western
2025-2026,20251116,21,VAN,5618,Brock Boeser,ROSTER,28.0,"6'1""",208.0,USA,"Burnsville, MN",False,RW,17,8,5,13,2.35,0.29,0.47,0.76,11.9,0.0,2,1,3,4,0,0,0,2,0,1,1,0,1,100.0,-4,69,40,20.0,6,12,17,12,5,9,2,34,13,21,38.2,0,0,1,2,0,345,159,70,125,18648,3357,1028,14274,VAN,Pacific,Western
2025-2026,20251116,25,MIN,4480,Zach Bogosian,ROSTER,35.0,"6'3""",226.0,USA,"Massena, NY",False,D,5,0,0,0,1.0,0.0,0.0,0.0,12.3,0.0,0,0,0,0,0,0,0,0,0,0,0,0,0,0.0,3,7,5,0.0,9,1,1,6,4,2,1,0,0,0,0.0,0,0,1,2,0,79,49,9,21,4163,911,58,3194,MIN,Central,Western
2025-2026,20251116,14,MTL,33083,Zachary Bolduc,ROSTER,22.0,"6'1""",175.0,Canada,"Trois-Rivière, QC",True,RW,18,4,2,6,1.44,0.11,0.22,0.33,22.7,17.7,1,2,1,3,0,0,0,0,0,0,0,0,0,0.0,-4,56,26,15.4,7,15,15,33,25,17,2,13,8,5,61.5,5,10,5,10,0,291,200,50,45,14497,2760,398,11339,MTL,Atlantic,Eastern
2025-2026,20251116,25,MIN,30015,Matthew Boldy,ROSTER,24.0,"6'2""",196.0,USA,"Milford, MA",True,LW,19,10,10,20,3.42,0.53,0.53,1.05,17.2,10.6,3,5,4,9,0,0,0,1,0,0,1,0,0,0.0,0,145,65,15.4,11,37,43,12,22,24,3,31,12,19,38.7,3,6,7,14,0,385,219,106,69,24367,6379,1225,16763,MIN,Central,Western
2025-2026,20251116,8,NYI,14531,Adam Boqvist,ROSTER,25.0,"5'11""",179.0,Sweden,Falun,False,D,6,0,0,0,0.17,0.0,0.0,0.0,4.7,3.5,0,0,0,0,0,0,0,0,0,0,0,0,0,0.0,1,7,1,0.0,4,5,1,1,4,3,0,0,0,0,0.0,1,2,0,0,0,102,66,25,11,4564,597,542,3425,NYI,Metropolitan,Eastern
2025-2026,20251116,4,FLO,17176,Jesper Boqvist,ROSTER,27.0,"6'0""",180.0,Sweden,Falun,False,C,18,2,1,3,0.89,0.06,0.11,0.17,29.8,7.1,0,0,0,0,0,0,0,1,0,0,0,0,0,0.0,1,35,16,12.5,8,7,12,46,15,12,0,29,11,18,37.9,2,4,3,6,0,312,165,80,69,12495,1919,998,9578,FLA,,
2025-2026,20251116,9,NYR,15692,William Borgen,ROSTER,28.0,"6'3""",196.0,USA,"Moorhead, MN",False,D,18,1,2,3,0.83,0.11,0.06,0.17,34.3,14.2,0,0,0,0,0,0,0,1,0,0,0,0,0,0.0,4,43,15,6.7,22,18,10,24,34,14,6,0,0,0,0.0,4,8,2,4,0,457,257,84,103,20215,1918,1322,16188,NYR,Metropolitan,Eastern
2025-2026,20251116,24,EDM,14533,Evan Bouchard,ROSTER,26.0,"6'3""",194.0,Canada,"Oakville, ON",False,D,20,3,13,16,2.7,0.65,0.15,0.8,31.1,17.7,1,1,3,4,0,0,0,1,0,1,1,0,0,0.0,-5,113,54,5.6,26,39,20,8,20,30,15,0,0,0,0.0,5,10,4,8,0,496,286,125,75,28299,6127,2290,19252,EDM,Pacific,Western
2025-2026,20251116,27,DAL,34435,Mavrik Bourque,ROSTER,23.0,"5'10""",178.0,Canada,"Plessisville, QC",True,C,19,2,4,6,1.58,0.21,0.11,0.32,14.7,3.5,0,0,2,2,0,0,0,0,0,0,0,0,0,0.0,-4,48,30,6.7,10,5,13,9,20,6,1,27,11,16,40.7,1,2,3,6,0,352,224,65,64,16414,2531,717,13116,DAL,Central,Western
2025-2026,20251116,142,VGK,184007,Braeden Bowman,ROSTER,22.0,"6'1""",205.0,Canada,"Kitchener, ON",True,RW,2,1,0,1,4.0,0.0,0.5,0.5,0.0,0.0,0,1,0,1,0,0,0,1,0,0,0,0,0,0.0,-1,12,8,12.5,0,1,3,0,1,0,0,0,0,0,0.0,0,0,0,0,0,37,30,8,0,1973,652,306,1015,VGK,Pacific,Western
2025-2026,20251116,16,DET,142440,Michael Brandsegg-Nygård,ASSIGNED_TO_MINORS,,,,,,False,RW,9,0,1,1,1.56,0.11,0.0,0.11,16.2,3.5,0,0,0,0,0,0,0,0,0,0,0,0,0,0.0,-5,35,14,0.0,3,13,8,28,17,10,2,0,0,0,0.0,1,2,1,2,0,158,132,24,2,6723,821,31,5871,DET,Atlantic,Eastern
2025-2026,20251116,7,NJD,13722,Jesper Bratt,ROSTER,27.0,"5'10""",175.0,Sweden,Stockholm,False,LW,18,5,12,17,2.0,0.67,0.28,0.94,16.1,10.6,1,1,4,5,1,0,1,2,0,1,2,0,2,100.0,0,69,36,13.9,6,15,18,21,14,20,11,0,0,0,0.0,3,6,2,4,0,409,223,86,105,19615,3639,1187,14832,NJD,Metropolitan,Eastern
2025-2026,20251116,10,PIT,53189,Justin Brazeau,ROSTER,27.0,"6'5""",220.0,Canada,"New Liskeard, ON",True,RW,12,6,6,12,1.83,0.5,0.5,1.0,20.5,0.0,2,1,1,2,0,0,0,2,0,0,0,0,0,0.0,3,33,22,27.3,12,4,10,17,11,13,1,0,0,0,0.0,0,0,1,2,0,212,127,72,12,9702,1946,1616,5862,PIT,Metropolitan,Eastern
2025-2026,20251116,22,COL,133825,Gavin Brindley,ROSTER,21.0,"5'9""",175.0,USA,"Fort Myers, FL",True,C,16,4,3,7,1.25,0.19,0.25,0.44,11.7,7.1,1,0,0,0,0,0,0,2,0,1,0,0,0,0.0,3,36,20,20.0,4,8,8,16,22,6,3,5,2,3,40.0,2,4,5,10,0,217,164,37,20,8997,1598,124,7275,COL,Central,Western
2025-2026,20251116,6,PHI,38019,Bobby Brink,ROSTER,24.0,"5'8""",165.0,USA,"Minnetonka, MN",True,RW,18,5,4,9,1.89,0.22,0.28,0.5,19.9,21.3,1,2,2,4,0,0,0,0,0,0,2,0,1,50.0,-5,56,34,14.7,7,12,10,27,16,7,1,19,5,14,26.3,6,12,6,12,0,376,225,76,81,17873,2919,723,14625,PHI,Metropolitan,Eastern
2025-2026,20251116,17,STL,17150,Philip Broberg,ROSTER,24.0,"6'3""",200.0,Sweden,Orebro,True,D,19,2,5,7,1.47,0.26,0.11,0.37,32.1,3.5,0,0,0,0,0,0,0,0,0,0,0,0,0,0.0,-2,70,28,7.1,27,27,15,8,31,26,5,0,0,0,0.0,1,2,5,10,0,533,329,99,107,25943,3946,1353,20644,STL,Central,Western
2025-2026,20251116,25,MIN,5123,Jonas Brodin,ROSTER,32.0,"6'1""",194.0,Sweden,Karlstad,False,D,18,2,3,5,0.94,0.17,0.11,0.28,37.1,7.1,0,0,0,0,0,0,0,0,0,0,0,0,0,0.0,1,44,17,11.8,33,20,7,5,28,19,2,0,0,0,0.0,2,4,3,6,0,443,239,98,108,23241,4175,1813,17253,MIN,Central,Western
2025-2026,20251116,9,NYR,11807,Jonny Brodzinski,ROSTER,32.0,"6'1""",215.0,USA,"Ham Lake, MN",False,C,8,1,1,2,0.88,0.12,0.12,0.25,1.5,0.0,0,0,0,0,0,0,0,0,0,0,0,0,0,0.0,1,21,7,14.3,1,6,8,1,5,3,3,6,5,1,83.3,0,0,2,4,0,124,63,26,30,5110,774,374,3747,NYR,Metropolitan,Eastern
2025-2026,20251116,7,NJD,8916,Connor Brown,ROSTER,31.0,"6'0""",186.0,Canada,"Etobicoke, ON",False,RW,11,5,1,6,1.55,0.09,0.45,0.55,13.3,3.5,1,0,0,0,1,0,1,0,0,0,0,0,0,0.0,1,27,17,29.4,10,2,8,6,9,7,3,6,3,3,50.0,1,2,0,0,0,219,110,54,60,10412,1380,1073,7959,NJD,Metropolitan,Eastern
2025-2026,20251116,10,PIT,142708,Harrison Brunicke,ROSTER,,,,,,False,D,9,1,0,1,0.89,0.0,0.11,0.11,15.5,10.6,0,0,0,0,0,0,0,0,0,0,0,0,0,0.0,-4,22,8,12.5,13,7,7,4,18,14,1,0,0,0,0.0,3,6,2,4,0,171,135,14,19,8486,830,167,7234,PIT,Metropolitan,Eastern
2025-2026,20251116,15,BUF,17925,Jacob Bryson,ROSTER,27.0,"5'9""",185.0,Canada,"London, ON",False,D,8,0,1,1,0.12,0.12,0.0,0.12,4.7,7.1,0,0,0,0,0,0,0,0,0,0,0,0,0,0.0,-1,11,1,0.0,4,7,3,1,8,5,1,0,0,0,0.0,2,4,0,0,0,128,67,11,50,4985,670,147,4168,BUF,Atlantic,Eastern
2025-2026,20251116,17,STL,10075,Pavel Buchnevich,ROSTER,30.0,"6'3""",197.0,Russia,Cherepovets,False,LW,19,2,5,7,1.79,0.26,0.11,0.37,11.9,8.8,0,2,2,4,0,0,0,0,0,0,0,0,0,0.0,-8,67,34,5.9,6,15,18,12,12,19,4,11,4,7,36.4,3,4,4,8,0,435,206,140,91,20655,3857,1844,14954,STL,Central,Western
2025-2026,20251116,25,MIN,142488,Zeev Buium,ROSTER,,,,,,False,D,19,3,7,10,1.37,0.37,0.16,0.53,15.0,3.5,1,2,5,7,0,0,0,0,0,0,0,0,0,0.0,-10,57,26,11.5,12,19,12,5,26,22,3,0,0,0,0.0,1,2,3,6,0,368,303,50,17,21845,4739,254,16852,MIN,Central,Western
2025-2026,20251116,18,NSH,15430,Michael Bunting,ROSTER,30.0,"5'11""",197.0,Canada,"Toronto, ON",True,LW,19,4,6,10,1.16,0.32,0.21,0.53,9.6,10.6,1,0,3,3,0,0,0,0,0,0,1,1,0,0.0,-4,62,22,18.2,6,12,28,7,15,17,1,10,3,7,30.0,3,6,6,12,0,338,165,117,60,16437,3325,2320,10792,NSH,Central,Western
2025-2026,20251116,20,CHI,5451,Andre Burakovsky,ROSTER,30.0,"6'3""",201.0,Austria,Klagenfurt,False,LW,16,7,7,14,1.56,0.44,0.44,0.88,10.2,10.6,2,1,4,5,0,0,0,1,0,0,0,0,0,0.0,4,55,25,28.0,7,19,11,6,20,13,10,3,0,3,0.0,3,6,1,2,0,343,179,70,97,16875,3668,652,12330,CHI,Central,Western
2025-2026,20251116,22,COL,15,Brent Burns,ROSTER,40.0,"6'5""",230.0,Canada,"Ajax, ON",False,D,18,1,8,9,2.11,0.44,0.06,0.5,29.2,21.3,0,0,1,1,0,0,0,1,0,0,0,0,0,0.0,4,86,38,2.6,26,30,18,4,15,18,4,0,0,0,0.0,6,12,0,0,0,477,256,95,127,22009,5633,1368,15008,COL,Central,Western
2025-2026,20251116,28,LAK,19049,Quinton Byfield,ROSTER,23.0,"6'4""",215.0,Canada,"Newmarket, ON",True,RW,19,4,13,17,2.37,0.68,0.21,0.89,13.2,14.2,1,1,4,5,0,1,1,2,0,1,1,0,0,0.0,4,75,45,8.9,5,14,16,17,21,19,8,293,120,173,41.0,4,8,9,18,0,444,289,54,106,22746,3041,729,18976,LAK,Pacific,Western
2025-2026,20251116,15,BUF,21814,Bowen Byram,ROSTER,24.0,"6'0""",195.0,Canada,"Cranbrook, BC",True,D,18,2,6,8,1.39,0.33,0.11,0.44,30.7,17.7,0,0,2,2,0,0,0,0,0,0,1,0,1,100.0,-6,55,25,8.0,23,10,20,14,30,22,3,0,0,0,0.0,5,10,4,8,0,496,290,80,129,23833,3070,926,19878,BUF,Atlantic,Eastern
2025-2026,20251116,11,BOS,37956,Michael Callahan,ASSIGNED_TO_MINORS,26.0,"6'2""",197.0,USA,"Franklin, MA",True,D,3,0,0,0,0.67,0.0,0.0,0.0,7.7,0.0,0,0,0,0,0,0,0,0,0,0,0,0,0,0.0,-2,3,2,0.0,6,0,1,3,9,3,1,0,0,0,0.0,0,0,0,0,0,70,45,18,7,2961,777,279,1905,BOS,Atlantic,Eastern
2025-2026,20251116,27,DAL,5658,Kyle Capobianco,ROSTER,28.0,"6'1""",196.0,Canada,"Mississauga, ON",False,D,4,0,0,0,0.5,0.0,0.0,0.0,1.4,3.5,0,0,0,0,0,0,0,0,0,0,0,0,0,0.0,1,5,2,0.0,0,3,0,3,2,2,1,0,0,0,0.0,1,2,0,0,0,49,31,7,9,2093,519,42,1455,DAL,Central,Western
2025-2026,20251116,30,UTA,16956,Michael Carcone,ROSTER,29.0,"5'10""",170.0,Canada,"Ajax, ON",False,LW,16,3,3,6,1.94,0.19,0.19,0.38,15.4,21.3,1,0,0,0,0,0,0,0,0,0,0,0,0,0.0,-1,63,31,9.7,4,14,18,24,18,6,1,1,0,1,0.0,4,16,2,4,0,259,152,70,40,10401,1676,969,7756,UTA,Central,Western
2025-2026,20251116,26,SJS,56619,Ethan Cardwell,ASSIGNED_TO_MINORS,23.0,"5'11""",180.0,Canada,"Courtice, ON",False,RW,4,1,0,1,0.75,0.0,0.25,0.25,1.9,3.5,0,0,0,0,0,0,0,1,0,0,0,0,0,0.0,1,11,3,33.3,0,4,4,4,5,2,1,0,0,0,0.0,1,2,0,0,0,63,48,10,6,2965,484,109,2372,SJS,Pacific,Western
2025-2026,20251116,12,TOR,5632,Brandon Carlo,ROSTER,28.0,"6'5""",212.0,USA,"Colorado Springs, CO",False,D,18,0,2,2,1.28,0.11,0.0,0.11,41.4,10.6,0,0,0,0,0,0,0,0,0,0,0,0,0,0.0,2,49,23,0.0,34,13,13,12,28,20,1,0,0,0,0.0,3,6,1,2,0,497,293,119,85,21664,2450,2354,16860,TOR,Atlantic,Eastern
2025-2026,20251116,5,WSH,4735,John Carlson,ROSTER,35.0,"6'3""",217.0,USA,"Natick, MA",False,D,17,4,10,14,2.24,0.59,0.24,0.82,30.6,7.1,1,0,5,5,0,0,0,0,0,0,0,0,0,0.0,0,102,38,10.5,26,37,26,7,22,31,16,0,0,0,0.0,2,4,1,2,0,405,205,91,109,23831,6655,1588,15395,WSH,Metropolitan,Eastern
2025-2026,20251116,29,ANA,111582,Leo Carlsson,ROSTER,20.0,"6'3""",198.0,Sweden,Karlstad,True,C,18,11,15,26,2.67,0.83,0.61,1.44,11.3,27.5,3,2,7,9,2,1,3,3,0,1,1,0,0,0.0,7,99,48,22.9,9,24,27,4,11,15,8,297,140,157,47.1,5,21,7,14,0,444,347,55,53,20848,4786,454,15706,ANA,Pacific,Western
2025-2026,20251116,9,NYR,5479,Sam Carrick,ROSTER,33.0,"6'0""",200.0,Canada,"Stouffville, ON",False,C,19,1,4,5,1.21,0.21,0.05,0.26,27.2,36.6,0,0,0,0,0,1,1,0,0,0,0,0,0,0.0,2,47,23,4.3,13,9,16,29,26,8,4,147,76,71,51.7,3,15,8,25,3,328,130,66,121,13908,2981,770,9675,NYR,Metropolitan,Eastern
2025-2026,20251116,14,MTL,5710,Alexandre Carrier,ROSTER,29.0,"5'11""",174.0,Canada,"Quebec City, QC",False,D,18,1,5,6,0.83,0.28,0.06,0.33,50.8,14.2,0,0,0,0,0,0,0,0,0,0,0,0,0,0.0,-9,41,15,6.7,43,15,11,12,49,16,10,0,0,0,0.0,4,8,3,6,0,402,217,68,119,20234,2354,1317,16571,MTL,Atlantic,Eastern
2025-2026,20251116,3,CAR,10174,William Carrier,ROSTER,30.0,"6'2""",218.0,Canada,"Pierrefonds, QC",False,LW,12,1,3,4,0.75,0.25,0.08,0.33,14.8,3.5,0,0,0,0,0,0,0,1,0,0,0,0,0,0.0,1,31,9,11.1,3,9,13,25,14,5,2,0,0,0,0.0,1,2,3,6,0,211,69,121,22,7899,1760,1494,4645,CAR,Metropolitan,Eastern
2025-2026,20251116,7,NJD,56518,Seamus Casey,ASSIGNED_TO_MINORS,21.0,"5'10""",173.0,USA,"Estero, FL",False,D,2,0,0,0,2.0,0.0,0.0,0.0,1.1,0.0,0,0,0,0,0,0,0,0,0,0,0,0,0,0.0,-3,8,4,0.0,1,2,2,0,7,3,2,0,0,0,0.0,0,0,0,0,0,48,37,10,1,2161,692,92,1377,NJD,Metropolitan,Eastern
2025-2026,20251116,6,PHI,38701,Noah Cates,ROSTER,26.0,"6'1""",170.0,USA,"Stillwater, MN",True,LW,18,4,6,10,1.94,0.33,0.22,0.56,20.7,10.6,1,1,4,5,0,0,0,2,0,1,0,0,0,0.0,1,59,35,11.4,13,8,16,15,15,10,4,270,112,158,41.5,3,6,5,10,0,439,184,65,194,18815,2406,252,16157,PHI,Metropolitan,Eastern
2025-2026,20251116,143,SEA,142279,Berkly Catton,ROSTER,,,,,,False,C,13,0,3,3,0.85,0.23,0.0,0.23,7.8,0.0,0,0,1,1,0,0,0,0,0,0,0,0,0,0.0,1,19,11,0.0,7,2,6,1,22,6,2,15,9,6,60.0,0,0,3,6,0,209,187,18,3,9141,1379,217,7495,SEA,Pacific,Western
2025-2026,20251116,14,MTL,19047,Cole Caufield,ROSTER,24.0,"5'7""",174.0,USA,"Mosinee, WI",True,RW,18,13,6,19,2.44,0.33,0.72,1.06,13.2,14.2,4,1,5,6,0,0,0,3,0,3,1,0,0,0.0,8,89,44,29.5,5,18,27,17,11,15,6,5,2,3,40.0,4,8,6,12,0,376,204,82,103,19879,3174,703,16002,MTL,Atlantic,Eastern
2025-2026,20251116,28,LAK,5307,Cody Ceci,ROSTER,31.0,"6'2""",210.0,Canada,"Ottawa, ON",False,D,19,1,4,5,0.95,0.21,0.05,0.26,26.8,7.1,0,0,0,0,0,1,1,0,0,0,0,0,0,0.0,-6,47,18,5.6,21,21,8,10,29,17,5,0,0,0,0.0,2,4,0,0,0,406,220,78,110,20161,2246,1913,16004,LAK,Pacific,Western
2025-2026,20251116,26,SJS,134157,Macklin Celebrini,ROSTER,19.0,"6'0""",190.0,Canada,"North Vancouver, BC",True,C,19,10,17,27,2.79,0.89,0.53,1.42,19.7,17.7,3,2,7,9,0,0,0,1,0,1,1,0,0,0.0,3,107,53,18.9,13,30,24,13,26,28,7,311,155,156,49.8,5,10,13,28,0,414,340,37,47,23438,4606,836,17996,SJS,Pacific,Western
2025-2026,20251116,1,TBL,14454,Erik Cernak,ROSTER,28.0,"6'3""",233.0,Slovakia,Kosice,False,D,17,0,2,2,0.65,0.12,0.0,0.12,60.2,38.8,0,0,0,0,0,0,0,0,0,0,0,0,0,0.0,-1,34,11,0.0,40,14,9,39,22,12,2,0,0,0,0.0,8,21,2,7,1,449,224,129,97,19578,2842,1325,15339,TBL,Atlantic,Eastern
2025-2026,20251116,13,OTT,5613,Thomas Chabot,ROSTER,28.0,"6'2""",196.0,Canada,"Ste-Marie-de-Beauce, QC",False,D,17,2,8,10,1.12,0.47,0.12,0.59,42.0,15.9,0,1,3,4,0,1,1,0,0,0,0,0,0,0.0,6,66,19,10.5,35,27,20,11,20,12,6,0,0,0,0.0,4,10,1,2,0,462,258,100,106,22370,3533,1842,16995,OTT,Atlantic,Eastern
2025-2026,20251116,1,TBL,28436,Mitchell Chaffee,ASSIGNED_TO_MINORS,27.0,"6'0""",207.0,USA,"Rockford, MI",True,RW,7,0,0,0,1.14,0.0,0.0,0.0,10.9,7.1,0,0,0,0,0,0,0,0,0,0,0,0,0,0.0,0,10,8,0.0,2,1,1,19,6,5,0,3,1,2,33.3,2,4,2,4,0,95,55,20,20,3986,557,296,3133,TBL,Atlantic,Eastern
2025-2026,20251116,3,CAR,15383,Jalen Chatfield,ROSTER,29.0,"6'1""",188.0,USA,"Ypsilanti, MI",False,D,13,0,3,3,1.54,0.23,0.0,0.23,19.4,14.2,0,0,0,0,0,0,0,0,0,0,0,0,0,0.0,3,53,20,0.0,14,22,11,10,28,12,1,0,0,0,0.0,4,8,2,12,0,349,199,62,88,15464,2054,850,12560,CAR,Metropolitan,Eastern
2025-2026,20251116,16,DET,5285,Ben Chiarot,ROSTER,34.0,"6'3""",234.0,Canada,"Hamilton, ON",False,D,18,1,4,5,0.94,0.22,0.06,0.28,57.9,7.1,0,0,0,0,0,0,0,0,0,0,0,0,0,0.0,1,54,17,5.9,36,25,12,43,24,25,4,0,0,0,0.0,2,4,1,2,0,472,265,78,131,22726,5490,1333,15936,DET,Atlantic,Eastern
2025-2026,20251116,2,WPJ,37987,Nikita Chibrikov,ROSTER,22.0,"5'10""",170.0,Russia,Moskva,True,RW,8,0,0,0,0.62,0.0,0.0,0.0,9.9,19.5,0,0,0,0,0,0,0,0,0,0,0,0,0,0.0,0,16,5,0.0,5,7,4,10,7,6,2,0,0,0,0.0,5,12,2,4,0,105,83,19,3,4414,1202,226,2986,WPG,,
2025-2026,20251116,19,CBJ,30088,Yegor Chinakhov,ROSTER,24.0,"6'0""",178.0,Russia,Omsk,True,RW,13,2,2,4,1.62,0.15,0.15,0.31,8.4,3.5,0,0,0,0,0,0,0,0,0,0,0,0,0,0.0,0,35,21,9.5,4,11,3,9,10,6,3,0,0,0,0.0,1,2,2,4,0,178,137,32,9,7900,1581,131,6108,CBJ,Metropolitan,Eastern
2025-2026,20251116,5,WSH,28482,Declan Chisholm,ROSTER,25.0,"6'1""",185.0,Canada,"Bowmanville, ON",True,D,9,0,1,1,0.78,0.11,0.0,0.11,8.8,3.5,0,0,0,0,0,0,0,0,0,0,0,0,0,0.0,2,18,7,0.0,7,8,3,3,14,9,4,0,0,0,0.0,1,2,3,9,0,160,104,24,26,7779,1053,647,5743,WSH,Metropolitan,Eastern
2025-2026,20251116,9,NYR,56549,Jaroslav Chmelar,ASSIGNED_TO_MINORS,22.0,"6'4""",198.0,Czech Republic,Nove Mesto nad Metuji,False,RW,2,0,0,0,0.5,0.0,0.0,0.0,2.3,12.2,0,0,0,0,0,0,0,0,0,0,0,0,0,0.0,-1,2,1,0.0,0,0,1,5,1,1,0,0,0,0,0.0,1,5,1,5,1,21,16,3,2,867,126,79,662,NYR,Metropolitan,Eastern
2025-2026,20251116,7,NJD,15156,Dennis Cholowski,ROSTER,27.0,"6'2""",197.0,Canada,"Langley, BC",False,D,7,0,1,1,0.71,0.14,0.0,0.14,10.5,0.0,0,0,0,0,0,0,0,0,0,0,0,0,0,0.0,-1,12,5,0.0,10,4,3,0,5,5,1,0,0,0,0.0,0,0,0,0,0,127,74,19,31,6006,673,227,5038,NJD,Metropolitan,Eastern
2025-2026,20251116,19,CBJ,28414,Jake Christiansen,ROSTER,26.0,"6'1""",195.0,Canada,"West Vancouver, BC",True,D,14,0,0,0,0.5,0.0,0.0,0.0,12.9,3.5,0,0,0,0,0,0,0,0,0,0,0,0,0,0.0,-4,30,7,0.0,7,13,10,12,19,4,0,0,0,0,0.0,1,2,1,2,0,172,114,29,29,8525,769,312,7444,CBJ,Metropolitan,Eastern
2025-2026,20251116,5,WSH,9642,Jakob Chychrun,ROSTER,27.0,"6'2""",210.0,USA,"Boca Raton, FL",False,D,18,4,9,13,3.39,0.5,0.22,0.72,28.8,33.5,1,2,1,3,0,0,0,1,0,1,0,0,0,0.0,7,139,61,6.6,19,38,40,19,26,24,7,0,0,0,0.0,7,17,7,17,1,408,219,106,83,25491,4609,3140,17745,WSH,Metropolitan,Eastern
2025-2026,20251116,21,VAN,13636,Filip Chytil,INJURY_LIST,26.0,"6'2""",206.0,Czech Republic,Kromeriz,False,C,6,3,0,3,2.5,0.0,0.5,0.5,5.6,10.6,1,0,0,0,0,0,0,1,0,0,0,0,0,0.0,0,22,15,20.0,4,2,5,3,10,3,2,76,36,40,47.4,3,6,0,0,0,114,56,43,18,5629,1207,724,3698,VAN,Pacific,Western
2025-2026,20251116,1,TBL,14125,Anthony Cirelli,ROSTER,28.0,"6'0""",193.0,Canada,"Etobicoke, ON",False,C,14,7,4,11,1.5,0.29,0.5,0.79,15.3,10.6,2,2,0,2,0,0,0,2,0,1,0,0,0,0.0,6,40,21,33.3,11,6,13,8,13,7,5,260,125,135,48.1,3,6,1,2,0,341,145,118,85,15683,2584,2123,10896,TBL,Atlantic,Eastern
2025-2026,20251116,8,NYI,5083,Casey Cizikas,ROSTER,34.0,"5'11""",195.0,Canada,"Toronto, ON",False,C,18,1,2,3,0.72,0.11,0.06,0.17,33.2,10.6,0,0,0,0,0,0,0,0,0,0,0,0,0,0.0,-7,23,13,7.7,13,4,6,42,17,8,1,123,51,72,41.5,3,6,0,0,0,260,143,60,58,10734,2626,653,7455,NYI,Metropolitan,Eastern
2025-2026,20251116,28,LAK,31218,Brandt Clarke,ROSTER,22.0,"6'2""",185.0,Canada,"Nepean, ON",True,D,19,2,7,9,1.95,0.37,0.11,0.47,30.4,17.7,0,0,0,0,0,0,0,1,0,0,0,0,0,0.0,6,66,37,5.4,24,20,9,11,25,24,6,0,0,0,0.0,5,10,5,10,0,402,317,57,30,19854,2464,388,17002,LAK,Pacific,Western
2025-2026,20251116,10,PIT,15396,Connor Clifton,ROSTER,30.0,"5'11""",175.0,USA,"Long Branch, New Jersey",False,D,6,0,0,0,0.83,0.0,0.0,0.0,29.7,7.1,0,0,0,0,0,0,0,0,0,0,0,0,0,0.0,-2,18,5,0.0,15,10,3,30,14,5,1,0,0,0,0.0,2,4,0,0,0,120,65,27,28,6062,683,199,5183,PIT,Metropolitan,Eastern
2025-2026,20251116,29,ANA,38010,Sam Colangelo,ASSIGNED_TO_MINORS,23.0,"6'2""",205.0,USA,"Stoneham, MA",True,RW,7,1,0,1,0.43,0.0,0.14,0.14,5.2,7.1,0,0,0,0,0,0,0,0,0,0,0,0,0,0.0,-3,11,3,33.3,1,5,3,9,7,6,0,2,1,1,50.0,2,4,0,0,0,105,70,21,16,4285,812,132,3383,ANA,Pacific,Western
2025-2026,20251116,30,UTA,4905,Ian Cole,ROSTER,36.0,"6'1""",225.0,USA,"Ann Arbor, MI",False,D,18,1,6,7,0.94,0.33,0.06,0.39,52.2,17.7,0,0,0,0,0,0,0,0,0,0,0,0,0,0.0,6,39,17,5.9,39,11,11,24,35,19,4,0,0,0,0.0,5,10,3,6,0,418,239,67,113,20073,4546,712,14815,UTA,Central,Western
2025-2026,20251116,23,CGY,11702,Blake Coleman,ROSTER,33.0,"5'11""",207.0,USA,"Plano, TX",False,LW,20,7,1,8,2.4,0.05,0.35,0.4,35.8,14.2,2,0,0,0,1,0,1,2,0,0,0,0,0,0.0,1,84,48,14.6,15,19,17,43,14,24,6,18,7,11,38.9,4,8,6,12,0,473,224,164,92,20372,4888,2081,13403,CGY,Pacific,Western
2025-2026,20251116,22,COL,18195,Ross Colton,ROSTER,29.0,"6'0""",190.0,USA,"Robbinsville, New Jersey",False,C,18,2,7,9,1.94,0.39,0.11,0.5,26.4,12.2,0,0,0,0,0,0,0,1,0,0,0,0,0,0.0,3,73,35,5.7,7,17,21,41,14,15,4,21,12,9,57.1,1,5,7,17,1,322,171,108,45,13550,2301,2010,9239,COL,Central,Western
2025-2026,20251116,16,DET,5564,J.T. Compher,ROSTER,30.0,"6'0""",190.0,USA,"Northbrook, IL",False,LW,18,3,3,6,1.17,0.17,0.17,0.33,12.3,3.5,1,0,0,0,0,0,0,0,0,0,0,0,0,0.0,-1,39,21,14.3,9,13,6,6,17,10,0,203,99,104,48.8,1,2,6,12,0,399,181,106,115,17737,3882,2087,11829,DET,Atlantic,Eastern
2025-2026,20251116,2,WPJ,5612,Kyle Connor,ROSTER,28.0,"6'1""",182.0,USA,"Clinton Township, MI",False,LW,18,10,12,22,3.89,0.67,0.56,1.22,6.3,7.1,3,2,5,7,1,0,1,1,0,1,1,0,0,0.0,4,115,70,14.3,2,22,23,9,16,18,8,0,0,0,0.0,2,4,4,8,0,415,177,173,75,22264,4543,3546,14175,WPG,,
2025-2026,20251116,30,UTA,56257,Logan Cooley,ROSTER,21.0,"5'11""",180.0,USA,"Pittsburgh, PA",False,C,18,8,6,14,2.0,0.33,0.44,0.78,17.4,17.7,2,3,1,4,0,0,0,0,0,0,0,0,0,0.0,2,62,36,22.2,9,6,20,17,20,23,6,228,94,134,41.2,5,10,6,12,0,400,288,54,67,20461,5005,844,14614,UTA,Central,Western
2025-2026,20251116,21,VAN,167600,Braeden Cootes,ASSIGNED_TO_OTHER,18.0,"6'0""",183.0,Canada,"Sherwood Park, AB",True,C,3,0,0,0,0.0,0.0,0.0,0.0,2.4,0.0,0,0,0,0,0,0,0,0,0,0,0,0,0,0.0,-2,0,0,0.0,1,0,0,3,1,4,0,13,5,8,38.5,0,0,0,0,0,44,38,5,1,1940,192,0,1748,VAN,Pacific,Western
2025-2026,20251116,16,DET,5555,Andrew Copp,ROSTER,31.0,"6'1""",206.0,USA,"Ann Arbor, MI",False,C,18,1,6,7,0.89,0.33,0.06,0.39,22.9,17.7,0,0,2,2,0,0,0,0,0,0,0,0,0,0.0,-6,36,16,6.2,16,8,12,13,21,16,3,136,73,63,53.7,5,10,2,4,0,382,165,97,121,15843,3082,943,11818,DET,Atlantic,Eastern
2025-2026,20251116,23,CGY,37972,Matt Coronato,ROSTER,23.0,"5'10""",183.0,USA,"New York, NY",True,RW,19,5,4,9,2.95,0.21,0.26,0.47,9.4,21.3,1,2,0,2,0,0,0,0,0,0,1,1,0,0.0,-11,109,56,8.9,8,34,19,2,16,12,6,31,9,22,29.0,6,12,5,10,0,392,278,86,33,19696,5329,903,13464,CGY,Pacific,Western
2025-2026,20251116,7,NJD,18224,Paul Cotter,ROSTER,26.0,"6'0""",185.0,USA,"Carton, MI",False,LW,18,1,2,3,0.94,0.11,0.06,0.17,26.1,10.6,0,0,1,1,0,0,0,0,0,0,2,0,1,50.0,-7,34,17,5.9,4,8,9,47,24,10,3,13,9,4,69.2,3,6,3,6,0,293,187,50,57,13115,2185,922,10026,NJD,Metropolitan,Eastern
2025-2026,20251116,13,OTT,5536,Nick Cousins,ROSTER,32.0,"5'11""",183.0,Canada,"Belleville, ON",False,C,19,3,1,4,0.68,0.05,0.16,0.21,28.2,47.7,1,0,0,0,0,0,0,1,0,0,0,0,0,0.0,2,29,13,23.1,10,6,10,38,33,15,5,13,6,7,46.2,9,29,9,21,1,321,171,102,51,12594,2335,1805,8454,OTT,Atlantic,Eastern
2025-2026,20251116,6,PHI,4995,Sean Couturier,ROSTER,32.0,"6'3""",211.0,USA,"Phoenix, AZ",False,C,17,2,8,10,1.47,0.47,0.12,0.59,19.1,14.2,0,0,0,0,0,0,0,1,0,0,0,0,0,0.0,-2,54,25,8.0,12,18,11,14,14,17,8,284,146,138,51.4,4,8,2,4,0,405,174,92,141,18741,4992,876,12873,PHI,Metropolitan,Eastern
2025-2026,20251116,12,TOR,112362,Easton Cowan,ROSTER,20.0,"5'10""",170.0,Canada,"Mount Brydges, ON",True,RW,11,1,3,4,1.64,0.27,0.09,0.36,10.3,7.1,0,0,0,0,0,0,0,0,0,0,0,0,0,0.0,1,35,18,5.6,4,9,8,13,15,11,0,3,1,2,33.3,2,4,5,10,0,182,153,30,1,8523,2140,354,5990,TOR,Atlantic,Eastern
2025-2026,20251116,19,CBJ,5124,Charlie Coyle,ROSTER,33.0,"6'3""",220.0,USA,"East Weymouth, MA",False,C,18,3,9,12,1.56,0.5,0.17,0.67,23.2,0.0,1,0,1,1,0,0,0,0,0,0,1,0,1,100.0,1,49,28,10.7,11,9,12,25,12,12,7,277,151,126,54.5,0,0,2,4,0,389,189,91,110,18581,5197,609,12673,CBJ,Metropolitan,Eastern
2025-2026,20251116,13,OTT,19086,Dylan Cozens,ROSTER,24.0,"6'3""",183.0,Canada,"Whitehorse, Yukon",True,C,19,7,7,14,1.95,0.37,0.37,0.74,38.0,14.2,2,3,4,7,0,0,0,0,0,0,0,0,0,0.0,-10,72,37,18.9,10,20,15,59,22,18,2,186,101,85,54.3,4,8,4,8,0,445,238,74,140,19684,3255,764,15721,OTT,Atlantic,Eastern
2025-2026,20251116,20,CHI,34950,Louis Crevier,ROSTER,24.0,"6'8""",214.0,Canada,"Quebec City, QC",True,D,17,2,7,9,1.06,0.41,0.12,0.53,23.2,40.6,0,0,0,0,0,0,0,0,0,0,0,0,0,0.0,7,36,18,11.1,11,11,7,25,23,10,2,0,0,0,0.0,7,25,1,5,1,323,171,38,110,14106,922,179,12804,CHI,Central,Western
2025-2026,20251116,10,PIT,3490,Sidney Crosby,ROSTER,38.0,"5'11""",200.0,Canada,"Cole Harbour, NS",False,C,18,11,9,20,2.22,0.5,0.61,1.11,16.9,35.5,3,6,1,7,0,0,0,1,0,0,2,0,1,50.0,-1,76,40,27.5,9,16,20,16,15,19,7,362,190,172,52.5,8,24,4,8,0,401,213,122,71,21026,7195,2795,10800,PIT,Metropolitan,Eastern
2025-2026,20251116,30,UTA,5606,Lawson Crouse,ROSTER,28.0,"6'4""",220.0,Canada,"Mt. Brydges, ON",False,LW,18,4,3,7,1.78,0.17,0.22,0.39,33.0,7.1,1,0,0,0,0,0,0,1,0,0,0,0,0,0.0,0,67,32,12.5,11,14,21,46,9,15,3,14,5,9,35.7,2,4,3,6,0,380,165,80,139,15698,1550,795,13353,UTA,Central,Western
2025-2026,20251116,1,TBL,56653,Maxwell Crozier,ROSTER,25.0,"5'11""",161.0,Canada,"Calgary, AB",False,D,7,0,3,3,1.29,0.43,0.0,0.43,9.9,3.5,0,0,0,0,0,0,0,0,0,0,0,0,0,0.0,4,20,9,0.0,5,8,3,10,15,3,2,0,0,0,0.0,1,2,0,0,0,126,81,11,34,5813,707,36,5070,TBL,Atlantic,Eastern
2025-2026,20251116,9,NYR,30065,William Cuylle,ROSTER,23.0,"6'3""",204.0,Canada,"Toronto, ON",True,LW,19,6,4,10,2.47,0.21,0.32,0.53,51.5,21.3,2,3,0,3,0,0,0,1,0,1,0,0,0,0.0,-4,94,47,12.8,18,25,23,70,23,4,5,18,10,8,55.6,6,12,3,6,0,464,311,96,47,19925,3893,1091,14209,NYR,Metropolitan,Eastern
2025-2026,20251116,20,CHI,34951,Colton Dach,ROSTER,22.0,"6'4""",196.0,Canada,"St. Albert, AB",True,C,18,2,2,4,1.33,0.11,0.11,0.22,45.8,26.4,0,0,1,1,0,0,0,1,0,0,0,0,0,0.0,-6,44,24,8.3,9,6,14,78,20,10,7,26,11,15,42.3,5,13,7,17,1,330,226,46,59,13962,1964,376,11606,CHI,Central,Western
2025-2026,20251116,14,MTL,17199,Kirby Dach,ROSTER,24.0,"6'4""",212.0,Canada,"Fort Saskatchewan, AB",False,C,15,5,2,7,1.47,0.13,0.33,0.47,25.6,28.3,1,0,1,1,0,0,0,0,0,0,0,0,0,0.0,-2,44,22,22.7,15,7,15,21,19,8,8,107,46,61,43.0,8,16,6,12,0,266,149,58,64,12622,1855,768,9999,MTL,Atlantic,Eastern
2025-2026,20251116,7,NJD,4787,Evgenii Dadonov,ROSTER,36.0,"5'11""",189.0,Russia,Chelyabinsk,False,LW,1,0,0,0,2.0,0.0,0.0,0.0,2.1,0.0,0,0,0,0,0,0,0,0,0,0,0,0,0,0.0,0,3,2,0.0,2,1,0,0,3,1,0,0,0,0,0.0,0,0,0,0,0,14,4,7,3,572,104,7,461,NJD,Metropolitan,Eastern
2025-2026,20251116,15,BUF,14524,Rasmus Dahlin,ROSTER,25.0,"6'3""",193.0,Sweden,Trollhättan,False,D,15,1,10,11,2.53,0.67,0.07,0.73,25.0,17.7,0,1,4,5,0,0,0,0,0,0,1,0,0,0.0,-10,104,38,2.6,18,44,22,13,23,32,7,0,0,0,0.0,5,10,6,12,0,434,245,53,137,22169,2745,1112,18312,BUF,Atlantic,Eastern
2025-2026,20251116,28,LAK,5487,Phillip Danault,ROSTER,32.0,"6'1""",201.0,Canada,"Victoriaville, QC",False,C,19,0,4,4,1.37,0.21,0.0,0.21,13.3,10.6,0,0,0,0,0,1,1,0,0,0,0,0,0,0.0,1,54,26,0.0,6,16,12,15,15,14,3,274,146,128,53.3,3,6,4,8,0,380,168,122,90,19148,3095,1792,14261,LAK,Pacific,Western
2025-2026,20251116,15,BUF,30085,Justin Danforth,ROSTER,32.0,"5'9""",185.0,Canada,"Oshawa, ON",True,RW,4,0,0,0,0.5,0.0,0.0,0.0,5.6,3.5,0,0,0,0,0,0,0,0,0,0,0,0,0,0.0,-2,6,2,0.0,4,3,1,3,2,3,0,31,17,14,54.8,1,2,0,0,0,71,31,9,31,2809,362,109,2338,BUF,Atlantic,Eastern
2025-2026,20251116,16,DET,111584,Nate Danielson,ROSTER,21.0,"6'2""",185.0,Canada,"Edmonton, AB",True,C,3,0,0,0,2.0,0.0,0.0,0.0,0.0,0.0,0,0,0,0,0,0,0,0,0,0,0,0,0,0.0,0,10,6,0.0,0,1,3,0,2,1,2,22,6,16,27.3,0,0,1,2,0,52,39,7,6,2321,428,0,1893,DET,Atlantic,Eastern
2025-2026,20251116,1,TBL,18311,Charle-Edouard D’Astous,ROSTER,27.0,"6'2""",204.0,Canada,"Rimouski, QC",False,D,10,1,4,5,0.9,0.4,0.1,0.5,12.4,26.4,0,0,1,1,0,0,0,1,0,0,0,0,0,0.0,-4,19,9,11.1,6,6,4,13,28,7,5,0,0,0,0.0,5,13,3,9,1,205,108,53,46,9364,1881,402,7085,TBL,Atlantic,Eastern
2025-2026,20251116,14,MTL,56480,Jared Davidson,ROSTER,23.0,"6'0""",181.0,Canada,"Edmonton, AB",False,C,1,0,0,0,4.0,0.0,0.0,0.0,0.5,0.0,0,0,0,0,0,0,0,0,0,0,0,0,0,0.0,0,5,4,0.0,0,1,0,1,1,0,0,0,0,0,0.0,0,0,0,0,0,10,10,0,0,434,0,0,434,MTL,Atlantic,Eastern
2025-2026,20251116,8,NYI,5424,Tony DeAngelo,ROSTER,30.0,"5'11""",180.0,USA,"Sewell, New Jersey",False,D,18,1,6,7,1.89,0.33,0.06,0.39,23.5,28.4,0,0,0,0,0,0,0,0,0,0,0,0,0,0.0,-2,66,34,2.9,17,18,14,12,14,23,2,0,0,0,0.0,6,20,1,2,0,382,232,97,54,18424,3175,2354,12895,NYI,Metropolitan,Eastern
2025-2026,20251116,16,DET,13688,Alex DeBrincat,ROSTER,27.0,"5'7""",165.0,USA,"Farmington Hills, MI",False,RW,18,8,12,20,4.06,0.67,0.44,1.11,8.2,3.5,2,5,3,8,0,0,0,1,0,0,2,1,0,0.0,-4,131,73,11.0,6,25,33,4,15,20,4,5,1,4,20.0,1,2,2,4,0,375,185,81,117,19020,4556,963,13501,DET,Atlantic,Eastern
2025-2026,20251116,21,VAN,5609,Jake DeBrusk,ROSTER,29.0,"6'0""",188.0,Canada,"Edmonton, AB",False,LW,19,6,2,8,2.84,0.11,0.32,0.42,16.5,7.1,2,5,0,5,0,0,0,0,0,0,2,1,1,50.0,-3,86,54,11.1,9,9,23,15,16,15,2,9,3,6,33.3,2,4,3,6,0,420,173,94,160,20408,4912,1034,14530,VAN,Pacific,Western
2025-2026,20251116,19,CBJ,53014,Luca Del Bel Belluz,ROSTER,22.0,"6'1""",179.0,Canada,"Woodbridge, ON",True,C,5,0,1,1,1.0,0.2,0.0,0.2,5.7,0.0,0,0,0,0,0,0,0,0,0,0,0,0,0,0.0,0,8,5,0.0,5,2,1,1,3,0,1,16,4,12,25.0,0,0,1,2,0,61,53,5,3,2905,448,194,2263,CBJ,Metropolitan,Eastern
2025-2026,20251116,26,SJS,14536,Ty Dellandrea,ROSTER,25.0,"6'0""",184.0,Canada,"Toronto, ON",True,C,19,1,5,6,1.05,0.26,0.05,0.32,36.9,7.1,0,0,0,0,1,1,2,0,0,0,0,0,0,0.0,-4,40,20,5.0,13,12,8,50,22,8,3,215,111,104,51.6,2,4,6,12,0,343,181,76,87,16045,1891,1289,12865,SJS,Pacific,Western
2025-2026,20251116,20,CHI,39063,Ethan Del Mastro,ASSIGNED_TO_MINORS,22.0,"6'4""",210.0,Canada,"Burlington, ON",True,D,1,0,0,0,1.0,0.0,0.0,0.0,4.9,0.0,0,0,0,0,0,0,0,0,0,0,0,0,0,0.0,-1,1,1,0.0,2,0,0,6,5,1,0,0,0,0,0.0,0,0,0,0,0,25,16,1,8,1055,123,0,932,CHI,Central,Western
2025-2026,20251116,2,WPJ,5822,Dylan DeMelo,ROSTER,32.0,"6'0""",191.0,Canada,"London, ON",False,D,18,1,7,8,0.72,0.39,0.06,0.44,44.6,28.3,0,0,0,0,0,1,1,0,0,0,0,0,0,0.0,3,36,13,7.7,34,15,8,19,28,22,4,0,0,0,0.0,8,16,5,10,0,506,281,102,124,23241,5138,871,17232,WPG,,
2025-2026,20251116,14,MTL,142498,Ivan Demidov,ROSTER,,,,,,False,RW,18,4,9,13,1.17,0.5,0.22,0.72,11.2,17.7,1,1,4,5,0,0,0,1,0,0,1,1,0,0.0,2,53,21,19.0,8,14,18,6,17,18,6,0,0,0,0.0,5,10,2,4,0,303,262,37,8,15400,3337,421,11642,MTL,Atlantic,Eastern
2025-2026,20251116,26,SJS,18276,Vincent Desharnais,ROSTER,29.0,"6'6""",209.0,Canada,"Laval, QC",False,D,15,0,2,2,0.6,0.13,0.0,0.13,35.2,28.4,0,0,0,0,0,0,0,0,0,0,0,0,0,0.0,2,26,9,0.0,25,13,4,19,18,10,1,0,0,0,0.0,6,20,3,6,0,299,159,30,110,14532,1220,227,13085,SJS,Pacific,Western
2025-2026,20251116,30,UTA,13721,Nick DeSimone,ROSTER,30.0,"6'2""",190.0,USA,"East Amherst, NY",False,D,3,1,1,2,1.67,0.33,0.33,0.67,3.6,0.0,0,0,0,0,0,0,0,0,0,0,0,0,0,0.0,-1,8,5,20.0,3,2,1,1,9,4,0,0,0,0,0.0,0,0,0,0,0,65,41,18,7,2440,172,493,1775,UTA,Central,Western
2025-2026,20251116,6,PHI,5341,Nicolas Deslauriers,ROSTER,34.0,"6'3""",219.0,Canada,"Lasalle, QC",False,LW,8,0,0,0,0.38,0.0,0.0,0.0,13.1,24.4,0,0,0,0,0,0,0,0,0,0,0,0,0,0.0,-2,6,3,0.0,1,0,3,26,5,2,1,0,0,0,0.0,2,10,2,10,2,82,49,14,19,3753,644,296,2813,PHI,Metropolitan,Eastern
2025-2026,20251116,10,PIT,18082,Connor Dewar,ROSTER,26.0,"5'10""",170.0,Canada,"The Pas, MB",False,C,18,4,2,6,1.83,0.11,0.22,0.33,26.6,0.0,1,0,0,0,0,0,0,1,0,0,0,0,0,0.0,0,59,33,12.1,8,14,12,39,24,5,4,6,2,4,33.3,0,0,7,17,0,345,180,71,90,14469,2021,756,11394,PIT,Metropolitan,Eastern
2025-2026,20251116,20,CHI,9073,Jason Dickinson,ROSTER,30.0,"6'2""",200.0,Canada,"Georgetown, ON",False,C,8,1,2,3,1.25,0.25,0.12,0.38,9.1,3.5,0,0,0,0,0,0,0,0,0,0,0,0,0,0.0,-1,22,10,10.0,6,5,7,6,8,10,3,126,68,58,54.0,1,2,0,0,0,171,84,42,46,6907,985,379,5543,CHI,Central,Western
2025-2026,20251116,26,SJS,142718,Sam Dickinson,ROSTER,,,,,,False,D,14,1,1,2,1.07,0.07,0.07,0.14,12.6,10.6,0,0,0,0,0,0,0,0,0,0,0,0,0,0.0,-1,30,15,6.7,8,11,4,9,19,11,4,0,0,0,0.0,3,6,1,2,0,244,211,13,22,12012,1156,70,10789,SJS,Pacific,Western
2025-2026,20251116,7,NJD,5103,Brenden Dillon,ROSTER,35.0,"6'4""",225.0,Canada,"New Westminster, BC",False,D,18,2,5,7,0.72,0.28,0.11,0.39,57.5,22.8,0,0,0,0,0,0,0,2,0,0,0,0,0,0.0,-1,39,13,15.4,33,14,12,49,21,8,5,0,0,0,0.0,4,11,2,7,1,422,229,49,144,20752,4826,881,14954,NJD,Metropolitan,Eastern
2025-2026,20251116,15,BUF,37981,Josh Doan,ROSTER,23.0,"6'1""",183.0,USA,"Scottsdale, AZ",True,RW,18,5,7,12,2.72,0.39,0.28,0.67,15.0,7.1,1,2,1,3,0,0,0,1,0,0,0,0,0,0.0,-3,77,49,10.2,5,12,15,21,25,19,13,3,2,1,66.7,2,4,7,14,0,384,257,81,52,16713,3434,309,12970,BUF,Atlantic,Eastern
2025-2026,20251116,14,MTL,14535,Noah Dobson,ROSTER,25.0,"6'4""",184.0,Canada,"Summerside, PE",False,D,18,1,10,11,1.78,0.56,0.06,0.61,41.3,17.7,0,0,1,1,0,0,0,0,0,0,0,0,0,0.0,4,70,32,3.1,37,20,18,5,34,25,6,0,0,0,0.0,5,10,1,2,0,457,239,98,121,24214,2743,897,20574,MTL,Atlantic,Eastern
2025-2026,20251116,12,TOR,5412,Max Domi,ROSTER,30.0,"5'10""",192.0,Canada,"Winnipeg, MB",False,C,19,3,3,6,1.68,0.16,0.16,0.32,17.3,24.8,1,0,2,2,0,0,0,1,0,0,0,0,0,0.0,-10,57,32,9.4,12,15,10,10,9,21,5,139,74,65,53.2,7,14,8,16,0,328,165,115,51,14584,2936,2016,9632,TOR,Atlantic,Eastern
2025-2026,20251116,20,CHI,14137,Ryan Donato,ROSTER,29.0,"6'0""",192.0,USA,"Boston, MA",False,C,18,6,5,11,1.83,0.28,0.33,0.61,14.9,17.7,2,1,0,1,0,0,0,2,0,1,1,0,0,0.0,0,70,33,18.2,4,12,25,23,27,15,4,71,33,38,46.5,5,10,1,2,0,359,187,94,80,16371,2989,885,12256,CHI,Central,Western
2025-2026,20251116,142,VGK,29771,Pavel Dorofeyev,ROSTER,25.0,"6'0""",176.0,Russia,Nizhny Tagil,True,RW,17,10,3,13,2.88,0.18,0.59,0.76,8.5,10.6,3,6,2,8,0,0,0,1,1,0,1,0,1,100.0,-2,104,49,20.4,5,28,27,7,11,17,3,0,0,0,0.0,3,6,2,4,0,342,220,122,11,18379,5383,2306,10649,VGK,Pacific,Western
2025-2026,20251116,28,LAK,4510,Drew Doughty,ROSTER,35.0,"6'1""",202.0,Canada,"London, ON",False,D,19,2,6,8,1.26,0.32,0.11,0.42,36.7,7.1,0,0,0,0,0,1,1,0,0,0,0,0,0,0.0,7,68,24,8.3,30,30,14,11,24,25,7,0,0,0,0.0,2,4,1,2,0,488,248,95,147,25700,6234,1223,18241,LAK,Pacific,Western
2025-2026,20251116,1,TBL,38444,Curtis Douglas,ROSTER,25.0,"6'9""",248.0,Canada,"Oakville, ON",True,C,11,0,2,2,0.45,0.18,0.0,0.18,12.2,28.0,0,0,0,0,0,0,0,0,0,0,0,0,0,0.0,2,13,5,0.0,5,1,7,15,3,2,1,1,1,0,100.0,3,12,3,12,2,105,60,16,29,3738,582,10,3146,TBL,Atlantic,Eastern
2025-2026,20251116,5,WSH,9007,Nic Dowd,ROSTER,35.0,"6'1""",195.0,USA,"Huntsville, AL",False,C,18,1,4,5,1.06,0.22,0.06,0.28,22.8,24.8,0,0,0,0,0,0,0,0,0,0,0,0,0,0.0,2,34,19,5.3,8,8,7,31,21,8,6,235,119,116,50.6,7,14,5,10,0,375,162,122,90,16083,3141,1416,11750,WSH,Metropolitan,Eastern
2025-2026,20251116,24,EDM,5417,Leon Draisaitl,ROSTER,30.0,"6'2""",208.0,Germany,Köln,False,C,20,13,10,23,2.5,0.5,0.65,1.15,10.4,10.6,4,6,5,11,0,0,0,1,0,1,2,0,2,100.0,8,97,50,26.0,5,18,29,11,12,31,8,317,180,137,56.8,3,6,4,8,0,467,234,99,134,26864,7099,1632,17731,EDM,Pacific,Western
2025-2026,20251116,8,NYI,5230,Jonathan Drouin,ROSTER,30.0,"6'0""",203.0,Canada,"Ste-Agathe, QC",False,LW,17,3,11,14,1.24,0.65,0.18,0.82,9.2,20.4,1,0,3,3,0,0,0,0,0,0,1,1,0,0.0,7,49,21,14.3,7,9,18,4,7,10,2,34,17,17,50.0,3,17,5,10,0,349,177,95,80,18270,4865,968,12437,NYI,Metropolitan,Eastern
2025-2026,20251116,22,COL,14565,Jack Drury,ROSTER,25.0,"5'11""",174.0,USA,"Winnetka, IL",True,C,18,3,4,7,1.39,0.22,0.17,0.39,19.0,17.7,1,0,0,0,0,0,0,0,0,0,0,0,0,0.0,1,50,25,12.0,15,8,17,7,32,9,3,251,133,118,53.0,5,10,4,8,0,377,212,109,59,16254,2755,1974,11525,COL,Central,Western
2025-2026,20251116,6,PHI,27448,Jamie Drysdale,ROSTER,23.0,"5'11""",187.0,Canada,"Toronto, ON",True,D,18,2,6,8,0.94,0.33,0.11,0.44,28.2,21.3,0,0,0,0,0,0,0,1,0,0,0,0,0,0.0,-5,59,17,11.8,25,27,15,4,23,13,1,0,0,0,0.0,4,16,3,6,0,474,375,63,40,23676,3688,341,19603,PHI,Metropolitan,Eastern
2025-2026,20251116,5,WSH,13710,Pierre-Luc Dubois,ROSTER,27.0,"6'3""",218.0,Canada,"Ste-Agathe-des-Monts, QC",False,LW,6,0,0,0,1.5,0.0,0.0,0.0,5.9,3.5,0,0,0,0,0,0,0,0,0,0,0,0,0,0.0,0,19,9,0.0,3,4,6,6,7,2,1,78,33,45,42.3,1,2,2,4,0,113,61,32,20,5592,1216,935,3441,WSH,Metropolitan,Eastern
2025-2026,20251116,27,DAL,4663,Matt Duchene,ROSTER,34.0,"5'11""",195.0,Canada,"Haliburton, ON",False,C,4,1,1,2,0.75,0.25,0.25,0.5,5.1,0.0,0,1,0,1,0,0,0,1,0,0,1,0,0,0.0,0,5,3,33.3,4,2,0,2,2,1,1,23,12,11,52.2,0,0,2,4,0,72,44,15,14,3467,906,86,2475,DAL,Central,Western
2025-2026,20251116,8,NYI,5441,Anthony Duclair,ROSTER,30.0,"5'11""",198.0,Canada,"Laval, QC",False,LW,18,3,3,6,1.28,0.17,0.17,0.33,15.2,7.1,1,1,0,1,0,0,0,0,0,0,1,0,0,0.0,3,42,23,13.0,14,12,7,1,6,8,2,0,0,0,0.0,2,4,2,4,0,305,136,122,50,14483,2282,1847,10305,NYI,Metropolitan,Eastern
2025-2026,20251116,5,WSH,18079,Brandon Duhaime,ROSTER,28.0,"6'0""",185.0,USA,"Parkland, FL",False,RW,18,3,1,4,0.56,0.06,0.17,0.22,33.0,38.6,1,0,0,0,0,0,0,0,0,0,0,0,0,0.0,0,30,10,30.0,15,10,10,37,24,5,2,16,3,13,18.8,6,18,7,20,2,348,185,89,75,13774,1863,797,11314,WSH,Metropolitan,Eastern
2025-2026,20251116,10,PIT,5125,Matt Dumba,ROSTER,31.0,"6'0""",180.0,Canada,"Regina, SK",False,D,6,0,2,2,0.5,0.33,0.0,0.33,9.9,22.8,0,0,0,0,0,0,0,0,0,0,0,0,0,0.0,0,11,3,0.0,5,5,3,10,5,6,4,0,0,0,0.0,4,11,1,5,1,112,65,23,24,5321,822,402,4097,PIT,Metropolitan,Eastern
2025-2026,20251116,28,LAK,5310,Brian Dumoulin,ROSTER,34.0,"6'4""",207.0,USA,"Biddeford, MN",False,D,19,0,2,2,0.89,0.11,0.0,0.11,34.5,3.5,0,0,0,0,0,0,0,0,0,0,0,0,0,0.0,-4,46,17,0.0,27,17,12,13,42,27,6,0,0,0,0.0,1,2,2,4,0,441,241,77,123,22210,3775,1609,16826,LAK,Pacific,Western
2025-2026,20251116,143,SEA,5650,Vince Dunn,ROSTER,29.0,"6'0""",203.0,Canada,"Lindsay, ON",False,D,18,3,9,12,2.5,0.5,0.17,0.67,19.8,21.3,1,0,5,5,0,0,0,0,0,0,0,0,0,0.0,-3,97,45,6.7,17,39,13,4,24,21,4,0,0,0,0.0,6,12,2,4,0,463,239,144,74,24693,4424,2277,17591,SEA,Pacific,Western
2025-2026,20251116,15,BUF,29977,Josh Dunne,ROSTER,26.0,"6'4""",210.0,USA,"OFallon, MO",True,C,12,1,0,1,0.83,0.0,0.08,0.08,13.9,37.0,0,0,0,0,0,0,0,0,0,0,0,0,0,0.0,-5,19,10,10.0,7,2,7,14,5,6,2,14,2,12,14.3,6,23,6,15,1,162,122,25,16,6695,641,291,5763,BUF,Atlantic,Eastern
2025-2026,20251116,30,UTA,14575,Sean Durzi,ROSTER,27.0,"6'0""",188.0,Canada,"Mississauga, ON",True,D,2,0,1,1,1.0,0.5,0.0,0.5,5.6,7.1,0,0,0,0,0,0,0,0,0,0,0,0,0,0.0,0,3,2,0.0,4,1,0,3,1,4,1,0,0,0,0.0,2,4,0,0,0,52,31,7,14,2271,34,72,2165,UTA,Central,Western
2025-2026,20251116,6,PHI,10069,Christian Dvorak,ROSTER,29.0,"6'1""",200.0,USA,"Palos, IL",False,C,18,6,7,13,1.83,0.39,0.33,0.72,14.1,14.2,2,0,0,0,0,1,1,0,0,0,0,0,0,0.0,5,53,33,18.2,9,9,11,10,10,11,2,200,109,91,54.5,4,8,3,6,0,402,190,87,131,18239,2379,1300,14560,PHI,Metropolitan,Eastern
2025-2026,20251116,17,STL,142730,Dalibor Dvorský,ROSTER,20.0,"6'1""",201.0,Slovakia,Zvolen,True,RW,9,2,0,2,1.22,0.0,0.22,0.22,13.3,3.5,0,2,0,2,0,0,0,0,0,0,0,0,0,0.0,-2,20,11,18.2,6,1,8,15,3,2,2,78,40,38,51.3,1,2,0,0,0,158,134,25,1,7370,1032,149,6189,STL,Central,Western
2025-2026,20251116,143,SEA,4505,Jordan Eberle,ROSTER,35.0,"5'11""",187.0,Canada,"Regina, SK",False,RW,18,7,6,13,2.61,0.33,0.39,0.72,14.8,17.7,2,0,4,4,0,0,0,2,0,0,2,0,0,0.0,4,87,47,14.9,7,15,25,16,20,16,4,15,7,8,46.7,5,10,1,2,0,417,215,104,96,21220,7789,1729,11343,SEA,Pacific,Western
2025-2026,20251116,28,LAK,5823,Joel Edmundson,ROSTER,32.0,"6'5""",224.0,Canada,"Brandon, MB",False,D,19,1,7,8,1.42,0.37,0.05,0.42,33.9,17.7,0,0,0,0,0,0,0,0,0,0,0,0,0,0.0,5,65,27,3.7,22,22,16,23,18,16,4,0,0,0,0.0,5,10,1,2,0,423,238,49,137,19673,2857,745,16071,LAK,Pacific,Western
2025-2026,20251116,9,NYR,39222,Adam Edstrom,ROSTER,25.0,"6'6""",210.0,Sweden,,True,C,17,0,2,2,0.76,0.12,0.0,0.12,26.9,3.5,0,0,0,0,0,0,0,0,0,0,0,0,0,0.0,1,24,13,0.0,11,5,6,33,6,7,5,2,2,0,100.0,1,2,0,0,0,247,164,44,29,10060,1411,616,7661,NYR,Metropolitan,Eastern
2025-2026,20251116,16,DET,37971,Simon Edvinsson,ROSTER,22.0,"6'4""",198.0,Sweden,Kungsbacka,True,D,18,3,3,6,1.22,0.17,0.17,0.33,52.0,56.7,1,0,0,0,0,0,0,1,0,0,0,0,0,0.0,-3,51,22,13.6,41,15,14,19,31,21,5,0,0,0,0.0,14,36,4,8,0,471,311,50,113,22920,2680,930,19310,DET,Atlantic,Eastern
2025-2026,20251116,3,CAR,5419,Nikolaj Ehlers,ROSTER,29.0,"6'0""",172.0,Denmark,Aalborg,False,LW,18,4,8,12,2.89,0.44,0.22,0.67,7.0,10.6,1,1,3,4,0,0,0,2,0,0,0,0,0,0.0,6,102,52,7.7,4,27,23,6,7,22,6,15,6,9,40.0,3,6,3,6,0,342,173,61,112,17644,2668,931,14045,CAR,Metropolitan,Eastern
2025-2026,20251116,142,VGK,5597,Jack Eichel,ROSTER,29.0,"6'2""",203.0,USA,"Chelmsford, MA",False,C,17,8,16,24,4.12,0.94,0.47,1.41,13.4,0.0,2,0,11,11,0,0,0,2,0,0,1,0,0,0.0,6,113,70,11.4,11,22,21,4,7,35,13,284,140,144,49.3,0,0,6,12,0,395,213,139,51,21626,4080,3528,13972,VGK,Pacific,Western
2025-2026,20251116,4,FLO,5414,Aaron Ekblad,ROSTER,29.0,"6'4""",215.0,Canada,"Windsor, ON",False,D,18,1,3,4,1.61,0.17,0.06,0.22,33.5,21.3,0,1,0,1,0,0,0,1,0,0,0,0,0,0.0,-5,70,29,3.4,23,26,15,20,13,9,5,0,0,0,0.0,6,12,1,2,0,495,207,94,195,24642,4956,1438,18248,FLA,,
2025-2026,20251116,24,EDM,5022,Mattias Ekholm,ROSTER,35.0,"6'4""",215.0,Sweden,Borlange,False,D,20,1,6,7,2.0,0.3,0.05,0.35,49.2,7.1,0,0,1,1,0,0,0,0,0,0,0,0,0,0.0,-5,86,40,2.5,41,29,17,13,26,30,11,0,0,0,0.0,2,4,3,6,0,484,288,71,118,24184,5715,1461,16603,EDM,Pacific,Western
2025-2026,20251116,26,SJS,32927,William Eklund,ROSTER,23.0,"5'10""",176.0,Sweden,Stockholm,True,LW,15,5,7,12,2.47,0.47,0.33,0.8,19.7,3.5,1,2,4,6,0,0,0,0,0,0,0,0,0,0.0,-7,78,37,13.5,13,21,20,13,12,16,4,4,0,4,0.0,1,2,4,8,0,328,223,51,59,17816,3395,551,13870,SJS,Pacific,Western
2025-2026,20251116,12,TOR,4866,Oliver Ekman-Larsson,ROSTER,34.0,"6'2""",200.0,Sweden,Karlskrona,False,D,19,2,11,13,1.37,0.58,0.11,0.68,33.1,24.8,0,0,3,3,0,0,0,0,0,0,0,0,0,0.0,5,60,26,7.7,20,21,13,26,25,31,5,0,0,0,0.0,7,14,3,6,0,529,280,117,134,23559,5396,1424,16739,TOR,Atlantic,Eastern
2025-2026,20251116,13,OTT,4723,Lars Eller,ROSTER,36.0,"6'2""",205.0,Denmark,Rødovre,False,C,19,2,4,6,0.95,0.21,0.11,0.32,21.7,0.0,0,0,0,0,1,0,1,0,0,0,0,0,0,0.0,-2,40,18,11.1,14,16,6,15,25,10,2,188,107,81,56.9,0,0,3,6,0,359,162,98,101,15051,5076,1423,8552,OTT,Atlantic,Eastern
2025-2026,20251116,24,EDM,30040,Ty Emberson,ROSTER,25.0,"6'1""",195.0,USA,"Eau Claire, WI",True,D,16,1,2,3,0.81,0.12,0.06,0.19,39.1,3.5,0,0,0,0,0,0,0,1,0,0,0,0,0,0.0,1,27,13,7.7,27,12,2,23,44,13,4,0,0,0,0.0,1,2,2,4,0,307,176,74,54,15107,2399,1780,10772,EDM,Pacific,Western
2025-2026,20251116,25,MIN,5615,Joel Eriksson Ek,ROSTER,28.0,"6'1""",210.0,Sweden,Karlstad,False,C,19,2,10,12,3.11,0.53,0.11,0.63,28.9,17.7,0,1,4,5,0,0,0,0,0,0,0,0,0,0.0,-4,101,59,3.4,12,20,22,35,19,9,5,411,212,199,51.6,5,10,6,12,0,389,169,130,92,22528,5377,1317,15832,MIN,Central,Western
2025-2026,20251116,27,DAL,11673,Adam Erne,ROSTER,30.0,"6'1""",212.0,USA,"New Haven, CT",False,LW,14,2,1,3,0.79,0.07,0.14,0.21,27.8,3.5,0,0,0,0,0,0,0,0,0,0,0,0,0,0.0,1,26,11,18.2,7,5,10,44,6,4,1,5,2,3,40.0,1,2,1,2,0,192,113,63,17,8082,1897,931,5207,DAL,Central,Western
2025-2026,20251116,18,NSH,28523,Luke Evangelista,ROSTER,23.0,"5'11""",166.0,Canada,"Oakville, ON",True,RW,18,2,8,10,2.0,0.44,0.11,0.56,5.6,10.6,0,1,3,4,0,0,0,0,0,0,1,1,0,0.0,0,65,36,5.6,4,9,20,3,22,19,6,0,0,0,0.0,3,6,5,10,0,319,218,62,42,16468,3030,813,12627,NSH,Central,Western
2025-2026,20251116,14,MTL,17548,Jake Evans,ROSTER,29.0,"6'0""",190.0,Canada,"Toronto, ON",False,C,18,3,2,5,1.22,0.11,0.17,0.28,29.1,14.2,1,0,0,0,1,0,1,0,0,0,0,0,0,0.0,-11,47,22,13.6,17,12,13,24,21,15,3,237,132,105,55.7,2,12,4,8,0,356,159,115,85,16948,2727,2041,12180,MTL,Atlantic,Eastern
2025-2026,20251116,143,SEA,34549,Ryker Evans,ROSTER,23.0,"5'11""",189.0,Canada,"Calgary, AB",True,D,5,1,1,2,1.2,0.2,0.2,0.4,5.0,0.0,0,0,0,0,0,0,0,0,0,0,0,0,0,0.0,3,13,6,16.7,3,4,3,4,4,7,1,0,0,0,0.0,0,0,2,4,0,109,76,12,22,5547,806,41,4700,SEA,Pacific,Western
2025-2026,20251116,11,BOS,18068,Mikey Eyssimont,ROSTER,29.0,"6'0""",192.0,USA,"Littleton, CO",False,C,20,4,5,9,1.9,0.25,0.2,0.45,15.1,29.9,1,1,2,3,0,0,0,1,0,0,0,0,0,0.0,-7,67,38,10.5,9,13,16,12,19,12,2,0,0,0,0.0,6,15,7,17,1,308,161,69,82,13600,2865,838,9897,BOS,Atlantic,Eastern
2025-2026,20251116,19,CBJ,9643,Dante Fabbro,ROSTER,27.0,"6'0""",189.0,Canada,"New Westminster, BC",False,D,18,1,3,4,1.11,0.17,0.06,0.22,41.3,7.1,0,0,0,0,0,0,0,0,0,0,0,0,0,0.0,-2,47,20,5.0,37,20,7,5,34,11,6,0,0,0,0.0,2,4,3,6,0,360,194,54,110,18330,2481,1145,14525,CBJ,Metropolitan,Eastern
2025-2026,20251116,25,MIN,38005,Brock Faber,ROSTER,23.0,"6'0""",190.0,USA,"Maple Grove, MN",True,D,19,3,6,9,2.32,0.32,0.16,0.47,42.2,3.5,1,0,4,4,0,0,0,1,0,0,0,0,0,0.0,-5,90,44,6.8,37,22,24,7,31,19,9,0,0,0,0.0,1,2,1,2,0,497,333,111,56,27058,4347,1916,20795,MIN,Central,Western
2025-2026,20251116,27,DAL,5116,Radek Faksa,ROSTER,31.0,"6'3""",220.0,Czech Republic,Opava,False,C,18,1,6,7,0.39,0.33,0.06,0.39,24.6,7.1,0,0,0,0,0,0,0,0,0,0,0,0,0,0.0,2,14,7,14.3,11,4,3,28,13,7,4,135,75,60,55.6,2,4,6,12,0,301,147,60,95,12427,2768,615,9044,DAL,Central,Western
2025-2026,20251116,19,CBJ,111258,Adam Fantilli,ROSTER,21.0,"6'2""",187.0,Canada,"Nobleton, ON",True,C,18,5,7,12,2.5,0.39,0.28,0.67,20.9,10.6,1,1,0,1,0,0,0,0,0,0,3,0,1,33.33,-4,102,45,11.1,11,32,25,20,14,20,7,146,76,70,52.1,3,6,5,10,0,335,282,47,9,18322,3864,567,14000,CBJ,Metropolitan,Eastern
2025-2026,20251116,23,CGY,14537,Joel Farabee,ROSTER,25.0,"6'0""",164.0,USA,"Cicero, NY",False,LW,20,2,5,7,1.85,0.25,0.1,0.35,24.5,15.8,0,0,2,2,0,0,0,0,0,0,0,0,0,0.0,-8,70,37,5.4,14,19,14,21,29,16,3,19,8,11,42.1,2,7,2,7,1,440,237,87,118,21085,3440,1291,16356,CGY,Pacific,Western
2025-2026,20251116,17,STL,5009,Justin Faulk,ROSTER,33.0,"6'0""",217.0,USA,"South St.Paul, MN",False,D,19,4,6,10,1.74,0.32,0.21,0.53,50.0,7.1,1,1,4,5,0,0,0,0,0,0,0,0,0,0.0,-2,66,33,12.1,40,21,12,17,21,16,5,0,0,0,0.0,2,4,0,0,0,538,290,97,155,26774,5375,1375,20024,STL,Central,Western
2025-2026,20251116,5,WSH,14569,Martin Fehervary,ROSTER,26.0,"6'2""",200.0,Slovakia,Bratislava,False,D,18,1,5,6,1.28,0.28,0.06,0.33,44.6,22.8,0,0,0,0,0,0,0,0,0,0,0,0,0,0.0,5,49,23,4.3,30,17,9,28,27,12,1,0,0,0,0.0,4,11,3,9,1,391,236,72,81,20462,2212,1308,16806,WSH,Metropolitan,Eastern
2025-2026,20251116,3,CAR,56335,Dominick Fensore,ASSIGNED_TO_MINORS,24.0,"5'7""",153.0,USA,"Thornwood, NY",False,D,1,0,0,0,2.0,0.0,0.0,0.0,3.6,0.0,0,0,0,0,0,0,0,0,0,0,0,0,0,0.0,-2,5,2,0.0,3,2,1,1,3,0,0,0,0,0,0.0,0,0,0,0,0,27,15,0,12,1162,46,0,1116,CAR,Metropolitan,Eastern
2025-2026,20251116,26,SJS,17138,Mario Ferraro,ROSTER,27.0,"5'11""",185.0,Canada,"King City, ON",False,D,19,1,3,4,1.05,0.16,0.05,0.21,62.7,3.5,0,0,0,0,0,0,0,0,0,0,0,0,0,0.0,0,51,20,5.0,45,23,8,33,31,24,7,0,0,0,0.0,1,2,1,2,0,444,242,47,156,23753,2194,1149,20410,SJS,Pacific,Western
2025-2026,20251116,28,LAK,5438,Kevin Fiala,ROSTER,29.0,"5'10""",193.0,Switzerland,St. Gallen,False,LW,19,9,5,14,3.21,0.26,0.47,0.74,12.0,14.2,3,2,4,6,0,0,0,2,0,0,5,1,1,20.0,-2,117,61,14.8,7,28,28,10,19,29,5,6,1,5,16.7,4,8,4,8,0,379,177,120,91,21347,5405,2098,14144,LAK,Pacific,Western
2025-2026,20251116,1,TBL,28530,Jack Finley,ROSTER,23.0,"6'6""",213.0,USA,"St. Louis, MO",True,C,6,1,1,2,1.0,0.17,0.17,0.33,5.1,7.1,0,0,0,0,0,0,0,1,0,0,0,0,0,0.0,1,8,6,16.7,0,0,2,11,2,0,0,62,28,34,45.2,2,4,2,4,0,91,58,20,14,3303,315,290,2698,TBL,Atlantic,Eastern
2025-2026,20251116,16,DET,142439,Emmitt Finnie,ROSTER,20.0,"6'1""",195.0,Canada,"Lethbridge, AB",True,C,18,4,4,8,1.56,0.22,0.22,0.44,28.0,0.0,1,0,1,1,0,0,0,0,0,0,0,0,0,0.0,3,47,28,14.3,12,5,14,33,20,19,8,12,4,8,33.3,0,0,2,4,0,370,316,38,20,17850,3416,495,13939,DET,Atlantic,Eastern
2025-2026,20251116,143,SEA,17180,Cale Fleury,ROSTER,26.0,"6'1""",205.0,Canada,"Carlyle, SK",False,D,4,0,1,1,0.75,0.25,0.0,0.25,4.9,12.2,0,0,0,0,0,0,0,0,0,0,0,0,0,0.0,0,9,3,0.0,2,3,3,6,7,3,1,0,0,0,0.0,1,5,2,7,1,80,52,13,15,3534,453,0,3081,SEA,Pacific,Western
2025-2026,20251116,2,WPJ,5422,Haydn Fleury,ROSTER,29.0,"6'3""",208.0,Canada,"Regina, SK",False,D,15,0,0,0,0.73,0.0,0.0,0.0,37.6,10.6,0,0,0,0,0,0,0,0,0,0,0,0,0,0.0,-5,26,11,0.0,26,7,8,22,22,11,5,0,0,0,0.0,3,6,0,0,0,296,180,54,62,13382,1268,2126,9988,WPG,,
2025-2026,20251116,28,LAK,14151,Warren Foegele,ROSTER,29.0,"6'2""",198.0,Canada,"Markham, ON",False,LW,14,3,0,3,1.36,0.0,0.21,0.21,10.1,14.2,1,0,0,0,0,0,0,0,0,0,1,0,0,0.0,0,38,19,15.8,3,10,9,15,12,16,0,9,3,6,33.3,4,8,2,4,0,250,134,70,49,11260,1810,894,8556,LAK,Pacific,Western
2025-2026,20251116,6,PHI,28514,Tyson Foerster,ROSTER,23.0,"6'2""",194.0,Canada,"Alliston, ON",True,RW,14,4,3,7,1.86,0.21,0.29,0.5,16.0,17.7,1,1,0,1,0,0,0,0,0,0,0,0,0,0.0,3,52,26,15.4,9,12,14,14,18,9,4,2,1,1,50.0,3,14,0,0,0,331,224,86,26,15208,2755,752,11701,PHI,Metropolitan,Eastern
2025-2026,20251116,25,MIN,5055,Marcus Foligno,ROSTER,34.0,"6'3""",224.0,USA,"Buffalo, NY",False,LW,18,0,1,1,0.83,0.06,0.0,0.06,42.6,40.6,0,0,0,0,0,0,0,0,0,0,0,0,0,0.0,-10,33,15,0.0,14,7,11,60,13,9,3,4,1,3,25.0,7,25,4,11,1,291,147,65,79,14094,3430,1182,9482,MIN,Central,Western
2025-2026,20251116,20,CHI,4278,Nick Foligno,ROSTER,38.0,"6'0""",208.0,USA,"Buffalo, NY",False,LW,15,0,6,6,1.07,0.4,0.0,0.4,30.6,35.0,0,0,1,1,0,0,0,0,0,0,0,0,0,0.0,2,28,16,0.0,11,5,7,41,6,7,1,164,85,79,51.8,5,16,4,14,2,308,157,60,88,12560,3656,441,8306,CHI,Central,Western
2025-2026,20251116,21,VAN,5813,Derek Forbort,INJURY_LIST,33.0,"6'4""",219.0,USA,"Duluth, MN",False,D,2,0,0,0,0.5,0.0,0.0,0.0,5.1,3.5,0,0,0,0,0,0,0,0,0,0,0,0,0,0.0,0,1,1,0.0,4,0,0,2,8,5,0,0,0,0,0.0,1,2,0,0,0,39,20,6,13,1672,304,40,1328,VAN,Pacific,Western
2025-2026,20251116,2,WPJ,79680,Parker Ford,ROSTER,25.0,"5'9""",181.0,USA,"Wakefield, RI",True,C,11,0,1,1,0.64,0.09,0.0,0.09,20.9,7.1,0,0,0,0,0,0,0,0,0,0,0,0,0,0.0,-2,20,7,0.0,11,5,8,20,15,1,2,65,29,36,44.6,2,4,1,2,0,152,124,19,9,6480,1622,265,4593,WPG,,
2025-2026,20251116,18,NSH,5210,Filip Forsberg,ROSTER,31.0,"6'1""",205.0,Sweden,Ostervala,False,LW,19,8,7,15,3.16,0.37,0.42,0.79,29.5,14.2,2,0,3,3,0,0,0,0,0,0,1,0,1,100.0,1,121,60,13.3,9,36,25,43,9,26,11,8,2,6,25.0,4,8,8,16,0,410,188,167,63,21670,4314,4873,12648,NSH,Central,Western
2025-2026,20251116,4,FLO,10072,Gustav Forsling,ROSTER,29.0,"6'0""",186.0,Sweden,Linkping,False,D,18,0,8,8,1.28,0.44,0.0,0.44,27.3,7.1,0,0,0,0,0,0,0,0,0,0,0,0,0,0.0,3,58,23,0.0,18,25,10,18,14,13,6,0,0,0,0.0,2,4,4,8,0,484,277,104,103,23911,3727,2439,17745,FLA,,
2025-2026,20251116,17,STL,4800,Cam Fowler,ROSTER,33.0,"6'2""",214.0,Canada,"Windsor, ON",False,D,19,0,8,8,1.53,0.42,0.0,0.42,17.8,7.1,0,0,4,4,0,1,1,0,0,0,0,0,0,0.0,-10,70,29,0.0,16,31,10,2,19,14,5,0,0,0,0.0,2,4,1,2,0,520,281,134,105,26027,5304,1553,19170,STL,Central,Western
2025-2026,20251116,9,NYR,17179,Adam Fox,ROSTER,27.0,"5'11""",181.0,USA,"Jericho, NY",False,D,19,3,13,16,2.11,0.68,0.16,0.84,35.8,17.7,1,1,3,4,0,1,1,1,0,0,0,0,0,0.0,2,106,40,7.5,30,47,20,9,25,24,14,0,0,0,0.0,5,10,4,8,0,499,242,166,74,27515,5350,2104,19124,NYR,Metropolitan,Eastern
2025-2026,20251116,5,WSH,120029,Ethan Frank,ROSTER,27.0,"5'11""",185.0,USA,"Papillion, NE",True,C,7,0,3,3,0.86,0.43,0.0,0.43,8.2,7.1,0,0,1,1,0,0,0,0,0,0,0,0,0,0.0,3,14,6,0.0,6,5,3,4,7,3,1,0,0,0,0.0,2,4,2,4,0,112,92,16,1,4712,1544,13,3278,WSH,Metropolitan,Eastern
2025-2026,20251116,24,EDM,9655,Trent Frederic,ROSTER,27.0,"6'2""",203.0,USA,"St. Louis, MO",False,C,20,1,0,1,0.85,0.0,0.05,0.05,30.6,26.4,0,0,0,0,0,0,0,1,0,0,0,0,0,0.0,-8,32,17,5.9,7,9,6,50,16,7,0,39,20,19,51.3,5,13,4,11,1,308,163,102,39,14584,2967,1664,9689,EDM,Pacific,Western
2025-2026,20251116,23,CGY,13642,Morgan Frost,ROSTER,26.0,"5'11""",170.0,Canada,"Barrie, ON",False,C,20,3,7,10,1.75,0.35,0.15,0.5,16.6,21.3,1,0,3,3,0,0,0,0,0,0,3,0,1,33.33,3,61,35,8.6,10,14,12,13,7,10,4,279,152,127,54.5,6,12,2,4,0,395,205,94,100,19425,4075,1561,13977,CGY,Pacific,Western
2025-2026,20251116,4,FLO,13855,Jonah Gadjovich,ROSTER,27.0,"6'2""",200.0,Canada,"Whitby, ON",False,LW,10,0,3,3,0.8,0.3,0.0,0.3,17.1,15.8,0,0,0,0,0,0,0,0,0,0,0,0,0,0.0,2,12,8,0.0,3,4,0,30,10,3,3,0,0,0,0.0,2,7,1,5,1,112,78,30,4,4766,977,768,3021,FLA,,
2025-2026,20251116,14,MTL,5149,Brendan Gallagher,ROSTER,33.0,"5'9""",186.0,Canada,"Edmonton, AB",False,RW,18,0,7,7,1.56,0.39,0.0,0.39,10.5,14.2,0,0,1,1,0,0,0,0,0,0,0,0,0,0.0,0,48,28,0.0,2,12,8,18,17,8,4,2,2,0,100.0,4,8,3,6,0,311,173,76,62,14397,4416,1176,8805,MTL,Atlantic,Eastern
2025-2026,20251116,21,VAN,5718,Conor Garland,ROSTER,29.0,"5'10""",165.0,USA,"Scituate, MA",False,RW,16,5,8,13,2.5,0.5,0.31,0.81,12.6,10.6,1,1,4,5,0,0,0,1,0,0,1,0,0,0.0,3,72,40,12.5,8,13,19,9,27,19,5,13,4,9,30.8,3,6,4,8,0,379,155,93,136,20015,3618,1094,15303,VAN,Pacific,Western
2025-2026,20251116,8,NYI,53056,Marc Gatcomb,ASSIGNED_TO_MINORS,26.0,"6'2""",194.0,USA,"Woburn, MA",True,C,1,0,0,0,1.0,0.0,0.0,0.0,3.3,0.0,0,0,0,0,0,0,0,0,0,0,0,0,0,0.0,0,1,1,0.0,0,0,0,7,1,0,0,0,0,0,0.0,0,0,0,0,0,12,4,0,8,513,59,0,454,NYI,Metropolitan,Eastern
2025-2026,20251116,6,PHI,120274,Jacob Gaucher,ASSIGNED_TO_MINORS,24.0,"6'3""",185.0,Canada,"Longueuil, QC",True,C,3,0,0,0,1.0,0.0,0.0,0.0,2.0,0.0,0,0,0,0,0,0,0,0,0,0,0,0,0,0.0,-1,4,3,0.0,1,0,1,2,1,2,0,19,9,10,47.4,0,0,1,2,0,38,28,2,8,1578,205,120,1253,PHI,Metropolitan,Eastern
2025-2026,20251116,26,SJS,5737,Adam Gaudette,ROSTER,29.0,"6'1""",170.0,USA,"Braintree, MA",False,RW,15,4,1,5,1.4,0.07,0.27,0.33,8.6,14.2,1,1,0,1,0,0,0,1,0,0,0,0,0,0.0,-5,38,21,19.0,2,10,7,14,13,6,3,67,31,36,46.3,4,8,1,2,0,232,119,58,59,10355,1705,594,8056,SJS,Pacific,Western
2025-2026,20251116,143,SEA,10097,Frederick Gaudreau,ROSTER,32.0,"6'0""",179.0,Canada,"Granby, QC",False,C,5,0,1,1,1.0,0.2,0.0,0.2,7.2,3.5,0,0,0,0,0,0,0,0,0,0,0,0,0,0.0,0,9,5,0.0,6,2,2,2,4,3,2,68,23,45,33.8,1,2,1,2,0,107,42,33,32,4092,958,407,2727,SEA,Pacific,Western
2025-2026,20251116,29,ANA,56588,Cutter Gauthier,ROSTER,21.0,"6'3""",200.0,,"Skellefteå, Sweden",False,LW,18,12,9,21,4.44,0.5,0.67,1.17,15.4,17.7,4,3,1,4,0,0,0,1,0,0,0,0,0,0.0,8,137,80,15.0,8,29,27,15,21,13,2,31,13,18,41.9,5,10,3,6,0,397,249,44,117,19108,2016,217,16843,ANA,Pacific,Western
2025-2026,20251116,9,NYR,5754,Vladislav Gavrikov,ROSTER,29.0,"6'3""",213.0,Russia,Yaroslavl,True,D,19,2,4,6,1.42,0.21,0.11,0.32,32.3,24.8,0,0,0,0,0,0,0,0,0,0,0,0,0,0.0,6,72,27,7.4,28,31,14,6,25,15,5,0,0,0,0.0,7,14,3,6,0,500,234,96,154,25983,2177,1629,21393,NYR,Metropolitan,Eastern
2025-2026,20251116,1,TBL,43380,Conor Geekie,ASSIGNED_TO_MINORS,21.0,"6'3""",196.0,Canada,"Strathclair, MB",True,C,6,0,1,1,0.83,0.17,0.0,0.17,12.2,7.1,0,0,0,0,0,0,0,0,0,0,0,0,0,0.0,0,12,5,0.0,5,3,4,15,7,5,0,21,8,13,38.1,2,4,1,2,0,88,69,18,1,3609,818,167,2624,TBL,Atlantic,Eastern
2025-2026,20251116,11,BOS,17978,Morgan Geekie,ROSTER,27.0,"6'3""",202.0,Canada,"Strathclair, MB",False,C,20,12,6,18,2.55,0.3,0.6,0.9,24.4,14.2,4,2,3,5,0,0,0,1,0,0,0,0,0,0.0,-6,87,51,23.5,9,19,17,32,27,14,6,65,30,35,46.2,4,8,10,20,0,400,217,147,48,21637,5359,3583,12695,BOS,Atlantic,Eastern
2025-2026,20251116,15,BUF,18139,Mason Geertsen,ROSTER,30.0,"6'4""",205.0,Canada,"Drayton Valley, AB",False,LW,5,0,0,0,0.2,0.0,0.0,0.0,3.7,14.2,0,0,0,0,0,0,0,0,0,0,0,0,0,0.0,-1,2,1,0.0,0,1,0,8,5,0,0,0,0,0,0.0,2,12,0,0,0,34,22,4,8,1236,240,71,925,BUF,Atlantic,Eastern
2025-2026,20251116,26,SJS,51603,Patrick Giles,ROSTER,25.0,"6'4""",201.0,USA,"Chevy Chase, MD",True,RW,3,0,1,1,0.67,0.33,0.0,0.33,3.5,0.0,0,0,0,0,0,0,0,0,0,0,0,0,0,0.0,1,5,2,0.0,2,3,0,3,3,1,0,15,9,6,60.0,0,0,0,0,0,38,21,12,5,1596,255,30,1311,SJS,Pacific,Western
2025-2026,20251116,6,PHI,14573,Adam Ginning,ROSTER,25.0,"6'4""",206.0,Sweden,Linköping,True,D,5,0,0,0,0.4,0.0,0.0,0.0,7.1,0.0,0,0,0,0,0,0,0,0,0,0,0,0,0,0.0,0,9,2,0.0,5,4,3,4,6,5,0,0,0,0,0.0,0,0,0,0,0,101,65,8,28,4602,418,47,4137,PHI,Metropolitan,Eastern
2025-2026,20251116,22,COL,13692,Samuel Girard,ROSTER,27.0,"5'10""",170.0,Canada,"Roberval, QC",False,D,3,0,1,1,1.0,0.33,0.0,0.33,5.6,0.0,0,0,0,0,0,0,0,0,0,0,0,0,0,0.0,2,11,3,0.0,4,5,3,3,6,1,1,0,0,0,0.0,0,0,0,0,0,72,46,11,15,3270,620,379,2271,COL,Central,Western
2025-2026,20251116,1,TBL,5254,Zemgus Girgensons,ROSTER,31.0,"6'2""",211.0,Latvia,Riga,False,C,10,4,1,5,1.0,0.1,0.4,0.5,23.5,10.6,1,0,0,0,0,0,0,0,0,0,0,0,0,0.0,-2,20,10,40.0,10,6,4,28,16,5,1,58,26,32,44.8,3,6,0,0,0,228,111,76,45,9329,2604,656,6069,TBL,Atlantic,Eastern
2025-2026,20251116,13,OTT,4394,Claude Giroux,ROSTER,37.0,"5'11""",185.0,Canada,"Hearst, ON",False,RW,19,4,10,14,2.0,0.53,0.21,0.74,12.6,7.1,1,1,3,4,0,0,0,1,0,0,0,0,0,0.0,4,59,38,10.5,4,10,11,18,4,19,6,137,95,42,69.3,2,4,2,4,0,460,231,109,124,18806,5819,1023,11964,OTT,Atlantic,Eastern
2025-2026,20251116,7,NJD,13621,Cody Glass,ROSTER,26.0,"6'2""",192.0,Canada,"Winnipeg, MB",False,C,10,3,0,3,1.9,0.0,0.3,0.3,6.7,10.6,1,1,0,1,0,0,0,0,0,0,0,0,0,0.0,0,26,19,15.8,5,3,4,3,9,8,0,95,46,49,48.4,3,6,3,6,0,174,88,42,47,7186,1127,252,5807,NJD,Metropolitan,Eastern
2025-2026,20251116,7,NJD,5268,Luke Glendening,ROSTER,36.0,"5'11""",191.0,USA,"Grand Rapids, MI",False,C,18,0,3,3,0.56,0.17,0.0,0.17,28.1,3.5,0,0,0,0,0,1,1,0,0,0,0,0,0,0.0,-4,17,10,0.0,17,3,4,22,17,6,1,209,112,97,53.6,1,2,0,0,0,293,125,98,68,10807,2125,814,7812,NJD,Metropolitan,Eastern
2025-2026,20251116,1,TBL,28531,Gage Goncalves,ROSTER,24.0,"6'0""",165.0,Canada,"Mission, BC",True,C,17,1,4,5,0.71,0.24,0.06,0.29,20.4,7.1,0,0,1,1,0,0,0,0,0,0,0,0,0,0.0,2,32,12,8.3,11,11,9,19,20,12,4,8,2,6,25.0,2,4,4,8,0,287,186,55,48,12835,2281,359,10194,TBL,Atlantic,Eastern
2025-2026,20251116,26,SJS,5476,Barclay Goodrow,ROSTER,32.0,"6'2""",215.0,Canada,"Aurora, ON",False,C,19,0,1,1,0.79,0.05,0.0,0.05,26.2,7.1,0,0,0,0,0,0,0,0,0,0,0,0,0,0.0,-4,26,15,0.0,13,6,5,27,13,9,3,9,3,6,33.3,2,4,1,2,0,309,144,82,83,13187,2307,1535,9345,SJS,Pacific,Western
2025-2026,20251116,3,CAR,5440,Shayne Gostisbehere,ROSTER,32.0,"5'11""",180.0,USA,"Margate, FL",False,D,9,1,11,12,1.67,1.22,0.11,1.33,13.3,3.5,0,0,2,2,0,0,0,0,0,0,0,0,0,0.0,11,35,15,6.7,10,14,6,6,8,9,2,0,0,0,0.0,1,2,1,2,0,188,100,44,46,9391,2408,605,6342,CAR,Metropolitan,Eastern
2025-2026,20251116,1,TBL,5890,Yanni Gourde,ROSTER,33.0,"5'9""",173.0,Canada,"Saint-Narcisse, QC",False,C,17,3,3,6,1.76,0.18,0.18,0.35,23.1,26.6,1,0,0,0,0,0,0,0,0,0,0,0,0,0.0,1,43,30,10.0,10,4,9,27,23,19,2,164,69,95,42.1,7,16,4,8,0,375,175,92,111,16500,3709,1435,11356,TBL,Atlantic,Eastern
2025-2026,20251116,26,SJS,133812,Collin Graf,ROSTER,23.0,"6'0""",180.0,USA,"Lincoln, MA",True,RW,18,2,4,6,0.72,0.22,0.11,0.33,21.0,0.0,0,0,0,0,1,1,2,1,0,1,0,0,0,0.0,-1,36,13,15.4,12,15,8,18,11,9,4,6,3,3,50.0,0,0,2,4,0,343,259,17,69,16318,1887,48,14383,SJS,Pacific,Western
2025-2026,20251116,29,ANA,5126,Mikael Granlund,ROSTER,33.0,"5'10""",185.0,Finland,Oulu,False,C,9,3,6,9,2.33,0.67,0.33,1.0,4.6,7.1,1,1,1,2,0,0,0,0,0,0,0,0,0,0.0,3,37,21,14.3,3,5,11,3,8,7,3,142,75,67,52.8,2,4,4,8,0,192,92,56,48,9246,2808,410,6061,ANA,Pacific,Western
2025-2026,20251116,10,PIT,15450,Ryan Graves,ROSTER,30.0,"6'5""",220.0,Canada,"Yarmouth, NS",False,D,4,1,0,1,2.25,0.0,0.25,0.25,9.4,3.5,0,0,0,0,0,0,0,0,0,0,0,0,0,0.0,2,13,9,11.1,8,3,1,2,6,4,0,0,0,0,0.0,1,2,1,2,0,75,45,15,16,3744,617,607,2520,PIT,Metropolitan,Eastern
2025-2026,20251116,6,PHI,56677,Nikita Grebenkin,ROSTER,22.0,"6'2""",183.0,Russia,Serov,False,RW,12,1,2,3,0.5,0.17,0.08,0.25,12.5,29.9,0,0,0,0,0,0,0,0,0,0,0,0,0,0.0,-3,16,6,16.7,3,7,3,20,22,9,2,2,2,0,100.0,4,19,3,9,1,157,131,15,12,6903,986,91,5826,PHI,Metropolitan,Eastern
2025-2026,20251116,20,CHI,56365,Ryan Greene,ROSTER,22.0,"6'1""",179.0,Canada,"Paradise, NL and Labrador",False,C,18,2,2,4,0.61,0.11,0.11,0.22,7.9,3.5,0,0,0,0,0,0,0,0,0,0,0,0,0,0.0,4,22,11,18.2,4,6,5,8,8,8,5,153,65,88,42.5,1,2,1,2,0,373,219,40,113,15757,1615,177,13693,CHI,Central,Western
2025-2026,20251116,15,BUF,14152,Jordan Greenway,ROSTER,28.0,"6'6""",225.0,USA,"Canton, NY",False,LW,8,1,1,2,1.38,0.12,0.12,0.25,8.7,26.4,0,0,0,0,0,0,0,0,0,0,0,0,0,0.0,-6,19,11,9.1,3,4,4,12,6,2,1,13,8,5,61.5,5,13,3,9,1,174,81,24,70,7021,1345,169,5507,BUF,Atlantic,Eastern
2025-2026,20251116,4,FLO,5634,Anthony-John Greer,ROSTER,28.0,"6'3""",204.0,Canada,"Joliette, QC",False,LW,18,3,2,5,0.61,0.11,0.17,0.28,30.3,43.7,1,0,0,0,0,0,0,0,0,0,0,0,0,0.0,-1,21,11,27.3,4,4,6,56,16,10,0,7,2,5,28.6,5,19,6,21,3,223,118,50,58,9704,1737,300,7667,FLA,,
2025-2026,20251116,4,FLO,15118,Noah Gregor,ROSTER,27.0,"6'0""",185.0,Canada,"Beaumont, AB",False,LW,5,0,0,0,1.2,0.0,0.0,0.0,3.4,3.5,0,0,0,0,0,0,0,0,0,0,0,0,0,0.0,-1,9,6,0.0,1,1,2,5,2,1,0,0,0,0,0.0,1,2,0,0,0,58,37,12,9,2540,475,22,2043,FLA,,
2025-2026,20251116,13,OTT,28535,Ridly Greig,ROSTER,23.0,"6'0""",181.0,Canada,"Lethbridge, AB",True,C,19,2,5,7,1.58,0.26,0.11,0.37,25.3,33.7,0,0,2,2,0,0,0,0,0,0,0,0,0,0.0,-1,55,30,6.7,13,14,11,25,33,10,5,121,70,51,57.9,9,20,7,14,0,465,271,76,120,19629,3244,732,15653,OTT,Atlantic,Eastern
2025-2026,20251116,23,CGY,142358,Matvei Gridin,ASSIGNED_TO_MINORS,,,,,,False,RW,4,1,0,1,2.25,0.0,0.25,0.25,3.6,0.0,0,0,0,0,0,0,0,0,0,0,1,0,0,0.0,-3,15,9,11.1,3,4,2,1,4,6,2,4,0,4,0.0,0,0,0,0,0,76,68,8,1,3532,574,41,2917,CGY,Pacific,Western
2025-2026,20251116,7,NJD,56524,Arseni Gritsyuk,ROSTER,24.0,"5'10""",168.0,Russia,Krasnoyarsk,False,RW,18,4,5,9,2.17,0.28,0.22,0.5,14.0,7.1,1,2,1,3,0,0,0,0,0,0,1,0,0,0.0,-1,73,39,10.3,4,16,18,21,22,7,6,6,4,2,66.7,2,4,1,2,0,340,230,67,46,15753,1878,940,12876,NJD,Metropolitan,Eastern
2025-2026,20251116,6,PHI,15134,Carl Grundstrom,ASSIGNED_TO_MINORS,27.0,"6'0""",201.0,Sweden,Umeå,False,RW,1,0,0,0,0.0,0.0,0.0,0.0,2.0,0.0,0,0,0,0,0,0,0,0,0,0,0,0,0,0.0,0,1,0,0.0,1,0,1,2,3,1,0,0,0,0,0.0,0,0,0,0,0,15,7,4,4,617,113,108,396,PHI,Metropolitan,Eastern
2025-2026,20251116,20,CHI,11572,Matt Grzelcyk,ROSTER,31.0,"5'9""",174.0,USA,"Charlestown, MA",False,D,18,0,4,4,1.28,0.22,0.0,0.22,17.5,3.5,0,0,0,0,0,0,0,0,0,0,0,0,0,0.0,10,44,23,0.0,14,10,11,6,19,16,6,0,0,0,0.0,1,2,1,2,0,373,191,79,101,16568,2661,1006,12657,CHI,Central,Western
2025-2026,20251116,29,ANA,5185,Radko Gudas,ROSTER,35.0,"6'0""",205.0,Czech Republic,Prague,False,D,7,0,2,2,1.14,0.29,0.0,0.29,23.3,3.5,0,0,0,0,0,0,0,0,0,0,0,0,0,0.0,-5,16,8,0.0,12,4,4,23,9,6,2,0,0,0,0.0,1,2,0,0,0,141,83,13,46,6543,1319,409,4782,ANA,Pacific,Western
2025-2026,20251116,19,CBJ,4988,Erik Gudbranson,ROSTER,33.0,"6'5""",217.0,Canada,"Ottawa, ON",False,D,4,0,0,0,0.75,0.0,0.0,0.0,3.4,10.6,0,0,0,0,0,0,0,0,0,0,0,0,0,0.0,-2,7,3,0.0,1,3,1,5,4,3,1,0,0,0,0.0,3,6,0,0,0,75,36,8,28,3562,700,350,2303,CBJ,Metropolitan,Eastern
2025-2026,20251116,30,UTA,33436,Dylan Guenther,ROSTER,22.0,"6'2""",175.0,Canada,"Edmonton, AB",True,RW,18,7,7,14,3.39,0.39,0.39,0.78,13.2,10.6,2,2,2,4,0,0,0,4,0,2,0,0,0,0.0,1,112,61,11.5,5,21,30,17,27,19,4,19,9,10,47.4,3,6,6,12,0,380,237,40,110,19109,3128,330,15651,UTA,Central,Western
2025-2026,20251116,1,TBL,11327,Jake Guentzel,ROSTER,31.0,"5'11""",180.0,USA,"Omaha, NE",False,C,17,7,9,16,2.76,0.53,0.41,0.94,15.4,7.1,2,1,3,4,1,0,1,1,0,0,0,0,0,0.0,1,74,47,14.9,12,10,17,6,14,13,6,75,39,36,52.0,2,4,3,6,0,406,198,122,93,21629,5701,3176,12715,TBL,Atlantic,Eastern
2025-2026,20251116,14,MTL,28518,Kaiden Guhle,ROSTER,23.0,"6'2""",205.0,Canada,"Sherwood Park, AB",True,D,5,1,1,2,1.4,0.2,0.2,0.4,12.7,15.8,0,0,0,0,0,0,0,1,0,0,0,0,0,0.0,1,13,7,14.3,5,5,1,16,12,7,3,0,0,0,0.0,2,7,3,9,1,103,63,14,28,5772,629,59,5084,MTL,Atlantic,Eastern
2025-2026,20251116,1,TBL,17379,Brandon Hagel,ROSTER,27.0,"6'0""",175.0,Canada,"Saskatoon, SK",True,LW,16,7,7,14,2.75,0.44,0.44,0.88,13.5,17.7,2,1,2,3,0,0,0,2,0,0,0,0,0,0.0,4,102,44,15.9,8,21,37,11,25,20,8,7,2,5,28.6,5,10,7,14,0,383,214,120,57,18720,4736,2355,11657,TBL,Atlantic,Eastern
2025-2026,20251116,18,NSH,14446,Nicolas Hague,ROSTER,26.0,"6'6""",221.0,Canada,"Kitchener, ON",False,D,11,1,2,3,0.73,0.18,0.09,0.27,17.4,10.6,0,0,0,0,0,0,0,0,0,0,0,0,0,0.0,-5,31,8,12.5,9,14,9,17,17,10,2,0,0,0,0.0,3,6,0,0,0,263,143,39,82,13338,1818,751,10769,NSH,Central,Western
2025-2026,20251116,25,MIN,53028,Hunter Haight,ASSIGNED_TO_MINORS,21.0,"5'11""",174.0,Canada,"Strathroy, ON",True,C,2,0,0,0,0.0,0.0,0.0,0.0,0.9,0.0,0,0,0,0,0,0,0,0,0,0,0,0,0,0.0,-2,0,0,0.0,0,0,0,2,4,0,0,16,7,9,43.8,0,0,0,0,0,24,16,0,8,1124,111,0,1013,MIN,Central,Western
2025-2026,20251116,3,CAR,4846,Taylor Hall,ROSTER,34.0,"6'1""",205.0,Canada,"Calgary, AB",False,LW,18,4,6,10,1.61,0.33,0.22,0.56,10.5,17.7,1,0,0,0,0,0,0,0,0,0,0,0,0,0.0,4,63,29,13.8,6,15,19,9,33,14,5,14,5,9,35.7,5,10,5,10,0,317,168,84,69,15327,4488,702,10137,CAR,Metropolitan,Eastern
2025-2026,20251116,10,PIT,14581,Filip Hallander,ROSTER,25.0,"6'2""",188.0,Sweden,Sundsvall,True,C,13,1,3,4,1.69,0.23,0.08,0.31,6.7,3.5,0,0,0,0,1,0,1,1,0,0,0,0,0,0.0,4,47,22,4.5,5,13,12,3,11,12,2,2,0,2,0.0,1,2,3,6,0,234,140,56,39,10251,2053,813,7385,PIT,Metropolitan,Eastern
2025-2026,20251116,7,NJD,53065,Brian Halonen,ROSTER,26.0,"6'0""",205.0,USA,"Delano, MN",True,LW,9,1,0,1,0.44,0.0,0.11,0.11,10.5,12.2,0,0,0,0,0,0,0,1,0,0,0,0,0,0.0,-1,11,4,25.0,2,3,4,18,9,2,2,0,0,0,0.0,1,5,1,5,1,96,80,16,1,4051,1215,211,2625,NJD,Metropolitan,Eastern
2025-2026,20251116,7,NJD,4994,Dougie Hamilton,ROSTER,32.0,"6'6""",229.0,Canada,"Toronto, ON",False,D,14,4,3,7,2.5,0.21,0.29,0.5,25.9,12.4,1,2,2,4,0,0,0,1,0,0,0,0,0,0.0,1,81,35,11.4,18,28,18,15,17,25,2,0,0,0,0.0,3,8,1,2,0,350,183,46,125,17623,4577,661,12385,NJD,Metropolitan,Eastern
2025-2026,20251116,16,DET,4915,Travis Hamonic,ROSTER,35.0,"6'2""",205.0,Canada,"St. Malo, MB",False,D,9,0,1,1,1.11,0.11,0.0,0.11,13.9,31.5,0,0,0,0,0,0,0,0,0,0,0,0,0,0.0,-2,17,10,0.0,11,6,1,5,15,8,1,0,0,0,0.0,4,14,2,10,2,181,101,31,49,7499,1616,444,5439,DET,Atlantic,Eastern
2025-2026,20251116,142,VGK,5600,Noah Hanifin,ROSTER,28.0,"6'3""",215.0,USA,"Boston, MA",False,D,7,1,2,3,2.86,0.29,0.14,0.43,10.3,3.5,0,0,0,0,0,0,0,0,0,0,0,0,0,0.0,-3,51,20,5.0,8,17,14,4,11,7,4,0,0,0,0.0,1,2,1,2,0,194,104,42,49,9832,926,492,8414,VGK,Pacific,Western
2025-2026,20251116,23,CGY,8966,Joel Hanley,ROSTER,34.0,"5'11""",190.0,Canada,"Keswick, ON",False,D,18,0,3,3,0.67,0.17,0.0,0.17,32.8,22.8,0,0,0,0,0,0,0,0,0,0,0,0,0,0.0,-4,39,12,0.0,25,15,12,14,42,19,4,0,0,0,0.0,4,11,1,5,1,478,248,100,130,18150,2192,1831,14127,CGY,Pacific,Western
2025-2026,20251116,29,ANA,14456,Jansen Harkins,ROSTER,28.0,"6'1""",183.0,USA,"North Vancouver, BC, Canada",True,C,8,1,0,1,0.62,0.0,0.12,0.12,15.7,3.5,0,0,0,0,0,0,0,0,0,0,0,0,0,0.0,0,8,5,20.0,3,2,1,27,4,2,2,54,28,26,51.9,1,2,3,6,0,111,62,31,19,4412,827,406,3179,ANA,Pacific,Western
2025-2026,20251116,27,DAL,20433,Thomas Harley,ROSTER,24.0,"6'3""",188.0,USA,"Syracuse, NY",True,D,18,1,9,10,1.17,0.5,0.06,0.56,49.4,14.2,0,0,3,3,0,0,0,0,0,0,0,0,0,0.0,-7,66,21,4.8,43,33,12,9,32,26,7,0,0,0,0.0,4,8,2,4,0,444,279,97,64,24824,3915,1502,19137,DAL,Central,Western
2025-2026,20251116,11,BOS,38615,Jordan Harris,ROSTER,25.0,"5'11""",189.0,USA,"Haverhill, MA",True,D,5,1,1,2,1.8,0.2,0.2,0.4,5.0,0.0,0,0,0,0,0,0,0,0,0,0,0,0,0,0.0,0,12,9,11.1,3,1,2,4,15,5,1,0,0,0,0.0,0,0,0,0,0,106,72,18,17,4689,1056,345,3288,BOS,Atlantic,Eastern
2025-2026,20251116,25,MIN,5522,Ryan Hartman,ROSTER,31.0,"6'0""",189.0,USA,"Hilton Head Island, SC",False,RW,19,4,3,7,2.11,0.16,0.21,0.37,27.9,10.6,1,1,0,1,0,0,0,1,0,0,0,0,0,0.0,-4,90,40,10.0,19,22,28,17,22,13,9,246,108,138,43.9,3,6,7,14,0,325,159,129,41,18428,3386,2901,12141,MIN,Central,Western
2025-2026,20251116,6,PHI,5926,Garnet Hathaway,ROSTER,33.0,"6'3""",210.0,USA,"Naples, FL",False,RW,18,0,0,0,0.44,0.0,0.0,0.0,44.7,37.0,0,0,0,0,0,0,0,0,0,0,0,0,0,0.0,-7,14,8,0.0,12,2,4,69,21,7,1,5,4,1,80.0,8,19,8,19,1,267,137,48,82,10705,1859,537,8309,PHI,Metropolitan,Eastern
2025-2026,20251116,18,NSH,5301,Erik Haula,ROSTER,34.0,"6'0""",193.0,Finland,Pori,False,LW,19,3,7,10,1.37,0.37,0.16,0.53,21.3,31.9,1,1,2,3,0,0,0,0,0,0,1,0,1,100.0,-3,52,26,11.5,7,14,12,30,13,13,7,211,110,101,52.1,9,18,1,2,0,410,185,117,112,18383,4517,1178,12846,NSH,Central,Western
2025-2026,20251116,143,SEA,12273,John Hayden,ASSIGNED_TO_MINORS,30.0,"6'3""",215.0,USA,"Chicago, IL",False,C,3,0,0,0,0.67,0.0,0.0,0.0,5.4,3.5,0,0,0,0,0,0,0,0,0,0,0,0,0,0.0,-1,5,2,0.0,2,2,1,7,0,2,1,15,6,9,40.0,1,2,0,0,0,42,19,11,12,1814,490,44,1280,SEA,Pacific,Western
2025-2026,20251116,10,PIT,5461,Kevin Hayes,ROSTER,33.0,"6'5""",216.0,USA,"Boston, MA",False,RW,3,0,0,0,1.0,0.0,0.0,0.0,2.8,0.0,0,0,0,0,0,0,0,0,0,0,0,0,0,0.0,0,5,3,0.0,0,1,1,6,1,2,0,18,8,10,44.4,0,0,0,0,0,44,23,19,2,1977,352,134,1491,PIT,Metropolitan,Eastern
2025-2026,20251116,30,UTA,14528,Barrett Hayton,ROSTER,25.0,"6'1""",190.0,Canada,"Kitchener, ON",False,C,16,2,2,4,1.56,0.12,0.12,0.25,8.9,21.3,0,0,0,0,0,0,0,0,0,0,0,0,0,0.0,2,43,25,8.0,8,5,13,1,14,11,4,179,93,86,52.0,4,16,4,8,0,342,212,90,42,15118,2692,1308,11118,UTA,Central,Western
2025-2026,20251116,1,TBL,4685,Victor Hedman,ROSTER,34.0,"6'6""",229.0,Sweden,Ornskoldsvik,False,D,15,0,12,12,1.53,0.8,0.0,0.8,32.7,7.1,0,0,6,6,0,0,0,0,0,0,0,0,0,0.0,1,73,23,0.0,28,26,24,7,10,25,5,0,0,0,0.0,2,4,5,10,0,392,215,58,119,20336,6813,1204,12319,TBL,Atlantic,Eastern
2025-2026,20251116,8,NYI,30049,Emil Heineman,ROSTER,24.0,"6'1""",185.0,Sweden,Leksand,True,LW,18,8,4,12,2.22,0.22,0.44,0.67,37.6,14.2,2,1,0,1,0,0,0,0,0,0,0,0,0,0.0,6,78,40,20.0,7,18,20,65,29,9,3,4,3,1,75.0,4,8,1,2,0,351,263,60,36,15802,2709,515,12578,NYI,Metropolitan,Eastern
2025-2026,20251116,10,PIT,10076,Danton Heinen,ROSTER,30.0,"6'1""",188.0,Canada,"Langley, BC",False,LW,3,0,0,0,1.67,0.0,0.0,0.0,4.7,3.5,0,0,0,0,0,0,0,0,0,0,0,0,0,0.0,-1,8,5,0.0,4,2,1,1,2,0,0,4,2,2,50.0,1,2,0,0,0,51,28,12,11,2124,314,284,1526,PIT,Metropolitan,Eastern
2025-2026,20251116,27,DAL,13618,Miro Heiskanen,ROSTER,26.0,"6'1""",190.0,Finland,Espoo,False,D,19,3,14,17,2.26,0.74,0.16,0.89,35.5,10.6,1,1,6,7,0,0,0,1,0,0,0,0,0,0.0,0,80,43,7.0,32,23,14,4,47,22,13,0,0,0,0.0,3,6,8,16,0,472,266,144,58,28836,6713,2820,18990,DAL,Central,Western
2025-2026,20251116,28,LAK,37992,Samuel Helenius,ROSTER,22.0,"6'6""",201.0,Finland,Järvenpää,True,C,2,0,0,0,1.0,0.0,0.0,0.0,5.2,0.0,0,0,0,0,0,0,0,0,0,0,0,0,0,0.0,-1,3,2,0.0,1,0,1,9,1,1,0,11,3,8,27.3,0,0,0,0,0,25,23,0,2,1100,106,0,994,LAK,Pacific,Western
2025-2026,20251116,29,ANA,38013,Drew Helleson,ROSTER,24.0,"6'3""",205.0,USA,"Farmington, MN",True,D,18,2,7,9,1.11,0.39,0.11,0.5,33.3,3.5,0,0,0,0,0,2,2,0,0,0,0,0,0,0.0,0,50,20,10.0,21,24,6,24,29,14,7,0,0,0,0.0,1,2,2,4,0,467,180,47,242,20725,1349,306,19070,ANA,Pacific,Western
2025-2026,20251116,24,EDM,4983,Adam Henrique,ROSTER,35.0,"6'0""",195.0,Canada,"Brantford, ON",False,C,20,2,4,6,1.55,0.2,0.1,0.3,31.6,3.5,0,0,1,1,0,0,0,0,0,0,0,0,0,0.0,-7,52,31,6.5,26,10,11,9,8,15,4,181,107,74,59.1,1,2,0,0,0,381,193,85,98,16900,5033,749,10863,EDM,Pacific,Western
2025-2026,20251116,142,VGK,5255,Tomas Hertl,ROSTER,32.0,"6'2""",215.0,Czech Republic,Prague,False,C,17,8,6,14,2.82,0.35,0.47,0.82,16.2,14.2,2,3,1,4,0,0,0,1,0,0,0,0,0,0.0,2,90,48,16.7,7,21,21,19,13,12,6,280,170,110,60.7,4,8,5,12,0,346,155,98,101,18528,5065,1514,11854,VGK,Pacific,Western
2025-2026,20251116,25,MIN,5841,Vincent Hinostroza,ROSTER,31.0,"5'9""",173.0,USA,"Chicago, IL",False,C,19,2,3,5,1.0,0.16,0.11,0.26,13.6,7.1,0,0,1,1,0,0,0,1,0,0,0,0,0,0.0,-5,45,19,10.5,5,13,13,18,19,15,6,20,10,10,50.0,2,4,5,12,0,260,109,90,63,13251,3173,1188,8890,MIN,Central,Western
2025-2026,20251116,27,DAL,5643,Roope Hintz,ROSTER,28.0,"6'3""",220.0,Finland,Tampere,False,C,14,4,12,16,3.07,0.86,0.29,1.14,11.3,3.5,1,1,7,8,0,0,0,1,0,1,0,0,0,0.0,0,63,43,9.3,5,5,15,13,8,11,0,221,124,97,56.1,1,2,1,2,0,333,146,92,99,15262,3703,974,10585,DAL,Central,Western
2025-2026,20251116,7,NJD,13616,Nico Hischier,ROSTER,26.0,"6'1""",175.0,Switzerland,Naters,False,C,18,3,9,12,1.94,0.5,0.17,0.67,24.8,7.1,1,0,3,3,0,0,0,0,0,0,0,0,0,0.0,5,78,35,8.6,20,24,19,8,9,15,9,359,189,170,52.6,2,4,4,8,0,456,219,108,130,22675,4232,1494,16856,NJD,Metropolitan,Eastern
2025-2026,20251116,13,OTT,38443,Hayden Hodgson,ROSTER,29.0,"6'2""",207.0,Canada,"Windsor, ON",True,RW,3,0,0,0,0.0,0.0,0.0,0.0,5.1,0.0,0,0,0,0,0,0,0,0,0,0,0,0,0,0.0,-1,2,0,0.0,0,0,2,11,3,0,0,0,0,0,0.0,0,0,0,0,0,32,22,8,2,1353,246,91,1016,OTT,Atlantic,Eastern
2025-2026,20251116,17,STL,30060,Dylan Holloway,ROSTER,24.0,"6'1""",203.0,Canada,"Calgary, AB",True,LW,19,5,4,9,2.16,0.21,0.26,0.47,38.9,7.1,1,1,1,2,0,0,0,0,0,0,1,1,0,0.0,-9,79,41,12.2,14,28,10,52,29,14,4,12,7,5,58.3,2,4,4,8,0,407,264,99,49,21107,4628,2266,14213,STL,Central,Western
2025-2026,20251116,1,TBL,39074,Pontus Holmberg,ROSTER,26.0,"5'10""",175.0,Sweden,Västerås,True,RW,15,1,4,5,1.0,0.27,0.07,0.33,15.7,17.7,0,0,0,0,0,0,0,1,0,0,0,0,0,0.0,1,31,15,6.7,7,7,9,18,21,8,2,35,11,24,31.4,5,10,6,12,0,271,159,75,38,11157,2069,707,8381,TBL,Atlantic,Eastern
2025-2026,20251116,8,NYI,18114,Simon Holmstrom,ROSTER,24.0,"6'0""",193.0,Sweden,Tranas,False,RW,18,4,5,9,1.11,0.28,0.22,0.5,21.3,10.6,1,0,0,0,1,1,2,1,0,0,2,0,1,50.0,-5,45,20,20.0,18,11,14,5,15,11,4,3,1,2,33.3,3,6,5,10,0,384,227,78,84,16870,2844,1215,12886,NYI,Metropolitan,Eastern
2025-2026,20251116,142,VGK,30063,Alexander Holtz,ROSTER,23.0,"6'0""",192.0,Sweden,Stockholm,True,RW,7,0,0,0,1.71,0.0,0.0,0.0,4.1,8.9,0,0,0,0,0,0,0,0,0,0,0,0,0,0.0,-1,24,12,0.0,3,5,7,2,7,4,0,2,0,2,0.0,2,6,1,2,0,111,82,28,1,4765,1475,252,3038,VGK,Pacific,Western
2025-2026,20251116,23,CGY,111747,Samuel Honzek,ROSTER,21.0,"6'4""",186.0,Slovakia,Trencin,True,LW,18,2,2,4,1.22,0.11,0.11,0.22,22.6,3.5,0,0,0,0,0,0,0,0,0,0,0,0,0,0.0,1,42,22,9.1,6,8,12,35,14,9,1,11,6,5,54.5,1,2,3,6,0,342,286,21,37,13329,1580,76,11673,CGY,Pacific,Western
2025-2026,20251116,8,NYI,5233,Bo Horvat,ROSTER,30.0,"6'0""",215.0,Canada,"London, ON",False,C,18,12,11,23,3.28,0.61,0.67,1.28,10.8,10.6,4,3,5,8,1,0,1,3,0,0,2,1,0,0.0,11,103,59,20.3,5,21,23,12,12,21,4,332,198,134,59.6,3,6,3,6,0,444,202,139,115,22527,4791,3105,14631,NYI,Metropolitan,Eastern
2025-2026,20251116,24,EDM,56664,Isaac Howard,ASSIGNED_TO_MINORS,21.0,"5'10""",180.0,USA,"Hudson, WI",False,LW,17,2,1,3,1.12,0.06,0.12,0.18,2.4,17.7,0,0,0,0,0,0,0,0,0,0,1,1,0,0.0,-2,40,19,10.5,1,10,11,3,11,9,1,0,0,0,0.0,5,10,1,2,0,222,161,22,40,9689,1395,365,7916,EDM,Pacific,Western
2025-2026,20251116,142,VGK,14608,Brett Howden,ROSTER,27.0,"6'3""",197.0,Canada,"Calgary, AB",False,C,13,3,2,5,0.92,0.15,0.23,0.38,11.4,10.6,1,0,0,0,0,0,0,0,0,0,0,0,0,0.0,-3,24,12,25.0,2,5,7,20,17,10,3,81,44,37,54.3,3,6,6,12,0,250,122,101,30,11004,2220,1686,7169,VGK,Pacific,Western
2025-2026,20251116,21,VAN,15157,Filip Hronek,ROSTER,28.0,"6'0""",183.0,Czech Republic,Hradec Kralove,False,D,19,0,9,9,1.11,0.47,0.0,0.47,48.7,14.2,0,0,3,3,0,0,0,0,0,0,0,0,0,0.0,1,56,21,0.0,29,22,13,39,31,25,11,0,0,0,0.0,4,8,1,2,0,521,236,73,212,27999,3138,1065,23795,VAN,Pacific,Western
2025-2026,20251116,27,DAL,142430,Justin Hryckowian,ROSTER,,,,,,False,C,18,2,2,4,0.83,0.11,0.11,0.22,18.5,19.3,0,1,0,1,0,0,0,0,0,0,0,0,0,0.0,-1,28,15,13.3,7,4,9,24,16,3,5,45,26,19,57.8,3,9,6,17,1,267,227,22,18,12062,1944,44,9982,DAL,Central,Western
2025-2026,20251116,23,CGY,4987,Jonathan Huberdeau,ROSTER,32.0,"6'1""",202.0,Canada,"Saint-Jerome, QC",False,LW,15,4,5,9,2.0,0.33,0.27,0.6,12.7,7.1,1,1,0,1,0,0,0,1,0,0,1,0,0,0.0,1,55,30,13.3,9,10,15,7,9,17,2,5,2,3,40.0,2,4,6,12,0,361,172,97,96,17631,5017,1814,10800,CGY,Pacific,Western
2025-2026,20251116,7,NJD,17125,Jack Hughes,ROSTER,24.0,"5'11""",170.0,USA,"Orlando, FL",False,C,17,10,10,20,4.06,0.59,0.59,1.18,11.5,0.0,3,1,4,5,0,0,0,2,0,1,0,0,0,0.0,3,127,69,14.5,10,34,24,2,13,35,12,153,52,101,34.0,0,0,6,12,0,387,256,70,71,21570,4060,729,16781,NJD,Metropolitan,Eastern
2025-2026,20251116,7,NJD,37969,Luke Hughes,ROSTER,22.0,"6'2""",184.0,USA,"Canton, MI",True,D,18,1,10,11,2.17,0.56,0.06,0.61,21.6,31.9,0,0,3,3,0,0,0,0,0,0,0,0,0,0.0,0,109,39,2.6,17,53,17,8,24,26,6,0,0,0,0.0,9,18,1,2,0,465,326,97,41,24956,5216,1306,18343,NJD,Metropolitan,Eastern
2025-2026,20251116,21,VAN,14530,Quinn Hughes,ROSTER,26.0,"5'10""",170.0,USA,"Orlando, FL",False,D,14,1,12,13,2.86,0.86,0.07,0.93,15.2,3.5,0,1,6,7,0,0,0,0,0,0,0,0,0,0.0,-2,100,40,2.5,14,36,24,1,10,19,3,0,0,0,0.0,1,2,6,12,0,336,204,85,48,22681,4494,3648,14539,VAN,Pacific,Western
2025-2026,20251116,25,MIN,30091,Daemon Hunt,ROSTER,23.0,"6'0""",198.0,Canada,"Brandon, MB",True,D,5,0,1,1,0.2,0.2,0.0,0.2,8.2,0.0,0,0,0,0,0,0,0,0,0,0,0,0,0,0.0,2,7,1,0.0,6,4,2,4,13,2,1,0,0,0,0.0,0,0,3,8,0,82,45,10,27,3546,441,206,2899,MIN,Central,Western
2025-2026,20251116,14,MTL,56477,Lane Hutson,ROSTER,21.0,"5'8""",158.0,USA,"Chicago, IL",False,D,18,1,13,14,1.39,0.72,0.06,0.78,34.1,0.0,0,0,3,3,0,0,0,1,0,0,0,0,0,0.0,-4,61,25,4.0,28,29,7,10,45,24,9,0,0,0,0.0,0,0,6,12,0,424,300,34,91,24669,4212,547,19910,MTL,Atlantic,Eastern
2025-2026,20251116,142,VGK,5825,Ben Hutton,ROSTER,32.0,"6'2""",206.0,Canada,"Prescott, ON",False,D,10,0,3,3,1.5,0.3,0.0,0.3,16.0,12.2,0,0,0,0,0,0,0,0,0,0,0,0,0,0.0,0,33,15,0.0,13,11,7,5,19,13,3,0,0,0,0.0,1,5,2,7,1,212,103,48,61,9267,1819,1242,6206,VGK,Pacific,Western
2025-2026,20251116,24,EDM,5562,Zach Hyman,ROSTER,33.0,"6'1""",211.0,Canada,"Toronto, ON",False,LW,1,0,1,1,2.0,1.0,0.0,1.0,6.2,0.0,0,0,0,0,0,0,0,0,0,0,0,0,0,0.0,1,5,2,0.0,1,0,3,11,4,0,1,0,0,0,0.0,0,0,0,0,0,20,8,8,4,1390,466,141,783,EDM,Pacific,Western
2025-2026,20251116,2,WPJ,13690,Alex Iafallo,ROSTER,31.0,"6'0""",188.0,USA,"Eden, NY",False,LW,18,4,4,8,1.72,0.22,0.22,0.44,18.4,7.1,1,2,2,4,0,0,0,1,0,0,0,0,0,0.0,2,53,31,12.9,10,7,15,17,6,6,4,8,6,2,75.0,2,4,4,8,0,365,184,134,51,17049,4120,2617,10312,WPG,,
2025-2026,20251116,26,SJS,34832,Vincent Iorio,ASSIGNED_TO_MINORS,23.0,"6'4""",200.0,Canada,"Coquitlam, BC",True,D,6,0,0,0,0.5,0.0,0.0,0.0,7.7,7.1,0,0,0,0,0,0,0,0,0,0,0,0,0,0.0,-3,4,3,0.0,6,1,0,3,5,7,0,0,0,0,0.0,2,4,0,0,0,128,93,5,30,5880,621,36,5223,SJS,Pacific,Western
2025-2026,20251116,1,TBL,56357,Dominic James,INJURY_LIST,23.0,"6'0""",190.0,USA,"Plymouth, MI",True,C,9,1,3,4,1.33,0.33,0.11,0.44,13.5,7.1,0,0,0,0,0,0,0,0,0,0,0,0,0,0.0,1,28,12,8.3,4,8,8,20,15,6,2,69,32,37,46.4,2,4,1,2,0,153,122,28,4,6892,1273,228,5391,TBL,Atlantic,Eastern
2025-2026,20251116,3,CAR,11413,Mark Jankowski,ROSTER,31.0,"6'4""",212.0,Canada,"Hamilton, ON",False,LW,9,0,2,2,0.67,0.22,0.0,0.22,7.7,10.6,0,0,0,0,0,0,0,0,0,0,0,0,0,0.0,2,16,6,0.0,6,4,6,3,14,3,0,79,45,34,57.0,3,6,0,0,0,139,65,36,38,5431,700,392,4339,CAR,Metropolitan,Eastern
2025-2026,20251116,24,EDM,5827,Mattias Janmark,ROSTER,32.0,"6'1""",195.0,Sweden,Danderyd,False,C,4,0,0,0,0.5,0.0,0.0,0.0,0.5,3.5,0,0,0,0,0,0,0,0,0,0,0,0,0,0.0,-1,5,2,0.0,0,1,2,1,0,0,0,2,1,1,50.0,1,2,1,2,0,64,35,17,12,2752,717,95,1940,EDM,Pacific,Western
2025-2026,20251116,12,TOR,5352,Calle Jarnkrok,ROSTER,34.0,"5'11""",186.0,Sweden,Gavle,False,C,13,4,0,4,1.0,0.0,0.31,0.31,8.7,7.1,1,0,0,0,0,0,0,0,0,0,0,0,0,0.0,-5,17,13,30.8,3,1,3,12,7,6,0,8,5,3,62.5,2,4,0,0,0,204,98,55,55,8563,2161,512,5890,TOR,Atlantic,Eastern
2025-2026,20251116,3,CAR,28144,Seth Jarvis,ROSTER,23.0,"5'10""",175.0,Canada,"Winnipeg, MB",True,C,18,10,6,16,3.17,0.33,0.56,0.89,15.4,10.6,3,1,0,1,1,0,1,4,0,2,1,0,1,100.0,4,89,57,17.5,8,9,23,15,32,16,12,23,11,12,47.8,3,6,4,8,0,382,247,75,71,19971,4313,1773,14089,CAR,Metropolitan,Eastern
2025-2026,20251116,11,BOS,14386,Tanner Jeannot,ROSTER,28.0,"6'2""",207.0,Canada,"Oxbow, SK",False,LW,20,2,7,9,1.2,0.35,0.1,0.45,42.3,50.8,0,0,1,1,0,0,0,0,0,0,0,0,0,0.0,-1,48,24,8.3,19,15,9,48,23,17,0,6,4,2,66.7,7,23,5,19,3,358,184,72,104,15990,2920,501,12569,BOS,Atlantic,Eastern
2025-2026,20251116,19,CBJ,5245,Boone Jenner,ROSTER,32.0,"6'2""",208.0,Canada,"Dorchester, ON",False,C,16,3,7,10,2.0,0.44,0.19,0.62,27.6,26.4,1,1,1,2,0,1,1,1,0,0,0,0,0,0.0,-7,69,32,9.4,13,17,20,30,12,11,2,91,51,40,56.0,5,13,4,11,1,303,149,74,80,15458,4395,1524,9502,CBJ,Metropolitan,Eastern
2025-2026,20251116,13,OTT,11592,Nick Jensen,ROSTER,35.0,"6'1""",196.0,USA,"Rogers, MN",False,D,19,1,3,4,0.74,0.16,0.05,0.21,29.0,10.6,0,0,0,0,0,0,0,0,0,0,0,0,0,0.0,-5,39,14,7.1,20,12,13,17,44,21,4,0,0,0,0.0,3,6,1,2,0,466,241,89,137,20572,4050,1146,15376,OTT,Atlantic,Eastern
2025-2026,20251116,25,MIN,53012,David Jiricek,ROSTER,21.0,"6'3""",189.0,Czech Republic,Klatovy,True,D,12,0,0,0,0.75,0.0,0.0,0.0,8.2,14.2,0,0,0,0,0,0,0,0,0,0,0,0,0,0.0,-3,26,9,0.0,6,12,5,4,18,11,3,0,0,0,0.0,4,8,0,0,0,180,129,20,31,8732,896,349,7487,MIN,Central,Western
2025-2026,20251116,16,DET,30079,Albert Johansson,ROSTER,24.0,"6'0""",168.0,Sweden,Karlstad,True,D,18,0,2,2,1.0,0.11,0.0,0.11,31.5,7.1,0,0,0,0,0,0,0,0,0,0,0,0,0,0.0,-4,54,18,0.0,22,22,14,18,25,16,4,0,0,0,0.0,2,4,5,10,0,390,246,61,83,16611,2552,839,13220,DET,Atlantic,Eastern
2025-2026,20251116,25,MIN,4882,Marcus Johansson,ROSTER,35.0,"6'1""",205.0,Sweden,Landskrona,False,LW,19,7,9,16,1.58,0.47,0.37,0.84,9.4,7.1,2,3,2,5,0,0,0,2,0,1,0,0,0,0.0,5,56,30,23.3,5,16,9,9,21,17,6,9,4,5,44.4,2,4,2,4,0,367,171,124,79,18192,4556,1687,11949,MIN,Central,Western
2025-2026,20251116,19,CBJ,37970,Kent Johnson,ROSTER,23.0,"6'1""",168.0,Canada,"Port Moody, BC",True,C,17,2,3,5,1.88,0.18,0.12,0.29,12.5,0.0,0,0,0,0,0,0,0,0,0,0,2,1,1,50.0,-8,59,32,6.2,11,16,11,2,12,14,4,0,0,0,0.0,0,0,0,0,0,285,171,55,60,14676,3588,817,10410,CBJ,Metropolitan,Eastern
2025-2026,20251116,15,BUF,34471,Ryan Johnson,ASSIGNED_TO_MINORS,24.0,"6'0""",170.0,USA,"Newport Beach, CA",True,D,3,0,0,0,0.0,0.0,0.0,0.0,4.1,3.5,0,0,0,0,0,0,0,0,0,0,0,0,0,0.0,0,4,0,0.0,3,2,2,2,6,2,2,0,0,0,0.0,1,2,0,0,0,34,14,7,13,1620,229,107,1284,BUF,Atlantic,Eastern
2025-2026,20251116,29,ANA,9081,Ross Johnston,ROSTER,31.0,"6'5""",235.0,Canada,"Charlottetown, PE",False,LW,17,1,3,4,0.29,0.18,0.06,0.24,27.1,82.3,0,0,0,0,0,0,0,0,0,0,0,0,0,0.0,2,17,5,20.0,5,4,8,47,15,8,1,4,1,3,25.0,9,41,6,27,5,220,111,47,64,9254,1711,291,7255,ANA,Pacific,Western
2025-2026,20251116,27,DAL,34837,Wyatt Johnston,ROSTER,22.0,"6'1""",178.0,Canada,"Toronto, ON",True,C,19,11,10,21,2.79,0.53,0.58,1.11,20.2,10.6,3,7,5,12,0,0,0,2,0,0,1,0,1,100.0,-4,103,53,20.8,17,29,21,5,24,13,6,226,115,111,50.9,3,6,4,8,0,464,320,107,43,24091,7077,1195,15516,DAL,Central,Western
2025-2026,20251116,11,BOS,13644,Henri Jokiharju,ROSTER,26.0,"6'0""",195.0,Finland,Oulu,False,D,19,0,3,3,0.89,0.16,0.0,0.16,23.0,10.6,0,0,1,1,0,0,0,0,0,0,0,0,0,0.0,-2,53,17,0.0,17,22,14,11,29,23,2,0,0,0,0.0,3,6,2,4,0,437,260,90,87,19587,3971,1893,13723,BOS,Atlantic,Eastern
2025-2026,20251116,25,MIN,18220,Ben Jones,ROSTER,26.0,"6'0""",187.0,Canada,"Waterloo, ON",False,C,7,0,0,0,0.86,0.0,0.0,0.0,12.1,0.0,0,0,0,0,0,0,0,0,0,0,0,0,0,0.0,-4,15,6,0.0,4,5,4,17,5,2,1,42,28,14,66.7,0,0,2,4,0,75,43,25,7,3466,841,350,2277,MIN,Central,Western
2025-2026,20251116,10,PIT,15433,Caleb Jones,INJURY_LIST,28.0,"6'1""",194.0,USA,"Arlington, TX",False,D,7,0,1,1,0.71,0.14,0.0,0.14,20.4,0.0,0,0,0,0,0,0,0,0,0,0,0,0,0,0.0,1,17,5,0.0,15,6,6,10,14,4,1,0,0,0,0.0,0,0,1,2,0,144,78,22,39,7212,1036,445,5407,PIT,Metropolitan,Eastern
2025-2026,20251116,4,FLO,5243,Seth Jones,ROSTER,31.0,"6'4""",209.0,USA,"Arlington, TX",False,D,18,1,8,9,1.61,0.44,0.06,0.5,31.3,15.9,0,1,5,6,0,0,0,0,0,0,0,0,0,0.0,-3,92,29,3.4,20,32,31,22,24,25,4,0,0,0,0.0,4,10,3,6,0,501,243,103,156,25499,4872,1585,19042,FLA,,
2025-2026,20251116,17,STL,15228,Mathieu Joseph,ROSTER,28.0,"6'1""",190.0,Canada,"Chambly, QC",False,RW,16,2,4,6,1.12,0.25,0.12,0.38,22.4,3.5,0,0,0,0,1,0,1,1,0,0,0,0,0,0.0,-1,33,18,11.1,8,4,11,30,13,10,6,8,3,5,37.5,1,2,3,6,0,275,155,61,61,12173,2393,1082,8698,STL,Central,Western
2025-2026,20251116,21,VAN,13638,Pierre-Olivier Joseph,ROSTER,26.0,"6'2""",185.0,Canada,"Chambly, QC",True,D,9,0,1,1,1.0,0.11,0.0,0.11,8.8,3.5,0,0,0,0,0,0,0,0,0,0,0,0,0,0.0,-3,20,9,0.0,7,10,1,3,9,3,2,0,0,0,0.0,1,2,1,2,0,163,107,17,39,6604,720,140,5744,VAN,Pacific,Western
2025-2026,20251116,12,TOR,18183,Dakota Joshua,ROSTER,29.0,"6'2""",183.0,USA,"Dearborn, MI",False,C,19,2,3,5,0.95,0.16,0.11,0.26,45.0,7.1,0,0,0,0,0,0,0,0,0,0,0,0,0,0.0,-7,34,18,11.1,14,7,9,65,12,8,5,10,2,8,20.0,2,4,3,6,0,344,187,86,73,14034,2821,1646,9567,TOR,Atlantic,Eastern
2025-2026,20251116,18,NSH,5042,Roman Josi,ROSTER,35.0,"6'1""",201.0,Switzerland,Bern,False,D,8,1,4,5,2.38,0.5,0.12,0.62,17.6,10.6,0,0,2,2,0,0,0,0,0,0,0,0,0,0.0,-4,42,19,5.3,15,19,4,4,19,12,3,0,0,0,0.0,3,6,2,4,0,217,105,39,74,11561,3762,953,6846,NSH,Central,Western
2025-2026,20251116,18,NSH,9636,Tyson Jost,ROSTER,27.0,"5'11""",187.0,Canada,"St. Albert, AB",False,C,15,1,1,2,1.13,0.07,0.07,0.13,15.6,7.1,0,0,0,0,0,0,0,0,0,0,0,0,0,0.0,-7,29,17,5.9,6,7,5,20,19,4,8,20,9,11,45.0,2,4,4,8,0,247,124,48,77,11377,1406,850,9119,NSH,Central,Western
2025-2026,20251116,6,PHI,5621,Noah Juulsen,ROSTER,28.0,"6'2""",193.0,Canada,"Surrey, BC",False,D,18,0,2,2,0.61,0.11,0.0,0.11,28.4,7.1,0,0,0,0,0,0,0,0,0,0,0,0,0,0.0,2,28,11,0.0,12,11,6,34,42,13,2,0,0,0,0.0,2,4,4,8,0,353,181,39,133,14842,1359,422,13113,PHI,Metropolitan,Eastern
2025-2026,20251116,23,CGY,4766,Nazem Kadri,ROSTER,35.0,"6'0""",192.0,Canada,"London, ON",False,C,20,4,7,11,3.25,0.35,0.2,0.55,11.9,14.2,1,1,3,4,0,0,0,0,0,0,1,0,1,100.0,-12,138,65,6.2,6,47,26,12,21,24,6,248,113,135,45.6,4,8,8,16,0,454,233,111,115,24586,8876,1727,14217,CGY,Pacific,Western
2025-2026,20251116,20,CHI,56352,Wyatt Kaiser,ROSTER,23.0,"6'0""",173.0,USA,"Ham Lake, MN",False,D,18,0,3,3,0.78,0.17,0.0,0.17,21.7,21.3,0,0,0,0,0,0,0,0,0,0,0,0,0,0.0,7,41,14,0.0,14,13,14,15,34,25,9,0,0,0,0.0,6,12,4,8,0,450,251,40,154,21203,1903,382,18728,CHI,Central,Western
2025-2026,20251116,143,SEA,17126,Kaapo Kakko,ROSTER,24.0,"6'3""",199.0,Finland,Turku,False,RW,7,1,0,1,1.14,0.0,0.14,0.14,3.5,7.1,0,0,0,0,0,0,0,0,0,0,1,0,0,0.0,0,18,8,12.5,2,5,5,3,2,7,1,1,0,1,0.0,2,4,2,4,0,123,67,36,15,5287,1053,464,3527,SEA,Pacific,Western
2025-2026,20251116,13,OTT,28484,Arthur Kaliyev,ASSIGNED_TO_MINORS,24.0,"6'2""",190.0,USA,"Tashkent, Uzbekistan",True,RW,2,0,1,1,2.0,0.5,0.0,0.5,0.0,0.0,0,0,1,1,0,0,0,0,0,0,0,0,0,0.0,0,8,4,0.0,0,3,1,0,0,2,0,0,0,0,0.0,0,0,0,0,0,28,14,9,5,1273,251,119,903,OTT,Atlantic,Eastern
2025-2026,20251116,21,VAN,4656,Evander Kane,ROSTER,34.0,"6'2""",210.0,Canada,"Vancouver, BC",False,LW,19,3,6,9,3.16,0.32,0.16,0.47,27.7,49.6,1,1,1,2,0,0,0,0,0,0,0,0,0,0.0,-4,114,60,5.0,10,28,26,37,21,19,4,13,4,9,30.8,12,32,10,20,0,396,178,110,111,20454,5102,2566,12786,VAN,Pacific,Western
2025-2026,20251116,16,DET,4265,Patrick Kane,ROSTER,36.0,"5'10""",177.0,USA,"Buffalo, NY",False,RW,9,3,5,8,2.67,0.56,0.33,0.89,2.4,3.5,1,1,4,5,0,0,0,1,0,0,0,0,0,0.0,-6,39,24,12.5,1,5,10,3,5,9,0,0,0,0,0.0,1,2,1,2,0,178,91,53,37,9079,3233,971,4875,DET,Atlantic,Eastern
2025-2026,20251116,24,EDM,5428,Kasperi Kapanen,ROSTER,29.0,"6'1""",194.0,Finland,Kuopio,False,RW,6,0,2,2,0.67,0.33,0.0,0.33,11.7,0.0,0,0,0,0,0,0,0,0,0,0,1,1,0,0.0,-2,10,4,0.0,4,5,1,16,6,4,1,1,0,1,0.0,0,0,0,0,0,92,50,26,16,4423,1059,447,2917,EDM,Pacific,Western
2025-2026,20251116,14,MTL,37995,Oliver Kapanen,ROSTER,22.0,"6'1""",182.0,Sweden,"Sundsvall, Sweden",True,C,18,6,4,10,1.28,0.22,0.33,0.56,17.4,7.1,2,0,0,0,1,0,1,1,0,0,0,0,0,0.0,0,38,23,26.1,13,7,8,8,14,6,3,105,53,52,50.5,2,4,1,2,0,292,155,23,120,13638,1057,57,12524,MTL,Atlantic,Eastern
2025-2026,20251116,25,MIN,5730,Kirill Kaprizov,ROSTER,28.0,"5'10""",192.0,Russia,Novokuznetsk,False,LW,19,10,12,22,3.42,0.63,0.53,1.16,10.6,7.1,3,5,4,9,0,0,0,0,0,0,1,0,0,0.0,-3,125,65,15.4,7,24,36,7,14,27,2,1,0,1,0.0,2,4,5,10,0,394,194,139,70,25457,5847,2717,16893,MIN,Central,Western
2025-2026,20251116,10,PIT,4660,Erik Karlsson,ROSTER,35.0,"6'0""",190.0,Sweden,Landsbro,False,D,18,1,11,12,2.0,0.61,0.06,0.67,20.0,10.6,0,0,3,3,0,0,0,0,0,0,0,0,0,0.0,5,101,36,2.8,19,39,28,0,24,30,12,0,0,0,0.0,3,6,2,4,0,448,211,138,91,25473,5326,3192,16504,PIT,Metropolitan,Eastern
2025-2026,20251116,21,VAN,39290,Linus Karlsson,ROSTER,26.0,"6'1""",178.0,Sweden,Eksjö,True,C,16,1,4,5,1.44,0.25,0.06,0.31,12.7,3.5,0,0,0,0,0,0,0,0,0,0,0,0,0,0.0,0,48,23,4.3,5,7,18,16,9,8,1,12,3,9,25.0,1,2,2,4,0,225,130,38,58,9315,1045,445,7825,VAN,Pacific,Western
2025-2026,20251116,142,VGK,5459,William Karlsson,ROSTER,32.0,"6'0""",195.0,Sweden,Märsta,False,C,14,4,3,7,2.14,0.21,0.29,0.5,15.1,7.1,1,1,0,1,1,0,1,1,0,0,0,0,0,0.0,-1,48,30,13.3,13,10,8,3,15,11,3,158,91,67,57.6,2,4,1,2,0,274,129,99,51,12723,3172,1891,7648,VGK,Pacific,Western
2025-2026,20251116,143,SEA,37962,Tye Kartye,ROSTER,24.0,"5'11""",202.0,Canada,"Kingston, ON",True,LW,18,1,2,3,0.67,0.11,0.06,0.17,37.8,7.1,0,0,0,0,0,0,0,0,0,0,0,0,0,0.0,-3,33,12,8.3,16,11,10,45,25,11,5,5,1,4,20.0,2,4,2,4,0,308,172,45,91,12586,1177,417,10940,SEA,Pacific,Western
2025-2026,20251116,16,DET,43336,Marco Kasper,ROSTER,21.0,"6'1""",187.0,Austria,Innsbruck,True,C,18,3,0,3,1.72,0.0,0.17,0.17,32.0,14.2,1,1,0,1,0,0,0,0,0,0,0,0,0,0.0,-7,62,31,9.7,11,13,18,44,25,15,4,178,83,95,46.6,4,8,2,4,0,364,261,44,62,16727,2365,112,14250,DET,Atlantic,Eastern
2025-2026,20251116,11,BOS,13659,Mark Kastelic,ROSTER,26.0,"6'4""",223.0,USA,"Phoenix, AZ",False,C,20,4,4,8,1.25,0.2,0.2,0.4,45.5,37.0,1,0,1,1,0,0,0,1,0,0,0,0,0,0.0,5,53,25,16.0,26,9,19,39,20,10,8,149,87,62,58.4,8,19,10,23,1,381,179,138,68,15989,2561,1680,11748,BOS,Atlantic,Eastern
2025-2026,20251116,1,TBL,11818,Boris Katchouk,ROSTER,27.0,"6'1""",179.0,Canada,"Vancouver, BC",False,LW,2,0,0,0,0.0,0.0,0.0,0.0,3.0,0.0,0,0,0,0,0,0,0,0,0,0,0,0,0,0.0,-1,1,0,0.0,2,0,1,2,3,0,0,12,3,9,25.0,0,0,0,0,0,34,14,7,13,1429,238,53,1138,TBL,Atlantic,Eastern
2025-2026,20251116,30,UTA,9633,Clayton Keller,ROSTER,27.0,"5'10""",170.0,USA,"Chesterfield, MO",False,RW,18,7,11,18,2.83,0.61,0.39,1.0,7.7,7.1,2,0,6,6,0,0,0,2,0,1,0,0,0,0.0,3,82,51,13.7,6,13,18,3,17,25,4,1,1,0,100.0,2,4,5,10,0,413,235,91,94,20860,3730,1709,15421,UTA,Central,Western
2025-2026,20251116,22,COL,15189,Parker Kelly,ROSTER,26.0,"6'0""",188.0,Canada,"Camrose, AB",False,C,18,5,3,8,1.5,0.17,0.28,0.44,30.9,14.2,1,0,0,0,1,0,1,1,0,0,0,0,0,0.0,7,44,27,18.5,13,11,6,37,15,9,2,42,17,25,40.5,4,8,4,8,0,298,134,67,102,12543,1496,845,10202,COL,Central,Western
2025-2026,20251116,18,NSH,43362,Joakim Kemell,ROSTER,21.0,"5'10""",185.0,Finland,Jyväskylän mlk,True,RW,2,0,0,0,0.5,0.0,0.0,0.0,2.9,0.0,0,0,0,0,0,0,0,0,0,0,0,0,0,0.0,0,5,1,0.0,1,3,1,4,1,0,0,1,0,1,0.0,0,0,0,0,0,28,18,10,0,1328,512,60,756,NSH,Central,Western
2025-2026,20251116,28,LAK,11731,Adrian Kempe,ROSTER,29.0,"6'2""",201.0,Sweden,Kramfors,False,RW,19,6,13,19,3.26,0.68,0.32,1.0,27.7,21.3,2,1,4,5,0,0,0,3,0,2,4,0,2,50.0,4,138,62,9.7,10,44,32,37,15,16,7,27,10,17,37.0,6,12,2,4,0,408,219,119,78,22008,5298,2429,14666,LAK,Pacific,Western
2025-2026,20251116,23,CGY,37958,Rory Kerins,ROSTER,23.0,"5'10""",175.0,Canada,"Caledon, ON",True,C,2,0,0,0,0.5,0.0,0.0,0.0,3.6,0.0,0,0,0,0,0,0,0,0,0,0,0,0,0,0.0,-1,6,1,0.0,3,1,4,1,3,1,0,3,0,3,0.0,0,0,0,0,0,38,32,4,2,1902,293,106,1503,CGY,Pacific,Western
2025-2026,20251116,17,STL,38651,Matthew Kessel,ROSTER,25.0,"6'2""",205.0,USA,"Phoenix, AZ",True,D,10,1,0,1,0.6,0.0,0.1,0.1,7.6,7.1,0,0,0,0,0,0,0,0,0,0,0,0,0,0.0,1,13,6,16.7,5,3,4,5,9,5,1,0,0,0,0.0,2,4,1,2,0,153,120,16,18,6731,880,240,5611,STL,Central,Western
2025-2026,20251116,15,BUF,34838,Michael Kesselring,ROSTER,25.0,"6'4""",190.0,USA,"New Hampton, NH",True,D,9,0,0,0,1.11,0.0,0.0,0.0,12.7,3.5,0,0,0,0,0,0,0,0,0,0,0,0,0,0.0,-3,30,10,0.0,9,10,10,7,13,17,1,0,0,0,0.0,1,2,0,0,0,189,124,10,55,8429,631,145,7653,BUF,Atlantic,Eastern
2025-2026,20251116,11,BOS,38009,Marat Khusnutdinov,ROSTER,23.0,"5'11""",176.0,Russia,Moskva,True,C,15,3,3,6,1.13,0.2,0.2,0.4,10.6,10.6,1,0,1,1,0,0,0,1,0,1,1,0,1,100.0,0,27,17,17.6,7,3,7,7,11,7,6,38,19,19,50.0,3,6,5,10,0,265,184,66,19,12126,3348,628,8340,BOS,Atlantic,Eastern
2025-2026,20251116,29,ANA,5165,Alex Killorn,ROSTER,36.0,"6'1""",197.0,Canada,"Halifax, NS",False,LW,18,1,4,5,1.78,0.22,0.06,0.28,16.8,7.1,0,0,1,1,0,0,0,0,0,0,0,0,0,0.0,-1,56,32,3.1,8,12,12,18,13,13,5,35,15,20,42.9,2,4,3,6,0,407,205,102,100,17996,5432,1244,11258,ANA,Pacific,Western
2025-2026,20251116,10,PIT,167594,Benjamin Kindel,ROSTER,18.0,"5'11""",181.0,Canada,"Coquitlam, BC",True,C,16,5,2,7,2.0,0.12,0.31,0.44,21.5,10.6,1,2,2,4,0,0,0,0,0,0,0,0,0,0.0,-3,58,32,15.6,16,12,14,10,23,16,3,89,40,49,44.9,3,6,3,6,0,298,243,47,7,14795,3240,813,10382,PIT,Metropolitan,Eastern
2025-2026,20251116,23,CGY,12019,Justin Kirkland,ASSIGNED_TO_MINORS,29.0,"6'3""",193.0,Canada,"Winnipeg, MB",False,C,9,0,1,1,0.56,0.11,0.0,0.11,9.2,0.0,0,0,0,0,0,0,0,0,0,0,2,1,0,0.0,-1,14,5,0.0,3,4,5,13,8,3,1,66,36,30,54.5,0,0,0,0,0,136,74,22,40,5168,670,275,4223,CGY,Pacific,Western
2025-2026,20251116,22,COL,17372,Joel Kiviranta,ROSTER,29.0,"5'10""",175.0,Finland,Vantaa,False,LW,5,0,0,0,0.6,0.0,0.0,0.0,6.3,0.0,0,0,0,0,0,0,0,0,0,0,0,0,0,0.0,1,5,3,0.0,2,2,0,9,8,4,0,2,2,0,100.0,0,0,1,4,0,80,49,14,17,3233,679,137,2417,COL,Central,Western
2025-2026,20251116,23,CGY,39261,Adam Klapka,ROSTER,25.0,"6'8""",245.0,Czech Republic,Praha,True,RW,19,2,2,4,1.11,0.11,0.11,0.21,41.1,65.0,0,0,1,1,0,0,0,0,0,0,0,0,0,0.0,1,50,21,9.5,13,14,15,59,20,3,3,11,3,8,27.3,11,31,5,19,3,273,232,32,11,11745,2144,153,9446,CGY,Pacific,Western
2025-2026,20251116,13,OTT,38006,Tyler Kleven,ROSTER,23.0,"6'4""",200.0,USA,"Fargo, ND",True,D,17,0,1,1,1.18,0.06,0.0,0.06,40.8,19.3,0,0,0,0,0,0,0,0,0,0,0,0,0,0.0,-7,43,20,0.0,29,12,11,22,31,22,4,0,0,0,0.0,3,9,3,9,1,411,272,67,72,16981,1873,965,14143,OTT,Atlantic,Eastern
2025-2026,20251116,26,SJS,5484,John Klingberg,ROSTER,33.0,"6'3""",185.0,Sweden,Gothenburg,False,D,13,2,3,5,1.38,0.23,0.15,0.38,22.5,17.7,0,2,1,3,0,0,0,0,0,0,0,0,0,0.0,-5,46,18,11.1,17,20,8,10,18,15,2,0,0,0,0.0,5,10,1,2,0,290,154,76,62,16431,4837,1020,10574,SJS,Pacific,Western
2025-2026,20251116,12,TOR,37990,Matthew Knies,ROSTER,23.0,"6'3""",205.0,USA,"Phoenix, AZ",True,LW,19,5,17,22,2.21,0.89,0.26,1.16,32.7,14.2,1,2,0,2,0,0,0,0,0,0,0,0,0,0.0,4,65,42,11.9,9,15,8,50,11,16,5,0,0,0,0.0,4,8,5,10,0,450,334,73,49,23425,5357,1532,16538,TOR,Atlantic,Eastern
2025-2026,20251116,2,WPJ,30052,Cole Koepke,ROSTER,27.0,"6'1""",195.0,USA,"Two Harbors, MN",True,LW,14,0,2,2,0.93,0.14,0.0,0.14,22.8,14.2,0,0,0,0,0,0,0,0,0,0,0,0,0,0.0,-4,24,13,0.0,4,3,8,40,8,5,6,0,0,0,0.0,2,12,4,8,0,213,135,56,22,8626,1554,856,6216,WPG,,
2025-2026,20251116,10,PIT,32282,Ville Koivunen,ROSTER,22.0,"5'11""",161.0,Finland,Oulu,True,RW,11,0,2,2,1.18,0.18,0.0,0.18,7.8,0.0,0,0,1,1,0,0,0,0,0,0,1,0,0,0.0,-1,25,13,0.0,7,10,3,1,12,5,1,0,0,0,0.0,0,0,0,0,0,171,106,30,28,8296,1389,357,6187,PIT,Metropolitan,Eastern
2025-2026,20251116,142,VGK,17370,Keegan Kolesar,ROSTER,28.0,"6'2""",216.0,Canada,"Winnipeg, MB",True,RW,17,0,3,3,0.71,0.18,0.0,0.18,38.5,19.3,0,0,0,0,0,0,0,0,0,0,0,0,0,0.0,-6,20,12,0.0,14,4,4,51,23,7,2,7,2,5,28.6,3,9,1,5,1,273,143,72,59,10963,2068,1022,7861,VGK,Pacific,Western
2025-2026,20251116,6,PHI,5619,Travis Konecny,ROSTER,28.0,"5'10""",175.0,Canada,"London, ON",False,RW,18,5,9,14,2.22,0.5,0.28,0.78,30.2,26.4,1,0,3,3,1,0,1,1,0,0,1,0,0,0.0,0,73,40,12.5,15,16,17,31,15,30,7,19,7,12,36.8,5,13,6,15,1,438,218,101,124,20693,3245,1294,16154,PHI,Metropolitan,Eastern
2025-2026,20251116,28,LAK,4033,Anze Kopitar,ROSTER,38.0,"6'3""",225.0,Slovenia,Jesenice,False,C,15,2,7,9,1.4,0.47,0.13,0.6,22.0,7.1,0,2,3,5,0,0,0,0,0,0,0,0,0,0.0,7,45,21,9.5,16,8,16,11,8,20,4,266,146,120,54.9,2,4,3,6,0,305,158,79,70,16623,5483,1577,9563,LAK,Pacific,Western
2025-2026,20251116,10,PIT,17958,Joona Koppanen,ROSTER,27.0,"6'5""",194.0,Finland,Tampere,False,LW,4,0,0,0,0.5,0.0,0.0,0.0,1.9,3.5,0,0,0,0,0,0,0,0,0,0,0,0,0,0.0,-1,3,2,0.0,0,0,1,4,5,0,1,12,5,7,41.7,1,2,0,0,0,69,29,14,26,2853,489,233,2131,PIT,Metropolitan,Eastern
2025-2026,20251116,142,VGK,17144,Kaedan Korczak,ROSTER,24.0,"6'3""",192.0,Canada,"Yorkton, SK",True,D,17,2,1,3,1.12,0.06,0.12,0.18,40.6,17.7,0,0,0,0,0,0,0,0,0,0,0,0,0,0.0,4,42,19,10.5,24,13,10,33,33,19,1,0,0,0,0.0,5,10,1,2,0,374,243,99,34,16822,3037,1362,12423,VGK,Pacific,Western
2025-2026,20251116,3,CAR,14526,Jesperi Kotkaniemi,ROSTER,25.0,"6'2""",198.0,Finland,Pori,False,C,15,2,3,5,1.13,0.2,0.13,0.33,23.7,0.0,0,0,0,0,0,0,0,0,0,0,0,0,0,0.0,3,29,17,11.8,11,6,6,26,16,10,2,115,54,61,47.0,0,0,4,8,0,214,110,59,47,9372,642,767,7963,CAR,Metropolitan,Eastern
2025-2026,20251116,15,BUF,34472,Tyson Kozak,ROSTER,22.0,"5'11""",173.0,Canada,"Souris, MB",True,C,12,2,0,2,0.75,0.0,0.17,0.17,23.3,3.5,0,0,0,0,0,0,0,0,0,0,0,0,0,0.0,-1,16,9,22.2,8,4,3,32,12,4,3,140,69,71,49.3,1,2,2,4,0,208,140,42,28,8182,1544,237,6401,BUF,Atlantic,Eastern
2025-2026,20251116,15,BUF,17149,Peyton Krebs,ROSTER,24.0,"5'11""",180.0,Canada,"Okotoks, AB",True,C,18,0,4,4,0.83,0.22,0.0,0.22,29.9,45.9,0,0,1,1,0,0,0,0,0,0,0,0,0,0.0,-11,29,15,0.0,9,7,7,44,22,10,5,146,63,83,43.2,8,29,7,17,1,348,207,52,89,14921,1662,580,12679,BUF,Atlantic,Eastern
2025-2026,20251116,29,ANA,5104,Chris Kreider,ROSTER,34.0,"6'3""",217.0,USA,"Boxford, MA",False,LW,14,10,3,13,2.36,0.21,0.71,0.93,7.5,17.7,3,5,2,7,0,0,0,1,0,0,0,0,0,0.0,-1,58,33,30.3,4,9,16,7,4,14,2,2,1,1,50.0,5,10,1,2,0,293,173,73,57,13818,4955,831,8032,ANA,Pacific,Western
2025-2026,20251116,1,TBL,5300,Nikita Kucherov,ROSTER,32.0,"5'11""",180.0,Russia,Moscow,False,RW,15,7,8,15,3.13,0.53,0.47,1.0,6.5,3.5,2,3,2,5,0,0,0,1,0,1,0,0,0,0.0,-2,123,47,14.9,4,43,33,5,9,27,5,0,0,0,0.0,1,2,7,14,0,341,186,93,71,19116,6453,1908,10670,TBL,Atlantic,Eastern
2025-2026,20251116,24,EDM,5554,Brett Kulak,ROSTER,31.0,"6'2""",197.0,Canada,"Stony Plain, AB",False,D,20,0,2,2,1.15,0.1,0.0,0.1,23.5,3.5,0,0,0,0,0,0,0,0,0,0,0,0,0,0.0,-7,55,23,0.0,21,23,9,3,16,12,3,0,0,0,0.0,1,2,0,0,0,426,250,58,112,21507,4244,1442,15575,EDM,Pacific,Western
2025-2026,20251116,15,BUF,43367,Jiri Kulich,ROSTER,21.0,"5'11""",178.0,Czech Republic,Kadan,True,C,12,3,2,5,1.67,0.17,0.25,0.42,16.8,7.1,1,0,0,0,0,0,0,0,0,0,0,0,0,0.0,-4,43,20,15.0,12,13,10,9,9,10,1,163,68,95,41.7,2,4,4,8,0,272,185,42,48,11782,2172,126,9484,BUF,Atlantic,Eastern
2025-2026,20251116,4,FLO,4706,Dmitry Kulikov,INJURY_LIST,35.0,"6'1""",199.0,Russia,Lipetsk,False,D,2,0,0,0,0.5,0.0,0.0,0.0,0.5,0.0,0,0,0,0,0,0,0,0,0,0,0,0,0,0.0,-1,1,1,0.0,0,0,0,1,0,2,0,0,0,0,0.0,0,0,0,0,0,34,18,7,9,1293,463,134,696,FLA,,
2025-2026,20251116,4,FLO,9641,Luke Kunin,ROSTER,27.0,"6'0""",197.0,USA,"Chesterfield, MO",False,C,13,0,1,1,0.54,0.08,0.0,0.08,27.1,10.6,0,0,0,0,0,0,0,0,0,0,0,0,0,0.0,-2,14,7,0.0,16,4,3,22,13,8,1,103,47,56,45.6,3,6,1,2,0,185,99,50,36,7840,1249,1122,5469,FLA,,
2025-2026,20251116,11,BOS,5568,Sean Kuraly,ROSTER,32.0,"6'2""",213.0,USA,"Dublin, OH",False,C,20,2,3,5,1.35,0.15,0.1,0.25,20.5,10.6,0,0,0,0,0,0,0,0,0,0,0,0,0,0.0,1,59,27,7.4,12,15,17,17,16,17,6,216,97,119,44.9,3,6,2,4,0,375,164,76,137,16906,4393,942,11571,BOS,Atlantic,Eastern
2025-2026,20251116,26,SJS,17991,Philipp Kurashev,ROSTER,26.0,"6'0""",190.0,Switzerland,Münsingen,False,C,17,5,5,10,2.06,0.29,0.29,0.59,12.8,10.6,1,0,0,0,0,0,0,1,0,1,1,1,0,0.0,2,63,35,14.3,6,16,12,14,14,16,4,30,15,15,50.0,3,6,3,6,0,369,189,101,84,17888,2796,1152,13940,SJS,Pacific,Western
2025-2026,20251116,28,LAK,39780,Andrei Kuzmenko,ROSTER,29.0,"5'11""",194.0,Russia,Yakutsk,True,LW,17,3,4,7,1.47,0.24,0.18,0.41,11.8,3.5,1,2,1,3,0,0,0,0,0,0,2,0,0,0.0,-1,52,25,12.0,5,15,12,14,17,23,3,0,0,0,0.0,1,2,5,10,0,263,226,36,4,15274,2802,349,12123,LAK,Pacific,Western
2025-2026,20251116,23,CGY,30014,Yan Kuznetsov,ROSTER,23.0,"6'4""",209.0,Russia,Murmansk,True,D,6,0,1,1,1.5,0.17,0.0,0.17,10.5,0.0,0,0,0,0,0,0,0,0,0,0,0,0,0,0.0,2,14,9,0.0,6,3,2,9,12,5,1,0,0,0,0.0,0,0,1,2,0,147,101,18,29,6367,658,223,5396,CGY,Pacific,Western
2025-2026,20251116,17,STL,13677,Jordan Kyrou,ROSTER,27.0,"6'0""",175.0,Canada,"Toronto, ON",False,RW,18,6,5,11,2.44,0.28,0.33,0.61,10.4,0.0,2,1,2,3,0,0,0,0,0,0,1,0,0,0.0,-9,94,44,13.6,9,28,22,2,14,5,8,1,0,1,0.0,0,0,6,12,0,378,201,97,86,18335,3345,1073,13917,STL,Central,Western
2025-2026,20251116,9,NYR,56552,Noah Laba,ROSTER,22.0,"6'1""",181.0,USA,"Northville, MI",False,C,19,3,3,6,0.89,0.16,0.16,0.32,21.2,10.6,1,0,1,1,0,0,0,1,0,0,0,0,0,0.0,4,36,17,17.6,14,6,13,14,22,6,3,149,71,78,47.7,3,6,2,4,0,336,258,41,29,14240,2246,308,11123,NYR,Metropolitan,Eastern
2025-2026,20251116,21,VAN,11363,Joseph Labate,ASSIGNED_TO_MINORS,32.0,"6'3""",213.0,USA,"Eagan, MN",True,C,1,0,0,0,2.0,0.0,0.0,0.0,4.9,0.0,0,0,0,0,0,0,0,0,0,0,0,0,0,0.0,-1,3,2,0.0,2,0,1,6,1,0,0,2,1,1,50.0,0,0,0,0,0,16,11,1,4,572,139,0,433,VAN,Pacific,Western
2025-2026,20251116,7,NJD,56425,Shane Lachance,ROSTER,22.0,"6'4""",195.0,USA,"Andover, MA",False,LW,1,0,0,0,0.0,0.0,0.0,0.0,0.5,0.0,0,0,0,0,0,0,0,0,0,0,0,0,0,0.0,0,0,0,0.0,0,0,0,1,2,0,0,1,1,0,100.0,0,0,0,0,0,10,6,2,0,445,152,0,232,NJD,Metropolitan,Eastern
2025-2026,20251116,29,ANA,38017,Jackson LaCombe,ROSTER,24.0,"6'2""",201.0,USA,"Eden Prairie, MN",True,D,18,0,7,7,2.06,0.39,0.0,0.39,43.7,7.1,0,0,3,3,0,0,0,0,0,0,0,0,0,0.0,-3,98,37,0.0,34,43,18,17,34,25,9,0,0,0,0.0,2,4,3,6,0,508,259,81,169,27073,3843,1020,22209,ANA,Pacific,Western
2025-2026,20251116,28,LAK,56457,Alex Laferriere,ROSTER,24.0,"6'0""",173.0,USA,"Chatham, New Jersey",False,RW,19,5,5,10,2.11,0.26,0.26,0.53,34.0,7.1,1,0,0,0,1,0,1,1,0,0,0,0,0,0.0,0,83,40,12.5,12,23,20,46,22,17,4,80,37,43,46.2,2,4,4,8,0,405,259,68,83,18487,1938,733,15816,LAK,Pacific,Western
2025-2026,20251116,20,CHI,17188,Sam Lafferty,ROSTER,30.0,"6'1""",195.0,USA,"Hollidaysburg, PA",True,C,6,1,0,1,0.33,0.0,0.17,0.17,4.3,7.1,0,0,0,0,0,0,0,0,0,0,0,0,0,0.0,1,4,2,50.0,1,1,1,7,3,2,0,2,0,2,0.0,2,4,0,0,0,76,41,25,11,3147,443,630,2074,CHI,Central,Western
2025-2026,20251116,9,NYR,19048,Alexis Lafrenière,ROSTER,24.0,"6'1""",193.0,Canada,"St-Eustache, QC",True,LW,19,4,8,12,2.16,0.42,0.21,0.63,23.2,7.1,1,1,1,2,0,0,0,1,0,0,0,0,0,0.0,-4,74,41,9.8,11,17,19,25,22,11,6,7,2,5,28.6,2,4,2,4,0,422,292,99,22,19987,4902,1297,13195,NYR,Metropolitan,Eastern
2025-2026,20251116,14,MTL,9628,Patrik Laine,ROSTER,27.0,"6'5""",206.0,Finland,Tampere,False,LW,5,0,1,1,1.2,0.2,0.0,0.2,0.9,3.5,0,0,0,0,0,0,0,0,0,0,0,0,0,0.0,-3,20,6,0.0,0,8,6,2,2,2,0,3,2,1,66.7,1,2,1,2,0,73,46,19,8,3782,716,426,2640,MTL,Atlantic,Eastern
2025-2026,20251116,2,WPJ,53331,Brad Lambert,ROSTER,21.0,"6'1""",183.0,Finland,Lahti,True,C,4,1,0,1,0.75,0.0,0.25,0.25,2.4,3.5,0,0,0,0,0,0,0,0,0,0,0,0,0,0.0,-1,6,3,33.3,1,2,1,3,3,3,0,1,0,1,0.0,1,2,0,0,0,49,35,9,6,2166,337,94,1735,WPG,,
2025-2026,20251116,7,NJD,15266,Juho Lammikko,ROSTER,29.0,"6'2""",207.0,Finland,Noormarkku,False,C,7,0,0,0,1.14,0.0,0.0,0.0,11.2,0.0,0,0,0,0,0,0,0,0,0,0,0,0,0,0.0,0,11,8,0.0,8,0,3,6,0,3,1,50,24,26,48.0,0,0,0,0,0,105,55,25,24,4454,1131,170,3389,NJD,Metropolitan,Eastern
2025-2026,20251116,22,COL,4986,Gabriel Landeskog,ROSTER,32.0,"6'1""",215.0,Sweden,Stockholm,False,LW,18,2,4,6,1.44,0.22,0.11,0.33,18.3,37.0,0,0,0,0,0,0,0,1,0,0,0,0,0,0.0,1,55,26,7.7,5,14,15,28,19,9,6,27,16,11,59.3,8,19,4,11,1,339,175,122,44,14739,3504,2483,8752,COL,Central,Western
2025-2026,20251116,5,WSH,28519,Hendrix Lapierre,ROSTER,23.0,"6'0""",179.0,Canada,"Gatineau, QC",True,C,17,0,2,2,1.0,0.12,0.0,0.12,10.1,7.1,0,0,0,0,0,0,0,0,0,0,0,0,0,0.0,-2,35,17,0.0,3,6,12,15,9,14,4,60,24,36,40.0,2,4,1,2,0,229,161,39,26,10569,2268,664,7495,WSH,Metropolitan,Eastern
2025-2026,20251116,16,DET,5829,Dylan Larkin,ROSTER,29.0,"6'1""",198.0,USA,"Waterford, MI",False,C,18,11,11,22,3.22,0.61,0.61,1.22,11.2,17.7,3,3,2,5,0,0,0,3,0,1,1,1,0,0.0,6,109,58,19.0,8,23,28,6,11,19,2,371,210,161,56.6,5,10,11,22,0,444,218,82,155,22093,4788,1058,16247,DET,Atlantic,Eastern
2025-2026,20251116,143,SEA,4989,Adam Larsson,ROSTER,33.0,"6'3""",208.0,Sweden,Skelleftea,False,D,18,1,4,5,0.83,0.22,0.06,0.28,57.8,14.2,0,0,0,0,0,0,0,1,0,0,0,0,0,0.0,-2,34,15,6.7,43,14,5,27,17,8,3,0,0,0,0.0,4,8,0,0,0,454,244,84,120,23810,3942,1263,18236,SEA,Pacific,Western
2025-2026,20251116,12,TOR,5139,Scott Laughton,ROSTER,31.0,"6'1""",190.0,Canada,"Oakville, ON",False,C,2,0,0,0,0.5,0.0,0.0,0.0,4.3,3.5,0,0,0,0,0,0,0,0,0,0,0,0,0,0.0,-2,2,1,0.0,1,0,1,7,2,2,0,14,9,5,64.3,1,2,0,0,0,29,15,9,5,1030,294,96,640,TOR,Atlantic,Eastern
2025-2026,20251116,142,VGK,15369,Jeremy Lauzon,ROSTER,28.0,"6'1""",204.0,Canada,"Val-dOr, QC",False,D,17,0,4,4,0.88,0.24,0.0,0.24,53.9,56.3,0,0,0,0,0,0,0,0,0,0,0,0,0,0.0,3,49,15,0.0,26,19,15,57,33,11,2,0,0,0,0.0,11,28,7,23,2,369,190,67,113,16225,2923,1094,12196,VGK,Pacific,Western
2025-2026,20251116,24,EDM,5454,Curtis Lazar,ROSTER,30.0,"6'0""",211.0,Canada,"Salmon Arm, BC",False,C,8,1,0,1,0.25,0.0,0.12,0.12,13.6,3.5,0,0,0,0,0,0,0,0,0,0,0,0,0,0.0,-1,12,2,50.0,5,4,6,18,8,0,0,28,15,13,53.6,1,2,1,2,0,112,63,30,17,4622,575,354,3652,EDM,Pacific,Western
2025-2026,20251116,26,SJS,4834,Nick Leddy,ROSTER,34.0,"6'0""",207.0,USA,"Eden Prairie, MN",False,D,8,0,2,2,0.25,0.25,0.0,0.25,12.5,7.1,0,0,0,0,0,0,0,0,0,0,0,0,0,0.0,-5,8,2,0.0,11,4,2,2,3,5,4,0,0,0,0.0,2,4,0,0,0,172,90,29,53,8218,2119,191,5908,SJS,Pacific,Western
2025-2026,20251116,8,NYI,5199,Anders Lee,ROSTER,35.0,"6'3""",231.0,USA,"Edina, MN",False,LW,18,3,8,11,2.61,0.44,0.17,0.61,22.5,21.3,1,0,1,1,0,0,0,1,0,0,0,0,0,0.0,0,79,47,6.4,13,9,23,19,22,9,3,25,14,11,56.0,6,12,6,12,0,343,184,86,76,16169,3797,1132,11240,NYI,Metropolitan,Eastern
2025-2026,20251116,7,NJD,29745,Nathan Legare,ROSTER,24.0,"6'0""",205.0,Canada,"Montral, QC",True,RW,1,0,0,0,0.0,0.0,0.0,0.0,2.0,0.0,0,0,0,0,0,0,0,0,0,0,0,0,0,0.0,0,0,0,0.0,1,0,0,2,1,0,0,1,0,1,0.0,0,0,0,0,0,10,8,0,1,495,0,179,256,NJD,Metropolitan,Eastern
2025-2026,20251116,3,CAR,142373,Charles-Alexis Legault,ROSTER,22.0,"6'3""",208.0,Canada,"Montreal, QB",True,D,8,1,1,2,1.25,0.12,0.12,0.25,10.5,17.7,0,0,0,0,0,0,0,0,0,0,0,0,0,0.0,4,24,10,10.0,6,8,6,9,15,8,4,0,0,0,0.0,5,10,2,4,0,158,145,6,8,6369,1006,68,5295,CAR,Metropolitan,Eastern
2025-2026,20251116,22,COL,10064,Artturi Lehkonen,ROSTER,30.0,"6'0""",180.0,Finland,Piikkiö,False,LW,18,8,10,18,2.83,0.56,0.44,1.0,22.1,3.5,2,1,1,2,0,0,0,0,0,0,1,0,0,0.0,17,85,51,15.7,17,15,19,9,21,14,3,2,0,2,0.0,1,2,2,4,0,431,202,128,108,21052,5084,2025,13943,COL,Central,Western
2025-2026,20251116,21,VAN,56699,Jonathan Lekkerimäki,ROSTER,21.0,"5'10""",165.0,Sweden,Huddinge,False,RW,4,1,0,1,0.75,0.0,0.25,0.25,4.4,0.0,0,0,0,0,0,0,0,0,0,0,0,0,0,0.0,0,7,3,33.3,2,2,2,5,5,3,0,0,0,0,0.0,0,0,2,4,0,48,39,4,6,2376,312,0,2064,VAN,Pacific,Western
2025-2026,20251116,5,WSH,142776,Ryan Leonard,ROSTER,,,,,,False,RW,18,3,5,8,1.94,0.28,0.17,0.44,19.9,14.2,1,1,1,2,0,0,0,2,0,0,1,1,0,0.0,1,84,35,8.6,7,30,19,27,26,23,6,6,3,3,50.0,4,8,8,16,0,295,252,34,7,13803,2202,169,11229,WSH,Metropolitan,Eastern
2025-2026,20251116,10,PIT,4030,Kris Letang,ROSTER,38.0,"6'0""",201.0,Canada,"Montreal, QC",False,D,18,1,7,8,1.44,0.39,0.06,0.44,38.5,12.4,0,1,3,4,0,0,0,0,0,0,0,0,0,0.0,4,64,26,3.8,26,25,13,24,32,22,4,0,0,0,0.0,3,8,1,2,0,425,197,92,127,23430,4921,1910,16063,PIT,Metropolitan,Eastern
2025-2026,20251116,20,CHI,142389,Artyom Levshunov,ROSTER,,,,,,False,D,17,0,10,10,1.06,0.59,0.0,0.59,25.1,17.7,0,0,5,5,0,0,0,0,0,0,0,0,0,0.0,2,35,18,0.0,15,11,6,20,26,24,5,0,0,0,0.0,5,10,3,6,0,316,266,35,10,16360,2634,318,13152,CHI,Central,Western
2025-2026,20251116,26,SJS,15133,Timothy Liljegren,ROSTER,26.0,"6'0""",190.0,Sweden,Kristianstad,False,D,14,0,4,4,0.64,0.29,0.0,0.29,40.5,14.2,0,0,0,0,0,0,0,0,0,0,0,0,0,0.0,-1,34,9,0.0,31,17,8,17,26,15,1,0,0,0,0.0,4,8,2,4,0,343,181,68,94,17330,2184,444,14702,SJS,Pacific,Western
2025-2026,20251116,27,DAL,5910,Esa Lindell,ROSTER,31.0,"6'3""",215.0,Finland,Helsinki,False,D,19,2,4,6,1.0,0.21,0.11,0.32,40.8,7.1,0,0,0,0,0,0,0,0,0,0,0,0,0,0.0,8,43,19,10.5,33,14,10,13,42,26,8,0,0,0,0.0,2,4,1,2,0,460,228,107,122,25916,5800,1795,18075,DAL,Central,Western
2025-2026,20251116,143,SEA,14122,Ryan Lindgren,ROSTER,27.0,"6'0""",191.0,USA,"Minneapolis, MN",False,D,18,0,3,3,0.67,0.17,0.0,0.17,36.9,51.2,0,0,0,0,0,0,0,0,0,0,0,0,0,0.0,0,43,12,0.0,32,20,11,7,20,21,2,0,0,0,0.0,10,31,3,9,1,442,258,93,83,20297,2897,1214,15866,SEA,Pacific,Western
2025-2026,20251116,11,BOS,5260,Elias Lindholm,ROSTER,30.0,"6'1""",195.0,Sweden,Boden,False,C,13,4,5,9,1.69,0.38,0.31,0.69,23.6,14.2,1,4,3,7,0,0,0,1,0,0,0,0,0,0.0,-3,48,22,18.2,14,14,12,19,5,12,3,228,131,97,57.5,4,8,1,2,0,268,134,43,95,13800,3630,268,9902,BOS,Atlantic,Eastern
2025-2026,20251116,11,BOS,5228,Hampus Lindholm,ROSTER,31.0,"6'3""",208.0,Sweden,Helsingborg,False,D,12,1,4,5,1.25,0.33,0.08,0.42,17.3,23.0,0,1,0,1,0,0,0,0,0,0,0,0,0,0.0,-1,45,15,6.7,16,16,14,1,19,11,4,0,0,0,0.0,6,14,3,6,0,310,167,57,87,14823,3362,399,11062,BOS,Atlantic,Eastern
2025-2026,20251116,10,PIT,15998,Blake Lizotte,ROSTER,27.0,"5'7""",175.0,USA,"Lindstro, MN",True,C,18,2,1,3,1.17,0.06,0.11,0.17,16.5,3.5,0,0,0,0,0,0,0,0,0,0,0,0,0,0.0,1,36,21,9.5,9,9,8,15,30,14,1,145,73,72,50.3,1,2,1,2,0,362,220,93,43,15213,2701,1461,10775,PIT,Metropolitan,Eastern
2025-2026,20251116,11,BOS,38000,Mason Lohrei,ROSTER,24.0,"6'4""",195.0,USA,"Verona, WI",True,D,15,2,8,10,0.73,0.53,0.13,0.67,22.7,3.5,0,1,2,3,0,0,0,0,0,0,0,0,0,0.0,2,47,11,18.2,18,20,16,8,30,14,5,0,0,0,0.0,1,2,1,2,0,347,262,69,18,15589,2618,638,12333,BOS,Atlantic,Eastern
2025-2026,20251116,23,CGY,13954,Ryan Lomberg,ROSTER,30.0,"5'9""",187.0,Canada,"Richmond Hill, ON",False,LW,20,0,1,1,0.9,0.05,0.0,0.05,37.4,28.0,0,0,0,0,0,0,0,0,0,0,0,0,0,0.0,2,35,18,0.0,5,8,9,69,12,7,0,7,2,5,28.6,3,12,5,16,2,243,131,50,62,10494,1850,797,7847,CGY,Pacific,Western
2025-2026,20251116,12,TOR,5781,Steven Lorentz,ROSTER,29.0,"6'3""",192.0,Canada,"Waterloo, ON",False,C,13,1,4,5,0.77,0.31,0.08,0.38,22.8,0.0,0,0,0,0,1,0,1,0,0,0,0,0,0,0.0,-5,17,10,10.0,8,2,5,31,11,8,2,28,14,14,50.0,0,0,1,2,0,185,92,68,26,8049,1675,1337,5037,TOR,Atlantic,Eastern
2025-2026,20251116,2,WPJ,5456,Adam Lowry,ROSTER,32.0,"6'5""",210.0,USA,"St. Louis, MO",False,C,6,0,2,2,1.17,0.33,0.0,0.33,16.9,0.0,0,0,0,0,0,0,0,0,0,0,0,0,0,0.0,3,15,7,0.0,9,2,6,16,3,5,2,71,33,38,46.5,0,0,0,0,0,144,75,35,34,5273,800,482,3991,WPG,,
2025-2026,20251116,6,PHI,142694,Jett Luchanko,ROSTER,,,,,,False,C,4,0,0,0,0.25,0.0,0.0,0.0,4.1,3.5,0,0,0,0,0,0,0,0,0,0,0,0,0,0.0,-3,2,1,0.0,3,0,1,2,5,1,0,21,11,10,52.4,1,2,1,2,0,45,40,3,2,2152,343,51,1758,PHI,Metropolitan,Eastern
2025-2026,20251116,4,FLO,30418,Anton Lundell,ROSTER,24.0,"6'1""",185.0,Finland,Espoo,True,C,18,4,11,15,1.83,0.61,0.22,0.83,24.3,14.2,1,2,4,6,1,1,2,0,0,0,2,0,1,50.0,-1,71,33,12.1,16,18,20,16,10,22,1,325,176,149,54.2,4,8,5,10,0,435,274,127,39,20942,5751,1847,13470,FLA,,
2025-2026,20251116,19,CBJ,14546,Isac Lundestrom,ROSTER,26.0,"6'0""",191.0,Sweden,Gällivare,False,C,17,0,2,2,0.53,0.12,0.0,0.12,9.6,7.1,0,0,0,0,0,0,0,0,0,0,0,0,0,0.0,0,20,9,0.0,6,5,6,7,17,15,2,119,63,56,52.9,2,4,1,2,0,287,185,48,50,12188,1797,727,9523,CBJ,Metropolitan,Eastern
2025-2026,20251116,27,DAL,14551,Nils Lundkvist,ROSTER,25.0,"5'11""",187.0,Sweden,Pitea,True,D,4,1,2,3,0.5,0.5,0.25,0.75,6.7,3.5,0,0,0,0,0,0,0,0,0,0,0,0,0,0.0,0,7,2,50.0,5,2,3,3,11,6,0,0,0,0,0.0,1,2,0,0,0,83,45,13,26,3839,139,126,3574,DAL,Central,Western
2025-2026,20251116,4,FLO,17339,Eetu Luostarinen,ROSTER,27.0,"6'3""",184.0,Finland,Siilinjrvi,False,C,18,3,7,10,1.78,0.39,0.17,0.56,38.5,14.2,1,1,0,1,0,1,1,0,0,0,0,0,0,0.0,3,58,32,9.4,18,10,16,42,26,12,3,16,8,8,50.0,4,8,9,20,0,395,189,121,88,18111,2926,2477,12708,FLA,,
2025-2026,20251116,13,OTT,30087,Olle Lycksell,ROSTER,26.0,"5'10""",165.0,Sweden,Oskarshamn,True,RW,6,1,0,1,1.0,0.0,0.17,0.17,4.1,0.0,0,0,0,0,0,0,0,1,0,0,0,0,0,0.0,-2,9,6,16.7,3,1,2,2,6,1,0,0,0,0,0.0,0,0,1,2,0,84,59,15,11,3711,543,417,2751,OTT,Atlantic,Eastern
2025-2026,20251116,27,DAL,15176,Ilya Lyubushkin,ROSTER,31.0,"6'2""",201.0,Russia,Moskva,False,D,17,0,4,4,0.53,0.24,0.0,0.24,45.0,31.7,0,0,0,0,0,0,0,0,0,0,0,0,0,0.0,-1,19,9,0.0,33,7,3,22,41,20,4,0,0,0,0.0,6,17,1,5,1,363,200,66,96,16778,2148,807,13777,DAL,Central,Western
2025-2026,20251116,30,UTA,5259,Olli Maatta,ROSTER,31.0,"6'2""",206.0,Finland,Jyväskylä,False,D,15,0,1,1,0.47,0.07,0.0,0.07,11.6,0.0,0,0,0,0,0,0,0,0,0,0,0,0,0,0.0,-1,16,7,0.0,11,4,5,0,36,13,1,0,0,0,0.0,0,0,0,0,0,236,157,23,56,10605,1638,461,8506,UTA,Central,Western
2025-2026,20251116,12,TOR,28458,Matias Maccelli,ROSTER,25.0,"5'11""",165.0,Finland,Turku,True,LW,18,4,4,8,0.89,0.22,0.22,0.44,6.2,0.0,1,0,0,0,0,0,0,1,0,0,0,0,0,0.0,1,33,16,25.0,5,9,8,2,15,13,4,4,3,1,75.0,0,0,3,6,0,304,203,86,19,14362,3326,1302,9734,TOR,Atlantic,Eastern
2025-2026,20251116,13,OTT,11733,Kurtis MacDermid,ROSTER,31.0,"6'5""",233.0,Canada,"Sauble Beach, ON",False,LW,8,0,0,0,0.25,0.0,0.0,0.0,7.9,35.0,0,0,0,0,0,0,0,0,0,0,0,0,0,0.0,-3,2,2,0.0,4,0,0,8,2,1,0,0,0,0,0.0,5,16,4,14,2,67,31,23,13,2122,231,385,1506,OTT,Atlantic,Eastern
2025-2026,20251116,21,VAN,13674,Mackenzie MacEachern,ROSTER,31.0,"6'2""",190.0,USA,"Bloomfield Hills, MI",False,LW,4,0,2,2,1.0,0.5,0.0,0.5,7.6,0.0,0,0,0,0,0,0,0,0,0,0,0,0,0,0.0,2,6,4,0.0,5,1,1,5,4,0,0,0,0,0,0.0,0,0,0,0,0,62,32,15,15,2626,524,88,2014,VAN,Pacific,Western
2025-2026,20251116,7,NJD,15475,Zack MacEwen,ROSTER,29.0,"6'3""",205.0,Canada,"Charlottetown, PE",True,RW,3,0,0,0,1.33,0.0,0.0,0.0,3.8,0.0,0,0,0,0,0,0,0,0,0,0,0,0,0,0.0,0,7,4,0.0,1,0,3,6,2,2,1,2,0,2,0.0,0,0,0,0,0,26,18,6,2,1140,169,177,794,NJD,Metropolitan,Eastern
2025-2026,20251116,22,COL,5231,Nathan MacKinnon,ROSTER,30.0,"6'0""",200.0,Canada,"Halifax, NS",False,C,18,14,19,33,4.56,1.06,0.78,1.83,20.5,21.3,4,5,4,9,0,0,0,1,0,0,1,0,0,0.0,18,140,82,17.1,12,25,32,17,14,30,3,385,192,193,49.9,6,12,5,10,0,419,206,162,65,23179,6755,3581,12843,COL,Central,Western
2025-2026,20251116,8,NYI,34417,Kyle MacLean,ROSTER,26.0,"6'1""",190.0,USA,"Livingston, NJ",True,C,10,0,1,1,0.7,0.1,0.0,0.1,9.5,29.9,0,0,0,0,0,0,0,0,0,0,0,0,0,0.0,-5,12,7,0.0,2,2,3,16,8,2,1,16,11,5,68.8,4,19,3,9,1,134,80,37,17,5749,1114,358,4277,NYI,Metropolitan,Eastern
2025-2026,20251116,143,SEA,15128,Josh Mahura,ROSTER,27.0,"6'0""",190.0,Canada,"Edmonton, AB",False,D,13,1,1,2,0.69,0.08,0.08,0.15,28.2,21.3,0,0,0,0,0,0,0,1,0,1,0,0,0,0.0,6,24,9,11.1,21,8,7,13,18,7,2,0,0,0,0.0,4,16,1,2,0,280,171,49,57,11835,1481,725,9417,SEA,Pacific,Western
2025-2026,20251116,17,STL,37979,Logan Mailloux,ASSIGNED_TO_MINORS,22.0,"6'3""",214.0,Canada,"Belle River, ON",True,D,9,0,0,0,0.56,0.0,0.0,0.0,12.4,7.1,0,0,0,0,0,0,0,0,0,0,0,0,0,0.0,-12,18,5,0.0,6,7,6,13,17,7,1,0,0,0,0.0,2,4,1,2,0,147,110,24,13,6780,884,369,5527,STL,Central,Western
2025-2026,20251116,22,COL,13619,Cale Makar,ROSTER,27.0,"5'11""",187.0,Canada,"Calgary, AB",False,D,18,6,18,24,2.61,1.0,0.33,1.33,38.3,14.2,2,0,7,7,0,0,0,2,0,0,0,0,0,0.0,16,126,47,12.8,32,56,23,10,7,19,10,0,0,0,0.0,4,8,6,12,0,492,273,172,53,27606,6773,4795,16038,COL,Central,Western
2025-2026,20251116,22,COL,56372,Taylor Makar,ASSIGNED_TO_MINORS,24.0,"6'3""",190.0,Canada,"Calgary, AB",False,LW,2,0,0,0,1.5,0.0,0.0,0.0,1.9,0.0,0,0,0,0,0,0,0,0,0,0,0,0,0,0.0,0,5,3,0.0,0,1,1,4,3,0,0,0,0,0,0.0,0,0,0,0,0,20,17,3,0,798,206,0,592,COL,Central,Western
2025-2026,20251116,15,BUF,17164,Beck Malenstyn,ROSTER,27.0,"6'3""",200.0,Canada,"White Rock, BC",False,LW,17,0,1,1,1.06,0.06,0.0,0.06,46.5,3.5,0,0,0,0,0,0,0,0,0,0,0,0,0,0.0,-8,31,18,0.0,19,6,7,57,23,10,1,2,0,2,0.0,1,2,4,8,0,277,129,27,121,11364,1658,98,9608,BUF,Atlantic,Eastern
2025-2026,20251116,22,COL,119984,Sam Malinski,ROSTER,27.0,"5'11""",190.0,USA,"Lakeville, MN",True,D,18,1,8,9,1.78,0.44,0.06,0.5,23.8,3.5,0,0,0,0,0,0,0,1,0,0,0,0,0,0.0,11,76,32,3.1,20,29,15,6,30,19,7,0,0,0,0.0,1,2,0,0,0,367,324,25,19,16313,2769,360,13185,COL,Central,Western
2025-2026,20251116,10,PIT,3652,Evgeni Malkin,ROSTER,39.0,"6'3""",195.0,Russia,Magnitogorsk,False,C,18,4,18,22,2.56,1.0,0.22,1.22,6.4,24.8,1,1,8,9,0,0,0,0,0,0,2,1,1,50.0,4,70,46,8.7,3,11,14,7,16,19,7,145,64,81,44.1,7,14,3,6,0,373,193,116,63,19132,6885,1840,10327,PIT,Metropolitan,Eastern
2025-2026,20251116,28,LAK,34945,Jeff Malott,ROSTER,29.0,"6'3""",201.0,Canada,"Burlington, ON",True,LW,15,2,0,2,0.8,0.0,0.13,0.13,24.8,50.8,0,0,0,0,0,0,0,0,0,0,0,0,0,0.0,-2,30,12,16.7,5,8,10,42,7,7,2,1,1,0,100.0,7,23,4,17,3,167,133,21,15,7051,607,390,6054,LAK,Pacific,Western
2025-2026,20251116,21,VAN,56544,Victor Mancini,ROSTER,23.0,"6'3""",215.0,USA,"Hancock, MI",True,D,5,0,0,0,0.6,0.0,0.0,0.0,8.1,12.2,0,0,0,0,0,0,0,0,0,0,0,0,0,0.0,-2,7,3,0.0,5,3,1,6,9,2,0,0,0,0,0.0,1,5,1,5,1,69,62,3,4,3158,334,17,2807,VAN,Pacific,Western
2025-2026,20251116,24,EDM,5761,Andrew Mangiapane,ROSTER,29.0,"5'10""",184.0,Canada,"Toronto, ON",False,LW,20,4,2,6,0.95,0.1,0.2,0.3,19.0,3.5,1,0,0,0,0,0,0,1,0,0,0,0,0,0.0,-16,42,19,21.1,11,11,12,16,19,14,2,2,1,1,50.0,1,2,5,10,0,383,169,134,76,18114,3822,2354,11461,EDM,Pacific,Western
2025-2026,20251116,22,COL,5477,Josh Manson,ROSTER,34.0,"6'3""",218.0,USA,"Hinsdale, IL",False,D,18,1,2,3,1.22,0.11,0.06,0.17,45.5,40.5,0,0,0,0,0,0,0,1,0,0,0,0,0,0.0,7,46,22,4.5,26,13,11,39,25,20,8,0,0,0,0.0,9,21,5,13,1,446,222,135,90,19838,3412,2363,14063,COL,Central,Western
2025-2026,20251116,10,PIT,5413,Anthony Mantha,ROSTER,31.0,"6'5""",234.0,Canada,"Longueuil, QC",False,RW,18,8,5,13,1.78,0.28,0.44,0.72,16.8,12.2,2,1,1,2,0,0,0,0,0,0,0,0,0,0.0,9,58,32,25.0,12,15,11,9,14,20,3,6,1,5,16.7,1,5,7,17,1,334,174,97,65,15933,2510,2552,10542,PIT,Metropolitan,Eastern
2025-2026,20251116,4,FLO,4692,Brad Marchand,ROSTER,37.0,"5'9""",181.0,Canada,"Halifax, NS",False,LW,17,12,9,21,2.88,0.53,0.71,1.24,10.1,31.9,4,2,5,7,0,0,0,1,0,0,1,0,1,100.0,-4,98,49,24.5,3,22,27,15,16,18,4,1,0,1,0.0,9,18,9,18,0,385,214,95,89,18666,6453,1665,10779,FLA,,
2025-2026,20251116,19,CBJ,14572,Kirill Marchenko,ROSTER,25.0,"6'3""",187.0,Russia,Barnaul,True,RW,18,8,12,20,3.33,0.67,0.44,1.11,20.5,10.6,2,1,5,6,1,0,1,2,0,0,3,0,3,100.0,8,125,60,13.3,12,32,33,17,19,22,5,0,0,0,0.0,3,6,4,8,0,385,196,78,117,20284,4329,1463,14654,CBJ,Metropolitan,Eastern
2025-2026,20251116,18,NSH,5473,Jonathan Marchessault,ROSTER,34.0,"5'9""",180.0,Canada,"Cap-Rouge, QC",False,RW,16,4,2,6,2.5,0.12,0.25,0.38,15.6,10.6,1,2,0,2,0,0,0,1,0,0,1,0,0,0.0,-8,83,40,10.0,2,25,18,29,10,24,3,6,4,2,66.7,3,6,7,14,0,329,161,118,54,17248,3928,3147,10173,NSH,Central,Western
2025-2026,20251116,143,SEA,17165,Mason Marchment,ROSTER,30.0,"6'4""",201.0,Canada,"Uxbridge, ON",False,LW,17,1,7,8,1.47,0.41,0.06,0.47,17.6,7.1,0,0,2,2,0,0,0,1,0,0,1,0,0,0.0,0,52,25,4.0,7,12,15,22,20,28,6,23,6,17,26.1,2,4,3,6,0,352,173,112,63,16667,2879,934,12569,SEA,Pacific,Western
2025-2026,20251116,30,UTA,17187,John Marino,ROSTER,28.0,"6'1""",181.0,USA,"Brockton, MA",True,D,18,1,8,9,1.11,0.44,0.06,0.5,20.2,7.1,0,0,0,0,0,0,0,0,0,0,0,0,0,0.0,5,50,20,5.0,17,22,8,5,37,28,4,0,0,0,0.0,2,4,4,8,0,492,278,62,153,22135,3369,874,17892,UTA,Central,Western
2025-2026,20251116,142,VGK,5599,Mitchell Marner,ROSTER,28.0,"6'0""",175.0,Canada,"Markham, ON",False,RW,17,4,15,19,1.76,0.88,0.24,1.12,12.7,7.1,1,1,2,3,0,0,0,0,0,0,1,0,0,0.0,9,72,30,13.3,9,24,18,7,14,25,9,16,8,8,50.0,2,4,0,0,0,384,189,133,66,21479,5019,2389,13973,VGK,Pacific,Western
2025-2026,20251116,18,NSH,168604,Brady Martin,ROSTER,18.0,"6'0""",174.0,Canada,"Elora, ON",True,C,3,0,1,1,0.67,0.33,0.0,0.33,2.1,0.0,0,0,0,0,0,0,0,0,0,0,0,0,0,0.0,0,3,2,0.0,2,0,1,0,2,4,0,16,5,11,31.2,0,0,0,0,0,39,32,6,1,2055,275,54,1728,NSH,Central,Western
2025-2026,20251116,3,CAR,5495,Jordan Martinook,ROSTER,33.0,"6'0""",196.0,Canada,"Brandon, MB",False,LW,18,2,5,7,1.39,0.28,0.11,0.39,31.6,3.5,0,0,0,0,0,0,0,1,0,0,0,0,0,0.0,3,52,25,8.0,15,12,15,34,19,15,5,14,8,6,57.1,1,2,3,6,0,405,139,179,89,16465,3185,2012,11268,CAR,Metropolitan,Eastern
2025-2026,20251116,1,TBL,120138,Emil Martinsen Lilleberg,ROSTER,24.0,"6'2""",192.0,Norway,Sarpsborg,True,D,17,2,1,3,0.71,0.06,0.12,0.18,24.0,72.1,0,0,0,0,0,0,0,0,0,0,0,0,0,0.0,1,26,12,16.7,14,4,10,20,37,11,2,0,0,0,0.0,13,35,6,25,3,344,269,30,48,15103,2069,328,12710,TBL,Atlantic,Eastern
2025-2026,20251116,19,CBJ,53022,Denton Mateychuk,ROSTER,21.0,"5'11""",194.0,Canada,"Winnipeg, MB",True,D,17,4,3,7,1.0,0.18,0.24,0.41,39.1,3.5,1,0,0,0,0,0,0,0,0,0,0,0,0,0.0,2,36,17,23.5,31,11,8,14,41,15,5,0,0,0,0.0,1,2,3,6,0,376,294,32,51,19693,2748,253,16574,CBJ,Metropolitan,Eastern
2025-2026,20251116,14,MTL,5921,Mike Matheson,ROSTER,31.0,"6'2""",193.0,Canada,"Montreal, QC",False,D,18,3,6,9,1.11,0.33,0.17,0.5,51.2,17.7,1,0,0,0,0,0,0,1,0,1,0,0,0,0.0,9,60,20,15.0,42,23,17,15,22,14,5,0,0,0,0.0,5,10,3,6,0,462,251,88,126,26680,6042,1035,19603,MTL,Atlantic,Eastern
2025-2026,20251116,13,OTT,111262,Nikolas Matinpalo,ROSTER,27.0,"6'3""",207.0,Finland,Espoo,True,D,11,0,1,1,0.64,0.09,0.0,0.09,20.3,7.1,0,0,0,0,0,0,0,0,0,0,0,0,0,0.0,1,31,7,0.0,14,17,7,12,34,5,3,0,0,0,0.0,2,4,0,0,0,256,233,6,17,9800,1804,56,7940,OTT,Atlantic,Eastern
2025-2026,20251116,12,TOR,9627,Auston Matthews,ROSTER,28.0,"6'3""",220.0,USA,"San Ramon, CA",False,C,17,9,5,14,3.82,0.29,0.53,0.82,38.7,10.6,3,1,1,2,0,0,0,2,0,1,0,0,0,0.0,9,120,65,13.8,31,27,28,13,8,22,7,307,181,126,59.0,3,6,1,2,0,413,201,146,75,21682,4999,2907,13776,TOR,Atlantic,Eastern
2025-2026,20251116,8,NYI,5364,Scott Mayfield,INJURY_LIST,33.0,"6'5""",223.0,USA,"St. Louis, MO",False,D,16,0,3,3,0.94,0.19,0.0,0.19,30.4,51.2,0,0,0,0,0,0,0,0,0,0,0,0,0,0.0,1,39,15,0.0,24,15,9,11,17,18,4,0,0,0,0.0,10,31,5,13,1,393,224,66,103,18041,3387,1398,13256,NYI,Metropolitan,Eastern
2025-2026,20251116,19,CBJ,17949,Dysin Mayo,ROSTER,29.0,"6'0""",185.0,Canada,"Victoria, BC",False,D,1,0,0,0,3.0,0.0,0.0,0.0,0.0,0.0,0,0,0,0,0,0,0,0,0,0,0,0,0,0.0,-1,5,3,0.0,0,2,0,0,2,0,0,0,0,0,0.0,0,0,0,0,0,13,7,3,3,453,165,0,288,CBJ,Metropolitan,Eastern
2025-2026,20251116,11,BOS,9640,Charlie McAvoy,ROSTER,27.0,"6'0""",208.0,USA,"Long Beach, NY",False,D,19,0,14,14,1.32,0.74,0.0,0.74,45.8,46.1,0,0,5,5,0,0,0,0,0,0,0,0,0,0.0,-2,78,25,0.0,32,25,28,26,34,21,9,0,0,0,0.0,13,26,6,12,0,525,267,128,130,27101,5084,1975,20042,BOS,Atlantic,Eastern
2025-2026,20251116,30,UTA,38370,Jack McBain,ROSTER,25.0,"6'4""",218.0,Canada,"Toronto, ON",True,C,18,1,2,3,1.56,0.11,0.06,0.17,33.0,44.1,0,0,0,0,0,0,0,0,0,0,0,0,0,0.0,1,46,28,3.6,11,8,10,46,29,11,3,169,87,82,51.5,10,23,5,13,1,355,214,95,47,14725,2394,2059,10272,UTA,Central,Western
2025-2026,20251116,12,TOR,5362,Jake McCabe,ROSTER,32.0,"6'1""",204.0,USA,"Eau Claire, WI",False,D,19,2,7,9,0.74,0.37,0.11,0.47,59.6,29.9,0,0,0,0,0,0,0,0,0,0,0,0,0,0.0,5,41,14,14.3,46,18,9,24,26,26,6,0,0,0,0.0,6,15,3,9,1,567,320,120,129,24548,3458,1782,19308,TOR,Atlantic,Eastern
2025-2026,20251116,143,SEA,5824,Jared McCann,ROSTER,29.0,"6'1""",185.0,Canada,"Stratford, ON",False,LW,5,3,1,4,2.8,0.2,0.6,0.8,7.5,0.0,1,0,0,0,0,0,0,1,0,1,1,0,0,0.0,0,29,14,21.4,4,7,8,7,3,1,0,3,2,1,66.7,0,0,2,4,0,124,57,41,29,5187,1528,568,3091,SEA,Pacific,Western
2025-2026,20251116,18,NSH,5893,Michael McCarron,ROSTER,30.0,"6'5""",237.0,USA,"Grosse Pointe, MI",False,C,19,1,3,4,0.95,0.16,0.05,0.21,39.0,35.0,0,0,0,0,0,0,0,0,0,0,0,0,0,0.0,-4,37,18,5.6,15,8,11,50,27,12,5,257,136,121,52.9,5,16,8,22,2,384,176,91,118,16543,2551,1156,12836,NSH,Central,Western
2025-2026,20251116,24,EDM,5576,Connor McDavid,ROSTER,28.0,"6'1""",193.0,Canada,"Richmond Hill, ON",False,C,20,9,21,30,3.15,1.05,0.45,1.5,9.1,14.2,3,3,9,12,0,0,0,0,0,0,1,0,0,0.0,-1,112,63,14.3,6,15,34,6,29,31,7,215,100,115,46.5,4,8,12,24,0,455,228,165,57,28067,7276,3886,16204,EDM,Pacific,Western
2025-2026,20251116,1,TBL,4852,Ryan McDonagh,ROSTER,36.0,"6'1""",214.0,USA,"St. Paul, MN",False,D,15,3,3,6,1.0,0.2,0.2,0.4,31.1,0.0,1,0,0,0,0,0,0,0,0,0,0,0,0,0.0,1,41,15,20.0,26,13,13,8,11,18,6,0,0,0,0.0,0,0,1,2,0,388,212,56,123,18145,4714,623,12772,TBL,Atlantic,Eastern
2025-2026,20251116,5,WSH,5308,Dylan McIlrath,ROSTER,33.0,"6'5""",231.0,Canada,"Winnipeg, MB",False,D,1,0,0,0,0.0,0.0,0.0,0.0,1.4,0.0,0,0,0,0,0,0,0,0,0,0,0,0,0,0.0,0,3,0,0.0,0,2,1,3,0,1,0,0,0,0,0.0,0,0,0,0,0,19,6,3,10,845,71,0,774,WSH,Metropolitan,Eastern
2025-2026,20251116,15,BUF,14563,Ryan McLeod,ROSTER,26.0,"6'3""",201.0,Canada,"Mississauga, ON",False,C,18,4,5,9,1.22,0.28,0.22,0.5,8.8,0.0,1,0,1,1,2,0,2,0,0,0,0,0,0,0.0,-4,39,22,18.2,7,8,9,3,19,18,4,295,120,175,40.7,0,0,2,4,0,469,232,55,186,19358,2010,402,16946,BUF,Atlantic,Eastern
2025-2026,20251116,12,TOR,39073,Bobby McMann,ROSTER,29.0,"6'1""",205.0,Canada,"Wainwright, AB",True,C,19,5,3,8,1.63,0.16,0.26,0.42,33.3,29.9,1,1,0,1,0,0,0,1,0,0,0,0,0,0.0,-1,60,31,16.1,10,13,16,49,12,6,2,3,2,1,66.7,6,15,4,11,1,362,254,97,16,16639,4074,1682,10883,TOR,Atlantic,Eastern
2025-2026,20251116,5,WSH,17166,Connor McMichael,ROSTER,24.0,"5'11""",182.0,Canada,"Ajax, ON",True,C,18,2,4,6,1.94,0.22,0.11,0.33,10.6,14.2,0,1,0,1,0,0,0,0,0,0,2,1,0,0.0,-1,63,35,5.7,7,15,13,7,15,14,8,212,84,128,39.6,4,8,2,4,0,403,241,85,76,17093,2446,872,13623,WSH,Metropolitan,Eastern
2025-2026,20251116,142,VGK,5041,Brayden McNabb,ROSTER,34.0,"6'4""",213.0,Canada,"Davidson, SK",False,D,17,0,1,1,0.71,0.06,0.0,0.06,70.7,10.6,0,0,0,0,0,0,0,0,0,0,0,0,0,0.0,5,50,12,0.0,57,21,17,23,26,8,3,0,0,0,0.0,3,6,4,8,0,458,250,60,148,21670,5838,989,14843,VGK,Pacific,Western
2025-2026,20251116,29,ANA,32259,Mason McTavish,ROSTER,22.0,"6'0""",208.0,Switzerland,Zurich,True,C,18,3,8,11,1.61,0.44,0.17,0.61,19.2,47.8,1,0,1,1,0,0,0,1,0,0,1,0,1,100.0,0,81,29,10.3,9,19,33,21,13,12,5,243,114,129,46.9,13,28,6,12,0,395,194,35,172,18314,1520,90,16638,ANA,Pacific,Western
2025-2026,20251116,7,NJD,5604,Timo Meier,ROSTER,29.0,"6'0""",210.0,Switzerland,St. Gallen,False,RW,18,5,9,14,3.33,0.5,0.28,0.78,23.9,17.7,1,2,3,5,0,0,0,1,0,0,0,0,0,0.0,2,124,60,8.3,9,31,33,31,21,20,7,23,12,11,52.2,5,10,3,6,0,399,210,82,110,19863,3794,1246,14713,NJD,Metropolitan,Eastern
2025-2026,20251116,7,NJD,28533,Dawson Mercer,ROSTER,24.0,"6'0""",180.0,Canada,"Carbonear, NL and Labrador",True,C,18,9,7,16,1.94,0.39,0.5,0.89,25.0,14.2,3,3,1,4,1,0,1,1,0,0,0,0,0,0.0,8,69,35,25.7,18,18,16,13,24,16,4,64,29,35,45.3,4,8,7,14,0,411,255,95,69,20452,3655,1423,15285,NJD,Metropolitan,Eastern
2025-2026,20251116,12,TOR,13894,Dakota Mermis,ROSTER,31.0,"6'0""",195.0,USA,"Alton, IL",False,D,4,0,0,0,0.5,0.0,0.0,0.0,1.4,0.0,0,0,0,0,0,0,0,0,0,0,0,0,0,0.0,-3,7,2,0.0,0,3,2,3,5,2,0,0,0,0,0.0,0,0,0,0,0,77,49,15,13,3002,545,145,2312,TOR,Atlantic,Eastern
2025-2026,20251116,15,BUF,120242,Zach Metsa,ASSIGNED_TO_MINORS,27.0,"5'9""",181.0,USA,"Delafield, WI",True,D,4,0,0,0,0.25,0.0,0.0,0.0,2.6,3.5,0,0,0,0,0,0,0,0,0,0,0,0,0,0.0,3,4,1,0.0,2,2,1,1,6,1,0,0,0,0,0.0,1,2,1,2,0,49,47,2,0,2117,376,0,1741,BUF,Atlantic,Eastern
2025-2026,20251116,143,SEA,39057,Ben Meyers,ROSTER,27.0,"5'11""",195.0,USA,"Delano, MN",True,C,9,0,3,3,0.89,0.33,0.0,0.33,7.6,3.5,0,0,0,0,0,0,0,0,0,0,0,0,0,0.0,-1,14,8,0.0,1,1,5,14,8,1,1,51,21,30,41.2,1,2,0,0,0,137,115,14,7,5214,926,84,4150,SEA,Pacific,Western
2025-2026,20251116,6,PHI,134153,Matvei Michkov,ROSTER,20.0,"5'10""",172.0,Russia,Perm,True,RW,18,4,5,9,1.94,0.28,0.22,0.5,10.8,21.3,1,1,0,1,0,0,0,0,0,0,4,0,2,50.0,-4,63,35,11.4,5,23,5,12,18,30,8,0,0,0,0.0,6,12,3,6,0,355,310,45,7,16017,3507,254,12447,PHI,Metropolitan,Eastern
2025-2026,20251116,25,MIN,15459,Jacob Middleton,ROSTER,29.0,"6'3""",210.0,Canada,"Stratford, ON",False,D,17,0,2,2,0.82,0.12,0.0,0.12,42.6,51.0,0,0,0,0,0,0,0,0,0,0,0,0,0,0.0,-1,35,14,0.0,29,12,9,26,10,8,2,0,0,0,0.0,9,26,4,14,2,373,204,88,82,18385,2838,2030,13519,MIN,Central,Western
2025-2026,20251116,20,CHI,17145,Ilya Mikheyev,ROSTER,31.0,"6'3""",195.0,Russia,Omsk,True,RW,16,4,3,7,1.69,0.19,0.25,0.44,12.5,0.0,1,0,0,0,0,0,0,1,0,0,0,0,0,0.0,5,45,27,14.8,7,7,11,11,9,8,4,5,0,5,0.0,0,0,2,4,0,364,186,45,133,17469,1374,362,15467,CHI,Central,Western
2025-2026,20251116,4,FLO,5722,Niko Mikkola,ROSTER,29.0,"6'4""",185.0,Finland,Kiiminki,False,D,18,0,3,3,1.11,0.17,0.0,0.17,34.1,28.3,0,0,0,0,0,0,0,0,0,0,0,0,0,0.0,1,52,20,0.0,24,18,14,19,29,23,3,0,0,0,0.0,8,16,5,10,0,471,259,138,74,20690,2880,2181,15629,FLA,,
2025-2026,20251116,5,WSH,5436,Sonny Milano,ROSTER,29.0,"6'0""",194.0,USA,"Massapequa, NY",False,LW,8,1,0,1,1.75,0.0,0.12,0.12,3.5,3.5,0,0,0,0,0,0,0,0,0,0,0,0,0,0.0,-1,15,14,7.1,2,0,1,3,7,4,0,5,3,2,60.0,1,2,1,2,0,112,49,36,28,5258,1308,454,3496,WSH,Metropolitan,Eastern
2025-2026,20251116,2,WPJ,5563,Colin Miller,ROSTER,33.0,"6'1""",193.0,Canada,"Sault Ste. Marie, ON",False,D,5,0,0,0,0.8,0.0,0.0,0.0,7.8,3.5,0,0,0,0,0,0,0,0,0,0,0,0,0,0.0,-1,11,4,0.0,3,6,1,10,2,4,0,0,0,0,0.0,1,2,1,2,0,76,44,21,11,3563,336,433,2794,WPG,,
2025-2026,20251116,9,NYR,5161,J.T. Miller,ROSTER,32.0,"6'1""",218.0,USA,"East Palestine, OH",False,C,19,4,5,9,2.47,0.26,0.21,0.47,30.6,10.6,1,0,2,2,0,0,0,1,0,1,1,0,1,100.0,-2,91,47,8.5,7,15,29,50,12,18,4,316,184,132,58.2,3,6,2,4,0,498,223,111,152,23675,5780,1594,15529,NYR,Metropolitan,Eastern
2025-2026,20251116,3,CAR,14545,K'Andre Miller,ROSTER,25.0,"6'5""",210.0,USA,"St. Paul, MN",True,D,12,2,6,8,2.42,0.5,0.17,0.67,23.1,24.8,0,1,2,3,0,0,0,0,0,0,0,0,0,0.0,-2,64,29,6.9,14,21,14,18,16,18,9,1,0,1,0.0,7,14,2,4,0,345,196,77,74,16502,2925,781,12796,CAR,Metropolitan,Eastern
2025-2026,20251116,11,BOS,52843,Fraser Minten,ROSTER,21.0,"6'1""",185.0,Canada,"Vancouver, BC",True,C,20,3,3,6,1.25,0.15,0.15,0.3,32.8,17.7,1,0,0,0,0,0,0,1,0,1,0,0,0,0.0,2,52,25,12.0,17,13,14,32,23,8,8,183,95,88,51.9,5,10,3,6,0,380,283,47,53,16554,2914,321,13319,BOS,Atlantic,Eastern
2025-2026,20251116,29,ANA,43373,Pavel Mintyukov,ROSTER,21.0,"6'2""",194.0,Russia,Moskva,True,D,18,0,3,3,0.56,0.17,0.0,0.17,22.5,3.5,0,0,0,0,0,0,0,0,0,0,0,0,0,0.0,1,30,10,0.0,17,12,8,10,21,18,3,0,0,0,0.0,1,2,5,10,0,381,261,44,76,16559,2123,67,14369,ANA,Pacific,Western
2025-2026,20251116,23,CGY,29983,Daniil Miromanov,ASSIGNED_TO_MINORS,28.0,"6'4""",202.0,Russia,Moscow,True,D,1,0,0,0,0.0,0.0,0.0,0.0,2.1,0.0,0,0,0,0,0,0,0,0,0,0,0,0,0,0.0,0,2,0,0.0,2,1,1,0,0,1,0,0,0,0,0.0,0,0,0,0,0,30,23,0,7,1069,0,0,1069,CGY,Pacific,Western
2025-2026,20251116,26,SJS,176687,Michael Misa,ROSTER,18.0,"6'1""",185.0,Canada,"Oakville, ON",True,C,7,1,2,3,1.86,0.29,0.14,0.43,6.2,3.5,0,0,0,0,0,0,0,0,0,0,0,0,0,0.0,-1,22,13,7.7,5,5,4,2,9,5,0,38,20,18,52.6,1,2,1,2,0,106,94,13,0,4930,813,180,3937,SJS,Pacific,Western
2025-2026,20251116,11,BOS,13623,Casey Mittelstadt,ROSTER,26.0,"6'1""",199.0,USA,"Eden Prairie, MN",False,C,15,4,5,9,0.93,0.33,0.27,0.6,9.8,0.0,1,0,0,0,0,0,0,0,0,0,1,0,0,0.0,0,27,14,28.6,8,5,8,3,13,14,2,83,49,34,59.0,0,0,2,4,0,274,151,107,20,13084,2188,1546,9350,BOS,Atlantic,Eastern
2025-2026,20251116,19,CBJ,5242,Sean Monahan,ROSTER,31.0,"6'2""",200.0,Canada,"Brampton, ON",False,C,18,2,7,9,1.78,0.39,0.11,0.5,6.8,7.1,0,1,3,4,0,0,0,1,0,0,1,0,0,0.0,5,56,32,6.2,2,7,17,10,12,15,4,347,189,158,54.5,2,4,4,8,0,405,191,103,111,19850,5025,1297,13461,CBJ,Metropolitan,Eastern
2025-2026,20251116,143,SEA,11648,Brandon Montour,ROSTER,31.0,"6'0""",189.0,Canada,"Ohsweken, ON",False,D,14,3,6,9,2.5,0.43,0.21,0.64,31.8,12.2,1,1,1,2,0,0,0,0,0,0,0,0,0,0.0,5,81,35,8.6,24,24,22,14,19,21,7,0,0,0,0.0,1,5,2,7,1,349,168,73,99,18571,3380,1159,13522,SEA,Pacific,Western
2025-2026,20251116,29,ANA,56251,Ian Moore,ROSTER,23.0,"6'2""",171.0,USA,"Concord, MA",False,D,12,1,1,2,1.0,0.08,0.08,0.17,21.3,21.3,0,0,0,0,0,0,0,0,0,0,0,0,0,0.0,2,35,12,8.3,18,9,14,5,27,10,3,0,0,0,0.0,6,12,1,2,0,233,137,15,82,9874,644,186,9044,ANA,Pacific,Western
2025-2026,20251116,20,CHI,166412,Oliver Moore,ROSTER,20.0,"5'11""",176.0,USA,"Mounds View, MN",True,C,6,1,2,3,2.0,0.33,0.17,0.5,2.6,0.0,0,0,0,0,0,0,0,0,0,0,0,0,0,0.0,0,20,12,8.3,2,0,8,1,8,5,4,6,2,4,33.3,0,0,0,0,0,119,98,15,7,5091,1108,114,3869,CHI,Central,Western
2025-2026,20251116,28,LAK,11811,Trevor Moore,ROSTER,30.0,"5'10""",185.0,USA,"Thousand Oaks, CA",False,LW,18,3,2,5,2.06,0.11,0.17,0.28,18.5,10.6,1,0,0,0,1,0,1,0,0,0,3,0,2,66.67,1,63,37,8.1,14,11,15,8,29,20,6,8,2,6,25.0,3,6,1,2,0,362,183,111,73,17311,2643,1480,13366,LAK,Pacific,Western
2025-2026,20251116,2,WPJ,5930,Josh Morrissey,ROSTER,30.0,"6'0""",195.0,Canada,"Calgary, AB",False,D,18,3,16,19,1.78,0.89,0.17,1.06,43.0,10.6,1,1,5,6,0,0,0,0,0,0,0,0,0,0.0,7,68,32,9.4,36,21,15,11,20,21,7,0,0,0,0.0,3,6,2,4,0,518,257,182,82,26451,5110,3376,17965,WPG,,
2025-2026,20251116,1,TBL,34441,Janis Moser,ROSTER,25.0,"6'0""",172.0,Switzerland,Biel,True,D,15,1,3,4,1.47,0.2,0.07,0.27,20.8,7.1,0,0,0,0,0,1,1,0,0,0,0,0,0,0.0,3,51,22,4.5,14,22,7,13,32,18,4,0,0,0,0.0,2,4,7,14,0,390,289,38,64,18695,3549,1071,14108,TBL,Atlantic,Eastern
2025-2026,20251116,28,LAK,28507,Jacob Moverare,ROSTER,27.0,"6'2""",198.0,Sweden,stersund,False,D,1,0,0,0,0.0,0.0,0.0,0.0,0.0,0.0,0,0,0,0,0,0,0,0,0,0,0,0,0,0.0,0,0,0,0.0,0,0,0,0,0,0,1,0,0,0,0.0,0,0,0,0,0,2,0,2,0,193,0,0,193,LAK,Pacific,Western
2025-2026,20251116,26,SJS,36849,Shakir Mukhamadullin,ROSTER,23.0,"6'4""",178.0,Russia,Ufa,True,D,8,0,4,4,0.75,0.5,0.0,0.5,9.8,10.6,0,0,0,0,0,0,0,0,0,0,0,0,0,0.0,5,18,6,0.0,8,7,5,3,17,7,1,0,0,0,0.0,3,6,0,0,0,167,114,21,32,7986,576,236,7174,SJS,Pacific,Western
2025-2026,20251116,20,CHI,5293,Connor Murphy,ROSTER,32.0,"6'4""",212.0,USA,"Dublin, OH",False,D,18,0,3,3,1.0,0.17,0.0,0.17,27.4,21.3,0,0,0,0,0,0,0,0,0,0,0,0,0,0.0,-1,32,18,0.0,19,8,6,16,32,16,3,0,0,0,0.0,6,12,4,8,0,349,172,51,125,16166,3337,381,12400,CHI,Central,Western
2025-2026,20251116,12,TOR,15478,Philippe Myers,ROSTER,28.0,"6'5""",210.0,Canada,"Moncton, NB",False,D,10,0,0,0,1.3,0.0,0.0,0.0,17.3,10.6,0,0,0,0,0,0,0,0,0,0,0,0,0,0.0,-7,29,13,0.0,12,3,13,10,12,6,0,0,0,0,0.0,3,6,0,0,0,204,127,36,41,8539,1390,1446,5703,TOR,Atlantic,Eastern
2025-2026,20251116,21,VAN,4659,Tyler Myers,ROSTER,35.0,"6'8""",229.0,USA,"Katy, TX",False,D,19,1,3,4,1.37,0.16,0.05,0.21,52.9,21.3,0,0,0,0,0,0,0,0,0,0,0,0,0,0.0,-3,60,26,3.8,41,19,15,21,23,24,4,0,0,0,0.0,6,12,3,6,0,483,260,75,149,23875,5116,978,17781,VAN,Pacific,Western
2025-2026,20251116,3,CAR,133816,Bradly Nadeau,ASSIGNED_TO_MINORS,20.0,"5'10""",161.0,Canada,"St-Francois de Madaw, NB",True,LW,6,1,0,1,0.67,0.0,0.17,0.17,6.1,0.0,0,0,0,0,0,0,0,0,0,0,0,0,0,0.0,1,15,4,25.0,4,4,7,4,8,5,0,1,0,1,0.0,0,0,0,0,0,87,66,14,8,4141,668,70,3403,CAR,Metropolitan,Eastern
2025-2026,20251116,2,WPJ,5136,Vladislav Namestnikov,ROSTER,32.0,"6'0""",183.0,Russia,Zhukovskiy,False,C,18,6,1,7,1.5,0.06,0.33,0.39,22.5,8.9,2,2,0,2,0,0,0,1,0,0,0,0,0,0.0,1,46,27,22.2,13,7,12,19,15,15,3,87,33,54,37.9,2,6,4,8,0,374,150,152,78,16591,3310,2549,10732,WPG,,
2025-2026,20251116,20,CHI,56367,Frank Nazar,ROSTER,21.0,"5'10""",180.0,USA,"Mt. Clemens, MI",False,C,16,5,7,12,2.06,0.44,0.31,0.75,24.1,10.6,1,1,2,3,0,0,0,1,0,0,1,0,0,0.0,3,63,33,15.2,18,13,17,11,33,20,8,225,103,122,45.8,3,6,9,18,0,371,228,26,118,18019,2305,95,15347,CHI,Central,Western
2025-2026,20251116,22,COL,13627,Martin Necas,ROSTER,26.0,"6'2""",189.0,Czech Republic,Nove Mesto na Morave,False,C,18,12,12,24,2.17,0.67,0.67,1.33,16.1,21.3,4,3,4,7,0,0,0,0,0,0,1,0,0,0.0,15,87,39,30.8,6,25,23,21,28,39,4,10,7,3,70.0,6,12,7,14,0,414,252,127,45,22770,5485,3223,14062,COL,Central,Western
2025-2026,20251116,17,STL,29768,Jake Neighbours,ROSTER,23.0,"6'0""",195.0,Canada,"Airdrie, AB",True,LW,8,6,1,7,1.5,0.12,0.75,0.88,14.6,7.1,2,0,0,0,0,0,0,1,0,0,0,0,0,0.0,-4,23,12,50.0,5,5,6,20,8,4,0,1,1,0,100.0,2,4,0,0,0,157,115,43,5,7016,2190,569,4257,STL,Central,Western
2025-2026,20251116,22,COL,5226,Brock Nelson,ROSTER,34.0,"6'3""",212.0,USA,"Warroad, MN",False,C,18,4,3,7,1.56,0.17,0.22,0.39,19.4,17.7,1,0,1,1,0,0,0,1,0,0,0,0,0,0.0,9,53,28,14.3,14,10,15,10,25,15,5,329,167,162,50.8,5,10,5,10,0,432,196,141,99,20022,6147,2324,11551,COL,Central,Western
2025-2026,20251116,7,NJD,43355,Simon Nemec,ROSTER,21.0,"6'0""",190.0,Slovakia,Liptovsky Mikulas,True,D,18,4,8,12,1.33,0.44,0.22,0.67,34.0,10.6,1,0,0,0,0,0,0,1,0,1,1,0,1,100.0,5,64,24,16.7,31,34,6,3,22,16,4,0,0,0,0.0,3,6,2,4,0,392,323,47,25,20218,3803,532,16068,NJD,Metropolitan,Eastern
2025-2026,20251116,29,ANA,56465,Nikita Nesterenko,ROSTER,24.0,"6'0""",157.0,USA,"Brooklyn, NY",False,C,16,1,6,7,0.94,0.38,0.06,0.44,20.1,8.9,0,0,0,0,0,0,0,1,0,0,0,0,0,0.0,4,32,15,6.7,5,10,7,32,8,7,1,24,8,16,33.3,2,6,3,6,0,300,170,54,78,12448,1998,360,10093,ANA,Pacific,Western
2025-2026,20251116,14,MTL,30019,Alex Newhook,ROSTER,24.0,"5'10""",192.0,Canada,"St. Johns, NL and Labrador",True,C,17,6,6,12,1.41,0.35,0.35,0.71,17.4,14.2,2,1,0,1,0,0,0,2,0,1,0,0,0,0.0,7,41,24,25.0,5,9,8,26,13,4,1,89,37,52,41.6,4,8,6,12,0,316,155,46,121,14934,1354,440,13140,MTL,Atlantic,Eastern
2025-2026,20251116,22,COL,5247,Valeri Nichushkin,ROSTER,30.0,"6'4""",210.0,Russia,Chelyabinsk,False,RW,17,5,7,12,2.41,0.41,0.29,0.71,11.7,7.1,1,1,2,3,0,0,0,0,0,0,2,0,1,50.0,2,81,41,12.2,4,21,19,16,12,12,8,1,1,0,100.0,2,4,4,8,0,401,173,159,75,18344,4324,4002,10169,COL,Central,Western
2025-2026,20251116,2,WPJ,4868,Nino Niederreiter,ROSTER,33.0,"6'2""",218.0,Switzerland,Chur,False,RW,18,4,7,11,1.5,0.39,0.22,0.61,19.2,14.2,1,1,3,4,0,0,0,1,0,0,0,0,0,0.0,6,50,27,14.8,5,14,9,30,10,15,4,3,3,0,100.0,4,8,1,2,0,337,168,119,54,15516,4427,1766,9323,WPG,,
2025-2026,20251116,22,COL,53057,Tristen Nielsen,ASSIGNED_TO_MINORS,25.0,"5'10""",192.0,Canada,"Fort St. John, BC",True,C,1,0,0,0,0.0,0.0,0.0,0.0,1.9,0.0,0,0,0,0,0,0,0,0,0,0,0,0,0,0.0,0,0,0,0.0,0,0,0,4,0,0,0,0,0,0,0.0,0,0,0,0,0,8,4,3,1,325,0,0,325,COL,Central,Western
2025-2026,20251116,3,CAR,56336,Alexander Nikishin,ROSTER,24.0,"6'3""",196.0,Russia,Orel,False,D,18,2,6,8,1.94,0.33,0.11,0.44,48.8,14.2,0,0,0,0,0,0,0,0,0,0,0,0,0,0.0,15,83,35,5.7,26,31,17,46,30,21,5,0,0,0,0.0,4,8,2,4,0,456,312,65,81,21736,3496,1119,17121,CAR,Metropolitan,Eastern
2025-2026,20251116,7,NJD,5544,Stefan Noesen,ROSTER,32.0,"6'1""",205.0,USA,"Plano, TX",False,RW,12,1,1,2,1.08,0.08,0.08,0.17,11.8,7.1,0,0,0,0,0,0,0,0,0,0,0,0,0,0.0,-4,29,13,7.7,5,7,9,14,6,9,1,11,6,5,54.5,2,4,2,4,0,213,100,64,48,8317,1660,365,6504,NJD,Metropolitan,Eastern
2025-2026,20251116,15,BUF,13634,Josh Norris,INJURY_LIST,26.0,"6'1""",199.0,USA,"Oxford, MI",False,C,1,0,0,0,4.0,0.0,0.0,0.0,0.5,0.0,0,0,0,0,0,0,0,0,0,0,0,0,0,0.0,0,4,4,0.0,0,0,0,1,3,1,0,12,4,8,33.3,0,0,0,0,0,24,14,1,9,1131,161,0,970,BUF,Atlantic,Eastern
2025-2026,20251116,10,PIT,5680,Thomas Novak,ROSTER,28.0,"6'1""",179.0,USA,"St. Paul, MN",False,C,18,2,5,7,1.28,0.28,0.11,0.39,10.3,7.1,0,1,1,2,0,0,0,1,0,0,0,0,0,0.0,0,47,23,8.7,8,10,15,4,26,11,4,43,18,25,41.9,2,4,2,4,0,304,172,72,56,13564,2509,1083,9644,PIT,Metropolitan,Eastern
2025-2026,20251116,24,EDM,4993,Ryan Nugent-Hopkins,INJURY_LIST,32.0,"6'0""",184.0,Canada,"Burnaby, BC",False,C,16,5,11,16,1.44,0.69,0.31,1.0,7.5,7.1,1,2,7,9,0,0,0,0,0,0,2,0,0,0.0,-11,51,23,21.7,4,16,12,7,7,9,3,92,38,54,41.3,2,4,1,2,0,346,160,90,93,18057,5103,1596,10927,EDM,Pacific,Western
2025-2026,20251116,24,EDM,5464,Darnell Nurse,ROSTER,30.0,"6'4""",221.0,Canada,"Hamilton, ON",False,D,20,3,4,7,2.1,0.2,0.15,0.35,73.2,21.3,1,0,0,0,0,0,0,0,0,0,0,0,0,0.0,-6,99,42,7.1,55,36,21,33,22,20,4,0,0,0,0.0,6,12,2,4,0,489,286,65,133,25100,3778,1323,19563,EDM,Pacific,Western
2025-2026,20251116,12,TOR,5418,William Nylander,ROSTER,29.0,"6'0""",196.0,Canada,"Calgary, AB",False,RW,16,8,18,26,2.06,1.12,0.5,1.62,8.3,17.7,2,1,3,4,0,0,0,0,0,0,0,0,0,0.0,6,72,33,24.2,7,18,21,2,3,18,7,29,11,18,37.9,5,10,1,2,0,382,183,145,63,19332,5110,2335,11848,TOR,Atlantic,Eastern
2025-2026,20251116,143,SEA,56632,Jani Nyman,ROSTER,21.0,"6'4""",217.0,Finland,Valkeakoski,False,RW,13,3,0,3,1.08,0.0,0.23,0.23,8.6,7.1,1,1,0,1,0,0,0,0,0,0,0,0,0,0.0,2,34,14,21.4,2,8,12,14,13,5,1,3,2,1,66.7,2,4,4,8,0,179,147,16,19,8015,1274,249,6492,SEA,Pacific,Western
2025-2026,20251116,2,WPJ,5026,Gustav Nyquist,ROSTER,36.0,"5'11""",179.0,Sweden,Halmstad,False,RW,13,0,5,5,1.15,0.38,0.0,0.38,9.6,3.5,0,0,2,2,0,0,0,0,0,0,0,0,0,0.0,2,29,15,0.0,6,8,6,7,10,8,3,10,5,5,50.0,1,2,3,6,0,220,137,57,26,9350,2700,1046,5604,WPG,,
2025-2026,20251116,3,CAR,56329,Joel Nyström,ROSTER,23.0,"5'11""",170.0,Sweden,Karlstad,True,D,12,0,1,1,1.42,0.08,0.0,0.08,11.5,3.5,0,0,0,0,0,0,0,0,0,0,0,0,0,0.0,0,52,17,0.0,10,26,9,2,20,14,1,0,0,0,0.0,1,2,0,0,0,304,234,33,37,12416,1378,149,10889,CAR,Metropolitan,Eastern
2025-2026,20251116,30,UTA,5452,Liam O'Brien,ROSTER,31.0,"6'1""",215.0,Canada,"Halifax, NS",False,C,6,1,0,1,1.67,0.0,0.17,0.17,8.9,15.8,0,0,0,0,0,0,0,0,0,0,0,0,0,0.0,-4,20,10,10.0,4,4,6,10,7,2,0,0,0,0,0.0,2,7,1,5,1,82,46,15,22,3399,743,417,2239,UTA,Central,Western
2025-2026,20251116,21,VAN,28409,Drew O'Connor,ROSTER,27.0,"6'3""",205.0,USA,"Wayne, New Jersey",True,LW,19,4,4,8,1.26,0.21,0.21,0.42,20.1,14.2,1,0,0,0,1,0,1,0,0,0,0,0,0,0.0,-1,50,24,16.7,12,11,15,16,18,15,2,18,12,6,66.7,4,8,6,12,0,349,214,47,92,16089,2003,783,13303,VAN,Pacific,Western
2025-2026,20251116,25,MIN,43372,Liam Ohgren,ROSTER,21.0,"6'1""",201.0,Sweden,Stockholm,True,LW,6,0,0,0,0.83,0.0,0.0,0.0,5.8,0.0,0,0,0,0,0,0,0,0,0,0,0,0,0,0.0,-4,10,5,0.0,2,5,0,8,6,0,0,0,0,0,0.0,0,0,0,0,0,68,45,1,22,3118,245,0,2873,MIN,Central,Western
2025-2026,20251116,143,SEA,5156,Jamie Oleksiak,ROSTER,32.0,"6'7""",255.0,Canada,"Toronto, ON",False,D,18,2,3,5,0.94,0.17,0.11,0.28,37.9,10.6,0,0,0,0,0,0,0,0,0,0,0,0,0,0.0,4,38,17,11.8,25,13,8,25,23,17,8,0,0,0,0.0,3,6,3,6,0,392,210,69,110,18123,3213,810,13867,SEA,Pacific,Western
2025-2026,20251116,19,CBJ,17349,Mathieu Olivier,ROSTER,28.0,"6'2""",210.0,USA,"Biloxi, Mississippi",False,RW,18,3,5,8,1.39,0.28,0.17,0.44,42.2,79.0,1,0,0,0,0,0,0,1,0,0,0,0,0,0.0,2,50,25,12.0,14,10,15,59,15,5,2,0,0,0,0.0,9,44,10,32,4,318,169,88,62,15428,2829,919,11617,CBJ,Metropolitan,Eastern
2025-2026,20251116,22,COL,15140,Victor Olofsson,ROSTER,30.0,"5'11""",183.0,Sweden,Ornskoldsvik,False,LW,18,5,9,14,2.56,0.5,0.28,0.78,8.6,7.1,1,2,4,6,0,0,0,0,0,0,1,0,0,0.0,-2,77,46,10.9,6,18,13,5,13,13,5,1,0,1,0.0,2,4,2,4,0,326,141,135,55,15259,4337,2102,8820,COL,Central,Western
2025-2026,20251116,18,NSH,4703,Ryan O'Reilly,ROSTER,34.0,"6'1""",216.0,Canada,"Clinton, ON",False,C,19,6,7,13,1.79,0.37,0.32,0.68,19.6,0.0,2,1,1,2,1,0,1,2,0,0,1,0,1,100.0,-2,60,34,17.6,16,9,17,6,18,8,13,339,195,144,57.5,0,0,1,2,0,440,217,125,105,22185,7175,2697,12439,NSH,Central,Western
2025-2026,20251116,26,SJS,5036,Dmitry Orlov,ROSTER,34.0,"5'11""",208.0,Russia,Novokuznetsk,False,D,19,0,11,11,1.32,0.58,0.0,0.58,38.3,24.8,0,0,4,4,0,0,0,0,0,0,0,0,0,0.0,-1,50,25,0.0,24,18,7,28,21,28,5,0,0,0,0.0,7,14,1,2,0,476,253,88,135,25590,6788,1238,17565,SJS,Pacific,Western
2025-2026,20251116,26,SJS,34836,Zack Ostapchuk,ROSTER,22.0,"6'4""",203.0,Canada,"St. Albert, AB",True,C,1,0,0,0,1.0,0.0,0.0,0.0,1.4,0.0,0,0,0,0,0,0,0,0,0,0,0,0,0,0.0,0,1,1,0.0,0,0,0,3,1,0,0,9,5,4,55.6,0,0,0,0,0,15,12,2,1,587,125,48,414,SJS,Pacific,Western
2025-2026,20251116,15,BUF,43366,Noah Ostlund,ROSTER,21.0,"5'10""",164.0,Sweden,Nykvarn,True,C,10,1,2,3,1.2,0.2,0.1,0.3,7.8,3.5,0,0,0,0,0,0,0,0,0,0,0,0,0,0.0,0,18,12,8.3,7,4,2,1,6,4,1,78,18,60,23.1,1,2,0,0,0,182,155,23,5,7903,1322,539,6042,BUF,Atlantic,Eastern
2025-2026,20251116,9,NYR,34526,Brennan Othmann,ASSIGNED_TO_MINORS,22.0,"6'0""",175.0,Canada,"Scarborough, ON",True,LW,1,0,0,0,1.0,0.0,0.0,0.0,0.9,0.0,0,0,0,0,0,0,0,0,0,0,0,0,0,0.0,-1,2,1,0.0,0,1,0,2,1,0,0,0,0,0,0.0,0,0,0,0,0,16,11,0,5,751,0,0,751,NYR,Metropolitan,Eastern
2025-2026,20251116,5,WSH,3495,Alex Ovechkin,ROSTER,40.0,"6'3""",236.0,Russia,Moscow,False,LW,18,5,9,14,2.39,0.5,0.28,0.78,17.9,3.5,1,0,2,2,0,0,0,2,0,0,2,2,0,0.0,4,128,43,11.6,2,49,36,34,6,17,2,1,1,0,100.0,1,2,1,2,0,364,202,95,68,19368,6865,1750,10418,WSH,Metropolitan,Eastern
2025-2026,20251116,23,CGY,18227,Brayden Pachal,ROSTER,26.0,"6'0""",200.0,Canada,"Estevan, SK",False,D,13,0,3,3,0.69,0.23,0.0,0.23,21.2,21.3,0,0,0,0,0,0,0,0,0,0,0,0,0,0.0,0,28,9,0.0,10,12,7,23,22,10,4,0,0,0,0.0,4,16,4,10,0,256,175,34,47,10587,1187,442,8958,CGY,Pacific,Western
2025-2026,20251116,8,NYI,5207,Jean-Gabriel Pageau,ROSTER,33.0,"5'10""",180.0,Canada,"Ottawa, ON",False,C,18,6,6,12,1.11,0.33,0.33,0.67,30.3,0.0,2,0,0,0,2,2,4,2,0,1,0,0,0,0.0,1,39,20,30.0,16,8,11,29,17,12,7,276,171,105,62.0,0,0,1,2,0,388,168,114,113,16676,3582,975,12119,NYI,Metropolitan,Eastern
2025-2026,20251116,7,NJD,5178,Ondrej Palat,ROSTER,34.0,"5'11""",194.0,Czech Republic,Frydek-Mistek,False,LW,18,1,1,2,1.22,0.06,0.06,0.11,34.4,3.5,0,0,1,1,0,0,0,0,0,0,0,0,0,0.0,1,39,22,4.5,19,4,13,31,29,5,1,4,1,3,25.0,1,2,6,12,0,344,185,67,92,14081,3394,765,10161,NJD,Metropolitan,Eastern
2025-2026,20251116,8,NYI,4796,Kyle Palmieri,ROSTER,34.0,"5'11""",185.0,USA,"Smithtown, NY",False,C,18,5,8,13,2.89,0.44,0.28,0.72,14.8,14.2,1,1,4,5,0,0,0,0,0,0,0,0,0,0.0,-2,92,52,9.6,7,17,23,16,12,14,4,3,2,1,66.7,4,8,3,8,0,409,219,95,100,20650,6760,959,12931,NYI,Metropolitan,Eastern
2025-2026,20251116,9,NYR,5811,Artemi Panarin,ROSTER,34.0,"5'11""",170.0,Russia,Korkino,False,LW,19,5,12,17,3.11,0.63,0.26,0.89,3.0,3.5,1,0,5,5,0,0,0,2,0,0,1,0,0,0.0,-1,134,59,8.5,2,38,39,2,8,22,5,0,0,0,0.0,1,2,1,2,0,432,208,101,113,23542,4370,1338,16987,NYR,Metropolitan,Eastern
2025-2026,20251116,17,STL,5826,Colton Parayko,ROSTER,32.0,"6'6""",230.0,Canada,"St. Albert, AB",False,D,19,0,6,6,1.16,0.32,0.0,0.32,57.4,14.2,0,0,0,0,0,0,0,0,0,0,0,0,0,0.0,-4,61,22,0.0,47,20,19,17,26,21,8,0,0,0,0.0,4,8,4,8,0,548,300,105,143,26483,4954,1626,19903,STL,Central,Western
2025-2026,20251116,23,CGY,142360,Zayne Parekh,ROSTER,,,,,,False,D,11,0,1,1,1.0,0.09,0.0,0.09,7.6,0.0,0,0,1,1,0,0,0,0,0,0,0,0,0,0.0,0,35,11,0.0,5,18,6,5,19,17,3,0,0,0,0.0,0,0,4,8,0,220,183,32,5,9744,1736,105,7903,CGY,Pacific,Western
2025-2026,20251116,9,NYR,34307,Juuso Parssinen,ROSTER,24.0,"6'2""",203.0,Finland,Hmeenlinna,True,C,12,2,1,3,0.83,0.08,0.17,0.25,16.0,3.5,0,0,0,0,0,0,0,0,0,0,0,0,0,0.0,2,19,10,20.0,9,4,5,14,10,6,3,28,13,15,46.4,1,2,2,4,0,162,112,21,27,6614,775,337,5312,NYR,Metropolitan,Eastern
2025-2026,20251116,11,BOS,5437,David Pastrnak,ROSTER,29.0,"6'0""",194.0,Czech Republic,Havirov,False,RW,20,11,15,26,3.6,0.75,0.55,1.3,21.1,24.8,3,5,7,12,0,0,0,2,0,0,0,0,0,0.0,-4,163,72,15.3,5,58,33,34,21,31,8,0,0,0,0.0,7,14,8,16,0,413,224,114,86,24119,7504,1914,14701,BOS,Atlantic,Eastern
2025-2026,20251116,2,WPJ,5292,Tanner Pearson,ROSTER,33.0,"6'1""",201.0,Canada,"Kitchener, ON",False,LW,18,3,1,4,0.89,0.06,0.17,0.22,21.0,17.7,1,0,0,0,0,0,0,0,0,0,0,0,0,0.0,0,27,16,18.8,12,6,5,18,10,12,2,6,3,3,50.0,5,10,2,4,0,307,148,91,71,11907,2356,1706,7845,WPG,,
2025-2026,20251116,11,BOS,15999,Andrew Peeke,ROSTER,27.0,"6'3""",194.0,USA,"Parkland, FL",False,D,20,0,4,4,1.0,0.2,0.0,0.2,57.9,3.5,0,0,0,0,0,0,0,0,0,0,0,0,0,0.0,-1,51,20,0.0,44,16,15,25,33,18,4,0,0,0,0.0,1,2,1,2,0,502,279,86,137,23767,3130,1363,19274,BOS,Atlantic,Eastern
2025-2026,20251116,8,NYI,5856,Adam Pelech,ROSTER,31.0,"6'3""",218.0,Canada,"Toronto, ON",False,D,18,0,2,2,1.22,0.11,0.0,0.11,33.2,14.2,0,0,0,0,0,0,0,0,0,0,0,0,0,0.0,10,71,22,0.0,28,25,24,8,25,17,7,0,0,0,0.0,4,8,4,8,0,484,246,95,143,20959,3205,1336,16418,NYI,Metropolitan,Eastern
2025-2026,20251116,1,TBL,19088,Jakob Pelletier,ROSTER,24.0,"5'9""",165.0,Canada,"Quebec, QC",False,LW,1,0,0,0,0.0,0.0,0.0,0.0,1.5,0.0,0,0,0,0,0,0,0,0,0,0,0,0,0,0.0,0,3,0,0.0,1,0,3,1,1,0,0,1,1,0,100.0,0,0,0,0,0,11,7,4,0,372,30,26,316,TBL,Atlantic,Eastern
2025-2026,20251116,18,NSH,38801,Nicklaus Perbix,ROSTER,27.0,"6'4""",200.0,USA,"Minneapolis, MN",True,D,19,2,1,3,1.37,0.05,0.11,0.16,26.4,10.6,0,0,0,0,0,0,0,0,0,0,0,0,0,0.0,-4,61,26,7.7,22,27,8,7,21,21,3,0,0,0,0.0,3,6,0,0,0,482,290,102,92,23321,3032,1916,18373,NSH,Central,Western
2025-2026,20251116,2,WPJ,28522,Cole Perfetti,ROSTER,23.0,"5'10""",177.0,Canada,"Whitby, ON",True,C,4,1,1,2,1.75,0.25,0.25,0.5,3.5,3.5,0,1,0,1,0,0,0,0,0,0,0,0,0,0.0,-2,20,7,14.3,2,8,5,3,5,5,3,1,0,1,0.0,1,2,0,0,0,83,49,35,0,4036,1338,749,1949,WPG,,
2025-2026,20251116,9,NYR,142684,Gabe Perreault,ROSTER,,,,,,False,RW,3,0,1,1,0.67,0.33,0.0,0.33,4.7,0.0,0,0,1,1,0,0,0,0,0,0,0,0,0,0.0,2,4,2,0.0,4,1,1,1,3,2,0,0,0,0,0.0,0,0,0,0,0,55,52,3,0,2368,617,0,1751,NYR,Metropolitan,Eastern
2025-2026,20251116,13,OTT,4307,David Perron,ROSTER,37.0,"6'0""",200.0,Canada,"Sherbrooke, QC",False,LW,19,2,7,9,1.11,0.37,0.11,0.47,18.2,14.2,0,2,2,4,0,0,0,0,0,0,0,0,0,0.0,-3,38,21,9.5,8,8,9,21,13,9,4,3,0,3,0.0,4,8,5,10,0,394,189,100,107,16459,4474,1508,10477,OTT,Atlantic,Eastern
2025-2026,20251116,28,LAK,3626,Corey Perry,ROSTER,40.0,"6'3""",205.0,Canada,"Peterborough, ON",False,RW,13,7,4,11,2.38,0.31,0.54,0.85,6.1,19.3,2,1,2,3,0,0,0,0,0,0,2,1,0,0.0,5,53,31,22.6,4,11,11,4,14,8,1,6,3,3,50.0,3,9,5,15,1,221,125,65,38,11398,3948,910,6540,LAK,Pacific,Western
2025-2026,20251116,7,NJD,5845,Brett Pesce,ROSTER,31.0,"6'3""",206.0,USA,"Tarrytown, NY",False,D,9,0,3,3,0.89,0.33,0.0,0.33,27.1,3.5,0,0,0,0,0,0,0,0,0,0,0,0,0,0.0,3,17,8,0.0,24,5,4,4,10,4,2,0,0,0,0.0,1,2,1,2,0,193,89,44,60,10614,1679,548,8387,NJD,Metropolitan,Eastern
2025-2026,20251116,30,UTA,28525,John-Jason Peterka,ROSTER,23.0,"5'11""",192.0,Germany,Munich,True,RW,18,6,7,13,2.0,0.39,0.33,0.72,6.7,10.6,2,0,0,0,0,0,0,1,0,0,0,0,0,0.0,2,72,36,16.7,5,25,11,3,15,19,7,9,3,6,33.3,3,6,3,6,0,376,207,59,116,17500,1830,563,15107,UTA,Central,Western
2025-2026,20251116,27,DAL,5213,Alex Petrovic,ROSTER,33.0,"6'4""",216.0,Canada,"Edmonton, AB",False,D,17,1,4,5,1.18,0.24,0.06,0.29,33.7,33.5,0,0,0,0,0,0,0,0,0,0,0,0,0,0.0,2,36,20,5.0,21,15,1,25,31,14,3,0,0,0,0.0,5,21,1,5,1,277,173,33,70,14111,3507,572,9953,DAL,Central,Western
2025-2026,20251116,4,FLO,4929,Jeff Petry,ROSTER,37.0,"6'3""",209.0,USA,"Ann Arbor, MI",False,D,18,0,5,5,0.78,0.28,0.0,0.28,23.6,10.6,0,0,2,2,0,0,0,0,0,0,0,0,0,0.0,-4,41,14,0.0,18,17,10,10,26,18,0,0,0,0,0.0,3,6,0,0,0,355,193,66,96,15922,4069,809,11044,FLA,,
2025-2026,20251116,21,VAN,15084,Elias Pettersson,ROSTER,27.0,"6'2""",176.0,Sweden,Sundsvall,False,C,19,4,11,15,1.58,0.58,0.21,0.79,53.4,3.5,1,1,5,6,1,0,1,0,0,0,2,1,0,0.0,-3,71,30,13.3,41,15,26,22,19,19,9,408,194,214,47.5,1,2,5,10,0,446,238,135,77,23052,4536,3713,14803,VAN,Pacific,Western
2025-2026,20251116,21,VAN,56700,Elias Nils Pettersson,ROSTER,21.0,"6'2""",185.0,Sweden,Västerås,False,D,18,0,2,2,0.5,0.11,0.0,0.11,35.6,10.6,0,0,0,0,0,0,0,0,0,0,0,0,0,0.0,-2,34,9,0.0,25,17,8,20,27,18,5,0,0,0,0.0,3,6,6,15,0,344,265,22,57,15178,1726,142,13310,VAN,Pacific,Western
2025-2026,20251116,21,VAN,14114,Marcus Pettersson,ROSTER,29.0,"6'3""",177.0,Sweden,Skellefteå,False,D,19,0,3,3,0.68,0.16,0.0,0.16,42.0,40.5,0,0,0,0,0,0,0,0,0,0,0,0,0,0.0,5,38,13,0.0,35,11,14,11,42,21,4,0,0,0,0.0,9,21,1,5,1,468,248,58,162,24064,2977,1083,20004,VAN,Pacific,Western
2025-2026,20251116,24,EDM,39040,Noah Philp,ROSTER,27.0,"6'3""",200.0,Canada,"Canmore, AB",True,C,14,2,1,3,0.86,0.07,0.14,0.21,12.8,7.1,0,0,0,0,0,0,0,0,0,0,0,0,0,0.0,-6,19,12,16.7,2,6,1,23,11,7,4,96,55,41,57.3,2,4,2,4,0,192,108,56,29,8653,1584,807,6248,EDM,Pacific,Western
2025-2026,20251116,10,PIT,43371,Owen Pickering,ROSTER,21.0,"6'4""",180.0,Canada,"St. Adolphe, MB",True,D,4,0,0,0,0.25,0.0,0.0,0.0,2.6,3.5,0,0,0,0,0,0,0,0,0,0,0,0,0,0.0,-3,6,1,0.0,2,4,1,1,6,4,1,0,0,0,0.0,1,2,0,0,0,73,60,2,11,2903,311,32,2560,PIT,Metropolitan,Eastern
2025-2026,20251116,13,OTT,30027,Shane Pinto,ROSTER,25.0,"6'3""",201.0,USA,"Franklin Square, NY",True,C,19,9,6,15,2.53,0.32,0.47,0.79,22.2,21.3,3,0,0,0,0,1,1,1,0,0,1,0,1,100.0,1,100,48,18.8,14,21,31,16,21,16,6,224,124,100,55.4,6,12,6,12,0,500,232,99,179,21929,2886,766,18428,OTT,Atlantic,Eastern
2025-2026,20251116,2,WPJ,14095,Neal Pionk,ROSTER,30.0,"6'0""",186.0,USA,"Hermantown, MN",False,D,18,0,3,3,2.11,0.17,0.0,0.17,51.1,17.7,0,0,1,1,0,0,0,0,0,0,0,0,0,0.0,1,92,38,0.0,34,39,15,33,18,19,4,0,0,0,0.0,5,10,2,4,0,518,306,142,70,25823,5039,2959,17825,WPG,,
2025-2026,20251116,25,MIN,5274,Tyler Pitlick,ASSIGNED_TO_MINORS,34.0,"6'2""",200.0,USA,"Minneapolis, MN",False,C,9,0,0,0,0.67,0.0,0.0,0.0,17.5,30.8,0,0,0,0,0,0,0,0,0,0,0,0,0,0.0,-3,10,6,0.0,6,2,2,24,5,3,1,0,0,0,0.0,3,22,2,7,1,84,44,28,13,3986,989,247,2750,MIN,Central,Western
2025-2026,20251116,24,EDM,30369,Vasily Podkolzin,ROSTER,24.0,"6'1""",190.0,Russia,Moscow,True,RW,20,3,5,8,1.6,0.25,0.15,0.4,43.0,7.1,1,0,0,0,0,0,0,1,0,0,0,0,0,0.0,4,52,32,9.4,13,10,10,63,19,12,4,12,5,7,41.7,2,4,2,4,0,375,242,107,20,18030,4101,1889,11631,EDM,Pacific,Western
2025-2026,20251116,29,ANA,13640,Ryan Poehling,ROSTER,26.0,"6'2""",204.0,USA,"Lakeville, MN",False,C,16,1,5,6,0.69,0.31,0.06,0.38,16.9,7.1,0,0,0,0,0,0,0,0,0,0,0,0,0,0.0,-2,25,11,9.1,13,7,7,7,17,10,2,178,80,98,44.9,2,4,3,6,0,296,138,53,106,12033,1475,473,10085,ANA,Pacific,Western
2025-2026,20251116,1,TBL,10079,Brayden Point,ROSTER,29.0,"5'10""",166.0,Canada,"Calgary, AB",False,C,17,3,6,9,2.06,0.35,0.18,0.53,8.8,7.1,1,1,2,3,0,0,0,0,0,0,0,0,0,0.0,-10,64,35,8.6,7,12,17,3,12,16,3,199,88,111,44.2,2,4,5,10,0,380,197,122,64,19604,5338,3631,10635,TBL,Atlantic,Eastern
2025-2026,20251116,15,BUF,34475,Owen Power,ROSTER,22.0,"6'6""",214.0,Canada,"Mississauga, ON",True,D,17,2,5,7,1.24,0.29,0.12,0.41,20.0,7.1,0,0,0,0,0,2,2,0,0,0,0,0,0,0.0,-8,57,21,9.5,15,22,14,9,24,20,6,0,0,0,0.0,2,4,1,2,0,465,289,69,109,21676,2560,768,18348,BUF,Atlantic,Eastern
2025-2026,20251116,5,WSH,28499,Aliaksei Protas,ROSTER,24.0,"6'5""",190.0,Belarus,Vitebsk,True,C,18,5,5,10,2.17,0.28,0.28,0.56,17.9,7.1,1,0,1,1,0,0,0,1,0,0,0,0,0,0.0,6,77,39,12.8,13,15,23,9,14,21,6,13,2,11,15.4,2,4,4,8,0,422,266,98,58,19516,4078,1166,14031,WSH,Metropolitan,Eastern
2025-2026,20251116,19,CBJ,5602,Ivan Provorov,ROSTER,28.0,"6'1""",201.0,Russia,Yaroslavl,False,D,18,3,3,6,2.06,0.17,0.17,0.33,31.6,10.6,1,0,0,0,0,0,0,0,0,0,0,0,0,0.0,5,76,37,8.1,26,23,16,9,22,26,8,0,0,0,0.0,3,6,3,6,0,466,237,113,115,26562,4045,1455,20797,CBJ,Metropolitan,Eastern
2025-2026,20251116,8,NYI,5815,Ryan Pulock,ROSTER,31.0,"6'2""",217.0,Canada,"Dauphin, MB",False,D,18,0,7,7,0.94,0.39,0.0,0.39,38.7,0.0,0,0,0,0,0,1,1,0,0,0,0,0,0,0.0,4,49,17,0.0,31,21,11,13,22,22,6,0,0,0,0.0,0,0,0,0,0,501,261,173,67,21970,2785,2839,16346,NYI,Metropolitan,Eastern
2025-2026,20251116,15,BUF,28524,Jack Quinn,ROSTER,24.0,"6'0""",176.0,Canada,"Ottawa, ON",True,RW,18,3,5,8,1.61,0.28,0.17,0.44,12.0,0.0,1,2,0,2,0,0,0,1,0,0,1,0,0,0.0,-6,58,29,10.3,7,12,17,10,21,16,5,4,0,4,0.0,0,0,1,2,0,380,232,54,97,17331,2092,890,14349,BUF,Atlantic,Eastern
2025-2026,20251116,1,TBL,18138,Darren Raddysh,ROSTER,29.0,"6'0""",201.0,Canada,"Caledon, ON",False,D,11,1,2,3,1.82,0.18,0.09,0.27,10.0,3.5,0,0,0,0,0,0,0,0,0,0,0,0,0,0.0,-4,55,20,5.0,6,22,13,8,19,7,1,0,0,0,0.0,1,2,0,0,0,200,109,44,49,10231,2737,1079,6419,TBL,Atlantic,Eastern
2025-2026,20251116,9,NYR,15229,Taylor Raddysh,ROSTER,27.0,"6'2""",198.0,Canada,"Toronto, ON",False,RW,19,5,1,6,1.16,0.05,0.26,0.32,13.9,5.3,1,0,0,0,1,0,1,0,0,0,0,0,0,0.0,2,34,22,22.7,7,3,9,14,8,7,5,3,0,3,0.0,2,2,0,0,0,345,188,82,71,14258,2730,1109,9928,NYR,Metropolitan,Eastern
2025-2026,20251116,10,PIT,5144,Rickard Rakell,INJURY_LIST,32.0,"6'0""",196.0,Sweden,Sundbyberg,False,RW,9,3,5,8,1.89,0.56,0.33,0.89,14.7,3.5,1,1,2,3,0,1,1,0,0,0,0,0,0,0.0,1,36,17,17.6,10,9,10,9,12,4,3,6,1,5,16.7,1,2,0,0,0,195,79,90,21,9580,1467,2444,5305,PIT,Metropolitan,Eastern
2025-2026,20251116,27,DAL,5605,Mikko Rantanen,ROSTER,29.0,"6'4""",215.0,Finland,Nousiainen,False,RW,19,9,17,26,2.79,0.89,0.47,1.37,19.6,31.9,3,4,11,15,0,0,0,1,0,0,3,1,1,33.33,-5,102,53,17.0,12,26,23,15,19,18,2,29,14,15,48.3,9,18,11,22,0,431,229,83,122,24032,6390,1041,16438,DAL,Central,Western
2025-2026,20251116,16,DET,13624,Michael Rasmussen,ROSTER,26.0,"6'6""",221.0,Canada,"Surrey, BC",False,C,16,2,2,4,0.94,0.12,0.12,0.25,18.1,7.1,0,0,0,0,0,0,0,0,0,0,0,0,0,0.0,-3,32,15,13.3,11,6,12,14,16,4,1,109,64,45,58.7,2,4,1,2,0,275,141,61,75,11061,1831,686,8544,DET,Atlantic,Eastern
2025-2026,20251116,21,VAN,32262,Aatu Raty,ROSTER,23.0,"6'2""",185.0,Finland,Oulu,True,C,17,1,5,6,0.82,0.29,0.06,0.35,27.4,14.2,0,0,0,0,0,0,0,0,0,0,0,0,0,0.0,3,39,14,7.1,7,8,17,43,13,6,2,220,121,99,55.0,4,8,2,4,0,332,223,52,58,13357,2394,703,10260,VAN,Pacific,Western
2025-2026,20251116,16,DET,19050,Lucas Raymond,ROSTER,23.0,"5'11""",170.0,Sweden,Goteborg,True,LW,16,4,14,18,2.06,0.88,0.25,1.12,10.2,3.5,1,1,5,6,0,0,0,1,0,0,2,0,1,50.0,3,73,33,12.1,7,20,20,6,11,16,11,1,1,0,100.0,1,2,8,16,0,351,201,63,92,17055,3443,1175,12612,DET,Atlantic,Eastern
2025-2026,20251116,26,SJS,4892,Ryan Reaves,ROSTER,38.0,"6'2""",225.0,Canada,"Winnipeg, MB",False,RW,15,2,0,2,0.67,0.0,0.13,0.13,27.5,28.0,0,0,0,0,0,0,0,0,0,0,0,0,0,0.0,-3,15,10,20.0,4,2,3,50,5,3,2,0,0,0,0.0,3,12,3,12,2,157,95,36,29,6464,2100,223,4144,SJS,Pacific,Western
2025-2026,20251116,24,EDM,24516,Alec Regula,ROSTER,25.0,"6'4""",203.0,USA,"West Bloomfield, MI",False,D,6,0,0,0,0.5,0.0,0.0,0.0,9.2,3.5,0,0,0,0,0,0,0,0,0,0,0,0,0,0.0,-5,8,3,0.0,7,4,1,4,13,5,0,0,0,0,0.0,1,2,0,0,0,109,57,23,28,5191,1012,372,3735,EDM,Pacific,Western
2025-2026,20251116,20,CHI,30422,Lukas Reichel,ROSTER,23.0,"6'0""",170.0,Germany,Nürnberg,True,LW,5,2,2,4,1.2,0.4,0.4,0.8,3.6,3.5,0,0,0,0,0,0,0,0,0,0,0,0,0,0.0,1,10,6,33.3,3,2,2,1,1,4,1,7,2,5,28.6,1,2,0,0,0,66,38,8,22,2959,149,68,2742,CHI,Central,Western
2025-2026,20251116,20,CHI,30422,Lukas Reichel,ROSTER,23.0,"6'0""",170.0,Germany,Nürnberg,True,LW,5,2,2,4,1.2,0.4,0.4,0.8,3.6,3.5,0,0,0,0,0,0,0,0,0,0,0,0,0,0.0,1,10,6,33.3,3,2,2,1,1,4,1,7,2,5,28.6,1,2,0,0,0,66,38,8,22,2959,149,68,2742,CHI,Central,Western
2025-2026,20251116,21,VAN,30422,Lukas Reichel,ROSTER,23.0,"6'0""",170.0,Germany,Nürnberg,True,LW,11,0,1,1,0.82,0.09,0.0,0.09,10.3,7.1,0,0,0,0,0,0,0,0,0,0,0,0,0,0.0,-5,24,9,0.0,8,5,10,4,7,9,1,104,41,63,39.4,2,4,0,0,0,200,140,28,32,9487,1294,495,7698,VAN,Pacific,Western
2025-2026,20251116,21,VAN,30422,Lukas Reichel,ROSTER,23.0,"6'0""",170.0,Germany,Nürnberg,True,LW,11,0,1,1,0.82,0.09,0.0,0.09,10.3,7.1,0,0,0,0,0,0,0,0,0,0,0,0,0,0.0,-5,24,9,0.0,8,5,10,4,7,9,1,104,41,63,39.4,2,4,0,0,0,200,140,28,32,9487,1294,495,7698,VAN,Pacific,Western
2025-2026,20251116,3,CAR,5814,Mike Reilly,ROSTER,32.0,"6'1""",200.0,USA,"Chanhassen, MN",False,D,15,1,4,5,1.6,0.27,0.07,0.33,24.3,7.1,0,0,0,0,1,0,1,0,0,0,0,0,0,0.0,12,65,24,4.2,20,26,15,7,18,11,1,0,0,0,0.0,2,4,2,4,0,382,204,75,104,15987,2892,843,12252,CAR,Metropolitan,Eastern
2025-2026,20251116,142,VGK,30061,Cole Reinhardt,ROSTER,25.0,"6'1""",203.0,Canada,"Calgary, AB",True,LW,11,1,1,2,0.27,0.09,0.09,0.18,9.3,7.1,0,0,0,0,0,0,0,0,0,0,0,0,0,0.0,-2,15,3,33.3,0,6,6,20,4,8,0,4,2,2,50.0,2,4,2,4,0,138,93,38,8,5725,1121,634,3970,VGK,Pacific,Western
2025-2026,20251116,4,FLO,5416,Sam Reinhart,ROSTER,30.0,"6'1""",194.0,Canada,"North Vancouver, BC",False,C,18,10,3,13,2.83,0.17,0.56,0.72,22.5,3.5,3,3,2,5,1,0,1,4,0,0,2,0,0,0.0,-8,120,51,19.6,13,23,46,19,29,13,2,65,21,44,32.3,1,2,2,4,0,431,188,157,96,22979,4521,3686,14772,FLA,,
2025-2026,20251116,9,NYR,34418,Matt Rempe,ROSTER,23.0,"6'8""",205.0,Canada,"Calgary, AB",True,C,9,1,0,1,0.89,0.0,0.11,0.11,16.1,15.8,0,0,0,0,0,0,0,0,0,0,0,0,0,0.0,1,16,8,12.5,2,3,5,30,7,2,1,5,2,3,40.0,2,7,2,7,1,122,83,32,2,5296,1096,359,3591,NYR,Metropolitan,Eastern
2025-2026,20251116,12,TOR,5261,Morgan Rielly,ROSTER,31.0,"6'1""",219.0,Canada,"West Vancouver, BC",False,D,18,3,12,15,1.78,0.67,0.17,0.83,23.6,3.5,1,0,2,2,0,0,0,1,0,0,0,0,0,0.0,-4,83,32,9.4,18,27,24,10,29,38,5,0,0,0,0.0,1,2,1,2,0,519,292,111,119,23677,4966,1538,17173,TOR,Atlantic,Eastern
2025-2026,20251116,20,CHI,56353,Sam Rinzel,ROSTER,21.0,"6'3""",180.0,USA,"Chanhassen, MN",False,D,17,1,2,3,1.53,0.12,0.06,0.18,31.5,21.3,0,0,0,0,0,0,0,0,0,0,0,0,0,0.0,2,73,26,3.8,22,34,13,18,25,22,2,0,0,0,0.0,6,12,2,4,0,349,261,37,49,18791,3022,137,15419,CHI,Central,Western
2025-2026,20251116,8,NYI,134181,Calum Ritchie,ROSTER,20.0,"6'2""",185.0,Canada,"Oakville, ON",True,C,8,0,0,0,0.62,0.0,0.0,0.0,7.8,14.2,0,0,0,0,0,0,0,0,0,0,0,0,0,0.0,0,13,5,0.0,7,4,4,1,9,8,0,58,22,36,37.9,4,8,1,2,0,127,94,16,17,5475,699,42,4734,NYI,Metropolitan,Eastern
2025-2026,20251116,27,DAL,18026,Jason Robertson,ROSTER,26.0,"6'2""",194.0,USA,"Northville, MI",False,LW,19,9,14,23,4.32,0.74,0.47,1.21,17.0,0.0,3,4,6,10,0,0,0,1,0,0,3,0,2,66.67,5,136,82,11.0,10,25,29,14,19,28,10,1,0,1,0.0,0,0,4,8,0,418,220,105,97,22941,5592,1716,15425,DAL,Central,Western
2025-2026,20251116,9,NYR,29769,Matthew Robertson,ROSTER,24.0,"6'4""",202.0,Canada,"Sherwood Park, AB",True,D,10,1,0,1,0.8,0.0,0.1,0.1,18.6,7.1,0,0,0,0,0,0,0,0,0,0,0,0,0,0.0,-3,28,8,12.5,11,13,7,15,17,7,0,0,0,0,0.0,2,4,0,0,0,216,142,31,44,9796,1344,324,8128,NYR,Metropolitan,Eastern
2025-2026,20251116,12,TOR,20226,Nicholas Robertson,ROSTER,24.0,"5'9""",162.0,USA,"Pasadena, CA",True,LW,18,5,6,11,2.0,0.33,0.28,0.61,16.7,0.0,1,1,0,1,0,0,0,1,0,0,0,0,0,0.0,-1,55,36,13.9,7,7,12,20,12,16,5,2,1,1,50.0,0,0,1,2,0,322,192,90,45,14372,2603,1303,10466,TOR,Atlantic,Eastern
2025-2026,20251116,3,CAR,14154,Eric Robinson,ROSTER,30.0,"6'2""",197.0,USA,"Bellmawr, New Jersey",False,LW,12,5,1,6,1.25,0.08,0.42,0.5,8.2,0.0,1,0,0,0,0,0,0,1,0,0,0,0,0,0.0,4,28,15,33.3,2,6,7,13,15,3,1,1,0,1,0.0,0,0,2,4,0,178,93,41,49,7524,817,517,6190,CAR,Metropolitan,Eastern
2025-2026,20251116,4,FLO,9075,Evan Rodrigues,ROSTER,32.0,"5'11""",184.0,Canada,"Toronto, ON",False,C,18,4,5,9,2.28,0.28,0.22,0.5,19.2,14.2,1,0,2,2,0,0,0,0,0,0,1,0,0,0.0,0,71,41,9.8,9,13,17,21,17,13,7,180,83,97,46.1,4,8,7,19,0,390,205,124,64,18114,3516,2857,11725,FLA,,
2025-2026,20251116,8,NYI,14561,Alexander Romanov,ROSTER,25.0,"6'1""",209.0,Russia,Moscow,True,D,13,0,1,1,0.92,0.08,0.0,0.08,39.0,10.6,0,0,0,0,0,0,0,0,0,0,0,0,0,0.0,-6,31,12,0.0,26,12,7,25,36,14,3,0,0,0,0.0,3,6,2,4,0,301,206,32,63,15059,2142,481,12436,NYI,Metropolitan,Eastern
2025-2026,20251116,15,BUF,34464,Isak Rosen,ROSTER,22.0,"5'11""",156.0,Sweden,Stockholm,True,RW,7,3,2,5,1.57,0.29,0.43,0.71,8.6,0.0,1,0,1,1,0,0,0,0,0,0,0,0,0,0.0,-1,27,11,27.3,6,7,9,5,4,5,1,0,0,0,0.0,0,0,1,2,0,143,89,24,33,6589,1501,96,4992,BUF,Atlantic,Eastern
2025-2026,20251116,24,EDM,5620,Jack Roslovic,ROSTER,28.0,"6'1""",187.0,USA,"Columbus, OH",False,C,18,6,8,14,2.44,0.44,0.33,0.78,7.6,14.2,2,2,2,4,0,0,0,2,0,2,0,0,0,0.0,6,76,44,13.6,5,9,23,5,10,16,5,27,15,12,55.6,4,8,3,6,0,356,184,127,41,18782,4869,2603,10883,EDM,Pacific,Western
2025-2026,20251116,25,MIN,28380,Marco Rossi,INJURY_LIST,24.0,"5'9""",183.0,Austria,Feldkirch,True,C,17,4,9,13,1.59,0.53,0.24,0.76,13.5,3.5,1,0,5,5,0,0,0,0,0,0,1,0,1,100.0,-6,55,27,14.8,8,13,15,11,17,13,5,220,107,113,48.6,1,2,2,4,0,349,205,82,67,18462,3218,1212,14272,MIN,Central,Western
2025-2026,20251116,14,MTL,38746,Joshua Roy,ASSIGNED_TO_MINORS,22.0,"6'0""",190.0,Canada,"St-Georges-de-Beauce, QC",True,RW,1,0,0,0,0.0,0.0,0.0,0.0,1.9,0.0,0,0,0,0,0,0,0,0,0,0,0,0,0,0.0,0,0,0,0.0,0,0,0,4,1,0,0,0,0,0,0.0,0,0,0,0,0,10,4,3,3,478,76,0,402,MTL,Atlantic,Eastern
2025-2026,20251116,5,WSH,5789,Matt Roy,ROSTER,30.0,"6'1""",200.0,USA,"Canton, MI",False,D,18,0,2,2,1.5,0.11,0.0,0.11,49.8,7.1,0,0,0,0,0,0,0,0,0,0,0,0,0,0.0,8,58,27,0.0,38,22,9,21,39,16,1,0,0,0,0.0,2,4,2,4,0,395,188,65,140,22028,2417,918,18840,WSH,Metropolitan,Eastern
2025-2026,20251116,12,TOR,14391,Nicolas Roy,ROSTER,28.0,"6'4""",200.0,Canada,"Amos, QC",False,C,19,1,3,4,1.11,0.16,0.05,0.21,20.4,7.1,0,0,0,0,0,0,0,0,0,0,0,0,0,0.0,-4,35,21,4.8,11,6,8,19,14,21,9,241,125,116,51.9,2,4,3,8,0,399,198,124,78,17005,2961,2528,11516,TOR,Atlantic,Eastern
2025-2026,20251116,10,PIT,5500,Bryan Rust,ROSTER,33.0,"5'11""",192.0,USA,"Pontiac, MI",False,RW,16,5,10,15,2.5,0.62,0.31,0.94,20.8,10.6,1,1,6,7,0,0,0,3,0,0,3,0,1,33.33,-1,67,40,12.5,18,8,19,4,17,21,2,1,0,1,0.0,3,6,5,10,0,377,163,168,52,19584,3834,4112,11744,PIT,Metropolitan,Eastern
2025-2026,20251116,142,VGK,5014,Brandon Saad,ROSTER,33.0,"6'1""",206.0,USA,"Pittsburgh, PA",False,LW,17,1,3,4,1.53,0.18,0.06,0.24,9.4,7.1,0,0,0,0,0,0,0,0,0,0,0,0,0,0.0,4,52,26,3.8,8,17,9,2,5,13,4,15,5,10,33.3,2,4,1,2,0,310,154,83,75,14270,4363,1190,8705,VGK,Pacific,Western
2025-2026,20251116,1,TBL,13703,Scott Sabourin,ROSTER,33.0,"6'4""",207.0,Canada,"Orleans, ON",True,RW,2,1,1,2,2.0,0.5,0.5,1.0,2.8,3.5,0,0,0,0,0,0,0,0,0,0,0,0,0,0.0,1,7,4,25.0,0,1,2,6,4,1,0,1,0,1,0.0,1,2,3,6,0,30,11,11,9,1248,369,91,788,TBL,Atlantic,Eastern
2025-2026,20251116,2,WPJ,28449,Dylan Samberg,ROSTER,26.0,"6'3""",190.0,USA,"Saginaw, MN",True,D,2,0,0,0,1.5,0.0,0.0,0.0,6.7,0.0,0,0,0,0,0,0,0,0,0,0,0,0,0,0.0,0,6,3,0.0,5,3,0,3,1,4,0,0,0,0,0.0,0,0,0,0,0,61,37,9,15,2825,485,83,2257,WPG,,
2025-2026,20251116,4,FLO,37976,Mackie Samoskevich,ROSTER,23.0,"5'11""",191.0,USA,"Newtown, CT",True,RW,18,2,7,9,1.94,0.39,0.11,0.5,21.0,10.6,0,2,3,5,0,0,0,0,0,0,0,0,0,0.0,2,74,35,5.7,8,22,17,27,25,9,1,0,0,0,0.0,3,6,8,16,0,355,248,90,19,16142,3892,1230,11020,FLA,,
2025-2026,20251116,15,BUF,14555,Mattias Samuelsson,ROSTER,25.0,"6'4""",218.0,USA,"Voorhees, New Jersey",True,D,16,3,4,7,1.25,0.25,0.19,0.44,51.8,7.1,1,0,0,0,0,0,0,2,0,1,0,0,0,0.0,2,40,20,15.0,39,15,6,23,35,8,1,0,0,0,0.0,2,4,3,6,0,420,220,52,151,20217,1329,365,18523,BUF,Atlantic,Eastern
2025-2026,20251116,13,OTT,37996,Jake Sanderson,ROSTER,23.0,"6'3""",195.0,USA,"Whitefish, MT",True,D,19,3,10,13,2.26,0.53,0.16,0.68,39.6,0.0,1,1,4,5,0,0,0,0,0,0,0,0,0,0.0,0,115,43,7.0,35,45,27,6,52,24,14,0,0,0,0.0,0,0,3,6,0,577,308,79,193,27631,3957,633,23041,OTT,Atlantic,Eastern
2025-2026,20251116,5,WSH,14552,Rasmus Sandin,ROSTER,25.0,"5'11""",183.0,Sweden,Uppsala,True,D,13,2,4,6,1.0,0.31,0.15,0.46,31.2,3.5,0,0,0,0,0,0,0,0,0,0,0,0,0,0.0,5,39,13,15.4,19,16,10,24,16,18,5,0,0,0,0.0,1,2,0,0,0,284,154,62,70,14958,1619,997,12277,WSH,Metropolitan,Eastern
2025-2026,20251116,16,DET,133971,Axel Sandin-Pellikka,ROSTER,20.0,"5'11""",181.0,Sweden,Gallivare,True,D,18,2,3,5,1.28,0.17,0.11,0.28,23.4,14.2,0,0,2,2,0,0,0,0,0,0,0,0,0,0.0,-10,70,23,8.7,20,29,18,5,30,18,3,0,0,0,0.0,4,8,3,6,0,429,311,46,74,20126,3274,258,16594,DET,Atlantic,Eastern
2025-2026,20251116,6,PHI,11718,Travis Sanheim,ROSTER,29.0,"6'3""",181.0,Canada,"Elkhorn, MB",False,D,18,1,5,6,1.28,0.28,0.06,0.33,44.9,14.2,0,0,0,0,0,0,0,0,0,0,0,0,0,0.0,-1,60,23,4.3,36,16,21,15,27,32,6,0,0,0,0.0,4,8,3,6,0,557,288,68,203,27647,3492,1074,23081,PHI,Metropolitan,Eastern
2025-2026,20251116,21,VAN,79679,Max Sasson,ROSTER,25.0,"6'1""",181.0,USA,"Birmingham, MI",True,C,16,4,0,4,0.81,0.0,0.25,0.25,17.9,0.0,1,0,0,0,0,0,0,0,0,0,0,0,0,0.0,0,24,13,30.8,13,4,7,9,14,8,4,82,32,50,39.0,0,0,1,2,0,242,197,27,22,10072,1425,206,8441,VAN,Pacific,Western
2025-2026,20251116,24,EDM,43365,Matthew Savoie,ROSTER,21.0,"5'9""",175.0,Canada,"St. Albert, AB",True,C,20,2,3,5,1.25,0.15,0.1,0.25,12.4,0.0,0,1,1,2,0,0,0,0,0,0,1,0,0,0.0,-5,46,25,8.0,10,8,13,4,19,15,4,10,4,6,40.0,0,0,5,10,0,373,271,49,50,16609,3181,33,13161,EDM,Pacific,Western
2025-2026,20251116,8,NYI,168063,Matthew Schaefer,ROSTER,18.0,"6'2""",183.0,Canada,"Hamilton, ON",True,D,18,7,8,15,3.0,0.44,0.39,0.83,26.3,12.4,2,4,3,7,0,0,0,2,0,1,0,0,0,0.0,3,112,54,13.0,21,44,14,9,50,24,9,0,0,0,0.0,4,6,11,22,0,483,404,39,46,24432,4076,128,20228,NYI,Metropolitan,Eastern
2025-2026,20251116,2,WPJ,5003,Mark Scheifele,ROSTER,32.0,"6'3""",207.0,Canada,"Kitchener, ON",False,C,18,11,13,24,2.33,0.72,0.61,1.33,6.7,21.3,3,3,3,6,0,1,1,2,0,0,0,0,0,0.0,4,66,42,26.2,5,5,19,3,19,29,3,298,152,146,51.0,4,16,9,18,0,403,197,119,98,21992,5304,1494,15194,WPG,,
2025-2026,20251116,17,STL,4712,Brayden Schenn,ROSTER,34.0,"6'1""",200.0,Canada,"Saskatoon, SK",False,C,19,2,4,6,1.0,0.21,0.11,0.32,27.0,35.0,0,0,1,1,0,0,0,0,0,0,1,1,0,0.0,-13,49,19,10.5,8,16,14,40,13,19,3,216,117,99,54.2,5,16,5,16,2,408,213,83,114,19176,5794,589,12793,STL,Central,Western
2025-2026,20251116,2,WPJ,4552,Luke Schenn,ROSTER,36.0,"6'2""",227.0,Canada,"Saskatoon, SK",False,D,14,0,1,1,0.79,0.07,0.0,0.07,32.4,28.0,0,0,0,0,0,0,0,0,0,0,0,0,0,0.0,-4,32,11,0.0,18,14,7,29,22,16,2,0,0,0,0.0,3,12,2,10,2,258,134,41,83,11197,2427,673,8097,WPG,,
2025-2026,20251116,30,UTA,10071,Nick Schmaltz,ROSTER,29.0,"6'0""",177.0,USA,"Madison, WI",False,C,18,10,11,21,2.94,0.61,0.56,1.17,12.4,7.1,3,3,3,6,0,0,0,2,0,0,0,0,0,0.0,3,93,53,18.9,10,23,17,4,16,24,7,96,36,60,37.5,2,4,4,8,0,423,201,76,156,21517,3444,697,17376,UTA,Central,Western
2025-2026,20251116,30,UTA,5269,Nate Schmidt,ROSTER,34.0,"6'0""",194.0,USA,"St. Cloud, MN",False,D,18,0,4,4,1.44,0.22,0.0,0.22,23.5,3.5,0,0,0,0,0,0,0,0,0,0,0,0,0,0.0,8,62,26,0.0,13,20,16,21,16,16,4,0,0,0,0.0,1,2,2,4,0,510,255,72,183,22733,4081,509,18143,UTA,Central,Western
2025-2026,20251116,9,NYR,29932,Braden Schneider,ROSTER,24.0,"6'2""",202.0,Canada,"Prince Albert, SK",True,D,19,1,3,4,1.21,0.16,0.05,0.21,50.4,10.6,0,0,0,0,0,0,0,0,0,0,0,0,0,0.0,-2,59,23,4.3,28,24,12,45,29,17,5,0,0,0,0.0,3,6,5,10,0,443,289,55,85,20900,2630,410,17100,NYR,Metropolitan,Eastern
2025-2026,20251116,143,SEA,5088,Jaden Schwartz,ROSTER,33.0,"5'10""",190.0,Canada,"Wilcox, SK",False,LW,18,7,7,14,2.11,0.39,0.39,0.78,28.6,14.2,2,1,1,2,0,0,0,1,0,0,0,0,0,0.0,8,71,38,18.4,17,20,13,23,15,21,12,14,9,5,64.3,4,8,0,0,0,397,187,98,111,18816,4460,787,13170,SEA,Pacific,Western
2025-2026,20251116,4,FLO,28450,Cole Schwindt,ROSTER,24.0,"6'2""",182.0,Canada,"Kitchener, ON",True,RW,9,2,0,2,0.78,0.0,0.22,0.22,10.0,0.0,0,0,0,0,0,0,0,0,0,0,0,0,0,0.0,0,14,7,28.6,6,3,4,8,8,3,1,65,27,38,41.5,0,0,0,0,0,119,86,18,17,5028,1114,259,3655,FLA,,
2025-2026,20251116,13,OTT,29978,Donovan Sebrango,ROSTER,23.0,"6'1""",189.0,Canada,"Kingston, ON",True,D,2,0,0,0,0.5,0.0,0.0,0.0,0.5,12.2,0,0,0,0,0,0,0,0,0,0,0,0,0,0.0,-1,5,1,0.0,0,3,1,1,8,1,0,0,0,0,0.0,1,5,1,5,1,46,32,3,11,1827,4,0,1823,OTT,Atlantic,Eastern
2025-2026,20251116,13,OTT,29978,Donovan Sebrango,ROSTER,23.0,"6'1""",189.0,Canada,"Kingston, ON",True,D,2,0,0,0,0.5,0.0,0.0,0.0,0.5,12.2,0,0,0,0,0,0,0,0,0,0,0,0,0,0.0,-1,5,1,0.0,0,3,1,1,8,1,0,0,0,0,0.0,1,5,1,5,1,46,32,3,11,1827,4,0,1823,OTT,Atlantic,Eastern
2025-2026,20251116,4,FLO,29978,Donovan Sebrango,ROSTER,23.0,"6'1""",189.0,Canada,"Kingston, ON",True,D,7,0,2,2,0.86,0.29,0.0,0.29,16.7,15.8,0,0,0,0,0,0,0,0,0,0,0,0,0,0.0,3,13,6,0.0,11,4,3,11,14,8,1,0,0,0,0.0,2,7,3,9,1,126,101,13,12,5802,598,292,4912,FLA,,
2025-2026,20251116,4,FLO,29978,Donovan Sebrango,ROSTER,23.0,"6'1""",189.0,Canada,"Kingston, ON",True,D,7,0,2,2,0.86,0.29,0.0,0.29,16.7,15.8,0,0,0,0,0,0,0,0,0,0,0,0,0,0.0,3,13,6,0.0,11,4,3,11,14,8,1,0,0,0,0.0,2,7,3,9,1,126,101,13,12,5802,598,292,4912,FLA,,
2025-2026,20251116,6,PHI,12486,Nick Seeler,ROSTER,32.0,"6'2""",201.0,USA,"Eden Prairie, MN",False,D,18,0,2,2,1.22,0.11,0.0,0.11,46.3,14.2,0,0,0,0,0,0,0,0,0,0,0,0,0,0.0,-10,57,22,0.0,29,18,17,34,18,13,5,0,0,0,0.0,4,8,3,6,0,491,269,67,156,21536,3506,486,17508,PHI,Metropolitan,Eastern
2025-2026,20251116,27,DAL,4875,Tyler Seguin,ROSTER,33.0,"6'1""",200.0,Canada,"Brampton, ON",False,C,19,7,3,10,1.37,0.16,0.37,0.53,10.4,3.5,2,1,0,1,0,0,0,2,0,0,1,1,0,0.0,2,53,26,26.9,5,8,19,11,9,18,3,181,103,78,56.9,1,2,2,4,0,411,193,110,111,19792,5618,1219,12785,DAL,Central,Western
2025-2026,20251116,16,DET,18042,Moritz Seider,ROSTER,24.0,"6'3""",208.0,Germany,Zell Mosel,True,D,18,2,8,10,2.5,0.44,0.11,0.56,43.2,17.7,0,1,7,8,0,0,0,0,0,0,0,0,0,0.0,0,101,45,4.4,26,32,24,34,19,23,9,0,0,0,0.0,5,10,2,4,0,525,305,89,133,27352,5004,1298,21050,DET,Atlantic,Eastern
2025-2026,20251116,29,ANA,142129,Beckett Sennecke,ROSTER,19.0,"6'2""",177.0,Canada,"Toronto, ON",True,RW,18,6,6,12,1.78,0.33,0.33,0.67,16.2,17.7,2,1,1,2,0,0,0,0,0,0,0,0,0,0.0,-3,69,32,18.8,7,19,18,19,26,21,6,2,1,1,50.0,5,10,10,20,0,391,344,45,9,17805,3102,309,14340,ANA,Pacific,Western
2025-2026,20251116,30,UTA,9635,Mikhail Sergachev,ROSTER,27.0,"6'2""",217.0,Russia,Nizhnekamsk,False,D,18,3,11,14,2.0,0.61,0.17,0.78,41.3,17.7,1,1,5,6,0,0,0,0,0,0,0,0,0,0.0,-1,82,36,8.3,37,30,16,5,17,33,5,0,0,0,0.0,5,10,3,6,0,513,245,120,151,26978,3677,1829,21472,UTA,Central,Western
2025-2026,20251116,19,CBJ,5453,Damon Severson,ROSTER,31.0,"6'2""",205.0,Canada,"Brandon, MB",False,D,18,1,4,5,1.17,0.22,0.06,0.28,30.2,14.2,0,0,1,1,0,0,0,0,0,0,0,0,0,0.0,3,61,21,4.8,19,24,16,22,15,16,7,0,0,0,0.0,4,8,1,2,0,420,201,98,121,21621,3426,1682,16429,CBJ,Metropolitan,Eastern
2025-2026,20251116,8,NYI,183905,Maxim Shabanov,ROSTER,25.0,"5'9""",167.0,Russia,Chelyabinsk,True,RW,6,1,2,3,1.33,0.33,0.17,0.5,2.3,0.0,0,0,1,1,0,0,0,0,0,0,0,0,0,0.0,-3,15,8,12.5,0,3,4,5,6,5,1,0,0,0,0.0,0,0,1,2,0,96,87,4,7,4218,581,0,3637,NYI,Metropolitan,Eastern
2025-2026,20251116,23,CGY,18107,Yegor Sharangovich,ROSTER,27.0,"6'2""",195.0,Belarus,Minsk,False,C,16,2,2,4,1.38,0.12,0.12,0.25,7.1,0.0,0,1,0,1,0,0,0,0,0,0,1,1,0,0.0,-10,51,22,9.1,5,17,12,4,13,6,1,25,6,19,24.0,0,0,2,4,0,279,165,72,45,13472,3027,1162,9201,CGY,Pacific,Western
2025-2026,20251116,10,PIT,5716,Ryan Shea,ROSTER,28.0,"6'1""",176.0,USA,"Milton, MA",False,D,18,2,6,8,1.0,0.33,0.11,0.44,25.5,17.7,0,0,0,0,0,0,0,0,0,0,0,0,0,0.0,3,40,18,11.1,22,12,10,5,26,22,5,0,0,0,0.0,3,14,1,2,0,419,237,89,85,21985,3132,1779,16502,PIT,Metropolitan,Eastern
2025-2026,20251116,9,NYR,5892,Conor Sheary,ROSTER,33.0,"5'8""",179.0,USA,"Winchester, MA",False,LW,19,0,5,5,1.47,0.26,0.0,0.26,13.2,7.1,0,0,1,1,0,0,0,0,0,0,0,0,0,0.0,0,58,28,0.0,9,13,18,8,12,15,5,11,8,3,72.7,2,4,7,14,0,388,191,97,93,17260,3548,1241,11976,NYR,Metropolitan,Eastern
2025-2026,20251116,21,VAN,15089,Kiefer Sherwood,ROSTER,30.0,"6'0""",194.0,USA,"Columbus, OH",False,LW,19,11,1,12,1.95,0.05,0.58,0.63,52.6,21.3,3,2,0,2,1,0,1,1,0,1,1,1,0,0.0,-3,72,37,29.7,12,9,26,86,25,23,8,14,5,9,35.7,6,12,7,14,0,432,227,87,130,20137,2669,1333,16135,VAN,Pacific,Western
2025-2026,20251116,7,NJD,15109,Jonas Siegenthaler,ROSTER,28.0,"6'3""",210.0,Switzerland,Zurich,False,D,18,0,2,2,0.56,0.11,0.0,0.11,45.7,14.2,0,0,0,0,0,1,1,0,0,0,0,0,0,0.0,1,31,10,0.0,35,14,7,19,36,24,5,0,0,0,0.0,4,8,0,0,0,442,232,66,142,21392,2354,1343,17872,NJD,Metropolitan,Eastern
2025-2026,20251116,19,CBJ,34233,Cole Sillinger,ROSTER,22.0,"6'0""",197.0,USA,"Columbus, OH, United States",True,C,17,2,5,7,1.59,0.29,0.12,0.41,12.6,17.7,0,0,0,0,0,0,0,1,0,0,0,0,0,0.0,3,51,27,7.4,4,11,13,18,23,21,9,25,9,16,36.0,5,10,0,0,0,338,236,53,49,16483,3000,355,13027,CBJ,Metropolitan,Eastern
2025-2026,20251116,30,UTA,142305,Dmitri Simashev,ROSTER,,,,,,False,D,18,0,1,1,1.0,0.06,0.0,0.06,22.3,21.3,0,0,0,0,0,0,0,0,0,0,0,0,0,0.0,-7,33,18,0.0,19,6,9,5,35,19,1,0,0,0,0.0,4,16,1,2,0,384,358,15,11,17021,2064,201,14756,UTA,Central,Western
2025-2026,20251116,142,VGK,5330,Colton Sissons,ROSTER,32.0,"6'1""",200.0,Canada,"North Vancouver, BC",False,C,15,0,1,1,0.73,0.07,0.0,0.07,18.2,29.9,0,0,0,0,0,0,0,0,0,0,0,0,0,0.0,-5,22,11,0.0,8,5,6,21,16,8,1,157,84,73,53.5,6,15,5,15,1,248,115,53,80,9711,2467,369,6875,VGK,Pacific,Western
2025-2026,20251116,17,STL,30007,Hunter Skinner,ROSTER,24.0,"6'2""",182.0,USA,"Wyndotte, MI",True,D,1,0,0,0,0.0,0.0,0.0,0.0,2.9,0.0,0,0,0,0,0,0,0,0,0,0,0,0,0,0.0,1,1,0,0.0,1,1,0,4,1,0,0,0,0,0,0.0,0,0,0,0,0,16,10,1,5,645,115,0,530,STL,Central,Western
2025-2026,20251116,26,SJS,4876,Jeff Skinner,ROSTER,33.0,"5'11""",195.0,Canada,"Toronto, ON",False,LW,17,4,3,7,1.71,0.18,0.24,0.41,7.9,10.6,1,0,1,1,0,0,0,0,0,0,0,0,0,0.0,-4,60,29,13.8,4,18,13,8,13,16,2,8,2,6,25.0,3,6,7,14,0,267,153,79,39,12607,2784,1135,8688,SJS,Pacific,Western
2025-2026,20251116,18,NSH,5891,Brady Skjei,ROSTER,31.0,"6'3""",210.0,USA,"Lakeville, MN",False,D,19,0,6,6,1.42,0.32,0.0,0.32,21.2,14.2,0,0,2,2,0,0,0,0,0,0,0,0,0,0.0,-11,79,27,0.0,14,35,17,14,18,30,7,0,0,0,0.0,4,8,4,8,0,522,268,122,132,26131,3811,2783,19537,NSH,Central,Western
2025-2026,20251116,14,MTL,43333,Juraj Slafkovsky,ROSTER,21.0,"6'3""",238.0,Slovakia,Kosice,True,LW,18,6,3,9,2.22,0.17,0.33,0.5,34.2,24.8,2,4,2,6,0,0,0,0,0,0,0,0,0,0.0,4,81,40,15.0,17,18,23,35,20,12,1,15,3,12,20.0,7,14,6,12,0,366,301,56,15,19233,4297,580,14356,MTL,Atlantic,Eastern
2025-2026,20251116,20,CHI,56363,Landon Slaggert,ROSTER,23.0,"6'0""",180.0,USA,"South Bend, IN",False,LW,7,1,0,1,0.57,0.0,0.14,0.14,9.8,3.5,0,0,0,0,0,0,0,0,0,0,0,0,0,0.0,0,12,4,25.0,4,3,5,12,6,3,1,0,0,0,0.0,1,2,1,2,0,97,59,12,26,4064,519,103,3429,CHI,Central,Western
2025-2026,20251116,3,CAR,5866,Jaccob Slavin,ROSTER,31.0,"6'3""",207.0,USA,"Erie, CO",False,D,2,0,0,0,1.0,0.0,0.0,0.0,3.2,0.0,0,0,0,0,0,0,0,0,0,0,0,0,0,0.0,-1,10,2,0.0,3,5,3,0,3,3,2,0,0,0,0.0,0,0,0,0,0,49,26,14,9,2224,496,233,1495,CAR,Metropolitan,Eastern
2025-2026,20251116,18,NSH,28393,Cole Smith,ROSTER,30.0,"6'3""",195.0,USA,"Brainerd, MN",True,RW,13,3,0,3,1.38,0.0,0.23,0.23,19.4,14.2,1,0,0,0,0,0,0,1,0,0,0,0,0,0.0,-2,34,18,16.7,3,5,11,35,19,6,3,4,0,4,0.0,4,8,0,0,0,248,125,39,87,10481,1076,196,9209,NSH,Central,Western
2025-2026,20251116,142,VGK,5092,Reilly Smith,ROSTER,34.0,"6'1""",183.0,Canada,"Toronto, ON",False,RW,17,2,3,5,1.12,0.18,0.12,0.29,7.8,0.0,0,0,0,0,0,0,0,1,0,1,0,0,0,0.0,-2,37,19,10.5,3,7,11,10,9,12,4,0,0,0,0.0,0,0,3,8,0,312,156,88,70,13839,4265,1073,8501,VGK,Pacific,Western
2025-2026,20251116,26,SJS,134098,Will Smith,ROSTER,20.0,"6'0""",181.0,USA,"Boston, MA",True,C,19,7,10,17,2.26,0.53,0.37,0.89,9.6,14.2,2,1,3,4,0,0,0,2,0,1,1,1,0,0.0,5,91,43,16.3,6,29,19,7,14,17,2,19,3,16,15.8,4,8,4,8,0,378,251,21,114,20605,2547,0,18092,SJS,Pacific,Western
2025-2026,20251116,17,STL,56646,Jimmy Snuggerud,ROSTER,21.0,"6'1""",188.0,USA,"Chaska, MN",False,RW,19,5,6,11,2.0,0.32,0.26,0.58,20.7,10.6,1,2,2,4,0,0,0,2,0,0,2,0,0,0.0,-2,82,38,13.2,13,21,23,15,16,8,9,2,2,0,100.0,3,6,1,2,0,376,314,51,16,17717,3042,437,14238,STL,Central,Western
2025-2026,20251116,16,DET,30182,Elmer Soderblom,ROSTER,24.0,"6'8""",246.0,Sweden,Gteborg,True,LW,11,1,0,1,1.0,0.0,0.09,0.09,12.3,3.5,0,0,0,0,0,0,0,0,0,0,0,0,0,0.0,-4,27,11,9.1,2,7,9,22,10,6,2,1,1,0,100.0,1,2,2,4,0,161,111,37,14,6896,921,528,5447,DET,Atlantic,Eastern
2025-2026,20251116,22,COL,30036,Ilya Solovyov,ROSTER,25.0,"6'3""",208.0,Belarus,Mogilev,True,D,9,0,0,0,1.0,0.0,0.0,0.0,20.9,7.1,0,0,0,0,0,0,0,0,0,0,0,0,0,0.0,-4,28,9,0.0,15,11,8,11,21,3,2,0,0,0,0.0,2,4,1,2,0,143,96,18,29,6240,555,572,5113,COL,Central,Western
2025-2026,20251116,9,NYR,14381,Carson Soucy,ROSTER,31.0,"6'5""",210.0,Canada,"Viking, AB",True,D,15,1,2,3,0.8,0.13,0.07,0.2,28.6,3.5,0,0,0,0,0,0,0,0,0,0,0,0,0,0.0,5,24,12,8.3,17,9,3,23,26,17,3,0,0,0,0.0,1,2,0,0,0,336,162,56,106,15600,2350,999,11440,NYR,Metropolitan,Eastern
2025-2026,20251116,5,WSH,34057,Justin Sourdif,ROSTER,23.0,"5'11""",173.0,Canada,"Surrey, BC",True,RW,18,2,0,2,0.94,0.0,0.11,0.11,18.8,7.1,0,0,0,0,0,0,0,0,0,0,0,0,0,0.0,-1,43,17,11.8,5,14,12,29,29,12,3,60,33,27,55.0,2,4,4,10,0,280,190,63,24,12517,2667,1173,8455,WSH,Metropolitan,Eastern
2025-2026,20251116,13,OTT,28485,Jordan Spence,ROSTER,24.0,"5'10""",175.0,Australia,"Manly, Australia",True,D,10,1,7,8,1.7,0.7,0.1,0.8,9.9,3.5,0,0,0,0,0,0,0,0,0,0,0,0,0,0.0,6,37,17,5.9,5,12,8,10,24,11,1,0,0,0,0.0,1,2,0,0,0,235,130,31,75,11000,1294,213,9493,OTT,Atlantic,Eastern
2025-2026,20251116,25,MIN,4918,Jared Spurgeon,ROSTER,35.0,"5'9""",167.0,Canada,"Edmonton, AB",False,D,19,1,3,4,1.11,0.16,0.05,0.21,46.6,0.0,0,1,2,3,0,0,0,0,0,0,0,0,0,0.0,-8,59,21,4.8,31,24,14,30,27,19,5,0,0,0,0.0,0,0,2,4,0,470,269,84,119,24356,5851,1589,16884,MIN,Central,Western
2025-2026,20251116,3,CAR,4029,Jordan Staal,ROSTER,37.0,"6'4""",220.0,Canada,"Thunder Bay, ON",False,C,18,4,2,6,1.17,0.11,0.22,0.33,24.9,37.0,1,0,0,0,0,0,0,0,0,0,0,0,0,0.0,1,44,21,19.0,10,10,13,31,17,15,5,357,207,150,58.0,6,23,4,11,1,410,185,113,116,16576,4276,1080,11220,CAR,Metropolitan,Eastern
2025-2026,20251116,18,NSH,4457,Steven Stamkos,ROSTER,35.0,"6'1""",194.0,Canada,"Markham, ON",False,C,19,4,1,5,2.0,0.05,0.21,0.26,15.5,24.8,1,2,0,2,0,0,0,1,0,1,1,0,0,0.0,-6,86,38,10.5,9,28,20,13,12,22,6,113,62,51,54.9,7,14,4,8,0,372,202,99,74,19997,6965,1399,11633,NSH,Central,Western
2025-2026,20251116,3,CAR,34846,Logan Stankoven,ROSTER,22.0,"5'8""",170.0,Canada,"Kamloops, BC",True,C,18,5,5,10,1.94,0.28,0.28,0.56,8.5,24.6,1,0,0,0,0,0,0,1,0,0,0,0,0,0.0,5,68,35,14.3,5,20,13,7,22,10,9,240,102,138,42.5,4,13,6,15,1,332,187,48,102,16688,1674,297,14717,CAR,Metropolitan,Eastern
2025-2026,20251116,2,WPJ,9644,Logan Stanley,ROSTER,27.0,"6'6""",216.0,Canada,"Kitchener, ON",False,D,18,2,6,8,0.94,0.33,0.11,0.44,38.9,52.8,0,0,0,0,0,0,0,1,0,0,0,0,0,0.0,7,57,17,11.8,25,16,24,27,37,15,6,0,0,0,0.0,10,26,4,14,2,387,248,76,65,18787,2651,1784,14352,WPG,,
2025-2026,20251116,18,NSH,38802,Spencer Stastney,ROSTER,25.0,"5'10""",180.0,USA,"Woodbridge, IL",True,D,19,1,6,7,0.89,0.32,0.05,0.37,18.2,7.1,0,0,0,0,0,1,1,0,0,0,0,0,0,0.0,-3,42,17,5.9,16,15,10,3,25,14,6,0,0,0,0.0,2,4,5,10,0,407,228,46,135,17880,1121,361,16399,NSH,Central,Western
2025-2026,20251116,24,EDM,10108,Troy Stecher,UNDRAFTED,31.0,"5'10""",186.0,Canada,"Richmond, BC",False,D,6,0,0,0,0.5,0.0,0.0,0.0,4.1,14.2,0,0,0,0,0,0,0,0,0,0,0,0,0,0.0,0,9,3,0.0,3,5,1,2,16,8,2,0,0,0,0.0,4,8,0,0,0,108,70,28,10,4904,1152,357,3395,EDM,Pacific,Western
2025-2026,20251116,27,DAL,9656,Sam Steel,ROSTER,27.0,"5'11""",189.0,Canada,"Edmonton, AB",False,C,19,2,5,7,1.05,0.26,0.11,0.37,20.2,10.6,0,1,2,3,0,0,0,1,0,0,0,0,0,0.0,-5,43,20,10.0,9,8,15,23,21,11,6,81,48,33,59.3,3,6,7,14,0,437,202,115,118,20542,3953,1751,14634,DAL,Central,Western
2025-2026,20251116,11,BOS,30004,Alex Steeves,ROSTER,25.0,"5'11""",185.0,USA,"Bedford, NH",True,C,4,1,0,1,1.0,0.0,0.25,0.25,10.6,0.0,0,0,0,0,0,0,0,0,0,0,0,0,0,0.0,0,10,4,25.0,3,3,3,16,5,2,0,0,0,0,0.0,0,0,2,4,0,63,46,17,1,2884,791,259,1834,BOS,Atlantic,Eastern
2025-2026,20251116,30,UTA,15136,Kevin Stenlund,ROSTER,29.0,"6'4""",210.0,Sweden,Stockholm,False,C,18,1,2,3,0.94,0.11,0.06,0.17,22.3,10.6,0,0,0,0,0,0,0,0,0,0,0,0,0,0.0,-3,40,17,5.9,15,10,13,14,17,11,6,301,158,143,52.5,3,6,0,0,0,387,184,89,115,16266,2141,954,13171,UTA,Central,Western
2025-2026,20251116,143,SEA,5838,Chandler Stephenson,ROSTER,31.0,"6'0""",208.0,Canada,"Saskatoon, SK",False,C,18,4,8,12,1.44,0.44,0.22,0.67,17.6,0.0,1,2,2,4,0,0,0,0,0,0,0,0,0,0.0,-1,43,26,15.4,15,12,5,4,15,20,8,393,192,201,48.9,0,0,5,10,0,471,199,175,92,22226,5092,2809,13832,SEA,Pacific,Western
2025-2026,20251116,142,VGK,5105,Mark Stone,ROSTER,33.0,"6'3""",202.0,Canada,"Winnipeg, MB",False,RW,6,2,11,13,3.17,1.83,0.33,2.17,6.7,0.0,0,1,7,8,0,1,1,0,0,0,0,0,0,0.0,2,30,19,10.5,5,5,6,3,3,6,1,1,0,1,0.0,0,0,3,6,0,125,62,36,29,6627,1789,535,4303,VGK,Pacific,Western
2025-2026,20251116,5,WSH,5598,Dylan Strome,ROSTER,28.0,"6'3""",200.0,Canada,"Mississauga, ON",False,C,16,5,11,16,2.06,0.69,0.31,1.0,8.5,10.6,1,0,4,4,0,0,0,1,0,0,2,0,1,50.0,10,57,33,15.2,5,14,10,7,8,14,6,272,159,113,58.5,3,6,1,2,0,330,151,103,77,17024,4139,2085,10534,WSH,Metropolitan,Eastern
2025-2026,20251116,29,ANA,4997,Ryan Strome,ROSTER,32.0,"6'1""",190.0,Canada,"Mississauga, ON",False,C,2,0,1,1,2.0,0.5,0.0,0.5,2.1,0.0,0,0,0,0,0,0,0,0,0,0,0,0,0,0.0,0,6,4,0.0,2,1,1,0,2,3,0,26,9,17,34.6,0,0,0,0,0,35,15,6,14,1518,591,15,912,ANA,Pacific,Western
2025-2026,20251116,14,MTL,38014,Jayden Struble,ROSTER,24.0,"6'0""",205.0,USA,"Cumberland, RI",True,D,14,0,4,4,0.57,0.29,0.0,0.29,24.9,38.6,0,0,0,0,0,0,0,0,0,0,0,0,0,0.0,-2,28,8,0.0,10,10,10,31,14,15,2,0,0,0,0.0,6,18,2,10,2,255,154,23,78,12796,1531,581,10684,MTL,Atlantic,Eastern
2025-2026,20251116,13,OTT,19051,Tim Stützle,ROSTER,23.0,"6'0""",190.0,Germany,Viersen,True,C,19,10,9,19,2.68,0.47,0.53,1.0,27.9,12.4,3,2,2,4,0,0,0,2,0,1,2,0,2,100.0,6,93,51,19.6,15,28,14,26,34,23,6,175,107,68,61.1,4,6,9,18,0,486,332,97,69,22530,5686,1434,15732,OTT,Atlantic,Eastern
2025-2026,20251116,17,STL,5819,Oskar Sundqvist,ROSTER,31.0,"6'3""",209.0,Sweden,Boden,False,C,11,0,8,8,0.82,0.73,0.0,0.73,12.6,10.6,0,0,1,1,0,0,0,0,0,0,0,0,0,0.0,-2,17,9,0.0,4,3,5,18,6,5,4,91,39,52,42.9,3,6,0,0,0,198,114,49,35,8896,1615,1159,6122,STL,Central,Western
2025-2026,20251116,17,STL,28325,Pius Suter,ROSTER,29.0,"5'11""",176.0,Switzerland,Wallisellen,True,C,19,5,5,10,1.58,0.26,0.26,0.53,12.8,10.6,1,1,1,2,0,1,1,1,0,0,0,0,0,0.0,-2,61,30,16.7,6,13,18,14,3,11,6,193,94,99,48.7,3,6,2,4,0,417,223,100,99,19185,3284,1137,14764,STL,Central,Western
2025-2026,20251116,14,MTL,13628,Nick Suzuki,ROSTER,26.0,"5'11""",208.0,Canada,"London, ON",False,C,18,4,17,21,2.17,0.94,0.22,1.17,21.2,3.5,1,3,6,9,0,0,0,0,0,0,1,1,0,0.0,10,79,39,10.3,14,13,27,14,23,11,3,312,163,149,52.2,1,2,2,4,0,398,183,41,178,22024,3271,597,18156,MTL,Atlantic,Eastern
2025-2026,20251116,18,NSH,37974,Fedor Svechkov,ROSTER,22.0,"6'0""",187.0,Russia,Togliatti,True,C,17,0,1,1,1.29,0.06,0.0,0.06,13.5,3.5,0,0,0,0,0,0,0,0,0,0,0,0,0,0.0,-7,41,22,0.0,8,12,7,11,19,10,3,109,47,62,43.1,1,2,3,6,0,262,188,30,44,12576,1660,325,10591,NSH,Central,Western
2025-2026,20251116,3,CAR,14525,Andrei Svechnikov,ROSTER,25.0,"6'2""",195.0,Russia,Barnaul,False,RW,18,6,4,10,2.67,0.22,0.33,0.56,11.9,14.2,2,3,0,3,0,0,0,0,0,0,1,1,0,0.0,3,99,48,12.5,2,27,24,21,25,19,4,4,3,1,75.0,4,8,1,2,0,353,218,78,63,17241,3428,1454,12359,CAR,Metropolitan,Eastern
2025-2026,20251116,30,UTA,9068,Brandon Tanev,ROSTER,33.0,"6'0""",180.0,Canada,"Toronto, ON",False,LW,18,0,1,1,0.83,0.06,0.0,0.06,35.5,10.6,0,0,0,0,0,0,0,0,0,0,0,0,0,0.0,-8,25,15,0.0,9,5,5,56,24,17,2,5,1,4,20.0,3,6,4,8,0,273,161,69,43,11001,1560,1293,8148,UTA,Central,Western
2025-2026,20251116,12,TOR,4939,Christopher Tanev,ROSTER,35.0,"6'2""",197.0,Canada,"Toronto, ON",False,D,8,0,2,2,0.75,0.25,0.0,0.25,9.4,0.0,0,0,0,0,0,0,0,0,0,0,0,0,0,0.0,5,16,6,0.0,8,8,2,2,20,3,4,0,0,0,0.0,0,0,2,4,0,211,116,36,59,8322,1526,146,6650,TOR,Atlantic,Eastern
2025-2026,20251116,25,MIN,5135,Vladimir Tarasenko,ROSTER,33.0,"6'0""",225.0,Russia,Yaroslavl,False,RW,18,2,8,10,1.67,0.44,0.11,0.56,16.0,0.0,0,1,6,7,0,0,0,0,0,0,1,1,0,0.0,-6,63,30,6.7,9,19,14,14,22,12,5,0,0,0,0.0,0,0,3,6,0,293,132,107,56,16519,4826,1336,10357,MIN,Central,Western
2025-2026,20251116,12,TOR,4680,John Tavares,ROSTER,35.0,"6'1""",215.0,Canada,"Mississauga, ON",False,C,19,11,13,24,2.95,0.68,0.58,1.26,13.6,7.1,3,2,2,4,0,0,0,1,0,1,0,0,0,0.0,4,104,56,19.6,5,24,24,18,16,13,5,316,191,125,60.4,2,4,4,8,0,395,204,112,91,20495,6946,1382,12128,TOR,Atlantic,Eastern
2025-2026,20251116,20,CHI,5355,Teuvo Teravainen,ROSTER,31.0,"5'11""",191.0,Finland,Helsinki,False,C,18,4,9,13,1.22,0.5,0.22,0.72,13.2,3.5,1,1,5,6,0,0,0,1,0,0,1,0,0,0.0,5,48,22,18.2,9,14,12,8,10,25,5,29,11,18,37.9,1,2,3,6,0,442,204,90,149,20718,5276,1079,14140,CHI,Central,Western
2025-2026,20251116,29,ANA,5738,Troy Terry,ROSTER,28.0,"6'0""",186.0,USA,"Denver, CO",False,RW,18,5,15,20,2.39,0.83,0.28,1.11,2.1,3.5,1,0,5,5,1,2,3,1,0,0,1,0,1,100.0,11,86,43,11.6,2,17,26,0,17,10,5,3,2,1,66.7,1,2,4,8,0,424,185,95,151,20034,4038,1144,14896,ANA,Pacific,Western
2025-2026,20251116,17,STL,15997,Alexandre Texier,ROSTER,26.0,"6'1""",192.0,France,Grenoble,False,LW,8,0,1,1,0.88,0.12,0.0,0.12,5.2,3.5,0,0,0,0,0,0,0,0,0,0,0,0,0,0.0,0,13,7,0.0,1,2,4,9,5,2,1,1,1,0,100.0,1,2,1,2,0,106,64,28,14,4923,1102,387,3434,STL,Central,Western
2025-2026,20251116,142,VGK,5900,Shea Theodore,ROSTER,30.0,"6'2""",195.0,Canada,"Langley, BC",False,D,17,1,6,7,2.29,0.35,0.06,0.41,31.6,3.5,0,0,2,2,0,0,0,0,0,0,0,0,0,0.0,5,87,39,2.6,30,32,16,0,21,22,6,0,0,0,0.0,1,2,3,6,0,481,232,152,98,24474,5942,2922,15552,VGK,Pacific,Western
2025-2026,20251116,17,STL,14609,Robert Thomas,ROSTER,26.0,"6'0""",188.0,Canada,"Aurora, ON",False,C,15,3,9,12,1.47,0.6,0.2,0.8,9.8,7.1,1,1,3,4,0,0,0,0,0,0,1,0,0,0.0,1,42,22,13.6,8,14,6,3,14,24,9,242,125,117,51.7,2,4,3,6,0,340,175,73,95,16319,2568,1122,12629,STL,Central,Western
2025-2026,20251116,15,BUF,9652,Tage Thompson,ROSTER,28.0,"6'6""",215.0,USA,"Oyster Bay, NY",False,C,18,8,8,16,4.0,0.44,0.44,0.89,23.2,17.7,2,2,3,5,0,0,0,0,0,0,1,1,0,0.0,-6,150,72,11.1,11,42,36,25,16,21,10,144,71,73,49.3,5,10,3,6,0,437,211,52,182,20608,3726,363,16519,BUF,Atlantic,Eastern
2025-2026,20251116,15,BUF,15181,Conor Timmins,ROSTER,27.0,"6'2""",185.0,Canada,"Thorold, ON",False,D,18,0,4,4,0.89,0.22,0.0,0.22,44.2,17.7,0,0,0,0,0,0,0,0,0,0,0,0,0,0.0,-4,49,16,0.0,38,19,14,9,27,20,4,0,0,0,0.0,5,10,2,4,0,471,229,46,196,21427,1476,205,19746,BUF,Atlantic,Eastern
2025-2026,20251116,6,PHI,13625,Owen Tippett,ROSTER,26.0,"6'0""",183.0,Canada,"Peterborough, ON",False,RW,18,6,5,11,2.72,0.28,0.33,0.61,21.9,28.4,2,1,0,1,0,0,0,0,0,0,0,0,0,0.0,0,90,49,12.2,8,16,25,29,16,25,5,1,0,1,0.0,6,20,6,12,0,402,227,91,90,18120,3058,927,14135,PHI,Metropolitan,Eastern
2025-2026,20251116,13,OTT,14527,Brady Tkachuk,ROSTER,26.0,"6'4""",212.0,USA,"St. Louis, MO",False,LW,3,0,3,3,3.33,1.0,0.0,1.0,4.7,7.1,0,0,1,1,0,0,0,0,0,0,0,0,0,0.0,1,21,10,0.0,0,6,5,10,1,4,1,11,8,3,72.7,2,4,3,6,0,69,37,4,28,2991,393,102,2496,OTT,Atlantic,Eastern
2025-2026,20251116,22,COL,13917,Devon Toews,ROSTER,31.0,"6'1""",191.0,Canada,"Abbotsford, BC",False,D,18,0,7,7,1.33,0.39,0.0,0.39,26.4,7.1,0,0,0,0,0,0,0,0,0,0,0,0,0,0.0,11,61,24,0.0,22,24,13,7,7,18,7,0,0,0,0.0,2,4,1,2,0,504,227,163,114,25033,3766,3518,17749,COL,Central,Western
2025-2026,20251116,2,WPJ,4262,Jonathan Toews,ROSTER,37.0,"6'2""",201.0,Canada,"Winnipeg, MB",False,C,18,3,5,8,1.39,0.28,0.17,0.44,15.1,17.7,1,1,2,3,0,0,0,0,0,0,1,0,0,0.0,-8,47,25,12.0,13,8,14,3,15,9,4,269,169,100,62.8,5,10,3,6,0,385,177,106,105,17427,5100,1160,11167,WPG,,
2025-2026,20251116,26,SJS,5191,Tyler Toffoli,ROSTER,33.0,"6'0""",197.0,Canada,"Scarborough, ON",False,C,19,5,6,11,2.0,0.32,0.26,0.58,18.6,3.5,1,2,1,3,0,0,0,0,0,0,1,0,0,0.0,2,89,38,13.2,11,29,22,15,6,12,5,4,1,3,25.0,1,2,0,0,0,397,196,126,80,18985,5240,1127,12618,SJS,Pacific,Western
2025-2026,20251116,143,SEA,13645,Eeli Tolvanen,ROSTER,26.0,"5'10""",191.0,Finland,Vihti,False,RW,18,3,6,9,1.22,0.33,0.17,0.5,35.7,10.6,1,2,2,4,0,0,0,0,0,0,1,0,1,100.0,0,61,22,13.6,14,25,14,45,16,12,5,0,0,0,0.0,3,6,3,6,0,351,189,117,41,16234,3754,2131,10001,SEA,Pacific,Western
2025-2026,20251116,24,EDM,183906,David Tomasek,ROSTER,29.0,"6'2""",210.0,Czech Republic,Praha,True,RW,14,1,2,3,1.43,0.14,0.07,0.21,8.3,10.6,0,0,2,2,0,0,0,0,0,0,1,0,0,0.0,-7,35,20,5.0,3,4,11,11,9,7,2,40,19,21,47.5,3,6,2,4,0,195,162,30,5,9679,2424,44,7246,EDM,Pacific,Western
2025-2026,20251116,10,PIT,24517,Philip Tomasino,ROSTER,24.0,"6'0""",180.0,Canada,"Mississauga, ON",False,RW,8,0,1,1,1.12,0.12,0.0,0.12,12.0,0.0,0,0,0,0,0,0,0,0,0,0,0,0,0,0.0,-2,16,9,0.0,7,3,4,10,12,3,0,4,2,2,50.0,0,0,0,0,0,117,72,29,10,5874,806,489,4171,PIT,Metropolitan,Eastern
2025-2026,20251116,17,STL,18182,Alexei Toropchenko,ROSTER,26.0,"6'3""",187.0,Russia,Moscow,False,RW,12,1,1,2,0.83,0.08,0.08,0.17,21.4,0.0,0,0,0,0,1,0,1,0,0,0,0,0,0,0.0,-6,15,10,10.0,8,2,3,28,5,8,1,0,0,0,0.0,0,0,1,2,0,214,131,44,40,8455,1424,561,6470,STL,Central,Western
2025-2026,20251116,25,MIN,17203,Yakov Trenin,ROSTER,28.0,"6'2""",201.0,Russia,Chelyabinsk,True,C,19,0,3,3,1.16,0.16,0.0,0.16,49.1,14.2,0,0,0,0,0,0,0,0,0,0,0,0,0,0.0,0,49,22,0.0,10,9,18,83,34,11,3,25,9,16,36.0,4,8,1,2,0,272,149,68,55,14404,2672,2217,9515,MIN,Central,Western
2025-2026,20251116,9,NYR,5342,Vincent Trocheck,ROSTER,32.0,"5'10""",183.0,USA,"Pittsburgh, PA",False,C,5,2,3,5,0.8,0.6,0.4,1.0,11.8,7.1,0,0,1,1,0,0,0,0,0,0,1,0,1,100.0,4,13,4,50.0,5,3,6,14,5,3,5,77,41,36,53.2,2,4,0,0,0,109,55,20,30,5003,1252,341,2983,NYR,Metropolitan,Eastern
2025-2026,20251116,29,ANA,5232,Jacob Trouba,ROSTER,31.0,"6'3""",209.0,USA,"Rochester, MI",False,D,18,4,8,12,1.78,0.44,0.22,0.67,65.0,7.1,1,0,0,0,0,0,0,1,0,1,0,0,0,0.0,14,70,32,12.5,41,22,16,47,14,23,7,0,0,0,0.0,2,4,3,6,0,503,246,101,160,24532,3979,1448,19105,ANA,Pacific,Western
2025-2026,20251116,8,NYI,142668,Maxim Tsyplakov,ROSTER,,,,,,False,RW,12,1,0,1,0.83,0.0,0.08,0.08,8.8,0.0,0,0,0,0,0,0,0,0,0,0,0,0,0,0.0,-7,20,10,10.0,0,7,3,19,7,9,1,3,0,3,0.0,0,0,1,2,0,155,131,10,15,6544,481,67,5996,NYI,Metropolitan,Eastern
2025-2026,20251116,15,BUF,11711,Alex Tuch,ROSTER,29.0,"6'4""",220.0,USA,"Syracuse, NY",False,RW,18,7,9,16,2.28,0.5,0.39,0.89,25.2,51.2,2,0,0,0,1,0,1,0,0,0,1,1,0,0.0,1,84,41,17.1,20,11,33,9,8,11,4,11,4,7,36.4,10,31,6,15,1,472,209,73,196,20313,3430,773,16110,BUF,Atlantic,Eastern
2025-2026,20251116,17,STL,20063,Tyler Tucker,ROSTER,25.0,"6'1""",205.0,Canada,"Thunder Bay, ON",False,D,18,1,3,4,0.83,0.17,0.06,0.22,27.9,63.0,0,0,0,0,0,0,0,0,0,0,0,0,0,0.0,-1,36,15,6.7,15,14,7,26,26,17,1,0,0,0,0.0,8,28,6,24,4,307,184,38,86,13562,1637,587,11338,STL,Central,Western
2025-2026,20251116,28,LAK,19087,Alex Turcotte,ROSTER,24.0,"5'11""",185.0,USA,"Elk Grove, IL",False,C,19,0,3,3,0.79,0.16,0.0,0.16,7.1,13.3,0,0,0,0,0,0,0,0,0,0,0,0,0,0.0,-2,34,15,0.0,5,11,8,4,26,10,2,117,62,55,53.0,3,9,2,4,0,248,164,41,43,10620,1649,476,8495,LAK,Pacific,Western
2025-2026,20251116,9,NYR,13633,Urho Vaakanainen,ROSTER,26.0,"6'2""",196.0,Finland,Joensuu,False,D,14,0,3,3,0.71,0.21,0.0,0.21,11.8,17.7,0,0,0,0,0,0,0,0,0,0,0,0,0,0.0,3,32,10,0.0,9,13,10,5,26,9,2,0,0,0,0.0,5,10,2,4,0,265,161,25,66,12390,1074,380,10267,NYR,Metropolitan,Eastern
2025-2026,20251116,16,DET,4683,James van Riemsdyk,ROSTER,36.0,"6'3""",217.0,USA,"Middletown, New Jersey",False,LW,13,1,1,2,1.23,0.08,0.08,0.15,9.5,10.6,0,0,0,0,0,0,0,0,0,0,1,0,1,100.0,-3,36,16,6.2,9,8,12,0,13,6,1,1,1,0,100.0,3,6,1,2,0,212,105,56,53,9457,3866,856,5619,DET,Atlantic,Eastern
2025-2026,20251116,5,WSH,5460,Trevor van Riemsdyk,ROSTER,34.0,"6'2""",192.0,USA,"Middletown, New Jersey",False,D,14,1,1,2,0.64,0.07,0.07,0.14,17.2,14.2,0,0,0,0,0,0,0,0,0,0,0,0,0,0.0,0,18,9,11.1,15,6,3,3,7,10,1,0,0,0,0.0,4,8,1,2,0,261,128,40,90,12526,1971,720,9633,WSH,Metropolitan,Eastern
2025-2026,20251116,29,ANA,5851,Frank Vatrano,ROSTER,31.0,"5'10""",200.0,USA,"East Longmeadow, MA",False,RW,18,2,1,3,1.67,0.06,0.11,0.17,31.1,19.3,0,0,1,1,0,0,0,1,0,0,0,0,0,0.0,-7,50,30,6.7,11,11,9,42,12,7,1,10,4,6,40.0,3,9,3,9,1,306,150,79,79,12979,2521,757,9781,ANA,Pacific,Western
2025-2026,20251116,14,MTL,18040,Joe Veleno,ROSTER,25.0,"6'1""",191.0,Canada,"Montreal, QC",False,C,13,0,0,0,0.77,0.0,0.0,0.0,19.9,26.4,0,0,0,0,0,0,0,0,0,0,0,0,0,0.0,-7,20,10,0.0,7,5,5,27,10,3,1,56,25,31,44.6,5,13,3,9,1,188,102,34,52,8896,1059,181,7656,MTL,Atlantic,Eastern
2025-2026,20251116,4,FLO,17177,Carter Verhaeghe,ROSTER,30.0,"6'1""",177.0,Canada,"Waterdown, ON",False,C,18,2,6,8,2.44,0.33,0.11,0.44,13.8,10.6,0,1,2,3,0,0,0,1,0,0,0,0,0,0.0,-7,97,44,4.5,6,34,19,16,30,14,7,24,11,13,45.8,3,6,4,8,0,390,190,97,106,19366,5065,1431,12870,FLA,,
2025-2026,20251116,11,BOS,18174,Jeffrey Viel,ROSTER,28.0,"6'0""",195.0,Canada,"Rimouski, QC",False,LW,7,0,0,0,0.71,0.0,0.0,0.0,13.3,22.8,0,0,0,0,0,0,0,0,0,0,0,0,0,0.0,-2,13,5,0.0,2,3,5,24,4,2,1,2,1,1,50.0,4,11,3,9,1,101,53,26,22,4271,569,683,3019,BOS,Atlantic,Eastern
2025-2026,20251116,2,WPJ,18069,Gabriel Vilardi,ROSTER,26.0,"6'2""",185.0,Canada,"Kingston, ON",False,C,18,6,8,14,2.5,0.44,0.33,0.78,9.1,7.1,2,2,3,5,0,0,0,2,0,0,1,0,1,100.0,-3,82,45,13.3,6,14,23,6,19,13,4,20,10,10,50.0,2,4,3,6,0,374,201,159,21,20378,4864,4584,11116,WPG,,
2025-2026,20251116,20,CHI,38015,Alex Vlasic,ROSTER,24.0,"6'6""",200.0,USA,"Wilmette, IL",True,D,17,1,3,4,1.0,0.18,0.06,0.24,35.6,12.2,0,0,0,0,0,0,0,0,0,0,0,0,0,0.0,-1,36,17,5.9,29,9,10,11,34,15,6,0,0,0,0.0,1,5,2,7,1,435,192,32,205,22138,1518,316,19981,CHI,Central,Western
2025-2026,20251116,19,CBJ,56385,Dmitri Voronkov,ROSTER,25.0,"6'3""",183.0,Russia,,False,LW,18,7,7,14,2.22,0.39,0.39,0.78,22.0,42.5,2,2,0,2,0,0,0,0,0,0,0,0,0,0.0,8,75,40,17.5,5,4,31,36,5,18,4,7,1,6,14.3,12,24,2,4,0,360,220,97,50,17087,3924,1360,11803,CBJ,Metropolitan,Eastern
2025-2026,20251116,17,STL,13691,Nathan Walker,ROSTER,31.0,"5'9""",186.0,United Kingdom,Cardiff,False,LW,18,2,3,5,1.22,0.17,0.11,0.28,47.8,19.5,0,0,0,0,0,0,0,1,0,0,0,0,0,0.0,-2,35,22,9.1,14,3,10,71,18,10,2,36,19,17,52.8,5,12,4,8,0,316,165,89,64,13774,2649,1513,9612,STL,Central,Western
2025-2026,20251116,3,CAR,15368,Sean Walker,ROSTER,31.0,"5'11""",196.0,Canada,"Keswick, ON",False,D,18,4,2,6,2.28,0.11,0.22,0.33,43.6,21.3,1,0,1,1,0,0,0,0,0,0,0,0,0,0.0,-5,110,41,9.8,26,47,22,35,38,17,4,0,0,0,0.0,6,12,3,6,0,529,271,96,166,25800,2881,921,21998,CAR,Metropolitan,Eastern
2025-2026,20251116,24,EDM,13672,Jake Walman,ROSTER,29.0,"6'1""",170.0,Canada,"Toronto, ON",False,D,14,3,7,10,1.5,0.5,0.21,0.71,31.7,14.2,1,1,0,1,1,0,1,1,0,1,0,0,0,0.0,2,60,21,14.3,27,29,10,7,2,20,6,0,0,0,0.0,4,8,0,0,0,342,174,95,69,17443,3276,1338,12357,EDM,Pacific,Western
2025-2026,20251116,8,NYI,56461,Marshall Warren,ASSIGNED_TO_MINORS,24.0,"5'11""",170.0,USA,"Laurel Hollow, NY",False,D,2,0,2,2,0.0,1.0,0.0,1.0,0.9,3.5,0,0,0,0,0,0,0,0,0,0,0,0,0,0.0,1,1,0,0.0,0,1,0,2,5,2,1,0,0,0,0.0,1,2,1,2,0,36,22,3,11,1456,150,33,1273,NYI,Metropolitan,Eastern
2025-2026,20251116,23,CGY,12274,MacKenzie Weegar,ROSTER,31.0,"6'0""",200.0,Canada,"Nepean, ON",False,D,20,0,4,4,2.0,0.2,0.0,0.2,63.7,44.1,0,0,2,2,0,0,0,0,0,0,0,0,0,0.0,-16,100,40,0.0,38,40,20,51,50,33,8,0,0,0,0.0,8,27,4,11,1,659,284,143,232,28903,5244,2277,21382,CGY,Pacific,Western
2025-2026,20251116,26,SJS,5449,Alexander Wennberg,ROSTER,31.0,"6'2""",197.0,Sweden,Stockholm,False,C,19,5,6,11,1.05,0.32,0.26,0.58,27.6,7.1,1,2,2,4,0,0,0,1,0,0,0,0,0,0.0,-5,35,20,25.0,24,12,3,5,11,18,10,295,138,157,46.8,2,4,6,12,0,475,240,129,111,23529,4383,2010,17136,SJS,Pacific,Western
2025-2026,20251116,19,CBJ,5603,Zach Werenski,ROSTER,28.0,"6'2""",212.0,USA,"Grosse Pointe, MI",False,D,18,4,9,13,3.67,0.5,0.22,0.72,34.1,0.0,1,1,3,4,0,0,0,0,0,0,0,0,0,0.0,9,157,66,6.1,28,56,35,10,23,37,11,0,0,0,0.0,0,0,1,2,0,482,248,66,170,28778,5919,994,21804,CBJ,Metropolitan,Eastern
2025-2026,20251116,7,NJD,15576,Colton White,ROSTER,28.0,"6'1""",190.0,Canada,"London, ON",False,D,4,0,0,0,0.75,0.0,0.0,0.0,3.5,0.0,0,0,0,0,0,0,0,0,0,0,0,0,0,0.0,-1,8,3,0.0,2,4,1,3,6,2,0,0,0,0,0.0,0,0,0,0,0,68,37,3,25,2825,282,0,2445,NJD,Metropolitan,Eastern
2025-2026,20251116,142,VGK,14133,Zach Whitecloud,ROSTER,28.0,"6'2""",209.0,Canada,"Brandon, MB",False,D,17,0,2,2,0.59,0.12,0.0,0.12,35.0,14.2,0,0,0,0,0,0,0,0,0,0,0,0,0,0.0,-1,36,10,0.0,20,22,4,30,39,15,1,0,0,0,0.0,4,8,3,6,0,391,255,95,41,18214,4322,1430,12462,VGK,Pacific,Western
2025-2026,20251116,18,NSH,28517,Ozzy Wiesblatt,ROSTER,23.0,"5'10""",183.0,Canada,"Calgary, AB",True,C,16,0,2,2,0.81,0.12,0.0,0.12,25.4,33.5,0,0,0,0,0,0,0,0,0,0,1,0,1,100.0,-8,30,13,0.0,6,9,8,41,23,7,2,4,0,4,0.0,7,17,4,11,1,250,166,48,37,10510,1693,507,8693,NSH,Central,Western
2025-2026,20251116,21,VAN,166972,Tom Willander,ROSTER,20.0,"6'1""",179.0,Sweden,Stockholm,True,D,9,0,2,2,0.78,0.22,0.0,0.22,11.0,3.5,0,0,0,0,0,0,0,0,0,0,0,0,0,0.0,2,27,7,0.0,10,9,11,1,12,4,2,0,0,0,0.0,1,2,0,0,0,182,158,12,12,7616,1296,45,6275,VAN,Pacific,Western
2025-2026,20251116,18,NSH,53068,Adam Wilsby,ROSTER,25.0,"6'0""",183.0,Sweden,Stockholm,True,D,13,0,2,2,1.08,0.15,0.0,0.15,10.3,17.7,0,0,0,0,0,0,0,0,0,0,0,0,0,0.0,-2,38,14,0.0,8,18,6,4,24,12,3,0,0,0,0.0,5,10,0,0,0,294,219,34,41,13405,2884,518,10003,NSH,Central,Western
2025-2026,20251116,5,WSH,5225,Tom Wilson,ROSTER,31.0,"6'4""",220.0,Canada,"Toronto, ON",False,RW,18,9,8,17,2.28,0.44,0.5,0.94,29.1,68.9,3,4,1,5,0,0,0,0,0,0,0,0,0,0.0,5,79,41,22.0,6,17,21,49,17,15,6,11,5,6,45.5,13,45,7,17,1,427,214,120,96,20982,5875,1885,12923,WSH,Metropolitan,Eastern
2025-2026,20251116,143,SEA,56633,Ryan Winterton,ROSTER,22.0,"6'2""",175.0,Canada,"Whitby, ON",False,C,18,2,2,4,0.89,0.11,0.11,0.22,18.2,7.1,0,0,0,0,0,0,0,0,0,0,0,0,0,0.0,0,35,16,12.5,8,9,10,21,26,7,2,0,0,0,0.0,2,4,5,10,0,321,211,42,65,13419,1340,797,11029,SEA,Pacific,Western
2025-2026,20251116,18,NSH,142645,Matthew Wood,ROSTER,,,,,,False,RW,12,6,4,10,2.42,0.33,0.5,0.83,9.0,0.0,2,2,3,5,0,0,0,0,0,0,1,0,0,0.0,1,49,29,20.7,5,12,8,8,10,5,1,7,2,5,28.6,0,0,3,6,0,188,168,23,3,9442,1851,119,7472,NSH,Central,Western
2025-2026,20251116,19,CBJ,9079,Miles Wood,ROSTER,30.0,"6'2""",195.0,USA,"Buffalo, NY",False,LW,12,4,0,4,2.0,0.0,0.33,0.33,8.9,7.1,1,0,0,0,0,0,0,1,0,1,0,0,0,0.0,-2,36,24,16.7,4,6,6,10,12,9,1,4,1,3,25.0,2,4,3,8,0,189,104,43,45,8730,1927,598,6205,CBJ,Metropolitan,Eastern
2025-2026,20251116,10,PIT,5707,Parker Wotherspoon,ROSTER,28.0,"6'0""",172.0,Canada,"Surrey, BC",False,D,18,1,5,6,0.89,0.28,0.06,0.33,41.6,28.4,0,0,0,0,0,1,1,0,0,0,0,0,0,0.0,6,37,16,6.2,28,16,5,26,26,25,8,0,0,0,0.0,6,20,2,4,0,430,237,104,79,22819,2898,1726,17597,PIT,Metropolitan,Eastern
2025-2026,20251116,143,SEA,43332,Shane Wright,ROSTER,21.0,"6'1""",199.0,Canada,"Burlington, ON",True,C,18,4,4,8,1.44,0.22,0.22,0.44,15.9,3.5,1,1,1,2,0,0,0,1,0,1,0,0,0,0.0,2,45,26,15.4,8,9,10,16,25,17,2,151,56,95,37.1,1,2,3,6,0,346,258,59,27,15335,2726,502,11813,SEA,Pacific,Western
2025-2026,20251116,14,MTL,34148,Arber Xhekaj,ROSTER,24.0,"6'4""",238.0,Canada,"Hamilton, ON",True,D,17,0,1,1,0.76,0.06,0.0,0.06,24.1,66.5,0,0,0,0,0,0,0,0,0,0,0,0,0,0.0,-3,36,13,0.0,11,20,3,27,21,11,1,0,0,0,0.0,9,30,5,22,4,255,191,24,40,11687,1571,277,9839,MTL,Atlantic,Eastern
2025-2026,20251116,30,UTA,13637,Kailer Yamamoto,ROSTER,27.0,"5'8""",153.0,USA,"Spokane, WA",False,RW,12,2,1,3,0.83,0.08,0.17,0.25,5.5,7.1,0,0,0,0,0,0,0,0,0,0,0,0,0,0.0,0,16,10,20.0,3,3,3,5,11,6,1,10,3,7,30.0,2,4,6,12,0,191,110,63,20,8650,1226,1416,6008,UTA,Central,Western
2025-2026,20251116,6,PHI,30026,Cameron York,ROSTER,24.0,"5'11""",172.0,USA,"Anaheim Hills, CA",True,D,15,1,9,10,0.6,0.6,0.07,0.67,34.1,7.1,0,1,4,5,0,0,0,0,0,0,0,0,0,0.0,0,33,9,11.1,32,14,10,1,22,18,6,0,0,0,0.0,2,4,0,0,0,455,267,80,110,21995,3445,752,17798,PHI,Metropolitan,Eastern
2025-2026,20251116,25,MIN,56469,Danila Yurov,ROSTER,21.0,"6'1""",178.0,Russia,Chelyabinsk,False,RW,14,2,0,2,0.86,0.0,0.14,0.14,9.4,0.0,0,0,0,0,0,0,0,1,0,0,0,0,0,0.0,-5,27,12,16.7,5,9,6,9,14,8,2,78,32,46,41.0,0,0,2,6,0,169,132,18,21,8262,1021,82,7159,MIN,Central,Western
2025-2026,20251116,11,BOS,5601,Pavel Zacha,ROSTER,28.0,"6'3""",210.0,Czech Republic,Brno,False,C,20,5,11,16,1.6,0.55,0.25,0.8,23.2,23.0,1,2,7,9,0,0,0,1,0,1,0,0,0,0.0,0,59,32,15.6,11,7,20,25,9,16,5,216,114,102,52.8,6,14,0,0,0,436,190,158,93,21408,4837,2566,14005,BOS,Atlantic,Eastern
2025-2026,20251116,11,BOS,5270,Nikita Zadorov,ROSTER,30.0,"6'6""",235.0,Russia,Moscow,False,D,20,1,4,5,0.95,0.2,0.05,0.25,59.0,77.6,0,0,0,0,0,0,0,0,0,0,0,0,0,0.0,1,53,19,5.3,26,24,10,68,28,25,9,0,0,0,0.0,17,40,11,28,2,532,266,82,185,25595,3924,1930,19741,BOS,Atlantic,Eastern
2025-2026,20251116,6,PHI,21853,Egor Zamula,ROSTER,25.0,"6'3""",170.0,Russia,Chelyabinsk,True,D,8,0,1,1,0.62,0.12,0.0,0.12,11.0,3.5,0,0,0,0,0,0,0,0,0,0,0,0,0,0.0,0,11,5,0.0,10,6,0,1,12,5,1,0,0,0,0.0,1,2,0,0,0,149,90,15,44,6441,1157,126,5158,PHI,Metropolitan,Eastern
2025-2026,20251116,23,CGY,28538,Connor Zary,ROSTER,24.0,"6'0""",178.0,Canada,"Saskatoon, SK",True,C,18,1,1,2,1.22,0.06,0.06,0.11,9.8,17.7,0,1,0,1,0,0,0,0,0,0,1,0,0,0.0,-4,42,22,4.5,4,9,11,12,11,8,4,77,32,45,41.6,5,10,6,12,0,311,192,64,56,14338,2296,741,11301,CGY,Pacific,Western
2025-2026,20251116,6,PHI,25981,Trevor Zegras,ROSTER,24.0,"6'1""",185.0,USA,"Bedford, NY",True,C,18,6,13,19,2.17,0.72,0.33,1.06,10.0,24.8,2,2,5,7,0,0,0,0,0,0,3,0,3,100.0,0,85,39,15.4,6,24,22,8,17,18,5,80,31,49,38.8,5,18,4,8,0,393,252,67,83,19891,3308,795,15867,PHI,Metropolitan,Eastern
2025-2026,20251116,29,ANA,32258,Olen Zellweger,ROSTER,22.0,"5'10""",175.0,Canada,"Calgary, AB",True,D,18,1,4,5,1.89,0.22,0.06,0.28,26.3,21.3,0,1,1,2,0,0,0,0,0,0,0,0,0,0.0,10,83,34,2.9,21,28,21,9,44,16,3,0,0,0,0.0,6,12,7,14,0,418,292,46,82,20363,3017,536,16811,ANA,Pacific,Western
2025-2026,20251116,13,OTT,18106,Fabian Zetterlund,ROSTER,26.0,"5'11""",196.0,Sweden,Karlstad,False,LW,19,1,3,4,1.47,0.16,0.05,0.21,22.7,10.6,0,1,0,1,0,0,0,0,0,0,0,0,0,0.0,-2,55,28,3.6,7,12,15,33,21,8,2,4,1,3,25.0,3,6,6,12,0,378,183,66,130,16201,2460,680,13061,OTT,Atlantic,Eastern
2025-2026,20251116,9,NYR,5000,Mika Zibanejad,ROSTER,32.0,"6'2""",208.0,Sweden,Stockholm,False,C,19,6,5,11,3.37,0.26,0.32,0.58,25.2,7.1,2,3,1,4,1,0,1,1,0,0,0,0,0,0.0,-9,105,64,9.4,12,17,28,27,6,27,8,262,139,123,53.1,2,4,2,4,0,481,240,105,126,23866,5552,1468,16048,NYR,Metropolitan,Eastern
2025-2026,20251116,13,OTT,28480,Artem Zub,ROSTER,30.0,"6'2""",202.0,Russia,Khabarovsk,True,D,19,2,8,10,1.32,0.42,0.11,0.53,41.7,24.8,0,0,0,0,0,0,0,0,0,0,0,0,0,0.0,5,56,25,8.0,29,17,14,24,20,19,4,0,0,0,0.0,7,14,0,0,0,511,398,76,39,22618,3727,827,18064,OTT,Atlantic,Eastern
2025-2026,20251116,25,MIN,4927,Mats Zuccarello,ROSTER,38.0,"5'8""",178.0,Norway,Oslo,False,RW,4,0,2,2,1.25,0.5,0.0,0.5,1.5,0.0,0,0,1,1,0,0,0,0,0,0,0,0,0,0.0,-2,14,5,0.0,1,5,4,1,5,3,0,5,2,3,40.0,0,0,0,0,0,72,32,29,11,4356,1320,255,2781,MIN,Central,Western
2025-2026,20251116,15,BUF,5093,Jason Zucker,ROSTER,33.0,"5'11""",192.0,USA,"Newport Beach, CA",False,LW,12,4,3,7,2.25,0.25,0.33,0.58,8.0,7.1,1,2,2,4,0,0,0,1,0,0,0,0,0,0.0,-7,43,27,14.8,1,7,9,15,8,10,2,30,11,19,36.7,2,4,3,6,0,222,121,52,53,10606,3658,626,6322,BUF,Atlantic,Eastern
