SEASON_ID,SNAPSHOT_DATE,TEAM_ID,TEAM_ABBR,PLAYER_ID,NAME,STATUS,AGE,HEIGHT,WEIGHT,BIRTH_COUNTRY,BIRTH_CITY,ROOKIE,POSITION,GAMES_PLAYED,GOALS,ASSISTS,POINTS,SOGPG,APG,GPG,PGP,DEF_WALL,PHYSICAL,HAT_TRICKS,PP_GOALS,PP_ASSISTS,PP_POINTS,SH_GOALS,SH_ASSISTS,SH_POINTS,GW_GOALS,GT_GOALS,OT_GOALS,SO_ATTEMPTS,SO_MISSES,SO_GOALS,SO_GOAL_PCT,PLUS_MINUS,SHOT_ATTEMPTS,SHOTS_ON_GOAL,SHOT_PCT,BLOCKED_SHOTS,BLOCKED_SHOTS_AGAINST,MISSED_SHOTS,HITS,HITS_RECEIVED,GIVEAWAYS,TAKEAWAYS,FACEOFFS,FACEOFF_WINS,FACEOFF_LOSSES,FACEOFF_PCT,PENALTIES,PIM,PENALTIES_DRAWN,PENALTY_MIN_DRAWN,FIGHTS,SHIFTS,EVEN_STR_SHIFTS,PP_SHIFTS,SH_SHIFTS,TIME_ON_ICE,EVENT_TOI,PP_TOI,SH_TOI,TEAM_ABBR_CANON,division,conference
2025-2026,20251103,6,PHI,18056,Rodrigo Abols,ROSTER,29.0,"6'4""",206.0,Latvia,Riga,False,C,8,0,0,0,1.25,0.0,0.0,0.0,10.2,15.2,0,0,0,0,0,0,0,0,0,0,0,0,0,0.0,-4,20,10,0.0,3,5,5,8,7,2,2,37,27,10,73.0,1,5,2,7,1,100,63,19,18,4386,615,334,3437,PHI,Metropolitan,Eastern
2025-2026,20251103,10,PIT,5927,Noel Acciari,ROSTER,33.0,"5'10""",203.0,USA,"Johnston, RI",False,C,12,0,3,3,0.92,0.25,0.0,0.25,28.3,20.9,0,0,0,0,0,0,0,0,0,0,0,0,0,0.0,3,18,11,0.0,10,4,4,18,19,1,2,87,53,34,60.9,2,12,0,0,0,239,112,45,75,10018,1686,479,7581,PIT,Metropolitan,Eastern
2025-2026,20251103,30,UTA,5234,Andrew Agozzino,ASSIGNED_TO_MINORS,34.0,"5'10""",187.0,Canada,"Kleinburg, ON",False,LW,2,0,0,0,0.0,0.0,0.0,0.0,4.2,0.0,0,0,0,0,0,0,0,0,0,0,0,0,0,0.0,0,1,0,0.0,1,0,1,4,1,1,1,7,3,4,42.9,0,0,1,2,0,20,12,4,4,736,91,0,645,UTA,Central,Western
2025-2026,20251103,22,COL,28441,Jack Ahcan,ASSIGNED_TO_MINORS,28.0,"5'8""",185.0,USA,"Savage, MN",True,D,2,0,1,1,0.0,0.5,0.0,0.5,5.3,0.0,0,0,0,0,0,0,0,0,0,0,0,0,0,0.0,0,2,0,0.0,2,0,2,3,8,2,0,0,0,0,0.0,0,0,0,0,0,34,24,1,9,1517,86,62,1369,COL,Central,Western
2025-2026,20251103,3,CAR,5630,Sebastian Aho,ROSTER,28.0,"6'0""",176.0,Finland,Rauma,False,C,11,4,7,11,2.09,0.64,0.36,1.0,18.9,10.6,1,0,2,2,0,0,0,0,0,0,0,0,0,0.0,0,54,23,17.4,4,10,21,19,5,17,5,191,92,99,48.2,2,4,3,6,0,252,111,42,103,13219,2812,837,9570,CAR,Metropolitan,Eastern
2025-2026,20251103,13,OTT,12009,Michael Amadio,ROSTER,29.0,"6'1""",204.0,Canada,"Sault Ste. Marie, ON",False,RW,13,3,1,4,1.0,0.08,0.23,0.31,31.6,5.3,1,0,0,0,0,0,0,0,0,0,0,0,0,0.0,-1,27,13,23.1,12,4,10,18,19,11,8,4,2,2,50.0,1,2,3,6,0,275,120,65,93,11553,1972,889,8692,OTT,Atlantic,Eastern
2025-2026,20251103,21,VAN,39762,Nils Aman,ASSIGNED_TO_MINORS,25.0,"6'2""",179.0,Sweden,Avesta,True,C,2,0,0,0,0.5,0.0,0.0,0.0,3.0,0.0,0,0,0,0,0,0,0,0,0,0,0,0,0,0.0,0,3,1,0.0,1,2,0,2,1,1,0,2,1,1,50.0,0,0,0,0,0,23,19,1,3,1039,48,31,960,VAN,Pacific,Western
2025-2026,20251103,14,MTL,5513,Josh Anderson,ROSTER,31.0,"6'3""",227.0,Canada,"Burlington, ON",False,RW,12,1,1,2,1.17,0.08,0.08,0.17,21.0,10.6,0,0,0,0,0,0,0,0,0,0,0,0,0,0.0,-3,25,14,7.1,6,3,8,17,6,6,0,7,5,2,71.4,2,4,3,6,0,225,111,65,50,10628,1738,1061,7829,MTL,Atlantic,Eastern
2025-2026,20251103,28,LAK,18073,Michael Anderson,ROSTER,26.0,"5'11""",194.0,USA,"Roseville, MN",False,D,13,1,0,1,0.62,0.0,0.08,0.08,43.7,5.3,0,0,0,0,0,0,0,0,0,0,0,0,0,0.0,2,27,8,12.5,20,12,7,16,26,12,2,0,0,0,0.0,1,2,2,4,0,304,177,60,68,15320,2222,887,12211,LAK,Pacific,Western
2025-2026,20251103,23,CGY,5647,Rasmus Andersson,ROSTER,29.0,"6'1""",214.0,Sweden,Malmö,False,D,14,2,2,4,2.5,0.14,0.14,0.29,39.1,31.8,0,1,1,2,0,0,0,0,0,0,1,0,0,0.0,0,81,35,5.7,20,25,21,9,25,21,3,0,0,0,0.0,6,12,6,12,0,481,214,97,172,20098,2727,1336,16035,CGY,Pacific,Western
2025-2026,20251103,6,PHI,38011,Emil Andrae,ASSIGNED_TO_MINORS,23.0,"5'8""",181.0,Sweden,Västervik,True,D,2,0,0,0,0.5,0.0,0.0,0.0,0.6,0.0,0,0,0,0,0,0,0,0,0,0,0,0,0,0.0,0,2,1,0.0,0,1,0,1,8,1,1,0,0,0,0.0,0,0,0,0,0,35,28,3,4,1528,143,40,1345,PHI,Metropolitan,Eastern
2025-2026,20251103,16,DET,5763,Mason Appleton,ROSTER,29.0,"6'2""",193.0,USA,"Green Bay, WI",False,C,13,3,3,6,1.0,0.23,0.23,0.46,21.1,20.9,1,0,0,0,0,0,0,1,0,0,0,0,0,0.0,-1,21,13,23.1,8,2,6,12,9,8,0,5,2,3,40.0,2,12,1,2,0,255,134,40,84,11371,1458,441,9472,DET,Atlantic,Eastern
2025-2026,20251103,28,LAK,5505,Joel Armia,ROSTER,32.0,"6'4""",218.0,Finland,Pori,False,RW,13,2,4,6,1.31,0.31,0.15,0.46,22.4,21.2,0,0,0,0,0,0,0,0,0,0,1,0,0,0.0,1,37,17,11.8,8,10,10,14,10,8,4,5,3,2,60.0,4,8,1,2,0,251,111,70,72,11156,1793,1481,7882,LAK,Pacific,Western
2025-2026,20251103,11,BOS,5538,Viktor Arvidsson,ROSTER,32.0,"5'9""",180.0,Sweden,Skellefteå,False,LW,14,3,3,6,2.21,0.21,0.21,0.43,15.2,15.9,1,0,0,0,0,0,0,1,0,0,0,0,0,0.0,2,63,31,9.7,6,14,18,8,25,10,4,5,3,2,60.0,3,6,6,12,0,248,128,61,63,11815,2249,494,9072,BOS,Atlantic,Eastern
2025-2026,20251103,11,BOS,15191,Jonathan Aspirot,ROSTER,26.0,"6'0""",209.0,Canada,"Mascouche, QC",False,D,3,0,0,0,0.0,0.0,0.0,0.0,13.2,0.0,0,0,0,0,0,0,0,0,0,0,0,0,0,0.0,0,3,0,0.0,6,2,1,5,8,4,0,0,0,0,0.0,0,0,0,0,0,59,38,16,5,2643,422,263,1958,BOS,Atlantic,Eastern
2025-2026,20251103,19,CBJ,12287,Zach Aston-Reese,ROSTER,31.0,"6'0""",204.0,USA,"Staten Island, NY",False,C,9,0,3,3,1.0,0.33,0.0,0.33,23.8,5.3,0,0,0,0,0,0,0,0,0,0,0,0,0,0.0,1,12,9,0.0,5,0,3,24,6,5,1,12,1,11,8.3,1,2,2,4,0,138,74,27,34,5491,995,267,4094,CBJ,Metropolitan,Eastern
2025-2026,20251103,27,DAL,34436,Oskar Back,ROSTER,25.0,"6'3""",200.0,Sweden,Karlstad,True,C,2,1,0,1,0.5,0.0,0.5,0.5,0.0,0.0,0,0,0,0,0,0,0,0,0,0,0,0,0,0.0,0,1,1,100.0,0,0,0,0,6,0,1,1,0,1,0.0,0,0,1,2,0,28,20,6,3,1253,43,0,1210,DAL,Central,Western
2025-2026,20251103,23,CGY,4609,Mikael Backlund,ROSTER,36.0,"6'0""",200.0,Sweden,Vasteras,False,C,14,2,4,6,2.21,0.29,0.14,0.43,11.5,10.6,0,0,0,0,0,1,1,0,0,0,0,0,0,0.0,-3,54,31,6.5,3,13,10,10,9,9,4,254,124,130,48.8,2,4,2,4,0,341,173,80,90,14285,3909,480,9896,CGY,Pacific,Western
2025-2026,20251103,23,CGY,14578,Kevin Bahl,ROSTER,25.0,"6'6""",216.0,Canada,"New Westminster, BC",True,D,14,1,2,3,0.79,0.14,0.07,0.21,41.1,31.8,0,0,0,0,0,0,0,1,0,0,0,0,0,0.0,4,30,11,9.1,20,12,7,12,16,21,9,0,0,0,0.0,6,12,2,4,0,431,287,67,78,17762,1152,820,15790,CGY,Pacific,Western
2025-2026,20251103,21,VAN,38470,Arshdeep Bains,ROSTER,24.0,"6'0""",185.0,Canada,"Surrey, BC",True,LW,13,0,2,2,0.69,0.15,0.0,0.15,10.4,21.2,0,0,0,0,0,0,0,0,0,0,0,0,0,0.0,0,13,9,0.0,2,2,2,11,11,6,3,9,2,7,22.2,4,8,0,0,0,184,129,18,37,7832,571,92,7170,VAN,Pacific,Western
2025-2026,20251103,4,FLO,120218,Uvis Balinskis,ROSTER,29.0,"6'0""",187.0,Latvia,Ventspils,True,D,9,0,0,0,0.56,0.0,0.0,0.0,19.8,5.3,0,0,0,0,0,0,0,0,0,0,0,0,0,0.0,-2,13,5,0.0,8,6,2,10,8,6,6,0,0,0,0.0,1,2,2,4,0,163,135,15,13,7257,1104,126,6027,FLA,,
2025-2026,20251103,142,VGK,11708,Ivan Barbashev,ROSTER,29.0,"6'0""",187.0,Russia,Moscow,False,LW,11,3,7,10,1.27,0.64,0.27,0.91,16.2,0.0,1,0,0,0,0,0,0,0,0,0,0,0,0,0.0,3,27,14,21.4,2,6,7,20,11,11,2,4,0,4,0.0,0,0,3,6,0,214,99,78,40,10147,2408,888,6870,VGK,Pacific,Western
2025-2026,20251103,22,COL,56519,Zakhar Bardakov,ROSTER,24.0,"6'2""",198.0,Russia,Seversk,False,C,8,1,1,2,0.75,0.12,0.12,0.25,8.5,0.0,0,0,0,0,0,0,0,0,0,0,0,0,0,0.0,1,12,6,16.7,2,2,4,8,3,4,0,46,17,29,37.0,0,0,3,6,0,74,42,7,26,2970,386,0,2584,COL,Central,Western
2025-2026,20251103,18,NSH,30074,Justin Barron,ROSTER,23.0,"6'2""",195.0,Canada,"Halifax, NS",True,D,13,0,4,4,0.54,0.31,0.0,0.31,35.4,5.3,0,0,0,0,0,0,0,0,0,0,0,0,0,0.0,0,25,7,0.0,17,11,7,11,23,20,1,0,0,0,0.0,1,2,1,2,0,280,206,43,31,12178,2034,508,9636,NSH,Central,Western
2025-2026,20251103,2,WPJ,28496,Morgan Barron,ROSTER,26.0,"6'4""",220.0,Canada,"Halifax, NS",True,C,12,3,3,6,1.25,0.25,0.25,0.5,24.6,10.6,1,0,0,0,1,0,1,1,0,0,0,0,0,0.0,2,30,15,20.0,7,4,11,20,12,7,3,145,79,66,54.5,2,4,3,6,0,225,116,68,44,9031,1662,1193,6176,WPG,,
2025-2026,20251103,8,NYI,5611,Mathew Barzal,ROSTER,28.0,"6'0""",187.0,Canada,"Coquitlam, BC",False,C,11,3,6,9,2.0,0.55,0.27,0.82,17.6,26.5,1,0,2,2,0,0,0,0,0,0,0,0,0,0.0,5,41,22,13.6,9,8,11,4,6,14,4,104,34,70,32.7,5,10,1,2,0,229,117,90,25,13478,2391,3066,8021,NYI,Metropolitan,Eastern
2025-2026,20251103,27,DAL,15468,Nathan Bastian,ROSTER,27.0,"6'4""",205.0,Canada,"Kitchener, ON",False,RW,12,1,0,1,0.75,0.0,0.08,0.08,22.4,10.6,0,0,0,0,0,0,0,0,0,0,0,0,0,0.0,-1,12,9,11.1,3,3,0,27,13,1,0,0,0,0,0.0,2,4,0,0,0,129,85,23,22,5358,1132,354,3872,DAL,Central,Western
2025-2026,20251103,13,OTT,15394,Drake Batherson,ROSTER,27.0,"6'3""",203.0,USA,"Fort Wayne, IN",False,RW,10,5,10,15,2.2,1.0,0.5,1.5,15.3,10.6,1,2,3,5,0,0,0,1,0,0,2,1,1,50.0,4,37,22,22.7,3,8,7,16,8,9,7,1,1,0,100.0,2,4,4,8,0,230,118,42,76,10219,1906,485,7984,OTT,Atlantic,Eastern
2025-2026,20251103,23,CGY,9639,Jake Bean,ROSTER,27.0,"6'1""",186.0,Canada,"Calgary, AB",False,D,10,0,1,1,1.1,0.1,0.0,0.1,31.9,10.6,0,0,0,0,0,0,0,0,0,0,0,0,0,0.0,-7,31,11,0.0,18,14,6,3,10,11,4,0,0,0,0.0,2,4,0,0,0,249,168,29,52,9980,897,526,8557,CGY,Pacific,Western
2025-2026,20251103,5,WSH,5623,Anthony Beauvillier,ROSTER,28.0,"5'11""",182.0,Canada,"Sorel-Tracy, QC",False,LW,12,1,1,2,2.33,0.08,0.08,0.17,11.3,5.3,0,0,0,0,0,0,0,1,0,0,1,0,0,0.0,3,47,28,3.6,1,10,9,15,13,7,2,2,0,2,0.0,1,2,0,0,0,218,122,52,43,10178,1630,1120,7331,WSH,Metropolitan,Eastern
2025-2026,20251103,14,MTL,53067,Owen Beck,ASSIGNED_TO_MINORS,21.0,"6'0""",191.0,Canada,"Peterborough, ON",True,C,2,0,0,0,0.5,0.0,0.0,0.0,1.7,0.0,0,0,0,0,0,0,0,0,0,0,0,0,0,0.0,-1,4,1,0.0,1,1,2,0,3,0,0,12,7,5,58.3,0,0,0,0,0,24,20,3,1,1003,346,8,649,MTL,Atlantic,Eastern
2025-2026,20251103,20,CHI,111625,Connor Bedard,ROSTER,20.0,"5'10""",185.0,Canada,"North Vancouver, BC",True,C,12,6,9,15,3.08,0.75,0.5,1.25,9.9,34.6,2,2,2,4,0,0,0,1,0,0,1,0,0,0.0,6,67,37,16.2,4,8,22,5,12,15,6,104,45,59,43.3,7,12,5,12,0,289,225,37,28,15219,2468,123,12327,CHI,Central,Western
2025-2026,20251103,11,BOS,38020,John Beecher,ROSTER,24.0,"6'3""",210.0,USA,"Elmira, NY",True,C,4,1,0,1,1.25,0.0,0.25,0.25,11.2,0.0,0,0,0,0,0,0,0,0,0,0,0,0,0,0.0,0,8,5,20.0,4,3,0,7,4,1,0,3,0,3,0.0,0,0,0,0,0,71,44,14,14,2985,572,216,2197,BOS,Atlantic,Eastern
2025-2026,20251103,143,SEA,37968,Matty Beniers,ROSTER,22.0,"6'2""",175.0,USA,"Hingham, MA",True,C,11,1,5,6,1.82,0.45,0.09,0.55,19.5,5.3,0,1,1,2,0,0,0,0,0,0,0,0,0,0.0,1,52,20,5.0,9,8,24,7,14,14,1,159,71,88,44.7,1,2,2,4,0,268,162,50,49,13195,2608,474,9832,SEA,Pacific,Western
2025-2026,20251103,4,FLO,5415,Sam Bennett,ROSTER,29.0,"6'1""",195.0,Canada,"Holland Landing, ON",False,C,12,2,1,3,2.08,0.08,0.17,0.25,23.2,26.5,0,1,0,1,0,0,0,0,0,0,0,0,0,0.0,-8,54,25,8.0,5,14,15,23,8,9,4,163,81,82,49.7,5,10,4,8,0,259,122,102,37,12482,2767,2236,7479,FLA,,
2025-2026,20251103,12,TOR,15129,Simon Benoit,ROSTER,27.0,"6'3""",208.0,Canada,"Laval, QC",False,D,12,0,2,2,0.58,0.17,0.0,0.17,52.3,41.7,0,0,0,0,0,0,0,0,0,0,0,0,0,0.0,-1,29,7,0.0,19,16,6,32,22,13,4,0,0,0,0.0,6,15,3,9,1,313,201,54,58,12720,1764,1593,9363,TOR,Atlantic,Eastern
2025-2026,20251103,15,BUF,111755,Zach Benson,INJURY_LIST,20.0,"5'10""",159.0,Canada,"Langley, BC",True,LW,8,0,8,8,2.0,1.0,0.0,1.0,12.6,15.9,0,0,3,3,0,1,1,0,0,0,0,0,0,0.0,3,24,16,0.0,6,4,4,4,12,7,5,3,2,1,66.7,3,6,1,2,0,185,150,23,12,9137,2505,424,6208,BUF,Atlantic,Eastern
2025-2026,20251103,16,DET,14556,Jonatan Berggren,ROSTER,25.0,"5'10""",183.0,Sweden,Uppsala,True,RW,9,2,2,4,1.78,0.22,0.22,0.44,4.9,5.3,0,1,0,1,0,0,0,0,0,0,0,0,0,0.0,-5,27,16,12.5,1,8,3,5,8,8,1,0,0,0,0.0,1,2,3,6,0,155,88,37,32,6916,1264,752,4900,DET,Atlantic,Eastern
2025-2026,20251103,16,DET,14549,Jacob Bernard-Docker,ROSTER,25.0,"6'1""",190.0,Canada,"Canmore, AB",False,D,8,0,1,1,1.25,0.12,0.0,0.12,9.2,5.3,0,0,0,0,0,0,0,0,0,0,0,0,0,0.0,3,21,10,0.0,4,9,2,4,21,6,2,0,0,0,0.0,1,2,1,2,0,141,84,15,42,6060,315,138,5607,DET,Atlantic,Eastern
2025-2026,20251103,20,CHI,10178,Tyler Bertuzzi,ROSTER,30.0,"6'1""",199.0,Canada,"Sudbury, ON",False,LW,11,3,4,7,1.91,0.36,0.27,0.64,8.4,31.6,1,2,1,3,0,0,0,0,0,0,0,0,0,0.0,-1,41,21,14.3,0,8,12,13,15,9,2,24,15,9,62.5,4,16,3,6,0,234,115,71,46,11091,2964,869,7033,CHI,Central,Western
2025-2026,20251103,27,DAL,56392,Lian Bichsel,ROSTER,21.0,"6'6""",225.0,Switzerland,Wolfwil,False,D,12,0,1,1,0.25,0.08,0.0,0.08,51.2,10.6,0,0,0,0,0,0,0,0,0,0,0,0,0,0.0,-1,13,3,0.0,16,6,4,38,31,13,1,0,0,0,0.0,2,4,1,2,0,209,163,16,30,10489,1514,150,8825,DAL,Central,Western
2025-2026,20251103,1,TBL,8913,Oliver Bjorkstrand,ROSTER,30.0,"6'0""",177.0,Denmark,Herning,False,RW,12,1,2,3,1.33,0.17,0.08,0.25,11.5,5.3,0,1,0,1,0,0,0,0,0,0,0,0,0,0.0,-1,43,16,6.2,3,14,13,10,21,10,0,7,4,3,57.1,1,2,1,2,0,217,99,78,41,9885,2594,1612,5679,TBL,Atlantic,Eastern
2025-2026,20251103,17,STL,5201,Nick Bjugstad,ROSTER,33.0,"6'6""",215.0,USA,"Minneapolis, MN",False,C,12,3,1,4,1.67,0.08,0.25,0.33,33.4,21.2,1,0,0,0,0,0,0,0,0,0,0,0,0,0.0,0,32,20,15.0,10,5,7,26,3,2,2,72,38,34,52.8,4,8,4,8,0,191,96,48,50,7634,1403,627,5604,STL,Central,Western
2025-2026,20251103,27,DAL,15469,Colin Blackwell,ROSTER,32.0,"5'9""",190.0,USA,"North Andover, MA",False,C,12,0,1,1,0.67,0.08,0.0,0.08,26.1,15.9,0,0,0,0,0,0,0,0,0,0,0,0,0,0.0,-3,14,8,0.0,6,2,4,25,13,9,1,44,17,27,38.6,3,6,2,4,0,198,106,48,44,8623,1641,541,6441,DAL,Central,Western
2025-2026,20251103,12,TOR,11712,Sammy Blais,ROSTER,29.0,"6'2""",205.0,Canada,"Montmagny, QC",False,LW,2,1,1,2,2.0,0.5,0.5,1.0,9.8,0.0,0,0,0,0,0,0,0,0,0,0,0,0,0,0.0,0,5,4,25.0,2,0,1,10,0,0,1,0,0,0,0.0,0,0,0,0,0,31,22,9,1,1264,336,222,706,TOR,Atlantic,Eastern
2025-2026,20251103,3,CAR,56345,Jackson Blake,ROSTER,22.0,"5'10""",158.0,USA,"Eden Prairie, MN",False,RW,11,3,5,8,3.0,0.45,0.27,0.73,8.6,26.5,1,0,2,2,0,0,0,0,0,0,1,0,0,0.0,1,56,33,9.1,4,5,18,3,20,13,5,0,0,0,0.0,5,10,5,10,0,205,147,36,25,10851,2625,644,7582,CAR,Metropolitan,Eastern
2025-2026,20251103,18,NSH,39055,Nick Blankenburg,ROSTER,27.0,"5'9""",175.0,USA,"Washington, MI",True,D,3,0,1,1,1.33,0.33,0.0,0.33,7.6,0.0,0,0,0,0,0,0,0,0,0,0,0,0,0,0.0,-3,10,4,0.0,3,6,0,4,2,0,2,0,0,0,0.0,0,0,1,2,0,61,53,6,2,3138,677,0,2461,NSH,Central,Western
2025-2026,20251103,21,VAN,15472,Theodor Blueger,ROSTER,31.0,"6'0""",185.0,Latvia,Riga,False,C,2,1,0,1,1.0,0.0,0.5,0.5,6.9,0.0,0,0,0,0,0,0,0,1,0,0,0,0,0,0.0,0,2,2,50.0,3,0,0,3,0,1,0,26,9,17,34.6,0,0,0,0,0,44,21,8,16,1899,363,216,1320,VAN,Pacific,Western
2025-2026,20251103,21,VAN,5618,Brock Boeser,ROSTER,28.0,"6'1""",208.0,USA,"Burnsville, MN",False,RW,11,4,2,6,2.0,0.18,0.36,0.55,9.9,0.0,1,1,0,1,0,0,0,0,0,0,1,0,1,100.0,-4,43,22,18.2,4,9,12,5,4,6,1,18,7,11,38.9,0,0,1,2,0,207,93,46,73,12043,1727,759,9601,VAN,Pacific,Western
2025-2026,20251103,25,MIN,4480,Zach Bogosian,ROSTER,35.0,"6'3""",226.0,USA,"Massena, NY",False,D,5,0,0,0,1.0,0.0,0.0,0.0,18.9,0.0,0,0,0,0,0,0,0,0,0,0,0,0,0,0.0,3,7,5,0.0,9,1,1,6,4,2,1,0,0,0,0.0,0,0,1,2,0,79,49,9,21,4163,911,58,3194,MIN,Central,Western
2025-2026,20251103,14,MTL,33083,Zachary Bolduc,ROSTER,22.0,"6'1""",175.0,Canada,"Trois-Rivière, QC",True,RW,12,4,2,6,1.83,0.17,0.33,0.5,18.9,15.9,1,2,1,3,0,0,0,0,0,0,0,0,0,0.0,-2,38,22,18.2,4,9,7,19,19,9,2,7,4,3,57.1,3,6,3,6,0,193,133,34,30,9730,1909,398,7423,MTL,Atlantic,Eastern
2025-2026,20251103,25,MIN,30015,Matthew Boldy,ROSTER,24.0,"6'2""",196.0,USA,"Milford, MA",True,LW,13,5,8,13,3.54,0.62,0.38,1.0,14.1,15.9,1,3,4,7,0,0,0,0,0,0,1,0,0,0.0,-4,114,46,10.9,5,33,35,9,16,14,0,23,11,12,47.8,3,6,5,10,0,258,161,45,55,16903,4242,548,12080,MIN,Central,Western
2025-2026,20251103,8,NYI,14531,Adam Boqvist,ROSTER,25.0,"5'11""",179.0,Sweden,Falun,False,D,4,0,0,0,0.25,0.0,0.0,0.0,7.3,0.0,0,0,0,0,0,0,0,0,0,0,0,0,0,0.0,2,6,1,0.0,4,4,1,1,4,2,0,0,0,0,0.0,0,0,0,0,0,68,41,21,6,3132,373,542,2217,NYI,Metropolitan,Eastern
2025-2026,20251103,4,FLO,17176,Jesper Boqvist,ROSTER,27.0,"6'0""",180.0,Sweden,Falun,False,C,12,1,0,1,0.92,0.0,0.08,0.08,33.0,10.6,0,0,0,0,0,0,0,1,0,0,0,0,0,0.0,-2,24,11,9.1,7,6,7,33,12,8,0,26,9,17,34.6,2,4,3,6,0,214,112,57,46,8330,1347,640,6343,FLA,,
2025-2026,20251103,9,NYR,15692,William Borgen,ROSTER,28.0,"6'3""",196.0,USA,"Moorhead, MN",False,D,13,0,2,2,1.0,0.15,0.0,0.15,42.9,10.6,0,0,0,0,0,0,0,0,0,0,0,0,0,0.0,2,33,13,0.0,18,13,7,20,24,11,5,0,0,0,0.0,2,4,1,2,0,332,186,61,71,14789,1300,1118,11584,NYR,Metropolitan,Eastern
2025-2026,20251103,24,EDM,14533,Evan Bouchard,ROSTER,26.0,"6'3""",194.0,Canada,"Oakville, ON",False,D,13,2,7,9,2.69,0.54,0.15,0.69,33.9,21.2,0,1,3,4,0,0,0,1,0,1,1,0,0,0.0,-8,75,35,5.7,18,29,11,6,13,21,6,0,0,0,0.0,4,8,2,4,0,315,189,73,48,18434,3880,1665,12541,EDM,Pacific,Western
2025-2026,20251103,27,DAL,34435,Mavrik Bourque,ROSTER,23.0,"5'10""",178.0,Canada,"Plessisville, QC",True,C,12,1,2,3,1.67,0.17,0.08,0.25,18.9,5.3,0,0,2,2,0,0,0,0,0,0,0,0,0,0.0,-5,29,20,5.0,9,2,7,6,12,5,1,10,1,9,10.0,1,2,1,2,0,231,155,39,38,10723,1360,454,8909,DAL,Central,Western
2025-2026,20251103,16,DET,142440,Michael Brandsegg-Nygård,ASSIGNED_TO_MINORS,,,,,,False,RW,9,0,1,1,1.56,0.11,0.0,0.11,23.1,5.3,0,0,0,0,0,0,0,0,0,0,0,0,0,0.0,-5,35,14,0.0,3,13,8,28,17,10,2,0,0,0,0.0,1,2,1,2,0,158,132,24,2,6723,821,31,5871,DET,Atlantic,Eastern
2025-2026,20251103,7,NJD,13722,Jesper Bratt,ROSTER,27.0,"5'10""",175.0,Sweden,Stockholm,False,LW,13,4,9,13,2.08,0.69,0.31,1.0,17.6,15.9,1,1,3,4,1,0,1,1,0,0,0,0,0,0.0,0,50,27,14.8,4,10,13,17,11,14,10,0,0,0,0.0,3,6,2,4,0,285,149,64,76,13374,2114,919,10341,NJD,Metropolitan,Eastern
2025-2026,20251103,10,PIT,53189,Justin Brazeau,ROSTER,27.0,"6'5""",220.0,Canada,"New Liskeard, ON",True,RW,12,6,6,12,1.83,0.5,0.5,1.0,31.0,0.0,2,1,1,2,0,0,0,2,0,0,0,0,0,0.0,3,33,22,27.3,12,4,10,17,11,13,1,0,0,0,0.0,0,0,1,2,0,212,127,72,12,9702,1946,1616,5862,PIT,Metropolitan,Eastern
2025-2026,20251103,22,COL,133825,Gavin Brindley,ROSTER,21.0,"5'9""",175.0,USA,"Fort Myers, FL",True,C,12,1,1,2,1.0,0.08,0.08,0.17,14.4,5.3,0,0,0,0,0,0,0,0,0,0,0,0,0,0.0,-2,23,12,8.3,4,6,5,12,14,4,2,5,2,3,40.0,1,2,3,6,0,149,111,20,19,6254,831,124,5299,COL,Central,Western
2025-2026,20251103,6,PHI,38019,Bobby Brink,ROSTER,24.0,"5'8""",165.0,USA,"Minnetonka, MN",True,RW,12,3,4,7,1.75,0.33,0.25,0.58,17.6,21.2,1,1,2,3,0,0,0,0,0,0,2,0,1,50.0,-2,33,21,14.3,4,6,6,17,13,6,1,11,2,9,18.2,4,8,4,8,0,254,147,55,56,11847,2336,387,9518,PHI,Metropolitan,Eastern
2025-2026,20251103,17,STL,17150,Philip Broberg,ROSTER,24.0,"6'3""",200.0,Sweden,Orebro,True,D,12,1,3,4,1.5,0.25,0.08,0.33,18.2,5.3,0,0,0,0,0,0,0,0,0,0,0,0,0,0.0,-4,44,18,5.6,9,17,9,5,23,14,2,0,0,0,0.0,1,2,2,4,0,335,212,67,57,15924,2527,946,12451,STL,Central,Western
2025-2026,20251103,25,MIN,5123,Jonas Brodin,ROSTER,32.0,"6'1""",194.0,Sweden,Karlstad,False,D,12,2,2,4,0.67,0.17,0.17,0.33,40.6,5.3,0,0,0,0,0,0,0,0,0,0,0,0,0,0.0,0,29,8,25.0,24,15,6,1,23,10,1,0,0,0,0.0,1,2,3,6,0,286,146,64,78,15313,2969,1271,11073,MIN,Central,Western
2025-2026,20251103,9,NYR,11807,Jonny Brodzinski,ROSTER,32.0,"6'1""",215.0,USA,"Ham Lake, MN",False,C,5,1,1,2,0.4,0.2,0.2,0.4,1.7,0.0,0,0,0,0,0,0,0,0,0,0,0,0,0,0.0,1,6,2,50.0,1,2,2,0,2,2,1,4,3,1,75.0,0,0,2,4,0,72,36,16,15,2861,307,211,2128,NYR,Metropolitan,Eastern
2025-2026,20251103,7,NJD,8916,Connor Brown,ROSTER,31.0,"6'0""",186.0,Canada,"Etobicoke, ON",False,RW,11,5,1,6,1.55,0.09,0.45,0.55,20.5,5.3,1,0,0,0,1,0,1,0,0,0,0,0,0,0.0,1,27,17,29.4,10,2,8,6,9,7,3,6,3,3,50.0,1,2,0,0,0,219,110,54,60,10412,1380,1073,7959,NJD,Metropolitan,Eastern
2025-2026,20251103,10,PIT,142708,Harrison Brunicke,ROSTER,,,,,,False,D,8,1,0,1,0.88,0.0,0.12,0.12,24.2,15.9,0,0,0,0,0,0,0,0,0,0,0,0,0,0.0,-2,18,7,14.3,13,5,6,4,15,13,1,0,0,0,0.0,3,6,2,4,0,154,120,14,17,7727,830,167,6475,PIT,Metropolitan,Eastern
2025-2026,20251103,15,BUF,17925,Jacob Bryson,ROSTER,27.0,"5'9""",185.0,Canada,"London, ON",False,D,5,0,1,1,0.2,0.2,0.0,0.2,7.3,5.3,0,0,0,0,0,0,0,0,0,0,0,0,0,0.0,1,9,1,0.0,4,5,3,1,4,2,0,0,0,0,0.0,1,2,0,0,0,71,38,8,25,2838,288,147,2403,BUF,Atlantic,Eastern
2025-2026,20251103,17,STL,10075,Pavel Buchnevich,ROSTER,30.0,"6'3""",197.0,Russia,Cherepovets,False,LW,12,2,4,6,2.08,0.33,0.17,0.5,11.5,10.6,0,2,1,3,0,0,0,0,0,0,0,0,0,0.0,-8,46,25,8.0,3,12,9,10,8,16,1,7,3,4,42.9,2,4,4,8,0,280,134,105,43,13210,2819,1440,8951,STL,Central,Western
2025-2026,20251103,25,MIN,142488,Zeev Buium,ROSTER,,,,,,False,D,13,2,6,8,1.38,0.46,0.15,0.62,8.6,5.3,0,1,4,5,0,0,0,0,0,0,0,0,0,0.0,-10,38,18,11.1,4,13,7,3,18,17,2,0,0,0,0.0,1,2,2,4,0,248,201,31,17,14958,3305,136,11517,MIN,Central,Western
2025-2026,20251103,18,NSH,15430,Michael Bunting,ROSTER,30.0,"5'11""",197.0,Canada,"Toronto, ON",True,LW,13,3,4,7,1.15,0.31,0.23,0.54,12.6,10.6,1,0,1,1,0,0,0,0,0,0,1,1,0,0.0,-1,43,15,20.0,6,7,21,4,12,9,1,10,3,7,30.0,2,4,5,10,0,236,107,96,36,11378,2414,1702,7262,NSH,Central,Western
2025-2026,20251103,20,CHI,5451,Andre Burakovsky,ROSTER,30.0,"6'3""",201.0,Austria,Klagenfurt,False,LW,11,4,5,9,1.36,0.45,0.36,0.82,8.2,15.9,1,1,3,4,0,0,0,1,0,0,0,0,0,0.0,1,28,15,26.7,3,8,5,5,13,10,7,2,0,2,0.0,3,6,0,0,0,235,128,41,66,11215,2431,436,8123,CHI,Central,Western
2025-2026,20251103,22,COL,15,Brent Burns,ROSTER,40.0,"6'5""",230.0,Canada,"Ajax, ON",False,D,13,1,5,6,2.54,0.38,0.08,0.46,30.3,31.8,0,0,1,1,0,0,0,1,0,0,0,0,0,0.0,0,70,33,3.0,17,25,12,3,13,11,4,0,0,0,0.0,6,12,0,0,0,352,188,68,97,16029,4053,1036,10940,COL,Central,Western
2025-2026,20251103,28,LAK,19049,Quinton Byfield,ROSTER,23.0,"6'4""",215.0,Canada,"Newmarket, ON",True,RW,13,2,8,10,2.38,0.62,0.15,0.77,17.4,21.2,0,1,2,3,0,1,1,0,0,0,1,0,0,0.0,-2,52,31,6.5,5,11,10,14,15,11,7,220,98,122,44.5,4,8,7,14,0,311,211,42,61,15539,2451,298,12790,LAK,Pacific,Western
2025-2026,20251103,15,BUF,21814,Bowen Byram,ROSTER,24.0,"6'0""",195.0,Canada,"Cranbrook, BC",True,D,12,1,4,5,1.08,0.33,0.08,0.42,34.8,21.2,0,0,2,2,0,0,0,0,0,0,1,0,1,100.0,-1,36,13,7.7,17,8,15,10,23,12,1,0,0,0,0.0,4,8,0,0,0,336,188,60,90,15978,1785,424,13810,BUF,Atlantic,Eastern
2025-2026,20251103,11,BOS,37956,Michael Callahan,ASSIGNED_TO_MINORS,26.0,"6'2""",197.0,USA,"Franklin, MA",True,D,3,0,0,0,0.67,0.0,0.0,0.0,11.9,0.0,0,0,0,0,0,0,0,0,0,0,0,0,0,0.0,-2,3,2,0.0,6,0,1,3,9,3,1,0,0,0,0.0,0,0,0,0,0,70,45,18,7,2961,777,279,1905,BOS,Atlantic,Eastern
2025-2026,20251103,27,DAL,5658,Kyle Capobianco,ROSTER,28.0,"6'1""",196.0,Canada,"Mississauga, ON",False,D,2,0,0,0,1.0,0.0,0.0,0.0,0.6,5.3,0,0,0,0,0,0,0,0,0,0,0,0,0,0.0,0,3,2,0.0,0,1,0,1,1,1,1,0,0,0,0.0,1,2,0,0,0,17,13,2,2,738,157,24,557,DAL,Central,Western
2025-2026,20251103,30,UTA,16956,Michael Carcone,ROSTER,29.0,"5'10""",170.0,Canada,"Ajax, ON",False,LW,10,2,1,3,2.1,0.1,0.2,0.3,13.8,20.9,0,0,0,0,0,0,0,0,0,0,0,0,0,0.0,-1,41,21,9.5,4,8,12,11,11,3,1,1,0,1,0.0,2,12,1,2,0,150,86,40,26,6243,1177,480,4586,UTA,Central,Western
2025-2026,20251103,26,SJS,56619,Ethan Cardwell,ROSTER,23.0,"5'11""",180.0,Canada,"Courtice, ON",False,RW,1,0,0,0,1.0,0.0,0.0,0.0,0.6,0.0,0,0,0,0,0,0,0,0,0,0,0,0,0,0.0,0,4,1,0.0,0,2,1,1,1,0,0,0,0,0,0.0,0,0,0,0,0,17,11,3,3,905,50,0,855,SJS,Pacific,Western
2025-2026,20251103,12,TOR,5632,Brandon Carlo,ROSTER,28.0,"6'5""",212.0,USA,"Colorado Springs, CO",False,D,12,0,2,2,1.33,0.17,0.0,0.17,35.5,10.6,0,0,0,0,0,0,0,0,0,0,0,0,0,0.0,3,34,16,0.0,19,9,9,6,15,11,0,0,0,0,0.0,2,4,1,2,0,338,202,78,58,14448,1565,1582,11301,TOR,Atlantic,Eastern
2025-2026,20251103,5,WSH,4735,John Carlson,ROSTER,35.0,"6'3""",217.0,USA,"Natick, MA",False,D,12,2,5,7,2.25,0.42,0.17,0.58,35.5,5.3,0,0,3,3,0,0,0,0,0,0,0,0,0,0.0,-3,73,27,7.4,19,27,19,6,16,19,10,0,0,0,0.0,1,2,0,0,0,288,155,63,68,17254,5170,1196,10695,WSH,Metropolitan,Eastern
2025-2026,20251103,29,ANA,111582,Leo Carlsson,ROSTER,20.0,"6'3""",198.0,Sweden,Karlstad,True,C,11,5,11,16,2.45,1.0,0.45,1.45,12.3,5.3,1,0,5,5,1,1,2,1,0,1,1,0,0,0.0,7,55,27,18.5,7,17,11,1,8,9,3,160,68,92,42.5,1,2,5,10,0,268,207,37,29,12419,2923,373,9123,ANA,Pacific,Western
2025-2026,20251103,9,NYR,5479,Sam Carrick,ROSTER,33.0,"6'0""",200.0,Canada,"Stouffville, ON",False,C,13,1,4,5,1.54,0.31,0.08,0.38,28.9,30.4,0,0,0,0,0,1,1,0,0,0,0,0,0,0.0,4,36,20,5.0,10,7,10,19,14,3,2,102,49,53,48.0,2,10,5,16,2,233,89,51,82,9855,2064,571,6738,NYR,Metropolitan,Eastern
2025-2026,20251103,14,MTL,5710,Alexandre Carrier,ROSTER,29.0,"5'11""",174.0,Canada,"Quebec City, QC",False,D,12,1,4,5,0.83,0.33,0.08,0.42,57.8,21.2,0,0,0,0,0,0,0,0,0,0,0,0,0,0.0,-3,26,10,10.0,32,9,7,7,35,11,7,0,0,0,0.0,4,8,3,6,0,273,150,46,78,13359,1588,942,10829,MTL,Atlantic,Eastern
2025-2026,20251103,3,CAR,10174,William Carrier,ROSTER,30.0,"6'2""",218.0,Canada,"Pierrefonds, QC",False,LW,7,1,2,3,0.86,0.29,0.14,0.43,10.7,5.3,0,0,0,0,0,0,0,1,0,0,0,0,0,0.0,5,21,6,16.7,1,7,8,14,10,5,1,0,0,0,0.0,1,2,1,2,0,116,44,63,10,4336,948,805,2583,CAR,Metropolitan,Eastern
2025-2026,20251103,7,NJD,56518,Seamus Casey,ROSTER,21.0,"5'10""",173.0,USA,"Estero, FL",False,D,2,0,0,0,2.0,0.0,0.0,0.0,1.7,0.0,0,0,0,0,0,0,0,0,0,0,0,0,0,0.0,-3,8,4,0.0,1,2,2,0,7,3,2,0,0,0,0.0,0,0,0,0,0,48,37,10,1,2161,692,92,1377,NJD,Metropolitan,Eastern
2025-2026,20251103,6,PHI,38701,Noah Cates,ROSTER,26.0,"6'1""",170.0,USA,"Stillwater, MN",True,LW,12,3,5,8,2.0,0.42,0.25,0.67,19.8,10.6,1,1,3,4,0,0,0,1,0,1,0,0,0,0.0,2,43,24,12.5,8,7,12,10,8,9,4,188,84,104,44.7,2,4,5,10,0,293,117,26,153,12531,1369,44,11118,PHI,Metropolitan,Eastern
2025-2026,20251103,143,SEA,142279,Berkly Catton,ROSTER,,,,,,False,C,6,0,3,3,1.17,0.5,0.0,0.5,7.3,0.0,0,0,1,1,0,0,0,0,0,0,0,0,0,0.0,1,12,7,0.0,4,2,3,1,13,5,2,1,1,0,100.0,0,0,3,6,0,110,100,6,3,4860,629,98,4083,SEA,Pacific,Western
2025-2026,20251103,14,MTL,19047,Cole Caufield,ROSTER,24.0,"5'7""",174.0,USA,"Mosinee, WI",True,RW,12,10,5,15,2.83,0.42,0.83,1.25,16.7,10.6,3,1,4,5,0,0,0,3,0,3,0,0,0,0.0,7,59,34,29.4,5,11,14,13,8,9,4,3,0,3,0.0,2,4,3,6,0,258,137,62,69,13157,1940,526,10691,MTL,Atlantic,Eastern
2025-2026,20251103,28,LAK,5307,Cody Ceci,ROSTER,31.0,"6'2""",210.0,Canada,"Ottawa, ON",False,D,13,1,2,3,1.31,0.15,0.08,0.23,31.2,0.0,0,0,0,0,0,1,1,0,0,0,0,0,0,0.0,-4,36,17,5.9,16,14,5,7,16,9,4,0,0,0,0.0,0,0,0,0,0,283,159,44,82,13752,1530,711,11513,LAK,Pacific,Western
2025-2026,20251103,26,SJS,134157,Macklin Celebrini,ROSTER,19.0,"6'0""",190.0,Canada,"North Vancouver, BC",True,C,13,7,11,18,2.92,0.85,0.54,1.38,18.1,15.9,2,2,4,6,0,0,0,1,0,1,1,0,0,0.0,2,77,38,18.4,7,23,16,10,21,17,5,243,123,120,50.6,3,6,9,18,0,295,243,24,35,16484,3178,659,12647,SJS,Pacific,Western
2025-2026,20251103,1,TBL,14454,Erik Cernak,ROSTER,28.0,"6'3""",233.0,Slovakia,Kosice,False,D,12,0,2,2,0.67,0.17,0.0,0.17,66.8,31.8,0,0,0,0,0,0,0,0,0,0,0,0,0,0.0,-2,23,8,0.0,30,8,7,26,16,8,2,0,0,0,0.0,6,12,0,0,0,317,156,95,66,13791,2088,928,10708,TBL,Atlantic,Eastern
2025-2026,20251103,13,OTT,5613,Thomas Chabot,ROSTER,28.0,"6'2""",196.0,Canada,"Ste-Marie-de-Beauce, QC",False,D,13,2,5,7,1.31,0.38,0.15,0.54,51.2,18.5,0,1,3,4,0,1,1,0,0,0,0,0,0,0.0,2,57,17,11.8,28,22,18,7,16,10,6,0,0,0,0.0,3,8,1,2,0,371,204,81,88,17868,2669,1381,13818,OTT,Atlantic,Eastern
2025-2026,20251103,1,TBL,28436,Mitchell Chaffee,ASSIGNED_TO_MINORS,27.0,"6'0""",207.0,USA,"Rockford, MI",True,RW,7,0,0,0,1.14,0.0,0.0,0.0,15.6,10.6,0,0,0,0,0,0,0,0,0,0,0,0,0,0.0,0,10,8,0.0,2,1,1,19,6,5,0,3,1,2,33.3,2,4,2,4,0,95,55,20,20,3986,557,296,3133,TBL,Atlantic,Eastern
2025-2026,20251103,3,CAR,15383,Jalen Chatfield,ROSTER,29.0,"6'1""",188.0,USA,"Ypsilanti, MI",False,D,11,0,3,3,1.45,0.27,0.0,0.27,27.5,21.2,0,0,0,0,0,0,0,0,0,0,0,0,0,0.0,3,48,16,0.0,13,21,11,9,26,11,1,0,0,0,0.0,4,8,1,2,0,318,182,57,79,14072,2023,772,11277,CAR,Metropolitan,Eastern
2025-2026,20251103,16,DET,5285,Ben Chiarot,ROSTER,34.0,"6'3""",234.0,Canada,"Hamilton, ON",False,D,13,1,2,3,1.0,0.15,0.08,0.23,53.1,10.6,0,0,0,0,0,0,0,0,0,0,0,0,0,0.0,0,40,13,7.7,21,17,10,28,20,17,4,0,0,0,0.0,2,4,1,2,0,339,184,61,95,16283,3754,878,11651,DET,Atlantic,Eastern
2025-2026,20251103,2,WPJ,37987,Nikita Chibrikov,ROSTER,22.0,"5'10""",170.0,Russia,Moskva,True,RW,5,0,0,0,0.4,0.0,0.0,0.0,9.5,21.2,0,0,0,0,0,0,0,0,0,0,0,0,0,0.0,-1,10,2,0.0,3,5,3,7,5,6,2,0,0,0,0.0,4,8,2,4,0,72,57,14,1,2909,999,116,1794,WPG,,
2025-2026,20251103,19,CBJ,30088,Yegor Chinakhov,ROSTER,24.0,"6'0""",178.0,Russia,Omsk,True,RW,8,2,2,4,1.88,0.25,0.25,0.5,7.2,0.0,0,0,0,0,0,0,0,0,0,0,0,0,0,0.0,2,25,15,13.3,2,7,3,6,8,3,2,0,0,0,0.0,0,0,2,4,0,111,91,17,3,4892,1033,64,3715,CBJ,Metropolitan,Eastern
2025-2026,20251103,5,WSH,28482,Declan Chisholm,ROSTER,25.0,"6'1""",185.0,Canada,"Bowmanville, ON",True,D,6,0,1,1,0.5,0.17,0.0,0.17,6.9,5.3,0,0,0,0,0,0,0,0,0,0,0,0,0,0.0,2,10,3,0.0,3,4,3,3,9,6,3,0,0,0,0.0,1,2,3,9,0,103,62,22,15,5101,807,508,3581,WSH,Metropolitan,Eastern
2025-2026,20251103,7,NJD,15156,Dennis Cholowski,ROSTER,27.0,"6'2""",197.0,Canada,"Langley, BC",False,D,2,0,1,1,0.5,0.5,0.0,0.5,10.0,0.0,0,0,0,0,0,0,0,0,0,0,0,0,0,0.0,1,3,1,0.0,6,1,1,0,2,1,0,0,0,0,0.0,0,0,0,0,0,36,17,9,10,1872,312,53,1507,NJD,Metropolitan,Eastern
2025-2026,20251103,19,CBJ,28414,Jake Christiansen,ROSTER,26.0,"6'1""",195.0,Canada,"West Vancouver, BC",True,D,8,0,0,0,0.75,0.0,0.0,0.0,9.2,0.0,0,0,0,0,0,0,0,0,0,0,0,0,0,0.0,-2,20,6,0.0,4,8,6,4,14,4,0,0,0,0,0.0,0,0,0,0,0,102,71,14,17,5079,480,141,4458,CBJ,Metropolitan,Eastern
2025-2026,20251103,5,WSH,9642,Jakob Chychrun,ROSTER,27.0,"6'2""",210.0,USA,"Boca Raton, FL",False,D,12,3,4,7,2.92,0.33,0.25,0.58,23.4,15.9,1,1,0,1,0,0,0,1,0,1,0,0,0,0.0,6,86,35,8.6,9,26,25,13,16,20,6,0,0,0,0.0,3,6,5,10,0,271,135,80,56,16885,2981,1838,11873,WSH,Metropolitan,Eastern
2025-2026,20251103,21,VAN,13636,Filip Chytil,INJURY_LIST,26.0,"6'2""",206.0,Czech Republic,Kromeriz,False,C,6,3,0,3,2.5,0.0,0.5,0.5,8.6,15.9,1,0,0,0,0,0,0,1,0,0,0,0,0,0.0,0,22,15,20.0,4,2,5,3,10,3,2,76,36,40,47.4,3,6,0,0,0,114,56,43,18,5629,1207,724,3698,VAN,Pacific,Western
2025-2026,20251103,1,TBL,14125,Anthony Cirelli,ROSTER,28.0,"6'0""",193.0,Canada,"Etobicoke, ON",False,C,12,7,4,11,1.67,0.33,0.58,0.92,20.2,15.9,2,2,0,2,0,0,0,2,0,1,0,0,0,0.0,7,36,20,35.0,9,5,11,8,11,7,5,241,120,121,49.8,3,6,1,2,0,305,126,110,76,14047,2391,2032,9544,TBL,Atlantic,Eastern
2025-2026,20251103,8,NYI,5083,Casey Cizikas,ROSTER,34.0,"5'11""",195.0,Canada,"Toronto, ON",False,C,12,1,1,2,0.67,0.08,0.08,0.17,35.0,15.9,0,0,0,0,0,0,0,0,0,0,0,0,0,0.0,-5,13,8,12.5,9,3,2,31,12,5,1,99,37,62,37.4,3,6,0,0,0,182,109,37,37,7546,1782,427,5337,NYI,Metropolitan,Eastern
2025-2026,20251103,28,LAK,31218,Brandt Clarke,ROSTER,22.0,"6'2""",185.0,Canada,"Nepean, ON",True,D,13,2,5,7,2.08,0.38,0.15,0.54,41.6,10.6,0,0,0,0,0,0,0,1,0,0,0,0,0,0.0,4,46,27,7.4,23,13,6,5,16,20,3,0,0,0,0.0,2,4,5,10,0,275,213,39,25,13374,1488,267,11619,LAK,Pacific,Western
2025-2026,20251103,10,PIT,15396,Connor Clifton,ROSTER,30.0,"5'11""",175.0,USA,"Long Branch, New Jersey",False,D,3,0,0,0,0.67,0.0,0.0,0.0,25.3,5.3,0,0,0,0,0,0,0,0,0,0,0,0,0,0.0,-3,9,2,0.0,9,4,3,16,9,1,0,0,0,0,0.0,1,2,0,0,0,66,39,16,11,3161,429,134,2601,PIT,Metropolitan,Eastern
2025-2026,20251103,29,ANA,38010,Sam Colangelo,ROSTER,23.0,"6'2""",205.0,USA,"Stoneham, MA",True,RW,7,1,0,1,0.43,0.0,0.14,0.14,7.5,10.6,0,0,0,0,0,0,0,0,0,0,0,0,0,0.0,-3,11,3,33.3,1,5,3,9,7,6,0,2,1,1,50.0,2,4,0,0,0,105,70,21,16,4285,812,132,3383,ANA,Pacific,Western
2025-2026,20251103,30,UTA,4905,Ian Cole,ROSTER,36.0,"6'1""",225.0,USA,"Ann Arbor, MI",False,D,12,1,5,6,0.58,0.42,0.08,0.5,57.0,21.2,0,0,0,0,0,0,0,0,0,0,0,0,0,0.0,10,19,7,14.3,28,7,5,16,25,12,2,0,0,0,0.0,4,8,2,4,0,274,158,43,74,13258,3291,580,9387,UTA,Central,Western
2025-2026,20251103,23,CGY,11702,Blake Coleman,ROSTER,33.0,"5'11""",207.0,USA,"Plano, TX",False,LW,14,5,1,6,2.64,0.07,0.36,0.43,33.1,15.9,1,0,0,0,1,0,1,0,0,0,0,0,0,0.0,-1,61,37,13.5,9,11,13,28,13,16,3,16,6,10,37.5,3,6,5,10,0,335,164,116,60,14747,3733,1481,9533,CGY,Pacific,Western
2025-2026,20251103,22,COL,18195,Ross Colton,ROSTER,29.0,"6'0""",190.0,USA,"Robbinsville, New Jersey",False,C,13,1,4,5,1.77,0.31,0.08,0.38,31.9,15.2,0,0,0,0,0,0,0,0,0,0,0,0,0,0.0,-1,52,23,4.3,6,14,15,34,8,11,3,16,9,7,56.2,1,5,5,13,1,231,130,67,35,9604,1465,1257,6882,COL,Central,Western
2025-2026,20251103,16,DET,5564,J.T. Compher,ROSTER,30.0,"6'0""",190.0,USA,"Northbrook, IL",False,LW,13,2,3,5,0.92,0.23,0.15,0.38,15.3,5.3,0,0,0,0,0,0,0,0,0,0,0,0,0,0.0,-1,25,12,16.7,8,9,5,3,10,7,0,133,67,66,50.4,1,2,4,8,0,293,133,76,86,13033,2606,1461,9027,DET,Atlantic,Eastern
2025-2026,20251103,2,WPJ,5612,Kyle Connor,ROSTER,28.0,"6'1""",182.0,USA,"Clinton Township, MI",False,LW,12,8,9,17,3.92,0.75,0.67,1.42,6.6,10.6,2,1,3,4,1,0,1,1,0,1,0,0,0,0.0,11,75,47,17.0,2,18,10,5,12,13,5,0,0,0,0.0,2,4,3,6,0,268,126,104,46,14587,3060,2302,9225,WPG,,
2025-2026,20251103,30,UTA,56257,Logan Cooley,ROSTER,21.0,"5'11""",180.0,USA,"Pittsburgh, PA",False,C,12,8,4,12,2.25,0.33,0.67,1.0,17.1,15.9,2,3,1,4,0,0,0,0,0,0,0,0,0,0.0,4,43,27,29.6,6,5,11,11,13,16,3,155,66,89,42.6,3,6,4,8,0,269,197,39,42,13509,3461,603,9447,UTA,Central,Western
2025-2026,20251103,21,VAN,167600,Braeden Cootes,ASSIGNED_TO_OTHER,18.0,"6'0""",183.0,Canada,"Sherwood Park, AB",True,C,3,0,0,0,0.0,0.0,0.0,0.0,3.6,0.0,0,0,0,0,0,0,0,0,0,0,0,0,0,0.0,-2,0,0,0.0,1,0,0,3,1,4,0,13,5,8,38.5,0,0,0,0,0,44,38,5,1,1940,192,0,1748,VAN,Pacific,Western
2025-2026,20251103,16,DET,5555,Andrew Copp,ROSTER,31.0,"6'1""",206.0,USA,"Ann Arbor, MI",False,C,13,1,4,5,1.0,0.31,0.08,0.38,28.8,21.2,0,0,2,2,0,0,0,0,0,0,0,0,0,0.0,-5,29,13,7.7,13,6,10,11,15,14,2,88,42,46,47.7,4,8,1,2,0,281,121,72,89,11728,2160,604,8964,DET,Atlantic,Eastern
2025-2026,20251103,23,CGY,37972,Matt Coronato,ROSTER,22.0,"5'10""",183.0,USA,"New York, NY",True,RW,13,3,2,5,1.85,0.15,0.23,0.38,8.0,15.9,1,2,0,2,0,0,0,0,0,0,1,1,0,0.0,-12,64,24,12.5,4,27,13,2,10,6,5,16,3,13,18.8,3,6,1,2,0,263,184,52,30,12990,3643,429,8918,CGY,Pacific,Western
2025-2026,20251103,7,NJD,18224,Paul Cotter,ROSTER,25.0,"6'0""",185.0,USA,"Carton, MI",False,LW,13,1,1,2,1.15,0.08,0.08,0.15,28.0,10.6,0,0,0,0,0,0,0,0,0,0,0,0,0,0.0,-5,28,15,6.7,4,7,6,33,19,7,2,8,5,3,62.5,2,4,2,4,0,209,131,36,43,9472,1603,598,7271,NJD,Metropolitan,Eastern
2025-2026,20251103,13,OTT,5536,Nick Cousins,ROSTER,32.0,"5'11""",183.0,Canada,"Belleville, ON",False,C,13,2,1,3,0.77,0.08,0.15,0.23,31.1,57.3,0,0,0,0,0,0,0,0,0,0,0,0,0,0.0,3,22,10,20.0,9,4,8,25,26,11,2,8,3,5,37.5,7,25,7,17,1,223,110,77,38,8741,1437,1604,5700,OTT,Atlantic,Eastern
2025-2026,20251103,6,PHI,4995,Sean Couturier,ROSTER,32.0,"6'3""",211.0,USA,"Phoenix, AZ",False,C,11,2,7,9,1.55,0.64,0.18,0.82,21.5,15.9,0,0,0,0,0,0,0,1,0,0,0,0,0,0.0,0,33,17,11.8,9,9,7,10,7,11,5,186,102,84,54.8,3,6,1,2,0,261,114,61,88,12065,3123,548,8394,PHI,Metropolitan,Eastern
2025-2026,20251103,12,TOR,112362,Easton Cowan,ROSTER,20.0,"5'10""",170.0,Canada,"Mount Brydges, ON",True,RW,9,1,3,4,1.67,0.33,0.11,0.44,12.1,0.0,0,0,0,0,0,0,0,0,0,0,0,0,0,0.0,2,30,15,6.7,3,9,6,11,14,11,0,2,1,1,50.0,0,0,5,10,0,146,126,20,1,6884,1776,80,5028,TOR,Atlantic,Eastern
2025-2026,20251103,19,CBJ,5124,Charlie Coyle,ROSTER,33.0,"6'3""",220.0,USA,"East Weymouth, MA",False,C,12,2,7,9,1.42,0.58,0.17,0.75,23.7,0.0,0,0,1,1,0,0,0,0,0,0,0,0,0,0.0,1,30,17,11.8,8,7,6,16,10,6,4,179,91,88,50.8,0,0,0,0,0,248,113,62,72,12104,3441,364,8164,CBJ,Metropolitan,Eastern
2025-2026,20251103,13,OTT,19086,Dylan Cozens,ROSTER,24.0,"6'3""",183.0,Canada,"Whitehorse, Yukon",True,C,13,6,4,10,2.38,0.31,0.46,0.77,40.1,10.6,2,3,3,6,0,0,0,0,0,0,0,0,0,0.0,-11,54,31,19.4,7,14,9,44,14,8,0,134,72,62,53.7,2,4,2,4,0,303,157,58,94,13583,2095,684,10860,OTT,Atlantic,Eastern
2025-2026,20251103,20,CHI,34950,Louis Crevier,ROSTER,24.0,"6'8""",214.0,Canada,"Quebec City, QC",True,D,11,2,2,4,1.0,0.18,0.18,0.36,23.0,46.7,0,0,0,0,0,0,0,0,0,0,0,0,0,0.0,3,24,11,18.2,8,8,5,15,14,5,2,0,0,0,0.0,5,21,1,5,1,198,94,26,74,8669,332,140,7996,CHI,Central,Western
2025-2026,20251103,10,PIT,3490,Sidney Crosby,ROSTER,38.0,"5'11""",200.0,Canada,"Cole Harbour, NS",False,C,13,9,7,16,2.08,0.54,0.69,1.23,20.1,47.5,3,4,1,5,0,0,0,1,0,0,1,0,1,100.0,4,48,27,33.3,7,8,13,13,9,14,5,241,127,114,52.7,7,22,4,8,0,287,150,81,59,14636,5409,1658,7333,PIT,Metropolitan,Eastern
2025-2026,20251103,30,UTA,5606,Lawson Crouse,ROSTER,28.0,"6'4""",220.0,Canada,"Mt. Brydges, ON",False,LW,12,2,1,3,2.08,0.08,0.17,0.25,35.3,5.3,0,0,0,0,0,0,0,0,0,0,0,0,0,0.0,-1,49,25,8.0,8,10,14,34,7,10,2,8,3,5,37.5,1,2,3,6,0,253,103,47,105,10387,1103,658,8626,UTA,Central,Western
2025-2026,20251103,1,TBL,56653,Maxwell Crozier,ROSTER,25.0,"5'11""",161.0,Canada,"Calgary, AB",False,D,4,0,3,3,1.0,0.75,0.0,0.75,7.2,5.3,0,0,0,0,0,0,0,0,0,0,0,0,0,0.0,2,11,4,0.0,2,4,3,6,12,1,1,0,0,0,0.0,1,2,0,0,0,67,43,5,19,3147,246,36,2865,TBL,Atlantic,Eastern
2025-2026,20251103,9,NYR,30065,William Cuylle,ROSTER,23.0,"6'3""",204.0,Canada,"Toronto, ON",True,LW,13,2,4,6,2.54,0.31,0.15,0.46,48.0,31.8,0,1,0,1,0,0,0,1,0,1,0,0,0,0.0,0,62,33,6.1,11,14,16,46,13,4,2,12,9,3,75.0,6,12,3,6,0,318,215,63,26,13576,2245,563,10036,NYR,Metropolitan,Eastern
2025-2026,20251103,20,CHI,34951,Colton Dach,ROSTER,22.0,"6'4""",196.0,Canada,"St. Albert, AB",True,C,12,1,2,3,1.25,0.17,0.08,0.25,45.2,21.2,0,0,1,1,0,0,0,0,0,0,0,0,0,0.0,-5,30,15,6.7,7,4,11,52,14,8,5,20,8,12,40.0,4,8,5,10,0,237,155,31,51,9874,1270,248,8340,CHI,Central,Western
2025-2026,20251103,14,MTL,17199,Kirby Dach,ROSTER,24.0,"6'4""",212.0,Canada,"Fort Saskatchewan, AB",False,C,9,1,2,3,1.22,0.22,0.11,0.33,22.7,5.3,0,0,1,1,0,0,0,0,0,0,0,0,0,0.0,-1,21,11,9.1,9,3,7,12,12,4,2,61,25,36,41.0,1,2,3,6,0,154,84,40,31,7419,1258,690,5471,MTL,Atlantic,Eastern
2025-2026,20251103,7,NJD,4787,Evgenii Dadonov,ROSTER,36.0,"5'11""",189.0,Russia,Chelyabinsk,False,LW,1,0,0,0,2.0,0.0,0.0,0.0,3.3,0.0,0,0,0,0,0,0,0,0,0,0,0,0,0,0.0,0,3,2,0.0,2,1,0,0,3,1,0,0,0,0,0.0,0,0,0,0,0,14,4,7,3,572,104,7,461,NJD,Metropolitan,Eastern
2025-2026,20251103,15,BUF,14524,Rasmus Dahlin,ROSTER,25.0,"6'3""",193.0,Sweden,Trollhättan,False,D,12,1,8,9,2.75,0.67,0.08,0.75,32.1,26.5,0,1,4,5,0,0,0,0,0,0,1,0,0,0.0,-8,84,33,3.0,15,34,17,11,19,29,6,0,0,0,0.0,5,10,6,12,0,351,196,41,115,17762,2110,763,14889,BUF,Atlantic,Eastern
2025-2026,20251103,28,LAK,5487,Phillip Danault,ROSTER,32.0,"6'1""",201.0,Canada,"Victoriaville, QC",False,C,13,0,3,3,1.31,0.23,0.0,0.23,11.1,10.6,0,0,0,0,0,1,1,0,0,0,0,0,0,0.0,2,37,17,0.0,2,14,6,12,8,13,1,205,112,93,54.6,2,4,3,6,0,271,115,87,69,13307,1725,1375,10207,LAK,Pacific,Western
2025-2026,20251103,15,BUF,30085,Justin Danforth,ROSTER,32.0,"5'9""",185.0,Canada,"Oshawa, ON",True,RW,4,0,0,0,0.5,0.0,0.0,0.0,8.6,5.3,0,0,0,0,0,0,0,0,0,0,0,0,0,0.0,-2,6,2,0.0,4,3,1,3,2,3,0,31,17,14,54.8,1,2,0,0,0,71,31,9,31,2809,362,109,2338,BUF,Atlantic,Eastern
2025-2026,20251103,1,TBL,18311,Charle-Edouard D’Astous,ROSTER,27.0,"6'2""",204.0,Canada,"Rimouski, QC",False,D,5,1,1,2,1.0,0.2,0.2,0.4,9.9,10.6,0,0,1,1,0,0,0,1,0,0,0,0,0,0.0,1,9,5,20.0,4,2,2,5,14,4,2,0,0,0,0.0,2,4,1,2,0,97,53,22,23,4387,733,157,3497,TBL,Atlantic,Eastern
2025-2026,20251103,8,NYI,5424,Tony DeAngelo,ROSTER,30.0,"5'11""",180.0,USA,"Sewell, New Jersey",False,D,12,1,4,5,2.17,0.33,0.08,0.42,25.8,10.6,0,0,0,0,0,0,0,0,0,0,0,0,0,0.0,-4,50,26,3.8,12,15,9,9,10,14,1,0,0,0,0.0,2,4,1,2,0,259,152,65,43,13183,2096,1670,9417,NYI,Metropolitan,Eastern
2025-2026,20251103,16,DET,13688,Alex DeBrincat,ROSTER,27.0,"5'7""",165.0,USA,"Farmington Hills, MI",False,RW,13,4,11,15,3.77,0.85,0.31,1.15,7.3,0.0,1,3,3,6,0,0,0,0,0,0,2,1,0,0.0,-1,94,49,8.2,4,21,24,1,10,13,2,3,0,3,0.0,0,0,1,2,0,261,130,46,89,13482,2924,476,10082,DET,Atlantic,Eastern
2025-2026,20251103,21,VAN,5609,Jake DeBrusk,ROSTER,29.0,"6'0""",188.0,Canada,"Edmonton, AB",False,LW,13,2,2,4,2.77,0.15,0.15,0.31,17.5,5.3,0,2,0,2,0,0,0,0,0,0,2,1,1,50.0,-1,57,36,5.6,7,8,13,9,11,10,1,7,2,5,28.6,1,2,1,2,0,280,117,67,99,13868,3492,598,9846,VAN,Pacific,Western
2025-2026,20251103,26,SJS,14536,Ty Dellandrea,ROSTER,25.0,"6'0""",184.0,Canada,"Toronto, ON",True,C,13,0,5,5,0.69,0.38,0.0,0.38,33.7,5.3,0,0,0,0,0,1,1,0,0,0,0,0,0,0.0,-4,18,9,0.0,9,8,1,29,16,7,3,139,74,65,53.2,1,2,5,10,0,232,123,58,51,10218,1235,986,7997,SJS,Pacific,Western
2025-2026,20251103,20,CHI,39063,Ethan Del Mastro,ASSIGNED_TO_MINORS,22.0,"6'4""",210.0,Canada,"Burlington, ON",True,D,1,0,0,0,1.0,0.0,0.0,0.0,7.2,0.0,0,0,0,0,0,0,0,0,0,0,0,0,0,0.0,-1,1,1,0.0,2,0,0,6,5,1,0,0,0,0,0.0,0,0,0,0,0,25,16,1,8,1055,123,0,932,CHI,Central,Western
2025-2026,20251103,2,WPJ,5822,Dylan DeMelo,ROSTER,32.0,"6'0""",191.0,Canada,"London, ON",False,D,12,1,6,7,0.75,0.5,0.08,0.58,48.8,26.5,0,0,0,0,0,1,1,0,0,0,0,0,0,0.0,7,22,9,11.1,25,9,4,11,17,17,1,0,0,0,0.0,5,10,4,8,0,334,179,69,87,15821,3612,629,11580,WPG,,
2025-2026,20251103,14,MTL,142498,Ivan Demidov,ROSTER,,,,,,False,RW,12,3,7,10,1.17,0.58,0.25,0.83,10.9,15.9,1,0,3,3,0,0,0,1,0,0,0,0,0,0.0,4,36,14,21.4,5,10,12,4,15,13,5,0,0,0,0.0,3,6,1,2,0,202,179,23,3,10062,2149,97,7816,MTL,Atlantic,Eastern
2025-2026,20251103,26,SJS,18276,Vincent Desharnais,ROSTER,29.0,"6'6""",209.0,Canada,"Laval, QC",False,D,9,0,1,1,0.78,0.11,0.0,0.11,35.1,31.6,0,0,0,0,0,0,0,0,0,0,0,0,0,0.0,-2,17,7,0.0,16,7,3,13,10,7,0,0,0,0,0.0,4,16,2,4,0,181,93,19,69,8491,941,149,7401,SJS,Pacific,Western
2025-2026,20251103,6,PHI,5341,Nicolas Deslauriers,ROSTER,34.0,"6'3""",219.0,Canada,"Lasalle, QC",False,LW,4,0,0,0,0.5,0.0,0.0,0.0,7.1,15.2,0,0,0,0,0,0,0,0,0,0,0,0,0,0.0,-1,3,2,0.0,0,0,1,11,1,0,0,0,0,0,0.0,1,5,1,5,1,37,27,4,6,1772,270,52,1450,PHI,Metropolitan,Eastern
2025-2026,20251103,10,PIT,18082,Connor Dewar,ROSTER,26.0,"5'10""",170.0,Canada,"The Pas, MB",False,C,13,3,2,5,1.92,0.15,0.23,0.38,30.3,0.0,1,0,0,0,0,0,0,1,0,0,0,0,0,0.0,0,40,25,12.0,5,11,4,34,18,4,1,1,1,0,100.0,0,0,5,13,0,243,122,56,60,10317,1153,486,8380,PIT,Metropolitan,Eastern
2025-2026,20251103,20,CHI,9073,Jason Dickinson,ROSTER,30.0,"6'2""",200.0,Canada,"Georgetown, ON",False,C,8,1,2,3,1.25,0.25,0.12,0.38,13.9,5.3,0,0,0,0,0,0,0,0,0,0,0,0,0,0.0,-1,22,10,10.0,6,5,7,6,8,10,3,126,68,58,54.0,1,2,0,0,0,171,84,42,46,6907,985,379,5543,CHI,Central,Western
2025-2026,20251103,26,SJS,142718,Sam Dickinson,ROSTER,,,,,,False,D,10,1,0,1,1.1,0.0,0.1,0.1,13.9,15.9,0,0,0,0,0,0,0,0,0,0,0,0,0,0.0,-2,22,11,9.1,6,9,2,6,14,10,3,0,0,0,0.0,3,6,1,2,0,179,153,11,17,8588,898,19,7674,SJS,Pacific,Western
2025-2026,20251103,7,NJD,5103,Brenden Dillon,ROSTER,34.0,"6'4""",225.0,Canada,"New Westminster, BC",False,D,13,2,4,6,0.92,0.31,0.15,0.46,63.0,10.6,0,0,0,0,0,0,0,2,0,0,0,0,0,0.0,2,28,12,16.7,25,9,7,33,14,5,4,0,0,0,0.0,2,4,1,2,0,293,161,38,96,14705,3636,708,10361,NJD,Metropolitan,Eastern
2025-2026,20251103,15,BUF,37981,Josh Doan,ROSTER,23.0,"6'1""",183.0,USA,"Scottsdale, AZ",True,RW,12,4,5,9,3.0,0.42,0.33,0.75,12.7,5.3,1,2,1,3,0,0,0,1,0,0,0,0,0,0.0,2,58,36,11.1,3,9,12,12,20,11,6,3,2,1,66.7,1,2,4,8,0,244,176,48,25,10901,2685,193,8023,BUF,Atlantic,Eastern
2025-2026,20251103,14,MTL,14535,Noah Dobson,ROSTER,25.0,"6'4""",184.0,Canada,"Summerside, PE",False,D,12,1,6,7,1.75,0.5,0.08,0.58,42.6,15.9,0,0,1,1,0,0,0,0,0,0,0,0,0,0.0,1,45,21,4.8,24,13,11,4,24,15,4,0,0,0,0.0,3,6,1,2,0,304,154,71,80,16185,1925,560,13700,MTL,Atlantic,Eastern
2025-2026,20251103,12,TOR,5412,Max Domi,ROSTER,30.0,"5'10""",192.0,Canada,"Winnipeg, MB",False,C,12,3,1,4,2.17,0.08,0.25,0.33,13.0,21.2,1,0,0,0,0,0,0,1,0,0,0,0,0,0.0,-7,42,26,11.5,7,12,4,2,6,15,4,95,45,50,47.4,4,8,4,8,0,208,105,76,30,9419,1900,1262,6257,TOR,Atlantic,Eastern
2025-2026,20251103,20,CHI,14137,Ryan Donato,ROSTER,29.0,"6'0""",192.0,USA,"Boston, MA",False,C,12,6,2,8,2.17,0.17,0.5,0.67,16.0,15.9,2,1,0,1,0,0,0,2,0,1,1,0,0,0.0,-1,53,26,23.1,3,9,18,17,18,7,4,22,12,10,54.5,3,6,1,2,0,247,127,70,52,11395,2183,623,8348,CHI,Central,Western
2025-2026,20251103,142,VGK,29771,Pavel Dorofeyev,ROSTER,25.0,"6'0""",176.0,Russia,Nizhny Tagil,True,RW,11,9,1,10,3.0,0.09,0.82,0.91,10.9,15.9,3,5,1,6,0,0,0,1,1,0,1,0,1,100.0,2,68,33,27.3,5,17,18,4,5,10,1,0,0,0,0.0,3,6,2,4,0,222,147,79,6,11554,3714,1435,6364,VGK,Pacific,Western
2025-2026,20251103,28,LAK,4510,Drew Doughty,ROSTER,35.0,"6'1""",202.0,Canada,"London, ON",False,D,13,1,3,4,1.46,0.23,0.08,0.31,39.1,10.6,0,0,0,0,0,1,1,0,0,0,0,0,0,0.0,3,53,19,5.3,20,22,12,9,17,21,5,0,0,0,0.0,2,4,1,2,0,352,175,72,106,18500,4515,1043,12940,LAK,Pacific,Western
2025-2026,20251103,1,TBL,38444,Curtis Douglas,ROSTER,25.0,"6'9""",248.0,Canada,"Oakville, ON",True,C,9,0,0,0,0.56,0.0,0.0,0.0,9.1,35.7,0,0,0,0,0,0,0,0,0,0,0,0,0,0.0,1,11,5,0.0,2,1,5,9,3,1,1,1,1,0,100.0,3,12,3,12,2,81,47,11,23,2760,531,10,2219,TBL,Atlantic,Eastern
2025-2026,20251103,5,WSH,9007,Nic Dowd,ROSTER,35.0,"6'1""",195.0,USA,"Huntsville, AL",False,C,12,1,2,3,1.08,0.17,0.08,0.25,28.8,15.9,0,0,0,0,0,0,0,0,0,0,0,0,0,0.0,-1,21,13,7.7,8,5,3,24,13,7,4,160,75,85,46.9,3,6,4,8,0,258,106,89,64,10867,2040,837,7990,WSH,Metropolitan,Eastern
2025-2026,20251103,24,EDM,5417,Leon Draisaitl,ROSTER,30.0,"6'2""",208.0,Germany,Köln,False,C,13,9,7,16,2.92,0.54,0.69,1.23,7.8,5.3,3,5,3,8,0,0,0,0,0,0,1,0,1,100.0,5,72,38,23.7,2,14,20,7,7,16,4,193,114,79,59.1,1,2,3,6,0,301,153,68,83,17650,4311,1149,12064,EDM,Pacific,Western
2025-2026,20251103,8,NYI,5230,Jonathan Drouin,ROSTER,30.0,"6'0""",203.0,Canada,"Ste-Agathe, QC",False,LW,11,1,6,7,1.27,0.55,0.09,0.64,9.2,30.1,0,0,1,1,0,0,0,0,0,0,0,0,0,0.0,5,31,14,7.1,4,4,13,4,5,6,1,15,9,6,60.0,3,17,4,8,0,221,107,64,51,11623,2853,738,8032,NYI,Metropolitan,Eastern
2025-2026,20251103,22,COL,14565,Jack Drury,ROSTER,25.0,"5'11""",174.0,USA,"Winnetka, IL",True,C,13,1,3,4,1.31,0.23,0.08,0.31,23.2,21.2,0,0,0,0,0,0,0,0,0,0,0,0,0,0.0,-2,37,17,5.9,12,7,13,5,21,6,2,180,97,83,53.9,4,8,2,4,0,268,160,71,38,11377,1738,1106,8533,COL,Central,Western
2025-2026,20251103,6,PHI,27448,Jamie Drysdale,ROSTER,23.0,"5'11""",187.0,Canada,"Toronto, ON",True,D,12,1,3,4,1.0,0.25,0.08,0.33,31.9,31.6,0,0,0,0,0,0,0,1,0,0,0,0,0,0.0,-3,45,12,8.3,18,18,15,3,16,8,1,0,0,0,0.0,4,16,1,2,0,315,242,42,33,15634,2319,134,13146,PHI,Metropolitan,Eastern
2025-2026,20251103,5,WSH,13710,Pierre-Luc Dubois,ROSTER,27.0,"6'3""",218.0,Canada,"Ste-Agathe-des-Monts, QC",False,LW,6,0,0,0,1.5,0.0,0.0,0.0,8.9,5.3,0,0,0,0,0,0,0,0,0,0,0,0,0,0.0,0,19,9,0.0,3,4,6,6,7,2,1,78,33,45,42.3,1,2,2,4,0,113,61,32,20,5592,1216,935,3441,WSH,Metropolitan,Eastern
2025-2026,20251103,27,DAL,4663,Matt Duchene,ROSTER,34.0,"5'11""",195.0,Canada,"Haliburton, ON",False,C,4,1,1,2,0.75,0.25,0.25,0.5,8.0,0.0,0,1,0,1,0,0,0,1,0,0,1,0,0,0.0,0,5,3,33.3,4,2,0,2,2,1,1,23,12,11,52.2,0,0,2,4,0,72,44,15,14,3467,906,86,2475,DAL,Central,Western
2025-2026,20251103,8,NYI,5441,Anthony Duclair,ROSTER,30.0,"5'11""",198.0,Canada,"Laval, QC",False,LW,12,2,1,3,1.5,0.08,0.17,0.25,15.0,5.3,0,1,0,1,0,0,0,0,0,0,1,0,0,0.0,1,30,18,11.1,9,8,4,0,5,8,1,0,0,0,0.0,1,2,1,2,0,214,101,80,34,10559,1611,1265,7683,NYI,Metropolitan,Eastern
2025-2026,20251103,5,WSH,18079,Brandon Duhaime,ROSTER,28.0,"6'0""",185.0,USA,"Parkland, FL",False,RW,12,0,1,1,0.5,0.08,0.0,0.08,28.3,36.4,0,0,0,0,0,0,0,0,0,0,0,0,0,0.0,-3,20,6,0.0,5,7,7,31,19,4,1,12,2,10,16.7,5,13,5,13,1,242,127,60,54,9431,1062,503,7829,WSH,Metropolitan,Eastern
2025-2026,20251103,10,PIT,5125,Matt Dumba,ROSTER,31.0,"6'0""",180.0,Canada,"Regina, SK",False,D,5,0,1,1,0.6,0.2,0.0,0.2,12.5,31.1,0,0,0,0,0,0,0,0,0,0,0,0,0,0.0,-1,11,3,0.0,4,5,3,9,5,6,4,0,0,0,0.0,4,11,1,5,1,96,55,19,22,4508,519,292,3697,PIT,Metropolitan,Eastern
2025-2026,20251103,28,LAK,5310,Brian Dumoulin,ROSTER,34.0,"6'4""",207.0,USA,"Biddeford, MN",False,D,13,0,1,1,1.08,0.08,0.0,0.08,38.8,5.3,0,0,0,0,0,0,0,0,0,0,0,0,0,0.0,-3,33,14,0.0,19,11,8,11,26,17,6,0,0,0,0.0,1,2,2,4,0,314,168,61,85,15373,2715,928,11730,LAK,Pacific,Western
2025-2026,20251103,143,SEA,5650,Vince Dunn,ROSTER,29.0,"6'0""",203.0,Canada,"Lindsay, ON",False,D,11,2,5,7,2.45,0.45,0.18,0.64,14.0,15.9,0,0,3,3,0,0,0,0,0,0,0,0,0,0.0,-4,56,27,7.4,8,21,8,1,17,13,1,0,0,0,0.0,3,6,1,2,0,299,150,91,51,15550,2548,1534,11067,SEA,Pacific,Western
2025-2026,20251103,15,BUF,29977,Josh Dunne,ROSTER,26.0,"6'4""",210.0,USA,"OFallon, MO",True,C,6,1,0,1,1.0,0.0,0.17,0.17,7.5,10.6,0,0,0,0,0,0,0,0,0,0,0,0,0,0.0,0,10,6,16.7,1,0,4,9,3,3,0,4,1,3,25.0,2,4,5,10,0,86,68,11,8,3531,311,84,3136,BUF,Atlantic,Eastern
2025-2026,20251103,30,UTA,14575,Sean Durzi,ROSTER,27.0,"6'0""",188.0,Canada,"Mississauga, ON",True,D,2,0,1,1,1.0,0.5,0.0,0.5,8.6,10.6,0,0,0,0,0,0,0,0,0,0,0,0,0,0.0,0,3,2,0.0,4,1,0,3,1,4,1,0,0,0,0.0,2,4,0,0,0,52,31,7,14,2271,34,72,2165,UTA,Central,Western
2025-2026,20251103,6,PHI,10069,Christian Dvorak,ROSTER,29.0,"6'1""",200.0,USA,"Palos, IL",False,C,12,3,3,6,1.42,0.25,0.25,0.5,17.5,15.9,1,0,0,0,0,1,1,0,0,0,0,0,0,0.0,2,31,17,17.6,7,5,9,9,6,5,2,128,69,59,53.9,3,6,3,6,0,258,115,49,97,11735,1479,754,9502,PHI,Metropolitan,Eastern
2025-2026,20251103,17,STL,142730,Dalibor Dvorský,ROSTER,20.0,"6'1""",201.0,Slovakia,Zvolen,True,RW,2,0,0,0,1.5,0.0,0.0,0.0,3.6,0.0,0,0,0,0,0,0,0,0,0,0,0,0,0,0.0,0,5,3,0.0,1,0,2,3,2,0,0,25,17,8,68.0,0,0,0,0,0,40,28,12,0,1912,254,44,1614,STL,Central,Western
2025-2026,20251103,143,SEA,4505,Jordan Eberle,ROSTER,35.0,"5'11""",187.0,Canada,"Regina, SK",False,RW,11,4,4,8,2.27,0.36,0.36,0.73,16.1,10.6,1,0,2,2,0,0,0,1,0,0,1,0,0,0.0,3,50,25,16.0,5,9,16,12,12,13,2,10,6,4,60.0,2,4,1,2,0,260,134,59,62,12820,4854,1005,6602,SEA,Pacific,Western
2025-2026,20251103,28,LAK,5823,Joel Edmundson,ROSTER,32.0,"6'5""",224.0,Canada,"Brandon, MB",False,D,13,0,5,5,1.38,0.38,0.0,0.38,26.3,26.5,0,0,0,0,0,0,0,0,0,0,0,0,0,0.0,3,45,18,0.0,10,17,10,15,12,14,3,0,0,0,0.0,5,10,0,0,0,289,158,30,101,13335,1782,551,11002,LAK,Pacific,Western
2025-2026,20251103,9,NYR,39222,Adam Edstrom,ROSTER,25.0,"6'6""",210.0,Sweden,,True,C,13,0,2,2,0.69,0.15,0.0,0.15,27.0,5.3,0,0,0,0,0,0,0,0,0,0,0,0,0,0.0,2,17,9,0.0,5,3,5,29,3,6,3,0,0,0,0.0,1,2,0,0,0,191,124,30,27,7761,1099,344,5946,NYR,Metropolitan,Eastern
2025-2026,20251103,16,DET,37971,Simon Edvinsson,ROSTER,22.0,"6'4""",198.0,Sweden,Kungsbacka,True,D,13,3,2,5,1.08,0.15,0.23,0.38,59.4,42.5,1,0,0,0,0,0,0,1,0,0,0,0,0,0.0,-3,35,14,21.4,31,11,10,12,20,15,3,0,0,0,0.0,8,16,3,6,0,340,216,35,92,16543,1729,476,14338,DET,Atlantic,Eastern
2025-2026,20251103,3,CAR,5419,Nikolaj Ehlers,ROSTER,29.0,"6'0""",172.0,Denmark,Aalborg,False,LW,11,0,4,4,2.55,0.36,0.0,0.36,8.2,15.9,0,0,0,0,0,0,0,0,0,0,0,0,0,0.0,1,59,28,0.0,3,17,14,5,6,10,2,9,5,4,55.6,3,6,3,6,0,216,111,32,73,11348,1687,543,9118,CAR,Metropolitan,Eastern
2025-2026,20251103,142,VGK,5597,Jack Eichel,ROSTER,29.0,"6'2""",203.0,USA,"Chelmsford, MA",False,C,11,8,11,19,4.27,1.0,0.73,1.73,12.6,0.0,2,0,9,9,0,0,0,2,0,0,1,0,0,0.0,5,75,47,17.0,6,13,15,4,5,24,8,198,98,100,49.5,0,0,4,8,0,255,143,91,29,13826,3007,2652,8121,VGK,Pacific,Western
2025-2026,20251103,4,FLO,5414,Aaron Ekblad,ROSTER,29.0,"6'4""",215.0,Canada,"Windsor, ON",False,D,12,1,2,3,1.67,0.17,0.08,0.25,36.7,15.9,0,1,0,1,0,0,0,1,0,0,0,0,0,0.0,0,48,20,5.0,17,21,7,13,8,6,3,0,0,0,0.0,3,6,0,0,0,337,139,71,128,17048,3666,1243,12139,FLA,,
2025-2026,20251103,24,EDM,5022,Mattias Ekholm,ROSTER,35.0,"6'4""",215.0,Sweden,Borlange,False,D,13,1,5,6,1.62,0.38,0.08,0.46,56.5,10.6,0,0,1,1,0,0,0,0,0,0,0,0,0,0.0,-6,54,21,4.8,30,19,14,10,22,23,6,0,0,0,0.0,2,4,1,2,0,309,184,43,78,15489,3194,920,11100,EDM,Pacific,Western
2025-2026,20251103,26,SJS,32927,William Eklund,ROSTER,23.0,"5'10""",176.0,Sweden,Stockholm,True,LW,12,5,6,11,2.58,0.5,0.42,0.92,21.8,5.3,1,2,3,5,0,0,0,0,0,0,0,0,0,0.0,-5,64,31,16.1,10,16,17,8,11,14,3,4,0,4,0.0,1,2,3,6,0,267,190,36,46,14279,2731,490,11058,SJS,Pacific,Western
2025-2026,20251103,12,TOR,4866,Oliver Ekman-Larsson,ROSTER,34.0,"6'2""",200.0,Sweden,Karlskrona,False,D,12,1,6,7,1.25,0.5,0.08,0.58,33.7,37.2,0,0,2,2,0,0,0,0,0,0,0,0,0,0.0,-1,40,15,6.7,14,18,7,16,15,21,2,0,0,0,0.0,7,14,1,2,0,330,172,77,82,14204,3549,954,9701,TOR,Atlantic,Eastern
2025-2026,20251103,13,OTT,4723,Lars Eller,ROSTER,36.0,"6'2""",205.0,Denmark,Rødovre,False,C,13,2,4,6,1.15,0.31,0.15,0.46,21.1,0.0,0,0,0,0,1,0,1,0,0,0,0,0,0,0.0,-1,31,15,13.3,8,12,4,12,18,7,2,144,85,59,59.0,0,0,2,4,0,258,119,70,71,10989,3929,1084,5976,OTT,Atlantic,Eastern
2025-2026,20251103,24,EDM,30040,Ty Emberson,ROSTER,25.0,"6'1""",195.0,USA,"Eau Claire, WI",True,D,13,1,2,3,0.85,0.15,0.08,0.23,43.3,0.0,0,0,0,0,0,0,0,1,0,0,0,0,0,0.0,3,21,11,9.1,19,8,2,18,35,9,4,0,0,0,0.0,0,0,2,4,0,247,133,62,49,12005,1935,1224,8690,EDM,Pacific,Western
2025-2026,20251103,25,MIN,5615,Joel Eriksson Ek,ROSTER,28.0,"6'1""",210.0,Sweden,Karlstad,False,C,13,2,7,9,3.0,0.54,0.15,0.69,32.4,21.2,0,1,4,5,0,0,0,0,0,0,0,0,0,0.0,-7,65,39,5.1,9,14,12,27,14,5,4,282,148,134,52.5,4,8,5,10,0,261,121,78,64,15301,3232,1099,10970,MIN,Central,Western
2025-2026,20251103,27,DAL,11673,Adam Erne,ROSTER,30.0,"6'1""",212.0,USA,"New Haven, CT",False,LW,9,1,1,2,0.67,0.11,0.11,0.22,31.9,5.3,0,0,0,0,0,0,0,0,0,0,0,0,0,0.0,0,18,6,16.7,6,4,8,34,5,1,0,4,2,2,50.0,1,2,0,0,0,134,79,43,13,5580,1325,682,3573,DAL,Central,Western
2025-2026,20251103,18,NSH,28523,Luke Evangelista,ROSTER,23.0,"5'11""",166.0,Canada,"Oakville, ON",True,RW,12,1,5,6,1.92,0.42,0.08,0.5,5.6,5.3,0,1,1,2,0,0,0,0,0,0,1,1,0,0.0,-2,43,23,4.3,3,6,14,1,14,8,5,0,0,0,0.0,1,2,3,6,0,197,132,40,27,10026,1944,525,7559,NSH,Central,Western
2025-2026,20251103,14,MTL,17548,Jake Evans,ROSTER,29.0,"6'0""",190.0,Canada,"Toronto, ON",False,C,12,1,1,2,1.33,0.08,0.08,0.17,33.0,15.6,0,0,0,0,0,0,0,0,0,0,0,0,0,0.0,-6,36,16,6.2,14,10,10,15,13,13,2,173,98,75,56.6,1,10,3,6,0,241,109,84,49,11499,1628,1507,8364,MTL,Atlantic,Eastern
2025-2026,20251103,11,BOS,18068,Mikey Eyssimont,ROSTER,29.0,"6'0""",192.0,USA,"Littleton, CO",False,C,14,3,4,7,2.14,0.29,0.21,0.5,15.2,31.1,1,0,1,1,0,0,0,1,0,0,0,0,0,0.0,-4,46,30,10.0,6,4,12,8,12,6,1,0,0,0,0.0,4,11,4,11,1,218,108,48,65,9629,1757,543,7329,BOS,Atlantic,Eastern
2025-2026,20251103,19,CBJ,9643,Dante Fabbro,ROSTER,27.0,"6'0""",189.0,Canada,"New Westminster, BC",False,D,12,1,2,3,1.08,0.17,0.08,0.25,40.3,5.3,0,0,0,0,0,0,0,0,0,0,0,0,0,0.0,1,33,13,7.7,23,15,5,3,23,8,4,0,0,0,0.0,1,2,1,2,0,242,129,41,70,12381,1686,741,9775,CBJ,Metropolitan,Eastern
2025-2026,20251103,25,MIN,38005,Brock Faber,ROSTER,23.0,"6'0""",190.0,USA,"Maple Grove, MN",True,D,13,1,4,5,2.69,0.31,0.08,0.38,39.9,0.0,0,0,3,3,0,0,0,0,0,0,0,0,0,0.0,-7,64,35,2.9,22,12,17,5,27,13,7,0,0,0,0.0,0,0,0,0,0,334,226,73,36,18014,2520,1277,14217,MIN,Central,Western
2025-2026,20251103,27,DAL,5116,Radek Faksa,ROSTER,31.0,"6'3""",220.0,Czech Republic,Opava,False,C,12,1,3,4,0.42,0.25,0.08,0.33,29.2,5.3,0,0,0,0,0,0,0,0,0,0,0,0,0,0.0,-2,12,5,20.0,9,4,3,22,6,5,3,106,59,47,55.7,1,2,4,8,0,212,102,34,77,8854,1977,387,6490,DAL,Central,Western
2025-2026,20251103,19,CBJ,111258,Adam Fantilli,ROSTER,21.0,"6'2""",187.0,Canada,"Nobleton, ON",True,C,12,2,4,6,2.08,0.33,0.17,0.5,20.3,10.6,0,0,0,0,0,0,0,0,0,0,1,0,1,100.0,-4,61,25,8.0,6,20,16,16,9,15,5,77,41,36,53.2,2,4,3,6,0,213,171,37,5,11462,2373,317,8881,CBJ,Metropolitan,Eastern
2025-2026,20251103,23,CGY,14537,Joel Farabee,ROSTER,25.0,"6'0""",164.0,USA,"Cicero, NY",False,LW,14,2,4,6,2.0,0.29,0.14,0.43,30.6,5.3,0,0,2,2,0,0,0,0,0,0,0,0,0,0.0,-4,51,28,7.1,11,13,10,19,23,11,1,18,8,10,44.4,1,2,1,2,0,315,174,63,80,15112,2619,1122,11371,CGY,Pacific,Western
2025-2026,20251103,17,STL,5009,Justin Faulk,ROSTER,33.0,"6'0""",217.0,USA,"South St.Paul, MN",False,D,12,2,3,5,1.83,0.25,0.17,0.42,47.7,10.6,0,1,2,3,0,0,0,0,0,0,0,0,0,0.0,-2,44,22,9.1,24,14,8,12,12,11,5,0,0,0,0.0,2,4,0,0,0,344,180,63,103,16840,3714,665,12461,STL,Central,Western
2025-2026,20251103,5,WSH,14569,Martin Fehervary,ROSTER,26.0,"6'2""",200.0,Slovakia,Bratislava,False,D,12,1,4,5,1.33,0.33,0.08,0.42,48.9,10.6,0,0,0,0,0,0,0,0,0,0,0,0,0,0.0,1,32,16,6.2,22,12,4,19,23,11,0,0,0,0,0.0,2,4,2,4,0,260,154,53,52,13838,1427,1091,11272,WSH,Metropolitan,Eastern
2025-2026,20251103,3,CAR,56335,Dominick Fensore,ROSTER,24.0,"5'7""",153.0,USA,"Thornwood, NY",False,D,1,0,0,0,2.0,0.0,0.0,0.0,5.6,0.0,0,0,0,0,0,0,0,0,0,0,0,0,0,0.0,-2,5,2,0.0,3,2,1,1,3,0,0,0,0,0,0.0,0,0,0,0,0,27,15,0,12,1162,46,0,1116,CAR,Metropolitan,Eastern
2025-2026,20251103,26,SJS,17138,Mario Ferraro,ROSTER,27.0,"5'11""",185.0,Canada,"King City, ON",False,D,13,1,2,3,1.08,0.15,0.08,0.23,68.8,5.3,0,0,0,0,0,0,0,0,0,0,0,0,0,0.0,-2,34,14,7.1,32,15,5,24,22,16,6,0,0,0,0.0,1,2,1,2,0,311,171,35,106,16283,1460,960,13863,SJS,Pacific,Western
2025-2026,20251103,28,LAK,5438,Kevin Fiala,ROSTER,29.0,"5'10""",193.0,Switzerland,St. Gallen,False,LW,13,5,4,9,3.38,0.31,0.38,0.69,12.5,15.9,1,1,3,4,0,0,0,1,0,0,5,1,1,20.0,-5,79,44,11.4,4,17,18,9,14,21,5,5,0,5,0.0,3,6,1,2,0,265,120,88,62,14389,3501,1605,9583,LAK,Pacific,Western
2025-2026,20251103,1,TBL,28530,Jack Finley,ROSTER,23.0,"6'6""",213.0,USA,"St. Louis, MO",True,C,3,0,0,0,1.0,0.0,0.0,0.0,3.2,5.3,0,0,0,0,0,0,0,0,0,0,0,0,0,0.0,0,3,3,0.0,0,0,0,5,1,0,0,31,14,17,45.2,1,2,1,2,0,45,31,7,7,1450,64,187,1199,TBL,Atlantic,Eastern
2025-2026,20251103,16,DET,142439,Emmitt Finnie,ROSTER,20.0,"6'1""",195.0,Canada,"Lethbridge, AB",True,C,13,4,4,8,1.85,0.31,0.31,0.62,32.4,0.0,1,0,1,1,0,0,0,0,0,0,0,0,0,0.0,6,35,24,16.7,9,4,7,27,14,10,8,6,3,3,50.0,0,0,1,2,0,269,230,26,17,13121,2346,402,10373,DET,Atlantic,Eastern
2025-2026,20251103,143,SEA,17180,Cale Fleury,ROSTER,26.0,"6'1""",205.0,Canada,"Carlyle, SK",False,D,4,0,1,1,0.75,0.25,0.0,0.25,7.2,15.2,0,0,0,0,0,0,0,0,0,0,0,0,0,0.0,0,9,3,0.0,2,3,3,6,7,3,1,0,0,0,0.0,1,5,2,7,1,80,52,13,15,3534,453,0,3081,SEA,Pacific,Western
2025-2026,20251103,2,WPJ,5422,Haydn Fleury,ROSTER,29.0,"6'3""",208.0,Canada,"Regina, SK",False,D,11,0,0,0,0.91,0.0,0.0,0.0,39.9,10.6,0,0,0,0,0,0,0,0,0,0,0,0,0,0.0,-4,22,10,0.0,17,6,6,18,18,9,4,0,0,0,0.0,2,4,0,0,0,225,141,40,44,10364,974,1715,7675,WPG,,
2025-2026,20251103,28,LAK,14151,Warren Foegele,ROSTER,29.0,"6'2""",198.0,Canada,"Markham, ON",False,LW,10,1,0,1,1.3,0.0,0.1,0.1,9.4,15.9,0,0,0,0,0,0,0,0,0,0,1,0,0,0.0,-1,28,13,7.7,1,8,7,12,9,12,0,9,3,6,33.3,3,6,2,4,0,178,97,46,36,8023,1124,535,6364,LAK,Pacific,Western
2025-2026,20251103,6,PHI,28514,Tyson Foerster,ROSTER,23.0,"6'2""",194.0,Canada,"Alliston, ON",True,RW,11,4,3,7,1.73,0.27,0.36,0.64,17.5,20.9,1,1,0,1,0,0,0,0,0,0,0,0,0,0.0,5,41,19,21.1,7,10,12,9,17,8,3,2,1,1,50.0,2,12,0,0,0,263,184,62,22,12080,2082,549,9449,PHI,Metropolitan,Eastern
2025-2026,20251103,25,MIN,5055,Marcus Foligno,ROSTER,34.0,"6'3""",224.0,USA,"Buffalo, NY",False,LW,12,0,0,0,0.75,0.0,0.0,0.0,38.2,57.3,0,0,0,0,0,0,0,0,0,0,0,0,0,0.0,-10,20,9,0.0,9,5,6,36,7,7,2,3,0,3,0.0,7,25,3,9,1,189,100,42,47,9286,2176,910,6233,MIN,Central,Western
2025-2026,20251103,20,CHI,4278,Nick Foligno,ROSTER,38.0,"6'0""",208.0,USA,"Buffalo, NY",False,LW,9,0,4,4,0.78,0.44,0.0,0.44,27.8,25.8,0,0,1,1,0,0,0,0,0,0,0,0,0,0.0,-2,13,7,0.0,7,3,3,25,4,4,0,99,48,51,48.5,3,9,1,5,1,195,95,38,59,7907,2231,359,5160,CHI,Central,Western
2025-2026,20251103,21,VAN,5813,Derek Forbort,INJURY_LIST,33.0,"6'4""",219.0,USA,"Duluth, MN",False,D,2,0,0,0,0.5,0.0,0.0,0.0,8.0,5.3,0,0,0,0,0,0,0,0,0,0,0,0,0,0.0,0,1,1,0.0,4,0,0,2,8,5,0,0,0,0,0.0,1,2,0,0,0,39,20,6,13,1672,304,40,1328,VAN,Pacific,Western
2025-2026,20251103,2,WPJ,79680,Parker Ford,ROSTER,25.0,"5'9""",181.0,USA,"Wakefield, RI",True,C,5,0,1,1,0.8,0.2,0.0,0.2,20.1,5.3,0,0,0,0,0,0,0,0,0,0,0,0,0,0.0,0,11,4,0.0,7,5,2,13,7,0,1,28,12,16,42.9,1,2,1,2,0,70,57,11,2,3242,1110,217,1915,WPG,,
2025-2026,20251103,18,NSH,5210,Filip Forsberg,ROSTER,31.0,"6'1""",205.0,Sweden,Ostervala,False,LW,13,5,4,9,2.85,0.31,0.38,0.69,30.0,10.6,1,0,2,2,0,0,0,0,0,0,1,0,1,100.0,-1,80,37,13.5,6,24,19,31,9,14,8,5,1,4,20.0,2,4,4,8,0,276,127,121,34,14758,2898,4060,7965,NSH,Central,Western
2025-2026,20251103,4,FLO,10072,Gustav Forsling,ROSTER,29.0,"6'0""",186.0,Sweden,Linkping,False,D,12,0,5,5,1.33,0.42,0.0,0.42,32.4,5.3,0,0,0,0,0,0,0,0,0,0,0,0,0,0.0,4,42,16,0.0,14,19,7,14,6,7,3,0,0,0,0.0,1,2,3,6,0,331,190,74,67,16313,2598,1806,11909,FLA,,
2025-2026,20251103,17,STL,4800,Cam Fowler,ROSTER,33.0,"6'2""",214.0,Canada,"Windsor, ON",False,D,12,0,4,4,1.83,0.33,0.0,0.33,16.3,5.3,0,0,3,3,0,0,0,0,0,0,0,0,0,0.0,-8,48,22,0.0,9,19,7,2,14,9,2,0,0,0,0.0,1,2,1,2,0,332,180,76,76,16592,3308,642,12642,STL,Central,Western
2025-2026,20251103,9,NYR,17179,Adam Fox,ROSTER,27.0,"5'11""",181.0,USA,"Jericho, NY",False,D,13,3,8,11,2.15,0.62,0.23,0.85,43.5,15.9,1,1,1,2,0,1,1,1,0,0,0,0,0,0.0,2,79,28,10.7,23,35,17,8,20,13,12,0,0,0,0.0,3,6,2,4,0,337,157,113,50,18647,3625,1340,12745,NYR,Metropolitan,Eastern
2025-2026,20251103,5,WSH,120029,Ethan Frank,ROSTER,27.0,"5'11""",185.0,USA,"Papillion, NE",True,C,3,0,1,1,1.0,0.33,0.0,0.33,4.6,10.6,0,0,1,1,0,0,0,0,0,0,0,0,0,0.0,0,6,3,0.0,2,2,1,2,2,1,0,0,0,0,0.0,2,4,0,0,0,50,38,10,0,2035,552,13,1369,WSH,Metropolitan,Eastern
2025-2026,20251103,24,EDM,9655,Trent Frederic,ROSTER,27.0,"6'2""",203.0,USA,"St. Louis, MO",False,C,13,1,0,1,1.0,0.0,0.08,0.08,29.2,15.9,0,0,0,0,0,0,0,1,0,0,0,0,0,0.0,-3,25,13,7.7,4,7,5,35,10,7,0,33,19,14,57.6,3,6,3,6,0,211,119,62,28,9871,1662,905,7137,EDM,Pacific,Western
2025-2026,20251103,23,CGY,13642,Morgan Frost,ROSTER,26.0,"5'11""",170.0,Canada,"Barrie, ON",False,C,14,2,5,7,1.64,0.36,0.14,0.5,19.1,31.8,0,0,3,3,0,0,0,0,0,0,2,0,1,50.0,2,41,23,8.7,8,11,7,9,5,8,3,184,95,89,51.6,6,12,1,2,0,270,142,65,66,13479,3014,1190,9463,CGY,Pacific,Western
2025-2026,20251103,4,FLO,13855,Jonah Gadjovich,ROSTER,27.0,"6'2""",200.0,Canada,"Whitby, ON",False,LW,10,0,3,3,0.8,0.3,0.0,0.3,24.4,20.5,0,0,0,0,0,0,0,0,0,0,0,0,0,0.0,2,12,8,0.0,3,4,0,30,10,3,3,0,0,0,0.0,2,7,1,5,1,112,78,30,4,4766,977,768,3021,FLA,,
2025-2026,20251103,14,MTL,5149,Brendan Gallagher,ROSTER,33.0,"5'9""",186.0,Canada,"Edmonton, AB",False,RW,12,0,6,6,1.5,0.5,0.0,0.5,8.8,15.9,0,0,1,1,0,0,0,0,0,0,0,0,0,0.0,0,32,18,0.0,1,9,5,11,13,5,3,2,2,0,100.0,3,6,1,2,0,214,112,52,50,9585,2750,903,5932,MTL,Atlantic,Eastern
2025-2026,20251103,21,VAN,5718,Conor Garland,ROSTER,29.0,"5'10""",165.0,USA,"Scituate, MA",False,RW,11,3,8,11,2.55,0.73,0.27,1.0,15.2,10.6,1,0,4,4,0,0,0,1,0,0,1,0,0,0.0,6,47,28,10.7,6,8,11,8,20,12,4,9,1,8,11.1,2,4,1,2,0,255,107,63,88,13533,2468,749,10316,VAN,Pacific,Western
2025-2026,20251103,8,NYI,53056,Marc Gatcomb,ASSIGNED_TO_MINORS,26.0,"6'2""",194.0,USA,"Woburn, MA",True,C,1,0,0,0,1.0,0.0,0.0,0.0,4.5,0.0,0,0,0,0,0,0,0,0,0,0,0,0,0,0.0,0,1,1,0.0,0,0,0,7,1,0,0,0,0,0,0.0,0,0,0,0,0,12,4,0,8,513,59,0,454,NYI,Metropolitan,Eastern
2025-2026,20251103,6,PHI,120274,Jacob Gaucher,ROSTER,24.0,"6'3""",185.0,Canada,"Longueuil, QC",True,C,2,0,0,0,1.5,0.0,0.0,0.0,3.0,0.0,0,0,0,0,0,0,0,0,0,0,0,0,0,0.0,0,3,3,0.0,1,0,0,2,1,2,0,14,7,7,50.0,0,0,1,2,0,30,20,2,8,1195,90,29,1076,PHI,Metropolitan,Eastern
2025-2026,20251103,26,SJS,5737,Adam Gaudette,ROSTER,29.0,"6'1""",170.0,USA,"Braintree, MA",False,RW,9,3,1,4,1.33,0.11,0.33,0.44,3.2,21.2,1,1,0,1,0,0,0,0,0,0,0,0,0,0.0,-3,22,12,25.0,0,7,3,5,10,2,2,47,25,22,53.2,4,8,1,2,0,136,71,30,38,5780,937,367,4476,SJS,Pacific,Western
2025-2026,20251103,143,SEA,10097,Frederick Gaudreau,ROSTER,32.0,"6'0""",179.0,Canada,"Granby, QC",False,C,4,0,1,1,0.75,0.25,0.0,0.25,9.6,0.0,0,0,0,0,0,0,0,0,0,0,0,0,0,0.0,0,6,3,0.0,5,2,1,2,3,3,0,51,18,33,35.3,0,0,1,2,0,82,33,26,23,3088,708,311,2069,SEA,Pacific,Western
2025-2026,20251103,29,ANA,56588,Cutter Gauthier,ROSTER,21.0,"6'3""",200.0,,"Skellefteå, Sweden",False,LW,11,7,5,12,4.73,0.45,0.64,1.09,14.4,26.5,2,1,1,2,0,0,0,1,0,0,0,0,0,0.0,9,87,52,13.5,4,20,14,12,15,10,1,15,7,8,46.7,5,10,3,6,0,247,162,27,66,12067,1319,128,10588,ANA,Pacific,Western
2025-2026,20251103,9,NYR,5754,Vladislav Gavrikov,ROSTER,29.0,"6'3""",213.0,Russia,Yaroslavl,True,D,13,1,2,3,1.38,0.15,0.08,0.23,37.6,15.9,0,0,0,0,0,0,0,0,0,0,0,0,0,0.0,5,48,18,5.6,21,21,9,4,16,8,4,0,0,0,0.0,3,6,3,6,0,344,172,56,99,18006,1550,939,14733,NYR,Metropolitan,Eastern
2025-2026,20251103,1,TBL,43380,Conor Geekie,ASSIGNED_TO_MINORS,21.0,"6'3""",196.0,Canada,"Strathclair, MB",True,C,6,0,1,1,0.83,0.17,0.0,0.17,18.0,10.6,0,0,0,0,0,0,0,0,0,0,0,0,0,0.0,0,12,5,0.0,5,3,4,15,7,5,0,21,8,13,38.1,2,4,1,2,0,88,69,18,1,3609,818,167,2624,TBL,Atlantic,Eastern
2025-2026,20251103,11,BOS,17978,Morgan Geekie,ROSTER,27.0,"6'3""",202.0,Canada,"Strathclair, MB",False,C,14,9,2,11,2.0,0.14,0.64,0.79,23.4,10.6,3,2,1,3,0,0,0,1,0,0,0,0,0,0.0,-6,51,28,32.1,4,10,13,26,18,9,5,31,19,12,61.3,2,4,6,12,0,284,146,112,35,15070,3694,2089,9287,BOS,Atlantic,Eastern
2025-2026,20251103,15,BUF,18139,Mason Geertsen,ROSTER,30.0,"6'4""",205.0,Canada,"Drayton Valley, AB",False,LW,4,0,0,0,0.0,0.0,0.0,0.0,3.9,20.9,0,0,0,0,0,0,0,0,0,0,0,0,0,0.0,-1,1,0,0.0,0,1,0,6,4,0,0,0,0,0,0.0,2,12,0,0,0,27,18,1,8,1007,182,71,754,BUF,Atlantic,Eastern
2025-2026,20251103,26,SJS,51603,Patrick Giles,ROSTER,25.0,"6'4""",201.0,USA,"Chevy Chase, MD",True,RW,3,0,1,1,0.67,0.33,0.0,0.33,5.3,0.0,0,0,0,0,0,0,0,0,0,0,0,0,0,0.0,1,5,2,0.0,2,3,0,3,3,1,0,15,9,6,60.0,0,0,0,0,0,38,21,12,5,1596,255,30,1311,SJS,Pacific,Western
2025-2026,20251103,6,PHI,14573,Adam Ginning,ROSTER,25.0,"6'4""",206.0,Sweden,Linköping,True,D,5,0,0,0,0.4,0.0,0.0,0.0,10.9,0.0,0,0,0,0,0,0,0,0,0,0,0,0,0,0.0,0,9,2,0.0,5,4,3,4,6,5,0,0,0,0,0.0,0,0,0,0,0,101,65,8,28,4602,418,47,4137,PHI,Metropolitan,Eastern
2025-2026,20251103,22,COL,13692,Samuel Girard,ROSTER,27.0,"5'10""",170.0,Canada,"Roberval, QC",False,D,2,0,0,0,1.0,0.0,0.0,0.0,6.9,0.0,0,0,0,0,0,0,0,0,0,0,0,0,0,0.0,1,6,2,0.0,3,4,0,3,6,1,1,0,0,0,0.0,0,0,0,0,0,49,34,6,9,2256,468,171,1617,COL,Central,Western
2025-2026,20251103,1,TBL,5254,Zemgus Girgensons,ROSTER,31.0,"6'2""",211.0,Latvia,Riga,False,C,5,2,1,3,1.2,0.2,0.4,0.6,11.7,5.3,0,0,0,0,0,0,0,0,0,0,0,0,0,0.0,1,13,6,33.3,2,3,4,13,9,4,1,16,7,9,43.8,1,2,0,0,0,109,54,40,17,4326,1371,237,2718,TBL,Atlantic,Eastern
2025-2026,20251103,13,OTT,4394,Claude Giroux,ROSTER,37.0,"5'11""",185.0,Canada,"Hearst, ON",False,RW,13,2,6,8,1.69,0.46,0.15,0.62,10.4,10.6,0,0,3,3,0,0,0,1,0,0,0,0,0,0.0,2,36,22,9.1,2,6,8,11,3,13,3,99,66,33,66.7,2,4,2,4,0,312,151,73,90,12700,4311,748,7641,OTT,Atlantic,Eastern
2025-2026,20251103,7,NJD,13621,Cody Glass,ROSTER,26.0,"6'2""",192.0,Canada,"Winnipeg, MB",False,C,6,2,0,2,1.5,0.0,0.33,0.33,5.3,15.9,0,1,0,1,0,0,0,0,0,0,0,0,0,0.0,1,15,9,22.2,2,3,3,3,8,3,0,62,25,37,40.3,3,6,2,4,0,109,52,26,33,4521,820,191,3510,NJD,Metropolitan,Eastern
2025-2026,20251103,7,NJD,5268,Luke Glendening,ROSTER,36.0,"5'11""",191.0,USA,"Grand Rapids, MI",False,C,13,0,3,3,0.62,0.23,0.0,0.23,36.2,5.3,0,0,0,0,0,1,1,0,0,0,0,0,0,0.0,-3,12,8,0.0,14,2,2,20,8,5,1,174,93,81,53.4,1,2,0,0,0,220,91,70,59,8334,1711,666,5957,NJD,Metropolitan,Eastern
2025-2026,20251103,1,TBL,28531,Gage Goncalves,ROSTER,24.0,"6'0""",165.0,Canada,"Mission, BC",True,C,12,0,4,4,0.58,0.33,0.0,0.33,23.4,5.3,0,0,1,1,0,0,0,0,0,0,0,0,0,0.0,-1,22,7,0.0,9,10,5,13,17,10,3,4,0,4,0.0,1,2,3,6,0,198,128,37,34,8583,1707,346,6529,TBL,Atlantic,Eastern
2025-2026,20251103,26,SJS,5476,Barclay Goodrow,ROSTER,32.0,"6'2""",215.0,Canada,"Aurora, ON",False,C,13,0,1,1,0.85,0.08,0.0,0.08,29.6,0.0,0,0,0,0,0,0,0,0,0,0,0,0,0,0.0,-4,17,11,0.0,10,3,3,20,10,7,2,8,3,5,37.5,0,0,1,2,0,215,97,62,56,8872,1468,935,6469,SJS,Pacific,Western
2025-2026,20251103,3,CAR,5440,Shayne Gostisbehere,ROSTER,32.0,"5'11""",180.0,USA,"Margate, FL",False,D,6,1,6,7,1.0,1.0,0.17,1.17,14.6,5.3,0,0,1,1,0,0,0,0,0,0,0,0,0,0.0,8,19,6,16.7,8,10,3,2,4,3,2,0,0,0,0.0,1,2,1,2,0,108,63,20,27,5246,1337,337,3536,CAR,Metropolitan,Eastern
2025-2026,20251103,1,TBL,5890,Yanni Gourde,ROSTER,33.0,"5'9""",173.0,Canada,"Saint-Narcisse, QC",False,C,12,3,1,4,1.67,0.08,0.25,0.33,19.9,18.5,1,0,0,0,0,0,0,0,0,0,0,0,0,0.0,4,29,20,15.0,5,3,6,18,16,12,1,107,45,62,42.1,3,8,1,2,0,256,125,62,72,11457,2586,884,7987,TBL,Atlantic,Eastern
2025-2026,20251103,26,SJS,133812,Collin Graf,ROSTER,23.0,"6'0""",180.0,USA,"Lincoln, MA",True,RW,12,1,2,3,0.67,0.17,0.08,0.25,18.0,0.0,0,0,0,0,1,0,1,0,0,0,0,0,0,0.0,-3,18,8,12.5,5,7,3,15,8,8,4,2,1,1,50.0,0,0,1,2,0,227,169,11,48,10292,1015,48,9229,SJS,Pacific,Western
2025-2026,20251103,29,ANA,5126,Mikael Granlund,ROSTER,33.0,"5'10""",185.0,Finland,Oulu,False,C,8,2,6,8,2.38,0.75,0.25,1.0,6.9,10.6,0,1,1,2,0,0,0,0,0,0,0,0,0,0.0,2,33,19,10.5,3,4,10,3,6,6,3,129,67,62,51.9,2,4,4,8,0,168,82,48,41,8301,2652,357,5325,ANA,Pacific,Western
2025-2026,20251103,6,PHI,56677,Nikita Grebenkin,ROSTER,22.0,"6'2""",183.0,Russia,Serov,False,RW,8,0,2,2,0.12,0.25,0.0,0.25,10.1,41.4,0,0,0,0,0,0,0,0,0,0,0,0,0,0.0,-3,10,1,0.0,1,6,3,13,14,7,2,2,2,0,100.0,4,19,3,9,1,99,78,10,11,4565,656,62,3847,PHI,Metropolitan,Eastern
2025-2026,20251103,20,CHI,56365,Ryan Greene,ROSTER,22.0,"6'1""",179.0,Canada,"Paradise, NL and Labrador",False,C,12,1,2,3,0.42,0.17,0.08,0.25,8.2,5.3,0,0,0,0,0,0,0,0,0,0,0,0,0,0.0,4,10,5,20.0,3,2,3,5,4,3,3,85,41,44,48.2,1,2,1,2,0,231,137,26,66,9382,858,13,8239,CHI,Central,Western
2025-2026,20251103,15,BUF,14152,Jordan Greenway,ROSTER,28.0,"6'6""",225.0,USA,"Canton, NY",False,LW,2,0,1,1,1.5,0.5,0.0,0.5,4.5,25.8,0,0,0,0,0,0,0,0,0,0,0,0,0,0.0,0,5,3,0.0,0,0,2,7,1,1,0,8,4,4,50.0,3,9,2,7,1,41,18,9,14,1730,267,37,1426,BUF,Atlantic,Eastern
2025-2026,20251103,4,FLO,5634,Anthony-John Greer,ROSTER,28.0,"6'3""",204.0,Canada,"Joliette, QC",False,LW,12,3,2,5,0.58,0.17,0.25,0.42,31.8,35.7,1,0,0,0,0,0,0,0,0,0,0,0,0,0.0,2,15,7,42.9,4,3,5,39,10,7,0,5,1,4,20.0,3,12,3,12,2,146,76,35,38,6436,1126,268,5042,FLA,,
2025-2026,20251103,4,FLO,15118,Noah Gregor,ROSTER,27.0,"6'0""",185.0,Canada,"Beaumont, AB",False,LW,2,0,0,0,2.0,0.0,0.0,0.0,1.9,0.0,0,0,0,0,0,0,0,0,0,0,0,0,0,0.0,0,6,4,0.0,0,1,1,3,1,1,0,0,0,0,0.0,0,0,0,0,0,22,15,4,3,1022,306,0,716,FLA,,
2025-2026,20251103,13,OTT,28535,Ridly Greig,ROSTER,23.0,"6'0""",181.0,Canada,"Lethbridge, AB",True,C,13,1,3,4,1.54,0.23,0.08,0.31,24.9,29.1,0,0,2,2,0,0,0,0,0,0,0,0,0,0.0,-3,38,20,5.0,8,11,7,18,22,5,3,85,52,33,61.2,5,12,5,10,0,315,178,60,78,13508,2298,725,10485,OTT,Atlantic,Eastern
2025-2026,20251103,23,CGY,142358,Matvei Gridin,ASSIGNED_TO_MINORS,,,,,,False,RW,4,1,0,1,2.25,0.0,0.25,0.25,5.6,0.0,0,0,0,0,0,0,0,0,0,0,1,0,0,0.0,-3,15,9,11.1,3,4,2,1,4,6,2,4,0,4,0.0,0,0,0,0,0,76,68,8,1,3532,574,41,2917,CGY,Pacific,Western
2025-2026,20251103,7,NJD,56524,Arseni Gritsyuk,ROSTER,24.0,"5'10""",168.0,Russia,Krasnoyarsk,False,RW,13,2,4,6,2.23,0.31,0.15,0.46,14.3,10.6,0,1,1,2,0,0,0,0,0,0,0,0,0,0.0,-1,48,29,6.9,2,8,11,17,15,5,5,4,2,2,50.0,2,4,1,2,0,230,162,45,25,10636,1344,781,8511,NJD,Metropolitan,Eastern
2025-2026,20251103,20,CHI,11572,Matt Grzelcyk,ROSTER,31.0,"5'9""",174.0,USA,"Charlestown, MA",False,D,12,0,2,2,1.25,0.17,0.0,0.17,17.6,5.3,0,0,0,0,0,0,0,0,0,0,0,0,0,0.0,9,26,15,0.0,9,5,6,4,12,5,3,0,0,0,0.0,1,2,1,2,0,242,119,48,73,10913,1815,351,8503,CHI,Central,Western
2025-2026,20251103,29,ANA,5185,Radko Gudas,ROSTER,35.0,"6'0""",205.0,Czech Republic,Prague,False,D,7,0,2,2,1.14,0.29,0.0,0.29,34.8,5.3,0,0,0,0,0,0,0,0,0,0,0,0,0,0.0,-5,16,8,0.0,12,4,4,23,9,6,2,0,0,0,0.0,1,2,0,0,0,141,83,13,46,6543,1319,409,4782,ANA,Pacific,Western
2025-2026,20251103,19,CBJ,4988,Erik Gudbranson,ROSTER,33.0,"6'5""",217.0,Canada,"Ottawa, ON",False,D,4,0,0,0,0.75,0.0,0.0,0.0,4.9,15.9,0,0,0,0,0,0,0,0,0,0,0,0,0,0.0,-2,7,3,0.0,1,3,1,5,4,3,1,0,0,0,0.0,3,6,0,0,0,75,36,8,28,3562,700,350,2303,CBJ,Metropolitan,Eastern
2025-2026,20251103,30,UTA,33436,Dylan Guenther,ROSTER,22.0,"6'2""",175.0,Canada,"Edmonton, AB",True,RW,12,5,7,12,3.42,0.58,0.42,1.0,16.1,15.9,1,1,2,3,0,0,0,4,0,2,0,0,0,0.0,5,81,41,12.2,5,16,24,12,21,13,1,9,4,5,44.4,3,6,5,10,0,265,159,15,96,13195,2131,101,10963,UTA,Central,Western
2025-2026,20251103,1,TBL,11327,Jake Guentzel,ROSTER,31.0,"5'11""",180.0,USA,"Omaha, NE",False,C,12,5,7,12,3.08,0.58,0.42,1.0,11.3,10.6,1,0,2,2,0,0,0,1,0,0,0,0,0,0.0,1,53,37,13.5,6,8,8,2,12,12,4,42,21,21,50.0,2,4,2,4,0,284,129,91,69,15043,4470,2340,8196,TBL,Atlantic,Eastern
2025-2026,20251103,14,MTL,28518,Kaiden Guhle,ROSTER,23.0,"6'2""",205.0,Canada,"Sherwood Park, AB",True,D,5,1,1,2,1.4,0.2,0.2,0.4,18.7,20.5,0,0,0,0,0,0,0,1,0,0,0,0,0,0.0,1,13,7,14.3,5,5,1,16,12,7,3,0,0,0,0.0,2,7,3,9,1,103,63,14,28,5772,629,59,5084,MTL,Atlantic,Eastern
2025-2026,20251103,1,TBL,17379,Brandon Hagel,ROSTER,27.0,"6'0""",175.0,Canada,"Saskatoon, SK",True,LW,12,4,5,9,2.83,0.42,0.33,0.75,17.5,26.5,1,1,0,1,0,0,0,0,0,0,0,0,0,0.0,2,78,34,11.8,7,15,29,9,19,18,7,6,1,5,16.7,5,10,7,14,0,305,165,104,40,14862,4001,2186,8708,TBL,Atlantic,Eastern
2025-2026,20251103,18,NSH,14446,Nicolas Hague,ROSTER,26.0,"6'6""",221.0,Canada,"Kitchener, ON",False,D,5,0,1,1,0.4,0.2,0.0,0.2,15.8,10.6,0,0,0,0,0,0,0,0,0,0,0,0,0,0.0,-5,10,2,0.0,6,7,1,9,4,3,1,0,0,0,0.0,2,4,0,0,0,124,65,17,42,5996,1151,401,4444,NSH,Central,Western
2025-2026,20251103,25,MIN,53028,Hunter Haight,ASSIGNED_TO_MINORS,21.0,"5'11""",174.0,Canada,"Strathroy, ON",True,C,2,0,0,0,0.0,0.0,0.0,0.0,1.3,0.0,0,0,0,0,0,0,0,0,0,0,0,0,0,0.0,-2,0,0,0.0,0,0,0,2,4,0,0,16,7,9,43.8,0,0,0,0,0,24,16,0,8,1124,111,0,1013,MIN,Central,Western
2025-2026,20251103,3,CAR,4846,Taylor Hall,ROSTER,33.0,"6'1""",205.0,Canada,"Calgary, AB",False,LW,11,2,4,6,1.18,0.36,0.18,0.55,11.2,26.5,0,0,0,0,0,0,0,0,0,0,0,0,0,0.0,2,36,13,15.4,4,12,11,7,22,9,4,4,1,3,25.0,5,10,4,8,0,195,103,54,40,9373,3103,444,5826,CAR,Metropolitan,Eastern
2025-2026,20251103,10,PIT,14581,Filip Hallander,ROSTER,25.0,"6'2""",188.0,Sweden,Sundsvall,True,C,12,1,3,4,1.83,0.25,0.08,0.33,10.3,5.3,0,0,0,0,1,0,1,1,0,0,0,0,0,0.0,6,44,22,4.5,5,12,10,3,11,12,2,2,0,2,0.0,1,2,3,6,0,215,131,49,36,9507,1979,793,6735,PIT,Metropolitan,Eastern
2025-2026,20251103,7,NJD,53065,Brian Halonen,ROSTER,26.0,"6'0""",205.0,USA,"Delano, MN",True,LW,9,1,0,1,0.44,0.0,0.11,0.11,14.9,15.2,0,0,0,0,0,0,0,1,0,0,0,0,0,0.0,-1,11,4,25.0,2,3,4,18,9,2,2,0,0,0,0.0,1,5,1,5,1,96,80,16,1,4051,1215,211,2625,NJD,Metropolitan,Eastern
2025-2026,20251103,7,NJD,4994,Dougie Hamilton,ROSTER,32.0,"6'6""",229.0,Canada,"Toronto, ON",False,D,13,4,3,7,2.62,0.23,0.31,0.54,38.0,18.5,1,2,2,4,0,0,0,1,0,0,0,0,0,0.0,2,79,34,11.8,17,27,18,15,17,24,2,0,0,0,0.0,3,8,1,2,0,338,175,45,122,17014,4407,661,11946,NJD,Metropolitan,Eastern
2025-2026,20251103,16,DET,4915,Travis Hamonic,ROSTER,35.0,"6'2""",205.0,Canada,"St. Malo, MB",False,D,6,0,1,1,1.17,0.17,0.0,0.17,15.9,20.5,0,0,0,0,0,0,0,0,0,0,0,0,0,0.0,0,11,7,0.0,8,4,0,4,12,5,1,0,0,0,0.0,2,7,1,5,1,122,63,23,36,5238,1113,379,3746,DET,Atlantic,Eastern
2025-2026,20251103,142,VGK,5600,Noah Hanifin,INJURY_LIST,28.0,"6'3""",215.0,USA,"Boston, MA",False,D,1,0,0,0,3.0,0.0,0.0,0.0,1.3,0.0,0,0,0,0,0,0,0,0,0,0,0,0,0,0.0,-1,7,3,0.0,0,3,1,2,7,2,1,0,0,0,0.0,0,0,0,0,0,28,14,4,10,1440,53,81,1306,VGK,Pacific,Western
2025-2026,20251103,23,CGY,8966,Joel Hanley,ROSTER,34.0,"5'11""",190.0,Canada,"Keswick, ON",False,D,14,0,2,2,0.57,0.14,0.0,0.14,47.1,10.6,0,0,0,0,0,0,0,0,0,0,0,0,0,0.0,-3,31,8,0.0,24,13,10,11,32,13,4,0,0,0,0.0,2,4,0,0,0,368,179,78,111,13706,1580,1342,10784,CGY,Pacific,Western
2025-2026,20251103,29,ANA,14456,Jansen Harkins,ROSTER,28.0,"6'1""",183.0,USA,"North Vancouver, BC, Canada",True,C,2,0,0,0,1.0,0.0,0.0,0.0,6.8,0.0,0,0,0,0,0,0,0,0,0,0,0,0,0,0.0,0,2,2,0.0,1,0,0,8,0,1,0,10,5,5,50.0,0,0,1,2,0,25,17,6,2,1069,139,64,866,ANA,Pacific,Western
2025-2026,20251103,27,DAL,20433,Thomas Harley,ROSTER,24.0,"6'3""",188.0,USA,"Syracuse, NY",True,D,12,1,8,9,1.17,0.67,0.08,0.75,58.2,15.9,0,0,3,3,0,0,0,0,0,0,0,0,0,0.0,-5,51,14,7.1,33,26,11,5,20,14,6,0,0,0,0.0,3,6,1,2,0,298,191,56,52,16764,1957,1122,13685,DAL,Central,Western
2025-2026,20251103,11,BOS,38615,Jordan Harris,ROSTER,25.0,"5'11""",189.0,USA,"Haverhill, MA",True,D,5,1,1,2,1.8,0.2,0.2,0.4,7.6,0.0,0,0,0,0,0,0,0,0,0,0,0,0,0,0.0,0,12,9,11.1,3,1,2,4,15,5,1,0,0,0,0.0,0,0,0,0,0,106,72,18,17,4689,1056,345,3288,BOS,Atlantic,Eastern
2025-2026,20251103,25,MIN,5522,Ryan Hartman,ROSTER,31.0,"6'0""",189.0,USA,"Hilton Head Island, SC",False,RW,13,4,2,6,2.77,0.15,0.31,0.46,27.1,10.6,1,1,0,1,0,0,0,1,0,0,0,0,0,0.0,-4,74,36,11.1,12,18,20,11,18,10,5,173,75,98,43.4,2,4,6,12,0,223,105,89,33,12731,2316,2036,8379,MIN,Central,Western
2025-2026,20251103,6,PHI,5926,Garnet Hathaway,ROSTER,33.0,"6'3""",210.0,USA,"Naples, FL",False,RW,12,0,0,0,0.5,0.0,0.0,0.0,40.2,36.4,0,0,0,0,0,0,0,0,0,0,0,0,0,0.0,-6,11,6,0.0,9,1,4,39,17,3,1,4,4,0,100.0,5,13,6,15,1,175,85,36,54,7007,1369,227,5411,PHI,Metropolitan,Eastern
2025-2026,20251103,18,NSH,5301,Erik Haula,ROSTER,34.0,"6'0""",193.0,Finland,Pori,False,LW,13,2,5,7,1.15,0.38,0.15,0.54,21.9,47.8,0,0,1,1,0,0,0,0,0,0,1,0,1,100.0,-2,28,15,13.3,5,7,6,21,7,8,5,155,83,72,53.5,9,18,1,2,0,287,132,81,77,12177,3001,1029,8305,NSH,Central,Western
2025-2026,20251103,143,SEA,12273,John Hayden,ASSIGNED_TO_MINORS,30.0,"6'3""",215.0,USA,"Chicago, IL",False,C,3,0,0,0,0.67,0.0,0.0,0.0,7.8,5.3,0,0,0,0,0,0,0,0,0,0,0,0,0,0.0,-1,5,2,0.0,2,2,1,7,0,2,1,15,6,9,40.0,1,2,0,0,0,42,19,11,12,1814,490,44,1280,SEA,Pacific,Western
2025-2026,20251103,30,UTA,14528,Barrett Hayton,ROSTER,25.0,"6'1""",190.0,Canada,"Kitchener, ON",False,C,10,2,2,4,1.0,0.2,0.2,0.4,7.3,10.6,0,0,0,0,0,0,0,0,0,0,0,0,0,0.0,5,25,10,20.0,4,5,10,1,10,7,3,115,63,52,54.8,2,4,2,4,0,218,148,52,20,9685,1461,916,7308,UTA,Central,Western
2025-2026,20251103,1,TBL,4685,Victor Hedman,ROSTER,34.0,"6'6""",229.0,Sweden,Ornskoldsvik,False,D,12,0,9,9,1.75,0.75,0.0,0.75,47.2,0.0,0,0,4,4,0,0,0,0,0,0,0,0,0,0.0,1,64,21,0.0,26,23,20,6,10,22,4,0,0,0,0.0,0,0,3,6,0,316,174,44,98,16887,5812,935,10140,TBL,Atlantic,Eastern
2025-2026,20251103,8,NYI,30049,Emil Heineman,ROSTER,23.0,"6'1""",185.0,Sweden,Leksand,True,LW,12,5,2,7,2.17,0.17,0.42,0.58,37.6,15.9,1,1,0,1,0,0,0,0,0,0,0,0,0,0.0,4,54,26,19.2,4,12,16,48,24,8,3,3,2,1,66.7,3,6,0,0,0,231,164,45,27,10359,1914,412,8033,NYI,Metropolitan,Eastern
2025-2026,20251103,27,DAL,13618,Miro Heiskanen,ROSTER,26.0,"6'1""",190.0,Finland,Espoo,False,D,12,2,3,5,2.5,0.25,0.17,0.42,30.3,5.3,0,1,1,2,0,0,0,1,0,0,0,0,0,0.0,-3,53,30,6.7,17,14,9,3,31,15,6,0,0,0,0.0,1,2,5,10,0,294,174,80,42,18124,4427,1168,12529,DAL,Central,Western
2025-2026,20251103,28,LAK,37992,Samuel Helenius,ROSTER,22.0,"6'6""",201.0,Finland,Järvenpää,True,C,2,0,0,0,1.0,0.0,0.0,0.0,7.5,0.0,0,0,0,0,0,0,0,0,0,0,0,0,0,0.0,-1,3,2,0.0,1,0,1,9,1,1,0,11,3,8,27.3,0,0,0,0,0,25,23,0,2,1100,106,0,994,LAK,Pacific,Western
2025-2026,20251103,29,ANA,38013,Drew Helleson,ROSTER,24.0,"6'3""",205.0,USA,"Farmington, MN",True,D,11,2,4,6,1.09,0.36,0.18,0.55,23.8,0.0,0,0,0,0,0,2,2,0,0,0,0,0,0,0.0,-1,27,12,16.7,10,11,4,11,17,11,4,0,0,0,0.0,0,0,1,2,0,279,114,33,134,12571,1035,245,11291,ANA,Pacific,Western
2025-2026,20251103,24,EDM,4983,Adam Henrique,ROSTER,35.0,"6'0""",195.0,Canada,"Brantford, ON",False,C,13,2,4,6,1.77,0.31,0.15,0.46,30.5,5.3,0,0,1,1,0,0,0,0,0,0,0,0,0,0.0,0,34,23,8.7,16,6,5,6,7,10,3,112,68,44,60.7,1,2,0,0,0,238,115,52,70,10493,2763,358,7228,EDM,Pacific,Western
2025-2026,20251103,142,VGK,5255,Tomas Hertl,ROSTER,31.0,"6'2""",215.0,Czech Republic,Prague,False,C,11,5,6,11,2.27,0.55,0.45,1.0,13.4,21.2,1,3,1,4,0,0,0,1,0,0,0,0,0,0.0,4,53,25,20.0,3,15,13,13,12,9,1,192,114,78,59.4,4,8,4,10,0,226,97,63,71,11774,3160,1157,7362,VGK,Pacific,Western
2025-2026,20251103,25,MIN,5841,Vincent Hinostroza,ROSTER,31.0,"5'9""",173.0,USA,"Chicago, IL",False,C,13,1,3,4,1.0,0.23,0.08,0.31,15.1,10.6,0,0,1,1,0,0,0,1,0,0,0,0,0,0.0,-5,34,13,7.7,4,11,10,13,13,9,4,8,3,5,37.5,2,4,3,6,0,177,73,60,45,8904,2024,806,6107,MIN,Central,Western
2025-2026,20251103,27,DAL,5643,Roope Hintz,ROSTER,28.0,"6'3""",220.0,Finland,Tampere,False,C,8,1,7,8,3.5,0.88,0.12,1.0,10.9,5.3,0,0,5,5,0,0,0,0,0,0,0,0,0,0.0,-1,40,28,3.6,5,3,9,4,5,8,0,145,76,69,52.4,1,2,1,2,0,198,84,52,63,9131,2057,384,6690,DAL,Central,Western
2025-2026,20251103,7,NJD,13616,Nico Hischier,ROSTER,26.0,"6'1""",175.0,Switzerland,Naters,False,C,13,3,8,11,2.08,0.62,0.23,0.85,31.2,10.6,1,0,3,3,0,0,0,0,0,0,0,0,0,0.0,3,54,27,11.1,16,14,13,7,5,13,6,267,141,126,52.8,2,4,2,4,0,325,153,72,103,15769,3019,865,11885,NJD,Metropolitan,Eastern
2025-2026,20251103,17,STL,30060,Dylan Holloway,ROSTER,24.0,"6'1""",203.0,Canada,"Calgary, AB",True,LW,12,2,4,6,2.33,0.33,0.17,0.5,34.2,10.6,0,0,1,1,0,0,0,0,0,0,0,0,0,0.0,-5,61,28,7.1,7,24,9,35,22,7,1,5,2,3,40.0,2,4,3,6,0,264,169,71,26,13956,3659,1881,8416,STL,Central,Western
2025-2026,20251103,1,TBL,39074,Pontus Holmberg,ROSTER,26.0,"5'10""",175.0,Sweden,Västerås,True,RW,12,1,4,5,1.0,0.33,0.08,0.42,23.3,21.2,0,0,0,0,0,0,0,1,0,0,0,0,0,0.0,4,24,12,8.3,7,5,7,18,19,6,2,34,10,24,29.4,4,8,5,10,0,216,122,64,31,8969,1812,634,6523,TBL,Atlantic,Eastern
2025-2026,20251103,8,NYI,18114,Simon Holmstrom,ROSTER,24.0,"6'0""",193.0,Sweden,Tranas,False,RW,12,4,4,8,1.08,0.33,0.33,0.67,23.6,5.3,1,0,0,0,1,1,2,1,0,0,1,0,1,100.0,-3,29,13,30.8,13,6,10,3,10,9,2,2,1,1,50.0,1,2,2,4,0,240,132,60,53,10429,1552,881,8071,NYI,Metropolitan,Eastern
2025-2026,20251103,142,VGK,30063,Alexander Holtz,ROSTER,23.0,"6'0""",192.0,Sweden,Stockholm,True,RW,6,0,0,0,2.0,0.0,0.0,0.0,6.3,7.9,0,0,0,0,0,0,0,0,0,0,0,0,0,0.0,-1,24,12,0.0,3,5,7,2,6,3,0,2,0,2,0.0,1,4,0,0,0,101,74,26,1,4300,1424,252,2624,VGK,Pacific,Western
2025-2026,20251103,23,CGY,111747,Samuel Honzek,ROSTER,20.0,"6'4""",186.0,Slovakia,Trencin,True,LW,12,1,1,2,1.5,0.08,0.08,0.17,22.4,0.0,0,0,0,0,0,0,0,0,0,0,0,0,0,0.0,-3,30,18,5.6,3,4,8,27,13,7,1,4,4,0,100.0,0,0,3,6,0,230,193,11,27,8904,720,0,8184,CGY,Pacific,Western
2025-2026,20251103,8,NYI,5233,Bo Horvat,ROSTER,30.0,"6'0""",215.0,Canada,"London, ON",False,C,12,7,6,13,3.33,0.5,0.58,1.08,8.9,15.9,2,2,3,5,1,0,1,2,0,0,1,0,0,0.0,5,73,40,17.5,3,16,17,6,11,11,2,228,136,92,59.6,3,6,3,6,0,289,128,93,75,15091,3086,2103,9902,NYI,Metropolitan,Eastern
2025-2026,20251103,24,EDM,56664,Isaac Howard,ROSTER,21.0,"5'10""",180.0,USA,"Hudson, WI",False,LW,12,2,1,3,1.25,0.08,0.17,0.25,2.3,21.2,0,0,0,0,0,0,0,0,0,0,1,1,0,0.0,-1,31,15,13.3,1,8,8,1,7,7,1,0,0,0,0.0,4,8,1,2,0,164,121,13,31,7094,920,113,6048,EDM,Pacific,Western
2025-2026,20251103,142,VGK,14608,Brett Howden,ROSTER,27.0,"6'3""",197.0,Canada,"Calgary, AB",False,C,7,2,0,2,1.0,0.0,0.29,0.29,12.0,10.6,0,0,0,0,0,0,0,0,0,0,0,0,0,0.0,-4,12,7,28.6,1,2,3,16,8,6,2,35,20,15,57.1,2,4,4,8,0,130,65,50,17,5552,1336,673,3614,VGK,Pacific,Western
2025-2026,20251103,21,VAN,15157,Filip Hronek,ROSTER,28.0,"6'0""",183.0,Czech Republic,Hradec Kralove,False,D,13,0,6,6,1.15,0.46,0.0,0.46,46.8,10.6,0,0,2,2,0,0,0,0,0,0,0,0,0,0.0,2,41,15,0.0,18,16,10,26,27,20,7,0,0,0,0.0,2,4,1,2,0,354,156,50,147,19388,1986,853,16515,VAN,Pacific,Western
2025-2026,20251103,27,DAL,142430,Justin Hryckowian,ROSTER,,,,,,False,C,11,1,0,1,0.82,0.0,0.09,0.09,17.6,25.8,0,1,0,1,0,0,0,0,0,0,0,0,0,0.0,-4,16,9,11.1,4,2,5,17,10,2,1,17,9,8,52.9,3,9,5,15,1,148,133,10,6,6410,743,0,5667,DAL,Central,Western
2025-2026,20251103,23,CGY,4987,Jonathan Huberdeau,ROSTER,32.0,"6'1""",202.0,Canada,"Saint-Jerome, QC",False,LW,9,4,3,7,1.67,0.33,0.44,0.78,8.6,10.6,1,1,0,1,0,0,0,1,0,0,0,0,0,0.0,1,32,15,26.7,4,9,8,3,3,10,1,4,1,3,25.0,2,4,5,10,0,223,107,70,50,10565,3199,1280,6086,CGY,Pacific,Western
2025-2026,20251103,7,NJD,17125,Jack Hughes,ROSTER,24.0,"5'11""",170.0,USA,"Orlando, FL",False,C,13,10,6,16,3.38,0.46,0.77,1.23,14.0,0.0,3,1,4,5,0,0,0,2,0,1,0,0,0,0.0,0,91,44,22.7,8,29,18,1,9,32,9,122,43,79,35.2,0,0,4,8,0,291,188,55,58,15882,3150,390,12342,NJD,Metropolitan,Eastern
2025-2026,20251103,7,NJD,37969,Luke Hughes,ROSTER,22.0,"6'2""",184.0,USA,"Canton, MI",True,D,13,0,7,7,1.77,0.54,0.0,0.54,22.8,42.5,0,0,1,1,0,0,0,0,0,0,0,0,0,0.0,5,68,23,0.0,11,36,9,7,18,18,3,0,0,0,0.0,8,16,1,2,0,317,225,60,32,16625,3181,983,12461,NJD,Metropolitan,Eastern
2025-2026,20251103,21,VAN,14530,Quinn Hughes,ROSTER,26.0,"5'10""",170.0,USA,"Orlando, FL",False,D,9,1,6,7,2.0,0.67,0.11,0.78,10.6,0.0,0,1,4,5,0,0,0,0,0,0,0,0,0,0.0,-1,62,18,5.6,6,23,21,1,6,12,1,0,0,0,0.0,0,0,2,4,0,207,116,60,32,14378,2932,2681,8765,VAN,Pacific,Western
2025-2026,20251103,14,MTL,56477,Lane Hutson,ROSTER,21.0,"5'8""",158.0,USA,"Chicago, IL",False,D,12,1,10,11,1.25,0.83,0.08,0.92,35.2,0.0,0,0,2,2,0,0,0,1,0,0,0,0,0,0.0,3,39,15,6.7,18,22,2,8,31,15,3,0,0,0,0.0,0,0,4,8,0,280,196,25,60,16240,2844,435,12961,MTL,Atlantic,Eastern
2025-2026,20251103,142,VGK,5825,Ben Hutton,ROSTER,32.0,"6'2""",206.0,Canada,"Prescott, ON",False,D,10,0,3,3,1.5,0.3,0.0,0.3,24.9,15.2,0,0,0,0,0,0,0,0,0,0,0,0,0,0.0,0,33,15,0.0,13,11,7,5,19,13,3,0,0,0,0.0,1,5,2,7,1,212,103,48,61,9267,1819,1242,6206,VGK,Pacific,Western
2025-2026,20251103,2,WPJ,13690,Alex Iafallo,ROSTER,31.0,"6'0""",188.0,USA,"Eden, NY",False,LW,12,2,3,5,1.83,0.25,0.17,0.42,23.4,10.6,0,2,2,4,0,0,0,1,0,0,0,0,0,0.0,-1,38,22,9.1,9,6,10,13,3,4,2,7,5,2,71.4,2,4,2,4,0,232,114,86,34,11399,2644,1899,6856,WPG,,
2025-2026,20251103,26,SJS,34832,Vincent Iorio,ROSTER,22.0,"6'4""",200.0,Canada,"Coquitlam, BC",True,D,6,0,0,0,0.5,0.0,0.0,0.0,11.9,10.6,0,0,0,0,0,0,0,0,0,0,0,0,0,0.0,-3,4,3,0.0,6,1,0,3,5,7,0,0,0,0,0.0,2,4,0,0,0,128,93,5,30,5880,621,36,5223,SJS,Pacific,Western
2025-2026,20251103,1,TBL,56357,Dominic James,ROSTER,23.0,"6'0""",190.0,USA,"Plymouth, MI",True,C,6,0,0,0,1.83,0.0,0.0,0.0,12.7,10.6,0,0,0,0,0,0,0,0,0,0,0,0,0,0.0,-2,22,11,0.0,3,5,6,12,12,3,1,45,19,26,42.2,2,4,0,0,0,101,77,22,2,4390,842,181,3367,TBL,Atlantic,Eastern
2025-2026,20251103,3,CAR,11413,Mark Jankowski,ROSTER,31.0,"6'4""",212.0,Canada,"Hamilton, ON",False,LW,6,0,1,1,0.67,0.17,0.0,0.17,8.0,5.3,0,0,0,0,0,0,0,0,0,0,0,0,0,0.0,1,10,4,0.0,4,2,4,2,9,1,0,48,26,22,54.2,1,2,0,0,0,96,41,26,29,3637,464,185,2988,CAR,Metropolitan,Eastern
2025-2026,20251103,12,TOR,5352,Calle Jarnkrok,ROSTER,34.0,"5'11""",186.0,Sweden,Gavle,False,C,9,4,0,4,1.22,0.0,0.44,0.44,7.2,10.6,1,0,0,0,0,0,0,0,0,0,0,0,0,0.0,-4,13,11,36.4,2,1,1,6,7,3,0,6,4,2,66.7,2,4,0,0,0,147,66,46,39,6070,1481,487,4102,TOR,Atlantic,Eastern
2025-2026,20251103,3,CAR,28144,Seth Jarvis,ROSTER,23.0,"5'10""",175.0,Canada,"Winnipeg, MB",True,C,11,7,4,11,3.64,0.36,0.64,1.0,14.5,10.6,2,1,0,1,1,0,1,4,0,2,1,0,1,100.0,1,61,40,17.5,6,6,15,7,24,10,6,17,8,9,47.1,2,4,1,2,0,252,163,46,51,12855,3108,1092,8859,CAR,Metropolitan,Eastern
2025-2026,20251103,11,BOS,14386,Tanner Jeannot,ROSTER,28.0,"6'2""",207.0,Canada,"Oxbow, SK",False,LW,14,2,3,5,1.21,0.21,0.14,0.36,43.7,31.1,0,0,0,0,0,0,0,0,0,0,0,0,0,0.0,-2,34,17,11.8,15,12,5,29,15,8,0,4,2,2,50.0,4,11,2,7,1,253,123,53,79,11278,1992,267,9019,BOS,Atlantic,Eastern
2025-2026,20251103,19,CBJ,5245,Boone Jenner,ROSTER,32.0,"6'2""",208.0,Canada,"Dorchester, ON",False,C,12,2,5,7,1.92,0.42,0.17,0.58,32.2,36.4,0,1,1,2,0,0,0,1,0,0,0,0,0,0.0,-5,48,23,8.7,10,11,14,24,10,6,2,71,37,34,52.1,5,13,4,11,1,232,111,59,61,11958,3529,1292,7100,CBJ,Metropolitan,Eastern
2025-2026,20251103,13,OTT,11592,Nick Jensen,ROSTER,35.0,"6'1""",196.0,USA,"Rogers, MN",False,D,13,0,3,3,0.92,0.23,0.0,0.23,35.7,15.9,0,0,0,0,0,0,0,0,0,0,0,0,0,0.0,-2,31,12,0.0,16,10,9,14,29,15,2,0,0,0,0.0,3,6,1,2,0,332,168,63,101,14544,2803,877,10864,OTT,Atlantic,Eastern
2025-2026,20251103,25,MIN,53012,David Jiricek,ROSTER,21.0,"6'3""",189.0,Czech Republic,Klatovy,True,D,9,0,0,0,0.67,0.0,0.0,0.0,7.3,10.6,0,0,0,0,0,0,0,0,0,0,0,0,0,0.0,-2,17,6,0.0,4,10,1,1,15,10,1,0,0,0,0.0,2,4,0,0,0,142,98,15,29,6888,710,241,5937,MIN,Central,Western
2025-2026,20251103,16,DET,30079,Albert Johansson,ROSTER,24.0,"6'0""",168.0,Sweden,Karlstad,True,D,13,0,2,2,1.23,0.15,0.0,0.15,37.7,0.0,0,0,0,0,0,0,0,0,0,0,0,0,0,0.0,0,42,16,0.0,18,18,8,12,19,14,4,0,0,0,0.0,0,0,4,8,0,282,173,42,67,12307,1917,438,9952,DET,Atlantic,Eastern
2025-2026,20251103,25,MIN,4882,Marcus Johansson,ROSTER,35.0,"6'1""",205.0,Sweden,Landskrona,False,LW,13,5,5,10,1.85,0.38,0.38,0.77,12.8,5.3,1,3,1,4,0,0,0,0,0,0,0,0,0,0.0,-1,44,24,20.8,5,13,7,7,18,10,3,6,4,2,66.7,1,2,2,4,0,249,112,83,59,12534,3048,1169,8317,MIN,Central,Western
2025-2026,20251103,19,CBJ,37970,Kent Johnson,ROSTER,23.0,"6'1""",168.0,Canada,"Port Moody, BC",True,C,12,2,2,4,1.92,0.17,0.17,0.33,10.6,0.0,0,0,0,0,0,0,0,0,0,0,1,0,1,100.0,-5,45,23,8.7,6,14,8,1,6,10,2,0,0,0,0.0,0,0,0,0,0,208,122,46,41,10784,2608,773,7542,CBJ,Metropolitan,Eastern
2025-2026,20251103,15,BUF,34471,Ryan Johnson,ASSIGNED_TO_MINORS,24.0,"6'0""",170.0,USA,"Newport Beach, CA",True,D,3,0,0,0,0.0,0.0,0.0,0.0,6.3,5.3,0,0,0,0,0,0,0,0,0,0,0,0,0,0.0,0,4,0,0.0,3,2,2,2,6,2,2,0,0,0,0.0,1,2,0,0,0,34,14,7,13,1620,229,107,1284,BUF,Atlantic,Eastern
2025-2026,20251103,29,ANA,9081,Ross Johnston,ROSTER,31.0,"6'5""",235.0,Canada,"Charlottetown, PE",False,LW,10,1,3,4,0.3,0.3,0.1,0.4,24.1,86.5,0,0,0,0,0,0,0,0,0,0,0,0,0,0.0,1,12,3,33.3,4,3,6,27,8,7,0,3,1,2,33.3,7,29,6,27,5,126,67,34,27,5404,1149,166,4092,ANA,Pacific,Western
2025-2026,20251103,27,DAL,34837,Wyatt Johnston,ROSTER,22.0,"6'1""",178.0,Canada,"Toronto, ON",True,C,12,7,4,11,3.33,0.33,0.58,0.92,24.9,10.6,2,3,2,5,0,0,0,1,0,0,0,0,0,0.0,-3,69,40,17.5,13,16,13,5,19,12,3,159,83,76,52.2,2,4,2,4,0,300,215,61,31,15531,4351,480,10700,DAL,Central,Western
2025-2026,20251103,11,BOS,13644,Henri Jokiharju,ROSTER,26.0,"6'0""",195.0,Finland,Oulu,False,D,14,0,3,3,0.71,0.21,0.0,0.21,29.8,10.6,0,0,1,1,0,0,0,0,0,0,0,0,0,0.0,0,36,10,0.0,14,17,9,10,19,15,0,0,0,0,0.0,2,4,2,4,0,330,192,74,64,14938,3301,1749,9888,BOS,Atlantic,Eastern
2025-2026,20251103,25,MIN,18220,Ben Jones,ROSTER,26.0,"6'0""",187.0,Canada,"Waterloo, ON",False,C,4,0,0,0,0.75,0.0,0.0,0.0,11.1,0.0,0,0,0,0,0,0,0,0,0,0,0,0,0,0.0,-2,7,3,0.0,2,2,2,12,0,0,1,23,16,7,69.6,0,0,1,2,0,44,24,15,5,2037,467,138,1432,MIN,Central,Western
2025-2026,20251103,10,PIT,15433,Caleb Jones,INJURY_LIST,28.0,"6'1""",194.0,USA,"Arlington, TX",False,D,7,0,1,1,0.71,0.14,0.0,0.14,31.5,0.0,0,0,0,0,0,0,0,0,0,0,0,0,0,0.0,1,17,5,0.0,15,6,6,10,14,4,1,0,0,0,0.0,0,0,1,2,0,144,78,22,39,7212,1036,445,5407,PIT,Metropolitan,Eastern
2025-2026,20251103,4,FLO,5243,Seth Jones,ROSTER,31.0,"6'4""",209.0,USA,"Arlington, TX",False,D,12,0,6,6,1.42,0.5,0.0,0.5,28.0,18.5,0,0,3,3,0,0,0,0,0,0,0,0,0,0.0,-3,57,17,0.0,11,20,20,15,18,19,3,0,0,0,0.0,3,8,3,6,0,340,173,71,96,16974,3586,766,12622,FLA,,
2025-2026,20251103,17,STL,15228,Mathieu Joseph,ROSTER,28.0,"6'1""",190.0,Canada,"Chambly, QC",False,RW,12,1,2,3,1.33,0.17,0.08,0.25,23.8,5.3,0,0,0,0,0,0,0,0,0,0,0,0,0,0.0,-2,28,16,6.2,5,2,10,24,9,7,5,6,3,3,50.0,1,2,3,6,0,207,114,43,51,9120,1736,689,6695,STL,Central,Western
2025-2026,20251103,21,VAN,13638,Pierre-Olivier Joseph,ROSTER,26.0,"6'2""",185.0,Canada,"Chambly, QC",True,D,7,0,0,0,1.14,0.0,0.0,0.0,11.9,5.3,0,0,0,0,0,0,0,0,0,0,0,0,0,0.0,-2,18,8,0.0,6,9,1,3,7,2,1,0,0,0,0.0,1,2,1,2,0,128,79,16,33,5320,541,33,4746,VAN,Pacific,Western
2025-2026,20251103,12,TOR,18183,Dakota Joshua,ROSTER,29.0,"6'2""",183.0,USA,"Dearborn, MI",False,C,12,2,2,4,1.08,0.17,0.17,0.33,43.5,5.3,0,0,0,0,0,0,0,0,0,0,0,0,0,0.0,-5,22,13,15.4,11,4,5,39,8,4,4,7,1,6,14.3,1,2,3,6,0,216,121,54,43,8725,1798,1197,5730,TOR,Atlantic,Eastern
2025-2026,20251103,18,NSH,5042,Roman Josi,ROSTER,35.0,"6'1""",201.0,Switzerland,Bern,False,D,8,1,4,5,2.38,0.5,0.12,0.62,27.6,15.9,0,0,2,2,0,0,0,0,0,0,0,0,0,0.0,-4,42,19,5.3,15,19,4,4,19,12,3,0,0,0,0.0,3,6,2,4,0,217,105,39,74,11561,3762,953,6846,NSH,Central,Western
2025-2026,20251103,18,NSH,9636,Tyson Jost,ROSTER,27.0,"5'11""",187.0,Canada,"St. Albert, AB",False,C,10,1,0,1,1.5,0.0,0.1,0.1,17.4,10.6,0,0,0,0,0,0,0,0,0,0,0,0,0,0.0,-3,20,15,6.7,5,5,0,14,10,2,7,17,9,8,52.9,2,4,2,4,0,164,88,32,46,7417,1004,358,6053,NSH,Central,Western
2025-2026,20251103,6,PHI,5621,Noah Juulsen,ROSTER,28.0,"6'2""",193.0,Canada,"Surrey, BC",False,D,12,0,1,1,0.5,0.08,0.0,0.08,25.6,0.0,0,0,0,0,0,0,0,0,0,0,0,0,0,0.0,-1,18,6,0.0,8,8,4,19,28,9,2,0,0,0,0.0,0,0,2,4,0,229,113,27,89,9609,1024,390,8195,PHI,Metropolitan,Eastern
2025-2026,20251103,23,CGY,4766,Nazem Kadri,ROSTER,35.0,"6'0""",192.0,Canada,"London, ON",False,C,14,3,7,10,2.93,0.5,0.21,0.71,13.8,21.2,1,1,3,4,0,0,0,0,0,0,1,0,1,100.0,-7,87,41,7.3,4,27,19,11,13,17,4,158,71,87,44.9,4,8,6,12,0,321,161,82,82,17058,6326,1375,9591,CGY,Pacific,Western
2025-2026,20251103,20,CHI,56352,Wyatt Kaiser,ROSTER,23.0,"6'0""",173.0,USA,"Ham Lake, MN",False,D,12,0,2,2,0.83,0.17,0.0,0.17,19.4,26.5,0,0,0,0,0,0,0,0,0,0,0,0,0,0.0,4,34,10,0.0,7,12,12,12,25,11,7,0,0,0,0.0,5,10,4,8,0,301,167,30,99,14214,1338,254,12432,CHI,Central,Western
2025-2026,20251103,143,SEA,17126,Kaapo Kakko,ROSTER,24.0,"6'3""",199.0,Finland,Turku,False,RW,1,0,0,0,1.0,0.0,0.0,0.0,0.6,0.0,0,0,0,0,0,0,0,0,0,0,0,0,0,0.0,0,3,1,0.0,0,2,0,1,0,1,0,1,0,1,0.0,0,0,1,2,0,22,10,6,0,856,130,6,477,SEA,Pacific,Western
2025-2026,20251103,13,OTT,28484,Arthur Kaliyev,ASSIGNED_TO_MINORS,24.0,"6'2""",190.0,USA,"Tashkent, Uzbekistan",True,RW,2,0,1,1,2.0,0.5,0.0,0.5,0.0,0.0,0,0,1,1,0,0,0,0,0,0,0,0,0,0.0,0,8,4,0.0,0,3,1,0,0,2,0,0,0,0,0.0,0,0,0,0,0,28,14,9,5,1273,251,119,903,OTT,Atlantic,Eastern
2025-2026,20251103,21,VAN,4656,Evander Kane,ROSTER,34.0,"6'2""",210.0,Canada,"Vancouver, BC",False,LW,13,0,5,5,2.38,0.38,0.0,0.38,32.0,58.1,0,0,1,1,0,0,0,0,0,0,0,0,0,0.0,-4,71,31,0.0,8,20,20,29,11,13,3,11,3,8,27.3,9,26,9,18,0,258,113,70,76,13435,3117,1587,8764,VAN,Pacific,Western
2025-2026,20251103,16,DET,4265,Patrick Kane,ROSTER,36.0,"5'10""",177.0,USA,"Buffalo, NY",False,RW,5,2,3,5,1.8,0.6,0.4,1.0,3.0,0.0,0,1,2,3,0,0,0,1,0,0,0,0,0,0.0,-2,16,9,22.2,1,2,5,2,2,7,0,0,0,0,0.0,0,0,1,2,0,99,48,30,23,5171,1782,700,2689,DET,Atlantic,Eastern
2025-2026,20251103,24,EDM,5428,Kasperi Kapanen,ROSTER,29.0,"6'1""",194.0,Finland,Kuopio,False,RW,6,0,2,2,0.67,0.33,0.0,0.33,17.0,0.0,0,0,0,0,0,0,0,0,0,0,1,1,0,0.0,-2,10,4,0.0,4,5,1,16,6,4,1,1,0,1,0.0,0,0,0,0,0,92,50,26,16,4423,1059,447,2917,EDM,Pacific,Western
2025-2026,20251103,14,MTL,37995,Oliver Kapanen,ROSTER,22.0,"6'1""",182.0,Sweden,"Sundsvall, Sweden",True,C,12,4,3,7,1.33,0.25,0.33,0.58,15.2,5.3,1,0,0,0,1,0,1,1,0,0,0,0,0,0.0,2,26,16,25.0,6,5,5,8,10,3,2,58,30,28,51.7,1,2,1,2,0,193,107,20,70,9113,710,57,8346,MTL,Atlantic,Eastern
2025-2026,20251103,25,MIN,5730,Kirill Kaprizov,ROSTER,28.0,"5'10""",192.0,Russia,Novokuznetsk,False,LW,13,7,9,16,3.31,0.69,0.54,1.23,9.6,0.0,2,4,4,8,0,0,0,0,0,0,1,0,0,0.0,-5,88,43,16.3,5,20,25,2,7,20,1,0,0,0,0.0,0,0,4,8,0,267,133,95,45,17658,3989,1705,11964,MIN,Central,Western
2025-2026,20251103,10,PIT,4660,Erik Karlsson,ROSTER,35.0,"6'0""",190.0,Sweden,Landsbro,False,D,13,0,10,10,1.77,0.77,0.0,0.77,25.0,10.6,0,0,2,2,0,0,0,0,0,0,0,0,0,0.0,7,66,23,0.0,15,28,17,0,20,23,8,0,0,0,0.0,2,4,1,2,0,322,147,93,73,17788,3574,2029,11734,PIT,Metropolitan,Eastern
2025-2026,20251103,21,VAN,39290,Linus Karlsson,ROSTER,25.0,"6'1""",178.0,Sweden,Eksjö,True,C,10,0,2,2,0.9,0.2,0.0,0.2,12.7,5.3,0,0,0,0,0,0,0,0,0,0,0,0,0,0.0,1,26,9,0.0,3,5,12,12,8,6,1,9,2,7,22.2,1,2,1,2,0,142,82,26,34,5941,661,314,4966,VAN,Pacific,Western
2025-2026,20251103,142,VGK,5459,William Karlsson,ROSTER,32.0,"6'0""",195.0,Sweden,Märsta,False,C,11,4,2,6,2.0,0.18,0.36,0.55,20.6,10.6,1,1,0,1,1,0,1,1,0,0,0,0,0,0.0,-2,37,22,18.2,12,10,5,1,14,11,2,124,67,57,54.0,2,4,1,2,0,225,108,77,45,10331,2783,1562,5974,VGK,Pacific,Western
2025-2026,20251103,143,SEA,37962,Tye Kartye,ROSTER,24.0,"5'11""",202.0,Canada,"Kingston, ON",True,LW,11,1,1,2,0.55,0.09,0.09,0.18,29.4,0.0,0,0,0,0,0,0,0,0,0,0,0,0,0,0.0,-2,20,6,16.7,6,7,7,30,20,9,2,2,1,1,50.0,0,0,0,0,0,183,102,25,56,7549,707,190,6600,SEA,Pacific,Western
2025-2026,20251103,16,DET,43336,Marco Kasper,ROSTER,21.0,"6'1""",187.0,Austria,Innsbruck,True,C,13,3,0,3,1.85,0.0,0.23,0.23,36.9,15.9,1,1,0,1,0,0,0,0,0,0,0,0,0,0.0,-4,39,24,12.5,9,3,12,34,19,13,3,132,67,65,50.8,3,6,1,2,0,262,191,35,39,12148,1879,112,10157,DET,Atlantic,Eastern
2025-2026,20251103,11,BOS,13659,Mark Kastelic,ROSTER,26.0,"6'4""",223.0,USA,"Phoenix, AZ",False,C,14,3,1,4,1.43,0.07,0.21,0.29,48.4,25.8,1,0,0,0,0,0,0,1,0,0,0,0,0,0.0,3,44,20,15.0,19,7,17,26,13,9,6,88,50,38,56.8,3,9,8,19,1,256,128,79,52,10471,1696,1268,7507,BOS,Atlantic,Eastern
2025-2026,20251103,30,UTA,9633,Clayton Keller,ROSTER,27.0,"5'10""",170.0,USA,"Chesterfield, MO",False,RW,12,4,8,12,2.42,0.67,0.33,1.0,9.0,10.6,1,0,5,5,0,0,0,1,0,0,0,0,0,0.0,3,47,29,13.8,5,7,11,1,15,21,1,1,1,0,100.0,2,4,3,6,0,278,159,54,69,13875,2342,765,10768,UTA,Central,Western
2025-2026,20251103,22,COL,15189,Parker Kelly,ROSTER,26.0,"6'0""",188.0,Canada,"Camrose, AB",False,C,13,2,2,4,1.31,0.15,0.15,0.31,37.0,15.9,0,0,0,0,0,0,0,1,0,0,0,0,0,0.0,2,32,17,11.8,11,10,5,29,11,7,1,40,17,23,42.5,3,6,2,4,0,212,101,38,75,8913,1083,552,7278,COL,Central,Western
2025-2026,20251103,18,NSH,43362,Joakim Kemell,ASSIGNED_TO_MINORS,21.0,"5'10""",185.0,Finland,Jyväskylän mlk,True,RW,2,0,0,0,0.5,0.0,0.0,0.0,4.2,0.0,0,0,0,0,0,0,0,0,0,0,0,0,0,0.0,0,5,1,0.0,1,3,1,4,1,0,0,1,0,1,0.0,0,0,0,0,0,28,18,10,0,1328,512,60,756,NSH,Central,Western
2025-2026,20251103,28,LAK,11731,Adrian Kempe,ROSTER,29.0,"6'2""",201.0,Sweden,Kramfors,False,RW,13,5,10,15,3.15,0.77,0.38,1.15,34.6,31.8,1,1,3,4,0,0,0,2,0,2,4,0,2,50.0,2,86,41,12.2,8,28,17,33,10,14,6,25,9,16,36.0,6,12,1,2,0,289,153,81,62,15576,3682,1474,10805,LAK,Pacific,Western
2025-2026,20251103,17,STL,38651,Matthew Kessel,ROSTER,25.0,"6'2""",205.0,USA,"Phoenix, AZ",True,D,4,0,0,0,0.5,0.0,0.0,0.0,1.7,10.6,0,0,0,0,0,0,0,0,0,0,0,0,0,0.0,1,4,2,0.0,1,1,1,0,1,1,0,0,0,0,0.0,2,4,1,2,0,51,39,6,6,2253,226,0,2027,STL,Central,Western
2025-2026,20251103,15,BUF,34838,Michael Kesselring,ROSTER,25.0,"6'4""",190.0,USA,"New Hampton, NH",True,D,3,0,0,0,1.33,0.0,0.0,0.0,6.3,5.3,0,0,0,0,0,0,0,0,0,0,0,0,0,0.0,0,12,4,0.0,3,3,5,2,7,6,1,0,0,0,0.0,1,2,0,0,0,68,43,4,21,3075,132,37,2906,BUF,Atlantic,Eastern
2025-2026,20251103,11,BOS,38009,Marat Khusnutdinov,ROSTER,23.0,"5'11""",176.0,Russia,Moskva,True,C,9,1,1,2,1.11,0.11,0.11,0.22,8.0,10.6,0,0,0,0,0,0,0,1,0,1,0,0,0,0.0,-1,13,10,10.0,4,1,2,2,5,2,3,11,6,5,54.5,2,4,2,4,0,148,104,36,9,6432,1378,370,4684,BOS,Atlantic,Eastern
2025-2026,20251103,29,ANA,5165,Alex Killorn,ROSTER,36.0,"6'1""",197.0,Canada,"Halifax, NS",False,LW,11,1,1,2,1.91,0.09,0.09,0.18,13.5,0.0,0,0,0,0,0,0,0,0,0,0,0,0,0,0.0,-1,34,21,4.8,5,7,6,8,9,9,3,24,8,16,33.3,0,0,2,4,0,243,128,61,54,10855,3318,874,6601,ANA,Pacific,Western
2025-2026,20251103,10,PIT,167594,Benjamin Kindel,ROSTER,18.0,"5'11""",181.0,Canada,"Coquitlam, BC",True,C,11,3,0,3,1.73,0.0,0.27,0.27,18.9,10.6,1,1,0,1,0,0,0,0,0,0,0,0,0,0.0,-2,34,19,15.8,9,7,8,6,16,8,1,81,39,42,48.1,2,4,2,4,0,191,160,23,5,8770,1275,167,6968,PIT,Metropolitan,Eastern
2025-2026,20251103,23,CGY,12019,Justin Kirkland,ROSTER,29.0,"6'3""",193.0,Canada,"Winnipeg, MB",False,C,9,0,1,1,0.56,0.11,0.0,0.11,13.4,0.0,0,0,0,0,0,0,0,0,0,0,2,1,0,0.0,-1,14,5,0.0,3,4,5,13,8,3,1,66,36,30,54.5,0,0,0,0,0,136,74,22,40,5168,670,275,4223,CGY,Pacific,Western
2025-2026,20251103,22,COL,17372,Joel Kiviranta,ROSTER,29.0,"5'10""",175.0,Finland,Vantaa,False,LW,5,0,0,0,0.6,0.0,0.0,0.0,9.1,0.0,0,0,0,0,0,0,0,0,0,0,0,0,0,0.0,1,5,3,0.0,2,2,0,9,8,4,0,2,2,0,100.0,0,0,1,4,0,80,49,14,17,3233,679,137,2417,COL,Central,Western
2025-2026,20251103,23,CGY,39261,Adam Klapka,ROSTER,25.0,"6'8""",245.0,Czech Republic,Praha,True,RW,13,1,2,3,1.0,0.15,0.08,0.23,41.1,77.4,0,0,1,1,0,0,0,0,0,0,0,0,0,0.0,0,34,13,7.7,8,10,11,43,13,2,2,7,1,6,14.3,9,27,4,17,3,185,157,22,7,7747,1253,71,6423,CGY,Pacific,Western
2025-2026,20251103,13,OTT,38006,Tyler Kleven,ROSTER,23.0,"6'4""",200.0,USA,"Fargo, ND",True,D,11,0,1,1,1.09,0.09,0.0,0.09,46.0,25.8,0,0,0,0,0,0,0,0,0,0,0,0,0,0.0,-5,27,12,0.0,21,7,8,17,26,17,3,0,0,0,0.0,3,9,3,9,1,246,156,45,45,10073,1248,385,8440,OTT,Atlantic,Eastern
2025-2026,20251103,26,SJS,5484,John Klingberg,ROSTER,33.0,"6'3""",185.0,Sweden,Gothenburg,False,D,7,1,2,3,1.57,0.29,0.14,0.43,20.8,10.6,0,1,1,2,0,0,0,0,0,0,0,0,0,0.0,-2,22,11,9.1,9,9,2,9,10,8,1,0,0,0,0.0,2,4,0,0,0,160,83,44,34,9007,2498,410,6099,SJS,Pacific,Western
2025-2026,20251103,12,TOR,37990,Matthew Knies,ROSTER,23.0,"6'3""",205.0,USA,"Phoenix, AZ",True,LW,12,4,11,15,2.33,0.92,0.33,1.25,31.4,21.2,1,2,0,2,0,0,0,0,0,0,0,0,0,0.0,2,43,28,14.3,8,11,4,28,7,12,4,0,0,0,0.0,4,8,3,6,0,278,209,46,28,14537,3441,1063,10035,TOR,Atlantic,Eastern
2025-2026,20251103,2,WPJ,30052,Cole Koepke,ROSTER,27.0,"6'1""",195.0,USA,"Two Harbors, MN",True,LW,12,0,2,2,0.92,0.17,0.0,0.17,27.6,20.9,0,0,0,0,0,0,0,0,0,0,0,0,0,0.0,-3,20,11,0.0,3,2,7,35,6,4,4,0,0,0,0.0,2,12,2,4,0,180,113,51,16,7371,1400,831,5140,WPG,,
2025-2026,20251103,10,PIT,32282,Ville Koivunen,ROSTER,22.0,"5'11""",161.0,Finland,Oulu,True,RW,6,0,0,0,0.67,0.0,0.0,0.0,5.6,0.0,0,0,0,0,0,0,0,0,0,0,1,0,0,0.0,-2,8,4,0.0,3,4,1,1,6,3,1,0,0,0,0.0,0,0,0,0,0,97,58,10,22,4464,606,135,3360,PIT,Metropolitan,Eastern
2025-2026,20251103,142,VGK,17370,Keegan Kolesar,ROSTER,28.0,"6'2""",216.0,Canada,"Winnipeg, MB",True,RW,11,0,2,2,0.73,0.18,0.0,0.18,37.7,20.5,0,0,0,0,0,0,0,0,0,0,0,0,0,0.0,-2,14,8,0.0,11,3,3,30,15,4,1,2,1,1,50.0,2,7,1,5,1,181,88,46,48,7294,1540,514,5228,VGK,Pacific,Western
2025-2026,20251103,6,PHI,5619,Travis Konecny,ROSTER,28.0,"5'10""",175.0,Canada,"London, ON",False,RW,12,4,4,8,2.33,0.33,0.33,0.67,28.9,31.1,1,0,1,1,1,0,1,1,0,0,1,0,0,0.0,1,49,28,14.3,10,11,10,19,12,22,5,12,3,9,25.0,4,11,4,11,1,284,141,59,88,13605,1884,627,11094,PHI,Metropolitan,Eastern
2025-2026,20251103,28,LAK,4033,Anze Kopitar,ROSTER,38.0,"6'3""",225.0,Slovenia,Jesenice,False,C,9,0,6,6,1.56,0.67,0.0,0.67,26.5,5.3,0,0,3,3,0,0,0,0,0,0,0,0,0,0.0,5,33,14,0.0,12,6,13,10,8,14,4,168,89,79,53.0,1,2,2,4,0,188,93,46,49,10404,3800,799,5805,LAK,Pacific,Western
2025-2026,20251103,142,VGK,17144,Kaedan Korczak,ROSTER,24.0,"6'3""",192.0,Canada,"Yorkton, SK",True,D,11,1,1,2,1.18,0.09,0.09,0.18,45.9,21.2,0,0,0,0,0,0,0,0,0,0,0,0,0,0.0,3,30,13,7.7,19,11,6,22,26,10,1,0,0,0,0.0,4,8,1,2,0,250,155,70,26,11054,1941,1000,8113,VGK,Pacific,Western
2025-2026,20251103,3,CAR,14526,Jesperi Kotkaniemi,ROSTER,25.0,"6'2""",198.0,Finland,Pori,False,C,9,1,2,3,0.78,0.22,0.11,0.33,20.7,0.0,0,0,0,0,0,0,0,0,0,0,0,0,0,0.0,2,13,7,14.3,7,3,3,14,11,5,2,70,32,38,45.7,0,0,2,4,0,131,69,34,29,5596,323,450,4823,CAR,Metropolitan,Eastern
2025-2026,20251103,15,BUF,34472,Tyson Kozak,INJURY_LIST,22.0,"5'11""",173.0,Canada,"Souris, MB",True,C,7,2,0,2,0.71,0.0,0.29,0.29,18.9,0.0,0,0,0,0,0,0,0,0,0,0,0,0,0,0.0,2,8,5,40.0,4,2,1,19,6,2,2,62,28,34,45.2,0,0,2,4,0,98,64,16,20,4145,759,84,3302,BUF,Atlantic,Eastern
2025-2026,20251103,15,BUF,17149,Peyton Krebs,ROSTER,24.0,"5'11""",180.0,Canada,"Okotoks, AB",True,C,12,0,3,3,1.0,0.25,0.0,0.25,25.1,39.0,0,0,0,0,0,0,0,0,0,0,0,0,0,0.0,-4,19,12,0.0,5,3,4,26,16,5,4,79,35,44,44.3,5,15,7,17,1,229,139,38,52,9414,1090,383,7941,BUF,Atlantic,Eastern
2025-2026,20251103,29,ANA,5104,Chris Kreider,ROSTER,34.0,"6'3""",217.0,USA,"Boxford, MA",False,LW,7,6,1,7,3.0,0.14,0.86,1.0,8.2,15.9,2,4,0,4,0,0,0,1,0,0,0,0,0,0.0,1,34,21,28.6,3,4,9,5,3,7,0,0,0,0,0.0,3,6,1,2,0,148,90,33,31,6920,2092,419,4409,ANA,Pacific,Western
2025-2026,20251103,1,TBL,5300,Nikita Kucherov,ROSTER,32.0,"5'11""",180.0,Russia,Moscow,False,RW,10,4,6,10,2.9,0.6,0.4,1.0,6.3,5.3,1,1,2,3,0,0,0,1,0,1,0,0,0,0.0,-5,84,29,13.8,3,31,24,2,5,17,4,0,0,0,0.0,1,2,4,8,0,228,123,70,39,12579,4481,1474,6625,TBL,Atlantic,Eastern
2025-2026,20251103,24,EDM,5554,Brett Kulak,ROSTER,31.0,"6'2""",197.0,Canada,"Stony Plain, AB",False,D,13,0,2,2,1.23,0.15,0.0,0.15,19.6,5.3,0,0,0,0,0,0,0,0,0,0,0,0,0,0.0,3,33,16,0.0,11,13,4,2,11,11,2,0,0,0,0.0,1,2,0,0,0,279,164,38,73,14350,2537,1054,10645,EDM,Pacific,Western
2025-2026,20251103,15,BUF,43367,Jiri Kulich,ROSTER,21.0,"5'11""",178.0,Czech Republic,Kadan,True,C,12,3,2,5,1.67,0.17,0.25,0.42,25.8,10.6,1,0,0,0,0,0,0,0,0,0,0,0,0,0.0,-4,43,20,15.0,12,13,10,9,9,10,1,163,68,95,41.7,2,4,4,8,0,272,185,42,48,11782,2172,126,9484,BUF,Atlantic,Eastern
2025-2026,20251103,4,FLO,4706,Dmitry Kulikov,INJURY_LIST,35.0,"6'1""",199.0,Russia,Lipetsk,False,D,2,0,0,0,0.5,0.0,0.0,0.0,0.6,0.0,0,0,0,0,0,0,0,0,0,0,0,0,0,0.0,-1,1,1,0.0,0,0,0,1,0,2,0,0,0,0,0.0,0,0,0,0,0,34,18,7,9,1293,463,134,696,FLA,,
2025-2026,20251103,4,FLO,9641,Luke Kunin,ROSTER,27.0,"6'0""",197.0,USA,"Chesterfield, MO",False,C,10,0,1,1,0.5,0.1,0.0,0.1,30.3,10.6,0,0,0,0,0,0,0,0,0,0,0,0,0,0.0,0,11,5,0.0,12,3,3,16,12,6,1,102,47,55,46.1,2,4,1,2,0,145,73,44,28,6285,909,852,4524,FLA,,
2025-2026,20251103,11,BOS,5568,Sean Kuraly,ROSTER,32.0,"6'2""",213.0,USA,"Dublin, OH",False,C,14,1,3,4,1.43,0.21,0.07,0.29,25.1,15.9,0,0,0,0,0,0,0,0,0,0,0,0,0,0.0,3,42,20,5.0,10,12,10,13,12,15,4,144,67,77,46.5,3,6,2,4,0,270,122,53,96,11757,3227,599,7931,BOS,Atlantic,Eastern
2025-2026,20251103,26,SJS,17991,Philipp Kurashev,ROSTER,26.0,"6'0""",190.0,Switzerland,Münsingen,False,C,11,5,4,9,2.27,0.36,0.45,0.82,14.8,5.3,1,0,0,0,0,0,0,1,0,1,1,1,0,0.0,5,40,25,20.0,5,9,6,10,12,13,4,17,10,7,58.8,1,2,1,2,0,240,124,65,56,11858,1686,707,9465,SJS,Pacific,Western
2025-2026,20251103,28,LAK,39780,Andrei Kuzmenko,ROSTER,29.0,"5'11""",194.0,Russia,Yakutsk,True,LW,13,3,4,7,1.46,0.31,0.23,0.54,16.7,5.3,1,2,1,3,0,0,0,0,0,0,2,0,0,0.0,2,42,19,15.8,5,12,11,13,11,20,2,0,0,0,0.0,1,2,5,10,0,216,189,27,3,12528,2146,349,10033,LAK,Pacific,Western
2025-2026,20251103,17,STL,13677,Jordan Kyrou,ROSTER,27.0,"6'0""",175.0,Canada,"Toronto, ON",False,RW,12,4,4,8,2.33,0.33,0.33,0.67,13.0,0.0,1,1,2,3,0,0,0,0,0,0,1,0,0,0.0,-7,62,28,14.3,7,19,15,2,9,3,6,1,0,1,0.0,0,0,2,4,0,259,136,74,53,12752,2537,814,9401,STL,Central,Western
2025-2026,20251103,9,NYR,56552,Noah Laba,ROSTER,22.0,"6'1""",181.0,USA,"Northville, MI",False,C,13,2,2,4,0.92,0.15,0.15,0.31,23.1,5.3,0,0,1,1,0,0,0,0,0,0,0,0,0,0.0,3,22,12,16.7,10,4,6,10,15,5,3,83,45,38,54.2,1,2,2,4,0,218,158,29,22,9046,1489,185,6809,NYR,Metropolitan,Eastern
2025-2026,20251103,21,VAN,11363,Joseph Labate,ASSIGNED_TO_MINORS,32.0,"6'3""",213.0,USA,"Eagan, MN",True,C,1,0,0,0,2.0,0.0,0.0,0.0,7.2,0.0,0,0,0,0,0,0,0,0,0,0,0,0,0,0.0,-1,3,2,0.0,2,0,1,6,1,0,0,2,1,1,50.0,0,0,0,0,0,16,11,1,4,572,139,0,433,VAN,Pacific,Western
2025-2026,20251103,29,ANA,38017,Jackson LaCombe,ROSTER,24.0,"6'2""",201.0,USA,"Eden Prairie, MN",True,D,11,0,4,4,1.91,0.36,0.0,0.36,46.5,5.3,0,0,1,1,0,0,0,0,0,0,0,0,0,0.0,2,61,21,0.0,24,25,15,10,21,19,4,0,0,0,0.0,1,2,2,4,0,304,159,54,92,16603,2592,695,13315,ANA,Pacific,Western
2025-2026,20251103,28,LAK,56457,Alex Laferriere,ROSTER,24.0,"6'0""",173.0,USA,"Chatham, New Jersey",False,RW,13,3,3,6,2.15,0.23,0.23,0.46,34.4,10.6,1,0,0,0,1,0,1,0,0,0,0,0,0,0.0,-3,56,28,10.7,9,14,14,30,20,14,2,54,20,34,37.0,2,4,3,6,0,275,169,43,66,12428,1181,685,10562,LAK,Pacific,Western
2025-2026,20251103,20,CHI,17188,Sam Lafferty,ROSTER,30.0,"6'1""",195.0,USA,"Hollidaysburg, PA",True,C,3,0,0,0,0.0,0.0,0.0,0.0,3.2,10.6,0,0,0,0,0,0,0,0,0,0,0,0,0,0.0,0,1,0,0.0,0,1,0,5,0,1,0,2,0,2,0.0,2,4,0,0,0,38,16,16,6,1401,145,398,858,CHI,Central,Western
2025-2026,20251103,9,NYR,19048,Alexis Lafrenière,ROSTER,24.0,"6'1""",193.0,Canada,"St-Eustache, QC",True,LW,13,1,5,6,2.31,0.38,0.08,0.46,25.6,10.6,0,0,1,1,0,0,0,1,0,0,0,0,0,0.0,-7,55,30,3.3,8,13,15,19,18,5,3,5,1,4,20.0,2,4,1,2,0,288,196,69,11,14094,3442,848,9211,NYR,Metropolitan,Eastern
2025-2026,20251103,14,MTL,9628,Patrik Laine,ROSTER,27.0,"6'5""",206.0,Finland,Tampere,False,LW,5,0,1,1,1.2,0.2,0.0,0.2,1.3,5.3,0,0,0,0,0,0,0,0,0,0,0,0,0,0.0,-3,20,6,0.0,0,8,6,2,2,2,0,3,2,1,66.7,1,2,1,2,0,73,46,19,8,3782,716,426,2640,MTL,Atlantic,Eastern
2025-2026,20251103,2,WPJ,53331,Brad Lambert,ROSTER,21.0,"6'1""",183.0,Finland,Lahti,True,C,3,1,0,1,1.0,0.0,0.33,0.33,3.0,0.0,0,0,0,0,0,0,0,0,0,0,0,0,0,0.0,-1,6,3,33.3,1,2,1,2,3,3,0,1,0,1,0.0,0,0,0,0,0,37,28,7,3,1748,322,94,1332,WPG,,
2025-2026,20251103,7,NJD,15266,Juho Lammikko,ROSTER,29.0,"6'2""",207.0,Finland,Noormarkku,False,C,4,0,0,0,1.25,0.0,0.0,0.0,7.2,0.0,0,0,0,0,0,0,0,0,0,0,0,0,0,0.0,-1,6,5,0.0,2,0,1,6,0,1,0,34,17,17,50.0,0,0,0,0,0,61,33,13,15,2560,569,26,1965,NJD,Metropolitan,Eastern
2025-2026,20251103,22,COL,4986,Gabriel Landeskog,ROSTER,32.0,"6'1""",215.0,Sweden,Stockholm,False,LW,13,0,3,3,1.38,0.23,0.0,0.23,17.3,21.2,0,0,0,0,0,0,0,0,0,0,0,0,0,0.0,-1,38,18,0.0,3,12,8,19,13,7,5,19,12,7,63.2,4,8,3,6,0,246,132,84,30,10980,2591,2013,6376,COL,Central,Western
2025-2026,20251103,5,WSH,28519,Hendrix Lapierre,ROSTER,23.0,"6'0""",179.0,Canada,"Gatineau, QC",True,C,11,0,2,2,1.09,0.18,0.0,0.18,10.4,10.6,0,0,0,0,0,0,0,0,0,0,0,0,0,0.0,1,25,12,0.0,2,4,9,11,7,6,0,42,19,23,45.2,2,4,1,2,0,152,103,31,16,7087,1511,488,4990,WSH,Metropolitan,Eastern
2025-2026,20251103,16,DET,5829,Dylan Larkin,ROSTER,29.0,"6'1""",198.0,USA,"Waterford, MI",False,C,13,8,10,18,2.85,0.77,0.62,1.38,13.9,21.2,2,3,2,5,0,0,0,3,0,1,1,1,0,0.0,7,78,37,21.6,6,15,26,6,8,14,1,261,148,113,56.7,4,8,6,12,0,322,154,53,123,16077,3002,584,12491,DET,Atlantic,Eastern
2025-2026,20251103,143,SEA,4989,Adam Larsson,ROSTER,32.0,"6'3""",208.0,Sweden,Skelleftea,False,D,11,0,2,2,1.0,0.18,0.0,0.18,54.3,15.9,0,0,0,0,0,0,0,0,0,0,0,0,0,0.0,-5,22,11,0.0,26,10,1,17,10,6,2,0,0,0,0.0,3,6,0,0,0,293,162,48,76,14822,2322,780,11351,SEA,Pacific,Western
2025-2026,20251103,142,VGK,15369,Jeremy Lauzon,ROSTER,28.0,"6'1""",204.0,Canada,"Val-dOr, QC",False,D,11,0,2,2,0.64,0.18,0.0,0.18,53.1,47.0,0,0,0,0,0,0,0,0,0,0,0,0,0,0.0,1,27,7,0.0,16,11,9,41,25,7,1,0,0,0,0.0,7,17,4,14,1,265,139,51,76,11412,2360,544,8496,VGK,Pacific,Western
2025-2026,20251103,24,EDM,5454,Curtis Lazar,ROSTER,30.0,"6'0""",211.0,Canada,"Salmon Arm, BC",False,C,3,1,0,1,0.33,0.0,0.33,0.33,9.5,0.0,0,0,0,0,0,0,0,0,0,0,0,0,0,0.0,0,7,1,100.0,3,2,4,7,5,0,0,11,6,5,54.5,0,0,0,0,0,46,29,8,7,1929,390,60,1438,EDM,Pacific,Western
2025-2026,20251103,26,SJS,4834,Nick Leddy,ROSTER,34.0,"6'0""",207.0,USA,"Eden Prairie, MN",False,D,7,0,2,2,0.14,0.29,0.0,0.29,18.0,10.6,0,0,0,0,0,0,0,0,0,0,0,0,0,0.0,-4,4,1,0.0,10,2,1,2,3,4,4,0,0,0,0.0,2,4,0,0,0,149,78,26,45,7223,1710,161,5352,SJS,Pacific,Western
2025-2026,20251103,8,NYI,5199,Anders Lee,ROSTER,35.0,"6'3""",231.0,USA,"Edina, MN",False,LW,12,2,7,9,3.08,0.58,0.17,0.75,22.1,21.2,0,0,1,1,0,0,0,1,0,0,0,0,0,0.0,0,61,37,5.4,9,6,18,11,19,6,3,16,11,5,68.8,4,8,4,8,0,232,121,60,53,10935,2455,800,7680,NYI,Metropolitan,Eastern
2025-2026,20251103,3,CAR,142373,Charles-Alexis Legault,ROSTER,22.0,"6'3""",208.0,Canada,"Montreal, QB",True,D,5,0,0,0,1.4,0.0,0.0,0.0,9.2,10.6,0,0,0,0,0,0,0,0,0,0,0,0,0,0.0,2,15,7,0.0,4,5,3,4,9,5,1,0,0,0,0.0,2,4,0,0,0,98,88,2,8,3938,535,11,3392,CAR,Metropolitan,Eastern
2025-2026,20251103,22,COL,10064,Artturi Lehkonen,ROSTER,30.0,"6'0""",180.0,Finland,Piikkiö,False,LW,13,4,8,12,2.54,0.62,0.31,0.92,27.2,0.0,1,0,0,0,0,0,0,0,0,0,1,0,0,0.0,12,58,33,12.1,14,10,15,6,14,12,1,1,0,1,0.0,0,0,2,4,0,310,159,80,74,15226,3657,1401,10168,COL,Central,Western
2025-2026,20251103,21,VAN,56699,Jonathan Lekkerimäki,INJURY_LIST,21.0,"5'10""",165.0,Sweden,Huddinge,False,RW,4,1,0,1,0.75,0.0,0.25,0.25,6.6,0.0,0,0,0,0,0,0,0,0,0,0,0,0,0,0.0,0,7,3,33.3,2,2,2,5,5,3,0,0,0,0,0.0,0,0,2,4,0,48,39,4,6,2376,312,0,2064,VAN,Pacific,Western
2025-2026,20251103,5,WSH,142776,Ryan Leonard,ROSTER,,,,,,False,RW,12,3,3,6,1.67,0.25,0.25,0.5,17.6,15.9,1,1,0,1,0,0,0,2,0,0,1,1,0,0.0,4,51,20,15.0,4,17,14,17,19,20,3,5,3,2,60.0,3,6,5,10,0,197,168,24,4,9232,1484,138,7451,WSH,Metropolitan,Eastern
2025-2026,20251103,10,PIT,4030,Kris Letang,ROSTER,38.0,"6'0""",201.0,Canada,"Montreal, QC",False,D,13,1,5,6,1.31,0.38,0.08,0.46,46.0,13.2,0,1,2,3,0,0,0,0,0,0,0,0,0,0.0,7,43,17,5.9,21,16,10,17,22,19,2,0,0,0,0.0,2,6,1,2,0,307,138,67,93,16679,3811,978,11354,PIT,Metropolitan,Eastern
2025-2026,20251103,20,CHI,142389,Artyom Levshunov,ROSTER,,,,,,False,D,11,0,5,5,0.91,0.45,0.0,0.45,21.1,26.5,0,0,1,1,0,0,0,0,0,0,0,0,0,0.0,4,19,10,0.0,8,6,3,12,15,13,1,0,0,0,0.0,5,10,1,2,0,198,164,23,6,9738,1208,89,8185,CHI,Central,Western
2025-2026,20251103,26,SJS,15133,Timothy Liljegren,ROSTER,26.0,"6'0""",190.0,Sweden,Kristianstad,False,D,10,0,3,3,0.8,0.3,0.0,0.3,41.1,15.9,0,0,0,0,0,0,0,0,0,0,0,0,0,0.0,-2,29,8,0.0,20,13,8,12,14,12,1,0,0,0,0.0,3,6,1,2,0,246,125,51,70,12690,1531,393,10766,SJS,Pacific,Western
2025-2026,20251103,27,DAL,5910,Esa Lindell,ROSTER,31.0,"6'3""",215.0,Finland,Helsinki,False,D,12,1,3,4,0.92,0.25,0.08,0.33,48.8,5.3,0,0,0,0,0,0,0,0,0,0,0,0,0,0.0,4,24,11,9.1,25,9,4,11,22,16,6,0,0,0,0.0,1,2,1,2,0,290,146,64,81,16220,3514,1071,11635,DAL,Central,Western
2025-2026,20251103,143,SEA,14122,Ryan Lindgren,ROSTER,27.0,"6'0""",191.0,USA,"Minneapolis, MN",False,D,11,0,1,1,0.55,0.09,0.0,0.09,35.5,57.3,0,0,0,0,0,0,0,0,0,0,0,0,0,0.0,0,24,6,0.0,19,12,6,6,10,12,1,0,0,0,0.0,7,25,2,7,1,278,162,58,50,12324,1749,622,9633,SEA,Pacific,Western
2025-2026,20251103,11,BOS,5260,Elias Lindholm,ROSTER,30.0,"6'1""",195.0,Sweden,Boden,False,C,13,4,5,9,1.69,0.38,0.31,0.69,35.6,21.2,1,4,3,7,0,0,0,1,0,0,0,0,0,0.0,-3,48,22,18.2,14,14,12,19,5,12,3,228,131,97,57.5,4,8,1,2,0,268,134,43,95,13800,3630,268,9902,BOS,Atlantic,Eastern
2025-2026,20251103,11,BOS,5228,Hampus Lindholm,ROSTER,31.0,"6'3""",208.0,Sweden,Helsingborg,False,D,6,0,1,1,1.17,0.17,0.0,0.17,14.0,18.5,0,0,0,0,0,0,0,0,0,0,0,0,0,0.0,-2,19,7,0.0,8,4,8,1,7,6,1,0,0,0,0.0,3,8,1,2,0,137,72,24,41,6415,1138,50,5227,BOS,Atlantic,Eastern
2025-2026,20251103,10,PIT,15998,Blake Lizotte,ROSTER,27.0,"5'7""",175.0,USA,"Lindstro, MN",True,C,13,2,0,2,1.08,0.0,0.15,0.15,21.1,0.0,0,0,0,0,0,0,0,0,0,0,0,0,0,0.0,1,24,14,14.3,8,8,4,12,24,12,1,89,46,43,51.7,0,0,0,0,0,256,145,74,31,11012,1792,976,7968,PIT,Metropolitan,Eastern
2025-2026,20251103,11,BOS,38000,Mason Lohrei,ROSTER,24.0,"6'4""",195.0,USA,"Verona, WI",True,D,11,1,5,6,0.82,0.45,0.09,0.55,26.6,0.0,0,1,0,1,0,0,0,0,0,0,0,0,0,0.0,0,37,9,11.1,14,16,12,5,19,12,3,0,0,0,0.0,0,0,1,2,0,264,193,58,14,11956,1954,519,9483,BOS,Atlantic,Eastern
2025-2026,20251103,23,CGY,13954,Ryan Lomberg,ROSTER,30.0,"5'9""",187.0,Canada,"Richmond Hill, ON",False,LW,14,0,1,1,0.86,0.07,0.0,0.07,41.9,35.7,0,0,0,0,0,0,0,0,0,0,0,0,0,0.0,0,21,12,0.0,5,3,6,52,6,4,0,6,1,5,16.7,3,12,5,16,2,181,99,38,44,7466,1246,601,5619,CGY,Pacific,Western
2025-2026,20251103,12,TOR,5781,Steven Lorentz,ROSTER,29.0,"6'3""",192.0,Canada,"Waterloo, ON",False,C,8,0,4,4,1.0,0.5,0.0,0.5,19.9,0.0,0,0,0,0,0,0,0,0,0,0,0,0,0,0.0,-2,12,8,0.0,5,1,3,18,6,4,1,14,6,8,42.9,0,0,0,0,0,108,57,37,14,4771,1073,736,2962,TOR,Atlantic,Eastern
2025-2026,20251103,6,PHI,142694,Jett Luchanko,ROSTER,,,,,,False,C,4,0,0,0,0.25,0.0,0.0,0.0,6.3,5.3,0,0,0,0,0,0,0,0,0,0,0,0,0,0.0,-3,2,1,0.0,3,0,1,2,5,1,0,21,11,10,52.4,1,2,1,2,0,45,40,3,2,2152,343,51,1758,PHI,Metropolitan,Eastern
2025-2026,20251103,4,FLO,30418,Anton Lundell,ROSTER,24.0,"6'1""",185.0,Finland,Espoo,True,C,12,3,6,9,2.08,0.5,0.25,0.75,20.8,10.6,1,2,2,4,0,1,1,0,0,0,2,0,1,50.0,-1,53,25,12.0,9,14,14,9,8,16,1,195,105,90,53.8,2,4,3,6,0,293,181,91,25,13529,3568,941,9146,FLA,,
2025-2026,20251103,19,CBJ,14546,Isac Lundestrom,ROSTER,25.0,"6'0""",191.0,Sweden,Gällivare,False,C,12,0,2,2,0.58,0.17,0.0,0.17,12.6,5.3,0,0,0,0,0,0,0,0,0,0,0,0,0,0.0,2,15,7,0.0,6,4,4,4,13,10,2,90,48,42,53.3,1,2,1,2,0,201,128,33,36,8526,1095,606,6684,CBJ,Metropolitan,Eastern
2025-2026,20251103,27,DAL,14551,Nils Lundkvist,ROSTER,25.0,"5'11""",187.0,Sweden,Pitea,True,D,4,1,2,3,0.5,0.5,0.25,0.75,10.3,5.3,0,0,0,0,0,0,0,0,0,0,0,0,0,0.0,0,7,2,50.0,5,2,3,3,11,6,0,0,0,0,0.0,1,2,0,0,0,83,45,13,26,3839,139,126,3574,DAL,Central,Western
2025-2026,20251103,4,FLO,17339,Eetu Luostarinen,ROSTER,27.0,"6'3""",184.0,Finland,Siilinjrvi,False,C,12,1,3,4,1.58,0.25,0.08,0.33,38.7,5.3,0,0,0,0,0,0,0,0,0,0,0,0,0,0.0,0,33,19,5.3,12,6,8,29,21,6,0,13,8,5,61.5,1,2,5,12,0,260,128,76,57,11867,1632,1442,8793,FLA,,
2025-2026,20251103,13,OTT,30087,Olle Lycksell,ROSTER,26.0,"5'10""",165.0,Sweden,Oskarshamn,True,RW,5,1,0,1,1.2,0.0,0.2,0.2,6.3,0.0,0,0,0,0,0,0,0,1,0,0,0,0,0,0.0,-2,9,6,16.7,3,1,2,2,3,1,0,0,0,0,0.0,0,0,1,2,0,71,50,12,10,3130,467,405,2258,OTT,Atlantic,Eastern
2025-2026,20251103,27,DAL,15176,Ilya Lyubushkin,ROSTER,31.0,"6'2""",201.0,Russia,Moskva,False,D,10,0,1,1,0.7,0.1,0.0,0.1,42.7,18.5,0,0,0,0,0,0,0,0,0,0,0,0,0,0.0,4,12,7,0.0,21,3,2,12,26,15,1,0,0,0,0.0,3,8,0,0,0,212,117,31,64,9765,1013,337,8415,DAL,Central,Western
2025-2026,20251103,30,UTA,5259,Olli Maatta,ROSTER,31.0,"6'2""",206.0,Finland,Jyväskylä,False,D,12,0,1,1,0.33,0.08,0.0,0.08,18.3,0.0,0,0,0,0,0,0,0,0,0,0,0,0,0,0.0,2,12,4,0.0,11,4,4,0,30,11,1,0,0,0,0.0,0,0,0,0,0,187,121,20,46,8303,1373,409,6521,UTA,Central,Western
2025-2026,20251103,12,TOR,28458,Matias Maccelli,ROSTER,25.0,"5'11""",165.0,Finland,Turku,True,LW,12,2,3,5,0.92,0.25,0.17,0.42,7.3,0.0,0,0,0,0,0,0,0,0,0,0,0,0,0,0.0,1,25,11,18.2,4,7,7,1,12,9,3,3,2,1,66.7,0,0,1,2,0,204,131,60,15,9837,1985,868,6984,TOR,Atlantic,Eastern
2025-2026,20251103,13,OTT,11733,Kurtis MacDermid,ROSTER,31.0,"6'5""",233.0,Canada,"Sauble Beach, ON",False,LW,6,0,0,0,0.33,0.0,0.0,0.0,9.2,25.8,0,0,0,0,0,0,0,0,0,0,0,0,0,0.0,-3,2,2,0.0,4,0,0,4,2,1,0,0,0,0,0.0,3,9,2,7,1,50,22,18,10,1573,174,355,1044,OTT,Atlantic,Eastern
2025-2026,20251103,21,VAN,13674,Mackenzie MacEachern,ROSTER,31.0,"6'2""",190.0,USA,"Bloomfield Hills, MI",False,LW,2,0,1,1,1.5,0.5,0.0,0.5,5.3,0.0,0,0,0,0,0,0,0,0,0,0,0,0,0,0.0,2,4,3,0.0,2,0,1,3,2,0,0,0,0,0,0.0,0,0,0,0,0,34,18,10,6,1394,156,88,1150,VAN,Pacific,Western
2025-2026,20251103,7,NJD,15475,Zack MacEwen,ROSTER,29.0,"6'3""",205.0,Canada,"Charlottetown, PE",True,RW,1,0,0,0,2.0,0.0,0.0,0.0,2.3,0.0,0,0,0,0,0,0,0,0,0,0,0,0,0,0.0,0,3,2,0.0,1,0,1,1,0,0,1,1,0,1,0.0,0,0,0,0,0,9,5,3,1,432,51,147,234,NJD,Metropolitan,Eastern
2025-2026,20251103,22,COL,5231,Nathan MacKinnon,ROSTER,30.0,"6'0""",200.0,Canada,"Halifax, NS",False,C,13,10,9,19,4.23,0.69,0.77,1.46,23.4,21.2,3,4,1,5,0,0,0,1,0,0,1,0,0,0.0,10,104,55,18.2,9,20,28,13,12,24,3,278,143,135,51.4,4,8,4,8,0,306,157,112,47,16947,5028,2489,9430,COL,Central,Western
2025-2026,20251103,8,NYI,34417,Kyle MacLean,ROSTER,26.0,"6'1""",190.0,USA,"Livingston, NJ",True,C,8,0,0,0,0.88,0.0,0.0,0.0,12.4,41.4,0,0,0,0,0,0,0,0,0,0,0,0,0,0.0,-5,10,7,0.0,2,0,3,14,8,2,1,13,8,5,61.5,4,19,3,9,1,108,61,32,15,4630,1043,296,3291,NYI,Metropolitan,Eastern
2025-2026,20251103,143,SEA,15128,Josh Mahura,ROSTER,27.0,"6'0""",190.0,Canada,"Edmonton, AB",False,D,11,1,1,2,0.73,0.09,0.09,0.18,37.7,31.6,0,0,0,0,0,0,0,1,0,1,0,0,0,0.0,5,23,8,12.5,18,8,7,12,18,7,2,0,0,0,0.0,4,16,1,2,0,239,142,42,52,10129,1346,624,7947,SEA,Pacific,Western
2025-2026,20251103,17,STL,37979,Logan Mailloux,ROSTER,22.0,"6'3""",214.0,Canada,"Belle River, ON",True,D,8,0,0,0,0.5,0.0,0.0,0.0,16.1,10.6,0,0,0,0,0,0,0,0,0,0,0,0,0,0.0,-9,15,4,0.0,5,6,5,12,17,6,1,0,0,0,0.0,2,4,1,2,0,131,95,24,12,5948,830,369,4749,STL,Central,Western
2025-2026,20251103,22,COL,13619,Cale Makar,ROSTER,27.0,"5'11""",187.0,Canada,"Calgary, AB",False,D,13,4,14,18,2.62,1.08,0.31,1.38,43.1,15.9,1,0,7,7,0,0,0,1,0,0,0,0,0,0.0,12,87,34,11.8,22,37,16,10,6,14,9,0,0,0,0.0,3,6,5,10,0,354,205,117,36,19851,4441,3525,11885,COL,Central,Western
2025-2026,20251103,22,COL,56372,Taylor Makar,ROSTER,24.0,"6'3""",190.0,Canada,"Calgary, AB",False,LW,1,0,0,0,0.0,0.0,0.0,0.0,0.6,0.0,0,0,0,0,0,0,0,0,0,0,0,0,0,0.0,0,1,0,0.0,0,1,0,1,3,0,0,0,0,0,0.0,0,0,0,0,0,8,7,1,0,367,58,0,309,COL,Central,Western
2025-2026,20251103,15,BUF,17164,Beck Malenstyn,ROSTER,27.0,"6'3""",200.0,Canada,"White Rock, BC",False,LW,11,0,1,1,1.36,0.09,0.0,0.09,48.5,5.3,0,0,0,0,0,0,0,0,0,0,0,0,0,0.0,-4,24,15,0.0,14,4,5,39,14,7,1,2,0,2,0.0,1,2,3,6,0,188,75,20,93,7623,1068,74,6481,BUF,Atlantic,Eastern
2025-2026,20251103,22,COL,119984,Sam Malinski,ROSTER,27.0,"5'11""",190.0,USA,"Lakeville, MN",True,D,13,1,4,5,2.0,0.31,0.08,0.38,27.6,5.3,0,0,0,0,0,0,0,1,0,0,0,0,0,0.0,3,62,26,3.8,15,24,12,4,19,15,5,0,0,0,0.0,1,2,0,0,0,267,237,17,13,11751,1829,263,9659,COL,Central,Western
2025-2026,20251103,10,PIT,3652,Evgeni Malkin,ROSTER,39.0,"6'3""",195.0,Russia,Magnitogorsk,False,C,13,3,15,18,2.15,1.15,0.23,1.38,9.5,31.8,1,1,6,7,0,0,0,0,0,0,2,1,1,50.0,7,43,28,10.7,3,6,10,7,11,14,4,106,50,56,47.2,6,12,1,2,0,262,137,76,48,13374,4360,1469,7465,PIT,Metropolitan,Eastern
2025-2026,20251103,28,LAK,34945,Jeff Malott,ROSTER,29.0,"6'3""",201.0,Canada,"Burlington, ON",True,LW,11,2,0,2,0.55,0.0,0.18,0.18,24.0,66.8,0,0,0,0,0,0,0,0,0,0,0,0,0,0.0,-1,20,6,33.3,2,6,8,32,5,5,1,1,1,0,100.0,7,23,4,17,3,120,90,18,14,5021,512,267,4242,LAK,Pacific,Western
2025-2026,20251103,21,VAN,56544,Victor Mancini,ROSTER,23.0,"6'3""",215.0,USA,"Hancock, MI",True,D,5,0,0,0,0.6,0.0,0.0,0.0,12.2,15.2,0,0,0,0,0,0,0,0,0,0,0,0,0,0.0,-2,7,3,0.0,5,3,1,6,9,2,0,0,0,0,0.0,1,5,1,5,1,69,62,3,4,3158,334,17,2807,VAN,Pacific,Western
2025-2026,20251103,24,EDM,5761,Andrew Mangiapane,ROSTER,29.0,"5'10""",184.0,Canada,"Toronto, ON",False,LW,13,3,1,4,0.77,0.08,0.23,0.31,19.8,0.0,1,0,0,0,0,0,0,1,0,0,0,0,0,0.0,-7,28,10,30.0,8,7,11,10,13,10,2,1,0,1,0.0,0,0,4,8,0,251,104,90,56,12284,2068,1677,8326,EDM,Pacific,Western
2025-2026,20251103,22,COL,5477,Josh Manson,ROSTER,34.0,"6'3""",218.0,USA,"Hinsdale, IL",False,D,13,1,1,2,1.38,0.08,0.08,0.15,52.4,41.7,0,0,0,0,0,0,0,1,0,0,0,0,0,0.0,1,36,18,5.6,21,10,8,27,17,16,4,0,0,0,0.0,6,15,3,9,1,322,168,91,64,14267,2758,1749,9760,COL,Central,Western
2025-2026,20251103,10,PIT,5413,Anthony Mantha,ROSTER,31.0,"6'5""",234.0,Canada,"Longueuil, QC",False,RW,13,6,5,11,1.85,0.38,0.46,0.85,20.5,0.0,2,0,1,1,0,0,0,0,0,0,0,0,0,0.0,7,41,24,25.0,10,10,7,6,8,16,3,6,1,5,16.7,0,0,3,6,0,238,120,73,45,11757,1648,1707,8073,PIT,Metropolitan,Eastern
2025-2026,20251103,4,FLO,4692,Brad Marchand,ROSTER,37.0,"5'9""",181.0,Canada,"Halifax, NS",False,LW,11,6,6,12,3.18,0.55,0.55,1.09,9.4,31.8,2,1,3,4,0,0,0,1,0,0,1,0,1,100.0,-3,67,35,17.1,1,14,18,12,13,12,1,1,0,1,0.0,6,12,6,12,0,258,144,63,58,12096,4111,1048,7168,FLA,,
2025-2026,20251103,19,CBJ,14572,Kirill Marchenko,ROSTER,25.0,"6'3""",187.0,Russia,Barnaul,True,RW,12,5,7,12,3.5,0.58,0.42,1.0,23.8,15.9,1,1,3,4,0,0,0,2,0,0,1,0,1,100.0,8,75,42,11.9,10,14,19,11,11,15,3,0,0,0,0.0,3,6,3,6,0,254,127,69,59,13090,3327,1067,8769,CBJ,Metropolitan,Eastern
2025-2026,20251103,18,NSH,5473,Jonathan Marchessault,ROSTER,34.0,"5'9""",180.0,Canada,"Cap-Rouge, QC",False,RW,10,4,2,6,2.8,0.2,0.4,0.6,15.9,10.6,1,2,0,2,0,0,0,1,0,0,1,0,0,0.0,-8,54,28,14.3,1,17,9,22,6,12,3,4,3,1,75.0,2,4,5,10,0,209,102,81,30,10674,2608,2301,5765,NSH,Central,Western
2025-2026,20251103,143,SEA,17165,Mason Marchment,ROSTER,30.0,"6'4""",201.0,Canada,"Uxbridge, ON",False,LW,10,1,4,5,1.2,0.4,0.1,0.5,16.1,10.6,0,0,2,2,0,0,0,1,0,0,0,0,0,0.0,-3,24,12,8.3,5,4,8,12,12,20,5,14,3,11,21.4,2,4,1,2,0,206,99,62,41,9399,1496,337,7281,SEA,Pacific,Western
2025-2026,20251103,30,UTA,17187,John Marino,ROSTER,28.0,"6'1""",181.0,USA,"Brockton, MA",True,D,12,1,4,5,1.0,0.33,0.08,0.42,23.0,10.6,0,0,0,0,0,0,0,0,0,0,0,0,0,0.0,2,22,12,8.3,13,8,2,2,28,18,3,0,0,0,0.0,2,4,2,4,0,326,186,35,106,14474,1979,447,12048,UTA,Central,Western
2025-2026,20251103,142,VGK,5599,Mitchell Marner,ROSTER,28.0,"6'0""",175.0,Canada,"Markham, ON",False,RW,11,3,11,14,1.73,1.0,0.27,1.27,13.9,5.3,1,1,2,3,0,0,0,0,0,0,1,0,0,0.0,8,50,19,15.8,6,18,13,6,11,15,5,8,5,3,62.5,1,2,0,0,0,247,117,85,48,13865,3498,1515,8754,VGK,Pacific,Western
2025-2026,20251103,18,NSH,168604,Brady Martin,ROSTER,18.0,"6'0""",174.0,Canada,"Elora, ON",True,C,3,0,1,1,0.67,0.33,0.0,0.33,3.3,0.0,0,0,0,0,0,0,0,0,0,0,0,0,0,0.0,0,3,2,0.0,2,0,1,0,2,4,0,16,5,11,31.2,0,0,0,0,0,39,32,6,1,2055,275,54,1728,NSH,Central,Western
2025-2026,20251103,3,CAR,5495,Jordan Martinook,ROSTER,33.0,"6'0""",196.0,Canada,"Brandon, MB",False,LW,11,2,5,7,1.64,0.45,0.18,0.64,31.9,5.3,0,0,0,0,0,0,0,1,0,0,0,0,0,0.0,6,32,18,11.1,11,7,7,21,5,9,2,8,3,5,37.5,1,2,2,4,0,245,81,106,60,9769,2021,1048,6700,CAR,Metropolitan,Eastern
2025-2026,20251103,1,TBL,120138,Emil Martinsen Lilleberg,ROSTER,24.0,"6'2""",192.0,Norway,Sarpsborg,True,D,12,0,1,1,0.67,0.08,0.0,0.08,29.3,88.0,0,0,0,0,0,0,0,0,0,0,0,0,0,0.0,-3,18,8,0.0,11,3,7,17,31,6,0,0,0,0,0.0,11,31,6,25,3,250,190,22,38,10637,1187,191,9259,TBL,Atlantic,Eastern
2025-2026,20251103,19,CBJ,53022,Denton Mateychuk,ROSTER,21.0,"5'11""",194.0,Canada,"Winnipeg, MB",True,D,12,3,2,5,1.33,0.17,0.25,0.42,41.5,5.3,1,0,0,0,0,0,0,0,0,0,0,0,0,0.0,3,26,16,18.8,21,6,4,10,25,8,3,0,0,0,0.0,1,2,2,4,0,249,193,21,35,13157,1691,146,11202,CBJ,Metropolitan,Eastern
2025-2026,20251103,14,MTL,5921,Mike Matheson,ROSTER,31.0,"6'2""",193.0,Canada,"Montreal, QC",False,D,12,3,4,7,1.42,0.33,0.25,0.58,56.7,21.2,1,0,0,0,0,0,0,1,0,1,0,0,0,0.0,7,43,17,17.6,29,15,11,13,20,12,3,0,0,0,0.0,4,8,2,4,0,316,173,58,88,17920,3889,717,13314,MTL,Atlantic,Eastern
2025-2026,20251103,13,OTT,111262,Nikolas Matinpalo,ROSTER,27.0,"6'3""",207.0,Finland,Espoo,True,D,8,0,1,1,0.62,0.12,0.0,0.12,18.1,5.3,0,0,0,0,0,0,0,0,0,0,0,0,0,0.0,-2,16,5,0.0,7,7,4,10,29,4,2,0,0,0,0.0,1,2,0,0,0,180,165,5,10,6852,1532,56,5264,OTT,Atlantic,Eastern
2025-2026,20251103,12,TOR,9627,Auston Matthews,ROSTER,28.0,"6'3""",220.0,USA,"San Ramon, CA",False,C,12,6,3,9,4.25,0.25,0.5,0.75,45.4,15.9,2,1,0,1,0,0,0,2,0,1,0,0,0,0.0,6,94,51,11.8,23,22,21,11,7,18,6,214,127,87,59.3,3,6,1,2,0,296,141,112,49,15725,3658,1992,10075,TOR,Atlantic,Eastern
2025-2026,20251103,8,NYI,5364,Scott Mayfield,ROSTER,33.0,"6'5""",223.0,USA,"St. Louis, MO",False,D,12,0,3,3,1.0,0.25,0.0,0.25,32.2,68.0,0,0,0,0,0,0,0,0,0,0,0,0,0,0.0,2,30,12,0.0,17,9,9,6,9,15,3,0,0,0,0.0,9,29,5,13,1,285,166,41,78,13097,2716,1172,9209,NYI,Metropolitan,Eastern
2025-2026,20251103,11,BOS,9640,Charlie McAvoy,ROSTER,27.0,"6'0""",208.0,USA,"Long Beach, NY",False,D,14,0,10,10,1.36,0.71,0.0,0.71,53.2,58.4,0,0,3,3,0,0,0,0,0,0,0,0,0,0.0,-3,55,19,0.0,23,18,18,23,25,15,6,0,0,0,0.0,11,22,4,8,0,394,204,89,101,20209,3664,1406,15139,BOS,Atlantic,Eastern
2025-2026,20251103,30,UTA,38370,Jack McBain,ROSTER,25.0,"6'4""",218.0,Canada,"Toronto, ON",True,C,12,1,0,1,1.67,0.0,0.08,0.08,31.0,47.0,0,0,0,0,0,0,0,0,0,0,0,0,0,0.0,0,33,20,5.0,7,7,6,30,23,6,2,105,46,59,43.8,7,17,4,11,1,228,142,54,33,9792,1470,1145,7177,UTA,Central,Western
2025-2026,20251103,12,TOR,5362,Jake McCabe,ROSTER,32.0,"6'1""",204.0,USA,"Eau Claire, WI",False,D,12,2,3,5,0.83,0.25,0.17,0.42,56.3,25.8,0,0,0,0,0,0,0,0,0,0,0,0,0,0.0,8,27,10,20.0,28,10,7,15,20,15,2,0,0,0,0.0,3,9,3,9,1,358,202,84,74,14976,1988,1273,11715,TOR,Atlantic,Eastern
2025-2026,20251103,143,SEA,5824,Jared McCann,ROSTER,29.0,"6'1""",185.0,Canada,"Stratford, ON",False,LW,5,3,1,4,2.8,0.2,0.6,0.8,11.2,0.0,1,0,0,0,0,0,0,1,0,1,1,0,0,0.0,0,29,14,21.4,4,7,8,7,3,1,0,3,2,1,66.7,0,0,2,4,0,124,57,41,29,5187,1528,568,3091,SEA,Pacific,Western
2025-2026,20251103,18,NSH,5893,Michael McCarron,ROSTER,30.0,"6'5""",237.0,USA,"Grosse Pointe, MI",False,C,13,1,2,3,1.15,0.15,0.08,0.23,41.9,46.3,0,0,0,0,0,0,0,0,0,0,0,0,0,0.0,0,30,15,6.7,12,7,8,34,21,8,3,182,93,89,51.1,5,16,7,20,2,273,123,66,85,11564,1750,518,9296,NSH,Central,Western
2025-2026,20251103,24,EDM,5576,Connor McDavid,ROSTER,28.0,"6'1""",193.0,Canada,"Richmond Hill, ON",False,C,13,3,14,17,3.23,1.08,0.23,1.31,4.6,5.3,1,1,7,8,0,0,0,0,0,0,1,0,0,0.0,-3,73,42,7.1,2,10,21,2,21,18,4,147,63,84,42.9,1,2,7,14,0,295,154,99,38,18479,4450,2572,11073,EDM,Pacific,Western
2025-2026,20251103,1,TBL,4852,Ryan McDonagh,ROSTER,36.0,"6'1""",214.0,USA,"St. Paul, MN",False,D,12,3,3,6,1.08,0.25,0.25,0.5,36.8,0.0,1,0,0,0,0,0,0,0,0,0,0,0,0,0.0,0,36,13,23.1,19,11,12,8,10,18,3,0,0,0,0.0,0,0,1,2,0,326,185,47,97,15305,4312,505,10452,TBL,Atlantic,Eastern
2025-2026,20251103,5,WSH,5308,Dylan McIlrath,ROSTER,33.0,"6'5""",231.0,Canada,"Winnipeg, MB",False,D,1,0,0,0,0.0,0.0,0.0,0.0,1.9,0.0,0,0,0,0,0,0,0,0,0,0,0,0,0,0.0,0,3,0,0.0,0,2,1,3,0,1,0,0,0,0,0.0,0,0,0,0,0,19,6,3,10,845,71,0,774,WSH,Metropolitan,Eastern
2025-2026,20251103,15,BUF,14563,Ryan McLeod,ROSTER,26.0,"6'3""",201.0,Canada,"Mississauga, ON",False,C,12,3,4,7,1.17,0.33,0.25,0.58,11.9,0.0,1,0,1,1,1,0,1,0,0,0,0,0,0,0.0,0,24,14,21.4,6,4,6,3,13,12,2,200,75,125,37.5,0,0,1,2,0,311,147,34,133,12853,1081,221,11551,BUF,Atlantic,Eastern
2025-2026,20251103,12,TOR,39073,Bobby McMann,ROSTER,29.0,"6'1""",205.0,Canada,"Wainwright, AB",True,C,12,2,1,3,1.67,0.08,0.17,0.25,33.9,10.6,0,0,0,0,0,0,0,0,0,0,0,0,0,0.0,0,38,20,10.0,6,9,9,37,10,5,0,3,2,1,66.7,2,4,1,2,0,232,155,70,9,11089,2701,1024,7364,TOR,Atlantic,Eastern
2025-2026,20251103,5,WSH,17166,Connor McMichael,ROSTER,24.0,"5'11""",182.0,Canada,"Ajax, ON",True,C,12,1,3,4,2.0,0.25,0.08,0.33,11.6,10.6,0,1,0,1,0,0,0,0,0,0,1,1,0,0.0,-3,46,24,4.2,5,12,10,5,7,10,6,132,54,78,40.9,2,4,1,2,0,266,162,60,42,11306,1653,731,8810,WSH,Metropolitan,Eastern
2025-2026,20251103,142,VGK,5041,Brayden McNabb,ROSTER,34.0,"6'4""",213.0,Canada,"Davidson, SK",False,D,11,0,0,0,0.45,0.0,0.0,0.0,70.3,10.6,0,0,0,0,0,0,0,0,0,0,0,0,0,0.0,2,32,5,0.0,36,16,11,16,20,6,3,0,0,0,0.0,2,4,4,8,0,304,160,39,105,14195,3614,861,9720,VGK,Pacific,Western
2025-2026,20251103,29,ANA,32259,Mason McTavish,ROSTER,22.0,"6'0""",208.0,Switzerland,Zurich,True,C,11,2,6,8,1.91,0.55,0.18,0.73,22.6,26.5,0,0,1,1,0,0,0,1,0,0,1,0,1,100.0,-2,55,21,9.5,7,12,22,17,8,7,4,159,77,82,48.4,5,10,4,8,0,250,119,20,115,12244,1286,86,10844,ANA,Pacific,Western
2025-2026,20251103,7,NJD,5604,Timo Meier,ROSTER,29.0,"6'0""",210.0,Switzerland,St. Gallen,False,RW,13,3,7,10,2.77,0.54,0.23,0.77,31.1,21.2,1,1,3,4,0,0,0,1,0,0,0,0,0,0.0,0,81,36,8.3,9,22,23,25,16,13,5,16,10,6,62.5,4,8,2,4,0,281,140,63,81,13596,2668,1128,9800,NJD,Metropolitan,Eastern
2025-2026,20251103,7,NJD,28533,Dawson Mercer,ROSTER,24.0,"6'0""",180.0,Canada,"Carbonear, NL and Labrador",True,C,13,8,6,14,1.85,0.46,0.62,1.08,31.5,15.9,2,3,1,4,1,0,1,1,0,0,0,0,0,0.0,6,49,24,33.3,15,11,14,10,20,11,1,48,20,28,41.7,3,6,4,8,0,292,183,64,53,14003,2939,1256,9808,NJD,Metropolitan,Eastern
2025-2026,20251103,12,TOR,13894,Dakota Mermis,ROSTER,31.0,"6'0""",195.0,USA,"Alton, IL",False,D,1,0,0,0,1.0,0.0,0.0,0.0,0.0,0.0,0,0,0,0,0,0,0,0,0,0,0,0,0,0.0,-2,2,1,0.0,0,1,0,0,1,0,0,0,0,0,0.0,0,0,0,0,0,22,17,3,2,792,158,86,548,TOR,Atlantic,Eastern
2025-2026,20251103,15,BUF,120242,Zach Metsa,ASSIGNED_TO_MINORS,27.0,"5'9""",181.0,USA,"Delafield, WI",True,D,4,0,0,0,0.25,0.0,0.0,0.0,4.0,5.3,0,0,0,0,0,0,0,0,0,0,0,0,0,0.0,3,4,1,0.0,2,2,1,1,6,1,0,0,0,0,0.0,1,2,1,2,0,49,47,2,0,2117,376,0,1741,BUF,Atlantic,Eastern
2025-2026,20251103,143,SEA,39057,Ben Meyers,ROSTER,26.0,"5'11""",195.0,USA,"Delano, MN",True,C,5,0,2,2,0.2,0.4,0.0,0.4,6.8,0.0,0,0,0,0,0,0,0,0,0,0,0,0,0,0.0,0,5,1,0.0,1,1,3,8,3,1,1,24,12,12,50.0,0,0,0,0,0,66,55,7,3,2447,291,26,2076,SEA,Pacific,Western
2025-2026,20251103,6,PHI,134153,Matvei Michkov,ROSTER,20.0,"5'10""",172.0,Russia,Perm,True,RW,12,1,5,6,1.83,0.42,0.08,0.5,10.8,26.5,0,0,0,0,0,0,0,0,0,0,2,0,2,100.0,-2,36,22,4.5,3,11,3,9,12,21,3,0,0,0,0.0,5,10,3,6,0,238,206,32,3,10780,2618,135,8271,PHI,Metropolitan,Eastern
2025-2026,20251103,25,MIN,15459,Jacob Middleton,ROSTER,29.0,"6'3""",210.0,Canada,"Stratford, ON",False,D,13,0,1,1,0.77,0.08,0.0,0.08,51.9,59.5,0,0,0,0,0,0,0,0,0,0,0,0,0,0.0,-2,28,10,0.0,23,10,8,21,9,7,1,0,0,0,0.0,7,22,4,14,2,279,142,66,71,13659,2053,1455,10151,MIN,Central,Western
2025-2026,20251103,20,CHI,17145,Ilya Mikheyev,ROSTER,31.0,"6'3""",195.0,Russia,Omsk,True,RW,10,3,2,5,2.0,0.2,0.3,0.5,11.8,0.0,1,0,0,0,0,0,0,0,0,0,0,0,0,0.0,4,33,20,15.0,4,5,8,8,7,2,4,5,0,5,0.0,0,0,2,4,0,225,113,23,88,10758,667,229,9596,CHI,Central,Western
2025-2026,20251103,4,FLO,5722,Niko Mikkola,ROSTER,29.0,"6'4""",185.0,Finland,Kiiminki,False,D,12,0,0,0,1.0,0.0,0.0,0.0,34.8,26.5,0,0,0,0,0,0,0,0,0,0,0,0,0,0.0,0,33,12,0.0,17,12,9,10,21,18,2,0,0,0,0.0,5,10,4,8,0,319,178,101,40,13776,2080,1564,10132,FLA,,
2025-2026,20251103,5,WSH,5436,Sonny Milano,ROSTER,29.0,"6'0""",194.0,USA,"Massapequa, NY",False,LW,6,1,0,1,1.67,0.0,0.17,0.17,1.9,0.0,0,0,0,0,0,0,0,0,0,0,0,0,0,0.0,0,11,10,10.0,0,0,1,3,4,3,0,2,1,1,50.0,0,0,1,2,0,80,32,31,18,3770,1130,276,2364,WSH,Metropolitan,Eastern
2025-2026,20251103,2,WPJ,5563,Colin Miller,ROSTER,33.0,"6'1""",193.0,Canada,"Sault Ste. Marie, ON",False,D,3,0,0,0,0.33,0.0,0.0,0.0,8.5,5.3,0,0,0,0,0,0,0,0,0,0,0,0,0,0.0,-1,3,1,0.0,2,2,0,8,2,4,0,0,0,0,0.0,1,2,0,0,0,42,24,13,5,2027,227,364,1436,WPG,,
2025-2026,20251103,9,NYR,5161,J.T. Miller,ROSTER,32.0,"6'1""",218.0,USA,"East Palestine, OH",False,C,13,3,5,8,2.69,0.38,0.23,0.62,24.7,10.6,1,0,2,2,0,0,0,1,0,1,0,0,0,0.0,0,70,35,8.6,4,12,23,28,10,15,2,224,134,90,59.8,2,4,1,2,0,342,158,64,106,16425,3596,1089,10910,NYR,Metropolitan,Eastern
2025-2026,20251103,3,CAR,14545,K'Andre Miller,ROSTER,25.0,"6'5""",210.0,USA,"St. Paul, MN",True,D,6,2,2,4,2.33,0.33,0.33,0.67,17.2,21.2,0,1,0,1,0,0,0,0,0,0,0,0,0,0.0,1,33,14,14.3,8,11,8,6,6,10,2,1,0,1,0.0,4,8,1,2,0,173,99,48,28,8470,1583,442,6445,CAR,Metropolitan,Eastern
2025-2026,20251103,11,BOS,52843,Fraser Minten,ROSTER,21.0,"6'1""",185.0,Canada,"Vancouver, BC",True,C,14,2,2,4,1.36,0.14,0.14,0.29,41.5,15.9,0,0,0,0,0,0,0,1,0,1,0,0,0,0.0,-2,41,19,10.5,16,10,12,23,9,3,5,145,75,70,51.7,3,6,1,2,0,257,194,33,32,11055,1820,210,9025,BOS,Atlantic,Eastern
2025-2026,20251103,29,ANA,43373,Pavel Mintyukov,ROSTER,21.0,"6'2""",194.0,Russia,Moskva,True,D,11,0,3,3,0.64,0.27,0.0,0.27,25.8,5.3,0,0,0,0,0,0,0,0,0,0,0,0,0,0.0,0,21,7,0.0,12,10,4,9,16,11,1,0,0,0,0.0,1,2,4,8,0,235,162,36,37,10390,1364,0,9026,ANA,Pacific,Western
2025-2026,20251103,23,CGY,29983,Daniil Miromanov,UNDRAFTED,28.0,"6'4""",202.0,Russia,Moscow,True,D,1,0,0,0,0.0,0.0,0.0,0.0,3.3,0.0,0,0,0,0,0,0,0,0,0,0,0,0,0,0.0,0,2,0,0.0,2,1,1,0,0,1,0,0,0,0,0.0,0,0,0,0,0,30,23,0,7,1069,0,0,1069,CGY,Pacific,Western
2025-2026,20251103,26,SJS,176687,Michael Misa,ROSTER,18.0,"6'1""",185.0,Canada,"Oakville, ON",True,C,7,1,2,3,1.86,0.29,0.14,0.43,9.6,5.3,0,0,0,0,0,0,0,0,0,0,0,0,0,0.0,-1,22,13,7.7,5,5,4,2,9,5,0,38,20,18,52.6,1,2,1,2,0,106,94,13,0,4930,813,180,3937,SJS,Pacific,Western
2025-2026,20251103,11,BOS,13623,Casey Mittelstadt,ROSTER,26.0,"6'1""",199.0,USA,"Eden Prairie, MN",False,C,13,4,4,8,1.0,0.31,0.31,0.62,10.6,0.0,1,0,0,0,0,0,0,0,0,0,0,0,0,0.0,0,25,13,30.8,6,5,7,1,12,13,2,76,45,31,59.2,0,0,2,4,0,234,128,91,19,11161,1883,1444,7834,BOS,Atlantic,Eastern
2025-2026,20251103,19,CBJ,5242,Sean Monahan,ROSTER,31.0,"6'2""",200.0,Canada,"Brampton, ON",False,C,12,1,5,6,2.17,0.42,0.08,0.5,6.8,5.3,0,1,2,3,0,0,0,1,0,0,0,0,0,0.0,8,41,26,3.8,1,5,10,8,5,11,3,233,123,110,52.8,1,2,2,4,0,275,136,62,76,13331,3669,876,8719,CBJ,Metropolitan,Eastern
2025-2026,20251103,143,SEA,11648,Brandon Montour,ROSTER,31.0,"6'0""",189.0,Canada,"Ohsweken, ON",False,D,7,3,5,8,2.86,0.71,0.43,1.14,31.5,15.2,1,1,1,2,0,0,0,0,0,0,0,0,0,0.0,6,42,20,15.0,15,14,8,10,10,13,6,0,0,0,0.0,1,5,1,5,1,189,84,45,51,9806,1794,888,6614,SEA,Pacific,Western
2025-2026,20251103,29,ANA,56251,Ian Moore,ROSTER,23.0,"6'2""",171.0,USA,"Concord, MA",False,D,5,0,0,0,1.0,0.0,0.0,0.0,2.3,5.3,0,0,0,0,0,0,0,0,0,0,0,0,0,0.0,0,13,5,0.0,1,6,2,1,8,7,1,0,0,0,0.0,1,2,0,0,0,86,59,7,20,3661,266,139,3256,ANA,Pacific,Western
2025-2026,20251103,28,LAK,11811,Trevor Moore,ROSTER,30.0,"5'10""",185.0,USA,"Thousand Oaks, CA",False,LW,12,3,1,4,2.08,0.08,0.25,0.33,18.9,10.6,1,0,0,0,1,0,1,0,0,0,3,0,2,66.67,0,41,25,12.0,9,7,9,6,18,17,6,3,2,1,66.7,2,4,0,0,0,246,124,82,45,11503,1853,954,8874,LAK,Pacific,Western
2025-2026,20251103,2,WPJ,5930,Josh Morrissey,ROSTER,30.0,"6'0""",195.0,Canada,"Calgary, AB",False,D,12,1,10,11,1.67,0.83,0.08,0.92,44.5,15.9,0,0,2,2,0,0,0,0,0,0,0,0,0,0.0,11,44,20,5.0,24,12,12,7,12,18,4,0,0,0,0.0,3,6,1,2,0,335,167,117,52,17702,3525,2188,11989,WPG,,
2025-2026,20251103,1,TBL,34441,Janis Moser,ROSTER,25.0,"6'0""",172.0,Switzerland,Biel,True,D,10,1,1,2,1.5,0.1,0.1,0.2,22.1,10.6,0,0,0,0,0,0,0,0,0,0,0,0,0,0.0,4,36,15,6.7,9,17,4,11,26,11,4,0,0,0,0.0,2,4,5,10,0,261,183,33,46,12664,2414,915,9368,TBL,Atlantic,Eastern
2025-2026,20251103,28,LAK,28507,Jacob Moverare,ROSTER,27.0,"6'2""",198.0,Sweden,stersund,False,D,1,0,0,0,0.0,0.0,0.0,0.0,0.0,0.0,0,0,0,0,0,0,0,0,0,0,0,0,0,0.0,0,0,0,0.0,0,0,0,0,0,0,1,0,0,0,0.0,0,0,0,0,0,2,0,2,0,193,0,0,193,LAK,Pacific,Western
2025-2026,20251103,26,SJS,36849,Shakir Mukhamadullin,ROSTER,23.0,"6'4""",178.0,Russia,Ufa,True,D,4,0,3,3,1.0,0.75,0.0,0.75,8.6,10.6,0,0,0,0,0,0,0,0,0,0,0,0,0,0.0,3,6,4,0.0,4,0,2,3,10,2,0,0,0,0,0.0,2,4,0,0,0,82,56,8,18,3913,199,80,3634,SJS,Pacific,Western
2025-2026,20251103,20,CHI,5293,Connor Murphy,ROSTER,32.0,"6'4""",212.0,USA,"Dublin, OH",False,D,12,0,2,2,1.08,0.17,0.0,0.17,29.1,21.2,0,0,0,0,0,0,0,0,0,0,0,0,0,0.0,-1,26,13,0.0,14,8,5,9,23,12,2,0,0,0,0.0,4,8,4,8,0,237,105,38,93,11135,2304,146,8637,CHI,Central,Western
2025-2026,20251103,12,TOR,15478,Philippe Myers,ROSTER,28.0,"6'5""",210.0,Canada,"Moncton, NB",False,D,4,0,0,0,2.25,0.0,0.0,0.0,15.9,5.3,0,0,0,0,0,0,0,0,0,0,0,0,0,0.0,-3,17,9,0.0,8,1,7,4,7,0,0,0,0,0,0.0,1,2,0,0,0,92,55,18,19,3852,661,598,2593,TOR,Atlantic,Eastern
2025-2026,20251103,21,VAN,4659,Tyler Myers,ROSTER,35.0,"6'8""",229.0,USA,"Katy, TX",False,D,13,1,2,3,1.38,0.15,0.08,0.23,57.6,21.2,0,0,0,0,0,0,0,0,0,0,0,0,0,0.0,0,44,18,5.6,28,15,11,17,17,13,2,0,0,0,0.0,4,8,2,4,0,326,184,50,93,16510,3176,683,12684,VAN,Pacific,Western
2025-2026,20251103,3,CAR,133816,Bradly Nadeau,ROSTER,20.0,"5'10""",161.0,Canada,"St-Francois de Madaw, NB",True,LW,4,1,0,1,1.0,0.0,0.25,0.25,5.3,0.0,0,0,0,0,0,0,0,0,0,0,0,0,0,0.0,0,9,4,25.0,2,3,2,3,5,4,0,1,0,1,0.0,0,0,0,0,0,59,44,9,7,2587,326,70,2191,CAR,Metropolitan,Eastern
2025-2026,20251103,2,WPJ,5136,Vladislav Namestnikov,ROSTER,32.0,"6'0""",183.0,Russia,Zhukovskiy,False,C,12,6,1,7,1.5,0.08,0.5,0.58,15.4,0.0,2,2,0,2,0,0,0,1,0,0,0,0,0,0.0,2,31,18,33.3,5,6,7,11,11,11,3,78,31,47,39.7,0,0,2,4,0,252,100,110,48,11154,2258,1867,7029,WPG,,
2025-2026,20251103,20,CHI,56367,Frank Nazar,ROSTER,21.0,"5'10""",180.0,USA,"Mt. Clemens, MI",False,C,12,5,6,11,2.33,0.5,0.42,0.92,28.8,15.9,1,1,2,3,0,0,0,1,0,0,1,0,0,0.0,5,51,28,17.9,13,8,15,11,28,17,8,185,82,103,44.3,3,6,8,16,0,301,189,23,90,14215,1727,67,12149,CHI,Central,Western
2025-2026,20251103,22,COL,13627,Martin Necas,ROSTER,26.0,"6'2""",189.0,Czech Republic,Nove Mesto na Morave,False,C,13,9,8,17,2.15,0.62,0.69,1.31,14.0,21.2,3,2,2,4,0,0,0,0,0,0,1,0,0,0.0,9,63,28,32.1,3,16,19,14,21,29,2,8,6,2,75.0,4,8,5,10,0,306,194,82,37,16571,3893,1978,10700,COL,Central,Western
2025-2026,20251103,17,STL,29768,Jake Neighbours,ROSTER,23.0,"6'0""",195.0,Canada,"Airdrie, AB",True,LW,8,6,1,7,1.5,0.12,0.75,0.88,21.2,10.6,2,0,0,0,0,0,0,1,0,0,0,0,0,0.0,-4,23,12,50.0,5,5,6,20,8,4,0,1,1,0,100.0,2,4,0,0,0,157,115,43,5,7016,2190,569,4257,STL,Central,Western
2025-2026,20251103,22,COL,5226,Brock Nelson,ROSTER,34.0,"6'3""",212.0,USA,"Warroad, MN",False,C,13,3,1,4,1.46,0.08,0.23,0.31,22.5,21.2,1,0,1,1,0,0,0,1,0,0,0,0,0,0.0,4,38,19,15.8,10,7,12,9,20,10,4,237,117,120,49.4,4,8,3,6,0,315,145,102,71,15004,4602,1694,8708,COL,Central,Western
2025-2026,20251103,7,NJD,43355,Simon Nemec,ROSTER,21.0,"6'0""",190.0,Slovakia,Liptovsky Mikulas,True,D,13,0,7,7,1.23,0.54,0.0,0.54,41.9,10.6,0,0,0,0,0,0,0,0,0,0,0,0,0,0.0,-2,43,16,0.0,24,25,2,3,13,13,4,0,0,0,0.0,2,4,1,2,0,258,213,28,17,12962,2582,343,10037,NJD,Metropolitan,Eastern
2025-2026,20251103,29,ANA,56465,Nikita Nesterenko,ROSTER,24.0,"6'0""",157.0,USA,"Brooklyn, NY",False,C,9,0,4,4,0.78,0.44,0.0,0.44,17.6,0.0,0,0,0,0,0,0,0,0,0,0,0,0,0,0.0,3,17,7,0.0,4,4,6,17,5,2,0,13,5,8,38.5,0,0,1,2,0,163,88,37,39,7135,1248,209,5681,ANA,Pacific,Western
2025-2026,20251103,14,MTL,30019,Alex Newhook,ROSTER,24.0,"5'10""",192.0,Canada,"St. Johns, NL and Labrador",True,C,12,5,4,9,1.25,0.33,0.42,0.75,19.3,10.6,1,1,0,1,0,0,0,1,0,1,0,0,0,0.0,8,26,15,33.3,5,6,5,17,5,1,1,70,30,40,42.9,2,4,5,10,0,227,115,32,85,10887,882,345,9660,MTL,Atlantic,Eastern
2025-2026,20251103,22,COL,5247,Valeri Nichushkin,ROSTER,30.0,"6'4""",210.0,Russia,Chelyabinsk,False,RW,13,5,4,9,2.69,0.31,0.38,0.69,14.0,5.3,1,1,1,2,0,0,0,0,0,0,2,0,1,50.0,3,62,35,14.3,3,11,16,14,12,8,6,1,1,0,100.0,1,2,4,8,0,315,139,126,56,14144,3209,3396,7690,COL,Central,Western
2025-2026,20251103,2,WPJ,4868,Nino Niederreiter,ROSTER,33.0,"6'2""",218.0,Switzerland,Chur,False,RW,12,3,5,8,1.75,0.42,0.25,0.67,22.2,15.9,1,1,3,4,0,0,0,1,0,0,0,0,0,0.0,2,30,21,14.3,4,5,4,24,8,7,2,1,1,0,100.0,3,6,1,2,0,223,109,94,23,10432,2885,1561,5986,WPG,,
2025-2026,20251103,3,CAR,56336,Alexander Nikishin,ROSTER,24.0,"6'3""",196.0,Russia,Orel,False,D,11,2,4,6,1.91,0.36,0.18,0.55,48.6,21.2,0,0,0,0,0,0,0,0,0,0,0,0,0,0.0,10,49,21,9.5,16,20,8,34,17,14,3,0,0,0,0.0,4,8,2,4,0,279,200,39,42,13057,2400,736,9921,CAR,Metropolitan,Eastern
2025-2026,20251103,7,NJD,5544,Stefan Noesen,ROSTER,32.0,"6'1""",205.0,USA,"Plano, TX",False,RW,7,1,0,1,1.14,0.0,0.14,0.14,14.1,5.3,0,0,0,0,0,0,0,0,0,0,0,0,0,0.0,-3,19,8,12.5,5,6,5,9,1,2,1,6,3,3,50.0,1,2,1,2,0,115,55,34,27,4499,972,201,3326,NJD,Metropolitan,Eastern
2025-2026,20251103,15,BUF,13634,Josh Norris,INJURY_LIST,26.0,"6'1""",199.0,USA,"Oxford, MI",False,C,1,0,0,0,4.0,0.0,0.0,0.0,0.6,0.0,0,0,0,0,0,0,0,0,0,0,0,0,0,0.0,0,4,4,0.0,0,0,0,1,3,1,0,12,4,8,33.3,0,0,0,0,0,24,14,1,9,1131,161,0,970,BUF,Atlantic,Eastern
2025-2026,20251103,10,PIT,5680,Thomas Novak,ROSTER,28.0,"6'1""",179.0,USA,"St. Paul, MN",False,C,13,1,4,5,1.46,0.31,0.08,0.38,10.9,10.6,0,1,1,2,0,0,0,1,0,0,0,0,0,0.0,-1,34,19,5.3,5,6,10,4,19,6,3,29,12,17,41.4,2,4,1,2,0,207,111,51,40,9238,1736,517,6657,PIT,Metropolitan,Eastern
2025-2026,20251103,24,EDM,4993,Ryan Nugent-Hopkins,ROSTER,32.0,"6'0""",184.0,Canada,"Burnaby, BC",False,C,13,5,8,13,1.77,0.62,0.38,1.0,9.5,10.6,1,2,6,8,0,0,0,0,0,0,1,0,0,0.0,-8,44,23,21.7,3,11,10,7,6,5,2,79,32,47,40.5,2,4,1,2,0,280,130,71,79,14793,3794,1449,9273,EDM,Pacific,Western
2025-2026,20251103,24,EDM,5464,Darnell Nurse,ROSTER,30.0,"6'4""",221.0,Canada,"Hamilton, ON",False,D,13,3,4,7,2.31,0.31,0.23,0.54,72.5,15.9,1,0,0,0,0,0,0,0,0,0,0,0,0,0.0,-2,68,30,10.0,35,23,15,22,13,14,3,0,0,0,0.0,3,6,2,4,0,318,185,48,83,16259,1898,855,13219,EDM,Pacific,Western
2025-2026,20251103,12,TOR,5418,William Nylander,ROSTER,29.0,"6'0""",196.0,Canada,"Calgary, AB",False,RW,9,3,12,15,1.56,1.33,0.33,1.67,6.3,5.3,1,0,2,2,0,0,0,0,0,0,0,0,0,0.0,5,33,14,21.4,3,11,8,2,1,11,6,17,8,9,47.1,1,2,1,2,0,208,97,77,37,10485,2604,1189,6692,TOR,Atlantic,Eastern
2025-2026,20251103,143,SEA,56632,Jani Nyman,ROSTER,21.0,"6'4""",217.0,Finland,Valkeakoski,False,RW,10,3,0,3,0.9,0.0,0.3,0.3,10.4,5.3,1,1,0,1,0,0,0,0,0,0,0,0,0,0.0,2,29,9,33.3,2,8,12,11,13,2,1,2,2,0,100.0,1,2,4,8,0,147,123,12,15,6488,1150,145,5193,SEA,Pacific,Western
2025-2026,20251103,2,WPJ,5026,Gustav Nyquist,ROSTER,36.0,"5'11""",179.0,Sweden,Halmstad,False,RW,11,0,5,5,1.27,0.45,0.0,0.45,12.2,0.0,0,0,2,2,0,0,0,0,0,0,0,0,0,0.0,1,26,14,0.0,5,8,4,6,10,7,2,9,5,4,55.6,0,0,3,6,0,184,113,51,20,8131,2472,792,4867,WPG,,
2025-2026,20251103,3,CAR,56329,Joel Nyström,ROSTER,23.0,"5'11""",170.0,Sweden,Karlstad,True,D,5,0,0,0,1.4,0.0,0.0,0.0,8.0,5.3,0,0,0,0,0,0,0,0,0,0,0,0,0,0.0,-1,15,7,0.0,4,6,2,2,7,2,0,0,0,0,0.0,1,2,0,0,0,132,98,13,21,5112,463,11,4638,CAR,Metropolitan,Eastern
2025-2026,20251103,30,UTA,5452,Liam O'Brien,ROSTER,31.0,"6'1""",215.0,Canada,"Halifax, NS",False,C,6,1,0,1,1.67,0.0,0.17,0.17,13.1,20.5,0,0,0,0,0,0,0,0,0,0,0,0,0,0.0,-4,20,10,10.0,4,4,6,10,7,2,0,0,0,0,0.0,2,7,1,5,1,82,46,15,22,3399,743,417,2239,UTA,Central,Western
2025-2026,20251103,21,VAN,28409,Drew O'Connor,ROSTER,27.0,"6'3""",205.0,USA,"Wayne, New Jersey",True,LW,13,2,3,5,1.15,0.23,0.15,0.38,19.8,15.9,0,0,0,0,0,0,0,0,0,0,0,0,0,0.0,-1,31,15,13.3,8,9,7,10,16,11,2,13,7,6,53.8,3,6,4,8,0,239,153,30,58,11112,1395,569,9148,VAN,Pacific,Western
2025-2026,20251103,25,MIN,43372,Liam Ohgren,ASSIGNED_TO_MINORS,21.0,"6'1""",201.0,Sweden,Stockholm,True,LW,5,0,0,0,0.8,0.0,0.0,0.0,7.2,0.0,0,0,0,0,0,0,0,0,0,0,0,0,0,0.0,-4,8,4,0.0,2,4,0,6,6,0,0,0,0,0,0.0,0,0,0,0,0,57,39,0,18,2752,245,0,2507,MIN,Central,Western
2025-2026,20251103,143,SEA,5156,Jamie Oleksiak,ROSTER,32.0,"6'7""",255.0,Canada,"Toronto, ON",False,D,11,1,0,1,1.09,0.0,0.09,0.09,46.6,10.6,0,0,0,0,0,0,0,0,0,0,0,0,0,0.0,0,23,12,8.3,21,10,1,18,14,15,6,0,0,0,0.0,2,4,3,6,0,259,141,45,69,11432,2122,649,8428,SEA,Pacific,Western
2025-2026,20251103,19,CBJ,17349,Mathieu Olivier,ROSTER,28.0,"6'2""",210.0,USA,"Biloxi, Mississippi",False,RW,12,1,4,5,1.5,0.33,0.08,0.42,44.4,44.8,0,0,0,0,0,0,0,0,0,0,0,0,0,0.0,2,35,18,5.6,10,8,9,43,11,2,1,0,0,0,0.0,4,17,8,22,2,212,105,56,50,10568,1802,645,8058,CBJ,Metropolitan,Eastern
2025-2026,20251103,22,COL,15140,Victor Olofsson,ROSTER,30.0,"5'11""",183.0,Sweden,Ornskoldsvik,False,LW,13,3,7,10,3.08,0.54,0.23,0.77,5.3,0.0,1,1,3,4,0,0,0,0,0,0,1,0,0,0.0,-2,60,40,7.5,2,12,8,3,8,11,3,0,0,0,0.0,0,0,1,2,0,232,106,84,45,10642,2840,1293,6509,COL,Central,Western
2025-2026,20251103,18,NSH,4703,Ryan O'Reilly,ROSTER,34.0,"6'1""",216.0,Canada,"Clinton, ON",False,C,13,5,4,9,1.46,0.31,0.38,0.69,27.2,0.0,1,1,1,2,1,0,1,2,0,0,1,0,1,100.0,-4,39,19,26.3,14,6,14,6,11,8,10,223,132,91,59.2,0,0,0,0,0,300,147,89,70,15104,5039,2341,7850,NSH,Central,Western
2025-2026,20251103,26,SJS,5036,Dmitry Orlov,ROSTER,34.0,"5'11""",208.0,Russia,Novokuznetsk,False,D,13,0,10,10,1.46,0.77,0.0,0.77,43.2,37.2,0,0,4,4,0,0,0,0,0,0,0,0,0,0.0,0,36,19,0.0,17,11,6,23,16,22,4,0,0,0,0.0,7,14,1,2,0,334,173,61,100,17908,4814,870,12225,SJS,Pacific,Western
2025-2026,20251103,15,BUF,43366,Noah Ostlund,ASSIGNED_TO_MINORS,21.0,"5'10""",164.0,Sweden,Nykvarn,True,C,4,0,0,0,1.5,0.0,0.0,0.0,5.6,0.0,0,0,0,0,0,0,0,0,0,0,0,0,0,0.0,0,8,6,0.0,3,1,1,1,2,0,0,28,10,18,35.7,0,0,0,0,0,62,53,4,5,2601,297,67,2237,BUF,Atlantic,Eastern
2025-2026,20251103,9,NYR,34526,Brennan Othmann,ASSIGNED_TO_MINORS,22.0,"6'0""",175.0,Canada,"Scarborough, ON",True,LW,1,0,0,0,1.0,0.0,0.0,0.0,1.3,0.0,0,0,0,0,0,0,0,0,0,0,0,0,0,0.0,-1,2,1,0.0,0,1,0,2,1,0,0,0,0,0,0.0,0,0,0,0,0,16,11,0,5,751,0,0,751,NYR,Metropolitan,Eastern
2025-2026,20251103,5,WSH,3495,Alex Ovechkin,ROSTER,40.0,"6'3""",236.0,Russia,Moscow,False,LW,12,2,5,7,2.25,0.42,0.17,0.58,14.2,5.3,0,0,2,2,0,0,0,1,0,0,1,1,0,0.0,0,82,27,7.4,0,35,20,22,3,13,1,1,1,0,100.0,1,2,1,2,0,232,127,58,46,13020,4401,1229,7144,WSH,Metropolitan,Eastern
2025-2026,20251103,23,CGY,18227,Brayden Pachal,ROSTER,26.0,"6'0""",200.0,Canada,"Estevan, SK",False,D,7,0,1,1,0.71,0.14,0.0,0.14,14.0,31.6,0,0,0,0,0,0,0,0,0,0,0,0,0,0.0,-3,11,5,0.0,3,3,3,14,15,6,2,0,0,0,0.0,4,16,4,10,0,134,87,20,27,5319,541,388,4390,CGY,Pacific,Western
2025-2026,20251103,8,NYI,5207,Jean-Gabriel Pageau,ROSTER,32.0,"5'10""",180.0,Canada,"Ottawa, ON",False,C,12,3,4,7,1.08,0.33,0.25,0.58,30.2,0.0,1,0,0,0,1,2,3,1,0,0,0,0,0,0.0,1,26,13,23.1,10,6,7,21,11,10,7,181,112,69,61.9,0,0,1,2,0,251,111,64,79,10667,2122,722,7823,NYI,Metropolitan,Eastern
2025-2026,20251103,7,NJD,5178,Ondrej Palat,ROSTER,34.0,"5'11""",194.0,Czech Republic,Frydek-Mistek,False,LW,13,0,1,1,1.15,0.08,0.0,0.08,31.9,0.0,0,0,1,1,0,0,0,0,0,0,0,0,0,0.0,0,27,15,0.0,11,3,9,21,19,3,1,3,1,2,33.3,0,0,5,10,0,244,135,45,64,9864,2572,417,6875,NJD,Metropolitan,Eastern
2025-2026,20251103,8,NYI,4796,Kyle Palmieri,ROSTER,34.0,"5'11""",185.0,USA,"Smithtown, NY",False,C,12,4,5,9,2.92,0.42,0.33,0.75,17.7,15.9,1,0,4,4,0,0,0,0,0,0,0,0,0,0.0,-1,66,35,11.4,6,12,19,12,9,6,4,3,2,1,66.7,3,6,3,8,0,269,140,67,66,14098,4227,623,9248,NYI,Metropolitan,Eastern
2025-2026,20251103,9,NYR,5811,Artemi Panarin,ROSTER,34.0,"5'11""",170.0,Russia,Korkino,False,LW,13,2,5,7,3.0,0.38,0.15,0.54,4.6,5.3,0,0,2,2,0,0,0,1,0,0,0,0,0,0.0,-4,90,39,5.1,2,25,28,2,4,18,4,0,0,0,0.0,1,2,1,2,0,299,142,67,77,16614,2775,1029,11963,NYR,Metropolitan,Eastern
2025-2026,20251103,17,STL,5826,Colton Parayko,ROSTER,32.0,"6'6""",230.0,Canada,"St. Albert, AB",False,D,12,0,5,5,1.67,0.42,0.0,0.42,40.4,10.6,0,0,0,0,0,0,0,0,0,0,0,0,0,0.0,-4,51,20,0.0,20,16,15,11,20,16,8,0,0,0,0.0,2,4,2,4,0,349,198,78,73,16581,3089,1221,12271,STL,Central,Western
2025-2026,20251103,23,CGY,142360,Zayne Parekh,ROSTER,,,,,,False,D,10,0,1,1,1.1,0.1,0.0,0.1,10.9,0.0,0,0,1,1,0,0,0,0,0,0,0,0,0,0.0,0,34,11,0.0,5,17,6,4,18,16,3,0,0,0,0.0,0,0,4,8,0,213,176,32,5,9359,1736,105,7518,CGY,Pacific,Western
2025-2026,20251103,9,NYR,34307,Juuso Parssinen,ROSTER,24.0,"6'2""",203.0,Finland,Hmeenlinna,True,C,9,2,1,3,0.89,0.11,0.22,0.33,23.4,5.3,0,0,0,0,0,0,0,0,0,0,0,0,0,0.0,3,16,8,25.0,9,3,5,13,7,5,2,20,9,11,45.0,1,2,1,2,0,125,88,13,22,4991,492,224,4085,NYR,Metropolitan,Eastern
2025-2026,20251103,11,BOS,5437,David Pastrnak,ROSTER,29.0,"6'0""",194.0,Czech Republic,Havirov,False,RW,14,7,10,17,3.5,0.71,0.5,1.21,24.7,31.8,2,3,5,8,0,0,0,0,0,0,0,0,0,0.0,-5,110,49,14.3,4,43,18,28,16,25,6,0,0,0,0.0,6,12,6,12,0,287,155,84,55,16540,5272,1515,9753,BOS,Atlantic,Eastern
2025-2026,20251103,2,WPJ,5292,Tanner Pearson,ROSTER,33.0,"6'1""",201.0,Canada,"Kitchener, ON",False,LW,12,2,1,3,0.83,0.08,0.17,0.25,22.7,26.5,0,0,0,0,0,0,0,0,0,0,0,0,0,0.0,1,18,10,20.0,9,4,4,12,8,10,1,4,2,2,50.0,5,10,1,2,0,212,98,62,54,8236,1471,1034,5731,WPG,,
2025-2026,20251103,11,BOS,15999,Andrew Peeke,ROSTER,27.0,"6'3""",194.0,USA,"Parkland, FL",False,D,14,0,2,2,1.14,0.14,0.0,0.14,67.9,0.0,0,0,0,0,0,0,0,0,0,0,0,0,0,0.0,-3,42,16,0.0,33,13,13,20,19,13,1,0,0,0,0.0,0,0,0,0,0,345,192,54,99,16197,1746,870,13581,BOS,Atlantic,Eastern
2025-2026,20251103,8,NYI,5856,Adam Pelech,ROSTER,31.0,"6'3""",218.0,Canada,"Toronto, ON",False,D,12,0,2,2,1.25,0.17,0.0,0.17,29.9,10.6,0,0,0,0,0,0,0,0,0,0,0,0,0,0.0,4,49,15,0.0,16,17,17,5,22,8,2,0,0,0,0.0,2,4,3,6,0,315,154,61,100,13806,1776,831,11199,NYI,Metropolitan,Eastern
2025-2026,20251103,18,NSH,38801,Nicklaus Perbix,ROSTER,27.0,"6'4""",200.0,USA,"Minneapolis, MN",True,D,13,2,1,3,1.46,0.08,0.15,0.23,33.2,10.6,0,0,0,0,0,0,0,0,0,0,0,0,0,0.0,-1,43,19,10.5,18,20,4,5,16,16,3,0,0,0,0.0,2,4,0,0,0,337,192,82,65,16318,1871,1501,12946,NSH,Central,Western
2025-2026,20251103,13,OTT,4307,David Perron,ROSTER,37.0,"6'0""",200.0,Canada,"Sherbrooke, QC",False,LW,13,2,4,6,1.08,0.31,0.15,0.46,17.0,21.2,0,2,2,4,0,0,0,0,0,0,0,0,0,0.0,-7,23,14,14.3,4,4,5,16,7,5,2,1,0,1,0.0,4,8,4,8,0,273,129,73,73,11354,3137,1176,7041,OTT,Atlantic,Eastern
2025-2026,20251103,28,LAK,3626,Corey Perry,ROSTER,40.0,"6'3""",205.0,Canada,"Peterborough, ON",False,RW,7,5,2,7,2.71,0.29,0.71,1.0,4.6,5.3,1,1,0,1,0,0,0,0,0,0,2,1,0,0.0,5,26,19,26.3,2,3,4,2,7,3,0,3,2,1,66.7,1,2,1,2,0,125,67,38,25,6049,2127,359,3563,LAK,Pacific,Western
2025-2026,20251103,7,NJD,5845,Brett Pesce,ROSTER,30.0,"6'3""",206.0,USA,"Tarrytown, NY",False,D,9,0,3,3,0.89,0.33,0.0,0.33,42.6,5.3,0,0,0,0,0,0,0,0,0,0,0,0,0,0.0,3,17,8,0.0,24,5,4,4,10,4,2,0,0,0,0.0,1,2,1,2,0,193,89,44,60,10614,1679,548,8387,NJD,Metropolitan,Eastern
2025-2026,20251103,30,UTA,28525,John-Jason Peterka,ROSTER,23.0,"5'11""",192.0,Germany,Munich,True,RW,12,4,6,10,1.83,0.5,0.33,0.83,8.0,10.6,1,0,0,0,0,0,0,1,0,0,0,0,0,0.0,6,45,22,18.2,4,16,7,2,10,14,5,5,1,4,20.0,2,4,3,6,0,258,134,34,94,11744,896,359,10489,UTA,Central,Western
2025-2026,20251103,27,DAL,5213,Alex Petrovic,ROSTER,33.0,"6'4""",216.0,Canada,"Edmonton, AB",False,D,10,0,1,1,1.0,0.1,0.0,0.1,32.6,41.4,0,0,0,0,0,0,0,0,0,0,0,0,0,0.0,-5,18,10,0.0,13,8,0,17,21,11,2,0,0,0,0.0,4,19,1,5,1,153,98,15,40,8038,1442,295,6301,DAL,Central,Western
2025-2026,20251103,4,FLO,4929,Jeff Petry,ROSTER,37.0,"6'3""",209.0,USA,"Ann Arbor, MI",False,D,12,0,2,2,0.75,0.17,0.0,0.17,23.5,10.6,0,0,2,2,0,0,0,0,0,0,0,0,0,0.0,-4,26,9,0.0,11,11,6,8,18,14,0,0,0,0,0.0,2,4,0,0,0,241,123,55,63,10693,2891,650,7152,FLA,,
2025-2026,20251103,21,VAN,15084,Elias Pettersson,ROSTER,26.0,"6'2""",176.0,Sweden,Sundsvall,False,C,13,3,5,8,1.54,0.38,0.23,0.62,54.3,5.3,1,1,2,3,0,0,0,0,0,0,2,1,0,0.0,-1,50,20,15.0,26,12,18,17,14,12,6,263,119,144,45.2,1,2,4,8,0,295,159,87,52,15374,3040,2359,9975,VAN,Pacific,Western
2025-2026,20251103,21,VAN,56700,Elias Nils Pettersson,ROSTER,21.0,"6'2""",185.0,Sweden,Västerås,False,D,13,0,1,1,0.46,0.08,0.0,0.08,37.0,10.6,0,0,0,0,0,0,0,0,0,0,0,0,0,0.0,-1,25,6,0.0,16,13,6,16,21,15,4,0,0,0,0.0,2,4,5,10,0,252,201,16,35,11228,1299,142,9787,VAN,Pacific,Western
2025-2026,20251103,21,VAN,14114,Marcus Pettersson,ROSTER,29.0,"6'3""",177.0,Sweden,Skellefteå,False,D,13,0,2,2,0.69,0.15,0.0,0.15,40.8,52.3,0,0,0,0,0,0,0,0,0,0,0,0,0,0.0,1,32,9,0.0,21,11,12,9,23,13,3,0,0,0,0.0,8,19,1,5,1,306,163,38,105,16058,1921,867,13270,VAN,Pacific,Western
2025-2026,20251103,24,EDM,39040,Noah Philp,ROSTER,27.0,"6'3""",200.0,Canada,"Canmore, AB",True,C,7,2,1,3,0.86,0.14,0.29,0.43,9.4,10.6,0,0,0,0,0,0,0,0,0,0,0,0,0,0.0,-3,11,6,33.3,1,4,1,12,8,3,4,48,25,23,52.1,2,4,2,4,0,105,63,29,14,4619,794,585,3226,EDM,Pacific,Western
2025-2026,20251103,10,PIT,43371,Owen Pickering,ROSTER,21.0,"6'4""",180.0,Canada,"St. Adolphe, MB",True,D,3,0,0,0,0.33,0.0,0.0,0.0,4.0,0.0,0,0,0,0,0,0,0,0,0,0,0,0,0,0.0,-1,4,1,0.0,2,2,1,1,3,4,1,0,0,0,0.0,0,0,0,0,0,58,52,2,4,2238,311,32,1895,PIT,Metropolitan,Eastern
2025-2026,20251103,13,OTT,30027,Shane Pinto,ROSTER,24.0,"6'3""",201.0,USA,"Franklin Square, NY",True,C,13,8,4,12,2.92,0.31,0.62,0.92,21.5,26.5,2,0,0,0,0,1,1,1,0,0,1,0,1,100.0,2,78,38,21.1,9,16,24,10,18,11,5,154,93,61,60.4,5,10,4,8,0,336,152,66,127,14934,2106,689,12290,OTT,Atlantic,Eastern
2025-2026,20251103,2,WPJ,14095,Neal Pionk,ROSTER,30.0,"6'0""",186.0,USA,"Hermantown, MN",False,D,12,0,2,2,2.25,0.17,0.0,0.17,46.9,26.5,0,0,1,1,0,0,0,0,0,0,0,0,0,0.0,3,60,27,0.0,20,22,11,21,13,9,4,0,0,0,0.0,5,10,2,4,0,338,201,85,52,16981,3502,1725,11754,WPG,,
2025-2026,20251103,25,MIN,5274,Tyler Pitlick,ROSTER,34.0,"6'2""",200.0,USA,"Minneapolis, MN",False,C,7,0,0,0,0.86,0.0,0.0,0.0,22.5,5.3,0,0,0,0,0,0,0,0,0,0,0,0,0,0.0,-2,10,6,0.0,5,2,2,22,4,2,1,0,0,0,0.0,1,2,0,0,0,72,32,27,13,3552,855,215,2482,MIN,Central,Western
2025-2026,20251103,24,EDM,30369,Vasily Podkolzin,ROSTER,24.0,"6'1""",190.0,Russia,Moscow,True,RW,13,1,4,5,1.62,0.31,0.08,0.38,48.0,5.3,0,0,0,0,0,0,0,1,0,0,0,0,0,0.0,5,33,21,4.8,11,7,5,46,11,7,3,5,2,3,40.0,1,2,1,2,0,234,150,72,8,11254,2159,1437,7450,EDM,Pacific,Western
2025-2026,20251103,29,ANA,13640,Ryan Poehling,ROSTER,26.0,"6'2""",204.0,USA,"Lakeville, MN",False,C,11,1,3,4,0.73,0.27,0.09,0.36,14.2,5.3,0,0,0,0,0,0,0,0,0,0,0,0,0,0.0,-1,17,8,12.5,7,4,5,4,14,7,2,105,48,57,45.7,1,2,1,2,0,185,84,41,61,7665,1201,259,6205,ANA,Pacific,Western
2025-2026,20251103,1,TBL,10079,Brayden Point,ROSTER,29.0,"5'10""",166.0,Canada,"Calgary, AB",False,C,12,2,6,8,2.0,0.5,0.17,0.67,11.3,10.6,0,1,2,3,0,0,0,0,0,0,0,0,0,0.0,-9,44,24,8.3,6,9,11,2,11,15,1,140,61,79,43.6,2,4,4,8,0,267,127,94,48,13741,3665,2770,7306,TBL,Atlantic,Eastern
2025-2026,20251103,15,BUF,34475,Owen Power,ROSTER,22.0,"6'6""",214.0,Canada,"Mississauga, ON",True,D,11,1,4,5,1.55,0.36,0.09,0.45,19.5,5.3,0,0,0,0,0,2,2,0,0,0,0,0,0,0.0,-4,39,17,5.9,9,13,9,7,12,9,3,0,0,0,0.0,1,2,0,0,0,304,176,47,82,14210,1779,335,12096,BUF,Atlantic,Eastern
2025-2026,20251103,5,WSH,28499,Aliaksei Protas,ROSTER,24.0,"6'5""",190.0,Belarus,Vitebsk,True,C,12,5,5,10,2.33,0.42,0.42,0.83,17.2,5.3,1,0,1,1,0,0,0,1,0,0,0,0,0,0.0,4,59,28,17.9,8,14,17,6,11,12,3,8,1,7,12.5,1,2,3,6,0,283,171,76,37,13478,3069,922,9370,WSH,Metropolitan,Eastern
2025-2026,20251103,19,CBJ,5602,Ivan Provorov,ROSTER,28.0,"6'1""",201.0,Russia,Yaroslavl,False,D,12,2,3,5,2.08,0.25,0.17,0.42,35.2,10.6,0,0,0,0,0,0,0,0,0,0,0,0,0,0.0,6,49,25,8.0,18,12,12,8,11,14,6,0,0,0,0.0,2,4,2,4,0,303,150,76,75,17271,2849,1034,13123,CBJ,Metropolitan,Eastern
2025-2026,20251103,8,NYI,5815,Ryan Pulock,ROSTER,31.0,"6'2""",217.0,Canada,"Dauphin, MB",False,D,12,0,5,5,1.08,0.42,0.0,0.42,43.1,0.0,0,0,0,0,0,1,1,0,0,0,0,0,0,0.0,2,35,13,0.0,22,14,8,10,16,17,2,0,0,0,0.0,0,0,0,0,0,324,166,113,45,13970,1369,1847,10754,NYI,Metropolitan,Eastern
2025-2026,20251103,15,BUF,28524,Jack Quinn,ROSTER,24.0,"6'0""",176.0,Canada,"Ottawa, ON",True,RW,12,3,4,7,1.5,0.33,0.25,0.58,9.9,0.0,1,2,0,2,0,0,0,1,0,0,1,0,0,0.0,-4,38,18,16.7,4,8,12,5,14,10,1,0,0,0,0.0,0,0,1,2,0,248,154,40,57,10911,1229,394,9288,BUF,Atlantic,Eastern
2025-2026,20251103,1,TBL,18138,Darren Raddysh,ROSTER,29.0,"6'0""",201.0,Canada,"Caledon, ON",False,D,7,1,2,3,1.71,0.29,0.14,0.43,9.9,5.3,0,0,0,0,0,0,0,0,0,0,0,0,0,0.0,-4,31,12,8.3,4,13,6,5,12,5,1,0,0,0,0.0,1,2,0,0,0,135,72,30,34,6229,1613,509,4107,TBL,Atlantic,Eastern
2025-2026,20251103,9,NYR,15229,Taylor Raddysh,ROSTER,27.0,"6'2""",198.0,Canada,"Toronto, ON",False,RW,13,5,0,5,1.38,0.0,0.38,0.38,14.8,5.3,1,0,0,0,1,0,1,0,0,0,0,0,0,0.0,3,26,18,27.8,5,3,5,10,7,4,5,2,0,2,0.0,1,2,0,0,0,232,123,51,54,9569,2214,557,6307,NYR,Metropolitan,Eastern
2025-2026,20251103,10,PIT,5144,Rickard Rakell,INJURY_LIST,32.0,"6'0""",196.0,Sweden,Sundbyberg,False,RW,9,3,5,8,1.89,0.56,0.33,0.89,22.5,5.3,1,1,2,3,0,1,1,0,0,0,0,0,0,0.0,1,36,17,17.6,10,9,10,9,12,4,3,6,1,5,16.7,1,2,0,0,0,195,79,90,21,9580,1467,2444,5305,PIT,Metropolitan,Eastern
2025-2026,20251103,27,DAL,5605,Mikko Rantanen,ROSTER,29.0,"6'4""",215.0,Finland,Nousiainen,False,RW,12,5,9,14,2.33,0.75,0.42,1.17,18.4,37.2,1,2,7,9,0,0,0,1,0,0,2,0,1,50.0,-2,60,28,17.9,6,16,16,13,14,9,1,15,8,7,53.3,7,14,8,16,0,278,146,60,78,15543,3349,706,11612,DAL,Central,Western
2025-2026,20251103,16,DET,13624,Michael Rasmussen,ROSTER,26.0,"6'6""",221.0,Canada,"Surrey, BC",False,C,12,1,2,3,0.75,0.17,0.08,0.25,22.1,10.6,0,0,0,0,0,0,0,0,0,0,0,0,0,0.0,-4,24,9,11.1,9,5,11,11,11,3,1,89,54,35,60.7,2,4,1,2,0,208,113,44,52,8470,1396,517,6557,DET,Atlantic,Eastern
2025-2026,20251103,21,VAN,32262,Aatu Raty,ROSTER,22.0,"6'2""",185.0,Finland,Oulu,True,C,11,0,4,4,0.55,0.36,0.0,0.36,27.3,10.6,0,0,0,0,0,0,0,0,0,0,0,0,0,0.0,2,22,6,0.0,4,6,10,32,9,5,1,140,80,60,57.1,2,4,1,2,0,215,144,27,44,8429,1360,369,6700,VAN,Pacific,Western
2025-2026,20251103,16,DET,19050,Lucas Raymond,ROSTER,23.0,"5'11""",170.0,Sweden,Goteborg,True,LW,11,4,8,12,1.73,0.73,0.36,1.09,11.9,0.0,1,1,3,4,0,0,0,1,0,0,2,0,1,50.0,4,44,19,21.1,6,12,13,3,9,10,8,1,1,0,100.0,0,0,6,12,0,237,143,36,63,11529,2453,601,8650,DET,Atlantic,Eastern
2025-2026,20251103,26,SJS,4892,Ryan Reaves,ROSTER,38.0,"6'2""",225.0,Canada,"Winnipeg, MB",False,RW,10,2,0,2,0.6,0.0,0.2,0.2,25.5,30.4,0,0,0,0,0,0,0,0,0,0,0,0,0,0.0,-3,10,6,33.3,1,1,3,37,3,2,1,0,0,0,0.0,2,10,2,10,2,98,55,31,15,4026,1204,167,2658,SJS,Pacific,Western
2025-2026,20251103,24,EDM,24516,Alec Regula,ROSTER,25.0,"6'4""",203.0,USA,"West Bloomfield, MI",False,D,2,0,0,0,1.5,0.0,0.0,0.0,3.3,0.0,0,0,0,0,0,0,0,0,0,0,0,0,0,0.0,-1,5,3,0.0,2,1,1,0,8,1,0,0,0,0,0.0,0,0,0,0,0,37,21,8,8,1907,168,55,1684,EDM,Pacific,Western
2025-2026,20251103,20,CHI,30422,Lukas Reichel,ROSTER,23.0,"6'0""",170.0,Germany,Nürnberg,True,LW,5,2,2,4,1.2,0.4,0.4,0.8,5.6,5.3,0,0,0,0,0,0,0,0,0,0,0,0,0,0.0,1,10,6,33.3,3,2,2,1,1,4,1,7,2,5,28.6,1,2,0,0,0,66,38,8,22,2959,149,68,2742,CHI,Central,Western
2025-2026,20251103,20,CHI,30422,Lukas Reichel,ROSTER,23.0,"6'0""",170.0,Germany,Nürnberg,True,LW,5,2,2,4,1.2,0.4,0.4,0.8,5.6,5.3,0,0,0,0,0,0,0,0,0,0,0,0,0,0.0,1,10,6,33.3,3,2,2,1,1,4,1,7,2,5,28.6,1,2,0,0,0,66,38,8,22,2959,149,68,2742,CHI,Central,Western
2025-2026,20251103,21,VAN,30422,Lukas Reichel,ROSTER,23.0,"6'0""",170.0,Germany,Nürnberg,True,LW,5,0,0,0,1.4,0.0,0.0,0.0,4.6,0.0,0,0,0,0,0,0,0,0,0,0,0,0,0,0.0,-5,16,7,0.0,2,1,8,2,4,3,0,51,21,30,41.2,0,0,0,0,0,98,68,14,16,4783,757,232,3794,VAN,Pacific,Western
2025-2026,20251103,21,VAN,30422,Lukas Reichel,ROSTER,23.0,"6'0""",170.0,Germany,Nürnberg,True,LW,5,0,0,0,1.4,0.0,0.0,0.0,4.6,0.0,0,0,0,0,0,0,0,0,0,0,0,0,0,0.0,-5,16,7,0.0,2,1,8,2,4,3,0,51,21,30,41.2,0,0,0,0,0,98,68,14,16,4783,757,232,3794,VAN,Pacific,Western
2025-2026,20251103,3,CAR,5814,Mike Reilly,ROSTER,32.0,"6'1""",200.0,USA,"Chanhassen, MN",False,D,8,1,3,4,2.12,0.38,0.12,0.5,21.9,0.0,0,0,0,0,1,0,1,0,0,0,0,0,0,0.0,8,39,17,5.9,12,12,10,3,9,6,0,0,0,0,0.0,0,0,2,4,0,214,109,44,62,8786,1412,510,6864,CAR,Metropolitan,Eastern
2025-2026,20251103,142,VGK,30061,Cole Reinhardt,ROSTER,25.0,"6'1""",203.0,Canada,"Calgary, AB",True,LW,5,1,1,2,0.2,0.2,0.2,0.4,7.1,0.0,0,0,0,0,0,0,0,0,0,0,0,0,0,0.0,-1,7,1,100.0,0,2,4,11,1,5,0,2,1,1,50.0,0,0,1,2,0,69,44,19,7,3033,633,225,2175,VGK,Pacific,Western
2025-2026,20251103,4,FLO,5416,Sam Reinhart,ROSTER,29.0,"6'1""",194.0,Canada,"North Vancouver, BC",False,C,12,6,1,7,3.0,0.08,0.5,0.58,25.7,5.3,2,1,1,2,1,0,1,1,0,0,2,0,0,0.0,-3,87,36,16.7,10,17,34,14,17,9,2,56,18,38,32.1,1,2,1,2,0,288,121,108,65,15553,3087,2483,9983,FLA,,
2025-2026,20251103,9,NYR,34418,Matt Rempe,ROSTER,23.0,"6'8""",205.0,Canada,"Calgary, AB",True,C,9,1,0,1,0.89,0.0,0.11,0.11,22.7,20.5,0,0,0,0,0,0,0,0,0,0,0,0,0,0.0,1,16,8,12.5,2,3,5,30,7,2,1,5,2,3,40.0,2,7,2,7,1,122,83,32,2,5296,1096,359,3591,NYR,Metropolitan,Eastern
2025-2026,20251103,12,TOR,5261,Morgan Rielly,ROSTER,31.0,"6'1""",219.0,Canada,"West Vancouver, BC",False,D,11,2,5,7,2.09,0.45,0.18,0.64,21.2,5.3,0,0,0,0,0,0,0,1,0,0,0,0,0,0.0,-4,58,23,8.7,10,17,18,7,17,23,2,0,0,0,0.0,1,2,0,0,0,309,180,65,66,14203,3043,962,10198,TOR,Atlantic,Eastern
2025-2026,20251103,20,CHI,56353,Sam Rinzel,ROSTER,21.0,"6'3""",180.0,USA,"Chanhassen, MN",False,D,12,1,2,3,1.67,0.17,0.08,0.25,34.4,31.8,0,0,0,0,0,0,0,0,0,0,0,0,0,0.0,0,56,20,5.0,16,27,9,12,17,21,2,0,0,0,0.0,6,12,2,4,0,263,202,21,38,14159,2311,121,11514,CHI,Central,Western
2025-2026,20251103,8,NYI,134181,Calum Ritchie,ROSTER,20.0,"6'2""",185.0,Canada,"Oakville, ON",True,C,2,0,0,0,0.5,0.0,0.0,0.0,1.7,10.6,0,0,0,0,0,0,0,0,0,0,0,0,0,0.0,0,3,1,0.0,1,0,2,0,2,4,0,14,5,9,35.7,2,4,0,0,0,37,32,4,1,1813,162,42,1609,NYI,Metropolitan,Eastern
2025-2026,20251103,27,DAL,18026,Jason Robertson,ROSTER,26.0,"6'2""",194.0,USA,"Northville, MI",False,LW,12,3,7,10,4.25,0.58,0.25,0.83,20.2,0.0,1,2,2,4,0,0,0,0,0,0,2,0,1,50.0,1,84,51,5.9,9,16,17,8,15,15,7,1,0,1,0.0,0,0,3,6,0,268,141,58,73,14967,3033,313,11708,DAL,Central,Western
2025-2026,20251103,9,NYR,29769,Matthew Robertson,ROSTER,24.0,"6'4""",202.0,Canada,"Sherwood Park, AB",True,D,7,1,0,1,0.86,0.0,0.14,0.14,17.5,10.6,0,0,0,0,0,0,0,0,0,0,0,0,0,0.0,-2,23,6,16.7,7,10,7,9,11,7,0,0,0,0,0.0,2,4,0,0,0,156,105,21,31,7201,814,205,6182,NYR,Metropolitan,Eastern
2025-2026,20251103,12,TOR,20226,Nicholas Robertson,ROSTER,24.0,"5'9""",162.0,USA,"Pasadena, CA",True,LW,11,3,3,6,1.82,0.27,0.27,0.55,11.1,0.0,1,0,0,0,0,0,0,1,0,0,0,0,0,0.0,-2,32,20,15.0,2,5,7,12,6,6,2,1,0,1,0.0,0,0,1,2,0,183,100,58,28,8211,1783,510,5918,TOR,Atlantic,Eastern
2025-2026,20251103,3,CAR,14154,Eric Robinson,ROSTER,30.0,"6'2""",197.0,USA,"Bellmawr, New Jersey",False,LW,7,3,1,4,1.29,0.14,0.43,0.57,7.5,0.0,1,0,0,0,0,0,0,0,0,0,0,0,0,0.0,2,16,9,33.3,1,2,5,9,8,3,1,1,0,1,0.0,0,0,1,2,0,102,53,26,26,4180,384,407,3389,CAR,Metropolitan,Eastern
2025-2026,20251103,4,FLO,9075,Evan Rodrigues,ROSTER,32.0,"5'11""",184.0,Canada,"Toronto, ON",False,C,12,2,4,6,2.17,0.33,0.17,0.5,22.0,21.2,0,0,1,1,0,0,0,0,0,0,1,0,0,0.0,3,46,26,7.7,7,8,12,16,12,9,3,108,49,59,45.4,4,8,4,8,0,263,136,84,44,12120,2222,1762,8120,FLA,,
2025-2026,20251103,8,NYI,14561,Alexander Romanov,ROSTER,25.0,"6'1""",209.0,Russia,Moscow,True,D,7,0,0,0,1.14,0.0,0.0,0.0,46.6,15.9,0,0,0,0,0,0,0,0,0,0,0,0,0,0.0,-3,19,8,0.0,21,6,5,18,22,7,2,0,0,0,0.0,3,6,1,2,0,156,108,13,35,8029,1037,193,6799,NYI,Metropolitan,Eastern
2025-2026,20251103,15,BUF,34464,Isak Rosen,ROSTER,22.0,"5'11""",156.0,Sweden,Stockholm,True,RW,1,1,0,1,3.0,0.0,1.0,1.0,4.6,0.0,0,0,0,0,0,0,0,0,0,0,0,0,0,0.0,0,6,3,33.3,2,2,1,2,0,1,0,0,0,0,0.0,0,0,0,0,0,17,12,4,2,884,198,0,686,BUF,Atlantic,Eastern
2025-2026,20251103,24,EDM,5620,Jack Roslovic,ROSTER,28.0,"6'1""",187.0,USA,"Columbus, OH",False,C,11,2,3,5,2.27,0.27,0.18,0.45,9.2,0.0,0,1,0,1,0,0,0,0,0,0,0,0,0,0.0,6,41,25,8.0,4,4,12,4,6,8,4,17,7,10,41.2,0,0,3,6,0,207,103,76,24,10816,2660,1650,6231,EDM,Pacific,Western
2025-2026,20251103,25,MIN,28380,Marco Rossi,ROSTER,24.0,"5'9""",183.0,Austria,Feldkirch,True,C,12,3,9,12,1.83,0.75,0.25,1.0,17.5,5.3,1,0,5,5,0,0,0,0,0,0,1,0,1,100.0,-5,42,22,13.6,7,9,11,9,11,11,3,162,79,83,48.8,1,2,2,4,0,247,142,61,48,13215,2253,771,10431,MIN,Central,Western
2025-2026,20251103,14,MTL,38746,Joshua Roy,ASSIGNED_TO_MINORS,22.0,"6'0""",190.0,Canada,"St-Georges-de-Beauce, QC",True,RW,1,0,0,0,0.0,0.0,0.0,0.0,2.6,0.0,0,0,0,0,0,0,0,0,0,0,0,0,0,0.0,0,0,0,0.0,0,0,0,4,1,0,0,0,0,0,0.0,0,0,0,0,0,10,4,3,3,478,76,0,402,MTL,Atlantic,Eastern
2025-2026,20251103,5,WSH,5789,Matt Roy,ROSTER,30.0,"6'1""",200.0,USA,"Canton, MI",False,D,12,0,2,2,1.5,0.17,0.0,0.17,52.0,5.3,0,0,0,0,0,0,0,0,0,0,0,0,0,0.0,2,38,18,0.0,25,13,7,16,32,8,1,0,0,0,0.0,1,2,2,4,0,254,123,39,91,13970,1411,611,11903,WSH,Metropolitan,Eastern
2025-2026,20251103,12,TOR,14391,Nicolas Roy,ROSTER,28.0,"6'4""",200.0,Canada,"Amos, QC",False,C,12,1,2,3,0.92,0.17,0.08,0.25,25.7,10.6,0,0,0,0,0,0,0,0,0,0,0,0,0,0.0,-3,19,11,9.1,10,5,3,14,8,19,4,134,69,65,51.5,2,4,1,4,0,239,116,86,38,9959,1727,1578,6654,TOR,Atlantic,Eastern
2025-2026,20251103,10,PIT,5500,Bryan Rust,ROSTER,33.0,"5'11""",192.0,USA,"Pontiac, MI",False,RW,11,4,6,10,2.27,0.55,0.36,0.91,26.3,15.9,1,0,3,3,0,0,0,2,0,0,2,0,1,50.0,4,39,25,16.0,15,4,10,2,13,14,1,1,0,1,0.0,3,6,5,10,0,257,111,117,34,13355,2281,2990,8190,PIT,Metropolitan,Eastern
2025-2026,20251103,142,VGK,5014,Brandon Saad,ROSTER,33.0,"6'1""",206.0,USA,"Pittsburgh, PA",False,LW,11,0,1,1,1.18,0.09,0.0,0.09,14.6,5.3,0,0,0,0,0,0,0,0,0,0,0,0,0,0.0,0,27,13,0.0,8,11,3,2,3,8,4,5,1,4,20.0,1,2,1,2,0,193,89,47,58,8708,2717,553,5426,VGK,Pacific,Western
2025-2026,20251103,4,FLO,37976,Mackie Samoskevich,ROSTER,22.0,"5'11""",191.0,USA,"Newtown, CT",True,RW,12,2,6,8,2.42,0.5,0.17,0.67,20.2,15.9,0,2,3,5,0,0,0,0,0,0,0,0,0,0.0,1,60,29,6.9,4,18,13,21,17,6,1,0,0,0,0.0,3,6,3,6,0,240,164,61,17,10772,2634,700,7438,FLA,,
2025-2026,20251103,15,BUF,14555,Mattias Samuelsson,ROSTER,25.0,"6'4""",218.0,USA,"Voorhees, New Jersey",True,D,10,2,4,6,1.4,0.4,0.2,0.6,54.3,10.6,0,0,0,0,0,0,0,1,0,0,0,0,0,0.0,2,29,14,14.3,26,12,4,17,27,4,0,0,0,0,0.0,2,4,2,4,0,268,139,32,99,12489,722,121,11646,BUF,Atlantic,Eastern
2025-2026,20251103,13,OTT,37996,Jake Sanderson,ROSTER,23.0,"6'3""",195.0,USA,"Whitefish, MT",True,D,13,3,8,11,2.38,0.62,0.23,0.85,39.9,0.0,1,1,4,5,0,0,0,0,0,0,0,0,0,0.0,1,83,31,9.7,22,32,20,5,34,20,9,0,0,0,0.0,0,0,2,4,0,387,199,54,137,18630,2551,488,15591,OTT,Atlantic,Eastern
2025-2026,20251103,5,WSH,14552,Rasmus Sandin,ROSTER,25.0,"5'11""",183.0,Sweden,Uppsala,True,D,7,0,2,2,0.57,0.29,0.0,0.29,27.0,0.0,0,0,0,0,0,0,0,0,0,0,0,0,0,0.0,3,22,4,0.0,10,10,8,16,9,9,3,0,0,0,0.0,0,0,0,0,0,148,85,34,29,8147,1062,810,6275,WSH,Metropolitan,Eastern
2025-2026,20251103,16,DET,133971,Axel Sandin-Pellikka,ROSTER,20.0,"5'11""",181.0,Sweden,Gallivare,True,D,13,1,3,4,1.31,0.23,0.08,0.31,30.3,15.9,0,0,2,2,0,0,0,0,0,0,0,0,0,0.0,-8,52,17,5.9,17,22,13,3,23,13,2,0,0,0,0.0,3,6,1,2,0,314,225,35,55,14511,2243,142,12126,DET,Atlantic,Eastern
2025-2026,20251103,6,PHI,11718,Travis Sanheim,ROSTER,29.0,"6'3""",181.0,Canada,"Elkhorn, MB",False,D,12,1,3,4,1.08,0.25,0.08,0.33,49.8,10.6,0,0,0,0,0,0,0,0,0,0,0,0,0,0.0,0,40,13,7.7,26,11,16,10,20,19,2,0,0,0,0.0,2,4,1,2,0,375,184,40,152,18822,2145,579,16098,PHI,Metropolitan,Eastern
2025-2026,20251103,21,VAN,79679,Max Sasson,ROSTER,25.0,"6'1""",181.0,USA,"Birmingham, MI",True,C,10,3,0,3,0.9,0.0,0.3,0.3,20.9,0.0,1,0,0,0,0,0,0,0,0,0,0,0,0,0.0,1,17,9,33.3,11,3,5,4,11,4,3,47,18,29,38.3,0,0,0,0,0,146,122,17,10,6094,805,102,5187,VAN,Pacific,Western
2025-2026,20251103,24,EDM,43365,Matthew Savoie,ROSTER,21.0,"5'9""",175.0,Canada,"St. Albert, AB",True,C,13,1,1,2,1.15,0.08,0.08,0.15,15.3,0.0,0,1,1,2,0,0,0,0,0,0,1,0,0,0.0,-5,31,15,6.7,8,7,9,3,15,8,3,2,1,1,50.0,0,0,2,4,0,229,171,29,27,10219,1618,16,8455,EDM,Pacific,Western
2025-2026,20251103,8,NYI,168063,Matthew Schaefer,ROSTER,18.0,"6'2""",183.0,Canada,"Hamilton, ON",True,D,12,5,5,10,3.0,0.42,0.42,0.83,23.9,8.0,1,3,2,5,0,0,0,1,0,0,0,0,0,0.0,0,76,36,13.9,12,33,7,6,35,16,6,0,0,0,0.0,2,2,7,14,0,312,261,22,33,15792,2089,9,13694,NYI,Metropolitan,Eastern
2025-2026,20251103,2,WPJ,5003,Mark Scheifele,ROSTER,32.0,"6'3""",207.0,Canada,"Kitchener, ON",False,C,12,9,11,20,2.5,0.92,0.75,1.67,5.3,10.6,3,3,2,5,0,1,1,2,0,0,0,0,0,0.0,9,47,30,30.0,2,4,13,3,10,17,1,196,96,100,49.0,2,4,6,12,0,266,131,79,65,14251,3618,825,9808,WPG,,
2025-2026,20251103,17,STL,4712,Brayden Schenn,ROSTER,34.0,"6'1""",200.0,Canada,"Saskatoon, SK",False,C,12,2,3,5,1.17,0.25,0.17,0.42,25.4,31.1,0,0,1,1,0,0,0,0,0,0,1,1,0,0.0,-13,34,14,14.3,4,8,12,29,11,14,1,180,94,86,52.2,4,11,3,9,1,257,134,49,76,12303,3475,334,8494,STL,Central,Western
2025-2026,20251103,2,WPJ,4552,Luke Schenn,ROSTER,36.0,"6'2""",227.0,Canada,"Saskatoon, SK",False,D,10,0,0,0,0.6,0.0,0.0,0.0,35.5,35.7,0,0,0,0,0,0,0,0,0,0,0,0,0,0.0,-3,22,6,0.0,12,9,7,24,18,10,2,0,0,0,0.0,3,12,2,10,2,183,97,27,59,7900,1707,428,5765,WPG,,
2025-2026,20251103,30,UTA,10071,Nick Schmaltz,ROSTER,29.0,"6'0""",177.0,USA,"Madison, WI",False,C,12,7,10,17,3.25,0.83,0.58,1.42,14.6,10.6,2,3,3,6,0,0,0,2,0,0,0,0,0,0.0,4,62,39,17.9,8,14,9,2,12,19,4,60,20,40,33.3,2,4,3,6,0,278,135,44,106,14192,2268,401,11523,UTA,Central,Western
2025-2026,20251103,30,UTA,5269,Nate Schmidt,ROSTER,34.0,"6'0""",194.0,USA,"St. Cloud, MN",False,D,12,0,2,2,1.5,0.17,0.0,0.17,28.0,5.3,0,0,0,0,0,0,0,0,0,0,0,0,0,0.0,6,39,18,0.0,11,12,9,15,10,10,3,0,0,0,0.0,1,2,2,4,0,335,164,46,125,15032,2507,436,12089,UTA,Central,Western
2025-2026,20251103,9,NYR,29932,Braden Schneider,ROSTER,24.0,"6'2""",202.0,Canada,"Prince Albert, SK",True,D,13,1,3,4,1.23,0.23,0.08,0.31,42.7,10.6,0,0,0,0,0,0,0,0,0,0,0,0,0,0.0,-4,39,16,6.2,14,14,9,30,21,9,2,0,0,0,0.0,2,4,3,6,0,303,196,35,58,14291,1406,252,11873,NYR,Metropolitan,Eastern
2025-2026,20251103,143,SEA,5088,Jaden Schwartz,ROSTER,33.0,"5'10""",190.0,Canada,"Wilcox, SK",False,LW,11,4,6,10,1.91,0.55,0.36,0.91,28.3,15.9,1,1,1,2,0,0,0,1,0,0,0,0,0,0.0,5,43,21,19.0,10,13,9,18,13,17,9,8,5,3,62.5,3,6,0,0,0,241,112,63,62,11316,2834,468,7615,SEA,Pacific,Western
2025-2026,20251103,4,FLO,28450,Cole Schwindt,ROSTER,24.0,"6'2""",182.0,Canada,"Kitchener, ON",True,RW,3,1,0,1,1.33,0.0,0.33,0.33,5.3,0.0,0,0,0,0,0,0,0,0,0,0,0,0,0,0.0,1,8,4,25.0,2,3,1,3,4,1,0,17,4,13,23.5,0,0,0,0,0,36,29,2,6,1576,382,0,1194,FLA,,
2025-2026,20251103,13,OTT,29978,Donovan Sebrango,ROSTER,23.0,"6'1""",189.0,Canada,"Kingston, ON",True,D,2,0,0,0,0.5,0.0,0.0,0.0,0.6,15.2,0,0,0,0,0,0,0,0,0,0,0,0,0,0.0,-1,5,1,0.0,0,3,1,1,8,1,0,0,0,0,0.0,1,5,1,5,1,46,32,3,11,1827,4,0,1823,OTT,Atlantic,Eastern
2025-2026,20251103,13,OTT,29978,Donovan Sebrango,ROSTER,23.0,"6'1""",189.0,Canada,"Kingston, ON",True,D,2,0,0,0,0.5,0.0,0.0,0.0,0.6,15.2,0,0,0,0,0,0,0,0,0,0,0,0,0,0.0,-1,5,1,0.0,0,3,1,1,8,1,0,0,0,0,0.0,1,5,1,5,1,46,32,3,11,1827,4,0,1823,OTT,Atlantic,Eastern
2025-2026,20251103,4,FLO,29978,Donovan Sebrango,ROSTER,23.0,"6'1""",189.0,Canada,"Kingston, ON",True,D,1,0,0,0,2.0,0.0,0.0,0.0,2.3,0.0,0,0,0,0,0,0,0,0,0,0,0,0,0,0.0,2,4,2,0.0,1,2,0,1,2,1,0,0,0,0,0.0,0,0,0,0,0,19,16,2,1,956,28,0,928,FLA,,
2025-2026,20251103,4,FLO,29978,Donovan Sebrango,ROSTER,23.0,"6'1""",189.0,Canada,"Kingston, ON",True,D,1,0,0,0,2.0,0.0,0.0,0.0,2.3,0.0,0,0,0,0,0,0,0,0,0,0,0,0,0,0.0,2,4,2,0.0,1,2,0,1,2,1,0,0,0,0,0.0,0,0,0,0,0,19,16,2,1,956,28,0,928,FLA,,
2025-2026,20251103,6,PHI,12486,Nick Seeler,ROSTER,32.0,"6'2""",201.0,USA,"Eden Prairie, MN",False,D,12,0,2,2,1.17,0.17,0.0,0.17,52.2,10.6,0,0,0,0,0,0,0,0,0,0,0,0,0,0.0,-2,35,14,0.0,22,14,7,24,12,9,1,0,0,0,0.0,2,4,3,6,0,333,185,38,111,14493,2166,304,11987,PHI,Metropolitan,Eastern
2025-2026,20251103,27,DAL,4875,Tyler Seguin,ROSTER,33.0,"6'1""",200.0,Canada,"Brampton, ON",False,C,12,3,2,5,1.25,0.17,0.25,0.42,13.5,5.3,1,1,0,1,0,0,0,1,0,0,1,1,0,0.0,0,26,15,20.0,5,2,9,8,6,10,3,117,68,49,58.1,1,2,2,4,0,265,125,81,62,12643,3266,615,8762,DAL,Central,Western
2025-2026,20251103,16,DET,18042,Moritz Seider,ROSTER,24.0,"6'3""",208.0,Germany,Zell Mosel,True,D,13,1,5,6,2.31,0.38,0.08,0.46,52.0,26.5,0,0,5,5,0,0,0,0,0,0,0,0,0,0.0,2,71,30,3.3,20,25,16,29,14,19,7,0,0,0,0.0,5,10,2,4,0,372,227,62,84,19697,3569,870,15258,DET,Atlantic,Eastern
2025-2026,20251103,29,ANA,142129,Beckett Sennecke,ROSTER,19.0,"6'2""",177.0,Canada,"Toronto, ON",True,RW,11,4,3,7,1.91,0.27,0.36,0.64,16.1,15.9,1,1,0,1,0,0,0,0,0,0,0,0,0,0.0,-4,43,21,19.0,5,15,7,12,16,14,5,0,0,0,0.0,3,6,5,10,0,244,214,31,4,11351,2116,282,8899,ANA,Pacific,Western
2025-2026,20251103,30,UTA,9635,Mikhail Sergachev,ROSTER,27.0,"6'2""",217.0,Russia,Nizhnekamsk,False,D,12,2,7,9,1.83,0.58,0.17,0.75,38.6,26.5,0,1,4,5,0,0,0,0,0,0,0,0,0,0.0,2,47,22,9.1,22,17,8,3,11,21,3,0,0,0,0.0,5,10,2,4,0,343,166,69,110,17909,2376,920,14613,UTA,Central,Western
2025-2026,20251103,19,CBJ,5453,Damon Severson,ROSTER,31.0,"6'2""",205.0,Canada,"Brandon, MB",False,D,12,1,2,3,1.25,0.17,0.08,0.25,31.7,15.9,0,0,1,1,0,0,0,0,0,0,0,0,0,0.0,5,44,15,6.7,14,20,9,13,6,13,4,0,0,0,0.0,3,6,1,2,0,277,127,71,79,14629,2037,1206,11302,CBJ,Metropolitan,Eastern
2025-2026,20251103,8,NYI,183905,Maxim Shabanov,ROSTER,25.0,"5'9""",167.0,Russia,Chelyabinsk,True,RW,6,1,2,3,1.33,0.33,0.17,0.5,3.2,0.0,0,0,1,1,0,0,0,0,0,0,0,0,0,0.0,-3,15,8,12.5,0,3,4,5,6,5,1,0,0,0,0.0,0,0,1,2,0,96,87,4,7,4218,581,0,3637,NYI,Metropolitan,Eastern
2025-2026,20251103,23,CGY,18107,Yegor Sharangovich,ROSTER,27.0,"6'2""",195.0,Belarus,Minsk,False,C,12,2,2,4,1.5,0.17,0.17,0.33,10.3,0.0,0,1,0,1,0,0,0,0,0,0,1,1,0,0.0,-6,40,18,11.1,5,15,7,3,10,5,1,15,2,13,13.3,0,0,2,4,0,219,128,54,39,10387,2349,997,7041,CGY,Pacific,Western
2025-2026,20251103,10,PIT,5716,Ryan Shea,ROSTER,28.0,"6'1""",176.0,USA,"Milton, MA",False,D,13,2,5,7,0.85,0.38,0.15,0.54,28.6,26.2,0,0,0,0,0,0,0,0,0,0,0,0,0,0.0,6,27,11,18.2,16,8,8,3,19,15,5,0,0,0,0.0,3,14,1,2,0,307,164,70,65,16109,2203,1532,11802,PIT,Metropolitan,Eastern
2025-2026,20251103,9,NYR,5892,Conor Sheary,ROSTER,33.0,"5'8""",179.0,USA,"Winchester, MA",False,LW,13,0,4,4,1.46,0.31,0.0,0.31,15.3,5.3,0,0,1,1,0,0,0,0,0,0,0,0,0,0.0,-2,40,19,0.0,8,10,12,3,6,12,4,7,5,2,71.4,1,2,4,8,0,280,135,75,63,12331,2467,876,8493,NYR,Metropolitan,Eastern
2025-2026,20251103,21,VAN,15089,Kiefer Sherwood,ROSTER,30.0,"6'0""",194.0,USA,"Columbus, OH",False,LW,13,9,0,9,1.92,0.0,0.69,0.69,49.1,26.5,3,2,0,2,1,0,1,1,0,1,1,1,0,0.0,-5,49,25,36.0,7,6,18,58,19,14,4,12,4,8,33.3,5,10,7,14,0,296,155,61,89,13737,2158,1110,10436,VAN,Pacific,Western
2025-2026,20251103,7,NJD,15109,Jonas Siegenthaler,ROSTER,28.0,"6'3""",210.0,Switzerland,Zurich,False,D,13,0,2,2,0.46,0.15,0.0,0.15,45.4,21.2,0,0,0,0,0,1,1,0,0,0,0,0,0,0.0,-3,21,6,0.0,23,10,5,11,25,16,4,0,0,0,0.0,4,8,0,0,0,317,161,48,108,15334,1724,745,12865,NJD,Metropolitan,Eastern
2025-2026,20251103,19,CBJ,34233,Cole Sillinger,ROSTER,22.0,"6'0""",197.0,USA,"Columbus, OH, United States",True,C,12,2,4,6,1.75,0.33,0.17,0.5,9.8,21.2,0,0,0,0,0,0,0,1,0,0,0,0,0,0.0,3,38,21,9.5,2,9,8,10,15,10,5,19,7,12,36.8,4,8,0,0,0,226,149,37,40,11120,2029,257,8733,CBJ,Metropolitan,Eastern
2025-2026,20251103,30,UTA,142305,Dmitri Simashev,ROSTER,,,,,,False,D,12,0,0,0,1.25,0.0,0.0,0.0,26.3,31.6,0,0,0,0,0,0,0,0,0,0,0,0,0,0.0,-2,24,15,0.0,15,4,5,2,20,14,1,0,0,0,0.0,4,16,1,2,0,260,242,10,8,11303,1280,197,9826,UTA,Central,Western
2025-2026,20251103,142,VGK,5330,Colton Sissons,ROSTER,31.0,"6'1""",200.0,Canada,"North Vancouver, BC",False,C,9,0,1,1,0.44,0.11,0.0,0.11,15.4,36.4,0,0,0,0,0,0,0,0,0,0,0,0,0,0.0,-3,14,4,0.0,5,5,5,11,12,4,1,102,58,44,56.9,5,13,4,11,1,152,67,30,55,5992,1646,217,4129,VGK,Pacific,Western
2025-2026,20251103,26,SJS,4876,Jeff Skinner,ROSTER,33.0,"5'11""",195.0,Canada,"Toronto, ON",False,LW,12,4,2,6,2.0,0.17,0.33,0.5,7.6,5.3,1,0,1,1,0,0,0,0,0,0,0,0,0,0.0,-5,43,24,16.7,3,12,7,4,9,13,1,8,2,6,25.0,1,2,7,14,0,207,114,65,32,9624,2136,943,6545,SJS,Pacific,Western
2025-2026,20251103,18,NSH,5891,Brady Skjei,ROSTER,31.0,"6'3""",210.0,USA,"Lakeville, MN",False,D,13,0,3,3,1.31,0.23,0.0,0.23,26.1,10.6,0,0,1,1,0,0,0,0,0,0,0,0,0,0.0,-5,54,17,0.0,11,26,11,12,13,19,6,0,0,0,0.0,2,4,3,6,0,355,176,92,87,18098,2662,2007,13429,NSH,Central,Western
2025-2026,20251103,14,MTL,43333,Juraj Slafkovsky,ROSTER,21.0,"6'3""",238.0,Slovakia,Kosice,True,LW,12,6,1,7,2.25,0.08,0.5,0.58,37.2,26.5,2,4,1,5,0,0,0,0,0,0,0,0,0,0.0,4,51,27,22.2,13,12,12,24,10,6,1,9,1,8,11.1,5,10,3,6,0,252,202,47,9,13165,2928,424,9813,MTL,Atlantic,Eastern
2025-2026,20251103,20,CHI,56363,Landon Slaggert,ROSTER,23.0,"6'0""",180.0,USA,"South Bend, IN",False,LW,5,0,0,0,0.6,0.0,0.0,0.0,10.2,5.3,0,0,0,0,0,0,0,0,0,0,0,0,0,0.0,-2,9,3,0.0,3,2,4,8,5,3,1,0,0,0,0.0,1,2,1,2,0,72,41,6,24,2988,326,21,2628,CHI,Central,Western
2025-2026,20251103,3,CAR,5866,Jaccob Slavin,ROSTER,31.0,"6'3""",207.0,USA,"Erie, CO",False,D,2,0,0,0,1.0,0.0,0.0,0.0,5.0,0.0,0,0,0,0,0,0,0,0,0,0,0,0,0,0.0,-1,10,2,0.0,3,5,3,0,3,3,2,0,0,0,0.0,0,0,0,0,0,49,26,14,9,2224,496,233,1495,CAR,Metropolitan,Eastern
2025-2026,20251103,18,NSH,28393,Cole Smith,ROSTER,30.0,"6'3""",195.0,USA,"Brainerd, MN",True,RW,13,3,0,3,1.38,0.0,0.23,0.23,27.6,21.2,1,0,0,0,0,0,0,1,0,0,0,0,0,0.0,-2,34,18,16.7,3,5,11,35,19,6,3,4,0,4,0.0,4,8,0,0,0,248,125,39,87,10481,1076,196,9209,NSH,Central,Western
2025-2026,20251103,142,VGK,5092,Reilly Smith,ROSTER,34.0,"6'1""",183.0,Canada,"Toronto, ON",False,RW,11,1,1,2,1.09,0.09,0.09,0.18,7.5,0.0,0,0,0,0,0,0,0,1,0,1,0,0,0,0.0,-4,22,12,8.3,1,4,6,9,7,8,0,0,0,0,0.0,0,0,1,2,0,199,92,58,50,8809,2774,503,5532,VGK,Pacific,Western
2025-2026,20251103,26,SJS,134098,Will Smith,ROSTER,20.0,"6'0""",181.0,USA,"Boston, MA",True,C,13,4,7,11,1.92,0.54,0.31,0.85,13.9,21.2,1,0,2,2,0,0,0,1,0,1,1,1,0,0.0,4,58,25,16.0,6,19,14,6,10,15,1,11,1,10,9.1,4,8,2,4,0,271,175,15,86,14293,1730,0,12597,SJS,Pacific,Western
2025-2026,20251103,17,STL,56646,Jimmy Snuggerud,ROSTER,21.0,"6'1""",188.0,USA,"Chaska, MN",False,RW,12,4,3,7,2.33,0.25,0.33,0.58,18.5,5.3,1,2,2,4,0,0,0,2,0,0,1,0,0,0.0,-3,57,28,14.3,8,14,15,8,10,6,8,2,2,0,100.0,1,2,1,2,0,233,193,37,7,10827,1915,246,8666,STL,Central,Western
2025-2026,20251103,16,DET,30182,Elmer Soderblom,ROSTER,24.0,"6'8""",246.0,Sweden,Gteborg,True,LW,8,1,0,1,0.75,0.0,0.12,0.12,14.3,5.3,0,0,0,0,0,0,0,0,0,0,0,0,0,0.0,-4,18,6,16.7,2,5,7,17,7,5,2,1,1,0,100.0,1,2,2,4,0,118,83,30,6,5039,703,504,3832,DET,Atlantic,Eastern
2025-2026,20251103,22,COL,30036,Ilya Solovyov,ROSTER,25.0,"6'3""",208.0,Belarus,Mogilev,True,D,9,0,0,0,1.0,0.0,0.0,0.0,32.1,10.6,0,0,0,0,0,0,0,0,0,0,0,0,0,0.0,-4,28,9,0.0,15,11,8,11,21,3,2,0,0,0,0.0,2,4,1,2,0,143,96,18,29,6240,555,572,5113,COL,Central,Western
2025-2026,20251103,9,NYR,14381,Carson Soucy,ROSTER,31.0,"6'5""",210.0,Canada,"Viking, AB",True,D,9,1,1,2,0.89,0.11,0.11,0.22,19.4,5.3,0,0,0,0,0,0,0,0,0,0,0,0,0,0.0,2,13,8,12.5,7,4,1,12,13,10,2,0,0,0,0.0,1,2,0,0,0,188,93,31,52,8503,1276,467,5949,NYR,Metropolitan,Eastern
2025-2026,20251103,5,WSH,34057,Justin Sourdif,ROSTER,23.0,"5'11""",173.0,Canada,"Surrey, BC",True,RW,12,1,0,1,0.92,0.0,0.08,0.08,20.9,10.6,0,0,0,0,0,0,0,0,0,0,0,0,0,0.0,0,30,11,9.1,4,12,7,22,18,8,3,26,12,14,46.2,2,4,3,8,0,192,129,43,18,8558,1670,881,5908,WSH,Metropolitan,Eastern
2025-2026,20251103,13,OTT,28485,Jordan Spence,ROSTER,24.0,"5'10""",175.0,Australia,"Manly, Australia",True,D,5,0,5,5,2.0,1.0,0.0,1.0,9.5,0.0,0,0,0,0,0,0,0,0,0,0,0,0,0,0.0,2,22,10,0.0,3,10,2,7,15,8,0,0,0,0,0.0,0,0,0,0,0,116,62,14,40,5340,501,213,4626,OTT,Atlantic,Eastern
2025-2026,20251103,25,MIN,4918,Jared Spurgeon,ROSTER,35.0,"5'9""",167.0,Canada,"Edmonton, AB",False,D,13,1,1,2,1.23,0.08,0.08,0.15,48.5,0.0,0,1,0,1,0,0,0,0,0,0,0,0,0,0.0,-9,45,16,6.2,21,19,10,21,21,12,3,0,0,0,0.0,0,0,0,0,0,311,163,62,87,16592,3860,1194,11538,MIN,Central,Western
2025-2026,20251103,3,CAR,4029,Jordan Staal,ROSTER,37.0,"6'4""",220.0,Canada,"Thunder Bay, ON",False,C,11,3,1,4,1.0,0.09,0.27,0.36,22.3,10.6,1,0,0,0,0,0,0,0,0,0,0,0,0,0.0,6,21,11,27.3,6,5,5,19,12,9,3,220,126,94,57.3,2,4,2,4,0,250,111,70,72,10170,2492,527,7151,CAR,Metropolitan,Eastern
2025-2026,20251103,18,NSH,4457,Steven Stamkos,ROSTER,35.0,"6'1""",194.0,Canada,"Markham, ON",False,C,13,1,1,2,2.31,0.08,0.08,0.15,14.9,26.5,0,1,0,1,0,0,0,0,0,0,1,0,0,0.0,-6,60,30,3.3,7,18,12,5,9,12,3,68,36,32,52.9,5,10,2,4,0,258,134,74,51,13655,5191,923,7541,NSH,Central,Western
2025-2026,20251103,3,CAR,34846,Logan Stankoven,ROSTER,22.0,"5'8""",170.0,Canada,"Kamloops, BC",True,C,11,4,3,7,2.0,0.27,0.36,0.64,7.6,10.6,1,0,0,0,0,0,0,0,0,0,0,0,0,0.0,4,38,22,18.2,3,10,6,4,20,5,4,158,72,86,45.6,2,4,4,8,0,208,112,34,66,10496,1255,247,8994,CAR,Metropolitan,Eastern
2025-2026,20251103,2,WPJ,9644,Logan Stanley,ROSTER,27.0,"6'6""",216.0,Canada,"Kitchener, ON",False,D,12,2,4,6,0.92,0.33,0.17,0.5,48.2,56.9,0,0,0,0,0,0,0,1,0,0,0,0,0,0.0,5,37,11,18.2,20,14,12,23,21,13,5,0,0,0,0.0,7,20,3,12,2,250,158,45,49,12379,1806,982,9591,WPG,,
2025-2026,20251103,18,NSH,38802,Spencer Stastney,ROSTER,25.0,"5'10""",180.0,USA,"Woodbridge, IL",True,D,13,1,4,5,0.85,0.31,0.08,0.38,17.3,10.6,0,0,0,0,0,1,1,0,0,0,0,0,0,0.0,-2,29,11,9.1,10,9,9,1,17,10,5,0,0,0,0.0,2,4,5,10,0,280,164,28,90,12122,759,324,11040,NSH,Central,Western
2025-2026,20251103,24,EDM,10108,Troy Stecher,ROSTER,31.0,"5'10""",186.0,Canada,"Richmond, BC",False,D,6,0,0,0,0.5,0.0,0.0,0.0,6.3,21.2,0,0,0,0,0,0,0,0,0,0,0,0,0,0.0,0,9,3,0.0,3,5,1,2,16,8,2,0,0,0,0.0,4,8,0,0,0,108,70,28,10,4904,1152,357,3395,EDM,Pacific,Western
2025-2026,20251103,27,DAL,9656,Sam Steel,ROSTER,27.0,"5'11""",189.0,Canada,"Edmonton, AB",False,C,12,1,4,5,0.83,0.33,0.08,0.42,22.6,10.6,0,1,2,3,0,0,0,0,0,0,0,0,0,0.0,-2,27,10,10.0,7,5,12,17,15,4,5,45,28,17,62.2,2,4,4,8,0,280,131,68,82,12598,2132,985,9481,DAL,Central,Western
2025-2026,20251103,30,UTA,15136,Kevin Stenlund,ROSTER,29.0,"6'4""",210.0,Sweden,Stockholm,False,C,12,1,1,2,0.83,0.08,0.08,0.17,26.8,10.6,0,0,0,0,0,0,0,0,0,0,0,0,0,0.0,-1,27,10,10.0,13,7,10,8,11,9,5,221,114,107,51.6,2,4,0,0,0,264,122,60,83,11273,1117,767,9389,UTA,Central,Western
2025-2026,20251103,143,SEA,5838,Chandler Stephenson,ROSTER,31.0,"6'0""",208.0,Canada,"Saskatoon, SK",False,C,11,3,4,7,1.64,0.36,0.27,0.64,19.6,0.0,1,2,1,3,0,0,0,0,0,0,0,0,0,0.0,-2,26,18,16.7,11,5,3,2,10,13,4,242,117,125,48.3,0,0,3,6,0,294,129,103,56,13758,3257,1723,8285,SEA,Pacific,Western
2025-2026,20251103,142,VGK,5105,Mark Stone,ROSTER,33.0,"6'3""",202.0,Canada,"Winnipeg, MB",False,RW,6,2,11,13,3.17,1.83,0.33,2.17,10.3,0.0,0,1,7,8,0,1,1,0,0,0,0,0,0,0.0,2,30,19,10.5,5,5,6,3,3,6,1,1,0,1,0.0,0,0,3,6,0,125,62,36,29,6627,1789,535,4303,VGK,Pacific,Western
2025-2026,20251103,5,WSH,5598,Dylan Strome,ROSTER,28.0,"6'3""",200.0,Canada,"Mississauga, ON",False,C,10,3,8,11,2.2,0.8,0.3,1.1,10.3,5.3,1,0,4,4,0,0,0,0,0,0,1,0,0,0.0,6,36,22,13.6,5,6,8,3,1,8,3,176,102,74,58.0,1,2,1,2,0,193,82,72,39,10101,3072,1590,5247,WSH,Metropolitan,Eastern
2025-2026,20251103,14,MTL,38014,Jayden Struble,ROSTER,24.0,"6'0""",205.0,USA,"Cumberland, RI",True,D,8,0,2,2,0.75,0.25,0.0,0.25,13.8,20.5,0,0,0,0,0,0,0,0,0,0,0,0,0,0.0,2,19,6,0.0,4,7,6,11,9,9,1,0,0,0,0.0,2,7,1,5,1,143,89,13,41,7260,1061,420,5779,MTL,Atlantic,Eastern
2025-2026,20251103,13,OTT,19051,Tim Stützle,ROSTER,23.0,"6'0""",190.0,Germany,Viersen,True,C,13,6,8,14,3.08,0.62,0.46,1.08,23.7,18.7,2,2,1,3,0,0,0,0,0,0,2,0,2,100.0,4,71,40,15.0,8,23,8,16,22,18,2,115,70,45,60.9,4,6,7,14,0,326,218,75,41,15428,4231,1201,10318,OTT,Atlantic,Eastern
2025-2026,20251103,17,STL,5819,Oskar Sundqvist,ROSTER,31.0,"6'3""",209.0,Sweden,Boden,False,C,6,0,5,5,0.67,0.83,0.0,0.83,10.8,10.6,0,0,1,1,0,0,0,0,0,0,0,0,0,0.0,-1,10,4,0.0,3,2,4,9,4,2,3,60,27,33,45.0,2,4,0,0,0,114,61,33,20,5230,1079,725,3426,STL,Central,Western
2025-2026,20251103,17,STL,28325,Pius Suter,ROSTER,29.0,"5'11""",176.0,Switzerland,Wallisellen,True,C,12,4,3,7,1.67,0.25,0.33,0.58,16.5,10.6,1,1,0,1,0,0,0,0,0,0,0,0,0,0.0,1,44,20,20.0,6,11,13,10,2,5,5,124,58,66,46.8,2,4,2,4,0,262,138,59,69,11995,2216,465,9314,STL,Central,Western
2025-2026,20251103,14,MTL,13628,Nick Suzuki,ROSTER,26.0,"5'11""",208.0,Canada,"London, ON",False,C,12,2,16,18,2.25,1.33,0.17,1.5,16.6,5.3,0,2,6,8,0,0,0,0,0,0,0,0,0,0.0,9,58,27,7.4,8,8,23,5,19,6,2,214,108,106,50.5,1,2,2,4,0,270,131,32,109,14549,2195,526,11828,MTL,Atlantic,Eastern
2025-2026,20251103,18,NSH,37974,Fedor Svechkov,ROSTER,22.0,"6'0""",187.0,Russia,Togliatti,True,C,11,0,0,0,1.73,0.0,0.0,0.0,8.9,5.3,0,0,0,0,0,0,0,0,0,0,0,0,0,0.0,-4,33,19,0.0,3,10,4,6,11,7,2,69,27,42,39.1,1,2,3,6,0,182,137,24,21,8442,1242,325,6875,NSH,Central,Western
2025-2026,20251103,3,CAR,14525,Andrei Svechnikov,ROSTER,25.0,"6'2""",195.0,Russia,Barnaul,False,RW,11,2,1,3,2.27,0.09,0.18,0.27,6.2,15.9,0,1,0,1,0,0,0,0,0,0,1,1,0,0.0,-1,48,25,8.0,1,14,9,7,16,14,3,1,1,0,100.0,3,6,0,0,0,209,132,48,31,9823,2275,807,6741,CAR,Metropolitan,Eastern
2025-2026,20251103,30,UTA,9068,Brandon Tanev,ROSTER,33.0,"6'0""",180.0,Canada,"Toronto, ON",False,LW,12,0,1,1,1.08,0.08,0.0,0.08,42.6,10.6,0,0,0,0,0,0,0,0,0,0,0,0,0,0.0,-5,20,13,0.0,7,3,4,48,14,12,2,5,1,4,20.0,2,4,4,8,0,188,105,55,28,7669,872,915,5882,UTA,Central,Western
2025-2026,20251103,12,TOR,4939,Christopher Tanev,ROSTER,35.0,"6'2""",197.0,Canada,"Toronto, ON",False,D,8,0,2,2,0.75,0.25,0.0,0.25,14.6,0.0,0,0,0,0,0,0,0,0,0,0,0,0,0,0.0,5,16,6,0.0,8,8,2,2,20,3,4,0,0,0,0.0,0,0,2,4,0,211,116,36,59,8322,1526,146,6650,TOR,Atlantic,Eastern
2025-2026,20251103,25,MIN,5135,Vladimir Tarasenko,ROSTER,33.0,"6'0""",225.0,Russia,Yaroslavl,False,RW,13,2,6,8,1.69,0.46,0.15,0.62,14.8,0.0,0,1,4,5,0,0,0,0,0,0,1,1,0,0.0,-6,48,22,9.1,5,14,12,10,21,7,4,0,0,0,0.0,0,0,3,6,0,216,100,82,36,12170,3821,1122,7227,MIN,Central,Western
2025-2026,20251103,12,TOR,4680,John Tavares,ROSTER,35.0,"6'1""",215.0,Canada,"Mississauga, ON",False,C,12,6,10,16,2.92,0.83,0.5,1.33,11.7,0.0,2,1,1,2,0,0,0,1,0,1,0,0,0,0.0,1,67,35,17.1,2,15,17,13,10,7,2,196,112,84,57.1,0,0,3,6,0,241,124,67,56,12517,4531,973,7013,TOR,Atlantic,Eastern
2025-2026,20251103,20,CHI,5355,Teuvo Teravainen,ROSTER,31.0,"5'11""",191.0,Finland,Helsinki,False,C,12,2,7,9,1.25,0.58,0.17,0.75,15.2,0.0,0,0,3,3,0,0,0,0,0,0,1,0,0,0.0,5,32,15,13.3,6,8,9,8,7,19,4,10,4,6,40.0,0,0,3,6,0,295,134,56,104,13483,3510,601,9149,CHI,Central,Western
2025-2026,20251103,29,ANA,5738,Troy Terry,ROSTER,28.0,"6'0""",186.0,USA,"Denver, CO",False,RW,11,5,8,13,2.36,0.73,0.45,1.18,1.7,0.0,1,0,3,3,1,1,2,1,0,0,1,0,1,100.0,9,56,26,19.2,1,10,20,0,12,6,2,2,1,1,50.0,0,0,2,4,0,247,111,64,79,11776,2302,883,8635,ANA,Pacific,Western
2025-2026,20251103,17,STL,15997,Alexandre Texier,ROSTER,26.0,"6'1""",192.0,France,Grenoble,False,LW,7,0,1,1,1.0,0.14,0.0,0.14,6.8,0.0,0,0,0,0,0,0,0,0,0,0,0,0,0,0.0,0,13,7,0.0,1,2,4,8,4,1,0,1,1,0,100.0,0,0,1,2,0,87,51,23,13,4180,1023,248,2909,STL,Central,Western
2025-2026,20251103,142,VGK,5900,Shea Theodore,ROSTER,30.0,"6'2""",195.0,Canada,"Langley, BC",False,D,11,0,5,5,2.0,0.45,0.0,0.45,41.7,5.3,0,0,2,2,0,0,0,0,0,0,0,0,0,0.0,2,55,22,0.0,25,22,11,0,15,14,4,0,0,0,0.0,1,2,3,6,0,318,148,105,65,16091,4050,2076,9907,VGK,Pacific,Western
2025-2026,20251103,17,STL,14609,Robert Thomas,ROSTER,26.0,"6'0""",188.0,Canada,"Aurora, ON",False,C,8,1,5,6,1.0,0.62,0.12,0.75,11.9,10.6,0,1,2,3,0,0,0,0,0,0,0,0,0,0.0,-1,16,8,12.5,6,6,2,3,8,15,4,136,67,69,49.3,2,4,3,6,0,185,96,44,46,8982,1424,892,6666,STL,Central,Western
2025-2026,20251103,15,BUF,9652,Tage Thompson,ROSTER,28.0,"6'6""",215.0,USA,"Oyster Bay, NY",False,C,12,5,5,10,4.5,0.42,0.42,0.83,26.6,26.5,1,1,3,4,0,0,0,0,0,0,1,1,0,0.0,-4,114,54,9.3,9,32,28,18,11,12,8,80,42,38,52.5,5,10,2,4,0,289,137,32,125,13809,2622,111,11076,BUF,Atlantic,Eastern
2025-2026,20251103,15,BUF,15181,Conor Timmins,ROSTER,27.0,"6'2""",185.0,Canada,"Thorold, ON",False,D,12,0,4,4,1.0,0.33,0.0,0.33,47.8,21.2,0,0,0,0,0,0,0,0,0,0,0,0,0,0.0,-2,31,12,0.0,26,14,5,7,18,11,3,0,0,0,0.0,4,8,1,2,0,317,154,26,137,14500,944,196,13360,BUF,Atlantic,Eastern
2025-2026,20251103,6,PHI,13625,Owen Tippett,ROSTER,26.0,"6'0""",183.0,Canada,"Peterborough, ON",False,RW,12,5,1,6,2.67,0.08,0.42,0.5,23.2,36.9,1,1,0,1,0,0,0,0,0,0,0,0,0,0.0,-3,57,32,15.6,5,9,16,23,11,18,2,0,0,0,0.0,5,18,2,4,0,261,150,56,60,11971,2161,525,9285,PHI,Metropolitan,Eastern
2025-2026,20251103,13,OTT,14527,Brady Tkachuk,ROSTER,26.0,"6'4""",212.0,USA,"St. Louis, MO",False,LW,3,0,3,3,3.33,1.0,0.0,1.0,6.5,10.6,0,0,1,1,0,0,0,0,0,0,0,0,0,0.0,1,21,10,0.0,0,6,5,10,1,4,1,11,8,3,72.7,2,4,3,6,0,69,37,4,28,2991,393,102,2496,OTT,Atlantic,Eastern
2025-2026,20251103,22,COL,13917,Devon Toews,ROSTER,31.0,"6'1""",191.0,Canada,"Abbotsford, BC",False,D,13,0,3,3,1.23,0.23,0.0,0.23,23.6,10.6,0,0,0,0,0,0,0,0,0,0,0,0,0,0.0,9,44,16,0.0,13,18,10,3,5,15,4,0,0,0,0.0,2,4,1,2,0,368,175,114,79,18267,2519,2536,13212,COL,Central,Western
2025-2026,20251103,2,WPJ,4262,Jonathan Toews,ROSTER,37.0,"6'2""",201.0,Canada,"Winnipeg, MB",False,C,12,2,5,7,1.25,0.42,0.17,0.58,14.0,21.2,0,1,2,3,0,0,0,0,0,0,0,0,0,0.0,-5,31,15,13.3,8,6,10,1,6,6,3,173,110,63,63.6,4,8,3,6,0,255,118,72,67,11721,3535,737,7449,WPG,,
2025-2026,20251103,26,SJS,5191,Tyler Toffoli,ROSTER,33.0,"6'0""",197.0,Canada,"Scarborough, ON",False,C,13,4,3,7,2.31,0.23,0.31,0.54,22.1,0.0,1,2,0,2,0,0,0,0,0,0,1,0,0,0.0,0,66,30,13.3,9,21,15,11,3,11,2,3,1,2,33.3,0,0,0,0,0,287,131,97,63,13646,3398,1009,9239,SJS,Pacific,Western
2025-2026,20251103,143,SEA,13645,Eeli Tolvanen,ROSTER,26.0,"5'10""",191.0,Finland,Vihti,False,RW,11,0,3,3,1.0,0.27,0.0,0.27,38.1,5.3,0,0,1,1,0,0,0,0,0,0,0,0,0,0.0,-2,30,11,0.0,12,13,6,28,8,5,3,0,0,0,0.0,1,2,2,4,0,226,134,75,9,10103,2210,1507,5989,SEA,Pacific,Western
2025-2026,20251103,24,EDM,183906,David Tomasek,ROSTER,29.0,"6'2""",210.0,Czech Republic,Praha,True,RW,11,1,2,3,1.73,0.18,0.09,0.27,6.2,15.9,0,0,2,2,0,0,0,0,0,0,1,0,0,0.0,-4,30,19,5.3,1,4,7,7,6,6,2,28,14,14,50.0,3,6,1,2,0,160,134,24,3,8149,1988,44,6117,EDM,Pacific,Western
2025-2026,20251103,10,PIT,24517,Philip Tomasino,ROSTER,24.0,"6'0""",180.0,Canada,"Mississauga, ON",False,RW,5,0,0,0,1.4,0.0,0.0,0.0,16.2,0.0,0,0,0,0,0,0,0,0,0,0,0,0,0,0.0,-2,14,7,0.0,7,3,4,7,8,1,0,2,1,1,50.0,0,0,0,0,0,75,48,13,8,3833,488,288,2649,PIT,Metropolitan,Eastern
2025-2026,20251103,17,STL,18182,Alexei Toropchenko,ROSTER,26.0,"6'3""",187.0,Russia,Moscow,False,RW,5,0,0,0,1.0,0.0,0.0,0.0,9.1,0.0,0,0,0,0,0,0,0,0,0,0,0,0,0,0.0,-4,7,5,0.0,2,0,2,9,1,5,0,0,0,0,0.0,0,0,0,0,0,78,46,17,15,3108,510,226,2372,STL,Central,Western
2025-2026,20251103,25,MIN,17203,Yakov Trenin,ROSTER,28.0,"6'2""",201.0,Russia,Chelyabinsk,True,C,13,0,2,2,1.38,0.15,0.0,0.15,50.0,10.6,0,0,0,0,0,0,0,0,0,0,0,0,0,0.0,0,38,18,0.0,6,8,12,62,27,6,3,16,4,12,25.0,2,4,1,2,0,190,100,51,39,10271,1827,1659,6785,MIN,Central,Western
2025-2026,20251103,9,NYR,5342,Vincent Trocheck,ROSTER,32.0,"5'10""",183.0,USA,"Pittsburgh, PA",False,C,2,0,1,1,0.5,0.5,0.0,0.5,5.6,0.0,0,0,0,0,0,0,0,0,0,0,0,0,0,0.0,-2,3,1,0.0,3,2,0,1,2,2,1,17,10,7,58.8,0,0,0,0,0,34,16,8,3,1700,472,0,787,NYR,Metropolitan,Eastern
2025-2026,20251103,29,ANA,5232,Jacob Trouba,ROSTER,31.0,"6'3""",209.0,USA,"Rochester, MI",False,D,11,2,5,7,1.36,0.45,0.18,0.64,61.3,0.0,0,0,0,0,0,0,0,0,0,0,0,0,0,0.0,9,43,15,13.3,24,17,11,33,9,12,4,0,0,0,0.0,0,0,2,4,0,292,142,62,90,14292,2307,801,11184,ANA,Pacific,Western
2025-2026,20251103,8,NYI,142668,Maxim Tsyplakov,ROSTER,,,,,,False,RW,8,1,0,1,1.12,0.0,0.12,0.12,8.4,0.0,0,0,0,0,0,0,0,0,0,0,0,0,0,0.0,-6,17,9,11.1,0,5,3,13,5,7,0,3,0,3,0.0,0,0,1,2,0,107,90,7,11,4506,468,0,4038,NYI,Metropolitan,Eastern
2025-2026,20251103,15,BUF,11711,Alex Tuch,ROSTER,29.0,"6'4""",220.0,USA,"Syracuse, NY",False,RW,12,5,7,12,2.5,0.58,0.42,1.0,26.9,68.0,1,0,0,0,1,0,1,0,0,0,1,1,0,0.0,4,58,30,16.7,15,6,23,3,7,8,3,9,3,6,33.3,9,29,5,13,1,313,136,51,130,13801,2175,501,11125,BUF,Atlantic,Eastern
2025-2026,20251103,17,STL,20063,Tyler Tucker,ROSTER,25.0,"6'1""",205.0,Canada,"Thunder Bay, ON",False,D,12,1,3,4,0.92,0.25,0.08,0.33,28.3,56.2,0,0,0,0,0,0,0,0,0,0,0,0,0,0.0,2,26,11,9.1,10,12,3,18,16,12,0,0,0,0,0.0,5,19,4,17,3,206,129,26,52,9074,1183,494,7397,STL,Central,Western
2025-2026,20251103,28,LAK,19087,Alex Turcotte,ROSTER,24.0,"5'11""",185.0,USA,"Elk Grove, IL",False,C,13,0,3,3,0.77,0.23,0.0,0.23,8.6,14.5,0,0,0,0,0,0,0,0,0,0,0,0,0,0.0,-1,24,10,0.0,4,10,4,3,17,7,2,86,48,38,55.8,2,7,2,4,0,176,115,31,30,7279,1286,327,5666,LAK,Pacific,Western
2025-2026,20251103,9,NYR,13633,Urho Vaakanainen,ROSTER,26.0,"6'2""",196.0,Finland,Joensuu,False,D,10,0,1,1,0.8,0.1,0.0,0.1,14.2,21.2,0,0,0,0,0,0,0,0,0,0,0,0,0,0.0,1,27,8,0.0,7,12,8,4,19,6,1,0,0,0,0.0,4,8,2,4,0,187,105,18,51,8931,883,313,7066,NYR,Metropolitan,Eastern
2025-2026,20251103,16,DET,4683,James van Riemsdyk,ROSTER,36.0,"6'3""",217.0,USA,"Middletown, New Jersey",False,LW,10,1,1,2,1.1,0.1,0.1,0.2,11.7,15.9,0,0,0,0,0,0,0,0,0,0,1,0,1,100.0,-1,29,11,9.1,7,7,11,0,7,6,1,1,1,0,100.0,3,6,0,0,0,159,84,42,35,6910,2879,715,4200,DET,Atlantic,Eastern
2025-2026,20251103,5,WSH,5460,Trevor van Riemsdyk,ROSTER,34.0,"6'2""",192.0,USA,"Middletown, New Jersey",False,D,10,1,0,1,0.8,0.0,0.1,0.1,17.3,10.6,0,0,0,0,0,0,0,0,0,0,0,0,0,0.0,1,17,8,12.5,10,6,3,1,4,8,1,0,0,0,0.0,2,4,1,2,0,178,89,25,63,8697,1316,419,6863,WSH,Metropolitan,Eastern
2025-2026,20251103,29,ANA,5851,Frank Vatrano,ROSTER,31.0,"5'10""",200.0,USA,"East Longmeadow, MA",False,RW,11,1,1,2,2.09,0.09,0.09,0.18,33.3,25.8,0,0,1,1,0,0,0,1,0,0,0,0,0,0.0,-7,37,23,4.3,8,7,7,31,8,6,1,6,4,2,66.7,3,9,2,7,1,192,91,56,46,8372,1960,432,6060,ANA,Pacific,Western
2025-2026,20251103,14,MTL,18040,Joe Veleno,ROSTER,25.0,"6'1""",191.0,Canada,"Montreal, QC",False,C,7,0,0,0,0.86,0.0,0.0,0.0,13.4,31.1,0,0,0,0,0,0,0,0,0,0,0,0,0,0.0,-3,12,6,0.0,3,3,3,13,5,3,0,36,19,17,52.8,4,11,2,7,1,99,49,12,38,4699,431,36,4232,MTL,Atlantic,Eastern
2025-2026,20251103,4,FLO,17177,Carter Verhaeghe,ROSTER,30.0,"6'1""",177.0,Canada,"Waterdown, ON",False,C,12,2,4,6,2.5,0.33,0.17,0.5,9.5,5.3,0,1,1,2,0,0,0,1,0,0,0,0,0,0.0,-2,68,30,6.7,3,25,13,7,19,10,5,14,6,8,42.9,1,2,4,8,0,270,138,69,66,13103,3403,984,8716,FLA,,
2025-2026,20251103,11,BOS,18174,Jeffrey Viel,ROSTER,28.0,"6'0""",195.0,Canada,"Rimouski, QC",False,LW,3,0,0,0,1.33,0.0,0.0,0.0,10.7,20.5,0,0,0,0,0,0,0,0,0,0,0,0,0,0.0,0,10,4,0.0,1,3,3,14,2,2,1,1,0,1,0.0,2,7,3,9,1,54,28,12,14,2200,226,302,1672,BOS,Atlantic,Eastern
2025-2026,20251103,2,WPJ,18069,Gabriel Vilardi,ROSTER,26.0,"6'2""",185.0,Canada,"Kingston, ON",False,C,12,5,8,13,2.42,0.67,0.42,1.08,9.2,5.3,1,1,3,4,0,0,0,1,0,0,0,0,0,0.0,4,51,29,17.2,4,9,13,4,12,9,1,14,8,6,57.1,1,2,2,4,0,243,140,97,11,13303,3219,2867,7217,WPG,,
2025-2026,20251103,20,CHI,38015,Alex Vlasic,ROSTER,24.0,"6'6""",200.0,USA,"Wilmette, IL",True,D,11,1,3,4,0.91,0.27,0.09,0.36,38.8,0.0,0,0,0,0,0,0,0,0,0,0,0,0,0,0.0,-2,19,10,10.0,19,5,4,11,22,9,5,0,0,0,0.0,0,0,0,0,0,281,126,22,127,14322,848,276,12875,CHI,Central,Western
2025-2026,20251103,19,CBJ,56385,Dmitri Voronkov,ROSTER,25.0,"6'3""",183.0,Russia,,False,LW,12,5,5,10,2.08,0.42,0.42,0.83,21.0,42.5,1,1,0,1,0,0,0,0,0,0,0,0,0,0.0,9,42,25,20.0,1,2,15,30,2,9,3,6,1,5,16.7,8,16,1,2,0,238,142,76,25,11165,2999,786,7380,CBJ,Metropolitan,Eastern
2025-2026,20251103,17,STL,13691,Nathan Walker,ROSTER,31.0,"5'9""",186.0,United Kingdom,Cardiff,False,LW,12,1,3,4,1.33,0.25,0.08,0.33,38.8,15.9,0,0,0,0,0,0,0,0,0,0,0,0,0,0.0,-3,24,16,6.2,7,2,6,42,11,3,1,25,14,11,56.0,3,6,3,6,0,202,104,47,52,9040,1867,747,6426,STL,Central,Western
2025-2026,20251103,3,CAR,15368,Sean Walker,ROSTER,30.0,"5'11""",196.0,Canada,"Keswick, ON",False,D,11,1,0,1,2.27,0.0,0.09,0.09,48.4,21.2,0,0,0,0,0,0,0,0,0,0,0,0,0,0.0,-5,66,25,4.0,19,28,13,26,25,10,2,0,0,0,0.0,4,8,3,6,0,320,169,48,104,15677,1504,385,13788,CAR,Metropolitan,Eastern
2025-2026,20251103,24,EDM,13672,Jake Walman,ROSTER,29.0,"6'1""",170.0,Canada,"Toronto, ON",False,D,7,1,6,7,1.0,0.86,0.14,1.0,30.3,0.0,0,1,0,1,0,0,0,1,0,1,0,0,0,0.0,4,23,7,14.3,17,13,3,3,2,10,2,0,0,0,0.0,0,0,0,0,0,166,80,45,38,8542,1027,698,6559,EDM,Pacific,Western
2025-2026,20251103,8,NYI,56461,Marshall Warren,ASSIGNED_TO_MINORS,24.0,"5'11""",170.0,USA,"Laurel Hollow, NY",False,D,2,0,2,2,0.0,1.0,0.0,1.0,1.3,5.3,0,0,0,0,0,0,0,0,0,0,0,0,0,0.0,1,1,0,0.0,0,1,0,2,5,2,1,0,0,0,0.0,1,2,1,2,0,36,22,3,11,1456,150,33,1273,NYI,Metropolitan,Eastern
2025-2026,20251103,23,CGY,12274,MacKenzie Weegar,ROSTER,31.0,"6'0""",200.0,Canada,"Nepean, ON",False,D,14,0,4,4,1.5,0.29,0.0,0.29,63.6,42.2,0,0,2,2,0,0,0,0,0,0,0,0,0,0.0,-12,67,21,0.0,25,31,15,34,38,24,5,0,0,0,0.0,6,20,2,4,0,475,203,111,161,20589,3737,1486,15366,CGY,Pacific,Western
2025-2026,20251103,26,SJS,5449,Alexander Wennberg,ROSTER,31.0,"6'2""",197.0,Sweden,Stockholm,False,C,13,3,5,8,1.0,0.38,0.23,0.62,28.6,0.0,1,1,2,3,0,0,0,1,0,0,0,0,0,0.0,-4,24,13,23.1,16,9,2,3,8,14,6,200,94,106,47.0,0,0,5,10,0,329,168,92,72,16178,3032,1318,11828,SJS,Pacific,Western
2025-2026,20251103,19,CBJ,5603,Zach Werenski,ROSTER,28.0,"6'2""",212.0,USA,"Grosse Pointe, MI",False,D,12,4,6,10,3.5,0.5,0.33,0.83,34.5,0.0,1,1,2,3,0,0,0,0,0,0,0,0,0,0.0,10,101,42,9.5,18,38,21,7,13,30,6,0,0,0,0.0,0,0,1,2,0,318,164,52,104,18732,4495,482,13694,CBJ,Metropolitan,Eastern
2025-2026,20251103,142,VGK,14133,Zach Whitecloud,ROSTER,28.0,"6'2""",209.0,Canada,"Brandon, MB",False,D,11,0,1,1,0.64,0.09,0.0,0.09,36.5,10.6,0,0,0,0,0,0,0,0,0,0,0,0,0,0.0,2,29,7,0.0,13,18,4,23,26,11,1,0,0,0,0.0,2,4,3,6,0,251,165,55,31,11438,3070,958,7410,VGK,Pacific,Western
2025-2026,20251103,18,NSH,28517,Ozzy Wiesblatt,ROSTER,23.0,"5'10""",183.0,Canada,"Calgary, AB",True,C,10,0,2,2,1.0,0.2,0.0,0.2,23.2,25.8,0,0,0,0,0,0,0,0,0,0,1,0,1,100.0,-3,22,10,0.0,5,9,3,23,17,6,0,3,0,3,0.0,3,9,2,7,1,159,105,35,20,6778,1227,375,5559,NSH,Central,Western
2025-2026,20251103,21,VAN,166972,Tom Willander,ROSTER,20.0,"6'1""",179.0,Sweden,Stockholm,True,D,3,0,0,0,1.33,0.0,0.0,0.0,2.3,0.0,0,0,0,0,0,0,0,0,0,0,0,0,0,0.0,0,10,4,0.0,1,5,1,1,6,0,1,0,0,0,0.0,0,0,0,0,0,65,54,5,6,2877,242,45,2590,VAN,Pacific,Western
2025-2026,20251103,18,NSH,53068,Adam Wilsby,ROSTER,25.0,"6'0""",183.0,Sweden,Stockholm,True,D,11,0,2,2,1.0,0.18,0.0,0.18,14.2,26.5,0,0,0,0,0,0,0,0,0,0,0,0,0,0.0,0,32,11,0.0,7,18,3,4,17,11,3,0,0,0,0.0,5,10,0,0,0,258,189,34,35,11752,2641,518,8593,NSH,Central,Western
2025-2026,20251103,5,WSH,5225,Tom Wilson,ROSTER,31.0,"6'4""",220.0,Canada,"Toronto, ON",False,RW,12,6,7,13,2.0,0.58,0.5,1.08,31.6,62.7,2,3,1,4,0,0,0,0,0,0,0,0,0,0.0,4,48,24,25.0,5,10,14,36,13,11,3,5,1,4,20.0,8,27,4,11,1,275,141,78,58,14098,3917,1391,8583,WSH,Metropolitan,Eastern
2025-2026,20251103,143,SEA,56633,Ryan Winterton,ROSTER,22.0,"6'2""",175.0,Canada,"Whitby, ON",False,C,11,0,1,1,0.82,0.09,0.0,0.09,14.4,10.6,0,0,0,0,0,0,0,0,0,0,0,0,0,0.0,0,19,9,0.0,4,3,7,12,15,2,2,0,0,0,0.0,2,4,4,8,0,200,132,26,37,8349,883,370,6843,SEA,Pacific,Western
2025-2026,20251103,18,NSH,142645,Matthew Wood,ROSTER,,,,,,False,RW,6,2,2,4,2.33,0.33,0.33,0.67,8.9,0.0,0,0,1,1,0,0,0,0,0,0,1,0,0,0.0,2,20,14,14.3,3,4,2,6,5,2,1,3,2,1,66.7,0,0,1,2,0,92,83,11,0,4399,881,67,3451,NSH,Central,Western
2025-2026,20251103,19,CBJ,9079,Miles Wood,ROSTER,30.0,"6'2""",195.0,USA,"Buffalo, NY",False,LW,7,4,0,4,1.71,0.0,0.57,0.57,6.8,5.3,1,0,0,0,0,0,0,1,0,1,0,0,0,0.0,4,20,12,33.3,1,5,3,8,10,7,0,3,1,2,33.3,1,2,2,6,0,102,56,21,28,4583,945,324,3314,CBJ,Metropolitan,Eastern
2025-2026,20251103,10,PIT,5707,Parker Wotherspoon,ROSTER,28.0,"6'0""",172.0,Canada,"Surrey, BC",False,D,13,1,4,5,1.0,0.31,0.08,0.38,47.3,42.2,0,0,0,0,0,1,1,0,0,0,0,0,0,0.0,7,30,13,7.7,21,13,4,19,20,18,6,0,0,0,0.0,6,20,1,2,0,314,172,70,62,16822,2442,1140,12642,PIT,Metropolitan,Eastern
2025-2026,20251103,143,SEA,43332,Shane Wright,ROSTER,21.0,"6'1""",199.0,Canada,"Burlington, ON",True,C,11,3,3,6,1.55,0.27,0.27,0.55,15.2,5.3,1,1,1,2,0,0,0,0,0,0,0,0,0,0.0,2,28,17,17.6,6,5,6,8,19,12,0,111,41,70,36.9,1,2,2,4,0,219,169,40,7,9897,1758,327,7518,SEA,Pacific,Western
2025-2026,20251103,14,MTL,34148,Arber Xhekaj,ROSTER,24.0,"6'4""",238.0,Canada,"Hamilton, ON",True,D,11,0,1,1,0.73,0.09,0.0,0.09,22.4,41.7,0,0,0,0,0,0,0,0,0,0,0,0,0,0.0,-2,20,8,0.0,8,10,2,14,13,4,0,0,0,0,0.0,6,15,2,7,1,162,126,13,23,7244,1081,215,5948,MTL,Atlantic,Eastern
2025-2026,20251103,30,UTA,13637,Kailer Yamamoto,ROSTER,27.0,"5'8""",153.0,USA,"Spokane, WA",False,RW,6,1,1,2,1.0,0.17,0.17,0.33,1.9,10.6,0,0,0,0,0,0,0,0,0,0,0,0,0,0.0,2,9,6,16.7,0,1,2,3,5,5,0,7,2,5,28.6,2,4,4,8,0,97,55,32,11,4303,779,493,3031,UTA,Central,Western
2025-2026,20251103,6,PHI,30026,Cameron York,ROSTER,24.0,"5'11""",172.0,USA,"Anaheim Hills, CA",True,D,9,0,5,5,0.33,0.56,0.0,0.56,33.3,10.6,0,0,3,3,0,0,0,0,0,0,0,0,0,0.0,1,21,3,0.0,20,11,7,0,13,10,4,0,0,0,0.0,2,4,0,0,0,270,166,26,78,13406,1757,370,11279,PHI,Metropolitan,Eastern
2025-2026,20251103,25,MIN,56469,Danila Yurov,ROSTER,21.0,"6'1""",178.0,Russia,Chelyabinsk,False,RW,10,1,0,1,0.7,0.0,0.1,0.1,13.5,0.0,0,0,0,0,0,0,0,1,0,0,0,0,0,0.0,-6,16,7,14.3,5,5,4,8,12,6,2,52,20,32,38.5,0,0,1,2,0,116,92,10,15,5824,654,52,5118,MIN,Central,Western
2025-2026,20251103,11,BOS,5601,Pavel Zacha,ROSTER,28.0,"6'3""",210.0,Czech Republic,Brno,False,C,14,2,10,12,1.36,0.71,0.14,0.86,19.0,29.1,0,0,6,6,0,0,0,0,0,0,0,0,0,0.0,2,32,19,10.5,6,3,10,14,7,13,4,121,70,51,57.9,5,12,0,0,0,301,129,104,70,14874,3405,1565,9904,BOS,Atlantic,Eastern
2025-2026,20251103,11,BOS,5270,Nikita Zadorov,ROSTER,30.0,"6'6""",235.0,Russia,Moscow,False,D,14,1,3,4,0.71,0.21,0.07,0.29,70.5,42.5,0,0,0,0,0,0,0,0,0,0,0,0,0,0.0,3,32,10,10.0,21,17,5,55,18,20,7,0,0,0,0.0,8,16,5,10,0,374,179,64,132,18064,2938,1191,13935,BOS,Atlantic,Eastern
2025-2026,20251103,6,PHI,21853,Egor Zamula,ROSTER,25.0,"6'3""",170.0,Russia,Chelyabinsk,True,D,8,0,1,1,0.62,0.12,0.0,0.12,17.3,5.3,0,0,0,0,0,0,0,0,0,0,0,0,0,0.0,0,11,5,0.0,10,6,0,1,12,5,1,0,0,0,0.0,1,2,0,0,0,149,90,15,44,6441,1157,126,5158,PHI,Metropolitan,Eastern
2025-2026,20251103,23,CGY,28538,Connor Zary,ROSTER,24.0,"6'0""",178.0,Canada,"Saskatoon, SK",True,C,12,1,1,2,1.33,0.08,0.08,0.17,10.8,21.2,0,1,0,1,0,0,0,0,0,0,1,0,0,0.0,-4,31,16,6.2,3,6,9,9,7,4,1,62,26,36,41.9,4,8,6,12,0,212,125,47,41,9644,1387,437,7820,CGY,Pacific,Western
2025-2026,20251103,6,PHI,25981,Trevor Zegras,ROSTER,24.0,"6'1""",185.0,USA,"Bedford, NY",True,C,12,4,9,13,1.92,0.75,0.33,1.08,10.5,36.9,1,2,3,5,0,0,0,0,0,0,1,0,1,100.0,2,57,23,17.4,4,17,17,6,10,12,2,67,26,41,38.8,5,18,2,4,0,256,170,36,55,12788,1956,469,10376,PHI,Metropolitan,Eastern
2025-2026,20251103,29,ANA,32258,Olen Zellweger,ROSTER,22.0,"5'10""",175.0,Canada,"Calgary, AB",True,D,11,0,2,2,2.09,0.18,0.0,0.18,23.2,21.2,0,0,1,1,0,0,0,0,0,0,0,0,0,0.0,5,58,23,0.0,12,21,14,5,27,8,2,0,0,0,0.0,4,8,3,6,0,255,183,28,45,12505,2030,268,10208,ANA,Pacific,Western
2025-2026,20251103,13,OTT,18106,Fabian Zetterlund,ROSTER,26.0,"5'11""",196.0,Sweden,Karlstad,False,LW,13,1,2,3,1.62,0.15,0.08,0.23,23.2,15.9,0,1,0,1,0,0,0,0,0,0,0,0,0,0.0,-3,40,21,4.8,5,7,12,23,16,4,2,4,1,3,25.0,3,6,4,8,0,240,117,49,75,10627,1636,617,8374,OTT,Atlantic,Eastern
2025-2026,20251103,9,NYR,5000,Mika Zibanejad,ROSTER,32.0,"6'2""",208.0,Sweden,Stockholm,False,C,13,4,2,6,3.15,0.15,0.31,0.46,26.9,10.6,1,2,0,2,1,0,1,1,0,0,0,0,0,0.0,-8,70,41,9.8,8,13,20,21,3,19,5,186,101,85,54.3,2,4,2,4,0,329,165,70,82,16608,3884,1099,10827,NYR,Metropolitan,Eastern
2025-2026,20251103,13,OTT,28480,Artem Zub,ROSTER,30.0,"6'2""",202.0,Russia,Khabarovsk,True,D,13,2,7,9,1.54,0.54,0.15,0.69,40.6,15.9,0,0,0,0,0,0,0,0,0,0,0,0,0,0.0,4,43,20,10.0,17,12,11,19,15,12,2,0,0,0,0.0,3,6,0,0,0,345,271,48,28,14920,2442,733,11745,OTT,Atlantic,Eastern
2025-2026,20251103,15,BUF,5093,Jason Zucker,ROSTER,33.0,"5'11""",192.0,USA,"Newport Beach, CA",False,LW,12,4,3,7,2.25,0.25,0.33,0.58,11.3,10.6,1,2,2,4,0,0,0,1,0,0,0,0,0,0.0,-7,43,27,14.8,1,7,9,15,8,10,2,30,11,19,36.7,2,4,3,6,0,222,121,52,53,10606,3658,626,6322,BUF,Atlantic,Eastern
