SEASON_ID,SNAPSHOT_DATE,TEAM_ID,TEAM_ABBR,PLAYER_ID,NAME,STATUS,AGE,HEIGHT,WEIGHT,BIRTH_COUNTRY,BIRTH_CITY,ROOKIE,POSITION,GAMES_PLAYED,GOALS,ASSISTS,POINTS,SOGPG,APG,GPG,PGP,DEF_WALL,PHYSICAL,HAT_TRICKS,PP_GOALS,PP_ASSISTS,PP_POINTS,SH_GOALS,SH_ASSISTS,SH_POINTS,GW_GOALS,GT_GOALS,OT_GOALS,SO_ATTEMPTS,SO_MISSES,SO_GOALS,SO_GOAL_PCT,PLUS_MINUS,SHOT_ATTEMPTS,SHOTS_ON_GOAL,SHOT_PCT,BLOCKED_SHOTS,BLOCKED_SHOTS_AGAINST,MISSED_SHOTS,HITS,HITS_RECEIVED,GIVEAWAYS,TAKEAWAYS,FACEOFFS,FACEOFF_WINS,FACEOFF_LOSSES,FACEOFF_PCT,PENALTIES,PIM,PENALTIES_DRAWN,PENALTY_MIN_DRAWN,FIGHTS,SHIFTS,EVEN_STR_SHIFTS,PP_SHIFTS,SH_SHIFTS,TIME_ON_ICE,EVENT_TOI,PP_TOI,SH_TOI,TEAM_ABBR_CANON,division,conference
2025-2026,20251119,6,PHI,18056,Rodrigo Abols,ROSTER,29.0,"6'4""",206.0,Latvia,Riga,False,C,13,0,0,0,0.92,0.0,0.0,0.0,9.9,10.9,0,0,0,0,0,0,0,0,0,0,0,0,0,0.0,-4,27,12,0.0,5,7,8,12,9,4,3,69,40,29,58.0,1,5,2,7,1,168,106,35,27,7253,1111,500,5642,PHI,Metropolitan,Eastern
2025-2026,20251119,10,PIT,5927,Noel Acciari,ROSTER,33.0,"5'10""",203.0,USA,"Johnston, RI",False,C,13,0,3,3,0.85,0.23,0.0,0.23,17.3,13.6,0,0,0,0,0,0,0,0,0,0,0,0,0,0.0,3,18,11,0.0,10,4,4,18,20,1,2,87,53,34,60.9,2,12,0,0,0,241,114,45,75,10088,1686,479,7651,PIT,Metropolitan,Eastern
2025-2026,20251119,30,UTA,5234,Andrew Agozzino,ASSIGNED_TO_MINORS,34.0,"5'10""",187.0,Canada,"Kleinburg, ON",False,LW,2,0,0,0,0.0,0.0,0.0,0.0,2.7,0.0,0,0,0,0,0,0,0,0,0,0,0,0,0,0.0,0,1,0,0.0,1,0,1,4,1,1,1,7,3,4,42.9,0,0,1,2,0,20,12,4,4,736,91,0,645,UTA,Central,Western
2025-2026,20251119,22,COL,28441,Jack Ahcan,ASSIGNED_TO_MINORS,28.0,"5'8""",185.0,USA,"Savage, MN",True,D,6,0,1,1,0.33,0.17,0.0,0.17,6.0,0.0,0,0,0,0,0,0,0,0,0,0,0,0,0,0.0,4,8,2,0.0,4,4,2,5,8,2,0,0,0,0,0.0,0,0,0,0,0,92,63,13,16,4088,487,254,3347,COL,Central,Western
2025-2026,20251119,3,CAR,5630,Sebastian Aho,ROSTER,28.0,"6'0""",176.0,Finland,Rauma,False,C,19,7,11,18,2.63,0.58,0.37,0.95,15.3,6.6,2,1,3,4,0,0,0,1,0,1,0,0,0,0.0,6,98,50,14.0,7,17,31,20,12,26,10,308,146,162,47.4,2,4,5,10,0,435,192,79,171,23015,4636,1609,16770,CAR,Metropolitan,Eastern
2025-2026,20251119,13,OTT,12009,Michael Amadio,ROSTER,29.0,"6'1""",204.0,Canada,"Sault Ste. Marie, ON",False,RW,19,6,3,9,1.11,0.16,0.32,0.47,26.2,3.3,2,0,0,0,0,0,0,0,0,0,0,0,0,0.0,1,43,21,28.6,14,8,14,30,23,16,11,5,3,2,60.0,1,2,3,6,0,407,200,98,115,16978,3018,1306,12654,OTT,Atlantic,Eastern
2025-2026,20251119,21,VAN,39762,Nils Aman,ASSIGNED_TO_MINORS,25.0,"6'2""",179.0,Sweden,Avesta,True,C,2,0,0,0,0.5,0.0,0.0,0.0,1.8,0.0,0,0,0,0,0,0,0,0,0,0,0,0,0,0.0,0,3,1,0.0,1,2,0,2,1,1,0,2,1,1,50.0,0,0,0,0,0,23,19,1,3,1039,48,31,960,VAN,Pacific,Western
2025-2026,20251119,14,MTL,5513,Josh Anderson,ROSTER,31.0,"6'3""",227.0,Canada,"Burlington, ON",False,RW,19,3,3,6,1.05,0.16,0.16,0.32,23.9,16.6,1,0,0,0,0,1,1,0,0,0,0,0,0,0.0,-10,38,20,15.0,12,7,11,29,9,8,1,10,8,2,80.0,5,10,7,14,0,356,170,95,94,16972,2812,1632,12528,MTL,Atlantic,Eastern
2025-2026,20251119,28,LAK,18073,Michael Anderson,ROSTER,26.0,"5'11""",194.0,USA,"Roseville, MN",False,D,20,1,4,5,0.5,0.2,0.05,0.25,39.4,3.3,0,0,0,0,0,0,0,0,0,0,0,0,0,0.0,7,38,10,10.0,31,20,8,23,34,15,3,0,0,0,0.0,1,2,5,10,0,470,269,96,106,23494,3299,1549,18646,LAK,Pacific,Western
2025-2026,20251119,23,CGY,5647,Rasmus Andersson,ROSTER,29.0,"6'1""",214.0,Sweden,Malmö,False,D,21,4,5,9,2.33,0.24,0.19,0.43,39.4,29.9,1,1,2,3,0,0,0,0,0,0,2,0,0,0.0,-2,112,49,8.2,36,36,27,12,36,34,3,0,0,0,0.0,9,18,8,16,0,713,313,147,257,30598,4460,1918,24220,CGY,Pacific,Western
2025-2026,20251119,6,PHI,38011,Emil Andrae,ROSTER,23.0,"5'8""",181.0,Sweden,Västervik,True,D,8,0,2,2,0.88,0.25,0.0,0.25,4.9,3.3,0,0,0,0,0,0,0,0,0,0,0,0,0,0.0,3,14,7,0.0,2,6,1,7,20,6,2,0,0,0,0.0,1,2,0,0,0,151,120,14,17,6670,565,189,5964,PHI,Metropolitan,Eastern
2025-2026,20251119,16,DET,5763,Mason Appleton,ROSTER,29.0,"6'2""",193.0,USA,"Green Bay, WI",False,C,20,3,5,8,1.05,0.25,0.15,0.4,19.9,23.9,1,0,0,0,0,0,0,1,0,0,0,0,0,0.0,-2,35,21,14.3,11,6,8,22,18,14,0,5,2,3,40.0,3,22,3,6,0,385,204,55,129,16759,2539,707,13513,DET,Atlantic,Eastern
2025-2026,20251119,28,LAK,5505,Joel Armia,ROSTER,32.0,"6'4""",218.0,Finland,Pori,False,RW,20,3,5,8,1.05,0.25,0.15,0.4,16.7,16.6,1,0,0,0,0,0,0,0,0,0,1,0,0,0.0,3,51,21,14.3,9,15,15,19,17,15,6,6,3,3,50.0,5,10,2,4,0,370,161,111,101,16739,3047,2032,11660,LAK,Pacific,Western
2025-2026,20251119,11,BOS,5538,Viktor Arvidsson,ROSTER,32.0,"5'9""",180.0,Sweden,Skellefteå,False,LW,20,6,4,10,2.6,0.2,0.3,0.5,13.9,10.0,2,1,1,2,0,0,0,2,0,0,0,0,0,0.0,1,101,52,11.5,11,25,24,8,32,17,5,9,6,3,66.7,3,6,7,14,0,358,182,94,89,17451,3707,857,12887,BOS,Atlantic,Eastern
2025-2026,20251119,11,BOS,15191,Jonathan Aspirot,ROSTER,26.0,"6'0""",209.0,Canada,"Mascouche, QC",False,D,8,0,0,0,0.62,0.0,0.0,0.0,17.8,0.0,0,0,0,0,0,0,0,0,0,0,0,0,0,0.0,1,12,5,0.0,11,5,2,17,19,12,0,0,0,0,0.0,0,0,0,0,0,159,106,29,24,6881,967,433,5481,BOS,Atlantic,Eastern
2025-2026,20251119,19,CBJ,12287,Zach Aston-Reese,ROSTER,31.0,"6'0""",204.0,USA,"Staten Island, NY",False,LW,13,0,3,3,0.85,0.23,0.0,0.23,19.4,6.6,0,0,0,0,0,0,0,0,0,0,0,0,0,0.0,0,18,11,0.0,5,0,7,34,10,6,1,14,2,12,14.3,2,4,3,6,0,194,106,33,52,8063,1286,428,6214,CBJ,Metropolitan,Eastern
2025-2026,20251119,27,DAL,34436,Oskar Back,ROSTER,25.0,"6'3""",200.0,Sweden,Karlstad,True,C,10,1,1,2,0.5,0.1,0.1,0.2,6.9,0.0,0,0,0,0,0,0,0,0,0,0,0,0,0,0.0,1,10,5,20.0,5,3,2,5,18,7,2,9,6,3,66.7,0,0,4,10,0,171,98,35,37,7683,1471,51,6064,DAL,Central,Western
2025-2026,20251119,23,CGY,4609,Mikael Backlund,ROSTER,36.0,"6'0""",200.0,Sweden,Vasteras,False,C,21,3,7,10,2.33,0.33,0.14,0.48,11.2,6.6,1,0,0,0,0,1,1,0,0,0,0,0,0,0.0,2,83,49,6.1,5,17,17,15,14,17,7,378,198,180,52.4,2,4,4,8,0,498,250,120,131,20874,5642,981,14251,CGY,Pacific,Western
2025-2026,20251119,23,CGY,14578,Kevin Bahl,ROSTER,25.0,"6'6""",216.0,Canada,"New Westminster, BC",True,D,20,2,2,4,0.8,0.1,0.1,0.2,37.7,26.5,0,0,0,0,0,0,0,1,0,0,0,0,0,0.0,6,43,16,12.5,31,17,10,19,23,27,13,0,0,0,0.0,8,16,3,6,0,609,392,112,107,25328,1606,1287,22435,CGY,Pacific,Western
2025-2026,20251119,21,VAN,38470,Arshdeep Bains,ROSTER,24.0,"6'0""",185.0,Canada,"Surrey, BC",True,LW,18,0,3,3,0.72,0.17,0.0,0.17,10.2,13.3,0,0,1,1,0,0,0,0,0,0,0,0,0,0.0,-2,19,13,0.0,3,4,2,17,12,6,4,11,2,9,18.2,4,8,0,0,0,245,168,23,54,10281,711,92,9479,VAN,Pacific,Western
2025-2026,20251119,4,FLO,120218,Uvis Balinskis,ROSTER,29.0,"6'0""",187.0,Latvia,Ventspils,True,D,10,0,1,1,0.5,0.1,0.0,0.1,12.4,6.6,0,0,0,0,0,0,0,0,0,0,0,0,0,0.0,0,13,5,0.0,8,6,2,11,8,6,6,0,0,0,0.0,2,4,2,4,0,183,145,16,22,8032,1132,126,6774,FLA,,
2025-2026,20251119,142,VGK,11708,Ivan Barbashev,ROSTER,29.0,"6'0""",187.0,Russia,Moscow,False,LW,19,7,10,17,1.47,0.53,0.37,0.89,18.7,3.3,2,0,1,1,0,0,0,1,0,0,0,0,0,0.0,4,55,28,25.0,7,10,17,28,21,20,3,5,0,5,0.0,1,2,4,8,0,369,179,119,78,18277,3974,1214,13108,VGK,Pacific,Western
2025-2026,20251119,22,COL,56519,Zakhar Bardakov,ROSTER,24.0,"6'2""",198.0,Russia,Seversk,False,C,14,1,3,4,0.71,0.21,0.07,0.29,7.6,0.0,0,0,0,0,0,0,0,0,0,0,0,0,0,0.0,3,19,10,10.0,3,3,6,11,6,8,2,71,31,40,43.7,0,0,3,6,0,134,83,16,36,5383,464,186,4733,COL,Central,Western
2025-2026,20251119,18,NSH,30074,Justin Barron,ROSTER,24.0,"6'2""",195.0,Canada,"Halifax, NS",True,D,19,0,4,4,0.79,0.21,0.0,0.21,26.5,10.0,0,0,0,0,0,0,0,0,0,0,0,0,0,0.0,-1,43,15,0.0,22,18,10,13,32,28,1,0,0,0,0.0,3,6,1,2,0,391,272,62,57,17253,2845,516,13892,NSH,Central,Western
2025-2026,20251119,2,WPJ,28496,Morgan Barron,ROSTER,26.0,"6'4""",220.0,Canada,"Halifax, NS",True,C,13,3,3,6,1.15,0.23,0.23,0.46,17.1,10.0,1,0,0,0,1,0,1,1,0,0,0,0,0,0.0,2,31,15,20.0,8,4,12,22,13,7,4,154,85,69,55.2,3,6,3,6,0,242,128,73,44,9826,1872,1307,6647,WPG,,
2025-2026,20251119,8,NYI,5611,Mathew Barzal,ROSTER,28.0,"6'0""",187.0,Canada,"Coquitlam, BC",False,C,19,5,10,15,2.37,0.53,0.26,0.79,17.3,23.2,1,0,3,3,0,0,0,1,0,1,0,0,0,0.0,6,82,45,11.1,15,14,23,7,11,18,7,160,57,103,35.6,7,14,3,6,0,422,215,165,48,23788,4927,4943,13918,NYI,Metropolitan,Eastern
2025-2026,20251119,27,DAL,15468,Nathan Bastian,ROSTER,27.0,"6'4""",205.0,Canada,"Kitchener, ON",False,RW,15,1,0,1,0.6,0.0,0.07,0.07,18.9,13.3,0,0,0,0,0,0,0,0,0,0,0,0,0,0.0,2,14,9,11.1,4,4,1,35,15,1,0,0,0,0,0.0,4,8,1,2,0,170,115,30,26,7081,1525,636,4920,DAL,Central,Western
2025-2026,20251119,13,OTT,15394,Drake Batherson,ROSTER,27.0,"6'3""",203.0,USA,"Fort Wayne, IN",False,RW,16,6,12,18,2.0,0.75,0.38,1.12,17.2,10.0,2,2,3,5,0,0,0,1,0,0,2,1,1,50.0,5,59,32,18.8,5,12,15,29,11,11,7,1,1,0,100.0,3,6,5,10,0,382,192,57,140,16864,2765,813,13442,OTT,Atlantic,Eastern
2025-2026,20251119,23,CGY,9639,Jake Bean,ROSTER,27.0,"6'1""",186.0,Canada,"Calgary, AB",False,D,13,1,1,2,1.15,0.08,0.08,0.15,25.1,20.2,0,0,0,0,0,0,0,0,0,0,0,0,0,0.0,-7,38,15,6.7,25,17,6,3,13,13,5,0,0,0,0.0,4,16,0,0,0,316,206,31,80,12810,948,579,11283,CGY,Pacific,Western
2025-2026,20251119,5,WSH,5623,Anthony Beauvillier,ROSTER,28.0,"5'11""",182.0,Canada,"Sorel-Tracy, QC",False,LW,19,3,2,5,2.37,0.11,0.16,0.26,14.7,6.6,1,0,0,0,0,0,0,1,0,0,2,0,0,0.0,6,72,45,6.7,5,13,14,23,20,11,2,6,3,3,50.0,2,4,1,2,0,358,199,88,71,16729,2514,1732,12342,WSH,Metropolitan,Eastern
2025-2026,20251119,14,MTL,53067,Owen Beck,ASSIGNED_TO_MINORS,21.0,"6'0""",191.0,Canada,"Peterborough, ON",True,C,2,0,0,0,0.5,0.0,0.0,0.0,1.0,0.0,0,0,0,0,0,0,0,0,0,0,0,0,0,0.0,-1,4,1,0.0,1,1,2,0,3,0,0,12,7,5,58.3,0,0,0,0,0,24,20,3,1,1003,346,8,649,MTL,Atlantic,Eastern
2025-2026,20251119,20,CHI,111625,Connor Bedard,ROSTER,20.0,"5'10""",185.0,Canada,"North Vancouver, BC",True,C,19,13,16,29,3.42,0.84,0.68,1.53,10.2,31.4,4,4,5,9,0,0,0,2,0,0,1,0,0,0.0,10,120,65,20.0,8,21,34,6,27,23,9,178,86,92,48.3,10,18,7,16,0,446,351,53,50,24042,3844,242,19655,CHI,Central,Western
2025-2026,20251119,11,BOS,38020,John Beecher,UNDRAFTED,24.0,"6'3""",210.0,USA,"Elmira, NY",True,C,6,1,0,1,1.0,0.0,0.17,0.17,6.8,0.0,0,0,0,0,0,0,0,0,0,0,0,0,0,0.0,-1,10,6,16.7,4,3,1,7,5,1,0,3,0,3,0.0,0,0,0,0,0,90,59,18,14,3746,782,216,2748,BOS,Atlantic,Eastern
2025-2026,20251119,143,SEA,37968,Matty Beniers,ROSTER,23.0,"6'2""",175.0,USA,"Hingham, MA",True,C,19,2,11,13,1.37,0.58,0.11,0.68,18.2,10.0,0,2,2,4,0,0,0,1,0,0,0,0,0,0.0,4,78,26,7.7,16,20,32,7,31,22,2,261,121,140,46.4,3,6,7,14,0,456,284,95,71,23259,4322,851,17805,SEA,Pacific,Western
2025-2026,20251119,27,DAL,4707,Jamie Benn,ROSTER,36.0,"6'2""",210.0,Canada,"Victoria, BC",False,LW,1,0,0,0,1.0,0.0,0.0,0.0,1.7,3.3,0,0,0,0,0,0,0,0,0,0,0,0,0,0.0,0,1,1,0.0,0,0,0,4,1,0,0,5,3,2,60.0,1,2,0,0,0,19,7,7,5,586,199,36,351,DAL,Central,Western
2025-2026,20251119,4,FLO,5415,Sam Bennett,ROSTER,29.0,"6'1""",195.0,Canada,"Holland Landing, ON",False,C,19,4,3,7,2.0,0.16,0.21,0.37,22.1,39.8,1,1,1,2,0,0,0,1,0,0,0,0,0,0.0,-7,89,38,10.5,6,24,27,38,10,18,6,247,124,123,50.2,12,24,5,10,0,402,186,140,79,19175,4025,2730,12420,FLA,,
2025-2026,20251119,12,TOR,15129,Simon Benoit,ROSTER,27.0,"6'3""",208.0,Canada,"Laval, QC",False,D,19,0,2,2,0.74,0.11,0.0,0.11,50.7,30.8,0,0,0,0,0,0,0,0,0,0,0,0,0,0.0,-2,39,14,0.0,32,19,6,47,34,20,5,0,0,0,0.0,7,17,5,13,1,492,317,90,85,19886,2973,1925,14988,TOR,Atlantic,Eastern
2025-2026,20251119,15,BUF,111755,Zach Benson,INJURY_LIST,20.0,"5'10""",159.0,Canada,"Langley, BC",True,LW,8,0,8,8,2.0,1.0,0.0,1.0,7.4,10.0,0,0,3,3,0,1,1,0,0,0,0,0,0,0.0,3,24,16,0.0,6,4,4,4,12,7,5,3,2,1,66.7,3,6,1,2,0,185,150,23,12,9137,2505,424,6208,BUF,Atlantic,Eastern
2025-2026,20251119,16,DET,14556,Jonatan Berggren,ROSTER,25.0,"5'10""",183.0,Sweden,Uppsala,True,RW,12,2,4,6,1.58,0.33,0.17,0.5,6.3,10.0,0,1,0,1,0,0,0,0,0,0,0,0,0,0.0,-3,38,19,10.5,3,13,6,8,12,12,1,0,0,0,0.0,3,6,4,8,0,203,111,56,38,8995,1585,1049,6361,DET,Atlantic,Eastern
2025-2026,20251119,16,DET,14549,Jacob Bernard-Docker,ROSTER,25.0,"6'1""",190.0,Canada,"Canmore, AB",False,D,10,0,1,1,1.0,0.1,0.0,0.1,9.6,3.3,0,0,0,0,0,0,0,0,0,0,0,0,0,0.0,4,25,10,0.0,6,11,4,9,25,8,3,0,0,0,0.0,1,2,1,2,0,181,105,26,50,7776,673,335,6768,DET,Atlantic,Eastern
2025-2026,20251119,20,CHI,10178,Tyler Bertuzzi,ROSTER,30.0,"6'1""",199.0,Canada,"Sudbury, ON",False,LW,16,9,6,15,2.25,0.38,0.56,0.94,8.3,30.2,3,5,3,8,0,0,0,1,0,0,0,0,0,0.0,1,59,36,25.0,1,9,14,17,20,13,3,35,18,17,51.4,7,22,7,14,0,339,172,102,69,16863,4843,1653,10142,CHI,Central,Western
2025-2026,20251119,27,DAL,56392,Lian Bichsel,ROSTER,21.0,"6'6""",225.0,Switzerland,Wolfwil,False,D,20,1,2,3,0.4,0.1,0.05,0.15,51.1,26.5,0,0,0,0,0,0,0,0,0,0,0,0,0,0.0,5,26,8,12.5,22,13,5,70,58,18,1,0,0,0,0.0,8,16,5,10,0,371,288,33,50,18132,3297,300,14471,DAL,Central,Western
2025-2026,20251119,1,TBL,8913,Oliver Bjorkstrand,ROSTER,30.0,"6'0""",177.0,Denmark,Herning,False,RW,19,1,6,7,1.68,0.32,0.05,0.37,16.8,3.3,0,1,2,3,0,0,0,0,0,0,0,0,0,0.0,-2,82,32,3.1,10,24,26,17,28,16,3,9,4,5,44.4,1,2,1,2,0,338,156,116,67,16680,3985,2091,10604,TBL,Atlantic,Eastern
2025-2026,20251119,17,STL,5201,Nick Bjugstad,ROSTER,33.0,"6'6""",215.0,USA,"Minneapolis, MN",False,C,18,4,1,5,1.72,0.06,0.22,0.28,27.5,16.6,1,0,0,0,0,0,0,0,0,0,0,0,0,0.0,-1,49,31,12.9,14,7,11,33,5,3,2,112,55,57,49.1,5,10,4,8,0,295,151,77,71,12136,2510,1007,8619,STL,Central,Western
2025-2026,20251119,27,DAL,15469,Colin Blackwell,ROSTER,32.0,"5'9""",190.0,USA,"North Andover, MA",False,C,20,1,3,4,0.6,0.15,0.05,0.2,22.3,16.6,0,0,0,0,0,0,0,0,0,0,0,0,0,0.0,1,30,12,8.3,9,8,10,32,19,12,1,70,24,46,34.3,5,10,2,4,0,323,164,86,72,13978,3132,961,9793,DAL,Central,Western
2025-2026,20251119,12,TOR,11712,Sammy Blais,ROSTER,29.0,"6'2""",205.0,Canada,"Montmagny, QC",False,LW,7,1,2,3,1.0,0.29,0.14,0.43,15.4,6.6,0,0,0,0,0,0,0,0,0,0,0,0,0,0.0,-1,9,7,14.3,4,1,1,27,5,2,1,0,0,0,0.0,2,4,1,2,0,83,53,26,5,3398,723,548,2127,TOR,Atlantic,Eastern
2025-2026,20251119,3,CAR,56345,Jackson Blake,ROSTER,22.0,"5'10""",158.0,USA,"Eden Prairie, MN",False,RW,19,4,9,13,2.37,0.47,0.21,0.68,8.9,23.2,1,0,2,2,0,0,0,0,0,0,1,0,0,0.0,4,83,45,8.9,8,9,29,3,32,24,8,2,0,2,0.0,7,14,8,16,0,352,255,62,39,18323,3750,1024,13549,CAR,Metropolitan,Eastern
2025-2026,20251119,18,NSH,39055,Nick Blankenburg,ROSTER,27.0,"5'9""",175.0,USA,"Washington, MI",True,D,10,1,5,6,1.7,0.5,0.1,0.6,12.9,0.0,0,1,1,2,0,0,0,0,0,0,0,0,0,0.0,-5,43,17,5.9,9,18,8,10,18,11,2,0,0,0,0.0,0,0,1,2,0,231,186,19,28,11976,2649,156,9172,NSH,Central,Western
2025-2026,20251119,21,VAN,15472,Theodor Blueger,ROSTER,31.0,"6'0""",185.0,Latvia,Riga,False,C,2,1,0,1,1.0,0.0,0.5,0.5,4.1,0.0,0,0,0,0,0,0,0,1,0,0,0,0,0,0.0,0,2,2,50.0,3,0,0,3,0,1,0,26,9,17,34.6,0,0,0,0,0,44,21,8,16,1899,363,216,1320,VAN,Pacific,Western
2025-2026,20251119,11,BOS,39748,Matěj Blümel,ROSTER,25.0,"6'0""",198.0,Czech Republic,Tabor,True,RW,1,0,0,0,1.0,0.0,0.0,0.0,0.0,0.0,0,0,0,0,0,0,0,0,0,0,0,0,0,0.0,0,2,1,0.0,0,1,0,0,1,1,0,1,0,1,0.0,0,0,0,0,0,15,7,5,3,790,157,0,633,BOS,Atlantic,Eastern
2025-2026,20251119,21,VAN,5618,Brock Boeser,ROSTER,28.0,"6'1""",208.0,USA,"Burnsville, MN",False,RW,19,8,6,14,2.26,0.32,0.42,0.74,10.9,0.0,2,1,4,5,0,0,0,2,0,1,1,0,1,100.0,-5,77,43,18.6,6,15,19,12,6,10,4,37,16,21,43.2,0,0,1,2,0,394,183,80,140,20968,4253,1092,15634,VAN,Pacific,Western
2025-2026,20251119,25,MIN,4480,Zach Bogosian,ROSTER,35.0,"6'3""",226.0,USA,"Massena, NY",False,D,5,0,0,0,1.0,0.0,0.0,0.0,11.2,0.0,0,0,0,0,0,0,0,0,0,0,0,0,0,0.0,3,7,5,0.0,9,1,1,6,4,2,1,0,0,0,0.0,0,0,1,2,0,79,49,9,21,4163,911,58,3194,MIN,Central,Western
2025-2026,20251119,14,MTL,33083,Zachary Bolduc,ROSTER,22.0,"6'1""",175.0,Canada,"Trois-Rivière, QC",True,RW,19,4,2,6,1.47,0.11,0.21,0.32,23.2,16.6,1,2,1,3,0,0,0,0,0,0,0,0,0,0.0,-5,59,28,14.3,9,15,16,34,26,18,2,13,8,5,61.5,5,10,5,10,0,310,217,50,47,15402,2760,398,12244,MTL,Atlantic,Eastern
2025-2026,20251119,25,MIN,30015,Matthew Boldy,ROSTER,24.0,"6'2""",196.0,USA,"Milford, MA",True,LW,20,10,11,21,3.4,0.55,0.5,1.05,18.0,16.6,3,5,5,10,0,0,0,1,0,0,1,0,0,0.0,0,150,68,14.7,13,38,44,13,23,25,4,32,13,19,40.6,5,10,8,16,0,412,241,111,69,25669,6906,1358,17405,MIN,Central,Western
2025-2026,20251119,8,NYI,14531,Adam Boqvist,ROSTER,25.0,"5'11""",179.0,Sweden,Falun,False,D,6,0,0,0,0.17,0.0,0.0,0.0,4.2,3.3,0,0,0,0,0,0,0,0,0,0,0,0,0,0.0,1,7,1,0.0,4,5,1,1,4,3,0,0,0,0,0.0,1,2,0,0,0,102,66,25,11,4564,597,542,3425,NYI,Metropolitan,Eastern
2025-2026,20251119,4,FLO,17176,Jesper Boqvist,ROSTER,27.0,"6'0""",180.0,Sweden,Falun,False,C,19,2,2,4,0.95,0.11,0.11,0.21,29.6,10.0,0,0,0,0,0,0,0,1,0,0,0,0,0,0.0,2,38,18,11.1,8,7,13,51,18,12,0,33,12,21,36.4,3,6,4,8,0,335,180,85,72,13482,1987,998,10497,FLA,,
2025-2026,20251119,9,NYR,15692,William Borgen,ROSTER,28.0,"6'3""",196.0,USA,"Moorhead, MN",False,D,19,1,2,3,0.84,0.11,0.05,0.16,34.0,13.3,0,0,0,0,0,0,0,1,0,0,0,0,0,0.0,5,47,16,6.2,24,20,11,26,36,14,6,0,0,0,0.0,4,8,2,4,0,481,270,88,110,21233,2111,1322,17013,NYR,Metropolitan,Eastern
2025-2026,20251119,24,EDM,14533,Evan Bouchard,ROSTER,26.0,"6'3""",194.0,Canada,"Oakville, ON",False,D,21,3,13,16,2.86,0.62,0.14,0.76,31.1,16.6,1,1,3,4,0,0,0,1,0,1,1,0,0,0.0,-5,123,60,5.0,29,41,22,8,21,31,15,0,0,0,0.0,5,10,4,8,0,520,297,136,77,29755,6462,2822,19841,EDM,Pacific,Western
2025-2026,20251119,27,DAL,34435,Mavrik Bourque,ROSTER,23.0,"5'10""",178.0,Canada,"Plessisville, QC",True,C,20,2,4,6,1.5,0.2,0.1,0.3,13.4,3.3,0,0,2,2,0,0,0,0,0,0,0,0,0,0.0,-6,50,30,6.7,10,6,14,9,20,6,1,30,13,17,43.3,1,2,3,6,0,367,236,66,66,17214,2794,717,13653,DAL,Central,Western
2025-2026,20251119,142,VGK,184007,Braeden Bowman,ROSTER,22.0,"6'1""",205.0,Canada,"Kitchener, ON",True,RW,4,2,0,2,2.25,0.0,0.5,0.5,3.3,3.3,0,2,0,2,0,0,0,1,0,0,0,0,0,0.0,-3,18,9,22.2,3,5,4,1,4,0,0,0,0,0,0.0,1,2,0,0,0,77,68,11,0,4140,788,306,3046,VGK,Pacific,Western
2025-2026,20251119,16,DET,142440,Michael Brandsegg-Nygård,ASSIGNED_TO_MINORS,,,,,,False,RW,9,0,1,1,1.56,0.11,0.0,0.11,14.9,3.3,0,0,0,0,0,0,0,0,0,0,0,0,0,0.0,-5,35,14,0.0,3,13,8,28,17,10,2,0,0,0,0.0,1,2,1,2,0,158,132,24,2,6723,821,31,5871,DET,Atlantic,Eastern
2025-2026,20251119,7,NJD,13722,Jesper Bratt,ROSTER,27.0,"5'10""",175.0,Sweden,Stockholm,False,LW,19,5,13,18,2.0,0.68,0.26,0.95,15.6,10.0,1,1,4,5,1,0,1,2,0,1,2,0,2,100.0,0,74,38,13.2,6,16,20,23,14,20,11,0,0,0,0.0,3,6,3,6,0,428,230,91,112,20573,3808,1223,15585,NJD,Metropolitan,Eastern
2025-2026,20251119,10,PIT,53189,Justin Brazeau,ROSTER,27.0,"6'5""",220.0,Canada,"New Liskeard, ON",True,RW,12,6,6,12,1.83,0.5,0.5,1.0,18.7,0.0,2,1,1,2,0,0,0,2,0,0,0,0,0,0.0,3,33,22,27.3,12,4,10,17,11,13,1,0,0,0,0.0,0,0,1,2,0,212,127,72,12,9702,1946,1616,5862,PIT,Metropolitan,Eastern
2025-2026,20251119,22,COL,133825,Gavin Brindley,ROSTER,21.0,"5'9""",175.0,USA,"Fort Myers, FL",True,C,17,4,3,7,1.29,0.18,0.24,0.41,11.6,10.0,1,0,0,0,0,0,0,2,0,1,0,0,0,0.0,3,38,22,18.2,4,8,8,18,24,7,3,6,2,4,33.3,3,6,5,10,0,237,178,42,21,9867,1653,173,8041,COL,Central,Western
2025-2026,20251119,6,PHI,38019,Bobby Brink,ROSTER,24.0,"5'8""",165.0,USA,"Minnetonka, MN",True,RW,18,5,4,9,1.89,0.22,0.28,0.5,18.3,19.9,1,2,2,4,0,0,0,0,0,0,2,0,1,50.0,-5,56,34,14.7,7,12,10,27,16,7,1,19,5,14,26.3,6,12,6,12,0,376,225,76,81,17873,2919,723,14625,PHI,Metropolitan,Eastern
2025-2026,20251119,17,STL,17150,Philip Broberg,ROSTER,24.0,"6'3""",200.0,Sweden,Orebro,True,D,20,2,5,7,1.4,0.25,0.1,0.35,30.1,3.3,0,0,0,0,0,0,0,0,0,0,0,0,0,0.0,-3,72,28,7.1,28,29,15,8,34,28,5,0,0,0,0.0,1,2,5,10,0,565,353,102,112,27517,4101,1353,22063,STL,Central,Western
2025-2026,20251119,25,MIN,5123,Jonas Brodin,ROSTER,32.0,"6'1""",194.0,Sweden,Karlstad,False,D,19,2,3,5,0.95,0.16,0.11,0.26,37.4,6.6,0,0,0,0,0,0,0,0,0,0,0,0,0,0.0,2,50,18,11.1,37,23,9,5,30,20,3,0,0,0,0.0,2,4,3,6,0,472,257,103,114,24762,4358,2089,18315,MIN,Central,Western
2025-2026,20251119,9,NYR,11807,Jonny Brodzinski,ROSTER,32.0,"6'1""",215.0,USA,"Ham Lake, MN",False,C,10,2,1,3,1.0,0.1,0.2,0.3,2.3,0.0,0,0,0,0,0,0,0,0,0,0,0,0,0,0.0,2,32,10,20.0,2,10,12,1,7,3,4,9,5,4,55.6,0,0,2,4,0,160,84,37,35,6689,991,560,4923,NYR,Metropolitan,Eastern
2025-2026,20251119,7,NJD,8916,Connor Brown,ROSTER,31.0,"6'0""",186.0,Canada,"Etobicoke, ON",False,RW,12,5,1,6,1.5,0.08,0.42,0.5,12.5,3.3,1,0,0,0,1,0,1,0,0,0,0,0,0,0.0,-1,28,18,27.8,10,2,8,7,10,7,3,7,3,4,42.9,1,2,0,0,0,237,116,61,65,11333,1476,1149,8708,NJD,Metropolitan,Eastern
2025-2026,20251119,10,PIT,142708,Harrison Brunicke,ROSTER,,,,,,False,D,9,1,0,1,0.89,0.0,0.11,0.11,14.1,10.0,0,0,0,0,0,0,0,0,0,0,0,0,0,0.0,-4,22,8,12.5,13,7,7,4,18,14,1,0,0,0,0.0,3,6,2,4,0,171,135,14,19,8486,830,167,7234,PIT,Metropolitan,Eastern
2025-2026,20251119,15,BUF,17925,Jacob Bryson,ROSTER,28.0,"5'9""",185.0,Canada,"London, ON",False,D,9,0,1,1,0.11,0.11,0.0,0.11,5.6,6.6,0,0,0,0,0,0,0,0,0,0,0,0,0,0.0,0,11,1,0.0,5,7,3,2,8,6,2,0,0,0,0.0,2,4,0,0,0,145,74,11,60,5724,670,147,4907,BUF,Atlantic,Eastern
2025-2026,20251119,17,STL,10075,Pavel Buchnevich,ROSTER,30.0,"6'3""",197.0,Russia,Cherepovets,False,LW,20,2,5,7,1.7,0.25,0.1,0.35,11.3,11.5,0,2,2,4,0,0,0,0,0,0,0,0,0,0.0,-11,68,34,5.9,6,16,18,13,13,20,4,12,4,8,33.3,4,6,4,8,0,460,220,148,94,21694,4007,2031,15656,STL,Central,Western
2025-2026,20251119,25,MIN,142488,Zeev Buium,ROSTER,,,,,,False,D,20,3,7,10,1.3,0.35,0.15,0.5,13.6,3.3,1,2,5,7,0,0,0,0,0,0,0,0,0,0.0,-10,58,26,11.5,12,19,13,5,26,23,3,0,0,0,0.0,1,2,3,6,0,386,317,54,17,22740,5147,354,17239,MIN,Central,Western
2025-2026,20251119,18,NSH,15430,Michael Bunting,ROSTER,30.0,"5'11""",197.0,Canada,"Toronto, ON",True,LW,20,4,6,10,1.15,0.3,0.2,0.5,8.7,10.0,1,0,3,3,0,0,0,0,0,0,1,1,0,0.0,-6,63,23,17.4,6,12,28,7,16,18,1,10,3,7,30.0,3,6,7,14,0,358,173,123,66,17551,3493,2320,11738,NSH,Central,Western
2025-2026,20251119,20,CHI,5451,Andre Burakovsky,ROSTER,30.0,"6'3""",201.0,Austria,Klagenfurt,False,LW,17,7,8,15,1.53,0.47,0.41,0.88,10.2,10.0,2,1,4,5,0,0,0,1,0,0,0,0,0,0.0,5,59,26,26.9,8,21,12,6,22,16,10,3,0,3,0.0,3,6,1,2,0,365,193,74,101,18039,4256,652,12906,CHI,Central,Western
2025-2026,20251119,22,COL,15,Brent Burns,ROSTER,40.0,"6'5""",230.0,Canada,"Ajax, ON",False,D,19,1,9,10,2.05,0.47,0.05,0.53,29.3,19.9,0,0,1,1,0,0,0,1,0,0,0,0,0,0.0,4,91,39,2.6,29,31,21,4,16,19,4,0,0,0,0.0,6,12,0,0,0,501,269,100,133,23152,5927,1384,15841,COL,Central,Western
2025-2026,20251119,28,LAK,19049,Quinton Byfield,ROSTER,23.0,"6'4""",215.0,Canada,"Newmarket, ON",True,RW,20,4,13,17,2.6,0.65,0.2,0.85,13.0,13.3,1,1,4,5,0,1,1,2,0,1,1,0,0,0.0,2,85,52,7.7,6,15,18,17,22,19,8,298,121,177,40.6,4,8,10,20,0,463,302,57,109,23924,3222,729,19973,LAK,Pacific,Western
2025-2026,20251119,15,BUF,21814,Bowen Byram,ROSTER,24.0,"6'0""",195.0,Canada,"Cranbrook, BC",True,D,19,3,6,9,1.42,0.32,0.16,0.47,29.8,16.6,1,0,2,2,0,0,0,1,0,0,1,0,1,100.0,-4,57,27,11.1,25,10,20,14,32,23,3,0,0,0,0.0,5,10,4,8,0,521,308,84,133,25073,3138,926,21050,BUF,Atlantic,Eastern
2025-2026,20251119,11,BOS,37956,Michael Callahan,ASSIGNED_TO_MINORS,26.0,"6'2""",197.0,USA,"Franklin, MA",True,D,3,0,0,0,0.67,0.0,0.0,0.0,7.0,0.0,0,0,0,0,0,0,0,0,0,0,0,0,0,0.0,-2,3,2,0.0,6,0,1,3,9,3,1,0,0,0,0.0,0,0,0,0,0,70,45,18,7,2961,777,279,1905,BOS,Atlantic,Eastern
2025-2026,20251119,27,DAL,5658,Kyle Capobianco,ROSTER,28.0,"6'1""",196.0,Canada,"Mississauga, ON",False,D,5,0,0,0,0.4,0.0,0.0,0.0,1.3,3.3,0,0,0,0,0,0,0,0,0,0,0,0,0,0.0,1,7,2,0.0,0,5,0,3,3,2,1,0,0,0,0.0,1,2,0,0,0,67,44,8,13,2819,574,51,2117,DAL,Central,Western
2025-2026,20251119,30,UTA,16956,Michael Carcone,ROSTER,29.0,"5'10""",170.0,Canada,"Ajax, ON",False,LW,18,3,3,6,1.94,0.17,0.17,0.33,16.7,20.2,1,0,0,0,0,0,0,0,0,0,0,0,0,0.0,0,74,35,8.6,4,17,22,30,19,6,2,1,0,1,0.0,4,16,2,4,0,289,164,82,46,11849,1963,1116,8770,UTA,Central,Western
2025-2026,20251119,26,SJS,56619,Ethan Cardwell,ASSIGNED_TO_MINORS,23.0,"5'11""",180.0,Canada,"Courtice, ON",False,RW,4,1,0,1,0.75,0.0,0.25,0.25,1.7,3.3,0,0,0,0,0,0,0,1,0,0,0,0,0,0.0,1,11,3,33.3,0,4,4,4,5,2,1,0,0,0,0.0,1,2,0,0,0,63,48,10,6,2965,484,109,2372,SJS,Pacific,Western
2025-2026,20251119,1,TBL,38105,Declan Carlile,ROSTER,25.0,"6'1""",190.0,USA,"Hartland, MI",True,D,1,0,0,0,0.0,0.0,0.0,0.0,0.4,0.0,0,0,0,0,0,0,0,0,0,0,0,0,0,0.0,0,0,0,0.0,0,0,0,1,3,0,0,0,0,0,0.0,0,0,0,0,0,18,14,4,0,702,102,0,600,TBL,Atlantic,Eastern
2025-2026,20251119,12,TOR,5632,Brandon Carlo,ROSTER,28.0,"6'5""",212.0,USA,"Colorado Springs, CO",False,D,18,0,2,2,1.28,0.11,0.0,0.11,37.5,10.0,0,0,0,0,0,0,0,0,0,0,0,0,0,0.0,2,49,23,0.0,34,13,13,12,28,20,1,0,0,0,0.0,3,6,1,2,0,497,293,119,85,21664,2450,2354,16860,TOR,Atlantic,Eastern
2025-2026,20251119,5,WSH,4735,John Carlson,ROSTER,35.0,"6'3""",217.0,USA,"Natick, MA",False,D,18,4,10,14,2.17,0.56,0.22,0.78,29.2,6.6,1,0,5,5,0,0,0,0,0,0,0,0,0,0.0,0,105,39,10.3,27,38,27,8,23,33,17,0,0,0,0.0,2,4,1,2,0,429,217,98,114,25217,6894,1588,16542,WSH,Metropolitan,Eastern
2025-2026,20251119,29,ANA,111582,Leo Carlsson,ROSTER,20.0,"6'3""",198.0,Sweden,Karlstad,True,C,19,11,15,26,2.63,0.79,0.58,1.37,10.7,26.2,3,2,7,9,2,1,3,3,0,1,1,0,0,0.0,7,103,50,22.0,9,25,28,5,13,16,8,319,148,171,46.4,5,21,7,14,0,469,367,59,54,22208,4950,454,16902,ANA,Pacific,Western
2025-2026,20251119,9,NYR,5479,Sam Carrick,ROSTER,33.0,"6'0""",200.0,Canada,"Stouffville, ON",False,C,21,1,4,5,1.1,0.19,0.05,0.24,25.7,36.1,0,0,0,0,0,1,1,0,0,0,0,0,0,0.0,2,49,23,4.3,13,11,16,31,27,10,5,158,82,76,51.9,4,17,8,25,3,354,143,69,131,15062,3288,830,10462,NYR,Metropolitan,Eastern
2025-2026,20251119,14,MTL,5710,Alexandre Carrier,ROSTER,29.0,"5'11""",174.0,Canada,"Quebec City, QC",False,D,19,1,5,6,0.79,0.26,0.05,0.32,46.1,13.3,0,0,0,0,0,0,0,0,0,0,0,0,0,0.0,-9,42,15,6.7,43,15,12,12,49,16,11,0,0,0,0.0,4,8,3,6,0,425,232,71,124,21328,2450,1480,17406,MTL,Atlantic,Eastern
2025-2026,20251119,3,CAR,10174,William Carrier,ROSTER,30.0,"6'2""",218.0,Canada,"Pierrefonds, QC",False,LW,13,1,4,5,0.77,0.31,0.08,0.38,14.9,3.3,0,0,0,0,0,0,0,1,0,0,0,0,0,0.0,2,35,10,10.0,3,9,16,28,16,6,3,0,0,0,0.0,1,2,3,6,0,228,73,132,24,8591,1799,1656,5136,CAR,Metropolitan,Eastern
2025-2026,20251119,7,NJD,56518,Seamus Casey,ASSIGNED_TO_MINORS,21.0,"5'10""",173.0,USA,"Estero, FL",False,D,2,0,0,0,2.0,0.0,0.0,0.0,1.0,0.0,0,0,0,0,0,0,0,0,0,0,0,0,0,0.0,-3,8,4,0.0,1,2,2,0,7,3,2,0,0,0,0.0,0,0,0,0,0,48,37,10,1,2161,692,92,1377,NJD,Metropolitan,Eastern
2025-2026,20251119,6,PHI,38701,Noah Cates,ROSTER,26.0,"6'1""",170.0,USA,"Stillwater, MN",True,LW,18,4,6,10,1.94,0.33,0.22,0.56,18.8,10.0,1,1,4,5,0,0,0,2,0,1,0,0,0,0.0,1,59,35,11.4,13,8,16,15,15,10,4,270,112,158,41.5,3,6,5,10,0,439,184,65,194,18815,2406,252,16157,PHI,Metropolitan,Eastern
2025-2026,20251119,143,SEA,142279,Berkly Catton,ROSTER,,,,,,False,C,14,0,3,3,0.79,0.21,0.0,0.21,8.0,0.0,0,0,1,1,0,0,0,0,0,0,0,0,0,0.0,0,20,11,0.0,8,3,6,1,24,7,2,21,10,11,47.6,0,0,3,6,0,227,204,19,3,9926,1447,217,8212,SEA,Pacific,Western
2025-2026,20251119,14,MTL,19047,Cole Caufield,ROSTER,24.0,"5'7""",174.0,USA,"Mosinee, WI",True,RW,19,13,7,20,2.47,0.37,0.68,1.05,12.1,13.3,4,1,5,6,0,0,0,3,0,3,2,0,1,50.0,8,93,47,27.7,5,18,28,17,12,16,8,5,2,3,40.0,4,8,6,12,0,402,221,84,111,21084,3379,703,17046,MTL,Atlantic,Eastern
2025-2026,20251119,28,LAK,5307,Cody Ceci,ROSTER,31.0,"6'2""",210.0,Canada,"Ottawa, ON",False,D,20,1,4,5,0.95,0.2,0.05,0.25,25.3,6.6,0,0,0,0,0,1,1,0,0,0,0,0,0,0.0,-7,50,19,5.3,22,23,8,10,29,18,5,0,0,0,0.0,2,4,0,0,0,425,235,81,111,21247,2507,2056,16686,LAK,Pacific,Western
2025-2026,20251119,26,SJS,134157,Macklin Celebrini,ROSTER,19.0,"6'0""",190.0,Canada,"North Vancouver, BC",True,C,20,13,17,30,2.85,0.85,0.65,1.5,18.9,19.9,4,3,7,10,0,0,0,2,0,2,1,0,0,0.0,4,112,57,22.8,14,31,24,13,26,29,8,325,163,162,50.2,6,12,13,28,0,434,357,40,50,24619,4860,836,18923,SJS,Pacific,Western
2025-2026,20251119,1,TBL,14454,Erik Cernak,ROSTER,28.0,"6'3""",233.0,Slovakia,Kosice,False,D,18,0,3,3,0.67,0.17,0.0,0.17,54.9,35.9,0,0,0,0,0,0,0,0,0,0,0,0,0,0.0,-1,35,12,0.0,40,14,9,39,24,16,4,0,0,0,0.0,8,21,2,7,1,472,231,140,102,20621,2974,1402,16173,TBL,Atlantic,Eastern
2025-2026,20251119,13,OTT,5613,Thomas Chabot,ROSTER,28.0,"6'2""",196.0,Canada,"Ste-Marie-de-Beauce, QC",False,D,17,2,8,10,1.12,0.47,0.12,0.59,38.1,15.0,0,1,3,4,0,1,1,0,0,0,0,0,0,0.0,6,66,19,10.5,35,27,20,11,20,12,6,0,0,0,0.0,4,10,1,2,0,462,258,100,106,22370,3533,1842,16995,OTT,Atlantic,Eastern
2025-2026,20251119,1,TBL,28436,Mitchell Chaffee,ASSIGNED_TO_MINORS,27.0,"6'0""",207.0,USA,"Rockford, MI",True,RW,7,0,0,0,1.14,0.0,0.0,0.0,10.1,6.6,0,0,0,0,0,0,0,0,0,0,0,0,0,0.0,0,10,8,0.0,2,1,1,19,6,5,0,3,1,2,33.3,2,4,2,4,0,95,55,20,20,3986,557,296,3133,TBL,Atlantic,Eastern
2025-2026,20251119,3,CAR,15383,Jalen Chatfield,ROSTER,29.0,"6'1""",188.0,USA,"Ypsilanti, MI",False,D,13,0,3,3,1.54,0.23,0.0,0.23,17.6,13.3,0,0,0,0,0,0,0,0,0,0,0,0,0,0.0,3,53,20,0.0,14,22,11,10,28,12,1,0,0,0,0.0,4,8,2,12,0,349,199,62,88,15464,2054,850,12560,CAR,Metropolitan,Eastern
2025-2026,20251119,16,DET,5285,Ben Chiarot,ROSTER,34.0,"6'3""",234.0,Canada,"Hamilton, ON",False,D,20,1,3,4,1.0,0.15,0.05,0.2,58.8,10.0,0,0,0,0,0,0,0,0,0,0,0,0,0,0.0,4,61,20,5.0,41,29,12,46,27,26,4,0,0,0,0.0,3,6,1,2,0,521,294,87,142,25124,5905,1631,17621,DET,Atlantic,Eastern
2025-2026,20251119,2,WPJ,37987,Nikita Chibrikov,ASSIGNED_TO_MINORS,22.0,"5'10""",170.0,Russia,Moskva,True,RW,8,0,0,0,0.62,0.0,0.0,0.0,9.1,18.3,0,0,0,0,0,0,0,0,0,0,0,0,0,0.0,0,16,5,0.0,5,7,4,10,7,6,2,0,0,0,0.0,5,12,2,4,0,105,83,19,3,4414,1202,226,2986,WPG,,
2025-2026,20251119,19,CBJ,30088,Yegor Chinakhov,ROSTER,24.0,"6'0""",178.0,Russia,Omsk,True,RW,14,2,2,4,1.5,0.14,0.14,0.29,9.1,3.3,0,0,0,0,0,0,0,0,0,0,0,0,0,0.0,-2,38,21,9.5,5,14,3,10,10,7,3,0,0,0,0.0,1,2,2,4,0,193,148,36,9,8683,1759,175,6669,CBJ,Metropolitan,Eastern
2025-2026,20251119,5,WSH,28482,Declan Chisholm,ROSTER,25.0,"6'1""",185.0,Canada,"Bowmanville, ON",True,D,9,0,1,1,0.78,0.11,0.0,0.11,8.0,3.3,0,0,0,0,0,0,0,0,0,0,0,0,0,0.0,2,18,7,0.0,7,8,3,3,14,9,4,0,0,0,0.0,1,2,3,9,0,160,104,24,26,7779,1053,647,5743,WSH,Metropolitan,Eastern
2025-2026,20251119,9,NYR,56549,Jaroslav Chmelar,ASSIGNED_TO_MINORS,22.0,"6'4""",198.0,Czech Republic,Nove Mesto nad Metuji,False,RW,2,0,0,0,0.5,0.0,0.0,0.0,2.2,10.9,0,0,0,0,0,0,0,0,0,0,0,0,0,0.0,-1,2,1,0.0,0,0,1,5,1,1,0,0,0,0,0.0,1,5,1,5,1,21,16,3,2,867,126,79,662,NYR,Metropolitan,Eastern
2025-2026,20251119,7,NJD,15156,Dennis Cholowski,ROSTER,27.0,"6'2""",197.0,Canada,"Langley, BC",False,D,8,0,1,1,0.62,0.12,0.0,0.12,9.5,0.0,0,0,0,0,0,0,0,0,0,0,0,0,0,0.0,-2,12,5,0.0,10,4,3,0,7,6,3,0,0,0,0.0,0,0,0,0,0,144,87,21,33,6804,711,257,5768,NJD,Metropolitan,Eastern
2025-2026,20251119,19,CBJ,28414,Jake Christiansen,ROSTER,26.0,"6'1""",195.0,Canada,"West Vancouver, BC",True,D,16,0,0,0,0.56,0.0,0.0,0.0,11.8,3.3,0,0,0,0,0,0,0,0,0,0,0,0,0,0.0,-7,32,9,0.0,7,13,10,12,21,6,0,0,0,0,0.0,1,2,1,2,0,202,135,34,33,10009,881,312,8816,CBJ,Metropolitan,Eastern
2025-2026,20251119,5,WSH,9642,Jakob Chychrun,ROSTER,27.0,"6'2""",210.0,USA,"Boca Raton, FL",False,D,19,4,10,14,3.37,0.53,0.21,0.74,26.7,30.8,1,2,1,3,0,0,0,1,0,1,0,0,0,0.0,9,145,64,6.2,19,41,40,20,27,27,8,0,0,0,0.0,7,17,7,17,1,429,230,110,89,26781,4909,3212,18663,WSH,Metropolitan,Eastern
2025-2026,20251119,21,VAN,13636,Filip Chytil,INJURY_LIST,26.0,"6'2""",206.0,Czech Republic,Kromeriz,False,C,6,3,0,3,2.5,0.0,0.5,0.5,5.1,10.0,1,0,0,0,0,0,0,1,0,0,0,0,0,0.0,0,22,15,20.0,4,2,5,3,10,3,2,76,36,40,47.4,3,6,0,0,0,114,56,43,18,5629,1207,724,3698,VAN,Pacific,Western
2025-2026,20251119,1,TBL,14125,Anthony Cirelli,ROSTER,28.0,"6'0""",193.0,Canada,"Etobicoke, ON",False,C,15,7,5,12,1.47,0.33,0.47,0.8,13.9,10.0,2,2,0,2,0,0,0,2,0,1,0,0,0,0.0,6,42,22,31.8,11,6,14,8,13,9,7,265,126,139,47.5,3,6,1,2,0,366,160,122,91,16794,2672,2200,11842,TBL,Atlantic,Eastern
2025-2026,20251119,8,NYI,5083,Casey Cizikas,ROSTER,34.0,"5'11""",195.0,Canada,"Toronto, ON",False,C,20,1,2,3,0.65,0.1,0.05,0.15,33.5,10.0,0,0,0,0,0,0,0,0,0,0,0,0,0,0.0,-7,24,13,7.7,14,4,7,47,17,10,1,125,52,73,41.6,3,6,0,0,0,288,160,63,66,11699,2871,672,8156,NYI,Metropolitan,Eastern
2025-2026,20251119,28,LAK,31218,Brandt Clarke,ROSTER,22.0,"6'2""",185.0,Canada,"Nepean, ON",True,D,20,2,7,9,1.9,0.35,0.1,0.45,28.4,16.6,0,0,0,0,0,0,0,1,0,0,0,0,0,0.0,5,68,38,5.3,24,21,9,13,27,26,7,0,0,0,0.0,5,10,5,10,0,427,338,61,30,21227,3062,388,17777,LAK,Pacific,Western
2025-2026,20251119,10,PIT,15396,Connor Clifton,ROSTER,30.0,"5'11""",175.0,USA,"Long Branch, New Jersey",False,D,7,0,0,0,0.86,0.0,0.0,0.0,29.4,6.6,0,0,0,0,0,0,0,0,0,0,0,0,0,0.0,-2,19,6,0.0,16,10,3,33,17,5,1,0,0,0,0.0,2,4,0,0,0,140,76,31,33,7230,960,310,5963,PIT,Metropolitan,Eastern
2025-2026,20251119,29,ANA,38010,Sam Colangelo,ASSIGNED_TO_MINORS,23.0,"6'2""",205.0,USA,"Stoneham, MA",True,RW,7,1,0,1,0.43,0.0,0.14,0.14,4.8,6.6,0,0,0,0,0,0,0,0,0,0,0,0,0,0.0,-3,11,3,33.3,1,5,3,9,7,6,0,2,1,1,50.0,2,4,0,0,0,105,70,21,16,4285,812,132,3383,ANA,Pacific,Western
2025-2026,20251119,30,UTA,4905,Ian Cole,ROSTER,36.0,"6'1""",225.0,USA,"Ann Arbor, MI",False,D,20,1,6,7,0.9,0.3,0.05,0.35,51.3,19.9,0,0,0,0,0,0,0,0,0,0,0,0,0,0.0,5,41,18,5.6,43,12,11,24,40,20,4,0,0,0,0.0,6,12,3,6,0,472,273,72,128,22526,4970,789,16767,UTA,Central,Western
2025-2026,20251119,23,CGY,11702,Blake Coleman,ROSTER,33.0,"5'11""",207.0,USA,"Plano, TX",False,LW,21,7,1,8,2.29,0.05,0.33,0.38,35.9,13.3,2,0,0,0,1,0,1,2,0,0,0,0,0,0.0,1,85,48,14.6,16,20,17,48,14,25,6,18,7,11,38.9,4,8,6,12,0,496,229,174,100,21272,5148,2174,13950,CGY,Pacific,Western
2025-2026,20251119,22,COL,18195,Ross Colton,ROSTER,29.0,"6'0""",190.0,USA,"Robbinsville, New Jersey",False,C,19,3,7,10,2.05,0.37,0.16,0.53,26.0,10.9,1,0,0,0,0,0,0,1,0,0,0,0,0,0.0,3,78,39,7.7,7,17,22,45,15,16,5,21,12,9,57.1,1,5,7,17,1,341,183,113,48,14433,2400,2054,9979,COL,Central,Western
2025-2026,20251119,16,DET,5564,J.T. Compher,ROSTER,30.0,"6'0""",190.0,USA,"Northbrook, IL",False,LW,20,3,3,6,1.15,0.15,0.15,0.3,12.0,3.3,1,0,0,0,0,0,0,0,0,0,0,0,0,0.0,-2,41,23,13.0,9,13,6,8,19,11,0,224,110,114,49.1,1,2,7,14,0,440,195,120,128,19665,4181,2214,13331,DET,Atlantic,Eastern
2025-2026,20251119,2,WPJ,5612,Kyle Connor,ROSTER,28.0,"6'1""",182.0,USA,"Clinton Township, MI",False,LW,19,11,13,24,3.84,0.68,0.58,1.26,5.8,6.6,3,2,5,7,1,0,1,1,0,1,1,0,0,0.0,5,119,73,15.1,2,23,23,9,16,18,8,0,0,0,0.0,2,4,4,8,0,436,185,178,84,23329,4755,3765,14809,WPG,,
2025-2026,20251119,30,UTA,56257,Logan Cooley,ROSTER,21.0,"5'11""",180.0,USA,"Pittsburgh, PA",False,C,20,9,7,16,1.95,0.35,0.45,0.8,16.3,16.6,3,3,1,4,0,0,0,0,0,0,0,0,0,0.0,2,68,39,23.1,9,8,21,18,24,26,7,239,99,140,41.4,5,10,6,12,0,444,319,66,69,22725,5557,1120,16050,UTA,Central,Western
2025-2026,20251119,21,VAN,167600,Braeden Cootes,ASSIGNED_TO_OTHER,18.0,"6'0""",183.0,Canada,"Sherwood Park, AB",True,C,3,0,0,0,0.0,0.0,0.0,0.0,2.2,0.0,0,0,0,0,0,0,0,0,0,0,0,0,0,0.0,-2,0,0,0.0,1,0,0,3,1,4,0,13,5,8,38.5,0,0,0,0,0,44,38,5,1,1940,192,0,1748,VAN,Pacific,Western
2025-2026,20251119,16,DET,5555,Andrew Copp,ROSTER,31.0,"6'1""",206.0,USA,"Ann Arbor, MI",False,C,20,1,7,8,1.1,0.35,0.05,0.4,23.7,16.6,0,0,3,3,0,0,0,0,0,0,0,0,0,0.0,-6,45,22,4.5,19,9,14,13,23,17,3,156,81,75,51.9,5,10,3,6,0,421,184,108,130,17424,3382,1057,12985,DET,Atlantic,Eastern
2025-2026,20251119,23,CGY,37972,Matt Coronato,ROSTER,23.0,"5'10""",183.0,USA,"New York, NY",True,RW,20,6,4,10,2.95,0.2,0.3,0.5,8.5,19.9,2,3,0,3,0,0,0,0,0,0,1,1,0,0.0,-13,112,59,10.2,8,34,19,2,16,13,7,36,12,24,33.3,6,12,6,12,0,416,294,95,33,20827,5574,1018,14235,CGY,Pacific,Western
2025-2026,20251119,7,NJD,18224,Paul Cotter,ROSTER,26.0,"6'0""",185.0,USA,"Carton, MI",False,LW,19,1,2,3,1.05,0.11,0.05,0.16,24.0,10.0,0,0,1,1,0,0,0,0,0,0,2,0,1,50.0,-7,39,20,5.0,4,8,11,47,25,10,3,15,9,6,60.0,3,6,4,8,0,310,198,55,58,13975,2278,922,10793,NJD,Metropolitan,Eastern
2025-2026,20251119,13,OTT,5536,Nick Cousins,ROSTER,32.0,"5'11""",183.0,Canada,"Belleville, ON",False,C,19,3,1,4,0.68,0.05,0.16,0.21,25.9,44.4,1,0,0,0,0,0,0,1,0,0,0,0,0,0.0,2,29,13,23.1,10,6,10,38,33,15,5,13,6,7,46.2,9,29,9,21,1,321,171,102,51,12594,2335,1805,8454,OTT,Atlantic,Eastern
2025-2026,20251119,6,PHI,4995,Sean Couturier,ROSTER,32.0,"6'3""",211.0,USA,"Phoenix, AZ",False,C,17,2,8,10,1.47,0.47,0.12,0.59,17.5,13.3,0,0,0,0,0,0,0,1,0,0,0,0,0,0.0,-2,54,25,8.0,12,18,11,14,14,17,8,284,146,138,51.4,4,8,2,4,0,405,174,92,141,18741,4992,876,12873,PHI,Metropolitan,Eastern
2025-2026,20251119,12,TOR,112362,Easton Cowan,ROSTER,20.0,"5'10""",170.0,Canada,"Mount Brydges, ON",True,RW,12,1,3,4,1.67,0.25,0.08,0.33,9.4,6.6,0,0,0,0,0,0,0,0,0,0,0,0,0,0.0,1,39,20,5.0,4,9,10,13,16,13,0,3,1,2,33.3,2,4,5,10,0,204,170,35,1,9516,2325,354,6798,TOR,Atlantic,Eastern
2025-2026,20251119,19,CBJ,5124,Charlie Coyle,ROSTER,33.0,"6'3""",220.0,USA,"East Weymouth, MA",False,C,20,3,11,14,1.5,0.55,0.15,0.7,21.2,0.0,1,0,1,1,0,0,0,0,0,0,1,0,1,100.0,1,55,30,10.0,11,11,14,25,13,14,8,308,159,149,51.6,0,0,3,6,0,435,217,96,123,20586,5662,926,13896,CBJ,Metropolitan,Eastern
2025-2026,20251119,13,OTT,19086,Dylan Cozens,ROSTER,24.0,"6'3""",183.0,Canada,"Whitehorse, Yukon",True,C,19,7,7,14,1.95,0.37,0.37,0.74,34.9,13.3,2,3,4,7,0,0,0,0,0,0,0,0,0,0.0,-10,72,37,18.9,10,20,15,59,22,18,2,186,101,85,54.3,4,8,4,8,0,445,238,74,140,19684,3255,764,15721,OTT,Atlantic,Eastern
2025-2026,20251119,20,CHI,34950,Louis Crevier,ROSTER,24.0,"6'8""",214.0,Canada,"Quebec City, QC",True,D,18,2,8,10,1.11,0.44,0.11,0.56,21.2,37.8,0,0,0,0,0,0,0,0,0,0,0,0,0,0.0,9,39,20,10.0,11,12,7,25,26,10,2,0,0,0,0.0,7,25,1,5,1,343,182,40,117,14923,1032,179,13511,CHI,Central,Western
2025-2026,20251119,10,PIT,3490,Sidney Crosby,ROSTER,38.0,"5'11""",200.0,Canada,"Cole Harbour, NS",False,C,19,12,9,21,2.21,0.47,0.63,1.11,16.4,33.5,4,6,1,7,0,0,0,1,0,0,2,0,1,50.0,0,78,42,28.6,10,16,20,16,15,20,7,381,200,181,52.5,8,24,4,8,0,421,223,130,74,21957,7569,2820,11332,PIT,Metropolitan,Eastern
2025-2026,20251119,30,UTA,5606,Lawson Crouse,ROSTER,28.0,"6'4""",220.0,Canada,"Mt. Brydges, ON",False,LW,20,4,4,8,1.75,0.2,0.2,0.4,34.7,10.0,1,0,0,0,0,0,0,1,0,0,0,0,0,0.0,2,70,35,11.4,13,14,21,52,10,15,3,19,9,10,47.4,3,6,3,6,0,424,187,88,153,17525,1941,809,14775,UTA,Central,Western
2025-2026,20251119,1,TBL,56653,Maxwell Crozier,ROSTER,25.0,"5'11""",161.0,Canada,"Calgary, AB",False,D,8,0,3,3,1.75,0.38,0.0,0.38,9.1,3.3,0,0,0,0,0,0,0,0,0,0,0,0,0,0.0,3,26,14,0.0,5,9,3,10,17,5,2,0,0,0,0.0,1,2,0,0,0,149,93,12,44,6917,855,36,6026,TBL,Atlantic,Eastern
2025-2026,20251119,9,NYR,30065,William Cuylle,ROSTER,23.0,"6'3""",204.0,Canada,"Toronto, ON",True,LW,21,6,6,12,2.33,0.29,0.29,0.57,49.8,23.2,2,3,1,4,0,0,0,1,0,1,0,0,0,0.0,-3,99,49,12.2,18,27,24,76,24,8,5,18,10,8,55.6,7,14,3,6,0,509,345,102,52,22094,4318,1383,15661,NYR,Metropolitan,Eastern
2025-2026,20251119,20,CHI,34951,Colton Dach,ROSTER,22.0,"6'4""",196.0,Canada,"St. Albert, AB",True,C,19,2,2,4,1.32,0.11,0.11,0.21,45.7,37.8,0,0,1,1,0,0,0,1,0,0,0,0,0,0.0,-6,46,25,8.0,11,7,14,82,26,11,7,33,12,21,36.4,7,25,8,19,1,352,242,50,61,14836,2172,487,12161,CHI,Central,Western
2025-2026,20251119,14,MTL,17199,Kirby Dach,ROSTER,24.0,"6'4""",212.0,Canada,"Fort Saskatchewan, AB",False,C,15,5,2,7,1.47,0.13,0.33,0.47,23.3,26.5,1,0,1,1,0,0,0,0,0,0,0,0,0,0.0,-2,44,22,22.7,15,7,15,21,19,8,8,107,46,61,43.0,8,16,6,12,0,266,149,58,64,12622,1855,768,9999,MTL,Atlantic,Eastern
2025-2026,20251119,7,NJD,4787,Evgenii Dadonov,ROSTER,36.0,"5'11""",189.0,Russia,Chelyabinsk,False,LW,2,0,0,0,1.5,0.0,0.0,0.0,3.3,0.0,0,0,0,0,0,0,0,0,0,0,0,0,0,0.0,0,6,3,0.0,3,1,2,1,3,4,2,0,0,0,0.0,0,0,0,0,0,31,16,8,7,1343,300,159,884,NJD,Metropolitan,Eastern
2025-2026,20251119,15,BUF,14524,Rasmus Dahlin,ROSTER,25.0,"6'3""",193.0,Sweden,Trollhättan,False,D,16,1,12,13,2.56,0.75,0.06,0.81,23.7,16.6,0,1,5,6,0,0,0,0,0,0,1,0,0,0.0,-9,107,41,2.4,19,44,22,13,24,32,8,0,0,0,0.0,5,10,7,14,0,461,261,56,145,23611,2959,1164,19488,BUF,Atlantic,Eastern
2025-2026,20251119,28,LAK,5487,Phillip Danault,ROSTER,32.0,"6'1""",201.0,Canada,"Victoriaville, QC",False,C,20,0,4,4,1.45,0.2,0.0,0.2,13.5,10.0,0,0,0,0,0,1,1,0,0,0,0,0,0,0.0,1,58,29,0.0,7,17,12,16,16,14,3,288,152,136,52.8,3,6,4,8,0,399,179,130,90,20161,3229,2047,14885,LAK,Pacific,Western
2025-2026,20251119,15,BUF,30085,Justin Danforth,ROSTER,32.0,"5'9""",185.0,Canada,"Oshawa, ON",True,RW,4,0,0,0,0.5,0.0,0.0,0.0,5.1,3.3,0,0,0,0,0,0,0,0,0,0,0,0,0,0.0,-2,6,2,0.0,4,3,1,3,2,3,0,31,17,14,54.8,1,2,0,0,0,71,31,9,31,2809,362,109,2338,BUF,Atlantic,Eastern
2025-2026,20251119,16,DET,111584,Nate Danielson,ROSTER,21.0,"6'2""",185.0,Canada,"Edmonton, AB",True,C,5,1,1,2,1.8,0.2,0.2,0.4,1.8,0.0,0,0,1,1,0,0,0,0,0,0,0,0,0,0.0,1,15,9,11.1,1,3,3,2,3,4,2,31,11,20,35.5,0,0,1,2,0,85,61,10,15,3713,453,0,3260,DET,Atlantic,Eastern
2025-2026,20251119,1,TBL,18311,Charle-Edouard D’Astous,ROSTER,27.0,"6'2""",204.0,Canada,"Rimouski, QC",False,D,12,1,4,5,0.92,0.33,0.08,0.42,14.6,24.2,0,0,1,1,0,0,0,1,0,0,0,0,0,0.0,-5,23,11,9.1,9,7,5,14,33,7,6,0,0,0,0.0,5,13,3,9,1,255,138,66,53,11825,2120,608,9101,TBL,Atlantic,Eastern
2025-2026,20251119,14,MTL,56480,Jared Davidson,ROSTER,23.0,"6'0""",181.0,Canada,"Edmonton, AB",False,C,2,0,0,0,2.5,0.0,0.0,0.0,2.2,3.3,0,0,0,0,0,0,0,0,0,0,0,0,0,0.0,0,6,5,0.0,0,1,0,5,1,1,0,0,0,0,0.0,1,2,0,0,0,26,24,1,1,999,32,0,967,MTL,Atlantic,Eastern
2025-2026,20251119,8,NYI,5424,Tony DeAngelo,ROSTER,30.0,"5'11""",180.0,USA,"Sewell, New Jersey",False,D,20,1,7,8,1.75,0.35,0.05,0.4,21.4,26.9,0,0,0,0,0,0,0,0,0,0,0,0,0,0.0,-3,71,35,2.9,17,21,15,12,15,25,2,0,0,0,0.0,6,20,1,2,0,429,257,110,63,20439,3386,2568,14485,NYI,Metropolitan,Eastern
2025-2026,20251119,16,DET,13688,Alex DeBrincat,ROSTER,27.0,"5'7""",165.0,USA,"Farmington Hills, MI",False,RW,20,9,14,23,4.0,0.7,0.45,1.15,9.2,3.3,3,6,3,9,0,0,0,1,0,0,2,1,0,0.0,-1,146,80,11.2,6,29,37,8,16,21,7,6,2,4,33.3,1,2,2,4,0,420,208,88,133,21444,5084,1019,15341,DET,Atlantic,Eastern
2025-2026,20251119,21,VAN,5609,Jake DeBrusk,ROSTER,29.0,"6'0""",188.0,Canada,"Edmonton, AB",False,LW,21,8,2,10,2.76,0.1,0.38,0.48,15.9,6.6,2,7,0,7,0,0,0,0,0,0,2,1,1,50.0,-6,92,58,13.8,9,10,24,17,18,15,2,11,5,6,45.5,2,4,4,8,0,463,190,114,167,22460,5200,1329,15999,VAN,Pacific,Western
2025-2026,20251119,19,CBJ,53014,Luca Del Bel Belluz,ROSTER,22.0,"6'1""",179.0,Canada,"Woodbridge, ON",True,C,6,0,1,1,0.83,0.17,0.0,0.17,5.2,3.3,0,0,0,0,0,0,0,0,0,0,0,0,0,0.0,0,8,5,0.0,5,2,1,1,3,0,2,26,7,19,26.9,1,2,1,2,0,74,61,5,8,3484,448,194,2842,CBJ,Metropolitan,Eastern
2025-2026,20251119,26,SJS,14536,Ty Dellandrea,ROSTER,25.0,"6'0""",184.0,Canada,"Toronto, ON",True,C,20,1,5,6,1.0,0.25,0.05,0.3,37.3,6.6,0,0,0,0,1,1,2,0,0,0,0,0,0,0.0,-5,41,20,5.0,13,12,9,58,23,8,3,230,117,113,50.9,2,4,6,12,0,367,191,84,93,16981,2325,1370,13286,SJS,Pacific,Western
2025-2026,20251119,20,CHI,39063,Ethan Del Mastro,ASSIGNED_TO_MINORS,22.0,"6'4""",210.0,Canada,"Burlington, ON",True,D,1,0,0,0,1.0,0.0,0.0,0.0,4.5,0.0,0,0,0,0,0,0,0,0,0,0,0,0,0,0.0,-1,1,1,0.0,2,0,0,6,5,1,0,0,0,0,0.0,0,0,0,0,0,25,16,1,8,1055,123,0,932,CHI,Central,Western
2025-2026,20251119,2,WPJ,5822,Dylan DeMelo,ROSTER,32.0,"6'0""",191.0,Canada,"London, ON",False,D,19,1,7,8,0.79,0.37,0.05,0.42,43.3,26.5,0,0,0,0,0,1,1,0,0,0,0,0,0,0.0,4,40,15,6.7,36,15,10,21,29,23,5,0,0,0,0.0,8,16,5,10,0,532,289,107,137,24555,5473,871,18211,WPG,,
2025-2026,20251119,14,MTL,142498,Ivan Demidov,ROSTER,,,,,,False,RW,19,4,10,14,1.21,0.53,0.21,0.74,11.2,16.6,1,1,4,5,0,0,0,1,0,0,2,1,0,0.0,4,55,23,17.4,9,14,18,6,17,18,7,0,0,0,0.0,5,10,2,4,0,322,281,37,8,16493,3398,421,12674,MTL,Atlantic,Eastern
2025-2026,20251119,26,SJS,18276,Vincent Desharnais,ROSTER,29.0,"6'6""",209.0,Canada,"Laval, QC",False,D,16,0,2,2,0.62,0.12,0.0,0.12,33.9,26.9,0,0,0,0,0,0,0,0,0,0,0,0,0,0.0,2,29,10,0.0,27,13,6,19,19,11,2,0,0,0,0.0,6,20,3,6,0,319,171,33,115,15544,1376,265,13903,SJS,Pacific,Western
2025-2026,20251119,30,UTA,13721,Nick DeSimone,ROSTER,30.0,"6'2""",190.0,USA,"East Amherst, NY",False,D,5,1,1,2,1.6,0.2,0.2,0.4,5.6,0.0,0,0,0,0,0,0,0,0,0,0,0,0,0,0.0,1,13,8,12.5,5,3,2,2,14,6,0,0,0,0,0.0,0,0,0,0,0,112,73,28,12,4448,490,612,3346,UTA,Central,Western
2025-2026,20251119,6,PHI,5341,Nicolas Deslauriers,ROSTER,34.0,"6'3""",219.0,Canada,"Lasalle, QC",False,LW,8,0,0,0,0.38,0.0,0.0,0.0,12.1,21.9,0,0,0,0,0,0,0,0,0,0,0,0,0,0.0,-2,6,3,0.0,1,0,3,26,5,2,1,0,0,0,0.0,2,10,2,10,2,81,48,14,19,3751,644,296,2811,PHI,Metropolitan,Eastern
2025-2026,20251119,10,PIT,18082,Connor Dewar,ROSTER,26.0,"5'10""",170.0,Canada,"The Pas, MB",False,C,19,4,2,6,1.79,0.11,0.21,0.32,25.3,0.0,1,0,0,0,0,0,0,1,0,0,0,0,0,0.0,0,62,34,11.8,9,14,14,39,25,6,4,6,2,4,33.3,0,0,7,17,0,367,192,78,93,15499,2329,875,11997,PIT,Metropolitan,Eastern
2025-2026,20251119,20,CHI,9073,Jason Dickinson,ROSTER,30.0,"6'2""",200.0,Canada,"Georgetown, ON",False,C,8,1,2,3,1.25,0.25,0.12,0.38,8.3,3.3,0,0,0,0,0,0,0,0,0,0,0,0,0,0.0,-1,22,10,10.0,6,5,7,6,8,10,3,126,68,58,54.0,1,2,0,0,0,171,84,42,46,6907,985,379,5543,CHI,Central,Western
2025-2026,20251119,26,SJS,142718,Sam Dickinson,ROSTER,,,,,,False,D,15,1,1,2,1.07,0.07,0.07,0.13,12.9,10.0,0,0,0,0,0,0,0,0,0,0,0,0,0,0.0,-1,32,16,6.2,9,12,4,10,19,13,4,0,0,0,0.0,3,6,2,4,0,264,225,16,25,13020,1351,70,11602,SJS,Pacific,Western
2025-2026,20251119,7,NJD,5103,Brenden Dillon,ROSTER,35.0,"6'4""",225.0,Canada,"New Westminster, BC",False,D,19,2,5,7,0.84,0.26,0.11,0.37,54.8,20.9,0,0,0,0,0,0,0,2,0,0,0,0,0,0.0,-3,44,16,12.5,35,16,12,50,22,8,5,0,0,0,0.0,4,11,3,9,1,445,242,52,151,21913,5268,967,15587,NJD,Metropolitan,Eastern
2025-2026,20251119,15,BUF,37981,Josh Doan,ROSTER,23.0,"6'1""",183.0,USA,"Scottsdale, AZ",True,RW,19,5,7,12,2.63,0.37,0.26,0.63,13.8,10.0,1,2,1,3,0,0,0,1,0,0,0,0,0,0.0,-4,81,50,10.0,5,14,16,21,27,19,13,3,2,1,66.7,3,6,7,14,0,407,273,86,54,17784,3572,361,13851,BUF,Atlantic,Eastern
2025-2026,20251119,14,MTL,14535,Noah Dobson,ROSTER,25.0,"6'4""",184.0,Canada,"Summerside, PE",False,D,19,1,11,12,1.84,0.58,0.05,0.63,41.6,16.6,0,0,1,1,0,0,0,0,0,0,0,0,0,0.0,4,75,35,2.9,41,22,18,6,36,26,6,0,0,0,0.0,5,10,1,2,0,485,254,102,130,25819,2820,960,22039,MTL,Atlantic,Eastern
2025-2026,20251119,12,TOR,5412,Max Domi,ROSTER,30.0,"5'10""",192.0,Canada,"Winnipeg, MB",False,C,20,3,3,6,1.7,0.15,0.15,0.3,15.7,23.2,1,0,2,2,0,0,0,1,0,0,0,0,0,0.0,-10,61,34,8.8,12,15,12,10,9,21,6,156,84,72,53.8,7,14,9,20,0,352,177,121,57,15570,3026,2060,10484,TOR,Atlantic,Eastern
2025-2026,20251119,20,CHI,14137,Ryan Donato,ROSTER,29.0,"6'0""",192.0,USA,"Boston, MA",False,C,19,7,5,12,1.79,0.26,0.37,0.63,14.1,16.6,2,1,0,1,0,0,0,2,0,1,1,0,0,0.0,1,74,34,20.6,4,14,26,24,28,15,5,88,38,50,43.2,5,10,1,2,0,379,195,101,86,17395,3215,1028,12911,CHI,Central,Western
2025-2026,20251119,142,VGK,29771,Pavel Dorofeyev,ROSTER,25.0,"6'0""",176.0,Russia,Nizhny Tagil,True,RW,19,11,4,15,2.95,0.21,0.58,0.79,8.7,10.0,3,7,2,9,0,0,0,1,1,0,1,0,1,100.0,-1,117,56,19.6,6,31,30,7,14,18,3,0,0,0,0.0,3,6,2,4,0,378,247,130,13,20345,5847,2440,12017,VGK,Pacific,Western
2025-2026,20251119,28,LAK,4510,Drew Doughty,ROSTER,35.0,"6'1""",202.0,Canada,"London, ON",False,D,19,2,6,8,1.26,0.32,0.11,0.42,33.3,6.6,0,0,0,0,0,1,1,0,0,0,0,0,0,0.0,7,68,24,8.3,30,30,14,11,24,25,7,0,0,0,0.0,2,4,1,2,0,488,248,95,147,25700,6234,1223,18241,LAK,Pacific,Western
2025-2026,20251119,1,TBL,38444,Curtis Douglas,ROSTER,25.0,"6'9""",248.0,Canada,"Oakville, ON",True,C,13,0,2,2,0.54,0.15,0.0,0.15,11.2,38.8,0,0,0,0,0,0,0,0,0,0,0,0,0,0.0,2,18,7,0.0,5,2,9,15,4,3,1,2,1,1,50.0,5,24,3,12,2,126,72,19,35,4667,702,10,3955,TBL,Atlantic,Eastern
2025-2026,20251119,5,WSH,9007,Nic Dowd,ROSTER,35.0,"6'1""",195.0,USA,"Huntsville, AL",False,C,19,1,4,5,1.11,0.21,0.05,0.26,22.8,23.2,0,0,0,0,0,0,0,0,0,0,0,0,0,0.0,2,37,21,4.8,9,9,7,33,22,9,6,245,123,122,50.2,7,14,5,10,0,398,174,124,99,17244,3281,1456,12731,WSH,Metropolitan,Eastern
2025-2026,20251119,24,EDM,5417,Leon Draisaitl,ROSTER,30.0,"6'2""",208.0,Germany,Köln,False,C,21,13,11,24,2.48,0.52,0.62,1.14,9.5,10.0,4,6,5,11,0,0,0,1,0,1,2,0,2,100.0,8,101,52,25.0,5,18,31,11,13,33,9,339,193,146,56.9,3,6,4,8,0,488,239,112,137,28251,7429,2008,18412,EDM,Pacific,Western
2025-2026,20251119,8,NYI,5230,Jonathan Drouin,ROSTER,30.0,"6'0""",203.0,Canada,"Ste-Agathe, QC",False,LW,19,3,11,14,1.21,0.58,0.16,0.74,9.3,19.5,1,0,3,3,0,0,0,0,0,0,1,1,0,0.0,5,52,23,13.0,8,9,19,4,8,11,4,44,21,23,47.7,3,17,5,10,0,396,197,109,93,20557,5233,1289,14035,NYI,Metropolitan,Eastern
2025-2026,20251119,22,COL,14565,Jack Drury,ROSTER,25.0,"5'11""",174.0,USA,"Winnetka, IL",True,C,19,3,4,7,1.32,0.21,0.16,0.37,18.2,16.6,1,0,0,0,0,0,0,0,0,0,0,0,0,0.0,3,50,25,12.0,16,8,17,7,35,9,3,265,139,126,52.5,5,10,4,8,0,398,226,112,63,17290,3102,2061,12127,COL,Central,Western
2025-2026,20251119,6,PHI,27448,Jamie Drysdale,ROSTER,23.0,"5'11""",187.0,Canada,"Toronto, ON",True,D,18,2,6,8,0.94,0.33,0.11,0.44,25.5,20.2,0,0,0,0,0,0,0,1,0,0,0,0,0,0.0,-5,59,17,11.8,25,27,15,4,23,13,1,0,0,0,0.0,4,16,3,6,0,474,375,63,40,23676,3688,341,19603,PHI,Metropolitan,Eastern
2025-2026,20251119,5,WSH,13710,Pierre-Luc Dubois,ROSTER,27.0,"6'3""",218.0,Canada,"Ste-Agathe-des-Monts, QC",False,LW,6,0,0,0,1.5,0.0,0.0,0.0,5.4,3.3,0,0,0,0,0,0,0,0,0,0,0,0,0,0.0,0,19,9,0.0,3,4,6,6,7,2,1,78,33,45,42.3,1,2,2,4,0,113,61,32,20,5592,1216,935,3441,WSH,Metropolitan,Eastern
2025-2026,20251119,27,DAL,4663,Matt Duchene,ROSTER,34.0,"5'11""",195.0,Canada,"Haliburton, ON",False,C,4,1,1,2,0.75,0.25,0.25,0.5,4.7,0.0,0,1,0,1,0,0,0,1,0,0,1,0,0,0.0,0,5,3,33.3,4,2,0,2,2,1,1,23,12,11,52.2,0,0,2,4,0,72,44,15,14,3467,906,86,2475,DAL,Central,Western
2025-2026,20251119,8,NYI,5441,Anthony Duclair,ROSTER,30.0,"5'11""",198.0,Canada,"Laval, QC",False,LW,20,3,4,7,1.15,0.2,0.15,0.35,13.8,6.6,1,1,0,1,0,0,0,0,0,0,1,0,0,0.0,3,43,23,13.0,14,12,8,1,8,8,2,1,1,0,100.0,2,4,2,4,0,336,151,130,58,15803,2440,1968,11346,NYI,Metropolitan,Eastern
2025-2026,20251119,5,WSH,18079,Brandon Duhaime,ROSTER,28.0,"6'0""",185.0,USA,"Parkland, FL",False,RW,19,3,1,4,0.53,0.05,0.16,0.21,32.4,35.1,1,0,0,0,0,0,0,0,0,0,0,0,0,0.0,0,32,10,30.0,16,11,11,40,24,5,2,17,3,14,17.6,6,18,8,22,2,364,194,91,80,14369,1935,838,11796,WSH,Metropolitan,Eastern
2025-2026,20251119,10,PIT,5125,Matt Dumba,ROSTER,31.0,"6'0""",180.0,Canada,"Regina, SK",False,D,6,0,2,2,0.5,0.33,0.0,0.33,9.1,20.9,0,0,0,0,0,0,0,0,0,0,0,0,0,0.0,0,11,3,0.0,5,5,3,10,5,6,4,0,0,0,0.0,4,11,1,5,1,112,65,23,24,5321,822,402,4097,PIT,Metropolitan,Eastern
2025-2026,20251119,28,LAK,5310,Brian Dumoulin,ROSTER,34.0,"6'4""",207.0,USA,"Biddeford, MN",False,D,20,0,2,2,0.9,0.1,0.0,0.1,34.2,6.6,0,0,0,0,0,0,0,0,0,0,0,0,0,0.0,-4,49,18,0.0,30,18,13,13,43,28,6,0,0,0,0.0,2,4,2,4,0,465,255,83,127,23287,3885,1755,17647,LAK,Pacific,Western
2025-2026,20251119,143,SEA,5650,Vince Dunn,ROSTER,29.0,"6'0""",203.0,Canada,"Lindsay, ON",False,D,19,3,9,12,2.42,0.47,0.16,0.63,18.9,19.9,1,0,5,5,0,0,0,0,0,0,0,0,0,0.0,-4,100,46,6.5,18,40,14,4,26,22,6,0,0,0,0.0,6,12,2,4,0,489,252,154,77,25991,4481,2500,18609,SEA,Pacific,Western
2025-2026,20251119,15,BUF,29977,Josh Dunne,ROSTER,26.0,"6'4""",210.0,USA,"OFallon, MO",True,C,13,1,1,2,0.77,0.08,0.08,0.15,12.7,34.5,0,0,0,0,0,0,0,0,0,0,0,0,0,0.0,-3,19,10,10.0,7,2,7,14,5,6,3,20,5,15,25.0,6,23,6,15,1,177,131,25,22,7247,641,291,6315,BUF,Atlantic,Eastern
2025-2026,20251119,30,UTA,14575,Sean Durzi,ROSTER,27.0,"6'0""",188.0,Canada,"Mississauga, ON",True,D,2,0,1,1,1.0,0.5,0.0,0.5,5.1,6.6,0,0,0,0,0,0,0,0,0,0,0,0,0,0.0,0,3,2,0.0,4,1,0,3,1,4,1,0,0,0,0.0,2,4,0,0,0,52,31,7,14,2271,34,72,2165,UTA,Central,Western
2025-2026,20251119,6,PHI,10069,Christian Dvorak,ROSTER,29.0,"6'1""",200.0,USA,"Palos, IL",False,C,18,6,7,13,1.83,0.39,0.33,0.72,12.9,13.3,2,0,0,0,0,1,1,0,0,0,0,0,0,0.0,5,53,33,18.2,9,9,11,10,10,11,2,200,109,91,54.5,4,8,3,6,0,402,190,87,131,18239,2379,1300,14560,PHI,Metropolitan,Eastern
2025-2026,20251119,17,STL,142730,Dalibor Dvorský,ROSTER,20.0,"6'1""",201.0,Slovakia,Zvolen,True,RW,10,3,0,3,1.4,0.0,0.3,0.3,14.0,3.3,1,3,0,3,0,0,0,0,0,0,0,0,0,0.0,-4,25,14,21.4,7,1,10,17,4,2,2,88,44,44,50.0,1,2,0,0,0,174,146,30,1,8206,1241,149,6816,STL,Central,Western
2025-2026,20251119,143,SEA,4505,Jordan Eberle,ROSTER,35.0,"5'11""",187.0,Canada,"Regina, SK",False,RW,19,8,6,14,2.58,0.32,0.42,0.74,15.8,16.6,2,1,4,5,0,0,0,2,0,0,2,0,0,0.0,4,90,49,16.3,8,15,26,19,21,17,4,15,7,8,46.7,5,10,1,2,0,438,228,107,102,22392,8307,1729,11997,SEA,Pacific,Western
2025-2026,20251119,28,LAK,5823,Joel Edmundson,ROSTER,32.0,"6'5""",224.0,Canada,"Brandon, MB",False,D,20,1,7,8,1.35,0.35,0.05,0.4,30.8,16.6,0,0,0,0,0,0,0,0,0,0,0,0,0,0.0,4,67,27,3.7,22,24,16,23,19,16,4,0,0,0,0.0,5,10,1,2,0,449,253,55,142,20829,3001,808,17020,LAK,Pacific,Western
2025-2026,20251119,9,NYR,39222,Adam Edstrom,ROSTER,25.0,"6'6""",210.0,Sweden,,True,C,18,0,2,2,0.78,0.11,0.0,0.11,26.8,3.3,0,0,0,0,0,0,0,0,0,0,0,0,0,0.0,1,25,14,0.0,11,5,6,38,7,8,5,2,2,0,100.0,1,2,0,0,0,259,172,47,30,10642,1577,616,8077,NYR,Metropolitan,Eastern
2025-2026,20251119,16,DET,37971,Simon Edvinsson,ROSTER,22.0,"6'4""",198.0,Sweden,Kungsbacka,True,D,20,3,3,6,1.2,0.15,0.15,0.3,54.2,56.7,1,0,0,0,0,0,0,1,0,0,0,0,0,0.0,-2,56,24,12.5,47,16,16,22,35,22,6,0,0,0,0.0,15,38,5,10,0,530,354,55,124,25679,3321,1008,21350,DET,Atlantic,Eastern
2025-2026,20251119,3,CAR,5419,Nikolaj Ehlers,ROSTER,29.0,"6'0""",172.0,Denmark,Aalborg,False,LW,19,4,8,12,2.89,0.42,0.21,0.63,6.4,10.0,1,1,3,4,0,0,0,2,0,0,0,0,0,0.0,6,111,55,7.3,4,28,28,6,7,24,6,15,6,9,40.0,3,6,3,6,0,356,181,67,112,18453,3003,1029,14421,CAR,Metropolitan,Eastern
2025-2026,20251119,142,VGK,5597,Jack Eichel,ROSTER,29.0,"6'2""",203.0,USA,"Chelmsford, MA",False,C,19,8,16,24,4.16,0.84,0.42,1.26,14.0,0.0,2,0,11,11,0,0,0,2,0,0,1,0,0,0.0,5,127,79,10.1,12,25,23,6,8,36,13,311,150,161,48.2,0,0,6,12,0,440,232,149,67,24198,4362,3634,16156,VGK,Pacific,Western
2025-2026,20251119,4,FLO,5414,Aaron Ekblad,ROSTER,29.0,"6'4""",215.0,Canada,"Windsor, ON",False,D,19,1,4,5,1.63,0.21,0.05,0.26,34.2,19.9,0,1,0,1,0,0,0,1,0,0,0,0,0,0.0,-6,75,31,3.2,26,28,16,22,13,9,6,0,0,0,0.0,6,12,1,2,0,522,214,95,214,25970,5018,1438,19514,FLA,,
2025-2026,20251119,24,EDM,5022,Mattias Ekholm,ROSTER,35.0,"6'4""",215.0,Sweden,Borlange,False,D,21,1,6,7,2.05,0.29,0.05,0.33,49.3,10.0,0,0,1,1,0,0,0,0,0,0,0,0,0,0.0,-4,95,43,2.3,45,34,18,15,28,31,11,0,0,0,0.0,3,6,3,6,0,509,303,76,123,25539,6058,1526,17550,EDM,Pacific,Western
2025-2026,20251119,26,SJS,32927,William Eklund,ROSTER,23.0,"5'10""",176.0,Sweden,Stockholm,True,LW,16,5,8,13,2.5,0.5,0.31,0.81,18.4,3.3,1,2,5,7,0,0,0,0,0,0,0,0,0,0.0,-8,80,40,12.5,13,21,19,14,12,17,4,6,0,6,0.0,1,2,4,8,0,350,236,54,65,19048,3630,571,14847,SJS,Pacific,Western
2025-2026,20251119,12,TOR,4866,Oliver Ekman-Larsson,ROSTER,34.0,"6'2""",200.0,Sweden,Karlskrona,False,D,20,2,12,14,1.35,0.6,0.1,0.7,32.1,23.2,0,0,3,3,0,0,0,0,0,0,0,0,0,0.0,6,65,27,7.4,22,24,14,26,27,34,5,0,0,0,0.0,7,14,3,6,0,558,295,126,139,25036,5909,1540,17587,TOR,Atlantic,Eastern
2025-2026,20251119,13,OTT,4723,Lars Eller,ROSTER,36.0,"6'2""",205.0,Denmark,Rødovre,False,C,19,2,4,6,0.95,0.21,0.11,0.32,19.8,0.0,0,0,0,0,1,0,1,0,0,0,0,0,0,0.0,-2,40,18,11.1,14,16,6,15,25,10,2,188,106,82,56.4,0,0,3,6,0,359,162,98,101,15051,5076,1423,8552,OTT,Atlantic,Eastern
2025-2026,20251119,24,EDM,30040,Ty Emberson,ROSTER,25.0,"6'1""",195.0,USA,"Eau Claire, WI",True,D,16,1,2,3,0.81,0.12,0.06,0.19,35.6,3.3,0,0,0,0,0,0,0,1,0,0,0,0,0,0.0,1,27,13,7.7,27,12,2,23,44,13,4,0,0,0,0.0,1,2,2,4,0,307,176,74,54,15107,2399,1780,10772,EDM,Pacific,Western
2025-2026,20251119,25,MIN,5615,Joel Eriksson Ek,ROSTER,28.0,"6'1""",210.0,Sweden,Karlstad,False,C,20,3,10,13,3.1,0.5,0.15,0.65,27.3,19.9,1,1,4,5,0,0,0,0,0,0,0,0,0,0.0,-3,105,62,4.8,12,20,23,37,19,10,5,434,225,209,51.8,6,12,6,12,0,417,187,132,101,24000,5761,1510,16727,MIN,Central,Western
2025-2026,20251119,27,DAL,11673,Adam Erne,ROSTER,30.0,"6'1""",212.0,USA,"New Haven, CT",False,LW,14,2,1,3,0.79,0.07,0.14,0.21,25.6,3.3,0,0,0,0,0,0,0,0,0,0,0,0,0,0.0,1,26,11,18.2,7,5,10,44,6,4,1,5,2,3,40.0,1,2,1,2,0,192,113,63,17,8082,1897,931,5207,DAL,Central,Western
2025-2026,20251119,18,NSH,28523,Luke Evangelista,ROSTER,23.0,"5'11""",166.0,Canada,"Oakville, ON",True,RW,19,2,8,10,2.0,0.42,0.11,0.53,6.0,10.0,0,1,3,4,0,0,0,0,0,0,1,1,0,0.0,0,69,38,5.3,4,9,22,5,24,19,7,0,0,0,0.0,3,6,5,10,0,343,236,65,45,17662,3174,813,13677,NSH,Central,Western
2025-2026,20251119,14,MTL,17548,Jake Evans,ROSTER,29.0,"6'0""",190.0,Canada,"Toronto, ON",False,C,19,3,3,6,1.26,0.16,0.16,0.32,27.4,13.6,1,0,0,0,1,0,1,0,0,0,0,0,0,0.0,-11,51,24,12.5,17,14,13,26,22,15,3,252,138,114,54.8,2,12,4,8,0,377,166,125,89,17993,2926,2244,12823,MTL,Atlantic,Eastern
2025-2026,20251119,143,SEA,34549,Ryker Evans,ROSTER,23.0,"5'11""",189.0,Canada,"Calgary, AB",True,D,6,2,1,3,1.17,0.17,0.33,0.5,4.6,0.0,0,0,0,0,0,0,0,0,0,0,0,0,0,0.0,2,16,7,28.6,3,5,4,4,6,8,1,0,0,0,0.0,0,0,2,4,0,129,90,16,25,6390,958,92,5340,SEA,Pacific,Western
2025-2026,20251119,11,BOS,18068,Mikey Eyssimont,ROSTER,29.0,"6'0""",192.0,USA,"Littleton, CO",False,C,21,4,6,10,2.05,0.29,0.19,0.48,14.6,27.5,1,1,3,4,0,0,0,1,0,0,0,0,0,0.0,-7,74,43,9.3,9,15,16,14,19,13,2,2,1,1,50.0,6,15,8,19,1,328,170,75,87,14558,3121,999,10438,BOS,Atlantic,Eastern
2025-2026,20251119,19,CBJ,9643,Dante Fabbro,ROSTER,27.0,"6'0""",189.0,Canada,"New Westminster, BC",False,D,20,1,3,4,1.0,0.15,0.05,0.2,42.1,6.6,0,0,0,0,0,0,0,0,0,0,0,0,0,0.0,-5,50,20,5.0,41,21,9,7,38,13,6,0,0,0,0.0,2,4,3,6,0,394,215,57,120,20122,2686,1235,16022,CBJ,Metropolitan,Eastern
2025-2026,20251119,25,MIN,38005,Brock Faber,ROSTER,23.0,"6'0""",190.0,USA,"Maple Grove, MN",True,D,20,3,6,9,2.25,0.3,0.15,0.45,39.2,3.3,1,0,4,4,0,0,0,1,0,0,0,0,0,0.0,-4,93,45,6.7,38,24,24,7,33,19,10,0,0,0,0.0,1,2,2,4,0,527,354,120,56,28713,5106,1942,21665,MIN,Central,Western
2025-2026,20251119,27,DAL,5116,Radek Faksa,ROSTER,31.0,"6'3""",220.0,Czech Republic,Opava,False,C,19,1,6,7,0.42,0.32,0.05,0.37,23.4,6.6,0,0,0,0,0,0,0,0,0,0,0,0,0,0.0,2,16,8,12.5,11,4,4,30,14,7,4,143,79,64,55.2,2,4,6,12,0,318,154,66,99,13032,2904,645,9483,DAL,Central,Western
2025-2026,20251119,19,CBJ,111258,Adam Fantilli,ROSTER,21.0,"6'2""",187.0,Canada,"Nobleton, ON",True,C,20,6,7,13,2.35,0.35,0.3,0.65,20.9,10.0,2,1,0,1,0,0,0,0,0,0,3,0,1,33.33,-4,110,47,12.8,12,36,27,22,15,21,8,171,89,82,52.0,3,6,5,10,0,373,317,51,9,20597,4274,567,15865,CBJ,Metropolitan,Eastern
2025-2026,20251119,23,CGY,14537,Joel Farabee,ROSTER,25.0,"6'0""",164.0,USA,"Cicero, NY",False,LW,21,2,5,7,1.81,0.24,0.1,0.33,22.4,14.2,0,0,2,2,0,0,0,0,0,0,0,0,0,0.0,-10,71,38,5.3,14,19,14,21,29,16,3,19,8,11,42.1,2,7,2,7,1,457,245,88,126,21749,3508,1317,16926,CGY,Pacific,Western
2025-2026,20251119,17,STL,5009,Justin Faulk,ROSTER,33.0,"6'0""",217.0,USA,"South St.Paul, MN",False,D,20,4,6,10,1.75,0.3,0.2,0.5,48.3,6.6,1,1,4,5,0,0,0,0,0,0,0,0,0,0.0,-2,68,35,11.4,43,21,12,17,23,16,5,0,0,0,0.0,2,4,0,0,0,572,305,103,168,28091,5497,1396,21198,STL,Central,Western
2025-2026,20251119,5,WSH,14569,Martin Fehervary,ROSTER,26.0,"6'2""",200.0,Slovakia,Bratislava,False,D,19,1,5,6,1.21,0.26,0.05,0.32,44.9,24.2,0,0,0,0,0,0,0,0,0,0,0,0,0,0.0,5,49,23,4.3,34,17,9,29,27,13,1,0,0,0,0.0,5,13,3,9,1,414,247,73,92,21690,2290,1346,17918,WSH,Metropolitan,Eastern
2025-2026,20251119,3,CAR,56335,Dominick Fensore,ROSTER,24.0,"5'7""",153.0,USA,"Thornwood, NY",False,D,1,0,0,0,2.0,0.0,0.0,0.0,3.3,0.0,0,0,0,0,0,0,0,0,0,0,0,0,0,0.0,-2,5,2,0.0,3,2,1,1,3,0,0,0,0,0,0.0,0,0,0,0,0,27,15,0,12,1162,46,0,1116,CAR,Metropolitan,Eastern
2025-2026,20251119,26,SJS,17138,Mario Ferraro,ROSTER,27.0,"5'11""",185.0,Canada,"King City, ON",False,D,20,1,3,4,1.0,0.15,0.05,0.2,60.8,3.3,0,0,0,0,0,0,0,0,0,0,0,0,0,0.0,-1,53,20,5.0,48,24,9,35,32,24,7,0,0,0,0.0,1,2,1,2,0,467,249,50,169,24998,2257,1149,21592,SJS,Pacific,Western
2025-2026,20251119,28,LAK,5438,Kevin Fiala,ROSTER,29.0,"5'10""",193.0,Switzerland,St. Gallen,False,LW,20,9,6,15,3.2,0.3,0.45,0.75,12.4,13.3,3,2,5,7,0,0,0,2,0,0,5,1,1,20.0,-4,122,64,14.1,8,30,28,11,20,31,5,6,1,5,16.7,4,8,5,10,0,399,192,121,95,22595,5632,2453,14810,LAK,Pacific,Western
2025-2026,20251119,1,TBL,28530,Jack Finley,ROSTER,23.0,"6'6""",213.0,USA,"St. Louis, MO",True,C,8,1,1,2,0.75,0.12,0.12,0.25,7.4,6.6,0,0,0,0,0,0,0,1,0,0,0,0,0,0.0,1,9,6,16.7,1,0,3,15,3,0,0,84,37,47,44.0,2,4,2,4,0,120,74,25,22,4438,542,313,3583,TBL,Atlantic,Eastern
2025-2026,20251119,16,DET,142439,Emmitt Finnie,ROSTER,20.0,"6'1""",195.0,Canada,"Lethbridge, AB",True,C,20,5,4,9,1.45,0.2,0.25,0.45,28.3,0.0,1,1,1,2,0,0,0,1,0,0,0,0,0,0.0,4,50,29,17.2,13,7,14,37,24,20,9,13,4,9,30.8,0,0,4,8,0,406,344,45,22,19622,3754,495,15373,DET,Atlantic,Eastern
2025-2026,20251119,143,SEA,17180,Cale Fleury,ROSTER,27.0,"6'1""",205.0,Canada,"Carlyle, SK",False,D,4,0,1,1,0.75,0.25,0.0,0.25,4.5,10.9,0,0,0,0,0,0,0,0,0,0,0,0,0,0.0,0,9,3,0.0,2,3,3,6,7,3,1,0,0,0,0.0,1,5,2,7,1,80,52,13,15,3534,453,0,3081,SEA,Pacific,Western
2025-2026,20251119,2,WPJ,5422,Haydn Fleury,ROSTER,29.0,"6'3""",208.0,Canada,"Regina, SK",False,D,15,0,0,0,0.73,0.0,0.0,0.0,34.2,10.0,0,0,0,0,0,0,0,0,0,0,0,0,0,0.0,-5,26,11,0.0,26,7,8,22,22,11,5,0,0,0,0.0,3,6,0,0,0,296,180,54,62,13382,1268,2126,9988,WPG,,
2025-2026,20251119,28,LAK,14151,Warren Foegele,ROSTER,29.0,"6'2""",198.0,Canada,"Markham, ON",False,LW,15,3,0,3,1.27,0.0,0.2,0.2,9.7,13.3,1,0,0,0,0,0,0,0,0,0,1,0,0,0.0,0,41,19,15.8,3,10,12,16,13,16,1,10,3,7,30.0,4,8,2,4,0,271,144,80,50,12252,2076,1050,9126,LAK,Pacific,Western
2025-2026,20251119,6,PHI,28514,Tyson Foerster,ROSTER,23.0,"6'2""",194.0,Canada,"Alliston, ON",True,RW,14,4,3,7,1.86,0.21,0.29,0.5,14.6,16.9,1,1,0,1,0,0,0,0,0,0,0,0,0,0.0,3,52,26,15.4,9,12,14,14,18,9,4,2,1,1,50.0,3,14,0,0,0,331,224,86,26,15208,2755,752,11701,PHI,Metropolitan,Eastern
2025-2026,20251119,25,MIN,5055,Marcus Foligno,ROSTER,34.0,"6'3""",224.0,USA,"Buffalo, NY",False,LW,19,0,2,2,0.79,0.11,0.0,0.11,43.6,37.8,0,0,0,0,0,0,0,0,0,0,0,0,0,0.0,-9,33,15,0.0,16,7,11,66,14,9,3,4,1,3,25.0,7,25,5,13,1,312,156,74,82,14851,3676,1305,9870,MIN,Central,Western
2025-2026,20251119,20,CHI,4278,Nick Foligno,ROSTER,38.0,"6'0""",208.0,USA,"Buffalo, NY",False,LW,15,0,6,6,1.07,0.4,0.0,0.4,28.1,31.8,0,0,1,1,0,0,0,0,0,0,0,0,0,0.0,2,28,16,0.0,11,5,7,41,6,7,1,164,85,79,51.8,5,16,4,14,2,308,157,60,88,12560,3656,441,8306,CHI,Central,Western
2025-2026,20251119,21,VAN,5813,Derek Forbort,INJURY_LIST,33.0,"6'4""",219.0,USA,"Duluth, MN",False,D,2,0,0,0,0.5,0.0,0.0,0.0,4.7,3.3,0,0,0,0,0,0,0,0,0,0,0,0,0,0.0,0,1,1,0.0,4,0,0,2,8,5,0,0,0,0,0.0,1,2,0,0,0,39,20,6,13,1672,304,40,1328,VAN,Pacific,Western
2025-2026,20251119,2,WPJ,79680,Parker Ford,ASSIGNED_TO_MINORS,25.0,"5'9""",181.0,USA,"Wakefield, RI",True,C,11,0,1,1,0.64,0.09,0.0,0.09,19.1,6.6,0,0,0,0,0,0,0,0,0,0,0,0,0,0.0,-2,20,7,0.0,11,5,8,20,15,1,2,65,29,36,44.6,2,4,1,2,0,152,124,19,9,6480,1622,265,4593,WPG,,
2025-2026,20251119,18,NSH,5210,Filip Forsberg,ROSTER,31.0,"6'1""",205.0,Sweden,Ostervala,False,LW,20,8,7,15,3.05,0.35,0.4,0.75,29.6,13.3,2,0,3,3,0,0,0,0,0,0,1,0,1,100.0,0,127,61,13.1,9,38,28,49,9,30,13,8,2,6,25.0,4,8,8,16,0,437,202,172,71,22912,4566,5045,13466,NSH,Central,Western
2025-2026,20251119,4,FLO,10072,Gustav Forsling,ROSTER,29.0,"6'0""",186.0,Sweden,Linkping,False,D,19,0,9,9,1.32,0.47,0.0,0.47,29.6,6.6,0,0,0,0,0,0,0,0,0,0,0,0,0,0.0,4,63,25,0.0,23,27,11,18,15,13,6,0,0,0,0.0,2,4,5,10,0,508,290,105,113,25218,3727,2439,19052,FLA,,
2025-2026,20251119,17,STL,4800,Cam Fowler,ROSTER,33.0,"6'2""",214.0,Canada,"Windsor, ON",False,D,20,0,9,9,1.5,0.45,0.0,0.45,18.0,6.6,0,0,5,5,0,1,1,0,0,0,0,0,0,0.0,-10,72,30,0.0,18,31,11,2,21,14,5,0,0,0,0.0,2,4,1,2,0,551,300,139,112,27333,5565,1651,20117,STL,Central,Western
2025-2026,20251119,9,NYR,17179,Adam Fox,ROSTER,27.0,"5'11""",181.0,USA,"Jericho, NY",False,D,21,3,13,16,2.1,0.62,0.14,0.76,37.0,16.6,1,1,3,4,0,1,1,1,0,0,0,0,0,0.0,1,118,44,6.8,33,52,23,13,31,25,16,0,0,0,0.0,5,10,4,8,0,551,277,179,78,30647,5674,2568,21468,NYR,Metropolitan,Eastern
2025-2026,20251119,5,WSH,120029,Ethan Frank,ROSTER,27.0,"5'11""",185.0,USA,"Papillion, NE",True,C,8,0,3,3,1.12,0.38,0.0,0.38,8.4,6.6,0,0,1,1,0,0,0,0,0,0,0,0,0,0.0,3,17,9,0.0,7,5,3,4,7,3,1,0,0,0,0.0,2,4,2,4,0,125,103,16,3,5243,1544,13,3809,WSH,Metropolitan,Eastern
2025-2026,20251119,24,EDM,9655,Trent Frederic,ROSTER,27.0,"6'2""",203.0,USA,"St. Louis, MO",False,C,21,1,0,1,0.9,0.0,0.05,0.05,31.3,24.2,0,0,0,0,0,0,0,1,0,0,0,0,0,0.0,-8,35,19,5.3,8,10,6,55,17,8,0,40,21,19,52.5,5,13,4,11,1,324,167,112,41,15328,3141,1850,10073,EDM,Pacific,Western
2025-2026,20251119,23,CGY,13642,Morgan Frost,ROSTER,26.0,"5'11""",170.0,Canada,"Barrie, ON",False,C,21,3,7,10,1.76,0.33,0.14,0.48,15.1,19.9,1,0,3,3,0,0,0,0,0,0,3,0,1,33.33,0,64,37,8.1,10,14,13,13,7,11,4,293,158,135,53.9,6,12,2,4,0,414,212,103,103,20253,4284,1601,14556,CGY,Pacific,Western
2025-2026,20251119,4,FLO,13855,Jonah Gadjovich,ROSTER,27.0,"6'2""",200.0,Canada,"Whitby, ON",False,LW,10,0,3,3,0.8,0.3,0.0,0.3,15.8,14.2,0,0,0,0,0,0,0,0,0,0,0,0,0,0.0,2,12,8,0.0,3,4,0,30,10,3,3,0,0,0,0.0,2,7,1,5,1,112,78,30,4,4766,977,768,3021,FLA,,
2025-2026,20251119,14,MTL,5149,Brendan Gallagher,ROSTER,33.0,"5'9""",186.0,Canada,"Edmonton, AB",False,RW,19,0,7,7,1.47,0.37,0.0,0.37,10.1,13.3,0,0,1,1,0,0,0,0,0,0,0,0,0,0.0,0,51,28,0.0,2,13,10,19,17,8,4,2,2,0,100.0,4,8,3,6,0,328,185,77,66,15120,4616,1269,9235,MTL,Atlantic,Eastern
2025-2026,20251119,21,VAN,5718,Conor Garland,ROSTER,29.0,"5'10""",165.0,USA,"Scituate, MA",False,RW,17,5,8,13,2.35,0.47,0.29,0.76,11.5,20.9,1,1,4,5,0,0,0,1,0,0,1,0,0,0.0,2,72,40,12.5,8,13,19,9,27,21,5,14,4,10,28.6,4,11,5,13,1,386,158,94,139,20276,3618,1094,15564,VAN,Pacific,Western
2025-2026,20251119,8,NYI,53056,Marc Gatcomb,ASSIGNED_TO_MINORS,26.0,"6'2""",194.0,USA,"Woburn, MA",True,C,1,0,0,0,1.0,0.0,0.0,0.0,3.0,0.0,0,0,0,0,0,0,0,0,0,0,0,0,0,0.0,0,1,1,0.0,0,0,0,7,1,0,0,0,0,0,0.0,0,0,0,0,0,12,4,0,8,513,59,0,454,NYI,Metropolitan,Eastern
2025-2026,20251119,6,PHI,120274,Jacob Gaucher,ASSIGNED_TO_MINORS,24.0,"6'3""",185.0,Canada,"Longueuil, QC",True,C,3,0,0,0,1.0,0.0,0.0,0.0,1.8,0.0,0,0,0,0,0,0,0,0,0,0,0,0,0,0.0,-1,4,3,0.0,1,0,1,2,1,2,0,19,9,10,47.4,0,0,1,2,0,38,28,2,8,1578,205,120,1253,PHI,Metropolitan,Eastern
2025-2026,20251119,26,SJS,5737,Adam Gaudette,ROSTER,29.0,"6'1""",170.0,USA,"Braintree, MA",False,RW,16,4,1,5,1.31,0.06,0.25,0.31,9.7,13.3,1,1,0,1,0,0,0,1,0,0,0,0,0,0.0,-5,39,21,19.0,3,10,8,16,14,6,3,70,33,37,47.1,4,8,1,2,0,254,129,66,63,11312,1877,667,8768,SJS,Pacific,Western
2025-2026,20251119,143,SEA,10097,Frederick Gaudreau,ROSTER,32.0,"6'0""",179.0,Canada,"Granby, QC",False,C,6,0,1,1,1.0,0.17,0.0,0.17,6.6,3.3,0,0,0,0,0,0,0,0,0,0,0,0,0,0.0,-1,10,6,0.0,6,2,2,2,4,6,2,86,33,53,38.4,1,2,1,2,0,130,51,39,40,4907,1164,426,3317,SEA,Pacific,Western
2025-2026,20251119,29,ANA,56588,Cutter Gauthier,ROSTER,21.0,"6'3""",200.0,,"Skellefteå, Sweden",False,LW,19,12,10,22,4.47,0.53,0.63,1.16,14.1,16.6,4,3,1,4,0,0,0,1,0,0,0,0,0,0.0,9,143,85,14.1,8,29,28,15,21,13,6,33,14,19,42.4,5,10,3,6,0,422,267,45,123,20311,2058,278,17943,ANA,Pacific,Western
2025-2026,20251119,9,NYR,5754,Vladislav Gavrikov,ROSTER,29.0,"6'3""",213.0,Russia,Yaroslavl,True,D,21,2,4,6,1.43,0.19,0.1,0.29,33.1,26.5,0,0,0,0,0,0,0,0,0,0,0,0,0,0.0,5,84,30,6.7,32,38,16,6,26,19,5,0,0,0,0.0,8,16,3,6,0,552,267,103,166,28811,2380,1705,23942,NYR,Metropolitan,Eastern
2025-2026,20251119,1,TBL,43380,Conor Geekie,ASSIGNED_TO_MINORS,21.0,"6'3""",196.0,Canada,"Strathclair, MB",True,C,6,0,1,1,0.83,0.17,0.0,0.17,11.2,6.6,0,0,0,0,0,0,0,0,0,0,0,0,0,0.0,0,12,5,0.0,5,3,4,15,7,5,0,21,8,13,38.1,2,4,1,2,0,88,69,18,1,3609,818,167,2624,TBL,Atlantic,Eastern
2025-2026,20251119,11,BOS,17978,Morgan Geekie,ROSTER,27.0,"6'3""",202.0,Canada,"Strathclair, MB",False,C,21,12,6,18,2.52,0.29,0.57,0.86,22.3,13.3,4,2,3,5,0,0,0,1,0,0,0,0,0,0.0,-8,89,53,22.6,9,19,17,32,28,14,6,73,33,40,45.2,4,8,10,20,0,415,226,152,49,22557,5601,3752,13204,BOS,Atlantic,Eastern
2025-2026,20251119,15,BUF,18139,Mason Geertsen,ROSTER,30.0,"6'4""",205.0,Canada,"Drayton Valley, AB",False,LW,5,0,0,0,0.2,0.0,0.0,0.0,3.4,13.6,0,0,0,0,0,0,0,0,0,0,0,0,0,0.0,-1,2,1,0.0,0,1,0,8,5,0,0,0,0,0,0.0,2,12,0,0,0,34,22,4,8,1236,240,71,925,BUF,Atlantic,Eastern
2025-2026,20251119,26,SJS,51603,Patrick Giles,ROSTER,25.0,"6'4""",201.0,USA,"Chevy Chase, MD",True,RW,3,0,1,1,0.67,0.33,0.0,0.33,3.2,0.0,0,0,0,0,0,0,0,0,0,0,0,0,0,0.0,1,5,2,0.0,2,3,0,3,3,1,0,15,9,6,60.0,0,0,0,0,0,38,21,12,5,1596,255,30,1311,SJS,Pacific,Western
2025-2026,20251119,6,PHI,14573,Adam Ginning,ROSTER,25.0,"6'4""",206.0,Sweden,Linköping,True,D,5,0,0,0,0.4,0.0,0.0,0.0,6.5,0.0,0,0,0,0,0,0,0,0,0,0,0,0,0,0.0,0,9,2,0.0,5,4,3,4,6,5,0,0,0,0,0.0,0,0,0,0,0,101,65,8,28,4602,418,47,4137,PHI,Metropolitan,Eastern
2025-2026,20251119,22,COL,13692,Samuel Girard,ROSTER,27.0,"5'10""",170.0,Canada,"Roberval, QC",False,D,4,0,1,1,0.75,0.25,0.0,0.25,5.5,0.0,0,0,0,0,0,0,0,0,0,0,0,0,0,0.0,3,13,3,0.0,4,6,4,4,6,2,1,0,0,0,0.0,0,0,0,0,0,92,58,11,23,4249,637,379,3233,COL,Central,Western
2025-2026,20251119,1,TBL,5254,Zemgus Girgensons,ROSTER,31.0,"6'2""",211.0,Latvia,Riga,False,C,12,4,1,5,1.08,0.08,0.33,0.42,26.1,10.0,1,0,0,0,0,0,0,0,0,0,0,0,0,0.0,-3,24,13,30.8,13,7,4,32,17,6,1,60,26,34,43.3,3,6,0,0,0,261,126,86,53,10884,2763,702,7419,TBL,Atlantic,Eastern
2025-2026,20251119,13,OTT,4394,Claude Giroux,ROSTER,37.0,"5'11""",185.0,Canada,"Hearst, ON",False,RW,19,4,10,14,2.0,0.53,0.21,0.74,11.6,6.6,1,1,3,4,0,0,0,1,0,0,0,0,0,0.0,4,59,38,10.5,4,10,11,18,4,19,6,137,95,42,69.3,2,4,2,4,0,460,231,109,124,18806,5819,1023,11964,OTT,Atlantic,Eastern
2025-2026,20251119,7,NJD,13621,Cody Glass,ROSTER,26.0,"6'2""",192.0,Canada,"Winnipeg, MB",False,C,10,3,0,3,1.9,0.0,0.3,0.3,6.1,10.0,1,1,0,1,0,0,0,0,0,0,0,0,0,0.0,0,26,19,15.8,5,3,4,3,9,8,0,95,46,49,48.4,3,6,3,6,0,174,88,42,47,7186,1127,252,5807,NJD,Metropolitan,Eastern
2025-2026,20251119,7,NJD,5268,Luke Glendening,ROSTER,36.0,"5'11""",191.0,USA,"Grand Rapids, MI",False,C,19,0,3,3,0.53,0.16,0.0,0.16,25.7,3.3,0,0,0,0,0,1,1,0,0,0,0,0,0,0.0,-4,18,10,0.0,17,3,5,22,18,6,1,220,120,100,54.5,1,2,0,0,0,312,133,105,72,11531,2186,911,8378,NJD,Metropolitan,Eastern
2025-2026,20251119,1,TBL,28531,Gage Goncalves,ROSTER,24.0,"6'0""",165.0,Canada,"Mission, BC",True,C,19,1,4,5,0.74,0.21,0.05,0.26,19.5,6.6,0,0,1,1,0,0,0,0,0,0,0,0,0,0.0,3,37,14,7.1,11,11,12,21,23,18,4,9,3,6,33.3,2,4,5,10,0,320,206,63,53,14604,2546,434,11623,TBL,Atlantic,Eastern
2025-2026,20251119,26,SJS,5476,Barclay Goodrow,ROSTER,32.0,"6'2""",215.0,Canada,"Aurora, ON",False,C,20,0,1,1,0.8,0.05,0.0,0.05,24.9,10.0,0,0,0,0,0,0,0,0,0,0,0,0,0,0.0,-4,29,16,0.0,14,8,5,27,14,9,3,11,5,6,45.5,3,6,1,2,0,327,149,89,89,14020,2410,1632,9978,SJS,Pacific,Western
2025-2026,20251119,3,CAR,5440,Shayne Gostisbehere,ROSTER,32.0,"5'11""",180.0,USA,"Margate, FL",False,D,10,1,11,12,1.6,1.1,0.1,1.2,13.1,6.6,0,0,2,2,0,0,0,0,0,0,0,0,0,0.0,12,39,16,6.2,11,16,7,6,8,10,2,0,0,0,0.0,2,4,2,4,0,209,112,49,50,10516,2817,771,6892,CAR,Metropolitan,Eastern
2025-2026,20251119,1,TBL,5890,Yanni Gourde,ROSTER,33.0,"5'9""",173.0,Canada,"Saint-Narcisse, QC",False,C,19,3,3,6,1.74,0.16,0.16,0.32,22.0,25.0,1,0,0,0,0,0,0,0,0,0,0,0,0,0.0,0,50,33,9.1,10,6,11,29,27,21,3,189,80,109,42.3,7,16,4,8,0,414,193,100,124,18419,4064,1525,12830,TBL,Atlantic,Eastern
2025-2026,20251119,26,SJS,133812,Collin Graf,ROSTER,23.0,"6'0""",180.0,USA,"Lincoln, MA",True,RW,19,2,5,7,0.79,0.26,0.11,0.37,19.2,0.0,0,0,0,0,1,1,2,1,0,1,0,0,0,0.0,0,39,15,13.3,12,16,8,18,12,10,4,6,3,3,50.0,0,0,2,4,0,363,271,21,73,17334,1980,48,15306,SJS,Pacific,Western
2025-2026,20251119,29,ANA,5126,Mikael Granlund,ROSTER,33.0,"5'10""",185.0,Finland,Oulu,False,C,9,3,6,9,2.33,0.67,0.33,1.0,4.1,6.6,1,1,1,2,0,0,0,0,0,0,0,0,0,0.0,3,37,21,14.3,3,5,11,3,8,7,3,142,75,67,52.8,2,4,4,8,0,192,92,56,48,9246,2808,410,6061,ANA,Pacific,Western
2025-2026,20251119,10,PIT,15450,Ryan Graves,ROSTER,30.0,"6'5""",220.0,Canada,"Yarmouth, NS",False,D,5,1,0,1,1.8,0.0,0.2,0.2,12.2,6.6,0,0,0,0,0,0,0,0,0,0,0,0,0,0.0,2,13,9,11.1,11,3,1,4,7,6,0,0,0,0,0.0,2,4,1,2,0,98,57,20,22,4950,751,804,3395,PIT,Metropolitan,Eastern
2025-2026,20251119,6,PHI,56677,Nikita Grebenkin,ROSTER,22.0,"6'2""",183.0,Russia,Serov,False,RW,12,1,2,3,0.5,0.17,0.08,0.25,11.5,27.8,0,0,0,0,0,0,0,0,0,0,0,0,0,0.0,-3,16,6,16.7,3,7,3,20,22,9,2,2,2,0,100.0,4,19,3,9,1,157,131,15,12,6903,986,91,5826,PHI,Metropolitan,Eastern
2025-2026,20251119,20,CHI,56365,Ryan Greene,ROSTER,22.0,"6'1""",179.0,Canada,"Paradise, NL and Labrador",False,C,19,2,3,5,0.58,0.16,0.11,0.26,8.5,3.3,0,0,0,0,0,0,0,0,0,0,0,0,0,0.0,5,23,11,18.2,4,7,5,11,9,8,5,163,71,92,43.6,1,2,2,4,0,400,230,44,125,16945,1698,177,14798,CHI,Central,Western
2025-2026,20251119,15,BUF,14152,Jordan Greenway,ROSTER,28.0,"6'6""",225.0,USA,"Canton, NY",False,LW,9,1,1,2,1.22,0.11,0.11,0.22,9.0,24.2,0,0,0,0,0,0,0,0,0,0,0,0,0,0.0,-5,21,11,9.1,4,4,6,12,6,3,1,13,8,5,61.5,5,13,3,9,1,198,90,26,83,8029,1452,169,6408,BUF,Atlantic,Eastern
2025-2026,20251119,4,FLO,5634,Anthony-John Greer,ROSTER,28.0,"6'3""",204.0,Canada,"Joliette, QC",False,LW,19,4,2,6,0.74,0.11,0.21,0.32,29.6,42.7,1,0,0,0,0,0,0,0,0,0,0,0,0,0.0,1,24,14,28.6,4,4,6,60,16,12,0,7,2,5,28.6,6,21,6,21,3,242,123,51,71,10438,1737,300,8401,FLA,,
2025-2026,20251119,4,FLO,15118,Noah Gregor,ROSTER,27.0,"6'0""",185.0,Canada,"Beaumont, AB",False,LW,6,0,1,1,1.17,0.17,0.0,0.17,3.5,3.3,0,0,0,0,0,0,0,0,0,0,0,0,0,0.0,1,12,7,0.0,1,2,3,6,3,1,0,0,0,0,0.0,1,2,0,0,0,71,43,12,16,2980,475,22,2483,FLA,,
2025-2026,20251119,13,OTT,28535,Ridly Greig,ROSTER,23.0,"6'0""",181.0,Canada,"Lethbridge, AB",True,C,19,2,6,8,1.58,0.32,0.11,0.42,23.1,31.6,0,0,2,2,0,0,0,0,0,0,0,0,0,0.0,-1,55,30,6.7,13,14,11,25,33,10,5,121,70,51,57.9,9,20,7,14,0,465,271,76,120,19629,3244,732,15653,OTT,Atlantic,Eastern
2025-2026,20251119,23,CGY,142358,Matvei Gridin,ASSIGNED_TO_MINORS,,,,,,False,RW,4,1,0,1,2.25,0.0,0.25,0.25,3.3,0.0,0,0,0,0,0,0,0,0,0,0,1,0,0,0.0,-3,15,9,11.1,3,4,2,1,4,6,2,4,0,4,0.0,0,0,0,0,0,76,68,8,1,3532,574,41,2917,CGY,Pacific,Western
2025-2026,20251119,7,NJD,56524,Arseni Gritsyuk,ROSTER,24.0,"5'10""",168.0,Russia,Krasnoyarsk,False,RW,19,4,6,10,2.26,0.32,0.21,0.53,14.1,10.0,1,2,1,3,0,0,0,0,0,0,1,0,0,0.0,-1,78,43,9.3,4,16,19,24,23,8,6,6,4,2,66.7,3,6,1,2,0,360,243,72,48,16743,2071,940,13673,NJD,Metropolitan,Eastern
2025-2026,20251119,6,PHI,15134,Carl Grundstrom,ASSIGNED_TO_MINORS,27.0,"6'0""",201.0,Sweden,Umeå,False,RW,1,0,0,0,0.0,0.0,0.0,0.0,1.8,0.0,0,0,0,0,0,0,0,0,0,0,0,0,0,0.0,0,1,0,0.0,1,0,1,2,3,1,0,0,0,0,0.0,0,0,0,0,0,15,7,4,4,617,113,108,396,PHI,Metropolitan,Eastern
2025-2026,20251119,20,CHI,11572,Matt Grzelcyk,ROSTER,31.0,"5'9""",174.0,USA,"Charlestown, MA",False,D,19,0,4,4,1.26,0.21,0.0,0.21,17.8,13.6,0,0,0,0,0,0,0,0,0,0,0,0,0,0.0,11,47,24,0.0,16,10,13,6,19,16,6,0,0,0,0.0,2,12,1,2,0,392,200,82,108,17472,2943,1152,13133,CHI,Central,Western
2025-2026,20251119,29,ANA,5185,Radko Gudas,ROSTER,35.0,"6'0""",205.0,Czech Republic,Prague,False,D,8,0,2,2,1.12,0.25,0.0,0.25,24.9,3.3,0,0,0,0,0,0,0,0,0,0,0,0,0,0.0,-5,22,9,0.0,14,8,5,27,12,6,3,0,0,0,0.0,1,2,0,0,0,158,95,15,49,7315,1473,409,5400,ANA,Pacific,Western
2025-2026,20251119,19,CBJ,4988,Erik Gudbranson,ROSTER,33.0,"6'5""",217.0,Canada,"Ottawa, ON",False,D,4,0,0,0,0.75,0.0,0.0,0.0,3.1,10.0,0,0,0,0,0,0,0,0,0,0,0,0,0,0.0,-2,7,3,0.0,1,3,1,5,4,3,1,0,0,0,0.0,3,6,0,0,0,75,36,8,28,3562,700,350,2303,CBJ,Metropolitan,Eastern
2025-2026,20251119,30,UTA,33436,Dylan Guenther,ROSTER,22.0,"6'2""",175.0,Canada,"Edmonton, AB",True,RW,20,8,7,15,3.5,0.35,0.4,0.75,13.5,10.0,2,2,2,4,0,0,0,4,0,2,0,0,0,0.0,-1,128,70,11.4,6,26,32,18,29,21,5,22,10,12,45.5,3,6,6,12,0,421,262,55,112,21234,3842,464,16928,UTA,Central,Western
2025-2026,20251119,1,TBL,11327,Jake Guentzel,ROSTER,31.0,"5'11""",180.0,USA,"Omaha, NE",False,C,19,11,9,20,3.0,0.47,0.58,1.05,14.4,6.6,3,3,3,6,1,0,1,1,0,0,0,0,0,0.0,3,91,57,19.3,12,13,21,7,14,13,6,87,47,40,54.0,2,4,4,8,0,444,217,131,107,23822,6124,3406,14255,TBL,Atlantic,Eastern
2025-2026,20251119,14,MTL,28518,Kaiden Guhle,ROSTER,23.0,"6'2""",205.0,Canada,"Sherwood Park, AB",True,D,5,1,1,2,1.4,0.2,0.2,0.4,11.6,14.2,0,0,0,0,0,0,0,1,0,0,0,0,0,0.0,1,13,7,14.3,5,5,1,16,12,7,3,0,0,0,0.0,2,7,3,9,1,103,63,14,28,5772,629,59,5084,MTL,Atlantic,Eastern
2025-2026,20251119,1,TBL,17379,Brandon Hagel,ROSTER,27.0,"6'0""",175.0,Canada,"Saskatoon, SK",True,LW,18,7,8,15,2.78,0.44,0.39,0.83,13.7,16.6,2,1,2,3,0,0,0,2,0,0,0,0,0,0.0,4,111,50,14.0,9,22,39,12,28,22,8,15,6,9,40.0,5,10,9,18,0,426,240,130,64,20948,5137,2676,13163,TBL,Atlantic,Eastern
2025-2026,20251119,18,NSH,14446,Nicolas Hague,ROSTER,26.0,"6'6""",221.0,Canada,"Kitchener, ON",False,D,12,1,2,3,0.75,0.17,0.08,0.25,16.7,10.0,0,0,0,0,0,0,0,0,0,0,0,0,0,0.0,-7,34,9,11.1,9,16,9,19,17,11,2,0,0,0,0.0,3,6,0,0,0,289,160,39,91,14465,1818,772,11875,NSH,Central,Western
2025-2026,20251119,25,MIN,53028,Hunter Haight,ASSIGNED_TO_MINORS,21.0,"5'11""",174.0,Canada,"Strathroy, ON",True,C,2,0,0,0,0.0,0.0,0.0,0.0,0.9,0.0,0,0,0,0,0,0,0,0,0,0,0,0,0,0.0,-2,0,0,0.0,0,0,0,2,4,0,0,16,7,9,43.8,0,0,0,0,0,24,16,0,8,1124,111,0,1013,MIN,Central,Western
2025-2026,20251119,3,CAR,4846,Taylor Hall,ROSTER,34.0,"6'1""",205.0,Canada,"Calgary, AB",False,LW,19,5,7,12,1.68,0.37,0.26,0.63,10.0,16.6,1,0,0,0,0,0,0,0,0,0,0,0,0,0.0,6,72,32,15.6,6,21,19,10,35,15,7,15,5,10,33.3,5,10,5,10,0,335,173,92,75,16158,4847,702,10609,CAR,Metropolitan,Eastern
2025-2026,20251119,10,PIT,14581,Filip Hallander,ROSTER,25.0,"6'2""",188.0,Sweden,Sundsvall,True,C,13,1,3,4,1.69,0.23,0.08,0.31,6.1,3.3,0,0,0,0,1,0,1,1,0,0,0,0,0,0.0,4,47,22,4.5,5,13,12,3,11,12,2,2,0,2,0.0,1,2,3,6,0,234,140,56,39,10251,2053,813,7385,PIT,Metropolitan,Eastern
2025-2026,20251119,7,NJD,53065,Brian Halonen,ROSTER,26.0,"6'0""",205.0,USA,"Delano, MN",True,LW,9,1,0,1,0.44,0.0,0.11,0.11,9.6,10.9,0,0,0,0,0,0,0,1,0,0,0,0,0,0.0,-1,11,4,25.0,2,3,4,18,9,2,2,0,0,0,0.0,1,5,1,5,1,96,80,16,1,4051,1215,211,2625,NJD,Metropolitan,Eastern
2025-2026,20251119,7,NJD,4994,Dougie Hamilton,ROSTER,32.0,"6'6""",229.0,Canada,"Toronto, ON",False,D,15,4,3,7,2.53,0.2,0.27,0.47,24.5,11.7,1,2,2,4,0,0,0,1,0,0,0,0,0,0.0,0,84,38,10.5,19,28,18,15,17,27,2,0,0,0,0.0,3,8,1,2,0,373,197,51,129,18816,4755,833,13228,NJD,Metropolitan,Eastern
2025-2026,20251119,16,DET,4915,Travis Hamonic,ROSTER,35.0,"6'2""",205.0,Canada,"St. Malo, MB",False,D,11,0,1,1,1.0,0.09,0.0,0.09,16.8,28.5,0,0,0,0,0,0,0,0,0,0,0,0,0,0.0,-3,20,11,0.0,14,8,1,8,16,10,2,0,0,0,0.0,4,14,2,10,2,222,124,36,62,9196,1959,541,6696,DET,Atlantic,Eastern
2025-2026,20251119,142,VGK,5600,Noah Hanifin,ROSTER,28.0,"6'3""",215.0,USA,"Boston, MA",False,D,9,1,3,4,2.78,0.33,0.11,0.44,12.6,3.3,0,0,1,1,0,0,0,0,0,0,0,0,0,0.0,-4,59,25,4.0,11,18,16,5,19,8,4,0,0,0,0.0,1,2,1,2,0,254,134,48,73,12604,1024,604,10976,VGK,Pacific,Western
2025-2026,20251119,23,CGY,8966,Joel Hanley,ROSTER,34.0,"5'11""",190.0,Canada,"Keswick, ON",False,D,18,0,3,3,0.67,0.17,0.0,0.17,29.8,20.9,0,0,0,0,0,0,0,0,0,0,0,0,0,0.0,-4,39,12,0.0,25,15,12,14,42,19,4,0,0,0,0.0,4,11,1,5,1,478,248,100,130,18150,2192,1831,14127,CGY,Pacific,Western
2025-2026,20251119,29,ANA,14456,Jansen Harkins,ROSTER,28.0,"6'1""",183.0,USA,"North Vancouver, BC, Canada",True,C,9,1,0,1,0.56,0.0,0.11,0.11,16.6,3.3,0,0,0,0,0,0,0,0,0,0,0,0,0,0.0,-1,8,5,20.0,3,2,1,32,5,3,2,61,32,29,52.5,1,2,3,6,0,126,70,37,20,5093,923,447,3723,ANA,Pacific,Western
2025-2026,20251119,27,DAL,20433,Thomas Harley,ROSTER,24.0,"6'3""",188.0,USA,"Syracuse, NY",True,D,18,1,9,10,1.17,0.5,0.06,0.56,44.8,13.3,0,0,3,3,0,0,0,0,0,0,0,0,0,0.0,-7,66,21,4.8,43,33,12,9,32,26,7,0,0,0,0.0,4,8,2,4,0,444,279,97,64,24824,3915,1502,19137,DAL,Central,Western
2025-2026,20251119,11,BOS,38615,Jordan Harris,ROSTER,25.0,"5'11""",189.0,USA,"Haverhill, MA",True,D,5,1,1,2,1.8,0.2,0.2,0.4,4.6,0.0,0,0,0,0,0,0,0,0,0,0,0,0,0,0.0,0,12,9,11.1,3,1,2,4,15,5,1,0,0,0,0.0,0,0,0,0,0,106,72,18,17,4689,1056,345,3288,BOS,Atlantic,Eastern
2025-2026,20251119,25,MIN,5522,Ryan Hartman,ROSTER,31.0,"6'0""",189.0,USA,"Hilton Head Island, SC",False,RW,20,4,3,7,2.05,0.15,0.2,0.35,26.3,10.0,1,1,0,1,0,0,0,1,0,0,0,0,0,0.0,-4,91,41,9.8,19,22,28,19,22,13,9,255,112,143,43.9,3,6,7,14,0,340,165,137,42,19178,3480,2966,12732,MIN,Central,Western
2025-2026,20251119,6,PHI,5926,Garnet Hathaway,ROSTER,33.0,"6'3""",210.0,USA,"Naples, FL",False,RW,18,0,0,0,0.44,0.0,0.0,0.0,41.1,34.2,0,0,0,0,0,0,0,0,0,0,0,0,0,0.0,-7,14,8,0.0,12,2,4,69,21,7,1,5,4,1,80.0,8,19,8,19,1,267,137,48,82,10705,1859,537,8309,PHI,Metropolitan,Eastern
2025-2026,20251119,18,NSH,5301,Erik Haula,ROSTER,34.0,"6'0""",193.0,Finland,Pori,False,LW,20,3,7,10,1.3,0.35,0.15,0.5,21.5,29.9,1,1,2,3,0,0,0,0,0,0,1,0,1,100.0,-4,53,26,11.5,9,15,12,30,14,13,7,215,112,103,52.1,9,18,2,4,0,429,194,125,114,19380,4710,1237,13591,NSH,Central,Western
2025-2026,20251119,143,SEA,12273,John Hayden,ASSIGNED_TO_MINORS,30.0,"6'3""",215.0,USA,"Chicago, IL",False,C,3,0,0,0,0.67,0.0,0.0,0.0,4.9,3.3,0,0,0,0,0,0,0,0,0,0,0,0,0,0.0,-1,5,2,0.0,2,2,1,7,0,2,1,15,6,9,40.0,1,2,0,0,0,42,19,11,12,1814,490,44,1280,SEA,Pacific,Western
2025-2026,20251119,10,PIT,5461,Kevin Hayes,ROSTER,33.0,"6'5""",216.0,USA,"Boston, MA",False,RW,4,0,1,1,1.25,0.25,0.0,0.25,4.0,0.0,0,0,0,0,0,0,0,0,0,0,0,0,0,0.0,1,9,5,0.0,1,2,2,7,2,2,0,22,8,14,36.4,0,0,0,0,0,61,34,25,2,2784,585,254,1945,PIT,Metropolitan,Eastern
2025-2026,20251119,30,UTA,14528,Barrett Hayton,ROSTER,25.0,"6'1""",190.0,Canada,"Kitchener, ON",False,C,18,2,2,4,1.5,0.11,0.11,0.22,9.0,20.2,0,0,0,0,0,0,0,0,0,0,0,0,0,0.0,1,49,27,7.4,9,8,14,1,14,12,4,196,100,96,51.0,4,16,5,10,0,379,231,102,48,16850,3065,1405,12380,UTA,Central,Western
2025-2026,20251119,1,TBL,4685,Victor Hedman,ROSTER,34.0,"6'6""",229.0,Sweden,Ornskoldsvik,False,D,15,0,12,12,1.53,0.8,0.0,0.8,29.7,6.6,0,0,6,6,0,0,0,0,0,0,0,0,0,0.0,1,73,23,0.0,28,26,24,7,10,25,5,0,0,0,0.0,2,4,5,10,0,392,215,58,119,20336,6813,1204,12319,TBL,Atlantic,Eastern
2025-2026,20251119,8,NYI,30049,Emil Heineman,ROSTER,24.0,"6'1""",185.0,Sweden,Leksand,True,LW,20,9,5,14,2.1,0.25,0.45,0.7,39.3,13.3,3,1,0,1,0,0,0,0,0,0,0,0,0,0.0,6,83,42,21.4,11,20,21,67,31,9,3,4,3,1,75.0,4,8,1,2,0,397,298,70,38,17880,3149,571,14160,NYI,Metropolitan,Eastern
2025-2026,20251119,10,PIT,10076,Danton Heinen,ROSTER,30.0,"6'1""",188.0,Canada,"Langley, BC",False,LW,4,0,0,0,1.5,0.0,0.0,0.0,7.0,3.3,0,0,0,0,0,0,0,0,0,0,0,0,0,0.0,0,11,6,0.0,6,3,2,3,2,0,0,4,2,2,50.0,1,2,0,0,0,67,32,20,15,2781,314,412,2055,PIT,Metropolitan,Eastern
2025-2026,20251119,27,DAL,13618,Miro Heiskanen,ROSTER,26.0,"6'1""",190.0,Finland,Espoo,False,D,20,3,15,18,2.4,0.75,0.15,0.9,33.1,10.0,1,1,6,7,0,0,0,1,0,0,0,0,0,0.0,-1,88,48,6.2,33,25,15,4,48,23,13,0,0,0,0.0,3,6,8,16,0,500,284,147,65,30477,6906,2938,20320,DAL,Central,Western
2025-2026,20251119,28,LAK,37992,Samuel Helenius,ROSTER,22.0,"6'6""",201.0,Finland,Järvenpää,True,C,2,0,0,0,1.0,0.0,0.0,0.0,4.8,0.0,0,0,0,0,0,0,0,0,0,0,0,0,0,0.0,-1,3,2,0.0,1,0,1,9,1,1,0,11,3,8,27.3,0,0,0,0,0,25,23,0,2,1100,106,0,994,LAK,Pacific,Western
2025-2026,20251119,29,ANA,38013,Drew Helleson,ROSTER,24.0,"6'3""",205.0,USA,"Farmington, MN",True,D,19,2,7,9,1.05,0.37,0.11,0.47,33.2,3.3,0,0,0,0,0,2,2,0,0,0,0,0,0,0.0,-1,54,20,10.0,24,25,9,24,31,15,7,0,0,0,0.0,1,2,2,4,0,492,199,47,248,21916,1349,306,20261,ANA,Pacific,Western
2025-2026,20251119,24,EDM,4983,Adam Henrique,ROSTER,35.0,"6'0""",195.0,Canada,"Brantford, ON",False,C,21,2,4,6,1.57,0.19,0.1,0.29,30.0,3.3,0,0,1,1,0,0,0,0,0,0,0,0,0,0.0,-7,57,33,6.1,27,13,11,10,8,16,6,196,115,81,58.7,1,2,0,0,0,400,203,90,102,17703,5303,749,11396,EDM,Pacific,Western
2025-2026,20251119,142,VGK,5255,Tomas Hertl,ROSTER,32.0,"6'2""",215.0,Czech Republic,Prague,False,C,19,8,9,17,2.79,0.47,0.42,0.89,17.5,13.3,2,3,3,6,0,0,0,1,0,0,0,0,0,0.0,2,98,53,15.1,8,23,22,23,18,14,7,311,183,128,58.8,4,8,5,12,0,386,167,111,116,20585,5264,1514,13712,VGK,Pacific,Western
2025-2026,20251119,25,MIN,5841,Vincent Hinostroza,ROSTER,31.0,"5'9""",173.0,USA,"Chicago, IL",False,C,20,2,3,5,1.0,0.15,0.1,0.25,12.9,6.6,0,0,1,1,0,0,0,1,0,0,0,0,0,0.0,-5,46,20,10.0,5,13,13,19,19,15,6,22,11,11,50.0,2,4,5,12,0,271,115,93,65,13735,3258,1188,9289,MIN,Central,Western
2025-2026,20251119,27,DAL,5643,Roope Hintz,ROSTER,29.0,"6'3""",220.0,Finland,Tampere,False,C,15,4,12,16,3.07,0.8,0.27,1.07,10.4,3.3,1,1,7,8,0,0,0,1,0,1,0,0,0,0.0,1,67,46,8.7,5,6,15,13,9,11,0,227,129,98,56.8,1,2,1,2,0,354,156,95,107,16465,3816,974,11675,DAL,Central,Western
2025-2026,20251119,7,NJD,13616,Nico Hischier,ROSTER,26.0,"6'1""",175.0,Switzerland,Naters,False,C,19,4,9,13,2.05,0.47,0.21,0.68,25.2,6.6,1,0,3,3,0,0,0,0,0,0,0,0,0,0.0,5,84,39,10.3,21,24,21,12,9,16,9,382,203,179,53.1,2,4,4,8,0,476,229,113,136,23761,4443,1542,17683,NJD,Metropolitan,Eastern
2025-2026,20251119,13,OTT,38443,Hayden Hodgson,ROSTER,29.0,"6'2""",207.0,Canada,"Windsor, ON",True,RW,3,0,0,0,0.0,0.0,0.0,0.0,4.7,0.0,0,0,0,0,0,0,0,0,0,0,0,0,0,0.0,-1,2,0,0.0,0,0,2,11,3,0,0,0,0,0,0.0,0,0,0,0,0,32,22,8,2,1353,246,91,1016,OTT,Atlantic,Eastern
2025-2026,20251119,17,STL,30060,Dylan Holloway,ROSTER,24.0,"6'1""",203.0,Canada,"Calgary, AB",True,LW,20,5,4,9,2.2,0.2,0.25,0.45,36.1,6.6,1,1,1,2,0,0,0,0,0,0,1,1,0,0.0,-10,88,44,11.4,14,34,10,53,30,16,4,12,7,5,58.3,2,4,4,8,0,430,273,103,59,22152,4673,2266,15213,STL,Central,Western
2025-2026,20251119,1,TBL,39074,Pontus Holmberg,ROSTER,26.0,"5'10""",175.0,Sweden,Västerås,True,RW,15,1,4,5,1.0,0.27,0.07,0.33,14.4,16.6,0,0,0,0,0,0,0,1,0,0,0,0,0,0.0,1,31,15,6.7,7,7,9,18,21,8,2,35,11,24,31.4,5,10,6,12,0,271,159,75,38,11157,2069,707,8381,TBL,Atlantic,Eastern
2025-2026,20251119,8,NYI,18114,Simon Holmstrom,ROSTER,24.0,"6'0""",193.0,Sweden,Tranas,False,RW,19,4,5,9,1.05,0.26,0.21,0.47,23.1,10.0,1,0,0,0,1,1,2,1,0,0,2,0,1,50.0,-6,45,20,20.0,22,11,14,5,16,12,4,4,2,2,50.0,3,6,5,10,0,405,240,80,90,17871,2844,1215,13887,NYI,Metropolitan,Eastern
2025-2026,20251119,142,VGK,30063,Alexander Holtz,ROSTER,23.0,"6'0""",192.0,Sweden,Stockholm,True,RW,7,0,0,0,1.71,0.0,0.0,0.0,3.7,8.4,0,0,0,0,0,0,0,0,0,0,0,0,0,0.0,-1,24,12,0.0,3,5,7,2,7,4,0,2,0,2,0.0,2,6,1,2,0,111,82,28,1,4765,1475,252,3038,VGK,Pacific,Western
2025-2026,20251119,23,CGY,111747,Samuel Honzek,ROSTER,21.0,"6'4""",186.0,Slovakia,Trencin,True,LW,18,2,2,4,1.22,0.11,0.11,0.22,20.8,3.3,0,0,0,0,0,0,0,0,0,0,0,0,0,0.0,1,42,22,9.1,6,8,12,35,14,9,1,11,6,5,54.5,1,2,3,6,0,342,286,21,37,13329,1580,76,11673,CGY,Pacific,Western
2025-2026,20251119,8,NYI,5233,Bo Horvat,ROSTER,30.0,"6'0""",215.0,Canada,"London, ON",False,C,20,13,11,24,3.35,0.55,0.65,1.2,11.7,25.3,4,3,5,8,1,0,1,3,0,0,2,1,0,0.0,12,114,67,19.4,6,23,24,14,14,22,4,369,216,153,58.5,5,20,3,6,0,488,226,152,123,24747,5239,3385,16123,NYI,Metropolitan,Eastern
2025-2026,20251119,24,EDM,56664,Isaac Howard,ASSIGNED_TO_MINORS,21.0,"5'10""",180.0,USA,"Hudson, WI",False,LW,17,2,1,3,1.12,0.06,0.12,0.18,2.2,16.6,0,0,0,0,0,0,0,0,0,0,1,1,0,0.0,-2,40,19,10.5,1,10,11,3,11,9,1,0,0,0,0.0,5,10,1,2,0,222,161,22,40,9689,1395,365,7916,EDM,Pacific,Western
2025-2026,20251119,142,VGK,14608,Brett Howden,ROSTER,27.0,"6'3""",197.0,Canada,"Calgary, AB",False,C,15,3,2,5,0.93,0.13,0.2,0.33,12.7,10.0,1,0,0,0,0,0,0,0,0,0,0,0,0,0.0,-4,27,14,21.4,3,5,8,23,20,11,3,106,59,47,55.7,3,6,7,14,0,293,145,109,42,12869,2489,1721,8730,VGK,Pacific,Western
2025-2026,20251119,21,VAN,15157,Filip Hronek,ROSTER,28.0,"6'0""",183.0,Czech Republic,Hradec Kralove,False,D,21,1,11,12,1.14,0.52,0.05,0.57,48.4,13.3,0,1,3,4,0,0,0,0,0,0,0,0,0,0.0,3,66,24,4.2,31,26,16,44,38,26,11,0,0,0,0.0,4,8,3,6,0,575,264,83,228,30792,4089,1297,25405,VAN,Pacific,Western
2025-2026,20251119,27,DAL,142430,Justin Hryckowian,ROSTER,,,,,,False,C,19,2,2,4,0.84,0.11,0.11,0.21,17.4,17.6,0,1,0,1,0,0,0,0,0,0,0,0,0,0.0,-3,29,16,12.5,7,4,9,25,18,3,5,45,26,19,57.8,3,9,6,17,1,281,239,24,18,12874,2256,44,10482,DAL,Central,Western
2025-2026,20251119,23,CGY,4987,Jonathan Huberdeau,ROSTER,32.0,"6'1""",202.0,Canada,"Saint-Jerome, QC",False,LW,16,4,5,9,1.88,0.31,0.25,0.56,12.0,6.6,1,1,0,1,0,0,0,1,0,0,1,0,0,0.0,-1,58,30,13.3,9,12,16,8,9,18,3,6,2,4,33.3,2,4,6,12,0,388,181,108,103,18924,5302,1814,11808,CGY,Pacific,Western
2025-2026,20251119,7,NJD,17125,Jack Hughes,ROSTER,24.0,"5'11""",170.0,USA,"Orlando, FL",False,C,17,10,10,20,4.06,0.59,0.59,1.18,10.4,0.0,3,1,4,5,0,0,0,2,0,1,0,0,0,0.0,3,127,69,14.5,10,34,24,2,13,35,12,153,52,101,34.0,0,0,6,12,0,387,256,70,71,21570,4060,729,16781,NJD,Metropolitan,Eastern
2025-2026,20251119,7,NJD,37969,Luke Hughes,ROSTER,22.0,"6'2""",184.0,USA,"Canton, MI",True,D,19,1,10,11,2.16,0.53,0.05,0.58,20.6,33.2,0,0,3,3,0,0,0,0,0,0,0,0,0,0.0,0,115,41,2.4,18,54,20,8,24,27,6,0,0,0,0.0,10,20,1,2,0,492,348,101,42,26392,5580,1423,19298,NJD,Metropolitan,Eastern
2025-2026,20251119,21,VAN,14530,Quinn Hughes,ROSTER,26.0,"5'10""",170.0,USA,"Orlando, FL",False,D,16,1,19,20,2.81,1.19,0.06,1.25,16.6,10.0,0,1,9,10,0,0,0,0,0,0,0,0,0,0.0,-1,115,45,2.2,17,45,25,1,10,22,4,0,0,0,0.0,3,6,6,12,0,387,224,109,55,25888,4925,4597,16366,VAN,Pacific,Western
2025-2026,20251119,25,MIN,30091,Daemon Hunt,ROSTER,23.0,"6'0""",198.0,Canada,"Brandon, MB",True,D,6,0,1,1,0.17,0.17,0.0,0.17,9.8,0.0,0,0,0,0,0,0,0,0,0,0,0,0,0,0.0,2,7,1,0.0,8,4,2,5,13,3,1,0,0,0,0.0,0,0,3,8,0,95,53,10,32,4162,441,206,3515,MIN,Central,Western
2025-2026,20251119,14,MTL,56477,Lane Hutson,ROSTER,21.0,"5'8""",158.0,USA,"Chicago, IL",False,D,19,2,14,16,1.58,0.74,0.11,0.84,32.8,0.0,0,0,3,3,0,0,0,1,0,0,0,0,0,0.0,-2,68,30,6.7,29,31,7,12,46,26,9,0,0,0,0.0,0,0,6,12,0,451,324,36,93,26211,4270,547,21394,MTL,Atlantic,Eastern
2025-2026,20251119,142,VGK,5825,Ben Hutton,ROSTER,32.0,"6'2""",206.0,Canada,"Prescott, ON",False,D,12,1,3,4,1.42,0.25,0.08,0.33,16.3,10.9,0,0,0,0,0,0,0,0,0,0,0,0,0,0.0,-1,36,17,5.9,14,12,7,7,24,15,3,0,0,0,0.0,1,5,2,7,1,241,117,53,72,10663,2141,1272,7250,VGK,Pacific,Western
2025-2026,20251119,24,EDM,5562,Zach Hyman,ROSTER,33.0,"6'1""",211.0,Canada,"Toronto, ON",False,LW,2,0,1,1,2.5,0.5,0.0,0.5,7.4,0.0,0,0,0,0,0,0,0,0,0,0,0,0,0,0.0,-1,9,5,0.0,1,1,3,15,4,1,1,0,0,0,0.0,0,0,0,0,0,42,24,11,7,2716,1150,311,1255,EDM,Pacific,Western
2025-2026,20251119,2,WPJ,13690,Alex Iafallo,ROSTER,31.0,"6'0""",188.0,USA,"Eden, NY",False,LW,19,4,4,8,1.68,0.21,0.21,0.42,18.7,6.6,1,2,2,4,0,0,0,1,0,0,0,0,0,0.0,3,55,32,12.5,12,8,15,17,6,6,4,8,6,2,75.0,2,4,4,8,0,380,189,141,54,17829,4188,2958,10683,WPG,,
2025-2026,20251119,26,SJS,34832,Vincent Iorio,ASSIGNED_TO_MINORS,23.0,"6'4""",200.0,Canada,"Coquitlam, BC",True,D,6,0,0,0,0.5,0.0,0.0,0.0,7.0,6.6,0,0,0,0,0,0,0,0,0,0,0,0,0,0.0,-3,4,3,0.0,6,1,0,3,5,7,0,0,0,0,0.0,2,4,0,0,0,128,93,5,30,5880,621,36,5223,SJS,Pacific,Western
2025-2026,20251119,1,TBL,56357,Dominic James,ROSTER,23.0,"6'0""",190.0,USA,"Plymouth, MI",True,C,10,1,3,4,1.2,0.3,0.1,0.4,12.4,6.6,0,0,0,0,0,0,0,0,0,0,0,0,0,0.0,1,29,12,8.3,4,8,9,20,15,7,2,75,34,41,45.3,2,4,1,2,0,165,132,29,5,7523,1536,228,5759,TBL,Atlantic,Eastern
2025-2026,20251119,3,CAR,11413,Mark Jankowski,ROSTER,31.0,"6'4""",212.0,Canada,"Hamilton, ON",False,LW,10,1,2,3,0.7,0.2,0.1,0.3,7.0,10.0,0,0,0,0,0,0,0,1,0,0,0,0,0,0.0,3,18,7,14.3,6,4,7,3,15,4,0,91,52,39,57.1,3,6,0,0,0,157,76,39,43,6224,951,528,4745,CAR,Metropolitan,Eastern
2025-2026,20251119,24,EDM,5827,Mattias Janmark,ROSTER,32.0,"6'1""",195.0,Sweden,Danderyd,False,C,5,0,0,0,0.4,0.0,0.0,0.0,0.4,3.3,0,0,0,0,0,0,0,0,0,0,0,0,0,0.0,-2,5,2,0.0,0,1,2,1,0,2,0,2,1,1,50.0,1,2,1,2,0,77,40,24,13,3267,916,199,2152,EDM,Pacific,Western
2025-2026,20251119,12,TOR,5352,Calle Jarnkrok,ROSTER,34.0,"5'11""",186.0,Sweden,Gavle,False,C,14,4,0,4,1.0,0.0,0.29,0.29,8.0,6.6,1,0,0,0,0,0,0,0,0,0,0,0,0,0.0,-5,19,14,28.6,3,2,3,12,7,7,0,8,5,3,62.5,2,4,0,0,0,228,108,62,62,9721,2717,574,6430,TOR,Atlantic,Eastern
2025-2026,20251119,3,CAR,28144,Seth Jarvis,ROSTER,23.0,"5'10""",175.0,Canada,"Winnipeg, MB",True,C,19,10,6,16,3.16,0.32,0.53,0.84,14.1,10.0,3,1,0,1,1,0,1,4,0,2,1,0,1,100.0,4,94,60,16.7,8,10,24,15,33,16,12,24,11,13,45.8,3,6,4,8,0,404,261,80,74,21124,4962,1821,14545,CAR,Metropolitan,Eastern
2025-2026,20251119,11,BOS,14386,Tanner Jeannot,ROSTER,28.0,"6'2""",207.0,Canada,"Oxbow, SK",False,LW,21,2,7,9,1.19,0.33,0.1,0.43,43.7,46.1,0,0,1,1,0,0,0,0,0,0,0,0,0,0.0,-1,50,25,8.0,22,15,10,53,26,17,0,7,4,3,57.1,7,23,5,19,3,376,191,74,113,16827,3015,511,13301,BOS,Atlantic,Eastern
2025-2026,20251119,19,CBJ,5245,Boone Jenner,ROSTER,32.0,"6'2""",208.0,Canada,"Dorchester, ON",False,C,16,3,7,10,2.0,0.44,0.19,0.62,25.3,24.2,1,1,1,2,0,1,1,1,0,0,0,0,0,0.0,-7,69,32,9.4,13,17,20,30,12,11,2,91,51,40,56.0,5,13,4,11,1,303,149,74,80,15458,4395,1524,9502,CBJ,Metropolitan,Eastern
2025-2026,20251119,13,OTT,11592,Nick Jensen,ROSTER,35.0,"6'1""",196.0,USA,"Rogers, MN",False,D,19,1,3,4,0.74,0.16,0.05,0.21,26.4,10.0,0,0,0,0,0,0,0,0,0,0,0,0,0,0.0,-5,39,14,7.1,20,12,13,17,44,21,4,0,0,0,0.0,3,6,1,2,0,466,241,89,137,20572,4050,1146,15376,OTT,Atlantic,Eastern
2025-2026,20251119,25,MIN,53012,David Jiricek,ROSTER,21.0,"6'3""",189.0,Czech Republic,Klatovy,True,D,12,0,0,0,0.75,0.0,0.0,0.0,7.4,13.3,0,0,0,0,0,0,0,0,0,0,0,0,0,0.0,-3,26,9,0.0,6,12,5,4,18,11,3,0,0,0,0.0,4,8,0,0,0,180,129,20,31,8732,896,349,7487,MIN,Central,Western
2025-2026,20251119,16,DET,30079,Albert Johansson,ROSTER,24.0,"6'0""",168.0,Sweden,Karlstad,True,D,20,0,2,2,0.9,0.1,0.0,0.1,30.1,6.6,0,0,0,0,0,0,0,0,0,0,0,0,0,0.0,-4,60,18,0.0,23,27,15,19,27,17,4,0,0,0,0.0,2,4,5,10,0,431,274,63,94,18270,2855,926,14489,DET,Atlantic,Eastern
2025-2026,20251119,25,MIN,4882,Marcus Johansson,ROSTER,35.0,"6'1""",205.0,Sweden,Landskrona,False,LW,20,7,10,17,1.5,0.5,0.35,0.85,10.4,6.6,2,3,2,5,0,0,0,2,0,1,0,0,0,0.0,6,57,30,23.3,6,17,9,11,21,17,9,9,4,5,44.4,2,4,2,4,0,391,184,133,81,19200,4789,1935,12476,MIN,Central,Western
2025-2026,20251119,19,CBJ,37970,Kent Johnson,ROSTER,23.0,"6'1""",168.0,Canada,"Port Moody, BC",True,C,19,2,3,5,1.95,0.16,0.11,0.26,11.8,0.0,0,0,0,0,0,0,0,0,0,0,3,1,2,66.67,-11,64,37,5.4,11,17,10,3,13,14,5,1,0,1,0.0,0,0,0,0,0,319,197,61,63,16447,4014,997,11774,CBJ,Metropolitan,Eastern
2025-2026,20251119,15,BUF,34471,Ryan Johnson,ASSIGNED_TO_MINORS,24.0,"6'0""",170.0,USA,"Newport Beach, CA",True,D,3,0,0,0,0.0,0.0,0.0,0.0,3.7,3.3,0,0,0,0,0,0,0,0,0,0,0,0,0,0.0,0,4,0,0.0,3,2,2,2,6,2,2,0,0,0,0.0,1,2,0,0,0,34,14,7,13,1620,229,107,1284,BUF,Atlantic,Eastern
2025-2026,20251119,29,ANA,9081,Ross Johnston,ROSTER,31.0,"6'5""",235.0,Canada,"Charlottetown, PE",False,LW,18,1,3,4,0.33,0.17,0.06,0.22,27.1,85.8,0,0,0,0,0,0,0,0,0,0,0,0,0,0.0,1,19,6,16.7,5,4,9,52,16,8,1,4,1,3,25.0,10,46,7,32,6,231,118,48,67,9773,1806,291,7679,ANA,Pacific,Western
2025-2026,20251119,27,DAL,34837,Wyatt Johnston,ROSTER,22.0,"6'1""",178.0,Canada,"Toronto, ON",True,C,20,11,10,21,2.7,0.5,0.55,1.05,19.3,10.0,3,7,5,12,0,0,0,2,0,0,1,0,1,100.0,-4,104,54,20.4,18,29,21,5,25,13,6,235,121,114,51.5,3,6,4,8,0,487,334,113,46,25273,7336,1195,16439,DAL,Central,Western
2025-2026,20251119,11,BOS,13644,Henri Jokiharju,ROSTER,26.0,"6'0""",195.0,Finland,Oulu,False,D,20,0,4,4,0.85,0.2,0.0,0.2,22.3,10.0,0,0,2,2,0,0,0,0,0,0,0,0,0,0.0,-3,55,17,0.0,18,23,15,12,32,28,3,0,0,0,0.0,3,6,2,4,0,463,270,93,100,20819,4018,2010,14791,BOS,Atlantic,Eastern
2025-2026,20251119,25,MIN,18220,Ben Jones,ROSTER,26.0,"6'0""",187.0,Canada,"Waterloo, ON",False,C,8,0,0,0,0.88,0.0,0.0,0.0,13.3,0.0,0,0,0,0,0,0,0,0,0,0,0,0,0,0.0,-4,16,7,0.0,4,5,4,22,6,2,1,48,32,16,66.7,0,0,2,4,0,89,53,28,8,4061,937,350,2776,MIN,Central,Western
2025-2026,20251119,10,PIT,15433,Caleb Jones,INJURY_LIST,28.0,"6'1""",194.0,USA,"Arlington, TX",False,D,7,0,1,1,0.71,0.14,0.0,0.14,18.6,0.0,0,0,0,0,0,0,0,0,0,0,0,0,0,0.0,1,17,5,0.0,15,6,6,10,14,4,1,0,0,0,0.0,0,0,1,2,0,144,78,22,39,7212,1036,445,5407,PIT,Metropolitan,Eastern
2025-2026,20251119,4,FLO,5243,Seth Jones,ROSTER,31.0,"6'4""",209.0,USA,"Arlington, TX",False,D,19,3,8,11,1.79,0.42,0.16,0.58,31.8,15.0,1,3,5,8,0,0,0,0,0,0,0,0,0,0.0,-3,100,34,8.8,23,33,33,23,25,25,5,0,0,0,0.0,4,10,4,8,0,527,253,103,172,26962,4939,1585,20438,FLA,,
2025-2026,20251119,17,STL,15228,Mathieu Joseph,ROSTER,28.0,"6'1""",190.0,Canada,"Chambly, QC",False,RW,17,2,4,6,1.06,0.24,0.12,0.35,22.3,3.3,0,0,0,0,1,0,1,1,0,0,0,0,0,0.0,-1,35,18,11.1,9,4,13,32,13,10,6,8,3,5,37.5,1,2,3,6,0,293,164,66,65,12885,2393,1153,9339,STL,Central,Western
2025-2026,20251119,21,VAN,13638,Pierre-Olivier Joseph,ROSTER,26.0,"6'2""",185.0,Canada,"Chambly, QC",True,D,10,0,1,1,0.9,0.1,0.0,0.1,8.0,3.3,0,0,0,0,0,0,0,0,0,0,0,0,0,0.0,-6,20,9,0.0,7,10,1,3,9,3,2,15,11,4,73.3,1,2,1,2,0,183,111,31,41,7452,850,480,6122,VAN,Pacific,Western
2025-2026,20251119,12,TOR,18183,Dakota Joshua,ROSTER,29.0,"6'2""",183.0,USA,"Dearborn, MI",False,C,20,2,3,5,0.9,0.15,0.1,0.25,43.6,6.6,0,0,0,0,0,0,0,0,0,0,0,0,0,0.0,-6,34,18,11.1,16,7,9,66,13,8,5,10,2,8,20.0,2,4,3,6,0,365,196,91,80,14882,3086,1655,10141,TOR,Atlantic,Eastern
2025-2026,20251119,18,NSH,5042,Roman Josi,ROSTER,35.0,"6'1""",201.0,Switzerland,Bern,False,D,8,1,4,5,2.38,0.5,0.12,0.62,16.0,10.0,0,0,2,2,0,0,0,0,0,0,0,0,0,0.0,-4,42,19,5.3,15,19,4,4,19,12,3,0,0,0,0.0,3,6,2,4,0,217,105,39,74,11561,3762,953,6846,NSH,Central,Western
2025-2026,20251119,18,NSH,9636,Tyson Jost,ROSTER,27.0,"5'11""",187.0,Canada,"St. Albert, AB",False,C,15,1,1,2,1.13,0.07,0.07,0.13,14.3,6.6,0,0,0,0,0,0,0,0,0,0,0,0,0,0.0,-7,29,17,5.9,6,7,5,20,19,4,8,20,9,11,45.0,2,4,4,8,0,247,124,48,77,11377,1406,850,9119,NSH,Central,Western
2025-2026,20251119,6,PHI,5621,Noah Juulsen,ROSTER,28.0,"6'2""",193.0,Canada,"Surrey, BC",False,D,18,0,2,2,0.61,0.11,0.0,0.11,26.1,6.6,0,0,0,0,0,0,0,0,0,0,0,0,0,0.0,2,28,11,0.0,12,11,6,34,42,13,2,0,0,0,0.0,2,4,4,8,0,353,181,39,133,14842,1359,422,13113,PHI,Metropolitan,Eastern
2025-2026,20251119,23,CGY,4766,Nazem Kadri,ROSTER,35.0,"6'0""",192.0,Canada,"London, ON",False,C,21,4,8,12,3.14,0.38,0.19,0.57,13.1,13.3,1,1,4,5,0,0,0,0,0,0,1,0,1,100.0,-15,142,66,6.1,7,49,27,15,22,24,6,261,121,140,46.4,4,8,8,16,0,477,244,116,122,25757,9161,1890,14940,CGY,Pacific,Western
2025-2026,20251119,20,CHI,56352,Wyatt Kaiser,ROSTER,23.0,"6'0""",173.0,USA,"Ham Lake, MN",False,D,19,0,3,3,0.74,0.16,0.0,0.16,20.7,23.2,0,0,0,0,0,0,0,0,0,0,0,0,0,0.0,10,41,14,0.0,15,13,14,15,39,26,9,0,0,0,0.0,7,14,4,8,0,474,265,41,163,22192,1945,382,19675,CHI,Central,Western
2025-2026,20251119,143,SEA,17126,Kaapo Kakko,ROSTER,24.0,"6'3""",199.0,Finland,Turku,False,RW,7,1,0,1,1.14,0.0,0.14,0.14,3.2,6.6,0,0,0,0,0,0,0,0,0,0,1,0,0,0.0,0,18,8,12.5,2,5,5,3,2,7,1,1,0,1,0.0,2,4,2,4,0,123,67,36,15,5287,1053,464,3527,SEA,Pacific,Western
2025-2026,20251119,13,OTT,28484,Arthur Kaliyev,ASSIGNED_TO_MINORS,24.0,"6'2""",190.0,USA,"Tashkent, Uzbekistan",True,RW,2,0,1,1,2.0,0.5,0.0,0.5,0.0,0.0,0,0,1,1,0,0,0,0,0,0,0,0,0,0.0,0,8,4,0.0,0,3,1,0,0,2,0,0,0,0,0.0,0,0,0,0,0,28,14,9,5,1273,251,119,903,OTT,Atlantic,Eastern
2025-2026,20251119,21,VAN,4656,Evander Kane,ROSTER,34.0,"6'2""",210.0,Canada,"Vancouver, BC",False,LW,21,3,8,11,2.9,0.38,0.14,0.52,27.7,50.1,1,1,2,3,0,0,0,0,0,0,0,0,0,0.0,-4,123,61,4.9,11,32,30,40,22,20,4,15,4,11,26.7,13,34,11,22,0,439,197,131,114,22747,5791,3622,13334,VAN,Pacific,Western
2025-2026,20251119,16,DET,4265,Patrick Kane,ROSTER,37.0,"5'10""",177.0,USA,"Buffalo, NY",False,RW,11,3,6,9,3.0,0.55,0.27,0.82,2.7,3.3,1,1,5,6,0,0,0,1,0,0,0,0,0,0.0,-7,52,33,9.1,1,6,13,4,5,11,0,0,0,0,0.0,1,2,2,4,0,218,112,61,48,11286,4221,971,6094,DET,Atlantic,Eastern
2025-2026,20251119,24,EDM,5428,Kasperi Kapanen,ROSTER,29.0,"6'1""",194.0,Finland,Kuopio,False,RW,6,0,2,2,0.67,0.33,0.0,0.33,10.7,0.0,0,0,0,0,0,0,0,0,0,0,1,1,0,0.0,-2,10,4,0.0,4,5,1,16,6,4,1,1,0,1,0.0,0,0,0,0,0,92,50,26,16,4423,1059,447,2917,EDM,Pacific,Western
2025-2026,20251119,14,MTL,37995,Oliver Kapanen,ROSTER,22.0,"6'1""",182.0,Sweden,"Sundsvall, Sweden",True,C,19,7,4,11,1.26,0.21,0.37,0.58,16.8,6.6,2,0,0,0,1,0,1,1,0,0,0,0,0,0.0,1,41,24,29.2,14,8,9,8,15,6,3,114,58,56,50.9,2,4,1,2,0,310,166,26,125,14688,1203,57,13428,MTL,Atlantic,Eastern
2025-2026,20251119,25,MIN,5730,Kirill Kaprizov,ROSTER,28.0,"5'10""",192.0,Russia,Novokuznetsk,False,LW,20,11,12,23,3.55,0.6,0.55,1.15,9.7,6.6,3,6,4,10,0,0,0,1,0,1,1,0,0,0.0,-3,132,71,15.5,7,25,36,7,14,29,2,1,0,1,0.0,2,4,5,10,0,418,208,150,70,26884,6369,2978,17537,MIN,Central,Western
2025-2026,20251119,10,PIT,4660,Erik Karlsson,ROSTER,35.0,"6'0""",190.0,Sweden,Landsbro,False,D,19,1,12,13,1.89,0.63,0.05,0.68,20.0,10.0,0,0,3,3,0,0,0,0,0,0,0,0,0,0.0,6,102,36,2.8,21,40,28,0,25,31,12,0,0,0,0.0,3,6,2,4,0,474,226,145,95,26733,5552,3424,17306,PIT,Metropolitan,Eastern
2025-2026,20251119,21,VAN,39290,Linus Karlsson,ROSTER,26.0,"6'1""",178.0,Sweden,Eksjö,True,C,18,2,4,6,1.44,0.22,0.11,0.33,13.8,13.6,0,0,0,0,0,0,0,1,0,0,0,0,0,0.0,-1,52,26,7.7,5,7,19,21,10,10,2,12,3,9,25.0,2,12,4,8,0,258,147,52,61,10766,1195,871,8700,VAN,Pacific,Western
2025-2026,20251119,142,VGK,5459,William Karlsson,ROSTER,32.0,"6'0""",195.0,Sweden,Märsta,False,C,14,4,3,7,2.14,0.21,0.29,0.5,13.7,6.6,1,1,0,1,1,0,1,1,0,0,0,0,0,0.0,-1,48,30,13.3,13,10,8,3,15,11,3,158,91,67,57.6,2,4,1,2,0,274,129,99,51,12723,3172,1891,7648,VGK,Pacific,Western
2025-2026,20251119,143,SEA,37962,Tye Kartye,ROSTER,24.0,"5'11""",202.0,Canada,"Kingston, ON",True,LW,19,1,2,3,0.63,0.11,0.05,0.16,36.0,6.6,0,0,0,0,0,0,0,0,0,0,0,0,0,0.0,-3,34,12,8.3,17,12,10,46,26,11,5,5,1,4,20.0,2,4,3,6,0,327,179,51,97,13281,1281,417,11531,SEA,Pacific,Western
2025-2026,20251119,16,DET,43336,Marco Kasper,ROSTER,21.0,"6'1""",187.0,Austria,Innsbruck,True,C,20,3,0,3,1.65,0.0,0.15,0.15,34.7,13.3,1,1,0,1,0,0,0,0,0,0,0,0,0,0.0,-8,65,33,9.1,12,13,19,54,25,16,4,192,92,100,47.9,4,8,2,4,0,397,279,47,74,18109,2477,153,15479,DET,Atlantic,Eastern
2025-2026,20251119,11,BOS,13659,Mark Kastelic,ROSTER,26.0,"6'4""",223.0,USA,"Phoenix, AZ",False,C,21,4,4,8,1.19,0.19,0.19,0.38,43.7,34.2,1,0,1,1,0,0,0,1,0,0,0,0,0,0.0,4,53,25,16.0,26,9,19,44,20,10,8,158,90,68,57.0,8,19,10,23,1,398,189,141,72,16799,2751,1749,12299,BOS,Atlantic,Eastern
2025-2026,20251119,1,TBL,11818,Boris Katchouk,ASSIGNED_TO_MINORS,27.0,"6'1""",179.0,Canada,"Vancouver, BC",False,LW,3,0,0,0,0.0,0.0,0.0,0.0,4.1,0.0,0,0,0,0,0,0,0,0,0,0,0,0,0,0.0,0,1,0,0.0,2,0,1,5,4,0,0,19,7,12,36.8,0,0,0,0,0,49,21,12,16,2194,537,106,1551,TBL,Atlantic,Eastern
2025-2026,20251119,30,UTA,9633,Clayton Keller,ROSTER,27.0,"5'10""",170.0,USA,"Chesterfield, MO",False,RW,20,7,11,18,2.65,0.55,0.35,0.9,9.3,10.0,2,0,6,6,0,0,0,2,0,1,0,0,0,0.0,1,93,53,13.2,8,16,24,4,21,27,4,1,1,0,100.0,3,6,6,12,0,456,258,101,104,23116,4281,2088,16747,UTA,Central,Western
2025-2026,20251119,22,COL,15189,Parker Kelly,ROSTER,26.0,"6'0""",188.0,Canada,"Camrose, AB",False,C,19,5,4,9,1.42,0.21,0.26,0.47,30.1,16.6,1,0,0,0,1,0,1,1,0,0,0,0,0,0.0,8,44,27,18.5,14,11,6,39,15,11,2,43,18,25,41.9,5,10,5,10,0,315,141,70,109,13077,1581,907,10589,COL,Central,Western
2025-2026,20251119,18,NSH,43362,Joakim Kemell,ROSTER,21.0,"5'10""",185.0,Finland,Jyväskylän mlk,True,RW,2,0,0,0,0.5,0.0,0.0,0.0,2.7,0.0,0,0,0,0,0,0,0,0,0,0,0,0,0,0.0,0,5,1,0.0,1,3,1,4,1,0,0,1,0,1,0.0,0,0,0,0,0,28,18,10,0,1328,512,60,756,NSH,Central,Western
2025-2026,20251119,28,LAK,11731,Adrian Kempe,ROSTER,29.0,"6'2""",201.0,Sweden,Kramfors,False,RW,20,6,13,19,3.3,0.65,0.3,0.95,28.1,23.2,2,1,4,5,0,0,0,3,0,2,4,0,2,50.0,3,146,66,9.1,11,47,33,41,16,17,7,27,10,17,37.0,7,14,2,4,0,429,232,124,81,23312,5487,2816,15394,LAK,Pacific,Western
2025-2026,20251119,23,CGY,37958,Rory Kerins,ASSIGNED_TO_MINORS,23.0,"5'10""",175.0,Canada,"Caledon, ON",True,C,2,0,0,0,0.5,0.0,0.0,0.0,3.3,0.0,0,0,0,0,0,0,0,0,0,0,0,0,0,0.0,-1,6,1,0.0,3,1,4,1,3,1,0,3,0,3,0.0,0,0,0,0,0,38,32,4,2,1902,293,106,1503,CGY,Pacific,Western
2025-2026,20251119,17,STL,38651,Matthew Kessel,ROSTER,25.0,"6'2""",205.0,USA,"Phoenix, AZ",True,D,11,1,0,1,0.64,0.0,0.09,0.09,6.9,6.6,0,0,0,0,0,0,0,0,0,0,0,0,0,0.0,0,15,7,14.3,5,3,5,5,11,5,1,0,0,0,0.0,2,4,1,2,0,170,134,17,20,7474,974,240,6260,STL,Central,Western
2025-2026,20251119,15,BUF,34838,Michael Kesselring,ROSTER,25.0,"6'4""",190.0,USA,"New Hampton, NH",True,D,9,0,0,0,1.11,0.0,0.0,0.0,11.6,3.3,0,0,0,0,0,0,0,0,0,0,0,0,0,0.0,-3,30,10,0.0,9,10,10,7,13,17,1,0,0,0,0.0,1,2,0,0,0,189,124,10,55,8429,631,145,7653,BUF,Atlantic,Eastern
2025-2026,20251119,11,BOS,38009,Marat Khusnutdinov,ROSTER,23.0,"5'11""",176.0,Russia,Moskva,True,C,16,3,3,6,1.06,0.19,0.19,0.38,10.1,10.0,1,0,1,1,0,0,0,1,0,1,1,0,1,100.0,-2,27,17,17.6,7,3,7,8,12,8,6,42,23,19,54.8,3,6,7,14,0,283,196,70,21,13009,3449,628,9122,BOS,Atlantic,Eastern
2025-2026,20251119,29,ANA,5165,Alex Killorn,ROSTER,36.0,"6'1""",197.0,Canada,"Halifax, NS",False,LW,19,1,6,7,1.74,0.32,0.05,0.37,15.4,6.6,0,0,1,1,0,0,0,0,0,0,0,0,0,0.0,1,60,33,3.0,8,12,15,18,13,13,5,35,15,20,42.9,2,4,3,6,0,426,213,105,108,18884,5638,1351,11833,ANA,Pacific,Western
2025-2026,20251119,10,PIT,167594,Benjamin Kindel,ROSTER,18.0,"5'11""",181.0,Canada,"Coquitlam, BC",True,C,17,5,2,7,2.0,0.12,0.29,0.41,19.5,10.0,1,2,2,4,0,0,0,0,0,0,0,0,0,0.0,-3,62,34,14.7,16,14,14,10,27,17,3,95,42,53,44.2,3,6,3,6,0,314,258,48,7,15565,3458,813,10934,PIT,Metropolitan,Eastern
2025-2026,20251119,23,CGY,12019,Justin Kirkland,ASSIGNED_TO_MINORS,29.0,"6'3""",193.0,Canada,"Winnipeg, MB",False,C,9,0,1,1,0.56,0.11,0.0,0.11,8.4,0.0,0,0,0,0,0,0,0,0,0,0,2,1,0,0.0,-1,14,5,0.0,3,4,5,13,8,3,1,66,36,30,54.5,0,0,0,0,0,136,74,22,40,5168,670,275,4223,CGY,Pacific,Western
2025-2026,20251119,22,COL,17372,Joel Kiviranta,ROSTER,29.0,"5'10""",175.0,Finland,Vantaa,False,LW,5,0,0,0,0.6,0.0,0.0,0.0,5.8,0.0,0,0,0,0,0,0,0,0,0,0,0,0,0,0.0,1,5,3,0.0,2,2,0,9,8,4,0,2,2,0,100.0,0,0,1,4,0,80,49,14,17,3233,679,137,2417,COL,Central,Western
2025-2026,20251119,23,CGY,39261,Adam Klapka,ROSTER,25.0,"6'8""",245.0,Czech Republic,Praha,True,RW,20,2,3,5,1.15,0.15,0.1,0.25,42.5,76.2,0,0,1,1,0,0,0,0,0,0,0,0,0,0.0,0,52,23,8.7,13,14,15,70,20,3,3,11,3,8,27.3,14,45,7,23,3,291,242,36,15,12633,2323,199,10109,CGY,Pacific,Western
2025-2026,20251119,13,OTT,38006,Tyler Kleven,ROSTER,23.0,"6'4""",200.0,USA,"Fargo, ND",True,D,17,0,1,1,1.18,0.06,0.0,0.06,37.1,17.6,0,0,0,0,0,0,0,0,0,0,0,0,0,0.0,-7,43,20,0.0,29,12,11,22,31,22,4,0,0,0,0.0,3,9,3,9,1,411,272,67,72,16981,1873,965,14143,OTT,Atlantic,Eastern
2025-2026,20251119,26,SJS,5484,John Klingberg,ROSTER,33.0,"6'3""",185.0,Sweden,Gothenburg,False,D,13,2,3,5,1.38,0.23,0.15,0.38,20.5,16.6,0,2,1,3,0,0,0,0,0,0,0,0,0,0.0,-5,46,18,11.1,17,20,8,10,18,15,2,0,0,0,0.0,5,10,1,2,0,290,154,76,62,16431,4837,1020,10574,SJS,Pacific,Western
2025-2026,20251119,12,TOR,37990,Matthew Knies,ROSTER,23.0,"6'3""",205.0,USA,"Phoenix, AZ",True,LW,19,5,17,22,2.21,0.89,0.26,1.16,30.1,13.3,1,2,0,2,0,0,0,0,0,0,0,0,0,0.0,4,65,42,11.9,9,15,8,50,11,16,5,0,0,0,0.0,4,8,5,10,0,450,334,73,49,23425,5357,1532,16538,TOR,Atlantic,Eastern
2025-2026,20251119,2,WPJ,30052,Cole Koepke,ROSTER,27.0,"6'1""",195.0,USA,"Two Harbors, MN",True,LW,14,0,2,2,0.93,0.14,0.0,0.14,21.0,13.6,0,0,0,0,0,0,0,0,0,0,0,0,0,0.0,-4,24,13,0.0,4,3,8,40,8,5,6,0,0,0,0.0,2,12,4,8,0,213,135,56,22,8626,1554,856,6216,WPG,,
2025-2026,20251119,10,PIT,32282,Ville Koivunen,ROSTER,22.0,"5'11""",161.0,Finland,Oulu,True,RW,11,0,2,2,1.18,0.18,0.0,0.18,7.1,0.0,0,0,1,1,0,0,0,0,0,0,1,0,0,0.0,-1,25,13,0.0,7,10,3,1,12,5,1,0,0,0,0.0,0,0,0,0,0,171,106,30,28,8296,1389,357,6187,PIT,Metropolitan,Eastern
2025-2026,20251119,142,VGK,17370,Keegan Kolesar,ROSTER,28.0,"6'2""",216.0,Canada,"Winnipeg, MB",True,RW,19,0,3,3,0.74,0.16,0.0,0.16,35.7,17.6,0,0,0,0,0,0,0,0,0,0,0,0,0,0.0,-7,23,14,0.0,14,4,5,52,26,11,2,7,2,5,28.6,3,9,1,5,1,303,161,82,61,12229,2418,1155,8644,VGK,Pacific,Western
2025-2026,20251119,27,DAL,30033,Vladislav Kolyachonok,ROSTER,24.0,"6'1""",189.0,Belarus,Minsk,True,D,1,0,0,0,0.0,0.0,0.0,0.0,1.0,0.0,0,0,0,0,0,0,0,0,0,0,0,0,0,0.0,0,0,0,0.0,1,0,0,0,0,0,0,0,0,0,0.0,0,0,0,0,0,15,14,0,1,567,86,0,481,DAL,Central,Western
2025-2026,20251119,6,PHI,5619,Travis Konecny,ROSTER,28.0,"5'10""",175.0,Canada,"London, ON",False,RW,18,5,9,14,2.22,0.5,0.28,0.78,27.6,24.2,1,0,3,3,1,0,1,1,0,0,1,0,0,0.0,0,73,40,12.5,15,16,17,31,15,30,7,19,7,12,36.8,5,13,6,15,1,438,218,101,124,20693,3245,1294,16154,PHI,Metropolitan,Eastern
2025-2026,20251119,28,LAK,4033,Anze Kopitar,ROSTER,38.0,"6'3""",225.0,Slovenia,Jesenice,False,C,16,3,7,10,1.44,0.44,0.19,0.62,20.9,6.6,1,3,3,6,0,0,0,0,0,0,0,0,0,0.0,7,48,23,13.0,17,9,16,11,9,21,5,285,159,126,55.8,2,4,3,6,0,325,168,90,70,17806,6071,1577,10158,LAK,Pacific,Western
2025-2026,20251119,10,PIT,17958,Joona Koppanen,ROSTER,27.0,"6'5""",194.0,Finland,Tampere,False,LW,5,0,1,1,0.6,0.2,0.0,0.2,1.7,3.3,0,0,0,0,0,0,0,0,0,0,0,0,0,0.0,2,5,3,0.0,0,0,2,4,5,0,2,14,6,8,42.9,1,2,0,0,0,88,38,20,30,3660,667,394,2599,PIT,Metropolitan,Eastern
2025-2026,20251119,142,VGK,17144,Kaedan Korczak,ROSTER,24.0,"6'3""",192.0,Canada,"Yorkton, SK",True,D,19,2,1,3,1.0,0.05,0.11,0.16,39.8,23.2,0,0,0,0,0,0,0,0,0,0,0,0,0,0.0,3,45,19,10.5,26,16,10,35,35,21,2,0,0,0,0.0,7,14,1,2,0,408,268,103,39,18369,3281,1471,13617,VGK,Pacific,Western
2025-2026,20251119,3,CAR,14526,Jesperi Kotkaniemi,ROSTER,25.0,"6'2""",198.0,Finland,Pori,False,C,15,2,3,5,1.13,0.2,0.13,0.33,21.7,0.0,0,0,0,0,0,0,0,0,0,0,0,0,0,0.0,3,29,17,11.8,11,6,6,26,16,10,2,115,54,61,47.0,0,0,4,8,0,214,110,59,47,9372,642,767,7963,CAR,Metropolitan,Eastern
2025-2026,20251119,15,BUF,34472,Tyson Kozak,ROSTER,22.0,"5'11""",173.0,Canada,"Souris, MB",True,C,13,2,1,3,0.77,0.08,0.15,0.23,21.8,3.3,0,0,0,0,0,0,0,0,0,0,0,0,0,0.0,0,19,10,20.0,8,5,4,33,13,6,3,159,76,83,47.8,1,2,2,4,0,231,158,45,30,9132,1995,237,6900,BUF,Atlantic,Eastern
2025-2026,20251119,15,BUF,17149,Peyton Krebs,ROSTER,24.0,"5'11""",180.0,Canada,"Okotoks, AB",True,C,19,0,5,5,0.89,0.26,0.0,0.26,30.8,53.8,0,0,1,1,0,0,0,0,0,0,0,0,0,0.0,-10,33,17,0.0,12,8,8,45,23,11,5,150,65,85,43.3,9,34,8,22,2,366,219,52,95,15670,1748,580,13342,BUF,Atlantic,Eastern
2025-2026,20251119,29,ANA,5104,Chris Kreider,ROSTER,34.0,"6'3""",217.0,USA,"Boxford, MA",False,LW,15,10,4,14,2.27,0.27,0.67,0.93,6.8,16.6,3,5,2,7,0,0,0,1,0,0,0,0,0,0.0,-1,61,34,29.4,4,10,17,7,4,15,3,2,1,1,50.0,5,10,1,2,0,316,184,82,60,15014,5317,895,8802,ANA,Pacific,Western
2025-2026,20251119,1,TBL,5300,Nikita Kucherov,ROSTER,32.0,"5'11""",180.0,Russia,Moscow,False,RW,17,9,9,18,3.06,0.53,0.53,1.06,7.3,6.6,3,3,3,6,0,0,0,2,0,1,0,0,0,0.0,-4,132,52,17.3,5,45,35,6,10,28,6,0,0,0,0.0,2,4,8,16,0,386,215,100,82,21539,7165,2257,12032,TBL,Atlantic,Eastern
2025-2026,20251119,24,EDM,5554,Brett Kulak,ROSTER,31.0,"6'2""",197.0,Canada,"Stony Plain, AB",False,D,21,0,2,2,1.14,0.1,0.0,0.1,25.1,3.3,0,0,0,0,0,0,0,0,0,0,0,0,0,0.0,-8,59,24,0.0,25,25,10,3,16,12,3,0,0,0,0.0,1,2,0,0,0,447,260,66,115,22603,4344,1540,16473,EDM,Pacific,Western
2025-2026,20251119,15,BUF,43367,Jiri Kulich,ROSTER,21.0,"5'11""",178.0,Czech Republic,Kadan,True,C,12,3,2,5,1.67,0.17,0.25,0.42,15.3,6.6,1,0,0,0,0,0,0,0,0,0,0,0,0,0.0,-4,43,20,15.0,12,13,10,9,9,10,1,163,68,95,41.7,2,4,4,8,0,272,185,42,48,11782,2172,126,9484,BUF,Atlantic,Eastern
2025-2026,20251119,4,FLO,4706,Dmitry Kulikov,INJURY_LIST,35.0,"6'1""",199.0,Russia,Lipetsk,False,D,2,0,0,0,0.5,0.0,0.0,0.0,0.4,0.0,0,0,0,0,0,0,0,0,0,0,0,0,0,0.0,-1,1,1,0.0,0,0,0,1,0,2,0,0,0,0,0.0,0,0,0,0,0,34,18,7,9,1293,463,134,696,FLA,,
2025-2026,20251119,4,FLO,9641,Luke Kunin,ROSTER,27.0,"6'0""",197.0,USA,"Chesterfield, MO",False,C,14,1,1,2,0.64,0.07,0.07,0.14,27.6,10.0,0,0,0,0,0,0,0,0,0,0,0,0,0,0.0,-1,16,9,11.1,19,4,3,22,13,9,1,106,48,58,45.3,3,6,1,2,0,196,108,50,38,8306,1249,1122,5935,FLA,,
2025-2026,20251119,11,BOS,5568,Sean Kuraly,ROSTER,32.0,"6'2""",213.0,USA,"Dublin, OH",False,C,21,2,3,5,1.43,0.14,0.1,0.24,19.2,10.0,0,0,0,0,0,0,0,0,0,0,0,0,0,0.0,0,64,30,6.7,12,15,19,18,16,17,6,227,105,122,46.3,3,6,2,4,0,391,172,77,144,17705,4581,1022,12102,BOS,Atlantic,Eastern
2025-2026,20251119,26,SJS,17991,Philipp Kurashev,ROSTER,26.0,"6'0""",190.0,Switzerland,Münsingen,False,C,18,5,6,11,1.94,0.33,0.28,0.61,13.1,10.0,1,0,0,0,0,0,0,1,0,1,1,1,0,0.0,3,63,35,14.3,7,16,12,15,14,16,4,31,15,16,48.4,3,6,3,6,0,388,199,105,89,18706,2929,1162,14615,SJS,Pacific,Western
2025-2026,20251119,28,LAK,39780,Andrei Kuzmenko,ROSTER,29.0,"5'11""",194.0,Russia,Yakutsk,True,LW,17,3,4,7,1.47,0.24,0.18,0.41,10.8,3.3,1,2,1,3,0,0,0,0,0,0,2,0,0,0.0,-1,52,25,12.0,5,15,12,14,17,23,3,0,0,0,0.0,1,2,5,10,0,263,226,36,4,15274,2802,349,12123,LAK,Pacific,Western
2025-2026,20251119,23,CGY,30014,Yan Kuznetsov,ROSTER,23.0,"6'4""",209.0,Russia,Murmansk,True,D,7,0,1,1,1.29,0.14,0.0,0.14,13.3,0.0,0,0,0,0,0,0,0,0,0,0,0,0,0,0.0,1,15,9,0.0,9,3,3,11,12,6,1,0,0,0,0.0,0,0,1,2,0,176,117,25,35,7455,790,350,6225,CGY,Pacific,Western
2025-2026,20251119,17,STL,13677,Jordan Kyrou,ROSTER,27.0,"6'0""",175.0,Canada,"Toronto, ON",False,RW,19,6,5,11,2.63,0.26,0.32,0.58,10.8,0.0,2,1,2,3,0,0,0,0,0,0,1,0,0,0.0,-10,106,50,12.0,10,32,24,3,15,6,9,1,0,1,0.0,0,0,7,14,0,398,213,101,90,19308,3444,1089,14775,STL,Central,Western
2025-2026,20251119,9,NYR,56552,Noah Laba,ROSTER,22.0,"6'1""",181.0,USA,"Northville, MI",False,C,21,3,3,6,0.95,0.14,0.14,0.29,19.8,16.6,1,0,1,1,0,0,0,1,0,0,0,0,0,0.0,5,43,20,15.0,14,7,16,15,24,9,3,164,79,85,48.2,5,10,2,4,0,374,290,45,31,15796,2546,308,12379,NYR,Metropolitan,Eastern
2025-2026,20251119,21,VAN,11363,Joseph Labate,ASSIGNED_TO_MINORS,32.0,"6'3""",213.0,USA,"Eagan, MN",True,C,1,0,0,0,2.0,0.0,0.0,0.0,4.5,0.0,0,0,0,0,0,0,0,0,0,0,0,0,0,0.0,-1,3,2,0.0,2,0,1,6,1,0,0,2,1,1,50.0,0,0,0,0,0,16,11,1,4,572,139,0,433,VAN,Pacific,Western
2025-2026,20251119,7,NJD,56425,Shane Lachance,ROSTER,22.0,"6'4""",195.0,USA,"Andover, MA",False,LW,1,0,0,0,0.0,0.0,0.0,0.0,0.4,0.0,0,0,0,0,0,0,0,0,0,0,0,0,0,0.0,0,0,0,0.0,0,0,0,1,2,0,0,1,1,0,100.0,0,0,0,0,0,10,6,2,0,445,152,0,232,NJD,Metropolitan,Eastern
2025-2026,20251119,29,ANA,38017,Jackson LaCombe,ROSTER,24.0,"6'2""",201.0,USA,"Eden Prairie, MN",True,D,19,1,7,8,2.21,0.37,0.05,0.42,40.6,6.6,0,0,3,3,0,0,0,0,0,0,0,0,0,0.0,-2,105,42,2.4,35,44,19,17,35,29,12,0,0,0,0.0,2,4,3,6,0,535,282,82,173,28602,3892,1078,23631,ANA,Pacific,Western
2025-2026,20251119,28,LAK,56457,Alex Laferriere,ROSTER,24.0,"6'0""",173.0,USA,"Chatham, New Jersey",False,RW,20,5,5,10,2.2,0.25,0.25,0.5,33.5,6.6,1,0,0,0,1,0,1,1,0,0,0,0,0,0.0,-1,89,44,11.4,13,24,21,49,23,17,4,80,37,43,46.2,2,4,4,8,0,422,270,72,85,19319,2138,733,16448,LAK,Pacific,Western
2025-2026,20251119,20,CHI,17188,Sam Lafferty,ROSTER,30.0,"6'1""",195.0,USA,"Hollidaysburg, PA",True,C,7,1,0,1,0.29,0.0,0.14,0.14,4.0,16.9,0,0,0,0,0,0,0,0,0,0,0,0,0,0.0,2,5,2,50.0,1,2,1,7,7,2,0,3,1,2,33.3,3,14,0,0,0,90,49,29,13,3679,588,687,2404,CHI,Central,Western
2025-2026,20251119,9,NYR,19048,Alexis Lafrenière,ROSTER,24.0,"6'1""",193.0,Canada,"St-Eustache, QC",True,LW,21,4,8,12,2.1,0.38,0.19,0.57,25.8,6.6,1,1,1,2,0,0,0,1,0,0,0,0,0,0.0,-4,80,44,9.1,14,18,21,29,24,13,7,10,2,8,20.0,2,4,3,6,0,465,326,107,23,21907,5201,1344,14769,NYR,Metropolitan,Eastern
2025-2026,20251119,14,MTL,9628,Patrik Laine,ROSTER,27.0,"6'5""",206.0,Finland,Tampere,False,LW,5,0,1,1,1.2,0.2,0.0,0.2,0.9,3.3,0,0,0,0,0,0,0,0,0,0,0,0,0,0.0,-3,20,6,0.0,0,8,6,2,2,2,0,3,2,1,66.7,1,2,1,2,0,73,46,19,8,3782,716,426,2640,MTL,Atlantic,Eastern
2025-2026,20251119,2,WPJ,53331,Brad Lambert,ASSIGNED_TO_MINORS,21.0,"6'1""",183.0,Finland,Lahti,True,C,4,1,0,1,0.75,0.0,0.25,0.25,2.2,3.3,0,0,0,0,0,0,0,0,0,0,0,0,0,0.0,-1,6,3,33.3,1,2,1,3,3,3,0,1,0,1,0.0,1,2,0,0,0,49,35,9,6,2166,337,94,1735,WPG,,
2025-2026,20251119,7,NJD,15266,Juho Lammikko,ROSTER,29.0,"6'2""",207.0,Finland,Noormarkku,False,C,8,0,0,0,1.0,0.0,0.0,0.0,11.5,0.0,0,0,0,0,0,0,0,0,0,0,0,0,0,0.0,0,11,8,0.0,8,0,3,9,1,3,1,57,29,28,50.9,0,0,0,0,0,121,65,29,26,5163,1232,249,3918,NJD,Metropolitan,Eastern
2025-2026,20251119,22,COL,4986,Gabriel Landeskog,ROSTER,32.0,"6'1""",215.0,Sweden,Stockholm,False,LW,19,2,4,6,1.47,0.21,0.11,0.32,17.7,34.2,0,0,0,0,0,0,0,1,0,0,0,0,0,0.0,3,58,28,7.1,5,14,16,30,21,9,7,28,16,12,57.1,8,19,4,11,1,356,183,126,49,15599,3660,2518,9421,COL,Central,Western
2025-2026,20251119,5,WSH,28519,Hendrix Lapierre,ROSTER,23.0,"6'0""",179.0,Canada,"Gatineau, QC",True,C,18,0,2,2,0.94,0.11,0.0,0.11,9.7,6.6,0,0,0,0,0,0,0,0,0,0,0,0,0,0.0,-2,36,17,0.0,3,6,13,16,10,14,4,65,26,39,40.0,2,4,1,2,0,238,164,40,31,10973,2268,664,7899,WSH,Metropolitan,Eastern
2025-2026,20251119,16,DET,5829,Dylan Larkin,ROSTER,29.0,"6'1""",198.0,USA,"Waterford, MI",False,C,20,12,12,24,3.45,0.6,0.6,1.2,11.1,16.6,4,3,2,5,0,0,0,3,0,1,1,1,0,0.0,9,128,69,17.4,8,28,31,8,12,19,3,412,235,177,57.0,5,10,11,22,0,493,235,89,181,24735,5412,1116,18207,DET,Atlantic,Eastern
2025-2026,20251119,143,SEA,4989,Adam Larsson,ROSTER,33.0,"6'3""",208.0,Sweden,Skelleftea,False,D,19,1,4,5,0.79,0.21,0.05,0.26,54.9,13.3,0,0,0,0,0,0,0,1,0,0,0,0,0,0.0,-2,35,15,6.7,45,15,5,28,19,8,3,0,0,0,0.0,4,8,0,0,0,481,259,89,127,25078,4268,1263,19178,SEA,Pacific,Western
2025-2026,20251119,12,TOR,5139,Scott Laughton,ROSTER,31.0,"6'1""",190.0,Canada,"Oakville, ON",False,C,2,0,0,0,0.5,0.0,0.0,0.0,4.0,3.3,0,0,0,0,0,0,0,0,0,0,0,0,0,0.0,-2,2,1,0.0,1,0,1,7,2,2,0,14,9,5,64.3,1,2,0,0,0,29,15,9,5,1030,294,96,640,TOR,Atlantic,Eastern
2025-2026,20251119,142,VGK,15369,Jeremy Lauzon,ROSTER,28.0,"6'1""",204.0,Canada,"Val-dOr, QC",False,D,17,0,4,4,0.88,0.24,0.0,0.24,49.3,51.7,0,0,0,0,0,0,0,0,0,0,0,0,0,0.0,3,49,15,0.0,26,19,15,57,33,11,2,0,0,0,0.0,11,28,7,23,2,369,190,67,113,16225,2923,1094,12196,VGK,Pacific,Western
2025-2026,20251119,24,EDM,5454,Curtis Lazar,ROSTER,30.0,"6'0""",211.0,Canada,"Salmon Arm, BC",False,C,9,1,0,1,0.33,0.0,0.11,0.11,12.9,3.3,0,0,0,0,0,0,0,0,0,0,0,0,0,0.0,-3,14,3,33.3,5,4,7,19,10,0,0,34,18,16,52.9,1,2,1,2,0,127,67,39,19,5165,805,440,3879,EDM,Pacific,Western
2025-2026,20251119,26,SJS,4834,Nick Leddy,ROSTER,34.0,"6'0""",207.0,USA,"Eden Prairie, MN",False,D,9,0,2,2,0.33,0.22,0.0,0.22,15.1,6.6,0,0,0,0,0,0,0,0,0,0,0,0,0,0.0,-4,9,3,0.0,15,4,2,2,3,6,4,0,0,0,0.0,2,4,0,0,0,195,102,32,61,9454,2543,298,6613,SJS,Pacific,Western
2025-2026,20251119,8,NYI,5199,Anders Lee,ROSTER,35.0,"6'3""",231.0,USA,"Edina, MN",False,LW,20,3,8,11,2.5,0.4,0.15,0.55,20.6,34.2,1,0,1,1,0,0,0,1,0,0,0,0,0,0.0,-3,86,50,6.0,13,10,26,19,25,9,3,25,14,11,56.0,8,19,7,17,1,384,207,98,82,17922,4322,1256,12344,NYI,Metropolitan,Eastern
2025-2026,20251119,7,NJD,29745,Nathan Legare,ROSTER,24.0,"6'0""",205.0,Canada,"Montral, QC",True,RW,1,0,0,0,0.0,0.0,0.0,0.0,1.8,0.0,0,0,0,0,0,0,0,0,0,0,0,0,0,0.0,0,0,0,0.0,1,0,0,2,1,0,0,1,0,1,0.0,0,0,0,0,0,10,8,0,1,495,0,179,256,NJD,Metropolitan,Eastern
2025-2026,20251119,3,CAR,142373,Charles-Alexis Legault,ROSTER,22.0,"6'3""",208.0,Canada,"Montreal, QB",True,D,8,1,1,2,1.25,0.12,0.12,0.25,9.6,16.6,0,0,0,0,0,0,0,0,0,0,0,0,0,0.0,4,24,10,10.0,6,8,6,9,15,8,4,0,0,0,0.0,5,10,2,4,0,158,145,6,8,6369,1006,68,5295,CAR,Metropolitan,Eastern
2025-2026,20251119,22,COL,10064,Artturi Lehkonen,ROSTER,30.0,"6'0""",180.0,Finland,Piikkiö,False,LW,19,8,10,18,2.79,0.53,0.42,0.95,21.0,3.3,2,1,1,2,0,0,0,0,0,0,1,0,0,0.0,17,87,53,15.1,18,15,19,9,21,15,4,2,0,2,0.0,1,2,2,4,0,455,215,132,115,22378,5454,2148,14776,COL,Central,Western
2025-2026,20251119,21,VAN,56699,Jonathan Lekkerimäki,ROSTER,21.0,"5'10""",165.0,Sweden,Huddinge,False,RW,4,1,0,1,0.75,0.0,0.25,0.25,4.1,0.0,0,0,0,0,0,0,0,0,0,0,0,0,0,0.0,0,7,3,33.3,2,2,2,5,5,3,0,0,0,0,0.0,0,0,2,4,0,48,39,4,6,2376,312,0,2064,VAN,Pacific,Western
2025-2026,20251119,5,WSH,142776,Ryan Leonard,ROSTER,,,,,,False,RW,19,3,5,8,1.95,0.26,0.16,0.42,19.2,13.3,1,1,1,2,0,0,0,2,0,0,1,1,0,0.0,1,90,37,8.1,8,32,21,27,29,23,6,6,3,3,50.0,4,8,8,16,0,312,268,35,7,14623,2244,169,12007,WSH,Metropolitan,Eastern
2025-2026,20251119,10,PIT,4030,Kris Letang,ROSTER,38.0,"6'0""",201.0,Canada,"Montreal, QC",False,D,19,1,7,8,1.47,0.37,0.05,0.42,36.0,11.7,0,1,3,4,0,0,0,0,0,0,0,0,0,0.0,7,67,28,3.6,27,26,13,24,34,22,4,0,0,0,0.0,3,8,1,2,0,449,214,95,131,24658,5166,2035,16921,PIT,Metropolitan,Eastern
2025-2026,20251119,20,CHI,142389,Artyom Levshunov,ROSTER,,,,,,False,D,18,0,10,10,1.06,0.56,0.0,0.56,23.8,16.6,0,0,5,5,0,0,0,0,0,0,0,0,0,0.0,2,38,19,0.0,16,13,6,20,29,26,5,0,0,0,0.0,5,10,3,6,0,335,280,39,11,17426,2999,523,13648,CHI,Central,Western
2025-2026,20251119,26,SJS,15133,Timothy Liljegren,ROSTER,26.0,"6'0""",190.0,Sweden,Kristianstad,False,D,14,0,4,4,0.64,0.29,0.0,0.29,36.8,13.3,0,0,0,0,0,0,0,0,0,0,0,0,0,0.0,-1,34,9,0.0,31,17,8,17,26,15,1,0,0,0,0.0,4,8,2,4,0,343,181,68,94,17330,2184,444,14702,SJS,Pacific,Western
2025-2026,20251119,27,DAL,5910,Esa Lindell,ROSTER,31.0,"6'3""",215.0,Finland,Helsinki,False,D,20,2,4,6,1.1,0.2,0.1,0.3,37.0,6.6,0,0,0,0,0,0,0,0,0,0,0,0,0,0.0,7,50,22,9.1,33,15,13,13,42,28,8,0,0,0,0.0,2,4,1,2,0,487,243,113,128,27338,6155,1825,19112,DAL,Central,Western
2025-2026,20251119,143,SEA,14122,Ryan Lindgren,ROSTER,27.0,"6'0""",191.0,USA,"Minneapolis, MN",False,D,19,0,3,3,0.68,0.16,0.0,0.16,34.4,47.7,0,0,0,0,0,0,0,0,0,0,0,0,0,0.0,0,46,13,0.0,33,21,12,7,20,21,2,0,0,0,0.0,10,31,3,9,1,466,268,103,87,21583,3067,1456,16740,SEA,Pacific,Western
2025-2026,20251119,11,BOS,5260,Elias Lindholm,ROSTER,30.0,"6'1""",195.0,Sweden,Boden,False,C,13,4,5,9,1.69,0.38,0.31,0.69,21.5,13.3,1,4,3,7,0,0,0,1,0,0,0,0,0,0.0,-3,48,22,18.2,14,14,12,19,5,12,3,228,131,97,57.5,4,8,1,2,0,268,134,43,95,13800,3630,268,9902,BOS,Atlantic,Eastern
2025-2026,20251119,11,BOS,5228,Hampus Lindholm,ROSTER,31.0,"6'3""",208.0,Sweden,Helsingborg,False,D,13,1,4,5,1.31,0.31,0.08,0.38,16.6,21.6,0,1,0,1,0,0,0,0,0,0,0,0,0,0.0,-3,48,17,5.9,17,17,14,1,19,14,4,0,0,0,0.0,6,14,3,6,0,336,184,62,91,16201,3683,536,11982,BOS,Atlantic,Eastern
2025-2026,20251119,10,PIT,15998,Blake Lizotte,ROSTER,27.0,"5'7""",175.0,USA,"Lindstro, MN",True,C,19,3,1,4,1.26,0.05,0.16,0.21,15.0,3.3,1,0,0,0,0,0,0,0,0,0,0,0,0,0.0,3,40,24,12.5,9,9,9,15,31,15,2,162,78,84,48.1,1,2,1,2,0,381,232,100,44,16065,2810,1719,11260,PIT,Metropolitan,Eastern
2025-2026,20251119,11,BOS,38000,Mason Lohrei,ROSTER,24.0,"6'4""",195.0,USA,"Verona, WI",True,D,16,2,8,10,0.69,0.5,0.12,0.62,21.5,3.3,0,1,2,3,0,0,0,0,0,0,0,0,0,0.0,2,49,11,18.2,19,20,18,8,31,16,6,0,0,0,0.0,1,2,1,2,0,370,279,72,21,16669,2790,666,13213,BOS,Atlantic,Eastern
2025-2026,20251119,23,CGY,13954,Ryan Lomberg,ROSTER,30.0,"5'9""",187.0,Canada,"Richmond Hill, ON",False,LW,21,0,1,1,0.9,0.05,0.0,0.05,35.7,35.4,0,0,0,0,0,0,0,0,0,0,0,0,0,0.0,3,37,19,0.0,5,8,10,72,12,7,0,7,2,5,28.6,4,22,5,16,2,256,136,51,69,11078,1931,843,8304,CGY,Pacific,Western
2025-2026,20251119,12,TOR,5781,Steven Lorentz,ROSTER,29.0,"6'3""",192.0,Canada,"Waterloo, ON",False,C,14,2,4,6,0.79,0.29,0.14,0.43,22.8,0.0,0,0,0,0,1,0,1,0,0,0,0,0,0,0.0,-3,18,11,18.2,9,2,5,33,11,10,2,45,22,23,48.9,0,0,1,2,0,205,105,75,27,8976,2021,1410,5545,TOR,Atlantic,Eastern
2025-2026,20251119,2,WPJ,5456,Adam Lowry,ROSTER,32.0,"6'5""",210.0,USA,"St. Louis, MO",False,C,7,1,2,3,1.43,0.29,0.14,0.43,15.5,0.0,0,0,0,0,0,0,0,0,0,0,0,0,0,0.0,4,18,10,10.0,9,2,6,16,4,6,2,86,39,47,45.3,0,0,0,0,0,160,82,40,39,6037,1020,508,4509,WPG,,
2025-2026,20251119,6,PHI,142694,Jett Luchanko,ROSTER,,,,,,False,C,4,0,0,0,0.25,0.0,0.0,0.0,3.7,3.3,0,0,0,0,0,0,0,0,0,0,0,0,0,0.0,-3,2,1,0.0,3,0,1,2,5,1,0,21,11,10,52.4,1,2,1,2,0,45,40,3,2,2152,343,51,1758,PHI,Metropolitan,Eastern
2025-2026,20251119,4,FLO,30418,Anton Lundell,ROSTER,24.0,"6'1""",185.0,Finland,Espoo,True,C,19,5,11,16,2.0,0.58,0.26,0.84,23.0,13.3,1,2,4,6,1,1,2,0,0,0,2,0,1,50.0,-1,80,38,13.2,16,22,20,18,10,23,1,346,192,154,55.5,4,8,5,10,0,461,284,127,55,22155,6045,1847,14389,FLA,,
2025-2026,20251119,19,CBJ,14546,Isac Lundestrom,ROSTER,26.0,"6'0""",191.0,Sweden,Gällivare,False,C,19,0,2,2,0.58,0.11,0.0,0.11,10.1,6.6,0,0,0,0,0,0,0,0,0,0,0,0,0,0.0,0,23,11,0.0,7,6,6,8,20,15,2,129,69,60,53.5,2,4,1,2,0,318,205,51,58,13593,1919,884,10649,CBJ,Metropolitan,Eastern
2025-2026,20251119,27,DAL,14551,Nils Lundkvist,ROSTER,25.0,"5'11""",187.0,Sweden,Pitea,True,D,4,1,2,3,0.5,0.5,0.25,0.75,6.1,3.3,0,0,0,0,0,0,0,0,0,0,0,0,0,0.0,0,7,2,50.0,5,2,3,3,11,6,0,0,0,0,0.0,1,2,0,0,0,83,45,13,26,3839,139,126,3574,DAL,Central,Western
2025-2026,20251119,4,FLO,17339,Eetu Luostarinen,ROSTER,27.0,"6'3""",184.0,Finland,Siilinjrvi,False,C,18,3,7,10,1.78,0.39,0.17,0.56,35.2,13.3,1,1,0,1,0,1,1,0,0,0,0,0,0,0.0,3,58,32,9.4,18,10,16,42,26,12,3,16,8,8,50.0,4,8,9,20,0,395,189,121,88,18111,2926,2477,12708,FLA,,
2025-2026,20251119,13,OTT,30087,Olle Lycksell,INJURY_LIST,26.0,"5'10""",165.0,Sweden,Oskarshamn,True,RW,6,1,0,1,1.0,0.0,0.17,0.17,3.7,0.0,0,0,0,0,0,0,0,1,0,0,0,0,0,0.0,-2,9,6,16.7,3,1,2,2,6,1,0,0,0,0,0.0,0,0,1,2,0,84,59,15,11,3711,543,417,2751,OTT,Atlantic,Eastern
2025-2026,20251119,27,DAL,15176,Ilya Lyubushkin,ROSTER,31.0,"6'2""",201.0,Russia,Moskva,False,D,17,0,4,4,0.53,0.24,0.0,0.24,40.9,29.3,0,0,0,0,0,0,0,0,0,0,0,0,0,0.0,-1,19,9,0.0,33,7,3,22,41,20,4,0,0,0,0.0,6,17,1,5,1,363,200,66,96,16778,2148,807,13777,DAL,Central,Western
2025-2026,20251119,30,UTA,5259,Olli Maatta,ROSTER,31.0,"6'2""",206.0,Finland,Jyväskylä,False,D,16,0,1,1,0.44,0.06,0.0,0.06,11.4,0.0,0,0,0,0,0,0,0,0,0,0,0,0,0,0.0,-1,16,7,0.0,12,4,5,0,38,13,2,0,0,0,0.0,0,0,0,0,0,252,166,24,62,11331,1697,483,9151,UTA,Central,Western
2025-2026,20251119,12,TOR,28458,Matias Maccelli,ROSTER,25.0,"5'11""",165.0,Finland,Turku,True,LW,19,4,4,8,0.84,0.21,0.21,0.42,5.6,3.3,1,0,0,0,0,0,0,1,0,0,0,0,0,0.0,2,34,16,25.0,5,10,8,2,15,13,4,4,3,1,75.0,1,2,3,6,0,320,213,88,23,15097,3554,1302,10241,TOR,Atlantic,Eastern
2025-2026,20251119,13,OTT,11733,Kurtis MacDermid,ROSTER,31.0,"6'5""",233.0,Canada,"Sauble Beach, ON",False,LW,8,0,0,0,0.25,0.0,0.0,0.0,7.3,31.8,0,0,0,0,0,0,0,0,0,0,0,0,0,0.0,-3,2,2,0.0,4,0,0,8,2,1,0,0,0,0,0.0,5,16,4,14,2,67,31,23,13,2122,231,385,1506,OTT,Atlantic,Eastern
2025-2026,20251119,21,VAN,13674,Mackenzie MacEachern,ROSTER,31.0,"6'2""",190.0,USA,"Bloomfield Hills, MI",False,LW,6,1,3,4,0.83,0.5,0.17,0.67,9.6,13.6,0,0,0,0,0,0,0,0,0,0,0,0,0,0.0,3,9,5,20.0,6,2,2,9,6,1,0,1,1,0,100.0,2,12,1,2,0,96,45,29,23,3949,805,439,2705,VAN,Pacific,Western
2025-2026,20251119,7,NJD,15475,Zack MacEwen,ROSTER,29.0,"6'3""",205.0,Canada,"Charlottetown, PE",True,RW,3,0,0,0,1.33,0.0,0.0,0.0,3.5,0.0,0,0,0,0,0,0,0,0,0,0,0,0,0,0.0,0,7,4,0.0,1,0,3,6,2,2,1,2,0,2,0.0,0,0,0,0,0,26,18,6,2,1140,169,177,794,NJD,Metropolitan,Eastern
2025-2026,20251119,22,COL,5231,Nathan MacKinnon,ROSTER,30.0,"6'0""",200.0,Canada,"Halifax, NS",False,C,19,14,19,33,4.47,1.0,0.74,1.74,19.7,19.9,4,5,4,9,0,0,0,1,0,0,1,0,0,0.0,19,144,85,16.5,13,25,33,17,14,33,3,405,201,204,49.6,6,12,5,10,0,440,214,168,72,24458,7046,3675,13737,COL,Central,Western
2025-2026,20251119,8,NYI,34417,Kyle MacLean,ROSTER,26.0,"6'1""",190.0,USA,"Livingston, NJ",True,C,10,0,1,1,0.7,0.1,0.0,0.1,8.8,27.8,0,0,0,0,0,0,0,0,0,0,0,0,0,0.0,-5,12,7,0.0,2,2,3,16,8,2,1,16,11,5,68.8,4,19,3,9,1,134,80,37,17,5749,1114,358,4277,NYI,Metropolitan,Eastern
2025-2026,20251119,143,SEA,15128,Josh Mahura,ROSTER,27.0,"6'0""",190.0,Canada,"Edmonton, AB",False,D,13,1,1,2,0.69,0.08,0.08,0.15,25.6,20.2,0,0,0,0,0,0,0,1,0,1,0,0,0,0.0,6,24,9,11.1,21,8,7,13,18,7,2,0,0,0,0.0,4,16,1,2,0,280,171,49,57,11835,1481,725,9417,SEA,Pacific,Western
2025-2026,20251119,17,STL,37979,Logan Mailloux,ASSIGNED_TO_MINORS,22.0,"6'3""",214.0,Canada,"Belle River, ON",True,D,9,0,0,0,0.56,0.0,0.0,0.0,11.3,6.6,0,0,0,0,0,0,0,0,0,0,0,0,0,0.0,-12,18,5,0.0,6,7,6,13,17,7,1,0,0,0,0.0,2,4,1,2,0,147,110,24,13,6780,884,369,5527,STL,Central,Western
2025-2026,20251119,22,COL,13619,Cale Makar,ROSTER,27.0,"5'11""",187.0,Canada,"Calgary, AB",False,D,19,6,19,25,2.58,1.0,0.32,1.32,35.2,16.6,2,0,7,7,0,0,0,2,0,0,0,0,0,0.0,17,134,49,12.2,32,61,24,11,7,20,11,0,0,0,0.0,5,10,6,12,0,517,290,178,55,29112,7119,5101,16892,COL,Central,Western
2025-2026,20251119,22,COL,56372,Taylor Makar,ASSIGNED_TO_MINORS,24.0,"6'3""",190.0,Canada,"Calgary, AB",False,LW,3,0,0,0,1.0,0.0,0.0,0.0,2.6,0.0,0,0,0,0,0,0,0,0,0,0,0,0,0,0.0,0,5,3,0.0,0,1,1,6,4,0,0,0,0,0,0.0,0,0,0,0,0,27,21,6,0,999,255,36,708,COL,Central,Western
2025-2026,20251119,15,BUF,17164,Beck Malenstyn,ROSTER,27.0,"6'3""",200.0,Canada,"White Rock, BC",False,LW,18,1,1,2,1.17,0.06,0.06,0.11,46.2,3.3,0,0,0,0,0,0,0,0,0,0,0,0,0,0.0,-6,34,21,4.8,21,6,7,61,24,10,1,2,0,2,0.0,1,2,4,8,0,295,136,28,132,12034,1749,98,10187,BUF,Atlantic,Eastern
2025-2026,20251119,22,COL,119984,Sam Malinski,ROSTER,27.0,"5'11""",190.0,USA,"Lakeville, MN",True,D,19,1,9,10,1.79,0.47,0.05,0.53,21.6,3.3,0,0,0,0,0,0,0,1,0,0,0,0,0,0.0,12,80,34,2.9,20,31,15,6,30,19,7,0,0,0,0.0,1,2,0,0,0,386,342,26,19,17116,3008,360,13749,COL,Central,Western
2025-2026,20251119,10,PIT,3652,Evgeni Malkin,ROSTER,39.0,"6'3""",195.0,Russia,Magnitogorsk,False,C,19,5,18,23,2.53,0.95,0.26,1.21,6.3,23.2,1,1,8,9,0,0,0,0,0,0,2,1,1,50.0,5,74,48,10.4,3,12,15,8,16,19,7,152,69,83,45.4,7,14,3,6,0,392,206,120,66,20083,7313,1862,10828,PIT,Metropolitan,Eastern
2025-2026,20251119,28,LAK,34945,Jeff Malott,ROSTER,29.0,"6'3""",201.0,Canada,"Burlington, ON",True,LW,16,2,0,2,0.81,0.0,0.12,0.12,24.6,46.1,0,0,0,0,0,0,0,0,0,0,0,0,0,0.0,-2,31,13,15.4,6,8,10,44,8,7,2,1,1,0,100.0,7,23,4,17,3,178,140,25,15,7603,673,390,6540,LAK,Pacific,Western
2025-2026,20251119,21,VAN,56544,Victor Mancini,ASSIGNED_TO_MINORS,23.0,"6'3""",215.0,USA,"Hancock, MI",True,D,5,0,0,0,0.6,0.0,0.0,0.0,7.3,10.9,0,0,0,0,0,0,0,0,0,0,0,0,0,0.0,-2,7,3,0.0,5,3,1,6,9,2,0,0,0,0,0.0,1,5,1,5,1,69,62,3,4,3158,334,17,2807,VAN,Pacific,Western
2025-2026,20251119,24,EDM,5761,Andrew Mangiapane,ROSTER,29.0,"5'10""",184.0,Canada,"Toronto, ON",False,LW,21,4,3,7,1.0,0.14,0.19,0.33,17.8,3.3,1,0,0,0,0,0,0,1,0,0,0,0,0,0.0,-15,45,21,19.0,11,12,12,17,19,14,2,2,1,1,50.0,1,2,6,12,0,400,176,141,79,18927,4020,2617,11813,EDM,Pacific,Western
2025-2026,20251119,22,COL,5477,Josh Manson,ROSTER,34.0,"6'3""",218.0,USA,"Hinsdale, IL",False,D,19,1,2,3,1.26,0.11,0.05,0.16,42.8,48.4,0,0,0,0,0,0,0,1,0,0,0,0,0,0.0,8,50,24,4.2,26,14,12,42,25,20,10,0,0,0,0.0,10,26,7,20,2,468,235,142,92,20865,3529,2640,14696,COL,Central,Western
2025-2026,20251119,10,PIT,5413,Anthony Mantha,ROSTER,31.0,"6'5""",234.0,Canada,"Longueuil, QC",False,RW,19,8,6,14,1.79,0.32,0.42,0.74,15.3,10.9,2,1,1,2,0,0,0,0,0,0,0,0,0,0.0,10,63,34,23.5,12,16,13,9,14,21,3,6,1,5,16.7,1,5,7,17,1,351,185,101,67,16779,2850,2713,10887,PIT,Metropolitan,Eastern
2025-2026,20251119,4,FLO,4692,Brad Marchand,ROSTER,37.0,"5'9""",181.0,Canada,"Halifax, NS",False,LW,18,13,10,23,2.89,0.56,0.72,1.28,10.3,29.9,4,2,5,7,1,0,1,1,0,0,1,0,1,100.0,-4,103,52,25.0,4,23,28,15,17,19,5,2,0,2,0.0,9,18,11,22,0,408,228,98,95,19792,6894,1665,11464,FLA,,
2025-2026,20251119,19,CBJ,14572,Kirill Marchenko,ROSTER,25.0,"6'3""",187.0,Russia,Barnaul,True,RW,20,8,14,22,3.05,0.7,0.4,1.1,19.6,10.0,2,1,6,7,1,0,1,2,0,0,4,0,4,100.0,8,134,61,13.1,12,38,35,19,20,27,6,1,0,1,0.0,3,6,4,8,0,423,210,84,136,22605,4534,1463,16827,CBJ,Metropolitan,Eastern
2025-2026,20251119,18,NSH,5473,Jonathan Marchessault,ROSTER,34.0,"5'9""",180.0,Canada,"Cap-Rouge, QC",False,RW,17,4,2,6,2.53,0.12,0.24,0.35,15.8,10.0,1,2,0,2,0,0,0,1,0,0,1,0,0,0.0,-9,89,43,9.3,3,27,19,30,11,24,3,6,4,2,66.7,3,6,8,16,0,351,169,129,57,18418,3976,3335,11107,NSH,Central,Western
2025-2026,20251119,143,SEA,17165,Mason Marchment,ROSTER,30.0,"6'4""",201.0,Canada,"Uxbridge, ON",False,LW,18,1,7,8,1.5,0.39,0.06,0.44,17.0,6.6,0,0,2,2,0,0,0,1,0,0,1,0,0,0.0,-1,55,27,3.7,7,12,16,24,21,29,6,24,6,18,25.0,2,4,3,6,0,374,181,121,68,17742,3009,1035,13413,SEA,Pacific,Western
2025-2026,20251119,30,UTA,17187,John Marino,ROSTER,28.0,"6'1""",181.0,USA,"Brockton, MA",True,D,20,1,9,10,1.15,0.45,0.05,0.5,19.3,6.6,0,0,0,0,0,0,0,0,0,0,0,0,0,0.0,5,57,23,4.3,18,25,9,5,40,32,6,0,0,0,0.0,2,4,4,8,0,549,309,72,169,24781,3670,1213,19898,UTA,Central,Western
2025-2026,20251119,142,VGK,5599,Mitchell Marner,ROSTER,28.0,"6'0""",175.0,Canada,"Markham, ON",False,RW,19,4,17,21,1.74,0.89,0.21,1.11,14.4,6.6,1,1,4,5,0,0,0,0,0,0,1,0,0,0.0,10,79,33,12.1,12,26,20,7,18,26,12,20,11,9,55.0,2,4,2,4,0,425,204,144,81,23782,5414,2681,15589,VGK,Pacific,Western
2025-2026,20251119,18,NSH,168604,Brady Martin,ROSTER,18.0,"6'0""",174.0,Canada,"Elora, ON",True,C,3,0,1,1,0.67,0.33,0.0,0.33,1.9,0.0,0,0,0,0,0,0,0,0,0,0,0,0,0,0.0,0,3,2,0.0,2,0,1,0,2,4,0,16,5,11,31.2,0,0,0,0,0,39,32,6,1,2055,275,54,1728,NSH,Central,Western
2025-2026,20251119,3,CAR,5495,Jordan Martinook,ROSTER,33.0,"6'0""",196.0,Canada,"Brandon, MB",False,LW,19,2,5,7,1.32,0.26,0.11,0.37,30.3,6.6,0,0,0,0,0,0,0,1,0,0,0,0,0,0.0,4,52,25,8.0,16,12,15,35,21,15,6,17,9,8,52.9,2,4,3,6,0,426,147,190,91,17298,3400,2156,11742,CAR,Metropolitan,Eastern
2025-2026,20251119,1,TBL,120138,Emil Martinsen Lilleberg,ROSTER,24.0,"6'2""",192.0,Norway,Sarpsborg,True,D,19,2,1,3,0.74,0.05,0.11,0.16,22.8,66.0,0,0,0,0,0,0,0,0,0,0,0,0,0,0.0,2,33,14,14.3,14,8,11,22,42,11,2,0,0,0,0.0,13,35,8,29,3,392,309,32,54,17577,2379,351,14851,TBL,Atlantic,Eastern
2025-2026,20251119,19,CBJ,53022,Denton Mateychuk,ROSTER,21.0,"5'11""",194.0,Canada,"Winnipeg, MB",True,D,19,4,3,7,1.11,0.16,0.21,0.37,37.5,3.3,1,0,0,0,0,0,0,0,0,0,0,0,0,0.0,3,42,21,19.0,33,12,9,14,42,18,5,0,0,0,0.0,1,2,3,6,0,425,336,35,55,22156,3061,390,18587,CBJ,Metropolitan,Eastern
2025-2026,20251119,14,MTL,5921,Mike Matheson,ROSTER,31.0,"6'2""",193.0,Canada,"Montreal, QC",False,D,19,3,7,10,1.21,0.37,0.16,0.53,48.4,16.6,1,0,0,0,0,0,0,1,0,1,0,0,0,0.0,9,64,23,13.0,44,23,18,15,23,16,5,0,0,0,0.0,5,10,3,6,0,493,271,91,134,28445,6431,1124,20890,MTL,Atlantic,Eastern
2025-2026,20251119,13,OTT,111262,Nikolas Matinpalo,ROSTER,27.0,"6'3""",207.0,Finland,Espoo,True,D,11,0,2,2,0.64,0.18,0.0,0.18,18.5,6.6,0,0,0,0,0,0,0,0,0,0,0,0,0,0.0,1,30,7,0.0,14,17,6,12,34,5,3,0,0,0,0.0,2,4,0,0,0,256,233,6,17,9800,1804,56,7940,OTT,Atlantic,Eastern
2025-2026,20251119,12,TOR,9627,Auston Matthews,ROSTER,28.0,"6'3""",220.0,USA,"San Ramon, CA",False,C,17,9,5,14,3.82,0.29,0.53,0.82,35.1,10.0,3,1,1,2,0,0,0,2,0,1,0,0,0,0.0,9,120,65,13.8,31,27,28,13,8,22,7,307,181,126,59.0,3,6,1,2,0,413,201,146,75,21682,4999,2907,13776,TOR,Atlantic,Eastern
2025-2026,20251119,8,NYI,5364,Scott Mayfield,ROSTER,33.0,"6'5""",223.0,USA,"St. Louis, MO",False,D,18,0,3,3,0.83,0.17,0.0,0.17,32.7,51.1,0,0,0,0,0,0,0,0,0,0,0,0,0,0.0,0,42,15,0.0,28,15,12,14,20,20,4,0,0,0,0.0,11,33,8,19,1,446,254,69,123,20447,3815,1753,14879,NYI,Metropolitan,Eastern
2025-2026,20251119,19,CBJ,17949,Dysin Mayo,ROSTER,29.0,"6'0""",185.0,Canada,"Victoria, BC",False,D,1,0,0,0,3.0,0.0,0.0,0.0,0.0,0.0,0,0,0,0,0,0,0,0,0,0,0,0,0,0.0,-1,5,3,0.0,0,2,0,0,2,0,0,0,0,0,0.0,0,0,0,0,0,13,7,3,3,453,165,0,288,CBJ,Metropolitan,Eastern
2025-2026,20251119,11,BOS,9640,Charlie McAvoy,ROSTER,27.0,"6'0""",208.0,USA,"Long Beach, NY",False,D,19,0,14,14,1.32,0.74,0.0,0.74,41.7,43.1,0,0,5,5,0,0,0,0,0,0,0,0,0,0.0,-2,78,25,0.0,32,25,28,26,34,21,9,0,0,0,0.0,13,26,6,12,0,525,267,128,130,27101,5084,1975,20042,BOS,Atlantic,Eastern
2025-2026,20251119,30,UTA,38370,Jack McBain,ROSTER,25.0,"6'4""",218.0,Canada,"Toronto, ON",True,C,20,1,2,3,1.4,0.1,0.05,0.15,34.8,40.8,0,0,0,0,0,0,0,0,0,0,0,0,0,0.0,2,47,28,3.6,14,9,10,50,30,12,3,190,100,90,52.6,10,23,5,13,1,395,234,104,58,16340,2607,2207,11526,UTA,Central,Western
2025-2026,20251119,12,TOR,5362,Jake McCabe,ROSTER,32.0,"6'1""",204.0,USA,"Eau Claire, WI",False,D,20,3,7,10,0.8,0.35,0.15,0.5,57.8,34.2,1,0,0,0,0,0,0,0,0,0,0,0,0,0.0,6,45,16,18.8,49,19,10,26,28,27,7,0,0,0,0.0,8,19,3,9,1,598,334,132,135,25814,3550,1843,20421,TOR,Atlantic,Eastern
2025-2026,20251119,143,SEA,5824,Jared McCann,ROSTER,29.0,"6'1""",185.0,Canada,"Stratford, ON",False,LW,5,3,1,4,2.8,0.2,0.6,0.8,6.8,0.0,1,0,0,0,0,0,0,1,0,1,1,0,0,0.0,0,29,14,21.4,4,7,8,7,3,1,0,3,2,1,66.7,0,0,2,4,0,124,57,41,29,5187,1528,568,3091,SEA,Pacific,Western
2025-2026,20251119,18,NSH,5893,Michael McCarron,ROSTER,30.0,"6'5""",237.0,USA,"Grosse Pointe, MI",False,C,20,1,3,4,0.95,0.15,0.05,0.2,37.6,31.8,0,0,0,0,0,0,0,0,0,0,0,0,0,0.0,-5,39,19,5.3,16,8,12,52,29,12,6,273,149,124,54.6,5,16,8,22,2,403,185,94,125,17445,2606,1205,13634,NSH,Central,Western
2025-2026,20251119,24,EDM,5576,Connor McDavid,ROSTER,28.0,"6'1""",193.0,Canada,"Richmond Hill, ON",False,C,21,9,21,30,3.05,1.0,0.43,1.43,8.3,16.6,3,3,9,12,0,0,0,0,0,0,1,0,0,0.0,-3,114,64,14.1,6,15,35,6,31,34,7,225,106,119,47.1,5,10,12,24,0,477,237,177,58,29482,7490,4587,16704,EDM,Pacific,Western
2025-2026,20251119,1,TBL,4852,Ryan McDonagh,ROSTER,36.0,"6'1""",214.0,USA,"St. Paul, MN",False,D,15,3,3,6,1.0,0.2,0.2,0.4,28.2,0.0,1,0,0,0,0,0,0,0,0,0,0,0,0,0.0,1,41,15,20.0,26,13,13,8,11,18,6,0,0,0,0.0,0,0,1,2,0,388,212,56,123,18145,4714,623,12772,TBL,Atlantic,Eastern
2025-2026,20251119,5,WSH,5308,Dylan McIlrath,ROSTER,33.0,"6'5""",231.0,Canada,"Winnipeg, MB",False,D,1,0,0,0,0.0,0.0,0.0,0.0,1.3,0.0,0,0,0,0,0,0,0,0,0,0,0,0,0,0.0,0,3,0,0.0,0,2,1,3,0,1,0,0,0,0,0.0,0,0,0,0,0,19,6,3,10,845,71,0,774,WSH,Metropolitan,Eastern
2025-2026,20251119,15,BUF,14563,Ryan McLeod,ROSTER,26.0,"6'3""",201.0,Canada,"Mississauga, ON",False,C,19,4,5,9,1.26,0.26,0.21,0.47,8.9,0.0,1,0,1,1,2,0,2,0,0,0,0,0,0,0.0,-4,44,24,16.7,8,9,11,3,19,18,5,309,129,180,41.7,0,0,2,4,0,493,245,57,195,20353,2147,402,17804,BUF,Atlantic,Eastern
2025-2026,20251119,12,TOR,39073,Bobby McMann,ROSTER,29.0,"6'1""",205.0,Canada,"Wainwright, AB",True,C,20,5,3,8,1.75,0.15,0.25,0.4,31.0,27.5,1,1,0,1,0,0,0,1,0,0,0,0,0,0.0,-1,64,35,14.3,10,13,16,50,12,6,2,3,2,1,66.7,6,15,4,11,1,390,269,103,23,17813,4273,1732,11808,TOR,Atlantic,Eastern
2025-2026,20251119,5,WSH,17166,Connor McMichael,ROSTER,24.0,"5'11""",182.0,Canada,"Ajax, ON",True,C,19,2,5,7,2.0,0.26,0.11,0.37,10.1,13.3,0,1,0,1,0,0,0,0,0,0,2,1,0,0.0,0,67,38,5.3,7,16,13,8,16,14,8,213,85,128,39.9,4,8,2,4,0,426,258,85,82,18185,2690,872,14471,WSH,Metropolitan,Eastern
2025-2026,20251119,142,VGK,5041,Brayden McNabb,ROSTER,34.0,"6'4""",213.0,Canada,"Davidson, SK",False,D,19,0,1,1,0.74,0.05,0.0,0.05,72.5,10.0,0,0,0,0,0,0,0,0,0,0,0,0,0,0.0,4,55,14,0.0,63,23,18,29,32,12,5,0,0,0,0.0,3,6,4,8,0,515,277,66,172,24516,6157,1004,17355,VGK,Pacific,Western
2025-2026,20251119,29,ANA,32259,Mason McTavish,ROSTER,22.0,"6'0""",208.0,Switzerland,Zurich,True,C,19,3,8,11,1.53,0.42,0.16,0.58,17.6,44.9,1,0,1,1,0,0,0,1,0,0,1,0,1,100.0,0,83,29,10.3,9,21,33,21,13,12,5,254,121,133,47.6,13,28,6,12,0,412,202,38,178,19115,1520,90,17439,ANA,Pacific,Western
2025-2026,20251119,7,NJD,5604,Timo Meier,ROSTER,29.0,"6'0""",210.0,Switzerland,St. Gallen,False,RW,19,5,9,14,3.21,0.47,0.26,0.74,21.9,16.6,1,2,3,5,0,0,0,1,0,0,0,0,0,0.0,0,126,61,8.2,9,31,34,31,21,21,7,23,12,11,52.2,5,10,3,6,0,417,223,83,114,20791,4041,1246,15394,NJD,Metropolitan,Eastern
2025-2026,20251119,7,NJD,28533,Dawson Mercer,ROSTER,24.0,"6'0""",180.0,Canada,"Carbonear, NL and Labrador",True,C,19,9,7,16,1.95,0.37,0.47,0.84,24.6,13.3,3,3,1,4,1,0,1,1,0,0,0,0,0,0.0,6,71,37,24.3,20,18,16,13,24,17,5,72,32,40,44.4,4,8,7,14,0,430,266,99,73,21538,3774,1537,16138,NJD,Metropolitan,Eastern
2025-2026,20251119,12,TOR,13894,Dakota Mermis,ROSTER,31.0,"6'0""",195.0,USA,"Alton, IL",False,D,5,0,0,0,0.4,0.0,0.0,0.0,2.7,0.0,0,0,0,0,0,0,0,0,0,0,0,0,0,0.0,-3,9,2,0.0,1,4,3,4,12,2,1,0,0,0,0.0,0,0,0,0,0,98,63,16,19,3878,574,276,3028,TOR,Atlantic,Eastern
2025-2026,20251119,15,BUF,120242,Zach Metsa,ROSTER,27.0,"5'9""",181.0,USA,"Delafield, WI",True,D,4,0,0,0,0.25,0.0,0.0,0.0,2.3,3.3,0,0,0,0,0,0,0,0,0,0,0,0,0,0.0,3,4,1,0.0,2,2,1,1,6,1,0,0,0,0,0.0,1,2,1,2,0,49,47,2,0,2117,376,0,1741,BUF,Atlantic,Eastern
2025-2026,20251119,143,SEA,39057,Ben Meyers,ASSIGNED_TO_MINORS,27.0,"5'11""",195.0,USA,"Delano, MN",True,C,9,0,3,3,0.89,0.33,0.0,0.33,7.0,3.3,0,0,0,0,0,0,0,0,0,0,0,0,0,0.0,-1,14,8,0.0,1,1,5,14,8,1,1,51,21,30,41.2,1,2,0,0,0,137,115,14,7,5214,926,84,4150,SEA,Pacific,Western
2025-2026,20251119,6,PHI,134153,Matvei Michkov,ROSTER,20.0,"5'10""",172.0,Russia,Perm,True,RW,18,4,5,9,1.94,0.28,0.22,0.5,9.9,19.9,1,1,0,1,0,0,0,0,0,0,4,0,2,50.0,-4,63,35,11.4,5,23,5,12,18,30,8,0,0,0,0.0,6,12,3,6,0,355,310,45,7,16017,3507,254,12447,PHI,Metropolitan,Eastern
2025-2026,20251119,25,MIN,15459,Jacob Middleton,ROSTER,29.0,"6'3""",210.0,Canada,"Stratford, ON",False,D,18,0,2,2,0.94,0.11,0.0,0.11,40.7,46.8,0,0,0,0,0,0,0,0,0,0,0,0,0,0.0,0,38,17,0.0,31,12,9,26,12,8,2,0,0,0,0.0,9,26,4,14,2,400,220,96,85,19591,3111,2272,14210,MIN,Central,Western
2025-2026,20251119,20,CHI,17145,Ilya Mikheyev,ROSTER,31.0,"6'3""",195.0,Russia,Omsk,True,RW,17,4,3,7,1.65,0.18,0.24,0.41,11.4,3.3,1,0,0,0,0,0,0,1,0,0,0,0,0,0.0,6,47,28,14.3,7,8,11,11,10,9,5,5,0,5,0.0,1,2,4,8,0,386,198,45,143,18558,1516,362,16414,CHI,Central,Western
2025-2026,20251119,4,FLO,5722,Niko Mikkola,ROSTER,29.0,"6'4""",185.0,Finland,Kiiminki,False,D,19,0,4,4,1.05,0.21,0.0,0.21,31.0,33.2,0,0,0,0,0,0,0,0,0,0,0,0,0,0.0,4,52,20,0.0,24,18,14,19,31,24,3,0,0,0,0.0,10,20,7,14,0,496,281,138,77,21799,2912,2181,16706,FLA,,
2025-2026,20251119,5,WSH,5436,Sonny Milano,ROSTER,29.0,"6'0""",194.0,USA,"Massapequa, NY",False,LW,8,1,0,1,1.75,0.0,0.12,0.12,3.2,3.3,0,0,0,0,0,0,0,0,0,0,0,0,0,0.0,-1,15,14,7.1,2,0,1,3,7,4,0,5,3,2,60.0,1,2,1,2,0,112,49,36,28,5258,1308,454,3496,WSH,Metropolitan,Eastern
2025-2026,20251119,2,WPJ,5563,Colin Miller,ROSTER,33.0,"6'1""",193.0,Canada,"Sault Ste. Marie, ON",False,D,5,0,0,0,0.8,0.0,0.0,0.0,7.2,3.3,0,0,0,0,0,0,0,0,0,0,0,0,0,0.0,-1,11,4,0.0,3,6,1,10,2,4,0,0,0,0,0.0,1,2,1,2,0,76,44,21,11,3563,336,433,2794,WPG,,
2025-2026,20251119,9,NYR,5161,J.T. Miller,ROSTER,32.0,"6'1""",218.0,USA,"East Palestine, OH",False,C,21,4,6,10,2.29,0.29,0.19,0.48,30.0,10.0,1,0,2,2,0,0,0,1,0,1,1,0,1,100.0,-3,95,48,8.3,8,15,32,52,13,18,4,341,199,142,58.4,3,6,2,4,0,547,245,127,163,26076,6574,2036,16694,NYR,Metropolitan,Eastern
2025-2026,20251119,3,CAR,14545,K'Andre Miller,ROSTER,25.0,"6'5""",210.0,USA,"St. Paul, MN",True,D,13,2,6,8,2.31,0.46,0.15,0.62,21.5,26.5,0,1,2,3,0,0,0,0,0,0,0,0,0,0.0,0,67,30,6.7,14,23,14,19,17,19,9,1,0,1,0.0,8,16,2,4,0,376,215,85,78,17810,3148,847,13815,CAR,Metropolitan,Eastern
2025-2026,20251119,11,BOS,52843,Fraser Minten,ROSTER,21.0,"6'1""",185.0,Canada,"Vancouver, BC",True,C,21,3,3,6,1.33,0.14,0.14,0.29,32.2,19.9,1,0,0,0,0,0,0,1,0,1,0,0,0,0.0,2,56,28,10.7,18,14,14,35,27,8,8,194,102,92,52.6,6,12,3,6,0,397,299,47,54,17441,2914,321,14206,BOS,Atlantic,Eastern
2025-2026,20251119,29,ANA,43373,Pavel Mintyukov,ROSTER,21.0,"6'2""",194.0,Russia,Moskva,True,D,18,0,3,3,0.56,0.17,0.0,0.17,20.5,3.3,0,0,0,0,0,0,0,0,0,0,0,0,0,0.0,1,30,10,0.0,17,12,8,10,21,18,3,0,0,0,0.0,1,2,5,10,0,381,261,44,76,16559,2123,67,14369,ANA,Pacific,Western
2025-2026,20251119,23,CGY,29983,Daniil Miromanov,ASSIGNED_TO_MINORS,28.0,"6'4""",202.0,Russia,Moscow,True,D,1,0,0,0,0.0,0.0,0.0,0.0,1.9,0.0,0,0,0,0,0,0,0,0,0,0,0,0,0,0.0,0,2,0,0.0,2,1,1,0,0,1,0,0,0,0,0.0,0,0,0,0,0,30,23,0,7,1069,0,0,1069,CGY,Pacific,Western
2025-2026,20251119,26,SJS,176687,Michael Misa,ROSTER,18.0,"6'1""",185.0,Canada,"Oakville, ON",True,C,7,1,2,3,1.86,0.29,0.14,0.43,5.6,3.3,0,0,0,0,0,0,0,0,0,0,0,0,0,0.0,-1,22,13,7.7,5,5,4,2,9,5,0,38,20,18,52.6,1,2,1,2,0,106,94,13,0,4930,813,180,3937,SJS,Pacific,Western
2025-2026,20251119,11,BOS,13623,Casey Mittelstadt,ROSTER,26.0,"6'1""",199.0,USA,"Eden Prairie, MN",False,C,15,4,5,9,0.93,0.33,0.27,0.6,8.9,0.0,1,0,0,0,0,0,0,0,0,0,1,0,0,0.0,0,27,14,28.6,8,5,8,3,13,14,2,83,49,34,59.0,0,0,2,4,0,274,151,107,20,13084,2188,1546,9350,BOS,Atlantic,Eastern
2025-2026,20251119,19,CBJ,5242,Sean Monahan,ROSTER,31.0,"6'2""",200.0,Canada,"Brampton, ON",False,C,20,2,7,9,1.7,0.35,0.1,0.45,6.2,6.6,0,1,3,4,0,0,0,1,0,0,1,0,0,0.0,1,59,34,5.9,2,8,17,10,13,16,5,379,206,173,54.4,2,4,4,8,0,446,211,109,126,21980,5373,1443,15097,CBJ,Metropolitan,Eastern
2025-2026,20251119,143,SEA,11648,Brandon Montour,ROSTER,31.0,"6'0""",189.0,Canada,"Ohsweken, ON",False,D,15,3,6,9,2.47,0.4,0.2,0.6,29.3,14.2,1,1,1,2,0,0,0,0,0,0,0,0,0,0.0,4,85,37,8.1,24,25,23,15,20,21,7,0,0,0,0.0,2,7,2,7,1,375,181,79,106,20062,3520,1212,14820,SEA,Pacific,Western
2025-2026,20251119,29,ANA,56251,Ian Moore,ROSTER,23.0,"6'2""",171.0,USA,"Concord, MA",False,D,13,1,1,2,0.92,0.08,0.08,0.15,23.5,19.9,0,0,0,0,0,0,0,0,0,0,0,0,0,0.0,1,36,12,8.3,22,9,15,6,28,11,3,0,0,0,0.0,6,12,1,2,0,248,146,18,85,10605,724,186,9695,ANA,Pacific,Western
2025-2026,20251119,20,CHI,166412,Oliver Moore,ROSTER,20.0,"5'11""",176.0,USA,"Mounds View, MN",True,C,7,2,3,5,1.86,0.43,0.29,0.71,3.3,0.0,0,0,0,0,0,0,0,0,0,0,0,0,0,0.0,2,22,13,15.4,3,1,8,1,10,5,5,6,2,4,33.3,0,0,0,0,0,137,113,19,7,5919,1267,168,4484,CHI,Central,Western
2025-2026,20251119,28,LAK,11811,Trevor Moore,ROSTER,30.0,"5'10""",185.0,USA,"Thousand Oaks, CA",False,LW,19,3,2,5,2.05,0.11,0.16,0.26,17.7,10.0,1,0,0,0,1,0,1,0,0,0,3,0,2,66.67,1,67,39,7.7,15,11,17,8,30,20,6,8,2,6,25.0,3,6,1,2,0,383,192,120,76,18289,2684,1624,14159,LAK,Pacific,Western
2025-2026,20251119,2,WPJ,5930,Josh Morrissey,ROSTER,30.0,"6'0""",195.0,Canada,"Calgary, AB",False,D,19,4,17,21,1.74,0.89,0.21,1.11,41.9,10.0,1,1,5,6,0,0,0,0,0,0,0,0,0,0.0,8,71,33,12.1,39,21,17,11,23,24,7,0,0,0,0.0,3,6,3,6,0,545,269,192,88,27785,5284,3487,19014,WPG,,
2025-2026,20251119,9,NYR,37982,Scott Morrow,ROSTER,23.0,"6'2""",195.0,USA,"Darlen, CT",True,D,1,0,0,0,0.0,0.0,0.0,0.0,0.0,0.0,0,0,0,0,0,0,0,0,0,0,0,0,0,0.0,0,1,0,0.0,0,0,1,0,2,0,0,0,0,0,0.0,0,0,0,0,0,15,10,4,1,596,0,80,516,NYR,Metropolitan,Eastern
2025-2026,20251119,23,CGY,142359,Sam Morton,ROSTER,,,,,,False,C,1,0,0,0,0.0,0.0,0.0,0.0,2.2,10.3,0,0,0,0,0,0,0,0,0,0,0,0,0,0.0,0,3,0,0.0,0,1,2,5,0,0,0,9,8,1,88.9,1,10,0,0,0,15,12,0,3,665,0,0,665,CGY,Pacific,Western
2025-2026,20251119,1,TBL,34441,Janis Moser,ROSTER,25.0,"6'0""",172.0,Switzerland,Biel,True,D,17,1,4,5,1.41,0.24,0.06,0.29,23.5,10.0,0,0,0,0,0,1,1,0,0,0,0,0,0,0.0,5,57,24,4.2,17,23,10,17,35,20,4,0,0,0,0.0,3,6,7,14,0,435,324,42,70,21345,4199,1143,16036,TBL,Atlantic,Eastern
2025-2026,20251119,28,LAK,28507,Jacob Moverare,ROSTER,27.0,"6'2""",198.0,Sweden,stersund,False,D,2,0,0,0,0.0,0.0,0.0,0.0,2.8,0.0,0,0,0,0,0,0,0,0,0,0,0,0,0,0.0,-1,2,0,0.0,2,2,0,2,1,0,1,0,0,0,0.0,0,0,0,0,0,15,9,6,0,812,35,66,711,LAK,Pacific,Western
2025-2026,20251119,26,SJS,36849,Shakir Mukhamadullin,ROSTER,23.0,"6'4""",178.0,Russia,Ufa,True,D,9,0,4,4,0.89,0.44,0.0,0.44,11.7,10.0,0,0,0,0,0,0,0,0,0,0,0,0,0,0.0,4,21,8,0.0,10,8,5,5,18,7,1,0,0,0,0.0,3,6,0,0,0,190,126,24,40,9085,694,299,8092,SJS,Pacific,Western
2025-2026,20251119,20,CHI,5293,Connor Murphy,ROSTER,32.0,"6'4""",212.0,USA,"Dublin, OH",False,D,19,0,3,3,0.95,0.16,0.0,0.16,26.4,23.2,0,0,0,0,0,0,0,0,0,0,0,0,0,0.0,-1,33,18,0.0,20,8,7,17,36,16,3,0,0,0,0.0,7,14,4,8,0,366,179,53,133,17052,3394,479,13131,CHI,Central,Western
2025-2026,20251119,12,TOR,15478,Philippe Myers,ROSTER,28.0,"6'5""",210.0,Canada,"Moncton, NB",False,D,10,0,0,0,1.3,0.0,0.0,0.0,15.7,10.0,0,0,0,0,0,0,0,0,0,0,0,0,0,0.0,-7,29,13,0.0,12,3,13,10,12,6,0,0,0,0,0.0,3,6,0,0,0,204,127,36,41,8539,1390,1446,5703,TOR,Atlantic,Eastern
2025-2026,20251119,21,VAN,4659,Tyler Myers,ROSTER,35.0,"6'8""",229.0,USA,"Katy, TX",False,D,21,1,5,6,1.24,0.24,0.05,0.29,53.7,26.5,0,0,0,0,0,0,0,0,0,0,0,0,0,0.0,-4,63,26,3.8,46,20,17,23,25,24,5,0,0,0,0.0,8,16,5,10,0,533,283,94,157,26383,5555,1432,19396,VAN,Pacific,Western
2025-2026,20251119,3,CAR,133816,Bradly Nadeau,ASSIGNED_TO_MINORS,20.0,"5'10""",161.0,Canada,"St-Francois de Madaw, NB",True,LW,6,1,0,1,0.67,0.0,0.17,0.17,5.5,0.0,0,0,0,0,0,0,0,0,0,0,0,0,0,0.0,1,15,4,25.0,4,4,7,4,8,5,0,1,0,1,0.0,0,0,0,0,0,87,66,14,8,4141,668,70,3403,CAR,Metropolitan,Eastern
2025-2026,20251119,2,WPJ,5136,Vladislav Namestnikov,ROSTER,32.0,"6'0""",183.0,Russia,Zhukovskiy,False,C,19,6,1,7,1.63,0.05,0.32,0.37,22.4,8.4,2,2,0,2,0,0,0,1,0,0,0,0,0,0.0,0,52,31,19.4,14,9,12,21,16,15,3,87,33,54,37.9,2,6,4,8,0,396,155,165,82,17620,3355,2746,11519,WPG,,
2025-2026,20251119,20,CHI,56367,Frank Nazar,ROSTER,21.0,"5'10""",180.0,USA,"Mt. Clemens, MI",False,C,17,5,8,13,2.12,0.47,0.29,0.76,22.8,10.0,1,1,2,3,0,0,0,1,0,0,1,0,0,0.0,4,66,36,13.9,19,13,17,11,34,23,8,237,105,132,44.3,3,6,9,18,0,394,239,30,126,19243,2545,95,16331,CHI,Central,Western
2025-2026,20251119,22,COL,13627,Martin Necas,ROSTER,26.0,"6'2""",189.0,Czech Republic,Nove Mesto na Morave,False,C,19,13,12,25,2.21,0.63,0.68,1.32,15.2,23.2,4,3,4,7,0,0,0,0,0,0,1,0,0,0.0,16,93,42,31.0,6,27,24,22,29,39,4,11,7,4,63.6,7,14,7,14,0,436,267,133,47,23919,5840,3363,14716,COL,Central,Western
2025-2026,20251119,17,STL,29768,Jake Neighbours,ROSTER,23.0,"6'0""",195.0,Canada,"Airdrie, AB",True,LW,8,6,1,7,1.5,0.12,0.75,0.88,13.4,6.6,2,0,0,0,0,0,0,1,0,0,0,0,0,0.0,-4,23,12,50.0,5,5,6,20,8,4,0,1,1,0,100.0,2,4,0,0,0,157,115,43,5,7016,2190,569,4257,STL,Central,Western
2025-2026,20251119,22,COL,5226,Brock Nelson,ROSTER,34.0,"6'3""",212.0,USA,"Warroad, MN",False,C,19,5,4,9,1.63,0.21,0.26,0.47,19.0,16.6,1,0,1,1,0,0,0,1,0,0,0,0,0,0.0,10,56,31,16.1,15,10,15,11,25,16,6,356,177,179,49.7,5,10,6,12,0,458,202,155,106,21166,6147,2426,12593,COL,Central,Western
2025-2026,20251119,7,NJD,43355,Simon Nemec,ROSTER,21.0,"6'0""",190.0,Slovakia,Liptovsky Mikulas,True,D,19,4,8,12,1.42,0.42,0.21,0.63,32.7,13.3,1,0,0,0,0,0,0,1,0,1,1,0,1,100.0,5,69,27,14.8,33,36,6,3,23,16,4,0,0,0,0.0,4,8,3,6,0,419,345,50,27,21489,3906,532,17236,NJD,Metropolitan,Eastern
2025-2026,20251119,29,ANA,56465,Nikita Nesterenko,ROSTER,24.0,"6'0""",157.0,USA,"Brooklyn, NY",False,C,17,1,6,7,0.94,0.35,0.06,0.41,19.0,8.4,0,0,0,0,0,0,0,1,0,0,0,0,0,0.0,3,34,16,6.2,5,11,7,33,8,8,1,24,8,16,33.3,2,6,3,6,0,313,179,56,80,13023,2215,360,10451,ANA,Pacific,Western
2025-2026,20251119,14,MTL,30019,Alex Newhook,ROSTER,24.0,"5'10""",192.0,Canada,"St. Johns, NL and Labrador",True,C,17,6,6,12,1.41,0.35,0.35,0.71,15.9,13.3,2,1,0,1,0,0,0,2,0,1,0,0,0,0.0,7,41,24,25.0,5,9,8,26,13,4,1,89,37,52,41.6,4,8,6,12,0,316,155,46,121,14934,1354,440,13140,MTL,Atlantic,Eastern
2025-2026,20251119,22,COL,5247,Valeri Nichushkin,ROSTER,30.0,"6'4""",210.0,Russia,Chelyabinsk,False,RW,17,5,7,12,2.41,0.41,0.29,0.71,10.7,6.6,1,1,2,3,0,0,0,0,0,0,2,0,1,50.0,2,81,41,12.2,4,21,19,16,12,12,8,1,1,0,100.0,2,4,4,8,0,401,173,159,75,18344,4324,4002,10169,COL,Central,Western
2025-2026,20251119,2,WPJ,4868,Nino Niederreiter,ROSTER,33.0,"6'2""",218.0,Switzerland,Chur,False,RW,19,4,9,13,1.42,0.47,0.21,0.68,17.7,13.3,1,1,4,5,0,0,0,1,0,0,0,0,0,0.0,7,52,27,14.8,5,14,11,30,11,16,4,3,3,0,100.0,4,8,1,2,0,353,172,122,63,16370,4700,1839,9831,WPG,,
2025-2026,20251119,22,COL,53057,Tristen Nielsen,ASSIGNED_TO_MINORS,25.0,"5'10""",192.0,Canada,"Fort St. John, BC",True,C,1,0,0,0,0.0,0.0,0.0,0.0,1.7,0.0,0,0,0,0,0,0,0,0,0,0,0,0,0,0.0,0,0,0,0.0,0,0,0,4,0,0,0,0,0,0,0.0,0,0,0,0,0,8,4,3,1,325,0,0,325,COL,Central,Western
2025-2026,20251119,3,CAR,56336,Alexander Nikishin,ROSTER,24.0,"6'3""",196.0,Russia,Orel,False,D,19,2,6,8,1.89,0.32,0.11,0.42,48.2,16.6,0,0,0,0,0,0,0,0,0,0,0,0,0,0.0,15,87,36,5.6,28,31,20,50,32,22,6,0,0,0,0.0,5,10,2,4,0,481,328,70,85,22911,3783,1171,17957,CAR,Metropolitan,Eastern
2025-2026,20251119,7,NJD,5544,Stefan Noesen,ROSTER,32.0,"6'1""",205.0,USA,"Plano, TX",False,RW,13,1,1,2,1.23,0.08,0.08,0.15,11.6,10.0,0,0,0,0,0,0,0,0,0,0,0,0,0,0.0,-4,33,16,6.2,5,7,10,16,9,10,1,13,6,7,46.2,3,6,2,4,0,232,114,68,49,9238,1937,396,7117,NJD,Metropolitan,Eastern
2025-2026,20251119,15,BUF,13634,Josh Norris,INJURY_LIST,26.0,"6'1""",199.0,USA,"Oxford, MI",False,C,1,0,0,0,4.0,0.0,0.0,0.0,0.4,0.0,0,0,0,0,0,0,0,0,0,0,0,0,0,0.0,0,4,4,0.0,0,0,0,1,3,1,0,12,4,8,33.3,0,0,0,0,0,24,14,1,9,1131,161,0,970,BUF,Atlantic,Eastern
2025-2026,20251119,10,PIT,5680,Thomas Novak,ROSTER,28.0,"6'1""",179.0,USA,"St. Paul, MN",False,C,19,2,5,7,1.26,0.26,0.11,0.37,9.8,6.6,0,1,1,2,0,0,0,1,0,0,0,0,0,0.0,0,51,24,8.3,8,11,17,5,27,11,4,44,18,26,40.9,2,4,2,4,0,320,183,76,57,14385,2740,1133,10184,PIT,Metropolitan,Eastern
2025-2026,20251119,24,EDM,4993,Ryan Nugent-Hopkins,INJURY_LIST,32.0,"6'0""",184.0,Canada,"Burnaby, BC",False,C,16,5,11,16,1.44,0.69,0.31,1.0,6.8,6.6,1,2,7,9,0,0,0,0,0,0,2,0,0,0.0,-11,51,23,21.7,4,16,12,7,7,9,3,92,38,54,41.3,2,4,1,2,0,346,160,90,93,18057,5103,1596,10927,EDM,Pacific,Western
2025-2026,20251119,24,EDM,5464,Darnell Nurse,ROSTER,30.0,"6'4""",221.0,Canada,"Hamilton, ON",False,D,21,3,4,7,2.24,0.19,0.14,0.33,68.0,19.9,1,0,0,0,0,0,0,0,0,0,0,0,0,0.0,-8,108,47,6.4,56,39,22,34,23,20,4,0,0,0,0.0,6,12,2,4,0,515,299,73,138,26423,4383,1359,20245,EDM,Pacific,Western
2025-2026,20251119,12,TOR,5418,William Nylander,ROSTER,29.0,"6'0""",196.0,Canada,"Calgary, AB",False,RW,17,9,18,27,2.12,1.06,0.53,1.59,7.5,16.6,3,1,3,4,0,0,0,1,0,1,0,0,0,0.0,6,79,36,25.0,7,21,22,2,3,20,8,31,11,20,35.5,5,10,1,2,0,408,193,158,67,20611,5393,2471,12708,TOR,Atlantic,Eastern
2025-2026,20251119,143,SEA,56632,Jani Nyman,ROSTER,21.0,"6'4""",217.0,Finland,Valkeakoski,False,RW,14,3,0,3,1.14,0.0,0.21,0.21,7.9,10.0,1,1,0,1,0,0,0,0,0,0,0,0,0,0.0,2,37,16,18.8,2,9,12,14,15,6,1,5,2,3,40.0,3,6,4,8,0,194,156,21,20,8585,1348,312,6925,SEA,Pacific,Western
2025-2026,20251119,2,WPJ,5026,Gustav Nyquist,ROSTER,36.0,"5'11""",179.0,Sweden,Halmstad,False,RW,14,0,6,6,1.21,0.43,0.0,0.43,8.7,3.3,0,0,3,3,0,0,0,0,0,0,0,0,0,0.0,3,33,17,0.0,6,8,8,7,10,8,4,11,5,6,45.5,1,2,3,6,0,237,145,61,31,10088,2934,1120,6034,WPG,,
2025-2026,20251119,3,CAR,56329,Joel Nyström,ROSTER,23.0,"5'11""",170.0,Sweden,Karlstad,True,D,13,0,3,3,1.38,0.23,0.0,0.23,11.3,3.3,0,0,0,0,0,0,0,0,0,0,0,0,0,0.0,2,56,18,0.0,11,28,10,2,23,15,1,0,0,0,0.0,1,2,0,0,0,333,257,38,38,13617,1615,182,11820,CAR,Metropolitan,Eastern
2025-2026,20251119,30,UTA,5452,Liam O'Brien,ROSTER,31.0,"6'1""",215.0,Canada,"Halifax, NS",False,C,7,1,0,1,1.43,0.0,0.14,0.14,10.3,25.2,0,0,0,0,0,0,0,0,0,0,0,0,0,0.0,-4,21,10,10.0,4,5,6,15,8,3,1,0,0,0,0.0,3,12,2,10,2,95,53,19,24,3918,847,417,2654,UTA,Central,Western
2025-2026,20251119,21,VAN,28409,Drew O'Connor,ROSTER,27.0,"6'3""",205.0,USA,"Wayne, New Jersey",True,LW,21,6,4,10,1.29,0.19,0.29,0.48,18.7,13.3,2,0,0,0,1,0,1,0,0,0,0,0,0,0.0,1,55,27,22.2,12,13,15,17,19,15,2,20,12,8,60.0,4,8,6,12,0,389,232,66,96,17942,2305,1311,14326,VAN,Pacific,Western
2025-2026,20251119,25,MIN,43372,Liam Ohgren,ROSTER,21.0,"6'1""",201.0,Sweden,Stockholm,True,LW,7,0,0,0,0.86,0.0,0.0,0.0,7.1,0.0,0,0,0,0,0,0,0,0,0,0,0,0,0,0.0,-4,12,6,0.0,2,6,0,12,9,0,0,0,0,0,0.0,0,0,0,0,0,81,56,3,22,3788,350,0,3438,MIN,Central,Western
2025-2026,20251119,143,SEA,5156,Jamie Oleksiak,ROSTER,32.0,"6'7""",255.0,Canada,"Toronto, ON",False,D,19,2,3,5,1.0,0.16,0.11,0.26,35.9,10.0,0,0,0,0,0,0,0,0,0,0,0,0,0,0.0,3,40,19,10.5,26,13,8,26,25,17,8,0,0,0,0.0,3,6,3,6,0,413,225,70,115,18980,3528,810,14409,SEA,Pacific,Western
2025-2026,20251119,19,CBJ,17349,Mathieu Olivier,ROSTER,28.0,"6'2""",210.0,USA,"Biloxi, Mississippi",False,RW,20,3,6,9,1.35,0.3,0.15,0.45,43.3,72.5,1,0,0,0,0,0,0,1,0,0,0,0,0,0.0,2,58,27,11.1,17,13,18,63,18,7,2,0,0,0,0.0,9,44,10,32,4,361,186,105,71,17352,3157,1299,12833,CBJ,Metropolitan,Eastern
2025-2026,20251119,22,COL,15140,Victor Olofsson,ROSTER,30.0,"5'11""",183.0,Sweden,Ornskoldsvik,False,LW,19,6,9,15,2.53,0.47,0.32,0.79,7.9,6.6,2,2,4,6,0,0,0,1,0,0,1,0,0,0.0,-1,81,48,12.5,6,19,14,5,13,14,5,1,0,1,0.0,2,4,2,4,0,342,147,141,60,16237,4719,2102,9416,COL,Central,Western
2025-2026,20251119,18,NSH,4703,Ryan O'Reilly,ROSTER,34.0,"6'1""",216.0,Canada,"Clinton, ON",False,C,20,6,7,13,1.7,0.35,0.3,0.65,18.8,0.0,2,1,1,2,1,0,1,2,0,0,1,0,1,100.0,-2,60,34,17.6,17,9,17,6,18,9,13,360,205,155,56.9,0,0,1,2,0,463,225,129,116,23320,7395,2769,13282,NSH,Central,Western
2025-2026,20251119,26,SJS,5036,Dmitry Orlov,ROSTER,34.0,"5'11""",208.0,Russia,Novokuznetsk,False,D,20,0,11,11,1.4,0.55,0.0,0.55,35.9,23.2,0,0,4,4,0,0,0,0,0,0,0,0,0,0.0,0,57,28,0.0,25,21,8,28,24,31,5,0,0,0,0.0,7,14,2,4,0,497,261,98,138,26844,7246,1425,18174,SJS,Pacific,Western
2025-2026,20251119,26,SJS,34836,Zack Ostapchuk,ROSTER,22.0,"6'4""",203.0,Canada,"St. Albert, AB",True,C,2,0,0,0,1.5,0.0,0.0,0.0,1.7,0.0,0,0,0,0,0,0,0,0,0,0,0,0,0,0.0,0,4,3,0.0,0,0,1,4,2,0,0,20,13,7,65.0,0,0,0,0,0,30,22,2,6,1231,223,48,960,SJS,Pacific,Western
2025-2026,20251119,15,BUF,43366,Noah Ostlund,ROSTER,21.0,"5'10""",164.0,Sweden,Nykvarn,True,C,11,3,2,5,1.36,0.18,0.27,0.45,9.0,3.3,1,1,0,1,0,0,0,0,0,0,0,0,0,0.0,2,21,15,20.0,9,4,2,1,6,4,1,83,19,64,22.9,1,2,0,0,0,199,169,28,5,8545,1554,626,6365,BUF,Atlantic,Eastern
2025-2026,20251119,9,NYR,34526,Brennan Othmann,ASSIGNED_TO_MINORS,22.0,"6'0""",175.0,Canada,"Scarborough, ON",True,LW,1,0,0,0,1.0,0.0,0.0,0.0,0.9,0.0,0,0,0,0,0,0,0,0,0,0,0,0,0,0.0,-1,2,1,0.0,0,1,0,2,1,0,0,0,0,0,0.0,0,0,0,0,0,16,11,0,5,751,0,0,751,NYR,Metropolitan,Eastern
2025-2026,20251119,5,WSH,3495,Alex Ovechkin,ROSTER,40.0,"6'3""",236.0,Russia,Moscow,False,LW,19,6,9,15,2.32,0.47,0.32,0.79,18.3,3.3,2,0,2,2,0,0,0,3,0,0,2,2,0,0.0,5,133,44,13.6,3,51,38,36,6,21,2,1,1,0,100.0,1,2,1,2,0,385,215,99,73,20268,7166,1798,10969,WSH,Metropolitan,Eastern
2025-2026,20251119,23,CGY,18227,Brayden Pachal,ROSTER,26.0,"6'0""",200.0,Canada,"Estevan, SK",False,D,14,0,3,3,0.64,0.21,0.0,0.21,21.2,30.5,0,0,0,0,0,0,0,0,0,0,0,0,0,0.0,-1,32,9,0.0,11,14,9,25,24,10,4,0,0,0,0.0,5,26,4,10,0,276,190,37,49,11337,1250,545,9542,CGY,Pacific,Western
2025-2026,20251119,8,NYI,5207,Jean-Gabriel Pageau,ROSTER,33.0,"5'10""",180.0,Canada,"Ottawa, ON",False,C,20,6,6,12,1.05,0.3,0.3,0.6,32.4,0.0,2,0,0,0,2,2,4,2,0,1,0,0,0,0.0,0,40,21,28.6,20,8,11,31,18,12,7,307,187,120,60.9,0,0,1,2,0,430,184,124,129,18497,3850,1034,13613,NYI,Metropolitan,Eastern
2025-2026,20251119,7,NJD,5178,Ondrej Palat,ROSTER,34.0,"5'11""",194.0,Czech Republic,Frydek-Mistek,False,LW,19,1,1,2,1.16,0.05,0.05,0.11,31.4,3.3,0,0,1,1,0,0,0,0,0,0,0,0,0,0.0,1,39,22,4.5,19,4,13,31,30,5,2,4,1,3,25.0,1,2,6,12,0,361,193,73,95,14881,3608,808,10704,NJD,Metropolitan,Eastern
2025-2026,20251119,8,NYI,4796,Kyle Palmieri,ROSTER,34.0,"5'11""",185.0,USA,"Smithtown, NY",False,C,20,6,10,16,2.9,0.5,0.3,0.8,13.5,13.3,2,1,4,5,1,0,1,1,0,0,0,0,0,0.0,-1,101,58,10.3,7,19,24,16,14,17,4,3,2,1,66.7,4,8,3,8,0,458,239,109,116,23191,7575,1116,14500,NYI,Metropolitan,Eastern
2025-2026,20251119,9,NYR,5811,Artemi Panarin,ROSTER,34.0,"5'11""",170.0,Russia,Korkino,False,LW,21,5,14,19,2.9,0.67,0.24,0.9,2.8,6.6,1,0,6,6,0,0,0,2,0,0,1,0,0,0.0,-1,149,61,8.2,2,48,42,2,8,24,5,0,0,0,0.0,2,4,1,2,0,475,234,101,130,25999,4948,1584,18620,NYR,Metropolitan,Eastern
2025-2026,20251119,17,STL,5826,Colton Parayko,ROSTER,32.0,"6'6""",230.0,Canada,"St. Albert, AB",False,D,20,0,6,6,1.2,0.3,0.0,0.3,53.5,13.3,0,0,0,0,0,0,0,0,0,0,0,0,0,0.0,-4,63,24,0.0,48,20,19,18,27,21,9,0,0,0,0.0,4,8,4,8,0,580,323,107,150,27976,5262,1690,21024,STL,Central,Western
2025-2026,20251119,23,CGY,142360,Zayne Parekh,ROSTER,,,,,,False,D,11,0,1,1,1.0,0.09,0.0,0.09,6.9,0.0,0,0,1,1,0,0,0,0,0,0,0,0,0,0.0,0,35,11,0.0,5,18,6,5,19,17,3,0,0,0,0.0,0,0,4,8,0,220,183,32,5,9744,1736,105,7903,CGY,Pacific,Western
2025-2026,20251119,9,NYR,34307,Juuso Parssinen,ROSTER,24.0,"6'2""",203.0,Finland,Hmeenlinna,True,C,13,2,1,3,0.92,0.08,0.15,0.23,15.9,3.3,0,0,0,0,0,0,0,0,0,0,0,0,0,0.0,2,21,12,16.7,9,4,5,17,11,6,3,28,13,15,46.4,1,2,2,4,0,172,121,21,28,7022,788,337,5707,NYR,Metropolitan,Eastern
2025-2026,20251119,11,BOS,5437,David Pastrnak,ROSTER,29.0,"6'0""",194.0,Czech Republic,Havirov,False,RW,21,11,15,26,3.48,0.71,0.52,1.24,20.3,23.2,3,5,7,12,0,0,0,2,0,0,0,0,0,0.0,-6,166,73,15.1,6,59,34,34,22,36,8,1,1,0,100.0,7,14,9,18,0,431,232,117,93,25325,7692,1914,15719,BOS,Atlantic,Eastern
2025-2026,20251119,2,WPJ,5292,Tanner Pearson,ROSTER,33.0,"6'1""",201.0,Canada,"Kitchener, ON",False,LW,19,3,1,4,0.89,0.05,0.16,0.21,20.0,16.6,1,0,0,0,0,0,0,0,0,0,0,0,0,0.0,1,30,17,17.6,12,7,6,20,10,12,2,6,3,3,50.0,5,10,2,4,0,323,152,97,77,12604,2422,1808,8374,WPG,,
2025-2026,20251119,11,BOS,15999,Andrew Peeke,ROSTER,27.0,"6'3""",194.0,USA,"Parkland, FL",False,D,21,0,4,4,1.05,0.19,0.0,0.19,56.9,3.3,0,0,0,0,0,0,0,0,0,0,0,0,0,0.0,-3,53,22,0.0,48,16,15,26,33,21,5,0,0,0,0.0,1,2,1,2,0,527,295,92,140,25025,3304,1363,20358,BOS,Atlantic,Eastern
2025-2026,20251119,8,NYI,5856,Adam Pelech,ROSTER,31.0,"6'3""",218.0,Canada,"Toronto, ON",False,D,20,0,2,2,1.25,0.1,0.0,0.1,31.5,13.3,0,0,0,0,0,0,0,0,0,0,0,0,0,0.0,9,77,25,0.0,29,26,26,9,29,18,10,0,0,0,0.0,4,8,4,8,0,541,281,101,159,23168,3552,1381,18235,NYI,Metropolitan,Eastern
2025-2026,20251119,1,TBL,19088,Jakob Pelletier,ROSTER,24.0,"5'9""",165.0,Canada,"Quebec, QC",False,LW,1,0,0,0,0.0,0.0,0.0,0.0,1.4,0.0,0,0,0,0,0,0,0,0,0,0,0,0,0,0.0,0,3,0,0.0,1,0,3,1,1,0,0,1,1,0,100.0,0,0,0,0,0,11,7,4,0,372,30,26,316,TBL,Atlantic,Eastern
2025-2026,20251119,18,NSH,38801,Nicklaus Perbix,ROSTER,27.0,"6'4""",200.0,USA,"Minneapolis, MN",True,D,20,2,1,3,1.4,0.05,0.1,0.15,25.3,10.0,0,0,0,0,0,0,0,0,0,0,0,0,0,0.0,-5,65,28,7.1,22,28,9,10,21,22,4,0,0,0,0.0,3,6,0,0,0,506,302,105,101,24390,3127,1916,19347,NSH,Central,Western
2025-2026,20251119,2,WPJ,28522,Cole Perfetti,ROSTER,23.0,"5'10""",177.0,Canada,"Whitby, ON",True,C,5,1,1,2,2.0,0.2,0.2,0.4,3.2,3.3,0,1,0,1,0,0,0,0,0,0,0,0,0,0.0,-3,25,10,10.0,2,9,6,3,5,7,3,1,0,1,0.0,1,2,0,0,0,103,60,44,0,5084,1741,837,2506,WPG,,
2025-2026,20251119,9,NYR,142684,Gabe Perreault,ASSIGNED_TO_MINORS,,,,,,False,RW,3,0,1,1,0.67,0.33,0.0,0.33,4.2,0.0,0,0,1,1,0,0,0,0,0,0,0,0,0,0.0,2,4,2,0.0,4,1,1,1,3,2,0,0,0,0,0.0,0,0,0,0,0,55,52,3,0,2368,617,0,1751,NYR,Metropolitan,Eastern
2025-2026,20251119,13,OTT,4307,David Perron,ROSTER,37.0,"6'0""",200.0,Canada,"Sherbrooke, QC",False,LW,19,2,7,9,1.11,0.37,0.11,0.47,16.7,13.3,0,2,2,4,0,0,0,0,0,0,0,0,0,0.0,-3,38,21,9.5,8,8,9,21,13,9,4,3,0,3,0.0,4,8,5,10,0,394,189,100,107,16459,4474,1508,10477,OTT,Atlantic,Eastern
2025-2026,20251119,28,LAK,3626,Corey Perry,ROSTER,40.0,"6'3""",205.0,Canada,"Peterborough, ON",False,RW,14,7,5,12,2.21,0.36,0.5,0.86,5.5,17.6,2,1,3,4,0,0,0,0,0,0,2,1,0,0.0,5,56,31,22.6,4,12,13,4,15,11,1,6,3,3,50.0,3,9,6,17,1,236,130,73,40,12344,4391,910,7043,LAK,Pacific,Western
2025-2026,20251119,7,NJD,5845,Brett Pesce,ROSTER,31.0,"6'3""",206.0,USA,"Tarrytown, NY",False,D,9,0,3,3,0.89,0.33,0.0,0.33,24.6,3.3,0,0,0,0,0,0,0,0,0,0,0,0,0,0.0,3,17,8,0.0,24,5,4,4,10,4,2,0,0,0,0.0,1,2,1,2,0,193,89,44,60,10614,1679,548,8387,NJD,Metropolitan,Eastern
2025-2026,20251119,30,UTA,28525,John-Jason Peterka,ROSTER,23.0,"5'11""",192.0,Germany,Munich,True,RW,20,8,7,15,1.9,0.35,0.4,0.75,6.1,13.3,2,0,0,0,0,0,0,1,0,0,0,0,0,0.0,3,77,38,21.1,5,26,13,3,16,21,7,9,3,6,33.3,4,8,3,6,0,418,234,76,116,19342,2334,658,16350,UTA,Central,Western
2025-2026,20251119,27,DAL,5213,Alex Petrovic,ROSTER,33.0,"6'4""",216.0,Canada,"Edmonton, AB",False,D,18,1,4,5,1.11,0.22,0.06,0.28,33.4,31.2,0,0,0,0,0,0,0,0,0,0,0,0,0,0.0,2,40,20,5.0,22,17,3,29,34,14,3,0,0,0,0.0,5,21,1,5,1,302,189,35,77,15414,3731,572,11032,DAL,Central,Western
2025-2026,20251119,4,FLO,4929,Jeff Petry,ROSTER,37.0,"6'3""",209.0,USA,"Ann Arbor, MI",False,D,19,0,5,5,0.74,0.26,0.0,0.26,21.9,13.3,0,0,2,2,0,0,0,0,0,0,0,0,0,0.0,-3,42,14,0.0,18,18,10,11,27,18,0,0,0,0,0.0,4,8,0,0,0,373,197,66,110,16626,4069,809,11748,FLA,,
2025-2026,20251119,21,VAN,15084,Elias Pettersson,ROSTER,27.0,"6'2""",176.0,Sweden,Sundsvall,False,C,21,6,13,19,1.57,0.62,0.29,0.9,52.3,3.3,2,1,6,7,1,0,1,0,0,0,2,1,0,0.0,-3,78,33,18.2,45,17,28,22,20,20,10,463,218,245,47.1,1,2,5,10,0,494,262,150,86,25528,4915,4173,16440,VAN,Pacific,Western
2025-2026,20251119,21,VAN,56700,Elias Nils Pettersson,ROSTER,21.0,"6'2""",185.0,Sweden,Västerås,False,D,20,0,2,2,0.5,0.1,0.0,0.1,36.9,13.3,0,0,0,0,0,0,0,0,0,0,0,0,0,0.0,-4,37,10,0.0,27,18,9,26,28,20,5,0,0,0,0.0,4,8,6,15,0,384,291,26,67,16731,1904,424,14403,VAN,Pacific,Western
2025-2026,20251119,21,VAN,14114,Marcus Pettersson,ROSTER,29.0,"6'3""",177.0,Sweden,Skellefteå,False,D,21,1,3,4,0.67,0.14,0.05,0.19,41.4,44.1,0,0,0,0,0,0,0,0,0,0,0,0,0,0.0,5,41,14,7.1,38,12,15,12,45,22,5,0,0,0,0.0,11,25,1,5,1,520,270,82,169,26336,3352,1372,21612,VAN,Pacific,Western
2025-2026,20251119,24,EDM,39040,Noah Philp,ROSTER,27.0,"6'3""",200.0,Canada,"Canmore, AB",True,C,15,2,1,3,0.8,0.07,0.13,0.2,12.2,6.6,0,0,0,0,0,0,0,0,0,0,0,0,0,0.0,-7,19,12,16.7,2,6,1,24,12,7,4,102,58,44,56.9,2,4,2,4,0,203,113,61,30,9036,1648,921,6453,EDM,Pacific,Western
2025-2026,20251119,10,PIT,43371,Owen Pickering,ROSTER,21.0,"6'4""",180.0,Canada,"St. Adolphe, MB",True,D,4,0,0,0,0.25,0.0,0.0,0.0,2.3,3.3,0,0,0,0,0,0,0,0,0,0,0,0,0,0.0,-3,6,1,0.0,2,4,1,1,6,4,1,0,0,0,0.0,1,2,0,0,0,73,60,2,11,2903,311,32,2560,PIT,Metropolitan,Eastern
2025-2026,20251119,13,OTT,30027,Shane Pinto,ROSTER,25.0,"6'3""",201.0,USA,"Franklin Square, NY",True,C,19,9,6,15,2.53,0.32,0.47,0.79,20.2,19.9,3,0,0,0,0,1,1,1,0,0,1,0,1,100.0,1,100,48,18.8,14,21,31,16,21,16,6,224,124,100,55.4,6,12,6,12,0,500,232,99,179,21929,2886,766,18428,OTT,Atlantic,Eastern
2025-2026,20251119,2,WPJ,14095,Neal Pionk,ROSTER,30.0,"6'0""",186.0,USA,"Hermantown, MN",False,D,19,1,4,5,2.11,0.21,0.05,0.26,47.4,16.6,0,1,1,2,0,0,0,1,0,0,0,0,0,0.0,1,96,40,2.5,34,39,17,35,18,21,4,0,0,0,0.0,5,10,2,4,0,546,322,153,72,27039,5204,3312,18523,WPG,,
2025-2026,20251119,25,MIN,5274,Tyler Pitlick,ROSTER,34.0,"6'2""",200.0,USA,"Minneapolis, MN",False,C,9,0,0,0,0.67,0.0,0.0,0.0,16.0,28.9,0,0,0,0,0,0,0,0,0,0,0,0,0,0.0,-3,10,6,0.0,6,2,2,24,5,3,1,0,0,0,0.0,3,22,2,7,1,84,44,28,13,3986,989,247,2750,MIN,Central,Western
2025-2026,20251119,24,EDM,30369,Vasily Podkolzin,ROSTER,24.0,"6'1""",190.0,Russia,Moscow,True,RW,21,3,5,8,1.52,0.24,0.14,0.38,42.2,17.6,1,0,0,0,0,0,0,1,0,0,0,0,0,0.0,3,53,32,9.4,14,10,11,67,20,12,4,12,5,7,41.7,3,9,3,9,1,390,250,110,24,18911,4224,1889,12389,EDM,Pacific,Western
2025-2026,20251119,29,ANA,13640,Ryan Poehling,ROSTER,26.0,"6'2""",204.0,USA,"Lakeville, MN",False,C,16,1,5,6,0.69,0.31,0.06,0.38,15.4,6.6,0,0,0,0,0,0,0,0,0,0,0,0,0,0.0,-2,25,11,9.1,13,7,7,7,17,10,2,178,80,98,44.9,2,4,3,6,0,296,138,53,106,12033,1475,473,10085,ANA,Pacific,Western
2025-2026,20251119,1,TBL,10079,Brayden Point,ROSTER,29.0,"5'10""",166.0,Canada,"Calgary, AB",False,C,19,3,8,11,2.05,0.42,0.16,0.58,8.0,10.0,1,1,2,3,0,0,0,0,0,0,0,0,0,0.0,-10,72,39,7.7,7,15,18,3,12,16,3,222,100,122,45.0,3,6,5,10,0,420,214,133,76,21854,5498,3973,12383,TBL,Atlantic,Eastern
2025-2026,20251119,15,BUF,34475,Owen Power,ROSTER,22.0,"6'6""",214.0,Canada,"Mississauga, ON",True,D,18,2,5,7,1.17,0.28,0.11,0.39,19.1,6.6,0,0,0,0,0,2,2,0,0,0,0,0,0,0.0,-8,58,21,9.5,16,22,15,9,25,20,6,0,0,0,0.0,2,4,1,2,0,485,301,72,114,22690,2664,799,19227,BUF,Atlantic,Eastern
2025-2026,20251119,5,WSH,28499,Aliaksei Protas,ROSTER,24.0,"6'5""",190.0,Belarus,Vitebsk,True,C,19,5,6,11,2.11,0.32,0.26,0.58,17.2,6.6,1,0,1,1,0,0,0,1,0,0,0,0,0,0.0,7,79,40,12.5,14,15,24,9,14,21,6,14,2,12,14.3,2,4,4,8,0,446,280,101,65,20541,4189,1166,14945,WSH,Metropolitan,Eastern
2025-2026,20251119,19,CBJ,5602,Ivan Provorov,ROSTER,28.0,"6'1""",201.0,Russia,Yaroslavl,False,D,20,3,3,6,1.95,0.15,0.15,0.3,32.9,13.3,1,0,0,0,0,0,0,0,0,0,0,0,0,0.0,4,79,39,7.7,30,23,17,10,25,27,8,0,0,0,0.0,4,8,3,6,0,518,270,126,121,29706,4461,1763,23217,CBJ,Metropolitan,Eastern
2025-2026,20251119,8,NYI,5815,Ryan Pulock,ROSTER,31.0,"6'2""",217.0,Canada,"Dauphin, MB",False,D,20,0,8,8,1.05,0.4,0.0,0.4,35.5,3.3,0,0,0,0,0,1,1,0,0,0,0,0,0,0.0,4,54,21,0.0,31,21,12,14,25,24,8,0,0,0,0.0,1,2,0,0,0,560,294,189,77,24226,3089,2968,18169,NYI,Metropolitan,Eastern
2025-2026,20251119,12,TOR,133787,Jacob Quillan,ROSTER,23.0,"6'0""",201.0,Canada,"Dartmouth, NS",True,C,1,0,0,0,0.0,0.0,0.0,0.0,1.7,0.0,0,0,0,0,0,0,0,0,0,0,0,0,0,0.0,1,0,0,0.0,0,0,0,4,1,1,0,5,0,5,0.0,0,0,0,0,0,13,13,0,0,540,36,0,504,TOR,Atlantic,Eastern
2025-2026,20251119,15,BUF,28524,Jack Quinn,ROSTER,24.0,"6'0""",176.0,Canada,"Ottawa, ON",True,RW,19,3,5,8,1.63,0.26,0.16,0.42,12.9,0.0,1,2,0,2,0,0,0,1,0,0,1,0,0,0.0,-7,64,31,9.7,9,14,19,10,26,16,6,4,0,4,0.0,0,0,1,2,0,401,244,55,105,18321,2246,890,15185,BUF,Atlantic,Eastern
2025-2026,20251119,1,TBL,18138,Darren Raddysh,ROSTER,29.0,"6'0""",201.0,Canada,"Caledon, ON",False,D,13,2,5,7,1.92,0.38,0.15,0.54,10.5,17.6,0,0,2,2,0,0,0,0,0,0,0,0,0,0.0,-5,63,25,8.0,7,23,15,9,24,8,1,0,0,0,0.0,3,9,1,5,1,250,141,56,56,13000,3300,1475,8229,TBL,Atlantic,Eastern
2025-2026,20251119,9,NYR,15229,Taylor Raddysh,ROSTER,27.0,"6'2""",198.0,Canada,"Toronto, ON",False,RW,21,5,1,6,1.05,0.05,0.24,0.29,15.9,4.9,1,0,0,0,1,0,1,0,0,0,0,0,0,0.0,2,34,22,22.7,9,3,9,17,8,10,5,3,0,3,0.0,2,2,0,0,0,373,208,85,76,15478,2954,1109,10924,NYR,Metropolitan,Eastern
2025-2026,20251119,10,PIT,5144,Rickard Rakell,INJURY_LIST,32.0,"6'0""",196.0,Sweden,Sundbyberg,False,RW,9,3,5,8,1.89,0.56,0.33,0.89,13.4,3.3,1,1,2,3,0,1,1,0,0,0,0,0,0,0.0,1,36,17,17.6,10,9,10,9,12,4,3,6,1,5,16.7,1,2,0,0,0,195,79,90,21,9580,1467,2444,5305,PIT,Metropolitan,Eastern
2025-2026,20251119,27,DAL,5605,Mikko Rantanen,ROSTER,29.0,"6'4""",215.0,Finland,Nousiainen,False,RW,20,9,18,27,2.75,0.9,0.45,1.35,19.3,46.1,3,4,11,15,0,0,0,1,0,0,3,1,1,33.33,-5,107,55,16.4,13,29,23,16,19,18,2,29,14,15,48.3,11,33,11,22,0,453,239,85,132,25263,6617,1041,17442,DAL,Central,Western
2025-2026,20251119,16,DET,13624,Michael Rasmussen,ROSTER,26.0,"6'6""",221.0,Canada,"Surrey, BC",False,C,18,2,3,5,0.89,0.17,0.11,0.28,19.2,6.6,0,0,0,0,0,0,0,0,0,0,0,0,0,0.0,-3,36,16,12.5,12,6,15,18,17,5,1,113,67,46,59.3,2,4,1,2,0,312,165,69,80,12543,2118,716,9709,DET,Atlantic,Eastern
2025-2026,20251119,21,VAN,32262,Aatu Raty,ROSTER,23.0,"6'2""",185.0,Finland,Oulu,True,C,19,1,5,6,0.79,0.26,0.05,0.32,26.0,16.6,0,0,0,0,0,0,0,0,0,0,0,0,0,0.0,2,42,15,6.7,7,9,18,45,17,8,2,235,130,105,55.3,5,10,2,4,0,358,241,57,61,14559,2791,764,11004,VAN,Pacific,Western
2025-2026,20251119,16,DET,19050,Lucas Raymond,ROSTER,23.0,"5'11""",170.0,Sweden,Goteborg,True,LW,18,6,16,22,2.39,0.89,0.33,1.22,9.7,3.3,2,1,6,7,0,0,0,2,0,0,2,0,1,50.0,6,85,43,14.0,7,22,20,7,13,19,11,1,1,0,100.0,1,2,8,16,0,396,235,72,96,19470,4136,1175,14334,DET,Atlantic,Eastern
2025-2026,20251119,26,SJS,4892,Ryan Reaves,ROSTER,38.0,"6'2""",225.0,Canada,"Winnipeg, MB",False,RW,16,2,0,2,0.62,0.0,0.12,0.12,26.6,25.2,0,0,0,0,0,0,0,0,0,0,0,0,0,0.0,-3,16,10,20.0,4,3,3,53,5,3,2,0,0,0,0.0,3,12,3,12,2,168,101,38,32,7048,2197,267,4587,SJS,Pacific,Western
2025-2026,20251119,24,EDM,24516,Alec Regula,ROSTER,25.0,"6'4""",203.0,USA,"West Bloomfield, MI",False,D,7,0,0,0,0.71,0.0,0.0,0.0,8.4,3.3,0,0,0,0,0,0,0,0,0,0,0,0,0,0.0,-6,10,5,0.0,7,4,1,4,13,5,0,0,0,0,0.0,1,2,0,0,0,123,64,30,28,5920,1219,412,4217,EDM,Pacific,Western
2025-2026,20251119,20,CHI,30422,Lukas Reichel,ROSTER,23.0,"6'0""",170.0,Germany,Nürnberg,True,LW,5,2,2,4,1.2,0.4,0.4,0.8,3.3,3.3,0,0,0,0,0,0,0,0,0,0,0,0,0,0.0,1,10,6,33.3,3,2,2,1,1,4,1,7,2,5,28.6,1,2,0,0,0,66,38,8,22,2959,149,68,2742,CHI,Central,Western
2025-2026,20251119,20,CHI,30422,Lukas Reichel,ROSTER,23.0,"6'0""",170.0,Germany,Nürnberg,True,LW,5,2,2,4,1.2,0.4,0.4,0.8,3.3,3.3,0,0,0,0,0,0,0,0,0,0,0,0,0,0.0,1,10,6,33.3,3,2,2,1,1,4,1,7,2,5,28.6,1,2,0,0,0,66,38,8,22,2959,149,68,2742,CHI,Central,Western
2025-2026,20251119,21,VAN,30422,Lukas Reichel,ROSTER,23.0,"6'0""",170.0,Germany,Nürnberg,True,LW,13,0,1,1,0.69,0.08,0.0,0.08,10.2,6.6,0,0,0,0,0,0,0,0,0,0,0,0,0,0.0,-5,26,9,0.0,8,6,11,6,10,9,1,110,44,66,40.0,2,4,0,0,0,227,154,39,34,10711,1652,867,8192,VAN,Pacific,Western
2025-2026,20251119,21,VAN,30422,Lukas Reichel,ROSTER,23.0,"6'0""",170.0,Germany,Nürnberg,True,LW,13,0,1,1,0.69,0.08,0.0,0.08,10.2,6.6,0,0,0,0,0,0,0,0,0,0,0,0,0,0.0,-5,26,9,0.0,8,6,11,6,10,9,1,110,44,66,40.0,2,4,0,0,0,227,154,39,34,10711,1652,867,8192,VAN,Pacific,Western
2025-2026,20251119,3,CAR,5814,Mike Reilly,ROSTER,32.0,"6'1""",200.0,USA,"Chanhassen, MN",False,D,16,1,4,5,1.75,0.25,0.06,0.31,22.1,6.6,0,0,0,0,1,0,1,0,0,0,0,0,0,0.0,12,74,28,3.6,20,28,18,7,20,12,1,0,0,0,0.0,2,4,2,4,0,407,218,79,111,17041,3284,891,12866,CAR,Metropolitan,Eastern
2025-2026,20251119,142,VGK,30061,Cole Reinhardt,ROSTER,25.0,"6'1""",203.0,Canada,"Calgary, AB",True,LW,13,1,1,2,0.38,0.08,0.08,0.15,11.7,6.6,0,0,0,0,0,0,0,0,0,0,0,0,0,0.0,-3,19,5,20.0,1,8,6,25,5,8,0,5,2,3,40.0,2,4,4,8,0,166,113,46,8,6944,1390,733,4821,VGK,Pacific,Western
2025-2026,20251119,4,FLO,5416,Sam Reinhart,ROSTER,30.0,"6'1""",194.0,Canada,"North Vancouver, BC",False,C,19,10,6,16,2.84,0.32,0.53,0.84,24.8,3.3,3,3,4,7,1,0,1,4,0,0,2,0,0,0.0,-7,126,54,18.5,17,26,46,20,30,14,2,65,21,44,32.3,1,2,2,4,0,459,195,158,116,24460,4779,3686,15995,FLA,,
2025-2026,20251119,9,NYR,34418,Matt Rempe,ROSTER,23.0,"6'8""",205.0,Canada,"Calgary, AB",True,C,9,1,0,1,0.89,0.0,0.11,0.11,14.8,14.2,0,0,0,0,0,0,0,0,0,0,0,0,0,0.0,1,16,8,12.5,2,3,5,30,7,2,1,5,2,3,40.0,2,7,2,7,1,122,83,32,2,5296,1096,359,3591,NYR,Metropolitan,Eastern
2025-2026,20251119,12,TOR,5261,Morgan Rielly,ROSTER,31.0,"6'1""",219.0,Canada,"West Vancouver, BC",False,D,19,3,13,16,1.95,0.68,0.16,0.84,24.7,3.3,1,0,2,2,0,0,0,1,0,0,0,0,0,0.0,-3,91,37,8.1,21,28,26,11,29,38,5,0,0,0,0.0,1,2,1,2,0,548,309,118,124,25130,5442,1622,18066,TOR,Atlantic,Eastern
2025-2026,20251119,20,CHI,56353,Sam Rinzel,ROSTER,21.0,"6'3""",180.0,USA,"Chanhassen, MN",False,D,18,1,3,4,1.5,0.17,0.06,0.22,28.7,30.2,0,0,0,0,0,0,0,0,0,0,0,0,0,0.0,4,77,27,3.7,22,35,15,18,27,26,2,0,0,0,0.0,7,22,2,4,0,366,273,41,50,19647,3183,178,16073,CHI,Central,Western
2025-2026,20251119,8,NYI,134181,Calum Ritchie,ROSTER,20.0,"6'2""",185.0,Canada,"Oakville, ON",True,C,10,1,0,1,0.7,0.0,0.1,0.1,7.1,13.3,0,0,0,0,0,0,0,0,0,0,0,0,0,0.0,0,17,7,14.3,7,4,6,1,11,10,0,67,27,40,40.3,4,8,1,2,0,156,112,18,27,6450,700,82,5668,NYI,Metropolitan,Eastern
2025-2026,20251119,27,DAL,18026,Jason Robertson,ROSTER,26.0,"6'2""",194.0,USA,"Northville, MI",False,LW,20,11,14,25,4.35,0.7,0.55,1.25,15.5,3.3,3,4,6,10,0,0,0,1,0,0,3,0,2,66.67,6,146,87,12.6,10,28,31,14,20,31,10,1,0,1,0.0,1,2,5,10,0,440,239,108,99,24320,5699,1754,16659,DAL,Central,Western
2025-2026,20251119,9,NYR,29769,Matthew Robertson,ROSTER,24.0,"6'4""",202.0,Canada,"Sherwood Park, AB",True,D,12,1,0,1,0.75,0.0,0.08,0.08,22.5,6.6,0,0,0,0,0,0,0,0,0,0,0,0,0,0.0,-3,32,9,11.1,15,15,8,19,17,9,0,0,0,0,0.0,2,4,0,0,0,255,166,37,53,11478,1553,347,9578,NYR,Metropolitan,Eastern
2025-2026,20251119,12,TOR,20226,Nicholas Robertson,ROSTER,24.0,"5'9""",162.0,USA,"Pasadena, CA",True,LW,19,5,6,11,1.95,0.32,0.26,0.58,18.5,0.0,1,1,0,1,0,0,0,1,0,0,0,0,0,0.0,-2,56,37,13.5,9,7,12,23,12,17,5,2,1,1,50.0,0,0,1,2,0,341,202,99,45,15197,2882,1350,10965,TOR,Atlantic,Eastern
2025-2026,20251119,3,CAR,14154,Eric Robinson,ROSTER,30.0,"6'2""",197.0,USA,"Bellmawr, New Jersey",False,LW,13,5,1,6,1.31,0.08,0.38,0.46,7.9,0.0,1,0,0,0,0,0,0,1,0,0,0,0,0,0.0,6,32,17,29.4,2,7,8,14,19,5,2,1,0,1,0.0,0,0,2,4,0,197,105,45,52,8339,961,572,6806,CAR,Metropolitan,Eastern
2025-2026,20251119,4,FLO,9075,Evan Rodrigues,ROSTER,32.0,"5'11""",184.0,Canada,"Toronto, ON",False,C,19,5,5,10,2.37,0.26,0.26,0.53,19.0,13.3,1,0,2,2,0,0,0,0,0,0,1,0,0,0.0,1,77,45,11.1,10,14,18,22,17,13,7,200,91,109,45.5,4,8,7,19,0,419,215,127,80,19421,3516,2857,13032,FLA,,
2025-2026,20251119,8,NYI,14561,Alexander Romanov,ROSTER,25.0,"6'1""",209.0,Russia,Moscow,True,D,15,0,1,1,1.13,0.07,0.0,0.07,42.9,10.0,0,0,0,0,0,0,0,0,0,0,0,0,0,0.0,-7,38,17,0.0,31,13,8,31,40,18,4,0,0,0,0.0,3,6,4,11,0,351,240,35,76,17500,2381,622,14497,NYI,Metropolitan,Eastern
2025-2026,20251119,15,BUF,34464,Isak Rosen,ROSTER,22.0,"5'11""",156.0,Sweden,Stockholm,True,RW,8,3,3,6,1.5,0.38,0.38,0.75,8.8,0.0,1,0,2,2,0,0,0,0,0,0,0,0,0,0.0,-1,30,12,25.0,7,9,9,5,6,6,2,0,0,0,0.0,0,0,1,2,0,164,106,27,34,7481,1693,178,5610,BUF,Atlantic,Eastern
2025-2026,20251119,24,EDM,5620,Jack Roslovic,ROSTER,28.0,"6'1""",187.0,USA,"Columbus, OH",False,C,19,7,8,15,2.37,0.42,0.37,0.79,6.9,13.3,2,2,2,4,0,0,0,2,0,2,0,0,0,0.0,5,79,45,15.6,5,11,23,5,11,18,5,30,16,14,53.3,4,8,3,6,0,372,190,138,41,19853,5179,3142,11105,EDM,Pacific,Western
2025-2026,20251119,25,MIN,28380,Marco Rossi,INJURY_LIST,24.0,"5'9""",183.0,Austria,Feldkirch,True,C,17,4,9,13,1.59,0.53,0.24,0.76,12.4,3.3,1,0,5,5,0,0,0,0,0,0,1,0,1,100.0,-6,55,27,14.8,8,13,15,11,17,13,5,220,107,113,48.6,1,2,2,4,0,349,205,82,67,18462,3218,1212,14272,MIN,Central,Western
2025-2026,20251119,14,MTL,38746,Joshua Roy,ROSTER,22.0,"6'0""",190.0,Canada,"St-Georges-de-Beauce, QC",True,RW,2,0,0,0,0.5,0.0,0.0,0.0,2.2,0.0,0,0,0,0,0,0,0,0,0,0,0,0,0,0.0,0,4,1,0.0,0,1,2,5,1,3,0,0,0,0,0.0,0,0,0,0,0,24,13,6,5,1168,205,0,963,MTL,Atlantic,Eastern
2025-2026,20251119,5,WSH,5789,Matt Roy,ROSTER,30.0,"6'1""",200.0,USA,"Canton, MI",False,D,19,1,2,3,1.47,0.11,0.05,0.16,47.1,6.6,0,0,0,0,0,0,0,0,0,0,0,0,0,0.0,10,62,28,3.6,40,24,10,21,40,16,1,0,0,0,0.0,2,4,2,4,0,418,201,67,149,23394,2417,918,20206,WSH,Metropolitan,Eastern
2025-2026,20251119,12,TOR,14391,Nicolas Roy,ROSTER,28.0,"6'4""",200.0,Canada,"Amos, QC",False,C,19,1,3,4,1.11,0.16,0.05,0.21,18.6,6.6,0,0,0,0,0,0,0,0,0,0,0,0,0,0.0,-4,35,21,4.8,11,6,8,19,14,21,9,241,125,116,51.9,2,4,3,8,0,399,198,124,78,17005,2961,2528,11516,TOR,Atlantic,Eastern
2025-2026,20251119,10,PIT,5500,Bryan Rust,ROSTER,33.0,"5'11""",192.0,USA,"Pontiac, MI",False,RW,17,5,10,15,2.35,0.59,0.29,0.88,19.8,10.0,1,1,6,7,0,0,0,3,0,0,3,0,1,33.33,1,68,40,12.5,19,8,20,4,20,22,3,1,0,1,0.0,3,6,5,10,0,400,175,176,55,20679,3998,4463,12324,PIT,Metropolitan,Eastern
2025-2026,20251119,142,VGK,5014,Brandon Saad,ROSTER,33.0,"6'1""",206.0,USA,"Pittsburgh, PA",False,LW,19,1,3,4,1.53,0.16,0.05,0.21,10.4,6.6,0,0,0,0,0,0,0,0,0,0,0,0,0,0.0,3,57,29,3.4,10,17,11,2,6,15,4,16,5,11,31.2,2,4,1,2,0,349,177,95,79,15988,4870,1236,9870,VGK,Pacific,Western
2025-2026,20251119,1,TBL,13703,Scott Sabourin,ROSTER,33.0,"6'4""",207.0,Canada,"Orleans, ON",True,RW,3,1,1,2,1.67,0.33,0.33,0.67,3.5,23.5,0,0,0,0,0,0,0,0,0,0,0,0,0,0.0,1,11,5,20.0,1,1,5,6,7,2,0,1,0,1,0.0,5,18,4,8,0,45,19,14,13,1862,390,91,1381,TBL,Atlantic,Eastern
2025-2026,20251119,2,WPJ,28449,Dylan Samberg,ROSTER,26.0,"6'3""",190.0,USA,"Saginaw, MN",True,D,3,0,0,0,1.33,0.0,0.0,0.0,11.2,0.0,0,0,0,0,0,0,0,0,0,0,0,0,0,0.0,0,12,4,0.0,10,6,2,4,1,4,0,0,0,0,0.0,0,0,0,0,0,86,47,13,26,3952,620,207,3125,WPG,,
2025-2026,20251119,4,FLO,37976,Mackie Samoskevich,ROSTER,23.0,"5'11""",191.0,USA,"Newtown, CT",True,RW,19,2,7,9,2.05,0.37,0.11,0.47,19.2,10.0,0,2,3,5,0,0,0,0,0,0,0,0,0,0.0,0,79,39,5.1,8,22,18,27,26,10,1,0,0,0,0.0,3,6,9,18,0,375,256,93,28,16967,3892,1230,11845,FLA,,
2025-2026,20251119,15,BUF,14555,Mattias Samuelsson,ROSTER,25.0,"6'4""",218.0,USA,"Voorhees, New Jersey",True,D,17,3,5,8,1.18,0.29,0.18,0.47,48.4,6.6,1,0,0,0,0,0,0,2,0,1,0,0,0,0.0,3,43,20,15.0,40,17,7,24,35,9,1,0,0,0,0.0,2,4,3,6,0,446,235,53,161,21753,1439,365,19949,BUF,Atlantic,Eastern
2025-2026,20251119,13,OTT,37996,Jake Sanderson,ROSTER,23.0,"6'3""",195.0,USA,"Whitefish, MT",True,D,19,3,10,13,2.26,0.53,0.16,0.68,35.0,0.0,1,1,4,5,0,0,0,0,0,0,0,0,0,0.0,0,115,43,7.0,34,45,27,6,52,24,14,0,0,0,0.0,0,0,3,6,0,577,308,79,193,27631,3957,633,23041,OTT,Atlantic,Eastern
2025-2026,20251119,5,WSH,14552,Rasmus Sandin,ROSTER,25.0,"5'11""",183.0,Sweden,Uppsala,True,D,14,2,4,6,1.0,0.29,0.14,0.43,30.8,3.3,0,0,0,0,0,0,0,0,0,0,0,0,0,0.0,5,40,14,14.3,21,16,10,25,18,18,6,0,0,0,0.0,1,2,0,0,0,304,164,63,79,15939,1619,997,13258,WSH,Metropolitan,Eastern
2025-2026,20251119,16,DET,133971,Axel Sandin-Pellikka,ROSTER,20.0,"5'11""",181.0,Sweden,Gallivare,True,D,20,2,4,6,1.25,0.2,0.1,0.3,21.2,13.3,0,0,2,2,0,0,0,0,0,0,0,0,0,0.0,-8,79,25,8.0,20,32,22,5,37,20,3,0,0,0,0.0,4,8,3,6,0,474,347,52,77,22576,3783,258,18535,DET,Atlantic,Eastern
2025-2026,20251119,6,PHI,11718,Travis Sanheim,ROSTER,29.0,"6'3""",181.0,Canada,"Elkhorn, MB",False,D,18,1,5,6,1.28,0.28,0.06,0.33,40.7,13.3,0,0,0,0,0,0,0,0,0,0,0,0,0,0.0,-1,60,23,4.3,36,16,21,15,27,32,6,0,0,0,0.0,4,8,3,6,0,557,288,68,203,27647,3492,1074,23081,PHI,Metropolitan,Eastern
2025-2026,20251119,1,TBL,9078,Steven Santini,ROSTER,30.0,"6'2""",205.0,USA,"Mahopac, NY",False,D,1,0,0,0,1.0,0.0,0.0,0.0,0.9,0.0,0,0,0,0,0,0,0,0,0,0,0,0,0,0.0,0,2,1,0.0,0,1,0,2,1,0,0,0,0,0,0.0,0,0,0,0,0,19,14,1,4,757,78,32,647,TBL,Atlantic,Eastern
2025-2026,20251119,21,VAN,79679,Max Sasson,ROSTER,25.0,"6'1""",181.0,USA,"Birmingham, MI",True,C,18,4,1,5,0.83,0.06,0.22,0.28,18.6,3.3,1,0,1,1,0,0,0,0,0,0,0,0,0,0.0,1,26,15,26.7,15,4,7,10,17,9,4,107,46,61,43.0,1,2,1,2,0,280,221,40,23,11800,1742,788,9270,VAN,Pacific,Western
2025-2026,20251119,24,EDM,43365,Matthew Savoie,ROSTER,21.0,"5'9""",175.0,Canada,"St. Albert, AB",True,C,21,2,3,5,1.29,0.14,0.1,0.24,11.2,0.0,0,1,1,2,0,0,0,0,0,0,1,0,0,0.0,-6,49,27,7.4,10,8,14,4,19,16,5,13,5,8,38.5,0,0,5,10,0,391,285,50,53,17558,3181,33,14110,EDM,Pacific,Western
2025-2026,20251119,8,NYI,168063,Matthew Schaefer,ROSTER,18.0,"6'2""",183.0,Canada,"Hamilton, ON",True,D,20,7,8,15,2.85,0.4,0.35,0.75,27.2,14.9,2,4,3,7,0,0,0,2,0,1,0,0,0,0.0,4,120,57,12.3,24,47,16,10,52,27,9,0,0,0,0.0,5,8,12,24,0,537,449,43,51,26997,4210,253,22534,NYI,Metropolitan,Eastern
2025-2026,20251119,2,WPJ,5003,Mark Scheifele,ROSTER,32.0,"6'3""",207.0,Canada,"Kitchener, ON",False,C,19,11,16,27,2.26,0.84,0.58,1.42,6.1,20.2,3,3,3,6,0,1,1,2,0,0,0,0,0,0.0,6,68,43,25.6,5,6,19,3,20,29,3,315,162,153,51.4,4,16,9,18,0,422,205,122,106,23053,5715,1494,15844,WPG,,
2025-2026,20251119,17,STL,4712,Brayden Schenn,ROSTER,34.0,"6'1""",200.0,Canada,"Saskatoon, SK",False,C,20,2,4,6,1.05,0.2,0.1,0.3,25.3,31.8,0,0,1,1,0,0,0,0,0,0,1,1,0,0.0,-14,54,21,9.5,8,17,16,41,13,20,4,222,120,102,54.1,5,16,5,16,2,431,226,89,118,20172,6099,656,13417,STL,Central,Western
2025-2026,20251119,2,WPJ,4552,Luke Schenn,ROSTER,36.0,"6'2""",227.0,Canada,"Saskatoon, SK",False,D,15,0,2,2,0.87,0.13,0.0,0.13,34.2,25.2,0,0,0,0,0,0,0,0,0,0,0,0,0,0.0,-3,36,13,0.0,21,16,7,33,24,17,2,0,0,0,0.0,3,12,2,10,2,278,140,46,92,12182,2569,783,8830,WPG,,
2025-2026,20251119,30,UTA,10071,Nick Schmaltz,ROSTER,29.0,"6'0""",177.0,USA,"Madison, WI",False,C,20,10,12,22,2.8,0.6,0.5,1.1,12.2,6.6,3,3,3,6,0,0,0,2,0,0,0,0,0,0.0,2,96,56,17.9,11,23,17,4,16,27,8,108,42,66,38.9,2,4,4,8,0,469,222,87,170,23864,4218,920,18726,UTA,Central,Western
2025-2026,20251119,30,UTA,5269,Nate Schmidt,ROSTER,34.0,"6'0""",194.0,USA,"St. Cloud, MN",False,D,20,0,6,6,1.35,0.3,0.0,0.3,24.2,3.3,0,0,0,0,0,0,0,0,0,0,0,0,0,0.0,8,65,27,0.0,15,20,18,23,20,16,5,0,0,0,0.0,1,2,2,4,0,566,280,78,208,25360,4670,543,20147,UTA,Central,Western
2025-2026,20251119,9,NYR,29932,Braden Schneider,ROSTER,24.0,"6'2""",202.0,Canada,"Prince Albert, SK",True,D,21,1,3,4,1.19,0.14,0.05,0.19,52.1,10.0,0,0,0,0,0,0,0,0,0,0,0,0,0,0.0,-2,64,25,4.0,33,26,13,48,33,20,5,0,0,0,0.0,3,6,5,10,0,487,316,64,93,23116,2767,446,19143,NYR,Metropolitan,Eastern
2025-2026,20251119,143,SEA,5088,Jaden Schwartz,ROSTER,33.0,"5'10""",190.0,Canada,"Wilcox, SK",False,LW,19,7,7,14,2.05,0.37,0.37,0.74,26.1,13.3,2,1,1,2,0,0,0,1,0,0,0,0,0,0.0,8,72,39,17.9,17,20,13,23,18,24,12,14,9,5,64.3,4,8,0,0,0,419,200,102,116,19828,4585,840,14004,SEA,Pacific,Western
2025-2026,20251119,4,FLO,28450,Cole Schwindt,ROSTER,24.0,"6'2""",182.0,Canada,"Kitchener, ON",True,RW,10,2,0,2,0.7,0.0,0.2,0.2,9.6,0.0,0,0,0,0,0,0,0,0,0,0,0,0,0,0.0,0,14,7,28.6,6,3,4,9,8,3,2,65,27,38,41.5,0,0,0,0,0,123,90,18,17,5184,1114,259,3811,FLA,,
2025-2026,20251119,13,OTT,29978,Donovan Sebrango,ROSTER,23.0,"6'1""",189.0,Canada,"Kingston, ON",True,D,2,0,0,0,0.5,0.0,0.0,0.0,0.4,10.9,0,0,0,0,0,0,0,0,0,0,0,0,0,0.0,-1,5,1,0.0,0,3,1,1,8,1,0,0,0,0,0.0,1,5,1,5,1,46,32,3,11,1827,4,0,1823,OTT,Atlantic,Eastern
2025-2026,20251119,13,OTT,29978,Donovan Sebrango,ROSTER,23.0,"6'1""",189.0,Canada,"Kingston, ON",True,D,2,0,0,0,0.5,0.0,0.0,0.0,0.4,10.9,0,0,0,0,0,0,0,0,0,0,0,0,0,0.0,-1,5,1,0.0,0,3,1,1,8,1,0,0,0,0,0.0,1,5,1,5,1,46,32,3,11,1827,4,0,1823,OTT,Atlantic,Eastern
2025-2026,20251119,4,FLO,29978,Donovan Sebrango,ROSTER,23.0,"6'1""",189.0,Canada,"Kingston, ON",True,D,7,0,2,2,0.86,0.29,0.0,0.29,15.2,14.2,0,0,0,0,0,0,0,0,0,0,0,0,0,0.0,3,13,6,0.0,11,4,3,11,14,8,1,0,0,0,0.0,2,7,3,9,1,126,101,13,12,5802,598,292,4912,FLA,,
2025-2026,20251119,4,FLO,29978,Donovan Sebrango,ROSTER,23.0,"6'1""",189.0,Canada,"Kingston, ON",True,D,7,0,2,2,0.86,0.29,0.0,0.29,15.2,14.2,0,0,0,0,0,0,0,0,0,0,0,0,0,0.0,3,13,6,0.0,11,4,3,11,14,8,1,0,0,0,0.0,2,7,3,9,1,126,101,13,12,5802,598,292,4912,FLA,,
2025-2026,20251119,6,PHI,12486,Nick Seeler,ROSTER,32.0,"6'2""",201.0,USA,"Eden Prairie, MN",False,D,18,0,2,2,1.22,0.11,0.0,0.11,42.2,13.3,0,0,0,0,0,0,0,0,0,0,0,0,0,0.0,-10,57,22,0.0,29,18,17,34,18,13,5,0,0,0,0.0,4,8,3,6,0,491,269,67,156,21536,3506,486,17508,PHI,Metropolitan,Eastern
2025-2026,20251119,27,DAL,4875,Tyler Seguin,ROSTER,33.0,"6'1""",200.0,Canada,"Brampton, ON",False,C,20,7,5,12,1.3,0.25,0.35,0.6,9.5,3.3,2,1,0,1,0,0,0,2,0,0,1,1,0,0.0,4,56,26,26.9,5,9,21,11,9,19,3,192,109,83,56.8,1,2,2,4,0,431,204,113,117,20833,5969,1219,13475,DAL,Central,Western
2025-2026,20251119,16,DET,18042,Moritz Seider,ROSTER,24.0,"6'3""",208.0,Germany,Zell Mosel,True,D,20,2,10,12,2.45,0.5,0.1,0.6,46.8,23.2,0,1,7,8,0,0,0,0,0,0,0,0,0,0.0,1,108,49,4.1,32,32,27,38,22,27,11,0,0,0,0.0,7,14,2,4,0,584,338,96,152,30064,5259,1341,23464,DET,Atlantic,Eastern
2025-2026,20251119,29,ANA,142129,Beckett Sennecke,ROSTER,19.0,"6'2""",177.0,Canada,"Toronto, ON",True,RW,19,6,7,13,1.68,0.37,0.32,0.68,15.3,19.9,2,1,1,2,0,0,0,0,0,0,0,0,0,0.0,-1,70,32,18.8,7,19,19,20,28,23,6,2,1,1,50.0,6,12,10,20,0,414,365,47,9,18837,3333,309,15141,ANA,Pacific,Western
2025-2026,20251119,30,UTA,9635,Mikhail Sergachev,ROSTER,27.0,"6'2""",217.0,Russia,Nizhnekamsk,False,D,20,3,12,15,1.95,0.6,0.15,0.75,39.3,19.9,1,1,5,6,0,0,0,0,0,0,0,0,0,0.0,-3,90,39,7.7,39,34,17,5,17,36,6,0,0,0,0.0,6,12,4,8,0,577,276,136,168,30088,4244,2209,23635,UTA,Central,Western
2025-2026,20251119,19,CBJ,5453,Damon Severson,ROSTER,31.0,"6'2""",205.0,Canada,"Brandon, MB",False,D,20,1,5,6,1.2,0.25,0.05,0.3,28.9,13.3,0,0,1,1,0,0,0,0,0,0,0,0,0,0.0,5,66,24,4.2,20,25,17,23,16,17,7,0,0,0,0.0,4,8,2,4,0,466,220,103,143,24006,3570,1738,18614,CBJ,Metropolitan,Eastern
2025-2026,20251119,8,NYI,183905,Maxim Shabanov,ROSTER,25.0,"5'9""",167.0,Russia,Chelyabinsk,True,RW,8,1,2,3,1.25,0.25,0.12,0.38,3.5,0.0,0,0,1,1,0,0,0,0,0,0,0,0,0,0.0,-4,20,10,10.0,1,4,6,6,7,7,2,1,0,1,0.0,0,0,1,2,0,126,116,4,8,5591,838,0,4753,NYI,Metropolitan,Eastern
2025-2026,20251119,23,CGY,18107,Yegor Sharangovich,ROSTER,27.0,"6'2""",195.0,Belarus,Minsk,False,C,17,2,2,4,1.35,0.12,0.12,0.24,6.5,3.3,0,1,0,1,0,0,0,0,0,0,1,1,0,0.0,-13,52,23,8.7,5,17,12,4,13,7,1,26,6,20,23.1,1,2,2,4,0,297,179,75,46,14236,3442,1318,9394,CGY,Pacific,Western
2025-2026,20251119,10,PIT,5716,Ryan Shea,ROSTER,28.0,"6'1""",176.0,USA,"Milton, MA",False,D,19,2,6,8,0.95,0.32,0.11,0.42,24.5,20.2,0,0,0,0,0,0,0,0,0,0,0,0,0,0.0,6,41,18,11.1,23,13,10,6,32,22,5,0,0,0,0.0,4,16,1,2,0,442,251,94,89,23155,3392,1996,17195,PIT,Metropolitan,Eastern
2025-2026,20251119,9,NYR,5892,Conor Sheary,ROSTER,33.0,"5'8""",179.0,USA,"Winchester, MA",False,LW,21,0,5,5,1.43,0.24,0.0,0.24,15.3,6.6,0,0,1,1,0,0,0,0,0,0,0,0,0,0.0,0,62,30,0.0,12,15,18,9,17,16,6,11,8,3,72.7,2,4,7,14,0,421,207,106,101,18697,4134,1304,12764,NYR,Metropolitan,Eastern
2025-2026,20251119,21,VAN,15089,Kiefer Sherwood,ROSTER,30.0,"6'0""",194.0,USA,"Columbus, OH",False,LW,21,12,3,15,1.86,0.14,0.57,0.71,51.4,26.5,4,3,1,4,1,0,1,1,0,1,1,1,0,0.0,-1,78,39,30.8,12,10,29,93,28,23,8,15,5,10,33.3,8,16,10,20,0,480,248,108,137,22506,3009,1779,17718,VAN,Pacific,Western
2025-2026,20251119,7,NJD,15109,Jonas Siegenthaler,ROSTER,28.0,"6'3""",210.0,Switzerland,Zurich,False,D,19,0,2,2,0.53,0.11,0.0,0.11,42.5,13.3,0,0,0,0,0,1,1,0,0,0,0,0,0,0.0,1,32,10,0.0,36,15,7,19,37,24,5,0,0,0,0.0,4,8,0,0,0,464,243,72,147,22475,2354,1441,18857,NJD,Metropolitan,Eastern
2025-2026,20251119,19,CBJ,34233,Cole Sillinger,ROSTER,22.0,"6'0""",197.0,USA,"Columbus, OH, United States",True,C,19,2,6,8,1.74,0.32,0.11,0.42,14.3,16.6,0,0,0,0,0,0,0,1,0,0,0,0,0,0.0,4,62,33,6.1,6,13,16,20,27,26,9,26,9,17,34.6,5,10,1,2,0,384,265,66,53,18560,3254,532,14673,CBJ,Metropolitan,Eastern
2025-2026,20251119,30,UTA,142305,Dmitri Simashev,ROSTER,,,,,,False,D,19,0,1,1,1.05,0.05,0.0,0.05,21.2,20.2,0,0,0,0,0,0,0,0,0,0,0,0,0,0.0,-7,36,20,0.0,20,7,9,5,37,20,1,0,0,0,0.0,4,16,1,2,0,402,375,16,11,17874,2104,201,15569,UTA,Central,Western
2025-2026,20251119,142,VGK,5330,Colton Sissons,ROSTER,32.0,"6'1""",200.0,Canada,"North Vancouver, BC",False,C,17,0,2,2,0.82,0.12,0.0,0.12,17.1,27.5,0,0,1,1,0,0,0,0,0,0,0,0,0,0.0,-6,29,14,0.0,8,5,10,22,18,9,1,172,92,80,53.5,6,15,5,15,1,282,136,58,88,11232,2720,389,8123,VGK,Pacific,Western
2025-2026,20251119,17,STL,30007,Hunter Skinner,ROSTER,24.0,"6'2""",182.0,USA,"Wyndotte, MI",True,D,1,0,0,0,0.0,0.0,0.0,0.0,2.7,0.0,0,0,0,0,0,0,0,0,0,0,0,0,0,0.0,1,1,0,0.0,1,1,0,4,1,0,0,0,0,0,0.0,0,0,0,0,0,16,10,1,5,645,115,0,530,STL,Central,Western
2025-2026,20251119,26,SJS,4876,Jeff Skinner,ROSTER,33.0,"5'11""",195.0,Canada,"Toronto, ON",False,LW,17,4,3,7,1.71,0.18,0.24,0.41,7.3,10.0,1,0,1,1,0,0,0,0,0,0,0,0,0,0.0,-4,60,29,13.8,4,18,13,8,13,16,2,8,2,6,25.0,3,6,7,14,0,267,153,79,39,12607,2784,1135,8688,SJS,Pacific,Western
2025-2026,20251119,18,NSH,5891,Brady Skjei,ROSTER,31.0,"6'3""",210.0,USA,"Lakeville, MN",False,D,20,0,6,6,1.5,0.3,0.0,0.3,20.2,13.3,0,0,2,2,0,0,0,0,0,0,0,0,0,0.0,-13,86,30,0.0,14,38,18,16,18,30,7,0,0,0,0.0,4,8,4,8,0,548,278,127,143,27305,3952,2861,20492,NSH,Central,Western
2025-2026,20251119,14,MTL,43333,Juraj Slafkovsky,ROSTER,21.0,"6'3""",238.0,Slovakia,Kosice,True,LW,19,6,3,9,2.21,0.16,0.32,0.47,32.6,23.2,2,4,2,6,0,0,0,0,0,0,0,0,0,0.0,6,84,42,14.3,18,19,23,36,22,12,1,16,4,12,25.0,7,14,6,12,0,386,317,57,18,20360,4487,580,15293,MTL,Atlantic,Eastern
2025-2026,20251119,20,CHI,56363,Landon Slaggert,ROSTER,23.0,"6'0""",180.0,USA,"South Bend, IN",False,LW,8,1,0,1,0.62,0.0,0.12,0.12,9.8,13.6,0,0,0,0,0,0,0,0,0,0,0,0,0,0.0,0,14,5,20.0,4,3,6,14,10,3,1,0,0,0,0.0,2,12,1,2,0,107,66,13,28,4455,560,103,3779,CHI,Central,Western
2025-2026,20251119,3,CAR,5866,Jaccob Slavin,ROSTER,31.0,"6'3""",207.0,USA,"Erie, CO",False,D,2,0,0,0,1.0,0.0,0.0,0.0,2.9,0.0,0,0,0,0,0,0,0,0,0,0,0,0,0,0.0,-1,10,2,0.0,3,5,3,0,3,3,2,0,0,0,0.0,0,0,0,0,0,49,26,14,9,2224,496,233,1495,CAR,Metropolitan,Eastern
2025-2026,20251119,18,NSH,28393,Cole Smith,ROSTER,30.0,"6'3""",195.0,USA,"Brainerd, MN",True,RW,13,3,0,3,1.38,0.0,0.23,0.23,17.9,13.3,1,0,0,0,0,0,0,1,0,0,0,0,0,0.0,-2,34,18,16.7,3,5,11,35,19,6,3,4,0,4,0.0,4,8,0,0,0,248,125,39,87,10481,1076,196,9209,NSH,Central,Western
2025-2026,20251119,142,VGK,5092,Reilly Smith,ROSTER,34.0,"6'1""",183.0,Canada,"Toronto, ON",False,RW,19,3,3,6,1.11,0.16,0.16,0.32,8.5,0.0,1,1,0,1,0,0,0,1,0,1,0,0,0,0.0,-3,44,21,14.3,4,11,12,11,12,14,5,0,0,0,0.0,0,0,3,8,0,351,173,97,84,15588,4772,1117,9699,VGK,Pacific,Western
2025-2026,20251119,26,SJS,134098,Will Smith,ROSTER,20.0,"6'0""",181.0,USA,"Boston, MA",True,C,20,7,12,19,2.15,0.6,0.35,0.95,8.7,13.3,2,1,4,5,0,0,0,2,0,1,1,1,0,0.0,5,91,43,16.3,6,29,19,7,14,19,3,19,3,16,15.8,4,8,5,10,0,397,262,21,122,21648,2743,0,18939,SJS,Pacific,Western
2025-2026,20251119,17,STL,56646,Jimmy Snuggerud,ROSTER,21.0,"6'1""",188.0,USA,"Chaska, MN",False,RW,20,5,6,11,2.15,0.3,0.25,0.55,18.8,10.0,1,2,2,4,0,0,0,2,0,0,2,0,0,0.0,-2,90,43,11.6,13,21,26,15,16,8,10,2,2,0,100.0,3,6,1,2,0,398,332,54,17,18777,3156,437,15184,STL,Central,Western
2025-2026,20251119,16,DET,30182,Elmer Soderblom,ROSTER,24.0,"6'8""",246.0,Sweden,Gteborg,True,LW,11,1,0,1,1.0,0.0,0.09,0.09,11.4,3.3,0,0,0,0,0,0,0,0,0,0,0,0,0,0.0,-4,27,11,9.1,2,7,9,22,10,6,2,1,1,0,100.0,1,2,2,4,0,161,111,37,14,6896,921,528,5447,DET,Atlantic,Eastern
2025-2026,20251119,22,COL,30036,Ilya Solovyov,ROSTER,25.0,"6'3""",208.0,Belarus,Mogilev,True,D,9,0,0,0,1.0,0.0,0.0,0.0,19.0,6.6,0,0,0,0,0,0,0,0,0,0,0,0,0,0.0,-4,28,9,0.0,15,11,8,11,21,3,2,0,0,0,0.0,2,4,1,2,0,143,96,18,29,6240,555,572,5113,COL,Central,Western
2025-2026,20251119,9,NYR,14381,Carson Soucy,ROSTER,31.0,"6'5""",210.0,Canada,"Viking, AB",True,D,17,1,2,3,0.71,0.12,0.06,0.18,29.7,6.6,0,0,0,0,0,0,0,0,0,0,0,0,0,0.0,5,27,12,8.3,19,10,5,27,30,19,5,0,0,0,0.0,2,4,0,0,0,388,188,69,119,17962,2562,1177,13412,NYR,Metropolitan,Eastern
2025-2026,20251119,5,WSH,34057,Justin Sourdif,ROSTER,23.0,"5'11""",173.0,Canada,"Surrey, BC",True,RW,19,2,0,2,0.89,0.0,0.11,0.11,18.6,6.6,0,0,0,0,0,0,0,0,0,0,0,0,0,0.0,0,46,17,11.8,6,15,14,30,31,12,3,70,38,32,54.3,2,4,4,10,0,302,207,66,26,13277,2691,1173,9191,WSH,Metropolitan,Eastern
2025-2026,20251119,13,OTT,28485,Jordan Spence,ROSTER,24.0,"5'10""",175.0,Australia,"Manly, Australia",True,D,10,1,6,7,1.7,0.6,0.1,0.7,9.1,3.3,0,0,0,0,0,0,0,0,0,0,0,0,0,0.0,6,37,17,5.9,5,12,8,10,24,11,1,0,0,0,0.0,1,2,0,0,0,235,130,31,75,11000,1294,213,9493,OTT,Atlantic,Eastern
2025-2026,20251119,25,MIN,4918,Jared Spurgeon,ROSTER,35.0,"5'9""",167.0,Canada,"Edmonton, AB",False,D,20,1,3,4,1.15,0.15,0.05,0.2,42.4,3.3,0,1,2,3,0,0,0,0,0,0,0,0,0,0.0,-7,61,23,4.3,31,24,14,30,27,22,5,0,0,0,0.0,1,2,2,4,0,499,286,94,121,25682,6134,1649,17867,MIN,Central,Western
2025-2026,20251119,3,CAR,4029,Jordan Staal,ROSTER,37.0,"6'4""",220.0,Canada,"Thunder Bay, ON",False,C,19,5,2,7,1.21,0.11,0.26,0.37,26.0,34.5,1,0,0,0,0,0,0,0,0,0,0,0,0,0.0,2,47,23,21.7,11,10,14,36,18,15,5,379,217,162,57.3,6,23,6,15,1,432,200,119,118,17515,4578,1153,11784,CAR,Metropolitan,Eastern
2025-2026,20251119,18,NSH,4457,Steven Stamkos,ROSTER,35.0,"6'1""",194.0,Canada,"Markham, ON",False,C,20,4,1,5,2.0,0.05,0.2,0.25,14.6,23.2,1,2,0,2,0,0,0,1,0,1,1,0,0,0.0,-8,90,40,10.0,9,29,21,14,12,22,7,125,70,55,56.0,7,14,4,8,0,395,215,104,79,21196,7278,1537,12381,NSH,Central,Western
2025-2026,20251119,3,CAR,34846,Logan Stankoven,ROSTER,22.0,"5'8""",170.0,Canada,"Kamloops, BC",True,C,19,5,5,10,1.84,0.26,0.26,0.53,7.8,22.6,1,0,0,0,0,0,0,1,0,0,0,0,0,0.0,5,69,35,14.3,5,20,14,7,25,10,9,251,104,147,41.4,4,13,6,15,1,346,194,50,107,17417,1674,297,15446,CAR,Metropolitan,Eastern
2025-2026,20251119,2,WPJ,9644,Logan Stanley,ROSTER,27.0,"6'6""",216.0,Canada,"Kitchener, ON",False,D,19,3,6,9,1.05,0.32,0.16,0.47,36.8,48.4,1,0,0,0,0,0,0,1,0,0,0,0,0,0.0,8,62,20,15.0,26,18,24,28,38,15,6,0,0,0,0.0,10,26,4,14,2,408,256,87,68,19855,2801,1928,15126,WPG,,
2025-2026,20251119,18,NSH,38802,Spencer Stastney,ROSTER,25.0,"5'10""",180.0,USA,"Woodbridge, IL",True,D,20,1,6,7,0.9,0.3,0.05,0.35,17.5,6.6,0,0,0,0,0,1,1,0,0,0,0,0,0,0.0,-3,45,18,5.6,17,17,10,3,25,16,6,0,0,0,0.0,2,4,5,10,0,426,239,48,141,18771,1173,361,17238,NSH,Central,Western
2025-2026,20251119,24,EDM,10108,Troy Stecher,ROSTER,31.0,"5'10""",186.0,Canada,"Richmond, BC",False,D,6,0,0,0,0.5,0.0,0.0,0.0,3.7,13.3,0,0,0,0,0,0,0,0,0,0,0,0,0,0.0,0,9,3,0.0,3,5,1,2,16,8,2,0,0,0,0.0,4,8,0,0,0,108,70,28,10,4904,1152,357,3395,EDM,Pacific,Western
2025-2026,20251119,24,EDM,10108,Troy Stecher,ROSTER,31.0,"5'10""",186.0,Canada,"Richmond, BC",False,D,6,0,0,0,0.5,0.0,0.0,0.0,3.7,13.3,0,0,0,0,0,0,0,0,0,0,0,0,0,0.0,0,9,3,0.0,3,5,1,2,16,8,2,0,0,0,0.0,4,8,0,0,0,108,70,28,10,4904,1152,357,3395,EDM,Pacific,Western
2025-2026,20251119,12,TOR,10108,Troy Stecher,ROSTER,31.0,"5'10""",186.0,Canada,"Richmond, BC",False,D,1,0,0,0,1.0,0.0,0.0,0.0,0.4,0.0,0,0,0,0,0,0,0,0,0,0,0,0,0,0.0,1,2,1,0.0,0,1,0,1,2,0,0,0,0,0,0.0,0,0,1,2,0,19,14,1,4,811,68,187,556,TOR,Atlantic,Eastern
2025-2026,20251119,12,TOR,10108,Troy Stecher,ROSTER,31.0,"5'10""",186.0,Canada,"Richmond, BC",False,D,1,0,0,0,1.0,0.0,0.0,0.0,0.4,0.0,0,0,0,0,0,0,0,0,0,0,0,0,0,0.0,1,2,1,0.0,0,1,0,1,2,0,0,0,0,0,0.0,0,0,1,2,0,19,14,1,4,811,68,187,556,TOR,Atlantic,Eastern
2025-2026,20251119,27,DAL,9656,Sam Steel,ROSTER,27.0,"5'11""",189.0,Canada,"Edmonton, AB",False,C,20,2,5,7,1.05,0.25,0.1,0.35,18.5,10.0,0,1,2,3,0,0,0,1,0,0,0,0,0,0.0,-5,46,21,9.5,9,10,15,23,22,11,7,89,53,36,59.6,3,6,7,14,0,454,210,116,126,21401,3953,1751,15493,DAL,Central,Western
2025-2026,20251119,11,BOS,30004,Alex Steeves,ROSTER,25.0,"5'11""",185.0,USA,"Bedford, NH",True,C,5,1,0,1,1.6,0.0,0.2,0.2,11.1,0.0,0,0,0,0,0,0,0,0,0,0,0,0,0,0.0,-1,14,8,12.5,4,3,3,17,6,4,0,1,0,1,0.0,0,0,2,4,0,77,55,20,3,3635,887,311,2437,BOS,Atlantic,Eastern
2025-2026,20251119,30,UTA,15136,Kevin Stenlund,ROSTER,29.0,"6'4""",210.0,Sweden,Stockholm,False,C,20,1,2,3,1.0,0.1,0.05,0.15,22.2,10.0,0,0,0,0,0,0,0,0,0,0,0,0,0,0.0,-3,46,20,5.0,17,11,15,14,19,17,7,334,172,162,51.5,3,6,0,0,0,432,200,107,126,18130,2410,1164,14556,UTA,Central,Western
2025-2026,20251119,143,SEA,5838,Chandler Stephenson,ROSTER,31.0,"6'0""",208.0,Canada,"Saskatoon, SK",False,C,19,4,8,12,1.47,0.42,0.21,0.63,16.0,0.0,1,2,2,4,0,0,0,0,0,0,0,0,0,0.0,-1,46,28,14.3,15,12,6,4,17,21,8,414,205,209,49.5,0,0,6,12,0,498,210,187,96,23400,5265,2875,14767,SEA,Pacific,Western
2025-2026,20251119,142,VGK,5105,Mark Stone,ROSTER,33.0,"6'3""",202.0,Canada,"Winnipeg, MB",False,RW,6,2,11,13,3.17,1.83,0.33,2.17,6.1,0.0,0,1,7,8,0,1,1,0,0,0,0,0,0,0.0,2,30,19,10.5,5,5,6,3,3,6,1,1,0,1,0.0,0,0,3,6,0,125,62,36,29,6627,1789,535,4303,VGK,Pacific,Western
2025-2026,20251119,5,WSH,5598,Dylan Strome,ROSTER,28.0,"6'3""",200.0,Canada,"Mississauga, ON",False,C,17,5,11,16,1.94,0.65,0.29,0.94,8.7,13.3,1,0,4,4,0,0,0,1,0,0,2,0,1,50.0,11,57,33,15.2,6,14,10,7,8,14,6,289,169,120,58.5,4,8,1,2,0,352,162,104,87,18140,4315,2157,11402,WSH,Metropolitan,Eastern
2025-2026,20251119,29,ANA,4997,Ryan Strome,ROSTER,32.0,"6'1""",190.0,Canada,"Mississauga, ON",False,C,3,0,2,2,1.33,0.67,0.0,0.67,1.9,0.0,0,0,0,0,0,0,0,0,0,0,0,0,0,0.0,1,7,4,0.0,2,2,1,0,2,3,0,33,13,20,39.4,0,0,0,0,0,54,28,8,18,2305,644,287,1374,ANA,Pacific,Western
2025-2026,20251119,14,MTL,38014,Jayden Struble,ROSTER,24.0,"6'0""",205.0,USA,"Cumberland, RI",True,D,15,0,4,4,0.6,0.27,0.0,0.27,22.9,35.1,0,0,0,0,0,0,0,0,0,0,0,0,0,0.0,-2,29,9,0.0,10,10,10,31,14,16,3,0,0,0,0.0,6,18,2,10,2,269,164,25,80,13705,1531,581,11593,MTL,Atlantic,Eastern
2025-2026,20251119,13,OTT,19051,Tim Stützle,ROSTER,23.0,"6'0""",190.0,Germany,Viersen,True,C,19,10,9,19,2.68,0.47,0.53,1.0,25.5,11.5,3,2,2,4,0,0,0,2,0,1,2,0,2,100.0,6,93,51,19.6,15,28,14,26,34,23,6,175,107,68,61.1,4,6,9,18,0,486,332,97,69,22530,5686,1434,15732,OTT,Atlantic,Eastern
2025-2026,20251119,17,STL,5819,Oskar Sundqvist,ROSTER,31.0,"6'3""",209.0,Sweden,Boden,False,C,12,0,8,8,0.92,0.67,0.0,0.67,12.4,10.0,0,0,1,1,0,0,0,0,0,0,0,0,0,0.0,-1,19,11,0.0,4,3,5,20,7,6,5,98,42,56,42.9,3,6,0,0,0,221,125,55,41,9704,1664,1189,6851,STL,Central,Western
2025-2026,20251119,17,STL,28325,Pius Suter,ROSTER,29.0,"5'11""",176.0,Switzerland,Wallisellen,True,C,20,5,5,10,1.55,0.25,0.25,0.5,13.1,10.0,1,1,1,2,0,1,1,1,0,0,0,0,0,0.0,-2,63,31,16.1,7,13,19,15,3,11,6,202,99,103,49.0,3,6,2,4,0,444,243,105,101,20193,3388,1216,15589,STL,Central,Western
2025-2026,20251119,14,MTL,13628,Nick Suzuki,ROSTER,26.0,"5'11""",208.0,Canada,"London, ON",False,C,19,4,17,21,2.16,0.89,0.21,1.11,21.2,6.6,1,3,6,9,0,0,0,0,0,0,2,1,0,0.0,10,85,41,9.8,15,14,30,16,24,13,3,334,178,156,53.3,2,4,2,4,0,425,191,42,196,23299,3420,597,19282,MTL,Atlantic,Eastern
2025-2026,20251119,18,NSH,37974,Fedor Svechkov,ROSTER,22.0,"6'0""",187.0,Russia,Togliatti,True,C,18,0,1,1,1.22,0.06,0.0,0.06,14.2,3.3,0,0,0,0,0,0,0,0,0,0,0,0,0,0.0,-9,41,22,0.0,9,12,7,13,19,11,3,112,47,65,42.0,1,2,3,6,0,276,197,32,47,13210,1660,325,11225,NSH,Central,Western
2025-2026,20251119,3,CAR,14525,Andrei Svechnikov,ROSTER,25.0,"6'2""",195.0,Russia,Barnaul,False,RW,19,6,4,10,2.74,0.21,0.32,0.53,11.4,16.6,2,3,0,3,0,0,0,0,0,0,1,1,0,0.0,3,105,52,11.5,2,27,26,22,25,20,4,4,3,1,75.0,5,10,1,2,0,372,229,81,68,18138,3651,1576,12911,CAR,Metropolitan,Eastern
2025-2026,20251119,30,UTA,9068,Brandon Tanev,ROSTER,33.0,"6'0""",180.0,Canada,"Toronto, ON",False,LW,20,0,1,1,0.75,0.05,0.0,0.05,33.5,10.0,0,0,0,0,0,0,0,0,0,0,0,0,0,0.0,-8,28,15,0.0,9,8,5,58,27,17,2,8,1,7,12.5,3,6,4,8,0,299,172,80,47,12091,1690,1428,8973,UTA,Central,Western
2025-2026,20251119,12,TOR,4939,Christopher Tanev,ROSTER,35.0,"6'2""",197.0,Canada,"Toronto, ON",False,D,8,0,2,2,0.75,0.25,0.0,0.25,8.5,0.0,0,0,0,0,0,0,0,0,0,0,0,0,0,0.0,5,16,6,0.0,8,8,2,2,20,3,4,0,0,0,0.0,0,0,2,4,0,211,116,36,59,8322,1526,146,6650,TOR,Atlantic,Eastern
2025-2026,20251119,25,MIN,5135,Vladimir Tarasenko,ROSTER,33.0,"6'0""",225.0,Russia,Yaroslavl,False,RW,18,2,8,10,1.67,0.44,0.11,0.56,14.6,0.0,0,1,6,7,0,0,0,0,0,0,1,1,0,0.0,-6,63,30,6.7,9,19,14,14,22,12,5,0,0,0,0.0,0,0,3,6,0,293,132,107,56,16519,4826,1336,10357,MIN,Central,Western
2025-2026,20251119,12,TOR,4680,John Tavares,ROSTER,35.0,"6'1""",215.0,Canada,"Mississauga, ON",False,C,20,11,14,25,3.0,0.7,0.55,1.25,12.5,6.6,3,2,2,4,0,0,0,1,0,1,0,0,0,0.0,4,111,60,18.3,5,25,26,18,16,17,5,333,200,133,60.1,2,4,4,8,0,420,216,117,99,21918,7671,1490,12718,TOR,Atlantic,Eastern
2025-2026,20251119,20,CHI,5355,Teuvo Teravainen,ROSTER,31.0,"5'11""",191.0,Finland,Helsinki,False,C,19,4,9,13,1.26,0.47,0.21,0.68,12.0,3.3,1,1,5,6,0,0,0,1,0,0,1,0,0,0.0,7,50,24,16.7,9,14,12,8,11,26,5,38,17,21,44.7,1,2,3,6,0,463,215,93,156,21955,5496,1136,15100,CHI,Central,Western
2025-2026,20251119,29,ANA,5738,Troy Terry,ROSTER,28.0,"6'0""",186.0,USA,"Denver, CO",False,RW,19,6,15,21,2.42,0.79,0.32,1.11,1.9,6.6,2,0,5,5,1,2,3,1,0,0,1,0,1,100.0,11,91,46,13.0,2,17,28,0,17,12,5,3,2,1,66.7,2,4,5,10,0,449,197,106,154,21313,4318,1198,15841,ANA,Pacific,Western
2025-2026,20251119,17,STL,15997,Alexandre Texier,ROSTER,26.0,"6'1""",192.0,France,Grenoble,False,LW,8,0,1,1,0.88,0.12,0.0,0.12,4.8,3.3,0,0,0,0,0,0,0,0,0,0,0,0,0,0.0,0,13,7,0.0,1,2,4,9,5,2,1,1,1,0,100.0,1,2,1,2,0,106,64,28,14,4923,1102,387,3434,STL,Central,Western
2025-2026,20251119,142,VGK,5900,Shea Theodore,ROSTER,30.0,"6'2""",195.0,Canada,"Langley, BC",False,D,19,2,7,9,2.21,0.37,0.11,0.47,30.0,6.6,0,1,3,4,0,0,0,1,0,0,0,0,0,0.0,4,93,42,4.8,31,35,16,1,26,26,6,0,0,0,0.0,2,4,3,6,0,539,261,170,110,27477,6260,2964,18195,VGK,Pacific,Western
2025-2026,20251119,17,STL,14609,Robert Thomas,ROSTER,26.0,"6'0""",188.0,Canada,"Aurora, ON",False,C,16,3,10,13,1.44,0.62,0.19,0.81,9.9,6.6,1,1,4,5,0,0,0,0,0,0,1,0,0,0.0,1,45,23,13.0,9,14,8,3,15,24,9,267,141,126,52.8,2,4,3,6,0,370,189,76,108,17616,2659,1193,13764,STL,Central,Western
2025-2026,20251119,15,BUF,9652,Tage Thompson,ROSTER,28.0,"6'6""",215.0,USA,"Oyster Bay, NY",False,C,19,9,8,17,3.95,0.42,0.47,0.89,21.7,16.6,3,2,3,5,0,0,0,0,0,0,1,1,0,0.0,-5,159,75,12.0,11,45,39,26,16,22,10,160,79,81,49.4,5,10,3,6,0,459,220,54,194,21717,3831,363,17523,BUF,Atlantic,Eastern
2025-2026,20251119,15,BUF,15181,Conor Timmins,ROSTER,27.0,"6'2""",185.0,Canada,"Thorold, ON",False,D,19,0,4,4,0.89,0.21,0.0,0.21,42.3,16.6,0,0,0,0,0,0,0,0,0,0,0,0,0,0.0,-3,51,17,0.0,39,20,14,12,30,21,4,0,0,0,0.0,5,10,2,4,0,493,242,48,203,22576,1606,205,20765,BUF,Atlantic,Eastern
2025-2026,20251119,6,PHI,13625,Owen Tippett,ROSTER,26.0,"6'0""",183.0,Canada,"Peterborough, ON",False,RW,18,6,5,11,2.72,0.28,0.33,0.61,20.1,26.9,2,1,0,1,0,0,0,0,0,0,0,0,0,0.0,0,90,49,12.2,8,16,25,29,16,25,5,1,0,1,0.0,6,20,6,12,0,402,227,91,90,18120,3058,927,14135,PHI,Metropolitan,Eastern
2025-2026,20251119,13,OTT,14527,Brady Tkachuk,ROSTER,26.0,"6'4""",212.0,USA,"St. Louis, MO",False,LW,3,0,3,3,3.33,1.0,0.0,1.0,4.3,6.6,0,0,1,1,0,0,0,0,0,0,0,0,0,0.0,1,21,10,0.0,0,6,5,10,1,4,1,11,8,3,72.7,2,4,3,6,0,69,37,4,28,2991,393,102,2496,OTT,Atlantic,Eastern
2025-2026,20251119,22,COL,13917,Devon Toews,ROSTER,31.0,"6'1""",191.0,Canada,"Abbotsford, BC",False,D,19,0,7,7,1.26,0.37,0.0,0.37,26.8,6.6,0,0,0,0,0,0,0,0,0,0,0,0,0,0.0,13,66,24,0.0,25,27,15,7,7,19,7,0,0,0,0.0,2,4,1,2,0,531,243,166,122,26475,4009,3560,18906,COL,Central,Western
2025-2026,20251119,2,WPJ,4262,Jonathan Toews,ROSTER,37.0,"6'2""",201.0,Canada,"Winnipeg, MB",False,C,19,3,5,8,1.37,0.26,0.16,0.42,13.7,16.6,1,1,2,3,0,0,0,0,0,0,1,0,0,0.0,-9,49,26,11.5,13,8,15,3,16,9,4,288,181,107,62.8,5,10,3,6,0,406,192,107,110,18481,5338,1160,11983,WPG,,
2025-2026,20251119,26,SJS,5191,Tyler Toffoli,ROSTER,33.0,"6'0""",197.0,Canada,"Scarborough, ON",False,C,20,5,6,11,2.05,0.3,0.25,0.55,17.4,3.3,1,2,1,3,0,0,0,0,0,0,1,0,0,0.0,2,92,41,12.2,11,29,22,16,8,13,5,4,1,3,25.0,1,2,0,0,0,418,205,133,85,19920,5516,1207,13197,SJS,Pacific,Western
2025-2026,20251119,143,SEA,13645,Eeli Tolvanen,ROSTER,26.0,"5'10""",191.0,Finland,Vihti,False,RW,19,3,8,11,1.37,0.42,0.16,0.58,34.1,10.0,1,2,3,5,0,0,0,0,0,0,1,0,1,100.0,-2,65,26,11.5,15,25,14,46,16,13,5,0,0,0,0.0,3,6,3,6,0,369,202,120,43,17109,3841,2257,10663,SEA,Pacific,Western
2025-2026,20251119,24,EDM,183906,David Tomasek,ROSTER,29.0,"6'2""",210.0,Czech Republic,Praha,True,RW,14,1,2,3,1.43,0.14,0.07,0.21,7.6,10.0,0,0,2,2,0,0,0,0,0,0,1,0,0,0.0,-7,35,20,5.0,3,4,11,11,9,7,2,40,19,21,47.5,3,6,2,4,0,195,162,30,5,9679,2424,44,7246,EDM,Pacific,Western
2025-2026,20251119,10,PIT,24517,Philip Tomasino,ROSTER,24.0,"6'0""",180.0,Canada,"Mississauga, ON",False,RW,9,0,1,1,1.0,0.11,0.0,0.11,11.4,0.0,0,0,0,0,0,0,0,0,0,0,0,0,0,0.0,-2,19,9,0.0,7,3,7,11,14,3,0,4,2,2,50.0,0,0,0,0,0,130,81,32,11,6573,1019,587,4559,PIT,Metropolitan,Eastern
2025-2026,20251119,17,STL,18182,Alexei Toropchenko,ROSTER,26.0,"6'3""",187.0,Russia,Moscow,False,RW,13,1,1,2,0.77,0.08,0.08,0.15,20.5,0.0,0,0,0,0,1,0,1,0,0,0,0,0,0,0.0,-5,16,10,10.0,8,2,4,30,7,8,1,0,0,0,0.0,0,0,1,2,0,233,144,46,44,9134,1522,583,7029,STL,Central,Western
2025-2026,20251119,25,MIN,17203,Yakov Trenin,ROSTER,28.0,"6'2""",201.0,Russia,Chelyabinsk,True,C,20,1,3,4,1.2,0.15,0.05,0.2,46.9,13.3,0,0,0,0,0,0,0,0,0,0,0,0,0,0.0,1,53,24,4.2,10,10,19,87,36,12,3,30,12,18,40.0,4,8,1,2,0,289,159,70,61,15166,2841,2235,10090,MIN,Central,Western
2025-2026,20251119,9,NYR,5342,Vincent Trocheck,ROSTER,32.0,"5'10""",183.0,USA,"Pittsburgh, PA",False,C,7,3,3,6,1.29,0.43,0.43,0.86,16.4,6.6,1,0,1,1,0,0,0,0,0,0,1,0,1,100.0,4,21,9,33.3,5,5,7,27,11,6,6,105,51,54,48.6,2,4,1,2,0,158,79,30,46,7438,2067,386,4558,NYR,Metropolitan,Eastern
2025-2026,20251119,29,ANA,5232,Jacob Trouba,ROSTER,31.0,"6'3""",209.0,USA,"Rochester, MI",False,D,19,4,8,12,1.74,0.42,0.21,0.63,59.3,6.6,1,0,0,0,0,0,0,1,0,1,0,0,0,0.0,14,76,33,12.1,41,26,17,47,15,24,7,0,0,0,0.0,2,4,3,6,0,532,260,108,168,26048,4223,1581,20244,ANA,Pacific,Western
2025-2026,20251119,8,NYI,142668,Maxim Tsyplakov,ROSTER,,,,,,False,RW,13,1,0,1,0.85,0.0,0.08,0.08,9.5,0.0,0,0,0,0,0,0,0,0,0,0,0,0,0,0.0,-6,22,11,9.1,0,7,4,22,7,10,2,3,0,3,0.0,0,0,1,2,0,170,144,11,16,7080,635,68,6377,NYI,Metropolitan,Eastern
2025-2026,20251119,15,BUF,11711,Alex Tuch,ROSTER,29.0,"6'4""",220.0,USA,"Syracuse, NY",False,RW,19,7,9,16,2.37,0.47,0.37,0.84,24.3,47.7,2,0,0,0,1,0,1,0,0,0,1,1,0,0.0,2,95,45,15.6,21,14,37,10,9,12,5,13,4,9,30.8,10,31,7,17,1,497,218,78,207,21445,3580,773,17092,BUF,Atlantic,Eastern
2025-2026,20251119,17,STL,20063,Tyler Tucker,ROSTER,25.0,"6'1""",205.0,Canada,"Thunder Bay, ON",False,D,19,1,3,4,0.79,0.16,0.05,0.21,25.5,62.0,0,0,0,0,0,0,0,0,0,0,0,0,0,0.0,-2,36,15,6.7,15,14,7,26,29,17,1,0,0,0,0.0,9,32,6,24,4,327,197,42,89,14297,1698,588,12011,STL,Central,Western
2025-2026,20251119,11,BOS,9651,Riley Tufte,ROSTER,27.0,"6'6""",220.0,USA,"Ham Lake, MN",False,LW,1,1,0,1,3.0,0.0,1.0,1.0,0.4,0.0,0,1,0,1,0,0,0,0,0,0,0,0,0,0.0,0,3,3,33.3,0,0,0,1,1,0,0,0,0,0,0.0,0,0,0,0,0,16,11,3,3,913,91,0,822,BOS,Atlantic,Eastern
2025-2026,20251119,28,LAK,19087,Alex Turcotte,ROSTER,24.0,"5'11""",185.0,USA,"Elk Grove, IL",False,C,20,0,3,3,0.8,0.15,0.0,0.15,7.4,12.6,0,0,0,0,0,0,0,0,0,0,0,0,0,0.0,-2,37,16,0.0,6,12,9,4,27,10,2,125,67,58,53.6,3,9,2,4,0,260,171,46,43,11188,1732,557,8899,LAK,Pacific,Western
2025-2026,20251119,9,NYR,13633,Urho Vaakanainen,ROSTER,26.0,"6'2""",196.0,Finland,Joensuu,False,D,14,0,3,3,0.71,0.21,0.0,0.21,10.7,16.6,0,0,0,0,0,0,0,0,0,0,0,0,0,0.0,3,32,10,0.0,9,13,10,5,26,9,2,0,0,0,0.0,5,10,2,4,0,265,161,25,66,12390,1074,380,10267,NYR,Metropolitan,Eastern
2025-2026,20251119,16,DET,4683,James van Riemsdyk,ROSTER,36.0,"6'3""",217.0,USA,"Middletown, New Jersey",False,LW,15,1,1,2,1.2,0.07,0.07,0.13,10.5,10.0,0,0,0,0,0,0,0,0,0,0,1,0,1,100.0,-3,42,18,5.6,11,9,15,0,14,6,1,1,1,0,100.0,3,6,1,2,0,244,122,64,60,10732,4262,973,6381,DET,Atlantic,Eastern
2025-2026,20251119,5,WSH,5460,Trevor van Riemsdyk,ROSTER,34.0,"6'2""",192.0,USA,"Middletown, New Jersey",False,D,15,1,1,2,0.6,0.07,0.07,0.13,17.5,16.6,0,0,0,0,0,0,0,0,0,0,0,0,0,0.0,0,19,9,11.1,17,7,3,3,9,10,1,0,0,0,0.0,5,10,1,2,0,281,138,41,99,13436,2092,752,10390,WSH,Metropolitan,Eastern
2025-2026,20251119,29,ANA,5851,Frank Vatrano,ROSTER,31.0,"5'10""",200.0,USA,"East Longmeadow, MA",False,RW,19,2,1,3,1.63,0.05,0.11,0.16,29.9,17.6,0,0,1,1,0,0,0,1,0,0,0,0,0,0.0,-6,51,31,6.5,12,11,9,43,12,8,1,10,4,6,40.0,3,9,3,9,1,323,158,85,82,13725,2577,928,10300,ANA,Pacific,Western
2025-2026,20251119,14,MTL,18040,Joe Veleno,ROSTER,25.0,"6'1""",191.0,Canada,"Montreal, QC",False,C,14,0,0,0,0.71,0.0,0.0,0.0,18.7,24.2,0,0,0,0,0,0,0,0,0,0,0,0,0,0.0,-7,20,10,0.0,7,5,5,28,11,4,1,59,27,32,45.8,5,13,3,9,1,202,111,36,55,9467,1059,213,8195,MTL,Atlantic,Eastern
2025-2026,20251119,4,FLO,17177,Carter Verhaeghe,ROSTER,30.0,"6'1""",177.0,Canada,"Waterdown, ON",False,C,19,2,8,10,2.37,0.42,0.11,0.53,13.0,10.0,0,1,3,4,0,0,0,1,0,0,0,0,0,0.0,-6,100,45,4.4,6,36,19,17,30,14,7,26,11,15,42.3,3,6,5,10,0,412,202,99,114,20426,5297,1431,13698,FLA,,
2025-2026,20251119,11,BOS,18174,Jeffrey Viel,ROSTER,28.0,"6'0""",195.0,Canada,"Rimouski, QC",False,LW,7,0,0,0,0.71,0.0,0.0,0.0,12.2,20.9,0,0,0,0,0,0,0,0,0,0,0,0,0,0.0,-2,13,5,0.0,2,3,5,24,4,2,1,2,1,1,50.0,4,11,3,9,1,101,53,26,22,4271,569,683,3019,BOS,Atlantic,Eastern
2025-2026,20251119,2,WPJ,18069,Gabriel Vilardi,ROSTER,26.0,"6'2""",185.0,Canada,"Kingston, ON",False,C,19,6,8,14,2.37,0.42,0.32,0.74,8.3,6.6,2,2,3,5,0,0,0,2,0,0,1,0,1,100.0,-2,82,45,13.3,6,14,23,6,19,15,4,21,10,11,47.6,2,4,4,8,0,393,212,165,23,21329,5354,4748,11413,WPG,,
2025-2026,20251119,20,CHI,38015,Alex Vlasic,ROSTER,24.0,"6'6""",200.0,USA,"Wilmette, IL",True,D,18,1,3,4,1.0,0.17,0.06,0.22,33.7,10.9,0,0,0,0,0,0,0,0,0,0,0,0,0,0.0,-1,41,18,5.6,30,11,12,12,36,17,7,0,0,0,0.0,1,5,2,7,1,460,205,33,216,23499,1518,316,21342,CHI,Central,Western
2025-2026,20251119,19,CBJ,56385,Dmitri Voronkov,ROSTER,25.0,"6'3""",183.0,Russia,,False,LW,20,8,8,16,2.25,0.4,0.4,0.8,22.5,39.8,2,3,0,3,0,0,0,0,0,0,0,0,0,0.0,8,80,45,17.8,6,5,30,39,5,22,4,8,2,6,25.0,12,24,2,4,0,396,243,101,60,18994,4019,1360,13615,CBJ,Metropolitan,Eastern
2025-2026,20251119,17,STL,13691,Nathan Walker,ROSTER,31.0,"5'9""",186.0,United Kingdom,Cardiff,False,LW,19,3,3,6,1.16,0.16,0.16,0.32,45.6,18.3,1,0,0,0,0,0,0,1,0,0,0,0,0,0.0,-1,39,22,13.6,14,5,11,75,19,11,2,36,19,17,52.8,5,12,5,10,0,335,175,95,68,14531,2834,1542,10155,STL,Central,Western
2025-2026,20251119,3,CAR,15368,Sean Walker,ROSTER,31.0,"5'11""",196.0,Canada,"Keswick, ON",False,D,19,4,3,7,2.32,0.16,0.21,0.37,42.6,19.9,1,0,1,1,0,0,0,0,0,0,0,0,0,0.0,-4,116,44,9.1,28,50,22,37,39,17,4,0,0,0,0.0,6,12,3,6,0,555,287,101,171,26985,3181,1037,22767,CAR,Metropolitan,Eastern
2025-2026,20251119,24,EDM,13672,Jake Walman,ROSTER,29.0,"6'1""",170.0,Canada,"Toronto, ON",False,D,15,3,7,10,1.4,0.47,0.2,0.67,29.7,13.3,1,1,0,1,1,0,1,1,0,1,0,0,0,0.0,-1,61,21,14.3,28,29,11,7,2,21,7,0,0,0,0.0,4,8,0,0,0,369,187,102,76,18621,3622,1803,12724,EDM,Pacific,Western
2025-2026,20251119,8,NYI,56461,Marshall Warren,ASSIGNED_TO_MINORS,24.0,"5'11""",170.0,USA,"Laurel Hollow, NY",False,D,2,0,2,2,0.0,1.0,0.0,1.0,0.9,3.3,0,0,0,0,0,0,0,0,0,0,0,0,0,0.0,1,1,0,0.0,0,1,0,2,5,2,1,0,0,0,0.0,1,2,1,2,0,36,22,3,11,1456,150,33,1273,NYI,Metropolitan,Eastern
2025-2026,20251119,23,CGY,12274,MacKenzie Weegar,ROSTER,31.0,"6'0""",200.0,Canada,"Nepean, ON",False,D,21,0,4,4,2.1,0.19,0.0,0.19,60.4,41.1,0,0,2,2,0,0,0,0,0,0,0,0,0,0.0,-18,106,44,0.0,39,41,21,54,52,33,8,0,0,0,0.0,8,27,4,11,1,690,294,151,245,30352,5464,2401,22487,CGY,Pacific,Western
2025-2026,20251119,26,SJS,5449,Alexander Wennberg,ROSTER,31.0,"6'2""",197.0,Sweden,Stockholm,False,C,20,5,6,11,1.0,0.3,0.25,0.55,25.0,6.6,1,2,2,4,0,0,0,1,0,0,0,0,0,0.0,-6,36,20,25.0,24,13,3,5,11,19,11,307,145,162,47.2,2,4,6,12,0,499,248,136,120,24836,4790,2110,17936,SJS,Pacific,Western
2025-2026,20251119,19,CBJ,5603,Zach Werenski,ROSTER,28.0,"6'2""",212.0,USA,"Grosse Pointe, MI",False,D,20,6,10,16,3.6,0.5,0.3,0.8,33.7,0.0,2,1,4,5,0,0,0,0,0,0,0,0,0,0.0,7,168,72,8.3,30,60,36,12,25,38,14,0,0,0,0.0,0,0,1,2,0,535,277,74,188,32009,6569,1021,24358,CBJ,Metropolitan,Eastern
2025-2026,20251119,7,NJD,15576,Colton White,ROSTER,28.0,"6'1""",190.0,Canada,"London, ON",False,D,4,0,0,0,0.75,0.0,0.0,0.0,3.2,0.0,0,0,0,0,0,0,0,0,0,0,0,0,0,0.0,-1,8,3,0.0,2,4,1,3,6,2,0,0,0,0,0.0,0,0,0,0,0,68,37,3,25,2825,282,0,2445,NJD,Metropolitan,Eastern
2025-2026,20251119,142,VGK,14133,Zach Whitecloud,ROSTER,28.0,"6'2""",209.0,Canada,"Brandon, MB",False,D,19,0,2,2,0.58,0.11,0.0,0.11,34.6,16.6,0,0,0,0,0,0,0,0,0,0,0,0,0,0.0,-2,44,11,0.0,21,27,6,34,45,18,1,0,0,0,0.0,5,10,3,6,0,444,289,103,52,20567,4668,1506,14393,VGK,Pacific,Western
2025-2026,20251119,18,NSH,28517,Ozzy Wiesblatt,ROSTER,23.0,"5'10""",183.0,Canada,"Calgary, AB",True,C,17,0,2,2,0.82,0.12,0.0,0.12,25.1,30.8,0,0,0,0,0,0,0,0,0,0,1,0,1,100.0,-9,33,14,0.0,6,10,9,45,27,9,3,4,0,4,0.0,7,17,4,11,1,266,177,49,41,11266,1743,507,9399,NSH,Central,Western
2025-2026,20251119,21,VAN,166972,Tom Willander,ROSTER,20.0,"6'1""",179.0,Sweden,Stockholm,True,D,11,0,3,3,0.64,0.27,0.0,0.27,11.9,3.3,0,0,0,0,0,0,0,0,0,0,0,0,0,0.0,1,28,7,0.0,12,10,11,1,17,8,2,0,0,0,0.0,1,2,0,0,0,221,185,19,17,9206,1751,163,7292,VAN,Pacific,Western
2025-2026,20251119,18,NSH,53068,Adam Wilsby,ROSTER,25.0,"6'0""",183.0,Sweden,Stockholm,True,D,14,0,2,2,1.14,0.14,0.0,0.14,11.2,16.6,0,0,0,0,0,0,0,0,0,0,0,0,0,0.0,-2,40,16,0.0,10,18,6,4,24,14,3,0,0,0,0.0,5,10,0,0,0,311,233,36,42,14268,2970,518,10780,NSH,Central,Western
2025-2026,20251119,5,WSH,5225,Tom Wilson,ROSTER,31.0,"6'4""",220.0,Canada,"Toronto, ON",False,RW,19,9,9,18,2.42,0.47,0.47,0.95,29.1,64.7,3,4,1,5,0,0,0,0,0,0,0,0,0,0.0,6,86,46,19.6,8,18,22,50,19,16,7,12,5,7,41.7,13,45,8,19,1,454,226,123,108,22189,6097,1957,13836,WSH,Metropolitan,Eastern
2025-2026,20251119,143,SEA,56633,Ryan Winterton,ROSTER,22.0,"6'2""",175.0,Canada,"Whitby, ON",False,C,19,2,2,4,0.84,0.11,0.11,0.21,18.6,6.6,0,0,0,0,0,0,0,0,0,0,0,0,0,0.0,0,35,16,12.5,10,9,10,21,26,7,3,0,0,0,0.0,2,4,5,10,0,339,219,50,67,14098,1421,825,11599,SEA,Pacific,Western
2025-2026,20251119,18,NSH,142645,Matthew Wood,ROSTER,,,,,,False,RW,13,6,4,10,2.31,0.31,0.46,0.77,8.6,0.0,2,2,3,5,0,0,0,0,0,0,1,0,0,0.0,-1,54,30,20.0,5,13,11,9,11,5,1,7,2,5,28.6,0,0,3,6,0,207,180,27,6,10358,1981,119,8258,NSH,Central,Western
2025-2026,20251119,19,CBJ,9079,Miles Wood,ROSTER,30.0,"6'2""",195.0,USA,"Buffalo, NY",False,LW,14,5,0,5,1.86,0.0,0.36,0.36,9.1,6.6,1,0,0,0,0,0,0,1,0,1,0,0,0,0.0,-3,40,26,19.2,5,7,7,10,15,11,1,4,1,3,25.0,2,4,3,8,0,222,125,52,49,10428,2243,704,7481,CBJ,Metropolitan,Eastern
2025-2026,20251119,10,PIT,5707,Parker Wotherspoon,ROSTER,28.0,"6'0""",172.0,Canada,"Surrey, BC",False,D,19,2,5,7,0.95,0.26,0.11,0.37,39.1,30.2,0,0,0,0,0,1,1,1,0,0,0,0,0,0.0,7,40,18,11.1,28,17,5,29,27,25,9,0,0,0,0.0,7,22,2,4,0,457,254,110,84,24041,3146,1771,18526,PIT,Metropolitan,Eastern
2025-2026,20251119,143,SEA,43332,Shane Wright,ROSTER,21.0,"6'1""",199.0,Canada,"Burlington, ON",True,C,19,4,5,9,1.42,0.26,0.21,0.47,15.9,3.3,1,1,1,2,0,0,0,1,0,1,0,0,0,0.0,1,47,27,14.8,9,10,10,17,25,17,2,156,58,98,37.2,1,2,3,6,0,364,272,61,29,16141,2956,578,12313,SEA,Pacific,Western
2025-2026,20251119,14,MTL,34148,Arber Xhekaj,ROSTER,24.0,"6'4""",238.0,Canada,"Hamilton, ON",True,D,18,0,1,1,0.78,0.06,0.0,0.06,22.1,60.3,0,0,0,0,0,0,0,0,0,0,0,0,0,0.0,-3,38,14,0.0,11,21,3,27,23,11,1,0,0,0,0.0,9,30,5,22,4,267,201,24,42,12277,1619,277,10381,MTL,Atlantic,Eastern
2025-2026,20251119,30,UTA,13637,Kailer Yamamoto,ROSTER,27.0,"5'8""",153.0,USA,"Spokane, WA",False,RW,13,2,1,3,0.77,0.08,0.15,0.23,5.4,6.6,0,0,0,0,0,0,0,0,0,0,0,0,0,0.0,-1,18,10,20.0,3,4,4,6,12,6,1,14,5,9,35.7,2,4,7,14,0,210,122,67,23,9436,1378,1438,6620,UTA,Central,Western
2025-2026,20251119,6,PHI,30026,Cameron York,ROSTER,24.0,"5'11""",172.0,USA,"Anaheim Hills, CA",True,D,15,1,9,10,0.6,0.6,0.07,0.67,30.9,6.6,0,1,4,5,0,0,0,0,0,0,0,0,0,0.0,0,33,9,11.1,32,14,10,1,22,18,6,0,0,0,0.0,2,4,0,0,0,455,267,80,110,21995,3445,752,17798,PHI,Metropolitan,Eastern
2025-2026,20251119,25,MIN,56469,Danila Yurov,ROSTER,21.0,"6'1""",178.0,Russia,Chelyabinsk,False,RW,15,2,1,3,0.8,0.07,0.13,0.2,9.5,0.0,0,0,0,0,0,0,0,1,0,0,0,0,0,0.0,-4,27,12,16.7,5,9,6,11,14,9,3,84,33,51,39.3,0,0,2,6,0,186,148,18,22,9051,1158,82,7811,MIN,Central,Western
2025-2026,20251119,11,BOS,5601,Pavel Zacha,ROSTER,28.0,"6'3""",210.0,Czech Republic,Brno,False,C,21,5,11,16,1.52,0.52,0.24,0.76,21.2,21.6,1,2,7,9,0,0,0,1,0,1,0,0,0,0.0,0,59,32,15.6,11,7,20,25,9,18,6,233,125,108,53.6,6,14,0,0,0,454,199,162,98,22416,4978,2566,14872,BOS,Atlantic,Eastern
2025-2026,20251119,11,BOS,5270,Nikita Zadorov,ROSTER,30.0,"6'6""",235.0,Russia,Moscow,False,D,21,1,4,5,1.0,0.19,0.05,0.24,61.0,78.3,0,0,0,0,0,0,0,0,0,0,0,0,0,0.0,1,59,21,4.8,32,27,11,71,29,26,9,0,0,0,0.0,19,44,11,28,2,558,274,82,203,26856,4186,1930,20740,BOS,Atlantic,Eastern
2025-2026,20251119,6,PHI,21853,Egor Zamula,ROSTER,25.0,"6'3""",170.0,Russia,Chelyabinsk,True,D,8,0,1,1,0.62,0.12,0.0,0.12,10.0,3.3,0,0,0,0,0,0,0,0,0,0,0,0,0,0.0,0,11,5,0.0,10,6,0,1,12,5,1,0,0,0,0.0,1,2,0,0,0,149,90,15,44,6441,1157,126,5158,PHI,Metropolitan,Eastern
2025-2026,20251119,23,CGY,28538,Connor Zary,ROSTER,24.0,"6'0""",178.0,Canada,"Saskatoon, SK",True,C,19,1,1,2,1.26,0.05,0.05,0.11,9.8,16.6,0,1,0,1,0,0,0,0,0,0,1,0,0,0.0,-4,45,24,4.2,4,9,12,14,12,8,4,80,32,48,40.0,5,10,7,14,0,329,197,77,56,15255,2521,822,11912,CGY,Pacific,Western
2025-2026,20251119,6,PHI,25981,Trevor Zegras,ROSTER,24.0,"6'1""",185.0,USA,"Bedford, NY",True,C,18,6,13,19,2.17,0.72,0.33,1.06,9.2,23.5,2,2,5,7,0,0,0,0,0,0,3,0,3,100.0,0,85,39,15.4,6,24,22,8,17,18,5,80,31,49,38.8,5,18,4,8,0,393,252,67,83,19893,3308,797,15867,PHI,Metropolitan,Eastern
2025-2026,20251119,29,ANA,32258,Olen Zellweger,ROSTER,22.0,"5'10""",175.0,Canada,"Calgary, AB",True,D,19,2,4,6,2.0,0.21,0.11,0.32,25.3,19.9,0,1,1,2,0,0,0,1,0,1,0,0,0,0.0,11,87,38,5.3,22,28,21,10,47,17,3,0,0,0,0.0,6,12,7,14,0,443,311,50,85,21755,3190,536,18030,ANA,Pacific,Western
2025-2026,20251119,13,OTT,18106,Fabian Zetterlund,ROSTER,26.0,"5'11""",196.0,Sweden,Karlstad,False,LW,19,1,3,4,1.47,0.16,0.05,0.21,20.9,10.0,0,1,0,1,0,0,0,0,0,0,0,0,0,0.0,-2,55,28,3.6,7,12,15,33,21,8,2,4,1,3,25.0,3,6,6,12,0,378,183,66,130,16201,2460,680,13061,OTT,Atlantic,Eastern
2025-2026,20251119,9,NYR,5000,Mika Zibanejad,ROSTER,32.0,"6'2""",208.0,Sweden,Stockholm,False,C,21,7,5,12,3.24,0.24,0.33,0.57,29.1,6.6,2,4,1,5,1,0,1,1,0,0,0,0,0,0.0,-9,114,68,10.3,17,18,32,30,8,28,8,275,145,130,52.7,2,4,2,4,0,529,263,118,139,26241,6389,1574,17480,NYR,Metropolitan,Eastern
2025-2026,20251119,13,OTT,28480,Artem Zub,ROSTER,30.0,"6'2""",202.0,Russia,Khabarovsk,True,D,19,2,8,10,1.32,0.42,0.11,0.53,37.9,23.2,0,0,0,0,0,0,0,0,0,0,0,0,0,0.0,5,56,25,8.0,29,17,14,24,20,19,4,0,0,0,0.0,7,14,0,0,0,511,398,76,39,22618,3727,827,18064,OTT,Atlantic,Eastern
2025-2026,20251119,25,MIN,4927,Mats Zuccarello,ROSTER,38.0,"5'8""",178.0,Norway,Oslo,False,RW,5,0,4,4,1.6,0.8,0.0,0.8,3.7,0.0,0,0,2,2,0,0,0,0,0,0,0,0,0,0.0,-1,20,8,0.0,3,8,4,2,6,6,0,7,3,4,42.9,0,0,1,2,0,93,43,38,12,5629,1882,417,3330,MIN,Central,Western
2025-2026,20251119,15,BUF,5093,Jason Zucker,ROSTER,33.0,"5'11""",192.0,USA,"Newport Beach, CA",False,LW,12,4,3,7,2.25,0.25,0.33,0.58,7.4,6.6,1,2,2,4,0,0,0,1,0,0,0,0,0,0.0,-7,43,27,14.8,1,7,9,15,8,10,2,30,11,19,36.7,2,4,3,6,0,222,121,52,53,10606,3658,626,6322,BUF,Atlantic,Eastern
