SEASON_ID,SNAPSHOT_DATE,TEAM_ID,TEAM_ABBR,PLAYER_ID,NAME,STATUS,AGE,HEIGHT,WEIGHT,BIRTH_COUNTRY,BIRTH_CITY,ROOKIE,POSITION,GAMES_PLAYED,GOALS,ASSISTS,POINTS,SOGPG,APG,GPG,PGP,DEF_WALL,PHYSICAL,HAT_TRICKS,PP_GOALS,PP_ASSISTS,PP_POINTS,SH_GOALS,SH_ASSISTS,SH_POINTS,GW_GOALS,GT_GOALS,OT_GOALS,SO_ATTEMPTS,SO_MISSES,SO_GOALS,SO_GOAL_PCT,PLUS_MINUS,SHOT_ATTEMPTS,SHOTS_ON_GOAL,SHOT_PCT,BLOCKED_SHOTS,BLOCKED_SHOTS_AGAINST,MISSED_SHOTS,HITS,HITS_RECEIVED,GIVEAWAYS,TAKEAWAYS,FACEOFFS,FACEOFF_WINS,FACEOFF_LOSSES,FACEOFF_PCT,PENALTIES,PIM,PENALTIES_DRAWN,PENALTY_MIN_DRAWN,FIGHTS,SHIFTS,EVEN_STR_SHIFTS,PP_SHIFTS,SH_SHIFTS,TIME_ON_ICE,EVENT_TOI,PP_TOI,SH_TOI,TEAM_ABBR_CANON,division,conference
2025-2026,20251121,6,PHI,18056,Rodrigo Abols,ROSTER,29.0,"6'4""",206.0,Latvia,Riga,False,C,14,1,0,1,1.14,0.0,0.07,0.07,10.5,10.8,0,0,0,0,0,0,0,0,0,0,0,0,0,0.0,-3,35,16,6.2,5,7,12,14,11,5,5,75,42,33,56.0,1,5,2,7,1,182,116,39,28,7873,1317,640,5916,PHI,Metropolitan,Eastern
2025-2026,20251121,10,PIT,5927,Noel Acciari,ROSTER,33.0,"5'10""",203.0,USA,"Johnston, RI",False,C,13,0,3,3,0.85,0.23,0.0,0.23,16.9,13.4,0,0,0,0,0,0,0,0,0,0,0,0,0,0.0,3,18,11,0.0,10,4,4,18,20,1,2,87,53,34,60.9,2,12,0,0,0,241,114,45,75,10088,1686,479,7651,PIT,Metropolitan,Eastern
2025-2026,20251121,30,UTA,5234,Andrew Agozzino,ASSIGNED_TO_MINORS,34.0,"5'10""",187.0,Canada,"Kleinburg, ON",False,LW,2,0,0,0,0.0,0.0,0.0,0.0,2.6,0.0,0,0,0,0,0,0,0,0,0,0,0,0,0,0.0,0,1,0,0.0,1,0,1,4,1,1,1,7,3,4,42.9,0,0,1,2,0,20,12,4,4,736,91,0,645,UTA,Central,Western
2025-2026,20251121,22,COL,28441,Jack Ahcan,ASSIGNED_TO_MINORS,28.0,"5'8""",185.0,USA,"Savage, MN",True,D,6,0,1,1,0.33,0.17,0.0,0.17,5.8,0.0,0,0,0,0,0,0,0,0,0,0,0,0,0,0.0,4,8,2,0.0,4,4,2,5,8,2,0,0,0,0,0.0,0,0,0,0,0,92,63,13,16,4088,487,254,3347,COL,Central,Western
2025-2026,20251121,3,CAR,5630,Sebastian Aho,ROSTER,28.0,"6'0""",176.0,Finland,Rauma,False,C,20,8,11,19,2.75,0.55,0.4,0.95,15.3,6.6,2,1,3,4,0,0,0,1,0,1,0,0,0,0.0,6,103,55,14.5,7,17,31,21,13,27,10,329,155,174,47.1,2,4,5,10,0,458,206,82,178,24120,4725,1609,17786,CAR,Metropolitan,Eastern
2025-2026,20251121,13,OTT,12009,Michael Amadio,ROSTER,29.0,"6'1""",204.0,Canada,"Sault Ste. Marie, ON",False,RW,20,6,3,9,1.1,0.15,0.3,0.45,26.5,3.3,2,0,0,0,0,0,0,0,0,0,0,0,0,0.0,1,45,22,27.3,14,9,14,32,24,17,11,6,3,3,50.0,1,2,3,6,0,431,208,108,121,18034,3137,1659,13238,OTT,Atlantic,Eastern
2025-2026,20251121,21,VAN,39762,Nils Aman,ASSIGNED_TO_MINORS,25.0,"6'2""",179.0,Sweden,Avesta,True,C,2,0,0,0,0.5,0.0,0.0,0.0,1.8,0.0,0,0,0,0,0,0,0,0,0,0,0,0,0,0.0,0,3,1,0.0,1,2,0,2,1,1,0,2,1,1,50.0,0,0,0,0,0,23,19,1,3,1039,48,31,960,VAN,Pacific,Western
2025-2026,20251121,14,MTL,5513,Josh Anderson,ROSTER,31.0,"6'3""",227.0,Canada,"Burlington, ON",False,RW,20,3,3,6,1.0,0.15,0.15,0.3,26.9,23.0,1,0,0,0,0,1,1,0,0,0,0,0,0,0.0,-10,39,20,15.0,14,7,12,33,9,8,1,11,9,2,81.8,7,14,9,18,0,374,180,99,98,17831,3053,1698,13080,MTL,Atlantic,Eastern
2025-2026,20251121,28,LAK,18073,Michael Anderson,ROSTER,26.0,"5'11""",194.0,USA,"Roseville, MN",False,D,21,1,4,5,0.48,0.19,0.05,0.24,40.4,3.3,0,0,0,0,0,0,0,0,0,0,0,0,0,0.0,5,41,10,10.0,32,22,9,25,36,15,3,0,0,0,0.0,1,2,6,12,0,495,287,100,109,24666,3477,1617,19572,LAK,Pacific,Western
2025-2026,20251121,23,CGY,5647,Rasmus Andersson,ROSTER,29.0,"6'1""",214.0,Sweden,Malmö,False,D,22,5,7,12,2.36,0.32,0.23,0.55,41.6,29.5,1,1,2,3,0,0,0,0,0,0,2,0,0,0.0,0,116,52,9.6,39,36,28,12,36,35,3,0,0,0,0.0,9,18,8,16,0,748,325,164,264,32029,4654,2064,25311,CGY,Pacific,Western
2025-2026,20251121,6,PHI,38011,Emil Andrae,ROSTER,23.0,"5'8""",181.0,Sweden,Västervik,True,D,9,0,3,3,1.0,0.33,0.0,0.33,8.4,6.6,0,0,0,0,0,0,0,0,0,0,0,0,0,0.0,4,18,9,0.0,5,6,3,9,25,6,2,0,0,0,0.0,2,4,0,0,0,177,138,15,24,7840,712,189,6987,PHI,Metropolitan,Eastern
2025-2026,20251121,16,DET,5763,Mason Appleton,ROSTER,29.0,"6'2""",193.0,USA,"Green Bay, WI",False,C,21,3,5,8,1.19,0.24,0.14,0.38,19.9,23.5,1,0,0,0,0,0,0,1,0,0,0,0,0,0.0,-4,40,25,12.0,11,7,8,23,18,14,0,5,2,3,40.0,3,22,3,6,0,405,211,56,141,17511,2539,707,14265,DET,Atlantic,Eastern
2025-2026,20251121,28,LAK,5505,Joel Armia,ROSTER,32.0,"6'4""",218.0,Finland,Pori,False,RW,21,4,5,9,1.19,0.24,0.19,0.43,17.2,19.7,1,0,0,0,1,0,1,0,0,0,1,0,0,0.0,2,55,25,16.0,9,15,15,21,18,15,6,7,3,4,42.9,6,12,2,4,0,388,172,115,105,17435,3135,2089,12211,LAK,Pacific,Western
2025-2026,20251121,11,BOS,5538,Viktor Arvidsson,ROSTER,32.0,"5'9""",180.0,Sweden,Skellefteå,False,LW,20,6,4,10,2.6,0.2,0.3,0.5,13.6,9.8,2,1,1,2,0,0,0,2,0,0,0,0,0,0.0,1,101,52,11.5,11,25,24,8,32,17,5,9,6,3,66.7,3,6,7,14,0,358,182,94,89,17451,3707,857,12887,BOS,Atlantic,Eastern
2025-2026,20251121,11,BOS,15191,Jonathan Aspirot,ROSTER,26.0,"6'0""",209.0,Canada,"Mascouche, QC",False,D,9,0,0,0,0.67,0.0,0.0,0.0,21.5,0.0,0,0,0,0,0,0,0,0,0,0,0,0,0,0.0,2,14,6,0.0,14,6,2,20,20,14,0,0,0,0,0.0,0,0,0,0,0,184,121,36,27,8069,1060,688,6321,BOS,Atlantic,Eastern
2025-2026,20251121,19,CBJ,12287,Zach Aston-Reese,ROSTER,31.0,"6'0""",204.0,USA,"Staten Island, NY",False,LW,13,0,3,3,0.85,0.23,0.0,0.23,18.9,6.6,0,0,0,0,0,0,0,0,0,0,0,0,0,0.0,0,18,11,0.0,5,0,7,34,10,6,1,14,2,12,14.3,2,4,3,6,0,194,106,33,52,8063,1286,428,6214,CBJ,Metropolitan,Eastern
2025-2026,20251121,27,DAL,34436,Oskar Back,ROSTER,25.0,"6'3""",200.0,Sweden,Karlstad,True,C,11,1,2,3,0.45,0.18,0.09,0.27,6.8,0.0,0,0,0,0,0,0,0,0,0,0,0,0,0,0.0,3,11,5,20.0,5,3,3,5,19,7,2,10,6,4,60.0,0,0,4,10,0,188,109,38,40,8451,1629,101,6624,DAL,Central,Western
2025-2026,20251121,23,CGY,4609,Mikael Backlund,ROSTER,36.0,"6'0""",200.0,Sweden,Vasteras,False,C,22,4,7,11,2.36,0.32,0.18,0.5,10.9,6.6,1,0,0,0,0,1,1,0,0,0,0,0,0,0.0,3,88,52,7.7,5,19,17,15,14,18,8,395,207,188,52.4,2,4,4,8,0,519,261,125,137,21887,5879,1041,14967,CGY,Pacific,Western
2025-2026,20251121,23,CGY,14578,Kevin Bahl,ROSTER,25.0,"6'6""",216.0,Canada,"New Westminster, BC",True,D,21,2,3,5,0.86,0.14,0.1,0.24,37.0,26.2,0,0,0,0,0,0,0,1,0,0,0,0,0,0.0,9,47,18,11.1,31,18,11,19,23,28,14,0,0,0,0.0,8,16,3,6,0,643,406,129,110,26660,2035,1409,23216,CGY,Pacific,Western
2025-2026,20251121,21,VAN,38470,Arshdeep Bains,ROSTER,24.0,"6'0""",185.0,Canada,"Surrey, BC",True,LW,18,0,3,3,0.72,0.17,0.0,0.17,9.9,13.1,0,0,1,1,0,0,0,0,0,0,0,0,0,0.0,-2,19,13,0.0,3,4,2,17,12,6,4,11,2,9,18.2,4,8,0,0,0,245,168,23,54,10281,711,92,9479,VAN,Pacific,Western
2025-2026,20251121,4,FLO,120218,Uvis Balinskis,ROSTER,29.0,"6'0""",187.0,Latvia,Ventspils,True,D,11,0,1,1,0.55,0.09,0.0,0.09,13.3,6.6,0,0,0,0,0,0,0,0,0,0,0,0,0,0.0,0,17,6,0.0,8,8,3,14,12,6,6,0,0,0,0.0,2,4,2,4,0,200,161,16,23,8771,1302,126,7343,FLA,,
2025-2026,20251121,142,VGK,11708,Ivan Barbashev,ROSTER,29.0,"6'0""",187.0,Russia,Moscow,False,LW,20,7,10,17,1.4,0.5,0.35,0.85,18.6,3.3,2,0,1,1,0,0,0,1,0,0,0,0,0,0.0,5,55,28,25.0,7,10,17,29,22,21,4,7,1,6,14.3,1,2,4,8,0,387,189,125,80,19057,4311,1254,13511,VGK,Pacific,Western
2025-2026,20251121,22,COL,56519,Zakhar Bardakov,ROSTER,24.0,"6'2""",198.0,Russia,Seversk,False,C,15,1,3,4,0.67,0.2,0.07,0.27,7.8,0.0,0,0,0,0,0,0,0,0,0,0,0,0,0,0.0,3,20,10,10.0,3,4,6,12,7,9,2,73,31,42,42.5,0,0,3,6,0,144,92,16,37,5750,519,186,5045,COL,Central,Western
2025-2026,20251121,18,NSH,30074,Justin Barron,ROSTER,24.0,"6'2""",195.0,Canada,"Halifax, NS",True,D,19,0,4,4,0.79,0.21,0.0,0.21,26.0,9.8,0,0,0,0,0,0,0,0,0,0,0,0,0,0.0,-1,43,15,0.0,22,18,10,13,32,28,1,0,0,0,0.0,3,6,1,2,0,391,272,62,57,17253,2845,516,13892,NSH,Central,Western
2025-2026,20251121,2,WPJ,28496,Morgan Barron,ROSTER,26.0,"6'4""",220.0,Canada,"Halifax, NS",True,C,13,3,3,6,1.15,0.23,0.23,0.46,16.7,9.8,1,0,0,0,1,0,1,1,0,0,0,0,0,0.0,2,31,15,20.0,8,4,12,22,13,7,4,154,85,69,55.2,3,6,3,6,0,242,128,73,44,9826,1872,1307,6647,WPG,,
2025-2026,20251121,8,NYI,5611,Mathew Barzal,ROSTER,28.0,"6'0""",187.0,Canada,"Coquitlam, BC",False,C,20,6,10,16,2.4,0.5,0.3,0.8,17.4,23.0,2,0,3,3,0,0,0,1,0,1,0,0,0,0.0,7,85,48,12.5,15,14,23,8,12,19,7,170,60,110,35.3,7,14,3,6,0,444,227,175,49,25059,5411,5121,14527,NYI,Metropolitan,Eastern
2025-2026,20251121,27,DAL,15468,Nathan Bastian,ROSTER,27.0,"6'4""",205.0,Canada,"Kitchener, ON",False,RW,15,1,0,1,0.6,0.0,0.07,0.07,18.3,13.1,0,0,0,0,0,0,0,0,0,0,0,0,0,0.0,2,14,9,11.1,4,4,1,35,15,1,0,0,0,0,0.0,4,8,1,2,0,170,115,30,26,7081,1525,636,4920,DAL,Central,Western
2025-2026,20251121,13,OTT,15394,Drake Batherson,ROSTER,27.0,"6'3""",203.0,USA,"Fort Wayne, IN",False,RW,17,7,12,19,2.06,0.71,0.41,1.12,17.7,9.8,2,2,3,5,0,0,0,2,0,0,2,1,1,50.0,6,64,35,20.0,6,12,17,29,12,11,8,1,1,0,100.0,3,6,6,12,0,410,205,64,149,17987,3097,813,14233,OTT,Atlantic,Eastern
2025-2026,20251121,23,CGY,9639,Jake Bean,ROSTER,27.0,"6'1""",186.0,Canada,"Calgary, AB",False,D,13,1,1,2,1.15,0.08,0.08,0.15,24.7,19.9,0,0,0,0,0,0,0,0,0,0,0,0,0,0.0,-7,38,15,6.7,25,17,6,3,13,13,5,0,0,0,0.0,4,16,0,0,0,316,206,31,80,12810,948,579,11283,CGY,Pacific,Western
2025-2026,20251121,5,WSH,5623,Anthony Beauvillier,ROSTER,28.0,"5'11""",182.0,Canada,"Sorel-Tracy, QC",False,LW,21,4,2,6,2.19,0.1,0.19,0.29,17.7,6.6,1,0,0,0,0,0,0,2,0,0,2,0,0,0.0,7,77,46,8.7,6,16,15,29,25,13,4,6,3,3,50.0,2,4,1,2,0,397,223,96,79,18616,2676,1941,13858,WSH,Metropolitan,Eastern
2025-2026,20251121,14,MTL,53067,Owen Beck,ASSIGNED_TO_MINORS,21.0,"6'0""",191.0,Canada,"Peterborough, ON",True,C,2,0,0,0,0.5,0.0,0.0,0.0,0.9,0.0,0,0,0,0,0,0,0,0,0,0,0,0,0,0.0,-1,4,1,0.0,1,1,2,0,3,0,0,12,7,5,58.3,0,0,0,0,0,24,20,3,1,1003,346,8,649,MTL,Atlantic,Eastern
2025-2026,20251121,20,CHI,111625,Connor Bedard,ROSTER,20.0,"5'10""",185.0,Canada,"North Vancouver, BC",True,C,20,13,16,29,3.5,0.8,0.65,1.45,10.0,34.4,4,4,5,9,0,0,0,2,0,0,1,0,0,0.0,8,129,70,18.6,8,22,37,6,28,24,9,181,88,93,48.6,11,20,7,16,0,469,369,55,53,25345,3899,276,20869,CHI,Central,Western
2025-2026,20251121,11,BOS,38020,John Beecher,ROSTER,24.0,"6'3""",210.0,USA,"Elmira, NY",True,C,6,1,0,1,1.0,0.0,0.17,0.17,6.7,0.0,0,0,0,0,0,0,0,0,0,0,0,0,0,0.0,-1,10,6,16.7,4,3,1,7,5,1,0,3,0,3,0.0,0,0,0,0,0,90,59,18,14,3746,782,216,2748,BOS,Atlantic,Eastern
2025-2026,20251121,11,BOS,38020,John Beecher,ROSTER,24.0,"6'3""",210.0,USA,"Elmira, NY",True,C,6,1,0,1,1.0,0.0,0.17,0.17,6.7,0.0,0,0,0,0,0,0,0,0,0,0,0,0,0,0.0,-1,10,6,16.7,4,3,1,7,5,1,0,3,0,3,0.0,0,0,0,0,0,90,59,18,14,3746,782,216,2748,BOS,Atlantic,Eastern
2025-2026,20251121,23,CGY,38020,John Beecher,ROSTER,24.0,"6'3""",210.0,USA,"Elmira, NY",True,C,1,0,0,0,2.0,0.0,0.0,0.0,1.4,0.0,0,0,0,0,0,0,0,0,0,0,0,0,0,0.0,0,3,2,0.0,1,1,0,1,0,0,0,1,0,1,0.0,0,0,0,0,0,17,8,3,6,767,130,47,590,CGY,Pacific,Western
2025-2026,20251121,23,CGY,38020,John Beecher,ROSTER,24.0,"6'3""",210.0,USA,"Elmira, NY",True,C,1,0,0,0,2.0,0.0,0.0,0.0,1.4,0.0,0,0,0,0,0,0,0,0,0,0,0,0,0,0.0,0,3,2,0.0,1,1,0,1,0,0,0,1,0,1,0.0,0,0,0,0,0,17,8,3,6,767,130,47,590,CGY,Pacific,Western
2025-2026,20251121,143,SEA,37968,Matty Beniers,ROSTER,23.0,"6'2""",175.0,USA,"Hingham, MA",True,C,20,2,11,13,1.45,0.55,0.1,0.65,18.9,9.8,0,2,2,4,0,0,0,1,0,0,0,0,0,0.0,3,85,29,6.9,17,20,36,7,32,23,2,277,129,148,46.6,3,6,7,14,0,481,295,107,73,24707,4758,1049,18619,SEA,Pacific,Western
2025-2026,20251121,27,DAL,4707,Jamie Benn,ROSTER,36.0,"6'2""",210.0,Canada,"Victoria, BC",False,LW,2,0,1,1,1.5,0.5,0.0,0.5,2.5,3.3,0,0,0,0,0,0,0,0,0,0,0,0,0,0.0,0,3,3,0.0,0,0,0,6,2,2,0,10,5,5,50.0,1,2,0,0,0,37,17,12,8,1312,428,36,848,DAL,Central,Western
2025-2026,20251121,4,FLO,5415,Sam Bennett,ROSTER,29.0,"6'1""",195.0,Canada,"Holland Landing, ON",False,C,20,4,3,7,1.95,0.15,0.2,0.35,22.8,39.4,1,1,1,2,0,0,0,1,0,0,0,0,0,0.0,-7,91,39,10.3,7,24,28,39,10,18,6,258,132,126,51.2,12,24,5,10,0,424,198,145,84,20125,4109,2754,13262,FLA,,
2025-2026,20251121,12,TOR,15129,Simon Benoit,ROSTER,27.0,"6'3""",208.0,Canada,"Laval, QC",False,D,20,0,2,2,0.7,0.1,0.0,0.1,50.9,30.5,0,0,0,0,0,0,0,0,0,0,0,0,0,0.0,-2,42,14,0.0,33,22,6,48,36,20,5,0,0,0,0.0,7,17,5,13,1,523,335,102,86,21082,3234,2030,15818,TOR,Atlantic,Eastern
2025-2026,20251121,15,BUF,111755,Zach Benson,INJURY_LIST,20.0,"5'10""",159.0,Canada,"Langley, BC",True,LW,8,0,8,8,2.0,1.0,0.0,1.0,7.3,9.8,0,0,3,3,0,1,1,0,0,0,0,0,0,0.0,3,24,16,0.0,6,4,4,4,12,7,5,3,2,1,66.7,3,6,1,2,0,185,150,23,12,9137,2505,424,6208,BUF,Atlantic,Eastern
2025-2026,20251121,16,DET,14556,Jonatan Berggren,ROSTER,25.0,"5'10""",183.0,Sweden,Uppsala,True,RW,12,2,4,6,1.58,0.33,0.17,0.5,6.1,9.8,0,1,0,1,0,0,0,0,0,0,0,0,0,0.0,-3,38,19,10.5,3,13,6,8,12,12,1,0,0,0,0.0,3,6,4,8,0,203,111,56,38,8995,1585,1049,6361,DET,Atlantic,Eastern
2025-2026,20251121,16,DET,14549,Jacob Bernard-Docker,ROSTER,25.0,"6'1""",190.0,Canada,"Canmore, AB",False,D,10,0,1,1,1.0,0.1,0.0,0.1,9.4,3.3,0,0,0,0,0,0,0,0,0,0,0,0,0,0.0,4,25,10,0.0,6,11,4,9,25,8,3,0,0,0,0.0,1,2,1,2,0,181,105,26,50,7776,673,335,6768,DET,Atlantic,Eastern
2025-2026,20251121,20,CHI,10178,Tyler Bertuzzi,ROSTER,30.0,"6'1""",199.0,Canada,"Sudbury, ON",False,LW,17,10,7,17,2.18,0.41,0.59,1.0,8.0,29.8,3,5,4,9,0,0,0,1,0,0,0,0,0,0.0,1,61,37,27.0,1,9,15,17,20,15,4,38,20,18,52.6,7,22,9,18,0,359,182,108,74,18113,4984,1761,11143,CHI,Central,Western
2025-2026,20251121,27,DAL,56392,Lian Bichsel,ROSTER,21.0,"6'6""",225.0,Switzerland,Wolfwil,False,D,21,1,2,3,0.43,0.1,0.05,0.14,51.5,29.5,0,0,0,0,0,0,0,0,0,0,0,0,0,0.0,7,28,9,11.1,22,14,5,74,60,19,1,0,0,0,0.0,9,18,5,10,0,394,309,35,50,19269,3427,468,15310,DAL,Central,Western
2025-2026,20251121,1,TBL,8913,Oliver Bjorkstrand,ROSTER,30.0,"6'0""",177.0,Denmark,Herning,False,RW,20,1,6,7,1.7,0.3,0.05,0.35,18.8,3.3,0,1,2,3,0,0,0,0,0,0,0,0,0,0.0,-3,84,34,2.9,12,24,26,18,28,16,3,9,4,5,44.4,1,2,1,2,0,353,159,127,68,17508,4298,2226,10984,TBL,Atlantic,Eastern
2025-2026,20251121,17,STL,5201,Nick Bjugstad,ROSTER,33.0,"6'6""",215.0,USA,"Minneapolis, MN",False,C,18,4,1,5,1.72,0.06,0.22,0.28,26.9,16.4,1,0,0,0,0,0,0,0,0,0,0,0,0,0.0,-1,49,31,12.9,14,7,11,33,5,3,2,112,55,57,49.1,5,10,4,8,0,295,151,77,71,12136,2510,1007,8619,STL,Central,Western
2025-2026,20251121,27,DAL,15469,Colin Blackwell,ROSTER,32.0,"5'9""",190.0,USA,"North Andover, MA",False,C,21,2,3,5,0.67,0.14,0.1,0.24,22.2,16.4,0,0,0,0,0,0,0,1,0,0,0,0,0,0.0,1,33,14,14.3,9,9,10,33,20,14,1,74,25,49,33.8,5,10,2,4,0,338,168,95,75,14711,3419,1058,10142,DAL,Central,Western
2025-2026,20251121,12,TOR,11712,Sammy Blais,ROSTER,29.0,"6'2""",205.0,Canada,"Montmagny, QC",False,LW,7,1,2,3,1.0,0.29,0.14,0.43,15.0,6.6,0,0,0,0,0,0,0,0,0,0,0,0,0,0.0,-1,9,7,14.3,4,1,1,27,5,2,1,0,0,0,0.0,2,4,1,2,0,83,53,26,5,3398,723,548,2127,TOR,Atlantic,Eastern
2025-2026,20251121,3,CAR,56345,Jackson Blake,ROSTER,22.0,"5'10""",158.0,USA,"Eden Prairie, MN",False,RW,20,6,9,15,2.45,0.45,0.3,0.75,8.8,23.0,2,0,2,2,0,0,0,0,0,0,1,0,0,0.0,5,91,49,12.2,8,12,30,3,32,25,8,2,0,2,0.0,7,14,9,18,0,372,274,63,41,19506,4126,1059,14321,CAR,Metropolitan,Eastern
2025-2026,20251121,18,NSH,39055,Nick Blankenburg,ROSTER,27.0,"5'9""",175.0,USA,"Washington, MI",True,D,10,1,5,6,1.7,0.5,0.1,0.6,12.6,0.0,0,1,1,2,0,0,0,0,0,0,0,0,0,0.0,-5,43,17,5.9,9,18,8,10,18,11,2,0,0,0,0.0,0,0,1,2,0,231,186,19,28,11976,2649,156,9172,NSH,Central,Western
2025-2026,20251121,21,VAN,15472,Theodor Blueger,ROSTER,31.0,"6'0""",185.0,Latvia,Riga,False,C,2,1,0,1,1.0,0.0,0.5,0.5,4.1,0.0,0,0,0,0,0,0,0,1,0,0,0,0,0,0.0,0,2,2,50.0,3,0,0,3,0,1,0,26,9,17,34.6,0,0,0,0,0,44,21,8,16,1899,363,216,1320,VAN,Pacific,Western
2025-2026,20251121,11,BOS,39748,Matěj Blümel,ROSTER,25.0,"6'0""",198.0,Czech Republic,Tabor,True,RW,2,0,0,0,1.5,0.0,0.0,0.0,1.4,0.0,0,0,0,0,0,0,0,0,0,0,0,0,0,0.0,-1,6,3,0.0,1,2,1,1,2,1,0,1,0,1,0.0,0,0,0,0,0,31,18,7,6,1567,355,133,1079,BOS,Atlantic,Eastern
2025-2026,20251121,21,VAN,5618,Brock Boeser,ROSTER,28.0,"6'1""",208.0,USA,"Burnsville, MN",False,RW,20,8,6,14,2.35,0.3,0.4,0.7,10.6,0.0,2,1,4,5,0,0,0,2,0,1,1,0,1,100.0,-6,82,47,17.0,6,15,20,12,7,12,4,41,19,22,46.3,0,0,1,2,0,415,191,81,152,22225,4495,1164,16577,VAN,Pacific,Western
2025-2026,20251121,25,MIN,4480,Zach Bogosian,ROSTER,35.0,"6'3""",226.0,USA,"Massena, NY",False,D,5,0,0,0,1.0,0.0,0.0,0.0,10.9,0.0,0,0,0,0,0,0,0,0,0,0,0,0,0,0.0,3,7,5,0.0,9,1,1,6,4,2,1,0,0,0,0.0,0,0,1,2,0,79,49,9,21,4163,911,58,3194,MIN,Central,Western
2025-2026,20251121,14,MTL,33083,Zachary Bolduc,ROSTER,22.0,"6'1""",175.0,Canada,"Trois-Rivière, QC",True,RW,20,4,3,7,1.4,0.15,0.2,0.35,24.7,16.4,1,2,1,3,0,0,0,0,0,0,0,0,0,0.0,-4,60,28,14.3,9,15,17,39,28,19,2,14,9,5,64.3,5,10,6,12,0,330,229,53,52,16438,2877,454,13107,MTL,Atlantic,Eastern
2025-2026,20251121,25,MIN,30015,Matthew Boldy,ROSTER,24.0,"6'2""",196.0,USA,"Milford, MA",True,LW,21,11,11,22,3.33,0.52,0.52,1.05,18.5,16.4,3,5,5,10,1,0,1,1,0,0,2,0,1,50.0,0,153,70,15.7,14,39,44,13,23,26,5,32,13,19,40.6,5,10,8,16,0,437,255,121,72,26855,7223,1543,18109,MIN,Central,Western
2025-2026,20251121,8,NYI,14531,Adam Boqvist,ROSTER,25.0,"5'11""",179.0,Sweden,Falun,False,D,7,0,1,1,0.29,0.14,0.0,0.14,5.5,3.3,0,0,0,0,0,0,0,0,0,0,0,0,0,0.0,2,10,2,0.0,5,7,1,2,4,4,1,0,0,0,0.0,1,2,0,0,0,124,83,27,14,5537,730,578,4229,NYI,Metropolitan,Eastern
2025-2026,20251121,4,FLO,17176,Jesper Boqvist,ROSTER,27.0,"6'0""",180.0,Sweden,Falun,False,C,20,2,2,4,0.95,0.1,0.1,0.2,30.1,9.8,0,0,0,0,0,0,0,1,0,0,0,0,0,0.0,3,40,19,10.5,9,8,13,52,19,14,0,34,13,21,38.2,3,6,4,8,0,354,196,87,73,14339,2098,1050,11191,FLA,,
2025-2026,20251121,9,NYR,15692,William Borgen,ROSTER,28.0,"6'3""",196.0,USA,"Moorhead, MN",False,D,19,1,2,3,0.84,0.11,0.05,0.16,33.3,13.1,0,0,0,0,0,0,0,1,0,0,0,0,0,0.0,5,47,16,6.2,24,20,11,26,36,14,6,0,0,0,0.0,4,8,2,4,0,481,270,88,110,21233,2111,1322,17013,NYR,Metropolitan,Eastern
2025-2026,20251121,24,EDM,14533,Evan Bouchard,ROSTER,26.0,"6'3""",194.0,Canada,"Oakville, ON",False,D,23,3,14,17,2.83,0.61,0.13,0.74,31.9,16.4,1,1,4,5,0,0,0,1,0,1,1,0,0,0.0,-5,137,65,4.6,30,48,24,9,23,36,16,0,0,0,0.0,5,10,5,10,0,577,325,154,88,33001,7269,2988,22114,EDM,Pacific,Western
2025-2026,20251121,27,DAL,34435,Mavrik Bourque,ROSTER,23.0,"5'10""",178.0,Canada,"Plessisville, QC",True,C,21,3,4,7,1.52,0.19,0.14,0.33,13.5,6.6,1,0,2,2,0,0,0,0,0,0,0,0,0,0.0,-5,54,32,9.4,10,7,15,10,21,7,2,32,13,19,40.6,2,4,4,8,0,383,249,69,67,17844,3030,717,14047,DAL,Central,Western
2025-2026,20251121,142,VGK,184007,Braeden Bowman,ROSTER,22.0,"6'1""",205.0,Canada,"Kitchener, ON",True,RW,5,3,1,4,2.2,0.2,0.6,0.8,3.2,6.6,1,2,0,2,0,0,0,1,0,0,0,0,0,0.0,-1,21,11,27.3,3,5,5,1,4,0,0,0,0,0,0.0,2,4,0,0,0,97,85,15,0,5065,927,369,3769,VGK,Pacific,Western
2025-2026,20251121,16,DET,142440,Michael Brandsegg-Nygård,ASSIGNED_TO_MINORS,,,,,,False,RW,9,0,1,1,1.56,0.11,0.0,0.11,14.5,3.3,0,0,0,0,0,0,0,0,0,0,0,0,0,0.0,-5,35,14,0.0,3,13,8,28,17,10,2,0,0,0,0.0,1,2,1,2,0,158,132,24,2,6723,821,31,5871,DET,Atlantic,Eastern
2025-2026,20251121,7,NJD,13722,Jesper Bratt,ROSTER,27.0,"5'10""",175.0,Sweden,Stockholm,False,LW,20,5,13,18,2.2,0.65,0.25,0.9,16.1,9.8,1,1,4,5,1,0,1,2,0,1,2,0,2,100.0,-1,81,44,11.4,7,17,20,23,15,21,11,0,0,0,0.0,3,6,3,6,0,450,239,95,121,21817,3912,1223,16725,NJD,Metropolitan,Eastern
2025-2026,20251121,10,PIT,53189,Justin Brazeau,ROSTER,27.0,"6'5""",220.0,Canada,"New Liskeard, ON",True,RW,12,6,6,12,1.83,0.5,0.5,1.0,18.3,0.0,2,1,1,2,0,0,0,2,0,0,0,0,0,0.0,3,33,22,27.3,12,4,10,17,11,13,1,0,0,0,0.0,0,0,1,2,0,212,127,72,12,9702,1946,1616,5862,PIT,Metropolitan,Eastern
2025-2026,20251121,22,COL,133825,Gavin Brindley,ROSTER,21.0,"5'9""",175.0,USA,"Fort Myers, FL",True,C,18,4,3,7,1.22,0.17,0.22,0.39,11.7,9.8,1,0,0,0,0,0,0,2,0,1,0,0,0,0.0,3,40,22,18.2,4,8,10,19,25,7,3,7,2,5,28.6,3,6,5,10,0,241,181,43,21,10034,1677,173,8184,COL,Central,Western
2025-2026,20251121,6,PHI,38019,Bobby Brink,ROSTER,24.0,"5'8""",165.0,USA,"Minnetonka, MN",True,RW,19,5,4,9,1.84,0.21,0.26,0.47,17.8,19.7,1,2,2,4,0,0,0,0,0,0,2,0,1,50.0,-5,59,35,14.3,7,12,12,27,16,8,1,19,5,14,26.3,6,12,7,14,0,394,236,76,88,18770,3018,723,15423,PHI,Metropolitan,Eastern
2025-2026,20251121,17,STL,17150,Philip Broberg,ROSTER,24.0,"6'3""",200.0,Sweden,Orebro,True,D,21,2,5,7,1.43,0.24,0.1,0.33,31.5,3.3,0,0,0,0,0,0,0,0,0,0,0,0,0,0.0,-3,75,30,6.7,30,30,15,8,38,30,5,0,0,0,0.0,1,2,5,10,0,596,368,113,117,29084,4365,1405,23314,STL,Central,Western
2025-2026,20251121,25,MIN,5123,Jonas Brodin,ROSTER,32.0,"6'1""",194.0,Sweden,Karlstad,False,D,20,2,3,5,0.9,0.15,0.1,0.25,38.1,6.6,0,0,0,0,0,0,0,0,0,0,0,0,0,0.0,2,51,18,11.1,38,23,10,6,32,20,3,0,0,0,0.0,2,4,3,6,0,503,279,108,118,26227,4771,2176,19280,MIN,Central,Western
2025-2026,20251121,9,NYR,11807,Jonny Brodzinski,ROSTER,32.0,"6'1""",215.0,USA,"Ham Lake, MN",False,C,11,2,1,3,0.91,0.09,0.18,0.27,2.3,3.3,0,0,0,0,0,0,0,0,0,0,0,0,0,0.0,2,32,10,20.0,2,10,12,1,9,5,4,9,5,4,55.6,1,2,3,6,0,176,93,40,39,7317,1188,560,5354,NYR,Metropolitan,Eastern
2025-2026,20251121,7,NJD,8916,Connor Brown,ROSTER,31.0,"6'0""",186.0,Canada,"Etobicoke, ON",False,RW,13,5,1,6,1.46,0.08,0.38,0.46,12.7,3.3,1,0,0,0,1,0,1,0,0,0,0,0,0,0.0,-1,29,19,26.3,10,2,8,8,10,9,3,7,3,4,42.9,1,2,0,0,0,253,126,66,66,12323,1634,1357,9332,NJD,Metropolitan,Eastern
2025-2026,20251121,10,PIT,142708,Harrison Brunicke,ROSTER,,,,,,False,D,9,1,0,1,0.89,0.0,0.11,0.11,13.9,9.8,0,0,0,0,0,0,0,0,0,0,0,0,0,0.0,-4,22,8,12.5,13,7,7,4,18,14,1,0,0,0,0.0,3,6,2,4,0,171,135,14,19,8486,830,167,7234,PIT,Metropolitan,Eastern
2025-2026,20251121,15,BUF,17925,Jacob Bryson,ROSTER,28.0,"5'9""",185.0,Canada,"London, ON",False,D,10,0,1,1,0.1,0.1,0.0,0.1,6.5,6.6,0,0,0,0,0,0,0,0,0,0,0,0,0,0.0,-2,11,1,0.0,6,7,3,2,11,6,2,0,0,0,0.0,2,4,0,0,0,162,80,14,68,6437,684,147,5606,BUF,Atlantic,Eastern
2025-2026,20251121,17,STL,10075,Pavel Buchnevich,ROSTER,30.0,"6'3""",197.0,Russia,Cherepovets,False,LW,21,2,5,7,1.76,0.24,0.1,0.33,12.4,11.4,0,2,2,4,0,0,0,0,0,0,0,0,0,0.0,-12,74,37,5.4,7,17,20,14,14,21,5,12,4,8,33.3,4,6,5,10,0,486,234,157,97,22838,4171,2291,16376,STL,Central,Western
2025-2026,20251121,25,MIN,142488,Zeev Buium,ROSTER,,,,,,False,D,21,3,7,10,1.24,0.33,0.14,0.48,13.3,6.6,1,2,5,7,0,0,0,0,0,0,0,0,0,0.0,-10,59,26,11.5,12,20,13,5,29,24,3,0,0,0,0.0,2,4,3,6,0,404,334,55,17,23829,5310,474,18045,MIN,Central,Western
2025-2026,20251121,18,NSH,15430,Michael Bunting,ROSTER,30.0,"5'11""",197.0,Canada,"Toronto, ON",True,LW,20,4,6,10,1.15,0.3,0.2,0.5,8.5,9.8,1,0,3,3,0,0,0,0,0,0,1,1,0,0.0,-6,63,23,17.4,6,12,28,7,16,18,1,10,3,7,30.0,3,6,7,14,0,358,173,123,66,17551,3493,2320,11738,NSH,Central,Western
2025-2026,20251121,20,CHI,5451,Andre Burakovsky,ROSTER,30.0,"6'3""",201.0,Austria,Klagenfurt,False,LW,18,7,8,15,1.44,0.44,0.39,0.83,10.0,9.8,2,1,4,5,0,0,0,1,0,0,0,0,0,0.0,5,59,26,26.9,8,21,12,6,23,18,10,3,0,3,0.0,3,6,1,2,0,372,199,75,101,18419,4347,652,13195,CHI,Central,Western
2025-2026,20251121,22,COL,15,Brent Burns,ROSTER,40.0,"6'5""",230.0,Canada,"Ajax, ON",False,D,20,1,9,10,2.0,0.45,0.05,0.5,28.9,19.7,0,0,1,1,0,0,0,1,0,0,0,0,0,0.0,4,96,40,2.5,29,33,23,4,16,22,4,0,0,0,0.0,6,12,0,0,0,525,280,107,139,24198,6225,1393,16580,COL,Central,Western
2025-2026,20251121,28,LAK,19049,Quinton Byfield,ROSTER,23.0,"6'4""",215.0,Canada,"Newmarket, ON",True,RW,21,4,13,17,2.57,0.62,0.19,0.81,12.7,13.1,1,1,4,5,0,1,1,2,0,1,1,0,0,0.0,3,90,54,7.4,6,17,19,17,22,21,10,307,124,183,40.4,4,8,11,22,0,490,316,64,115,25183,3282,729,21172,LAK,Pacific,Western
2025-2026,20251121,15,BUF,21814,Bowen Byram,ROSTER,24.0,"6'0""",195.0,Canada,"Cranbrook, BC",True,D,20,3,6,9,1.4,0.3,0.15,0.45,30.2,16.4,1,0,2,2,0,0,0,1,0,0,1,0,1,100.0,-7,61,28,10.7,26,12,21,14,34,23,3,0,0,0,0.0,5,10,4,8,0,548,326,87,139,26264,3245,926,22134,BUF,Atlantic,Eastern
2025-2026,20251121,11,BOS,37956,Michael Callahan,ROSTER,26.0,"6'2""",197.0,USA,"Franklin, MA",True,D,3,0,0,0,0.67,0.0,0.0,0.0,6.9,0.0,0,0,0,0,0,0,0,0,0,0,0,0,0,0.0,-2,3,2,0.0,6,0,1,3,9,3,1,0,0,0,0.0,0,0,0,0,0,70,45,18,7,2961,777,279,1905,BOS,Atlantic,Eastern
2025-2026,20251121,27,DAL,5658,Kyle Capobianco,ROSTER,28.0,"6'1""",196.0,Canada,"Mississauga, ON",False,D,6,0,0,0,0.33,0.0,0.0,0.0,2.2,3.3,0,0,0,0,0,0,0,0,0,0,0,0,0,0.0,0,8,2,0.0,1,5,1,3,4,2,1,0,0,0,0.0,1,2,1,2,0,82,52,12,16,3527,775,161,2514,DAL,Central,Western
2025-2026,20251121,30,UTA,16956,Michael Carcone,ROSTER,29.0,"5'10""",170.0,Canada,"Ajax, ON",False,LW,19,3,3,6,2.11,0.16,0.16,0.32,18.9,19.9,1,0,0,0,0,0,0,0,0,0,0,0,0,0.0,0,82,40,7.5,5,19,23,34,19,6,2,1,0,1,0.0,4,16,2,4,0,310,173,83,57,12760,2009,1116,9635,UTA,Central,Western
2025-2026,20251121,26,SJS,56619,Ethan Cardwell,ASSIGNED_TO_MINORS,23.0,"5'11""",180.0,Canada,"Courtice, ON",False,RW,4,1,0,1,0.75,0.0,0.25,0.25,1.7,3.3,0,0,0,0,0,0,0,1,0,0,0,0,0,0.0,1,11,3,33.3,0,4,4,4,5,2,1,0,0,0,0.0,1,2,0,0,0,63,48,10,6,2965,484,109,2372,SJS,Pacific,Western
2025-2026,20251121,1,TBL,38105,Declan Carlile,ROSTER,25.0,"6'1""",190.0,USA,"Hartland, MI",True,D,2,0,0,0,0.0,0.0,0.0,0.0,2.7,0.0,0,0,0,0,0,0,0,0,0,0,0,0,0,0.0,0,1,0,0.0,2,1,0,2,6,1,0,0,0,0,0.0,0,0,0,0,0,34,26,6,2,1527,344,0,1183,TBL,Atlantic,Eastern
2025-2026,20251121,12,TOR,5632,Brandon Carlo,ROSTER,28.0,"6'5""",212.0,USA,"Colorado Springs, CO",False,D,18,0,2,2,1.28,0.11,0.0,0.11,36.9,9.8,0,0,0,0,0,0,0,0,0,0,0,0,0,0.0,2,49,23,0.0,34,13,13,12,28,20,1,0,0,0,0.0,3,6,1,2,0,497,293,119,85,21664,2450,2354,16860,TOR,Atlantic,Eastern
2025-2026,20251121,5,WSH,4735,John Carlson,ROSTER,35.0,"6'3""",217.0,USA,"Natick, MA",False,D,20,4,15,19,2.1,0.75,0.2,0.95,29.6,9.8,1,0,5,5,0,0,0,0,0,0,0,0,0,0.0,6,111,42,9.5,28,40,28,8,25,36,17,0,0,0,0.0,3,6,2,4,0,478,246,112,120,27884,7643,1690,18358,WSH,Metropolitan,Eastern
2025-2026,20251121,29,ANA,111582,Leo Carlsson,ROSTER,20.0,"6'3""",198.0,Sweden,Karlstad,True,C,21,11,17,28,2.57,0.81,0.52,1.33,12.4,29.0,3,2,7,9,2,1,3,3,0,1,1,0,0,0.0,9,111,54,20.4,11,26,31,5,15,19,8,360,168,192,46.7,6,23,7,14,0,518,403,64,62,24534,5295,454,18883,ANA,Pacific,Western
2025-2026,20251121,9,NYR,5479,Sam Carrick,ROSTER,33.0,"6'0""",200.0,Canada,"Stouffville, ON",False,C,22,1,5,6,1.09,0.23,0.05,0.27,26.0,39.1,0,0,0,0,0,1,1,0,0,0,0,0,0,0.0,3,50,24,4.2,14,11,16,31,27,10,5,162,84,78,51.9,5,19,8,25,3,371,149,71,140,15659,3323,830,11024,NYR,Metropolitan,Eastern
2025-2026,20251121,14,MTL,5710,Alexandre Carrier,ROSTER,29.0,"5'11""",174.0,Canada,"Quebec City, QC",False,D,20,1,6,7,0.75,0.3,0.05,0.35,49.1,13.1,0,0,0,0,0,0,0,0,0,0,0,0,0,0.0,-9,44,15,6.7,47,16,13,12,51,19,11,0,0,0,0.0,4,8,3,6,0,445,241,76,130,22502,2865,1480,18165,MTL,Atlantic,Eastern
2025-2026,20251121,3,CAR,10174,William Carrier,ROSTER,30.0,"6'2""",218.0,Canada,"Pierrefonds, QC",False,LW,14,1,4,5,0.86,0.29,0.07,0.36,15.3,3.3,0,0,0,0,0,0,0,1,0,0,0,0,0,0.0,1,40,12,8.3,3,10,18,30,18,6,4,0,0,0,0.0,1,2,3,6,0,244,84,136,25,9344,1852,1892,5600,CAR,Metropolitan,Eastern
2025-2026,20251121,7,NJD,56518,Seamus Casey,ASSIGNED_TO_MINORS,21.0,"5'10""",173.0,USA,"Estero, FL",False,D,2,0,0,0,2.0,0.0,0.0,0.0,0.9,0.0,0,0,0,0,0,0,0,0,0,0,0,0,0,0.0,-3,8,4,0.0,1,2,2,0,7,3,2,0,0,0,0.0,0,0,0,0,0,48,37,10,1,2161,692,92,1377,NJD,Metropolitan,Eastern
2025-2026,20251121,6,PHI,38701,Noah Cates,ROSTER,26.0,"6'1""",170.0,USA,"Stillwater, MN",True,LW,19,4,6,10,1.95,0.32,0.21,0.53,19.8,9.8,1,1,4,5,0,0,0,2,0,1,0,0,0,0.0,2,62,37,10.8,14,9,16,16,16,11,4,281,117,164,41.6,3,6,5,10,0,463,194,69,204,19912,2495,308,17109,PHI,Metropolitan,Eastern
2025-2026,20251121,143,SEA,142279,Berkly Catton,ROSTER,,,,,,False,C,15,0,4,4,0.73,0.27,0.0,0.27,7.9,0.0,0,0,1,1,0,0,0,0,0,0,0,0,0,0.0,1,22,11,0.0,8,3,8,1,24,7,2,22,10,12,45.5,0,0,3,6,0,246,222,20,3,10749,1538,217,8944,SEA,Pacific,Western
2025-2026,20251121,14,MTL,19047,Cole Caufield,ROSTER,24.0,"5'7""",174.0,USA,"Mosinee, WI",True,RW,20,13,8,21,2.75,0.4,0.65,1.05,11.8,13.1,4,1,5,6,0,0,0,3,0,3,2,0,1,50.0,8,104,55,23.6,5,19,30,17,12,16,8,5,2,3,40.0,4,8,6,12,0,422,232,87,117,22189,3548,740,17945,MTL,Atlantic,Eastern
2025-2026,20251121,28,LAK,5307,Cody Ceci,ROSTER,31.0,"6'2""",210.0,Canada,"Ottawa, ON",False,D,21,1,5,6,0.9,0.24,0.05,0.29,27.6,6.6,0,0,0,0,0,1,1,0,0,0,0,0,0,0.0,-5,52,19,5.3,25,25,8,10,32,19,5,0,0,0,0.0,2,4,0,0,0,443,243,84,118,22183,2507,2056,17622,LAK,Pacific,Western
2025-2026,20251121,26,SJS,134157,Macklin Celebrini,ROSTER,19.0,"6'0""",190.0,Canada,"North Vancouver, BC",True,C,21,13,18,31,2.86,0.86,0.62,1.48,18.5,19.7,4,3,7,10,0,0,0,2,0,2,2,0,0,0.0,4,116,60,21.7,14,31,25,13,29,32,10,334,166,168,49.7,6,12,13,28,0,456,375,42,52,25830,5185,958,19687,SJS,Pacific,Western
2025-2026,20251121,1,TBL,14454,Erik Cernak,ROSTER,28.0,"6'3""",233.0,Slovakia,Kosice,False,D,18,0,3,3,0.67,0.17,0.0,0.17,53.8,35.5,0,0,0,0,0,0,0,0,0,0,0,0,0,0.0,-1,35,12,0.0,40,14,9,39,24,16,4,0,0,0,0.0,8,21,2,7,1,472,231,140,102,20621,2974,1402,16173,TBL,Atlantic,Eastern
2025-2026,20251121,13,OTT,5613,Thomas Chabot,ROSTER,28.0,"6'2""",196.0,Canada,"Ste-Marie-de-Beauce, QC",False,D,17,2,8,10,1.12,0.47,0.12,0.59,37.4,14.8,0,1,3,4,0,1,1,0,0,0,0,0,0,0.0,6,66,19,10.5,35,27,20,11,20,12,6,0,0,0,0.0,4,10,1,2,0,462,258,100,106,22370,3533,1842,16995,OTT,Atlantic,Eastern
2025-2026,20251121,1,TBL,28436,Mitchell Chaffee,ASSIGNED_TO_MINORS,27.0,"6'0""",207.0,USA,"Rockford, MI",True,RW,7,0,0,0,1.14,0.0,0.0,0.0,9.8,6.6,0,0,0,0,0,0,0,0,0,0,0,0,0,0.0,0,10,8,0.0,2,1,1,19,6,5,0,3,1,2,33.3,2,4,2,4,0,95,55,20,20,3986,557,296,3133,TBL,Atlantic,Eastern
2025-2026,20251121,3,CAR,15383,Jalen Chatfield,ROSTER,29.0,"6'1""",188.0,USA,"Ypsilanti, MI",False,D,13,0,3,3,1.54,0.23,0.0,0.23,17.3,13.1,0,0,0,0,0,0,0,0,0,0,0,0,0,0.0,3,53,20,0.0,14,22,11,10,28,12,1,0,0,0,0.0,4,8,2,12,0,349,199,62,88,15464,2054,850,12560,CAR,Metropolitan,Eastern
2025-2026,20251121,16,DET,5285,Ben Chiarot,ROSTER,34.0,"6'3""",234.0,Canada,"Hamilton, ON",False,D,21,1,3,4,0.95,0.14,0.05,0.19,59.0,28.2,0,0,0,0,0,0,0,0,0,0,0,0,0,0.0,2,63,20,5.0,42,30,13,47,28,26,4,0,0,0,0.0,6,22,2,4,0,542,304,90,150,26073,6013,1769,18324,DET,Atlantic,Eastern
2025-2026,20251121,2,WPJ,37987,Nikita Chibrikov,ASSIGNED_TO_MINORS,22.0,"5'10""",170.0,Russia,Moskva,True,RW,8,0,0,0,0.62,0.0,0.0,0.0,8.9,18.1,0,0,0,0,0,0,0,0,0,0,0,0,0,0.0,0,16,5,0.0,5,7,4,10,7,6,2,0,0,0,0.0,5,12,2,4,0,105,83,19,3,4414,1202,226,2986,WPG,,
2025-2026,20251121,19,CBJ,30088,Yegor Chinakhov,ROSTER,24.0,"6'0""",178.0,Russia,Omsk,True,RW,15,2,2,4,1.4,0.13,0.13,0.27,10.2,3.3,0,0,0,0,0,0,0,0,0,0,0,0,0,0.0,-2,38,21,9.5,6,14,3,11,11,8,3,0,0,0,0.0,1,2,2,4,0,205,156,36,13,9212,1818,175,7139,CBJ,Metropolitan,Eastern
2025-2026,20251121,5,WSH,28482,Declan Chisholm,ROSTER,25.0,"6'1""",185.0,Canada,"Bowmanville, ON",True,D,9,0,1,1,0.78,0.11,0.0,0.11,7.8,3.3,0,0,0,0,0,0,0,0,0,0,0,0,0,0.0,2,18,7,0.0,7,8,3,3,14,9,4,0,0,0,0.0,1,2,3,9,0,160,104,24,26,7779,1053,647,5743,WSH,Metropolitan,Eastern
2025-2026,20251121,9,NYR,56549,Jaroslav Chmelar,ASSIGNED_TO_MINORS,22.0,"6'4""",198.0,Czech Republic,Nove Mesto nad Metuji,False,RW,2,0,0,0,0.5,0.0,0.0,0.0,2.1,10.8,0,0,0,0,0,0,0,0,0,0,0,0,0,0.0,-1,2,1,0.0,0,0,1,5,1,1,0,0,0,0,0.0,1,5,1,5,1,21,16,3,2,867,126,79,662,NYR,Metropolitan,Eastern
2025-2026,20251121,7,NJD,15156,Dennis Cholowski,ROSTER,27.0,"6'2""",197.0,Canada,"Langley, BC",False,D,9,0,1,1,0.67,0.11,0.0,0.11,10.3,0.0,0,0,0,0,0,0,0,0,0,0,0,0,0,0.0,-2,15,6,0.0,11,6,3,0,7,8,4,0,0,0,0.0,0,0,0,0,0,161,99,23,36,7756,797,292,6599,NJD,Metropolitan,Eastern
2025-2026,20251121,19,CBJ,28414,Jake Christiansen,ROSTER,26.0,"6'1""",195.0,Canada,"West Vancouver, BC",True,D,17,0,0,0,0.71,0.0,0.0,0.0,11.6,3.3,0,0,0,0,0,0,0,0,0,0,0,0,0,0.0,-7,36,12,0.0,7,14,10,12,23,6,0,0,0,0,0.0,1,2,1,2,0,214,143,35,36,10613,944,368,9301,CBJ,Metropolitan,Eastern
2025-2026,20251121,5,WSH,9642,Jakob Chychrun,ROSTER,27.0,"6'2""",210.0,USA,"Boca Raton, FL",False,D,21,5,12,17,3.29,0.57,0.24,0.81,30.3,33.8,1,2,1,3,0,0,0,1,0,1,0,0,0,0.0,14,155,69,7.2,23,43,43,21,28,28,9,0,0,0,0.0,8,19,7,17,1,474,256,124,95,29329,5241,3595,20496,WSH,Metropolitan,Eastern
2025-2026,20251121,21,VAN,13636,Filip Chytil,INJURY_LIST,26.0,"6'2""",206.0,Czech Republic,Kromeriz,False,C,6,3,0,3,2.5,0.0,0.5,0.5,5.0,9.8,1,0,0,0,0,0,0,1,0,0,0,0,0,0.0,0,22,15,20.0,4,2,5,3,10,3,2,76,36,40,47.4,3,6,0,0,0,114,56,43,18,5629,1207,724,3698,VAN,Pacific,Western
2025-2026,20251121,1,TBL,14125,Anthony Cirelli,ROSTER,28.0,"6'0""",193.0,Canada,"Etobicoke, ON",False,C,16,7,5,12,1.62,0.31,0.44,0.75,13.6,9.8,2,2,0,2,0,0,0,2,0,1,0,0,0,0.0,6,49,26,26.9,11,9,14,8,14,11,7,270,128,142,47.4,3,6,1,2,0,393,171,126,103,17838,2714,2200,12844,TBL,Atlantic,Eastern
2025-2026,20251121,8,NYI,5083,Casey Cizikas,ROSTER,34.0,"5'11""",195.0,Canada,"Toronto, ON",False,C,21,1,4,5,0.62,0.19,0.05,0.24,33.6,9.8,0,0,0,0,0,0,0,0,0,0,0,0,0,0.0,-3,25,13,7.7,15,4,8,47,17,10,1,129,56,73,43.4,3,6,0,0,0,305,167,67,72,12360,3052,769,8539,NYI,Metropolitan,Eastern
2025-2026,20251121,28,LAK,31218,Brandt Clarke,ROSTER,22.0,"6'2""",185.0,Canada,"Nepean, ON",True,D,21,2,7,9,1.9,0.33,0.1,0.43,28.9,16.4,0,0,0,0,0,0,0,1,0,0,0,0,0,0.0,5,77,40,5.0,25,24,13,13,28,26,8,0,0,0,0.0,5,10,5,10,0,456,358,66,34,22663,3297,409,18957,LAK,Pacific,Western
2025-2026,20251121,10,PIT,15396,Connor Clifton,ROSTER,30.0,"5'11""",175.0,USA,"Long Branch, New Jersey",False,D,7,0,0,0,0.86,0.0,0.0,0.0,28.7,6.6,0,0,0,0,0,0,0,0,0,0,0,0,0,0.0,-2,19,6,0.0,16,10,3,33,17,5,1,0,0,0,0.0,2,4,0,0,0,140,76,31,33,7230,960,310,5963,PIT,Metropolitan,Eastern
2025-2026,20251121,29,ANA,38010,Sam Colangelo,ASSIGNED_TO_MINORS,23.0,"6'2""",205.0,USA,"Stoneham, MA",True,RW,7,1,0,1,0.43,0.0,0.14,0.14,4.7,6.6,0,0,0,0,0,0,0,0,0,0,0,0,0,0.0,-3,11,3,33.3,1,5,3,9,7,6,0,2,1,1,50.0,2,4,0,0,0,105,70,21,16,4285,812,132,3383,ANA,Pacific,Western
2025-2026,20251121,30,UTA,4905,Ian Cole,ROSTER,36.0,"6'1""",225.0,USA,"Ann Arbor, MI",False,D,21,1,7,8,0.86,0.33,0.05,0.38,50.7,19.7,0,0,0,0,0,0,0,0,0,0,0,0,0,0.0,4,43,18,5.6,43,14,11,25,40,21,4,0,0,0,0.0,6,12,4,8,0,501,290,76,136,23748,5486,801,17461,UTA,Central,Western
2025-2026,20251121,23,CGY,11702,Blake Coleman,ROSTER,33.0,"5'11""",207.0,USA,"Plano, TX",False,LW,22,7,1,8,2.27,0.05,0.32,0.36,36.8,16.4,2,0,0,0,1,0,1,2,0,0,0,0,0,0.0,2,90,50,14.0,17,22,18,50,15,26,6,18,7,11,38.9,5,10,6,12,0,518,239,182,104,22308,5371,2393,14544,CGY,Pacific,Western
2025-2026,20251121,22,COL,18195,Ross Colton,ROSTER,29.0,"6'0""",190.0,USA,"Robbinsville, New Jersey",False,C,20,4,7,11,2.2,0.35,0.2,0.55,25.3,10.8,1,0,0,0,0,0,0,1,0,0,0,0,0,0.0,4,85,44,9.1,7,18,23,45,17,16,5,21,12,9,57.1,1,5,7,17,1,363,195,124,48,15429,2671,2173,10585,COL,Central,Western
2025-2026,20251121,16,DET,5564,J.T. Compher,ROSTER,30.0,"6'0""",190.0,USA,"Northbrook, IL",False,LW,21,3,3,6,1.19,0.14,0.14,0.29,13.1,6.6,1,0,0,0,0,0,0,0,0,0,0,0,0,0.0,-4,43,25,12.0,10,13,6,9,19,11,0,243,124,119,51.0,2,4,7,14,0,463,204,130,132,20642,4203,2310,14190,DET,Atlantic,Eastern
2025-2026,20251121,2,WPJ,5612,Kyle Connor,ROSTER,28.0,"6'1""",182.0,USA,"Clinton Township, MI",False,LW,19,11,13,24,3.84,0.68,0.58,1.26,5.6,6.6,3,2,5,7,1,0,1,1,0,1,1,0,0,0.0,5,119,73,15.1,2,23,23,9,16,18,8,0,0,0,0.0,2,4,4,8,0,436,185,178,84,23329,4755,3765,14809,WPG,,
2025-2026,20251121,30,UTA,56257,Logan Cooley,ROSTER,21.0,"5'11""",180.0,USA,"Pittsburgh, PA",False,C,21,9,7,16,1.95,0.33,0.43,0.76,16.4,26.2,3,3,1,4,0,0,0,0,0,0,0,0,0,0.0,1,73,41,22.0,9,9,23,19,28,28,7,255,106,149,41.6,8,16,7,14,0,469,336,67,76,23842,5692,1120,17032,UTA,Central,Western
2025-2026,20251121,21,VAN,167600,Braeden Cootes,ASSIGNED_TO_OTHER,18.0,"6'0""",183.0,Canada,"Sherwood Park, AB",True,C,3,0,0,0,0.0,0.0,0.0,0.0,2.2,0.0,0,0,0,0,0,0,0,0,0,0,0,0,0,0.0,-2,0,0,0.0,1,0,0,3,1,4,0,13,5,8,38.5,0,0,0,0,0,44,38,5,1,1940,192,0,1748,VAN,Pacific,Western
2025-2026,20251121,16,DET,5555,Andrew Copp,ROSTER,31.0,"6'1""",206.0,USA,"Ann Arbor, MI",False,C,21,1,7,8,1.24,0.33,0.05,0.38,24.2,16.4,0,0,3,3,0,0,0,0,0,0,0,0,0,0.0,-8,50,26,3.8,20,9,15,13,24,20,3,163,88,75,54.0,5,10,3,6,0,441,194,111,137,18166,3569,1100,13497,DET,Atlantic,Eastern
2025-2026,20251121,23,CGY,37972,Matt Coronato,ROSTER,23.0,"5'10""",183.0,USA,"New York, NY",True,RW,21,7,5,12,2.95,0.24,0.33,0.57,8.3,19.7,2,3,0,3,0,0,0,0,0,0,1,1,0,0.0,-12,116,62,11.3,8,34,20,2,16,13,7,41,13,28,31.7,6,12,6,12,0,437,309,102,33,21628,5925,1086,14617,CGY,Pacific,Western
2025-2026,20251121,7,NJD,18224,Paul Cotter,ROSTER,26.0,"6'0""",185.0,USA,"Carton, MI",False,LW,20,1,2,3,1.05,0.1,0.05,0.15,25.8,9.8,0,0,1,1,0,0,0,0,0,0,2,0,1,50.0,-7,42,21,4.8,4,9,12,53,26,10,3,15,9,6,60.0,3,6,5,10,0,326,211,56,60,14724,2350,955,11437,NJD,Metropolitan,Eastern
2025-2026,20251121,13,OTT,5536,Nick Cousins,ROSTER,32.0,"5'11""",183.0,Canada,"Belleville, ON",False,C,20,4,1,5,0.7,0.05,0.2,0.25,26.0,47.2,1,0,0,0,0,0,0,1,0,0,0,0,0,0.0,2,31,14,28.6,10,7,10,40,34,15,5,13,6,7,46.2,10,31,10,23,1,336,181,105,54,13080,2421,1870,8789,OTT,Atlantic,Eastern
2025-2026,20251121,6,PHI,4995,Sean Couturier,ROSTER,32.0,"6'3""",211.0,USA,"Phoenix, AZ",False,C,18,2,9,11,1.39,0.5,0.11,0.61,18.4,13.1,0,0,0,0,0,0,0,1,0,0,0,0,0,0.0,-1,55,25,8.0,13,19,11,15,14,17,8,301,153,148,50.8,4,8,2,4,0,427,186,96,147,19658,5215,876,13567,PHI,Metropolitan,Eastern
2025-2026,20251121,12,TOR,112362,Easton Cowan,ROSTER,20.0,"5'10""",170.0,Canada,"Mount Brydges, ON",True,RW,13,1,4,5,1.85,0.31,0.08,0.38,11.9,6.6,0,0,0,0,0,0,0,0,0,0,0,0,0,0.0,3,45,24,4.2,6,10,11,15,18,14,0,3,1,2,33.3,2,4,6,12,0,225,188,38,1,10722,2917,354,7412,TOR,Atlantic,Eastern
2025-2026,20251121,19,CBJ,5124,Charlie Coyle,ROSTER,33.0,"6'3""",220.0,USA,"East Weymouth, MA",False,C,21,3,11,14,1.57,0.52,0.14,0.67,22.5,3.3,1,0,1,1,0,0,0,0,0,0,1,0,1,100.0,1,58,33,9.1,12,11,14,27,14,15,9,322,164,158,50.9,1,2,3,6,0,460,226,102,133,21665,5800,967,14796,CBJ,Metropolitan,Eastern
2025-2026,20251121,13,OTT,19086,Dylan Cozens,ROSTER,24.0,"6'3""",183.0,Canada,"Whitehorse, Yukon",True,C,20,7,8,15,2.15,0.4,0.35,0.75,35.2,13.1,2,3,4,7,0,0,0,0,0,0,0,0,0,0.0,-11,80,43,16.3,10,21,16,62,23,18,2,197,106,91,53.8,4,8,4,8,0,471,246,86,146,20747,3491,885,16427,OTT,Atlantic,Eastern
2025-2026,20251121,20,CHI,34950,Louis Crevier,ROSTER,24.0,"6'8""",214.0,Canada,"Quebec City, QC",True,D,19,2,8,10,1.05,0.42,0.11,0.53,22.5,37.3,0,0,0,0,0,0,0,0,0,0,0,0,0,0.0,9,41,20,10.0,12,12,9,27,26,11,2,0,0,0,0.0,7,25,1,5,1,361,190,40,127,15740,1032,179,14328,CHI,Central,Western
2025-2026,20251121,10,PIT,3490,Sidney Crosby,ROSTER,38.0,"5'11""",200.0,Canada,"Cole Harbour, NS",False,C,19,12,9,21,2.21,0.47,0.63,1.11,16.0,33.1,4,6,1,7,0,0,0,1,0,0,2,0,1,50.0,0,78,42,28.6,10,16,20,16,15,20,7,381,200,181,52.5,8,24,4,8,0,421,223,130,74,21957,7569,2820,11332,PIT,Metropolitan,Eastern
2025-2026,20251121,30,UTA,5606,Lawson Crouse,ROSTER,28.0,"6'4""",220.0,Canada,"Mt. Brydges, ON",False,LW,21,4,4,8,1.71,0.19,0.19,0.38,35.5,9.8,1,0,0,0,0,0,0,1,0,0,0,0,0,0.0,1,72,36,11.1,13,15,21,56,10,15,3,19,9,10,47.4,3,6,3,6,0,443,200,91,156,18362,2113,809,15440,UTA,Central,Western
2025-2026,20251121,1,TBL,56653,Maxwell Crozier,INJURY_LIST,25.0,"5'11""",161.0,Canada,"Calgary, AB",False,D,8,0,3,3,1.75,0.38,0.0,0.38,8.9,3.3,0,0,0,0,0,0,0,0,0,0,0,0,0,0.0,3,26,14,0.0,5,9,3,10,17,5,2,0,0,0,0.0,1,2,0,0,0,149,93,12,44,6917,855,36,6026,TBL,Atlantic,Eastern
2025-2026,20251121,9,NYR,30065,William Cuylle,ROSTER,23.0,"6'3""",204.0,Canada,"Toronto, ON",True,LW,22,6,6,12,2.27,0.27,0.27,0.55,50.7,26.2,2,3,1,4,0,0,0,1,0,1,0,0,0,0.0,-6,100,50,12.0,19,27,24,79,26,8,5,21,12,9,57.1,8,16,3,6,0,536,365,105,56,23081,4456,1383,16510,NYR,Metropolitan,Eastern
2025-2026,20251121,20,CHI,34951,Colton Dach,ROSTER,22.0,"6'4""",196.0,Canada,"St. Albert, AB",True,C,20,2,2,4,1.25,0.1,0.1,0.2,44.9,37.3,0,0,1,1,0,0,0,1,0,0,0,0,0,0.0,-6,47,25,8.0,11,7,15,83,26,11,7,34,12,22,35.3,7,25,8,19,1,366,253,52,62,15456,2377,580,12483,CHI,Central,Western
2025-2026,20251121,14,MTL,17199,Kirby Dach,ROSTER,24.0,"6'4""",212.0,Canada,"Fort Saskatchewan, AB",False,C,15,5,2,7,1.47,0.13,0.33,0.47,22.8,26.2,1,0,1,1,0,0,0,0,0,0,0,0,0,0.0,-2,44,22,22.7,15,7,15,21,19,8,8,107,46,61,43.0,8,16,6,12,0,266,149,58,64,12622,1855,768,9999,MTL,Atlantic,Eastern
2025-2026,20251121,7,NJD,4787,Evgenii Dadonov,ROSTER,36.0,"5'11""",189.0,Russia,Chelyabinsk,False,LW,3,0,0,0,1.33,0.0,0.0,0.0,3.2,0.0,0,0,0,0,0,0,0,0,0,0,0,0,0,0.0,0,7,4,0.0,3,1,2,1,4,4,2,0,0,0,0.0,0,0,0,0,0,43,23,11,9,1914,370,173,1371,NJD,Metropolitan,Eastern
2025-2026,20251121,15,BUF,14524,Rasmus Dahlin,ROSTER,25.0,"6'3""",193.0,Sweden,Trollhättan,False,D,17,1,13,14,2.59,0.76,0.06,0.82,27.0,16.4,0,1,5,6,0,0,0,0,0,0,1,0,0,0.0,-8,114,44,2.3,23,47,23,13,26,36,9,0,0,0,0.0,5,10,7,14,0,488,275,61,153,25067,3183,1217,20667,BUF,Atlantic,Eastern
2025-2026,20251121,28,LAK,5487,Phillip Danault,ROSTER,32.0,"6'1""",201.0,Canada,"Victoriaville, QC",False,C,21,0,4,4,1.48,0.19,0.0,0.19,14.6,9.8,0,0,0,0,0,1,1,0,0,0,0,0,0,0.0,1,63,31,0.0,8,18,14,17,19,15,3,297,157,140,52.9,3,6,4,8,0,420,191,135,94,21089,3711,2068,15310,LAK,Pacific,Western
2025-2026,20251121,15,BUF,30085,Justin Danforth,ROSTER,32.0,"5'9""",185.0,Canada,"Oshawa, ON",True,RW,4,0,0,0,0.5,0.0,0.0,0.0,5.0,3.3,0,0,0,0,0,0,0,0,0,0,0,0,0,0.0,-2,6,2,0.0,4,3,1,3,2,3,0,31,17,14,54.8,1,2,0,0,0,71,31,9,31,2809,362,109,2338,BUF,Atlantic,Eastern
2025-2026,20251121,16,DET,111584,Nate Danielson,ROSTER,21.0,"6'2""",185.0,Canada,"Edmonton, AB",True,C,6,1,1,2,1.83,0.17,0.17,0.33,3.6,0.0,0,0,1,1,0,0,0,0,0,0,0,0,0,0.0,0,19,11,9.1,3,5,3,2,4,6,2,44,16,28,36.4,0,0,2,4,0,102,72,12,19,4333,481,0,3852,DET,Atlantic,Eastern
2025-2026,20251121,1,TBL,18311,Charle-Edouard D’Astous,ROSTER,27.0,"6'2""",204.0,Canada,"Rimouski, QC",False,D,13,1,4,5,0.85,0.31,0.08,0.38,16.5,24.0,0,0,1,1,0,0,0,1,0,0,0,0,0,0.0,-6,25,11,9.1,10,8,6,17,34,8,6,0,0,0,0.0,5,13,3,9,1,281,155,72,56,13153,2397,653,10107,TBL,Atlantic,Eastern
2025-2026,20251121,14,MTL,56480,Jared Davidson,ROSTER,23.0,"6'0""",181.0,Canada,"Edmonton, AB",False,C,3,0,0,0,2.0,0.0,0.0,0.0,2.9,3.3,0,0,0,0,0,0,0,0,0,0,0,0,0,0.0,-1,10,6,0.0,0,3,1,7,4,1,0,0,0,0,0.0,1,2,0,0,0,39,36,2,2,1572,261,0,1319,MTL,Atlantic,Eastern
2025-2026,20251121,8,NYI,5424,Tony DeAngelo,ROSTER,30.0,"5'11""",180.0,USA,"Sewell, New Jersey",False,D,21,1,7,8,1.81,0.33,0.05,0.38,22.8,37.3,0,0,0,0,0,0,0,0,0,0,0,0,0,0.0,-2,75,38,2.6,19,21,16,12,16,27,2,0,0,0,0.0,7,25,2,7,1,452,270,116,67,21620,3566,2756,15298,NYI,Metropolitan,Eastern
2025-2026,20251121,16,DET,13688,Alex DeBrincat,ROSTER,27.0,"5'7""",165.0,USA,"Farmington Hills, MI",False,RW,21,9,14,23,4.0,0.67,0.43,1.1,9.4,3.3,3,6,3,9,0,0,0,1,0,0,2,1,0,0.0,-2,150,84,10.7,6,29,37,9,16,22,8,7,3,4,42.9,1,2,2,4,0,441,218,96,136,22452,5084,1065,16303,DET,Atlantic,Eastern
2025-2026,20251121,21,VAN,5609,Jake DeBrusk,ROSTER,29.0,"6'0""",188.0,Canada,"Edmonton, AB",False,LW,22,8,3,11,2.91,0.14,0.36,0.5,15.9,6.6,2,7,1,8,0,0,0,0,0,0,2,1,1,50.0,-7,100,64,12.5,9,11,25,18,19,15,2,11,5,6,45.5,2,4,4,8,0,483,205,114,172,23694,5419,1329,17014,VAN,Pacific,Western
2025-2026,20251121,19,CBJ,53014,Luca Del Bel Belluz,ROSTER,22.0,"6'1""",179.0,Canada,"Woodbridge, ON",True,C,7,0,1,1,0.86,0.14,0.0,0.14,5.1,3.3,0,0,0,0,0,0,0,0,0,0,0,0,0,0.0,0,9,6,0.0,5,2,1,1,4,0,2,34,10,24,29.4,1,2,1,2,0,86,69,8,9,4023,448,194,3381,CBJ,Metropolitan,Eastern
2025-2026,20251121,26,SJS,14536,Ty Dellandrea,ROSTER,25.0,"6'0""",184.0,Canada,"Toronto, ON",True,C,21,2,6,8,1.05,0.29,0.1,0.38,37.7,6.6,0,0,0,0,1,1,2,0,0,0,0,0,0,0.0,-4,43,22,9.1,14,12,9,59,24,8,3,241,121,120,50.2,2,4,7,14,0,387,205,85,99,17798,2414,1370,14014,SJS,Pacific,Western
2025-2026,20251121,20,CHI,39063,Ethan Del Mastro,ASSIGNED_TO_MINORS,22.0,"6'4""",210.0,Canada,"Burlington, ON",True,D,1,0,0,0,1.0,0.0,0.0,0.0,4.4,0.0,0,0,0,0,0,0,0,0,0,0,0,0,0,0.0,-1,1,1,0.0,2,0,0,6,5,1,0,0,0,0,0.0,0,0,0,0,0,25,16,1,8,1055,123,0,932,CHI,Central,Western
2025-2026,20251121,2,WPJ,5822,Dylan DeMelo,ROSTER,32.0,"6'0""",191.0,Canada,"London, ON",False,D,19,1,7,8,0.79,0.37,0.05,0.42,42.5,26.2,0,0,0,0,0,1,1,0,0,0,0,0,0,0.0,4,40,15,6.7,36,15,10,21,29,23,5,0,0,0,0.0,8,16,5,10,0,532,289,107,137,24555,5473,871,18211,WPG,,
2025-2026,20251121,14,MTL,142498,Ivan Demidov,ROSTER,,,,,,False,RW,20,4,11,15,1.15,0.55,0.2,0.75,11.4,16.4,1,1,5,6,0,0,0,1,0,0,2,1,0,0.0,1,56,23,17.4,9,14,19,7,18,18,7,0,0,0,0.0,5,10,3,6,0,340,297,39,8,17400,3615,421,13364,MTL,Atlantic,Eastern
2025-2026,20251121,26,SJS,18276,Vincent Desharnais,ROSTER,29.0,"6'6""",209.0,Canada,"Laval, QC",False,D,17,0,2,2,0.65,0.12,0.0,0.12,35.5,26.5,0,0,0,0,0,0,0,0,0,0,0,0,0,0.0,2,31,11,0.0,29,14,6,20,19,12,2,0,0,0,0.0,6,20,3,6,0,340,183,34,123,16673,1376,265,15032,SJS,Pacific,Western
2025-2026,20251121,30,UTA,13721,Nick DeSimone,ROSTER,31.0,"6'2""",190.0,USA,"East Amherst, NY",False,D,6,1,1,2,1.5,0.17,0.17,0.33,7.4,0.0,0,0,0,0,0,0,0,0,0,0,0,0,0,0.0,0,15,9,11.1,7,3,3,2,15,6,0,0,0,0,0.0,0,0,0,0,0,135,85,32,19,5480,538,612,4330,UTA,Central,Western
2025-2026,20251121,6,PHI,5341,Nicolas Deslauriers,ROSTER,34.0,"6'3""",219.0,Canada,"Lasalle, QC",False,LW,9,0,0,0,0.33,0.0,0.0,0.0,14.3,21.7,0,0,0,0,0,0,0,0,0,0,0,0,0,0.0,-2,9,3,0.0,1,3,3,32,5,4,1,1,1,0,100.0,2,10,2,10,2,96,57,18,21,4367,912,296,3159,PHI,Metropolitan,Eastern
2025-2026,20251121,4,FLO,56439,Jack Devine,ROSTER,22.0,"5'11""",177.0,USA,"Glencoe, IL",False,RW,1,0,0,0,2.0,0.0,0.0,0.0,0.8,0.0,0,0,0,0,0,0,0,0,0,0,0,0,0,0.0,0,2,2,0.0,0,0,0,2,0,0,0,0,0,0,0.0,0,0,0,0,0,11,6,2,3,500,96,0,404,FLA,,
2025-2026,20251121,10,PIT,18082,Connor Dewar,ROSTER,26.0,"5'10""",170.0,Canada,"The Pas, MB",False,C,19,4,2,6,1.79,0.11,0.21,0.32,24.7,0.0,1,0,0,0,0,0,0,1,0,0,0,0,0,0.0,0,62,34,11.8,9,14,14,39,25,6,4,6,2,4,33.3,0,0,7,17,0,367,192,78,93,15499,2329,875,11997,PIT,Metropolitan,Eastern
2025-2026,20251121,20,CHI,9073,Jason Dickinson,ROSTER,30.0,"6'2""",200.0,Canada,"Georgetown, ON",False,C,8,1,2,3,1.25,0.25,0.12,0.38,8.1,3.3,0,0,0,0,0,0,0,0,0,0,0,0,0,0.0,-1,22,10,10.0,6,5,7,6,8,10,3,126,68,58,54.0,1,2,0,0,0,171,84,42,46,6907,985,379,5543,CHI,Central,Western
2025-2026,20251121,26,SJS,142718,Sam Dickinson,ROSTER,,,,,,False,D,16,1,1,2,1.0,0.06,0.06,0.12,14.4,9.8,0,0,0,0,0,0,0,0,0,0,0,0,0,0.0,-1,32,16,6.2,10,12,4,12,20,13,4,0,0,0,0.0,3,6,2,4,0,283,242,17,26,13835,1492,70,12276,SJS,Pacific,Western
2025-2026,20251121,7,NJD,5103,Brenden Dillon,ROSTER,35.0,"6'4""",225.0,Canada,"New Westminster, BC",False,D,20,2,5,7,0.85,0.25,0.1,0.35,54.5,20.7,0,0,0,0,0,0,0,2,0,0,0,0,0,0.0,-4,45,17,11.8,35,16,12,52,23,8,5,0,0,0,0.0,4,11,3,9,1,463,252,52,159,22752,5379,968,16314,NJD,Metropolitan,Eastern
2025-2026,20251121,15,BUF,37981,Josh Doan,ROSTER,23.0,"6'1""",183.0,USA,"Scottsdale, AZ",True,RW,20,5,7,12,2.65,0.35,0.25,0.6,14.4,9.8,1,2,1,3,0,0,0,1,0,0,0,0,0,0.0,-5,85,53,9.4,6,15,16,21,27,20,14,3,2,1,66.7,3,6,7,14,0,429,290,90,55,18710,3657,361,14692,BUF,Atlantic,Eastern
2025-2026,20251121,14,MTL,14535,Noah Dobson,ROSTER,25.0,"6'4""",184.0,Canada,"Summerside, PE",False,D,20,1,12,13,1.8,0.6,0.05,0.65,42.7,16.4,0,0,2,2,0,0,0,0,0,0,0,0,0,0.0,1,77,36,2.8,42,23,18,8,39,27,6,0,0,0,0.0,5,10,1,2,0,510,270,107,134,27394,3033,1158,23203,MTL,Atlantic,Eastern
2025-2026,20251121,12,TOR,5412,Max Domi,ROSTER,30.0,"5'10""",192.0,Canada,"Winnipeg, MB",False,C,21,3,3,6,1.67,0.14,0.14,0.29,16.8,23.0,1,0,2,2,0,0,0,1,0,0,0,0,0,0.0,-11,64,35,8.6,13,16,13,11,9,22,6,167,91,76,54.5,7,14,9,20,0,374,183,129,65,16547,3212,2167,11168,TOR,Atlantic,Eastern
2025-2026,20251121,20,CHI,14137,Ryan Donato,ROSTER,29.0,"6'0""",192.0,USA,"Boston, MA",False,C,20,7,5,12,1.7,0.25,0.35,0.6,14.2,16.4,2,1,0,1,0,0,0,2,0,1,1,0,0,0.0,1,76,34,20.6,4,14,28,25,30,16,6,99,44,55,44.4,5,10,1,2,0,398,205,109,87,18385,3215,1088,13841,CHI,Central,Western
2025-2026,20251121,142,VGK,29771,Pavel Dorofeyev,ROSTER,25.0,"6'0""",176.0,Russia,Nizhny Tagil,True,RW,20,11,5,16,2.8,0.25,0.55,0.8,9.9,9.8,3,7,2,9,0,0,0,1,1,0,1,0,1,100.0,0,120,56,19.6,7,34,30,8,16,18,3,0,0,0,0.0,3,6,2,4,0,398,263,134,13,21312,6169,2582,12520,VGK,Pacific,Western
2025-2026,20251121,28,LAK,4510,Drew Doughty,ROSTER,35.0,"6'1""",202.0,Canada,"London, ON",False,D,19,2,6,8,1.26,0.32,0.11,0.42,32.7,6.6,0,0,0,0,0,1,1,0,0,0,0,0,0,0.0,7,68,24,8.3,30,30,14,11,24,25,7,0,0,0,0.0,2,4,1,2,0,488,248,95,147,25700,6234,1223,18241,LAK,Pacific,Western
2025-2026,20251121,1,TBL,38444,Curtis Douglas,ROSTER,25.0,"6'9""",248.0,Canada,"Oakville, ON",True,C,14,0,2,2,0.5,0.14,0.0,0.14,12.2,49.2,0,0,0,0,0,0,0,0,0,0,0,0,0,0.0,2,18,7,0.0,5,2,9,18,4,3,1,2,1,1,50.0,6,29,5,19,3,132,76,20,36,4879,702,10,4167,TBL,Atlantic,Eastern
2025-2026,20251121,5,WSH,9007,Nic Dowd,ROSTER,35.0,"6'1""",195.0,USA,"Huntsville, AL",False,C,19,1,4,5,1.11,0.21,0.05,0.26,22.2,23.0,0,0,0,0,0,0,0,0,0,0,0,0,0,0.0,2,37,21,4.8,9,9,7,33,22,9,6,245,123,122,50.2,7,14,5,10,0,398,174,124,99,17244,3281,1456,12731,WSH,Metropolitan,Eastern
2025-2026,20251121,24,EDM,5417,Leon Draisaitl,ROSTER,30.0,"6'2""",208.0,Germany,Köln,False,C,23,14,13,27,2.43,0.57,0.61,1.17,10.2,9.8,4,7,5,12,0,0,0,1,0,1,2,0,2,100.0,5,110,56,25.0,6,20,34,11,16,35,9,372,212,160,57.0,3,6,4,8,0,536,260,127,150,31051,8312,2263,20074,EDM,Pacific,Western
2025-2026,20251121,8,NYI,5230,Jonathan Drouin,ROSTER,30.0,"6'0""",203.0,Canada,"Ste-Agathe, QC",False,LW,20,3,11,14,1.2,0.55,0.15,0.7,9.6,19.2,1,0,3,3,0,0,0,0,0,0,1,1,0,0.0,5,56,24,12.5,8,10,21,5,9,11,4,48,22,26,45.8,3,17,5,10,0,418,208,114,99,21768,5745,1415,14608,NYI,Metropolitan,Eastern
2025-2026,20251121,22,COL,14565,Jack Drury,ROSTER,25.0,"5'11""",174.0,USA,"Winnetka, IL",True,C,20,3,5,8,1.3,0.25,0.15,0.4,17.9,19.7,1,0,0,0,0,0,0,0,0,0,0,0,0,0.0,5,53,26,11.5,16,8,19,7,35,9,3,272,144,128,52.9,6,12,4,8,0,418,242,116,63,18128,3249,2088,12791,COL,Central,Western
2025-2026,20251121,6,PHI,27448,Jamie Drysdale,ROSTER,23.0,"5'11""",187.0,Canada,"Toronto, ON",True,D,19,2,6,8,0.89,0.32,0.11,0.42,27.0,19.9,0,0,0,0,0,0,0,1,0,0,0,0,0,0.0,-3,60,17,11.8,27,28,15,4,28,13,1,0,0,0,0.0,4,16,3,6,0,501,398,65,42,24939,3841,403,20651,PHI,Metropolitan,Eastern
2025-2026,20251121,5,WSH,13710,Pierre-Luc Dubois,ROSTER,27.0,"6'3""",218.0,Canada,"Ste-Agathe-des-Monts, QC",False,LW,6,0,0,0,1.5,0.0,0.0,0.0,5.3,3.3,0,0,0,0,0,0,0,0,0,0,0,0,0,0.0,0,19,9,0.0,3,4,6,6,7,2,1,78,33,45,42.3,1,2,2,4,0,113,61,32,20,5592,1216,935,3441,WSH,Metropolitan,Eastern
2025-2026,20251121,27,DAL,4663,Matt Duchene,ROSTER,34.0,"5'11""",195.0,Canada,"Haliburton, ON",False,C,4,1,1,2,0.75,0.25,0.25,0.5,4.6,0.0,0,1,0,1,0,0,0,1,0,0,1,0,0,0.0,0,5,3,33.3,4,2,0,2,2,1,1,23,12,11,52.2,0,0,2,4,0,72,44,15,14,3467,906,86,2475,DAL,Central,Western
2025-2026,20251121,8,NYI,5441,Anthony Duclair,ROSTER,30.0,"5'11""",198.0,Canada,"Laval, QC",False,LW,21,3,4,7,1.14,0.19,0.14,0.33,13.5,6.6,1,1,0,1,0,0,0,0,0,0,1,0,0,0.0,3,45,24,12.5,14,13,8,1,8,8,3,1,1,0,100.0,2,4,2,4,0,353,159,139,58,16538,2688,2156,11645,NYI,Metropolitan,Eastern
2025-2026,20251121,5,WSH,18079,Brandon Duhaime,ROSTER,28.0,"6'0""",185.0,USA,"Parkland, FL",False,RW,21,3,1,4,0.52,0.05,0.14,0.19,34.0,34.8,1,0,0,0,0,0,0,0,0,0,0,0,0,0.0,-2,33,11,27.3,18,11,11,41,26,5,2,17,3,14,17.6,6,18,8,22,2,400,214,99,89,15807,2177,916,12922,WSH,Metropolitan,Eastern
2025-2026,20251121,10,PIT,5125,Matt Dumba,ROSTER,31.0,"6'0""",180.0,Canada,"Regina, SK",False,D,6,0,2,2,0.5,0.33,0.0,0.33,8.9,20.7,0,0,0,0,0,0,0,0,0,0,0,0,0,0.0,0,11,3,0.0,5,5,3,10,5,6,4,0,0,0,0.0,4,11,1,5,1,112,65,23,24,5321,822,402,4097,PIT,Metropolitan,Eastern
2025-2026,20251121,28,LAK,5310,Brian Dumoulin,ROSTER,34.0,"6'4""",207.0,USA,"Biddeford, MN",False,D,21,0,2,2,0.9,0.1,0.0,0.1,35.3,6.6,0,0,0,0,0,0,0,0,0,0,0,0,0,0.0,-5,51,19,0.0,31,18,14,15,44,30,6,0,0,0,0.0,2,4,2,4,0,488,267,85,136,24357,4081,1779,18497,LAK,Pacific,Western
2025-2026,20251121,143,SEA,5650,Vince Dunn,ROSTER,29.0,"6'0""",203.0,Canada,"Lindsay, ON",False,D,20,3,9,12,2.4,0.45,0.15,0.6,20.3,19.7,1,0,5,5,0,0,0,0,0,0,0,0,0,0.0,-5,102,48,6.2,19,40,14,6,26,23,7,0,0,0,0.0,6,12,3,6,0,509,265,159,79,27152,4723,2620,19408,SEA,Pacific,Western
2025-2026,20251121,15,BUF,29977,Josh Dunne,ROSTER,26.0,"6'4""",210.0,USA,"OFallon, MO",True,C,14,1,1,2,0.79,0.07,0.07,0.14,13.2,37.3,0,0,0,0,0,0,0,0,0,0,0,0,0,0.0,-3,21,11,9.1,7,3,7,16,5,8,3,25,8,17,32.0,7,25,6,15,1,192,142,25,26,7809,718,291,6800,BUF,Atlantic,Eastern
2025-2026,20251121,30,UTA,14575,Sean Durzi,ROSTER,27.0,"6'0""",188.0,Canada,"Mississauga, ON",True,D,2,0,1,1,1.0,0.5,0.0,0.5,5.0,6.6,0,0,0,0,0,0,0,0,0,0,0,0,0,0.0,0,3,2,0.0,4,1,0,3,1,4,1,0,0,0,0.0,2,4,0,0,0,52,31,7,14,2271,34,72,2165,UTA,Central,Western
2025-2026,20251121,6,PHI,10069,Christian Dvorak,ROSTER,29.0,"6'1""",200.0,USA,"Palos, IL",False,C,19,6,7,13,1.89,0.37,0.32,0.68,12.6,13.1,2,0,0,0,0,1,1,0,0,0,0,0,0,0.0,4,56,36,16.7,9,9,11,10,11,12,2,209,114,95,54.5,4,8,3,6,0,424,200,94,136,19376,2658,1300,15418,PHI,Metropolitan,Eastern
2025-2026,20251121,17,STL,142730,Dalibor Dvorský,ROSTER,20.0,"6'1""",201.0,Slovakia,Zvolen,True,RW,11,3,0,3,1.27,0.0,0.27,0.27,13.6,3.3,1,3,0,3,0,0,0,0,0,0,0,0,0,0.0,-4,27,14,21.4,7,3,10,17,4,4,2,96,49,47,51.0,1,2,0,0,0,197,166,33,1,9286,1423,207,7656,STL,Central,Western
2025-2026,20251121,143,SEA,4505,Jordan Eberle,ROSTER,35.0,"5'11""",187.0,Canada,"Regina, SK",False,RW,20,8,6,14,2.65,0.3,0.4,0.7,16.4,16.4,2,1,4,5,0,0,0,2,0,0,2,0,0,0.0,4,95,53,15.1,9,16,26,19,22,17,5,15,7,8,46.7,5,10,1,2,0,461,236,114,110,23692,8842,1849,12642,SEA,Pacific,Western
2025-2026,20251121,28,LAK,5823,Joel Edmundson,ROSTER,32.0,"6'5""",224.0,Canada,"Brandon, MB",False,D,21,1,7,8,1.33,0.33,0.05,0.38,31.6,16.4,0,0,0,0,0,0,0,0,0,0,0,0,0,0.0,3,69,28,3.6,23,25,16,24,20,17,5,0,0,0,0.0,5,10,1,2,0,477,268,59,151,22025,3121,835,18069,LAK,Pacific,Western
2025-2026,20251121,9,NYR,39222,Adam Edstrom,ROSTER,25.0,"6'6""",210.0,Sweden,,True,C,19,1,2,3,0.79,0.11,0.05,0.16,27.5,3.3,0,0,0,0,0,0,0,0,0,0,0,0,0,0.0,2,26,15,6.7,12,5,6,39,7,8,5,2,2,0,100.0,1,2,0,0,0,270,182,48,31,10994,1580,637,8405,NYR,Metropolitan,Eastern
2025-2026,20251121,16,DET,37971,Simon Edvinsson,ROSTER,22.0,"6'4""",198.0,Sweden,Kungsbacka,True,D,21,3,3,6,1.19,0.14,0.14,0.29,55.4,59.3,1,0,0,0,0,0,0,1,0,0,0,0,0,0.0,-3,62,25,12.0,48,18,19,25,35,27,6,0,0,0,0.0,16,40,5,10,0,560,376,57,130,27136,3416,1008,22712,DET,Atlantic,Eastern
2025-2026,20251121,3,CAR,5419,Nikolaj Ehlers,ROSTER,29.0,"6'0""",172.0,Denmark,Aalborg,False,LW,20,4,9,13,2.85,0.45,0.2,0.65,6.2,9.8,1,1,3,4,0,0,0,2,0,0,0,0,0,0.0,6,117,57,7.0,4,30,30,6,9,28,6,15,6,9,40.0,3,6,3,6,0,377,193,71,117,19551,3085,1061,15405,CAR,Metropolitan,Eastern
2025-2026,20251121,142,VGK,5597,Jack Eichel,ROSTER,29.0,"6'2""",203.0,USA,"Chelmsford, MA",False,C,20,10,17,27,4.2,0.85,0.5,1.35,13.7,0.0,3,0,11,11,0,0,0,2,0,0,1,0,0,0.0,7,134,84,11.9,12,26,24,6,8,37,13,323,157,166,48.6,0,0,6,12,0,462,238,164,70,25203,4602,4030,16525,VGK,Pacific,Western
2025-2026,20251121,4,FLO,5414,Aaron Ekblad,ROSTER,29.0,"6'4""",215.0,Canada,"Windsor, ON",False,D,20,1,4,5,1.65,0.2,0.05,0.25,36.8,19.7,0,1,0,1,0,0,0,1,0,0,0,0,0,0.0,-5,80,33,3.0,29,30,17,23,14,10,6,0,0,0,0.0,6,12,1,2,0,547,223,98,227,27414,5391,1438,20585,FLA,,
2025-2026,20251121,24,EDM,5022,Mattias Ekholm,ROSTER,35.0,"6'4""",215.0,Sweden,Borlange,False,D,23,1,6,7,2.0,0.26,0.04,0.3,52.1,13.1,0,0,1,1,0,0,0,0,0,0,0,0,0,0.0,-6,106,46,2.2,48,40,20,17,30,33,11,0,0,0,0.0,4,8,3,6,0,562,331,92,132,28328,6612,1745,19566,EDM,Pacific,Western
2025-2026,20251121,26,SJS,32927,William Eklund,ROSTER,23.0,"5'10""",176.0,Sweden,Stockholm,True,LW,17,5,8,13,2.41,0.47,0.29,0.76,20.3,6.6,1,2,5,7,0,0,0,0,0,0,0,0,0,0.0,-9,85,41,12.2,15,23,21,15,14,17,5,7,0,7,0.0,2,4,4,8,0,375,253,59,68,20293,3975,571,15747,SJS,Pacific,Western
2025-2026,20251121,12,TOR,4866,Oliver Ekman-Larsson,ROSTER,34.0,"6'2""",200.0,Sweden,Karlskrona,False,D,21,2,13,15,1.38,0.62,0.1,0.71,33.1,23.0,0,0,3,3,0,0,0,0,0,0,0,0,0,0.0,6,68,29,6.9,22,24,15,30,30,36,5,0,0,0,0.0,7,14,3,6,0,590,315,131,146,26412,6267,1688,18457,TOR,Atlantic,Eastern
2025-2026,20251121,13,OTT,4723,Lars Eller,ROSTER,36.0,"6'2""",205.0,Denmark,Rødovre,False,C,20,2,4,6,0.95,0.2,0.1,0.3,19.4,0.0,0,0,0,0,1,0,1,0,0,0,0,0,0,0.0,-3,43,19,10.5,14,17,7,15,25,10,2,196,112,84,57.1,0,0,3,6,0,383,173,105,107,15981,5309,1423,9249,OTT,Atlantic,Eastern
2025-2026,20251121,24,EDM,30040,Ty Emberson,ROSTER,25.0,"6'1""",195.0,USA,"Eau Claire, WI",True,D,18,1,2,3,0.83,0.11,0.06,0.17,36.3,3.3,0,0,0,0,0,0,0,1,0,0,0,0,0,0.0,1,29,15,6.7,28,12,2,24,47,13,4,0,0,0,0.0,1,2,2,4,0,340,197,78,62,16591,2596,1916,11923,EDM,Pacific,Western
2025-2026,20251121,25,MIN,5615,Joel Eriksson Ek,ROSTER,28.0,"6'1""",210.0,Sweden,Karlstad,False,C,21,3,10,13,3.1,0.48,0.14,0.62,27.5,19.7,1,1,4,5,0,0,0,0,0,0,0,0,0,0.0,-4,108,65,4.6,12,20,23,39,19,11,6,458,239,219,52.2,6,12,6,12,0,441,200,143,101,25222,6118,1825,17277,MIN,Central,Western
2025-2026,20251121,27,DAL,11673,Adam Erne,ROSTER,30.0,"6'1""",212.0,USA,"New Haven, CT",False,LW,14,2,1,3,0.79,0.07,0.14,0.21,24.9,3.3,0,0,0,0,0,0,0,0,0,0,0,0,0,0.0,1,26,11,18.2,7,5,10,44,6,4,1,5,2,3,40.0,1,2,1,2,0,192,113,63,17,8082,1897,931,5207,DAL,Central,Western
2025-2026,20251121,18,NSH,28523,Luke Evangelista,ROSTER,23.0,"5'11""",166.0,Canada,"Oakville, ON",True,RW,19,2,8,10,2.0,0.42,0.11,0.53,5.8,9.8,0,1,3,4,0,0,0,0,0,0,1,1,0,0.0,0,69,38,5.3,4,9,22,5,24,19,7,0,0,0,0.0,3,6,5,10,0,343,236,65,45,17662,3174,813,13677,NSH,Central,Western
2025-2026,20251121,14,MTL,17548,Jake Evans,ROSTER,29.0,"6'0""",190.0,Canada,"Toronto, ON",False,C,20,3,3,6,1.2,0.15,0.15,0.3,26.8,13.4,1,0,0,0,1,0,1,0,0,0,0,0,0,0.0,-12,51,24,12.5,17,14,13,26,23,16,3,262,144,118,55.0,2,12,4,8,0,388,171,129,91,18732,3199,2302,13231,MTL,Atlantic,Eastern
2025-2026,20251121,143,SEA,34549,Ryker Evans,ROSTER,23.0,"5'11""",189.0,Canada,"Calgary, AB",True,D,7,2,2,4,1.14,0.29,0.29,0.57,5.4,0.0,0,0,0,0,0,0,0,0,0,0,0,0,0,0.0,3,17,8,25.0,4,5,4,4,6,9,1,0,0,0,0.0,0,0,3,6,0,146,99,20,29,7399,1069,281,6049,SEA,Pacific,Western
2025-2026,20251121,11,BOS,18068,Mikey Eyssimont,ROSTER,29.0,"6'0""",192.0,USA,"Littleton, CO",False,C,22,5,6,11,2.14,0.27,0.23,0.5,14.7,27.2,1,1,3,4,0,0,0,1,0,0,0,0,0,0.0,-6,78,47,10.6,9,15,16,15,20,14,2,2,1,1,50.0,6,15,8,19,1,346,179,81,91,15329,3254,1214,10861,BOS,Atlantic,Eastern
2025-2026,20251121,19,CBJ,9643,Dante Fabbro,ROSTER,27.0,"6'0""",189.0,Canada,"New Westminster, BC",False,D,21,1,3,4,0.95,0.14,0.05,0.19,46.0,6.6,0,0,0,0,0,0,0,0,0,0,0,0,0,0.0,-5,54,20,5.0,46,25,9,7,38,13,6,0,0,0,0.0,2,4,3,6,0,411,222,58,129,21033,2742,1235,16877,CBJ,Metropolitan,Eastern
2025-2026,20251121,25,MIN,38005,Brock Faber,ROSTER,23.0,"6'0""",190.0,USA,"Maple Grove, MN",True,D,21,4,6,10,2.24,0.29,0.19,0.48,41.4,3.3,1,0,4,4,0,0,0,1,0,0,0,0,0,0.0,-3,95,47,8.5,41,24,24,7,34,21,10,0,0,0,0.0,1,2,2,4,0,561,381,126,58,30262,5528,1944,22790,MIN,Central,Western
2025-2026,20251121,27,DAL,5116,Radek Faksa,ROSTER,31.0,"6'3""",220.0,Czech Republic,Opava,False,C,20,1,7,8,0.45,0.35,0.05,0.4,24.7,6.6,0,0,0,0,0,0,0,0,0,0,0,0,0,0.0,3,18,9,11.1,13,5,4,30,16,7,4,149,81,68,54.4,2,4,6,12,0,335,164,71,101,13814,2995,857,9962,DAL,Central,Western
2025-2026,20251121,19,CBJ,111258,Adam Fantilli,ROSTER,21.0,"6'2""",187.0,Canada,"Nobleton, ON",True,C,21,8,8,16,2.38,0.38,0.38,0.76,21.4,9.8,2,1,0,1,0,0,0,1,0,1,3,0,1,33.33,-2,114,50,16.0,13,36,28,22,16,22,8,188,96,92,51.1,3,6,5,10,0,398,338,53,13,21936,4476,567,17002,CBJ,Metropolitan,Eastern
2025-2026,20251121,23,CGY,14537,Joel Farabee,ROSTER,25.0,"6'0""",164.0,USA,"Cicero, NY",False,LW,22,4,5,9,1.91,0.23,0.18,0.41,22.8,14.1,1,0,2,2,0,0,0,0,0,0,0,0,0,0.0,-8,77,42,9.5,15,20,15,21,30,18,3,19,8,11,42.1,2,7,2,7,1,480,256,98,130,22856,3598,1644,17616,CGY,Pacific,Western
2025-2026,20251121,17,STL,5009,Justin Faulk,ROSTER,33.0,"6'0""",217.0,USA,"South St.Paul, MN",False,D,21,6,6,12,1.81,0.29,0.29,0.57,51.0,6.6,2,2,4,6,0,0,0,0,0,0,0,0,0,0.0,-2,74,38,15.8,46,24,12,19,23,16,5,0,0,0,0.0,2,4,0,0,0,602,320,111,177,29590,5888,1396,22306,STL,Central,Western
2025-2026,20251121,5,WSH,14569,Martin Fehervary,ROSTER,26.0,"6'2""",200.0,Slovakia,Bratislava,False,D,21,1,5,6,1.24,0.24,0.05,0.29,47.7,24.0,0,0,0,0,0,0,0,0,0,0,0,0,0,0.0,6,53,26,3.8,38,18,9,29,33,16,2,0,0,0,0.0,5,13,3,9,1,462,268,84,108,24064,2514,1553,19861,WSH,Metropolitan,Eastern
2025-2026,20251121,3,CAR,56335,Dominick Fensore,ROSTER,24.0,"5'7""",153.0,USA,"Thornwood, NY",False,D,1,0,0,0,2.0,0.0,0.0,0.0,3.2,0.0,0,0,0,0,0,0,0,0,0,0,0,0,0,0.0,-2,5,2,0.0,3,2,1,1,3,0,0,0,0,0,0.0,0,0,0,0,0,27,15,0,12,1162,46,0,1116,CAR,Metropolitan,Eastern
2025-2026,20251121,26,SJS,17138,Mario Ferraro,ROSTER,27.0,"5'11""",185.0,Canada,"King City, ON",False,D,21,1,3,4,1.0,0.14,0.05,0.19,63.2,6.6,0,0,0,0,0,0,0,0,0,0,0,0,0,0.0,-2,57,21,4.8,51,25,11,37,34,25,7,0,0,0,0.0,2,4,3,6,0,491,265,51,176,26301,2517,1225,22559,SJS,Pacific,Western
2025-2026,20251121,28,LAK,5438,Kevin Fiala,ROSTER,29.0,"5'10""",193.0,Switzerland,St. Gallen,False,LW,21,9,7,16,3.33,0.33,0.43,0.76,12.1,13.1,3,2,5,7,0,0,0,2,0,0,5,1,1,20.0,-3,135,70,12.9,8,33,32,11,22,32,5,6,1,5,16.7,4,8,5,10,0,421,205,125,100,24022,6015,2453,15854,LAK,Pacific,Western
2025-2026,20251121,1,TBL,28530,Jack Finley,ROSTER,23.0,"6'6""",213.0,USA,"St. Louis, MO",True,C,8,1,1,2,0.75,0.12,0.12,0.25,7.2,6.6,0,0,0,0,0,0,0,1,0,0,0,0,0,0.0,1,9,6,16.7,1,0,3,15,3,0,0,84,37,47,44.0,2,4,2,4,0,120,74,25,22,4438,542,313,3583,TBL,Atlantic,Eastern
2025-2026,20251121,16,DET,142439,Emmitt Finnie,ROSTER,20.0,"6'1""",195.0,Canada,"Lethbridge, AB",True,C,21,5,4,9,1.48,0.19,0.24,0.43,28.9,0.0,1,1,1,2,0,0,0,1,0,0,0,0,0,0.0,1,52,31,16.1,13,7,14,40,24,21,10,16,5,11,31.2,0,0,4,8,0,427,358,49,25,20585,4070,495,16020,DET,Atlantic,Eastern
2025-2026,20251121,143,SEA,142280,Oscar Fisker Mølgaard,ROSTER,,,,,,False,C,1,0,1,1,0.0,1.0,0.0,1.0,0.4,0.0,0,0,0,0,0,0,0,0,0,0,0,0,0,0.0,1,0,0,0.0,0,0,0,1,0,1,0,3,2,1,66.7,0,0,0,0,0,12,12,0,0,410,27,29,354,SEA,Pacific,Western
2025-2026,20251121,143,SEA,17180,Cale Fleury,ROSTER,27.0,"6'1""",205.0,Canada,"Carlyle, SK",False,D,4,0,1,1,0.75,0.25,0.0,0.25,4.4,10.8,0,0,0,0,0,0,0,0,0,0,0,0,0,0.0,0,9,3,0.0,2,3,3,6,7,3,1,0,0,0,0.0,1,5,2,7,1,80,52,13,15,3534,453,0,3081,SEA,Pacific,Western
2025-2026,20251121,2,WPJ,5422,Haydn Fleury,ROSTER,29.0,"6'3""",208.0,Canada,"Regina, SK",False,D,15,0,0,0,0.73,0.0,0.0,0.0,33.5,9.8,0,0,0,0,0,0,0,0,0,0,0,0,0,0.0,-5,26,11,0.0,26,7,8,22,22,11,5,0,0,0,0.0,3,6,0,0,0,296,180,54,62,13382,1268,2126,9988,WPG,,
2025-2026,20251121,28,LAK,14151,Warren Foegele,ROSTER,29.0,"6'2""",198.0,Canada,"Markham, ON",False,LW,16,3,0,3,1.25,0.0,0.19,0.19,10.3,13.1,1,0,0,0,0,0,0,0,0,0,1,0,0,0.0,1,44,20,15.0,3,10,14,18,16,17,1,10,3,7,30.0,4,8,2,4,0,292,154,86,55,13061,2303,1107,9651,LAK,Pacific,Western
2025-2026,20251121,6,PHI,28514,Tyson Foerster,ROSTER,23.0,"6'2""",194.0,Canada,"Alliston, ON",True,RW,15,5,3,8,1.93,0.2,0.33,0.53,14.7,16.7,1,1,0,1,0,0,0,0,0,0,0,0,0,0.0,4,56,29,17.2,9,12,15,15,18,9,5,2,1,1,50.0,3,14,0,0,0,354,239,92,29,16291,2951,752,12588,PHI,Metropolitan,Eastern
2025-2026,20251121,25,MIN,5055,Marcus Foligno,ROSTER,34.0,"6'3""",224.0,USA,"Buffalo, NY",False,LW,20,0,2,2,0.8,0.1,0.0,0.1,46.0,37.3,0,0,0,0,0,0,0,0,0,0,0,0,0,0.0,-10,34,16,0.0,18,7,11,70,16,10,3,4,1,3,25.0,7,25,5,13,1,330,160,82,88,15768,3915,1351,10502,MIN,Central,Western
2025-2026,20251121,20,CHI,4278,Nick Foligno,ROSTER,38.0,"6'0""",208.0,USA,"Buffalo, NY",False,LW,15,0,6,6,1.07,0.4,0.0,0.4,27.4,31.5,0,0,1,1,0,0,0,0,0,0,0,0,0,0.0,2,28,16,0.0,11,5,7,41,6,7,1,164,85,79,51.8,5,16,4,14,2,308,157,60,88,12560,3656,441,8306,CHI,Central,Western
2025-2026,20251121,21,VAN,5813,Derek Forbort,INJURY_LIST,33.0,"6'4""",219.0,USA,"Duluth, MN",False,D,2,0,0,0,0.5,0.0,0.0,0.0,4.6,3.3,0,0,0,0,0,0,0,0,0,0,0,0,0,0.0,0,1,1,0.0,4,0,0,2,8,5,0,0,0,0,0.0,1,2,0,0,0,39,20,6,13,1672,304,40,1328,VAN,Pacific,Western
2025-2026,20251121,2,WPJ,79680,Parker Ford,ASSIGNED_TO_MINORS,25.0,"5'9""",181.0,USA,"Wakefield, RI",True,C,11,0,1,1,0.64,0.09,0.0,0.09,18.6,6.6,0,0,0,0,0,0,0,0,0,0,0,0,0,0.0,-2,20,7,0.0,11,5,8,20,15,1,2,65,29,36,44.6,2,4,1,2,0,152,124,19,9,6480,1622,265,4593,WPG,,
2025-2026,20251121,18,NSH,5210,Filip Forsberg,ROSTER,31.0,"6'1""",205.0,Sweden,Ostervala,False,LW,20,8,7,15,3.05,0.35,0.4,0.75,28.9,13.1,2,0,3,3,0,0,0,0,0,0,1,0,1,100.0,0,127,61,13.1,9,38,28,49,9,30,13,8,2,6,25.0,4,8,8,16,0,437,202,172,71,22912,4566,5045,13466,NSH,Central,Western
2025-2026,20251121,4,FLO,10072,Gustav Forsling,ROSTER,29.0,"6'0""",186.0,Sweden,Linkping,False,D,20,0,10,10,1.35,0.5,0.0,0.5,30.9,9.8,0,0,0,0,0,0,0,0,0,0,0,0,0,0.0,5,66,27,0.0,25,27,12,18,15,13,7,0,0,0,0.0,3,6,5,10,0,533,303,111,119,26684,3895,2846,19943,FLA,,
2025-2026,20251121,17,STL,4800,Cam Fowler,ROSTER,33.0,"6'2""",214.0,Canada,"Windsor, ON",False,D,21,0,9,9,1.48,0.43,0.0,0.43,20.5,6.6,0,0,5,5,0,1,1,0,0,0,0,0,0,0.0,-10,74,31,0.0,21,32,11,2,23,15,6,0,0,0,0.0,2,4,1,2,0,582,317,147,118,28728,5786,1774,21168,STL,Central,Western
2025-2026,20251121,9,NYR,17179,Adam Fox,ROSTER,27.0,"5'11""",181.0,USA,"Jericho, NY",False,D,22,3,15,18,2.09,0.68,0.14,0.82,38.2,16.4,1,1,5,6,0,1,1,1,0,0,0,0,0,0.0,-3,122,46,6.5,35,53,24,13,32,26,16,0,0,0,0.0,5,10,4,8,0,578,293,186,82,31820,5922,2807,22154,NYR,Metropolitan,Eastern
2025-2026,20251121,5,WSH,120029,Ethan Frank,ROSTER,27.0,"5'11""",185.0,USA,"Papillion, NE",True,C,10,2,5,7,1.4,0.5,0.2,0.7,9.2,9.8,0,1,1,2,0,0,0,0,0,0,0,0,0,0.0,4,24,14,14.3,8,7,3,4,7,3,1,0,0,0,0.0,3,6,3,6,0,156,125,25,5,6328,1984,98,4369,WSH,Metropolitan,Eastern
2025-2026,20251121,24,EDM,9655,Trent Frederic,ROSTER,27.0,"6'2""",203.0,USA,"St. Louis, MO",False,C,23,2,0,2,1.13,0.0,0.09,0.09,32.5,24.0,0,0,0,0,0,0,0,1,0,0,0,0,0,0.0,-7,45,26,7.7,8,13,6,60,17,8,0,46,24,22,52.2,5,13,4,11,1,360,189,121,47,17045,3352,2131,11298,EDM,Pacific,Western
2025-2026,20251121,23,CGY,13642,Morgan Frost,ROSTER,26.0,"5'11""",170.0,Canada,"Barrie, ON",False,C,22,4,8,12,1.73,0.36,0.18,0.55,16.1,23.0,1,0,3,3,0,0,0,1,0,0,3,0,1,33.33,1,66,38,10.5,11,15,13,14,8,11,4,302,165,137,54.6,7,14,2,4,0,434,218,115,106,21082,4372,1935,14963,CGY,Pacific,Western
2025-2026,20251121,4,FLO,13855,Jonah Gadjovich,ROSTER,27.0,"6'2""",200.0,Canada,"Whitby, ON",False,LW,10,0,3,3,0.8,0.3,0.0,0.3,15.3,14.1,0,0,0,0,0,0,0,0,0,0,0,0,0,0.0,2,12,8,0.0,3,4,0,30,10,3,3,0,0,0,0.0,2,7,1,5,1,112,78,30,4,4766,977,768,3021,FLA,,
2025-2026,20251121,14,MTL,5149,Brendan Gallagher,ROSTER,33.0,"5'9""",186.0,Canada,"Edmonton, AB",False,RW,20,1,8,9,1.5,0.4,0.05,0.45,10.2,13.1,0,1,1,2,0,0,0,0,0,0,0,0,0,0.0,-1,54,30,3.3,2,14,10,20,17,9,4,2,2,0,100.0,4,8,3,6,0,345,192,83,71,15945,4616,1319,10010,MTL,Atlantic,Eastern
2025-2026,20251121,21,VAN,5718,Conor Garland,ROSTER,29.0,"5'10""",165.0,USA,"Scituate, MA",False,RW,18,5,8,13,2.44,0.44,0.28,0.72,11.2,20.7,1,1,4,5,0,0,0,1,0,0,1,0,0,0.0,1,81,44,11.4,8,15,22,9,30,22,6,16,5,11,31.2,4,11,5,13,1,409,170,98,146,21694,3782,1179,16733,VAN,Pacific,Western
2025-2026,20251121,8,NYI,53056,Marc Gatcomb,ASSIGNED_TO_MINORS,26.0,"6'2""",194.0,USA,"Woburn, MA",True,C,1,0,0,0,1.0,0.0,0.0,0.0,2.9,0.0,0,0,0,0,0,0,0,0,0,0,0,0,0,0.0,0,1,1,0.0,0,0,0,7,1,0,0,0,0,0,0.0,0,0,0,0,0,12,4,0,8,513,59,0,454,NYI,Metropolitan,Eastern
2025-2026,20251121,6,PHI,120274,Jacob Gaucher,ASSIGNED_TO_MINORS,24.0,"6'3""",185.0,Canada,"Longueuil, QC",True,C,3,0,0,0,1.0,0.0,0.0,0.0,1.8,0.0,0,0,0,0,0,0,0,0,0,0,0,0,0,0.0,-1,4,3,0.0,1,0,1,2,1,2,0,19,9,10,47.4,0,0,1,2,0,38,28,2,8,1578,205,120,1253,PHI,Metropolitan,Eastern
2025-2026,20251121,26,SJS,5737,Adam Gaudette,ROSTER,29.0,"6'1""",170.0,USA,"Braintree, MA",False,RW,17,5,1,6,1.47,0.06,0.29,0.35,9.5,13.1,1,1,0,1,0,0,0,1,0,0,0,0,0,0.0,-4,44,25,20.0,3,11,8,16,14,6,3,70,33,37,47.1,4,8,1,2,0,268,135,71,67,11886,2030,667,9189,SJS,Pacific,Western
2025-2026,20251121,143,SEA,10097,Frederick Gaudreau,ROSTER,32.0,"6'0""",179.0,Canada,"Granby, QC",False,C,7,0,1,1,0.86,0.14,0.0,0.14,6.9,3.3,0,0,0,0,0,0,0,0,0,0,0,0,0,0.0,1,11,6,0.0,6,2,3,3,5,6,2,96,36,60,37.5,1,2,1,2,0,151,61,42,48,5772,1369,521,3882,SEA,Pacific,Western
2025-2026,20251121,29,ANA,56588,Cutter Gauthier,ROSTER,21.0,"6'3""",200.0,,"Skellefteå, Sweden",False,LW,21,12,12,24,4.33,0.57,0.57,1.14,14.2,16.4,4,3,2,5,0,0,0,1,0,0,0,0,0,0.0,11,153,91,13.2,8,31,30,16,23,15,7,34,14,20,41.2,5,10,4,8,0,469,293,50,139,22529,2446,320,19731,ANA,Pacific,Western
2025-2026,20251121,9,NYR,5754,Vladislav Gavrikov,ROSTER,30.0,"6'3""",213.0,Russia,Yaroslavl,True,D,22,2,4,6,1.41,0.18,0.09,0.27,35.3,26.2,0,0,0,0,0,0,0,0,0,0,0,0,0,0.0,3,86,31,6.5,35,39,16,6,26,20,5,0,0,0,0.0,8,16,3,6,0,583,278,111,178,30102,2481,1777,25060,NYR,Metropolitan,Eastern
2025-2026,20251121,1,TBL,43380,Conor Geekie,ASSIGNED_TO_MINORS,21.0,"6'3""",196.0,Canada,"Strathclair, MB",True,C,6,0,1,1,0.83,0.17,0.0,0.17,10.9,6.6,0,0,0,0,0,0,0,0,0,0,0,0,0,0.0,0,12,5,0.0,5,3,4,15,7,5,0,21,8,13,38.1,2,4,1,2,0,88,69,18,1,3609,818,167,2624,TBL,Atlantic,Eastern
2025-2026,20251121,11,BOS,17978,Morgan Geekie,ROSTER,27.0,"6'3""",202.0,Canada,"Strathclair, MB",False,C,22,14,6,20,2.55,0.27,0.64,0.91,24.7,13.1,4,4,3,7,0,0,0,1,0,0,0,0,0,0.0,-8,92,56,25.0,9,19,17,39,28,14,6,82,38,44,46.3,4,8,10,20,0,434,233,161,54,23660,5682,3793,14185,BOS,Atlantic,Eastern
2025-2026,20251121,15,BUF,18139,Mason Geertsen,ROSTER,30.0,"6'4""",205.0,Canada,"Drayton Valley, AB",False,LW,5,0,0,0,0.2,0.0,0.0,0.0,3.3,13.4,0,0,0,0,0,0,0,0,0,0,0,0,0,0.0,-1,2,1,0.0,0,1,0,8,5,0,0,0,0,0,0.0,2,12,0,0,0,34,22,4,8,1236,240,71,925,BUF,Atlantic,Eastern
2025-2026,20251121,26,SJS,51603,Patrick Giles,ROSTER,25.0,"6'4""",201.0,USA,"Chevy Chase, MD",True,RW,3,0,1,1,0.67,0.33,0.0,0.33,3.1,0.0,0,0,0,0,0,0,0,0,0,0,0,0,0,0.0,1,5,2,0.0,2,3,0,3,3,1,0,15,9,6,60.0,0,0,0,0,0,38,21,12,5,1596,255,30,1311,SJS,Pacific,Western
2025-2026,20251121,6,PHI,14573,Adam Ginning,ASSIGNED_TO_MINORS,25.0,"6'4""",206.0,Sweden,Linköping,True,D,5,0,0,0,0.4,0.0,0.0,0.0,6.4,0.0,0,0,0,0,0,0,0,0,0,0,0,0,0,0.0,0,9,2,0.0,5,4,3,4,6,5,0,0,0,0,0.0,0,0,0,0,0,101,65,8,28,4602,418,47,4137,PHI,Metropolitan,Eastern
2025-2026,20251121,22,COL,13692,Samuel Girard,ROSTER,27.0,"5'10""",170.0,Canada,"Roberval, QC",False,D,5,0,2,2,0.8,0.4,0.0,0.4,6.4,3.3,0,0,0,0,0,0,0,0,0,0,0,0,0,0.0,4,15,4,0.0,5,7,4,4,9,4,1,0,0,0,0.0,1,2,0,0,0,110,70,11,29,5172,699,389,4084,COL,Central,Western
2025-2026,20251121,1,TBL,5254,Zemgus Girgensons,ROSTER,31.0,"6'2""",211.0,Latvia,Riga,False,C,13,4,1,5,1.0,0.08,0.31,0.38,27.7,9.8,1,0,0,0,0,0,0,0,0,0,0,0,0,0.0,-3,25,13,30.8,14,7,5,35,17,6,1,60,26,34,43.3,3,6,0,0,0,276,131,93,56,11650,2983,720,7947,TBL,Atlantic,Eastern
2025-2026,20251121,13,OTT,4394,Claude Giroux,ROSTER,37.0,"5'11""",185.0,Canada,"Hearst, ON",False,RW,20,4,10,14,2.0,0.5,0.2,0.7,12.1,6.6,1,1,3,4,0,0,0,1,0,0,0,0,0,0.0,4,64,40,10.0,4,11,13,20,4,20,6,148,102,46,68.9,2,4,2,4,0,488,249,113,130,20047,6394,1060,12593,OTT,Atlantic,Eastern
2025-2026,20251121,7,NJD,13621,Cody Glass,ROSTER,26.0,"6'2""",192.0,Canada,"Winnipeg, MB",False,C,10,3,0,3,1.9,0.0,0.3,0.3,5.9,9.8,1,1,0,1,0,0,0,0,0,0,0,0,0,0.0,0,26,19,15.8,5,3,4,3,9,8,0,95,46,49,48.4,3,6,3,6,0,174,88,42,47,7186,1127,252,5807,NJD,Metropolitan,Eastern
2025-2026,20251121,7,NJD,5268,Luke Glendening,ROSTER,36.0,"5'11""",191.0,USA,"Grand Rapids, MI",False,C,20,0,3,3,0.6,0.15,0.0,0.15,25.9,3.3,0,0,0,0,0,1,1,0,0,0,0,0,0,0.0,-4,21,12,0.0,17,4,5,24,20,6,1,232,126,106,54.3,1,2,0,0,0,329,139,116,72,12139,2229,980,8874,NJD,Metropolitan,Eastern
2025-2026,20251121,1,TBL,28531,Gage Goncalves,ROSTER,24.0,"6'0""",165.0,Canada,"Mission, BC",True,C,20,1,4,5,0.75,0.2,0.05,0.25,19.9,6.6,0,0,1,1,0,0,0,0,0,0,0,0,0,0.0,4,40,15,6.7,11,12,13,23,23,18,4,9,3,6,33.3,2,4,5,10,0,335,216,65,56,15322,2754,434,12133,TBL,Atlantic,Eastern
2025-2026,20251121,26,SJS,5476,Barclay Goodrow,ROSTER,32.0,"6'2""",215.0,Canada,"Aurora, ON",False,C,21,0,1,1,0.81,0.05,0.0,0.05,26.0,9.8,0,0,0,0,0,0,0,0,0,0,0,0,0,0.0,-5,30,17,0.0,14,8,5,31,14,9,3,11,5,6,45.5,3,6,1,2,0,346,156,93,97,14935,2552,1632,10751,SJS,Pacific,Western
2025-2026,20251121,3,CAR,5440,Shayne Gostisbehere,ROSTER,32.0,"5'11""",180.0,USA,"Margate, FL",False,D,11,1,12,13,1.64,1.09,0.09,1.18,14.7,6.6,0,0,2,2,0,0,0,0,0,0,0,0,0,0.0,12,48,18,5.6,13,20,10,6,10,13,2,0,0,0,0.0,2,4,2,4,0,236,128,51,59,11949,2995,843,8075,CAR,Metropolitan,Eastern
2025-2026,20251121,1,TBL,5890,Yanni Gourde,ROSTER,33.0,"5'9""",173.0,Canada,"Saint-Narcisse, QC",False,C,20,3,3,6,1.65,0.15,0.15,0.3,22.8,24.7,1,0,0,0,0,0,0,0,0,0,0,0,0,0.0,1,51,33,9.1,11,6,12,30,29,21,3,199,81,118,40.7,7,16,4,8,0,431,202,106,126,19301,4215,1525,13561,TBL,Atlantic,Eastern
2025-2026,20251121,26,SJS,133812,Collin Graf,ROSTER,23.0,"6'0""",180.0,USA,"Lincoln, MA",True,RW,20,2,7,9,0.75,0.35,0.1,0.45,21.0,0.0,0,0,0,0,1,1,2,1,0,1,0,0,0,0.0,0,40,15,13.3,14,16,9,19,12,10,4,6,3,3,50.0,0,0,2,4,0,383,285,23,77,18206,2164,48,15994,SJS,Pacific,Western
2025-2026,20251121,29,ANA,5126,Mikael Granlund,ROSTER,33.0,"5'10""",185.0,Finland,Oulu,False,C,9,3,6,9,2.33,0.67,0.33,1.0,4.1,6.6,1,1,1,2,0,0,0,0,0,0,0,0,0,0.0,3,37,21,14.3,3,5,11,3,8,7,3,142,75,67,52.8,2,4,4,8,0,192,92,56,48,9246,2808,410,6061,ANA,Pacific,Western
2025-2026,20251121,10,PIT,15450,Ryan Graves,ROSTER,30.0,"6'5""",220.0,Canada,"Yarmouth, NS",False,D,5,1,0,1,1.8,0.0,0.2,0.2,12.0,6.6,0,0,0,0,0,0,0,0,0,0,0,0,0,0.0,2,13,9,11.1,11,3,1,4,7,6,0,0,0,0,0.0,2,4,1,2,0,98,57,20,22,4950,751,804,3395,PIT,Metropolitan,Eastern
2025-2026,20251121,6,PHI,56677,Nikita Grebenkin,ROSTER,22.0,"6'2""",183.0,Russia,Serov,False,RW,12,1,2,3,0.5,0.17,0.08,0.25,11.1,27.5,0,0,0,0,0,0,0,0,0,0,0,0,0,0.0,-3,16,6,16.7,3,7,3,20,22,9,2,2,2,0,100.0,4,19,3,9,1,157,131,15,12,6903,986,91,5826,PHI,Metropolitan,Eastern
2025-2026,20251121,20,CHI,56365,Ryan Greene,ROSTER,22.0,"6'1""",179.0,Canada,"Paradise, NL and Labrador",False,C,20,2,3,5,0.75,0.15,0.1,0.25,10.2,3.3,0,0,0,0,0,0,0,0,0,0,0,0,0,0.0,4,27,15,13.3,6,7,5,11,9,9,6,172,74,98,43.0,1,2,2,4,0,421,242,46,132,18153,1799,177,15905,CHI,Central,Western
2025-2026,20251121,15,BUF,14152,Jordan Greenway,ROSTER,28.0,"6'6""",225.0,USA,"Canton, NY",False,LW,10,1,1,2,1.1,0.1,0.1,0.2,10.1,24.0,0,0,0,0,0,0,0,0,0,0,0,0,0,0.0,-7,21,11,9.1,5,4,6,13,6,4,1,13,8,5,61.5,5,13,3,9,1,217,96,27,95,8904,1452,169,7283,BUF,Atlantic,Eastern
2025-2026,20251121,4,FLO,5634,Anthony-John Greer,ROSTER,28.0,"6'3""",204.0,Canada,"Joliette, QC",False,LW,20,4,2,6,0.85,0.1,0.2,0.3,32.3,45.6,1,0,0,0,0,0,0,0,0,0,0,0,0,0.0,1,27,17,23.5,6,4,6,64,18,13,0,7,2,5,28.6,7,23,6,21,3,263,134,57,75,11323,1785,348,9190,FLA,,
2025-2026,20251121,4,FLO,15118,Noah Gregor,ROSTER,27.0,"6'0""",185.0,Canada,"Beaumont, AB",False,LW,7,0,1,1,1.29,0.14,0.0,0.14,3.9,3.3,0,0,0,0,0,0,0,0,0,0,0,0,0,0.0,1,15,9,0.0,1,2,4,7,3,1,0,5,1,4,20.0,1,2,0,0,0,83,50,15,18,3534,552,66,2916,FLA,,
2025-2026,20251121,13,OTT,28535,Ridly Greig,ROSTER,23.0,"6'0""",181.0,Canada,"Lethbridge, AB",True,C,19,2,6,8,1.58,0.32,0.11,0.42,22.6,31.2,0,0,2,2,0,0,0,0,0,0,0,0,0,0.0,-1,55,30,6.7,13,14,11,25,33,10,5,121,70,51,57.9,9,20,7,14,0,465,271,76,120,19629,3244,732,15653,OTT,Atlantic,Eastern
2025-2026,20251121,23,CGY,142358,Matvei Gridin,ASSIGNED_TO_MINORS,,,,,,False,RW,4,1,0,1,2.25,0.0,0.25,0.25,3.2,0.0,0,0,0,0,0,0,0,0,0,0,1,0,0,0.0,-3,15,9,11.1,3,4,2,1,4,6,2,4,0,4,0.0,0,0,0,0,0,76,68,8,1,3532,574,41,2917,CGY,Pacific,Western
2025-2026,20251121,7,NJD,56524,Arseni Gritsyuk,ROSTER,24.0,"5'10""",168.0,Russia,Krasnoyarsk,False,RW,20,4,6,10,2.25,0.3,0.2,0.5,15.1,9.8,1,2,1,3,0,0,0,0,0,0,1,0,0,0.0,-2,80,45,8.9,5,16,19,25,24,10,7,6,4,2,66.7,3,6,1,2,0,380,256,76,51,17887,2195,940,14693,NJD,Metropolitan,Eastern
2025-2026,20251121,6,PHI,15134,Carl Grundstrom,ASSIGNED_TO_MINORS,27.0,"6'0""",201.0,Sweden,Umeå,False,RW,1,0,0,0,0.0,0.0,0.0,0.0,1.8,0.0,0,0,0,0,0,0,0,0,0,0,0,0,0,0.0,0,1,0,0.0,1,0,1,2,3,1,0,0,0,0,0.0,0,0,0,0,0,15,7,4,4,617,113,108,396,PHI,Metropolitan,Eastern
2025-2026,20251121,20,CHI,11572,Matt Grzelcyk,ROSTER,31.0,"5'9""",174.0,USA,"Charlestown, MA",False,D,20,0,4,4,1.35,0.2,0.0,0.2,18.3,13.4,0,0,0,0,0,0,0,0,0,0,0,0,0,0.0,9,52,27,0.0,16,10,15,8,20,18,6,0,0,0,0.0,2,12,1,2,0,414,209,91,112,18539,3147,1232,13916,CHI,Central,Western
2025-2026,20251121,29,ANA,5185,Radko Gudas,ROSTER,35.0,"6'0""",205.0,Czech Republic,Prague,False,D,10,1,2,3,1.2,0.2,0.1,0.3,33.1,14.1,0,0,0,0,0,0,0,0,0,0,0,0,0,0.0,-2,31,12,8.3,18,10,9,39,18,9,3,0,0,0,0.0,2,7,2,7,1,203,121,25,59,9248,1901,608,6706,ANA,Pacific,Western
2025-2026,20251121,19,CBJ,4988,Erik Gudbranson,ROSTER,33.0,"6'5""",217.0,Canada,"Ottawa, ON",False,D,4,0,0,0,0.75,0.0,0.0,0.0,3.0,9.8,0,0,0,0,0,0,0,0,0,0,0,0,0,0.0,-2,7,3,0.0,1,3,1,5,4,3,1,0,0,0,0.0,3,6,0,0,0,75,36,8,28,3562,700,350,2303,CBJ,Metropolitan,Eastern
2025-2026,20251121,30,UTA,33436,Dylan Guenther,ROSTER,22.0,"6'2""",175.0,Canada,"Edmonton, AB",True,RW,21,8,7,15,3.52,0.33,0.38,0.71,13.5,9.8,2,2,2,4,0,0,0,4,0,2,0,0,0,0.0,-1,136,74,10.8,6,27,35,19,32,23,5,22,10,12,45.5,3,6,6,12,0,444,274,56,122,22311,3907,464,17940,UTA,Central,Western
2025-2026,20251121,1,TBL,11327,Jake Guentzel,ROSTER,31.0,"5'11""",180.0,USA,"Omaha, NE",False,C,20,12,9,21,3.05,0.45,0.6,1.05,15.0,9.8,4,3,3,6,1,0,1,2,0,1,0,0,0,0.0,3,96,61,19.7,12,14,21,9,14,13,6,91,50,41,54.9,3,6,5,10,0,466,227,135,116,25061,6568,3421,15035,TBL,Atlantic,Eastern
2025-2026,20251121,14,MTL,28518,Kaiden Guhle,ROSTER,23.0,"6'2""",205.0,Canada,"Sherwood Park, AB",True,D,5,1,1,2,1.4,0.2,0.2,0.4,11.4,14.1,0,0,0,0,0,0,0,1,0,0,0,0,0,0.0,1,13,7,14.3,5,5,1,16,12,7,3,0,0,0,0.0,2,7,3,9,1,103,63,14,28,5772,629,59,5084,MTL,Atlantic,Eastern
2025-2026,20251121,1,TBL,17379,Brandon Hagel,ROSTER,27.0,"6'0""",175.0,Canada,"Saskatoon, SK",True,LW,19,7,8,15,2.79,0.42,0.37,0.79,14.4,16.4,2,1,2,3,0,0,0,2,0,0,0,0,0,0.0,4,115,53,13.2,10,23,39,12,29,24,8,24,11,13,45.8,5,10,9,18,0,453,256,135,70,22152,5312,2676,14192,TBL,Atlantic,Eastern
2025-2026,20251121,18,NSH,14446,Nicolas Hague,ROSTER,26.0,"6'6""",221.0,Canada,"Kitchener, ON",False,D,12,1,2,3,0.75,0.17,0.08,0.25,16.4,9.8,0,0,0,0,0,0,0,0,0,0,0,0,0,0.0,-7,34,9,11.1,9,16,9,19,17,11,2,0,0,0,0.0,3,6,0,0,0,289,160,39,91,14465,1818,772,11875,NSH,Central,Western
2025-2026,20251121,25,MIN,53028,Hunter Haight,ASSIGNED_TO_MINORS,21.0,"5'11""",174.0,Canada,"Strathroy, ON",True,C,2,0,0,0,0.0,0.0,0.0,0.0,0.8,0.0,0,0,0,0,0,0,0,0,0,0,0,0,0,0.0,-2,0,0,0.0,0,0,0,2,4,0,0,16,7,9,43.8,0,0,0,0,0,24,16,0,8,1124,111,0,1013,MIN,Central,Western
2025-2026,20251121,3,CAR,4846,Taylor Hall,ROSTER,34.0,"6'1""",205.0,Canada,"Calgary, AB",False,LW,20,5,7,12,1.7,0.35,0.25,0.6,11.6,16.4,1,0,0,0,0,0,0,0,0,0,1,0,0,0.0,7,76,34,14.7,7,23,19,12,35,15,7,15,5,10,33.3,5,10,5,10,0,352,181,98,78,17154,5055,702,11397,CAR,Metropolitan,Eastern
2025-2026,20251121,10,PIT,14581,Filip Hallander,ROSTER,25.0,"6'2""",188.0,Sweden,Sundsvall,True,C,13,1,3,4,1.69,0.23,0.08,0.31,5.9,3.3,0,0,0,0,1,0,1,1,0,0,0,0,0,0.0,4,47,22,4.5,5,13,12,3,11,12,2,2,0,2,0.0,1,2,3,6,0,234,140,56,39,10251,2053,813,7385,PIT,Metropolitan,Eastern
2025-2026,20251121,13,OTT,56572,Stephen Halliday,ROSTER,23.0,"6'3""",213.0,Canada,"Toronto, ON",False,C,1,0,1,1,0.0,1.0,0.0,1.0,0.9,0.0,0,0,1,1,0,0,0,0,0,0,0,0,0,0.0,0,0,0,0.0,1,0,0,0,1,0,0,3,1,2,33.3,0,0,0,0,0,9,6,2,1,328,142,0,186,OTT,Atlantic,Eastern
2025-2026,20251121,7,NJD,53065,Brian Halonen,ROSTER,26.0,"6'0""",205.0,USA,"Delano, MN",True,LW,9,1,0,1,0.44,0.0,0.11,0.11,9.4,10.8,0,0,0,0,0,0,0,1,0,0,0,0,0,0.0,-1,11,4,25.0,2,3,4,18,9,2,2,0,0,0,0.0,1,5,1,5,1,96,80,16,1,4051,1215,211,2625,NJD,Metropolitan,Eastern
2025-2026,20251121,7,NJD,4994,Dougie Hamilton,ROSTER,32.0,"6'6""",229.0,Canada,"Toronto, ON",False,D,16,4,3,7,2.62,0.19,0.25,0.44,25.8,11.5,1,2,2,4,0,0,0,1,0,0,0,0,0,0.0,0,91,42,9.5,20,30,19,17,19,28,2,0,0,0,0.0,3,8,1,2,0,396,213,52,135,20115,5180,884,14051,NJD,Metropolitan,Eastern
2025-2026,20251121,16,DET,4915,Travis Hamonic,ROSTER,35.0,"6'2""",205.0,Canada,"St. Malo, MB",False,D,12,0,1,1,1.0,0.08,0.0,0.08,17.7,28.2,0,0,0,0,0,0,0,0,0,0,0,0,0,0.0,-5,23,12,0.0,14,9,2,11,16,10,2,0,0,0,0.0,4,14,2,10,2,249,137,39,73,10189,2111,565,7513,DET,Atlantic,Eastern
2025-2026,20251121,142,VGK,5600,Noah Hanifin,ROSTER,28.0,"6'3""",215.0,USA,"Boston, MA",False,D,10,1,3,4,2.9,0.3,0.1,0.4,14.7,3.3,0,0,1,1,0,0,0,0,0,0,0,0,0,0.0,-4,65,29,3.4,13,18,18,6,21,9,5,0,0,0,0.0,1,2,1,2,0,284,144,63,78,13910,1354,866,11690,VGK,Pacific,Western
2025-2026,20251121,23,CGY,8966,Joel Hanley,ROSTER,34.0,"5'11""",190.0,Canada,"Keswick, ON",False,D,19,0,3,3,0.68,0.16,0.0,0.16,33.4,24.0,0,0,0,0,0,0,0,0,0,0,0,0,0,0.0,-2,43,13,0.0,29,17,13,15,45,19,4,0,0,0,0.0,5,13,1,5,1,505,269,102,134,19103,2459,2067,14577,CGY,Pacific,Western
2025-2026,20251121,29,ANA,14456,Jansen Harkins,ROSTER,28.0,"6'1""",183.0,USA,"North Vancouver, BC, Canada",True,C,11,2,0,2,0.55,0.0,0.18,0.18,22.8,6.6,0,0,0,0,0,0,0,0,0,0,0,0,0,0.0,-1,12,6,33.3,7,4,2,39,7,4,2,75,41,34,54.7,2,4,3,6,0,155,87,48,22,6176,984,606,4586,ANA,Pacific,Western
2025-2026,20251121,27,DAL,20433,Thomas Harley,ROSTER,24.0,"6'3""",188.0,USA,"Syracuse, NY",True,D,18,1,9,10,1.17,0.5,0.06,0.56,44.1,13.1,0,0,3,3,0,0,0,0,0,0,0,0,0,0.0,-7,66,21,4.8,43,33,12,9,32,26,7,0,0,0,0.0,4,8,2,4,0,444,279,97,64,24824,3915,1502,19137,DAL,Central,Western
2025-2026,20251121,11,BOS,38615,Jordan Harris,ROSTER,25.0,"5'11""",189.0,USA,"Haverhill, MA",True,D,5,1,1,2,1.8,0.2,0.2,0.4,4.5,0.0,0,0,0,0,0,0,0,0,0,0,0,0,0,0.0,0,12,9,11.1,3,1,2,4,15,5,1,0,0,0,0.0,0,0,0,0,0,106,72,18,17,4689,1056,345,3288,BOS,Atlantic,Eastern
2025-2026,20251121,25,MIN,5522,Ryan Hartman,ROSTER,31.0,"6'0""",189.0,USA,"Hilton Head Island, SC",False,RW,20,4,3,7,2.05,0.15,0.2,0.35,25.7,9.8,1,1,0,1,0,0,0,1,0,0,0,0,0,0.0,-4,91,41,9.8,19,22,28,19,22,13,9,255,112,143,43.9,3,6,7,14,0,340,165,137,42,19178,3480,2966,12732,MIN,Central,Western
2025-2026,20251121,6,PHI,5926,Garnet Hathaway,ROSTER,33.0,"6'3""",210.0,USA,"Naples, FL",False,RW,19,0,0,0,0.42,0.0,0.0,0.0,40.4,33.8,0,0,0,0,0,0,0,0,0,0,0,0,0,0.0,-7,15,8,0.0,12,2,5,70,22,7,1,5,4,1,80.0,8,19,8,19,1,282,147,50,85,11268,1885,617,8766,PHI,Metropolitan,Eastern
2025-2026,20251121,18,NSH,5301,Erik Haula,ROSTER,34.0,"6'0""",193.0,Finland,Pori,False,LW,20,3,7,10,1.3,0.35,0.15,0.5,20.9,29.5,1,1,2,3,0,0,0,0,0,0,1,0,1,100.0,-4,53,26,11.5,9,15,12,30,14,13,7,215,112,103,52.1,9,18,2,4,0,429,194,125,114,19380,4710,1237,13591,NSH,Central,Western
2025-2026,20251121,143,SEA,12273,John Hayden,ASSIGNED_TO_MINORS,30.0,"6'3""",215.0,USA,"Chicago, IL",False,C,3,0,0,0,0.67,0.0,0.0,0.0,4.8,3.3,0,0,0,0,0,0,0,0,0,0,0,0,0,0.0,-1,5,2,0.0,2,2,1,7,0,2,1,15,6,9,40.0,1,2,0,0,0,42,19,11,12,1814,490,44,1280,SEA,Pacific,Western
2025-2026,20251121,10,PIT,5461,Kevin Hayes,ROSTER,33.0,"6'5""",216.0,USA,"Boston, MA",False,RW,4,0,1,1,1.25,0.25,0.0,0.25,3.9,0.0,0,0,0,0,0,0,0,0,0,0,0,0,0,0.0,1,9,5,0.0,1,2,2,7,2,2,0,22,8,14,36.4,0,0,0,0,0,61,34,25,2,2784,585,254,1945,PIT,Metropolitan,Eastern
2025-2026,20251121,30,UTA,14528,Barrett Hayton,ROSTER,25.0,"6'1""",190.0,Canada,"Kitchener, ON",False,C,19,2,2,4,1.47,0.11,0.11,0.21,9.8,19.9,0,0,0,0,0,0,0,0,0,0,0,0,0,0.0,1,50,28,7.1,10,8,14,1,14,12,5,209,108,101,51.7,4,16,6,12,0,401,245,105,53,17850,3206,1405,13239,UTA,Central,Western
2025-2026,20251121,1,TBL,4685,Victor Hedman,ROSTER,34.0,"6'6""",229.0,Sweden,Ornskoldsvik,False,D,15,0,12,12,1.53,0.8,0.0,0.8,29.2,6.6,0,0,6,6,0,0,0,0,0,0,0,0,0,0.0,1,73,23,0.0,28,26,24,7,10,25,5,0,0,0,0.0,2,4,5,10,0,392,215,58,119,20336,6813,1204,12319,TBL,Atlantic,Eastern
2025-2026,20251121,8,NYI,30049,Emil Heineman,ROSTER,24.0,"6'1""",185.0,Sweden,Leksand,True,LW,21,9,6,15,2.05,0.29,0.43,0.71,39.6,16.4,3,1,0,1,0,0,0,0,0,0,0,0,0,0.0,7,84,43,20.9,12,20,21,68,35,9,3,4,3,1,75.0,5,10,1,2,0,416,311,76,38,18606,3370,715,14521,NYI,Metropolitan,Eastern
2025-2026,20251121,10,PIT,10076,Danton Heinen,ROSTER,30.0,"6'1""",188.0,Canada,"Langley, BC",False,LW,4,0,0,0,1.5,0.0,0.0,0.0,6.9,3.3,0,0,0,0,0,0,0,0,0,0,0,0,0,0.0,0,11,6,0.0,6,3,2,3,2,0,0,4,2,2,50.0,1,2,0,0,0,67,32,20,15,2781,314,412,2055,PIT,Metropolitan,Eastern
2025-2026,20251121,27,DAL,13618,Miro Heiskanen,ROSTER,26.0,"6'1""",190.0,Finland,Espoo,False,D,21,3,16,19,2.33,0.76,0.14,0.9,35.4,9.8,1,1,6,7,0,0,0,1,0,0,0,0,0,0.0,0,91,49,6.1,36,27,15,4,50,25,14,0,0,0,0.0,3,6,8,16,0,524,298,155,67,32170,7218,3073,21566,DAL,Central,Western
2025-2026,20251121,28,LAK,37992,Samuel Helenius,ROSTER,22.0,"6'6""",201.0,Finland,Järvenpää,True,C,2,0,0,0,1.0,0.0,0.0,0.0,4.7,0.0,0,0,0,0,0,0,0,0,0,0,0,0,0,0.0,-1,3,2,0.0,1,0,1,9,1,1,0,11,3,8,27.3,0,0,0,0,0,25,23,0,2,1100,106,0,994,LAK,Pacific,Western
2025-2026,20251121,29,ANA,38013,Drew Helleson,ROSTER,24.0,"6'3""",205.0,USA,"Farmington, MN",True,D,21,2,7,9,0.95,0.33,0.1,0.43,39.0,6.6,0,0,0,0,0,2,2,0,0,0,0,0,0,0.0,0,58,20,10.0,30,29,9,26,43,18,7,0,0,0,0.0,2,4,2,4,0,541,218,61,264,24246,1688,364,22194,ANA,Pacific,Western
2025-2026,20251121,24,EDM,4983,Adam Henrique,ROSTER,35.0,"6'0""",195.0,Canada,"Brantford, ON",False,C,23,2,4,6,1.57,0.17,0.09,0.26,33.5,3.3,0,0,1,1,0,0,0,0,0,0,0,0,0,0.0,-7,63,36,5.6,30,14,13,13,10,18,6,219,127,92,58.0,1,2,0,0,0,439,227,99,108,19684,5984,749,12696,EDM,Pacific,Western
2025-2026,20251121,142,VGK,5255,Tomas Hertl,ROSTER,32.0,"6'2""",215.0,Czech Republic,Prague,False,C,20,8,9,17,2.95,0.45,0.4,0.85,18.0,13.1,2,3,3,6,0,0,0,1,0,0,0,0,0,0.0,2,105,59,13.6,9,24,22,23,18,15,7,325,193,132,59.4,4,8,5,12,0,407,174,121,120,21668,5559,1525,14489,VGK,Pacific,Western
2025-2026,20251121,25,MIN,5841,Vincent Hinostroza,ROSTER,31.0,"5'9""",173.0,USA,"Chicago, IL",False,C,21,2,3,5,0.95,0.14,0.1,0.24,13.5,6.6,0,0,1,1,0,0,0,1,0,0,0,0,0,0.0,-5,46,20,10.0,6,13,13,19,19,15,7,23,11,12,47.8,2,4,5,12,0,286,123,98,67,14501,3453,1188,9860,MIN,Central,Western
2025-2026,20251121,27,DAL,5643,Roope Hintz,ROSTER,29.0,"6'3""",220.0,Finland,Tampere,False,C,16,4,12,16,2.94,0.75,0.25,1.0,11.9,3.3,1,1,7,8,0,0,0,1,0,1,0,0,0,0.0,1,70,47,8.5,6,7,16,15,9,12,1,239,133,106,55.6,1,2,1,2,0,374,167,103,108,17376,3904,994,12478,DAL,Central,Western
2025-2026,20251121,7,NJD,13616,Nico Hischier,ROSTER,26.0,"6'1""",175.0,Switzerland,Naters,False,C,20,4,9,13,2.1,0.45,0.2,0.65,27.0,6.6,1,0,3,3,0,0,0,0,0,0,0,0,0,0.0,4,89,42,9.5,23,26,21,13,10,17,9,404,216,188,53.5,2,4,4,8,0,498,241,117,142,25114,4555,1542,18924,NJD,Metropolitan,Eastern
2025-2026,20251121,13,OTT,38443,Hayden Hodgson,ROSTER,29.0,"6'2""",207.0,Canada,"Windsor, ON",True,RW,4,0,0,0,0.0,0.0,0.0,0.0,5.8,0.0,0,0,0,0,0,0,0,0,0,0,0,0,0,0.0,-2,5,0,0.0,0,0,5,14,3,2,0,0,0,0,0.0,0,0,0,0,0,42,30,9,3,1787,300,91,1396,OTT,Atlantic,Eastern
2025-2026,20251121,17,STL,30060,Dylan Holloway,ROSTER,24.0,"6'1""",203.0,Canada,"Calgary, AB",True,LW,21,5,4,9,2.1,0.19,0.24,0.43,37.4,6.6,1,1,1,2,0,0,0,0,0,0,1,1,0,0.0,-11,90,44,11.4,15,35,11,56,30,16,4,12,7,5,58.3,2,4,4,8,0,451,288,108,60,23085,4923,2266,15896,STL,Central,Western
2025-2026,20251121,1,TBL,39074,Pontus Holmberg,ROSTER,26.0,"5'10""",175.0,Sweden,Västerås,True,RW,15,1,4,5,1.0,0.27,0.07,0.33,14.1,16.4,0,0,0,0,0,0,0,1,0,0,0,0,0,0.0,1,31,15,6.7,7,7,9,18,21,8,2,35,11,24,31.4,5,10,6,12,0,271,159,75,38,11157,2069,707,8381,TBL,Atlantic,Eastern
2025-2026,20251121,8,NYI,18114,Simon Holmstrom,ROSTER,24.0,"6'0""",193.0,Sweden,Tranas,False,RW,20,4,5,9,1.05,0.25,0.2,0.45,22.7,9.8,1,0,0,0,1,1,2,1,0,0,2,0,1,50.0,-6,46,21,19.0,22,11,14,5,17,13,4,4,2,2,50.0,3,6,6,12,0,426,253,88,90,18782,2998,1341,14518,NYI,Metropolitan,Eastern
2025-2026,20251121,142,VGK,30063,Alexander Holtz,ROSTER,23.0,"6'0""",192.0,Sweden,Stockholm,True,RW,7,0,0,0,1.71,0.0,0.0,0.0,3.6,8.3,0,0,0,0,0,0,0,0,0,0,0,0,0,0.0,-1,24,12,0.0,3,5,7,2,7,4,0,2,0,2,0.0,2,6,1,2,0,111,82,28,1,4765,1475,252,3038,VGK,Pacific,Western
2025-2026,20251121,23,CGY,111747,Samuel Honzek,ROSTER,21.0,"6'4""",186.0,Slovakia,Trencin,True,LW,18,2,2,4,1.22,0.11,0.11,0.22,20.2,3.3,0,0,0,0,0,0,0,0,0,0,0,0,0,0.0,1,42,22,9.1,6,8,12,35,14,9,1,11,6,5,54.5,1,2,3,6,0,342,286,21,37,13329,1580,76,11673,CGY,Pacific,Western
2025-2026,20251121,8,NYI,5233,Bo Horvat,ROSTER,30.0,"6'0""",215.0,Canada,"London, ON",False,C,21,14,11,25,3.33,0.52,0.67,1.19,11.5,24.9,4,3,5,8,1,0,1,3,0,0,2,1,0,0.0,14,120,70,20.0,6,23,27,14,15,23,4,384,223,161,58.1,5,20,3,6,0,508,234,162,126,25694,5603,3479,16612,NYI,Metropolitan,Eastern
2025-2026,20251121,24,EDM,56664,Isaac Howard,ASSIGNED_TO_MINORS,21.0,"5'10""",180.0,USA,"Hudson, WI",False,LW,17,2,1,3,1.12,0.06,0.12,0.18,2.2,16.4,0,0,0,0,0,0,0,0,0,0,1,1,0,0.0,-2,40,19,10.5,1,10,11,3,11,9,1,0,0,0,0.0,5,10,1,2,0,222,161,22,40,9689,1395,365,7916,EDM,Pacific,Western
2025-2026,20251121,142,VGK,14608,Brett Howden,ROSTER,27.0,"6'3""",197.0,Canada,"Calgary, AB",False,C,16,3,2,5,1.0,0.12,0.19,0.31,14.6,13.1,1,0,0,0,0,0,0,0,0,0,0,0,0,0.0,-3,29,16,18.8,4,5,8,26,20,11,3,120,65,55,54.2,4,8,8,16,0,314,159,115,43,13789,2588,1952,9320,VGK,Pacific,Western
2025-2026,20251121,21,VAN,15157,Filip Hronek,ROSTER,28.0,"6'0""",183.0,Czech Republic,Hradec Kralove,False,D,22,1,11,12,1.32,0.5,0.05,0.55,48.8,13.1,0,1,3,4,0,0,0,0,0,0,0,0,0,0.0,3,73,29,3.4,32,27,17,45,39,27,11,0,0,0,0.0,4,8,3,6,0,599,277,86,236,32180,4508,1297,26374,VAN,Pacific,Western
2025-2026,20251121,27,DAL,142430,Justin Hryckowian,ROSTER,,,,,,False,C,20,2,3,5,0.85,0.15,0.1,0.25,17.4,17.4,0,1,0,1,0,0,0,0,0,0,0,0,0,0.0,-2,30,17,11.8,7,4,9,26,19,3,6,52,30,22,57.7,3,9,6,17,1,295,253,24,18,13513,2302,44,11075,DAL,Central,Western
2025-2026,20251121,23,CGY,4987,Jonathan Huberdeau,ROSTER,32.0,"6'1""",202.0,Canada,"Saint-Jerome, QC",False,LW,17,4,7,11,1.82,0.41,0.24,0.65,13.0,6.6,1,1,0,1,0,0,0,1,0,0,1,0,0,0.0,0,60,31,12.9,9,13,16,11,10,18,3,7,3,4,42.9,2,4,6,12,0,410,190,115,109,19819,5561,1965,12293,CGY,Pacific,Western
2025-2026,20251121,7,NJD,17125,Jack Hughes,ROSTER,24.0,"5'11""",170.0,USA,"Orlando, FL",False,C,17,10,10,20,4.06,0.59,0.59,1.18,10.2,0.0,3,1,4,5,0,0,0,2,0,1,0,0,0,0.0,3,127,69,14.5,10,34,24,2,13,35,12,153,52,101,34.0,0,0,6,12,0,387,256,70,71,21570,4060,729,16781,NJD,Metropolitan,Eastern
2025-2026,20251121,7,NJD,37969,Luke Hughes,ROSTER,22.0,"6'2""",184.0,USA,"Canton, MI",True,D,20,1,10,11,2.1,0.5,0.05,0.55,21.1,32.8,0,0,3,3,0,0,0,0,0,0,0,0,0,0.0,-1,119,42,2.4,19,57,20,8,25,27,6,0,0,0,0.0,10,20,2,4,0,516,364,104,47,27665,5758,1423,20393,NJD,Metropolitan,Eastern
2025-2026,20251121,21,VAN,14530,Quinn Hughes,ROSTER,26.0,"5'10""",170.0,USA,"Orlando, FL",False,D,17,1,19,20,2.71,1.12,0.06,1.18,18.2,9.8,0,1,9,10,0,0,0,0,0,0,0,0,0,0.0,-3,124,46,2.2,19,48,30,1,11,23,4,0,0,0,0.0,3,6,7,14,0,408,238,113,58,27599,5263,4872,17464,VAN,Pacific,Western
2025-2026,20251121,25,MIN,30091,Daemon Hunt,ROSTER,23.0,"6'0""",198.0,Canada,"Brandon, MB",True,D,7,0,1,1,0.14,0.14,0.0,0.14,13.7,0.0,0,0,0,0,0,0,0,0,0,0,0,0,0,0.0,1,8,1,0.0,12,5,2,6,13,3,1,0,0,0,0.0,0,0,3,8,0,110,63,10,37,4988,528,206,4254,MIN,Central,Western
2025-2026,20251121,14,MTL,56477,Lane Hutson,ROSTER,21.0,"5'8""",158.0,USA,"Chicago, IL",False,D,20,2,15,17,1.55,0.75,0.1,0.85,34.1,0.0,0,0,3,3,0,0,0,1,0,0,0,0,0,0.0,-2,71,31,6.5,31,32,8,12,47,28,9,0,0,0,0.0,0,0,6,12,0,475,343,39,95,27515,4615,666,22234,MTL,Atlantic,Eastern
2025-2026,20251121,142,VGK,5825,Ben Hutton,ROSTER,32.0,"6'2""",206.0,Canada,"Prescott, ON",False,D,13,2,3,5,1.62,0.23,0.15,0.38,17.0,10.8,0,0,0,0,0,0,0,1,0,0,0,0,0,0.0,0,40,21,9.5,15,12,7,7,26,17,4,0,0,0,0.0,1,5,2,7,1,263,127,60,78,11644,2462,1385,7797,VGK,Pacific,Western
2025-2026,20251121,24,EDM,5562,Zach Hyman,ROSTER,33.0,"6'1""",211.0,Canada,"Toronto, ON",False,LW,4,0,2,2,2.5,0.5,0.0,0.5,9.3,0.0,0,0,0,0,0,0,0,0,0,0,0,0,0,0.0,-5,17,10,0.0,1,3,4,20,5,1,1,0,0,0,0.0,0,0,1,2,0,86,40,33,13,5197,2093,439,2665,EDM,Pacific,Western
2025-2026,20251121,2,WPJ,13690,Alex Iafallo,ROSTER,31.0,"6'0""",188.0,USA,"Eden, NY",False,LW,19,4,4,8,1.68,0.21,0.21,0.42,18.3,6.6,1,2,2,4,0,0,0,1,0,0,0,0,0,0.0,3,55,32,12.5,12,8,15,17,6,6,4,8,6,2,75.0,2,4,4,8,0,380,189,141,54,17829,4188,2958,10683,WPG,,
2025-2026,20251121,26,SJS,34832,Vincent Iorio,ASSIGNED_TO_MINORS,23.0,"6'4""",200.0,Canada,"Coquitlam, BC",True,D,6,0,0,0,0.5,0.0,0.0,0.0,6.9,6.6,0,0,0,0,0,0,0,0,0,0,0,0,0,0.0,-3,4,3,0.0,6,1,0,3,5,7,0,0,0,0,0.0,2,4,0,0,0,128,93,5,30,5880,621,36,5223,SJS,Pacific,Western
2025-2026,20251121,1,TBL,56357,Dominic James,ROSTER,23.0,"6'0""",190.0,USA,"Plymouth, MI",True,C,11,1,3,4,1.09,0.27,0.09,0.36,12.9,6.6,0,0,0,0,0,0,0,0,0,0,0,0,0,0.0,1,29,12,8.3,4,8,9,22,15,7,2,83,38,45,45.8,2,4,2,4,0,180,145,31,5,8187,1695,228,6264,TBL,Atlantic,Eastern
2025-2026,20251121,3,CAR,11413,Mark Jankowski,ROSTER,31.0,"6'4""",212.0,Canada,"Hamilton, ON",False,LW,11,1,2,3,0.64,0.18,0.09,0.27,6.9,9.8,0,0,0,0,0,0,0,1,0,0,0,0,0,0.0,3,19,7,14.3,6,4,8,3,17,4,1,101,56,45,55.4,3,6,0,0,0,170,85,42,44,6913,1078,528,5307,CAR,Metropolitan,Eastern
2025-2026,20251121,24,EDM,5827,Mattias Janmark,ROSTER,32.0,"6'1""",195.0,Sweden,Danderyd,False,C,7,0,1,1,0.29,0.14,0.0,0.14,0.8,3.3,0,0,0,0,0,0,0,0,0,0,0,0,0,0.0,-3,9,2,0.0,0,3,4,2,3,3,0,2,1,1,50.0,1,2,1,2,0,104,50,32,22,4455,1206,395,2854,EDM,Pacific,Western
2025-2026,20251121,12,TOR,5352,Calle Jarnkrok,ROSTER,34.0,"5'11""",186.0,Sweden,Gavle,False,C,15,4,0,4,1.07,0.0,0.27,0.27,8.2,6.6,1,0,0,0,0,0,0,0,0,0,0,0,0,0.0,-6,22,16,25.0,3,3,3,13,8,7,0,8,5,3,62.5,2,4,0,0,0,248,116,70,66,10614,3165,684,6765,TOR,Atlantic,Eastern
2025-2026,20251121,3,CAR,28144,Seth Jarvis,ROSTER,23.0,"5'10""",175.0,Canada,"Winnipeg, MB",True,C,20,10,7,17,3.05,0.35,0.5,0.85,14.7,9.8,3,1,0,1,1,0,1,4,0,2,2,0,1,50.0,4,96,61,16.4,9,11,24,15,33,17,13,26,11,15,42.3,3,6,4,8,0,427,279,83,76,22318,5256,1870,15396,CAR,Metropolitan,Eastern
2025-2026,20251121,11,BOS,14386,Tanner Jeannot,ROSTER,28.0,"6'2""",207.0,Canada,"Oxbow, SK",False,LW,22,2,7,9,1.27,0.32,0.09,0.41,43.5,45.6,0,0,1,1,0,0,0,0,0,0,0,0,0,0.0,-2,53,28,7.1,22,15,10,55,27,17,0,7,4,3,57.1,7,23,5,19,3,395,201,76,120,17777,3264,542,13971,BOS,Atlantic,Eastern
2025-2026,20251121,19,CBJ,5245,Boone Jenner,ROSTER,32.0,"6'2""",208.0,Canada,"Dorchester, ON",False,C,16,3,7,10,2.0,0.44,0.19,0.62,24.7,24.0,1,1,1,2,0,1,1,1,0,0,0,0,0,0.0,-7,69,32,9.4,13,17,20,30,12,11,2,91,51,40,56.0,5,13,4,11,1,303,149,74,80,15458,4395,1524,9502,CBJ,Metropolitan,Eastern
2025-2026,20251121,13,OTT,11592,Nick Jensen,ROSTER,35.0,"6'1""",196.0,USA,"Rogers, MN",False,D,20,1,4,5,0.75,0.2,0.05,0.25,25.8,9.8,0,0,0,0,0,0,0,0,0,0,0,0,0,0.0,-5,43,15,6.7,20,13,15,17,45,21,4,0,0,0,0.0,3,6,1,2,0,491,254,92,146,21449,4333,1209,15907,OTT,Atlantic,Eastern
2025-2026,20251121,25,MIN,53012,David Jiricek,ROSTER,21.0,"6'3""",189.0,Czech Republic,Klatovy,True,D,12,0,0,0,0.75,0.0,0.0,0.0,7.3,13.1,0,0,0,0,0,0,0,0,0,0,0,0,0,0.0,-3,26,9,0.0,6,12,5,4,18,11,3,0,0,0,0.0,4,8,0,0,0,180,129,20,31,8732,896,349,7487,MIN,Central,Western
2025-2026,20251121,16,DET,30079,Albert Johansson,ROSTER,24.0,"6'0""",168.0,Sweden,Karlstad,True,D,21,0,2,2,0.86,0.1,0.0,0.1,31.8,6.6,0,0,0,0,0,0,0,0,0,0,0,0,0,0.0,-6,61,18,0.0,25,28,15,20,27,18,4,0,0,0,0.0,2,4,5,10,0,461,291,66,104,19497,2957,926,15614,DET,Atlantic,Eastern
2025-2026,20251121,25,MIN,4882,Marcus Johansson,ROSTER,35.0,"6'1""",205.0,Sweden,Landskrona,False,LW,21,7,10,17,1.52,0.48,0.33,0.81,10.2,6.6,2,3,2,5,0,0,0,2,0,1,0,0,0,0.0,6,62,32,21.9,6,17,12,11,21,18,9,9,4,5,44.4,2,4,2,4,0,411,195,140,83,20104,5130,2107,12867,MIN,Central,Western
2025-2026,20251121,19,CBJ,37970,Kent Johnson,ROSTER,23.0,"6'1""",168.0,Canada,"Port Moody, BC",True,C,20,2,3,5,1.95,0.15,0.1,0.25,11.6,0.0,0,0,0,0,0,0,0,0,0,0,3,1,2,66.67,-12,67,39,5.1,11,18,10,3,15,15,5,1,0,1,0.0,0,0,0,0,0,335,208,63,66,17212,4184,997,12369,CBJ,Metropolitan,Eastern
2025-2026,20251121,15,BUF,34471,Ryan Johnson,ASSIGNED_TO_MINORS,24.0,"6'0""",170.0,USA,"Newport Beach, CA",True,D,3,0,0,0,0.0,0.0,0.0,0.0,3.6,3.3,0,0,0,0,0,0,0,0,0,0,0,0,0,0.0,0,4,0,0.0,3,2,2,2,6,2,2,0,0,0,0.0,1,2,0,0,0,34,14,7,13,1620,229,107,1284,BUF,Atlantic,Eastern
2025-2026,20251121,29,ANA,9081,Ross Johnston,ROSTER,31.0,"6'5""",235.0,Canada,"Charlottetown, PE",False,LW,20,1,4,5,0.4,0.2,0.05,0.25,27.6,84.9,0,0,0,0,0,0,0,0,0,0,0,0,0,0.0,1,22,8,12.5,5,4,10,55,18,8,1,4,1,3,25.0,10,46,7,32,6,259,134,57,70,10889,2225,391,8276,ANA,Pacific,Western
2025-2026,20251121,27,DAL,34837,Wyatt Johnston,ROSTER,22.0,"6'1""",178.0,Canada,"Toronto, ON",True,C,21,11,10,21,2.62,0.48,0.52,1.0,20.7,9.8,3,7,5,12,0,0,0,2,0,0,1,0,1,100.0,-3,106,55,20.0,19,29,22,7,25,14,6,242,123,119,50.8,3,6,4,8,0,508,351,116,47,26426,7680,1259,17184,DAL,Central,Western
2025-2026,20251121,11,BOS,13644,Henri Jokiharju,ROSTER,26.0,"6'0""",195.0,Finland,Oulu,False,D,21,0,4,4,0.81,0.19,0.0,0.19,22.8,9.8,0,0,2,2,0,0,0,0,0,0,0,0,0,0.0,-6,57,17,0.0,19,25,15,12,32,28,3,0,0,0,0.0,3,6,2,4,0,483,282,98,103,21697,4028,2155,15514,BOS,Atlantic,Eastern
2025-2026,20251121,25,MIN,18220,Ben Jones,ROSTER,26.0,"6'0""",187.0,Canada,"Waterloo, ON",False,C,9,0,0,0,0.78,0.0,0.0,0.0,13.9,0.0,0,0,0,0,0,0,0,0,0,0,0,0,0,0.0,-5,17,7,0.0,5,6,4,22,6,3,1,58,36,22,62.1,0,0,2,4,0,103,62,32,9,4810,1067,502,3243,MIN,Central,Western
2025-2026,20251121,10,PIT,15433,Caleb Jones,INJURY_LIST,28.0,"6'1""",194.0,USA,"Arlington, TX",False,D,7,0,1,1,0.71,0.14,0.0,0.14,18.2,0.0,0,0,0,0,0,0,0,0,0,0,0,0,0,0.0,1,17,5,0.0,15,6,6,10,14,4,1,0,0,0,0.0,0,0,1,2,0,144,78,22,39,7212,1036,445,5407,PIT,Metropolitan,Eastern
2025-2026,20251121,4,FLO,5243,Seth Jones,ROSTER,31.0,"6'4""",209.0,USA,"Arlington, TX",False,D,20,3,8,11,1.7,0.4,0.15,0.55,31.1,14.8,1,3,5,8,0,0,0,0,0,0,0,0,0,0.0,-3,104,34,8.8,23,33,37,23,26,26,5,0,0,0,0.0,4,10,4,8,0,554,266,108,181,28368,5102,1616,21650,FLA,,
2025-2026,20251121,17,STL,15228,Mathieu Joseph,ROSTER,28.0,"6'1""",190.0,Canada,"Chambly, QC",False,RW,17,2,4,6,1.06,0.24,0.12,0.35,21.8,3.3,0,0,0,0,1,0,1,1,0,0,0,0,0,0.0,-1,35,18,11.1,9,4,13,32,13,10,6,8,3,5,37.5,1,2,3,6,0,293,164,66,65,12885,2393,1153,9339,STL,Central,Western
2025-2026,20251121,21,VAN,13638,Pierre-Olivier Joseph,ROSTER,26.0,"6'2""",185.0,Canada,"Chambly, QC",True,D,10,0,1,1,0.9,0.1,0.0,0.1,7.8,3.3,0,0,0,0,0,0,0,0,0,0,0,0,0,0.0,-6,20,9,0.0,7,10,1,3,9,3,2,15,11,4,73.3,1,2,1,2,0,183,111,31,41,7452,850,480,6122,VAN,Pacific,Western
2025-2026,20251121,12,TOR,18183,Dakota Joshua,ROSTER,29.0,"6'2""",183.0,USA,"Dearborn, MI",False,C,21,2,3,5,0.86,0.14,0.1,0.24,43.9,6.6,0,0,0,0,0,0,0,0,0,0,0,0,0,0.0,-6,34,18,11.1,17,7,9,67,14,8,5,10,2,8,20.0,2,4,4,8,0,379,205,94,82,15447,3289,1687,10471,TOR,Atlantic,Eastern
2025-2026,20251121,18,NSH,5042,Roman Josi,ROSTER,35.0,"6'1""",201.0,Switzerland,Bern,False,D,8,1,4,5,2.38,0.5,0.12,0.62,15.7,9.8,0,0,2,2,0,0,0,0,0,0,0,0,0,0.0,-4,42,19,5.3,15,19,4,4,19,12,3,0,0,0,0.0,3,6,2,4,0,217,105,39,74,11561,3762,953,6846,NSH,Central,Western
2025-2026,20251121,18,NSH,9636,Tyson Jost,ROSTER,27.0,"5'11""",187.0,Canada,"St. Albert, AB",False,C,15,1,1,2,1.13,0.07,0.07,0.13,14.0,6.6,0,0,0,0,0,0,0,0,0,0,0,0,0,0.0,-7,29,17,5.9,6,7,5,20,19,4,8,20,9,11,45.0,2,4,4,8,0,247,124,48,77,11377,1406,850,9119,NSH,Central,Western
2025-2026,20251121,6,PHI,5621,Noah Juulsen,ROSTER,28.0,"6'2""",193.0,Canada,"Surrey, BC",False,D,19,0,2,2,0.58,0.11,0.0,0.11,26.2,6.6,0,0,0,0,0,0,0,0,0,0,0,0,0,0.0,1,30,11,0.0,12,13,6,36,42,15,2,0,0,0,0.0,2,4,4,8,0,373,193,40,140,15585,1405,441,13791,PHI,Metropolitan,Eastern
2025-2026,20251121,23,CGY,4766,Nazem Kadri,ROSTER,35.0,"6'0""",192.0,Canada,"London, ON",False,C,22,4,10,14,3.27,0.45,0.18,0.64,13.2,13.1,1,1,4,5,0,0,0,0,0,0,1,0,1,100.0,-13,152,72,5.6,7,51,29,16,23,24,6,275,130,145,47.3,4,8,8,16,0,498,257,122,124,26842,9530,2082,15464,CGY,Pacific,Western
2025-2026,20251121,20,CHI,56352,Wyatt Kaiser,ROSTER,23.0,"6'0""",173.0,USA,"Ham Lake, MN",False,D,20,0,3,3,0.8,0.15,0.0,0.15,21.7,23.0,0,0,0,0,0,0,0,0,0,0,0,0,0,0.0,10,45,16,0.0,16,15,14,16,43,28,10,0,0,0,0.0,7,14,4,8,0,497,277,44,171,23276,2273,423,20390,CHI,Central,Western
2025-2026,20251121,143,SEA,17126,Kaapo Kakko,ROSTER,24.0,"6'3""",199.0,Finland,Turku,False,RW,7,1,0,1,1.14,0.0,0.14,0.14,3.1,6.6,0,0,0,0,0,0,0,0,0,0,1,0,0,0.0,0,18,8,12.5,2,5,5,3,2,7,1,1,0,1,0.0,2,4,2,4,0,123,67,36,15,5287,1053,464,3527,SEA,Pacific,Western
2025-2026,20251121,13,OTT,28484,Arthur Kaliyev,ASSIGNED_TO_MINORS,24.0,"6'2""",190.0,USA,"Tashkent, Uzbekistan",True,RW,2,0,1,1,2.0,0.5,0.0,0.5,0.0,0.0,0,0,1,1,0,0,0,0,0,0,0,0,0,0.0,0,8,4,0.0,0,3,1,0,0,2,0,0,0,0,0.0,0,0,0,0,0,28,14,9,5,1273,251,119,903,OTT,Atlantic,Eastern
2025-2026,20251121,21,VAN,12501,David Kampf,ROSTER,30.0,"6'2""",188.0,Czech Republic,Jirkov,False,C,1,0,0,0,2.0,0.0,0.0,0.0,1.8,0.0,0,0,0,0,0,0,0,0,0,0,0,0,0,0.0,1,3,2,0.0,1,1,0,2,0,0,0,15,6,9,40.0,0,0,1,2,0,19,10,3,6,800,225,0,575,VAN,Pacific,Western
2025-2026,20251121,21,VAN,4656,Evander Kane,ROSTER,34.0,"6'2""",210.0,Canada,"Vancouver, BC",False,LW,22,3,8,11,2.86,0.36,0.14,0.5,27.8,49.5,1,1,2,3,0,0,0,0,0,0,0,0,0,0.0,-6,130,63,4.8,11,34,33,42,23,20,5,15,4,11,26.7,13,34,11,22,0,458,206,138,117,23910,5967,3800,14143,VAN,Pacific,Western
2025-2026,20251121,16,DET,4265,Patrick Kane,ROSTER,37.0,"5'10""",177.0,USA,"Buffalo, NY",False,RW,12,3,6,9,2.83,0.5,0.25,0.75,3.5,3.3,1,1,5,6,0,0,0,1,0,0,0,0,0,0.0,-7,57,34,8.8,2,8,15,4,5,11,0,0,0,0,0.0,1,2,2,4,0,239,126,64,52,12255,4543,1017,6695,DET,Atlantic,Eastern
2025-2026,20251121,24,EDM,5428,Kasperi Kapanen,ROSTER,29.0,"6'1""",194.0,Finland,Kuopio,False,RW,6,0,2,2,0.67,0.33,0.0,0.33,10.4,0.0,0,0,0,0,0,0,0,0,0,0,1,1,0,0.0,-2,10,4,0.0,4,5,1,16,6,4,1,1,0,1,0.0,0,0,0,0,0,92,50,26,16,4423,1059,447,2917,EDM,Pacific,Western
2025-2026,20251121,14,MTL,37995,Oliver Kapanen,ROSTER,22.0,"6'1""",182.0,Sweden,"Sundsvall, Sweden",True,C,20,7,4,11,1.25,0.2,0.35,0.55,16.5,6.6,2,0,0,0,1,0,1,1,0,0,0,0,0,0.0,0,42,25,28.0,14,8,9,8,16,7,3,126,62,64,49.2,2,4,1,2,0,326,176,26,131,15435,1365,57,14013,MTL,Atlantic,Eastern
2025-2026,20251121,25,MIN,5730,Kirill Kaprizov,ROSTER,28.0,"5'10""",192.0,Russia,Novokuznetsk,False,LW,21,11,13,24,3.48,0.62,0.52,1.14,11.4,6.6,3,6,4,10,0,0,0,1,0,1,2,0,0,0.0,-2,136,73,15.1,9,26,37,7,15,29,2,1,0,1,0.0,2,4,5,10,0,440,215,160,75,28181,6606,3113,18462,MIN,Central,Western
2025-2026,20251121,10,PIT,4660,Erik Karlsson,ROSTER,35.0,"6'0""",190.0,Sweden,Landsbro,False,D,19,1,12,13,1.89,0.63,0.05,0.68,19.7,9.8,0,0,3,3,0,0,0,0,0,0,0,0,0,0.0,6,102,36,2.8,21,40,28,0,25,31,12,0,0,0,0.0,3,6,2,4,0,474,226,145,95,26733,5552,3424,17306,PIT,Metropolitan,Eastern
2025-2026,20251121,21,VAN,39290,Linus Karlsson,ROSTER,26.0,"6'1""",178.0,Sweden,Eksjö,True,C,19,3,4,7,1.47,0.21,0.16,0.37,14.3,16.7,1,0,0,0,0,0,0,1,0,0,0,0,0,0.0,-1,56,28,10.7,5,9,19,23,11,10,2,13,3,10,23.1,3,14,5,10,0,277,158,55,67,11345,1307,871,9167,VAN,Pacific,Western
2025-2026,20251121,142,VGK,5459,William Karlsson,ROSTER,32.0,"6'0""",195.0,Sweden,Märsta,False,C,14,4,3,7,2.14,0.21,0.29,0.5,13.4,6.6,1,1,0,1,1,0,1,1,0,0,0,0,0,0.0,-1,48,30,13.3,13,10,8,3,15,11,3,158,91,67,57.6,2,4,1,2,0,274,129,99,51,12723,3172,1891,7648,VGK,Pacific,Western
2025-2026,20251121,143,SEA,37962,Tye Kartye,ROSTER,24.0,"5'11""",202.0,Canada,"Kingston, ON",True,LW,20,2,2,4,0.65,0.1,0.1,0.2,35.9,6.6,0,0,0,0,0,0,0,0,0,0,0,0,0,0.0,-2,36,13,15.4,17,12,11,48,26,12,5,5,1,4,20.0,2,4,3,6,0,340,186,55,100,13801,1281,417,12051,SEA,Pacific,Western
2025-2026,20251121,16,DET,43336,Marco Kasper,ROSTER,21.0,"6'1""",187.0,Austria,Innsbruck,True,C,21,3,0,3,1.62,0.0,0.14,0.14,35.0,34.0,1,1,0,1,0,0,0,0,0,0,0,0,0,0.0,-9,66,34,8.8,12,13,19,57,26,16,4,194,93,101,47.9,6,23,3,9,1,413,290,49,77,18755,2670,193,15892,DET,Atlantic,Eastern
2025-2026,20251121,11,BOS,13659,Mark Kastelic,ROSTER,26.0,"6'4""",223.0,USA,"Phoenix, AZ",False,C,22,4,4,8,1.23,0.18,0.18,0.36,45.2,33.8,1,0,1,1,0,0,0,1,0,0,0,0,0,0.0,3,60,27,14.8,26,11,22,50,22,10,8,168,95,73,56.5,8,19,10,23,1,418,198,150,74,17756,2876,1870,13010,BOS,Atlantic,Eastern
2025-2026,20251121,1,TBL,11818,Boris Katchouk,ASSIGNED_TO_MINORS,27.0,"6'1""",179.0,Canada,"Vancouver, BC",False,LW,3,0,0,0,0.0,0.0,0.0,0.0,4.0,0.0,0,0,0,0,0,0,0,0,0,0,0,0,0,0.0,0,1,0,0.0,2,0,1,5,4,0,0,19,7,12,36.8,0,0,0,0,0,49,21,12,16,2194,537,106,1551,TBL,Atlantic,Eastern
2025-2026,20251121,30,UTA,9633,Clayton Keller,ROSTER,27.0,"5'10""",170.0,USA,"Chesterfield, MO",False,RW,21,7,12,19,2.62,0.57,0.33,0.9,9.6,9.8,2,0,6,6,0,0,0,2,0,1,0,0,0,0.0,1,95,55,12.7,8,16,24,5,21,27,4,2,2,0,100.0,3,6,6,12,0,478,265,103,117,24115,4281,2088,17746,UTA,Central,Western
2025-2026,20251121,22,COL,15189,Parker Kelly,ROSTER,26.0,"6'0""",188.0,Canada,"Camrose, AB",False,C,20,5,4,9,1.4,0.2,0.25,0.45,31.5,16.4,1,0,0,0,1,0,1,1,0,0,0,0,0,0.0,9,47,28,17.9,14,12,7,44,15,12,2,44,18,26,40.9,5,10,5,10,0,335,156,73,111,13863,1693,946,11224,COL,Central,Western
2025-2026,20251121,18,NSH,43362,Joakim Kemell,ROSTER,21.0,"5'10""",185.0,Finland,Jyväskylän mlk,True,RW,2,0,0,0,0.5,0.0,0.0,0.0,2.6,0.0,0,0,0,0,0,0,0,0,0,0,0,0,0,0.0,0,5,1,0.0,1,3,1,4,1,0,0,1,0,1,0.0,0,0,0,0,0,28,18,10,0,1328,512,60,756,NSH,Central,Western
2025-2026,20251121,28,LAK,11731,Adrian Kempe,ROSTER,29.0,"6'2""",201.0,Sweden,Kramfors,False,RW,21,7,13,20,3.38,0.62,0.33,0.95,27.4,26.2,2,1,4,5,0,0,0,3,0,2,5,0,2,40.0,4,159,71,9.9,11,53,35,41,17,19,7,28,10,18,35.7,8,16,2,4,0,451,245,130,85,24794,5770,2903,16506,LAK,Pacific,Western
2025-2026,20251121,23,CGY,37958,Rory Kerins,ASSIGNED_TO_MINORS,23.0,"5'10""",175.0,Canada,"Caledon, ON",True,C,2,0,0,0,0.5,0.0,0.0,0.0,3.2,0.0,0,0,0,0,0,0,0,0,0,0,0,0,0,0.0,-1,6,1,0.0,3,1,4,1,3,1,0,3,0,3,0.0,0,0,0,0,0,38,32,4,2,1902,293,106,1503,CGY,Pacific,Western
2025-2026,20251121,17,STL,38651,Matthew Kessel,ROSTER,25.0,"6'2""",205.0,USA,"Phoenix, AZ",True,D,12,1,0,1,0.58,0.0,0.08,0.08,6.8,6.6,0,0,0,0,0,0,0,0,0,0,0,0,0,0.0,-1,16,7,14.3,5,4,5,5,15,5,1,0,0,0,0.0,2,4,1,2,0,186,149,18,20,8090,1109,240,6741,STL,Central,Western
2025-2026,20251121,15,BUF,34838,Michael Kesselring,ROSTER,25.0,"6'4""",190.0,USA,"New Hampton, NH",True,D,9,0,0,0,1.11,0.0,0.0,0.0,11.4,3.3,0,0,0,0,0,0,0,0,0,0,0,0,0,0.0,-3,30,10,0.0,9,10,10,7,13,17,1,0,0,0,0.0,1,2,0,0,0,189,124,10,55,8429,631,145,7653,BUF,Atlantic,Eastern
2025-2026,20251121,11,BOS,38009,Marat Khusnutdinov,ROSTER,23.0,"5'11""",176.0,Russia,Moskva,True,C,17,3,3,6,1.0,0.18,0.18,0.35,12.6,9.8,1,0,1,1,0,0,0,1,0,1,1,0,1,100.0,-2,31,17,17.6,9,4,10,10,12,9,6,48,28,20,58.3,3,6,7,14,0,300,207,74,23,13876,3598,643,9825,BOS,Atlantic,Eastern
2025-2026,20251121,29,ANA,5165,Alex Killorn,ROSTER,36.0,"6'1""",197.0,Canada,"Halifax, NS",False,LW,21,1,6,7,1.71,0.29,0.05,0.33,17.3,6.6,0,0,1,1,0,0,0,0,0,0,0,0,0,0.0,0,69,36,2.8,10,14,19,19,18,18,7,44,18,26,40.9,2,4,4,8,0,469,231,115,123,20980,6636,1424,12858,ANA,Pacific,Western
2025-2026,20251121,10,PIT,167594,Benjamin Kindel,ROSTER,18.0,"5'11""",181.0,Canada,"Coquitlam, BC",True,C,17,5,2,7,2.0,0.12,0.29,0.41,19.2,9.8,1,2,2,4,0,0,0,0,0,0,0,0,0,0.0,-3,62,34,14.7,16,14,14,10,27,17,3,95,42,53,44.2,3,6,3,6,0,314,258,48,7,15565,3458,813,10934,PIT,Metropolitan,Eastern
2025-2026,20251121,23,CGY,12019,Justin Kirkland,ASSIGNED_TO_MINORS,29.0,"6'3""",193.0,Canada,"Winnipeg, MB",False,C,9,0,1,1,0.56,0.11,0.0,0.11,8.2,0.0,0,0,0,0,0,0,0,0,0,0,2,1,0,0.0,-1,14,5,0.0,3,4,5,13,8,3,1,66,36,30,54.5,0,0,0,0,0,136,74,22,40,5168,670,275,4223,CGY,Pacific,Western
2025-2026,20251121,22,COL,17372,Joel Kiviranta,ROSTER,29.0,"5'10""",175.0,Finland,Vantaa,False,LW,5,0,0,0,0.6,0.0,0.0,0.0,5.6,0.0,0,0,0,0,0,0,0,0,0,0,0,0,0,0.0,1,5,3,0.0,2,2,0,9,8,4,0,2,2,0,100.0,0,0,1,4,0,80,49,14,17,3233,679,137,2417,COL,Central,Western
2025-2026,20251121,23,CGY,39261,Adam Klapka,ROSTER,25.0,"6'8""",245.0,Czech Republic,Praha,True,RW,21,2,3,5,1.14,0.14,0.1,0.24,41.8,75.4,0,0,1,1,0,0,0,0,0,0,0,0,0,0.0,0,53,24,8.3,13,14,15,71,22,3,3,11,3,8,27.3,14,45,7,23,3,303,252,36,17,13185,2377,199,10607,CGY,Pacific,Western
2025-2026,20251121,13,OTT,38006,Tyler Kleven,ROSTER,23.0,"6'4""",200.0,USA,"Fargo, ND",True,D,18,0,1,1,1.28,0.06,0.0,0.06,39.5,17.4,0,0,0,0,0,0,0,0,0,0,0,0,0,0.0,-7,46,23,0.0,31,12,11,25,33,24,4,0,0,0,0.0,3,9,3,9,1,436,289,71,76,18215,2167,1137,14911,OTT,Atlantic,Eastern
2025-2026,20251121,26,SJS,5484,John Klingberg,ROSTER,33.0,"6'3""",185.0,Sweden,Gothenburg,False,D,14,2,3,5,1.5,0.21,0.14,0.36,20.5,16.4,0,2,1,3,0,0,0,0,0,0,0,0,0,0.0,-5,51,21,9.5,17,21,9,11,20,16,2,0,0,0,0.0,5,10,1,2,0,313,166,80,69,17632,5167,1048,11417,SJS,Pacific,Western
2025-2026,20251121,12,TOR,37990,Matthew Knies,ROSTER,23.0,"6'3""",205.0,USA,"Phoenix, AZ",True,LW,19,5,17,22,2.21,0.89,0.26,1.16,29.3,13.1,1,2,0,2,0,0,0,0,0,0,0,0,0,0.0,4,65,42,11.9,9,15,8,50,11,16,5,0,0,0,0.0,4,8,5,10,0,450,334,73,49,23425,5357,1532,16538,TOR,Atlantic,Eastern
2025-2026,20251121,2,WPJ,30052,Cole Koepke,ROSTER,27.0,"6'1""",195.0,USA,"Two Harbors, MN",True,LW,14,0,2,2,0.93,0.14,0.0,0.14,20.4,13.4,0,0,0,0,0,0,0,0,0,0,0,0,0,0.0,-4,24,13,0.0,4,3,8,40,8,5,6,0,0,0,0.0,2,12,4,8,0,213,135,56,22,8626,1554,856,6216,WPG,,
2025-2026,20251121,10,PIT,32282,Ville Koivunen,ROSTER,22.0,"5'11""",161.0,Finland,Oulu,True,RW,11,0,2,2,1.18,0.18,0.0,0.18,7.0,0.0,0,0,1,1,0,0,0,0,0,0,1,0,0,0.0,-1,25,13,0.0,7,10,3,1,12,5,1,0,0,0,0.0,0,0,0,0,0,171,106,30,28,8296,1389,357,6187,PIT,Metropolitan,Eastern
2025-2026,20251121,142,VGK,17370,Keegan Kolesar,ROSTER,28.0,"6'2""",216.0,Canada,"Winnipeg, MB",True,RW,20,0,3,3,0.75,0.15,0.0,0.15,37.5,28.2,0,0,0,0,0,0,0,0,0,0,0,0,0,0.0,-6,24,15,0.0,16,4,5,54,29,11,2,9,2,7,22.2,4,14,2,10,2,319,167,90,63,12933,2562,1255,9104,VGK,Pacific,Western
2025-2026,20251121,27,DAL,30033,Vladislav Kolyachonok,ROSTER,24.0,"6'1""",189.0,Belarus,Minsk,True,D,2,0,0,0,2.0,0.0,0.0,0.0,0.9,0.0,0,0,0,0,0,0,0,0,0,0,0,0,0,0.0,-1,5,4,0.0,1,1,0,0,3,0,0,0,0,0,0.0,0,0,0,0,0,29,27,0,2,1182,301,92,789,DAL,Central,Western
2025-2026,20251121,6,PHI,5619,Travis Konecny,ROSTER,28.0,"5'10""",175.0,Canada,"London, ON",False,RW,19,5,11,16,2.21,0.58,0.26,0.84,27.0,24.0,1,0,3,3,1,0,1,1,0,0,1,0,0,0.0,2,76,42,11.9,15,16,18,31,16,30,7,22,7,15,31.8,5,13,6,15,1,463,234,106,128,21912,3485,1432,16995,PHI,Metropolitan,Eastern
2025-2026,20251121,28,LAK,4033,Anze Kopitar,ROSTER,38.0,"6'3""",225.0,Slovenia,Jesenice,False,C,17,4,8,12,1.47,0.47,0.24,0.71,21.5,6.6,1,3,3,6,0,0,0,0,0,0,0,0,0,0.0,8,52,25,16.0,18,10,17,11,10,21,5,303,171,132,56.4,2,4,3,6,0,348,180,98,74,19037,6340,1843,10854,LAK,Pacific,Western
2025-2026,20251121,10,PIT,17958,Joona Koppanen,ROSTER,27.0,"6'5""",194.0,Finland,Tampere,False,LW,5,0,1,1,0.6,0.2,0.0,0.2,1.7,3.3,0,0,0,0,0,0,0,0,0,0,0,0,0,0.0,2,5,3,0.0,0,0,2,4,5,0,2,14,6,8,42.9,1,2,0,0,0,88,38,20,30,3660,667,394,2599,PIT,Metropolitan,Eastern
2025-2026,20251121,142,VGK,17144,Kaedan Korczak,ROSTER,24.0,"6'3""",192.0,Canada,"Yorkton, SK",True,D,20,2,1,3,0.95,0.05,0.1,0.15,41.1,26.2,0,0,0,0,0,0,0,0,0,0,0,0,0,0.0,4,46,19,10.5,27,17,10,38,37,22,2,0,0,0,0.0,8,16,3,6,0,431,284,108,41,19315,3548,1506,14261,VGK,Pacific,Western
2025-2026,20251121,3,CAR,14526,Jesperi Kotkaniemi,ROSTER,25.0,"6'2""",198.0,Finland,Pori,False,C,15,2,3,5,1.13,0.2,0.13,0.33,21.1,0.0,0,0,0,0,0,0,0,0,0,0,0,0,0,0.0,3,29,17,11.8,11,6,6,26,16,10,2,115,54,61,47.0,0,0,4,8,0,214,110,59,47,9372,642,767,7963,CAR,Metropolitan,Eastern
2025-2026,20251121,15,BUF,34472,Tyson Kozak,ROSTER,22.0,"5'11""",173.0,Canada,"Souris, MB",True,C,14,2,1,3,0.93,0.07,0.14,0.21,24.7,3.3,0,0,0,0,0,0,0,0,0,0,0,0,0,0.0,-2,22,13,15.4,9,5,4,39,14,7,3,173,81,92,46.8,1,2,2,4,0,250,177,45,30,9989,2052,237,7700,BUF,Atlantic,Eastern
2025-2026,20251121,15,BUF,17149,Peyton Krebs,ROSTER,24.0,"5'11""",180.0,Canada,"Okotoks, AB",True,C,20,0,5,5,0.95,0.25,0.0,0.25,31.9,53.1,0,0,1,1,0,0,0,0,0,0,0,0,0,0.0,-11,36,19,0.0,14,9,8,45,25,12,5,151,66,85,43.7,9,34,8,22,2,387,226,55,106,16753,1785,580,14388,BUF,Atlantic,Eastern
2025-2026,20251121,29,ANA,5104,Chris Kreider,ROSTER,34.0,"6'3""",217.0,USA,"Boxford, MA",False,LW,17,10,5,15,2.29,0.29,0.59,0.88,7.6,16.4,3,5,2,7,0,0,0,1,0,0,0,0,0,0.0,0,67,39,25.6,5,11,17,7,6,16,3,3,2,1,66.7,5,10,1,2,0,360,208,93,69,17059,5910,930,10219,ANA,Pacific,Western
2025-2026,20251121,1,TBL,5300,Nikita Kucherov,ROSTER,32.0,"5'11""",180.0,Russia,Moscow,False,RW,18,9,10,19,3.22,0.56,0.5,1.06,7.2,6.6,3,3,3,6,0,0,0,2,0,1,0,0,0,0.0,-3,141,58,15.5,5,46,37,6,11,33,6,0,0,0,0.0,2,4,8,16,0,411,224,103,95,22956,7543,2302,13026,TBL,Atlantic,Eastern
2025-2026,20251121,24,EDM,5554,Brett Kulak,ROSTER,31.0,"6'2""",197.0,Canada,"Stony Plain, AB",False,D,23,0,2,2,1.09,0.09,0.0,0.09,25.6,6.6,0,0,0,0,0,0,0,0,0,0,0,0,0,0.0,-11,63,25,0.0,26,27,11,3,19,13,3,0,0,0,0.0,2,4,0,0,0,489,283,69,131,24430,4755,1654,17775,EDM,Pacific,Western
2025-2026,20251121,15,BUF,43367,Jiri Kulich,ROSTER,21.0,"5'11""",178.0,Czech Republic,Kadan,True,C,12,3,2,5,1.67,0.17,0.25,0.42,15.0,6.6,1,0,0,0,0,0,0,0,0,0,0,0,0,0.0,-4,43,20,15.0,12,13,10,9,9,10,1,163,68,95,41.7,2,4,4,8,0,272,185,42,48,11782,2172,126,9484,BUF,Atlantic,Eastern
2025-2026,20251121,4,FLO,4706,Dmitry Kulikov,INJURY_LIST,35.0,"6'1""",199.0,Russia,Lipetsk,False,D,2,0,0,0,0.5,0.0,0.0,0.0,0.4,0.0,0,0,0,0,0,0,0,0,0,0,0,0,0,0.0,-1,1,1,0.0,0,0,0,1,0,2,0,0,0,0,0.0,0,0,0,0,0,34,18,7,9,1293,463,134,696,FLA,,
2025-2026,20251121,4,FLO,9641,Luke Kunin,ROSTER,27.0,"6'0""",197.0,USA,"Chesterfield, MO",False,C,15,1,1,2,0.6,0.07,0.07,0.13,27.8,9.8,0,0,0,0,0,0,0,0,0,0,0,0,0,0.0,-1,17,9,11.1,19,4,4,24,14,9,1,108,50,58,46.3,3,6,1,2,0,208,116,51,41,8831,1264,1160,6407,FLA,,
2025-2026,20251121,11,BOS,5568,Sean Kuraly,ROSTER,32.0,"6'2""",213.0,USA,"Dublin, OH",False,C,22,2,3,5,1.36,0.14,0.09,0.23,21.0,9.8,0,0,0,0,0,0,0,0,0,0,0,0,0,0.0,0,66,30,6.7,14,16,20,19,16,18,6,237,112,125,47.3,3,6,2,4,0,410,179,80,153,18653,4852,1022,12779,BOS,Atlantic,Eastern
2025-2026,20251121,26,SJS,17991,Philipp Kurashev,ROSTER,26.0,"6'0""",190.0,Switzerland,Münsingen,False,C,19,6,6,12,2.0,0.32,0.32,0.63,13.6,9.8,2,0,0,0,0,0,0,1,0,1,2,1,1,50.0,4,67,38,15.8,7,17,12,17,14,18,4,32,16,16,50.0,3,6,4,8,0,411,211,113,94,19742,3221,1218,15497,SJS,Pacific,Western
2025-2026,20251121,28,LAK,39780,Andrei Kuzmenko,ROSTER,29.0,"5'11""",194.0,Russia,Yakutsk,True,LW,18,3,4,7,1.5,0.22,0.17,0.39,10.5,3.3,1,2,1,3,0,0,0,0,0,0,2,0,0,0.0,-1,54,27,11.1,5,15,12,14,17,23,3,0,0,0,0.0,1,2,6,12,0,280,239,40,4,16281,3220,437,12624,LAK,Pacific,Western
2025-2026,20251121,23,CGY,30014,Yan Kuznetsov,ROSTER,23.0,"6'4""",209.0,Russia,Murmansk,True,D,8,0,1,1,1.25,0.12,0.0,0.12,14.9,0.0,0,0,0,0,0,0,0,0,0,0,0,0,0,0.0,0,17,10,0.0,11,4,3,11,14,7,1,0,0,0,0.0,0,0,1,2,0,206,135,31,41,8694,1101,370,7133,CGY,Pacific,Western
2025-2026,20251121,17,STL,13677,Jordan Kyrou,ROSTER,27.0,"6'0""",175.0,Canada,"Toronto, ON",False,RW,20,6,6,12,2.7,0.3,0.3,0.6,11.6,0.0,2,1,3,4,0,0,0,0,0,0,1,0,0,0.0,-11,111,54,11.1,11,32,25,3,15,6,9,1,0,1,0.0,0,0,7,14,0,421,229,107,91,20386,3612,1089,15685,STL,Central,Western
2025-2026,20251121,9,NYR,56552,Noah Laba,ROSTER,22.0,"6'1""",181.0,USA,"Northville, MI",False,C,22,3,3,6,0.95,0.14,0.14,0.27,21.2,16.4,1,0,1,1,0,0,0,1,0,0,0,0,0,0.0,4,45,21,14.3,16,7,17,15,25,10,3,171,82,89,48.0,5,10,2,4,0,398,309,46,35,16675,2674,308,13130,NYR,Metropolitan,Eastern
2025-2026,20251121,21,VAN,11363,Joseph Labate,ASSIGNED_TO_MINORS,32.0,"6'3""",213.0,USA,"Eagan, MN",True,C,1,0,0,0,2.0,0.0,0.0,0.0,4.4,0.0,0,0,0,0,0,0,0,0,0,0,0,0,0,0.0,-1,3,2,0.0,2,0,1,6,1,0,0,2,1,1,50.0,0,0,0,0,0,16,11,1,4,572,139,0,433,VAN,Pacific,Western
2025-2026,20251121,7,NJD,56425,Shane Lachance,ROSTER,22.0,"6'4""",195.0,USA,"Andover, MA",False,LW,1,0,0,0,0.0,0.0,0.0,0.0,0.4,0.0,0,0,0,0,0,0,0,0,0,0,0,0,0,0.0,0,0,0,0.0,0,0,0,1,2,0,0,1,1,0,100.0,0,0,0,0,0,10,6,2,0,445,152,0,232,NJD,Metropolitan,Eastern
2025-2026,20251121,29,ANA,38017,Jackson LaCombe,ROSTER,24.0,"6'2""",201.0,USA,"Eden Prairie, MN",True,D,21,1,7,8,2.1,0.33,0.05,0.38,41.8,6.6,0,0,3,3,0,0,0,0,0,0,0,0,0,0.0,-2,110,44,2.3,37,45,21,17,43,31,15,0,0,0,0.0,2,4,3,6,0,586,309,100,179,31500,4248,1366,25885,ANA,Pacific,Western
2025-2026,20251121,28,LAK,56457,Alex Laferriere,ROSTER,24.0,"6'0""",173.0,USA,"Chatham, New Jersey",False,RW,21,5,5,10,2.14,0.24,0.24,0.48,33.4,6.6,1,0,0,0,1,0,1,1,0,0,0,0,0,0.0,-1,94,45,11.1,13,26,23,51,23,18,4,82,38,44,46.3,2,4,4,8,0,447,282,81,89,20361,2387,743,17231,LAK,Pacific,Western
2025-2026,20251121,20,CHI,17188,Sam Lafferty,ROSTER,30.0,"6'1""",195.0,USA,"Hollidaysburg, PA",True,C,8,1,0,1,0.25,0.0,0.12,0.12,4.3,16.7,0,0,0,0,0,0,0,0,0,0,0,0,0,0.0,1,5,2,50.0,1,2,1,8,7,2,0,4,2,2,50.0,3,14,0,0,0,105,61,31,14,4342,833,773,2736,CHI,Central,Western
2025-2026,20251121,9,NYR,19048,Alexis Lafrenière,ROSTER,24.0,"6'1""",193.0,Canada,"St-Eustache, QC",True,LW,22,4,8,12,2.05,0.36,0.18,0.55,27.0,6.6,1,1,1,2,0,0,0,1,0,0,0,0,0,0.0,-5,82,45,8.9,15,18,22,31,25,14,7,10,2,8,20.0,2,4,3,6,0,485,337,109,30,22717,5242,1344,15538,NYR,Metropolitan,Eastern
2025-2026,20251121,14,MTL,9628,Patrik Laine,ROSTER,27.0,"6'5""",206.0,Finland,Tampere,False,LW,5,0,1,1,1.2,0.2,0.0,0.2,0.8,3.3,0,0,0,0,0,0,0,0,0,0,0,0,0,0.0,-3,20,6,0.0,0,8,6,2,2,2,0,3,2,1,66.7,1,2,1,2,0,73,46,19,8,3782,716,426,2640,MTL,Atlantic,Eastern
2025-2026,20251121,2,WPJ,53331,Brad Lambert,ASSIGNED_TO_MINORS,21.0,"6'1""",183.0,Finland,Lahti,True,C,4,1,0,1,0.75,0.0,0.25,0.25,2.2,3.3,0,0,0,0,0,0,0,0,0,0,0,0,0,0.0,-1,6,3,33.3,1,2,1,3,3,3,0,1,0,1,0.0,1,2,0,0,0,49,35,9,6,2166,337,94,1735,WPG,,
2025-2026,20251121,7,NJD,15266,Juho Lammikko,ROSTER,29.0,"6'2""",207.0,Finland,Noormarkku,False,C,9,0,0,0,0.89,0.0,0.0,0.0,12.1,0.0,0,0,0,0,0,0,0,0,0,0,0,0,0,0.0,0,11,8,0.0,8,0,3,11,2,3,1,63,32,31,50.8,0,0,0,0,0,134,74,29,30,5663,1297,301,4301,NJD,Metropolitan,Eastern
2025-2026,20251121,22,COL,4986,Gabriel Landeskog,ROSTER,32.0,"6'1""",215.0,Sweden,Stockholm,False,LW,20,2,4,6,1.45,0.2,0.1,0.3,18.4,33.8,0,0,0,0,0,0,0,1,0,0,0,0,0,0.0,3,63,29,6.9,5,16,18,33,21,10,7,30,16,14,53.3,8,19,5,13,1,380,191,138,53,16734,3912,2667,10155,COL,Central,Western
2025-2026,20251121,5,WSH,28519,Hendrix Lapierre,ROSTER,23.0,"6'0""",179.0,Canada,"Gatineau, QC",True,C,20,0,4,4,0.95,0.2,0.0,0.2,10.3,6.6,0,0,0,0,0,0,0,0,0,0,0,0,0,0.0,-1,39,19,0.0,3,6,14,18,10,14,4,76,30,46,39.5,2,4,1,2,0,261,176,49,34,11904,2490,732,8548,WSH,Metropolitan,Eastern
2025-2026,20251121,16,DET,5829,Dylan Larkin,ROSTER,29.0,"6'1""",198.0,USA,"Waterford, MI",False,C,21,12,12,24,3.33,0.57,0.57,1.14,11.8,16.4,4,3,2,5,0,0,0,3,0,1,1,1,0,0.0,9,132,70,17.1,9,30,32,8,12,20,3,427,240,187,56.2,5,10,11,22,0,517,247,89,193,25920,5494,1116,19310,DET,Atlantic,Eastern
2025-2026,20251121,143,SEA,4989,Adam Larsson,ROSTER,33.0,"6'3""",208.0,Sweden,Skelleftea,False,D,20,1,4,5,0.8,0.2,0.05,0.25,53.9,13.1,0,0,0,0,0,0,0,1,0,0,0,0,0,0.0,-3,37,16,6.2,45,15,6,28,19,8,3,0,0,0,0.0,4,8,0,0,0,502,275,93,128,26295,4542,1472,19912,SEA,Pacific,Western
2025-2026,20251121,12,TOR,5139,Scott Laughton,ROSTER,31.0,"6'1""",190.0,Canada,"Oakville, ON",False,C,3,0,0,0,1.67,0.0,0.0,0.0,5.6,3.3,0,0,0,0,0,0,0,0,0,0,0,0,0,0.0,-2,8,5,0.0,2,0,3,9,2,3,0,32,22,10,68.8,1,2,0,0,0,58,30,18,10,2072,570,148,1354,TOR,Atlantic,Eastern
2025-2026,20251121,142,VGK,15369,Jeremy Lauzon,ROSTER,28.0,"6'1""",204.0,Canada,"Val-dOr, QC",False,D,17,0,4,4,0.88,0.24,0.0,0.24,48.1,51.2,0,0,0,0,0,0,0,0,0,0,0,0,0,0.0,3,49,15,0.0,26,19,15,57,33,11,2,0,0,0,0.0,11,28,7,23,2,369,190,67,113,16225,2923,1094,12196,VGK,Pacific,Western
2025-2026,20251121,24,EDM,5454,Curtis Lazar,ROSTER,30.0,"6'0""",211.0,Canada,"Salmon Arm, BC",False,C,9,1,0,1,0.33,0.0,0.11,0.11,12.6,3.3,0,0,0,0,0,0,0,0,0,0,0,0,0,0.0,-3,14,3,33.3,5,4,7,19,10,0,0,34,18,16,52.9,1,2,1,2,0,127,67,39,19,5165,805,440,3879,EDM,Pacific,Western
2025-2026,20251121,26,SJS,4834,Nick Leddy,ROSTER,34.0,"6'0""",207.0,USA,"Eden Prairie, MN",False,D,9,0,2,2,0.33,0.22,0.0,0.22,14.9,6.6,0,0,0,0,0,0,0,0,0,0,0,0,0,0.0,-4,9,3,0.0,15,4,2,2,3,6,4,0,0,0,0.0,2,4,0,0,0,195,102,32,61,9454,2543,298,6613,SJS,Pacific,Western
2025-2026,20251121,8,NYI,5199,Anders Lee,ROSTER,35.0,"6'3""",231.0,USA,"Edina, MN",False,LW,21,3,8,11,2.43,0.38,0.14,0.52,22.0,33.8,1,0,1,1,0,0,0,1,0,0,0,0,0,0.0,-3,88,51,5.9,15,11,26,19,26,10,4,27,14,13,51.9,8,19,7,17,1,403,217,102,87,18921,4422,1367,13132,NYI,Metropolitan,Eastern
2025-2026,20251121,7,NJD,29745,Nathan Legare,ASSIGNED_TO_MINORS,24.0,"6'0""",205.0,Canada,"Montral, QC",True,RW,1,0,0,0,0.0,0.0,0.0,0.0,1.8,0.0,0,0,0,0,0,0,0,0,0,0,0,0,0,0.0,0,0,0,0.0,1,0,0,2,1,0,0,1,0,1,0.0,0,0,0,0,0,10,8,0,1,495,0,179,256,NJD,Metropolitan,Eastern
2025-2026,20251121,3,CAR,142373,Charles-Alexis Legault,ROSTER,22.0,"6'3""",208.0,Canada,"Montreal, QB",True,D,8,1,1,2,1.25,0.12,0.12,0.25,9.4,16.4,0,0,0,0,0,0,0,0,0,0,0,0,0,0.0,4,24,10,10.0,6,8,6,9,15,8,4,0,0,0,0.0,5,10,2,4,0,158,145,6,8,6369,1006,68,5295,CAR,Metropolitan,Eastern
2025-2026,20251121,22,COL,10064,Artturi Lehkonen,ROSTER,30.0,"6'0""",180.0,Finland,Piikkiö,False,LW,20,8,10,18,2.7,0.5,0.4,0.9,21.0,3.3,2,1,1,2,0,0,0,0,0,0,1,0,0,0.0,18,89,54,14.8,18,15,20,10,24,16,4,2,0,2,0.0,1,2,4,8,0,480,225,139,123,23745,5901,2232,15612,COL,Central,Western
2025-2026,20251121,21,VAN,56699,Jonathan Lekkerimäki,ROSTER,21.0,"5'10""",165.0,Sweden,Huddinge,False,RW,4,1,0,1,0.75,0.0,0.25,0.25,4.0,0.0,0,0,0,0,0,0,0,0,0,0,0,0,0,0.0,0,7,3,33.3,2,2,2,5,5,3,0,0,0,0,0.0,0,0,2,4,0,48,39,4,6,2376,312,0,2064,VAN,Pacific,Western
2025-2026,20251121,5,WSH,142776,Ryan Leonard,ROSTER,,,,,,False,RW,21,5,5,10,1.9,0.24,0.24,0.48,20.4,16.4,1,1,1,2,0,0,0,2,0,0,1,1,0,0.0,1,95,40,12.5,8,33,22,31,31,25,7,8,5,3,62.5,5,10,9,18,0,349,300,40,9,16284,2501,186,13394,WSH,Metropolitan,Eastern
2025-2026,20251121,10,PIT,4030,Kris Letang,ROSTER,38.0,"6'0""",201.0,Canada,"Montreal, QC",False,D,19,1,7,8,1.47,0.37,0.05,0.42,35.3,11.5,0,1,3,4,0,0,0,0,0,0,0,0,0,0.0,7,67,28,3.6,27,26,13,24,34,22,4,0,0,0,0.0,3,8,1,2,0,449,214,95,131,24658,5166,2035,16921,PIT,Metropolitan,Eastern
2025-2026,20251121,20,CHI,142389,Artyom Levshunov,ROSTER,,,,,,False,D,19,0,11,11,1.11,0.58,0.0,0.58,24.2,16.4,0,0,6,6,0,0,0,0,0,0,0,0,0,0.0,0,41,21,0.0,16,14,6,22,30,27,5,0,0,0,0.0,5,10,3,6,0,353,295,42,11,18346,3309,523,14258,CHI,Central,Western
2025-2026,20251121,26,SJS,15133,Timothy Liljegren,ROSTER,26.0,"6'0""",190.0,Sweden,Kristianstad,False,D,15,0,4,4,0.6,0.27,0.0,0.27,39.9,13.1,0,0,0,0,0,0,0,0,0,0,0,0,0,0.0,-1,35,9,0.0,35,17,9,17,26,17,1,0,0,0,0.0,4,8,2,4,0,371,200,71,100,18665,2606,444,15615,SJS,Pacific,Western
2025-2026,20251121,27,DAL,5910,Esa Lindell,ROSTER,31.0,"6'3""",215.0,Finland,Helsinki,False,D,21,2,4,6,1.1,0.19,0.1,0.29,42.9,9.8,0,0,0,0,0,0,0,0,0,0,0,0,0,0.0,9,51,23,8.7,40,15,13,13,42,29,8,0,0,0,0.0,3,6,1,2,0,512,253,126,130,28886,6546,1982,20112,DAL,Central,Western
2025-2026,20251121,143,SEA,14122,Ryan Lindgren,ROSTER,27.0,"6'0""",191.0,USA,"Minneapolis, MN",False,D,20,0,3,3,0.7,0.15,0.0,0.15,35.2,47.2,0,0,0,0,0,0,0,0,0,0,0,0,0,0.0,1,48,14,0.0,34,22,12,8,21,22,2,0,0,0,0.0,10,31,3,9,1,490,280,109,93,22777,3462,1486,17509,SEA,Pacific,Western
2025-2026,20251121,11,BOS,5260,Elias Lindholm,ROSTER,30.0,"6'1""",195.0,Sweden,Boden,False,C,13,4,5,9,1.69,0.38,0.31,0.69,21.0,13.1,1,4,3,7,0,0,0,1,0,0,0,0,0,0.0,-3,48,22,18.2,14,14,12,19,5,12,3,228,131,97,57.5,4,8,1,2,0,268,134,43,95,13800,3630,268,9902,BOS,Atlantic,Eastern
2025-2026,20251121,11,BOS,5228,Hampus Lindholm,ROSTER,31.0,"6'3""",208.0,Sweden,Helsingborg,False,D,14,1,6,7,1.36,0.43,0.07,0.5,17.3,21.4,0,1,2,3,0,0,0,0,0,0,0,0,0,0.0,-6,52,19,5.3,18,19,14,1,20,15,4,0,0,0,0.0,6,14,3,6,0,362,198,66,99,17522,3893,635,12994,BOS,Atlantic,Eastern
2025-2026,20251121,10,PIT,15998,Blake Lizotte,ROSTER,27.0,"5'7""",175.0,USA,"Lindstro, MN",True,C,19,3,1,4,1.26,0.05,0.16,0.21,14.7,3.3,1,0,0,0,0,0,0,0,0,0,0,0,0,0.0,3,40,24,12.5,9,9,9,15,31,15,2,162,78,84,48.1,1,2,1,2,0,381,232,100,44,16065,2810,1719,11260,PIT,Metropolitan,Eastern
2025-2026,20251121,11,BOS,38000,Mason Lohrei,ROSTER,24.0,"6'4""",195.0,USA,"Verona, WI",True,D,17,2,8,10,0.65,0.47,0.12,0.59,22.1,6.6,0,1,2,3,0,0,0,0,0,0,0,0,0,0.0,2,53,11,18.2,20,23,19,8,33,18,6,0,0,0,0.0,2,4,1,2,0,392,293,75,26,17795,2790,697,14308,BOS,Atlantic,Eastern
2025-2026,20251121,23,CGY,13954,Ryan Lomberg,ROSTER,30.0,"5'9""",187.0,Canada,"Richmond Hill, ON",False,LW,21,0,1,1,0.9,0.05,0.0,0.05,34.7,35.0,0,0,0,0,0,0,0,0,0,0,0,0,0,0.0,3,37,19,0.0,5,8,10,72,12,7,0,7,2,5,28.6,4,22,5,16,2,256,136,51,69,11078,1931,843,8304,CGY,Pacific,Western
2025-2026,20251121,12,TOR,5781,Steven Lorentz,ROSTER,29.0,"6'3""",192.0,Canada,"Waterloo, ON",False,C,15,2,4,6,0.73,0.27,0.13,0.4,23.4,0.0,0,0,0,0,1,0,1,0,0,0,0,0,0,0.0,-3,18,11,18.2,9,2,5,36,11,11,2,50,25,25,50.0,0,0,1,2,0,229,118,84,29,9963,2274,1518,6171,TOR,Atlantic,Eastern
2025-2026,20251121,2,WPJ,5456,Adam Lowry,ROSTER,32.0,"6'5""",210.0,USA,"St. Louis, MO",False,C,7,1,2,3,1.43,0.29,0.14,0.43,15.1,0.0,0,0,0,0,0,0,0,0,0,0,0,0,0,0.0,4,18,10,10.0,9,2,6,16,4,6,2,86,39,47,45.3,0,0,0,0,0,160,82,40,39,6037,1020,508,4509,WPG,,
2025-2026,20251121,6,PHI,142694,Jett Luchanko,ROSTER,,,,,,False,C,4,0,0,0,0.25,0.0,0.0,0.0,3.6,3.3,0,0,0,0,0,0,0,0,0,0,0,0,0,0.0,-3,2,1,0.0,3,0,1,2,5,1,0,21,11,10,52.4,1,2,1,2,0,45,40,3,2,2152,343,51,1758,PHI,Metropolitan,Eastern
2025-2026,20251121,4,FLO,30418,Anton Lundell,ROSTER,24.0,"6'1""",185.0,Finland,Espoo,True,C,20,5,11,16,1.95,0.55,0.25,0.8,22.9,13.1,1,2,4,6,1,1,2,0,0,0,2,0,1,50.0,-1,82,39,12.8,16,22,21,19,11,23,1,362,198,164,54.7,4,8,5,10,0,480,294,129,62,23361,6292,1904,15291,FLA,,
2025-2026,20251121,19,CBJ,14546,Isac Lundestrom,ROSTER,26.0,"6'0""",191.0,Sweden,Gällivare,False,C,20,0,2,2,0.55,0.1,0.0,0.1,12.7,6.6,0,0,0,0,0,0,0,0,0,0,0,0,0,0.0,0,24,11,0.0,10,6,7,8,21,17,2,129,69,60,53.5,2,4,1,2,0,335,217,51,63,14347,1959,884,11363,CBJ,Metropolitan,Eastern
2025-2026,20251121,27,DAL,14551,Nils Lundkvist,ROSTER,25.0,"5'11""",187.0,Sweden,Pitea,True,D,4,1,2,3,0.5,0.5,0.25,0.75,5.9,3.3,0,0,0,0,0,0,0,0,0,0,0,0,0,0.0,0,7,2,50.0,5,2,3,3,11,6,0,0,0,0,0.0,1,2,0,0,0,83,45,13,26,3839,139,126,3574,DAL,Central,Western
2025-2026,20251121,4,FLO,17339,Eetu Luostarinen,ROSTER,27.0,"6'3""",184.0,Finland,Siilinjrvi,False,C,18,3,7,10,1.78,0.39,0.17,0.56,34.4,13.1,1,1,0,1,0,1,1,0,0,0,0,0,0,0.0,3,58,32,9.4,18,10,16,42,26,12,3,16,8,8,50.0,4,8,9,20,0,395,189,121,88,18111,2926,2477,12708,FLA,,
2025-2026,20251121,13,OTT,30087,Olle Lycksell,INJURY_LIST,26.0,"5'10""",165.0,Sweden,Oskarshamn,True,RW,6,1,0,1,1.0,0.0,0.17,0.17,3.6,0.0,0,0,0,0,0,0,0,1,0,0,0,0,0,0.0,-2,9,6,16.7,3,1,2,2,6,1,0,0,0,0,0.0,0,0,1,2,0,84,59,15,11,3711,543,417,2751,OTT,Atlantic,Eastern
2025-2026,20251121,27,DAL,15176,Ilya Lyubushkin,ROSTER,31.0,"6'2""",201.0,Russia,Moskva,False,D,17,0,4,4,0.53,0.24,0.0,0.24,40.1,28.9,0,0,0,0,0,0,0,0,0,0,0,0,0,0.0,-1,19,9,0.0,33,7,3,22,41,20,4,0,0,0,0.0,6,17,1,5,1,363,200,66,96,16778,2148,807,13777,DAL,Central,Western
2025-2026,20251121,30,UTA,5259,Olli Maatta,ROSTER,31.0,"6'2""",206.0,Finland,Jyväskylä,False,D,16,0,1,1,0.44,0.06,0.0,0.06,11.2,0.0,0,0,0,0,0,0,0,0,0,0,0,0,0,0.0,-1,16,7,0.0,12,4,5,0,38,13,2,0,0,0,0.0,0,0,0,0,0,252,166,24,62,11331,1697,483,9151,UTA,Central,Western
2025-2026,20251121,12,TOR,28458,Matias Maccelli,ROSTER,25.0,"5'11""",165.0,Finland,Turku,True,LW,20,4,4,8,0.85,0.2,0.2,0.4,5.5,6.6,1,0,0,0,0,0,0,1,0,0,0,0,0,0.0,2,36,17,23.5,5,10,9,2,15,14,5,5,3,2,60.0,2,4,3,6,0,338,222,97,23,15832,3761,1425,10646,TOR,Atlantic,Eastern
2025-2026,20251121,13,OTT,11733,Kurtis MacDermid,ROSTER,31.0,"6'5""",233.0,Canada,"Sauble Beach, ON",False,LW,8,0,0,0,0.25,0.0,0.0,0.0,7.1,31.5,0,0,0,0,0,0,0,0,0,0,0,0,0,0.0,-3,2,2,0.0,4,0,0,8,2,1,0,0,0,0,0.0,5,16,4,14,2,67,31,23,13,2122,231,385,1506,OTT,Atlantic,Eastern
2025-2026,20251121,21,VAN,13674,Mackenzie MacEachern,ROSTER,31.0,"6'2""",190.0,USA,"Bloomfield Hills, MI",False,LW,7,1,3,4,0.71,0.43,0.14,0.57,9.8,13.4,0,0,0,0,0,0,0,0,0,0,0,0,0,0.0,2,9,5,20.0,6,2,2,10,7,3,0,1,1,0,100.0,2,12,1,2,0,111,54,31,27,4363,828,439,3096,VAN,Pacific,Western
2025-2026,20251121,7,NJD,15475,Zack MacEwen,ROSTER,29.0,"6'3""",205.0,Canada,"Charlottetown, PE",True,RW,3,0,0,0,1.33,0.0,0.0,0.0,3.4,0.0,0,0,0,0,0,0,0,0,0,0,0,0,0,0.0,0,7,4,0.0,1,0,3,6,2,2,1,2,0,2,0.0,0,0,0,0,0,26,18,6,2,1140,169,177,794,NJD,Metropolitan,Eastern
2025-2026,20251121,22,COL,5231,Nathan MacKinnon,ROSTER,30.0,"6'0""",200.0,Canada,"Halifax, NS",False,C,20,16,20,36,4.45,1.0,0.8,1.8,21.1,19.7,5,5,4,9,0,0,0,2,0,0,1,0,0,0.0,22,152,89,18.0,15,29,33,17,15,33,3,429,211,218,49.2,6,12,6,12,0,466,227,175,80,25967,7523,3675,14769,COL,Central,Western
2025-2026,20251121,8,NYI,34417,Kyle MacLean,ROSTER,26.0,"6'1""",190.0,USA,"Livingston, NJ",True,C,10,0,1,1,0.7,0.1,0.0,0.1,8.5,27.5,0,0,0,0,0,0,0,0,0,0,0,0,0,0.0,-5,12,7,0.0,2,2,3,16,8,2,1,16,11,5,68.8,4,19,3,9,1,134,80,37,17,5749,1114,358,4277,NYI,Metropolitan,Eastern
2025-2026,20251121,143,SEA,15128,Josh Mahura,ROSTER,27.0,"6'0""",190.0,Canada,"Edmonton, AB",False,D,13,1,1,2,0.69,0.08,0.08,0.15,25.1,19.9,0,0,0,0,0,0,0,1,0,1,0,0,0,0.0,6,24,9,11.1,21,8,7,13,18,7,2,0,0,0,0.0,4,16,1,2,0,280,171,49,57,11835,1481,725,9417,SEA,Pacific,Western
2025-2026,20251121,17,STL,37979,Logan Mailloux,ASSIGNED_TO_MINORS,22.0,"6'3""",214.0,Canada,"Belle River, ON",True,D,9,0,0,0,0.56,0.0,0.0,0.0,11.0,6.6,0,0,0,0,0,0,0,0,0,0,0,0,0,0.0,-12,18,5,0.0,6,7,6,13,17,7,1,0,0,0,0.0,2,4,1,2,0,147,110,24,13,6780,884,369,5527,STL,Central,Western
2025-2026,20251121,22,COL,13619,Cale Makar,ROSTER,27.0,"5'11""",187.0,Canada,"Calgary, AB",False,D,20,8,20,28,2.9,1.0,0.4,1.4,38.3,16.4,2,0,7,7,0,0,0,2,0,0,0,0,0,0.0,20,147,58,13.8,36,62,27,11,9,21,12,0,0,0,0.0,5,10,7,14,0,541,308,184,57,30615,7864,5316,17435,COL,Central,Western
2025-2026,20251121,22,COL,56372,Taylor Makar,ASSIGNED_TO_MINORS,24.0,"6'3""",190.0,Canada,"Calgary, AB",False,LW,3,0,0,0,1.0,0.0,0.0,0.0,2.5,0.0,0,0,0,0,0,0,0,0,0,0,0,0,0,0.0,0,5,3,0.0,0,1,1,6,4,0,0,0,0,0,0.0,0,0,0,0,0,27,21,6,0,999,255,36,708,COL,Central,Western
2025-2026,20251121,15,BUF,17164,Beck Malenstyn,ROSTER,27.0,"6'3""",200.0,Canada,"White Rock, BC",False,LW,19,1,1,2,1.21,0.05,0.05,0.11,48.2,3.3,0,0,0,0,0,0,0,0,0,0,0,0,0,0.0,-5,39,23,4.3,23,6,10,64,26,10,1,2,0,2,0.0,1,2,5,10,0,312,145,28,140,12882,1765,98,11019,BUF,Atlantic,Eastern
2025-2026,20251121,22,COL,119984,Sam Malinski,ROSTER,27.0,"5'11""",190.0,USA,"Lakeville, MN",True,D,20,1,10,11,1.75,0.5,0.05,0.55,22.2,3.3,0,0,1,1,0,0,0,1,0,0,0,0,0,0.0,13,84,35,2.9,21,33,16,6,32,20,7,0,0,0,0.0,1,2,0,0,0,404,359,27,19,17997,3077,360,14561,COL,Central,Western
2025-2026,20251121,10,PIT,3652,Evgeni Malkin,ROSTER,39.0,"6'3""",195.0,Russia,Magnitogorsk,False,C,19,5,18,23,2.53,0.95,0.26,1.21,6.1,23.0,1,1,8,9,0,0,0,0,0,0,2,1,1,50.0,5,74,48,10.4,3,12,15,8,16,19,7,152,69,83,45.4,7,14,3,6,0,392,206,120,66,20083,7313,1862,10828,PIT,Metropolitan,Eastern
2025-2026,20251121,28,LAK,34945,Jeff Malott,ROSTER,29.0,"6'3""",201.0,Canada,"Burlington, ON",True,LW,16,2,0,2,0.81,0.0,0.12,0.12,24.0,45.6,0,0,0,0,0,0,0,0,0,0,0,0,0,0.0,-2,31,13,15.4,6,8,10,44,8,7,2,1,1,0,100.0,7,23,4,17,3,178,140,25,15,7603,673,390,6540,LAK,Pacific,Western
2025-2026,20251121,21,VAN,56544,Victor Mancini,ASSIGNED_TO_MINORS,23.0,"6'3""",215.0,USA,"Hancock, MI",True,D,5,0,0,0,0.6,0.0,0.0,0.0,7.2,10.8,0,0,0,0,0,0,0,0,0,0,0,0,0,0.0,-2,7,3,0.0,5,3,1,6,9,2,0,0,0,0,0.0,1,5,1,5,1,69,62,3,4,3158,334,17,2807,VAN,Pacific,Western
2025-2026,20251121,24,EDM,5761,Andrew Mangiapane,ROSTER,29.0,"5'10""",184.0,Canada,"Toronto, ON",False,LW,23,4,4,8,1.09,0.17,0.17,0.35,18.2,3.3,1,0,0,0,0,0,0,1,0,0,0,0,0,0.0,-17,57,25,16.0,11,18,14,19,24,15,2,2,1,1,50.0,1,2,7,14,0,436,195,150,87,20465,4135,2841,13012,EDM,Pacific,Western
2025-2026,20251121,22,COL,5477,Josh Manson,ROSTER,34.0,"6'3""",218.0,USA,"Hinsdale, IL",False,D,20,1,2,3,1.2,0.1,0.05,0.15,45.0,47.9,0,0,0,0,0,0,0,1,0,0,0,0,0,0.0,9,54,24,4.2,28,18,12,45,27,21,10,0,0,0,0.0,10,26,7,20,2,485,244,147,95,21751,3584,2803,15364,COL,Central,Western
2025-2026,20251121,10,PIT,5413,Anthony Mantha,ROSTER,31.0,"6'5""",234.0,Canada,"Longueuil, QC",False,RW,19,8,6,14,1.79,0.32,0.42,0.74,15.0,10.8,2,1,1,2,0,0,0,0,0,0,0,0,0,0.0,10,63,34,23.5,12,16,13,9,14,21,3,6,1,5,16.7,1,5,7,17,1,351,185,101,67,16779,2850,2713,10887,PIT,Metropolitan,Eastern
2025-2026,20251121,4,FLO,4692,Brad Marchand,ROSTER,37.0,"5'9""",181.0,Canada,"Halifax, NS",False,LW,19,13,10,23,2.84,0.53,0.68,1.21,10.9,29.5,4,2,5,7,1,0,1,1,0,0,1,0,1,100.0,-4,106,54,24.1,5,23,29,15,18,20,5,4,1,3,25.0,9,18,11,22,0,427,236,102,102,20888,7196,1665,12258,FLA,,
2025-2026,20251121,19,CBJ,14572,Kirill Marchenko,ROSTER,25.0,"6'3""",187.0,Russia,Barnaul,True,RW,21,8,14,22,3.0,0.67,0.38,1.05,21.0,9.8,2,1,6,7,1,0,1,2,0,0,4,0,4,100.0,9,142,63,12.7,14,40,39,19,23,29,6,1,0,1,0.0,3,6,4,8,0,447,218,85,151,23788,4657,1463,17887,CBJ,Metropolitan,Eastern
2025-2026,20251121,18,NSH,5473,Jonathan Marchessault,ROSTER,34.0,"5'9""",180.0,Canada,"Cap-Rouge, QC",False,RW,17,4,2,6,2.53,0.12,0.24,0.35,15.3,9.8,1,2,0,2,0,0,0,1,0,0,1,0,0,0.0,-9,89,43,9.3,3,27,19,30,11,24,3,6,4,2,66.7,3,6,8,16,0,351,169,129,57,18418,3976,3335,11107,NSH,Central,Western
2025-2026,20251121,143,SEA,17165,Mason Marchment,ROSTER,30.0,"6'4""",201.0,Canada,"Uxbridge, ON",False,LW,19,1,8,9,1.47,0.42,0.05,0.47,17.0,6.6,0,0,3,3,0,0,0,1,0,0,1,0,0,0.0,-1,58,28,3.6,7,13,17,25,22,30,7,24,6,18,25.0,2,4,3,6,0,396,191,131,70,18961,3212,1043,14421,SEA,Pacific,Western
2025-2026,20251121,30,UTA,17187,John Marino,ROSTER,28.0,"6'1""",181.0,USA,"Brockton, MA",True,D,21,1,9,10,1.14,0.43,0.05,0.48,19.9,6.6,0,0,0,0,0,0,0,0,0,0,0,0,0,0.0,4,59,24,4.2,19,26,9,5,40,34,7,0,0,0,0.0,2,4,4,8,0,576,324,74,179,26043,3757,1264,21022,UTA,Central,Western
2025-2026,20251121,142,VGK,5599,Mitchell Marner,ROSTER,28.0,"6'0""",175.0,Canada,"Markham, ON",False,RW,20,4,17,21,1.7,0.85,0.2,1.05,14.2,6.6,1,1,4,5,0,0,0,0,0,0,1,0,0,0.0,10,82,34,11.8,12,27,21,7,19,27,12,22,11,11,50.0,2,4,2,4,0,448,213,154,85,24877,5640,2763,16376,VGK,Pacific,Western
2025-2026,20251121,18,NSH,168604,Brady Martin,ROSTER,18.0,"6'0""",174.0,Canada,"Elora, ON",True,C,3,0,1,1,0.67,0.33,0.0,0.33,1.9,0.0,0,0,0,0,0,0,0,0,0,0,0,0,0,0.0,0,3,2,0.0,2,0,1,0,2,4,0,16,5,11,31.2,0,0,0,0,0,39,32,6,1,2055,275,54,1728,NSH,Central,Western
2025-2026,20251121,3,CAR,5495,Jordan Martinook,ROSTER,33.0,"6'0""",196.0,Canada,"Brandon, MB",False,LW,20,2,5,7,1.4,0.25,0.1,0.35,29.6,6.6,0,0,0,0,0,0,0,1,0,0,0,0,0,0.0,3,58,28,7.1,16,12,18,35,22,15,6,17,9,8,52.9,2,4,3,6,0,442,157,192,95,18089,3460,2327,12302,CAR,Metropolitan,Eastern
2025-2026,20251121,1,TBL,120138,Emil Martinsen Lilleberg,ROSTER,24.0,"6'2""",192.0,Norway,Sarpsborg,True,D,20,2,2,4,0.8,0.1,0.1,0.2,25.8,65.3,0,0,0,0,0,0,0,0,0,0,0,0,0,0.0,2,38,16,12.5,16,9,13,26,46,14,3,0,0,0,0.0,13,35,8,29,3,417,328,33,59,18869,2706,351,15816,TBL,Atlantic,Eastern
2025-2026,20251121,19,CBJ,53022,Denton Mateychuk,ROSTER,21.0,"5'11""",194.0,Canada,"Winnipeg, MB",True,D,20,4,3,7,1.1,0.15,0.2,0.35,37.7,3.3,1,0,0,0,0,0,0,0,0,0,0,0,0,0.0,2,43,22,18.2,34,12,9,14,44,18,5,0,0,0,0.0,1,2,3,6,0,448,354,36,59,23303,3215,390,19580,CBJ,Metropolitan,Eastern
2025-2026,20251121,14,MTL,5921,Mike Matheson,ROSTER,31.0,"6'2""",193.0,Canada,"Montreal, QC",False,D,20,4,8,12,1.25,0.4,0.2,0.6,47.5,23.0,1,0,0,0,0,0,0,1,0,1,0,0,0,0.0,9,67,25,16.0,44,24,18,15,24,17,7,0,0,0,0.0,7,14,4,8,0,517,286,95,140,29799,6780,1254,21765,MTL,Atlantic,Eastern
2025-2026,20251121,13,OTT,111262,Nikolas Matinpalo,ROSTER,27.0,"6'3""",207.0,Finland,Espoo,True,D,12,0,2,2,0.67,0.17,0.0,0.17,19.1,6.6,0,0,0,0,0,0,0,0,0,0,0,0,0,0.0,1,33,8,0.0,15,19,6,12,36,5,3,0,0,0,0.0,2,4,0,0,0,277,252,7,18,10637,1828,56,8753,OTT,Atlantic,Eastern
2025-2026,20251121,12,TOR,9627,Auston Matthews,ROSTER,28.0,"6'3""",220.0,USA,"San Ramon, CA",False,C,17,9,5,14,3.82,0.29,0.53,0.82,34.5,9.8,3,1,1,2,0,0,0,2,0,1,0,0,0,0.0,9,120,65,13.8,31,27,28,13,8,22,7,307,181,126,59.0,3,6,1,2,0,413,201,146,75,21682,4999,2907,13776,TOR,Atlantic,Eastern
2025-2026,20251121,8,NYI,5364,Scott Mayfield,ROSTER,33.0,"6'5""",223.0,USA,"St. Louis, MO",False,D,19,0,3,3,0.79,0.16,0.0,0.16,32.1,67.1,0,0,0,0,0,0,0,0,0,0,0,0,0,0.0,1,43,15,0.0,28,16,12,14,20,22,4,0,0,0,0.0,14,47,9,21,1,464,262,74,128,21263,3953,1768,15542,NYI,Metropolitan,Eastern
2025-2026,20251121,19,CBJ,17949,Dysin Mayo,ROSTER,29.0,"6'0""",185.0,Canada,"Victoria, BC",False,D,1,0,0,0,3.0,0.0,0.0,0.0,0.0,0.0,0,0,0,0,0,0,0,0,0,0,0,0,0,0.0,-1,5,3,0.0,0,2,0,0,2,0,0,0,0,0,0.0,0,0,0,0,0,13,7,3,3,453,165,0,288,CBJ,Metropolitan,Eastern
2025-2026,20251121,11,BOS,9640,Charlie McAvoy,ROSTER,27.0,"6'0""",208.0,USA,"Long Beach, NY",False,D,19,0,14,14,1.32,0.74,0.0,0.74,40.8,42.7,0,0,5,5,0,0,0,0,0,0,0,0,0,0.0,-2,78,25,0.0,32,25,28,26,34,21,9,0,0,0,0.0,13,26,6,12,0,525,267,128,130,27101,5084,1975,20042,BOS,Atlantic,Eastern
2025-2026,20251121,30,UTA,38370,Jack McBain,ROSTER,25.0,"6'4""",218.0,Canada,"Toronto, ON",True,C,21,1,2,3,1.33,0.1,0.05,0.14,35.6,51.2,0,0,0,0,0,0,0,0,0,0,0,0,0,0.0,1,51,28,3.6,14,10,13,54,31,12,4,199,103,96,51.8,11,28,6,18,2,413,246,104,64,17025,2696,2207,12122,UTA,Central,Western
2025-2026,20251121,12,TOR,5362,Jake McCabe,ROSTER,32.0,"6'1""",204.0,USA,"Eau Claire, WI",False,D,21,3,7,10,0.76,0.33,0.14,0.48,59.9,33.8,1,0,0,0,0,0,0,0,0,0,0,0,0,0.0,4,47,16,18.8,51,21,10,29,28,28,8,0,0,0,0.0,8,19,3,9,1,631,342,148,144,27323,3864,2046,21413,TOR,Atlantic,Eastern
2025-2026,20251121,143,SEA,5824,Jared McCann,ROSTER,29.0,"6'1""",185.0,Canada,"Stratford, ON",False,LW,5,3,1,4,2.8,0.2,0.6,0.8,6.7,0.0,1,0,0,0,0,0,0,1,0,1,1,0,0,0.0,0,29,14,21.4,4,7,8,7,3,1,0,3,2,1,66.7,0,0,2,4,0,124,57,41,29,5187,1528,568,3091,SEA,Pacific,Western
2025-2026,20251121,18,NSH,5893,Michael McCarron,ROSTER,30.0,"6'5""",237.0,USA,"Grosse Pointe, MI",False,C,20,1,3,4,0.95,0.15,0.05,0.2,36.7,31.5,0,0,0,0,0,0,0,0,0,0,0,0,0,0.0,-5,39,19,5.3,16,8,12,52,29,12,6,273,149,124,54.6,5,16,8,22,2,403,185,94,125,17445,2606,1205,13634,NSH,Central,Western
2025-2026,20251121,24,EDM,5576,Connor McDavid,ROSTER,28.0,"6'1""",193.0,Canada,"Richmond Hill, ON",False,C,23,9,23,32,3.0,1.0,0.39,1.39,8.5,16.4,3,3,10,13,0,0,0,0,0,0,1,0,0,0.0,-6,129,69,13.0,6,17,43,7,35,38,9,240,114,126,47.5,5,10,13,26,0,521,253,197,66,32370,8065,5086,18518,EDM,Pacific,Western
2025-2026,20251121,1,TBL,4852,Ryan McDonagh,ROSTER,36.0,"6'1""",214.0,USA,"St. Paul, MN",False,D,15,3,3,6,1.0,0.2,0.2,0.4,27.7,0.0,1,0,0,0,0,0,0,0,0,0,0,0,0,0.0,1,41,15,20.0,26,13,13,8,11,18,6,0,0,0,0.0,0,0,1,2,0,388,212,56,123,18145,4714,623,12772,TBL,Atlantic,Eastern
2025-2026,20251121,5,WSH,5308,Dylan McIlrath,ROSTER,33.0,"6'5""",231.0,Canada,"Winnipeg, MB",False,D,2,0,0,0,0.5,0.0,0.0,0.0,3.0,0.0,0,0,0,0,0,0,0,0,0,0,0,0,0,0.0,1,4,1,0.0,1,2,1,5,3,1,0,0,0,0,0.0,0,0,0,0,0,33,14,6,13,1535,88,154,1293,WSH,Metropolitan,Eastern
2025-2026,20251121,15,BUF,14563,Ryan McLeod,ROSTER,26.0,"6'3""",201.0,Canada,"Mississauga, ON",False,C,20,4,5,9,1.35,0.25,0.2,0.45,8.8,0.0,1,0,1,1,2,0,2,0,0,0,0,0,0,0.0,-6,50,27,14.8,8,11,12,3,22,18,5,327,139,188,42.5,0,0,2,4,0,519,250,62,211,21393,2190,423,18780,BUF,Atlantic,Eastern
2025-2026,20251121,12,TOR,39073,Bobby McMann,ROSTER,29.0,"6'1""",205.0,Canada,"Wainwright, AB",True,C,21,5,3,8,1.71,0.14,0.24,0.38,30.2,27.2,1,1,0,1,0,0,0,1,0,0,0,0,0,0.0,-2,69,36,13.9,10,14,19,50,12,8,2,3,2,1,66.7,6,15,4,11,1,408,281,108,24,18716,4576,1871,12269,TOR,Atlantic,Eastern
2025-2026,20251121,5,WSH,17166,Connor McMichael,ROSTER,24.0,"5'11""",182.0,Canada,"Ajax, ON",True,C,21,2,8,10,1.9,0.38,0.1,0.48,12.6,13.1,0,1,0,1,0,0,0,0,0,0,2,1,0,0.0,2,72,40,5.0,9,17,15,10,16,14,9,245,97,148,39.6,4,8,2,4,0,476,287,100,88,20274,3053,987,16082,WSH,Metropolitan,Eastern
2025-2026,20251121,142,VGK,5041,Brayden McNabb,ROSTER,34.0,"6'4""",213.0,Canada,"Davidson, SK",False,D,20,0,1,1,0.7,0.05,0.0,0.05,73.3,13.1,0,0,0,0,0,0,0,0,0,0,0,0,0,0.0,6,55,14,0.0,64,23,18,32,33,13,5,0,0,0,0.0,4,8,4,8,0,541,290,75,176,25623,6432,1057,18134,VGK,Pacific,Western
2025-2026,20251121,29,ANA,32259,Mason McTavish,ROSTER,22.0,"6'0""",208.0,Switzerland,Zurich,True,C,21,4,10,14,1.62,0.48,0.19,0.67,19.0,47.6,1,0,2,2,0,0,0,1,0,0,1,0,1,100.0,1,93,34,11.8,10,24,35,23,14,14,5,276,128,148,46.4,14,30,6,12,0,454,228,41,192,21048,1849,127,19006,ANA,Pacific,Western
2025-2026,20251121,7,NJD,5604,Timo Meier,ROSTER,29.0,"6'0""",210.0,Switzerland,St. Gallen,False,RW,20,5,9,14,3.1,0.45,0.25,0.7,23.6,16.4,1,2,3,5,0,0,0,1,0,0,0,0,0,0.0,0,130,62,8.1,11,31,37,32,23,21,7,24,13,11,54.2,5,10,3,6,0,437,234,87,119,22002,4454,1246,16192,NJD,Metropolitan,Eastern
2025-2026,20251121,7,NJD,28533,Dawson Mercer,ROSTER,24.0,"6'0""",180.0,Canada,"Carbonear, NL and Labrador",True,C,20,9,7,16,1.95,0.35,0.45,0.8,24.2,13.1,3,3,1,4,1,0,1,1,0,0,0,0,0,0.0,6,73,39,23.1,20,18,16,13,25,18,7,79,35,44,44.3,4,8,7,14,0,450,279,104,75,22854,3897,1537,17331,NJD,Metropolitan,Eastern
2025-2026,20251121,12,TOR,13894,Dakota Mermis,ROSTER,31.0,"6'0""",195.0,USA,"Alton, IL",False,D,6,1,0,1,0.5,0.0,0.17,0.17,3.0,0.0,0,0,0,0,0,0,0,0,0,0,0,0,0,0.0,-2,12,3,33.3,1,5,4,5,13,2,1,0,0,0,0.0,0,0,0,0,0,120,77,21,23,4717,746,336,3635,TOR,Atlantic,Eastern
2025-2026,20251121,15,BUF,120242,Zach Metsa,ROSTER,27.0,"5'9""",181.0,USA,"Delafield, WI",True,D,4,0,0,0,0.25,0.0,0.0,0.0,2.3,3.3,0,0,0,0,0,0,0,0,0,0,0,0,0,0.0,3,4,1,0.0,2,2,1,1,6,1,0,0,0,0,0.0,1,2,1,2,0,49,47,2,0,2117,376,0,1741,BUF,Atlantic,Eastern
2025-2026,20251121,143,SEA,39057,Ben Meyers,ASSIGNED_TO_MINORS,27.0,"5'11""",195.0,USA,"Delano, MN",True,C,9,0,3,3,0.89,0.33,0.0,0.33,6.8,3.3,0,0,0,0,0,0,0,0,0,0,0,0,0,0.0,-1,14,8,0.0,1,1,5,14,8,1,1,51,21,30,41.2,1,2,0,0,0,137,115,14,7,5214,926,84,4150,SEA,Pacific,Western
2025-2026,20251121,6,PHI,134153,Matvei Michkov,ROSTER,20.0,"5'10""",172.0,Russia,Perm,True,RW,19,4,5,9,1.89,0.26,0.21,0.47,10.6,19.7,1,1,0,1,0,0,0,0,0,0,4,0,2,50.0,-4,65,36,11.1,6,23,6,12,18,31,8,1,0,1,0.0,6,12,3,6,0,372,325,46,8,16913,3592,254,13258,PHI,Metropolitan,Eastern
2025-2026,20251121,25,MIN,15459,Jacob Middleton,ROSTER,29.0,"6'3""",210.0,Canada,"Stratford, ON",False,D,19,0,2,2,0.95,0.11,0.0,0.11,40.8,46.3,0,0,0,0,0,0,0,0,0,0,0,0,0,0.0,0,40,18,0.0,32,12,10,26,13,8,2,0,0,0,0.0,9,26,4,14,2,428,232,109,88,20809,3403,2325,15083,MIN,Central,Western
2025-2026,20251121,20,CHI,17145,Ilya Mikheyev,ROSTER,31.0,"6'3""",195.0,Russia,Omsk,True,RW,18,4,3,7,1.56,0.17,0.22,0.39,11.6,6.6,1,0,0,0,0,0,0,1,0,0,0,0,0,0.0,5,48,28,14.3,7,9,11,12,11,10,6,5,0,5,0.0,2,4,4,8,0,407,211,48,148,19515,1693,540,17016,CHI,Central,Western
2025-2026,20251121,4,FLO,5722,Niko Mikkola,ROSTER,29.0,"6'4""",185.0,Finland,Kiiminki,False,D,20,0,4,4,1.05,0.2,0.0,0.2,30.8,32.8,0,0,0,0,0,0,0,0,0,0,0,0,0,0.0,4,57,21,0.0,24,19,17,20,33,24,4,0,0,0,0.0,10,20,7,14,0,522,297,142,83,23140,2968,2181,17991,FLA,,
2025-2026,20251121,5,WSH,5436,Sonny Milano,ROSTER,29.0,"6'0""",194.0,USA,"Massapequa, NY",False,LW,10,3,0,3,1.8,0.0,0.3,0.3,3.1,3.3,1,0,0,0,0,0,0,1,0,0,0,0,0,0.0,0,25,18,16.7,2,2,5,3,7,4,0,5,3,2,60.0,1,2,1,2,0,134,61,44,33,6111,1459,643,4017,WSH,Metropolitan,Eastern
2025-2026,20251121,2,WPJ,5563,Colin Miller,ROSTER,33.0,"6'1""",193.0,Canada,"Sault Ste. Marie, ON",False,D,5,0,0,0,0.8,0.0,0.0,0.0,7.0,3.3,0,0,0,0,0,0,0,0,0,0,0,0,0,0.0,-1,11,4,0.0,3,6,1,10,2,4,0,0,0,0,0.0,1,2,1,2,0,76,44,21,11,3563,336,433,2794,WPG,,
2025-2026,20251121,9,NYR,5161,J.T. Miller,ROSTER,32.0,"6'1""",218.0,USA,"East Palestine, OH",False,C,22,6,6,12,2.32,0.27,0.27,0.55,30.0,9.8,2,2,2,4,0,0,0,1,0,1,1,0,1,100.0,-7,102,51,11.8,8,17,34,54,13,20,4,347,201,146,57.9,3,6,2,4,0,577,257,138,172,27309,6750,2224,17563,NYR,Metropolitan,Eastern
2025-2026,20251121,3,CAR,14545,K'Andre Miller,ROSTER,25.0,"6'5""",210.0,USA,"St. Paul, MN",True,D,14,2,6,8,2.21,0.43,0.14,0.57,21.5,26.2,0,1,2,3,0,0,0,0,0,0,0,0,0,0.0,1,71,31,6.5,14,24,16,20,17,21,9,1,0,1,0.0,8,16,2,4,0,404,230,87,89,19192,3353,879,14960,CAR,Metropolitan,Eastern
2025-2026,20251121,11,BOS,52843,Fraser Minten,ROSTER,21.0,"6'1""",185.0,Canada,"Vancouver, BC",True,C,22,3,3,6,1.32,0.14,0.14,0.27,34.1,19.7,1,0,0,0,0,0,0,1,0,1,0,0,0,0.0,1,60,29,10.3,19,16,15,39,28,8,9,203,108,95,53.2,6,12,4,8,0,418,313,52,56,18461,3129,321,15011,BOS,Atlantic,Eastern
2025-2026,20251121,29,ANA,43373,Pavel Mintyukov,ROSTER,21.0,"6'2""",194.0,Russia,Moskva,True,D,18,0,3,3,0.56,0.17,0.0,0.17,20.1,3.3,0,0,0,0,0,0,0,0,0,0,0,0,0,0.0,1,30,10,0.0,17,12,8,10,21,18,3,0,0,0,0.0,1,2,5,10,0,381,261,44,76,16559,2123,67,14369,ANA,Pacific,Western
2025-2026,20251121,23,CGY,29983,Daniil Miromanov,ASSIGNED_TO_MINORS,28.0,"6'4""",202.0,Russia,Moscow,True,D,1,0,0,0,0.0,0.0,0.0,0.0,1.9,0.0,0,0,0,0,0,0,0,0,0,0,0,0,0,0.0,0,2,0,0.0,2,1,1,0,0,1,0,0,0,0,0.0,0,0,0,0,0,30,23,0,7,1069,0,0,1069,CGY,Pacific,Western
2025-2026,20251121,26,SJS,176687,Michael Misa,ROSTER,18.0,"6'1""",185.0,Canada,"Oakville, ON",True,C,7,1,2,3,1.86,0.29,0.14,0.43,5.5,3.3,0,0,0,0,0,0,0,0,0,0,0,0,0,0.0,-1,22,13,7.7,5,5,4,2,9,5,0,38,20,18,52.6,1,2,1,2,0,106,94,13,0,4930,813,180,3937,SJS,Pacific,Western
2025-2026,20251121,11,BOS,13623,Casey Mittelstadt,ROSTER,26.0,"6'1""",199.0,USA,"Eden Prairie, MN",False,C,15,4,5,9,0.93,0.33,0.27,0.6,8.8,0.0,1,0,0,0,0,0,0,0,0,0,1,0,0,0.0,0,27,14,28.6,8,5,8,3,13,14,2,83,49,34,59.0,0,0,2,4,0,274,151,107,20,13084,2188,1546,9350,BOS,Atlantic,Eastern
2025-2026,20251121,19,CBJ,5242,Sean Monahan,ROSTER,31.0,"6'2""",200.0,Canada,"Brampton, ON",False,C,21,2,7,9,1.76,0.33,0.1,0.43,7.8,6.6,0,1,3,4,0,0,0,1,0,0,1,0,0,0.0,1,64,37,5.4,3,8,19,12,13,16,5,399,211,188,52.9,2,4,4,8,0,470,220,116,134,23191,5674,1489,15961,CBJ,Metropolitan,Eastern
2025-2026,20251121,143,SEA,11648,Brandon Montour,ROSTER,31.0,"6'0""",189.0,Canada,"Ohsweken, ON",False,D,16,3,8,11,2.5,0.5,0.19,0.69,30.1,14.1,1,1,2,3,0,0,0,0,0,0,0,0,0,0.0,5,91,40,7.5,25,28,23,16,20,22,7,0,0,0,0.0,2,7,2,7,1,399,195,82,113,21351,3847,1301,15693,SEA,Pacific,Western
2025-2026,20251121,29,ANA,56251,Ian Moore,ROSTER,23.0,"6'2""",171.0,USA,"Concord, MA",False,D,15,2,1,3,0.93,0.07,0.13,0.2,26.9,19.7,0,0,0,0,0,0,0,1,0,0,0,0,0,0.0,2,41,14,14.3,26,10,17,6,36,13,4,0,0,0,0.0,6,12,1,2,0,288,170,25,95,12405,843,286,11276,ANA,Pacific,Western
2025-2026,20251121,20,CHI,166412,Oliver Moore,ROSTER,20.0,"5'11""",176.0,USA,"Mounds View, MN",True,C,8,2,3,5,1.62,0.38,0.25,0.62,4.2,0.0,0,0,0,0,0,0,0,0,0,0,0,0,0,0.0,2,22,13,15.4,4,1,8,1,10,6,5,7,3,4,42.9,0,0,0,0,0,157,131,21,7,6780,1526,168,5086,CHI,Central,Western
2025-2026,20251121,28,LAK,11811,Trevor Moore,ROSTER,30.0,"5'10""",185.0,USA,"Thousand Oaks, CA",False,LW,20,3,3,6,2.05,0.15,0.15,0.3,17.4,9.8,1,0,0,0,1,0,1,0,0,0,4,0,2,50.0,0,69,41,7.3,15,11,17,8,33,21,8,8,2,6,25.0,3,6,1,2,0,405,201,127,82,19169,2859,1751,14737,LAK,Pacific,Western
2025-2026,20251121,2,WPJ,5930,Josh Morrissey,ROSTER,30.0,"6'0""",195.0,Canada,"Calgary, AB",False,D,19,4,17,21,1.74,0.89,0.21,1.11,41.1,9.8,1,1,5,6,0,0,0,0,0,0,0,0,0,0.0,8,71,33,12.1,39,21,17,11,23,24,7,0,0,0,0.0,3,6,3,6,0,545,269,192,88,27785,5284,3487,19014,WPG,,
2025-2026,20251121,9,NYR,37982,Scott Morrow,ROSTER,23.0,"6'2""",195.0,USA,"Darlen, CT",True,D,2,0,0,0,0.5,0.0,0.0,0.0,2.8,0.0,0,0,0,0,0,0,0,0,0,0,0,0,0,0.0,0,5,1,0.0,3,1,3,0,2,0,0,0,0,0,0.0,0,0,0,0,0,35,25,7,3,1452,241,80,1131,NYR,Metropolitan,Eastern
2025-2026,20251121,23,CGY,142359,Sam Morton,ROSTER,,,,,,False,C,2,0,0,0,0.5,0.0,0.0,0.0,3.9,10.1,0,0,0,0,0,0,0,0,0,0,0,0,0,0.0,0,4,1,0.0,1,1,2,7,0,1,1,19,13,6,68.4,1,10,1,2,0,29,24,0,5,1290,197,0,1093,CGY,Pacific,Western
2025-2026,20251121,1,TBL,34441,Janis Moser,ROSTER,25.0,"6'0""",172.0,Switzerland,Biel,True,D,18,1,5,6,1.39,0.28,0.06,0.33,26.8,13.1,0,0,0,0,0,1,1,0,0,0,0,0,0,0.0,6,58,25,4.0,21,23,10,17,35,20,4,0,0,0,0.0,4,8,7,14,0,461,345,44,73,22656,4326,1143,17220,TBL,Atlantic,Eastern
2025-2026,20251121,28,LAK,28507,Jacob Moverare,ROSTER,27.0,"6'2""",198.0,Sweden,stersund,False,D,3,0,0,0,0.33,0.0,0.0,0.0,3.6,0.0,0,0,0,0,0,0,0,0,0,0,0,0,0,0.0,0,7,1,0.0,3,5,1,2,4,1,1,0,0,0,0.0,0,0,0,0,0,27,14,11,2,1428,35,66,1327,LAK,Pacific,Western
2025-2026,20251121,26,SJS,36849,Shakir Mukhamadullin,ROSTER,23.0,"6'4""",178.0,Russia,Ufa,True,D,9,0,4,4,0.89,0.44,0.0,0.44,11.5,9.8,0,0,0,0,0,0,0,0,0,0,0,0,0,0.0,4,21,8,0.0,10,8,5,5,18,7,1,0,0,0,0.0,3,6,0,0,0,190,126,24,40,9085,694,299,8092,SJS,Pacific,Western
2025-2026,20251121,20,CHI,5293,Connor Murphy,ROSTER,32.0,"6'4""",212.0,USA,"Dublin, OH",False,D,20,0,3,3,0.9,0.15,0.0,0.15,25.8,23.0,0,0,0,0,0,0,0,0,0,0,0,0,0,0.0,-1,33,18,0.0,20,8,7,17,39,18,3,0,0,0,0.0,7,14,4,8,0,383,188,57,137,17915,3521,479,13867,CHI,Central,Western
2025-2026,20251121,12,TOR,15478,Philippe Myers,ROSTER,28.0,"6'5""",210.0,Canada,"Moncton, NB",False,D,10,0,0,0,1.3,0.0,0.0,0.0,15.4,9.8,0,0,0,0,0,0,0,0,0,0,0,0,0,0.0,-7,29,13,0.0,12,3,13,10,12,6,0,0,0,0,0.0,3,6,0,0,0,204,127,36,41,8539,1390,1446,5703,TOR,Atlantic,Eastern
2025-2026,20251121,21,VAN,4659,Tyler Myers,ROSTER,35.0,"6'8""",229.0,USA,"Katy, TX",False,D,22,1,5,6,1.18,0.23,0.05,0.27,55.7,26.2,0,0,0,0,0,0,0,0,0,0,0,0,0,0.0,-6,64,26,3.8,47,20,18,28,26,24,6,0,0,0,0.0,8,16,6,12,0,551,290,97,165,27541,5971,1432,20138,VAN,Pacific,Western
2025-2026,20251121,3,CAR,133816,Bradly Nadeau,ASSIGNED_TO_MINORS,20.0,"5'10""",161.0,Canada,"St-Francois de Madaw, NB",True,LW,6,1,0,1,0.67,0.0,0.17,0.17,5.4,0.0,0,0,0,0,0,0,0,0,0,0,0,0,0,0.0,1,15,4,25.0,4,4,7,4,8,5,0,1,0,1,0.0,0,0,0,0,0,87,66,14,8,4141,668,70,3403,CAR,Metropolitan,Eastern
2025-2026,20251121,2,WPJ,5136,Vladislav Namestnikov,ROSTER,32.0,"6'0""",183.0,Russia,Zhukovskiy,False,C,19,6,1,7,1.63,0.05,0.32,0.37,21.9,8.3,2,2,0,2,0,0,0,1,0,0,0,0,0,0.0,0,52,31,19.4,14,9,12,21,16,15,3,87,33,54,37.9,2,6,4,8,0,396,155,165,82,17620,3355,2746,11519,WPG,,
2025-2026,20251121,20,CHI,56367,Frank Nazar,ROSTER,21.0,"5'10""",180.0,USA,"Mt. Clemens, MI",False,C,18,5,9,14,2.22,0.5,0.28,0.78,22.4,13.1,1,1,2,3,0,0,0,1,0,0,1,0,0,0.0,5,74,40,12.5,19,16,18,11,35,23,9,248,110,138,44.4,4,8,9,18,0,419,255,32,133,20452,2699,95,17386,CHI,Central,Western
2025-2026,20251121,22,COL,13627,Martin Necas,ROSTER,26.0,"6'2""",189.0,Czech Republic,Nove Mesto na Morave,False,C,20,13,15,28,2.25,0.75,0.65,1.4,14.8,23.0,4,3,4,7,0,0,0,0,0,0,1,0,0,0.0,19,100,45,28.9,6,29,26,22,32,41,5,13,7,6,53.8,7,14,7,14,0,461,281,138,53,25501,6410,3465,15626,COL,Central,Western
2025-2026,20251121,17,STL,29768,Jake Neighbours,ROSTER,23.0,"6'0""",195.0,Canada,"Airdrie, AB",True,LW,9,6,2,8,1.44,0.22,0.67,0.89,14.3,6.6,2,0,1,1,0,0,0,1,0,0,0,0,0,0.0,-5,24,13,46.2,5,5,6,23,11,6,1,1,1,0,100.0,2,4,0,0,0,177,129,48,6,7869,2284,650,4935,STL,Central,Western
2025-2026,20251121,22,COL,5226,Brock Nelson,ROSTER,34.0,"6'3""",212.0,USA,"Warroad, MN",False,C,20,6,5,11,1.75,0.25,0.3,0.55,19.1,16.4,2,1,1,2,0,0,0,1,0,0,0,0,0,0.0,10,61,35,17.1,15,11,15,12,26,16,7,373,184,189,49.3,5,10,6,12,0,482,212,167,109,22261,6320,2736,13205,COL,Central,Western
2025-2026,20251121,7,NJD,43355,Simon Nemec,ROSTER,21.0,"6'0""",190.0,Slovakia,Liptovsky Mikulas,True,D,20,4,8,12,1.4,0.4,0.2,0.6,34.5,16.4,1,0,0,0,0,0,0,1,0,1,1,0,1,100.0,5,74,28,14.3,35,37,9,4,23,16,4,0,0,0,0.0,5,10,3,6,0,442,366,52,27,22993,4002,532,18644,NJD,Metropolitan,Eastern
2025-2026,20251121,29,ANA,56465,Nikita Nesterenko,ROSTER,24.0,"6'0""",157.0,USA,"Brooklyn, NY",False,C,19,1,7,8,0.95,0.37,0.05,0.42,20.1,8.3,0,0,0,0,0,0,0,1,0,0,0,0,0,0.0,3,39,18,5.6,5,14,7,37,9,10,1,26,9,17,34.6,2,6,4,8,0,345,197,66,84,14216,2598,385,11236,ANA,Pacific,Western
2025-2026,20251121,14,MTL,30019,Alex Newhook,ROSTER,24.0,"5'10""",192.0,Canada,"St. Johns, NL and Labrador",True,C,17,6,6,12,1.41,0.35,0.35,0.71,15.5,13.1,2,1,0,1,0,0,0,2,0,1,0,0,0,0.0,7,41,24,25.0,5,9,8,26,13,4,1,89,37,52,41.6,4,8,6,12,0,316,155,46,121,14934,1354,440,13140,MTL,Atlantic,Eastern
2025-2026,20251121,22,COL,5247,Valeri Nichushkin,ROSTER,30.0,"6'4""",210.0,Russia,Chelyabinsk,False,RW,17,5,7,12,2.41,0.41,0.29,0.71,10.4,6.6,1,1,2,3,0,0,0,0,0,0,2,0,1,50.0,2,81,41,12.2,4,21,19,16,12,12,8,1,1,0,100.0,2,4,4,8,0,401,173,159,75,18344,4324,4002,10169,COL,Central,Western
2025-2026,20251121,2,WPJ,4868,Nino Niederreiter,ROSTER,33.0,"6'2""",218.0,Switzerland,Chur,False,RW,19,4,9,13,1.42,0.47,0.21,0.68,17.2,13.1,1,1,4,5,0,0,0,1,0,0,0,0,0,0.0,7,52,27,14.8,5,14,11,30,11,16,4,3,3,0,100.0,4,8,1,2,0,353,172,122,63,16370,4700,1839,9831,WPG,,
2025-2026,20251121,22,COL,53057,Tristen Nielsen,ROSTER,25.0,"5'10""",192.0,Canada,"Fort St. John, BC",True,C,2,0,0,0,0.0,0.0,0.0,0.0,2.5,0.0,0,0,0,0,0,0,0,0,0,0,0,0,0,0.0,0,2,0,0.0,0,1,1,6,0,1,0,0,0,0,0.0,0,0,0,0,0,17,11,4,2,690,92,0,598,COL,Central,Western
2025-2026,20251121,3,CAR,56336,Alexander Nikishin,ROSTER,24.0,"6'3""",196.0,Russia,Orel,False,D,20,2,6,8,1.8,0.3,0.1,0.4,47.1,16.4,0,0,0,0,0,0,0,0,0,0,0,0,0,0.0,14,88,36,5.6,28,32,20,50,33,22,6,0,0,0,0.0,5,10,2,4,0,501,345,71,87,23871,3885,1171,18815,CAR,Metropolitan,Eastern
2025-2026,20251121,7,NJD,5544,Stefan Noesen,ROSTER,32.0,"6'1""",205.0,USA,"Plano, TX",False,RW,14,1,1,2,1.29,0.07,0.07,0.14,11.8,9.8,0,0,0,0,0,0,0,0,0,0,0,0,0,0.0,-4,35,18,5.6,5,7,10,17,9,10,1,14,7,7,50.0,3,6,2,4,0,248,125,71,51,9937,2095,522,7532,NJD,Metropolitan,Eastern
2025-2026,20251121,15,BUF,13634,Josh Norris,INJURY_LIST,26.0,"6'1""",199.0,USA,"Oxford, MI",False,C,1,0,0,0,4.0,0.0,0.0,0.0,0.4,0.0,0,0,0,0,0,0,0,0,0,0,0,0,0,0.0,0,4,4,0.0,0,0,0,1,3,1,0,12,4,8,33.3,0,0,0,0,0,24,14,1,9,1131,161,0,970,BUF,Atlantic,Eastern
2025-2026,20251121,10,PIT,5680,Thomas Novak,ROSTER,28.0,"6'1""",179.0,USA,"St. Paul, MN",False,C,19,2,5,7,1.26,0.26,0.11,0.37,9.6,6.6,0,1,1,2,0,0,0,1,0,0,0,0,0,0.0,0,51,24,8.3,8,11,17,5,27,11,4,44,18,26,40.9,2,4,2,4,0,320,183,76,57,14385,2740,1133,10184,PIT,Metropolitan,Eastern
2025-2026,20251121,24,EDM,4993,Ryan Nugent-Hopkins,INJURY_LIST,32.0,"6'0""",184.0,Canada,"Burnaby, BC",False,C,16,5,11,16,1.44,0.69,0.31,1.0,6.7,6.6,1,2,7,9,0,0,0,0,0,0,2,0,0,0.0,-11,51,23,21.7,4,16,12,7,7,9,3,92,38,54,41.3,2,4,1,2,0,346,160,90,93,18057,5103,1596,10927,EDM,Pacific,Western
2025-2026,20251121,24,EDM,5464,Darnell Nurse,ROSTER,30.0,"6'4""",221.0,Canada,"Hamilton, ON",False,D,23,5,4,9,2.3,0.17,0.22,0.39,68.5,43.9,1,0,0,0,0,0,0,0,0,0,0,0,0,0.0,-9,119,53,9.4,58,42,24,34,24,20,4,0,0,0,0.0,9,29,3,9,1,559,326,81,149,28603,4546,1475,22146,EDM,Pacific,Western
2025-2026,20251121,12,TOR,5418,William Nylander,ROSTER,29.0,"6'0""",196.0,Canada,"Calgary, AB",False,RW,18,9,18,27,2.33,1.0,0.5,1.5,10.2,16.4,3,1,3,4,0,0,0,1,0,1,0,0,0,0.0,6,91,42,21.4,10,26,23,2,3,20,8,34,13,21,38.2,5,10,1,2,0,434,203,171,70,21921,5768,2766,13348,TOR,Atlantic,Eastern
2025-2026,20251121,143,SEA,56632,Jani Nyman,ROSTER,21.0,"6'4""",217.0,Finland,Valkeakoski,False,RW,14,3,0,3,1.14,0.0,0.21,0.21,7.7,9.8,1,1,0,1,0,0,0,0,0,0,0,0,0,0.0,2,37,16,18.8,2,9,12,14,15,6,1,5,2,3,40.0,3,6,4,8,0,194,156,21,20,8585,1348,312,6925,SEA,Pacific,Western
2025-2026,20251121,2,WPJ,5026,Gustav Nyquist,ROSTER,36.0,"5'11""",179.0,Sweden,Halmstad,False,RW,14,0,6,6,1.21,0.43,0.0,0.43,8.5,3.3,0,0,3,3,0,0,0,0,0,0,0,0,0,0.0,3,33,17,0.0,6,8,8,7,10,8,4,11,5,6,45.5,1,2,3,6,0,237,145,61,31,10088,2934,1120,6034,WPG,,
2025-2026,20251121,3,CAR,56329,Joel Nyström,ROSTER,23.0,"5'11""",170.0,Sweden,Karlstad,True,D,14,0,3,3,1.57,0.21,0.0,0.21,11.1,3.3,0,0,0,0,0,0,0,0,0,0,0,0,0,0.0,3,63,22,0.0,11,30,11,2,26,16,1,0,0,0,0.0,1,2,0,0,0,359,278,40,41,14848,1737,305,12806,CAR,Metropolitan,Eastern
2025-2026,20251121,30,UTA,5452,Liam O'Brien,ROSTER,31.0,"6'1""",215.0,Canada,"Halifax, NS",False,C,8,1,0,1,1.5,0.0,0.12,0.12,10.0,24.9,0,0,0,0,0,0,0,0,0,0,0,0,0,0.0,-5,26,12,8.3,4,7,7,15,9,3,1,0,0,0,0.0,3,12,2,10,2,109,61,20,29,4510,1067,417,3026,UTA,Central,Western
2025-2026,20251121,21,VAN,28409,Drew O'Connor,ROSTER,27.0,"6'3""",205.0,USA,"Wayne, New Jersey",True,LW,22,6,4,10,1.27,0.18,0.27,0.45,19.3,16.4,2,0,0,0,1,0,1,0,0,0,0,0,0,0.0,1,57,28,21.4,13,14,15,17,21,16,3,21,13,8,61.9,5,10,6,12,0,405,243,67,100,18629,2305,1311,15013,VAN,Pacific,Western
2025-2026,20251121,25,MIN,43372,Liam Ohgren,ROSTER,21.0,"6'1""",201.0,Sweden,Stockholm,True,LW,8,0,0,0,0.88,0.0,0.0,0.0,10.5,0.0,0,0,0,0,0,0,0,0,0,0,0,0,0,0.0,-4,13,7,0.0,5,6,0,14,9,2,0,2,2,0,100.0,0,0,0,0,0,94,68,4,22,4425,527,0,3898,MIN,Central,Western
2025-2026,20251121,143,SEA,5156,Jamie Oleksiak,ROSTER,32.0,"6'7""",255.0,Canada,"Toronto, ON",False,D,20,2,3,5,1.1,0.15,0.1,0.25,36.6,9.8,0,0,0,0,0,0,0,0,0,0,0,0,0,0.0,4,44,22,9.1,27,14,8,27,25,17,8,0,0,0,0.0,3,6,3,6,0,431,234,71,123,20001,3795,829,15144,SEA,Pacific,Western
2025-2026,20251121,19,CBJ,17349,Mathieu Olivier,ROSTER,28.0,"6'2""",210.0,USA,"Biloxi, Mississippi",False,RW,21,3,6,9,1.33,0.29,0.14,0.43,44.8,71.7,1,0,0,0,0,0,0,1,0,0,0,0,0,0.0,2,59,28,10.7,18,13,18,67,20,7,3,0,0,0,0.0,9,44,10,32,4,381,197,106,79,18315,3266,1343,13643,CBJ,Metropolitan,Eastern
2025-2026,20251121,22,COL,15140,Victor Olofsson,ROSTER,30.0,"5'11""",183.0,Sweden,Ornskoldsvik,False,LW,20,6,9,15,2.55,0.45,0.3,0.75,7.7,6.6,2,2,4,6,0,0,0,1,0,0,1,0,0,0.0,0,86,51,11.8,6,21,14,5,13,14,5,1,0,1,0.0,2,4,2,4,0,365,160,149,62,17320,5098,2320,9902,COL,Central,Western
2025-2026,20251121,18,NSH,4703,Ryan O'Reilly,ROSTER,34.0,"6'1""",216.0,Canada,"Clinton, ON",False,C,20,6,7,13,1.7,0.35,0.3,0.65,18.4,0.0,2,1,1,2,1,0,1,2,0,0,1,0,1,100.0,-2,60,34,17.6,17,9,17,6,18,9,13,360,205,155,56.9,0,0,1,2,0,463,225,129,116,23320,7395,2769,13282,NSH,Central,Western
2025-2026,20251121,26,SJS,5036,Dmitry Orlov,ROSTER,34.0,"5'11""",208.0,Russia,Novokuznetsk,False,D,21,0,12,12,1.33,0.57,0.0,0.57,39.3,23.0,0,0,4,4,0,0,0,0,0,0,0,0,0,0.0,2,58,28,0.0,29,21,9,29,24,34,6,0,0,0,0.0,7,14,2,4,0,522,270,106,146,28231,7596,1517,19119,SJS,Pacific,Western
2025-2026,20251121,26,SJS,34836,Zack Ostapchuk,ROSTER,22.0,"6'4""",203.0,Canada,"St. Albert, AB",True,C,3,0,0,0,1.0,0.0,0.0,0.0,3.0,0.0,0,0,0,0,0,0,0,0,0,0,0,0,0,0.0,0,5,3,0.0,1,0,2,5,2,0,0,27,17,10,63.0,0,0,0,0,0,44,33,3,8,1787,272,48,1467,SJS,Pacific,Western
2025-2026,20251121,15,BUF,43366,Noah Ostlund,ROSTER,21.0,"5'10""",164.0,Sweden,Nykvarn,True,C,12,3,2,5,1.33,0.17,0.25,0.42,8.9,3.3,1,1,0,1,0,0,0,0,0,0,0,0,0,0.0,3,23,16,18.8,9,4,3,1,6,4,1,90,21,69,23.3,1,2,1,2,0,213,180,31,5,9301,1643,700,6958,BUF,Atlantic,Eastern
2025-2026,20251121,9,NYR,34526,Brennan Othmann,ASSIGNED_TO_MINORS,22.0,"6'0""",175.0,Canada,"Scarborough, ON",True,LW,1,0,0,0,1.0,0.0,0.0,0.0,0.8,0.0,0,0,0,0,0,0,0,0,0,0,0,0,0,0.0,-1,2,1,0.0,0,1,0,2,1,0,0,0,0,0,0.0,0,0,0,0,0,16,11,0,5,751,0,0,751,NYR,Metropolitan,Eastern
2025-2026,20251121,5,WSH,3495,Alex Ovechkin,ROSTER,40.0,"6'3""",236.0,Russia,Moscow,False,LW,21,10,10,20,2.33,0.48,0.48,0.95,17.8,6.6,3,1,3,4,0,0,0,3,0,0,2,2,0,0.0,8,142,49,20.4,3,53,40,36,6,24,2,1,1,0,100.0,2,4,2,4,0,425,240,111,80,22212,7712,2033,12132,WSH,Metropolitan,Eastern
2025-2026,20251121,23,CGY,18227,Brayden Pachal,ROSTER,26.0,"6'0""",200.0,Canada,"Estevan, SK",False,D,15,0,3,3,0.67,0.2,0.0,0.2,22.4,30.0,0,0,0,0,0,0,0,0,0,0,0,0,0,0.0,1,38,10,0.0,11,19,9,29,28,11,5,0,0,0,0.0,5,26,4,10,0,300,210,38,52,12203,1469,773,9961,CGY,Pacific,Western
2025-2026,20251121,8,NYI,5207,Jean-Gabriel Pageau,ROSTER,33.0,"5'10""",180.0,Canada,"Ottawa, ON",False,C,21,6,6,12,1.0,0.29,0.29,0.57,34.0,0.0,2,0,0,0,2,2,4,2,0,1,0,0,0,0.0,0,41,21,28.6,22,8,12,32,20,14,7,322,193,129,59.9,0,0,1,2,0,448,192,131,132,19366,4001,1075,14290,NYI,Metropolitan,Eastern
2025-2026,20251121,7,NJD,5178,Ondrej Palat,ROSTER,34.0,"5'11""",194.0,Czech Republic,Frydek-Mistek,False,LW,20,1,1,2,1.1,0.05,0.05,0.1,30.7,3.3,0,0,1,1,0,0,0,0,0,0,0,0,0,0.0,1,39,22,4.5,19,4,13,31,33,7,2,4,1,3,25.0,1,2,6,12,0,374,199,78,97,15490,3678,822,11229,NJD,Metropolitan,Eastern
2025-2026,20251121,8,NYI,4796,Kyle Palmieri,ROSTER,34.0,"5'11""",185.0,USA,"Smithtown, NY",False,C,21,6,10,16,2.9,0.48,0.29,0.76,13.2,13.1,2,1,4,5,1,0,1,1,0,0,0,0,0,0.0,0,105,61,9.8,7,19,25,16,15,17,5,3,2,1,66.7,4,8,4,10,0,477,247,113,123,24135,7912,1244,14979,NYI,Metropolitan,Eastern
2025-2026,20251121,9,NYR,5811,Artemi Panarin,ROSTER,34.0,"5'11""",170.0,Russia,Korkino,False,LW,22,5,14,19,2.82,0.64,0.23,0.86,2.7,6.6,1,0,6,6,0,0,0,2,0,0,1,0,0,0.0,-5,155,62,8.1,2,52,43,2,8,25,5,0,0,0,0.0,2,4,1,2,0,500,251,104,135,27127,5271,1584,19425,NYR,Metropolitan,Eastern
2025-2026,20251121,17,STL,5826,Colton Parayko,ROSTER,32.0,"6'6""",230.0,Canada,"St. Albert, AB",False,D,21,0,6,6,1.19,0.29,0.0,0.29,54.4,16.4,0,0,0,0,0,0,0,0,0,0,0,0,0,0.0,-4,64,25,0.0,50,20,19,18,28,21,9,0,0,0,0.0,5,10,5,10,0,611,341,114,156,29502,5506,1690,22306,STL,Central,Western
2025-2026,20251121,23,CGY,142360,Zayne Parekh,ROSTER,,,,,,False,D,11,0,1,1,1.0,0.09,0.0,0.09,6.8,0.0,0,0,1,1,0,0,0,0,0,0,0,0,0,0.0,0,35,11,0.0,5,18,6,5,19,17,3,0,0,0,0.0,0,0,4,8,0,220,183,32,5,9744,1736,105,7903,CGY,Pacific,Western
2025-2026,20251121,9,NYR,34307,Juuso Parssinen,ROSTER,24.0,"6'2""",203.0,Finland,Hmeenlinna,True,C,13,2,1,3,0.92,0.08,0.15,0.23,15.5,3.3,0,0,0,0,0,0,0,0,0,0,0,0,0,0.0,2,21,12,16.7,9,4,5,17,11,6,3,28,13,15,46.4,1,2,2,4,0,172,121,21,28,7022,788,337,5707,NYR,Metropolitan,Eastern
2025-2026,20251121,11,BOS,5437,David Pastrnak,ROSTER,29.0,"6'0""",194.0,Czech Republic,Havirov,False,RW,22,11,16,27,3.5,0.73,0.5,1.23,20.2,23.0,3,5,8,13,0,0,0,2,0,0,0,0,0,0.0,-7,173,77,14.3,6,61,35,35,23,40,8,1,1,0,100.0,7,14,9,18,0,451,242,120,100,26534,7858,2001,16675,BOS,Atlantic,Eastern
2025-2026,20251121,1,TBL,5919,Nick Paul,ROSTER,30.0,"6'3""",219.0,Canada,"Mississauga, ON",False,LW,1,1,0,1,3.0,0.0,1.0,1.0,1.7,0.0,0,0,0,0,0,0,0,0,0,0,0,0,0,0.0,1,3,3,33.3,0,0,0,4,1,0,2,9,3,6,33.3,0,0,0,0,0,21,11,5,6,921,339,27,555,TBL,Atlantic,Eastern
2025-2026,20251121,2,WPJ,5292,Tanner Pearson,ROSTER,33.0,"6'1""",201.0,Canada,"Kitchener, ON",False,LW,19,3,1,4,0.89,0.05,0.16,0.21,19.6,16.4,1,0,0,0,0,0,0,0,0,0,0,0,0,0.0,1,30,17,17.6,12,7,6,20,10,12,2,6,3,3,50.0,5,10,2,4,0,323,152,97,77,12604,2422,1808,8374,WPG,,
2025-2026,20251121,11,BOS,15999,Andrew Peeke,ROSTER,27.0,"6'3""",194.0,USA,"Parkland, FL",False,D,22,0,4,4,1.05,0.18,0.0,0.18,58.1,3.3,0,0,0,0,0,0,0,0,0,0,0,0,0,0.0,-3,57,23,0.0,50,18,16,27,35,23,5,0,0,0,0.0,1,2,1,2,0,552,306,93,153,26295,3480,1363,21452,BOS,Atlantic,Eastern
2025-2026,20251121,8,NYI,5856,Adam Pelech,ROSTER,31.0,"6'3""",218.0,Canada,"Toronto, ON",False,D,21,0,2,2,1.24,0.1,0.0,0.1,32.8,13.1,0,0,0,0,0,0,0,0,0,0,0,0,0,0.0,10,80,26,0.0,31,27,27,9,31,19,10,0,0,0,0.0,4,8,4,8,0,566,294,105,167,24267,3910,1381,18976,NYI,Metropolitan,Eastern
2025-2026,20251121,1,TBL,19088,Jakob Pelletier,ROSTER,24.0,"5'9""",165.0,Canada,"Quebec, QC",False,LW,1,0,0,0,0.0,0.0,0.0,0.0,1.4,0.0,0,0,0,0,0,0,0,0,0,0,0,0,0,0.0,0,3,0,0.0,1,0,3,1,1,0,0,1,1,0,100.0,0,0,0,0,0,11,7,4,0,372,30,26,316,TBL,Atlantic,Eastern
2025-2026,20251121,18,NSH,38801,Nicklaus Perbix,ROSTER,27.0,"6'4""",200.0,USA,"Minneapolis, MN",True,D,20,2,1,3,1.4,0.05,0.1,0.15,24.8,9.8,0,0,0,0,0,0,0,0,0,0,0,0,0,0.0,-5,65,28,7.1,22,28,9,10,21,22,4,0,0,0,0.0,3,6,0,0,0,506,302,105,101,24390,3127,1916,19347,NSH,Central,Western
2025-2026,20251121,2,WPJ,28522,Cole Perfetti,ROSTER,23.0,"5'10""",177.0,Canada,"Whitby, ON",True,C,5,1,1,2,2.0,0.2,0.2,0.4,3.1,3.3,0,1,0,1,0,0,0,0,0,0,0,0,0,0.0,-3,25,10,10.0,2,9,6,3,5,7,3,1,0,1,0.0,1,2,0,0,0,103,60,44,0,5084,1741,837,2506,WPG,,
2025-2026,20251121,9,NYR,142684,Gabe Perreault,ASSIGNED_TO_MINORS,,,,,,False,RW,3,0,1,1,0.67,0.33,0.0,0.33,4.2,0.0,0,0,1,1,0,0,0,0,0,0,0,0,0,0.0,2,4,2,0.0,4,1,1,1,3,2,0,0,0,0,0.0,0,0,0,0,0,55,52,3,0,2368,617,0,1751,NYR,Metropolitan,Eastern
2025-2026,20251121,13,OTT,4307,David Perron,ROSTER,37.0,"6'0""",200.0,Canada,"Sherbrooke, QC",False,LW,20,2,8,10,1.05,0.4,0.1,0.5,17.5,13.1,0,2,3,5,0,0,0,0,0,0,0,0,0,0.0,-2,39,21,9.5,8,8,10,24,14,10,4,3,0,3,0.0,4,8,5,10,0,415,199,105,113,17374,4653,1587,11134,OTT,Atlantic,Eastern
2025-2026,20251121,28,LAK,3626,Corey Perry,ROSTER,40.0,"6'3""",205.0,Canada,"Peterborough, ON",False,RW,15,7,5,12,2.2,0.33,0.47,0.8,5.4,20.7,2,1,3,4,0,0,0,0,0,0,3,1,0,0.0,5,58,33,21.2,4,12,13,4,16,11,1,6,3,3,50.0,4,11,6,17,1,252,136,79,44,13235,4746,910,7579,LAK,Pacific,Western
2025-2026,20251121,7,NJD,5845,Brett Pesce,ROSTER,31.0,"6'3""",206.0,USA,"Tarrytown, NY",False,D,9,0,3,3,0.89,0.33,0.0,0.33,24.2,3.3,0,0,0,0,0,0,0,0,0,0,0,0,0,0.0,3,17,8,0.0,24,5,4,4,10,4,2,0,0,0,0.0,1,2,1,2,0,193,89,44,60,10614,1679,548,8387,NJD,Metropolitan,Eastern
2025-2026,20251121,30,UTA,28525,John-Jason Peterka,ROSTER,23.0,"5'11""",192.0,Germany,Munich,True,RW,21,8,7,15,1.86,0.33,0.38,0.71,5.9,13.1,2,0,0,0,0,0,0,1,0,0,0,0,0,0.0,1,80,39,20.5,5,26,15,3,16,21,7,10,4,6,40.0,4,8,3,6,0,436,248,78,118,20136,2433,658,17045,UTA,Central,Western
2025-2026,20251121,27,DAL,5213,Alex Petrovic,ROSTER,33.0,"6'4""",216.0,Canada,"Edmonton, AB",False,D,19,1,4,5,1.11,0.21,0.05,0.26,39.1,30.8,0,0,0,0,0,0,0,0,0,0,0,0,0,0.0,5,42,21,4.8,27,17,4,33,34,15,4,0,0,0,0.0,5,21,1,5,1,325,202,38,84,16740,4026,665,11970,DAL,Central,Western
2025-2026,20251121,4,FLO,4929,Jeff Petry,ROSTER,37.0,"6'3""",209.0,USA,"Ann Arbor, MI",False,D,20,0,5,5,0.7,0.25,0.0,0.25,23.3,13.1,0,0,2,2,0,0,0,0,0,0,0,0,0,0.0,-3,43,14,0.0,20,18,11,11,30,18,0,0,0,0,0.0,4,8,0,0,0,389,208,69,112,17309,4335,809,12165,FLA,,
2025-2026,20251121,21,VAN,15084,Elias Pettersson,ROSTER,27.0,"6'2""",176.0,Sweden,Sundsvall,False,C,22,7,13,20,1.77,0.59,0.32,0.91,52.2,3.3,2,2,6,8,1,0,1,0,0,0,2,1,0,0.0,-5,87,39,17.9,45,20,28,24,22,21,11,484,234,250,48.3,1,2,5,10,0,517,277,157,88,27011,5004,4353,17654,VAN,Pacific,Western
2025-2026,20251121,21,VAN,56700,Elias Nils Pettersson,ROSTER,21.0,"6'2""",185.0,Sweden,Västerås,False,D,21,0,2,2,0.52,0.1,0.0,0.1,37.5,13.1,0,0,0,0,0,0,0,0,0,0,0,0,0,0.0,-3,39,11,0.0,28,19,9,27,30,20,5,0,0,0,0.0,4,8,6,15,0,404,306,26,72,17551,1915,424,15212,VAN,Pacific,Western
2025-2026,20251121,21,VAN,14114,Marcus Pettersson,ROSTER,29.0,"6'3""",177.0,Sweden,Skellefteå,False,D,22,1,3,4,0.68,0.14,0.05,0.18,40.6,43.6,0,0,0,0,0,0,0,0,0,0,0,0,0,0.0,3,44,15,6.7,38,13,16,12,46,22,5,0,0,0,0.0,11,25,1,5,1,542,281,88,174,27413,3582,1372,22459,VAN,Pacific,Western
2025-2026,20251121,24,EDM,39040,Noah Philp,ROSTER,27.0,"6'3""",200.0,Canada,"Canmore, AB",True,C,15,2,1,3,0.8,0.07,0.13,0.2,11.9,6.6,0,0,0,0,0,0,0,0,0,0,0,0,0,0.0,-7,19,12,16.7,2,6,1,24,12,7,4,102,58,44,56.9,2,4,2,4,0,203,113,61,30,9036,1648,921,6453,EDM,Pacific,Western
2025-2026,20251121,10,PIT,43371,Owen Pickering,ROSTER,21.0,"6'4""",180.0,Canada,"St. Adolphe, MB",True,D,4,0,0,0,0.25,0.0,0.0,0.0,2.3,3.3,0,0,0,0,0,0,0,0,0,0,0,0,0,0.0,-3,6,1,0.0,2,4,1,1,6,4,1,0,0,0,0.0,1,2,0,0,0,73,60,2,11,2903,311,32,2560,PIT,Metropolitan,Eastern
2025-2026,20251121,13,OTT,30027,Shane Pinto,ROSTER,25.0,"6'3""",201.0,USA,"Franklin Square, NY",True,C,20,10,6,16,2.6,0.3,0.5,0.8,21.6,19.7,3,1,0,1,0,1,1,1,0,0,1,0,1,100.0,1,107,52,19.2,15,23,32,18,21,18,6,236,132,104,55.9,6,12,7,14,0,531,247,107,188,23105,3047,878,19331,OTT,Atlantic,Eastern
2025-2026,20251121,2,WPJ,14095,Neal Pionk,ROSTER,30.0,"6'0""",186.0,USA,"Hermantown, MN",False,D,19,1,4,5,2.11,0.21,0.05,0.26,46.5,16.4,0,1,1,2,0,0,0,1,0,0,0,0,0,0.0,1,96,40,2.5,34,39,17,35,18,21,4,0,0,0,0.0,5,10,2,4,0,546,322,153,72,27039,5204,3312,18523,WPG,,
2025-2026,20251121,25,MIN,5274,Tyler Pitlick,ROSTER,34.0,"6'2""",200.0,USA,"Minneapolis, MN",False,C,10,0,0,0,0.6,0.0,0.0,0.0,16.5,28.5,0,0,0,0,0,0,0,0,0,0,0,0,0,0.0,-3,10,6,0.0,6,2,2,26,6,3,1,0,0,0,0.0,3,22,2,7,1,97,50,33,15,4572,1176,247,3149,MIN,Central,Western
2025-2026,20251121,24,EDM,30369,Vasily Podkolzin,ROSTER,24.0,"6'1""",190.0,Russia,Moscow,True,RW,23,3,5,8,1.48,0.22,0.13,0.35,42.3,17.4,1,0,0,0,0,0,0,1,0,0,0,0,0,0.0,4,58,34,8.8,14,11,13,70,21,13,4,15,6,9,40.0,3,9,3,9,1,430,277,118,29,20905,4997,2070,13429,EDM,Pacific,Western
2025-2026,20251121,29,ANA,13640,Ryan Poehling,ROSTER,26.0,"6'2""",204.0,USA,"Lakeville, MN",False,C,16,1,5,6,0.69,0.31,0.06,0.38,15.1,6.6,0,0,0,0,0,0,0,0,0,0,0,0,0,0.0,-2,25,11,9.1,13,7,7,7,17,10,2,178,80,98,44.9,2,4,3,6,0,296,138,53,106,12033,1475,473,10085,ANA,Pacific,Western
2025-2026,20251121,1,TBL,10079,Brayden Point,ROSTER,29.0,"5'10""",166.0,Canada,"Calgary, AB",False,C,20,3,8,11,2.2,0.4,0.15,0.55,8.8,9.8,1,1,2,3,0,0,0,0,0,0,0,0,0,0.0,-11,79,44,6.8,8,16,19,3,12,16,3,231,105,126,45.5,3,6,5,10,0,441,222,141,81,23078,5929,4088,13061,TBL,Atlantic,Eastern
2025-2026,20251121,15,BUF,34475,Owen Power,ROSTER,22.0,"6'6""",214.0,Canada,"Mississauga, ON",True,D,19,2,5,7,1.11,0.26,0.11,0.37,20.6,6.6,0,0,0,0,0,2,2,0,0,0,0,0,0,0.0,-10,59,21,9.5,18,22,16,9,25,21,6,0,0,0,0.0,2,4,1,2,0,511,317,77,119,23952,2750,799,20403,BUF,Atlantic,Eastern
2025-2026,20251121,5,WSH,28499,Aliaksei Protas,ROSTER,24.0,"6'5""",190.0,Belarus,Vitebsk,True,C,21,6,7,13,2.14,0.33,0.29,0.62,20.5,6.6,2,0,1,1,0,0,0,1,0,0,0,0,0,0.0,12,90,45,13.3,17,16,29,11,14,24,7,16,3,13,18.8,2,4,5,10,0,493,307,111,76,22970,4447,1310,16972,WSH,Metropolitan,Eastern
2025-2026,20251121,19,CBJ,5602,Ivan Provorov,ROSTER,28.0,"6'1""",201.0,Russia,Yaroslavl,False,D,21,3,3,6,2.0,0.14,0.14,0.29,36.0,13.1,1,0,0,0,0,0,0,0,0,0,0,0,0,0.0,5,88,42,7.1,34,26,20,10,28,30,8,0,0,0,0.0,4,8,3,6,0,547,284,129,133,31439,4500,1763,24911,CBJ,Metropolitan,Eastern
2025-2026,20251121,8,NYI,5815,Ryan Pulock,ROSTER,31.0,"6'2""",217.0,Canada,"Dauphin, MB",False,D,21,0,9,9,1.05,0.43,0.0,0.43,37.6,3.3,0,0,0,0,0,1,1,0,0,0,0,0,0,0.0,7,57,22,0.0,33,23,12,16,26,24,8,0,0,0,0.0,1,2,0,0,0,589,310,197,82,25492,3308,3019,19165,NYI,Metropolitan,Eastern
2025-2026,20251121,12,TOR,133787,Jacob Quillan,ROSTER,23.0,"6'0""",201.0,Canada,"Dartmouth, NS",True,C,2,0,0,0,0.5,0.0,0.0,0.0,2.5,0.0,0,0,0,0,0,0,0,0,0,0,0,0,0,0.0,1,1,1,0.0,0,0,0,6,2,2,0,8,3,5,37.5,0,0,0,0,0,26,25,1,0,1039,74,0,965,TOR,Atlantic,Eastern
2025-2026,20251121,15,BUF,28524,Jack Quinn,ROSTER,24.0,"6'0""",176.0,Canada,"Ottawa, ON",True,RW,20,3,5,8,1.7,0.25,0.15,0.4,13.5,0.0,1,2,0,2,0,0,0,1,0,0,1,0,0,0.0,-9,69,34,8.8,10,16,19,10,26,17,6,6,0,6,0.0,0,0,1,2,0,422,256,56,113,19268,2354,890,16024,BUF,Atlantic,Eastern
2025-2026,20251121,1,TBL,18138,Darren Raddysh,ROSTER,29.0,"6'0""",201.0,Canada,"Caledon, ON",False,D,14,2,6,8,2.07,0.43,0.14,0.57,12.6,17.4,0,0,2,2,0,0,0,0,0,0,0,0,0,0.0,-4,68,29,6.9,9,23,16,10,26,10,1,0,0,0,0.0,3,9,1,5,1,276,154,64,61,14658,3800,1606,9256,TBL,Atlantic,Eastern
2025-2026,20251121,9,NYR,15229,Taylor Raddysh,ROSTER,27.0,"6'2""",198.0,Canada,"Toronto, ON",False,RW,22,5,1,6,1.0,0.05,0.23,0.27,16.4,4.9,1,0,0,0,1,0,1,0,0,0,0,0,0,0.0,3,34,22,22.7,9,3,9,19,8,10,5,3,0,3,0.0,2,2,0,0,0,388,215,87,82,15976,2954,1140,11391,NYR,Metropolitan,Eastern
2025-2026,20251121,10,PIT,5144,Rickard Rakell,INJURY_LIST,32.0,"6'0""",196.0,Sweden,Sundbyberg,False,RW,9,3,5,8,1.89,0.56,0.33,0.89,13.1,3.3,1,1,2,3,0,1,1,0,0,0,0,0,0,0.0,1,36,17,17.6,10,9,10,9,12,4,3,6,1,5,16.7,1,2,0,0,0,195,79,90,21,9580,1467,2444,5305,PIT,Metropolitan,Eastern
2025-2026,20251121,27,DAL,5605,Mikko Rantanen,ROSTER,29.0,"6'4""",215.0,Finland,Nousiainen,False,RW,21,10,18,28,2.71,0.86,0.48,1.33,19.7,48.7,3,4,11,15,0,0,0,1,0,0,3,1,1,33.33,-4,110,57,17.5,13,29,24,18,23,19,2,29,14,15,48.3,12,35,11,22,0,473,247,92,138,26431,6930,1171,18167,DAL,Central,Western
2025-2026,20251121,16,DET,13624,Michael Rasmussen,ROSTER,26.0,"6'6""",221.0,Canada,"Surrey, BC",False,C,19,2,3,5,0.84,0.16,0.11,0.26,21.0,6.6,0,0,0,0,0,0,0,0,0,0,0,0,0,0.0,-4,37,16,12.5,14,6,16,19,17,5,1,115,68,47,59.1,2,4,1,2,0,331,177,70,86,13284,2121,738,10425,DET,Atlantic,Eastern
2025-2026,20251121,21,VAN,32262,Aatu Raty,ROSTER,23.0,"6'2""",185.0,Finland,Oulu,True,C,20,1,5,6,0.75,0.25,0.05,0.3,26.6,16.4,0,0,0,0,0,0,0,0,0,0,0,0,0,0.0,2,44,15,6.7,7,9,20,48,18,9,2,246,137,109,55.7,5,10,2,4,0,375,253,59,64,15145,2857,821,11467,VAN,Pacific,Western
2025-2026,20251121,16,DET,19050,Lucas Raymond,ROSTER,23.0,"5'11""",170.0,Sweden,Goteborg,True,LW,19,6,16,22,2.37,0.84,0.32,1.16,9.5,3.3,2,1,6,7,0,0,0,2,0,0,2,0,1,50.0,6,89,45,13.3,7,23,21,7,14,19,11,1,1,0,100.0,1,2,8,16,0,419,252,74,100,20570,4225,1213,15307,DET,Atlantic,Eastern
2025-2026,20251121,26,SJS,4892,Ryan Reaves,ROSTER,38.0,"6'2""",225.0,Canada,"Winnipeg, MB",False,RW,17,2,0,2,0.71,0.0,0.12,0.12,29.6,28.2,0,0,0,0,0,0,0,0,0,0,0,0,0,0.0,-3,20,12,16.7,4,4,4,62,5,4,2,0,0,0,0.0,4,14,3,12,2,182,109,41,35,7624,2303,372,4952,SJS,Pacific,Western
2025-2026,20251121,24,EDM,24516,Alec Regula,ROSTER,25.0,"6'4""",203.0,USA,"West Bloomfield, MI",False,D,9,0,0,0,0.56,0.0,0.0,0.0,8.2,6.6,0,0,0,0,0,0,0,0,0,0,0,0,0,0.0,-7,13,5,0.0,7,4,4,4,16,5,1,0,0,0,0.0,2,4,0,0,0,141,76,33,31,6528,1325,436,4695,EDM,Pacific,Western
2025-2026,20251121,20,CHI,30422,Lukas Reichel,ROSTER,23.0,"6'0""",170.0,Germany,Nürnberg,True,LW,5,2,2,4,1.2,0.4,0.4,0.8,3.2,3.3,0,0,0,0,0,0,0,0,0,0,0,0,0,0.0,1,10,6,33.3,3,2,2,1,1,4,1,7,2,5,28.6,1,2,0,0,0,66,38,8,22,2959,149,68,2742,CHI,Central,Western
2025-2026,20251121,20,CHI,30422,Lukas Reichel,ROSTER,23.0,"6'0""",170.0,Germany,Nürnberg,True,LW,5,2,2,4,1.2,0.4,0.4,0.8,3.2,3.3,0,0,0,0,0,0,0,0,0,0,0,0,0,0.0,1,10,6,33.3,3,2,2,1,1,4,1,7,2,5,28.6,1,2,0,0,0,66,38,8,22,2959,149,68,2742,CHI,Central,Western
2025-2026,20251121,21,VAN,30422,Lukas Reichel,ROSTER,23.0,"6'0""",170.0,Germany,Nürnberg,True,LW,13,0,1,1,0.69,0.08,0.0,0.08,10.0,6.6,0,0,0,0,0,0,0,0,0,0,0,0,0,0.0,-5,26,9,0.0,8,6,11,6,10,9,1,110,44,66,40.0,2,4,0,0,0,227,154,39,34,10711,1652,867,8192,VAN,Pacific,Western
2025-2026,20251121,21,VAN,30422,Lukas Reichel,ROSTER,23.0,"6'0""",170.0,Germany,Nürnberg,True,LW,13,0,1,1,0.69,0.08,0.0,0.08,10.0,6.6,0,0,0,0,0,0,0,0,0,0,0,0,0,0.0,-5,26,9,0.0,8,6,11,6,10,9,1,110,44,66,40.0,2,4,0,0,0,227,154,39,34,10711,1652,867,8192,VAN,Pacific,Western
2025-2026,20251121,3,CAR,5814,Mike Reilly,ROSTER,32.0,"6'1""",200.0,USA,"Chanhassen, MN",False,D,17,1,4,5,1.82,0.24,0.06,0.29,21.7,9.8,0,0,0,0,1,0,1,0,0,0,0,0,0,0.0,11,79,31,3.2,20,30,18,7,20,12,1,0,0,0,0.0,3,6,2,4,0,428,232,81,116,17932,3285,891,13756,CAR,Metropolitan,Eastern
2025-2026,20251121,142,VGK,30061,Cole Reinhardt,ROSTER,25.0,"6'1""",203.0,Canada,"Calgary, AB",True,LW,14,1,2,3,0.5,0.14,0.07,0.21,12.2,9.8,0,0,0,0,0,0,0,0,0,0,0,0,0,0.0,-2,21,7,14.3,1,8,6,27,5,9,1,5,2,3,40.0,3,6,7,14,0,184,123,54,8,7710,1577,859,5274,VGK,Pacific,Western
2025-2026,20251121,4,FLO,5416,Sam Reinhart,ROSTER,30.0,"6'1""",194.0,Canada,"North Vancouver, BC",False,C,20,11,6,17,2.85,0.3,0.55,0.85,25.6,3.3,3,3,4,7,1,0,1,5,0,0,2,0,0,0.0,-6,134,57,19.3,18,26,51,21,31,17,3,66,21,45,31.8,1,2,3,6,0,479,205,160,125,25668,5085,3863,16720,FLA,,
2025-2026,20251121,9,NYR,34418,Matt Rempe,ROSTER,23.0,"6'8""",205.0,Canada,"Calgary, AB",True,C,9,1,0,1,0.89,0.0,0.11,0.11,14.4,14.1,0,0,0,0,0,0,0,0,0,0,0,0,0,0.0,1,16,8,12.5,2,3,5,30,7,2,1,5,2,3,40.0,2,7,2,7,1,122,83,32,2,5296,1096,359,3591,NYR,Metropolitan,Eastern
2025-2026,20251121,12,TOR,5261,Morgan Rielly,ROSTER,31.0,"6'1""",219.0,Canada,"West Vancouver, BC",False,D,20,3,13,16,1.9,0.65,0.15,0.8,27.1,3.3,1,0,2,2,0,0,0,1,0,0,0,0,0,0.0,-4,99,38,7.9,24,34,27,11,30,38,6,0,0,0,0.0,1,2,1,2,0,580,328,126,129,26611,5911,1833,18867,TOR,Atlantic,Eastern
2025-2026,20251121,20,CHI,56353,Sam Rinzel,ROSTER,21.0,"6'3""",180.0,USA,"Chanhassen, MN",False,D,19,1,3,4,1.47,0.16,0.05,0.21,29.1,29.8,0,0,0,0,0,0,0,0,0,0,0,0,0,0.0,5,82,28,3.6,23,36,18,18,27,26,2,0,0,0,0.0,7,22,2,4,0,383,284,44,53,20633,3293,280,16847,CHI,Central,Western
2025-2026,20251121,8,NYI,134181,Calum Ritchie,ROSTER,20.0,"6'2""",185.0,Canada,"Oakville, ON",True,C,11,2,1,3,0.82,0.09,0.18,0.27,7.0,13.1,0,0,0,0,0,0,0,1,0,0,0,0,0,0.0,2,20,9,22.2,7,4,7,1,12,11,0,79,32,47,40.5,4,8,1,2,0,176,123,22,33,7278,821,82,6375,NYI,Metropolitan,Eastern
2025-2026,20251121,27,DAL,18026,Jason Robertson,ROSTER,26.0,"6'2""",194.0,USA,"Northville, MI",False,LW,21,12,14,26,4.29,0.67,0.57,1.24,15.6,3.3,4,4,6,10,0,0,0,1,0,0,3,0,2,66.67,7,151,90,13.3,10,29,32,15,21,32,10,1,0,1,0.0,1,2,5,10,0,458,247,116,102,25383,5886,1804,17485,DAL,Central,Western
2025-2026,20251121,9,NYR,29769,Matthew Robertson,ROSTER,24.0,"6'4""",202.0,Canada,"Sherwood Park, AB",True,D,13,1,0,1,0.77,0.0,0.08,0.08,24.7,6.6,0,0,0,0,0,0,0,0,0,0,0,0,0,0.0,-3,33,10,10.0,17,15,8,21,20,9,0,0,0,0,0.0,2,4,0,0,0,281,176,38,68,12530,1602,347,10581,NYR,Metropolitan,Eastern
2025-2026,20251121,12,TOR,20226,Nicholas Robertson,ROSTER,24.0,"5'9""",162.0,USA,"Pasadena, CA",True,LW,20,5,6,11,1.85,0.3,0.25,0.55,19.3,0.0,1,1,0,1,0,0,0,1,0,0,0,0,0,0.0,-3,58,37,13.5,9,8,13,26,13,17,5,2,1,1,50.0,0,0,1,2,0,360,216,103,46,16143,3026,1407,11710,TOR,Atlantic,Eastern
2025-2026,20251121,3,CAR,14154,Eric Robinson,ROSTER,30.0,"6'2""",197.0,USA,"Bellmawr, New Jersey",False,LW,14,5,1,6,1.29,0.07,0.36,0.43,9.0,0.0,1,0,0,0,0,0,0,1,0,0,0,0,0,0.0,6,33,18,27.8,2,7,8,17,19,5,2,1,0,1,0.0,0,0,2,4,0,210,110,51,54,9080,1008,635,7437,CAR,Metropolitan,Eastern
2025-2026,20251121,4,FLO,9075,Evan Rodrigues,ROSTER,32.0,"5'11""",184.0,Canada,"Toronto, ON",False,C,20,5,5,10,2.35,0.25,0.25,0.5,19.4,13.1,1,0,2,2,0,0,0,0,0,0,1,0,0,0.0,2,79,47,10.6,10,14,18,24,18,14,7,210,94,116,44.8,4,8,7,19,0,439,225,131,86,20440,3583,3012,13829,FLA,,
2025-2026,20251121,8,NYI,14561,Alexander Romanov,ROSTER,25.0,"6'1""",209.0,Russia,Moscow,True,D,15,0,1,1,1.13,0.07,0.0,0.07,42.0,9.8,0,0,0,0,0,0,0,0,0,0,0,0,0,0.0,-7,38,17,0.0,31,13,8,31,40,18,4,0,0,0,0.0,3,6,4,11,0,351,240,35,76,17500,2381,622,14497,NYI,Metropolitan,Eastern
2025-2026,20251121,15,BUF,34464,Isak Rosen,ROSTER,22.0,"5'11""",156.0,Sweden,Stockholm,True,RW,9,3,3,6,1.33,0.33,0.33,0.67,9.6,0.0,1,0,2,2,0,0,0,0,0,0,0,0,0,0.0,-3,30,12,25.0,8,9,9,5,7,8,3,1,1,0,100.0,0,0,2,4,0,184,121,30,36,8338,1909,178,6251,BUF,Atlantic,Eastern
2025-2026,20251121,24,EDM,5620,Jack Roslovic,ROSTER,28.0,"6'1""",187.0,USA,"Columbus, OH",False,C,21,7,8,15,2.19,0.38,0.33,0.71,8.5,13.1,2,2,2,4,0,0,0,2,0,2,0,0,0,0.0,1,82,46,15.2,6,13,23,7,13,20,6,44,25,19,56.8,4,8,3,6,0,412,209,153,47,22268,5661,3625,12555,EDM,Pacific,Western
2025-2026,20251121,25,MIN,28380,Marco Rossi,INJURY_LIST,24.0,"5'9""",183.0,Austria,Feldkirch,True,C,17,4,9,13,1.59,0.53,0.24,0.76,12.1,3.3,1,0,5,5,0,0,0,0,0,0,1,0,1,100.0,-6,55,27,14.8,8,13,15,11,17,13,5,220,107,113,48.6,1,2,2,4,0,349,205,82,67,18462,3218,1212,14272,MIN,Central,Western
2025-2026,20251121,14,MTL,38746,Joshua Roy,ROSTER,22.0,"6'0""",190.0,Canada,"St-Georges-de-Beauce, QC",True,RW,3,0,0,0,0.67,0.0,0.0,0.0,2.5,3.3,0,0,0,0,0,0,0,0,0,0,0,0,0,0.0,0,6,2,0.0,0,2,2,6,1,3,0,0,0,0,0.0,1,2,0,0,0,37,19,9,9,1762,323,6,1433,MTL,Atlantic,Eastern
2025-2026,20251121,5,WSH,5789,Matt Roy,ROSTER,30.0,"6'1""",200.0,USA,"Canton, MI",False,D,21,1,3,4,1.43,0.14,0.05,0.19,51.8,6.6,0,0,0,0,0,0,0,0,0,0,0,0,0,0.0,11,68,30,3.3,45,27,11,23,45,18,3,0,0,0,0.0,2,4,2,4,0,467,231,72,163,25941,2735,1024,22329,WSH,Metropolitan,Eastern
2025-2026,20251121,12,TOR,14391,Nicolas Roy,ROSTER,28.0,"6'4""",200.0,Canada,"Amos, QC",False,C,19,1,3,4,1.11,0.16,0.05,0.21,18.2,6.6,0,0,0,0,0,0,0,0,0,0,0,0,0,0.0,-4,35,21,4.8,11,6,8,19,14,21,9,241,125,116,51.9,2,4,3,8,0,399,198,124,78,17005,2961,2528,11516,TOR,Atlantic,Eastern
2025-2026,20251121,10,PIT,5500,Bryan Rust,ROSTER,33.0,"5'11""",192.0,USA,"Pontiac, MI",False,RW,17,5,10,15,2.35,0.59,0.29,0.88,19.5,9.8,1,1,6,7,0,0,0,3,0,0,3,0,1,33.33,1,68,40,12.5,19,8,20,4,20,22,3,1,0,1,0.0,3,6,5,10,0,400,175,176,55,20679,3998,4463,12324,PIT,Metropolitan,Eastern
2025-2026,20251121,142,VGK,5014,Brandon Saad,ROSTER,33.0,"6'1""",206.0,USA,"Pittsburgh, PA",False,LW,20,1,3,4,1.5,0.15,0.05,0.2,11.1,6.6,0,0,0,0,0,0,0,0,0,0,0,0,0,0.0,3,58,30,3.3,11,17,11,2,8,15,4,16,5,11,31.2,2,4,1,2,0,369,186,103,82,16785,5196,1387,10190,VGK,Pacific,Western
2025-2026,20251121,1,TBL,13703,Scott Sabourin,ROSTER,33.0,"6'4""",207.0,Canada,"Orleans, ON",True,RW,3,1,1,2,1.67,0.33,0.33,0.67,3.4,23.2,0,0,0,0,0,0,0,0,0,0,0,0,0,0.0,1,11,5,20.0,1,1,5,6,7,2,0,1,0,1,0.0,5,18,4,8,0,45,19,14,13,1862,390,91,1381,TBL,Atlantic,Eastern
2025-2026,20251121,2,WPJ,28449,Dylan Samberg,ROSTER,26.0,"6'3""",190.0,USA,"Saginaw, MN",True,D,3,0,0,0,1.33,0.0,0.0,0.0,11.0,0.0,0,0,0,0,0,0,0,0,0,0,0,0,0,0.0,0,12,4,0.0,10,6,2,4,1,4,0,0,0,0,0.0,0,0,0,0,0,86,47,13,26,3952,620,207,3125,WPG,,
2025-2026,20251121,4,FLO,37976,Mackie Samoskevich,ROSTER,23.0,"5'11""",191.0,USA,"Newtown, CT",True,RW,20,2,7,9,1.95,0.35,0.1,0.45,19.6,9.8,0,2,3,5,0,0,0,0,0,0,0,0,0,0.0,0,83,39,5.1,8,25,19,29,30,10,1,0,0,0,0.0,3,6,9,18,0,391,270,95,28,17970,3949,1230,12791,FLA,,
2025-2026,20251121,15,BUF,14555,Mattias Samuelsson,ROSTER,25.0,"6'4""",218.0,USA,"Voorhees, New Jersey",True,D,18,4,6,10,1.28,0.33,0.22,0.56,49.4,6.6,1,0,0,0,0,0,0,2,0,1,0,0,0,0.0,4,48,23,17.4,42,17,9,24,36,10,1,0,0,0,0.0,2,4,3,6,0,472,245,56,175,23117,1594,365,21158,BUF,Atlantic,Eastern
2025-2026,20251121,13,OTT,37996,Jake Sanderson,ROSTER,23.0,"6'3""",195.0,USA,"Whitefish, MT",True,D,20,3,11,14,2.25,0.55,0.15,0.7,36.7,3.3,1,1,4,5,0,0,0,0,0,0,0,0,0,0.0,0,120,45,6.7,36,48,27,7,54,25,15,0,0,0,0.0,1,2,3,6,0,610,321,92,200,29087,4135,892,24060,OTT,Atlantic,Eastern
2025-2026,20251121,5,WSH,14552,Rasmus Sandin,ROSTER,25.0,"5'11""",183.0,Sweden,Uppsala,True,D,16,2,5,7,1.19,0.31,0.12,0.44,37.8,3.3,0,0,0,0,0,0,0,0,0,0,0,0,0,0.0,8,47,19,10.5,27,16,12,30,19,19,6,0,0,0,0.0,1,2,0,0,0,352,190,75,89,18384,2136,1259,14924,WSH,Metropolitan,Eastern
2025-2026,20251121,16,DET,133971,Axel Sandin-Pellikka,ROSTER,20.0,"5'11""",181.0,Sweden,Gallivare,True,D,21,2,4,6,1.19,0.19,0.1,0.29,21.2,13.1,0,0,2,2,0,0,0,0,0,0,0,0,0,0.0,-10,82,25,8.0,20,35,22,6,39,21,3,0,0,0,0.0,4,8,3,6,0,496,362,56,80,23675,3980,258,19437,DET,Atlantic,Eastern
2025-2026,20251121,6,PHI,11718,Travis Sanheim,ROSTER,29.0,"6'3""",181.0,Canada,"Elkhorn, MB",False,D,19,2,5,7,1.42,0.26,0.11,0.37,41.9,13.1,0,0,0,0,0,0,0,1,0,1,0,0,0,0.0,0,69,27,7.4,38,20,22,15,27,32,6,0,0,0,0.0,4,8,3,6,0,589,308,72,212,29220,3629,1086,24505,PHI,Metropolitan,Eastern
2025-2026,20251121,1,TBL,9078,Steven Santini,ROSTER,30.0,"6'2""",205.0,USA,"Mahopac, NY",False,D,2,0,0,0,0.5,0.0,0.0,0.0,3.5,0.0,0,0,0,0,0,0,0,0,0,0,0,0,0,0.0,0,2,1,0.0,2,1,0,4,2,1,0,0,0,0,0.0,0,0,0,0,0,32,21,2,9,1293,148,124,1021,TBL,Atlantic,Eastern
2025-2026,20251121,21,VAN,79679,Max Sasson,ROSTER,25.0,"6'1""",181.0,USA,"Birmingham, MI",True,C,19,4,1,5,0.79,0.05,0.21,0.26,18.6,3.3,1,0,1,1,0,0,0,0,0,0,0,0,0,0.0,0,26,15,26.7,15,4,7,11,17,11,4,109,47,62,43.1,1,2,2,4,0,298,237,40,25,12365,1892,788,9685,VAN,Pacific,Western
2025-2026,20251121,24,EDM,43365,Matthew Savoie,ROSTER,21.0,"5'9""",175.0,Canada,"St. Albert, AB",True,C,23,2,3,5,1.26,0.13,0.09,0.22,11.0,0.0,0,1,1,2,0,0,0,0,0,0,1,0,0,0.0,-7,55,29,6.9,10,11,15,4,24,16,8,13,5,8,38.5,0,0,5,10,0,429,313,54,59,19356,3181,33,15908,EDM,Pacific,Western
2025-2026,20251121,8,NYI,168063,Matthew Schaefer,ROSTER,18.0,"6'2""",183.0,Canada,"Hamilton, ON",True,D,21,7,8,15,2.81,0.38,0.33,0.71,27.6,14.7,2,4,3,7,0,0,0,2,0,1,0,0,0,0.0,7,126,59,11.9,25,50,17,10,54,27,9,0,0,0,0.0,5,8,13,28,0,563,470,45,54,28449,4464,476,23509,NYI,Metropolitan,Eastern
2025-2026,20251121,2,WPJ,5003,Mark Scheifele,ROSTER,32.0,"6'3""",207.0,Canada,"Kitchener, ON",False,C,19,11,16,27,2.26,0.84,0.58,1.42,5.9,19.9,3,3,3,6,0,1,1,2,0,0,0,0,0,0.0,6,68,43,25.6,5,6,19,3,20,29,3,315,162,153,51.4,4,16,9,18,0,422,205,122,106,23053,5715,1494,15844,WPG,,
2025-2026,20251121,17,STL,4712,Brayden Schenn,ROSTER,34.0,"6'1""",200.0,Canada,"Saskatoon, SK",False,C,21,2,4,6,1.38,0.19,0.1,0.29,25.8,31.5,0,0,1,1,0,0,0,0,0,0,1,1,0,0.0,-15,64,29,6.9,8,18,17,44,13,21,5,225,121,104,53.8,5,16,5,16,2,454,236,95,125,21258,6538,756,13964,STL,Central,Western
2025-2026,20251121,2,WPJ,4552,Luke Schenn,ROSTER,36.0,"6'2""",227.0,Canada,"Saskatoon, SK",False,D,15,0,2,2,0.87,0.13,0.0,0.13,33.4,24.9,0,0,0,0,0,0,0,0,0,0,0,0,0,0.0,-3,36,13,0.0,21,16,7,33,24,17,2,0,0,0,0.0,3,12,2,10,2,278,140,46,92,12182,2569,783,8830,WPG,,
2025-2026,20251121,30,UTA,10071,Nick Schmaltz,ROSTER,29.0,"6'0""",177.0,USA,"Madison, WI",False,C,21,10,12,22,2.67,0.57,0.48,1.05,12.8,6.6,3,3,3,6,0,0,0,2,0,0,0,0,0,0.0,0,97,56,17.9,11,23,18,6,18,27,8,115,43,72,37.4,2,4,4,8,0,492,232,90,180,24979,4377,920,19682,UTA,Central,Western
2025-2026,20251121,30,UTA,5269,Nate Schmidt,ROSTER,34.0,"6'0""",194.0,USA,"St. Cloud, MN",False,D,21,1,6,7,1.38,0.29,0.05,0.33,25.0,3.3,0,0,0,0,0,0,0,0,0,0,0,0,0,0.0,8,69,29,3.4,16,21,19,24,21,17,6,0,0,0,0.0,1,2,2,4,0,594,296,82,217,26532,4981,606,20945,UTA,Central,Western
2025-2026,20251121,9,NYR,29932,Braden Schneider,ROSTER,24.0,"6'2""",202.0,Canada,"Prince Albert, SK",True,D,22,1,4,5,1.18,0.18,0.05,0.23,54.5,9.8,0,0,0,0,0,0,0,0,0,0,0,0,0,0.0,-2,67,26,3.8,35,28,13,52,34,24,6,0,0,0,0.0,3,6,6,12,0,512,329,65,104,24461,2767,446,20488,NYR,Metropolitan,Eastern
2025-2026,20251121,143,SEA,5088,Jaden Schwartz,ROSTER,33.0,"5'10""",190.0,Canada,"Wilcox, SK",False,LW,20,8,7,15,2.0,0.35,0.4,0.75,26.5,13.1,2,2,1,3,0,0,0,2,0,0,0,0,0,0.0,7,73,40,20.0,18,20,13,23,20,26,13,15,10,5,66.7,4,8,0,0,0,444,215,107,122,20845,4871,899,14676,SEA,Pacific,Western
2025-2026,20251121,4,FLO,28450,Cole Schwindt,ROSTER,24.0,"6'2""",182.0,Canada,"Kitchener, ON",True,RW,10,2,0,2,0.7,0.0,0.2,0.2,9.4,0.0,0,0,0,0,0,0,0,0,0,0,0,0,0,0.0,0,14,7,28.6,6,3,4,9,8,3,2,65,27,38,41.5,0,0,0,0,0,123,90,18,17,5184,1114,259,3811,FLA,,
2025-2026,20251121,13,OTT,29978,Donovan Sebrango,ROSTER,23.0,"6'1""",189.0,Canada,"Kingston, ON",True,D,2,0,0,0,0.5,0.0,0.0,0.0,0.4,10.8,0,0,0,0,0,0,0,0,0,0,0,0,0,0.0,-1,5,1,0.0,0,3,1,1,8,1,0,0,0,0,0.0,1,5,1,5,1,46,32,3,11,1827,4,0,1823,OTT,Atlantic,Eastern
2025-2026,20251121,13,OTT,29978,Donovan Sebrango,ROSTER,23.0,"6'1""",189.0,Canada,"Kingston, ON",True,D,2,0,0,0,0.5,0.0,0.0,0.0,0.4,10.8,0,0,0,0,0,0,0,0,0,0,0,0,0,0.0,-1,5,1,0.0,0,3,1,1,8,1,0,0,0,0,0.0,1,5,1,5,1,46,32,3,11,1827,4,0,1823,OTT,Atlantic,Eastern
2025-2026,20251121,4,FLO,29978,Donovan Sebrango,ROSTER,23.0,"6'1""",189.0,Canada,"Kingston, ON",True,D,7,0,2,2,0.86,0.29,0.0,0.29,14.9,14.1,0,0,0,0,0,0,0,0,0,0,0,0,0,0.0,3,13,6,0.0,11,4,3,11,14,8,1,0,0,0,0.0,2,7,3,9,1,126,101,13,12,5802,598,292,4912,FLA,,
2025-2026,20251121,4,FLO,29978,Donovan Sebrango,ROSTER,23.0,"6'1""",189.0,Canada,"Kingston, ON",True,D,7,0,2,2,0.86,0.29,0.0,0.29,14.9,14.1,0,0,0,0,0,0,0,0,0,0,0,0,0,0.0,3,13,6,0.0,11,4,3,11,14,8,1,0,0,0,0.0,2,7,3,9,1,126,101,13,12,5802,598,292,4912,FLA,,
2025-2026,20251121,6,PHI,12486,Nick Seeler,ROSTER,32.0,"6'2""",201.0,USA,"Eden Prairie, MN",False,D,19,0,2,2,1.21,0.11,0.0,0.11,44.9,13.1,0,0,0,0,0,0,0,0,0,0,0,0,0,0.0,-10,62,23,0.0,31,21,18,38,19,15,7,0,0,0,0.0,4,8,3,6,0,514,284,68,163,22481,3639,486,18320,PHI,Metropolitan,Eastern
2025-2026,20251121,27,DAL,4875,Tyler Seguin,ROSTER,33.0,"6'1""",200.0,Canada,"Brampton, ON",False,C,21,7,5,12,1.29,0.24,0.33,0.57,9.7,3.3,2,1,0,1,0,0,0,2,0,0,1,1,0,0.0,5,58,27,25.9,5,9,22,12,9,20,3,201,113,88,56.2,1,2,2,4,0,450,213,120,120,21767,6147,1237,14213,DAL,Central,Western
2025-2026,20251121,16,DET,18042,Moritz Seider,ROSTER,24.0,"6'3""",208.0,Germany,Zell Mosel,True,D,21,2,10,12,2.52,0.48,0.1,0.57,49.0,26.2,0,1,7,8,0,0,0,0,0,0,0,0,0,0.0,0,114,53,3.8,34,33,28,41,23,29,11,0,0,0,0.0,8,16,3,6,0,613,352,100,163,31458,5303,1341,24814,DET,Atlantic,Eastern
2025-2026,20251121,29,ANA,142129,Beckett Sennecke,ROSTER,19.0,"6'2""",177.0,Canada,"Toronto, ON",True,RW,21,7,8,15,1.67,0.38,0.33,0.71,15.3,23.0,2,1,1,2,0,0,0,0,0,0,0,0,0,0.0,1,74,35,20.0,7,19,20,21,31,24,6,2,1,1,50.0,7,14,11,22,0,456,402,52,10,20950,3672,354,16870,ANA,Pacific,Western
2025-2026,20251121,30,UTA,9635,Mikhail Sergachev,ROSTER,27.0,"6'2""",217.0,Russia,Nizhnekamsk,False,D,21,3,12,15,2.0,0.57,0.14,0.71,38.6,26.2,1,1,5,6,0,0,0,0,0,0,0,0,0,0.0,-5,96,42,7.1,39,37,17,5,18,36,6,0,0,0,0.0,8,16,5,10,0,604,290,136,181,31384,4412,2209,24763,UTA,Central,Western
2025-2026,20251121,19,CBJ,5453,Damon Severson,ROSTER,31.0,"6'2""",205.0,Canada,"Brandon, MB",False,D,21,1,5,6,1.14,0.24,0.05,0.29,32.5,13.1,0,0,1,1,0,0,0,0,0,0,0,0,0,0.0,4,67,24,4.2,24,26,17,24,17,21,7,0,0,0,0.0,4,8,2,4,0,487,231,105,151,25129,3660,1813,19572,CBJ,Metropolitan,Eastern
2025-2026,20251121,8,NYI,183905,Maxim Shabanov,ROSTER,25.0,"5'9""",167.0,Russia,Chelyabinsk,True,RW,9,3,3,6,1.33,0.33,0.33,0.67,4.8,0.0,1,0,1,1,0,0,0,0,0,0,0,0,0,0.0,0,25,12,25.0,2,7,6,7,11,7,2,1,0,1,0.0,0,0,1,2,0,145,134,7,8,6462,957,0,5505,NYI,Metropolitan,Eastern
2025-2026,20251121,23,CGY,18107,Yegor Sharangovich,ROSTER,27.0,"6'2""",195.0,Belarus,Minsk,False,C,18,2,4,6,1.33,0.22,0.11,0.33,6.4,3.3,0,1,0,1,0,0,0,0,0,0,1,1,0,0.0,-11,53,24,8.3,5,17,12,4,13,8,1,28,6,22,21.4,1,2,2,4,0,317,190,84,46,15217,3620,1617,9898,CGY,Pacific,Western
2025-2026,20251121,10,PIT,5716,Ryan Shea,ROSTER,28.0,"6'1""",176.0,USA,"Milton, MA",False,D,19,2,6,8,0.95,0.32,0.11,0.42,24.1,19.9,0,0,0,0,0,0,0,0,0,0,0,0,0,0.0,6,41,18,11.1,23,13,10,6,32,22,5,0,0,0,0.0,4,16,1,2,0,442,251,94,89,23155,3392,1996,17195,PIT,Metropolitan,Eastern
2025-2026,20251121,9,NYR,5892,Conor Sheary,ROSTER,33.0,"5'8""",179.0,USA,"Winchester, MA",False,LW,22,0,5,5,1.41,0.23,0.0,0.23,16.9,9.8,0,0,1,1,0,0,0,0,0,0,0,0,0,0.0,0,63,31,0.0,14,15,18,9,17,17,8,11,8,3,72.7,3,6,7,14,0,437,219,108,103,19452,4336,1348,13273,NYR,Metropolitan,Eastern
2025-2026,20251121,21,VAN,15089,Kiefer Sherwood,ROSTER,30.0,"6'0""",194.0,USA,"Columbus, OH",False,LW,22,12,4,16,1.82,0.18,0.55,0.73,51.2,26.2,4,3,2,5,1,0,1,1,0,1,1,1,0,0.0,-3,82,40,30.0,12,11,31,96,30,23,8,15,5,10,33.3,8,16,10,20,0,499,262,112,138,23411,3128,1849,18434,VAN,Pacific,Western
2025-2026,20251121,7,NJD,15109,Jonas Siegenthaler,ROSTER,28.0,"6'3""",210.0,Switzerland,Zurich,False,D,20,0,2,2,0.6,0.1,0.0,0.1,44.8,13.1,0,0,0,0,0,1,1,0,0,0,0,0,0,0.0,1,35,12,0.0,38,16,7,22,41,25,5,0,0,0,0.0,4,8,0,0,0,483,254,76,151,23587,2422,1476,19866,NJD,Metropolitan,Eastern
2025-2026,20251121,19,CBJ,34233,Cole Sillinger,ROSTER,22.0,"6'0""",197.0,USA,"Columbus, OH, United States",True,C,20,2,6,8,1.65,0.3,0.1,0.4,14.8,16.4,0,0,0,0,0,0,0,1,0,0,0,0,0,0.0,4,63,33,6.1,6,14,16,22,29,27,9,28,9,19,32.1,5,10,2,4,0,406,278,69,59,19554,3365,532,15556,CBJ,Metropolitan,Eastern
2025-2026,20251121,30,UTA,142305,Dmitri Simashev,ROSTER,,,,,,False,D,20,0,1,1,1.05,0.05,0.0,0.05,23.1,19.9,0,0,0,0,0,0,0,0,0,0,0,0,0,0.0,-8,38,21,0.0,22,8,9,6,39,21,1,0,0,0,0.0,4,16,1,2,0,428,399,17,12,18995,2129,201,16665,UTA,Central,Western
2025-2026,20251121,142,VGK,5330,Colton Sissons,ROSTER,32.0,"6'1""",200.0,Canada,"North Vancouver, BC",False,C,18,0,2,2,0.78,0.11,0.0,0.11,19.0,27.2,0,0,1,1,0,0,0,0,0,0,0,0,0,0.0,-5,30,14,0.0,10,6,10,23,19,9,2,185,101,84,54.6,6,15,5,15,1,301,148,63,90,12077,3136,439,8502,VGK,Pacific,Western
2025-2026,20251121,17,STL,30007,Hunter Skinner,ROSTER,24.0,"6'2""",182.0,USA,"Wyndotte, MI",True,D,1,0,0,0,0.0,0.0,0.0,0.0,2.6,0.0,0,0,0,0,0,0,0,0,0,0,0,0,0,0.0,1,1,0,0.0,1,1,0,4,1,0,0,0,0,0,0.0,0,0,0,0,0,16,10,1,5,645,115,0,530,STL,Central,Western
2025-2026,20251121,26,SJS,4876,Jeff Skinner,ROSTER,33.0,"5'11""",195.0,Canada,"Toronto, ON",False,LW,17,4,3,7,1.71,0.18,0.24,0.41,7.1,9.8,1,0,1,1,0,0,0,0,0,0,0,0,0,0.0,-4,60,29,13.8,4,18,13,8,13,16,2,8,2,6,25.0,3,6,7,14,0,267,153,79,39,12607,2784,1135,8688,SJS,Pacific,Western
2025-2026,20251121,18,NSH,5891,Brady Skjei,ROSTER,31.0,"6'3""",210.0,USA,"Lakeville, MN",False,D,20,0,6,6,1.5,0.3,0.0,0.3,19.8,13.1,0,0,2,2,0,0,0,0,0,0,0,0,0,0.0,-13,86,30,0.0,14,38,18,16,18,30,7,0,0,0,0.0,4,8,4,8,0,548,278,127,143,27305,3952,2861,20492,NSH,Central,Western
2025-2026,20251121,14,MTL,43333,Juraj Slafkovsky,ROSTER,21.0,"6'3""",238.0,Slovakia,Kosice,True,LW,20,6,3,9,2.2,0.15,0.3,0.45,32.7,26.2,2,4,2,6,0,0,0,0,0,0,0,0,0,0.0,3,89,44,13.6,18,21,24,38,23,14,1,16,4,12,25.0,8,16,6,12,0,402,323,62,23,21287,4793,580,15914,MTL,Atlantic,Eastern
2025-2026,20251121,20,CHI,56363,Landon Slaggert,ROSTER,23.0,"6'0""",180.0,USA,"South Bend, IN",False,LW,8,1,0,1,0.62,0.0,0.12,0.12,9.6,13.4,0,0,0,0,0,0,0,0,0,0,0,0,0,0.0,0,14,5,20.0,4,3,6,14,10,3,1,0,0,0,0.0,2,12,1,2,0,107,66,13,28,4455,560,103,3779,CHI,Central,Western
2025-2026,20251121,3,CAR,5866,Jaccob Slavin,ROSTER,31.0,"6'3""",207.0,USA,"Erie, CO",False,D,2,0,0,0,1.0,0.0,0.0,0.0,2.8,0.0,0,0,0,0,0,0,0,0,0,0,0,0,0,0.0,-1,10,2,0.0,3,5,3,0,3,3,2,0,0,0,0.0,0,0,0,0,0,49,26,14,9,2224,496,233,1495,CAR,Metropolitan,Eastern
2025-2026,20251121,18,NSH,28393,Cole Smith,ROSTER,30.0,"6'3""",195.0,USA,"Brainerd, MN",True,RW,13,3,0,3,1.38,0.0,0.23,0.23,17.4,13.1,1,0,0,0,0,0,0,1,0,0,0,0,0,0.0,-2,34,18,16.7,3,5,11,35,19,6,3,4,0,4,0.0,4,8,0,0,0,248,125,39,87,10481,1076,196,9209,NSH,Central,Western
2025-2026,20251121,142,VGK,5092,Reilly Smith,ROSTER,34.0,"6'1""",183.0,Canada,"Toronto, ON",False,RW,20,3,3,6,1.15,0.15,0.15,0.3,8.8,0.0,1,1,0,1,0,0,0,1,0,1,0,0,0,0.0,-3,46,23,13.0,4,11,12,12,13,16,5,0,0,0,0.0,0,0,3,8,0,371,185,103,86,16449,5157,1166,10126,VGK,Pacific,Western
2025-2026,20251121,26,SJS,134098,Will Smith,ROSTER,20.0,"6'0""",181.0,USA,"Boston, MA",True,C,21,7,13,20,2.1,0.62,0.33,0.95,8.5,13.1,2,1,4,5,0,0,0,2,0,1,2,1,0,0.0,5,94,44,15.9,6,30,20,7,14,19,3,19,3,16,15.8,4,8,5,10,0,417,279,22,124,22772,3119,0,19687,SJS,Pacific,Western
2025-2026,20251121,17,STL,56646,Jimmy Snuggerud,ROSTER,21.0,"6'1""",188.0,USA,"Chaska, MN",False,RW,21,5,6,11,2.1,0.29,0.24,0.52,20.6,9.8,1,2,2,4,0,0,0,2,0,0,2,0,0,0.0,-3,91,44,11.4,14,21,26,18,19,8,10,2,2,0,100.0,3,6,1,2,0,419,351,55,18,19721,3479,437,15805,STL,Central,Western
2025-2026,20251121,16,DET,30182,Elmer Soderblom,ROSTER,24.0,"6'8""",246.0,Sweden,Gteborg,True,LW,11,1,0,1,1.0,0.0,0.09,0.09,11.0,3.3,0,0,0,0,0,0,0,0,0,0,0,0,0,0.0,-4,27,11,9.1,2,7,9,22,10,6,2,1,1,0,100.0,1,2,2,4,0,161,111,37,14,6896,921,528,5447,DET,Atlantic,Eastern
2025-2026,20251121,22,COL,30036,Ilya Solovyov,ROSTER,25.0,"6'3""",208.0,Belarus,Mogilev,True,D,9,0,0,0,1.0,0.0,0.0,0.0,18.6,6.6,0,0,0,0,0,0,0,0,0,0,0,0,0,0.0,-4,28,9,0.0,15,11,8,11,21,3,2,0,0,0,0.0,2,4,1,2,0,143,96,18,29,6240,555,572,5113,COL,Central,Western
2025-2026,20251121,9,NYR,14381,Carson Soucy,ROSTER,31.0,"6'5""",210.0,Canada,"Viking, AB",True,D,18,1,2,3,0.83,0.11,0.06,0.17,33.1,9.8,0,0,0,0,0,0,0,0,0,0,0,0,0,0.0,5,31,15,6.7,22,11,5,30,35,19,6,0,0,0,0.0,3,6,0,0,0,416,202,74,128,19282,2828,1364,14279,NYR,Metropolitan,Eastern
2025-2026,20251121,5,WSH,34057,Justin Sourdif,ROSTER,23.0,"5'11""",173.0,Canada,"Surrey, BC",True,RW,21,2,1,3,1.0,0.05,0.1,0.14,19.0,13.1,0,0,0,0,0,0,0,0,0,0,0,0,0,0.0,2,56,21,9.5,6,17,18,32,33,13,4,91,45,46,49.5,4,8,4,10,0,344,239,75,27,15157,3414,1344,10177,WSH,Metropolitan,Eastern
2025-2026,20251121,13,OTT,28485,Jordan Spence,ROSTER,24.0,"5'10""",175.0,Australia,"Manly, Australia",True,D,11,1,7,8,1.55,0.64,0.09,0.73,8.9,3.3,0,0,0,0,0,0,0,0,0,0,0,0,0,0.0,7,40,17,5.9,5,14,9,10,25,13,1,0,0,0,0.0,1,2,0,0,0,260,143,35,83,12162,1532,265,10365,OTT,Atlantic,Eastern
2025-2026,20251121,25,MIN,4918,Jared Spurgeon,ROSTER,35.0,"5'9""",167.0,Canada,"Edmonton, AB",False,D,21,1,3,4,1.1,0.14,0.05,0.19,46.1,3.3,0,1,2,3,0,0,0,0,0,0,0,0,0,0.0,-7,62,23,4.3,35,25,14,32,28,24,5,0,0,0,0.0,1,2,2,4,0,528,304,98,128,26941,6438,1649,18822,MIN,Central,Western
2025-2026,20251121,3,CAR,4029,Jordan Staal,ROSTER,37.0,"6'4""",220.0,Canada,"Thunder Bay, ON",False,C,20,5,2,7,1.25,0.1,0.25,0.35,25.7,34.0,1,0,0,0,0,0,0,0,0,0,0,0,0,0.0,1,50,25,20.0,11,11,14,37,18,16,5,399,232,167,58.1,6,23,6,15,1,449,211,119,124,18328,4814,1237,12277,CAR,Metropolitan,Eastern
2025-2026,20251121,18,NSH,4457,Steven Stamkos,ROSTER,35.0,"6'1""",194.0,Canada,"Markham, ON",False,C,20,4,1,5,2.0,0.05,0.2,0.25,14.3,23.0,1,2,0,2,0,0,0,1,0,1,1,0,0,0.0,-8,90,40,10.0,9,29,21,14,12,22,7,125,70,55,56.0,7,14,4,8,0,395,215,104,79,21196,7278,1537,12381,NSH,Central,Western
2025-2026,20251121,3,CAR,34846,Logan Stankoven,ROSTER,22.0,"5'8""",170.0,Canada,"Kamloops, BC",True,C,20,5,6,11,2.05,0.3,0.25,0.55,7.6,22.4,1,0,0,0,0,0,0,1,0,0,0,0,0,0.0,6,77,41,12.2,5,20,16,7,28,12,10,261,110,151,42.1,4,13,7,17,1,364,208,50,111,18541,1771,297,16473,CAR,Metropolitan,Eastern
2025-2026,20251121,2,WPJ,9644,Logan Stanley,ROSTER,27.0,"6'6""",216.0,Canada,"Kitchener, ON",False,D,19,3,6,9,1.05,0.32,0.16,0.47,36.0,47.9,1,0,0,0,0,0,0,1,0,0,0,0,0,0.0,8,62,20,15.0,26,18,24,28,38,15,6,0,0,0,0.0,10,26,4,14,2,408,256,87,68,19855,2801,1928,15126,WPG,,
2025-2026,20251121,18,NSH,38802,Spencer Stastney,ROSTER,25.0,"5'10""",180.0,USA,"Woodbridge, IL",True,D,20,1,6,7,0.9,0.3,0.05,0.35,17.2,6.6,0,0,0,0,0,1,1,0,0,0,0,0,0,0.0,-3,45,18,5.6,17,17,10,3,25,16,6,0,0,0,0.0,2,4,5,10,0,426,239,48,141,18771,1173,361,17238,NSH,Central,Western
2025-2026,20251121,24,EDM,10108,Troy Stecher,ROSTER,31.0,"5'10""",186.0,Canada,"Richmond, BC",False,D,6,0,0,0,0.5,0.0,0.0,0.0,3.6,13.1,0,0,0,0,0,0,0,0,0,0,0,0,0,0.0,0,9,3,0.0,3,5,1,2,16,8,2,0,0,0,0.0,4,8,0,0,0,108,70,28,10,4904,1152,357,3395,EDM,Pacific,Western
2025-2026,20251121,24,EDM,10108,Troy Stecher,ROSTER,31.0,"5'10""",186.0,Canada,"Richmond, BC",False,D,6,0,0,0,0.5,0.0,0.0,0.0,3.6,13.1,0,0,0,0,0,0,0,0,0,0,0,0,0,0.0,0,9,3,0.0,3,5,1,2,16,8,2,0,0,0,0.0,4,8,0,0,0,108,70,28,10,4904,1152,357,3395,EDM,Pacific,Western
2025-2026,20251121,12,TOR,10108,Troy Stecher,ROSTER,31.0,"5'10""",186.0,Canada,"Richmond, BC",False,D,2,0,0,0,0.5,0.0,0.0,0.0,0.4,0.0,0,0,0,0,0,0,0,0,0,0,0,0,0,0.0,2,5,1,0.0,0,4,0,1,3,1,0,0,0,0,0.0,0,0,1,2,0,40,25,7,8,1638,73,366,1199,TOR,Atlantic,Eastern
2025-2026,20251121,12,TOR,10108,Troy Stecher,ROSTER,31.0,"5'10""",186.0,Canada,"Richmond, BC",False,D,2,0,0,0,0.5,0.0,0.0,0.0,0.4,0.0,0,0,0,0,0,0,0,0,0,0,0,0,0,0.0,2,5,1,0.0,0,4,0,1,3,1,0,0,0,0,0.0,0,0,1,2,0,40,25,7,8,1638,73,366,1199,TOR,Atlantic,Eastern
2025-2026,20251121,27,DAL,9656,Sam Steel,ROSTER,27.0,"5'11""",189.0,Canada,"Edmonton, AB",False,C,21,2,5,7,1.0,0.24,0.1,0.33,18.0,13.1,0,1,2,3,0,0,0,1,0,0,0,0,0,0.0,-5,46,21,9.5,9,10,15,23,26,11,7,93,56,37,60.2,4,8,7,14,0,471,218,122,129,22296,4162,1867,16063,DAL,Central,Western
2025-2026,20251121,11,BOS,30004,Alex Steeves,ROSTER,25.0,"5'11""",185.0,USA,"Bedford, NH",True,C,6,1,0,1,1.5,0.0,0.17,0.17,18.0,10.8,0,0,0,0,0,0,0,0,0,0,0,0,0,0.0,-3,16,9,11.1,9,3,4,23,8,4,0,2,0,2,0.0,1,5,3,9,1,94,67,22,6,4260,897,382,2981,BOS,Atlantic,Eastern
2025-2026,20251121,30,UTA,15136,Kevin Stenlund,ROSTER,29.0,"6'4""",210.0,Sweden,Stockholm,False,C,21,1,2,3,0.95,0.1,0.05,0.14,21.8,9.8,0,0,0,0,0,0,0,0,0,0,0,0,0,0.0,-4,47,20,5.0,17,11,16,14,20,18,7,345,176,169,51.0,3,6,0,0,0,447,210,109,129,18783,2466,1191,15126,UTA,Central,Western
2025-2026,20251121,143,SEA,5838,Chandler Stephenson,ROSTER,31.0,"6'0""",208.0,Canada,"Saskatoon, SK",False,C,20,4,8,12,1.5,0.4,0.2,0.6,15.7,3.3,1,2,2,4,0,0,0,0,0,0,0,0,0,0.0,-1,49,30,13.3,15,12,7,4,18,22,8,433,216,217,49.9,1,2,6,12,0,522,224,194,99,24484,5416,3041,15534,SEA,Pacific,Western
2025-2026,20251121,142,VGK,5105,Mark Stone,ROSTER,33.0,"6'3""",202.0,Canada,"Winnipeg, MB",False,RW,6,2,11,13,3.17,1.83,0.33,2.17,5.9,0.0,0,1,7,8,0,1,1,0,0,0,0,0,0,0.0,2,30,19,10.5,5,5,6,3,3,6,1,1,0,1,0.0,0,0,3,6,0,125,62,36,29,6627,1789,535,4303,VGK,Pacific,Western
2025-2026,20251121,5,WSH,5598,Dylan Strome,ROSTER,28.0,"6'3""",200.0,Canada,"Mississauga, ON",False,C,19,5,15,20,1.84,0.79,0.26,1.05,11.4,13.1,1,0,6,6,0,0,0,1,0,0,2,0,1,50.0,13,60,35,14.3,9,14,11,7,9,15,6,328,191,137,58.2,4,8,3,6,0,392,177,114,102,20314,4601,2396,13051,WSH,Metropolitan,Eastern
2025-2026,20251121,29,ANA,4997,Ryan Strome,ROSTER,32.0,"6'1""",190.0,Canada,"Mississauga, ON",False,C,5,1,2,3,1.6,0.4,0.2,0.6,2.8,0.0,0,1,0,1,0,0,0,0,0,0,0,0,0,0.0,0,11,8,12.5,3,2,1,0,2,4,1,61,23,38,37.7,0,0,0,0,0,92,39,28,26,4182,1110,568,2504,ANA,Pacific,Western
2025-2026,20251121,14,MTL,38014,Jayden Struble,ROSTER,24.0,"6'0""",205.0,USA,"Cumberland, RI",True,D,16,0,4,4,0.62,0.25,0.0,0.25,22.3,34.8,0,0,0,0,0,0,0,0,0,0,0,0,0,0.0,-3,32,10,0.0,10,12,10,31,15,18,3,0,0,0,0.0,6,18,2,10,2,286,172,28,86,14466,1658,581,12227,MTL,Atlantic,Eastern
2025-2026,20251121,13,OTT,19051,Tim Stützle,ROSTER,23.0,"6'0""",190.0,Germany,Viersen,True,C,20,10,9,19,2.55,0.45,0.5,0.95,27.5,11.4,3,2,2,4,0,0,0,2,0,1,2,0,2,100.0,7,95,51,19.6,16,30,14,30,36,24,6,189,113,76,59.8,4,6,9,18,0,514,348,104,74,23854,5835,1664,16677,OTT,Atlantic,Eastern
2025-2026,20251121,17,STL,5819,Oskar Sundqvist,ROSTER,31.0,"6'3""",209.0,Sweden,Boden,False,C,13,0,9,9,0.85,0.69,0.0,0.69,12.5,9.8,0,0,1,1,0,0,0,0,0,0,0,0,0,0.0,0,20,11,0.0,4,4,5,21,7,6,5,108,49,59,45.4,3,6,0,0,0,240,135,59,46,10444,1738,1273,7433,STL,Central,Western
2025-2026,20251121,17,STL,28325,Pius Suter,ROSTER,29.0,"5'11""",176.0,Switzerland,Wallisellen,True,C,21,5,5,10,1.52,0.24,0.24,0.48,13.6,13.1,1,1,1,2,0,1,1,1,0,0,0,0,0,0.0,-3,64,32,15.6,7,13,19,17,3,13,6,206,100,106,48.5,4,8,2,4,0,464,256,111,102,21075,3536,1268,16271,STL,Central,Western
2025-2026,20251121,14,MTL,13628,Nick Suzuki,ROSTER,26.0,"5'11""",208.0,Canada,"London, ON",False,C,20,5,17,22,2.15,0.85,0.25,1.1,22.6,6.6,1,3,6,9,0,0,0,0,0,0,2,1,0,0.0,10,90,43,11.6,17,15,32,16,25,13,3,351,187,164,53.3,2,4,2,4,0,447,201,43,208,24556,3891,644,20021,MTL,Atlantic,Eastern
2025-2026,20251121,18,NSH,37974,Fedor Svechkov,ROSTER,22.0,"6'0""",187.0,Russia,Togliatti,True,C,18,0,1,1,1.22,0.06,0.0,0.06,13.9,3.3,0,0,0,0,0,0,0,0,0,0,0,0,0,0.0,-9,41,22,0.0,9,12,7,13,19,11,3,112,47,65,42.0,1,2,3,6,0,276,197,32,47,13210,1660,325,11225,NSH,Central,Western
2025-2026,20251121,3,CAR,14525,Andrei Svechnikov,ROSTER,25.0,"6'2""",195.0,Russia,Barnaul,False,RW,20,6,5,11,2.75,0.25,0.3,0.55,11.5,16.4,2,3,0,3,0,0,0,0,0,0,2,1,0,0.0,3,112,55,10.9,2,30,27,23,25,21,5,4,3,1,75.0,5,10,1,2,0,393,242,84,73,19099,3802,1625,13672,CAR,Metropolitan,Eastern
2025-2026,20251121,30,UTA,9068,Brandon Tanev,ROSTER,33.0,"6'0""",180.0,Canada,"Toronto, ON",False,LW,21,0,1,1,0.71,0.05,0.0,0.05,35.2,13.1,0,0,0,0,0,0,0,0,0,0,0,0,0,0.0,-9,29,15,0.0,10,9,5,62,29,17,2,9,2,7,22.2,4,8,4,8,0,315,182,85,48,12726,1734,1455,9537,UTA,Central,Western
2025-2026,20251121,12,TOR,4939,Christopher Tanev,ROSTER,35.0,"6'2""",197.0,Canada,"Toronto, ON",False,D,8,0,2,2,0.75,0.25,0.0,0.25,8.3,0.0,0,0,0,0,0,0,0,0,0,0,0,0,0,0.0,5,16,6,0.0,8,8,2,2,20,3,4,0,0,0,0.0,0,0,2,4,0,211,116,36,59,8322,1526,146,6650,TOR,Atlantic,Eastern
2025-2026,20251121,25,MIN,5135,Vladimir Tarasenko,ROSTER,33.0,"6'0""",225.0,Russia,Yaroslavl,False,RW,18,2,8,10,1.67,0.44,0.11,0.56,14.3,0.0,0,1,6,7,0,0,0,0,0,0,1,1,0,0.0,-6,63,30,6.7,9,19,14,14,22,12,5,0,0,0,0.0,0,0,3,6,0,293,132,107,56,16519,4826,1336,10357,MIN,Central,Western
2025-2026,20251121,12,TOR,4680,John Tavares,ROSTER,35.0,"6'1""",215.0,Canada,"Mississauga, ON",False,C,21,12,15,27,3.1,0.71,0.57,1.29,13.4,6.6,4,2,2,4,0,0,0,1,0,1,0,0,0,0.0,4,121,65,18.5,5,28,28,21,17,19,5,356,216,140,60.7,2,4,4,8,0,447,226,127,107,23177,8176,1575,13387,TOR,Atlantic,Eastern
2025-2026,20251121,20,CHI,5355,Teuvo Teravainen,ROSTER,31.0,"5'11""",191.0,Finland,Helsinki,False,C,20,5,10,15,1.3,0.5,0.25,0.75,11.8,3.3,1,2,5,7,0,0,0,1,0,0,1,0,0,0.0,8,52,26,19.2,9,14,12,8,11,26,5,49,23,26,46.9,1,2,3,6,0,487,226,100,163,23241,5785,1136,16097,CHI,Central,Western
2025-2026,20251121,29,ANA,5738,Troy Terry,ROSTER,28.0,"6'0""",186.0,USA,"Denver, CO",False,RW,21,6,17,23,2.38,0.81,0.29,1.1,3.8,6.6,2,0,5,5,1,2,3,1,0,0,1,0,1,100.0,12,102,50,12.0,4,21,31,0,17,14,6,3,2,1,66.7,2,4,5,10,0,500,214,129,165,23644,4899,1420,17369,ANA,Pacific,Western
2025-2026,20251121,17,STL,15997,Alexandre Texier,ROSTER,26.0,"6'1""",192.0,France,Grenoble,False,LW,8,0,1,1,0.88,0.12,0.0,0.12,4.7,3.3,0,0,0,0,0,0,0,0,0,0,0,0,0,0.0,0,13,7,0.0,1,2,4,9,5,2,1,1,1,0,100.0,1,2,1,2,0,106,64,28,14,4923,1102,387,3434,STL,Central,Western
2025-2026,20251121,142,VGK,5900,Shea Theodore,ROSTER,30.0,"6'2""",195.0,Canada,"Langley, BC",False,D,20,2,10,12,2.25,0.5,0.1,0.6,30.4,6.6,0,1,3,4,0,0,0,1,0,0,0,0,0,0.0,6,97,45,4.4,32,36,16,1,28,27,7,0,0,0,0.0,2,4,3,6,0,568,274,182,114,28771,6538,3088,19087,VGK,Pacific,Western
2025-2026,20251121,17,STL,14609,Robert Thomas,ROSTER,26.0,"6'0""",188.0,Canada,"Aurora, ON",False,C,17,3,10,13,1.41,0.59,0.18,0.76,10.6,6.6,1,1,4,5,0,0,0,0,0,0,1,0,0,0.0,0,46,24,12.5,10,14,8,3,15,25,10,289,154,135,53.3,2,4,3,6,0,397,203,82,115,18731,2780,1258,14693,STL,Central,Western
2025-2026,20251121,15,BUF,9652,Tage Thompson,ROSTER,28.0,"6'6""",215.0,USA,"Oyster Bay, NY",False,C,20,10,8,18,3.9,0.4,0.5,0.9,21.6,16.4,3,2,3,5,0,0,0,0,0,0,1,1,0,0.0,-6,163,78,12.8,11,46,39,27,16,22,10,171,85,86,49.7,5,10,3,6,0,482,229,60,203,22884,4085,435,18364,BUF,Atlantic,Eastern
2025-2026,20251121,15,BUF,15181,Conor Timmins,ROSTER,27.0,"6'2""",185.0,Canada,"Thorold, ON",False,D,20,0,4,4,0.85,0.2,0.0,0.2,47.1,16.4,0,0,0,0,0,0,0,0,0,0,0,0,0,0.0,-6,55,17,0.0,44,23,15,14,30,22,4,0,0,0,0.0,5,10,2,4,0,516,252,52,212,23573,1676,205,21692,BUF,Atlantic,Eastern
2025-2026,20251121,6,PHI,13625,Owen Tippett,ROSTER,26.0,"6'0""",183.0,Canada,"Peterborough, ON",False,RW,19,6,6,12,2.63,0.32,0.32,0.63,22.2,26.5,2,1,0,1,0,0,0,0,0,0,0,0,0,0.0,0,93,50,12.0,9,17,26,33,18,27,5,1,0,1,0.0,6,20,6,12,0,425,241,96,94,19169,3168,995,15006,PHI,Metropolitan,Eastern
2025-2026,20251121,13,OTT,14527,Brady Tkachuk,ROSTER,26.0,"6'4""",212.0,USA,"St. Louis, MO",False,LW,3,0,3,3,3.33,1.0,0.0,1.0,4.2,6.6,0,0,1,1,0,0,0,0,0,0,0,0,0,0.0,1,21,10,0.0,0,6,5,10,1,4,1,11,8,3,72.7,2,4,3,6,0,69,37,4,28,2991,393,102,2496,OTT,Atlantic,Eastern
2025-2026,20251121,22,COL,13917,Devon Toews,ROSTER,31.0,"6'1""",191.0,Canada,"Abbotsford, BC",False,D,20,0,7,7,1.2,0.35,0.0,0.35,29.2,6.6,0,0,0,0,0,0,0,0,0,0,0,0,0,0.0,15,68,24,0.0,28,28,16,7,8,23,8,0,0,0,0.0,2,4,2,4,0,558,254,177,127,27888,4313,3699,19876,COL,Central,Western
2025-2026,20251121,2,WPJ,4262,Jonathan Toews,ROSTER,37.0,"6'2""",201.0,Canada,"Winnipeg, MB",False,C,19,3,5,8,1.37,0.26,0.16,0.42,13.4,16.4,1,1,2,3,0,0,0,0,0,0,1,0,0,0.0,-9,49,26,11.5,13,8,15,3,16,9,4,288,181,107,62.8,5,10,3,6,0,406,192,107,110,18481,5338,1160,11983,WPG,,
2025-2026,20251121,26,SJS,5191,Tyler Toffoli,ROSTER,33.0,"6'0""",197.0,Canada,"Scarborough, ON",False,C,21,5,6,11,2.0,0.29,0.24,0.52,17.0,3.3,1,2,1,3,0,0,0,0,0,0,1,0,0,0.0,2,95,42,11.9,11,30,23,16,8,14,5,4,1,3,25.0,1,2,0,0,0,439,214,143,87,20795,5652,1350,13793,SJS,Pacific,Western
2025-2026,20251121,143,SEA,13645,Eeli Tolvanen,ROSTER,26.0,"5'10""",191.0,Finland,Vihti,False,RW,20,3,8,11,1.35,0.4,0.15,0.55,35.3,9.8,1,2,3,5,0,0,0,0,0,0,1,0,1,100.0,-3,67,27,11.1,15,25,15,51,16,15,5,0,0,0,0.0,3,6,3,6,0,390,212,131,43,18060,4053,2446,11213,SEA,Pacific,Western
2025-2026,20251121,24,EDM,183906,David Tomasek,ROSTER,29.0,"6'2""",210.0,Czech Republic,Praha,True,RW,16,2,2,4,1.44,0.12,0.12,0.25,8.2,9.8,0,0,2,2,0,0,0,0,0,0,1,0,0,0.0,-7,40,23,8.7,3,6,11,13,12,8,3,54,27,27,50.0,3,6,2,4,0,223,188,31,7,10791,2424,44,8358,EDM,Pacific,Western
2025-2026,20251121,10,PIT,24517,Philip Tomasino,UNDRAFTED,24.0,"6'0""",180.0,Canada,"Mississauga, ON",False,RW,9,0,1,1,1.0,0.11,0.0,0.11,11.1,0.0,0,0,0,0,0,0,0,0,0,0,0,0,0,0.0,-2,19,9,0.0,7,3,7,11,14,3,0,4,2,2,50.0,0,0,0,0,0,130,81,32,11,6573,1019,587,4559,PIT,Metropolitan,Eastern
2025-2026,20251121,17,STL,18182,Alexei Toropchenko,ROSTER,26.0,"6'3""",187.0,Russia,Moscow,False,RW,14,1,1,2,0.71,0.07,0.07,0.14,21.3,0.0,0,0,0,0,1,0,1,0,0,0,0,0,0,0.0,-4,17,10,10.0,8,2,5,33,9,8,2,0,0,0,0.0,0,0,1,2,0,251,151,54,47,9809,1693,695,7421,STL,Central,Western
2025-2026,20251121,25,MIN,17203,Yakov Trenin,ROSTER,28.0,"6'2""",201.0,Russia,Chelyabinsk,True,C,21,1,3,4,1.19,0.14,0.05,0.19,49.2,13.1,0,0,0,0,0,0,0,0,0,0,0,0,0,0.0,0,55,25,4.0,12,10,20,91,36,13,3,42,15,27,35.7,4,8,2,4,0,307,169,76,63,16157,3139,2326,10692,MIN,Central,Western
2025-2026,20251121,9,NYR,5342,Vincent Trocheck,ROSTER,32.0,"5'10""",183.0,USA,"Pittsburgh, PA",False,C,8,3,3,6,1.12,0.38,0.38,0.75,20.0,9.8,1,0,1,1,0,0,0,0,0,0,1,0,1,100.0,0,23,9,33.3,8,6,8,30,12,8,6,128,68,60,53.1,3,6,1,2,0,187,94,33,57,8773,2359,428,5559,NYR,Metropolitan,Eastern
2025-2026,20251121,29,ANA,5232,Jacob Trouba,ROSTER,31.0,"6'3""",209.0,USA,"Rochester, MI",False,D,21,4,8,12,1.67,0.38,0.19,0.57,61.1,6.6,1,0,0,0,0,0,0,1,0,1,0,0,0,0.0,14,82,35,11.4,43,28,19,50,19,27,7,0,0,0,0.0,2,4,3,6,0,585,289,122,178,28458,4878,1655,21925,ANA,Pacific,Western
2025-2026,20251121,8,NYI,142668,Maxim Tsyplakov,ROSTER,,,,,,False,RW,13,1,0,1,0.85,0.0,0.08,0.08,9.2,0.0,0,0,0,0,0,0,0,0,0,0,0,0,0,0.0,-6,22,11,9.1,0,7,4,22,7,10,2,3,0,3,0.0,0,0,1,2,0,170,144,11,16,7080,635,68,6377,NYI,Metropolitan,Eastern
2025-2026,20251121,15,BUF,11711,Alex Tuch,ROSTER,29.0,"6'4""",220.0,USA,"Syracuse, NY",False,RW,20,7,9,16,2.35,0.45,0.35,0.8,24.7,47.2,2,0,0,0,1,0,1,0,0,0,1,1,0,0.0,1,100,47,14.9,21,15,39,12,9,13,5,14,4,10,28.6,10,31,7,17,1,521,227,83,217,22424,3595,773,18056,BUF,Atlantic,Eastern
2025-2026,20251121,17,STL,20063,Tyler Tucker,ROSTER,25.0,"6'1""",205.0,Canada,"Thunder Bay, ON",False,D,20,1,3,4,0.8,0.15,0.05,0.2,25.8,61.4,0,0,0,0,0,0,0,0,0,0,0,0,0,0.0,-4,39,16,6.2,16,16,7,26,32,18,1,0,0,0,0.0,9,32,6,24,4,343,207,44,93,14976,1900,637,12439,STL,Central,Western
2025-2026,20251121,11,BOS,9651,Riley Tufte,ROSTER,27.0,"6'6""",220.0,USA,"Ham Lake, MN",False,LW,1,1,0,1,3.0,0.0,1.0,1.0,0.4,0.0,0,1,0,1,0,0,0,0,0,0,0,0,0,0.0,0,3,3,33.3,0,0,0,1,1,0,0,0,0,0,0.0,0,0,0,0,0,16,11,3,3,913,91,0,822,BOS,Atlantic,Eastern
2025-2026,20251121,28,LAK,19087,Alex Turcotte,ROSTER,24.0,"5'11""",185.0,USA,"Elk Grove, IL",False,C,21,0,3,3,0.76,0.14,0.0,0.14,7.3,15.7,0,0,0,0,0,0,0,0,0,0,0,0,0,0.0,-4,37,16,0.0,6,12,9,4,27,11,2,130,70,60,53.8,4,11,4,8,0,272,181,48,43,11626,1800,557,9269,LAK,Pacific,Western
2025-2026,20251121,9,NYR,13633,Urho Vaakanainen,ROSTER,26.0,"6'2""",196.0,Finland,Joensuu,False,D,14,0,3,3,0.71,0.21,0.0,0.21,10.5,16.4,0,0,0,0,0,0,0,0,0,0,0,0,0,0.0,3,32,10,0.0,9,13,10,5,26,9,2,0,0,0,0.0,5,10,2,4,0,265,161,25,66,12390,1074,380,10267,NYR,Metropolitan,Eastern
2025-2026,20251121,16,DET,4683,James van Riemsdyk,ROSTER,36.0,"6'3""",217.0,USA,"Middletown, New Jersey",False,LW,16,1,1,2,1.12,0.06,0.06,0.12,10.7,9.8,0,0,0,0,0,0,0,0,0,0,1,0,1,100.0,-5,43,18,5.6,11,9,16,1,14,7,1,1,1,0,100.0,3,6,1,2,0,259,129,68,64,11310,4368,1064,6762,DET,Atlantic,Eastern
2025-2026,20251121,5,WSH,5460,Trevor van Riemsdyk,ROSTER,34.0,"6'2""",192.0,USA,"Middletown, New Jersey",False,D,16,1,1,2,0.62,0.06,0.06,0.12,18.1,16.4,0,0,0,0,0,0,0,0,0,0,0,0,0,0.0,-2,22,10,10.0,18,8,4,3,9,11,2,0,0,0,0.0,5,10,1,2,0,303,151,44,105,14436,2258,752,11224,WSH,Metropolitan,Eastern
2025-2026,20251121,29,ANA,5851,Frank Vatrano,ROSTER,31.0,"5'10""",200.0,USA,"East Longmeadow, MA",False,RW,21,2,1,3,1.71,0.05,0.1,0.14,33.6,28.2,0,0,1,1,0,0,0,1,0,0,0,0,0,0.0,-7,61,36,5.6,15,14,11,47,15,8,1,10,4,6,40.0,4,14,4,14,2,360,174,101,87,15358,2744,1447,11247,ANA,Pacific,Western
2025-2026,20251121,14,MTL,18040,Joe Veleno,ROSTER,25.0,"6'1""",191.0,Canada,"Montreal, QC",False,C,15,1,0,1,0.93,0.0,0.07,0.07,21.9,24.0,0,0,0,0,0,0,0,0,0,0,0,0,0,0.0,-8,25,14,7.1,10,5,6,30,11,5,1,73,36,37,49.3,5,13,3,9,1,221,118,42,62,10487,1097,213,9177,MTL,Atlantic,Eastern
2025-2026,20251121,4,FLO,17177,Carter Verhaeghe,ROSTER,30.0,"6'1""",177.0,Canada,"Waterdown, ON",False,C,20,2,8,10,2.3,0.4,0.1,0.5,13.6,9.8,0,1,3,4,0,0,0,1,0,0,0,0,0,0.0,-6,105,46,4.3,7,40,19,17,30,14,7,27,11,16,40.7,3,6,5,10,0,433,215,100,121,21321,5385,1507,14429,FLA,,
2025-2026,20251121,11,BOS,18174,Jeffrey Viel,ROSTER,28.0,"6'0""",195.0,Canada,"Rimouski, QC",False,LW,8,0,0,0,1.38,0.0,0.0,0.0,13.2,44.9,0,0,0,0,0,0,0,0,0,0,0,0,0,0.0,-1,19,11,0.0,3,3,5,25,5,2,1,2,1,1,50.0,7,28,4,14,2,113,63,27,23,4796,826,762,3208,BOS,Atlantic,Eastern
2025-2026,20251121,2,WPJ,18069,Gabriel Vilardi,ROSTER,26.0,"6'2""",185.0,Canada,"Kingston, ON",False,C,19,6,8,14,2.37,0.42,0.32,0.74,8.1,6.6,2,2,3,5,0,0,0,2,0,0,1,0,1,100.0,-2,82,45,13.3,6,14,23,6,19,15,4,21,10,11,47.6,2,4,4,8,0,393,212,165,23,21329,5354,4748,11413,WPG,,
2025-2026,20251121,20,CHI,38015,Alex Vlasic,ROSTER,24.0,"6'6""",200.0,USA,"Wilmette, IL",True,D,19,1,3,4,0.95,0.16,0.05,0.21,33.1,10.8,0,0,0,0,0,0,0,0,0,0,0,0,0,0.0,0,44,18,5.6,30,12,14,12,36,18,8,0,0,0,0.0,1,5,2,7,1,485,218,34,227,24770,1552,343,22552,CHI,Central,Western
2025-2026,20251121,19,CBJ,56385,Dmitri Voronkov,ROSTER,25.0,"6'3""",183.0,Russia,,False,LW,21,9,9,18,2.19,0.43,0.43,0.86,21.9,39.4,3,3,0,3,0,0,0,0,0,0,0,0,0,0.0,9,81,46,19.6,6,5,30,39,6,22,4,10,2,8,20.0,12,24,2,4,0,419,254,101,73,20052,4100,1360,14592,CBJ,Metropolitan,Eastern
2025-2026,20251121,17,STL,13691,Nathan Walker,ROSTER,31.0,"5'9""",186.0,United Kingdom,Cardiff,False,LW,20,3,4,7,1.2,0.2,0.15,0.35,46.0,18.1,1,0,0,0,0,0,0,1,0,0,0,0,0,0.0,0,41,24,12.5,14,5,11,79,20,12,2,38,21,17,55.3,5,12,5,10,0,354,181,106,70,15172,2931,1677,10564,STL,Central,Western
2025-2026,20251121,3,CAR,15368,Sean Walker,ROSTER,31.0,"5'11""",196.0,Canada,"Keswick, ON",False,D,20,4,4,8,2.4,0.2,0.2,0.4,42.1,19.7,1,0,1,1,0,0,0,0,0,0,0,0,0,0.0,-3,129,48,8.3,28,55,26,38,40,18,4,0,0,0,0.0,6,12,3,6,0,582,304,105,177,28465,3266,1109,24090,CAR,Metropolitan,Eastern
2025-2026,20251121,24,EDM,13672,Jake Walman,ROSTER,29.0,"6'1""",170.0,Canada,"Toronto, ON",False,D,17,3,7,10,1.35,0.41,0.18,0.59,32.0,13.1,1,1,0,1,1,0,1,1,0,1,0,0,0,0.0,-3,66,23,13.0,31,32,11,7,4,23,7,0,0,0,0.0,4,8,1,2,0,406,205,113,84,20517,3709,2012,14324,EDM,Pacific,Western
2025-2026,20251121,8,NYI,56461,Marshall Warren,ASSIGNED_TO_MINORS,24.0,"5'11""",170.0,USA,"Laurel Hollow, NY",False,D,2,0,2,2,0.0,1.0,0.0,1.0,0.8,3.3,0,0,0,0,0,0,0,0,0,0,0,0,0,0.0,1,1,0,0.0,0,1,0,2,5,2,1,0,0,0,0.0,1,2,1,2,0,36,22,3,11,1456,150,33,1273,NYI,Metropolitan,Eastern
2025-2026,20251121,23,CGY,12274,MacKenzie Weegar,ROSTER,31.0,"6'0""",200.0,Canada,"Nepean, ON",False,D,22,0,4,4,2.05,0.18,0.0,0.18,60.4,40.6,0,0,2,2,0,0,0,0,0,0,0,0,0,0.0,-18,116,45,0.0,40,47,24,55,53,35,8,0,0,0,0.0,8,27,4,11,1,723,309,157,257,31667,5630,2545,23492,CGY,Pacific,Western
2025-2026,20251121,26,SJS,5449,Alexander Wennberg,ROSTER,31.0,"6'2""",197.0,Sweden,Stockholm,False,C,21,5,6,11,1.0,0.29,0.24,0.52,27.4,13.1,1,2,2,4,0,0,0,1,0,0,0,0,0,0.0,-8,37,21,23.8,27,13,3,5,12,19,12,323,154,169,47.7,4,8,6,12,0,527,261,147,124,26183,5214,2227,18742,SJS,Pacific,Western
2025-2026,20251121,19,CBJ,5603,Zach Werenski,ROSTER,28.0,"6'2""",212.0,USA,"Grosse Pointe, MI",False,D,21,6,13,19,3.71,0.62,0.29,0.9,34.9,0.0,2,1,4,5,0,0,0,0,0,0,0,0,0,0.0,9,180,78,7.7,31,62,40,14,27,40,14,0,0,0,0.0,0,0,1,2,0,564,292,74,202,33737,6808,1021,25847,CBJ,Metropolitan,Eastern
2025-2026,20251121,7,NJD,15576,Colton White,ROSTER,28.0,"6'1""",190.0,Canada,"London, ON",False,D,4,0,0,0,0.75,0.0,0.0,0.0,3.1,0.0,0,0,0,0,0,0,0,0,0,0,0,0,0,0.0,-1,8,3,0.0,2,4,1,3,6,2,0,0,0,0,0.0,0,0,0,0,0,68,37,3,25,2825,282,0,2445,NJD,Metropolitan,Eastern
2025-2026,20251121,142,VGK,14133,Zach Whitecloud,ROSTER,28.0,"6'2""",209.0,Canada,"Brandon, MB",False,D,20,0,2,2,0.55,0.1,0.0,0.1,36.1,16.4,0,0,0,0,0,0,0,0,0,0,0,0,0,0.0,-2,45,11,0.0,23,27,7,35,49,18,1,0,0,0,0.0,5,10,3,6,0,472,303,112,57,21825,5062,1702,15061,VGK,Pacific,Western
2025-2026,20251121,18,NSH,28517,Ozzy Wiesblatt,ROSTER,23.0,"5'10""",183.0,Canada,"Calgary, AB",True,C,17,0,2,2,0.82,0.12,0.0,0.12,24.4,30.5,0,0,0,0,0,0,0,0,0,0,1,0,1,100.0,-9,33,14,0.0,6,10,9,45,27,9,3,4,0,4,0.0,7,17,4,11,1,266,177,49,41,11266,1743,507,9399,NSH,Central,Western
2025-2026,20251121,21,VAN,166972,Tom Willander,ROSTER,20.0,"6'1""",179.0,Sweden,Stockholm,True,D,12,0,3,3,0.58,0.25,0.0,0.25,12.6,3.3,0,0,0,0,0,0,0,0,0,0,0,0,0,0.0,1,29,7,0.0,13,11,11,1,17,8,2,0,0,0,0.0,1,2,0,0,0,237,200,20,17,9818,1819,177,7822,VAN,Pacific,Western
2025-2026,20251121,18,NSH,53068,Adam Wilsby,ROSTER,25.0,"6'0""",183.0,Sweden,Stockholm,True,D,14,0,2,2,1.14,0.14,0.0,0.14,11.0,16.4,0,0,0,0,0,0,0,0,0,0,0,0,0,0.0,-2,40,16,0.0,10,18,6,4,24,14,3,0,0,0,0.0,5,10,0,0,0,311,233,36,42,14268,2970,518,10780,NSH,Central,Western
2025-2026,20251121,5,WSH,5225,Tom Wilson,ROSTER,31.0,"6'4""",220.0,Canada,"Toronto, ON",False,RW,21,11,9,20,2.29,0.43,0.52,0.95,34.6,67.1,3,4,1,5,0,0,0,0,0,0,0,0,0,0.0,10,91,48,22.9,12,19,24,56,20,20,7,14,7,7,50.0,14,47,8,19,1,504,242,143,124,24779,6605,2067,15808,WSH,Metropolitan,Eastern
2025-2026,20251121,143,SEA,56633,Ryan Winterton,ROSTER,22.0,"6'2""",175.0,Canada,"Whitby, ON",False,C,20,2,2,4,0.8,0.1,0.1,0.2,18.1,6.6,0,0,0,0,0,0,0,0,0,0,0,0,0,0.0,0,36,16,12.5,10,10,10,21,27,8,3,0,0,0,0.0,2,4,5,10,0,351,226,53,69,14573,1493,825,12002,SEA,Pacific,Western
2025-2026,20251121,18,NSH,142645,Matthew Wood,ROSTER,,,,,,False,RW,13,6,4,10,2.31,0.31,0.46,0.77,8.4,0.0,2,2,3,5,0,0,0,0,0,0,1,0,0,0.0,-1,54,30,20.0,5,13,11,9,11,5,1,7,2,5,28.6,0,0,3,6,0,207,180,27,6,10358,1981,119,8258,NSH,Central,Western
2025-2026,20251121,19,CBJ,9079,Miles Wood,ROSTER,30.0,"6'2""",195.0,USA,"Buffalo, NY",False,LW,15,5,0,5,1.8,0.0,0.33,0.33,9.3,9.8,1,0,0,0,0,0,0,1,0,1,0,0,0,0.0,-4,44,27,18.5,5,9,8,11,17,13,1,5,1,4,20.0,3,6,3,8,0,240,134,57,53,11311,2392,749,8170,CBJ,Metropolitan,Eastern
2025-2026,20251121,10,PIT,5707,Parker Wotherspoon,ROSTER,28.0,"6'0""",172.0,Canada,"Surrey, BC",False,D,19,2,5,7,0.95,0.26,0.11,0.37,38.3,29.8,0,0,0,0,0,1,1,1,0,0,0,0,0,0.0,7,40,18,11.1,28,17,5,29,27,25,9,0,0,0,0.0,7,22,2,4,0,457,254,110,84,24041,3146,1771,18526,PIT,Metropolitan,Eastern
2025-2026,20251121,143,SEA,43332,Shane Wright,ROSTER,21.0,"6'1""",199.0,Canada,"Burlington, ON",True,C,20,5,5,10,1.5,0.25,0.25,0.5,17.4,3.3,1,1,1,2,0,0,0,1,0,1,0,0,0,0.0,2,51,30,16.7,11,11,10,17,27,19,2,157,58,99,36.9,1,2,3,6,0,382,286,62,33,16952,2990,626,13042,SEA,Pacific,Western
2025-2026,20251121,14,MTL,34148,Arber Xhekaj,ROSTER,24.0,"6'4""",238.0,Canada,"Hamilton, ON",True,D,19,0,1,1,0.84,0.05,0.0,0.05,22.5,59.7,0,0,0,0,0,0,0,0,0,0,0,0,0,0.0,-5,42,16,0.0,12,23,3,27,24,11,1,0,0,0,0.0,9,30,5,22,4,281,211,25,45,13085,1698,277,11110,MTL,Atlantic,Eastern
2025-2026,20251121,30,UTA,13637,Kailer Yamamoto,ROSTER,27.0,"5'8""",153.0,USA,"Spokane, WA",False,RW,13,2,1,3,0.77,0.08,0.15,0.23,5.3,6.6,0,0,0,0,0,0,0,0,0,0,0,0,0,0.0,-1,18,10,20.0,3,4,4,6,12,6,1,14,5,9,35.7,2,4,7,14,0,210,122,67,23,9436,1378,1438,6620,UTA,Central,Western
2025-2026,20251121,6,PHI,30026,Cameron York,ROSTER,24.0,"5'11""",172.0,USA,"Anaheim Hills, CA",True,D,16,1,9,10,0.56,0.56,0.06,0.62,31.4,6.6,0,1,4,5,0,0,0,0,0,0,0,0,0,0.0,0,35,9,11.1,33,15,11,1,26,18,6,0,0,0,0.0,2,4,0,0,0,486,285,90,113,23494,3646,845,19003,PHI,Metropolitan,Eastern
2025-2026,20251121,25,MIN,56469,Danila Yurov,ROSTER,21.0,"6'1""",178.0,Russia,Chelyabinsk,False,RW,16,2,3,5,0.81,0.19,0.12,0.31,9.3,0.0,0,0,0,0,0,0,0,1,0,0,0,0,0,0.0,-3,29,13,15.4,5,9,7,11,14,9,4,98,39,59,39.8,0,0,2,6,0,205,165,19,23,9911,1286,82,8543,MIN,Central,Western
2025-2026,20251121,11,BOS,5601,Pavel Zacha,ROSTER,28.0,"6'3""",210.0,Czech Republic,Brno,False,C,22,5,12,17,1.55,0.55,0.23,0.77,20.7,24.7,1,2,8,10,0,0,0,1,0,1,0,0,0,0.0,-1,61,34,14.7,11,7,20,25,9,19,6,245,131,114,53.5,7,16,1,2,0,473,210,163,105,23318,5117,2566,15635,BOS,Atlantic,Eastern
2025-2026,20251121,11,BOS,5270,Nikita Zadorov,ROSTER,30.0,"6'6""",235.0,Russia,Moscow,False,D,22,1,5,6,1.27,0.23,0.05,0.27,61.4,77.4,0,0,0,0,0,0,0,0,0,0,0,0,0,0.0,2,68,28,3.6,33,28,12,73,29,27,11,0,0,0,0.0,19,44,11,28,2,584,289,86,210,28149,4277,1986,21886,BOS,Atlantic,Eastern
2025-2026,20251121,6,PHI,21853,Egor Zamula,ROSTER,25.0,"6'3""",170.0,Russia,Chelyabinsk,True,D,8,0,1,1,0.62,0.12,0.0,0.12,9.8,3.3,0,0,0,0,0,0,0,0,0,0,0,0,0,0.0,0,11,5,0.0,10,6,0,1,12,5,1,0,0,0,0.0,1,2,0,0,0,149,90,15,44,6441,1157,126,5158,PHI,Metropolitan,Eastern
2025-2026,20251121,23,CGY,28538,Connor Zary,ROSTER,24.0,"6'0""",178.0,Canada,"Saskatoon, SK",True,C,20,1,1,2,1.25,0.05,0.05,0.1,10.5,16.4,0,1,0,1,0,0,0,0,0,0,1,0,0,0.0,-3,48,25,4.0,5,9,14,14,12,8,4,81,32,49,39.5,5,10,7,14,0,347,210,82,56,16068,2782,1099,12187,CGY,Pacific,Western
2025-2026,20251121,6,PHI,25981,Trevor Zegras,ROSTER,24.0,"6'1""",185.0,USA,"Bedford, NY",True,C,19,6,14,20,2.26,0.74,0.32,1.05,9.0,26.5,2,2,5,7,0,0,0,0,0,0,3,0,3,100.0,0,92,43,14.0,6,25,24,8,19,19,5,81,31,50,38.3,6,20,5,10,0,414,266,71,86,21118,3443,885,16869,PHI,Metropolitan,Eastern
2025-2026,20251121,29,ANA,32258,Olen Zellweger,ROSTER,22.0,"5'10""",175.0,Canada,"Calgary, AB",True,D,21,2,4,6,2.05,0.19,0.1,0.29,28.5,19.7,0,1,1,2,0,0,0,1,0,1,0,0,0,0.0,10,97,43,4.7,26,31,23,10,53,17,4,0,0,0,0.0,6,12,7,14,0,490,345,55,93,24174,3529,543,20103,ANA,Pacific,Western
2025-2026,20251121,13,OTT,18106,Fabian Zetterlund,ROSTER,26.0,"5'11""",196.0,Sweden,Karlstad,False,LW,20,1,3,4,1.4,0.15,0.05,0.2,22.1,9.8,0,1,0,1,0,0,0,0,0,0,0,0,0,0.0,-2,59,28,3.6,8,15,16,35,26,10,2,5,1,4,20.0,3,6,6,12,0,401,194,72,136,17030,2494,740,13796,OTT,Atlantic,Eastern
2025-2026,20251121,9,NYR,5000,Mika Zibanejad,ROSTER,32.0,"6'2""",208.0,Sweden,Stockholm,False,C,22,7,7,14,3.09,0.32,0.32,0.64,28.4,6.6,2,4,3,7,1,0,1,1,0,0,0,0,0,0.0,-11,116,68,10.3,17,18,34,30,8,29,9,288,154,134,53.5,2,4,2,4,0,558,275,121,153,27368,6479,1574,18517,NYR,Metropolitan,Eastern
2025-2026,20251121,13,OTT,28480,Artem Zub,ROSTER,30.0,"6'2""",202.0,Russia,Khabarovsk,True,D,20,2,8,10,1.25,0.4,0.1,0.5,39.0,23.0,0,0,0,0,0,0,0,0,0,0,0,0,0,0.0,4,56,25,8.0,30,17,14,26,23,20,4,0,0,0,0.0,7,14,0,0,0,541,414,88,41,23910,3964,1131,18815,OTT,Atlantic,Eastern
2025-2026,20251121,25,MIN,4927,Mats Zuccarello,ROSTER,38.0,"5'8""",178.0,Norway,Oslo,False,RW,6,1,5,6,1.67,0.83,0.17,1.0,3.6,3.3,0,0,2,2,0,0,0,0,0,0,1,0,0,0.0,0,23,10,10.0,3,8,5,2,6,6,0,7,3,4,42.9,1,2,1,2,0,114,56,44,15,6768,2046,492,4230,MIN,Central,Western
2025-2026,20251121,15,BUF,5093,Jason Zucker,ROSTER,33.0,"5'11""",192.0,USA,"Newport Beach, CA",False,LW,12,4,3,7,2.25,0.25,0.33,0.58,7.2,6.6,1,2,2,4,0,0,0,1,0,0,0,0,0,0.0,-7,43,27,14.8,1,7,9,15,8,10,2,30,11,19,36.7,2,4,3,6,0,222,121,52,53,10606,3658,626,6322,BUF,Atlantic,Eastern
