SEASON_ID,SNAPSHOT_DATE,TEAM_ID,TEAM_ABBR,PLAYER_ID,NAME,STATUS,AGE,HEIGHT,WEIGHT,BIRTH_COUNTRY,BIRTH_CITY,ROOKIE,POSITION,GAMES_PLAYED,GOALS,ASSISTS,POINTS,SOGPG,APG,GPG,PGP,DEF_WALL,PHYSICAL,HAT_TRICKS,PP_GOALS,PP_ASSISTS,PP_POINTS,SH_GOALS,SH_ASSISTS,SH_POINTS,GW_GOALS,GT_GOALS,OT_GOALS,SO_ATTEMPTS,SO_MISSES,SO_GOALS,SO_GOAL_PCT,PLUS_MINUS,SHOT_ATTEMPTS,SHOTS_ON_GOAL,SHOT_PCT,BLOCKED_SHOTS,BLOCKED_SHOTS_AGAINST,MISSED_SHOTS,HITS,HITS_RECEIVED,GIVEAWAYS,TAKEAWAYS,FACEOFFS,FACEOFF_WINS,FACEOFF_LOSSES,FACEOFF_PCT,PENALTIES,PIM,PENALTIES_DRAWN,PENALTY_MIN_DRAWN,FIGHTS,SHIFTS,EVEN_STR_SHIFTS,PP_SHIFTS,SH_SHIFTS,TIME_ON_ICE,EVENT_TOI,PP_TOI,SH_TOI,TEAM_ABBR_CANON,division,conference
2025-2026,20251114,6,PHI,18056,Rodrigo Abols,ROSTER,29.0,"6'4""",206.0,Latvia,Riga,False,C,11,0,0,0,1.09,0.0,0.0,0.0,9.5,12.8,0,0,0,0,0,0,0,0,0,0,0,0,0,0.0,-4,26,12,0.0,4,7,7,10,8,4,3,54,32,22,59.3,1,5,2,7,1,137,85,28,24,5872,787,429,4656,PHI,Metropolitan,Eastern
2025-2026,20251114,10,PIT,5927,Noel Acciari,ROSTER,33.0,"5'10""",203.0,USA,"Johnston, RI",False,C,13,0,3,3,0.85,0.23,0.0,0.23,20.2,15.4,0,0,0,0,0,0,0,0,0,0,0,0,0,0.0,3,18,11,0.0,10,4,4,18,20,1,2,87,53,34,60.9,2,12,0,0,0,241,114,45,75,10088,1686,479,7651,PIT,Metropolitan,Eastern
2025-2026,20251114,30,UTA,5234,Andrew Agozzino,ASSIGNED_TO_MINORS,34.0,"5'10""",187.0,Canada,"Kleinburg, ON",False,LW,2,0,0,0,0.0,0.0,0.0,0.0,3.1,0.0,0,0,0,0,0,0,0,0,0,0,0,0,0,0.0,0,1,0,0.0,1,0,1,4,1,1,1,7,3,4,42.9,0,0,1,2,0,20,12,4,4,736,91,0,645,UTA,Central,Western
2025-2026,20251114,22,COL,28441,Jack Ahcan,ASSIGNED_TO_MINORS,28.0,"5'8""",185.0,USA,"Savage, MN",True,D,6,0,1,1,0.33,0.17,0.0,0.17,7.0,0.0,0,0,0,0,0,0,0,0,0,0,0,0,0,0.0,4,8,2,0.0,4,4,2,5,8,2,0,0,0,0,0.0,0,0,0,0,0,92,63,13,16,4088,487,254,3347,COL,Central,Western
2025-2026,20251114,3,CAR,5630,Sebastian Aho,ROSTER,28.0,"6'0""",176.0,Finland,Rauma,False,C,16,6,10,16,2.31,0.62,0.38,1.0,17.4,8.0,2,1,3,4,0,0,0,0,0,0,0,0,0,0.0,2,77,37,16.2,7,13,27,19,10,21,8,264,120,144,45.5,2,4,5,10,0,368,166,65,143,19173,3911,1050,14212,CAR,Metropolitan,Eastern
2025-2026,20251114,13,OTT,12009,Michael Amadio,ROSTER,29.0,"6'1""",204.0,Canada,"Sault Ste. Marie, ON",False,RW,18,6,3,9,1.11,0.17,0.33,0.5,27.1,4.0,2,0,0,0,0,0,0,0,0,0,0,0,0,0.0,2,40,20,30.0,13,7,13,25,22,15,11,5,3,2,60.0,1,2,3,6,0,387,187,95,111,16133,2955,1306,11872,OTT,Atlantic,Eastern
2025-2026,20251114,21,VAN,39762,Nils Aman,ASSIGNED_TO_MINORS,25.0,"6'2""",179.0,Sweden,Avesta,True,C,2,0,0,0,0.5,0.0,0.0,0.0,2.1,0.0,0,0,0,0,0,0,0,0,0,0,0,0,0,0.0,0,3,1,0.0,1,2,0,2,1,1,0,2,1,1,50.0,0,0,0,0,0,23,19,1,3,1039,48,31,960,VAN,Pacific,Western
2025-2026,20251114,14,MTL,5513,Josh Anderson,ROSTER,31.0,"6'3""",227.0,Canada,"Burlington, ON",False,RW,17,2,2,4,1.0,0.12,0.12,0.24,23.3,16.0,0,0,0,0,0,0,0,0,0,0,0,0,0,0.0,-9,32,17,11.8,10,5,10,24,8,7,1,8,6,2,75.0,4,8,5,10,0,318,149,85,86,15173,2436,1505,11232,MTL,Atlantic,Eastern
2025-2026,20251114,28,LAK,18073,Michael Anderson,ROSTER,26.0,"5'11""",194.0,USA,"Roseville, MN",False,D,18,1,3,4,0.56,0.17,0.06,0.22,41.2,4.0,0,0,0,0,0,0,0,0,0,0,0,0,0,0.0,6,37,10,10.0,28,19,8,20,32,13,2,0,0,0,0.0,1,2,5,10,0,423,241,80,103,21192,2925,1328,16939,LAK,Pacific,Western
2025-2026,20251114,23,CGY,5647,Rasmus Andersson,ROSTER,29.0,"6'1""",214.0,Sweden,Malmö,False,D,19,3,3,6,2.32,0.16,0.16,0.32,38.4,36.0,1,1,1,2,0,0,0,0,0,0,1,0,0,0.0,-1,102,44,6.8,30,33,25,10,31,31,3,0,0,0,0.0,9,18,8,16,0,641,284,136,224,27548,4003,1880,21665,CGY,Pacific,Western
2025-2026,20251114,6,PHI,38011,Emil Andrae,ROSTER,23.0,"5'8""",181.0,Sweden,Västervik,True,D,6,0,0,0,1.0,0.0,0.0,0.0,3.6,4.0,0,0,0,0,0,0,0,0,0,0,0,0,0,0.0,0,8,6,0.0,1,2,0,5,15,3,2,0,0,0,0.0,1,2,0,0,0,105,84,7,14,4318,299,114,3905,PHI,Metropolitan,Eastern
2025-2026,20251114,16,DET,5763,Mason Appleton,ROSTER,29.0,"6'2""",193.0,USA,"Green Bay, WI",False,C,17,3,4,7,1.0,0.24,0.18,0.41,22.3,15.4,1,0,0,0,0,0,0,1,0,0,0,0,0,0.0,-2,25,17,17.6,11,2,6,20,15,13,0,5,2,3,40.0,2,12,2,4,0,330,174,52,107,14405,2006,519,11880,DET,Atlantic,Eastern
2025-2026,20251114,28,LAK,5505,Joel Armia,ROSTER,32.0,"6'4""",218.0,Finland,Pori,False,RW,18,3,5,8,1.06,0.28,0.17,0.44,18.6,20.0,1,0,0,0,0,0,0,0,0,0,1,0,0,0.0,3,46,19,15.8,9,12,15,17,16,13,6,6,3,3,50.0,5,10,2,4,0,338,145,98,98,15009,2562,1966,10481,LAK,Pacific,Western
2025-2026,20251114,11,BOS,5538,Viktor Arvidsson,ROSTER,32.0,"5'9""",180.0,Sweden,Skellefteå,False,LW,19,5,4,9,2.58,0.21,0.26,0.47,15.2,12.0,1,0,1,1,0,0,0,1,0,0,0,0,0,0.0,3,97,49,10.2,10,24,24,8,32,17,5,9,6,3,66.7,3,6,7,14,0,344,178,84,88,16666,3409,857,12400,BOS,Atlantic,Eastern
2025-2026,20251114,11,BOS,15191,Jonathan Aspirot,ROSTER,26.0,"6'0""",209.0,Canada,"Mascouche, QC",False,D,6,0,0,0,0.67,0.0,0.0,0.0,18.2,0.0,0,0,0,0,0,0,0,0,0,0,0,0,0,0.0,1,9,4,0.0,10,4,1,14,16,8,0,0,0,0,0.0,0,0,0,0,0,125,84,26,15,5440,827,391,4222,BOS,Atlantic,Eastern
2025-2026,20251114,19,CBJ,12287,Zach Aston-Reese,ROSTER,31.0,"6'0""",204.0,USA,"Staten Island, NY",False,C,11,0,3,3,0.91,0.27,0.0,0.27,19.7,8.0,0,0,0,0,0,0,0,0,0,0,0,0,0,0.0,0,14,10,0.0,5,0,4,28,8,6,1,12,1,11,8.3,2,4,3,6,0,167,88,31,45,6697,1097,337,5128,CBJ,Metropolitan,Eastern
2025-2026,20251114,27,DAL,34436,Oskar Back,ROSTER,25.0,"6'3""",200.0,Sweden,Karlstad,True,C,8,1,1,2,0.25,0.12,0.12,0.25,6.5,0.0,0,0,0,0,0,0,0,0,0,0,0,0,0,0.0,2,5,2,50.0,4,3,0,4,17,7,1,7,4,3,57.1,0,0,2,4,0,137,76,31,29,6084,1321,51,4615,DAL,Central,Western
2025-2026,20251114,23,CGY,4609,Mikael Backlund,ROSTER,36.0,"6'0""",200.0,Sweden,Vasteras,False,C,19,3,6,9,2.47,0.32,0.16,0.47,12.6,8.0,1,0,0,0,0,1,1,0,0,0,0,0,0,0.0,1,78,47,6.4,5,16,15,14,11,14,7,337,172,165,51.0,2,4,4,8,0,448,227,108,116,18818,5057,881,12880,CGY,Pacific,Western
2025-2026,20251114,23,CGY,14578,Kevin Bahl,ROSTER,25.0,"6'6""",216.0,Canada,"New Westminster, BC",True,D,18,1,2,3,0.78,0.11,0.06,0.17,38.2,28.0,0,0,0,0,0,0,0,1,0,0,0,0,0,0.0,7,38,14,7.1,28,14,10,14,20,24,12,0,0,0,0.0,7,14,3,6,0,551,357,100,95,22882,1424,1231,20227,CGY,Pacific,Western
2025-2026,20251114,21,VAN,38470,Arshdeep Bains,ROSTER,24.0,"6'0""",185.0,Canada,"Surrey, BC",True,LW,18,0,3,3,0.72,0.17,0.0,0.17,11.9,16.0,0,0,1,1,0,0,0,0,0,0,0,0,0,0.0,-2,19,13,0.0,3,4,2,17,12,6,4,11,2,9,18.2,4,8,0,0,0,245,168,23,54,10281,711,92,9479,VAN,Pacific,Western
2025-2026,20251114,4,FLO,120218,Uvis Balinskis,ROSTER,29.0,"6'0""",187.0,Latvia,Ventspils,True,D,9,0,0,0,0.56,0.0,0.0,0.0,14.0,4.0,0,0,0,0,0,0,0,0,0,0,0,0,0,0.0,-2,13,5,0.0,8,6,2,10,8,6,6,0,0,0,0.0,1,2,2,4,0,163,135,15,13,7257,1104,126,6027,FLA,,
2025-2026,20251114,142,VGK,11708,Ivan Barbashev,ROSTER,29.0,"6'0""",187.0,Russia,Moscow,False,LW,16,7,9,16,1.69,0.56,0.44,1.0,20.9,4.0,2,0,0,0,0,0,0,1,0,0,0,0,0,0.0,7,49,27,25.9,7,10,12,26,16,17,3,5,0,5,0.0,1,2,4,8,0,312,159,104,56,15301,3419,1042,10859,VGK,Pacific,Western
2025-2026,20251114,22,COL,56519,Zakhar Bardakov,ROSTER,24.0,"6'2""",198.0,Russia,Seversk,False,C,13,1,3,4,0.77,0.23,0.08,0.31,8.9,0.0,0,0,0,0,0,0,0,0,0,0,0,0,0,0.0,3,19,10,10.0,3,3,6,11,6,8,2,68,28,40,41.2,0,0,3,6,0,123,76,14,34,5023,410,127,4486,COL,Central,Western
2025-2026,20251114,18,NSH,30074,Justin Barron,ROSTER,23.0,"6'2""",195.0,Canada,"Halifax, NS",True,D,17,0,4,4,0.71,0.24,0.0,0.24,31.0,8.0,0,0,0,0,0,0,0,0,0,0,0,0,0,0.0,0,39,12,0.0,22,17,10,13,30,24,1,0,0,0,0.0,2,4,1,2,0,359,255,60,44,15866,2817,516,12533,NSH,Central,Western
2025-2026,20251114,2,WPJ,28496,Morgan Barron,ROSTER,26.0,"6'4""",220.0,Canada,"Halifax, NS",True,C,12,3,3,6,1.25,0.25,0.25,0.5,17.9,8.0,1,0,0,0,1,0,1,1,0,0,0,0,0,0.0,2,30,15,20.0,7,4,11,20,12,7,3,145,79,66,54.5,2,4,3,6,0,225,116,68,44,9031,1662,1193,6176,WPG,,
2025-2026,20251114,8,NYI,5611,Mathew Barzal,ROSTER,28.0,"6'0""",187.0,Canada,"Coquitlam, BC",False,C,16,5,9,14,2.19,0.56,0.31,0.88,18.1,28.0,1,0,3,3,0,0,0,1,0,1,0,0,0,0.0,9,63,35,14.3,14,12,16,5,9,17,5,126,43,83,34.1,7,14,1,2,0,346,177,134,41,19940,3763,4398,11779,NYI,Metropolitan,Eastern
2025-2026,20251114,27,DAL,15468,Nathan Bastian,ROSTER,27.0,"6'4""",205.0,Canada,"Kitchener, ON",False,RW,14,1,0,1,0.64,0.0,0.07,0.07,20.6,16.0,0,0,0,0,0,0,0,0,0,0,0,0,0,0.0,2,13,9,11.1,4,4,0,32,14,1,0,0,0,0,0.0,4,8,1,2,0,152,102,26,25,6314,1453,512,4349,DAL,Central,Western
2025-2026,20251114,13,OTT,15394,Drake Batherson,ROSTER,27.0,"6'3""",203.0,USA,"Fort Wayne, IN",False,RW,15,6,12,18,2.13,0.8,0.4,1.2,18.7,12.0,2,2,3,5,0,0,0,1,0,0,2,1,1,50.0,5,56,32,18.8,5,11,13,26,11,11,7,1,1,0,100.0,3,6,5,10,0,358,185,55,125,15748,2654,813,12437,OTT,Atlantic,Eastern
2025-2026,20251114,23,CGY,9639,Jake Bean,ROSTER,27.0,"6'1""",186.0,Canada,"Calgary, AB",False,D,11,0,1,1,1.18,0.09,0.0,0.09,22.6,8.0,0,0,0,0,0,0,0,0,0,0,0,0,0,0.0,-6,35,13,0.0,19,16,6,3,11,12,4,0,0,0,0.0,2,4,0,0,0,269,179,31,59,10840,937,555,9348,CGY,Pacific,Western
2025-2026,20251114,5,WSH,5623,Anthony Beauvillier,ROSTER,28.0,"5'11""",182.0,Canada,"Sorel-Tracy, QC",False,LW,17,3,2,5,2.41,0.12,0.18,0.29,13.6,4.0,1,0,0,0,0,0,0,1,0,0,1,0,0,0.0,6,68,41,7.3,4,13,14,18,17,11,2,3,1,2,33.3,1,2,1,2,0,321,178,83,61,14974,2275,1656,10946,WSH,Metropolitan,Eastern
2025-2026,20251114,14,MTL,53067,Owen Beck,ASSIGNED_TO_MINORS,21.0,"6'0""",191.0,Canada,"Peterborough, ON",True,C,2,0,0,0,0.5,0.0,0.0,0.0,1.1,0.0,0,0,0,0,0,0,0,0,0,0,0,0,0,0.0,-1,4,1,0.0,1,1,2,0,3,0,0,12,7,5,58.3,0,0,0,0,0,24,20,3,1,1003,346,8,649,MTL,Atlantic,Eastern
2025-2026,20251114,20,CHI,111625,Connor Bedard,ROSTER,20.0,"5'10""",185.0,Canada,"North Vancouver, BC",True,C,17,10,16,26,3.18,0.94,0.59,1.53,10.3,30.2,3,4,5,9,0,0,0,1,0,0,1,0,0,0.0,8,102,54,18.5,7,18,30,5,23,22,8,158,74,84,46.8,8,14,7,16,0,401,313,46,47,21613,3599,123,17590,CHI,Central,Western
2025-2026,20251114,11,BOS,38020,John Beecher,ROSTER,24.0,"6'3""",210.0,USA,"Elmira, NY",True,C,6,1,0,1,1.0,0.0,0.17,0.17,8.0,0.0,0,0,0,0,0,0,0,0,0,0,0,0,0,0.0,-1,10,6,16.7,4,3,1,7,5,1,0,3,0,3,0.0,0,0,0,0,0,90,59,18,14,3746,782,216,2748,BOS,Atlantic,Eastern
2025-2026,20251114,143,SEA,37968,Matty Beniers,ROSTER,23.0,"6'2""",175.0,USA,"Hingham, MA",True,C,17,2,9,11,1.47,0.53,0.12,0.65,18.0,12.0,0,2,1,3,0,0,0,1,0,0,0,0,0,0.0,4,73,25,8.0,13,19,29,7,27,22,2,243,111,132,45.7,3,6,7,14,0,410,257,82,65,20844,4044,631,15888,SEA,Pacific,Western
2025-2026,20251114,4,FLO,5415,Sam Bennett,ROSTER,29.0,"6'1""",195.0,Canada,"Holland Landing, ON",False,C,17,3,2,5,1.88,0.12,0.18,0.29,22.4,28.0,1,1,1,2,0,0,0,0,0,0,0,0,0,0.0,-7,76,32,9.4,6,21,23,31,8,13,6,221,113,108,51.1,7,14,5,10,0,357,167,134,59,17084,3633,2730,10721,FLA,,
2025-2026,20251114,12,TOR,15129,Simon Benoit,ROSTER,27.0,"6'3""",208.0,Canada,"Laval, QC",False,D,17,0,2,2,0.71,0.12,0.0,0.12,53.0,36.8,0,0,0,0,0,0,0,0,0,0,0,0,0,0.0,-2,37,12,0.0,29,19,6,41,29,17,5,0,0,0,0.0,7,17,5,13,1,432,287,68,77,17454,2422,1791,13241,TOR,Atlantic,Eastern
2025-2026,20251114,15,BUF,111755,Zach Benson,INJURY_LIST,20.0,"5'10""",159.0,Canada,"Langley, BC",True,LW,8,0,8,8,2.0,1.0,0.0,1.0,8.7,12.0,0,0,3,3,0,1,1,0,0,0,0,0,0,0.0,3,24,16,0.0,6,4,4,4,12,7,5,3,2,1,66.7,3,6,1,2,0,185,150,23,12,9137,2505,424,6208,BUF,Atlantic,Eastern
2025-2026,20251114,16,DET,14556,Jonatan Berggren,ROSTER,25.0,"5'10""",183.0,Sweden,Uppsala,True,RW,11,2,4,6,1.73,0.36,0.18,0.55,5.3,8.0,0,1,0,1,0,0,0,0,0,0,0,0,0,0.0,-3,35,19,10.5,2,11,5,6,11,12,1,0,0,0,0.0,2,4,4,8,0,188,105,48,37,8430,1500,908,6022,DET,Atlantic,Eastern
2025-2026,20251114,16,DET,14549,Jacob Bernard-Docker,ROSTER,25.0,"6'1""",190.0,Canada,"Canmore, AB",False,D,9,0,1,1,1.11,0.11,0.0,0.11,10.7,4.0,0,0,0,0,0,0,0,0,0,0,0,0,0,0.0,4,23,10,0.0,6,10,3,8,23,8,2,0,0,0,0.0,1,2,1,2,0,163,95,21,47,6940,555,243,6142,DET,Atlantic,Eastern
2025-2026,20251114,20,CHI,10178,Tyler Bertuzzi,ROSTER,30.0,"6'1""",199.0,Canada,"Sudbury, ON",False,LW,16,9,6,15,2.25,0.38,0.56,0.94,9.7,35.5,3,5,3,8,0,0,0,1,0,0,0,0,0,0.0,1,59,36,25.0,1,9,14,17,20,13,3,35,18,17,51.4,7,22,7,14,0,339,172,102,69,16863,4843,1653,10142,CHI,Central,Western
2025-2026,20251114,27,DAL,56392,Lian Bichsel,ROSTER,21.0,"6'6""",225.0,Switzerland,Wolfwil,False,D,18,0,2,2,0.39,0.11,0.0,0.11,51.6,32.0,0,0,0,0,0,0,0,0,0,0,0,0,0,0.0,4,23,7,0.0,20,11,5,58,50,17,1,0,0,0,0.0,8,16,5,10,0,321,248,29,43,15651,2681,300,12606,DAL,Central,Western
2025-2026,20251114,1,TBL,8913,Oliver Bjorkstrand,ROSTER,30.0,"6'0""",177.0,Denmark,Herning,False,RW,16,1,5,6,1.75,0.31,0.06,0.38,17.1,4.0,0,1,1,2,0,0,0,0,0,0,0,0,0,0.0,-1,72,28,3.6,9,23,21,14,24,13,2,8,4,4,50.0,1,2,1,2,0,286,137,97,53,13863,3244,1818,8801,TBL,Atlantic,Eastern
2025-2026,20251114,17,STL,5201,Nick Bjugstad,ROSTER,33.0,"6'6""",215.0,USA,"Minneapolis, MN",False,C,17,4,1,5,1.71,0.06,0.24,0.29,30.1,16.0,1,0,0,0,0,0,0,0,0,0,0,0,0,0.0,-1,45,29,13.8,13,7,9,31,5,2,2,108,53,55,49.1,4,8,4,8,0,276,142,72,66,11329,2190,1007,8132,STL,Central,Western
2025-2026,20251114,27,DAL,15469,Colin Blackwell,ROSTER,32.0,"5'9""",190.0,USA,"North Andover, MA",False,C,18,1,3,4,0.61,0.17,0.06,0.22,26.2,16.0,0,0,0,0,0,0,0,0,0,0,0,0,0,0.0,1,23,11,9.1,9,6,6,32,16,12,1,65,23,42,35.4,4,8,2,4,0,290,153,72,64,12649,2916,735,8906,DAL,Central,Western
2025-2026,20251114,12,TOR,11712,Sammy Blais,ROSTER,29.0,"6'2""",205.0,Canada,"Montmagny, QC",False,LW,6,1,1,2,1.17,0.17,0.17,0.33,16.1,8.0,0,0,0,0,0,0,0,0,0,0,0,0,0,0.0,-2,9,7,14.3,4,1,1,23,5,2,1,0,0,0,0.0,2,4,1,2,0,73,45,24,5,3007,672,474,1861,TOR,Atlantic,Eastern
2025-2026,20251114,3,CAR,56345,Jackson Blake,ROSTER,22.0,"5'10""",158.0,USA,"Eden Prairie, MN",False,RW,16,4,8,12,2.69,0.5,0.25,0.75,7.1,24.0,1,0,2,2,0,0,0,0,0,0,1,0,0,0.0,4,77,43,9.3,5,8,26,3,29,21,7,1,0,1,0.0,6,12,8,16,0,297,217,46,38,15273,3294,755,11224,CAR,Metropolitan,Eastern
2025-2026,20251114,18,NSH,39055,Nick Blankenburg,ROSTER,27.0,"5'9""",175.0,USA,"Washington, MI",True,D,8,1,5,6,2.0,0.62,0.12,0.75,10.7,0.0,0,1,1,2,0,0,0,0,0,0,0,0,0,0.0,-4,39,16,6.2,6,17,6,8,17,9,2,0,0,0,0.0,0,0,1,2,0,182,154,17,13,9737,2460,156,7122,NSH,Central,Western
2025-2026,20251114,21,VAN,15472,Theodor Blueger,ROSTER,31.0,"6'0""",185.0,Latvia,Riga,False,C,2,1,0,1,1.0,0.0,0.5,0.5,4.9,0.0,0,0,0,0,0,0,0,1,0,0,0,0,0,0.0,0,2,2,50.0,3,0,0,3,0,1,0,26,9,17,34.6,0,0,0,0,0,44,21,8,16,1899,363,216,1320,VAN,Pacific,Western
2025-2026,20251114,21,VAN,5618,Brock Boeser,ROSTER,28.0,"6'1""",208.0,USA,"Burnsville, MN",False,RW,16,8,4,12,2.44,0.25,0.5,0.75,10.0,0.0,2,1,2,3,0,0,0,2,0,1,1,0,1,100.0,-3,67,39,20.5,4,12,16,11,5,7,1,29,13,16,44.8,0,0,1,2,0,319,148,67,113,17519,3099,967,13464,VAN,Pacific,Western
2025-2026,20251114,25,MIN,4480,Zach Bogosian,ROSTER,35.0,"6'3""",226.0,USA,"Massena, NY",False,D,5,0,0,0,1.0,0.0,0.0,0.0,13.0,0.0,0,0,0,0,0,0,0,0,0,0,0,0,0,0.0,3,7,5,0.0,9,1,1,6,4,2,1,0,0,0,0.0,0,0,1,2,0,79,49,9,21,4163,911,58,3194,MIN,Central,Western
2025-2026,20251114,14,MTL,33083,Zachary Bolduc,ROSTER,22.0,"6'1""",175.0,Canada,"Trois-Rivière, QC",True,RW,17,4,2,6,1.35,0.12,0.24,0.35,22.4,20.0,1,2,1,3,0,0,0,0,0,0,0,0,0,0.0,-3,51,23,17.4,6,15,13,31,22,14,2,11,7,4,63.6,5,10,4,8,0,278,193,46,43,13689,2598,398,10693,MTL,Atlantic,Eastern
2025-2026,20251114,25,MIN,30015,Matthew Boldy,ROSTER,24.0,"6'2""",196.0,USA,"Milford, MA",True,LW,18,9,9,18,3.33,0.5,0.5,1.0,16.7,12.0,3,5,4,9,0,0,0,1,0,0,1,0,0,0.0,-2,137,60,15.0,10,37,40,11,21,21,3,30,12,18,40.0,3,6,7,14,0,361,210,92,67,22836,5554,858,16424,MIN,Central,Western
2025-2026,20251114,8,NYI,14531,Adam Boqvist,ROSTER,25.0,"5'11""",179.0,Sweden,Falun,False,D,5,0,0,0,0.2,0.0,0.0,0.0,5.0,0.0,0,0,0,0,0,0,0,0,0,0,0,0,0,0.0,2,7,1,0.0,4,5,1,1,4,2,0,0,0,0,0.0,0,0,0,0,0,83,52,22,9,3807,419,542,2846,NYI,Metropolitan,Eastern
2025-2026,20251114,4,FLO,17176,Jesper Boqvist,ROSTER,27.0,"6'0""",180.0,Sweden,Falun,False,C,17,2,1,3,0.94,0.06,0.12,0.18,30.2,8.0,0,0,0,0,0,0,0,1,0,0,0,0,0,0.0,1,34,16,12.5,8,7,11,42,15,10,0,28,11,17,39.3,2,4,3,6,0,297,156,78,65,11859,1816,998,9045,FLA,,
2025-2026,20251114,9,NYR,15692,William Borgen,ROSTER,28.0,"6'3""",196.0,USA,"Moorhead, MN",False,D,18,1,2,3,0.83,0.11,0.06,0.17,36.6,16.0,0,0,0,0,0,0,0,1,0,0,0,0,0,0.0,4,43,15,6.7,22,18,10,24,34,14,6,0,0,0,0.0,4,8,2,4,0,457,257,84,103,20215,1918,1322,16188,NYR,Metropolitan,Eastern
2025-2026,20251114,24,EDM,14533,Evan Bouchard,ROSTER,26.0,"6'3""",194.0,Canada,"Oakville, ON",False,D,19,3,12,15,2.79,0.63,0.16,0.79,32.4,20.0,1,1,3,4,0,0,0,1,0,1,1,0,0,0.0,-7,111,53,5.7,26,39,19,7,17,27,13,0,0,0,0.0,5,10,4,8,0,471,272,117,72,26938,6026,2100,18182,EDM,Pacific,Western
2025-2026,20251114,27,DAL,34435,Mavrik Bourque,ROSTER,23.0,"5'10""",178.0,Canada,"Plessisville, QC",True,C,18,2,4,6,1.67,0.22,0.11,0.33,15.2,4.0,0,0,2,2,0,0,0,0,0,0,0,0,0,0.0,-5,47,30,6.7,10,5,12,8,20,6,1,24,9,15,37.5,1,2,3,6,0,332,214,62,57,15540,2531,717,12242,DAL,Central,Western
2025-2026,20251114,142,VGK,184007,Braeden Bowman,ROSTER,22.0,"6'1""",205.0,Canada,"Kitchener, ON",True,RW,1,0,0,0,4.0,0.0,0.0,0.0,0.0,0.0,0,0,0,0,0,0,0,0,0,0,0,0,0,0.0,0,6,4,0.0,0,1,1,0,0,0,0,0,0,0,0.0,0,0,0,0,0,17,14,3,0,1005,236,93,676,VGK,Pacific,Western
2025-2026,20251114,16,DET,142440,Michael Brandsegg-Nygård,ASSIGNED_TO_MINORS,,,,,,False,RW,9,0,1,1,1.56,0.11,0.0,0.11,17.5,4.0,0,0,0,0,0,0,0,0,0,0,0,0,0,0.0,-5,35,14,0.0,3,13,8,28,17,10,2,0,0,0,0.0,1,2,1,2,0,158,132,24,2,6723,821,31,5871,DET,Atlantic,Eastern
2025-2026,20251114,7,NJD,13722,Jesper Bratt,ROSTER,27.0,"5'10""",175.0,Sweden,Stockholm,False,LW,17,5,11,16,1.88,0.65,0.29,0.94,16.2,12.0,1,1,4,5,1,0,1,2,0,1,1,0,1,100.0,0,62,32,15.6,5,14,16,21,12,18,11,0,0,0,0.0,3,6,2,4,0,378,209,76,99,18295,3296,1154,13947,NJD,Metropolitan,Eastern
2025-2026,20251114,10,PIT,53189,Justin Brazeau,ROSTER,27.0,"6'5""",220.0,Canada,"New Liskeard, ON",True,RW,12,6,6,12,1.83,0.5,0.5,1.0,21.9,0.0,2,1,1,2,0,0,0,2,0,0,0,0,0,0.0,3,33,22,27.3,12,4,10,17,11,13,1,0,0,0,0.0,0,0,1,2,0,212,127,72,12,9702,1946,1616,5862,PIT,Metropolitan,Eastern
2025-2026,20251114,22,COL,133825,Gavin Brindley,ROSTER,21.0,"5'9""",175.0,USA,"Fort Myers, FL",True,C,16,4,3,7,1.25,0.19,0.25,0.44,12.5,8.0,1,0,0,0,0,0,0,2,0,1,0,0,0,0.0,3,36,20,20.0,4,8,8,16,22,6,3,5,2,3,40.0,2,4,5,10,0,217,164,37,20,8997,1598,124,7275,COL,Central,Western
2025-2026,20251114,6,PHI,38019,Bobby Brink,ROSTER,24.0,"5'8""",165.0,USA,"Minnetonka, MN",True,RW,16,5,4,9,1.88,0.25,0.31,0.56,17.8,20.0,1,2,2,4,0,0,0,0,0,0,2,0,1,50.0,-2,51,30,16.7,6,11,10,22,16,7,1,15,3,12,20.0,5,10,6,12,0,333,199,67,73,15747,2730,584,12827,PHI,Metropolitan,Eastern
2025-2026,20251114,17,STL,17150,Philip Broberg,ROSTER,24.0,"6'3""",200.0,Sweden,Orebro,True,D,17,1,5,6,1.53,0.29,0.06,0.35,28.0,4.0,0,0,0,0,0,0,0,0,0,0,0,0,0,0.0,-1,63,26,3.8,22,23,14,7,30,22,4,0,0,0,0.0,1,2,5,10,0,475,286,96,94,23092,3553,1353,18186,STL,Central,Western
2025-2026,20251114,25,MIN,5123,Jonas Brodin,ROSTER,32.0,"6'1""",194.0,Sweden,Karlstad,False,D,17,2,3,5,1.0,0.18,0.12,0.29,38.1,8.0,0,0,0,0,0,0,0,0,0,0,0,0,0,0.0,1,43,17,11.8,32,19,7,5,26,17,2,0,0,0,0.0,2,4,3,6,0,417,224,92,103,21920,3864,1781,16275,MIN,Central,Western
2025-2026,20251114,9,NYR,11807,Jonny Brodzinski,ROSTER,32.0,"6'1""",215.0,USA,"Ham Lake, MN",False,C,8,1,1,2,0.88,0.12,0.12,0.25,1.6,0.0,0,0,0,0,0,0,0,0,0,0,0,0,0,0.0,1,21,7,14.3,1,6,8,1,5,3,3,6,5,1,83.3,0,0,2,4,0,124,63,26,30,5110,774,374,3747,NYR,Metropolitan,Eastern
2025-2026,20251114,7,NJD,8916,Connor Brown,ROSTER,31.0,"6'0""",186.0,Canada,"Etobicoke, ON",False,RW,11,5,1,6,1.55,0.09,0.45,0.55,14.1,4.0,1,0,0,0,1,0,1,0,0,0,0,0,0,0.0,1,27,17,29.4,10,2,8,6,9,7,3,6,3,3,50.0,1,2,0,0,0,219,110,54,60,10412,1380,1073,7959,NJD,Metropolitan,Eastern
2025-2026,20251114,10,PIT,142708,Harrison Brunicke,ROSTER,,,,,,False,D,9,1,0,1,0.89,0.0,0.11,0.11,16.5,12.0,0,0,0,0,0,0,0,0,0,0,0,0,0,0.0,-4,22,8,12.5,13,7,7,4,18,14,1,0,0,0,0.0,3,6,2,4,0,171,135,14,19,8486,830,167,7234,PIT,Metropolitan,Eastern
2025-2026,20251114,15,BUF,17925,Jacob Bryson,ROSTER,27.0,"5'9""",185.0,Canada,"London, ON",False,D,8,0,1,1,0.12,0.12,0.0,0.12,5.0,8.0,0,0,0,0,0,0,0,0,0,0,0,0,0,0.0,-1,11,1,0.0,4,7,3,1,8,5,1,0,0,0,0.0,2,4,0,0,0,128,67,11,50,4985,670,147,4168,BUF,Atlantic,Eastern
2025-2026,20251114,17,STL,10075,Pavel Buchnevich,ROSTER,30.0,"6'3""",197.0,Russia,Cherepovets,False,LW,17,2,5,7,1.82,0.29,0.12,0.41,12.7,8.0,0,2,2,4,0,0,0,0,0,0,0,0,0,0.0,-9,61,31,6.5,6,15,15,12,11,17,3,11,4,7,36.4,2,4,4,8,0,388,178,133,79,18414,3641,1671,13102,STL,Central,Western
2025-2026,20251114,25,MIN,142488,Zeev Buium,ROSTER,,,,,,False,D,18,3,7,10,1.44,0.39,0.17,0.56,13.1,4.0,1,2,5,7,0,0,0,0,0,0,0,0,0,0.0,-10,55,26,11.5,10,18,11,4,25,21,3,0,0,0,0.0,1,2,3,6,0,353,292,46,17,20747,4029,254,16464,MIN,Central,Western
2025-2026,20251114,18,NSH,15430,Michael Bunting,ROSTER,30.0,"5'11""",197.0,Canada,"Toronto, ON",True,LW,18,4,6,10,1.17,0.33,0.22,0.56,10.2,12.0,1,0,3,3,0,0,0,0,0,0,1,1,0,0.0,-3,58,21,19.0,6,11,26,7,14,16,1,10,3,7,30.0,3,6,6,12,0,318,151,117,54,15460,3251,2320,9889,NSH,Central,Western
2025-2026,20251114,20,CHI,5451,Andre Burakovsky,ROSTER,30.0,"6'3""",201.0,Austria,Klagenfurt,False,LW,15,7,7,14,1.67,0.47,0.47,0.93,9.7,12.0,2,1,4,5,0,0,0,1,0,0,0,0,0,0.0,4,54,25,28.0,6,18,11,6,18,12,10,3,0,3,0.0,3,6,1,2,0,321,171,65,88,15669,3586,626,11232,CHI,Central,Western
2025-2026,20251114,22,COL,15,Brent Burns,ROSTER,40.0,"6'5""",230.0,Canada,"Ajax, ON",False,D,18,1,8,9,2.11,0.44,0.06,0.5,30.9,24.0,0,0,1,1,0,0,0,1,0,0,0,0,0,0.0,4,86,38,2.6,26,30,18,4,15,18,4,0,0,0,0.0,6,12,0,0,0,477,256,95,127,22009,5633,1368,15008,COL,Central,Western
2025-2026,20251114,28,LAK,19049,Quinton Byfield,ROSTER,23.0,"6'4""",215.0,Canada,"Newmarket, ON",True,RW,18,4,12,16,2.44,0.67,0.22,0.89,13.7,16.0,1,1,4,5,0,1,1,2,0,1,1,0,0,0.0,3,74,44,9.1,5,14,16,16,20,17,7,284,119,165,41.9,4,8,8,16,0,421,278,51,97,21570,2874,691,18005,LAK,Pacific,Western
2025-2026,20251114,15,BUF,21814,Bowen Byram,ROSTER,24.0,"6'0""",195.0,Canada,"Cranbrook, BC",True,D,17,2,5,7,1.29,0.29,0.12,0.41,32.1,20.0,0,0,2,2,0,0,0,0,0,0,1,0,1,100.0,-5,50,22,9.1,23,9,19,13,30,22,3,0,0,0,0.0,5,10,4,8,0,469,272,73,127,22605,2715,845,19086,BUF,Atlantic,Eastern
2025-2026,20251114,11,BOS,37956,Michael Callahan,ASSIGNED_TO_MINORS,26.0,"6'2""",197.0,USA,"Franklin, MA",True,D,3,0,0,0,0.67,0.0,0.0,0.0,8.2,0.0,0,0,0,0,0,0,0,0,0,0,0,0,0,0.0,-2,3,2,0.0,6,0,1,3,9,3,1,0,0,0,0.0,0,0,0,0,0,70,45,18,7,2961,777,279,1905,BOS,Atlantic,Eastern
2025-2026,20251114,27,DAL,5658,Kyle Capobianco,ROSTER,28.0,"6'1""",196.0,Canada,"Mississauga, ON",False,D,3,0,0,0,0.67,0.0,0.0,0.0,0.5,4.0,0,0,0,0,0,0,0,0,0,0,0,0,0,0.0,1,4,2,0.0,0,2,0,1,1,1,1,0,0,0,0.0,1,2,0,0,0,28,18,3,5,1151,493,24,557,DAL,Central,Western
2025-2026,20251114,30,UTA,16956,Michael Carcone,ROSTER,29.0,"5'10""",170.0,Canada,"Ajax, ON",False,LW,15,3,3,6,1.93,0.2,0.2,0.4,16.6,23.5,1,0,0,0,0,0,0,0,0,0,0,0,0,0.0,-1,60,29,10.3,4,14,17,24,17,6,1,1,0,1,0.0,4,16,2,4,0,245,144,70,34,9840,1676,969,7195,UTA,Central,Western
2025-2026,20251114,26,SJS,56619,Ethan Cardwell,ASSIGNED_TO_MINORS,23.0,"5'11""",180.0,Canada,"Courtice, ON",False,RW,4,1,0,1,0.75,0.0,0.25,0.25,2.0,4.0,0,0,0,0,0,0,0,1,0,0,0,0,0,0.0,1,11,3,33.3,0,4,4,4,5,2,1,0,0,0,0.0,1,2,0,0,0,63,48,10,6,2965,484,109,2372,SJS,Pacific,Western
2025-2026,20251114,12,TOR,5632,Brandon Carlo,ROSTER,28.0,"6'5""",212.0,USA,"Colorado Springs, CO",False,D,18,0,2,2,1.28,0.11,0.0,0.11,43.9,12.0,0,0,0,0,0,0,0,0,0,0,0,0,0,0.0,2,49,23,0.0,34,13,13,12,28,20,1,0,0,0,0.0,3,6,1,2,0,497,293,119,85,21664,2450,2354,16860,TOR,Atlantic,Eastern
2025-2026,20251114,5,WSH,4735,John Carlson,ROSTER,35.0,"6'3""",217.0,USA,"Natick, MA",False,D,17,4,10,14,2.24,0.59,0.24,0.82,32.4,8.0,1,0,5,5,0,0,0,0,0,0,0,0,0,0.0,0,102,38,10.5,26,37,26,7,22,31,16,0,0,0,0.0,2,4,1,2,0,405,205,91,109,23831,6655,1588,15395,WSH,Metropolitan,Eastern
2025-2026,20251114,29,ANA,111582,Leo Carlsson,ROSTER,20.0,"6'3""",198.0,Sweden,Karlstad,True,C,17,11,15,26,2.71,0.88,0.65,1.53,11.0,26.2,3,2,7,9,2,1,3,3,0,1,1,0,0,0.0,8,95,46,23.9,9,24,25,2,11,15,7,278,129,149,46.4,4,19,7,14,0,419,329,54,47,19537,4498,454,14683,ANA,Pacific,Western
2025-2026,20251114,9,NYR,5479,Sam Carrick,ROSTER,33.0,"6'0""",200.0,Canada,"Stouffville, ON",False,C,18,1,4,5,1.28,0.22,0.06,0.28,28.6,25.6,0,0,0,0,0,1,1,0,0,0,0,0,0,0.0,2,44,23,4.3,13,9,13,28,24,6,4,143,74,69,51.7,2,10,7,20,2,315,123,64,117,13324,2872,770,9200,NYR,Metropolitan,Eastern
2025-2026,20251114,14,MTL,5710,Alexandre Carrier,ROSTER,29.0,"5'11""",174.0,Canada,"Quebec City, QC",False,D,17,1,5,6,0.88,0.29,0.06,0.35,48.9,16.0,0,0,0,0,0,0,0,0,0,0,0,0,0,0.0,-8,39,15,6.7,39,14,10,11,46,15,10,0,0,0,0.0,4,8,3,6,0,384,208,65,113,19060,2221,1317,15530,MTL,Atlantic,Eastern
2025-2026,20251114,3,CAR,10174,William Carrier,ROSTER,30.0,"6'2""",218.0,Canada,"Pierrefonds, QC",False,LW,10,1,3,4,0.7,0.3,0.1,0.4,11.7,4.0,0,0,0,0,0,0,0,1,0,0,0,0,0,0.0,2,26,7,14.3,1,8,11,21,11,5,1,0,0,0,0.0,1,2,1,2,0,176,59,100,18,6462,1518,1138,3806,CAR,Metropolitan,Eastern
2025-2026,20251114,7,NJD,56518,Seamus Casey,ASSIGNED_TO_MINORS,21.0,"5'10""",173.0,USA,"Estero, FL",False,D,2,0,0,0,2.0,0.0,0.0,0.0,1.1,0.0,0,0,0,0,0,0,0,0,0,0,0,0,0,0.0,-3,8,4,0.0,1,2,2,0,7,3,2,0,0,0,0.0,0,0,0,0,0,48,37,10,1,2161,692,92,1377,NJD,Metropolitan,Eastern
2025-2026,20251114,6,PHI,38701,Noah Cates,ROSTER,26.0,"6'1""",170.0,USA,"Stillwater, MN",True,LW,16,4,6,10,2.12,0.38,0.25,0.62,18.9,12.0,1,1,4,5,0,0,0,2,0,1,0,0,0,0.0,3,58,34,11.8,12,8,16,11,13,10,4,241,101,140,41.9,3,6,5,10,0,394,166,53,179,16877,2108,225,14544,PHI,Metropolitan,Eastern
2025-2026,20251114,143,SEA,142279,Berkly Catton,ROSTER,,,,,,False,C,12,0,3,3,0.83,0.25,0.0,0.25,7.2,0.0,0,0,1,1,0,0,0,0,0,0,0,0,0,0.0,1,18,10,0.0,6,2,6,1,21,6,2,12,7,5,58.3,0,0,3,6,0,195,177,14,3,8544,1158,188,7148,SEA,Pacific,Western
2025-2026,20251114,14,MTL,19047,Cole Caufield,ROSTER,24.0,"5'7""",174.0,USA,"Mosinee, WI",True,RW,17,12,6,18,2.35,0.35,0.71,1.06,14.2,12.0,4,1,5,6,0,0,0,3,0,3,1,0,0,0.0,8,79,40,30.0,5,16,23,17,11,13,6,4,1,3,25.0,3,6,5,10,0,353,189,79,97,18653,2945,585,15123,MTL,Atlantic,Eastern
2025-2026,20251114,28,LAK,5307,Cody Ceci,ROSTER,31.0,"6'2""",210.0,Canada,"Ottawa, ON",False,D,18,1,4,5,0.94,0.22,0.06,0.28,28.4,8.0,0,0,0,0,0,1,1,0,0,0,0,0,0,0.0,-6,45,17,5.9,21,21,7,10,27,14,5,0,0,0,0.0,2,4,0,0,0,383,207,72,106,18973,2111,1722,15142,LAK,Pacific,Western
2025-2026,20251114,26,SJS,134157,Macklin Celebrini,ROSTER,19.0,"6'0""",190.0,Canada,"North Vancouver, BC",True,C,18,10,16,26,2.89,0.89,0.56,1.44,21.0,20.0,3,2,6,8,0,0,0,1,0,1,1,0,0,0.0,6,103,52,19.2,13,29,22,13,26,24,7,305,151,154,49.5,5,10,12,26,0,395,324,35,46,22210,4344,659,17207,SJS,Pacific,Western
2025-2026,20251114,1,TBL,14454,Erik Cernak,ROSTER,28.0,"6'3""",233.0,Slovakia,Kosice,False,D,16,0,2,2,0.62,0.12,0.0,0.12,61.6,36.8,0,0,0,0,0,0,0,0,0,0,0,0,0,0.0,-2,33,10,0.0,39,14,9,36,20,10,2,0,0,0,0.0,7,17,2,7,1,426,218,119,90,18493,2799,1284,14338,TBL,Atlantic,Eastern
2025-2026,20251114,13,OTT,5613,Thomas Chabot,ROSTER,28.0,"6'2""",196.0,Canada,"Ste-Marie-de-Beauce, QC",False,D,17,2,8,10,1.12,0.47,0.12,0.59,44.5,17.9,0,1,3,4,0,1,1,0,0,0,0,0,0,0.0,6,66,19,10.5,35,27,20,11,20,12,6,0,0,0,0.0,4,10,1,2,0,462,258,100,106,22370,3533,1842,16995,OTT,Atlantic,Eastern
2025-2026,20251114,1,TBL,28436,Mitchell Chaffee,ASSIGNED_TO_MINORS,27.0,"6'0""",207.0,USA,"Rockford, MI",True,RW,7,0,0,0,1.14,0.0,0.0,0.0,11.8,8.0,0,0,0,0,0,0,0,0,0,0,0,0,0,0.0,0,10,8,0.0,2,1,1,19,6,5,0,3,1,2,33.3,2,4,2,4,0,95,55,20,20,3986,557,296,3133,TBL,Atlantic,Eastern
2025-2026,20251114,3,CAR,15383,Jalen Chatfield,ROSTER,29.0,"6'1""",188.0,USA,"Ypsilanti, MI",False,D,13,0,3,3,1.54,0.23,0.0,0.23,20.6,16.0,0,0,0,0,0,0,0,0,0,0,0,0,0,0.0,3,53,20,0.0,14,22,11,10,28,12,1,0,0,0,0.0,4,8,2,12,0,349,199,62,88,15464,2054,850,12560,CAR,Metropolitan,Eastern
2025-2026,20251114,16,DET,5285,Ben Chiarot,ROSTER,34.0,"6'3""",234.0,Canada,"Hamilton, ON",False,D,17,1,3,4,1.0,0.18,0.06,0.24,55.3,8.0,0,0,0,0,0,0,0,0,0,0,0,0,0,0.0,0,52,17,5.9,32,23,12,39,24,25,4,0,0,0,0.0,2,4,1,2,0,441,246,73,123,21287,5042,1263,14982,DET,Atlantic,Eastern
2025-2026,20251114,2,WPJ,37987,Nikita Chibrikov,ROSTER,22.0,"5'10""",170.0,Russia,Moskva,True,RW,8,0,0,0,0.62,0.0,0.0,0.0,10.6,21.9,0,0,0,0,0,0,0,0,0,0,0,0,0,0.0,0,16,5,0.0,5,7,4,10,7,6,2,0,0,0,0.0,5,12,2,4,0,105,83,19,3,4414,1202,226,2986,WPG,,
2025-2026,20251114,19,CBJ,30088,Yegor Chinakhov,ROSTER,24.0,"6'0""",178.0,Russia,Omsk,True,RW,12,2,2,4,1.75,0.17,0.17,0.33,8.5,4.0,0,0,0,0,0,0,0,0,0,0,0,0,0,0.0,0,34,21,9.5,4,10,3,8,9,6,3,0,0,0,0.0,1,2,2,4,0,169,130,30,9,7467,1562,131,5694,CBJ,Metropolitan,Eastern
2025-2026,20251114,5,WSH,28482,Declan Chisholm,ROSTER,25.0,"6'1""",185.0,Canada,"Bowmanville, ON",True,D,8,0,1,1,0.88,0.12,0.0,0.12,7.1,4.0,0,0,0,0,0,0,0,0,0,0,0,0,0,0.0,2,18,7,0.0,5,8,3,3,13,8,3,0,0,0,0.0,1,2,3,9,0,139,92,23,20,6826,911,613,5097,WSH,Metropolitan,Eastern
2025-2026,20251114,9,NYR,56549,Jaroslav Chmelar,ASSIGNED_TO_MINORS,22.0,"6'4""",198.0,Czech Republic,Nove Mesto nad Metuji,False,RW,2,0,0,0,0.5,0.0,0.0,0.0,2.5,12.8,0,0,0,0,0,0,0,0,0,0,0,0,0,0.0,-1,2,1,0.0,0,0,1,5,1,1,0,0,0,0,0.0,1,5,1,5,1,21,16,3,2,867,126,79,662,NYR,Metropolitan,Eastern
2025-2026,20251114,7,NJD,15156,Dennis Cholowski,ROSTER,27.0,"6'2""",197.0,Canada,"Langley, BC",False,D,6,0,1,1,0.67,0.17,0.0,0.17,7.8,0.0,0,0,0,0,0,0,0,0,0,0,0,0,0,0.0,-1,9,4,0.0,7,3,2,0,5,3,1,0,0,0,0.0,0,0,0,0,0,107,64,18,25,5124,533,165,4426,NJD,Metropolitan,Eastern
2025-2026,20251114,19,CBJ,28414,Jake Christiansen,ROSTER,26.0,"6'1""",195.0,Canada,"West Vancouver, BC",True,D,13,0,0,0,0.54,0.0,0.0,0.0,13.3,4.0,0,0,0,0,0,0,0,0,0,0,0,0,0,0.0,-4,29,7,0.0,7,12,10,11,18,4,0,0,0,0,0.0,1,2,1,2,0,161,107,26,28,8010,686,312,7012,CBJ,Metropolitan,Eastern
2025-2026,20251114,5,WSH,9642,Jakob Chychrun,ROSTER,27.0,"6'2""",210.0,USA,"Boca Raton, FL",False,D,17,4,8,12,3.24,0.47,0.24,0.71,28.0,36.8,1,2,1,3,0,0,0,1,0,1,0,0,0,0.0,7,124,55,7.3,17,32,37,18,25,24,6,0,0,0,0.0,7,17,7,17,1,381,205,100,77,23789,4334,2884,16378,WSH,Metropolitan,Eastern
2025-2026,20251114,21,VAN,13636,Filip Chytil,INJURY_LIST,26.0,"6'2""",206.0,Czech Republic,Kromeriz,False,C,6,3,0,3,2.5,0.0,0.5,0.5,6.0,12.0,1,0,0,0,0,0,0,1,0,0,0,0,0,0.0,0,22,15,20.0,4,2,5,3,10,3,2,76,36,40,47.4,3,6,0,0,0,114,56,43,18,5629,1207,724,3698,VAN,Pacific,Western
2025-2026,20251114,1,TBL,14125,Anthony Cirelli,ROSTER,28.0,"6'0""",193.0,Canada,"Etobicoke, ON",False,C,14,7,4,11,1.5,0.29,0.5,0.79,16.3,12.0,2,2,0,2,0,0,0,2,0,1,0,0,0,0.0,6,40,21,33.3,11,6,13,8,13,7,5,260,125,135,48.1,3,6,1,2,0,341,145,118,85,15683,2584,2123,10896,TBL,Atlantic,Eastern
2025-2026,20251114,8,NYI,5083,Casey Cizikas,ROSTER,34.0,"5'11""",195.0,Canada,"Toronto, ON",False,C,17,1,2,3,0.71,0.12,0.06,0.18,34.7,12.0,0,0,0,0,0,0,0,0,0,0,0,0,0,0.0,-7,19,12,8.3,13,3,4,40,15,7,1,121,51,70,42.1,3,6,0,0,0,247,137,54,57,10288,2470,615,7203,NYI,Metropolitan,Eastern
2025-2026,20251114,28,LAK,31218,Brandt Clarke,ROSTER,22.0,"6'2""",185.0,Canada,"Nepean, ON",True,D,18,2,7,9,2.0,0.39,0.11,0.5,31.2,20.0,0,0,0,0,0,0,0,1,0,0,0,0,0,0.0,6,64,36,5.6,24,20,8,9,22,23,5,0,0,0,0.0,5,10,5,10,0,380,298,54,30,18651,2287,348,16016,LAK,Pacific,Western
2025-2026,20251114,10,PIT,15396,Connor Clifton,ROSTER,30.0,"5'11""",175.0,USA,"Long Branch, New Jersey",False,D,6,0,0,0,0.83,0.0,0.0,0.0,31.9,8.0,0,0,0,0,0,0,0,0,0,0,0,0,0,0.0,-2,18,5,0.0,15,10,3,30,14,5,1,0,0,0,0.0,2,4,0,0,0,120,65,27,28,6062,683,199,5183,PIT,Metropolitan,Eastern
2025-2026,20251114,29,ANA,38010,Sam Colangelo,ROSTER,23.0,"6'2""",205.0,USA,"Stoneham, MA",True,RW,7,1,0,1,0.43,0.0,0.14,0.14,5.7,8.0,0,0,0,0,0,0,0,0,0,0,0,0,0,0.0,-3,11,3,33.3,1,5,3,9,7,6,0,2,1,1,50.0,2,4,0,0,0,105,70,21,16,4285,812,132,3383,ANA,Pacific,Western
2025-2026,20251114,30,UTA,4905,Ian Cole,ROSTER,36.0,"6'1""",225.0,USA,"Ann Arbor, MI",False,D,17,1,6,7,0.88,0.35,0.06,0.41,54.5,20.0,0,0,0,0,0,0,0,0,0,0,0,0,0,0.0,6,35,15,6.7,39,10,10,22,32,17,3,0,0,0,0.0,5,10,3,6,0,392,223,63,107,18796,4298,712,13786,UTA,Central,Western
2025-2026,20251114,23,CGY,11702,Blake Coleman,ROSTER,33.0,"5'11""",207.0,USA,"Plano, TX",False,LW,19,7,1,8,2.42,0.05,0.37,0.42,33.2,16.0,2,0,0,0,1,0,1,2,0,0,0,0,0,0.0,2,81,46,15.2,13,18,17,37,13,23,3,18,7,11,38.9,4,8,5,10,0,447,213,158,83,19397,4735,1923,12739,CGY,Pacific,Western
2025-2026,20251114,22,COL,18195,Ross Colton,ROSTER,29.0,"6'0""",190.0,USA,"Robbinsville, New Jersey",False,C,18,2,7,9,1.94,0.39,0.11,0.5,28.5,12.8,0,0,0,0,0,0,0,1,0,0,0,0,0,0.0,3,73,35,5.7,7,17,21,41,14,15,4,21,12,9,57.1,1,5,7,17,1,322,171,108,45,13550,2301,2010,9239,COL,Central,Western
2025-2026,20251114,16,DET,5564,J.T. Compher,ROSTER,30.0,"6'0""",190.0,USA,"Northbrook, IL",False,LW,17,3,3,6,1.06,0.18,0.18,0.35,10.9,4.0,1,0,0,0,0,0,0,0,0,0,0,0,0,0.0,-2,36,18,16.7,8,13,6,4,17,8,0,188,90,98,47.9,1,2,5,10,0,376,171,100,108,16793,3671,1887,11296,DET,Atlantic,Eastern
2025-2026,20251114,2,WPJ,5612,Kyle Connor,ROSTER,28.0,"6'1""",182.0,USA,"Clinton Township, MI",False,LW,17,10,10,20,3.82,0.59,0.59,1.18,5.8,8.0,3,2,4,6,1,0,1,1,0,1,0,0,0,0.0,3,108,65,15.4,2,22,21,7,15,17,7,0,0,0,0.0,2,4,4,8,0,390,169,163,68,21035,4394,3472,13169,WPG,,
2025-2026,20251114,30,UTA,56257,Logan Cooley,ROSTER,21.0,"5'11""",180.0,USA,"Pittsburgh, PA",False,C,17,8,6,14,2.0,0.35,0.47,0.82,16.4,12.0,2,3,1,4,0,0,0,0,0,0,0,0,0,0.0,2,56,34,23.5,7,6,16,17,19,22,5,220,91,129,41.4,3,6,5,10,0,377,274,50,62,19277,4635,741,13903,UTA,Central,Western
2025-2026,20251114,21,VAN,167600,Braeden Cootes,ASSIGNED_TO_OTHER,18.0,"6'0""",183.0,Canada,"Sherwood Park, AB",True,C,3,0,0,0,0.0,0.0,0.0,0.0,2.6,0.0,0,0,0,0,0,0,0,0,0,0,0,0,0,0.0,-2,0,0,0.0,1,0,0,3,1,4,0,13,5,8,38.5,0,0,0,0,0,44,38,5,1,1940,192,0,1748,VAN,Pacific,Western
2025-2026,20251114,16,DET,5555,Andrew Copp,ROSTER,31.0,"6'1""",206.0,USA,"Ann Arbor, MI",False,C,17,1,6,7,0.94,0.35,0.06,0.41,21.6,20.0,0,0,2,2,0,0,0,0,0,0,0,0,0,0.0,-5,36,16,6.2,14,8,12,12,20,16,3,123,64,59,52.0,5,10,2,4,0,362,157,93,113,15103,2725,835,11543,DET,Atlantic,Eastern
2025-2026,20251114,23,CGY,37972,Matt Coronato,ROSTER,23.0,"5'10""",183.0,USA,"New York, NY",True,RW,18,4,3,7,2.89,0.17,0.22,0.39,9.9,24.0,1,2,0,2,0,0,0,0,0,0,1,1,0,0.0,-12,103,52,7.7,8,33,18,2,16,11,6,28,9,19,32.1,6,12,4,8,0,367,256,82,33,18491,5173,903,12415,CGY,Pacific,Western
2025-2026,20251114,7,NJD,18224,Paul Cotter,ROSTER,25.0,"6'0""",185.0,USA,"Carton, MI",False,LW,17,1,1,2,0.94,0.06,0.06,0.12,27.7,12.0,0,0,0,0,0,0,0,0,0,0,1,0,1,100.0,-6,32,16,6.2,4,8,8,46,22,10,3,11,7,4,63.6,3,6,3,6,0,269,174,47,50,12097,2067,922,9194,NJD,Metropolitan,Eastern
2025-2026,20251114,13,OTT,5536,Nick Cousins,ROSTER,32.0,"5'11""",183.0,Canada,"Belleville, ON",False,C,18,3,1,4,0.72,0.06,0.17,0.22,29.8,52.3,1,0,0,0,0,0,0,1,0,0,0,0,0,0.0,2,29,13,23.1,10,6,10,37,32,15,5,13,6,7,46.2,9,29,9,21,1,308,163,100,48,12012,2289,1758,7965,OTT,Atlantic,Eastern
2025-2026,20251114,6,PHI,4995,Sean Couturier,ROSTER,32.0,"6'3""",211.0,USA,"Phoenix, AZ",False,C,15,2,8,10,1.53,0.53,0.13,0.67,17.2,16.0,0,0,0,0,0,0,0,1,0,0,0,0,0,0.0,1,49,23,8.7,10,17,9,12,11,15,7,255,133,122,52.2,4,8,1,2,0,360,157,80,125,16677,4403,729,11545,PHI,Metropolitan,Eastern
2025-2026,20251114,12,TOR,112362,Easton Cowan,ASSIGNED_TO_MINORS,20.0,"5'10""",170.0,Canada,"Mount Brydges, ON",True,RW,10,1,3,4,1.5,0.3,0.1,0.4,11.0,0.0,0,0,0,0,0,0,0,0,0,0,0,0,0,0.0,1,30,15,6.7,4,9,6,13,14,11,0,2,1,1,50.0,0,0,5,10,0,160,136,25,1,7526,1985,121,5381,TOR,Atlantic,Eastern
2025-2026,20251114,19,CBJ,5124,Charlie Coyle,ROSTER,33.0,"6'3""",220.0,USA,"East Weymouth, MA",False,C,17,3,9,12,1.53,0.53,0.18,0.71,23.4,0.0,1,0,1,1,0,0,0,0,0,0,1,0,1,100.0,1,46,26,11.5,11,9,11,22,12,12,5,260,141,119,54.2,0,0,2,4,0,364,174,87,104,17436,4924,482,11928,CBJ,Metropolitan,Eastern
2025-2026,20251114,13,OTT,19086,Dylan Cozens,ROSTER,24.0,"6'3""",183.0,Canada,"Whitehorse, Yukon",True,C,18,7,7,14,2.06,0.39,0.39,0.78,38.3,12.0,2,3,4,7,0,0,0,0,0,0,0,0,0,0.0,-10,67,37,18.9,8,17,13,58,21,15,2,180,99,81,55.0,3,6,4,8,0,427,229,73,132,18557,3179,764,14670,OTT,Atlantic,Eastern
2025-2026,20251114,20,CHI,34950,Louis Crevier,ROSTER,24.0,"6'8""",214.0,Canada,"Quebec City, QC",True,D,16,2,6,8,1.0,0.38,0.12,0.5,23.3,44.3,0,0,0,0,0,0,0,0,0,0,0,0,0,0.0,6,34,16,12.5,10,11,7,24,23,8,2,0,0,0,0.0,7,25,1,5,1,299,159,38,98,13112,887,159,11865,CHI,Central,Western
2025-2026,20251114,10,PIT,3490,Sidney Crosby,ROSTER,38.0,"5'11""",200.0,Canada,"Cole Harbour, NS",False,C,17,11,9,20,2.29,0.53,0.65,1.18,16.0,39.5,3,6,1,7,0,0,0,1,0,0,2,0,1,50.0,0,73,39,28.2,8,16,18,14,13,17,6,344,179,165,52.0,8,24,4,8,0,379,202,111,71,19816,7063,2351,10166,PIT,Metropolitan,Eastern
2025-2026,20251114,30,UTA,5606,Lawson Crouse,ROSTER,28.0,"6'4""",220.0,Canada,"Mt. Brydges, ON",False,LW,17,4,2,6,1.88,0.12,0.24,0.35,33.9,8.0,1,0,0,0,0,0,0,1,0,0,0,0,0,0.0,1,67,32,12.5,10,14,21,45,9,14,3,13,4,9,30.8,2,4,3,6,0,356,151,78,131,14569,1509,795,12265,UTA,Central,Western
2025-2026,20251114,1,TBL,56653,Maxwell Crozier,ROSTER,25.0,"5'11""",161.0,Canada,"Calgary, AB",False,D,6,0,3,3,1.17,0.5,0.0,0.5,9.5,4.0,0,0,0,0,0,0,0,0,0,0,0,0,0,0.0,2,18,7,0.0,4,8,3,10,14,3,2,0,0,0,0.0,1,2,0,0,0,104,64,10,30,4743,456,36,4251,TBL,Atlantic,Eastern
2025-2026,20251114,9,NYR,30065,William Cuylle,ROSTER,23.0,"6'3""",204.0,Canada,"Toronto, ON",True,LW,18,6,4,10,2.44,0.22,0.33,0.56,51.9,24.0,2,3,0,3,0,0,0,1,0,1,0,0,0,0.0,-4,85,44,13.6,18,22,20,63,21,4,4,15,10,5,66.7,6,12,3,6,0,437,290,91,46,18869,3790,925,13422,NYR,Metropolitan,Eastern
2025-2026,20251114,20,CHI,34951,Colton Dach,ROSTER,22.0,"6'4""",196.0,Canada,"St. Albert, AB",True,C,17,1,2,3,1.35,0.12,0.06,0.18,48.0,28.8,0,0,1,1,0,0,0,0,0,0,0,0,0,0.0,-6,42,23,4.3,9,6,13,75,18,10,6,25,10,15,40.0,5,13,7,17,1,314,212,45,57,13382,1930,376,11060,CHI,Central,Western
2025-2026,20251114,14,MTL,17199,Kirby Dach,ROSTER,24.0,"6'4""",212.0,Canada,"Fort Saskatchewan, AB",False,C,14,5,2,7,1.5,0.14,0.36,0.5,24.7,28.0,1,0,1,1,0,0,0,0,0,0,0,0,0,0.0,-2,39,21,23.8,14,7,11,18,18,7,6,106,45,61,42.5,7,14,4,8,0,246,141,56,54,11739,1801,768,9170,MTL,Atlantic,Eastern
2025-2026,20251114,7,NJD,4787,Evgenii Dadonov,ROSTER,36.0,"5'11""",189.0,Russia,Chelyabinsk,False,LW,1,0,0,0,2.0,0.0,0.0,0.0,2.2,0.0,0,0,0,0,0,0,0,0,0,0,0,0,0,0.0,0,3,2,0.0,2,1,0,0,3,1,0,0,0,0,0.0,0,0,0,0,0,14,4,7,3,572,104,7,461,NJD,Metropolitan,Eastern
2025-2026,20251114,15,BUF,14524,Rasmus Dahlin,INJURY_LIST,25.0,"6'3""",193.0,Sweden,Trollhättan,False,D,14,1,8,9,2.71,0.57,0.07,0.64,25.0,20.0,0,1,4,5,0,0,0,0,0,0,1,0,0,0.0,-11,98,38,2.6,17,40,20,12,22,31,6,0,0,0,0.0,5,10,6,12,0,402,226,48,129,20544,2620,808,17116,BUF,Atlantic,Eastern
2025-2026,20251114,28,LAK,5487,Phillip Danault,ROSTER,32.0,"6'1""",201.0,Canada,"Victoriaville, QC",False,C,18,0,4,4,1.44,0.22,0.0,0.22,12.0,12.0,0,0,0,0,0,1,1,0,0,0,0,0,0,0.0,1,52,26,0.0,4,15,11,15,15,14,3,261,139,122,53.3,3,6,3,6,0,360,157,116,87,18126,2901,1792,13433,LAK,Pacific,Western
2025-2026,20251114,15,BUF,30085,Justin Danforth,ROSTER,32.0,"5'9""",185.0,Canada,"Oshawa, ON",True,RW,4,0,0,0,0.5,0.0,0.0,0.0,6.0,4.0,0,0,0,0,0,0,0,0,0,0,0,0,0,0.0,-2,6,2,0.0,4,3,1,3,2,3,0,31,17,14,54.8,1,2,0,0,0,71,31,9,31,2809,362,109,2338,BUF,Atlantic,Eastern
2025-2026,20251114,16,DET,111584,Nate Danielson,ROSTER,21.0,"6'2""",185.0,Canada,"Edmonton, AB",True,C,2,0,0,0,2.0,0.0,0.0,0.0,0.0,0.0,0,0,0,0,0,0,0,0,0,0,0,0,0,0.0,0,7,4,0.0,0,1,2,0,2,1,1,16,4,12,25.0,0,0,0,0,0,36,27,6,3,1589,342,0,1247,DET,Atlantic,Eastern
2025-2026,20251114,1,TBL,18311,Charle-Edouard D’Astous,ROSTER,27.0,"6'2""",204.0,Canada,"Rimouski, QC",False,D,9,1,4,5,1.0,0.44,0.11,0.56,12.1,20.8,0,0,1,1,0,0,0,1,0,0,0,0,0,0.0,-4,18,9,11.1,5,5,4,13,26,6,5,0,0,0,0.0,3,9,2,7,1,179,98,42,41,8271,1781,402,6092,TBL,Atlantic,Eastern
2025-2026,20251114,8,NYI,5424,Tony DeAngelo,ROSTER,30.0,"5'11""",180.0,USA,"Sewell, New Jersey",False,D,17,1,5,6,1.88,0.29,0.06,0.35,24.5,12.0,0,0,0,0,0,0,0,0,0,0,0,0,0,0.0,-4,61,32,3.1,17,17,12,11,14,20,2,0,0,0,0.0,3,6,1,2,0,359,221,86,53,17634,2983,2143,12508,NYI,Metropolitan,Eastern
2025-2026,20251114,16,DET,13688,Alex DeBrincat,ROSTER,27.0,"5'7""",165.0,USA,"Farmington Hills, MI",False,RW,17,6,12,18,4.0,0.71,0.35,1.06,6.6,4.0,2,4,3,7,0,0,0,1,0,0,2,1,0,0.0,-1,124,68,8.8,5,25,31,2,13,19,4,5,1,4,20.0,1,2,2,4,0,350,171,68,117,17936,4171,832,12933,DET,Atlantic,Eastern
2025-2026,20251114,21,VAN,5609,Jake DeBrusk,ROSTER,29.0,"6'0""",188.0,Canada,"Edmonton, AB",False,LW,18,6,2,8,2.94,0.11,0.33,0.44,16.5,8.0,2,5,0,5,0,0,0,0,0,0,2,1,1,50.0,-2,84,53,11.3,8,9,22,15,14,15,2,9,3,6,33.3,2,4,3,6,0,391,163,87,148,19153,4627,991,13603,VAN,Pacific,Western
2025-2026,20251114,19,CBJ,53014,Luca Del Bel Belluz,ROSTER,22.0,"6'1""",179.0,Canada,"Woodbridge, ON",True,C,4,0,1,1,1.25,0.25,0.0,0.25,6.1,0.0,0,0,0,0,0,0,0,0,0,0,0,0,0,0.0,0,7,5,0.0,5,2,0,1,3,0,1,15,3,12,20.0,0,0,1,2,0,51,44,4,3,2392,284,194,1914,CBJ,Metropolitan,Eastern
2025-2026,20251114,26,SJS,14536,Ty Dellandrea,ROSTER,25.0,"6'0""",184.0,Canada,"Toronto, ON",True,C,18,1,5,6,0.94,0.28,0.06,0.33,37.7,8.0,0,0,0,0,1,1,2,0,0,0,0,0,0,0.0,-3,33,17,5.9,13,10,6,46,22,8,3,199,101,98,50.8,2,4,6,12,0,323,174,67,83,15150,1720,1206,12224,SJS,Pacific,Western
2025-2026,20251114,20,CHI,39063,Ethan Del Mastro,ASSIGNED_TO_MINORS,22.0,"6'4""",210.0,Canada,"Burlington, ON",True,D,1,0,0,0,1.0,0.0,0.0,0.0,5.3,0.0,0,0,0,0,0,0,0,0,0,0,0,0,0,0.0,-1,1,1,0.0,2,0,0,6,5,1,0,0,0,0,0.0,0,0,0,0,0,25,16,1,8,1055,123,0,932,CHI,Central,Western
2025-2026,20251114,2,WPJ,5822,Dylan DeMelo,ROSTER,32.0,"6'0""",191.0,Canada,"London, ON",False,D,17,1,7,8,0.76,0.41,0.06,0.47,44.2,28.0,0,0,0,0,0,1,1,0,0,0,0,0,0,0.0,2,35,13,7.7,32,14,8,17,23,22,3,0,0,0,0.0,7,14,4,8,0,470,260,96,115,21800,4893,731,16176,WPG,,
2025-2026,20251114,14,MTL,142498,Ivan Demidov,ROSTER,,,,,,False,RW,17,4,9,13,1.24,0.53,0.24,0.76,11.9,20.0,1,1,4,5,0,0,0,1,0,0,1,1,0,0.0,2,50,21,19.0,8,12,17,6,17,18,5,0,0,0,0.0,5,10,2,4,0,286,250,34,6,14268,3066,188,11014,MTL,Atlantic,Eastern
2025-2026,20251114,26,SJS,18276,Vincent Desharnais,ROSTER,29.0,"6'6""",209.0,Canada,"Laval, QC",False,D,14,0,2,2,0.57,0.14,0.0,0.14,35.8,27.5,0,0,0,0,0,0,0,0,0,0,0,0,0,0.0,2,23,8,0.0,24,11,4,18,16,9,1,0,0,0,0.0,5,18,3,6,0,277,147,25,105,13606,1143,186,12277,SJS,Pacific,Western
2025-2026,20251114,30,UTA,13721,Nick DeSimone,ROSTER,30.0,"6'2""",190.0,USA,"East Amherst, NY",False,D,2,1,1,2,2.5,0.5,0.5,1.0,1.6,0.0,0,0,0,0,0,0,0,0,0,0,0,0,0,0.0,-1,8,5,20.0,1,2,1,1,8,3,0,0,0,0,0.0,0,0,0,0,0,47,31,14,3,1759,172,339,1248,UTA,Central,Western
2025-2026,20251114,6,PHI,5341,Nicolas Deslauriers,ROSTER,34.0,"6'3""",219.0,Canada,"Lasalle, QC",False,LW,7,0,0,0,0.29,0.0,0.0,0.0,13.8,25.6,0,0,0,0,0,0,0,0,0,0,0,0,0,0.0,-2,5,2,0.0,1,0,3,25,2,2,1,0,0,0,0.0,2,10,2,10,2,67,42,10,15,3177,484,209,2484,PHI,Metropolitan,Eastern
2025-2026,20251114,10,PIT,18082,Connor Dewar,ROSTER,26.0,"5'10""",170.0,Canada,"The Pas, MB",False,C,17,4,2,6,1.94,0.12,0.24,0.35,27.0,0.0,1,0,0,0,0,0,0,1,0,0,0,0,0,0.0,0,58,33,12.1,7,13,12,38,24,5,4,6,2,4,33.3,0,0,6,15,0,325,168,66,87,13692,1744,643,11007,PIT,Metropolitan,Eastern
2025-2026,20251114,20,CHI,9073,Jason Dickinson,ROSTER,30.0,"6'2""",200.0,Canada,"Georgetown, ON",False,C,8,1,2,3,1.25,0.25,0.12,0.38,9.7,4.0,0,0,0,0,0,0,0,0,0,0,0,0,0,0.0,-1,22,10,10.0,6,5,7,6,8,10,3,126,68,58,54.0,1,2,0,0,0,171,84,42,46,6907,985,379,5543,CHI,Central,Western
2025-2026,20251114,26,SJS,142718,Sam Dickinson,ROSTER,,,,,,False,D,14,1,1,2,1.07,0.07,0.07,0.14,13.4,12.0,0,0,0,0,0,0,0,0,0,0,0,0,0,0.0,-1,30,15,6.7,8,11,4,9,19,11,4,0,0,0,0.0,3,6,1,2,0,244,211,13,22,12012,1156,70,10789,SJS,Pacific,Western
2025-2026,20251114,7,NJD,5103,Brenden Dillon,ROSTER,35.0,"6'4""",225.0,Canada,"New Westminster, BC",False,D,17,2,4,6,0.71,0.24,0.12,0.35,59.4,24.8,0,0,0,0,0,0,0,2,0,0,0,0,0,0.0,0,36,12,16.7,32,13,11,47,20,7,5,0,0,0,0.0,4,11,2,7,1,392,215,46,133,19592,4426,842,14324,NJD,Metropolitan,Eastern
2025-2026,20251114,15,BUF,37981,Josh Doan,ROSTER,23.0,"6'1""",183.0,USA,"Scottsdale, AZ",True,RW,17,4,6,10,2.65,0.35,0.24,0.59,15.2,8.0,1,2,1,3,0,0,0,1,0,0,0,0,0,0.0,-5,73,45,8.9,5,12,15,19,23,18,10,3,2,1,66.7,2,4,6,12,0,360,245,72,48,15743,3227,301,12215,BUF,Atlantic,Eastern
2025-2026,20251114,14,MTL,14535,Noah Dobson,ROSTER,25.0,"6'4""",184.0,Canada,"Summerside, PE",False,D,17,1,10,11,1.82,0.59,0.06,0.65,42.5,16.0,0,0,1,1,0,0,0,0,0,0,0,0,0,0.0,4,65,31,3.2,36,18,16,5,31,25,6,0,0,0,0.0,4,8,1,2,0,433,228,95,111,22833,2632,810,19391,MTL,Atlantic,Eastern
2025-2026,20251114,12,TOR,5412,Max Domi,ROSTER,30.0,"5'10""",192.0,Canada,"Winnipeg, MB",False,C,18,3,3,6,1.78,0.17,0.17,0.33,18.4,28.0,1,0,2,2,0,0,0,1,0,0,0,0,0,0.0,-9,56,32,9.4,12,14,10,10,9,21,4,132,69,63,52.3,7,14,7,14,0,311,154,111,49,13847,2809,1918,9120,TOR,Atlantic,Eastern
2025-2026,20251114,20,CHI,14137,Ryan Donato,ROSTER,29.0,"6'0""",192.0,USA,"Boston, MA",False,C,17,6,5,11,1.82,0.29,0.35,0.65,15.1,16.0,2,1,0,1,0,0,0,2,0,1,1,0,0,0.0,0,66,31,19.4,4,12,23,21,25,13,4,65,32,33,49.2,4,8,1,2,0,339,172,91,78,15589,2961,885,11502,CHI,Central,Western
2025-2026,20251114,142,VGK,29771,Pavel Dorofeyev,ROSTER,25.0,"6'0""",176.0,Russia,Nizhny Tagil,True,RW,16,10,1,11,2.88,0.06,0.62,0.69,8.6,12.0,3,6,1,7,0,0,0,1,1,0,1,0,1,100.0,-3,98,46,21.7,5,26,26,6,9,14,3,0,0,0,0.0,3,6,2,4,0,322,210,112,11,17314,5044,2202,10027,VGK,Pacific,Western
2025-2026,20251114,28,LAK,4510,Drew Doughty,ROSTER,35.0,"6'1""",202.0,Canada,"London, ON",False,D,18,2,6,8,1.28,0.33,0.11,0.44,36.7,8.0,0,0,0,0,0,1,1,0,0,0,0,0,0,0.0,6,67,23,8.7,28,30,14,11,21,24,7,0,0,0,0.0,2,4,1,2,0,475,239,92,146,24996,6099,1127,17768,LAK,Pacific,Western
2025-2026,20251114,1,TBL,38444,Curtis Douglas,ROSTER,25.0,"6'9""",248.0,Canada,"Oakville, ON",True,C,10,0,1,1,0.5,0.1,0.0,0.1,11.6,29.6,0,0,0,0,0,0,0,0,0,0,0,0,0,0.0,1,12,5,0.0,5,1,6,12,3,2,1,1,1,0,100.0,3,12,3,12,2,95,55,12,28,3311,531,10,2770,TBL,Atlantic,Eastern
2025-2026,20251114,5,WSH,9007,Nic Dowd,ROSTER,35.0,"6'1""",195.0,USA,"Huntsville, AL",False,C,17,1,4,5,1.12,0.24,0.06,0.29,23.1,24.0,0,0,0,0,0,0,0,0,0,0,0,0,0,0.0,2,33,19,5.3,8,8,6,28,20,8,5,218,111,107,50.9,6,12,5,10,0,351,152,118,82,15043,2815,1246,10982,WSH,Metropolitan,Eastern
2025-2026,20251114,24,EDM,5417,Leon Draisaitl,ROSTER,30.0,"6'2""",208.0,Germany,Köln,False,C,19,12,8,20,2.47,0.42,0.63,1.05,10.1,8.0,4,6,4,10,0,0,0,0,0,0,2,0,2,100.0,6,91,47,25.5,5,18,26,9,10,30,8,295,164,131,55.6,2,4,4,8,0,441,225,94,121,25612,6896,1582,16732,EDM,Pacific,Western
2025-2026,20251114,8,NYI,5230,Jonathan Drouin,ROSTER,30.0,"6'0""",203.0,Canada,"Ste-Agathe, QC",False,LW,16,2,11,13,1.31,0.69,0.12,0.81,8.7,22.2,0,0,3,3,0,0,0,0,0,0,1,1,0,0.0,7,46,21,9.5,6,7,18,4,7,9,2,30,13,17,43.3,3,17,5,10,0,325,165,89,73,17063,4459,814,11790,NYI,Metropolitan,Eastern
2025-2026,20251114,22,COL,14565,Jack Drury,ROSTER,25.0,"5'11""",174.0,USA,"Winnetka, IL",True,C,18,3,4,7,1.39,0.22,0.17,0.39,20.2,20.0,1,0,0,0,0,0,0,0,0,0,0,0,0,0.0,1,50,25,12.0,15,8,17,7,32,9,3,251,133,118,53.0,5,10,4,8,0,377,212,109,59,16254,2755,1974,11525,COL,Central,Western
2025-2026,20251114,6,PHI,27448,Jamie Drysdale,ROSTER,23.0,"5'11""",187.0,Canada,"Toronto, ON",True,D,16,2,5,7,0.94,0.31,0.12,0.44,27.6,23.5,0,0,0,0,0,0,0,1,0,0,0,0,0,0.0,-2,54,15,13.3,23,24,15,4,20,11,1,0,0,0,0.0,4,16,3,6,0,425,337,54,38,21364,3331,305,17684,PHI,Metropolitan,Eastern
2025-2026,20251114,5,WSH,13710,Pierre-Luc Dubois,ROSTER,27.0,"6'3""",218.0,Canada,"Ste-Agathe-des-Monts, QC",False,LW,6,0,0,0,1.5,0.0,0.0,0.0,6.4,4.0,0,0,0,0,0,0,0,0,0,0,0,0,0,0.0,0,19,9,0.0,3,4,6,6,7,2,1,78,33,45,42.3,1,2,2,4,0,113,61,32,20,5592,1216,935,3441,WSH,Metropolitan,Eastern
2025-2026,20251114,27,DAL,4663,Matt Duchene,ROSTER,34.0,"5'11""",195.0,Canada,"Haliburton, ON",False,C,4,1,1,2,0.75,0.25,0.25,0.5,5.5,0.0,0,1,0,1,0,0,0,1,0,0,1,0,0,0.0,0,5,3,33.3,4,2,0,2,2,1,1,23,12,11,52.2,0,0,2,4,0,72,44,15,14,3467,906,86,2475,DAL,Central,Western
2025-2026,20251114,8,NYI,5441,Anthony Duclair,ROSTER,30.0,"5'11""",198.0,Canada,"Laval, QC",False,LW,17,3,3,6,1.35,0.18,0.18,0.35,13.8,8.0,1,1,0,1,0,0,0,0,0,0,1,0,0,0.0,3,41,23,13.0,12,12,6,1,6,8,2,0,0,0,0.0,2,4,2,4,0,289,133,110,49,13797,2249,1788,9711,NYI,Metropolitan,Eastern
2025-2026,20251114,5,WSH,18079,Brandon Duhaime,ROSTER,28.0,"6'0""",185.0,USA,"Parkland, FL",False,RW,17,3,1,4,0.59,0.06,0.18,0.24,35.4,41.6,1,0,0,0,0,0,0,0,0,0,0,0,0,0.0,0,30,10,30.0,15,10,10,37,24,5,1,16,3,13,18.8,6,18,7,20,2,329,175,87,69,13014,1410,723,10844,WSH,Metropolitan,Eastern
2025-2026,20251114,10,PIT,5125,Matt Dumba,ROSTER,31.0,"6'0""",180.0,Canada,"Regina, SK",False,D,5,0,1,1,0.6,0.2,0.0,0.2,9.0,24.8,0,0,0,0,0,0,0,0,0,0,0,0,0,0.0,-1,11,3,0.0,4,5,3,9,5,6,4,0,0,0,0.0,4,11,1,5,1,96,55,19,22,4508,519,292,3697,PIT,Metropolitan,Eastern
2025-2026,20251114,28,LAK,5310,Brian Dumoulin,ROSTER,34.0,"6'4""",207.0,USA,"Biddeford, MN",False,D,18,0,2,2,0.94,0.11,0.0,0.11,34.4,4.0,0,0,0,0,0,0,0,0,0,0,0,0,0,0.0,-4,42,17,0.0,25,14,11,13,38,26,6,0,0,0,0.0,1,2,2,4,0,418,229,75,114,20974,3544,1539,15891,LAK,Pacific,Western
2025-2026,20251114,143,SEA,5650,Vince Dunn,ROSTER,29.0,"6'0""",203.0,Canada,"Lindsay, ON",False,D,17,3,9,12,2.59,0.53,0.18,0.71,19.8,20.0,1,0,5,5,0,0,0,0,0,0,0,0,0,0.0,-4,93,44,6.8,16,37,12,4,22,19,4,0,0,0,0.0,5,10,2,4,0,444,230,136,72,23569,4168,2186,16814,SEA,Pacific,Western
2025-2026,20251114,15,BUF,29977,Josh Dunne,ROSTER,26.0,"6'4""",210.0,USA,"OFallon, MO",True,C,11,1,0,1,0.91,0.0,0.09,0.09,14.9,36.2,0,0,0,0,0,0,0,0,0,0,0,0,0,0.0,-4,18,10,10.0,7,1,7,14,5,5,2,13,2,11,15.4,5,21,6,15,1,151,115,22,15,6201,590,215,5396,BUF,Atlantic,Eastern
2025-2026,20251114,30,UTA,14575,Sean Durzi,ROSTER,27.0,"6'0""",188.0,Canada,"Mississauga, ON",True,D,2,0,1,1,1.0,0.5,0.0,0.5,6.0,8.0,0,0,0,0,0,0,0,0,0,0,0,0,0,0.0,0,3,2,0.0,4,1,0,3,1,4,1,0,0,0,0.0,2,4,0,0,0,52,31,7,14,2271,34,72,2165,UTA,Central,Western
2025-2026,20251114,6,PHI,10069,Christian Dvorak,ROSTER,29.0,"6'1""",200.0,USA,"Palos, IL",False,C,16,3,6,9,1.75,0.38,0.19,0.56,14.6,12.0,1,0,0,0,0,1,1,0,0,0,0,0,0,0.0,3,46,28,10.7,9,8,10,9,8,9,2,177,95,82,53.7,3,6,3,6,0,356,164,73,122,16230,2233,1126,12871,PHI,Metropolitan,Eastern
2025-2026,20251114,17,STL,142730,Dalibor Dvorský,ROSTER,20.0,"6'1""",201.0,Slovakia,Zvolen,True,RW,7,2,0,2,1.43,0.0,0.29,0.29,12.1,4.0,0,2,0,2,0,0,0,0,0,0,0,0,0,0.0,-2,17,10,20.0,5,1,6,13,2,2,2,69,36,33,52.2,1,2,0,0,0,126,105,22,1,5935,838,149,4948,STL,Central,Western
2025-2026,20251114,143,SEA,4505,Jordan Eberle,ROSTER,35.0,"5'11""",187.0,Canada,"Regina, SK",False,RW,17,7,6,13,2.76,0.35,0.41,0.76,15.9,16.0,2,0,4,4,0,0,0,2,0,0,2,0,0,0.0,3,85,47,14.9,7,14,24,16,20,15,4,14,7,7,50.0,4,8,1,2,0,397,206,96,93,20216,7291,1647,10919,SEA,Pacific,Western
2025-2026,20251114,28,LAK,5823,Joel Edmundson,ROSTER,32.0,"6'5""",224.0,Canada,"Brandon, MB",False,D,18,1,7,8,1.5,0.39,0.06,0.44,29.0,20.0,0,0,0,0,0,0,0,0,0,0,0,0,0,0.0,5,63,27,3.7,17,21,15,20,18,15,4,0,0,0,0.0,5,10,1,2,0,397,221,45,132,18380,2683,661,15036,LAK,Pacific,Western
2025-2026,20251114,9,NYR,39222,Adam Edstrom,ROSTER,25.0,"6'6""",210.0,Sweden,,True,C,16,0,2,2,0.75,0.12,0.0,0.12,27.3,4.0,0,0,0,0,0,0,0,0,0,0,0,0,0,0.0,1,22,12,0.0,10,4,6,32,5,7,5,0,0,0,0.0,1,2,0,0,0,234,154,42,28,9574,1218,579,7405,NYR,Metropolitan,Eastern
2025-2026,20251114,16,DET,37971,Simon Edvinsson,ROSTER,22.0,"6'4""",198.0,Sweden,Kungsbacka,True,D,17,3,3,6,1.29,0.18,0.18,0.35,55.2,55.5,1,0,0,0,0,0,0,1,0,0,0,0,0,0.0,-3,51,22,13.6,41,15,14,19,30,20,5,0,0,0,0.0,12,32,4,8,0,448,290,49,112,21955,2383,930,18642,DET,Atlantic,Eastern
2025-2026,20251114,3,CAR,5419,Nikolaj Ehlers,ROSTER,29.0,"6'0""",172.0,Denmark,Aalborg,False,LW,16,3,7,10,3.0,0.44,0.19,0.62,6.4,12.0,1,1,2,3,0,0,0,2,0,0,0,0,0,0.0,4,92,48,6.2,3,23,21,6,6,18,6,14,5,9,35.7,3,6,3,6,0,304,155,49,103,15557,2379,616,12562,CAR,Metropolitan,Eastern
2025-2026,20251114,142,VGK,5597,Jack Eichel,ROSTER,29.0,"6'2""",203.0,USA,"Chelmsford, MA",False,C,16,8,15,23,4.25,0.94,0.5,1.44,14.2,0.0,2,0,10,10,0,0,0,2,0,0,1,0,0,0.0,7,107,68,11.8,11,20,19,4,6,33,13,273,135,138,49.5,0,0,6,12,0,373,203,129,49,20447,3948,3201,13252,VGK,Pacific,Western
2025-2026,20251114,4,FLO,5414,Aaron Ekblad,ROSTER,29.0,"6'4""",215.0,Canada,"Windsor, ON",False,D,17,1,3,4,1.65,0.18,0.06,0.24,32.0,16.0,0,1,0,1,0,0,0,1,0,0,0,0,0,0.0,-5,66,28,3.6,22,25,13,15,10,8,5,0,0,0,0.0,4,8,0,0,0,470,192,92,187,23396,4848,1416,17132,FLA,,
2025-2026,20251114,24,EDM,5022,Mattias Ekholm,ROSTER,35.0,"6'4""",215.0,Sweden,Borlange,False,D,19,1,6,7,1.95,0.32,0.05,0.37,51.1,8.0,0,0,1,1,0,0,0,0,0,0,0,0,0,0.0,-6,80,37,2.7,41,27,16,11,26,29,11,0,0,0,0.0,2,4,3,6,0,460,274,69,110,22958,5565,1436,15552,EDM,Pacific,Western
2025-2026,20251114,26,SJS,32927,William Eklund,ROSTER,23.0,"5'10""",176.0,Sweden,Stockholm,True,LW,14,5,6,11,2.5,0.43,0.36,0.79,20.5,4.0,1,2,3,5,0,0,0,0,0,0,0,0,0,0.0,-6,74,35,14.3,13,19,20,12,11,15,3,4,0,4,0.0,1,2,4,8,0,309,215,46,53,16590,3069,551,12970,SJS,Pacific,Western
2025-2026,20251114,12,TOR,4866,Oliver Ekman-Larsson,ROSTER,34.0,"6'2""",200.0,Sweden,Karlskrona,False,D,18,2,10,12,1.17,0.56,0.11,0.67,34.3,28.0,0,0,3,3,0,0,0,0,0,0,0,0,0,0.0,5,54,21,9.5,19,21,12,26,22,30,5,0,0,0,0.0,7,14,3,6,0,497,262,108,129,21958,4709,1290,15959,TOR,Atlantic,Eastern
2025-2026,20251114,13,OTT,4723,Lars Eller,ROSTER,36.0,"6'2""",205.0,Denmark,Rødovre,False,C,18,2,4,6,1.0,0.22,0.11,0.33,23.2,0.0,0,0,0,0,1,0,1,0,0,0,0,0,0,0.0,-2,38,18,11.1,14,14,6,15,24,9,2,179,102,77,57.0,0,0,3,6,0,344,155,94,97,14338,4877,1378,8083,OTT,Atlantic,Eastern
2025-2026,20251114,24,EDM,30040,Ty Emberson,ROSTER,25.0,"6'1""",195.0,USA,"Eau Claire, WI",True,D,16,1,2,3,0.81,0.12,0.06,0.19,41.6,4.0,0,0,0,0,0,0,0,1,0,0,0,0,0,0.0,1,27,13,7.7,27,12,2,23,44,13,4,0,0,0,0.0,1,2,2,4,0,307,176,74,54,15107,2399,1780,10772,EDM,Pacific,Western
2025-2026,20251114,25,MIN,5615,Joel Eriksson Ek,ROSTER,28.0,"6'1""",210.0,Sweden,Karlstad,False,C,18,2,9,11,3.11,0.5,0.11,0.61,31.1,20.0,0,1,4,5,0,0,0,0,0,0,0,0,0,0.0,-5,96,56,3.6,12,19,21,35,17,7,5,384,198,186,51.6,5,10,6,12,0,366,160,120,88,21071,4594,1241,15236,MIN,Central,Western
2025-2026,20251114,27,DAL,11673,Adam Erne,ROSTER,30.0,"6'1""",212.0,USA,"New Haven, CT",False,LW,14,2,1,3,0.79,0.07,0.14,0.21,30.1,4.0,0,0,0,0,0,0,0,0,0,0,0,0,0,0.0,1,26,11,18.2,7,5,10,44,6,4,1,5,2,3,40.0,1,2,1,2,0,192,113,63,17,8082,1897,931,5207,DAL,Central,Western
2025-2026,20251114,18,NSH,28523,Luke Evangelista,ROSTER,23.0,"5'11""",166.0,Canada,"Oakville, ON",True,RW,17,2,8,10,1.94,0.47,0.12,0.59,6.0,8.0,0,1,3,4,0,0,0,0,0,0,1,1,0,0.0,0,60,33,6.1,4,8,19,3,21,18,6,0,0,0,0.0,2,4,5,10,0,297,204,62,34,15412,2978,813,11623,NSH,Central,Western
2025-2026,20251114,14,MTL,17548,Jake Evans,ROSTER,29.0,"6'0""",190.0,Canada,"Toronto, ON",False,C,17,2,2,4,1.24,0.12,0.12,0.24,29.5,11.4,0,0,0,0,0,0,0,0,0,0,0,0,0,0.0,-11,45,21,9.5,17,12,12,21,21,15,3,223,128,95,57.4,1,10,3,6,0,339,150,112,79,16163,2549,2006,11608,MTL,Atlantic,Eastern
2025-2026,20251114,143,SEA,34549,Ryker Evans,ROSTER,23.0,"5'11""",189.0,Canada,"Calgary, AB",True,D,4,1,1,2,1.5,0.25,0.25,0.5,4.2,0.0,0,0,0,0,0,0,0,0,0,0,0,0,0,0.0,1,11,6,16.7,2,4,1,4,3,5,1,0,0,0,0.0,0,0,1,2,0,85,62,8,16,4497,534,0,3963,SEA,Pacific,Western
2025-2026,20251114,11,BOS,18068,Mikey Eyssimont,ROSTER,29.0,"6'0""",192.0,USA,"Littleton, CO",False,C,19,4,5,9,1.95,0.26,0.21,0.47,13.3,32.8,1,1,2,3,0,0,0,1,0,0,0,0,0,0.0,-7,63,37,10.8,7,10,16,11,18,11,2,0,0,0,0.0,6,15,6,15,1,296,156,65,79,12971,2726,685,9560,BOS,Atlantic,Eastern
2025-2026,20251114,19,CBJ,9643,Dante Fabbro,ROSTER,27.0,"6'0""",189.0,Canada,"New Westminster, BC",False,D,17,1,3,4,1.12,0.18,0.06,0.24,37.0,8.0,0,0,0,0,0,0,0,0,0,0,0,0,0,0.0,-2,44,19,5.3,31,18,7,5,33,10,6,0,0,0,0.0,2,4,3,6,0,343,184,53,104,17493,2406,1088,13820,CBJ,Metropolitan,Eastern
2025-2026,20251114,25,MIN,38005,Brock Faber,ROSTER,23.0,"6'0""",190.0,USA,"Maple Grove, MN",True,D,18,3,6,9,2.22,0.33,0.17,0.5,43.5,4.0,1,0,4,4,0,0,0,1,0,0,0,0,0,0.0,-6,81,40,7.5,36,19,22,7,30,18,8,0,0,0,0.0,1,2,1,2,0,470,325,93,55,25446,3928,1715,19803,MIN,Central,Western
2025-2026,20251114,27,DAL,5116,Radek Faksa,ROSTER,31.0,"6'3""",220.0,Czech Republic,Opava,False,C,17,1,6,7,0.41,0.35,0.06,0.41,24.8,8.0,0,0,0,0,0,0,0,0,0,0,0,0,0,0.0,2,14,7,14.3,10,4,3,27,12,6,4,131,74,57,56.5,2,4,5,10,0,282,137,54,92,11680,2485,517,8678,DAL,Central,Western
2025-2026,20251114,19,CBJ,111258,Adam Fantilli,ROSTER,21.0,"6'2""",187.0,Canada,"Nobleton, ON",True,C,17,5,7,12,2.59,0.41,0.29,0.71,20.2,12.0,1,1,0,1,0,0,0,0,0,0,2,0,1,50.0,-4,97,44,11.4,10,30,23,18,12,18,6,130,69,61,53.1,3,6,5,10,0,311,259,47,8,17140,3659,567,13023,CBJ,Metropolitan,Eastern
2025-2026,20251114,23,CGY,14537,Joel Farabee,ROSTER,25.0,"6'0""",164.0,USA,"Cicero, NY",False,LW,19,2,5,7,1.79,0.26,0.11,0.37,25.7,16.8,0,0,2,2,0,0,0,0,0,0,0,0,0,0.0,-8,65,34,5.9,14,17,14,20,29,15,3,19,8,11,42.1,2,7,2,7,1,415,226,86,105,19974,3440,1291,15245,CGY,Pacific,Western
2025-2026,20251114,17,STL,5009,Justin Faulk,ROSTER,33.0,"6'0""",217.0,USA,"South St.Paul, MN",False,D,17,3,6,9,1.82,0.35,0.18,0.53,50.8,8.0,1,1,4,5,0,0,0,0,0,0,0,0,0,0.0,-2,58,31,9.7,38,18,9,17,18,15,5,0,0,0,0.0,2,4,0,0,0,478,256,88,137,23850,5089,1187,17574,STL,Central,Western
2025-2026,20251114,5,WSH,14569,Martin Fehervary,ROSTER,26.0,"6'2""",200.0,Slovakia,Bratislava,False,D,17,1,5,6,1.24,0.29,0.06,0.35,44.8,24.8,0,0,0,0,0,0,0,0,0,0,0,0,0,0.0,4,47,21,4.8,28,17,9,27,27,12,1,0,0,0,0.0,4,11,3,9,1,365,221,69,74,19285,2133,1224,15880,WSH,Metropolitan,Eastern
2025-2026,20251114,3,CAR,56335,Dominick Fensore,ASSIGNED_TO_MINORS,24.0,"5'7""",153.0,USA,"Thornwood, NY",False,D,1,0,0,0,2.0,0.0,0.0,0.0,3.8,0.0,0,0,0,0,0,0,0,0,0,0,0,0,0,0.0,-2,5,2,0.0,3,2,1,1,3,0,0,0,0,0,0.0,0,0,0,0,0,27,15,0,12,1162,46,0,1116,CAR,Metropolitan,Eastern
2025-2026,20251114,26,SJS,17138,Mario Ferraro,ROSTER,27.0,"5'11""",185.0,Canada,"King City, ON",False,D,18,1,3,4,1.0,0.17,0.06,0.22,65.1,4.0,0,0,0,0,0,0,0,0,0,0,0,0,0,0.0,0,45,18,5.6,44,21,6,32,29,24,7,0,0,0,0.0,1,2,1,2,0,421,233,45,144,22529,1964,1109,19456,SJS,Pacific,Western
2025-2026,20251114,28,LAK,5438,Kevin Fiala,ROSTER,29.0,"5'10""",193.0,Switzerland,St. Gallen,False,LW,18,9,5,14,3.33,0.28,0.5,0.78,11.7,16.0,3,2,4,6,0,0,0,2,0,0,5,1,1,20.0,-3,114,60,15.0,6,27,27,10,19,26,5,6,1,5,16.7,4,8,4,8,0,360,165,114,90,20246,4977,2007,13562,LAK,Pacific,Western
2025-2026,20251114,1,TBL,28530,Jack Finley,ROSTER,23.0,"6'6""",213.0,USA,"St. Louis, MO",True,C,5,0,1,1,0.6,0.2,0.0,0.2,4.1,8.0,0,0,0,0,0,0,0,0,0,0,0,0,0,0.0,0,4,3,0.0,0,0,1,8,1,0,0,51,23,28,45.1,2,4,2,4,0,79,53,13,13,2798,214,239,2345,TBL,Atlantic,Eastern
2025-2026,20251114,16,DET,142439,Emmitt Finnie,ROSTER,20.0,"6'1""",195.0,Canada,"Lethbridge, AB",True,C,17,4,4,8,1.65,0.24,0.24,0.47,29.5,0.0,1,0,1,1,0,0,0,0,0,0,0,0,0,0.0,3,46,28,14.3,12,5,13,32,17,18,8,12,4,8,33.3,0,0,2,4,0,350,299,36,19,16984,3361,495,13128,DET,Atlantic,Eastern
2025-2026,20251114,143,SEA,17180,Cale Fleury,ROSTER,26.0,"6'1""",205.0,Canada,"Carlyle, SK",False,D,4,0,1,1,0.75,0.25,0.0,0.25,5.3,12.8,0,0,0,0,0,0,0,0,0,0,0,0,0,0.0,0,9,3,0.0,2,3,3,6,7,3,1,0,0,0,0.0,1,5,2,7,1,80,52,13,15,3534,453,0,3081,SEA,Pacific,Western
2025-2026,20251114,2,WPJ,5422,Haydn Fleury,ROSTER,29.0,"6'3""",208.0,Canada,"Regina, SK",False,D,15,0,0,0,0.73,0.0,0.0,0.0,40.0,12.0,0,0,0,0,0,0,0,0,0,0,0,0,0,0.0,-5,26,11,0.0,26,7,8,22,22,11,5,0,0,0,0.0,3,6,0,0,0,296,180,54,62,13382,1268,2126,9988,WPG,,
2025-2026,20251114,28,LAK,14151,Warren Foegele,ROSTER,29.0,"6'2""",198.0,Canada,"Markham, ON",False,LW,13,3,0,3,1.31,0.0,0.23,0.23,10.9,12.0,1,0,0,0,0,0,0,0,0,0,1,0,0,0.0,0,36,17,17.6,3,10,9,15,10,14,0,9,3,6,33.3,3,6,2,4,0,229,122,63,47,10296,1361,818,8117,LAK,Pacific,Western
2025-2026,20251114,6,PHI,28514,Tyson Foerster,ROSTER,23.0,"6'2""",194.0,Canada,"Alliston, ON",True,RW,12,4,3,7,1.75,0.25,0.33,0.58,12.3,15.4,1,1,0,1,0,0,0,0,0,0,0,0,0,0.0,4,45,21,19.0,7,11,13,9,17,9,3,2,1,1,50.0,2,12,0,0,0,287,199,69,24,13246,2245,577,10424,PHI,Metropolitan,Eastern
2025-2026,20251114,25,MIN,5055,Marcus Foligno,ROSTER,34.0,"6'3""",224.0,USA,"Buffalo, NY",False,LW,17,0,1,1,0.82,0.06,0.0,0.06,45.4,44.3,0,0,0,0,0,0,0,0,0,0,0,0,0,0.0,-10,31,14,0.0,14,7,10,59,11,8,2,3,0,3,0.0,7,25,4,11,1,275,140,62,73,13389,3207,1182,9000,MIN,Central,Western
2025-2026,20251114,20,CHI,4278,Nick Foligno,ROSTER,38.0,"6'0""",208.0,USA,"Buffalo, NY",False,LW,14,0,6,6,0.93,0.43,0.0,0.43,30.9,37.6,0,0,1,1,0,0,0,0,0,0,0,0,0,0.0,1,25,13,0.0,10,5,7,39,5,6,1,153,79,74,51.6,5,16,4,14,2,295,151,57,84,11919,3467,441,7854,CHI,Central,Western
2025-2026,20251114,21,VAN,5813,Derek Forbort,INJURY_LIST,33.0,"6'4""",219.0,USA,"Duluth, MN",False,D,2,0,0,0,0.5,0.0,0.0,0.0,5.5,4.0,0,0,0,0,0,0,0,0,0,0,0,0,0,0.0,0,1,1,0.0,4,0,0,2,8,5,0,0,0,0,0.0,1,2,0,0,0,39,20,6,13,1672,304,40,1328,VAN,Pacific,Western
2025-2026,20251114,2,WPJ,79680,Parker Ford,ROSTER,25.0,"5'9""",181.0,USA,"Wakefield, RI",True,C,10,0,1,1,0.6,0.1,0.0,0.1,20.2,8.0,0,0,0,0,0,0,0,0,0,0,0,0,0,0.0,-2,16,6,0.0,10,5,5,18,13,0,2,53,24,29,45.3,2,4,1,2,0,135,108,19,8,5871,1554,265,4052,WPG,,
2025-2026,20251114,18,NSH,5210,Filip Forsberg,ROSTER,31.0,"6'1""",205.0,Sweden,Ostervala,False,LW,18,7,7,14,3.17,0.39,0.39,0.78,30.8,16.0,2,0,3,3,0,0,0,0,0,0,1,0,1,100.0,0,113,57,12.3,9,33,23,41,9,20,10,8,2,6,25.0,4,8,8,16,0,384,175,166,51,20506,4265,4873,11533,NSH,Central,Western
2025-2026,20251114,4,FLO,10072,Gustav Forsling,ROSTER,29.0,"6'0""",186.0,Sweden,Linkping,False,D,17,0,8,8,1.29,0.47,0.0,0.47,29.1,4.0,0,0,0,0,0,0,0,0,0,0,0,0,0,0.0,3,56,22,0.0,18,24,10,18,12,12,5,0,0,0,0.0,1,2,4,8,0,459,260,102,97,22621,3692,2361,16568,FLA,,
2025-2026,20251114,17,STL,4800,Cam Fowler,ROSTER,33.0,"6'2""",214.0,Canada,"Windsor, ON",False,D,17,0,6,6,1.47,0.35,0.0,0.35,14.3,8.0,0,0,4,4,0,1,1,0,0,0,0,0,0,0.0,-9,62,25,0.0,12,27,10,2,16,12,4,0,0,0,0.0,2,4,1,2,0,461,249,114,98,23202,4777,1400,17025,STL,Central,Western
2025-2026,20251114,9,NYR,17179,Adam Fox,ROSTER,27.0,"5'11""",181.0,USA,"Jericho, NY",False,D,18,3,12,15,2.0,0.67,0.17,0.83,37.9,20.0,1,1,2,3,0,1,1,1,0,0,0,0,0,0.0,2,98,36,8.3,30,45,18,9,24,23,14,0,0,0,0.0,5,10,4,8,0,466,228,150,71,25797,4968,1927,17965,NYR,Metropolitan,Eastern
2025-2026,20251114,5,WSH,120029,Ethan Frank,ROSTER,27.0,"5'11""",185.0,USA,"Papillion, NE",True,C,6,0,3,3,0.83,0.5,0.0,0.5,7.1,8.0,0,0,1,1,0,0,0,0,0,0,0,0,0,0.0,3,11,5,0.0,5,4,2,3,7,2,1,0,0,0,0.0,2,4,2,4,0,98,80,15,1,4078,1194,13,2770,WSH,Metropolitan,Eastern
2025-2026,20251114,24,EDM,9655,Trent Frederic,ROSTER,27.0,"6'2""",203.0,USA,"St. Louis, MO",False,C,19,1,0,1,0.89,0.0,0.05,0.05,32.0,28.8,0,0,0,0,0,0,0,1,0,0,0,0,0,0.0,-7,32,17,5.9,6,9,6,50,16,7,0,39,20,19,51.3,5,13,4,11,1,298,157,100,37,14156,2834,1530,9528,EDM,Pacific,Western
2025-2026,20251114,23,CGY,13642,Morgan Frost,ROSTER,26.0,"5'11""",170.0,Canada,"Barrie, ON",False,C,19,3,5,8,1.68,0.26,0.16,0.42,17.7,24.0,1,0,3,3,0,0,0,0,0,0,2,0,1,50.0,2,57,32,9.4,10,14,11,13,7,9,4,262,143,119,54.6,6,12,2,4,0,373,196,91,90,18333,3909,1510,13102,CGY,Pacific,Western
2025-2026,20251114,4,FLO,13855,Jonah Gadjovich,ROSTER,27.0,"6'2""",200.0,Canada,"Whitby, ON",False,LW,10,0,3,3,0.8,0.3,0.0,0.3,18.5,16.8,0,0,0,0,0,0,0,0,0,0,0,0,0,0.0,2,12,8,0.0,3,4,0,30,10,3,3,0,0,0,0.0,2,7,1,5,1,112,78,30,4,4766,977,768,3021,FLA,,
2025-2026,20251114,14,MTL,5149,Brendan Gallagher,ROSTER,33.0,"5'9""",186.0,Canada,"Edmonton, AB",False,RW,17,0,7,7,1.35,0.41,0.0,0.41,9.7,12.0,0,0,1,1,0,0,0,0,0,0,0,0,0,0.0,0,42,23,0.0,1,12,7,17,15,7,4,2,2,0,100.0,3,6,2,4,0,298,166,72,60,13652,4276,1060,8316,MTL,Atlantic,Eastern
2025-2026,20251114,21,VAN,5718,Conor Garland,ROSTER,29.0,"5'10""",165.0,USA,"Scituate, MA",False,RW,15,4,8,12,2.6,0.53,0.27,0.8,11.8,12.0,1,0,4,4,0,0,0,1,0,0,1,0,0,0.0,5,70,39,10.3,7,13,18,8,24,18,5,12,4,8,33.3,3,6,4,8,0,351,144,84,127,18872,3454,998,14420,VAN,Pacific,Western
2025-2026,20251114,8,NYI,53056,Marc Gatcomb,ASSIGNED_TO_MINORS,26.0,"6'2""",194.0,USA,"Woburn, MA",True,C,1,0,0,0,1.0,0.0,0.0,0.0,3.5,0.0,0,0,0,0,0,0,0,0,0,0,0,0,0,0.0,0,1,1,0.0,0,0,0,7,1,0,0,0,0,0,0.0,0,0,0,0,0,12,4,0,8,513,59,0,454,NYI,Metropolitan,Eastern
2025-2026,20251114,6,PHI,120274,Jacob Gaucher,ASSIGNED_TO_MINORS,24.0,"6'3""",185.0,Canada,"Longueuil, QC",True,C,3,0,0,0,1.0,0.0,0.0,0.0,2.1,0.0,0,0,0,0,0,0,0,0,0,0,0,0,0,0.0,-1,4,3,0.0,1,0,1,2,1,2,0,19,9,10,47.4,0,0,1,2,0,38,28,2,8,1578,205,120,1253,PHI,Metropolitan,Eastern
2025-2026,20251114,26,SJS,5737,Adam Gaudette,ROSTER,29.0,"6'1""",170.0,USA,"Braintree, MA",False,RW,14,4,1,5,1.29,0.07,0.29,0.36,8.3,16.0,1,1,0,1,0,0,0,1,0,0,0,0,0,0.0,-4,35,18,22.2,2,10,7,12,13,6,3,67,31,36,46.3,4,8,1,2,0,212,112,51,53,9438,1544,594,7300,SJS,Pacific,Western
2025-2026,20251114,143,SEA,10097,Frederick Gaudreau,ROSTER,32.0,"6'0""",179.0,Canada,"Granby, QC",False,C,4,0,1,1,0.75,0.25,0.0,0.25,6.6,0.0,0,0,0,0,0,0,0,0,0,0,0,0,0,0.0,0,6,3,0.0,5,2,1,2,3,3,0,51,18,33,35.3,0,0,1,2,0,82,33,26,23,3088,708,311,2069,SEA,Pacific,Western
2025-2026,20251114,29,ANA,56588,Cutter Gauthier,ROSTER,21.0,"6'3""",200.0,,"Skellefteå, Sweden",False,LW,17,12,9,21,4.53,0.53,0.71,1.24,16.5,20.0,4,3,1,4,0,0,0,1,0,0,0,0,0,0.0,10,133,77,15.6,8,29,26,15,21,12,2,30,13,17,43.3,5,10,3,6,0,377,240,43,107,18232,1965,217,16018,ANA,Pacific,Western
2025-2026,20251114,9,NYR,5754,Vladislav Gavrikov,ROSTER,29.0,"6'3""",213.0,Russia,Yaroslavl,True,D,18,2,4,6,1.44,0.22,0.11,0.33,29.8,28.0,0,0,0,0,0,0,0,0,0,0,0,0,0,0.0,6,67,26,7.7,25,28,13,4,25,14,5,0,0,0,0.0,7,14,3,6,0,468,222,83,147,24363,1929,1436,20214,NYR,Metropolitan,Eastern
2025-2026,20251114,1,TBL,43380,Conor Geekie,ASSIGNED_TO_MINORS,21.0,"6'3""",196.0,Canada,"Strathclair, MB",True,C,6,0,1,1,0.83,0.17,0.0,0.17,13.2,8.0,0,0,0,0,0,0,0,0,0,0,0,0,0,0.0,0,12,5,0.0,5,3,4,15,7,5,0,21,8,13,38.1,2,4,1,2,0,88,69,18,1,3609,818,167,2624,TBL,Atlantic,Eastern
2025-2026,20251114,11,BOS,17978,Morgan Geekie,ROSTER,27.0,"6'3""",202.0,Canada,"Strathclair, MB",False,C,19,12,6,18,2.42,0.32,0.63,0.95,24.1,12.0,4,2,3,5,0,0,0,1,0,0,0,0,0,0.0,-5,80,46,26.1,8,17,17,30,26,13,6,55,26,29,47.3,3,6,8,16,0,386,210,142,46,20611,4991,3232,12388,BOS,Atlantic,Eastern
2025-2026,20251114,15,BUF,18139,Mason Geertsen,ROSTER,30.0,"6'4""",205.0,Canada,"Drayton Valley, AB",False,LW,5,0,0,0,0.2,0.0,0.0,0.0,4.1,15.4,0,0,0,0,0,0,0,0,0,0,0,0,0,0.0,-1,2,1,0.0,0,1,0,8,5,0,0,0,0,0,0.0,2,12,0,0,0,34,22,4,8,1236,240,71,925,BUF,Atlantic,Eastern
2025-2026,20251114,26,SJS,51603,Patrick Giles,ROSTER,25.0,"6'4""",201.0,USA,"Chevy Chase, MD",True,RW,3,0,1,1,0.67,0.33,0.0,0.33,3.7,0.0,0,0,0,0,0,0,0,0,0,0,0,0,0,0.0,1,5,2,0.0,2,3,0,3,3,1,0,15,9,6,60.0,0,0,0,0,0,38,21,12,5,1596,255,30,1311,SJS,Pacific,Western
2025-2026,20251114,6,PHI,14573,Adam Ginning,ROSTER,25.0,"6'4""",206.0,Sweden,Linköping,True,D,5,0,0,0,0.4,0.0,0.0,0.0,7.6,0.0,0,0,0,0,0,0,0,0,0,0,0,0,0,0.0,0,9,2,0.0,5,4,3,4,6,5,0,0,0,0,0.0,0,0,0,0,0,101,65,8,28,4602,418,47,4137,PHI,Metropolitan,Eastern
2025-2026,20251114,22,COL,13692,Samuel Girard,ROSTER,27.0,"5'10""",170.0,Canada,"Roberval, QC",False,D,3,0,1,1,1.0,0.33,0.0,0.33,6.0,0.0,0,0,0,0,0,0,0,0,0,0,0,0,0,0.0,2,11,3,0.0,4,5,3,3,6,1,1,0,0,0,0.0,0,0,0,0,0,72,46,11,15,3270,620,379,2271,COL,Central,Western
2025-2026,20251114,1,TBL,5254,Zemgus Girgensons,ROSTER,31.0,"6'2""",211.0,Latvia,Riga,False,C,9,3,1,4,1.0,0.11,0.33,0.44,23.3,8.0,1,0,0,0,0,0,0,0,0,0,0,0,0,0.0,-3,19,9,33.3,10,6,4,24,14,5,1,57,26,31,45.6,2,4,0,0,0,200,93,65,45,8153,2195,565,5393,TBL,Atlantic,Eastern
2025-2026,20251114,13,OTT,4394,Claude Giroux,ROSTER,37.0,"5'11""",185.0,Canada,"Hearst, ON",False,RW,18,4,10,14,1.83,0.56,0.22,0.78,13.1,8.0,1,1,3,4,0,0,0,1,0,0,0,0,0,0.0,5,52,33,12.1,4,10,9,17,4,18,5,126,86,40,68.3,2,4,2,4,0,434,219,101,118,17682,5525,958,11199,OTT,Atlantic,Eastern
2025-2026,20251114,7,NJD,13621,Cody Glass,ROSTER,26.0,"6'2""",192.0,Canada,"Winnipeg, MB",False,C,10,3,0,3,1.9,0.0,0.3,0.3,7.1,12.0,1,1,0,1,0,0,0,0,0,0,0,0,0,0.0,0,26,19,15.8,5,3,4,3,9,8,0,95,46,49,48.4,3,6,3,6,0,174,88,42,47,7186,1127,252,5807,NJD,Metropolitan,Eastern
2025-2026,20251114,7,NJD,5268,Luke Glendening,ROSTER,36.0,"5'11""",191.0,USA,"Grand Rapids, MI",False,C,17,0,3,3,0.59,0.18,0.0,0.18,27.8,4.0,0,0,0,0,0,1,1,0,0,0,0,0,0,0.0,-4,17,10,0.0,15,3,4,22,13,6,1,196,102,94,52.0,1,2,0,0,0,275,118,90,67,10316,1946,792,7578,NJD,Metropolitan,Eastern
2025-2026,20251114,1,TBL,28531,Gage Goncalves,ROSTER,24.0,"6'0""",165.0,Canada,"Mission, BC",True,C,16,1,4,5,0.75,0.25,0.06,0.31,21.3,8.0,0,0,1,1,0,0,0,0,0,0,0,0,0,0.0,2,32,12,8.3,11,11,9,18,19,11,4,8,2,6,25.0,2,4,4,8,0,266,172,49,47,12059,2113,359,9586,TBL,Atlantic,Eastern
2025-2026,20251114,26,SJS,5476,Barclay Goodrow,ROSTER,32.0,"6'2""",215.0,Canada,"Aurora, ON",False,C,18,0,1,1,0.83,0.06,0.0,0.06,28.1,4.0,0,0,0,0,0,0,0,0,0,0,0,0,0,0.0,-4,25,15,0.0,13,5,5,27,13,9,3,9,3,6,33.3,1,2,1,2,0,291,134,79,78,12562,2137,1464,8961,SJS,Pacific,Western
2025-2026,20251114,3,CAR,5440,Shayne Gostisbehere,ROSTER,32.0,"5'11""",180.0,USA,"Margate, FL",False,D,7,1,7,8,1.0,1.0,0.14,1.14,10.4,4.0,0,0,1,1,0,0,0,0,0,0,0,0,0,0.0,9,21,7,14.3,8,11,3,3,4,4,2,0,0,0,0.0,1,2,1,2,0,131,78,22,33,6446,1435,382,4593,CAR,Metropolitan,Eastern
2025-2026,20251114,1,TBL,5890,Yanni Gourde,ROSTER,33.0,"5'9""",173.0,Canada,"Saint-Narcisse, QC",False,C,16,3,2,5,1.81,0.12,0.19,0.31,19.9,21.9,1,0,0,0,0,0,0,0,0,0,0,0,0,0.0,0,42,29,10.3,7,4,9,24,22,16,2,146,61,85,41.8,5,12,2,4,0,348,161,85,105,15279,3394,1362,10523,TBL,Atlantic,Eastern
2025-2026,20251114,26,SJS,133812,Collin Graf,ROSTER,23.0,"6'0""",180.0,USA,"Lincoln, MA",True,RW,17,2,4,6,0.71,0.24,0.12,0.35,21.9,0.0,0,0,0,0,1,1,2,1,0,1,0,0,0,0.0,-1,31,12,16.7,12,12,7,17,10,9,4,3,2,1,66.7,0,0,2,4,0,324,244,15,67,15327,1846,48,13433,SJS,Pacific,Western
2025-2026,20251114,29,ANA,5126,Mikael Granlund,ROSTER,33.0,"5'10""",185.0,Finland,Oulu,False,C,9,3,6,9,2.33,0.67,0.33,1.0,4.9,8.0,1,1,1,2,0,0,0,0,0,0,0,0,0,0.0,3,37,21,14.3,3,5,11,3,8,7,3,142,75,67,52.8,2,4,4,8,0,192,92,56,48,9246,2808,410,6061,ANA,Pacific,Western
2025-2026,20251114,10,PIT,15450,Ryan Graves,ROSTER,30.0,"6'5""",220.0,Canada,"Yarmouth, NS",False,D,3,1,0,1,2.67,0.0,0.33,0.33,6.1,4.0,0,0,0,0,0,0,0,0,0,0,0,0,0,0.0,1,12,8,12.5,5,3,1,1,6,4,0,0,0,0,0.0,1,2,1,2,0,56,32,10,15,2778,467,323,1988,PIT,Metropolitan,Eastern
2025-2026,20251114,6,PHI,56677,Nikita Grebenkin,ROSTER,22.0,"6'2""",183.0,Russia,Serov,False,RW,11,1,2,3,0.45,0.18,0.09,0.27,10.8,32.2,0,0,0,0,0,0,0,0,0,0,0,0,0,0.0,-3,15,5,20.0,2,7,3,17,19,7,2,2,2,0,100.0,4,19,3,9,1,139,114,14,12,6159,757,91,5311,PHI,Metropolitan,Eastern
2025-2026,20251114,20,CHI,56365,Ryan Greene,ROSTER,22.0,"6'1""",179.0,Canada,"Paradise, NL and Labrador",False,C,17,1,2,3,0.59,0.12,0.06,0.18,8.5,4.0,0,0,0,0,0,0,0,0,0,0,0,0,0,0.0,3,19,10,10.0,4,5,4,8,8,6,4,143,63,80,44.1,1,2,1,2,0,348,204,40,102,14765,1578,177,12738,CHI,Central,Western
2025-2026,20251114,15,BUF,14152,Jordan Greenway,ROSTER,28.0,"6'6""",225.0,USA,"Canton, NY",False,LW,7,1,1,2,1.43,0.14,0.14,0.29,7.8,24.8,0,0,0,0,0,0,0,0,0,0,0,0,0,0.0,-6,16,10,10.0,2,3,3,11,5,2,1,11,6,5,54.5,4,11,3,9,1,152,70,20,63,6240,1200,169,4871,BUF,Atlantic,Eastern
2025-2026,20251114,4,FLO,5634,Anthony-John Greer,ROSTER,28.0,"6'3""",204.0,Canada,"Joliette, QC",False,LW,17,3,2,5,0.59,0.12,0.18,0.29,31.3,46.4,1,0,0,0,0,0,0,0,0,0,0,0,0,0.0,0,20,10,30.0,4,4,6,53,14,9,0,7,2,5,28.6,5,19,4,17,3,211,114,47,53,9220,1658,300,7262,FLA,,
2025-2026,20251114,4,FLO,15118,Noah Gregor,ROSTER,27.0,"6'0""",185.0,Canada,"Beaumont, AB",False,LW,5,0,0,0,1.2,0.0,0.0,0.0,3.6,4.0,0,0,0,0,0,0,0,0,0,0,0,0,0,0.0,-1,9,6,0.0,1,1,2,5,2,1,0,0,0,0,0.0,1,2,0,0,0,58,37,12,9,2540,475,22,2043,FLA,,
2025-2026,20251114,13,OTT,28535,Ridly Greig,ROSTER,23.0,"6'0""",181.0,Canada,"Lethbridge, AB",True,C,18,2,5,7,1.61,0.28,0.11,0.39,26.6,37.9,0,0,2,2,0,0,0,0,0,0,0,0,0,0.0,-1,52,29,6.9,13,13,10,24,31,8,5,114,65,49,57.0,9,20,6,12,0,443,257,75,113,18667,3174,732,14761,OTT,Atlantic,Eastern
2025-2026,20251114,23,CGY,142358,Matvei Gridin,ASSIGNED_TO_MINORS,,,,,,False,RW,4,1,0,1,2.25,0.0,0.25,0.25,3.8,0.0,0,0,0,0,0,0,0,0,0,0,1,0,0,0.0,-3,15,9,11.1,3,4,2,1,4,6,2,4,0,4,0.0,0,0,0,0,0,76,68,8,1,3532,574,41,2917,CGY,Pacific,Western
2025-2026,20251114,7,NJD,56524,Arseni Gritsyuk,ROSTER,24.0,"5'10""",168.0,Russia,Krasnoyarsk,False,RW,17,3,5,8,2.18,0.29,0.18,0.47,12.9,8.0,1,1,1,2,0,0,0,0,0,0,0,0,0,0.0,0,70,37,8.1,2,15,18,21,22,7,6,6,4,2,66.7,2,4,1,2,0,314,215,62,40,14639,1810,940,11889,NJD,Metropolitan,Eastern
2025-2026,20251114,6,PHI,15134,Carl Grundstrom,ROSTER,27.0,"6'0""",201.0,Sweden,Umeå,False,RW,1,0,0,0,0.0,0.0,0.0,0.0,2.1,0.0,0,0,0,0,0,0,0,0,0,0,0,0,0,0.0,0,1,0,0.0,1,0,1,2,3,1,0,0,0,0,0.0,0,0,0,0,0,15,7,4,4,617,113,108,396,PHI,Metropolitan,Eastern
2025-2026,20251114,20,CHI,11572,Matt Grzelcyk,ROSTER,31.0,"5'9""",174.0,USA,"Charlestown, MA",False,D,17,0,4,4,1.29,0.24,0.0,0.24,17.5,4.0,0,0,0,0,0,0,0,0,0,0,0,0,0,0.0,10,40,22,0.0,13,9,9,6,19,13,5,0,0,0,0.0,1,2,1,2,0,350,179,72,97,15580,2515,925,11896,CHI,Central,Western
2025-2026,20251114,29,ANA,5185,Radko Gudas,ROSTER,35.0,"6'0""",205.0,Czech Republic,Prague,False,D,7,0,2,2,1.14,0.29,0.0,0.29,25.0,4.0,0,0,0,0,0,0,0,0,0,0,0,0,0,0.0,-5,16,8,0.0,12,4,4,23,9,6,2,0,0,0,0.0,1,2,0,0,0,141,83,13,46,6543,1319,409,4782,ANA,Pacific,Western
2025-2026,20251114,19,CBJ,4988,Erik Gudbranson,ROSTER,33.0,"6'5""",217.0,Canada,"Ottawa, ON",False,D,4,0,0,0,0.75,0.0,0.0,0.0,3.6,12.0,0,0,0,0,0,0,0,0,0,0,0,0,0,0.0,-2,7,3,0.0,1,3,1,5,4,3,1,0,0,0,0.0,3,6,0,0,0,75,36,8,28,3562,700,350,2303,CBJ,Metropolitan,Eastern
2025-2026,20251114,30,UTA,33436,Dylan Guenther,ROSTER,22.0,"6'2""",175.0,Canada,"Edmonton, AB",True,RW,17,6,7,13,3.41,0.41,0.35,0.76,13.7,12.0,2,1,2,3,0,0,0,4,0,2,0,0,0,0.0,1,108,58,10.3,5,21,29,16,27,18,4,16,7,9,43.8,3,6,6,12,0,360,225,33,108,18066,2994,330,14742,UTA,Central,Western
2025-2026,20251114,1,TBL,11327,Jake Guentzel,ROSTER,31.0,"5'11""",180.0,USA,"Omaha, NE",False,C,16,7,9,16,2.88,0.56,0.44,1.0,14.1,8.0,2,1,3,4,1,0,1,1,0,0,0,0,0,0.0,-1,71,46,15.2,10,9,16,6,12,12,5,67,35,32,52.2,2,4,3,6,0,381,182,116,90,20124,5192,2992,11903,TBL,Atlantic,Eastern
2025-2026,20251114,14,MTL,28518,Kaiden Guhle,ROSTER,23.0,"6'2""",205.0,Canada,"Sherwood Park, AB",True,D,5,1,1,2,1.4,0.2,0.2,0.4,13.7,16.8,0,0,0,0,0,0,0,1,0,0,0,0,0,0.0,1,13,7,14.3,5,5,1,16,12,7,3,0,0,0,0.0,2,7,3,9,1,103,63,14,28,5772,629,59,5084,MTL,Atlantic,Eastern
2025-2026,20251114,1,TBL,17379,Brandon Hagel,ROSTER,27.0,"6'0""",175.0,Canada,"Saskatoon, SK",True,LW,16,7,7,14,2.75,0.44,0.44,0.88,14.5,20.0,2,1,2,3,0,0,0,2,0,0,0,0,0,0.0,4,102,44,15.9,8,21,37,11,25,20,8,7,2,5,28.6,5,10,7,14,0,383,214,120,57,18720,4736,2355,11657,TBL,Atlantic,Eastern
2025-2026,20251114,18,NSH,14446,Nicolas Hague,ROSTER,26.0,"6'6""",221.0,Canada,"Kitchener, ON",False,D,10,1,2,3,0.7,0.2,0.1,0.3,18.6,12.0,0,0,0,0,0,0,0,0,0,0,0,0,0,0.0,-4,29,7,14.3,9,13,9,17,17,8,1,0,0,0,0.0,3,6,0,0,0,238,127,38,74,12060,1818,751,9491,NSH,Central,Western
2025-2026,20251114,25,MIN,53028,Hunter Haight,ASSIGNED_TO_MINORS,21.0,"5'11""",174.0,Canada,"Strathroy, ON",True,C,2,0,0,0,0.0,0.0,0.0,0.0,1.0,0.0,0,0,0,0,0,0,0,0,0,0,0,0,0,0.0,-2,0,0,0.0,0,0,0,2,4,0,0,16,7,9,43.8,0,0,0,0,0,24,16,0,8,1124,111,0,1013,MIN,Central,Western
2025-2026,20251114,3,CAR,4846,Taylor Hall,ROSTER,34.0,"6'1""",205.0,Canada,"Calgary, AB",False,LW,16,3,5,8,1.62,0.31,0.19,0.5,11.2,20.0,1,0,0,0,0,0,0,0,0,0,0,0,0,0.0,4,57,26,11.5,6,15,16,9,31,13,5,11,5,6,45.5,5,10,5,10,0,283,149,73,64,13709,4191,546,8972,CAR,Metropolitan,Eastern
2025-2026,20251114,10,PIT,14581,Filip Hallander,ROSTER,25.0,"6'2""",188.0,Sweden,Sundsvall,True,C,13,1,3,4,1.69,0.23,0.08,0.31,7.1,4.0,0,0,0,0,1,0,1,1,0,0,0,0,0,0.0,4,47,22,4.5,5,13,12,3,11,12,2,2,0,2,0.0,1,2,3,6,0,234,140,56,39,10251,2053,813,7385,PIT,Metropolitan,Eastern
2025-2026,20251114,7,NJD,53065,Brian Halonen,ROSTER,26.0,"6'0""",205.0,USA,"Delano, MN",True,LW,9,1,0,1,0.44,0.0,0.11,0.11,11.3,12.8,0,0,0,0,0,0,0,1,0,0,0,0,0,0.0,-1,11,4,25.0,2,3,4,18,9,2,2,0,0,0,0.0,1,5,1,5,1,96,80,16,1,4051,1215,211,2625,NJD,Metropolitan,Eastern
2025-2026,20251114,7,NJD,4994,Dougie Hamilton,ROSTER,32.0,"6'6""",229.0,Canada,"Toronto, ON",False,D,14,4,3,7,2.5,0.21,0.29,0.5,27.6,13.9,1,2,2,4,0,0,0,1,0,0,0,0,0,0.0,1,81,35,11.4,18,28,18,15,17,25,2,0,0,0,0.0,3,8,1,2,0,350,183,46,125,17623,4577,661,12385,NJD,Metropolitan,Eastern
2025-2026,20251114,16,DET,4915,Travis Hamonic,ROSTER,35.0,"6'2""",205.0,Canada,"St. Malo, MB",False,D,9,0,1,1,1.11,0.11,0.0,0.11,14.8,33.6,0,0,0,0,0,0,0,0,0,0,0,0,0,0.0,-2,17,10,0.0,11,6,1,5,15,8,1,0,0,0,0.0,4,14,2,10,2,181,101,31,49,7499,1616,444,5439,DET,Atlantic,Eastern
2025-2026,20251114,142,VGK,5600,Noah Hanifin,ROSTER,28.0,"6'3""",215.0,USA,"Boston, MA",False,D,6,0,2,2,2.83,0.33,0.0,0.33,7.6,4.0,0,0,0,0,0,0,0,0,0,0,0,0,0,0.0,-4,40,17,0.0,5,15,8,4,10,7,4,0,0,0,0.0,1,2,1,2,0,163,90,30,43,8415,757,445,7213,VGK,Pacific,Western
2025-2026,20251114,23,CGY,8966,Joel Hanley,ROSTER,34.0,"5'11""",190.0,Canada,"Keswick, ON",False,D,18,0,3,3,0.67,0.17,0.0,0.17,34.9,24.8,0,0,0,0,0,0,0,0,0,0,0,0,0,0.0,-4,39,12,0.0,25,15,12,14,42,19,4,0,0,0,0.0,4,11,1,5,1,478,248,100,130,18150,2192,1831,14127,CGY,Pacific,Western
2025-2026,20251114,29,ANA,14456,Jansen Harkins,ROSTER,28.0,"6'1""",183.0,USA,"North Vancouver, BC, Canada",True,C,7,1,0,1,0.57,0.0,0.14,0.14,15.5,4.0,0,0,0,0,0,0,0,0,0,0,0,0,0,0.0,0,7,4,25.0,3,2,1,24,4,2,2,47,23,24,48.9,1,2,2,4,0,97,55,27,16,3889,742,271,2876,ANA,Pacific,Western
2025-2026,20251114,27,DAL,20433,Thomas Harley,ROSTER,24.0,"6'3""",188.0,USA,"Syracuse, NY",True,D,18,1,9,10,1.17,0.5,0.06,0.56,52.3,16.0,0,0,3,3,0,0,0,0,0,0,0,0,0,0.0,-7,66,21,4.8,43,33,12,9,32,26,7,0,0,0,0.0,4,8,2,4,0,444,279,97,64,24824,3915,1502,19137,DAL,Central,Western
2025-2026,20251114,11,BOS,38615,Jordan Harris,ROSTER,25.0,"5'11""",189.0,USA,"Haverhill, MA",True,D,5,1,1,2,1.8,0.2,0.2,0.4,5.4,0.0,0,0,0,0,0,0,0,0,0,0,0,0,0,0.0,0,12,9,11.1,3,1,2,4,15,5,1,0,0,0,0.0,0,0,0,0,0,106,72,18,17,4689,1056,345,3288,BOS,Atlantic,Eastern
2025-2026,20251114,25,MIN,5522,Ryan Hartman,ROSTER,31.0,"6'0""",189.0,USA,"Hilton Head Island, SC",False,RW,18,4,2,6,2.22,0.11,0.22,0.33,28.7,8.0,1,1,0,1,0,0,0,1,0,0,0,0,0,0.0,-5,89,40,10.0,19,22,27,15,21,12,9,234,100,134,42.7,2,4,6,12,0,304,152,117,39,17359,3179,2729,11451,MIN,Central,Western
2025-2026,20251114,6,PHI,5926,Garnet Hathaway,ROSTER,33.0,"6'3""",210.0,USA,"Naples, FL",False,RW,16,0,0,0,0.5,0.0,0.0,0.0,41.6,40.8,0,0,0,0,0,0,0,0,0,0,0,0,0,0.0,-7,14,8,0.0,11,2,4,58,19,7,1,4,4,0,100.0,8,19,8,19,1,234,117,43,74,9343,1832,468,7043,PHI,Metropolitan,Eastern
2025-2026,20251114,18,NSH,5301,Erik Haula,ROSTER,34.0,"6'0""",193.0,Finland,Pori,False,LW,18,3,7,10,1.28,0.39,0.17,0.56,21.4,36.0,1,1,2,3,0,0,0,0,0,0,1,0,1,100.0,-4,46,23,13.0,7,13,10,27,13,13,6,197,101,96,51.3,9,18,1,2,0,386,178,117,95,17357,4469,1178,11868,NSH,Central,Western
2025-2026,20251114,143,SEA,12273,John Hayden,ASSIGNED_TO_MINORS,30.0,"6'3""",215.0,USA,"Chicago, IL",False,C,3,0,0,0,0.67,0.0,0.0,0.0,5.8,4.0,0,0,0,0,0,0,0,0,0,0,0,0,0,0.0,-1,5,2,0.0,2,2,1,7,0,2,1,15,6,9,40.0,1,2,0,0,0,42,19,11,12,1814,490,44,1280,SEA,Pacific,Western
2025-2026,20251114,10,PIT,5461,Kevin Hayes,ROSTER,33.0,"6'5""",216.0,USA,"Boston, MA",False,RW,2,0,0,0,1.0,0.0,0.0,0.0,3.0,0.0,0,0,0,0,0,0,0,0,0,0,0,0,0,0.0,0,3,2,0.0,0,0,1,6,1,2,0,8,2,6,25.0,0,0,0,0,0,29,16,12,1,1283,233,134,916,PIT,Metropolitan,Eastern
2025-2026,20251114,30,UTA,14528,Barrett Hayton,ROSTER,25.0,"6'1""",190.0,Canada,"Kitchener, ON",False,C,15,2,2,4,1.53,0.13,0.13,0.27,7.2,23.5,0,0,0,0,0,0,0,0,0,0,0,0,0,0.0,3,40,23,8.7,6,5,12,1,13,11,4,167,90,77,53.9,4,16,4,8,0,321,200,84,39,14267,2560,1228,10479,UTA,Central,Western
2025-2026,20251114,1,TBL,4685,Victor Hedman,ROSTER,34.0,"6'6""",229.0,Sweden,Ornskoldsvik,False,D,15,0,12,12,1.53,0.8,0.0,0.8,34.7,8.0,0,0,6,6,0,0,0,0,0,0,0,0,0,0.0,1,73,23,0.0,28,26,24,7,10,25,5,0,0,0,0.0,2,4,5,10,0,392,215,58,119,20336,6813,1204,12319,TBL,Atlantic,Eastern
2025-2026,20251114,8,NYI,30049,Emil Heineman,ROSTER,23.0,"6'1""",185.0,Sweden,Leksand,True,LW,17,7,4,11,2.29,0.24,0.41,0.65,39.2,16.0,2,1,0,1,0,0,0,0,0,0,0,0,0,0.0,5,74,39,17.9,7,16,19,62,29,9,3,4,3,1,75.0,4,8,1,2,0,330,250,52,35,14908,2496,412,12000,NYI,Metropolitan,Eastern
2025-2026,20251114,10,PIT,10076,Danton Heinen,ROSTER,30.0,"6'1""",188.0,Canada,"Langley, BC",False,LW,3,0,0,0,1.67,0.0,0.0,0.0,5.0,4.0,0,0,0,0,0,0,0,0,0,0,0,0,0,0.0,-1,8,5,0.0,4,2,1,1,2,0,0,4,2,2,50.0,1,2,0,0,0,51,28,12,11,2124,314,284,1526,PIT,Metropolitan,Eastern
2025-2026,20251114,27,DAL,13618,Miro Heiskanen,ROSTER,26.0,"6'1""",190.0,Finland,Espoo,False,D,18,3,14,17,2.28,0.78,0.17,0.94,37.6,12.0,1,1,6,7,0,0,0,1,0,0,0,0,0,0.0,-2,77,41,7.3,32,23,13,4,45,21,12,0,0,0,0.0,3,6,8,16,0,448,248,139,57,27420,6457,2766,17884,DAL,Central,Western
2025-2026,20251114,28,LAK,37992,Samuel Helenius,ROSTER,22.0,"6'6""",201.0,Finland,Järvenpää,True,C,2,0,0,0,1.0,0.0,0.0,0.0,5.7,0.0,0,0,0,0,0,0,0,0,0,0,0,0,0,0.0,-1,3,2,0.0,1,0,1,9,1,1,0,11,3,8,27.3,0,0,0,0,0,25,23,0,2,1100,106,0,994,LAK,Pacific,Western
2025-2026,20251114,29,ANA,38013,Drew Helleson,ROSTER,24.0,"6'3""",205.0,USA,"Farmington, MN",True,D,17,2,7,9,1.06,0.41,0.12,0.53,32.3,4.0,0,0,0,0,0,2,2,0,0,0,0,0,0,0.0,0,48,18,11.1,19,24,6,22,28,14,7,0,0,0,0.0,1,2,2,4,0,442,174,46,224,19606,1287,306,18013,ANA,Pacific,Western
2025-2026,20251114,24,EDM,4983,Adam Henrique,ROSTER,35.0,"6'0""",195.0,Canada,"Brantford, ON",False,C,19,2,4,6,1.58,0.21,0.11,0.32,30.2,4.0,0,0,1,1,0,0,0,0,0,0,0,0,0,0.0,-6,49,30,6.7,24,10,9,7,8,14,4,176,105,71,59.7,1,2,0,0,0,362,179,83,95,16108,4873,699,10281,EDM,Pacific,Western
2025-2026,20251114,142,VGK,5255,Tomas Hertl,ROSTER,32.0,"6'2""",215.0,Czech Republic,Prague,False,C,16,7,6,13,2.81,0.38,0.44,0.81,16.3,16.0,2,3,1,4,0,0,0,1,0,0,0,0,0,0.0,1,85,45,15.6,6,20,20,19,13,11,4,268,165,103,61.6,4,8,5,12,0,326,144,93,96,17476,4749,1514,11118,VGK,Pacific,Western
2025-2026,20251114,25,MIN,5841,Vincent Hinostroza,ROSTER,31.0,"5'9""",173.0,USA,"Chicago, IL",False,C,18,2,3,5,1.06,0.17,0.11,0.28,14.2,8.0,0,0,1,1,0,0,0,1,0,0,0,0,0,0.0,-5,45,19,10.5,5,13,13,17,18,13,6,18,10,8,55.6,2,4,5,12,0,247,103,85,61,12749,2912,1179,8658,MIN,Central,Western
2025-2026,20251114,27,DAL,5643,Roope Hintz,ROSTER,28.0,"6'3""",220.0,Finland,Tampere,False,C,13,4,9,13,3.08,0.69,0.31,1.0,11.6,4.0,1,1,6,7,0,0,0,1,0,1,0,0,0,0.0,-2,58,40,10.0,5,5,13,12,7,11,0,207,117,90,56.5,1,2,1,2,0,313,137,89,91,14387,3619,920,9848,DAL,Central,Western
2025-2026,20251114,7,NJD,13616,Nico Hischier,ROSTER,26.0,"6'1""",175.0,Switzerland,Naters,False,C,17,3,9,12,1.88,0.53,0.18,0.71,25.2,8.0,1,0,3,3,0,0,0,0,0,0,0,0,0,0.0,5,72,32,9.4,19,23,17,8,9,14,8,341,181,160,53.1,2,4,4,8,0,424,205,97,125,21221,3964,1212,16045,NJD,Metropolitan,Eastern
2025-2026,20251114,13,OTT,38443,Hayden Hodgson,ROSTER,29.0,"6'2""",207.0,Canada,"Windsor, ON",True,RW,2,0,0,0,0.0,0.0,0.0,0.0,2.5,0.0,0,0,0,0,0,0,0,0,0,0,0,0,0,0.0,-1,0,0,0.0,0,0,0,5,2,0,0,0,0,0,0.0,0,0,0,0,0,21,14,6,1,839,165,68,606,OTT,Atlantic,Eastern
2025-2026,20251114,17,STL,30060,Dylan Holloway,ROSTER,24.0,"6'1""",203.0,Canada,"Calgary, AB",True,LW,17,4,4,8,2.29,0.24,0.24,0.47,39.4,8.0,1,1,1,2,0,0,0,0,0,0,0,0,0,0.0,-8,76,39,10.3,14,27,10,47,27,14,3,8,4,4,50.0,2,4,4,8,0,364,233,95,40,18937,4505,2180,12252,STL,Central,Western
2025-2026,20251114,1,TBL,39074,Pontus Holmberg,ROSTER,26.0,"5'10""",175.0,Sweden,Västerås,True,RW,15,1,4,5,1.0,0.27,0.07,0.33,16.9,20.0,0,0,0,0,0,0,0,1,0,0,0,0,0,0.0,1,31,15,6.7,7,7,9,18,21,8,2,35,11,24,31.4,5,10,6,12,0,271,159,75,38,11157,2069,707,8381,TBL,Atlantic,Eastern
2025-2026,20251114,8,NYI,18114,Simon Holmstrom,ROSTER,24.0,"6'0""",193.0,Sweden,Tranas,False,RW,17,4,5,9,1.06,0.29,0.24,0.53,20.9,8.0,1,0,0,0,1,1,2,1,0,0,2,0,1,50.0,-5,41,18,22.2,17,9,14,4,15,11,3,3,1,2,33.3,2,4,5,10,0,353,209,73,76,15686,2270,1211,12280,NYI,Metropolitan,Eastern
2025-2026,20251114,142,VGK,30063,Alexander Holtz,ROSTER,23.0,"6'0""",192.0,Sweden,Stockholm,True,RW,7,0,0,0,1.71,0.0,0.0,0.0,4.3,9.9,0,0,0,0,0,0,0,0,0,0,0,0,0,0.0,-1,24,12,0.0,3,5,7,2,7,4,0,2,0,2,0.0,2,6,1,2,0,111,82,28,1,4765,1475,252,3038,VGK,Pacific,Western
2025-2026,20251114,23,CGY,111747,Samuel Honzek,ROSTER,21.0,"6'4""",186.0,Slovakia,Trencin,True,LW,17,2,2,4,1.29,0.12,0.12,0.24,23.4,4.0,0,0,0,0,0,0,0,0,0,0,0,0,0,0.0,1,42,22,9.1,6,8,12,33,14,9,1,10,6,4,60.0,1,2,3,6,0,329,274,20,37,12904,1580,76,11248,CGY,Pacific,Western
2025-2026,20251114,8,NYI,5233,Bo Horvat,ROSTER,30.0,"6'0""",215.0,Canada,"London, ON",False,C,17,12,10,22,3.35,0.59,0.71,1.29,11.6,12.0,4,3,5,8,1,0,1,3,0,0,2,1,0,0.0,9,97,57,21.1,5,20,20,12,12,18,3,311,185,126,59.5,3,6,3,6,0,414,187,132,107,21274,4354,2908,14012,NYI,Metropolitan,Eastern
2025-2026,20251114,24,EDM,56664,Isaac Howard,ROSTER,21.0,"5'10""",180.0,USA,"Hudson, WI",False,LW,17,2,1,3,1.12,0.06,0.12,0.18,2.6,20.0,0,0,0,0,0,0,0,0,0,0,1,1,0,0.0,-2,40,19,10.5,1,10,11,3,11,9,1,0,0,0,0.0,5,10,1,2,0,222,161,22,40,9689,1395,365,7916,EDM,Pacific,Western
2025-2026,20251114,142,VGK,14608,Brett Howden,ROSTER,27.0,"6'3""",197.0,Canada,"Calgary, AB",False,C,12,3,1,4,0.92,0.08,0.25,0.33,12.3,12.0,1,0,0,0,0,0,0,0,0,0,0,0,0,0.0,-5,20,11,27.3,2,4,5,20,16,10,3,67,37,30,55.2,3,6,6,12,0,230,113,93,27,10145,2044,1440,6732,VGK,Pacific,Western
2025-2026,20251114,21,VAN,15157,Filip Hronek,ROSTER,28.0,"6'0""",183.0,Czech Republic,Hradec Kralove,False,D,18,0,9,9,1.17,0.5,0.0,0.5,46.0,16.0,0,0,3,3,0,0,0,0,0,0,0,0,0,0.0,1,54,21,0.0,25,20,13,36,31,25,10,0,0,0,0.0,4,8,1,2,0,492,220,68,204,26533,2784,1035,22713,VAN,Pacific,Western
2025-2026,20251114,27,DAL,142430,Justin Hryckowian,ROSTER,,,,,,False,C,17,2,1,3,0.71,0.06,0.12,0.18,18.9,20.8,0,1,0,1,0,0,0,0,0,0,0,0,0,0.0,-2,23,12,16.7,7,3,8,22,14,3,5,40,23,17,57.5,3,9,6,17,1,248,210,21,17,11099,1865,44,9098,DAL,Central,Western
2025-2026,20251114,23,CGY,4987,Jonathan Huberdeau,ROSTER,32.0,"6'1""",202.0,Canada,"Saint-Jerome, QC",False,LW,14,4,4,8,2.0,0.29,0.29,0.57,10.8,8.0,1,1,0,1,0,0,0,1,0,0,0,0,0,0.0,1,48,28,14.3,7,9,11,6,9,16,2,5,2,3,40.0,2,4,6,12,0,336,164,94,82,16275,4712,1814,9749,CGY,Pacific,Western
2025-2026,20251114,7,NJD,17125,Jack Hughes,ROSTER,24.0,"5'11""",170.0,USA,"Orlando, FL",False,C,17,10,10,20,4.06,0.59,0.59,1.18,12.1,0.0,3,1,4,5,0,0,0,2,0,1,0,0,0,0.0,3,127,69,14.5,10,34,24,2,13,35,12,153,52,101,34.0,0,0,6,12,0,387,256,70,71,21570,4060,729,16781,NJD,Metropolitan,Eastern
2025-2026,20251114,7,NJD,37969,Luke Hughes,ROSTER,22.0,"6'2""",184.0,USA,"Canton, MI",True,D,17,0,9,9,2.12,0.53,0.0,0.53,20.2,36.0,0,0,2,2,0,0,0,0,0,0,0,0,0,0.0,1,99,36,0.0,15,49,14,7,22,25,6,0,0,0,0.0,9,18,1,2,0,431,300,93,38,23392,5078,1223,17091,NJD,Metropolitan,Eastern
2025-2026,20251114,21,VAN,14530,Quinn Hughes,ROSTER,26.0,"5'10""",170.0,USA,"Orlando, FL",False,D,14,1,12,13,2.86,0.86,0.07,0.93,16.1,4.0,0,1,6,7,0,0,0,0,0,0,0,0,0,0.0,-2,100,40,2.5,14,36,24,1,10,19,3,0,0,0,0.0,1,2,6,12,0,336,204,85,48,22681,4494,3648,14539,VAN,Pacific,Western
2025-2026,20251114,25,MIN,30091,Daemon Hunt,ROSTER,23.0,"6'0""",198.0,Canada,"Brandon, MB",True,D,4,0,1,1,0.25,0.25,0.0,0.25,7.1,0.0,0,0,0,0,0,0,0,0,0,0,0,0,0,0.0,2,6,1,0.0,5,3,2,3,10,2,1,0,0,0,0.0,0,0,2,4,0,71,40,10,21,3089,376,186,2527,MIN,Central,Western
2025-2026,20251114,14,MTL,56477,Lane Hutson,ROSTER,21.0,"5'8""",158.0,USA,"Chicago, IL",False,D,17,1,13,14,1.29,0.76,0.06,0.82,32.3,0.0,0,0,3,3,0,0,0,1,0,0,0,0,0,0.0,-4,53,22,4.5,25,26,5,9,41,23,8,0,0,0,0.0,0,0,6,12,0,400,285,32,84,23103,3781,547,18775,MTL,Atlantic,Eastern
2025-2026,20251114,142,VGK,5825,Ben Hutton,ROSTER,32.0,"6'2""",206.0,Canada,"Prescott, ON",False,D,10,0,3,3,1.5,0.3,0.0,0.3,17.0,12.8,0,0,0,0,0,0,0,0,0,0,0,0,0,0.0,0,33,15,0.0,13,11,7,5,19,13,3,0,0,0,0.0,1,5,2,7,1,212,103,48,61,9267,1819,1242,6206,VGK,Pacific,Western
2025-2026,20251114,2,WPJ,13690,Alex Iafallo,ROSTER,31.0,"6'0""",188.0,USA,"Eden, NY",False,LW,17,4,4,8,1.76,0.24,0.24,0.47,19.7,8.0,1,2,2,4,0,0,0,1,0,0,0,0,0,0.0,2,52,30,13.3,10,7,15,17,5,6,3,8,6,2,75.0,2,4,4,8,0,341,172,126,47,16038,4000,2482,9556,WPG,,
2025-2026,20251114,26,SJS,34832,Vincent Iorio,ASSIGNED_TO_MINORS,23.0,"6'4""",200.0,Canada,"Coquitlam, BC",True,D,6,0,0,0,0.5,0.0,0.0,0.0,8.2,8.0,0,0,0,0,0,0,0,0,0,0,0,0,0,0.0,-3,4,3,0.0,6,1,0,3,5,7,0,0,0,0,0.0,2,4,0,0,0,128,93,5,30,5880,621,36,5223,SJS,Pacific,Western
2025-2026,20251114,1,TBL,56357,Dominic James,INJURY_LIST,23.0,"6'0""",190.0,USA,"Plymouth, MI",True,C,9,1,3,4,1.33,0.33,0.11,0.44,14.6,8.0,0,0,0,0,0,0,0,0,0,0,0,0,0,0.0,1,28,12,8.3,4,8,8,20,15,6,2,69,32,37,46.4,2,4,1,2,0,153,122,28,4,6892,1273,228,5391,TBL,Atlantic,Eastern
2025-2026,20251114,3,CAR,11413,Mark Jankowski,ROSTER,31.0,"6'4""",212.0,Canada,"Hamilton, ON",False,LW,8,0,2,2,0.62,0.25,0.0,0.25,8.2,12.0,0,0,0,0,0,0,0,0,0,0,0,0,0,0.0,1,14,5,0.0,6,3,6,3,13,1,0,74,42,32,56.8,3,6,0,0,0,128,59,32,37,5030,623,234,4173,CAR,Metropolitan,Eastern
2025-2026,20251114,24,EDM,5827,Mattias Janmark,ROSTER,32.0,"6'1""",195.0,Sweden,Danderyd,False,C,3,0,0,0,0.67,0.0,0.0,0.0,0.5,4.0,0,0,0,0,0,0,0,0,0,0,0,0,0,0.0,0,4,2,0.0,0,1,1,1,0,0,0,2,1,1,50.0,1,2,1,2,0,47,25,13,9,2080,580,95,1405,EDM,Pacific,Western
2025-2026,20251114,12,TOR,5352,Calle Jarnkrok,ROSTER,34.0,"5'11""",186.0,Sweden,Gavle,False,C,12,4,0,4,0.92,0.0,0.33,0.33,7.9,8.0,1,0,0,0,0,0,0,0,0,0,0,0,0,0.0,-5,14,11,36.4,3,1,2,9,7,6,0,8,5,3,62.5,2,4,0,0,0,189,86,54,53,7951,2011,487,5453,TOR,Atlantic,Eastern
2025-2026,20251114,3,CAR,28144,Seth Jarvis,ROSTER,23.0,"5'10""",175.0,Canada,"Winnipeg, MB",True,C,16,10,5,15,3.38,0.31,0.62,0.94,14.9,12.0,3,1,0,1,1,0,1,4,0,2,1,0,1,100.0,3,85,54,18.5,7,9,22,14,28,16,10,23,11,12,47.8,3,6,3,6,0,360,230,72,69,18460,4218,1674,12772,CAR,Metropolitan,Eastern
2025-2026,20251114,11,BOS,14386,Tanner Jeannot,ROSTER,28.0,"6'2""",207.0,Canada,"Oxbow, SK",False,LW,19,2,6,8,1.26,0.32,0.11,0.42,43.4,41.6,0,0,1,1,0,0,0,0,0,0,0,0,0,0.0,-2,47,24,8.3,19,14,9,44,19,16,0,6,4,2,66.7,6,18,4,14,2,342,176,67,101,15221,2761,375,12085,BOS,Atlantic,Eastern
2025-2026,20251114,19,CBJ,5245,Boone Jenner,ROSTER,32.0,"6'2""",208.0,Canada,"Dorchester, ON",False,C,16,3,7,10,2.0,0.44,0.19,0.62,29.6,28.8,1,1,1,2,0,1,1,1,0,0,0,0,0,0.0,-7,69,32,9.4,13,17,20,30,12,11,2,91,51,40,56.0,5,13,4,11,1,303,149,74,80,15458,4395,1524,9502,CBJ,Metropolitan,Eastern
2025-2026,20251114,13,OTT,11592,Nick Jensen,ROSTER,35.0,"6'1""",196.0,USA,"Rogers, MN",False,D,18,1,3,4,0.72,0.17,0.06,0.22,30.8,12.0,0,0,0,0,0,0,0,0,0,0,0,0,0,0.0,-5,38,13,7.7,20,12,13,17,43,20,4,0,0,0,0.0,3,6,1,2,0,447,233,85,130,19532,3856,1146,14530,OTT,Atlantic,Eastern
2025-2026,20251114,25,MIN,53012,David Jiricek,ROSTER,21.0,"6'3""",189.0,Czech Republic,Klatovy,True,D,12,0,0,0,0.75,0.0,0.0,0.0,8.7,16.0,0,0,0,0,0,0,0,0,0,0,0,0,0,0.0,-3,26,9,0.0,6,12,5,4,18,11,3,0,0,0,0.0,4,8,0,0,0,180,129,20,31,8732,896,349,7487,MIN,Central,Western
2025-2026,20251114,16,DET,30079,Albert Johansson,ROSTER,24.0,"6'0""",168.0,Sweden,Karlstad,True,D,17,0,2,2,1.0,0.12,0.0,0.12,31.9,8.0,0,0,0,0,0,0,0,0,0,0,0,0,0,0.0,-3,51,17,0.0,21,21,13,17,23,16,4,0,0,0,0.0,2,4,5,10,0,369,230,60,79,15795,2343,774,12678,DET,Atlantic,Eastern
2025-2026,20251114,25,MIN,4882,Marcus Johansson,ROSTER,35.0,"6'1""",205.0,Sweden,Landskrona,False,LW,18,6,9,15,1.56,0.5,0.33,0.83,9.6,4.0,2,3,2,5,0,0,0,1,0,1,0,0,0,0.0,4,53,28,21.4,5,15,9,8,21,17,6,9,4,5,44.4,1,2,2,4,0,344,160,115,75,17062,4310,1687,11065,MIN,Central,Western
2025-2026,20251114,19,CBJ,37970,Kent Johnson,ROSTER,23.0,"6'1""",168.0,Canada,"Port Moody, BC",True,C,16,2,3,5,1.88,0.19,0.12,0.31,9.4,0.0,0,0,0,0,0,0,0,0,0,0,1,0,1,100.0,-8,55,30,6.7,8,16,9,1,11,13,4,0,0,0,0.0,0,0,0,0,0,269,161,54,55,13944,3454,817,9812,CBJ,Metropolitan,Eastern
2025-2026,20251114,15,BUF,34471,Ryan Johnson,ASSIGNED_TO_MINORS,24.0,"6'0""",170.0,USA,"Newport Beach, CA",True,D,3,0,0,0,0.0,0.0,0.0,0.0,4.3,4.0,0,0,0,0,0,0,0,0,0,0,0,0,0,0.0,0,4,0,0.0,3,2,2,2,6,2,2,0,0,0,0.0,1,2,0,0,0,34,14,7,13,1620,229,107,1284,BUF,Atlantic,Eastern
2025-2026,20251114,29,ANA,9081,Ross Johnston,ROSTER,31.0,"6'5""",235.0,Canada,"Charlottetown, PE",False,LW,16,1,3,4,0.31,0.19,0.06,0.25,28.3,87.4,0,0,0,0,0,0,0,0,0,0,0,0,0,0.0,2,16,5,20.0,5,3,8,45,14,8,1,4,1,3,25.0,9,41,6,27,5,208,104,45,61,8799,1677,291,6834,ANA,Pacific,Western
2025-2026,20251114,27,DAL,34837,Wyatt Johnston,ROSTER,22.0,"6'1""",178.0,Canada,"Toronto, ON",True,C,18,11,10,21,2.94,0.56,0.61,1.17,21.4,12.0,3,7,5,12,0,0,0,2,0,0,1,0,1,100.0,-4,98,53,20.8,17,24,21,5,20,13,6,219,113,106,51.6,3,6,4,8,0,443,301,106,42,23023,6882,1195,14643,DAL,Central,Western
2025-2026,20251114,11,BOS,13644,Henri Jokiharju,ROSTER,26.0,"6'0""",195.0,Finland,Oulu,False,D,19,0,3,3,0.89,0.16,0.0,0.16,24.5,12.0,0,0,1,1,0,0,0,0,0,0,0,0,0,0.0,-2,53,17,0.0,17,22,14,11,29,23,2,0,0,0,0.0,3,6,2,4,0,437,260,90,87,19587,3971,1893,13723,BOS,Atlantic,Eastern
2025-2026,20251114,25,MIN,18220,Ben Jones,ROSTER,26.0,"6'0""",187.0,Canada,"Waterloo, ON",False,C,6,0,0,0,0.83,0.0,0.0,0.0,10.9,0.0,0,0,0,0,0,0,0,0,0,0,0,0,0,0.0,-4,11,5,0.0,3,3,3,15,2,1,1,35,23,12,65.7,0,0,2,4,0,63,38,19,6,2930,732,235,1965,MIN,Central,Western
2025-2026,20251114,10,PIT,15433,Caleb Jones,INJURY_LIST,28.0,"6'1""",194.0,USA,"Arlington, TX",False,D,7,0,1,1,0.71,0.14,0.0,0.14,21.7,0.0,0,0,0,0,0,0,0,0,0,0,0,0,0,0.0,1,17,5,0.0,15,6,6,10,14,4,1,0,0,0,0.0,0,0,1,2,0,144,78,22,39,7212,1036,445,5407,PIT,Metropolitan,Eastern
2025-2026,20251114,4,FLO,5243,Seth Jones,ROSTER,31.0,"6'4""",209.0,USA,"Arlington, TX",False,D,17,1,8,9,1.53,0.47,0.06,0.53,31.7,17.9,0,1,5,6,0,0,0,0,0,0,0,0,0,0.0,-1,85,26,3.8,19,31,28,21,24,23,4,0,0,0,0.0,4,10,3,6,0,473,228,102,144,23969,4608,1522,17839,FLA,,
2025-2026,20251114,17,STL,15228,Mathieu Joseph,ROSTER,28.0,"6'1""",190.0,Canada,"Chambly, QC",False,RW,15,2,4,6,1.2,0.27,0.13,0.4,22.6,4.0,0,0,0,0,1,0,1,1,0,0,0,0,0,0.0,1,32,18,11.1,8,4,10,27,12,9,6,8,3,5,37.5,1,2,3,6,0,258,144,58,58,11413,2154,1030,8229,STL,Central,Western
2025-2026,20251114,21,VAN,13638,Pierre-Olivier Joseph,ROSTER,26.0,"6'2""",185.0,Canada,"Chambly, QC",True,D,8,0,1,1,1.12,0.12,0.0,0.12,9.3,4.0,0,0,0,0,0,0,0,0,0,0,0,0,0,0.0,-2,19,9,0.0,7,9,1,3,7,2,2,0,0,0,0.0,1,2,1,2,0,148,93,17,38,6162,595,100,5467,VAN,Pacific,Western
2025-2026,20251114,12,TOR,18183,Dakota Joshua,ROSTER,29.0,"6'2""",183.0,USA,"Dearborn, MI",False,C,18,2,3,5,0.89,0.17,0.11,0.28,45.9,8.0,0,0,0,0,0,0,0,0,0,0,0,0,0,0.0,-7,29,16,12.5,14,6,7,60,12,8,5,10,2,8,20.0,2,4,3,6,0,328,175,82,73,13319,2725,1562,9032,TOR,Atlantic,Eastern
2025-2026,20251114,18,NSH,5042,Roman Josi,ROSTER,35.0,"6'1""",201.0,Switzerland,Bern,False,D,8,1,4,5,2.38,0.5,0.12,0.62,18.7,12.0,0,0,2,2,0,0,0,0,0,0,0,0,0,0.0,-4,42,19,5.3,15,19,4,4,19,12,3,0,0,0,0.0,3,6,2,4,0,217,105,39,74,11561,3762,953,6846,NSH,Central,Western
2025-2026,20251114,18,NSH,9636,Tyson Jost,ROSTER,27.0,"5'11""",187.0,Canada,"St. Albert, AB",False,C,15,1,1,2,1.13,0.07,0.07,0.13,16.8,8.0,0,0,0,0,0,0,0,0,0,0,0,0,0,0.0,-7,29,17,5.9,6,7,5,20,19,4,8,20,9,11,45.0,2,4,4,8,0,247,124,48,77,11377,1406,850,9119,NSH,Central,Western
2025-2026,20251114,6,PHI,5621,Noah Juulsen,ROSTER,28.0,"6'2""",193.0,Canada,"Surrey, BC",False,D,16,0,1,1,0.69,0.06,0.0,0.06,26.8,8.0,0,0,0,0,0,0,0,0,0,0,0,0,0,0.0,0,25,11,0.0,10,9,5,31,36,12,2,0,0,0,0.0,2,4,4,8,0,309,155,35,119,12580,1151,395,11034,PHI,Metropolitan,Eastern
2025-2026,20251114,23,CGY,4766,Nazem Kadri,ROSTER,35.0,"6'0""",192.0,Canada,"London, ON",False,C,19,4,7,11,3.16,0.37,0.21,0.58,12.2,16.0,1,1,3,4,0,0,0,0,0,0,1,0,1,100.0,-11,128,60,6.7,6,42,26,11,19,22,6,232,107,125,46.1,4,8,8,16,0,424,218,108,103,23063,8416,1727,13154,CGY,Pacific,Western
2025-2026,20251114,20,CHI,56352,Wyatt Kaiser,ROSTER,23.0,"6'0""",173.0,USA,"Ham Lake, MN",False,D,17,0,2,2,0.71,0.12,0.0,0.12,21.5,24.0,0,0,0,0,0,0,0,0,0,0,0,0,0,0.0,7,37,12,0.0,13,13,12,14,32,23,9,0,0,0,0.0,6,12,4,8,0,428,240,39,144,20070,1903,382,17595,CHI,Central,Western
2025-2026,20251114,143,SEA,17126,Kaapo Kakko,ROSTER,24.0,"6'3""",199.0,Finland,Turku,False,RW,7,1,0,1,1.14,0.0,0.14,0.14,3.7,8.0,0,0,0,0,0,0,0,0,0,0,1,0,0,0.0,0,18,8,12.5,2,5,5,3,2,7,1,1,0,1,0.0,2,4,2,4,0,123,67,36,15,5287,1053,464,3527,SEA,Pacific,Western
2025-2026,20251114,13,OTT,28484,Arthur Kaliyev,ASSIGNED_TO_MINORS,24.0,"6'2""",190.0,USA,"Tashkent, Uzbekistan",True,RW,2,0,1,1,2.0,0.5,0.0,0.5,0.0,0.0,0,0,1,1,0,0,0,0,0,0,0,0,0,0.0,0,8,4,0.0,0,3,1,0,0,2,0,0,0,0,0.0,0,0,0,0,0,28,14,9,5,1273,251,119,903,OTT,Atlantic,Eastern
2025-2026,20251114,21,VAN,4656,Evander Kane,ROSTER,34.0,"6'2""",210.0,Canada,"Vancouver, BC",False,LW,18,3,6,9,3.11,0.33,0.17,0.5,28.3,51.5,1,1,1,2,0,0,0,0,0,0,0,0,0,0.0,-3,110,56,5.4,10,28,26,34,19,19,4,13,4,9,30.8,11,30,10,20,0,372,169,102,104,19297,4691,2420,12186,VAN,Pacific,Western
2025-2026,20251114,16,DET,4265,Patrick Kane,ROSTER,36.0,"5'10""",177.0,USA,"Buffalo, NY",False,RW,8,2,5,7,2.62,0.62,0.25,0.88,2.6,0.0,0,1,4,5,0,0,0,1,0,0,0,0,0,0.0,-6,33,21,9.5,1,4,8,3,4,7,0,0,0,0,0.0,0,0,1,2,0,158,81,46,33,8053,2952,957,4144,DET,Atlantic,Eastern
2025-2026,20251114,24,EDM,5428,Kasperi Kapanen,ROSTER,29.0,"6'1""",194.0,Finland,Kuopio,False,RW,6,0,2,2,0.67,0.33,0.0,0.33,12.5,0.0,0,0,0,0,0,0,0,0,0,0,1,1,0,0.0,-2,10,4,0.0,4,5,1,16,6,4,1,1,0,1,0.0,0,0,0,0,0,92,50,26,16,4423,1059,447,2917,EDM,Pacific,Western
2025-2026,20251114,14,MTL,37995,Oliver Kapanen,ROSTER,22.0,"6'1""",182.0,Sweden,"Sundsvall, Sweden",True,C,17,6,4,10,1.29,0.24,0.35,0.59,16.3,8.0,2,0,0,0,1,0,1,1,0,0,0,0,0,0.0,0,37,22,27.3,11,7,8,8,13,5,3,91,47,44,51.6,2,4,1,2,0,277,151,22,110,13002,1057,57,11888,MTL,Atlantic,Eastern
2025-2026,20251114,25,MIN,5730,Kirill Kaprizov,ROSTER,28.0,"5'10""",192.0,Russia,Novokuznetsk,False,LW,18,10,12,22,3.11,0.67,0.56,1.22,11.3,8.0,3,5,4,9,0,0,0,0,0,0,1,0,0,0.0,-4,112,56,17.9,7,24,32,7,13,25,2,1,0,1,0.0,2,4,5,10,0,372,186,128,67,24098,5142,2561,16395,MIN,Central,Western
2025-2026,20251114,10,PIT,4660,Erik Karlsson,ROSTER,35.0,"6'0""",190.0,Sweden,Landsbro,False,D,17,1,11,12,2.06,0.65,0.06,0.71,20.0,12.0,0,0,3,3,0,0,0,0,0,0,0,0,0,0.0,6,96,35,2.9,18,37,26,0,23,29,11,0,0,0,0.0,3,6,2,4,0,425,202,125,90,24097,4816,3078,15752,PIT,Metropolitan,Eastern
2025-2026,20251114,21,VAN,39290,Linus Karlsson,ROSTER,25.0,"6'1""",178.0,Sweden,Eksjö,True,C,15,1,3,4,1.4,0.2,0.07,0.27,13.7,4.0,0,0,0,0,0,0,0,0,0,0,0,0,0,0.0,-1,46,21,4.8,5,7,18,16,9,8,1,12,3,9,25.0,1,2,1,2,0,213,121,38,55,8859,1035,445,7379,VAN,Pacific,Western
2025-2026,20251114,142,VGK,5459,William Karlsson,ROSTER,32.0,"6'0""",195.0,Sweden,Märsta,False,C,14,4,3,7,2.14,0.21,0.29,0.5,16.0,8.0,1,1,0,1,1,0,1,1,0,0,0,0,0,0.0,-1,48,30,13.3,13,10,8,3,15,11,3,158,91,67,57.6,2,4,1,2,0,274,129,99,51,12723,3172,1891,7648,VGK,Pacific,Western
2025-2026,20251114,143,SEA,37962,Tye Kartye,ROSTER,24.0,"5'11""",202.0,Canada,"Kingston, ON",True,LW,17,1,2,3,0.71,0.12,0.06,0.18,34.5,4.0,0,0,0,0,0,0,0,0,0,0,0,0,0,0.0,-3,33,12,8.3,11,11,10,44,25,11,5,4,1,3,25.0,1,2,2,4,0,288,159,43,86,11723,1013,295,10363,SEA,Pacific,Western
2025-2026,20251114,16,DET,43336,Marco Kasper,ROSTER,21.0,"6'1""",187.0,Austria,Innsbruck,True,C,17,3,0,3,1.76,0.0,0.18,0.18,33.0,16.0,1,1,0,1,0,0,0,0,0,0,0,0,0,0.0,-6,59,30,10.0,11,12,17,41,23,15,4,172,79,93,45.9,4,8,2,4,0,344,249,42,56,15780,2275,112,13393,DET,Atlantic,Eastern
2025-2026,20251114,11,BOS,13659,Mark Kastelic,ROSTER,26.0,"6'4""",223.0,USA,"Phoenix, AZ",False,C,19,4,3,7,1.26,0.16,0.21,0.37,45.3,36.8,1,0,1,1,0,0,0,1,0,0,0,0,0,0.0,4,52,24,16.7,23,9,19,39,19,9,8,140,80,60,57.1,7,17,10,23,1,360,174,126,64,15016,2368,1545,11103,BOS,Atlantic,Eastern
2025-2026,20251114,1,TBL,11818,Boris Katchouk,ASSIGNED_TO_MINORS,27.0,"6'1""",179.0,Canada,"Vancouver, BC",False,LW,1,0,0,0,0.0,0.0,0.0,0.0,2.7,0.0,0,0,0,0,0,0,0,0,0,0,0,0,0,0.0,-1,1,0,0.0,2,0,1,1,3,0,0,8,3,5,37.5,0,0,0,0,0,18,5,6,7,794,188,53,553,TBL,Atlantic,Eastern
2025-2026,20251114,30,UTA,9633,Clayton Keller,ROSTER,27.0,"5'10""",170.0,USA,"Chesterfield, MO",False,RW,17,7,10,17,2.82,0.59,0.41,1.0,7.1,8.0,2,0,5,5,0,0,0,2,0,1,0,0,0,0.0,3,76,48,14.6,5,12,16,3,17,25,4,1,1,0,100.0,2,4,4,8,0,391,223,90,85,19641,3535,1658,14448,UTA,Central,Western
2025-2026,20251114,22,COL,15189,Parker Kelly,ROSTER,26.0,"6'0""",188.0,Canada,"Camrose, AB",False,C,18,5,3,8,1.5,0.17,0.28,0.44,33.2,16.0,1,0,0,0,1,0,1,1,0,0,0,0,0,0.0,7,44,27,18.5,13,11,6,37,15,9,2,42,17,25,40.5,4,8,4,8,0,298,134,67,102,12543,1496,845,10202,COL,Central,Western
2025-2026,20251114,18,NSH,43362,Joakim Kemell,ROSTER,21.0,"5'10""",185.0,Finland,Jyväskylän mlk,True,RW,2,0,0,0,0.5,0.0,0.0,0.0,3.1,0.0,0,0,0,0,0,0,0,0,0,0,0,0,0,0.0,0,5,1,0.0,1,3,1,4,1,0,0,1,0,1,0.0,0,0,0,0,0,28,18,10,0,1328,512,60,756,NSH,Central,Western
2025-2026,20251114,28,LAK,11731,Adrian Kempe,ROSTER,29.0,"6'2""",201.0,Sweden,Kramfors,False,RW,18,6,13,19,3.22,0.72,0.33,1.06,28.3,24.0,2,1,4,5,0,0,0,3,0,2,4,0,2,50.0,4,131,58,10.3,10,42,31,34,15,16,7,26,9,17,34.6,6,12,1,2,0,391,208,114,77,20965,4992,2255,14103,LAK,Pacific,Western
2025-2026,20251114,23,CGY,37958,Rory Kerins,ROSTER,23.0,"5'10""",175.0,Canada,"Caledon, ON",True,C,1,0,0,0,1.0,0.0,0.0,0.0,1.6,0.0,0,0,0,0,0,0,0,0,0,0,0,0,0,0.0,0,2,1,0.0,1,1,0,1,2,0,0,1,0,1,0.0,0,0,0,0,0,17,13,4,0,949,269,106,574,CGY,Pacific,Western
2025-2026,20251114,17,STL,38651,Matthew Kessel,ROSTER,25.0,"6'2""",205.0,USA,"Phoenix, AZ",True,D,8,1,0,1,0.75,0.0,0.12,0.12,4.8,8.0,0,0,0,0,0,0,0,0,0,0,0,0,0,0.0,2,11,6,16.7,2,2,3,5,5,1,1,0,0,0,0.0,2,4,1,2,0,113,89,15,10,5104,788,240,4076,STL,Central,Western
2025-2026,20251114,15,BUF,34838,Michael Kesselring,ROSTER,25.0,"6'4""",190.0,USA,"New Hampton, NH",True,D,8,0,0,0,1.25,0.0,0.0,0.0,13.0,4.0,0,0,0,0,0,0,0,0,0,0,0,0,0,0.0,-4,28,10,0.0,9,9,9,6,13,16,1,0,0,0,0.0,1,2,0,0,0,174,113,9,52,7770,552,145,7073,BUF,Atlantic,Eastern
2025-2026,20251114,11,BOS,38009,Marat Khusnutdinov,ROSTER,23.0,"5'11""",176.0,Russia,Moskva,True,C,14,2,3,5,1.14,0.21,0.14,0.36,10.8,12.0,0,0,1,1,0,0,0,1,0,1,1,0,1,100.0,0,22,16,12.5,7,3,3,6,10,7,6,33,15,18,45.5,3,6,5,10,0,246,172,59,18,11171,2828,628,7905,BOS,Atlantic,Eastern
2025-2026,20251114,29,ANA,5165,Alex Killorn,ROSTER,36.0,"6'1""",197.0,Canada,"Halifax, NS",False,LW,17,1,4,5,1.82,0.24,0.06,0.29,17.0,8.0,0,0,1,1,0,0,0,0,0,0,0,0,0,0.0,-1,55,31,3.2,8,12,12,16,11,12,5,34,15,19,44.1,2,4,3,6,0,379,193,99,87,16842,5128,1185,10467,ANA,Pacific,Western
2025-2026,20251114,10,PIT,167594,Benjamin Kindel,ROSTER,18.0,"5'11""",181.0,Canada,"Coquitlam, BC",True,C,15,5,2,7,2.07,0.13,0.33,0.47,19.5,12.0,1,2,2,4,0,0,0,0,0,0,0,0,0,0.0,-3,55,31,16.1,13,12,12,10,23,15,2,88,40,48,45.5,3,6,2,4,0,278,234,38,5,13619,2838,374,10047,PIT,Metropolitan,Eastern
2025-2026,20251114,23,CGY,12019,Justin Kirkland,UNDRAFTED,29.0,"6'3""",193.0,Canada,"Winnipeg, MB",False,C,9,0,1,1,0.56,0.11,0.0,0.11,9.9,0.0,0,0,0,0,0,0,0,0,0,0,2,1,0,0.0,-1,14,5,0.0,3,4,5,13,8,3,1,66,36,30,54.5,0,0,0,0,0,136,74,22,40,5168,670,275,4223,CGY,Pacific,Western
2025-2026,20251114,22,COL,17372,Joel Kiviranta,ROSTER,29.0,"5'10""",175.0,Finland,Vantaa,False,LW,5,0,0,0,0.6,0.0,0.0,0.0,6.8,0.0,0,0,0,0,0,0,0,0,0,0,0,0,0,0.0,1,5,3,0.0,2,2,0,9,8,4,0,2,2,0,100.0,0,0,1,4,0,80,49,14,17,3233,679,137,2417,COL,Central,Western
2025-2026,20251114,23,CGY,39261,Adam Klapka,ROSTER,25.0,"6'8""",245.0,Czech Republic,Praha,True,RW,18,2,2,4,1.0,0.11,0.11,0.22,41.7,70.4,0,0,1,1,0,0,0,0,0,0,0,0,0,0.0,1,43,18,11.1,12,12,13,56,16,3,3,10,2,8,20.0,11,31,5,19,3,254,218,28,10,10949,2001,153,8793,CGY,Pacific,Western
2025-2026,20251114,13,OTT,38006,Tyler Kleven,ROSTER,23.0,"6'4""",200.0,USA,"Fargo, ND",True,D,16,0,1,1,1.25,0.06,0.0,0.06,41.1,20.8,0,0,0,0,0,0,0,0,0,0,0,0,0,0.0,-7,41,20,0.0,27,10,11,22,30,21,4,0,0,0,0.0,3,9,3,9,1,388,254,64,70,15935,1858,935,13142,OTT,Atlantic,Eastern
2025-2026,20251114,26,SJS,5484,John Klingberg,ROSTER,33.0,"6'3""",185.0,Sweden,Gothenburg,False,D,12,2,3,5,1.42,0.25,0.17,0.42,24.0,20.0,0,2,1,3,0,0,0,0,0,0,0,0,0,0.0,-2,42,17,11.8,17,19,6,10,14,14,2,0,0,0,0.0,5,10,1,2,0,267,145,68,56,15156,4392,952,9812,SJS,Pacific,Western
2025-2026,20251114,12,TOR,37990,Matthew Knies,ROSTER,23.0,"6'3""",205.0,USA,"Phoenix, AZ",True,LW,18,5,17,22,2.33,0.94,0.28,1.22,33.3,16.0,1,2,0,2,0,0,0,0,0,0,0,0,0,0.0,4,62,42,11.9,9,14,6,46,9,16,5,0,0,0,0.0,4,8,5,10,0,427,324,65,44,22213,4942,1393,15880,TOR,Atlantic,Eastern
2025-2026,20251114,2,WPJ,30052,Cole Koepke,ROSTER,27.0,"6'1""",195.0,USA,"Two Harbors, MN",True,LW,14,0,2,2,0.93,0.14,0.0,0.14,24.7,15.4,0,0,0,0,0,0,0,0,0,0,0,0,0,0.0,-4,24,13,0.0,4,3,8,40,8,5,6,0,0,0,0.0,2,12,4,8,0,213,135,56,22,8626,1554,856,6216,WPG,,
2025-2026,20251114,10,PIT,32282,Ville Koivunen,ROSTER,22.0,"5'11""",161.0,Finland,Oulu,True,RW,10,0,2,2,1.3,0.2,0.0,0.2,6.1,0.0,0,0,1,1,0,0,0,0,0,0,1,0,0,0.0,-1,25,13,0.0,5,10,3,1,12,5,1,0,0,0,0.0,0,0,0,0,0,156,101,20,28,7470,1172,172,5763,PIT,Metropolitan,Eastern
2025-2026,20251114,142,VGK,17370,Keegan Kolesar,ROSTER,28.0,"6'2""",216.0,Canada,"Winnipeg, MB",True,RW,16,0,3,3,0.69,0.19,0.0,0.19,39.9,20.8,0,0,0,0,0,0,0,0,0,0,0,0,0,0.0,-6,19,11,0.0,14,4,4,48,21,7,2,7,2,5,28.6,3,9,1,5,1,253,128,68,58,10185,2068,953,7152,VGK,Pacific,Western
2025-2026,20251114,6,PHI,5619,Travis Konecny,ROSTER,28.0,"5'10""",175.0,Canada,"London, ON",False,RW,16,5,9,14,2.38,0.56,0.31,0.88,28.5,28.8,1,0,3,3,1,0,1,1,0,0,1,0,0,0.0,4,67,38,13.2,12,13,16,30,14,26,7,16,5,11,31.2,5,13,6,15,1,392,196,84,117,18455,2700,1039,14716,PHI,Metropolitan,Eastern
2025-2026,20251114,28,LAK,4033,Anze Kopitar,ROSTER,38.0,"6'3""",225.0,Slovenia,Jesenice,False,C,14,2,7,9,1.36,0.5,0.14,0.64,21.1,8.0,0,2,3,5,0,0,0,0,0,0,0,0,0,0.0,7,43,19,10.5,14,8,16,11,8,20,4,253,138,115,54.5,2,4,3,6,0,288,145,75,70,15619,5089,1415,9115,LAK,Pacific,Western
2025-2026,20251114,10,PIT,17958,Joona Koppanen,ROSTER,27.0,"6'5""",194.0,Finland,Tampere,False,LW,3,0,0,0,0.33,0.0,0.0,0.0,1.5,4.0,0,0,0,0,0,0,0,0,0,0,0,0,0,0.0,-1,2,1,0.0,0,0,1,3,3,0,1,11,5,6,45.5,1,2,0,0,0,50,23,12,15,2021,273,147,1601,PIT,Metropolitan,Eastern
2025-2026,20251114,142,VGK,17144,Kaedan Korczak,ROSTER,24.0,"6'3""",192.0,Canada,"Yorkton, SK",True,D,16,2,1,3,1.06,0.06,0.12,0.19,40.1,20.0,0,0,0,0,0,0,0,0,0,0,0,0,0,0.0,4,38,17,11.8,22,12,9,31,31,15,1,0,0,0,0.0,5,10,1,2,0,347,222,95,32,15681,2714,1313,11654,VGK,Pacific,Western
2025-2026,20251114,3,CAR,14526,Jesperi Kotkaniemi,ROSTER,25.0,"6'2""",198.0,Finland,Pori,False,C,14,2,3,5,1.14,0.21,0.14,0.36,22.8,0.0,0,0,0,0,0,0,0,0,0,0,0,0,0,0.0,4,28,16,12.5,10,6,6,23,15,9,2,111,53,58,47.7,0,0,4,8,0,203,104,54,47,8933,609,716,7608,CAR,Metropolitan,Eastern
2025-2026,20251114,15,BUF,34472,Tyson Kozak,ROSTER,22.0,"5'11""",173.0,Canada,"Souris, MB",True,C,11,2,0,2,0.82,0.0,0.18,0.18,22.5,4.0,0,0,0,0,0,0,0,0,0,0,0,0,0,0.0,-1,16,9,22.2,7,4,3,29,12,4,3,127,64,63,50.4,1,2,2,4,0,187,127,36,26,7404,1401,217,5786,BUF,Atlantic,Eastern
2025-2026,20251114,15,BUF,17149,Peyton Krebs,ROSTER,24.0,"5'11""",180.0,Canada,"Okotoks, AB",True,C,17,0,4,4,0.88,0.24,0.0,0.24,31.3,46.1,0,0,1,1,0,0,0,0,0,0,0,0,0,0.0,-10,27,15,0.0,9,6,6,42,21,9,5,136,62,74,45.6,7,27,7,17,1,327,192,48,87,14119,1458,494,12167,BUF,Atlantic,Eastern
2025-2026,20251114,29,ANA,5104,Chris Kreider,ROSTER,34.0,"6'3""",217.0,USA,"Boxford, MA",False,LW,13,10,3,13,2.54,0.23,0.77,1.0,8.0,20.0,3,5,2,7,0,0,0,1,0,0,0,0,0,0.0,0,58,33,30.3,4,9,16,7,4,14,2,1,0,1,0.0,5,10,1,2,0,274,164,68,52,12772,4474,781,7517,ANA,Pacific,Western
2025-2026,20251114,1,TBL,5300,Nikita Kucherov,ROSTER,32.0,"5'11""",180.0,Russia,Moscow,False,RW,14,7,7,14,2.93,0.5,0.5,1.0,4.3,4.0,2,3,2,5,0,0,0,1,0,1,0,0,0,0.0,-3,113,41,17.1,3,41,31,2,7,25,5,0,0,0,0.0,1,2,6,12,0,321,171,93,66,17765,5869,1773,10038,TBL,Atlantic,Eastern
2025-2026,20251114,24,EDM,5554,Brett Kulak,ROSTER,31.0,"6'2""",197.0,Canada,"Stony Plain, AB",False,D,19,0,2,2,1.16,0.11,0.0,0.11,23.7,4.0,0,0,0,0,0,0,0,0,0,0,0,0,0,0.0,-5,52,22,0.0,20,22,8,3,16,12,3,0,0,0,0.0,1,2,0,0,0,407,236,57,108,20634,4080,1418,14890,EDM,Pacific,Western
2025-2026,20251114,15,BUF,43367,Jiri Kulich,ROSTER,21.0,"5'11""",178.0,Czech Republic,Kadan,True,C,12,3,2,5,1.67,0.17,0.25,0.42,17.9,8.0,1,0,0,0,0,0,0,0,0,0,0,0,0,0.0,-4,43,20,15.0,12,13,10,9,9,10,1,163,68,95,41.7,2,4,4,8,0,272,185,42,48,11782,2172,126,9484,BUF,Atlantic,Eastern
2025-2026,20251114,4,FLO,4706,Dmitry Kulikov,INJURY_LIST,35.0,"6'1""",199.0,Russia,Lipetsk,False,D,2,0,0,0,0.5,0.0,0.0,0.0,0.5,0.0,0,0,0,0,0,0,0,0,0,0,0,0,0,0.0,-1,1,1,0.0,0,0,0,1,0,2,0,0,0,0,0.0,0,0,0,0,0,34,18,7,9,1293,463,134,696,FLA,,
2025-2026,20251114,4,FLO,9641,Luke Kunin,ROSTER,27.0,"6'0""",197.0,USA,"Chesterfield, MO",False,C,12,0,1,1,0.58,0.08,0.0,0.08,25.7,8.0,0,0,0,0,0,0,0,0,0,0,0,0,0,0.0,-1,13,7,0.0,14,3,3,20,12,8,1,103,47,56,45.6,2,4,1,2,0,172,92,48,32,7387,1189,982,5216,FLA,,
2025-2026,20251114,11,BOS,5568,Sean Kuraly,ROSTER,32.0,"6'2""",213.0,USA,"Dublin, OH",False,C,19,2,3,5,1.42,0.16,0.11,0.26,21.9,12.0,0,0,0,0,0,0,0,0,0,0,0,0,0,0.0,1,57,27,7.4,12,14,16,17,16,17,6,202,90,112,44.6,3,6,2,4,0,360,158,75,129,15988,4192,648,11148,BOS,Atlantic,Eastern
2025-2026,20251114,26,SJS,17991,Philipp Kurashev,ROSTER,26.0,"6'0""",190.0,Switzerland,Münsingen,False,C,16,5,5,10,2.19,0.31,0.31,0.62,13.8,12.0,1,0,0,0,0,0,0,1,0,1,1,1,0,0.0,4,58,35,14.3,6,12,11,14,14,14,4,29,15,14,51.7,3,6,2,4,0,348,181,98,74,17007,2547,1137,13323,SJS,Pacific,Western
2025-2026,20251114,28,LAK,39780,Andrei Kuzmenko,ROSTER,29.0,"5'11""",194.0,Russia,Yakutsk,True,LW,17,3,4,7,1.47,0.24,0.18,0.41,12.6,4.0,1,2,1,3,0,0,0,0,0,0,2,0,0,0.0,-1,52,25,12.0,5,15,12,14,17,23,3,0,0,0,0.0,1,2,5,10,0,263,226,36,4,15274,2802,349,12123,LAK,Pacific,Western
2025-2026,20251114,23,CGY,30014,Yan Kuznetsov,ROSTER,23.0,"6'4""",209.0,Russia,Murmansk,True,D,5,0,1,1,1.6,0.2,0.0,0.2,8.0,0.0,0,0,0,0,0,0,0,0,0,0,0,0,0,0.0,2,13,8,0.0,4,3,2,7,10,5,1,0,0,0,0.0,0,0,1,2,0,118,87,18,14,5200,658,223,4229,CGY,Pacific,Western
2025-2026,20251114,17,STL,13677,Jordan Kyrou,ROSTER,27.0,"6'0""",175.0,Canada,"Toronto, ON",False,RW,16,5,4,9,2.38,0.25,0.31,0.56,11.0,0.0,1,1,2,3,0,0,0,0,0,0,1,0,0,0.0,-8,78,38,13.2,9,22,18,2,11,4,7,1,0,1,0.0,0,0,5,10,0,335,181,89,70,16347,2994,989,12364,STL,Central,Western
2025-2026,20251114,9,NYR,56552,Noah Laba,ROSTER,22.0,"6'1""",181.0,USA,"Northville, MI",False,C,18,3,3,6,0.94,0.17,0.17,0.33,22.1,12.0,1,0,1,1,0,0,0,1,0,0,0,0,0,0.0,4,32,17,17.6,14,4,11,13,20,6,3,138,64,74,46.4,3,6,2,4,0,316,240,39,29,13439,2206,308,10362,NYR,Metropolitan,Eastern
2025-2026,20251114,21,VAN,11363,Joseph Labate,ASSIGNED_TO_MINORS,32.0,"6'3""",213.0,USA,"Eagan, MN",True,C,1,0,0,0,2.0,0.0,0.0,0.0,5.3,0.0,0,0,0,0,0,0,0,0,0,0,0,0,0,0.0,-1,3,2,0.0,2,0,1,6,1,0,0,2,1,1,50.0,0,0,0,0,0,16,11,1,4,572,139,0,433,VAN,Pacific,Western
2025-2026,20251114,29,ANA,38017,Jackson LaCombe,ROSTER,24.0,"6'2""",201.0,USA,"Eden Prairie, MN",True,D,17,0,7,7,2.06,0.41,0.0,0.41,45.3,8.0,0,0,3,3,0,0,0,0,0,0,0,0,0,0.0,-1,95,35,0.0,33,43,17,17,32,23,8,0,0,0,0.0,2,4,3,6,0,481,249,80,153,25661,3843,1020,20797,ANA,Pacific,Western
2025-2026,20251114,28,LAK,56457,Alex Laferriere,ROSTER,24.0,"6'0""",173.0,USA,"Chatham, New Jersey",False,RW,18,4,5,9,2.17,0.28,0.22,0.5,36.1,8.0,1,0,0,0,1,0,1,0,0,0,0,0,0,0.0,-1,79,39,10.3,12,20,20,45,22,17,4,75,35,40,46.7,2,4,4,8,0,383,244,63,80,17418,1728,733,14957,LAK,Pacific,Western
2025-2026,20251114,20,CHI,17188,Sam Lafferty,ROSTER,30.0,"6'1""",195.0,USA,"Hollidaysburg, PA",True,C,5,1,0,1,0.2,0.0,0.2,0.2,4.7,8.0,0,0,0,0,0,0,0,0,0,0,0,0,0,0.0,1,3,1,100.0,1,1,1,7,1,2,0,2,0,2,0.0,2,4,0,0,0,65,34,21,11,2626,404,548,1674,CHI,Central,Western
2025-2026,20251114,9,NYR,19048,Alexis Lafrenière,ROSTER,24.0,"6'1""",193.0,Canada,"St-Eustache, QC",True,LW,18,4,8,12,2.22,0.44,0.22,0.67,24.4,8.0,1,1,1,2,0,0,0,1,0,0,0,0,0,0.0,-4,70,40,10.0,11,16,17,24,20,9,5,7,2,5,28.6,2,4,1,2,0,394,274,89,22,18793,4394,1021,12785,NYR,Metropolitan,Eastern
2025-2026,20251114,14,MTL,9628,Patrik Laine,ROSTER,27.0,"6'5""",206.0,Finland,Tampere,False,LW,5,0,1,1,1.2,0.2,0.0,0.2,1.0,4.0,0,0,0,0,0,0,0,0,0,0,0,0,0,0.0,-3,20,6,0.0,0,8,6,2,2,2,0,3,2,1,66.7,1,2,1,2,0,73,46,19,8,3782,716,426,2640,MTL,Atlantic,Eastern
2025-2026,20251114,2,WPJ,53331,Brad Lambert,ROSTER,21.0,"6'1""",183.0,Finland,Lahti,True,C,4,1,0,1,0.75,0.0,0.25,0.25,2.6,4.0,0,0,0,0,0,0,0,0,0,0,0,0,0,0.0,-1,6,3,33.3,1,2,1,3,3,3,0,1,0,1,0.0,1,2,0,0,0,49,35,9,6,2166,337,94,1735,WPG,,
2025-2026,20251114,7,NJD,15266,Juho Lammikko,ROSTER,29.0,"6'2""",207.0,Finland,Noormarkku,False,C,6,0,0,0,1.17,0.0,0.0,0.0,9.7,0.0,0,0,0,0,0,0,0,0,0,0,0,0,0,0.0,0,8,7,0.0,6,0,1,6,0,2,1,40,20,20,50.0,0,0,0,0,0,87,51,15,21,3728,776,87,2865,NJD,Metropolitan,Eastern
2025-2026,20251114,22,COL,4986,Gabriel Landeskog,ROSTER,32.0,"6'1""",215.0,Sweden,Stockholm,False,LW,18,2,4,6,1.44,0.22,0.11,0.33,19.7,40.8,0,0,0,0,0,0,0,1,0,0,0,0,0,0.0,1,55,26,7.7,5,14,15,28,19,9,6,27,16,11,59.3,8,19,4,11,1,339,175,122,44,14739,3504,2483,8752,COL,Central,Western
2025-2026,20251114,5,WSH,28519,Hendrix Lapierre,ROSTER,23.0,"6'0""",179.0,Canada,"Gatineau, QC",True,C,16,0,2,2,0.94,0.12,0.0,0.12,10.4,8.0,0,0,0,0,0,0,0,0,0,0,0,0,0,0.0,-2,32,15,0.0,3,5,12,14,9,14,4,58,23,35,39.7,2,4,1,2,0,219,153,39,25,10085,2052,664,7271,WSH,Metropolitan,Eastern
2025-2026,20251114,16,DET,5829,Dylan Larkin,ROSTER,29.0,"6'1""",198.0,USA,"Waterford, MI",False,C,17,10,11,21,3.24,0.65,0.59,1.24,10.8,20.0,3,3,2,5,0,0,0,3,0,1,1,1,0,0.0,7,104,55,18.2,7,21,28,6,11,19,2,341,190,151,55.7,5,10,11,22,0,415,201,72,152,20780,4499,971,15310,DET,Atlantic,Eastern
2025-2026,20251114,143,SEA,4989,Adam Larsson,ROSTER,33.0,"6'3""",208.0,Sweden,Skelleftea,False,D,17,0,4,4,0.82,0.24,0.0,0.24,57.6,16.0,0,0,0,0,0,0,0,0,0,0,0,0,0,0.0,-4,32,14,0.0,40,14,4,26,16,8,3,0,0,0,0.0,4,8,0,0,0,431,229,79,116,22416,3710,1263,17074,SEA,Pacific,Western
2025-2026,20251114,12,TOR,5139,Scott Laughton,ROSTER,31.0,"6'1""",190.0,Canada,"Oakville, ON",False,C,2,0,0,0,0.5,0.0,0.0,0.0,4.7,4.0,0,0,0,0,0,0,0,0,0,0,0,0,0,0.0,-2,2,1,0.0,1,0,1,7,2,2,0,14,9,5,64.3,1,2,0,0,0,29,15,9,5,1030,294,96,640,TOR,Atlantic,Eastern
2025-2026,20251114,142,VGK,15369,Jeremy Lauzon,ROSTER,28.0,"6'1""",204.0,Canada,"Val-dOr, QC",False,D,16,0,4,4,0.88,0.25,0.0,0.25,57.2,61.6,0,0,0,0,0,0,0,0,0,0,0,0,0,0.0,2,47,14,0.0,26,19,14,56,32,11,2,0,0,0,0.0,11,28,7,23,2,358,184,66,109,15743,2853,1010,11868,VGK,Pacific,Western
2025-2026,20251114,24,EDM,5454,Curtis Lazar,ROSTER,30.0,"6'0""",211.0,Canada,"Salmon Arm, BC",False,C,7,1,0,1,0.29,0.0,0.14,0.14,14.7,4.0,0,0,0,0,0,0,0,0,0,0,0,0,0,0.0,0,10,2,50.0,5,3,5,18,7,0,0,20,11,9,55.0,1,2,1,2,0,98,54,26,16,4132,535,354,3202,EDM,Pacific,Western
2025-2026,20251114,26,SJS,4834,Nick Leddy,ROSTER,34.0,"6'0""",207.0,USA,"Eden Prairie, MN",False,D,7,0,2,2,0.14,0.29,0.0,0.29,12.1,8.0,0,0,0,0,0,0,0,0,0,0,0,0,0,0.0,-4,4,1,0.0,10,2,1,2,3,4,4,0,0,0,0.0,2,4,0,0,0,149,78,26,45,7223,1710,161,5352,SJS,Pacific,Western
2025-2026,20251114,8,NYI,5199,Anders Lee,ROSTER,35.0,"6'3""",231.0,USA,"Edina, MN",False,LW,17,3,8,11,2.71,0.47,0.18,0.65,23.6,24.0,1,0,1,1,0,0,0,1,0,0,0,0,0,0.0,0,77,46,6.5,13,8,23,18,20,9,3,21,13,8,61.9,6,12,6,12,0,324,174,82,71,15326,3531,1132,10663,NYI,Metropolitan,Eastern
2025-2026,20251114,3,CAR,142373,Charles-Alexis Legault,ROSTER,22.0,"6'3""",208.0,Canada,"Montreal, QB",True,D,8,1,1,2,1.25,0.12,0.12,0.25,11.2,20.0,0,0,0,0,0,0,0,0,0,0,0,0,0,0.0,4,24,10,10.0,6,8,6,9,15,8,4,0,0,0,0.0,5,10,2,4,0,158,145,6,8,6369,1006,68,5295,CAR,Metropolitan,Eastern
2025-2026,20251114,22,COL,10064,Artturi Lehkonen,ROSTER,30.0,"6'0""",180.0,Finland,Piikkiö,False,LW,18,8,10,18,2.83,0.56,0.44,1.0,23.4,4.0,2,1,1,2,0,0,0,0,0,0,1,0,0,0.0,17,85,51,15.7,17,15,19,9,21,14,3,2,0,2,0.0,1,2,2,4,0,431,202,128,108,21052,5084,2025,13943,COL,Central,Western
2025-2026,20251114,21,VAN,56699,Jonathan Lekkerimäki,INJURY_LIST,21.0,"5'10""",165.0,Sweden,Huddinge,False,RW,4,1,0,1,0.75,0.0,0.25,0.25,4.8,0.0,0,0,0,0,0,0,0,0,0,0,0,0,0,0.0,0,7,3,33.3,2,2,2,5,5,3,0,0,0,0,0.0,0,0,2,4,0,48,39,4,6,2376,312,0,2064,VAN,Pacific,Western
2025-2026,20251114,5,WSH,142776,Ryan Leonard,ROSTER,,,,,,False,RW,17,3,5,8,2.06,0.29,0.18,0.47,20.4,16.0,1,1,1,2,0,0,0,2,0,0,1,1,0,0.0,1,84,35,8.6,7,30,19,25,25,23,6,6,3,3,50.0,4,8,8,16,0,282,241,33,7,13234,2024,169,10882,WSH,Metropolitan,Eastern
2025-2026,20251114,10,PIT,4030,Kris Letang,ROSTER,38.0,"6'0""",201.0,Canada,"Montreal, QC",False,D,17,1,7,8,1.53,0.41,0.06,0.47,40.5,9.9,0,1,3,4,0,0,0,0,0,0,0,0,0,0.0,5,63,26,3.8,26,24,13,23,31,22,3,0,0,0,0.0,2,6,1,2,0,404,183,88,124,22064,4587,1635,15306,PIT,Metropolitan,Eastern
2025-2026,20251114,20,CHI,142389,Artyom Levshunov,ROSTER,,,,,,False,D,16,0,9,9,0.88,0.56,0.0,0.56,21.3,20.0,0,0,5,5,0,0,0,0,0,0,0,0,0,0.0,2,30,14,0.0,11,11,5,18,25,22,5,0,0,0,0.0,5,10,3,6,0,294,246,33,10,15066,2411,318,12081,CHI,Central,Western
2025-2026,20251114,26,SJS,15133,Timothy Liljegren,ROSTER,26.0,"6'0""",190.0,Sweden,Kristianstad,False,D,14,0,4,4,0.64,0.29,0.0,0.29,43.1,16.0,0,0,0,0,0,0,0,0,0,0,0,0,0,0.0,-1,34,9,0.0,31,17,8,17,26,15,1,0,0,0,0.0,4,8,2,4,0,343,181,68,94,17330,2184,444,14702,SJS,Pacific,Western
2025-2026,20251114,27,DAL,5910,Esa Lindell,ROSTER,31.0,"6'3""",215.0,Finland,Helsinki,False,D,18,2,3,5,0.94,0.17,0.11,0.28,41.6,8.0,0,0,0,0,0,0,0,0,0,0,0,0,0,0.0,6,40,17,11.8,32,14,9,12,37,25,8,0,0,0,0.0,2,4,1,2,0,436,219,104,110,24553,5594,1795,16918,DAL,Central,Western
2025-2026,20251114,143,SEA,14122,Ryan Lindgren,ROSTER,27.0,"6'0""",191.0,USA,"Minneapolis, MN",False,D,17,0,2,2,0.65,0.12,0.0,0.12,36.9,52.3,0,0,0,0,0,0,0,0,0,0,0,0,0,0.0,-1,40,11,0.0,30,19,10,7,18,19,2,0,0,0,0.0,9,29,3,9,1,416,242,88,78,19033,2687,1045,14981,SEA,Pacific,Western
2025-2026,20251114,11,BOS,5260,Elias Lindholm,ROSTER,30.0,"6'1""",195.0,Sweden,Boden,False,C,13,4,5,9,1.69,0.38,0.31,0.69,25.2,16.0,1,4,3,7,0,0,0,1,0,0,0,0,0,0.0,-3,48,22,18.2,14,14,12,19,5,12,3,228,131,97,57.5,4,8,1,2,0,268,134,43,95,13800,3630,268,9902,BOS,Atlantic,Eastern
2025-2026,20251114,11,BOS,5228,Hampus Lindholm,ROSTER,31.0,"6'3""",208.0,Sweden,Helsingborg,False,D,11,1,4,5,1.27,0.36,0.09,0.45,16.1,17.9,0,1,0,1,0,0,0,0,0,0,0,0,0,0.0,-1,40,14,7.1,14,14,12,1,16,10,2,0,0,0,0.0,4,10,3,6,0,282,154,49,80,13184,2594,305,10285,BOS,Atlantic,Eastern
2025-2026,20251114,10,PIT,15998,Blake Lizotte,ROSTER,27.0,"5'7""",175.0,USA,"Lindstro, MN",True,C,17,2,1,3,1.18,0.06,0.12,0.18,17.6,4.0,0,0,0,0,0,0,0,0,0,0,0,0,0,0.0,1,34,20,10.0,9,8,8,15,27,14,1,133,68,65,51.1,1,2,1,2,0,343,211,84,42,14425,2582,1198,10369,PIT,Metropolitan,Eastern
2025-2026,20251114,11,BOS,38000,Mason Lohrei,ROSTER,24.0,"6'4""",195.0,USA,"Verona, WI",True,D,14,1,8,9,0.71,0.57,0.07,0.64,24.1,4.0,0,1,2,3,0,0,0,0,0,0,0,0,0,0.0,1,44,10,10.0,18,19,15,8,28,14,5,0,0,0,0.0,1,2,1,2,0,325,246,63,17,14588,2473,566,11549,BOS,Atlantic,Eastern
2025-2026,20251114,23,CGY,13954,Ryan Lomberg,ROSTER,30.0,"5'9""",187.0,Canada,"Richmond Hill, ON",False,LW,19,0,1,1,0.89,0.05,0.0,0.05,39.0,29.6,0,0,0,0,0,0,0,0,0,0,0,0,0,0.0,1,34,17,0.0,5,8,9,66,11,7,0,6,1,5,16.7,3,12,5,16,2,231,127,49,55,9923,1711,769,7443,CGY,Pacific,Western
2025-2026,20251114,12,TOR,5781,Steven Lorentz,ROSTER,29.0,"6'3""",192.0,Canada,"Waterloo, ON",False,C,12,1,4,5,0.83,0.33,0.08,0.42,24.1,0.0,0,0,0,0,1,0,1,0,0,0,0,0,0,0.0,-5,16,10,10.0,8,2,4,30,11,7,2,22,10,12,45.5,0,0,1,2,0,170,82,65,24,7394,1563,1256,4575,TOR,Atlantic,Eastern
2025-2026,20251114,2,WPJ,5456,Adam Lowry,ROSTER,32.0,"6'5""",210.0,USA,"St. Louis, MO",False,C,5,0,2,2,1.0,0.4,0.0,0.4,15.6,0.0,0,0,0,0,0,0,0,0,0,0,0,0,0,0.0,3,9,5,0.0,9,1,3,11,1,5,1,59,26,33,44.1,0,0,0,0,0,118,60,31,27,4232,632,435,3165,WPG,,
2025-2026,20251114,6,PHI,142694,Jett Luchanko,ROSTER,,,,,,False,C,4,0,0,0,0.25,0.0,0.0,0.0,4.3,4.0,0,0,0,0,0,0,0,0,0,0,0,0,0,0.0,-3,2,1,0.0,3,0,1,2,5,1,0,21,11,10,52.4,1,2,1,2,0,45,40,3,2,2152,343,51,1758,PHI,Metropolitan,Eastern
2025-2026,20251114,4,FLO,30418,Anton Lundell,ROSTER,24.0,"6'1""",185.0,Finland,Espoo,True,C,17,4,10,14,1.82,0.59,0.24,0.82,23.8,16.0,1,2,3,5,1,1,2,0,0,0,2,0,1,50.0,0,66,31,12.9,15,17,18,14,10,21,1,304,162,142,53.3,4,8,5,10,0,409,260,120,34,19557,5338,1762,12583,FLA,,
2025-2026,20251114,19,CBJ,14546,Isac Lundestrom,ROSTER,26.0,"6'0""",191.0,Sweden,Gällivare,False,C,16,0,2,2,0.56,0.12,0.0,0.12,10.2,8.0,0,0,0,0,0,0,0,0,0,0,0,0,0,0.0,0,17,9,0.0,6,4,4,7,16,15,2,112,61,51,54.5,2,4,1,2,0,268,172,43,49,11353,1599,727,8886,CBJ,Metropolitan,Eastern
2025-2026,20251114,27,DAL,14551,Nils Lundkvist,ROSTER,25.0,"5'11""",187.0,Sweden,Pitea,True,D,4,1,2,3,0.5,0.5,0.25,0.75,7.1,4.0,0,0,0,0,0,0,0,0,0,0,0,0,0,0.0,0,7,2,50.0,5,2,3,3,11,6,0,0,0,0,0.0,1,2,0,0,0,83,45,13,26,3839,139,126,3574,DAL,Central,Western
2025-2026,20251114,4,FLO,17339,Eetu Luostarinen,ROSTER,27.0,"6'3""",184.0,Finland,Siilinjrvi,False,C,17,3,7,10,1.71,0.41,0.18,0.59,40.2,12.0,1,1,0,1,0,1,1,0,0,0,0,0,0,0.0,3,55,29,10.3,17,10,16,42,26,12,2,15,8,7,53.3,3,6,8,18,0,374,179,117,81,17185,2864,2261,12060,FLA,,
2025-2026,20251114,13,OTT,30087,Olle Lycksell,ROSTER,26.0,"5'10""",165.0,Sweden,Oskarshamn,True,RW,6,1,0,1,1.0,0.0,0.17,0.17,4.3,0.0,0,0,0,0,0,0,0,1,0,0,0,0,0,0.0,-2,9,6,16.7,3,1,2,2,6,1,0,0,0,0,0.0,0,0,1,2,0,84,59,15,11,3711,543,417,2751,OTT,Atlantic,Eastern
2025-2026,20251114,27,DAL,15176,Ilya Lyubushkin,ROSTER,31.0,"6'2""",201.0,Russia,Moskva,False,D,16,0,3,3,0.56,0.19,0.0,0.19,46.2,34.7,0,0,0,0,0,0,0,0,0,0,0,0,0,0.0,-1,18,9,0.0,32,6,3,21,39,19,3,0,0,0,0.0,6,17,1,5,1,341,184,62,94,15800,2086,759,12909,DAL,Central,Western
2025-2026,20251114,30,UTA,5259,Olli Maatta,ROSTER,31.0,"6'2""",206.0,Finland,Jyväskylä,False,D,15,0,1,1,0.47,0.07,0.0,0.07,12.2,0.0,0,0,0,0,0,0,0,0,0,0,0,0,0,0.0,-1,16,7,0.0,11,4,5,0,36,13,1,0,0,0,0.0,0,0,0,0,0,236,157,23,56,10605,1638,461,8506,UTA,Central,Western
2025-2026,20251114,12,TOR,28458,Matias Maccelli,ROSTER,25.0,"5'11""",165.0,Finland,Turku,True,LW,17,4,4,8,0.94,0.24,0.24,0.47,6.6,0.0,1,0,0,0,0,0,0,1,0,0,0,0,0,0.0,2,33,16,25.0,5,9,8,2,15,13,4,3,2,1,66.7,0,0,3,6,0,291,196,81,18,13686,3036,1210,9440,TOR,Atlantic,Eastern
2025-2026,20251114,13,OTT,11733,Kurtis MacDermid,ROSTER,31.0,"6'5""",233.0,Canada,"Sauble Beach, ON",False,LW,8,0,0,0,0.25,0.0,0.0,0.0,8.5,37.6,0,0,0,0,0,0,0,0,0,0,0,0,0,0.0,-3,2,2,0.0,4,0,0,8,2,1,0,0,0,0,0.0,5,16,4,14,2,67,31,23,13,2122,231,385,1506,OTT,Atlantic,Eastern
2025-2026,20251114,21,VAN,13674,Mackenzie MacEachern,ROSTER,31.0,"6'2""",190.0,USA,"Bloomfield Hills, MI",False,LW,3,0,1,1,1.33,0.33,0.0,0.33,7.0,0.0,0,0,0,0,0,0,0,0,0,0,0,0,0,0.0,1,5,4,0.0,4,0,1,5,4,0,0,0,0,0,0.0,0,0,0,0,0,47,24,13,10,2043,407,88,1548,VAN,Pacific,Western
2025-2026,20251114,7,NJD,15475,Zack MacEwen,ROSTER,29.0,"6'3""",205.0,Canada,"Charlottetown, PE",True,RW,3,0,0,0,1.33,0.0,0.0,0.0,4.1,0.0,0,0,0,0,0,0,0,0,0,0,0,0,0,0.0,0,7,4,0.0,1,0,3,6,2,2,1,2,0,2,0.0,0,0,0,0,0,26,18,6,2,1140,169,177,794,NJD,Metropolitan,Eastern
2025-2026,20251114,22,COL,5231,Nathan MacKinnon,ROSTER,30.0,"6'0""",200.0,Canada,"Halifax, NS",False,C,18,14,19,33,4.56,1.06,0.78,1.83,21.9,24.0,4,5,4,9,0,0,0,1,0,0,1,0,0,0.0,18,140,82,17.1,12,25,32,17,14,30,3,385,192,193,49.9,6,12,5,10,0,419,206,162,65,23179,6755,3581,12843,COL,Central,Western
2025-2026,20251114,8,NYI,34417,Kyle MacLean,ROSTER,26.0,"6'1""",190.0,USA,"Livingston, NJ",True,C,10,0,1,1,0.7,0.1,0.0,0.1,10.3,32.2,0,0,0,0,0,0,0,0,0,0,0,0,0,0.0,-5,12,7,0.0,2,2,3,16,8,2,1,16,11,5,68.8,4,19,3,9,1,134,80,37,17,5749,1114,358,4277,NYI,Metropolitan,Eastern
2025-2026,20251114,143,SEA,15128,Josh Mahura,ROSTER,27.0,"6'0""",190.0,Canada,"Edmonton, AB",False,D,13,1,1,2,0.69,0.08,0.08,0.15,29.9,23.5,0,0,0,0,0,0,0,1,0,1,0,0,0,0.0,6,24,9,11.1,21,8,7,13,18,7,2,0,0,0,0.0,4,16,1,2,0,280,171,49,57,11835,1481,725,9417,SEA,Pacific,Western
2025-2026,20251114,17,STL,37979,Logan Mailloux,ASSIGNED_TO_MINORS,22.0,"6'3""",214.0,Canada,"Belle River, ON",True,D,9,0,0,0,0.56,0.0,0.0,0.0,13.2,8.0,0,0,0,0,0,0,0,0,0,0,0,0,0,0.0,-12,18,5,0.0,6,7,6,13,17,7,1,0,0,0,0.0,2,4,1,2,0,147,110,24,13,6780,884,369,5527,STL,Central,Western
2025-2026,20251114,22,COL,13619,Cale Makar,ROSTER,27.0,"5'11""",187.0,Canada,"Calgary, AB",False,D,18,6,18,24,2.61,1.0,0.33,1.33,40.6,16.0,2,0,7,7,0,0,0,2,0,0,0,0,0,0.0,16,126,47,12.8,32,56,23,10,7,19,10,0,0,0,0.0,4,8,6,12,0,492,273,172,53,27606,6773,4795,16038,COL,Central,Western
2025-2026,20251114,22,COL,56372,Taylor Makar,ROSTER,24.0,"6'3""",190.0,Canada,"Calgary, AB",False,LW,2,0,0,0,1.5,0.0,0.0,0.0,2.0,0.0,0,0,0,0,0,0,0,0,0,0,0,0,0,0.0,0,5,3,0.0,0,1,1,4,3,0,0,0,0,0,0.0,0,0,0,0,0,20,17,3,0,798,206,0,592,COL,Central,Western
2025-2026,20251114,15,BUF,17164,Beck Malenstyn,ROSTER,27.0,"6'3""",200.0,Canada,"White Rock, BC",False,LW,16,0,1,1,1.12,0.06,0.0,0.06,47.4,4.0,0,0,0,0,0,0,0,0,0,0,0,0,0,0.0,-8,30,18,0.0,19,5,7,52,19,9,1,2,0,2,0.0,1,2,4,8,0,260,120,27,113,10676,1519,98,9059,BUF,Atlantic,Eastern
2025-2026,20251114,22,COL,119984,Sam Malinski,ROSTER,27.0,"5'11""",190.0,USA,"Lakeville, MN",True,D,18,1,8,9,1.78,0.44,0.06,0.5,25.3,4.0,0,0,0,0,0,0,0,1,0,0,0,0,0,0.0,11,76,32,3.1,20,29,15,6,30,19,7,0,0,0,0.0,1,2,0,0,0,367,324,25,19,16313,2769,360,13185,COL,Central,Western
2025-2026,20251114,10,PIT,3652,Evgeni Malkin,ROSTER,39.0,"6'3""",195.0,Russia,Magnitogorsk,False,C,17,3,18,21,2.53,1.06,0.18,1.24,6.9,28.0,1,1,8,9,0,0,0,0,0,0,2,1,1,50.0,5,66,43,7.0,3,10,14,7,15,17,6,133,60,73,45.1,7,14,3,6,0,352,182,107,62,18127,6722,1550,9775,PIT,Metropolitan,Eastern
2025-2026,20251114,28,LAK,34945,Jeff Malott,ROSTER,29.0,"6'3""",201.0,Canada,"Burlington, ON",True,LW,14,2,0,2,0.86,0.0,0.14,0.14,23.6,54.4,0,0,0,0,0,0,0,0,0,0,0,0,0,0.0,-2,29,12,16.7,3,8,9,40,6,7,2,1,1,0,100.0,7,23,4,17,3,156,123,20,15,6598,544,321,5733,LAK,Pacific,Western
2025-2026,20251114,21,VAN,56544,Victor Mancini,ROSTER,23.0,"6'3""",215.0,USA,"Hancock, MI",True,D,5,0,0,0,0.6,0.0,0.0,0.0,8.6,12.8,0,0,0,0,0,0,0,0,0,0,0,0,0,0.0,-2,7,3,0.0,5,3,1,6,9,2,0,0,0,0,0.0,1,5,1,5,1,69,62,3,4,3158,334,17,2807,VAN,Pacific,Western
2025-2026,20251114,24,EDM,5761,Andrew Mangiapane,ROSTER,29.0,"5'10""",184.0,Canada,"Toronto, ON",False,LW,19,4,2,6,1.0,0.11,0.21,0.32,19.8,4.0,1,0,0,0,0,0,0,1,0,0,0,0,0,0.0,-15,41,19,21.1,11,10,12,15,19,14,2,1,0,1,0.0,1,2,5,10,0,367,158,129,76,17419,3536,2323,11083,EDM,Pacific,Western
2025-2026,20251114,22,COL,5477,Josh Manson,ROSTER,34.0,"6'3""",218.0,USA,"Hinsdale, IL",False,D,18,1,2,3,1.22,0.11,0.06,0.17,48.6,44.8,0,0,0,0,0,0,0,1,0,0,0,0,0,0.0,7,46,22,4.5,26,13,11,39,25,20,8,0,0,0,0.0,9,21,5,13,1,446,222,135,90,19838,3412,2363,14063,COL,Central,Western
2025-2026,20251114,10,PIT,5413,Anthony Mantha,ROSTER,31.0,"6'5""",234.0,Canada,"Longueuil, QC",False,RW,17,8,5,13,1.76,0.29,0.47,0.76,17.9,12.8,2,1,1,2,0,0,0,0,0,0,0,0,0,0.0,8,56,30,26.7,12,15,11,9,13,19,3,6,1,5,16.7,1,5,7,17,1,317,171,86,62,15042,2326,2384,10003,PIT,Metropolitan,Eastern
2025-2026,20251114,4,FLO,4692,Brad Marchand,ROSTER,37.0,"5'9""",181.0,Canada,"Halifax, NS",False,LW,16,11,9,20,2.88,0.56,0.69,1.25,10.9,36.0,3,1,5,6,0,0,0,1,0,0,1,0,1,100.0,-3,92,46,23.9,3,22,24,15,16,18,3,1,0,1,0.0,9,18,8,16,0,363,204,88,83,17594,6020,1584,10221,FLA,,
2025-2026,20251114,19,CBJ,14572,Kirill Marchenko,ROSTER,25.0,"6'3""",187.0,Russia,Barnaul,True,RW,17,8,11,19,3.29,0.65,0.47,1.12,21.4,12.0,2,1,4,5,1,0,1,2,0,0,2,0,2,100.0,8,115,56,14.3,12,29,30,16,17,20,5,0,0,0,0.0,3,6,4,8,0,359,183,78,103,18923,4189,1463,13418,CBJ,Metropolitan,Eastern
2025-2026,20251114,18,NSH,5473,Jonathan Marchessault,ROSTER,34.0,"5'9""",180.0,Canada,"Cap-Rouge, QC",False,RW,15,4,2,6,2.53,0.13,0.27,0.4,15.9,12.0,1,2,0,2,0,0,0,1,0,0,1,0,0,0.0,-9,79,38,10.5,2,25,16,27,7,24,3,5,4,1,80.0,3,6,7,14,0,306,147,116,47,16137,3928,3147,9062,NSH,Central,Western
2025-2026,20251114,143,SEA,17165,Mason Marchment,ROSTER,30.0,"6'4""",201.0,Canada,"Uxbridge, ON",False,LW,16,1,6,7,1.44,0.38,0.06,0.44,18.4,8.0,0,0,2,2,0,0,0,1,0,0,1,0,0,0.0,-1,48,23,4.3,7,11,14,21,18,27,6,23,6,17,26.1,2,4,3,6,0,332,166,101,61,15657,2674,826,11872,SEA,Pacific,Western
2025-2026,20251114,30,UTA,17187,John Marino,ROSTER,28.0,"6'1""",181.0,USA,"Brockton, MA",True,D,17,1,7,8,1.12,0.41,0.06,0.47,18.7,8.0,0,0,0,0,0,0,0,0,0,0,0,0,0,0.0,5,47,19,5.3,15,21,7,4,37,27,4,0,0,0,0.0,2,4,4,8,0,463,263,60,141,20986,3323,850,16813,UTA,Central,Western
2025-2026,20251114,142,VGK,5599,Mitchell Marner,ROSTER,28.0,"6'0""",175.0,Canada,"Markham, ON",False,RW,16,4,15,19,1.69,0.94,0.25,1.19,13.5,8.0,1,1,2,3,0,0,0,0,0,0,1,0,0,0.0,8,68,27,14.8,9,23,18,7,14,23,9,13,7,6,53.8,2,4,0,0,0,363,177,125,65,20316,4840,2110,13268,VGK,Pacific,Western
2025-2026,20251114,18,NSH,168604,Brady Martin,ROSTER,18.0,"6'0""",174.0,Canada,"Elora, ON",True,C,3,0,1,1,0.67,0.33,0.0,0.33,2.2,0.0,0,0,0,0,0,0,0,0,0,0,0,0,0,0.0,0,3,2,0.0,2,0,1,0,2,4,0,16,5,11,31.2,0,0,0,0,0,39,32,6,1,2055,275,54,1728,NSH,Central,Western
2025-2026,20251114,3,CAR,5495,Jordan Martinook,ROSTER,33.0,"6'0""",196.0,Canada,"Brandon, MB",False,LW,16,2,5,7,1.38,0.31,0.12,0.44,32.4,4.0,0,0,0,0,0,0,0,1,0,0,0,0,0,0.0,4,41,22,9.1,15,10,9,31,12,13,4,13,7,6,53.8,1,2,3,6,0,362,122,161,81,14610,2818,1730,10062,CAR,Metropolitan,Eastern
2025-2026,20251114,1,TBL,120138,Emil Martinsen Lilleberg,ROSTER,24.0,"6'2""",192.0,Norway,Sarpsborg,True,D,16,1,1,2,0.69,0.06,0.06,0.12,24.6,74.4,0,0,0,0,0,0,0,0,0,0,0,0,0,0.0,-1,24,11,9.1,13,4,9,20,36,9,2,0,0,0,0.0,12,33,6,25,3,324,252,28,46,14141,2020,277,11848,TBL,Atlantic,Eastern
2025-2026,20251114,19,CBJ,53022,Denton Mateychuk,ROSTER,21.0,"5'11""",194.0,Canada,"Winnipeg, MB",True,D,16,4,3,7,1.06,0.19,0.25,0.44,39.9,4.0,1,0,0,0,0,0,0,0,0,0,0,0,0,0.0,2,35,17,23.5,30,10,8,13,34,12,5,0,0,0,0.0,1,2,3,6,0,347,273,28,47,18150,2565,195,15272,CBJ,Metropolitan,Eastern
2025-2026,20251114,14,MTL,5921,Mike Matheson,ROSTER,31.0,"6'2""",193.0,Canada,"Montreal, QC",False,D,17,3,6,9,1.18,0.35,0.18,0.53,49.8,20.0,1,0,0,0,0,0,0,1,0,1,0,0,0,0.0,9,56,20,15.0,38,21,15,15,21,14,4,0,0,0,0.0,5,10,3,6,0,441,242,83,119,25304,5804,1021,18479,MTL,Atlantic,Eastern
2025-2026,20251114,13,OTT,111262,Nikolas Matinpalo,ROSTER,27.0,"6'3""",207.0,Finland,Espoo,True,D,10,0,1,1,0.7,0.1,0.0,0.1,20.5,8.0,0,0,0,0,0,0,0,0,0,0,0,0,0,0.0,1,29,7,0.0,13,15,7,12,33,5,3,0,0,0,0.0,2,4,0,0,0,236,217,6,13,8866,1804,56,7006,OTT,Atlantic,Eastern
2025-2026,20251114,12,TOR,9627,Auston Matthews,ROSTER,28.0,"6'3""",220.0,USA,"San Ramon, CA",False,C,17,9,5,14,3.82,0.29,0.53,0.82,41.0,12.0,3,1,1,2,0,0,0,2,0,1,0,0,0,0.0,9,120,65,13.8,31,27,28,13,8,22,7,307,181,126,59.0,3,6,1,2,0,413,201,146,75,21682,4999,2907,13776,TOR,Atlantic,Eastern
2025-2026,20251114,8,NYI,5364,Scott Mayfield,ROSTER,33.0,"6'5""",223.0,USA,"St. Louis, MO",False,D,16,0,3,3,0.94,0.19,0.0,0.19,32.2,56.3,0,0,0,0,0,0,0,0,0,0,0,0,0,0.0,1,39,15,0.0,24,15,9,11,17,18,4,0,0,0,0.0,10,31,5,13,1,393,224,66,103,18041,3387,1398,13256,NYI,Metropolitan,Eastern
2025-2026,20251114,19,CBJ,17949,Dysin Mayo,ROSTER,29.0,"6'0""",185.0,Canada,"Victoria, BC",False,D,1,0,0,0,3.0,0.0,0.0,0.0,0.0,0.0,0,0,0,0,0,0,0,0,0,0,0,0,0,0.0,-1,5,3,0.0,0,2,0,0,2,0,0,0,0,0,0.0,0,0,0,0,0,13,7,3,3,453,165,0,288,CBJ,Metropolitan,Eastern
2025-2026,20251114,11,BOS,9640,Charlie McAvoy,ROSTER,27.0,"6'0""",208.0,USA,"Long Beach, NY",False,D,18,0,14,14,1.39,0.78,0.0,0.78,44.9,48.0,0,0,5,5,0,0,0,0,0,0,0,0,0,0.0,-2,77,25,0.0,29,24,28,25,32,20,9,0,0,0,0.0,12,24,6,12,0,508,264,118,126,26280,4846,1874,19560,BOS,Atlantic,Eastern
2025-2026,20251114,30,UTA,38370,Jack McBain,ROSTER,25.0,"6'4""",218.0,Canada,"Toronto, ON",True,C,17,1,2,3,1.53,0.12,0.06,0.18,34.0,44.8,0,0,0,0,0,0,0,0,0,0,0,0,0,0.0,1,43,26,3.8,11,7,10,43,28,10,3,162,84,78,51.9,9,21,4,11,1,333,200,90,44,13895,2283,1975,9637,UTA,Central,Western
2025-2026,20251114,12,TOR,5362,Jake McCabe,ROSTER,32.0,"6'1""",204.0,USA,"Eau Claire, WI",False,D,18,2,7,9,0.72,0.39,0.11,0.5,60.0,32.8,0,0,0,0,0,0,0,0,0,0,0,0,0,0.0,7,34,13,15.4,44,13,8,22,26,24,5,0,0,0,0.0,6,15,3,9,1,537,302,112,125,23053,3252,1762,18039,TOR,Atlantic,Eastern
2025-2026,20251114,143,SEA,5824,Jared McCann,ROSTER,29.0,"6'1""",185.0,Canada,"Stratford, ON",False,LW,5,3,1,4,2.8,0.2,0.6,0.8,8.0,0.0,1,0,0,0,0,0,0,1,0,1,1,0,0,0.0,0,29,14,21.4,4,7,8,7,3,1,0,3,2,1,66.7,0,0,2,4,0,124,57,41,29,5187,1528,568,3091,SEA,Pacific,Western
2025-2026,20251114,18,NSH,5893,Michael McCarron,ROSTER,30.0,"6'5""",237.0,USA,"Grosse Pointe, MI",False,C,18,1,3,4,1.0,0.17,0.06,0.22,39.3,37.6,0,0,0,0,0,0,0,0,0,0,0,0,0,0.0,-3,36,18,5.6,13,8,10,49,27,10,5,248,133,115,53.6,5,16,8,22,2,366,163,90,114,15722,2551,1156,12015,NSH,Central,Western
2025-2026,20251114,24,EDM,5576,Connor McDavid,ROSTER,28.0,"6'1""",193.0,Canada,"Richmond Hill, ON",False,C,19,7,20,27,3.05,1.05,0.37,1.42,7.6,16.0,2,2,9,11,0,0,0,0,0,0,1,0,0,0.0,-3,107,58,12.1,5,15,34,4,27,30,7,208,97,111,46.6,4,8,11,22,0,433,216,157,53,26596,7004,3609,15282,EDM,Pacific,Western
2025-2026,20251114,1,TBL,4852,Ryan McDonagh,ROSTER,36.0,"6'1""",214.0,USA,"St. Paul, MN",False,D,15,3,3,6,1.0,0.2,0.2,0.4,32.9,0.0,1,0,0,0,0,0,0,0,0,0,0,0,0,0.0,1,41,15,20.0,26,13,13,8,11,18,6,0,0,0,0.0,0,0,1,2,0,388,212,56,123,18145,4714,623,12772,TBL,Atlantic,Eastern
2025-2026,20251114,5,WSH,5308,Dylan McIlrath,ROSTER,33.0,"6'5""",231.0,Canada,"Winnipeg, MB",False,D,1,0,0,0,0.0,0.0,0.0,0.0,1.5,0.0,0,0,0,0,0,0,0,0,0,0,0,0,0,0.0,0,3,0,0.0,0,2,1,3,0,1,0,0,0,0,0.0,0,0,0,0,0,19,6,3,10,845,71,0,774,WSH,Metropolitan,Eastern
2025-2026,20251114,15,BUF,14563,Ryan McLeod,ROSTER,26.0,"6'3""",201.0,Canada,"Mississauga, ON",False,C,17,3,5,8,1.18,0.29,0.18,0.47,9.3,0.0,1,0,1,1,1,0,1,0,0,0,0,0,0,0.0,-5,37,20,15.0,7,8,9,3,18,16,3,279,114,165,40.9,0,0,1,2,0,437,215,45,180,18198,1836,276,16086,BUF,Atlantic,Eastern
2025-2026,20251114,12,TOR,39073,Bobby McMann,ROSTER,29.0,"6'1""",205.0,Canada,"Wainwright, AB",True,C,18,5,3,8,1.56,0.17,0.28,0.44,35.9,32.8,1,1,0,1,0,0,0,1,0,0,0,0,0,0.0,0,55,28,17.9,10,11,16,49,12,5,2,3,2,1,66.7,6,15,4,11,1,347,243,93,16,16004,3955,1558,10491,TOR,Atlantic,Eastern
2025-2026,20251114,5,WSH,17166,Connor McMichael,ROSTER,24.0,"5'11""",182.0,Canada,"Ajax, ON",True,C,17,1,3,4,1.82,0.18,0.06,0.24,10.2,16.0,0,1,0,1,0,0,0,0,0,0,1,1,0,0.0,-2,58,31,3.2,6,14,13,7,15,13,6,210,83,127,39.5,4,8,2,4,0,377,226,78,72,15981,2275,854,12740,WSH,Metropolitan,Eastern
2025-2026,20251114,142,VGK,5041,Brayden McNabb,ROSTER,34.0,"6'4""",213.0,Canada,"Davidson, SK",False,D,16,0,1,1,0.62,0.06,0.0,0.06,71.1,8.0,0,0,0,0,0,0,0,0,0,0,0,0,0,0.0,5,45,10,0.0,54,20,15,22,26,8,3,0,0,0,0.0,2,4,4,8,0,428,235,54,139,20404,5457,905,14042,VGK,Pacific,Western
2025-2026,20251114,29,ANA,32259,Mason McTavish,ROSTER,22.0,"6'0""",208.0,Switzerland,Zurich,True,C,17,3,8,11,1.59,0.47,0.18,0.65,20.6,44.0,1,0,1,1,0,0,0,1,0,0,1,0,1,100.0,1,79,27,11.1,9,19,33,21,13,12,5,231,110,121,47.6,11,22,6,12,0,378,184,34,166,17577,1494,90,15928,ANA,Pacific,Western
2025-2026,20251114,7,NJD,5604,Timo Meier,ROSTER,29.0,"6'0""",210.0,Switzerland,St. Gallen,False,RW,17,5,9,14,3.24,0.53,0.29,0.82,25.7,20.0,1,2,3,5,0,0,0,1,0,0,0,0,0,0.0,2,114,55,9.1,9,27,32,31,19,18,5,21,12,9,57.1,5,10,3,6,0,368,191,77,105,18401,3505,1181,13715,NJD,Metropolitan,Eastern
2025-2026,20251114,7,NJD,28533,Dawson Mercer,ROSTER,24.0,"6'0""",180.0,Canada,"Carbonear, NL and Labrador",True,C,17,9,7,16,1.94,0.41,0.53,0.94,26.1,12.0,3,3,1,4,1,0,1,1,0,0,0,0,0,0.0,9,64,33,27.3,18,16,15,12,22,15,4,54,25,29,46.3,3,6,5,10,0,386,240,92,63,19054,3270,1354,14430,NJD,Metropolitan,Eastern
2025-2026,20251114,12,TOR,13894,Dakota Mermis,ROSTER,31.0,"6'0""",195.0,USA,"Alton, IL",False,D,3,0,0,0,0.33,0.0,0.0,0.0,1.0,0.0,0,0,0,0,0,0,0,0,0,0,0,0,0,0.0,-4,4,1,0.0,0,2,1,2,3,2,0,0,0,0,0.0,0,0,0,0,0,63,39,13,11,2502,456,145,1901,TOR,Atlantic,Eastern
2025-2026,20251114,15,BUF,120242,Zach Metsa,ASSIGNED_TO_MINORS,27.0,"5'9""",181.0,USA,"Delafield, WI",True,D,4,0,0,0,0.25,0.0,0.0,0.0,2.7,4.0,0,0,0,0,0,0,0,0,0,0,0,0,0,0.0,3,4,1,0.0,2,2,1,1,6,1,0,0,0,0,0.0,1,2,1,2,0,49,47,2,0,2117,376,0,1741,BUF,Atlantic,Eastern
2025-2026,20251114,143,SEA,39057,Ben Meyers,ROSTER,26.0,"5'11""",195.0,USA,"Delano, MN",True,C,9,0,3,3,0.89,0.33,0.0,0.33,8.2,4.0,0,0,0,0,0,0,0,0,0,0,0,0,0,0.0,-1,14,8,0.0,1,1,5,14,8,1,1,51,21,30,41.2,1,2,0,0,0,137,115,14,7,5214,926,84,4150,SEA,Pacific,Western
2025-2026,20251114,6,PHI,134153,Matvei Michkov,ROSTER,20.0,"5'10""",172.0,Russia,Perm,True,RW,16,4,5,9,1.81,0.31,0.25,0.56,11.6,24.0,1,1,0,1,0,0,0,0,0,0,3,0,2,66.67,-1,55,29,13.8,5,21,5,12,18,28,7,0,0,0,0.0,6,12,3,6,0,314,273,41,7,14295,3071,198,11217,PHI,Metropolitan,Eastern
2025-2026,20251114,25,MIN,15459,Jacob Middleton,ROSTER,29.0,"6'3""",210.0,Canada,"Stratford, ON",False,D,16,0,1,1,0.88,0.06,0.0,0.06,45.4,55.5,0,0,0,0,0,0,0,0,0,0,0,0,0,0.0,-3,34,14,0.0,29,11,9,26,10,8,2,0,0,0,0.0,9,26,4,14,2,354,191,83,80,17389,2658,1822,12909,MIN,Central,Western
2025-2026,20251114,20,CHI,17145,Ilya Mikheyev,ROSTER,31.0,"6'3""",195.0,Russia,Omsk,True,RW,15,4,2,6,1.67,0.13,0.27,0.4,12.2,0.0,1,0,0,0,0,0,0,1,0,0,0,0,0,0.0,5,42,25,16.0,6,7,10,11,8,8,4,5,0,5,0.0,0,0,2,4,0,343,172,44,127,16436,1374,362,14434,CHI,Central,Western
2025-2026,20251114,4,FLO,5722,Niko Mikkola,ROSTER,29.0,"6'4""",185.0,Finland,Kiiminki,False,D,17,0,3,3,1.12,0.18,0.0,0.18,35.8,32.0,0,0,0,0,0,0,0,0,0,0,0,0,0,0.0,2,50,19,0.0,24,18,13,18,26,23,2,0,0,0,0.0,8,16,5,10,0,445,246,134,65,19560,2732,2126,14702,FLA,,
2025-2026,20251114,5,WSH,5436,Sonny Milano,ROSTER,29.0,"6'0""",194.0,USA,"Massapequa, NY",False,LW,8,1,0,1,1.75,0.0,0.12,0.12,3.7,4.0,0,0,0,0,0,0,0,0,0,0,0,0,0,0.0,-1,15,14,7.1,2,0,1,3,7,4,0,5,3,2,60.0,1,2,1,2,0,112,49,36,28,5258,1308,454,3496,WSH,Metropolitan,Eastern
2025-2026,20251114,2,WPJ,5563,Colin Miller,ROSTER,33.0,"6'1""",193.0,Canada,"Sault Ste. Marie, ON",False,D,5,0,0,0,0.8,0.0,0.0,0.0,8.4,4.0,0,0,0,0,0,0,0,0,0,0,0,0,0,0.0,-1,11,4,0.0,3,6,1,10,2,4,0,0,0,0,0.0,1,2,1,2,0,76,44,21,11,3563,336,433,2794,WPG,,
2025-2026,20251114,9,NYR,5161,J.T. Miller,ROSTER,32.0,"6'1""",218.0,USA,"East Palestine, OH",False,C,18,4,5,9,2.56,0.28,0.22,0.5,31.0,12.0,1,0,2,2,0,0,0,1,0,1,0,0,0,0.0,-2,89,46,8.7,6,15,28,48,12,16,4,305,179,126,58.7,3,6,2,4,0,470,209,103,145,22392,5316,1435,14811,NYR,Metropolitan,Eastern
2025-2026,20251114,3,CAR,14545,K'Andre Miller,ROSTER,25.0,"6'5""",210.0,USA,"St. Paul, MN",True,D,10,2,6,8,2.4,0.6,0.2,0.8,17.9,28.0,0,1,2,3,0,0,0,0,0,0,0,0,0,0.0,0,52,24,8.3,12,18,10,9,13,16,8,1,0,1,0.0,7,14,1,2,0,289,166,72,53,13911,2477,781,10653,CAR,Metropolitan,Eastern
2025-2026,20251114,11,BOS,52843,Fraser Minten,ROSTER,21.0,"6'1""",185.0,Canada,"Vancouver, BC",True,C,19,3,3,6,1.21,0.16,0.16,0.32,33.1,12.0,1,0,0,0,0,0,0,1,0,1,0,0,0,0.0,1,50,23,13.0,17,13,14,28,19,8,8,180,92,88,51.1,3,6,2,4,0,361,274,43,47,15734,2859,250,12625,BOS,Atlantic,Eastern
2025-2026,20251114,29,ANA,43373,Pavel Mintyukov,ROSTER,21.0,"6'2""",194.0,Russia,Moskva,True,D,17,0,3,3,0.59,0.18,0.0,0.18,22.8,4.0,0,0,0,0,0,0,0,0,0,0,0,0,0,0.0,1,28,10,0.0,16,11,7,10,20,18,2,0,0,0,0.0,1,2,5,10,0,361,251,44,66,15650,2039,67,13544,ANA,Pacific,Western
2025-2026,20251114,23,CGY,29983,Daniil Miromanov,ROSTER,28.0,"6'4""",202.0,Russia,Moscow,True,D,1,0,0,0,0.0,0.0,0.0,0.0,2.2,0.0,0,0,0,0,0,0,0,0,0,0,0,0,0,0.0,0,2,0,0.0,2,1,1,0,0,1,0,0,0,0,0.0,0,0,0,0,0,30,23,0,7,1069,0,0,1069,CGY,Pacific,Western
2025-2026,20251114,26,SJS,176687,Michael Misa,ROSTER,18.0,"6'1""",185.0,Canada,"Oakville, ON",True,C,7,1,2,3,1.86,0.29,0.14,0.43,6.6,4.0,0,0,0,0,0,0,0,0,0,0,0,0,0,0.0,-1,22,13,7.7,5,5,4,2,9,5,0,38,20,18,52.6,1,2,1,2,0,106,94,13,0,4930,813,180,3937,SJS,Pacific,Western
2025-2026,20251114,11,BOS,13623,Casey Mittelstadt,ROSTER,26.0,"6'1""",199.0,USA,"Eden Prairie, MN",False,C,15,4,5,9,0.93,0.33,0.27,0.6,10.4,0.0,1,0,0,0,0,0,0,0,0,0,1,0,0,0.0,0,27,14,28.6,8,5,8,3,13,14,2,83,49,34,59.0,0,0,2,4,0,274,151,107,20,13084,2188,1546,9350,BOS,Atlantic,Eastern
2025-2026,20251114,19,CBJ,5242,Sean Monahan,ROSTER,31.0,"6'2""",200.0,Canada,"Brampton, ON",False,C,17,2,7,9,1.82,0.41,0.12,0.53,7.3,8.0,0,1,3,4,0,0,0,1,0,0,1,0,0,0.0,5,55,31,6.5,2,7,17,10,9,15,4,327,176,151,53.8,2,4,3,6,0,381,180,96,105,18636,4784,1245,12540,CBJ,Metropolitan,Eastern
2025-2026,20251114,143,SEA,11648,Brandon Montour,ROSTER,31.0,"6'0""",189.0,Canada,"Ohsweken, ON",False,D,13,3,6,9,2.62,0.46,0.23,0.69,29.9,12.8,1,1,1,2,0,0,0,0,0,0,0,0,0,0.0,5,79,34,8.8,21,23,22,13,18,20,7,0,0,0,0.0,1,5,2,7,1,329,155,69,96,17503,3212,1093,12688,SEA,Pacific,Western
2025-2026,20251114,29,ANA,56251,Ian Moore,ROSTER,23.0,"6'2""",171.0,USA,"Concord, MA",False,D,11,1,1,2,1.0,0.09,0.09,0.18,20.9,24.0,0,0,0,0,0,0,0,0,0,0,0,0,0,0.0,2,31,11,9.1,17,8,12,4,24,10,3,0,0,0,0.0,6,12,1,2,0,215,127,14,75,8921,624,186,8111,ANA,Pacific,Western
2025-2026,20251114,20,CHI,166412,Oliver Moore,ROSTER,20.0,"5'11""",176.0,USA,"Mounds View, MN",True,C,5,1,1,2,2.0,0.2,0.2,0.4,2.7,0.0,0,0,0,0,0,0,0,0,0,0,0,0,0,0.0,-1,16,10,10.0,2,0,6,1,6,5,3,6,2,4,33.3,0,0,0,0,0,100,82,15,4,4311,974,114,3223,CHI,Central,Western
2025-2026,20251114,28,LAK,11811,Trevor Moore,ROSTER,30.0,"5'10""",185.0,USA,"Thousand Oaks, CA",False,LW,17,3,2,5,2.0,0.12,0.18,0.29,17.4,8.0,1,0,0,0,1,0,1,0,0,0,3,0,2,66.67,1,58,34,8.8,12,10,14,8,28,20,6,8,2,6,25.0,2,4,1,2,0,342,174,100,73,16333,2388,1299,12824,LAK,Pacific,Western
2025-2026,20251114,2,WPJ,5930,Josh Morrissey,ROSTER,30.0,"6'0""",195.0,Canada,"Calgary, AB",False,D,17,3,14,17,1.88,0.82,0.18,1.0,41.7,12.0,1,1,4,5,0,0,0,0,0,0,0,0,0,0.0,6,67,32,9.4,33,20,15,10,19,21,7,0,0,0,0.0,3,6,2,4,0,485,238,171,79,24961,4942,3215,16804,WPG,,
2025-2026,20251114,1,TBL,34441,Janis Moser,ROSTER,25.0,"6'0""",172.0,Switzerland,Biel,True,D,14,1,3,4,1.5,0.21,0.07,0.29,17.8,8.0,0,0,0,0,0,1,1,0,0,0,0,0,0,0.0,2,50,21,4.8,11,22,7,11,31,15,4,0,0,0,0.0,2,4,5,10,0,363,269,37,58,17351,3448,1071,12865,TBL,Atlantic,Eastern
2025-2026,20251114,28,LAK,28507,Jacob Moverare,ROSTER,27.0,"6'2""",198.0,Sweden,stersund,False,D,1,0,0,0,0.0,0.0,0.0,0.0,0.0,0.0,0,0,0,0,0,0,0,0,0,0,0,0,0,0.0,0,0,0,0.0,0,0,0,0,0,0,1,0,0,0,0.0,0,0,0,0,0,2,0,2,0,193,0,0,193,LAK,Pacific,Western
2025-2026,20251114,26,SJS,36849,Shakir Mukhamadullin,ROSTER,23.0,"6'4""",178.0,Russia,Ufa,True,D,7,0,4,4,0.86,0.57,0.0,0.57,7.1,12.0,0,0,0,0,0,0,0,0,0,0,0,0,0,0.0,6,15,6,0.0,5,6,3,3,17,5,0,0,0,0,0.0,3,6,0,0,0,144,98,17,29,6801,473,142,6186,SJS,Pacific,Western
2025-2026,20251114,20,CHI,5293,Connor Murphy,ROSTER,32.0,"6'4""",212.0,USA,"Dublin, OH",False,D,17,0,3,3,1.0,0.18,0.0,0.18,25.4,24.0,0,0,0,0,0,0,0,0,0,0,0,0,0,0.0,-1,31,17,0.0,16,8,6,15,28,15,3,0,0,0,0.0,6,12,4,8,0,322,159,48,114,14884,3117,298,11421,CHI,Central,Western
2025-2026,20251114,12,TOR,15478,Philippe Myers,ROSTER,28.0,"6'5""",210.0,Canada,"Moncton, NB",False,D,9,0,0,0,1.44,0.0,0.0,0.0,16.3,12.0,0,0,0,0,0,0,0,0,0,0,0,0,0,0.0,-5,28,13,0.0,11,3,12,8,12,6,0,0,0,0,0.0,3,6,0,0,0,192,117,34,41,8012,1230,1372,5410,TOR,Atlantic,Eastern
2025-2026,20251114,21,VAN,4659,Tyler Myers,ROSTER,35.0,"6'8""",229.0,USA,"Katy, TX",False,D,18,1,3,4,1.33,0.17,0.06,0.22,49.6,24.0,0,0,0,0,0,0,0,0,0,0,0,0,0,0.0,-2,57,24,4.2,36,18,15,19,23,21,4,0,0,0,0.0,6,12,3,6,0,451,247,67,138,22551,4800,874,16877,VAN,Pacific,Western
2025-2026,20251114,3,CAR,133816,Bradly Nadeau,ASSIGNED_TO_MINORS,20.0,"5'10""",161.0,Canada,"St-Francois de Madaw, NB",True,LW,6,1,0,1,0.67,0.0,0.17,0.17,6.5,0.0,0,0,0,0,0,0,0,0,0,0,0,0,0,0.0,1,15,4,25.0,4,4,7,4,8,5,0,1,0,1,0.0,0,0,0,0,0,87,66,14,8,4141,668,70,3403,CAR,Metropolitan,Eastern
2025-2026,20251114,2,WPJ,5136,Vladislav Namestnikov,ROSTER,32.0,"6'0""",183.0,Russia,Zhukovskiy,False,C,17,6,1,7,1.53,0.06,0.35,0.41,23.0,5.9,2,2,0,2,0,0,0,1,0,0,0,0,0,0.0,2,44,26,23.1,12,7,11,19,12,14,3,86,33,53,38.4,1,4,4,8,0,354,142,145,73,15755,3264,2458,10033,WPG,,
2025-2026,20251114,20,CHI,56367,Frank Nazar,ROSTER,21.0,"5'10""",180.0,USA,"Mt. Clemens, MI",False,C,15,5,6,11,2.07,0.4,0.33,0.73,23.3,12.0,1,1,2,3,0,0,0,1,0,0,1,0,0,0.0,3,60,31,16.1,16,13,16,11,33,20,8,213,98,115,46.0,3,6,9,18,0,350,218,26,107,16885,2305,95,14213,CHI,Central,Western
2025-2026,20251114,22,COL,13627,Martin Necas,ROSTER,26.0,"6'2""",189.0,Czech Republic,Nove Mesto na Morave,False,C,18,12,12,24,2.17,0.67,0.67,1.33,17.3,24.0,4,3,4,7,0,0,0,0,0,0,1,0,0,0.0,15,87,39,30.8,6,25,23,21,28,39,4,10,7,3,70.0,6,12,7,14,0,414,252,127,45,22770,5485,3223,14062,COL,Central,Western
2025-2026,20251114,17,STL,29768,Jake Neighbours,ROSTER,23.0,"6'0""",195.0,Canada,"Airdrie, AB",True,LW,8,6,1,7,1.5,0.12,0.75,0.88,15.7,8.0,2,0,0,0,0,0,0,1,0,0,0,0,0,0.0,-4,23,12,50.0,5,5,6,20,8,4,0,1,1,0,100.0,2,4,0,0,0,157,115,43,5,7016,2190,569,4257,STL,Central,Western
2025-2026,20251114,22,COL,5226,Brock Nelson,ROSTER,34.0,"6'3""",212.0,USA,"Warroad, MN",False,C,18,4,3,7,1.56,0.17,0.22,0.39,20.6,20.0,1,0,1,1,0,0,0,1,0,0,0,0,0,0.0,9,53,28,14.3,14,10,15,10,25,15,5,329,167,162,50.8,5,10,5,10,0,432,196,141,99,20022,6147,2324,11551,COL,Central,Western
2025-2026,20251114,7,NJD,43355,Simon Nemec,ROSTER,21.0,"6'0""",190.0,Slovakia,Liptovsky Mikulas,True,D,17,4,8,12,1.29,0.47,0.24,0.71,31.5,12.0,1,0,0,0,0,0,0,1,0,1,0,0,0,0.0,5,58,22,18.2,27,31,5,3,20,14,4,0,0,0,0.0,3,6,2,4,0,365,303,42,24,18656,3450,532,14674,NJD,Metropolitan,Eastern
2025-2026,20251114,29,ANA,56465,Nikita Nesterenko,ROSTER,24.0,"6'0""",157.0,USA,"Brooklyn, NY",False,C,15,1,6,7,0.93,0.4,0.07,0.47,19.7,4.0,0,0,0,0,0,0,0,1,0,0,0,0,0,0.0,4,31,14,7.1,5,10,7,28,8,6,1,22,8,14,36.4,1,2,3,6,0,281,162,53,68,11724,1963,319,9445,ANA,Pacific,Western
2025-2026,20251114,14,MTL,30019,Alex Newhook,ROSTER,24.0,"5'10""",192.0,Canada,"St. Johns, NL and Labrador",True,C,17,6,6,12,1.41,0.35,0.35,0.71,18.7,16.0,2,1,0,1,0,0,0,2,0,1,0,0,0,0.0,7,41,24,25.0,5,9,8,26,13,4,1,89,37,52,41.6,4,8,6,12,0,316,155,46,121,14934,1354,440,13140,MTL,Atlantic,Eastern
2025-2026,20251114,22,COL,5247,Valeri Nichushkin,ROSTER,30.0,"6'4""",210.0,Russia,Chelyabinsk,False,RW,17,5,7,12,2.41,0.41,0.29,0.71,12.5,8.0,1,1,2,3,0,0,0,0,0,0,2,0,1,50.0,2,81,41,12.2,4,21,19,16,12,12,8,1,1,0,100.0,2,4,4,8,0,401,173,159,75,18344,4324,4002,10169,COL,Central,Western
2025-2026,20251114,2,WPJ,4868,Nino Niederreiter,ROSTER,33.0,"6'2""",218.0,Switzerland,Chur,False,RW,17,4,7,11,1.59,0.41,0.24,0.65,20.7,16.0,1,1,3,4,0,0,0,1,0,0,0,0,0,0.0,6,46,27,14.8,5,11,8,30,9,15,4,2,2,0,100.0,4,8,1,2,0,316,156,117,47,14608,4126,1695,8787,WPG,,
2025-2026,20251114,22,COL,53057,Tristen Nielsen,ASSIGNED_TO_MINORS,25.0,"5'10""",192.0,Canada,"Fort St. John, BC",True,C,1,0,0,0,0.0,0.0,0.0,0.0,2.0,0.0,0,0,0,0,0,0,0,0,0,0,0,0,0,0.0,0,0,0,0.0,0,0,0,4,0,0,0,0,0,0,0.0,0,0,0,0,0,8,4,3,1,325,0,0,325,COL,Central,Western
2025-2026,20251114,3,CAR,56336,Alexander Nikishin,ROSTER,24.0,"6'3""",196.0,Russia,Orel,False,D,16,2,6,8,1.88,0.38,0.12,0.5,48.9,16.0,0,0,0,0,0,0,0,0,0,0,0,0,0,0.0,14,73,30,6.7,24,28,15,44,25,20,4,0,0,0,0.0,4,8,2,4,0,411,282,60,71,19651,3349,1078,15224,CAR,Metropolitan,Eastern
2025-2026,20251114,7,NJD,5544,Stefan Noesen,ROSTER,32.0,"6'1""",205.0,USA,"Plano, TX",False,RW,11,1,1,2,1.09,0.09,0.09,0.18,12.1,8.0,0,0,0,0,0,0,0,0,0,0,0,0,0,0.0,-4,27,12,8.3,5,7,8,13,6,8,1,10,5,5,50.0,2,4,2,4,0,191,92,55,45,7467,1472,318,5677,NJD,Metropolitan,Eastern
2025-2026,20251114,15,BUF,13634,Josh Norris,INJURY_LIST,26.0,"6'1""",199.0,USA,"Oxford, MI",False,C,1,0,0,0,4.0,0.0,0.0,0.0,0.5,0.0,0,0,0,0,0,0,0,0,0,0,0,0,0,0.0,0,4,4,0.0,0,0,0,1,3,1,0,12,4,8,33.3,0,0,0,0,0,24,14,1,9,1131,161,0,970,BUF,Atlantic,Eastern
2025-2026,20251114,10,PIT,5680,Thomas Novak,ROSTER,28.0,"6'1""",179.0,USA,"St. Paul, MN",False,C,17,2,5,7,1.29,0.29,0.12,0.41,10.9,8.0,0,1,1,2,0,0,0,1,0,0,0,0,0,0.0,0,44,22,9.1,8,9,14,4,26,10,4,43,18,25,41.9,2,4,2,4,0,284,161,66,53,12624,2242,1061,8993,PIT,Metropolitan,Eastern
2025-2026,20251114,24,EDM,4993,Ryan Nugent-Hopkins,INJURY_LIST,32.0,"6'0""",184.0,Canada,"Burnaby, BC",False,C,16,5,11,16,1.44,0.69,0.31,1.0,8.0,8.0,1,2,7,9,0,0,0,0,0,0,2,0,0,0.0,-11,51,23,21.7,4,16,12,7,7,9,3,92,38,54,41.3,2,4,1,2,0,346,160,90,93,18057,5103,1596,10927,EDM,Pacific,Western
2025-2026,20251114,24,EDM,5464,Darnell Nurse,ROSTER,30.0,"6'4""",221.0,Canada,"Hamilton, ON",False,D,19,3,4,7,2.21,0.21,0.16,0.37,71.9,20.0,1,0,0,0,0,0,0,0,0,0,0,0,0,0.0,-6,95,42,7.1,51,32,21,30,20,18,4,0,0,0,0.0,5,10,2,4,0,464,272,64,123,23684,3718,1246,18284,EDM,Pacific,Western
2025-2026,20251114,12,TOR,5418,William Nylander,ROSTER,29.0,"6'0""",196.0,Canada,"Calgary, AB",False,RW,15,8,17,25,2.2,1.13,0.53,1.67,8.8,20.0,2,1,3,4,0,0,0,0,0,0,0,0,0,0.0,6,70,33,24.2,7,17,20,2,3,17,7,25,11,14,44.0,5,10,1,2,0,358,171,134,62,18031,4707,2202,11083,TOR,Atlantic,Eastern
2025-2026,20251114,143,SEA,56632,Jani Nyman,ROSTER,21.0,"6'4""",217.0,Finland,Valkeakoski,False,RW,12,3,0,3,1.08,0.0,0.25,0.25,8.8,8.0,1,1,0,1,0,0,0,0,0,0,0,0,0,0.0,2,33,13,23.1,2,8,12,13,13,5,1,3,2,1,66.7,2,4,4,8,0,171,139,16,19,7621,1274,210,6137,SEA,Pacific,Western
2025-2026,20251114,2,WPJ,5026,Gustav Nyquist,ROSTER,36.0,"5'11""",179.0,Sweden,Halmstad,False,RW,12,0,5,5,1.25,0.42,0.0,0.42,8.6,4.0,0,0,2,2,0,0,0,0,0,0,0,0,0,0.0,2,28,15,0.0,5,8,5,6,10,7,3,9,5,4,55.6,1,2,3,6,0,201,126,53,22,8670,2559,1013,5098,WPG,,
2025-2026,20251114,3,CAR,56329,Joel Nyström,ROSTER,23.0,"5'11""",170.0,Sweden,Karlstad,True,D,10,0,1,1,1.6,0.1,0.0,0.1,11.0,4.0,0,0,0,0,0,0,0,0,0,0,0,0,0,0.0,1,45,16,0.0,9,21,8,2,17,8,1,0,0,0,0.0,1,2,0,0,0,251,190,27,34,10179,1210,80,8889,CAR,Metropolitan,Eastern
2025-2026,20251114,30,UTA,5452,Liam O'Brien,ROSTER,31.0,"6'1""",215.0,Canada,"Halifax, NS",False,C,6,1,0,1,1.67,0.0,0.17,0.17,9.5,16.8,0,0,0,0,0,0,0,0,0,0,0,0,0,0.0,-4,20,10,10.0,4,4,6,10,7,2,0,0,0,0,0.0,2,7,1,5,1,82,46,15,22,3399,743,417,2239,UTA,Central,Western
2025-2026,20251114,21,VAN,28409,Drew O'Connor,ROSTER,27.0,"6'3""",205.0,USA,"Wayne, New Jersey",True,LW,18,4,4,8,1.33,0.22,0.22,0.44,18.8,16.0,1,0,0,0,1,0,1,0,0,0,0,0,0,0.0,-1,50,24,16.7,11,11,15,13,17,15,2,16,10,6,62.5,4,8,5,10,0,329,204,43,86,15209,1972,720,12517,VAN,Pacific,Western
2025-2026,20251114,25,MIN,43372,Liam Ohgren,ASSIGNED_TO_MINORS,21.0,"6'1""",201.0,Sweden,Stockholm,True,LW,5,0,0,0,0.8,0.0,0.0,0.0,5.3,0.0,0,0,0,0,0,0,0,0,0,0,0,0,0,0.0,-4,8,4,0.0,2,4,0,6,6,0,0,0,0,0,0.0,0,0,0,0,0,57,39,0,18,2752,245,0,2507,MIN,Central,Western
2025-2026,20251114,143,SEA,5156,Jamie Oleksiak,ROSTER,32.0,"6'7""",255.0,Canada,"Toronto, ON",False,D,17,2,1,3,0.94,0.06,0.12,0.18,37.7,12.0,0,0,0,0,0,0,0,0,0,0,0,0,0,0.0,2,37,16,12.5,23,13,8,24,20,16,8,0,0,0,0.0,3,6,3,6,0,369,200,63,103,16998,3034,775,12956,SEA,Pacific,Western
2025-2026,20251114,19,CBJ,17349,Mathieu Olivier,ROSTER,28.0,"6'2""",210.0,USA,"Biloxi, Mississippi",False,RW,17,3,5,8,1.47,0.29,0.18,0.47,42.9,71.4,1,0,0,0,0,0,0,1,0,0,0,0,0,0.0,2,48,25,12.0,14,10,13,54,14,5,2,0,0,0,0.0,8,39,9,27,3,300,156,85,60,14584,2670,919,10932,CBJ,Metropolitan,Eastern
2025-2026,20251114,22,COL,15140,Victor Olofsson,ROSTER,30.0,"5'11""",183.0,Sweden,Ornskoldsvik,False,LW,18,5,9,14,2.56,0.5,0.28,0.78,9.2,8.0,1,2,4,6,0,0,0,0,0,0,1,0,0,0.0,-2,77,46,10.9,6,18,13,5,13,13,5,1,0,1,0.0,2,4,2,4,0,326,141,135,55,15259,4337,2102,8820,COL,Central,Western
2025-2026,20251114,18,NSH,4703,Ryan O'Reilly,ROSTER,34.0,"6'1""",216.0,Canada,"Clinton, ON",False,C,18,6,7,13,1.67,0.39,0.33,0.72,19.7,0.0,2,1,1,2,1,0,1,2,0,0,1,0,1,100.0,-3,56,30,20.0,15,9,17,6,17,8,13,321,186,135,57.9,0,0,1,2,0,416,198,123,102,21046,7175,2697,11300,NSH,Central,Western
2025-2026,20251114,26,SJS,5036,Dmitry Orlov,ROSTER,34.0,"5'11""",208.0,Russia,Novokuznetsk,False,D,18,0,11,11,1.33,0.61,0.0,0.61,38.7,28.0,0,0,4,4,0,0,0,0,0,0,0,0,0,0.0,1,47,24,0.0,23,16,7,26,21,26,5,0,0,0,0.0,7,14,1,2,0,453,239,85,129,24520,6674,1159,16688,SJS,Pacific,Western
2025-2026,20251114,15,BUF,43366,Noah Ostlund,ROSTER,21.0,"5'10""",164.0,Sweden,Nykvarn,True,C,9,1,2,3,1.22,0.22,0.11,0.33,7.2,0.0,0,0,0,0,0,0,0,0,0,0,0,0,0,0.0,0,17,11,9.1,6,4,2,1,6,3,1,71,16,55,22.5,0,0,0,0,0,163,143,16,5,6989,965,347,5677,BUF,Atlantic,Eastern
2025-2026,20251114,9,NYR,34526,Brennan Othmann,ASSIGNED_TO_MINORS,22.0,"6'0""",175.0,Canada,"Scarborough, ON",True,LW,1,0,0,0,1.0,0.0,0.0,0.0,1.0,0.0,0,0,0,0,0,0,0,0,0,0,0,0,0,0.0,-1,2,1,0.0,0,1,0,2,1,0,0,0,0,0,0.0,0,0,0,0,0,16,11,0,5,751,0,0,751,NYR,Metropolitan,Eastern
2025-2026,20251114,5,WSH,3495,Alex Ovechkin,ROSTER,40.0,"6'3""",236.0,Russia,Moscow,False,LW,17,4,8,12,2.35,0.47,0.24,0.71,17.4,4.0,1,0,2,2,0,0,0,2,0,0,1,1,0,0.0,3,117,40,10.0,2,45,32,30,6,17,2,1,1,0,100.0,1,2,1,2,0,340,191,88,63,18310,6600,1637,9826,WSH,Metropolitan,Eastern
2025-2026,20251114,23,CGY,18227,Brayden Pachal,ROSTER,26.0,"6'0""",200.0,Canada,"Estevan, SK",False,D,12,0,2,2,0.75,0.17,0.0,0.17,18.9,23.5,0,0,0,0,0,0,0,0,0,0,0,0,0,0.0,0,27,9,0.0,7,12,6,22,20,10,4,0,0,0,0.0,4,16,4,10,0,234,157,33,44,9621,1162,442,8017,CGY,Pacific,Western
2025-2026,20251114,8,NYI,5207,Jean-Gabriel Pageau,ROSTER,33.0,"5'10""",180.0,Canada,"Ottawa, ON",False,C,17,6,6,12,1.12,0.35,0.35,0.71,30.3,0.0,2,0,0,0,2,2,4,2,0,1,0,0,0,0.0,1,35,19,31.6,15,7,9,27,16,12,7,262,162,100,61.8,0,0,1,2,0,363,163,103,104,15656,3446,975,11235,NYI,Metropolitan,Eastern
2025-2026,20251114,7,NJD,5178,Ondrej Palat,ROSTER,34.0,"5'11""",194.0,Czech Republic,Frydek-Mistek,False,LW,17,1,1,2,1.18,0.06,0.06,0.12,36.3,4.0,0,0,1,1,0,0,0,0,0,0,0,0,0,0.0,1,37,20,5.0,19,4,13,30,27,5,1,4,1,3,25.0,1,2,5,10,0,323,177,61,86,13248,3191,657,9400,NJD,Metropolitan,Eastern
2025-2026,20251114,8,NYI,4796,Kyle Palmieri,ROSTER,34.0,"5'11""",185.0,USA,"Smithtown, NY",False,C,17,5,8,13,2.88,0.47,0.29,0.76,15.9,16.0,1,1,4,5,0,0,0,0,0,0,0,0,0,0.0,-2,88,49,10.2,7,16,23,16,12,14,4,3,2,1,66.7,4,8,3,8,0,383,206,89,93,19577,6349,959,12269,NYI,Metropolitan,Eastern
2025-2026,20251114,9,NYR,5811,Artemi Panarin,ROSTER,34.0,"5'11""",170.0,Russia,Korkino,False,LW,18,5,11,16,2.94,0.61,0.28,0.89,3.2,4.0,1,0,4,4,0,0,0,2,0,0,0,0,0,0.0,-1,125,53,9.4,2,37,37,2,7,21,4,0,0,0,0.0,1,2,1,2,0,404,192,95,107,22247,3866,1338,16196,NYR,Metropolitan,Eastern
2025-2026,20251114,17,STL,5826,Colton Parayko,ROSTER,32.0,"6'6""",230.0,Canada,"St. Albert, AB",False,D,17,0,6,6,1.24,0.35,0.0,0.35,55.3,12.0,0,0,0,0,0,0,0,0,0,0,0,0,0,0.0,-3,59,21,0.0,42,20,18,17,26,21,8,0,0,0,0.0,3,6,3,6,0,490,265,102,123,23784,4394,1626,17764,STL,Central,Western
2025-2026,20251114,23,CGY,142360,Zayne Parekh,ROSTER,,,,,,False,D,11,0,1,1,1.0,0.09,0.0,0.09,8.1,0.0,0,0,1,1,0,0,0,0,0,0,0,0,0,0.0,0,35,11,0.0,5,18,6,5,19,17,3,0,0,0,0.0,0,0,4,8,0,220,183,32,5,9744,1736,105,7903,CGY,Pacific,Western
2025-2026,20251114,9,NYR,34307,Juuso Parssinen,ROSTER,24.0,"6'2""",203.0,Finland,Hmeenlinna,True,C,12,2,1,3,0.83,0.08,0.17,0.25,17.1,4.0,0,0,0,0,0,0,0,0,0,0,0,0,0,0.0,2,19,10,20.0,9,4,5,14,10,6,3,28,13,15,46.4,1,2,2,4,0,162,112,21,27,6614,775,337,5312,NYR,Metropolitan,Eastern
2025-2026,20251114,11,BOS,5437,David Pastrnak,ROSTER,29.0,"6'0""",194.0,Czech Republic,Havirov,False,RW,19,11,13,24,3.53,0.68,0.58,1.26,22.3,28.0,3,5,6,11,0,0,0,2,0,0,0,0,0,0.0,-3,151,67,16.4,5,54,30,33,19,30,6,0,0,0,0.0,7,14,7,14,0,396,216,109,82,22904,6946,1745,14213,BOS,Atlantic,Eastern
2025-2026,20251114,2,WPJ,5292,Tanner Pearson,ROSTER,33.0,"6'1""",201.0,Canada,"Kitchener, ON",False,LW,17,2,1,3,0.88,0.06,0.12,0.18,21.9,20.0,0,0,0,0,0,0,0,0,0,0,0,0,0,0.0,0,24,15,13.3,12,5,4,17,10,11,2,6,3,3,50.0,5,10,2,4,0,289,137,87,67,11305,2205,1611,7489,WPG,,
2025-2026,20251114,11,BOS,15999,Andrew Peeke,ROSTER,27.0,"6'3""",194.0,USA,"Parkland, FL",False,D,19,0,4,4,1.0,0.21,0.0,0.21,59.4,0.0,0,0,0,0,0,0,0,0,0,0,0,0,0,0.0,-1,50,19,0.0,43,16,15,23,30,16,3,0,0,0,0.0,0,0,0,0,0,477,265,80,132,22444,2945,1207,18292,BOS,Atlantic,Eastern
2025-2026,20251114,8,NYI,5856,Adam Pelech,ROSTER,31.0,"6'3""",218.0,Canada,"Toronto, ON",False,D,17,0,2,2,1.18,0.12,0.0,0.12,31.4,16.0,0,0,0,0,0,0,0,0,0,0,0,0,0,0.0,9,67,20,0.0,26,23,24,5,23,14,7,0,0,0,0.0,4,8,3,6,0,450,231,83,136,19581,2591,1302,15688,NYI,Metropolitan,Eastern
2025-2026,20251114,18,NSH,38801,Nicklaus Perbix,ROSTER,27.0,"6'4""",200.0,USA,"Minneapolis, MN",True,D,18,2,1,3,1.44,0.06,0.11,0.17,27.0,12.0,0,0,0,0,0,0,0,0,0,0,0,0,0,0.0,-4,58,26,7.7,22,24,8,5,21,20,3,0,0,0,0.0,3,6,0,0,0,456,274,101,83,22230,3032,1916,17282,NSH,Central,Western
2025-2026,20251114,2,WPJ,28522,Cole Perfetti,ROSTER,23.0,"5'10""",177.0,Canada,"Whitby, ON",True,C,3,0,1,1,1.33,0.33,0.0,0.33,2.7,4.0,0,0,0,0,0,0,0,0,0,0,0,0,0,0.0,-1,11,4,0.0,2,3,4,1,4,3,2,0,0,0,0.0,1,2,0,0,0,63,37,26,0,3198,1125,581,1492,WPG,,
2025-2026,20251114,9,NYR,142684,Gabe Perreault,ROSTER,,,,,,False,RW,2,0,1,1,1.0,0.5,0.0,0.5,3.3,0.0,0,0,1,1,0,0,0,0,0,0,0,0,0,0.0,2,4,2,0.0,3,1,1,0,1,2,0,0,0,0,0.0,0,0,0,0,0,37,35,2,0,1611,447,0,1164,NYR,Metropolitan,Eastern
2025-2026,20251114,13,OTT,4307,David Perron,ROSTER,37.0,"6'0""",200.0,Canada,"Sherbrooke, QC",False,LW,18,2,7,9,1.11,0.39,0.11,0.5,18.4,16.0,0,2,2,4,0,0,0,0,0,0,0,0,0,0.0,-3,34,20,10.0,7,8,6,21,13,7,3,3,0,3,0.0,4,8,5,10,0,376,178,98,102,15682,4317,1470,9895,OTT,Atlantic,Eastern
2025-2026,20251114,28,LAK,3626,Corey Perry,ROSTER,40.0,"6'3""",205.0,Canada,"Peterborough, ON",False,RW,12,7,4,11,2.58,0.33,0.58,0.92,6.0,20.8,2,1,2,3,0,0,0,0,0,0,2,1,0,0.0,5,51,31,22.6,4,10,10,3,13,8,1,6,3,3,50.0,3,9,5,15,1,208,118,61,36,10722,3641,910,6171,LAK,Pacific,Western
2025-2026,20251114,7,NJD,5845,Brett Pesce,ROSTER,30.0,"6'3""",206.0,USA,"Tarrytown, NY",False,D,9,0,3,3,0.89,0.33,0.0,0.33,28.7,4.0,0,0,0,0,0,0,0,0,0,0,0,0,0,0.0,3,17,8,0.0,24,5,4,4,10,4,2,0,0,0,0.0,1,2,1,2,0,193,89,44,60,10614,1679,548,8387,NJD,Metropolitan,Eastern
2025-2026,20251114,30,UTA,28525,John-Jason Peterka,ROSTER,23.0,"5'11""",192.0,Germany,Munich,True,RW,17,5,7,12,1.94,0.41,0.29,0.71,6.0,12.0,1,0,0,0,0,0,0,1,0,0,0,0,0,0.0,4,66,33,15.2,4,23,10,3,14,19,7,9,3,6,33.3,3,6,3,6,0,355,192,53,115,16515,1594,459,14462,UTA,Central,Western
2025-2026,20251114,27,DAL,5213,Alex Petrovic,ROSTER,33.0,"6'4""",216.0,Canada,"Edmonton, AB",False,D,16,1,3,4,1.06,0.19,0.06,0.25,29.9,36.2,0,0,0,0,0,0,0,0,0,0,0,0,0,0.0,1,31,17,5.9,16,14,0,24,29,14,3,0,0,0,0.0,5,21,1,5,1,253,156,32,64,13015,3288,563,9085,DAL,Central,Western
2025-2026,20251114,4,FLO,4929,Jeff Petry,ROSTER,37.0,"6'3""",209.0,USA,"Ann Arbor, MI",False,D,17,0,5,5,0.71,0.29,0.0,0.29,25.1,12.0,0,0,2,2,0,0,0,0,0,0,0,0,0,0.0,-3,37,12,0.0,18,16,9,10,25,18,0,0,0,0,0.0,3,6,0,0,0,336,184,65,87,15036,3899,809,10328,FLA,,
2025-2026,20251114,21,VAN,15084,Elias Pettersson,ROSTER,27.0,"6'2""",176.0,Sweden,Sundsvall,False,C,18,3,10,13,1.61,0.56,0.17,0.72,52.3,4.0,1,1,4,5,0,0,0,0,0,0,2,1,0,0.0,-2,70,29,10.3,38,15,26,20,16,17,8,386,180,206,46.6,1,2,5,10,0,418,228,119,74,21848,4321,3380,14147,VAN,Pacific,Western
2025-2026,20251114,21,VAN,56700,Elias Nils Pettersson,ROSTER,21.0,"6'2""",185.0,Sweden,Västerås,False,D,17,0,2,2,0.47,0.12,0.0,0.12,35.2,12.0,0,0,0,0,0,0,0,0,0,0,0,0,0,0.0,-2,33,8,0.0,23,17,8,19,26,17,4,0,0,0,0.0,3,6,6,15,0,317,241,20,56,13913,1488,142,12283,VAN,Pacific,Western
2025-2026,20251114,21,VAN,14114,Marcus Pettersson,ROSTER,29.0,"6'3""",177.0,Sweden,Skellefteå,False,D,18,0,3,3,0.72,0.17,0.0,0.17,39.5,40.8,0,0,0,0,0,0,0,0,0,0,0,0,0,0.0,4,38,13,0.0,31,11,14,10,38,19,3,0,0,0,0.0,8,19,1,5,1,429,230,50,149,22241,2737,1018,18486,VAN,Pacific,Western
2025-2026,20251114,24,EDM,39040,Noah Philp,ROSTER,27.0,"6'3""",200.0,Canada,"Canmore, AB",True,C,13,2,1,3,0.85,0.08,0.15,0.23,13.4,8.0,0,0,0,0,0,0,0,0,0,0,0,0,0,0.0,-5,18,11,18.2,2,6,1,22,11,7,4,90,53,37,58.9,2,4,2,4,0,180,99,54,28,8123,1510,758,5841,EDM,Pacific,Western
2025-2026,20251114,10,PIT,43371,Owen Pickering,ROSTER,21.0,"6'4""",180.0,Canada,"St. Adolphe, MB",True,D,4,0,0,0,0.25,0.0,0.0,0.0,2.7,4.0,0,0,0,0,0,0,0,0,0,0,0,0,0,0.0,-3,6,1,0.0,2,4,1,1,6,4,1,0,0,0,0.0,1,2,0,0,0,73,60,2,11,2903,311,32,2560,PIT,Metropolitan,Eastern
2025-2026,20251114,13,OTT,30027,Shane Pinto,ROSTER,25.0,"6'3""",201.0,USA,"Franklin Square, NY",True,C,18,9,6,15,2.61,0.33,0.5,0.83,22.5,24.0,3,0,0,0,0,1,1,1,0,0,1,0,1,100.0,2,99,47,19.1,13,21,31,16,20,16,6,218,123,95,56.4,6,12,6,12,0,475,219,92,174,20905,2702,726,17628,OTT,Atlantic,Eastern
2025-2026,20251114,2,WPJ,14095,Neal Pionk,ROSTER,30.0,"6'0""",186.0,USA,"Hermantown, MN",False,D,17,0,3,3,2.06,0.18,0.0,0.18,50.6,20.0,0,0,1,1,0,0,0,0,0,0,0,0,0,0.0,2,84,35,0.0,31,35,14,32,15,17,4,0,0,0,0.0,5,10,2,4,0,482,284,129,69,24247,4850,2810,16587,WPG,,
2025-2026,20251114,25,MIN,5274,Tyler Pitlick,ASSIGNED_TO_MINORS,34.0,"6'2""",200.0,USA,"Minneapolis, MN",False,C,9,0,0,0,0.67,0.0,0.0,0.0,18.8,32.9,0,0,0,0,0,0,0,0,0,0,0,0,0,0.0,-3,10,6,0.0,6,2,2,24,5,3,1,0,0,0,0.0,3,22,2,7,1,84,44,28,13,3986,989,247,2750,MIN,Central,Western
2025-2026,20251114,24,EDM,30369,Vasily Podkolzin,ROSTER,24.0,"6'1""",190.0,Russia,Moscow,True,RW,19,3,5,8,1.68,0.26,0.16,0.42,46.3,8.0,1,0,0,0,0,0,0,1,0,0,0,0,0,0.0,4,52,32,9.4,13,10,10,63,17,10,4,10,3,7,30.0,2,4,2,4,0,354,223,106,19,17077,3862,1863,10943,EDM,Pacific,Western
2025-2026,20251114,29,ANA,13640,Ryan Poehling,ROSTER,26.0,"6'2""",204.0,USA,"Lakeville, MN",False,C,16,1,5,6,0.69,0.31,0.06,0.38,18.0,8.0,0,0,0,0,0,0,0,0,0,0,0,0,0,0.0,-2,25,11,9.1,13,7,7,7,17,10,2,178,80,98,44.9,2,4,3,6,0,296,138,53,106,12033,1475,473,10085,ANA,Pacific,Western
2025-2026,20251114,1,TBL,10079,Brayden Point,ROSTER,29.0,"5'10""",166.0,Canada,"Calgary, AB",False,C,16,3,6,9,2.12,0.38,0.19,0.56,9.3,8.0,1,1,2,3,0,0,0,0,0,0,0,0,0,0.0,-11,62,34,8.8,7,12,16,3,11,16,3,186,81,105,43.5,2,4,5,10,0,358,185,114,62,18415,4961,3447,10007,TBL,Atlantic,Eastern
2025-2026,20251114,15,BUF,34475,Owen Power,ROSTER,22.0,"6'6""",214.0,Canada,"Mississauga, ON",True,D,16,2,5,7,1.31,0.31,0.12,0.44,20.1,8.0,0,0,0,0,0,2,2,0,0,0,0,0,0,0.0,-9,54,21,9.5,14,19,14,9,23,18,6,0,0,0,0.0,2,4,1,2,0,437,268,64,107,20621,2321,645,17655,BUF,Atlantic,Eastern
2025-2026,20251114,5,WSH,28499,Aliaksei Protas,ROSTER,24.0,"6'5""",190.0,Belarus,Vitebsk,True,C,17,5,5,10,2.18,0.29,0.29,0.59,18.5,8.0,1,0,1,1,0,0,0,1,0,0,0,0,0,0.0,6,73,37,13.5,13,15,21,8,14,20,5,13,2,11,15.4,2,4,4,8,0,393,251,91,53,18193,3926,1144,13004,WSH,Metropolitan,Eastern
2025-2026,20251114,19,CBJ,5602,Ivan Provorov,ROSTER,28.0,"6'1""",201.0,Russia,Yaroslavl,False,D,17,3,3,6,2.06,0.18,0.18,0.35,31.2,12.0,1,0,0,0,0,0,0,0,0,0,0,0,0,0.0,5,73,35,8.6,24,22,16,9,19,24,7,0,0,0,0.0,3,6,3,6,0,436,222,106,107,24895,3927,1290,19413,CBJ,Metropolitan,Eastern
2025-2026,20251114,8,NYI,5815,Ryan Pulock,ROSTER,31.0,"6'2""",217.0,Canada,"Dauphin, MB",False,D,17,0,7,7,1.0,0.41,0.0,0.41,38.9,0.0,0,0,0,0,0,1,1,0,0,0,0,0,0,0.0,4,48,17,0.0,30,20,11,11,21,21,5,0,0,0,0.0,0,0,0,0,0,465,246,159,60,20788,2596,2666,15526,NYI,Metropolitan,Eastern
2025-2026,20251114,15,BUF,28524,Jack Quinn,ROSTER,24.0,"6'0""",176.0,Canada,"Ottawa, ON",True,RW,17,3,5,8,1.53,0.29,0.18,0.47,11.7,0.0,1,2,0,2,0,0,0,1,0,0,1,0,0,0.0,-6,53,26,11.5,6,12,15,10,20,15,3,4,0,4,0.0,0,0,1,2,0,359,216,51,95,16329,1906,810,13613,BUF,Atlantic,Eastern
2025-2026,20251114,1,TBL,18138,Darren Raddysh,ROSTER,29.0,"6'0""",201.0,Canada,"Caledon, ON",False,D,10,1,2,3,2.0,0.2,0.1,0.3,10.2,4.0,0,0,0,0,0,0,0,0,0,0,0,0,0,0.0,-4,52,20,5.0,6,20,12,7,16,6,1,0,0,0,0.0,1,2,0,0,0,182,98,41,45,9011,2098,1079,5838,TBL,Atlantic,Eastern
2025-2026,20251114,9,NYR,15229,Taylor Raddysh,ROSTER,27.0,"6'2""",198.0,Canada,"Toronto, ON",False,RW,18,5,1,6,1.22,0.06,0.28,0.33,14.4,4.0,1,0,0,0,1,0,1,0,0,0,0,0,0,0.0,2,34,22,22.7,7,3,9,13,8,7,5,3,0,3,0.0,1,2,0,0,0,330,176,79,71,13637,2648,1028,9470,NYR,Metropolitan,Eastern
2025-2026,20251114,10,PIT,5144,Rickard Rakell,INJURY_LIST,32.0,"6'0""",196.0,Sweden,Sundbyberg,False,RW,9,3,5,8,1.89,0.56,0.33,0.89,15.7,4.0,1,1,2,3,0,1,1,0,0,0,0,0,0,0.0,1,36,17,17.6,10,9,10,9,12,4,3,6,1,5,16.7,1,2,0,0,0,195,79,90,21,9580,1467,2444,5305,PIT,Metropolitan,Eastern
2025-2026,20251114,27,DAL,5605,Mikko Rantanen,ROSTER,29.0,"6'4""",215.0,Finland,Nousiainen,False,RW,18,9,16,25,2.83,0.89,0.5,1.39,20.9,36.0,3,4,10,14,0,0,0,1,0,0,3,1,1,33.33,-5,98,51,17.6,12,26,21,15,18,17,2,27,12,15,44.4,9,18,11,22,0,411,217,81,116,23026,6061,1041,15761,DAL,Central,Western
2025-2026,20251114,16,DET,13624,Michael Rasmussen,ROSTER,26.0,"6'6""",221.0,Canada,"Surrey, BC",False,C,15,2,2,4,1.0,0.13,0.13,0.27,18.8,8.0,0,0,0,0,0,0,0,0,0,0,0,0,0,0.0,-3,31,15,13.3,11,6,11,13,16,4,1,107,62,45,57.9,2,4,1,2,0,257,133,54,72,10376,1625,613,8138,DET,Atlantic,Eastern
2025-2026,20251114,21,VAN,32262,Aatu Raty,ROSTER,23.0,"6'2""",185.0,Finland,Oulu,True,C,16,1,5,6,0.75,0.31,0.06,0.38,27.9,16.0,0,0,0,0,0,0,0,0,0,0,0,0,0,0.0,2,36,12,8.3,6,8,16,42,12,6,2,204,114,90,55.9,4,8,2,4,0,306,208,44,55,12328,2076,558,9694,VAN,Pacific,Western
2025-2026,20251114,16,DET,19050,Lucas Raymond,ROSTER,23.0,"5'11""",170.0,Sweden,Goteborg,True,LW,15,4,11,15,2.0,0.73,0.27,1.0,9.7,4.0,1,1,4,5,0,0,0,1,0,0,2,0,1,50.0,4,67,30,13.3,6,19,18,6,11,15,10,1,1,0,100.0,1,2,8,16,0,327,186,56,90,16048,3209,1175,11839,DET,Atlantic,Eastern
2025-2026,20251114,26,SJS,4892,Ryan Reaves,ROSTER,38.0,"6'2""",225.0,Canada,"Winnipeg, MB",False,RW,14,2,0,2,0.64,0.0,0.14,0.14,28.2,29.6,0,0,0,0,0,0,0,0,0,0,0,0,0,0.0,-3,13,9,22.2,4,1,3,47,5,3,1,0,0,0,0.0,3,12,2,10,2,143,89,34,23,5924,1994,211,3722,SJS,Pacific,Western
2025-2026,20251114,24,EDM,24516,Alec Regula,ROSTER,25.0,"6'4""",203.0,USA,"West Bloomfield, MI",False,D,5,0,0,0,0.6,0.0,0.0,0.0,9.8,4.0,0,0,0,0,0,0,0,0,0,0,0,0,0,0.0,-3,7,3,0.0,7,3,1,4,12,4,0,0,0,0,0.0,1,2,0,0,0,92,46,22,23,4356,890,372,3022,EDM,Pacific,Western
2025-2026,20251114,20,CHI,30422,Lukas Reichel,ROSTER,23.0,"6'0""",170.0,Germany,Nürnberg,True,LW,5,2,2,4,1.2,0.4,0.4,0.8,3.8,4.0,0,0,0,0,0,0,0,0,0,0,0,0,0,0.0,1,10,6,33.3,3,2,2,1,1,4,1,7,2,5,28.6,1,2,0,0,0,66,38,8,22,2959,149,68,2742,CHI,Central,Western
2025-2026,20251114,20,CHI,30422,Lukas Reichel,ROSTER,23.0,"6'0""",170.0,Germany,Nürnberg,True,LW,5,2,2,4,1.2,0.4,0.4,0.8,3.8,4.0,0,0,0,0,0,0,0,0,0,0,0,0,0,0.0,1,10,6,33.3,3,2,2,1,1,4,1,7,2,5,28.6,1,2,0,0,0,66,38,8,22,2959,149,68,2742,CHI,Central,Western
2025-2026,20251114,21,VAN,30422,Lukas Reichel,ROSTER,23.0,"6'0""",170.0,Germany,Nürnberg,True,LW,10,0,1,1,0.9,0.1,0.0,0.1,9.8,8.0,0,0,0,0,0,0,0,0,0,0,0,0,0,0.0,-5,24,9,0.0,7,5,10,4,7,7,1,97,38,59,39.2,2,4,0,0,0,185,132,27,26,8749,1170,464,7115,VAN,Pacific,Western
2025-2026,20251114,21,VAN,30422,Lukas Reichel,ROSTER,23.0,"6'0""",170.0,Germany,Nürnberg,True,LW,10,0,1,1,0.9,0.1,0.0,0.1,9.8,8.0,0,0,0,0,0,0,0,0,0,0,0,0,0,0.0,-5,24,9,0.0,7,5,10,4,7,7,1,97,38,59,39.2,2,4,0,0,0,185,132,27,26,8749,1170,464,7115,VAN,Pacific,Western
2025-2026,20251114,3,CAR,5814,Mike Reilly,ROSTER,32.0,"6'1""",200.0,USA,"Chanhassen, MN",False,D,13,1,4,5,1.54,0.31,0.08,0.38,25.8,8.0,0,0,0,0,1,0,1,0,0,0,0,0,0,0.0,11,55,20,5.0,20,22,13,7,17,10,0,0,0,0,0.0,2,4,2,4,0,340,180,69,92,14146,2571,772,10803,CAR,Metropolitan,Eastern
2025-2026,20251114,142,VGK,30061,Cole Reinhardt,ROSTER,25.0,"6'1""",203.0,Canada,"Calgary, AB",True,LW,10,1,1,2,0.2,0.1,0.1,0.2,9.6,8.0,0,0,0,0,0,0,0,0,0,0,0,0,0,0.0,-2,12,2,50.0,0,4,6,19,3,8,0,2,1,1,50.0,2,4,1,2,0,120,81,32,8,5034,1007,458,3569,VGK,Pacific,Western
2025-2026,20251114,4,FLO,5416,Sam Reinhart,ROSTER,30.0,"6'1""",194.0,Canada,"North Vancouver, BC",False,C,17,10,2,12,2.94,0.12,0.59,0.71,22.4,4.0,3,3,1,4,1,0,1,4,0,0,2,0,0,0.0,-6,113,50,20.0,12,22,41,18,27,10,2,64,21,43,32.8,1,2,2,4,0,405,179,147,89,21571,4414,3503,13654,FLA,,
2025-2026,20251114,9,NYR,34418,Matt Rempe,ROSTER,23.0,"6'8""",205.0,Canada,"Calgary, AB",True,C,9,1,0,1,0.89,0.0,0.11,0.11,17.4,16.8,0,0,0,0,0,0,0,0,0,0,0,0,0,0.0,1,16,8,12.5,2,3,5,30,7,2,1,5,2,3,40.0,2,7,2,7,1,122,83,32,2,5296,1096,359,3591,NYR,Metropolitan,Eastern
2025-2026,20251114,12,TOR,5261,Morgan Rielly,ROSTER,31.0,"6'1""",219.0,Canada,"West Vancouver, BC",False,D,17,2,12,14,1.65,0.71,0.12,0.82,25.1,4.0,0,0,2,2,0,0,0,1,0,0,0,0,0,0.0,-4,77,28,7.1,18,25,24,10,28,36,4,0,0,0,0.0,1,2,1,2,0,485,271,102,114,22156,4647,1307,16202,TOR,Atlantic,Eastern
2025-2026,20251114,20,CHI,56353,Sam Rinzel,ROSTER,21.0,"6'3""",180.0,USA,"Chanhassen, MN",False,D,17,1,2,3,1.53,0.12,0.06,0.18,33.6,24.0,0,0,0,0,0,0,0,0,0,0,0,0,0,0.0,2,73,26,3.8,22,34,13,18,25,22,2,0,0,0,0.0,6,12,2,4,0,349,261,37,49,18791,3022,137,15419,CHI,Central,Western
2025-2026,20251114,8,NYI,134181,Calum Ritchie,ROSTER,20.0,"6'2""",185.0,Canada,"Oakville, ON",True,C,7,0,0,0,0.57,0.0,0.0,0.0,7.2,12.0,0,0,0,0,0,0,0,0,0,0,0,0,0,0.0,0,10,4,0.0,6,2,4,1,9,7,0,52,20,32,38.5,3,6,1,2,0,113,88,11,14,4945,551,42,4352,NYI,Metropolitan,Eastern
2025-2026,20251114,27,DAL,18026,Jason Robertson,ROSTER,26.0,"6'2""",194.0,USA,"Northville, MI",False,LW,18,6,14,20,4.22,0.78,0.33,1.11,16.6,0.0,2,3,6,9,0,0,0,0,0,0,3,0,2,66.67,3,127,76,7.9,9,24,27,13,18,25,10,1,0,1,0.0,0,0,4,8,0,399,210,99,91,21937,5308,1616,14805,DAL,Central,Western
2025-2026,20251114,9,NYR,29769,Matthew Robertson,ROSTER,24.0,"6'4""",202.0,Canada,"Sherwood Park, AB",True,D,9,1,0,1,0.78,0.0,0.11,0.11,18.2,8.0,0,0,0,0,0,0,0,0,0,0,0,0,0,0.0,-3,25,7,14.3,10,11,7,14,15,7,0,0,0,0,0.0,2,4,0,0,0,193,126,27,41,8939,1109,217,7613,NYR,Metropolitan,Eastern
2025-2026,20251114,12,TOR,20226,Nicholas Robertson,ROSTER,24.0,"5'9""",162.0,USA,"Pasadena, CA",True,LW,17,4,6,10,1.88,0.35,0.24,0.59,16.9,0.0,1,1,0,1,0,0,0,1,0,0,0,0,0,0.0,-1,51,32,12.5,7,7,12,18,11,14,4,2,1,1,50.0,0,0,1,2,0,299,182,76,45,13270,2509,908,9853,TOR,Atlantic,Eastern
2025-2026,20251114,3,CAR,14154,Eric Robinson,ROSTER,30.0,"6'2""",197.0,USA,"Bellmawr, New Jersey",False,LW,10,4,1,5,1.2,0.1,0.4,0.5,8.8,0.0,1,0,0,0,0,0,0,1,0,0,0,0,0,0.0,3,21,12,33.3,2,3,6,13,12,3,1,1,0,1,0.0,0,0,2,4,0,149,77,37,39,6278,734,478,5066,CAR,Metropolitan,Eastern
2025-2026,20251114,4,FLO,9075,Evan Rodrigues,ROSTER,32.0,"5'11""",184.0,Canada,"Toronto, ON",False,C,17,4,5,9,2.41,0.29,0.24,0.53,20.6,16.0,1,0,2,2,0,0,0,0,0,0,1,0,0,0.0,1,69,41,9.8,9,13,15,21,16,12,7,166,75,91,45.2,4,8,6,15,0,370,198,118,57,17260,3314,2719,11211,FLA,,
2025-2026,20251114,8,NYI,14561,Alexander Romanov,ROSTER,25.0,"6'1""",209.0,Russia,Moscow,True,D,12,0,0,0,0.92,0.0,0.0,0.0,40.4,12.0,0,0,0,0,0,0,0,0,0,0,0,0,0,0.0,-6,29,11,0.0,25,11,7,25,34,10,3,0,0,0,0.0,3,6,2,4,0,271,186,29,56,13698,1924,442,11332,NYI,Metropolitan,Eastern
2025-2026,20251114,15,BUF,34464,Isak Rosen,ROSTER,22.0,"5'11""",156.0,Sweden,Stockholm,True,RW,6,3,2,5,1.67,0.33,0.5,0.83,7.0,0.0,1,0,1,1,0,0,0,0,0,0,0,0,0,0.0,-1,24,10,30.0,4,6,8,5,3,5,1,0,0,0,0.0,0,0,1,2,0,125,80,18,30,5717,1166,96,4455,BUF,Atlantic,Eastern
2025-2026,20251114,24,EDM,5620,Jack Roslovic,ROSTER,28.0,"6'1""",187.0,USA,"Columbus, OH",False,C,17,5,7,12,2.41,0.41,0.29,0.71,8.1,16.0,1,2,1,3,0,0,0,2,0,2,0,0,0,0.0,6,71,41,12.2,5,9,21,5,10,13,5,25,14,11,56.0,4,8,3,6,0,335,174,122,34,17752,4823,2468,10034,EDM,Pacific,Western
2025-2026,20251114,25,MIN,28380,Marco Rossi,ROSTER,24.0,"5'9""",183.0,Austria,Feldkirch,True,C,17,4,9,13,1.59,0.53,0.24,0.76,14.5,4.0,1,0,5,5,0,0,0,0,0,0,1,0,1,100.0,-6,55,27,14.8,8,13,15,11,17,13,5,220,107,113,48.6,1,2,2,4,0,349,205,82,67,18462,3218,1212,14272,MIN,Central,Western
2025-2026,20251114,14,MTL,38746,Joshua Roy,ASSIGNED_TO_MINORS,22.0,"6'0""",190.0,Canada,"St-Georges-de-Beauce, QC",True,RW,1,0,0,0,0.0,0.0,0.0,0.0,2.0,0.0,0,0,0,0,0,0,0,0,0,0,0,0,0,0.0,0,0,0,0.0,0,0,0,4,1,0,0,0,0,0,0.0,0,0,0,0,0,10,4,3,3,478,76,0,402,MTL,Atlantic,Eastern
2025-2026,20251114,5,WSH,5789,Matt Roy,ROSTER,30.0,"6'1""",200.0,USA,"Canton, MI",False,D,17,0,2,2,1.47,0.12,0.0,0.12,50.6,8.0,0,0,0,0,0,0,0,0,0,0,0,0,0,0.0,7,53,25,0.0,36,20,8,21,38,14,1,0,0,0,0.0,2,4,2,4,0,370,178,58,133,20560,2183,820,17512,WSH,Metropolitan,Eastern
2025-2026,20251114,12,TOR,14391,Nicolas Roy,ROSTER,28.0,"6'4""",200.0,Canada,"Amos, QC",False,C,18,1,3,4,0.89,0.17,0.06,0.22,21.3,8.0,0,0,0,0,0,0,0,0,0,0,0,0,0,0.0,-4,28,16,6.2,11,5,7,18,14,20,7,222,114,108,51.4,2,4,3,8,0,376,185,120,72,15820,2738,2412,10670,TOR,Atlantic,Eastern
2025-2026,20251114,10,PIT,5500,Bryan Rust,ROSTER,33.0,"5'11""",192.0,USA,"Pontiac, MI",False,RW,15,5,10,15,2.4,0.67,0.33,1.0,22.0,12.0,1,1,6,7,0,0,0,3,0,0,3,0,1,33.33,0,61,36,13.9,18,8,17,4,16,21,1,1,0,1,0.0,3,6,5,10,0,353,148,165,46,18381,3444,4015,11028,PIT,Metropolitan,Eastern
2025-2026,20251114,142,VGK,5014,Brandon Saad,ROSTER,33.0,"6'1""",206.0,USA,"Pittsburgh, PA",False,LW,16,0,3,3,1.5,0.19,0.0,0.19,9.9,4.0,0,0,0,0,0,0,0,0,0,0,0,0,0,0.0,2,48,24,0.0,8,15,9,2,5,13,4,14,5,9,35.7,1,2,1,2,0,291,143,76,73,13528,4206,1083,8227,VGK,Pacific,Western
2025-2026,20251114,1,TBL,13703,Scott Sabourin,ROSTER,33.0,"6'4""",207.0,Canada,"Orleans, ON",True,RW,1,1,0,1,2.0,0.0,1.0,1.0,2.0,4.0,0,0,0,0,0,0,0,0,0,0,0,0,0,0.0,0,2,2,50.0,0,0,0,4,3,1,0,0,0,0,0.0,1,2,2,4,0,17,6,5,7,702,80,91,531,TBL,Atlantic,Eastern
2025-2026,20251114,2,WPJ,28449,Dylan Samberg,ROSTER,26.0,"6'3""",190.0,USA,"Saginaw, MN",True,D,1,0,0,0,2.0,0.0,0.0,0.0,3.2,0.0,0,0,0,0,0,0,0,0,0,0,0,0,0,0.0,1,4,2,0.0,2,2,0,2,1,1,0,0,0,0,0.0,0,0,0,0,0,27,17,1,9,1384,237,41,1106,WPG,,
2025-2026,20251114,4,FLO,37976,Mackie Samoskevich,ROSTER,22.0,"5'11""",191.0,USA,"Newtown, CT",True,RW,17,2,7,9,2.06,0.41,0.12,0.53,22.1,12.0,0,2,3,5,0,0,0,0,0,0,0,0,0,0.0,2,72,35,5.7,8,21,16,26,22,9,1,0,0,0,0.0,3,6,7,14,0,335,231,88,18,15171,3796,1175,10200,FLA,,
2025-2026,20251114,15,BUF,14555,Mattias Samuelsson,ROSTER,25.0,"6'4""",218.0,USA,"Voorhees, New Jersey",True,D,15,2,4,6,1.27,0.27,0.13,0.4,48.9,8.0,0,0,0,0,0,0,0,1,0,0,0,0,0,0.0,0,39,19,10.5,34,15,6,22,33,8,1,0,0,0,0.0,2,4,3,6,0,391,207,44,142,18866,1298,313,17255,BUF,Atlantic,Eastern
2025-2026,20251114,13,OTT,37996,Jake Sanderson,ROSTER,23.0,"6'3""",195.0,USA,"Whitefish, MT",True,D,18,3,10,13,2.28,0.56,0.17,0.72,39.7,0.0,1,1,4,5,0,0,0,0,0,0,0,0,0,0.0,1,106,41,7.3,33,41,24,6,50,24,12,0,0,0,0.0,0,0,3,6,0,548,299,75,177,26087,3794,633,21660,OTT,Atlantic,Eastern
2025-2026,20251114,5,WSH,14552,Rasmus Sandin,ROSTER,25.0,"5'11""",183.0,Sweden,Uppsala,True,D,12,2,4,6,1.08,0.33,0.17,0.5,28.9,4.0,0,0,0,0,0,0,0,0,0,0,0,0,0,0.0,5,36,13,15.4,16,14,9,22,13,18,5,0,0,0,0.0,1,2,0,0,0,257,147,54,59,13839,1546,978,11316,WSH,Metropolitan,Eastern
2025-2026,20251114,16,DET,133971,Axel Sandin-Pellikka,ROSTER,20.0,"5'11""",181.0,Sweden,Gallivare,True,D,17,2,3,5,1.24,0.18,0.12,0.29,24.8,16.0,0,0,2,2,0,0,0,0,0,0,0,0,0,0.0,-9,67,21,9.5,20,28,18,5,28,17,3,0,0,0,0.0,4,8,1,2,0,402,291,44,69,18747,2918,258,15571,DET,Atlantic,Eastern
2025-2026,20251114,6,PHI,11718,Travis Sanheim,ROSTER,29.0,"6'3""",181.0,Canada,"Elkhorn, MB",False,D,16,1,4,5,1.19,0.25,0.06,0.31,42.7,16.0,0,0,0,0,0,0,0,0,0,0,0,0,0,0.0,0,51,19,5.3,33,14,18,12,26,30,4,0,0,0,0.0,4,8,2,4,0,500,253,61,187,24924,3128,924,20872,PHI,Metropolitan,Eastern
2025-2026,20251114,21,VAN,79679,Max Sasson,ROSTER,25.0,"6'1""",181.0,USA,"Birmingham, MI",True,C,15,3,0,3,0.8,0.0,0.2,0.2,19.0,0.0,1,0,0,0,0,0,0,0,0,0,0,0,0,0.0,0,23,12,25.0,13,4,7,9,14,6,4,71,27,44,38.0,0,0,1,2,0,222,182,25,18,9345,1333,206,7806,VAN,Pacific,Western
2025-2026,20251114,24,EDM,43365,Matthew Savoie,ROSTER,21.0,"5'9""",175.0,Canada,"St. Albert, AB",True,C,19,2,3,5,1.26,0.16,0.11,0.26,12.0,0.0,0,1,1,2,0,0,0,0,0,0,1,0,0,0.0,-5,45,24,8.3,9,8,13,4,19,13,3,9,4,5,44.4,0,0,5,10,0,353,256,49,45,15617,2934,33,12416,EDM,Pacific,Western
2025-2026,20251114,8,NYI,168063,Matthew Schaefer,ROSTER,18.0,"6'2""",183.0,Canada,"Hamilton, ON",True,D,17,6,8,14,3.06,0.47,0.35,0.82,26.8,10.1,2,4,3,7,0,0,0,1,0,0,0,0,0,0.0,2,107,52,11.5,20,42,13,9,48,24,9,0,0,0,0.0,3,4,11,22,0,450,380,35,40,22883,3804,128,18951,NYI,Metropolitan,Eastern
2025-2026,20251114,2,WPJ,5003,Mark Scheifele,ROSTER,32.0,"6'3""",207.0,Canada,"Kitchener, ON",False,C,17,10,13,23,2.41,0.76,0.59,1.35,7.1,8.0,3,3,3,6,0,1,1,2,0,0,0,0,0,0.0,3,63,41,24.4,5,5,17,3,17,29,3,282,145,137,51.4,2,4,9,18,0,377,183,115,89,20690,5181,1383,14126,WPG,,
2025-2026,20251114,17,STL,4712,Brayden Schenn,ROSTER,34.0,"6'1""",200.0,Canada,"Saskatoon, SK",False,C,17,2,4,6,1.12,0.24,0.12,0.35,28.1,37.6,0,0,1,1,0,0,0,0,0,0,1,1,0,0.0,-12,46,19,10.5,8,13,14,38,13,16,2,192,102,90,53.1,5,16,4,14,2,364,187,77,102,17176,5142,465,11569,STL,Central,Western
2025-2026,20251114,2,WPJ,4552,Luke Schenn,ROSTER,36.0,"6'2""",227.0,Canada,"Saskatoon, SK",False,D,13,0,0,0,0.77,0.0,0.0,0.0,34.7,29.6,0,0,0,0,0,0,0,0,0,0,0,0,0,0.0,-4,27,10,0.0,18,10,7,29,22,13,2,0,0,0,0.0,3,12,2,10,2,241,124,40,77,10488,2337,532,7619,WPG,,
2025-2026,20251114,30,UTA,10071,Nick Schmaltz,ROSTER,29.0,"6'0""",177.0,USA,"Madison, WI",False,C,17,10,11,21,3.06,0.65,0.59,1.24,11.5,8.0,3,3,3,6,0,0,0,2,0,0,0,0,0,0.0,3,87,52,19.2,9,22,13,3,15,22,6,88,33,55,37.5,2,4,3,6,0,399,196,74,139,20256,3399,697,16160,UTA,Central,Western
2025-2026,20251114,30,UTA,5269,Nate Schmidt,ROSTER,34.0,"6'0""",194.0,USA,"St. Cloud, MN",False,D,17,0,4,4,1.41,0.24,0.0,0.24,25.1,4.0,0,0,0,0,0,0,0,0,0,0,0,0,0,0.0,9,58,24,0.0,13,19,15,21,16,16,4,0,0,0,0.0,1,2,2,4,0,480,239,69,172,21443,3817,436,17190,UTA,Central,Western
2025-2026,20251114,9,NYR,29932,Braden Schneider,ROSTER,24.0,"6'2""",202.0,Canada,"Prince Albert, SK",True,D,18,1,3,4,1.11,0.17,0.06,0.22,49.7,12.0,0,0,0,0,0,0,0,0,0,0,0,0,0,0.0,-2,53,20,5.0,27,21,12,39,24,17,5,0,0,0,0.0,3,6,4,8,0,417,269,51,83,19744,2414,410,16160,NYR,Metropolitan,Eastern
2025-2026,20251114,143,SEA,5088,Jaden Schwartz,ROSTER,33.0,"5'10""",190.0,Canada,"Wilcox, SK",False,LW,17,5,7,12,1.88,0.41,0.29,0.71,28.4,16.0,1,1,1,2,0,0,0,1,0,0,0,0,0,0.0,5,65,32,15.6,16,20,13,21,15,21,11,14,9,5,64.3,4,8,0,0,0,376,175,95,103,17855,4371,691,12394,SEA,Pacific,Western
2025-2026,20251114,4,FLO,28450,Cole Schwindt,ROSTER,24.0,"6'2""",182.0,Canada,"Kitchener, ON",True,RW,8,2,0,2,0.88,0.0,0.25,0.25,10.7,0.0,0,0,0,0,0,0,0,0,0,0,0,0,0,0.0,1,14,7,28.6,6,3,4,8,7,3,1,55,21,34,38.2,0,0,0,0,0,107,80,15,14,4582,1080,214,3288,FLA,,
2025-2026,20251114,13,OTT,29978,Donovan Sebrango,ROSTER,23.0,"6'1""",189.0,Canada,"Kingston, ON",True,D,2,0,0,0,0.5,0.0,0.0,0.0,0.5,12.8,0,0,0,0,0,0,0,0,0,0,0,0,0,0.0,-1,5,1,0.0,0,3,1,1,8,1,0,0,0,0,0.0,1,5,1,5,1,46,32,3,11,1827,4,0,1823,OTT,Atlantic,Eastern
2025-2026,20251114,13,OTT,29978,Donovan Sebrango,ROSTER,23.0,"6'1""",189.0,Canada,"Kingston, ON",True,D,2,0,0,0,0.5,0.0,0.0,0.0,0.5,12.8,0,0,0,0,0,0,0,0,0,0,0,0,0,0.0,-1,5,1,0.0,0,3,1,1,8,1,0,0,0,0,0.0,1,5,1,5,1,46,32,3,11,1827,4,0,1823,OTT,Atlantic,Eastern
2025-2026,20251114,4,FLO,29978,Donovan Sebrango,ROSTER,23.0,"6'1""",189.0,Canada,"Kingston, ON",True,D,6,0,2,2,1.0,0.33,0.0,0.33,17.3,16.8,0,0,0,0,0,0,0,0,0,0,0,0,0,0.0,4,12,6,0.0,11,3,3,10,12,8,1,0,0,0,0.0,2,7,3,9,1,112,90,13,9,5165,519,292,4354,FLA,,
2025-2026,20251114,4,FLO,29978,Donovan Sebrango,ROSTER,23.0,"6'1""",189.0,Canada,"Kingston, ON",True,D,6,0,2,2,1.0,0.33,0.0,0.33,17.3,16.8,0,0,0,0,0,0,0,0,0,0,0,0,0,0.0,4,12,6,0.0,11,3,3,10,12,8,1,0,0,0,0.0,2,7,3,9,1,112,90,13,9,5165,519,292,4354,FLA,,
2025-2026,20251114,6,PHI,12486,Nick Seeler,ROSTER,32.0,"6'2""",201.0,USA,"Eden Prairie, MN",False,D,16,0,2,2,1.31,0.12,0.0,0.12,46.8,16.0,0,0,0,0,0,0,0,0,0,0,0,0,0,0.0,-5,51,21,0.0,28,17,13,31,18,12,3,0,0,0,0.0,4,8,3,6,0,443,242,59,143,19346,3065,484,15761,PHI,Metropolitan,Eastern
2025-2026,20251114,27,DAL,4875,Tyler Seguin,ROSTER,33.0,"6'1""",200.0,Canada,"Brampton, ON",False,C,18,6,2,8,1.33,0.11,0.33,0.44,11.1,4.0,2,1,0,1,0,0,0,2,0,0,1,1,0,0.0,0,49,24,25.0,5,7,18,11,9,17,3,176,102,74,58.0,1,2,2,4,0,392,185,105,104,18876,5413,1156,12137,DAL,Central,Western
2025-2026,20251114,16,DET,18042,Moritz Seider,ROSTER,24.0,"6'3""",208.0,Germany,Zell Mosel,True,D,17,2,6,8,2.41,0.35,0.12,0.47,43.9,20.0,0,1,6,7,0,0,0,0,0,0,0,0,0,0.0,1,94,41,4.9,24,30,23,34,18,23,9,0,0,0,0.0,5,10,2,4,0,493,287,84,124,25873,4874,1298,19701,DET,Atlantic,Eastern
2025-2026,20251114,29,ANA,142129,Beckett Sennecke,ROSTER,19.0,"6'2""",177.0,Canada,"Toronto, ON",True,RW,17,6,6,12,1.71,0.35,0.35,0.71,15.3,20.0,2,1,1,2,0,0,0,0,0,0,0,0,0,0.0,-1,63,29,20.7,6,18,16,17,25,20,6,1,1,0,100.0,5,10,10,20,0,371,327,43,8,16882,3065,309,13454,ANA,Pacific,Western
2025-2026,20251114,30,UTA,9635,Mikhail Sergachev,ROSTER,27.0,"6'2""",217.0,Russia,Nizhnekamsk,False,D,17,3,10,13,1.94,0.59,0.18,0.76,35.9,20.0,1,1,4,5,0,0,0,0,0,0,0,0,0,0.0,0,78,33,9.1,30,29,16,5,15,31,4,0,0,0,0.0,5,10,3,6,0,484,230,115,142,25445,3531,1829,20085,UTA,Central,Western
2025-2026,20251114,19,CBJ,5453,Damon Severson,ROSTER,31.0,"6'2""",205.0,Canada,"Brandon, MB",False,D,17,1,4,5,1.24,0.24,0.06,0.29,29.1,12.0,0,0,1,1,0,0,0,0,0,0,0,0,0,0.0,3,61,21,4.8,18,24,16,18,12,16,7,0,0,0,0.0,3,6,1,2,0,396,186,94,116,20418,3156,1646,15532,CBJ,Metropolitan,Eastern
2025-2026,20251114,8,NYI,183905,Maxim Shabanov,ROSTER,25.0,"5'9""",167.0,Russia,Chelyabinsk,True,RW,6,1,2,3,1.33,0.33,0.17,0.5,2.5,0.0,0,0,1,1,0,0,0,0,0,0,0,0,0,0.0,-3,15,8,12.5,0,3,4,5,6,5,1,0,0,0,0.0,0,0,1,2,0,96,87,4,7,4218,581,0,3637,NYI,Metropolitan,Eastern
2025-2026,20251114,23,CGY,18107,Yegor Sharangovich,ROSTER,27.0,"6'2""",195.0,Belarus,Minsk,False,C,16,2,2,4,1.38,0.12,0.12,0.25,7.6,0.0,0,1,0,1,0,0,0,0,0,0,1,1,0,0.0,-10,51,22,9.1,5,17,12,4,13,6,1,25,6,19,24.0,0,0,2,4,0,279,165,72,45,13472,3027,1162,9201,CGY,Pacific,Western
2025-2026,20251114,10,PIT,5716,Ryan Shea,ROSTER,28.0,"6'1""",176.0,USA,"Milton, MA",False,D,17,2,6,8,1.06,0.35,0.12,0.47,25.9,19.5,0,0,0,0,0,0,0,0,0,0,0,0,0,0.0,4,39,18,11.1,21,11,10,5,22,21,5,0,0,0,0.0,3,14,1,2,0,398,226,87,77,20719,2753,1779,15615,PIT,Metropolitan,Eastern
2025-2026,20251114,9,NYR,5892,Conor Sheary,ROSTER,33.0,"5'8""",179.0,USA,"Winchester, MA",False,LW,18,0,5,5,1.56,0.28,0.0,0.28,13.0,8.0,0,0,1,1,0,0,0,0,0,0,0,0,0,0.0,0,56,28,0.0,9,12,17,6,12,14,5,10,7,3,70.0,2,4,7,14,0,369,177,93,92,16463,3420,1241,11307,NYR,Metropolitan,Eastern
2025-2026,20251114,21,VAN,15089,Kiefer Sherwood,ROSTER,30.0,"6'0""",194.0,USA,"Columbus, OH",False,LW,18,11,1,12,2.06,0.06,0.61,0.67,51.1,24.0,3,2,0,2,1,0,1,1,0,1,1,1,0,0.0,-2,71,37,29.7,10,9,25,79,24,22,8,14,5,9,35.7,6,12,7,14,0,409,214,85,122,19057,2505,1299,15253,VAN,Pacific,Western
2025-2026,20251114,7,NJD,15109,Jonas Siegenthaler,ROSTER,28.0,"6'3""",210.0,Switzerland,Zurich,False,D,17,0,2,2,0.47,0.12,0.0,0.12,46.4,16.0,0,0,0,0,0,1,1,0,0,0,0,0,0,0.0,1,28,8,0.0,34,14,6,17,34,21,4,0,0,0,0.0,4,8,0,0,0,418,224,58,136,20195,2137,981,17077,NJD,Metropolitan,Eastern
2025-2026,20251114,19,CBJ,34233,Cole Sillinger,ROSTER,22.0,"6'0""",197.0,USA,"Columbus, OH, United States",True,C,16,2,5,7,1.62,0.31,0.12,0.44,9.9,20.0,0,0,0,0,0,0,0,1,0,0,0,0,0,0.0,3,50,26,7.7,3,11,13,13,22,18,9,23,9,14,39.1,5,10,0,0,0,313,217,49,47,15263,2871,323,11968,CBJ,Metropolitan,Eastern
2025-2026,20251114,30,UTA,142305,Dmitri Simashev,ROSTER,,,,,,False,D,17,0,1,1,1.06,0.06,0.0,0.06,23.6,23.5,0,0,0,0,0,0,0,0,0,0,0,0,0,0.0,-6,33,18,0.0,19,6,9,5,32,19,1,0,0,0,0.0,4,16,1,2,0,365,343,12,10,16120,1815,201,14104,UTA,Central,Western
2025-2026,20251114,142,VGK,5330,Colton Sissons,ROSTER,32.0,"6'1""",200.0,Canada,"North Vancouver, BC",False,C,14,0,1,1,0.79,0.07,0.0,0.07,19.0,32.8,0,0,0,0,0,0,0,0,0,0,0,0,0,0.0,-5,22,11,0.0,8,5,6,20,13,7,1,148,77,71,52.0,6,15,4,11,1,227,106,49,72,8996,2365,318,6313,VGK,Pacific,Western
2025-2026,20251114,26,SJS,4876,Jeff Skinner,ROSTER,33.0,"5'11""",195.0,Canada,"Toronto, ON",False,LW,17,4,3,7,1.71,0.18,0.24,0.41,8.5,12.0,1,0,1,1,0,0,0,0,0,0,0,0,0,0.0,-4,60,29,13.8,4,18,13,8,13,16,2,8,2,6,25.0,3,6,7,14,0,267,153,79,39,12607,2784,1135,8688,SJS,Pacific,Western
2025-2026,20251114,18,NSH,5891,Brady Skjei,ROSTER,31.0,"6'3""",210.0,USA,"Lakeville, MN",False,D,18,0,5,5,1.44,0.28,0.0,0.28,21.0,16.0,0,0,2,2,0,0,0,0,0,0,0,0,0,0.0,-11,75,26,0.0,13,32,17,13,18,27,7,0,0,0,0.0,4,8,4,8,0,495,254,122,119,24956,3811,2783,18362,NSH,Central,Western
2025-2026,20251114,14,MTL,43333,Juraj Slafkovsky,ROSTER,21.0,"6'3""",238.0,Slovakia,Kosice,True,LW,17,6,3,9,2.29,0.18,0.35,0.53,32.9,24.0,2,4,2,6,0,0,0,0,0,0,0,0,0,0.0,4,76,39,15.4,15,17,20,32,16,12,1,14,3,11,21.4,6,12,5,10,0,346,286,53,13,18268,4018,580,13670,MTL,Atlantic,Eastern
2025-2026,20251114,20,CHI,56363,Landon Slaggert,ROSTER,23.0,"6'0""",180.0,USA,"South Bend, IN",False,LW,6,1,0,1,0.67,0.0,0.17,0.17,9.0,4.0,0,0,0,0,0,0,0,0,0,0,0,0,0,0.0,0,10,4,25.0,4,2,4,9,5,3,1,0,0,0,0.0,1,2,1,2,0,86,52,8,26,3560,479,21,3047,CHI,Central,Western
2025-2026,20251114,3,CAR,5866,Jaccob Slavin,ROSTER,31.0,"6'3""",207.0,USA,"Erie, CO",False,D,2,0,0,0,1.0,0.0,0.0,0.0,3.3,0.0,0,0,0,0,0,0,0,0,0,0,0,0,0,0.0,-1,10,2,0.0,3,5,3,0,3,3,2,0,0,0,0.0,0,0,0,0,0,49,26,14,9,2224,496,233,1495,CAR,Metropolitan,Eastern
2025-2026,20251114,18,NSH,28393,Cole Smith,ROSTER,30.0,"6'3""",195.0,USA,"Brainerd, MN",True,RW,13,3,0,3,1.38,0.0,0.23,0.23,21.1,16.0,1,0,0,0,0,0,0,1,0,0,0,0,0,0.0,-2,34,18,16.7,3,5,11,35,19,6,3,4,0,4,0.0,4,8,0,0,0,248,125,39,87,10481,1076,196,9209,NSH,Central,Western
2025-2026,20251114,142,VGK,5092,Reilly Smith,ROSTER,34.0,"6'1""",183.0,Canada,"Toronto, ON",False,RW,16,2,1,3,1.19,0.06,0.12,0.19,8.4,0.0,0,0,0,0,0,0,0,1,0,1,0,0,0,0.0,-4,36,19,10.5,3,7,10,10,8,9,3,0,0,0,0.0,0,0,3,8,0,291,142,83,68,12991,4004,982,8005,VGK,Pacific,Western
2025-2026,20251114,26,SJS,134098,Will Smith,ROSTER,20.0,"6'0""",181.0,USA,"Boston, MA",True,C,18,7,10,17,2.11,0.56,0.39,0.94,10.2,16.0,2,1,3,4,0,0,0,2,0,1,1,1,0,0.0,8,80,38,18.4,6,26,16,7,13,17,1,16,2,14,12.5,4,8,3,6,0,359,235,20,112,19461,2338,0,17157,SJS,Pacific,Western
2025-2026,20251114,17,STL,56646,Jimmy Snuggerud,ROSTER,21.0,"6'1""",188.0,USA,"Chaska, MN",False,RW,17,4,4,8,2.0,0.24,0.24,0.47,19.9,12.0,1,2,2,4,0,0,0,2,0,0,1,0,0,0.0,-4,72,34,11.8,12,17,21,13,15,8,9,2,2,0,100.0,3,6,1,2,0,334,279,45,14,15753,2765,398,12590,STL,Central,Western
2025-2026,20251114,16,DET,30182,Elmer Soderblom,ROSTER,24.0,"6'8""",246.0,Sweden,Gteborg,True,LW,11,1,0,1,1.0,0.0,0.09,0.09,13.4,4.0,0,0,0,0,0,0,0,0,0,0,0,0,0,0.0,-4,27,11,9.1,2,7,9,22,10,6,2,1,1,0,100.0,1,2,2,4,0,161,111,37,14,6896,921,528,5447,DET,Atlantic,Eastern
2025-2026,20251114,22,COL,30036,Ilya Solovyov,ROSTER,25.0,"6'3""",208.0,Belarus,Mogilev,True,D,9,0,0,0,1.0,0.0,0.0,0.0,22.2,8.0,0,0,0,0,0,0,0,0,0,0,0,0,0,0.0,-4,28,9,0.0,15,11,8,11,21,3,2,0,0,0,0.0,2,4,1,2,0,143,96,18,29,6240,555,572,5113,COL,Central,Western
2025-2026,20251114,9,NYR,14381,Carson Soucy,ROSTER,31.0,"6'5""",210.0,Canada,"Viking, AB",True,D,14,1,2,3,0.71,0.14,0.07,0.21,28.9,4.0,0,0,0,0,0,0,0,0,0,0,0,0,0,0.0,5,20,10,10.0,16,9,1,22,22,16,3,0,0,0,0.0,1,2,0,0,0,309,149,48,100,14343,2046,875,10611,NYR,Metropolitan,Eastern
2025-2026,20251114,5,WSH,34057,Justin Sourdif,ROSTER,23.0,"5'11""",173.0,Canada,"Surrey, BC",True,RW,17,2,0,2,0.88,0.0,0.12,0.12,19.7,8.0,0,0,0,0,0,0,0,0,0,0,0,0,0,0.0,-1,40,15,13.3,5,14,11,28,27,10,3,43,22,21,51.2,2,4,4,10,0,257,180,53,23,11610,2521,1165,7825,WSH,Metropolitan,Eastern
2025-2026,20251114,13,OTT,28485,Jordan Spence,ROSTER,24.0,"5'10""",175.0,Australia,"Manly, Australia",True,D,9,1,7,8,1.67,0.78,0.11,0.89,9.0,0.0,0,0,0,0,0,0,0,0,0,0,0,0,0,0.0,6,32,15,6.7,4,11,6,9,23,11,1,0,0,0,0.0,0,0,0,0,0,210,116,26,69,9690,1294,213,8183,OTT,Atlantic,Eastern
2025-2026,20251114,25,MIN,4918,Jared Spurgeon,ROSTER,35.0,"5'9""",167.0,Canada,"Edmonton, AB",False,D,18,1,3,4,1.11,0.17,0.06,0.22,49.6,0.0,0,1,2,3,0,0,0,0,0,0,0,0,0,0.0,-9,58,20,5.0,31,24,14,30,25,18,5,0,0,0,0.0,0,0,1,2,0,447,255,80,114,23302,5456,1546,16268,MIN,Central,Western
2025-2026,20251114,3,CAR,4029,Jordan Staal,ROSTER,37.0,"6'4""",220.0,Canada,"Thunder Bay, ON",False,C,16,3,2,5,1.06,0.12,0.19,0.31,24.8,40.3,1,0,0,0,0,0,0,0,0,0,0,0,0,0.0,3,35,17,17.6,10,8,10,27,17,11,4,312,186,126,59.6,6,23,4,11,1,364,161,101,105,14629,3685,816,10128,CAR,Metropolitan,Eastern
2025-2026,20251114,18,NSH,4457,Steven Stamkos,ROSTER,35.0,"6'1""",194.0,Canada,"Markham, ON",False,C,18,3,1,4,2.06,0.06,0.17,0.22,16.1,28.0,1,2,0,2,0,0,0,0,0,0,1,0,0,0.0,-8,81,37,8.1,9,26,18,12,12,22,6,108,58,50,53.7,7,14,4,8,0,348,181,98,72,18950,6903,1399,10648,NSH,Central,Western
2025-2026,20251114,3,CAR,34846,Logan Stankoven,ROSTER,22.0,"5'8""",170.0,Canada,"Kamloops, BC",True,C,16,5,4,9,1.94,0.25,0.31,0.56,8.6,26.7,1,0,0,0,0,0,0,1,0,0,0,0,0,0.0,6,58,31,16.1,5,15,12,6,20,9,7,210,90,120,42.9,4,13,6,15,1,294,168,40,91,14652,1482,247,12923,CAR,Metropolitan,Eastern
2025-2026,20251114,2,WPJ,9644,Logan Stanley,ROSTER,27.0,"6'6""",216.0,Canada,"Kitchener, ON",False,D,17,2,5,7,1.0,0.29,0.12,0.41,39.8,57.6,0,0,0,0,0,0,0,1,0,0,0,0,0,0.0,7,53,17,11.8,24,16,20,26,35,15,6,0,0,0,0.0,10,26,4,14,2,365,233,71,63,17852,2607,1669,13576,WPG,,
2025-2026,20251114,18,NSH,38802,Spencer Stastney,ROSTER,25.0,"5'10""",180.0,USA,"Woodbridge, IL",True,D,18,1,6,7,0.83,0.33,0.06,0.39,17.1,8.0,0,0,0,0,0,1,1,0,0,0,0,0,0,0.0,-3,40,15,6.7,14,15,10,3,24,13,6,0,0,0,0.0,2,4,5,10,0,383,220,46,119,16875,1121,361,15394,NSH,Central,Western
2025-2026,20251114,24,EDM,10108,Troy Stecher,ROSTER,31.0,"5'10""",186.0,Canada,"Richmond, BC",False,D,6,0,0,0,0.5,0.0,0.0,0.0,4.3,16.0,0,0,0,0,0,0,0,0,0,0,0,0,0,0.0,0,9,3,0.0,3,5,1,2,16,8,2,0,0,0,0.0,4,8,0,0,0,108,70,28,10,4904,1152,357,3395,EDM,Pacific,Western
2025-2026,20251114,27,DAL,9656,Sam Steel,ROSTER,27.0,"5'11""",189.0,Canada,"Edmonton, AB",False,C,18,2,5,7,1.06,0.28,0.11,0.39,20.5,12.0,0,1,2,3,0,0,0,1,0,0,0,0,0,0.0,-5,41,19,10.5,8,8,14,23,20,11,6,74,43,31,58.1,3,6,7,14,0,417,198,105,112,19573,3841,1672,13856,DAL,Central,Western
2025-2026,20251114,11,BOS,30004,Alex Steeves,ROSTER,25.0,"5'11""",185.0,USA,"Bedford, NH",True,C,3,1,0,1,1.33,0.0,0.33,0.33,10.4,0.0,0,0,0,0,0,0,0,0,0,0,0,0,0,0.0,0,10,4,25.0,3,3,3,14,5,1,0,0,0,0,0.0,0,0,1,2,0,51,41,10,1,2286,654,90,1542,BOS,Atlantic,Eastern
2025-2026,20251114,30,UTA,15136,Kevin Stenlund,ROSTER,29.0,"6'4""",210.0,Sweden,Stockholm,False,C,17,1,2,3,0.88,0.12,0.06,0.18,22.7,12.0,0,0,0,0,0,0,0,0,0,0,0,0,0,0.0,-3,37,15,6.7,15,10,12,12,15,11,6,283,147,136,51.9,3,6,0,0,0,363,175,86,103,15343,1959,932,12452,UTA,Central,Western
2025-2026,20251114,143,SEA,5838,Chandler Stephenson,ROSTER,31.0,"6'0""",208.0,Canada,"Saskatoon, SK",False,C,17,4,5,9,1.47,0.29,0.24,0.53,16.5,0.0,1,2,2,4,0,0,0,0,0,0,0,0,0,0.0,-4,42,25,16.0,13,12,5,4,14,20,8,374,182,192,48.7,0,0,5,10,0,447,191,162,89,21139,4780,2650,13216,SEA,Pacific,Western
2025-2026,20251114,142,VGK,5105,Mark Stone,ROSTER,33.0,"6'3""",202.0,Canada,"Winnipeg, MB",False,RW,6,2,11,13,3.17,1.83,0.33,2.17,7.1,0.0,0,1,7,8,0,1,1,0,0,0,0,0,0,0.0,2,30,19,10.5,5,5,6,3,3,6,1,1,0,1,0.0,0,0,3,6,0,125,62,36,29,6627,1789,535,4303,VGK,Pacific,Western
2025-2026,20251114,5,WSH,5598,Dylan Strome,ROSTER,28.0,"6'3""",200.0,Canada,"Mississauga, ON",False,C,15,5,10,15,2.13,0.67,0.33,1.0,7.6,12.0,1,0,4,4,0,0,0,1,0,0,1,0,0,0.0,9,52,32,15.6,5,10,10,4,7,13,5,254,154,100,60.6,3,6,1,2,0,302,144,95,65,15836,3904,2048,9692,WSH,Metropolitan,Eastern
2025-2026,20251114,29,ANA,4997,Ryan Strome,ROSTER,32.0,"6'1""",190.0,Canada,"Mississauga, ON",False,C,1,0,1,1,1.0,1.0,0.0,1.0,0.0,0.0,0,0,0,0,0,0,0,0,0,0,0,0,0,0.0,1,3,1,0.0,0,1,1,0,1,3,0,14,7,7,50.0,0,0,0,0,0,20,8,5,7,827,283,15,529,ANA,Pacific,Western
2025-2026,20251114,14,MTL,38014,Jayden Struble,ROSTER,24.0,"6'0""",205.0,USA,"Cumberland, RI",True,D,13,0,3,3,0.54,0.23,0.0,0.23,24.2,24.8,0,0,0,0,0,0,0,0,0,0,0,0,0,0.0,-3,26,7,0.0,9,9,10,28,12,15,1,0,0,0,0.0,4,11,1,5,1,236,145,22,69,12073,1452,545,10076,MTL,Atlantic,Eastern
2025-2026,20251114,13,OTT,19051,Tim Stützle,ROSTER,23.0,"6'0""",190.0,Germany,Viersen,True,C,18,10,9,19,2.78,0.5,0.56,1.06,27.7,14.2,3,2,2,4,0,0,0,2,0,1,2,0,2,100.0,6,89,50,20.0,14,26,13,24,32,23,6,169,104,65,61.5,4,6,9,18,0,460,317,94,61,21289,5525,1346,14740,OTT,Atlantic,Eastern
2025-2026,20251114,17,STL,5819,Oskar Sundqvist,ROSTER,31.0,"6'3""",209.0,Sweden,Boden,False,C,9,0,7,7,0.78,0.78,0.0,0.78,12.0,12.0,0,0,1,1,0,0,0,0,0,0,0,0,0,0.0,-1,14,7,0.0,4,2,5,15,5,3,4,73,32,41,43.8,3,6,0,0,0,159,92,40,27,7196,1471,958,4767,STL,Central,Western
2025-2026,20251114,17,STL,28325,Pius Suter,ROSTER,29.0,"5'11""",176.0,Switzerland,Wallisellen,True,C,17,5,5,10,1.53,0.29,0.29,0.59,12.2,12.0,1,1,1,2,0,1,1,1,0,0,0,0,0,0.0,0,56,26,19.2,6,13,17,11,2,9,6,182,87,95,47.8,3,6,2,4,0,374,202,89,88,17282,2973,1050,13259,STL,Central,Western
2025-2026,20251114,14,MTL,13628,Nick Suzuki,ROSTER,26.0,"5'11""",208.0,Canada,"London, ON",False,C,17,4,16,20,2.18,0.94,0.24,1.18,22.1,4.0,1,3,6,9,0,0,0,0,0,0,1,1,0,0.0,10,74,37,10.8,14,11,26,13,23,11,3,293,154,139,52.6,1,2,2,4,0,375,173,41,165,20549,2971,526,17052,MTL,Atlantic,Eastern
2025-2026,20251114,18,NSH,37974,Fedor Svechkov,ROSTER,22.0,"6'0""",187.0,Russia,Togliatti,True,C,16,0,1,1,1.31,0.06,0.0,0.06,13.4,4.0,0,0,0,0,0,0,0,0,0,0,0,0,0,0.0,-7,39,21,0.0,8,12,6,9,17,10,3,102,44,58,43.1,1,2,3,6,0,247,179,30,38,11765,1576,325,9864,NSH,Central,Western
2025-2026,20251114,3,CAR,14525,Andrei Svechnikov,ROSTER,25.0,"6'2""",195.0,Russia,Barnaul,False,RW,16,4,3,7,2.75,0.19,0.25,0.44,10.3,12.0,1,2,0,2,0,0,0,0,0,0,1,1,0,0.0,1,86,44,9.1,2,23,19,16,24,17,4,4,3,1,75.0,3,6,1,2,0,310,191,71,52,14843,2933,1259,10651,CAR,Metropolitan,Eastern
2025-2026,20251114,30,UTA,9068,Brandon Tanev,ROSTER,33.0,"6'0""",180.0,Canada,"Toronto, ON",False,LW,17,0,1,1,0.82,0.06,0.0,0.06,36.7,12.0,0,0,0,0,0,0,0,0,0,0,0,0,0,0.0,-8,22,14,0.0,8,4,4,55,24,16,2,5,1,4,20.0,3,6,4,8,0,261,154,67,40,10548,1475,1293,7780,UTA,Central,Western
2025-2026,20251114,12,TOR,4939,Christopher Tanev,ROSTER,35.0,"6'2""",197.0,Canada,"Toronto, ON",False,D,8,0,2,2,0.75,0.25,0.0,0.25,9.9,0.0,0,0,0,0,0,0,0,0,0,0,0,0,0,0.0,5,16,6,0.0,8,8,2,2,20,3,4,0,0,0,0.0,0,0,2,4,0,211,116,36,59,8322,1526,146,6650,TOR,Atlantic,Eastern
2025-2026,20251114,25,MIN,5135,Vladimir Tarasenko,ROSTER,33.0,"6'0""",225.0,Russia,Yaroslavl,False,RW,18,2,8,10,1.67,0.44,0.11,0.56,17.1,0.0,0,1,6,7,0,0,0,0,0,0,1,1,0,0.0,-6,63,30,6.7,9,19,14,14,22,12,5,0,0,0,0.0,0,0,3,6,0,293,132,107,56,16519,4826,1336,10357,MIN,Central,Western
2025-2026,20251114,12,TOR,4680,John Tavares,ROSTER,35.0,"6'1""",215.0,Canada,"Mississauga, ON",False,C,18,11,12,23,2.94,0.67,0.61,1.28,13.7,8.0,3,2,2,4,0,0,0,1,0,1,0,0,0,0.0,4,99,53,20.8,5,22,24,16,14,12,5,300,179,121,59.7,2,4,3,6,0,372,191,104,89,19290,6318,1342,11591,TOR,Atlantic,Eastern
2025-2026,20251114,20,CHI,5355,Teuvo Teravainen,ROSTER,31.0,"5'11""",191.0,Finland,Helsinki,False,C,17,3,9,12,1.12,0.53,0.18,0.71,12.9,4.0,1,1,5,6,0,0,0,1,0,0,1,0,0,0.0,5,43,19,15.8,8,14,10,8,9,23,5,23,8,15,34.8,1,2,3,6,0,419,194,88,137,19464,5021,1079,13141,CHI,Central,Western
2025-2026,20251114,29,ANA,5738,Troy Terry,ROSTER,28.0,"6'0""",186.0,USA,"Denver, CO",False,RW,17,5,15,20,2.47,0.88,0.29,1.18,2.2,4.0,1,0,5,5,1,2,3,1,0,0,1,0,1,100.0,11,83,42,11.9,2,17,24,0,15,8,5,2,1,1,50.0,1,2,4,8,0,400,178,93,136,18898,4038,1108,13796,ANA,Pacific,Western
2025-2026,20251114,17,STL,15997,Alexandre Texier,ROSTER,26.0,"6'1""",192.0,France,Grenoble,False,LW,8,0,1,1,0.88,0.12,0.0,0.12,5.7,4.0,0,0,0,0,0,0,0,0,0,0,0,0,0,0.0,0,13,7,0.0,1,2,4,9,5,2,1,1,1,0,100.0,1,2,1,2,0,106,64,28,14,4923,1102,387,3434,STL,Central,Western
2025-2026,20251114,142,VGK,5900,Shea Theodore,ROSTER,30.0,"6'2""",195.0,Canada,"Langley, BC",False,D,16,1,6,7,2.19,0.38,0.06,0.44,33.3,4.0,0,0,2,2,0,0,0,0,0,0,0,0,0,0.0,4,80,35,2.9,30,30,15,0,18,21,5,0,0,0,0.0,1,2,3,6,0,452,215,147,91,23172,5613,2820,14681,VGK,Pacific,Western
2025-2026,20251114,17,STL,14609,Robert Thomas,ROSTER,26.0,"6'0""",188.0,Canada,"Aurora, ON",False,C,13,2,7,9,1.46,0.54,0.15,0.69,9.3,8.0,0,1,3,4,0,0,0,0,0,0,0,0,0,0.0,-1,37,19,10.5,7,12,6,3,14,23,7,207,107,100,51.7,2,4,3,6,0,292,148,68,78,14145,2371,1122,10652,STL,Central,Western
2025-2026,20251114,15,BUF,9652,Tage Thompson,ROSTER,28.0,"6'6""",215.0,USA,"Oyster Bay, NY",False,C,17,7,7,14,3.88,0.41,0.41,0.82,24.4,20.0,2,2,3,5,0,0,0,0,0,0,1,1,0,0.0,-8,141,66,10.6,11,40,35,24,14,20,9,121,61,60,50.4,5,10,2,4,0,411,198,47,173,19521,3461,246,15814,BUF,Atlantic,Eastern
2025-2026,20251114,15,BUF,15181,Conor Timmins,ROSTER,27.0,"6'2""",185.0,Canada,"Thorold, ON",False,D,17,0,4,4,0.88,0.24,0.0,0.24,44.6,20.0,0,0,0,0,0,0,0,0,0,0,0,0,0,0.0,-4,48,15,0.0,36,19,14,9,26,19,4,0,0,0,0.0,5,10,2,4,0,446,215,41,190,20296,1373,196,18727,BUF,Atlantic,Eastern
2025-2026,20251114,6,PHI,13625,Owen Tippett,ROSTER,26.0,"6'0""",183.0,Canada,"Peterborough, ON",False,RW,16,5,1,6,2.62,0.06,0.31,0.38,20.9,31.5,1,1,0,1,0,0,0,0,0,0,0,0,0,0.0,-4,79,42,11.9,7,14,23,26,14,24,3,1,0,1,0.0,6,20,6,12,0,358,198,83,82,16305,2788,902,12615,PHI,Metropolitan,Eastern
2025-2026,20251114,13,OTT,14527,Brady Tkachuk,ROSTER,26.0,"6'4""",212.0,USA,"St. Louis, MO",False,LW,3,0,3,3,3.33,1.0,0.0,1.0,5.1,8.0,0,0,1,1,0,0,0,0,0,0,0,0,0,0.0,1,21,10,0.0,0,6,5,10,1,4,1,11,8,3,72.7,2,4,3,6,0,69,37,4,28,2991,393,102,2496,OTT,Atlantic,Eastern
2025-2026,20251114,22,COL,13917,Devon Toews,ROSTER,31.0,"6'1""",191.0,Canada,"Abbotsford, BC",False,D,18,0,7,7,1.33,0.39,0.0,0.39,28.0,8.0,0,0,0,0,0,0,0,0,0,0,0,0,0,0.0,11,61,24,0.0,22,24,13,7,7,18,7,0,0,0,0.0,2,4,1,2,0,504,227,163,114,25033,3766,3518,17749,COL,Central,Western
2025-2026,20251114,2,WPJ,4262,Jonathan Toews,ROSTER,37.0,"6'2""",201.0,Canada,"Winnipeg, MB",False,C,17,3,5,8,1.29,0.29,0.18,0.47,15.0,20.0,1,1,2,3,0,0,0,0,0,0,0,0,0,0.0,-7,41,22,13.6,13,7,12,1,13,9,4,255,159,96,62.4,5,10,3,6,0,362,169,101,95,16505,4943,1044,10518,WPG,,
2025-2026,20251114,26,SJS,5191,Tyler Toffoli,ROSTER,33.0,"6'0""",197.0,Canada,"Scarborough, ON",False,C,18,5,6,11,2.0,0.33,0.28,0.61,19.3,4.0,1,2,1,3,0,0,0,0,0,0,1,0,0,0.0,4,83,36,13.9,11,27,20,14,6,12,4,4,1,3,25.0,1,2,0,0,0,377,183,120,79,18122,5080,1098,11944,SJS,Pacific,Western
2025-2026,20251114,143,SEA,13645,Eeli Tolvanen,ROSTER,26.0,"5'10""",191.0,Finland,Vihti,False,RW,17,2,6,8,1.12,0.35,0.12,0.47,36.2,8.0,0,2,2,4,0,0,0,0,0,0,1,0,1,100.0,-1,58,19,10.5,13,25,14,43,15,12,5,0,0,0,0.0,2,4,2,4,0,335,179,112,39,15504,3517,1930,9709,SEA,Pacific,Western
2025-2026,20251114,24,EDM,183906,David Tomasek,ROSTER,29.0,"6'2""",210.0,Czech Republic,Praha,True,RW,14,1,2,3,1.43,0.14,0.07,0.21,8.9,12.0,0,0,2,2,0,0,0,0,0,0,1,0,0,0.0,-7,35,20,5.0,3,4,11,11,9,7,2,40,19,21,47.5,3,6,2,4,0,195,162,30,5,9679,2424,44,7246,EDM,Pacific,Western
2025-2026,20251114,10,PIT,24517,Philip Tomasino,ROSTER,24.0,"6'0""",180.0,Canada,"Mississauga, ON",False,RW,7,0,1,1,1.29,0.14,0.0,0.14,12.3,0.0,0,0,0,0,0,0,0,0,0,0,0,0,0,0.0,-2,16,9,0.0,7,3,4,9,12,2,0,4,2,2,50.0,0,0,0,0,0,105,68,21,10,5237,729,319,3781,PIT,Metropolitan,Eastern
2025-2026,20251114,17,STL,18182,Alexei Toropchenko,ROSTER,26.0,"6'3""",187.0,Russia,Moscow,False,RW,10,1,1,2,0.9,0.1,0.1,0.2,18.9,0.0,0,0,0,0,1,0,1,0,0,0,0,0,0,0.0,-4,13,9,11.1,7,1,3,22,3,7,1,0,0,0,0.0,0,0,1,2,0,174,107,37,31,6963,1189,504,5270,STL,Central,Western
2025-2026,20251114,25,MIN,17203,Yakov Trenin,ROSTER,28.0,"6'2""",201.0,Russia,Chelyabinsk,True,C,18,0,3,3,1.22,0.17,0.0,0.17,50.1,16.0,0,0,0,0,0,0,0,0,0,0,0,0,0,0.0,0,49,22,0.0,10,9,18,77,34,9,3,22,6,16,27.3,4,8,1,2,0,256,140,62,54,13657,2551,2099,9007,MIN,Central,Western
2025-2026,20251114,9,NYR,5342,Vincent Trocheck,ROSTER,32.0,"5'10""",183.0,USA,"Pittsburgh, PA",False,C,4,2,3,5,0.75,0.75,0.5,1.25,10.6,8.0,0,0,1,1,0,0,0,0,0,0,0,0,0,0.0,4,9,3,66.7,5,2,4,10,5,3,5,56,33,23,58.9,2,4,0,0,0,78,38,14,21,3749,915,227,2166,NYR,Metropolitan,Eastern
2025-2026,20251114,29,ANA,5232,Jacob Trouba,ROSTER,31.0,"6'3""",209.0,USA,"Rochester, MI",False,D,17,4,8,12,1.71,0.47,0.24,0.71,66.6,8.0,1,0,0,0,0,0,0,1,0,1,0,0,0,0.0,15,66,29,13.8,39,22,15,46,13,22,7,0,0,0,0.0,2,4,2,4,0,473,233,99,145,23035,3648,1391,17996,ANA,Pacific,Western
2025-2026,20251114,8,NYI,142668,Maxim Tsyplakov,ROSTER,,,,,,False,RW,11,1,0,1,0.91,0.0,0.09,0.09,8.6,0.0,0,0,0,0,0,0,0,0,0,0,0,0,0,0.0,-7,20,10,10.0,0,7,3,17,7,9,1,3,0,3,0.0,0,0,1,2,0,145,123,9,14,6201,468,67,5666,NYI,Metropolitan,Eastern
2025-2026,20251114,15,BUF,11711,Alex Tuch,ROSTER,29.0,"6'4""",220.0,USA,"Syracuse, NY",False,RW,17,6,9,15,2.18,0.53,0.35,0.88,25.2,56.3,2,0,0,0,1,0,1,0,0,0,1,1,0,0.0,0,79,37,16.2,19,10,33,8,8,10,4,11,4,7,36.4,10,31,5,13,1,441,197,65,184,19213,3136,744,15333,BUF,Atlantic,Eastern
2025-2026,20251114,17,STL,20063,Tyler Tucker,ROSTER,25.0,"6'1""",205.0,Canada,"Thunder Bay, ON",False,D,17,1,3,4,0.76,0.18,0.06,0.24,29.3,67.2,0,0,0,0,0,0,0,0,0,0,0,0,0,0.0,0,34,13,7.7,15,14,7,25,25,17,1,0,0,0,0.0,8,28,6,24,4,287,180,38,70,12725,1637,587,10501,STL,Central,Western
2025-2026,20251114,28,LAK,19087,Alex Turcotte,ROSTER,24.0,"5'11""",185.0,USA,"Elk Grove, IL",False,C,18,0,3,3,0.83,0.17,0.0,0.17,7.6,14.8,0,0,0,0,0,0,0,0,0,0,0,0,0,0.0,-2,34,15,0.0,5,11,8,4,24,9,2,113,61,52,54.0,3,9,2,4,0,238,157,39,42,10148,1471,476,8201,LAK,Pacific,Western
2025-2026,20251114,9,NYR,13633,Urho Vaakanainen,ROSTER,26.0,"6'2""",196.0,Finland,Joensuu,False,D,13,0,3,3,0.69,0.23,0.0,0.23,11.4,16.0,0,0,0,0,0,0,0,0,0,0,0,0,0,0.0,3,29,9,0.0,8,12,9,5,23,9,1,0,0,0,0.0,4,8,2,4,0,245,148,21,63,11581,1050,313,9549,NYR,Metropolitan,Eastern
2025-2026,20251114,16,DET,4683,James van Riemsdyk,ROSTER,36.0,"6'3""",217.0,USA,"Middletown, New Jersey",False,LW,13,1,1,2,1.23,0.08,0.08,0.15,10.0,12.0,0,0,0,0,0,0,0,0,0,0,1,0,1,100.0,-3,36,16,6.2,9,8,12,0,13,6,1,1,1,0,100.0,3,6,1,2,0,212,105,56,53,9457,3866,856,5619,DET,Atlantic,Eastern
2025-2026,20251114,5,WSH,5460,Trevor van Riemsdyk,ROSTER,34.0,"6'2""",192.0,USA,"Middletown, New Jersey",False,D,13,1,1,2,0.69,0.08,0.08,0.15,16.0,16.0,0,0,0,0,0,0,0,0,0,0,0,0,0,0.0,0,18,9,11.1,13,6,3,3,7,9,1,0,0,0,0.0,4,8,1,2,0,239,120,34,84,11553,1909,621,8924,WSH,Metropolitan,Eastern
2025-2026,20251114,29,ANA,5851,Frank Vatrano,ROSTER,31.0,"5'10""",200.0,USA,"East Longmeadow, MA",False,RW,17,2,1,3,1.65,0.06,0.12,0.18,30.8,20.8,0,0,1,1,0,0,0,1,0,0,0,0,0,0.0,-7,46,28,7.1,9,10,8,41,10,6,1,10,4,6,40.0,3,9,3,9,1,286,140,77,71,12167,2368,724,9155,ANA,Pacific,Western
2025-2026,20251114,14,MTL,18040,Joe Veleno,ROSTER,25.0,"6'1""",191.0,Canada,"Montreal, QC",False,C,12,0,0,0,0.83,0.0,0.0,0.0,20.4,28.8,0,0,0,0,0,0,0,0,0,0,0,0,0,0.0,-8,19,10,0.0,7,4,5,25,9,3,0,52,24,28,46.2,5,13,3,9,1,174,95,33,46,8291,1025,181,7085,MTL,Atlantic,Eastern
2025-2026,20251114,4,FLO,17177,Carter Verhaeghe,ROSTER,30.0,"6'1""",177.0,Canada,"Waterdown, ON",False,C,17,2,6,8,2.41,0.35,0.12,0.47,14.8,12.0,0,1,2,3,0,0,0,1,0,0,0,0,0,0.0,-5,90,41,4.9,6,31,18,16,25,14,7,23,11,12,47.8,3,6,4,8,0,370,184,91,98,18311,4882,1431,11998,FLA,,
2025-2026,20251114,11,BOS,18174,Jeffrey Viel,ROSTER,28.0,"6'0""",195.0,Canada,"Rimouski, QC",False,LW,6,0,0,0,0.83,0.0,0.0,0.0,11.7,24.8,0,0,0,0,0,0,0,0,0,0,0,0,0,0.0,-2,13,5,0.0,1,3,5,21,4,2,1,1,0,1,0.0,4,11,3,9,1,93,48,24,21,3917,569,519,2829,BOS,Atlantic,Eastern
2025-2026,20251114,2,WPJ,18069,Gabriel Vilardi,ROSTER,26.0,"6'2""",185.0,Canada,"Kingston, ON",False,C,17,6,8,14,2.65,0.47,0.35,0.82,9.7,8.0,2,2,3,5,0,0,0,2,0,0,0,0,0,0.0,-4,81,45,13.3,6,13,23,6,18,12,4,18,10,8,55.6,2,4,3,6,0,351,188,150,19,19257,4522,4467,10268,WPG,,
2025-2026,20251114,20,CHI,38015,Alex Vlasic,ROSTER,24.0,"6'6""",200.0,USA,"Wilmette, IL",True,D,16,1,3,4,1.06,0.19,0.06,0.25,37.8,12.8,0,0,0,0,0,0,0,0,0,0,0,0,0,0.0,-2,34,17,5.9,29,9,8,11,30,14,6,0,0,0,0.0,1,5,1,5,1,409,185,32,186,20844,1455,316,18750,CHI,Central,Western
2025-2026,20251114,19,CBJ,56385,Dmitri Voronkov,ROSTER,25.0,"6'3""",183.0,Russia,,False,LW,17,6,7,13,2.24,0.41,0.35,0.76,21.7,44.0,2,1,0,1,0,0,0,0,0,0,0,0,0,0.0,8,70,38,15.8,4,4,28,34,5,16,3,7,1,6,14.3,11,22,2,4,0,336,204,93,45,16048,3757,1360,10931,CBJ,Metropolitan,Eastern
2025-2026,20251114,17,STL,13691,Nathan Walker,ROSTER,31.0,"5'9""",186.0,United Kingdom,Cardiff,False,LW,16,2,3,5,1.31,0.19,0.12,0.31,45.3,16.0,0,0,0,0,0,0,0,1,0,0,0,0,0,0.0,-1,31,21,9.5,13,2,8,61,15,8,1,36,19,17,52.8,4,8,4,8,0,278,140,78,62,12309,2352,1406,8551,STL,Central,Western
2025-2026,20251114,3,CAR,15368,Sean Walker,ROSTER,31.0,"5'11""",196.0,Canada,"Keswick, ON",False,D,16,4,2,6,2.19,0.12,0.25,0.38,43.4,20.0,1,0,1,1,0,0,0,0,0,0,0,0,0,0.0,-5,97,35,11.4,24,41,21,33,33,16,4,0,0,0,0.0,5,10,3,6,0,471,240,78,157,22876,2513,722,19641,CAR,Metropolitan,Eastern
2025-2026,20251114,24,EDM,13672,Jake Walman,ROSTER,29.0,"6'1""",170.0,Canada,"Toronto, ON",False,D,13,3,7,10,1.46,0.54,0.23,0.77,31.3,16.0,1,1,0,1,1,0,1,1,0,1,0,0,0,0.0,2,53,19,15.8,25,24,10,7,2,17,6,0,0,0,0.0,4,8,0,0,0,318,160,93,61,16032,3171,1263,11126,EDM,Pacific,Western
2025-2026,20251114,8,NYI,56461,Marshall Warren,ASSIGNED_TO_MINORS,24.0,"5'11""",170.0,USA,"Laurel Hollow, NY",False,D,2,0,2,2,0.0,1.0,0.0,1.0,1.0,4.0,0,0,0,0,0,0,0,0,0,0,0,0,0,0.0,1,1,0,0.0,0,1,0,2,5,2,1,0,0,0,0.0,1,2,1,2,0,36,22,3,11,1456,150,33,1273,NYI,Metropolitan,Eastern
2025-2026,20251114,23,CGY,12274,MacKenzie Weegar,ROSTER,31.0,"6'0""",200.0,Canada,"Nepean, ON",False,D,19,0,4,4,1.95,0.21,0.0,0.21,62.2,48.3,0,0,2,2,0,0,0,0,0,0,0,0,0,0.0,-16,96,37,0.0,35,40,19,46,48,30,8,0,0,0,0.0,8,27,3,9,1,626,272,141,213,27650,5135,2222,20293,CGY,Pacific,Western
2025-2026,20251114,26,SJS,5449,Alexander Wennberg,ROSTER,31.0,"6'2""",197.0,Sweden,Stockholm,False,C,18,4,6,10,1.06,0.33,0.22,0.56,28.1,8.0,1,1,2,3,0,0,0,1,0,0,0,0,0,0.0,-4,33,19,21.1,23,12,2,5,10,18,10,280,130,150,46.4,2,4,5,10,0,452,229,123,104,22288,4184,1901,16203,SJS,Pacific,Western
2025-2026,20251114,19,CBJ,5603,Zach Werenski,ROSTER,28.0,"6'2""",212.0,USA,"Grosse Pointe, MI",False,D,17,4,8,12,3.59,0.47,0.24,0.71,34.0,0.0,1,1,2,3,0,0,0,0,0,0,0,0,0,0.0,9,150,61,6.6,26,55,34,10,19,35,10,0,0,0,0.0,0,0,1,2,0,452,233,61,160,27140,5639,941,20499,CBJ,Metropolitan,Eastern
2025-2026,20251114,7,NJD,15576,Colton White,ROSTER,28.0,"6'1""",190.0,Canada,"London, ON",False,D,3,0,0,0,0.67,0.0,0.0,0.0,2.1,0.0,0,0,0,0,0,0,0,0,0,0,0,0,0,0.0,-1,7,2,0.0,1,4,1,2,4,2,0,0,0,0,0.0,0,0,0,0,0,50,28,2,20,2016,175,0,1841,NJD,Metropolitan,Eastern
2025-2026,20251114,142,VGK,14133,Zach Whitecloud,ROSTER,28.0,"6'2""",209.0,Canada,"Brandon, MB",False,D,16,0,1,1,0.62,0.06,0.0,0.06,34.7,16.0,0,0,0,0,0,0,0,0,0,0,0,0,0,0.0,-2,36,10,0.0,18,22,4,29,35,12,1,0,0,0,0.0,4,8,3,6,0,363,239,83,41,17016,4063,1275,11678,VGK,Pacific,Western
2025-2026,20251114,18,NSH,28517,Ozzy Wiesblatt,ROSTER,23.0,"5'10""",183.0,Canada,"Calgary, AB",True,C,15,0,2,2,0.87,0.13,0.0,0.13,26.4,36.8,0,0,0,0,0,0,0,0,0,0,1,0,1,100.0,-7,29,13,0.0,6,9,7,39,23,7,2,4,0,4,0.0,7,17,3,9,1,235,154,48,34,9883,1693,507,8066,NSH,Central,Western
2025-2026,20251114,21,VAN,166972,Tom Willander,ROSTER,20.0,"6'1""",179.0,Sweden,Stockholm,True,D,8,0,2,2,0.75,0.25,0.0,0.25,10.5,4.0,0,0,0,0,0,0,0,0,0,0,0,0,0,0.0,1,23,6,0.0,9,8,9,1,11,4,2,0,0,0,0.0,1,2,0,0,0,157,137,10,10,6635,944,45,5646,VAN,Pacific,Western
2025-2026,20251114,18,NSH,53068,Adam Wilsby,ROSTER,25.0,"6'0""",183.0,Sweden,Stockholm,True,D,12,0,2,2,0.92,0.17,0.0,0.17,10.9,20.0,0,0,0,0,0,0,0,0,0,0,0,0,0,0.0,-2,33,11,0.0,8,18,4,4,23,11,3,0,0,0,0.0,5,10,0,0,0,276,205,34,37,12711,2800,518,9393,NSH,Central,Western
2025-2026,20251114,5,WSH,5225,Tom Wilson,ROSTER,31.0,"6'4""",220.0,Canada,"Toronto, ON",False,RW,17,9,8,17,2.18,0.47,0.53,1.0,30.0,71.7,3,4,1,5,0,0,0,0,0,0,0,0,0,0.0,5,72,37,24.3,6,15,20,46,17,14,6,11,5,6,45.5,12,43,6,15,1,400,203,112,90,19737,5430,1828,12272,WSH,Metropolitan,Eastern
2025-2026,20251114,143,SEA,56633,Ryan Winterton,ROSTER,22.0,"6'2""",175.0,Canada,"Whitby, ON",False,C,17,2,2,4,0.88,0.12,0.12,0.24,18.5,8.0,0,0,0,0,0,0,0,0,0,0,0,0,0,0.0,-1,31,15,13.3,8,7,9,19,25,7,2,0,0,0,0.0,2,4,5,10,0,303,199,38,63,12518,1124,647,10494,SEA,Pacific,Western
2025-2026,20251114,18,NSH,142645,Matthew Wood,ROSTER,,,,,,False,RW,11,6,4,10,2.55,0.36,0.55,0.91,9.6,0.0,2,2,3,5,0,0,0,0,0,0,1,0,0,0.0,0,47,28,21.4,5,11,8,8,10,3,1,7,2,5,28.6,0,0,3,6,0,171,152,23,2,8536,1773,119,6644,NSH,Central,Western
2025-2026,20251114,19,CBJ,9079,Miles Wood,ROSTER,30.0,"6'2""",195.0,USA,"Buffalo, NY",False,LW,11,4,0,4,1.82,0.0,0.36,0.36,7.9,8.0,1,0,0,0,0,0,0,1,0,1,0,0,0,0.0,-2,31,20,20.0,3,6,5,9,12,8,0,4,1,3,25.0,2,4,2,6,0,171,92,40,42,7961,1814,598,5549,CBJ,Metropolitan,Eastern
2025-2026,20251114,10,PIT,5707,Parker Wotherspoon,ROSTER,28.0,"6'0""",172.0,Canada,"Surrey, BC",False,D,17,1,5,6,0.94,0.29,0.06,0.35,42.2,31.5,0,0,0,0,0,1,1,0,0,0,0,0,0,0.0,6,36,16,6.2,27,15,5,24,25,22,7,0,0,0,0.0,6,20,2,4,0,406,222,96,78,21573,2790,1646,16539,PIT,Metropolitan,Eastern
2025-2026,20251114,143,SEA,43332,Shane Wright,ROSTER,21.0,"6'1""",199.0,Canada,"Burlington, ON",True,C,17,4,4,8,1.53,0.24,0.24,0.47,15.4,4.0,1,1,1,2,0,0,0,1,0,1,0,0,0,0.0,2,44,26,15.4,7,8,10,15,25,16,2,147,54,93,36.7,1,2,3,6,0,332,249,57,24,14774,2583,430,11467,SEA,Pacific,Western
2025-2026,20251114,14,MTL,34148,Arber Xhekaj,ROSTER,24.0,"6'4""",238.0,Canada,"Hamilton, ON",True,D,16,0,1,1,0.75,0.06,0.0,0.06,24.9,58.4,0,0,0,0,0,0,0,0,0,0,0,0,0,0.0,-3,34,12,0.0,11,19,3,25,20,11,1,0,0,0,0.0,8,25,4,17,3,244,187,23,34,11083,1496,277,9310,MTL,Atlantic,Eastern
2025-2026,20251114,30,UTA,13637,Kailer Yamamoto,ROSTER,27.0,"5'8""",153.0,USA,"Spokane, WA",False,RW,11,2,1,3,0.91,0.09,0.18,0.27,5.4,8.0,0,0,0,0,0,0,0,0,0,0,0,0,0,0.0,0,15,10,20.0,3,2,3,4,10,6,1,10,3,7,30.0,2,4,5,10,0,176,104,56,18,7989,979,1368,5642,UTA,Central,Western
2025-2026,20251114,6,PHI,30026,Cameron York,ROSTER,24.0,"5'11""",172.0,USA,"Anaheim Hills, CA",True,D,13,1,9,10,0.62,0.69,0.08,0.77,30.5,8.0,0,1,4,5,0,0,0,0,0,0,0,0,0,0.0,2,32,8,12.5,27,14,10,1,17,17,5,0,0,0,0.0,2,4,0,0,0,399,237,64,99,19350,2931,655,15764,PHI,Metropolitan,Eastern
2025-2026,20251114,25,MIN,56469,Danila Yurov,ROSTER,21.0,"6'1""",178.0,Russia,Chelyabinsk,False,RW,13,2,0,2,0.77,0.0,0.15,0.15,10.1,0.0,0,0,0,0,0,0,0,1,0,0,0,0,0,0.0,-5,25,10,20.0,5,9,6,9,14,8,2,75,30,45,40.0,0,0,1,2,0,154,123,14,19,7677,781,82,6814,MIN,Central,Western
2025-2026,20251114,11,BOS,5601,Pavel Zacha,ROSTER,28.0,"6'3""",210.0,Czech Republic,Brno,False,C,19,5,10,15,1.58,0.53,0.26,0.79,22.9,25.9,1,2,6,8,0,0,0,1,0,1,0,0,0,0.0,1,53,30,16.7,11,6,17,21,9,16,5,202,107,95,53.0,6,14,0,0,0,415,184,146,90,20339,4503,2274,13562,BOS,Atlantic,Eastern
2025-2026,20251114,11,BOS,5270,Nikita Zadorov,ROSTER,30.0,"6'6""",235.0,Russia,Moscow,False,D,19,1,3,4,1.0,0.16,0.05,0.21,60.6,64.8,0,0,0,0,0,0,0,0,0,0,0,0,0,0.0,1,47,19,5.3,24,20,8,67,27,24,9,0,0,0,0.0,14,31,9,21,1,504,246,77,182,24330,3793,1415,19122,BOS,Atlantic,Eastern
2025-2026,20251114,6,PHI,21853,Egor Zamula,ROSTER,25.0,"6'3""",170.0,Russia,Chelyabinsk,True,D,8,0,1,1,0.62,0.12,0.0,0.12,11.6,4.0,0,0,0,0,0,0,0,0,0,0,0,0,0,0.0,0,11,5,0.0,10,6,0,1,12,5,1,0,0,0,0.0,1,2,0,0,0,149,90,15,44,6441,1157,126,5158,PHI,Metropolitan,Eastern
2025-2026,20251114,23,CGY,28538,Connor Zary,ROSTER,24.0,"6'0""",178.0,Canada,"Saskatoon, SK",True,C,17,1,1,2,1.29,0.06,0.06,0.12,10.5,16.0,0,1,0,1,0,0,0,0,0,0,1,0,0,0.0,-4,41,22,4.5,4,8,11,12,11,8,4,77,32,45,41.6,4,8,6,12,0,296,182,64,51,13706,2296,741,10669,CGY,Pacific,Western
2025-2026,20251114,6,PHI,25981,Trevor Zegras,ROSTER,24.0,"6'1""",185.0,USA,"Bedford, NY",True,C,16,4,12,16,1.88,0.75,0.25,1.0,9.1,27.5,1,2,5,7,0,0,0,0,0,0,2,0,2,100.0,-1,72,30,13.3,5,22,20,7,14,14,5,79,30,49,38.0,5,18,3,6,0,346,224,56,72,17704,2804,741,14180,PHI,Metropolitan,Eastern
2025-2026,20251114,29,ANA,32258,Olen Zellweger,ROSTER,22.0,"5'10""",175.0,Canada,"Calgary, AB",True,D,17,1,4,5,1.94,0.24,0.06,0.29,26.8,24.0,0,1,1,2,0,0,0,0,0,0,0,0,0,0.0,10,80,33,3.0,20,26,21,9,43,14,3,0,0,0,0.0,6,12,7,14,0,400,280,43,79,19366,2926,519,15922,ANA,Pacific,Western
2025-2026,20251114,13,OTT,18106,Fabian Zetterlund,ROSTER,26.0,"5'11""",196.0,Sweden,Karlstad,False,LW,18,1,3,4,1.5,0.17,0.06,0.22,24.5,12.0,0,1,0,1,0,0,0,0,0,0,0,0,0,0.0,-2,53,27,3.7,7,11,15,33,21,7,2,4,1,3,25.0,3,6,5,10,0,359,176,65,119,15256,2403,680,12173,OTT,Atlantic,Eastern
2025-2026,20251114,9,NYR,5000,Mika Zibanejad,ROSTER,32.0,"6'2""",208.0,Sweden,Stockholm,False,C,18,5,5,10,3.17,0.28,0.28,0.56,24.8,8.0,1,2,1,3,1,0,1,1,0,0,0,0,0,0.0,-9,96,57,8.8,10,17,26,27,6,21,8,252,134,118,53.2,2,4,2,4,0,453,226,99,117,22682,5174,1289,15421,NYR,Metropolitan,Eastern
2025-2026,20251114,13,OTT,28480,Artem Zub,ROSTER,30.0,"6'2""",202.0,Russia,Khabarovsk,True,D,18,2,8,10,1.33,0.44,0.11,0.56,42.8,24.0,0,0,0,0,0,0,0,0,0,0,0,0,0,0.0,6,54,24,8.3,28,16,14,23,20,19,4,0,0,0,0.0,6,12,0,0,0,485,376,75,36,21561,3727,827,17007,OTT,Atlantic,Eastern
2025-2026,20251114,25,MIN,4927,Mats Zuccarello,ROSTER,38.0,"5'8""",178.0,Norway,Oslo,False,RW,3,0,2,2,1.33,0.67,0.0,0.67,1.6,0.0,0,0,1,1,0,0,0,0,0,0,0,0,0,0.0,-2,8,4,0.0,1,2,2,1,5,1,0,4,2,2,50.0,0,0,0,0,0,52,23,20,9,3121,916,50,2155,MIN,Central,Western
2025-2026,20251114,15,BUF,5093,Jason Zucker,ROSTER,33.0,"5'11""",192.0,USA,"Newport Beach, CA",False,LW,12,4,3,7,2.25,0.25,0.33,0.58,8.7,8.0,1,2,2,4,0,0,0,1,0,0,0,0,0,0.0,-7,43,27,14.8,1,7,9,15,8,10,2,30,11,19,36.7,2,4,3,6,0,222,121,52,53,10606,3658,626,6322,BUF,Atlantic,Eastern
