SEASON_ID,SNAPSHOT_DATE,TEAM_ID,TEAM_ABBR,PLAYER_ID,NAME,STATUS,AGE,HEIGHT,WEIGHT,BIRTH_COUNTRY,BIRTH_CITY,ROOKIE,POSITION,GAMES_PLAYED,GOALS,ASSISTS,POINTS,SOGPG,APG,GPG,PGP,DEF_WALL,PHYSICAL,HAT_TRICKS,PP_GOALS,PP_ASSISTS,PP_POINTS,SH_GOALS,SH_ASSISTS,SH_POINTS,GW_GOALS,GT_GOALS,OT_GOALS,SO_ATTEMPTS,SO_MISSES,SO_GOALS,SO_GOAL_PCT,PLUS_MINUS,SHOT_ATTEMPTS,SHOTS_ON_GOAL,SHOT_PCT,BLOCKED_SHOTS,BLOCKED_SHOTS_AGAINST,MISSED_SHOTS,HITS,HITS_RECEIVED,GIVEAWAYS,TAKEAWAYS,FACEOFFS,FACEOFF_WINS,FACEOFF_LOSSES,FACEOFF_PCT,PENALTIES,PIM,PENALTIES_DRAWN,PENALTY_MIN_DRAWN,FIGHTS,SHIFTS,EVEN_STR_SHIFTS,PP_SHIFTS,SH_SHIFTS,TIME_ON_ICE,EVENT_TOI,PP_TOI,SH_TOI,TEAM_ABBR_CANON,division,conference
2025-2026,20251125,6,PHI,18056,Rodrigo Abols,ROSTER,29.0,"6'4""",206.0,Latvia,Riga,False,C,16,1,0,1,1.06,0.0,0.06,0.06,12.6,10.0,0,0,0,0,0,0,0,0,0,0,0,0,0,0.0,-4,37,17,5.9,7,7,13,17,15,6,5,93,49,44,52.7,1,5,2,7,1,209,132,49,29,9089,1430,780,6879,PHI,Metropolitan,Eastern
2025-2026,20251125,10,PIT,5927,Noel Acciari,ROSTER,33.0,"5'10""",203.0,USA,"Johnston, RI",False,C,13,0,3,3,0.85,0.23,0.0,0.23,15.7,11.4,0,0,0,0,0,0,0,0,0,0,0,0,0,0.0,3,18,11,0.0,10,4,4,18,20,1,2,87,53,34,60.9,2,12,0,0,0,241,114,45,75,10088,1686,479,7651,PIT,Metropolitan,Eastern
2025-2026,20251125,30,UTA,5234,Andrew Agozzino,ASSIGNED_TO_MINORS,34.0,"5'10""",187.0,Canada,"Kleinburg, ON",False,LW,2,0,0,0,0.0,0.0,0.0,0.0,2.4,0.0,0,0,0,0,0,0,0,0,0,0,0,0,0,0.0,0,1,0,0.0,1,0,1,4,1,1,1,7,3,4,42.9,0,0,1,2,0,20,12,4,4,736,91,0,645,UTA,Central,Western
2025-2026,20251125,22,COL,28441,Jack Ahcan,ASSIGNED_TO_MINORS,28.0,"5'8""",185.0,USA,"Savage, MN",True,D,6,0,1,1,0.33,0.17,0.0,0.17,5.5,0.0,0,0,0,0,0,0,0,0,0,0,0,0,0,0.0,4,8,2,0.0,4,4,2,5,8,2,0,0,0,0,0.0,0,0,0,0,0,92,63,13,16,4088,487,254,3347,COL,Central,Western
2025-2026,20251125,3,CAR,5630,Sebastian Aho,ROSTER,28.0,"6'0""",176.0,Finland,Rauma,False,C,22,8,13,21,2.68,0.59,0.36,0.95,16.1,11.6,2,1,4,5,0,1,1,1,0,1,0,0,0,0.0,4,114,59,13.6,8,22,33,24,15,30,10,357,173,184,48.5,4,8,5,10,0,506,228,95,191,26571,5250,1678,19643,CAR,Metropolitan,Eastern
2025-2026,20251125,13,OTT,12009,Michael Amadio,ROSTER,29.0,"6'1""",204.0,Canada,"Sault Ste. Marie, ON",False,RW,22,6,3,9,1.27,0.14,0.27,0.41,26.1,5.8,2,0,0,0,0,0,0,0,0,0,0,0,0,0.0,1,54,28,21.4,15,10,16,34,29,17,11,6,3,3,50.0,2,4,4,8,0,481,237,115,135,19986,3505,1720,14761,OTT,Atlantic,Eastern
2025-2026,20251125,21,VAN,39762,Nils Aman,ASSIGNED_TO_MINORS,25.0,"6'2""",179.0,Sweden,Avesta,True,C,2,0,0,0,0.5,0.0,0.0,0.0,1.6,0.0,0,0,0,0,0,0,0,0,0,0,0,0,0,0.0,0,3,1,0.0,1,2,0,2,1,1,0,2,1,1,50.0,0,0,0,0,0,23,19,1,3,1039,48,31,960,VAN,Pacific,Western
2025-2026,20251125,14,MTL,5513,Josh Anderson,ROSTER,31.0,"6'3""",227.0,Canada,"Burlington, ON",False,RW,21,5,3,8,1.05,0.14,0.24,0.38,27.6,20.3,1,0,0,0,0,1,1,0,0,0,0,0,0,0.0,-8,43,22,22.7,15,8,13,38,12,8,1,11,9,2,81.8,7,14,9,18,0,393,187,104,107,18912,3298,1698,13916,MTL,Atlantic,Eastern
2025-2026,20251125,28,LAK,18073,Michael Anderson,ROSTER,26.0,"5'11""",194.0,USA,"Roseville, MN",False,D,23,1,4,5,0.52,0.17,0.04,0.22,40.5,5.8,0,0,0,0,0,0,0,0,0,0,0,0,0,0.0,5,44,12,8.3,34,23,9,27,41,15,3,0,0,0,0.0,2,4,6,12,0,547,320,112,116,27010,3802,1926,21282,LAK,Pacific,Western
2025-2026,20251125,23,CGY,5647,Rasmus Andersson,ROSTER,29.0,"6'1""",214.0,Sweden,Malmö,False,D,24,5,11,16,2.25,0.46,0.21,0.67,42.1,29.0,1,1,3,4,0,0,0,0,0,0,2,0,0,0.0,4,121,54,9.3,42,37,30,12,39,40,4,0,0,0,0.0,10,20,10,20,0,816,354,182,285,35153,5202,2432,27519,CGY,Pacific,Western
2025-2026,20251125,6,PHI,38011,Emil Andrae,ROSTER,23.0,"5'8""",181.0,Sweden,Västervik,True,D,11,0,3,3,1.0,0.27,0.0,0.27,9.0,5.8,0,0,0,0,0,0,0,0,0,0,0,0,0,0.0,3,22,11,0.0,5,8,3,12,27,6,2,0,0,0,0.0,2,4,0,0,0,230,176,19,35,10013,848,189,9024,PHI,Metropolitan,Eastern
2025-2026,20251125,16,DET,5763,Mason Appleton,ROSTER,29.0,"6'2""",193.0,USA,"Green Bay, WI",False,C,23,3,5,8,1.13,0.22,0.13,0.35,20.5,19.9,1,0,0,0,0,0,0,1,0,0,0,0,0,0.0,-4,43,26,11.5,12,7,10,26,19,14,0,6,2,4,33.3,3,22,3,6,0,436,224,63,152,19017,2625,778,15614,DET,Atlantic,Eastern
2025-2026,20251125,28,LAK,5505,Joel Armia,ROSTER,32.0,"6'4""",218.0,Finland,Pori,False,RW,23,5,6,11,1.17,0.26,0.22,0.48,16.8,17.4,1,0,0,0,2,0,2,0,0,0,1,0,0,0.0,4,59,27,18.5,10,17,15,21,19,16,6,8,3,5,37.5,6,12,2,4,0,424,191,123,115,19011,3584,2165,13262,LAK,Pacific,Western
2025-2026,20251125,11,BOS,5538,Viktor Arvidsson,ROSTER,32.0,"5'9""",180.0,Sweden,Skellefteå,False,LW,20,6,4,10,2.6,0.2,0.3,0.5,12.8,8.7,2,1,1,2,0,0,0,2,0,0,0,0,0,0.0,1,101,52,11.5,11,25,24,8,32,17,5,9,6,3,66.7,3,6,7,14,0,358,182,94,89,17451,3707,857,12887,BOS,Atlantic,Eastern
2025-2026,20251125,11,BOS,15191,Jonathan Aspirot,ROSTER,26.0,"6'0""",209.0,Canada,"Mascouche, QC",False,D,11,0,0,0,0.64,0.0,0.0,0.0,24.9,8.7,0,0,0,0,0,0,0,0,0,0,0,0,0,0.0,1,18,7,0.0,17,7,4,26,23,15,1,0,0,0,0.0,3,6,0,0,0,233,153,42,38,9950,1422,763,7765,BOS,Atlantic,Eastern
2025-2026,20251125,19,CBJ,12287,Zach Aston-Reese,ROSTER,31.0,"6'0""",204.0,USA,"Staten Island, NY",False,LW,14,0,3,3,0.79,0.21,0.0,0.21,19.6,5.8,0,0,0,0,0,0,0,0,0,0,0,0,0,0.0,1,18,11,0.0,6,0,7,38,11,7,1,14,2,12,14.3,2,4,3,6,0,210,113,40,54,8776,1349,501,6791,CBJ,Metropolitan,Eastern
2025-2026,20251125,27,DAL,34436,Oskar Back,ROSTER,25.0,"6'3""",200.0,Sweden,Karlstad,True,C,12,1,2,3,0.58,0.17,0.08,0.25,8.0,0.0,0,0,0,0,0,0,0,0,0,0,0,0,0,0.0,3,13,7,14.3,6,3,3,7,22,7,2,10,6,4,60.0,0,0,4,10,0,205,114,40,50,9108,1751,101,7159,DAL,Central,Western
2025-2026,20251125,23,CGY,4609,Mikael Backlund,ROSTER,36.0,"6'0""",200.0,Sweden,Vasteras,False,C,24,4,9,13,2.25,0.38,0.17,0.54,10.5,5.8,1,0,0,0,0,2,2,0,0,0,0,0,0,0.0,5,93,54,7.4,5,20,19,16,16,20,10,433,225,208,52.0,2,4,4,8,0,573,282,143,152,24267,6619,1233,16415,CGY,Pacific,Western
2025-2026,20251125,23,CGY,14578,Kevin Bahl,ROSTER,25.0,"6'6""",216.0,Canada,"New Westminster, BC",True,D,23,3,3,6,0.91,0.13,0.13,0.26,38.8,26.1,1,0,0,0,0,0,0,2,0,0,0,0,0,0.0,13,51,21,14.3,35,18,12,20,26,30,15,0,0,0,0.0,9,18,4,8,0,708,447,137,127,29211,2496,1472,25243,CGY,Pacific,Western
2025-2026,20251125,21,VAN,38470,Arshdeep Bains,ROSTER,24.0,"6'0""",185.0,Canada,"Surrey, BC",True,LW,18,0,3,3,0.72,0.17,0.0,0.17,9.0,11.6,0,0,1,1,0,0,0,0,0,0,0,0,0,0.0,-2,19,13,0.0,3,4,2,17,12,6,4,11,2,9,18.2,4,8,0,0,0,245,168,23,54,10281,711,92,9479,VAN,Pacific,Western
2025-2026,20251125,4,FLO,120218,Uvis Balinskis,ROSTER,29.0,"6'0""",187.0,Latvia,Ventspils,True,D,13,0,4,4,0.62,0.31,0.0,0.31,17.3,8.7,0,0,0,0,0,0,0,0,0,0,0,0,0,0.0,3,24,8,0.0,11,12,4,20,12,7,8,0,0,0,0.0,3,6,2,4,0,249,205,20,24,10891,1780,191,8920,FLA,,
2025-2026,20251125,142,VGK,11708,Ivan Barbashev,ROSTER,29.0,"6'0""",187.0,Russia,Moscow,False,LW,22,8,11,19,1.45,0.5,0.36,0.86,19.9,2.9,2,0,1,1,0,0,0,1,0,0,0,0,0,0.0,6,61,32,25.0,8,12,17,34,26,21,4,8,2,6,25.0,1,2,4,8,0,429,205,146,86,20798,4636,1574,14607,VGK,Pacific,Western
2025-2026,20251125,22,COL,56519,Zakhar Bardakov,ROSTER,24.0,"6'2""",198.0,Russia,Seversk,False,C,17,1,3,4,0.65,0.18,0.06,0.24,9.2,0.0,0,0,0,0,0,0,0,0,0,0,0,0,0,0.0,4,23,11,9.1,4,4,8,15,8,9,2,84,35,49,41.7,0,0,3,6,0,167,108,19,41,6629,646,186,5797,COL,Central,Western
2025-2026,20251125,18,NSH,30074,Justin Barron,ROSTER,24.0,"6'2""",195.0,Canada,"Halifax, NS",True,D,19,0,4,4,0.79,0.21,0.0,0.21,24.6,8.7,0,0,0,0,0,0,0,0,0,0,0,0,0,0.0,-1,43,15,0.0,22,18,10,13,32,28,1,0,0,0,0.0,3,6,1,2,0,391,272,62,57,17253,2845,516,13892,NSH,Central,Western
2025-2026,20251125,2,WPJ,28496,Morgan Barron,ROSTER,26.0,"6'4""",220.0,Canada,"Halifax, NS",True,C,15,3,3,6,1.2,0.2,0.2,0.4,17.4,8.7,1,0,0,0,1,0,1,1,0,0,0,0,0,0.0,1,35,18,16.7,9,5,12,25,15,7,4,168,89,79,53.0,3,6,3,6,0,267,143,78,49,11025,2061,1396,7568,WPG,,
2025-2026,20251125,8,NYI,5611,Mathew Barzal,ROSTER,28.0,"6'0""",187.0,Canada,"Coquitlam, BC",False,C,22,6,11,17,2.55,0.5,0.27,0.77,17.7,23.2,2,0,3,3,0,0,0,1,0,1,1,0,0,0.0,7,101,56,10.7,16,19,26,9,14,21,10,187,64,123,34.2,8,16,4,8,0,488,253,187,55,27789,6000,5374,16415,NYI,Metropolitan,Eastern
2025-2026,20251125,27,DAL,15468,Nathan Bastian,ROSTER,27.0,"6'4""",205.0,Canada,"Kitchener, ON",False,RW,15,1,0,1,0.6,0.0,0.07,0.07,16.7,11.6,0,0,0,0,0,0,0,0,0,0,0,0,0,0.0,2,14,9,11.1,4,4,1,35,15,1,0,0,0,0,0.0,4,8,1,2,0,170,115,30,26,7081,1525,636,4920,DAL,Central,Western
2025-2026,20251125,13,OTT,15394,Drake Batherson,ROSTER,27.0,"6'3""",203.0,USA,"Fort Wayne, IN",False,RW,19,7,13,20,2.11,0.68,0.37,1.05,17.0,8.7,2,2,3,5,0,0,0,2,0,0,2,1,1,50.0,6,71,40,17.5,6,12,19,31,13,14,9,1,1,0,100.0,3,6,7,14,0,460,234,70,164,20263,3382,813,16224,OTT,Atlantic,Eastern
2025-2026,20251125,23,CGY,9639,Jake Bean,ROSTER,27.0,"6'1""",186.0,Canada,"Calgary, AB",False,D,13,1,1,2,1.15,0.08,0.08,0.15,23.5,17.2,0,0,0,0,0,0,0,0,0,0,0,0,0,0.0,-7,38,15,6.7,25,17,6,3,13,13,5,0,0,0,0.0,4,16,0,0,0,316,206,31,80,12810,948,579,11283,CGY,Pacific,Western
2025-2026,20251125,5,WSH,5623,Anthony Beauvillier,ROSTER,28.0,"5'11""",182.0,Canada,"Sorel-Tracy, QC",False,LW,23,4,2,6,2.09,0.09,0.17,0.26,18.2,5.8,1,0,0,0,0,0,0,2,0,0,2,0,0,0.0,7,82,48,8.3,7,17,17,32,26,13,4,7,4,3,57.1,2,4,2,4,0,436,241,109,87,20339,2884,2124,15190,WSH,Metropolitan,Eastern
2025-2026,20251125,14,MTL,53067,Owen Beck,ASSIGNED_TO_MINORS,21.0,"6'0""",191.0,Canada,"Peterborough, ON",True,C,2,0,0,0,0.5,0.0,0.0,0.0,0.9,0.0,0,0,0,0,0,0,0,0,0,0,0,0,0,0.0,-1,4,1,0.0,1,1,2,0,3,0,0,12,7,5,58.3,0,0,0,0,0,24,20,3,1,1003,346,8,649,MTL,Atlantic,Eastern
2025-2026,20251125,20,CHI,111625,Connor Bedard,ROSTER,20.0,"5'10""",185.0,Canada,"North Vancouver, BC",True,C,22,13,18,31,3.27,0.82,0.59,1.41,13.4,33.4,4,4,6,10,0,0,0,2,0,0,1,0,0,0.0,9,139,72,18.1,12,28,39,7,34,29,11,211,106,105,50.2,12,22,7,16,0,514,407,57,58,27884,4191,276,23116,CHI,Central,Western
2025-2026,20251125,11,BOS,38020,John Beecher,ROSTER,24.0,"6'3""",210.0,USA,"Elmira, NY",True,C,6,1,0,1,1.0,0.0,0.17,0.17,6.2,0.0,0,0,0,0,0,0,0,0,0,0,0,0,0,0.0,-1,10,6,16.7,4,3,1,7,5,1,0,3,0,3,0.0,0,0,0,0,0,90,59,18,14,3746,782,216,2748,BOS,Atlantic,Eastern
2025-2026,20251125,11,BOS,38020,John Beecher,ROSTER,24.0,"6'3""",210.0,USA,"Elmira, NY",True,C,6,1,0,1,1.0,0.0,0.17,0.17,6.2,0.0,0,0,0,0,0,0,0,0,0,0,0,0,0,0.0,-1,10,6,16.7,4,3,1,7,5,1,0,3,0,3,0.0,0,0,0,0,0,90,59,18,14,3746,782,216,2748,BOS,Atlantic,Eastern
2025-2026,20251125,23,CGY,38020,John Beecher,ROSTER,24.0,"6'3""",210.0,USA,"Elmira, NY",True,C,3,0,0,0,1.67,0.0,0.0,0.0,2.5,2.9,0,0,0,0,0,0,0,0,0,0,0,0,0,0.0,-1,8,5,0.0,2,1,2,2,1,0,1,5,1,4,20.0,1,2,0,0,0,50,23,11,16,1977,301,97,1579,CGY,Pacific,Western
2025-2026,20251125,23,CGY,38020,John Beecher,ROSTER,24.0,"6'3""",210.0,USA,"Elmira, NY",True,C,3,0,0,0,1.67,0.0,0.0,0.0,2.5,2.9,0,0,0,0,0,0,0,0,0,0,0,0,0,0.0,-1,8,5,0.0,2,1,2,2,1,0,1,5,1,4,20.0,1,2,0,0,0,50,23,11,16,1977,301,97,1579,CGY,Pacific,Western
2025-2026,20251125,143,SEA,37968,Matty Beniers,ROSTER,23.0,"6'2""",175.0,USA,"Hingham, MA",True,C,22,3,11,14,1.41,0.5,0.14,0.64,22.7,8.7,1,2,2,4,0,0,0,1,0,0,0,0,0,0.0,5,88,31,9.7,22,21,36,8,36,24,2,298,138,160,46.3,3,6,7,14,0,525,328,118,74,27099,5144,1068,20606,SEA,Pacific,Western
2025-2026,20251125,27,DAL,4707,Jamie Benn,ROSTER,36.0,"6'2""",210.0,Canada,"Victoria, BC",False,LW,3,0,1,1,1.33,0.33,0.0,0.33,3.0,2.9,0,0,0,0,0,0,0,0,0,0,0,0,0,0.0,0,5,4,0.0,0,0,1,8,3,2,0,15,7,8,46.7,1,2,0,0,0,56,25,19,12,2122,692,36,1394,DAL,Central,Western
2025-2026,20251125,4,FLO,5415,Sam Bennett,ROSTER,29.0,"6'1""",195.0,Canada,"Holland Landing, ON",False,C,22,5,4,9,2.0,0.18,0.23,0.41,22.3,34.8,1,1,1,2,0,0,0,2,0,0,0,0,0,0.0,-4,100,44,11.4,7,25,31,43,13,20,8,282,143,139,50.7,12,24,5,10,0,470,225,157,92,22160,4360,2945,14855,FLA,,
2025-2026,20251125,12,TOR,15129,Simon Benoit,ROSTER,27.0,"6'3""",208.0,Canada,"Laval, QC",False,D,21,0,2,2,0.76,0.1,0.0,0.1,48.8,27.4,0,0,0,0,0,0,0,0,0,0,0,0,0,0.0,-2,44,16,0.0,34,22,6,49,39,21,5,0,0,0,0.0,7,17,5,13,1,554,345,121,88,22346,3349,2100,16897,TOR,Atlantic,Eastern
2025-2026,20251125,15,BUF,111755,Zach Benson,ROSTER,20.0,"5'10""",159.0,Canada,"Langley, BC",True,LW,9,0,9,9,1.89,1.0,0.0,1.0,7.8,8.7,0,0,3,3,0,1,1,0,0,0,0,0,0,0.0,4,26,17,0.0,7,4,5,4,13,7,5,3,2,1,66.7,3,6,1,2,0,210,171,27,12,10153,2845,463,6845,BUF,Atlantic,Eastern
2025-2026,20251125,9,NYR,56550,Brett Berard,ROSTER,23.0,"5'9""",155.0,USA,"East Greenwich, RI",False,LW,1,0,0,0,2.0,0.0,0.0,0.0,0.0,4.3,0,0,0,0,0,0,0,0,0,0,0,0,0,0.0,0,4,2,0.0,0,1,1,0,2,1,0,0,0,0,0.0,1,4,0,0,0,16,12,1,3,561,48,35,478,NYR,Metropolitan,Eastern
2025-2026,20251125,16,DET,14556,Jonatan Berggren,ROSTER,25.0,"5'10""",183.0,Sweden,Uppsala,True,RW,14,2,4,6,1.43,0.29,0.14,0.43,6.1,8.7,0,1,0,1,0,0,0,0,0,0,0,0,0,0.0,-3,42,20,10.0,3,14,8,9,14,13,1,0,0,0,0.0,3,6,4,8,0,229,123,61,47,10115,1777,1104,7234,DET,Atlantic,Eastern
2025-2026,20251125,16,DET,14549,Jacob Bernard-Docker,ROSTER,25.0,"6'1""",190.0,Canada,"Canmore, AB",False,D,12,0,1,1,1.25,0.08,0.0,0.08,10.0,2.9,0,0,0,0,0,0,0,0,0,0,0,0,0,0.0,3,32,15,0.0,7,12,5,10,28,9,3,0,0,0,0.0,1,2,1,2,0,214,125,29,60,9305,806,398,8101,DET,Atlantic,Eastern
2025-2026,20251125,20,CHI,10178,Tyler Bertuzzi,ROSTER,30.0,"6'1""",199.0,Canada,"Sudbury, ON",False,LW,19,12,7,19,2.32,0.37,0.63,1.0,8.4,25.9,4,6,4,10,0,0,0,1,0,0,0,0,0,0.0,2,71,44,27.3,1,11,16,20,22,19,4,39,20,19,51.3,7,22,9,18,0,404,204,123,84,20588,5897,1761,12705,CHI,Central,Western
2025-2026,20251125,27,DAL,56392,Lian Bichsel,ROSTER,21.0,"6'6""",225.0,Switzerland,Wolfwil,False,D,22,1,2,3,0.41,0.09,0.05,0.14,48.1,29.0,0,0,0,0,0,0,0,0,0,0,0,0,0,0.0,7,30,9,11.1,22,15,6,76,61,21,1,0,0,0,0.0,10,20,5,10,0,425,333,37,55,20558,3671,468,16355,DAL,Central,Western
2025-2026,20251125,1,TBL,8913,Oliver Bjorkstrand,ROSTER,30.0,"6'0""",177.0,Denmark,Herning,False,RW,22,2,6,8,1.68,0.27,0.09,0.36,19.9,2.9,0,2,2,4,0,0,0,0,0,0,0,0,0,0.0,-5,88,37,5.4,13,24,27,22,31,19,3,10,5,5,50.0,1,2,1,2,0,382,169,140,75,18919,4547,2381,11991,TBL,Atlantic,Eastern
2025-2026,20251125,17,STL,5201,Nick Bjugstad,ROSTER,33.0,"6'6""",215.0,USA,"Minneapolis, MN",False,C,19,4,1,5,1.68,0.05,0.21,0.26,25.6,14.5,1,0,0,0,0,0,0,0,0,0,0,0,0,0.0,-1,51,32,12.5,14,7,12,35,7,3,2,115,57,58,49.6,5,10,4,8,0,309,160,80,73,12782,2614,1192,8976,STL,Central,Western
2025-2026,20251125,27,DAL,15469,Colin Blackwell,ROSTER,32.0,"5'9""",190.0,USA,"North Andover, MA",False,C,22,2,3,5,0.64,0.14,0.09,0.23,20.8,17.4,0,0,0,0,0,0,0,1,0,0,0,0,0,0.0,1,34,14,14.3,9,9,11,34,21,14,1,76,26,50,34.2,6,12,3,6,0,355,177,99,79,15374,3536,1184,10562,DAL,Central,Western
2025-2026,20251125,12,TOR,11712,Sammy Blais,ROSTER,29.0,"6'2""",205.0,Canada,"Montmagny, QC",False,LW,8,1,2,3,0.88,0.25,0.12,0.38,14.9,5.8,0,0,0,0,0,0,0,0,0,0,0,0,0,0.0,-2,11,7,14.3,5,3,1,28,6,2,1,1,0,1,0.0,2,4,1,2,0,95,58,28,10,3977,910,589,2478,TOR,Atlantic,Eastern
2025-2026,20251125,3,CAR,56345,Jackson Blake,ROSTER,22.0,"5'10""",158.0,USA,"Eden Prairie, MN",False,RW,22,6,9,15,2.36,0.41,0.27,0.68,8.7,20.3,2,0,2,2,0,0,0,0,0,0,1,0,0,0.0,2,95,52,11.5,8,12,31,4,36,25,8,2,0,2,0.0,7,14,9,18,0,412,309,65,44,21480,4362,1113,16005,CAR,Metropolitan,Eastern
2025-2026,20251125,18,NSH,39055,Nick Blankenburg,ROSTER,27.0,"5'9""",175.0,USA,"Washington, MI",True,D,12,2,5,7,1.75,0.42,0.17,0.58,12.9,0.0,0,2,1,3,0,0,0,0,0,0,0,0,0,0.0,-8,56,21,9.5,9,22,13,13,26,14,2,0,0,0,0.0,0,0,1,2,0,280,226,22,35,14259,2991,156,11113,NSH,Central,Western
2025-2026,20251125,21,VAN,15472,Theodor Blueger,ROSTER,31.0,"6'0""",185.0,Latvia,Riga,False,C,2,1,0,1,1.0,0.0,0.5,0.5,3.8,0.0,0,0,0,0,0,0,0,1,0,0,0,0,0,0.0,0,2,2,50.0,3,0,0,3,0,1,0,26,9,17,34.6,0,0,0,0,0,44,21,8,16,1899,363,216,1320,VAN,Pacific,Western
2025-2026,20251125,11,BOS,39748,Matěj Blümel,ROSTER,25.0,"6'0""",198.0,Czech Republic,Tabor,True,RW,3,0,0,0,1.33,0.0,0.0,0.0,2.5,0.0,0,0,0,0,0,0,0,0,0,0,0,0,0,0.0,-2,10,4,0.0,2,4,2,2,3,2,0,1,0,1,0.0,0,0,0,0,0,48,29,13,6,2486,772,148,1566,BOS,Atlantic,Eastern
2025-2026,20251125,21,VAN,5618,Brock Boeser,ROSTER,28.0,"6'1""",208.0,USA,"Burnsville, MN",False,RW,21,8,6,14,2.38,0.29,0.38,0.67,9.9,0.0,2,1,4,5,0,0,0,2,0,1,1,0,1,100.0,-7,88,50,16.0,6,16,22,12,7,13,4,45,20,25,44.4,0,0,1,2,0,434,197,84,162,23352,4662,1164,17537,VAN,Pacific,Western
2025-2026,20251125,25,MIN,4480,Zach Bogosian,ROSTER,35.0,"6'3""",226.0,USA,"Massena, NY",False,D,7,0,0,0,1.0,0.0,0.0,0.0,12.3,0.0,0,0,0,0,0,0,0,0,0,0,0,0,0,0.0,4,10,7,0.0,10,2,1,9,6,4,1,0,0,0,0.0,0,0,1,2,0,117,78,13,26,6192,1272,58,4862,MIN,Central,Western
2025-2026,20251125,14,MTL,33083,Zachary Bolduc,ROSTER,22.0,"6'1""",175.0,Canada,"Trois-Rivière, QC",True,RW,21,4,3,7,1.43,0.14,0.19,0.33,23.9,14.5,1,2,1,3,0,0,0,0,0,0,0,0,0,0.0,-4,62,30,13.3,10,15,17,40,28,19,2,16,9,7,56.2,5,10,6,12,0,346,243,53,54,17449,3184,454,13811,MTL,Atlantic,Eastern
2025-2026,20251125,25,MIN,30015,Matthew Boldy,ROSTER,24.0,"6'2""",196.0,USA,"Milford, MA",True,LW,23,13,12,25,3.26,0.52,0.57,1.09,17.8,17.4,4,5,6,11,1,0,1,2,0,0,2,0,1,50.0,3,166,75,17.3,14,42,49,14,25,26,6,33,13,20,39.4,6,12,9,18,0,478,282,126,83,29070,7754,1543,19793,MIN,Central,Western
2025-2026,20251125,8,NYI,14531,Adam Boqvist,ROSTER,25.0,"5'11""",179.0,Sweden,Falun,False,D,9,0,1,1,0.22,0.11,0.0,0.11,6.9,2.9,0,0,0,0,0,0,0,0,0,0,0,0,0,0.0,1,12,2,0.0,6,8,2,4,6,6,1,0,0,0,0.0,1,2,0,0,0,157,109,29,19,6984,1032,697,5255,NYI,Metropolitan,Eastern
2025-2026,20251125,4,FLO,17176,Jesper Boqvist,ROSTER,27.0,"6'0""",180.0,Sweden,Falun,False,C,22,3,2,5,0.95,0.09,0.14,0.23,29.3,8.7,1,0,0,0,0,0,0,1,0,0,0,0,0,0.0,5,44,21,14.3,11,9,14,52,23,16,0,37,13,24,35.1,3,6,5,10,0,400,221,107,75,16274,2771,1161,12342,FLA,,
2025-2026,20251125,9,NYR,15692,William Borgen,ROSTER,28.0,"6'3""",196.0,USA,"Moorhead, MN",False,D,19,1,2,3,0.84,0.11,0.05,0.16,31.2,11.6,0,0,0,0,0,0,0,1,0,0,0,0,0,0.0,5,47,16,6.2,24,20,11,26,36,14,6,0,0,0,0.0,4,8,2,4,0,481,270,88,110,21233,2111,1322,17013,NYR,Metropolitan,Eastern
2025-2026,20251125,24,EDM,14533,Evan Bouchard,ROSTER,26.0,"6'3""",194.0,Canada,"Oakville, ON",False,D,24,3,17,20,2.75,0.71,0.12,0.83,31.1,14.5,1,1,4,5,0,0,0,1,0,1,1,0,0,0.0,0,141,66,4.5,31,50,25,9,25,37,17,0,0,0,0.0,5,10,5,10,0,604,341,158,95,34333,7606,3039,23058,EDM,Pacific,Western
2025-2026,20251125,27,DAL,34435,Mavrik Bourque,ROSTER,23.0,"5'10""",178.0,Canada,"Plessisville, QC",True,C,22,3,4,7,1.5,0.18,0.14,0.32,13.1,5.8,1,0,2,2,0,0,0,0,0,0,0,0,0,0.0,-5,55,33,9.1,10,7,15,11,21,7,2,35,15,20,42.9,2,4,4,8,0,401,258,73,72,18600,3146,736,14668,DAL,Central,Western
2025-2026,20251125,142,VGK,184007,Braeden Bowman,ROSTER,22.0,"6'1""",205.0,Canada,"Kitchener, ON",True,RW,7,4,2,6,2.29,0.29,0.57,0.86,4.0,5.8,1,2,0,2,0,0,0,1,0,0,0,0,0,0.0,-3,29,16,25.0,4,6,7,1,5,1,0,0,0,0,0.0,2,4,0,0,0,140,117,27,0,7157,1529,565,5063,VGK,Pacific,Western
2025-2026,20251125,16,DET,142440,Michael Brandsegg-Nygård,ASSIGNED_TO_MINORS,,,,,,False,RW,9,0,1,1,1.56,0.11,0.0,0.11,13.2,2.9,0,0,0,0,0,0,0,0,0,0,0,0,0,0.0,-5,35,14,0.0,3,13,8,28,17,10,2,0,0,0,0.0,1,2,1,2,0,158,132,24,2,6723,821,31,5871,DET,Atlantic,Eastern
2025-2026,20251125,7,NJD,13722,Jesper Bratt,ROSTER,27.0,"5'10""",175.0,Sweden,Stockholm,False,LW,22,5,17,22,2.27,0.77,0.23,1.0,16.9,11.6,1,1,5,6,1,0,1,2,0,1,2,0,2,100.0,0,92,50,10.0,8,22,20,26,15,22,11,0,0,0,0.0,4,8,4,8,0,498,261,109,133,24102,4248,1300,18597,NJD,Metropolitan,Eastern
2025-2026,20251125,10,PIT,53189,Justin Brazeau,ROSTER,27.0,"6'5""",220.0,Canada,"New Liskeard, ON",True,RW,12,6,6,12,1.83,0.5,0.5,1.0,17.1,0.0,2,1,1,2,0,0,0,2,0,0,0,0,0,0.0,3,33,22,27.3,12,4,10,17,11,13,1,0,0,0,0.0,0,0,1,2,0,212,127,72,12,9702,1946,1616,5862,PIT,Metropolitan,Eastern
2025-2026,20251125,22,COL,133825,Gavin Brindley,ROSTER,21.0,"5'9""",175.0,USA,"Fort Myers, FL",True,C,18,4,3,7,1.22,0.17,0.22,0.39,10.7,8.7,1,0,0,0,0,0,0,2,0,1,0,0,0,0.0,3,40,22,18.2,4,8,10,19,25,7,3,7,2,5,28.6,3,6,5,10,0,241,181,43,21,10034,1677,173,8184,COL,Central,Western
2025-2026,20251125,6,PHI,38019,Bobby Brink,ROSTER,24.0,"5'8""",165.0,USA,"Minnetonka, MN",True,RW,21,6,4,10,1.86,0.19,0.29,0.48,18.0,17.4,2,2,2,4,0,0,0,0,0,0,2,0,1,50.0,-5,66,39,15.4,8,12,15,29,21,9,1,22,6,16,27.3,6,12,7,14,0,435,264,81,97,20512,3267,761,16878,PHI,Metropolitan,Eastern
2025-2026,20251125,17,STL,17150,Philip Broberg,ROSTER,24.0,"6'3""",200.0,Sweden,Orebro,True,D,23,2,6,8,1.35,0.26,0.09,0.35,34.9,2.9,0,0,0,0,0,0,0,0,0,0,0,0,0,0.0,-2,83,31,6.5,34,36,16,12,48,30,5,0,0,0,0.0,1,2,5,10,0,651,402,129,122,32043,4742,1665,25636,STL,Central,Western
2025-2026,20251125,25,MIN,5123,Jonas Brodin,ROSTER,32.0,"6'1""",194.0,Sweden,Karlstad,False,D,22,2,4,6,1.09,0.18,0.09,0.27,41.6,5.8,0,0,0,0,0,0,0,0,0,0,0,0,0,0.0,6,59,24,8.3,44,25,10,6,34,22,3,0,0,0,0.0,2,4,3,6,0,559,311,115,135,28971,5237,2339,21395,MIN,Central,Western
2025-2026,20251125,9,NYR,11807,Jonny Brodzinski,ROSTER,32.0,"6'1""",215.0,USA,"Ham Lake, MN",False,C,13,2,2,4,1.08,0.15,0.15,0.31,3.4,2.9,0,0,0,0,0,0,0,0,0,0,0,0,0,0.0,3,39,14,14.3,3,11,14,2,10,7,6,10,6,4,60.0,1,2,4,8,0,218,114,54,46,9187,1654,726,6592,NYR,Metropolitan,Eastern
2025-2026,20251125,7,NJD,8916,Connor Brown,ROSTER,31.0,"6'0""",186.0,Canada,"Etobicoke, ON",False,RW,15,6,2,8,1.47,0.13,0.4,0.53,11.9,2.9,2,0,0,0,1,0,1,1,0,0,0,0,0,0.0,-2,33,22,27.3,10,3,8,8,12,11,3,8,3,5,37.5,1,2,0,0,0,295,148,82,71,14341,1962,1668,10711,NJD,Metropolitan,Eastern
2025-2026,20251125,10,PIT,142708,Harrison Brunicke,ROSTER,,,,,,False,D,9,1,0,1,0.89,0.0,0.11,0.11,13.1,8.7,0,0,0,0,0,0,0,0,0,0,0,0,0,0.0,-4,22,8,12.5,13,7,7,4,18,14,1,0,0,0,0.0,3,6,2,4,0,171,135,14,19,8486,830,167,7234,PIT,Metropolitan,Eastern
2025-2026,20251125,15,BUF,17925,Jacob Bryson,ROSTER,28.0,"5'9""",185.0,Canada,"London, ON",False,D,12,1,2,3,0.17,0.17,0.08,0.25,7.0,5.8,0,0,0,0,0,0,0,0,0,0,0,0,0,0.0,1,14,2,50.0,7,8,4,2,12,6,2,0,0,0,0.0,2,4,0,0,0,195,103,20,73,7980,846,209,6925,BUF,Atlantic,Eastern
2025-2026,20251125,17,STL,10075,Pavel Buchnevich,ROSTER,30.0,"6'3""",197.0,Russia,Cherepovets,False,LW,23,2,7,9,1.61,0.3,0.09,0.39,14.2,10.2,0,2,2,4,0,0,0,0,0,0,0,0,0,0.0,-11,76,37,5.4,10,17,22,14,14,21,6,12,4,8,33.3,4,6,5,10,0,530,251,180,101,25038,4738,2647,17653,STL,Central,Western
2025-2026,20251125,25,MIN,142488,Zeev Buium,ROSTER,,,,,,False,D,23,3,8,11,1.17,0.35,0.13,0.48,13.9,5.8,1,2,6,8,0,0,0,0,0,0,0,0,0,0.0,-9,63,27,11.1,13,23,13,6,30,28,3,0,0,0,0.0,2,4,3,6,0,445,367,62,18,26135,5870,721,19544,MIN,Central,Western
2025-2026,20251125,18,NSH,15430,Michael Bunting,ROSTER,30.0,"5'11""",197.0,Canada,"Toronto, ON",True,LW,22,4,7,11,1.27,0.32,0.18,0.5,8.4,8.7,1,0,4,4,0,0,0,0,0,0,1,1,0,0.0,-11,70,28,14.3,6,13,29,8,16,19,1,10,3,7,30.0,3,6,7,14,0,398,195,136,71,19507,4137,2508,12862,NSH,Central,Western
2025-2026,20251125,20,CHI,5451,Andre Burakovsky,ROSTER,30.0,"6'3""",201.0,Austria,Klagenfurt,False,LW,18,7,8,15,1.44,0.44,0.39,0.83,9.4,8.7,2,1,4,5,0,0,0,1,0,0,0,0,0,0.0,5,59,26,26.9,8,21,12,6,23,18,10,3,0,3,0.0,3,6,1,2,0,372,199,75,101,18419,4347,652,13195,CHI,Central,Western
2025-2026,20251125,22,COL,15,Brent Burns,ROSTER,40.0,"6'5""",230.0,Canada,"Ajax, ON",False,D,22,2,9,11,2.0,0.41,0.09,0.5,30.2,17.4,0,0,1,1,0,0,0,2,0,0,0,0,0,0.0,6,106,44,4.5,32,35,27,4,18,22,5,0,0,0,0.0,6,12,0,0,0,574,308,115,153,26426,6788,1422,18216,COL,Central,Western
2025-2026,20251125,28,LAK,19049,Quinton Byfield,ROSTER,23.0,"6'4""",215.0,Canada,"Newmarket, ON",True,RW,23,4,13,17,2.57,0.57,0.17,0.74,13.4,14.5,1,1,4,5,0,1,1,2,0,1,1,0,0,0.0,0,102,59,6.8,7,21,22,19,23,21,10,330,133,197,40.3,5,10,12,24,0,541,344,75,127,27798,3823,888,23087,LAK,Pacific,Western
2025-2026,20251125,15,BUF,21814,Bowen Byram,ROSTER,24.0,"6'0""",195.0,Canada,"Cranbrook, BC",True,D,22,4,7,11,1.5,0.32,0.18,0.5,30.3,14.5,1,1,2,3,0,0,0,1,0,0,1,0,1,100.0,-6,67,33,12.1,28,12,22,14,35,23,3,0,0,0,0.0,5,10,4,8,0,594,351,105,143,28473,3648,1205,23661,BUF,Atlantic,Eastern
2025-2026,20251125,11,BOS,37956,Michael Callahan,ROSTER,26.0,"6'2""",197.0,USA,"Franklin, MA",True,D,3,0,0,0,0.67,0.0,0.0,0.0,6.5,0.0,0,0,0,0,0,0,0,0,0,0,0,0,0,0.0,-2,3,2,0.0,6,0,1,3,9,3,1,0,0,0,0.0,0,0,0,0,0,70,45,18,7,2961,777,279,1905,BOS,Atlantic,Eastern
2025-2026,20251125,27,DAL,5658,Kyle Capobianco,ROSTER,28.0,"6'1""",196.0,Canada,"Mississauga, ON",False,D,7,0,1,1,0.43,0.14,0.0,0.14,3.8,2.9,0,0,0,0,0,0,0,0,0,0,0,0,0,0.0,1,12,3,0.0,3,7,2,3,5,2,1,0,0,0,0.0,1,2,1,2,0,99,62,16,19,4310,936,227,3070,DAL,Central,Western
2025-2026,20251125,30,UTA,16956,Michael Carcone,ROSTER,29.0,"5'10""",170.0,Canada,"Ajax, ON",False,LW,21,3,3,6,2.05,0.14,0.14,0.29,17.9,17.2,1,0,0,0,0,0,0,0,0,0,0,0,0,0.0,-1,89,43,7.0,5,21,25,36,23,7,3,2,0,2,0.0,4,16,2,4,0,342,197,88,60,14352,2294,1211,10847,UTA,Central,Western
2025-2026,20251125,26,SJS,56619,Ethan Cardwell,ASSIGNED_TO_MINORS,23.0,"5'11""",180.0,Canada,"Courtice, ON",False,RW,4,1,0,1,0.75,0.0,0.25,0.25,1.5,2.9,0,0,0,0,0,0,0,1,0,0,0,0,0,0.0,1,11,3,33.3,0,4,4,4,5,2,1,0,0,0,0.0,1,2,0,0,0,63,48,10,6,2965,484,109,2372,SJS,Pacific,Western
2025-2026,20251125,1,TBL,38105,Declan Carlile,ROSTER,25.0,"6'1""",190.0,USA,"Hartland, MI",True,D,4,0,0,0,0.0,0.0,0.0,0.0,5.5,0.0,0,0,0,0,0,0,0,0,0,0,0,0,0,0.0,-1,2,0,0.0,4,2,0,5,10,3,0,0,0,0,0.0,0,0,0,0,0,68,56,9,3,2994,516,15,2463,TBL,Atlantic,Eastern
2025-2026,20251125,12,TOR,5632,Brandon Carlo,ROSTER,28.0,"6'5""",212.0,USA,"Colorado Springs, CO",False,D,18,0,2,2,1.28,0.11,0.0,0.11,34.9,8.7,0,0,0,0,0,0,0,0,0,0,0,0,0,0.0,2,49,23,0.0,34,13,13,12,28,20,1,0,0,0,0.0,3,6,1,2,0,497,293,119,85,21664,2450,2354,16860,TOR,Atlantic,Eastern
2025-2026,20251125,5,WSH,4735,John Carlson,ROSTER,35.0,"6'3""",217.0,USA,"Natick, MA",False,D,22,5,16,21,2.27,0.73,0.23,0.95,31.6,8.7,1,0,5,5,0,0,0,0,0,0,0,0,0,0.0,8,120,50,10.0,32,40,29,8,29,37,17,0,0,0,0.0,3,6,2,4,0,524,276,123,126,30585,8188,1690,20514,WSH,Metropolitan,Eastern
2025-2026,20251125,29,ANA,111582,Leo Carlsson,ROSTER,20.0,"6'3""",198.0,Sweden,Karlstad,True,C,22,11,18,29,2.5,0.82,0.5,1.32,11.7,25.1,3,2,7,9,2,1,3,3,0,1,1,0,0,0.0,11,116,55,20.0,11,28,33,5,17,19,8,384,177,207,46.1,6,23,7,14,0,548,420,64,75,25912,5295,454,20261,ANA,Pacific,Western
2025-2026,20251125,9,NYR,5479,Sam Carrick,ROSTER,33.0,"6'0""",200.0,Canada,"Stouffville, ON",False,C,24,1,5,6,1.0,0.21,0.04,0.25,26.0,35.8,0,0,0,0,0,1,1,0,0,0,0,0,0,0.0,3,52,24,4.2,14,13,16,36,28,10,5,177,94,83,53.1,5,19,8,25,3,400,161,78,150,16850,3736,927,11705,NYR,Metropolitan,Eastern
2025-2026,20251125,14,MTL,5710,Alexandre Carrier,ROSTER,29.0,"5'11""",174.0,Canada,"Quebec City, QC",False,D,21,1,6,7,0.76,0.29,0.05,0.33,49.3,11.6,0,0,0,0,0,0,0,0,0,0,0,0,0,0.0,-7,45,16,6.2,50,16,13,12,52,22,11,0,0,0,0.0,4,8,3,6,0,463,249,78,138,23550,2970,1480,19108,MTL,Atlantic,Eastern
2025-2026,20251125,3,CAR,10174,William Carrier,ROSTER,30.0,"6'2""",218.0,Canada,"Pierrefonds, QC",False,LW,16,1,4,5,0.88,0.25,0.06,0.31,14.6,5.8,0,0,0,0,0,0,0,1,0,0,0,0,0,0.0,2,44,14,7.1,3,11,19,32,22,7,4,0,0,0,0.0,2,4,3,6,0,277,96,154,28,10570,2080,2164,6326,CAR,Metropolitan,Eastern
2025-2026,20251125,7,NJD,56518,Seamus Casey,ASSIGNED_TO_MINORS,21.0,"5'10""",173.0,USA,"Estero, FL",False,D,2,0,0,0,2.0,0.0,0.0,0.0,0.9,0.0,0,0,0,0,0,0,0,0,0,0,0,0,0,0.0,-3,8,4,0.0,1,2,2,0,7,3,2,0,0,0,0.0,0,0,0,0,0,48,37,10,1,2161,692,92,1377,NJD,Metropolitan,Eastern
2025-2026,20251125,6,PHI,38701,Noah Cates,ROSTER,26.0,"6'1""",170.0,USA,"Stillwater, MN",True,LW,21,5,8,13,1.95,0.38,0.24,0.62,22.2,8.7,1,1,4,5,0,0,0,2,0,1,0,0,0,0.0,5,68,41,12.2,16,9,18,21,18,13,4,313,130,183,41.5,3,6,5,10,0,511,219,70,227,21913,2683,368,18862,PHI,Metropolitan,Eastern
2025-2026,20251125,143,SEA,142279,Berkly Catton,ROSTER,,,,,,False,C,17,0,4,4,0.82,0.24,0.0,0.24,8.4,2.9,0,0,1,1,0,0,0,0,0,0,0,0,0,0.0,1,28,14,0.0,9,4,10,1,27,7,3,24,10,14,41.7,1,2,3,6,0,281,247,29,4,12139,2010,217,9862,SEA,Pacific,Western
2025-2026,20251125,14,MTL,19047,Cole Caufield,ROSTER,24.0,"5'7""",174.0,USA,"Mosinee, WI",True,RW,21,13,9,22,2.81,0.43,0.62,1.05,11.2,11.6,4,1,5,6,0,0,0,3,0,3,2,0,1,50.0,9,111,59,22.0,5,20,32,18,14,16,9,5,2,3,40.0,4,8,6,12,0,440,242,90,122,23282,4059,740,18527,MTL,Atlantic,Eastern
2025-2026,20251125,28,LAK,5307,Cody Ceci,ROSTER,31.0,"6'2""",210.0,Canada,"Ottawa, ON",False,D,23,1,5,6,1.0,0.22,0.04,0.26,27.8,5.8,0,0,0,0,0,1,1,0,0,0,0,0,0,0.0,-5,60,23,4.3,26,28,9,12,37,20,5,0,0,0,0.0,2,4,0,0,0,487,268,92,129,24246,3104,2283,18861,LAK,Pacific,Western
2025-2026,20251125,26,SJS,134157,Macklin Celebrini,ROSTER,19.0,"6'0""",190.0,Canada,"North Vancouver, BC",True,C,23,14,20,34,2.91,0.87,0.61,1.48,19.2,17.4,4,4,8,12,0,0,0,3,0,2,2,0,0,0.0,5,126,67,20.9,16,33,26,13,33,35,10,357,174,183,48.7,6,12,14,30,0,496,404,47,59,28335,5966,1053,21316,SJS,Pacific,Western
2025-2026,20251125,1,TBL,14454,Erik Cernak,ROSTER,28.0,"6'3""",233.0,Slovakia,Kosice,False,D,19,0,4,4,0.68,0.21,0.0,0.21,53.5,31.7,0,0,0,0,0,1,1,0,0,0,0,0,0,0.0,0,36,13,0.0,43,14,9,40,26,18,4,0,0,0,0.0,8,21,2,7,1,500,243,147,111,22025,3188,1526,17239,TBL,Atlantic,Eastern
2025-2026,20251125,13,OTT,5613,Thomas Chabot,ROSTER,28.0,"6'2""",196.0,Canada,"Ste-Marie-de-Beauce, QC",False,D,18,2,8,10,1.22,0.44,0.11,0.56,37.1,13.0,0,1,3,4,0,1,1,0,0,0,0,0,0,0.0,5,71,22,9.1,36,28,21,13,24,13,6,0,0,0,0.0,4,10,1,2,0,488,274,103,113,23675,3801,2077,17797,OTT,Atlantic,Eastern
2025-2026,20251125,1,TBL,28436,Mitchell Chaffee,ASSIGNED_TO_MINORS,27.0,"6'0""",207.0,USA,"Rockford, MI",True,RW,7,0,0,0,1.14,0.0,0.0,0.0,8.9,5.8,0,0,0,0,0,0,0,0,0,0,0,0,0,0.0,0,10,8,0.0,2,1,1,19,6,5,0,3,1,2,33.3,2,4,2,4,0,95,55,20,20,3986,557,296,3133,TBL,Atlantic,Eastern
2025-2026,20251125,3,CAR,15383,Jalen Chatfield,ROSTER,29.0,"6'1""",188.0,USA,"Ypsilanti, MI",False,D,15,0,4,4,1.47,0.27,0.0,0.27,17.9,11.6,0,0,0,0,0,0,0,0,0,0,0,0,0,0.0,3,61,22,0.0,15,25,14,12,29,14,3,0,0,0,0.0,4,8,3,14,0,400,219,77,104,17911,2379,1003,14529,CAR,Metropolitan,Eastern
2025-2026,20251125,16,DET,5285,Ben Chiarot,ROSTER,34.0,"6'3""",234.0,Canada,"Hamilton, ON",False,D,23,2,4,6,1.0,0.17,0.09,0.26,61.2,27.3,0,0,0,0,0,0,0,0,0,0,0,0,0,0.0,3,71,23,8.7,47,34,14,51,33,28,6,0,0,0,0.0,7,24,2,4,0,603,345,97,164,28919,6438,1911,20603,DET,Atlantic,Eastern
2025-2026,20251125,2,WPJ,37987,Nikita Chibrikov,ASSIGNED_TO_MINORS,22.0,"5'10""",170.0,Russia,Moskva,True,RW,8,0,0,0,0.62,0.0,0.0,0.0,8.2,15.9,0,0,0,0,0,0,0,0,0,0,0,0,0,0.0,0,16,5,0.0,5,7,4,10,7,6,2,0,0,0,0.0,5,12,2,4,0,105,83,19,3,4414,1202,226,2986,WPG,,
2025-2026,20251125,19,CBJ,30088,Yegor Chinakhov,ROSTER,24.0,"6'0""",178.0,Russia,Omsk,True,RW,17,2,2,4,1.35,0.12,0.12,0.24,10.6,2.9,0,0,0,0,0,0,0,0,0,0,0,0,0,0.0,-6,45,23,8.7,6,17,5,14,11,8,3,0,0,0,0.0,1,2,2,4,0,239,180,41,18,10712,1976,228,8428,CBJ,Metropolitan,Eastern
2025-2026,20251125,5,WSH,28482,Declan Chisholm,ROSTER,25.0,"6'1""",185.0,Canada,"Bowmanville, ON",True,D,10,0,1,1,0.7,0.1,0.0,0.1,9.2,2.9,0,0,0,0,0,0,0,0,0,0,0,0,0,0.0,1,20,7,0.0,9,10,3,3,15,10,4,0,0,0,0.0,1,2,3,9,0,177,115,27,29,8770,1116,647,6671,WSH,Metropolitan,Eastern
2025-2026,20251125,9,NYR,56549,Jaroslav Chmelar,ASSIGNED_TO_MINORS,22.0,"6'4""",198.0,Czech Republic,Nove Mesto nad Metuji,False,RW,2,0,0,0,0.5,0.0,0.0,0.0,1.9,10.0,0,0,0,0,0,0,0,0,0,0,0,0,0,0.0,-1,2,1,0.0,0,0,1,5,1,1,0,0,0,0,0.0,1,5,1,5,1,21,16,3,2,867,126,79,662,NYR,Metropolitan,Eastern
2025-2026,20251125,7,NJD,15156,Dennis Cholowski,ROSTER,27.0,"6'2""",197.0,Canada,"Langley, BC",False,D,10,0,1,1,0.6,0.1,0.0,0.1,10.2,0.0,0,0,0,0,0,0,0,0,0,0,0,0,0,0.0,-3,15,6,0.0,11,6,3,1,10,9,4,0,0,0,0.0,0,0,0,0,0,180,112,27,38,8664,920,378,7298,NJD,Metropolitan,Eastern
2025-2026,20251125,19,CBJ,28414,Jake Christiansen,ROSTER,26.0,"6'1""",195.0,Canada,"West Vancouver, BC",True,D,19,0,1,1,0.84,0.05,0.0,0.05,11.9,5.8,0,0,0,0,0,0,0,0,0,0,0,0,0,0.0,-9,42,16,0.0,7,16,10,15,26,7,0,0,0,0,0.0,2,4,1,2,0,246,171,38,37,11994,1212,396,10386,CBJ,Metropolitan,Eastern
2025-2026,20251125,5,WSH,9642,Jakob Chychrun,ROSTER,27.0,"6'2""",210.0,USA,"Boca Raton, FL",False,D,23,8,13,21,3.26,0.57,0.35,0.91,29.7,36.1,2,3,1,4,0,0,0,1,0,1,0,0,0,0.0,13,172,75,10.7,24,45,52,22,29,29,10,0,0,0,0.0,10,23,8,19,1,520,286,135,103,32352,5868,4332,22155,WSH,Metropolitan,Eastern
2025-2026,20251125,21,VAN,13636,Filip Chytil,INJURY_LIST,26.0,"6'2""",206.0,Czech Republic,Kromeriz,False,C,6,3,0,3,2.5,0.0,0.5,0.5,4.7,8.7,1,0,0,0,0,0,0,1,0,0,0,0,0,0.0,0,22,15,20.0,4,2,5,3,10,3,2,76,36,40,47.4,3,6,0,0,0,114,56,43,18,5629,1207,724,3698,VAN,Pacific,Western
2025-2026,20251125,1,TBL,14125,Anthony Cirelli,ROSTER,28.0,"6'0""",193.0,Canada,"Etobicoke, ON",False,C,18,9,7,16,1.67,0.39,0.5,0.89,13.7,11.6,3,2,0,2,0,1,1,2,0,1,0,0,0,0.0,11,55,30,30.0,12,9,16,8,14,14,8,290,138,152,47.6,4,8,1,2,0,442,204,136,111,19794,3092,2444,14178,TBL,Atlantic,Eastern
2025-2026,20251125,8,NYI,5083,Casey Cizikas,ROSTER,34.0,"5'11""",195.0,Canada,"Toronto, ON",False,C,23,1,4,5,0.65,0.17,0.04,0.22,35.3,8.7,0,0,0,0,0,0,0,0,0,0,0,0,0,0.0,-3,29,15,6.7,16,4,10,56,19,12,2,137,61,76,44.5,3,6,0,0,0,335,184,74,78,13544,3426,792,9326,NYI,Metropolitan,Eastern
2025-2026,20251125,28,LAK,31218,Brandt Clarke,ROSTER,22.0,"6'2""",185.0,Canada,"Nepean, ON",True,D,23,3,7,10,1.96,0.3,0.13,0.43,28.5,17.4,1,1,0,1,0,0,0,2,0,0,0,0,0,0.0,5,85,45,6.7,26,25,15,14,31,28,10,0,0,0,0.0,6,12,5,10,0,502,387,79,39,25206,3578,443,21185,LAK,Pacific,Western
2025-2026,20251125,24,EDM,142463,Connor Clattenburg,ROSTER,,,,,,False,C,1,0,0,0,2.0,0.0,0.0,0.0,1.3,2.9,0,0,0,0,0,0,0,0,0,0,0,0,0,0.0,0,4,2,0.0,1,1,1,1,0,0,0,0,0,0,0.0,1,2,1,2,0,9,6,2,1,347,67,54,226,EDM,Pacific,Western
2025-2026,20251125,10,PIT,15396,Connor Clifton,ROSTER,30.0,"5'11""",175.0,USA,"Long Branch, New Jersey",False,D,8,0,0,0,0.75,0.0,0.0,0.0,28.7,5.8,0,0,0,0,0,0,0,0,0,0,0,0,0,0.0,-2,20,6,0.0,17,11,3,36,20,5,1,0,0,0,0.0,2,4,0,0,0,160,84,32,44,8331,1048,310,6976,PIT,Metropolitan,Eastern
2025-2026,20251125,29,ANA,38010,Sam Colangelo,ASSIGNED_TO_MINORS,23.0,"6'2""",205.0,USA,"Stoneham, MA",True,RW,7,1,0,1,0.43,0.0,0.14,0.14,4.3,5.8,0,0,0,0,0,0,0,0,0,0,0,0,0,0.0,-3,11,3,33.3,1,5,3,9,7,6,0,2,1,1,50.0,2,4,0,0,0,105,70,21,16,4285,812,132,3383,ANA,Pacific,Western
2025-2026,20251125,30,UTA,4905,Ian Cole,ROSTER,36.0,"6'1""",225.0,USA,"Ann Arbor, MI",False,D,23,1,8,9,0.87,0.35,0.04,0.39,50.9,17.4,0,0,0,0,0,0,0,0,0,0,0,0,0,0.0,6,47,20,5.0,46,15,12,26,43,24,4,0,0,0,0.0,6,12,4,8,0,553,322,85,147,26139,5989,894,19256,UTA,Central,Western
2025-2026,20251125,23,CGY,11702,Blake Coleman,ROSTER,33.0,"5'11""",207.0,USA,"Plano, TX",False,LW,24,8,2,10,2.25,0.08,0.33,0.42,35.4,17.4,2,0,0,0,2,0,2,2,0,0,0,0,0,0.0,3,98,54,14.8,17,23,21,54,16,27,6,18,7,11,38.9,6,12,6,12,0,568,263,200,113,24339,5778,2617,15944,CGY,Pacific,Western
2025-2026,20251125,22,COL,18195,Ross Colton,ROSTER,29.0,"6'0""",190.0,USA,"Robbinsville, New Jersey",False,C,22,4,7,11,2.41,0.32,0.18,0.5,29.0,10.0,1,0,0,0,0,0,0,1,0,0,0,0,0,0.0,5,95,53,7.5,9,18,24,56,18,17,5,23,13,10,56.5,1,5,9,21,1,407,215,142,54,17321,3015,2259,12047,COL,Central,Western
2025-2026,20251125,16,DET,5564,J.T. Compher,ROSTER,30.0,"6'0""",190.0,USA,"Northbrook, IL",False,LW,23,3,3,6,1.26,0.13,0.13,0.26,17.2,21.6,1,0,0,0,0,0,0,0,0,0,0,0,0,0.0,-6,49,29,10.3,15,13,8,10,21,13,0,275,142,133,51.6,5,13,10,23,1,503,216,143,147,22574,4427,2645,15563,DET,Atlantic,Eastern
2025-2026,20251125,2,WPJ,5612,Kyle Connor,ROSTER,28.0,"6'1""",182.0,USA,"Clinton Township, MI",False,LW,21,11,14,25,3.62,0.67,0.52,1.19,5.2,8.7,3,2,5,7,1,0,1,1,0,1,1,0,0,0.0,5,124,76,14.5,2,24,24,9,17,19,8,0,0,0,0.0,3,6,5,10,0,480,207,192,92,25933,5191,4200,16542,WPG,,
2025-2026,20251125,30,UTA,56257,Logan Cooley,ROSTER,21.0,"5'11""",180.0,USA,"Pittsburgh, PA",False,C,23,13,8,21,2.09,0.35,0.57,0.91,17.9,29.0,4,3,1,4,0,0,0,1,0,0,0,0,0,0.0,5,84,48,27.1,10,9,27,24,32,29,9,273,110,163,40.3,10,20,9,18,0,510,371,74,79,25619,5978,1120,18523,UTA,Central,Western
2025-2026,20251125,21,VAN,167600,Braeden Cootes,ASSIGNED_TO_OTHER,18.0,"6'0""",183.0,Canada,"Sherwood Park, AB",True,C,3,0,0,0,0.0,0.0,0.0,0.0,2.0,0.0,0,0,0,0,0,0,0,0,0,0,0,0,0,0.0,-2,0,0,0.0,1,0,0,3,1,4,0,13,5,8,38.5,0,0,0,0,0,44,38,5,1,1940,192,0,1748,VAN,Pacific,Western
2025-2026,20251125,16,DET,5555,Andrew Copp,ROSTER,31.0,"6'1""",206.0,USA,"Ann Arbor, MI",False,C,23,1,8,9,1.13,0.35,0.04,0.39,24.9,14.5,0,0,4,4,0,0,0,0,0,0,0,0,0,0.0,-9,55,26,3.8,22,11,18,14,26,20,4,186,104,82,55.9,5,10,4,8,0,477,210,122,146,19751,4032,1252,14467,DET,Atlantic,Eastern
2025-2026,20251125,23,CGY,37972,Matt Coronato,ROSTER,23.0,"5'10""",183.0,USA,"New York, NY",True,RW,23,8,6,14,2.96,0.26,0.35,0.61,7.9,17.4,2,4,0,4,0,0,0,0,0,0,2,1,0,0.0,-13,125,68,11.8,8,35,22,2,17,16,7,48,15,33,31.2,6,12,7,17,0,481,341,114,34,23617,6638,1353,15626,CGY,Pacific,Western
2025-2026,20251125,7,NJD,18224,Paul Cotter,ROSTER,26.0,"6'0""",185.0,USA,"Carton, MI",False,LW,22,1,2,3,1.0,0.09,0.05,0.14,26.3,8.7,0,0,1,1,0,0,0,0,0,0,2,0,1,50.0,-8,46,22,4.5,6,9,15,56,28,11,4,16,9,7,56.2,3,6,6,12,0,359,232,65,63,16112,2596,1077,12457,NJD,Metropolitan,Eastern
2025-2026,20251125,13,OTT,5536,Nick Cousins,ROSTER,32.0,"5'11""",183.0,Canada,"Belleville, ON",False,C,22,4,2,6,0.73,0.09,0.18,0.27,26.3,41.8,1,0,0,0,0,0,0,1,0,0,0,0,0,0.0,3,34,16,25.0,11,8,10,44,34,15,5,13,6,7,46.2,10,31,10,23,1,367,202,109,60,14116,2552,1947,9617,OTT,Atlantic,Eastern
2025-2026,20251125,6,PHI,4995,Sean Couturier,ROSTER,32.0,"6'3""",211.0,USA,"Phoenix, AZ",False,C,20,2,11,13,1.45,0.55,0.1,0.65,18.0,11.6,0,0,0,0,0,0,0,1,0,0,0,0,0,0.0,-1,62,29,6.9,13,19,14,17,14,19,10,325,168,157,51.7,4,8,3,6,0,472,209,107,158,21560,5811,960,14789,PHI,Metropolitan,Eastern
2025-2026,20251125,12,TOR,112362,Easton Cowan,ROSTER,20.0,"5'10""",170.0,Canada,"Mount Brydges, ON",True,RW,14,1,5,6,1.79,0.36,0.07,0.43,11.9,5.8,0,0,0,0,0,0,0,0,0,0,0,0,0,0.0,3,48,25,4.0,7,11,12,15,19,17,0,4,1,3,25.0,2,4,6,12,0,247,208,39,2,11896,3406,354,8097,TOR,Atlantic,Eastern
2025-2026,20251125,19,CBJ,5124,Charlie Coyle,ROSTER,33.0,"6'3""",220.0,USA,"East Weymouth, MA",False,C,23,3,11,14,1.61,0.48,0.13,0.61,22.5,5.8,1,0,1,1,0,0,0,0,0,0,1,0,1,100.0,1,65,37,8.1,13,12,16,29,14,17,10,338,171,167,50.6,2,4,3,6,0,499,245,110,145,23520,6133,1044,16241,CBJ,Metropolitan,Eastern
2025-2026,20251125,13,OTT,19086,Dylan Cozens,ROSTER,24.0,"6'3""",183.0,Canada,"Whitehorse, Yukon",True,C,22,8,8,16,2.18,0.36,0.36,0.73,33.6,17.4,2,4,4,8,0,0,0,0,0,0,0,0,0,0.0,-10,86,48,16.7,10,21,17,66,23,19,3,213,114,99,53.5,6,12,5,10,0,519,270,96,161,22940,3969,946,18081,OTT,Atlantic,Eastern
2025-2026,20251125,20,CHI,34950,Louis Crevier,ROSTER,24.0,"6'8""",214.0,Canada,"Quebec City, QC",True,D,21,2,8,10,1.1,0.38,0.1,0.48,26.1,35.9,0,0,0,0,0,0,0,0,0,0,0,0,0,0.0,7,46,23,8.7,17,13,10,29,30,14,2,0,0,0,0.0,8,27,1,5,1,402,215,43,140,17580,1072,179,16128,CHI,Central,Western
2025-2026,20251125,10,PIT,3490,Sidney Crosby,ROSTER,38.0,"5'11""",200.0,Canada,"Cole Harbour, NS",False,C,21,13,10,23,2.19,0.48,0.62,1.1,16.2,28.8,4,6,2,8,0,0,0,1,0,0,2,0,1,50.0,-3,85,46,28.3,11,17,22,17,15,23,7,417,222,195,53.2,8,24,4,8,0,464,252,144,75,24141,8119,3051,12735,PIT,Metropolitan,Eastern
2025-2026,20251125,30,UTA,5606,Lawson Crouse,ROSTER,28.0,"6'4""",220.0,Canada,"Mt. Brydges, ON",False,LW,23,4,4,8,1.7,0.17,0.17,0.35,37.0,8.7,1,0,0,0,0,0,0,1,0,0,0,0,0,0.0,3,79,39,10.3,15,16,24,63,11,15,3,22,10,12,45.5,3,6,3,6,0,488,221,99,172,20493,2417,809,17267,UTA,Central,Western
2025-2026,20251125,1,TBL,56653,Maxwell Crozier,INJURY_LIST,25.0,"5'11""",161.0,Canada,"Calgary, AB",False,D,8,0,3,3,1.75,0.38,0.0,0.38,8.2,2.9,0,0,0,0,0,0,0,0,0,0,0,0,0,0.0,3,26,14,0.0,5,9,3,10,17,5,2,0,0,0,0.0,1,2,0,0,0,149,93,12,44,6917,855,36,6026,TBL,Atlantic,Eastern
2025-2026,20251125,9,NYR,30065,William Cuylle,ROSTER,23.0,"6'3""",204.0,Canada,"Toronto, ON",True,LW,24,6,7,13,2.21,0.29,0.25,0.54,51.0,23.2,2,3,1,4,0,0,0,1,0,1,0,0,0,0.0,-6,111,53,11.3,21,30,29,86,27,8,6,25,13,12,52.0,8,16,3,6,0,581,401,113,57,25102,4945,1407,18018,NYR,Metropolitan,Eastern
2025-2026,20251125,20,CHI,34951,Colton Dach,ROSTER,22.0,"6'4""",196.0,Canada,"St. Albert, AB",True,C,22,2,2,4,1.23,0.09,0.09,0.18,42.7,33.0,0,0,1,1,0,0,0,1,0,0,0,0,0,0.0,-10,51,27,7.4,11,9,15,88,27,11,9,38,14,24,36.8,7,25,8,19,1,399,276,58,67,16854,2660,624,13555,CHI,Central,Western
2025-2026,20251125,14,MTL,17199,Kirby Dach,ROSTER,24.0,"6'4""",212.0,Canada,"Fort Saskatchewan, AB",False,C,15,5,2,7,1.47,0.13,0.33,0.47,21.3,23.2,1,0,1,1,0,0,0,0,0,0,0,0,0,0.0,-2,44,22,22.7,15,7,15,21,19,8,8,107,46,61,43.0,8,16,6,12,0,266,149,58,64,12622,1855,768,9999,MTL,Atlantic,Eastern
2025-2026,20251125,7,NJD,4787,Evgenii Dadonov,ROSTER,36.0,"5'11""",189.0,Russia,Chelyabinsk,False,LW,5,0,0,0,1.4,0.0,0.0,0.0,4.3,0.0,0,0,0,0,0,0,0,0,0,0,0,0,0,0.0,-1,13,7,0.0,4,4,2,2,5,5,2,0,0,0,0.0,0,0,0,0,0,72,38,17,17,3318,702,358,2258,NJD,Metropolitan,Eastern
2025-2026,20251125,15,BUF,14524,Rasmus Dahlin,ROSTER,25.0,"6'3""",193.0,Sweden,Trollhättan,False,D,19,1,15,16,2.37,0.79,0.05,0.84,26.7,17.4,0,1,5,6,0,0,0,0,0,0,1,0,0,0.0,-4,120,45,2.2,24,49,26,14,27,39,9,0,0,0,0.0,6,12,7,14,0,537,307,71,160,27797,3648,1605,22544,BUF,Atlantic,Eastern
2025-2026,20251125,28,LAK,5487,Phillip Danault,ROSTER,32.0,"6'1""",201.0,Canada,"Victoriaville, QC",False,C,23,0,4,4,1.57,0.17,0.0,0.17,14.3,8.7,0,0,0,0,0,1,1,0,0,0,0,0,0,0.0,2,69,36,0.0,8,19,14,19,20,19,3,325,172,153,52.9,3,6,7,14,0,459,204,153,102,23211,4537,2128,16546,LAK,Pacific,Western
2025-2026,20251125,15,BUF,30085,Justin Danforth,ROSTER,32.0,"5'9""",185.0,Canada,"Oshawa, ON",True,RW,4,0,0,0,0.5,0.0,0.0,0.0,4.7,2.9,0,0,0,0,0,0,0,0,0,0,0,0,0,0.0,-2,6,2,0.0,4,3,1,3,2,3,0,31,17,14,54.8,1,2,0,0,0,71,31,9,31,2809,362,109,2338,BUF,Atlantic,Eastern
2025-2026,20251125,16,DET,111584,Nate Danielson,ROSTER,21.0,"6'2""",185.0,Canada,"Edmonton, AB",True,C,8,1,2,3,1.5,0.25,0.12,0.38,3.4,0.0,0,0,1,1,0,0,0,0,0,0,0,0,0,0.0,1,21,12,8.3,3,5,4,2,5,8,3,56,17,39,30.4,0,0,2,4,0,130,92,14,25,5500,603,0,4897,DET,Atlantic,Eastern
2025-2026,20251125,1,TBL,18311,Charle-Edouard D’Astous,ROSTER,27.0,"6'2""",204.0,Canada,"Rimouski, QC",False,D,15,1,5,6,0.8,0.33,0.07,0.4,21.4,24.5,0,0,1,1,0,0,0,1,0,0,0,0,0,0.0,-6,33,12,8.3,16,14,7,19,38,9,7,0,0,0,0.0,6,15,3,9,1,332,183,84,67,15566,2582,1081,11907,TBL,Atlantic,Eastern
2025-2026,20251125,14,MTL,56480,Jared Davidson,ROSTER,23.0,"6'0""",181.0,Canada,"Edmonton, AB",False,C,4,0,0,0,1.5,0.0,0.0,0.0,3.4,2.9,0,0,0,0,0,0,0,0,0,0,0,0,0,0.0,-1,10,6,0.0,0,3,1,9,5,2,1,1,0,1,0.0,1,2,0,0,0,51,48,2,2,2164,490,97,1585,MTL,Atlantic,Eastern
2025-2026,20251125,8,NYI,5424,Tony DeAngelo,ROSTER,30.0,"5'11""",180.0,USA,"Sewell, New Jersey",False,D,23,1,7,8,1.78,0.3,0.04,0.35,21.5,33.0,0,0,0,0,0,0,0,0,0,0,0,0,0,0.0,-3,81,41,2.4,19,24,16,12,16,30,2,0,0,0,0.0,7,25,2,7,1,498,301,125,73,23944,3743,2797,17404,NYI,Metropolitan,Eastern
2025-2026,20251125,16,DET,13688,Alex DeBrincat,ROSTER,27.0,"5'7""",165.0,USA,"Farmington Hills, MI",False,RW,23,11,14,25,3.83,0.61,0.48,1.09,11.3,5.8,3,6,3,9,0,0,0,2,0,1,2,1,0,0.0,-2,163,88,12.5,8,33,42,11,17,23,8,10,4,6,40.0,2,4,2,4,0,488,242,112,145,24850,5648,1588,17614,DET,Atlantic,Eastern
2025-2026,20251125,21,VAN,5609,Jake DeBrusk,ROSTER,29.0,"6'0""",188.0,Canada,"Edmonton, AB",False,LW,23,8,4,12,2.91,0.17,0.35,0.52,15.7,5.8,2,7,1,8,0,0,0,0,0,0,2,1,1,50.0,-8,104,67,11.9,10,12,25,18,20,16,2,13,6,7,46.2,2,4,4,8,0,504,220,115,177,24823,5802,1427,17662,VAN,Pacific,Western
2025-2026,20251125,19,CBJ,53014,Luca Del Bel Belluz,ASSIGNED_TO_MINORS,22.0,"6'1""",179.0,Canada,"Woodbridge, ON",True,C,7,0,1,1,0.86,0.14,0.0,0.14,4.9,2.9,0,0,0,0,0,0,0,0,0,0,0,0,0,0.0,0,9,6,0.0,5,2,1,1,4,0,2,34,10,24,29.4,1,2,1,2,0,86,69,8,9,4023,448,194,3381,CBJ,Metropolitan,Eastern
2025-2026,20251125,26,SJS,14536,Ty Dellandrea,ROSTER,25.0,"6'0""",184.0,Canada,"Toronto, ON",True,C,23,2,6,8,1.09,0.26,0.09,0.35,39.0,8.7,0,0,0,0,1,1,2,0,0,0,0,0,0,0.0,-4,47,25,8.0,16,12,10,66,28,8,4,270,138,132,51.1,3,6,9,18,0,431,238,90,105,19686,2716,1486,15484,SJS,Pacific,Western
2025-2026,20251125,20,CHI,39063,Ethan Del Mastro,ASSIGNED_TO_MINORS,22.0,"6'4""",210.0,Canada,"Burlington, ON",True,D,1,0,0,0,1.0,0.0,0.0,0.0,4.0,0.0,0,0,0,0,0,0,0,0,0,0,0,0,0,0.0,-1,1,1,0.0,2,0,0,6,5,1,0,0,0,0,0.0,0,0,0,0,0,25,16,1,8,1055,123,0,932,CHI,Central,Western
2025-2026,20251125,2,WPJ,5822,Dylan DeMelo,ROSTER,32.0,"6'0""",191.0,Canada,"London, ON",False,D,21,1,8,9,0.71,0.38,0.05,0.43,44.6,26.1,0,0,0,0,0,1,1,0,0,0,0,0,0,0.0,6,44,15,6.7,39,18,11,26,33,24,5,0,0,0,0.0,9,18,5,10,0,587,320,120,148,27185,5981,960,20244,WPG,,
2025-2026,20251125,14,MTL,142498,Ivan Demidov,ROSTER,,,,,,False,RW,21,4,13,17,1.14,0.62,0.19,0.81,10.7,14.5,1,1,5,6,0,0,0,1,0,0,2,1,0,0.0,2,59,24,16.7,9,14,21,7,21,18,7,0,0,0,0.0,5,10,4,8,0,355,309,42,8,18279,3889,591,13799,MTL,Atlantic,Eastern
2025-2026,20251125,26,SJS,18276,Vincent Desharnais,ROSTER,29.0,"6'6""",209.0,Canada,"Laval, QC",False,D,19,0,2,2,0.58,0.11,0.0,0.11,37.5,31.6,0,0,0,0,0,0,0,0,0,0,0,0,0,0.0,3,32,11,0.0,31,15,6,26,25,16,2,0,0,0,0.0,7,30,3,6,0,379,201,43,135,18916,1567,445,16904,SJS,Pacific,Western
2025-2026,20251125,30,UTA,13721,Nick DeSimone,ROSTER,31.0,"6'2""",190.0,USA,"East Amherst, NY",False,D,8,2,1,3,1.5,0.12,0.25,0.38,8.3,0.0,0,0,0,0,0,0,0,1,0,0,0,0,0,0.0,1,18,12,16.7,8,3,3,3,23,9,1,0,0,0,0.0,0,0,0,0,0,184,119,38,29,7947,991,723,6233,UTA,Central,Western
2025-2026,20251125,6,PHI,5341,Nicolas Deslauriers,ROSTER,34.0,"6'3""",219.0,Canada,"Lasalle, QC",False,LW,11,0,0,0,0.36,0.0,0.0,0.0,17.3,30.0,0,0,0,0,0,0,0,0,0,0,0,0,0,0.0,-2,11,4,0.0,3,4,3,39,6,5,1,1,1,0,100.0,3,15,3,15,3,121,68,27,26,5453,989,443,4021,PHI,Metropolitan,Eastern
2025-2026,20251125,4,FLO,56439,Jack Devine,ROSTER,22.0,"5'11""",177.0,USA,"Glencoe, IL",False,RW,3,0,0,0,1.33,0.0,0.0,0.0,1.5,0.0,0,0,0,0,0,0,0,0,0,0,0,0,0,0.0,-2,7,4,0.0,0,1,2,4,1,1,0,0,0,0,0.0,0,0,0,0,0,39,27,6,6,1608,338,35,1235,FLA,,
2025-2026,20251125,10,PIT,18082,Connor Dewar,ROSTER,26.0,"5'10""",170.0,Canada,"The Pas, MB",False,C,21,4,3,7,1.81,0.14,0.19,0.33,24.1,5.8,1,0,0,0,0,0,0,1,0,0,0,0,0,0.0,-1,67,38,10.5,9,14,15,43,29,9,4,7,2,5,28.6,2,4,7,17,0,406,222,84,96,17278,2706,934,13340,PIT,Metropolitan,Eastern
2025-2026,20251125,20,CHI,9073,Jason Dickinson,ROSTER,30.0,"6'2""",200.0,Canada,"Georgetown, ON",False,C,9,1,2,3,1.22,0.22,0.11,0.33,10.4,5.8,0,0,0,0,0,0,0,0,0,0,0,0,0,0.0,-1,26,11,9.1,7,8,7,11,8,10,3,141,76,65,53.9,2,4,0,0,0,195,94,46,57,7890,1182,379,6328,CHI,Central,Western
2025-2026,20251125,26,SJS,142718,Sam Dickinson,ROSTER,,,,,,False,D,17,1,1,2,1.06,0.06,0.06,0.12,16.0,8.7,0,0,0,0,0,0,0,0,0,0,0,0,0,0.0,-1,34,18,5.6,12,12,4,14,20,14,4,0,0,0,0.0,3,6,2,4,0,301,259,17,27,14661,1541,70,13053,SJS,Pacific,Western
2025-2026,20251125,7,NJD,5103,Brenden Dillon,ROSTER,35.0,"6'4""",225.0,Canada,"New Westminster, BC",False,D,22,2,5,7,0.82,0.23,0.09,0.32,55.9,21.6,0,0,0,0,0,0,0,2,0,0,0,0,0,0.0,-6,47,18,11.1,39,17,12,56,24,8,5,0,0,0,0.0,5,13,4,11,1,508,273,58,177,25003,6105,1078,17729,NJD,Metropolitan,Eastern
2025-2026,20251125,15,BUF,37981,Josh Doan,ROSTER,23.0,"6'1""",183.0,USA,"Scottsdale, AZ",True,RW,22,7,8,15,2.59,0.36,0.32,0.68,14.3,11.6,2,2,2,4,0,0,0,1,0,0,0,0,0,0.0,-3,92,57,12.3,6,17,17,24,29,21,15,3,2,1,66.7,4,8,7,14,0,472,316,107,57,20623,4031,705,15887,BUF,Atlantic,Eastern
2025-2026,20251125,14,MTL,14535,Noah Dobson,ROSTER,25.0,"6'4""",184.0,Canada,"Summerside, PE",False,D,21,3,12,15,1.86,0.57,0.14,0.71,41.5,14.5,1,0,2,2,0,0,0,1,0,0,0,0,0,0.0,2,83,39,7.7,43,26,18,8,41,27,6,0,0,0,0.0,5,10,1,2,0,534,288,109,140,28638,3152,1204,24282,MTL,Atlantic,Eastern
2025-2026,20251125,12,TOR,5412,Max Domi,ROSTER,30.0,"5'10""",192.0,Canada,"Winnipeg, MB",False,C,22,3,3,6,1.64,0.14,0.14,0.27,16.6,20.3,1,0,2,2,0,0,0,1,0,0,0,0,0,0.0,-12,66,36,8.3,14,17,13,11,9,23,6,179,96,83,53.6,7,14,9,20,0,392,189,136,70,17455,3323,2219,11913,TOR,Atlantic,Eastern
2025-2026,20251125,20,CHI,14137,Ryan Donato,ROSTER,29.0,"6'0""",192.0,USA,"Boston, MA",False,C,22,7,5,12,1.86,0.23,0.32,0.55,14.0,14.5,2,1,0,1,0,0,0,2,0,1,1,0,0,0.0,-2,87,41,17.1,4,15,31,28,35,18,8,112,47,65,42.0,5,10,1,2,0,440,227,119,97,20521,3622,1294,15364,CHI,Central,Western
2025-2026,20251125,142,VGK,29771,Pavel Dorofeyev,ROSTER,25.0,"6'0""",176.0,Russia,Nizhny Tagil,True,RW,22,11,5,16,2.73,0.23,0.5,0.73,11.8,8.7,3,7,2,9,0,0,0,1,1,0,1,0,1,100.0,-3,129,60,18.3,9,36,33,10,19,20,3,0,0,0,0.0,3,6,4,8,0,436,286,149,13,23627,6945,2982,13659,VGK,Pacific,Western
2025-2026,20251125,28,LAK,4510,Drew Doughty,ROSTER,35.0,"6'1""",202.0,Canada,"London, ON",False,D,19,2,6,8,1.26,0.32,0.11,0.42,31.0,5.8,0,0,0,0,0,1,1,0,0,0,0,0,0,0.0,7,68,24,8.3,30,30,14,11,24,25,7,0,0,0,0.0,2,4,1,2,0,488,248,95,147,25700,6234,1223,18241,LAK,Pacific,Western
2025-2026,20251125,1,TBL,38444,Curtis Douglas,ROSTER,25.0,"6'9""",248.0,Canada,"Oakville, ON",True,C,16,0,2,2,0.56,0.12,0.0,0.12,11.2,75.8,0,0,0,0,0,0,0,0,0,0,0,0,0,0.0,2,21,9,0.0,5,3,9,18,5,3,1,2,1,1,50.0,10,51,7,29,5,149,88,22,39,5508,800,28,4680,TBL,Atlantic,Eastern
2025-2026,20251125,5,WSH,9007,Nic Dowd,ROSTER,35.0,"6'1""",195.0,USA,"Huntsville, AL",False,C,19,1,4,5,1.11,0.21,0.05,0.26,20.4,20.3,0,0,0,0,0,0,0,0,0,0,0,0,0,0.0,2,37,21,4.8,9,9,7,33,22,9,6,245,123,122,50.2,7,14,5,10,0,398,174,124,99,17244,3281,1456,12731,WSH,Metropolitan,Eastern
2025-2026,20251125,24,EDM,5417,Leon Draisaitl,ROSTER,30.0,"6'2""",208.0,Germany,Köln,False,C,24,14,14,28,2.46,0.58,0.58,1.17,11.1,8.7,4,7,5,12,0,0,0,1,0,1,2,0,2,100.0,6,114,59,23.7,7,21,34,13,17,39,9,387,221,166,57.1,3,6,4,8,0,561,272,134,156,32398,8533,2319,21144,EDM,Pacific,Western
2025-2026,20251125,8,NYI,5230,Jonathan Drouin,ROSTER,30.0,"6'0""",203.0,Canada,"Ste-Agathe, QC",False,LW,22,3,11,14,1.32,0.5,0.14,0.64,10.8,16.4,1,0,3,3,0,0,0,0,0,0,1,1,0,0.0,6,64,29,10.3,10,11,23,5,10,11,4,59,28,31,47.5,3,17,6,14,0,463,233,122,111,24227,6168,1444,16615,NYI,Metropolitan,Eastern
2025-2026,20251125,22,COL,14565,Jack Drury,ROSTER,25.0,"5'11""",174.0,USA,"Winnetka, IL",True,C,22,4,5,9,1.32,0.23,0.18,0.41,19.5,17.4,1,0,0,0,0,0,0,0,0,0,0,0,0,0.0,6,57,29,13.8,18,8,20,9,37,10,3,292,152,140,52.1,6,12,5,10,0,462,262,135,69,20043,3599,2321,14123,COL,Central,Western
2025-2026,20251125,6,PHI,27448,Jamie Drysdale,ROSTER,23.0,"5'11""",187.0,Canada,"Toronto, ON",True,D,21,2,6,8,0.95,0.29,0.1,0.38,27.8,17.2,0,0,0,0,0,0,0,1,0,0,0,0,0,0.0,-6,66,20,10.0,29,30,16,5,31,13,3,0,0,0,0.0,4,16,4,8,0,557,445,71,45,27391,4070,444,22833,PHI,Metropolitan,Eastern
2025-2026,20251125,5,WSH,13710,Pierre-Luc Dubois,ROSTER,27.0,"6'3""",218.0,Canada,"Ste-Agathe-des-Monts, QC",False,LW,6,0,0,0,1.5,0.0,0.0,0.0,4.9,2.9,0,0,0,0,0,0,0,0,0,0,0,0,0,0.0,0,19,9,0.0,3,4,6,6,7,2,1,78,33,45,42.3,1,2,2,4,0,113,61,32,20,5592,1216,935,3441,WSH,Metropolitan,Eastern
2025-2026,20251125,27,DAL,4663,Matt Duchene,ROSTER,34.0,"5'11""",195.0,Canada,"Haliburton, ON",False,C,4,1,1,2,0.75,0.25,0.25,0.5,4.3,0.0,0,1,0,1,0,0,0,1,0,0,1,0,0,0.0,0,5,3,33.3,4,2,0,2,2,1,1,23,12,11,52.2,0,0,2,4,0,72,44,15,14,3467,906,86,2475,DAL,Central,Western
2025-2026,20251125,8,NYI,5441,Anthony Duclair,ROSTER,30.0,"5'11""",198.0,Canada,"Laval, QC",False,LW,23,3,4,7,1.13,0.17,0.13,0.3,15.1,5.8,1,1,0,1,0,0,0,0,0,0,1,0,0,0.0,3,49,26,11.5,16,14,9,2,8,9,3,1,1,0,100.0,2,4,2,4,0,383,177,144,65,17914,2990,2297,12578,NYI,Metropolitan,Eastern
2025-2026,20251125,5,WSH,18079,Brandon Duhaime,ROSTER,28.0,"6'0""",185.0,USA,"Parkland, FL",False,RW,23,3,1,4,0.61,0.04,0.13,0.17,33.5,31.6,1,0,0,0,0,0,0,0,0,0,0,0,0,0.0,-2,40,14,21.4,19,15,11,44,27,7,2,18,3,15,16.7,6,18,8,22,2,430,231,103,99,16940,2358,994,13801,WSH,Metropolitan,Eastern
2025-2026,20251125,10,PIT,5125,Matt Dumba,ROSTER,31.0,"6'0""",180.0,Canada,"Regina, SK",False,D,7,0,2,2,0.57,0.29,0.0,0.29,10.2,18.7,0,0,0,0,0,0,0,0,0,0,0,0,0,0.0,-1,14,4,0.0,6,7,3,13,6,6,4,0,0,0,0.0,4,11,2,7,1,127,74,27,26,6129,1030,402,4697,PIT,Metropolitan,Eastern
2025-2026,20251125,28,LAK,5310,Brian Dumoulin,ROSTER,34.0,"6'4""",207.0,USA,"Biddeford, MN",False,D,23,0,3,3,0.96,0.13,0.0,0.13,34.6,5.8,0,0,0,0,0,1,1,0,0,0,0,0,0,0.0,-4,57,22,0.0,32,20,15,16,48,33,7,0,0,0,0.0,2,4,2,4,0,534,295,93,146,26822,4544,1887,20391,LAK,Pacific,Western
2025-2026,20251125,143,SEA,5650,Vince Dunn,ROSTER,29.0,"6'0""",203.0,Canada,"Lindsay, ON",False,D,22,3,9,12,2.32,0.41,0.14,0.55,20.0,20.3,1,0,5,5,0,0,0,0,0,0,0,0,0,0.0,-4,111,51,5.9,19,45,15,8,30,28,8,0,0,0,0.0,7,14,3,6,0,557,295,167,89,30040,5218,2716,21705,SEA,Pacific,Western
2025-2026,20251125,15,BUF,29977,Josh Dunne,ROSTER,26.0,"6'4""",210.0,USA,"OFallon, MO",True,C,15,1,1,2,0.8,0.07,0.07,0.13,12.2,35.9,0,0,0,0,0,0,0,0,0,0,0,0,0,0.0,-3,23,12,8.3,7,4,7,16,5,8,3,26,9,17,34.6,8,27,6,15,1,203,152,26,26,8249,838,291,7120,BUF,Atlantic,Eastern
2025-2026,20251125,30,UTA,14575,Sean Durzi,ROSTER,27.0,"6'0""",188.0,Canada,"Mississauga, ON",True,D,2,0,1,1,1.0,0.5,0.0,0.5,4.7,5.8,0,0,0,0,0,0,0,0,0,0,0,0,0,0.0,0,3,2,0.0,4,1,0,3,1,4,1,0,0,0,0.0,2,4,0,0,0,52,31,7,14,2271,34,72,2165,UTA,Central,Western
2025-2026,20251125,6,PHI,10069,Christian Dvorak,ROSTER,29.0,"6'1""",200.0,USA,"Palos, IL",False,C,21,6,8,14,1.71,0.38,0.29,0.67,12.5,11.6,2,0,0,0,0,1,1,0,0,0,0,0,0,0.0,3,58,36,16.7,9,9,13,12,13,13,3,231,129,102,55.8,4,8,3,6,0,465,213,107,151,21417,2942,1427,17048,PHI,Metropolitan,Eastern
2025-2026,20251125,17,STL,142730,Dalibor Dvorský,ROSTER,20.0,"6'1""",201.0,Slovakia,Zvolen,True,RW,13,3,1,4,1.15,0.08,0.23,0.31,15.0,2.9,1,3,0,3,0,0,0,0,0,0,0,0,0,0.0,-3,33,15,20.0,8,6,12,21,4,9,3,115,56,59,48.7,1,2,0,0,0,233,199,36,1,10982,1864,252,8866,STL,Central,Western
2025-2026,20251125,143,SEA,4505,Jordan Eberle,ROSTER,35.0,"5'11""",187.0,Canada,"Regina, SK",False,RW,22,8,6,14,2.59,0.27,0.36,0.64,17.2,14.5,2,1,4,5,0,0,0,2,0,0,3,1,0,0.0,6,101,57,14.0,10,17,27,22,23,20,6,16,8,8,50.0,5,10,1,2,0,506,262,124,119,25974,9800,1929,13886,SEA,Pacific,Western
2025-2026,20251125,28,LAK,5823,Joel Edmundson,ROSTER,32.0,"6'5""",224.0,Canada,"Brandon, MB",False,D,23,1,9,10,1.39,0.39,0.04,0.43,34.3,14.5,0,0,1,1,0,0,0,0,0,0,0,0,0,0.0,3,76,32,3.1,27,27,17,27,22,20,5,0,0,0,0.0,5,10,1,2,0,533,300,67,167,24498,3627,936,19935,LAK,Pacific,Western
2025-2026,20251125,9,NYR,39222,Adam Edstrom,ROSTER,25.0,"6'6""",210.0,Sweden,,True,C,21,2,2,4,0.81,0.1,0.1,0.19,26.4,2.9,0,0,0,0,0,0,0,1,0,0,0,0,0,0.0,3,29,17,11.8,12,5,7,42,8,8,5,2,2,0,100.0,1,2,0,0,0,293,194,59,32,12044,1836,707,9129,NYR,Metropolitan,Eastern
2025-2026,20251125,16,DET,37971,Simon Edvinsson,ROSTER,22.0,"6'4""",198.0,Sweden,Kungsbacka,True,D,21,3,3,6,1.19,0.14,0.14,0.29,52.3,52.1,1,0,0,0,0,0,0,1,0,0,0,0,0,0.0,-3,62,25,12.0,48,18,19,25,35,27,6,0,0,0,0.0,16,40,5,10,0,560,376,57,130,27136,3416,1008,22712,DET,Atlantic,Eastern
2025-2026,20251125,3,CAR,5419,Nikolaj Ehlers,ROSTER,29.0,"6'0""",172.0,Denmark,Aalborg,False,LW,22,4,10,14,2.64,0.45,0.18,0.64,5.8,8.7,1,1,4,5,0,0,0,2,0,0,0,0,0,0.0,4,126,58,6.9,4,32,36,6,11,30,7,17,6,11,35.3,3,6,3,6,0,414,211,83,124,21600,3303,1398,16899,CAR,Metropolitan,Eastern
2025-2026,20251125,142,VGK,5597,Jack Eichel,ROSTER,29.0,"6'2""",203.0,USA,"Chelmsford, MA",False,C,22,10,20,30,4.14,0.91,0.45,1.36,14.3,2.9,3,0,12,12,0,0,0,2,0,0,1,0,0,0.0,4,150,91,11.0,13,30,29,7,9,44,14,350,173,177,49.4,1,2,6,12,0,511,258,186,77,27770,5204,4828,17692,VGK,Pacific,Western
2025-2026,20251125,4,FLO,5414,Aaron Ekblad,ROSTER,29.0,"6'4""",215.0,Canada,"Windsor, ON",False,D,21,1,5,6,1.57,0.24,0.05,0.29,35.3,17.4,0,1,0,1,0,0,0,1,0,0,0,0,0,0.0,-3,81,33,3.0,29,31,17,25,16,11,7,0,0,0,0.0,6,12,1,2,0,573,236,101,237,28710,5610,1438,21662,FLA,,
2025-2026,20251125,24,EDM,5022,Mattias Ekholm,ROSTER,35.0,"6'4""",215.0,Sweden,Borlange,False,D,24,2,8,10,2.04,0.33,0.08,0.42,50.1,11.6,0,0,1,1,0,0,0,0,0,0,0,0,0,0.0,-1,110,49,4.1,48,40,21,19,32,33,11,0,0,0,0.0,4,8,3,6,0,589,346,100,137,29565,6935,1745,20480,EDM,Pacific,Western
2025-2026,20251125,26,SJS,32927,William Eklund,ROSTER,23.0,"5'10""",176.0,Sweden,Stockholm,True,LW,19,5,9,14,2.26,0.47,0.26,0.74,19.4,8.7,1,2,5,7,0,0,0,0,0,0,0,0,0,0.0,-8,92,43,11.6,15,23,26,16,19,19,5,7,0,7,0.0,3,6,6,12,0,416,277,60,84,22685,4226,571,17888,SJS,Pacific,Western
2025-2026,20251125,12,TOR,4866,Oliver Ekman-Larsson,ROSTER,34.0,"6'2""",200.0,Sweden,Karlskrona,False,D,22,3,13,16,1.45,0.59,0.14,0.73,34.2,23.2,1,0,3,3,0,0,0,0,0,0,0,0,0,0.0,4,75,32,9.4,24,25,18,34,30,37,5,0,0,0,0.0,8,16,4,8,0,619,331,138,153,27693,6782,1877,19034,TOR,Atlantic,Eastern
2025-2026,20251125,13,OTT,4723,Lars Eller,ROSTER,36.0,"6'2""",205.0,Denmark,Rødovre,False,C,22,2,4,6,0.95,0.18,0.09,0.27,19.0,5.8,0,0,0,0,1,0,1,0,0,0,0,0,0,0.0,-4,46,21,9.5,15,18,7,15,27,11,3,212,125,87,59.0,2,4,3,6,0,434,198,111,127,17957,5648,1501,10808,OTT,Atlantic,Eastern
2025-2026,20251125,24,EDM,30040,Ty Emberson,ROSTER,25.0,"6'1""",195.0,USA,"Eau Claire, WI",True,D,19,1,2,3,0.79,0.11,0.05,0.16,39.1,2.9,0,0,0,0,0,0,0,1,0,0,0,0,0,0.0,0,31,15,6.7,32,13,3,28,47,14,4,0,0,0,0.0,1,2,2,4,0,365,215,82,65,17749,2927,2143,12523,EDM,Pacific,Western
2025-2026,20251125,25,MIN,5615,Joel Eriksson Ek,ROSTER,28.0,"6'1""",210.0,Sweden,Karlstad,False,C,23,4,11,15,3.0,0.48,0.17,0.65,25.7,17.4,1,2,4,6,0,0,0,0,0,0,0,0,0,0.0,-1,114,69,5.8,12,21,24,40,21,11,6,493,258,235,52.3,6,12,6,12,0,479,224,148,111,27395,6375,1872,19146,MIN,Central,Western
2025-2026,20251125,27,DAL,11673,Adam Erne,ROSTER,30.0,"6'1""",212.0,USA,"New Haven, CT",False,LW,14,2,1,3,0.79,0.07,0.14,0.21,22.7,2.9,0,0,0,0,0,0,0,0,0,0,0,0,0,0.0,1,26,11,18.2,7,5,10,44,6,4,1,5,2,3,40.0,1,2,1,2,0,192,113,63,17,8082,1897,931,5207,DAL,Central,Western
2025-2026,20251125,18,NSH,28523,Luke Evangelista,ROSTER,23.0,"5'11""",166.0,Canada,"Oakville, ON",True,RW,21,2,9,11,2.33,0.43,0.1,0.52,5.5,11.6,0,1,3,4,0,0,0,0,0,0,1,1,0,0.0,-1,84,49,4.1,4,10,25,5,27,22,7,0,0,0,0.0,4,8,7,14,0,385,268,71,49,20063,3452,869,15744,NSH,Central,Western
2025-2026,20251125,14,MTL,17548,Jake Evans,ROSTER,29.0,"6'0""",190.0,Canada,"Toronto, ON",False,C,21,3,4,7,1.14,0.19,0.14,0.33,25.3,11.4,1,0,0,0,1,0,1,0,0,0,0,0,0,0.0,-11,52,24,12.5,17,14,14,27,23,18,4,279,152,127,54.5,2,12,4,8,0,408,181,131,99,19833,3326,2302,14205,MTL,Atlantic,Eastern
2025-2026,20251125,143,SEA,34549,Ryker Evans,ROSTER,23.0,"5'11""",189.0,Canada,"Calgary, AB",True,D,9,2,4,6,1.0,0.44,0.22,0.67,7.6,0.0,0,0,0,0,0,0,0,0,0,0,0,0,0,0.0,4,20,9,22.2,6,5,6,6,6,10,1,0,0,0,0.0,0,0,3,6,0,186,127,24,37,9716,1069,322,8325,SEA,Pacific,Western
2025-2026,20251125,11,BOS,18068,Mikey Eyssimont,ROSTER,29.0,"6'0""",192.0,USA,"Littleton, CO",False,C,24,5,6,11,2.21,0.25,0.21,0.46,15.7,24.5,1,1,3,4,0,0,0,1,0,0,0,0,0,0.0,-7,89,53,9.4,10,16,20,18,23,17,2,3,1,2,33.3,6,15,8,19,1,377,196,91,95,16847,3483,1304,12060,BOS,Atlantic,Eastern
2025-2026,20251125,19,CBJ,9643,Dante Fabbro,ROSTER,27.0,"6'0""",189.0,Canada,"New Westminster, BC",False,D,23,1,3,4,1.0,0.13,0.04,0.17,49.9,5.8,0,0,0,0,0,0,0,0,0,0,0,0,0,0.0,-9,62,23,4.3,52,29,10,9,39,15,7,0,0,0,0.0,2,4,3,6,0,452,246,61,143,22922,2904,1273,18566,CBJ,Metropolitan,Eastern
2025-2026,20251125,25,MIN,38005,Brock Faber,ROSTER,23.0,"6'0""",190.0,USA,"Maple Grove, MN",True,D,23,5,8,13,2.26,0.35,0.22,0.57,42.2,2.9,1,0,4,4,1,0,1,1,0,0,0,0,0,0.0,1,102,52,9.6,43,26,24,10,35,23,12,0,0,0,0.0,1,2,3,6,0,616,427,132,62,33095,6242,1992,24861,MIN,Central,Western
2025-2026,20251125,27,DAL,5116,Radek Faksa,ROSTER,31.0,"6'3""",220.0,Czech Republic,Opava,False,C,21,1,7,8,0.48,0.33,0.05,0.38,25.0,8.7,0,0,0,0,0,0,0,0,0,0,0,0,0,0.0,3,21,10,10.0,15,7,4,31,16,7,4,157,85,72,54.1,3,6,6,12,0,352,172,76,105,14389,3216,857,10316,DAL,Central,Western
2025-2026,20251125,19,CBJ,111258,Adam Fantilli,ROSTER,21.0,"6'2""",187.0,Canada,"Nobleton, ON",True,C,23,9,8,17,2.43,0.35,0.39,0.74,21.5,8.7,3,2,0,2,0,0,0,1,0,1,3,0,1,33.33,-7,129,56,16.1,14,41,32,24,17,24,10,216,110,106,50.9,3,6,5,10,0,445,368,68,16,24376,4949,746,18790,CBJ,Metropolitan,Eastern
2025-2026,20251125,23,CGY,14537,Joel Farabee,ROSTER,25.0,"6'0""",164.0,USA,"Cicero, NY",False,LW,24,5,5,10,1.88,0.21,0.21,0.42,21.3,12.9,1,1,2,3,0,0,0,0,0,0,0,0,0,0.0,-6,83,45,11.1,15,22,16,21,33,21,3,20,8,12,40.0,2,7,2,7,1,527,278,107,147,25091,4127,1776,19190,CGY,Pacific,Western
2025-2026,20251125,17,STL,5009,Justin Faulk,ROSTER,33.0,"6'0""",217.0,USA,"South St.Paul, MN",False,D,23,6,7,13,1.91,0.3,0.26,0.57,51.0,13.0,2,2,4,6,0,0,0,0,0,0,0,0,0,0.0,-1,81,44,13.6,49,25,12,19,25,16,6,0,0,0,0.0,4,10,0,0,0,658,352,122,190,32263,6536,1709,24018,STL,Central,Western
2025-2026,20251125,5,WSH,14569,Martin Fehervary,ROSTER,26.0,"6'2""",200.0,Slovakia,Bratislava,False,D,23,2,6,8,1.22,0.26,0.09,0.35,47.9,21.6,0,0,0,0,0,0,0,0,0,0,0,0,0,0.0,10,56,28,7.1,41,19,9,30,35,17,4,0,0,0,0.0,5,13,3,9,1,499,290,90,118,26102,2529,1621,21816,WSH,Metropolitan,Eastern
2025-2026,20251125,3,CAR,56335,Dominick Fensore,ASSIGNED_TO_MINORS,24.0,"5'7""",153.0,USA,"Thornwood, NY",False,D,1,0,0,0,2.0,0.0,0.0,0.0,3.1,0.0,0,0,0,0,0,0,0,0,0,0,0,0,0,0.0,-2,5,2,0.0,3,2,1,1,3,0,0,0,0,0,0.0,0,0,0,0,0,27,15,0,12,1162,46,0,1116,CAR,Metropolitan,Eastern
2025-2026,20251125,26,SJS,17138,Mario Ferraro,ROSTER,27.0,"5'11""",185.0,Canada,"King City, ON",False,D,23,1,5,6,1.04,0.22,0.04,0.26,62.0,5.8,0,0,0,0,0,0,0,0,0,0,0,0,0,0.0,0,63,24,4.2,53,27,12,39,37,29,9,0,0,0,0.0,2,4,4,8,0,530,289,56,186,28765,2745,1411,24609,SJS,Pacific,Western
2025-2026,20251125,28,LAK,5438,Kevin Fiala,ROSTER,29.0,"5'10""",193.0,Switzerland,St. Gallen,False,LW,23,9,7,16,3.04,0.3,0.39,0.7,13.1,14.5,3,2,5,7,0,0,0,2,0,0,5,1,1,20.0,-4,140,70,12.9,10,35,35,11,23,35,6,6,1,5,16.7,5,10,6,12,0,466,231,135,109,26427,6908,2772,17047,LAK,Pacific,Western
2025-2026,20251125,1,TBL,28530,Jack Finley,ROSTER,23.0,"6'6""",213.0,USA,"St. Louis, MO",True,C,9,1,1,2,0.67,0.11,0.11,0.22,6.5,5.8,0,0,0,0,0,0,0,1,0,0,0,0,0,0.0,1,10,6,16.7,1,0,4,15,3,0,0,96,44,52,45.8,2,4,2,4,0,133,83,28,23,4894,542,313,4039,TBL,Atlantic,Eastern
2025-2026,20251125,16,DET,142439,Emmitt Finnie,ROSTER,20.0,"6'1""",195.0,Canada,"Lethbridge, AB",True,C,23,5,6,11,1.65,0.26,0.22,0.48,29.4,0.0,1,1,2,3,0,0,0,1,0,0,0,0,0,0.0,3,60,38,13.2,14,7,15,45,25,25,10,18,6,12,33.3,0,0,5,10,0,471,397,53,26,22570,4201,495,17874,DET,Atlantic,Eastern
2025-2026,20251125,143,SEA,142280,Oscar Fisker Mølgaard,ROSTER,,,,,,False,C,2,0,1,1,0.5,0.5,0.0,0.5,0.4,0.0,0,0,0,0,0,0,0,0,0,0,0,0,0,0.0,1,2,1,0.0,0,0,1,1,1,1,1,7,5,2,71.4,0,0,0,0,0,19,19,0,0,720,64,29,627,SEA,Pacific,Western
2025-2026,20251125,143,SEA,17180,Cale Fleury,ROSTER,27.0,"6'1""",205.0,Canada,"Carlyle, SK",False,D,4,0,1,1,0.75,0.25,0.0,0.25,4.0,10.0,0,0,0,0,0,0,0,0,0,0,0,0,0,0.0,0,9,3,0.0,2,3,3,6,7,3,1,0,0,0,0.0,1,5,2,7,1,80,52,13,15,3534,453,0,3081,SEA,Pacific,Western
2025-2026,20251125,2,WPJ,5422,Haydn Fleury,ROSTER,29.0,"6'3""",208.0,Canada,"Regina, SK",False,D,15,0,0,0,0.73,0.0,0.0,0.0,31.5,8.7,0,0,0,0,0,0,0,0,0,0,0,0,0,0.0,-5,26,11,0.0,26,7,8,22,22,11,5,0,0,0,0.0,3,6,0,0,0,296,180,54,62,13382,1268,2126,9988,WPG,,
2025-2026,20251125,28,LAK,14151,Warren Foegele,ROSTER,29.0,"6'2""",198.0,Canada,"Markham, ON",False,LW,18,4,0,4,1.22,0.0,0.22,0.22,9.4,11.6,1,0,0,0,0,0,0,0,0,0,1,0,0,0.0,2,48,22,18.2,3,11,15,18,17,18,1,10,3,7,30.0,4,8,2,4,0,326,172,97,61,14773,2637,1320,10816,LAK,Pacific,Western
2025-2026,20251125,6,PHI,28514,Tyson Foerster,ROSTER,23.0,"6'2""",194.0,Canada,"Alliston, ON",True,RW,17,7,3,10,2.06,0.18,0.41,0.59,16.7,17.2,2,1,0,1,0,0,0,1,0,0,0,0,0,0.0,5,65,35,20.0,12,13,17,16,22,10,6,2,1,1,50.0,4,16,0,0,0,405,272,109,32,18440,3505,931,14004,PHI,Metropolitan,Eastern
2025-2026,20251125,25,MIN,5055,Marcus Foligno,ROSTER,34.0,"6'3""",224.0,USA,"Buffalo, NY",False,LW,22,0,2,2,0.86,0.09,0.0,0.09,47.4,43.1,0,0,0,0,0,0,0,0,0,0,0,0,0,0.0,-9,40,19,0.0,22,9,12,74,17,11,3,4,1,3,25.0,8,30,6,18,2,365,178,95,92,17653,4316,1555,11782,MIN,Central,Western
2025-2026,20251125,20,CHI,4278,Nick Foligno,ROSTER,38.0,"6'0""",208.0,USA,"Buffalo, NY",False,LW,15,0,6,6,1.07,0.4,0.0,0.4,25.2,28.7,0,0,1,1,0,0,0,0,0,0,0,0,0,0.0,2,28,16,0.0,11,5,7,41,6,7,1,164,85,79,51.8,5,16,4,14,2,308,157,60,88,12560,3656,441,8306,CHI,Central,Western
2025-2026,20251125,21,VAN,5813,Derek Forbort,INJURY_LIST,33.0,"6'4""",219.0,USA,"Duluth, MN",False,D,2,0,0,0,0.5,0.0,0.0,0.0,4.3,2.9,0,0,0,0,0,0,0,0,0,0,0,0,0,0.0,0,1,1,0.0,4,0,0,2,8,5,0,0,0,0,0.0,1,2,0,0,0,39,20,6,13,1672,304,40,1328,VAN,Pacific,Western
2025-2026,20251125,2,WPJ,79680,Parker Ford,ASSIGNED_TO_MINORS,25.0,"5'9""",181.0,USA,"Wakefield, RI",True,C,11,0,1,1,0.64,0.09,0.0,0.09,17.3,5.8,0,0,0,0,0,0,0,0,0,0,0,0,0,0.0,-2,20,7,0.0,11,5,8,20,15,1,2,65,29,36,44.6,2,4,1,2,0,152,124,19,9,6480,1622,265,4593,WPG,,
2025-2026,20251125,18,NSH,5210,Filip Forsberg,ROSTER,31.0,"6'1""",205.0,Sweden,Ostervala,False,LW,22,9,7,16,3.14,0.32,0.41,0.73,27.9,14.5,3,0,3,3,0,0,0,0,0,0,1,0,1,100.0,-1,140,69,13.0,9,43,28,53,10,31,13,9,2,7,22.2,5,10,10,20,0,479,221,190,77,25112,4773,5537,14967,NSH,Central,Western
2025-2026,20251125,4,FLO,10072,Gustav Forsling,ROSTER,29.0,"6'0""",186.0,Sweden,Linkping,False,D,22,1,11,12,1.27,0.5,0.05,0.55,29.1,8.7,0,0,0,0,0,0,0,0,0,0,0,0,0,0.0,8,67,28,3.6,25,27,12,18,15,13,7,0,0,0,0.0,3,6,5,10,0,581,329,122,131,29126,3969,2922,22235,FLA,,
2025-2026,20251125,17,STL,4800,Cam Fowler,ROSTER,33.0,"6'2""",214.0,Canada,"Windsor, ON",False,D,23,0,9,9,1.48,0.39,0.0,0.39,23.1,5.8,0,0,5,5,0,1,1,0,0,0,0,0,0,0.0,-10,82,34,0.0,25,35,13,2,25,15,6,0,0,0,0.0,2,4,1,2,0,630,344,157,129,31123,6293,2072,22758,STL,Central,Western
2025-2026,20251125,9,NYR,17179,Adam Fox,ROSTER,27.0,"5'11""",181.0,USA,"Jericho, NY",False,D,24,3,18,21,2.04,0.75,0.12,0.88,41.1,14.5,1,1,5,6,0,1,1,1,0,0,0,0,0,0.0,1,134,49,6.1,40,61,25,14,38,29,17,0,0,0,0.0,5,10,4,8,0,632,325,201,89,34903,6598,3048,24320,NYR,Metropolitan,Eastern
2025-2026,20251125,5,WSH,120029,Ethan Frank,ROSTER,27.0,"5'11""",185.0,USA,"Papillion, NE",True,C,12,3,5,8,1.5,0.42,0.25,0.67,9.0,11.6,1,1,1,2,0,0,0,0,0,0,0,0,0,0.0,4,30,18,16.7,8,9,3,5,10,3,2,1,0,1,0.0,4,8,3,6,0,193,158,28,8,7854,2283,98,5601,WSH,Metropolitan,Eastern
2025-2026,20251125,24,EDM,9655,Trent Frederic,ROSTER,27.0,"6'2""",203.0,USA,"St. Louis, MO",False,C,24,2,0,2,1.17,0.0,0.08,0.08,31.2,33.0,0,0,0,0,0,0,0,1,0,0,0,0,0,0.0,-7,49,28,7.1,9,14,7,62,20,9,0,46,24,22,52.2,7,25,5,13,1,372,195,126,48,17726,3639,2131,11692,EDM,Pacific,Western
2025-2026,20251125,23,CGY,13642,Morgan Frost,ROSTER,26.0,"5'11""",170.0,Canada,"Barrie, ON",False,C,24,5,8,13,1.88,0.33,0.21,0.54,16.0,20.3,1,0,3,3,0,0,0,1,0,0,4,0,2,50.0,0,76,45,11.1,12,17,14,14,8,12,4,323,176,147,54.5,7,14,2,4,0,480,239,126,122,23161,5007,2121,16252,CGY,Pacific,Western
2025-2026,20251125,4,FLO,13855,Jonah Gadjovich,ROSTER,27.0,"6'2""",200.0,Canada,"Whitby, ON",False,LW,10,0,3,3,0.8,0.3,0.0,0.3,13.9,12.9,0,0,0,0,0,0,0,0,0,0,0,0,0,0.0,2,12,8,0.0,3,4,0,30,10,3,3,0,0,0,0.0,2,7,1,5,1,112,78,30,4,4766,977,768,3021,FLA,,
2025-2026,20251125,14,MTL,5149,Brendan Gallagher,ROSTER,33.0,"5'9""",186.0,Canada,"Edmonton, AB",False,RW,21,1,8,9,1.57,0.38,0.05,0.43,10.0,14.5,0,1,1,2,0,0,0,0,0,0,0,0,0,0.0,0,59,33,3.0,2,14,12,22,18,10,4,3,3,0,100.0,5,10,5,10,0,364,199,92,74,16853,4958,1362,10533,MTL,Atlantic,Eastern
2025-2026,20251125,21,VAN,5718,Conor Garland,ROSTER,29.0,"5'10""",165.0,USA,"Scituate, MA",False,RW,19,5,8,13,2.42,0.42,0.26,0.68,11.7,18.7,1,1,4,5,0,0,0,1,0,0,1,0,0,0.0,1,88,46,10.9,8,17,25,12,30,24,7,16,5,11,31.2,4,11,5,13,1,431,180,102,154,22904,3837,1202,17865,VAN,Pacific,Western
2025-2026,20251125,8,NYI,53056,Marc Gatcomb,ASSIGNED_TO_MINORS,26.0,"6'2""",194.0,USA,"Woburn, MA",True,C,1,0,0,0,1.0,0.0,0.0,0.0,2.6,0.0,0,0,0,0,0,0,0,0,0,0,0,0,0,0.0,0,1,1,0.0,0,0,0,7,1,0,0,0,0,0,0.0,0,0,0,0,0,12,4,0,8,513,59,0,454,NYI,Metropolitan,Eastern
2025-2026,20251125,6,PHI,120274,Jacob Gaucher,ASSIGNED_TO_MINORS,24.0,"6'3""",185.0,Canada,"Longueuil, QC",True,C,3,0,0,0,1.0,0.0,0.0,0.0,1.6,0.0,0,0,0,0,0,0,0,0,0,0,0,0,0,0.0,-1,4,3,0.0,1,0,1,2,1,2,0,19,9,10,47.4,0,0,1,2,0,38,28,2,8,1578,205,120,1253,PHI,Metropolitan,Eastern
2025-2026,20251125,26,SJS,5737,Adam Gaudette,ROSTER,29.0,"6'1""",170.0,USA,"Braintree, MA",False,RW,19,5,1,6,1.37,0.05,0.26,0.32,10.3,14.5,1,1,0,1,0,0,0,1,0,0,0,0,0,0.0,-4,48,26,19.2,4,13,9,18,15,7,4,71,34,37,47.9,5,10,2,4,0,300,158,74,73,13314,2160,707,10447,SJS,Pacific,Western
2025-2026,20251125,143,SEA,10097,Frederick Gaudreau,ROSTER,32.0,"6'0""",179.0,Canada,"Granby, QC",False,C,9,0,2,2,0.78,0.22,0.0,0.22,7.4,2.9,0,0,0,0,0,0,0,0,0,0,1,0,1,100.0,1,18,7,0.0,7,4,7,3,5,6,3,116,42,74,36.2,1,2,1,2,0,196,81,49,67,7868,1995,578,5416,SEA,Pacific,Western
2025-2026,20251125,19,CBJ,5847,Brendan Gaunce,ROSTER,31.0,"6'2""",217.0,Canada,"Sudbury, ON",False,C,2,0,1,1,1.5,0.5,0.0,0.5,2.9,5.8,0,0,0,0,0,0,0,0,0,0,0,0,0,0.0,-1,5,3,0.0,2,0,2,3,0,0,0,11,9,2,81.8,2,4,1,2,0,33,16,8,9,1396,317,145,934,CBJ,Metropolitan,Eastern
2025-2026,20251125,29,ANA,56588,Cutter Gauthier,ROSTER,21.0,"6'3""",200.0,,"Skellefteå, Sweden",False,LW,22,13,13,26,4.41,0.59,0.59,1.18,13.5,17.4,4,3,2,5,0,0,0,2,0,1,0,0,0,0.0,13,167,97,13.4,8,33,36,17,23,20,7,34,14,20,41.2,6,12,4,8,0,496,308,51,151,23721,2446,320,20923,ANA,Pacific,Western
2025-2026,20251125,9,NYR,5754,Vladislav Gavrikov,ROSTER,30.0,"6'3""",213.0,Russia,Yaroslavl,True,D,24,3,7,10,1.42,0.29,0.12,0.42,36.6,23.2,1,0,0,0,0,0,0,0,0,0,0,0,0,0.0,7,94,34,8.8,38,44,16,7,28,26,5,0,0,0,0.0,8,16,3,6,0,638,308,121,194,33071,2787,1888,27612,NYR,Metropolitan,Eastern
2025-2026,20251125,1,TBL,43380,Conor Geekie,ASSIGNED_TO_MINORS,21.0,"6'3""",196.0,Canada,"Strathclair, MB",True,C,6,0,1,1,0.83,0.17,0.0,0.17,10.1,5.8,0,0,0,0,0,0,0,0,0,0,0,0,0,0.0,0,12,5,0.0,5,3,4,15,7,5,0,21,8,13,38.1,2,4,1,2,0,88,69,18,1,3609,818,167,2624,TBL,Atlantic,Eastern
2025-2026,20251125,11,BOS,17978,Morgan Geekie,ROSTER,27.0,"6'3""",202.0,Canada,"Strathclair, MB",False,C,24,17,6,23,2.71,0.25,0.71,0.96,25.4,11.6,5,4,3,7,0,0,0,2,0,1,0,0,0,0.0,-7,104,65,26.2,10,20,19,44,31,15,6,86,38,48,44.2,4,8,11,22,0,472,256,172,61,25519,6233,4189,15097,BOS,Atlantic,Eastern
2025-2026,20251125,15,BUF,18139,Mason Geertsen,UNDRAFTED,30.0,"6'4""",205.0,Canada,"Drayton Valley, AB",False,LW,5,0,0,0,0.2,0.0,0.0,0.0,3.0,11.4,0,0,0,0,0,0,0,0,0,0,0,0,0,0.0,-1,2,1,0.0,0,1,0,8,5,0,0,0,0,0,0.0,2,12,0,0,0,34,22,4,8,1236,240,71,925,BUF,Atlantic,Eastern
2025-2026,20251125,26,SJS,51603,Patrick Giles,ROSTER,25.0,"6'4""",201.0,USA,"Chevy Chase, MD",True,RW,3,0,1,1,0.67,0.33,0.0,0.33,2.9,0.0,0,0,0,0,0,0,0,0,0,0,0,0,0,0.0,1,5,2,0.0,2,3,0,3,3,1,0,15,9,6,60.0,0,0,0,0,0,38,21,12,5,1596,255,30,1311,SJS,Pacific,Western
2025-2026,20251125,6,PHI,14573,Adam Ginning,ASSIGNED_TO_MINORS,25.0,"6'4""",206.0,Sweden,Linköping,True,D,5,0,0,0,0.4,0.0,0.0,0.0,6.0,0.0,0,0,0,0,0,0,0,0,0,0,0,0,0,0.0,0,9,2,0.0,5,4,3,4,6,5,0,0,0,0,0.0,0,0,0,0,0,101,65,8,28,4602,418,47,4137,PHI,Metropolitan,Eastern
2025-2026,20251125,22,COL,13692,Samuel Girard,ROSTER,27.0,"5'10""",170.0,Canada,"Roberval, QC",False,D,7,0,2,2,0.57,0.29,0.0,0.29,6.9,2.9,0,0,0,0,0,0,0,0,0,0,0,0,0,0.0,5,20,4,0.0,6,10,6,4,10,5,2,0,0,0,0.0,1,2,0,0,0,152,88,19,45,7140,972,481,5687,COL,Central,Western
2025-2026,20251125,1,TBL,5254,Zemgus Girgensons,ROSTER,31.0,"6'2""",211.0,Latvia,Riga,False,C,15,4,1,5,0.93,0.07,0.27,0.33,29.1,8.7,1,0,0,0,0,0,0,0,0,0,0,0,0,0.0,-3,29,14,28.6,15,9,6,42,18,11,1,63,26,37,41.3,3,6,0,0,0,321,153,109,63,13688,3490,996,9202,TBL,Atlantic,Eastern
2025-2026,20251125,13,OTT,4394,Claude Giroux,ROSTER,37.0,"5'11""",185.0,Canada,"Hearst, ON",False,RW,22,4,10,14,1.86,0.45,0.18,0.64,11.1,5.8,1,1,3,4,0,0,0,1,0,0,0,0,0,0.0,4,67,41,9.8,4,11,15,20,4,20,6,178,125,53,70.2,2,4,2,4,0,544,272,128,148,22405,7218,1150,14037,OTT,Atlantic,Eastern
2025-2026,20251125,7,NJD,13621,Cody Glass,ROSTER,26.0,"6'2""",192.0,Canada,"Winnipeg, MB",False,C,11,4,0,4,1.82,0.0,0.36,0.36,6.5,8.7,1,1,0,1,0,0,0,0,0,0,0,0,0,0.0,1,28,20,20.0,6,3,5,3,10,9,0,103,50,53,48.5,3,6,3,6,0,190,95,52,47,7836,1169,271,6396,NJD,Metropolitan,Eastern
2025-2026,20251125,7,NJD,5268,Luke Glendening,ROSTER,36.0,"5'11""",191.0,USA,"Grand Rapids, MI",False,C,22,0,3,3,0.64,0.14,0.0,0.14,26.1,2.9,0,0,0,0,0,1,1,0,0,0,0,0,0,0.0,-4,26,14,0.0,17,5,7,29,20,6,2,259,139,120,53.7,1,2,0,0,0,368,159,126,81,13632,2582,1123,9871,NJD,Metropolitan,Eastern
2025-2026,20251125,1,TBL,28531,Gage Goncalves,ROSTER,24.0,"6'0""",165.0,Canada,"Mission, BC",True,C,22,1,4,5,0.68,0.18,0.05,0.23,21.2,5.8,0,0,1,1,0,0,0,0,0,0,0,0,0,0.0,2,40,15,6.7,12,12,13,28,25,20,4,9,3,6,33.3,2,4,5,10,0,363,232,71,62,16774,2871,434,13468,TBL,Atlantic,Eastern
2025-2026,20251125,26,SJS,5476,Barclay Goodrow,ROSTER,32.0,"6'2""",215.0,Canada,"Aurora, ON",False,C,23,1,2,3,0.87,0.09,0.04,0.13,28.8,8.7,0,0,0,0,0,0,0,0,0,0,0,0,0,0.0,-6,35,20,5.0,18,8,7,34,14,9,3,11,5,6,45.5,3,6,1,2,0,385,174,105,107,16739,2868,1734,12137,SJS,Pacific,Western
2025-2026,20251125,3,CAR,5440,Shayne Gostisbehere,ROSTER,32.0,"5'11""",180.0,USA,"Margate, FL",False,D,13,2,12,14,1.77,0.92,0.15,1.08,15.5,5.8,0,1,2,3,0,0,0,0,0,0,0,0,0,0.0,10,61,23,8.7,14,24,14,8,12,15,3,0,0,0,0.0,2,4,2,4,0,287,160,59,71,14521,3331,979,10175,CAR,Metropolitan,Eastern
2025-2026,20251125,1,TBL,5890,Yanni Gourde,ROSTER,33.0,"5'9""",173.0,Canada,"Saint-Narcisse, QC",False,C,22,3,3,6,1.55,0.14,0.14,0.27,22.3,21.7,1,0,0,0,0,0,0,0,0,0,0,0,0,0.0,1,54,34,8.8,12,8,12,31,30,21,5,208,88,120,42.3,7,16,5,10,0,478,226,115,140,21391,4657,1708,15026,TBL,Atlantic,Eastern
2025-2026,20251125,26,SJS,133812,Collin Graf,ROSTER,23.0,"6'0""",180.0,USA,"Lincoln, MA",True,RW,22,3,7,10,0.82,0.32,0.14,0.45,22.3,0.0,1,0,0,0,1,1,2,1,0,1,0,0,0,0.0,1,43,18,16.7,17,16,9,19,14,11,4,6,3,3,50.0,0,0,5,10,0,425,315,28,85,20126,2288,48,17790,SJS,Pacific,Western
2025-2026,20251125,29,ANA,5126,Mikael Granlund,ROSTER,33.0,"5'10""",185.0,Finland,Oulu,False,C,9,3,6,9,2.33,0.67,0.33,1.0,3.8,5.8,1,1,1,2,0,0,0,0,0,0,0,0,0,0.0,3,37,21,14.3,3,5,11,3,8,7,3,142,75,67,52.8,2,4,4,8,0,192,92,56,48,9246,2808,410,6061,ANA,Pacific,Western
2025-2026,20251125,10,PIT,15450,Ryan Graves,ROSTER,30.0,"6'5""",220.0,Canada,"Yarmouth, NS",False,D,7,1,0,1,1.29,0.0,0.14,0.14,14.4,5.8,0,0,0,0,0,0,0,0,0,0,0,0,0,0.0,1,18,9,11.1,14,7,2,5,9,6,0,0,0,0,0.0,2,4,1,2,0,133,77,29,28,6742,1039,883,4820,PIT,Metropolitan,Eastern
2025-2026,20251125,6,PHI,56677,Nikita Grebenkin,ROSTER,22.0,"6'2""",183.0,Russia,Serov,False,RW,12,1,2,3,0.5,0.17,0.08,0.25,10.2,24.3,0,0,0,0,0,0,0,0,0,0,0,0,0,0.0,-3,16,6,16.7,3,7,3,20,22,9,2,2,2,0,100.0,4,19,3,9,1,157,131,15,12,6903,986,91,5826,PHI,Metropolitan,Eastern
2025-2026,20251125,20,CHI,56365,Ryan Greene,ROSTER,22.0,"6'1""",179.0,Canada,"Paradise, NL and Labrador",False,C,22,2,4,6,0.91,0.18,0.09,0.27,9.5,2.9,0,0,0,0,0,0,0,0,0,0,0,0,0,0.0,5,35,20,10.0,6,8,7,11,9,10,6,189,81,108,42.9,1,2,2,4,0,466,268,48,149,20377,1913,177,18015,CHI,Central,Western
2025-2026,20251125,15,BUF,14152,Jordan Greenway,ROSTER,28.0,"6'6""",225.0,USA,"Canton, NY",False,LW,11,1,2,3,1.0,0.18,0.09,0.27,9.3,21.6,0,0,0,0,0,0,0,0,0,0,0,0,0,0.0,-7,23,11,9.1,5,6,6,13,6,5,1,13,8,5,61.5,5,13,4,11,1,236,105,27,105,9642,1556,169,7917,BUF,Atlantic,Eastern
2025-2026,20251125,4,FLO,5634,Anthony-John Greer,ROSTER,28.0,"6'3""",204.0,Canada,"Joliette, QC",False,LW,22,6,3,9,1.05,0.14,0.27,0.41,31.2,58.9,2,0,0,0,0,0,0,0,0,0,0,0,0,0.0,6,35,23,26.1,6,5,7,69,20,13,1,8,2,6,25.0,11,39,10,29,3,304,162,66,81,13029,2126,608,10295,FLA,,
2025-2026,20251125,4,FLO,15118,Noah Gregor,ROSTER,27.0,"6'0""",185.0,Canada,"Beaumont, AB",False,LW,9,0,1,1,1.11,0.11,0.0,0.11,5.0,2.9,0,0,0,0,0,0,0,0,0,0,0,0,0,0.0,0,19,10,0.0,1,3,6,11,6,3,0,15,6,9,40.0,1,2,0,0,0,109,61,21,27,4598,688,123,3787,FLA,,
2025-2026,20251125,13,OTT,28535,Ridly Greig,ROSTER,23.0,"6'0""",181.0,Canada,"Lethbridge, AB",True,C,19,2,6,8,1.58,0.32,0.11,0.42,21.0,27.5,0,0,2,2,0,0,0,0,0,0,0,0,0,0.0,-1,55,30,6.7,13,14,11,25,33,10,5,121,70,51,57.9,9,20,7,14,0,465,271,76,120,19629,3244,732,15653,OTT,Atlantic,Eastern
2025-2026,20251125,23,CGY,142358,Matvei Gridin,ASSIGNED_TO_MINORS,,,,,,False,RW,4,1,0,1,2.25,0.0,0.25,0.25,3.1,0.0,0,0,0,0,0,0,0,0,0,0,1,0,0,0.0,-3,15,9,11.1,3,4,2,1,4,6,2,4,0,4,0.0,0,0,0,0,0,76,68,8,1,3532,574,41,2917,CGY,Pacific,Western
2025-2026,20251125,7,NJD,56524,Arseni Gritsyuk,ROSTER,24.0,"5'10""",168.0,Russia,Krasnoyarsk,False,RW,22,4,6,10,2.18,0.27,0.18,0.45,14.7,14.5,1,2,1,3,0,0,0,0,0,0,1,0,0,0.0,-5,88,48,8.3,6,17,23,25,27,11,8,7,4,3,57.1,5,10,3,6,0,414,282,79,56,19489,2441,947,16042,NJD,Metropolitan,Eastern
2025-2026,20251125,6,PHI,15134,Carl Grundstrom,ASSIGNED_TO_MINORS,27.0,"6'0""",201.0,Sweden,Umeå,False,RW,1,0,0,0,0.0,0.0,0.0,0.0,1.6,0.0,0,0,0,0,0,0,0,0,0,0,0,0,0,0.0,0,1,0,0.0,1,0,1,2,3,1,0,0,0,0,0.0,0,0,0,0,0,15,7,4,4,617,113,108,396,PHI,Metropolitan,Eastern
2025-2026,20251125,20,CHI,11572,Matt Grzelcyk,ROSTER,31.0,"5'9""",174.0,USA,"Charlestown, MA",False,D,22,0,4,4,1.32,0.18,0.0,0.18,19.9,11.4,0,0,0,0,0,0,0,0,0,0,0,0,0,0.0,7,57,29,0.0,18,11,17,10,23,20,6,0,0,0,0.0,2,12,1,2,0,456,236,97,121,20633,3964,1340,15085,CHI,Central,Western
2025-2026,20251125,29,ANA,5185,Radko Gudas,ROSTER,35.0,"6'0""",205.0,Czech Republic,Prague,False,D,11,1,2,3,1.45,0.18,0.09,0.27,33.8,12.9,0,0,0,0,0,0,0,0,0,0,0,0,0,0.0,-2,36,16,6.2,21,10,10,40,20,10,4,0,0,0,0.0,2,7,2,7,1,233,141,30,64,10467,2029,708,7697,ANA,Pacific,Western
2025-2026,20251125,19,CBJ,4988,Erik Gudbranson,ROSTER,33.0,"6'5""",217.0,Canada,"Ottawa, ON",False,D,4,0,0,0,0.75,0.0,0.0,0.0,2.8,8.7,0,0,0,0,0,0,0,0,0,0,0,0,0,0.0,-2,7,3,0.0,1,3,1,5,4,3,1,0,0,0,0.0,3,6,0,0,0,75,36,8,28,3562,700,350,2303,CBJ,Metropolitan,Eastern
2025-2026,20251125,30,UTA,33436,Dylan Guenther,ROSTER,22.0,"6'2""",175.0,Canada,"Edmonton, AB",True,RW,23,9,8,17,3.39,0.35,0.39,0.74,14.9,8.7,3,2,2,4,0,0,0,4,0,2,0,0,0,0.0,1,142,78,11.5,7,27,37,23,33,26,5,23,10,13,43.5,3,6,6,12,0,483,302,58,132,24080,4011,464,19605,UTA,Central,Western
2025-2026,20251125,1,TBL,11327,Jake Guentzel,ROSTER,31.0,"5'11""",180.0,USA,"Omaha, NE",False,C,22,12,10,22,2.91,0.45,0.55,1.0,15.4,8.7,4,3,3,6,1,0,1,2,0,1,0,0,0,0.0,4,102,64,18.8,13,14,24,10,15,17,8,103,56,47,54.4,3,6,6,12,0,512,253,145,126,27385,7284,3468,16596,TBL,Atlantic,Eastern
2025-2026,20251125,14,MTL,28518,Kaiden Guhle,ROSTER,23.0,"6'2""",205.0,Canada,"Sherwood Park, AB",True,D,5,1,1,2,1.4,0.2,0.2,0.4,10.5,12.9,0,0,0,0,0,0,0,1,0,0,0,0,0,0.0,1,13,7,14.3,5,5,1,16,12,7,3,0,0,0,0.0,2,7,3,9,1,103,63,14,28,5772,629,59,5084,MTL,Atlantic,Eastern
2025-2026,20251125,1,TBL,17379,Brandon Hagel,ROSTER,27.0,"6'0""",175.0,Canada,"Saskatoon, SK",True,LW,21,11,11,22,2.95,0.52,0.52,1.05,15.6,17.4,3,1,2,3,1,0,1,3,0,0,0,0,0,0.0,10,129,62,17.7,12,24,43,13,29,26,9,29,13,16,44.8,6,12,11,22,0,503,280,154,81,24512,5973,3021,15546,TBL,Atlantic,Eastern
2025-2026,20251125,18,NSH,14446,Nicolas Hague,ROSTER,26.0,"6'6""",221.0,Canada,"Kitchener, ON",False,D,14,1,2,3,0.79,0.14,0.07,0.21,17.0,8.7,0,0,0,0,0,0,0,0,0,0,0,0,0,0.0,-10,38,11,9.1,9,18,9,24,23,12,5,0,0,0,0.0,3,6,0,0,0,336,195,43,99,16776,1982,918,13876,NSH,Central,Western
2025-2026,20251125,25,MIN,53028,Hunter Haight,ROSTER,21.0,"5'11""",174.0,Canada,"Strathroy, ON",True,C,2,0,0,0,0.0,0.0,0.0,0.0,0.7,0.0,0,0,0,0,0,0,0,0,0,0,0,0,0,0.0,-2,0,0,0.0,0,0,0,2,4,0,0,16,7,9,43.8,0,0,0,0,0,24,16,0,8,1124,111,0,1013,MIN,Central,Western
2025-2026,20251125,3,CAR,4846,Taylor Hall,ROSTER,34.0,"6'1""",205.0,Canada,"Calgary, AB",False,LW,22,5,7,12,1.64,0.32,0.23,0.55,11.7,14.5,1,0,0,0,0,0,0,0,0,0,1,0,0,0.0,7,80,36,13.9,8,24,20,12,40,18,8,16,5,11,31.2,5,10,6,12,0,381,198,102,86,18674,5605,702,12367,CAR,Metropolitan,Eastern
2025-2026,20251125,10,PIT,14581,Filip Hallander,ROSTER,25.0,"6'2""",188.0,Sweden,Sundsvall,True,C,13,1,3,4,1.69,0.23,0.08,0.31,5.6,2.9,0,0,0,0,1,0,1,1,0,0,0,0,0,0.0,4,47,22,4.5,5,13,12,3,11,12,2,2,0,2,0.0,1,2,3,6,0,234,140,56,39,10251,2053,813,7385,PIT,Metropolitan,Eastern
2025-2026,20251125,13,OTT,56572,Stephen Halliday,ROSTER,23.0,"6'3""",213.0,Canada,"Toronto, ON",False,C,3,0,1,1,0.67,0.33,0.0,0.33,1.3,0.0,0,0,1,1,0,0,0,0,0,0,0,0,0,0.0,-1,2,2,0.0,1,0,0,1,2,0,0,6,3,3,50.0,0,0,1,2,0,29,19,6,4,1128,402,0,726,OTT,Atlantic,Eastern
2025-2026,20251125,7,NJD,53065,Brian Halonen,ROSTER,26.0,"6'0""",205.0,USA,"Delano, MN",True,LW,9,1,0,1,0.44,0.0,0.11,0.11,8.5,10.0,0,0,0,0,0,0,0,1,0,0,0,0,0,0.0,-1,11,4,25.0,2,3,4,18,9,2,2,0,0,0,0.0,1,5,1,5,1,96,80,16,1,4051,1215,211,2625,NJD,Metropolitan,Eastern
2025-2026,20251125,7,NJD,4994,Dougie Hamilton,ROSTER,32.0,"6'6""",229.0,Canada,"Toronto, ON",False,D,18,4,3,7,2.5,0.17,0.22,0.39,25.0,15.9,1,2,2,4,0,0,0,1,0,0,0,0,0,0.0,-2,101,45,8.9,20,33,23,19,22,28,2,0,0,0,0.0,5,12,1,2,0,453,238,63,156,22746,5600,907,16239,NJD,Metropolitan,Eastern
2025-2026,20251125,16,DET,4915,Travis Hamonic,ROSTER,35.0,"6'2""",205.0,Canada,"St. Malo, MB",False,D,14,0,1,1,0.93,0.07,0.0,0.07,22.2,28.7,0,0,0,0,0,0,0,0,0,0,0,0,0,0.0,-9,28,13,0.0,19,12,3,14,18,11,3,0,0,0,0.0,5,16,2,10,2,293,166,44,83,12180,2428,706,9046,DET,Atlantic,Eastern
2025-2026,20251125,142,VGK,5600,Noah Hanifin,ROSTER,28.0,"6'3""",215.0,USA,"Boston, MA",False,D,12,1,3,4,2.67,0.25,0.08,0.33,20.5,2.9,0,0,1,1,0,0,0,0,0,0,0,0,0,0.0,-7,75,32,3.1,20,24,19,7,23,10,6,0,0,0,0.0,1,2,1,2,0,345,177,78,91,16502,1802,1182,13518,VGK,Pacific,Western
2025-2026,20251125,23,CGY,8966,Joel Hanley,ROSTER,34.0,"5'11""",190.0,Canada,"Keswick, ON",False,D,21,0,3,3,0.67,0.14,0.0,0.14,34.3,21.6,0,0,0,0,0,0,0,0,0,0,0,0,0,0.0,-3,47,14,0.0,32,19,14,15,48,20,4,0,0,0,0.0,5,13,1,5,1,547,292,106,149,20644,2565,2072,16007,CGY,Pacific,Western
2025-2026,20251125,29,ANA,14456,Jansen Harkins,ROSTER,28.0,"6'1""",183.0,USA,"North Vancouver, BC, Canada",True,C,12,2,0,2,0.58,0.0,0.17,0.17,22.0,8.7,0,0,0,0,0,0,0,0,0,0,0,0,0,0.0,-2,14,7,28.6,7,5,2,42,7,4,2,80,43,37,53.8,3,6,3,6,0,167,93,50,26,6547,1026,606,4915,ANA,Pacific,Western
2025-2026,20251125,27,DAL,20433,Thomas Harley,ROSTER,24.0,"6'3""",188.0,USA,"Syracuse, NY",True,D,18,1,9,10,1.17,0.5,0.06,0.56,41.9,11.6,0,0,3,3,0,0,0,0,0,0,0,0,0,0.0,-7,66,21,4.8,43,33,12,9,32,26,7,0,0,0,0.0,4,8,2,4,0,444,279,97,64,24824,3915,1502,19137,DAL,Central,Western
2025-2026,20251125,11,BOS,38615,Jordan Harris,ROSTER,25.0,"5'11""",189.0,USA,"Haverhill, MA",True,D,5,1,1,2,1.8,0.2,0.2,0.4,4.2,0.0,0,0,0,0,0,0,0,0,0,0,0,0,0,0.0,0,12,9,11.1,3,1,2,4,15,5,1,0,0,0,0.0,0,0,0,0,0,106,72,18,17,4689,1056,345,3288,BOS,Atlantic,Eastern
2025-2026,20251125,25,MIN,5522,Ryan Hartman,ROSTER,31.0,"6'0""",189.0,USA,"Hilton Head Island, SC",False,RW,20,4,3,7,2.05,0.15,0.2,0.35,24.1,8.7,1,1,0,1,0,0,0,1,0,0,0,0,0,0.0,-4,91,41,9.8,19,22,28,19,22,13,9,255,112,143,43.9,3,6,7,14,0,340,165,137,42,19178,3480,2966,12732,MIN,Central,Western
2025-2026,20251125,6,PHI,5926,Garnet Hathaway,ROSTER,34.0,"6'3""",210.0,USA,"Naples, FL",False,RW,21,0,0,0,0.43,0.0,0.0,0.0,40.9,30.3,0,0,0,0,0,0,0,0,0,0,0,0,0,0.0,-7,16,9,0.0,14,2,5,76,25,8,1,5,4,1,80.0,8,19,9,21,1,309,165,54,90,12539,1952,650,9937,PHI,Metropolitan,Eastern
2025-2026,20251125,18,NSH,5301,Erik Haula,ROSTER,34.0,"6'0""",193.0,Finland,Pori,False,LW,22,3,8,11,1.27,0.36,0.14,0.5,20.5,26.1,1,1,3,4,0,0,0,0,0,0,1,0,1,100.0,-8,59,28,10.7,10,17,14,31,18,16,7,235,123,112,52.3,9,18,2,4,0,475,210,142,127,21341,5216,1307,14976,NSH,Central,Western
2025-2026,20251125,143,SEA,12273,John Hayden,ASSIGNED_TO_MINORS,30.0,"6'3""",215.0,USA,"Chicago, IL",False,C,3,0,0,0,0.67,0.0,0.0,0.0,4.4,2.9,0,0,0,0,0,0,0,0,0,0,0,0,0,0.0,-1,5,2,0.0,2,2,1,7,0,2,1,15,6,9,40.0,1,2,0,0,0,42,19,11,12,1814,490,44,1280,SEA,Pacific,Western
2025-2026,20251125,10,PIT,5461,Kevin Hayes,ROSTER,33.0,"6'5""",216.0,USA,"Boston, MA",False,RW,6,0,1,1,1.33,0.17,0.0,0.17,4.4,0.0,0,0,0,0,0,0,0,0,0,0,0,0,0,0.0,0,12,8,0.0,2,2,2,7,3,5,0,26,9,17,34.6,0,0,0,0,0,96,53,36,7,4609,902,420,3287,PIT,Metropolitan,Eastern
2025-2026,20251125,30,UTA,14528,Barrett Hayton,ROSTER,25.0,"6'1""",190.0,Canada,"Kitchener, ON",False,C,21,2,2,4,1.52,0.1,0.1,0.19,10.2,20.1,0,0,0,0,0,0,0,0,0,0,0,0,0,0.0,1,56,32,6.2,11,9,15,1,18,14,5,240,120,120,50.0,5,18,6,12,0,444,268,122,56,19689,3437,1630,14622,UTA,Central,Western
2025-2026,20251125,1,TBL,4685,Victor Hedman,ROSTER,34.0,"6'6""",229.0,Sweden,Ornskoldsvik,False,D,15,0,12,12,1.53,0.8,0.0,0.8,27.7,5.8,0,0,6,6,0,0,0,0,0,0,0,0,0,0.0,1,73,23,0.0,28,26,24,7,10,25,5,0,0,0,0.0,2,4,5,10,0,392,215,58,119,20336,6813,1204,12319,TBL,Atlantic,Eastern
2025-2026,20251125,8,NYI,30049,Emil Heineman,ROSTER,24.0,"6'1""",185.0,Sweden,Leksand,True,LW,23,9,6,15,1.96,0.26,0.39,0.65,40.7,14.5,3,1,0,1,0,0,0,0,0,0,0,0,0,0.0,5,89,45,20.0,12,20,24,80,39,10,4,4,3,1,75.0,5,10,1,2,0,453,337,82,43,20574,3561,715,16298,NYI,Metropolitan,Eastern
2025-2026,20251125,10,PIT,10076,Danton Heinen,ROSTER,30.0,"6'1""",188.0,Canada,"Langley, BC",False,LW,6,0,0,0,1.33,0.0,0.0,0.0,8.5,2.9,0,0,0,0,0,0,0,0,0,0,0,0,0,0.0,0,17,8,0.0,7,4,5,6,3,0,0,5,2,3,40.0,1,2,0,0,0,97,44,29,24,4206,485,528,3193,PIT,Metropolitan,Eastern
2025-2026,20251125,27,DAL,13618,Miro Heiskanen,ROSTER,26.0,"6'1""",190.0,Finland,Espoo,False,D,22,3,16,19,2.27,0.73,0.14,0.86,35.5,8.7,1,1,6,7,0,0,0,1,0,0,0,0,0,0.0,2,93,50,6.0,38,28,15,4,51,26,16,0,0,0,0.0,3,6,8,16,0,557,311,168,74,34137,7531,3378,22915,DAL,Central,Western
2025-2026,20251125,28,LAK,37992,Samuel Helenius,ROSTER,22.0,"6'6""",201.0,Finland,Järvenpää,True,C,3,0,0,0,0.67,0.0,0.0,0.0,4.6,0.0,0,0,0,0,0,0,0,0,0,0,0,0,0,0.0,-1,3,2,0.0,1,0,1,10,2,1,0,13,3,10,23.1,0,0,0,0,0,30,28,0,2,1305,106,47,1152,LAK,Pacific,Western
2025-2026,20251125,29,ANA,38013,Drew Helleson,ROSTER,24.0,"6'3""",205.0,USA,"Farmington, MN",True,D,22,2,7,9,0.91,0.32,0.09,0.41,36.6,8.7,0,0,0,0,0,2,2,0,0,0,0,0,0,0.0,1,60,20,10.0,30,31,9,26,44,18,8,0,0,0,0.0,3,6,2,4,0,558,226,61,273,25060,1750,364,22946,ANA,Pacific,Western
2025-2026,20251125,24,EDM,4983,Adam Henrique,ROSTER,35.0,"6'0""",195.0,Canada,"Brantford, ON",False,C,24,2,5,7,1.54,0.21,0.08,0.29,33.9,2.9,0,0,1,1,0,0,0,0,0,0,0,0,0,0.0,-5,70,37,5.4,32,17,16,14,11,19,6,236,134,102,56.8,1,2,0,0,0,462,240,103,114,20782,6176,749,13602,EDM,Pacific,Western
2025-2026,20251125,142,VGK,5255,Tomas Hertl,ROSTER,32.0,"6'2""",215.0,Czech Republic,Prague,False,C,22,9,9,18,2.82,0.41,0.41,0.82,17.9,11.6,3,4,3,7,0,0,0,1,0,0,0,0,0,0.0,-1,112,62,14.5,10,25,25,24,19,16,8,357,217,140,60.8,4,8,6,14,0,445,193,129,132,23899,6700,1581,15523,VGK,Pacific,Western
2025-2026,20251125,25,MIN,5841,Vincent Hinostroza,ROSTER,31.0,"5'9""",173.0,USA,"Chicago, IL",False,C,22,2,3,5,1.0,0.14,0.09,0.23,12.8,5.8,0,0,1,1,0,0,0,1,0,0,0,0,0,0.0,-5,48,22,9.1,6,13,13,20,21,16,8,23,11,12,47.8,2,4,5,12,0,295,129,101,67,14989,3596,1286,10107,MIN,Central,Western
2025-2026,20251125,27,DAL,5643,Roope Hintz,ROSTER,29.0,"6'3""",220.0,Finland,Tampere,False,C,17,5,12,17,2.88,0.71,0.29,1.0,11.0,2.9,1,1,7,8,0,0,0,1,0,1,1,0,0,0.0,3,74,49,10.2,6,8,17,15,9,16,1,252,142,110,56.3,1,2,2,4,0,400,177,114,114,18519,4162,1385,12972,DAL,Central,Western
2025-2026,20251125,7,NJD,13616,Nico Hischier,ROSTER,26.0,"6'1""",175.0,Switzerland,Naters,False,C,22,7,11,18,2.18,0.5,0.32,0.82,29.6,8.7,2,0,4,4,0,0,0,0,0,0,0,0,0,0.0,6,98,48,14.6,26,27,23,17,12,20,9,446,235,211,52.7,3,6,5,10,0,548,264,138,151,27600,5036,1660,20811,NJD,Metropolitan,Eastern
2025-2026,20251125,13,OTT,38443,Hayden Hodgson,ROSTER,29.0,"6'2""",207.0,Canada,"Windsor, ON",True,RW,6,0,0,0,0.33,0.0,0.0,0.0,6.7,12.9,0,0,0,0,0,0,0,0,0,0,0,0,0,0.0,0,7,2,0.0,0,0,5,18,4,3,0,0,0,0,0.0,2,7,2,7,1,60,42,10,8,2324,410,121,1793,OTT,Atlantic,Eastern
2025-2026,20251125,17,STL,30060,Dylan Holloway,ROSTER,24.0,"6'1""",203.0,Canada,"Calgary, AB",True,LW,23,6,5,11,2.04,0.22,0.26,0.48,37.4,5.8,2,1,1,2,0,0,0,0,0,0,1,1,0,0.0,-9,100,47,12.8,15,40,13,64,31,16,4,14,9,5,64.3,2,4,4,8,0,492,321,115,62,25132,5385,2309,17438,STL,Central,Western
2025-2026,20251125,1,TBL,39074,Pontus Holmberg,ROSTER,26.0,"5'10""",175.0,Sweden,Västerås,True,RW,15,1,4,5,1.0,0.27,0.07,0.33,13.0,14.5,0,0,0,0,0,0,0,1,0,0,0,0,0,0.0,1,31,15,6.7,7,7,9,18,21,8,2,35,11,24,31.4,5,10,6,12,0,271,159,75,38,11157,2069,707,8381,TBL,Atlantic,Eastern
2025-2026,20251125,8,NYI,18114,Simon Holmstrom,ROSTER,24.0,"6'0""",193.0,Sweden,Tranas,False,RW,22,4,5,9,0.95,0.23,0.18,0.41,23.4,11.6,1,0,0,0,1,1,2,1,0,0,3,1,1,33.33,-6,49,21,19.0,24,12,16,5,18,14,4,4,2,2,50.0,4,8,6,12,0,462,278,93,96,20415,3069,1441,15980,NYI,Metropolitan,Eastern
2025-2026,20251125,142,VGK,30063,Alexander Holtz,ROSTER,23.0,"6'0""",192.0,Sweden,Stockholm,True,RW,7,0,0,0,1.71,0.0,0.0,0.0,3.4,7.2,0,0,0,0,0,0,0,0,0,0,0,0,0,0.0,-1,24,12,0.0,3,5,7,2,7,4,0,2,0,2,0.0,2,6,1,2,0,111,82,28,1,4765,1475,252,3038,VGK,Pacific,Western
2025-2026,20251125,23,CGY,111747,Samuel Honzek,ROSTER,21.0,"6'4""",186.0,Slovakia,Trencin,True,LW,18,2,2,4,1.22,0.11,0.11,0.22,18.5,2.9,0,0,0,0,0,0,0,0,0,0,0,0,0,0.0,1,42,22,9.1,6,8,12,35,14,9,1,11,6,5,54.5,1,2,3,6,0,342,286,21,37,13329,1580,76,11673,CGY,Pacific,Western
2025-2026,20251125,8,NYI,5233,Bo Horvat,ROSTER,30.0,"6'0""",215.0,Canada,"London, ON",False,C,23,14,11,25,3.43,0.48,0.61,1.09,10.6,21.5,4,3,5,8,1,0,1,3,0,0,3,1,1,33.33,13,136,79,17.7,6,29,28,14,16,26,5,416,246,170,59.1,5,20,3,6,0,549,259,169,136,28124,6041,3636,18475,NYI,Metropolitan,Eastern
2025-2026,20251125,24,EDM,56664,Isaac Howard,ASSIGNED_TO_MINORS,21.0,"5'10""",180.0,USA,"Hudson, WI",False,LW,17,2,1,3,1.12,0.06,0.12,0.18,2.0,14.5,0,0,0,0,0,0,0,0,0,0,1,1,0,0.0,-2,40,19,10.5,1,10,11,3,11,9,1,0,0,0,0.0,5,10,1,2,0,222,161,22,40,9689,1395,365,7916,EDM,Pacific,Western
2025-2026,20251125,142,VGK,14608,Brett Howden,ROSTER,27.0,"6'3""",197.0,Canada,"Calgary, AB",False,C,18,3,2,5,1.0,0.11,0.17,0.28,15.9,11.6,1,0,0,0,0,0,0,0,0,0,0,0,0,0.0,-4,32,18,16.7,4,5,9,33,22,14,3,149,83,66,55.7,4,8,8,16,0,354,178,132,47,15546,3011,2165,10441,VGK,Pacific,Western
2025-2026,20251125,21,VAN,15157,Filip Hronek,ROSTER,28.0,"6'0""",183.0,Czech Republic,Hradec Kralove,False,D,23,2,11,13,1.39,0.48,0.09,0.57,48.2,11.6,0,1,3,4,0,0,0,0,0,0,0,0,0,0.0,3,77,32,6.2,35,27,18,45,41,28,11,0,0,0,0.0,4,8,3,6,0,628,291,93,245,33670,4601,1381,27687,VAN,Pacific,Western
2025-2026,20251125,27,DAL,142430,Justin Hryckowian,ROSTER,,,,,,False,C,21,2,3,5,0.86,0.14,0.1,0.24,16.7,15.8,0,1,0,1,0,0,0,0,0,0,0,0,0,0.0,-2,31,18,11.1,7,4,9,28,21,3,6,54,32,22,59.3,3,9,6,17,1,311,265,25,21,14227,2428,44,11663,DAL,Central,Western
2025-2026,20251125,23,CGY,4987,Jonathan Huberdeau,ROSTER,32.0,"6'1""",202.0,Canada,"Saint-Jerome, QC",False,LW,19,4,8,12,1.68,0.42,0.21,0.63,13.1,30.1,1,1,1,2,0,0,0,1,0,0,1,0,0,0.0,-1,66,32,12.5,10,17,17,11,13,21,3,7,3,4,42.9,6,23,7,17,1,455,206,125,128,21775,6264,2071,13440,CGY,Pacific,Western
2025-2026,20251125,7,NJD,17125,Jack Hughes,ROSTER,24.0,"5'11""",170.0,USA,"Orlando, FL",False,C,17,10,10,20,4.06,0.59,0.59,1.18,9.7,0.0,3,1,4,5,0,0,0,2,0,1,0,0,0,0.0,3,127,69,14.5,10,34,24,2,13,35,12,153,52,101,34.0,0,0,6,12,0,387,256,70,71,21570,4060,729,16781,NJD,Metropolitan,Eastern
2025-2026,20251125,7,NJD,37969,Luke Hughes,ROSTER,22.0,"6'2""",184.0,USA,"Canton, MI",True,D,22,1,12,13,2.18,0.55,0.05,0.59,20.0,31.9,0,0,3,3,0,0,0,0,0,0,0,0,0,0.0,0,132,48,2.1,19,62,22,8,27,33,6,0,0,0,0.0,11,22,2,4,0,570,397,107,65,30341,5881,1452,22917,NJD,Metropolitan,Eastern
2025-2026,20251125,21,VAN,14530,Quinn Hughes,ROSTER,26.0,"5'10""",170.0,USA,"Orlando, FL",False,D,18,2,19,21,2.89,1.06,0.11,1.17,18.3,8.7,0,2,9,11,0,0,0,0,0,0,0,0,0,0.0,-5,132,52,3.8,20,48,32,1,11,24,5,0,0,0,0.0,3,6,9,18,0,429,247,123,61,29404,5702,5020,18682,VAN,Pacific,Western
2025-2026,20251125,25,MIN,30091,Daemon Hunt,ROSTER,23.0,"6'0""",198.0,Canada,"Brandon, MB",True,D,7,0,1,1,0.14,0.14,0.0,0.14,13.0,0.0,0,0,0,0,0,0,0,0,0,0,0,0,0,0.0,1,8,1,0.0,12,5,2,6,13,3,1,0,0,0,0.0,0,0,3,8,0,110,63,10,37,4988,528,206,4254,MIN,Central,Western
2025-2026,20251125,14,MTL,56477,Lane Hutson,ROSTER,21.0,"5'8""",158.0,USA,"Chicago, IL",False,D,21,3,15,18,1.62,0.71,0.14,0.86,34.0,0.0,1,0,3,3,0,0,0,1,0,0,0,0,0,0.0,-1,79,34,8.8,33,35,10,12,49,31,9,0,0,0,0.0,0,0,6,12,0,496,361,41,97,28739,5060,666,23013,MTL,Atlantic,Eastern
2025-2026,20251125,142,VGK,5825,Ben Hutton,ROSTER,32.0,"6'2""",206.0,Canada,"Prescott, ON",False,D,15,2,3,5,1.67,0.2,0.13,0.33,16.9,10.0,0,0,0,0,0,0,0,1,0,0,0,0,0,0.0,0,45,25,8.0,16,13,7,7,33,17,4,0,0,0,0.0,1,5,2,7,1,298,143,65,92,13389,2626,1642,9121,VGK,Pacific,Western
2025-2026,20251125,24,EDM,5562,Zach Hyman,ROSTER,33.0,"6'1""",211.0,Canada,"Toronto, ON",False,LW,5,0,2,2,2.2,0.4,0.0,0.4,8.4,2.9,0,0,0,0,0,0,0,0,0,0,0,0,0,0.0,-4,19,11,0.0,1,3,5,20,8,2,1,1,0,1,0.0,1,2,1,2,0,107,49,40,18,6337,2627,483,3227,EDM,Pacific,Western
2025-2026,20251125,2,WPJ,13690,Alex Iafallo,ROSTER,31.0,"6'0""",188.0,USA,"Eden, NY",False,LW,21,4,4,8,1.67,0.19,0.19,0.38,19.3,8.7,1,2,2,4,0,0,0,1,0,0,0,0,0,0.0,3,58,35,11.4,14,8,15,18,6,6,4,8,6,2,75.0,3,6,5,10,0,411,208,149,58,19129,4233,3180,11716,WPG,,
2025-2026,20251125,26,SJS,34832,Vincent Iorio,ASSIGNED_TO_MINORS,23.0,"6'4""",200.0,Canada,"Coquitlam, BC",True,D,6,0,0,0,0.5,0.0,0.0,0.0,6.5,5.8,0,0,0,0,0,0,0,0,0,0,0,0,0,0.0,-3,4,3,0.0,6,1,0,3,5,7,0,0,0,0,0.0,2,4,0,0,0,128,93,5,30,5880,621,36,5223,SJS,Pacific,Western
2025-2026,20251125,1,TBL,56357,Dominic James,ROSTER,23.0,"6'0""",190.0,USA,"Plymouth, MI",True,C,13,1,3,4,1.23,0.23,0.08,0.31,14.3,5.8,0,0,0,0,0,0,0,0,0,0,0,0,0,0.0,0,35,16,6.2,6,8,11,24,19,8,3,90,40,50,44.4,2,4,2,4,0,216,172,38,7,10067,2426,228,7413,TBL,Atlantic,Eastern
2025-2026,20251125,3,CAR,11413,Mark Jankowski,ROSTER,31.0,"6'4""",212.0,Canada,"Hamilton, ON",False,LW,13,1,2,3,0.54,0.15,0.08,0.23,9.6,8.7,0,0,0,0,0,0,0,1,0,0,0,0,0,0.0,3,20,7,14.3,9,4,9,4,18,4,1,124,69,55,55.6,3,6,0,0,0,203,98,52,54,8384,1197,637,6550,CAR,Metropolitan,Eastern
2025-2026,20251125,24,EDM,5827,Mattias Janmark,ROSTER,32.0,"6'1""",195.0,Sweden,Danderyd,False,C,8,0,2,2,0.75,0.25,0.0,0.25,2.0,8.7,0,0,0,0,0,0,0,0,0,0,0,0,0,0.0,-2,13,6,0.0,1,3,4,3,6,3,0,3,2,1,66.7,3,6,3,6,0,123,59,39,25,5169,1412,476,3281,EDM,Pacific,Western
2025-2026,20251125,12,TOR,5352,Calle Jarnkrok,ROSTER,34.0,"5'11""",186.0,Sweden,Gavle,False,C,16,4,0,4,1.0,0.0,0.25,0.25,7.9,5.8,1,0,0,0,0,0,0,0,0,0,0,0,0,0.0,-7,22,16,25.0,3,3,3,14,8,7,1,9,6,3,66.7,2,4,0,0,0,265,124,74,71,11368,3301,787,7280,TOR,Atlantic,Eastern
2025-2026,20251125,3,CAR,28144,Seth Jarvis,ROSTER,23.0,"5'10""",175.0,Canada,"Winnipeg, MB",True,C,22,11,7,18,3.05,0.32,0.5,0.82,15.5,8.7,3,1,0,1,2,0,2,4,0,2,2,0,1,50.0,3,105,67,16.4,9,11,27,20,40,19,14,28,13,15,46.4,3,6,5,10,0,475,313,91,83,24925,5886,1997,17246,CAR,Metropolitan,Eastern
2025-2026,20251125,11,BOS,14386,Tanner Jeannot,ROSTER,28.0,"6'2""",207.0,Canada,"Oxbow, SK",False,LW,24,2,7,9,1.33,0.29,0.08,0.38,41.4,41.6,0,0,1,1,0,0,0,0,0,0,0,0,0,0.0,-2,63,32,6.2,22,18,13,58,28,20,1,9,4,5,44.4,7,23,5,19,3,433,220,82,133,19390,3428,669,15293,BOS,Atlantic,Eastern
2025-2026,20251125,19,CBJ,5245,Boone Jenner,ROSTER,32.0,"6'2""",208.0,Canada,"Dorchester, ON",False,C,16,3,7,10,2.0,0.44,0.19,0.62,22.9,21.6,1,1,1,2,0,1,1,1,0,0,0,0,0,0.0,-7,69,32,9.4,13,17,20,30,12,11,2,91,51,40,56.0,5,13,4,11,1,303,149,74,80,15458,4395,1524,9502,CBJ,Metropolitan,Eastern
2025-2026,20251125,13,OTT,11592,Nick Jensen,ROSTER,35.0,"6'1""",196.0,USA,"Rogers, MN",False,D,22,1,5,6,0.68,0.23,0.05,0.27,27.3,8.7,0,0,0,0,0,0,0,0,0,0,0,0,0,0.0,-4,46,15,6.7,23,15,16,18,47,22,4,0,0,0,0.0,3,6,1,2,0,533,277,97,160,23237,4560,1361,17316,OTT,Atlantic,Eastern
2025-2026,20251125,25,MIN,53012,David Jiricek,ASSIGNED_TO_MINORS,21.0,"6'3""",189.0,Czech Republic,Klatovy,True,D,12,0,0,0,0.75,0.0,0.0,0.0,6.9,11.6,0,0,0,0,0,0,0,0,0,0,0,0,0,0.0,-3,26,9,0.0,6,12,5,4,18,11,3,0,0,0,0.0,4,8,0,0,0,180,129,20,31,8732,896,349,7487,MIN,Central,Western
2025-2026,20251125,16,DET,30079,Albert Johansson,ROSTER,24.0,"6'0""",168.0,Sweden,Karlstad,True,D,23,0,2,2,0.87,0.09,0.0,0.09,34.2,5.8,0,0,0,0,0,0,0,0,0,0,0,0,0,0.0,-8,66,20,0.0,29,30,16,22,33,21,5,0,0,0,0.0,2,4,6,12,0,515,326,70,119,21959,3313,1017,17629,DET,Atlantic,Eastern
2025-2026,20251125,25,MIN,4882,Marcus Johansson,ROSTER,35.0,"6'1""",205.0,Sweden,Landskrona,False,LW,23,8,11,19,1.52,0.48,0.35,0.83,10.4,8.7,2,3,2,5,0,1,1,2,0,1,0,0,0,0.0,9,67,35,22.9,7,18,13,11,22,20,9,10,5,5,50.0,3,6,2,4,0,450,217,150,91,21863,5608,2354,13901,MIN,Central,Western
2025-2026,20251125,19,CBJ,37970,Kent Johnson,ROSTER,23.0,"6'1""",168.0,Canada,"Port Moody, BC",True,C,22,2,3,5,1.82,0.14,0.09,0.23,11.9,0.0,0,0,0,0,0,0,0,0,0,0,3,1,2,66.67,-12,72,40,5.0,12,19,13,3,15,16,5,1,0,1,0.0,0,0,1,2,0,374,232,73,71,19177,4389,1092,14034,CBJ,Metropolitan,Eastern
2025-2026,20251125,15,BUF,34471,Ryan Johnson,ASSIGNED_TO_MINORS,24.0,"6'0""",170.0,USA,"Newport Beach, CA",True,D,3,0,0,0,0.0,0.0,0.0,0.0,3.4,2.9,0,0,0,0,0,0,0,0,0,0,0,0,0,0.0,0,4,0,0.0,3,2,2,2,6,2,2,0,0,0,0.0,1,2,0,0,0,34,14,7,13,1620,229,107,1284,BUF,Atlantic,Eastern
2025-2026,20251125,29,ANA,9081,Ross Johnston,ROSTER,31.0,"6'5""",235.0,Canada,"Charlottetown, PE",False,LW,21,1,4,5,0.38,0.19,0.05,0.24,26.7,77.3,0,0,0,0,0,0,0,0,0,0,0,0,0,0.0,0,22,8,12.5,6,4,10,57,19,8,1,4,1,3,25.0,10,46,7,32,6,270,143,57,72,11302,2225,391,8689,ANA,Pacific,Western
2025-2026,20251125,27,DAL,34837,Wyatt Johnston,ROSTER,22.0,"6'1""",178.0,Canada,"Toronto, ON",True,C,22,11,10,21,2.82,0.45,0.5,0.95,21.3,8.7,3,7,5,12,0,0,0,2,0,0,2,0,1,50.0,-3,115,62,17.7,20,31,22,9,26,14,6,253,129,124,51.0,3,6,4,8,0,533,369,120,50,27822,7923,1398,18198,DAL,Central,Western
2025-2026,20251125,11,BOS,13644,Henri Jokiharju,ROSTER,26.0,"6'0""",195.0,Finland,Oulu,False,D,23,0,5,5,0.87,0.22,0.0,0.22,21.9,11.6,0,0,2,2,0,0,0,0,0,0,0,0,0,0.0,-5,65,20,0.0,19,26,19,13,36,29,4,0,0,0,0.0,4,8,2,4,0,533,311,112,110,23884,4191,2504,17189,BOS,Atlantic,Eastern
2025-2026,20251125,25,MIN,18220,Ben Jones,ROSTER,26.0,"6'0""",187.0,Canada,"Waterloo, ON",False,C,11,0,0,0,0.73,0.0,0.0,0.0,13.4,0.0,0,0,0,0,0,0,0,0,0,0,0,0,0,0.0,-5,18,8,0.0,5,6,4,24,6,3,1,76,45,31,59.2,0,0,2,4,0,128,75,39,14,5899,1167,526,4208,MIN,Central,Western
2025-2026,20251125,10,PIT,15433,Caleb Jones,INJURY_LIST,28.0,"6'1""",194.0,USA,"Arlington, TX",False,D,7,0,1,1,0.71,0.14,0.0,0.14,17.2,0.0,0,0,0,0,0,0,0,0,0,0,0,0,0,0.0,1,17,5,0.0,15,6,6,10,14,4,1,0,0,0,0.0,0,0,1,2,0,144,78,22,39,7212,1036,445,5407,PIT,Metropolitan,Eastern
2025-2026,20251125,4,FLO,5243,Seth Jones,ROSTER,31.0,"6'4""",209.0,USA,"Arlington, TX",False,D,22,3,10,13,1.68,0.45,0.14,0.59,34.0,13.0,1,3,5,8,0,0,0,0,0,0,0,0,0,0.0,-5,110,37,8.1,28,34,39,24,26,28,7,0,0,0,0.0,4,10,4,8,0,614,294,119,202,31109,5510,1775,23824,FLA,,
2025-2026,20251125,17,STL,15228,Mathieu Joseph,ROSTER,28.0,"6'1""",190.0,Canada,"Chambly, QC",False,RW,17,2,4,6,1.06,0.24,0.12,0.35,20.0,2.9,0,0,0,0,1,0,1,1,0,0,0,0,0,0.0,-1,35,18,11.1,9,4,13,32,13,10,6,8,3,5,37.5,1,2,3,6,0,293,164,66,65,12885,2393,1153,9339,STL,Central,Western
2025-2026,20251125,21,VAN,13638,Pierre-Olivier Joseph,ROSTER,26.0,"6'2""",185.0,Canada,"Chambly, QC",True,D,10,0,1,1,0.9,0.1,0.0,0.1,7.4,2.9,0,0,0,0,0,0,0,0,0,0,0,0,0,0.0,-6,20,9,0.0,7,10,1,3,9,3,2,15,11,4,73.3,1,2,1,2,0,183,111,31,41,7452,850,480,6122,VAN,Pacific,Western
2025-2026,20251125,12,TOR,18183,Dakota Joshua,ROSTER,29.0,"6'2""",183.0,USA,"Dearborn, MI",False,C,22,2,3,5,0.86,0.14,0.09,0.23,41.9,14.3,0,0,0,0,0,0,0,0,0,0,0,0,0,0.0,-8,36,19,10.5,18,8,9,69,17,8,5,11,2,9,18.2,3,14,4,8,0,398,211,101,88,16298,3449,1719,11130,TOR,Atlantic,Eastern
2025-2026,20251125,18,NSH,5042,Roman Josi,ROSTER,35.0,"6'1""",201.0,Switzerland,Bern,False,D,10,1,5,6,2.9,0.5,0.1,0.6,16.2,8.7,0,0,2,2,0,0,0,0,0,0,0,0,0,0.0,-8,60,29,3.4,16,25,6,5,23,13,3,0,0,0,0.0,3,6,2,4,0,266,132,49,86,14122,4625,1139,8358,NSH,Central,Western
2025-2026,20251125,18,NSH,9636,Tyson Jost,ROSTER,27.0,"5'11""",187.0,Canada,"St. Albert, AB",False,C,17,1,2,3,1.12,0.12,0.06,0.18,14.0,5.8,0,0,0,0,0,0,0,0,0,0,0,0,0,0.0,-7,33,19,5.3,6,8,6,23,21,6,9,22,10,12,45.5,2,4,4,8,0,278,144,49,87,12705,1450,850,10403,NSH,Central,Western
2025-2026,20251125,6,PHI,5621,Noah Juulsen,ROSTER,28.0,"6'2""",193.0,Canada,"Surrey, BC",False,D,19,0,2,2,0.58,0.11,0.0,0.11,24.2,5.8,0,0,0,0,0,0,0,0,0,0,0,0,0,0.0,1,30,11,0.0,12,13,6,36,42,15,2,0,0,0,0.0,2,4,4,8,0,373,193,40,140,15585,1405,441,13791,PHI,Metropolitan,Eastern
2025-2026,20251125,23,CGY,4766,Nazem Kadri,ROSTER,35.0,"6'0""",192.0,Canada,"London, ON",False,C,24,4,14,18,3.21,0.58,0.17,0.75,13.0,11.6,1,1,6,7,0,0,0,0,0,0,2,0,2,100.0,-11,164,77,5.2,7,53,34,18,25,28,6,300,146,154,48.7,4,8,10,20,0,541,282,130,135,29081,10201,2432,16829,CGY,Pacific,Western
2025-2026,20251125,20,CHI,56352,Wyatt Kaiser,ROSTER,23.0,"6'0""",173.0,USA,"Ham Lake, MN",False,D,22,0,3,3,0.77,0.14,0.0,0.14,21.2,20.3,0,0,0,0,0,0,0,0,0,0,0,0,0,0.0,8,47,17,0.0,17,15,15,16,48,30,11,0,0,0,0.0,7,14,4,8,0,545,303,49,188,25690,2335,423,22742,CHI,Central,Western
2025-2026,20251125,143,SEA,17126,Kaapo Kakko,ROSTER,24.0,"6'3""",199.0,Finland,Turku,False,RW,7,1,0,1,1.14,0.0,0.14,0.14,2.9,5.8,0,0,0,0,0,0,0,0,0,0,1,0,0,0.0,0,18,8,12.5,2,5,5,3,2,7,1,1,0,1,0.0,2,4,2,4,0,123,67,36,15,5287,1053,464,3527,SEA,Pacific,Western
2025-2026,20251125,13,OTT,28484,Arthur Kaliyev,ASSIGNED_TO_MINORS,24.0,"6'2""",190.0,USA,"Tashkent, Uzbekistan",True,RW,2,0,1,1,2.0,0.5,0.0,0.5,0.0,0.0,0,0,1,1,0,0,0,0,0,0,0,0,0,0.0,0,8,4,0.0,0,3,1,0,0,2,0,0,0,0,0.0,0,0,0,0,0,28,14,9,5,1273,251,119,903,OTT,Atlantic,Eastern
2025-2026,20251125,21,VAN,12501,David Kampf,ROSTER,30.0,"6'2""",188.0,Czech Republic,Jirkov,False,C,2,0,0,0,1.0,0.0,0.0,0.0,2.0,0.0,0,0,0,0,0,0,0,0,0,0,0,0,0,0.0,1,4,2,0.0,1,1,1,3,1,0,0,24,12,12,50.0,0,0,1,2,0,36,18,8,10,1647,329,76,1242,VAN,Pacific,Western
2025-2026,20251125,21,VAN,4656,Evander Kane,ROSTER,34.0,"6'2""",210.0,Canada,"Vancouver, BC",False,LW,23,3,8,11,2.78,0.35,0.13,0.48,26.3,46.3,1,1,2,3,0,0,0,0,0,0,0,0,0,0.0,-6,139,64,4.7,11,40,35,44,24,21,5,15,4,11,26.7,14,36,11,22,0,477,217,141,122,24850,6250,3880,14720,VAN,Pacific,Western
2025-2026,20251125,16,DET,4265,Patrick Kane,ROSTER,37.0,"5'10""",177.0,USA,"Buffalo, NY",False,RW,14,3,9,12,2.93,0.64,0.21,0.86,4.2,5.8,1,1,5,6,0,0,0,1,0,0,0,0,0,0.0,-8,70,41,7.3,3,10,19,4,6,13,0,0,0,0,0.0,2,4,3,6,0,284,147,75,65,14545,5393,1094,8058,DET,Atlantic,Eastern
2025-2026,20251125,24,EDM,5428,Kasperi Kapanen,ROSTER,29.0,"6'1""",194.0,Finland,Kuopio,False,RW,6,0,2,2,0.67,0.33,0.0,0.33,9.6,0.0,0,0,0,0,0,0,0,0,0,0,1,1,0,0.0,-2,10,4,0.0,4,5,1,16,6,4,1,1,0,1,0.0,0,0,0,0,0,92,50,26,16,4423,1059,447,2917,EDM,Pacific,Western
2025-2026,20251125,14,MTL,37995,Oliver Kapanen,ROSTER,22.0,"6'1""",182.0,Sweden,"Sundsvall, Sweden",True,C,21,7,4,11,1.33,0.19,0.33,0.52,16.8,5.8,2,0,0,0,1,0,1,1,0,0,0,0,0,0.0,2,45,28,25.0,15,8,9,9,18,7,4,137,70,67,51.1,2,4,1,2,0,346,188,29,136,16289,1427,57,14805,MTL,Atlantic,Eastern
2025-2026,20251125,25,MIN,5730,Kirill Kaprizov,ROSTER,28.0,"5'10""",192.0,Russia,Novokuznetsk,False,LW,23,13,14,27,3.39,0.61,0.57,1.17,11.1,8.7,4,6,4,10,0,0,0,1,0,1,2,0,0,0.0,1,146,78,16.7,9,28,40,8,15,33,5,1,0,1,0.0,3,6,5,10,0,479,245,167,79,30596,7453,3143,20000,MIN,Central,Western
2025-2026,20251125,10,PIT,4660,Erik Karlsson,ROSTER,35.0,"6'0""",190.0,Sweden,Landsbro,False,D,21,1,12,13,1.9,0.57,0.05,0.62,20.6,8.7,0,0,3,3,0,0,0,0,0,0,0,0,0,0.0,7,114,40,2.5,23,45,31,0,26,33,12,0,0,0,0.0,3,6,3,6,0,520,243,164,105,29737,6472,3462,19352,PIT,Metropolitan,Eastern
2025-2026,20251125,21,VAN,39290,Linus Karlsson,ROSTER,26.0,"6'1""",178.0,Sweden,Eksjö,True,C,20,3,4,7,1.5,0.2,0.15,0.35,13.1,14.3,1,0,0,0,0,0,0,1,0,0,0,0,0,0.0,-3,59,30,10.0,5,10,19,23,13,10,2,13,3,10,23.1,3,14,5,10,0,293,172,56,68,12029,1365,871,9793,VAN,Pacific,Western
2025-2026,20251125,142,VGK,5459,William Karlsson,ROSTER,32.0,"6'0""",195.0,Sweden,Märsta,False,C,14,4,3,7,2.14,0.21,0.29,0.5,12.8,5.8,1,1,0,1,1,0,1,1,0,0,0,0,0,0.0,-1,48,30,13.3,13,10,8,3,15,11,3,158,91,67,57.6,2,4,1,2,0,274,129,99,51,12723,3172,1891,7648,VGK,Pacific,Western
2025-2026,20251125,143,SEA,37962,Tye Kartye,ROSTER,24.0,"5'11""",202.0,Canada,"Kingston, ON",True,LW,22,2,2,4,0.59,0.09,0.09,0.18,36.1,5.8,0,0,0,0,0,0,0,0,0,0,0,0,0,0.0,-2,36,13,15.4,19,12,11,51,26,13,6,6,1,5,16.7,2,4,3,6,0,371,204,58,110,15383,1372,417,13542,SEA,Pacific,Western
2025-2026,20251125,16,DET,43336,Marco Kasper,ROSTER,21.0,"6'1""",187.0,Austria,Innsbruck,True,C,23,3,0,3,1.61,0.0,0.13,0.13,37.9,30.1,1,1,0,1,0,0,0,0,0,0,0,0,0,0.0,-11,71,37,8.1,16,14,20,63,31,18,4,196,93,103,47.4,6,23,3,9,1,443,310,53,83,20187,2887,204,17096,DET,Atlantic,Eastern
2025-2026,20251125,11,BOS,13659,Mark Kastelic,ROSTER,26.0,"6'4""",223.0,USA,"Phoenix, AZ",False,C,24,4,4,8,1.42,0.17,0.17,0.33,47.3,38.9,1,0,1,1,0,0,0,1,0,0,0,0,0,0.0,3,74,34,11.8,29,16,24,57,25,11,9,188,107,81,56.9,9,29,10,23,1,463,212,170,85,19458,3011,2087,14360,BOS,Atlantic,Eastern
2025-2026,20251125,1,TBL,11818,Boris Katchouk,ASSIGNED_TO_MINORS,27.0,"6'1""",179.0,Canada,"Vancouver, BC",False,LW,3,0,0,0,0.0,0.0,0.0,0.0,3.7,0.0,0,0,0,0,0,0,0,0,0,0,0,0,0,0.0,0,1,0,0.0,2,0,1,5,4,0,0,19,7,12,36.8,0,0,0,0,0,49,21,12,16,2194,537,106,1551,TBL,Atlantic,Eastern
2025-2026,20251125,30,UTA,9633,Clayton Keller,ROSTER,27.0,"5'10""",170.0,USA,"Chesterfield, MO",False,RW,23,8,12,20,2.78,0.52,0.35,0.87,11.7,11.6,2,0,6,6,0,0,0,2,0,1,0,0,0,0.0,1,110,64,12.5,11,18,28,5,22,30,4,3,2,1,66.7,4,8,6,12,0,520,286,111,131,25952,4487,2088,19377,UTA,Central,Western
2025-2026,20251125,22,COL,15189,Parker Kelly,ROSTER,26.0,"6'0""",188.0,Canada,"Camrose, AB",False,C,22,5,5,10,1.36,0.23,0.23,0.45,33.2,14.5,1,0,0,0,1,0,1,1,0,0,0,0,0,0.0,10,50,30,16.7,15,12,8,53,18,13,2,46,18,28,39.1,5,10,5,10,0,379,184,81,119,15625,1859,1177,12589,COL,Central,Western
2025-2026,20251125,18,NSH,43362,Joakim Kemell,ROSTER,21.0,"5'10""",185.0,Finland,Jyväskylän mlk,True,RW,2,0,0,0,0.5,0.0,0.0,0.0,2.4,0.0,0,0,0,0,0,0,0,0,0,0,0,0,0,0.0,0,5,1,0.0,1,3,1,4,1,0,0,1,0,1,0.0,0,0,0,0,0,28,18,10,0,1328,512,60,756,NSH,Central,Western
2025-2026,20251125,28,LAK,11731,Adrian Kempe,ROSTER,29.0,"6'2""",201.0,Sweden,Kramfors,False,RW,23,7,13,20,3.3,0.57,0.3,0.87,29.7,23.2,2,1,4,5,0,0,0,3,0,2,5,0,2,40.0,3,173,76,9.2,14,61,36,46,20,19,9,30,12,18,40.0,8,16,3,6,0,495,264,149,91,27102,6516,3261,17710,LAK,Pacific,Western
2025-2026,20251125,23,CGY,37958,Rory Kerins,ASSIGNED_TO_MINORS,23.0,"5'10""",175.0,Canada,"Caledon, ON",True,C,2,0,0,0,0.5,0.0,0.0,0.0,3.1,0.0,0,0,0,0,0,0,0,0,0,0,0,0,0,0.0,-1,6,1,0.0,3,1,4,1,3,1,0,3,0,3,0.0,0,0,0,0,0,38,32,4,2,1902,293,106,1503,CGY,Pacific,Western
2025-2026,20251125,17,STL,38651,Matthew Kessel,ROSTER,25.0,"6'2""",205.0,USA,"Phoenix, AZ",True,D,13,1,0,1,0.54,0.0,0.08,0.08,6.3,5.8,0,0,0,0,0,0,0,0,0,0,0,0,0,0.0,-1,20,7,14.3,5,7,6,5,17,6,1,0,0,0,0.0,2,4,1,2,0,202,164,19,20,8881,1316,240,7325,STL,Central,Western
2025-2026,20251125,15,BUF,34838,Michael Kesselring,ROSTER,25.0,"6'4""",190.0,USA,"New Hampton, NH",True,D,9,0,0,0,1.11,0.0,0.0,0.0,10.7,2.9,0,0,0,0,0,0,0,0,0,0,0,0,0,0.0,-3,30,10,0.0,9,10,10,7,13,17,1,0,0,0,0.0,1,2,0,0,0,189,124,10,55,8429,631,145,7653,BUF,Atlantic,Eastern
2025-2026,20251125,11,BOS,38009,Marat Khusnutdinov,ROSTER,23.0,"5'11""",176.0,Russia,Moskva,True,C,19,3,3,6,0.89,0.16,0.16,0.32,14.2,8.7,1,0,1,1,0,0,0,1,0,1,1,0,1,100.0,-2,35,17,17.6,10,6,12,14,12,9,6,56,31,25,55.4,3,6,7,14,0,341,232,86,27,15672,3855,665,11342,BOS,Atlantic,Eastern
2025-2026,20251125,29,ANA,5165,Alex Killorn,ROSTER,36.0,"6'1""",197.0,Canada,"Halifax, NS",False,LW,22,1,6,7,1.64,0.27,0.05,0.32,17.7,5.8,0,0,1,1,0,0,0,0,0,0,0,0,0,0.0,-1,72,36,2.8,11,16,20,21,18,19,8,45,18,27,40.0,2,4,4,8,0,489,239,121,129,21895,6861,1424,13548,ANA,Pacific,Western
2025-2026,20251125,10,PIT,167594,Benjamin Kindel,ROSTER,18.0,"5'11""",181.0,Canada,"Coquitlam, BC",True,C,19,5,3,8,1.95,0.16,0.26,0.42,19.0,8.7,1,2,3,5,0,0,0,0,0,0,0,0,0,0.0,-5,70,37,13.5,17,17,16,10,28,24,4,109,51,58,46.8,3,6,3,6,0,346,286,51,8,17492,3740,870,12522,PIT,Metropolitan,Eastern
2025-2026,20251125,23,CGY,12019,Justin Kirkland,ASSIGNED_TO_MINORS,29.0,"6'3""",193.0,Canada,"Winnipeg, MB",False,C,9,0,1,1,0.56,0.11,0.0,0.11,7.5,0.0,0,0,0,0,0,0,0,0,0,0,2,1,0,0.0,-1,14,5,0.0,3,4,5,13,8,3,1,66,36,30,54.5,0,0,0,0,0,136,74,22,40,5168,670,275,4223,CGY,Pacific,Western
2025-2026,20251125,22,COL,17372,Joel Kiviranta,ROSTER,29.0,"5'10""",175.0,Finland,Vantaa,False,LW,5,0,0,0,0.6,0.0,0.0,0.0,5.2,0.0,0,0,0,0,0,0,0,0,0,0,0,0,0,0.0,1,5,3,0.0,2,2,0,9,8,4,0,2,2,0,100.0,0,0,1,4,0,80,49,14,17,3233,679,137,2417,COL,Central,Western
2025-2026,20251125,23,CGY,39261,Adam Klapka,ROSTER,25.0,"6'8""",245.0,Czech Republic,Praha,True,RW,23,2,3,5,1.04,0.13,0.09,0.22,40.9,70.5,0,0,1,1,0,0,0,0,0,0,0,0,0,0.0,0,54,24,8.3,14,14,16,76,22,5,3,11,3,8,27.3,15,47,7,23,3,325,265,43,19,14221,2731,305,11183,CGY,Pacific,Western
2025-2026,20251125,13,OTT,38006,Tyler Kleven,ROSTER,23.0,"6'4""",200.0,USA,"Fargo, ND",True,D,20,0,2,2,1.15,0.1,0.0,0.1,42.0,15.8,0,0,0,0,0,0,0,0,0,0,0,0,0,0.0,-7,48,23,0.0,36,13,12,26,35,26,4,0,0,0,0.0,3,9,3,9,1,487,318,81,88,20277,2337,1304,16636,OTT,Atlantic,Eastern
2025-2026,20251125,26,SJS,5484,John Klingberg,ROSTER,33.0,"6'3""",185.0,Sweden,Gothenburg,False,D,15,3,3,6,1.6,0.2,0.2,0.4,21.1,17.4,1,3,1,4,0,0,0,0,0,0,0,0,0,0.0,-5,57,24,12.5,19,23,10,11,24,17,2,0,0,0,0.0,6,12,1,2,0,332,179,84,72,18943,5371,1288,12284,SJS,Pacific,Western
2025-2026,20251125,12,TOR,37990,Matthew Knies,ROSTER,23.0,"6'3""",205.0,USA,"Phoenix, AZ",True,LW,19,5,17,22,2.21,0.89,0.26,1.16,26.8,11.6,1,2,0,2,0,0,0,0,0,0,0,0,0,0.0,4,65,42,11.9,9,15,8,50,11,16,5,0,0,0,0.0,4,8,5,10,0,450,334,73,49,23425,5357,1532,16538,TOR,Atlantic,Eastern
2025-2026,20251125,2,WPJ,30052,Cole Koepke,ROSTER,27.0,"6'1""",195.0,USA,"Two Harbors, MN",True,LW,16,0,2,2,0.88,0.12,0.0,0.12,23.0,11.4,0,0,0,0,0,0,0,0,0,0,0,0,0,0.0,-5,28,14,0.0,4,3,11,52,9,7,6,0,0,0,0.0,2,12,4,8,0,235,152,61,22,9570,1614,856,7100,WPG,,
2025-2026,20251125,10,PIT,32282,Ville Koivunen,ROSTER,22.0,"5'11""",161.0,Finland,Oulu,True,RW,11,0,2,2,1.18,0.18,0.0,0.18,6.6,0.0,0,0,1,1,0,0,0,0,0,0,1,0,0,0.0,-1,25,13,0.0,7,10,3,1,12,5,1,0,0,0,0.0,0,0,0,0,0,171,106,30,28,8296,1389,357,6187,PIT,Metropolitan,Eastern
2025-2026,20251125,142,VGK,17370,Keegan Kolesar,ROSTER,28.0,"6'2""",216.0,Canada,"Winnipeg, MB",True,RW,22,0,3,3,0.86,0.14,0.0,0.14,36.8,25.8,0,0,0,0,0,0,0,0,0,0,0,0,0,0.0,-8,30,19,0.0,16,5,6,60,30,12,2,10,3,7,30.0,4,14,2,10,2,352,187,101,65,14271,2683,1470,10106,VGK,Pacific,Western
2025-2026,20251125,27,DAL,30033,Vladislav Kolyachonok,ROSTER,24.0,"6'1""",189.0,Belarus,Minsk,True,D,3,0,0,0,1.33,0.0,0.0,0.0,0.9,0.0,0,0,0,0,0,0,0,0,0,0,0,0,0,0.0,-1,5,4,0.0,1,1,0,0,3,0,0,0,0,0,0.0,0,0,0,0,0,42,37,2,3,1786,407,198,1181,DAL,Central,Western
2025-2026,20251125,6,PHI,5619,Travis Konecny,ROSTER,28.0,"5'10""",175.0,Canada,"London, ON",False,RW,21,5,12,17,2.19,0.57,0.24,0.81,25.8,24.5,1,0,3,3,1,0,1,1,0,0,1,0,0,0.0,3,84,46,10.9,15,18,20,33,19,32,8,23,8,15,34.8,6,15,8,19,1,512,256,115,146,24223,3995,1432,18796,PHI,Metropolitan,Eastern
2025-2026,20251125,28,LAK,4033,Anze Kopitar,ROSTER,38.0,"6'3""",225.0,Slovenia,Jesenice,False,C,19,4,8,12,1.53,0.42,0.21,0.63,21.5,5.8,1,3,3,6,0,0,0,0,0,0,0,0,0,0.0,7,59,29,13.8,19,11,19,12,12,21,6,334,186,148,55.7,2,4,4,8,0,392,204,109,83,21201,7302,2024,11875,LAK,Pacific,Western
2025-2026,20251125,10,PIT,17958,Joona Koppanen,ROSTER,27.0,"6'5""",194.0,Finland,Tampere,False,LW,7,0,1,1,0.43,0.14,0.0,0.14,4.0,2.9,0,0,0,0,0,0,0,0,0,0,0,0,0,0.0,1,9,3,0.0,2,0,6,6,7,3,2,21,10,11,47.6,1,2,1,2,0,117,55,26,36,5146,1102,450,3594,PIT,Metropolitan,Eastern
2025-2026,20251125,142,VGK,17144,Kaedan Korczak,ROSTER,24.0,"6'3""",192.0,Canada,"Yorkton, SK",True,D,22,2,1,3,0.91,0.05,0.09,0.14,45.3,23.2,0,0,0,0,0,0,0,0,0,0,0,0,0,0.0,5,48,20,10.0,33,17,11,42,39,26,2,0,0,0,0.0,8,16,3,6,0,467,308,116,45,21108,3630,1615,15863,VGK,Pacific,Western
2025-2026,20251125,3,CAR,14526,Jesperi Kotkaniemi,ROSTER,25.0,"6'2""",198.0,Finland,Pori,False,C,15,2,3,5,1.13,0.2,0.13,0.33,19.6,0.0,0,0,0,0,0,0,0,0,0,0,0,0,0,0.0,3,29,17,11.8,11,6,6,26,16,10,2,115,54,61,47.0,0,0,4,8,0,214,110,59,47,9372,642,767,7963,CAR,Metropolitan,Eastern
2025-2026,20251125,15,BUF,34472,Tyson Kozak,ROSTER,22.0,"5'11""",173.0,Canada,"Souris, MB",True,C,16,2,2,4,0.88,0.12,0.12,0.25,28.3,2.9,0,0,0,0,0,0,0,0,0,0,0,0,0,0.0,0,26,14,14.3,12,7,5,47,15,9,4,188,88,100,46.8,1,2,2,4,0,288,202,51,37,11634,2052,289,9293,BUF,Atlantic,Eastern
2025-2026,20251125,15,BUF,17149,Peyton Krebs,ROSTER,24.0,"5'11""",180.0,Canada,"Okotoks, AB",True,C,22,0,6,6,0.95,0.27,0.0,0.27,32.9,47.4,0,0,1,1,0,0,0,0,0,0,0,0,0,0.0,-10,41,21,0.0,15,11,9,52,26,14,7,167,73,94,43.7,9,34,8,22,2,420,247,62,111,18144,1936,712,15496,BUF,Atlantic,Eastern
2025-2026,20251125,29,ANA,5104,Chris Kreider,ROSTER,34.0,"6'3""",217.0,USA,"Boxford, MA",False,LW,18,10,5,15,2.28,0.28,0.56,0.83,7.1,14.5,3,5,2,7,0,0,0,1,0,0,0,0,0,0.0,2,74,41,24.4,5,14,19,7,6,16,3,5,2,3,40.0,5,10,2,4,0,383,221,99,73,18018,6141,1125,10752,ANA,Pacific,Western
2025-2026,20251125,1,TBL,5300,Nikita Kucherov,ROSTER,32.0,"5'11""",180.0,Russia,Moscow,False,RW,20,10,15,25,3.0,0.75,0.5,1.25,7.6,8.7,3,3,4,7,0,0,0,3,0,1,0,0,0,0.0,1,148,60,16.7,6,48,40,6,13,36,6,0,0,0,0.0,3,6,8,16,0,444,244,113,99,24583,8279,2327,13892,TBL,Atlantic,Eastern
2025-2026,20251125,24,EDM,5554,Brett Kulak,ROSTER,31.0,"6'2""",197.0,Canada,"Stony Plain, AB",False,D,24,0,2,2,1.12,0.08,0.0,0.08,24.4,8.7,0,0,0,0,0,0,0,0,0,0,0,0,0,0.0,-12,68,27,0.0,26,29,12,3,22,13,3,0,0,0,0.0,3,6,0,0,0,513,294,76,137,25625,5018,1719,18642,EDM,Pacific,Western
2025-2026,20251125,15,BUF,43367,Jiri Kulich,ROSTER,21.0,"5'11""",178.0,Czech Republic,Kadan,True,C,12,3,2,5,1.67,0.17,0.25,0.42,14.1,5.8,1,0,0,0,0,0,0,0,0,0,0,0,0,0.0,-4,43,20,15.0,12,13,10,9,9,10,1,163,68,95,41.7,2,4,4,8,0,272,185,42,48,11782,2172,126,9484,BUF,Atlantic,Eastern
2025-2026,20251125,4,FLO,4706,Dmitry Kulikov,INJURY_LIST,35.0,"6'1""",199.0,Russia,Lipetsk,False,D,2,0,0,0,0.5,0.0,0.0,0.0,0.4,0.0,0,0,0,0,0,0,0,0,0,0,0,0,0,0.0,-1,1,1,0.0,0,0,0,1,0,2,0,0,0,0,0.0,0,0,0,0,0,34,18,7,9,1293,463,134,696,FLA,,
2025-2026,20251125,4,FLO,9641,Luke Kunin,ROSTER,27.0,"6'0""",197.0,USA,"Chesterfield, MO",False,C,17,1,1,2,0.71,0.06,0.06,0.12,28.8,8.7,0,0,0,0,0,0,0,0,0,0,0,0,0,0.0,-3,22,12,8.3,20,5,5,29,19,9,1,117,58,59,49.6,3,6,1,2,0,236,127,59,50,10041,1567,1185,7289,FLA,,
2025-2026,20251125,11,BOS,5568,Sean Kuraly,ROSTER,32.0,"6'2""",213.0,USA,"Dublin, OH",False,C,24,2,3,5,1.38,0.12,0.08,0.21,24.0,23.0,0,0,0,0,0,0,0,0,0,0,0,0,0,0.0,0,71,33,6.1,18,17,21,21,17,19,6,249,116,133,46.6,6,20,2,4,0,445,195,86,166,20075,5170,1082,13823,BOS,Atlantic,Eastern
2025-2026,20251125,26,SJS,17991,Philipp Kurashev,ROSTER,26.0,"6'0""",190.0,Switzerland,Münsingen,False,C,21,6,6,12,1.95,0.29,0.29,0.57,14.9,11.6,2,0,0,0,0,0,0,1,0,1,2,1,1,50.0,4,73,41,14.6,7,19,13,23,16,18,4,35,16,19,45.7,4,8,4,8,0,440,221,124,102,21419,3396,1250,16967,SJS,Pacific,Western
2025-2026,20251125,28,LAK,39780,Andrei Kuzmenko,ROSTER,29.0,"5'11""",194.0,Russia,Yakutsk,True,LW,20,3,4,7,1.45,0.2,0.15,0.35,10.1,2.9,1,2,1,3,0,0,0,0,0,0,2,0,0,0.0,-2,65,29,10.3,5,20,16,15,18,23,3,0,0,0,0.0,1,2,7,14,0,311,264,46,4,18122,3879,437,13806,LAK,Pacific,Western
2025-2026,20251125,23,CGY,30014,Yan Kuznetsov,ROSTER,23.0,"6'4""",209.0,Russia,Murmansk,True,D,10,0,1,1,1.2,0.1,0.0,0.1,18.7,0.0,0,0,0,0,0,0,0,0,0,0,0,0,0,0.0,-1,24,12,0.0,15,7,5,14,16,8,2,0,0,0,0.0,0,0,1,2,0,270,172,41,58,11311,1450,459,9312,CGY,Pacific,Western
2025-2026,20251125,17,STL,13677,Jordan Kyrou,ROSTER,27.0,"6'0""",175.0,Canada,"Toronto, ON",False,RW,22,6,7,13,2.68,0.32,0.27,0.59,11.0,0.0,2,1,3,4,0,0,0,0,0,0,1,0,0,0.0,-10,120,59,10.2,11,34,27,3,17,6,9,1,0,1,0.0,0,0,7,14,0,461,255,111,101,22275,4044,1089,17142,STL,Central,Western
2025-2026,20251125,9,NYR,56552,Noah Laba,ROSTER,22.0,"6'1""",181.0,USA,"Northville, MI",False,C,24,3,3,6,0.96,0.12,0.12,0.25,22.7,14.5,1,0,1,1,0,0,0,1,0,0,0,0,0,0.0,3,48,23,13.0,17,8,17,20,27,10,3,189,96,93,50.8,5,10,2,4,0,438,341,52,37,18412,2942,308,14599,NYR,Metropolitan,Eastern
2025-2026,20251125,21,VAN,11363,Joseph Labate,ASSIGNED_TO_MINORS,32.0,"6'3""",213.0,USA,"Eagan, MN",True,C,1,0,0,0,2.0,0.0,0.0,0.0,4.0,0.0,0,0,0,0,0,0,0,0,0,0,0,0,0,0.0,-1,3,2,0.0,2,0,1,6,1,0,0,2,1,1,50.0,0,0,0,0,0,16,11,1,4,572,139,0,433,VAN,Pacific,Western
2025-2026,20251125,7,NJD,56425,Shane Lachance,ROSTER,22.0,"6'4""",195.0,USA,"Andover, MA",False,LW,1,0,0,0,0.0,0.0,0.0,0.0,0.4,0.0,0,0,0,0,0,0,0,0,0,0,0,0,0,0.0,0,0,0,0.0,0,0,0,1,2,0,0,1,1,0,100.0,0,0,0,0,0,10,6,2,0,445,152,0,232,NJD,Metropolitan,Eastern
2025-2026,20251125,29,ANA,38017,Jackson LaCombe,ROSTER,24.0,"6'2""",201.0,USA,"Eden Prairie, MN",True,D,22,2,8,10,2.18,0.36,0.09,0.45,43.4,5.8,0,0,3,3,0,0,0,0,0,0,0,0,0,0.0,0,117,48,4.2,41,46,23,18,45,33,17,0,0,0,0.0,2,4,4,8,0,617,325,100,195,33127,4313,1366,27447,ANA,Pacific,Western
2025-2026,20251125,28,LAK,56457,Alex Laferriere,ROSTER,24.0,"6'0""",173.0,USA,"Chatham, New Jersey",False,RW,23,5,5,10,2.09,0.22,0.22,0.43,31.8,5.8,1,0,0,0,1,0,1,1,0,0,0,0,0,0.0,-1,105,48,10.4,13,29,28,54,27,21,4,93,43,50,46.2,2,4,4,8,0,488,304,96,93,22592,2716,743,19133,LAK,Pacific,Western
2025-2026,20251125,20,CHI,17188,Sam Lafferty,ROSTER,30.0,"6'1""",195.0,USA,"Hollidaysburg, PA",True,C,10,1,0,1,0.2,0.0,0.1,0.1,4.6,14.3,0,0,0,0,0,0,0,0,0,0,0,0,0,0.0,0,6,2,50.0,1,3,1,10,8,4,0,6,4,2,66.7,3,14,0,0,0,131,71,41,20,5412,992,874,3546,CHI,Central,Western
2025-2026,20251125,9,NYR,19048,Alexis Lafrenière,ROSTER,24.0,"6'1""",193.0,Canada,"St-Eustache, QC",True,LW,24,5,8,13,2.0,0.33,0.21,0.54,28.0,8.7,1,1,1,2,0,0,0,1,0,0,0,0,0,0.0,-6,92,48,10.4,15,20,27,39,26,14,7,10,2,8,20.0,3,6,4,8,0,532,369,116,39,24740,5306,1432,17409,NYR,Metropolitan,Eastern
2025-2026,20251125,14,MTL,9628,Patrik Laine,ROSTER,27.0,"6'5""",206.0,Finland,Tampere,False,LW,5,0,1,1,1.2,0.2,0.0,0.2,0.7,2.9,0,0,0,0,0,0,0,0,0,0,0,0,0,0.0,-3,20,6,0.0,0,8,6,2,2,2,0,3,2,1,66.7,1,2,1,2,0,73,46,19,8,3782,716,426,2640,MTL,Atlantic,Eastern
2025-2026,20251125,2,WPJ,53331,Brad Lambert,ASSIGNED_TO_MINORS,21.0,"6'1""",183.0,Finland,Lahti,True,C,4,1,0,1,0.75,0.0,0.25,0.25,2.0,2.9,0,0,0,0,0,0,0,0,0,0,0,0,0,0.0,-1,6,3,33.3,1,2,1,3,3,3,0,1,0,1,0.0,1,2,0,0,0,49,35,9,6,2166,337,94,1735,WPG,,
2025-2026,20251125,7,NJD,15266,Juho Lammikko,ROSTER,29.0,"6'2""",207.0,Finland,Noormarkku,False,C,10,0,0,0,0.8,0.0,0.0,0.0,12.8,0.0,0,0,0,0,0,0,0,0,0,0,0,0,0,0.0,-2,11,8,0.0,8,0,3,15,3,3,1,71,36,35,50.7,0,0,0,0,0,148,82,33,32,6230,1402,373,4691,NJD,Metropolitan,Eastern
2025-2026,20251125,22,COL,4986,Gabriel Landeskog,ROSTER,33.0,"6'1""",215.0,Sweden,Stockholm,False,LW,22,2,5,7,1.5,0.23,0.09,0.32,17.6,30.3,0,0,0,0,0,0,0,1,0,0,0,0,0,0.0,5,73,33,6.1,5,19,21,35,21,10,8,35,18,17,51.4,8,19,5,13,1,421,213,151,59,18984,4487,3014,11483,COL,Central,Western
2025-2026,20251125,5,WSH,28519,Hendrix Lapierre,ROSTER,23.0,"6'0""",179.0,Canada,"Gatineau, QC",True,C,22,0,5,5,0.91,0.23,0.0,0.23,9.4,5.8,0,0,0,0,0,0,0,0,0,0,0,0,0,0.0,1,43,20,0.0,3,8,15,18,12,14,4,82,30,52,36.6,2,4,1,2,0,288,198,51,38,13230,2642,828,9631,WSH,Metropolitan,Eastern
2025-2026,20251125,16,DET,5829,Dylan Larkin,ROSTER,29.0,"6'1""",198.0,USA,"Waterford, MI",False,C,23,13,12,25,3.39,0.52,0.57,1.09,12.3,25.9,4,3,2,5,0,0,0,3,0,1,1,1,0,0.0,11,147,78,16.7,10,32,37,9,13,21,4,476,270,206,56.7,7,22,12,24,0,566,271,103,205,28575,6079,1386,21110,DET,Atlantic,Eastern
2025-2026,20251125,143,SEA,4989,Adam Larsson,ROSTER,33.0,"6'3""",208.0,Sweden,Skelleftea,False,D,22,1,4,5,0.82,0.18,0.05,0.23,56.7,11.6,0,0,0,0,0,0,0,1,0,0,0,0,0,0.0,-3,42,18,5.6,50,17,7,32,21,11,3,0,0,0,0.0,4,8,0,0,0,553,300,97,150,29017,4886,1510,22252,SEA,Pacific,Western
2025-2026,20251125,12,TOR,5139,Scott Laughton,ROSTER,31.0,"6'1""",190.0,Canada,"Oakville, ON",False,C,4,0,0,0,1.5,0.0,0.0,0.0,5.9,2.9,0,0,0,0,0,0,0,0,0,0,0,0,0,0.0,-4,10,6,0.0,2,0,4,11,2,5,0,45,30,15,66.7,1,2,0,0,0,82,41,23,18,3061,871,239,1951,TOR,Atlantic,Eastern
2025-2026,20251125,142,VGK,15369,Jeremy Lauzon,ROSTER,28.0,"6'1""",204.0,Canada,"Val-dOr, QC",False,D,17,0,4,4,0.88,0.24,0.0,0.24,44.6,46.1,0,0,0,0,0,0,0,0,0,0,0,0,0,0.0,3,49,15,0.0,26,19,15,57,33,11,2,0,0,0,0.0,11,28,7,23,2,369,190,67,113,16225,2923,1094,12196,VGK,Pacific,Western
2025-2026,20251125,24,EDM,5454,Curtis Lazar,ROSTER,30.0,"6'0""",211.0,Canada,"Salmon Arm, BC",False,C,9,1,0,1,0.33,0.0,0.11,0.11,11.6,2.9,0,0,0,0,0,0,0,0,0,0,0,0,0,0.0,-3,14,3,33.3,5,4,7,19,10,0,0,34,18,16,52.9,1,2,1,2,0,127,67,39,19,5165,805,440,3879,EDM,Pacific,Western
2025-2026,20251125,26,SJS,4834,Nick Leddy,ROSTER,34.0,"6'0""",207.0,USA,"Eden Prairie, MN",False,D,9,0,2,2,0.33,0.22,0.0,0.22,14.2,5.8,0,0,0,0,0,0,0,0,0,0,0,0,0,0.0,-4,9,3,0.0,15,4,2,2,3,6,4,0,0,0,0.0,2,4,0,0,0,195,102,32,61,9454,2543,298,6613,SJS,Pacific,Western
2025-2026,20251125,8,NYI,5199,Anders Lee,ROSTER,35.0,"6'3""",231.0,USA,"Edina, MN",False,LW,23,4,8,12,2.48,0.35,0.17,0.52,22.6,30.3,1,0,1,1,0,0,0,1,0,0,0,0,0,0.0,-2,99,57,7.0,16,13,29,22,27,10,4,28,14,14,50.0,8,19,7,17,1,443,242,110,95,21052,5009,1512,14531,NYI,Metropolitan,Eastern
2025-2026,20251125,7,NJD,29745,Nathan Legare,ASSIGNED_TO_MINORS,24.0,"6'0""",205.0,Canada,"Montral, QC",True,RW,1,0,0,0,0.0,0.0,0.0,0.0,1.6,0.0,0,0,0,0,0,0,0,0,0,0,0,0,0,0.0,0,0,0,0.0,1,0,0,2,1,0,0,1,0,1,0.0,0,0,0,0,0,10,8,0,1,495,0,179,256,NJD,Metropolitan,Eastern
2025-2026,20251125,3,CAR,142373,Charles-Alexis Legault,ROSTER,22.0,"6'3""",208.0,Canada,"Montreal, QB",True,D,8,1,1,2,1.25,0.12,0.12,0.25,8.7,14.5,0,0,0,0,0,0,0,0,0,0,0,0,0,0.0,4,24,10,10.0,6,8,6,9,15,8,4,0,0,0,0.0,5,10,2,4,0,158,145,6,8,6369,1006,68,5295,CAR,Metropolitan,Eastern
2025-2026,20251125,22,COL,10064,Artturi Lehkonen,ROSTER,30.0,"6'0""",180.0,Finland,Piikkiö,False,LW,22,8,11,19,2.73,0.5,0.36,0.86,21.1,2.9,2,1,1,2,0,0,0,0,0,0,1,0,0,0.0,19,102,60,13.3,19,16,26,11,32,17,5,2,0,2,0.0,1,2,5,10,0,531,248,143,147,26327,6484,2369,17474,COL,Central,Western
2025-2026,20251125,21,VAN,56699,Jonathan Lekkerimäki,ROSTER,21.0,"5'10""",165.0,Sweden,Huddinge,False,RW,4,1,0,1,0.75,0.0,0.25,0.25,3.7,0.0,0,0,0,0,0,0,0,0,0,0,0,0,0,0.0,0,7,3,33.3,2,2,2,5,5,3,0,0,0,0,0.0,0,0,2,4,0,48,39,4,6,2376,312,0,2064,VAN,Pacific,Western
2025-2026,20251125,5,WSH,142776,Ryan Leonard,ROSTER,,,,,,False,RW,23,5,6,11,2.0,0.26,0.22,0.48,20.2,14.5,1,1,1,2,0,0,0,2,0,0,1,1,0,0.0,2,106,46,10.9,8,37,23,35,32,28,7,8,5,3,62.5,5,10,12,24,0,387,333,44,10,18172,3084,266,14619,WSH,Metropolitan,Eastern
2025-2026,20251125,10,PIT,4030,Kris Letang,ROSTER,38.0,"6'0""",201.0,Canada,"Montreal, QC",False,D,21,1,7,8,1.52,0.33,0.05,0.38,35.3,10.1,0,1,3,4,0,0,0,0,0,0,0,0,0,0.0,1,77,32,3.1,29,30,15,25,35,25,5,0,0,0,0.0,3,8,1,2,0,496,235,106,146,27341,6133,2196,18476,PIT,Metropolitan,Eastern
2025-2026,20251125,20,CHI,142389,Artyom Levshunov,ROSTER,,,,,,False,D,21,0,11,11,1.1,0.52,0.0,0.52,26.5,17.4,0,0,6,6,0,0,0,0,0,0,0,0,0,0.0,0,46,23,0.0,20,16,7,23,36,29,6,0,0,0,0.0,6,12,3,6,0,389,329,44,11,20555,3482,523,16294,CHI,Central,Western
2025-2026,20251125,26,SJS,15133,Timothy Liljegren,ROSTER,26.0,"6'0""",190.0,Sweden,Kristianstad,False,D,17,0,4,4,0.65,0.24,0.0,0.24,37.7,14.5,0,0,0,0,0,0,0,0,0,0,0,0,0,0.0,-1,38,11,0.0,35,18,9,17,32,17,2,0,0,0,0.0,5,10,2,4,0,418,228,78,112,20796,3051,596,17149,SJS,Pacific,Western
2025-2026,20251125,27,DAL,5910,Esa Lindell,ROSTER,31.0,"6'3""",215.0,Finland,Helsinki,False,D,22,2,5,7,1.05,0.23,0.09,0.32,44.3,8.7,0,0,0,0,0,0,0,0,0,0,0,0,0,0.0,10,54,23,8.7,44,17,14,13,43,30,8,0,0,0,0.0,3,6,1,2,0,541,263,138,137,30431,6953,2022,21210,DAL,Central,Western
2025-2026,20251125,143,SEA,14122,Ryan Lindgren,ROSTER,27.0,"6'0""",191.0,USA,"Minneapolis, MN",False,D,22,0,3,3,0.64,0.14,0.0,0.14,36.5,44.7,0,0,0,0,0,0,0,0,0,0,0,0,0,0.0,1,50,14,0.0,37,22,14,9,22,24,2,0,0,0,0.0,11,33,3,9,1,535,306,114,107,25071,3922,1509,19320,SEA,Pacific,Western
2025-2026,20251125,11,BOS,5260,Elias Lindholm,ROSTER,30.0,"6'1""",195.0,Sweden,Boden,False,C,14,4,5,9,1.57,0.36,0.29,0.64,20.0,11.6,1,4,3,7,0,0,0,1,0,0,0,0,0,0.0,-4,49,22,18.2,14,15,12,20,5,12,3,240,138,102,57.5,4,8,2,4,0,290,143,52,99,14741,4011,286,10444,BOS,Atlantic,Eastern
2025-2026,20251125,11,BOS,5228,Hampus Lindholm,ROSTER,31.0,"6'3""",208.0,Sweden,Helsingborg,False,D,16,1,6,7,1.5,0.38,0.06,0.44,21.7,21.7,0,1,2,3,0,0,0,0,0,0,0,0,0,0.0,-6,59,24,4.2,23,21,14,3,24,16,4,0,0,0,0.0,7,16,3,6,0,424,228,73,124,20567,4645,693,15229,BOS,Atlantic,Eastern
2025-2026,20251125,10,PIT,15998,Blake Lizotte,ROSTER,27.0,"5'7""",175.0,USA,"Lindstro, MN",True,C,21,3,1,4,1.29,0.05,0.14,0.19,14.0,7.2,1,0,0,0,0,0,0,0,0,0,0,0,0,0.0,3,47,27,11.1,9,9,13,16,37,17,4,181,88,93,48.6,2,6,1,2,0,412,250,109,48,17556,2993,1858,12429,PIT,Metropolitan,Eastern
2025-2026,20251125,11,BOS,38000,Mason Lohrei,ROSTER,24.0,"6'4""",195.0,USA,"Verona, WI",True,D,19,2,8,10,0.63,0.42,0.11,0.53,23.1,5.8,0,1,2,3,0,0,0,0,0,0,0,0,0,0.0,2,55,12,16.7,22,24,19,9,33,21,6,0,0,0,0.0,2,4,1,2,0,432,317,86,31,19626,3094,730,15802,BOS,Atlantic,Eastern
2025-2026,20251125,23,CGY,13954,Ryan Lomberg,ROSTER,30.0,"5'9""",187.0,Canada,"Richmond Hill, ON",False,LW,22,0,1,1,0.86,0.05,0.0,0.05,32.7,31.4,0,0,0,0,0,0,0,0,0,0,0,0,0,0.0,3,38,19,0.0,6,9,10,73,12,8,0,7,2,5,28.6,4,22,5,16,2,269,146,53,70,11705,1981,920,8804,CGY,Pacific,Western
2025-2026,20251125,12,TOR,5781,Steven Lorentz,ROSTER,29.0,"6'3""",192.0,Canada,"Waterloo, ON",False,C,16,2,4,6,0.94,0.25,0.12,0.38,21.9,8.5,0,0,0,0,1,0,1,0,0,0,0,0,0,0.0,-4,22,15,13.3,9,2,5,37,13,11,2,53,26,27,49.1,1,10,2,4,0,247,130,86,33,10746,2324,1716,6706,TOR,Atlantic,Eastern
2025-2026,20251125,2,WPJ,5456,Adam Lowry,ROSTER,32.0,"6'5""",210.0,USA,"St. Louis, MO",False,C,9,1,2,3,1.56,0.22,0.11,0.33,16.1,10.0,0,0,0,0,0,0,0,0,0,0,0,0,0,0.0,3,24,14,7.1,10,2,8,19,4,6,2,110,53,57,48.2,1,5,2,7,1,199,99,46,55,7682,1243,667,5772,WPG,,
2025-2026,20251125,6,PHI,142694,Jett Luchanko,ROSTER,,,,,,False,C,4,0,0,0,0.25,0.0,0.0,0.0,3.4,2.9,0,0,0,0,0,0,0,0,0,0,0,0,0,0.0,-3,2,1,0.0,3,0,1,2,5,1,0,21,11,10,52.4,1,2,1,2,0,45,40,3,2,2152,343,51,1758,PHI,Metropolitan,Eastern
2025-2026,20251125,4,FLO,30418,Anton Lundell,ROSTER,24.0,"6'1""",185.0,Finland,Espoo,True,C,22,6,12,18,2.05,0.55,0.27,0.82,23.4,11.6,2,2,5,7,1,1,2,0,0,0,2,0,1,50.0,-4,91,45,13.3,17,22,24,22,12,25,2,397,215,182,54.2,4,8,5,10,0,523,322,137,70,25442,6708,2038,16822,FLA,,
2025-2026,20251125,19,CBJ,14546,Isac Lundestrom,ROSTER,26.0,"6'0""",191.0,Sweden,Gällivare,False,C,22,0,2,2,0.55,0.09,0.0,0.09,12.3,5.8,0,0,0,0,0,0,0,0,0,0,0,0,0,0.0,-2,25,12,0.0,10,6,7,9,23,17,2,137,76,61,55.5,2,4,1,2,0,368,234,62,68,15695,2145,1117,12292,CBJ,Metropolitan,Eastern
2025-2026,20251125,27,DAL,14551,Nils Lundkvist,ROSTER,25.0,"5'11""",187.0,Sweden,Pitea,True,D,4,1,2,3,0.5,0.5,0.25,0.75,5.6,2.9,0,0,0,0,0,0,0,0,0,0,0,0,0,0.0,0,7,2,50.0,5,2,3,3,11,6,0,0,0,0,0.0,1,2,0,0,0,83,45,13,26,3839,139,126,3574,DAL,Central,Western
2025-2026,20251125,4,FLO,17339,Eetu Luostarinen,ROSTER,27.0,"6'3""",184.0,Finland,Siilinjrvi,False,C,18,3,7,10,1.78,0.39,0.17,0.56,31.8,11.6,1,1,0,1,0,1,1,0,0,0,0,0,0,0.0,3,58,32,9.4,18,10,16,42,26,12,3,16,8,8,50.0,4,8,9,20,0,395,189,121,88,18111,2926,2477,12708,FLA,,
2025-2026,20251125,13,OTT,30087,Olle Lycksell,ROSTER,26.0,"5'10""",165.0,Sweden,Oskarshamn,True,RW,6,1,0,1,1.0,0.0,0.17,0.17,3.4,0.0,0,0,0,0,0,0,0,1,0,0,0,0,0,0.0,-2,9,6,16.7,3,1,2,2,6,1,0,0,0,0,0.0,0,0,1,2,0,84,59,15,11,3711,543,417,2751,OTT,Atlantic,Eastern
2025-2026,20251125,27,DAL,15176,Ilya Lyubushkin,ROSTER,31.0,"6'2""",201.0,Russia,Moskva,False,D,17,0,4,4,0.53,0.24,0.0,0.24,37.8,25.9,0,0,0,0,0,0,0,0,0,0,0,0,0,0.0,-1,19,9,0.0,33,7,3,22,41,20,4,0,0,0,0.0,6,17,1,5,1,363,200,66,96,16778,2148,807,13777,DAL,Central,Western
2025-2026,20251125,30,UTA,5259,Olli Maatta,ROSTER,31.0,"6'2""",206.0,Finland,Jyväskylä,False,D,16,0,1,1,0.44,0.06,0.0,0.06,10.7,0.0,0,0,0,0,0,0,0,0,0,0,0,0,0,0.0,-1,16,7,0.0,12,4,5,0,38,13,2,0,0,0,0.0,0,0,0,0,0,252,166,24,62,11331,1697,483,9151,UTA,Central,Western
2025-2026,20251125,12,TOR,28458,Matias Maccelli,ROSTER,25.0,"5'11""",165.0,Finland,Turku,True,LW,21,4,5,9,0.81,0.24,0.19,0.43,6.1,5.8,1,0,0,0,0,0,0,1,0,0,0,0,0,0.0,2,37,17,23.5,6,10,10,2,15,16,5,5,3,2,60.0,2,4,3,6,0,356,228,109,23,16594,3898,1451,11245,TOR,Atlantic,Eastern
2025-2026,20251125,13,OTT,11733,Kurtis MacDermid,ROSTER,31.0,"6'5""",233.0,Canada,"Sauble Beach, ON",False,LW,8,0,0,0,0.25,0.0,0.0,0.0,6.6,28.7,0,0,0,0,0,0,0,0,0,0,0,0,0,0.0,-3,2,2,0.0,4,0,0,8,2,1,0,0,0,0,0.0,5,16,4,14,2,67,31,23,13,2122,231,385,1506,OTT,Atlantic,Eastern
2025-2026,20251125,21,VAN,13674,Mackenzie MacEachern,ROSTER,31.0,"6'2""",190.0,USA,"Bloomfield Hills, MI",False,LW,8,1,3,4,0.75,0.38,0.12,0.5,9.1,11.4,0,0,0,0,0,0,0,0,0,0,0,0,0,0.0,0,10,6,16.7,6,2,2,10,8,3,1,2,1,1,50.0,2,12,1,2,0,124,64,33,28,4888,856,485,3547,VAN,Pacific,Western
2025-2026,20251125,7,NJD,15475,Zack MacEwen,ROSTER,29.0,"6'3""",205.0,Canada,"Charlottetown, PE",True,RW,3,0,0,0,1.33,0.0,0.0,0.0,3.1,0.0,0,0,0,0,0,0,0,0,0,0,0,0,0,0.0,0,7,4,0.0,1,0,3,6,2,2,1,2,0,2,0.0,0,0,0,0,0,26,18,6,2,1140,169,177,794,NJD,Metropolitan,Eastern
2025-2026,20251125,22,COL,5231,Nathan MacKinnon,ROSTER,30.0,"6'0""",200.0,Canada,"Halifax, NS",False,C,22,17,20,37,4.27,0.91,0.77,1.68,21.1,17.4,5,5,4,9,0,0,0,2,0,0,1,0,0,0.0,23,159,94,18.1,16,31,33,18,15,35,5,470,227,243,48.3,6,12,6,12,0,511,250,185,93,28707,8373,3739,16595,COL,Central,Western
2025-2026,20251125,8,NYI,34417,Kyle MacLean,ROSTER,26.0,"6'1""",190.0,USA,"Livingston, NJ",True,C,10,0,1,1,0.7,0.1,0.0,0.1,7.8,24.3,0,0,0,0,0,0,0,0,0,0,0,0,0,0.0,-5,12,7,0.0,2,2,3,16,8,2,1,16,11,5,68.8,4,19,3,9,1,134,80,37,17,5749,1114,358,4277,NYI,Metropolitan,Eastern
2025-2026,20251125,143,SEA,15128,Josh Mahura,ROSTER,27.0,"6'0""",190.0,Canada,"Edmonton, AB",False,D,13,1,1,2,0.69,0.08,0.08,0.15,23.7,17.2,0,0,0,0,0,0,0,1,0,1,0,0,0,0.0,6,24,9,11.1,21,8,7,13,18,7,2,0,0,0,0.0,4,16,1,2,0,280,171,49,57,11835,1481,725,9417,SEA,Pacific,Western
2025-2026,20251125,17,STL,37979,Logan Mailloux,ROSTER,22.0,"6'3""",214.0,Canada,"Belle River, ON",True,D,10,0,0,0,0.6,0.0,0.0,0.0,11.5,5.8,0,0,0,0,0,0,0,0,0,0,0,0,0,0.0,-14,19,6,0.0,7,7,6,14,20,7,1,0,0,0,0.0,2,4,1,2,0,164,126,25,13,7619,923,369,6327,STL,Central,Western
2025-2026,20251125,22,COL,13619,Cale Makar,ROSTER,27.0,"5'11""",187.0,Canada,"Calgary, AB",False,D,22,9,20,29,2.82,0.91,0.41,1.32,40.7,14.5,3,0,7,7,0,0,0,3,0,0,0,0,0,0.0,22,157,62,14.5,40,65,30,13,10,21,13,0,0,0,0.0,5,10,8,16,0,591,335,202,63,33770,8623,5844,19303,COL,Central,Western
2025-2026,20251125,22,COL,56372,Taylor Makar,ASSIGNED_TO_MINORS,24.0,"6'3""",190.0,Canada,"Calgary, AB",False,LW,3,0,0,0,1.0,0.0,0.0,0.0,2.2,0.0,0,0,0,0,0,0,0,0,0,0,0,0,0,0.0,0,5,3,0.0,0,1,1,6,4,0,0,0,0,0,0.0,0,0,0,0,0,27,21,6,0,999,255,36,708,COL,Central,Western
2025-2026,20251125,15,BUF,17164,Beck Malenstyn,ROSTER,27.0,"6'3""",200.0,Canada,"White Rock, BC",False,LW,21,2,2,4,1.24,0.1,0.1,0.19,48.6,2.9,0,0,0,0,0,0,0,0,0,0,0,0,0,0.0,-4,45,26,7.7,25,8,11,70,30,11,1,2,0,2,0.0,1,2,6,12,0,351,170,32,151,14431,1870,175,12386,BUF,Atlantic,Eastern
2025-2026,20251125,22,COL,119984,Sam Malinski,ROSTER,27.0,"5'11""",190.0,USA,"Lakeville, MN",True,D,22,1,10,11,1.73,0.45,0.05,0.5,24.9,2.9,0,0,1,1,0,0,0,1,0,0,0,0,0,0.0,13,90,38,2.6,24,35,17,9,37,20,7,0,0,0,0.0,1,2,0,0,0,446,390,33,24,19965,3133,411,16422,COL,Central,Western
2025-2026,20251125,10,PIT,3652,Evgeni Malkin,ROSTER,39.0,"6'3""",195.0,Russia,Magnitogorsk,False,C,21,6,18,24,2.48,0.86,0.29,1.14,6.6,20.3,2,2,8,10,0,0,0,0,0,0,2,1,1,50.0,4,79,52,11.5,4,13,15,8,18,22,7,168,77,91,45.8,7,14,4,8,0,429,230,127,73,22284,7940,1921,12343,PIT,Metropolitan,Eastern
2025-2026,20251125,28,LAK,34945,Jeff Malott,ROSTER,29.0,"6'3""",201.0,Canada,"Burlington, ON",True,LW,16,2,0,2,0.81,0.0,0.12,0.12,21.8,41.6,0,0,0,0,0,0,0,0,0,0,0,0,0,0.0,-2,31,13,15.4,6,8,10,44,8,7,2,1,1,0,100.0,7,23,4,17,3,178,140,25,15,7603,673,390,6540,LAK,Pacific,Western
2025-2026,20251125,21,VAN,56544,Victor Mancini,ASSIGNED_TO_MINORS,23.0,"6'3""",215.0,USA,"Hancock, MI",True,D,5,0,0,0,0.6,0.0,0.0,0.0,6.7,10.0,0,0,0,0,0,0,0,0,0,0,0,0,0,0.0,-2,7,3,0.0,5,3,1,6,9,2,0,0,0,0,0.0,1,5,1,5,1,69,62,3,4,3158,334,17,2807,VAN,Pacific,Western
2025-2026,20251125,24,EDM,5761,Andrew Mangiapane,ROSTER,29.0,"5'10""",184.0,Canada,"Toronto, ON",False,LW,24,4,4,8,1.04,0.17,0.17,0.33,17.0,2.9,1,0,0,0,0,0,0,1,0,0,0,0,0,0.0,-16,57,25,16.0,11,18,14,19,24,15,2,2,1,1,50.0,1,2,7,14,0,454,204,157,89,21301,4320,2970,13534,EDM,Pacific,Western
2025-2026,20251125,22,COL,5477,Josh Manson,ROSTER,34.0,"6'3""",218.0,USA,"Hinsdale, IL",False,D,22,1,2,3,1.18,0.09,0.05,0.14,46.5,46.1,0,0,0,0,0,0,0,1,0,0,0,0,0,0.0,11,57,26,3.8,29,18,13,55,33,21,10,0,0,0,0.0,11,28,7,20,2,533,273,157,104,23773,3906,2992,16873,COL,Central,Western
2025-2026,20251125,10,PIT,5413,Anthony Mantha,ROSTER,31.0,"6'5""",234.0,Canada,"Longueuil, QC",False,RW,21,8,6,14,1.76,0.29,0.38,0.67,15.0,12.9,2,1,1,2,0,0,0,0,0,0,0,0,0,0.0,9,68,37,21.6,13,16,15,9,15,24,3,6,1,5,16.7,2,7,7,17,1,387,207,114,68,18681,3305,2987,12060,PIT,Metropolitan,Eastern
2025-2026,20251125,4,FLO,4692,Brad Marchand,ROSTER,37.0,"5'9""",181.0,Canada,"Halifax, NS",False,LW,21,13,12,25,2.86,0.57,0.62,1.19,12.8,26.1,4,2,6,8,1,0,1,1,0,0,1,0,1,100.0,-6,119,60,21.7,8,23,36,15,21,21,5,5,1,4,20.0,9,18,12,24,0,471,256,117,111,22916,7906,1869,13372,FLA,,
2025-2026,20251125,19,CBJ,14572,Kirill Marchenko,ROSTER,25.0,"6'3""",187.0,Russia,Barnaul,True,RW,22,8,14,22,2.95,0.64,0.36,1.0,20.5,11.6,2,1,6,7,1,0,1,2,0,0,4,0,4,100.0,8,149,65,12.3,15,42,42,19,24,30,7,1,0,1,0.0,4,8,4,8,0,471,229,94,155,25029,5041,1529,18678,CBJ,Metropolitan,Eastern
2025-2026,20251125,18,NSH,5473,Jonathan Marchessault,ROSTER,34.0,"5'9""",180.0,Canada,"Cap-Rouge, QC",False,RW,19,4,2,6,2.32,0.11,0.21,0.32,15.0,8.7,1,2,0,2,0,0,0,1,0,0,1,0,0,0.0,-14,97,44,9.1,3,31,22,33,11,25,3,8,5,3,62.5,3,6,9,18,0,388,182,140,70,20289,4450,3641,12198,NSH,Central,Western
2025-2026,20251125,143,SEA,17165,Mason Marchment,ROSTER,30.0,"6'4""",201.0,Canada,"Uxbridge, ON",False,LW,21,2,9,11,1.48,0.43,0.1,0.52,17.9,8.7,0,0,3,3,0,0,0,1,0,0,1,0,0,0.0,1,67,31,6.5,7,19,17,31,27,34,8,24,6,18,25.0,3,6,4,8,0,439,221,138,77,21259,3557,1138,16279,SEA,Pacific,Western
2025-2026,20251125,30,UTA,17187,John Marino,ROSTER,28.0,"6'1""",181.0,USA,"Brockton, MA",True,D,23,1,9,10,1.09,0.39,0.04,0.43,21.6,5.8,0,0,0,0,0,0,0,0,0,0,0,0,0,0.0,6,62,25,4.0,22,26,11,5,43,38,7,0,0,0,0.0,2,4,5,10,0,637,352,82,204,28597,4171,1330,23096,UTA,Central,Western
2025-2026,20251125,142,VGK,5599,Mitchell Marner,ROSTER,28.0,"6'0""",175.0,Canada,"Markham, ON",False,RW,22,4,17,21,1.77,0.77,0.18,0.95,14.3,5.8,1,1,4,5,0,0,0,0,0,0,1,0,0,0.0,6,93,39,10.3,13,30,24,7,20,29,12,25,13,12,52.0,2,4,2,4,0,489,231,169,93,27378,6519,3095,17666,VGK,Pacific,Western
2025-2026,20251125,18,NSH,168604,Brady Martin,ROSTER,18.0,"6'0""",174.0,Canada,"Elora, ON",True,C,3,0,1,1,0.67,0.33,0.0,0.33,1.8,0.0,0,0,0,0,0,0,0,0,0,0,0,0,0,0.0,0,3,2,0.0,2,0,1,0,2,4,0,16,5,11,31.2,0,0,0,0,0,39,32,6,1,2055,275,54,1728,NSH,Central,Western
2025-2026,20251125,3,CAR,5495,Jordan Martinook,ROSTER,33.0,"6'0""",196.0,Canada,"Brandon, MB",False,LW,22,2,6,8,1.36,0.27,0.09,0.36,29.8,5.8,0,0,0,0,0,0,0,1,0,0,0,0,0,0.0,4,66,30,6.7,17,15,21,39,24,17,6,23,12,11,52.2,2,4,3,6,0,480,176,202,104,19693,3743,2440,13510,CAR,Metropolitan,Eastern
2025-2026,20251125,1,TBL,120138,Emil Martinsen Lilleberg,ROSTER,24.0,"6'2""",192.0,Norway,Sarpsborg,True,D,22,2,3,5,0.77,0.14,0.09,0.23,28.1,62.0,0,0,0,0,0,0,0,0,0,0,0,0,0,0.0,7,39,17,11.8,18,9,13,32,52,16,3,0,0,0,0.0,14,37,9,31,3,470,370,39,64,21463,3226,351,17890,TBL,Atlantic,Eastern
2025-2026,20251125,19,CBJ,53022,Denton Mateychuk,ROSTER,21.0,"5'11""",194.0,Canada,"Winnipeg, MB",True,D,22,5,4,9,1.14,0.18,0.23,0.41,37.5,2.9,1,0,0,0,0,0,0,0,0,0,0,0,0,0.0,2,49,25,20.0,36,15,9,14,48,20,5,0,0,0,0.0,1,2,3,6,0,498,389,42,69,25872,3511,390,21853,CBJ,Metropolitan,Eastern
2025-2026,20251125,14,MTL,5921,Mike Matheson,ROSTER,31.0,"6'2""",193.0,Canada,"Montreal, QC",False,D,21,4,10,14,1.24,0.48,0.19,0.67,47.2,20.3,1,0,0,0,0,0,0,1,0,1,0,0,0,0.0,12,72,26,15.4,46,28,18,16,24,17,8,0,0,0,0.0,7,14,5,10,0,541,300,99,146,31205,6905,1401,22899,MTL,Atlantic,Eastern
2025-2026,20251125,13,OTT,111262,Nikolas Matinpalo,ROSTER,27.0,"6'3""",207.0,Finland,Espoo,True,D,13,0,3,3,0.77,0.23,0.0,0.23,20.1,5.8,0,0,0,0,0,0,0,0,0,0,0,0,0,0.0,2,38,10,0.0,17,21,7,13,37,6,3,0,0,0,0.0,2,4,0,0,0,300,272,7,21,11539,1828,56,9655,OTT,Atlantic,Eastern
2025-2026,20251125,12,TOR,9627,Auston Matthews,ROSTER,28.0,"6'3""",220.0,USA,"San Ramon, CA",False,C,17,9,5,14,3.82,0.29,0.53,0.82,32.6,8.7,3,1,1,2,0,0,0,2,0,1,0,0,0,0.0,9,120,65,13.8,31,27,28,13,8,22,7,307,181,126,59.0,3,6,1,2,0,413,201,146,75,21682,4999,2907,13776,TOR,Atlantic,Eastern
2025-2026,20251125,8,NYI,5364,Scott Mayfield,ROSTER,33.0,"6'5""",223.0,USA,"St. Louis, MO",False,D,21,0,3,3,0.81,0.14,0.0,0.14,30.7,59.0,0,0,0,0,0,0,0,0,0,0,0,0,0,0.0,0,52,17,0.0,28,20,15,15,24,25,4,0,0,0,0.0,14,47,9,21,1,508,294,78,136,23226,4260,1823,17143,NYI,Metropolitan,Eastern
2025-2026,20251125,19,CBJ,17949,Dysin Mayo,ROSTER,29.0,"6'0""",185.0,Canada,"Victoria, BC",False,D,1,0,0,0,3.0,0.0,0.0,0.0,0.0,0.0,0,0,0,0,0,0,0,0,0,0,0,0,0,0.0,-1,5,3,0.0,0,2,0,0,2,0,0,0,0,0,0.0,0,0,0,0,0,13,7,3,3,453,165,0,288,CBJ,Metropolitan,Eastern
2025-2026,20251125,11,BOS,9640,Charlie McAvoy,ROSTER,27.0,"6'0""",208.0,USA,"Long Beach, NY",False,D,19,0,14,14,1.32,0.74,0.0,0.74,38.4,37.7,0,0,5,5,0,0,0,0,0,0,0,0,0,0.0,-2,78,25,0.0,32,25,28,26,34,21,9,0,0,0,0.0,13,26,6,12,0,525,267,128,130,27101,5084,1975,20042,BOS,Atlantic,Eastern
2025-2026,20251125,30,UTA,38370,Jack McBain,ROSTER,25.0,"6'4""",218.0,Canada,"Toronto, ON",True,C,23,1,3,4,1.3,0.13,0.04,0.17,36.4,46.1,0,0,0,0,0,0,0,0,0,0,0,0,0,0.0,2,57,30,3.3,16,12,15,59,36,14,6,227,115,112,50.7,11,28,6,18,2,458,269,115,75,19088,3045,2240,13803,UTA,Central,Western
2025-2026,20251125,12,TOR,5362,Jake McCabe,ROSTER,32.0,"6'1""",204.0,USA,"Eau Claire, WI",False,D,22,3,7,10,0.82,0.32,0.14,0.45,58.7,33.2,1,0,0,0,0,0,0,0,0,0,0,0,0,0.0,3,49,18,16.7,53,21,10,30,29,28,8,0,0,0,0.0,9,21,3,9,1,646,346,156,147,28080,3977,2109,21994,TOR,Atlantic,Eastern
2025-2026,20251125,143,SEA,5824,Jared McCann,ROSTER,29.0,"6'1""",185.0,Canada,"Stratford, ON",False,LW,5,3,1,4,2.8,0.2,0.6,0.8,6.2,0.0,1,0,0,0,0,0,0,1,0,1,1,0,0,0.0,0,29,14,21.4,4,7,8,7,3,1,0,3,2,1,66.7,0,0,2,4,0,124,57,41,29,5187,1528,568,3091,SEA,Pacific,Western
2025-2026,20251125,18,NSH,5893,Michael McCarron,ROSTER,30.0,"6'5""",237.0,USA,"Grosse Pointe, MI",False,C,22,1,3,4,1.18,0.14,0.05,0.18,36.0,34.5,0,0,0,0,0,0,0,0,0,0,0,0,0,0.0,-9,49,26,3.8,16,10,13,58,31,13,6,305,166,139,54.4,7,20,8,22,2,440,199,105,137,18944,2922,1328,14694,NSH,Central,Western
2025-2026,20251125,24,EDM,5576,Connor McDavid,ROSTER,28.0,"6'1""",193.0,Canada,"Richmond Hill, ON",False,C,24,10,23,33,3.0,0.96,0.42,1.38,8.4,14.5,3,3,10,13,0,0,0,0,0,0,1,0,0,0.0,-5,134,72,13.9,6,18,44,8,35,38,9,249,117,132,47.0,5,10,13,26,0,545,266,202,73,33618,8241,5210,19466,EDM,Pacific,Western
2025-2026,20251125,1,TBL,4852,Ryan McDonagh,ROSTER,36.0,"6'1""",214.0,USA,"St. Paul, MN",False,D,15,3,3,6,1.0,0.2,0.2,0.4,26.3,0.0,1,0,0,0,0,0,0,0,0,0,0,0,0,0.0,1,41,15,20.0,26,13,13,8,11,18,6,0,0,0,0.0,0,0,1,2,0,388,212,56,123,18145,4714,623,12772,TBL,Atlantic,Eastern
2025-2026,20251125,5,WSH,5308,Dylan McIlrath,ROSTER,33.0,"6'5""",231.0,Canada,"Winnipeg, MB",False,D,2,0,0,0,0.5,0.0,0.0,0.0,2.8,0.0,0,0,0,0,0,0,0,0,0,0,0,0,0,0.0,1,4,1,0.0,1,2,1,5,3,1,0,0,0,0,0.0,0,0,0,0,0,33,14,6,13,1535,88,154,1293,WSH,Metropolitan,Eastern
2025-2026,20251125,15,BUF,14563,Ryan McLeod,ROSTER,26.0,"6'3""",201.0,Canada,"Mississauga, ON",False,C,22,5,8,13,1.41,0.36,0.23,0.59,10.5,0.0,1,0,3,3,2,0,2,1,0,0,0,0,0,0.0,-1,58,31,16.1,10,15,12,4,24,22,6,365,161,204,44.1,0,0,2,4,0,571,275,80,221,23400,2523,437,20440,BUF,Atlantic,Eastern
2025-2026,20251125,12,TOR,39073,Bobby McMann,ROSTER,29.0,"6'1""",205.0,Canada,"Wainwright, AB",True,C,22,5,3,8,1.73,0.14,0.23,0.36,29.3,24.5,1,1,0,1,0,0,0,1,0,0,0,0,0,0.0,-4,72,38,13.2,11,15,19,52,13,8,2,3,2,1,66.7,6,15,4,11,1,427,290,115,27,19522,4763,2112,12647,TOR,Atlantic,Eastern
2025-2026,20251125,5,WSH,17166,Connor McMichael,ROSTER,24.0,"5'11""",182.0,Canada,"Ajax, ON",True,C,23,2,9,11,2.0,0.39,0.09,0.48,11.8,11.6,0,1,0,1,0,0,0,0,0,0,2,1,0,0.0,2,78,46,4.3,9,17,15,10,17,16,12,274,111,163,40.5,4,8,2,4,0,516,311,109,95,22113,3534,1094,17333,WSH,Metropolitan,Eastern
2025-2026,20251125,142,VGK,5041,Brayden McNabb,ROSTER,34.0,"6'4""",213.0,Canada,"Davidson, SK",False,D,22,0,1,1,0.68,0.05,0.0,0.05,73.1,14.5,0,0,0,0,0,0,0,0,0,0,0,0,0,0.0,4,57,15,0.0,67,24,18,35,35,14,5,0,0,0,0.0,5,10,5,10,0,597,322,84,191,28108,6969,1098,20041,VGK,Pacific,Western
2025-2026,20251125,29,ANA,32259,Mason McTavish,ROSTER,22.0,"6'0""",208.0,Switzerland,Zurich,True,C,22,4,10,14,1.55,0.45,0.18,0.64,17.9,42.1,1,0,2,2,0,0,0,1,0,0,1,0,1,100.0,2,96,34,11.8,10,24,38,24,15,17,5,290,133,157,45.9,14,30,6,12,0,476,242,41,200,22081,1849,127,20039,ANA,Pacific,Western
2025-2026,20251125,7,NJD,5604,Timo Meier,ROSTER,29.0,"6'0""",210.0,Switzerland,St. Gallen,False,RW,22,7,10,17,3.14,0.45,0.32,0.77,26.2,14.5,2,3,3,6,0,0,0,1,0,0,0,0,0,0.0,2,144,69,10.1,13,32,43,39,31,22,7,29,15,14,51.7,5,10,3,6,0,482,255,101,131,24221,4899,1354,17858,NJD,Metropolitan,Eastern
2025-2026,20251125,7,NJD,28533,Dawson Mercer,ROSTER,24.0,"6'0""",180.0,Canada,"Carbonear, NL and Labrador",True,C,22,9,8,17,1.86,0.36,0.41,0.77,24.0,11.6,3,3,1,4,1,0,1,1,0,0,0,0,0,0.0,5,82,41,22.0,21,19,22,14,27,18,8,101,42,59,41.6,4,8,7,14,0,493,310,110,81,25059,4326,1752,18892,NJD,Metropolitan,Eastern
2025-2026,20251125,12,TOR,13894,Dakota Mermis,ROSTER,31.0,"6'0""",195.0,USA,"Alton, IL",False,D,7,1,0,1,0.57,0.0,0.14,0.14,4.0,12.9,0,0,0,0,0,0,0,0,0,0,0,0,0,0.0,-3,13,4,25.0,2,5,4,6,17,3,1,0,0,0,0.0,2,7,2,7,1,143,92,23,29,5586,799,399,4388,TOR,Atlantic,Eastern
2025-2026,20251125,15,BUF,120242,Zach Metsa,ROSTER,27.0,"5'9""",181.0,USA,"Delafield, WI",True,D,4,0,0,0,0.25,0.0,0.0,0.0,2.2,2.9,0,0,0,0,0,0,0,0,0,0,0,0,0,0.0,3,4,1,0.0,2,2,1,1,6,1,0,0,0,0,0.0,1,2,1,2,0,49,47,2,0,2117,376,0,1741,BUF,Atlantic,Eastern
2025-2026,20251125,143,SEA,39057,Ben Meyers,ASSIGNED_TO_MINORS,27.0,"5'11""",195.0,USA,"Delano, MN",True,C,9,0,3,3,0.89,0.33,0.0,0.33,6.1,2.9,0,0,0,0,0,0,0,0,0,0,0,0,0,0.0,-1,14,8,0.0,1,1,5,14,8,1,1,51,21,30,41.2,1,2,0,0,0,137,115,14,7,5214,926,84,4150,SEA,Pacific,Western
2025-2026,20251125,6,PHI,134153,Matvei Michkov,ROSTER,20.0,"5'10""",172.0,Russia,Perm,True,RW,21,5,5,10,1.86,0.24,0.24,0.48,10.2,23.2,1,1,0,1,0,0,0,0,0,0,4,0,2,50.0,-4,72,39,12.8,6,23,10,13,20,34,9,2,0,2,0.0,8,16,5,10,0,412,362,50,8,18754,3680,345,14920,PHI,Metropolitan,Eastern
2025-2026,20251125,25,MIN,15459,Jacob Middleton,ROSTER,29.0,"6'3""",210.0,Canada,"Stratford, ON",False,D,21,0,4,4,0.86,0.19,0.0,0.19,41.7,41.7,0,0,0,0,0,0,0,0,0,0,0,0,0,0.0,2,44,18,0.0,34,14,12,30,13,9,2,0,0,0,0.0,9,26,5,18,2,467,257,116,95,22792,3698,2325,16771,MIN,Central,Western
2025-2026,20251125,20,CHI,17145,Ilya Mikheyev,ROSTER,31.0,"6'3""",195.0,Russia,Omsk,True,RW,20,4,3,7,1.6,0.15,0.2,0.35,10.8,5.8,1,0,0,0,0,0,0,1,0,0,0,0,0,0.0,2,56,32,12.5,7,12,12,12,14,12,6,5,0,5,0.0,2,4,5,10,0,449,232,50,167,21496,1837,650,18743,CHI,Central,Western
2025-2026,20251125,4,FLO,5722,Niko Mikkola,ROSTER,29.0,"6'4""",185.0,Finland,Kiiminki,False,D,22,0,4,4,1.14,0.18,0.0,0.18,31.5,34.8,0,0,0,0,0,0,0,0,0,0,0,0,0,0.0,4,65,25,0.0,26,19,21,22,36,28,6,0,0,0,0.0,12,24,9,18,0,581,337,153,91,25796,3383,2312,20101,FLA,,
2025-2026,20251125,5,WSH,5436,Sonny Milano,ROSTER,29.0,"6'0""",194.0,USA,"Massapequa, NY",False,LW,12,3,1,4,1.5,0.08,0.25,0.33,3.3,2.9,1,0,0,0,0,0,0,1,0,0,0,0,0,0.0,1,26,18,16.7,2,2,6,4,8,5,1,6,3,3,50.0,1,2,1,2,0,161,74,48,43,7286,1589,719,4986,WSH,Metropolitan,Eastern
2025-2026,20251125,2,WPJ,5563,Colin Miller,ROSTER,33.0,"6'1""",193.0,Canada,"Sault Ste. Marie, ON",False,D,6,0,0,0,1.0,0.0,0.0,0.0,8.6,2.9,0,0,0,0,0,0,0,0,0,0,0,0,0,0.0,-1,16,6,0.0,5,8,2,11,7,6,1,0,0,0,0.0,1,2,1,2,0,100,57,26,17,4774,578,572,3624,WPG,,
2025-2026,20251125,9,NYR,5161,J.T. Miller,ROSTER,32.0,"6'1""",218.0,USA,"East Palestine, OH",False,C,22,6,6,12,2.32,0.27,0.27,0.55,27.4,8.7,2,2,2,4,0,0,0,1,0,1,1,0,1,100.0,-7,102,51,11.8,8,17,34,54,13,20,4,347,201,146,57.9,3,6,2,4,0,577,257,138,172,27309,6750,2224,17563,NYR,Metropolitan,Eastern
2025-2026,20251125,3,CAR,14545,K'Andre Miller,ROSTER,25.0,"6'5""",210.0,USA,"St. Paul, MN",True,D,16,2,8,10,2.12,0.5,0.12,0.62,22.0,26.1,0,1,2,3,0,1,1,0,0,0,0,0,0,0.0,1,83,34,5.9,15,29,20,23,20,24,11,1,0,1,0.0,9,18,2,4,0,459,265,95,101,21946,3609,928,17409,CAR,Metropolitan,Eastern
2025-2026,20251125,11,BOS,52843,Fraser Minten,ROSTER,21.0,"6'1""",185.0,Canada,"Vancouver, BC",True,C,24,3,3,6,1.25,0.12,0.12,0.25,34.0,17.4,1,0,0,0,0,0,0,1,0,1,0,0,0,0.0,1,64,30,10.0,20,17,17,43,31,9,9,217,115,102,53.0,6,12,4,8,0,459,338,62,62,20255,3260,649,16346,BOS,Atlantic,Eastern
2025-2026,20251125,29,ANA,43373,Pavel Mintyukov,ROSTER,22.0,"6'2""",194.0,Russia,Moskva,True,D,19,0,3,3,0.63,0.16,0.0,0.16,21.1,2.9,0,0,0,0,0,0,0,0,0,0,0,0,0,0.0,1,34,12,0.0,19,13,9,11,23,18,4,0,0,0,0.0,1,2,5,10,0,411,287,45,79,17834,2283,67,15484,ANA,Pacific,Western
2025-2026,20251125,23,CGY,29983,Daniil Miromanov,ASSIGNED_TO_MINORS,28.0,"6'4""",202.0,Russia,Moscow,True,D,1,0,0,0,0.0,0.0,0.0,0.0,1.8,0.0,0,0,0,0,0,0,0,0,0,0,0,0,0,0.0,0,2,0,0.0,2,1,1,0,0,1,0,0,0,0,0.0,0,0,0,0,0,30,23,0,7,1069,0,0,1069,CGY,Pacific,Western
2025-2026,20251125,26,SJS,176687,Michael Misa,ROSTER,18.0,"6'1""",185.0,Canada,"Oakville, ON",True,C,7,1,2,3,1.86,0.29,0.14,0.43,5.2,2.9,0,0,0,0,0,0,0,0,0,0,0,0,0,0.0,-1,22,13,7.7,5,5,4,2,9,5,0,38,20,18,52.6,1,2,1,2,0,106,94,13,0,4930,813,180,3937,SJS,Pacific,Western
2025-2026,20251125,11,BOS,13623,Casey Mittelstadt,ROSTER,27.0,"6'1""",199.0,USA,"Eden Prairie, MN",False,C,15,4,5,9,0.93,0.33,0.27,0.6,8.3,0.0,1,0,0,0,0,0,0,0,0,0,1,0,0,0.0,0,27,14,28.6,8,5,8,3,13,14,2,83,49,34,59.0,0,0,2,4,0,274,151,107,20,13084,2188,1546,9350,BOS,Atlantic,Eastern
2025-2026,20251125,19,CBJ,5242,Sean Monahan,ROSTER,31.0,"6'2""",200.0,Canada,"Brampton, ON",False,C,23,2,8,10,1.87,0.35,0.09,0.43,8.8,5.8,0,1,4,5,0,0,0,1,0,0,1,0,0,0.0,2,72,43,4.7,4,10,19,14,14,17,5,438,233,205,53.2,2,4,5,10,0,514,236,132,146,25476,6449,1602,17358,CBJ,Metropolitan,Eastern
2025-2026,20251125,143,SEA,11648,Brandon Montour,ROSTER,31.0,"6'0""",189.0,Canada,"Ohsweken, ON",False,D,18,4,8,12,2.33,0.44,0.22,0.67,33.2,18.7,1,1,2,3,0,0,0,1,0,1,0,0,0,0.0,6,99,42,9.5,30,32,25,17,25,26,8,0,0,0,0.0,4,11,2,7,1,448,222,86,132,24115,4232,1321,18052,SEA,Pacific,Western
2025-2026,20251125,29,ANA,56251,Ian Moore,ROSTER,23.0,"6'2""",171.0,USA,"Concord, MA",False,D,15,2,1,3,0.93,0.07,0.13,0.2,25.5,17.4,0,0,0,0,0,0,0,1,0,0,0,0,0,0.0,2,41,14,14.3,26,10,17,6,36,13,4,0,0,0,0.0,6,12,1,2,0,288,170,25,95,12405,843,286,11276,ANA,Pacific,Western
2025-2026,20251125,20,CHI,166412,Oliver Moore,ROSTER,20.0,"5'11""",176.0,USA,"Mounds View, MN",True,C,10,2,3,5,1.3,0.3,0.2,0.5,4.7,0.0,0,0,0,0,0,0,0,0,0,0,0,0,0,0.0,-2,23,13,15.4,4,1,9,3,13,7,6,10,5,5,50.0,0,0,0,0,0,195,161,25,11,8243,1707,201,6335,CHI,Central,Western
2025-2026,20251125,28,LAK,11811,Trevor Moore,ROSTER,30.0,"5'10""",185.0,USA,"Thousand Oaks, CA",False,LW,22,3,4,7,2.0,0.18,0.14,0.32,16.4,8.7,1,0,0,0,1,1,2,0,0,0,4,0,2,50.0,-1,77,44,6.8,15,12,21,8,40,22,8,9,2,7,22.2,3,6,1,2,0,450,221,143,91,21157,3208,2225,15902,LAK,Pacific,Western
2025-2026,20251125,2,WPJ,5930,Josh Morrissey,ROSTER,30.0,"6'0""",195.0,Canada,"Calgary, AB",False,D,21,5,17,22,1.76,0.81,0.24,1.05,45.2,8.7,1,1,5,6,0,0,0,0,0,0,0,0,0,0.0,7,78,37,13.5,45,24,17,13,25,24,7,0,0,0,0.0,3,6,3,6,0,604,302,209,98,30912,6032,3833,21047,WPG,,
2025-2026,20251125,9,NYR,37982,Scott Morrow,ROSTER,23.0,"6'2""",195.0,USA,"Darlen, CT",True,D,3,0,0,0,0.67,0.0,0.0,0.0,2.7,0.0,0,0,0,0,0,0,0,0,0,0,0,0,0,0.0,-2,8,2,0.0,3,2,4,0,3,2,0,0,0,0,0.0,0,0,0,0,0,58,40,10,8,2374,351,101,1922,NYR,Metropolitan,Eastern
2025-2026,20251125,23,CGY,142359,Sam Morton,ROSTER,,,,,,False,C,3,0,0,0,1.0,0.0,0.0,0.0,4.3,8.5,0,0,0,0,0,0,0,0,0,0,0,0,0,0.0,-1,7,3,0.0,1,2,2,9,0,2,1,24,16,8,66.7,1,10,1,2,0,39,32,1,6,1680,197,0,1483,CGY,Pacific,Western
2025-2026,20251125,1,TBL,34441,Janis Moser,ROSTER,25.0,"6'0""",172.0,Switzerland,Biel,True,D,20,1,6,7,1.25,0.3,0.05,0.35,29.6,14.5,0,0,0,0,0,1,1,0,0,0,0,0,0,0.0,9,64,25,4.0,26,26,13,17,42,22,6,0,0,0,0.0,5,10,7,14,0,519,387,53,80,25560,4691,1302,19600,TBL,Atlantic,Eastern
2025-2026,20251125,28,LAK,28507,Jacob Moverare,ROSTER,27.0,"6'2""",198.0,Sweden,stersund,False,D,5,0,0,0,0.8,0.0,0.0,0.0,5.2,0.0,0,0,0,0,0,0,0,0,0,0,0,0,0,0.0,-1,12,4,0.0,5,7,1,2,11,1,1,0,0,0,0.0,0,0,0,0,0,56,35,17,4,2690,193,310,2187,LAK,Pacific,Western
2025-2026,20251125,26,SJS,36849,Shakir Mukhamadullin,ROSTER,23.0,"6'4""",178.0,Russia,Ufa,True,D,11,1,4,5,0.91,0.36,0.09,0.45,14.4,8.7,0,0,0,0,0,0,0,0,0,0,0,0,0,0.0,3,24,10,10.0,14,9,5,5,20,11,1,0,0,0,0.0,3,6,0,0,0,226,151,29,47,11001,1153,335,9513,SJS,Pacific,Western
2025-2026,20251125,20,CHI,5293,Connor Murphy,ROSTER,32.0,"6'4""",212.0,USA,"Dublin, OH",False,D,22,0,3,3,0.86,0.14,0.0,0.14,25.0,20.3,0,0,0,0,0,0,0,0,0,0,0,0,0,0.0,-3,36,19,0.0,20,8,9,19,41,19,3,0,0,0,0.0,7,14,4,8,0,417,208,58,150,19557,3900,511,15098,CHI,Central,Western
2025-2026,20251125,12,TOR,15478,Philippe Myers,ROSTER,28.0,"6'5""",210.0,Canada,"Moncton, NB",False,D,10,0,0,0,1.3,0.0,0.0,0.0,14.5,8.7,0,0,0,0,0,0,0,0,0,0,0,0,0,0.0,-7,29,13,0.0,12,3,13,10,12,6,0,0,0,0,0.0,3,6,0,0,0,204,127,36,41,8539,1390,1446,5703,TOR,Atlantic,Eastern
2025-2026,20251125,21,VAN,4659,Tyler Myers,ROSTER,35.0,"6'8""",229.0,USA,"Katy, TX",False,D,23,1,5,6,1.17,0.22,0.04,0.26,55.5,26.1,0,0,0,0,0,0,0,0,0,0,0,0,0,0.0,-7,65,27,3.7,49,20,18,31,26,25,6,0,0,0,0.0,9,18,6,12,0,573,303,100,171,28649,6179,1523,20947,VAN,Pacific,Western
2025-2026,20251125,3,CAR,133816,Bradly Nadeau,ASSIGNED_TO_MINORS,20.0,"5'10""",161.0,Canada,"St-Francois de Madaw, NB",True,LW,6,1,0,1,0.67,0.0,0.17,0.17,5.1,0.0,0,0,0,0,0,0,0,0,0,0,0,0,0,0.0,1,15,4,25.0,4,4,7,4,8,5,0,1,0,1,0.0,0,0,0,0,0,87,66,14,8,4141,668,70,3403,CAR,Metropolitan,Eastern
2025-2026,20251125,2,WPJ,5136,Vladislav Namestnikov,ROSTER,33.0,"6'0""",183.0,Russia,Zhukovskiy,False,C,21,6,1,7,1.57,0.05,0.29,0.33,21.9,7.2,2,2,0,2,0,0,0,1,0,0,0,0,0,0.0,-1,55,33,18.2,14,10,12,25,16,15,3,91,35,56,38.5,2,6,6,12,0,434,175,175,90,19408,3679,2824,12905,WPG,,
2025-2026,20251125,20,CHI,56367,Frank Nazar,ROSTER,21.0,"5'10""",180.0,USA,"Mt. Clemens, MI",False,C,20,5,10,15,2.15,0.5,0.25,0.75,22.0,11.6,1,1,3,4,0,0,0,1,0,0,1,0,0,0.0,0,80,43,11.6,20,19,18,11,38,28,9,276,123,153,44.6,4,8,11,22,0,465,287,33,146,22835,2818,95,19650,CHI,Central,Western
2025-2026,20251125,22,COL,13627,Martin Necas,ROSTER,26.0,"6'2""",189.0,Czech Republic,Nove Mesto na Morave,False,C,22,13,15,28,2.09,0.68,0.59,1.27,15.4,23.2,4,3,4,7,0,0,0,0,0,0,1,0,0,0.0,19,106,46,28.3,8,31,29,22,34,45,5,13,7,6,53.8,8,16,7,14,0,503,302,152,60,27862,7035,3829,17000,COL,Central,Western
2025-2026,20251125,17,STL,29768,Jake Neighbours,ROSTER,23.0,"6'0""",195.0,Canada,"Airdrie, AB",True,LW,11,6,2,8,1.36,0.18,0.55,0.73,13.8,5.8,2,0,1,1,0,0,0,1,0,0,0,0,0,0.0,-6,28,15,40.0,5,6,7,25,15,7,2,2,2,0,100.0,2,4,2,6,0,220,151,62,13,9755,2678,682,6395,STL,Central,Western
2025-2026,20251125,22,COL,5226,Brock Nelson,ROSTER,34.0,"6'3""",212.0,USA,"Warroad, MN",False,C,22,6,6,12,1.64,0.27,0.27,0.55,18.3,17.4,2,1,1,2,0,0,0,1,0,0,0,0,0,0.0,12,64,36,16.7,15,12,16,13,28,18,7,406,202,204,49.8,6,12,6,12,0,528,230,184,120,24402,7007,2796,14599,COL,Central,Western
2025-2026,20251125,7,NJD,43355,Simon Nemec,ROSTER,21.0,"6'0""",190.0,Slovakia,Liptovsky Mikulas,True,D,22,4,9,13,1.45,0.41,0.18,0.59,32.8,17.4,1,0,0,0,0,0,0,1,0,1,1,0,1,100.0,7,84,32,12.5,35,40,12,4,30,17,5,0,0,0,0.0,6,12,3,6,0,495,411,58,29,25568,4458,580,20715,NJD,Metropolitan,Eastern
2025-2026,20251125,29,ANA,56465,Nikita Nesterenko,ROSTER,24.0,"6'0""",157.0,USA,"Brooklyn, NY",False,C,20,1,7,8,0.9,0.35,0.05,0.4,19.1,7.2,0,0,0,0,0,0,0,1,0,0,0,0,0,0.0,2,39,18,5.6,5,14,7,39,9,10,1,26,9,17,34.6,2,6,4,8,0,359,208,67,86,14685,2632,385,11671,ANA,Pacific,Western
2025-2026,20251125,14,MTL,30019,Alex Newhook,ROSTER,24.0,"5'10""",192.0,Canada,"St. Johns, NL and Labrador",True,C,17,6,6,12,1.41,0.35,0.35,0.71,14.2,11.6,2,1,0,1,0,0,0,2,0,1,0,0,0,0.0,7,41,24,25.0,5,9,8,26,13,4,1,89,37,52,41.6,4,8,6,12,0,316,155,46,121,14934,1354,440,13140,MTL,Atlantic,Eastern
2025-2026,20251125,22,COL,5247,Valeri Nichushkin,ROSTER,30.0,"6'4""",210.0,Russia,Chelyabinsk,False,RW,17,5,7,12,2.41,0.41,0.29,0.71,9.6,5.8,1,1,2,3,0,0,0,0,0,0,2,0,1,50.0,2,81,41,12.2,4,21,19,16,12,12,8,1,1,0,100.0,2,4,4,8,0,401,173,159,75,18344,4324,4002,10169,COL,Central,Western
2025-2026,20251125,2,WPJ,4868,Nino Niederreiter,ROSTER,33.0,"6'2""",218.0,Switzerland,Chur,False,RW,21,4,9,13,1.57,0.43,0.19,0.62,17.5,11.6,1,1,4,5,0,0,0,1,0,0,0,0,0,0.0,5,59,33,12.1,7,15,11,30,14,18,4,4,3,1,75.0,4,8,2,4,0,386,190,131,69,18124,5291,1900,10933,WPG,,
2025-2026,20251125,22,COL,53057,Tristen Nielsen,ROSTER,25.0,"5'10""",192.0,Canada,"Fort St. John, BC",True,C,4,0,1,1,0.75,0.25,0.0,0.25,3.9,0.0,0,0,0,0,0,0,0,0,0,0,0,0,0,0.0,1,6,3,0.0,1,1,2,8,0,2,0,0,0,0,0.0,0,0,0,0,0,38,27,8,3,1513,147,71,1295,COL,Central,Western
2025-2026,20251125,3,CAR,56336,Alexander Nikishin,ROSTER,24.0,"6'3""",196.0,Russia,Orel,False,D,21,2,6,8,1.71,0.29,0.1,0.38,45.0,17.4,0,0,0,0,0,0,0,0,0,0,0,0,0,0.0,14,89,36,5.6,29,33,20,51,36,23,7,0,0,0,0.0,6,12,2,4,0,519,356,75,90,24710,4027,1206,19477,CAR,Metropolitan,Eastern
2025-2026,20251125,7,NJD,5544,Stefan Noesen,ROSTER,32.0,"6'1""",205.0,USA,"Plano, TX",False,RW,16,1,2,3,1.19,0.12,0.06,0.19,13.0,21.6,0,0,0,0,0,0,0,0,0,0,0,0,0,0.0,-4,37,19,5.3,7,7,11,18,11,10,1,14,7,7,50.0,5,13,3,9,1,283,143,80,59,11289,2484,578,8439,NJD,Metropolitan,Eastern
2025-2026,20251125,15,BUF,13634,Josh Norris,INJURY_LIST,26.0,"6'1""",199.0,USA,"Oxford, MI",False,C,1,0,0,0,4.0,0.0,0.0,0.0,0.4,0.0,0,0,0,0,0,0,0,0,0,0,0,0,0,0.0,0,4,4,0.0,0,0,0,1,3,1,0,12,4,8,33.3,0,0,0,0,0,24,14,1,9,1131,161,0,970,BUF,Atlantic,Eastern
2025-2026,20251125,10,PIT,5680,Thomas Novak,ROSTER,28.0,"6'1""",179.0,USA,"St. Paul, MN",False,C,21,2,5,7,1.38,0.24,0.1,0.33,9.0,8.7,0,1,1,2,0,0,0,1,0,0,0,0,0,0.0,-2,59,29,6.9,8,12,19,5,34,13,5,48,20,28,41.7,3,6,2,4,0,356,204,84,64,16282,2955,1187,11812,PIT,Metropolitan,Eastern
2025-2026,20251125,24,EDM,4993,Ryan Nugent-Hopkins,INJURY_LIST,32.0,"6'0""",184.0,Canada,"Burnaby, BC",False,C,16,5,11,16,1.44,0.69,0.31,1.0,6.2,5.8,1,2,7,9,0,0,0,0,0,0,2,0,0,0.0,-11,51,23,21.7,4,16,12,7,7,9,3,92,38,54,41.3,2,4,1,2,0,346,160,90,93,18057,5103,1596,10927,EDM,Pacific,Western
2025-2026,20251125,24,EDM,5464,Darnell Nurse,ROSTER,30.0,"6'4""",221.0,Canada,"Hamilton, ON",False,D,24,5,5,10,2.25,0.21,0.21,0.42,65.9,38.9,1,0,0,0,0,0,0,0,0,0,0,0,0,0.0,-8,122,54,9.3,59,42,26,35,25,20,4,0,0,0,0.0,9,29,3,9,1,583,337,90,153,29716,4836,1563,22881,EDM,Pacific,Western
2025-2026,20251125,12,TOR,5418,William Nylander,ROSTER,29.0,"6'0""",196.0,Canada,"Calgary, AB",False,RW,19,10,19,29,2.32,1.0,0.53,1.53,10.1,17.4,3,1,3,4,0,0,0,1,0,1,0,0,0,0.0,5,96,44,22.7,10,28,24,3,5,21,8,36,14,22,38.9,6,12,1,2,0,460,214,184,73,23116,6145,3031,13901,TOR,Atlantic,Eastern
2025-2026,20251125,143,SEA,56632,Jani Nyman,ROSTER,21.0,"6'4""",217.0,Finland,Valkeakoski,False,RW,15,3,0,3,1.27,0.0,0.2,0.2,7.0,8.7,1,1,0,1,0,0,0,0,0,0,0,0,0,0.0,2,40,19,15.8,2,9,12,14,16,6,1,5,2,3,40.0,3,6,4,8,0,209,166,21,25,9212,1348,312,7552,SEA,Pacific,Western
2025-2026,20251125,2,WPJ,5026,Gustav Nyquist,ROSTER,36.0,"5'11""",179.0,Sweden,Halmstad,False,RW,16,0,6,6,1.31,0.38,0.0,0.38,10.2,2.9,0,0,3,3,0,0,0,0,0,0,0,0,0,0.0,1,42,21,0.0,8,12,9,8,13,8,5,11,5,6,45.5,1,2,3,6,0,272,164,72,36,11844,3295,1120,7429,WPG,,
2025-2026,20251125,3,CAR,56329,Joel Nyström,ROSTER,23.0,"5'11""",170.0,Sweden,Karlstad,True,D,16,0,3,3,1.44,0.19,0.0,0.19,11.5,2.9,0,0,0,0,0,0,0,0,0,0,0,0,0,0.0,3,65,23,0.0,12,31,11,2,31,17,1,0,0,0,0.0,1,2,0,0,0,403,312,43,48,16741,1826,305,14610,CAR,Metropolitan,Eastern
2025-2026,20251125,30,UTA,5452,Liam O'Brien,ROSTER,31.0,"6'1""",215.0,Canada,"Halifax, NS",False,C,8,1,0,1,1.5,0.0,0.12,0.12,9.2,22.9,0,0,0,0,0,0,0,0,0,0,0,0,0,0.0,-5,26,12,8.3,4,7,7,15,9,3,1,0,0,0,0.0,3,12,2,10,2,109,61,20,29,4510,1067,417,3026,UTA,Central,Western
2025-2026,20251125,21,VAN,28409,Drew O'Connor,ROSTER,27.0,"6'3""",205.0,USA,"Wayne, New Jersey",True,LW,23,6,4,10,1.22,0.17,0.26,0.43,18.4,17.4,2,0,0,0,1,0,1,0,0,0,0,0,0,0.0,0,60,28,21.4,13,15,17,18,22,17,3,23,15,8,65.2,6,12,6,12,0,424,251,72,106,19487,2334,1311,15842,VAN,Pacific,Western
2025-2026,20251125,25,MIN,43372,Liam Ohgren,ROSTER,21.0,"6'1""",201.0,Sweden,Stockholm,True,LW,10,0,0,0,0.9,0.0,0.0,0.0,11.7,0.0,0,0,0,0,0,0,0,0,0,0,0,0,0,0.0,-4,17,9,0.0,6,8,0,17,11,3,0,2,2,0,100.0,0,0,0,0,0,121,94,5,22,5772,673,0,5099,MIN,Central,Western
2025-2026,20251125,143,SEA,5156,Jamie Oleksiak,ROSTER,32.0,"6'7""",255.0,Canada,"Toronto, ON",False,D,22,2,3,5,1.14,0.14,0.09,0.23,37.6,11.6,0,0,0,0,0,0,0,0,0,0,0,0,0,0.0,4,50,25,8.0,29,16,9,31,26,19,9,0,0,0,0.0,4,8,3,6,0,467,254,74,136,21725,4159,829,16504,SEA,Pacific,Western
2025-2026,20251125,19,CBJ,17349,Mathieu Olivier,ROSTER,28.0,"6'2""",210.0,USA,"Biloxi, Mississippi",False,RW,23,3,6,9,1.26,0.26,0.13,0.39,43.6,64.4,1,0,0,0,0,0,0,1,0,0,0,0,0,0.0,2,63,29,10.3,19,14,20,71,20,9,3,0,0,0,0.0,9,44,10,32,4,404,208,114,83,19318,3482,1379,14394,CBJ,Metropolitan,Eastern
2025-2026,20251125,22,COL,15140,Victor Olofsson,ROSTER,30.0,"5'11""",183.0,Sweden,Ornskoldsvik,False,LW,22,6,9,15,2.36,0.41,0.27,0.68,7.2,5.8,2,2,4,6,0,0,0,1,0,0,1,0,0,0.0,0,88,52,11.5,6,21,15,5,13,18,5,1,0,1,0.0,2,4,2,4,0,397,176,159,68,18819,5361,2320,11138,COL,Central,Western
2025-2026,20251125,18,NSH,4703,Ryan O'Reilly,ROSTER,34.0,"6'1""",216.0,Canada,"Clinton, ON",False,C,22,6,7,13,1.73,0.32,0.27,0.59,18.7,0.0,2,1,1,2,1,0,1,2,0,0,1,0,1,100.0,-3,64,38,15.8,18,9,17,7,20,10,16,396,229,167,57.8,0,0,1,2,0,507,248,136,130,25644,7933,3026,14811,NSH,Central,Western
2025-2026,20251125,26,SJS,5036,Dmitry Orlov,ROSTER,34.0,"5'11""",208.0,Russia,Novokuznetsk,False,D,23,0,13,13,1.3,0.57,0.0,0.57,39.7,20.3,0,0,5,5,0,0,0,0,0,0,0,0,0,0.0,1,63,30,0.0,31,22,11,32,27,34,6,0,0,0,0.0,7,14,2,4,0,565,288,116,161,30423,8080,1619,20725,SJS,Pacific,Western
2025-2026,20251125,26,SJS,34836,Zack Ostapchuk,ROSTER,22.0,"6'4""",203.0,Canada,"St. Albert, AB",True,C,5,0,0,0,0.8,0.0,0.0,0.0,5.9,2.9,0,0,0,0,0,0,0,0,0,0,0,0,0,0.0,-2,6,4,0.0,2,0,2,11,2,2,0,45,26,19,57.8,1,2,1,2,0,72,55,6,11,3035,347,48,2640,SJS,Pacific,Western
2025-2026,20251125,15,BUF,43366,Noah Ostlund,ROSTER,21.0,"5'10""",164.0,Sweden,Nykvarn,True,C,14,3,2,5,1.29,0.14,0.21,0.36,11.1,2.9,1,1,0,1,0,0,0,0,0,0,0,0,0,0.0,4,26,18,16.7,12,5,3,1,8,5,1,96,23,73,24.0,1,2,1,2,0,249,207,37,8,10941,1866,845,8230,BUF,Atlantic,Eastern
2025-2026,20251125,9,NYR,34526,Brennan Othmann,ASSIGNED_TO_MINORS,22.0,"6'0""",175.0,Canada,"Scarborough, ON",True,LW,1,0,0,0,1.0,0.0,0.0,0.0,0.7,0.0,0,0,0,0,0,0,0,0,0,0,0,0,0,0.0,-1,2,1,0.0,0,1,0,2,1,0,0,0,0,0,0.0,0,0,0,0,0,16,11,0,5,751,0,0,751,NYR,Metropolitan,Eastern
2025-2026,20251125,5,WSH,3495,Alex Ovechkin,ROSTER,40.0,"6'3""",236.0,Russia,Moscow,False,LW,23,10,11,21,2.35,0.48,0.43,0.91,19.4,5.8,3,1,3,4,0,0,0,3,0,0,2,2,0,0.0,7,157,54,18.5,5,58,45,40,7,26,2,1,1,0,100.0,2,4,2,4,0,468,270,122,82,24651,8432,2227,13657,WSH,Metropolitan,Eastern
2025-2026,20251125,23,CGY,18227,Brayden Pachal,ROSTER,26.0,"6'0""",200.0,Canada,"Estevan, SK",False,D,17,0,3,3,0.65,0.18,0.0,0.18,26.9,25.7,0,0,0,0,0,0,0,0,0,0,0,0,0,0.0,0,40,11,0.0,15,20,9,36,32,13,5,0,0,0,0.0,5,26,5,12,0,338,242,42,54,13673,1694,813,11166,CGY,Pacific,Western
2025-2026,20251125,8,NYI,5207,Jean-Gabriel Pageau,ROSTER,33.0,"5'10""",180.0,Canada,"Ottawa, ON",False,C,22,6,6,12,1.0,0.27,0.27,0.55,32.9,0.0,2,0,0,0,2,2,4,2,0,1,0,0,0,0.0,0,42,22,27.3,23,8,12,33,24,15,7,331,197,134,59.5,0,0,2,4,0,467,204,133,137,20324,4093,1317,14914,NYI,Metropolitan,Eastern
2025-2026,20251125,7,NJD,5178,Ondrej Palat,ROSTER,34.0,"5'11""",194.0,Czech Republic,Frydek-Mistek,False,LW,22,1,1,2,1.18,0.05,0.05,0.09,31.6,2.9,0,0,1,1,0,0,0,0,0,0,0,0,0,0.0,-1,48,26,3.8,19,7,15,39,33,8,3,4,1,3,25.0,1,2,6,12,0,408,214,87,107,16858,3750,884,12463,NJD,Metropolitan,Eastern
2025-2026,20251125,8,NYI,4796,Kyle Palmieri,ROSTER,34.0,"5'11""",185.0,USA,"Smithtown, NY",False,C,23,6,11,17,2.83,0.48,0.26,0.74,14.4,11.6,2,1,4,5,1,0,1,1,0,0,1,0,1,100.0,0,115,65,9.2,9,24,26,17,18,17,5,4,2,2,50.0,4,8,4,10,0,518,276,118,131,26402,8557,1497,16417,NYI,Metropolitan,Eastern
2025-2026,20251125,9,NYR,5811,Artemi Panarin,ROSTER,34.0,"5'11""",170.0,Russia,Korkino,False,LW,24,6,14,20,2.71,0.58,0.25,0.83,2.9,5.8,2,0,6,6,0,0,0,2,0,0,1,0,0,0.0,-5,164,65,9.2,2,55,46,3,9,30,5,0,0,0,0.0,2,4,1,2,0,546,271,124,142,29636,5849,1762,21178,NYR,Metropolitan,Eastern
2025-2026,20251125,17,STL,5826,Colton Parayko,ROSTER,32.0,"6'6""",230.0,Canada,"St. Albert, AB",False,D,23,0,7,7,1.13,0.3,0.0,0.3,57.3,14.5,0,0,0,0,0,0,0,0,0,0,0,0,0,0.0,-4,68,26,0.0,56,21,21,19,35,26,9,0,0,0,0.0,5,10,5,10,0,668,375,124,169,32221,6146,1690,24385,STL,Central,Western
2025-2026,20251125,23,CGY,142360,Zayne Parekh,ROSTER,,,,,,False,D,11,0,1,1,1.0,0.09,0.0,0.09,6.3,0.0,0,0,1,1,0,0,0,0,0,0,0,0,0,0.0,0,35,11,0.0,5,18,6,5,19,17,3,0,0,0,0.0,0,0,4,8,0,220,183,32,5,9744,1736,105,7903,CGY,Pacific,Western
2025-2026,20251125,9,NYR,34307,Juuso Parssinen,ROSTER,24.0,"6'2""",203.0,Finland,Hmeenlinna,True,C,14,2,1,3,0.86,0.07,0.14,0.21,15.5,2.9,0,0,0,0,0,0,0,0,0,0,0,0,0,0.0,3,21,12,16.7,9,4,5,20,11,6,3,29,14,15,48.3,1,2,2,4,0,184,129,24,29,7501,857,337,6117,NYR,Metropolitan,Eastern
2025-2026,20251125,11,BOS,5437,David Pastrnak,ROSTER,29.0,"6'0""",194.0,Czech Republic,Havirov,False,RW,24,11,18,29,3.54,0.75,0.46,1.21,21.0,20.3,3,5,8,13,0,0,0,2,0,0,0,0,0,0.0,-7,191,85,12.9,8,64,42,37,23,44,8,1,1,0,100.0,7,14,10,20,0,496,262,136,109,29024,8496,2223,18305,BOS,Atlantic,Eastern
2025-2026,20251125,1,TBL,5919,Nick Paul,ROSTER,30.0,"6'3""",219.0,Canada,"Mississauga, ON",False,LW,3,1,0,1,1.33,0.0,0.33,0.33,2.8,0.0,0,0,0,0,0,0,0,0,0,0,0,0,0,0.0,0,7,4,25.0,1,1,2,5,1,3,2,35,18,17,51.4,0,0,0,0,0,66,32,25,10,3100,1103,297,1700,TBL,Atlantic,Eastern
2025-2026,20251125,2,WPJ,5292,Tanner Pearson,ROSTER,33.0,"6'1""",201.0,Canada,"Kitchener, ON",False,LW,19,3,1,4,0.89,0.05,0.16,0.21,18.2,14.5,1,0,0,0,0,0,0,0,0,0,0,0,0,0.0,1,30,17,17.6,12,7,6,20,10,12,2,6,3,3,50.0,5,10,2,4,0,323,152,97,77,12604,2422,1808,8374,WPG,,
2025-2026,20251125,11,BOS,15999,Andrew Peeke,ROSTER,27.0,"6'3""",194.0,USA,"Parkland, FL",False,D,24,0,4,4,1.04,0.17,0.0,0.17,60.7,5.8,0,0,0,0,0,0,0,0,0,0,0,0,0,0.0,-2,60,25,0.0,54,18,17,33,36,25,6,0,0,0,0.0,2,4,1,2,0,601,333,99,169,28600,3928,1510,23162,BOS,Atlantic,Eastern
2025-2026,20251125,8,NYI,5856,Adam Pelech,ROSTER,31.0,"6'3""",218.0,Canada,"Toronto, ON",False,D,23,0,2,2,1.3,0.09,0.0,0.09,36.0,11.6,0,0,0,0,0,0,0,0,0,0,0,0,0,0.0,9,91,30,0.0,36,30,31,10,32,21,12,0,0,0,0.0,4,8,4,8,0,621,327,110,184,27056,4272,1399,21385,NYI,Metropolitan,Eastern
2025-2026,20251125,1,TBL,19088,Jakob Pelletier,ROSTER,24.0,"5'9""",165.0,Canada,"Quebec, QC",False,LW,1,0,0,0,0.0,0.0,0.0,0.0,1.3,0.0,0,0,0,0,0,0,0,0,0,0,0,0,0,0.0,0,3,0,0.0,1,0,3,1,1,0,0,1,1,0,100.0,0,0,0,0,0,11,7,4,0,372,30,26,316,TBL,Atlantic,Eastern
2025-2026,20251125,18,NSH,38801,Nicklaus Perbix,ROSTER,27.0,"6'4""",200.0,USA,"Minneapolis, MN",True,D,22,2,1,3,1.27,0.05,0.09,0.14,27.2,8.7,0,0,0,0,0,0,0,0,0,0,0,0,0,0.0,-10,67,28,7.1,25,28,11,13,24,24,6,0,0,0,0.0,3,6,0,0,0,555,335,109,113,27049,3334,2028,21687,NSH,Central,Western
2025-2026,20251125,2,WPJ,28522,Cole Perfetti,ROSTER,23.0,"5'10""",177.0,Canada,"Whitby, ON",True,C,7,1,2,3,2.0,0.29,0.14,0.43,4.7,2.9,0,1,1,2,0,0,0,0,0,0,0,0,0,0.0,-6,34,14,7.1,4,12,8,3,7,8,4,2,1,1,50.0,1,2,0,0,0,139,86,54,0,6748,2022,952,3774,WPG,,
2025-2026,20251125,9,NYR,142684,Gabe Perreault,ASSIGNED_TO_MINORS,,,,,,False,RW,3,0,1,1,0.67,0.33,0.0,0.33,4.0,0.0,0,0,1,1,0,0,0,0,0,0,0,0,0,0.0,2,4,2,0.0,4,1,1,1,3,2,0,0,0,0,0.0,0,0,0,0,0,55,52,3,0,2368,617,0,1751,NYR,Metropolitan,Eastern
2025-2026,20251125,13,OTT,4307,David Perron,ROSTER,37.0,"6'0""",200.0,Canada,"Sherbrooke, QC",False,LW,22,2,8,10,1.09,0.36,0.09,0.45,17.3,11.6,0,2,3,5,0,0,0,0,0,0,0,0,0,0.0,-3,42,24,8.3,8,8,10,27,15,11,4,3,0,3,0.0,4,8,5,10,0,451,219,114,120,18857,5130,1626,12101,OTT,Atlantic,Eastern
2025-2026,20251125,28,LAK,3626,Corey Perry,ROSTER,40.0,"6'3""",205.0,Canada,"Peterborough, ON",False,RW,17,7,6,13,2.06,0.35,0.41,0.76,6.3,21.6,2,1,4,5,0,0,0,0,0,0,3,1,0,0.0,5,64,35,20.0,5,14,15,5,17,12,1,6,3,3,50.0,5,13,6,17,1,279,148,87,51,14446,5075,1158,8213,LAK,Pacific,Western
2025-2026,20251125,7,NJD,5845,Brett Pesce,ROSTER,31.0,"6'3""",206.0,USA,"Tarrytown, NY",False,D,9,0,3,3,0.89,0.33,0.0,0.33,23.0,2.9,0,0,0,0,0,0,0,0,0,0,0,0,0,0.0,3,17,8,0.0,24,5,4,4,10,4,2,0,0,0,0.0,1,2,1,2,0,193,89,44,60,10614,1679,548,8387,NJD,Metropolitan,Eastern
2025-2026,20251125,30,UTA,28525,John-Jason Peterka,ROSTER,23.0,"5'11""",192.0,Germany,Munich,True,RW,23,9,7,16,2.0,0.3,0.39,0.7,7.2,11.6,3,0,0,0,0,0,0,1,0,0,0,0,0,0.0,3,93,46,19.6,6,31,16,5,18,22,7,11,4,7,36.4,4,8,3,6,0,476,278,86,121,22075,2654,704,18717,UTA,Central,Western
2025-2026,20251125,27,DAL,5213,Alex Petrovic,ROSTER,33.0,"6'4""",216.0,Canada,"Edmonton, AB",False,D,20,1,4,5,1.15,0.2,0.05,0.25,37.4,27.2,0,0,0,0,0,0,0,0,0,0,0,0,0,0.0,5,44,23,4.3,28,17,4,33,35,17,5,0,0,0,0.0,5,21,1,5,1,352,211,44,96,18013,4385,748,12801,DAL,Central,Western
2025-2026,20251125,4,FLO,4929,Jeff Petry,ROSTER,37.0,"6'3""",209.0,USA,"Ann Arbor, MI",False,D,22,0,5,5,0.68,0.23,0.0,0.23,28.5,17.4,0,0,2,2,0,0,0,0,0,0,0,0,0,0.0,-3,47,15,0.0,26,21,11,14,35,20,0,0,0,0,0.0,6,12,0,0,0,434,236,71,127,19170,4682,1012,13476,FLA,,
2025-2026,20251125,21,VAN,15084,Elias Pettersson,ROSTER,27.0,"6'2""",176.0,Sweden,Sundsvall,False,C,23,7,13,20,1.7,0.57,0.3,0.87,49.6,5.8,2,2,6,8,1,0,1,0,0,0,2,1,0,0.0,-6,90,39,17.9,45,21,30,25,23,24,11,506,240,266,47.4,2,4,6,12,0,539,289,164,91,28247,5351,4496,18400,VAN,Pacific,Western
2025-2026,20251125,21,VAN,56700,Elias Nils Pettersson,ROSTER,21.0,"6'2""",185.0,Sweden,Västerås,False,D,22,0,2,2,0.59,0.09,0.0,0.09,37.9,11.6,0,0,0,0,0,0,0,0,0,0,0,0,0,0.0,-5,42,13,0.0,31,20,9,27,30,22,5,0,0,0,0.0,4,8,6,15,0,420,318,26,76,18060,1940,424,15696,VAN,Pacific,Western
2025-2026,20251125,21,VAN,14114,Marcus Pettersson,ROSTER,29.0,"6'3""",177.0,Sweden,Skellefteå,False,D,23,1,3,4,0.7,0.13,0.04,0.17,38.9,39.0,0,0,0,0,0,0,0,0,0,0,0,0,0,0.0,3,47,16,6.2,38,13,18,13,48,24,5,0,0,0,0.0,11,25,1,5,1,564,290,90,185,28690,3728,1393,23569,VAN,Pacific,Western
2025-2026,20251125,24,EDM,39040,Noah Philp,ROSTER,27.0,"6'3""",200.0,Canada,"Canmore, AB",True,C,15,2,1,3,0.8,0.07,0.13,0.2,10.8,5.8,0,0,0,0,0,0,0,0,0,0,0,0,0,0.0,-7,19,12,16.7,2,6,1,24,12,7,4,102,58,44,56.9,2,4,2,4,0,203,113,61,30,9036,1648,921,6453,EDM,Pacific,Western
2025-2026,20251125,10,PIT,43371,Owen Pickering,ROSTER,21.0,"6'4""",180.0,Canada,"St. Adolphe, MB",True,D,4,0,0,0,0.25,0.0,0.0,0.0,2.2,2.9,0,0,0,0,0,0,0,0,0,0,0,0,0,0.0,-3,6,1,0.0,2,4,1,1,6,4,1,0,0,0,0.0,1,2,0,0,0,73,60,2,11,2903,311,32,2560,PIT,Metropolitan,Eastern
2025-2026,20251125,13,OTT,30027,Shane Pinto,ROSTER,25.0,"6'3""",201.0,USA,"Franklin Square, NY",True,C,22,10,6,16,2.5,0.27,0.45,0.73,20.9,17.4,3,1,0,1,0,1,1,1,0,0,1,0,1,100.0,1,116,55,18.2,15,28,33,20,25,22,6,254,139,115,54.7,6,12,7,14,0,588,279,115,205,25573,3499,1002,21223,OTT,Atlantic,Eastern
2025-2026,20251125,2,WPJ,14095,Neal Pionk,ROSTER,30.0,"6'0""",186.0,USA,"Hermantown, MN",False,D,21,1,4,5,2.05,0.19,0.05,0.24,47.9,14.5,0,1,1,2,0,0,0,1,0,0,0,0,0,0.0,0,101,43,2.3,36,41,17,42,18,23,4,0,0,0,0.0,5,10,2,4,0,581,347,163,72,28636,5531,3530,19575,WPG,,
2025-2026,20251125,25,MIN,5274,Tyler Pitlick,ROSTER,34.0,"6'2""",200.0,USA,"Minneapolis, MN",False,C,12,0,0,0,0.75,0.0,0.0,0.0,17.1,24.9,0,0,0,0,0,0,0,0,0,0,0,0,0,0.0,-3,15,9,0.0,7,2,4,29,10,3,1,1,0,1,0.0,3,22,2,7,1,122,65,41,17,5697,1520,299,3878,MIN,Central,Western
2025-2026,20251125,24,EDM,30369,Vasily Podkolzin,ROSTER,24.0,"6'1""",190.0,Russia,Moscow,True,RW,24,4,5,9,1.5,0.21,0.17,0.38,40.3,15.8,1,0,0,0,0,0,0,2,0,0,0,0,0,0.0,6,60,36,11.1,15,11,13,72,23,14,4,17,7,10,41.2,3,9,3,9,1,450,289,124,32,21855,5138,2167,14141,EDM,Pacific,Western
2025-2026,20251125,29,ANA,13640,Ryan Poehling,ROSTER,26.0,"6'2""",204.0,USA,"Lakeville, MN",False,C,16,1,5,6,0.69,0.31,0.06,0.38,14.3,5.8,0,0,0,0,0,0,0,0,0,0,0,0,0,0.0,-2,25,11,9.1,13,7,7,7,17,10,2,178,80,98,44.9,2,4,3,6,0,296,138,53,106,12033,1475,473,10085,ANA,Pacific,Western
2025-2026,20251125,1,TBL,10079,Brayden Point,ROSTER,29.0,"5'10""",166.0,Canada,"Calgary, AB",False,C,21,3,8,11,2.1,0.38,0.14,0.52,8.3,8.7,1,1,2,3,0,0,0,0,0,0,0,0,0,0.0,-11,81,44,6.8,8,18,19,3,12,16,3,234,105,129,44.9,3,6,5,10,0,455,228,146,84,23767,6116,4126,13525,TBL,Atlantic,Eastern
2025-2026,20251125,22,COL,79720,Jason Polin,ROSTER,26.0,"6'0""",198.0,USA,"Holt, MI",True,RW,2,0,0,0,0.0,0.0,0.0,0.0,4.8,0.0,0,0,0,0,0,0,0,0,0,0,0,0,0,0.0,1,0,0,0.0,2,0,0,8,1,0,0,0,0,0,0.0,0,0,0,0,0,19,16,2,1,717,38,51,628,COL,Central,Western
2025-2026,20251125,10,PIT,28491,Sam Poulin,ROSTER,24.0,"6'1""",208.0,Canada,"Blainville, QC",True,RW,2,0,0,0,0.5,0.0,0.0,0.0,2.5,0.0,0,0,0,0,0,0,0,0,0,0,0,0,0,0.0,-2,6,1,0.0,2,1,4,2,5,1,1,0,0,0,0.0,0,0,0,0,0,30,21,6,3,1658,289,59,1310,PIT,Metropolitan,Eastern
2025-2026,20251125,15,BUF,34475,Owen Power,ROSTER,23.0,"6'6""",214.0,Canada,"Mississauga, ON",True,D,21,2,5,7,1.14,0.24,0.1,0.33,23.4,5.8,0,0,0,0,0,2,2,0,0,0,0,0,0,0.0,-5,66,24,8.3,22,25,17,10,27,23,8,0,0,0,0.0,2,4,1,2,0,558,348,88,124,26201,3401,1172,21628,BUF,Atlantic,Eastern
2025-2026,20251125,5,WSH,28499,Aliaksei Protas,ROSTER,24.0,"6'5""",190.0,Belarus,Vitebsk,True,C,23,6,8,14,2.04,0.35,0.26,0.61,21.5,5.8,2,0,1,1,0,0,0,1,0,0,0,0,0,0.0,14,99,47,12.8,19,21,31,12,15,26,7,18,5,13,27.8,2,4,5,10,0,535,331,123,82,25093,4493,1482,18877,WSH,Metropolitan,Eastern
2025-2026,20251125,19,CBJ,5602,Ivan Provorov,ROSTER,28.0,"6'1""",201.0,Russia,Yaroslavl,False,D,23,3,4,7,1.96,0.17,0.13,0.3,39.0,11.6,1,0,0,0,0,0,0,0,0,0,0,0,0,0.0,3,96,45,6.7,39,30,21,11,29,36,10,0,0,0,0.0,4,8,3,6,0,603,313,147,142,34732,5000,1998,27469,CBJ,Metropolitan,Eastern
2025-2026,20251125,8,NYI,5815,Ryan Pulock,ROSTER,31.0,"6'2""",217.0,Canada,"Dauphin, MB",False,D,23,0,9,9,1.13,0.39,0.0,0.39,39.0,2.9,0,0,0,0,0,1,1,0,0,0,0,0,0,0.0,7,65,26,0.0,36,26,13,18,28,27,8,0,0,0,0.0,1,2,0,0,0,642,348,208,86,28011,3936,3051,21024,NYI,Metropolitan,Eastern
2025-2026,20251125,12,TOR,133787,Jacob Quillan,ROSTER,23.0,"6'0""",201.0,Canada,"Dartmouth, NS",True,C,2,0,0,0,0.5,0.0,0.0,0.0,2.2,0.0,0,0,0,0,0,0,0,0,0,0,0,0,0,0.0,1,1,1,0.0,0,0,0,6,2,2,0,8,3,5,37.5,0,0,0,0,0,26,25,1,0,1039,74,0,965,TOR,Atlantic,Eastern
2025-2026,20251125,15,BUF,28524,Jack Quinn,ROSTER,24.0,"6'0""",176.0,Canada,"Ottawa, ON",True,RW,22,5,6,11,1.95,0.27,0.23,0.5,14.0,0.0,1,2,0,2,0,0,0,2,0,0,1,0,0,0.0,-5,83,43,11.6,11,17,23,11,26,19,6,6,0,6,0.0,0,0,1,2,0,465,282,74,114,21476,3055,1197,17224,BUF,Atlantic,Eastern
2025-2026,20251125,1,TBL,18138,Darren Raddysh,ROSTER,29.0,"6'0""",201.0,Canada,"Caledon, ON",False,D,16,2,7,9,1.88,0.44,0.12,0.56,14.0,15.8,0,0,3,3,0,0,0,0,0,0,0,0,0,0.0,-4,72,30,6.7,11,26,16,11,29,11,2,0,0,0,0.0,3,9,1,5,1,325,182,76,70,17180,4233,2114,10837,TBL,Atlantic,Eastern
2025-2026,20251125,9,NYR,15229,Taylor Raddysh,ROSTER,27.0,"6'2""",198.0,Canada,"Toronto, ON",False,RW,24,5,1,6,0.92,0.04,0.21,0.25,17.2,4.4,1,0,0,0,1,0,1,0,0,0,0,0,0,0.0,2,34,22,22.7,10,3,9,22,8,10,5,4,0,4,0.0,2,2,0,0,0,420,229,95,92,17563,3315,1140,12617,NYR,Metropolitan,Eastern
2025-2026,20251125,10,PIT,5144,Rickard Rakell,INJURY_LIST,32.0,"6'0""",196.0,Sweden,Sundbyberg,False,RW,9,3,5,8,1.89,0.56,0.33,0.89,12.3,2.9,1,1,2,3,0,1,1,0,0,0,0,0,0,0.0,1,36,17,17.6,10,9,10,9,12,4,3,6,1,5,16.7,1,2,0,0,0,195,79,90,21,9580,1467,2444,5305,PIT,Metropolitan,Eastern
2025-2026,20251125,27,DAL,5605,Mikko Rantanen,ROSTER,29.0,"6'4""",215.0,Finland,Nousiainen,False,RW,22,10,18,28,2.64,0.82,0.45,1.27,18.4,69.0,3,4,11,15,0,0,0,1,0,0,3,1,1,33.33,-4,113,58,17.2,13,30,25,18,24,19,2,29,14,15,48.3,16,57,13,29,1,488,255,95,142,27243,7252,1171,18657,DAL,Central,Western
2025-2026,20251125,16,DET,13624,Michael Rasmussen,ROSTER,26.0,"6'6""",221.0,Canada,"Surrey, BC",False,C,19,2,3,5,0.84,0.16,0.11,0.26,19.6,5.8,0,0,0,0,0,0,0,0,0,0,0,0,0,0.0,-4,37,16,12.5,14,6,16,19,17,5,1,115,68,47,59.1,2,4,1,2,0,331,177,70,86,13284,2121,738,10425,DET,Atlantic,Eastern
2025-2026,20251125,21,VAN,32262,Aatu Raty,ROSTER,23.0,"6'2""",185.0,Finland,Oulu,True,C,21,1,5,6,0.76,0.24,0.05,0.29,24.6,14.5,0,0,0,0,0,0,0,0,0,0,0,0,0,0.0,1,46,16,6.2,7,9,21,49,18,10,2,257,146,111,56.8,5,10,2,4,0,391,265,59,68,15741,2897,821,12023,VAN,Pacific,Western
2025-2026,20251125,16,DET,19050,Lucas Raymond,ROSTER,23.0,"5'11""",170.0,Sweden,Goteborg,True,LW,21,7,17,24,2.52,0.81,0.33,1.14,9.8,5.8,2,1,6,7,0,0,0,2,0,0,2,0,1,50.0,7,105,53,13.2,8,28,24,7,15,21,13,1,1,0,100.0,2,4,10,20,0,465,279,80,114,23003,4900,1261,17017,DET,Atlantic,Eastern
2025-2026,20251125,26,SJS,4892,Ryan Reaves,ROSTER,38.0,"6'2""",225.0,Canada,"Winnipeg, MB",False,RW,19,2,0,2,0.63,0.0,0.11,0.11,29.4,35.8,0,0,0,0,0,0,0,0,0,0,0,0,0,0.0,-5,21,12,16.7,4,4,5,69,7,8,2,0,0,0,0.0,5,19,4,17,3,203,119,47,40,8593,2679,416,5501,SJS,Pacific,Western
2025-2026,20251125,24,EDM,24516,Alec Regula,ROSTER,25.0,"6'4""",203.0,USA,"West Bloomfield, MI",False,D,10,0,0,0,0.5,0.0,0.0,0.0,8.5,5.8,0,0,0,0,0,0,0,0,0,0,0,0,0,0.0,-8,13,5,0.0,7,4,4,6,20,5,2,0,0,0,0.0,2,4,0,0,0,161,88,40,32,7510,1709,473,5256,EDM,Pacific,Western
2025-2026,20251125,20,CHI,30422,Lukas Reichel,ROSTER,23.0,"6'0""",170.0,Germany,Nürnberg,True,LW,5,2,2,4,1.2,0.4,0.4,0.8,3.1,2.9,0,0,0,0,0,0,0,0,0,0,0,0,0,0.0,1,10,6,33.3,3,2,2,1,1,4,1,7,2,5,28.6,1,2,0,0,0,66,38,8,22,2959,149,68,2742,CHI,Central,Western
2025-2026,20251125,20,CHI,30422,Lukas Reichel,ROSTER,23.0,"6'0""",170.0,Germany,Nürnberg,True,LW,5,2,2,4,1.2,0.4,0.4,0.8,3.1,2.9,0,0,0,0,0,0,0,0,0,0,0,0,0,0.0,1,10,6,33.3,3,2,2,1,1,4,1,7,2,5,28.6,1,2,0,0,0,66,38,8,22,2959,149,68,2742,CHI,Central,Western
2025-2026,20251125,21,VAN,30422,Lukas Reichel,ROSTER,23.0,"6'0""",170.0,Germany,Nürnberg,True,LW,13,0,1,1,0.69,0.08,0.0,0.08,9.4,5.8,0,0,0,0,0,0,0,0,0,0,0,0,0,0.0,-5,26,9,0.0,8,6,11,6,10,9,1,110,44,66,40.0,2,4,0,0,0,227,154,39,34,10711,1652,867,8192,VAN,Pacific,Western
2025-2026,20251125,21,VAN,30422,Lukas Reichel,ROSTER,23.0,"6'0""",170.0,Germany,Nürnberg,True,LW,13,0,1,1,0.69,0.08,0.0,0.08,9.4,5.8,0,0,0,0,0,0,0,0,0,0,0,0,0,0.0,-5,26,9,0.0,8,6,11,6,10,9,1,110,44,66,40.0,2,4,0,0,0,227,154,39,34,10711,1652,867,8192,VAN,Pacific,Western
2025-2026,20251125,3,CAR,5814,Mike Reilly,ROSTER,32.0,"6'1""",200.0,USA,"Chanhassen, MN",False,D,19,1,4,5,1.68,0.21,0.05,0.26,23.6,8.7,0,0,0,0,1,0,1,0,0,0,0,0,0,0.0,11,83,32,3.1,23,32,19,8,22,12,1,0,0,0,0.0,3,6,3,6,0,454,247,85,123,18977,3489,957,14531,CAR,Metropolitan,Eastern
2025-2026,20251125,142,VGK,30061,Cole Reinhardt,ROSTER,25.0,"6'1""",203.0,Canada,"Calgary, AB",True,LW,16,1,2,3,0.5,0.12,0.06,0.19,11.0,8.7,0,0,0,0,0,0,0,0,0,0,0,0,0,0.0,-3,27,8,12.5,1,10,9,27,6,10,1,5,2,3,40.0,3,6,8,16,0,211,140,62,10,8855,1953,1022,5880,VGK,Pacific,Western
2025-2026,20251125,4,FLO,5416,Sam Reinhart,ROSTER,30.0,"6'1""",194.0,Canada,"North Vancouver, BC",False,C,22,13,8,21,2.86,0.36,0.59,0.95,24.0,2.9,4,4,4,8,1,0,1,5,0,0,2,0,0,0.0,-8,141,63,20.6,18,26,52,21,35,19,5,68,22,46,32.4,1,2,4,8,0,526,233,168,138,27781,5378,4150,18253,FLA,,
2025-2026,20251125,9,NYR,34418,Matt Rempe,ROSTER,23.0,"6'8""",205.0,Canada,"Calgary, AB",True,C,9,1,0,1,0.89,0.0,0.11,0.11,13.0,12.9,0,0,0,0,0,0,0,0,0,0,0,0,0,0.0,1,16,8,12.5,2,3,5,30,7,2,1,5,2,3,40.0,2,7,2,7,1,122,83,32,2,5296,1096,359,3591,NYR,Metropolitan,Eastern
2025-2026,20251125,12,TOR,5261,Morgan Rielly,ROSTER,31.0,"6'1""",219.0,Canada,"West Vancouver, BC",False,D,21,3,14,17,2.0,0.67,0.14,0.81,26.5,2.9,1,0,2,2,0,0,0,1,0,0,0,0,0,0.0,-6,105,42,7.1,25,35,28,11,33,39,6,0,0,0,0.0,1,2,1,2,0,610,343,136,134,27955,6275,2037,19643,TOR,Atlantic,Eastern
2025-2026,20251125,20,CHI,56353,Sam Rinzel,ROSTER,21.0,"6'3""",180.0,USA,"Chanhassen, MN",False,D,21,1,5,6,1.43,0.24,0.05,0.29,30.8,28.8,0,0,0,0,0,0,0,0,0,0,0,0,0,0.0,2,88,30,3.3,26,38,20,20,27,29,2,0,0,0,0.0,8,24,2,4,0,418,310,48,58,22096,3343,280,18260,CHI,Central,Western
2025-2026,20251125,8,NYI,134181,Calum Ritchie,ROSTER,20.0,"6'2""",185.0,Canada,"Oakville, ON",True,C,13,2,1,3,1.08,0.08,0.15,0.23,7.9,11.6,0,0,0,0,0,0,0,1,0,0,0,0,0,0.0,2,26,14,14.3,8,4,8,2,14,13,0,88,37,51,42.0,4,8,1,2,0,207,149,23,37,8618,842,82,7694,NYI,Metropolitan,Eastern
2025-2026,20251125,27,DAL,18026,Jason Robertson,ROSTER,26.0,"6'2""",194.0,USA,"Northville, MI",False,LW,22,13,15,28,4.36,0.68,0.59,1.27,15.5,2.9,4,4,6,10,0,0,0,1,0,0,4,0,3,75.0,9,162,96,13.5,11,31,35,15,23,34,11,1,0,1,0.0,1,2,5,10,0,482,256,127,108,26866,6273,2175,18299,DAL,Central,Western
2025-2026,20251125,9,NYR,29769,Matthew Robertson,ROSTER,24.0,"6'4""",202.0,Canada,"Sherwood Park, AB",True,D,15,1,0,1,0.73,0.0,0.07,0.07,26.0,8.7,0,0,0,0,0,0,0,0,0,0,0,0,0,0.0,-7,37,11,9.1,19,16,10,24,23,10,0,0,0,0,0.0,3,6,0,0,0,324,204,43,78,14487,1925,410,12152,NYR,Metropolitan,Eastern
2025-2026,20251125,12,TOR,20226,Nicholas Robertson,ROSTER,24.0,"5'9""",162.0,USA,"Pasadena, CA",True,LW,21,5,6,11,1.76,0.29,0.24,0.52,17.8,0.0,1,1,0,1,0,0,0,1,0,0,0,0,0,0.0,-5,60,37,13.5,9,8,15,26,13,18,5,2,1,1,50.0,0,0,1,2,0,373,223,108,47,16779,3303,1452,12024,TOR,Atlantic,Eastern
2025-2026,20251125,3,CAR,14154,Eric Robinson,ROSTER,30.0,"6'2""",197.0,USA,"Bellmawr, New Jersey",False,LW,16,5,1,6,1.25,0.06,0.31,0.38,9.3,2.9,1,0,0,0,0,0,0,1,0,0,0,0,0,0.0,6,39,20,25.0,2,7,12,20,20,7,2,2,0,2,0.0,1,2,2,4,0,238,124,59,60,10531,1255,700,8576,CAR,Metropolitan,Eastern
2025-2026,20251125,4,FLO,9075,Evan Rodrigues,ROSTER,32.0,"5'11""",184.0,Canada,"Toronto, ON",False,C,22,6,6,12,2.36,0.27,0.27,0.55,19.2,11.6,2,0,2,2,0,0,0,0,0,0,1,0,0,0.0,4,90,52,11.5,11,16,22,25,21,16,7,235,103,132,43.8,4,8,7,19,0,486,251,144,95,22646,3794,3092,15744,FLA,,
2025-2026,20251125,8,NYI,14561,Alexander Romanov,INJURY_LIST,25.0,"6'1""",209.0,Russia,Moscow,True,D,15,0,1,1,1.13,0.07,0.0,0.07,39.3,8.7,0,0,0,0,0,0,0,0,0,0,0,0,0,0.0,-7,38,17,0.0,31,13,8,31,40,18,4,0,0,0,0.0,3,6,4,11,0,351,240,35,76,17500,2381,622,14497,NYI,Metropolitan,Eastern
2025-2026,20251125,15,BUF,34464,Isak Rosen,ASSIGNED_TO_MINORS,22.0,"5'11""",156.0,Sweden,Stockholm,True,RW,10,3,4,7,1.2,0.4,0.3,0.7,9.9,0.0,1,0,2,2,0,0,0,0,0,0,0,0,0,0.0,-2,31,12,25.0,9,10,9,5,9,8,3,1,1,0,100.0,0,0,2,4,0,200,131,32,40,9026,1909,206,6911,BUF,Atlantic,Eastern
2025-2026,20251125,24,EDM,5620,Jack Roslovic,ROSTER,28.0,"6'1""",187.0,USA,"Columbus, OH",False,C,22,9,8,17,2.27,0.36,0.41,0.77,8.0,11.6,3,2,2,4,0,0,0,2,0,2,0,0,0,0.0,2,88,50,18.0,6,13,25,7,16,21,6,46,27,19,58.7,4,8,4,8,0,429,217,164,47,23252,5916,3784,13125,EDM,Pacific,Western
2025-2026,20251125,25,MIN,28380,Marco Rossi,INJURY_LIST,24.0,"5'9""",183.0,Austria,Feldkirch,True,C,17,4,9,13,1.59,0.53,0.24,0.76,11.3,2.9,1,0,5,5,0,0,0,0,0,0,1,0,1,100.0,-6,55,27,14.8,8,13,15,11,17,13,5,220,107,113,48.6,1,2,2,4,0,349,205,82,67,18462,3218,1212,14272,MIN,Central,Western
2025-2026,20251125,14,MTL,38746,Joshua Roy,ASSIGNED_TO_MINORS,22.0,"6'0""",190.0,Canada,"St-Georges-de-Beauce, QC",True,RW,3,0,0,0,0.67,0.0,0.0,0.0,2.2,2.9,0,0,0,0,0,0,0,0,0,0,0,0,0,0.0,0,6,2,0.0,0,2,2,6,1,3,0,0,0,0,0.0,1,2,0,0,0,37,19,9,9,1762,323,6,1433,MTL,Atlantic,Eastern
2025-2026,20251125,5,WSH,5789,Matt Roy,ROSTER,30.0,"6'1""",200.0,USA,"Canton, MI",False,D,23,1,3,4,1.43,0.13,0.04,0.17,53.2,5.8,0,0,0,0,0,0,0,0,0,0,0,0,0,0.0,13,73,33,3.0,49,28,12,25,48,21,3,0,0,0,0.0,2,4,2,4,0,508,252,77,178,28222,3104,1129,24136,WSH,Metropolitan,Eastern
2025-2026,20251125,12,TOR,14391,Nicolas Roy,ROSTER,28.0,"6'4""",200.0,Canada,"Amos, QC",False,C,19,1,3,4,1.11,0.16,0.05,0.21,17.0,5.8,0,0,0,0,0,0,0,0,0,0,0,0,0,0.0,-4,35,21,4.8,11,6,8,19,14,21,9,241,125,116,51.9,2,4,3,8,0,399,198,124,78,17005,2961,2528,11516,TOR,Atlantic,Eastern
2025-2026,20251125,10,PIT,5500,Bryan Rust,ROSTER,33.0,"5'11""",192.0,USA,"Pontiac, MI",False,RW,19,5,10,15,2.37,0.53,0.26,0.79,20.2,8.7,1,1,6,7,0,0,0,3,0,0,3,0,1,33.33,-2,78,45,11.1,20,9,24,6,21,24,4,1,0,1,0.0,3,6,6,12,0,446,190,203,59,22976,4515,4881,13686,PIT,Metropolitan,Eastern
2025-2026,20251125,142,VGK,5014,Brandon Saad,ROSTER,33.0,"6'1""",206.0,USA,"Pittsburgh, PA",False,LW,22,1,3,4,1.55,0.14,0.05,0.18,10.6,11.6,0,0,0,0,0,0,0,0,0,0,0,0,0,0.0,2,66,34,2.9,11,19,13,2,9,17,5,20,6,14,30.0,4,8,2,4,0,411,199,121,93,18580,5481,1618,11469,VGK,Pacific,Western
2025-2026,20251125,1,TBL,13703,Scott Sabourin,ASSIGNED_TO_MINORS,33.0,"6'4""",207.0,Canada,"Orleans, ON",True,RW,3,1,1,2,1.67,0.33,0.33,0.67,3.1,20.1,0,0,0,0,0,0,0,0,0,0,0,0,0,0.0,1,11,5,20.0,1,1,5,6,7,2,0,1,0,1,0.0,5,18,4,8,0,45,19,14,13,1862,390,91,1381,TBL,Atlantic,Eastern
2025-2026,20251125,2,WPJ,28449,Dylan Samberg,ROSTER,26.0,"6'3""",190.0,USA,"Saginaw, MN",True,D,5,0,0,0,1.4,0.0,0.0,0.0,12.6,0.0,0,0,0,0,0,0,0,0,0,0,0,0,0,0.0,-2,22,7,0.0,12,10,5,5,5,6,2,0,0,0,0.0,0,0,0,0,0,141,88,17,36,6792,841,358,5593,WPG,,
2025-2026,20251125,4,FLO,37976,Mackie Samoskevich,ROSTER,23.0,"5'11""",191.0,USA,"Newtown, CT",True,RW,22,3,9,12,2.09,0.41,0.14,0.55,19.9,8.7,1,2,3,5,0,0,0,0,0,0,0,0,0,0.0,0,97,46,6.5,8,26,25,34,33,11,2,0,0,0,0.0,3,6,9,18,0,431,302,102,30,19859,4455,1365,14039,FLA,,
2025-2026,20251125,15,BUF,14555,Mattias Samuelsson,ROSTER,25.0,"6'4""",218.0,USA,"Voorhees, New Jersey",True,D,20,5,6,11,1.2,0.3,0.25,0.55,52.6,5.8,1,0,0,0,0,0,0,2,0,1,0,0,0,0.0,9,51,24,20.8,47,19,9,28,41,12,2,0,0,0,0.0,2,4,3,6,0,525,274,73,183,26014,1945,846,23223,BUF,Atlantic,Eastern
2025-2026,20251125,13,OTT,37996,Jake Sanderson,ROSTER,23.0,"6'3""",195.0,USA,"Whitefish, MT",True,D,22,3,12,15,2.14,0.55,0.14,0.68,37.4,2.9,1,1,5,6,0,0,0,0,0,0,0,0,0,0.0,1,135,47,6.4,38,54,34,9,59,25,16,0,0,0,0.0,1,2,4,8,0,677,359,103,218,32189,4807,945,26437,OTT,Atlantic,Eastern
2025-2026,20251125,5,WSH,14552,Rasmus Sandin,ROSTER,25.0,"5'11""",183.0,Sweden,Uppsala,True,D,18,2,5,7,1.17,0.28,0.11,0.39,37.0,5.8,0,0,0,0,0,0,0,0,0,0,0,0,0,0.0,7,51,21,9.5,28,16,14,32,23,23,7,0,0,0,0.0,2,4,0,0,0,395,214,81,102,20580,2312,1368,16835,WSH,Metropolitan,Eastern
2025-2026,20251125,16,DET,133971,Axel Sandin-Pellikka,ROSTER,20.0,"5'11""",181.0,Sweden,Gallivare,True,D,23,2,4,6,1.13,0.17,0.09,0.26,20.2,11.6,0,0,2,2,0,0,0,0,0,0,0,0,0,0.0,-11,89,26,7.7,20,39,24,6,43,22,3,0,0,0,0.0,4,8,3,6,0,541,401,58,84,25779,4275,258,21246,DET,Atlantic,Eastern
2025-2026,20251125,6,PHI,11718,Travis Sanheim,ROSTER,29.0,"6'3""",181.0,Canada,"Elkhorn, MB",False,D,21,2,5,7,1.38,0.24,0.1,0.33,41.8,11.6,0,0,0,0,0,0,0,1,0,1,0,0,0,0.0,-2,75,29,6.9,40,22,24,16,30,34,7,0,0,0,0.0,4,8,3,6,0,645,334,81,233,32061,3934,1261,26866,PHI,Metropolitan,Eastern
2025-2026,20251125,1,TBL,9078,Steven Santini,ROSTER,30.0,"6'2""",205.0,USA,"Mahopac, NY",False,D,3,0,0,0,0.33,0.0,0.0,0.0,4.2,0.0,0,0,0,0,0,0,0,0,0,0,0,0,0,0.0,1,5,1,0.0,3,4,0,4,5,1,0,0,0,0,0.0,0,0,0,0,0,49,32,5,12,2058,223,157,1678,TBL,Atlantic,Eastern
2025-2026,20251125,21,VAN,79679,Max Sasson,ROSTER,25.0,"6'1""",181.0,USA,"Birmingham, MI",True,C,20,4,1,5,0.75,0.05,0.2,0.25,17.5,2.9,1,0,1,1,0,0,0,0,0,0,0,0,0,0.0,-2,27,15,26.7,15,4,8,11,18,11,4,111,48,63,43.2,1,2,2,4,0,312,251,40,25,12943,1929,788,10226,VAN,Pacific,Western
2025-2026,20251125,24,EDM,43365,Matthew Savoie,ROSTER,21.0,"5'9""",175.0,Canada,"St. Albert, AB",True,C,24,3,3,6,1.29,0.12,0.12,0.25,10.5,0.0,1,1,1,2,0,0,0,0,0,0,1,0,0,0.0,-5,60,31,9.7,10,11,18,4,26,18,9,13,5,8,38.5,0,0,5,10,0,449,327,59,61,20183,3481,33,16435,EDM,Pacific,Western
2025-2026,20251125,8,NYI,168063,Matthew Schaefer,ROSTER,18.0,"6'2""",183.0,Canada,"Hamilton, ON",True,D,23,7,8,15,2.78,0.35,0.3,0.65,28.3,13.1,2,4,3,7,0,0,0,2,0,1,0,0,0,0.0,8,140,64,10.9,27,55,21,11,58,30,10,0,0,0,0.0,5,8,13,28,0,620,520,46,60,31742,4811,476,26455,NYI,Metropolitan,Eastern
2025-2026,20251125,2,WPJ,5003,Mark Scheifele,ROSTER,32.0,"6'3""",207.0,Canada,"Kitchener, ON",False,C,21,11,17,28,2.33,0.81,0.52,1.33,7.2,17.2,3,3,3,6,0,1,1,2,0,0,0,0,0,0.0,6,80,49,22.4,6,7,24,5,22,34,4,351,181,170,51.6,4,16,9,18,0,467,222,136,120,25598,6702,1652,17244,WPG,,
2025-2026,20251125,17,STL,4712,Brayden Schenn,ROSTER,34.0,"6'1""",200.0,Canada,"Saskatoon, SK",False,C,23,4,4,8,1.43,0.17,0.17,0.35,26.0,28.7,1,0,1,1,0,0,0,0,0,0,1,1,0,0.0,-14,71,33,12.1,9,19,19,48,13,22,6,230,125,105,54.3,5,16,6,18,2,495,260,107,132,23269,7106,940,15223,STL,Central,Western
2025-2026,20251125,2,WPJ,4552,Luke Schenn,ROSTER,36.0,"6'2""",227.0,Canada,"Saskatoon, SK",False,D,16,0,2,2,0.81,0.12,0.0,0.12,31.9,22.9,0,0,0,0,0,0,0,0,0,0,0,0,0,0.0,-4,36,13,0.0,21,16,7,35,24,20,2,0,0,0,0.0,3,12,2,10,2,290,145,49,96,12882,2723,888,9271,WPG,,
2025-2026,20251125,30,UTA,10071,Nick Schmaltz,ROSTER,29.0,"6'0""",177.0,USA,"Madison, WI",False,C,23,10,12,22,2.52,0.52,0.43,0.96,13.9,5.8,3,3,3,6,0,0,0,2,0,0,0,0,0,0.0,0,101,58,17.2,13,23,20,6,19,29,8,121,46,75,38.0,2,4,5,10,0,536,253,96,197,26892,4852,937,21103,UTA,Central,Western
2025-2026,20251125,30,UTA,5269,Nate Schmidt,ROSTER,34.0,"6'0""",194.0,USA,"St. Cloud, MN",False,D,23,1,9,10,1.39,0.39,0.04,0.43,25.8,2.9,0,0,0,0,0,0,0,0,0,0,0,0,0,0.0,11,77,32,3.1,18,23,22,26,23,20,6,0,0,0,0.0,1,2,2,4,0,652,323,88,242,29027,5776,607,22644,UTA,Central,Western
2025-2026,20251125,9,NYR,29932,Braden Schneider,ROSTER,24.0,"6'2""",202.0,Canada,"Prince Albert, SK",True,D,24,1,4,5,1.17,0.17,0.04,0.21,56.4,11.6,0,0,0,0,0,0,0,0,0,0,0,0,0,0.0,-2,73,28,3.6,40,30,15,55,37,26,8,0,0,0,0.0,4,8,6,12,0,563,367,72,110,26565,3046,510,22249,NYR,Metropolitan,Eastern
2025-2026,20251125,143,SEA,5088,Jaden Schwartz,ROSTER,33.0,"5'10""",190.0,Canada,"Wilcox, SK",False,LW,22,8,7,15,2.09,0.32,0.36,0.68,26.0,11.6,2,2,1,3,0,0,0,2,0,0,0,0,0,0.0,7,86,46,17.4,19,23,17,24,20,27,13,17,11,6,64.7,4,8,1,2,0,493,237,112,144,23065,5546,899,16221,SEA,Pacific,Western
2025-2026,20251125,4,FLO,28450,Cole Schwindt,ROSTER,24.0,"6'2""",182.0,Canada,"Kitchener, ON",True,RW,10,2,0,2,0.7,0.0,0.2,0.2,8.7,0.0,0,0,0,0,0,0,0,0,0,0,0,0,0,0.0,0,14,7,28.6,6,3,4,9,8,3,2,65,27,38,41.5,0,0,0,0,0,123,90,18,17,5184,1114,259,3811,FLA,,
2025-2026,20251125,13,OTT,29978,Donovan Sebrango,ROSTER,23.0,"6'1""",189.0,Canada,"Kingston, ON",True,D,2,0,0,0,0.5,0.0,0.0,0.0,0.4,10.0,0,0,0,0,0,0,0,0,0,0,0,0,0,0.0,-1,5,1,0.0,0,3,1,1,8,1,0,0,0,0,0.0,1,5,1,5,1,46,32,3,11,1827,4,0,1823,OTT,Atlantic,Eastern
2025-2026,20251125,13,OTT,29978,Donovan Sebrango,ROSTER,23.0,"6'1""",189.0,Canada,"Kingston, ON",True,D,2,0,0,0,0.5,0.0,0.0,0.0,0.4,10.0,0,0,0,0,0,0,0,0,0,0,0,0,0,0.0,-1,5,1,0.0,0,3,1,1,8,1,0,0,0,0,0.0,1,5,1,5,1,46,32,3,11,1827,4,0,1823,OTT,Atlantic,Eastern
2025-2026,20251125,4,FLO,29978,Donovan Sebrango,ROSTER,23.0,"6'1""",189.0,Canada,"Kingston, ON",True,D,8,0,2,2,0.88,0.25,0.0,0.25,15.1,15.8,0,0,0,0,0,0,0,0,0,0,0,0,0,0.0,1,15,7,0.0,11,4,4,14,15,8,1,0,0,0,0.0,3,9,3,9,1,144,113,14,17,6576,599,292,5685,FLA,,
2025-2026,20251125,4,FLO,29978,Donovan Sebrango,ROSTER,23.0,"6'1""",189.0,Canada,"Kingston, ON",True,D,8,0,2,2,0.88,0.25,0.0,0.25,15.1,15.8,0,0,0,0,0,0,0,0,0,0,0,0,0,0.0,1,15,7,0.0,11,4,4,14,15,8,1,0,0,0,0.0,3,9,3,9,1,144,113,14,17,6576,599,292,5685,FLA,,
2025-2026,20251125,6,PHI,12486,Nick Seeler,ROSTER,32.0,"6'2""",201.0,USA,"Eden Prairie, MN",False,D,21,0,3,3,1.14,0.14,0.0,0.14,45.3,11.6,0,0,0,0,0,0,0,0,0,0,0,0,0,0.0,-5,67,24,0.0,33,24,19,42,22,16,7,0,0,0,0.0,4,8,3,6,0,557,307,74,177,24370,4050,555,19729,PHI,Metropolitan,Eastern
2025-2026,20251125,27,DAL,4875,Tyler Seguin,ROSTER,33.0,"6'1""",200.0,Canada,"Brampton, ON",False,C,22,7,6,13,1.27,0.27,0.32,0.59,9.3,2.9,2,1,0,1,0,0,0,2,0,0,2,2,0,0.0,7,60,28,25.0,5,10,22,13,9,20,3,205,114,91,55.6,1,2,3,6,0,472,222,129,124,22882,6754,1281,14677,DAL,Central,Western
2025-2026,20251125,16,DET,18042,Moritz Seider,ROSTER,24.0,"6'3""",208.0,Germany,Zell Mosel,True,D,23,3,13,16,2.57,0.57,0.13,0.7,54.6,23.2,1,1,7,8,0,0,0,0,0,0,0,0,0,0.0,5,130,59,5.1,43,40,31,43,26,31,11,0,0,0,0.0,8,16,3,6,0,670,387,108,178,34368,5849,1490,27029,DET,Atlantic,Eastern
2025-2026,20251125,29,ANA,142129,Beckett Sennecke,ROSTER,19.0,"6'2""",177.0,Canada,"Toronto, ON",True,RW,22,7,9,16,1.68,0.41,0.32,0.73,14.5,20.3,2,1,1,2,0,0,0,0,0,0,0,0,0,0.0,3,76,37,18.9,7,19,20,22,33,25,6,2,1,1,50.0,7,14,11,22,0,483,426,53,12,22121,3820,354,17893,ANA,Pacific,Western
2025-2026,20251125,30,UTA,9635,Mikhail Sergachev,ROSTER,27.0,"6'2""",217.0,Russia,Nizhnekamsk,False,D,23,3,12,15,2.09,0.52,0.13,0.65,39.0,23.2,1,1,5,6,0,0,0,0,0,0,0,0,0,0.0,-3,108,48,6.2,41,39,21,6,19,37,8,0,0,0,0.0,8,16,5,10,0,660,317,143,203,34245,4700,2209,27336,UTA,Central,Western
2025-2026,20251125,19,CBJ,5453,Damon Severson,ROSTER,31.0,"6'2""",205.0,Canada,"Brandon, MB",False,D,23,1,6,7,1.09,0.26,0.04,0.3,31.7,17.4,0,0,1,1,0,0,0,0,0,0,0,0,0,0.0,4,74,25,4.0,25,30,19,25,17,23,8,0,0,0,0.0,6,12,2,4,0,533,261,109,163,27471,3974,1946,21467,CBJ,Metropolitan,Eastern
2025-2026,20251125,8,NYI,183905,Maxim Shabanov,ROSTER,25.0,"5'9""",167.0,Russia,Chelyabinsk,True,RW,11,3,3,6,1.36,0.27,0.27,0.55,5.7,0.0,1,0,1,1,0,0,0,0,0,0,0,0,0,0.0,0,33,15,20.0,3,9,9,8,13,9,3,1,0,1,0.0,0,0,2,4,0,179,166,9,8,7933,1018,0,6915,NYI,Metropolitan,Eastern
2025-2026,20251125,23,CGY,18107,Yegor Sharangovich,ROSTER,27.0,"6'2""",195.0,Belarus,Minsk,False,C,20,3,4,7,1.35,0.2,0.15,0.35,6.0,2.9,1,1,0,1,0,0,0,0,0,0,2,2,0,0.0,-9,58,27,11.1,5,18,13,4,13,9,1,28,6,22,21.4,1,2,2,4,0,360,217,94,53,17291,4073,1761,11375,CGY,Pacific,Western
2025-2026,20251125,10,PIT,5716,Ryan Shea,ROSTER,28.0,"6'1""",176.0,USA,"Milton, MA",False,D,21,2,6,8,1.0,0.29,0.1,0.38,27.7,17.2,0,0,0,0,0,0,0,0,0,0,0,0,0,0.0,1,48,21,9.5,28,14,13,7,34,23,5,0,0,0,0.0,4,16,2,4,0,483,274,104,97,25347,3721,2272,18782,PIT,Metropolitan,Eastern
2025-2026,20251125,9,NYR,5892,Conor Sheary,ROSTER,33.0,"5'8""",179.0,USA,"Winchester, MA",False,LW,24,0,5,5,1.5,0.21,0.0,0.21,17.5,8.7,0,0,1,1,0,0,0,0,0,0,0,0,0,0.0,-1,69,36,0.0,15,16,18,11,19,17,8,12,8,4,66.7,3,6,7,14,0,474,239,117,111,21076,4926,1355,14300,NYR,Metropolitan,Eastern
2025-2026,20251125,21,VAN,15089,Kiefer Sherwood,ROSTER,30.0,"6'0""",194.0,USA,"Columbus, OH",False,LW,23,12,4,16,1.83,0.17,0.52,0.7,47.4,23.2,4,3,2,5,1,0,1,1,0,1,1,1,0,0.0,-5,85,42,28.6,12,11,32,98,30,25,8,15,5,10,33.3,8,16,10,20,0,520,269,115,149,24461,3249,1849,19363,VAN,Pacific,Western
2025-2026,20251125,7,NJD,15109,Jonas Siegenthaler,ROSTER,28.0,"6'3""",210.0,Switzerland,Zurich,False,D,22,0,2,2,0.59,0.09,0.0,0.09,48.1,14.5,0,0,0,0,0,1,1,0,0,0,0,0,0,0.0,-1,36,13,0.0,42,16,7,28,46,28,5,0,0,0,0.0,5,10,1,2,0,537,283,88,164,26081,2627,1660,21971,NJD,Metropolitan,Eastern
2025-2026,20251125,19,CBJ,34233,Cole Sillinger,ROSTER,22.0,"6'0""",197.0,USA,"Columbus, OH, United States",True,C,22,2,7,9,1.64,0.32,0.09,0.41,14.9,14.5,0,0,0,0,0,0,0,1,0,0,0,0,0,0.0,5,69,36,5.6,7,15,18,23,31,27,10,31,10,21,32.3,5,10,2,4,0,444,302,80,62,21499,3927,628,16843,CBJ,Metropolitan,Eastern
2025-2026,20251125,30,UTA,142305,Dmitri Simashev,ROSTER,,,,,,False,D,22,0,1,1,1.0,0.05,0.0,0.05,23.7,17.2,0,0,0,0,0,0,0,0,0,0,0,0,0,0.0,-8,41,22,0.0,24,9,10,6,43,23,1,0,0,0,0.0,4,16,1,2,0,462,431,19,12,20446,2464,201,17781,UTA,Central,Western
2025-2026,20251125,142,VGK,5330,Colton Sissons,ROSTER,32.0,"6'1""",200.0,Canada,"North Vancouver, BC",False,C,20,0,2,2,0.9,0.1,0.0,0.1,17.9,24.5,0,0,1,1,0,0,0,0,0,0,0,0,0,0.0,-6,35,18,0.0,10,6,11,24,21,13,2,206,112,94,54.4,6,15,5,15,1,337,166,75,96,13566,3447,681,9438,VGK,Pacific,Western
2025-2026,20251125,17,STL,30007,Hunter Skinner,ASSIGNED_TO_MINORS,24.0,"6'2""",182.0,USA,"Wyndotte, MI",True,D,1,0,0,0,0.0,0.0,0.0,0.0,2.4,0.0,0,0,0,0,0,0,0,0,0,0,0,0,0,0.0,1,1,0,0.0,1,1,0,4,1,0,0,0,0,0,0.0,0,0,0,0,0,16,10,1,5,645,115,0,530,STL,Central,Western
2025-2026,20251125,26,SJS,4876,Jeff Skinner,ROSTER,33.0,"5'11""",195.0,Canada,"Toronto, ON",False,LW,17,4,3,7,1.71,0.18,0.24,0.41,6.6,8.7,1,0,1,1,0,0,0,0,0,0,0,0,0,0.0,-4,60,29,13.8,4,18,13,8,13,16,2,8,2,6,25.0,3,6,7,14,0,267,153,79,39,12607,2784,1135,8688,SJS,Pacific,Western
2025-2026,20251125,18,NSH,5891,Brady Skjei,ROSTER,31.0,"6'3""",210.0,USA,"Lakeville, MN",False,D,22,0,6,6,1.64,0.27,0.0,0.27,20.3,11.6,0,0,2,2,0,0,0,0,0,0,0,0,0,0.0,-16,96,36,0.0,16,39,21,16,19,33,9,0,0,0,0.0,4,8,4,8,0,596,299,142,155,29967,4310,3021,22636,NSH,Central,Western
2025-2026,20251125,14,MTL,43333,Juraj Slafkovsky,ROSTER,21.0,"6'3""",238.0,Slovakia,Kosice,True,LW,21,6,4,10,2.19,0.19,0.29,0.48,31.2,23.2,2,4,2,6,0,0,0,0,0,0,0,0,0,0.0,4,95,46,13.0,19,23,26,38,23,14,2,16,4,12,25.0,8,16,6,12,0,419,331,70,24,22210,4963,580,16667,MTL,Atlantic,Eastern
2025-2026,20251125,20,CHI,56363,Landon Slaggert,ROSTER,23.0,"6'0""",180.0,USA,"South Bend, IN",False,LW,9,1,0,1,0.56,0.0,0.11,0.11,9.6,11.4,0,0,0,0,0,0,0,0,0,0,0,0,0,0.0,0,16,5,20.0,4,4,7,16,11,3,1,0,0,0,0.0,2,12,2,4,0,123,78,15,30,5149,596,151,4389,CHI,Central,Western
2025-2026,20251125,3,CAR,5866,Jaccob Slavin,ROSTER,31.0,"6'3""",207.0,USA,"Erie, CO",False,D,2,0,0,0,1.0,0.0,0.0,0.0,2.7,0.0,0,0,0,0,0,0,0,0,0,0,0,0,0,0.0,-1,10,2,0.0,3,5,3,0,3,3,2,0,0,0,0.0,0,0,0,0,0,49,26,14,9,2224,496,233,1495,CAR,Metropolitan,Eastern
2025-2026,20251125,18,NSH,28393,Cole Smith,ROSTER,30.0,"6'3""",195.0,USA,"Brainerd, MN",True,RW,13,3,0,3,1.38,0.0,0.23,0.23,15.8,11.6,1,0,0,0,0,0,0,1,0,0,0,0,0,0.0,-2,34,18,16.7,3,5,11,35,19,6,3,4,0,4,0.0,4,8,0,0,0,248,125,39,87,10481,1076,196,9209,NSH,Central,Western
2025-2026,20251125,142,VGK,5092,Reilly Smith,ROSTER,34.0,"6'1""",183.0,Canada,"Toronto, ON",False,RW,22,3,3,6,1.18,0.14,0.14,0.27,9.0,2.9,1,1,0,1,0,0,0,1,0,1,0,0,0,0.0,-4,49,26,11.5,5,11,12,12,16,17,6,0,0,0,0.0,1,2,3,8,0,408,201,117,93,17995,5667,1306,11022,VGK,Pacific,Western
2025-2026,20251125,26,SJS,134098,Will Smith,ROSTER,20.0,"6'0""",181.0,USA,"Boston, MA",True,C,23,7,14,21,2.3,0.61,0.3,0.91,8.0,11.6,2,1,5,6,0,0,0,2,0,1,2,1,0,0.0,5,105,53,13.2,6,32,20,7,15,20,5,23,4,19,17.4,4,8,5,10,0,458,304,27,135,24984,3430,0,21588,SJS,Pacific,Western
2025-2026,20251125,17,STL,56646,Jimmy Snuggerud,ROSTER,21.0,"6'1""",188.0,USA,"Chaska, MN",False,RW,23,5,6,11,1.96,0.26,0.22,0.48,20.4,8.7,1,2,2,4,0,0,0,2,0,0,2,0,0,0.0,-4,96,45,11.1,14,22,29,21,22,9,10,2,2,0,100.0,3,6,2,4,0,456,379,64,18,21371,3929,532,16910,STL,Central,Western
2025-2026,20251125,16,DET,30182,Elmer Soderblom,ROSTER,24.0,"6'8""",246.0,Sweden,Gteborg,True,LW,11,1,0,1,1.0,0.0,0.09,0.09,10.0,2.9,0,0,0,0,0,0,0,0,0,0,0,0,0,0.0,-4,27,11,9.1,2,7,9,22,10,6,2,1,1,0,100.0,1,2,2,4,0,161,111,37,14,6896,921,528,5447,DET,Atlantic,Eastern
2025-2026,20251125,22,COL,30036,Ilya Solovyov,ROSTER,25.0,"6'3""",208.0,Belarus,Mogilev,True,D,9,0,0,0,1.0,0.0,0.0,0.0,17.5,5.8,0,0,0,0,0,0,0,0,0,0,0,0,0,0.0,-4,28,9,0.0,15,11,8,11,21,3,2,0,0,0,0.0,2,4,1,2,0,143,96,18,29,6240,555,572,5113,COL,Central,Western
2025-2026,20251125,9,NYR,14381,Carson Soucy,ROSTER,31.0,"6'5""",210.0,Canada,"Viking, AB",True,D,20,1,2,3,0.75,0.1,0.05,0.15,33.3,8.7,0,0,0,0,0,0,0,0,0,0,0,0,0,0.0,5,36,15,6.7,23,16,5,34,38,20,7,0,0,0,0.0,3,6,0,0,0,467,238,79,138,21491,3092,1409,16179,NYR,Metropolitan,Eastern
2025-2026,20251125,5,WSH,34057,Justin Sourdif,ROSTER,23.0,"5'11""",173.0,Canada,"Surrey, BC",True,RW,23,3,3,6,1.17,0.13,0.13,0.26,19.0,14.5,1,0,0,0,0,0,0,0,0,0,0,0,0,0.0,4,63,27,11.1,7,17,19,34,35,14,4,112,55,57,49.1,5,10,5,12,0,381,264,88,28,16816,3818,1494,11287,WSH,Metropolitan,Eastern
2025-2026,20251125,13,OTT,28485,Jordan Spence,ROSTER,24.0,"5'10""",175.0,Australia,"Manly, Australia",True,D,13,1,7,8,1.54,0.54,0.08,0.62,8.2,5.8,0,0,0,0,0,0,0,0,0,0,0,0,0,0.0,8,47,20,5.0,5,16,11,10,27,13,3,0,0,0,0.0,2,4,0,0,0,303,164,43,97,14156,1699,310,12147,OTT,Atlantic,Eastern
2025-2026,20251125,25,MIN,4918,Jared Spurgeon,ROSTER,35.0,"5'9""",167.0,Canada,"Edmonton, AB",False,D,23,1,3,4,1.0,0.13,0.04,0.17,48.2,5.8,0,1,2,3,0,0,0,0,0,0,0,0,0,0.0,-5,65,23,4.3,40,28,14,33,30,24,5,0,0,0,0.0,2,4,2,4,0,574,333,104,139,29116,6707,1681,20696,MIN,Central,Western
2025-2026,20251125,3,CAR,4029,Jordan Staal,ROSTER,37.0,"6'4""",220.0,Canada,"Thunder Bay, ON",False,C,21,7,2,9,1.29,0.1,0.33,0.43,23.7,30.1,2,0,0,0,0,0,0,0,0,0,0,0,0,0.0,2,53,27,25.9,11,11,15,37,19,16,5,423,245,178,57.9,6,23,6,15,1,471,225,125,128,19258,5089,1356,12813,CAR,Metropolitan,Eastern
2025-2026,20251125,18,NSH,4457,Steven Stamkos,ROSTER,35.0,"6'1""",194.0,Canada,"Markham, ON",False,C,22,4,1,5,1.91,0.05,0.18,0.23,14.9,23.2,1,2,0,2,0,0,0,1,0,1,1,0,0,0.0,-12,96,42,9.5,10,30,24,16,13,24,9,138,79,59,57.2,8,16,5,10,0,432,234,114,87,23018,7526,1646,13846,NSH,Central,Western
2025-2026,20251125,3,CAR,34846,Logan Stankoven,ROSTER,22.0,"5'8""",170.0,Canada,"Kamloops, BC",True,C,22,5,6,11,2.14,0.27,0.23,0.5,7.5,23.0,1,0,0,0,0,0,0,1,0,0,0,0,0,0.0,5,88,47,10.6,5,23,18,8,30,13,10,286,120,166,42.0,5,15,7,17,1,401,229,53,124,20426,1794,297,18335,CAR,Metropolitan,Eastern
2025-2026,20251125,2,WPJ,9644,Logan Stanley,ROSTER,27.0,"6'6""",216.0,Canada,"Kitchener, ON",False,D,21,3,6,9,1.05,0.29,0.14,0.43,36.7,49.1,1,0,0,0,0,0,0,1,0,0,0,0,0,0.0,5,66,22,13.6,28,18,26,31,42,17,6,0,0,0,0.0,12,30,6,18,2,444,280,93,74,21575,3104,1928,16543,WPG,,
2025-2026,20251125,18,NSH,38802,Spencer Stastney,ROSTER,25.0,"5'10""",180.0,USA,"Woodbridge, IL",True,D,22,1,6,7,0.91,0.27,0.05,0.32,18.1,5.8,0,0,0,0,0,1,1,0,0,0,0,0,0,0.0,-3,50,20,5.0,19,20,10,3,26,17,6,0,0,0,0.0,2,4,5,10,0,467,263,50,156,20413,1263,361,18790,NSH,Central,Western
2025-2026,20251125,24,EDM,10108,Troy Stecher,ROSTER,31.0,"5'10""",186.0,Canada,"Richmond, BC",False,D,6,0,0,0,0.5,0.0,0.0,0.0,3.4,11.6,0,0,0,0,0,0,0,0,0,0,0,0,0,0.0,0,9,3,0.0,3,5,1,2,16,8,2,0,0,0,0.0,4,8,0,0,0,108,70,28,10,4904,1152,357,3395,EDM,Pacific,Western
2025-2026,20251125,24,EDM,10108,Troy Stecher,ROSTER,31.0,"5'10""",186.0,Canada,"Richmond, BC",False,D,6,0,0,0,0.5,0.0,0.0,0.0,3.4,11.6,0,0,0,0,0,0,0,0,0,0,0,0,0,0.0,0,9,3,0.0,3,5,1,2,16,8,2,0,0,0,0.0,4,8,0,0,0,108,70,28,10,4904,1152,357,3395,EDM,Pacific,Western
2025-2026,20251125,12,TOR,10108,Troy Stecher,ROSTER,31.0,"5'10""",186.0,Canada,"Richmond, BC",False,D,3,0,0,0,0.67,0.0,0.0,0.0,2.0,0.0,0,0,0,0,0,0,0,0,0,0,0,0,0,0.0,1,10,2,0.0,1,7,1,3,7,4,0,0,0,0,0.0,0,0,1,2,0,68,42,11,15,2978,316,508,2154,TOR,Atlantic,Eastern
2025-2026,20251125,12,TOR,10108,Troy Stecher,ROSTER,31.0,"5'10""",186.0,Canada,"Richmond, BC",False,D,3,0,0,0,0.67,0.0,0.0,0.0,2.0,0.0,0,0,0,0,0,0,0,0,0,0,0,0,0,0.0,1,10,2,0.0,1,7,1,3,7,4,0,0,0,0,0.0,0,0,1,2,0,68,42,11,15,2978,316,508,2154,TOR,Atlantic,Eastern
2025-2026,20251125,27,DAL,9656,Sam Steel,ROSTER,27.0,"5'11""",189.0,Canada,"Edmonton, AB",False,C,22,2,5,7,1.09,0.23,0.09,0.32,17.9,11.6,0,1,2,3,0,0,0,1,0,0,0,0,0,0.0,-5,51,24,8.3,10,11,16,24,27,11,7,97,57,40,58.8,4,8,7,14,0,493,226,130,135,23258,4448,2114,16492,DAL,Central,Western
2025-2026,20251125,11,BOS,30004,Alex Steeves,ROSTER,25.0,"5'11""",185.0,USA,"Bedford, NH",True,C,8,1,1,2,1.38,0.12,0.12,0.25,19.2,12.9,0,0,0,0,0,0,0,0,0,0,0,0,0,0.0,-3,22,11,9.1,11,6,5,25,10,7,0,2,0,2,0.0,2,7,3,9,1,130,86,32,13,5599,1111,554,3934,BOS,Atlantic,Eastern
2025-2026,20251125,30,UTA,15136,Kevin Stenlund,ROSTER,29.0,"6'4""",210.0,Sweden,Stockholm,False,C,23,1,2,3,0.87,0.09,0.04,0.13,22.5,14.5,0,0,0,0,0,0,0,0,0,0,0,0,0,0.0,-4,48,20,5.0,18,12,16,17,20,18,7,370,187,183,50.5,5,10,0,0,0,487,234,116,138,20477,2765,1376,16336,UTA,Central,Western
2025-2026,20251125,143,SEA,5838,Chandler Stephenson,ROSTER,31.0,"6'0""",208.0,Canada,"Saskatoon, SK",False,C,22,4,8,12,1.36,0.36,0.18,0.55,16.7,2.9,1,2,2,4,0,0,0,0,0,0,1,0,0,0.0,-1,51,30,13.3,17,12,9,4,18,24,8,479,239,240,49.9,1,2,6,12,0,577,249,208,115,26823,5876,3169,17285,SEA,Pacific,Western
2025-2026,20251125,142,VGK,5105,Mark Stone,ROSTER,33.0,"6'3""",202.0,Canada,"Winnipeg, MB",False,RW,6,2,11,13,3.17,1.83,0.33,2.17,5.6,0.0,0,1,7,8,0,1,1,0,0,0,0,0,0,0.0,2,30,19,10.5,5,5,6,3,3,6,1,1,0,1,0.0,0,0,3,6,0,125,62,36,29,6627,1789,535,4303,VGK,Pacific,Western
2025-2026,20251125,5,WSH,5598,Dylan Strome,ROSTER,28.0,"6'3""",200.0,Canada,"Mississauga, ON",False,C,21,5,15,20,1.81,0.71,0.24,0.95,11.6,11.6,1,0,6,6,0,0,0,1,0,0,2,0,1,50.0,11,66,38,13.2,10,16,12,7,10,18,6,360,207,153,57.5,4,8,3,6,0,433,201,126,108,22790,5048,2808,14673,WSH,Metropolitan,Eastern
2025-2026,20251125,29,ANA,4997,Ryan Strome,ROSTER,32.0,"6'1""",190.0,Canada,"Mississauga, ON",False,C,6,1,2,3,1.67,0.33,0.17,0.5,3.4,2.9,0,1,0,1,0,0,0,0,0,0,0,0,0,0.0,-1,14,10,10.0,3,3,1,2,2,5,1,74,27,47,36.5,1,2,1,2,0,109,45,34,31,4981,1300,606,3075,ANA,Pacific,Western
2025-2026,20251125,14,MTL,38014,Jayden Struble,ROSTER,24.0,"6'0""",205.0,USA,"Cumberland, RI",True,D,17,0,4,4,0.59,0.24,0.0,0.24,21.3,46.0,0,0,0,0,0,0,0,0,0,0,0,0,0,0.0,-3,32,10,0.0,10,12,10,33,15,20,4,0,0,0,0.0,9,32,3,12,2,303,185,29,89,15414,1754,581,13079,MTL,Atlantic,Eastern
2025-2026,20251125,25,MIN,15974,Nico Sturm,ROSTER,30.0,"6'3""",207.0,Germany,Augsburg,False,C,1,0,0,0,0.0,0.0,0.0,0.0,2.9,0.0,0,0,0,0,0,0,0,0,0,0,0,0,0,0.0,0,2,0,0.0,2,1,1,3,2,0,1,7,3,4,42.9,0,0,0,0,0,18,15,2,1,816,113,0,703,MIN,Central,Western
2025-2026,20251125,13,OTT,19051,Tim Stützle,ROSTER,23.0,"6'0""",190.0,Germany,Viersen,True,C,22,11,10,21,2.68,0.45,0.5,0.95,29.8,13.1,3,2,3,5,0,0,0,3,0,1,2,0,2,100.0,7,108,59,18.6,17,31,18,39,37,28,7,207,125,82,60.4,5,8,10,20,0,571,381,124,79,26558,6662,1891,18327,OTT,Atlantic,Eastern
2025-2026,20251125,17,STL,5819,Oskar Sundqvist,ROSTER,31.0,"6'3""",209.0,Sweden,Boden,False,C,14,0,9,9,0.79,0.64,0.0,0.64,12.7,8.7,0,0,1,1,0,0,0,0,0,0,0,0,0,0.0,-1,20,11,0.0,5,4,5,22,7,6,5,115,52,63,45.2,3,6,0,0,0,254,144,64,46,11182,1773,1273,8136,STL,Central,Western
2025-2026,20251125,17,STL,28325,Pius Suter,ROSTER,29.0,"5'11""",176.0,Switzerland,Wallisellen,True,C,23,6,5,11,1.65,0.22,0.26,0.48,12.6,11.6,2,1,1,2,0,1,1,2,0,0,0,0,0,0.0,-2,71,38,15.8,7,14,19,17,3,13,6,226,110,116,48.7,4,8,2,4,0,505,282,117,112,23008,3930,1268,17810,STL,Central,Western
2025-2026,20251125,14,MTL,13628,Nick Suzuki,ROSTER,26.0,"5'11""",208.0,Canada,"London, ON",False,C,21,5,18,23,2.1,0.86,0.24,1.1,22.8,5.8,1,3,6,9,0,0,0,0,0,0,2,1,0,0.0,11,95,44,11.4,18,16,35,18,25,14,4,367,192,175,52.3,2,4,2,4,0,466,206,45,220,25783,4176,644,20963,MTL,Atlantic,Eastern
2025-2026,20251125,18,NSH,37974,Fedor Svechkov,ROSTER,22.0,"6'0""",187.0,Russia,Togliatti,True,C,20,1,1,2,1.25,0.05,0.05,0.1,14.0,2.9,0,0,0,0,0,0,0,0,0,0,0,0,0,0.0,-9,44,25,4.0,9,12,7,16,21,12,4,125,52,73,41.6,1,2,3,6,0,306,222,36,49,14372,1844,326,12202,NSH,Central,Western
2025-2026,20251125,3,CAR,14525,Andrei Svechnikov,ROSTER,25.0,"6'2""",195.0,Russia,Barnaul,False,RW,22,7,5,12,2.95,0.23,0.32,0.55,11.3,14.5,2,4,0,4,0,0,0,1,0,0,2,1,0,0.0,0,131,65,10.8,3,37,29,23,28,23,5,5,4,1,80.0,5,10,1,2,0,435,270,92,80,21357,4096,1792,15469,CAR,Metropolitan,Eastern
2025-2026,20251125,30,UTA,9068,Brandon Tanev,ROSTER,33.0,"6'0""",180.0,Canada,"Toronto, ON",False,LW,23,0,1,1,0.7,0.04,0.0,0.04,33.8,11.6,0,0,0,0,0,0,0,0,0,0,0,0,0,0.0,-9,30,16,0.0,11,9,5,64,32,17,2,11,2,9,18.2,4,8,4,8,0,347,202,92,53,13977,1962,1563,10452,UTA,Central,Western
2025-2026,20251125,12,TOR,4939,Christopher Tanev,ROSTER,35.0,"6'2""",197.0,Canada,"Toronto, ON",False,D,8,0,2,2,0.75,0.25,0.0,0.25,7.9,0.0,0,0,0,0,0,0,0,0,0,0,0,0,0,0.0,5,16,6,0.0,8,8,2,2,20,3,4,0,0,0,0.0,0,0,2,4,0,211,116,36,59,8322,1526,146,6650,TOR,Atlantic,Eastern
2025-2026,20251125,25,MIN,5135,Vladimir Tarasenko,ROSTER,33.0,"6'0""",225.0,Russia,Yaroslavl,False,RW,18,2,8,10,1.67,0.44,0.11,0.56,13.3,0.0,0,1,6,7,0,0,0,0,0,0,1,1,0,0.0,-6,63,30,6.7,9,19,14,14,22,12,5,0,0,0,0.0,0,0,3,6,0,293,132,107,56,16519,4826,1336,10357,MIN,Central,Western
2025-2026,20251125,12,TOR,4680,John Tavares,ROSTER,35.0,"6'1""",215.0,Canada,"Mississauga, ON",False,C,22,12,15,27,3.0,0.68,0.55,1.23,12.7,8.7,4,2,2,4,0,0,0,1,0,1,0,0,0,0.0,3,127,66,18.2,5,32,29,22,17,19,5,373,227,146,60.9,3,6,4,8,0,473,246,129,111,24537,8735,1626,14137,TOR,Atlantic,Eastern
2025-2026,20251125,20,CHI,5355,Teuvo Teravainen,ROSTER,31.0,"5'11""",191.0,Finland,Helsinki,False,C,22,5,10,15,1.23,0.45,0.23,0.68,13.2,2.9,1,2,5,7,0,0,0,1,0,0,1,0,0,0.0,4,57,27,18.5,11,15,15,9,11,29,5,53,25,28,47.2,1,2,3,6,0,532,248,109,177,25603,6700,1242,17438,CHI,Central,Western
2025-2026,20251125,29,ANA,5738,Troy Terry,ROSTER,28.0,"6'0""",186.0,USA,"Denver, CO",False,RW,22,7,18,25,2.41,0.82,0.32,1.14,3.6,5.8,2,0,5,5,1,2,3,1,0,0,1,0,1,100.0,14,109,53,13.2,4,22,34,0,18,15,6,3,2,1,66.7,2,4,5,10,0,527,227,132,177,24956,5057,1420,18523,ANA,Pacific,Western
2025-2026,20251125,17,STL,15997,Alexandre Texier,UFA,26.0,"6'1""",192.0,France,Grenoble,False,LW,8,0,1,1,0.88,0.12,0.0,0.12,4.3,2.9,0,0,0,0,0,0,0,0,0,0,0,0,0,0.0,0,13,7,0.0,1,2,4,9,5,2,1,1,1,0,100.0,1,2,1,2,0,106,64,28,14,4923,1102,387,3434,STL,Central,Western
2025-2026,20251125,142,VGK,5900,Shea Theodore,ROSTER,30.0,"6'2""",195.0,Canada,"Langley, BC",False,D,22,3,10,13,2.32,0.45,0.14,0.59,31.7,5.8,1,1,3,4,0,0,0,1,0,0,0,0,0,0.0,4,111,51,5.9,35,41,19,1,29,31,8,0,0,0,0.0,2,4,3,6,0,630,300,208,125,31546,7016,3279,21193,VGK,Pacific,Western
2025-2026,20251125,17,STL,14609,Robert Thomas,ROSTER,26.0,"6'0""",188.0,Canada,"Aurora, ON",False,C,19,3,10,13,1.42,0.53,0.16,0.68,11.0,5.8,1,1,4,5,0,0,0,0,0,0,1,0,0,0.0,-1,52,27,11.1,11,15,10,3,19,29,11,325,172,153,52.9,2,4,3,6,0,446,231,89,129,21200,3356,1258,16586,STL,Central,Western
2025-2026,20251125,15,BUF,9652,Tage Thompson,ROSTER,28.0,"6'6""",215.0,USA,"Oyster Bay, NY",False,C,22,12,9,21,3.82,0.41,0.55,0.95,20.7,14.5,4,2,3,5,0,0,0,0,0,0,1,1,0,0.0,-3,175,84,14.3,11,48,43,29,17,23,11,197,98,99,49.7,5,10,4,8,0,525,251,67,219,24977,4439,531,20007,BUF,Atlantic,Eastern
2025-2026,20251125,15,BUF,15181,Conor Timmins,ROSTER,27.0,"6'2""",185.0,Canada,"Thorold, ON",False,D,22,0,5,5,0.86,0.23,0.0,0.23,50.8,14.5,0,0,0,0,0,0,0,0,0,0,0,0,0,0.0,-6,60,19,0.0,50,24,17,16,35,27,6,0,0,0,0.0,5,10,4,8,0,566,275,62,229,25979,2102,320,23557,BUF,Atlantic,Eastern
2025-2026,20251125,6,PHI,13625,Owen Tippett,ROSTER,26.0,"6'0""",183.0,Canada,"Peterborough, ON",False,RW,21,6,7,13,2.38,0.33,0.29,0.62,22.8,23.0,2,1,0,1,0,0,0,0,0,0,0,0,0,0.0,0,96,50,12.0,10,17,29,37,20,28,6,1,0,1,0.0,6,20,6,12,0,466,260,107,105,21014,3509,995,16510,PHI,Metropolitan,Eastern
2025-2026,20251125,13,OTT,14527,Brady Tkachuk,ROSTER,26.0,"6'4""",212.0,USA,"St. Louis, MO",False,LW,3,0,3,3,3.33,1.0,0.0,1.0,3.7,5.8,0,0,1,1,0,0,0,0,0,0,0,0,0,0.0,1,21,10,0.0,0,6,5,10,1,4,1,11,8,3,72.7,2,4,3,6,0,69,37,4,28,2991,393,102,2496,OTT,Atlantic,Eastern
2025-2026,20251125,22,COL,13917,Devon Toews,ROSTER,31.0,"6'1""",191.0,Canada,"Abbotsford, BC",False,D,22,0,7,7,1.23,0.32,0.0,0.32,30.2,11.6,0,0,0,0,0,0,0,0,0,0,0,0,0,0.0,16,74,27,0.0,30,30,17,9,9,27,8,0,0,0,0.0,4,8,2,4,0,610,285,188,137,30386,4824,3805,21757,COL,Central,Western
2025-2026,20251125,2,WPJ,4262,Jonathan Toews,ROSTER,37.0,"6'2""",201.0,Canada,"Winnipeg, MB",False,C,21,3,5,8,1.38,0.24,0.14,0.38,14.0,14.5,1,1,2,3,0,0,0,0,0,0,1,0,0,0.0,-11,54,29,10.3,14,9,16,4,20,11,4,315,198,117,62.9,5,10,3,6,0,446,220,112,117,20515,5741,1247,13527,WPG,,
2025-2026,20251125,26,SJS,5191,Tyler Toffoli,ROSTER,33.0,"6'0""",197.0,Canada,"Scarborough, ON",False,C,23,5,7,12,1.91,0.3,0.22,0.52,17.1,2.9,1,2,2,4,0,0,0,0,0,0,1,0,0,0.0,2,99,44,11.4,12,31,24,17,11,18,5,4,1,3,25.0,1,2,0,0,0,469,232,153,89,22402,6321,1400,14681,SJS,Pacific,Western
2025-2026,20251125,143,SEA,13645,Eeli Tolvanen,ROSTER,26.0,"5'10""",191.0,Finland,Vihti,False,RW,22,3,8,11,1.41,0.36,0.14,0.5,38.8,8.7,1,2,3,5,0,0,0,0,0,0,2,1,1,50.0,-3,75,31,9.7,20,26,18,56,16,18,5,0,0,0,0.0,3,6,4,8,0,428,236,142,46,19931,4283,2561,12739,SEA,Pacific,Western
2025-2026,20251125,24,EDM,183906,David Tomasek,ROSTER,29.0,"6'2""",210.0,Czech Republic,Praha,True,RW,17,2,2,4,1.35,0.12,0.12,0.24,7.9,11.6,0,0,2,2,0,0,0,0,0,0,1,0,0,0.0,-7,41,23,8.7,3,6,12,14,12,8,3,55,27,28,49.1,4,8,2,4,0,232,194,34,7,11144,2424,161,8594,EDM,Pacific,Western
2025-2026,20251125,10,PIT,24517,Philip Tomasino,ASSIGNED_TO_MINORS,24.0,"6'0""",180.0,Canada,"Mississauga, ON",False,RW,9,0,1,1,1.0,0.11,0.0,0.11,10.4,0.0,0,0,0,0,0,0,0,0,0,0,0,0,0,0.0,-2,19,9,0.0,7,3,7,11,14,3,0,4,2,2,50.0,0,0,0,0,0,130,81,32,11,6573,1019,587,4559,PIT,Metropolitan,Eastern
2025-2026,20251125,17,STL,18182,Alexei Toropchenko,ROSTER,26.0,"6'3""",187.0,Russia,Moscow,False,RW,16,1,1,2,0.69,0.06,0.06,0.12,24.6,0.0,0,0,0,0,1,0,1,0,0,0,0,0,0,0.0,-5,21,11,9.1,12,4,6,37,13,9,2,0,0,0,0.0,0,0,1,2,0,283,170,63,51,11185,1870,779,8536,STL,Central,Western
2025-2026,20251125,25,MIN,17203,Yakov Trenin,ROSTER,28.0,"6'2""",201.0,Russia,Chelyabinsk,True,C,23,1,4,5,1.17,0.17,0.04,0.22,51.6,17.4,0,0,0,0,0,0,0,0,0,0,0,0,0,0.0,2,58,27,3.7,13,10,21,107,38,17,5,52,18,34,34.6,6,12,2,4,0,342,198,79,66,18168,3476,2437,12255,MIN,Central,Western
2025-2026,20251125,9,NYR,5342,Vincent Trocheck,ROSTER,32.0,"5'10""",183.0,USA,"Pittsburgh, PA",False,C,10,4,4,8,1.2,0.4,0.4,0.8,21.7,11.6,1,0,1,1,0,0,0,0,0,0,1,0,1,100.0,0,29,12,33.3,8,6,11,39,13,11,7,176,93,83,52.8,4,8,1,2,0,237,118,45,72,11313,3063,611,7212,NYR,Metropolitan,Eastern
2025-2026,20251125,29,ANA,5232,Jacob Trouba,ROSTER,31.0,"6'3""",209.0,USA,"Rochester, MI",False,D,22,4,9,13,1.68,0.41,0.18,0.59,58.5,5.8,1,0,0,0,0,0,0,1,0,1,0,0,0,0.0,14,88,37,10.8,44,31,20,51,19,27,8,0,0,0,0.0,2,4,3,6,0,614,303,126,189,29977,5014,1770,23193,ANA,Pacific,Western
2025-2026,20251125,8,NYI,142668,Maxim Tsyplakov,ROSTER,,,,,,False,RW,14,1,0,1,0.79,0.0,0.07,0.07,10.4,0.0,0,0,0,0,0,0,0,0,0,0,0,0,0,0.0,-6,22,11,9.1,2,7,4,23,7,10,2,6,2,4,33.3,0,0,1,2,0,185,159,11,16,7668,635,68,6965,NYI,Metropolitan,Eastern
2025-2026,20251125,15,BUF,11711,Alex Tuch,ROSTER,29.0,"6'4""",220.0,USA,"Syracuse, NY",False,RW,22,8,13,21,2.27,0.59,0.36,0.95,26.4,44.7,2,1,1,2,1,0,1,0,0,0,1,1,0,0.0,3,106,50,16.0,22,16,41,18,9,15,6,18,8,10,44.4,11,33,7,17,1,570,247,89,241,24434,4071,832,19531,BUF,Atlantic,Eastern
2025-2026,20251125,17,STL,20063,Tyler Tucker,ROSTER,25.0,"6'1""",205.0,Canada,"Thunder Bay, ON",False,D,22,1,3,4,0.82,0.14,0.05,0.18,24.0,56.0,0,0,0,0,0,0,0,0,0,0,0,0,0,0.0,-4,45,18,5.6,16,20,7,26,35,19,1,0,0,0,0.0,9,32,6,24,4,380,233,51,97,16562,2130,637,13795,STL,Central,Western
2025-2026,20251125,11,BOS,9651,Riley Tufte,ROSTER,27.0,"6'6""",220.0,USA,"Ham Lake, MN",False,LW,3,1,0,1,1.33,0.0,0.33,0.33,2.2,0.0,0,1,0,1,0,0,0,0,0,0,0,0,0,0.0,0,8,4,25.0,0,0,4,6,3,1,0,0,0,0,0.0,0,0,0,0,0,39,27,6,7,2113,253,33,1827,BOS,Atlantic,Eastern
2025-2026,20251125,28,LAK,19087,Alex Turcotte,ROSTER,24.0,"5'11""",185.0,USA,"Elk Grove, IL",False,C,22,0,3,3,0.73,0.14,0.0,0.14,7.2,13.7,0,0,0,0,0,0,0,0,0,0,0,0,0,0.0,-4,37,16,0.0,6,12,9,5,27,11,2,134,73,61,54.5,4,11,4,8,0,279,186,49,44,11959,1800,597,9562,LAK,Pacific,Western
2025-2026,20251125,9,NYR,13633,Urho Vaakanainen,ROSTER,26.0,"6'2""",196.0,Finland,Joensuu,False,D,15,0,3,3,0.73,0.2,0.0,0.2,12.1,14.5,0,0,0,0,0,0,0,0,0,0,0,0,0,0.0,1,34,11,0.0,11,13,11,6,28,11,2,0,0,0,0.0,5,10,2,4,0,283,174,26,70,13251,1184,415,10983,NYR,Metropolitan,Eastern
2025-2026,20251125,16,DET,4683,James van Riemsdyk,ROSTER,36.0,"6'3""",217.0,USA,"Middletown, New Jersey",False,LW,18,2,1,3,1.33,0.06,0.11,0.17,11.0,8.7,0,1,0,1,0,0,0,0,0,0,1,0,1,100.0,-4,53,24,8.3,11,10,19,3,14,8,1,2,1,1,50.0,3,6,1,2,0,287,142,79,69,12760,5012,1064,7568,DET,Atlantic,Eastern
2025-2026,20251125,5,WSH,5460,Trevor van Riemsdyk,ROSTER,34.0,"6'2""",192.0,USA,"Middletown, New Jersey",False,D,17,1,1,2,0.59,0.06,0.06,0.12,19.0,14.5,0,0,0,0,0,0,0,0,0,0,0,0,0,0.0,-3,25,10,10.0,20,10,5,3,11,13,4,0,0,0,0.0,5,10,1,2,0,321,158,46,114,15345,2389,833,11921,WSH,Metropolitan,Eastern
2025-2026,20251125,29,ANA,5851,Frank Vatrano,ROSTER,31.0,"5'10""",200.0,USA,"East Longmeadow, MA",False,RW,22,2,1,3,1.68,0.05,0.09,0.14,32.3,25.8,0,0,1,1,0,0,0,1,0,0,0,0,0,0.0,-8,62,37,5.4,16,14,11,48,16,8,2,10,4,6,40.0,4,14,4,14,2,378,182,107,91,16235,2772,1618,11925,ANA,Pacific,Western
2025-2026,20251125,14,MTL,18040,Joe Veleno,ROSTER,25.0,"6'1""",191.0,Canada,"Montreal, QC",False,C,16,1,0,1,0.94,0.0,0.06,0.06,20.2,21.6,0,0,0,0,0,0,0,0,0,0,0,0,0,0.0,-7,28,15,6.7,10,6,7,30,12,5,1,76,38,38,50.0,5,13,3,9,1,235,126,44,66,11171,1255,255,9661,MTL,Atlantic,Eastern
2025-2026,20251125,4,FLO,17177,Carter Verhaeghe,ROSTER,30.0,"6'1""",177.0,Canada,"Waterdown, ON",False,C,22,3,10,13,2.23,0.45,0.14,0.59,13.7,8.7,1,1,3,4,0,0,0,1,0,0,0,0,0,0.0,-3,110,49,6.1,7,42,19,20,32,17,7,28,12,16,42.9,3,6,6,12,0,478,239,110,133,23380,5994,1747,15639,FLA,,
2025-2026,20251125,11,BOS,18174,Jeffrey Viel,ROSTER,28.0,"6'0""",195.0,Canada,"Rimouski, QC",False,LW,8,0,0,0,1.38,0.0,0.0,0.0,12.0,40.1,0,0,0,0,0,0,0,0,0,0,0,0,0,0.0,-1,19,11,0.0,3,3,5,25,5,2,1,2,1,1,50.0,7,28,4,14,2,113,63,27,23,4796,826,762,3208,BOS,Atlantic,Eastern
2025-2026,20251125,2,WPJ,18069,Gabriel Vilardi,ROSTER,26.0,"6'2""",185.0,Canada,"Kingston, ON",False,C,21,8,8,16,2.43,0.38,0.38,0.76,9.8,8.7,2,3,3,6,0,0,0,2,0,0,1,0,1,100.0,-3,95,51,15.7,8,17,27,7,23,16,4,23,11,12,47.8,3,6,5,10,0,436,236,184,25,23694,5902,5073,12905,WPG,,
2025-2026,20251125,20,CHI,38015,Alex Vlasic,ROSTER,24.0,"6'6""",200.0,USA,"Wilmette, IL",True,D,21,2,3,5,0.95,0.14,0.1,0.24,37.1,10.0,0,0,0,0,0,0,0,0,0,0,0,0,0,0.0,-3,51,20,10.0,36,15,16,13,39,20,8,0,0,0,0.0,1,5,2,7,1,528,239,36,248,26955,1644,343,24645,CHI,Central,Western
2025-2026,20251125,19,CBJ,56385,Dmitri Voronkov,ROSTER,25.0,"6'3""",183.0,Russia,,False,LW,23,9,9,18,2.09,0.39,0.39,0.78,21.4,34.8,3,3,0,3,0,0,0,0,0,0,0,0,0,0.0,5,84,48,18.8,6,6,30,43,9,23,4,12,2,10,16.7,12,24,2,4,0,459,271,111,86,22001,4544,1360,16097,CBJ,Metropolitan,Eastern
2025-2026,20251125,17,STL,13691,Nathan Walker,ROSTER,31.0,"5'9""",186.0,United Kingdom,Cardiff,False,LW,22,3,4,7,1.18,0.18,0.14,0.32,47.9,15.9,1,0,0,0,0,0,0,1,0,0,0,0,0,0.0,-1,44,26,11.5,18,5,12,85,22,12,2,44,24,20,54.5,5,12,5,10,0,385,198,118,72,16604,3240,1829,11535,STL,Central,Western
2025-2026,20251125,3,CAR,15368,Sean Walker,ROSTER,31.0,"5'11""",196.0,Canada,"Keswick, ON",False,D,22,4,4,8,2.45,0.18,0.18,0.36,42.7,20.3,1,0,1,1,0,0,0,0,0,0,0,0,0,0.0,-4,143,54,7.4,31,60,29,40,46,20,5,0,0,0,0.0,7,14,6,12,0,640,339,116,189,30873,3438,1341,26094,CAR,Metropolitan,Eastern
2025-2026,20251125,24,EDM,13672,Jake Walman,ROSTER,29.0,"6'1""",170.0,Canada,"Toronto, ON",False,D,17,3,7,10,1.35,0.41,0.18,0.59,30.4,11.6,1,1,0,1,1,0,1,1,0,1,0,0,0,0.0,-3,66,23,13.0,31,32,11,7,4,23,7,0,0,0,0.0,4,8,1,2,0,406,205,113,84,20517,3709,2012,14324,EDM,Pacific,Western
2025-2026,20251125,8,NYI,56461,Marshall Warren,ROSTER,24.0,"5'11""",170.0,USA,"Laurel Hollow, NY",False,D,2,0,2,2,0.0,1.0,0.0,1.0,0.7,2.9,0,0,0,0,0,0,0,0,0,0,0,0,0,0.0,1,1,0,0.0,0,1,0,2,5,2,1,0,0,0,0.0,1,2,1,2,0,36,22,3,11,1456,150,33,1273,NYI,Metropolitan,Eastern
2025-2026,20251125,23,CGY,12274,MacKenzie Weegar,ROSTER,31.0,"6'0""",200.0,Canada,"Nepean, ON",False,D,24,0,4,4,2.08,0.17,0.0,0.17,63.3,41.8,0,0,2,2,0,0,0,0,0,0,0,0,0,0.0,-19,124,50,0.0,46,49,25,59,57,38,9,0,0,0,0.0,10,31,4,11,1,789,334,179,276,34457,6289,2638,25530,CGY,Pacific,Western
2025-2026,20251125,26,SJS,5449,Alexander Wennberg,ROSTER,31.0,"6'2""",197.0,Sweden,Stockholm,False,C,23,5,7,12,1.0,0.3,0.22,0.52,26.9,11.6,1,2,2,4,0,0,0,1,0,0,0,0,0,0.0,-7,42,23,21.7,28,15,4,5,13,19,12,357,168,189,47.1,4,8,6,12,0,573,282,160,136,28746,6072,2431,20243,SJS,Pacific,Western
2025-2026,20251125,19,CBJ,5603,Zach Werenski,ROSTER,28.0,"6'2""",212.0,USA,"Grosse Pointe, MI",False,D,23,7,14,21,3.87,0.61,0.3,0.91,35.2,0.0,2,1,5,6,0,0,0,0,0,0,0,0,0,0.0,8,199,89,7.9,33,66,44,15,29,44,14,0,0,0,0.0,0,0,1,2,0,609,311,84,219,36478,7164,1217,28036,CBJ,Metropolitan,Eastern
2025-2026,20251125,7,NJD,15576,Colton White,ROSTER,28.0,"6'1""",190.0,Canada,"London, ON",False,D,5,0,0,0,0.6,0.0,0.0,0.0,4.9,0.0,0,0,0,0,0,0,0,0,0,0,0,0,0,0.0,-1,10,3,0.0,3,6,1,6,6,4,0,0,0,0,0.0,0,0,0,0,0,86,49,8,26,3509,313,7,3091,NJD,Metropolitan,Eastern
2025-2026,20251125,142,VGK,14133,Zach Whitecloud,ROSTER,28.0,"6'2""",209.0,Canada,"Brandon, MB",False,D,22,0,3,3,0.73,0.14,0.0,0.14,35.0,14.5,0,0,0,0,0,0,0,0,0,0,0,0,0,0.0,-5,54,16,0.0,24,30,8,36,52,19,1,0,0,0,0.0,5,10,4,8,0,527,337,127,63,24121,5584,1926,16611,VGK,Pacific,Western
2025-2026,20251125,18,NSH,28517,Ozzy Wiesblatt,ROSTER,23.0,"5'10""",183.0,Canada,"Calgary, AB",True,C,19,0,3,3,0.89,0.16,0.0,0.16,24.2,27.4,0,0,0,0,0,0,0,0,0,0,1,0,1,100.0,-9,38,17,0.0,7,11,10,48,32,10,3,4,0,4,0.0,7,17,4,11,1,296,198,51,48,12529,1743,507,10662,NSH,Central,Western
2025-2026,20251125,21,VAN,166972,Tom Willander,ROSTER,20.0,"6'1""",179.0,Sweden,Stockholm,True,D,13,0,3,3,0.69,0.23,0.0,0.23,13.7,2.9,0,0,0,0,0,0,0,0,0,0,0,0,0,0.0,-1,34,9,0.0,14,13,12,3,19,8,3,0,0,0,0.0,1,2,0,0,0,257,216,22,19,10658,1946,177,8535,VAN,Pacific,Western
2025-2026,20251125,18,NSH,53068,Adam Wilsby,ROSTER,25.0,"6'0""",183.0,Sweden,Stockholm,True,D,14,0,2,2,1.14,0.14,0.0,0.14,10.5,14.5,0,0,0,0,0,0,0,0,0,0,0,0,0,0.0,-2,40,16,0.0,10,18,6,4,24,14,3,0,0,0,0.0,5,10,0,0,0,311,233,36,42,14268,2970,518,10780,NSH,Central,Western
2025-2026,20251125,5,WSH,5225,Tom Wilson,ROSTER,31.0,"6'4""",220.0,Canada,"Toronto, ON",False,RW,23,12,11,23,2.26,0.48,0.52,1.0,34.7,69.0,4,4,2,6,0,0,0,1,0,0,0,0,0,0.0,11,99,52,23.1,12,20,27,64,24,22,7,14,7,7,50.0,15,52,12,30,2,541,260,158,129,26908,6874,2359,17376,WSH,Metropolitan,Eastern
2025-2026,20251125,143,SEA,56633,Ryan Winterton,ROSTER,22.0,"6'2""",175.0,Canada,"Whitby, ON",False,C,22,2,2,4,0.77,0.09,0.09,0.18,17.2,5.8,0,0,0,0,0,0,0,0,0,0,0,0,0,0.0,0,39,17,11.8,10,11,11,22,30,8,4,0,0,0,0.0,2,4,6,12,0,378,244,56,75,15869,1620,906,13090,SEA,Pacific,Western
2025-2026,20251125,18,NSH,142645,Matthew Wood,ROSTER,,,,,,False,RW,15,6,4,10,2.13,0.27,0.4,0.67,8.2,0.0,2,2,3,5,0,0,0,0,0,0,1,0,0,0.0,-4,59,32,18.8,5,15,12,10,13,7,1,7,2,5,28.6,0,0,4,8,0,239,203,36,6,11915,2336,160,9419,NSH,Central,Western
2025-2026,20251125,19,CBJ,9079,Miles Wood,ROSTER,30.0,"6'2""",195.0,USA,"Buffalo, NY",False,LW,17,6,0,6,1.65,0.0,0.35,0.35,9.7,8.7,2,0,0,0,0,0,0,1,0,1,0,0,0,0.0,-5,49,28,21.4,5,10,11,14,18,15,1,6,1,5,16.7,3,6,4,10,0,279,151,69,64,13030,2796,877,9357,CBJ,Metropolitan,Eastern
2025-2026,20251125,10,PIT,5707,Parker Wotherspoon,ROSTER,28.0,"6'0""",172.0,Canada,"Surrey, BC",False,D,21,2,5,7,0.95,0.24,0.1,0.33,38.1,25.9,0,0,0,0,0,1,1,1,0,0,0,0,0,0.0,8,44,20,10.0,30,18,6,30,28,29,9,0,0,0,0.0,7,22,2,4,0,497,276,125,87,26436,3825,1843,20170,PIT,Metropolitan,Eastern
2025-2026,20251125,143,SEA,43332,Shane Wright,ROSTER,21.0,"6'1""",199.0,Canada,"Burlington, ON",True,C,22,5,5,10,1.41,0.23,0.23,0.45,17.0,2.9,1,1,1,2,0,0,0,1,0,1,0,0,0,0.0,1,56,31,16.1,11,12,13,19,30,21,2,162,60,102,37.0,1,2,3,6,0,417,314,65,37,18483,3051,626,14512,SEA,Pacific,Western
2025-2026,20251125,14,MTL,34148,Arber Xhekaj,ROSTER,24.0,"6'4""",238.0,Canada,"Hamilton, ON",True,D,20,0,1,1,0.8,0.05,0.0,0.05,25.0,63.1,0,0,0,0,0,0,0,0,0,0,0,0,0,0.0,-4,42,16,0.0,15,23,3,31,25,12,1,0,0,0,0.0,10,40,5,22,4,298,225,26,47,13995,1862,277,11856,MTL,Atlantic,Eastern
2025-2026,20251125,14,MTL,133820,Florian Xhekaj,ROSTER,21.0,"6'3""",188.0,Canada,"Hamilton, ON",True,LW,1,0,1,1,2.0,1.0,0.0,1.0,2.0,12.9,0,0,0,0,0,0,0,0,0,0,0,0,0,0.0,1,2,2,0.0,1,0,0,3,1,2,0,0,0,0,0.0,2,7,1,5,1,14,14,0,0,588,147,0,441,MTL,Atlantic,Eastern
2025-2026,20251125,30,UTA,13637,Kailer Yamamoto,ROSTER,27.0,"5'8""",153.0,USA,"Spokane, WA",False,RW,15,2,2,4,0.67,0.13,0.13,0.27,5.3,5.8,0,0,0,0,0,0,0,0,0,0,0,0,0,0.0,3,20,10,20.0,3,5,5,7,12,6,1,15,5,10,33.3,2,4,7,14,0,241,138,74,31,10698,1508,1523,7667,UTA,Central,Western
2025-2026,20251125,6,PHI,30026,Cameron York,ROSTER,24.0,"5'11""",172.0,USA,"Anaheim Hills, CA",True,D,18,1,9,10,0.72,0.5,0.06,0.56,31.7,8.7,0,1,4,5,0,0,0,0,0,0,0,0,0,0.0,-2,40,13,7.7,35,16,11,1,29,19,6,0,0,0,0.0,3,6,0,0,0,543,317,101,127,26466,3874,913,21679,PHI,Metropolitan,Eastern
2025-2026,20251125,25,MIN,56469,Danila Yurov,ROSTER,21.0,"6'1""",178.0,Russia,Chelyabinsk,False,RW,18,3,3,6,1.0,0.17,0.17,0.33,13.1,0.0,1,0,0,0,0,0,0,2,0,0,0,0,0,0.0,0,35,18,16.7,10,9,8,11,16,10,4,122,46,76,37.7,0,0,2,6,0,241,195,23,26,11638,1640,157,9841,MIN,Central,Western
2025-2026,20251125,11,BOS,5601,Pavel Zacha,ROSTER,28.0,"6'3""",210.0,Czech Republic,Brno,False,C,24,5,12,17,1.58,0.5,0.21,0.71,20.5,24.6,1,2,8,10,0,0,0,1,0,1,0,0,0,0.0,-3,67,38,13.2,12,7,22,26,10,20,6,285,148,137,51.9,8,18,1,2,0,521,229,175,122,25792,5629,2841,17322,BOS,Atlantic,Eastern
2025-2026,20251125,11,BOS,5270,Nikita Zadorov,ROSTER,30.0,"6'6""",235.0,Russia,Moscow,False,D,24,1,7,8,1.29,0.29,0.04,0.33,58.5,72.3,0,0,0,0,0,0,0,0,0,0,0,0,0,0.0,2,75,31,3.2,34,30,14,75,32,28,13,0,0,0,0.0,20,46,13,32,2,638,324,92,223,31060,4835,2093,24132,BOS,Atlantic,Eastern
2025-2026,20251125,6,PHI,21853,Egor Zamula,ROSTER,25.0,"6'3""",170.0,Russia,Chelyabinsk,True,D,10,0,1,1,0.7,0.1,0.0,0.1,10.2,5.8,0,0,0,0,0,0,0,0,0,0,0,0,0,0.0,5,13,7,0.0,11,6,0,1,14,6,1,0,0,0,0.0,2,4,0,0,0,190,120,20,50,8186,1292,191,6703,PHI,Metropolitan,Eastern
2025-2026,20251125,23,CGY,28538,Connor Zary,ROSTER,24.0,"6'0""",178.0,Canada,"Saskatoon, SK",True,C,22,2,1,3,1.32,0.05,0.09,0.14,11.0,14.5,0,1,0,1,0,0,0,0,0,0,1,0,0,0.0,-2,57,29,6.9,6,13,15,15,12,9,4,85,32,53,37.6,5,10,7,14,0,388,234,99,57,17934,3234,1516,13184,CGY,Pacific,Western
2025-2026,20251125,6,PHI,25981,Trevor Zegras,ROSTER,24.0,"6'1""",185.0,USA,"Bedford, NY",True,C,21,7,14,21,2.38,0.67,0.33,1.0,8.7,23.0,2,2,5,7,0,0,0,0,0,0,3,0,3,100.0,-1,101,50,14.0,6,25,26,9,23,20,6,82,31,51,37.8,6,20,5,10,0,454,292,80,92,23292,3864,1034,18473,PHI,Metropolitan,Eastern
2025-2026,20251125,29,ANA,32258,Olen Zellweger,ROSTER,22.0,"5'10""",175.0,Canada,"Calgary, AB",True,D,22,3,4,7,2.09,0.18,0.14,0.32,27.9,20.3,1,1,1,2,0,0,0,1,0,1,0,0,0,0.0,10,103,46,6.5,27,34,23,10,53,18,4,0,0,0,0.0,7,14,7,14,0,508,361,55,96,25037,3588,543,20907,ANA,Pacific,Western
2025-2026,20251125,13,OTT,18106,Fabian Zetterlund,ROSTER,26.0,"5'11""",196.0,Sweden,Karlstad,False,LW,22,3,3,6,1.45,0.14,0.14,0.27,21.5,8.7,1,1,0,1,0,0,0,0,0,0,0,0,0,0.0,0,66,32,9.4,9,16,18,36,30,11,2,6,2,4,33.3,3,6,6,12,0,446,216,77,156,18923,2568,771,15584,OTT,Atlantic,Eastern
2025-2026,20251125,9,NYR,5000,Mika Zibanejad,ROSTER,32.0,"6'2""",208.0,Sweden,Stockholm,False,C,24,7,8,15,3.0,0.33,0.29,0.62,26.8,5.8,2,4,3,7,1,0,1,1,0,0,0,0,0,0.0,-10,124,72,9.7,17,19,37,31,10,31,11,317,170,147,53.6,2,4,2,4,0,605,301,130,165,29613,7314,1635,19866,NYR,Metropolitan,Eastern
2025-2026,20251125,13,OTT,28480,Artem Zub,ROSTER,30.0,"6'2""",202.0,Russia,Khabarovsk,True,D,22,2,8,10,1.23,0.36,0.09,0.45,41.8,20.3,0,0,0,0,0,0,0,0,0,0,0,0,0,0.0,3,63,27,7.4,35,18,18,28,24,20,4,0,0,0,0.0,7,14,0,0,0,600,454,102,46,26343,4130,1370,20843,OTT,Atlantic,Eastern
2025-2026,20251125,25,MIN,4927,Mats Zuccarello,ROSTER,38.0,"5'8""",178.0,Norway,Oslo,False,RW,8,1,7,8,1.5,0.88,0.12,1.0,3.8,5.8,0,0,2,2,0,0,0,0,0,0,1,0,0,0.0,2,29,12,8.3,3,9,8,3,7,11,1,10,6,4,60.0,2,4,2,4,0,151,73,59,20,8850,2531,704,5615,MIN,Central,Western
2025-2026,20251125,15,BUF,5093,Jason Zucker,ROSTER,33.0,"5'11""",192.0,USA,"Newport Beach, CA",False,LW,14,5,6,11,2.07,0.43,0.36,0.79,8.9,8.7,1,2,2,4,0,0,0,1,0,0,0,0,0,0.0,-3,48,29,17.2,2,8,11,19,8,12,2,36,13,23,36.1,3,6,3,6,0,265,146,63,61,12574,4386,626,7562,BUF,Atlantic,Eastern
