SEASON_ID,SNAPSHOT_DATE,TEAM_ID,TEAM_ABBR,PLAYER_ID,NAME,STATUS,AGE,HEIGHT,WEIGHT,BIRTH_COUNTRY,BIRTH_CITY,ROOKIE,POSITION,GAMES_PLAYED,GOALS,ASSISTS,POINTS,SOGPG,APG,GPG,PGP,DEF_WALL,PHYSICAL,HAT_TRICKS,PP_GOALS,PP_ASSISTS,PP_POINTS,SH_GOALS,SH_ASSISTS,SH_POINTS,GW_GOALS,GT_GOALS,OT_GOALS,SO_ATTEMPTS,SO_MISSES,SO_GOALS,SO_GOAL_PCT,PLUS_MINUS,SHOT_ATTEMPTS,SHOTS_ON_GOAL,SHOT_PCT,BLOCKED_SHOTS,BLOCKED_SHOTS_AGAINST,MISSED_SHOTS,HITS,HITS_RECEIVED,GIVEAWAYS,TAKEAWAYS,FACEOFFS,FACEOFF_WINS,FACEOFF_LOSSES,FACEOFF_PCT,PENALTIES,PIM,PENALTIES_DRAWN,PENALTY_MIN_DRAWN,FIGHTS,SHIFTS,EVEN_STR_SHIFTS,PP_SHIFTS,SH_SHIFTS,TIME_ON_ICE,EVENT_TOI,PP_TOI,SH_TOI,TEAM_ABBR_CANON,division,conference
2025-2026,20251130,6,PHI,18056,Rodrigo Abols,ROSTER,29.0,"6'4""",206.0,Latvia,Riga,False,C,19,1,0,1,1.05,0.0,0.05,0.05,14.8,12.8,0,0,0,0,0,0,0,0,0,0,0,0,0,0.0,-5,44,20,5.0,8,10,14,24,18,6,6,123,63,60,51.2,2,7,2,7,1,258,158,58,43,11066,1563,984,8519,PHI,Metropolitan,Eastern
2025-2026,20251130,10,PIT,5927,Noel Acciari,ROSTER,33.0,"5'10""",203.0,USA,"Johnston, RI",False,C,13,0,3,3,0.85,0.23,0.0,0.23,14.5,11.3,0,0,0,0,0,0,0,0,0,0,0,0,0,0.0,3,18,11,0.0,10,4,4,18,20,1,2,87,53,34,60.9,2,12,0,0,0,241,114,45,75,10088,1686,479,7651,PIT,Metropolitan,Eastern
2025-2026,20251130,30,UTA,5234,Andrew Agozzino,ASSIGNED_TO_MINORS,34.0,"5'10""",187.0,Canada,"Kleinburg, ON",False,LW,2,0,0,0,0.0,0.0,0.0,0.0,2.2,0.0,0,0,0,0,0,0,0,0,0,0,0,0,0,0.0,0,1,0,0.0,1,0,1,4,1,1,1,7,3,4,42.9,0,0,1,2,0,20,12,4,4,736,91,0,645,UTA,Central,Western
2025-2026,20251130,22,COL,28441,Jack Ahcan,ASSIGNED_TO_MINORS,28.0,"5'8""",185.0,USA,"Savage, MN",True,D,6,0,1,1,0.33,0.17,0.0,0.17,5.1,0.0,0,0,0,0,0,0,0,0,0,0,0,0,0,0.0,4,8,2,0.0,4,4,2,5,8,2,0,0,0,0,0.0,0,0,0,0,0,92,63,13,16,4088,487,254,3347,COL,Central,Western
2025-2026,20251130,3,CAR,5630,Sebastian Aho,ROSTER,28.0,"6'0""",176.0,Finland,Rauma,False,C,24,8,16,24,2.62,0.67,0.33,1.0,15.1,14.2,2,1,5,6,0,1,1,1,0,1,0,0,0,0.0,5,126,63,12.7,8,28,35,25,15,32,11,402,192,210,47.8,5,10,6,12,0,556,248,101,215,28901,5680,1813,21408,CAR,Metropolitan,Eastern
2025-2026,20251130,13,OTT,12009,Michael Amadio,ROSTER,29.0,"6'1""",204.0,Canada,"Sault Ste. Marie, ON",False,RW,24,6,4,10,1.29,0.17,0.25,0.42,25.9,5.7,2,0,0,0,0,0,0,0,0,0,0,0,0,0.0,2,60,31,19.4,16,10,19,37,33,20,11,7,3,4,42.9,2,4,4,8,0,529,264,123,148,21922,3666,1908,16348,OTT,Atlantic,Eastern
2025-2026,20251130,21,VAN,39762,Nils Aman,ASSIGNED_TO_MINORS,25.0,"6'2""",179.0,Sweden,Avesta,True,C,2,0,0,0,0.5,0.0,0.0,0.0,1.5,0.0,0,0,0,0,0,0,0,0,0,0,0,0,0,0.0,0,3,1,0.0,1,2,0,2,1,1,0,2,1,1,50.0,0,0,0,0,0,23,19,1,3,1039,48,31,960,VAN,Pacific,Western
2025-2026,20251130,14,MTL,5513,Josh Anderson,ROSTER,31.0,"6'3""",227.0,Canada,"Burlington, ON",False,RW,24,5,3,8,1.08,0.12,0.21,0.33,28.7,25.5,1,0,0,0,0,1,1,0,0,0,0,0,0,0.0,-9,48,26,19.2,18,8,14,40,13,10,2,12,10,2,83.3,9,18,9,18,0,454,219,123,117,21826,3823,1896,16107,MTL,Atlantic,Eastern
2025-2026,20251130,28,LAK,18073,Michael Anderson,ROSTER,26.0,"5'11""",194.0,USA,"Roseville, MN",False,D,25,1,5,6,0.52,0.2,0.04,0.24,38.9,5.7,0,0,0,0,0,0,0,0,0,0,0,0,0,0.0,5,46,13,7.7,35,23,10,27,42,15,3,0,0,0,0.0,2,4,6,12,0,603,350,128,126,29580,4012,2278,23290,LAK,Pacific,Western
2025-2026,20251130,23,CGY,5647,Rasmus Andersson,ROSTER,29.0,"6'1""",214.0,Sweden,Malmö,False,D,26,5,13,18,2.23,0.5,0.19,0.69,47.5,34.0,1,1,4,5,0,0,0,0,0,0,2,0,0,0.0,1,132,58,8.6,50,38,36,14,44,42,6,0,0,0,0.0,12,24,10,20,0,881,384,195,307,37829,5656,2572,29601,CGY,Pacific,Western
2025-2026,20251130,6,PHI,38011,Emil Andrae,ROSTER,23.0,"5'8""",181.0,Sweden,Västervik,True,D,14,1,5,6,1.14,0.36,0.07,0.43,10.8,8.5,0,0,1,1,0,0,0,0,0,0,0,0,0,0.0,4,32,16,6.2,8,11,5,12,33,11,2,0,0,0,0.0,3,6,1,2,0,296,226,23,48,13320,887,189,12292,PHI,Metropolitan,Eastern
2025-2026,20251130,16,DET,5763,Mason Appleton,ROSTER,29.0,"6'2""",193.0,USA,"Green Bay, WI",False,C,26,3,6,9,1.08,0.23,0.12,0.35,19.5,19.7,1,0,0,0,0,0,0,1,0,0,0,0,0,0.0,-2,45,28,10.7,12,7,10,28,22,14,0,7,2,5,28.6,3,22,3,6,0,488,247,76,168,21168,2883,1010,17275,DET,Atlantic,Eastern
2025-2026,20251130,28,LAK,5505,Joel Armia,ROSTER,32.0,"6'4""",218.0,Finland,Pori,False,RW,25,5,6,11,1.16,0.24,0.2,0.44,18.4,17.0,1,0,0,0,2,0,2,0,0,0,1,0,0,0.0,3,63,29,17.2,13,18,16,22,21,17,8,10,4,6,40.0,6,12,2,4,0,465,214,132,124,20797,3822,2504,14471,LAK,Pacific,Western
2025-2026,20251130,11,BOS,5538,Viktor Arvidsson,ROSTER,32.0,"5'9""",180.0,Sweden,Skellefteå,False,LW,20,6,4,10,2.6,0.2,0.3,0.5,12.1,8.5,2,1,1,2,0,0,0,2,0,0,0,0,0,0.0,1,101,52,11.5,11,25,24,8,32,17,5,9,6,3,66.7,3,6,7,14,0,358,182,94,89,17451,3707,857,12887,BOS,Atlantic,Eastern
2025-2026,20251130,11,BOS,15191,Jonathan Aspirot,ROSTER,26.0,"6'0""",209.0,Canada,"Mascouche, QC",False,D,14,0,0,0,0.64,0.0,0.0,0.0,26.4,11.3,0,0,0,0,0,0,0,0,0,0,0,0,0,0.0,2,27,9,0.0,20,11,7,28,29,16,2,0,0,0,0.0,4,8,0,0,0,306,198,55,53,13204,1988,1074,10142,BOS,Atlantic,Eastern
2025-2026,20251130,19,CBJ,12287,Zach Aston-Reese,ROSTER,31.0,"6'0""",204.0,USA,"Staten Island, NY",False,LW,16,0,3,3,0.81,0.19,0.0,0.19,21.3,8.5,0,0,0,0,0,0,0,0,0,0,0,0,0,0.0,1,21,13,0.0,9,1,7,41,12,8,1,18,3,15,16.7,3,6,4,8,0,236,126,50,57,9773,1495,580,7563,CBJ,Metropolitan,Eastern
2025-2026,20251130,27,DAL,34436,Oskar Back,ROSTER,25.0,"6'3""",200.0,Sweden,Karlstad,True,C,15,1,2,3,0.47,0.13,0.07,0.2,9.8,0.0,0,0,0,0,0,0,0,0,0,0,0,0,0,0.0,1,16,7,14.3,8,5,4,9,25,9,2,11,6,5,54.5,0,0,4,10,0,261,147,50,63,11586,2011,346,9132,DAL,Central,Western
2025-2026,20251130,23,CGY,4609,Mikael Backlund,ROSTER,36.0,"6'0""",200.0,Sweden,Vasteras,False,C,26,4,10,14,2.15,0.38,0.15,0.54,9.6,5.7,1,0,0,0,0,2,2,0,0,0,0,0,0,0.0,5,99,56,7.1,5,21,22,16,16,21,10,484,250,234,51.7,2,4,4,8,0,619,306,156,161,26555,7363,1233,17959,CGY,Pacific,Western
2025-2026,20251130,23,CGY,14578,Kevin Bahl,ROSTER,25.0,"6'6""",216.0,Canada,"New Westminster, BC",True,D,25,3,3,6,0.88,0.12,0.12,0.24,39.0,25.5,1,0,0,0,0,0,0,2,0,0,0,0,0,0.0,12,53,22,13.6,37,19,12,22,28,34,15,0,0,0,0.0,9,18,5,10,0,770,484,143,146,31613,2771,1535,27307,CGY,Pacific,Western
2025-2026,20251130,21,VAN,38470,Arshdeep Bains,ROSTER,24.0,"6'0""",185.0,Canada,"Surrey, BC",True,LW,21,0,3,3,0.62,0.14,0.0,0.14,8.5,14.2,0,0,1,1,0,0,0,0,0,0,0,0,0,0.0,-2,20,13,0.0,3,5,2,18,13,8,5,11,2,9,18.2,5,10,0,0,0,278,196,24,58,11395,823,138,10435,VAN,Pacific,Western
2025-2026,20251130,4,FLO,120218,Uvis Balinskis,ROSTER,29.0,"6'0""",187.0,Latvia,Ventspils,True,D,15,0,4,4,0.67,0.27,0.0,0.27,18.2,8.5,0,0,0,0,0,0,0,0,0,0,0,0,0,0.0,1,28,10,0.0,12,14,4,24,16,7,8,0,0,0,0.0,3,6,2,4,0,286,240,21,25,12479,1899,191,10389,FLA,,
2025-2026,20251130,142,VGK,11708,Ivan Barbashev,ROSTER,29.0,"6'0""",187.0,Russia,Moscow,False,LW,25,8,12,20,1.64,0.48,0.32,0.8,22.1,2.8,2,0,1,1,0,0,0,1,0,0,0,0,0,0.0,5,74,41,19.5,10,13,20,41,28,25,4,12,3,9,25.0,1,2,4,8,0,488,233,162,101,24012,5130,2005,16896,VGK,Pacific,Western
2025-2026,20251130,22,COL,56519,Zakhar Bardakov,ROSTER,24.0,"6'2""",198.0,Russia,Seversk,False,C,20,1,4,5,0.6,0.2,0.05,0.25,11.6,0.0,0,0,0,0,0,0,0,0,0,0,0,0,0,0.0,5,25,12,8.3,7,4,9,17,12,12,2,105,46,59,43.8,0,0,3,6,0,210,140,22,49,8564,782,247,7535,COL,Central,Western
2025-2026,20251130,18,NSH,30074,Justin Barron,ROSTER,24.0,"6'2""",195.0,Canada,"Halifax, NS",True,D,19,0,4,4,0.79,0.21,0.0,0.21,23.2,8.5,0,0,0,0,0,0,0,0,0,0,0,0,0,0.0,-1,43,15,0.0,22,18,10,13,32,28,1,0,0,0,0.0,3,6,1,2,0,391,272,62,57,17253,2845,516,13892,NSH,Central,Western
2025-2026,20251130,2,WPJ,28496,Morgan Barron,ROSTER,26.0,"6'4""",220.0,Canada,"Halifax, NS",True,C,18,3,3,6,1.28,0.17,0.17,0.33,18.8,11.3,1,0,0,0,1,0,1,1,0,0,0,0,0,0.0,-2,41,23,13.0,10,5,13,31,19,8,6,205,112,93,54.6,4,8,5,10,0,323,162,110,54,13175,2499,1706,8970,WPG,,
2025-2026,20251130,8,NYI,5611,Mathew Barzal,ROSTER,28.0,"6'0""",187.0,Canada,"Coquitlam, BC",False,C,24,7,11,18,2.5,0.46,0.29,0.75,19.1,22.7,2,0,3,3,0,0,0,1,0,1,2,1,0,0.0,7,111,60,11.7,18,20,31,11,18,22,10,206,72,134,35.0,8,16,4,8,0,534,272,214,56,30677,6627,5678,18372,NYI,Metropolitan,Eastern
2025-2026,20251130,27,DAL,15468,Nathan Bastian,ROSTER,27.0,"6'4""",205.0,Canada,"Kitchener, ON",False,RW,17,3,0,3,0.71,0.0,0.18,0.18,16.3,14.2,1,0,0,0,0,0,0,0,0,0,0,0,0,0.0,3,17,12,25.0,4,4,1,39,18,1,0,0,0,0,0.0,5,10,1,2,0,199,135,38,29,8270,1957,680,5633,DAL,Central,Western
2025-2026,20251130,13,OTT,15394,Drake Batherson,ROSTER,27.0,"6'3""",203.0,USA,"Fort Wayne, IN",False,RW,21,8,13,21,2.1,0.62,0.38,1.0,18.6,11.3,2,2,3,5,0,0,0,2,0,0,3,1,1,33.33,5,82,44,18.2,9,14,24,33,14,14,9,3,2,1,66.7,4,8,7,14,0,509,262,72,184,22585,3640,813,18288,OTT,Atlantic,Eastern
2025-2026,20251130,23,CGY,9639,Jake Bean,ROSTER,27.0,"6'1""",186.0,Canada,"Calgary, AB",False,D,13,1,1,2,1.15,0.08,0.08,0.15,22.4,16.9,0,0,0,0,0,0,0,0,0,0,0,0,0,0.0,-7,38,15,6.7,25,17,6,3,13,13,5,0,0,0,0.0,4,16,0,0,0,316,206,31,80,12810,948,579,11283,CGY,Pacific,Western
2025-2026,20251130,5,WSH,5623,Anthony Beauvillier,ROSTER,28.0,"5'11""",182.0,Canada,"Sorel-Tracy, QC",False,LW,25,5,3,8,2.16,0.12,0.2,0.32,19.0,5.7,1,0,0,0,0,0,0,2,0,0,2,0,0,0.0,7,90,54,9.3,9,18,18,34,29,14,4,9,5,4,55.6,2,4,3,6,0,484,267,120,99,22631,3259,2217,17014,WSH,Metropolitan,Eastern
2025-2026,20251130,14,MTL,53067,Owen Beck,ASSIGNED_TO_MINORS,21.0,"6'0""",191.0,Canada,"Peterborough, ON",True,C,2,0,0,0,0.5,0.0,0.0,0.0,0.9,0.0,0,0,0,0,0,0,0,0,0,0,0,0,0,0.0,-1,4,1,0.0,1,1,2,0,3,0,0,12,7,5,58.3,0,0,0,0,0,24,20,3,1,1003,346,8,649,MTL,Atlantic,Eastern
2025-2026,20251130,20,CHI,111625,Connor Bedard,ROSTER,20.0,"5'10""",185.0,Canada,"North Vancouver, BC",True,C,24,14,19,33,3.33,0.79,0.58,1.38,13.5,35.4,4,4,6,10,0,0,0,2,0,0,1,0,0,0.0,8,154,80,17.5,13,29,45,7,37,31,11,238,118,120,49.6,13,24,7,16,0,561,444,63,63,30656,4780,276,25299,CHI,Central,Western
2025-2026,20251130,11,BOS,38020,John Beecher,ROSTER,24.0,"6'3""",210.0,USA,"Elmira, NY",True,C,6,1,0,1,1.0,0.0,0.17,0.17,5.7,0.0,0,0,0,0,0,0,0,0,0,0,0,0,0,0.0,-1,10,6,16.7,4,3,1,7,5,1,0,3,0,3,0.0,0,0,0,0,0,90,59,18,14,3746,782,216,2748,BOS,Atlantic,Eastern
2025-2026,20251130,11,BOS,38020,John Beecher,ROSTER,24.0,"6'3""",210.0,USA,"Elmira, NY",True,C,6,1,0,1,1.0,0.0,0.17,0.17,5.7,0.0,0,0,0,0,0,0,0,0,0,0,0,0,0,0.0,-1,10,6,16.7,4,3,1,7,5,1,0,3,0,3,0.0,0,0,0,0,0,90,59,18,14,3746,782,216,2748,BOS,Atlantic,Eastern
2025-2026,20251130,23,CGY,38020,John Beecher,ROSTER,24.0,"6'3""",210.0,USA,"Elmira, NY",True,C,5,0,1,1,1.2,0.2,0.0,0.2,6.5,2.8,0,0,0,0,0,1,1,0,0,0,0,0,0,0.0,-1,9,6,0.0,6,1,2,4,2,0,1,19,8,11,42.1,1,2,1,2,0,80,39,17,24,3168,375,97,2696,CGY,Pacific,Western
2025-2026,20251130,23,CGY,38020,John Beecher,ROSTER,24.0,"6'3""",210.0,USA,"Elmira, NY",True,C,5,0,1,1,1.2,0.2,0.0,0.2,6.5,2.8,0,0,0,0,0,1,1,0,0,0,0,0,0,0.0,-1,9,6,0.0,6,1,2,4,2,0,1,19,8,11,42.1,1,2,1,2,0,80,39,17,24,3168,375,97,2696,CGY,Pacific,Western
2025-2026,20251130,143,SEA,37968,Matty Beniers,ROSTER,23.0,"6'2""",175.0,USA,"Hingham, MA",True,C,24,3,11,14,1.54,0.46,0.12,0.58,22.7,8.5,1,2,2,4,0,0,0,1,0,0,0,0,0,0.0,4,98,37,8.1,23,24,37,9,38,26,2,320,152,168,47.5,3,6,8,16,0,569,360,127,77,29530,5604,1287,22358,SEA,Pacific,Western
2025-2026,20251130,27,DAL,4707,Jamie Benn,ROSTER,36.0,"6'2""",210.0,Canada,"Victoria, BC",False,LW,6,2,3,5,1.5,0.5,0.33,0.83,5.2,5.7,0,0,0,0,0,0,0,0,0,0,0,0,0,0.0,1,14,9,22.2,1,3,2,13,3,4,0,26,13,13,50.0,2,4,1,4,0,112,53,40,21,4288,1166,384,2738,DAL,Central,Western
2025-2026,20251130,4,FLO,5415,Sam Bennett,ROSTER,29.0,"6'1""",195.0,Canada,"Holland Landing, ON",False,C,24,6,6,12,2.21,0.25,0.25,0.5,21.9,34.0,2,1,1,2,0,0,0,2,0,0,0,0,0,0.0,-3,115,53,11.3,7,31,31,48,14,24,9,312,159,153,51.0,12,24,5,10,0,516,247,170,104,24410,4728,3442,16240,FLA,,
2025-2026,20251130,12,TOR,15129,Simon Benoit,ROSTER,27.0,"6'3""",208.0,Canada,"Laval, QC",False,D,23,0,2,2,0.7,0.09,0.0,0.09,47.3,26.9,0,0,0,0,0,0,0,0,0,0,0,0,0,0.0,-2,45,16,0.0,34,22,7,55,42,23,6,0,0,0,0.0,7,17,6,15,1,620,385,138,97,24881,3714,2268,18899,TOR,Atlantic,Eastern
2025-2026,20251130,15,BUF,111755,Zach Benson,ROSTER,20.0,"5'10""",159.0,Canada,"Langley, BC",True,LW,12,0,9,9,1.75,0.75,0.0,0.75,7.7,8.5,0,0,3,3,0,1,1,0,0,0,0,0,0,0.0,2,35,21,0.0,7,8,6,5,16,13,7,3,2,1,66.7,3,6,2,4,0,275,229,32,14,13126,3342,528,9256,BUF,Atlantic,Eastern
2025-2026,20251130,9,NYR,56550,Brett Berard,ROSTER,23.0,"5'9""",155.0,USA,"East Greenwich, RI",False,LW,4,0,0,0,1.5,0.0,0.0,0.0,6.3,7.1,0,0,0,0,0,0,0,0,0,0,0,0,0,0.0,-1,17,6,0.0,5,6,5,6,4,2,0,0,0,0,0.0,2,6,0,0,0,67,49,7,11,2556,247,77,2232,NYR,Metropolitan,Eastern
2025-2026,20251130,16,DET,14556,Jonatan Berggren,ROSTER,25.0,"5'10""",183.0,Sweden,Uppsala,True,RW,14,2,4,6,1.43,0.29,0.14,0.43,5.5,8.5,0,1,0,1,0,0,0,0,0,0,0,0,0,0.0,-3,42,20,10.0,3,14,8,9,14,13,1,0,0,0,0.0,3,6,4,8,0,229,123,61,47,10115,1777,1104,7234,DET,Atlantic,Eastern
2025-2026,20251130,16,DET,14549,Jacob Bernard-Docker,ROSTER,25.0,"6'1""",190.0,Canada,"Canmore, AB",False,D,13,0,1,1,1.38,0.08,0.0,0.08,10.8,2.8,0,0,0,0,0,0,0,0,0,0,0,0,0,0.0,1,35,18,0.0,8,12,5,12,29,11,3,0,0,0,0.0,1,2,1,2,0,235,136,31,68,10147,933,398,8816,DET,Atlantic,Eastern
2025-2026,20251130,20,CHI,10178,Tyler Bertuzzi,ROSTER,30.0,"6'1""",199.0,Canada,"Sudbury, ON",False,LW,21,12,8,20,2.19,0.38,0.57,0.95,7.5,25.4,4,6,4,10,0,0,0,1,0,0,0,0,0,0.0,-1,76,46,26.1,1,11,19,20,24,24,4,39,20,19,51.3,7,22,9,18,0,444,227,129,95,22836,6378,1868,14365,CHI,Central,Western
2025-2026,20251130,27,DAL,56392,Lian Bichsel,ROSTER,21.0,"6'6""",225.0,Switzerland,Wolfwil,False,D,25,1,2,3,0.36,0.08,0.04,0.12,48.7,31.2,0,0,0,0,0,0,0,0,0,0,0,0,0,0.0,6,30,9,11.1,24,15,6,85,66,22,4,0,0,0,0.0,11,22,6,12,0,502,395,46,61,24092,4119,588,19321,DAL,Central,Western
2025-2026,20251130,1,TBL,8913,Oliver Bjorkstrand,ROSTER,30.0,"6'0""",177.0,Denmark,Herning,False,RW,25,2,7,9,1.68,0.28,0.08,0.36,22.0,2.8,0,2,2,4,0,0,0,0,0,0,0,0,0,0.0,-6,98,42,4.8,16,25,31,25,32,19,4,11,5,6,45.5,1,2,1,2,0,431,185,166,82,21406,5452,2589,13365,TBL,Atlantic,Eastern
2025-2026,20251130,17,STL,5201,Nick Bjugstad,ROSTER,33.0,"6'6""",215.0,USA,"Minneapolis, MN",False,C,20,4,1,5,1.65,0.05,0.2,0.25,24.2,14.2,1,0,0,0,0,0,0,0,0,0,0,0,0,0.0,-1,54,33,12.1,14,7,14,37,9,3,2,120,60,60,50.0,5,10,4,8,0,325,167,82,80,13502,2886,1192,9424,STL,Central,Western
2025-2026,20251130,27,DAL,15469,Colin Blackwell,ROSTER,32.0,"5'9""",190.0,USA,"North Andover, MA",False,C,24,2,4,6,0.67,0.17,0.08,0.25,22.0,17.0,0,0,0,0,0,0,0,1,0,0,0,0,0,0.0,3,37,16,12.5,11,10,11,38,23,15,1,82,29,53,35.4,6,12,4,8,0,388,197,108,83,16806,4123,1342,11249,DAL,Central,Western
2025-2026,20251130,12,TOR,11712,Sammy Blais,ROSTER,29.0,"6'2""",205.0,Canada,"Montmagny, QC",False,LW,8,1,2,3,0.88,0.25,0.12,0.38,13.5,5.7,0,0,0,0,0,0,0,0,0,0,0,0,0,0.0,-2,11,7,14.3,5,3,1,28,6,2,1,1,1,0,100.0,2,4,1,2,0,95,59,28,9,3977,910,589,2478,TOR,Atlantic,Eastern
2025-2026,20251130,3,CAR,56345,Jackson Blake,ROSTER,22.0,"5'10""",158.0,USA,"Eden Prairie, MN",False,RW,24,6,9,15,2.42,0.38,0.25,0.62,9.0,22.7,2,0,2,2,0,0,0,0,0,0,1,0,0,0.0,1,104,58,10.3,9,13,33,4,42,27,8,2,0,2,0.0,8,16,9,18,0,452,342,71,45,23473,4736,1113,17624,CAR,Metropolitan,Eastern
2025-2026,20251130,18,NSH,39055,Nick Blankenburg,ROSTER,27.0,"5'9""",175.0,USA,"Washington, MI",True,D,15,4,7,11,1.93,0.47,0.27,0.73,17.5,2.8,1,3,2,5,0,0,0,0,0,0,0,0,0,0.0,-8,73,29,13.8,15,28,16,14,30,16,3,0,0,0,0.0,1,2,2,4,0,352,279,34,44,17541,3385,221,13936,NSH,Central,Western
2025-2026,20251130,21,VAN,15472,Theodor Blueger,ROSTER,31.0,"6'0""",185.0,Latvia,Riga,False,C,2,1,0,1,1.0,0.0,0.5,0.5,3.6,0.0,0,0,0,0,0,0,0,1,0,0,0,0,0,0.0,0,2,2,50.0,3,0,0,3,0,1,0,26,9,17,34.6,0,0,0,0,0,44,21,8,16,1899,363,216,1320,VAN,Pacific,Western
2025-2026,20251130,11,BOS,39748,Matěj Blümel,ROSTER,25.0,"6'0""",198.0,Czech Republic,Tabor,True,RW,4,0,0,0,1.0,0.0,0.0,0.0,2.4,0.0,0,0,0,0,0,0,0,0,0,0,0,0,0,0.0,-3,10,4,0.0,2,4,2,2,3,3,0,1,0,1,0.0,0,0,0,0,0,50,31,13,6,2608,894,148,1566,BOS,Atlantic,Eastern
2025-2026,20251130,21,VAN,5618,Brock Boeser,ROSTER,28.0,"6'1""",208.0,USA,"Burnsville, MN",False,RW,24,9,7,16,2.5,0.29,0.38,0.67,11.8,0.0,3,1,4,5,0,0,0,2,0,1,1,0,1,100.0,-6,112,60,15.0,8,23,29,15,8,14,4,52,21,31,40.4,0,0,1,2,0,504,234,97,183,27104,5783,1722,19610,VAN,Pacific,Western
2025-2026,20251130,25,MIN,4480,Zach Bogosian,ROSTER,35.0,"6'3""",226.0,USA,"Massena, NY",False,D,10,0,0,0,0.8,0.0,0.0,0.0,13.9,0.0,0,0,0,0,0,0,0,0,0,0,0,0,0,0.0,4,15,8,0.0,12,4,3,11,9,4,1,0,0,0,0.0,0,0,1,2,0,169,111,22,36,8774,1868,181,6725,MIN,Central,Western
2025-2026,20251130,14,MTL,33083,Zachary Bolduc,ROSTER,22.0,"6'1""",175.0,Canada,"Trois-Rivière, QC",True,RW,24,6,6,12,1.5,0.25,0.25,0.5,24.2,14.2,2,3,2,5,0,0,0,0,0,0,0,0,0,0.0,-2,71,36,16.7,12,16,19,42,31,20,3,16,9,7,56.2,5,10,8,16,0,399,287,59,59,20155,3499,570,16086,MTL,Atlantic,Eastern
2025-2026,20251130,25,MIN,30015,Matthew Boldy,ROSTER,24.0,"6'2""",196.0,USA,"Milford, MA",True,LW,26,15,14,29,3.38,0.54,0.58,1.12,19.7,22.7,5,5,7,12,1,0,1,2,0,0,4,0,3,75.0,5,188,88,17.0,16,45,55,18,26,29,9,38,15,23,39.5,8,16,11,22,0,554,324,150,97,33152,8461,2096,22812,MIN,Central,Western
2025-2026,20251130,8,NYI,14531,Adam Boqvist,ROSTER,25.0,"5'11""",179.0,Sweden,Falun,False,D,10,0,1,1,0.3,0.1,0.0,0.1,9.9,2.8,0,0,0,0,0,0,0,0,0,0,0,0,0,0.0,0,15,3,0.0,10,9,3,4,8,6,1,0,0,0,0.0,1,2,0,0,0,173,121,30,22,7661,1081,697,5883,NYI,Metropolitan,Eastern
2025-2026,20251130,4,FLO,17176,Jesper Boqvist,ROSTER,27.0,"6'0""",180.0,Sweden,Falun,False,C,24,3,3,6,1.17,0.12,0.12,0.25,29.5,8.5,1,0,0,0,0,0,0,1,0,0,0,0,0,0.0,4,52,28,10.7,12,10,14,58,24,21,0,48,18,30,37.5,3,6,6,12,0,442,240,126,79,18090,3044,1506,13540,FLA,,
2025-2026,20251130,9,NYR,15692,William Borgen,ROSTER,28.0,"6'3""",196.0,USA,"Moorhead, MN",False,D,20,1,2,3,0.8,0.1,0.05,0.15,32.9,11.3,0,0,0,0,0,0,0,1,0,0,0,0,0,0.0,3,48,16,6.2,26,21,11,32,38,15,6,0,0,0,0.0,4,8,2,4,0,504,282,93,116,22423,2175,1378,18083,NYR,Metropolitan,Eastern
2025-2026,20251130,24,EDM,14533,Evan Bouchard,ROSTER,26.0,"6'3""",194.0,Canada,"Oakville, ON",False,D,26,4,18,22,2.62,0.69,0.15,0.85,31.3,14.2,1,1,5,6,0,0,0,1,0,1,1,0,0,0.0,0,146,68,5.9,33,53,25,9,27,39,18,0,0,0,0.0,5,10,5,10,0,656,374,171,102,37098,7984,3178,25306,EDM,Pacific,Western
2025-2026,20251130,27,DAL,34435,Mavrik Bourque,ROSTER,23.0,"5'10""",178.0,Canada,"Plessisville, QC",True,C,25,3,5,8,1.6,0.2,0.12,0.32,12.5,5.7,1,0,2,2,0,0,0,0,0,0,0,0,0,0.0,-6,63,40,7.5,10,8,15,12,23,9,2,47,22,25,46.8,2,4,6,12,0,448,289,85,76,20905,3494,838,16523,DAL,Central,Western
2025-2026,20251130,142,VGK,184007,Braeden Bowman,ROSTER,22.0,"6'1""",205.0,Canada,"Kitchener, ON",True,RW,10,4,3,7,2.0,0.3,0.4,0.7,4.6,5.7,1,2,0,2,0,0,0,1,0,0,0,0,0,0.0,-4,38,20,20.0,5,7,11,1,11,3,1,1,1,0,100.0,2,4,0,0,0,199,167,35,1,10206,2257,789,7160,VGK,Pacific,Western
2025-2026,20251130,16,DET,142440,Michael Brandsegg-Nygård,ASSIGNED_TO_MINORS,,,,,,False,RW,9,0,1,1,1.56,0.11,0.0,0.11,11.8,2.8,0,0,0,0,0,0,0,0,0,0,0,0,0,0.0,-5,35,14,0.0,3,13,8,28,17,10,2,0,0,0,0.0,1,2,1,2,0,158,132,24,2,6723,821,31,5871,DET,Atlantic,Eastern
2025-2026,20251130,7,NJD,13722,Jesper Bratt,ROSTER,27.0,"5'10""",175.0,Sweden,Stockholm,False,LW,25,5,19,24,2.2,0.76,0.2,0.96,15.5,11.3,1,1,6,7,1,0,1,2,0,1,2,0,2,100.0,0,106,55,9.1,8,24,27,26,16,25,15,0,0,0,0.0,4,8,5,10,0,571,298,135,143,27788,4925,1824,21082,NJD,Metropolitan,Eastern
2025-2026,20251130,10,PIT,53189,Justin Brazeau,ROSTER,27.0,"6'5""",220.0,Canada,"New Liskeard, ON",True,RW,12,6,6,12,1.83,0.5,0.5,1.0,15.9,0.0,2,1,1,2,0,0,0,2,0,0,0,0,0,0.0,3,33,22,27.3,12,4,10,17,11,13,1,0,0,0,0.0,0,0,1,2,0,212,127,72,12,9702,1946,1616,5862,PIT,Metropolitan,Eastern
2025-2026,20251130,22,COL,133825,Gavin Brindley,ROSTER,21.0,"5'9""",175.0,USA,"Fort Myers, FL",True,C,18,4,3,7,1.22,0.17,0.22,0.39,9.7,8.5,1,0,0,0,0,0,0,2,0,1,0,0,0,0.0,3,40,22,18.2,4,8,10,19,25,7,3,7,2,5,28.6,3,6,5,10,0,241,181,43,21,10034,1677,173,8184,COL,Central,Western
2025-2026,20251130,6,PHI,38019,Bobby Brink,ROSTER,24.0,"5'8""",165.0,USA,"Minnetonka, MN",True,RW,24,6,4,10,1.79,0.17,0.25,0.42,18.3,19.8,2,2,2,4,0,0,0,0,0,0,2,0,1,50.0,-5,73,43,14.0,9,14,16,32,28,11,3,25,7,18,28.0,7,14,7,14,0,486,294,91,108,22812,3677,815,18714,PHI,Metropolitan,Eastern
2025-2026,20251130,17,STL,17150,Philip Broberg,ROSTER,24.0,"6'3""",200.0,Sweden,Orebro,True,D,26,2,8,10,1.27,0.31,0.08,0.38,42.9,2.8,0,0,0,0,0,0,0,0,0,0,0,0,0,0.0,-1,92,33,6.1,45,40,19,13,55,35,7,0,0,0,0.0,1,2,6,12,0,738,462,145,133,36530,5435,1991,29104,STL,Central,Western
2025-2026,20251130,25,MIN,5123,Jonas Brodin,ROSTER,32.0,"6'1""",194.0,Sweden,Karlstad,False,D,25,2,6,8,1.0,0.24,0.08,0.32,45.7,8.5,0,0,0,0,0,0,0,0,0,0,0,0,0,0.0,5,65,25,8.0,51,29,11,6,37,24,4,0,0,0,0.0,3,6,3,6,0,645,356,132,159,33187,6075,2733,24379,MIN,Central,Western
2025-2026,20251130,9,NYR,11807,Jonny Brodzinski,ROSTER,32.0,"6'1""",215.0,USA,"Ham Lake, MN",False,C,16,2,2,4,1.25,0.12,0.12,0.25,5.9,2.8,0,0,0,0,0,0,0,0,0,0,0,0,0,0.0,3,51,20,10.0,5,12,19,5,10,8,7,14,8,6,57.1,1,2,5,12,0,268,140,66,58,11365,2015,844,8291,NYR,Metropolitan,Eastern
2025-2026,20251130,7,NJD,8916,Connor Brown,ROSTER,31.0,"6'0""",186.0,Canada,"Etobicoke, ON",False,RW,18,6,3,9,1.33,0.17,0.33,0.5,15.5,2.8,2,0,0,0,1,0,1,1,0,0,0,0,0,0.0,-2,36,24,25.0,15,3,9,8,14,12,4,8,3,5,37.5,1,2,0,0,0,353,182,97,80,17284,2763,1855,12666,NJD,Metropolitan,Eastern
2025-2026,20251130,10,PIT,37991,Tristan Broz,ROSTER,23.0,"6'0""",179.0,USA,"Bloomington, MN",True,C,1,0,0,0,2.0,0.0,0.0,0.0,0.0,0.0,0,0,0,0,0,0,0,0,0,0,0,0,0,0.0,-1,2,2,0.0,0,0,0,0,0,1,0,6,3,3,50.0,0,0,0,0,0,15,13,2,0,690,215,29,446,PIT,Metropolitan,Eastern
2025-2026,20251130,10,PIT,142708,Harrison Brunicke,ASSIGNED_TO_MINORS,,,,,,False,D,9,1,0,1,0.89,0.0,0.11,0.11,12.5,8.5,0,0,0,0,0,0,0,0,0,0,0,0,0,0.0,-4,22,8,12.5,13,7,7,4,18,14,1,0,0,0,0.0,3,6,2,4,0,171,135,14,19,8486,830,167,7234,PIT,Metropolitan,Eastern
2025-2026,20251130,15,BUF,17925,Jacob Bryson,ROSTER,28.0,"5'9""",185.0,Canada,"London, ON",False,D,15,1,2,3,0.2,0.13,0.07,0.2,7.3,5.7,0,0,0,0,0,0,0,0,0,0,0,0,0,0.0,-1,18,3,33.3,7,10,5,4,13,6,2,0,0,0,0.0,2,4,0,0,0,243,134,21,89,10087,846,209,9032,BUF,Atlantic,Eastern
2025-2026,20251130,17,STL,10075,Pavel Buchnevich,ROSTER,30.0,"6'3""",197.0,Russia,Cherepovets,False,LW,26,3,8,11,1.62,0.31,0.12,0.42,15.2,9.9,1,2,3,5,0,0,0,0,0,0,0,0,0,0.0,-11,87,42,7.1,12,19,26,15,15,22,8,13,4,9,30.8,4,6,5,10,0,599,281,207,114,28255,5394,2933,19928,STL,Central,Western
2025-2026,20251130,25,MIN,142488,Zeev Buium,ROSTER,,,,,,False,D,26,3,9,12,1.04,0.35,0.12,0.46,14.6,11.3,1,2,6,8,0,0,0,0,0,0,0,0,0,0.0,-9,69,27,11.1,14,27,15,8,34,30,3,0,0,0,0.0,4,8,3,6,0,503,420,66,19,29167,6209,789,22169,MIN,Central,Western
2025-2026,20251130,18,NSH,15430,Michael Bunting,ROSTER,30.0,"5'11""",197.0,Canada,"Toronto, ON",True,LW,25,5,8,13,1.32,0.32,0.2,0.52,10.0,8.5,1,1,4,5,0,0,0,0,0,0,1,1,0,0.0,-10,86,33,15.2,7,19,34,12,17,20,1,11,3,8,27.3,3,6,7,14,0,452,224,148,85,22242,4693,2741,14808,NSH,Central,Western
2025-2026,20251130,20,CHI,5451,Andre Burakovsky,ROSTER,30.0,"6'3""",201.0,Austria,Klagenfurt,False,LW,19,7,9,16,1.47,0.47,0.37,0.84,8.8,8.5,2,1,4,5,0,0,0,1,0,0,0,0,0,0.0,4,63,28,25.0,8,22,13,6,24,19,11,3,0,3,0.0,3,6,1,2,0,395,208,83,107,19550,4546,820,13959,CHI,Central,Western
2025-2026,20251130,22,COL,15,Brent Burns,ROSTER,40.0,"6'5""",230.0,Canada,"Ajax, ON",False,D,25,3,9,12,2.08,0.36,0.12,0.48,31.3,17.0,1,0,1,1,0,0,0,3,0,0,0,0,0,0.0,9,124,52,5.8,35,40,32,4,18,26,5,0,0,0,0.0,6,12,0,0,0,646,352,127,170,29934,7368,1559,21007,COL,Central,Western
2025-2026,20251130,28,LAK,19049,Quinton Byfield,ROSTER,23.0,"6'4""",215.0,Canada,"Newmarket, ON",True,RW,25,4,15,19,2.36,0.6,0.16,0.76,14.0,14.2,1,1,4,5,0,1,1,2,0,1,1,0,0,0.0,1,106,59,6.8,9,23,24,19,24,22,10,357,146,211,40.9,5,10,12,24,0,587,372,84,136,30360,4472,888,25000,LAK,Pacific,Western
2025-2026,20251130,15,BUF,21814,Bowen Byram,ROSTER,24.0,"6'0""",195.0,Canada,"Cranbrook, BC",True,D,25,4,7,11,1.44,0.28,0.16,0.44,28.6,14.2,1,1,2,3,0,0,0,1,0,0,1,0,1,100.0,-8,70,36,11.1,28,12,22,14,41,27,6,0,0,0,0.0,5,10,4,8,0,669,394,123,157,32303,3955,1317,27072,BUF,Atlantic,Eastern
2025-2026,20251130,11,BOS,37956,Michael Callahan,ROSTER,26.0,"6'2""",197.0,USA,"Franklin, MA",True,D,4,0,0,0,0.5,0.0,0.0,0.0,8.7,0.0,0,0,0,0,0,0,0,0,0,0,0,0,0,0.0,-1,3,2,0.0,9,0,1,3,11,3,2,0,0,0,0.0,0,0,0,0,0,88,55,20,13,3726,828,279,2619,BOS,Atlantic,Eastern
2025-2026,20251130,27,DAL,5658,Kyle Capobianco,ROSTER,28.0,"6'1""",196.0,Canada,"Mississauga, ON",False,D,10,0,3,3,0.4,0.3,0.0,0.3,4.8,2.8,0,0,0,0,0,0,0,0,0,0,0,0,0,0.0,3,19,4,0.0,4,11,4,4,10,4,3,0,0,0,0.0,1,2,1,2,0,149,96,26,25,6721,1143,408,5093,DAL,Central,Western
2025-2026,20251130,30,UTA,16956,Michael Carcone,ROSTER,29.0,"5'10""",170.0,Canada,"Ajax, ON",False,LW,24,4,4,8,2.04,0.17,0.17,0.33,17.5,16.9,1,0,0,0,0,0,0,0,0,0,0,0,0,0.0,2,101,49,8.2,5,24,28,40,28,9,3,2,0,2,0.0,4,16,2,4,0,390,221,105,68,16522,2740,1427,12355,UTA,Central,Western
2025-2026,20251130,26,SJS,56619,Ethan Cardwell,ASSIGNED_TO_MINORS,23.0,"5'11""",180.0,Canada,"Courtice, ON",False,RW,4,1,0,1,0.75,0.0,0.25,0.25,1.3,2.8,0,0,0,0,0,0,0,1,0,0,0,0,0,0.0,1,11,3,33.3,0,4,4,4,5,2,1,0,0,0,0.0,1,2,0,0,0,63,48,10,6,2965,484,109,2372,SJS,Pacific,Western
2025-2026,20251130,1,TBL,38105,Declan Carlile,ROSTER,25.0,"6'1""",190.0,USA,"Hartland, MI",True,D,7,1,0,1,0.29,0.0,0.14,0.14,8.6,0.0,0,0,0,0,0,0,0,0,0,0,0,0,0,0.0,1,9,2,50.0,7,6,1,8,20,5,0,0,0,0,0.0,0,0,0,0,0,117,96,17,5,5408,805,15,4588,TBL,Atlantic,Eastern
2025-2026,20251130,12,TOR,5632,Brandon Carlo,ROSTER,29.0,"6'5""",212.0,USA,"Colorado Springs, CO",False,D,18,0,2,2,1.28,0.11,0.0,0.11,33.1,8.5,0,0,0,0,0,0,0,0,0,0,0,0,0,0.0,2,49,23,0.0,34,13,13,12,28,20,1,0,0,0,0.0,3,6,1,2,0,497,293,119,85,21664,2450,2354,16860,TOR,Atlantic,Eastern
2025-2026,20251130,5,WSH,4735,John Carlson,ROSTER,35.0,"6'3""",217.0,USA,"Natick, MA",False,D,24,6,16,22,2.38,0.67,0.25,0.92,32.1,8.5,2,0,5,5,0,0,0,0,0,0,0,0,0,0.0,8,130,57,10.5,34,41,31,9,33,42,20,0,0,0,0.0,3,6,2,4,0,571,311,128,134,33314,8903,1770,22448,WSH,Metropolitan,Eastern
2025-2026,20251130,29,ANA,111582,Leo Carlsson,ROSTER,20.0,"6'3""",198.0,Sweden,Karlstad,True,C,24,13,20,33,2.62,0.83,0.54,1.38,11.9,24.7,4,2,8,10,2,1,3,3,0,1,2,1,0,0.0,12,131,63,20.6,12,32,36,5,17,23,11,431,197,234,45.7,6,23,7,14,0,600,461,70,82,28740,5895,454,22489,ANA,Pacific,Western
2025-2026,20251130,9,NYR,5479,Sam Carrick,ROSTER,33.0,"6'0""",200.0,Canada,"Stouffville, ON",False,C,27,1,5,6,1.0,0.19,0.04,0.22,25.9,35.5,0,0,0,0,0,1,1,0,0,0,0,0,0,0.0,3,57,27,3.7,14,14,17,42,31,10,6,198,105,93,53.0,5,19,8,25,3,448,188,89,160,18623,4208,1048,12885,NYR,Metropolitan,Eastern
2025-2026,20251130,14,MTL,5710,Alexandre Carrier,ROSTER,29.0,"5'11""",174.0,Canada,"Quebec City, QC",False,D,24,1,7,8,0.71,0.29,0.04,0.33,56.6,14.2,0,0,0,0,0,0,0,0,0,0,0,0,0,0.0,-10,48,17,5.9,61,17,14,13,62,25,12,0,0,0,0.0,5,10,3,6,0,530,283,90,159,27143,3405,1580,22166,MTL,Atlantic,Eastern
2025-2026,20251130,3,CAR,10174,William Carrier,ROSTER,30.0,"6'2""",218.0,Canada,"Pierrefonds, QC",False,LW,18,1,4,5,0.94,0.22,0.06,0.28,16.5,8.5,0,0,0,0,0,0,0,1,0,0,0,0,0,0.0,2,50,17,5.9,5,13,20,37,27,8,4,0,0,0,0.0,3,6,4,8,0,307,109,165,34,11814,2420,2309,7085,CAR,Metropolitan,Eastern
2025-2026,20251130,7,NJD,56518,Seamus Casey,ASSIGNED_TO_MINORS,21.0,"5'10""",173.0,USA,"Estero, FL",False,D,2,0,0,0,2.0,0.0,0.0,0.0,0.9,0.0,0,0,0,0,0,0,0,0,0,0,0,0,0,0.0,-3,8,4,0.0,1,2,2,0,7,3,2,0,0,0,0.0,0,0,0,0,0,48,37,10,1,2161,692,92,1377,NJD,Metropolitan,Eastern
2025-2026,20251130,6,PHI,38701,Noah Cates,ROSTER,26.0,"6'1""",170.0,USA,"Stillwater, MN",True,LW,24,5,8,13,1.88,0.33,0.21,0.54,24.7,11.3,1,1,4,5,0,0,0,2,0,1,0,0,0,0.0,8,72,45,11.1,20,9,18,23,22,14,6,348,138,210,39.7,4,8,5,10,0,581,257,80,249,25049,3004,499,21546,PHI,Metropolitan,Eastern
2025-2026,20251130,143,SEA,142279,Berkly Catton,ROSTER,,,,,,False,C,19,0,5,5,0.89,0.26,0.0,0.26,9.8,2.8,0,0,1,1,0,0,0,0,0,0,0,0,0,0.0,0,35,17,0.0,11,6,12,1,31,7,3,37,17,20,45.9,1,2,3,6,0,316,276,35,4,13947,2113,217,11567,SEA,Pacific,Western
2025-2026,20251130,14,MTL,19047,Cole Caufield,ROSTER,24.0,"5'7""",174.0,USA,"Mosinee, WI",True,RW,24,14,12,26,2.71,0.5,0.58,1.08,13.5,11.3,4,1,6,7,0,0,0,4,0,3,2,0,1,50.0,10,125,65,21.5,8,22,38,20,14,17,12,7,2,5,28.6,4,8,6,12,0,496,274,93,144,26401,4381,764,21300,MTL,Atlantic,Eastern
2025-2026,20251130,28,LAK,5307,Cody Ceci,ROSTER,31.0,"6'2""",210.0,Canada,"Ottawa, ON",False,D,25,1,5,6,0.96,0.2,0.04,0.24,33.4,5.7,0,0,0,0,0,1,1,0,0,0,0,0,0,0.0,-6,67,24,4.2,34,31,12,13,40,21,6,0,0,0,0.0,2,4,0,0,0,532,294,103,137,26427,3506,2504,20419,LAK,Pacific,Western
2025-2026,20251130,26,SJS,134157,Macklin Celebrini,ROSTER,19.0,"6'0""",190.0,Canada,"North Vancouver, BC",True,C,26,14,23,37,2.88,0.88,0.54,1.42,19.2,22.7,4,4,11,15,0,0,0,3,0,2,2,0,0,0.0,3,144,75,18.7,17,38,31,14,35,37,13,406,194,212,47.8,8,16,16,34,0,560,458,51,65,31902,6938,1136,23828,SJS,Pacific,Western
2025-2026,20251130,1,TBL,14454,Erik Cernak,INJURY_LIST,28.0,"6'3""",233.0,Slovakia,Kosice,False,D,19,0,4,4,0.68,0.21,0.0,0.21,50.1,31.2,0,0,0,0,0,1,1,0,0,0,0,0,0,0.0,0,36,13,0.0,43,14,9,40,26,18,4,0,0,0,0.0,8,21,2,7,1,500,243,147,111,22025,3188,1526,17239,TBL,Atlantic,Eastern
2025-2026,20251130,13,OTT,5613,Thomas Chabot,ROSTER,28.0,"6'2""",196.0,Canada,"Ste-Marie-de-Beauce, QC",False,D,18,2,8,10,1.22,0.44,0.11,0.56,35.2,12.7,0,1,3,4,0,1,1,0,0,0,0,0,0,0.0,5,71,22,9.1,36,28,21,13,24,13,6,0,0,0,0.0,4,10,1,2,0,488,274,103,113,23675,3801,2077,17797,OTT,Atlantic,Eastern
2025-2026,20251130,1,TBL,28436,Mitchell Chaffee,ASSIGNED_TO_MINORS,27.0,"6'0""",207.0,USA,"Rockford, MI",True,RW,7,0,0,0,1.14,0.0,0.0,0.0,8.0,5.7,0,0,0,0,0,0,0,0,0,0,0,0,0,0.0,0,10,8,0.0,2,1,1,19,6,5,0,3,1,2,33.3,2,4,2,4,0,95,55,20,20,3986,557,296,3133,TBL,Atlantic,Eastern
2025-2026,20251130,3,CAR,15383,Jalen Chatfield,ROSTER,29.0,"6'1""",188.0,USA,"Ypsilanti, MI",False,D,17,0,4,4,1.35,0.24,0.0,0.24,20.6,11.3,0,0,0,0,0,0,0,0,0,0,0,0,0,0.0,4,66,23,0.0,19,27,16,13,34,16,4,0,0,0,0.0,4,8,3,14,0,451,251,86,114,19894,2753,1148,15993,CAR,Metropolitan,Eastern
2025-2026,20251130,16,DET,5285,Ben Chiarot,ROSTER,34.0,"6'3""",234.0,Canada,"Hamilton, ON",False,D,26,3,4,7,1.15,0.15,0.12,0.27,69.7,41.0,1,0,0,0,0,0,0,0,0,0,0,0,0,0.0,1,82,30,10.0,57,37,15,63,37,31,9,0,0,0,0.0,12,34,4,8,0,679,383,113,187,32616,7275,2225,23149,DET,Atlantic,Eastern
2025-2026,20251130,2,WPJ,37987,Nikita Chibrikov,ASSIGNED_TO_MINORS,22.0,"5'10""",170.0,Russia,Moskva,True,RW,8,0,0,0,0.62,0.0,0.0,0.0,7.6,15.6,0,0,0,0,0,0,0,0,0,0,0,0,0,0.0,0,16,5,0.0,5,7,4,10,7,6,2,0,0,0,0.0,5,12,2,4,0,105,83,19,3,4414,1202,226,2986,WPG,,
2025-2026,20251130,19,CBJ,30088,Yegor Chinakhov,ROSTER,24.0,"6'0""",178.0,Russia,Omsk,True,RW,19,2,2,4,1.26,0.11,0.11,0.21,12.9,5.7,0,0,0,0,0,0,0,0,0,0,0,0,0,0.0,-6,50,24,8.3,7,20,6,21,12,8,3,0,0,0,0.0,2,4,2,4,0,265,200,46,19,11807,2040,329,9358,CBJ,Metropolitan,Eastern
2025-2026,20251130,5,WSH,28482,Declan Chisholm,ROSTER,25.0,"6'1""",185.0,Canada,"Bowmanville, ON",True,D,10,0,1,1,0.7,0.1,0.0,0.1,8.7,2.8,0,0,0,0,0,0,0,0,0,0,0,0,0,0.0,1,20,7,0.0,9,10,3,3,15,10,4,0,0,0,0.0,1,2,3,9,0,177,115,27,29,8770,1116,647,6671,WSH,Metropolitan,Eastern
2025-2026,20251130,9,NYR,56549,Jaroslav Chmelar,ASSIGNED_TO_MINORS,22.0,"6'4""",198.0,Czech Republic,Nove Mesto nad Metuji,False,RW,2,0,0,0,0.5,0.0,0.0,0.0,1.7,9.9,0,0,0,0,0,0,0,0,0,0,0,0,0,0.0,-1,2,1,0.0,0,0,1,5,1,1,0,0,0,0,0.0,1,5,1,5,1,21,16,3,2,867,126,79,662,NYR,Metropolitan,Eastern
2025-2026,20251130,7,NJD,15156,Dennis Cholowski,ROSTER,27.0,"6'2""",197.0,Canada,"Langley, BC",False,D,10,0,1,1,0.6,0.1,0.0,0.1,9.8,0.0,0,0,0,0,0,0,0,0,0,0,0,0,0,0.0,-3,15,6,0.0,11,6,3,1,10,9,4,0,0,0,0.0,0,0,0,0,0,180,112,27,38,8664,920,378,7298,NJD,Metropolitan,Eastern
2025-2026,20251130,19,CBJ,28414,Jake Christiansen,ROSTER,26.0,"6'1""",195.0,Canada,"West Vancouver, BC",True,D,19,0,1,1,0.84,0.05,0.0,0.05,11.0,5.7,0,0,0,0,0,0,0,0,0,0,0,0,0,0.0,-9,42,16,0.0,7,16,10,15,26,7,0,0,0,0,0.0,2,4,1,2,0,246,171,38,37,11994,1212,396,10386,CBJ,Metropolitan,Eastern
2025-2026,20251130,5,WSH,9642,Jakob Chychrun,ROSTER,27.0,"6'2""",210.0,USA,"Boca Raton, FL",False,D,25,10,13,23,3.48,0.52,0.4,0.92,30.6,35.4,3,3,1,4,0,0,0,2,0,1,0,0,0,0.0,17,190,87,11.5,26,50,53,25,30,32,11,0,0,0,0.0,10,23,8,19,1,563,316,142,111,35107,6127,4496,24487,WSH,Metropolitan,Eastern
2025-2026,20251130,21,VAN,13636,Filip Chytil,INJURY_LIST,26.0,"6'2""",206.0,Czech Republic,Kromeriz,False,C,6,3,0,3,2.5,0.0,0.5,0.5,4.4,8.5,1,0,0,0,0,0,0,1,0,0,0,0,0,0.0,0,22,15,20.0,4,2,5,3,10,3,2,76,36,40,47.4,3,6,0,0,0,114,56,43,18,5629,1207,724,3698,VAN,Pacific,Western
2025-2026,20251130,1,TBL,14125,Anthony Cirelli,ROSTER,28.0,"6'0""",193.0,Canada,"Etobicoke, ON",False,C,21,9,8,17,1.62,0.38,0.43,0.81,14.1,11.3,3,2,0,2,0,1,1,2,0,1,0,0,0,0.0,16,63,34,26.5,13,9,20,9,17,17,9,331,159,172,48.0,4,8,2,4,0,506,238,150,127,22940,3877,2731,16252,TBL,Atlantic,Eastern
2025-2026,20251130,8,NYI,5083,Casey Cizikas,ROSTER,34.0,"5'11""",195.0,Canada,"Toronto, ON",False,C,25,1,4,5,0.6,0.16,0.04,0.2,35.4,8.5,0,0,0,0,0,0,0,0,0,0,0,0,0,0.0,-3,30,15,6.7,17,4,11,63,19,15,2,151,68,83,45.0,3,6,0,0,0,366,195,83,89,14767,3663,853,10251,NYI,Metropolitan,Eastern
2025-2026,20251130,28,LAK,31218,Brandt Clarke,ROSTER,22.0,"6'2""",185.0,Canada,"Nepean, ON",True,D,25,3,9,12,2.0,0.36,0.12,0.48,29.5,19.8,1,1,0,1,0,0,0,2,0,0,0,0,0,0.0,6,94,50,6.0,29,26,18,14,33,31,11,0,0,0,0.0,7,14,6,12,0,550,422,91,40,27726,3984,557,23185,LAK,Pacific,Western
2025-2026,20251130,24,EDM,142463,Connor Clattenburg,ROSTER,,,,,,False,C,3,1,0,1,1.0,0.0,0.33,0.33,7.2,18.4,0,0,0,0,0,0,0,0,0,0,0,0,0,0.0,1,6,3,33.3,3,1,2,14,2,2,0,0,0,0,0.0,4,11,3,9,1,33,26,4,4,1523,142,93,1288,EDM,Pacific,Western
2025-2026,20251130,10,PIT,15396,Connor Clifton,ROSTER,30.0,"5'11""",175.0,USA,"Long Branch, New Jersey",False,D,8,0,0,0,0.75,0.0,0.0,0.0,26.5,5.7,0,0,0,0,0,0,0,0,0,0,0,0,0,0.0,-2,20,6,0.0,17,11,3,36,20,5,1,0,0,0,0.0,2,4,0,0,0,160,84,32,44,8331,1048,310,6976,PIT,Metropolitan,Eastern
2025-2026,20251130,29,ANA,38010,Sam Colangelo,ASSIGNED_TO_MINORS,23.0,"6'2""",205.0,USA,"Stoneham, MA",True,RW,7,1,0,1,0.43,0.0,0.14,0.14,3.8,5.7,0,0,0,0,0,0,0,0,0,0,0,0,0,0.0,-3,11,3,33.3,1,5,3,9,7,6,0,2,1,1,50.0,2,4,0,0,0,105,70,21,16,4285,812,132,3383,ANA,Pacific,Western
2025-2026,20251130,30,UTA,4905,Ian Cole,ROSTER,36.0,"6'1""",225.0,USA,"Ann Arbor, MI",False,D,26,1,8,9,0.81,0.31,0.04,0.35,55.5,19.8,0,0,0,0,0,0,0,0,0,0,0,0,0,0.0,5,54,21,4.8,54,18,15,28,47,24,5,0,0,0,0.0,7,14,4,8,0,620,366,94,161,29279,6599,1033,21647,UTA,Central,Western
2025-2026,20251130,23,CGY,11702,Blake Coleman,ROSTER,34.0,"5'11""",207.0,USA,"Plano, TX",False,LW,26,8,3,11,2.12,0.12,0.31,0.42,38.5,19.8,2,0,0,0,2,0,2,2,0,0,0,0,0,0.0,4,102,55,14.5,21,25,22,62,18,28,7,19,8,11,42.1,7,14,6,12,0,611,282,216,121,26382,6449,2773,17160,CGY,Pacific,Western
2025-2026,20251130,22,COL,18195,Ross Colton,ROSTER,29.0,"6'0""",190.0,USA,"Robbinsville, New Jersey",False,C,25,5,8,13,2.28,0.32,0.2,0.52,32.3,9.9,1,0,0,0,0,0,0,2,0,0,0,0,0,0.0,8,106,57,8.8,13,21,28,64,23,20,5,23,13,10,56.5,1,5,9,21,1,467,244,171,57,20064,3568,2641,13855,COL,Central,Western
2025-2026,20251130,16,DET,5564,J.T. Compher,ROSTER,30.0,"6'0""",190.0,USA,"Northbrook, IL",False,LW,26,4,5,9,1.31,0.19,0.15,0.35,18.2,21.3,1,0,0,0,0,0,0,0,0,0,0,0,0,0.0,-6,57,34,11.8,17,13,11,11,21,13,1,314,164,150,52.2,5,13,11,25,1,559,245,152,166,24834,5066,2687,17142,DET,Atlantic,Eastern
2025-2026,20251130,2,WPJ,5612,Kyle Connor,ROSTER,28.0,"6'1""",182.0,USA,"Clinton Township, MI",False,LW,24,12,17,29,3.42,0.71,0.5,1.21,5.5,8.5,4,2,6,8,1,0,1,1,0,1,1,0,0,0.0,7,137,82,14.6,3,29,26,9,18,20,8,0,0,0,0.0,3,6,5,10,0,552,241,220,103,29711,6130,5140,18441,WPG,,
2025-2026,20251130,30,UTA,56257,Logan Cooley,ROSTER,21.0,"5'11""",180.0,USA,"Pittsburgh, PA",False,C,26,14,9,23,2.04,0.35,0.54,0.88,19.0,28.3,4,3,1,4,0,0,0,1,0,0,0,0,0,0.0,7,92,53,26.4,11,10,29,29,35,33,9,290,115,175,39.7,10,20,10,23,0,561,419,77,80,28135,6248,1255,20634,UTA,Central,Western
2025-2026,20251130,21,VAN,167600,Braeden Cootes,ASSIGNED_TO_OTHER,18.0,"6'0""",183.0,Canada,"Sherwood Park, AB",True,C,3,0,0,0,0.0,0.0,0.0,0.0,1.8,0.0,0,0,0,0,0,0,0,0,0,0,0,0,0,0.0,-2,0,0,0.0,1,0,0,3,1,4,0,13,5,8,38.5,0,0,0,0,0,44,38,5,1,1940,192,0,1748,VAN,Pacific,Western
2025-2026,20251130,16,DET,5555,Andrew Copp,ROSTER,31.0,"6'1""",206.0,USA,"Ann Arbor, MI",False,C,26,1,8,9,1.08,0.31,0.04,0.35,24.5,14.2,0,0,4,4,0,0,0,0,0,0,0,0,0,0.0,-12,60,28,3.6,22,11,21,17,29,20,5,211,118,93,55.9,5,10,4,8,0,535,229,144,163,22274,4243,1431,16600,DET,Atlantic,Eastern
2025-2026,20251130,23,CGY,37972,Matt Coronato,ROSTER,23.0,"5'10""",183.0,USA,"New York, NY",True,RW,25,8,6,14,3.04,0.24,0.32,0.56,8.7,17.0,2,4,0,4,0,0,0,0,0,0,2,1,0,0.0,-17,137,76,10.5,9,38,23,3,18,17,8,57,18,39,31.6,6,12,7,17,0,516,366,122,36,25521,7045,1396,17080,CGY,Pacific,Western
2025-2026,20251130,7,NJD,18224,Paul Cotter,ROSTER,26.0,"6'0""",185.0,USA,"Carton, MI",False,LW,25,2,4,6,1.04,0.16,0.08,0.24,27.5,8.5,0,0,1,1,0,0,0,0,0,0,2,0,1,50.0,-9,53,26,7.7,7,11,16,65,33,13,4,18,10,8,55.6,3,6,6,12,0,416,268,81,68,18546,3102,1465,13997,NJD,Metropolitan,Eastern
2025-2026,20251130,13,OTT,5536,Nick Cousins,ROSTER,32.0,"5'11""",183.0,Canada,"Belleville, ON",False,C,24,4,2,6,0.71,0.08,0.17,0.25,25.6,41.0,1,0,0,0,0,0,0,1,0,0,0,0,0,0.0,1,38,17,23.5,11,10,11,49,35,16,5,15,7,8,46.7,10,31,10,23,1,396,224,111,65,15335,2742,2113,10480,OTT,Atlantic,Eastern
2025-2026,20251130,6,PHI,4995,Sean Couturier,ROSTER,32.0,"6'3""",211.0,USA,"Phoenix, AZ",False,C,23,4,11,15,1.43,0.48,0.17,0.65,21.8,14.2,1,0,0,0,0,0,0,1,0,0,0,0,0,0.0,2,67,33,12.1,17,19,15,22,18,20,11,373,195,178,52.3,5,10,5,10,0,539,241,125,177,24478,6459,1239,16780,PHI,Metropolitan,Eastern
2025-2026,20251130,12,TOR,112362,Easton Cowan,ROSTER,20.0,"5'10""",170.0,Canada,"Mount Brydges, ON",True,RW,17,3,5,8,1.82,0.29,0.18,0.47,14.0,5.7,1,0,0,0,0,0,0,0,0,0,0,0,0,0.0,3,63,31,9.7,9,15,17,19,26,22,1,4,1,3,25.0,2,4,6,12,0,307,258,51,2,15108,4242,417,10410,TOR,Atlantic,Eastern
2025-2026,20251130,19,CBJ,5124,Charlie Coyle,ROSTER,33.0,"6'3""",220.0,USA,"East Weymouth, MA",False,C,25,3,12,15,1.52,0.48,0.12,0.6,22.4,5.7,1,0,1,1,0,0,0,0,0,0,1,0,1,100.0,-1,68,38,7.9,13,12,18,34,14,17,10,381,191,190,50.1,2,4,5,10,0,546,268,120,159,25739,6516,1100,18021,CBJ,Metropolitan,Eastern
2025-2026,20251130,13,OTT,19086,Dylan Cozens,ROSTER,24.0,"6'3""",183.0,Canada,"Whitehorse, Yukon",True,C,24,8,8,16,2.21,0.33,0.33,0.67,33.2,22.7,2,4,4,8,0,0,0,0,0,0,0,0,0,0.0,-11,96,53,15.1,11,24,19,72,24,20,3,232,123,109,53.0,8,16,6,12,0,564,293,103,176,24997,4216,1027,19810,OTT,Atlantic,Eastern
2025-2026,20251130,20,CHI,34950,Louis Crevier,ROSTER,24.0,"6'8""",214.0,Canada,"Quebec City, QC",True,D,23,2,8,10,1.0,0.35,0.09,0.43,26.0,38.2,0,0,0,0,0,0,0,0,0,0,0,0,0,0.0,5,48,23,8.7,18,14,11,32,32,16,2,0,0,0,0.0,9,29,1,5,1,435,233,50,148,19078,1329,210,17338,CHI,Central,Western
2025-2026,20251130,10,PIT,3490,Sidney Crosby,ROSTER,38.0,"5'11""",200.0,Canada,"Cole Harbour, NS",False,C,24,16,11,27,2.38,0.46,0.67,1.12,15.7,28.3,5,6,3,9,0,0,0,1,0,0,2,0,1,50.0,-2,97,57,28.1,11,17,23,19,17,25,8,471,252,219,53.5,8,24,5,10,0,529,280,171,88,27371,9321,3328,14486,PIT,Metropolitan,Eastern
2025-2026,20251130,30,UTA,5606,Lawson Crouse,ROSTER,28.0,"6'4""",220.0,Canada,"Mt. Brydges, ON",False,LW,26,4,5,9,1.65,0.19,0.15,0.35,40.3,8.5,1,0,0,0,0,0,0,1,0,0,0,0,0,0.0,2,87,43,9.3,20,18,26,70,13,17,3,23,10,13,43.5,3,6,3,6,0,553,254,110,193,23333,3161,890,19282,UTA,Central,Western
2025-2026,20251130,1,TBL,56653,Maxwell Crozier,INJURY_LIST,25.0,"5'11""",161.0,Canada,"Calgary, AB",False,D,8,0,3,3,1.75,0.38,0.0,0.38,7.6,2.8,0,0,0,0,0,0,0,0,0,0,0,0,0,0.0,3,26,14,0.0,5,9,3,10,17,5,2,0,0,0,0.0,1,2,0,0,0,149,93,12,44,6917,855,36,6026,TBL,Atlantic,Eastern
2025-2026,20251130,9,NYR,30065,William Cuylle,ROSTER,23.0,"6'3""",204.0,Canada,"Toronto, ON",True,LW,27,7,8,15,2.26,0.3,0.26,0.56,50.1,25.5,2,3,1,4,0,0,0,1,0,1,0,0,0,0.0,-6,125,61,11.5,23,33,32,92,32,13,6,29,15,14,51.7,9,18,3,6,0,655,449,132,65,28191,5619,1574,20266,NYR,Metropolitan,Eastern
2025-2026,20251130,20,CHI,34951,Colton Dach,ROSTER,22.0,"6'4""",196.0,Canada,"St. Albert, AB",True,C,24,2,3,5,1.33,0.12,0.08,0.21,40.7,45.3,0,0,1,1,0,0,0,1,0,0,0,0,0,0.0,-9,57,32,6.2,12,9,16,92,28,13,9,41,15,26,36.6,9,32,10,26,2,421,287,62,73,17888,2837,624,14411,CHI,Central,Western
2025-2026,20251130,14,MTL,17199,Kirby Dach,ROSTER,24.0,"6'4""",212.0,Canada,"Fort Saskatchewan, AB",False,C,15,5,2,7,1.47,0.13,0.33,0.47,19.8,22.7,1,0,1,1,0,0,0,0,0,0,0,0,0,0.0,-2,44,22,22.7,15,7,15,21,19,8,8,107,46,61,43.0,8,16,6,12,0,266,149,58,64,12622,1855,768,9999,MTL,Atlantic,Eastern
2025-2026,20251130,7,NJD,4787,Evgenii Dadonov,ROSTER,36.0,"5'11""",189.0,Russia,Chelyabinsk,False,LW,5,0,0,0,1.4,0.0,0.0,0.0,4.1,0.0,0,0,0,0,0,0,0,0,0,0,0,0,0,0.0,-1,13,7,0.0,4,4,2,2,5,5,2,0,0,0,0.0,0,0,0,0,0,72,38,17,17,3318,702,358,2258,NJD,Metropolitan,Eastern
2025-2026,20251130,15,BUF,14524,Rasmus Dahlin,ROSTER,25.0,"6'3""",193.0,Sweden,Trollhättan,False,D,22,1,15,16,2.68,0.68,0.05,0.73,30.6,19.8,0,1,5,6,0,0,0,0,0,0,1,0,0,0.0,-8,145,59,1.7,28,55,31,20,30,45,12,0,0,0,0.0,7,14,7,14,0,620,352,82,187,32572,4329,1645,26598,BUF,Atlantic,Eastern
2025-2026,20251130,28,LAK,5487,Phillip Danault,ROSTER,32.0,"6'1""",201.0,Canada,"Victoriaville, QC",False,C,25,0,4,4,1.52,0.16,0.0,0.16,15.2,8.5,0,0,0,0,0,1,1,0,0,0,0,0,0,0.0,1,74,38,0.0,10,22,14,20,21,20,4,351,186,165,53.0,3,6,7,14,0,487,212,169,106,24806,4746,2327,17733,LAK,Pacific,Western
2025-2026,20251130,15,BUF,30085,Justin Danforth,ROSTER,32.0,"5'9""",185.0,Canada,"Oshawa, ON",True,RW,4,0,0,0,0.5,0.0,0.0,0.0,4.4,2.8,0,0,0,0,0,0,0,0,0,0,0,0,0,0.0,-2,6,2,0.0,4,3,1,3,2,3,0,31,17,14,54.8,1,2,0,0,0,71,31,9,31,2809,362,109,2338,BUF,Atlantic,Eastern
2025-2026,20251130,16,DET,111584,Nate Danielson,ROSTER,21.0,"6'2""",185.0,Canada,"Edmonton, AB",True,C,11,1,3,4,1.18,0.27,0.09,0.36,3.2,2.8,0,0,2,2,0,0,0,0,0,0,0,0,0,0.0,-3,27,13,7.7,3,6,8,2,11,10,3,72,27,45,37.5,1,2,2,4,0,178,126,18,35,7444,653,0,6791,DET,Atlantic,Eastern
2025-2026,20251130,1,TBL,18311,Charle-Edouard D’Astous,ROSTER,27.0,"6'2""",204.0,Canada,"Rimouski, QC",False,D,18,2,6,8,0.78,0.33,0.11,0.44,24.9,26.9,0,0,1,1,0,0,0,2,0,0,0,0,0,0.0,-4,42,14,14.3,21,19,9,21,42,10,9,0,0,0,0.0,7,17,3,9,1,412,220,107,88,19504,3257,1296,14955,TBL,Atlantic,Eastern
2025-2026,20251130,14,MTL,56480,Jared Davidson,ROSTER,23.0,"6'0""",181.0,Canada,"Edmonton, AB",False,C,5,0,0,0,1.2,0.0,0.0,0.0,3.3,8.5,0,0,0,0,0,0,0,0,0,0,0,0,0,0.0,-2,10,6,0.0,0,3,1,10,5,2,1,1,0,1,0.0,3,6,1,2,0,60,56,2,2,2487,515,97,1875,MTL,Atlantic,Eastern
2025-2026,20251130,8,NYI,5424,Tony DeAngelo,ROSTER,30.0,"5'11""",180.0,USA,"Sewell, New Jersey",False,D,25,1,8,9,1.76,0.32,0.04,0.36,20.3,32.5,0,0,0,0,0,0,0,0,0,0,0,0,0,0.0,-5,90,44,2.3,19,28,18,12,21,34,2,0,0,0,0.0,7,25,2,7,1,541,321,142,79,26064,4030,2961,19073,NYI,Metropolitan,Eastern
2025-2026,20251130,16,DET,13688,Alex DeBrincat,ROSTER,27.0,"5'7""",165.0,USA,"Farmington Hills, MI",False,RW,26,12,14,26,3.81,0.54,0.46,1.0,11.4,11.3,4,7,3,10,0,0,0,2,0,1,3,1,0,0.0,-5,185,99,12.1,9,37,49,11,18,25,9,15,6,9,40.0,4,8,4,8,0,554,281,127,158,28561,6701,1653,20207,DET,Atlantic,Eastern
2025-2026,20251130,21,VAN,5609,Jake DeBrusk,ROSTER,29.0,"6'0""",188.0,Canada,"Edmonton, AB",False,LW,26,8,4,12,2.85,0.15,0.31,0.46,15.7,5.7,2,7,1,8,0,0,0,0,0,0,2,1,1,50.0,-6,118,74,10.8,11,15,29,19,22,17,2,16,8,8,50.0,2,4,4,8,0,573,247,137,197,28288,6818,1785,19753,VAN,Pacific,Western
2025-2026,20251130,19,CBJ,53014,Luca Del Bel Belluz,ASSIGNED_TO_MINORS,22.0,"6'1""",179.0,Canada,"Woodbridge, ON",True,C,7,0,1,1,0.86,0.14,0.0,0.14,4.6,2.8,0,0,0,0,0,0,0,0,0,0,0,0,0,0.0,0,9,6,0.0,5,2,1,1,4,0,2,34,10,24,29.4,1,2,1,2,0,86,69,8,9,4023,448,194,3381,CBJ,Metropolitan,Eastern
2025-2026,20251130,26,SJS,14536,Ty Dellandrea,ROSTER,25.0,"6'0""",184.0,Canada,"Toronto, ON",True,C,26,2,6,8,1.12,0.23,0.08,0.31,42.3,14.2,0,0,0,0,1,1,2,0,0,0,0,0,0,0.0,-7,56,29,6.9,20,16,11,76,30,13,4,314,161,153,51.3,5,10,10,20,0,493,275,94,127,22863,3247,1556,18061,SJS,Pacific,Western
2025-2026,20251130,20,CHI,39063,Ethan Del Mastro,ASSIGNED_TO_MINORS,22.0,"6'4""",210.0,Canada,"Burlington, ON",True,D,1,0,0,0,1.0,0.0,0.0,0.0,3.7,0.0,0,0,0,0,0,0,0,0,0,0,0,0,0,0.0,-1,1,1,0.0,2,0,0,6,5,1,0,0,0,0,0.0,0,0,0,0,0,25,16,1,8,1055,123,0,932,CHI,Central,Western
2025-2026,20251130,2,WPJ,5822,Dylan DeMelo,ROSTER,32.0,"6'0""",191.0,Canada,"London, ON",False,D,24,1,9,10,0.79,0.38,0.04,0.42,47.8,31.2,0,0,0,0,0,1,1,0,0,0,0,0,0,0.0,10,52,19,5.3,43,19,14,33,39,26,5,0,0,0,0.0,11,22,5,10,0,668,367,134,168,30791,6711,1088,22992,WPG,,
2025-2026,20251130,14,MTL,142498,Ivan Demidov,ROSTER,,,,,,False,RW,24,6,13,19,1.17,0.54,0.25,0.79,12.9,14.2,2,1,5,6,0,0,0,2,0,0,2,1,0,0.0,2,66,28,21.4,12,16,22,8,24,20,8,0,0,0,0.0,5,10,5,10,0,407,358,47,8,20630,4331,690,15609,MTL,Atlantic,Eastern
2025-2026,20251130,26,SJS,18276,Vincent Desharnais,ROSTER,29.0,"6'6""",209.0,Canada,"Laval, QC",False,D,20,0,2,2,0.6,0.1,0.0,0.1,38.4,33.9,0,0,0,0,0,0,0,0,0,0,0,0,0,0.0,1,33,12,0.0,34,15,6,28,28,16,2,0,0,0,0.0,8,32,3,6,0,400,210,46,144,19868,1691,445,17732,SJS,Pacific,Western
2025-2026,20251130,30,UTA,13721,Nick DeSimone,ROSTER,31.0,"6'2""",190.0,USA,"East Amherst, NY",False,D,10,2,1,3,1.3,0.1,0.2,0.3,8.7,0.0,0,0,0,0,0,0,0,1,0,0,0,0,0,0.0,-1,22,13,15.4,9,4,5,3,24,10,1,0,0,0,0.0,0,0,0,0,0,225,147,46,34,9849,1183,856,7810,UTA,Central,Western
2025-2026,20251130,6,PHI,5341,Nicolas Deslauriers,ROSTER,34.0,"6'3""",219.0,Canada,"Lasalle, QC",False,LW,11,0,0,0,0.36,0.0,0.0,0.0,15.5,29.8,0,0,0,0,0,0,0,0,0,0,0,0,0,0.0,-2,11,4,0.0,3,4,3,39,6,5,1,1,1,0,100.0,3,15,3,15,3,121,68,27,26,5453,989,443,4021,PHI,Metropolitan,Eastern
2025-2026,20251130,4,FLO,56439,Jack Devine,ROSTER,22.0,"5'11""",177.0,USA,"Glencoe, IL",False,RW,5,0,0,0,1.0,0.0,0.0,0.0,1.3,0.0,0,0,0,0,0,0,0,0,0,0,0,0,0,0.0,-3,13,5,0.0,0,3,5,4,2,2,0,0,0,0,0.0,0,0,1,2,0,62,46,9,7,2614,463,35,2116,FLA,,
2025-2026,20251130,10,PIT,18082,Connor Dewar,ROSTER,26.0,"5'10""",170.0,Canada,"The Pas, MB",False,C,24,5,3,8,1.71,0.12,0.21,0.33,24.4,8.5,1,0,0,0,0,0,0,1,0,0,0,0,0,0.0,-1,75,41,12.2,10,17,17,48,32,9,4,7,2,5,28.6,3,6,7,17,0,463,252,99,109,19830,3337,1068,15127,PIT,Metropolitan,Eastern
2025-2026,20251130,20,CHI,9073,Jason Dickinson,ROSTER,30.0,"6'2""",200.0,Canada,"Georgetown, ON",False,C,11,2,2,4,1.45,0.18,0.18,0.36,12.0,5.7,0,0,0,0,0,0,0,0,0,0,0,0,0,0.0,-2,33,16,12.5,9,8,9,13,8,10,3,177,94,83,53.1,2,4,0,0,0,242,113,52,79,9906,1451,432,8023,CHI,Central,Western
2025-2026,20251130,26,SJS,142718,Sam Dickinson,ROSTER,,,,,,False,D,19,1,1,2,1.05,0.05,0.05,0.11,16.8,8.5,0,0,0,0,0,0,0,0,0,0,0,0,0,0.0,-4,43,20,5.0,13,16,7,17,21,16,5,0,0,0,0.0,3,6,2,4,0,337,287,18,34,16537,1777,70,14693,SJS,Pacific,Western
2025-2026,20251130,7,NJD,5103,Brenden Dillon,ROSTER,35.0,"6'4""",225.0,Canada,"New Westminster, BC",False,D,25,3,6,9,0.8,0.24,0.12,0.36,57.5,26.9,1,0,0,0,0,0,0,2,0,0,0,0,0,0.0,-4,54,20,15.0,42,21,13,65,28,10,5,0,0,0,0.0,7,17,5,13,1,565,305,70,190,27984,6770,1179,19944,NJD,Metropolitan,Eastern
2025-2026,20251130,15,BUF,37981,Josh Doan,ROSTER,23.0,"6'1""",183.0,USA,"Scottsdale, AZ",True,RW,25,8,8,16,2.64,0.32,0.32,0.64,14.6,11.3,2,2,2,4,0,0,0,1,0,0,0,0,0,0.0,-5,105,66,12.1,7,21,17,26,35,23,17,3,2,1,66.7,4,8,7,14,0,531,359,112,69,23353,4374,797,18182,BUF,Atlantic,Eastern
2025-2026,20251130,14,MTL,14535,Noah Dobson,ROSTER,25.0,"6'4""",184.0,Canada,"Summerside, PE",False,D,24,3,13,16,1.71,0.54,0.12,0.67,46.8,14.2,1,0,2,2,0,0,0,1,0,0,0,0,0,0.0,1,89,41,7.3,50,28,20,12,44,33,10,0,0,0,0.0,5,10,1,2,0,619,346,117,159,32933,3832,1331,27770,MTL,Atlantic,Eastern
2025-2026,20251130,12,TOR,5412,Max Domi,ROSTER,30.0,"5'10""",192.0,Canada,"Winnipeg, MB",False,C,24,3,5,8,1.5,0.21,0.12,0.33,16.8,22.7,1,0,3,3,0,0,0,1,0,0,0,0,0,0.0,-13,68,36,8.3,15,18,14,12,10,26,6,180,96,84,53.3,8,16,9,20,0,433,205,151,80,19293,3648,2320,13325,TOR,Atlantic,Eastern
2025-2026,20251130,20,CHI,14137,Ryan Donato,ROSTER,29.0,"6'0""",192.0,USA,"Boston, MA",False,C,24,8,5,13,1.92,0.21,0.33,0.54,14.3,14.2,2,1,0,1,0,0,0,2,0,1,1,0,0,0.0,-3,97,46,17.4,4,17,34,33,35,20,8,113,47,66,41.6,5,10,3,8,0,481,250,129,106,22531,4010,1321,16959,CHI,Central,Western
2025-2026,20251130,142,VGK,29771,Pavel Dorofeyev,ROSTER,25.0,"6'0""",176.0,Russia,Nizhny Tagil,True,RW,25,11,6,17,2.68,0.24,0.44,0.68,13.9,8.5,3,7,2,9,0,0,0,1,1,0,2,1,1,50.0,-6,144,67,16.4,12,40,37,11,20,21,3,0,0,0,0.0,3,6,4,8,0,489,313,173,15,26454,7660,3725,15028,VGK,Pacific,Western
2025-2026,20251130,28,LAK,4510,Drew Doughty,ROSTER,35.0,"6'1""",202.0,Canada,"London, ON",False,D,19,2,6,8,1.26,0.32,0.11,0.42,29.4,5.7,0,0,0,0,0,1,1,0,0,0,0,0,0,0.0,7,68,24,8.3,30,30,14,11,24,25,7,0,0,0,0.0,2,4,1,2,0,488,248,95,147,25700,6234,1223,18241,LAK,Pacific,Western
2025-2026,20251130,1,TBL,38444,Curtis Douglas,ROSTER,25.0,"6'9""",248.0,Canada,"Oakville, ON",True,C,19,0,2,2,0.47,0.11,0.0,0.11,11.9,75.1,0,0,0,0,0,0,0,0,0,0,0,0,0,0.0,1,21,9,0.0,5,3,9,23,6,4,1,3,2,1,66.7,10,51,7,29,5,170,100,28,42,6530,1062,159,5309,TBL,Atlantic,Eastern
2025-2026,20251130,5,WSH,9007,Nic Dowd,ROSTER,35.0,"6'1""",195.0,USA,"Huntsville, AL",False,C,19,1,4,5,1.11,0.21,0.05,0.26,18.6,19.8,0,0,0,0,0,0,0,0,0,0,0,0,0,0.0,2,37,21,4.8,9,9,7,33,22,9,6,245,123,122,50.2,7,14,5,10,0,398,174,124,99,17244,3281,1456,12731,WSH,Metropolitan,Eastern
2025-2026,20251130,24,EDM,5417,Leon Draisaitl,ROSTER,30.0,"6'2""",208.0,Germany,Köln,False,C,26,15,16,31,2.46,0.62,0.58,1.19,12.1,11.3,5,7,6,13,0,0,0,1,0,1,2,0,2,100.0,5,123,64,23.4,8,24,35,16,20,42,9,409,233,176,57.0,4,8,4,8,0,603,297,140,168,34802,9140,2513,22747,EDM,Pacific,Western
2025-2026,20251130,8,NYI,5230,Jonathan Drouin,ROSTER,30.0,"6'0""",203.0,Canada,"Ste-Agathe, QC",False,LW,24,3,12,15,1.5,0.5,0.12,0.62,11.9,16.2,1,0,3,3,0,0,0,0,0,0,1,1,0,0.0,5,77,36,8.3,12,13,27,5,11,13,4,67,32,35,47.8,3,17,6,14,0,503,253,139,114,26534,6782,1732,18020,NYI,Metropolitan,Eastern
2025-2026,20251130,22,COL,14565,Jack Drury,ROSTER,25.0,"5'11""",174.0,USA,"Winnetka, IL",True,C,25,4,5,9,1.36,0.2,0.16,0.36,23.4,17.0,1,0,0,0,0,0,0,0,0,0,0,0,0,0.0,6,65,34,11.8,23,9,22,11,39,12,4,332,181,151,54.5,6,12,5,10,0,523,292,155,80,22978,4088,2643,16247,COL,Central,Western
2025-2026,20251130,6,PHI,27448,Jamie Drysdale,ROSTER,23.0,"5'11""",187.0,Canada,"Toronto, ON",True,D,24,2,8,10,1.08,0.33,0.08,0.42,29.1,16.9,0,0,0,0,0,0,0,1,0,0,0,0,0,0.0,-3,77,26,7.7,32,33,18,5,37,15,3,0,0,0,0.0,4,16,4,8,0,632,500,83,53,31114,4572,557,25941,PHI,Metropolitan,Eastern
2025-2026,20251130,5,WSH,13710,Pierre-Luc Dubois,ROSTER,27.0,"6'3""",218.0,Canada,"Ste-Agathe-des-Monts, QC",False,LW,6,0,0,0,1.5,0.0,0.0,0.0,4.6,2.8,0,0,0,0,0,0,0,0,0,0,0,0,0,0.0,0,19,9,0.0,3,4,6,6,7,2,1,78,33,45,42.3,1,2,2,4,0,113,61,32,20,5592,1216,935,3441,WSH,Metropolitan,Eastern
2025-2026,20251130,27,DAL,4663,Matt Duchene,ROSTER,34.0,"5'11""",195.0,Canada,"Haliburton, ON",False,C,4,1,1,2,0.75,0.25,0.25,0.5,4.1,0.0,0,1,0,1,0,0,0,1,0,0,1,0,0,0.0,0,5,3,33.3,4,2,0,2,2,1,1,23,12,11,52.2,0,0,2,4,0,72,44,15,14,3467,906,86,2475,DAL,Central,Western
2025-2026,20251130,8,NYI,5441,Anthony Duclair,ROSTER,30.0,"5'11""",198.0,Canada,"Laval, QC",False,LW,25,3,5,8,1.12,0.2,0.12,0.32,15.2,5.7,1,1,0,1,0,0,0,0,0,0,1,0,0,0.0,3,51,28,10.7,17,14,9,2,8,9,3,1,1,0,100.0,2,4,2,4,0,414,196,155,66,19157,3323,2447,13338,NYI,Metropolitan,Eastern
2025-2026,20251130,5,WSH,18079,Brandon Duhaime,ROSTER,28.0,"6'0""",185.0,USA,"Parkland, FL",False,RW,25,3,1,4,0.56,0.04,0.12,0.16,33.7,34.0,1,0,0,0,0,0,0,0,0,0,0,0,0,0.0,-1,42,14,21.4,20,17,11,50,28,7,2,20,3,17,15.0,7,20,8,22,2,461,247,106,109,18277,2358,986,15133,WSH,Metropolitan,Eastern
2025-2026,20251130,10,PIT,5125,Matt Dumba,ROSTER,31.0,"6'0""",180.0,Canada,"Regina, SK",False,D,10,1,2,3,0.6,0.2,0.1,0.3,13.5,18.4,0,0,0,0,0,0,0,0,0,0,0,0,0,0.0,-3,24,6,16.7,10,11,7,15,9,8,6,0,0,0,0.0,4,11,2,7,1,179,100,39,41,8876,1572,590,6714,PIT,Metropolitan,Eastern
2025-2026,20251130,28,LAK,5310,Brian Dumoulin,ROSTER,34.0,"6'4""",207.0,USA,"Biddeford, MN",False,D,25,0,6,6,0.96,0.24,0.0,0.24,35.6,5.7,0,0,0,0,0,1,1,0,0,0,0,0,0,0.0,-1,62,24,0.0,35,23,15,17,49,34,7,0,0,0,0.0,2,4,2,4,0,589,322,101,166,29631,5005,2065,22561,LAK,Pacific,Western
2025-2026,20251130,143,SEA,5650,Vince Dunn,ROSTER,29.0,"6'0""",203.0,Canada,"Lindsay, ON",False,D,24,4,9,13,2.21,0.38,0.17,0.54,21.5,25.5,1,0,5,5,0,0,0,0,0,0,0,0,0,0.0,-6,117,53,7.5,22,48,16,8,30,32,8,0,0,0,0.0,9,18,4,8,0,607,327,183,92,32865,5644,3325,23495,SEA,Pacific,Western
2025-2026,20251130,15,BUF,29977,Josh Dunne,ROSTER,26.0,"6'4""",210.0,USA,"OFallon, MO",True,C,17,1,2,3,0.82,0.12,0.06,0.18,12.9,35.4,0,0,0,0,0,0,0,0,0,0,0,0,0,0.0,-3,29,14,7.1,7,6,9,21,6,9,3,27,9,18,33.3,8,27,6,15,1,228,174,28,27,9360,1235,366,7759,BUF,Atlantic,Eastern
2025-2026,20251130,30,UTA,14575,Sean Durzi,ROSTER,27.0,"6'0""",188.0,Canada,"Mississauga, ON",True,D,5,0,1,1,1.2,0.2,0.0,0.2,7.8,12.7,0,0,0,0,0,0,0,0,0,0,0,0,0,0.0,-1,17,6,0.0,8,8,3,3,10,7,2,0,0,0,0.0,4,10,0,0,0,126,83,21,22,6029,756,194,5079,UTA,Central,Western
2025-2026,20251130,6,PHI,10069,Christian Dvorak,ROSTER,29.0,"6'1""",200.0,USA,"Palos, IL",False,C,24,6,10,16,1.62,0.42,0.25,0.67,12.3,11.3,2,0,0,0,0,1,1,0,0,0,0,0,0,0.0,5,62,39,15.4,9,9,14,14,17,15,4,268,150,118,56.0,4,8,4,8,0,532,244,118,176,24501,3467,1566,19468,PHI,Metropolitan,Eastern
2025-2026,20251130,17,STL,142730,Dalibor Dvorský,ROSTER,20.0,"6'1""",201.0,Slovakia,Zvolen,True,RW,16,3,1,4,1.25,0.06,0.19,0.25,16.0,2.8,1,3,0,3,0,0,0,0,0,0,0,0,0,0.0,-4,40,20,15.0,9,8,12,25,6,12,4,143,66,77,46.2,1,2,2,4,0,287,248,40,2,13517,2192,314,11011,STL,Central,Western
2025-2026,20251130,143,SEA,4505,Jordan Eberle,ROSTER,35.0,"5'11""",187.0,Canada,"Regina, SK",False,RW,24,8,6,14,2.54,0.25,0.33,0.58,16.5,14.2,2,1,4,5,0,0,0,2,0,0,3,1,0,0.0,6,110,61,13.1,10,19,30,24,25,23,8,16,8,8,50.0,5,10,2,4,0,550,286,136,127,28418,10896,1929,15234,SEA,Pacific,Western
2025-2026,20251130,28,LAK,5823,Joel Edmundson,ROSTER,32.0,"6'5""",224.0,Canada,"Brandon, MB",False,D,25,2,9,11,1.44,0.36,0.08,0.44,35.4,14.2,0,0,1,1,0,0,0,0,0,0,0,0,0,0.0,3,83,36,5.6,29,30,17,32,28,26,5,0,0,0,0.0,5,10,2,4,0,591,327,80,186,27047,3944,1065,22038,LAK,Pacific,Western
2025-2026,20251130,9,NYR,39222,Adam Edstrom,ROSTER,25.0,"6'6""",210.0,Sweden,,True,C,24,2,2,4,0.88,0.08,0.08,0.17,27.0,2.8,0,0,0,0,0,0,0,1,0,0,0,0,0,0.0,5,35,21,9.5,13,6,8,48,9,12,5,2,2,0,100.0,1,2,0,0,0,336,223,67,38,13776,2163,839,10402,NYR,Metropolitan,Eastern
2025-2026,20251130,16,DET,37971,Simon Edvinsson,ROSTER,22.0,"6'4""",198.0,Sweden,Kungsbacka,True,D,23,3,4,7,1.22,0.17,0.13,0.3,51.8,50.9,1,0,0,0,0,0,0,1,0,0,0,0,0,0.0,-1,69,28,10.7,50,21,20,27,40,30,7,0,0,0,0.0,16,40,5,10,0,609,410,59,143,29766,3670,1008,25088,DET,Atlantic,Eastern
2025-2026,20251130,3,CAR,5419,Nikolaj Ehlers,ROSTER,29.0,"6'0""",172.0,Denmark,Aalborg,False,LW,24,4,11,15,2.46,0.46,0.17,0.62,5.4,8.5,1,1,5,6,0,0,0,2,0,0,0,0,0,0.0,3,136,59,6.8,4,39,38,6,17,33,8,18,7,11,38.9,3,6,3,6,0,453,227,94,136,23641,3509,1502,18630,CAR,Metropolitan,Eastern
2025-2026,20251130,142,VGK,5597,Jack Eichel,ROSTER,29.0,"6'2""",203.0,USA,"Chelmsford, MA",False,C,25,11,21,32,4.12,0.84,0.44,1.28,15.8,2.8,3,0,13,13,0,0,0,2,0,0,2,0,0,0.0,2,166,103,10.7,15,32,31,9,11,47,14,399,195,204,48.9,1,2,8,16,0,573,288,208,88,31776,5968,5702,20060,VGK,Pacific,Western
2025-2026,20251130,4,FLO,5414,Aaron Ekblad,ROSTER,29.0,"6'4""",215.0,Canada,"Windsor, ON",False,D,23,1,6,7,1.57,0.26,0.04,0.3,37.0,19.8,0,1,0,1,0,0,0,1,0,0,0,0,0,0.0,-2,90,36,2.8,32,36,18,29,16,13,7,0,0,0,0.0,7,14,1,2,0,626,261,113,253,31289,6135,1545,23609,FLA,,
2025-2026,20251130,24,EDM,5022,Mattias Ekholm,ROSTER,35.0,"6'4""",215.0,Sweden,Borlange,False,D,26,2,9,11,2.0,0.35,0.08,0.42,47.4,11.3,0,0,1,1,0,0,0,0,0,0,0,0,0,0.0,-1,120,52,3.8,48,44,24,19,35,36,12,0,0,0,0.0,4,8,3,6,0,637,367,110,154,32034,7574,1810,22245,EDM,Pacific,Western
2025-2026,20251130,26,SJS,32927,William Eklund,ROSTER,23.0,"5'10""",176.0,Sweden,Stockholm,True,LW,22,7,9,16,2.14,0.41,0.32,0.73,20.2,17.0,2,3,5,8,0,0,0,0,0,0,0,0,0,0.0,-11,101,47,14.9,17,27,27,17,19,22,6,7,0,7,0.0,6,12,10,20,0,477,320,67,97,26092,4901,704,20487,SJS,Pacific,Western
2025-2026,20251130,12,TOR,4866,Oliver Ekman-Larsson,ROSTER,34.0,"6'2""",200.0,Sweden,Karlskrona,False,D,25,4,16,20,1.44,0.64,0.16,0.8,34.2,28.3,1,0,3,3,0,0,0,0,0,0,0,0,0,0.0,6,86,36,11.1,26,30,20,36,35,42,5,0,0,0,0.0,10,20,6,12,0,707,386,151,174,31155,7654,2013,21488,TOR,Atlantic,Eastern
2025-2026,20251130,13,OTT,4723,Lars Eller,ROSTER,36.0,"6'2""",205.0,Denmark,Rødovre,False,C,24,2,4,6,0.96,0.17,0.08,0.25,18.1,5.7,0,0,0,0,1,0,1,0,0,0,0,0,0,0.0,-4,48,23,8.7,15,18,7,16,30,11,4,238,142,96,59.7,2,4,4,8,0,479,221,121,139,19529,5898,1530,12101,OTT,Atlantic,Eastern
2025-2026,20251130,24,EDM,30040,Ty Emberson,ROSTER,25.0,"6'1""",195.0,USA,"Eau Claire, WI",True,D,21,1,4,5,0.76,0.19,0.05,0.24,39.1,5.7,0,0,0,0,0,0,0,1,0,0,0,0,0,0.0,2,36,16,6.2,34,15,5,30,53,16,5,0,0,0,0.0,2,4,2,4,0,406,241,91,71,19817,3266,2274,14121,EDM,Pacific,Western
2025-2026,20251130,14,MTL,56475,Adam Engström,ROSTER,22.0,"6'2""",185.0,Sweden,Södertälje,False,D,2,0,0,0,1.0,0.0,0.0,0.0,2.0,0.0,0,0,0,0,0,0,0,0,0,0,0,0,0,0.0,0,3,2,0.0,2,1,0,1,3,1,0,0,0,0,0.0,0,0,0,0,0,35,28,1,6,1451,85,0,1366,MTL,Atlantic,Eastern
2025-2026,20251130,25,MIN,5615,Joel Eriksson Ek,ROSTER,28.0,"6'1""",210.0,Sweden,Karlstad,False,C,26,4,12,16,2.96,0.46,0.15,0.62,25.2,17.0,1,2,5,7,0,0,0,0,0,0,0,0,0,0.0,1,124,77,5.2,12,21,26,45,25,12,8,557,293,264,52.6,6,12,7,14,0,556,259,171,130,31492,6943,2399,22148,MIN,Central,Western
2025-2026,20251130,27,DAL,11673,Adam Erne,ROSTER,30.0,"6'1""",212.0,USA,"New Haven, CT",False,LW,14,2,1,3,0.79,0.07,0.14,0.21,20.5,2.8,0,0,0,0,0,0,0,0,0,0,0,0,0,0.0,1,26,11,18.2,7,5,10,44,6,4,1,5,2,3,40.0,1,2,1,2,0,192,113,63,17,8082,1897,931,5207,DAL,Central,Western
2025-2026,20251130,18,NSH,28523,Luke Evangelista,ROSTER,23.0,"5'11""",166.0,Canada,"Oakville, ON",True,RW,24,4,13,17,2.29,0.54,0.17,0.71,5.1,11.3,1,1,4,5,0,0,0,0,0,0,1,1,0,0.0,3,97,55,7.3,4,12,30,5,32,24,7,0,0,0,0.0,4,8,8,16,0,447,314,84,54,23035,4146,1004,17887,NSH,Central,Western
2025-2026,20251130,14,MTL,17548,Jake Evans,ROSTER,29.0,"6'0""",190.0,Canada,"Toronto, ON",False,C,24,4,4,8,1.25,0.17,0.17,0.33,27.5,14.1,1,0,0,0,1,0,1,0,0,0,0,0,0,0.0,-12,60,30,13.3,19,16,14,34,28,19,4,322,171,151,53.1,3,14,4,8,0,466,206,151,113,22792,3958,2673,16161,MTL,Atlantic,Eastern
2025-2026,20251130,143,SEA,34549,Ryker Evans,ROSTER,23.0,"5'11""",189.0,Canada,"Calgary, AB",True,D,11,2,4,6,0.91,0.36,0.18,0.55,9.2,0.0,0,0,0,0,0,0,0,0,0,0,0,0,0,0.0,4,22,10,20.0,8,6,6,7,8,10,1,0,0,0,0.0,0,0,4,8,0,223,150,30,45,11736,1200,322,10214,SEA,Pacific,Western
2025-2026,20251130,11,BOS,18068,Mikey Eyssimont,ROSTER,29.0,"6'0""",192.0,USA,"Littleton, CO",False,C,27,5,7,12,2.11,0.26,0.19,0.44,14.9,24.1,1,1,3,4,0,0,0,1,0,0,0,0,0,0.0,-7,99,57,8.8,10,19,23,19,25,17,2,3,1,2,33.3,6,15,8,19,1,426,225,99,107,19025,3775,1449,13801,BOS,Atlantic,Eastern
2025-2026,20251130,19,CBJ,9643,Dante Fabbro,ROSTER,27.0,"6'0""",189.0,Canada,"New Westminster, BC",False,D,25,1,3,4,1.04,0.12,0.04,0.16,49.4,5.7,0,0,0,0,0,0,0,0,0,0,0,0,0,0.0,-9,67,26,3.8,53,30,11,12,42,19,7,0,0,0,0.0,2,4,3,6,0,486,266,65,153,24820,3138,1312,20191,CBJ,Metropolitan,Eastern
2025-2026,20251130,25,MIN,38005,Brock Faber,ROSTER,23.0,"6'0""",190.0,USA,"Maple Grove, MN",True,D,26,6,9,15,2.38,0.35,0.23,0.58,43.1,2.8,2,0,4,4,1,0,1,1,0,0,0,0,0,0.0,-1,115,62,9.7,46,28,25,11,38,28,14,0,0,0,0.0,1,2,3,6,0,703,483,152,74,37812,6759,2268,28785,MIN,Central,Western
2025-2026,20251130,27,DAL,5116,Radek Faksa,ROSTER,31.0,"6'3""",220.0,Czech Republic,Opava,False,C,24,1,9,10,0.46,0.38,0.04,0.42,27.0,8.5,0,0,0,0,0,0,0,0,0,0,0,0,0,0.0,5,28,11,9.1,18,10,7,35,19,8,5,179,97,82,54.2,3,6,6,12,0,406,198,93,116,16517,3779,1266,11472,DAL,Central,Western
2025-2026,20251130,19,CBJ,111258,Adam Fantilli,ROSTER,21.0,"6'2""",187.0,Canada,"Nobleton, ON",True,C,25,9,8,17,2.56,0.32,0.36,0.68,20.8,8.5,3,2,0,2,0,0,0,1,0,1,3,0,1,33.33,-8,148,64,14.1,15,49,35,24,21,26,10,235,116,119,49.4,3,6,5,10,0,485,403,72,17,26685,5536,837,20421,CBJ,Metropolitan,Eastern
2025-2026,20251130,23,CGY,14537,Joel Farabee,ROSTER,25.0,"6'0""",164.0,USA,"Cicero, NY",False,LW,26,7,6,13,2.04,0.23,0.27,0.5,21.5,12.8,2,1,2,3,1,0,1,0,0,0,0,0,0,0.0,-4,92,53,13.2,17,23,16,21,37,22,4,20,8,12,40.0,2,7,4,13,1,566,297,110,166,26972,4278,1776,20920,CGY,Pacific,Western
2025-2026,20251130,17,STL,5009,Justin Faulk,ROSTER,33.0,"6'0""",217.0,USA,"South St.Paul, MN",False,D,26,6,7,13,1.96,0.27,0.23,0.5,54.6,18.4,2,2,4,6,0,0,0,0,0,0,0,0,0,0.0,-2,94,51,11.8,54,29,14,25,26,19,7,0,0,0,0.0,6,14,0,0,0,739,399,133,213,36071,7434,1870,26767,STL,Central,Western
2025-2026,20251130,5,WSH,14569,Martin Fehervary,ROSTER,26.0,"6'2""",200.0,Slovakia,Bratislava,False,D,25,2,6,8,1.16,0.24,0.08,0.32,50.3,21.3,0,0,0,0,0,0,0,0,0,0,0,0,0,0.0,10,60,29,6.9,46,21,10,33,38,17,4,0,0,0,0.0,5,13,3,9,1,542,313,97,131,28470,2886,1621,23827,WSH,Metropolitan,Eastern
2025-2026,20251130,3,CAR,56335,Dominick Fensore,ASSIGNED_TO_MINORS,24.0,"5'7""",153.0,USA,"Thornwood, NY",False,D,1,0,0,0,2.0,0.0,0.0,0.0,2.9,0.0,0,0,0,0,0,0,0,0,0,0,0,0,0,0.0,-2,5,2,0.0,3,2,1,1,3,0,0,0,0,0,0.0,0,0,0,0,0,27,15,0,12,1162,46,0,1116,CAR,Metropolitan,Eastern
2025-2026,20251130,26,SJS,17138,Mario Ferraro,ROSTER,27.0,"5'11""",185.0,Canada,"King City, ON",False,D,26,1,6,7,1.0,0.23,0.04,0.27,64.9,5.7,0,0,0,0,0,0,0,0,0,0,0,0,0,0.0,1,72,26,3.8,58,29,17,46,39,33,11,0,0,0,0.0,2,4,4,8,0,601,321,70,211,32861,3299,1609,27953,SJS,Pacific,Western
2025-2026,20251130,28,LAK,5438,Kevin Fiala,ROSTER,29.0,"5'10""",193.0,Switzerland,St. Gallen,False,LW,25,10,8,18,2.96,0.32,0.4,0.72,13.7,19.8,3,2,5,7,0,0,0,2,0,0,6,2,1,16.67,-2,149,74,13.5,11,39,36,13,24,40,7,6,1,5,16.7,7,14,8,16,0,509,254,145,120,28967,7384,3218,18665,LAK,Pacific,Western
2025-2026,20251130,1,TBL,28530,Jack Finley,ROSTER,23.0,"6'6""",213.0,USA,"St. Louis, MO",True,C,9,1,1,2,0.67,0.11,0.11,0.22,5.8,5.7,0,0,0,0,0,0,0,1,0,0,0,0,0,0.0,1,10,6,16.7,1,0,4,15,3,0,0,96,44,52,45.8,2,4,2,4,0,133,83,28,23,4894,542,313,4039,TBL,Atlantic,Eastern
2025-2026,20251130,16,DET,142439,Emmitt Finnie,ROSTER,20.0,"6'1""",195.0,Canada,"Lethbridge, AB",True,C,26,5,7,12,1.73,0.27,0.19,0.46,30.9,0.0,1,1,2,3,0,0,0,1,0,0,0,0,0,0.0,4,68,45,11.1,16,7,16,52,27,27,11,19,6,13,31.6,0,0,8,16,0,538,457,56,30,25730,4648,495,20587,DET,Atlantic,Eastern
2025-2026,20251130,143,SEA,142280,Oscar Fisker Mølgaard,ROSTER,,,,,,False,C,2,0,1,1,0.5,0.5,0.0,0.5,0.3,0.0,0,0,0,0,0,0,0,0,0,0,0,0,0,0.0,1,2,1,0.0,0,0,1,1,1,1,1,7,5,2,71.4,0,0,0,0,0,19,19,0,0,720,64,29,627,SEA,Pacific,Western
2025-2026,20251130,143,SEA,17180,Cale Fleury,ROSTER,27.0,"6'1""",205.0,Canada,"Carlyle, SK",False,D,4,0,1,1,0.75,0.25,0.0,0.25,3.7,9.9,0,0,0,0,0,0,0,0,0,0,0,0,0,0.0,0,9,3,0.0,2,3,3,6,7,3,1,0,0,0,0.0,1,5,2,7,1,80,52,13,15,3534,453,0,3081,SEA,Pacific,Western
2025-2026,20251130,2,WPJ,5422,Haydn Fleury,ROSTER,29.0,"6'3""",208.0,Canada,"Regina, SK",False,D,15,0,0,0,0.73,0.0,0.0,0.0,29.6,8.5,0,0,0,0,0,0,0,0,0,0,0,0,0,0.0,-5,26,11,0.0,26,7,8,22,22,11,5,0,0,0,0.0,3,6,0,0,0,296,180,54,62,13382,1268,2126,9988,WPG,,
2025-2026,20251130,28,LAK,14151,Warren Foegele,ROSTER,29.0,"6'2""",198.0,Canada,"Markham, ON",False,LW,18,4,0,4,1.22,0.0,0.22,0.22,8.5,11.3,1,0,0,0,0,0,0,0,0,0,1,0,0,0.0,2,48,22,18.2,3,11,15,18,17,18,1,10,3,7,30.0,4,8,2,4,0,325,172,97,60,14804,2637,1320,10847,LAK,Pacific,Western
2025-2026,20251130,6,PHI,28514,Tyson Foerster,ROSTER,23.0,"6'2""",194.0,Canada,"Alliston, ON",True,RW,20,9,3,12,1.95,0.15,0.45,0.6,22.0,19.8,3,1,0,1,0,0,0,2,0,0,0,0,0,0.0,7,73,39,23.1,18,16,18,20,24,11,7,2,1,1,50.0,5,18,1,2,0,474,320,127,37,21448,3983,1324,16141,PHI,Metropolitan,Eastern
2025-2026,20251130,25,MIN,5055,Marcus Foligno,ROSTER,34.0,"6'3""",224.0,USA,"Buffalo, NY",False,LW,23,0,2,2,0.91,0.09,0.0,0.09,44.3,42.5,0,0,0,0,0,0,0,0,0,0,0,0,0,0.0,-10,42,21,0.0,22,9,12,77,17,11,4,5,2,3,40.0,8,30,6,18,2,376,180,99,97,18101,4517,1604,11980,MIN,Central,Western
2025-2026,20251130,20,CHI,4278,Nick Foligno,ROSTER,38.0,"6'0""",208.0,USA,"Buffalo, NY",False,LW,15,0,6,6,1.07,0.4,0.0,0.4,23.0,28.4,0,0,1,1,0,0,0,0,0,0,0,0,0,0.0,2,28,16,0.0,11,5,7,41,6,7,1,164,85,79,51.8,5,16,4,14,2,308,157,60,88,12560,3656,441,8306,CHI,Central,Western
2025-2026,20251130,21,VAN,5813,Derek Forbort,INJURY_LIST,33.0,"6'4""",219.0,USA,"Duluth, MN",False,D,2,0,0,0,0.5,0.0,0.0,0.0,4.1,2.8,0,0,0,0,0,0,0,0,0,0,0,0,0,0.0,0,1,1,0.0,4,0,0,2,8,5,0,0,0,0,0.0,1,2,0,0,0,39,20,6,13,1672,304,40,1328,VAN,Pacific,Western
2025-2026,20251130,2,WPJ,79680,Parker Ford,ASSIGNED_TO_MINORS,25.0,"5'9""",181.0,USA,"Wakefield, RI",True,C,11,0,1,1,0.64,0.09,0.0,0.09,16.0,5.7,0,0,0,0,0,0,0,0,0,0,0,0,0,0.0,-2,20,7,0.0,11,5,8,20,15,1,2,65,29,36,44.6,2,4,1,2,0,152,124,19,9,6480,1622,265,4593,WPG,,
2025-2026,20251130,18,NSH,5210,Filip Forsberg,ROSTER,31.0,"6'1""",205.0,Sweden,Ostervala,False,LW,25,9,8,17,3.12,0.32,0.36,0.68,26.6,17.0,3,0,3,3,0,0,0,0,0,0,1,0,1,100.0,-1,161,78,11.5,9,49,34,57,16,35,16,10,3,7,30.0,6,12,13,26,0,552,255,220,86,28481,5392,6201,17053,NSH,Central,Western
2025-2026,20251130,4,FLO,10072,Gustav Forsling,ROSTER,29.0,"6'0""",186.0,Sweden,Linkping,False,D,24,1,11,12,1.25,0.46,0.04,0.5,30.3,8.5,0,0,0,0,0,0,0,0,0,0,0,0,0,0.0,7,77,30,3.3,28,32,15,19,17,13,10,0,0,0,0.0,3,6,5,10,0,634,358,140,137,31721,4400,3349,23972,FLA,,
2025-2026,20251130,17,STL,4800,Cam Fowler,ROSTER,33.0,"6'2""",214.0,Canada,"Windsor, ON",False,D,26,1,10,11,1.54,0.38,0.04,0.42,24.7,8.5,0,0,6,6,0,1,1,0,0,0,0,0,0,0.0,-10,98,40,2.5,28,45,13,2,30,20,6,0,0,0,0.0,3,6,1,2,0,711,382,176,154,35085,7420,2126,25539,STL,Central,Western
2025-2026,20251130,9,NYR,17179,Adam Fox,ROSTER,27.0,"5'11""",181.0,USA,"Jericho, NY",False,D,27,3,23,26,1.89,0.85,0.11,0.96,40.1,14.2,1,1,7,8,0,1,1,1,0,0,0,0,0,0.0,4,146,51,5.9,41,64,32,15,44,31,18,0,0,0,0.0,5,10,4,8,0,703,360,229,97,38622,7309,3356,27020,NYR,Metropolitan,Eastern
2025-2026,20251130,5,WSH,120029,Ethan Frank,ROSTER,27.0,"5'11""",185.0,USA,"Papillion, NE",True,C,14,3,6,9,1.5,0.43,0.21,0.64,10.2,11.3,1,1,1,2,0,0,0,0,0,0,0,0,0,0.0,2,33,21,14.3,8,9,3,10,11,4,2,2,1,1,50.0,4,8,3,6,0,224,182,32,10,9033,2453,100,6603,WSH,Metropolitan,Eastern
2025-2026,20251130,24,EDM,9655,Trent Frederic,ROSTER,27.0,"6'2""",203.0,USA,"St. Louis, MO",False,C,26,2,0,2,1.12,0.0,0.08,0.08,30.1,32.5,0,0,0,0,0,0,0,1,0,0,0,0,0,0.0,-7,51,29,6.9,10,14,8,65,22,9,2,48,26,22,54.2,7,25,5,13,1,393,207,130,53,18616,3759,2185,12408,EDM,Pacific,Western
2025-2026,20251130,23,CGY,13642,Morgan Frost,ROSTER,26.0,"5'11""",170.0,Canada,"Barrie, ON",False,C,26,6,8,14,1.92,0.31,0.23,0.54,17.3,19.8,2,1,3,4,0,0,0,1,0,0,4,0,2,50.0,-4,84,50,12.0,14,19,15,16,8,13,4,342,186,156,54.4,7,14,2,4,0,516,260,134,130,24947,5362,2289,17515,CGY,Pacific,Western
2025-2026,20251130,4,FLO,13855,Jonah Gadjovich,ROSTER,27.0,"6'2""",200.0,Canada,"Whitby, ON",False,LW,10,0,3,3,0.8,0.3,0.0,0.3,12.5,12.8,0,0,0,0,0,0,0,0,0,0,0,0,0,0.0,2,12,8,0.0,3,4,0,30,10,3,3,0,0,0,0.0,2,7,1,5,1,112,78,30,4,4766,977,768,3021,FLA,,
2025-2026,20251130,14,MTL,5149,Brendan Gallagher,ROSTER,33.0,"5'9""",186.0,Canada,"Edmonton, AB",False,RW,24,1,9,10,1.54,0.38,0.04,0.42,11.2,14.2,0,1,2,3,0,0,0,0,0,0,0,0,0,0.0,-2,71,37,2.7,3,19,15,26,20,12,4,4,4,0,100.0,5,10,5,10,0,413,224,105,85,19146,5465,1582,12099,MTL,Atlantic,Eastern
2025-2026,20251130,21,VAN,5718,Conor Garland,ROSTER,29.0,"5'10""",165.0,USA,"Scituate, MA",False,RW,21,6,9,15,2.57,0.43,0.29,0.71,12.5,21.3,2,1,4,5,0,0,0,1,0,0,1,0,0,0.0,2,99,54,11.1,10,18,27,12,31,28,8,18,5,13,27.8,5,13,9,21,1,487,200,121,172,25757,4691,1747,19319,VAN,Pacific,Western
2025-2026,20251130,8,NYI,53056,Marc Gatcomb,ASSIGNED_TO_MINORS,26.0,"6'2""",194.0,USA,"Woburn, MA",True,C,1,0,0,0,1.0,0.0,0.0,0.0,2.3,0.0,0,0,0,0,0,0,0,0,0,0,0,0,0,0.0,0,1,1,0.0,0,0,0,7,1,0,0,0,0,0,0.0,0,0,0,0,0,12,4,0,8,513,59,0,454,NYI,Metropolitan,Eastern
2025-2026,20251130,6,PHI,120274,Jacob Gaucher,ASSIGNED_TO_MINORS,24.0,"6'3""",185.0,Canada,"Longueuil, QC",True,C,3,0,0,0,1.0,0.0,0.0,0.0,1.5,0.0,0,0,0,0,0,0,0,0,0,0,0,0,0,0.0,-1,4,3,0.0,1,0,1,2,1,2,0,19,9,10,47.4,0,0,1,2,0,38,28,2,8,1578,205,120,1253,PHI,Metropolitan,Eastern
2025-2026,20251130,26,SJS,5737,Adam Gaudette,ROSTER,29.0,"6'1""",170.0,USA,"Braintree, MA",False,RW,22,6,2,8,1.41,0.09,0.27,0.36,10.4,17.0,2,1,0,1,0,0,0,2,0,0,0,0,0,0.0,-5,61,31,19.4,4,16,14,21,18,7,4,82,41,41,50.0,6,12,2,4,0,353,188,87,84,15684,2520,965,12199,SJS,Pacific,Western
2025-2026,20251130,143,SEA,10097,Frederick Gaudreau,ROSTER,32.0,"6'0""",179.0,Canada,"Granby, QC",False,C,11,0,2,2,0.64,0.18,0.0,0.18,7.7,12.8,0,0,0,0,0,0,0,0,0,0,1,0,1,100.0,-2,20,7,0.0,7,6,7,5,5,8,5,128,47,81,36.7,2,7,3,9,1,230,102,53,76,9553,2337,622,6715,SEA,Pacific,Western
2025-2026,20251130,19,CBJ,5847,Brendan Gaunce,ROSTER,31.0,"6'2""",217.0,Canada,"Sudbury, ON",False,C,4,1,1,2,1.0,0.25,0.25,0.5,5.4,5.7,0,0,0,0,1,0,1,0,0,0,0,0,0,0.0,-1,7,4,25.0,4,1,2,6,3,2,2,22,14,8,63.6,2,4,1,2,0,65,29,15,22,2685,1025,267,1393,CBJ,Metropolitan,Eastern
2025-2026,20251130,29,ANA,56588,Cutter Gauthier,ROSTER,21.0,"6'3""",200.0,,"Skellefteå, Sweden",False,LW,24,14,14,28,4.21,0.58,0.58,1.17,12.5,17.0,4,3,3,6,0,0,0,2,0,1,0,0,0,0.0,14,181,101,13.9,8,37,42,17,24,25,7,35,14,21,40.0,6,12,4,8,0,542,338,54,165,26089,2798,320,22939,ANA,Pacific,Western
2025-2026,20251130,9,NYR,5754,Vladislav Gavrikov,ROSTER,30.0,"6'3""",213.0,Russia,Yaroslavl,True,D,27,4,7,11,1.33,0.26,0.15,0.41,40.7,22.7,1,0,0,0,0,0,0,0,0,0,0,0,0,0.0,7,104,36,11.1,44,50,18,9,32,29,6,0,0,0,0.0,8,16,3,6,0,720,353,141,212,37565,3335,2222,31224,NYR,Metropolitan,Eastern
2025-2026,20251130,1,TBL,43380,Conor Geekie,ASSIGNED_TO_MINORS,21.0,"6'3""",196.0,Canada,"Strathclair, MB",True,C,6,0,1,1,0.83,0.17,0.0,0.17,9.2,5.7,0,0,0,0,0,0,0,0,0,0,0,0,0,0.0,0,12,5,0.0,5,3,4,15,7,5,0,21,8,13,38.1,2,4,1,2,0,88,69,18,1,3609,818,167,2624,TBL,Atlantic,Eastern
2025-2026,20251130,11,BOS,17978,Morgan Geekie,ROSTER,27.0,"6'3""",202.0,Canada,"Strathclair, MB",False,C,27,20,6,26,2.59,0.22,0.74,0.96,25.1,14.2,6,5,3,8,0,0,0,2,0,1,1,0,0,0.0,-7,113,70,28.6,10,21,22,50,37,16,6,90,40,50,44.4,5,10,12,24,0,533,289,186,78,28722,6920,4586,17216,BOS,Atlantic,Eastern
2025-2026,20251130,15,BUF,18139,Mason Geertsen,UNDRAFTED,30.0,"6'4""",205.0,Canada,"Drayton Valley, AB",False,LW,5,0,0,0,0.2,0.0,0.0,0.0,2.6,11.3,0,0,0,0,0,0,0,0,0,0,0,0,0,0.0,-1,2,1,0.0,0,1,0,8,5,0,0,0,0,0,0.0,2,12,0,0,0,34,22,4,8,1236,240,71,925,BUF,Atlantic,Eastern
2025-2026,20251130,26,SJS,51603,Patrick Giles,ROSTER,25.0,"6'4""",201.0,USA,"Chevy Chase, MD",True,RW,3,0,1,1,0.67,0.33,0.0,0.33,2.7,0.0,0,0,0,0,0,0,0,0,0,0,0,0,0,0.0,1,5,2,0.0,2,3,0,3,3,1,0,15,9,6,60.0,0,0,0,0,0,38,21,12,5,1596,255,30,1311,SJS,Pacific,Western
2025-2026,20251130,6,PHI,14573,Adam Ginning,ASSIGNED_TO_MINORS,25.0,"6'4""",206.0,Sweden,Linköping,True,D,5,0,0,0,0.4,0.0,0.0,0.0,5.6,0.0,0,0,0,0,0,0,0,0,0,0,0,0,0,0.0,0,9,2,0.0,5,4,3,4,6,5,0,0,0,0,0.0,0,0,0,0,0,101,65,8,28,4602,418,47,4137,PHI,Metropolitan,Eastern
2025-2026,20251130,22,COL,13692,Samuel Girard,ROSTER,27.0,"5'10""",170.0,Canada,"Roberval, QC",False,D,10,0,2,2,0.8,0.2,0.0,0.2,11.1,2.8,0,0,0,0,0,0,0,0,0,0,0,0,0,0.0,6,29,8,0.0,11,13,8,5,15,7,2,0,0,0,0.0,1,2,0,0,0,220,125,31,64,10323,1605,640,8078,COL,Central,Western
2025-2026,20251130,1,TBL,5254,Zemgus Girgensons,ROSTER,31.0,"6'2""",211.0,Latvia,Riga,False,C,18,5,1,6,1.17,0.06,0.28,0.33,30.6,8.5,1,0,0,0,0,0,0,0,0,0,0,0,0,0.0,0,41,21,23.8,16,12,8,51,23,15,1,70,29,41,41.4,3,6,0,0,0,380,183,128,74,16492,4314,1097,11081,TBL,Atlantic,Eastern
2025-2026,20251130,13,OTT,4394,Claude Giroux,ROSTER,37.0,"5'11""",185.0,Canada,"Hearst, ON",False,RW,24,4,12,16,1.79,0.5,0.17,0.67,11.2,8.5,1,1,4,5,0,0,0,1,0,0,0,0,0,0.0,5,70,43,9.3,5,12,15,21,6,21,6,197,140,57,71.1,3,6,2,4,0,593,295,135,167,24705,7785,1150,15770,OTT,Atlantic,Eastern
2025-2026,20251130,7,NJD,13621,Cody Glass,ROSTER,26.0,"6'2""",192.0,Canada,"Winnipeg, MB",False,C,14,4,0,4,1.71,0.0,0.29,0.29,6.5,11.3,1,1,0,1,0,0,0,0,0,0,0,0,0,0.0,1,34,24,16.7,6,5,5,4,12,10,0,143,75,68,52.4,4,8,4,8,0,247,127,69,55,10112,1521,766,7825,NJD,Metropolitan,Eastern
2025-2026,20251130,7,NJD,5268,Luke Glendening,ROSTER,36.0,"5'11""",191.0,USA,"Grand Rapids, MI",False,C,25,0,3,3,0.6,0.12,0.0,0.12,27.4,2.8,0,0,0,0,0,1,1,0,0,0,0,0,0,0.0,-5,28,15,0.0,20,6,7,31,21,6,2,286,155,131,54.2,1,2,0,0,0,411,180,144,85,15629,2764,1450,11359,NJD,Metropolitan,Eastern
2025-2026,20251130,1,TBL,28531,Gage Goncalves,ROSTER,24.0,"6'0""",165.0,Canada,"Mission, BC",True,C,25,2,4,6,0.64,0.16,0.08,0.24,20.2,8.5,0,0,1,1,0,0,0,0,0,0,0,0,0,0.0,1,42,16,12.5,12,12,14,30,28,24,6,9,3,6,33.3,3,6,5,10,0,406,263,78,68,18775,3058,465,15251,TBL,Atlantic,Eastern
2025-2026,20251130,26,SJS,5476,Barclay Goodrow,ROSTER,32.0,"6'2""",215.0,Canada,"Aurora, ON",False,C,26,1,2,3,0.88,0.08,0.04,0.12,30.6,14.2,0,0,0,0,0,0,0,0,0,0,0,0,0,0.0,-7,39,23,4.3,21,9,7,38,15,11,3,12,5,7,41.7,5,10,4,8,0,432,196,118,120,18521,3225,1946,13351,SJS,Pacific,Western
2025-2026,20251130,3,CAR,5440,Shayne Gostisbehere,ROSTER,32.0,"5'11""",180.0,USA,"Margate, FL",False,D,15,3,15,18,1.93,1.0,0.2,1.2,16.4,5.7,1,2,2,4,0,0,0,0,0,0,0,0,0,0.0,9,74,29,10.3,16,28,17,8,15,17,4,0,0,0,0.0,2,4,2,4,0,346,194,68,88,17087,4060,1015,11976,CAR,Metropolitan,Eastern
2025-2026,20251130,1,TBL,5890,Yanni Gourde,ROSTER,33.0,"5'9""",173.0,Canada,"Saint-Narcisse, QC",False,C,25,5,5,10,1.6,0.2,0.2,0.4,20.9,24.1,1,0,0,0,0,0,0,1,0,0,0,0,0,0.0,5,62,40,12.5,12,10,12,32,31,23,5,248,104,144,41.9,8,18,5,10,0,538,251,130,162,24376,5049,1810,17517,TBL,Atlantic,Eastern
2025-2026,20251130,26,SJS,133812,Collin Graf,ROSTER,23.0,"6'0""",180.0,USA,"Lincoln, MA",True,RW,25,3,7,10,0.8,0.28,0.12,0.4,27.1,0.0,1,0,0,0,1,1,2,1,0,1,0,0,0,0.0,-1,47,20,15.0,22,17,10,25,16,13,6,6,3,3,50.0,0,0,5,10,0,485,359,33,96,23443,2531,48,20864,SJS,Pacific,Western
2025-2026,20251130,29,ANA,5126,Mikael Granlund,ROSTER,33.0,"5'10""",185.0,Finland,Oulu,False,C,9,3,6,9,2.33,0.67,0.33,1.0,3.6,5.7,1,1,1,2,0,0,0,0,0,0,0,0,0,0.0,3,37,21,14.3,3,5,11,3,8,7,3,142,75,67,52.8,2,4,4,8,0,192,92,56,48,9246,2808,410,6061,ANA,Pacific,Western
2025-2026,20251130,10,PIT,15450,Ryan Graves,ROSTER,30.0,"6'5""",220.0,Canada,"Yarmouth, NS",False,D,10,1,0,1,1.1,0.0,0.1,0.1,19.5,5.7,0,0,0,0,0,0,0,0,0,0,0,0,0,0.0,-1,31,11,9.1,20,15,5,7,13,6,0,0,0,0,0.0,2,4,1,2,0,186,105,44,38,9506,1418,1240,6848,PIT,Metropolitan,Eastern
2025-2026,20251130,6,PHI,56677,Nikita Grebenkin,ROSTER,22.0,"6'2""",183.0,Russia,Serov,False,RW,15,1,2,3,0.4,0.13,0.07,0.2,10.8,24.0,0,0,0,0,0,0,0,0,0,0,0,0,0,0.0,-5,16,6,16.7,3,7,3,25,25,11,3,3,2,1,66.7,4,19,3,9,1,199,163,24,13,8712,1386,270,7056,PHI,Metropolitan,Eastern
2025-2026,20251130,20,CHI,56365,Ryan Greene,ROSTER,22.0,"6'1""",179.0,Canada,"Paradise, NL and Labrador",False,C,24,3,4,7,1.04,0.17,0.12,0.29,10.5,2.8,1,1,0,1,0,0,0,0,0,0,0,0,0,0.0,5,46,25,12.0,8,9,12,11,10,12,6,205,91,114,44.4,1,2,3,6,0,516,299,57,160,22550,2171,222,19885,CHI,Central,Western
2025-2026,20251130,15,BUF,14152,Jordan Greenway,ROSTER,28.0,"6'6""",225.0,USA,"Canton, NY",False,LW,12,1,2,3,0.92,0.17,0.08,0.25,9.2,21.3,0,0,0,0,0,0,0,0,0,0,0,0,0,0.0,-7,25,11,9.1,5,8,6,15,6,5,1,13,8,5,61.5,5,13,4,11,1,255,115,29,112,10228,1591,169,8468,BUF,Atlantic,Eastern
2025-2026,20251130,4,FLO,5634,Anthony-John Greer,ROSTER,28.0,"6'3""",204.0,Canada,"Joliette, QC",False,LW,24,6,4,10,1.25,0.17,0.25,0.42,31.5,60.9,2,0,0,0,0,0,0,0,0,0,0,0,0,0.0,7,47,30,20.0,9,7,10,72,22,14,1,8,2,6,25.0,12,41,11,31,3,347,189,77,86,14924,2533,1062,11329,FLA,,
2025-2026,20251130,4,FLO,15118,Noah Gregor,ROSTER,27.0,"6'0""",185.0,Canada,"Beaumont, AB",False,LW,11,0,1,1,1.09,0.09,0.0,0.09,5.7,2.8,0,0,0,0,0,0,0,0,0,0,0,0,0,0.0,-1,22,12,0.0,2,3,7,12,7,4,0,21,8,13,38.1,1,2,0,0,0,132,74,26,32,5583,703,287,4593,FLA,,
2025-2026,20251130,13,OTT,28535,Ridly Greig,ROSTER,23.0,"6'0""",181.0,Canada,"Lethbridge, AB",True,C,19,2,6,8,1.58,0.32,0.11,0.42,19.4,26.9,0,0,2,2,0,0,0,0,0,0,0,0,0,0.0,-1,55,30,6.7,13,14,11,25,33,10,5,121,70,51,57.9,9,20,7,14,0,465,271,76,120,19629,3244,732,15653,OTT,Atlantic,Eastern
2025-2026,20251130,23,CGY,142358,Matvei Gridin,ASSIGNED_TO_MINORS,,,,,,False,RW,4,1,0,1,2.25,0.0,0.25,0.25,2.9,0.0,0,0,0,0,0,0,0,0,0,0,1,0,0,0.0,-3,15,9,11.1,3,4,2,1,4,6,2,4,0,4,0.0,0,0,0,0,0,76,68,8,1,3532,574,41,2917,CGY,Pacific,Western
2025-2026,20251130,7,NJD,56524,Arseni Gritsyuk,ROSTER,24.0,"5'10""",168.0,Russia,Krasnoyarsk,False,RW,25,6,6,12,2.4,0.24,0.24,0.48,14.7,17.0,2,2,1,3,0,0,0,0,0,0,1,0,0,0.0,-3,101,60,10.0,6,18,23,29,31,13,8,8,4,4,50.0,6,12,3,6,0,473,318,94,64,22043,2893,1018,18073,NJD,Metropolitan,Eastern
2025-2026,20251130,6,PHI,15134,Carl Grundstrom,ASSIGNED_TO_MINORS,27.0,"6'0""",201.0,Sweden,Umeå,False,RW,1,0,0,0,0.0,0.0,0.0,0.0,1.5,0.0,0,0,0,0,0,0,0,0,0,0,0,0,0,0.0,0,1,0,0.0,1,0,1,2,3,1,0,0,0,0,0.0,0,0,0,0,0,15,7,4,4,617,113,108,396,PHI,Metropolitan,Eastern
2025-2026,20251130,20,CHI,11572,Matt Grzelcyk,ROSTER,31.0,"5'9""",174.0,USA,"Charlestown, MA",False,D,24,0,4,4,1.29,0.17,0.0,0.17,20.8,11.3,0,0,0,0,0,0,0,0,0,0,0,0,0,0.0,7,64,31,0.0,20,16,17,11,27,20,6,0,0,0,0.0,2,12,1,2,0,494,255,101,136,22432,4382,1340,16466,CHI,Central,Western
2025-2026,20251130,29,ANA,5185,Radko Gudas,ROSTER,35.0,"6'0""",205.0,Czech Republic,Prague,False,D,13,1,2,3,1.69,0.15,0.08,0.23,37.7,15.6,0,0,0,0,0,0,0,0,0,0,0,0,0,0.0,-4,49,22,4.5,27,15,12,44,23,12,4,0,0,0,0.0,3,9,2,7,1,271,157,37,79,12508,2278,708,9489,ANA,Pacific,Western
2025-2026,20251130,19,CBJ,4988,Erik Gudbranson,ROSTER,33.0,"6'5""",217.0,Canada,"Ottawa, ON",False,D,4,0,0,0,0.75,0.0,0.0,0.0,2.5,8.5,0,0,0,0,0,0,0,0,0,0,0,0,0,0.0,-2,7,3,0.0,1,3,1,5,4,3,1,0,0,0,0.0,3,6,0,0,0,75,36,8,28,3562,700,350,2303,CBJ,Metropolitan,Eastern
2025-2026,20251130,30,UTA,33436,Dylan Guenther,ROSTER,22.0,"6'2""",175.0,Canada,"Edmonton, AB",True,RW,26,9,10,19,3.46,0.38,0.35,0.73,15.6,8.5,3,2,2,4,0,0,0,4,0,2,0,0,0,0.0,1,166,90,10.0,7,32,44,29,36,30,5,23,10,13,43.5,3,6,6,12,0,543,339,68,145,27389,4982,565,21842,UTA,Central,Western
2025-2026,20251130,1,TBL,11327,Jake Guentzel,ROSTER,31.0,"5'11""",180.0,USA,"Omaha, NE",False,C,25,14,13,27,2.8,0.52,0.56,1.08,16.2,8.5,4,3,4,7,1,0,1,2,0,1,0,0,0,0.0,5,116,70,20.0,15,20,26,10,20,20,8,111,58,53,52.3,3,6,7,14,0,577,282,166,144,30822,8272,3669,18844,TBL,Atlantic,Eastern
2025-2026,20251130,14,MTL,28518,Kaiden Guhle,ROSTER,23.0,"6'2""",205.0,Canada,"Sherwood Park, AB",True,D,5,1,1,2,1.4,0.2,0.2,0.4,9.6,12.8,0,0,0,0,0,0,0,1,0,0,0,0,0,0.0,1,13,7,14.3,5,5,1,16,12,7,3,0,0,0,0.0,2,7,3,9,1,103,63,14,28,5772,629,59,5084,MTL,Atlantic,Eastern
2025-2026,20251130,16,DET,4963,Erik Gustafsson,ROSTER,33.0,"6'0""",197.0,Sweden,Nynashamn,False,D,1,0,0,0,2.0,0.0,0.0,0.0,1.2,0.0,0,0,0,0,0,0,0,0,0,0,0,0,0,0.0,-1,2,2,0.0,1,0,0,1,1,1,1,0,0,0,0.0,0,0,0,0,0,21,12,5,4,1043,308,44,691,DET,Atlantic,Eastern
2025-2026,20251130,1,TBL,17379,Brandon Hagel,ROSTER,27.0,"6'0""",175.0,Canada,"Saskatoon, SK",True,LW,24,15,12,27,3.12,0.5,0.62,1.12,18.5,19.8,5,1,2,3,1,0,1,4,0,0,0,0,0,0.0,16,158,75,20.0,15,34,49,17,34,30,10,31,13,18,41.9,7,14,13,26,0,570,319,177,90,27781,6660,3416,17733,TBL,Atlantic,Eastern
2025-2026,20251130,18,NSH,14446,Nicolas Hague,ROSTER,26.0,"6'6""",221.0,Canada,"Kitchener, ON",False,D,17,1,3,4,0.94,0.18,0.06,0.24,20.5,8.5,0,0,0,0,0,0,0,0,0,0,0,0,0,0.0,-7,47,16,6.2,12,20,11,31,31,14,5,0,0,0,0.0,3,6,0,0,0,409,233,65,112,20361,2630,1138,16593,NSH,Central,Western
2025-2026,20251130,25,MIN,53028,Hunter Haight,ROSTER,21.0,"5'11""",174.0,Canada,"Strathroy, ON",True,C,2,0,0,0,0.0,0.0,0.0,0.0,0.7,0.0,0,0,0,0,0,0,0,0,0,0,0,0,0,0.0,-2,0,0,0.0,0,0,0,2,4,0,0,16,7,9,43.8,0,0,0,0,0,24,16,0,8,1124,111,0,1013,MIN,Central,Western
2025-2026,20251130,3,CAR,4846,Taylor Hall,ROSTER,34.0,"6'1""",205.0,Canada,"Calgary, AB",False,LW,24,5,7,12,1.54,0.29,0.21,0.5,11.2,14.2,1,0,0,0,0,0,0,0,0,0,1,0,0,0.0,8,83,37,13.5,8,26,20,13,46,20,8,17,6,11,35.3,5,10,7,14,0,422,218,113,96,20485,6115,748,13622,CAR,Metropolitan,Eastern
2025-2026,20251130,10,PIT,14581,Filip Hallander,ROSTER,25.0,"6'2""",188.0,Sweden,Sundsvall,True,C,13,1,3,4,1.69,0.23,0.08,0.31,5.3,2.8,0,0,0,0,1,0,1,1,0,0,0,0,0,0.0,4,47,22,4.5,5,13,12,3,11,12,2,2,0,2,0.0,1,2,3,6,0,234,140,56,39,10251,2053,813,7385,PIT,Metropolitan,Eastern
2025-2026,20251130,13,OTT,56572,Stephen Halliday,ROSTER,23.0,"6'3""",213.0,Canada,"Toronto, ON",False,C,4,0,1,1,1.0,0.25,0.0,0.25,1.8,0.0,0,0,1,1,0,0,0,0,0,0,0,0,0,0.0,-1,4,4,0.0,1,0,0,3,5,2,0,11,4,7,36.4,0,0,1,2,0,41,30,6,5,1547,466,0,1081,OTT,Atlantic,Eastern
2025-2026,20251130,7,NJD,53065,Brian Halonen,ROSTER,26.0,"6'0""",205.0,USA,"Delano, MN",True,LW,9,1,0,1,0.44,0.0,0.11,0.11,7.7,9.9,0,0,0,0,0,0,0,1,0,0,0,0,0,0.0,-1,11,4,25.0,2,3,4,18,9,2,2,0,0,0,0.0,1,5,1,5,1,96,80,16,1,4051,1215,211,2625,NJD,Metropolitan,Eastern
2025-2026,20251130,7,NJD,4994,Dougie Hamilton,ROSTER,32.0,"6'6""",229.0,Canada,"Toronto, ON",False,D,21,4,4,8,2.52,0.19,0.19,0.38,28.7,18.4,1,2,2,4,0,0,0,1,0,0,0,0,0,0.0,1,119,53,7.5,25,38,28,22,25,33,2,0,0,0,0.0,6,14,1,2,0,538,283,84,175,26861,6627,1158,19076,NJD,Metropolitan,Eastern
2025-2026,20251130,16,DET,4915,Travis Hamonic,ROSTER,35.0,"6'2""",205.0,Canada,"St. Malo, MB",False,D,16,0,1,1,0.94,0.06,0.0,0.06,23.8,28.4,0,0,0,0,0,0,0,0,0,0,0,0,0,0.0,-11,30,15,0.0,22,12,3,15,22,13,3,0,0,0,0.0,5,16,2,10,2,334,189,53,92,13754,2637,747,10370,DET,Atlantic,Eastern
2025-2026,20251130,142,VGK,5600,Noah Hanifin,ROSTER,28.0,"6'3""",215.0,USA,"Boston, MA",False,D,15,1,3,4,2.47,0.2,0.07,0.27,24.1,2.8,0,0,1,1,0,0,0,0,0,0,0,0,0,0.0,-8,87,37,2.7,25,28,22,8,32,18,8,0,0,0,0.0,1,2,1,2,0,426,221,95,111,20815,2290,1590,16935,VGK,Pacific,Western
2025-2026,20251130,23,CGY,8966,Joel Hanley,ROSTER,34.0,"5'11""",190.0,Canada,"Keswick, ON",False,D,23,0,3,3,0.7,0.13,0.0,0.13,34.1,21.3,0,0,0,0,0,0,0,0,0,0,0,0,0,0.0,-3,51,16,0.0,34,20,15,15,54,23,4,0,0,0,0.0,5,13,1,5,1,588,311,108,169,22345,2801,2111,17433,CGY,Pacific,Western
2025-2026,20251130,29,ANA,14456,Jansen Harkins,ROSTER,28.0,"6'1""",183.0,USA,"North Vancouver, BC, Canada",True,C,13,2,0,2,0.62,0.0,0.15,0.15,21.4,8.5,0,0,0,0,0,0,0,0,0,0,0,0,0,0.0,-2,17,8,25.0,8,5,4,44,7,4,2,85,45,40,52.9,3,6,4,8,0,177,99,54,26,6985,1109,606,5270,ANA,Pacific,Western
2025-2026,20251130,27,DAL,20433,Thomas Harley,ROSTER,24.0,"6'3""",188.0,USA,"Syracuse, NY",True,D,18,1,9,10,1.17,0.5,0.06,0.56,39.8,11.3,0,0,3,3,0,0,0,0,0,0,0,0,0,0.0,-7,66,21,4.8,43,33,12,9,32,26,7,0,0,0,0.0,4,8,2,4,0,444,279,97,64,24824,3915,1502,19137,DAL,Central,Western
2025-2026,20251130,11,BOS,38615,Jordan Harris,ROSTER,25.0,"5'11""",189.0,USA,"Haverhill, MA",True,D,5,1,1,2,1.8,0.2,0.2,0.4,3.9,0.0,0,0,0,0,0,0,0,0,0,0,0,0,0,0.0,0,12,9,11.1,3,1,2,4,15,5,1,0,0,0,0.0,0,0,0,0,0,106,72,18,17,4689,1056,345,3288,BOS,Atlantic,Eastern
2025-2026,20251130,25,MIN,5522,Ryan Hartman,ROSTER,31.0,"6'0""",189.0,USA,"Hilton Head Island, SC",False,RW,22,4,4,8,2.14,0.18,0.18,0.36,24.9,8.5,1,1,0,1,0,0,0,1,0,0,0,0,0,0.0,-3,102,47,8.5,21,24,31,21,24,15,9,280,120,160,42.9,3,6,7,14,0,375,184,149,46,21081,3871,3148,14062,MIN,Central,Western
2025-2026,20251130,6,PHI,5926,Garnet Hathaway,ROSTER,34.0,"6'3""",210.0,USA,"Naples, FL",False,RW,24,0,0,0,0.38,0.0,0.0,0.0,38.8,32.6,0,0,0,0,0,0,0,0,0,0,0,0,0,0.0,-9,20,9,0.0,14,5,6,81,25,9,1,6,5,1,83.3,9,21,9,21,1,360,192,62,106,14628,2387,724,11517,PHI,Metropolitan,Eastern
2025-2026,20251130,18,NSH,5301,Erik Haula,ROSTER,34.0,"6'0""",193.0,Finland,Pori,False,LW,25,4,11,15,1.32,0.44,0.16,0.6,22.8,25.5,1,1,5,6,0,0,0,0,0,0,1,0,1,100.0,-7,68,33,12.1,12,18,17,38,20,17,7,290,154,136,53.1,9,18,2,4,0,549,245,164,145,24540,5905,1572,17221,NSH,Central,Western
2025-2026,20251130,143,SEA,12273,John Hayden,ASSIGNED_TO_MINORS,30.0,"6'3""",215.0,USA,"Chicago, IL",False,C,3,0,0,0,0.67,0.0,0.0,0.0,4.0,2.8,0,0,0,0,0,0,0,0,0,0,0,0,0,0.0,-1,5,2,0.0,2,2,1,7,0,2,1,15,6,9,40.0,1,2,0,0,0,42,19,11,12,1814,490,44,1280,SEA,Pacific,Western
2025-2026,20251130,10,PIT,5461,Kevin Hayes,ROSTER,33.0,"6'5""",216.0,USA,"Boston, MA",False,RW,9,1,2,3,1.78,0.22,0.11,0.33,5.9,2.8,0,0,0,0,0,0,0,1,0,0,0,0,0,0.0,1,26,16,6.2,3,4,6,10,4,8,0,34,14,20,41.2,1,2,1,2,0,155,79,63,14,7536,1761,985,4790,PIT,Metropolitan,Eastern
2025-2026,20251130,30,UTA,14528,Barrett Hayton,ROSTER,25.0,"6'1""",190.0,Canada,"Kitchener, ON",False,C,23,3,2,5,1.43,0.09,0.13,0.22,9.8,19.8,1,1,0,1,0,0,0,0,0,0,0,0,0,0.0,1,60,33,9.1,11,11,16,1,20,14,5,257,128,129,49.8,5,18,7,14,0,484,287,142,58,21679,4160,1885,15634,UTA,Central,Western
2025-2026,20251130,1,TBL,4685,Victor Hedman,ROSTER,34.0,"6'6""",229.0,Sweden,Ornskoldsvik,False,D,15,0,12,12,1.53,0.8,0.0,0.8,26.3,5.7,0,0,6,6,0,0,0,0,0,0,0,0,0,0.0,1,73,23,0.0,28,26,24,7,10,25,5,0,0,0,0.0,2,4,5,10,0,392,215,58,119,20336,6813,1204,12319,TBL,Atlantic,Eastern
2025-2026,20251130,8,NYI,30049,Emil Heineman,ROSTER,24.0,"6'1""",185.0,Sweden,Leksand,True,LW,25,10,6,16,2.0,0.24,0.4,0.64,40.6,17.0,3,1,0,1,0,0,0,0,0,0,0,0,0,0.0,4,101,50,20.0,13,22,29,89,45,13,4,4,3,1,75.0,6,12,1,2,0,497,370,84,53,22762,4076,715,17971,NYI,Metropolitan,Eastern
2025-2026,20251130,10,PIT,10076,Danton Heinen,ROSTER,30.0,"6'1""",188.0,Canada,"Langley, BC",False,LW,9,0,1,1,1.11,0.11,0.0,0.11,8.6,2.8,0,0,0,0,0,0,0,0,0,0,0,0,0,0.0,0,26,10,0.0,7,6,10,8,3,2,0,6,2,4,33.3,1,2,1,2,0,150,73,44,33,6613,1010,921,4682,PIT,Metropolitan,Eastern
2025-2026,20251130,27,DAL,13618,Miro Heiskanen,ROSTER,26.0,"6'1""",190.0,Finland,Espoo,False,D,25,3,19,22,2.28,0.76,0.12,0.88,36.8,8.5,1,1,9,10,0,0,0,1,0,0,0,0,0,0.0,0,104,57,5.3,41,30,17,5,57,28,18,0,0,0,0.0,3,6,9,18,0,639,356,193,86,38897,8296,3713,26575,DAL,Central,Western
2025-2026,20251130,28,LAK,37992,Samuel Helenius,ROSTER,23.0,"6'6""",201.0,Finland,Järvenpää,True,C,3,0,0,0,0.67,0.0,0.0,0.0,4.2,0.0,0,0,0,0,0,0,0,0,0,0,0,0,0,0.0,-1,3,2,0.0,1,0,1,10,2,1,0,13,3,10,23.1,0,0,0,0,0,30,28,0,2,1305,106,47,1152,LAK,Pacific,Western
2025-2026,20251130,29,ANA,38013,Drew Helleson,ROSTER,24.0,"6'3""",205.0,USA,"Farmington, MN",True,D,24,2,7,9,0.92,0.29,0.08,0.38,41.0,8.5,0,0,0,0,0,2,2,0,0,0,0,0,0,0.0,0,68,22,9.1,37,36,10,28,47,19,11,0,0,0,0.0,3,6,3,6,0,601,251,61,291,27114,1827,436,24851,ANA,Pacific,Western
2025-2026,20251130,24,EDM,4983,Adam Henrique,ROSTER,35.0,"6'0""",195.0,Canada,"Brantford, ON",False,C,26,2,5,7,1.62,0.19,0.08,0.27,35.3,8.5,0,0,1,1,0,0,0,0,0,0,0,0,0,0.0,-6,76,42,4.8,35,17,17,16,14,19,7,256,144,112,56.2,3,6,1,2,0,503,262,116,120,22608,6618,917,14818,EDM,Pacific,Western
2025-2026,20251130,142,VGK,5255,Tomas Hertl,ROSTER,32.0,"6'2""",215.0,Czech Republic,Prague,False,C,25,11,9,20,2.92,0.36,0.44,0.8,18.5,11.3,3,5,3,8,0,0,0,2,0,0,0,0,0,0.0,-4,136,73,15.1,10,31,32,30,21,18,8,400,244,156,61.0,4,8,6,14,0,501,214,147,151,26762,7894,1751,17022,VGK,Pacific,Western
2025-2026,20251130,25,MIN,5841,Vincent Hinostroza,ROSTER,31.0,"5'9""",173.0,USA,"Chicago, IL",False,C,22,2,3,5,1.0,0.14,0.09,0.23,11.8,5.7,0,0,1,1,0,0,0,1,0,0,0,0,0,0.0,-5,48,22,9.1,6,13,13,20,21,16,8,23,11,12,47.8,2,4,5,12,0,295,129,101,67,14989,3596,1286,10107,MIN,Central,Western
2025-2026,20251130,27,DAL,5643,Roope Hintz,ROSTER,29.0,"6'3""",220.0,Finland,Tampere,False,C,20,8,12,20,2.9,0.6,0.4,1.0,13.0,8.5,2,3,7,10,0,0,0,1,0,1,1,0,0,0.0,7,84,58,13.8,9,8,18,16,11,18,1,279,161,118,57.7,3,6,4,8,0,470,212,135,131,21759,4628,1613,15518,DAL,Central,Western
2025-2026,20251130,7,NJD,13616,Nico Hischier,ROSTER,26.0,"6'1""",175.0,Switzerland,Naters,False,C,25,9,14,23,2.28,0.56,0.36,0.92,29.4,8.5,3,1,4,5,0,0,0,1,0,0,0,0,0,0.0,7,118,57,15.8,27,34,27,19,14,22,11,506,269,237,53.2,3,6,5,10,0,623,299,173,157,31327,5897,2372,22965,NJD,Metropolitan,Eastern
2025-2026,20251130,13,OTT,38443,Hayden Hodgson,ROSTER,29.0,"6'2""",207.0,Canada,"Windsor, ON",True,RW,8,0,0,0,0.25,0.0,0.0,0.0,6.9,18.4,0,0,0,0,0,0,0,0,0,0,0,0,0,0.0,-1,9,2,0.0,0,2,5,21,5,3,0,0,0,0,0.0,4,11,2,7,1,89,60,19,10,3322,522,217,2583,OTT,Atlantic,Eastern
2025-2026,20251130,17,STL,30060,Dylan Holloway,ROSTER,24.0,"6'1""",203.0,Canada,"Calgary, AB",True,LW,26,7,6,13,2.23,0.23,0.27,0.5,37.1,5.7,2,1,1,2,0,0,0,1,0,0,1,1,0,0.0,-7,115,58,12.1,17,42,15,68,39,16,4,15,9,6,60.0,2,4,5,10,0,550,359,125,73,27958,5727,2355,19876,STL,Central,Western
2025-2026,20251130,1,TBL,39074,Pontus Holmberg,ROSTER,26.0,"5'10""",175.0,Sweden,Västerås,True,RW,18,1,5,6,1.06,0.28,0.06,0.33,14.3,14.2,0,0,0,0,0,0,0,1,0,0,0,0,0,0.0,5,38,19,5.3,9,8,11,20,23,8,3,35,11,24,31.4,5,10,8,16,0,323,182,100,42,13611,2739,990,9882,TBL,Atlantic,Eastern
2025-2026,20251130,8,NYI,18114,Simon Holmstrom,ROSTER,24.0,"6'0""",193.0,Sweden,Tranas,False,RW,24,4,5,9,0.96,0.21,0.17,0.38,23.1,11.3,1,0,0,0,1,1,2,1,0,0,4,1,2,50.0,-6,53,23,17.4,25,12,18,5,18,15,5,5,2,3,40.0,4,8,8,16,0,503,306,94,109,22152,3426,1488,17502,NYI,Metropolitan,Eastern
2025-2026,20251130,142,VGK,30063,Alexander Holtz,ROSTER,23.0,"6'0""",192.0,Sweden,Stockholm,True,RW,8,0,0,0,1.5,0.0,0.0,0.0,3.2,7.1,0,0,0,0,0,0,0,0,0,0,0,0,0,0.0,-2,26,12,0.0,3,7,7,2,11,4,1,2,0,2,0.0,2,6,1,2,0,129,91,37,1,5507,1800,442,3265,VGK,Pacific,Western
2025-2026,20251130,23,CGY,111747,Samuel Honzek,ROSTER,21.0,"6'4""",186.0,Slovakia,Trencin,True,LW,18,2,2,4,1.22,0.11,0.11,0.22,16.7,2.8,0,0,0,0,0,0,0,0,0,0,0,0,0,0.0,1,42,22,9.1,6,8,12,35,14,9,1,11,6,5,54.5,1,2,3,6,0,342,286,21,37,13329,1580,76,11673,CGY,Pacific,Western
2025-2026,20251130,8,NYI,5233,Bo Horvat,ROSTER,30.0,"6'0""",215.0,Canada,"London, ON",False,C,25,14,11,25,3.48,0.44,0.56,1.0,10.6,24.0,4,3,5,8,1,0,1,3,0,0,4,1,1,25.0,10,159,87,16.1,7,36,36,14,16,29,6,456,270,186,59.2,6,22,4,8,0,600,283,188,144,31034,6483,4433,20146,NYI,Metropolitan,Eastern
2025-2026,20251130,24,EDM,56664,Isaac Howard,ASSIGNED_TO_MINORS,21.0,"5'10""",180.0,USA,"Hudson, WI",False,LW,17,2,1,3,1.12,0.06,0.12,0.18,1.8,14.2,0,0,0,0,0,0,0,0,0,0,1,1,0,0.0,-2,40,19,10.5,1,10,11,3,11,9,1,0,0,0,0.0,5,10,1,2,0,222,161,22,40,9689,1395,365,7916,EDM,Pacific,Western
2025-2026,20251130,142,VGK,14608,Brett Howden,ROSTER,27.0,"6'3""",197.0,Canada,"Calgary, AB",False,C,21,4,3,7,1.14,0.14,0.19,0.33,17.2,11.3,1,0,0,0,0,0,0,0,0,0,0,0,0,0.0,-3,44,24,16.7,5,8,12,39,23,18,3,188,102,86,54.3,4,8,8,16,0,414,204,163,51,18388,3481,2761,12217,VGK,Pacific,Western
2025-2026,20251130,21,VAN,15157,Filip Hronek,ROSTER,28.0,"6'0""",183.0,Czech Republic,Hradec Kralove,False,D,26,2,14,16,1.38,0.54,0.08,0.62,49.3,11.3,0,1,4,5,0,0,0,0,0,0,0,0,0,0.0,6,91,36,5.6,39,32,23,48,44,28,11,0,0,0,0.0,4,8,4,8,0,713,324,113,277,38150,5064,1855,31230,VAN,Pacific,Western
2025-2026,20251130,27,DAL,142430,Justin Hryckowian,ROSTER,,,,,,False,C,24,3,5,8,0.96,0.21,0.12,0.33,17.4,15.6,1,1,0,1,0,0,0,0,0,0,0,0,0,0.0,-4,39,23,13.0,8,5,11,32,22,3,6,63,39,24,61.9,3,9,7,19,1,362,309,29,25,16600,3040,44,13424,DAL,Central,Western
2025-2026,20251130,23,CGY,4987,Jonathan Huberdeau,ROSTER,32.0,"6'1""",202.0,Canada,"Saint-Jerome, QC",False,LW,21,4,8,12,1.67,0.38,0.19,0.57,13.9,32.5,1,1,1,2,0,0,0,1,0,0,1,0,0,0.0,-4,72,35,11.4,12,17,20,11,13,24,3,7,3,4,42.9,7,25,7,17,1,496,223,140,137,23857,6857,2109,14891,CGY,Pacific,Western
2025-2026,20251130,7,NJD,17125,Jack Hughes,ROSTER,24.0,"5'11""",170.0,USA,"Orlando, FL",False,C,17,10,10,20,4.06,0.59,0.59,1.18,9.2,0.0,3,1,4,5,0,0,0,2,0,1,0,0,0,0.0,3,127,69,14.5,10,34,24,2,13,35,12,153,52,101,34.0,0,0,6,12,0,387,256,70,71,21570,4060,729,16781,NJD,Metropolitan,Eastern
2025-2026,20251130,7,NJD,37969,Luke Hughes,ROSTER,22.0,"6'2""",184.0,USA,"Canton, MI",True,D,25,1,13,14,2.08,0.52,0.04,0.56,22.4,31.2,0,0,4,4,0,0,0,0,0,0,0,0,0,0.0,-2,147,52,1.9,23,71,24,8,29,39,6,0,0,0,0.0,11,22,3,6,0,650,444,117,88,34626,6203,1562,26770,NJD,Metropolitan,Eastern
2025-2026,20251130,21,VAN,14530,Quinn Hughes,ROSTER,26.0,"5'10""",170.0,USA,"Orlando, FL",False,D,21,2,20,22,2.71,0.95,0.1,1.05,22.6,14.2,0,2,9,11,0,0,0,0,0,0,0,0,0,0.0,-5,151,57,3.5,26,59,35,1,16,28,8,0,0,0,0.0,5,10,11,22,0,505,287,152,68,34408,6563,6278,21567,VAN,Pacific,Western
2025-2026,20251130,25,MIN,30091,Daemon Hunt,ROSTER,23.0,"6'0""",198.0,Canada,"Brandon, MB",True,D,7,0,1,1,0.14,0.14,0.0,0.14,12.3,0.0,0,0,0,0,0,0,0,0,0,0,0,0,0,0.0,1,8,1,0.0,12,5,2,6,13,3,1,0,0,0,0.0,0,0,3,8,0,110,63,10,37,4988,528,206,4254,MIN,Central,Western
2025-2026,20251130,14,MTL,56477,Lane Hutson,ROSTER,21.0,"5'8""",158.0,USA,"Chicago, IL",False,D,24,4,16,20,1.58,0.67,0.17,0.83,36.9,0.0,1,1,4,5,0,0,0,1,0,0,0,0,0,0.0,1,93,38,10.5,38,42,13,13,49,36,10,0,0,0,0.0,0,0,7,14,0,571,412,47,116,32771,5648,731,26392,MTL,Atlantic,Eastern
2025-2026,20251130,142,VGK,5825,Ben Hutton,ROSTER,32.0,"6'2""",206.0,Canada,"Prescott, ON",False,D,18,2,4,6,1.5,0.22,0.11,0.33,18.9,12.8,0,0,0,0,0,0,0,1,0,0,0,0,0,0.0,2,49,27,7.4,19,15,7,8,40,19,6,0,0,0,0.0,2,7,3,9,1,342,168,74,102,15505,3004,1827,10674,VGK,Pacific,Western
2025-2026,20251130,24,EDM,5562,Zach Hyman,ROSTER,33.0,"6'1""",211.0,Canada,"Toronto, ON",False,LW,7,1,3,4,2.0,0.43,0.14,0.57,8.5,5.7,0,1,0,1,0,0,0,0,0,0,0,0,0,0.0,-3,25,14,7.1,1,3,8,23,9,2,1,1,0,1,0.0,2,4,1,2,0,143,72,47,25,8294,3213,595,4486,EDM,Pacific,Western
2025-2026,20251130,2,WPJ,13690,Alex Iafallo,ROSTER,31.0,"6'0""",188.0,USA,"Eden, NY",False,LW,24,4,5,9,1.62,0.21,0.17,0.38,21.8,8.5,1,2,2,4,0,0,0,1,0,0,0,0,0,0.0,1,66,39,10.3,17,9,18,22,7,7,4,9,6,3,66.7,3,6,5,10,0,473,247,166,64,21565,4730,3316,13519,WPG,,
2025-2026,20251130,26,SJS,34832,Vincent Iorio,ROSTER,23.0,"6'4""",200.0,Canada,"Coquitlam, BC",True,D,7,0,0,0,0.43,0.0,0.0,0.0,9.9,8.5,0,0,0,0,0,0,0,0,0,0,0,0,0,0.0,-3,4,3,0.0,10,1,0,4,6,7,0,0,0,0,0.0,3,6,0,0,0,147,106,6,35,6793,841,36,5916,SJS,Pacific,Western
2025-2026,20251130,22,COL,120069,Ivan Ivan,ROSTER,23.0,"6'0""",190.0,Czechia,Pstrava,True,C,3,0,1,1,1.0,0.33,0.0,0.33,1.2,0.0,0,0,0,0,0,0,0,0,0,0,0,0,0,0.0,1,3,3,0.0,1,0,0,1,2,1,0,0,0,0,0.0,0,0,0,0,0,38,30,8,0,1498,417,0,1081,COL,Central,Western
2025-2026,20251130,1,TBL,56357,Dominic James,ROSTER,23.0,"6'0""",190.0,USA,"Plymouth, MI",True,C,16,1,3,4,1.06,0.19,0.06,0.25,13.4,5.7,0,0,0,0,0,0,0,0,0,0,0,0,0,0.0,-1,39,17,5.9,6,9,13,25,22,9,4,107,52,55,48.6,2,4,3,6,0,259,204,48,8,12017,3039,375,8603,TBL,Atlantic,Eastern
2025-2026,20251130,3,CAR,11413,Mark Jankowski,ROSTER,31.0,"6'4""",212.0,Canada,"Hamilton, ON",False,LW,15,1,3,4,0.6,0.2,0.07,0.27,10.9,8.5,0,0,0,0,0,0,0,1,0,0,0,0,0,0.0,4,24,9,11.1,10,5,10,7,18,6,2,146,78,68,53.4,3,6,0,0,0,245,118,60,68,10022,1403,713,7906,CAR,Metropolitan,Eastern
2025-2026,20251130,24,EDM,5827,Mattias Janmark,ROSTER,32.0,"6'1""",195.0,Sweden,Danderyd,False,C,10,0,3,3,0.9,0.3,0.0,0.3,2.5,8.5,0,0,0,0,0,0,0,0,0,0,0,0,0,0.0,-2,21,9,0.0,1,6,6,5,8,5,0,4,3,1,75.0,3,6,3,6,0,163,80,51,32,6990,1603,622,4765,EDM,Pacific,Western
2025-2026,20251130,12,TOR,5352,Calle Jarnkrok,ROSTER,34.0,"5'11""",186.0,Sweden,Gavle,False,C,18,4,0,4,0.89,0.0,0.22,0.22,7.2,5.7,1,0,0,0,0,0,0,0,0,0,0,0,0,0.0,-7,22,16,25.0,3,3,3,14,9,7,1,9,6,3,66.7,2,4,0,0,0,302,144,80,82,12537,3579,874,8084,TOR,Atlantic,Eastern
2025-2026,20251130,3,CAR,28144,Seth Jarvis,ROSTER,23.0,"5'10""",175.0,Canada,"Winnipeg, MB",True,C,24,15,7,22,3.25,0.29,0.62,0.92,16.8,8.5,5,1,0,1,2,0,2,4,0,2,2,0,1,50.0,3,118,78,19.2,10,12,28,25,47,23,15,34,15,19,44.1,3,6,6,12,0,525,349,102,90,27274,6495,2325,18658,CAR,Metropolitan,Eastern
2025-2026,20251130,11,BOS,14386,Tanner Jeannot,ROSTER,28.0,"6'2""",207.0,Canada,"Oxbow, SK",False,LW,27,3,7,10,1.22,0.26,0.11,0.37,43.6,41.1,1,0,1,1,0,0,0,1,0,0,0,0,0,0.0,-1,68,33,9.1,25,19,16,67,34,23,2,10,5,5,50.0,7,23,5,19,3,489,254,89,149,22242,3875,669,17698,BOS,Atlantic,Eastern
2025-2026,20251130,19,CBJ,5245,Boone Jenner,ROSTER,32.0,"6'2""",208.0,Canada,"Dorchester, ON",False,C,16,3,7,10,2.0,0.44,0.19,0.62,21.1,21.3,1,1,1,2,0,1,1,1,0,0,0,0,0,0.0,-7,69,32,9.4,13,17,20,30,12,11,2,91,51,40,56.0,5,13,4,11,1,303,149,74,80,15458,4395,1524,9502,CBJ,Metropolitan,Eastern
2025-2026,20251130,13,OTT,11592,Nick Jensen,ROSTER,35.0,"6'1""",196.0,USA,"Rogers, MN",False,D,24,1,5,6,0.67,0.21,0.04,0.25,26.5,8.5,0,0,0,0,0,0,0,0,0,0,0,0,0,0.0,-5,52,16,6.2,24,18,18,18,52,25,5,0,0,0,0.0,3,6,1,2,0,578,306,101,172,25047,5250,1447,18350,OTT,Atlantic,Eastern
2025-2026,20251130,25,MIN,53012,David Jiricek,ASSIGNED_TO_MINORS,22.0,"6'3""",189.0,Czech Republic,Klatovy,True,D,12,0,0,0,0.75,0.0,0.0,0.0,6.5,11.3,0,0,0,0,0,0,0,0,0,0,0,0,0,0.0,-3,26,9,0.0,6,12,5,4,18,11,3,0,0,0,0.0,4,8,0,0,0,180,129,20,31,8732,896,349,7487,MIN,Central,Western
2025-2026,20251130,16,DET,30079,Albert Johansson,ROSTER,24.0,"6'0""",168.0,Sweden,Karlstad,True,D,26,0,2,2,0.85,0.08,0.0,0.08,34.6,5.7,0,0,0,0,0,0,0,0,0,0,0,0,0,0.0,-11,69,22,0.0,30,31,16,27,33,23,6,0,0,0,0.0,2,4,7,14,0,581,368,78,135,24605,3569,1175,19861,DET,Atlantic,Eastern
2025-2026,20251130,25,MIN,4882,Marcus Johansson,ROSTER,35.0,"6'1""",205.0,Sweden,Landskrona,False,LW,26,8,12,20,1.42,0.46,0.31,0.77,10.5,8.5,2,3,2,5,0,1,1,2,0,1,0,0,0,0.0,9,73,37,21.6,8,19,16,11,25,21,10,10,5,5,50.0,3,6,2,4,0,514,254,162,106,25208,6916,2670,15622,MIN,Central,Western
2025-2026,20251130,19,CBJ,37970,Kent Johnson,ROSTER,23.0,"6'1""",168.0,Canada,"Port Moody, BC",True,C,24,2,3,5,1.75,0.12,0.08,0.21,13.0,2.8,0,0,0,0,0,0,0,0,0,0,3,1,2,66.67,-12,78,42,4.8,14,21,15,3,15,17,5,1,0,1,0.0,1,2,1,2,0,408,254,77,79,21013,4555,1092,15704,CBJ,Metropolitan,Eastern
2025-2026,20251130,15,BUF,34471,Ryan Johnson,ASSIGNED_TO_MINORS,24.0,"6'0""",170.0,USA,"Newport Beach, CA",True,D,3,0,0,0,0.0,0.0,0.0,0.0,3.2,2.8,0,0,0,0,0,0,0,0,0,0,0,0,0,0.0,0,4,0,0.0,3,2,2,2,6,2,2,0,0,0,0.0,1,2,0,0,0,34,14,7,13,1620,229,107,1284,BUF,Atlantic,Eastern
2025-2026,20251130,29,ANA,9081,Ross Johnston,ROSTER,31.0,"6'5""",235.0,Canada,"Charlottetown, PE",False,LW,23,1,4,5,0.39,0.17,0.04,0.22,26.2,76.6,0,0,0,0,0,0,0,0,0,0,0,0,0,0.0,-2,23,9,11.1,7,4,10,61,21,9,2,4,1,3,25.0,10,46,7,32,6,294,157,61,78,12372,2375,429,9571,ANA,Pacific,Western
2025-2026,20251130,27,DAL,34837,Wyatt Johnston,ROSTER,22.0,"6'1""",178.0,Canada,"Toronto, ON",True,C,25,13,13,26,2.84,0.52,0.52,1.04,20.4,8.5,4,9,6,15,0,0,0,3,0,0,2,0,1,50.0,-5,127,71,18.3,20,32,24,10,30,15,7,280,140,140,50.0,3,6,4,8,0,602,418,135,57,31275,8436,1467,21069,DAL,Central,Western
2025-2026,20251130,11,BOS,13644,Henri Jokiharju,ROSTER,26.0,"6'0""",195.0,Finland,Oulu,False,D,25,0,6,6,0.88,0.24,0.0,0.24,20.6,14.2,0,0,2,2,0,0,0,0,0,0,0,0,0,0.0,-5,73,22,0.0,19,30,21,13,42,31,4,0,0,0,0.0,5,10,2,4,0,581,341,125,115,26087,4547,2612,18928,BOS,Atlantic,Eastern
2025-2026,20251130,25,MIN,18220,Ben Jones,ROSTER,26.0,"6'0""",187.0,Canada,"Waterloo, ON",False,C,13,0,0,0,0.85,0.0,0.0,0.0,13.5,0.0,0,0,0,0,0,0,0,0,0,0,0,0,0,0.0,-5,21,11,0.0,5,6,4,28,7,3,1,82,48,34,58.5,0,0,2,4,0,148,90,42,16,6853,1316,582,4957,MIN,Central,Western
2025-2026,20251130,10,PIT,15433,Caleb Jones,INJURY_LIST,28.0,"6'1""",194.0,USA,"Arlington, TX",False,D,7,0,1,1,0.71,0.14,0.0,0.14,16.2,0.0,0,0,0,0,0,0,0,0,0,0,0,0,0,0.0,1,17,5,0.0,15,6,6,10,14,4,1,0,0,0,0.0,0,0,1,2,0,144,78,22,39,7212,1036,445,5407,PIT,Metropolitan,Eastern
2025-2026,20251130,4,FLO,5243,Seth Jones,ROSTER,31.0,"6'4""",209.0,USA,"Arlington, TX",False,D,24,3,10,13,1.67,0.42,0.12,0.54,34.0,12.7,1,3,5,8,0,0,0,0,0,0,0,0,0,0.0,-5,117,40,7.5,30,37,40,25,30,29,7,0,0,0,0.0,4,10,4,8,0,669,317,130,223,34003,6239,2019,25745,FLA,,
2025-2026,20251130,17,STL,15228,Mathieu Joseph,ROSTER,28.0,"6'1""",190.0,Canada,"Chambly, QC",False,RW,20,2,5,7,1.05,0.25,0.1,0.35,22.8,5.7,0,0,0,0,1,0,1,1,0,0,0,0,0,0.0,-1,41,21,9.5,12,5,15,38,19,12,7,8,3,5,37.5,2,4,4,8,0,348,192,84,74,15351,2752,1583,11016,STL,Central,Western
2025-2026,20251130,21,VAN,13638,Pierre-Olivier Joseph,ROSTER,26.0,"6'2""",185.0,Canada,"Chambly, QC",True,D,11,0,1,1,0.82,0.09,0.0,0.09,8.2,2.8,0,0,0,0,0,0,0,0,0,0,0,0,0,0.0,-6,20,9,0.0,8,10,1,4,10,3,2,15,11,4,73.3,1,2,1,2,0,198,123,31,44,8015,850,480,6685,VAN,Pacific,Western
2025-2026,20251130,12,TOR,18183,Dakota Joshua,ROSTER,29.0,"6'2""",183.0,USA,"Dearborn, MI",False,C,24,3,3,6,0.88,0.12,0.12,0.25,44.8,14.1,1,0,0,0,0,0,0,0,0,0,0,0,0,0.0,-5,39,21,14.3,21,8,10,81,19,10,5,12,2,10,16.7,3,14,5,10,0,434,235,106,96,17868,3924,1779,12165,TOR,Atlantic,Eastern
2025-2026,20251130,18,NSH,5042,Roman Josi,ROSTER,35.0,"6'1""",201.0,Switzerland,Bern,False,D,13,2,6,8,2.62,0.46,0.15,0.62,18.3,14.2,0,0,2,2,0,0,0,0,0,0,0,0,0,0.0,-8,76,34,5.9,19,32,10,6,29,17,3,0,0,0,0.0,5,10,3,6,0,346,174,69,105,18553,5200,1573,11780,NSH,Central,Western
2025-2026,20251130,18,NSH,9636,Tyson Jost,ROSTER,27.0,"5'11""",187.0,Canada,"St. Albert, AB",False,C,19,1,2,3,1.0,0.11,0.05,0.16,13.6,8.5,0,0,0,0,0,0,0,0,0,0,0,0,0,0.0,-9,34,19,5.3,7,8,7,23,22,7,9,24,12,12,50.0,3,6,4,8,0,307,162,51,96,13955,1461,895,11597,NSH,Central,Western
2025-2026,20251130,6,PHI,5621,Noah Juulsen,ROSTER,28.0,"6'2""",193.0,Canada,"Surrey, BC",False,D,21,0,2,2,0.57,0.1,0.0,0.1,26.4,5.7,0,0,0,0,0,0,0,0,0,0,0,0,0,0.0,2,34,12,0.0,15,15,7,41,48,18,2,0,0,0,0.0,2,4,4,8,0,418,221,45,152,17248,1552,568,15180,PHI,Metropolitan,Eastern
2025-2026,20251130,23,CGY,4766,Nazem Kadri,ROSTER,35.0,"6'0""",192.0,Canada,"London, ON",False,C,26,5,16,21,3.46,0.62,0.19,0.81,14.7,11.3,1,1,7,8,0,0,0,1,0,0,2,0,2,100.0,-10,183,90,5.6,9,56,37,21,26,29,6,320,155,165,48.4,4,8,10,20,0,584,311,139,141,31411,11080,2776,17936,CGY,Pacific,Western
2025-2026,20251130,20,CHI,56352,Wyatt Kaiser,ROSTER,23.0,"6'0""",173.0,USA,"Ham Lake, MN",False,D,24,0,4,4,0.96,0.17,0.0,0.17,23.6,19.8,0,0,0,0,0,0,0,0,0,0,0,0,0,0.0,7,54,23,0.0,21,15,16,17,56,35,13,0,0,0,0.0,7,14,5,10,0,585,321,51,208,27806,2370,423,24823,CHI,Central,Western
2025-2026,20251130,143,SEA,17126,Kaapo Kakko,ROSTER,24.0,"6'3""",199.0,Finland,Turku,False,RW,8,1,0,1,1.12,0.0,0.12,0.12,2.7,5.7,0,0,0,0,0,0,0,0,0,0,1,0,0,0.0,-1,20,9,11.1,2,5,6,3,2,7,2,2,0,2,0.0,2,4,2,4,0,143,76,36,26,6282,1053,464,4522,SEA,Pacific,Western
2025-2026,20251130,13,OTT,28484,Arthur Kaliyev,ASSIGNED_TO_MINORS,24.0,"6'2""",190.0,USA,"Tashkent, Uzbekistan",True,RW,2,0,1,1,2.0,0.5,0.0,0.5,0.0,0.0,0,0,1,1,0,0,0,0,0,0,0,0,0,0.0,0,8,4,0.0,0,3,1,0,0,2,0,0,0,0,0.0,0,0,0,0,0,28,14,9,5,1273,251,119,903,OTT,Atlantic,Eastern
2025-2026,20251130,21,VAN,12501,David Kampf,ROSTER,30.0,"6'2""",188.0,Czech Republic,Jirkov,False,C,5,0,0,0,1.2,0.0,0.0,0.0,6.3,2.8,0,0,0,0,0,0,0,0,0,0,0,0,0,0.0,1,11,6,0.0,5,2,3,6,4,3,0,71,31,40,43.7,1,2,1,2,0,100,57,23,20,4390,695,252,3443,VAN,Pacific,Western
2025-2026,20251130,21,VAN,4656,Evander Kane,ROSTER,34.0,"6'2""",210.0,Canada,"Vancouver, BC",False,LW,26,5,9,14,2.73,0.35,0.19,0.54,26.8,56.6,1,2,2,4,0,0,0,0,0,0,0,0,0,0.0,-5,156,71,7.0,12,45,40,50,28,24,7,21,7,14,33.3,18,44,12,24,0,540,243,169,133,27814,6822,4179,16813,VAN,Pacific,Western
2025-2026,20251130,16,DET,4265,Patrick Kane,ROSTER,37.0,"5'10""",177.0,USA,"Buffalo, NY",False,RW,17,3,11,14,2.94,0.65,0.18,0.82,5.6,5.7,1,1,6,7,0,0,0,1,0,0,1,0,0,0.0,-12,86,50,6.0,5,10,26,4,10,17,0,1,0,1,0.0,2,4,3,6,0,345,178,93,77,17881,6625,1288,9968,DET,Atlantic,Eastern
2025-2026,20251130,24,EDM,5428,Kasperi Kapanen,ROSTER,29.0,"6'1""",194.0,Finland,Kuopio,False,RW,6,0,2,2,0.67,0.33,0.0,0.33,8.7,0.0,0,0,0,0,0,0,0,0,0,0,1,1,0,0.0,-2,10,4,0.0,4,5,1,16,6,4,1,1,0,1,0.0,0,0,0,0,0,92,50,26,16,4423,1059,447,2917,EDM,Pacific,Western
2025-2026,20251130,14,MTL,37995,Oliver Kapanen,ROSTER,22.0,"6'1""",182.0,Sweden,"Sundsvall, Sweden",True,C,24,7,6,13,1.33,0.25,0.29,0.54,18.5,11.3,2,0,0,0,1,0,1,1,0,0,0,0,0,0.0,2,53,32,21.9,17,9,12,12,20,8,4,173,84,89,48.6,4,8,2,4,0,405,216,33,163,18902,1640,83,17179,MTL,Atlantic,Eastern
2025-2026,20251130,25,MIN,5730,Kirill Kaprizov,ROSTER,28.0,"5'10""",192.0,Russia,Novokuznetsk,False,LW,26,17,14,31,3.42,0.54,0.65,1.19,11.9,8.5,5,7,4,11,0,0,0,2,0,2,4,0,1,25.0,1,169,89,19.1,10,33,47,10,19,39,5,1,0,1,0.0,3,6,8,16,0,558,278,205,92,35101,8688,3958,22533,MIN,Central,Western
2025-2026,20251130,10,PIT,4660,Erik Karlsson,ROSTER,35.0,"6'0""",190.0,Sweden,Landsbro,False,D,24,1,14,15,1.83,0.58,0.04,0.62,22.9,8.5,0,0,3,3,0,0,0,0,0,0,0,0,0,0.0,5,123,44,2.3,26,48,33,2,29,39,13,0,0,0,0.0,3,6,3,6,0,594,275,188,123,33824,7367,3827,22179,PIT,Metropolitan,Eastern
2025-2026,20251130,21,VAN,39290,Linus Karlsson,ROSTER,26.0,"6'1""",178.0,Sweden,Eksjö,True,C,23,4,4,8,1.57,0.17,0.17,0.35,12.6,16.9,1,0,0,0,0,0,0,1,0,0,0,0,0,0.0,-4,67,36,11.1,5,11,20,25,13,13,3,17,5,12,29.4,4,16,6,12,0,333,194,69,74,13670,1620,1077,10973,VAN,Pacific,Western
2025-2026,20251130,142,VGK,5459,William Karlsson,ROSTER,32.0,"6'0""",195.0,Sweden,Märsta,False,C,14,4,3,7,2.14,0.21,0.29,0.5,12.1,5.7,1,1,0,1,1,0,1,1,0,0,0,0,0,0.0,-1,48,30,13.3,13,10,8,3,15,11,3,158,91,67,57.6,2,4,1,2,0,274,129,99,51,12723,3172,1891,7648,VGK,Pacific,Western
2025-2026,20251130,143,SEA,37962,Tye Kartye,ROSTER,24.0,"5'11""",202.0,Canada,"Kingston, ON",True,LW,24,2,2,4,0.62,0.08,0.08,0.17,34.8,15.6,0,0,0,0,0,0,0,0,0,0,0,0,0,0.0,-4,41,15,13.3,19,14,12,56,26,14,6,7,1,6,14.3,3,9,4,11,1,397,225,60,113,16576,1470,417,14637,SEA,Pacific,Western
2025-2026,20251130,16,DET,43336,Marco Kasper,ROSTER,21.0,"6'1""",187.0,Austria,Innsbruck,True,C,26,3,0,3,1.65,0.0,0.12,0.12,35.9,29.7,1,1,0,1,0,0,0,0,0,0,0,0,0,0.0,-11,79,43,7.0,16,15,21,67,38,21,4,219,102,117,46.6,6,23,3,9,1,495,346,56,96,22556,3123,204,19229,DET,Atlantic,Eastern
2025-2026,20251130,11,BOS,13659,Mark Kastelic,ROSTER,26.0,"6'4""",223.0,USA,"Phoenix, AZ",False,C,27,4,4,8,1.26,0.15,0.15,0.3,47.5,53.8,1,0,1,1,0,0,0,1,0,0,0,0,0,0.0,4,80,34,11.8,30,20,26,66,30,13,11,211,121,90,57.3,12,38,12,30,2,522,242,187,97,22219,3438,2203,16578,BOS,Atlantic,Eastern
2025-2026,20251130,1,TBL,11818,Boris Katchouk,ASSIGNED_TO_MINORS,27.0,"6'1""",179.0,Canada,"Vancouver, BC",False,LW,3,0,0,0,0.0,0.0,0.0,0.0,3.4,0.0,0,0,0,0,0,0,0,0,0,0,0,0,0,0.0,0,1,0,0.0,2,0,1,5,4,0,0,19,7,12,36.8,0,0,0,0,0,49,21,12,16,2194,537,106,1551,TBL,Atlantic,Eastern
2025-2026,20251130,30,UTA,9633,Clayton Keller,ROSTER,27.0,"5'10""",170.0,USA,"Chesterfield, MO",False,RW,26,8,13,21,2.96,0.5,0.31,0.81,11.1,11.3,2,0,7,7,0,0,0,2,0,1,0,0,0,0.0,-1,130,77,10.4,11,20,33,5,22,35,7,6,4,2,66.7,4,8,7,14,0,586,326,124,144,29588,5291,2364,21933,UTA,Central,Western
2025-2026,20251130,22,COL,15189,Parker Kelly,ROSTER,26.0,"6'0""",188.0,Canada,"Camrose, AB",False,C,25,5,6,11,1.44,0.24,0.2,0.44,32.9,14.2,1,0,0,0,1,0,1,1,0,0,0,0,0,0.0,9,61,36,13.9,16,14,11,58,27,15,2,52,19,33,36.5,5,10,5,10,0,435,217,90,133,18215,2326,1415,14474,COL,Central,Western
2025-2026,20251130,18,NSH,43362,Joakim Kemell,ROSTER,21.0,"5'10""",185.0,Finland,Jyväskylän mlk,True,RW,2,0,0,0,0.5,0.0,0.0,0.0,2.2,0.0,0,0,0,0,0,0,0,0,0,0,0,0,0,0.0,0,5,1,0.0,1,3,1,4,1,0,0,1,0,1,0.0,0,0,0,0,0,28,18,10,0,1328,512,60,756,NSH,Central,Western
2025-2026,20251130,28,LAK,11731,Adrian Kempe,ROSTER,29.0,"6'2""",201.0,Sweden,Kramfors,False,RW,25,8,14,22,3.24,0.56,0.32,0.88,29.6,22.7,2,1,4,5,0,0,0,4,0,3,6,0,2,33.33,5,182,81,9.9,16,65,36,48,20,20,9,32,12,20,37.5,8,16,3,6,0,537,285,166,96,29437,7177,3711,18934,LAK,Pacific,Western
2025-2026,20251130,23,CGY,37958,Rory Kerins,ASSIGNED_TO_MINORS,23.0,"5'10""",175.0,Canada,"Caledon, ON",True,C,2,0,0,0,0.5,0.0,0.0,0.0,2.9,0.0,0,0,0,0,0,0,0,0,0,0,0,0,0,0.0,-1,6,1,0.0,3,1,4,1,3,1,0,3,0,3,0.0,0,0,0,0,0,38,32,4,2,1902,293,106,1503,CGY,Pacific,Western
2025-2026,20251130,17,STL,38651,Matthew Kessel,ROSTER,25.0,"6'2""",205.0,USA,"Phoenix, AZ",True,D,15,2,0,2,0.53,0.0,0.13,0.13,7.7,5.7,0,0,0,0,0,0,0,1,0,0,0,0,0,0.0,-1,23,8,25.0,7,8,7,5,22,9,1,0,0,0,0.0,2,4,1,2,0,240,196,20,26,10405,1385,283,8737,STL,Central,Western
2025-2026,20251130,15,BUF,34838,Michael Kesselring,ROSTER,25.0,"6'4""",190.0,USA,"New Hampton, NH",True,D,9,0,0,0,1.11,0.0,0.0,0.0,10.0,2.8,0,0,0,0,0,0,0,0,0,0,0,0,0,0.0,-3,30,10,0.0,9,10,10,7,13,17,1,0,0,0,0.0,1,2,0,0,0,189,124,10,55,8429,631,145,7653,BUF,Atlantic,Eastern
2025-2026,20251130,11,BOS,38009,Marat Khusnutdinov,ROSTER,23.0,"5'11""",176.0,Russia,Moskva,True,C,22,3,3,6,0.91,0.14,0.14,0.27,14.1,11.3,1,0,1,1,0,0,0,1,0,1,1,0,1,100.0,-4,42,20,15.0,11,9,13,14,13,11,7,64,33,31,51.6,4,8,7,14,0,393,263,99,35,18329,4503,962,13054,BOS,Atlantic,Eastern
2025-2026,20251130,29,ANA,5165,Alex Killorn,ROSTER,36.0,"6'1""",197.0,Canada,"Halifax, NS",False,LW,24,1,7,8,1.67,0.29,0.04,0.33,17.9,8.5,0,0,1,1,0,0,0,0,0,0,0,0,0,0.0,0,78,40,2.5,12,16,22,23,20,19,8,50,20,30,40.0,3,6,5,10,0,530,260,131,139,23859,7414,1718,14665,ANA,Pacific,Western
2025-2026,20251130,10,PIT,167594,Benjamin Kindel,ROSTER,18.0,"5'11""",181.0,Canada,"Coquitlam, BC",True,C,21,6,3,9,2.0,0.14,0.29,0.43,21.3,8.5,2,3,3,6,0,0,0,0,0,0,0,0,0,0.0,-7,78,42,14.3,21,19,17,10,28,25,4,124,57,67,46.0,3,6,4,8,0,378,319,51,8,19137,3943,870,13964,PIT,Metropolitan,Eastern
2025-2026,20251130,23,CGY,12019,Justin Kirkland,ASSIGNED_TO_MINORS,29.0,"6'3""",193.0,Canada,"Winnipeg, MB",False,C,9,0,1,1,0.56,0.11,0.0,0.11,6.9,0.0,0,0,0,0,0,0,0,0,0,0,2,1,0,0.0,-1,14,5,0.0,3,4,5,13,8,3,1,66,36,30,54.5,0,0,0,0,0,136,74,22,40,5168,670,275,4223,CGY,Pacific,Western
2025-2026,20251130,22,COL,17372,Joel Kiviranta,ROSTER,29.0,"5'10""",175.0,Finland,Vantaa,False,LW,8,1,1,2,0.88,0.12,0.12,0.25,6.5,2.8,0,0,0,0,0,0,0,0,0,0,0,0,0,0.0,3,10,7,14.3,3,2,1,12,13,4,0,2,2,0,100.0,1,2,1,4,0,125,74,21,31,5248,911,137,4200,COL,Central,Western
2025-2026,20251130,23,CGY,39261,Adam Klapka,ROSTER,25.0,"6'8""",245.0,Czech Republic,Praha,True,RW,25,2,3,5,0.96,0.12,0.08,0.2,39.4,69.4,0,0,1,1,0,0,0,0,0,0,0,0,0,0.0,-2,56,24,8.3,14,14,18,83,25,7,3,11,3,8,27.3,15,47,7,23,3,352,287,48,19,15354,2963,305,12084,CGY,Pacific,Western
2025-2026,20251130,13,OTT,38006,Tyler Kleven,ROSTER,23.0,"6'4""",200.0,USA,"Fargo, ND",True,D,22,0,2,2,1.27,0.09,0.0,0.09,42.0,15.6,0,0,0,0,0,0,0,0,0,0,0,0,0,0.0,-8,56,28,0.0,39,15,13,26,36,29,5,0,0,0,0.0,3,9,3,9,1,541,357,87,97,22724,2814,1304,18606,OTT,Atlantic,Eastern
2025-2026,20251130,26,SJS,5484,John Klingberg,ROSTER,33.0,"6'3""",185.0,Sweden,Gothenburg,False,D,17,3,4,7,1.59,0.24,0.18,0.41,23.4,17.0,1,3,2,5,0,0,0,0,0,0,0,0,0,0.0,-3,64,27,11.1,23,27,10,11,26,20,3,0,0,0,0.0,6,12,3,6,0,376,200,99,80,21455,6023,1367,14065,SJS,Pacific,Western
2025-2026,20251130,12,TOR,37990,Matthew Knies,ROSTER,23.0,"6'3""",205.0,USA,"Phoenix, AZ",True,LW,22,6,20,26,2.23,0.91,0.27,1.18,28.6,11.3,2,2,0,2,0,0,0,0,0,0,0,0,0,0.0,2,75,49,12.2,11,16,10,58,11,20,6,0,0,0,0.0,4,8,6,12,0,519,393,80,53,26987,6431,1581,18977,TOR,Atlantic,Eastern
2025-2026,20251130,2,WPJ,30052,Cole Koepke,ROSTER,27.0,"6'1""",195.0,USA,"Two Harbors, MN",True,LW,16,0,2,2,0.88,0.12,0.0,0.12,20.6,11.3,0,0,0,0,0,0,0,0,0,0,0,0,0,0.0,-5,28,14,0.0,4,3,11,52,9,7,6,0,0,0,0.0,2,12,4,8,0,235,152,61,22,9570,1614,856,7100,WPG,,
2025-2026,20251130,10,PIT,32282,Ville Koivunen,ROSTER,22.0,"5'11""",161.0,Finland,Oulu,True,RW,14,0,2,2,0.93,0.14,0.0,0.14,6.3,0.0,0,0,1,1,0,0,0,0,0,0,1,0,0,0.0,-3,31,13,0.0,7,15,4,1,15,7,1,0,0,0,0.0,0,0,0,0,0,216,131,39,39,10496,1675,384,8074,PIT,Metropolitan,Eastern
2025-2026,20251130,142,VGK,17370,Keegan Kolesar,ROSTER,28.0,"6'2""",216.0,Canada,"Winnipeg, MB",True,RW,25,0,4,4,0.88,0.16,0.0,0.16,37.2,28.4,0,0,0,0,0,0,0,0,0,0,0,0,0,0.0,-7,38,22,0.0,18,7,9,66,35,12,2,11,4,7,36.4,5,16,3,12,2,401,212,122,68,16286,3079,1856,11339,VGK,Pacific,Western
2025-2026,20251130,27,DAL,30033,Vladislav Kolyachonok,ROSTER,24.0,"6'1""",189.0,Belarus,Minsk,True,D,6,1,1,2,0.83,0.17,0.17,0.33,1.8,2.8,0,0,0,0,0,0,0,1,0,0,0,0,0,0.0,2,8,5,20.0,1,2,1,3,9,1,1,0,0,0,0.0,1,2,0,0,0,90,71,11,9,3969,869,282,2818,DAL,Central,Western
2025-2026,20251130,6,PHI,5619,Travis Konecny,ROSTER,28.0,"5'10""",175.0,Canada,"London, ON",False,RW,24,5,14,19,2.0,0.58,0.21,0.79,27.3,26.9,1,0,3,3,1,0,1,1,0,0,2,0,1,50.0,7,89,48,10.4,18,19,22,36,23,37,9,26,8,18,30.8,7,17,8,19,1,580,288,129,170,27427,4540,1675,21404,PHI,Metropolitan,Eastern
2025-2026,20251130,28,LAK,4033,Anze Kopitar,ROSTER,38.0,"6'3""",225.0,Slovenia,Jesenice,False,C,21,5,8,13,1.57,0.38,0.24,0.62,21.1,5.7,1,3,3,6,0,0,0,0,0,0,0,0,0,0.0,8,68,33,15.2,20,12,23,12,15,22,6,373,209,164,56.0,2,4,4,8,0,439,232,116,96,23586,8338,2151,13097,LAK,Pacific,Western
2025-2026,20251130,10,PIT,17958,Joona Koppanen,ROSTER,27.0,"6'5""",194.0,Finland,Tampere,False,LW,10,0,1,1,0.6,0.1,0.0,0.1,6.4,2.8,0,0,0,0,0,0,0,0,0,0,0,0,0,0.0,-1,16,6,0.0,4,2,8,9,11,4,2,25,12,13,48.0,1,2,1,2,0,170,79,39,52,7480,1383,573,5524,PIT,Metropolitan,Eastern
2025-2026,20251130,142,VGK,17144,Kaedan Korczak,ROSTER,24.0,"6'3""",192.0,Canada,"Yorkton, SK",True,D,25,2,1,3,0.84,0.04,0.08,0.12,47.4,22.7,0,0,0,0,0,0,0,0,0,0,0,0,0,0.0,8,55,21,9.5,38,19,15,45,45,29,2,0,0,0,0.0,8,16,3,6,0,518,338,132,50,23642,4038,1895,17709,VGK,Pacific,Western
2025-2026,20251130,3,CAR,14526,Jesperi Kotkaniemi,ROSTER,25.0,"6'2""",198.0,Finland,Pori,False,C,15,2,3,5,1.13,0.2,0.13,0.33,18.0,0.0,0,0,0,0,0,0,0,0,0,0,0,0,0,0.0,3,29,17,11.8,11,6,6,26,16,10,2,115,54,61,47.0,0,0,4,8,0,214,110,59,47,9372,642,767,7963,CAR,Metropolitan,Eastern
2025-2026,20251130,15,BUF,34472,Tyson Kozak,ROSTER,22.0,"5'11""",173.0,Canada,"Souris, MB",True,C,19,2,2,4,0.84,0.11,0.11,0.21,32.9,2.8,0,0,0,0,0,0,0,0,0,0,0,0,0,0.0,-3,30,16,12.5,18,8,6,53,18,11,6,213,103,110,48.4,1,2,2,4,0,346,238,54,56,14140,2264,289,11587,BUF,Atlantic,Eastern
2025-2026,20251130,15,BUF,17149,Peyton Krebs,ROSTER,24.0,"5'11""",180.0,Canada,"Okotoks, AB",True,C,25,0,7,7,1.08,0.28,0.0,0.28,32.9,46.7,0,0,1,1,0,0,0,0,0,0,0,0,0,0.0,-8,51,27,0.0,16,14,10,58,27,19,8,194,83,111,42.8,9,34,8,22,2,467,287,62,118,20208,2258,772,17178,BUF,Atlantic,Eastern
2025-2026,20251130,29,ANA,5104,Chris Kreider,ROSTER,34.0,"6'3""",217.0,USA,"Boxford, MA",False,LW,20,11,6,17,2.25,0.3,0.55,0.85,7.5,14.2,3,6,2,8,0,0,0,1,0,0,0,0,0,0.0,3,85,45,24.4,6,20,20,7,6,18,3,9,4,5,44.4,5,10,2,4,0,426,248,109,80,20239,6791,1247,12201,ANA,Pacific,Western
2025-2026,20251130,1,TBL,5300,Nikita Kucherov,ROSTER,32.0,"5'11""",180.0,Russia,Moscow,False,RW,23,11,21,32,3.04,0.91,0.48,1.39,9.2,12.7,3,3,5,8,0,0,0,3,0,1,0,0,0,0.0,7,170,70,15.7,8,53,47,7,16,38,7,0,0,0,0.0,4,10,9,18,0,509,274,132,116,28111,9456,2702,15868,TBL,Atlantic,Eastern
2025-2026,20251130,24,EDM,5554,Brett Kulak,ROSTER,31.0,"6'2""",197.0,Canada,"Stony Plain, AB",False,D,26,0,2,2,1.15,0.08,0.0,0.08,26.7,14.2,0,0,0,0,0,0,0,0,0,0,0,0,0,0.0,-10,74,30,0.0,30,31,13,3,23,13,5,0,0,0,0.0,5,10,0,0,0,557,316,85,150,27764,5226,1856,20436,EDM,Pacific,Western
2025-2026,20251130,15,BUF,43367,Jiri Kulich,ROSTER,21.0,"5'11""",178.0,Czech Republic,Kadan,True,C,12,3,2,5,1.67,0.17,0.25,0.42,13.3,5.7,1,0,0,0,0,0,0,0,0,0,0,0,0,0.0,-4,43,20,15.0,12,13,10,9,9,10,1,163,68,95,41.7,2,4,4,8,0,272,185,42,48,11782,2172,126,9484,BUF,Atlantic,Eastern
2025-2026,20251130,4,FLO,4706,Dmitry Kulikov,INJURY_LIST,35.0,"6'1""",199.0,Russia,Lipetsk,False,D,2,0,0,0,0.5,0.0,0.0,0.0,0.3,0.0,0,0,0,0,0,0,0,0,0,0,0,0,0,0.0,-1,1,1,0.0,0,0,0,1,0,2,0,0,0,0,0.0,0,0,0,0,0,34,18,7,9,1293,463,134,696,FLA,,
2025-2026,20251130,4,FLO,9641,Luke Kunin,ROSTER,27.0,"6'0""",197.0,USA,"Chesterfield, MO",False,C,19,1,1,2,0.63,0.05,0.05,0.11,29.6,8.5,0,0,0,0,0,0,0,0,0,0,0,0,0,0.0,-5,26,12,8.3,21,8,6,35,25,9,1,124,61,63,49.2,3,6,2,4,0,261,142,62,57,10996,1780,1225,7991,FLA,,
2025-2026,20251130,11,BOS,5568,Sean Kuraly,ROSTER,32.0,"6'2""",213.0,USA,"Dublin, OH",False,C,27,2,4,6,1.44,0.15,0.07,0.22,27.3,22.6,0,0,0,0,0,0,0,0,0,0,0,0,0,0.0,-1,81,39,5.1,21,19,23,28,18,20,6,283,131,152,46.3,6,20,2,4,0,507,223,95,191,22892,5915,1156,15821,BOS,Atlantic,Eastern
2025-2026,20251130,26,SJS,17991,Philipp Kurashev,ROSTER,26.0,"6'0""",190.0,Switzerland,Münsingen,False,C,24,6,7,13,1.79,0.29,0.25,0.54,15.1,11.3,2,0,0,0,0,0,0,1,0,1,2,1,1,50.0,2,78,43,14.0,8,22,13,25,18,20,4,37,18,19,48.6,4,8,4,8,0,488,248,133,114,23747,3665,1258,19018,SJS,Pacific,Western
2025-2026,20251130,28,LAK,39780,Andrei Kuzmenko,ROSTER,29.0,"5'11""",194.0,Russia,Yakutsk,True,LW,22,3,4,7,1.36,0.18,0.14,0.32,10.4,2.8,1,2,1,3,0,0,0,0,0,0,2,0,0,0.0,-3,70,30,10.0,6,23,17,16,19,25,4,0,0,0,0.0,1,2,8,16,0,339,286,52,4,19712,4142,532,15038,LAK,Pacific,Western
2025-2026,20251130,23,CGY,30014,Yan Kuznetsov,ROSTER,23.0,"6'4""",209.0,Russia,Murmansk,True,D,12,1,2,3,1.17,0.17,0.08,0.25,24.0,0.0,0,0,0,0,0,1,1,0,0,0,0,0,0,0.0,-2,28,14,7.1,21,8,6,18,20,9,2,0,0,0,0.0,0,0,1,2,0,328,215,50,65,13921,1766,514,11551,CGY,Pacific,Western
2025-2026,20251130,17,STL,13677,Jordan Kyrou,ROSTER,27.0,"6'0""",175.0,Canada,"Toronto, ON",False,RW,25,7,7,14,2.52,0.28,0.28,0.56,10.4,0.0,2,1,3,4,0,0,0,0,0,0,1,0,0,0.0,-10,133,63,11.1,11,40,30,3,21,9,9,1,0,1,0.0,0,0,8,16,0,523,294,124,112,25104,4706,1212,19186,STL,Central,Western
2025-2026,20251130,9,NYR,56552,Noah Laba,ROSTER,22.0,"6'1""",181.0,USA,"Northville, MI",False,C,27,4,3,7,0.89,0.11,0.15,0.26,23.0,17.0,1,0,1,1,0,0,0,1,0,0,0,0,0,0.0,4,54,24,16.7,18,9,21,23,30,12,4,213,109,104,51.2,6,12,2,4,0,496,390,53,46,20845,3145,308,16829,NYR,Metropolitan,Eastern
2025-2026,20251130,21,VAN,11363,Joseph Labate,ASSIGNED_TO_MINORS,32.0,"6'3""",213.0,USA,"Eagan, MN",True,C,1,0,0,0,2.0,0.0,0.0,0.0,3.7,0.0,0,0,0,0,0,0,0,0,0,0,0,0,0,0.0,-1,3,2,0.0,2,0,1,6,1,0,0,2,1,1,50.0,0,0,0,0,0,16,11,1,4,572,139,0,433,VAN,Pacific,Western
2025-2026,20251130,7,NJD,56425,Shane Lachance,ASSIGNED_TO_MINORS,22.0,"6'4""",195.0,USA,"Andover, MA",False,LW,1,0,0,0,0.0,0.0,0.0,0.0,0.3,0.0,0,0,0,0,0,0,0,0,0,0,0,0,0,0.0,0,0,0,0.0,0,0,0,1,2,0,0,1,1,0,100.0,0,0,0,0,0,10,6,2,0,445,152,0,232,NJD,Metropolitan,Eastern
2025-2026,20251130,29,ANA,38017,Jackson LaCombe,ROSTER,24.0,"6'2""",201.0,USA,"Eden Prairie, MN",True,D,24,3,11,14,2.12,0.46,0.12,0.58,43.1,5.7,1,1,3,4,0,0,0,0,0,0,0,0,0,0.0,0,129,51,5.9,43,52,26,19,49,34,19,0,0,0,0.0,2,4,4,8,0,672,361,107,208,36426,4531,1366,30528,ANA,Pacific,Western
2025-2026,20251130,28,LAK,56457,Alex Laferriere,ROSTER,24.0,"6'0""",173.0,USA,"Chatham, New Jersey",False,RW,25,6,5,11,2.16,0.2,0.24,0.44,31.5,5.7,2,0,0,0,1,0,1,1,0,0,0,0,0,0.0,-2,118,54,11.1,14,33,31,59,28,23,4,95,44,51,46.3,2,4,4,8,0,532,324,113,101,24935,3016,997,20922,LAK,Pacific,Western
2025-2026,20251130,20,CHI,17188,Sam Lafferty,ROSTER,30.0,"6'1""",195.0,USA,"Hollidaysburg, PA",True,C,10,1,0,1,0.2,0.0,0.1,0.1,4.2,14.1,0,0,0,0,0,0,0,0,0,0,0,0,0,0.0,0,6,2,50.0,1,3,1,10,8,4,0,6,4,2,66.7,3,14,0,0,0,131,71,41,20,5412,992,874,3546,CHI,Central,Western
2025-2026,20251130,9,NYR,19048,Alexis Lafrenière,ROSTER,24.0,"6'1""",193.0,Canada,"St-Eustache, QC",True,LW,27,6,8,14,1.89,0.3,0.22,0.52,30.0,8.5,2,1,1,2,0,0,0,1,0,0,0,0,0,0.0,-6,99,51,11.8,15,21,30,52,32,17,7,10,2,8,20.0,3,6,4,8,0,599,412,136,44,27793,5617,1763,19820,NYR,Metropolitan,Eastern
2025-2026,20251130,14,MTL,9628,Patrik Laine,ROSTER,27.0,"6'5""",206.0,Finland,Tampere,False,LW,5,0,1,1,1.2,0.2,0.0,0.2,0.7,2.8,0,0,0,0,0,0,0,0,0,0,0,0,0,0.0,-3,20,6,0.0,0,8,6,2,2,2,0,3,2,1,66.7,1,2,1,2,0,73,46,19,8,3782,716,426,2640,MTL,Atlantic,Eastern
2025-2026,20251130,2,WPJ,53331,Brad Lambert,ASSIGNED_TO_MINORS,21.0,"6'1""",183.0,Finland,Lahti,True,C,4,1,0,1,0.75,0.0,0.25,0.25,1.8,2.8,0,0,0,0,0,0,0,0,0,0,0,0,0,0.0,-1,6,3,33.3,1,2,1,3,3,3,0,1,0,1,0.0,1,2,0,0,0,49,35,9,6,2166,337,94,1735,WPG,,
2025-2026,20251130,7,NJD,15266,Juho Lammikko,ROSTER,29.0,"6'2""",207.0,Finland,Noormarkku,False,C,13,0,0,0,0.92,0.0,0.0,0.0,15.7,2.8,0,0,0,0,0,0,0,0,0,0,0,0,0,0.0,-2,15,12,0.0,11,0,3,19,3,3,2,73,36,37,49.3,1,2,0,0,0,182,105,43,33,7732,1686,700,5582,NJD,Metropolitan,Eastern
2025-2026,20251130,22,COL,4986,Gabriel Landeskog,ROSTER,33.0,"6'1""",215.0,Sweden,Stockholm,False,LW,25,5,7,12,1.84,0.28,0.2,0.48,17.9,32.6,1,1,1,2,0,0,0,1,0,0,0,0,0,0.0,9,95,46,10.9,7,22,27,36,26,13,8,46,24,22,52.2,9,21,5,13,1,483,242,180,66,22187,5422,3178,13587,COL,Central,Western
2025-2026,20251130,5,WSH,28519,Hendrix Lapierre,ROSTER,23.0,"6'0""",179.0,Canada,"Gatineau, QC",True,C,24,0,5,5,0.83,0.21,0.0,0.21,9.7,5.7,0,0,0,0,0,0,0,0,0,0,0,0,0,0.0,1,43,20,0.0,4,8,15,19,12,14,4,87,33,54,37.9,2,4,1,2,0,308,210,53,42,14105,2708,871,10384,WSH,Metropolitan,Eastern
2025-2026,20251130,16,DET,5829,Dylan Larkin,ROSTER,29.0,"6'1""",198.0,USA,"Waterford, MI",False,C,26,14,15,29,3.27,0.58,0.54,1.12,16.2,25.4,4,3,3,6,0,0,0,3,0,1,1,1,0,0.0,10,163,85,16.5,15,36,42,10,13,24,5,544,304,240,55.9,7,22,12,24,0,641,303,114,238,32532,6841,1630,24061,DET,Atlantic,Eastern
2025-2026,20251130,143,SEA,4989,Adam Larsson,ROSTER,33.0,"6'3""",208.0,Sweden,Skelleftea,False,D,24,1,4,5,0.96,0.17,0.04,0.21,54.6,14.2,0,0,0,0,0,0,0,1,0,0,0,0,0,0.0,-4,46,23,4.3,51,17,6,33,22,13,3,0,0,0,0.0,5,10,0,0,0,594,323,103,162,31165,5443,1528,23825,SEA,Pacific,Western
2025-2026,20251130,12,TOR,5139,Scott Laughton,ROSTER,31.0,"6'1""",190.0,Canada,"Oakville, ON",False,C,7,0,0,0,1.29,0.0,0.0,0.0,7.9,5.7,0,0,0,0,0,0,0,0,0,0,0,0,0,0.0,-3,15,9,0.0,3,0,6,16,2,5,2,85,54,31,63.5,2,4,1,2,0,149,67,41,41,5246,1393,361,3492,TOR,Atlantic,Eastern
2025-2026,20251130,142,VGK,15369,Jeremy Lauzon,ROSTER,28.0,"6'1""",204.0,Canada,"Val-dOr, QC",False,D,17,0,4,4,0.88,0.24,0.0,0.24,41.1,45.4,0,0,0,0,0,0,0,0,0,0,0,0,0,0.0,3,49,15,0.0,26,19,15,57,33,11,2,0,0,0,0.0,11,28,7,23,2,369,190,67,113,16225,2923,1094,12196,VGK,Pacific,Western
2025-2026,20251130,24,EDM,5454,Curtis Lazar,ROSTER,30.0,"6'0""",211.0,Canada,"Salmon Arm, BC",False,C,10,1,0,1,0.3,0.0,0.1,0.1,10.6,2.8,0,0,0,0,0,0,0,0,0,0,0,0,0,0.0,-3,14,3,33.3,5,4,7,19,10,0,0,42,20,22,47.6,1,2,1,2,0,146,78,46,20,5769,838,537,4353,EDM,Pacific,Western
2025-2026,20251130,26,SJS,4834,Nick Leddy,ROSTER,34.0,"6'0""",207.0,USA,"Eden Prairie, MN",False,D,10,0,2,2,0.4,0.2,0.0,0.2,14.4,5.7,0,0,0,0,0,0,0,0,0,0,0,0,0,0.0,-5,10,4,0.0,16,4,2,2,4,6,4,0,0,0,0.0,2,4,0,0,0,214,109,36,69,10387,2745,298,7344,SJS,Pacific,Western
2025-2026,20251130,8,NYI,5199,Anders Lee,ROSTER,35.0,"6'3""",231.0,USA,"Edina, MN",False,LW,25,5,8,13,2.56,0.32,0.2,0.52,22.2,29.8,1,1,1,2,0,0,0,1,0,0,0,0,0,0.0,-2,110,64,7.8,17,14,32,23,29,11,5,31,15,16,48.4,8,19,8,19,1,484,265,125,99,23289,5709,1603,15977,NYI,Metropolitan,Eastern
2025-2026,20251130,7,NJD,29745,Nathan Legare,ASSIGNED_TO_MINORS,24.0,"6'0""",205.0,Canada,"Montral, QC",True,RW,1,0,0,0,0.0,0.0,0.0,0.0,1.5,0.0,0,0,0,0,0,0,0,0,0,0,0,0,0,0.0,0,0,0,0.0,1,0,0,2,1,0,0,1,0,1,0.0,0,0,0,0,0,10,8,0,1,495,0,179,256,NJD,Metropolitan,Eastern
2025-2026,20251130,3,CAR,142373,Charles-Alexis Legault,ROSTER,22.0,"6'3""",208.0,Canada,"Montreal, QB",True,D,8,1,1,2,1.25,0.12,0.12,0.25,8.1,14.2,0,0,0,0,0,0,0,0,0,0,0,0,0,0.0,4,24,10,10.0,6,8,6,9,15,8,4,0,0,0,0.0,5,10,2,4,0,158,145,6,8,6369,1006,68,5295,CAR,Metropolitan,Eastern
2025-2026,20251130,22,COL,10064,Artturi Lehkonen,ROSTER,30.0,"6'0""",180.0,Finland,Piikkiö,False,LW,25,9,15,24,2.56,0.6,0.36,0.96,20.9,2.8,3,1,1,2,0,0,0,0,0,0,1,0,0,0.0,25,114,64,14.1,19,20,30,14,33,19,8,2,0,2,0.0,1,2,5,10,0,603,285,155,171,29945,7889,2613,19443,COL,Central,Western
2025-2026,20251130,21,VAN,56699,Jonathan Lekkerimäki,ROSTER,21.0,"5'10""",165.0,Sweden,Huddinge,False,RW,5,1,0,1,0.8,0.0,0.2,0.2,3.7,0.0,0,0,0,0,0,0,0,0,0,0,0,0,0,0.0,0,9,4,25.0,2,3,2,6,5,3,0,0,0,0,0.0,0,0,2,4,0,67,54,7,7,3180,426,111,2643,VAN,Pacific,Western
2025-2026,20251130,5,WSH,142776,Ryan Leonard,ROSTER,,,,,,False,RW,25,5,7,12,2.0,0.28,0.2,0.48,19.6,14.2,1,1,1,2,0,0,0,2,0,0,1,1,0,0.0,4,114,50,10.0,9,39,25,36,35,29,7,9,5,4,55.6,5,10,13,26,0,426,371,45,10,20210,3330,266,16411,WSH,Metropolitan,Eastern
2025-2026,20251130,10,PIT,4030,Kris Letang,ROSTER,38.0,"6'0""",201.0,Canada,"Montreal, QC",False,D,24,2,8,10,1.58,0.33,0.08,0.42,36.2,9.9,0,1,3,4,0,0,0,1,0,1,0,0,0,0.0,2,87,38,5.3,31,31,18,29,42,27,6,0,0,0,0.0,3,8,1,2,0,565,275,119,163,31308,6909,2577,21286,PIT,Metropolitan,Eastern
2025-2026,20251130,20,CHI,142389,Artyom Levshunov,ROSTER,,,,,,False,D,23,1,11,12,1.13,0.48,0.04,0.52,26.5,22.7,0,0,6,6,0,0,0,0,0,0,0,0,0,0.0,0,55,26,3.8,22,18,11,23,39,31,6,0,0,0,0.0,8,16,3,6,0,427,361,50,12,22884,4360,569,17699,CHI,Central,Western
2025-2026,20251130,26,SJS,15133,Timothy Liljegren,ROSTER,26.0,"6'0""",190.0,Sweden,Kristianstad,False,D,20,0,4,4,0.65,0.2,0.0,0.2,45.4,19.8,0,0,0,0,0,0,0,0,0,0,0,0,0,0.0,-6,44,13,0.0,46,21,10,18,35,20,3,0,0,0,0.0,7,14,2,4,0,491,262,91,138,24513,3436,596,20481,SJS,Pacific,Western
2025-2026,20251130,27,DAL,5910,Esa Lindell,ROSTER,31.0,"6'3""",215.0,Finland,Helsinki,False,D,25,3,5,8,1.08,0.2,0.12,0.32,45.2,8.5,1,0,0,0,0,0,0,0,0,0,0,0,0,0.0,11,63,27,11.1,47,21,15,15,48,35,10,0,0,0,0.0,3,6,1,2,0,620,309,159,150,35046,8063,2267,24470,DAL,Central,Western
2025-2026,20251130,143,SEA,14122,Ryan Lindgren,ROSTER,27.0,"6'0""",191.0,USA,"Minneapolis, MN",False,D,24,0,3,3,0.67,0.12,0.0,0.12,37.4,43.9,0,0,0,0,0,0,0,0,0,0,0,0,0,0.0,0,56,16,0.0,39,24,16,12,22,25,2,0,0,0,0.0,11,33,3,9,1,577,339,119,111,27124,4118,1634,21052,SEA,Pacific,Western
2025-2026,20251130,11,BOS,5260,Elias Lindholm,ROSTER,30.0,"6'1""",195.0,Sweden,Boden,False,C,17,4,9,13,1.59,0.53,0.24,0.76,20.3,14.2,1,4,4,8,0,0,0,1,0,0,0,0,0,0.0,-2,59,27,14.8,16,18,14,20,5,16,3,286,161,125,56.3,5,10,2,4,0,357,172,63,126,17569,4822,518,12229,BOS,Atlantic,Eastern
2025-2026,20251130,11,BOS,5228,Hampus Lindholm,ROSTER,31.0,"6'3""",208.0,Sweden,Helsingborg,False,D,19,1,6,7,1.42,0.32,0.05,0.37,28.4,28.3,0,1,2,3,0,0,0,0,0,0,0,0,0,0.0,-8,69,27,3.7,32,27,15,3,32,19,5,0,0,0,0.0,9,22,4,8,0,514,278,92,145,24918,5764,898,18256,BOS,Atlantic,Eastern
2025-2026,20251130,10,PIT,15998,Blake Lizotte,ROSTER,27.0,"5'7""",175.0,USA,"Lindstro, MN",True,C,24,3,1,4,1.29,0.04,0.12,0.17,14.3,7.1,1,0,0,0,0,0,0,0,0,0,0,0,0,0.0,1,53,31,9.7,9,10,14,20,41,17,6,219,105,114,47.9,2,6,1,2,0,472,286,128,53,20045,3457,2149,14163,PIT,Metropolitan,Eastern
2025-2026,20251130,11,BOS,38000,Mason Lohrei,ROSTER,24.0,"6'4""",195.0,USA,"Verona, WI",True,D,22,2,8,10,0.68,0.36,0.09,0.45,24.2,5.7,0,1,2,3,0,0,0,0,0,0,0,0,0,0.0,1,63,15,13.3,24,29,19,11,39,27,6,0,0,0,0.0,2,4,1,2,0,491,360,96,37,22330,3797,804,17729,BOS,Atlantic,Eastern
2025-2026,20251130,23,CGY,13954,Ryan Lomberg,ROSTER,30.0,"5'9""",187.0,Canada,"Richmond Hill, ON",False,LW,24,0,1,1,0.88,0.04,0.0,0.04,31.1,31.2,0,0,0,0,0,0,0,0,0,0,0,0,0,0.0,2,42,21,0.0,7,10,11,76,15,9,0,7,2,5,28.6,4,22,6,18,2,295,163,56,76,12819,2020,920,9879,CGY,Pacific,Western
2025-2026,20251130,12,TOR,5781,Steven Lorentz,ROSTER,29.0,"6'3""",192.0,Canada,"Waterloo, ON",False,C,19,2,4,6,0.89,0.21,0.11,0.32,23.8,8.4,0,0,0,0,1,0,1,0,0,0,0,0,0,0.0,-3,24,17,11.8,12,2,5,41,15,14,2,54,27,27,50.0,1,10,2,4,0,307,159,106,44,12843,2781,1963,8099,TOR,Atlantic,Eastern
2025-2026,20251130,2,WPJ,5456,Adam Lowry,ROSTER,32.0,"6'5""",210.0,USA,"St. Louis, MO",False,C,12,1,2,3,1.25,0.17,0.08,0.25,20.3,9.9,0,0,0,0,0,0,0,0,0,0,0,0,0,0.0,2,29,15,6.7,14,4,10,25,5,9,3,145,71,74,49.0,1,5,2,7,1,263,127,70,67,10049,1670,838,7541,WPG,,
2025-2026,20251130,6,PHI,142694,Jett Luchanko,ROSTER,,,,,,False,C,4,0,0,0,0.25,0.0,0.0,0.0,3.2,2.8,0,0,0,0,0,0,0,0,0,0,0,0,0,0.0,-3,2,1,0.0,3,0,1,2,5,1,0,21,11,10,52.4,1,2,1,2,0,45,40,3,2,2152,343,51,1758,PHI,Metropolitan,Eastern
2025-2026,20251130,4,FLO,30418,Anton Lundell,ROSTER,24.0,"6'1""",185.0,Finland,Espoo,True,C,24,6,13,19,2.08,0.54,0.25,0.79,24.6,14.2,2,2,5,7,1,1,2,0,0,0,2,0,1,50.0,-7,100,50,12.0,19,23,27,25,12,26,2,443,239,204,54.0,5,10,6,12,0,567,349,142,82,27775,7349,2038,18514,FLA,,
2025-2026,20251130,19,CBJ,14546,Isac Lundestrom,ROSTER,26.0,"6'0""",191.0,Sweden,Gällivare,False,C,24,0,2,2,0.67,0.08,0.0,0.08,13.6,5.7,0,0,0,0,0,0,0,0,0,0,0,0,0,0.0,-4,30,16,0.0,12,6,8,10,25,19,3,143,77,66,53.8,2,4,1,2,0,410,263,69,74,17549,2535,1270,13603,CBJ,Metropolitan,Eastern
2025-2026,20251130,27,DAL,14551,Nils Lundkvist,ROSTER,25.0,"5'11""",187.0,Sweden,Pitea,True,D,4,1,2,3,0.5,0.5,0.25,0.75,5.3,2.8,0,0,0,0,0,0,0,0,0,0,0,0,0,0.0,0,7,2,50.0,5,2,3,3,11,6,0,0,0,0,0.0,1,2,0,0,0,83,45,13,26,3839,139,126,3574,DAL,Central,Western
2025-2026,20251130,4,FLO,17339,Eetu Luostarinen,ROSTER,27.0,"6'3""",184.0,Finland,Siilinjrvi,False,C,18,3,7,10,1.78,0.39,0.17,0.56,29.3,11.3,1,1,0,1,0,1,1,0,0,0,0,0,0,0.0,3,58,32,9.4,18,10,16,42,26,12,3,16,8,8,50.0,4,8,9,20,0,395,189,121,88,18111,2926,2477,12708,FLA,,
2025-2026,20251130,13,OTT,30087,Olle Lycksell,ROSTER,26.0,"5'10""",165.0,Sweden,Oskarshamn,True,RW,6,1,0,1,1.0,0.0,0.17,0.17,3.2,0.0,0,0,0,0,0,0,0,1,0,0,0,0,0,0.0,-2,9,6,16.7,3,1,2,2,6,1,0,0,0,0,0.0,0,0,1,2,0,84,59,15,11,3711,543,417,2751,OTT,Atlantic,Eastern
2025-2026,20251130,27,DAL,15176,Ilya Lyubushkin,ROSTER,31.0,"6'2""",201.0,Russia,Moskva,False,D,17,0,4,4,0.53,0.24,0.0,0.24,35.6,25.5,0,0,0,0,0,0,0,0,0,0,0,0,0,0.0,-1,19,9,0.0,33,7,3,22,41,20,4,0,0,0,0.0,6,17,1,5,1,363,200,66,96,16778,2148,807,13777,DAL,Central,Western
2025-2026,20251130,30,UTA,5259,Olli Maatta,ROSTER,31.0,"6'2""",206.0,Finland,Jyväskylä,False,D,16,0,1,1,0.44,0.06,0.0,0.06,10.3,0.0,0,0,0,0,0,0,0,0,0,0,0,0,0,0.0,-1,16,7,0.0,12,4,5,0,38,13,2,0,0,0,0.0,0,0,0,0,0,252,166,24,62,11331,1697,483,9151,UTA,Central,Western
2025-2026,20251130,12,TOR,28458,Matias Maccelli,ROSTER,25.0,"5'11""",165.0,Finland,Turku,True,LW,22,4,5,9,0.77,0.23,0.18,0.41,7.0,5.7,1,0,0,0,0,0,0,1,0,0,0,0,0,0.0,2,39,17,23.5,7,12,10,3,17,18,5,5,3,2,60.0,2,4,3,6,0,373,239,115,23,17422,3961,1616,11845,TOR,Atlantic,Eastern
2025-2026,20251130,13,OTT,11733,Kurtis MacDermid,ROSTER,31.0,"6'5""",233.0,Canada,"Sauble Beach, ON",False,LW,8,0,0,0,0.25,0.0,0.0,0.0,6.1,28.4,0,0,0,0,0,0,0,0,0,0,0,0,0,0.0,-3,2,2,0.0,4,0,0,8,2,1,0,0,0,0,0.0,5,16,4,14,2,67,31,23,13,2122,231,385,1506,OTT,Atlantic,Eastern
2025-2026,20251130,21,VAN,13674,Mackenzie MacEachern,ASSIGNED_TO_MINORS,31.0,"6'2""",190.0,USA,"Bloomfield Hills, MI",False,LW,8,1,3,4,0.75,0.38,0.12,0.5,8.4,11.3,0,0,0,0,0,0,0,0,0,0,0,0,0,0.0,0,10,6,16.7,6,2,2,10,8,3,1,2,1,1,50.0,2,12,1,2,0,124,64,33,28,4888,856,485,3547,VAN,Pacific,Western
2025-2026,20251130,7,NJD,15475,Zack MacEwen,ROSTER,29.0,"6'3""",205.0,Canada,"Charlottetown, PE",True,RW,3,0,0,0,1.33,0.0,0.0,0.0,2.8,0.0,0,0,0,0,0,0,0,0,0,0,0,0,0,0.0,0,7,4,0.0,1,0,3,6,2,2,1,2,0,2,0.0,0,0,0,0,0,26,18,6,2,1140,169,177,794,NJD,Metropolitan,Eastern
2025-2026,20251130,22,COL,5231,Nathan MacKinnon,ROSTER,30.0,"6'0""",200.0,Canada,"Halifax, NS",False,C,25,20,24,44,4.32,0.96,0.8,1.76,21.4,17.0,6,6,5,11,0,0,0,2,0,0,2,0,0,0.0,30,184,108,18.5,18,37,38,18,21,41,7,517,257,260,49.7,6,12,9,18,0,580,281,211,108,32133,9497,4164,18472,COL,Central,Western
2025-2026,20251130,8,NYI,34417,Kyle MacLean,ROSTER,26.0,"6'1""",190.0,USA,"Livingston, NJ",True,C,11,0,1,1,0.73,0.09,0.0,0.09,8.0,26.9,0,0,0,0,0,0,0,0,0,0,0,0,0,0.0,-4,13,8,0.0,2,2,3,19,8,2,1,18,13,5,72.2,5,21,3,9,1,148,87,42,19,6345,1308,430,4607,NYI,Metropolitan,Eastern
2025-2026,20251130,143,SEA,15128,Josh Mahura,ROSTER,27.0,"6'0""",190.0,Canada,"Edmonton, AB",False,D,13,1,1,2,0.69,0.08,0.08,0.15,22.3,16.9,0,0,0,0,0,0,0,1,0,1,0,0,0,0.0,6,24,9,11.1,21,8,7,13,18,7,2,0,0,0,0.0,4,16,1,2,0,280,171,49,57,11835,1481,725,9417,SEA,Pacific,Western
2025-2026,20251130,17,STL,37979,Logan Mailloux,ROSTER,22.0,"6'3""",214.0,Canada,"Belle River, ON",True,D,13,0,1,1,0.69,0.08,0.0,0.08,15.2,8.5,0,0,0,0,0,0,0,0,0,0,0,0,0,0.0,-12,25,9,0.0,10,9,7,20,24,10,1,0,0,0,0.0,3,6,3,8,0,223,176,26,21,10052,1074,369,8609,STL,Central,Western
2025-2026,20251130,22,COL,13619,Cale Makar,ROSTER,27.0,"5'11""",187.0,Canada,"Calgary, AB",False,D,25,9,23,32,3.0,0.92,0.36,1.28,39.4,14.2,3,0,8,8,0,0,0,3,0,0,1,0,0,0.0,29,186,75,12.0,41,75,36,13,12,23,13,0,0,0,0.0,5,10,8,16,0,668,379,231,67,37952,10132,6653,21167,COL,Central,Western
2025-2026,20251130,22,COL,56372,Taylor Makar,ASSIGNED_TO_MINORS,24.0,"6'3""",190.0,Canada,"Calgary, AB",False,LW,3,0,0,0,1.0,0.0,0.0,0.0,2.0,0.0,0,0,0,0,0,0,0,0,0,0,0,0,0,0.0,0,5,3,0.0,0,1,1,6,4,0,0,0,0,0,0.0,0,0,0,0,0,27,21,6,0,999,255,36,708,COL,Central,Western
2025-2026,20251130,15,BUF,17164,Beck Malenstyn,ROSTER,27.0,"6'3""",200.0,Canada,"White Rock, BC",False,LW,24,3,2,5,1.38,0.08,0.12,0.21,49.6,2.8,1,0,0,0,0,0,0,0,0,0,0,0,0,0.0,-4,53,33,9.1,27,8,12,80,33,14,1,2,0,2,0.0,1,2,7,14,0,401,189,35,180,16405,1957,207,14241,BUF,Atlantic,Eastern
2025-2026,20251130,22,COL,119984,Sam Malinski,ROSTER,27.0,"5'11""",190.0,USA,"Lakeville, MN",True,D,25,2,10,12,1.72,0.4,0.08,0.48,26.1,5.7,0,0,1,1,0,0,0,1,0,0,0,0,0,0.0,15,109,43,4.7,27,45,21,9,54,23,7,0,0,0,0.0,2,4,1,2,0,514,447,42,27,23338,4083,585,18671,COL,Central,Western
2025-2026,20251130,10,PIT,3652,Evgeni Malkin,ROSTER,39.0,"6'3""",195.0,Russia,Magnitogorsk,False,C,24,6,18,24,2.54,0.75,0.25,1.0,8.1,25.5,2,2,8,10,0,0,0,0,0,0,2,1,1,50.0,3,97,61,9.8,6,20,17,9,20,26,7,189,90,99,47.6,9,18,6,12,0,487,267,143,78,25443,9132,2129,14102,PIT,Metropolitan,Eastern
2025-2026,20251130,28,LAK,34945,Jeff Malott,ROSTER,29.0,"6'3""",201.0,Canada,"Burlington, ON",True,LW,18,2,0,2,0.89,0.0,0.11,0.11,22.3,41.1,0,0,0,0,0,0,0,0,0,0,0,0,0,0.0,-1,34,16,12.5,6,8,10,52,14,7,2,1,1,0,100.0,7,23,4,17,3,202,160,29,15,8773,778,441,7554,LAK,Pacific,Western
2025-2026,20251130,21,VAN,56544,Victor Mancini,ASSIGNED_TO_MINORS,23.0,"6'3""",215.0,USA,"Hancock, MI",True,D,5,0,0,0,0.6,0.0,0.0,0.0,6.3,9.9,0,0,0,0,0,0,0,0,0,0,0,0,0,0.0,-2,7,3,0.0,5,3,1,6,9,2,0,0,0,0,0.0,1,5,1,5,1,69,62,3,4,3158,334,17,2807,VAN,Pacific,Western
2025-2026,20251130,24,EDM,5761,Andrew Mangiapane,ROSTER,29.0,"5'10""",184.0,Canada,"Toronto, ON",False,LW,26,4,5,9,1.04,0.19,0.15,0.35,16.4,2.8,1,0,0,0,0,0,0,1,0,0,0,0,0,0.0,-17,63,27,14.8,11,19,17,21,24,19,2,2,1,1,50.0,1,2,7,14,0,484,228,159,93,22611,4829,3011,14294,EDM,Pacific,Western
2025-2026,20251130,22,COL,5477,Josh Manson,ROSTER,34.0,"6'3""",218.0,USA,"Hinsdale, IL",False,D,25,2,2,4,1.28,0.08,0.08,0.16,51.5,45.4,0,0,0,0,0,0,0,1,0,0,0,0,0,0.0,14,67,32,6.2,37,21,14,60,36,25,11,0,0,0,0.0,11,28,7,20,2,603,311,173,121,26940,4453,3117,19370,COL,Central,Western
2025-2026,20251130,10,PIT,5413,Anthony Mantha,ROSTER,31.0,"6'5""",234.0,Canada,"Longueuil, QC",False,RW,24,8,6,14,1.62,0.25,0.33,0.58,15.0,15.6,2,1,1,2,0,0,0,0,0,0,0,0,0,0.0,9,77,39,20.5,14,19,19,9,17,25,3,6,1,5,16.7,3,9,8,19,1,441,239,133,71,21645,3828,3634,13854,PIT,Metropolitan,Eastern
2025-2026,20251130,4,FLO,4692,Brad Marchand,ROSTER,37.0,"5'9""",181.0,Canada,"Halifax, NS",False,LW,23,15,12,27,2.78,0.52,0.65,1.17,13.0,25.5,5,2,6,8,1,0,1,1,0,0,1,0,1,100.0,-8,129,64,23.4,9,25,40,16,22,24,5,6,1,5,16.7,9,18,12,24,0,512,273,133,121,25105,8766,1976,14594,FLA,,
2025-2026,20251130,19,CBJ,14572,Kirill Marchenko,ROSTER,25.0,"6'3""",187.0,Russia,Barnaul,True,RW,22,8,14,22,2.95,0.64,0.36,1.0,19.1,11.3,2,1,6,7,1,0,1,2,0,0,4,0,4,100.0,8,149,65,12.3,15,42,42,19,24,30,7,1,0,1,0.0,4,8,4,8,0,471,229,94,155,25029,5041,1529,18678,CBJ,Metropolitan,Eastern
2025-2026,20251130,18,NSH,5473,Jonathan Marchessault,ROSTER,34.0,"5'9""",180.0,Canada,"Cap-Rouge, QC",False,RW,20,4,3,7,2.3,0.15,0.2,0.35,13.5,8.5,1,2,0,2,0,0,0,1,0,0,1,0,0,0.0,-13,99,46,8.7,3,31,22,33,11,26,3,10,5,5,50.0,3,6,9,18,0,408,191,149,72,21275,4899,3726,12650,NSH,Central,Western
2025-2026,20251130,143,SEA,17165,Mason Marchment,ROSTER,30.0,"6'4""",201.0,Canada,"Uxbridge, ON",False,LW,23,2,9,11,1.39,0.39,0.09,0.48,19.0,19.8,0,0,3,3,0,0,0,1,0,0,1,0,0,0.0,1,74,32,6.2,9,23,19,34,33,37,8,27,8,19,29.6,5,18,5,10,0,480,240,150,87,23408,3839,1138,18146,SEA,Pacific,Western
2025-2026,20251130,30,UTA,17187,John Marino,ROSTER,28.0,"6'1""",181.0,USA,"Brockton, MA",True,D,26,1,12,13,1.0,0.46,0.04,0.5,22.9,8.5,0,0,0,0,0,0,0,0,0,0,0,0,0,0.0,10,71,26,3.8,24,30,15,7,48,40,7,0,0,0,0.0,3,6,5,10,0,714,398,95,222,31970,4598,1732,25640,UTA,Central,Western
2025-2026,20251130,142,VGK,5599,Mitchell Marner,ROSTER,28.0,"6'0""",175.0,Canada,"Markham, ON",False,RW,25,5,20,25,1.8,0.8,0.2,1.0,16.2,8.5,1,1,5,6,0,0,0,0,0,0,2,0,0,0.0,6,109,45,11.1,15,37,27,10,22,33,12,28,15,13,53.6,3,6,2,4,0,545,257,191,102,30573,6942,4010,19523,VGK,Pacific,Western
2025-2026,20251130,18,NSH,168604,Brady Martin,ROSTER,18.0,"6'0""",174.0,Canada,"Elora, ON",True,C,3,0,1,1,0.67,0.33,0.0,0.33,1.7,0.0,0,0,0,0,0,0,0,0,0,0,0,0,0,0.0,0,3,2,0.0,2,0,1,0,2,4,0,16,5,11,31.2,0,0,0,0,0,39,32,6,1,2055,275,54,1728,NSH,Central,Western
2025-2026,20251130,3,CAR,5495,Jordan Martinook,ROSTER,33.0,"6'0""",196.0,Canada,"Brandon, MB",False,LW,24,3,6,9,1.46,0.25,0.12,0.38,28.7,8.5,1,0,0,0,0,0,0,2,0,0,0,0,0,0.0,4,78,35,8.6,18,17,26,40,28,18,6,28,13,15,46.4,3,6,4,8,0,517,195,209,116,21199,4040,2498,14661,CAR,Metropolitan,Eastern
2025-2026,20251130,1,TBL,120138,Emil Martinsen Lilleberg,ROSTER,24.0,"6'2""",192.0,Norway,Sarpsborg,True,D,25,2,3,5,0.72,0.12,0.08,0.2,31.3,66.6,0,0,0,0,0,0,0,0,0,0,0,0,0,0.0,8,46,18,11.1,23,10,18,35,57,21,5,0,0,0,0.0,16,41,9,31,3,547,431,51,68,25314,4450,351,20517,TBL,Atlantic,Eastern
2025-2026,20251130,19,CBJ,53022,Denton Mateychuk,ROSTER,21.0,"5'11""",194.0,Canada,"Winnipeg, MB",True,D,24,5,4,9,1.04,0.17,0.21,0.38,38.9,2.8,1,0,0,0,0,0,0,0,0,0,0,0,0,0.0,2,54,25,20.0,40,18,11,14,51,21,6,0,0,0,0.0,1,2,3,6,0,543,419,49,77,28228,3901,390,23819,CBJ,Metropolitan,Eastern
2025-2026,20251130,14,MTL,5921,Mike Matheson,ROSTER,31.0,"6'2""",193.0,Canada,"Montreal, QC",False,D,24,4,11,15,1.21,0.46,0.17,0.62,50.9,25.5,1,0,0,0,0,0,0,1,0,1,0,0,0,0.0,12,77,29,13.8,52,29,19,19,28,20,10,0,0,0,0.0,9,18,5,10,0,624,342,117,169,35606,8081,1468,26057,MTL,Atlantic,Eastern
2025-2026,20251130,13,OTT,111262,Nikolas Matinpalo,ROSTER,27.0,"6'3""",207.0,Finland,Espoo,True,D,15,0,4,4,0.8,0.27,0.0,0.27,20.1,5.7,0,0,0,0,0,0,0,0,0,0,0,0,0,0.0,2,46,12,0.0,18,25,9,14,40,8,4,0,0,0,0.0,2,4,0,0,0,354,322,7,25,13498,1940,56,11502,OTT,Atlantic,Eastern
2025-2026,20251130,12,TOR,9627,Auston Matthews,ROSTER,28.0,"6'3""",220.0,USA,"San Ramon, CA",False,C,20,10,7,17,3.75,0.35,0.5,0.85,35.5,11.3,3,1,1,2,0,0,0,2,0,1,0,0,0,0.0,9,142,75,13.3,36,35,32,14,10,25,8,353,204,149,57.8,4,8,2,4,0,487,245,160,92,25445,6149,3104,16192,TOR,Atlantic,Eastern
2025-2026,20251130,8,NYI,5364,Scott Mayfield,ROSTER,33.0,"6'5""",223.0,USA,"St. Louis, MO",False,D,23,0,3,3,0.91,0.13,0.0,0.13,31.9,58.0,0,0,0,0,0,0,0,0,0,0,0,0,0,0.0,0,58,21,0.0,31,21,16,16,27,25,4,0,0,0,0.0,14,47,9,21,1,551,320,85,146,25144,4714,1906,18524,NYI,Metropolitan,Eastern
2025-2026,20251130,19,CBJ,17949,Dysin Mayo,ASSIGNED_TO_MINORS,29.0,"6'0""",185.0,Canada,"Victoria, BC",False,D,1,0,0,0,3.0,0.0,0.0,0.0,0.0,0.0,0,0,0,0,0,0,0,0,0,0,0,0,0,0.0,-1,5,3,0.0,0,2,0,0,2,0,0,0,0,0,0.0,0,0,0,0,0,13,7,3,3,453,165,0,288,CBJ,Metropolitan,Eastern
2025-2026,20251130,11,BOS,9640,Charlie McAvoy,ROSTER,27.0,"6'0""",208.0,USA,"Long Beach, NY",False,D,19,0,14,14,1.32,0.74,0.0,0.74,36.0,36.8,0,0,5,5,0,0,0,0,0,0,0,0,0,0.0,-2,78,25,0.0,32,25,28,26,34,21,9,0,0,0,0.0,13,26,6,12,0,525,267,128,130,27101,5084,1975,20042,BOS,Atlantic,Eastern
2025-2026,20251130,30,UTA,38370,Jack McBain,ROSTER,25.0,"6'4""",218.0,Canada,"Toronto, ON",True,C,26,2,3,5,1.31,0.12,0.08,0.19,40.2,51.0,0,0,0,0,0,0,0,0,0,0,0,0,0,0.0,0,67,34,5.9,18,17,16,75,37,15,6,260,132,128,50.8,13,32,7,20,2,515,306,133,78,21521,3343,2598,15580,UTA,Central,Western
2025-2026,20251130,12,TOR,5362,Jake McCabe,ROSTER,32.0,"6'1""",204.0,USA,"Eau Claire, WI",False,D,25,3,7,10,0.76,0.28,0.12,0.4,65.9,35.4,1,0,0,0,0,0,0,0,0,0,0,0,0,0.0,5,52,19,15.8,63,21,12,36,32,39,8,0,0,0,0.0,10,23,4,11,1,742,401,177,167,32254,4430,2221,25603,TOR,Atlantic,Eastern
2025-2026,20251130,143,SEA,5824,Jared McCann,ROSTER,29.0,"6'1""",185.0,Canada,"Stratford, ON",False,LW,7,3,2,5,2.86,0.29,0.43,0.71,8.6,0.0,1,0,0,0,0,0,0,1,0,1,1,0,0,0.0,2,38,20,15.0,5,9,9,13,7,2,1,7,3,4,42.9,0,0,5,12,0,166,75,53,41,7219,2310,568,4341,SEA,Pacific,Western
2025-2026,20251130,18,NSH,5893,Michael McCarron,ROSTER,30.0,"6'5""",237.0,USA,"Grosse Pointe, MI",False,C,25,1,4,5,1.28,0.16,0.04,0.2,39.6,46.8,0,0,0,0,0,0,0,0,0,0,0,0,0,0.0,-8,56,32,3.1,20,10,14,68,33,14,6,346,186,160,53.8,9,27,10,29,3,491,222,114,156,21379,3151,1494,16734,NSH,Central,Western
2025-2026,20251130,24,EDM,5576,Connor McDavid,ROSTER,28.0,"6'1""",193.0,Canada,"Richmond Hill, ON",False,C,26,11,25,36,2.85,0.96,0.42,1.38,10.2,17.0,3,3,11,14,0,0,0,0,0,0,1,0,0,0.0,-5,141,74,14.9,8,21,46,10,36,40,9,271,125,146,46.1,6,12,13,26,0,584,288,211,82,35845,8627,5494,21023,EDM,Pacific,Western
2025-2026,20251130,1,TBL,4852,Ryan McDonagh,ROSTER,36.0,"6'1""",214.0,USA,"St. Paul, MN",False,D,15,3,3,6,1.0,0.2,0.2,0.4,24.9,0.0,1,0,0,0,0,0,0,0,0,0,0,0,0,0.0,1,41,15,20.0,26,13,13,8,11,18,6,0,0,0,0.0,0,0,1,2,0,388,212,56,123,18145,4714,623,12772,TBL,Atlantic,Eastern
2025-2026,20251130,5,WSH,5308,Dylan McIlrath,ROSTER,33.0,"6'5""",231.0,Canada,"Winnipeg, MB",False,D,3,0,0,0,0.33,0.0,0.0,0.0,4.0,0.0,0,0,0,0,0,0,0,0,0,0,0,0,0,0.0,1,5,1,0.0,2,3,1,7,4,2,0,0,0,0,0.0,0,0,0,0,0,44,20,7,17,2085,238,154,1693,WSH,Metropolitan,Eastern
2025-2026,20251130,15,BUF,14563,Ryan McLeod,ROSTER,26.0,"6'3""",201.0,Canada,"Mississauga, ON",False,C,25,5,9,14,1.36,0.36,0.2,0.56,11.7,0.0,1,0,3,3,2,0,2,1,0,0,0,0,0,0.0,-3,69,34,14.7,11,17,18,7,27,27,7,407,184,223,45.2,0,0,2,4,0,643,318,89,241,26847,2959,480,23408,BUF,Atlantic,Eastern
2025-2026,20251130,12,TOR,39073,Bobby McMann,ROSTER,29.0,"6'1""",205.0,Canada,"Wainwright, AB",True,C,25,6,4,10,1.8,0.16,0.24,0.4,28.8,24.1,2,1,1,2,0,0,0,2,0,0,0,0,0,0.0,-3,85,45,13.3,12,18,22,56,18,8,2,3,2,1,66.7,6,15,4,11,1,480,331,127,28,21824,5242,2317,14265,TOR,Atlantic,Eastern
2025-2026,20251130,5,WSH,17166,Connor McMichael,ROSTER,24.0,"5'11""",182.0,Canada,"Ajax, ON",True,C,25,4,10,14,2.28,0.4,0.16,0.56,12.2,11.3,1,1,0,1,0,0,0,1,0,0,2,1,0,0.0,4,93,57,7.0,10,17,19,11,21,17,12,295,123,172,41.7,4,8,2,4,0,563,342,113,109,24326,3691,1195,19288,WSH,Metropolitan,Eastern
2025-2026,20251130,142,VGK,5041,Brayden McNabb,ROSTER,34.0,"6'4""",213.0,Canada,"Davidson, SK",False,D,25,0,1,1,0.76,0.04,0.0,0.04,73.2,17.0,0,0,0,0,0,0,0,0,0,0,0,0,0,0.0,0,71,19,0.0,70,31,21,40,36,15,5,0,0,0,0.0,6,12,5,10,0,674,363,92,219,32030,7828,1203,22999,VGK,Pacific,Western
2025-2026,20251130,29,ANA,32259,Mason McTavish,ROSTER,22.0,"6'0""",208.0,Switzerland,Zurich,True,C,24,5,12,17,1.71,0.5,0.21,0.71,19.4,43.9,1,0,2,2,0,0,0,1,0,0,2,0,2,100.0,2,105,41,12.2,13,25,39,25,16,18,6,321,150,171,46.7,15,32,7,14,0,518,263,47,217,23907,2285,228,21590,ANA,Pacific,Western
2025-2026,20251130,7,NJD,5604,Timo Meier,ROSTER,29.0,"6'0""",210.0,Switzerland,St. Gallen,False,RW,25,9,12,21,3.2,0.48,0.36,0.84,30.9,14.2,3,4,4,8,0,0,0,1,0,0,0,0,0,0.0,3,161,80,11.2,16,35,46,52,35,28,8,35,20,15,57.1,5,10,5,10,0,552,289,121,149,27964,5605,1524,20725,NJD,Metropolitan,Eastern
2025-2026,20251130,7,NJD,28533,Dawson Mercer,ROSTER,24.0,"6'0""",180.0,Canada,"Carbonear, NL and Labrador",True,C,25,10,10,20,2.04,0.4,0.4,0.8,24.7,11.3,3,3,2,5,1,0,1,1,0,0,0,0,0,0.0,8,101,51,19.6,23,24,26,15,31,19,10,132,56,76,42.4,4,8,7,14,0,560,354,123,92,28413,4890,2011,21423,NJD,Metropolitan,Eastern
2025-2026,20251130,11,BOS,53191,Georgii Merkulov,ROSTER,25.0,"5'11""",179.0,Russia,Ryazan,True,C,1,0,0,0,0.0,0.0,0.0,0.0,0.0,0.0,0,0,0,0,0,0,0,0,0,0,0,0,0,0.0,-1,1,0,0.0,0,0,1,0,1,0,0,0,0,0,0.0,0,0,0,0,0,14,11,2,1,635,157,0,478,BOS,Atlantic,Eastern
2025-2026,20251130,12,TOR,13894,Dakota Mermis,ROSTER,31.0,"6'0""",195.0,USA,"Alton, IL",False,D,10,1,0,1,0.4,0.0,0.1,0.1,9.5,18.4,0,0,0,0,0,0,0,0,0,0,0,0,0,0.0,-3,14,4,25.0,8,5,5,8,22,7,2,0,0,0,0.0,4,11,2,7,1,201,125,31,46,7964,1145,574,6245,TOR,Atlantic,Eastern
2025-2026,20251130,15,BUF,120242,Zach Metsa,ROSTER,27.0,"5'9""",181.0,USA,"Delafield, WI",True,D,4,0,0,0,0.25,0.0,0.0,0.0,2.0,2.8,0,0,0,0,0,0,0,0,0,0,0,0,0,0.0,3,4,1,0.0,2,2,1,1,6,1,0,0,0,0,0.0,1,2,1,2,0,49,47,2,0,2117,376,0,1741,BUF,Atlantic,Eastern
2025-2026,20251130,143,SEA,39057,Ben Meyers,ASSIGNED_TO_MINORS,27.0,"5'11""",195.0,USA,"Delano, MN",True,C,9,0,3,3,0.89,0.33,0.0,0.33,5.5,2.8,0,0,0,0,0,0,0,0,0,0,0,0,0,0.0,-1,14,8,0.0,1,1,5,14,8,1,1,51,21,30,41.2,1,2,0,0,0,137,115,14,7,5214,926,84,4150,SEA,Pacific,Western
2025-2026,20251130,6,PHI,134153,Matvei Michkov,ROSTER,20.0,"5'10""",172.0,Russia,Perm,True,RW,24,8,6,14,2.0,0.25,0.33,0.58,9.8,29.7,2,1,1,2,0,0,0,0,0,0,5,0,2,40.0,-2,88,48,16.7,6,26,14,14,21,34,9,3,0,3,0.0,10,22,5,10,0,470,415,55,10,21220,4398,350,16663,PHI,Metropolitan,Eastern
2025-2026,20251130,25,MIN,15459,Jacob Middleton,ROSTER,29.0,"6'3""",210.0,Canada,"Stratford, ON",False,D,24,0,5,5,0.79,0.21,0.0,0.21,44.1,53.9,0,0,0,0,0,0,0,0,0,0,0,0,0,0.0,4,48,19,0.0,38,16,13,35,14,10,3,0,0,0,0.0,11,33,6,23,3,536,297,133,107,26219,4269,2546,19406,MIN,Central,Western
2025-2026,20251130,20,CHI,17145,Ilya Mikheyev,ROSTER,31.0,"6'3""",195.0,Russia,Omsk,True,RW,22,4,3,7,1.64,0.14,0.18,0.32,10.8,11.3,1,0,0,0,0,0,0,1,0,0,0,0,0,0.0,1,65,36,11.1,8,15,14,12,18,13,7,5,0,5,0.0,4,8,5,10,0,492,262,53,177,23684,2031,677,20710,CHI,Central,Western
2025-2026,20251130,4,FLO,5722,Niko Mikkola,ROSTER,29.0,"6'4""",185.0,Finland,Kiiminki,False,D,24,0,4,4,1.12,0.17,0.0,0.17,31.9,34.0,0,0,0,0,0,0,0,0,0,0,0,0,0,0.0,4,72,27,0.0,26,22,23,29,39,33,6,0,0,0,0.0,12,24,9,18,0,634,363,167,104,28291,3621,2536,22134,FLA,,
2025-2026,20251130,5,WSH,5436,Sonny Milano,ROSTER,29.0,"6'0""",194.0,USA,"Massapequa, NY",False,LW,14,3,2,5,1.36,0.14,0.21,0.36,3.4,2.8,1,0,0,0,0,0,0,1,0,0,0,0,0,0.0,1,29,19,15.8,2,3,7,5,10,6,1,7,4,3,57.1,1,2,1,2,0,182,86,50,49,8179,1661,719,5799,WSH,Metropolitan,Eastern
2025-2026,20251130,2,WPJ,5563,Colin Miller,ROSTER,33.0,"6'1""",193.0,Canada,"Sault Ste. Marie, ON",False,D,9,0,0,0,0.78,0.0,0.0,0.0,11.3,8.5,0,0,0,0,0,0,0,0,0,0,0,0,0,0.0,-4,24,7,0.0,7,11,6,16,12,8,1,0,0,0,0.0,3,6,3,6,0,165,92,50,23,7909,1064,1143,5702,WPG,,
2025-2026,20251130,9,NYR,5161,J.T. Miller,ROSTER,32.0,"6'1""",218.0,USA,"East Palestine, OH",False,C,25,7,7,14,2.08,0.28,0.28,0.56,27.2,11.3,2,2,2,4,0,0,0,1,0,1,1,0,1,100.0,-8,109,52,13.5,9,20,37,59,14,21,4,374,220,154,58.8,4,8,2,4,0,649,292,163,185,30660,7305,2728,19855,NYR,Metropolitan,Eastern
2025-2026,20251130,3,CAR,14545,K'Andre Miller,ROSTER,25.0,"6'5""",210.0,USA,"St. Paul, MN",True,D,18,2,9,11,2.28,0.5,0.11,0.61,22.8,25.5,0,1,2,3,0,1,1,0,0,0,0,0,0,0.0,1,95,41,4.9,17,30,24,25,20,28,15,1,0,1,0.0,9,18,2,4,0,513,295,100,120,24862,3976,940,19946,CAR,Metropolitan,Eastern
2025-2026,20251130,11,BOS,52843,Fraser Minten,ROSTER,21.0,"6'1""",185.0,Canada,"Vancouver, BC",True,C,27,3,5,8,1.22,0.19,0.11,0.3,34.5,17.0,1,0,0,0,0,1,1,1,0,1,0,0,0,0.0,2,71,33,9.1,21,18,20,50,35,12,9,236,122,114,51.7,6,12,4,8,0,517,377,73,70,23115,3662,761,18692,BOS,Atlantic,Eastern
2025-2026,20251130,29,ANA,43373,Pavel Mintyukov,ROSTER,22.0,"6'2""",194.0,Russia,Moskva,True,D,21,1,3,4,0.76,0.14,0.05,0.19,24.5,2.8,0,0,0,0,0,0,0,0,0,0,0,0,0,0.0,0,45,16,6.2,24,16,13,12,24,18,4,0,0,0,0.0,1,2,5,10,0,453,317,48,89,19780,2292,81,17407,ANA,Pacific,Western
2025-2026,20251130,23,CGY,29983,Daniil Miromanov,ASSIGNED_TO_MINORS,28.0,"6'4""",202.0,Russia,Moscow,True,D,1,0,0,0,0.0,0.0,0.0,0.0,1.7,0.0,0,0,0,0,0,0,0,0,0,0,0,0,0,0.0,0,2,0,0.0,2,1,1,0,0,1,0,0,0,0,0.0,0,0,0,0,0,30,23,0,7,1069,0,0,1069,CGY,Pacific,Western
2025-2026,20251130,26,SJS,176687,Michael Misa,ROSTER,18.0,"6'1""",185.0,Canada,"Oakville, ON",True,C,7,1,2,3,1.86,0.29,0.14,0.43,4.9,2.8,0,0,0,0,0,0,0,0,0,0,0,0,0,0.0,-1,22,13,7.7,5,5,4,2,9,5,0,38,20,18,52.6,1,2,1,2,0,106,94,13,0,4930,813,180,3937,SJS,Pacific,Western
2025-2026,20251130,8,NYI,120217,Travis Mitchell,ROSTER,26.0,"6'4""",206.0,USA,"South Lyon, MI",True,D,1,0,0,0,0.0,0.0,0.0,0.0,0.3,0.0,0,0,0,0,0,0,0,0,0,0,0,0,0,0.0,0,3,0,0.0,0,2,1,1,1,0,0,0,0,0,0.0,0,0,0,0,0,11,6,5,0,545,35,0,510,NYI,Metropolitan,Eastern
2025-2026,20251130,11,BOS,13623,Casey Mittelstadt,ROSTER,27.0,"6'1""",199.0,USA,"Eden Prairie, MN",False,C,17,5,6,11,0.94,0.35,0.29,0.65,8.7,0.0,1,0,1,1,0,0,0,0,0,0,2,0,1,50.0,-2,34,16,31.2,9,6,12,3,14,18,2,95,54,41,56.8,0,0,2,4,0,317,178,121,24,15228,2676,1792,10795,BOS,Atlantic,Eastern
2025-2026,20251130,19,CBJ,5242,Sean Monahan,ROSTER,31.0,"6'2""",200.0,Canada,"Brampton, ON",False,C,25,3,8,11,2.04,0.32,0.12,0.44,9.6,5.7,1,1,4,5,0,0,0,1,0,0,1,0,0,0.0,2,80,51,5.9,5,10,19,16,15,17,7,468,254,214,54.3,2,4,5,10,0,565,264,143,159,27910,7151,1799,18893,CBJ,Metropolitan,Eastern
2025-2026,20251130,143,SEA,11648,Brandon Montour,ROSTER,31.0,"6'0""",189.0,Canada,"Ohsweken, ON",False,D,20,5,8,13,2.6,0.4,0.25,0.65,34.4,18.4,1,1,2,3,0,0,0,1,0,1,0,0,0,0.0,4,116,52,9.6,32,36,28,21,27,27,9,0,0,0,0.0,4,11,2,7,1,492,244,93,148,26745,4555,1524,20156,SEA,Pacific,Western
2025-2026,20251130,29,ANA,56251,Ian Moore,ROSTER,23.0,"6'2""",171.0,USA,"Concord, MA",False,D,15,2,1,3,0.93,0.07,0.13,0.2,24.3,17.0,0,0,0,0,0,0,0,1,0,0,0,0,0,0.0,2,41,14,14.3,26,10,17,6,36,13,4,0,0,0,0.0,6,12,1,2,0,288,170,25,95,12405,843,286,11276,ANA,Pacific,Western
2025-2026,20251130,20,CHI,166412,Oliver Moore,ROSTER,20.0,"5'11""",176.0,USA,"Mounds View, MN",True,C,12,2,4,6,1.25,0.33,0.17,0.5,7.3,0.0,0,0,1,1,0,0,0,0,0,0,0,0,0,0.0,0,27,15,13.3,7,2,10,4,16,10,6,10,5,5,50.0,0,0,2,4,0,228,187,26,17,9608,1929,201,7478,CHI,Central,Western
2025-2026,20251130,28,LAK,11811,Trevor Moore,ROSTER,30.0,"5'10""",185.0,USA,"Thousand Oaks, CA",False,LW,24,3,6,9,1.96,0.25,0.12,0.38,17.2,8.5,1,0,0,0,1,1,2,0,0,0,4,0,2,50.0,-1,85,47,6.4,17,16,22,8,40,23,8,10,2,8,20.0,3,6,1,2,0,493,244,156,98,23227,3556,2441,17408,LAK,Pacific,Western
2025-2026,20251130,2,WPJ,5930,Josh Morrissey,ROSTER,30.0,"6'0""",195.0,Canada,"Calgary, AB",False,D,24,5,18,23,1.58,0.75,0.21,0.96,46.4,8.5,1,1,6,7,0,0,0,0,0,0,0,0,0,0.0,11,86,38,13.2,48,29,19,16,29,29,8,0,0,0,0.0,3,6,3,6,0,684,339,236,114,35287,6837,4268,24182,WPG,,
2025-2026,20251130,9,NYR,37982,Scott Morrow,ROSTER,23.0,"6'2""",195.0,USA,"Darlen, CT",True,D,4,0,1,1,0.5,0.25,0.0,0.25,3.4,0.0,0,0,0,0,0,0,0,0,0,0,0,0,0,0.0,-2,9,2,0.0,4,3,4,0,3,2,0,0,0,0,0.0,0,0,0,0,0,80,58,11,11,3266,495,101,2670,NYR,Metropolitan,Eastern
2025-2026,20251130,23,CGY,142359,Sam Morton,ASSIGNED_TO_MINORS,,,,,,False,C,3,0,0,0,1.0,0.0,0.0,0.0,3.8,8.4,0,0,0,0,0,0,0,0,0,0,0,0,0,0.0,-1,7,3,0.0,1,2,2,9,0,2,1,24,16,8,66.7,1,10,1,2,0,39,32,1,6,1680,197,0,1483,CGY,Pacific,Western
2025-2026,20251130,1,TBL,34441,Janis Moser,ROSTER,25.0,"6'0""",172.0,Switzerland,Biel,True,D,23,1,6,7,1.3,0.26,0.04,0.3,29.1,17.0,0,0,0,0,0,1,1,0,0,0,0,0,0,0.0,16,76,30,3.3,27,30,16,18,54,26,7,0,0,0,0.0,6,12,7,14,0,592,444,64,85,29667,5432,1626,22642,TBL,Atlantic,Eastern
2025-2026,20251130,28,LAK,28507,Jacob Moverare,ROSTER,27.0,"6'2""",198.0,Sweden,stersund,False,D,7,0,0,0,0.57,0.0,0.0,0.0,5.3,0.0,0,0,0,0,0,0,0,0,0,0,0,0,0,0.0,-2,13,4,0.0,5,8,1,3,12,1,1,0,0,0,0.0,0,0,0,0,0,84,56,23,5,3944,324,405,3215,LAK,Pacific,Western
2025-2026,20251130,26,SJS,36849,Shakir Mukhamadullin,ROSTER,23.0,"6'4""",178.0,Russia,Ufa,True,D,13,1,4,5,0.92,0.31,0.08,0.38,16.0,8.5,0,0,0,0,0,0,0,0,0,0,0,0,0,0.0,1,31,12,8.3,16,13,6,7,20,14,1,0,0,0,0.0,3,6,0,0,0,268,178,31,60,12875,1317,370,11188,SJS,Pacific,Western
2025-2026,20251130,20,CHI,5293,Connor Murphy,ROSTER,32.0,"6'4""",212.0,USA,"Dublin, OH",False,D,24,0,3,3,0.92,0.12,0.0,0.12,25.8,29.8,0,0,0,0,0,0,0,0,0,0,0,0,0,0.0,-3,43,22,0.0,22,12,9,21,47,20,3,0,0,0,0.0,8,19,5,13,1,451,223,61,166,21107,4235,538,16286,CHI,Central,Western
2025-2026,20251130,12,TOR,15478,Philippe Myers,ROSTER,28.0,"6'5""",210.0,Canada,"Moncton, NB",False,D,11,0,0,0,1.27,0.0,0.0,0.0,16.0,8.5,0,0,0,0,0,0,0,0,0,0,0,0,0,0.0,-7,31,14,0.0,14,4,13,12,12,7,1,0,0,0,0.0,3,6,0,0,0,226,140,39,47,9491,1479,1563,6449,TOR,Atlantic,Eastern
2025-2026,20251130,21,VAN,4659,Tyler Myers,ROSTER,35.0,"6'8""",229.0,USA,"Katy, TX",False,D,26,1,6,7,1.15,0.23,0.04,0.27,57.9,25.5,0,0,0,0,0,0,0,0,0,0,0,0,0,0.0,-9,72,30,3.3,54,22,20,35,26,26,8,0,0,0,0.0,9,18,7,14,0,647,338,113,197,32067,7046,1633,23388,VAN,Pacific,Western
2025-2026,20251130,3,CAR,133816,Bradly Nadeau,ASSIGNED_TO_MINORS,20.0,"5'10""",161.0,Canada,"St-Francois de Madaw, NB",True,LW,6,1,0,1,0.67,0.0,0.17,0.17,4.8,0.0,0,0,0,0,0,0,0,0,0,0,0,0,0,0.0,1,15,4,25.0,4,4,7,4,8,5,0,1,0,1,0.0,0,0,0,0,0,87,66,14,8,4141,668,70,3403,CAR,Metropolitan,Eastern
2025-2026,20251130,2,WPJ,5136,Vladislav Namestnikov,ROSTER,33.0,"6'0""",183.0,Russia,Zhukovskiy,False,C,24,6,2,8,1.46,0.08,0.25,0.33,25.0,9.9,2,2,0,2,0,0,0,1,0,0,0,0,0,0.0,-1,62,35,17.1,16,14,13,34,17,17,3,103,40,63,38.8,3,8,9,18,0,485,200,193,98,21821,4141,3224,14456,WPG,,
2025-2026,20251130,20,CHI,56367,Frank Nazar,ROSTER,21.0,"5'10""",180.0,USA,"Mt. Clemens, MI",False,C,22,5,11,16,2.18,0.5,0.23,0.73,21.1,11.3,1,1,3,4,0,0,0,1,0,0,1,0,0,0.0,-1,90,48,10.4,20,20,22,12,42,28,9,306,134,172,43.8,4,8,11,22,0,509,314,36,160,25147,3208,189,21478,CHI,Central,Western
2025-2026,20251130,22,COL,13627,Martin Necas,ROSTER,26.0,"6'2""",189.0,Czech Republic,Nove Mesto na Morave,False,C,25,13,20,33,2.12,0.8,0.52,1.32,16.0,25.5,4,3,5,8,0,0,0,0,0,0,2,0,1,50.0,24,120,53,24.5,9,35,32,25,35,47,6,14,7,7,50.0,9,18,10,20,0,567,341,173,65,31359,8597,4650,18510,COL,Central,Western
2025-2026,20251130,17,STL,29768,Jake Neighbours,ROSTER,23.0,"6'0""",195.0,Canada,"Airdrie, AB",True,LW,14,6,3,9,1.29,0.21,0.43,0.64,15.1,5.7,2,0,1,1,0,0,0,1,0,0,0,0,0,0.0,-6,36,18,33.3,6,8,10,30,18,10,3,2,2,0,100.0,2,4,2,6,0,281,190,77,20,12455,3249,964,8242,STL,Central,Western
2025-2026,20251130,22,COL,5226,Brock Nelson,ROSTER,34.0,"6'3""",212.0,USA,"Warroad, MN",False,C,25,8,8,16,1.68,0.32,0.32,0.64,18.0,22.7,2,1,1,2,0,0,0,1,0,0,0,0,0,0.0,14,77,42,19.0,16,15,20,13,29,19,7,451,220,231,48.8,8,16,7,14,0,592,262,206,132,27593,7586,2942,17065,COL,Central,Western
2025-2026,20251130,7,NJD,43355,Simon Nemec,ROSTER,21.0,"6'0""",190.0,Slovakia,Liptovsky Mikulas,True,D,25,6,9,15,1.52,0.36,0.24,0.6,35.4,19.8,2,0,0,0,0,0,0,2,0,2,1,0,1,100.0,5,96,38,15.8,39,43,15,6,31,20,6,0,0,0,0.0,7,14,3,6,0,572,474,72,31,29389,5717,648,23209,NJD,Metropolitan,Eastern
2025-2026,20251130,29,ANA,56465,Nikita Nesterenko,ROSTER,24.0,"6'0""",157.0,USA,"Brooklyn, NY",False,C,22,1,7,8,1.0,0.32,0.05,0.36,17.5,9.9,0,0,0,0,0,0,0,1,0,0,0,0,0,0.0,2,48,22,4.5,5,16,10,40,9,12,1,26,9,17,34.6,3,8,4,8,0,394,232,73,91,16210,2858,480,12875,ANA,Pacific,Western
2025-2026,20251130,14,MTL,30019,Alex Newhook,ROSTER,24.0,"5'10""",192.0,Canada,"St. Johns, NL and Labrador",True,C,17,6,6,12,1.41,0.35,0.35,0.71,12.9,11.3,2,1,0,1,0,0,0,2,0,1,0,0,0,0.0,7,41,24,25.0,5,9,8,26,13,4,1,89,37,52,41.6,4,8,6,12,0,316,155,46,121,14934,1354,440,13140,MTL,Atlantic,Eastern
2025-2026,20251130,22,COL,5247,Valeri Nichushkin,ROSTER,30.0,"6'4""",210.0,Russia,Chelyabinsk,False,RW,17,5,7,12,2.41,0.41,0.29,0.71,8.7,5.7,1,1,2,3,0,0,0,0,0,0,2,0,1,50.0,2,81,41,12.2,4,21,19,16,12,12,8,1,1,0,100.0,2,4,4,8,0,401,173,159,75,18344,4324,4002,10169,COL,Central,Western
2025-2026,20251130,2,WPJ,4868,Nino Niederreiter,ROSTER,33.0,"6'2""",218.0,Switzerland,Chur,False,RW,24,6,9,15,1.62,0.38,0.25,0.62,19.8,11.3,2,1,4,5,0,0,0,1,0,0,0,0,0,0.0,3,70,39,15.4,10,19,12,34,16,21,4,5,3,2,60.0,4,8,2,4,0,445,219,147,85,20749,5733,2316,12700,WPG,,
2025-2026,20251130,22,COL,53057,Tristen Nielsen,ASSIGNED_TO_MINORS,25.0,"5'10""",192.0,Canada,"Fort St. John, BC",True,C,4,0,1,1,0.75,0.25,0.0,0.25,3.8,0.0,0,0,0,0,0,0,0,0,0,0,0,0,0,0.0,1,6,3,0.0,1,1,2,9,0,2,0,0,0,0,0.0,0,0,0,0,0,38,27,8,3,1513,147,71,1295,COL,Central,Western
2025-2026,20251130,3,CAR,56336,Alexander Nikishin,ROSTER,24.0,"6'3""",196.0,Russia,Orel,False,D,23,3,6,9,1.87,0.26,0.13,0.39,46.5,17.0,1,0,0,0,0,0,0,0,0,0,0,0,0,0.0,15,98,43,7.0,33,34,21,55,40,25,7,0,0,0,0.0,6,12,2,4,0,562,379,80,106,26699,4158,1226,21315,CAR,Metropolitan,Eastern
2025-2026,20251130,7,NJD,5544,Stefan Noesen,ROSTER,32.0,"6'1""",205.0,USA,"Plano, TX",False,RW,19,1,2,3,1.05,0.11,0.05,0.16,12.3,31.2,0,0,0,0,0,0,0,0,0,0,0,0,0,0.0,-5,43,20,5.0,7,10,13,19,15,12,1,15,7,8,46.7,6,18,4,14,2,325,168,92,64,13028,3087,704,9449,NJD,Metropolitan,Eastern
2025-2026,20251130,15,BUF,13634,Josh Norris,INJURY_LIST,26.0,"6'1""",199.0,USA,"Oxford, MI",False,C,1,0,0,0,4.0,0.0,0.0,0.0,0.3,0.0,0,0,0,0,0,0,0,0,0,0,0,0,0,0.0,0,4,4,0.0,0,0,0,1,3,1,0,12,4,8,33.3,0,0,0,0,0,24,14,1,9,1131,161,0,970,BUF,Atlantic,Eastern
2025-2026,20251130,10,PIT,5680,Thomas Novak,ROSTER,28.0,"6'1""",179.0,USA,"St. Paul, MN",False,C,24,2,7,9,1.33,0.29,0.08,0.38,8.8,8.5,0,1,1,2,0,0,0,1,0,0,0,0,0,0.0,-3,68,32,6.2,8,16,21,6,37,14,7,50,20,30,40.0,3,6,2,4,0,409,234,103,68,18951,3300,1782,13541,PIT,Metropolitan,Eastern
2025-2026,20251130,24,EDM,4993,Ryan Nugent-Hopkins,ROSTER,32.0,"6'0""",184.0,Canada,"Burnaby, BC",False,C,17,6,12,18,1.47,0.71,0.35,1.06,6.6,5.7,2,3,8,11,0,0,0,1,0,0,2,0,0,0.0,-11,53,25,24.0,5,16,12,7,7,9,3,101,42,59,41.6,2,4,1,2,0,370,168,101,99,19118,5408,1778,11501,EDM,Pacific,Western
2025-2026,20251130,24,EDM,5464,Darnell Nurse,ROSTER,30.0,"6'4""",221.0,Canada,"Hamilton, ON",False,D,26,5,5,10,2.23,0.19,0.19,0.38,67.4,46.7,1,0,0,0,0,0,0,0,0,0,0,0,0,0.0,-10,128,58,8.6,64,43,27,38,26,25,6,0,0,0,0.0,10,39,4,11,1,636,364,101,168,32228,5144,1705,24943,EDM,Pacific,Western
2025-2026,20251130,12,TOR,5418,William Nylander,ROSTER,29.0,"6'0""",196.0,Canada,"Calgary, AB",False,RW,21,11,21,32,2.29,1.0,0.52,1.52,9.6,17.0,3,1,3,4,0,0,0,2,0,2,0,0,0,0.0,9,103,48,22.9,10,29,26,3,7,22,8,36,14,22,38.9,6,12,1,2,0,504,235,201,80,25489,6781,3317,15352,TOR,Atlantic,Eastern
2025-2026,20251130,143,SEA,56632,Jani Nyman,ROSTER,21.0,"6'4""",217.0,Finland,Valkeakoski,False,RW,15,3,0,3,1.27,0.0,0.2,0.2,6.3,8.5,1,1,0,1,0,0,0,0,0,0,0,0,0,0.0,2,40,19,15.8,2,9,12,14,16,6,1,5,2,3,40.0,3,6,4,8,0,209,166,21,25,9212,1348,312,7552,SEA,Pacific,Western
2025-2026,20251130,2,WPJ,5026,Gustav Nyquist,ROSTER,36.0,"5'11""",179.0,Sweden,Halmstad,False,RW,19,0,6,6,1.16,0.32,0.0,0.32,11.5,2.8,0,0,3,3,0,0,0,0,0,0,0,0,0,0.0,-1,45,22,0.0,10,13,10,9,13,9,6,14,6,8,42.9,1,2,3,6,0,324,185,92,47,14164,4038,1384,8742,WPG,,
2025-2026,20251130,3,CAR,56329,Joel Nyström,ROSTER,23.0,"5'11""",170.0,Sweden,Karlstad,True,D,18,0,3,3,1.44,0.17,0.0,0.17,10.9,2.8,0,0,0,0,0,0,0,0,0,0,0,0,0,0.0,4,71,26,0.0,12,34,11,2,33,18,2,0,0,0,0.0,1,2,0,0,0,443,345,48,50,18402,2353,325,15724,CAR,Metropolitan,Eastern
2025-2026,20251130,30,UTA,5452,Liam O'Brien,ROSTER,31.0,"6'1""",215.0,Canada,"Halifax, NS",False,C,8,1,0,1,1.5,0.0,0.12,0.12,8.4,22.7,0,0,0,0,0,0,0,0,0,0,0,0,0,0.0,-5,26,12,8.3,4,7,7,15,9,3,1,0,0,0,0.0,3,12,2,10,2,109,61,20,29,4510,1067,417,3026,UTA,Central,Western
2025-2026,20251130,21,VAN,28409,Drew O'Connor,ROSTER,27.0,"6'3""",205.0,USA,"Wayne, New Jersey",True,LW,26,7,5,12,1.19,0.19,0.27,0.46,18.0,19.8,2,0,0,0,1,0,1,1,0,0,0,0,0,0.0,1,65,31,22.6,14,16,18,18,26,21,3,27,18,9,66.7,7,14,7,14,0,478,283,85,116,21774,2526,1508,17740,VAN,Pacific,Western
2025-2026,20251130,25,MIN,43372,Liam Ohgren,ROSTER,21.0,"6'1""",201.0,Sweden,Stockholm,True,LW,13,0,0,0,1.0,0.0,0.0,0.0,12.7,0.0,0,0,0,0,0,0,0,0,0,0,0,0,0,0.0,-4,24,13,0.0,6,11,0,23,12,5,0,3,2,1,66.7,0,0,0,0,0,156,125,8,23,7501,891,35,6575,MIN,Central,Western
2025-2026,20251130,143,SEA,5156,Jamie Oleksiak,ROSTER,32.0,"6'7""",255.0,Canada,"Toronto, ON",False,D,24,2,3,5,1.12,0.12,0.08,0.21,37.3,11.3,0,0,0,0,0,0,0,0,0,0,0,0,0,0.0,4,53,27,7.4,30,16,10,35,28,21,10,0,0,0,0.0,4,8,3,6,0,498,273,77,145,23350,4355,831,17931,SEA,Pacific,Western
2025-2026,20251130,19,CBJ,17349,Mathieu Olivier,ROSTER,28.0,"6'2""",210.0,USA,"Biloxi, Mississippi",False,RW,23,3,6,9,1.26,0.26,0.13,0.39,39.8,63.7,1,0,0,0,0,0,0,1,0,0,0,0,0,0.0,2,63,29,10.3,19,14,20,71,20,9,3,0,0,0,0.0,9,44,10,32,4,404,208,114,83,19318,3482,1379,14394,CBJ,Metropolitan,Eastern
2025-2026,20251130,22,COL,15140,Victor Olofsson,ROSTER,30.0,"5'11""",183.0,Sweden,Ornskoldsvik,False,LW,25,6,10,16,2.4,0.4,0.24,0.64,6.8,5.7,2,2,4,6,0,0,0,1,0,0,1,0,0,0.0,-1,100,60,10.0,6,24,16,5,18,22,5,1,0,1,0.0,2,4,3,6,0,448,199,177,78,21149,5822,2489,12838,COL,Central,Western
2025-2026,20251130,18,NSH,4703,Ryan O'Reilly,ROSTER,34.0,"6'1""",216.0,Canada,"Clinton, ON",False,C,25,8,10,18,1.6,0.4,0.32,0.72,19.5,2.8,2,1,1,2,1,0,1,4,0,0,1,0,1,100.0,-1,70,40,20.0,20,9,21,7,20,11,19,448,260,188,58.0,1,2,1,2,0,585,282,165,147,29276,9095,3330,16977,NSH,Central,Western
2025-2026,20251130,26,SJS,5036,Dmitry Orlov,ROSTER,34.0,"5'11""",208.0,Russia,Novokuznetsk,False,D,26,0,14,14,1.31,0.54,0.0,0.54,39.0,25.5,0,0,5,5,0,0,0,0,0,0,0,0,0,0.0,-3,74,34,0.0,32,25,15,35,30,36,6,0,0,0,0.0,9,18,2,4,0,635,327,128,180,34232,9366,1706,23161,SJS,Pacific,Western
2025-2026,20251130,26,SJS,34836,Zack Ostapchuk,ROSTER,22.0,"6'4""",203.0,Canada,"St. Albert, AB",True,C,8,0,0,0,0.5,0.0,0.0,0.0,8.9,2.8,0,0,0,0,0,0,0,0,0,0,0,0,0,0.0,-3,6,4,0.0,3,0,2,19,3,4,1,66,35,31,53.0,1,2,1,2,0,107,82,14,12,4382,494,116,3774,SJS,Pacific,Western
2025-2026,20251130,15,BUF,43366,Noah Ostlund,ROSTER,21.0,"5'10""",164.0,Sweden,Nykvarn,True,C,17,3,3,6,1.12,0.18,0.18,0.35,10.6,2.8,1,1,0,1,0,0,0,0,0,0,1,0,1,100.0,1,33,19,15.8,12,6,8,1,12,7,2,116,27,89,23.3,1,2,2,4,0,299,244,41,18,13314,2473,845,10471,BUF,Atlantic,Eastern
2025-2026,20251130,9,NYR,34526,Brennan Othmann,ASSIGNED_TO_MINORS,22.0,"6'0""",175.0,Canada,"Scarborough, ON",True,LW,1,0,0,0,1.0,0.0,0.0,0.0,0.7,0.0,0,0,0,0,0,0,0,0,0,0,0,0,0,0.0,-1,2,1,0.0,0,1,0,2,1,0,0,0,0,0,0.0,0,0,0,0,0,16,11,0,5,751,0,0,751,NYR,Metropolitan,Eastern
2025-2026,20251130,5,WSH,3495,Alex Ovechkin,ROSTER,40.0,"6'3""",236.0,Russia,Moscow,False,LW,25,11,12,23,2.52,0.48,0.44,0.92,18.2,5.7,3,1,3,4,0,0,0,3,0,0,2,2,0,0.0,8,174,63,17.5,5,61,50,42,8,28,2,1,1,0,100.0,2,4,2,4,0,512,298,136,85,26959,8921,2334,15369,WSH,Metropolitan,Eastern
2025-2026,20251130,23,CGY,18227,Brayden Pachal,ROSTER,26.0,"6'0""",200.0,Canada,"Estevan, SK",False,D,19,0,3,3,0.63,0.16,0.0,0.16,26.9,28.2,0,0,0,0,0,0,0,0,0,0,0,0,0,0.0,0,46,12,0.0,16,23,11,40,37,14,5,0,0,0,0.0,6,28,5,12,0,380,274,47,59,15444,1821,943,12680,CGY,Pacific,Western
2025-2026,20251130,8,NYI,5207,Jean-Gabriel Pageau,ROSTER,33.0,"5'10""",180.0,Canada,"Ottawa, ON",False,C,22,6,6,12,1.0,0.27,0.27,0.55,30.6,0.0,2,0,0,0,2,2,4,2,0,1,0,0,0,0.0,0,42,22,27.3,23,8,12,33,24,15,7,331,197,134,59.5,0,0,2,4,0,467,204,133,137,20324,4093,1317,14914,NYI,Metropolitan,Eastern
2025-2026,20251130,7,NJD,5178,Ondrej Palat,ROSTER,34.0,"5'11""",194.0,Czech Republic,Frydek-Mistek,False,LW,25,1,3,4,1.12,0.12,0.04,0.16,32.2,7.1,0,0,1,1,0,0,0,0,0,0,0,0,0,0.0,1,52,28,3.6,21,8,16,43,34,10,4,6,2,4,33.3,2,6,6,12,0,465,244,99,122,19225,4383,956,14125,NJD,Metropolitan,Eastern
2025-2026,20251130,8,NYI,4796,Kyle Palmieri,ROSTER,34.0,"5'11""",185.0,USA,"Smithtown, NY",False,C,25,6,12,18,2.84,0.48,0.24,0.72,14.0,11.3,2,1,4,5,1,0,1,1,0,0,1,0,1,100.0,-2,126,71,8.5,9,26,29,19,18,18,8,4,2,2,50.0,4,8,4,10,0,551,290,124,144,28315,9314,1497,17573,NYI,Metropolitan,Eastern
2025-2026,20251130,9,NYR,5811,Artemi Panarin,ROSTER,34.0,"5'11""",170.0,Russia,Korkino,False,LW,27,8,18,26,2.59,0.67,0.3,0.96,3.6,8.5,2,0,8,8,0,0,0,2,0,0,1,0,0,0.0,-4,175,70,11.4,3,59,48,3,10,32,6,0,0,0,0.0,3,6,2,4,0,611,302,146,156,33441,6324,2343,23927,NYR,Metropolitan,Eastern
2025-2026,20251130,17,STL,5826,Colton Parayko,ROSTER,32.0,"6'6""",230.0,Canada,"St. Albert, AB",False,D,26,0,7,7,1.12,0.27,0.0,0.27,63.0,14.2,0,0,0,0,0,0,0,0,0,0,0,0,0,0.0,-2,74,29,0.0,65,24,21,22,37,32,11,0,0,0,0.0,5,10,5,10,0,752,426,136,190,36107,7026,1742,27339,STL,Central,Western
2025-2026,20251130,23,CGY,142360,Zayne Parekh,ROSTER,,,,,,False,D,11,0,1,1,1.0,0.09,0.0,0.09,5.9,0.0,0,0,1,1,0,0,0,0,0,0,0,0,0,0.0,0,35,11,0.0,5,18,6,5,19,17,3,0,0,0,0.0,0,0,4,8,0,220,183,32,5,9744,1736,105,7903,CGY,Pacific,Western
2025-2026,20251130,9,NYR,34307,Juuso Parssinen,UNDRAFTED,24.0,"6'2""",203.0,Finland,Hmeenlinna,True,C,14,2,1,3,0.86,0.07,0.14,0.21,14.3,2.8,0,0,0,0,0,0,0,0,0,0,0,0,0,0.0,3,21,12,16.7,9,4,5,20,11,6,3,29,14,15,48.3,1,2,2,4,0,184,129,24,29,7501,857,337,6117,NYR,Metropolitan,Eastern
2025-2026,20251130,11,BOS,5437,David Pastrnak,ROSTER,29.0,"6'0""",194.0,Czech Republic,Havirov,False,RW,25,11,18,29,3.44,0.72,0.44,1.16,19.1,22.7,3,5,8,13,0,0,0,2,0,0,0,0,0,0.0,-8,194,86,12.8,8,65,43,37,25,44,8,1,1,0,100.0,8,16,10,20,0,515,272,139,115,30139,8621,2428,19090,BOS,Atlantic,Eastern
2025-2026,20251130,1,TBL,5919,Nick Paul,ROSTER,30.0,"6'3""",219.0,Canada,"Mississauga, ON",False,LW,6,2,2,4,1.67,0.33,0.33,0.67,6.1,0.0,0,0,0,0,0,0,0,0,0,0,0,0,0,0.0,1,17,10,20.0,4,2,5,8,2,3,2,74,38,36,51.4,0,0,0,0,0,121,57,46,20,5980,1776,1108,3096,TBL,Atlantic,Eastern
2025-2026,20251130,2,WPJ,5292,Tanner Pearson,ROSTER,33.0,"6'1""",201.0,Canada,"Kitchener, ON",False,LW,22,3,1,4,0.82,0.05,0.14,0.18,19.6,14.2,1,0,0,0,0,0,0,0,0,0,0,0,0,0.0,0,33,18,16.7,14,7,8,23,13,13,3,7,3,4,42.9,5,10,2,4,0,377,174,116,90,14655,2762,2031,9862,WPG,,
2025-2026,20251130,11,BOS,15999,Andrew Peeke,ROSTER,27.0,"6'3""",194.0,USA,"Parkland, FL",False,D,27,0,4,4,1.07,0.15,0.0,0.15,61.7,8.5,0,0,0,0,0,0,0,0,0,0,0,0,0,0.0,-2,70,29,0.0,57,21,20,39,42,27,6,0,0,0,0.0,3,6,1,2,0,682,379,107,196,32540,4289,1596,26655,BOS,Atlantic,Eastern
2025-2026,20251130,8,NYI,5856,Adam Pelech,ROSTER,31.0,"6'3""",218.0,Canada,"Toronto, ON",False,D,25,0,2,2,1.32,0.08,0.0,0.08,37.1,11.3,0,0,0,0,0,0,0,0,0,0,0,0,0,0.0,7,98,33,0.0,39,33,32,11,36,22,13,0,0,0,0.0,4,8,4,8,0,675,353,127,195,29663,4755,1477,23431,NYI,Metropolitan,Eastern
2025-2026,20251130,1,TBL,19088,Jakob Pelletier,ROSTER,24.0,"5'9""",165.0,Canada,"Quebec, QC",False,LW,1,0,0,0,0.0,0.0,0.0,0.0,1.2,0.0,0,0,0,0,0,0,0,0,0,0,0,0,0,0.0,0,3,0,0.0,1,0,3,1,1,0,0,1,1,0,100.0,0,0,0,0,0,11,7,4,0,372,30,26,316,TBL,Atlantic,Eastern
2025-2026,20251130,18,NSH,38801,Nicklaus Perbix,ROSTER,27.0,"6'4""",200.0,USA,"Minneapolis, MN",True,D,25,2,2,4,1.2,0.08,0.08,0.16,27.2,11.3,0,0,0,0,0,0,0,0,0,0,0,0,0,0.0,-11,73,30,6.7,26,29,14,15,26,29,6,0,0,0,0.0,4,8,0,0,0,632,379,124,131,30733,3947,2490,24296,NSH,Central,Western
2025-2026,20251130,2,WPJ,28522,Cole Perfetti,ROSTER,23.0,"5'10""",177.0,Canada,"Whitby, ON",True,C,10,2,2,4,2.0,0.2,0.2,0.4,5.6,5.7,0,1,1,2,0,0,0,1,0,0,0,0,0,0.0,-7,47,20,10.0,5,16,11,4,11,13,5,2,1,1,50.0,2,4,0,0,0,193,119,72,4,9512,2852,1311,5349,WPG,,
2025-2026,20251130,9,NYR,142684,Gabe Perreault,ASSIGNED_TO_MINORS,,,,,,False,RW,3,0,1,1,0.67,0.33,0.0,0.33,3.8,0.0,0,0,1,1,0,0,0,0,0,0,0,0,0,0.0,2,4,2,0.0,4,1,1,1,3,2,0,0,0,0,0.0,0,0,0,0,0,55,52,3,0,2368,617,0,1751,NYR,Metropolitan,Eastern
2025-2026,20251130,13,OTT,4307,David Perron,ROSTER,37.0,"6'0""",200.0,Canada,"Sherbrooke, QC",False,LW,24,3,8,11,1.04,0.33,0.12,0.46,17.3,11.3,1,2,3,5,0,0,0,0,0,0,0,0,0,0.0,-2,44,25,12.0,9,8,11,29,16,11,6,4,0,4,0.0,4,8,6,12,0,487,241,121,128,20209,5557,1743,12909,OTT,Atlantic,Eastern
2025-2026,20251130,28,LAK,3626,Corey Perry,ROSTER,40.0,"6'3""",205.0,Canada,"Peterborough, ON",False,RW,19,7,6,13,2.05,0.32,0.37,0.68,5.9,21.3,2,1,4,5,0,0,0,0,0,0,3,1,0,0.0,7,74,39,17.9,5,14,21,5,19,13,1,7,3,4,42.9,5,13,6,17,1,307,164,94,56,15959,5515,1311,9133,LAK,Pacific,Western
2025-2026,20251130,7,NJD,5845,Brett Pesce,ROSTER,31.0,"6'3""",206.0,USA,"Tarrytown, NY",False,D,9,0,3,3,0.89,0.33,0.0,0.33,21.9,2.8,0,0,0,0,0,0,0,0,0,0,0,0,0,0.0,3,17,8,0.0,24,5,4,4,10,4,2,0,0,0,0.0,1,2,1,2,0,193,89,44,60,10614,1679,548,8387,NJD,Metropolitan,Eastern
2025-2026,20251130,30,UTA,28525,John-Jason Peterka,ROSTER,23.0,"5'11""",192.0,Germany,Munich,True,RW,26,9,7,16,1.92,0.27,0.35,0.62,8.5,11.3,3,0,0,0,0,0,0,1,0,0,0,0,0,0.0,2,101,50,18.0,8,33,18,5,22,27,8,11,4,7,36.4,4,8,3,6,0,539,322,105,121,24990,3533,1003,20454,UTA,Central,Western
2025-2026,20251130,27,DAL,5213,Alex Petrovic,ROSTER,33.0,"6'4""",216.0,Canada,"Edmonton, AB",False,D,23,1,6,7,1.26,0.26,0.04,0.3,43.6,33.9,0,0,0,0,0,0,0,0,0,0,0,0,0,0.0,6,53,29,3.4,37,18,6,36,46,23,6,0,0,0,0.0,7,27,1,5,1,427,257,55,114,21546,5080,801,15586,DAL,Central,Western
2025-2026,20251130,4,FLO,4929,Jeff Petry,ROSTER,37.0,"6'3""",209.0,USA,"Ann Arbor, MI",False,D,24,0,5,5,0.75,0.21,0.0,0.21,30.6,17.0,0,0,2,2,0,0,0,0,0,0,0,0,0,0.0,-5,53,18,0.0,28,24,11,20,39,21,1,0,0,0,0.0,6,12,0,0,0,469,257,78,134,20706,4889,1067,14750,FLA,,
2025-2026,20251130,21,VAN,15084,Elias Pettersson,ROSTER,27.0,"6'2""",176.0,Sweden,Sundsvall,False,C,26,8,14,22,1.85,0.54,0.31,0.85,48.9,14.2,2,2,6,8,1,0,1,0,0,0,2,1,0,0.0,-5,106,48,16.7,47,22,36,26,27,26,14,580,279,301,48.1,5,10,7,14,0,618,330,192,102,32014,6034,5289,20691,VAN,Pacific,Western
2025-2026,20251130,21,VAN,56700,Elias Nils Pettersson,ROSTER,21.0,"6'2""",185.0,Sweden,Västerås,False,D,24,0,2,2,0.58,0.08,0.0,0.08,38.9,11.3,0,0,0,0,0,0,0,0,0,0,0,0,0,0.0,-6,46,14,0.0,33,22,10,32,31,22,5,0,0,0,0.0,4,8,7,17,0,455,343,32,80,19423,2300,493,16630,VAN,Pacific,Western
2025-2026,20251130,21,VAN,14114,Marcus Pettersson,ROSTER,29.0,"6'3""",177.0,Sweden,Skellefteå,False,D,26,1,4,5,0.62,0.15,0.04,0.19,40.6,41.1,0,0,0,0,0,0,0,0,0,0,0,0,0,0.0,4,47,16,6.2,42,13,18,14,52,26,5,0,0,0,0.0,12,27,2,7,1,646,328,102,217,32320,4533,1426,26361,VAN,Pacific,Western
2025-2026,20251130,24,EDM,39040,Noah Philp,ROSTER,27.0,"6'3""",200.0,Canada,"Canmore, AB",True,C,15,2,1,3,0.8,0.07,0.13,0.2,9.6,5.7,0,0,0,0,0,0,0,0,0,0,0,0,0,0.0,-7,19,12,16.7,2,6,1,24,12,7,4,102,58,44,56.9,2,4,2,4,0,203,113,61,30,9036,1648,921,6453,EDM,Pacific,Western
2025-2026,20251130,10,PIT,43371,Owen Pickering,ROSTER,21.0,"6'4""",180.0,Canada,"St. Adolphe, MB",True,D,4,0,0,0,0.25,0.0,0.0,0.0,2.0,2.8,0,0,0,0,0,0,0,0,0,0,0,0,0,0.0,-3,6,1,0.0,2,4,1,1,6,4,1,0,0,0,0.0,1,2,0,0,0,73,60,2,11,2903,311,32,2560,PIT,Metropolitan,Eastern
2025-2026,20251130,19,CBJ,133826,Luca Pinelli,ROSTER,20.0,"5'9""",165.0,Canada,"Stoney Creek, ON",True,C,2,0,0,0,2.0,0.0,0.0,0.0,1.5,0.0,0,0,0,0,0,0,0,0,0,0,0,0,0,0.0,0,8,4,0.0,1,1,3,2,3,3,0,0,0,0,0.0,0,0,0,0,0,41,35,6,0,2060,289,32,1739,CBJ,Metropolitan,Eastern
2025-2026,20251130,13,OTT,30027,Shane Pinto,ROSTER,25.0,"6'3""",201.0,USA,"Franklin Square, NY",True,C,24,12,6,18,2.54,0.25,0.5,0.75,23.6,17.0,4,1,0,1,0,1,1,1,0,0,2,0,2,100.0,2,128,61,19.7,16,29,38,30,31,22,7,274,147,127,53.6,6,12,7,14,0,647,310,124,227,28144,3711,1037,23564,OTT,Atlantic,Eastern
2025-2026,20251130,2,WPJ,14095,Neal Pionk,ROSTER,30.0,"6'0""",186.0,USA,"Hermantown, MN",False,D,21,1,4,5,2.05,0.19,0.05,0.24,44.7,14.2,0,1,1,2,0,0,0,1,0,0,0,0,0,0.0,0,101,43,2.3,36,41,17,42,18,23,4,0,0,0,0.0,5,10,2,4,0,581,347,163,72,28636,5531,3530,19575,WPG,,
2025-2026,20251130,25,MIN,5274,Tyler Pitlick,ROSTER,34.0,"6'2""",200.0,USA,"Minneapolis, MN",False,C,15,0,0,0,0.73,0.0,0.0,0.0,18.4,24.7,0,0,0,0,0,0,0,0,0,0,0,0,0,0.0,-2,18,11,0.0,8,2,5,35,11,3,1,1,0,1,0.0,3,22,2,7,1,146,79,46,22,6739,1688,299,4752,MIN,Central,Western
2025-2026,20251130,24,EDM,30369,Vasily Podkolzin,ROSTER,24.0,"6'1""",190.0,Russia,Moscow,True,RW,26,4,6,10,1.54,0.23,0.15,0.38,38.2,15.6,1,0,0,0,0,0,0,2,0,0,0,0,0,0.0,6,66,40,10.0,16,12,14,74,26,16,4,21,8,13,38.1,3,9,3,9,1,489,317,129,38,23690,5555,2288,15438,EDM,Pacific,Western
2025-2026,20251130,29,ANA,13640,Ryan Poehling,ROSTER,26.0,"6'2""",204.0,USA,"Lakeville, MN",False,C,17,1,5,6,0.71,0.29,0.06,0.35,15.5,5.7,0,0,0,0,0,0,0,0,0,0,0,0,0,0.0,-2,28,12,8.3,15,8,8,8,19,13,2,186,86,100,46.2,2,4,3,6,0,317,151,55,112,12896,1475,518,10903,ANA,Pacific,Western
2025-2026,20251130,1,TBL,10079,Brayden Point,ROSTER,29.0,"5'10""",166.0,Canada,"Calgary, AB",False,C,21,3,8,11,2.1,0.38,0.14,0.52,7.8,8.5,1,1,2,3,0,0,0,0,0,0,0,0,0,0.0,-11,81,44,6.8,8,18,19,3,12,16,3,234,105,129,44.9,3,6,5,10,0,455,228,146,84,23767,6116,4126,13525,TBL,Atlantic,Eastern
2025-2026,20251130,22,COL,79720,Jason Polin,ASSIGNED_TO_MINORS,26.0,"6'0""",198.0,USA,"Holt, MI",True,RW,2,0,0,0,0.0,0.0,0.0,0.0,4.0,0.0,0,0,0,0,0,0,0,0,0,0,0,0,0,0.0,1,0,0,0.0,2,0,0,7,1,0,0,0,0,0,0.0,0,0,0,0,0,19,16,2,1,717,38,51,628,COL,Central,Western
2025-2026,20251130,10,PIT,28491,Sam Poulin,ASSIGNED_TO_MINORS,24.0,"6'1""",208.0,Canada,"Blainville, QC",True,RW,2,0,0,0,0.5,0.0,0.0,0.0,2.4,0.0,0,0,0,0,0,0,0,0,0,0,0,0,0,0.0,-2,6,1,0.0,2,1,4,2,5,1,1,0,0,0,0.0,0,0,0,0,0,30,21,6,3,1658,289,59,1310,PIT,Metropolitan,Eastern
2025-2026,20251130,15,BUF,34475,Owen Power,ROSTER,23.0,"6'6""",214.0,Canada,"Mississauga, ON",True,D,24,2,5,7,1.33,0.21,0.08,0.29,22.8,5.7,0,0,0,0,0,2,2,0,0,0,0,0,0,0.0,-6,81,32,6.2,22,31,18,12,31,24,9,0,0,0,0.0,2,4,1,2,0,629,393,96,142,29927,3982,1230,24715,BUF,Atlantic,Eastern
2025-2026,20251130,5,WSH,28499,Aliaksei Protas,ROSTER,24.0,"6'5""",190.0,Belarus,Vitebsk,True,C,25,6,9,15,2.16,0.36,0.24,0.6,21.1,5.7,2,0,1,1,0,0,0,1,0,0,0,0,0,0.0,17,111,54,11.1,20,24,33,12,15,29,8,20,7,13,35.0,2,4,5,10,0,582,361,127,95,27265,4671,1482,20871,WSH,Metropolitan,Eastern
2025-2026,20251130,19,CBJ,5602,Ivan Provorov,ROSTER,28.0,"6'1""",201.0,Russia,Yaroslavl,False,D,25,3,4,7,2.0,0.16,0.12,0.28,37.9,11.3,1,0,0,0,0,0,0,0,0,0,0,0,0,0.0,1,104,50,6.0,40,31,23,11,32,42,10,0,0,0,0.0,4,8,3,6,0,657,347,158,151,38030,5403,2128,30234,CBJ,Metropolitan,Eastern
2025-2026,20251130,8,NYI,5815,Ryan Pulock,ROSTER,31.0,"6'2""",217.0,Canada,"Dauphin, MB",False,D,25,0,10,10,1.12,0.4,0.0,0.4,38.3,2.8,0,0,0,0,0,1,1,0,0,0,0,0,0,0.0,8,70,28,0.0,37,29,13,20,33,29,9,0,0,0,0.0,1,2,0,0,0,699,381,227,91,30349,4368,3452,22529,NYI,Metropolitan,Eastern
2025-2026,20251130,12,TOR,133787,Jacob Quillan,ASSIGNED_TO_MINORS,23.0,"6'0""",201.0,Canada,"Dartmouth, NS",True,C,2,0,0,0,0.5,0.0,0.0,0.0,2.0,0.0,0,0,0,0,0,0,0,0,0,0,0,0,0,0.0,1,1,1,0.0,0,0,0,6,2,2,0,8,3,5,37.5,0,0,0,0,0,25,24,1,0,1038,74,0,964,TOR,Atlantic,Eastern
2025-2026,20251130,15,BUF,28524,Jack Quinn,ROSTER,24.0,"6'0""",176.0,Canada,"Ottawa, ON",True,RW,25,6,7,13,1.92,0.28,0.24,0.52,16.0,2.8,2,2,0,2,0,0,0,2,0,0,2,0,1,50.0,-7,98,48,12.5,14,19,31,12,27,21,6,6,0,6,0.0,1,2,1,2,0,533,333,89,118,24796,3722,1328,19775,BUF,Atlantic,Eastern
2025-2026,20251130,1,TBL,18138,Darren Raddysh,ROSTER,29.0,"6'0""",201.0,Canada,"Caledon, ON",False,D,19,3,13,16,2.16,0.68,0.16,0.84,18.9,15.6,1,1,3,4,0,0,0,0,0,0,0,0,0,0.0,2,90,41,7.3,17,28,21,13,31,17,2,0,0,0,0.0,3,9,1,5,1,400,226,93,85,21484,4996,2988,13504,TBL,Atlantic,Eastern
2025-2026,20251130,9,NYR,15229,Taylor Raddysh,ROSTER,27.0,"6'2""",198.0,Canada,"Toronto, ON",False,RW,27,5,2,7,0.89,0.07,0.19,0.26,18.9,4.3,1,0,0,0,1,0,1,0,0,0,0,0,0,0.0,3,37,24,20.8,12,4,9,26,10,10,5,5,0,5,0.0,2,2,1,2,0,469,258,102,105,19485,3515,1262,14217,NYR,Metropolitan,Eastern
2025-2026,20251130,10,PIT,5144,Rickard Rakell,INJURY_LIST,32.0,"6'0""",196.0,Sweden,Sundbyberg,False,RW,9,3,5,8,1.89,0.56,0.33,0.89,11.5,2.8,1,1,2,3,0,1,1,0,0,0,0,0,0,0.0,1,36,17,17.6,10,9,10,9,12,4,3,6,1,5,16.7,1,2,0,0,0,195,79,90,21,9580,1467,2444,5305,PIT,Metropolitan,Eastern
2025-2026,20251130,27,DAL,5605,Mikko Rantanen,ROSTER,29.0,"6'4""",215.0,Finland,Nousiainen,False,RW,24,10,20,30,2.62,0.83,0.42,1.25,18.3,67.9,3,4,13,17,0,0,0,1,0,0,3,1,1,33.33,-6,126,63,15.9,14,32,31,19,27,20,3,29,14,15,48.3,16,57,13,29,1,531,284,103,148,29393,7787,1229,20214,DAL,Central,Western
2025-2026,20251130,16,DET,13624,Michael Rasmussen,ROSTER,26.0,"6'6""",221.0,Canada,"Surrey, BC",False,C,21,4,4,8,1.0,0.19,0.19,0.38,19.6,5.7,1,0,0,0,0,0,0,0,0,0,0,0,0,0.0,-3,46,21,19.0,14,7,19,23,20,6,2,117,68,49,58.1,2,4,1,2,0,372,199,85,92,14885,2382,960,11543,DET,Atlantic,Eastern
2025-2026,20251130,21,VAN,32262,Aatu Raty,ROSTER,23.0,"6'2""",185.0,Finland,Oulu,True,C,23,1,5,6,0.78,0.22,0.04,0.26,23.9,19.8,0,0,0,0,0,0,0,0,0,0,0,0,0,0.0,0,50,18,5.6,7,10,22,54,18,12,2,274,156,118,56.9,7,14,2,4,0,419,283,67,70,16792,3014,877,12901,VAN,Pacific,Western
2025-2026,20251130,16,DET,19050,Lucas Raymond,ROSTER,23.0,"5'11""",170.0,Sweden,Goteborg,True,LW,24,8,19,27,2.42,0.79,0.33,1.12,10.4,5.7,2,1,7,8,0,0,0,2,0,0,3,0,1,33.33,6,114,58,13.8,9,31,25,8,21,25,13,1,1,0,100.0,2,4,10,20,0,535,321,89,134,26786,6109,1261,19591,DET,Atlantic,Eastern
2025-2026,20251130,26,SJS,4892,Ryan Reaves,ROSTER,38.0,"6'2""",225.0,Canada,"Winnipeg, MB",False,RW,22,2,0,2,0.68,0.0,0.09,0.09,28.4,35.5,0,0,0,0,0,0,0,0,0,0,0,0,0,0.0,-6,25,15,13.3,5,4,6,73,8,10,2,0,0,0,0.0,5,19,4,17,3,236,143,53,43,9888,2901,455,6535,SJS,Pacific,Western
2025-2026,20251130,24,EDM,24516,Alec Regula,ROSTER,25.0,"6'4""",203.0,USA,"West Bloomfield, MI",False,D,12,0,0,0,0.67,0.0,0.0,0.0,8.8,15.6,0,0,0,0,0,0,0,0,0,0,0,0,0,0.0,-10,21,8,0.0,8,6,7,6,22,8,2,0,0,0,0.0,3,9,1,5,1,210,120,45,44,9802,1936,774,7020,EDM,Pacific,Western
2025-2026,20251130,20,CHI,30422,Lukas Reichel,ROSTER,23.0,"6'0""",170.0,Germany,Nürnberg,True,LW,5,2,2,4,1.2,0.4,0.4,0.8,2.9,2.8,0,0,0,0,0,0,0,0,0,0,0,0,0,0.0,1,10,6,33.3,3,2,2,1,1,4,1,7,2,5,28.6,1,2,0,0,0,66,38,8,22,2959,149,68,2742,CHI,Central,Western
2025-2026,20251130,20,CHI,30422,Lukas Reichel,ROSTER,23.0,"6'0""",170.0,Germany,Nürnberg,True,LW,5,2,2,4,1.2,0.4,0.4,0.8,2.9,2.8,0,0,0,0,0,0,0,0,0,0,0,0,0,0.0,1,10,6,33.3,3,2,2,1,1,4,1,7,2,5,28.6,1,2,0,0,0,66,38,8,22,2959,149,68,2742,CHI,Central,Western
2025-2026,20251130,21,VAN,30422,Lukas Reichel,ROSTER,23.0,"6'0""",170.0,Germany,Nürnberg,True,LW,14,0,1,1,0.64,0.07,0.0,0.07,8.8,5.7,0,0,0,0,0,0,0,0,0,0,0,0,0,0.0,-5,26,9,0.0,8,6,11,6,10,9,1,110,44,66,40.0,2,4,0,0,0,235,162,39,34,11010,1669,867,8474,VAN,Pacific,Western
2025-2026,20251130,21,VAN,30422,Lukas Reichel,ROSTER,23.0,"6'0""",170.0,Germany,Nürnberg,True,LW,14,0,1,1,0.64,0.07,0.0,0.07,8.8,5.7,0,0,0,0,0,0,0,0,0,0,0,0,0,0.0,-5,26,9,0.0,8,6,11,6,10,9,1,110,44,66,40.0,2,4,0,0,0,235,162,39,34,11010,1669,867,8474,VAN,Pacific,Western
2025-2026,20251130,3,CAR,5814,Mike Reilly,ROSTER,32.0,"6'1""",200.0,USA,"Chanhassen, MN",False,D,19,1,4,5,1.68,0.21,0.05,0.26,22.4,8.5,0,0,0,0,1,0,1,0,0,0,0,0,0,0.0,11,83,32,3.1,23,32,19,8,22,12,1,0,0,0,0.0,3,6,3,6,0,454,247,85,123,18977,3489,957,14531,CAR,Metropolitan,Eastern
2025-2026,20251130,142,VGK,30061,Cole Reinhardt,ROSTER,25.0,"6'1""",203.0,Canada,"Calgary, AB",True,LW,17,1,3,4,0.53,0.18,0.06,0.24,10.1,11.3,0,0,0,0,0,0,0,0,0,0,0,0,0,0.0,-2,29,9,11.1,1,10,10,28,7,10,1,5,2,3,40.0,4,8,8,16,0,226,151,65,11,9548,2159,1135,6254,VGK,Pacific,Western
2025-2026,20251130,4,FLO,5416,Sam Reinhart,ROSTER,30.0,"6'1""",194.0,Canada,"North Vancouver, BC",False,C,24,13,10,23,2.75,0.42,0.54,0.96,23.9,2.8,4,4,4,8,1,0,1,5,0,0,2,0,0,0.0,-10,148,66,19.7,19,28,54,23,37,20,6,70,22,48,31.4,1,2,4,8,0,570,252,180,151,30239,6472,4405,19362,FLA,,
2025-2026,20251130,9,NYR,34418,Matt Rempe,ROSTER,23.0,"6'8""",205.0,Canada,"Calgary, AB",True,C,9,1,0,1,0.89,0.0,0.11,0.11,11.6,12.8,0,0,0,0,0,0,0,0,0,0,0,0,0,0.0,1,16,8,12.5,2,3,5,30,7,2,1,5,2,3,40.0,2,7,2,7,1,122,83,32,2,5296,1096,359,3591,NYR,Metropolitan,Eastern
2025-2026,20251130,12,TOR,5261,Morgan Rielly,ROSTER,31.0,"6'1""",219.0,Canada,"West Vancouver, BC",False,D,24,4,16,20,1.92,0.67,0.17,0.83,29.4,5.7,1,0,2,2,0,0,0,1,0,0,0,0,0,0.0,-3,116,46,8.7,30,39,31,11,36,42,9,0,0,0,0.0,2,4,1,2,0,713,404,155,158,32087,6875,2255,22957,TOR,Atlantic,Eastern
2025-2026,20251130,20,CHI,56353,Sam Rinzel,ROSTER,21.0,"6'3""",180.0,USA,"Chanhassen, MN",False,D,23,1,7,8,1.43,0.3,0.04,0.35,30.1,31.1,0,0,0,0,0,0,0,0,0,0,0,0,0,0.0,2,99,33,3.0,27,41,25,21,29,31,3,0,0,0,0.0,9,26,2,4,0,454,333,58,61,23962,3763,341,19645,CHI,Central,Western
2025-2026,20251130,8,NYI,134181,Calum Ritchie,ROSTER,20.0,"6'2""",185.0,Canada,"Oakville, ON",True,C,15,2,1,3,1.4,0.07,0.13,0.2,7.8,11.3,0,0,0,0,0,0,0,1,0,0,0,0,0,0.0,2,33,21,9.5,8,4,8,3,16,13,0,99,42,57,42.4,4,8,2,6,0,238,169,25,46,10101,1063,82,8956,NYI,Metropolitan,Eastern
2025-2026,20251130,27,DAL,18026,Jason Robertson,ROSTER,26.0,"6'2""",194.0,USA,"Northville, MI",False,LW,25,15,17,32,4.28,0.68,0.6,1.28,15.0,2.8,5,5,8,13,0,0,0,1,0,0,4,0,3,75.0,11,179,107,14.0,11,35,37,17,28,41,11,1,0,1,0.0,1,2,5,10,0,544,299,140,116,30157,6960,2382,20696,DAL,Central,Western
2025-2026,20251130,9,NYR,29769,Matthew Robertson,ROSTER,24.0,"6'4""",202.0,Canada,"Sherwood Park, AB",True,D,18,1,1,2,0.78,0.06,0.06,0.11,32.7,14.2,0,0,0,0,0,0,0,0,0,0,0,0,0,0.0,-5,45,14,7.1,27,17,14,29,29,12,0,0,0,0,0.0,5,10,0,0,0,387,244,47,97,17341,2357,410,14574,NYR,Metropolitan,Eastern
2025-2026,20251130,12,TOR,20226,Nicholas Robertson,ROSTER,24.0,"5'9""",162.0,USA,"Pasadena, CA",True,LW,24,6,6,12,1.62,0.25,0.25,0.5,20.1,0.0,2,1,0,1,0,0,0,1,0,0,0,0,0,0.0,-4,63,39,15.4,13,8,16,27,17,20,7,5,3,2,60.0,0,0,1,2,0,423,256,122,51,18889,3691,1723,13475,TOR,Atlantic,Eastern
2025-2026,20251130,3,CAR,53329,Justin Robidas,ROSTER,22.0,"5'8""",173.0,USA,"Plano, TX",True,C,2,0,1,1,1.0,0.5,0.0,0.5,1.8,0.0,0,0,0,0,0,0,0,0,0,0,0,0,0,0.0,0,3,2,0.0,1,1,0,3,2,1,0,24,12,12,50.0,0,0,1,2,0,29,21,2,6,1282,179,0,1103,CAR,Metropolitan,Eastern
2025-2026,20251130,3,CAR,14154,Eric Robinson,ROSTER,30.0,"6'2""",197.0,USA,"Bellmawr, New Jersey",False,LW,18,5,2,7,1.17,0.11,0.28,0.39,10.2,2.8,1,0,0,0,0,0,0,1,0,0,0,0,0,0.0,7,43,21,23.8,3,9,13,23,23,8,2,2,0,2,0.0,1,2,2,4,0,273,138,66,74,12137,1368,775,9994,CAR,Metropolitan,Eastern
2025-2026,20251130,4,FLO,9075,Evan Rodrigues,ROSTER,32.0,"5'11""",184.0,Canada,"Toronto, ON",False,C,24,7,6,13,2.25,0.25,0.29,0.54,18.0,11.3,2,0,2,2,0,0,0,0,0,0,1,0,0,0.0,3,103,54,13.0,11,20,29,26,22,16,8,253,113,140,44.7,4,8,7,19,0,530,270,161,104,24551,4275,3200,17060,FLA,,
2025-2026,20251130,8,NYI,14561,Alexander Romanov,INJURY_LIST,25.0,"6'1""",209.0,Russia,Moscow,True,D,15,0,1,1,1.13,0.07,0.0,0.07,36.8,8.5,0,0,0,0,0,0,0,0,0,0,0,0,0,0.0,-7,38,17,0.0,31,13,8,31,40,18,4,0,0,0,0.0,3,6,4,11,0,351,240,35,76,17500,2381,622,14497,NYI,Metropolitan,Eastern
2025-2026,20251130,30,UTA,12200,Kevin Rooney,ROSTER,32.0,"6'2""",190.0,USA,"Canton, MA",False,C,1,1,0,1,1.0,0.0,1.0,1.0,0.0,0.0,0,0,0,0,0,0,0,0,0,0,0,0,0,0.0,1,3,1,100.0,0,1,1,0,0,1,0,8,2,6,25.0,0,0,0,0,0,14,8,3,4,584,58,0,526,UTA,Central,Western
2025-2026,20251130,15,BUF,34464,Isak Rosen,ASSIGNED_TO_MINORS,22.0,"5'11""",156.0,Sweden,Stockholm,True,RW,10,3,4,7,1.2,0.4,0.3,0.7,9.4,0.0,1,0,2,2,0,0,0,0,0,0,0,0,0,0.0,-2,31,12,25.0,9,10,9,5,9,8,3,1,1,0,100.0,0,0,2,4,0,200,131,32,40,9026,1909,206,6911,BUF,Atlantic,Eastern
2025-2026,20251130,24,EDM,5620,Jack Roslovic,ROSTER,28.0,"6'1""",187.0,USA,"Columbus, OH",False,C,23,10,8,18,2.3,0.35,0.43,0.78,8.6,11.3,3,2,2,4,0,0,0,2,0,2,0,0,0,0.0,1,91,53,18.9,7,13,25,8,17,23,6,47,27,20,57.4,4,8,4,8,0,442,225,167,50,23921,6115,3801,13578,EDM,Pacific,Western
2025-2026,20251130,25,MIN,28380,Marco Rossi,INJURY_LIST,24.0,"5'9""",183.0,Austria,Feldkirch,True,C,17,4,9,13,1.59,0.53,0.24,0.76,10.5,2.8,1,0,5,5,0,0,0,0,0,0,1,0,1,100.0,-6,55,27,14.8,8,13,15,11,17,13,5,220,107,113,48.6,1,2,2,4,0,349,205,82,67,18462,3218,1212,14272,MIN,Central,Western
2025-2026,20251130,14,MTL,38746,Joshua Roy,ASSIGNED_TO_MINORS,22.0,"6'0""",190.0,Canada,"St-Georges-de-Beauce, QC",True,RW,3,0,0,0,0.67,0.0,0.0,0.0,2.0,2.8,0,0,0,0,0,0,0,0,0,0,0,0,0,0.0,0,6,2,0.0,0,2,2,6,1,3,0,0,0,0,0.0,1,2,0,0,0,37,19,9,9,1762,323,6,1433,MTL,Atlantic,Eastern
2025-2026,20251130,5,WSH,5789,Matt Roy,ROSTER,30.0,"6'1""",200.0,USA,"Canton, MI",False,D,25,1,4,5,1.32,0.16,0.04,0.2,57.1,5.7,0,0,0,0,0,0,0,0,0,0,0,0,0,0.0,16,74,33,3.0,57,28,13,25,50,22,3,0,0,0,0.0,2,4,2,4,0,551,275,80,195,30573,3293,1173,26254,WSH,Metropolitan,Eastern
2025-2026,20251130,12,TOR,14391,Nicolas Roy,ROSTER,28.0,"6'4""",200.0,Canada,"Amos, QC",False,C,22,2,5,7,1.09,0.23,0.09,0.32,19.1,8.5,0,1,0,1,0,0,0,0,0,0,0,0,0,0.0,-2,47,24,8.3,13,11,12,24,15,21,9,273,144,129,52.7,3,6,3,8,0,466,234,141,93,19954,3313,2808,13833,TOR,Atlantic,Eastern
2025-2026,20251130,10,PIT,5500,Bryan Rust,ROSTER,33.0,"5'11""",192.0,USA,"Pontiac, MI",False,RW,22,7,11,18,2.36,0.5,0.32,0.82,20.8,11.3,2,1,7,8,0,0,0,3,0,0,3,0,1,33.33,-1,97,52,13.5,22,12,33,6,24,25,5,2,0,2,0.0,4,8,6,12,0,512,216,239,65,26303,5370,5746,15293,PIT,Metropolitan,Eastern
2025-2026,20251130,142,VGK,5014,Brandon Saad,ROSTER,33.0,"6'1""",206.0,USA,"Pittsburgh, PA",False,LW,24,1,3,4,1.42,0.12,0.04,0.17,10.9,14.2,0,0,0,0,0,0,0,0,0,0,0,0,0,0.0,1,68,34,2.9,12,19,15,2,10,17,5,24,7,17,29.2,5,10,2,4,0,444,216,126,104,19919,5904,1652,12351,VGK,Pacific,Western
2025-2026,20251130,1,TBL,13703,Scott Sabourin,ASSIGNED_TO_MINORS,33.0,"6'4""",207.0,Canada,"Orleans, ON",True,RW,3,1,1,2,1.67,0.33,0.33,0.67,2.8,19.8,0,0,0,0,0,0,0,0,0,0,0,0,0,0.0,1,11,5,20.0,1,1,5,6,7,2,0,1,0,1,0.0,5,18,4,8,0,45,19,14,13,1862,390,91,1381,TBL,Atlantic,Eastern
2025-2026,20251130,2,WPJ,43358,Elias Salomonsson,ROSTER,21.0,"6'1""",183.0,Sweden,Skellefteå,True,D,2,0,0,0,0.5,0.0,0.0,0.0,5.3,0.0,0,0,0,0,0,0,0,0,0,0,0,0,0,0.0,-5,5,1,0.0,5,2,2,3,0,2,0,0,0,0,0.0,0,0,0,0,0,50,42,2,6,2135,143,0,1992,WPG,,
2025-2026,20251130,2,WPJ,28449,Dylan Samberg,ROSTER,26.0,"6'3""",190.0,USA,"Saginaw, MN",True,D,8,0,3,3,1.0,0.38,0.0,0.38,16.9,2.8,0,0,0,0,0,0,0,0,0,0,0,0,0,0.0,-4,29,8,0.0,17,13,8,7,10,8,3,0,0,0,0.0,1,2,0,0,0,217,131,37,49,10421,1478,559,8384,WPG,,
2025-2026,20251130,4,FLO,37976,Mackie Samoskevich,ROSTER,23.0,"5'11""",191.0,USA,"Newtown, CT",True,RW,24,3,9,12,2.08,0.38,0.12,0.5,21.6,8.5,1,2,3,5,0,0,0,0,0,0,0,0,0,0.0,-1,109,50,6.0,9,28,31,42,36,14,4,0,0,0,0.0,3,6,9,18,0,471,331,110,33,21791,4731,1365,15695,FLA,,
2025-2026,20251130,15,BUF,14555,Mattias Samuelsson,ROSTER,25.0,"6'4""",218.0,USA,"Voorhees, New Jersey",True,D,23,5,7,12,1.48,0.3,0.22,0.52,56.3,8.5,1,0,0,0,0,0,0,2,0,1,0,0,0,0.0,7,65,34,14.7,53,19,13,33,50,16,3,0,0,0,0.0,3,6,3,6,0,601,313,76,217,30157,2176,1007,26974,BUF,Atlantic,Eastern
2025-2026,20251130,13,OTT,37996,Jake Sanderson,ROSTER,23.0,"6'3""",195.0,USA,"Whitefish, MT",True,D,24,4,15,19,2.12,0.62,0.17,0.79,40.7,2.8,1,2,5,7,0,0,0,0,0,0,0,0,0,0.0,1,142,51,7.8,44,56,35,9,64,30,18,0,0,0,0.0,1,2,4,8,0,751,398,112,245,35508,5109,945,29454,OTT,Atlantic,Eastern
2025-2026,20251130,5,WSH,14552,Rasmus Sandin,ROSTER,25.0,"5'11""",183.0,Sweden,Uppsala,True,D,20,2,5,7,1.25,0.25,0.1,0.35,37.6,5.7,0,0,0,0,0,0,0,0,0,0,0,0,0,0.0,9,56,25,8.0,30,17,14,36,25,26,7,0,0,0,0.0,2,4,1,2,0,435,242,82,113,22743,2378,1398,18902,WSH,Metropolitan,Eastern
2025-2026,20251130,16,DET,133971,Axel Sandin-Pellikka,ROSTER,20.0,"5'11""",181.0,Sweden,Gallivare,True,D,26,2,4,6,1.08,0.15,0.08,0.23,22.9,11.3,0,0,2,2,0,0,0,0,0,0,0,0,0,0.0,-12,96,28,7.1,24,40,28,7,52,25,3,0,0,0,0.0,4,8,3,6,0,617,464,62,93,29515,4549,258,24708,DET,Atlantic,Eastern
2025-2026,20251130,6,PHI,11718,Travis Sanheim,ROSTER,29.0,"6'3""",181.0,Canada,"Elkhorn, MB",False,D,24,2,7,9,1.33,0.29,0.08,0.38,43.7,11.3,0,0,0,0,0,0,0,1,0,1,0,0,0,0.0,1,86,32,6.2,44,29,25,18,36,37,9,0,0,0,0.0,4,8,4,8,0,737,370,96,274,36661,4663,1419,30579,PHI,Metropolitan,Eastern
2025-2026,20251130,1,TBL,9078,Steven Santini,ROSTER,30.0,"6'2""",205.0,USA,"Mahopac, NY",False,D,6,0,1,1,0.5,0.17,0.0,0.17,5.9,0.0,0,0,0,0,0,0,0,0,0,0,0,0,0,0.0,1,13,3,0.0,5,8,2,5,8,3,0,0,0,0,0.0,0,0,0,0,0,96,57,19,20,4401,498,478,3425,TBL,Atlantic,Eastern
2025-2026,20251130,21,VAN,79679,Max Sasson,ROSTER,25.0,"6'1""",181.0,USA,"Birmingham, MI",True,C,23,5,2,7,0.83,0.09,0.22,0.3,17.7,8.5,1,0,1,1,0,0,0,0,0,0,0,0,0,0.0,-1,35,19,26.3,16,5,11,12,21,11,4,128,54,74,42.2,3,6,2,4,0,359,288,47,29,14827,2115,970,11742,VAN,Pacific,Western
2025-2026,20251130,24,EDM,43365,Matthew Savoie,ROSTER,21.0,"5'9""",175.0,Canada,"St. Albert, AB",True,C,26,3,4,7,1.31,0.15,0.12,0.27,9.9,0.0,1,1,1,2,0,0,0,0,0,0,1,0,0,0.0,-4,65,34,8.8,10,12,19,4,27,19,9,18,6,12,33.3,0,0,6,12,0,492,363,59,68,22049,3690,91,18034,EDM,Pacific,Western
2025-2026,20251130,8,NYI,168063,Matthew Schaefer,ROSTER,18.0,"6'2""",183.0,Canada,"Hamilton, ON",True,D,25,8,10,18,2.88,0.4,0.32,0.72,30.2,12.8,2,4,4,8,0,0,0,2,0,1,0,0,0,0.0,9,155,72,11.1,31,61,22,11,62,34,10,0,0,0,0.0,5,8,16,34,0,674,567,49,65,34992,5244,476,29272,NYI,Metropolitan,Eastern
2025-2026,20251130,18,NSH,43363,Reid Schaefer,ROSTER,22.0,"6'3""",213.0,Canada,"Spruce Grove, AB",True,LW,2,0,0,0,2.0,0.0,0.0,0.0,2.7,0.0,0,0,0,0,0,0,0,0,0,0,0,0,0,0.0,-2,5,4,0.0,2,0,1,3,2,0,0,0,0,0,0.0,0,0,0,0,0,23,16,2,5,1148,116,0,1032,NSH,Central,Western
2025-2026,20251130,2,WPJ,5003,Mark Scheifele,ROSTER,32.0,"6'3""",207.0,Canada,"Kitchener, ON",False,C,24,13,18,31,2.38,0.75,0.54,1.29,7.5,16.9,4,3,3,6,0,1,1,2,0,0,0,0,0,0.0,8,95,57,22.8,6,10,28,7,25,39,4,391,196,195,50.1,4,16,9,18,0,537,256,157,137,29116,8081,1757,19278,WPG,,
2025-2026,20251130,17,STL,4712,Brayden Schenn,ROSTER,34.0,"6'1""",200.0,Canada,"Saskatoon, SK",False,C,26,4,5,9,1.46,0.19,0.15,0.35,27.6,28.4,1,0,1,1,0,0,0,0,0,0,1,1,0,0.0,-15,83,38,10.5,11,22,23,55,16,25,7,246,136,110,55.3,5,16,6,18,2,558,294,126,142,26096,7960,1124,17012,STL,Central,Western
2025-2026,20251130,2,WPJ,4552,Luke Schenn,ROSTER,36.0,"6'2""",227.0,Canada,"Saskatoon, SK",False,D,17,0,4,4,0.82,0.24,0.0,0.24,32.6,22.7,0,0,0,0,0,0,0,0,0,0,0,0,0,0.0,-3,40,14,0.0,23,18,8,39,25,21,2,0,0,0,0.0,3,12,3,12,2,314,163,50,101,14026,2977,974,10075,WPG,,
2025-2026,20251130,30,UTA,10071,Nick Schmaltz,ROSTER,29.0,"6'0""",177.0,USA,"Madison, WI",False,C,26,10,12,22,2.5,0.46,0.38,0.85,15.5,5.7,3,3,3,6,0,0,0,2,0,0,0,0,0,0.0,-2,116,65,15.4,15,27,24,8,24,31,10,148,61,87,41.2,2,4,5,10,0,608,292,106,220,30747,5875,1066,23806,UTA,Central,Western
2025-2026,20251130,30,UTA,5269,Nate Schmidt,ROSTER,34.0,"6'0""",194.0,USA,"St. Cloud, MN",False,D,26,1,9,10,1.35,0.35,0.04,0.38,30.0,2.8,0,0,0,0,0,0,0,0,0,0,0,0,0,0.0,13,85,35,2.9,23,26,24,31,26,21,6,0,0,0,0.0,1,2,3,6,0,732,367,100,266,32397,6115,676,25606,UTA,Central,Western
2025-2026,20251130,9,NYR,29932,Braden Schneider,ROSTER,24.0,"6'2""",202.0,Canada,"Prince Albert, SK",True,D,27,1,4,5,1.07,0.15,0.04,0.19,56.2,11.3,0,0,0,0,0,0,0,0,0,0,0,0,0,0.0,0,79,29,3.4,42,33,17,61,47,31,9,0,0,0,0.0,4,8,6,12,0,637,416,84,123,29900,3369,649,25122,NYR,Metropolitan,Eastern
2025-2026,20251130,143,SEA,5088,Jaden Schwartz,ROSTER,33.0,"5'10""",190.0,Canada,"Wilcox, SK",False,LW,23,8,7,15,2.09,0.3,0.35,0.65,25.1,11.3,2,2,1,3,0,0,0,2,0,0,0,0,0,0.0,6,89,48,16.7,20,24,17,24,20,27,13,18,12,6,66.7,4,8,1,2,0,508,246,115,147,23751,5808,932,16612,SEA,Pacific,Western
2025-2026,20251130,4,FLO,28450,Cole Schwindt,ROSTER,24.0,"6'2""",182.0,Canada,"Kitchener, ON",True,RW,10,2,0,2,0.7,0.0,0.2,0.2,8.1,0.0,0,0,0,0,0,0,0,0,0,0,0,0,0,0.0,0,14,7,28.6,6,3,4,9,8,3,2,65,27,38,41.5,0,0,0,0,0,123,90,18,17,5184,1114,259,3811,FLA,,
2025-2026,20251130,13,OTT,29978,Donovan Sebrango,ROSTER,23.0,"6'1""",189.0,Canada,"Kingston, ON",True,D,2,0,0,0,0.5,0.0,0.0,0.0,0.3,9.9,0,0,0,0,0,0,0,0,0,0,0,0,0,0.0,-1,5,1,0.0,0,3,1,1,8,1,0,0,0,0,0.0,1,5,1,5,1,46,32,3,11,1827,4,0,1823,OTT,Atlantic,Eastern
2025-2026,20251130,13,OTT,29978,Donovan Sebrango,ROSTER,23.0,"6'1""",189.0,Canada,"Kingston, ON",True,D,2,0,0,0,0.5,0.0,0.0,0.0,0.3,9.9,0,0,0,0,0,0,0,0,0,0,0,0,0,0.0,-1,5,1,0.0,0,3,1,1,8,1,0,0,0,0,0.0,1,5,1,5,1,46,32,3,11,1827,4,0,1823,OTT,Atlantic,Eastern
2025-2026,20251130,4,FLO,29978,Donovan Sebrango,ROSTER,23.0,"6'1""",189.0,Canada,"Kingston, ON",True,D,8,0,2,2,0.88,0.25,0.0,0.25,14.1,15.6,0,0,0,0,0,0,0,0,0,0,0,0,0,0.0,1,15,7,0.0,11,4,4,14,15,8,1,0,0,0,0.0,3,9,3,9,1,144,113,14,17,6576,599,292,5685,FLA,,
2025-2026,20251130,4,FLO,29978,Donovan Sebrango,ROSTER,23.0,"6'1""",189.0,Canada,"Kingston, ON",True,D,8,0,2,2,0.88,0.25,0.0,0.25,14.1,15.6,0,0,0,0,0,0,0,0,0,0,0,0,0,0.0,1,15,7,0.0,11,4,4,14,15,8,1,0,0,0,0.0,3,9,3,9,1,144,113,14,17,6576,599,292,5685,FLA,,
2025-2026,20251130,6,PHI,12486,Nick Seeler,ROSTER,32.0,"6'2""",201.0,USA,"Eden Prairie, MN",False,D,24,0,3,3,1.17,0.12,0.0,0.12,51.3,11.3,0,0,0,0,0,0,0,0,0,0,0,0,0,0.0,-4,75,28,0.0,41,27,20,49,24,16,8,0,0,0,0.0,4,8,3,6,0,632,349,77,207,27538,4742,591,22169,PHI,Metropolitan,Eastern
2025-2026,20251130,27,DAL,4875,Tyler Seguin,ROSTER,33.0,"6'1""",200.0,Canada,"Brampton, ON",False,C,25,7,10,17,1.16,0.4,0.28,0.68,10.4,2.8,2,1,2,3,0,0,0,2,0,0,2,2,0,0.0,10,66,29,24.1,6,13,24,16,9,20,3,228,123,105,53.9,1,2,3,6,0,533,248,152,136,25966,7586,1524,16686,DAL,Central,Western
2025-2026,20251130,16,DET,18042,Moritz Seider,ROSTER,24.0,"6'3""",208.0,Germany,Zell Mosel,True,D,26,3,13,16,2.54,0.5,0.12,0.62,59.1,35.4,1,1,7,8,0,0,0,0,0,0,0,0,0,0.0,4,143,66,4.5,50,46,31,49,31,35,12,0,0,0,0.0,10,23,5,13,1,751,436,111,207,39063,6335,1555,31173,DET,Atlantic,Eastern
2025-2026,20251130,29,ANA,142129,Beckett Sennecke,ROSTER,19.0,"6'2""",177.0,Canada,"Toronto, ON",True,RW,24,7,11,18,1.79,0.46,0.29,0.75,15.3,19.8,2,1,1,2,0,0,0,0,0,0,0,0,0,0.0,3,85,43,16.3,9,22,20,23,35,26,7,2,1,1,50.0,7,14,13,26,0,531,470,56,13,24148,4040,395,19659,ANA,Pacific,Western
2025-2026,20251130,30,UTA,9635,Mikhail Sergachev,ROSTER,27.0,"6'2""",217.0,Russia,Nizhnekamsk,False,D,26,3,13,16,2.12,0.5,0.12,0.62,38.0,22.7,1,1,6,7,0,0,0,0,0,0,0,0,0,0.0,-4,122,55,5.5,42,44,23,6,22,44,10,0,0,0,0.0,8,16,6,12,0,740,356,170,217,38657,5374,2522,30761,UTA,Central,Western
2025-2026,20251130,19,CBJ,5453,Damon Severson,ROSTER,31.0,"6'2""",205.0,Canada,"Brandon, MB",False,D,25,1,7,8,1.04,0.28,0.04,0.32,30.9,17.0,0,0,1,1,0,0,0,0,0,0,0,0,0,0.0,5,86,26,3.8,26,35,25,26,18,24,8,0,0,0,0.0,6,12,3,6,0,574,281,117,176,29677,4711,2074,22808,CBJ,Metropolitan,Eastern
2025-2026,20251130,8,NYI,183905,Maxim Shabanov,ROSTER,25.0,"5'9""",167.0,Russia,Chelyabinsk,True,RW,13,3,4,7,1.54,0.31,0.23,0.54,6.4,0.0,1,0,2,2,0,0,0,0,0,0,0,0,0,0.0,0,43,20,15.0,4,11,12,9,17,9,3,1,0,1,0.0,0,0,2,4,0,221,202,13,10,10065,1543,0,8522,NYI,Metropolitan,Eastern
2025-2026,20251130,23,CGY,18107,Yegor Sharangovich,ROSTER,27.0,"6'2""",195.0,Belarus,Minsk,False,C,22,3,4,7,1.45,0.18,0.14,0.32,6.5,2.8,1,1,0,1,0,0,0,0,0,0,2,2,0,0.0,-8,66,32,9.4,6,19,15,4,15,10,1,32,9,23,28.1,1,2,2,4,0,398,239,103,60,19115,4417,1901,12715,CGY,Pacific,Western
2025-2026,20251130,10,PIT,5716,Ryan Shea,ROSTER,28.0,"6'1""",176.0,USA,"Milton, MA",False,D,24,2,8,10,0.96,0.33,0.08,0.42,32.4,16.9,0,0,0,0,0,0,0,0,0,0,0,0,0,0.0,4,56,23,8.7,34,18,15,10,41,25,7,0,0,0,0.0,4,16,2,4,0,548,317,116,107,28897,4280,2662,21383,PIT,Metropolitan,Eastern
2025-2026,20251130,9,NYR,5892,Conor Sheary,ROSTER,33.0,"5'8""",179.0,USA,"Winchester, MA",False,LW,24,0,5,5,1.5,0.21,0.0,0.21,16.5,8.5,0,0,1,1,0,0,0,0,0,0,0,0,0,0.0,-1,69,36,0.0,15,16,18,11,19,17,8,12,8,4,66.7,3,6,7,14,0,474,239,117,111,21076,4926,1355,14300,NYR,Metropolitan,Eastern
2025-2026,20251130,21,VAN,15089,Kiefer Sherwood,ROSTER,30.0,"6'0""",194.0,USA,"Columbus, OH",False,LW,26,12,4,16,1.92,0.15,0.46,0.62,47.0,22.7,4,3,2,5,1,0,1,1,0,1,1,1,0,0.0,-6,103,50,24.0,14,12,41,106,33,26,10,19,7,12,36.8,8,16,11,22,0,589,295,142,165,27674,3897,2419,21358,VAN,Pacific,Western
2025-2026,20251130,7,NJD,15109,Jonas Siegenthaler,ROSTER,28.0,"6'3""",210.0,Switzerland,Zurich,False,D,25,0,2,2,0.56,0.08,0.0,0.08,52.8,14.2,0,0,0,0,0,1,1,0,0,0,0,0,0,0.0,2,41,14,0.0,47,18,9,38,54,31,6,0,0,0,0.0,5,10,1,2,0,619,325,111,181,29885,3666,2301,24095,NJD,Metropolitan,Eastern
2025-2026,20251130,19,CBJ,34233,Cole Sillinger,ROSTER,22.0,"6'0""",197.0,USA,"Columbus, OH, United States",True,C,24,2,7,9,1.79,0.29,0.08,0.38,16.3,14.2,0,0,0,0,0,0,0,1,0,0,0,0,0,0.0,6,79,43,4.7,9,18,18,26,31,28,11,32,10,22,31.2,5,10,2,4,0,489,325,89,75,23614,4030,677,18806,CBJ,Metropolitan,Eastern
2025-2026,20251130,30,UTA,142305,Dmitri Simashev,ROSTER,,,,,,False,D,23,0,1,1,0.96,0.04,0.0,0.04,24.1,16.9,0,0,0,0,0,0,0,0,0,0,0,0,0,0.0,-9,40,22,0.0,25,9,9,8,45,25,1,0,0,0,0.0,4,16,1,2,0,477,445,20,12,21197,2610,201,18386,UTA,Central,Western
2025-2026,20251130,142,VGK,5330,Colton Sissons,ROSTER,32.0,"6'1""",200.0,Canada,"North Vancouver, BC",False,C,23,1,2,3,0.91,0.09,0.04,0.13,18.7,24.1,0,0,1,1,0,0,0,0,0,0,0,0,0,0.0,-5,43,21,4.8,11,8,14,28,22,13,2,236,133,103,56.4,6,15,5,15,1,388,191,92,106,15789,4077,937,10775,VGK,Pacific,Western
2025-2026,20251130,17,STL,30007,Hunter Skinner,ASSIGNED_TO_MINORS,24.0,"6'2""",182.0,USA,"Wyndotte, MI",True,D,1,0,0,0,0.0,0.0,0.0,0.0,2.2,0.0,0,0,0,0,0,0,0,0,0,0,0,0,0,0.0,1,1,0,0.0,1,1,0,4,1,0,0,0,0,0,0.0,0,0,0,0,0,16,10,1,5,645,115,0,530,STL,Central,Western
2025-2026,20251130,26,SJS,4876,Jeff Skinner,ROSTER,33.0,"5'11""",195.0,Canada,"Toronto, ON",False,LW,17,4,3,7,1.71,0.18,0.24,0.41,6.1,8.5,1,0,1,1,0,0,0,0,0,0,0,0,0,0.0,-4,60,29,13.8,4,18,13,8,13,16,2,8,2,6,25.0,3,6,7,14,0,267,153,79,39,12607,2784,1135,8688,SJS,Pacific,Western
2025-2026,20251130,18,NSH,5891,Brady Skjei,ROSTER,31.0,"6'3""",210.0,USA,"Lakeville, MN",False,D,25,0,6,6,1.64,0.24,0.0,0.24,25.5,15.6,0,0,2,2,0,0,0,0,0,0,0,0,0,0.0,-16,108,41,0.0,22,45,22,20,21,36,10,0,0,0,0.0,5,12,4,8,0,674,334,162,178,33727,4903,3759,25065,NSH,Central,Western
2025-2026,20251130,14,MTL,43333,Juraj Slafkovsky,ROSTER,21.0,"6'3""",238.0,Slovakia,Kosice,True,LW,24,7,6,13,2.0,0.25,0.29,0.54,32.5,22.7,2,4,2,6,0,0,0,0,0,0,0,0,0,0.0,4,98,48,14.6,21,23,27,44,26,16,2,21,5,16,23.8,8,16,7,14,0,478,362,82,41,25167,5298,741,19128,MTL,Atlantic,Eastern
2025-2026,20251130,20,CHI,56363,Landon Slaggert,ROSTER,23.0,"6'0""",180.0,USA,"South Bend, IN",False,LW,10,1,0,1,0.5,0.0,0.1,0.1,8.7,11.3,0,0,0,0,0,0,0,0,0,0,0,0,0,0.0,0,16,5,20.0,4,4,7,16,11,3,1,0,0,0,0.0,2,12,3,6,0,131,83,15,33,5442,698,151,4580,CHI,Central,Western
2025-2026,20251130,3,CAR,5866,Jaccob Slavin,ROSTER,31.0,"6'3""",207.0,USA,"Erie, CO",False,D,2,0,0,0,1.0,0.0,0.0,0.0,2.6,0.0,0,0,0,0,0,0,0,0,0,0,0,0,0,0.0,-1,10,2,0.0,3,5,3,0,3,3,2,0,0,0,0.0,0,0,0,0,0,49,26,14,9,2224,496,233,1495,CAR,Metropolitan,Eastern
2025-2026,20251130,19,CBJ,5032,Brendan Smith,ROSTER,36.0,"6'2""",200.0,Canada,"Mimico, ON",False,D,2,0,1,1,2.0,0.5,0.0,0.5,1.5,0.0,0,0,0,0,0,0,0,0,0,0,0,0,0,0.0,1,6,4,0.0,1,2,0,2,3,1,0,0,0,0,0.0,0,0,0,0,0,32,21,5,6,1489,353,35,1101,CBJ,Metropolitan,Eastern
2025-2026,20251130,18,NSH,28393,Cole Smith,ROSTER,30.0,"6'3""",195.0,USA,"Brainerd, MN",True,RW,13,3,0,3,1.38,0.0,0.23,0.23,14.1,11.3,1,0,0,0,0,0,0,1,0,0,0,0,0,0.0,-2,34,18,16.7,3,5,11,35,19,6,3,4,0,4,0.0,4,8,0,0,0,248,125,39,87,10481,1076,196,9209,NSH,Central,Western
2025-2026,20251130,142,VGK,5092,Reilly Smith,ROSTER,34.0,"6'1""",183.0,Canada,"Toronto, ON",False,RW,24,3,3,6,1.21,0.12,0.12,0.25,8.3,2.8,1,1,0,1,0,0,0,1,0,1,0,0,0,0.0,-4,53,29,10.3,5,12,12,12,19,18,6,0,0,0,0.0,1,2,3,8,0,440,222,122,99,19277,6069,1375,11833,VGK,Pacific,Western
2025-2026,20251130,26,SJS,134098,Will Smith,ROSTER,20.0,"6'0""",181.0,USA,"Boston, MA",True,C,26,10,14,24,2.46,0.54,0.38,0.92,7.5,14.2,3,3,5,8,0,0,0,2,0,1,2,1,0,0.0,2,129,64,15.6,6,38,27,7,15,24,6,26,6,20,23.1,5,10,5,10,0,522,349,30,154,28367,3762,43,24596,SJS,Pacific,Western
2025-2026,20251130,17,STL,56646,Jimmy Snuggerud,ROSTER,21.0,"6'1""",188.0,USA,"Chaska, MN",False,RW,26,5,6,11,1.81,0.23,0.19,0.42,22.0,8.5,1,2,2,4,0,0,0,2,0,0,2,0,0,0.0,-2,105,47,10.6,16,23,35,25,26,13,10,2,2,0,100.0,3,6,2,4,0,514,430,69,20,24100,4443,624,19033,STL,Central,Western
2025-2026,20251130,16,DET,30182,Elmer Soderblom,ROSTER,24.0,"6'8""",246.0,Sweden,Gteborg,True,LW,13,1,0,1,1.0,0.0,0.08,0.08,10.3,2.8,0,0,0,0,0,0,0,0,0,0,0,0,0,0.0,-3,34,13,7.7,2,9,12,26,11,11,2,1,1,0,100.0,1,2,3,6,0,194,132,41,22,8337,1291,645,6401,DET,Atlantic,Eastern
2025-2026,20251130,22,COL,30036,Ilya Solovyov,ROSTER,25.0,"6'3""",208.0,Belarus,Mogilev,True,D,9,0,0,0,1.0,0.0,0.0,0.0,16.5,5.7,0,0,0,0,0,0,0,0,0,0,0,0,0,0.0,-4,28,9,0.0,15,11,8,11,21,3,2,0,0,0,0.0,2,4,1,2,0,143,96,18,29,6240,555,572,5113,COL,Central,Western
2025-2026,20251130,9,NYR,14381,Carson Soucy,ROSTER,31.0,"6'5""",210.0,Canada,"Viking, AB",True,D,23,2,2,4,0.91,0.09,0.09,0.17,40.2,8.5,0,0,0,0,0,0,0,0,0,0,0,0,0,0.0,5,48,21,9.5,33,19,8,36,46,25,7,0,0,0,0.0,3,6,0,0,0,543,281,98,153,24947,3535,1710,18891,NYR,Metropolitan,Eastern
2025-2026,20251130,5,WSH,34057,Justin Sourdif,ROSTER,23.0,"5'11""",173.0,Canada,"Surrey, BC",True,RW,25,3,3,6,1.12,0.12,0.12,0.24,17.9,14.2,1,0,0,0,0,0,0,0,0,0,0,0,0,0.0,4,72,28,10.7,7,21,23,36,37,14,4,147,71,76,48.3,5,10,5,12,0,425,298,96,29,18783,4293,1597,12671,WSH,Metropolitan,Eastern
2025-2026,20251130,13,OTT,28485,Jordan Spence,ROSTER,24.0,"5'10""",175.0,Australia,"Manly, Australia",True,D,15,1,7,8,1.4,0.47,0.07,0.53,9.6,5.7,0,0,0,0,0,0,0,0,0,0,0,0,0,0.0,9,53,21,4.8,7,18,14,11,29,13,3,0,0,0,0.0,2,4,0,0,0,354,189,47,119,16285,1893,362,14030,OTT,Atlantic,Eastern
2025-2026,20251130,25,MIN,4918,Jared Spurgeon,ROSTER,36.0,"5'9""",167.0,Canada,"Edmonton, AB",False,D,26,1,3,4,0.96,0.12,0.04,0.15,51.7,8.5,0,1,2,3,0,0,0,0,0,0,0,0,0,0.0,-4,75,25,4.0,46,32,18,37,34,27,6,0,0,0,0.0,3,6,2,4,0,652,383,111,160,32920,7282,1704,23902,MIN,Central,Western
2025-2026,20251130,3,CAR,4029,Jordan Staal,ROSTER,37.0,"6'4""",220.0,Canada,"Thunder Bay, ON",False,C,21,7,2,9,1.29,0.1,0.33,0.43,21.7,29.7,2,0,0,0,0,0,0,0,0,0,0,0,0,0.0,2,53,27,25.9,11,11,15,37,19,16,5,423,245,178,57.9,6,23,6,15,1,471,225,125,128,19258,5089,1356,12813,CAR,Metropolitan,Eastern
2025-2026,20251130,18,NSH,4457,Steven Stamkos,ROSTER,35.0,"6'1""",194.0,Canada,"Markham, ON",False,C,25,6,3,9,1.88,0.12,0.24,0.36,15.7,25.5,2,2,0,2,0,0,0,1,0,1,1,0,0,0.0,-10,110,47,12.8,11,34,29,19,14,26,10,150,83,67,55.3,9,18,5,10,0,502,271,136,100,26142,8615,1930,15597,NSH,Central,Western
2025-2026,20251130,3,CAR,34846,Logan Stankoven,ROSTER,22.0,"5'8""",170.0,Canada,"Kamloops, BC",True,C,24,5,6,11,2.17,0.25,0.21,0.46,8.1,22.7,1,0,0,0,0,0,0,1,0,0,0,0,0,0.0,4,94,52,9.6,6,24,18,9,36,15,11,306,132,174,43.1,5,15,7,17,1,439,247,58,139,22288,1808,297,20183,CAR,Metropolitan,Eastern
2025-2026,20251130,2,WPJ,9644,Logan Stanley,ROSTER,27.0,"6'6""",216.0,Canada,"Kitchener, ON",False,D,24,3,6,9,0.96,0.25,0.12,0.38,41.8,63.8,1,0,0,0,0,0,0,1,0,0,0,0,0,0.0,2,73,23,13.0,33,22,28,41,47,17,7,0,0,0,0.0,15,39,8,25,3,502,320,108,77,24352,3478,2230,18644,WPG,,
2025-2026,20251130,18,NSH,38802,Spencer Stastney,ROSTER,25.0,"5'10""",180.0,USA,"Woodbridge, IL",True,D,25,1,6,7,0.92,0.24,0.04,0.28,18.5,5.7,0,0,0,0,0,1,1,0,0,0,0,0,0,0.0,-2,57,23,4.3,20,24,10,4,27,19,8,0,0,0,0.0,2,4,6,12,0,526,298,56,174,22643,1561,441,20642,NSH,Central,Western
2025-2026,20251130,24,EDM,10108,Troy Stecher,ROSTER,31.0,"5'10""",186.0,Canada,"Richmond, BC",False,D,6,0,0,0,0.5,0.0,0.0,0.0,3.2,11.3,0,0,0,0,0,0,0,0,0,0,0,0,0,0.0,0,9,3,0.0,3,5,1,2,16,8,2,0,0,0,0.0,4,8,0,0,0,108,70,28,10,4904,1152,357,3395,EDM,Pacific,Western
2025-2026,20251130,24,EDM,10108,Troy Stecher,ROSTER,31.0,"5'10""",186.0,Canada,"Richmond, BC",False,D,6,0,0,0,0.5,0.0,0.0,0.0,3.2,11.3,0,0,0,0,0,0,0,0,0,0,0,0,0,0.0,0,9,3,0.0,3,5,1,2,16,8,2,0,0,0,0.0,4,8,0,0,0,108,70,28,10,4904,1152,357,3395,EDM,Pacific,Western
2025-2026,20251130,12,TOR,10108,Troy Stecher,ROSTER,31.0,"5'10""",186.0,Canada,"Richmond, BC",False,D,6,0,2,2,0.67,0.33,0.0,0.33,4.8,0.0,0,0,0,0,0,0,0,0,0,0,0,0,0,0.0,2,15,4,0.0,4,9,2,4,11,6,1,0,0,0,0.0,0,0,1,2,0,148,97,22,29,6280,1107,635,4538,TOR,Atlantic,Eastern
2025-2026,20251130,12,TOR,10108,Troy Stecher,ROSTER,31.0,"5'10""",186.0,Canada,"Richmond, BC",False,D,6,0,2,2,0.67,0.33,0.0,0.33,4.8,0.0,0,0,0,0,0,0,0,0,0,0,0,0,0,0.0,2,15,4,0.0,4,9,2,4,11,6,1,0,0,0,0.0,0,0,1,2,0,148,97,22,29,6280,1107,635,4538,TOR,Atlantic,Eastern
2025-2026,20251130,27,DAL,9656,Sam Steel,ROSTER,27.0,"5'11""",189.0,Canada,"Edmonton, AB",False,C,25,3,6,9,1.04,0.24,0.12,0.36,18.0,14.2,1,1,2,3,0,0,0,2,0,0,0,0,0,0.0,-5,55,26,11.5,11,12,17,26,28,15,10,101,59,42,58.4,5,10,9,18,0,550,266,141,142,25737,4856,2230,18447,DAL,Central,Western
2025-2026,20251130,11,BOS,30004,Alex Steeves,ROSTER,25.0,"5'11""",185.0,USA,"Bedford, NH",True,C,11,3,1,4,1.55,0.09,0.27,0.36,24.0,12.8,1,0,0,0,1,0,1,0,0,0,0,0,0,0.0,-2,32,17,17.6,13,7,8,39,14,10,2,2,0,2,0.0,2,7,4,11,1,189,127,45,20,8002,2028,791,5183,BOS,Atlantic,Eastern
2025-2026,20251130,30,UTA,15136,Kevin Stenlund,ROSTER,29.0,"6'4""",210.0,Sweden,Stockholm,False,C,26,1,3,4,0.92,0.12,0.04,0.15,23.2,17.0,0,0,0,0,0,0,0,0,0,0,0,0,0,0.0,-5,54,24,4.2,19,13,17,21,26,19,8,407,211,196,51.8,6,12,0,0,0,549,268,132,150,23100,3191,1566,18343,UTA,Central,Western
2025-2026,20251130,143,SEA,5838,Chandler Stephenson,ROSTER,31.0,"6'0""",208.0,Canada,"Saskatoon, SK",False,C,24,4,8,12,1.33,0.33,0.17,0.5,15.9,2.8,1,2,2,4,0,0,0,0,0,0,1,0,0,0.0,-1,57,32,12.5,17,14,11,4,20,25,9,510,257,253,50.4,1,2,6,12,0,621,266,217,133,29084,6424,3287,18880,SEA,Pacific,Western
2025-2026,20251130,142,VGK,5105,Mark Stone,ROSTER,33.0,"6'3""",202.0,Canada,"Winnipeg, MB",False,RW,9,4,12,16,2.67,1.33,0.44,1.78,7.1,0.0,1,2,7,9,0,1,1,0,0,0,0,0,0,0.0,2,38,24,16.7,6,6,8,6,7,10,5,2,1,1,50.0,0,0,3,6,0,186,90,55,45,10086,2904,617,6565,VGK,Pacific,Western
2025-2026,20251130,5,WSH,5598,Dylan Strome,ROSTER,28.0,"6'3""",200.0,Canada,"Mississauga, ON",False,C,23,5,16,21,1.65,0.7,0.22,0.91,11.7,17.0,1,0,6,6,0,0,0,1,0,0,2,0,1,50.0,13,69,38,13.2,11,18,13,7,13,19,6,397,220,177,55.4,6,12,5,10,0,477,219,138,121,25048,5284,2861,16637,WSH,Metropolitan,Eastern
2025-2026,20251130,29,ANA,4997,Ryan Strome,ROSTER,32.0,"6'1""",190.0,Canada,"Mississauga, ON",False,C,8,1,2,3,1.5,0.25,0.12,0.38,3.6,2.8,0,1,0,1,0,0,0,0,0,0,0,0,0,0.0,-2,21,12,8.3,3,5,4,3,4,6,1,88,35,53,39.8,1,2,1,2,0,141,61,43,38,6489,1565,823,4101,ANA,Pacific,Western
2025-2026,20251130,14,MTL,38014,Jayden Struble,ROSTER,24.0,"6'0""",205.0,USA,"Cumberland, RI",True,D,19,0,4,4,0.58,0.21,0.0,0.21,21.3,45.3,0,0,0,0,0,0,0,0,0,0,0,0,0,0.0,-3,36,11,0.0,11,14,11,36,15,20,5,0,0,0,0.0,9,32,3,12,2,343,216,32,95,17329,2046,581,14702,MTL,Atlantic,Eastern
2025-2026,20251130,25,MIN,15974,Nico Sturm,ROSTER,30.0,"6'3""",207.0,Germany,Augsburg,False,C,4,1,0,1,0.75,0.0,0.25,0.25,4.0,0.0,0,0,0,0,0,0,0,0,0,0,0,0,0,0.0,0,8,3,33.3,2,2,3,7,3,2,1,32,15,17,46.9,0,0,1,2,0,61,39,15,8,2532,484,175,1873,MIN,Central,Western
2025-2026,20251130,13,OTT,19051,Tim Stützle,ROSTER,23.0,"6'0""",190.0,Germany,Viersen,True,C,24,11,12,23,2.46,0.5,0.46,0.96,28.8,18.4,3,2,4,6,0,0,0,3,0,1,3,1,2,66.67,5,110,59,18.6,17,33,18,43,39,30,7,224,133,91,59.4,7,12,11,22,0,630,411,132,100,29253,7339,2055,20181,OTT,Atlantic,Eastern
2025-2026,20251130,17,STL,5819,Oskar Sundqvist,ROSTER,31.0,"6'3""",209.0,Sweden,Boden,False,C,17,1,9,10,0.82,0.53,0.06,0.59,13.4,8.5,0,0,1,1,0,0,0,0,0,0,0,0,0,0.0,0,26,14,7.1,6,6,6,25,9,6,5,139,62,77,44.6,3,6,0,0,0,311,178,76,58,13513,2165,1308,10040,STL,Central,Western
2025-2026,20251130,17,STL,28325,Pius Suter,ROSTER,29.0,"5'11""",176.0,Switzerland,Wallisellen,True,C,25,6,6,12,1.56,0.24,0.24,0.48,11.6,11.3,2,1,1,2,0,1,1,2,0,0,0,0,0,0.0,-2,73,39,15.4,7,15,19,17,3,13,6,249,121,128,48.6,4,8,2,4,0,545,302,125,124,24771,4081,1290,19400,STL,Central,Western
2025-2026,20251130,14,MTL,13628,Nick Suzuki,ROSTER,26.0,"5'11""",208.0,Canada,"London, ON",False,C,24,7,21,28,2.0,0.88,0.29,1.17,25.1,5.7,2,4,8,12,0,0,0,0,0,0,2,1,0,0.0,14,107,48,14.6,22,17,42,19,27,18,5,418,216,202,51.7,2,4,2,4,0,529,230,49,257,29509,4585,787,24137,MTL,Atlantic,Eastern
2025-2026,20251130,18,NSH,37974,Fedor Svechkov,ROSTER,22.0,"6'0""",187.0,Russia,Togliatti,True,C,23,1,2,3,1.17,0.09,0.04,0.13,14.9,5.7,0,0,0,0,0,0,0,0,0,0,0,0,0,0.0,-11,49,27,3.7,10,13,9,19,25,12,4,152,66,86,43.4,2,4,3,6,0,354,252,42,61,16582,2265,417,13900,NSH,Central,Western
2025-2026,20251130,3,CAR,14525,Andrei Svechnikov,ROSTER,25.0,"6'2""",195.0,Russia,Barnaul,False,RW,24,7,7,14,2.96,0.29,0.29,0.58,12.5,17.0,2,4,0,4,0,0,0,1,0,0,2,1,0,0.0,0,148,71,9.9,3,42,35,30,32,24,5,6,4,2,66.7,6,12,2,4,0,482,297,101,91,23595,4622,1855,17118,CAR,Metropolitan,Eastern
2025-2026,20251130,30,UTA,9068,Brandon Tanev,ROSTER,33.0,"6'0""",180.0,Canada,"Toronto, ON",False,LW,26,0,1,1,0.65,0.04,0.0,0.04,31.9,14.2,0,0,0,0,0,0,0,0,0,0,0,0,0,0.0,-7,33,17,0.0,11,10,6,68,37,18,2,14,3,11,21.4,5,10,6,12,0,389,226,106,57,15565,2270,1647,11648,UTA,Central,Western
2025-2026,20251130,12,TOR,4939,Christopher Tanev,ROSTER,35.0,"6'2""",197.0,Canada,"Toronto, ON",False,D,8,0,2,2,0.75,0.25,0.0,0.25,7.5,0.0,0,0,0,0,0,0,0,0,0,0,0,0,0,0.0,5,16,6,0.0,8,8,2,2,20,3,4,0,0,0,0.0,0,0,2,4,0,211,116,36,59,8322,1526,146,6650,TOR,Atlantic,Eastern
2025-2026,20251130,25,MIN,5135,Vladimir Tarasenko,ROSTER,33.0,"6'0""",225.0,Russia,Yaroslavl,False,RW,19,2,8,10,1.68,0.42,0.11,0.53,12.3,0.0,0,1,6,7,0,0,0,0,0,0,2,2,0,0.0,-6,65,32,6.2,9,19,14,14,23,12,5,0,0,0,0.0,0,0,3,6,0,310,141,112,59,17279,4955,1360,10964,MIN,Central,Western
2025-2026,20251130,12,TOR,4680,John Tavares,ROSTER,35.0,"6'1""",215.0,Canada,"Mississauga, ON",False,C,25,12,16,28,3.08,0.64,0.48,1.12,12.6,11.3,4,2,2,4,0,0,0,1,0,1,0,0,0,0.0,2,145,77,15.6,5,34,34,25,18,21,7,417,254,163,60.9,4,8,4,8,0,538,275,143,133,27761,9761,1747,16214,TOR,Atlantic,Eastern
2025-2026,20251130,20,CHI,5355,Teuvo Teravainen,ROSTER,31.0,"5'11""",191.0,Finland,Helsinki,False,C,24,6,10,16,1.21,0.42,0.25,0.67,13.4,2.8,2,2,5,7,0,0,0,1,0,0,1,0,0,0.0,4,60,29,20.7,11,15,16,12,13,30,6,59,27,32,45.8,1,2,3,6,0,574,265,114,198,27921,7144,1447,19107,CHI,Central,Western
2025-2026,20251130,29,ANA,5738,Troy Terry,ROSTER,28.0,"6'0""",186.0,USA,"Denver, CO",False,RW,24,7,20,27,2.42,0.83,0.29,1.12,5.1,8.5,2,0,6,6,1,2,3,1,0,0,2,0,2,100.0,11,124,58,12.1,6,24,42,0,19,15,8,3,2,1,66.7,3,6,5,10,0,576,246,146,194,27486,5497,1618,20580,ANA,Pacific,Western
2025-2026,20251130,17,STL,15997,Alexandre Texier,ROSTER,26.0,"6'1""",192.0,France,Grenoble,False,LW,8,0,1,1,0.88,0.12,0.0,0.12,3.8,2.8,0,0,0,0,0,0,0,0,0,0,0,0,0,0.0,0,13,7,0.0,1,2,4,9,5,2,1,1,1,0,100.0,1,2,1,2,0,106,64,28,14,4923,1102,387,3434,STL,Central,Western
2025-2026,20251130,17,STL,15997,Alexandre Texier,ROSTER,26.0,"6'1""",192.0,France,Grenoble,False,LW,8,0,1,1,0.88,0.12,0.0,0.12,3.8,2.8,0,0,0,0,0,0,0,0,0,0,0,0,0,0.0,0,13,7,0.0,1,2,4,9,5,2,1,1,1,0,100.0,1,2,1,2,0,106,64,28,14,4923,1102,387,3434,STL,Central,Western
2025-2026,20251130,14,MTL,15997,Alexandre Texier,ROSTER,26.0,"6'1""",192.0,France,Grenoble,False,LW,2,0,1,1,0.5,0.5,0.0,0.5,0.7,0.0,0,0,0,0,0,0,0,0,0,0,0,0,0,0.0,-2,2,1,0.0,0,0,1,2,2,2,1,1,0,1,0.0,0,0,0,0,0,34,24,7,3,1567,314,22,1231,MTL,Atlantic,Eastern
2025-2026,20251130,14,MTL,15997,Alexandre Texier,ROSTER,26.0,"6'1""",192.0,France,Grenoble,False,LW,2,0,1,1,0.5,0.5,0.0,0.5,0.7,0.0,0,0,0,0,0,0,0,0,0,0,0,0,0,0.0,-2,2,1,0.0,0,0,1,2,2,2,1,1,0,1,0.0,0,0,0,0,0,34,24,7,3,1567,314,22,1231,MTL,Atlantic,Eastern
2025-2026,20251130,142,VGK,5900,Shea Theodore,ROSTER,30.0,"6'2""",195.0,Canada,"Langley, BC",False,D,25,3,11,14,2.24,0.44,0.12,0.56,32.9,5.7,1,1,3,4,0,0,0,1,0,0,0,0,0,0.0,2,130,56,5.4,38,50,24,1,32,34,9,0,0,0,0.0,2,4,5,10,0,715,345,235,138,36070,7816,3835,24361,VGK,Pacific,Western
2025-2026,20251130,17,STL,14609,Robert Thomas,ROSTER,26.0,"6'0""",188.0,Canada,"Aurora, ON",False,C,22,4,12,16,1.32,0.55,0.18,0.73,12.1,5.7,1,2,4,6,0,0,0,0,0,0,1,0,0,0.0,0,58,29,13.8,13,18,11,3,23,33,12,371,192,179,51.8,2,4,3,6,0,523,274,104,149,24896,4128,1575,19193,STL,Central,Western
2025-2026,20251130,15,BUF,9652,Tage Thompson,ROSTER,28.0,"6'6""",215.0,USA,"Oyster Bay, NY",False,C,25,12,9,21,3.72,0.36,0.48,0.84,20.9,24.1,4,2,3,5,0,0,0,0,0,0,2,1,1,50.0,-8,192,93,12.9,12,54,45,32,19,24,11,222,107,115,48.2,6,15,5,13,1,591,289,72,243,28198,4900,572,22852,BUF,Atlantic,Eastern
2025-2026,20251130,15,BUF,15181,Conor Timmins,ROSTER,27.0,"6'2""",185.0,Canada,"Thorold, ON",False,D,25,0,5,5,0.88,0.2,0.0,0.2,52.6,17.0,0,0,0,0,0,0,0,0,0,0,0,0,0,0.0,-8,68,22,0.0,54,26,20,19,38,30,8,0,0,0,0.0,6,12,4,8,0,633,316,67,250,29157,2282,387,26488,BUF,Atlantic,Eastern
2025-2026,20251130,6,PHI,13625,Owen Tippett,ROSTER,26.0,"6'0""",183.0,Canada,"Peterborough, ON",False,RW,24,8,9,17,2.46,0.38,0.33,0.71,24.7,22.6,2,1,0,1,0,0,0,0,0,0,0,0,0,0.0,2,108,59,13.6,13,18,30,41,22,29,6,1,0,1,0.0,6,20,6,12,0,527,290,120,125,23795,4097,1111,18587,PHI,Metropolitan,Eastern
2025-2026,20251130,13,OTT,14527,Brady Tkachuk,ROSTER,26.0,"6'4""",212.0,USA,"St. Louis, MO",False,LW,4,0,4,4,4.5,1.0,0.0,1.0,4.3,5.7,0,0,1,1,0,0,0,0,0,0,0,0,0,0.0,1,32,18,0.0,0,9,5,13,2,5,1,13,9,4,69.2,2,4,3,6,0,90,49,7,34,4023,650,126,3247,OTT,Atlantic,Eastern
2025-2026,20251130,22,COL,13917,Devon Toews,ROSTER,31.0,"6'1""",191.0,Canada,"Abbotsford, BC",False,D,25,1,7,8,1.4,0.28,0.04,0.32,31.6,17.0,0,0,0,0,0,0,0,0,0,0,0,0,0,0.0,20,91,35,2.9,33,33,23,10,9,28,9,0,0,0,0.0,6,12,2,4,0,689,323,210,157,34025,5238,4324,24463,COL,Central,Western
2025-2026,20251130,2,WPJ,4262,Jonathan Toews,ROSTER,37.0,"6'2""",201.0,Canada,"Winnipeg, MB",False,C,24,3,6,9,1.42,0.25,0.12,0.38,13.7,17.0,1,1,2,3,0,0,0,0,0,0,1,0,0,0.0,-12,64,34,8.8,14,10,20,5,23,14,4,359,226,133,63.0,6,12,3,6,0,502,243,132,130,23264,6725,1527,15012,WPG,,
2025-2026,20251130,26,SJS,5191,Tyler Toffoli,ROSTER,33.0,"6'0""",197.0,Canada,"Scarborough, ON",False,C,26,5,9,14,1.92,0.35,0.19,0.54,18.0,2.8,1,2,2,4,0,0,0,0,0,0,1,0,0,0.0,2,109,50,10.0,14,35,24,18,11,18,6,4,1,3,25.0,1,2,0,0,0,525,262,169,99,24802,6723,1607,16472,SJS,Pacific,Western
2025-2026,20251130,143,SEA,13645,Eeli Tolvanen,ROSTER,26.0,"5'10""",191.0,Finland,Vihti,False,RW,24,3,8,11,1.42,0.33,0.12,0.46,37.6,8.5,1,2,3,5,0,0,0,0,0,0,2,1,1,50.0,-3,85,34,8.8,20,28,23,62,19,20,5,0,0,0,0.0,3,6,4,8,0,470,260,155,51,21762,4492,2761,14161,SEA,Pacific,Western
2025-2026,20251130,24,EDM,183906,David Tomasek,ROSTER,29.0,"6'2""",210.0,Czech Republic,Praha,True,RW,18,2,2,4,1.28,0.11,0.11,0.22,9.0,11.3,0,0,2,2,0,0,0,0,0,0,1,0,0,0.0,-6,42,23,8.7,4,6,13,17,13,9,3,64,30,34,46.9,4,8,2,4,0,248,210,34,7,12079,2461,161,9492,EDM,Pacific,Western
2025-2026,20251130,10,PIT,24517,Philip Tomasino,ASSIGNED_TO_MINORS,24.0,"6'0""",180.0,Canada,"Mississauga, ON",False,RW,9,0,1,1,1.0,0.11,0.0,0.11,9.6,0.0,0,0,0,0,0,0,0,0,0,0,0,0,0,0.0,-2,19,9,0.0,7,3,7,11,14,3,0,4,2,2,50.0,0,0,0,0,0,130,81,32,11,6573,1019,587,4559,PIT,Metropolitan,Eastern
2025-2026,20251130,17,STL,18182,Alexei Toropchenko,ROSTER,26.0,"6'3""",187.0,Russia,Moscow,False,RW,17,1,1,2,0.76,0.06,0.06,0.12,23.7,13.4,0,0,0,0,1,0,1,0,0,0,0,0,0,0.0,-5,23,13,7.7,13,4,6,38,14,9,2,0,0,0,0.0,2,15,1,2,0,297,180,65,53,11723,2005,779,8939,STL,Central,Western
2025-2026,20251130,25,MIN,17203,Yakov Trenin,ROSTER,28.0,"6'2""",201.0,Russia,Chelyabinsk,True,C,26,1,5,6,1.19,0.19,0.04,0.23,52.9,29.8,0,0,0,0,0,0,0,0,0,0,0,0,0,0.0,2,66,31,3.2,15,10,25,121,39,23,5,56,21,35,37.5,8,19,3,9,1,390,220,94,77,20598,3897,2887,13814,MIN,Central,Western
2025-2026,20251130,9,NYR,5342,Vincent Trocheck,ROSTER,32.0,"5'10""",183.0,USA,"Pittsburgh, PA",False,C,13,5,6,11,1.46,0.46,0.38,0.85,26.8,11.3,1,0,1,1,0,0,0,1,0,0,1,0,1,100.0,-1,42,19,26.3,12,9,14,50,17,16,7,231,126,105,54.5,4,8,2,4,0,313,154,62,96,15087,4466,736,9458,NYR,Metropolitan,Eastern
2025-2026,20251130,29,ANA,5232,Jacob Trouba,ROSTER,31.0,"6'3""",209.0,USA,"Rochester, MI",False,D,24,4,9,13,1.62,0.38,0.17,0.54,57.9,5.7,1,0,0,0,0,0,0,1,0,1,0,0,0,0.0,14,93,39,10.3,46,31,23,56,20,29,8,0,0,0,0.0,2,4,3,6,0,663,334,132,201,32343,5350,1920,25073,ANA,Pacific,Western
2025-2026,20251130,8,NYI,142668,Maxim Tsyplakov,ROSTER,,,,,,False,RW,15,1,0,1,0.73,0.0,0.07,0.07,12.0,0.0,0,0,0,0,0,0,0,0,0,0,0,0,0,0.0,-7,22,11,9.1,4,7,4,26,8,11,2,7,2,5,28.6,0,0,1,2,0,197,170,11,17,8171,635,68,7468,NYI,Metropolitan,Eastern
2025-2026,20251130,15,BUF,11711,Alex Tuch,ROSTER,29.0,"6'4""",220.0,USA,"Syracuse, NY",False,RW,25,8,14,22,2.44,0.56,0.32,0.88,29.2,46.7,2,1,1,2,1,0,1,0,0,0,2,2,0,0.0,0,126,61,13.1,24,18,48,26,10,16,7,24,11,13,45.8,12,35,7,17,1,638,278,97,270,27563,4565,939,22059,BUF,Atlantic,Eastern
2025-2026,20251130,17,STL,20063,Tyler Tucker,ROSTER,25.0,"6'1""",205.0,Canada,"Thunder Bay, ON",False,D,23,1,3,4,0.91,0.13,0.04,0.17,22.3,55.3,0,0,0,0,0,0,0,0,0,0,0,0,0,0.0,-5,49,21,4.8,16,21,7,26,35,19,1,0,0,0,0.0,9,32,6,24,4,400,247,53,101,17377,2224,712,14441,STL,Central,Western
2025-2026,20251130,11,BOS,9651,Riley Tufte,ROSTER,27.0,"6'6""",220.0,USA,"Ham Lake, MN",False,LW,4,1,0,1,1.0,0.0,0.25,0.25,3.2,0.0,0,1,0,1,0,0,0,0,0,0,0,0,0,0.0,-1,8,4,25.0,1,0,4,7,4,1,0,0,0,0,0.0,0,0,0,0,0,56,38,8,11,2801,315,33,2453,BOS,Atlantic,Eastern
2025-2026,20251130,28,LAK,19087,Alex Turcotte,ROSTER,24.0,"5'11""",185.0,USA,"Elk Grove, IL",False,C,24,1,3,4,0.79,0.12,0.04,0.17,9.4,19.1,0,0,0,0,0,0,0,0,0,0,0,0,0,0.0,-3,42,19,5.3,9,13,10,5,29,12,2,147,77,70,52.4,6,15,4,8,0,311,211,56,45,13326,1976,597,10753,LAK,Pacific,Western
2025-2026,20251130,9,NYR,13633,Urho Vaakanainen,ROSTER,26.0,"6'2""",196.0,Finland,Joensuu,False,D,16,0,3,3,0.69,0.19,0.0,0.19,11.4,14.2,0,0,0,0,0,0,0,0,0,0,0,0,0,0.0,2,34,11,0.0,11,13,11,6,28,12,2,0,0,0,0.0,5,10,2,4,0,301,187,29,72,13967,1290,415,11593,NYR,Metropolitan,Eastern
2025-2026,20251130,16,DET,4683,James van Riemsdyk,ROSTER,36.0,"6'3""",217.0,USA,"Middletown, New Jersey",False,LW,20,3,1,4,1.35,0.05,0.15,0.2,10.4,11.3,1,2,0,2,0,0,0,0,0,0,1,0,1,100.0,-8,59,27,11.1,11,11,21,3,14,8,1,2,1,1,50.0,4,8,3,6,0,322,162,87,77,14111,5442,1163,8390,DET,Atlantic,Eastern
2025-2026,20251130,5,WSH,5460,Trevor van Riemsdyk,ROSTER,34.0,"6'2""",192.0,USA,"Middletown, New Jersey",False,D,18,1,1,2,0.61,0.06,0.06,0.11,19.8,14.2,0,0,0,0,0,0,0,0,0,0,0,0,0,0.0,-3,26,11,9.1,22,10,5,3,14,15,4,0,0,0,0.0,5,10,1,2,0,340,169,49,119,16387,2389,833,12963,WSH,Metropolitan,Eastern
2025-2026,20251130,29,ANA,5851,Frank Vatrano,ROSTER,31.0,"5'10""",200.0,USA,"East Longmeadow, MA",False,RW,24,2,1,3,1.67,0.04,0.08,0.12,31.6,25.5,0,0,1,1,0,0,0,1,0,0,0,0,0,0.0,-10,66,40,5.0,16,14,12,54,16,9,2,11,4,7,36.4,4,14,5,16,2,410,204,113,95,17623,2978,1987,12738,ANA,Pacific,Western
2025-2026,20251130,14,MTL,18040,Joe Veleno,ROSTER,25.0,"6'1""",191.0,Canada,"Montreal, QC",False,C,19,1,0,1,0.89,0.0,0.05,0.05,22.7,21.3,0,0,0,0,0,0,0,0,0,0,0,0,0,0.0,-9,31,17,5.9,11,7,7,40,13,6,1,106,54,52,50.9,5,13,3,9,1,282,150,50,83,13479,1611,255,11613,MTL,Atlantic,Eastern
2025-2026,20251130,4,FLO,17177,Carter Verhaeghe,ROSTER,30.0,"6'1""",177.0,Canada,"Waterdown, ON",False,C,24,4,12,16,2.38,0.5,0.17,0.67,14.8,8.5,1,1,3,4,0,0,0,1,0,0,0,0,0,0.0,-3,122,57,7.0,8,44,21,24,33,18,7,28,12,16,42.9,3,6,6,12,0,525,259,124,147,25790,6838,1969,16983,FLA,,
2025-2026,20251130,11,BOS,18174,Jeffrey Viel,ROSTER,28.0,"6'0""",195.0,Canada,"Rimouski, QC",False,LW,9,0,0,0,1.22,0.0,0.0,0.0,12.0,39.6,0,0,0,0,0,0,0,0,0,0,0,0,0,0.0,-1,21,11,0.0,4,5,5,26,5,2,1,2,1,1,50.0,7,28,5,16,2,124,70,31,23,5261,1012,795,3454,BOS,Atlantic,Eastern
2025-2026,20251130,2,WPJ,18069,Gabriel Vilardi,ROSTER,26.0,"6'2""",185.0,Canada,"Kingston, ON",False,C,24,11,10,21,2.33,0.42,0.46,0.88,10.0,14.2,3,4,3,7,0,0,0,2,0,0,1,0,1,100.0,-1,103,56,19.6,9,19,28,7,26,17,5,31,16,15,51.6,5,10,7,14,0,503,278,209,28,26815,6809,5932,14260,WPG,,
2025-2026,20251130,20,CHI,38015,Alex Vlasic,ROSTER,24.0,"6'6""",200.0,USA,"Wilmette, IL",True,D,23,2,3,5,0.96,0.13,0.09,0.22,37.2,9.9,0,0,0,0,0,0,0,0,0,0,0,0,0,0.0,-4,57,22,9.1,38,18,17,14,41,23,10,0,0,0,0.0,1,5,2,7,1,575,261,37,272,29586,1817,343,27103,CHI,Central,Western
2025-2026,20251130,19,CBJ,56385,Dmitri Voronkov,ROSTER,25.0,"6'3""",183.0,Russia,,False,LW,25,9,9,18,1.96,0.36,0.36,0.72,19.4,34.0,3,3,0,3,0,0,0,0,0,0,0,0,0,0.0,6,90,49,18.4,6,8,33,43,12,24,4,16,3,13,18.8,12,24,2,4,0,496,293,112,100,23888,4933,1360,17595,CBJ,Metropolitan,Eastern
2025-2026,20251130,17,STL,13691,Nathan Walker,ROSTER,31.0,"5'9""",186.0,United Kingdom,Cardiff,False,LW,24,3,6,9,1.12,0.25,0.12,0.38,46.9,18.4,1,0,0,0,0,0,0,1,0,0,0,0,0,0.0,-1,47,27,11.1,20,6,13,90,24,12,2,48,27,21,56.2,6,14,5,10,0,421,220,128,76,18197,3706,1935,12556,STL,Central,Western
2025-2026,20251130,3,CAR,15368,Sean Walker,ROSTER,31.0,"5'11""",196.0,Canada,"Keswick, ON",False,D,24,4,4,8,2.33,0.17,0.17,0.33,43.0,19.8,1,0,1,1,0,0,0,0,0,0,0,0,0,0.0,-3,148,56,7.1,34,61,31,42,49,21,5,0,0,0,0.0,7,14,8,16,0,695,363,119,217,33613,3506,1358,28749,CAR,Metropolitan,Eastern
2025-2026,20251130,24,EDM,13672,Jake Walman,ROSTER,29.0,"6'1""",170.0,Canada,"Toronto, ON",False,D,17,3,7,10,1.35,0.41,0.18,0.59,28.9,11.3,1,1,0,1,1,0,1,1,0,1,0,0,0,0.0,-3,66,23,13.0,31,32,11,7,4,23,7,0,0,0,0.0,4,8,1,2,0,406,205,113,84,20523,3709,2012,14330,EDM,Pacific,Western
2025-2026,20251130,8,NYI,56461,Marshall Warren,ASSIGNED_TO_MINORS,24.0,"5'11""",170.0,USA,"Laurel Hollow, NY",False,D,2,0,2,2,0.0,1.0,0.0,1.0,0.7,2.8,0,0,0,0,0,0,0,0,0,0,0,0,0,0.0,1,1,0,0.0,0,1,0,2,5,2,1,0,0,0,0.0,1,2,1,2,0,36,22,3,11,1456,150,33,1273,NYI,Metropolitan,Eastern
2025-2026,20251130,23,CGY,12274,MacKenzie Weegar,ROSTER,31.0,"6'0""",200.0,Canada,"Nepean, ON",False,D,26,1,4,5,2.15,0.15,0.04,0.19,66.6,43.9,0,0,2,2,0,0,0,0,0,0,0,0,0,0.0,-20,140,56,1.8,53,57,27,64,60,43,10,0,0,0,0.0,11,33,4,11,1,846,352,197,298,37129,6926,2736,27467,CGY,Pacific,Western
2025-2026,20251130,26,SJS,5449,Alexander Wennberg,ROSTER,31.0,"6'2""",197.0,Sweden,Stockholm,False,C,26,5,8,13,1.12,0.31,0.19,0.5,29.7,11.3,1,2,3,5,0,0,0,1,0,0,0,0,0,0.0,-9,51,29,17.2,32,16,6,7,16,20,13,407,195,212,47.9,4,8,7,14,0,644,311,180,158,32235,6976,3019,22240,SJS,Pacific,Western
2025-2026,20251130,19,CBJ,5603,Zach Werenski,ROSTER,28.0,"6'2""",212.0,USA,"Grosse Pointe, MI",False,D,25,9,15,24,3.88,0.6,0.36,0.96,35.8,0.0,3,1,5,6,0,1,1,0,0,0,0,0,0,0.0,6,211,97,9.3,36,69,45,15,35,50,14,0,0,0,0.0,0,0,2,4,0,665,349,89,234,39764,7699,1358,30646,CBJ,Metropolitan,Eastern
2025-2026,20251130,7,NJD,15576,Colton White,ROSTER,28.0,"6'1""",190.0,Canada,"London, ON",False,D,8,0,0,0,0.38,0.0,0.0,0.0,8.3,0.0,0,0,0,0,0,0,0,0,0,0,0,0,0,0.0,1,11,3,0.0,7,7,1,7,17,7,1,0,0,0,0.0,0,0,0,0,0,133,76,22,32,5779,556,419,4706,NJD,Metropolitan,Eastern
2025-2026,20251130,142,VGK,14133,Zach Whitecloud,ROSTER,29.0,"6'2""",209.0,Canada,"Brandon, MB",False,D,25,0,3,3,0.76,0.12,0.0,0.12,35.8,17.0,0,0,0,0,0,0,0,0,0,0,0,0,0,0.0,-6,63,19,0.0,26,34,10,41,62,20,1,0,0,0,0.0,6,12,4,8,0,592,371,142,79,27358,5907,2274,19177,VGK,Pacific,Western
2025-2026,20251130,18,NSH,28517,Ozzy Wiesblatt,ROSTER,23.0,"5'10""",183.0,Canada,"Calgary, AB",True,C,22,0,3,3,0.95,0.14,0.0,0.14,25.2,35.4,0,0,0,0,0,0,0,0,0,0,1,0,1,100.0,-8,45,21,0.0,7,13,11,58,37,10,4,4,0,4,0.0,10,23,6,15,1,336,224,57,56,14533,1896,672,12348,NSH,Central,Western
2025-2026,20251130,21,VAN,166972,Tom Willander,ROSTER,20.0,"6'1""",179.0,Sweden,Stockholm,True,D,16,0,6,6,0.62,0.38,0.0,0.38,13.8,2.8,0,0,1,1,0,0,0,0,0,0,0,0,0,0.0,0,37,10,0.0,15,14,13,3,22,9,3,0,0,0,0.0,1,2,1,2,0,314,264,29,21,13179,2561,259,10359,VAN,Pacific,Western
2025-2026,20251130,18,NSH,53068,Adam Wilsby,ROSTER,25.0,"6'0""",183.0,Sweden,Stockholm,True,D,15,0,2,2,1.07,0.13,0.0,0.13,10.8,14.2,0,0,0,0,0,0,0,0,0,0,0,0,0,0.0,-2,42,16,0.0,11,20,6,4,24,14,3,0,0,0,0.0,5,10,1,2,0,326,243,39,44,14864,3182,594,11088,NSH,Central,Western
2025-2026,20251130,5,WSH,5225,Tom Wilson,ROSTER,31.0,"6'4""",220.0,Canada,"Toronto, ON",False,RW,25,13,13,26,2.16,0.52,0.52,1.04,35.0,67.9,4,4,2,6,0,0,0,1,0,0,0,0,0,0.0,13,105,54,24.1,15,22,29,67,28,28,7,15,7,8,46.7,15,52,12,30,2,593,290,170,140,29204,7326,2514,19065,WSH,Metropolitan,Eastern
2025-2026,20251130,143,SEA,56633,Ryan Winterton,ROSTER,22.0,"6'2""",175.0,Canada,"Whitby, ON",False,C,24,2,2,4,0.75,0.08,0.08,0.17,18.0,5.7,0,0,0,0,0,0,0,0,0,0,0,0,0,0.0,-1,41,18,11.1,11,11,12,26,33,10,4,0,0,0,0.0,2,4,6,12,0,404,268,57,76,17080,1673,906,14248,SEA,Pacific,Western
2025-2026,20251130,18,NSH,142645,Matthew Wood,ROSTER,,,,,,False,RW,18,7,4,11,1.89,0.22,0.39,0.61,10.0,0.0,2,2,3,5,0,0,0,0,0,0,1,0,0,0.0,-5,63,34,20.6,7,17,12,12,16,7,1,11,3,8,27.3,0,0,5,10,0,285,240,46,6,14052,2731,308,11013,NSH,Central,Western
2025-2026,20251130,19,CBJ,9079,Miles Wood,ROSTER,30.0,"6'2""",195.0,USA,"Buffalo, NY",False,LW,19,6,2,8,1.79,0.11,0.32,0.42,10.2,14.2,2,0,0,0,0,1,1,1,0,1,0,0,0,0.0,-7,57,34,17.6,5,11,12,18,20,16,1,6,1,5,16.7,5,10,5,12,0,321,172,73,81,14942,3132,917,10893,CBJ,Metropolitan,Eastern
2025-2026,20251130,10,PIT,5707,Parker Wotherspoon,ROSTER,28.0,"6'0""",172.0,Canada,"Surrey, BC",False,D,24,2,7,9,0.96,0.29,0.08,0.38,47.3,28.3,0,0,0,0,0,1,1,1,0,0,0,0,0,0.0,6,56,23,8.7,37,24,9,47,33,35,10,0,0,0,0.0,8,24,3,6,0,566,318,144,95,30411,4924,2304,22585,PIT,Metropolitan,Eastern
2025-2026,20251130,143,SEA,43332,Shane Wright,ROSTER,21.0,"6'1""",199.0,Canada,"Burlington, ON",True,C,24,5,6,11,1.33,0.25,0.21,0.46,16.6,2.8,1,1,1,2,0,0,0,1,0,1,0,0,0,0.0,0,59,32,15.6,12,12,15,19,33,24,2,173,65,108,37.6,1,2,3,6,0,452,337,71,43,20205,3238,626,16047,SEA,Pacific,Western
2025-2026,20251130,14,MTL,34148,Arber Xhekaj,ROSTER,24.0,"6'4""",238.0,Canada,"Hamilton, ON",True,D,22,0,1,1,0.77,0.05,0.0,0.05,27.3,65.2,0,0,0,0,0,0,0,0,0,0,0,0,0,0.0,-6,44,17,0.0,16,24,3,41,26,12,1,0,0,0,0.0,11,42,6,24,4,336,256,28,52,15496,2094,359,13043,MTL,Atlantic,Eastern
2025-2026,20251130,14,MTL,133820,Florian Xhekaj,ROSTER,21.0,"6'3""",188.0,Canada,"Hamilton, ON",True,LW,4,0,1,1,1.0,0.25,0.0,0.25,5.4,12.8,0,0,0,0,0,0,0,0,0,0,0,0,0,0.0,0,8,4,0.0,4,3,1,6,2,4,0,0,0,0,0.0,2,7,1,5,1,55,53,2,0,2413,521,65,1827,MTL,Atlantic,Eastern
2025-2026,20251130,30,UTA,13637,Kailer Yamamoto,ROSTER,27.0,"5'8""",153.0,USA,"Spokane, WA",False,RW,18,3,3,6,0.67,0.17,0.17,0.33,6.1,11.3,1,0,0,0,0,0,0,0,0,0,0,0,0,0.0,4,27,12,25.0,4,7,8,8,14,6,1,21,9,12,42.9,4,8,7,14,0,290,170,81,42,12939,1589,1703,9647,UTA,Central,Western
2025-2026,20251130,6,PHI,30026,Cameron York,ROSTER,24.0,"5'11""",172.0,USA,"Anaheim Hills, CA",True,D,21,1,11,12,0.76,0.52,0.05,0.57,39.2,11.3,0,1,4,5,0,0,0,0,0,0,0,0,0,0.0,-1,49,16,6.2,45,19,14,2,35,23,6,0,0,0,0.0,4,8,0,0,0,635,369,120,148,30725,4498,1148,25079,PHI,Metropolitan,Eastern
2025-2026,20251130,25,MIN,56469,Danila Yurov,ROSTER,21.0,"6'1""",178.0,Russia,Chelyabinsk,False,RW,21,3,4,7,1.19,0.19,0.14,0.33,16.6,0.0,1,0,0,0,0,0,0,2,0,0,0,0,0,0.0,-3,47,25,12.0,14,11,11,14,19,14,5,161,61,100,37.9,0,0,3,8,0,298,243,30,28,14558,2420,157,11981,MIN,Central,Western
2025-2026,20251130,11,BOS,5601,Pavel Zacha,ROSTER,28.0,"6'3""",210.0,Czech Republic,Brno,False,C,26,5,12,17,1.5,0.46,0.19,0.65,19.5,24.1,1,2,8,10,0,0,0,1,0,1,0,0,0,0.0,-6,71,39,12.8,12,7,25,28,10,21,8,297,154,143,51.9,8,18,1,2,0,562,249,189,129,27980,5952,2867,19161,BOS,Atlantic,Eastern
2025-2026,20251130,11,BOS,5270,Nikita Zadorov,ROSTER,30.0,"6'6""",235.0,Russia,Moscow,False,D,27,1,7,8,1.26,0.26,0.04,0.3,59.0,73.7,0,0,0,0,0,0,0,0,0,0,0,0,0,0.0,2,84,34,2.9,36,33,17,85,39,28,15,0,0,0,0.0,21,48,13,32,2,718,360,106,253,35705,5496,2372,27837,BOS,Atlantic,Eastern
2025-2026,20251130,6,PHI,21853,Egor Zamula,ROSTER,25.0,"6'3""",170.0,Russia,Chelyabinsk,True,D,11,0,1,1,0.73,0.09,0.0,0.09,11.5,5.7,0,0,0,0,0,0,0,0,0,0,0,0,0,0.0,5,15,8,0.0,13,6,1,1,15,8,1,0,0,0,0.0,2,4,0,0,0,209,133,21,55,9048,1354,235,7459,PHI,Metropolitan,Eastern
2025-2026,20251130,23,CGY,28538,Connor Zary,ROSTER,24.0,"6'0""",178.0,Canada,"Saskatoon, SK",True,C,24,2,2,4,1.33,0.08,0.08,0.17,10.8,14.2,0,1,0,1,0,0,0,0,0,0,1,0,0,0.0,-3,61,32,6.2,6,13,16,17,13,10,5,89,34,55,38.2,5,10,7,14,0,426,261,108,59,19806,3809,1747,14250,CGY,Pacific,Western
2025-2026,20251130,6,PHI,25981,Trevor Zegras,ROSTER,24.0,"6'1""",185.0,USA,"Bedford, NY",True,C,24,9,15,24,2.29,0.62,0.38,1.0,9.3,22.6,3,3,5,8,0,0,0,1,0,0,4,0,4,100.0,1,116,55,16.4,7,26,35,10,26,23,6,87,35,52,40.2,6,20,5,10,0,514,331,93,103,26420,4589,1286,20720,PHI,Metropolitan,Eastern
2025-2026,20251130,29,ANA,32258,Olen Zellweger,ROSTER,22.0,"5'10""",175.0,Canada,"Calgary, AB",True,D,24,4,5,9,2.12,0.21,0.17,0.38,27.6,19.8,1,1,1,2,0,0,0,1,0,1,0,0,0,0.0,9,115,51,7.8,28,37,27,11,55,20,6,0,0,0,0.0,7,14,7,14,0,552,399,56,102,27262,3784,587,22892,ANA,Pacific,Western
2025-2026,20251130,13,OTT,18106,Fabian Zetterlund,ROSTER,26.0,"5'11""",196.0,Sweden,Karlstad,False,LW,24,4,3,7,1.5,0.12,0.17,0.29,22.5,8.5,1,1,0,1,0,0,0,0,0,0,0,0,0,0.0,0,75,36,11.1,12,19,20,37,33,11,3,6,2,4,33.3,3,6,7,14,0,486,233,83,174,20529,2759,771,16999,OTT,Atlantic,Eastern
2025-2026,20251130,9,NYR,5000,Mika Zibanejad,ROSTER,32.0,"6'2""",208.0,Sweden,Stockholm,False,C,27,9,10,19,3.04,0.37,0.33,0.7,28.8,8.5,3,6,3,9,1,0,1,2,0,0,0,0,0,0.0,-9,138,82,11.0,19,20,40,38,13,32,12,346,185,161,53.5,3,6,3,6,0,679,338,148,186,33134,8586,1821,21929,NYR,Metropolitan,Eastern
2025-2026,20251130,13,OTT,28480,Artem Zub,ROSTER,30.0,"6'2""",202.0,Russia,Khabarovsk,True,D,24,2,8,10,1.12,0.33,0.08,0.42,42.2,19.8,0,0,0,0,0,0,0,0,0,0,0,0,0,0.0,2,66,27,7.4,38,19,20,29,29,23,5,0,0,0,0.0,7,14,0,0,0,658,494,115,51,28871,4405,1370,23096,OTT,Atlantic,Eastern
2025-2026,20251130,25,MIN,4927,Mats Zuccarello,ROSTER,38.0,"5'8""",178.0,Norway,Oslo,False,RW,11,1,9,10,1.45,0.82,0.09,0.91,4.2,5.7,0,0,2,2,0,0,0,0,0,0,3,1,1,33.33,0,38,16,6.2,3,10,12,5,9,14,2,12,7,5,58.3,2,4,2,4,0,212,101,81,32,12336,3615,1190,7577,MIN,Central,Western
2025-2026,20251130,15,BUF,5093,Jason Zucker,ROSTER,33.0,"5'11""",192.0,USA,"Newport Beach, CA",False,LW,17,6,7,13,2.18,0.41,0.35,0.76,8.9,8.5,2,2,2,4,0,0,0,1,0,0,0,0,0,0.0,-6,64,37,16.2,3,12,15,19,9,15,2,41,15,26,36.6,3,6,3,6,0,329,180,78,77,15718,5001,796,9921,BUF,Atlantic,Eastern
