SEASON_ID,SNAPSHOT_DATE,TEAM_ID,TEAM_ABBR,PLAYER_ID,NAME,STATUS,AGE,HEIGHT,WEIGHT,BIRTH_COUNTRY,BIRTH_CITY,ROOKIE,POSITION,GAMES_PLAYED,GOALS,ASSISTS,POINTS,SOGPG,APG,GPG,PGP,DEF_WALL,PHYSICAL,HAT_TRICKS,PP_GOALS,PP_ASSISTS,PP_POINTS,SH_GOALS,SH_ASSISTS,SH_POINTS,GW_GOALS,GT_GOALS,OT_GOALS,SO_ATTEMPTS,SO_MISSES,SO_GOALS,SO_GOAL_PCT,PLUS_MINUS,SHOT_ATTEMPTS,SHOTS_ON_GOAL,SHOT_PCT,BLOCKED_SHOTS,BLOCKED_SHOTS_AGAINST,MISSED_SHOTS,HITS,HITS_RECEIVED,GIVEAWAYS,TAKEAWAYS,FACEOFFS,FACEOFF_WINS,FACEOFF_LOSSES,FACEOFF_PCT,PENALTIES,PIM,PENALTIES_DRAWN,PENALTY_MIN_DRAWN,FIGHTS,SHIFTS,EVEN_STR_SHIFTS,PP_SHIFTS,SH_SHIFTS,TIME_ON_ICE,EVENT_TOI,PP_TOI,SH_TOI,TEAM_ABBR_CANON,division,conference
2025-2026,20251109,6,PHI,18056,Rodrigo Abols,ROSTER,29.0,"6'4""",206.0,Latvia,Riga,False,C,10,0,0,0,1.1,0.0,0.0,0.0,10.1,13.2,0,0,0,0,0,0,0,0,0,0,0,0,0,0.0,-4,24,11,0.0,4,7,6,9,8,4,3,49,32,17,65.3,1,5,2,7,1,125,76,27,22,5491,728,394,4369,PHI,Metropolitan,Eastern
2025-2026,20251109,10,PIT,5927,Noel Acciari,ROSTER,33.0,"5'10""",203.0,USA,"Johnston, RI",False,C,13,0,3,3,0.85,0.23,0.0,0.23,22.8,16.3,0,0,0,0,0,0,0,0,0,0,0,0,0,0.0,3,18,11,0.0,10,4,4,18,20,1,2,87,53,34,60.9,2,12,0,0,0,241,114,45,75,10088,1686,479,7651,PIT,Metropolitan,Eastern
2025-2026,20251109,30,UTA,5234,Andrew Agozzino,ASSIGNED_TO_MINORS,34.0,"5'10""",187.0,Canada,"Kleinburg, ON",False,LW,2,0,0,0,0.0,0.0,0.0,0.0,3.5,0.0,0,0,0,0,0,0,0,0,0,0,0,0,0,0.0,0,1,0,0.0,1,0,1,4,1,1,1,7,3,4,42.9,0,0,1,2,0,20,12,4,4,736,91,0,645,UTA,Central,Western
2025-2026,20251109,22,COL,28441,Jack Ahcan,ROSTER,28.0,"5'8""",185.0,USA,"Savage, MN",True,D,4,0,1,1,0.25,0.25,0.0,0.25,6.1,0.0,0,0,0,0,0,0,0,0,0,0,0,0,0,0.0,4,5,1,0.0,3,2,2,4,8,2,0,0,0,0,0.0,0,0,0,0,0,62,44,6,12,2806,305,163,2338,COL,Central,Western
2025-2026,20251109,3,CAR,5630,Sebastian Aho,ROSTER,28.0,"6'0""",176.0,Finland,Rauma,False,C,14,5,10,15,2.29,0.71,0.36,1.07,19.5,8.5,1,0,3,3,0,0,0,0,0,0,0,0,0,0.0,3,68,32,15.6,7,11,25,19,7,18,7,236,110,126,46.6,2,4,4,8,0,321,149,58,119,16870,3584,938,12348,CAR,Metropolitan,Eastern
2025-2026,20251109,13,OTT,12009,Michael Amadio,ROSTER,29.0,"6'1""",204.0,Canada,"Sault Ste. Marie, ON",False,RW,15,5,1,6,1.13,0.07,0.33,0.4,29.9,4.3,1,0,0,0,0,0,0,0,0,0,0,0,0,0.0,1,32,17,29.4,13,5,10,24,20,13,10,5,3,2,60.0,1,2,3,6,0,323,144,82,102,13302,2288,1055,9959,OTT,Atlantic,Eastern
2025-2026,20251109,21,VAN,39762,Nils Aman,ASSIGNED_TO_MINORS,25.0,"6'2""",179.0,Sweden,Avesta,True,C,2,0,0,0,0.5,0.0,0.0,0.0,2.4,0.0,0,0,0,0,0,0,0,0,0,0,0,0,0,0.0,0,3,1,0.0,1,2,0,2,1,1,0,2,1,1,50.0,0,0,0,0,0,23,19,1,3,1039,48,31,960,VAN,Pacific,Western
2025-2026,20251109,14,MTL,5513,Josh Anderson,ROSTER,31.0,"6'3""",227.0,Canada,"Burlington, ON",False,RW,15,1,2,3,1.0,0.13,0.07,0.2,25.0,8.5,0,0,0,0,0,0,0,0,0,0,0,0,0,0.0,-5,29,15,6.7,10,4,10,22,8,7,0,7,5,2,71.4,2,4,3,6,0,284,135,81,69,13442,2186,1458,9798,MTL,Atlantic,Eastern
2025-2026,20251109,28,LAK,18073,Michael Anderson,ROSTER,26.0,"5'11""",194.0,USA,"Roseville, MN",False,D,15,1,2,3,0.6,0.13,0.07,0.2,39.4,4.3,0,0,0,0,0,0,0,0,0,0,0,0,0,0.0,3,31,9,11.1,23,15,7,18,29,13,2,0,0,0,0.0,1,2,5,10,0,350,203,64,84,17551,2543,921,14087,LAK,Pacific,Western
2025-2026,20251109,23,CGY,5647,Rasmus Andersson,ROSTER,29.0,"6'1""",214.0,Sweden,Malmö,False,D,16,2,3,5,2.25,0.19,0.12,0.31,37.5,34.1,0,1,1,2,0,0,0,0,0,0,1,0,0,0.0,0,84,36,5.6,25,26,22,10,27,26,3,0,0,0,0.0,8,16,8,16,0,545,240,109,198,23014,3095,1622,18297,CGY,Pacific,Western
2025-2026,20251109,6,PHI,38011,Emil Andrae,ROSTER,23.0,"5'8""",181.0,Sweden,Västervik,True,D,5,0,0,0,0.8,0.0,0.0,0.0,2.8,4.3,0,0,0,0,0,0,0,0,0,0,0,0,0,0.0,0,5,4,0.0,0,1,0,5,13,3,2,0,0,0,0.0,1,2,0,0,0,90,72,7,11,3636,299,114,3223,PHI,Metropolitan,Eastern
2025-2026,20251109,16,DET,5763,Mason Appleton,ROSTER,29.0,"6'2""",193.0,USA,"Green Bay, WI",False,C,15,3,4,7,0.93,0.27,0.2,0.47,22.2,16.3,1,0,0,0,0,0,0,1,0,0,0,0,0,0.0,-2,22,14,21.4,10,2,6,17,10,9,0,5,2,3,40.0,2,12,1,2,0,294,159,44,94,12957,1718,519,10720,DET,Atlantic,Eastern
2025-2026,20251109,28,LAK,5505,Joel Armia,ROSTER,32.0,"6'4""",218.0,Finland,Pori,False,RW,15,2,5,7,1.2,0.33,0.13,0.47,18.5,21.3,0,0,0,0,0,0,0,0,0,0,1,0,0,0.0,3,38,18,11.1,8,10,10,15,12,11,5,5,3,2,60.0,5,10,1,2,0,290,123,83,86,12791,2072,1705,9014,LAK,Pacific,Western
2025-2026,20251109,11,BOS,5538,Viktor Arvidsson,ROSTER,32.0,"5'9""",180.0,Sweden,Skellefteå,False,LW,17,5,3,8,2.59,0.18,0.29,0.47,14.7,12.8,1,0,0,0,0,0,0,1,0,0,0,0,0,0.0,4,84,44,11.4,8,20,20,8,29,13,4,8,5,3,62.5,3,6,6,12,0,305,160,71,80,14688,2787,684,11217,BOS,Atlantic,Eastern
2025-2026,20251109,11,BOS,15191,Jonathan Aspirot,ROSTER,26.0,"6'0""",209.0,Canada,"Mascouche, QC",False,D,6,0,0,0,0.67,0.0,0.0,0.0,20.5,0.0,0,0,0,0,0,0,0,0,0,0,0,0,0,0.0,1,9,4,0.0,10,4,1,14,16,8,0,0,0,0,0.0,0,0,0,0,0,125,84,26,15,5440,827,391,4222,BOS,Atlantic,Eastern
2025-2026,20251109,19,CBJ,12287,Zach Aston-Reese,ROSTER,31.0,"6'0""",204.0,USA,"Staten Island, NY",False,C,10,0,3,3,1.0,0.3,0.0,0.3,20.8,4.3,0,0,0,0,0,0,0,0,0,0,0,0,0,0.0,0,13,10,0.0,5,0,3,26,7,6,1,12,1,11,8.3,1,2,2,4,0,151,80,30,38,6138,1097,267,4639,CBJ,Metropolitan,Eastern
2025-2026,20251109,27,DAL,34436,Oskar Back,ROSTER,25.0,"6'3""",200.0,Sweden,Karlstad,True,C,5,1,1,2,0.2,0.2,0.2,0.4,2.4,0.0,0,0,0,0,0,0,0,0,0,0,0,0,0,0.0,2,3,1,100.0,1,2,0,2,12,2,1,4,3,1,75.0,0,0,2,4,0,84,47,14,22,3595,803,43,2652,DAL,Central,Western
2025-2026,20251109,23,CGY,4609,Mikael Backlund,ROSTER,36.0,"6'0""",200.0,Sweden,Vasteras,False,C,16,3,4,7,2.44,0.25,0.19,0.44,11.8,8.5,1,0,0,0,0,1,1,0,0,0,0,0,0,0.0,-2,65,39,7.7,4,14,12,12,10,11,4,295,148,147,50.2,2,4,2,4,0,382,193,92,100,16027,4477,623,10927,CGY,Pacific,Western
2025-2026,20251109,23,CGY,14578,Kevin Bahl,ROSTER,25.0,"6'6""",216.0,Canada,"New Westminster, BC",True,D,15,1,2,3,0.73,0.13,0.07,0.2,36.6,29.8,0,0,0,0,0,0,0,1,0,0,0,0,0,0.0,6,30,11,9.1,23,12,7,13,18,21,10,0,0,0,0.0,7,14,3,6,0,461,304,78,80,18996,1195,1031,16770,CGY,Pacific,Western
2025-2026,20251109,21,VAN,38470,Arshdeep Bains,ROSTER,24.0,"6'0""",185.0,Canada,"Surrey, BC",True,LW,16,0,3,3,0.69,0.19,0.0,0.19,11.4,17.0,0,0,1,1,0,0,0,0,0,0,0,0,0,0.0,-1,16,11,0.0,2,3,2,16,12,6,4,10,2,8,20.0,4,8,0,0,0,220,149,22,49,9395,620,92,8684,VAN,Pacific,Western
2025-2026,20251109,4,FLO,120218,Uvis Balinskis,ROSTER,29.0,"6'0""",187.0,Latvia,Ventspils,True,D,9,0,0,0,0.56,0.0,0.0,0.0,15.8,4.3,0,0,0,0,0,0,0,0,0,0,0,0,0,0.0,-2,13,5,0.0,8,6,2,10,8,6,6,0,0,0,0.0,1,2,2,4,0,163,135,15,13,7257,1104,126,6027,FLA,,
2025-2026,20251109,142,VGK,11708,Ivan Barbashev,ROSTER,29.0,"6'0""",187.0,Russia,Moscow,False,LW,14,6,9,15,1.71,0.64,0.43,1.07,17.2,4.3,2,0,0,0,0,0,0,1,0,0,0,0,0,0.0,6,42,24,25.0,3,8,10,24,14,16,2,5,0,5,0.0,1,2,4,8,0,275,131,98,52,13279,3249,1042,9007,VGK,Pacific,Western
2025-2026,20251109,22,COL,56519,Zakhar Bardakov,ROSTER,24.0,"6'2""",198.0,Russia,Seversk,False,C,10,1,3,4,0.7,0.3,0.1,0.4,9.4,0.0,0,0,0,0,0,0,0,0,0,0,0,0,0,0.0,3,14,7,14.3,3,3,4,10,4,6,0,55,23,32,41.8,0,0,3,6,0,91,55,9,28,3699,386,34,3279,COL,Central,Western
2025-2026,20251109,18,NSH,30074,Justin Barron,ROSTER,23.0,"6'2""",195.0,Canada,"Halifax, NS",True,D,17,0,4,4,0.71,0.24,0.0,0.24,35.3,8.5,0,0,0,0,0,0,0,0,0,0,0,0,0,0.0,0,39,12,0.0,22,17,10,13,30,24,1,0,0,0,0.0,2,4,1,2,0,359,255,60,44,15866,2817,516,12533,NSH,Central,Western
2025-2026,20251109,2,WPJ,28496,Morgan Barron,ROSTER,26.0,"6'4""",220.0,Canada,"Halifax, NS",True,C,12,3,3,6,1.25,0.25,0.25,0.5,20.0,8.5,1,0,0,0,1,0,1,1,0,0,0,0,0,0.0,2,30,15,20.0,7,4,11,20,12,7,3,145,79,66,54.5,2,4,3,6,0,225,116,68,44,9031,1662,1193,6176,WPG,,
2025-2026,20251109,8,NYI,5611,Mathew Barzal,ROSTER,28.0,"6'0""",187.0,Canada,"Coquitlam, BC",False,C,14,3,9,12,2.07,0.64,0.21,0.86,16.3,25.6,1,0,3,3,0,0,0,0,0,0,0,0,0,0.0,7,55,29,10.3,11,11,15,4,6,17,5,111,34,77,30.6,6,12,1,2,0,300,155,117,31,17418,3399,3821,10198,NYI,Metropolitan,Eastern
2025-2026,20251109,27,DAL,15468,Nathan Bastian,ROSTER,27.0,"6'4""",205.0,Canada,"Kitchener, ON",False,RW,13,1,0,1,0.69,0.0,0.08,0.08,21.8,8.5,0,0,0,0,0,0,0,0,0,0,0,0,0,0.0,-1,13,9,11.1,4,4,0,30,13,1,0,0,0,0,0.0,2,4,0,0,0,139,93,23,24,5730,1415,408,3907,DAL,Central,Western
2025-2026,20251109,13,OTT,15394,Drake Batherson,ROSTER,27.0,"6'3""",203.0,USA,"Fort Wayne, IN",False,RW,12,5,11,16,2.08,0.92,0.42,1.33,13.3,8.5,1,2,3,5,0,0,0,1,0,0,2,1,1,50.0,2,46,25,20.0,3,10,11,17,9,11,7,1,1,0,100.0,2,4,4,8,0,287,152,49,92,12478,2119,702,9813,OTT,Atlantic,Eastern
2025-2026,20251109,23,CGY,9639,Jake Bean,ROSTER,27.0,"6'1""",186.0,Canada,"Calgary, AB",False,D,10,0,1,1,1.1,0.1,0.0,0.1,24.6,8.5,0,0,0,0,0,0,0,0,0,0,0,0,0,0.0,-7,31,11,0.0,18,14,6,3,10,11,4,0,0,0,0.0,2,4,0,0,0,249,168,29,52,9980,897,526,8557,CGY,Pacific,Western
2025-2026,20251109,5,WSH,5623,Anthony Beauvillier,ROSTER,28.0,"5'11""",182.0,Canada,"Sorel-Tracy, QC",False,LW,15,3,1,4,2.33,0.07,0.2,0.27,12.7,4.3,1,0,0,0,0,0,0,1,0,0,1,0,0,0.0,5,59,35,8.6,3,13,11,16,16,9,2,3,1,2,33.3,1,2,1,2,0,282,161,72,50,13141,1978,1377,9689,WSH,Metropolitan,Eastern
2025-2026,20251109,14,MTL,53067,Owen Beck,ASSIGNED_TO_MINORS,21.0,"6'0""",191.0,Canada,"Peterborough, ON",True,C,2,0,0,0,0.5,0.0,0.0,0.0,1.3,0.0,0,0,0,0,0,0,0,0,0,0,0,0,0,0.0,-1,4,1,0.0,1,1,2,0,3,0,0,12,7,5,58.3,0,0,0,0,0,24,20,3,1,1003,346,8,649,MTL,Atlantic,Eastern
2025-2026,20251109,20,CHI,111625,Connor Bedard,ROSTER,20.0,"5'10""",185.0,Canada,"North Vancouver, BC",True,C,15,8,14,22,3.33,0.93,0.53,1.47,9.2,32.1,2,2,4,6,0,0,0,1,0,0,1,0,0,0.0,10,94,50,16.0,5,16,28,5,17,19,8,141,65,76,46.1,8,14,6,14,0,358,283,42,36,19135,3305,123,15406,CHI,Central,Western
2025-2026,20251109,11,BOS,38020,John Beecher,ROSTER,24.0,"6'3""",210.0,USA,"Elmira, NY",True,C,6,1,0,1,1.0,0.0,0.17,0.17,9.0,0.0,0,0,0,0,0,0,0,0,0,0,0,0,0,0.0,-1,10,6,16.7,4,3,1,7,5,1,0,3,0,3,0.0,0,0,0,0,0,90,59,18,14,3746,782,216,2748,BOS,Atlantic,Eastern
2025-2026,20251109,143,SEA,37968,Matty Beniers,ROSTER,23.0,"6'2""",175.0,USA,"Hingham, MA",True,C,14,2,7,9,1.64,0.5,0.14,0.64,17.9,8.5,0,2,1,3,0,0,0,1,0,0,0,0,0,0.0,1,62,23,8.7,11,12,27,7,23,19,1,200,94,106,47.0,2,4,5,10,0,338,206,68,58,16869,3414,614,12560,SEA,Pacific,Western
2025-2026,20251109,4,FLO,5415,Sam Bennett,ROSTER,29.0,"6'1""",195.0,Canada,"Holland Landing, ON",False,C,15,3,2,5,2.0,0.13,0.2,0.33,23.6,29.8,1,1,1,2,0,0,0,0,0,0,0,0,0,0.0,-8,65,30,10.0,5,17,18,31,8,13,6,195,95,100,48.7,7,14,5,10,0,318,149,120,52,15353,3443,2510,9400,FLA,,
2025-2026,20251109,12,TOR,15129,Simon Benoit,ROSTER,27.0,"6'3""",208.0,Canada,"Laval, QC",False,D,14,0,2,2,0.57,0.14,0.0,0.14,45.1,34.5,0,0,0,0,0,0,0,0,0,0,0,0,0,0.0,-3,31,8,0.0,21,17,6,33,27,15,5,0,0,0,0.0,6,15,3,9,1,357,234,60,63,14297,2034,1698,10565,TOR,Atlantic,Eastern
2025-2026,20251109,15,BUF,111755,Zach Benson,INJURY_LIST,20.0,"5'10""",159.0,Canada,"Langley, BC",True,LW,8,0,8,8,2.0,1.0,0.0,1.0,9.9,12.8,0,0,3,3,0,1,1,0,0,0,0,0,0,0.0,3,24,16,0.0,6,4,4,4,12,7,5,3,2,1,66.7,3,6,1,2,0,185,150,23,12,9137,2505,424,6208,BUF,Atlantic,Eastern
2025-2026,20251109,16,DET,14556,Jonatan Berggren,ROSTER,25.0,"5'10""",183.0,Sweden,Uppsala,True,RW,10,2,2,4,1.7,0.2,0.2,0.4,4.1,4.3,0,1,0,1,0,0,0,0,0,0,0,0,0,0.0,-5,31,17,11.8,1,11,3,5,9,9,1,0,0,0,0.0,1,2,4,8,0,173,97,42,36,7765,1405,752,5608,DET,Atlantic,Eastern
2025-2026,20251109,16,DET,14549,Jacob Bernard-Docker,ROSTER,25.0,"6'1""",190.0,Canada,"Canmore, AB",False,D,8,0,1,1,1.25,0.12,0.0,0.12,7.3,4.3,0,0,0,0,0,0,0,0,0,0,0,0,0,0.0,3,21,10,0.0,4,9,2,4,21,6,2,0,0,0,0.0,1,2,1,2,0,141,84,15,42,6060,315,138,5607,DET,Atlantic,Eastern
2025-2026,20251109,20,CHI,10178,Tyler Bertuzzi,ROSTER,30.0,"6'1""",199.0,Canada,"Sudbury, ON",False,LW,14,8,4,12,2.14,0.29,0.57,0.86,8.9,29.1,2,4,1,5,0,0,0,1,0,0,0,0,0,0.0,2,52,30,26.7,0,9,13,16,17,11,3,28,16,12,57.1,5,18,4,8,0,300,149,95,59,14841,4062,1541,9013,CHI,Central,Western
2025-2026,20251109,27,DAL,56392,Lian Bichsel,ROSTER,21.0,"6'6""",225.0,Switzerland,Wolfwil,False,D,15,0,1,1,0.33,0.07,0.0,0.07,48.7,17.0,0,0,0,0,0,0,0,0,0,0,0,0,0,0.0,0,16,5,0.0,19,6,5,44,39,16,1,0,0,0,0.0,4,8,1,2,0,262,202,22,37,12933,2282,174,10413,DAL,Central,Western
2025-2026,20251109,1,TBL,8913,Oliver Bjorkstrand,ROSTER,30.0,"6'0""",177.0,Denmark,Herning,False,RW,15,1,4,5,1.53,0.27,0.07,0.33,16.7,4.3,0,1,1,2,0,0,0,0,0,0,0,0,0,0.0,0,55,23,4.3,7,15,17,14,22,12,2,7,4,3,57.1,1,2,1,2,0,269,132,89,49,12726,2902,1685,8139,TBL,Atlantic,Eastern
2025-2026,20251109,17,STL,5201,Nick Bjugstad,ROSTER,33.0,"6'6""",215.0,USA,"Minneapolis, MN",False,C,16,4,1,5,1.69,0.06,0.25,0.31,31.4,17.0,1,0,0,0,0,0,0,0,0,0,0,0,0,0.0,-1,41,27,14.8,12,6,8,29,4,2,2,104,52,52,50.0,4,8,4,8,0,261,133,67,65,10651,2107,965,7579,STL,Central,Western
2025-2026,20251109,27,DAL,15469,Colin Blackwell,ROSTER,32.0,"5'9""",190.0,USA,"North Andover, MA",False,C,15,0,2,2,0.67,0.13,0.0,0.13,24.5,17.0,0,0,0,0,0,0,0,0,0,0,0,0,0,0.0,-2,20,10,0.0,7,5,5,28,15,10,1,58,20,38,34.5,4,8,2,4,0,247,134,56,55,10722,2361,717,7552,DAL,Central,Western
2025-2026,20251109,12,TOR,11712,Sammy Blais,ROSTER,29.0,"6'2""",205.0,Canada,"Montmagny, QC",False,LW,3,1,1,2,1.33,0.33,0.33,0.67,9.9,4.3,0,0,0,0,0,0,0,0,0,0,0,0,0,0.0,-1,5,4,25.0,3,0,1,11,2,2,1,0,0,0,0.0,1,2,0,0,0,43,30,13,1,1789,348,284,1157,TOR,Atlantic,Eastern
2025-2026,20251109,3,CAR,56345,Jackson Blake,ROSTER,22.0,"5'10""",158.0,USA,"Eden Prairie, MN",False,RW,14,4,6,10,2.57,0.43,0.29,0.71,8.0,21.3,1,0,2,2,0,0,0,0,0,0,1,0,0,0.0,2,64,36,11.1,5,7,21,3,25,16,6,1,0,1,0.0,5,10,6,12,0,260,185,43,36,13299,3026,700,9573,CAR,Metropolitan,Eastern
2025-2026,20251109,18,NSH,39055,Nick Blankenburg,ROSTER,27.0,"5'9""",175.0,USA,"Washington, MI",True,D,7,1,5,6,1.57,0.71,0.14,0.86,12.1,0.0,0,1,1,2,0,0,0,0,0,0,0,0,0,0.0,-3,30,11,9.1,6,14,5,8,14,8,2,0,0,0,0.0,0,0,1,2,0,160,135,15,12,8501,2136,120,6246,NSH,Central,Western
2025-2026,20251109,21,VAN,15472,Theodor Blueger,ROSTER,31.0,"6'0""",185.0,Latvia,Riga,False,C,2,1,0,1,1.0,0.0,0.5,0.5,5.5,0.0,0,0,0,0,0,0,0,1,0,0,0,0,0,0.0,0,2,2,50.0,3,0,0,3,0,1,0,26,9,17,34.6,0,0,0,0,0,44,21,8,16,1899,363,216,1320,VAN,Pacific,Western
2025-2026,20251109,21,VAN,5618,Brock Boeser,ROSTER,28.0,"6'1""",208.0,USA,"Burnsville, MN",False,RW,14,7,3,10,2.29,0.21,0.5,0.71,9.6,0.0,2,1,1,2,0,0,0,2,0,1,1,0,1,100.0,-4,55,32,21.9,4,10,13,8,4,7,1,27,12,15,44.4,0,0,1,2,0,273,128,58,95,15329,2870,928,11542,VAN,Pacific,Western
2025-2026,20251109,25,MIN,4480,Zach Bogosian,ROSTER,35.0,"6'3""",226.0,USA,"Massena, NY",False,D,5,0,0,0,1.0,0.0,0.0,0.0,14.8,0.0,0,0,0,0,0,0,0,0,0,0,0,0,0,0.0,3,7,5,0.0,9,1,1,6,4,2,1,0,0,0,0.0,0,0,1,2,0,79,49,9,21,4163,911,58,3194,MIN,Central,Western
2025-2026,20251109,14,MTL,33083,Zachary Bolduc,ROSTER,22.0,"6'1""",175.0,Canada,"Trois-Rivière, QC",True,RW,15,4,2,6,1.53,0.13,0.27,0.4,19.0,17.0,1,2,1,3,0,0,0,0,0,0,0,0,0,0.0,1,48,23,17.4,4,14,11,25,19,11,2,11,7,4,63.6,4,8,4,8,0,242,167,41,38,11960,2419,398,9143,MTL,Atlantic,Eastern
2025-2026,20251109,25,MIN,30015,Matthew Boldy,ROSTER,24.0,"6'2""",196.0,USA,"Milford, MA",True,LW,16,7,8,15,3.25,0.5,0.44,0.94,15.8,12.8,2,4,4,8,0,0,0,0,0,0,1,0,0,0.0,-4,122,52,13.5,8,35,35,10,19,19,1,25,11,14,44.0,3,6,6,12,0,319,192,73,60,20247,5085,716,14446,MIN,Central,Western
2025-2026,20251109,8,NYI,14531,Adam Boqvist,ROSTER,25.0,"5'11""",179.0,Sweden,Falun,False,D,4,0,0,0,0.25,0.0,0.0,0.0,5.7,0.0,0,0,0,0,0,0,0,0,0,0,0,0,0,0.0,2,6,1,0.0,4,4,1,1,4,2,0,0,0,0,0.0,0,0,0,0,0,68,41,21,6,3132,373,542,2217,NYI,Metropolitan,Eastern
2025-2026,20251109,4,FLO,17176,Jesper Boqvist,ROSTER,27.0,"6'0""",180.0,Sweden,Falun,False,C,15,1,1,2,1.0,0.07,0.07,0.13,31.9,8.5,0,0,0,0,0,0,0,1,0,0,0,0,0,0.0,0,32,15,6.7,8,7,10,39,12,10,0,28,11,17,39.3,2,4,3,6,0,262,137,70,56,10336,1688,791,7857,FLA,,
2025-2026,20251109,9,NYR,15692,William Borgen,ROSTER,28.0,"6'3""",196.0,USA,"Moorhead, MN",False,D,16,0,2,2,0.88,0.12,0.0,0.12,41.4,12.8,0,0,0,0,0,0,0,0,0,0,0,0,0,0.0,3,40,14,0.0,22,16,10,24,28,14,6,0,0,0,0.0,3,6,2,4,0,405,226,78,87,17934,1635,1231,14281,NYR,Metropolitan,Eastern
2025-2026,20251109,24,EDM,14533,Evan Bouchard,ROSTER,26.0,"6'3""",194.0,Canada,"Oakville, ON",False,D,16,2,8,10,2.81,0.5,0.12,0.62,30.1,17.0,0,1,3,4,0,0,0,1,0,1,1,0,0,0.0,-11,89,45,4.4,21,31,13,6,15,22,7,0,0,0,0.0,4,8,4,8,0,399,231,94,63,22823,5491,1703,14999,EDM,Pacific,Western
2025-2026,20251109,27,DAL,34435,Mavrik Bourque,ROSTER,23.0,"5'10""",178.0,Canada,"Plessisville, QC",True,C,15,2,3,5,1.73,0.2,0.13,0.33,17.2,4.3,0,0,2,2,0,0,0,0,0,0,0,0,0,0.0,-6,38,26,7.7,10,3,9,8,17,5,1,12,1,11,8.3,1,2,3,6,0,283,187,46,51,13081,2021,584,10426,DAL,Central,Western
2025-2026,20251109,16,DET,142440,Michael Brandsegg-Nygård,ASSIGNED_TO_MINORS,,,,,,False,RW,9,0,1,1,1.56,0.11,0.0,0.11,19.4,4.3,0,0,0,0,0,0,0,0,0,0,0,0,0,0.0,-5,35,14,0.0,3,13,8,28,17,10,2,0,0,0,0.0,1,2,1,2,0,158,132,24,2,6723,821,31,5871,DET,Atlantic,Eastern
2025-2026,20251109,7,NJD,13722,Jesper Bratt,ROSTER,27.0,"5'10""",175.0,Sweden,Stockholm,False,LW,15,5,9,14,2.0,0.6,0.33,0.93,15.7,12.8,1,1,3,4,1,0,1,2,0,1,1,0,1,100.0,0,59,30,16.7,4,14,15,19,12,16,10,0,0,0,0.0,3,6,2,4,0,330,179,68,89,15769,2682,982,12207,NJD,Metropolitan,Eastern
2025-2026,20251109,10,PIT,53189,Justin Brazeau,ROSTER,27.0,"6'5""",220.0,Canada,"New Liskeard, ON",True,RW,12,6,6,12,1.83,0.5,0.5,1.0,24.8,0.0,2,1,1,2,0,0,0,2,0,0,0,0,0,0.0,3,33,22,27.3,12,4,10,17,11,13,1,0,0,0,0.0,0,0,1,2,0,212,127,72,12,9702,1946,1616,5862,PIT,Metropolitan,Eastern
2025-2026,20251109,22,COL,133825,Gavin Brindley,ROSTER,21.0,"5'9""",175.0,USA,"Fort Myers, FL",True,C,13,2,2,4,1.08,0.15,0.15,0.31,11.8,8.5,0,0,0,0,0,0,0,0,0,0,0,0,0,0.0,0,26,14,14.3,4,7,5,12,15,4,2,5,2,3,40.0,2,4,4,8,0,165,121,27,19,6869,1217,124,5528,COL,Central,Western
2025-2026,20251109,6,PHI,38019,Bobby Brink,ROSTER,24.0,"5'8""",165.0,USA,"Minnetonka, MN",True,RW,15,5,4,9,1.93,0.27,0.33,0.6,18.0,21.3,1,2,2,4,0,0,0,0,0,0,2,0,1,50.0,-1,47,29,17.2,5,9,9,21,15,7,1,15,3,12,20.0,5,10,5,10,0,313,185,66,68,14723,2730,584,11803,PHI,Metropolitan,Eastern
2025-2026,20251109,17,STL,17150,Philip Broberg,ROSTER,24.0,"6'3""",200.0,Sweden,Orebro,True,D,16,1,5,6,1.56,0.31,0.06,0.38,28.1,4.3,0,0,0,0,0,0,0,0,0,0,0,0,0,0.0,-1,62,25,4.0,19,23,14,7,30,20,4,0,0,0,0.0,1,2,5,10,0,448,273,91,85,21599,3363,1311,16925,STL,Central,Western
2025-2026,20251109,25,MIN,5123,Jonas Brodin,ROSTER,32.0,"6'1""",194.0,Sweden,Karlstad,False,D,15,2,3,5,0.93,0.2,0.13,0.33,39.2,4.3,0,0,0,0,0,0,0,0,0,0,0,0,0,0.0,0,38,14,14.3,29,17,7,4,26,17,2,0,0,0,0.0,1,2,3,6,0,364,194,82,90,19247,3515,1676,14056,MIN,Central,Western
2025-2026,20251109,9,NYR,11807,Jonny Brodzinski,ROSTER,32.0,"6'1""",215.0,USA,"Ham Lake, MN",False,C,8,1,1,2,0.88,0.12,0.12,0.25,1.8,0.0,0,0,0,0,0,0,0,0,0,0,0,0,0,0.0,1,21,7,14.3,1,6,8,1,5,3,3,6,5,1,83.3,0,0,2,4,0,124,63,26,30,5110,774,374,3747,NYR,Metropolitan,Eastern
2025-2026,20251109,7,NJD,8916,Connor Brown,ROSTER,31.0,"6'0""",186.0,Canada,"Etobicoke, ON",False,RW,11,5,1,6,1.55,0.09,0.45,0.55,16.1,4.3,1,0,0,0,1,0,1,0,0,0,0,0,0,0.0,1,27,17,29.4,10,2,8,6,9,7,3,6,3,3,50.0,1,2,0,0,0,219,110,54,60,10412,1380,1073,7959,NJD,Metropolitan,Eastern
2025-2026,20251109,10,PIT,142708,Harrison Brunicke,ROSTER,,,,,,False,D,9,1,0,1,0.89,0.0,0.11,0.11,18.8,12.8,0,0,0,0,0,0,0,0,0,0,0,0,0,0.0,-4,22,8,12.5,13,7,7,4,18,14,1,0,0,0,0.0,3,6,2,4,0,171,135,14,19,8486,830,167,7234,PIT,Metropolitan,Eastern
2025-2026,20251109,15,BUF,17925,Jacob Bryson,ROSTER,27.0,"5'9""",185.0,Canada,"London, ON",False,D,6,0,1,1,0.17,0.17,0.0,0.17,5.7,8.5,0,0,0,0,0,0,0,0,0,0,0,0,0,0.0,2,10,1,0.0,4,6,3,1,5,3,1,0,0,0,0.0,2,4,0,0,0,92,49,9,34,3640,451,147,3042,BUF,Atlantic,Eastern
2025-2026,20251109,17,STL,10075,Pavel Buchnevich,ROSTER,30.0,"6'3""",197.0,Russia,Cherepovets,False,LW,16,2,5,7,1.75,0.31,0.12,0.44,11.9,8.5,0,2,2,4,0,0,0,0,0,0,0,0,0,0.0,-9,55,28,7.1,5,13,14,10,10,17,3,9,4,5,44.4,2,4,4,8,0,362,167,128,69,17252,3507,1640,12105,STL,Central,Western
2025-2026,20251109,25,MIN,142488,Zeev Buium,ROSTER,,,,,,False,D,16,3,6,9,1.38,0.38,0.19,0.56,10.6,4.3,1,2,4,6,0,0,0,0,0,0,0,0,0,0.0,-10,49,22,13.6,7,16,11,3,22,20,3,0,0,0,0.0,1,2,3,6,0,305,250,40,17,17941,3774,136,14031,MIN,Central,Western
2025-2026,20251109,18,NSH,15430,Michael Bunting,ROSTER,30.0,"5'11""",197.0,Canada,"Toronto, ON",True,LW,17,4,5,9,1.18,0.29,0.24,0.53,11.0,12.8,1,0,2,2,0,0,0,0,0,0,1,1,0,0.0,-3,56,20,20.0,6,10,26,6,14,16,1,10,3,7,30.0,3,6,6,12,0,300,141,112,51,14628,3035,2138,9455,NSH,Central,Western
2025-2026,20251109,20,CHI,5451,Andre Burakovsky,ROSTER,30.0,"6'3""",201.0,Austria,Klagenfurt,False,LW,14,6,6,12,1.5,0.43,0.43,0.86,7.2,12.8,2,1,3,4,0,0,0,1,0,0,0,0,0,0.0,4,49,21,28.6,3,17,11,6,17,11,8,3,0,3,0.0,3,6,1,2,0,302,160,62,82,14715,3275,626,10589,CHI,Central,Western
2025-2026,20251109,22,COL,15,Brent Burns,ROSTER,40.0,"6'5""",230.0,Canada,"Ajax, ON",False,D,15,1,6,7,2.27,0.4,0.07,0.47,31.6,25.6,0,0,1,1,0,0,0,1,0,0,0,0,0,0.0,3,75,34,2.9,23,27,14,4,14,13,4,0,0,0,0.0,6,12,0,0,0,403,212,79,113,18561,4856,1206,12499,COL,Central,Western
2025-2026,20251109,28,LAK,19049,Quinton Byfield,ROSTER,23.0,"6'4""",215.0,Canada,"Newmarket, ON",True,RW,15,2,10,12,2.2,0.67,0.13,0.8,14.2,17.0,0,1,4,5,0,1,1,0,0,0,1,0,0,0.0,-2,56,33,6.1,5,11,12,14,16,13,7,248,110,138,44.4,4,8,7,14,0,354,235,46,76,17921,2553,442,14926,LAK,Pacific,Western
2025-2026,20251109,15,BUF,21814,Bowen Byram,ROSTER,24.0,"6'0""",195.0,Canada,"Cranbrook, BC",True,D,15,1,4,5,1.07,0.27,0.07,0.33,31.6,21.3,0,0,2,2,0,0,0,0,0,0,1,0,1,100.0,-6,43,16,6.2,20,9,18,11,25,18,2,0,0,0,0.0,5,10,2,4,0,411,239,65,109,19671,2184,627,16901,BUF,Atlantic,Eastern
2025-2026,20251109,11,BOS,37956,Michael Callahan,ASSIGNED_TO_MINORS,26.0,"6'2""",197.0,USA,"Franklin, MA",True,D,3,0,0,0,0.67,0.0,0.0,0.0,9.3,0.0,0,0,0,0,0,0,0,0,0,0,0,0,0,0.0,-2,3,2,0.0,6,0,1,3,9,3,1,0,0,0,0.0,0,0,0,0,0,70,45,18,7,2961,777,279,1905,BOS,Atlantic,Eastern
2025-2026,20251109,27,DAL,5658,Kyle Capobianco,ROSTER,28.0,"6'1""",196.0,Canada,"Mississauga, ON",False,D,3,0,0,0,0.67,0.0,0.0,0.0,0.6,4.3,0,0,0,0,0,0,0,0,0,0,0,0,0,0.0,1,4,2,0.0,0,2,0,1,1,1,1,0,0,0,0.0,1,2,0,0,0,28,18,3,5,1151,493,24,557,DAL,Central,Western
2025-2026,20251109,30,UTA,16956,Michael Carcone,ROSTER,29.0,"5'10""",170.0,Canada,"Ajax, ON",False,LW,13,3,2,5,2.08,0.15,0.23,0.38,16.2,20.6,1,0,0,0,0,0,0,0,0,0,0,0,0,0.0,1,57,27,11.1,4,13,17,20,14,5,1,1,0,1,0.0,3,14,2,4,0,207,121,58,31,8518,1462,690,6366,UTA,Central,Western
2025-2026,20251109,26,SJS,56619,Ethan Cardwell,ROSTER,23.0,"5'11""",180.0,Canada,"Courtice, ON",False,RW,4,1,0,1,0.75,0.0,0.25,0.25,2.2,4.3,0,0,0,0,0,0,0,1,0,0,0,0,0,0.0,1,11,3,33.3,0,4,4,4,5,2,1,0,0,0,0.0,1,2,0,0,0,63,48,10,6,2965,484,109,2372,SJS,Pacific,Western
2025-2026,20251109,12,TOR,5632,Brandon Carlo,ROSTER,28.0,"6'5""",212.0,USA,"Colorado Springs, CO",False,D,15,0,2,2,1.47,0.13,0.0,0.13,40.2,12.8,0,0,0,0,0,0,0,0,0,0,0,0,0,0.0,1,45,22,0.0,28,10,13,8,22,17,0,0,0,0,0.0,3,6,1,2,0,420,247,102,71,18038,1958,2154,13926,TOR,Atlantic,Eastern
2025-2026,20251109,5,WSH,4735,John Carlson,ROSTER,35.0,"6'3""",217.0,USA,"Natick, MA",False,D,15,4,7,11,2.27,0.47,0.27,0.73,32.0,8.5,1,0,4,4,0,0,0,0,0,0,0,0,0,0.0,0,88,34,11.8,22,31,22,7,18,25,13,0,0,0,0.0,2,4,0,0,0,356,187,77,92,21085,5845,1481,13566,WSH,Metropolitan,Eastern
2025-2026,20251109,29,ANA,111582,Leo Carlsson,ROSTER,20.0,"6'3""",198.0,Sweden,Karlstad,True,C,14,8,15,23,2.43,1.07,0.57,1.64,10.8,27.8,2,0,7,7,2,1,3,2,0,1,1,0,0,0.0,11,71,34,23.5,8,21,16,1,11,12,5,220,101,119,45.9,4,19,5,10,0,341,269,46,34,15756,3671,454,11729,ANA,Pacific,Western
2025-2026,20251109,9,NYR,5479,Sam Carrick,ROSTER,33.0,"6'0""",200.0,Canada,"Stouffville, ON",False,C,16,1,4,5,1.44,0.25,0.06,0.31,26.7,26.4,0,0,0,0,0,1,1,0,0,0,0,0,0,0.0,3,42,23,4.3,10,7,13,25,21,3,2,130,66,64,50.8,2,10,7,20,2,288,111,60,106,12246,2618,698,8448,NYR,Metropolitan,Eastern
2025-2026,20251109,14,MTL,5710,Alexandre Carrier,ROSTER,29.0,"5'11""",174.0,Canada,"Quebec City, QC",False,D,15,1,5,6,0.8,0.33,0.07,0.4,50.8,17.0,0,0,0,0,0,0,0,0,0,0,0,0,0,0.0,-5,31,12,8.3,35,10,9,11,44,11,9,0,0,0,0.0,4,8,3,6,0,339,185,59,97,16672,2197,1274,13209,MTL,Atlantic,Eastern
2025-2026,20251109,3,CAR,10174,William Carrier,ROSTER,30.0,"6'2""",218.0,Canada,"Pierrefonds, QC",False,LW,8,1,2,3,0.75,0.25,0.12,0.38,10.7,4.3,0,0,0,0,0,0,0,1,0,0,0,0,0,0.0,3,22,6,16.7,1,7,9,17,10,5,1,0,0,0,0.0,1,2,1,2,0,139,51,76,13,5136,1137,952,3047,CAR,Metropolitan,Eastern
2025-2026,20251109,7,NJD,56518,Seamus Casey,ASSIGNED_TO_MINORS,21.0,"5'10""",173.0,USA,"Estero, FL",False,D,2,0,0,0,2.0,0.0,0.0,0.0,1.3,0.0,0,0,0,0,0,0,0,0,0,0,0,0,0,0.0,-3,8,4,0.0,1,2,2,0,7,3,2,0,0,0,0.0,0,0,0,0,0,48,37,10,1,2161,692,92,1377,NJD,Metropolitan,Eastern
2025-2026,20251109,6,PHI,38701,Noah Cates,ROSTER,26.0,"6'1""",170.0,USA,"Stillwater, MN",True,LW,15,4,6,10,2.07,0.4,0.27,0.67,20.2,8.5,1,1,4,5,0,0,0,2,0,1,0,0,0,0.0,4,50,31,12.9,11,7,12,11,13,9,4,228,97,131,42.5,2,4,5,10,0,370,153,50,171,15730,2033,225,13472,PHI,Metropolitan,Eastern
2025-2026,20251109,143,SEA,142279,Berkly Catton,ROSTER,,,,,,False,C,9,0,3,3,1.11,0.33,0.0,0.33,6.9,0.0,0,0,1,1,0,0,0,0,0,0,0,0,0,0.0,1,16,10,0.0,5,2,4,1,19,5,2,5,3,2,60.0,0,0,3,6,0,155,141,10,3,6785,851,188,5696,SEA,Pacific,Western
2025-2026,20251109,14,MTL,19047,Cole Caufield,ROSTER,24.0,"5'7""",174.0,USA,"Mosinee, WI",True,RW,15,12,6,18,2.6,0.4,0.8,1.2,15.8,12.8,4,1,5,6,0,0,0,3,0,3,1,0,0,0.0,9,68,39,30.8,5,12,17,17,10,11,5,3,0,3,0.0,3,6,4,8,0,318,171,72,87,16486,2586,526,13374,MTL,Atlantic,Eastern
2025-2026,20251109,28,LAK,5307,Cody Ceci,ROSTER,31.0,"6'2""",210.0,Canada,"Ottawa, ON",False,D,15,1,2,3,1.13,0.13,0.07,0.2,28.0,0.0,0,0,0,0,0,1,1,0,0,0,0,0,0,0.0,-6,39,17,5.9,18,17,5,9,20,10,4,0,0,0,0.0,0,0,0,0,0,319,173,55,93,15842,1727,883,13234,LAK,Pacific,Western
2025-2026,20251109,26,SJS,134157,Macklin Celebrini,ROSTER,19.0,"6'0""",190.0,Canada,"North Vancouver, BC",True,C,16,10,14,24,3.06,0.88,0.62,1.5,20.0,21.3,3,2,5,7,0,0,0,1,0,1,1,0,0,0.0,7,93,49,20.4,10,26,18,13,24,21,6,278,139,139,50.0,5,10,11,24,0,354,293,31,40,19796,4044,659,15093,SJS,Pacific,Western
2025-2026,20251109,1,TBL,14454,Erik Cernak,ROSTER,28.0,"6'3""",233.0,Slovakia,Kosice,False,D,15,0,2,2,0.67,0.13,0.0,0.13,62.5,38.7,0,0,0,0,0,0,0,0,0,0,0,0,0,0.0,0,31,10,0.0,35,12,9,32,18,10,2,0,0,0,0.0,7,17,2,7,1,398,200,114,85,17298,2664,1241,13321,TBL,Atlantic,Eastern
2025-2026,20251109,13,OTT,5613,Thomas Chabot,ROSTER,28.0,"6'2""",196.0,Canada,"Ste-Marie-de-Beauce, QC",False,D,15,2,7,9,1.2,0.47,0.13,0.6,47.7,19.0,0,1,3,4,0,1,1,0,0,0,0,0,0,0.0,4,63,18,11.1,33,26,19,10,19,11,6,0,0,0,0.0,4,10,1,2,0,428,238,96,96,20625,3185,1661,15779,OTT,Atlantic,Eastern
2025-2026,20251109,1,TBL,28436,Mitchell Chaffee,ASSIGNED_TO_MINORS,27.0,"6'0""",207.0,USA,"Rockford, MI",True,RW,7,0,0,0,1.14,0.0,0.0,0.0,13.1,8.5,0,0,0,0,0,0,0,0,0,0,0,0,0,0.0,0,10,8,0.0,2,1,1,19,6,5,0,3,1,2,33.3,2,4,2,4,0,95,55,20,20,3986,557,296,3133,TBL,Atlantic,Eastern
2025-2026,20251109,3,CAR,15383,Jalen Chatfield,ROSTER,29.0,"6'1""",188.0,USA,"Ypsilanti, MI",False,D,13,0,3,3,1.54,0.23,0.0,0.23,23.4,17.0,0,0,0,0,0,0,0,0,0,0,0,0,0,0.0,3,53,20,0.0,14,22,11,10,28,12,1,0,0,0,0.0,4,8,2,12,0,349,199,62,88,15464,2054,850,12560,CAR,Metropolitan,Eastern
2025-2026,20251109,16,DET,5285,Ben Chiarot,ROSTER,34.0,"6'3""",234.0,Canada,"Hamilton, ON",False,D,15,1,2,3,0.93,0.13,0.07,0.2,52.1,8.5,0,0,0,0,0,0,0,0,0,0,0,0,0,0.0,-1,45,14,7.1,26,20,11,34,23,20,4,0,0,0,0.0,2,4,1,2,0,387,213,65,110,18523,4424,1031,13068,DET,Atlantic,Eastern
2025-2026,20251109,2,WPJ,37987,Nikita Chibrikov,ROSTER,22.0,"5'10""",170.0,Russia,Moskva,True,RW,6,0,0,0,0.33,0.0,0.0,0.0,8.3,23.2,0,0,0,0,0,0,0,0,0,0,0,0,0,0.0,0,10,2,0.0,3,5,3,8,7,6,2,0,0,0,0.0,5,12,2,4,0,86,69,16,1,3531,999,144,2388,WPG,,
2025-2026,20251109,19,CBJ,30088,Yegor Chinakhov,ROSTER,24.0,"6'0""",178.0,Russia,Omsk,True,RW,9,2,2,4,1.78,0.22,0.22,0.44,5.9,4.3,0,0,0,0,0,0,0,0,0,0,0,0,0,0.0,2,26,16,12.5,2,7,3,6,8,4,2,0,0,0,0.0,1,2,2,4,0,124,99,20,5,5440,1196,64,4100,CBJ,Metropolitan,Eastern
2025-2026,20251109,5,WSH,28482,Declan Chisholm,ROSTER,25.0,"6'1""",185.0,Canada,"Bowmanville, ON",True,D,6,0,1,1,0.5,0.17,0.0,0.17,5.5,4.3,0,0,0,0,0,0,0,0,0,0,0,0,0,0.0,2,10,3,0.0,3,4,3,3,9,6,3,0,0,0,0.0,1,2,3,9,0,103,62,22,15,5101,807,508,3581,WSH,Metropolitan,Eastern
2025-2026,20251109,9,NYR,56549,Jaroslav Chmelar,ROSTER,22.0,"6'4""",198.0,Czech Republic,Nove Mesto nad Metuji,False,RW,2,0,0,0,0.5,0.0,0.0,0.0,2.8,13.2,0,0,0,0,0,0,0,0,0,0,0,0,0,0.0,-1,2,1,0.0,0,0,1,5,1,1,0,0,0,0,0.0,1,5,1,5,1,21,16,3,2,867,126,79,662,NYR,Metropolitan,Eastern
2025-2026,20251109,7,NJD,15156,Dennis Cholowski,ROSTER,27.0,"6'2""",197.0,Canada,"Langley, BC",False,D,4,0,1,1,0.25,0.25,0.0,0.25,7.7,0.0,0,0,0,0,0,0,0,0,0,0,0,0,0,0.0,-1,5,1,0.0,6,3,1,0,4,2,1,0,0,0,0.0,0,0,0,0,0,74,43,15,16,3548,425,120,3003,NJD,Metropolitan,Eastern
2025-2026,20251109,19,CBJ,28414,Jake Christiansen,ROSTER,26.0,"6'1""",195.0,Canada,"West Vancouver, BC",True,D,10,0,0,0,0.7,0.0,0.0,0.0,9.7,0.0,0,0,0,0,0,0,0,0,0,0,0,0,0,0.0,-4,24,7,0.0,5,10,7,6,15,4,0,0,0,0,0.0,0,0,0,0,0,126,85,20,21,6186,552,312,5322,CBJ,Metropolitan,Eastern
2025-2026,20251109,5,WSH,9642,Jakob Chychrun,ROSTER,27.0,"6'2""",210.0,USA,"Boca Raton, FL",False,D,15,3,7,10,3.2,0.47,0.2,0.67,25.5,26.0,1,1,1,2,0,0,0,1,0,1,0,0,0,0.0,9,109,48,6.2,13,31,30,16,21,23,6,0,0,0,0.0,4,11,6,15,1,336,174,93,69,21422,3823,2575,14831,WSH,Metropolitan,Eastern
2025-2026,20251109,21,VAN,13636,Filip Chytil,INJURY_LIST,26.0,"6'2""",206.0,Czech Republic,Kromeriz,False,C,6,3,0,3,2.5,0.0,0.5,0.5,6.8,12.8,1,0,0,0,0,0,0,1,0,0,0,0,0,0.0,0,22,15,20.0,4,2,5,3,10,3,2,76,36,40,47.4,3,6,0,0,0,114,56,43,18,5629,1207,724,3698,VAN,Pacific,Western
2025-2026,20251109,1,TBL,14125,Anthony Cirelli,ROSTER,28.0,"6'0""",193.0,Canada,"Etobicoke, ON",False,C,14,7,4,11,1.5,0.29,0.5,0.79,18.5,12.8,2,2,0,2,0,0,0,2,0,1,0,0,0,0.0,6,40,21,33.3,11,6,13,8,13,7,5,260,125,135,48.1,3,6,1,2,0,341,145,118,85,15683,2584,2123,10896,TBL,Atlantic,Eastern
2025-2026,20251109,8,NYI,5083,Casey Cizikas,ROSTER,34.0,"5'11""",195.0,Canada,"Toronto, ON",False,C,15,1,2,3,0.73,0.13,0.07,0.2,36.4,12.8,0,0,0,0,0,0,0,0,0,0,0,0,0,0.0,-6,18,11,9.1,12,3,4,38,12,7,1,117,47,70,40.2,3,6,0,0,0,224,127,48,50,9314,2297,486,6531,NYI,Metropolitan,Eastern
2025-2026,20251109,28,LAK,31218,Brandt Clarke,ROSTER,22.0,"6'2""",185.0,Canada,"Nepean, ON",True,D,15,2,5,7,2.0,0.33,0.13,0.47,34.5,12.8,0,0,0,0,0,0,0,1,0,0,0,0,0,0.0,4,53,30,6.7,24,16,7,7,18,20,4,0,0,0,0.0,3,6,5,10,0,313,247,41,27,15337,1613,267,13457,LAK,Pacific,Western
2025-2026,20251109,10,PIT,15396,Connor Clifton,ROSTER,30.0,"5'11""",175.0,USA,"Long Branch, New Jersey",False,D,5,0,0,0,1.0,0.0,0.0,0.0,31.0,8.5,0,0,0,0,0,0,0,0,0,0,0,0,0,0.0,-2,18,5,0.0,13,10,3,26,14,2,1,0,0,0,0.0,2,4,0,0,0,103,54,26,23,5197,598,199,4403,PIT,Metropolitan,Eastern
2025-2026,20251109,29,ANA,38010,Sam Colangelo,ROSTER,23.0,"6'2""",205.0,USA,"Stoneham, MA",True,RW,7,1,0,1,0.43,0.0,0.14,0.14,6.3,8.5,0,0,0,0,0,0,0,0,0,0,0,0,0,0.0,-3,11,3,33.3,1,5,3,9,7,6,0,2,1,1,50.0,2,4,0,0,0,105,70,21,16,4285,812,132,3383,ANA,Pacific,Western
2025-2026,20251109,30,UTA,4905,Ian Cole,ROSTER,36.0,"6'1""",225.0,USA,"Ann Arbor, MI",False,D,15,1,6,7,0.87,0.4,0.07,0.47,53.8,21.3,0,0,0,0,0,0,0,0,0,0,0,0,0,0.0,7,31,13,7.7,33,9,9,21,26,16,3,0,0,0,0.0,5,10,3,6,0,340,194,53,94,16429,3940,654,11835,UTA,Central,Western
2025-2026,20251109,23,CGY,11702,Blake Coleman,ROSTER,33.0,"5'11""",207.0,USA,"Plano, TX",False,LW,16,6,1,7,2.56,0.06,0.38,0.44,31.1,17.0,2,0,0,0,1,0,1,1,0,0,0,0,0,0.0,-1,68,41,14.6,10,14,13,33,13,19,3,16,6,10,37.5,4,8,5,10,0,380,179,139,68,16724,4287,1846,10591,CGY,Pacific,Western
2025-2026,20251109,22,COL,18195,Ross Colton,ROSTER,29.0,"6'0""",190.0,USA,"Robbinsville, New Jersey",False,C,15,2,6,8,1.93,0.4,0.13,0.53,27.7,13.2,0,0,0,0,0,0,0,1,0,0,0,0,0,0.0,1,62,29,6.9,6,16,17,36,10,13,4,19,11,8,57.9,1,5,5,13,1,266,148,80,40,11068,1872,1450,7746,COL,Central,Western
2025-2026,20251109,16,DET,5564,J.T. Compher,ROSTER,30.0,"6'0""",190.0,USA,"Northbrook, IL",False,LW,15,3,3,6,1.13,0.2,0.2,0.4,11.9,4.3,1,0,0,0,0,0,0,0,0,0,0,0,0,0.0,-1,33,17,17.6,8,12,5,3,14,7,0,157,75,82,47.8,1,2,5,10,0,337,155,89,96,14935,3022,1714,10260,DET,Atlantic,Eastern
2025-2026,20251109,2,WPJ,5612,Kyle Connor,ROSTER,28.0,"6'1""",182.0,USA,"Clinton Township, MI",False,LW,14,8,9,17,3.71,0.64,0.57,1.21,5.9,8.5,2,1,3,4,1,0,1,1,0,1,0,0,0,0.0,9,85,52,15.4,2,20,13,6,14,14,5,0,0,0,0.0,2,4,3,6,0,313,142,123,56,17068,3496,2603,10969,WPG,,
2025-2026,20251109,30,UTA,56257,Logan Cooley,ROSTER,21.0,"5'11""",180.0,USA,"Pittsburgh, PA",False,C,15,8,4,12,1.87,0.27,0.53,0.8,16.0,12.8,2,3,1,4,0,0,0,0,0,0,0,0,0,0.0,-1,46,28,28.6,6,5,13,15,17,21,5,191,83,108,43.5,3,6,5,10,0,327,234,48,54,16779,4267,682,11832,UTA,Central,Western
2025-2026,20251109,21,VAN,167600,Braeden Cootes,ASSIGNED_TO_OTHER,18.0,"6'0""",183.0,Canada,"Sherwood Park, AB",True,C,3,0,0,0,0.0,0.0,0.0,0.0,2.9,0.0,0,0,0,0,0,0,0,0,0,0,0,0,0,0.0,-2,0,0,0.0,1,0,0,3,1,4,0,13,5,8,38.5,0,0,0,0,0,44,38,5,1,1940,192,0,1748,VAN,Pacific,Western
2025-2026,20251109,16,DET,5555,Andrew Copp,ROSTER,31.0,"6'1""",206.0,USA,"Ann Arbor, MI",False,C,15,1,5,6,0.87,0.33,0.07,0.4,24.0,21.3,0,0,2,2,0,0,0,0,0,0,0,0,0,0.0,-5,32,13,7.7,14,7,12,11,19,15,2,99,47,52,47.5,5,10,1,2,0,323,137,82,105,13507,2472,721,10314,DET,Atlantic,Eastern
2025-2026,20251109,23,CGY,37972,Matt Coronato,ROSTER,22.0,"5'10""",183.0,USA,"New York, NY",True,RW,15,3,3,6,2.47,0.2,0.2,0.4,8.8,12.8,1,2,0,2,0,0,0,0,0,0,1,1,0,0.0,-12,77,37,8.1,6,27,13,2,12,7,5,18,3,15,16.7,3,6,1,2,0,302,205,68,32,15002,4171,818,10013,CGY,Pacific,Western
2025-2026,20251109,7,NJD,18224,Paul Cotter,ROSTER,25.0,"6'0""",185.0,USA,"Carton, MI",False,LW,15,1,1,2,1.0,0.07,0.07,0.13,29.0,8.5,0,0,0,0,0,0,0,0,0,0,1,0,1,100.0,-4,28,15,6.7,4,7,6,43,21,8,3,8,5,3,62.5,2,4,3,6,0,239,153,40,48,10841,1840,759,8328,NJD,Metropolitan,Eastern
2025-2026,20251109,13,OTT,5536,Nick Cousins,ROSTER,32.0,"5'11""",183.0,Canada,"Belleville, ON",False,C,15,2,1,3,0.67,0.07,0.13,0.2,29.8,50.8,0,0,0,0,0,0,0,0,0,0,0,0,0,0.0,1,25,10,20.0,9,5,10,33,29,12,2,9,4,5,44.4,8,27,7,17,1,258,133,85,42,10093,1915,1624,6554,OTT,Atlantic,Eastern
2025-2026,20251109,6,PHI,4995,Sean Couturier,ROSTER,32.0,"6'3""",211.0,USA,"Phoenix, AZ",False,C,14,2,8,10,1.43,0.57,0.14,0.71,19.4,17.0,0,0,0,0,0,0,0,1,0,0,0,0,0,0.0,1,45,20,10.0,10,16,9,12,11,13,7,232,124,108,53.4,4,8,2,4,0,336,147,77,114,15486,4097,729,10660,PHI,Metropolitan,Eastern
2025-2026,20251109,12,TOR,112362,Easton Cowan,ASSIGNED_TO_MINORS,20.0,"5'10""",170.0,Canada,"Mount Brydges, ON",True,RW,10,1,3,4,1.5,0.3,0.1,0.4,12.3,0.0,0,0,0,0,0,0,0,0,0,0,0,0,0,0.0,1,30,15,6.7,4,9,6,13,14,11,0,2,1,1,50.0,0,0,5,10,0,160,136,25,1,7526,1985,121,5381,TOR,Atlantic,Eastern
2025-2026,20251109,19,CBJ,5124,Charlie Coyle,ROSTER,33.0,"6'3""",220.0,USA,"East Weymouth, MA",False,C,14,2,7,9,1.43,0.5,0.14,0.64,23.3,0.0,0,0,1,1,0,0,0,0,0,0,0,0,0,0.0,0,38,20,10.0,10,9,9,19,11,9,5,208,112,96,53.8,0,0,1,2,0,292,134,68,89,14194,3824,364,9871,CBJ,Metropolitan,Eastern
2025-2026,20251109,13,OTT,19086,Dylan Cozens,ROSTER,24.0,"6'3""",183.0,Canada,"Whitehorse, Yukon",True,C,15,6,4,10,2.27,0.27,0.4,0.67,36.3,12.8,2,3,3,6,0,0,0,0,0,0,0,0,0,0.0,-11,60,34,17.6,8,16,10,47,19,12,0,151,82,69,54.3,3,6,4,8,0,355,190,68,103,15779,2753,764,12318,OTT,Atlantic,Eastern
2025-2026,20251109,20,CHI,34950,Louis Crevier,ROSTER,24.0,"6'8""",214.0,Canada,"Quebec City, QC",True,D,14,2,3,5,1.0,0.21,0.14,0.36,23.2,42.3,0,0,0,0,0,0,0,0,0,0,0,0,0,0.0,6,31,14,14.3,9,10,7,21,21,6,2,0,0,0,0.0,6,23,1,5,1,253,128,34,87,11099,735,159,10004,CHI,Central,Western
2025-2026,20251109,10,PIT,3490,Sidney Crosby,ROSTER,38.0,"5'11""",200.0,Canada,"Cole Harbour, NS",False,C,16,11,9,20,2.38,0.56,0.69,1.25,16.7,37.6,3,6,1,7,0,0,0,1,0,0,2,0,1,50.0,1,69,38,28.9,7,16,15,14,12,17,6,323,166,157,51.4,7,22,4,8,0,358,193,103,67,18577,6516,2089,9736,PIT,Metropolitan,Eastern
2025-2026,20251109,30,UTA,5606,Lawson Crouse,ROSTER,28.0,"6'4""",220.0,Canada,"Mt. Brydges, ON",False,LW,15,3,2,5,1.8,0.13,0.2,0.33,32.6,4.3,1,0,0,0,0,0,0,0,0,0,0,0,0,0.0,0,57,27,11.1,9,13,17,38,8,12,3,9,3,6,33.3,1,2,3,6,0,314,133,63,121,12973,1335,658,10980,UTA,Central,Western
2025-2026,20251109,1,TBL,56653,Maxwell Crozier,ROSTER,25.0,"5'11""",161.0,Canada,"Calgary, AB",False,D,5,0,3,3,1.0,0.6,0.0,0.6,7.0,4.3,0,0,0,0,0,0,0,0,0,0,0,0,0,0.0,1,15,5,0.0,2,7,3,8,14,1,1,0,0,0,0.0,1,2,0,0,0,84,54,7,23,3758,298,36,3424,TBL,Atlantic,Eastern
2025-2026,20251109,9,NYR,30065,William Cuylle,ROSTER,23.0,"6'3""",204.0,Canada,"Toronto, ON",True,LW,16,3,4,7,2.5,0.25,0.19,0.44,49.9,25.6,1,2,0,2,0,0,0,1,0,1,0,0,0,0.0,-5,75,40,7.5,16,18,18,53,18,4,4,14,9,5,64.3,6,12,3,6,0,390,264,78,35,16763,3090,808,12133,NYR,Metropolitan,Eastern
2025-2026,20251109,20,CHI,34951,Colton Dach,ROSTER,22.0,"6'4""",196.0,Canada,"St. Albert, AB",True,C,15,1,2,3,1.4,0.13,0.07,0.2,46.5,30.2,0,0,1,1,0,0,0,0,0,0,0,0,0,0.0,-5,38,21,4.8,9,6,11,63,16,9,6,22,9,13,40.9,5,13,7,17,1,283,188,41,54,11895,1689,360,9830,CHI,Central,Western
2025-2026,20251109,14,MTL,17199,Kirby Dach,ROSTER,24.0,"6'4""",212.0,Canada,"Fort Saskatchewan, AB",False,C,12,5,2,7,1.58,0.17,0.42,0.58,21.3,12.8,1,0,1,1,0,0,0,0,0,0,0,0,0,0.0,2,33,19,26.3,11,5,9,13,16,5,4,85,39,46,45.9,3,6,4,8,0,207,119,48,45,9881,1507,690,7684,MTL,Atlantic,Eastern
2025-2026,20251109,7,NJD,4787,Evgenii Dadonov,ROSTER,36.0,"5'11""",189.0,Russia,Chelyabinsk,False,LW,1,0,0,0,2.0,0.0,0.0,0.0,2.6,0.0,0,0,0,0,0,0,0,0,0,0,0,0,0,0.0,0,3,2,0.0,2,1,0,0,3,1,0,0,0,0,0.0,0,0,0,0,0,14,4,7,3,572,104,7,461,NJD,Metropolitan,Eastern
2025-2026,20251109,15,BUF,14524,Rasmus Dahlin,INJURY_LIST,25.0,"6'3""",193.0,Sweden,Trollhättan,False,D,14,1,8,9,2.71,0.57,0.07,0.64,28.4,21.3,0,1,4,5,0,0,0,0,0,0,1,0,0,0.0,-11,98,38,2.6,17,40,20,12,22,31,6,0,0,0,0.0,5,10,6,12,0,402,226,48,129,20544,2620,808,17116,BUF,Atlantic,Eastern
2025-2026,20251109,28,LAK,5487,Phillip Danault,ROSTER,32.0,"6'1""",201.0,Canada,"Victoriaville, QC",False,C,15,0,3,3,1.4,0.2,0.0,0.2,11.6,12.8,0,0,0,0,0,1,1,0,0,0,0,0,0,0.0,-1,42,21,0.0,3,14,7,14,11,13,2,223,123,100,55.2,3,6,3,6,0,305,137,94,74,15138,2063,1537,11538,LAK,Pacific,Western
2025-2026,20251109,15,BUF,30085,Justin Danforth,ROSTER,32.0,"5'9""",185.0,Canada,"Oshawa, ON",True,RW,4,0,0,0,0.5,0.0,0.0,0.0,6.8,4.3,0,0,0,0,0,0,0,0,0,0,0,0,0,0.0,-2,6,2,0.0,4,3,1,3,2,3,0,31,17,14,54.8,1,2,0,0,0,71,31,9,31,2809,362,109,2338,BUF,Atlantic,Eastern
2025-2026,20251109,1,TBL,18311,Charle-Edouard D’Astous,ROSTER,27.0,"6'2""",204.0,Canada,"Rimouski, QC",False,D,8,1,4,5,1.0,0.5,0.12,0.62,11.2,21.7,0,0,1,1,0,0,0,1,0,0,0,0,0,0.0,1,17,8,12.5,4,5,4,11,23,5,5,0,0,0,0.0,3,9,2,7,1,159,87,35,39,7240,1255,331,5658,TBL,Atlantic,Eastern
2025-2026,20251109,8,NYI,5424,Tony DeAngelo,ROSTER,30.0,"5'11""",180.0,USA,"Sewell, New Jersey",False,D,15,1,4,5,2.07,0.27,0.07,0.33,27.3,12.8,0,0,0,0,0,0,0,0,0,0,0,0,0,0.0,-5,57,31,3.2,17,16,10,10,12,19,1,0,0,0,0.0,3,6,1,2,0,319,192,78,50,15888,2617,1997,11274,NYI,Metropolitan,Eastern
2025-2026,20251109,16,DET,13688,Alex DeBrincat,ROSTER,27.0,"5'7""",165.0,USA,"Farmington Hills, MI",False,RW,15,4,11,15,3.87,0.73,0.27,1.0,5.7,0.0,1,3,3,6,0,0,0,0,0,0,2,1,0,0.0,-2,109,58,6.9,4,23,28,1,11,15,2,4,0,4,0.0,0,0,2,4,0,302,145,52,109,15651,3512,541,11598,DET,Atlantic,Eastern
2025-2026,20251109,21,VAN,5609,Jake DeBrusk,ROSTER,29.0,"6'0""",188.0,Canada,"Edmonton, AB",False,LW,16,4,2,6,3.0,0.12,0.25,0.38,18.0,8.5,1,3,0,3,0,0,0,0,0,0,2,1,1,50.0,0,75,48,8.3,8,8,19,14,14,15,2,9,3,6,33.3,2,4,2,4,0,350,148,80,127,17261,4265,962,12102,VAN,Pacific,Western
2025-2026,20251109,19,CBJ,53014,Luca Del Bel Belluz,ROSTER,21.0,"6'1""",179.0,Canada,"Woodbridge, ON",True,C,1,0,0,0,1.0,0.0,0.0,0.0,1.8,0.0,0,0,0,0,0,0,0,0,0,0,0,0,0,0.0,0,1,1,0.0,1,0,0,1,1,0,0,5,1,4,20.0,0,0,1,2,0,12,9,2,1,506,71,32,403,CBJ,Metropolitan,Eastern
2025-2026,20251109,26,SJS,14536,Ty Dellandrea,ROSTER,25.0,"6'0""",184.0,Canada,"Toronto, ON",True,C,16,1,5,6,1.0,0.31,0.06,0.38,33.9,8.5,0,0,0,0,1,1,2,0,0,0,0,0,0,0.0,-3,29,16,6.2,10,10,3,38,19,8,3,174,88,86,50.6,2,4,6,12,0,288,154,63,72,13181,1423,1173,10585,SJS,Pacific,Western
2025-2026,20251109,20,CHI,39063,Ethan Del Mastro,ASSIGNED_TO_MINORS,22.0,"6'4""",210.0,Canada,"Burlington, ON",True,D,1,0,0,0,1.0,0.0,0.0,0.0,5.9,0.0,0,0,0,0,0,0,0,0,0,0,0,0,0,0.0,-1,1,1,0.0,2,0,0,6,5,1,0,0,0,0,0.0,0,0,0,0,0,25,16,1,8,1055,123,0,932,CHI,Central,Western
2025-2026,20251109,2,WPJ,5822,Dylan DeMelo,ROSTER,32.0,"6'0""",191.0,Canada,"London, ON",False,D,14,1,6,7,0.71,0.43,0.07,0.5,45.7,21.3,0,0,0,0,0,1,1,0,0,0,0,0,0,0.0,6,26,10,10.0,31,11,5,11,19,19,1,0,0,0,0.0,5,10,4,8,0,385,210,75,101,18283,3858,629,13796,WPG,,
2025-2026,20251109,14,MTL,142498,Ivan Demidov,ROSTER,,,,,,False,RW,15,4,9,13,1.2,0.6,0.27,0.87,11.2,21.3,1,1,4,5,0,0,0,1,0,0,1,1,0,0.0,5,45,18,22.2,7,12,15,4,16,18,5,0,0,0,0.0,5,10,2,4,0,252,222,29,5,12408,2688,188,9532,MTL,Atlantic,Eastern
2025-2026,20251109,26,SJS,18276,Vincent Desharnais,ROSTER,29.0,"6'6""",209.0,Canada,"Laval, QC",False,D,12,0,2,2,0.58,0.17,0.0,0.17,33.9,24.8,0,0,0,0,0,0,0,0,0,0,0,0,0,0.0,2,19,7,0.0,20,8,4,15,14,7,0,0,0,0,0.0,4,16,3,6,0,241,126,23,92,11763,1138,183,10442,SJS,Pacific,Western
2025-2026,20251109,6,PHI,5341,Nicolas Deslauriers,ROSTER,34.0,"6'3""",219.0,Canada,"Lasalle, QC",False,LW,6,0,0,0,0.33,0.0,0.0,0.0,10.7,26.4,0,0,0,0,0,0,0,0,0,0,0,0,0,0.0,-2,5,2,0.0,1,0,3,17,1,2,1,0,0,0,0.0,2,10,2,10,2,56,38,8,10,2758,393,159,2206,PHI,Metropolitan,Eastern
2025-2026,20251109,10,PIT,18082,Connor Dewar,ROSTER,26.0,"5'10""",170.0,Canada,"The Pas, MB",False,C,16,4,2,6,1.94,0.12,0.25,0.38,29.5,0.0,1,0,0,0,0,0,0,1,0,0,0,0,0,0.0,0,54,31,12.9,7,12,11,37,24,5,4,5,2,3,40.0,0,0,6,15,0,303,157,64,78,12830,1688,613,10231,PIT,Metropolitan,Eastern
2025-2026,20251109,20,CHI,9073,Jason Dickinson,ROSTER,30.0,"6'2""",200.0,Canada,"Georgetown, ON",False,C,8,1,2,3,1.25,0.25,0.12,0.38,11.0,4.3,0,0,0,0,0,0,0,0,0,0,0,0,0,0.0,-1,22,10,10.0,6,5,7,6,8,10,3,126,68,58,54.0,1,2,0,0,0,171,84,42,46,6907,985,379,5543,CHI,Central,Western
2025-2026,20251109,26,SJS,142718,Sam Dickinson,ROSTER,,,,,,False,D,12,1,0,1,1.17,0.0,0.08,0.08,12.8,12.8,0,0,0,0,0,0,0,0,0,0,0,0,0,0.0,-1,25,14,7.1,7,9,2,7,17,11,4,0,0,0,0.0,3,6,1,2,0,212,183,13,18,10326,1156,70,9103,SJS,Pacific,Western
2025-2026,20251109,7,NJD,5103,Brenden Dillon,ROSTER,34.0,"6'4""",225.0,Canada,"New Westminster, BC",False,D,15,2,4,6,0.8,0.27,0.13,0.4,60.0,21.7,0,0,0,0,0,0,0,2,0,0,0,0,0,0.0,2,30,12,16.7,30,11,7,39,15,6,5,0,0,0,0.0,3,9,2,7,1,344,184,43,119,17252,3961,842,12449,NJD,Metropolitan,Eastern
2025-2026,20251109,15,BUF,37981,Josh Doan,ROSTER,23.0,"6'1""",183.0,USA,"Scottsdale, AZ",True,RW,15,4,5,9,2.73,0.33,0.27,0.6,12.2,8.5,1,2,1,3,0,0,0,1,0,0,0,0,0,0.0,-2,67,41,9.8,3,12,13,15,21,14,7,3,2,1,66.7,2,4,6,12,0,311,219,62,35,13919,3115,301,10503,BUF,Atlantic,Eastern
2025-2026,20251109,14,MTL,14535,Noah Dobson,ROSTER,25.0,"6'4""",184.0,Canada,"Summerside, PE",False,D,15,1,10,11,1.73,0.67,0.07,0.73,41.1,17.0,0,0,1,1,0,0,0,0,0,0,0,0,0,0.0,7,53,26,3.8,30,15,12,5,27,20,6,0,0,0,0.0,4,8,1,2,0,385,199,84,103,20138,2481,810,16847,MTL,Atlantic,Eastern
2025-2026,20251109,12,TOR,5412,Max Domi,ROSTER,30.0,"5'10""",192.0,Canada,"Winnipeg, MB",False,C,15,3,2,5,2.0,0.13,0.2,0.33,16.5,21.3,1,0,1,1,0,0,0,1,0,0,0,0,0,0.0,-9,50,30,10.0,9,14,6,9,8,18,4,101,48,53,47.5,5,10,6,12,0,257,129,94,37,11554,2388,1611,7555,TOR,Atlantic,Eastern
2025-2026,20251109,20,CHI,14137,Ryan Donato,ROSTER,29.0,"6'0""",192.0,USA,"Boston, MA",False,C,15,6,4,10,2.0,0.27,0.4,0.67,15.1,17.0,2,1,0,1,0,0,0,2,0,1,1,0,0,0.0,1,62,30,20.0,4,11,21,18,23,13,4,49,25,24,51.0,4,8,1,2,0,303,153,86,66,13913,2660,803,10209,CHI,Central,Western
2025-2026,20251109,142,VGK,29771,Pavel Dorofeyev,ROSTER,25.0,"6'0""",176.0,Russia,Nizhny Tagil,True,RW,14,10,1,11,2.86,0.07,0.71,0.79,9.2,12.8,3,6,1,7,0,0,0,1,1,0,1,0,1,100.0,-1,87,40,25.0,5,23,24,5,9,12,3,0,0,0,0.0,3,6,2,4,0,284,187,102,6,14953,4611,1995,8306,VGK,Pacific,Western
2025-2026,20251109,28,LAK,4510,Drew Doughty,ROSTER,35.0,"6'1""",202.0,Canada,"London, ON",False,D,15,2,3,5,1.53,0.2,0.13,0.33,33.6,8.5,0,0,0,0,0,1,1,0,0,0,0,0,0,0.0,2,62,23,8.7,22,26,13,10,18,23,7,0,0,0,0.0,2,4,1,2,0,400,199,79,124,21043,5099,1127,14815,LAK,Pacific,Western
2025-2026,20251109,1,TBL,38444,Curtis Douglas,ROSTER,25.0,"6'9""",248.0,Canada,"Oakville, ON",True,C,9,0,0,0,0.56,0.0,0.0,0.0,7.6,30.6,0,0,0,0,0,0,0,0,0,0,0,0,0,0.0,1,11,5,0.0,2,1,5,9,3,1,1,1,1,0,100.0,3,12,3,12,2,81,47,11,23,2760,531,10,2219,TBL,Atlantic,Eastern
2025-2026,20251109,5,WSH,9007,Nic Dowd,ROSTER,35.0,"6'1""",195.0,USA,"Huntsville, AL",False,C,15,1,3,4,1.07,0.2,0.07,0.27,25.8,12.8,0,0,0,0,0,0,0,0,0,0,0,0,0,0.0,0,29,16,6.2,8,7,6,28,17,7,5,198,101,97,51.0,3,6,4,8,0,311,132,103,77,13357,2484,1183,9690,WSH,Metropolitan,Eastern
2025-2026,20251109,24,EDM,5417,Leon Draisaitl,ROSTER,30.0,"6'2""",208.0,Germany,Köln,False,C,16,10,8,18,2.56,0.5,0.62,1.12,9.0,8.5,3,6,4,10,0,0,0,0,0,0,2,0,2,100.0,1,78,41,24.4,4,15,22,7,8,23,7,246,141,105,57.3,2,4,3,6,0,369,190,77,99,21389,5646,1454,13887,EDM,Pacific,Western
2025-2026,20251109,8,NYI,5230,Jonathan Drouin,ROSTER,30.0,"6'0""",203.0,Canada,"Ste-Agathe, QC",False,LW,14,2,8,10,1.21,0.57,0.14,0.71,9.9,23.5,0,0,2,2,0,0,0,0,0,0,1,1,0,0.0,5,37,17,11.8,6,4,16,4,5,8,1,25,12,13,48.0,3,17,5,10,0,282,141,83,60,14780,3804,765,10211,NYI,Metropolitan,Eastern
2025-2026,20251109,22,COL,14565,Jack Drury,ROSTER,25.0,"5'11""",174.0,USA,"Winnetka, IL",True,C,15,3,4,7,1.53,0.27,0.2,0.47,20.7,17.0,1,0,0,0,0,0,0,0,0,0,0,0,0,0.0,2,45,23,13.0,14,8,14,5,24,7,3,208,112,96,53.8,4,8,3,6,0,313,183,83,50,13259,2092,1281,9886,COL,Central,Western
2025-2026,20251109,6,PHI,27448,Jamie Drysdale,ROSTER,23.0,"5'11""",187.0,Canada,"Toronto, ON",True,D,15,2,5,7,1.0,0.33,0.13,0.47,28.5,24.8,0,0,0,0,0,0,0,1,0,0,0,0,0,0.0,-2,53,15,13.3,21,23,15,3,20,10,1,0,0,0,0.0,4,16,3,6,0,396,310,52,38,19887,3203,305,16335,PHI,Metropolitan,Eastern
2025-2026,20251109,5,WSH,13710,Pierre-Luc Dubois,ROSTER,27.0,"6'3""",218.0,Canada,"Ste-Agathe-des-Monts, QC",False,LW,6,0,0,0,1.5,0.0,0.0,0.0,7.2,4.3,0,0,0,0,0,0,0,0,0,0,0,0,0,0.0,0,19,9,0.0,3,4,6,6,7,2,1,78,33,45,42.3,1,2,2,4,0,113,61,32,20,5592,1216,935,3441,WSH,Metropolitan,Eastern
2025-2026,20251109,27,DAL,4663,Matt Duchene,ROSTER,34.0,"5'11""",195.0,Canada,"Haliburton, ON",False,C,4,1,1,2,0.75,0.25,0.25,0.5,6.2,0.0,0,1,0,1,0,0,0,1,0,0,1,0,0,0.0,0,5,3,33.3,4,2,0,2,2,1,1,23,12,11,52.2,0,0,2,4,0,72,44,15,14,3467,906,86,2475,DAL,Central,Western
2025-2026,20251109,8,NYI,5441,Anthony Duclair,ROSTER,30.0,"5'11""",198.0,Canada,"Laval, QC",False,LW,15,3,3,6,1.4,0.2,0.2,0.4,15.3,8.5,1,1,0,1,0,0,0,0,0,0,1,0,0,0.0,2,36,21,14.3,12,10,5,0,6,8,2,0,0,0,0.0,2,4,2,4,0,261,119,100,45,12562,2091,1567,8855,NYI,Metropolitan,Eastern
2025-2026,20251109,5,WSH,18079,Brandon Duhaime,ROSTER,28.0,"6'0""",185.0,USA,"Parkland, FL",False,RW,15,1,1,2,0.53,0.07,0.07,0.13,27.1,43.4,0,0,0,0,0,0,0,0,0,0,0,0,0,0.0,-2,25,8,12.5,6,8,9,35,22,4,1,14,3,11,21.4,6,18,7,20,2,287,152,72,63,11307,1240,646,9384,WSH,Metropolitan,Eastern
2025-2026,20251109,10,PIT,5125,Matt Dumba,ROSTER,31.0,"6'0""",180.0,Canada,"Regina, SK",False,D,5,0,1,1,0.6,0.2,0.0,0.2,10.1,26.0,0,0,0,0,0,0,0,0,0,0,0,0,0,0.0,-1,11,3,0.0,4,5,3,9,5,6,4,0,0,0,0.0,4,11,1,5,1,96,55,19,22,4508,519,292,3697,PIT,Metropolitan,Eastern
2025-2026,20251109,28,LAK,5310,Brian Dumoulin,ROSTER,34.0,"6'4""",207.0,USA,"Biddeford, MN",False,D,15,0,1,1,1.13,0.07,0.0,0.07,34.2,4.3,0,0,0,0,0,0,0,0,0,0,0,0,0,0.0,-5,37,17,0.0,22,12,8,11,31,19,6,0,0,0,0.0,1,2,2,4,0,353,188,68,97,17708,3062,982,13664,LAK,Pacific,Western
2025-2026,20251109,143,SEA,5650,Vince Dunn,ROSTER,29.0,"6'0""",203.0,Canada,"Lindsay, ON",False,D,14,2,6,8,2.57,0.43,0.14,0.57,17.0,17.0,0,0,4,4,0,0,0,0,0,0,0,0,0,0.0,-5,77,36,5.6,12,31,10,3,20,17,4,0,0,0,0.0,4,8,1,2,0,374,189,117,61,19610,3226,2009,13974,SEA,Pacific,Western
2025-2026,20251109,15,BUF,29977,Josh Dunne,ROSTER,26.0,"6'4""",210.0,USA,"OFallon, MO",True,C,9,1,0,1,0.78,0.0,0.11,0.11,13.0,21.7,0,0,0,0,0,0,0,0,0,0,0,0,0,0.0,0,13,7,14.3,5,0,6,12,4,5,1,8,1,7,12.5,3,9,6,15,1,121,93,15,14,5029,373,84,4572,BUF,Atlantic,Eastern
2025-2026,20251109,30,UTA,14575,Sean Durzi,ROSTER,27.0,"6'0""",188.0,Canada,"Mississauga, ON",True,D,2,0,1,1,1.0,0.5,0.0,0.5,6.8,8.5,0,0,0,0,0,0,0,0,0,0,0,0,0,0.0,0,3,2,0.0,4,1,0,3,1,4,1,0,0,0,0.0,2,4,0,0,0,52,31,7,14,2271,34,72,2165,UTA,Central,Western
2025-2026,20251109,6,PHI,10069,Christian Dvorak,ROSTER,29.0,"6'1""",200.0,USA,"Palos, IL",False,C,15,3,6,9,1.73,0.4,0.2,0.6,15.2,12.8,1,0,0,0,0,1,1,0,0,0,0,0,0,0.0,3,44,26,11.5,8,8,10,9,8,8,2,174,94,80,54.0,3,6,3,6,0,335,151,70,117,15302,2103,1126,12073,PHI,Metropolitan,Eastern
2025-2026,20251109,17,STL,142730,Dalibor Dvorský,ROSTER,20.0,"6'1""",201.0,Slovakia,Zvolen,True,RW,6,2,0,2,1.33,0.0,0.33,0.33,12.5,4.3,0,2,0,2,0,0,0,0,0,0,0,0,0,0.0,-1,14,8,25.0,5,1,5,11,2,1,1,56,30,26,53.6,1,2,0,0,0,110,91,20,1,5208,736,149,4323,STL,Central,Western
2025-2026,20251109,143,SEA,4505,Jordan Eberle,ROSTER,35.0,"5'11""",187.0,Canada,"Regina, SK",False,RW,14,5,6,11,2.57,0.43,0.36,0.79,14.7,12.8,1,0,4,4,0,0,0,1,0,0,1,0,0,0.0,1,70,36,13.9,5,14,20,15,15,14,3,14,7,7,50.0,3,6,1,2,0,329,167,79,79,16416,5989,1213,8855,SEA,Pacific,Western
2025-2026,20251109,28,LAK,5823,Joel Edmundson,ROSTER,32.0,"6'5""",224.0,Canada,"Brandon, MB",False,D,15,0,6,6,1.53,0.4,0.0,0.4,29.7,21.3,0,0,0,0,0,0,0,0,0,0,0,0,0,0.0,4,53,23,0.0,15,18,12,19,15,14,3,0,0,0,0.0,5,10,0,0,0,331,181,36,114,15434,2076,609,12749,LAK,Pacific,Western
2025-2026,20251109,9,NYR,39222,Adam Edstrom,ROSTER,25.0,"6'6""",210.0,Sweden,,True,C,14,0,2,2,0.71,0.14,0.0,0.14,26.3,4.3,0,0,0,0,0,0,0,0,0,0,0,0,0,0.0,2,18,10,0.0,8,3,5,29,3,7,3,0,0,0,0.0,1,2,0,0,0,205,134,34,27,8386,1201,472,6341,NYR,Metropolitan,Eastern
2025-2026,20251109,16,DET,37971,Simon Edvinsson,ROSTER,22.0,"6'4""",198.0,Sweden,Kungsbacka,True,D,15,3,2,5,1.2,0.13,0.2,0.33,56.0,34.1,1,0,0,0,0,0,0,1,0,0,0,0,0,0.0,-4,45,18,16.7,36,15,12,18,26,17,3,0,0,0,0.0,8,16,3,6,0,394,255,35,107,19258,1969,476,16813,DET,Atlantic,Eastern
2025-2026,20251109,3,CAR,5419,Nikolaj Ehlers,ROSTER,29.0,"6'0""",172.0,Denmark,Aalborg,False,LW,14,2,5,7,2.79,0.36,0.14,0.5,7.2,12.8,0,1,1,2,0,0,0,2,0,0,0,0,0,0.0,2,78,39,5.1,3,20,19,6,6,13,3,12,5,7,41.7,3,6,3,6,0,269,136,43,92,13749,2204,584,10961,CAR,Metropolitan,Eastern
2025-2026,20251109,142,VGK,5597,Jack Eichel,ROSTER,29.0,"6'2""",203.0,USA,"Chelmsford, MA",False,C,14,8,14,22,4.29,1.0,0.57,1.57,15.0,0.0,2,0,10,10,0,0,0,2,0,0,1,0,0,0.0,7,96,60,13.3,10,18,18,4,6,28,11,244,123,121,50.4,0,0,5,10,0,327,183,113,39,17622,3808,3201,10567,VGK,Pacific,Western
2025-2026,20251109,4,FLO,5414,Aaron Ekblad,ROSTER,29.0,"6'4""",215.0,Canada,"Windsor, ON",False,D,15,1,3,4,1.6,0.2,0.07,0.27,34.0,12.8,0,1,0,1,0,0,0,1,0,0,0,0,0,0.0,-3,59,24,4.2,21,25,10,13,10,8,4,0,0,0,0.0,3,6,0,0,0,416,172,81,164,20818,4338,1323,15157,FLA,,
2025-2026,20251109,24,EDM,5022,Mattias Ekholm,ROSTER,35.0,"6'4""",215.0,Sweden,Borlange,False,D,16,1,5,6,1.94,0.31,0.06,0.38,50.2,8.5,0,0,1,1,0,0,0,0,0,0,0,0,0,0.0,-9,69,31,3.2,35,23,15,10,23,28,9,0,0,0,0.0,2,4,2,4,0,386,230,56,93,19342,4901,1216,12820,EDM,Pacific,Western
2025-2026,20251109,26,SJS,32927,William Eklund,ROSTER,23.0,"5'10""",176.0,Sweden,Stockholm,True,LW,12,5,6,11,2.58,0.5,0.42,0.92,17.2,4.3,1,2,3,5,0,0,0,0,0,0,0,0,0,0.0,-5,64,31,16.1,10,16,17,8,11,14,3,4,0,4,0.0,1,2,3,6,0,267,190,36,46,14279,2731,490,11058,SJS,Pacific,Western
2025-2026,20251109,12,TOR,4866,Oliver Ekman-Larsson,ROSTER,34.0,"6'2""",200.0,Sweden,Karlskrona,False,D,15,1,9,10,1.13,0.6,0.07,0.67,30.7,29.8,0,0,3,3,0,0,0,0,0,0,0,0,0,0.0,4,45,17,5.9,14,19,9,23,17,27,5,0,0,0,0.0,7,14,2,4,0,419,222,90,108,18411,4238,1170,13003,TOR,Atlantic,Eastern
2025-2026,20251109,13,OTT,4723,Lars Eller,ROSTER,36.0,"6'2""",205.0,Denmark,Rødovre,False,C,15,2,4,6,1.0,0.27,0.13,0.4,22.5,0.0,0,0,0,0,1,0,1,0,0,0,0,0,0,0.0,-1,31,15,13.3,12,12,4,13,20,9,2,160,92,68,57.5,0,0,3,6,0,290,130,84,78,12325,4251,1272,6801,OTT,Atlantic,Eastern
2025-2026,20251109,24,EDM,30040,Ty Emberson,ROSTER,25.0,"6'1""",195.0,USA,"Eau Claire, WI",True,D,14,1,2,3,0.79,0.14,0.07,0.21,36.6,0.0,0,0,0,0,0,0,0,1,0,0,0,0,0,0.0,2,24,11,9.1,20,11,2,20,37,9,4,0,0,0,0.0,0,0,2,4,0,270,148,68,51,13099,2082,1440,9421,EDM,Pacific,Western
2025-2026,20251109,25,MIN,5615,Joel Eriksson Ek,ROSTER,28.0,"6'1""",210.0,Sweden,Karlstad,False,C,16,2,7,9,3.0,0.44,0.12,0.56,33.1,17.0,0,1,4,5,0,0,0,0,0,0,0,0,0,0.0,-7,82,48,4.2,12,18,16,32,15,7,5,348,176,172,50.6,4,8,5,10,0,322,140,103,81,18511,3911,1210,13390,MIN,Central,Western
2025-2026,20251109,27,DAL,11673,Adam Erne,ROSTER,30.0,"6'1""",212.0,USA,"New Haven, CT",False,LW,12,2,1,3,0.75,0.08,0.17,0.25,28.8,4.3,0,0,0,0,0,0,0,0,0,0,0,0,0,0.0,1,22,9,22.2,6,4,9,38,6,3,1,4,2,2,50.0,1,2,1,2,0,170,101,55,15,7034,1807,886,4294,DAL,Central,Western
2025-2026,20251109,18,NSH,28523,Luke Evangelista,ROSTER,23.0,"5'11""",166.0,Canada,"Oakville, ON",True,RW,16,2,7,9,2.0,0.44,0.12,0.56,6.8,8.5,0,1,2,3,0,0,0,0,0,0,1,1,0,0.0,1,56,32,6.2,4,8,16,3,20,17,6,0,0,0,0.0,2,4,5,10,0,276,190,57,32,14399,2796,746,10859,NSH,Central,Western
2025-2026,20251109,14,MTL,17548,Jake Evans,ROSTER,29.0,"6'0""",190.0,Canada,"Toronto, ON",False,C,15,2,1,3,1.13,0.07,0.13,0.2,31.7,12.1,0,0,0,0,0,0,0,0,0,0,0,0,0,0.0,-8,38,17,11.8,17,10,11,18,16,15,3,208,121,87,58.2,1,10,3,6,0,303,138,106,61,14450,2267,1827,10356,MTL,Atlantic,Eastern
2025-2026,20251109,143,SEA,34549,Ryker Evans,ROSTER,23.0,"5'11""",189.0,Canada,"Calgary, AB",True,D,1,1,1,2,2.0,1.0,1.0,2.0,1.1,0.0,0,0,0,0,0,0,0,0,0,0,0,0,0,0.0,1,6,2,50.0,0,4,0,2,1,2,0,0,0,0,0.0,0,0,0,0,0,22,18,1,4,1064,37,0,1027,SEA,Pacific,Western
2025-2026,20251109,11,BOS,18068,Mikey Eyssimont,ROSTER,29.0,"6'0""",192.0,USA,"Littleton, CO",False,C,17,4,4,8,2.12,0.24,0.24,0.47,13.2,34.5,1,1,1,2,0,0,0,1,0,0,0,0,0,0.0,-5,58,36,11.1,6,8,14,10,14,8,2,0,0,0,0.0,6,15,6,15,1,265,138,58,73,11646,2284,589,8773,BOS,Atlantic,Eastern
2025-2026,20251109,19,CBJ,9643,Dante Fabbro,ROSTER,27.0,"6'0""",189.0,Canada,"New Westminster, BC",False,D,14,1,2,3,1.0,0.14,0.07,0.21,36.7,8.5,0,0,0,0,0,0,0,0,0,0,0,0,0,0.0,-3,36,14,7.1,27,17,5,4,31,10,4,0,0,0,0.0,2,4,2,4,0,287,153,46,86,14647,2137,936,11395,CBJ,Metropolitan,Eastern
2025-2026,20251109,25,MIN,38005,Brock Faber,ROSTER,23.0,"6'0""",190.0,USA,"Maple Grove, MN",True,D,16,3,6,9,2.44,0.38,0.19,0.56,41.6,0.0,1,0,4,4,0,0,0,1,0,0,0,0,0,0.0,-7,78,39,7.7,30,17,22,6,28,17,8,0,0,0,0.0,0,0,0,0,0,413,289,86,41,22460,3643,1623,17194,MIN,Central,Western
2025-2026,20251109,27,DAL,5116,Radek Faksa,ROSTER,31.0,"6'3""",220.0,Czech Republic,Opava,False,C,14,1,3,4,0.43,0.21,0.07,0.29,25.4,8.5,0,0,0,0,0,0,0,0,0,0,0,0,0,0.0,-1,13,6,16.7,9,4,3,25,9,5,3,116,65,51,56.0,2,4,5,10,0,242,116,41,86,9947,2163,419,7365,DAL,Central,Western
2025-2026,20251109,19,CBJ,111258,Adam Fantilli,ROSTER,21.0,"6'2""",187.0,Canada,"Nobleton, ON",True,C,14,2,6,8,2.36,0.43,0.14,0.57,20.2,12.8,0,0,0,0,0,0,0,0,0,0,1,0,1,100.0,-5,75,33,6.1,8,23,19,18,10,17,5,95,49,46,51.6,3,6,3,6,0,252,205,41,6,13555,2580,458,10626,CBJ,Metropolitan,Eastern
2025-2026,20251109,23,CGY,14537,Joel Farabee,ROSTER,25.0,"6'0""",164.0,USA,"Cicero, NY",False,LW,16,2,5,7,1.81,0.31,0.12,0.44,29.0,17.4,0,0,2,2,0,0,0,0,0,0,0,0,0,0.0,-5,53,29,6.9,14,13,11,20,27,12,1,18,8,10,44.4,2,7,2,7,1,358,195,77,88,17140,3079,1233,12830,CGY,Pacific,Western
2025-2026,20251109,17,STL,5009,Justin Faulk,ROSTER,33.0,"6'0""",217.0,USA,"South St.Paul, MN",False,D,16,3,5,8,1.81,0.31,0.19,0.5,56.7,8.5,1,1,3,4,0,0,0,0,0,0,0,0,0,0.0,-2,56,29,10.3,37,18,9,17,16,12,5,0,0,0,0.0,2,4,0,0,0,450,236,85,132,22586,4808,1187,16591,STL,Central,Western
2025-2026,20251109,5,WSH,14569,Martin Fehervary,ROSTER,26.0,"6'2""",200.0,Slovakia,Bratislava,False,D,15,1,5,6,1.2,0.33,0.07,0.4,45.2,8.5,0,0,0,0,0,0,0,0,0,0,0,0,0,0.0,3,38,18,5.6,25,14,6,24,24,12,0,0,0,0,0.0,2,4,2,4,0,323,195,63,64,17056,1945,1137,13926,WSH,Metropolitan,Eastern
2025-2026,20251109,3,CAR,56335,Dominick Fensore,ASSIGNED_TO_MINORS,24.0,"5'7""",153.0,USA,"Thornwood, NY",False,D,1,0,0,0,2.0,0.0,0.0,0.0,4.4,0.0,0,0,0,0,0,0,0,0,0,0,0,0,0,0.0,-2,5,2,0.0,3,2,1,1,3,0,0,0,0,0,0.0,0,0,0,0,0,27,15,0,12,1162,46,0,1116,CAR,Metropolitan,Eastern
2025-2026,20251109,26,SJS,17138,Mario Ferraro,ROSTER,27.0,"5'11""",185.0,Canada,"King City, ON",False,D,16,1,3,4,1.12,0.19,0.06,0.25,68.5,4.3,0,0,0,0,0,0,0,0,0,0,0,0,0,0.0,0,42,18,5.6,41,19,5,29,28,20,7,0,0,0,0.0,1,2,1,2,0,377,209,40,129,20045,1725,992,17328,SJS,Pacific,Western
2025-2026,20251109,28,LAK,5438,Kevin Fiala,ROSTER,29.0,"5'10""",193.0,Switzerland,St. Gallen,False,LW,15,6,4,10,3.13,0.27,0.4,0.67,12.7,17.0,2,2,3,5,0,0,0,1,0,0,5,1,1,20.0,-6,87,47,12.8,6,20,20,9,15,24,5,6,1,5,16.7,4,8,1,2,0,298,136,96,72,16507,3931,1880,10996,LAK,Pacific,Western
2025-2026,20251109,1,TBL,28530,Jack Finley,ROSTER,23.0,"6'6""",213.0,USA,"St. Louis, MO",True,C,4,0,0,0,0.75,0.0,0.0,0.0,2.8,8.5,0,0,0,0,0,0,0,0,0,0,0,0,0,0.0,0,3,3,0.0,0,0,0,5,1,0,0,40,16,24,40.0,2,4,2,4,0,61,39,10,12,2034,134,187,1713,TBL,Atlantic,Eastern
2025-2026,20251109,16,DET,142439,Emmitt Finnie,ROSTER,20.0,"6'1""",195.0,Canada,"Lethbridge, AB",True,C,15,4,4,8,1.73,0.27,0.27,0.53,30.2,0.0,1,0,1,1,0,0,0,0,0,0,0,0,0,0.0,5,40,26,15.4,11,4,10,29,15,13,8,10,4,6,40.0,0,0,1,2,0,311,269,29,17,15251,2709,402,12140,DET,Atlantic,Eastern
2025-2026,20251109,143,SEA,17180,Cale Fleury,ROSTER,26.0,"6'1""",205.0,Canada,"Carlyle, SK",False,D,4,0,1,1,0.75,0.25,0.0,0.25,5.9,13.2,0,0,0,0,0,0,0,0,0,0,0,0,0,0.0,0,9,3,0.0,2,3,3,6,7,3,1,0,0,0,0.0,1,5,2,7,1,80,52,13,15,3534,453,0,3081,SEA,Pacific,Western
2025-2026,20251109,2,WPJ,5422,Haydn Fleury,ROSTER,29.0,"6'3""",208.0,Canada,"Regina, SK",False,D,13,0,0,0,0.77,0.0,0.0,0.0,37.2,8.5,0,0,0,0,0,0,0,0,0,0,0,0,0,0.0,-5,24,10,0.0,20,7,7,21,20,10,5,0,0,0,0.0,2,4,0,0,0,266,163,46,57,12117,1049,1848,9220,WPG,,
2025-2026,20251109,28,LAK,14151,Warren Foegele,ROSTER,29.0,"6'2""",198.0,Canada,"Markham, ON",False,LW,10,1,0,1,1.3,0.0,0.1,0.1,7.9,12.8,0,0,0,0,0,0,0,0,0,0,1,0,0,0.0,-1,28,13,7.7,1,8,7,12,9,12,0,9,3,6,33.3,3,6,2,4,0,178,97,46,36,8023,1124,535,6364,LAK,Pacific,Western
2025-2026,20251109,6,PHI,28514,Tyson Foerster,INJURY_LIST,23.0,"6'2""",194.0,Canada,"Alliston, ON",True,RW,11,4,3,7,1.73,0.27,0.36,0.64,13.9,16.3,1,1,0,1,0,0,0,0,0,0,0,0,0,0.0,5,41,19,21.1,7,10,12,9,17,8,3,2,1,1,50.0,2,12,0,0,0,263,184,62,22,12080,2082,549,9449,PHI,Metropolitan,Eastern
2025-2026,20251109,25,MIN,5055,Marcus Foligno,ROSTER,34.0,"6'3""",224.0,USA,"Buffalo, NY",False,LW,15,0,1,1,0.8,0.07,0.0,0.07,46.0,46.5,0,0,0,0,0,0,0,0,0,0,0,0,0,0.0,-10,25,12,0.0,13,6,7,53,9,8,2,3,0,3,0.0,7,25,4,11,1,245,125,58,62,11997,2876,1089,8032,MIN,Central,Western
2025-2026,20251109,20,CHI,4278,Nick Foligno,ROSTER,38.0,"6'0""",208.0,USA,"Buffalo, NY",False,LW,12,0,4,4,1.0,0.33,0.0,0.33,29.3,39.1,0,0,1,1,0,0,0,0,0,0,0,0,0,0.0,-1,22,12,0.0,9,4,6,32,4,5,1,128,67,61,52.3,5,16,4,14,2,251,125,49,74,10146,3028,389,6572,CHI,Central,Western
2025-2026,20251109,21,VAN,5813,Derek Forbort,INJURY_LIST,33.0,"6'4""",219.0,USA,"Duluth, MN",False,D,2,0,0,0,0.5,0.0,0.0,0.0,6.2,4.3,0,0,0,0,0,0,0,0,0,0,0,0,0,0.0,0,1,1,0.0,4,0,0,2,8,5,0,0,0,0,0.0,1,2,0,0,0,39,20,6,13,1672,304,40,1328,VAN,Pacific,Western
2025-2026,20251109,2,WPJ,79680,Parker Ford,ROSTER,25.0,"5'9""",181.0,USA,"Wakefield, RI",True,C,7,0,1,1,0.71,0.14,0.0,0.14,17.4,8.5,0,0,0,0,0,0,0,0,0,0,0,0,0,0.0,-1,13,5,0.0,8,5,3,13,9,0,1,34,15,19,44.1,2,4,1,2,0,93,76,12,5,4133,1232,217,2684,WPG,,
2025-2026,20251109,18,NSH,5210,Filip Forsberg,ROSTER,31.0,"6'1""",205.0,Sweden,Ostervala,False,LW,17,7,6,13,3.06,0.35,0.41,0.76,33.2,12.8,2,0,3,3,0,0,0,0,0,0,1,0,1,100.0,0,105,52,13.5,9,30,23,39,9,19,10,5,1,4,20.0,3,6,6,12,0,365,165,160,48,19523,4118,4700,10870,NSH,Central,Western
2025-2026,20251109,4,FLO,10072,Gustav Forsling,ROSTER,29.0,"6'0""",186.0,Sweden,Linkping,False,D,15,0,6,6,1.4,0.4,0.0,0.4,29.3,4.3,0,0,0,0,0,0,0,0,0,0,0,0,0,0.0,2,52,21,0.0,16,22,9,16,8,12,4,0,0,0,0.0,1,2,4,8,0,406,234,89,83,20046,3329,2060,14657,FLA,,
2025-2026,20251109,17,STL,4800,Cam Fowler,ROSTER,33.0,"6'2""",214.0,Canada,"Windsor, ON",False,D,16,0,6,6,1.56,0.38,0.0,0.38,15.2,8.5,0,0,4,4,0,1,1,0,0,0,0,0,0,0.0,-9,61,25,0.0,11,26,10,2,16,12,2,0,0,0,0.0,2,4,1,2,0,434,231,108,95,21897,4516,1279,16102,STL,Central,Western
2025-2026,20251109,9,NYR,17179,Adam Fox,ROSTER,27.0,"5'11""",181.0,USA,"Jericho, NY",False,D,16,3,8,11,2.25,0.5,0.19,0.69,36.9,17.0,1,1,1,2,0,1,1,1,0,0,0,0,0,0.0,-1,96,36,8.3,25,43,18,9,23,18,13,0,0,0,0.0,4,8,2,4,0,413,201,131,64,23243,4616,1741,15949,NYR,Metropolitan,Eastern
2025-2026,20251109,5,WSH,120029,Ethan Frank,ROSTER,27.0,"5'11""",185.0,USA,"Papillion, NE",True,C,4,0,2,2,0.75,0.5,0.0,0.5,4.9,8.5,0,0,1,1,0,0,0,0,0,0,0,0,0,0.0,1,8,3,0.0,3,3,2,2,4,2,0,0,0,0,0.0,2,4,0,0,0,66,53,11,0,2774,821,13,1839,WSH,Metropolitan,Eastern
2025-2026,20251109,24,EDM,9655,Trent Frederic,ROSTER,27.0,"6'2""",203.0,USA,"St. Louis, MO",False,C,16,1,0,1,1.0,0.0,0.06,0.06,31.2,12.8,0,0,0,0,0,0,0,1,0,0,0,0,0,0.0,-5,28,16,6.2,4,7,5,47,14,7,0,37,20,17,54.1,3,6,3,6,0,260,143,80,33,12297,2378,1322,8333,EDM,Pacific,Western
2025-2026,20251109,23,CGY,13642,Morgan Frost,ROSTER,26.0,"5'11""",170.0,Canada,"Barrie, ON",False,C,16,3,5,8,1.69,0.31,0.19,0.5,17.6,25.6,1,0,3,3,0,0,0,0,0,0,2,0,1,50.0,2,48,27,11.1,9,12,9,11,6,8,3,216,114,102,52.8,6,12,2,4,0,310,162,79,73,15311,3250,1225,11024,CGY,Pacific,Western
2025-2026,20251109,4,FLO,13855,Jonah Gadjovich,ROSTER,27.0,"6'2""",200.0,Canada,"Whitby, ON",False,LW,10,0,3,3,0.8,0.3,0.0,0.3,20.5,17.4,0,0,0,0,0,0,0,0,0,0,0,0,0,0.0,2,12,8,0.0,3,4,0,30,10,3,3,0,0,0,0.0,2,7,1,5,1,112,78,30,4,4766,977,768,3021,FLA,,
2025-2026,20251109,14,MTL,5149,Brendan Gallagher,ROSTER,33.0,"5'9""",186.0,Canada,"Edmonton, AB",False,RW,15,0,7,7,1.27,0.47,0.0,0.47,10.2,12.8,0,0,1,1,0,0,0,0,0,0,0,0,0,0.0,3,35,19,0.0,1,11,5,16,14,6,3,2,2,0,100.0,3,6,2,4,0,262,141,64,57,11860,3693,958,7209,MTL,Atlantic,Eastern
2025-2026,20251109,21,VAN,5718,Conor Garland,ROSTER,29.0,"5'10""",165.0,USA,"Scituate, MA",False,RW,13,4,8,12,2.85,0.62,0.31,0.92,12.1,12.8,1,0,4,4,0,0,0,1,0,0,1,0,0,0.0,6,62,37,10.8,6,10,15,8,21,16,5,9,1,8,11.1,3,6,2,4,0,299,128,76,99,15989,2908,873,12208,VAN,Pacific,Western
2025-2026,20251109,8,NYI,53056,Marc Gatcomb,ASSIGNED_TO_MINORS,26.0,"6'2""",194.0,USA,"Woburn, MA",True,C,1,0,0,0,1.0,0.0,0.0,0.0,3.9,0.0,0,0,0,0,0,0,0,0,0,0,0,0,0,0.0,0,1,1,0.0,0,0,0,7,1,0,0,0,0,0,0.0,0,0,0,0,0,12,4,0,8,513,59,0,454,NYI,Metropolitan,Eastern
2025-2026,20251109,6,PHI,120274,Jacob Gaucher,ASSIGNED_TO_MINORS,24.0,"6'3""",185.0,Canada,"Longueuil, QC",True,C,3,0,0,0,1.0,0.0,0.0,0.0,2.4,0.0,0,0,0,0,0,0,0,0,0,0,0,0,0,0.0,-1,4,3,0.0,1,0,1,2,1,2,0,19,9,10,47.4,0,0,1,2,0,38,28,2,8,1578,205,120,1253,PHI,Metropolitan,Eastern
2025-2026,20251109,26,SJS,5737,Adam Gaudette,ROSTER,29.0,"6'1""",170.0,USA,"Braintree, MA",False,RW,12,4,1,5,1.42,0.08,0.33,0.42,5.0,17.0,1,1,0,1,0,0,0,1,0,0,0,0,0,0.0,-4,31,17,23.5,0,8,6,9,12,5,3,60,30,30,50.0,4,8,1,2,0,181,99,41,45,7822,1309,564,5949,SJS,Pacific,Western
2025-2026,20251109,143,SEA,10097,Frederick Gaudreau,ROSTER,32.0,"6'0""",179.0,Canada,"Granby, QC",False,C,4,0,1,1,0.75,0.25,0.0,0.25,7.5,0.0,0,0,0,0,0,0,0,0,0,0,0,0,0,0.0,0,6,3,0.0,5,2,1,2,3,3,0,51,18,33,35.3,0,0,1,2,0,82,33,26,23,3088,708,311,2069,SEA,Pacific,Western
2025-2026,20251109,29,ANA,56588,Cutter Gauthier,ROSTER,21.0,"6'3""",200.0,,"Skellefteå, Sweden",False,LW,14,11,7,18,4.57,0.5,0.79,1.29,14.9,21.3,3,3,1,4,0,0,0,1,0,0,0,0,0,0.0,10,105,64,17.2,6,23,17,13,17,11,1,27,12,15,44.4,5,10,3,6,0,312,206,32,86,15198,1650,217,13299,ANA,Pacific,Western
2025-2026,20251109,9,NYR,5754,Vladislav Gavrikov,ROSTER,29.0,"6'3""",213.0,Russia,Yaroslavl,True,D,16,1,2,3,1.44,0.12,0.06,0.19,32.9,21.3,0,0,0,0,0,0,0,0,0,0,0,0,0,0.0,3,61,23,4.3,24,25,13,4,22,10,5,0,0,0,0.0,5,10,3,6,0,415,202,71,125,21902,1777,1316,18025,NYR,Metropolitan,Eastern
2025-2026,20251109,1,TBL,43380,Conor Geekie,ASSIGNED_TO_MINORS,21.0,"6'3""",196.0,Canada,"Strathclair, MB",True,C,6,0,1,1,0.83,0.17,0.0,0.17,14.7,8.5,0,0,0,0,0,0,0,0,0,0,0,0,0,0.0,0,12,5,0.0,5,3,4,15,7,5,0,21,8,13,38.1,2,4,1,2,0,88,69,18,1,3609,818,167,2624,TBL,Atlantic,Eastern
2025-2026,20251109,11,BOS,17978,Morgan Geekie,ROSTER,27.0,"6'3""",202.0,Canada,"Strathclair, MB",False,C,17,11,4,15,2.29,0.24,0.65,0.88,23.2,12.8,3,2,2,4,0,0,0,1,0,0,0,0,0,0.0,-5,70,39,28.2,6,15,16,28,22,12,5,41,24,17,58.5,3,6,7,14,0,346,184,129,44,18240,4301,2580,11359,BOS,Atlantic,Eastern
2025-2026,20251109,15,BUF,18139,Mason Geertsen,ROSTER,30.0,"6'4""",205.0,Canada,"Drayton Valley, AB",False,LW,5,0,0,0,0.2,0.0,0.0,0.0,4.4,16.3,0,0,0,0,0,0,0,0,0,0,0,0,0,0.0,-1,2,1,0.0,0,1,0,8,5,0,0,0,0,0,0.0,2,12,0,0,0,34,22,4,8,1236,240,71,925,BUF,Atlantic,Eastern
2025-2026,20251109,26,SJS,51603,Patrick Giles,ROSTER,25.0,"6'4""",201.0,USA,"Chevy Chase, MD",True,RW,3,0,1,1,0.67,0.33,0.0,0.33,4.2,0.0,0,0,0,0,0,0,0,0,0,0,0,0,0,0.0,1,5,2,0.0,2,3,0,3,3,1,0,15,9,6,60.0,0,0,0,0,0,38,21,12,5,1596,255,30,1311,SJS,Pacific,Western
2025-2026,20251109,6,PHI,14573,Adam Ginning,ROSTER,25.0,"6'4""",206.0,Sweden,Linköping,True,D,5,0,0,0,0.4,0.0,0.0,0.0,8.6,0.0,0,0,0,0,0,0,0,0,0,0,0,0,0,0.0,0,9,2,0.0,5,4,3,4,6,5,0,0,0,0,0.0,0,0,0,0,0,101,65,8,28,4602,418,47,4137,PHI,Metropolitan,Eastern
2025-2026,20251109,22,COL,13692,Samuel Girard,ROSTER,27.0,"5'10""",170.0,Canada,"Roberval, QC",False,D,2,0,0,0,1.0,0.0,0.0,0.0,5.5,0.0,0,0,0,0,0,0,0,0,0,0,0,0,0,0.0,1,6,2,0.0,3,4,0,3,6,1,1,0,0,0,0.0,0,0,0,0,0,49,34,6,9,2256,468,171,1617,COL,Central,Western
2025-2026,20251109,1,TBL,5254,Zemgus Girgensons,ROSTER,31.0,"6'2""",211.0,Latvia,Riga,False,C,8,2,1,3,0.88,0.12,0.25,0.38,22.4,8.5,0,0,0,0,0,0,0,0,0,0,0,0,0,0.0,-2,16,7,28.6,8,5,4,22,12,5,1,53,26,27,49.1,2,4,0,0,0,181,87,59,37,7212,2074,518,4620,TBL,Atlantic,Eastern
2025-2026,20251109,13,OTT,4394,Claude Giroux,ROSTER,37.0,"5'11""",185.0,Canada,"Hearst, ON",False,RW,15,3,8,11,1.67,0.53,0.2,0.73,10.5,8.5,1,0,3,3,0,0,0,1,0,0,0,0,0,0.0,4,42,25,12.0,3,8,9,12,3,15,4,105,69,36,65.7,2,4,2,4,0,363,179,84,103,14696,4825,821,9050,OTT,Atlantic,Eastern
2025-2026,20251109,7,NJD,13621,Cody Glass,ROSTER,26.0,"6'2""",192.0,Canada,"Winnipeg, MB",False,C,8,3,0,3,2.0,0.0,0.38,0.38,5.5,12.8,1,1,0,1,0,0,0,0,0,0,0,0,0,0.0,0,23,16,18.8,3,3,4,3,9,7,0,84,39,45,46.4,3,6,3,6,0,148,72,36,43,6130,940,212,4978,NJD,Metropolitan,Eastern
2025-2026,20251109,7,NJD,5268,Luke Glendening,ROSTER,36.0,"5'11""",191.0,USA,"Grand Rapids, MI",False,C,15,0,3,3,0.67,0.2,0.0,0.2,30.8,4.3,0,0,0,0,0,1,1,0,0,0,0,0,0,0.0,-3,15,10,0.0,15,2,3,21,10,6,1,179,94,85,52.5,1,2,0,0,0,246,103,77,66,9345,1858,673,6814,NJD,Metropolitan,Eastern
2025-2026,20251109,1,TBL,28531,Gage Goncalves,ROSTER,24.0,"6'0""",165.0,Canada,"Mission, BC",True,C,15,1,4,5,0.67,0.27,0.07,0.33,24.0,8.5,0,0,1,1,0,0,0,0,0,0,0,0,0,0.0,3,28,10,10.0,11,10,8,18,19,10,3,7,2,5,28.6,2,4,4,8,0,247,159,44,46,10971,1816,359,8795,TBL,Atlantic,Eastern
2025-2026,20251109,26,SJS,5476,Barclay Goodrow,ROSTER,32.0,"6'2""",215.0,Canada,"Aurora, ON",False,C,16,0,1,1,0.88,0.06,0.0,0.06,27.9,0.0,0,0,0,0,0,0,0,0,0,0,0,0,0,0.0,-4,23,14,0.0,11,4,5,25,12,7,3,9,3,6,33.3,0,0,1,2,0,264,118,76,70,11200,1988,1284,7928,SJS,Pacific,Western
2025-2026,20251109,3,CAR,5440,Shayne Gostisbehere,ROSTER,32.0,"5'11""",180.0,USA,"Margate, FL",False,D,6,1,6,7,1.0,1.0,0.17,1.17,11.3,4.3,0,0,1,1,0,0,0,0,0,0,0,0,0,0.0,8,19,6,16.7,8,10,3,2,4,3,2,0,0,0,0.0,1,2,1,2,0,108,63,20,27,5246,1337,337,3536,CAR,Metropolitan,Eastern
2025-2026,20251109,1,TBL,5890,Yanni Gourde,ROSTER,33.0,"5'9""",173.0,Canada,"Saint-Narcisse, QC",False,C,15,3,1,4,1.8,0.07,0.2,0.27,20.4,14.7,1,0,0,0,0,0,0,0,0,0,0,0,0,0.0,2,40,27,11.1,6,4,9,23,21,16,2,131,53,78,40.5,3,8,2,4,0,327,155,79,96,14412,3155,1190,10067,TBL,Atlantic,Eastern
2025-2026,20251109,26,SJS,133812,Collin Graf,ROSTER,23.0,"6'0""",180.0,USA,"Lincoln, MA",True,RW,15,1,4,5,0.67,0.27,0.07,0.33,23.5,0.0,0,0,0,0,1,1,2,0,0,0,0,0,0,0.0,-2,28,10,10.0,11,12,6,17,10,9,4,2,1,1,50.0,0,0,2,4,0,287,218,13,57,13406,1746,48,11612,SJS,Pacific,Western
2025-2026,20251109,29,ANA,5126,Mikael Granlund,ROSTER,33.0,"5'10""",185.0,Finland,Oulu,False,C,8,2,6,8,2.38,0.75,0.25,1.0,5.5,8.5,0,1,1,2,0,0,0,0,0,0,0,0,0,0.0,2,33,19,10.5,3,4,10,3,6,6,3,129,67,62,51.9,2,4,4,8,0,168,82,48,41,8301,2652,357,5325,ANA,Pacific,Western
2025-2026,20251109,10,PIT,15450,Ryan Graves,ROSTER,30.0,"6'5""",220.0,Canada,"Yarmouth, NS",False,D,2,1,0,1,1.5,0.0,0.5,0.5,3.8,0.0,0,0,0,0,0,0,0,0,0,0,0,0,0,0.0,1,6,3,33.3,3,2,1,0,6,3,0,0,0,0,0.0,0,0,1,2,0,38,22,7,10,1988,346,286,1356,PIT,Metropolitan,Eastern
2025-2026,20251109,6,PHI,56677,Nikita Grebenkin,ROSTER,22.0,"6'2""",183.0,Russia,Serov,False,RW,11,1,2,3,0.45,0.18,0.09,0.27,12.0,33.8,0,0,0,0,0,0,0,0,0,0,0,0,0,0.0,-3,15,5,20.0,2,7,3,17,19,7,2,2,2,0,100.0,4,19,3,9,1,139,114,14,12,6159,757,91,5311,PHI,Metropolitan,Eastern
2025-2026,20251109,20,CHI,56365,Ryan Greene,ROSTER,22.0,"6'1""",179.0,Canada,"Paradise, NL and Labrador",False,C,15,1,2,3,0.6,0.13,0.07,0.2,7.7,4.3,0,0,0,0,0,0,0,0,0,0,0,0,0,0.0,3,17,9,11.1,3,5,3,7,8,6,4,105,46,59,43.8,1,2,1,2,0,296,174,31,89,12473,1144,13,11044,CHI,Central,Western
2025-2026,20251109,15,BUF,14152,Jordan Greenway,ROSTER,28.0,"6'6""",225.0,USA,"Canton, NY",False,LW,5,0,1,1,1.4,0.2,0.0,0.2,7.4,26.0,0,0,0,0,0,0,0,0,0,0,0,0,0,0.0,-3,10,7,0.0,1,1,2,11,3,1,1,8,4,4,50.0,4,11,3,9,1,101,48,15,38,4342,961,103,3278,BUF,Atlantic,Eastern
2025-2026,20251109,4,FLO,5634,Anthony-John Greer,ROSTER,28.0,"6'3""",204.0,Canada,"Joliette, QC",False,LW,15,3,2,5,0.53,0.13,0.2,0.33,32.9,48.1,1,0,0,0,0,0,0,0,0,0,0,0,0,0.0,1,17,8,37.5,4,4,5,50,13,7,0,7,2,5,28.6,5,19,4,17,3,183,101,42,43,8074,1392,274,6408,FLA,,
2025-2026,20251109,4,FLO,15118,Noah Gregor,ROSTER,27.0,"6'0""",185.0,Canada,"Beaumont, AB",False,LW,5,0,0,0,1.2,0.0,0.0,0.0,4.1,4.3,0,0,0,0,0,0,0,0,0,0,0,0,0,0.0,-1,9,6,0.0,1,1,2,5,2,1,0,0,0,0,0.0,1,2,0,0,0,58,37,12,9,2540,475,22,2043,FLA,,
2025-2026,20251109,13,OTT,28535,Ridly Greig,ROSTER,23.0,"6'0""",181.0,Canada,"Lethbridge, AB",True,C,15,1,4,5,1.53,0.27,0.07,0.33,23.3,31.8,0,0,2,2,0,0,0,0,0,0,0,0,0,0.0,-4,42,23,4.3,10,11,8,19,26,6,3,98,57,41,58.2,7,16,6,12,0,369,212,64,94,15625,2767,732,12126,OTT,Atlantic,Eastern
2025-2026,20251109,23,CGY,142358,Matvei Gridin,ASSIGNED_TO_MINORS,,,,,,False,RW,4,1,0,1,2.25,0.0,0.25,0.25,4.4,0.0,0,0,0,0,0,0,0,0,0,0,1,0,0,0.0,-3,15,9,11.1,3,4,2,1,4,6,2,4,0,4,0.0,0,0,0,0,0,76,68,8,1,3532,574,41,2917,CGY,Pacific,Western
2025-2026,20251109,7,NJD,56524,Arseni Gritsyuk,ROSTER,24.0,"5'10""",168.0,Russia,Krasnoyarsk,False,RW,15,3,4,7,2.13,0.27,0.2,0.47,13.1,8.5,1,1,1,2,0,0,0,0,0,0,0,0,0,0.0,0,56,32,9.4,2,9,15,19,18,7,5,6,4,2,66.7,2,4,1,2,0,272,190,51,34,12531,1600,813,10118,NJD,Metropolitan,Eastern
2025-2026,20251109,6,PHI,15134,Carl Grundstrom,ROSTER,27.0,"6'0""",201.0,Sweden,Umeå,False,RW,1,0,0,0,0.0,0.0,0.0,0.0,2.4,0.0,0,0,0,0,0,0,0,0,0,0,0,0,0,0.0,0,1,0,0.0,1,0,1,2,3,1,0,0,0,0,0.0,0,0,0,0,0,15,7,4,4,617,178,43,396,PHI,Metropolitan,Eastern
2025-2026,20251109,20,CHI,11572,Matt Grzelcyk,ROSTER,31.0,"5'9""",174.0,USA,"Charlestown, MA",False,D,15,0,3,3,1.4,0.2,0.0,0.2,16.3,4.3,0,0,0,0,0,0,0,0,0,0,0,0,0,0.0,10,35,21,0.0,11,8,6,4,15,11,3,0,0,0,0.0,1,2,1,2,0,308,158,62,86,13683,2402,725,10312,CHI,Central,Western
2025-2026,20251109,29,ANA,5185,Radko Gudas,ROSTER,35.0,"6'0""",205.0,Czech Republic,Prague,False,D,7,0,2,2,1.14,0.29,0.0,0.29,28.1,4.3,0,0,0,0,0,0,0,0,0,0,0,0,0,0.0,-5,16,8,0.0,12,4,4,23,9,6,2,0,0,0,0.0,1,2,0,0,0,141,83,13,46,6543,1319,409,4782,ANA,Pacific,Western
2025-2026,20251109,19,CBJ,4988,Erik Gudbranson,ROSTER,33.0,"6'5""",217.0,Canada,"Ottawa, ON",False,D,4,0,0,0,0.75,0.0,0.0,0.0,4.1,12.8,0,0,0,0,0,0,0,0,0,0,0,0,0,0.0,-2,7,3,0.0,1,3,1,5,4,3,1,0,0,0,0.0,3,6,0,0,0,75,36,8,28,3562,700,350,2303,CBJ,Metropolitan,Eastern
2025-2026,20251109,30,UTA,33436,Dylan Guenther,ROSTER,22.0,"6'2""",175.0,Canada,"Edmonton, AB",True,RW,15,6,7,13,3.2,0.47,0.4,0.87,14.2,12.8,2,1,2,3,0,0,0,4,0,2,0,0,0,0.0,2,96,48,12.5,5,21,27,14,24,16,2,11,5,6,45.5,3,6,5,10,0,321,192,27,108,16220,2687,245,13288,UTA,Central,Western
2025-2026,20251109,1,TBL,11327,Jake Guentzel,ROSTER,31.0,"5'11""",180.0,USA,"Omaha, NE",False,C,15,6,9,15,2.73,0.6,0.4,1.0,15.5,8.5,2,1,3,4,0,0,0,1,0,0,0,0,0,0.0,0,62,41,14.6,10,8,13,5,12,12,5,60,32,28,53.3,2,4,2,4,0,360,169,113,84,18736,5004,2880,10815,TBL,Atlantic,Eastern
2025-2026,20251109,14,MTL,28518,Kaiden Guhle,ROSTER,23.0,"6'2""",205.0,Canada,"Sherwood Park, AB",True,D,5,1,1,2,1.4,0.2,0.2,0.4,15.3,17.4,0,0,0,0,0,0,0,1,0,0,0,0,0,0.0,1,13,7,14.3,5,5,1,16,12,7,3,0,0,0,0.0,2,7,3,9,1,103,63,14,28,5772,629,59,5084,MTL,Atlantic,Eastern
2025-2026,20251109,1,TBL,17379,Brandon Hagel,ROSTER,27.0,"6'0""",175.0,Canada,"Saskatoon, SK",True,LW,15,7,7,14,2.93,0.47,0.47,0.93,16.3,21.3,2,1,2,3,0,0,0,2,0,0,0,0,0,0.0,5,102,44,15.9,8,21,37,11,24,20,7,7,2,5,28.6,5,10,7,14,0,380,213,120,55,18576,4680,2355,11569,TBL,Atlantic,Eastern
2025-2026,20251109,18,NSH,14446,Nicolas Hague,ROSTER,26.0,"6'6""",221.0,Canada,"Kitchener, ON",False,D,9,1,2,3,0.67,0.22,0.11,0.33,20.9,12.8,0,0,0,0,0,0,0,0,0,0,0,0,0,0.0,-3,27,6,16.7,9,13,8,17,13,8,1,0,0,0,0.0,3,6,0,0,0,218,113,37,69,10941,1631,650,8660,NSH,Central,Western
2025-2026,20251109,25,MIN,53028,Hunter Haight,ASSIGNED_TO_MINORS,21.0,"5'11""",174.0,Canada,"Strathroy, ON",True,C,2,0,0,0,0.0,0.0,0.0,0.0,1.1,0.0,0,0,0,0,0,0,0,0,0,0,0,0,0,0.0,-2,0,0,0.0,0,0,0,2,4,0,0,16,7,9,43.8,0,0,0,0,0,24,16,0,8,1124,111,0,1013,MIN,Central,Western
2025-2026,20251109,3,CAR,4846,Taylor Hall,ROSTER,33.0,"6'1""",205.0,Canada,"Calgary, AB",False,LW,14,2,5,7,1.36,0.36,0.14,0.5,12.7,21.3,0,0,0,0,0,0,0,0,0,0,0,0,0,0.0,5,47,19,10.5,6,14,14,9,28,12,5,7,3,4,42.9,5,10,5,10,0,249,133,65,53,11910,3883,546,7481,CAR,Metropolitan,Eastern
2025-2026,20251109,10,PIT,14581,Filip Hallander,ROSTER,25.0,"6'2""",188.0,Sweden,Sundsvall,True,C,13,1,3,4,1.69,0.23,0.08,0.31,8.0,4.3,0,0,0,0,1,0,1,1,0,0,0,0,0,0.0,4,47,22,4.5,5,13,12,3,11,12,2,2,0,2,0.0,1,2,3,6,0,234,140,56,39,10251,2053,813,7385,PIT,Metropolitan,Eastern
2025-2026,20251109,7,NJD,53065,Brian Halonen,ROSTER,26.0,"6'0""",205.0,USA,"Delano, MN",True,LW,9,1,0,1,0.44,0.0,0.11,0.11,12.6,13.2,0,0,0,0,0,0,0,1,0,0,0,0,0,0.0,-1,11,4,25.0,2,3,4,18,9,2,2,0,0,0,0.0,1,5,1,5,1,96,80,16,1,4051,1215,211,2625,NJD,Metropolitan,Eastern
2025-2026,20251109,7,NJD,4994,Dougie Hamilton,ROSTER,32.0,"6'6""",229.0,Canada,"Toronto, ON",False,D,14,4,3,7,2.5,0.21,0.29,0.5,31.3,14.7,1,2,2,4,0,0,0,1,0,0,0,0,0,0.0,1,81,35,11.4,18,28,18,15,17,25,2,0,0,0,0.0,3,8,1,2,0,350,183,46,125,17623,4577,661,12385,NJD,Metropolitan,Eastern
2025-2026,20251109,16,DET,4915,Travis Hamonic,ROSTER,35.0,"6'2""",205.0,Canada,"St. Malo, MB",False,D,8,0,1,1,1.0,0.12,0.0,0.12,15.5,30.6,0,0,0,0,0,0,0,0,0,0,0,0,0,0.0,-1,15,8,0.0,10,6,1,5,15,7,1,0,0,0,0.0,3,12,2,10,2,162,90,27,45,6846,1588,393,4865,DET,Atlantic,Eastern
2025-2026,20251109,142,VGK,5600,Noah Hanifin,ROSTER,28.0,"6'3""",215.0,USA,"Boston, MA",False,D,4,0,2,2,3.0,0.5,0.0,0.5,7.3,0.0,0,0,0,0,0,0,0,0,0,0,0,0,0,0.0,-3,31,12,0.0,4,14,5,4,8,6,4,0,0,0,0.0,0,0,1,2,0,108,62,22,24,5674,351,292,5031,VGK,Pacific,Western
2025-2026,20251109,23,CGY,8966,Joel Hanley,ROSTER,34.0,"5'11""",190.0,Canada,"Keswick, ON",False,D,16,0,3,3,0.62,0.19,0.0,0.19,38.0,26.0,0,0,0,0,0,0,0,0,0,0,0,0,0,0.0,-3,34,10,0.0,25,13,11,11,35,16,4,0,0,0,0.0,4,11,1,5,1,423,211,96,116,16017,1996,1751,12270,CGY,Pacific,Western
2025-2026,20251109,29,ANA,14456,Jansen Harkins,ROSTER,28.0,"6'1""",183.0,USA,"North Vancouver, BC, Canada",True,C,5,1,0,1,0.8,0.0,0.2,0.2,12.7,0.0,0,0,0,0,0,0,0,0,0,0,0,0,0,0.0,0,6,4,25.0,3,2,0,16,3,1,1,33,14,19,42.4,0,0,1,2,0,69,38,21,11,2784,597,203,1984,ANA,Pacific,Western
2025-2026,20251109,27,DAL,20433,Thomas Harley,ROSTER,24.0,"6'3""",188.0,USA,"Syracuse, NY",True,D,15,1,8,9,1.2,0.53,0.07,0.6,53.7,12.8,0,0,3,3,0,0,0,0,0,0,0,0,0,0.0,-7,59,18,5.6,39,30,11,7,22,19,6,0,0,0,0.0,3,6,2,4,0,371,233,72,62,20825,3272,1330,15953,DAL,Central,Western
2025-2026,20251109,11,BOS,38615,Jordan Harris,ROSTER,25.0,"5'11""",189.0,USA,"Haverhill, MA",True,D,5,1,1,2,1.8,0.2,0.2,0.4,6.1,0.0,0,0,0,0,0,0,0,0,0,0,0,0,0,0.0,0,12,9,11.1,3,1,2,4,15,5,1,0,0,0,0.0,0,0,0,0,0,106,72,18,17,4689,1056,345,3288,BOS,Atlantic,Eastern
2025-2026,20251109,25,MIN,5522,Ryan Hartman,ROSTER,31.0,"6'0""",189.0,USA,"Hilton Head Island, SC",False,RW,16,4,2,6,2.5,0.12,0.25,0.38,23.8,8.5,1,1,0,1,0,0,0,1,0,0,0,0,0,0.0,-5,87,40,10.0,13,21,26,13,20,12,7,211,94,117,44.5,2,4,6,12,0,274,135,107,36,15713,2894,2565,10254,MIN,Central,Western
2025-2026,20251109,6,PHI,5926,Garnet Hathaway,ROSTER,33.0,"6'3""",210.0,USA,"Naples, FL",False,RW,15,0,0,0,0.47,0.0,0.0,0.0,46.3,43.0,0,0,0,0,0,0,0,0,0,0,0,0,0,0.0,-7,13,7,0.0,11,2,4,58,19,7,1,4,4,0,100.0,8,19,8,19,1,221,111,41,69,8873,1753,455,6665,PHI,Metropolitan,Eastern
2025-2026,20251109,18,NSH,5301,Erik Haula,ROSTER,34.0,"6'0""",193.0,Finland,Pori,False,LW,17,3,6,9,1.35,0.35,0.18,0.53,21.5,38.3,1,1,1,2,0,0,0,0,0,0,1,0,1,100.0,-3,43,23,13.0,6,12,8,25,11,13,6,186,93,93,50.0,9,18,1,2,0,367,170,109,92,16380,4195,1178,11165,NSH,Central,Western
2025-2026,20251109,143,SEA,12273,John Hayden,ASSIGNED_TO_MINORS,30.0,"6'3""",215.0,USA,"Chicago, IL",False,C,3,0,0,0,0.67,0.0,0.0,0.0,6.4,4.3,0,0,0,0,0,0,0,0,0,0,0,0,0,0.0,-1,5,2,0.0,2,2,1,7,0,2,1,15,6,9,40.0,1,2,0,0,0,42,19,11,12,1814,490,44,1280,SEA,Pacific,Western
2025-2026,20251109,10,PIT,5461,Kevin Hayes,ROSTER,33.0,"6'5""",216.0,USA,"Boston, MA",False,RW,1,0,0,0,0.0,0.0,0.0,0.0,2.2,0.0,0,0,0,0,0,0,0,0,0,0,0,0,0,0.0,0,0,0,0.0,0,0,0,4,1,1,0,3,0,3,0.0,0,0,0,0,0,14,9,4,1,670,108,39,523,PIT,Metropolitan,Eastern
2025-2026,20251109,30,UTA,14528,Barrett Hayton,ROSTER,25.0,"6'1""",190.0,Canada,"Kitchener, ON",False,C,13,2,2,4,1.54,0.15,0.15,0.31,8.2,8.5,0,0,0,0,0,0,0,0,0,0,0,0,0,0.0,4,37,20,10.0,6,5,12,1,11,10,4,145,77,68,53.1,2,4,3,6,0,281,179,74,30,12551,2105,1058,9388,UTA,Central,Western
2025-2026,20251109,1,TBL,4685,Victor Hedman,ROSTER,34.0,"6'6""",229.0,Sweden,Ornskoldsvik,False,D,15,0,12,12,1.53,0.8,0.0,0.8,39.6,8.5,0,0,6,6,0,0,0,0,0,0,0,0,0,0.0,1,73,23,0.0,28,26,24,7,10,25,5,0,0,0,0.0,2,4,5,10,0,392,215,58,119,20336,6813,1204,12319,TBL,Atlantic,Eastern
2025-2026,20251109,8,NYI,30049,Emil Heineman,ROSTER,23.0,"6'1""",185.0,Sweden,Leksand,True,LW,15,6,4,10,2.27,0.27,0.4,0.67,37.5,17.0,2,1,0,1,0,0,0,0,0,0,0,0,0,0.0,6,67,34,17.6,5,15,18,56,27,8,3,4,3,1,75.0,4,8,0,0,0,289,218,48,29,12835,2331,412,10092,NYI,Metropolitan,Eastern
2025-2026,20251109,10,PIT,10076,Danton Heinen,ROSTER,30.0,"6'1""",188.0,Canada,"Langley, BC",False,LW,2,0,0,0,1.0,0.0,0.0,0.0,2.6,0.0,0,0,0,0,0,0,0,0,0,0,0,0,0,0.0,-1,4,2,0.0,2,1,1,0,2,0,0,4,2,2,50.0,0,0,0,0,0,32,16,11,5,1418,175,284,959,PIT,Metropolitan,Eastern
2025-2026,20251109,27,DAL,13618,Miro Heiskanen,ROSTER,26.0,"6'1""",190.0,Finland,Espoo,False,D,15,3,9,12,2.4,0.6,0.2,0.8,35.4,8.5,1,1,4,5,0,0,0,1,0,0,0,0,0,0.0,-5,65,36,8.3,26,18,11,4,38,18,10,0,0,0,0.0,2,4,5,10,0,372,201,116,51,22911,5800,1715,15083,DAL,Central,Western
2025-2026,20251109,28,LAK,37992,Samuel Helenius,ROSTER,22.0,"6'6""",201.0,Finland,Järvenpää,True,C,2,0,0,0,1.0,0.0,0.0,0.0,6.3,0.0,0,0,0,0,0,0,0,0,0,0,0,0,0,0.0,-1,3,2,0.0,1,0,1,9,1,1,0,11,3,8,27.3,0,0,0,0,0,25,23,0,2,1100,106,0,994,LAK,Pacific,Western
2025-2026,20251109,29,ANA,38013,Drew Helleson,ROSTER,24.0,"6'3""",205.0,USA,"Farmington, MN",True,D,14,2,5,7,1.0,0.36,0.14,0.5,26.0,0.0,0,0,0,0,0,2,2,0,0,0,0,0,0,0.0,0,37,14,14.3,13,18,5,17,23,12,5,0,0,0,0.0,0,0,2,4,0,362,142,41,181,16267,1177,306,14784,ANA,Pacific,Western
2025-2026,20251109,24,EDM,4983,Adam Henrique,ROSTER,35.0,"6'0""",195.0,Canada,"Brantford, ON",False,C,16,2,4,6,1.56,0.25,0.12,0.38,29.4,4.3,0,0,1,1,0,0,0,0,0,0,0,0,0,0.0,-4,37,25,8.0,20,6,6,7,8,12,4,147,89,58,60.5,1,2,0,0,0,302,146,67,84,13148,3934,612,8347,EDM,Pacific,Western
2025-2026,20251109,142,VGK,5255,Tomas Hertl,ROSTER,31.0,"6'2""",215.0,Czech Republic,Prague,False,C,14,5,6,11,2.57,0.43,0.36,0.79,14.0,17.0,1,3,1,4,0,0,0,1,0,0,0,0,0,0.0,1,69,36,13.9,4,18,15,16,13,10,3,239,150,89,62.8,4,8,4,10,0,288,126,80,87,15034,4030,1311,9598,VGK,Pacific,Western
2025-2026,20251109,25,MIN,5841,Vincent Hinostroza,ROSTER,31.0,"5'9""",173.0,USA,"Chicago, IL",False,C,16,2,3,5,0.94,0.19,0.12,0.31,15.3,8.5,0,0,1,1,0,0,0,1,0,0,0,0,0,0.0,-5,41,15,13.3,5,13,13,16,17,10,6,14,8,6,57.1,2,4,4,10,0,224,94,77,55,11503,2493,1047,7963,MIN,Central,Western
2025-2026,20251109,27,DAL,5643,Roope Hintz,ROSTER,28.0,"6'3""",220.0,Finland,Tampere,False,C,10,3,7,10,3.3,0.7,0.3,1.0,10.3,4.3,1,1,5,6,0,0,0,0,0,0,0,0,0,0.0,-4,48,33,9.1,5,3,12,7,5,10,0,172,93,79,54.1,1,2,1,2,0,244,99,70,78,11199,2588,572,8039,DAL,Central,Western
2025-2026,20251109,7,NJD,13616,Nico Hischier,ROSTER,26.0,"6'1""",175.0,Switzerland,Naters,False,C,15,3,8,11,1.8,0.53,0.2,0.73,28.7,8.5,1,0,3,3,0,0,0,0,0,0,0,0,0,0.0,4,58,27,11.1,19,18,13,8,7,14,7,305,163,142,53.4,2,4,3,6,0,372,178,82,115,18343,3263,1051,14029,NJD,Metropolitan,Eastern
2025-2026,20251109,17,STL,30060,Dylan Holloway,ROSTER,24.0,"6'1""",203.0,Canada,"Calgary, AB",True,LW,16,3,4,7,2.19,0.25,0.19,0.44,42.3,8.5,1,0,1,1,0,0,0,0,0,0,0,0,0,0.0,-7,71,35,8.6,14,26,10,44,27,14,3,7,4,3,57.1,2,4,4,8,0,344,222,89,36,18116,4362,2180,11574,STL,Central,Western
2025-2026,20251109,1,TBL,39074,Pontus Holmberg,ROSTER,26.0,"5'10""",175.0,Sweden,Västerås,True,RW,15,1,4,5,1.0,0.27,0.07,0.33,18.9,21.3,0,0,0,0,0,0,0,1,0,0,0,0,0,0.0,1,31,15,6.7,7,7,9,18,21,8,2,35,11,24,31.4,5,10,6,12,0,271,159,75,38,11157,2069,707,8381,TBL,Atlantic,Eastern
2025-2026,20251109,8,NYI,18114,Simon Holmstrom,ROSTER,24.0,"6'0""",193.0,Sweden,Tranas,False,RW,15,4,5,9,1.0,0.33,0.27,0.6,21.4,4.3,1,0,0,0,1,1,2,1,0,0,2,0,1,50.0,-4,36,15,26.7,15,9,12,4,13,11,3,3,1,2,33.3,1,2,2,4,0,305,177,69,64,13439,1996,1031,10487,NYI,Metropolitan,Eastern
2025-2026,20251109,142,VGK,30063,Alexander Holtz,ROSTER,23.0,"6'0""",192.0,Sweden,Stockholm,True,RW,6,0,0,0,2.0,0.0,0.0,0.0,4.9,6.2,0,0,0,0,0,0,0,0,0,0,0,0,0,0.0,-1,24,12,0.0,3,5,7,2,6,3,0,2,0,2,0.0,1,4,0,0,0,101,74,26,1,4300,1424,252,2624,VGK,Pacific,Western
2025-2026,20251109,23,CGY,111747,Samuel Honzek,ROSTER,20.0,"6'4""",186.0,Slovakia,Trencin,True,LW,14,1,2,3,1.43,0.14,0.07,0.21,22.3,0.0,0,0,0,0,0,0,0,0,0,0,0,0,0,0.0,-2,38,20,5.0,4,7,11,31,14,7,1,6,5,1,83.3,0,0,3,6,0,271,229,12,31,10575,1163,0,9412,CGY,Pacific,Western
2025-2026,20251109,8,NYI,5233,Bo Horvat,ROSTER,30.0,"6'0""",215.0,Canada,"London, ON",False,C,15,11,7,18,3.6,0.47,0.73,1.2,8.8,12.8,3,3,3,6,1,0,1,3,0,0,2,1,0,0.0,8,90,54,20.4,3,18,18,9,12,14,3,281,168,113,59.8,3,6,3,6,0,362,161,119,93,18870,4045,2526,12299,NYI,Metropolitan,Eastern
2025-2026,20251109,24,EDM,56664,Isaac Howard,ROSTER,21.0,"5'10""",180.0,USA,"Hudson, WI",False,LW,15,2,1,3,1.0,0.07,0.13,0.2,1.8,21.3,0,0,0,0,0,0,0,0,0,0,1,1,0,0.0,-2,34,15,13.3,1,9,10,1,10,7,1,0,0,0,0.0,5,10,1,2,0,200,143,18,40,8694,1172,365,7144,EDM,Pacific,Western
2025-2026,20251109,142,VGK,14608,Brett Howden,ROSTER,27.0,"6'3""",197.0,Canada,"Calgary, AB",False,C,10,3,0,3,1.0,0.0,0.3,0.3,12.6,8.5,1,0,0,0,0,0,0,0,0,0,0,0,0,0.0,-5,18,10,30.0,2,4,4,18,12,10,3,48,29,19,60.4,2,4,4,8,0,190,91,79,23,8437,1817,1285,5406,VGK,Pacific,Western
2025-2026,20251109,21,VAN,15157,Filip Hronek,ROSTER,28.0,"6'0""",183.0,Czech Republic,Hradec Kralove,False,D,16,0,8,8,1.25,0.5,0.0,0.5,48.8,17.0,0,0,3,3,0,0,0,0,0,0,0,0,0,0.0,4,50,20,0.0,23,19,11,35,29,24,8,0,0,0,0.0,4,8,1,2,0,434,191,66,177,23612,2435,973,20203,VAN,Pacific,Western
2025-2026,20251109,27,DAL,142430,Justin Hryckowian,ROSTER,,,,,,False,C,14,2,0,2,0.79,0.0,0.14,0.14,17.5,21.7,0,1,0,1,0,0,0,0,0,0,0,0,0,0.0,-3,19,11,18.2,5,2,6,20,12,3,3,30,17,13,56.7,3,9,5,15,1,198,168,15,15,8637,1321,44,7180,DAL,Central,Western
2025-2026,20251109,23,CGY,4987,Jonathan Huberdeau,ROSTER,32.0,"6'1""",202.0,Canada,"Saint-Jerome, QC",False,LW,11,4,4,8,1.91,0.36,0.36,0.73,9.9,8.5,1,1,0,1,0,0,0,1,0,0,0,0,0,0.0,1,40,21,19.0,6,9,10,4,6,12,2,4,1,3,25.0,2,4,5,10,0,268,136,78,58,12842,3909,1449,7484,CGY,Pacific,Western
2025-2026,20251109,7,NJD,17125,Jack Hughes,ROSTER,24.0,"5'11""",170.0,USA,"Orlando, FL",False,C,15,10,8,18,3.67,0.53,0.67,1.2,12.6,0.0,3,1,4,5,0,0,0,2,0,1,0,0,0,0.0,0,105,55,18.2,9,30,20,2,11,35,11,139,47,92,33.8,0,0,5,10,0,339,227,59,63,18721,3398,467,14856,NJD,Metropolitan,Eastern
2025-2026,20251109,7,NJD,37969,Luke Hughes,ROSTER,22.0,"6'2""",184.0,USA,"Canton, MI",True,D,15,0,7,7,1.67,0.47,0.0,0.47,20.5,34.1,0,0,1,1,0,0,0,0,0,0,0,0,0,0.0,5,81,25,0.0,13,45,11,7,20,20,4,0,0,0,0.0,8,16,1,2,0,373,262,74,37,20140,4106,983,15051,NJD,Metropolitan,Eastern
2025-2026,20251109,21,VAN,14530,Quinn Hughes,ROSTER,26.0,"5'10""",170.0,USA,"Orlando, FL",False,D,12,1,8,9,2.42,0.67,0.08,0.75,13.3,0.0,0,1,4,5,0,0,0,0,0,0,0,0,0,0.0,-1,83,29,3.4,10,30,24,1,8,15,2,0,0,0,0.0,0,0,5,10,0,287,166,79,43,19308,3822,3494,11992,VAN,Pacific,Western
2025-2026,20251109,25,MIN,30091,Daemon Hunt,ROSTER,23.0,"6'0""",198.0,Canada,"Brandon, MB",True,D,2,0,1,1,0.5,0.5,0.0,0.5,1.1,0.0,0,0,0,0,0,0,0,0,0,0,0,0,0,0.0,2,3,1,0.0,0,2,0,2,5,1,0,0,0,0,0.0,0,0,0,0,0,36,22,6,8,1567,132,111,1324,MIN,Central,Western
2025-2026,20251109,14,MTL,56477,Lane Hutson,ROSTER,21.0,"5'8""",158.0,USA,"Chicago, IL",False,D,15,1,12,13,1.27,0.8,0.07,0.87,34.4,0.0,0,0,3,3,0,0,0,1,0,0,0,0,0,0.0,3,45,19,5.3,23,24,2,9,39,20,6,0,0,0,0.0,0,0,5,10,0,358,251,32,76,20645,3358,547,16740,MTL,Atlantic,Eastern
2025-2026,20251109,142,VGK,5825,Ben Hutton,ROSTER,32.0,"6'2""",206.0,Canada,"Prescott, ON",False,D,10,0,3,3,1.5,0.3,0.0,0.3,19.4,13.2,0,0,0,0,0,0,0,0,0,0,0,0,0,0.0,0,33,15,0.0,13,11,7,5,19,13,3,0,0,0,0.0,1,5,2,7,1,212,103,48,61,9267,1819,1242,6206,VGK,Pacific,Western
2025-2026,20251109,2,WPJ,13690,Alex Iafallo,ROSTER,31.0,"6'0""",188.0,USA,"Eden, NY",False,LW,14,2,3,5,1.71,0.21,0.14,0.36,19.8,8.5,0,2,2,4,0,0,0,1,0,0,0,0,0,0.0,-1,43,24,8.3,9,6,13,15,5,5,2,7,5,2,71.4,2,4,2,4,0,272,136,99,39,13308,3113,2050,8145,WPG,,
2025-2026,20251109,26,SJS,34832,Vincent Iorio,ROSTER,22.0,"6'4""",200.0,Canada,"Coquitlam, BC",True,D,6,0,0,0,0.5,0.0,0.0,0.0,9.3,8.5,0,0,0,0,0,0,0,0,0,0,0,0,0,0.0,-3,4,3,0.0,6,1,0,3,5,7,0,0,0,0,0.0,2,4,0,0,0,128,93,5,30,5880,621,36,5223,SJS,Pacific,Western
2025-2026,20251109,1,TBL,56357,Dominic James,ROSTER,23.0,"6'0""",190.0,USA,"Plymouth, MI",True,C,9,1,3,4,1.33,0.33,0.11,0.44,16.2,8.5,0,0,0,0,0,0,0,0,0,0,0,0,0,0.0,1,28,12,8.3,4,8,8,20,15,6,2,69,32,37,46.4,2,4,1,2,0,153,122,28,4,6892,1273,228,5391,TBL,Atlantic,Eastern
2025-2026,20251109,3,CAR,11413,Mark Jankowski,ROSTER,31.0,"6'4""",212.0,Canada,"Hamilton, ON",False,LW,8,0,2,2,0.62,0.25,0.0,0.25,9.3,12.8,0,0,0,0,0,0,0,0,0,0,0,0,0,0.0,1,14,5,0.0,6,3,6,3,13,1,0,74,42,32,56.8,3,6,0,0,0,128,59,32,37,5030,623,234,4173,CAR,Metropolitan,Eastern
2025-2026,20251109,12,TOR,5352,Calle Jarnkrok,ROSTER,34.0,"5'11""",186.0,Sweden,Gavle,False,C,10,4,0,4,1.1,0.0,0.4,0.4,6.4,8.5,1,0,0,0,0,0,0,0,0,0,0,0,0,0.0,-5,13,11,36.4,2,1,1,7,7,5,0,7,5,2,71.4,2,4,0,0,0,162,73,50,43,6718,1771,487,4460,TOR,Atlantic,Eastern
2025-2026,20251109,3,CAR,28144,Seth Jarvis,ROSTER,23.0,"5'10""",175.0,Canada,"Winnipeg, MB",True,C,14,9,5,14,3.36,0.36,0.64,1.0,16.2,8.5,3,1,0,1,1,0,1,4,0,2,1,0,1,100.0,4,74,47,19.1,7,8,19,13,27,16,10,22,11,11,50.0,2,4,3,6,0,317,200,68,59,16220,3747,1570,11107,CAR,Metropolitan,Eastern
2025-2026,20251109,11,BOS,14386,Tanner Jeannot,ROSTER,28.0,"6'2""",207.0,Canada,"Oxbow, SK",False,LW,17,2,4,6,1.18,0.24,0.12,0.35,42.6,30.2,0,0,0,0,0,0,0,0,0,0,0,0,0,0.0,-2,42,20,10.0,16,13,9,40,17,13,0,6,4,2,66.7,5,13,2,7,1,307,155,60,94,13650,2346,342,10962,BOS,Atlantic,Eastern
2025-2026,20251109,19,CBJ,5245,Boone Jenner,ROSTER,32.0,"6'2""",208.0,Canada,"Dorchester, ON",False,C,14,2,6,8,1.86,0.43,0.14,0.57,30.2,30.2,0,1,1,2,0,1,1,1,0,0,0,0,0,0.0,-7,55,26,7.7,11,13,16,29,11,9,2,90,51,39,56.7,5,13,4,11,1,272,135,64,72,13878,4068,1368,8405,CBJ,Metropolitan,Eastern
2025-2026,20251109,13,OTT,11592,Nick Jensen,ROSTER,35.0,"6'1""",196.0,USA,"Rogers, MN",False,D,15,0,3,3,0.8,0.2,0.0,0.2,30.6,12.8,0,0,0,0,0,0,0,0,0,0,0,0,0,0.0,-4,36,12,0.0,17,12,12,16,33,17,4,0,0,0,0.0,3,6,1,2,0,383,194,77,112,16778,3163,952,12663,OTT,Atlantic,Eastern
2025-2026,20251109,25,MIN,53012,David Jiricek,ROSTER,21.0,"6'3""",189.0,Czech Republic,Klatovy,True,D,10,0,0,0,0.6,0.0,0.0,0.0,8.0,12.8,0,0,0,0,0,0,0,0,0,0,0,0,0,0.0,-3,19,6,0.0,5,10,3,3,15,11,1,0,0,0,0.0,3,6,0,0,0,155,108,17,30,7604,717,241,6646,MIN,Central,Western
2025-2026,20251109,16,DET,30079,Albert Johansson,ROSTER,24.0,"6'0""",168.0,Sweden,Karlstad,True,D,15,0,2,2,1.07,0.13,0.0,0.13,34.0,4.3,0,0,0,0,0,0,0,0,0,0,0,0,0,0.0,-2,48,16,0.0,21,20,12,13,22,16,4,0,0,0,0.0,1,2,4,8,0,328,207,48,73,14252,2026,451,11775,DET,Atlantic,Eastern
2025-2026,20251109,25,MIN,4882,Marcus Johansson,ROSTER,35.0,"6'1""",205.0,Sweden,Landskrona,False,LW,16,6,8,14,1.69,0.5,0.38,0.88,10.8,4.3,2,3,2,5,0,0,0,1,0,1,0,0,0,0.0,3,51,27,22.2,5,14,9,8,19,17,5,9,4,5,44.4,1,2,2,4,0,308,145,103,66,15402,3910,1576,9916,MIN,Central,Western
2025-2026,20251109,19,CBJ,37970,Kent Johnson,ROSTER,23.0,"6'1""",168.0,Canada,"Port Moody, BC",True,C,14,2,2,4,2.07,0.14,0.14,0.29,9.5,0.0,0,0,0,0,0,0,0,0,0,0,1,0,1,100.0,-8,52,29,6.9,7,14,9,1,8,11,3,0,0,0,0.0,0,0,0,0,0,239,142,52,46,12483,3147,817,8658,CBJ,Metropolitan,Eastern
2025-2026,20251109,15,BUF,34471,Ryan Johnson,ASSIGNED_TO_MINORS,24.0,"6'0""",170.0,USA,"Newport Beach, CA",True,D,3,0,0,0,0.0,0.0,0.0,0.0,4.9,4.3,0,0,0,0,0,0,0,0,0,0,0,0,0,0.0,0,4,0,0.0,3,2,2,2,6,2,2,0,0,0,0.0,1,2,0,0,0,34,14,7,13,1620,229,107,1284,BUF,Atlantic,Eastern
2025-2026,20251109,29,ANA,9081,Ross Johnston,ROSTER,31.0,"6'5""",235.0,Canada,"Charlottetown, PE",False,LW,13,1,3,4,0.38,0.23,0.08,0.31,24.0,74.4,0,0,0,0,0,0,0,0,0,0,0,0,0,0.0,2,15,5,20.0,4,3,7,34,13,8,0,4,1,3,25.0,7,29,6,27,5,167,87,38,44,7087,1413,291,5386,ANA,Pacific,Western
2025-2026,20251109,27,DAL,34837,Wyatt Johnston,ROSTER,22.0,"6'1""",178.0,Canada,"Toronto, ON",True,C,15,9,10,19,3.2,0.67,0.6,1.27,24.5,12.8,3,5,5,10,0,0,0,1,0,0,1,0,1,100.0,-4,85,48,18.8,17,21,16,5,19,12,3,200,99,101,49.5,3,6,4,8,0,377,255,88,38,19624,5775,981,12565,DAL,Central,Western
2025-2026,20251109,11,BOS,13644,Henri Jokiharju,ROSTER,26.0,"6'0""",195.0,Finland,Oulu,False,D,17,0,3,3,0.88,0.18,0.0,0.18,26.0,12.8,0,0,1,1,0,0,0,0,0,0,0,0,0,0.0,-1,47,15,0.0,16,19,13,10,24,19,1,0,0,0,0.0,3,6,2,4,0,402,237,84,81,18100,3760,1856,12484,BOS,Atlantic,Eastern
2025-2026,20251109,25,MIN,18220,Ben Jones,ROSTER,26.0,"6'0""",187.0,Canada,"Waterloo, ON",False,C,6,0,0,0,0.83,0.0,0.0,0.0,12.2,0.0,0,0,0,0,0,0,0,0,0,0,0,0,0,0.0,-4,11,5,0.0,3,3,3,15,2,1,1,35,23,12,65.7,0,0,2,4,0,63,38,19,6,2930,732,235,1965,MIN,Central,Western
2025-2026,20251109,10,PIT,15433,Caleb Jones,INJURY_LIST,28.0,"6'1""",194.0,USA,"Arlington, TX",False,D,7,0,1,1,0.71,0.14,0.0,0.14,24.7,0.0,0,0,0,0,0,0,0,0,0,0,0,0,0,0.0,1,17,5,0.0,15,6,6,10,14,4,1,0,0,0,0.0,0,0,1,2,0,144,78,22,39,7212,1036,445,5407,PIT,Metropolitan,Eastern
2025-2026,20251109,4,FLO,5243,Seth Jones,ROSTER,31.0,"6'4""",209.0,USA,"Arlington, TX",False,D,15,0,6,6,1.4,0.4,0.0,0.4,28.6,14.7,0,0,3,3,0,0,0,0,0,0,0,0,0,0.0,-1,69,21,0.0,15,26,22,17,22,23,4,0,0,0,0.0,3,8,3,6,0,415,204,89,122,21157,4018,1282,15857,FLA,,
2025-2026,20251109,17,STL,15228,Mathieu Joseph,ROSTER,28.0,"6'1""",190.0,Canada,"Chambly, QC",False,RW,15,2,4,6,1.2,0.27,0.13,0.4,25.2,4.3,0,0,0,0,1,0,1,1,0,0,0,0,0,0.0,1,32,18,11.1,8,4,10,27,12,9,6,8,3,5,37.5,1,2,3,6,0,258,144,58,58,11413,2154,1030,8229,STL,Central,Western
2025-2026,20251109,21,VAN,13638,Pierre-Olivier Joseph,ROSTER,26.0,"6'2""",185.0,Canada,"Chambly, QC",True,D,8,0,1,1,1.12,0.12,0.0,0.12,10.6,4.3,0,0,0,0,0,0,0,0,0,0,0,0,0,0.0,-2,19,9,0.0,7,9,1,3,7,2,2,0,0,0,0.0,1,2,1,2,0,148,93,17,38,6162,595,100,5467,VAN,Pacific,Western
2025-2026,20251109,12,TOR,18183,Dakota Joshua,ROSTER,29.0,"6'2""",183.0,USA,"Dearborn, MI",False,C,15,2,3,5,1.07,0.2,0.13,0.33,43.8,4.3,0,0,0,0,0,0,0,0,0,0,0,0,0,0.0,-6,29,16,12.5,13,6,7,49,10,5,4,8,1,7,12.5,1,2,3,6,0,272,150,72,52,11124,2410,1313,7401,TOR,Atlantic,Eastern
2025-2026,20251109,18,NSH,5042,Roman Josi,ROSTER,35.0,"6'1""",201.0,Switzerland,Bern,False,D,8,1,4,5,2.38,0.5,0.12,0.62,21.4,12.8,0,0,2,2,0,0,0,0,0,0,0,0,0,0.0,-4,42,19,5.3,15,19,4,4,19,12,3,0,0,0,0.0,3,6,2,4,0,217,105,39,74,11561,3762,953,6846,NSH,Central,Western
2025-2026,20251109,18,NSH,9636,Tyson Jost,ROSTER,27.0,"5'11""",187.0,Canada,"St. Albert, AB",False,C,14,1,1,2,1.21,0.07,0.07,0.14,18.2,8.5,0,0,0,0,0,0,0,0,0,0,0,0,0,0.0,-4,26,17,5.9,6,7,2,19,18,3,8,20,9,11,45.0,2,4,4,8,0,231,118,44,71,10535,1343,751,8439,NSH,Central,Western
2025-2026,20251109,6,PHI,5621,Noah Juulsen,ROSTER,28.0,"6'2""",193.0,Canada,"Surrey, BC",False,D,15,0,1,1,0.67,0.07,0.0,0.07,29.4,8.5,0,0,0,0,0,0,0,0,0,0,0,0,0,0.0,0,23,10,0.0,10,9,4,30,33,11,2,0,0,0,0.0,2,4,3,6,0,292,148,35,109,11930,1151,395,10384,PHI,Metropolitan,Eastern
2025-2026,20251109,23,CGY,4766,Nazem Kadri,ROSTER,35.0,"6'0""",192.0,Canada,"London, ON",False,C,16,4,7,11,2.94,0.44,0.25,0.69,13.8,17.0,1,1,3,4,0,0,0,0,0,0,1,0,1,100.0,-7,97,47,8.5,6,31,19,11,15,19,5,196,87,109,44.4,4,8,6,12,0,364,182,96,91,19456,7147,1515,11028,CGY,Pacific,Western
2025-2026,20251109,20,CHI,56352,Wyatt Kaiser,ROSTER,23.0,"6'0""",173.0,USA,"Ham Lake, MN",False,D,15,0,2,2,0.8,0.13,0.0,0.13,21.8,21.3,0,0,0,0,0,0,0,0,0,0,0,0,0,0.0,6,36,12,0.0,11,12,12,14,29,19,9,0,0,0,0.0,5,10,4,8,0,378,212,34,127,17644,1707,254,15493,CHI,Central,Western
2025-2026,20251109,143,SEA,17126,Kaapo Kakko,ROSTER,24.0,"6'3""",199.0,Finland,Turku,False,RW,4,0,0,0,1.25,0.0,0.0,0.0,1.8,4.3,0,0,0,0,0,0,0,0,0,0,0,0,0,0.0,-2,13,5,0.0,1,3,5,1,0,6,0,1,0,1,0.0,1,2,1,2,0,83,38,31,8,3586,727,441,2175,SEA,Pacific,Western
2025-2026,20251109,13,OTT,28484,Arthur Kaliyev,ASSIGNED_TO_MINORS,24.0,"6'2""",190.0,USA,"Tashkent, Uzbekistan",True,RW,2,0,1,1,2.0,0.5,0.0,0.5,0.0,0.0,0,0,1,1,0,0,0,0,0,0,0,0,0,0.0,0,8,4,0.0,0,3,1,0,0,2,0,0,0,0,0.0,0,0,0,0,0,28,14,9,5,1273,251,119,903,OTT,Atlantic,Eastern
2025-2026,20251109,21,VAN,4656,Evander Kane,ROSTER,34.0,"6'2""",210.0,Canada,"Vancouver, BC",False,LW,16,3,5,8,3.06,0.31,0.19,0.5,29.3,50.4,1,1,1,2,0,0,0,0,0,0,0,0,0,0.0,-3,95,49,6.1,9,22,24,32,14,18,4,12,3,9,25.0,10,28,9,18,0,325,146,90,92,16858,4181,1808,10869,VAN,Pacific,Western
2025-2026,20251109,16,DET,4265,Patrick Kane,ROSTER,36.0,"5'10""",177.0,USA,"Buffalo, NY",False,RW,6,2,3,5,2.5,0.5,0.33,0.83,2.9,0.0,0,1,2,3,0,0,0,1,0,0,0,0,0,0.0,-3,22,15,13.3,1,2,5,3,3,7,0,0,0,0,0.0,0,0,1,2,0,119,62,33,26,6232,2278,804,3150,DET,Atlantic,Eastern
2025-2026,20251109,24,EDM,5428,Kasperi Kapanen,ROSTER,29.0,"6'1""",194.0,Finland,Kuopio,False,RW,6,0,2,2,0.67,0.33,0.0,0.33,14.0,0.0,0,0,0,0,0,0,0,0,0,0,1,1,0,0.0,-2,10,4,0.0,4,5,1,16,6,4,1,1,0,1,0.0,0,0,0,0,0,92,50,26,16,4423,1059,447,2917,EDM,Pacific,Western
2025-2026,20251109,14,MTL,37995,Oliver Kapanen,ROSTER,22.0,"6'1""",182.0,Sweden,"Sundsvall, Sweden",True,C,15,6,4,10,1.33,0.27,0.4,0.67,15.9,8.5,2,0,0,0,1,0,1,1,0,0,0,0,0,0.0,3,34,20,30.0,9,7,7,8,13,5,3,75,40,35,53.3,2,4,1,2,0,245,140,22,89,11475,1057,57,10361,MTL,Atlantic,Eastern
2025-2026,20251109,25,MIN,5730,Kirill Kaprizov,ROSTER,28.0,"5'10""",192.0,Russia,Novokuznetsk,False,LW,16,9,12,21,3.12,0.75,0.56,1.31,9.7,4.3,3,5,4,9,0,0,0,0,0,0,1,0,0,0.0,-4,100,50,18.0,5,23,27,6,11,21,1,1,0,1,0.0,1,2,5,10,0,331,166,116,57,21525,4622,2312,14591,MIN,Central,Western
2025-2026,20251109,10,PIT,4660,Erik Karlsson,ROSTER,35.0,"6'0""",190.0,Sweden,Landsbro,False,D,16,1,11,12,2.0,0.69,0.06,0.75,23.0,12.8,0,0,3,3,0,0,0,0,0,0,0,0,0,0.0,6,92,32,3.1,18,37,25,0,23,28,10,0,0,0,0.0,3,6,2,4,0,400,190,118,84,22434,4433,2901,14649,PIT,Metropolitan,Eastern
2025-2026,20251109,21,VAN,39290,Linus Karlsson,ROSTER,25.0,"6'1""",178.0,Sweden,Eksjö,True,C,13,0,3,3,1.08,0.23,0.0,0.23,12.9,4.3,0,0,0,0,0,0,0,0,0,0,0,0,0,0.0,0,34,14,0.0,4,7,13,14,9,7,1,10,2,8,20.0,1,2,1,2,0,182,102,35,45,7743,1005,432,6306,VAN,Pacific,Western
2025-2026,20251109,142,VGK,5459,William Karlsson,ROSTER,32.0,"6'0""",195.0,Sweden,Märsta,False,C,14,4,3,7,2.14,0.21,0.29,0.5,18.3,8.5,1,1,0,1,1,0,1,1,0,0,0,0,0,0.0,-1,48,30,13.3,13,10,8,3,15,11,3,158,91,67,57.6,2,4,1,2,0,274,129,99,51,12723,3172,1891,7648,VGK,Pacific,Western
2025-2026,20251109,143,SEA,37962,Tye Kartye,ROSTER,24.0,"5'11""",202.0,Canada,"Kingston, ON",True,LW,14,1,2,3,0.86,0.14,0.07,0.21,30.2,4.3,0,0,0,0,0,0,0,0,0,0,0,0,0,0.0,-2,30,12,8.3,8,8,10,36,22,10,4,4,1,3,25.0,1,2,2,4,0,235,125,41,69,9500,957,295,8196,SEA,Pacific,Western
2025-2026,20251109,16,DET,43336,Marco Kasper,ROSTER,21.0,"6'1""",187.0,Austria,Innsbruck,True,C,15,3,0,3,1.67,0.0,0.2,0.2,32.0,12.8,1,1,0,1,0,0,0,0,0,0,0,0,0,0.0,-5,43,25,12.0,9,5,13,37,20,15,4,162,75,87,46.3,3,6,1,2,0,303,225,38,43,14031,2011,112,11908,DET,Atlantic,Eastern
2025-2026,20251109,11,BOS,13659,Mark Kastelic,ROSTER,26.0,"6'4""",223.0,USA,"Phoenix, AZ",False,C,17,3,2,5,1.29,0.12,0.18,0.29,47.1,30.2,1,0,0,0,0,0,0,1,0,0,0,0,0,0.0,4,49,22,13.6,23,8,19,32,16,9,6,122,69,53,56.6,5,13,10,23,1,319,157,103,62,13236,2111,1391,9734,BOS,Atlantic,Eastern
2025-2026,20251109,30,UTA,9633,Clayton Keller,ROSTER,27.0,"5'10""",170.0,USA,"Chesterfield, MO",False,RW,15,5,9,14,2.73,0.6,0.33,0.93,6.9,8.5,1,0,5,5,0,0,0,2,0,1,0,0,0,0.0,1,66,41,12.2,5,11,14,1,17,25,2,1,1,0,100.0,2,4,3,6,0,345,200,68,82,17300,3274,1199,12827,UTA,Central,Western
2025-2026,20251109,22,COL,15189,Parker Kelly,ROSTER,26.0,"6'0""",188.0,Canada,"Camrose, AB",False,C,15,4,3,7,1.4,0.2,0.27,0.47,30.7,12.8,1,0,0,0,1,0,1,1,0,0,0,0,0,0.0,6,36,21,19.0,11,10,5,30,15,8,1,42,17,25,40.5,3,6,3,6,0,245,112,46,91,10378,1170,590,8618,COL,Central,Western
2025-2026,20251109,18,NSH,43362,Joakim Kemell,ASSIGNED_TO_MINORS,21.0,"5'10""",185.0,Finland,Jyväskylän mlk,True,RW,2,0,0,0,0.5,0.0,0.0,0.0,3.5,0.0,0,0,0,0,0,0,0,0,0,0,0,0,0,0.0,0,5,1,0.0,1,3,1,4,1,0,0,1,0,1,0.0,0,0,0,0,0,28,18,10,0,1328,512,60,756,NSH,Central,Western
2025-2026,20251109,28,LAK,11731,Adrian Kempe,ROSTER,29.0,"6'2""",201.0,Sweden,Kramfors,False,RW,15,6,11,17,3.07,0.73,0.4,1.13,30.4,25.6,2,1,4,5,0,0,0,3,0,2,4,0,2,50.0,2,99,46,13.0,9,34,19,34,13,15,6,26,9,17,34.6,6,12,1,2,0,331,172,98,69,17691,4042,1986,12048,LAK,Pacific,Western
2025-2026,20251109,17,STL,38651,Matthew Kessel,ROSTER,25.0,"6'2""",205.0,USA,"Phoenix, AZ",True,D,7,0,0,0,0.57,0.0,0.0,0.0,4.1,8.5,0,0,0,0,0,0,0,0,0,0,0,0,0,0.0,2,8,4,0.0,1,2,2,5,3,1,1,0,0,0,0.0,2,4,1,2,0,96,75,12,9,4403,633,240,3530,STL,Central,Western
2025-2026,20251109,15,BUF,34838,Michael Kesselring,ROSTER,25.0,"6'4""",190.0,USA,"New Hampton, NH",True,D,6,0,0,0,1.33,0.0,0.0,0.0,14.8,4.3,0,0,0,0,0,0,0,0,0,0,0,0,0,0.0,-2,21,8,0.0,9,6,7,6,12,11,1,0,0,0,0.0,1,2,0,0,0,135,87,6,42,6128,400,102,5626,BUF,Atlantic,Eastern
2025-2026,20251109,11,BOS,38009,Marat Khusnutdinov,ROSTER,23.0,"5'11""",176.0,Russia,Moskva,True,C,12,2,2,4,1.08,0.17,0.17,0.33,6.8,8.5,0,0,1,1,0,0,0,1,0,1,1,0,1,100.0,0,19,13,15.4,4,3,3,3,7,5,5,24,12,12,50.0,2,4,3,6,0,208,146,50,15,9327,2068,498,6951,BOS,Atlantic,Eastern
2025-2026,20251109,29,ANA,5165,Alex Killorn,ROSTER,36.0,"6'1""",197.0,Canada,"Halifax, NS",False,LW,14,1,4,5,1.79,0.29,0.07,0.36,17.4,4.3,0,0,1,1,0,0,0,0,0,0,0,0,0,0.0,0,44,25,4.0,8,10,9,13,11,11,5,29,12,17,41.4,1,2,2,4,0,314,162,82,70,13961,4279,1046,8574,ANA,Pacific,Western
2025-2026,20251109,10,PIT,167594,Benjamin Kindel,ROSTER,18.0,"5'11""",181.0,Canada,"Coquitlam, BC",True,C,14,5,2,7,2.07,0.14,0.36,0.5,22.2,12.8,1,2,2,4,0,0,0,0,0,0,0,0,0,0.0,-2,53,29,17.2,13,12,12,10,20,15,2,88,40,48,45.5,3,6,2,4,0,259,217,36,5,12554,2383,276,9535,PIT,Metropolitan,Eastern
2025-2026,20251109,23,CGY,12019,Justin Kirkland,ROSTER,29.0,"6'3""",193.0,Canada,"Winnipeg, MB",False,C,9,0,1,1,0.56,0.11,0.0,0.11,11.1,0.0,0,0,0,0,0,0,0,0,0,0,2,1,0,0.0,-1,14,5,0.0,3,4,5,13,8,3,1,66,36,30,54.5,0,0,0,0,0,136,74,22,40,5168,670,275,4223,CGY,Pacific,Western
2025-2026,20251109,22,COL,17372,Joel Kiviranta,ROSTER,29.0,"5'10""",175.0,Finland,Vantaa,False,LW,5,0,0,0,0.6,0.0,0.0,0.0,7.6,0.0,0,0,0,0,0,0,0,0,0,0,0,0,0,0.0,1,5,3,0.0,2,2,0,9,8,4,0,2,2,0,100.0,0,0,1,4,0,80,49,14,17,3233,679,137,2417,COL,Central,Western
2025-2026,20251109,23,CGY,39261,Adam Klapka,ROSTER,25.0,"6'8""",245.0,Czech Republic,Praha,True,RW,15,2,2,4,1.0,0.13,0.13,0.27,42.9,65.1,0,0,1,1,0,0,0,0,0,0,0,0,0,0.0,1,36,15,13.3,11,10,11,52,14,2,3,8,1,7,12.5,9,27,5,19,3,210,179,23,10,8998,1563,110,7323,CGY,Pacific,Western
2025-2026,20251109,13,OTT,38006,Tyler Kleven,ROSTER,23.0,"6'4""",200.0,USA,"Fargo, ND",True,D,13,0,1,1,1.0,0.08,0.0,0.08,39.4,21.7,0,0,0,0,0,0,0,0,0,0,0,0,0,0.0,-5,29,13,0.0,23,7,9,18,29,18,3,0,0,0,0.0,3,9,3,9,1,297,191,53,53,12226,1517,664,10045,OTT,Atlantic,Eastern
2025-2026,20251109,26,SJS,5484,John Klingberg,ROSTER,33.0,"6'3""",185.0,Sweden,Gothenburg,False,D,10,2,3,5,1.3,0.3,0.2,0.5,22.2,8.5,0,2,1,3,0,0,0,0,0,0,0,0,0,0.0,-1,33,13,15.4,13,16,4,10,13,11,1,0,0,0,0.0,2,4,1,2,0,221,115,62,46,12502,3511,839,8152,SJS,Pacific,Western
2025-2026,20251109,12,TOR,37990,Matthew Knies,ROSTER,23.0,"6'3""",205.0,USA,"Phoenix, AZ",True,LW,15,5,13,18,2.13,0.87,0.33,1.2,31.3,17.0,1,2,0,2,0,0,0,0,0,0,0,0,0,0.0,6,48,32,15.6,8,12,4,38,7,13,4,0,0,0,0.0,4,8,5,10,0,353,272,53,34,18188,4246,1209,12735,TOR,Atlantic,Eastern
2025-2026,20251109,2,WPJ,30052,Cole Koepke,ROSTER,27.0,"6'1""",195.0,USA,"Two Harbors, MN",True,LW,14,0,2,2,0.93,0.14,0.0,0.14,27.3,16.3,0,0,0,0,0,0,0,0,0,0,0,0,0,0.0,-4,24,13,0.0,4,3,8,40,8,5,6,0,0,0,0.0,2,12,4,8,0,213,135,56,22,8626,1554,856,6216,WPG,,
2025-2026,20251109,10,PIT,32282,Ville Koivunen,ROSTER,22.0,"5'11""",161.0,Finland,Oulu,True,RW,9,0,1,1,1.11,0.11,0.0,0.11,5.7,0.0,0,0,0,0,0,0,0,0,0,0,1,0,0,0.0,-1,20,10,0.0,4,8,3,1,12,5,1,0,0,0,0.0,0,0,0,0,0,140,90,16,27,6704,975,135,5231,PIT,Metropolitan,Eastern
2025-2026,20251109,142,VGK,17370,Keegan Kolesar,ROSTER,28.0,"6'2""",216.0,Canada,"Winnipeg, MB",True,RW,14,0,2,2,0.71,0.14,0.0,0.14,39.5,21.7,0,0,0,0,0,0,0,0,0,0,0,0,0,0.0,-5,16,10,0.0,14,3,3,39,17,5,1,4,1,3,25.0,3,9,1,5,1,224,106,64,55,8921,1818,810,6281,VGK,Pacific,Western
2025-2026,20251109,6,PHI,5619,Travis Konecny,ROSTER,28.0,"5'10""",175.0,Canada,"London, ON",False,RW,15,5,8,13,2.47,0.53,0.33,0.87,28.5,30.2,1,0,2,2,1,0,1,1,0,0,1,0,0,0.0,4,65,37,13.5,11,13,15,26,14,25,7,15,5,10,33.3,5,13,5,13,1,366,181,77,113,17236,2481,1039,13716,PHI,Metropolitan,Eastern
2025-2026,20251109,28,LAK,4033,Anze Kopitar,ROSTER,38.0,"6'3""",225.0,Slovenia,Jesenice,False,C,11,1,6,7,1.55,0.55,0.09,0.64,21.4,8.5,0,1,3,4,0,0,0,0,0,0,0,0,0,0.0,6,40,17,5.9,12,7,16,11,8,16,4,205,113,92,55.1,2,4,3,6,0,231,116,57,59,12431,4179,1178,7074,LAK,Pacific,Western
2025-2026,20251109,10,PIT,17958,Joona Koppanen,ROSTER,27.0,"6'5""",194.0,Finland,Tampere,False,LW,2,0,0,0,0.5,0.0,0.0,0.0,0.0,0.0,0,0,0,0,0,0,0,0,0,0,0,0,0,0.0,-1,2,1,0.0,0,0,1,0,3,0,1,10,4,6,40.0,0,0,0,0,0,33,13,8,12,1383,182,108,1093,PIT,Metropolitan,Eastern
2025-2026,20251109,142,VGK,17144,Kaedan Korczak,ROSTER,24.0,"6'3""",192.0,Canada,"Yorkton, SK",True,D,14,2,1,3,1.21,0.07,0.14,0.21,42.5,21.3,0,0,0,0,0,0,0,0,0,0,0,0,0,0.0,5,36,17,11.8,22,12,7,26,30,14,1,0,0,0,0.0,5,10,1,2,0,313,198,86,31,13948,2506,1256,10186,VGK,Pacific,Western
2025-2026,20251109,3,CAR,14526,Jesperi Kotkaniemi,ROSTER,25.0,"6'2""",198.0,Finland,Pori,False,C,12,2,3,5,1.08,0.25,0.17,0.42,22.0,0.0,0,0,0,0,0,0,0,0,0,0,0,0,0,0.0,5,24,13,15.4,9,5,6,19,13,8,2,90,44,46,48.9,0,0,2,4,0,176,88,47,43,7713,440,676,6597,CAR,Metropolitan,Eastern
2025-2026,20251109,15,BUF,34472,Tyson Kozak,ROSTER,22.0,"5'11""",173.0,Canada,"Souris, MB",True,C,9,2,0,2,0.89,0.0,0.22,0.22,22.1,0.0,0,0,0,0,0,0,0,0,0,0,0,0,0,0.0,1,12,8,25.0,6,2,2,26,11,2,2,84,40,44,47.6,0,0,2,4,0,135,89,23,25,5606,1054,125,4427,BUF,Atlantic,Eastern
2025-2026,20251109,15,BUF,17149,Peyton Krebs,ROSTER,24.0,"5'11""",180.0,Canada,"Okotoks, AB",True,C,15,0,3,3,1.0,0.2,0.0,0.2,26.2,32.2,0,0,0,0,0,0,0,0,0,0,0,0,0,0.0,-6,26,15,0.0,7,6,5,31,19,7,5,122,57,65,46.7,5,15,7,17,1,287,169,43,75,12396,1314,494,10588,BUF,Atlantic,Eastern
2025-2026,20251109,29,ANA,5104,Chris Kreider,ROSTER,34.0,"6'3""",217.0,USA,"Boxford, MA",False,LW,10,9,1,10,2.8,0.1,0.9,1.0,7.2,17.0,3,5,0,5,0,0,0,1,0,0,0,0,0,0.0,3,47,28,32.1,3,7,12,6,4,11,2,1,0,1,0.0,4,8,1,2,0,212,123,57,41,9978,3159,598,6221,ANA,Pacific,Western
2025-2026,20251109,1,TBL,5300,Nikita Kucherov,ROSTER,32.0,"5'11""",180.0,Russia,Moscow,False,RW,13,7,7,14,3.0,0.54,0.54,1.08,4.9,4.3,2,3,2,5,0,0,0,1,0,1,0,0,0,0.0,-2,110,39,17.9,3,40,31,2,7,21,5,0,0,0,0.0,1,2,6,12,0,299,163,86,59,16329,5502,1690,9052,TBL,Atlantic,Eastern
2025-2026,20251109,24,EDM,5554,Brett Kulak,ROSTER,31.0,"6'2""",197.0,Canada,"Stony Plain, AB",False,D,16,0,2,2,1.25,0.12,0.0,0.12,16.4,4.3,0,0,0,0,0,0,0,0,0,0,0,0,0,0.0,-2,45,20,0.0,12,19,6,2,14,12,2,0,0,0,0.0,1,2,0,0,0,346,199,50,91,17565,3638,1283,12398,EDM,Pacific,Western
2025-2026,20251109,15,BUF,43367,Jiri Kulich,ROSTER,21.0,"5'11""",178.0,Czech Republic,Kadan,True,C,12,3,2,5,1.67,0.17,0.25,0.42,20.3,8.5,1,0,0,0,0,0,0,0,0,0,0,0,0,0.0,-4,43,20,15.0,12,13,10,9,9,10,1,163,68,95,41.7,2,4,4,8,0,272,185,42,48,11782,2172,126,9484,BUF,Atlantic,Eastern
2025-2026,20251109,4,FLO,4706,Dmitry Kulikov,INJURY_LIST,35.0,"6'1""",199.0,Russia,Lipetsk,False,D,2,0,0,0,0.5,0.0,0.0,0.0,0.6,0.0,0,0,0,0,0,0,0,0,0,0,0,0,0,0.0,-1,1,1,0.0,0,0,0,1,0,2,0,0,0,0,0.0,0,0,0,0,0,34,18,7,9,1293,463,134,696,FLA,,
2025-2026,20251109,4,FLO,9641,Luke Kunin,ROSTER,27.0,"6'0""",197.0,USA,"Chesterfield, MO",False,C,10,0,1,1,0.5,0.1,0.0,0.1,24.2,8.5,0,0,0,0,0,0,0,0,0,0,0,0,0,0.0,0,11,5,0.0,12,3,3,16,12,6,1,102,47,55,46.1,2,4,1,2,0,145,73,44,28,6285,909,852,4524,FLA,,
2025-2026,20251109,11,BOS,5568,Sean Kuraly,ROSTER,32.0,"6'2""",213.0,USA,"Dublin, OH",False,C,17,2,3,5,1.41,0.18,0.12,0.29,24.2,12.8,0,0,0,0,0,0,0,0,0,0,0,0,0,0.0,3,50,24,8.3,12,13,13,16,14,17,5,181,84,97,46.4,3,6,2,4,0,326,143,66,119,14504,3800,644,10060,BOS,Atlantic,Eastern
2025-2026,20251109,26,SJS,17991,Philipp Kurashev,ROSTER,26.0,"6'0""",190.0,Switzerland,Münsingen,False,C,14,5,5,10,2.14,0.36,0.36,0.71,13.6,8.5,1,0,0,0,0,0,0,1,0,1,1,1,0,0.0,5,51,30,16.7,5,11,10,13,13,13,4,27,15,12,55.6,2,4,1,2,0,305,164,81,65,14909,2301,962,11646,SJS,Pacific,Western
2025-2026,20251109,28,LAK,39780,Andrei Kuzmenko,ROSTER,29.0,"5'11""",194.0,Russia,Yakutsk,True,LW,15,3,4,7,1.53,0.27,0.2,0.47,14.2,4.3,1,2,1,3,0,0,0,0,0,0,2,0,0,0.0,0,49,23,13.0,5,14,12,14,16,22,2,0,0,0,0.0,1,2,5,10,0,247,215,32,3,14352,2566,349,11437,LAK,Pacific,Western
2025-2026,20251109,23,CGY,30014,Yan Kuznetsov,ROSTER,23.0,"6'4""",209.0,Russia,Murmansk,True,D,2,0,1,1,2.5,0.5,0.0,0.5,3.5,0.0,0,0,0,0,0,0,0,0,0,0,0,0,0,0.0,2,7,5,0.0,1,0,2,4,4,3,0,0,0,0,0.0,0,0,1,2,0,50,33,14,4,2187,230,203,1664,CGY,Pacific,Western
2025-2026,20251109,17,STL,13677,Jordan Kyrou,ROSTER,27.0,"6'0""",175.0,Canada,"Toronto, ON",False,RW,15,5,4,9,2.4,0.27,0.33,0.6,12.6,0.0,1,1,2,3,0,0,0,0,0,0,1,0,0,0.0,-7,76,36,13.9,9,22,18,2,11,4,7,1,0,1,0.0,0,0,4,8,0,317,173,86,63,15559,2953,929,11677,STL,Central,Western
2025-2026,20251109,9,NYR,56552,Noah Laba,ROSTER,22.0,"6'1""",181.0,USA,"Northville, MI",False,C,16,3,2,5,1.0,0.12,0.19,0.31,23.8,12.8,1,0,1,1,0,0,0,1,0,0,0,0,0,0.0,3,30,16,18.8,13,4,10,13,19,6,3,121,60,61,49.6,3,6,2,4,0,278,207,37,26,11686,1885,308,8930,NYR,Metropolitan,Eastern
2025-2026,20251109,21,VAN,11363,Joseph Labate,ASSIGNED_TO_MINORS,32.0,"6'3""",213.0,USA,"Eagan, MN",True,C,1,0,0,0,2.0,0.0,0.0,0.0,5.9,0.0,0,0,0,0,0,0,0,0,0,0,0,0,0,0.0,-1,3,2,0.0,2,0,1,6,1,0,0,2,1,1,50.0,0,0,0,0,0,16,11,1,4,572,139,0,433,VAN,Pacific,Western
2025-2026,20251109,29,ANA,38017,Jackson LaCombe,ROSTER,24.0,"6'2""",201.0,USA,"Eden Prairie, MN",True,D,14,0,5,5,2.07,0.36,0.0,0.36,40.4,4.3,0,0,2,2,0,0,0,0,0,0,0,0,0,0.0,2,80,29,0.0,26,35,16,13,29,22,6,0,0,0,0.0,1,2,2,4,0,395,204,68,124,21334,3148,970,17215,ANA,Pacific,Western
2025-2026,20251109,28,LAK,56457,Alex Laferriere,ROSTER,24.0,"6'0""",173.0,USA,"Chatham, New Jersey",False,RW,15,3,3,6,2.0,0.2,0.2,0.4,35.3,8.5,1,0,0,0,1,0,1,0,0,0,0,0,0,0.0,-4,61,30,10.0,12,15,16,36,20,15,3,61,25,36,41.0,2,4,3,6,0,315,199,44,75,14283,1436,685,12162,LAK,Pacific,Western
2025-2026,20251109,20,CHI,17188,Sam Lafferty,ROSTER,30.0,"6'1""",195.0,USA,"Hollidaysburg, PA",True,C,3,0,0,0,0.0,0.0,0.0,0.0,2.8,8.5,0,0,0,0,0,0,0,0,0,0,0,0,0,0.0,0,1,0,0.0,0,1,0,5,0,1,0,2,0,2,0.0,2,4,0,0,0,38,16,16,6,1401,145,398,858,CHI,Central,Western
2025-2026,20251109,9,NYR,19048,Alexis Lafrenière,ROSTER,24.0,"6'1""",193.0,Canada,"St-Eustache, QC",True,LW,16,2,6,8,2.19,0.38,0.12,0.5,25.0,8.5,0,0,1,1,0,0,0,1,0,0,0,0,0,0.0,-10,64,35,5.7,10,15,17,22,19,5,5,5,1,4,20.0,2,4,1,2,0,355,240,82,22,17053,3851,950,11659,NYR,Metropolitan,Eastern
2025-2026,20251109,14,MTL,9628,Patrik Laine,ROSTER,27.0,"6'5""",206.0,Finland,Tampere,False,LW,5,0,1,1,1.2,0.2,0.0,0.2,1.1,4.3,0,0,0,0,0,0,0,0,0,0,0,0,0,0.0,-3,20,6,0.0,0,8,6,2,2,2,0,3,2,1,66.7,1,2,1,2,0,73,46,19,8,3782,716,426,2640,MTL,Atlantic,Eastern
2025-2026,20251109,2,WPJ,53331,Brad Lambert,ROSTER,21.0,"6'1""",183.0,Finland,Lahti,True,C,4,1,0,1,0.75,0.0,0.25,0.25,2.9,4.3,0,0,0,0,0,0,0,0,0,0,0,0,0,0.0,-1,6,3,33.3,1,2,1,3,3,3,0,1,0,1,0.0,1,2,0,0,0,49,35,9,6,2166,337,94,1735,WPG,,
2025-2026,20251109,7,NJD,15266,Juho Lammikko,ROSTER,29.0,"6'2""",207.0,Finland,Noormarkku,False,C,6,0,0,0,1.17,0.0,0.0,0.0,11.0,0.0,0,0,0,0,0,0,0,0,0,0,0,0,0,0.0,0,8,7,0.0,6,0,1,6,0,2,1,40,20,20,50.0,0,0,0,0,0,87,51,15,21,3728,776,87,2865,NJD,Metropolitan,Eastern
2025-2026,20251109,22,COL,4986,Gabriel Landeskog,ROSTER,32.0,"6'1""",215.0,Sweden,Stockholm,False,LW,15,0,4,4,1.33,0.27,0.0,0.27,18.0,34.5,0,0,0,0,0,0,0,0,0,0,0,0,0,0.0,0,44,20,0.0,5,12,12,21,16,9,5,25,14,11,56.0,6,15,4,11,1,285,149,101,35,12533,2997,2111,7425,COL,Central,Western
2025-2026,20251109,5,WSH,28519,Hendrix Lapierre,ROSTER,23.0,"6'0""",179.0,Canada,"Gatineau, QC",True,C,14,0,2,2,0.93,0.14,0.0,0.14,11.1,8.5,0,0,0,0,0,0,0,0,0,0,0,0,0,0.0,-1,28,13,0.0,3,4,11,13,8,12,2,55,22,33,40.0,2,4,1,2,0,194,134,36,22,8996,1871,528,6499,WSH,Metropolitan,Eastern
2025-2026,20251109,16,DET,5829,Dylan Larkin,ROSTER,29.0,"6'1""",198.0,USA,"Waterford, MI",False,C,15,8,10,18,2.93,0.67,0.53,1.2,12.3,17.0,2,3,2,5,0,0,0,3,0,1,1,1,0,0.0,6,89,44,18.2,7,18,27,6,10,17,2,302,170,132,56.3,4,8,7,14,0,366,176,61,137,18451,3898,742,13811,DET,Atlantic,Eastern
2025-2026,20251109,143,SEA,4989,Adam Larsson,ROSTER,32.0,"6'3""",208.0,Sweden,Skelleftea,False,D,14,0,2,2,1.0,0.14,0.0,0.14,56.7,12.8,0,0,0,0,0,0,0,0,0,0,0,0,0,0.0,-7,28,14,0.0,34,12,2,24,14,6,2,0,0,0,0.0,3,6,0,0,0,358,193,59,99,18577,2978,1205,14025,SEA,Pacific,Western
2025-2026,20251109,12,TOR,5139,Scott Laughton,ROSTER,31.0,"6'1""",190.0,Canada,"Oakville, ON",False,C,2,0,0,0,0.5,0.0,0.0,0.0,5.2,4.3,0,0,0,0,0,0,0,0,0,0,0,0,0,0.0,-2,2,1,0.0,1,0,1,7,2,2,0,14,9,5,64.3,1,2,0,0,0,29,15,9,5,1030,294,96,640,TOR,Atlantic,Eastern
2025-2026,20251109,142,VGK,15369,Jeremy Lauzon,ROSTER,28.0,"6'1""",204.0,Canada,"Val-dOr, QC",False,D,14,0,3,3,0.79,0.21,0.0,0.21,56.6,43.0,0,0,0,0,0,0,0,0,0,0,0,0,0,0.0,2,41,11,0.0,23,18,12,49,29,9,2,0,0,0,0.0,8,19,5,16,1,322,169,57,97,13970,2758,860,10340,VGK,Pacific,Western
2025-2026,20251109,24,EDM,5454,Curtis Lazar,ROSTER,30.0,"6'0""",211.0,Canada,"Salmon Arm, BC",False,C,4,1,0,1,0.5,0.0,0.25,0.25,8.8,0.0,0,0,0,0,0,0,0,0,0,0,0,0,0,0.0,0,8,2,50.0,3,2,4,9,5,0,0,11,6,5,54.5,0,0,0,0,0,57,34,13,8,2406,447,60,1858,EDM,Pacific,Western
2025-2026,20251109,26,SJS,4834,Nick Leddy,ROSTER,34.0,"6'0""",207.0,USA,"Eden Prairie, MN",False,D,7,0,2,2,0.14,0.29,0.0,0.29,13.9,8.5,0,0,0,0,0,0,0,0,0,0,0,0,0,0.0,-4,4,1,0.0,10,2,1,2,3,4,4,0,0,0,0.0,2,4,0,0,0,149,78,26,45,7223,1710,161,5352,SJS,Pacific,Western
2025-2026,20251109,8,NYI,5199,Anders Lee,ROSTER,35.0,"6'3""",231.0,USA,"Edina, MN",False,LW,15,3,8,11,2.87,0.53,0.2,0.73,23.5,25.6,1,0,1,1,0,0,0,1,0,0,0,0,0,0.0,-1,71,43,7.0,11,7,21,17,19,7,3,19,12,7,63.2,6,12,6,12,0,288,154,73,64,13688,3154,1022,9512,NYI,Metropolitan,Eastern
2025-2026,20251109,3,CAR,142373,Charles-Alexis Legault,ROSTER,22.0,"6'3""",208.0,Canada,"Montreal, QB",True,D,7,1,1,2,1.43,0.14,0.14,0.29,12.1,17.0,0,0,0,0,0,0,0,0,0,0,0,0,0,0.0,4,23,10,10.0,6,8,5,8,14,8,3,0,0,0,0.0,4,8,1,2,0,148,135,6,8,5934,956,68,4910,CAR,Metropolitan,Eastern
2025-2026,20251109,22,COL,10064,Artturi Lehkonen,ROSTER,30.0,"6'0""",180.0,Finland,Piikkiö,False,LW,15,4,9,13,2.6,0.6,0.27,0.87,21.8,0.0,1,0,0,0,0,0,0,0,0,0,1,0,0,0.0,14,66,39,10.3,14,12,15,7,18,13,1,1,0,1,0.0,0,0,2,4,0,359,175,95,92,17447,4141,1593,11713,COL,Central,Western
2025-2026,20251109,21,VAN,56699,Jonathan Lekkerimäki,INJURY_LIST,21.0,"5'10""",165.0,Sweden,Huddinge,False,RW,4,1,0,1,0.75,0.0,0.25,0.25,5.3,0.0,0,0,0,0,0,0,0,0,0,0,0,0,0,0.0,0,7,3,33.3,2,2,2,5,5,3,0,0,0,0,0.0,0,0,2,4,0,48,39,4,6,2376,312,0,2064,VAN,Pacific,Western
2025-2026,20251109,5,WSH,142776,Ryan Leonard,ROSTER,,,,,,False,RW,15,3,4,7,1.53,0.27,0.2,0.47,21.5,17.0,1,1,0,1,0,0,0,2,0,0,1,1,0,0.0,3,68,23,13.0,6,28,17,25,23,21,4,5,3,2,60.0,4,8,7,14,0,251,217,27,6,11767,1716,138,9754,WSH,Metropolitan,Eastern
2025-2026,20251109,10,PIT,4030,Kris Letang,ROSTER,38.0,"6'0""",201.0,Canada,"Montreal, QC",False,D,16,1,6,7,1.44,0.38,0.06,0.44,43.6,10.5,0,1,2,3,0,0,0,0,0,0,0,0,0,0.0,6,57,23,4.3,25,23,11,21,29,21,3,0,0,0,0.0,2,6,1,2,0,382,173,82,118,20740,4495,1272,14437,PIT,Metropolitan,Eastern
2025-2026,20251109,20,CHI,142389,Artyom Levshunov,ROSTER,,,,,,False,D,14,0,7,7,0.86,0.5,0.0,0.5,19.3,21.3,0,0,3,3,0,0,0,0,0,0,0,0,0,0.0,3,23,12,0.0,9,8,3,14,22,20,4,0,0,0,0.0,5,10,1,2,0,257,215,30,7,12928,1972,178,10522,CHI,Central,Western
2025-2026,20251109,26,SJS,15133,Timothy Liljegren,ROSTER,26.0,"6'0""",190.0,Sweden,Kristianstad,False,D,13,0,4,4,0.69,0.31,0.0,0.31,44.1,17.0,0,0,0,0,0,0,0,0,0,0,0,0,0,0.0,0,33,9,0.0,28,16,8,15,24,15,1,0,0,0,0.0,4,8,2,4,0,317,165,65,87,16010,2058,444,13508,SJS,Pacific,Western
2025-2026,20251109,27,DAL,5910,Esa Lindell,ROSTER,31.0,"6'3""",215.0,Finland,Helsinki,False,D,15,1,3,4,0.93,0.2,0.07,0.27,41.9,8.5,0,0,0,0,0,0,0,0,0,0,0,0,0,0.0,5,30,14,7.1,28,11,5,11,30,20,7,0,0,0,0.0,2,4,1,2,0,359,176,83,96,20403,4870,1169,14118,DAL,Central,Western
2025-2026,20251109,143,SEA,14122,Ryan Lindgren,ROSTER,27.0,"6'0""",191.0,USA,"Minneapolis, MN",False,D,14,0,2,2,0.57,0.14,0.0,0.14,32.0,50.8,0,0,0,0,0,0,0,0,0,0,0,0,0,0.0,-2,33,8,0.0,22,17,8,7,15,17,1,0,0,0,0.0,8,27,3,9,1,351,202,75,66,15844,2284,695,12545,SEA,Pacific,Western
2025-2026,20251109,11,BOS,5260,Elias Lindholm,ROSTER,30.0,"6'1""",195.0,Sweden,Boden,False,C,13,4,5,9,1.69,0.38,0.31,0.69,28.4,17.0,1,4,3,7,0,0,0,1,0,0,0,0,0,0.0,-3,48,22,18.2,14,14,12,19,5,12,3,228,131,97,57.5,4,8,1,2,0,268,134,43,95,13800,3630,268,9902,BOS,Atlantic,Eastern
2025-2026,20251109,11,BOS,5228,Hampus Lindholm,ROSTER,31.0,"6'3""",208.0,Sweden,Helsingborg,False,D,9,0,3,3,1.33,0.33,0.0,0.33,15.9,19.0,0,0,0,0,0,0,0,0,0,0,0,0,0,0.0,0,34,12,0.0,12,10,12,1,14,9,2,0,0,0,0.0,4,10,2,4,0,228,127,37,64,10668,2005,220,8443,BOS,Atlantic,Eastern
2025-2026,20251109,10,PIT,15998,Blake Lizotte,ROSTER,27.0,"5'7""",175.0,USA,"Lindstro, MN",True,C,16,2,1,3,1.25,0.06,0.12,0.19,18.0,4.3,0,0,0,0,0,0,0,0,0,0,0,0,0,0.0,1,32,20,10.0,8,8,6,14,27,13,1,120,63,57,52.5,1,2,1,2,0,322,195,81,40,13583,2405,1152,9750,PIT,Metropolitan,Eastern
2025-2026,20251109,11,BOS,38000,Mason Lohrei,ROSTER,24.0,"6'4""",195.0,USA,"Verona, WI",True,D,12,1,7,8,0.83,0.58,0.08,0.67,22.5,0.0,0,1,1,2,0,0,0,0,0,0,0,0,0,0.0,2,40,10,10.0,15,17,13,6,23,12,4,0,0,0,0.0,0,0,1,2,0,286,214,59,14,12845,2140,566,10139,BOS,Atlantic,Eastern
2025-2026,20251109,23,CGY,13954,Ryan Lomberg,ROSTER,30.0,"5'9""",187.0,Canada,"Richmond Hill, ON",False,LW,16,0,1,1,0.75,0.06,0.0,0.06,39.2,30.6,0,0,0,0,0,0,0,0,0,0,0,0,0,0.0,1,22,12,0.0,5,3,7,59,7,4,0,6,1,5,16.7,3,12,5,16,2,200,108,45,47,8423,1414,739,6270,CGY,Pacific,Western
2025-2026,20251109,12,TOR,5781,Steven Lorentz,ROSTER,29.0,"6'3""",192.0,Canada,"Waterloo, ON",False,C,10,0,4,4,0.8,0.4,0.0,0.4,23.5,0.0,0,0,0,0,0,0,0,0,0,0,0,0,0,0.0,-5,14,8,0.0,8,2,4,24,9,6,1,15,6,9,40.0,0,0,0,0,0,140,70,54,16,6066,1363,977,3726,TOR,Atlantic,Eastern
2025-2026,20251109,2,WPJ,5456,Adam Lowry,ROSTER,32.0,"6'5""",210.0,USA,"St. Louis, MO",False,C,2,0,0,0,1.5,0.0,0.0,0.0,10.4,0.0,0,0,0,0,0,0,0,0,0,0,0,0,0,0.0,0,4,3,0.0,6,0,1,5,0,3,0,28,10,18,35.7,0,0,0,0,0,50,19,12,19,1729,232,83,1414,WPG,,
2025-2026,20251109,6,PHI,142694,Jett Luchanko,ROSTER,,,,,,False,C,4,0,0,0,0.25,0.0,0.0,0.0,4.9,4.3,0,0,0,0,0,0,0,0,0,0,0,0,0,0.0,-3,2,1,0.0,3,0,1,2,5,1,0,21,11,10,52.4,1,2,1,2,0,45,40,3,2,2152,343,51,1758,PHI,Metropolitan,Eastern
2025-2026,20251109,4,FLO,30418,Anton Lundell,ROSTER,24.0,"6'1""",185.0,Finland,Espoo,True,C,15,4,7,11,1.87,0.47,0.27,0.73,24.5,17.0,1,2,2,4,1,1,2,0,0,0,2,0,1,50.0,-1,60,28,14.3,14,16,16,12,8,19,1,263,142,121,54.0,4,8,4,8,0,359,224,114,26,17023,4666,1687,10796,FLA,,
2025-2026,20251109,19,CBJ,14546,Isac Lundestrom,ROSTER,26.0,"6'0""",191.0,Sweden,Gällivare,False,C,13,0,2,2,0.62,0.15,0.0,0.15,10.4,4.3,0,0,0,0,0,0,0,0,0,0,0,0,0,0.0,1,16,8,0.0,6,4,4,5,14,10,2,101,55,46,54.5,1,2,1,2,0,217,140,36,37,9235,1214,681,7199,CBJ,Metropolitan,Eastern
2025-2026,20251109,27,DAL,14551,Nils Lundkvist,ROSTER,25.0,"5'11""",187.0,Sweden,Pitea,True,D,4,1,2,3,0.5,0.5,0.25,0.75,8.0,4.3,0,0,0,0,0,0,0,0,0,0,0,0,0,0.0,0,7,2,50.0,5,2,3,3,11,6,0,0,0,0,0.0,1,2,0,0,0,83,45,13,26,3839,139,126,3574,DAL,Central,Western
2025-2026,20251109,4,FLO,17339,Eetu Luostarinen,ROSTER,27.0,"6'3""",184.0,Finland,Siilinjrvi,False,C,15,2,5,7,1.67,0.33,0.13,0.47,40.3,12.8,0,1,0,1,0,1,1,0,0,0,0,0,0,0.0,1,46,25,8.0,15,8,13,38,24,9,1,14,8,6,57.1,3,6,7,16,0,328,161,104,65,15009,2236,2051,10722,FLA,,
2025-2026,20251109,13,OTT,30087,Olle Lycksell,ROSTER,26.0,"5'10""",165.0,Sweden,Oskarshamn,True,RW,6,1,0,1,1.0,0.0,0.17,0.17,4.9,0.0,0,0,0,0,0,0,0,1,0,0,0,0,0,0.0,-2,9,6,16.7,3,1,2,2,6,1,0,0,0,0,0.0,0,0,1,2,0,84,59,15,11,3711,543,417,2751,OTT,Atlantic,Eastern
2025-2026,20251109,27,DAL,15176,Ilya Lyubushkin,ROSTER,31.0,"6'2""",201.0,Russia,Moskva,False,D,13,0,2,2,0.62,0.15,0.0,0.15,39.7,19.0,0,0,0,0,0,0,0,0,0,0,0,0,0,0.0,0,16,8,0.0,25,5,3,14,31,18,1,0,0,0,0.0,4,10,0,0,0,273,148,44,80,12746,1810,607,10283,DAL,Central,Western
2025-2026,20251109,30,UTA,5259,Olli Maatta,ROSTER,31.0,"6'2""",206.0,Finland,Jyväskylä,False,D,15,0,1,1,0.47,0.07,0.0,0.07,14.0,0.0,0,0,0,0,0,0,0,0,0,0,0,0,0,0.0,-1,16,7,0.0,11,4,5,0,36,13,1,0,0,0,0.0,0,0,0,0,0,236,157,23,56,10605,1638,461,8506,UTA,Central,Western
2025-2026,20251109,12,TOR,28458,Matias Maccelli,ROSTER,25.0,"5'11""",165.0,Finland,Turku,True,LW,14,4,4,8,1.0,0.29,0.29,0.57,5.7,0.0,1,0,0,0,0,0,0,1,0,0,0,0,0,0.0,2,29,14,28.6,4,8,7,1,14,11,4,3,2,1,66.7,0,0,1,2,0,241,162,68,15,11353,2563,913,7877,TOR,Atlantic,Eastern
2025-2026,20251109,13,OTT,11733,Kurtis MacDermid,ROSTER,31.0,"6'5""",233.0,Canada,"Sauble Beach, ON",False,LW,7,0,0,0,0.29,0.0,0.0,0.0,9.0,26.0,0,0,0,0,0,0,0,0,0,0,0,0,0,0.0,-3,2,2,0.0,4,0,0,7,2,1,0,0,0,0,0.0,4,11,3,9,1,59,27,20,12,1861,215,367,1279,OTT,Atlantic,Eastern
2025-2026,20251109,21,VAN,13674,Mackenzie MacEachern,ROSTER,31.0,"6'2""",190.0,USA,"Bloomfield Hills, MI",False,LW,3,0,1,1,1.33,0.33,0.0,0.33,7.9,0.0,0,0,0,0,0,0,0,0,0,0,0,0,0,0.0,1,5,4,0.0,4,0,1,5,4,0,0,0,0,0,0.0,0,0,0,0,0,47,24,13,10,2043,407,88,1548,VAN,Pacific,Western
2025-2026,20251109,7,NJD,15475,Zack MacEwen,ROSTER,29.0,"6'3""",205.0,Canada,"Charlottetown, PE",True,RW,1,0,0,0,2.0,0.0,0.0,0.0,1.8,0.0,0,0,0,0,0,0,0,0,0,0,0,0,0,0.0,0,3,2,0.0,1,0,1,1,0,0,1,1,0,1,0.0,0,0,0,0,0,9,5,3,1,432,51,147,234,NJD,Metropolitan,Eastern
2025-2026,20251109,22,COL,5231,Nathan MacKinnon,ROSTER,30.0,"6'0""",200.0,Canada,"Halifax, NS",False,C,15,12,12,24,4.47,0.8,0.8,1.6,19.3,21.3,4,4,2,6,0,0,0,1,0,0,1,0,0,0.0,13,120,67,17.9,9,22,30,14,12,29,3,324,163,161,50.3,5,10,5,10,0,350,178,126,58,19453,5848,2742,10863,COL,Central,Western
2025-2026,20251109,8,NYI,34417,Kyle MacLean,ROSTER,26.0,"6'1""",190.0,USA,"Livingston, NJ",True,C,10,0,1,1,0.7,0.1,0.0,0.1,11.4,33.8,0,0,0,0,0,0,0,0,0,0,0,0,0,0.0,-5,12,7,0.0,2,2,3,16,8,2,1,16,11,5,68.8,4,19,3,9,1,134,80,37,17,5749,1114,358,4277,NYI,Metropolitan,Eastern
2025-2026,20251109,143,SEA,15128,Josh Mahura,ROSTER,27.0,"6'0""",190.0,Canada,"Edmonton, AB",False,D,13,1,1,2,0.69,0.08,0.08,0.15,34.0,24.8,0,0,0,0,0,0,0,1,0,1,0,0,0,0.0,6,24,9,11.1,21,8,7,13,18,7,2,0,0,0,0.0,4,16,1,2,0,280,171,49,57,11835,1481,725,9417,SEA,Pacific,Western
2025-2026,20251109,17,STL,37979,Logan Mailloux,ROSTER,22.0,"6'3""",214.0,Canada,"Belle River, ON",True,D,9,0,0,0,0.56,0.0,0.0,0.0,14.9,8.5,0,0,0,0,0,0,0,0,0,0,0,0,0,0.0,-12,18,5,0.0,6,7,6,13,17,7,1,0,0,0,0.0,2,4,1,2,0,147,110,24,13,6780,884,369,5527,STL,Central,Western
2025-2026,20251109,22,COL,13619,Cale Makar,ROSTER,27.0,"5'11""",187.0,Canada,"Calgary, AB",False,D,15,6,14,20,2.6,0.93,0.4,1.33,41.3,12.8,2,0,7,7,0,0,0,2,0,0,0,0,0,0.0,14,100,39,15.4,28,43,18,10,6,15,9,0,0,0,0.0,3,6,5,10,0,408,228,140,46,22926,5396,3734,13796,COL,Central,Western
2025-2026,20251109,22,COL,56372,Taylor Makar,ROSTER,24.0,"6'3""",190.0,Canada,"Calgary, AB",False,LW,1,0,0,0,0.0,0.0,0.0,0.0,0.6,0.0,0,0,0,0,0,0,0,0,0,0,0,0,0,0.0,0,1,0,0.0,0,1,0,1,3,0,0,0,0,0,0.0,0,0,0,0,0,8,7,1,0,367,58,0,309,COL,Central,Western
2025-2026,20251109,15,BUF,17164,Beck Malenstyn,ROSTER,27.0,"6'3""",200.0,Canada,"White Rock, BC",False,LW,14,0,1,1,1.21,0.07,0.0,0.07,47.8,4.3,0,0,0,0,0,0,0,0,0,0,0,0,0,0.0,-5,28,17,0.0,17,4,7,47,16,8,1,2,0,2,0.0,1,2,3,6,0,227,98,24,105,9411,1233,74,8104,BUF,Atlantic,Eastern
2025-2026,20251109,22,COL,119984,Sam Malinski,ROSTER,27.0,"5'11""",190.0,USA,"Lakeville, MN",True,D,15,1,6,7,1.8,0.4,0.07,0.47,23.9,4.3,0,0,0,0,0,0,0,1,0,0,0,0,0,0.0,8,65,27,3.7,17,26,12,4,22,18,7,0,0,0,0.0,1,2,0,0,0,306,270,20,17,13572,2392,263,10918,COL,Central,Western
2025-2026,20251109,10,PIT,3652,Evgeni Malkin,ROSTER,39.0,"6'3""",195.0,Russia,Magnitogorsk,False,C,16,3,17,20,2.44,1.06,0.19,1.25,7.7,29.8,1,1,8,9,0,0,0,0,0,0,2,1,1,50.0,5,58,39,7.7,3,8,12,7,14,16,6,125,56,69,44.8,7,14,3,6,0,331,175,98,57,17022,6225,1550,9167,PIT,Metropolitan,Eastern
2025-2026,20251109,28,LAK,34945,Jeff Malott,ROSTER,29.0,"6'3""",201.0,Canada,"Burlington, ON",True,LW,13,2,0,2,0.62,0.0,0.15,0.15,23.8,56.6,0,0,0,0,0,0,0,0,0,0,0,0,0,0.0,-1,23,8,25.0,3,7,8,36,5,7,1,1,1,0,100.0,7,23,4,17,3,143,110,20,15,6058,544,321,5193,LAK,Pacific,Western
2025-2026,20251109,21,VAN,56544,Victor Mancini,ROSTER,23.0,"6'3""",215.0,USA,"Hancock, MI",True,D,5,0,0,0,0.6,0.0,0.0,0.0,9.7,13.2,0,0,0,0,0,0,0,0,0,0,0,0,0,0.0,-2,7,3,0.0,5,3,1,6,9,2,0,0,0,0,0.0,1,5,1,5,1,69,62,3,4,3158,334,17,2807,VAN,Pacific,Western
2025-2026,20251109,24,EDM,5761,Andrew Mangiapane,ROSTER,29.0,"5'10""",184.0,Canada,"Toronto, ON",False,LW,16,4,2,6,0.88,0.12,0.25,0.38,21.8,0.0,1,0,0,0,0,0,0,1,0,0,0,0,0,0.0,-9,36,14,28.6,11,10,12,14,18,12,2,1,0,1,0.0,0,0,4,8,0,312,120,119,69,15136,3036,2013,9610,EDM,Pacific,Western
2025-2026,20251109,22,COL,5477,Josh Manson,ROSTER,34.0,"6'3""",218.0,USA,"Hinsdale, IL",False,D,15,1,1,2,1.33,0.07,0.07,0.13,45.9,43.0,0,0,0,0,0,0,0,1,0,0,0,0,0,0.0,4,38,20,5.0,22,10,8,32,22,17,6,0,0,0,0.0,8,19,5,13,1,372,192,106,75,16474,3098,2005,11371,COL,Central,Western
2025-2026,20251109,10,PIT,5413,Anthony Mantha,ROSTER,31.0,"6'5""",234.0,Canada,"Longueuil, QC",False,RW,16,7,5,12,1.75,0.31,0.44,0.75,20.3,13.2,2,0,1,1,0,0,0,0,0,0,0,0,0,0.0,8,51,28,25.0,12,13,10,9,13,17,3,6,1,5,16.7,1,5,6,15,1,297,161,82,55,14233,2145,2313,9446,PIT,Metropolitan,Eastern
2025-2026,20251109,4,FLO,4692,Brad Marchand,ROSTER,37.0,"5'9""",181.0,Canada,"Halifax, NS",False,LW,14,10,6,16,3.14,0.43,0.71,1.14,12.2,38.3,3,1,3,4,0,0,0,1,0,0,1,0,1,100.0,-3,85,44,22.7,3,18,23,15,15,15,2,1,0,1,0.0,9,18,7,14,0,321,181,80,71,15318,5133,1436,8980,FLA,,
2025-2026,20251109,19,CBJ,14572,Kirill Marchenko,ROSTER,25.0,"6'3""",187.0,Russia,Barnaul,True,RW,14,8,8,16,3.64,0.57,0.57,1.14,21.3,12.8,2,1,3,4,1,0,1,2,0,0,1,0,1,100.0,10,94,51,15.7,11,19,24,13,14,17,3,0,0,0,0.0,3,6,4,8,0,298,151,72,79,15383,3582,1130,10744,CBJ,Metropolitan,Eastern
2025-2026,20251109,18,NSH,5473,Jonathan Marchessault,ROSTER,34.0,"5'9""",180.0,Canada,"Cap-Rouge, QC",False,RW,14,4,2,6,2.57,0.14,0.29,0.43,17.0,12.8,1,2,0,2,0,0,0,1,0,0,1,0,0,0.0,-8,76,36,11.1,2,24,16,26,7,23,3,5,4,1,80.0,3,6,7,14,0,288,139,109,44,15054,3674,2930,8450,NSH,Central,Western
2025-2026,20251109,143,SEA,17165,Mason Marchment,ROSTER,30.0,"6'4""",201.0,Canada,"Uxbridge, ON",False,LW,13,1,4,5,1.31,0.31,0.08,0.38,16.0,8.5,0,0,2,2,0,0,0,1,0,0,0,0,0,0.0,-3,33,17,5.9,6,5,11,15,16,26,5,21,5,16,23.8,2,4,2,4,0,269,128,81,56,12495,1790,509,9911,SEA,Pacific,Western
2025-2026,20251109,30,UTA,17187,John Marino,ROSTER,28.0,"6'1""",181.0,USA,"Brockton, MA",True,D,15,1,6,7,1.07,0.4,0.07,0.47,18.8,8.5,0,0,0,0,0,0,0,0,0,0,0,0,0,0.0,3,35,16,6.2,13,14,5,4,32,27,3,0,0,0,0.0,2,4,4,8,0,406,227,47,133,18272,2679,521,15072,UTA,Central,Western
2025-2026,20251109,142,VGK,5599,Mitchell Marner,ROSTER,28.0,"6'0""",175.0,Canada,"Markham, ON",False,RW,14,4,14,18,1.79,1.0,0.29,1.29,14.1,4.3,1,1,2,3,0,0,0,0,0,0,1,0,0,0.0,9,60,25,16.0,8,19,16,7,13,21,8,13,7,6,53.8,1,2,0,0,0,318,158,106,58,17690,4086,2062,11444,VGK,Pacific,Western
2025-2026,20251109,18,NSH,168604,Brady Martin,ROSTER,18.0,"6'0""",174.0,Canada,"Elora, ON",True,C,3,0,1,1,0.67,0.33,0.0,0.33,2.6,0.0,0,0,0,0,0,0,0,0,0,0,0,0,0,0.0,0,3,2,0.0,2,0,1,0,2,4,0,16,5,11,31.2,0,0,0,0,0,39,32,6,1,2055,275,54,1728,NSH,Central,Western
2025-2026,20251109,3,CAR,5495,Jordan Martinook,ROSTER,33.0,"6'0""",196.0,Canada,"Brandon, MB",False,LW,14,2,5,7,1.43,0.36,0.14,0.5,34.0,4.3,0,0,0,0,0,0,0,1,0,0,0,0,0,0.0,5,37,20,10.0,14,8,9,29,11,12,4,10,5,5,50.0,1,2,2,4,0,314,106,138,72,12636,2439,1532,8665,CAR,Metropolitan,Eastern
2025-2026,20251109,1,TBL,120138,Emil Martinsen Lilleberg,ROSTER,24.0,"6'2""",192.0,Norway,Sarpsborg,True,D,15,1,1,2,0.6,0.07,0.07,0.13,25.9,77.9,0,0,0,0,0,0,0,0,0,0,0,0,0,0.0,-1,20,9,11.1,12,4,7,19,35,8,2,0,0,0,0.0,12,33,6,25,3,303,236,27,42,13097,1749,191,11161,TBL,Atlantic,Eastern
2025-2026,20251109,19,CBJ,53022,Denton Mateychuk,ROSTER,21.0,"5'11""",194.0,Canada,"Winnipeg, MB",True,D,13,3,3,6,1.23,0.23,0.23,0.46,35.5,4.3,1,0,0,0,0,0,0,0,0,0,0,0,0,0.0,5,27,16,18.8,23,6,5,11,27,8,3,0,0,0,0.0,1,2,3,6,0,274,207,25,42,14500,1722,195,12465,CBJ,Metropolitan,Eastern
2025-2026,20251109,14,MTL,5921,Mike Matheson,ROSTER,31.0,"6'2""",193.0,Canada,"Montreal, QC",False,D,15,3,6,9,1.2,0.4,0.2,0.6,56.8,21.3,1,0,0,0,0,0,0,1,0,1,0,0,0,0.0,11,48,18,16.7,38,18,12,15,20,13,3,0,0,0,0.0,5,10,3,6,0,398,220,71,110,22550,5542,875,16133,MTL,Atlantic,Eastern
2025-2026,20251109,13,OTT,111262,Nikolas Matinpalo,ROSTER,27.0,"6'3""",207.0,Finland,Espoo,True,D,9,0,1,1,0.78,0.11,0.0,0.11,17.0,8.5,0,0,0,0,0,0,0,0,0,0,0,0,0,0.0,-1,23,7,0.0,9,11,5,10,31,4,2,0,0,0,0.0,2,4,0,0,0,207,191,6,10,7650,1706,56,5888,OTT,Atlantic,Eastern
2025-2026,20251109,12,TOR,9627,Auston Matthews,ROSTER,28.0,"6'3""",220.0,USA,"San Ramon, CA",False,C,15,8,4,12,4.07,0.27,0.53,0.8,45.0,12.8,2,1,0,1,0,0,0,2,0,1,0,0,0,0.0,10,113,61,13.1,30,25,27,12,7,20,7,279,166,113,59.5,3,6,1,2,0,375,184,132,67,19707,4572,2365,12770,TOR,Atlantic,Eastern
2025-2026,20251109,8,NYI,5364,Scott Mayfield,ROSTER,33.0,"6'5""",223.0,USA,"St. Louis, MO",False,D,15,0,3,3,0.93,0.2,0.0,0.2,36.7,59.3,0,0,0,0,0,0,0,0,0,0,0,0,0,0.0,2,36,14,0.0,24,13,9,11,16,17,4,0,0,0,0.0,10,31,5,13,1,364,209,59,96,16765,3343,1322,12100,NYI,Metropolitan,Eastern
2025-2026,20251109,19,CBJ,17949,Dysin Mayo,ROSTER,29.0,"6'0""",185.0,Canada,"Victoria, BC",False,D,1,0,0,0,3.0,0.0,0.0,0.0,0.0,0.0,0,0,0,0,0,0,0,0,0,0,0,0,0,0.0,-1,5,3,0.0,0,2,0,0,2,0,0,0,0,0,0.0,0,0,0,0,0,13,7,3,3,453,165,0,288,CBJ,Metropolitan,Eastern
2025-2026,20251109,11,BOS,9640,Charlie McAvoy,ROSTER,27.0,"6'0""",208.0,USA,"Long Beach, NY",False,D,16,0,12,12,1.31,0.75,0.0,0.75,46.5,51.1,0,0,4,4,0,0,0,0,0,0,0,0,0,0.0,-2,64,21,0.0,26,20,23,24,26,17,9,0,0,0,0.0,12,24,5,10,0,455,234,104,117,23204,3980,1580,17644,BOS,Atlantic,Eastern
2025-2026,20251109,30,UTA,38370,Jack McBain,ROSTER,25.0,"6'4""",218.0,Canada,"Toronto, ON",True,C,15,1,1,2,1.67,0.07,0.07,0.13,32.6,47.3,0,0,0,0,0,0,0,0,0,0,0,0,0,0.0,1,42,25,4.0,9,7,10,38,27,8,3,139,71,68,51.1,9,21,4,11,1,290,175,76,40,12245,1970,1621,8654,UTA,Central,Western
2025-2026,20251109,12,TOR,5362,Jake McCabe,ROSTER,32.0,"6'1""",204.0,USA,"Eau Claire, WI",False,D,15,2,6,8,0.8,0.4,0.13,0.53,53.2,21.7,0,0,0,0,0,0,0,0,0,0,0,0,0,0.0,11,30,12,16.7,33,11,7,20,22,21,4,0,0,0,0.0,3,9,3,9,1,449,252,100,99,19065,2509,1628,14928,TOR,Atlantic,Eastern
2025-2026,20251109,143,SEA,5824,Jared McCann,ROSTER,29.0,"6'1""",185.0,Canada,"Stratford, ON",False,LW,5,3,1,4,2.8,0.2,0.6,0.8,9.0,0.0,1,0,0,0,0,0,0,1,0,1,1,0,0,0.0,0,29,14,21.4,4,7,8,7,3,1,0,3,2,1,66.7,0,0,2,4,0,124,57,41,29,5187,1528,568,3091,SEA,Pacific,Western
2025-2026,20251109,18,NSH,5893,Michael McCarron,ROSTER,30.0,"6'5""",237.0,USA,"Grosse Pointe, MI",False,C,17,1,3,4,1.06,0.18,0.06,0.24,41.6,39.1,0,0,0,0,0,0,0,0,0,0,0,0,0,0.0,-1,35,18,5.6,13,8,9,45,25,10,4,236,128,108,54.2,5,16,8,22,2,349,154,85,111,14911,2356,1026,11529,NSH,Central,Western
2025-2026,20251109,24,EDM,5576,Connor McDavid,ROSTER,28.0,"6'1""",193.0,Canada,"Richmond Hill, ON",False,C,16,5,17,22,3.06,1.06,0.31,1.38,6.2,12.8,1,2,9,11,0,0,0,0,0,0,1,0,0,0.0,-6,91,49,10.2,4,14,28,2,24,21,7,176,81,95,46.0,3,6,9,18,0,362,185,125,43,22432,6313,2903,12515,EDM,Pacific,Western
2025-2026,20251109,1,TBL,4852,Ryan McDonagh,ROSTER,36.0,"6'1""",214.0,USA,"St. Paul, MN",False,D,15,3,3,6,1.0,0.2,0.2,0.4,37.6,0.0,1,0,0,0,0,0,0,0,0,0,0,0,0,0.0,1,41,15,20.0,26,13,13,8,11,18,6,0,0,0,0.0,0,0,1,2,0,388,212,56,123,18145,4714,623,12772,TBL,Atlantic,Eastern
2025-2026,20251109,5,WSH,5308,Dylan McIlrath,ROSTER,33.0,"6'5""",231.0,Canada,"Winnipeg, MB",False,D,1,0,0,0,0.0,0.0,0.0,0.0,1.7,0.0,0,0,0,0,0,0,0,0,0,0,0,0,0,0.0,0,3,0,0.0,0,2,1,3,0,1,0,0,0,0,0.0,0,0,0,0,0,19,6,3,10,845,71,0,774,WSH,Metropolitan,Eastern
2025-2026,20251109,15,BUF,14563,Ryan McLeod,ROSTER,26.0,"6'3""",201.0,Canada,"Mississauga, ON",False,C,15,3,5,8,1.27,0.33,0.2,0.53,9.3,0.0,1,0,1,1,1,0,1,0,0,0,0,0,0,0.0,-2,31,19,15.8,6,5,7,3,16,16,3,256,106,150,41.4,0,0,1,2,0,388,186,40,165,16339,1523,276,14540,BUF,Atlantic,Eastern
2025-2026,20251109,12,TOR,39073,Bobby McMann,ROSTER,29.0,"6'1""",205.0,Canada,"Wainwright, AB",True,C,15,3,2,5,1.53,0.13,0.2,0.33,31.0,26.0,1,0,0,0,0,0,0,1,0,0,0,0,0,0.0,1,45,23,13.0,6,9,13,42,11,5,1,3,2,1,66.7,4,11,2,7,1,284,197,80,10,13426,3311,1196,8919,TOR,Atlantic,Eastern
2025-2026,20251109,5,WSH,17166,Connor McMichael,ROSTER,24.0,"5'11""",182.0,Canada,"Ajax, ON",True,C,15,1,3,4,1.93,0.2,0.07,0.27,10.4,12.8,0,1,0,1,0,0,0,0,0,0,1,1,0,0.0,-2,52,29,3.4,6,12,11,5,12,11,6,177,69,108,39.0,3,6,1,2,0,326,192,72,61,14002,1946,791,11153,WSH,Metropolitan,Eastern
2025-2026,20251109,142,VGK,5041,Brayden McNabb,ROSTER,34.0,"6'4""",213.0,Canada,"Davidson, SK",False,D,14,0,0,0,0.43,0.0,0.0,0.0,70.6,8.5,0,0,0,0,0,0,0,0,0,0,0,0,0,0.0,3,38,6,0.0,47,19,13,19,22,7,3,0,0,0,0.0,2,4,4,8,0,377,206,45,126,17895,4677,861,12357,VGK,Pacific,Western
2025-2026,20251109,29,ANA,32259,Mason McTavish,ROSTER,22.0,"6'0""",208.0,Switzerland,Zurich,True,C,14,3,7,10,1.79,0.5,0.21,0.71,20.9,34.1,1,0,1,1,0,0,0,1,0,0,1,0,1,100.0,1,70,25,12.0,9,18,27,17,10,8,5,197,96,101,48.7,8,16,5,10,0,317,155,27,141,15031,1376,86,13504,ANA,Pacific,Western
2025-2026,20251109,7,NJD,5604,Timo Meier,ROSTER,29.0,"6'0""",210.0,Switzerland,St. Gallen,False,RW,15,4,7,11,3.13,0.47,0.27,0.73,26.5,21.3,1,1,3,4,0,0,0,1,0,0,0,0,0,0.0,2,100,47,8.5,9,25,28,27,19,14,5,19,12,7,63.2,5,10,2,4,0,322,159,73,94,15842,3023,1128,11691,NJD,Metropolitan,Eastern
2025-2026,20251109,7,NJD,28533,Dawson Mercer,ROSTER,24.0,"6'0""",180.0,Canada,"Carbonear, NL and Labrador",True,C,15,8,7,15,1.8,0.47,0.53,1.0,27.8,12.8,2,3,1,4,1,0,1,1,0,0,0,0,0,0.0,7,55,27,29.6,17,14,14,11,21,12,1,49,21,28,42.9,3,6,5,10,0,337,212,75,58,16472,3133,1261,12078,NJD,Metropolitan,Eastern
2025-2026,20251109,12,TOR,13894,Dakota Mermis,ROSTER,31.0,"6'0""",195.0,USA,"Alton, IL",False,D,2,0,0,0,0.5,0.0,0.0,0.0,1.1,0.0,0,0,0,0,0,0,0,0,0,0,0,0,0,0.0,-3,2,1,0.0,0,1,0,2,1,0,0,0,0,0,0.0,0,0,0,0,0,43,27,9,7,1630,314,145,1171,TOR,Atlantic,Eastern
2025-2026,20251109,15,BUF,120242,Zach Metsa,ASSIGNED_TO_MINORS,27.0,"5'9""",181.0,USA,"Delafield, WI",True,D,4,0,0,0,0.25,0.0,0.0,0.0,3.1,4.3,0,0,0,0,0,0,0,0,0,0,0,0,0,0.0,3,4,1,0.0,2,2,1,1,6,1,0,0,0,0,0.0,1,2,1,2,0,49,47,2,0,2117,376,0,1741,BUF,Atlantic,Eastern
2025-2026,20251109,143,SEA,39057,Ben Meyers,ROSTER,26.0,"5'11""",195.0,USA,"Delano, MN",True,C,6,0,2,2,0.33,0.33,0.0,0.33,7.4,0.0,0,0,0,0,0,0,0,0,0,0,0,0,0,0.0,0,6,2,0.0,1,1,3,11,5,1,1,34,16,18,47.1,0,0,0,0,0,84,69,11,3,3108,431,26,2597,SEA,Pacific,Western
2025-2026,20251109,6,PHI,134153,Matvei Michkov,ROSTER,20.0,"5'10""",172.0,Russia,Perm,True,RW,15,3,5,8,1.87,0.33,0.2,0.53,12.5,25.6,1,0,0,0,0,0,0,0,0,0,3,0,2,66.67,0,53,28,10.7,5,20,5,11,17,27,5,0,0,0,0.0,6,12,3,6,0,294,258,37,5,13330,2966,198,10357,PHI,Metropolitan,Eastern
2025-2026,20251109,25,MIN,15459,Jacob Middleton,ROSTER,29.0,"6'3""",210.0,Canada,"Stratford, ON",False,D,16,0,1,1,0.88,0.06,0.0,0.06,51.5,58.1,0,0,0,0,0,0,0,0,0,0,0,0,0,0.0,-3,34,14,0.0,29,11,9,26,10,8,2,0,0,0,0.0,9,26,4,14,2,354,191,83,80,17389,2658,1822,12909,MIN,Central,Western
2025-2026,20251109,20,CHI,17145,Ilya Mikheyev,ROSTER,31.0,"6'3""",195.0,Russia,Omsk,True,RW,13,4,2,6,1.77,0.15,0.31,0.46,11.4,0.0,1,0,0,0,0,0,0,1,0,0,0,0,0,0.0,5,38,23,17.4,5,6,9,9,7,5,4,5,0,5,0.0,0,0,2,4,0,290,149,36,105,13873,1111,282,12214,CHI,Central,Western
2025-2026,20251109,4,FLO,5722,Niko Mikkola,ROSTER,29.0,"6'4""",185.0,Finland,Kiiminki,False,D,15,0,2,2,1.07,0.13,0.0,0.13,35.9,25.6,0,0,0,0,0,0,0,0,0,0,0,0,0,0.0,0,42,16,0.0,22,15,11,14,23,20,2,0,0,0,0.0,6,12,4,8,0,391,219,124,48,17196,2584,1877,12735,FLA,,
2025-2026,20251109,5,WSH,5436,Sonny Milano,ROSTER,29.0,"6'0""",194.0,USA,"Massapequa, NY",False,LW,8,1,0,1,1.75,0.0,0.12,0.12,4.2,4.3,0,0,0,0,0,0,0,0,0,0,0,0,0,0.0,-1,15,14,7.1,2,0,1,3,7,4,0,5,3,2,60.0,1,2,1,2,0,112,49,36,28,5258,1308,454,3496,WSH,Metropolitan,Eastern
2025-2026,20251109,2,WPJ,5563,Colin Miller,ROSTER,33.0,"6'1""",193.0,Canada,"Sault Ste. Marie, ON",False,D,4,0,0,0,0.25,0.0,0.0,0.0,7.6,4.3,0,0,0,0,0,0,0,0,0,0,0,0,0,0.0,-1,5,1,0.0,2,3,1,9,2,4,0,0,0,0,0.0,1,2,1,2,0,55,30,16,9,2766,332,364,2070,WPG,,
2025-2026,20251109,9,NYR,5161,J.T. Miller,ROSTER,32.0,"6'1""",218.0,USA,"East Palestine, OH",False,C,16,3,5,8,2.75,0.31,0.19,0.5,29.9,12.8,1,0,2,2,0,0,0,1,0,1,0,0,0,0.0,-3,85,44,6.8,6,15,26,40,10,16,4,279,167,112,59.9,3,6,1,2,0,418,190,83,131,20036,4695,1364,13147,NYR,Metropolitan,Eastern
2025-2026,20251109,3,CAR,14545,K'Andre Miller,ROSTER,25.0,"6'5""",210.0,USA,"St. Paul, MN",True,D,8,2,4,6,2.25,0.5,0.25,0.75,16.1,17.0,0,1,1,2,0,0,0,0,0,0,0,0,0,0.0,1,41,18,11.1,10,14,9,6,12,14,5,1,0,1,0.0,4,8,1,2,0,230,134,61,37,11094,2179,545,8370,CAR,Metropolitan,Eastern
2025-2026,20251109,11,BOS,52843,Fraser Minten,ROSTER,21.0,"6'1""",185.0,Canada,"Vancouver, BC",True,C,17,3,3,6,1.35,0.18,0.18,0.35,36.1,12.8,1,0,0,0,0,0,0,1,0,1,0,0,0,0.0,-2,49,23,13.0,17,13,13,26,16,7,7,172,89,83,51.7,3,6,2,4,0,322,245,39,41,13954,2311,250,11393,BOS,Atlantic,Eastern
2025-2026,20251109,29,ANA,43373,Pavel Mintyukov,ROSTER,21.0,"6'2""",194.0,Russia,Moskva,True,D,14,0,3,3,0.5,0.21,0.0,0.21,22.9,4.3,0,0,0,0,0,0,0,0,0,0,0,0,0,0.0,1,24,7,0.0,14,11,6,9,17,15,1,0,0,0,0.0,1,2,5,10,0,298,214,40,44,12937,1814,67,11056,ANA,Pacific,Western
2025-2026,20251109,23,CGY,29983,Daniil Miromanov,UNDRAFTED,28.0,"6'4""",202.0,Russia,Moscow,True,D,1,0,0,0,0.0,0.0,0.0,0.0,2.6,0.0,0,0,0,0,0,0,0,0,0,0,0,0,0,0.0,0,2,0,0.0,2,1,1,0,0,1,0,0,0,0,0.0,0,0,0,0,0,30,23,0,7,1069,0,0,1069,CGY,Pacific,Western
2025-2026,20251109,26,SJS,176687,Michael Misa,ROSTER,18.0,"6'1""",185.0,Canada,"Oakville, ON",True,C,7,1,2,3,1.86,0.29,0.14,0.43,7.5,4.3,0,0,0,0,0,0,0,0,0,0,0,0,0,0.0,-1,22,13,7.7,5,5,4,2,9,5,0,38,20,18,52.6,1,2,1,2,0,106,94,13,0,4930,813,180,3937,SJS,Pacific,Western
2025-2026,20251109,11,BOS,13623,Casey Mittelstadt,ROSTER,26.0,"6'1""",199.0,USA,"Eden Prairie, MN",False,C,15,4,5,9,0.93,0.33,0.27,0.6,11.9,0.0,1,0,0,0,0,0,0,0,0,0,1,0,0,0.0,0,27,14,28.6,8,5,8,3,13,14,2,83,49,34,59.0,0,0,2,4,0,274,151,107,20,13084,2188,1546,9350,BOS,Atlantic,Eastern
2025-2026,20251109,19,CBJ,5242,Sean Monahan,ROSTER,31.0,"6'2""",200.0,Canada,"Brampton, ON",False,C,14,1,5,6,2.07,0.36,0.07,0.43,7.6,4.3,0,1,2,3,0,0,0,1,0,0,0,0,0,0.0,6,48,29,3.4,2,5,14,9,6,11,3,268,142,126,53.0,1,2,3,6,0,314,151,70,92,15323,4046,1019,10191,CBJ,Metropolitan,Eastern
2025-2026,20251109,143,SEA,11648,Brandon Montour,ROSTER,31.0,"6'0""",189.0,Canada,"Ohsweken, ON",False,D,10,3,6,9,2.8,0.6,0.3,0.9,29.1,13.2,1,1,1,2,0,0,0,0,0,0,0,0,0,0.0,5,61,28,10.7,18,18,15,11,14,17,7,0,0,0,0.0,1,5,2,7,1,260,121,58,72,13670,2515,1067,9578,SEA,Pacific,Western
2025-2026,20251109,29,ANA,56251,Ian Moore,ROSTER,23.0,"6'2""",171.0,USA,"Concord, MA",False,D,8,1,0,1,0.88,0.0,0.12,0.12,8.2,17.0,0,0,0,0,0,0,0,0,0,0,0,0,0,0.0,1,19,7,14.3,6,7,5,1,15,9,3,0,0,0,0.0,4,8,0,0,0,146,95,11,41,6027,464,186,5377,ANA,Pacific,Western
2025-2026,20251109,20,CHI,166412,Oliver Moore,ROSTER,20.0,"5'11""",176.0,USA,"Mounds View, MN",True,C,3,0,1,1,1.67,0.33,0.0,0.33,1.8,0.0,0,0,0,0,0,0,0,0,0,0,0,0,0,0.0,0,8,5,0.0,1,0,3,1,5,4,1,4,1,3,25.0,0,0,0,0,0,61,49,9,3,2520,749,77,1694,CHI,Central,Western
2025-2026,20251109,28,LAK,11811,Trevor Moore,ROSTER,30.0,"5'10""",185.0,USA,"Thousand Oaks, CA",False,LW,14,3,1,4,2.0,0.07,0.21,0.29,16.1,8.5,1,0,0,0,1,0,1,0,0,0,3,0,2,66.67,-2,47,28,10.7,10,8,11,6,21,19,6,4,2,2,50.0,2,4,1,2,0,286,144,85,62,13384,2017,996,10549,LAK,Pacific,Western
2025-2026,20251109,2,WPJ,5930,Josh Morrissey,ROSTER,30.0,"6'0""",195.0,Canada,"Calgary, AB",False,D,14,2,10,12,1.79,0.71,0.14,0.86,38.9,12.8,0,0,2,2,0,0,0,0,0,0,0,0,0,0.0,9,54,25,8.0,27,16,13,8,13,19,5,0,0,0,0.0,3,6,1,2,0,391,190,137,66,20593,4001,2553,14039,WPG,,
2025-2026,20251109,1,TBL,34441,Janis Moser,ROSTER,25.0,"6'0""",172.0,Switzerland,Biel,True,D,13,1,2,3,1.38,0.15,0.08,0.23,20.2,8.5,0,0,0,0,0,0,0,0,0,0,0,0,0,0.0,2,46,18,5.6,11,21,7,11,30,14,4,0,0,0,0.0,2,4,5,10,0,337,246,36,56,16167,3015,978,12207,TBL,Atlantic,Eastern
2025-2026,20251109,28,LAK,28507,Jacob Moverare,ROSTER,27.0,"6'2""",198.0,Sweden,stersund,False,D,1,0,0,0,0.0,0.0,0.0,0.0,0.0,0.0,0,0,0,0,0,0,0,0,0,0,0,0,0,0.0,0,0,0,0.0,0,0,0,0,0,0,1,0,0,0,0.0,0,0,0,0,0,2,0,2,0,193,0,0,193,LAK,Pacific,Western
2025-2026,20251109,26,SJS,36849,Shakir Mukhamadullin,ROSTER,23.0,"6'4""",178.0,Russia,Ufa,True,D,6,0,4,4,1.0,0.67,0.0,0.67,8.0,12.8,0,0,0,0,0,0,0,0,0,0,0,0,0,0.0,6,12,6,0.0,5,4,2,3,12,4,0,0,0,0,0.0,3,6,0,0,0,121,82,15,24,5689,346,142,5201,SJS,Pacific,Western
2025-2026,20251109,20,CHI,5293,Connor Murphy,ROSTER,32.0,"6'4""",212.0,USA,"Dublin, OH",False,D,15,0,3,3,1.07,0.2,0.0,0.2,23.4,17.0,0,0,0,0,0,0,0,0,0,0,0,0,0,0.0,-1,30,16,0.0,14,8,6,10,26,12,3,0,0,0,0.0,4,8,4,8,0,282,136,45,100,13216,2696,216,10256,CHI,Central,Western
2025-2026,20251109,12,TOR,15478,Philippe Myers,ROSTER,28.0,"6'5""",210.0,Canada,"Moncton, NB",False,D,7,0,0,0,1.71,0.0,0.0,0.0,16.1,8.5,0,0,0,0,0,0,0,0,0,0,0,0,0,0.0,-5,24,12,0.0,10,2,10,6,9,3,0,0,0,0,0.0,2,4,0,0,0,155,95,29,31,6473,1142,907,4424,TOR,Atlantic,Eastern
2025-2026,20251109,21,VAN,4659,Tyler Myers,ROSTER,35.0,"6'8""",229.0,USA,"Katy, TX",False,D,16,1,3,4,1.5,0.19,0.06,0.25,52.7,21.3,0,0,0,0,0,0,0,0,0,0,0,0,0,0.0,-4,55,24,4.2,33,17,14,19,22,20,4,0,0,0,0.0,5,10,3,6,0,399,223,58,119,20230,4104,814,15312,VAN,Pacific,Western
2025-2026,20251109,3,CAR,133816,Bradly Nadeau,ASSIGNED_TO_MINORS,20.0,"5'10""",161.0,Canada,"St-Francois de Madaw, NB",True,LW,6,1,0,1,0.67,0.0,0.17,0.17,7.3,0.0,0,0,0,0,0,0,0,0,0,0,0,0,0,0.0,1,15,4,25.0,4,4,7,4,8,5,0,1,0,1,0.0,0,0,0,0,0,87,66,14,8,4141,668,70,3403,CAR,Metropolitan,Eastern
2025-2026,20251109,2,WPJ,5136,Vladislav Namestnikov,ROSTER,32.0,"6'0""",183.0,Russia,Zhukovskiy,False,C,14,6,1,7,1.86,0.07,0.43,0.5,20.5,6.2,2,2,0,2,0,0,0,1,0,0,0,0,0,0.0,2,39,26,23.1,10,6,7,14,11,11,3,82,32,50,39.0,1,4,4,8,0,294,116,121,63,13139,2554,2176,8409,WPG,,
2025-2026,20251109,20,CHI,56367,Frank Nazar,ROSTER,21.0,"5'10""",180.0,USA,"Mt. Clemens, MI",False,C,15,5,6,11,2.07,0.4,0.33,0.73,26.5,12.8,1,1,2,3,0,0,0,1,0,0,1,0,0,0.0,3,60,31,16.1,16,13,16,11,33,20,8,213,98,115,46.0,3,6,9,18,0,350,218,26,107,16885,2305,95,14213,CHI,Central,Western
2025-2026,20251109,22,COL,13627,Martin Necas,ROSTER,26.0,"6'2""",189.0,Czech Republic,Nove Mesto na Morave,False,C,15,9,9,18,2.13,0.6,0.6,1.2,14.0,21.3,3,2,3,5,0,0,0,0,0,0,1,0,0,0.0,12,72,32,28.1,4,20,20,16,24,34,3,8,6,2,75.0,5,10,6,12,0,349,223,92,41,19028,4894,2109,12025,COL,Central,Western
2025-2026,20251109,17,STL,29768,Jake Neighbours,ROSTER,23.0,"6'0""",195.0,Canada,"Airdrie, AB",True,LW,8,6,1,7,1.5,0.12,0.75,0.88,17.5,8.5,2,0,0,0,0,0,0,1,0,0,0,0,0,0.0,-4,23,12,50.0,5,5,6,20,8,4,0,1,1,0,100.0,2,4,0,0,0,157,115,43,5,7016,2190,569,4257,STL,Central,Western
2025-2026,20251109,22,COL,5226,Brock Nelson,ROSTER,34.0,"6'3""",212.0,USA,"Warroad, MN",False,C,15,3,2,5,1.47,0.13,0.2,0.33,21.6,21.3,1,0,1,1,0,0,0,1,0,0,0,0,0,0.0,5,41,22,13.6,13,7,12,9,22,12,4,266,131,135,49.2,5,10,4,8,0,362,167,114,84,17069,5194,1960,9915,COL,Central,Western
2025-2026,20251109,7,NJD,43355,Simon Nemec,ROSTER,21.0,"6'0""",190.0,Slovakia,Liptovsky Mikulas,True,D,15,0,8,8,1.07,0.53,0.0,0.53,34.9,12.8,0,0,0,0,0,0,0,0,0,0,0,0,0,0.0,0,49,16,0.0,26,28,5,3,16,14,4,0,0,0,0.0,3,6,1,2,0,311,258,33,20,15745,2892,343,12510,NJD,Metropolitan,Eastern
2025-2026,20251109,29,ANA,56465,Nikita Nesterenko,ROSTER,24.0,"6'0""",157.0,USA,"Brooklyn, NY",False,C,12,1,6,7,0.92,0.5,0.08,0.58,16.8,4.3,0,0,0,0,0,0,0,1,0,0,0,0,0,0.0,5,25,11,9.1,4,7,7,21,8,5,0,16,6,10,37.5,1,2,3,6,0,228,138,43,49,9678,1714,241,7726,ANA,Pacific,Western
2025-2026,20251109,14,MTL,30019,Alex Newhook,ROSTER,24.0,"5'10""",192.0,Canada,"St. Johns, NL and Labrador",True,C,15,6,6,12,1.53,0.4,0.4,0.8,19.7,12.8,2,1,0,1,0,0,0,2,0,1,0,0,0,0.0,8,39,23,26.1,5,8,8,24,11,3,1,80,34,46,42.5,3,6,5,10,0,289,144,44,107,13676,1250,417,12009,MTL,Atlantic,Eastern
2025-2026,20251109,22,COL,5247,Valeri Nichushkin,ROSTER,30.0,"6'4""",210.0,Russia,Chelyabinsk,False,RW,15,5,4,9,2.67,0.27,0.33,0.6,14.0,4.3,1,1,1,2,0,0,0,0,0,0,2,0,1,50.0,3,73,40,12.5,4,15,18,16,12,10,7,1,1,0,100.0,1,2,4,8,0,363,160,141,68,16579,3959,3613,9158,COL,Central,Western
2025-2026,20251109,2,WPJ,4868,Nino Niederreiter,ROSTER,33.0,"6'2""",218.0,Switzerland,Chur,False,RW,14,3,6,9,1.64,0.43,0.21,0.64,20.8,12.8,1,1,3,4,0,0,0,1,0,0,0,0,0,0.0,3,35,23,13.0,5,7,5,26,8,9,2,2,2,0,100.0,3,6,1,2,0,258,126,103,32,12083,3344,1561,7178,WPG,,
2025-2026,20251109,22,COL,53057,Tristen Nielsen,ASSIGNED_TO_MINORS,25.0,"5'10""",192.0,Canada,"Fort St. John, BC",True,C,1,0,0,0,0.0,0.0,0.0,0.0,2.2,0.0,0,0,0,0,0,0,0,0,0,0,0,0,0,0.0,0,0,0,0.0,0,0,0,4,0,0,0,0,0,0,0.0,0,0,0,0,0,8,4,3,1,325,0,0,325,COL,Central,Western
2025-2026,20251109,3,CAR,56336,Alexander Nikishin,ROSTER,24.0,"6'3""",196.0,Russia,Orel,False,D,14,2,5,7,1.71,0.36,0.14,0.5,47.6,17.0,0,0,0,0,0,0,0,0,0,0,0,0,0,0.0,13,62,24,8.3,19,25,13,42,21,18,3,0,0,0,0.0,4,8,2,4,0,361,251,55,57,17260,2965,1078,13217,CAR,Metropolitan,Eastern
2025-2026,20251109,7,NJD,5544,Stefan Noesen,ROSTER,32.0,"6'1""",205.0,USA,"Plano, TX",False,RW,9,1,0,1,1.22,0.0,0.11,0.11,12.5,8.5,0,0,0,0,0,0,0,0,0,0,0,0,0,0.0,-5,22,11,9.1,5,6,5,11,2,2,1,10,5,5,50.0,2,4,2,4,0,154,79,41,35,6013,1266,255,4492,NJD,Metropolitan,Eastern
2025-2026,20251109,15,BUF,13634,Josh Norris,INJURY_LIST,26.0,"6'1""",199.0,USA,"Oxford, MI",False,C,1,0,0,0,4.0,0.0,0.0,0.0,0.6,0.0,0,0,0,0,0,0,0,0,0,0,0,0,0,0.0,0,4,4,0.0,0,0,0,1,3,1,0,12,4,8,33.3,0,0,0,0,0,24,14,1,9,1131,161,0,970,BUF,Atlantic,Eastern
2025-2026,20251109,10,PIT,5680,Thomas Novak,ROSTER,28.0,"6'1""",179.0,USA,"St. Paul, MN",False,C,16,1,5,6,1.31,0.31,0.06,0.38,9.9,8.5,0,1,1,2,0,0,0,1,0,0,0,0,0,0.0,0,42,21,4.8,6,9,13,4,25,9,4,38,16,22,42.1,2,4,1,2,0,264,146,62,51,11835,2131,1015,8361,PIT,Metropolitan,Eastern
2025-2026,20251109,24,EDM,4993,Ryan Nugent-Hopkins,ROSTER,32.0,"6'0""",184.0,Canada,"Burnaby, BC",False,C,16,5,11,16,1.44,0.69,0.31,1.0,9.0,8.5,1,2,7,9,0,0,0,0,0,0,2,0,0,0.0,-11,51,23,21.7,4,16,12,7,7,9,3,92,38,54,41.3,2,4,1,2,0,346,160,90,93,18057,5103,1596,10927,EDM,Pacific,Western
2025-2026,20251109,24,EDM,5464,Darnell Nurse,ROSTER,30.0,"6'4""",221.0,Canada,"Hamilton, ON",False,D,16,3,4,7,2.19,0.25,0.19,0.44,73.6,21.3,1,0,0,0,0,0,0,0,0,0,0,0,0,0.0,-4,79,35,8.6,45,26,18,29,17,17,4,0,0,0,0.0,5,10,2,4,0,391,230,54,102,19982,3157,1124,15265,EDM,Pacific,Western
2025-2026,20251109,12,TOR,5418,William Nylander,ROSTER,29.0,"6'0""",196.0,Canada,"Calgary, AB",False,RW,12,6,15,21,1.83,1.25,0.5,1.75,7.5,8.5,2,0,3,3,0,0,0,0,0,0,0,0,0,0.0,8,54,22,27.3,5,16,16,2,2,15,6,23,11,12,47.8,2,4,1,2,0,281,129,106,53,14156,3661,1558,8898,TOR,Atlantic,Eastern
2025-2026,20251109,143,SEA,56632,Jani Nyman,ROSTER,21.0,"6'4""",217.0,Finland,Valkeakoski,False,RW,12,3,0,3,1.08,0.0,0.25,0.25,9.8,8.5,1,1,0,1,0,0,0,0,0,0,0,0,0,0.0,2,33,13,23.1,2,8,12,13,13,5,1,3,2,1,66.7,2,4,4,8,0,171,139,16,19,7621,1274,210,6137,SEA,Pacific,Western
2025-2026,20251109,2,WPJ,5026,Gustav Nyquist,ROSTER,36.0,"5'11""",179.0,Sweden,Halmstad,False,RW,11,0,5,5,1.27,0.45,0.0,0.45,9.7,0.0,0,0,2,2,0,0,0,0,0,0,0,0,0,0.0,1,26,14,0.0,5,8,4,6,10,7,2,9,5,4,55.6,0,0,3,6,0,184,113,51,20,8131,2472,792,4867,WPG,,
2025-2026,20251109,3,CAR,56329,Joel Nyström,ROSTER,23.0,"5'11""",170.0,Sweden,Karlstad,True,D,8,0,1,1,1.75,0.12,0.0,0.12,10.0,4.3,0,0,0,0,0,0,0,0,0,0,0,0,0,0.0,0,36,14,0.0,7,15,7,2,14,6,0,0,0,0,0.0,1,2,0,0,0,202,154,21,27,8122,714,80,7328,CAR,Metropolitan,Eastern
2025-2026,20251109,30,UTA,5452,Liam O'Brien,ROSTER,31.0,"6'1""",215.0,Canada,"Halifax, NS",False,C,6,1,0,1,1.67,0.0,0.17,0.17,10.7,17.4,0,0,0,0,0,0,0,0,0,0,0,0,0,0.0,-4,20,10,10.0,4,4,6,10,7,2,0,0,0,0,0.0,2,7,1,5,1,82,46,15,22,3399,743,417,2239,UTA,Central,Western
2025-2026,20251109,21,VAN,28409,Drew O'Connor,ROSTER,27.0,"6'3""",205.0,USA,"Wayne, New Jersey",True,LW,16,3,4,7,1.25,0.25,0.19,0.44,20.0,12.8,1,0,0,0,0,0,0,0,0,0,0,0,0,0.0,-1,43,20,15.0,10,11,12,13,16,13,2,15,9,6,60.0,3,6,5,10,0,291,186,37,71,13592,1837,720,11035,VAN,Pacific,Western
2025-2026,20251109,25,MIN,43372,Liam Ohgren,ASSIGNED_TO_MINORS,21.0,"6'1""",201.0,Sweden,Stockholm,True,LW,5,0,0,0,0.8,0.0,0.0,0.0,5.9,0.0,0,0,0,0,0,0,0,0,0,0,0,0,0,0.0,-4,8,4,0.0,2,4,0,6,6,0,0,0,0,0,0.0,0,0,0,0,0,57,39,0,18,2752,245,0,2507,MIN,Central,Western
2025-2026,20251109,143,SEA,5156,Jamie Oleksiak,ROSTER,32.0,"6'7""",255.0,Canada,"Toronto, ON",False,D,14,2,0,2,0.93,0.0,0.14,0.14,40.3,8.5,0,0,0,0,0,0,0,0,0,0,0,0,0,0.0,1,27,13,15.4,22,10,4,22,15,16,7,0,0,0,0.0,2,4,3,6,0,315,170,53,89,14068,2598,722,10515,SEA,Pacific,Western
2025-2026,20251109,19,CBJ,17349,Mathieu Olivier,ROSTER,28.0,"6'2""",210.0,USA,"Biloxi, Mississippi",False,RW,14,1,4,5,1.43,0.29,0.07,0.36,39.4,57.1,0,0,0,0,0,0,0,0,0,0,0,0,0,0.0,0,38,20,5.0,10,9,9,48,13,3,2,0,0,0,0.0,6,32,8,22,2,243,122,66,54,11910,2122,790,8935,CBJ,Metropolitan,Eastern
2025-2026,20251109,22,COL,15140,Victor Olofsson,ROSTER,30.0,"5'11""",183.0,Sweden,Ornskoldsvik,False,LW,15,5,8,13,2.87,0.53,0.33,0.87,5.5,4.3,1,2,3,5,0,0,0,0,0,0,1,0,0,0.0,0,69,43,11.6,3,16,10,3,11,13,5,0,0,0,0.0,1,2,2,4,0,272,120,106,51,12684,3638,1467,7579,COL,Central,Western
2025-2026,20251109,18,NSH,4703,Ryan O'Reilly,ROSTER,34.0,"6'1""",216.0,Canada,"Clinton, ON",False,C,17,6,6,12,1.71,0.35,0.35,0.71,22.5,0.0,2,1,1,2,1,0,1,2,0,0,1,0,1,100.0,-3,54,29,20.7,15,9,16,6,14,8,13,308,181,127,58.8,0,0,1,2,0,395,187,118,97,20004,6909,2594,10627,NSH,Central,Western
2025-2026,20251109,26,SJS,5036,Dmitry Orlov,ROSTER,34.0,"5'11""",208.0,Russia,Novokuznetsk,False,D,16,0,11,11,1.38,0.69,0.0,0.69,40.1,29.8,0,0,4,4,0,0,0,0,0,0,0,0,0,0.0,1,42,22,0.0,21,14,6,24,18,23,5,0,0,0,0.0,7,14,1,2,0,406,210,77,119,21655,5764,1080,14812,SJS,Pacific,Western
2025-2026,20251109,15,BUF,43366,Noah Ostlund,ROSTER,21.0,"5'10""",164.0,Sweden,Nykvarn,True,C,7,1,1,2,1.0,0.14,0.14,0.29,6.9,0.0,0,0,0,0,0,0,0,0,0,0,0,0,0,0.0,1,11,7,14.3,5,3,1,1,3,1,0,50,15,35,30.0,0,0,0,0,0,117,104,9,5,4872,590,67,4215,BUF,Atlantic,Eastern
2025-2026,20251109,9,NYR,34526,Brennan Othmann,ASSIGNED_TO_MINORS,22.0,"6'0""",175.0,Canada,"Scarborough, ON",True,LW,1,0,0,0,1.0,0.0,0.0,0.0,1.1,0.0,0,0,0,0,0,0,0,0,0,0,0,0,0,0.0,-1,2,1,0.0,0,1,0,2,1,0,0,0,0,0,0.0,0,0,0,0,0,16,11,0,5,751,0,0,751,NYR,Metropolitan,Eastern
2025-2026,20251109,5,WSH,3495,Alex Ovechkin,ROSTER,40.0,"6'3""",236.0,Russia,Moscow,False,LW,15,3,7,10,2.33,0.47,0.2,0.67,17.4,4.3,1,0,2,2,0,0,0,2,0,0,1,1,0,0.0,3,105,35,8.6,1,41,29,29,5,15,2,1,1,0,100.0,1,2,1,2,0,298,171,71,57,16369,5726,1478,8918,WSH,Metropolitan,Eastern
2025-2026,20251109,23,CGY,18227,Brayden Pachal,ROSTER,26.0,"6'0""",200.0,Canada,"Estevan, SK",False,D,9,0,1,1,0.56,0.11,0.0,0.11,18.2,24.8,0,0,0,0,0,0,0,0,0,0,0,0,0,0.0,-2,15,5,0.0,6,6,4,19,16,8,2,0,0,0,0.0,4,16,4,10,0,176,109,31,36,7229,866,442,5921,CGY,Pacific,Western
2025-2026,20251109,8,NYI,5207,Jean-Gabriel Pageau,ROSTER,32.0,"5'10""",180.0,Canada,"Ottawa, ON",False,C,15,5,6,11,1.2,0.4,0.33,0.73,33.6,0.0,1,0,0,0,1,2,3,1,0,0,0,0,0,0.0,2,32,18,27.8,15,6,8,26,15,12,7,230,143,87,62.2,0,0,1,2,0,317,144,88,90,13662,2984,839,9839,NYI,Metropolitan,Eastern
2025-2026,20251109,7,NJD,5178,Ondrej Palat,ROSTER,34.0,"5'11""",194.0,Czech Republic,Frydek-Mistek,False,LW,15,1,1,2,1.13,0.07,0.07,0.13,37.8,0.0,0,0,1,1,0,0,0,0,0,0,0,0,0,0.0,0,32,17,5.9,17,3,12,29,23,5,1,4,1,3,25.0,0,0,5,10,0,286,160,50,77,11608,2967,585,8056,NJD,Metropolitan,Eastern
2025-2026,20251109,8,NYI,4796,Kyle Palmieri,ROSTER,34.0,"5'11""",185.0,USA,"Smithtown, NY",False,C,15,4,7,11,3.0,0.47,0.27,0.73,16.2,12.8,1,0,4,4,0,0,0,0,0,0,0,0,0,0.0,-2,79,45,8.9,7,13,21,13,11,13,4,3,2,1,66.7,3,6,3,8,0,335,177,81,81,17402,5568,873,10961,NYI,Metropolitan,Eastern
2025-2026,20251109,9,NYR,5811,Artemi Panarin,ROSTER,34.0,"5'11""",170.0,Russia,Korkino,False,LW,16,3,7,10,3.0,0.44,0.19,0.62,3.7,4.3,1,0,3,3,0,0,0,1,0,0,0,0,0,0.0,-5,115,48,6.2,2,34,35,2,5,19,4,0,0,0,0.0,1,2,1,2,0,364,176,85,91,20202,3315,1261,14779,NYR,Metropolitan,Eastern
2025-2026,20251109,17,STL,5826,Colton Parayko,ROSTER,32.0,"6'6""",230.0,Canada,"St. Albert, AB",False,D,16,0,6,6,1.31,0.38,0.0,0.38,51.7,12.8,0,0,0,0,0,0,0,0,0,0,0,0,0,0.0,-3,59,21,0.0,34,20,18,15,24,21,8,0,0,0,0.0,3,6,3,6,0,464,251,98,115,22179,4173,1626,16380,STL,Central,Western
2025-2026,20251109,23,CGY,142360,Zayne Parekh,ROSTER,,,,,,False,D,11,0,1,1,1.0,0.09,0.0,0.09,9.2,0.0,0,0,1,1,0,0,0,0,0,0,0,0,0,0.0,0,35,11,0.0,5,18,6,5,19,17,3,0,0,0,0.0,0,0,4,8,0,220,183,32,5,9744,1736,105,7903,CGY,Pacific,Western
2025-2026,20251109,9,NYR,34307,Juuso Parssinen,ROSTER,24.0,"6'2""",203.0,Finland,Hmeenlinna,True,C,12,2,1,3,0.83,0.08,0.17,0.25,19.3,4.3,0,0,0,0,0,0,0,0,0,0,0,0,0,0.0,2,19,10,20.0,9,4,5,14,10,6,3,28,13,15,46.4,1,2,2,4,0,162,112,21,27,6614,775,337,5312,NYR,Metropolitan,Eastern
2025-2026,20251109,11,BOS,5437,David Pastrnak,ROSTER,29.0,"6'0""",194.0,Czech Republic,Havirov,False,RW,17,8,11,19,3.53,0.65,0.47,1.12,21.2,25.6,2,3,5,8,0,0,0,1,0,0,0,0,0,0.0,-3,130,60,13.3,4,48,22,29,18,27,6,0,0,0,0.0,6,12,7,14,0,356,196,97,71,20274,6142,1515,12617,BOS,Atlantic,Eastern
2025-2026,20251109,2,WPJ,5292,Tanner Pearson,ROSTER,33.0,"6'1""",201.0,Canada,"Kitchener, ON",False,LW,14,2,1,3,0.86,0.07,0.14,0.21,23.7,21.3,0,0,0,0,0,0,0,0,0,0,0,0,0,0.0,-1,20,12,16.7,12,4,4,15,8,10,2,4,2,2,50.0,5,10,1,2,0,246,113,73,62,9622,1832,1118,6672,WPG,,
2025-2026,20251109,11,BOS,15999,Andrew Peeke,ROSTER,27.0,"6'3""",194.0,USA,"Parkland, FL",False,D,17,0,4,4,1.12,0.24,0.0,0.24,65.3,0.0,0,0,0,0,0,0,0,0,0,0,0,0,0,0.0,-2,48,19,0.0,42,15,14,21,28,16,3,0,0,0,0.0,0,0,0,0,0,426,238,68,120,20126,2116,1044,16966,BOS,Atlantic,Eastern
2025-2026,20251109,8,NYI,5856,Adam Pelech,ROSTER,31.0,"6'3""",218.0,Canada,"Toronto, ON",False,D,15,0,2,2,1.13,0.13,0.0,0.13,27.0,12.8,0,0,0,0,0,0,0,0,0,0,0,0,0,0.0,9,62,17,0.0,19,21,24,5,23,14,5,0,0,0,0.0,3,6,3,6,0,393,199,74,120,17267,2300,1170,13797,NYI,Metropolitan,Eastern
2025-2026,20251109,18,NSH,38801,Nicklaus Perbix,ROSTER,27.0,"6'4""",200.0,USA,"Minneapolis, MN",True,D,17,2,1,3,1.41,0.06,0.12,0.18,28.3,12.8,0,0,0,0,0,0,0,0,0,0,0,0,0,0.0,-2,56,24,8.3,20,24,8,5,17,18,3,0,0,0,0.0,3,6,0,0,0,434,257,100,79,20920,2941,1825,16154,NSH,Central,Western
2025-2026,20251109,13,OTT,4307,David Perron,ROSTER,37.0,"6'0""",200.0,Canada,"Sherbrooke, QC",False,LW,15,2,6,8,1.07,0.4,0.13,0.53,17.5,17.0,0,2,2,4,0,0,0,0,0,0,0,0,0,0.0,-5,28,16,12.5,5,6,6,20,10,6,2,1,0,1,0.0,4,8,4,8,0,311,148,84,81,12925,3536,1274,8115,OTT,Atlantic,Eastern
2025-2026,20251109,28,LAK,3626,Corey Perry,ROSTER,40.0,"6'3""",205.0,Canada,"Peterborough, ON",False,RW,9,6,3,9,2.67,0.33,0.67,1.0,5.5,17.4,2,1,1,2,0,0,0,0,0,0,2,1,0,0.0,4,34,24,25.0,3,4,6,3,9,4,1,4,2,2,50.0,2,7,4,13,1,160,87,47,32,7935,2532,822,4581,LAK,Pacific,Western
2025-2026,20251109,7,NJD,5845,Brett Pesce,ROSTER,30.0,"6'3""",206.0,USA,"Tarrytown, NY",False,D,9,0,3,3,0.89,0.33,0.0,0.33,32.9,4.3,0,0,0,0,0,0,0,0,0,0,0,0,0,0.0,3,17,8,0.0,24,5,4,4,10,4,2,0,0,0,0.0,1,2,1,2,0,193,89,44,60,10614,1679,548,8387,NJD,Metropolitan,Eastern
2025-2026,20251109,30,UTA,28525,John-Jason Peterka,ROSTER,23.0,"5'11""",192.0,Germany,Munich,True,RW,15,4,6,10,1.87,0.4,0.27,0.67,6.8,8.5,1,0,0,0,0,0,0,1,0,0,0,0,0,0.0,2,57,28,14.3,4,20,9,3,13,17,6,7,2,5,28.6,2,4,3,6,0,315,169,42,108,14639,1332,388,12919,UTA,Central,Western
2025-2026,20251109,27,DAL,5213,Alex Petrovic,ROSTER,33.0,"6'4""",216.0,Canada,"Edmonton, AB",False,D,13,0,3,3,1.0,0.23,0.0,0.23,28.8,38.0,0,0,0,0,0,0,0,0,0,0,0,0,0,0.0,-3,24,13,0.0,13,11,0,22,25,12,2,0,0,0,0.0,5,21,1,5,1,201,124,22,53,10255,2337,460,7379,DAL,Central,Western
2025-2026,20251109,4,FLO,4929,Jeff Petry,ROSTER,37.0,"6'3""",209.0,USA,"Ann Arbor, MI",False,D,15,0,4,4,0.73,0.27,0.0,0.27,23.4,8.5,0,0,2,2,0,0,0,0,0,0,0,0,0,0.0,-3,32,11,0.0,14,13,8,10,24,17,0,0,0,0,0.0,2,4,0,0,0,299,161,63,75,13334,3339,807,9188,FLA,,
2025-2026,20251109,21,VAN,15084,Elias Pettersson,ROSTER,26.0,"6'2""",176.0,Sweden,Sundsvall,False,C,16,3,8,11,1.5,0.5,0.19,0.69,54.7,4.3,1,1,3,4,0,0,0,0,0,0,2,1,0,0.0,0,59,24,12.5,35,13,22,18,16,16,8,331,154,177,46.5,1,2,4,8,0,369,198,109,65,19132,3980,2793,12359,VAN,Pacific,Western
2025-2026,20251109,21,VAN,56700,Elias Nils Pettersson,ROSTER,21.0,"6'2""",185.0,Sweden,Västerås,False,D,15,0,2,2,0.4,0.13,0.0,0.13,31.1,8.5,0,0,0,0,0,0,0,0,0,0,0,0,0,0.0,-1,26,6,0.0,17,13,7,17,24,16,4,0,0,0,0.0,2,4,6,15,0,281,214,19,48,12518,1367,142,11009,VAN,Pacific,Western
2025-2026,20251109,21,VAN,14114,Marcus Pettersson,ROSTER,29.0,"6'3""",177.0,Sweden,Skellefteå,False,D,16,0,3,3,0.75,0.19,0.0,0.19,43.9,43.0,0,0,0,0,0,0,0,0,0,0,0,0,0,0.0,2,36,12,0.0,30,11,13,10,33,14,3,0,0,0,0.0,8,19,1,5,1,381,205,43,133,19934,2485,887,16562,VAN,Pacific,Western
2025-2026,20251109,24,EDM,39040,Noah Philp,ROSTER,27.0,"6'3""",200.0,Canada,"Canmore, AB",True,C,10,2,1,3,0.9,0.1,0.2,0.3,12.0,8.5,0,0,0,0,0,0,0,0,0,0,0,0,0,0.0,-4,16,9,22.2,2,6,1,17,9,4,4,70,40,30,57.1,2,4,2,4,0,146,79,43,25,6424,1299,640,4471,EDM,Pacific,Western
2025-2026,20251109,10,PIT,43371,Owen Pickering,ROSTER,21.0,"6'4""",180.0,Canada,"St. Adolphe, MB",True,D,4,0,0,0,0.25,0.0,0.0,0.0,3.1,4.3,0,0,0,0,0,0,0,0,0,0,0,0,0,0.0,-3,6,1,0.0,2,4,1,1,6,4,1,0,0,0,0.0,1,2,0,0,0,73,60,2,11,2903,311,32,2560,PIT,Metropolitan,Eastern
2025-2026,20251109,13,OTT,30027,Shane Pinto,ROSTER,24.0,"6'3""",201.0,USA,"Franklin Square, NY",True,C,15,8,6,14,2.8,0.4,0.53,0.93,18.7,21.3,2,0,0,0,0,1,1,1,0,0,1,0,1,100.0,3,88,42,19.0,9,17,29,13,18,12,5,187,109,78,58.3,5,10,6,12,0,398,184,76,147,17354,2370,689,14447,OTT,Atlantic,Eastern
2025-2026,20251109,2,WPJ,14095,Neal Pionk,ROSTER,30.0,"6'0""",186.0,USA,"Hermantown, MN",False,D,14,0,2,2,2.29,0.14,0.0,0.14,43.8,21.3,0,0,1,1,0,0,0,0,0,0,0,0,0,0.0,1,72,32,0.0,23,28,12,26,14,11,4,0,0,0,0.0,5,10,2,4,0,397,232,102,63,19939,3955,2032,13952,WPG,,
2025-2026,20251109,25,MIN,5274,Tyler Pitlick,ROSTER,34.0,"6'2""",200.0,USA,"Minneapolis, MN",False,C,9,0,0,0,0.67,0.0,0.0,0.0,21.0,34.4,0,0,0,0,0,0,0,0,0,0,0,0,0,0.0,-3,10,6,0.0,6,2,2,24,5,3,1,0,0,0,0.0,3,22,2,7,1,84,44,28,13,3986,989,247,2750,MIN,Central,Western
2025-2026,20251109,24,EDM,30369,Vasily Podkolzin,ROSTER,24.0,"6'1""",190.0,Russia,Moscow,True,RW,16,2,4,6,1.75,0.25,0.12,0.38,45.5,8.5,0,0,0,0,0,0,0,1,0,0,0,0,0,0.0,1,44,28,7.1,13,8,8,52,13,7,3,7,2,5,28.6,2,4,1,2,0,296,184,88,17,14121,3102,1561,9049,EDM,Pacific,Western
2025-2026,20251109,29,ANA,13640,Ryan Poehling,ROSTER,26.0,"6'2""",204.0,USA,"Lakeville, MN",False,C,14,1,5,6,0.71,0.36,0.07,0.43,16.7,4.3,0,0,0,0,0,0,0,0,0,0,0,0,0,0.0,-1,23,10,10.0,10,7,6,7,15,8,2,151,67,84,44.4,1,2,2,4,0,254,124,47,84,10398,1436,473,8489,ANA,Pacific,Western
2025-2026,20251109,1,TBL,10079,Brayden Point,ROSTER,29.0,"5'10""",166.0,Canada,"Calgary, AB",False,C,15,3,6,9,2.07,0.4,0.2,0.6,10.6,8.5,1,1,2,3,0,0,0,0,0,0,0,0,0,0.0,-9,56,31,9.7,7,12,13,3,11,16,3,171,74,97,43.3,2,4,4,8,0,338,173,110,58,17083,4450,3197,9436,TBL,Atlantic,Eastern
2025-2026,20251109,15,BUF,34475,Owen Power,ROSTER,22.0,"6'6""",214.0,Canada,"Mississauga, ON",True,D,14,2,4,6,1.43,0.29,0.14,0.43,21.0,4.3,0,0,0,0,0,2,2,0,0,0,0,0,0,0.0,-5,48,20,10.0,13,18,10,8,20,13,3,0,0,0,0.0,1,2,1,2,0,378,229,53,98,18079,2119,452,15508,BUF,Atlantic,Eastern
2025-2026,20251109,5,WSH,28499,Aliaksei Protas,ROSTER,24.0,"6'5""",190.0,Belarus,Vitebsk,True,C,15,5,5,10,2.4,0.33,0.33,0.67,18.5,8.5,1,0,1,1,0,0,0,1,0,0,0,0,0,0.0,6,72,36,13.9,11,15,21,8,12,16,4,10,2,8,20.0,2,4,4,8,0,342,215,82,47,16278,3542,1064,11553,WSH,Metropolitan,Eastern
2025-2026,20251109,19,CBJ,5602,Ivan Provorov,ROSTER,28.0,"6'1""",201.0,Russia,Yaroslavl,False,D,14,2,3,5,2.29,0.21,0.14,0.36,28.7,12.8,0,0,0,0,0,0,0,0,0,0,0,0,0,0.0,3,64,32,6.2,19,17,15,8,14,17,7,0,0,0,0.0,3,6,3,6,0,354,179,88,85,20042,3336,1105,15336,CBJ,Metropolitan,Eastern
2025-2026,20251109,8,NYI,5815,Ryan Pulock,ROSTER,31.0,"6'2""",217.0,Canada,"Dauphin, MB",False,D,15,0,6,6,1.07,0.4,0.0,0.4,38.0,0.0,0,0,0,0,0,1,1,0,0,0,0,0,0,0.0,4,43,16,0.0,25,19,8,11,19,19,5,0,0,0,0.0,0,0,0,0,0,406,209,144,53,18013,2235,2340,13438,NYI,Metropolitan,Eastern
2025-2026,20251109,15,BUF,28524,Jack Quinn,ROSTER,24.0,"6'0""",176.0,Canada,"Ottawa, ON",True,RW,15,3,4,7,1.6,0.27,0.2,0.47,12.7,0.0,1,2,0,2,0,0,0,1,0,0,1,0,0,0.0,-7,47,24,12.5,6,11,12,9,19,13,2,2,0,2,0.0,0,0,1,2,0,314,193,48,76,14179,1629,642,11908,BUF,Atlantic,Eastern
2025-2026,20251109,1,TBL,18138,Darren Raddysh,ROSTER,29.0,"6'0""",201.0,Canada,"Caledon, ON",False,D,9,1,2,3,1.56,0.22,0.11,0.33,9.2,4.3,0,0,0,0,0,0,0,0,0,0,0,0,0,0.0,-4,37,14,7.1,5,16,7,5,14,6,1,0,0,0,0.0,1,2,0,0,0,159,85,37,39,7643,1760,798,5089,TBL,Atlantic,Eastern
2025-2026,20251109,9,NYR,15229,Taylor Raddysh,ROSTER,27.0,"6'2""",198.0,Canada,"Toronto, ON",False,RW,16,5,1,6,1.31,0.06,0.31,0.38,15.6,4.3,1,0,0,0,1,0,1,0,0,0,0,0,0,0.0,3,32,21,23.8,7,3,8,12,8,5,5,3,0,3,0.0,1,2,0,0,0,291,153,71,63,12137,2642,819,8185,NYR,Metropolitan,Eastern
2025-2026,20251109,10,PIT,5144,Rickard Rakell,INJURY_LIST,32.0,"6'0""",196.0,Sweden,Sundbyberg,False,RW,9,3,5,8,1.89,0.56,0.33,0.89,17.8,4.3,1,1,2,3,0,1,1,0,0,0,0,0,0,0.0,1,36,17,17.6,10,9,10,9,12,4,3,6,1,5,16.7,1,2,0,0,0,195,79,90,21,9580,1467,2444,5305,PIT,Metropolitan,Eastern
2025-2026,20251109,27,DAL,5605,Mikko Rantanen,ROSTER,29.0,"6'4""",215.0,Finland,Nousiainen,False,RW,15,8,13,21,2.6,0.87,0.53,1.4,20.5,34.1,2,4,8,12,0,0,0,1,0,0,3,1,1,33.33,-4,77,39,20.5,10,18,20,14,18,12,1,21,10,11,47.6,8,16,10,20,0,348,183,67,100,19565,5167,884,13351,DAL,Central,Western
2025-2026,20251109,16,DET,13624,Michael Rasmussen,ROSTER,26.0,"6'6""",221.0,Canada,"Surrey, BC",False,C,14,1,2,3,0.93,0.14,0.07,0.21,20.7,8.5,0,0,0,0,0,0,0,0,0,0,0,0,0,0.0,-5,28,13,7.7,11,5,11,12,14,3,1,103,59,44,57.3,2,4,1,2,0,238,128,47,64,9580,1396,537,7647,DET,Atlantic,Eastern
2025-2026,20251109,21,VAN,32262,Aatu Raty,ROSTER,22.0,"6'2""",185.0,Finland,Oulu,True,C,14,1,5,6,0.64,0.36,0.07,0.43,28.8,17.0,0,0,0,0,0,0,0,0,0,0,0,0,0,0.0,3,30,9,11.1,6,7,14,38,11,6,2,175,97,78,55.4,4,8,2,4,0,270,179,41,51,10743,1855,535,8353,VAN,Pacific,Western
2025-2026,20251109,16,DET,19050,Lucas Raymond,ROSTER,23.0,"5'11""",170.0,Sweden,Goteborg,True,LW,13,4,8,12,1.77,0.62,0.31,0.92,9.9,4.3,1,1,3,4,0,0,0,1,0,0,2,0,1,50.0,3,56,23,17.4,6,17,16,4,11,14,9,1,1,0,100.0,1,2,7,14,0,280,162,39,84,13786,2720,669,10572,DET,Atlantic,Eastern
2025-2026,20251109,26,SJS,4892,Ryan Reaves,ROSTER,38.0,"6'2""",225.0,Canada,"Winnipeg, MB",False,RW,12,2,0,2,0.67,0.0,0.17,0.17,25.3,30.6,0,0,0,0,0,0,0,0,0,0,0,0,0,0.0,-3,12,8,25.0,2,1,3,41,4,2,1,0,0,0,0.0,3,12,2,10,2,122,73,33,19,4899,1579,211,3112,SJS,Pacific,Western
2025-2026,20251109,24,EDM,24516,Alec Regula,ROSTER,25.0,"6'4""",203.0,USA,"West Bloomfield, MI",False,D,4,0,0,0,0.75,0.0,0.0,0.0,9.3,4.3,0,0,0,0,0,0,0,0,0,0,0,0,0,0.0,-2,6,3,0.0,6,2,1,3,10,3,0,0,0,0,0.0,1,2,0,0,0,73,36,14,22,3527,758,191,2506,EDM,Pacific,Western
2025-2026,20251109,20,CHI,30422,Lukas Reichel,ROSTER,23.0,"6'0""",170.0,Germany,Nürnberg,True,LW,5,2,2,4,1.2,0.4,0.4,0.8,4.4,4.3,0,0,0,0,0,0,0,0,0,0,0,0,0,0.0,1,10,6,33.3,3,2,2,1,1,4,1,7,2,5,28.6,1,2,0,0,0,66,38,8,22,2959,149,68,2742,CHI,Central,Western
2025-2026,20251109,20,CHI,30422,Lukas Reichel,ROSTER,23.0,"6'0""",170.0,Germany,Nürnberg,True,LW,5,2,2,4,1.2,0.4,0.4,0.8,4.4,4.3,0,0,0,0,0,0,0,0,0,0,0,0,0,0.0,1,10,6,33.3,3,2,2,1,1,4,1,7,2,5,28.6,1,2,0,0,0,66,38,8,22,2959,149,68,2742,CHI,Central,Western
2025-2026,20251109,21,VAN,30422,Lukas Reichel,ROSTER,23.0,"6'0""",170.0,Germany,Nürnberg,True,LW,8,0,1,1,1.12,0.12,0.0,0.12,8.0,4.3,0,0,0,0,0,0,0,0,0,0,0,0,0,0.0,-7,21,9,0.0,5,3,9,3,5,7,0,79,31,48,39.2,1,2,0,0,0,155,110,23,22,7471,1044,387,6040,VAN,Pacific,Western
2025-2026,20251109,21,VAN,30422,Lukas Reichel,ROSTER,23.0,"6'0""",170.0,Germany,Nürnberg,True,LW,8,0,1,1,1.12,0.12,0.0,0.12,8.0,4.3,0,0,0,0,0,0,0,0,0,0,0,0,0,0.0,-7,21,9,0.0,5,3,9,3,5,7,0,79,31,48,39.2,1,2,0,0,0,155,110,23,22,7471,1044,387,6040,VAN,Pacific,Western
2025-2026,20251109,3,CAR,5814,Mike Reilly,ROSTER,32.0,"6'1""",200.0,USA,"Chanhassen, MN",False,D,11,1,4,5,1.73,0.36,0.09,0.45,24.5,4.3,0,0,0,0,1,0,1,0,0,0,0,0,0,0.0,12,47,19,5.3,17,15,13,5,16,10,0,0,0,0,0.0,1,2,2,4,0,296,153,60,84,12385,2168,727,9490,CAR,Metropolitan,Eastern
2025-2026,20251109,142,VGK,30061,Cole Reinhardt,ROSTER,25.0,"6'1""",203.0,Canada,"Calgary, AB",True,LW,8,1,1,2,0.25,0.12,0.12,0.25,9.4,0.0,0,0,0,0,0,0,0,0,0,0,0,0,0,0.0,-3,11,2,50.0,0,4,5,17,3,7,0,2,1,1,50.0,0,0,1,2,0,102,67,28,8,4307,937,370,3000,VGK,Pacific,Western
2025-2026,20251109,4,FLO,5416,Sam Reinhart,ROSTER,30.0,"6'1""",194.0,Canada,"North Vancouver, BC",False,C,15,7,1,8,3.07,0.07,0.47,0.53,24.8,4.3,2,1,1,2,1,0,1,2,0,0,2,0,0,0.0,-6,104,46,15.2,12,21,37,17,23,10,2,62,20,42,32.3,1,2,2,4,0,358,159,126,80,19332,3951,3067,12314,FLA,,
2025-2026,20251109,9,NYR,34418,Matt Rempe,ROSTER,23.0,"6'8""",205.0,Canada,"Calgary, AB",True,C,9,1,0,1,0.89,0.0,0.11,0.11,19.2,17.4,0,0,0,0,0,0,0,0,0,0,0,0,0,0.0,1,16,8,12.5,2,3,5,30,7,2,1,5,2,3,40.0,2,7,2,7,1,122,83,32,2,5296,1096,359,3591,NYR,Metropolitan,Eastern
2025-2026,20251109,12,TOR,5261,Morgan Rielly,ROSTER,31.0,"6'1""",219.0,Canada,"West Vancouver, BC",False,D,14,2,10,12,1.93,0.71,0.14,0.86,20.5,4.3,0,0,1,1,0,0,0,1,0,0,0,0,0,0.0,-3,67,27,7.4,13,19,21,7,23,33,3,0,0,0,0.0,1,2,1,2,0,397,229,84,86,18160,3811,1178,13171,TOR,Atlantic,Eastern
2025-2026,20251109,20,CHI,56353,Sam Rinzel,ROSTER,21.0,"6'3""",180.0,USA,"Chanhassen, MN",False,D,15,1,2,3,1.6,0.13,0.07,0.2,33.1,25.6,0,0,0,0,0,0,0,0,0,0,0,0,0,0.0,2,70,24,4.2,19,33,13,16,22,21,2,0,0,0,0.0,6,12,2,4,0,319,240,32,45,17233,2853,121,14046,CHI,Central,Western
2025-2026,20251109,8,NYI,134181,Calum Ritchie,ROSTER,20.0,"6'2""",185.0,Canada,"Oakville, ON",True,C,5,0,0,0,0.6,0.0,0.0,0.0,6.9,8.5,0,0,0,0,0,0,0,0,0,0,0,0,0,0.0,0,8,3,0.0,5,2,3,1,5,6,0,45,16,29,35.6,2,4,1,2,0,84,69,9,6,3817,440,42,3335,NYI,Metropolitan,Eastern
2025-2026,20251109,27,DAL,18026,Jason Robertson,ROSTER,26.0,"6'2""",194.0,USA,"Northville, MI",False,LW,15,3,10,13,4.07,0.67,0.2,0.87,16.5,0.0,1,2,5,7,0,0,0,0,0,0,3,0,2,66.67,-2,102,61,4.9,9,19,22,9,17,19,8,1,0,1,0.0,0,0,3,6,0,337,170,80,85,18512,4474,806,13024,DAL,Central,Western
2025-2026,20251109,9,NYR,29769,Matthew Robertson,ROSTER,24.0,"6'4""",202.0,Canada,"Sherwood Park, AB",True,D,9,1,0,1,0.78,0.0,0.11,0.11,20.5,8.5,0,0,0,0,0,0,0,0,0,0,0,0,0,0.0,-3,25,7,14.3,10,11,7,14,15,7,0,0,0,0,0.0,2,4,0,0,0,193,126,27,41,8939,1109,217,7613,NYR,Metropolitan,Eastern
2025-2026,20251109,12,TOR,20226,Nicholas Robertson,ROSTER,24.0,"5'9""",162.0,USA,"Pasadena, CA",True,LW,14,4,4,8,2.07,0.29,0.29,0.57,11.4,0.0,1,1,0,1,0,0,0,1,0,0,0,0,0,0.0,-2,48,29,13.8,2,7,12,16,9,13,4,1,0,1,0.0,0,0,1,2,0,242,144,67,35,10931,2179,664,8088,TOR,Atlantic,Eastern
2025-2026,20251109,3,CAR,14154,Eric Robinson,ROSTER,30.0,"6'2""",197.0,USA,"Bellmawr, New Jersey",False,LW,8,4,1,5,1.5,0.12,0.5,0.62,8.7,0.0,1,0,0,0,0,0,0,1,0,0,0,0,0,0.0,5,20,12,33.3,2,2,6,11,9,3,1,1,0,1,0.0,0,0,1,2,0,119,61,33,29,4922,622,459,3841,CAR,Metropolitan,Eastern
2025-2026,20251109,4,FLO,9075,Evan Rodrigues,ROSTER,32.0,"5'11""",184.0,Canada,"Toronto, ON",False,C,15,3,5,8,2.4,0.33,0.2,0.53,21.9,17.0,1,0,2,2,0,0,0,0,0,0,1,0,0,0.0,1,63,36,8.3,8,13,14,21,14,10,6,145,66,79,45.5,4,8,5,13,0,327,172,107,50,15166,2903,2598,9649,FLA,,
2025-2026,20251109,8,NYI,14561,Alexander Romanov,ROSTER,25.0,"6'1""",209.0,Russia,Moscow,True,D,10,0,0,0,1.0,0.0,0.0,0.0,41.4,12.8,0,0,0,0,0,0,0,0,0,0,0,0,0,0.0,-5,27,10,0.0,22,11,6,24,27,9,2,0,0,0,0.0,3,6,1,2,0,221,154,23,44,11140,1686,309,9145,NYI,Metropolitan,Eastern
2025-2026,20251109,15,BUF,34464,Isak Rosen,ROSTER,22.0,"5'11""",156.0,Sweden,Stockholm,True,RW,4,1,1,2,1.5,0.25,0.25,0.5,6.8,0.0,0,0,0,0,0,0,0,0,0,0,0,0,0,0.0,-1,14,6,16.7,4,4,4,3,1,2,1,0,0,0,0.0,0,0,0,0,0,80,53,10,18,3708,679,96,2933,BUF,Atlantic,Eastern
2025-2026,20251109,24,EDM,5620,Jack Roslovic,ROSTER,28.0,"6'1""",187.0,USA,"Columbus, OH",False,C,14,3,5,8,2.36,0.36,0.21,0.57,7.9,8.5,1,2,1,3,0,0,0,0,0,0,0,0,0,0.0,1,56,33,9.1,4,8,15,5,7,9,5,20,10,10,50.0,2,4,3,6,0,269,131,101,30,13962,3755,2106,7674,EDM,Pacific,Western
2025-2026,20251109,25,MIN,28380,Marco Rossi,ROSTER,24.0,"5'9""",183.0,Austria,Feldkirch,True,C,15,4,9,13,1.67,0.6,0.27,0.87,16.3,4.3,1,0,5,5,0,0,0,0,0,0,1,0,1,100.0,-6,52,25,16.0,8,12,15,11,15,12,4,199,98,101,49.2,1,2,2,4,0,308,185,76,52,16478,2938,1212,12568,MIN,Central,Western
2025-2026,20251109,14,MTL,38746,Joshua Roy,ASSIGNED_TO_MINORS,22.0,"6'0""",190.0,Canada,"St-Georges-de-Beauce, QC",True,RW,1,0,0,0,0.0,0.0,0.0,0.0,2.2,0.0,0,0,0,0,0,0,0,0,0,0,0,0,0,0.0,0,0,0,0.0,0,0,0,4,1,0,0,0,0,0,0.0,0,0,0,0,0,10,4,3,3,478,76,0,402,MTL,Atlantic,Eastern
2025-2026,20251109,5,WSH,5789,Matt Roy,ROSTER,30.0,"6'1""",200.0,USA,"Canton, MI",False,D,15,0,2,2,1.53,0.13,0.0,0.13,52.1,8.5,0,0,0,0,0,0,0,0,0,0,0,0,0,0.0,6,50,23,0.0,33,19,8,18,36,11,1,0,0,0,0.0,2,4,2,4,0,321,155,51,114,17848,2000,667,15136,WSH,Metropolitan,Eastern
2025-2026,20251109,12,TOR,14391,Nicolas Roy,ROSTER,28.0,"6'4""",200.0,Canada,"Amos, QC",False,C,15,1,3,4,0.87,0.2,0.07,0.27,21.7,8.5,0,0,0,0,0,0,0,0,0,0,0,0,0,0.0,-3,21,13,7.7,10,5,3,16,11,20,6,168,85,83,50.6,2,4,2,6,0,302,152,104,47,12702,2237,2031,8434,TOR,Atlantic,Eastern
2025-2026,20251109,10,PIT,5500,Bryan Rust,ROSTER,33.0,"5'11""",192.0,USA,"Pontiac, MI",False,RW,14,5,10,15,2.5,0.71,0.36,1.07,23.4,12.8,1,1,6,7,0,0,0,3,0,0,3,0,1,33.33,1,59,35,14.3,17,8,16,3,16,19,1,1,0,1,0.0,3,6,5,10,0,329,138,155,42,17090,3182,3662,10352,PIT,Metropolitan,Eastern
2025-2026,20251109,142,VGK,5014,Brandon Saad,ROSTER,33.0,"6'1""",206.0,USA,"Pittsburgh, PA",False,LW,14,0,2,2,1.64,0.14,0.0,0.14,11.3,4.3,0,0,0,0,0,0,0,0,0,0,0,0,0,0.0,0,44,23,0.0,8,13,8,2,5,11,4,13,4,9,30.8,1,2,1,2,0,257,123,66,69,11813,3787,963,7051,VGK,Pacific,Western
2025-2026,20251109,4,FLO,37976,Mackie Samoskevich,ROSTER,22.0,"5'11""",191.0,USA,"Newtown, CT",True,RW,15,2,7,9,2.13,0.47,0.13,0.6,19.9,12.8,0,2,3,5,0,0,0,0,0,0,0,0,0,0.0,1,66,32,6.2,6,19,15,22,21,8,1,0,0,0,0.0,3,6,6,12,0,296,202,78,18,13473,3411,1051,9011,FLA,,
2025-2026,20251109,15,BUF,14555,Mattias Samuelsson,ROSTER,25.0,"6'4""",218.0,USA,"Voorhees, New Jersey",True,D,13,2,4,6,1.38,0.31,0.15,0.46,50.7,8.5,0,0,0,0,0,0,0,1,0,0,0,0,0,0.0,3,36,18,11.1,31,14,5,20,31,7,1,0,0,0,0.0,2,4,2,4,0,337,176,38,125,16150,1069,146,14935,BUF,Atlantic,Eastern
2025-2026,20251109,13,OTT,37996,Jake Sanderson,ROSTER,23.0,"6'3""",195.0,USA,"Whitefish, MT",True,D,15,3,8,11,2.27,0.53,0.2,0.73,37.8,0.0,1,1,4,5,0,0,0,0,0,0,0,0,0,0.0,-2,94,34,8.8,27,37,23,6,43,23,12,0,0,0,0.0,0,0,3,6,0,454,239,63,155,21611,3194,546,17871,OTT,Atlantic,Eastern
2025-2026,20251109,5,WSH,14552,Rasmus Sandin,ROSTER,25.0,"5'11""",183.0,Sweden,Uppsala,True,D,10,1,3,4,0.8,0.3,0.1,0.4,29.7,0.0,0,0,0,0,0,0,0,0,0,0,0,0,0,0.0,3,29,8,12.5,15,13,8,19,12,13,5,0,0,0,0.0,0,0,0,0,0,211,122,51,40,11406,1304,974,9129,WSH,Metropolitan,Eastern
2025-2026,20251109,16,DET,133971,Axel Sandin-Pellikka,ROSTER,20.0,"5'11""",181.0,Sweden,Gallivare,True,D,15,1,3,4,1.2,0.2,0.07,0.27,25.2,17.0,0,0,2,2,0,0,0,0,0,0,0,0,0,0.0,-9,58,18,5.6,18,24,16,4,25,15,2,0,0,0,0.0,4,8,1,2,0,361,262,38,62,16662,2272,142,14248,DET,Atlantic,Eastern
2025-2026,20251109,6,PHI,11718,Travis Sanheim,ROSTER,29.0,"6'3""",181.0,Canada,"Elkhorn, MB",False,D,15,1,4,5,1.27,0.27,0.07,0.33,45.0,17.0,0,0,0,0,0,0,0,0,0,0,0,0,0,0.0,1,50,19,5.3,30,13,18,12,25,27,3,0,0,0,0.0,4,8,2,4,0,469,234,56,180,23475,3075,902,19498,PHI,Metropolitan,Eastern
2025-2026,20251109,21,VAN,79679,Max Sasson,ROSTER,25.0,"6'1""",181.0,USA,"Birmingham, MI",True,C,13,3,0,3,0.77,0.0,0.23,0.23,19.8,0.0,1,0,0,0,0,0,0,0,0,0,0,0,0,0.0,1,18,10,30.0,12,3,5,8,13,5,3,63,24,39,38.1,0,0,0,0,0,190,156,23,14,8092,1036,151,6905,VAN,Pacific,Western
2025-2026,20251109,24,EDM,43365,Matthew Savoie,ROSTER,21.0,"5'9""",175.0,Canada,"St. Albert, AB",True,C,16,1,1,2,1.12,0.06,0.06,0.12,13.7,0.0,0,1,1,2,0,0,0,0,0,0,1,0,0,0.0,-6,35,18,5.6,9,7,10,4,16,10,3,2,1,1,50.0,0,0,4,8,0,287,197,46,40,12612,2563,33,9782,EDM,Pacific,Western
2025-2026,20251109,8,NYI,168063,Matthew Schaefer,ROSTER,18.0,"6'2""",183.0,Canada,"Hamilton, ON",True,D,15,5,6,11,3.0,0.4,0.33,0.73,22.5,10.8,1,3,2,5,0,0,0,1,0,0,0,0,0,0.0,1,97,45,11.1,15,39,13,6,46,21,7,0,0,0,0.0,3,4,11,22,0,396,333,31,36,20038,3387,128,16523,NYI,Metropolitan,Eastern
2025-2026,20251109,2,WPJ,5003,Mark Scheifele,ROSTER,32.0,"6'3""",207.0,Canada,"Kitchener, ON",False,C,14,9,11,20,2.57,0.79,0.64,1.43,6.8,8.5,3,3,2,5,0,1,1,2,0,0,0,0,0,0.0,7,57,36,25.0,4,5,16,3,12,21,2,218,106,112,48.6,2,4,7,14,0,307,153,87,76,16830,4131,932,11767,WPG,,
2025-2026,20251109,17,STL,4712,Brayden Schenn,ROSTER,34.0,"6'1""",200.0,Canada,"Saskatoon, SK",False,C,16,2,4,6,1.12,0.25,0.12,0.38,30.2,39.1,0,0,1,1,0,0,0,0,0,0,1,1,0,0.0,-12,44,18,11.1,8,12,14,36,13,16,2,190,100,90,52.6,5,16,4,14,2,344,180,72,94,16190,4794,389,11007,STL,Central,Western
2025-2026,20251109,2,WPJ,4552,Luke Schenn,ROSTER,36.0,"6'2""",227.0,Canada,"Saskatoon, SK",False,D,11,0,0,0,0.55,0.0,0.0,0.0,32.3,30.6,0,0,0,0,0,0,0,0,0,0,0,0,0,0.0,-3,22,6,0.0,14,9,7,26,18,11,2,0,0,0,0.0,3,12,2,10,2,201,109,27,65,8712,1955,428,6329,WPG,,
2025-2026,20251109,30,UTA,10071,Nick Schmaltz,ROSTER,29.0,"6'0""",177.0,USA,"Madison, WI",False,C,15,8,10,18,3.07,0.67,0.53,1.2,11.3,8.5,2,3,3,6,0,0,0,2,0,0,0,0,0,0.0,1,76,46,17.4,8,18,12,2,12,21,4,74,25,49,33.8,2,4,3,6,0,348,171,56,129,17809,2929,573,14307,UTA,Central,Western
2025-2026,20251109,30,UTA,5269,Nate Schmidt,ROSTER,34.0,"6'0""",194.0,USA,"St. Cloud, MN",False,D,15,0,3,3,1.47,0.2,0.0,0.2,27.7,4.3,0,0,0,0,0,0,0,0,0,0,0,0,0,0.0,8,50,22,0.0,13,16,12,20,15,13,4,0,0,0,0.0,1,2,2,4,0,421,203,61,157,18854,3208,436,15210,UTA,Central,Western
2025-2026,20251109,9,NYR,29932,Braden Schneider,ROSTER,24.0,"6'2""",202.0,Canada,"Prince Albert, SK",True,D,16,1,3,4,1.12,0.19,0.06,0.25,49.4,8.5,0,0,0,0,0,0,0,0,0,0,0,0,0,0.0,-6,47,18,5.6,23,19,10,36,22,15,5,0,0,0,0.0,2,4,3,6,0,370,240,44,72,17415,1946,407,14302,NYR,Metropolitan,Eastern
2025-2026,20251109,143,SEA,5088,Jaden Schwartz,ROSTER,33.0,"5'10""",190.0,Canada,"Wilcox, SK",False,LW,14,4,6,10,1.86,0.43,0.29,0.71,29.0,12.8,1,1,1,2,0,0,0,1,0,0,0,0,0,0.0,3,55,26,15.4,14,18,11,20,13,20,9,11,7,4,63.6,3,6,0,0,0,308,146,79,79,14630,3694,621,9916,SEA,Pacific,Western
2025-2026,20251109,4,FLO,28450,Cole Schwindt,ROSTER,24.0,"6'2""",182.0,Canada,"Kitchener, ON",True,RW,6,1,0,1,0.83,0.0,0.17,0.17,7.9,0.0,0,0,0,0,0,0,0,0,0,0,0,0,0,0.0,1,12,5,20.0,4,3,4,5,5,2,1,41,17,24,41.5,0,0,0,0,0,79,58,11,11,3477,971,167,2339,FLA,,
2025-2026,20251109,13,OTT,29978,Donovan Sebrango,ROSTER,23.0,"6'1""",189.0,Canada,"Kingston, ON",True,D,2,0,0,0,0.5,0.0,0.0,0.0,0.6,13.2,0,0,0,0,0,0,0,0,0,0,0,0,0,0.0,-1,5,1,0.0,0,3,1,1,8,1,0,0,0,0,0.0,1,5,1,5,1,46,32,3,11,1827,4,0,1823,OTT,Atlantic,Eastern
2025-2026,20251109,13,OTT,29978,Donovan Sebrango,ROSTER,23.0,"6'1""",189.0,Canada,"Kingston, ON",True,D,2,0,0,0,0.5,0.0,0.0,0.0,0.6,13.2,0,0,0,0,0,0,0,0,0,0,0,0,0,0.0,-1,5,1,0.0,0,3,1,1,8,1,0,0,0,0,0.0,1,5,1,5,1,46,32,3,11,1827,4,0,1823,OTT,Atlantic,Eastern
2025-2026,20251109,4,FLO,29978,Donovan Sebrango,ROSTER,23.0,"6'1""",189.0,Canada,"Kingston, ON",True,D,4,0,0,0,1.25,0.0,0.0,0.0,7.9,0.0,0,0,0,0,0,0,0,0,0,0,0,0,0,0.0,3,11,5,0.0,4,3,3,5,7,4,1,0,0,0,0.0,0,0,0,0,0,75,62,8,5,3483,294,193,2996,FLA,,
2025-2026,20251109,4,FLO,29978,Donovan Sebrango,ROSTER,23.0,"6'1""",189.0,Canada,"Kingston, ON",True,D,4,0,0,0,1.25,0.0,0.0,0.0,7.9,0.0,0,0,0,0,0,0,0,0,0,0,0,0,0,0.0,3,11,5,0.0,4,3,3,5,7,4,1,0,0,0,0.0,0,0,0,0,0,75,62,8,5,3483,294,193,2996,FLA,,
2025-2026,20251109,6,PHI,12486,Nick Seeler,ROSTER,32.0,"6'2""",201.0,USA,"Eden Prairie, MN",False,D,15,0,2,2,1.33,0.13,0.0,0.13,51.9,12.8,0,0,0,0,0,0,0,0,0,0,0,0,0,0.0,-5,48,20,0.0,28,17,11,29,18,11,3,0,0,0,0.0,3,6,3,6,0,413,223,54,137,18089,2816,453,14784,PHI,Metropolitan,Eastern
2025-2026,20251109,27,DAL,4875,Tyler Seguin,ROSTER,33.0,"6'1""",200.0,Canada,"Brampton, ON",False,C,15,4,2,6,1.33,0.13,0.27,0.4,11.9,4.3,1,1,0,1,0,0,0,1,0,0,1,1,0,0.0,-2,43,20,20.0,5,7,16,10,7,13,3,155,90,65,58.1,1,2,2,4,0,331,158,91,82,15922,4741,922,10089,DAL,Central,Western
2025-2026,20251109,16,DET,18042,Moritz Seider,ROSTER,24.0,"6'3""",208.0,Germany,Zell Mosel,True,D,15,1,5,6,2.33,0.33,0.07,0.4,44.6,21.3,0,0,5,5,0,0,0,0,0,0,0,0,0,0.0,1,82,35,2.9,21,28,19,32,17,21,7,0,0,0,0.0,5,10,2,4,0,433,253,66,115,22863,3881,906,18076,DET,Atlantic,Eastern
2025-2026,20251109,29,ANA,142129,Beckett Sennecke,ROSTER,19.0,"6'2""",177.0,Canada,"Toronto, ON",True,RW,14,4,5,9,1.64,0.36,0.29,0.64,13.6,12.8,1,1,1,2,0,0,0,0,0,0,0,0,0,0.0,-1,52,23,17.4,5,16,13,13,21,17,6,0,0,0,0.0,3,6,7,14,0,307,270,38,4,14001,2759,309,10879,ANA,Pacific,Western
2025-2026,20251109,30,UTA,9635,Mikhail Sergachev,ROSTER,27.0,"6'2""",217.0,Russia,Nizhnekamsk,False,D,15,3,8,11,1.8,0.53,0.2,0.73,37.2,21.3,1,1,4,5,0,0,0,0,0,0,0,0,0,0.0,-2,65,27,11.1,27,25,13,5,13,26,4,0,0,0,0.0,5,10,2,4,0,427,205,94,131,22294,3129,1309,17856,UTA,Central,Western
2025-2026,20251109,19,CBJ,5453,Damon Severson,ROSTER,31.0,"6'2""",205.0,Canada,"Brandon, MB",False,D,14,1,2,3,1.21,0.14,0.07,0.21,26.8,12.8,0,0,1,1,0,0,0,0,0,0,0,0,0,0.0,4,51,17,5.9,14,23,11,16,7,15,4,0,0,0,0.0,3,6,1,2,0,327,145,81,101,17129,2346,1433,13266,CBJ,Metropolitan,Eastern
2025-2026,20251109,8,NYI,183905,Maxim Shabanov,ROSTER,25.0,"5'9""",167.0,Russia,Chelyabinsk,True,RW,6,1,2,3,1.33,0.33,0.17,0.5,2.8,0.0,0,0,1,1,0,0,0,0,0,0,0,0,0,0.0,-3,15,8,12.5,0,3,4,5,6,5,1,0,0,0,0.0,0,0,1,2,0,96,87,4,7,4218,581,0,3637,NYI,Metropolitan,Eastern
2025-2026,20251109,23,CGY,18107,Yegor Sharangovich,ROSTER,27.0,"6'2""",195.0,Belarus,Minsk,False,C,14,2,2,4,1.36,0.14,0.14,0.29,8.6,0.0,0,1,0,1,0,0,0,0,0,0,1,1,0,0.0,-7,45,19,10.5,5,16,10,4,11,5,1,22,4,18,18.2,0,0,2,4,0,250,147,64,42,12069,2740,1118,8129,CGY,Pacific,Western
2025-2026,20251109,10,PIT,5716,Ryan Shea,ROSTER,28.0,"6'1""",176.0,USA,"Milton, MA",False,D,16,2,6,8,1.12,0.38,0.12,0.5,27.8,20.6,0,0,0,0,0,0,0,0,0,0,0,0,0,0.0,5,38,18,11.1,20,11,9,4,21,19,5,0,0,0,0.0,3,14,1,2,0,377,213,83,73,19612,2538,1732,14770,PIT,Metropolitan,Eastern
2025-2026,20251109,9,NYR,5892,Conor Sheary,ROSTER,33.0,"5'8""",179.0,USA,"Winchester, MA",False,LW,16,0,5,5,1.56,0.31,0.0,0.31,13.7,8.5,0,0,1,1,0,0,0,0,0,0,0,0,0,0.0,0,49,25,0.0,9,11,14,4,9,13,4,8,5,3,62.5,2,4,7,14,0,339,163,85,84,15065,3066,1190,10314,NYR,Metropolitan,Eastern
2025-2026,20251109,21,VAN,15089,Kiefer Sherwood,ROSTER,30.0,"6'0""",194.0,USA,"Columbus, OH",False,LW,16,9,1,10,1.94,0.06,0.56,0.62,50.4,25.6,3,2,0,2,1,0,1,1,0,1,1,1,0,0.0,-6,61,31,29.0,9,8,22,70,21,19,7,13,4,9,30.8,6,12,7,14,0,364,191,80,103,16976,2505,1261,13210,VAN,Pacific,Western
2025-2026,20251109,7,NJD,15109,Jonas Siegenthaler,ROSTER,28.0,"6'3""",210.0,Switzerland,Zurich,False,D,15,0,2,2,0.47,0.13,0.0,0.13,47.2,17.0,0,0,0,0,0,1,1,0,0,0,0,0,0,0.0,-2,23,7,0.0,30,11,5,16,28,17,4,0,0,0,0.0,4,8,0,0,0,367,193,53,121,17670,1783,981,14906,NJD,Metropolitan,Eastern
2025-2026,20251109,19,CBJ,34233,Cole Sillinger,ROSTER,22.0,"6'0""",197.0,USA,"Columbus, OH, United States",True,C,14,2,4,6,1.71,0.29,0.14,0.43,9.8,21.3,0,0,0,0,0,0,0,1,0,0,0,0,0,0.0,1,47,24,8.3,2,11,12,13,21,13,6,20,8,12,40.0,5,10,0,0,0,271,185,42,44,13208,2326,323,10458,CBJ,Metropolitan,Eastern
2025-2026,20251109,30,UTA,142305,Dmitri Simashev,ROSTER,,,,,,False,D,15,0,1,1,1.13,0.07,0.0,0.07,25.8,24.8,0,0,0,0,0,0,0,0,0,0,0,0,0,0.0,-5,28,17,0.0,18,5,6,5,26,17,1,0,0,0,0.0,4,16,1,2,0,332,311,11,10,14537,1582,197,12758,UTA,Central,Western
2025-2026,20251109,142,VGK,5330,Colton Sissons,ROSTER,32.0,"6'1""",200.0,Canada,"North Vancouver, BC",False,C,12,0,1,1,0.75,0.08,0.0,0.08,16.7,34.5,0,0,0,0,0,0,0,0,0,0,0,0,0,0.0,-5,19,9,0.0,7,5,5,14,13,5,1,127,68,59,53.5,6,15,4,11,1,197,92,41,64,7600,2094,228,5278,VGK,Pacific,Western
2025-2026,20251109,26,SJS,4876,Jeff Skinner,ROSTER,33.0,"5'11""",195.0,Canada,"Toronto, ON",False,LW,15,4,3,7,1.87,0.2,0.27,0.47,8.4,12.8,1,0,1,1,0,0,0,0,0,0,0,0,0,0.0,-4,55,28,14.3,4,16,11,6,13,15,2,8,2,6,25.0,3,6,7,14,0,251,143,76,36,11731,2647,1038,8046,SJS,Pacific,Western
2025-2026,20251109,18,NSH,5891,Brady Skjei,ROSTER,31.0,"6'3""",210.0,USA,"Lakeville, MN",False,D,17,0,4,4,1.41,0.24,0.0,0.24,23.8,17.0,0,0,1,1,0,0,0,0,0,0,0,0,0,0.0,-10,72,24,0.0,13,31,17,13,18,24,7,0,0,0,0.0,4,8,4,8,0,471,237,119,115,23650,3624,2616,17410,NSH,Central,Western
2025-2026,20251109,14,MTL,43333,Juraj Slafkovsky,ROSTER,21.0,"6'3""",238.0,Slovakia,Kosice,True,LW,15,6,3,9,2.27,0.2,0.4,0.6,32.9,25.6,2,4,2,6,0,0,0,0,0,0,0,0,0,0.0,5,66,34,17.6,14,15,17,27,15,10,1,12,2,10,16.7,6,12,4,8,0,313,254,52,13,16344,3589,580,12175,MTL,Atlantic,Eastern
2025-2026,20251109,20,CHI,56363,Landon Slaggert,ASSIGNED_TO_MINORS,23.0,"6'0""",180.0,USA,"South Bend, IN",False,LW,5,0,0,0,0.6,0.0,0.0,0.0,8.3,4.3,0,0,0,0,0,0,0,0,0,0,0,0,0,0.0,-2,9,3,0.0,3,2,4,8,5,3,1,0,0,0,0.0,1,2,1,2,0,72,41,6,24,2988,326,21,2628,CHI,Central,Western
2025-2026,20251109,3,CAR,5866,Jaccob Slavin,ROSTER,31.0,"6'3""",207.0,USA,"Erie, CO",False,D,2,0,0,0,1.0,0.0,0.0,0.0,3.8,0.0,0,0,0,0,0,0,0,0,0,0,0,0,0,0.0,-1,10,2,0.0,3,5,3,0,3,3,2,0,0,0,0.0,0,0,0,0,0,49,26,14,9,2224,496,233,1495,CAR,Metropolitan,Eastern
2025-2026,20251109,18,NSH,28393,Cole Smith,ROSTER,30.0,"6'3""",195.0,USA,"Brainerd, MN",True,RW,13,3,0,3,1.38,0.0,0.23,0.23,23.3,17.0,1,0,0,0,0,0,0,1,0,0,0,0,0,0.0,-2,34,18,16.7,3,5,11,35,19,6,3,4,0,4,0.0,4,8,0,0,0,248,125,39,87,10481,1076,196,9209,NSH,Central,Western
2025-2026,20251109,142,VGK,5092,Reilly Smith,ROSTER,34.0,"6'1""",183.0,Canada,"Toronto, ON",False,RW,14,1,1,2,1.21,0.07,0.07,0.14,6.8,0.0,0,0,0,0,0,0,0,1,0,1,0,0,0,0.0,-4,30,17,5.9,1,5,8,10,7,9,1,0,0,0,0.0,0,0,3,8,0,256,118,77,62,11436,3462,796,7178,VGK,Pacific,Western
2025-2026,20251109,26,SJS,134098,Will Smith,ROSTER,20.0,"6'0""",181.0,USA,"Boston, MA",True,C,16,6,10,16,2.12,0.62,0.38,1.0,11.0,17.0,2,0,3,3,0,0,0,2,0,1,1,1,0,0.0,10,74,34,17.6,6,24,16,6,12,16,1,15,2,13,13.3,4,8,2,4,0,325,216,18,98,17483,2256,0,15261,SJS,Pacific,Western
2025-2026,20251109,17,STL,56646,Jimmy Snuggerud,ROSTER,21.0,"6'1""",188.0,USA,"Chaska, MN",False,RW,16,4,4,8,1.94,0.25,0.25,0.5,21.3,12.8,1,2,2,4,0,0,0,2,0,0,1,0,0,0.0,-4,69,31,12.9,11,17,21,13,14,8,8,2,2,0,100.0,3,6,1,2,0,314,262,42,14,14802,2661,340,11801,STL,Central,Western
2025-2026,20251109,16,DET,30182,Elmer Soderblom,ROSTER,24.0,"6'8""",246.0,Sweden,Gteborg,True,LW,10,1,0,1,1.0,0.0,0.1,0.1,13.7,4.3,0,0,0,0,0,0,0,0,0,0,0,0,0,0.0,-4,25,10,10.0,2,6,9,20,10,6,2,1,1,0,100.0,1,2,2,4,0,146,103,32,12,6212,797,528,4887,DET,Atlantic,Eastern
2025-2026,20251109,22,COL,30036,Ilya Solovyov,ROSTER,25.0,"6'3""",208.0,Belarus,Mogilev,True,D,9,0,0,0,1.0,0.0,0.0,0.0,25.3,8.5,0,0,0,0,0,0,0,0,0,0,0,0,0,0.0,-4,28,9,0.0,15,11,8,11,21,3,2,0,0,0,0.0,2,4,1,2,0,143,96,18,29,6240,555,572,5113,COL,Central,Western
2025-2026,20251109,9,NYR,14381,Carson Soucy,ROSTER,31.0,"6'5""",210.0,Canada,"Viking, AB",True,D,12,1,1,2,0.75,0.08,0.08,0.17,24.9,4.3,0,0,0,0,0,0,0,0,0,0,0,0,0,0.0,3,17,9,11.1,13,7,1,15,17,12,3,0,0,0,0.0,1,2,0,0,0,258,126,42,78,11805,1647,734,8613,NYR,Metropolitan,Eastern
2025-2026,20251109,5,WSH,34057,Justin Sourdif,ROSTER,23.0,"5'11""",173.0,Canada,"Surrey, BC",True,RW,15,1,0,1,0.8,0.0,0.07,0.07,17.3,8.5,0,0,0,0,0,0,0,0,0,0,0,0,0,0.0,-1,34,12,8.3,4,14,8,22,25,9,3,32,16,16,50.0,2,4,4,10,0,227,156,48,21,10252,2166,1011,6976,WSH,Metropolitan,Eastern
2025-2026,20251109,13,OTT,28485,Jordan Spence,ROSTER,24.0,"5'10""",175.0,Australia,"Manly, Australia",True,D,6,0,5,5,1.67,0.83,0.0,0.83,8.8,0.0,0,0,0,0,0,0,0,0,0,0,0,0,0,0.0,3,22,10,0.0,3,10,2,9,17,8,1,0,0,0,0.0,0,0,0,0,0,137,75,18,44,6379,904,213,5262,OTT,Atlantic,Eastern
2025-2026,20251109,25,MIN,4918,Jared Spurgeon,ROSTER,35.0,"5'9""",167.0,Canada,"Edmonton, AB",False,D,16,1,3,4,1.19,0.19,0.06,0.25,51.3,0.0,0,1,2,3,0,0,0,0,0,0,0,0,0,0.0,-10,54,19,5.3,28,23,12,28,23,15,4,0,0,0,0.0,0,0,0,0,0,391,219,76,98,20569,5002,1252,14283,MIN,Central,Western
2025-2026,20251109,3,CAR,4029,Jordan Staal,ROSTER,37.0,"6'4""",220.0,Canada,"Thunder Bay, ON",False,C,14,3,2,5,1.0,0.14,0.21,0.36,23.0,38.0,1,0,0,0,0,0,0,0,0,0,0,0,0,0.0,5,29,14,21.4,8,6,9,23,16,10,4,272,162,110,59.6,5,21,4,11,1,317,139,89,92,12792,3316,742,8734,CAR,Metropolitan,Eastern
2025-2026,20251109,18,NSH,4457,Steven Stamkos,ROSTER,35.0,"6'1""",194.0,Canada,"Markham, ON",False,C,17,3,1,4,2.06,0.06,0.18,0.24,17.6,29.8,1,2,0,2,0,0,0,0,0,0,1,0,0,0.0,-7,78,35,8.6,9,26,17,11,12,19,5,95,50,45,52.6,7,14,4,8,0,330,171,91,71,17867,6488,1225,10154,NSH,Central,Western
2025-2026,20251109,3,CAR,34846,Logan Stankoven,ROSTER,22.0,"5'8""",170.0,Canada,"Kamloops, BC",True,C,14,4,3,7,2.07,0.21,0.29,0.5,9.7,14.7,1,0,0,0,0,0,0,0,0,0,0,0,0,0.0,4,51,29,13.8,5,13,9,6,20,8,7,189,81,108,42.9,3,8,4,8,0,260,141,40,83,12951,1444,247,11260,CAR,Metropolitan,Eastern
2025-2026,20251109,2,WPJ,9644,Logan Stanley,ROSTER,27.0,"6'6""",216.0,Canada,"Kitchener, ON",False,D,14,2,4,6,1.0,0.29,0.14,0.43,41.4,51.9,0,0,0,0,0,0,0,1,0,0,0,0,0,0.0,5,42,14,14.3,22,14,14,24,27,14,6,0,0,0,0.0,8,22,3,12,2,295,190,52,55,14618,2136,982,11500,WPG,,
2025-2026,20251109,18,NSH,38802,Spencer Stastney,ROSTER,25.0,"5'10""",180.0,USA,"Woodbridge, IL",True,D,17,1,6,7,0.76,0.35,0.06,0.41,19.5,8.5,0,0,0,0,0,1,1,0,0,0,0,0,0,0.0,-2,38,13,7.7,14,15,10,3,23,12,6,0,0,0,0.0,2,4,5,10,0,364,211,42,113,15908,1022,324,14563,NSH,Central,Western
2025-2026,20251109,24,EDM,10108,Troy Stecher,ROSTER,31.0,"5'10""",186.0,Canada,"Richmond, BC",False,D,6,0,0,0,0.5,0.0,0.0,0.0,4.9,17.0,0,0,0,0,0,0,0,0,0,0,0,0,0,0.0,0,9,3,0.0,3,5,1,2,16,8,2,0,0,0,0.0,4,8,0,0,0,108,70,28,10,4904,1152,357,3395,EDM,Pacific,Western
2025-2026,20251109,27,DAL,9656,Sam Steel,ROSTER,27.0,"5'11""",189.0,Canada,"Edmonton, AB",False,C,15,2,5,7,0.87,0.33,0.13,0.47,22.4,12.8,0,1,2,3,0,0,0,1,0,0,0,0,0,0.0,-3,30,13,15.4,8,5,12,22,18,6,6,64,37,27,57.8,3,6,6,12,0,352,167,84,99,16386,3214,1199,11769,DAL,Central,Western
2025-2026,20251109,11,BOS,30004,Alex Steeves,ROSTER,25.0,"5'11""",185.0,USA,"Bedford, NH",True,C,1,0,0,0,1.0,0.0,0.0,0.0,2.8,0.0,0,0,0,0,0,0,0,0,0,0,0,0,0,0.0,1,2,1,0.0,0,0,1,5,1,0,0,0,0,0,0.0,0,0,0,0,0,18,16,2,0,802,378,0,424,BOS,Atlantic,Eastern
2025-2026,20251109,30,UTA,15136,Kevin Stenlund,ROSTER,29.0,"6'4""",210.0,Sweden,Stockholm,False,C,15,1,2,3,0.87,0.13,0.07,0.2,24.1,8.5,0,0,0,0,0,0,0,0,0,0,0,0,0,0.0,-2,34,13,7.7,15,10,11,9,15,11,6,255,130,125,51.0,2,4,0,0,0,321,149,75,98,13753,1541,851,11361,UTA,Central,Western
2025-2026,20251109,143,SEA,5838,Chandler Stephenson,ROSTER,31.0,"6'0""",208.0,Canada,"Saskatoon, SK",False,C,14,4,4,8,1.57,0.29,0.29,0.57,18.3,0.0,1,2,1,3,0,0,0,0,0,0,0,0,0,0.0,-6,33,22,18.2,13,7,4,3,11,17,6,300,145,155,48.3,0,0,4,8,0,369,160,133,71,17459,4077,2205,10684,SEA,Pacific,Western
2025-2026,20251109,142,VGK,5105,Mark Stone,ROSTER,33.0,"6'3""",202.0,Canada,"Winnipeg, MB",False,RW,6,2,11,13,3.17,1.83,0.33,2.17,8.0,0.0,0,1,7,8,0,1,1,0,0,0,0,0,0,0.0,2,30,19,10.5,5,5,6,3,3,6,1,1,0,1,0.0,0,0,3,6,0,125,62,36,29,6627,1789,535,4303,VGK,Pacific,Western
2025-2026,20251109,5,WSH,5598,Dylan Strome,ROSTER,28.0,"6'3""",200.0,Canada,"Mississauga, ON",False,C,13,4,10,14,2.31,0.77,0.31,1.08,8.6,12.8,1,0,4,4,0,0,0,0,0,0,1,0,0,0.0,10,48,30,13.3,5,9,9,4,3,13,4,222,134,88,60.4,3,6,1,2,0,262,125,84,54,13749,3451,1982,8124,WSH,Metropolitan,Eastern
2025-2026,20251109,14,MTL,38014,Jayden Struble,ROSTER,24.0,"6'0""",205.0,USA,"Cumberland, RI",True,D,11,0,3,3,0.55,0.27,0.0,0.27,22.4,26.0,0,0,0,0,0,0,0,0,0,0,0,0,0,0.0,1,25,6,0.0,8,9,10,22,11,14,1,0,0,0,0.0,4,11,1,5,1,203,126,20,57,10189,1145,455,8589,MTL,Atlantic,Eastern
2025-2026,20251109,13,OTT,19051,Tim Stützle,ROSTER,23.0,"6'0""",190.0,Germany,Viersen,True,C,15,8,8,16,2.87,0.53,0.53,1.07,24.6,15.1,2,2,1,3,0,0,0,1,0,1,2,0,2,100.0,3,74,43,18.6,11,23,8,19,25,18,4,134,82,52,61.2,4,6,7,14,0,383,262,83,48,17861,4656,1312,12215,OTT,Atlantic,Eastern
2025-2026,20251109,17,STL,5819,Oskar Sundqvist,ROSTER,31.0,"6'3""",209.0,Sweden,Boden,False,C,8,0,5,5,0.75,0.62,0.0,0.62,11.2,12.8,0,0,1,1,0,0,0,0,0,0,0,0,0,0.0,-2,13,6,0.0,4,2,5,11,5,3,3,66,28,38,42.4,3,6,0,0,0,140,77,37,26,6361,1350,796,4215,STL,Central,Western
2025-2026,20251109,17,STL,28325,Pius Suter,ROSTER,29.0,"5'11""",176.0,Switzerland,Wallisellen,True,C,16,5,4,9,1.62,0.25,0.31,0.56,13.8,12.8,1,1,0,1,0,1,1,1,0,0,0,0,0,0.0,0,55,26,19.2,6,13,16,11,2,8,6,174,83,91,47.7,3,6,2,4,0,351,187,85,84,16220,2891,954,12375,STL,Central,Western
2025-2026,20251109,14,MTL,13628,Nick Suzuki,ROSTER,26.0,"5'11""",208.0,Canada,"London, ON",False,C,15,4,16,20,2.2,1.07,0.27,1.33,18.5,4.3,1,3,6,9,0,0,0,0,0,0,1,1,0,0.0,11,69,33,12.1,11,11,25,8,23,9,2,266,139,127,52.3,1,2,2,4,0,337,157,36,148,18135,2445,526,15164,MTL,Atlantic,Eastern
2025-2026,20251109,18,NSH,37974,Fedor Svechkov,ROSTER,22.0,"6'0""",187.0,Russia,Togliatti,True,C,15,0,1,1,1.4,0.07,0.0,0.07,13.4,4.3,0,0,0,0,0,0,0,0,0,0,0,0,0,0.0,-6,39,21,0.0,7,12,6,8,16,10,3,92,40,52,43.5,1,2,3,6,0,232,171,29,32,11068,1536,325,9207,NSH,Central,Western
2025-2026,20251109,3,CAR,14525,Andrei Svechnikov,ROSTER,25.0,"6'2""",195.0,Russia,Barnaul,False,RW,14,4,2,6,2.36,0.14,0.29,0.43,8.7,12.8,1,2,0,2,0,0,0,0,0,0,1,1,0,0.0,2,68,33,12.1,2,20,15,11,22,15,4,2,2,0,100.0,3,6,0,0,0,269,161,66,46,12881,2727,1221,8933,CAR,Metropolitan,Eastern
2025-2026,20251109,30,UTA,9068,Brandon Tanev,ROSTER,33.0,"6'0""",180.0,Canada,"Toronto, ON",False,LW,15,0,1,1,0.87,0.07,0.0,0.07,40.8,12.8,0,0,0,0,0,0,0,0,0,0,0,0,0,0.0,-7,21,13,0.0,8,4,4,55,22,14,2,5,1,4,20.0,3,6,4,8,0,234,135,60,39,9444,1309,1073,7062,UTA,Central,Western
2025-2026,20251109,12,TOR,4939,Christopher Tanev,ROSTER,35.0,"6'2""",197.0,Canada,"Toronto, ON",False,D,8,0,2,2,0.75,0.25,0.0,0.25,11.3,0.0,0,0,0,0,0,0,0,0,0,0,0,0,0,0.0,5,16,6,0.0,8,8,2,2,20,3,4,0,0,0,0.0,0,0,2,4,0,211,116,36,59,8322,1526,146,6650,TOR,Atlantic,Eastern
2025-2026,20251109,25,MIN,5135,Vladimir Tarasenko,ROSTER,33.0,"6'0""",225.0,Russia,Yaroslavl,False,RW,16,2,8,10,1.88,0.5,0.12,0.62,16.2,0.0,0,1,6,7,0,0,0,0,0,0,1,1,0,0.0,-6,61,30,6.7,7,17,14,13,22,9,5,0,0,0,0.0,0,0,3,6,0,264,122,101,43,14906,4563,1204,9139,MIN,Central,Western
2025-2026,20251109,12,TOR,4680,John Tavares,ROSTER,35.0,"6'1""",215.0,Canada,"Mississauga, ON",False,C,15,8,11,19,2.8,0.73,0.53,1.27,12.9,4.3,2,2,1,3,0,0,0,1,0,1,0,0,0,0.0,2,80,42,19.0,4,18,20,14,13,11,5,239,133,106,55.6,1,2,3,6,0,304,156,87,70,15619,5402,1054,9124,TOR,Atlantic,Eastern
2025-2026,20251109,20,CHI,5355,Teuvo Teravainen,ROSTER,31.0,"5'11""",191.0,Finland,Helsinki,False,C,15,2,7,9,1.07,0.47,0.13,0.6,14.7,4.3,0,0,3,3,0,0,0,0,0,0,1,0,0,0.0,6,37,16,12.5,8,11,10,8,8,21,5,20,6,14,30.0,1,2,3,6,0,366,170,75,120,16828,4523,941,11141,CHI,Central,Western
2025-2026,20251109,29,ANA,5738,Troy Terry,ROSTER,28.0,"6'0""",186.0,USA,"Denver, CO",False,RW,14,5,13,18,2.36,0.93,0.36,1.29,2.6,4.3,1,0,4,4,1,2,3,1,0,0,1,0,1,100.0,13,68,33,15.2,2,12,23,0,12,7,2,2,1,1,50.0,1,2,4,8,0,325,144,78,110,15432,3031,1020,11425,ANA,Pacific,Western
2025-2026,20251109,17,STL,15997,Alexandre Texier,ROSTER,26.0,"6'1""",192.0,France,Grenoble,False,LW,8,0,1,1,0.88,0.12,0.0,0.12,6.3,4.3,0,0,0,0,0,0,0,0,0,0,0,0,0,0.0,0,13,7,0.0,1,2,4,9,5,2,1,1,1,0,100.0,1,2,1,2,0,106,64,28,14,4923,1102,387,3434,STL,Central,Western
2025-2026,20251109,142,VGK,5900,Shea Theodore,ROSTER,30.0,"6'2""",195.0,Canada,"Langley, BC",False,D,14,0,5,5,1.86,0.36,0.0,0.36,34.5,4.3,0,0,2,2,0,0,0,0,0,0,0,0,0,0.0,1,63,26,0.0,27,26,11,0,16,18,5,0,0,0,0.0,1,2,3,6,0,399,185,133,81,20405,4775,2431,13141,VGK,Pacific,Western
2025-2026,20251109,17,STL,14609,Robert Thomas,ROSTER,26.0,"6'0""",188.0,Canada,"Aurora, ON",False,C,12,2,7,9,1.33,0.58,0.17,0.75,10.6,8.5,0,1,3,4,0,0,0,0,0,0,0,0,0,0.0,-1,30,16,12.5,7,11,3,3,11,21,6,193,99,94,51.3,2,4,3,6,0,267,135,63,71,13054,2100,1091,9863,STL,Central,Western
2025-2026,20251109,15,BUF,9652,Tage Thompson,ROSTER,28.0,"6'6""",215.0,USA,"Oyster Bay, NY",False,C,15,6,6,12,4.07,0.4,0.4,0.8,25.5,21.3,2,1,3,4,0,0,0,0,0,0,1,1,0,0.0,-6,129,61,9.8,10,36,32,23,12,16,9,100,48,52,48.0,5,10,2,4,0,361,174,41,152,17218,3022,111,14085,BUF,Atlantic,Eastern
2025-2026,20251109,15,BUF,15181,Conor Timmins,ROSTER,27.0,"6'2""",185.0,Canada,"Thorold, ON",False,D,15,0,4,4,1.0,0.27,0.0,0.27,46.6,21.3,0,0,0,0,0,0,0,0,0,0,0,0,0,0.0,-3,40,15,0.0,33,17,8,8,24,16,3,0,0,0,0.0,5,10,2,4,0,389,195,33,161,17856,1282,196,16378,BUF,Atlantic,Eastern
2025-2026,20251109,6,PHI,13625,Owen Tippett,ROSTER,26.0,"6'0""",183.0,Canada,"Peterborough, ON",False,RW,15,5,1,6,2.8,0.07,0.33,0.4,21.0,33.4,1,1,0,1,0,0,0,0,0,0,0,0,0,0.0,-4,78,42,11.9,6,14,22,24,13,23,3,1,0,1,0.0,6,20,5,10,0,336,185,81,75,15369,2748,782,11839,PHI,Metropolitan,Eastern
2025-2026,20251109,13,OTT,14527,Brady Tkachuk,ROSTER,26.0,"6'4""",212.0,USA,"St. Louis, MO",False,LW,3,0,3,3,3.33,1.0,0.0,1.0,5.6,8.5,0,0,1,1,0,0,0,0,0,0,0,0,0,0.0,1,21,10,0.0,0,6,5,10,1,4,1,11,8,3,72.7,2,4,3,6,0,69,37,4,28,2991,393,102,2496,OTT,Atlantic,Eastern
2025-2026,20251109,22,COL,13917,Devon Toews,ROSTER,31.0,"6'1""",191.0,Canada,"Abbotsford, BC",False,D,15,0,6,6,1.27,0.4,0.0,0.4,20.8,8.5,0,0,0,0,0,0,0,0,0,0,0,0,0,0.0,10,48,19,0.0,15,18,11,3,6,17,5,0,0,0,0.0,2,4,1,2,0,419,195,130,94,20737,2922,2769,15046,COL,Central,Western
2025-2026,20251109,2,WPJ,4262,Jonathan Toews,ROSTER,37.0,"6'2""",201.0,Canada,"Winnipeg, MB",False,C,14,2,5,7,1.36,0.36,0.14,0.5,14.6,21.3,0,1,2,3,0,0,0,0,0,0,0,0,0,0.0,-7,35,19,10.5,11,6,10,1,8,7,4,208,132,76,63.5,5,10,3,6,0,298,141,81,78,13686,4065,737,8884,WPG,,
2025-2026,20251109,26,SJS,5191,Tyler Toffoli,ROSTER,33.0,"6'0""",197.0,Canada,"Scarborough, ON",False,C,16,5,5,10,2.19,0.31,0.31,0.62,19.4,4.3,1,2,0,2,0,0,0,0,0,0,1,0,0,0.0,5,79,35,14.3,10,25,19,12,6,12,4,4,1,3,25.0,1,2,0,0,0,340,164,111,70,16317,4307,1098,10912,SJS,Pacific,Western
2025-2026,20251109,143,SEA,13645,Eeli Tolvanen,ROSTER,26.0,"5'10""",191.0,Finland,Vihti,False,RW,14,1,6,7,1.07,0.43,0.07,0.5,36.0,4.3,0,1,2,3,0,0,0,0,0,0,0,0,0,0.0,-1,43,15,6.7,13,19,9,35,13,9,4,0,0,0,0.0,1,2,2,4,0,281,158,96,20,12804,2683,1826,7898,SEA,Pacific,Western
2025-2026,20251109,24,EDM,183906,David Tomasek,ROSTER,29.0,"6'2""",210.0,Czech Republic,Praha,True,RW,13,1,2,3,1.54,0.15,0.08,0.23,7.6,12.8,0,0,2,2,0,0,0,0,0,0,1,0,0,0.0,-6,34,20,5.0,2,4,10,9,7,7,2,37,18,19,48.6,3,6,2,4,0,184,151,30,5,9165,2381,44,6775,EDM,Pacific,Western
2025-2026,20251109,10,PIT,24517,Philip Tomasino,ROSTER,24.0,"6'0""",180.0,Canada,"Mississauga, ON",False,RW,7,0,1,1,1.29,0.14,0.0,0.14,13.9,0.0,0,0,0,0,0,0,0,0,0,0,0,0,0,0.0,-2,16,9,0.0,7,3,4,9,12,2,0,4,2,2,50.0,0,0,0,0,0,105,68,21,10,5237,729,319,3781,PIT,Metropolitan,Eastern
2025-2026,20251109,17,STL,18182,Alexei Toropchenko,ROSTER,26.0,"6'3""",187.0,Russia,Moscow,False,RW,9,1,0,1,0.89,0.0,0.11,0.11,20.6,0.0,0,0,0,0,1,0,1,0,0,0,0,0,0,0.0,-5,11,8,12.5,7,1,2,21,2,7,1,0,0,0,0.0,0,0,1,2,0,154,94,32,29,6115,928,383,4804,STL,Central,Western
2025-2026,20251109,25,MIN,17203,Yakov Trenin,ROSTER,28.0,"6'2""",201.0,Russia,Chelyabinsk,True,C,16,0,3,3,1.31,0.19,0.0,0.19,51.5,12.8,0,0,0,0,0,0,0,0,0,0,0,0,0,0.0,0,43,21,0.0,9,8,14,72,30,7,3,21,5,16,23.8,3,6,1,2,0,228,123,57,48,12254,2216,1880,8158,MIN,Central,Western
2025-2026,20251109,9,NYR,5342,Vincent Trocheck,ROSTER,32.0,"5'10""",183.0,USA,"Pittsburgh, PA",False,C,2,0,1,1,0.5,0.5,0.0,0.5,4.4,0.0,0,0,0,0,0,0,0,0,0,0,0,0,0,0.0,-2,3,1,0.0,3,2,0,1,2,2,1,17,10,7,58.8,0,0,0,0,0,34,16,8,3,1700,472,0,787,NYR,Metropolitan,Eastern
2025-2026,20251109,29,ANA,5232,Jacob Trouba,ROSTER,31.0,"6'3""",209.0,USA,"Rochester, MI",False,D,14,4,6,10,1.71,0.43,0.29,0.71,60.5,4.3,1,0,0,0,0,0,0,1,0,1,0,0,0,0.0,16,59,24,16.7,30,20,15,40,12,16,6,0,0,0,0.0,1,2,2,4,0,383,191,87,109,18741,2991,1168,14582,ANA,Pacific,Western
2025-2026,20251109,8,NYI,142668,Maxim Tsyplakov,ROSTER,,,,,,False,RW,9,1,0,1,1.0,0.0,0.11,0.11,7.8,0.0,0,0,0,0,0,0,0,0,0,0,0,0,0,0.0,-6,18,9,11.1,0,6,3,14,5,9,1,3,0,3,0.0,0,0,1,2,0,122,103,9,11,5139,468,67,4604,NYI,Metropolitan,Eastern
2025-2026,20251109,15,BUF,11711,Alex Tuch,ROSTER,29.0,"6'4""",220.0,USA,"Syracuse, NY",False,RW,15,6,8,14,2.33,0.53,0.4,0.93,26.9,59.3,2,0,0,0,1,0,1,0,0,0,1,1,0,0.0,1,73,35,17.1,18,9,30,7,7,10,4,11,4,7,36.4,10,31,5,13,1,389,175,56,163,17148,2706,591,13851,BUF,Atlantic,Eastern
2025-2026,20251109,17,STL,20063,Tyler Tucker,ROSTER,25.0,"6'1""",205.0,Canada,"Thunder Bay, ON",False,D,16,1,3,4,0.69,0.19,0.06,0.25,32.5,65.5,0,0,0,0,0,0,0,0,0,0,0,0,0,0.0,0,32,11,9.1,15,14,7,24,25,16,1,0,0,0,0.0,7,26,5,22,4,271,168,36,68,12097,1592,587,9918,STL,Central,Western
2025-2026,20251109,28,LAK,19087,Alex Turcotte,ROSTER,24.0,"5'11""",185.0,USA,"Elk Grove, IL",False,C,15,0,3,3,0.8,0.2,0.0,0.2,7.3,15.7,0,0,0,0,0,0,0,0,0,0,0,0,0,0.0,-1,29,12,0.0,4,11,6,4,19,7,2,96,53,43,55.2,3,9,2,4,0,205,134,33,38,8612,1286,440,6886,LAK,Pacific,Western
2025-2026,20251109,9,NYR,13633,Urho Vaakanainen,ROSTER,26.0,"6'2""",196.0,Finland,Joensuu,False,D,11,0,1,1,0.82,0.09,0.0,0.09,12.4,17.0,0,0,0,0,0,0,0,0,0,0,0,0,0,0.0,0,28,9,0.0,8,12,8,4,21,6,1,0,0,0,0.0,4,8,2,4,0,206,122,18,53,9641,939,313,7720,NYR,Metropolitan,Eastern
2025-2026,20251109,16,DET,4683,James van Riemsdyk,ROSTER,36.0,"6'3""",217.0,USA,"Middletown, New Jersey",False,LW,12,1,1,2,1.08,0.08,0.08,0.17,11.5,12.8,0,0,0,0,0,0,0,0,0,0,1,0,1,100.0,-1,33,13,7.7,9,8,12,0,11,6,1,1,1,0,100.0,3,6,0,0,0,194,100,50,46,8560,3515,823,5106,DET,Atlantic,Eastern
2025-2026,20251109,5,WSH,5460,Trevor van Riemsdyk,ROSTER,34.0,"6'2""",192.0,USA,"Middletown, New Jersey",False,D,13,1,1,2,0.69,0.08,0.08,0.15,18.3,17.0,0,0,0,0,0,0,0,0,0,0,0,0,0,0.0,0,18,9,11.1,13,6,3,3,7,9,1,0,0,0,0.0,4,8,1,2,0,239,120,34,84,11553,1909,621,8924,WSH,Metropolitan,Eastern
2025-2026,20251109,29,ANA,5851,Frank Vatrano,ROSTER,31.0,"5'10""",200.0,USA,"East Longmeadow, MA",False,RW,14,2,1,3,1.86,0.07,0.14,0.21,30.9,21.7,0,0,1,1,0,0,0,1,0,0,0,0,0,0.0,-7,41,26,7.7,9,7,8,35,9,6,1,8,4,4,50.0,3,9,3,9,1,237,117,66,56,10176,2260,624,7372,ANA,Pacific,Western
2025-2026,20251109,14,MTL,18040,Joe Veleno,ROSTER,25.0,"6'1""",191.0,Canada,"Montreal, QC",False,C,10,0,0,0,0.8,0.0,0.0,0.0,17.1,30.2,0,0,0,0,0,0,0,0,0,0,0,0,0,0.0,-5,14,8,0.0,6,3,3,17,8,3,0,47,23,24,48.9,5,13,3,9,1,144,74,29,41,6806,831,181,5794,MTL,Atlantic,Eastern
2025-2026,20251109,4,FLO,17177,Carter Verhaeghe,ROSTER,30.0,"6'1""",177.0,Canada,"Waterdown, ON",False,C,15,2,5,7,2.53,0.33,0.13,0.47,14.2,12.8,0,1,1,2,0,0,0,1,0,0,0,0,0,0.0,-4,84,38,5.3,5,29,17,14,22,13,6,21,9,12,42.9,3,6,4,8,0,331,166,83,85,16368,4315,1356,10697,FLA,,
2025-2026,20251109,11,BOS,18174,Jeffrey Viel,ROSTER,28.0,"6'0""",195.0,Canada,"Rimouski, QC",False,LW,4,0,0,0,1.0,0.0,0.0,0.0,10.7,17.4,0,0,0,0,0,0,0,0,0,0,0,0,0,0.0,0,10,4,0.0,1,3,3,17,2,2,1,1,0,1,0.0,2,7,3,9,1,68,36,17,15,2839,372,389,2078,BOS,Atlantic,Eastern
2025-2026,20251109,2,WPJ,18069,Gabriel Vilardi,ROSTER,26.0,"6'2""",185.0,Canada,"Kingston, ON",False,C,14,5,8,13,2.57,0.57,0.36,0.93,9.9,8.5,1,1,3,4,0,0,0,1,0,0,0,0,0,0.0,2,65,36,13.9,6,11,18,4,15,10,4,17,10,7,58.8,2,4,2,4,0,282,161,112,14,15699,3572,3608,8519,WPG,,
2025-2026,20251109,20,CHI,38015,Alex Vlasic,ROSTER,24.0,"6'6""",200.0,USA,"Wilmette, IL",True,D,14,1,3,4,1.14,0.21,0.07,0.29,36.7,13.2,0,0,0,0,0,0,0,0,0,0,0,0,0,0.0,-1,31,16,6.2,24,8,7,11,27,12,6,0,0,0,0.0,1,5,1,5,1,355,165,26,158,18109,1201,290,16295,CHI,Central,Western
2025-2026,20251109,19,CBJ,56385,Dmitri Voronkov,ROSTER,25.0,"6'3""",183.0,Russia,,False,LW,14,6,7,13,2.36,0.5,0.43,0.93,17.9,38.3,2,1,0,1,0,0,0,0,0,0,0,0,0,0.0,10,57,33,18.2,1,4,20,30,4,11,3,7,1,6,14.3,9,18,1,2,0,277,166,86,31,13047,3470,822,8755,CBJ,Metropolitan,Eastern
2025-2026,20251109,17,STL,13691,Nathan Walker,ROSTER,31.0,"5'9""",186.0,United Kingdom,Cardiff,False,LW,15,1,3,4,1.27,0.2,0.07,0.27,45.9,12.8,0,0,0,0,0,0,0,0,0,0,0,0,0,0.0,-2,28,19,5.3,12,2,7,55,13,8,1,35,19,16,54.3,3,6,3,6,0,257,130,68,60,11494,2188,1227,8079,STL,Central,Western
2025-2026,20251109,3,CAR,15368,Sean Walker,ROSTER,30.0,"5'11""",196.0,Canada,"Keswick, ON",False,D,14,3,2,5,2.14,0.14,0.21,0.36,42.9,17.0,1,0,1,1,0,0,0,0,0,0,0,0,0,0.0,-3,81,30,10.0,21,34,17,29,30,13,3,0,0,0,0.0,4,8,3,6,0,407,204,71,135,19891,2160,582,17149,CAR,Metropolitan,Eastern
2025-2026,20251109,24,EDM,13672,Jake Walman,ROSTER,29.0,"6'1""",170.0,Canada,"Toronto, ON",False,D,10,1,6,7,1.2,0.6,0.1,0.7,30.9,12.8,0,1,0,1,0,0,0,1,0,1,0,0,0,0.0,1,41,12,8.3,22,20,9,5,2,13,5,0,0,0,0.0,3,6,0,0,0,241,114,72,49,12111,2518,932,8189,EDM,Pacific,Western
2025-2026,20251109,8,NYI,56461,Marshall Warren,ASSIGNED_TO_MINORS,24.0,"5'11""",170.0,USA,"Laurel Hollow, NY",False,D,2,0,2,2,0.0,1.0,0.0,1.0,1.1,4.3,0,0,0,0,0,0,0,0,0,0,0,0,0,0.0,1,1,0,0.0,0,1,0,2,5,2,1,0,0,0,0.0,1,2,1,2,0,36,22,3,11,1456,150,33,1273,NYI,Metropolitan,Eastern
2025-2026,20251109,23,CGY,12274,MacKenzie Weegar,ROSTER,31.0,"6'0""",200.0,Canada,"Nepean, ON",False,D,16,0,4,4,1.44,0.25,0.0,0.25,63.6,46.5,0,0,2,2,0,0,0,0,0,0,0,0,0,0.0,-14,72,23,0.0,32,33,16,41,42,25,7,0,0,0,0.0,7,25,3,9,1,535,236,127,172,23464,4305,1907,17252,CGY,Pacific,Western
2025-2026,20251109,26,SJS,5449,Alexander Wennberg,ROSTER,31.0,"6'2""",197.0,Sweden,Stockholm,False,C,16,4,6,10,1.0,0.38,0.25,0.62,28.3,4.3,1,1,2,3,0,0,0,1,0,0,0,0,0,0.0,-3,28,16,25.0,20,10,2,5,10,17,8,252,117,135,46.4,1,2,5,10,0,402,204,112,90,19797,3637,1783,14377,SJS,Pacific,Western
2025-2026,20251109,19,CBJ,5603,Zach Werenski,ROSTER,28.0,"6'2""",212.0,USA,"Grosse Pointe, MI",False,D,14,4,6,10,3.64,0.43,0.29,0.71,32.5,0.0,1,1,2,3,0,0,0,0,0,0,0,0,0,0.0,9,124,51,7.8,22,48,25,8,16,32,8,0,0,0,0.0,0,0,1,2,0,375,194,56,127,22147,5207,628,16251,CBJ,Metropolitan,Eastern
2025-2026,20251109,7,NJD,15576,Colton White,ROSTER,28.0,"6'1""",190.0,Canada,"London, ON",False,D,1,0,0,0,1.0,0.0,0.0,0.0,0.0,0.0,0,0,0,0,0,0,0,0,0,0,0,0,0,0.0,0,2,1,0.0,0,1,0,0,0,0,0,0,0,0,0.0,0,0,0,0,0,17,7,2,8,595,19,0,576,NJD,Metropolitan,Eastern
2025-2026,20251109,142,VGK,14133,Zach Whitecloud,ROSTER,28.0,"6'2""",209.0,Canada,"Brandon, MB",False,D,14,0,1,1,0.64,0.07,0.0,0.07,36.9,12.8,0,0,0,0,0,0,0,0,0,0,0,0,0,0.0,-1,34,9,0.0,18,21,4,25,30,12,1,0,0,0,0.0,3,6,3,6,0,319,208,76,35,14899,3649,1236,10014,VGK,Pacific,Western
2025-2026,20251109,18,NSH,28517,Ozzy Wiesblatt,ROSTER,23.0,"5'10""",183.0,Canada,"Calgary, AB",True,C,14,0,2,2,0.93,0.14,0.0,0.14,28.2,34.5,0,0,0,0,0,0,0,0,0,0,1,0,1,100.0,-5,29,13,0.0,6,9,7,37,22,7,2,4,0,4,0.0,6,15,2,7,1,223,142,48,34,9319,1622,507,7573,NSH,Central,Western
2025-2026,20251109,21,VAN,166972,Tom Willander,ROSTER,20.0,"6'1""",179.0,Sweden,Stockholm,True,D,6,0,2,2,1.0,0.33,0.0,0.33,6.9,0.0,0,0,0,0,0,0,0,0,0,0,0,0,0,0.0,2,19,6,0.0,5,7,6,1,10,3,2,0,0,0,0.0,0,0,0,0,0,119,105,6,8,5056,544,45,4467,VAN,Pacific,Western
2025-2026,20251109,18,NSH,53068,Adam Wilsby,ROSTER,25.0,"6'0""",183.0,Sweden,Stockholm,True,D,11,0,2,2,1.0,0.18,0.0,0.18,11.2,21.3,0,0,0,0,0,0,0,0,0,0,0,0,0,0.0,0,32,11,0.0,7,18,3,4,17,11,3,0,0,0,0.0,5,10,0,0,0,258,189,34,35,11752,2641,518,8593,NSH,Central,Western
2025-2026,20251109,5,WSH,5225,Tom Wilson,ROSTER,31.0,"6'4""",220.0,Canada,"Toronto, ON",False,RW,15,9,7,16,2.27,0.47,0.6,1.07,32.7,71.4,3,4,1,5,0,0,0,0,0,0,0,0,0,0.0,6,65,34,26.5,6,13,18,45,15,14,4,7,2,5,28.6,11,41,5,13,1,343,175,91,82,17330,4671,1628,10824,WSH,Metropolitan,Eastern
2025-2026,20251109,143,SEA,56633,Ryan Winterton,ROSTER,22.0,"6'2""",175.0,Canada,"Whitby, ON",False,C,14,1,1,2,0.86,0.07,0.07,0.14,16.7,8.5,0,0,0,0,0,0,0,0,0,0,0,0,0,0.0,0,26,12,8.3,7,6,8,14,22,4,2,0,0,0,0.0,2,4,4,8,0,254,164,36,50,10463,968,647,8595,SEA,Pacific,Western
2025-2026,20251109,18,NSH,142645,Matthew Wood,ROSTER,,,,,,False,RW,10,3,4,7,2.2,0.4,0.3,0.7,9.6,0.0,1,0,3,3,0,0,0,0,0,0,1,0,0,0.0,0,37,22,13.6,4,9,6,8,8,3,1,6,2,4,33.3,0,0,2,4,0,153,135,20,1,7507,1555,119,5833,NSH,Central,Western
2025-2026,20251109,19,CBJ,9079,Miles Wood,ROSTER,30.0,"6'2""",195.0,USA,"Buffalo, NY",False,LW,9,4,0,4,1.67,0.0,0.44,0.44,5.7,4.3,1,0,0,0,0,0,0,1,0,1,0,0,0,0.0,-1,24,15,26.7,1,5,4,8,12,8,0,4,1,3,25.0,1,2,2,6,0,139,73,33,36,6349,1283,424,4642,CBJ,Metropolitan,Eastern
2025-2026,20251109,10,PIT,5707,Parker Wotherspoon,ROSTER,28.0,"6'0""",172.0,Canada,"Surrey, BC",False,D,16,1,4,5,0.94,0.25,0.06,0.31,42.9,33.4,0,0,0,0,0,1,1,0,0,0,0,0,0,0.0,6,35,15,6.7,24,15,5,22,25,22,6,0,0,0,0.0,6,20,2,4,0,382,208,91,73,20321,2702,1557,15464,PIT,Metropolitan,Eastern
2025-2026,20251109,143,SEA,43332,Shane Wright,ROSTER,21.0,"6'1""",199.0,Canada,"Burlington, ON",True,C,14,4,4,8,1.57,0.29,0.29,0.57,13.8,4.3,1,1,1,2,0,0,0,1,0,1,0,0,0,0.0,3,35,22,18.2,6,7,6,11,24,15,1,130,49,81,37.7,1,2,3,6,0,280,212,53,13,12435,2287,430,9424,SEA,Pacific,Western
2025-2026,20251109,14,MTL,34148,Arber Xhekaj,ROSTER,24.0,"6'4""",238.0,Canada,"Hamilton, ON",True,D,14,0,1,1,0.71,0.07,0.0,0.07,22.0,47.7,0,0,0,0,0,0,0,0,0,0,0,0,0,0.0,-2,28,10,0.0,9,15,3,19,20,8,1,0,0,0,0.0,7,20,3,12,2,210,164,19,27,9376,1448,277,7651,MTL,Atlantic,Eastern
2025-2026,20251109,30,UTA,13637,Kailer Yamamoto,ROSTER,27.0,"5'8""",153.0,USA,"Spokane, WA",False,RW,9,2,1,3,1.0,0.11,0.22,0.33,6.1,8.5,0,0,0,0,0,0,0,0,0,0,0,0,0,0.0,1,12,9,22.2,3,1,2,4,8,5,1,9,3,6,33.3,2,4,5,10,0,146,83,48,17,6572,923,999,4650,UTA,Central,Western
2025-2026,20251109,6,PHI,30026,Cameron York,ROSTER,24.0,"5'11""",172.0,USA,"Anaheim Hills, CA",True,D,12,1,8,9,0.58,0.67,0.08,0.75,32.5,8.5,0,1,3,4,0,0,0,0,0,0,0,0,0,0.0,4,30,7,14.3,25,14,9,1,17,14,4,0,0,0,0.0,2,4,0,0,0,366,218,57,92,17866,2656,655,14555,PHI,Metropolitan,Eastern
2025-2026,20251109,25,MIN,56469,Danila Yurov,ROSTER,21.0,"6'1""",178.0,Russia,Chelyabinsk,False,RW,11,2,0,2,0.82,0.0,0.18,0.18,10.8,0.0,0,0,0,0,0,0,0,1,0,0,0,0,0,0.0,-5,19,9,22.2,5,6,4,8,13,7,2,61,23,38,37.7,0,0,1,2,0,130,105,10,17,6504,654,52,5798,MIN,Central,Western
2025-2026,20251109,11,BOS,5601,Pavel Zacha,ROSTER,28.0,"6'3""",210.0,Czech Republic,Brno,False,C,17,4,10,14,1.47,0.59,0.24,0.82,20.8,27.5,1,1,6,7,0,0,0,1,0,1,0,0,0,0.0,4,44,25,16.0,8,5,14,19,8,15,5,163,90,73,55.2,6,14,0,0,0,369,166,126,81,18045,4011,1914,12120,BOS,Atlantic,Eastern
2025-2026,20251109,11,BOS,5270,Nikita Zadorov,ROSTER,30.0,"6'6""",235.0,Russia,Moscow,False,D,17,1,3,4,0.88,0.18,0.06,0.24,63.8,64.3,0,0,0,0,0,0,0,0,0,0,0,0,0,0.0,2,41,15,6.7,23,18,8,62,23,23,9,0,0,0,0.0,13,29,8,19,1,453,218,70,166,21799,3573,1241,16985,BOS,Atlantic,Eastern
2025-2026,20251109,6,PHI,21853,Egor Zamula,ROSTER,25.0,"6'3""",170.0,Russia,Chelyabinsk,True,D,8,0,1,1,0.62,0.12,0.0,0.12,13.3,4.3,0,0,0,0,0,0,0,0,0,0,0,0,0,0.0,0,11,5,0.0,10,6,0,1,12,5,1,0,0,0,0.0,1,2,0,0,0,149,90,15,44,6441,1157,126,5158,PHI,Metropolitan,Eastern
2025-2026,20251109,23,CGY,28538,Connor Zary,ROSTER,24.0,"6'0""",178.0,Canada,"Saskatoon, SK",True,C,14,1,1,2,1.29,0.07,0.07,0.14,9.9,17.0,0,1,0,1,0,0,0,0,0,0,1,0,0,0.0,-4,35,18,5.6,3,7,10,11,9,5,1,67,27,40,40.3,4,8,6,12,0,251,150,58,44,11514,2029,632,8853,CGY,Pacific,Western
2025-2026,20251109,6,PHI,25981,Trevor Zegras,ROSTER,24.0,"6'1""",185.0,USA,"Bedford, NY",True,C,15,4,12,16,1.93,0.8,0.27,1.07,10.3,29.1,1,2,5,7,0,0,0,0,0,0,2,0,2,100.0,0,70,29,13.8,5,21,20,7,14,13,4,75,28,47,37.3,5,18,3,6,0,327,214,55,64,16552,2761,741,13071,PHI,Metropolitan,Eastern
2025-2026,20251109,29,ANA,32258,Olen Zellweger,ROSTER,22.0,"5'10""",175.0,Canada,"Calgary, AB",True,D,14,1,4,5,2.29,0.29,0.07,0.36,27.4,21.3,0,1,1,2,0,0,0,0,0,0,0,0,0,0.0,11,72,32,3.1,18,21,19,8,33,11,2,0,0,0,0.0,5,10,5,10,0,331,236,35,62,16018,2528,403,13088,ANA,Pacific,Western
2025-2026,20251109,13,OTT,18106,Fabian Zetterlund,ROSTER,26.0,"5'11""",196.0,Sweden,Karlstad,False,LW,15,1,2,3,1.53,0.13,0.07,0.2,22.7,12.8,0,1,0,1,0,0,0,0,0,0,0,0,0,0.0,-3,43,23,4.3,6,7,13,27,18,4,2,4,1,3,25.0,3,6,4,8,0,286,147,54,86,12428,2037,650,9741,OTT,Atlantic,Eastern
2025-2026,20251109,9,NYR,5000,Mika Zibanejad,ROSTER,32.0,"6'2""",208.0,Sweden,Stockholm,False,C,16,4,4,8,3.25,0.25,0.25,0.5,26.1,8.5,1,2,1,3,1,0,1,1,0,0,0,0,0,0.0,-10,90,52,7.7,10,16,26,24,5,20,8,227,119,108,52.4,2,4,2,4,0,403,204,86,101,20369,4683,1226,13662,NYR,Metropolitan,Eastern
2025-2026,20251109,13,OTT,28480,Artem Zub,ROSTER,30.0,"6'2""",202.0,Russia,Khabarovsk,True,D,15,2,7,9,1.4,0.47,0.13,0.6,40.5,17.0,0,0,0,0,0,0,0,0,0,0,0,0,0,0.0,4,47,21,9.5,23,13,13,20,16,15,3,0,0,0,0.0,4,8,0,0,0,402,315,58,31,17498,3217,733,13548,OTT,Atlantic,Eastern
2025-2026,20251109,25,MIN,4927,Mats Zuccarello,ROSTER,38.0,"5'8""",178.0,Norway,Oslo,False,RW,1,0,1,1,1.0,1.0,0.0,1.0,0.0,0.0,0,0,0,0,0,0,0,0,0,0,0,0,0,0.0,-1,2,1,0.0,0,0,1,0,2,1,0,1,1,0,100.0,0,0,0,0,0,15,4,7,4,974,34,0,940,MIN,Central,Western
2025-2026,20251109,15,BUF,5093,Jason Zucker,ROSTER,33.0,"5'11""",192.0,USA,"Newport Beach, CA",False,LW,12,4,3,7,2.25,0.25,0.33,0.58,9.6,8.5,1,2,2,4,0,0,0,1,0,0,0,0,0,0.0,-7,43,27,14.8,1,7,9,15,8,10,2,30,11,19,36.7,2,4,3,6,0,222,121,52,53,10606,3658,626,6322,BUF,Atlantic,Eastern
