SEASON_ID,SNAPSHOT_DATE,TEAM_ID,TEAM_ABBR,PLAYER_ID,NAME,STATUS,AGE,HEIGHT,WEIGHT,BIRTH_COUNTRY,BIRTH_CITY,ROOKIE,POSITION,GAMES_PLAYED,GOALS,ASSISTS,POINTS,SOGPG,APG,GPG,PGP,DEF_WALL,PHYSICAL,HAT_TRICKS,PP_GOALS,PP_ASSISTS,PP_POINTS,SH_GOALS,SH_ASSISTS,SH_POINTS,GW_GOALS,GT_GOALS,OT_GOALS,SO_ATTEMPTS,SO_MISSES,SO_GOALS,SO_GOAL_PCT,PLUS_MINUS,SHOT_ATTEMPTS,SHOTS_ON_GOAL,SHOT_PCT,BLOCKED_SHOTS,BLOCKED_SHOTS_AGAINST,MISSED_SHOTS,HITS,HITS_RECEIVED,GIVEAWAYS,TAKEAWAYS,FACEOFFS,FACEOFF_WINS,FACEOFF_LOSSES,FACEOFF_PCT,PENALTIES,PIM,PENALTIES_DRAWN,PENALTY_MIN_DRAWN,FIGHTS,SHIFTS,EVEN_STR_SHIFTS,PP_SHIFTS,SH_SHIFTS,TIME_ON_ICE,EVENT_TOI,PP_TOI,SH_TOI,TEAM_ABBR_CANON,division,conference
2025-2026,20251106,6,PHI,18056,Rodrigo Abols,ROSTER,29.0,"6'4""",206.0,Latvia,Riga,False,C,8,0,0,0,1.25,0.0,0.0,0.0,9.5,15.0,0,0,0,0,0,0,0,0,0,0,0,0,0,0.0,-4,20,10,0.0,3,5,5,8,7,2,2,37,27,10,73.0,1,5,2,7,1,100,63,19,18,4386,615,334,3437,PHI,Metropolitan,Eastern
2025-2026,20251106,10,PIT,5927,Noel Acciari,ROSTER,33.0,"5'10""",203.0,USA,"Johnston, RI",False,C,13,0,3,3,0.85,0.23,0.0,0.23,26.1,20.5,0,0,0,0,0,0,0,0,0,0,0,0,0,0.0,3,18,11,0.0,10,4,4,18,20,1,2,87,53,34,60.9,2,12,0,0,0,241,114,45,75,10088,1686,479,7651,PIT,Metropolitan,Eastern
2025-2026,20251106,30,UTA,5234,Andrew Agozzino,ASSIGNED_TO_MINORS,34.0,"5'10""",187.0,Canada,"Kleinburg, ON",False,LW,2,0,0,0,0.0,0.0,0.0,0.0,4.0,0.0,0,0,0,0,0,0,0,0,0,0,0,0,0,0.0,0,1,0,0.0,1,0,1,4,1,1,1,7,3,4,42.9,0,0,1,2,0,20,12,4,4,736,91,0,645,UTA,Central,Western
2025-2026,20251106,22,COL,28441,Jack Ahcan,ROSTER,28.0,"5'8""",185.0,USA,"Savage, MN",True,D,3,0,1,1,0.33,0.33,0.0,0.33,6.9,0.0,0,0,0,0,0,0,0,0,0,0,0,0,0,0.0,0,4,1,0.0,3,1,2,4,8,2,0,0,0,0,0.0,0,0,0,0,0,45,32,3,10,1967,167,62,1738,COL,Central,Western
2025-2026,20251106,3,CAR,5630,Sebastian Aho,ROSTER,28.0,"6'0""",176.0,Finland,Rauma,False,C,12,4,8,12,2.0,0.67,0.33,1.0,20.8,10.2,1,0,3,3,0,0,0,0,0,0,0,0,0,0.0,0,55,24,16.7,6,10,21,19,5,18,6,205,97,108,47.3,2,4,3,6,0,275,126,47,106,14231,3062,837,10332,CAR,Metropolitan,Eastern
2025-2026,20251106,13,OTT,12009,Michael Amadio,ROSTER,29.0,"6'1""",204.0,Canada,"Sault Ste. Marie, ON",False,RW,13,3,1,4,1.0,0.08,0.23,0.31,29.0,5.1,1,0,0,0,0,0,0,0,0,0,0,0,0,0.0,-1,27,13,23.1,12,4,10,18,19,11,8,4,2,2,50.0,1,2,3,6,0,275,120,65,93,11553,1972,889,8692,OTT,Atlantic,Eastern
2025-2026,20251106,21,VAN,39762,Nils Aman,ASSIGNED_TO_MINORS,25.0,"6'2""",179.0,Sweden,Avesta,True,C,2,0,0,0,0.5,0.0,0.0,0.0,2.7,0.0,0,0,0,0,0,0,0,0,0,0,0,0,0,0.0,0,3,1,0.0,1,2,0,2,1,1,0,2,1,1,50.0,0,0,0,0,0,23,19,1,3,1039,48,31,960,VAN,Pacific,Western
2025-2026,20251106,14,MTL,5513,Josh Anderson,ROSTER,31.0,"6'3""",227.0,Canada,"Burlington, ON",False,RW,13,1,1,2,1.08,0.08,0.08,0.15,22.3,10.2,0,0,0,0,0,0,0,0,0,0,0,0,0,0.0,-4,26,14,7.1,7,3,9,19,7,6,0,7,5,2,71.4,2,4,3,6,0,245,117,70,59,11527,1833,1145,8549,MTL,Atlantic,Eastern
2025-2026,20251106,28,LAK,18073,Michael Anderson,ROSTER,26.0,"5'11""",194.0,USA,"Roseville, MN",False,D,14,1,1,2,0.57,0.07,0.07,0.14,42.2,5.1,0,0,0,0,0,0,0,0,0,0,0,0,0,0.0,4,28,8,12.5,21,13,7,18,29,13,2,0,0,0,0.0,1,2,3,6,0,328,191,60,78,16459,2416,921,13122,LAK,Pacific,Western
2025-2026,20251106,23,CGY,5647,Rasmus Andersson,ROSTER,29.0,"6'1""",214.0,Sweden,Malmö,False,D,14,2,2,4,2.5,0.14,0.14,0.29,35.0,30.5,0,1,1,2,0,0,0,0,0,0,1,0,0,0.0,0,81,35,5.7,20,25,21,9,25,21,3,0,0,0,0.0,6,12,6,12,0,481,214,97,172,20098,2727,1336,16035,CGY,Pacific,Western
2025-2026,20251106,6,PHI,38011,Emil Andrae,ROSTER,23.0,"5'8""",181.0,Sweden,Västervik,True,D,3,0,0,0,0.33,0.0,0.0,0.0,1.3,0.0,0,0,0,0,0,0,0,0,0,0,0,0,0,0.0,0,2,1,0.0,0,1,0,2,10,1,1,0,0,0,0.0,0,0,0,0,0,53,42,5,6,2171,237,86,1848,PHI,Metropolitan,Eastern
2025-2026,20251106,16,DET,5763,Mason Appleton,ROSTER,29.0,"6'2""",193.0,USA,"Green Bay, WI",False,C,14,3,3,6,0.93,0.21,0.21,0.43,22.1,20.5,1,0,0,0,0,0,0,1,0,0,0,0,0,0.0,-1,21,13,23.1,9,2,6,14,9,8,0,5,2,3,40.0,2,12,1,2,0,274,146,40,91,12098,1542,470,10086,DET,Atlantic,Eastern
2025-2026,20251106,28,LAK,5505,Joel Armia,ROSTER,32.0,"6'4""",218.0,Finland,Pori,False,RW,14,2,5,7,1.21,0.36,0.14,0.5,21.2,20.3,0,0,0,0,0,0,0,0,0,0,1,0,0,0.0,3,37,17,11.8,8,10,10,15,10,8,4,5,3,2,60.0,4,8,1,2,0,271,118,74,81,11998,1949,1626,8423,LAK,Pacific,Western
2025-2026,20251106,11,BOS,5538,Viktor Arvidsson,ROSTER,32.0,"5'9""",180.0,Sweden,Skellefteå,False,LW,15,4,3,7,2.47,0.2,0.27,0.47,15.3,15.2,1,0,0,0,0,0,0,1,0,0,0,0,0,0.0,3,72,37,10.8,7,16,19,8,25,11,4,6,4,2,66.7,3,6,6,12,0,268,137,64,72,12926,2486,544,9896,BOS,Atlantic,Eastern
2025-2026,20251106,11,BOS,15191,Jonathan Aspirot,ROSTER,26.0,"6'0""",209.0,Canada,"Mascouche, QC",False,D,4,0,0,0,0.5,0.0,0.0,0.0,18.3,0.0,0,0,0,0,0,0,0,0,0,0,0,0,0,0.0,0,5,2,0.0,9,2,1,8,10,4,0,0,0,0,0.0,0,0,0,0,0,79,51,19,9,3581,484,298,2799,BOS,Atlantic,Eastern
2025-2026,20251106,19,CBJ,12287,Zach Aston-Reese,ROSTER,31.0,"6'0""",204.0,USA,"Staten Island, NY",False,C,9,0,3,3,1.0,0.33,0.0,0.33,22.6,5.1,0,0,0,0,0,0,0,0,0,0,0,0,0,0.0,1,12,9,0.0,5,0,3,24,6,5,1,12,1,11,8.3,1,2,2,4,0,138,74,27,34,5491,995,267,4094,CBJ,Metropolitan,Eastern
2025-2026,20251106,27,DAL,34436,Oskar Back,ROSTER,25.0,"6'3""",200.0,Sweden,Karlstad,True,C,3,1,0,1,0.33,0.0,0.33,0.33,0.6,0.0,0,0,0,0,0,0,0,0,0,0,0,0,0,0.0,0,2,1,100.0,0,1,0,1,8,1,1,3,2,1,66.7,0,0,1,2,0,47,29,8,9,2139,586,43,1413,DAL,Central,Western
2025-2026,20251106,23,CGY,4609,Mikael Backlund,ROSTER,36.0,"6'0""",200.0,Sweden,Vasteras,False,C,14,2,4,6,2.21,0.29,0.14,0.43,10.7,10.2,0,0,0,0,0,1,1,0,0,0,0,0,0,0.0,-3,54,31,6.5,3,13,10,10,9,9,4,254,124,130,48.8,2,4,2,4,0,341,173,80,90,14285,3909,480,9896,CGY,Pacific,Western
2025-2026,20251106,23,CGY,14578,Kevin Bahl,ROSTER,25.0,"6'6""",216.0,Canada,"New Westminster, BC",True,D,14,1,2,3,0.79,0.14,0.07,0.21,36.9,30.5,0,0,0,0,0,0,0,1,0,0,0,0,0,0.0,4,30,11,9.1,20,12,7,12,16,21,9,0,0,0,0.0,6,12,2,4,0,431,287,67,78,17762,1152,820,15790,CGY,Pacific,Western
2025-2026,20251106,21,VAN,38470,Arshdeep Bains,ROSTER,24.0,"6'0""",185.0,Canada,"Surrey, BC",True,LW,14,0,3,3,0.71,0.21,0.0,0.21,11.2,20.3,0,0,1,1,0,0,0,0,0,0,0,0,0,0.0,0,15,10,0.0,2,3,2,13,12,6,4,10,2,8,20.0,4,8,0,0,0,197,137,18,42,8391,571,92,7729,VAN,Pacific,Western
2025-2026,20251106,4,FLO,120218,Uvis Balinskis,ROSTER,29.0,"6'0""",187.0,Latvia,Ventspils,True,D,9,0,0,0,0.56,0.0,0.0,0.0,18.1,5.1,0,0,0,0,0,0,0,0,0,0,0,0,0,0.0,-2,13,5,0.0,8,6,2,10,8,6,6,0,0,0,0.0,1,2,2,4,0,163,135,15,13,7257,1104,126,6027,FLA,,
2025-2026,20251106,142,VGK,11708,Ivan Barbashev,ROSTER,29.0,"6'0""",187.0,Russia,Moscow,False,LW,12,4,7,11,1.42,0.58,0.33,0.92,15.6,0.0,1,0,0,0,0,0,0,1,0,0,0,0,0,0.0,4,31,17,23.5,2,7,7,20,12,13,2,4,0,4,0.0,0,0,3,6,0,233,107,85,45,11155,2688,942,7544,VGK,Pacific,Western
2025-2026,20251106,22,COL,56519,Zakhar Bardakov,ROSTER,24.0,"6'2""",198.0,Russia,Seversk,False,C,9,1,1,2,0.67,0.11,0.11,0.22,8.6,0.0,0,0,0,0,0,0,0,0,0,0,0,0,0,0.0,1,12,6,16.7,2,2,4,9,3,4,0,50,20,30,40.0,0,0,3,6,0,81,46,8,28,3303,386,0,2917,COL,Central,Western
2025-2026,20251106,18,NSH,30074,Justin Barron,ROSTER,23.0,"6'2""",195.0,Canada,"Halifax, NS",True,D,15,0,4,4,0.73,0.27,0.0,0.27,36.3,10.2,0,0,0,0,0,0,0,0,0,0,0,0,0,0.0,1,37,11,0.0,20,17,9,11,27,21,1,0,0,0,0.0,2,4,1,2,0,320,233,50,37,14110,2470,508,11132,NSH,Central,Western
2025-2026,20251106,2,WPJ,28496,Morgan Barron,ROSTER,26.0,"6'4""",220.0,Canada,"Halifax, NS",True,C,12,3,3,6,1.25,0.25,0.25,0.5,22.9,10.2,1,0,0,0,1,0,1,1,0,0,0,0,0,0.0,2,30,15,20.0,7,4,11,20,12,7,3,145,79,66,54.5,2,4,3,6,0,225,116,68,44,9031,1662,1193,6176,WPG,,
2025-2026,20251106,8,NYI,5611,Mathew Barzal,ROSTER,28.0,"6'0""",187.0,Canada,"Coquitlam, BC",False,C,12,3,7,10,2.25,0.58,0.25,0.83,17.2,30.5,1,0,2,2,0,0,0,0,0,0,0,0,0,0.0,6,47,27,11.1,10,9,11,4,6,16,5,104,34,70,32.7,6,12,1,2,0,255,136,97,25,14854,2695,3318,8841,NYI,Metropolitan,Eastern
2025-2026,20251106,27,DAL,15468,Nathan Bastian,ROSTER,27.0,"6'4""",205.0,Canada,"Kitchener, ON",False,RW,13,1,0,1,0.69,0.0,0.08,0.08,24.9,10.2,0,0,0,0,0,0,0,0,0,0,0,0,0,0.0,-1,13,9,11.1,4,4,0,30,13,1,0,0,0,0,0.0,2,4,0,0,0,139,93,23,24,5730,1415,408,3907,DAL,Central,Western
2025-2026,20251106,13,OTT,15394,Drake Batherson,ROSTER,27.0,"6'3""",203.0,USA,"Fort Wayne, IN",False,RW,10,5,10,15,2.2,1.0,0.5,1.5,14.5,10.2,1,2,3,5,0,0,0,1,0,0,2,1,1,50.0,4,37,22,22.7,3,8,7,16,8,9,7,1,1,0,100.0,2,4,4,8,0,230,118,42,76,10219,1906,485,7984,OTT,Atlantic,Eastern
2025-2026,20251106,23,CGY,9639,Jake Bean,ROSTER,27.0,"6'1""",186.0,Canada,"Calgary, AB",False,D,10,0,1,1,1.1,0.1,0.0,0.1,28.2,10.2,0,0,0,0,0,0,0,0,0,0,0,0,0,0.0,-7,31,11,0.0,18,14,6,3,10,11,4,0,0,0,0.0,2,4,0,0,0,249,168,29,52,9980,897,526,8557,CGY,Pacific,Western
2025-2026,20251106,5,WSH,5623,Anthony Beauvillier,ROSTER,28.0,"5'11""",182.0,Canada,"Sorel-Tracy, QC",False,LW,13,3,1,4,2.31,0.08,0.23,0.31,12.5,5.1,1,0,0,0,0,0,0,1,0,0,1,0,0,0.0,6,51,30,10.0,2,12,9,15,15,7,2,2,0,2,0.0,1,2,0,0,0,237,132,63,43,11088,1780,1207,8004,WSH,Metropolitan,Eastern
2025-2026,20251106,14,MTL,53067,Owen Beck,ASSIGNED_TO_MINORS,21.0,"6'0""",191.0,Canada,"Peterborough, ON",True,C,2,0,0,0,0.5,0.0,0.0,0.0,1.5,0.0,0,0,0,0,0,0,0,0,0,0,0,0,0,0.0,-1,4,1,0.0,1,1,2,0,3,0,0,12,7,5,58.3,0,0,0,0,0,24,20,3,1,1003,346,8,649,MTL,Atlantic,Eastern
2025-2026,20251106,20,CHI,111625,Connor Bedard,ROSTER,20.0,"5'10""",185.0,Canada,"North Vancouver, BC",True,C,13,6,10,16,3.15,0.77,0.46,1.23,9.0,33.0,2,2,2,4,0,0,0,1,0,0,1,0,0,0.0,7,74,41,14.6,4,10,23,5,15,17,6,118,55,63,46.6,7,12,6,14,0,311,241,37,34,16611,2719,123,13468,CHI,Central,Western
2025-2026,20251106,11,BOS,38020,John Beecher,ROSTER,24.0,"6'3""",210.0,USA,"Elmira, NY",True,C,5,1,0,1,1.2,0.0,0.2,0.2,10.3,0.0,0,0,0,0,0,0,0,0,0,0,0,0,0,0.0,-1,10,6,16.7,4,3,1,7,5,1,0,3,0,3,0.0,0,0,0,0,0,84,55,16,14,3499,711,216,2572,BOS,Atlantic,Eastern
2025-2026,20251106,143,SEA,37968,Matty Beniers,ROSTER,23.0,"6'2""",175.0,USA,"Hingham, MA",True,C,12,2,6,8,1.75,0.5,0.17,0.67,17.6,10.2,0,2,1,3,0,0,0,1,0,0,0,0,0,0.0,2,54,21,9.5,9,8,25,7,16,19,1,174,78,96,44.8,2,4,2,4,0,291,173,61,51,14340,2830,550,10679,SEA,Pacific,Western
2025-2026,20251106,4,FLO,5415,Sam Bennett,ROSTER,29.0,"6'1""",195.0,Canada,"Holland Landing, ON",False,C,13,2,2,4,1.92,0.15,0.15,0.31,23.2,25.4,0,1,1,2,0,0,0,0,0,0,0,0,0,0.0,-8,55,25,8.0,5,14,16,25,8,12,6,174,84,90,48.3,5,10,4,8,0,280,131,110,41,13474,2862,2435,8177,FLA,,
2025-2026,20251106,12,TOR,15129,Simon Benoit,ROSTER,27.0,"6'3""",208.0,Canada,"Laval, QC",False,D,13,0,2,2,0.54,0.15,0.0,0.15,51.7,40.4,0,0,0,0,0,0,0,0,0,0,0,0,0,0.0,-1,29,7,0.0,21,16,6,33,23,14,4,0,0,0,0.0,6,15,3,9,1,339,223,57,59,13633,1948,1614,10071,TOR,Atlantic,Eastern
2025-2026,20251106,15,BUF,111755,Zach Benson,INJURY_LIST,20.0,"5'10""",159.0,Canada,"Langley, BC",True,LW,8,0,8,8,2.0,1.0,0.0,1.0,11.3,15.2,0,0,3,3,0,1,1,0,0,0,0,0,0,0.0,3,24,16,0.0,6,4,4,4,12,7,5,3,2,1,66.7,3,6,1,2,0,185,150,23,12,9137,2505,424,6208,BUF,Atlantic,Eastern
2025-2026,20251106,16,DET,14556,Jonatan Berggren,ROSTER,25.0,"5'10""",183.0,Sweden,Uppsala,True,RW,10,2,2,4,1.7,0.2,0.2,0.4,4.6,5.1,0,1,0,1,0,0,0,0,0,0,0,0,0,0.0,-5,31,17,11.8,1,11,3,5,9,9,1,0,0,0,0.0,1,2,4,8,0,173,97,42,36,7765,1405,752,5608,DET,Atlantic,Eastern
2025-2026,20251106,16,DET,14549,Jacob Bernard-Docker,ROSTER,25.0,"6'1""",190.0,Canada,"Canmore, AB",False,D,8,0,1,1,1.25,0.12,0.0,0.12,8.4,5.1,0,0,0,0,0,0,0,0,0,0,0,0,0,0.0,3,21,10,0.0,4,9,2,4,21,6,2,0,0,0,0.0,1,2,1,2,0,141,84,15,42,6060,315,138,5607,DET,Atlantic,Eastern
2025-2026,20251106,20,CHI,10178,Tyler Bertuzzi,ROSTER,30.0,"6'1""",199.0,Canada,"Sudbury, ON",False,LW,12,3,4,7,1.92,0.33,0.25,0.58,8.3,30.6,1,2,1,3,0,0,0,0,0,0,0,0,0,0.0,-2,45,23,13.0,0,9,13,13,15,10,2,24,15,9,62.5,4,16,4,8,0,254,123,77,52,12416,3510,981,7700,CHI,Central,Western
2025-2026,20251106,27,DAL,56392,Lian Bichsel,ROSTER,21.0,"6'6""",225.0,Switzerland,Wolfwil,False,D,13,0,1,1,0.31,0.08,0.0,0.08,50.3,15.2,0,0,0,0,0,0,0,0,0,0,0,0,0,0.0,-1,14,4,0.0,17,6,4,40,36,14,1,0,0,0,0.0,3,6,1,2,0,226,171,21,33,11273,2132,150,8927,DAL,Central,Western
2025-2026,20251106,1,TBL,8913,Oliver Bjorkstrand,ROSTER,30.0,"6'0""",177.0,Denmark,Herning,False,RW,13,1,2,3,1.38,0.15,0.08,0.23,13.5,5.1,0,1,0,1,0,0,0,0,0,0,0,0,0,0.0,-1,46,18,5.6,4,14,14,12,21,12,0,7,4,3,57.1,1,2,1,2,0,233,108,83,43,10733,2673,1612,6448,TBL,Atlantic,Eastern
2025-2026,20251106,17,STL,5201,Nick Bjugstad,ROSTER,33.0,"6'6""",215.0,USA,"Minneapolis, MN",False,C,14,3,1,4,1.71,0.07,0.21,0.29,34.7,20.3,1,0,0,0,0,0,0,0,0,0,0,0,0,0.0,-1,37,24,12.5,12,6,7,27,3,2,2,88,46,42,52.3,4,8,4,8,0,224,115,54,58,9146,1578,823,6745,STL,Central,Western
2025-2026,20251106,27,DAL,15469,Colin Blackwell,ROSTER,32.0,"5'9""",190.0,USA,"North Andover, MA",False,C,13,0,1,1,0.69,0.08,0.0,0.08,25.9,15.2,0,0,0,0,0,0,0,0,0,0,0,0,0,0.0,-3,16,9,0.0,6,3,4,27,14,9,1,50,19,31,38.0,3,6,2,4,0,217,117,51,47,9410,2113,604,6601,DAL,Central,Western
2025-2026,20251106,12,TOR,11712,Sammy Blais,ROSTER,29.0,"6'2""",205.0,Canada,"Montmagny, QC",False,LW,3,1,1,2,1.33,0.33,0.33,0.67,11.4,5.1,0,0,0,0,0,0,0,0,0,0,0,0,0,0.0,-1,5,4,25.0,3,0,1,11,2,2,1,0,0,0,0.0,1,2,0,0,0,43,30,13,1,1789,348,284,1157,TOR,Atlantic,Eastern
2025-2026,20251106,3,CAR,56345,Jackson Blake,ROSTER,22.0,"5'10""",158.0,USA,"Eden Prairie, MN",False,RW,12,3,5,8,2.83,0.42,0.25,0.67,7.8,25.4,1,0,2,2,0,0,0,0,0,0,1,0,0,0.0,1,58,34,8.8,4,6,18,3,22,13,5,0,0,0,0.0,5,10,6,12,0,224,162,38,27,11716,2752,700,8264,CAR,Metropolitan,Eastern
2025-2026,20251106,18,NSH,39055,Nick Blankenburg,ROSTER,27.0,"5'9""",175.0,USA,"Washington, MI",True,D,5,1,2,3,1.6,0.4,0.2,0.6,10.3,0.0,0,1,0,1,0,0,0,0,0,0,0,0,0,0.0,-3,16,8,12.5,4,7,1,7,10,4,2,0,0,0,0.0,0,0,1,2,0,112,99,10,5,5772,1301,92,4380,NSH,Central,Western
2025-2026,20251106,21,VAN,15472,Theodor Blueger,ROSTER,31.0,"6'0""",185.0,Latvia,Riga,False,C,2,1,0,1,1.0,0.0,0.5,0.5,6.3,0.0,0,0,0,0,0,0,0,1,0,0,0,0,0,0.0,0,2,2,50.0,3,0,0,3,0,1,0,26,9,17,34.6,0,0,0,0,0,44,21,8,16,1899,363,216,1320,VAN,Pacific,Western
2025-2026,20251106,21,VAN,5618,Brock Boeser,ROSTER,28.0,"6'1""",208.0,USA,"Burnsville, MN",False,RW,12,6,3,9,2.33,0.25,0.5,0.75,9.7,0.0,2,1,1,2,0,0,0,1,0,1,1,0,1,100.0,-3,49,28,21.4,4,9,12,6,4,6,1,24,11,13,45.8,0,0,1,2,0,231,107,48,83,13258,2058,759,10485,VAN,Pacific,Western
2025-2026,20251106,25,MIN,4480,Zach Bogosian,ROSTER,35.0,"6'3""",226.0,USA,"Massena, NY",False,D,5,0,0,0,1.0,0.0,0.0,0.0,17.0,0.0,0,0,0,0,0,0,0,0,0,0,0,0,0,0.0,3,7,5,0.0,9,1,1,6,4,2,1,0,0,0,0.0,0,0,1,2,0,79,49,9,21,4163,911,58,3194,MIN,Central,Western
2025-2026,20251106,14,MTL,33083,Zachary Bolduc,ROSTER,22.0,"6'1""",175.0,Canada,"Trois-Rivière, QC",True,RW,13,4,2,6,1.77,0.15,0.31,0.46,19.8,15.2,1,2,1,3,0,0,0,0,0,0,0,0,0,0.0,0,41,23,17.4,4,10,8,22,19,10,2,9,6,3,66.7,3,6,3,6,0,209,145,35,33,10501,2066,398,8037,MTL,Atlantic,Eastern
2025-2026,20251106,25,MIN,30015,Matthew Boldy,ROSTER,24.0,"6'2""",196.0,USA,"Milford, MA",True,LW,14,5,8,13,3.36,0.57,0.36,0.93,14.5,15.2,1,3,4,7,0,0,0,0,0,0,1,0,0,0.0,-5,116,47,10.6,6,34,35,9,17,16,0,23,11,12,47.8,3,6,6,12,0,277,170,53,57,18081,4566,593,12889,MIN,Central,Western
2025-2026,20251106,8,NYI,14531,Adam Boqvist,ROSTER,25.0,"5'11""",179.0,Sweden,Falun,False,D,4,0,0,0,0.25,0.0,0.0,0.0,6.5,0.0,0,0,0,0,0,0,0,0,0,0,0,0,0,0.0,2,6,1,0.0,4,4,1,1,4,2,0,0,0,0,0.0,0,0,0,0,0,68,41,21,6,3132,373,542,2217,NYI,Metropolitan,Eastern
2025-2026,20251106,4,FLO,17176,Jesper Boqvist,ROSTER,27.0,"6'0""",180.0,Sweden,Falun,False,C,13,1,0,1,0.92,0.0,0.08,0.08,33.3,10.2,0,0,0,0,0,0,0,1,0,0,0,0,0,0.0,-1,25,12,8.3,8,6,7,34,12,8,0,27,10,17,37.0,2,4,3,6,0,230,117,63,51,8946,1369,734,6843,FLA,,
2025-2026,20251106,9,NYR,15692,William Borgen,ROSTER,28.0,"6'3""",196.0,USA,"Moorhead, MN",False,D,14,0,2,2,0.93,0.14,0.0,0.14,42.6,10.2,0,0,0,0,0,0,0,0,0,0,0,0,0,0.0,2,36,13,0.0,20,14,9,21,24,11,6,0,0,0,0.0,2,4,1,2,0,354,199,69,72,15795,1424,1231,12353,NYR,Metropolitan,Eastern
2025-2026,20251106,24,EDM,14533,Evan Bouchard,ROSTER,26.0,"6'3""",194.0,Canada,"Oakville, ON",False,D,15,2,8,10,2.67,0.53,0.13,0.67,34.5,20.3,0,1,3,4,0,0,0,1,0,1,1,0,0,0.0,-8,83,40,5.0,21,31,12,6,14,22,7,0,0,0,0.0,4,8,2,4,0,370,216,92,51,21145,5011,1697,13807,EDM,Pacific,Western
2025-2026,20251106,27,DAL,34435,Mavrik Bourque,ROSTER,23.0,"5'10""",178.0,Canada,"Plessisville, QC",True,C,13,1,2,3,1.69,0.15,0.08,0.23,17.0,5.1,0,0,2,2,0,0,0,0,0,0,0,0,0,0.0,-6,32,22,4.5,9,2,8,6,12,5,1,11,1,10,9.1,1,2,1,2,0,248,166,39,43,11650,1928,553,9119,DAL,Central,Western
2025-2026,20251106,16,DET,142440,Michael Brandsegg-Nygård,ASSIGNED_TO_MINORS,,,,,,False,RW,9,0,1,1,1.56,0.11,0.0,0.11,22.2,5.1,0,0,0,0,0,0,0,0,0,0,0,0,0,0.0,-5,35,14,0.0,3,13,8,28,17,10,2,0,0,0,0.0,1,2,1,2,0,158,132,24,2,6723,821,31,5871,DET,Atlantic,Eastern
2025-2026,20251106,7,NJD,13722,Jesper Bratt,ROSTER,27.0,"5'10""",175.0,Sweden,Stockholm,False,LW,13,4,9,13,2.08,0.69,0.31,1.0,16.6,15.2,1,1,3,4,1,0,1,1,0,0,0,0,0,0.0,0,50,27,14.8,4,10,13,17,11,14,10,0,0,0,0.0,3,6,2,4,0,285,149,64,76,13374,2114,919,10341,NJD,Metropolitan,Eastern
2025-2026,20251106,10,PIT,53189,Justin Brazeau,ROSTER,27.0,"6'5""",220.0,Canada,"New Liskeard, ON",True,RW,12,6,6,12,1.83,0.5,0.5,1.0,28.4,0.0,2,1,1,2,0,0,0,2,0,0,0,0,0,0.0,3,33,22,27.3,12,4,10,17,11,13,1,0,0,0,0.0,0,0,1,2,0,212,127,72,12,9702,1946,1616,5862,PIT,Metropolitan,Eastern
2025-2026,20251106,22,COL,133825,Gavin Brindley,ROSTER,21.0,"5'9""",175.0,USA,"Fort Myers, FL",True,C,12,1,1,2,1.0,0.08,0.08,0.17,13.5,5.1,0,0,0,0,0,0,0,0,0,0,0,0,0,0.0,-2,23,12,8.3,4,6,5,12,14,4,2,5,2,3,40.0,1,2,3,6,0,149,111,20,19,6254,831,124,5299,COL,Central,Western
2025-2026,20251106,6,PHI,38019,Bobby Brink,ROSTER,24.0,"5'8""",165.0,USA,"Minnetonka, MN",True,RW,13,5,4,9,1.85,0.31,0.38,0.69,16.6,25.4,1,2,2,4,0,0,0,0,0,0,2,0,1,50.0,-2,36,24,20.8,4,6,6,17,13,6,1,12,2,10,16.7,5,10,5,10,0,274,161,60,59,12772,2421,455,10290,PHI,Metropolitan,Eastern
2025-2026,20251106,17,STL,17150,Philip Broberg,ROSTER,24.0,"6'3""",200.0,Sweden,Orebro,True,D,14,1,4,5,1.64,0.29,0.07,0.36,24.3,5.1,0,0,0,0,0,0,0,0,0,0,0,0,0,0.0,-3,54,23,4.3,14,20,11,6,25,19,4,0,0,0,0.0,1,2,4,8,0,386,243,69,75,18438,2826,946,14666,STL,Central,Western
2025-2026,20251106,25,MIN,5123,Jonas Brodin,ROSTER,32.0,"6'1""",194.0,Sweden,Karlstad,False,D,13,2,2,4,0.85,0.15,0.15,0.31,35.8,5.1,0,0,0,0,0,0,0,0,0,0,0,0,0,0.0,0,33,11,18.2,24,15,7,1,24,12,2,0,0,0,0.0,1,2,3,6,0,314,164,69,83,16720,3078,1456,12186,MIN,Central,Western
2025-2026,20251106,9,NYR,11807,Jonny Brodzinski,ROSTER,32.0,"6'1""",215.0,USA,"Ham Lake, MN",False,C,6,1,1,2,0.83,0.17,0.17,0.33,1.5,0.0,0,0,0,0,0,0,0,0,0,0,0,0,0,0.0,1,11,5,20.0,1,2,4,0,3,2,2,5,4,1,80.0,0,0,2,4,0,89,45,19,20,3666,522,293,2636,NYR,Metropolitan,Eastern
2025-2026,20251106,7,NJD,8916,Connor Brown,ROSTER,31.0,"6'0""",186.0,Canada,"Etobicoke, ON",False,RW,11,5,1,6,1.55,0.09,0.45,0.55,18.4,5.1,1,0,0,0,1,0,1,0,0,0,0,0,0,0.0,1,27,17,29.4,10,2,8,6,9,7,3,6,3,3,50.0,1,2,0,0,0,219,110,54,60,10412,1380,1073,7959,NJD,Metropolitan,Eastern
2025-2026,20251106,10,PIT,142708,Harrison Brunicke,ROSTER,,,,,,False,D,9,1,0,1,0.89,0.0,0.11,0.11,21.6,15.2,0,0,0,0,0,0,0,0,0,0,0,0,0,0.0,-4,22,8,12.5,13,7,7,4,18,14,1,0,0,0,0.0,3,6,2,4,0,171,135,14,19,8486,830,167,7234,PIT,Metropolitan,Eastern
2025-2026,20251106,15,BUF,17925,Jacob Bryson,ROSTER,27.0,"5'9""",185.0,Canada,"London, ON",False,D,5,0,1,1,0.2,0.2,0.0,0.2,6.5,5.1,0,0,0,0,0,0,0,0,0,0,0,0,0,0.0,1,9,1,0.0,4,5,3,1,4,2,0,0,0,0,0.0,1,2,0,0,0,71,38,8,25,2838,288,147,2403,BUF,Atlantic,Eastern
2025-2026,20251106,17,STL,10075,Pavel Buchnevich,ROSTER,30.0,"6'3""",197.0,Russia,Cherepovets,False,LW,14,2,4,6,1.86,0.29,0.14,0.43,13.7,10.2,0,2,1,3,0,0,0,0,0,0,0,0,0,0.0,-9,52,26,7.7,5,13,13,10,10,16,3,9,4,5,44.4,2,4,4,8,0,322,153,112,59,15361,3110,1531,10720,STL,Central,Western
2025-2026,20251106,25,MIN,142488,Zeev Buium,ROSTER,,,,,,False,D,14,3,6,9,1.36,0.43,0.21,0.64,7.8,5.1,1,2,4,6,0,0,0,0,0,0,0,0,0,0.0,-11,40,19,15.8,4,14,7,3,19,20,3,0,0,0,0.0,1,2,3,6,0,263,214,34,17,15740,3541,136,12063,MIN,Central,Western
2025-2026,20251106,18,NSH,15430,Michael Bunting,ROSTER,30.0,"5'11""",197.0,Canada,"Toronto, ON",True,LW,15,4,5,9,1.33,0.33,0.27,0.6,12.0,15.2,1,0,2,2,0,0,0,0,0,0,1,1,0,0.0,0,52,20,20.0,6,10,22,5,13,12,1,10,3,7,30.0,3,6,6,12,0,267,120,108,43,12932,2658,1960,8314,NSH,Central,Western
2025-2026,20251106,20,CHI,5451,Andre Burakovsky,ROSTER,30.0,"6'3""",201.0,Austria,Klagenfurt,False,LW,12,5,5,10,1.42,0.42,0.42,0.83,7.6,15.2,1,1,3,4,0,0,0,1,0,0,0,0,0,0.0,2,38,17,29.4,3,13,8,5,13,11,8,3,0,3,0.0,3,6,0,0,0,258,137,46,76,12501,2811,522,8943,CHI,Central,Western
2025-2026,20251106,22,COL,15,Brent Burns,ROSTER,40.0,"6'5""",230.0,Canada,"Ajax, ON",False,D,14,1,5,6,2.43,0.36,0.07,0.43,30.3,30.5,0,0,1,1,0,0,0,1,0,0,0,0,0,0.0,1,74,34,2.9,19,27,13,4,14,12,4,0,0,0,0.0,6,12,0,0,0,379,202,74,105,17319,4547,1036,11735,COL,Central,Western
2025-2026,20251106,28,LAK,19049,Quinton Byfield,ROSTER,23.0,"6'4""",215.0,Canada,"Newmarket, ON",True,RW,14,2,9,11,2.29,0.64,0.14,0.79,16.2,20.3,0,1,3,4,0,1,1,0,0,0,1,0,0,0.0,-2,53,32,6.2,5,11,10,14,15,11,7,235,103,132,43.8,4,8,7,14,0,334,222,44,71,16754,2553,442,13759,LAK,Pacific,Western
2025-2026,20251106,15,BUF,21814,Bowen Byram,ROSTER,24.0,"6'0""",195.0,Canada,"Cranbrook, BC",True,D,13,1,4,5,1.08,0.31,0.08,0.38,32.7,25.4,0,0,2,2,0,0,0,0,0,0,1,0,1,100.0,-2,38,14,7.1,18,8,16,10,23,12,2,0,0,0,0.0,5,10,1,2,0,360,206,63,93,17118,1903,533,14723,BUF,Atlantic,Eastern
2025-2026,20251106,11,BOS,37956,Michael Callahan,ASSIGNED_TO_MINORS,26.0,"6'2""",197.0,USA,"Franklin, MA",True,D,3,0,0,0,0.67,0.0,0.0,0.0,10.7,0.0,0,0,0,0,0,0,0,0,0,0,0,0,0,0.0,-2,3,2,0.0,6,0,1,3,9,3,1,0,0,0,0.0,0,0,0,0,0,70,45,18,7,2961,777,279,1905,BOS,Atlantic,Eastern
2025-2026,20251106,27,DAL,5658,Kyle Capobianco,ROSTER,28.0,"6'1""",196.0,Canada,"Mississauga, ON",False,D,3,0,0,0,0.67,0.0,0.0,0.0,0.6,5.1,0,0,0,0,0,0,0,0,0,0,0,0,0,0.0,1,4,2,0.0,0,2,0,1,1,1,1,0,0,0,0.0,1,2,0,0,0,28,18,3,5,1151,493,24,557,DAL,Central,Western
2025-2026,20251106,30,UTA,16956,Michael Carcone,ROSTER,29.0,"5'10""",170.0,Canada,"Ajax, ON",False,LW,12,3,1,4,2.17,0.08,0.25,0.33,16.6,25.6,1,0,0,0,0,0,0,0,0,0,0,0,0,0.0,0,51,26,11.5,4,11,14,17,12,4,1,1,0,1,0.0,3,14,1,2,0,189,112,49,31,7778,1332,525,5921,UTA,Central,Western
2025-2026,20251106,26,SJS,56619,Ethan Cardwell,ROSTER,23.0,"5'11""",180.0,Canada,"Courtice, ON",False,RW,1,0,0,0,1.0,0.0,0.0,0.0,0.6,0.0,0,0,0,0,0,0,0,0,0,0,0,0,0,0.0,0,4,1,0.0,0,2,1,1,1,0,0,0,0,0,0.0,0,0,0,0,0,17,11,3,3,905,50,0,855,SJS,Pacific,Western
2025-2026,20251106,12,TOR,5632,Brandon Carlo,ROSTER,28.0,"6'5""",212.0,USA,"Colorado Springs, CO",False,D,14,0,2,2,1.43,0.14,0.0,0.14,44.6,15.2,0,0,0,0,0,0,0,0,0,0,0,0,0,0.0,3,40,20,0.0,27,10,10,8,19,16,0,0,0,0,0.0,3,6,1,2,0,393,233,90,70,16929,1800,2091,13038,TOR,Atlantic,Eastern
2025-2026,20251106,5,WSH,4735,John Carlson,ROSTER,35.0,"6'3""",217.0,USA,"Natick, MA",False,D,13,3,6,9,2.31,0.46,0.23,0.69,33.1,5.1,1,0,4,4,0,0,0,0,0,0,0,0,0,0.0,-2,77,30,10.0,20,28,19,6,17,22,10,0,0,0,0.0,1,2,0,0,0,311,162,71,77,18519,5542,1251,11533,WSH,Metropolitan,Eastern
2025-2026,20251106,29,ANA,111582,Leo Carlsson,ROSTER,20.0,"6'3""",198.0,Sweden,Karlstad,True,C,12,5,13,18,2.33,1.08,0.42,1.5,10.9,29.4,1,0,6,6,1,1,2,1,0,1,1,0,0,0.0,7,59,28,17.9,7,18,13,1,10,9,3,179,80,99,44.7,3,17,5,10,0,287,222,40,30,13240,3076,382,9880,ANA,Pacific,Western
2025-2026,20251106,9,NYR,5479,Sam Carrick,ROSTER,33.0,"6'0""",200.0,Canada,"Stouffville, ON",False,C,14,1,4,5,1.57,0.29,0.07,0.36,29.9,29.9,0,0,0,0,0,1,1,0,0,0,0,0,0,0.0,4,38,22,4.5,10,7,10,24,17,3,2,116,57,59,49.1,2,10,6,18,2,254,97,55,91,10866,2420,698,7266,NYR,Metropolitan,Eastern
2025-2026,20251106,14,MTL,5710,Alexandre Carrier,ROSTER,29.0,"5'11""",174.0,Canada,"Quebec City, QC",False,D,13,1,4,5,0.85,0.31,0.08,0.38,51.3,20.3,0,0,0,0,0,0,0,0,0,0,0,0,0,0.0,-5,28,11,9.1,32,9,8,7,38,11,7,0,0,0,0.0,4,8,3,6,0,297,162,52,85,14486,1905,1026,11563,MTL,Atlantic,Eastern
2025-2026,20251106,3,CAR,10174,William Carrier,ROSTER,30.0,"6'2""",218.0,Canada,"Pierrefonds, QC",False,LW,7,1,2,3,0.86,0.29,0.14,0.43,10.4,5.1,0,0,0,0,0,0,0,1,0,0,0,0,0,0.0,5,21,6,16.7,1,7,8,14,10,5,1,0,0,0,0.0,1,2,1,2,0,116,44,63,10,4336,948,805,2583,CAR,Metropolitan,Eastern
2025-2026,20251106,7,NJD,56518,Seamus Casey,ROSTER,21.0,"5'10""",173.0,USA,"Estero, FL",False,D,2,0,0,0,2.0,0.0,0.0,0.0,1.5,0.0,0,0,0,0,0,0,0,0,0,0,0,0,0,0.0,-3,8,4,0.0,1,2,2,0,7,3,2,0,0,0,0.0,0,0,0,0,0,48,37,10,1,2161,692,92,1377,NJD,Metropolitan,Eastern
2025-2026,20251106,6,PHI,38701,Noah Cates,ROSTER,26.0,"6'1""",170.0,USA,"Stillwater, MN",True,LW,13,3,6,9,2.15,0.46,0.23,0.69,19.5,10.2,1,1,4,5,0,0,0,1,0,1,0,0,0,0.0,3,47,28,10.7,9,7,12,10,9,9,4,202,87,115,43.1,2,4,5,10,0,318,126,37,158,13655,1583,106,11966,PHI,Metropolitan,Eastern
2025-2026,20251106,143,SEA,142279,Berkly Catton,ROSTER,,,,,,False,C,7,0,3,3,1.14,0.43,0.0,0.43,6.5,0.0,0,0,1,1,0,0,0,0,0,0,0,0,0,0.0,2,13,8,0.0,4,2,3,1,15,5,2,3,2,1,66.7,0,0,3,6,0,121,111,6,3,5287,652,98,4487,SEA,Pacific,Western
2025-2026,20251106,14,MTL,19047,Cole Caufield,ROSTER,24.0,"5'7""",174.0,USA,"Mosinee, WI",True,RW,13,10,6,16,2.69,0.46,0.77,1.23,16.2,15.2,3,1,5,6,0,0,0,3,0,3,1,0,0,0.0,7,62,35,28.6,5,11,16,14,8,9,4,3,0,3,0.0,3,6,4,8,0,281,150,66,75,14383,2213,526,11644,MTL,Atlantic,Eastern
2025-2026,20251106,28,LAK,5307,Cody Ceci,ROSTER,31.0,"6'2""",210.0,Canada,"Ottawa, ON",False,D,14,1,2,3,1.21,0.14,0.07,0.21,27.9,0.0,0,0,0,0,0,1,1,0,0,0,0,0,0,0.0,-4,37,17,5.9,16,15,5,7,17,10,4,0,0,0,0.0,0,0,0,0,0,300,165,48,89,14733,1530,821,12384,LAK,Pacific,Western
2025-2026,20251106,26,SJS,134157,Macklin Celebrini,ROSTER,19.0,"6'0""",190.0,Canada,"North Vancouver, BC",True,C,13,7,11,18,2.92,0.85,0.54,1.38,16.6,15.2,2,2,4,6,0,0,0,1,0,1,1,0,0,0.0,2,77,38,18.4,7,23,16,10,21,17,5,243,123,120,50.6,3,6,9,18,0,295,243,24,35,16484,3178,659,12647,SJS,Pacific,Western
2025-2026,20251106,1,TBL,14454,Erik Cernak,ROSTER,28.0,"6'3""",233.0,Slovakia,Kosice,False,D,13,0,2,2,0.62,0.15,0.0,0.15,65.2,30.5,0,0,0,0,0,0,0,0,0,0,0,0,0,0.0,-1,23,8,0.0,32,8,7,29,17,9,2,0,0,0,0.0,6,12,1,2,0,345,165,102,78,14928,2237,970,11654,TBL,Atlantic,Eastern
2025-2026,20251106,13,OTT,5613,Thomas Chabot,ROSTER,28.0,"6'2""",196.0,Canada,"Ste-Marie-de-Beauce, QC",False,D,13,2,5,7,1.31,0.38,0.15,0.54,45.4,17.8,0,1,3,4,0,1,1,0,0,0,0,0,0,0.0,2,57,17,11.8,28,22,18,7,16,10,6,0,0,0,0.0,3,8,1,2,0,371,204,81,88,17868,2669,1381,13818,OTT,Atlantic,Eastern
2025-2026,20251106,1,TBL,28436,Mitchell Chaffee,ASSIGNED_TO_MINORS,27.0,"6'0""",207.0,USA,"Rockford, MI",True,RW,7,0,0,0,1.14,0.0,0.0,0.0,15.0,10.2,0,0,0,0,0,0,0,0,0,0,0,0,0,0.0,0,10,8,0.0,2,1,1,19,6,5,0,3,1,2,33.3,2,4,2,4,0,95,55,20,20,3986,557,296,3133,TBL,Atlantic,Eastern
2025-2026,20251106,3,CAR,15383,Jalen Chatfield,ROSTER,29.0,"6'1""",188.0,USA,"Ypsilanti, MI",False,D,12,0,3,3,1.58,0.25,0.0,0.25,26.8,20.3,0,0,0,0,0,0,0,0,0,0,0,0,0,0.0,4,51,19,0.0,14,21,11,10,28,12,1,0,0,0,0.0,4,8,1,2,0,343,195,62,86,15235,2054,850,12331,CAR,Metropolitan,Eastern
2025-2026,20251106,16,DET,5285,Ben Chiarot,ROSTER,34.0,"6'3""",234.0,Canada,"Hamilton, ON",False,D,14,1,2,3,0.93,0.14,0.07,0.21,54.8,10.2,0,0,0,0,0,0,0,0,0,0,0,0,0,0.0,0,40,13,7.7,24,17,10,31,22,19,4,0,0,0,0.0,2,4,1,2,0,362,197,64,102,17387,3958,936,12493,DET,Atlantic,Eastern
2025-2026,20251106,2,WPJ,37987,Nikita Chibrikov,ROSTER,22.0,"5'10""",170.0,Russia,Moskva,True,RW,5,0,0,0,0.4,0.0,0.0,0.0,8.8,20.3,0,0,0,0,0,0,0,0,0,0,0,0,0,0.0,-1,10,2,0.0,3,5,3,7,5,6,2,0,0,0,0.0,4,8,2,4,0,72,57,14,1,2909,999,116,1794,WPG,,
2025-2026,20251106,19,CBJ,30088,Yegor Chinakhov,ROSTER,24.0,"6'0""",178.0,Russia,Omsk,True,RW,8,2,2,4,1.88,0.25,0.25,0.5,6.7,0.0,0,0,0,0,0,0,0,0,0,0,0,0,0,0.0,2,25,15,13.3,2,7,3,6,8,3,2,0,0,0,0.0,0,0,2,4,0,111,91,17,3,4892,1033,64,3715,CBJ,Metropolitan,Eastern
2025-2026,20251106,5,WSH,28482,Declan Chisholm,ROSTER,25.0,"6'1""",185.0,Canada,"Bowmanville, ON",True,D,6,0,1,1,0.5,0.17,0.0,0.17,6.3,5.1,0,0,0,0,0,0,0,0,0,0,0,0,0,0.0,2,10,3,0.0,3,4,3,3,9,6,3,0,0,0,0.0,1,2,3,9,0,103,62,22,15,5101,807,508,3581,WSH,Metropolitan,Eastern
2025-2026,20251106,7,NJD,15156,Dennis Cholowski,ROSTER,27.0,"6'2""",197.0,Canada,"Langley, BC",False,D,2,0,1,1,0.5,0.5,0.0,0.5,8.8,0.0,0,0,0,0,0,0,0,0,0,0,0,0,0,0.0,1,3,1,0.0,6,1,1,0,2,1,0,0,0,0,0.0,0,0,0,0,0,36,17,9,10,1872,312,53,1507,NJD,Metropolitan,Eastern
2025-2026,20251106,19,CBJ,28414,Jake Christiansen,ROSTER,26.0,"6'1""",195.0,Canada,"West Vancouver, BC",True,D,8,0,0,0,0.75,0.0,0.0,0.0,8.4,0.0,0,0,0,0,0,0,0,0,0,0,0,0,0,0.0,-2,20,6,0.0,4,8,6,4,14,4,0,0,0,0,0.0,0,0,0,0,0,102,71,14,17,5079,480,141,4458,CBJ,Metropolitan,Eastern
2025-2026,20251106,5,WSH,9642,Jakob Chychrun,ROSTER,27.0,"6'2""",210.0,USA,"Boca Raton, FL",False,D,13,3,7,10,2.92,0.54,0.23,0.77,24.4,15.2,1,1,1,2,0,0,0,1,0,1,0,0,0,0.0,9,95,38,7.9,11,29,28,13,20,20,6,0,0,0,0.0,3,6,5,10,0,294,151,87,56,18252,3207,2413,12439,WSH,Metropolitan,Eastern
2025-2026,20251106,21,VAN,13636,Filip Chytil,INJURY_LIST,26.0,"6'2""",206.0,Czech Republic,Kromeriz,False,C,6,3,0,3,2.5,0.0,0.5,0.5,7.8,15.2,1,0,0,0,0,0,0,1,0,0,0,0,0,0.0,0,22,15,20.0,4,2,5,3,10,3,2,76,36,40,47.4,3,6,0,0,0,114,56,43,18,5629,1207,724,3698,VAN,Pacific,Western
2025-2026,20251106,1,TBL,14125,Anthony Cirelli,ROSTER,28.0,"6'0""",193.0,Canada,"Etobicoke, ON",False,C,13,7,4,11,1.62,0.31,0.54,0.85,19.7,15.2,2,2,0,2,0,0,0,2,0,1,0,0,0,0.0,6,38,21,33.3,10,6,11,8,13,7,5,255,124,131,48.6,3,6,1,2,0,329,139,115,82,15147,2545,2123,10399,TBL,Atlantic,Eastern
2025-2026,20251106,8,NYI,5083,Casey Cizikas,ROSTER,34.0,"5'11""",195.0,Canada,"Toronto, ON",False,C,13,1,2,3,0.69,0.15,0.08,0.23,34.8,15.2,0,0,0,0,0,0,0,0,0,0,0,0,0,0.0,-4,14,9,11.1,9,3,2,34,12,6,1,105,41,64,39.0,3,6,0,0,0,196,115,41,41,8083,1846,486,5751,NYI,Metropolitan,Eastern
2025-2026,20251106,28,LAK,31218,Brandt Clarke,ROSTER,22.0,"6'2""",185.0,Canada,"Nepean, ON",True,D,14,2,5,7,2.0,0.36,0.14,0.5,38.3,15.2,0,0,0,0,0,0,0,1,0,0,0,0,0,0.0,4,51,28,7.1,24,16,7,5,17,20,3,0,0,0,0.0,3,6,5,10,0,293,229,41,25,14234,1613,267,12354,LAK,Pacific,Western
2025-2026,20251106,10,PIT,15396,Connor Clifton,ROSTER,30.0,"5'11""",175.0,USA,"Long Branch, New Jersey",False,D,3,0,0,0,0.67,0.0,0.0,0.0,23.3,5.1,0,0,0,0,0,0,0,0,0,0,0,0,0,0.0,-3,9,2,0.0,9,4,3,16,9,1,0,0,0,0,0.0,1,2,0,0,0,66,39,16,11,3161,429,134,2601,PIT,Metropolitan,Eastern
2025-2026,20251106,29,ANA,38010,Sam Colangelo,ROSTER,23.0,"6'2""",205.0,USA,"Stoneham, MA",True,RW,7,1,0,1,0.43,0.0,0.14,0.14,7.2,10.2,0,0,0,0,0,0,0,0,0,0,0,0,0,0.0,-3,11,3,33.3,1,5,3,9,7,6,0,2,1,1,50.0,2,4,0,0,0,105,70,21,16,4285,812,132,3383,ANA,Pacific,Western
2025-2026,20251106,30,UTA,4905,Ian Cole,ROSTER,36.0,"6'1""",225.0,USA,"Ann Arbor, MI",False,D,14,1,5,6,0.71,0.36,0.07,0.43,56.8,20.3,0,0,0,0,0,0,0,0,0,0,0,0,0,0.0,7,25,10,10.0,31,8,7,18,25,15,3,0,0,0,0.0,4,8,2,4,0,316,182,49,86,15429,3846,613,10970,UTA,Central,Western
2025-2026,20251106,23,CGY,11702,Blake Coleman,ROSTER,33.0,"5'11""",207.0,USA,"Plano, TX",False,LW,14,5,1,6,2.64,0.07,0.36,0.43,30.9,15.2,1,0,0,0,1,0,1,0,0,0,0,0,0,0.0,-1,61,37,13.5,9,11,13,28,13,16,3,16,6,10,37.5,3,6,5,10,0,335,164,116,60,14747,3733,1481,9533,CGY,Pacific,Western
2025-2026,20251106,22,COL,18195,Ross Colton,ROSTER,29.0,"6'0""",190.0,USA,"Robbinsville, New Jersey",False,C,14,2,4,6,1.86,0.29,0.14,0.43,31.0,15.0,0,0,0,0,0,0,0,1,0,0,0,0,0,0.0,-1,58,26,7.7,6,16,16,35,9,11,3,17,9,8,52.9,1,5,5,13,1,250,140,74,38,10335,1648,1450,7237,COL,Central,Western
2025-2026,20251106,16,DET,5564,J.T. Compher,ROSTER,30.0,"6'0""",190.0,USA,"Northbrook, IL",False,LW,14,2,3,5,0.86,0.21,0.14,0.36,13.6,5.1,0,0,0,0,0,0,0,0,0,0,0,0,0,0.0,-1,27,12,16.7,8,11,5,3,12,7,0,145,71,74,49.0,1,2,4,8,0,314,141,82,93,13991,2792,1536,9724,DET,Atlantic,Eastern
2025-2026,20251106,2,WPJ,5612,Kyle Connor,ROSTER,28.0,"6'1""",182.0,USA,"Clinton Township, MI",False,LW,13,8,9,17,3.77,0.69,0.62,1.31,6.7,10.2,2,1,3,4,1,0,1,1,0,1,0,0,0,0.0,9,81,49,16.3,2,20,12,6,14,13,5,0,0,0,0.0,2,4,3,6,0,289,136,111,50,15919,3219,2385,10315,WPG,,
2025-2026,20251106,30,UTA,56257,Logan Cooley,ROSTER,21.0,"5'11""",180.0,USA,"Pittsburgh, PA",False,C,14,8,4,12,2.0,0.29,0.57,0.86,18.3,15.2,2,3,1,4,0,0,0,0,0,0,0,0,0,0.0,1,46,28,28.6,6,5,13,15,15,20,4,182,78,104,42.9,3,6,5,10,0,306,221,46,48,15641,3911,603,11129,UTA,Central,Western
2025-2026,20251106,21,VAN,167600,Braeden Cootes,ASSIGNED_TO_OTHER,18.0,"6'0""",183.0,Canada,"Sherwood Park, AB",True,C,3,0,0,0,0.0,0.0,0.0,0.0,3.4,0.0,0,0,0,0,0,0,0,0,0,0,0,0,0,0.0,-2,0,0,0.0,1,0,0,3,1,4,0,13,5,8,38.5,0,0,0,0,0,44,38,5,1,1940,192,0,1748,VAN,Pacific,Western
2025-2026,20251106,16,DET,5555,Andrew Copp,ROSTER,31.0,"6'1""",206.0,USA,"Ann Arbor, MI",False,C,14,1,4,5,0.93,0.29,0.07,0.36,27.5,20.3,0,0,2,2,0,0,0,0,0,0,0,0,0,0.0,-5,31,13,7.7,14,7,11,11,15,15,2,94,44,50,46.8,4,8,1,2,0,302,128,78,97,12621,2304,604,9713,DET,Atlantic,Eastern
2025-2026,20251106,23,CGY,37972,Matt Coronato,ROSTER,22.0,"5'10""",183.0,USA,"New York, NY",True,RW,13,3,2,5,1.85,0.15,0.23,0.38,7.1,15.2,1,2,0,2,0,0,0,0,0,0,1,1,0,0.0,-12,64,24,12.5,4,27,13,2,10,6,5,16,3,13,18.8,3,6,1,2,0,263,184,52,30,12990,3643,429,8918,CGY,Pacific,Western
2025-2026,20251106,7,NJD,18224,Paul Cotter,ROSTER,25.0,"6'0""",185.0,USA,"Carton, MI",False,LW,13,1,1,2,1.15,0.08,0.08,0.15,26.8,10.2,0,0,0,0,0,0,0,0,0,0,0,0,0,0.0,-5,28,15,6.7,4,7,6,33,19,7,2,8,5,3,62.5,2,4,2,4,0,209,131,36,43,9472,1603,598,7271,NJD,Metropolitan,Eastern
2025-2026,20251106,13,OTT,5536,Nick Cousins,ROSTER,32.0,"5'11""",183.0,Canada,"Belleville, ON",False,C,13,2,1,3,0.77,0.08,0.15,0.23,29.0,55.8,0,0,0,0,0,0,0,0,0,0,0,0,0,0.0,3,22,10,20.0,9,4,8,25,26,11,2,8,3,5,37.5,7,25,7,17,1,223,110,77,38,8741,1437,1604,5700,OTT,Atlantic,Eastern
2025-2026,20251106,6,PHI,4995,Sean Couturier,ROSTER,32.0,"6'3""",211.0,USA,"Phoenix, AZ",False,C,12,2,7,9,1.5,0.58,0.17,0.75,20.2,20.3,0,0,0,0,0,0,0,1,0,0,0,0,0,0.0,1,39,18,11.1,9,12,9,11,10,12,5,201,109,92,54.2,4,8,1,2,0,288,129,70,91,13253,3713,651,8889,PHI,Metropolitan,Eastern
2025-2026,20251106,12,TOR,112362,Easton Cowan,ROSTER,20.0,"5'10""",170.0,Canada,"Mount Brydges, ON",True,RW,10,1,3,4,1.5,0.3,0.1,0.4,14.1,0.0,0,0,0,0,0,0,0,0,0,0,0,0,0,0.0,1,30,15,6.7,4,9,6,13,14,11,0,2,1,1,50.0,0,0,5,10,0,160,136,25,1,7526,1985,121,5381,TOR,Atlantic,Eastern
2025-2026,20251106,19,CBJ,5124,Charlie Coyle,ROSTER,33.0,"6'3""",220.0,USA,"East Weymouth, MA",False,C,12,2,7,9,1.42,0.58,0.17,0.75,21.9,0.0,0,0,1,1,0,0,0,0,0,0,0,0,0,0.0,1,30,17,11.8,8,7,6,16,10,6,4,179,91,88,50.8,0,0,0,0,0,248,113,62,72,12104,3441,364,8164,CBJ,Metropolitan,Eastern
2025-2026,20251106,13,OTT,19086,Dylan Cozens,ROSTER,24.0,"6'3""",183.0,Canada,"Whitehorse, Yukon",True,C,13,6,4,10,2.38,0.31,0.46,0.77,38.2,10.2,2,3,3,6,0,0,0,0,0,0,0,0,0,0.0,-11,54,31,19.4,7,14,9,44,14,8,0,134,72,62,53.7,2,4,2,4,0,303,157,58,94,13583,2095,684,10860,OTT,Atlantic,Eastern
2025-2026,20251106,20,CHI,34950,Louis Crevier,ROSTER,24.0,"6'8""",214.0,Canada,"Quebec City, QC",True,D,12,2,2,4,0.92,0.17,0.17,0.33,21.9,45.6,0,0,0,0,0,0,0,0,0,0,0,0,0,0.0,3,24,11,18.2,8,8,5,16,15,5,2,0,0,0,0.0,5,21,1,5,1,215,105,29,77,9395,483,140,8571,CHI,Central,Western
2025-2026,20251106,10,PIT,3490,Sidney Crosby,ROSTER,38.0,"5'11""",200.0,Canada,"Cole Harbour, NS",False,C,14,9,8,17,2.07,0.57,0.64,1.21,19.1,45.9,3,4,1,5,0,0,0,1,0,0,1,0,1,100.0,2,55,29,31.0,7,13,13,14,9,15,6,272,142,130,52.2,7,22,4,8,0,313,166,90,60,16059,5738,1801,8284,PIT,Metropolitan,Eastern
2025-2026,20251106,30,UTA,5606,Lawson Crouse,ROSTER,28.0,"6'4""",220.0,Canada,"Mt. Brydges, ON",False,LW,14,2,2,4,1.86,0.14,0.14,0.29,36.7,5.1,0,0,0,0,0,0,0,0,0,0,0,0,0,0.0,0,53,26,7.7,9,11,16,37,7,11,3,9,3,6,33.3,1,2,3,6,0,293,126,53,116,11999,1281,658,10060,UTA,Central,Western
2025-2026,20251106,1,TBL,56653,Maxwell Crozier,ROSTER,25.0,"5'11""",161.0,Canada,"Calgary, AB",False,D,5,0,3,3,1.0,0.6,0.0,0.6,8.0,5.1,0,0,0,0,0,0,0,0,0,0,0,0,0,0.0,1,15,5,0.0,2,7,3,8,14,1,1,0,0,0,0.0,1,2,0,0,0,84,54,7,23,3760,300,36,3424,TBL,Atlantic,Eastern
2025-2026,20251106,9,NYR,30065,William Cuylle,ROSTER,23.0,"6'3""",204.0,Canada,"Toronto, ON",True,LW,14,2,4,6,2.36,0.29,0.14,0.43,47.8,30.5,0,1,0,1,0,0,0,1,0,1,0,0,0,0.0,-2,66,33,6.1,11,17,17,50,14,4,3,13,9,4,69.2,6,12,3,6,0,340,230,64,32,14579,2426,563,10858,NYR,Metropolitan,Eastern
2025-2026,20251106,20,CHI,34951,Colton Dach,ROSTER,22.0,"6'4""",196.0,Canada,"St. Albert, AB",True,C,13,1,2,3,1.38,0.15,0.08,0.23,46.6,20.3,0,0,1,1,0,0,0,0,0,0,0,0,0,0.0,-6,34,18,5.6,8,5,11,55,14,8,5,20,8,12,40.0,4,8,5,10,0,249,164,34,51,10373,1401,248,8708,CHI,Central,Western
2025-2026,20251106,14,MTL,17199,Kirby Dach,ROSTER,24.0,"6'4""",212.0,Canada,"Fort Saskatchewan, AB",False,C,10,3,2,5,1.5,0.2,0.3,0.5,22.3,10.2,1,0,1,1,0,0,0,0,0,0,0,0,0,0.0,0,27,15,20.0,10,5,7,12,12,4,2,68,28,40,41.2,2,4,3,6,0,172,98,44,33,8228,1380,690,6158,MTL,Atlantic,Eastern
2025-2026,20251106,7,NJD,4787,Evgenii Dadonov,ROSTER,36.0,"5'11""",189.0,Russia,Chelyabinsk,False,LW,1,0,0,0,2.0,0.0,0.0,0.0,2.9,0.0,0,0,0,0,0,0,0,0,0,0,0,0,0,0.0,0,3,2,0.0,2,1,0,0,3,1,0,0,0,0,0.0,0,0,0,0,0,14,4,7,3,572,104,7,461,NJD,Metropolitan,Eastern
2025-2026,20251106,15,BUF,14524,Rasmus Dahlin,ROSTER,25.0,"6'3""",193.0,Sweden,Trollhättan,False,D,13,1,8,9,2.69,0.62,0.08,0.69,30.4,25.4,0,1,4,5,0,0,0,0,0,0,1,0,0,0.0,-8,86,35,2.9,16,34,17,11,19,30,6,0,0,0,0.0,5,10,6,12,0,376,214,43,120,19181,2393,763,16025,BUF,Atlantic,Eastern
2025-2026,20251106,28,LAK,5487,Phillip Danault,ROSTER,32.0,"6'1""",201.0,Canada,"Victoriaville, QC",False,C,14,0,3,3,1.5,0.21,0.0,0.21,10.5,10.2,0,0,0,0,0,1,1,0,0,0,0,0,0,0.0,2,41,21,0.0,2,14,6,12,8,13,2,214,120,94,56.1,2,4,3,6,0,286,123,91,72,14253,2001,1464,10788,LAK,Pacific,Western
2025-2026,20251106,15,BUF,30085,Justin Danforth,ROSTER,32.0,"5'9""",185.0,Canada,"Oshawa, ON",True,RW,4,0,0,0,0.5,0.0,0.0,0.0,7.8,5.1,0,0,0,0,0,0,0,0,0,0,0,0,0,0.0,-2,6,2,0.0,4,3,1,3,2,3,0,31,17,14,54.8,1,2,0,0,0,71,31,9,31,2809,362,109,2338,BUF,Atlantic,Eastern
2025-2026,20251106,1,TBL,18311,Charle-Edouard D’Astous,ROSTER,27.0,"6'2""",204.0,Canada,"Rimouski, QC",False,D,6,1,2,3,1.0,0.33,0.17,0.5,10.9,25.1,0,0,1,1,0,0,0,1,0,0,0,0,0,0.0,1,12,6,16.7,4,3,3,8,19,5,3,0,0,0,0.0,3,9,2,7,1,120,65,27,29,5356,837,186,4333,TBL,Atlantic,Eastern
2025-2026,20251106,8,NYI,5424,Tony DeAngelo,ROSTER,30.0,"5'11""",180.0,USA,"Sewell, New Jersey",False,D,13,1,4,5,2.15,0.31,0.08,0.38,26.8,10.2,0,0,0,0,0,0,0,0,0,0,0,0,0,0.0,-4,54,28,3.6,14,16,10,10,11,15,1,0,0,0,0.0,2,4,1,2,0,279,168,68,44,14107,2305,1802,10000,NYI,Metropolitan,Eastern
2025-2026,20251106,16,DET,13688,Alex DeBrincat,ROSTER,27.0,"5'7""",165.0,USA,"Farmington Hills, MI",False,RW,14,4,11,15,3.93,0.79,0.29,1.07,6.5,0.0,1,3,3,6,0,0,0,0,0,0,2,1,0,0.0,-1,104,55,7.3,4,22,27,1,11,13,2,3,0,3,0.0,0,0,2,4,0,283,139,48,100,14641,3148,541,10952,DET,Atlantic,Eastern
2025-2026,20251106,21,VAN,5609,Jake DeBrusk,ROSTER,29.0,"6'0""",188.0,Canada,"Edmonton, AB",False,LW,14,3,2,5,3.0,0.14,0.21,0.36,18.7,5.1,1,3,0,3,0,0,0,0,0,0,2,1,1,50.0,-1,65,42,7.1,8,8,15,11,13,14,2,8,2,6,25.0,1,2,2,4,0,304,125,71,112,15132,3841,658,10701,VAN,Pacific,Western
2025-2026,20251106,26,SJS,14536,Ty Dellandrea,ROSTER,25.0,"6'0""",184.0,Canada,"Toronto, ON",True,C,13,0,5,5,0.69,0.38,0.0,0.38,31.6,5.1,0,0,0,0,0,1,1,0,0,0,0,0,0,0.0,-4,18,9,0.0,9,8,1,29,16,7,3,139,74,65,53.2,1,2,5,10,0,232,123,58,51,10218,1235,986,7997,SJS,Pacific,Western
2025-2026,20251106,20,CHI,39063,Ethan Del Mastro,ASSIGNED_TO_MINORS,22.0,"6'4""",210.0,Canada,"Burlington, ON",True,D,1,0,0,0,1.0,0.0,0.0,0.0,6.7,0.0,0,0,0,0,0,0,0,0,0,0,0,0,0,0.0,-1,1,1,0.0,2,0,0,6,5,1,0,0,0,0,0.0,0,0,0,0,0,25,16,1,8,1055,123,0,932,CHI,Central,Western
2025-2026,20251106,2,WPJ,5822,Dylan DeMelo,ROSTER,32.0,"6'0""",191.0,Canada,"London, ON",False,D,13,1,6,7,0.69,0.46,0.08,0.54,48.0,25.4,0,0,0,0,0,1,1,0,0,0,0,0,0,0.0,6,24,9,11.1,28,10,5,11,18,17,1,0,0,0,0.0,5,10,4,8,0,359,192,73,95,17041,3639,629,12773,WPG,,
2025-2026,20251106,14,MTL,142498,Ivan Demidov,ROSTER,,,,,,False,RW,13,4,8,12,1.31,0.62,0.31,0.92,9.9,20.3,1,1,4,5,0,0,0,1,0,0,1,1,0,0.0,4,40,17,23.5,5,10,13,4,15,15,5,0,0,0,0.0,4,8,2,4,0,220,192,27,5,10983,2347,188,8448,MTL,Atlantic,Eastern
2025-2026,20251106,26,SJS,18276,Vincent Desharnais,ROSTER,29.0,"6'6""",209.0,Canada,"Laval, QC",False,D,9,0,1,1,0.78,0.11,0.0,0.11,31.7,30.6,0,0,0,0,0,0,0,0,0,0,0,0,0,0.0,-2,17,7,0.0,16,7,3,13,10,7,0,0,0,0,0.0,4,16,2,4,0,181,93,19,69,8491,941,149,7401,SJS,Pacific,Western
2025-2026,20251106,6,PHI,5341,Nicolas Deslauriers,ROSTER,34.0,"6'3""",219.0,Canada,"Lasalle, QC",False,LW,5,0,0,0,0.4,0.0,0.0,0.0,9.7,29.9,0,0,0,0,0,0,0,0,0,0,0,0,0,0.0,-2,3,2,0.0,1,0,1,13,1,1,0,0,0,0,0.0,2,10,2,10,2,45,32,5,8,2156,393,129,1634,PHI,Metropolitan,Eastern
2025-2026,20251106,10,PIT,18082,Connor Dewar,ROSTER,26.0,"5'10""",170.0,Canada,"The Pas, MB",False,C,14,3,2,5,1.79,0.14,0.21,0.36,30.8,0.0,1,0,0,0,0,0,0,1,0,0,0,0,0,0.0,0,41,25,12.0,5,11,5,37,20,4,2,2,1,1,50.0,0,0,6,15,0,259,133,57,64,10975,1272,486,8919,PIT,Metropolitan,Eastern
2025-2026,20251106,20,CHI,9073,Jason Dickinson,ROSTER,30.0,"6'2""",200.0,Canada,"Georgetown, ON",False,C,8,1,2,3,1.25,0.25,0.12,0.38,12.6,5.1,0,0,0,0,0,0,0,0,0,0,0,0,0,0.0,-1,22,10,10.0,6,5,7,6,8,10,3,126,68,58,54.0,1,2,0,0,0,171,84,42,46,6907,985,379,5543,CHI,Central,Western
2025-2026,20251106,26,SJS,142718,Sam Dickinson,ROSTER,,,,,,False,D,10,1,0,1,1.1,0.0,0.1,0.1,12.6,15.2,0,0,0,0,0,0,0,0,0,0,0,0,0,0.0,-2,22,11,9.1,6,9,2,6,14,10,3,0,0,0,0.0,3,6,1,2,0,179,153,11,17,8588,898,19,7674,SJS,Pacific,Western
2025-2026,20251106,7,NJD,5103,Brenden Dillon,ROSTER,34.0,"6'4""",225.0,Canada,"New Westminster, BC",False,D,13,2,4,6,0.92,0.31,0.15,0.46,57.5,10.2,0,0,0,0,0,0,0,2,0,0,0,0,0,0.0,2,28,12,16.7,25,9,7,33,14,5,4,0,0,0,0.0,2,4,1,2,0,293,161,38,96,14705,3636,708,10361,NJD,Metropolitan,Eastern
2025-2026,20251106,15,BUF,37981,Josh Doan,ROSTER,23.0,"6'1""",183.0,USA,"Scottsdale, AZ",True,RW,13,4,5,9,2.85,0.38,0.31,0.69,12.6,10.2,1,2,1,3,0,0,0,1,0,0,0,0,0,0.0,1,59,37,10.8,3,9,12,13,20,13,6,3,2,1,66.7,2,4,4,8,0,266,191,55,25,11900,2960,231,8709,BUF,Atlantic,Eastern
2025-2026,20251106,14,MTL,14535,Noah Dobson,ROSTER,25.0,"6'4""",184.0,Canada,"Summerside, PE",False,D,13,1,7,8,1.77,0.54,0.08,0.62,43.5,20.3,0,0,1,1,0,0,0,0,0,0,0,0,0,0.0,2,48,23,4.3,28,13,12,4,24,19,4,0,0,0,0.0,4,8,1,2,0,334,172,77,86,17623,2311,717,14595,MTL,Atlantic,Eastern
2025-2026,20251106,12,TOR,5412,Max Domi,ROSTER,30.0,"5'10""",192.0,Canada,"Winnipeg, MB",False,C,14,3,1,4,1.93,0.07,0.21,0.29,17.6,20.3,1,0,0,0,0,0,0,1,0,0,0,0,0,0.0,-9,45,27,11.1,9,13,5,7,7,18,4,100,47,53,47.0,4,8,4,8,0,239,120,89,33,10746,2249,1319,7178,TOR,Atlantic,Eastern
2025-2026,20251106,20,CHI,14137,Ryan Donato,ROSTER,29.0,"6'0""",192.0,USA,"Boston, MA",False,C,13,6,2,8,2.15,0.15,0.46,0.62,15.2,20.3,2,1,0,1,0,0,0,2,0,1,1,0,0,0.0,-1,56,28,21.4,3,9,19,17,18,9,4,29,16,13,55.2,4,8,1,2,0,268,136,76,58,12299,2398,702,8958,CHI,Central,Western
2025-2026,20251106,142,VGK,29771,Pavel Dorofeyev,ROSTER,25.0,"6'0""",176.0,Russia,Nizhny Tagil,True,RW,12,9,1,10,2.92,0.08,0.75,0.83,10.5,15.2,3,5,1,6,0,0,0,1,1,0,1,0,1,100.0,2,73,35,25.7,5,19,19,5,8,11,1,0,0,0,0.0,3,6,2,4,0,241,160,85,6,12532,3987,1605,6899,VGK,Pacific,Western
2025-2026,20251106,28,LAK,4510,Drew Doughty,ROSTER,35.0,"6'1""",202.0,Canada,"London, ON",False,D,14,2,3,5,1.43,0.21,0.14,0.36,35.6,10.2,0,0,0,0,0,1,1,0,0,0,0,0,0,0.0,5,57,20,10.0,20,24,13,10,17,23,7,0,0,0,0.0,2,4,1,2,0,377,186,76,117,19902,4941,1127,13832,LAK,Pacific,Western
2025-2026,20251106,1,TBL,38444,Curtis Douglas,ROSTER,25.0,"6'9""",248.0,Canada,"Oakville, ON",True,C,9,0,0,0,0.56,0.0,0.0,0.0,8.6,35.0,0,0,0,0,0,0,0,0,0,0,0,0,0,0.0,1,11,5,0.0,2,1,5,9,3,1,1,1,1,0,100.0,3,12,3,12,2,81,47,11,23,2760,531,10,2219,TBL,Atlantic,Eastern
2025-2026,20251106,5,WSH,9007,Nic Dowd,ROSTER,35.0,"6'1""",195.0,USA,"Huntsville, AL",False,C,13,1,2,3,1.23,0.15,0.08,0.23,26.9,15.2,0,0,0,0,0,0,0,0,0,0,0,0,0,0.0,0,25,16,6.2,8,6,3,24,15,7,4,170,83,87,48.8,3,6,4,8,0,275,115,93,68,11846,2211,1040,8595,WSH,Metropolitan,Eastern
2025-2026,20251106,24,EDM,5417,Leon Draisaitl,ROSTER,30.0,"6'2""",208.0,Germany,Köln,False,C,15,10,7,17,2.67,0.47,0.67,1.13,10.3,10.2,3,6,3,9,0,0,0,0,0,0,2,0,2,100.0,4,76,40,25.0,4,14,22,7,8,22,7,235,135,100,57.4,2,4,3,6,0,350,179,76,92,20272,5364,1454,13052,EDM,Pacific,Western
2025-2026,20251106,8,NYI,5230,Jonathan Drouin,ROSTER,30.0,"6'0""",203.0,Canada,"Ste-Agathe, QC",False,LW,12,1,6,7,1.33,0.5,0.08,0.58,9.9,29.4,0,0,1,1,0,0,0,0,0,0,1,1,0,0.0,5,36,16,6.2,5,4,16,4,5,6,1,17,9,8,52.9,3,17,5,10,0,241,116,72,54,12718,3291,738,8689,NYI,Metropolitan,Eastern
2025-2026,20251106,22,COL,14565,Jack Drury,ROSTER,25.0,"5'11""",174.0,USA,"Winnetka, IL",True,C,14,1,4,5,1.36,0.29,0.07,0.36,23.7,20.3,0,0,0,0,0,0,0,0,0,0,0,0,0,0.0,-1,40,19,5.3,14,7,14,5,22,6,3,194,105,89,54.1,4,8,2,4,0,291,174,78,40,12314,1889,1181,9244,COL,Central,Western
2025-2026,20251106,6,PHI,27448,Jamie Drysdale,ROSTER,23.0,"5'11""",187.0,Canada,"Toronto, ON",True,D,13,1,4,5,0.92,0.31,0.08,0.38,31.2,30.6,0,0,0,0,0,0,0,1,0,0,0,0,0,0.0,-2,47,12,8.3,20,20,15,3,17,9,1,0,0,0,0.0,4,16,3,6,0,346,268,46,35,17178,2718,235,14181,PHI,Metropolitan,Eastern
2025-2026,20251106,5,WSH,13710,Pierre-Luc Dubois,ROSTER,27.0,"6'3""",218.0,Canada,"Ste-Agathe-des-Monts, QC",False,LW,6,0,0,0,1.5,0.0,0.0,0.0,8.2,5.1,0,0,0,0,0,0,0,0,0,0,0,0,0,0.0,0,19,9,0.0,3,4,6,6,7,2,1,78,33,45,42.3,1,2,2,4,0,113,61,32,20,5592,1216,935,3441,WSH,Metropolitan,Eastern
2025-2026,20251106,27,DAL,4663,Matt Duchene,ROSTER,34.0,"5'11""",195.0,Canada,"Haliburton, ON",False,C,4,1,1,2,0.75,0.25,0.25,0.5,7.1,0.0,0,1,0,1,0,0,0,1,0,0,1,0,0,0.0,0,5,3,33.3,4,2,0,2,2,1,1,23,12,11,52.2,0,0,2,4,0,72,44,15,14,3467,906,86,2475,DAL,Central,Western
2025-2026,20251106,8,NYI,5441,Anthony Duclair,ROSTER,30.0,"5'11""",198.0,Canada,"Laval, QC",False,LW,13,3,1,4,1.54,0.08,0.23,0.31,14.6,10.2,1,1,0,1,0,0,0,0,0,0,1,0,0,0.0,2,32,20,15.0,10,8,4,0,5,8,1,0,0,0,0.0,2,4,1,2,0,229,106,89,37,11088,1760,1360,7919,NYI,Metropolitan,Eastern
2025-2026,20251106,5,WSH,18079,Brandon Duhaime,ROSTER,28.0,"6'0""",185.0,USA,"Parkland, FL",False,RW,13,0,1,1,0.54,0.08,0.0,0.08,29.1,50.2,0,0,0,0,0,0,0,0,0,0,0,0,0,0.0,-3,21,7,0.0,6,7,7,32,21,4,1,12,2,10,16.7,6,18,7,20,2,256,138,62,55,10144,1145,582,8380,WSH,Metropolitan,Eastern
2025-2026,20251106,10,PIT,5125,Matt Dumba,ROSTER,31.0,"6'0""",180.0,Canada,"Regina, SK",False,D,5,0,1,1,0.6,0.2,0.0,0.2,11.6,30.2,0,0,0,0,0,0,0,0,0,0,0,0,0,0.0,-1,11,3,0.0,4,5,3,9,5,6,4,0,0,0,0.0,4,11,1,5,1,96,55,19,22,4508,519,292,3697,PIT,Metropolitan,Eastern
2025-2026,20251106,28,LAK,5310,Brian Dumoulin,ROSTER,34.0,"6'4""",207.0,USA,"Biddeford, MN",False,D,14,0,1,1,1.07,0.07,0.0,0.07,34.8,5.1,0,0,0,0,0,0,0,0,0,0,0,0,0,0.0,-3,34,15,0.0,19,11,8,11,28,18,6,0,0,0,0.0,1,2,2,4,0,334,176,66,92,16507,2861,982,12664,LAK,Pacific,Western
2025-2026,20251106,143,SEA,5650,Vince Dunn,ROSTER,29.0,"6'0""",203.0,Canada,"Lindsay, ON",False,D,12,2,5,7,2.33,0.42,0.17,0.58,14.4,15.2,0,0,3,3,0,0,0,0,0,0,0,0,0,0.0,-4,59,28,7.1,9,22,9,2,17,14,3,0,0,0,0.0,3,6,1,2,0,321,157,102,55,16790,2723,1751,11915,SEA,Pacific,Western
2025-2026,20251106,15,BUF,29977,Josh Dunne,ROSTER,26.0,"6'4""",210.0,USA,"OFallon, MO",True,C,7,1,0,1,0.86,0.0,0.14,0.14,10.7,10.2,0,0,0,0,0,0,0,0,0,0,0,0,0,0.0,0,11,6,16.7,3,0,5,10,3,3,0,7,1,6,14.3,2,4,5,10,0,96,77,11,9,3977,345,84,3548,BUF,Atlantic,Eastern
2025-2026,20251106,30,UTA,14575,Sean Durzi,ROSTER,27.0,"6'0""",188.0,Canada,"Mississauga, ON",True,D,2,0,1,1,1.0,0.5,0.0,0.5,7.8,10.2,0,0,0,0,0,0,0,0,0,0,0,0,0,0.0,0,3,2,0.0,4,1,0,3,1,4,1,0,0,0,0.0,2,4,0,0,0,52,31,7,14,2271,34,72,2165,UTA,Central,Western
2025-2026,20251106,6,PHI,10069,Christian Dvorak,ROSTER,29.0,"6'1""",200.0,USA,"Palos, IL",False,C,13,3,3,6,1.62,0.23,0.23,0.46,17.4,15.2,1,0,0,0,0,1,1,0,0,0,0,0,0,0.0,1,36,21,14.3,8,5,10,9,7,5,2,147,76,71,51.7,3,6,3,6,0,288,126,63,102,13171,1741,1048,10382,PHI,Metropolitan,Eastern
2025-2026,20251106,17,STL,142730,Dalibor Dvorský,ROSTER,20.0,"6'1""",201.0,Slovakia,Zvolen,True,RW,4,1,0,1,1.5,0.0,0.25,0.25,8.2,0.0,0,1,0,1,0,0,0,0,0,0,0,0,0,0.0,-1,11,6,16.7,3,1,4,6,2,1,1,40,19,21,47.5,0,0,0,0,0,78,62,16,1,3793,410,44,3339,STL,Central,Western
2025-2026,20251106,143,SEA,4505,Jordan Eberle,ROSTER,35.0,"5'11""",187.0,Canada,"Regina, SK",False,RW,12,5,5,10,2.33,0.42,0.42,0.83,16.2,15.2,1,0,3,3,0,0,0,1,0,0,1,0,0,0.0,3,54,28,17.9,5,10,16,14,12,13,2,12,7,5,58.3,3,6,1,2,0,282,146,67,65,13871,5220,1051,7241,SEA,Pacific,Western
2025-2026,20251106,28,LAK,5823,Joel Edmundson,ROSTER,32.0,"6'5""",224.0,Canada,"Brandon, MB",False,D,14,0,5,5,1.57,0.36,0.0,0.36,27.7,25.4,0,0,0,0,0,0,0,0,0,0,0,0,0,0.0,3,49,22,0.0,12,17,10,16,13,14,3,0,0,0,0.0,5,10,0,0,0,311,170,35,106,14378,1820,609,11949,LAK,Pacific,Western
2025-2026,20251106,9,NYR,39222,Adam Edstrom,ROSTER,25.0,"6'6""",210.0,Sweden,,True,C,14,0,2,2,0.71,0.14,0.0,0.14,30.1,5.1,0,0,0,0,0,0,0,0,0,0,0,0,0,0.0,2,18,10,0.0,8,3,5,29,3,7,3,0,0,0,0.0,1,2,0,0,0,205,134,34,27,8386,1201,472,6341,NYR,Metropolitan,Eastern
2025-2026,20251106,16,DET,37971,Simon Edvinsson,ROSTER,22.0,"6'4""",198.0,Sweden,Kungsbacka,True,D,14,3,2,5,1.07,0.14,0.21,0.36,58.6,40.6,1,0,0,0,0,0,0,1,0,0,0,0,0,0.0,-4,39,15,20.0,34,12,12,14,25,17,3,0,0,0,0.0,8,16,3,6,0,366,234,35,100,17927,1729,476,15722,DET,Atlantic,Eastern
2025-2026,20251106,3,CAR,5419,Nikolaj Ehlers,ROSTER,29.0,"6'0""",172.0,Denmark,Aalborg,False,LW,12,1,4,5,2.83,0.33,0.08,0.42,7.6,15.2,0,1,0,1,0,0,0,1,0,0,0,0,0,0.0,1,67,34,2.9,3,19,14,5,6,10,2,10,5,5,50.0,3,6,3,6,0,233,118,36,80,12221,1959,543,9719,CAR,Metropolitan,Eastern
2025-2026,20251106,142,VGK,5597,Jack Eichel,ROSTER,29.0,"6'2""",203.0,USA,"Chelmsford, MA",False,C,12,8,11,19,4.17,0.92,0.67,1.58,12.8,0.0,2,0,9,9,0,0,0,2,0,0,1,0,0,0.0,6,82,50,16.0,7,15,17,4,5,25,8,213,108,105,50.7,0,0,4,8,0,277,154,101,30,14923,3112,2943,8822,VGK,Pacific,Western
2025-2026,20251106,4,FLO,5414,Aaron Ekblad,ROSTER,29.0,"6'4""",215.0,Canada,"Windsor, ON",False,D,13,1,2,3,1.69,0.15,0.08,0.23,34.6,15.2,0,1,0,1,0,0,0,1,0,0,0,0,0,0.0,-1,51,22,4.5,18,22,7,13,9,6,3,0,0,0,0.0,3,6,0,0,0,365,150,76,140,18298,3953,1323,13022,FLA,,
2025-2026,20251106,24,EDM,5022,Mattias Ekholm,ROSTER,35.0,"6'4""",215.0,Sweden,Borlange,False,D,15,1,5,6,1.8,0.33,0.07,0.4,56.1,10.2,0,0,1,1,0,0,0,0,0,0,0,0,0,0.0,-6,63,27,3.7,34,22,14,10,23,27,8,0,0,0,0.0,2,4,1,2,0,358,215,53,83,18025,4525,977,12118,EDM,Pacific,Western
2025-2026,20251106,26,SJS,32927,William Eklund,ROSTER,23.0,"5'10""",176.0,Sweden,Stockholm,True,LW,12,5,6,11,2.58,0.5,0.42,0.92,19.7,5.1,1,2,3,5,0,0,0,0,0,0,0,0,0,0.0,-5,64,31,16.1,10,16,17,8,11,14,3,4,0,4,0.0,1,2,3,6,0,267,190,36,46,14279,2731,490,11058,SJS,Pacific,Western
2025-2026,20251106,12,TOR,4866,Oliver Ekman-Larsson,ROSTER,34.0,"6'2""",200.0,Sweden,Karlskrona,False,D,14,1,8,9,1.14,0.57,0.07,0.64,32.6,35.6,0,0,2,2,0,0,0,0,0,0,0,0,0,0.0,4,43,16,6.2,14,19,8,19,15,23,2,0,0,0,0.0,7,14,1,2,0,392,206,87,100,16913,3904,1100,11909,TOR,Atlantic,Eastern
2025-2026,20251106,13,OTT,4723,Lars Eller,ROSTER,36.0,"6'2""",205.0,Denmark,Rødovre,False,C,13,2,4,6,1.15,0.31,0.15,0.46,19.3,0.0,0,0,0,0,1,0,1,0,0,0,0,0,0,0.0,-1,31,15,13.3,8,12,4,12,18,7,2,144,85,59,59.0,0,0,2,4,0,258,119,70,71,10989,3929,1084,5976,OTT,Atlantic,Eastern
2025-2026,20251106,24,EDM,30040,Ty Emberson,ROSTER,25.0,"6'1""",195.0,USA,"Eau Claire, WI",True,D,14,1,2,3,0.79,0.14,0.07,0.21,42.0,0.0,0,0,0,0,0,0,0,1,0,0,0,0,0,0.0,2,24,11,9.1,20,11,2,20,37,9,4,0,0,0,0.0,0,0,2,4,0,270,148,68,51,13099,2082,1440,9421,EDM,Pacific,Western
2025-2026,20251106,25,MIN,5615,Joel Eriksson Ek,ROSTER,28.0,"6'1""",210.0,Sweden,Karlstad,False,C,14,2,7,9,3.0,0.5,0.14,0.64,32.4,20.3,0,1,4,5,0,0,0,0,0,0,0,0,0,0.0,-8,71,42,4.8,10,14,15,28,14,6,4,308,159,149,51.6,4,8,5,10,0,281,125,87,71,16522,3397,1210,11915,MIN,Central,Western
2025-2026,20251106,27,DAL,11673,Adam Erne,ROSTER,30.0,"6'1""",212.0,USA,"New Haven, CT",False,LW,10,1,1,2,0.7,0.1,0.1,0.2,31.0,5.1,0,0,0,0,0,0,0,0,0,0,0,0,0,0.0,0,20,7,14.3,6,4,9,35,5,2,0,4,2,2,50.0,1,2,1,2,0,148,88,47,13,6052,1750,682,3573,DAL,Central,Western
2025-2026,20251106,18,NSH,28523,Luke Evangelista,ROSTER,23.0,"5'11""",166.0,Canada,"Oakville, ON",True,RW,14,1,7,8,1.93,0.5,0.07,0.57,6.3,5.1,0,1,2,3,0,0,0,0,0,0,1,1,0,0.0,-1,47,27,3.7,3,6,14,3,17,14,5,0,0,0,0.0,1,2,4,8,0,239,166,46,29,12249,2252,696,9303,NSH,Central,Western
2025-2026,20251106,14,MTL,17548,Jake Evans,ROSTER,29.0,"6'0""",190.0,Canada,"Toronto, ON",False,C,13,1,1,2,1.23,0.08,0.08,0.15,31.9,15.4,0,0,0,0,0,0,0,0,0,0,0,0,0,0.0,-6,37,16,6.2,14,10,11,18,15,14,3,190,109,81,57.4,1,10,3,6,0,262,119,90,54,12485,1793,1507,9185,MTL,Atlantic,Eastern
2025-2026,20251106,11,BOS,18068,Mikey Eyssimont,ROSTER,29.0,"6'0""",192.0,USA,"Littleton, CO",False,C,15,3,4,7,2.07,0.27,0.2,0.47,13.9,30.2,1,0,1,1,0,0,0,1,0,0,0,0,0,0.0,-5,48,31,9.7,6,5,12,8,12,6,1,0,0,0,0.0,4,11,5,13,1,231,116,51,67,10186,1771,543,7872,BOS,Atlantic,Eastern
2025-2026,20251106,19,CBJ,9643,Dante Fabbro,ROSTER,27.0,"6'0""",189.0,Canada,"New Westminster, BC",False,D,12,1,2,3,1.08,0.17,0.08,0.25,35.6,5.1,0,0,0,0,0,0,0,0,0,0,0,0,0,0.0,1,33,13,7.7,23,15,5,3,23,8,4,0,0,0,0.0,1,2,1,2,0,242,129,41,70,12381,1686,741,9775,CBJ,Metropolitan,Eastern
2025-2026,20251106,25,MIN,38005,Brock Faber,ROSTER,23.0,"6'0""",190.0,USA,"Maple Grove, MN",True,D,14,1,6,7,2.5,0.43,0.07,0.5,44.8,0.0,0,0,4,4,0,0,0,0,0,0,0,0,0,0.0,-7,68,35,2.9,28,13,20,6,27,14,7,0,0,0,0.0,0,0,0,0,0,359,245,78,37,19658,2795,1465,15398,MIN,Central,Western
2025-2026,20251106,27,DAL,5116,Radek Faksa,ROSTER,31.0,"6'3""",220.0,Czech Republic,Opava,False,C,12,1,3,4,0.42,0.25,0.08,0.33,27.1,5.1,0,0,0,0,0,0,0,0,0,0,0,0,0,0.0,-2,12,5,20.0,9,4,3,22,6,5,3,106,59,47,55.7,1,2,4,8,0,212,102,34,77,8854,1977,387,6490,DAL,Central,Western
2025-2026,20251106,19,CBJ,111258,Adam Fantilli,ROSTER,21.0,"6'2""",187.0,Canada,"Nobleton, ON",True,C,12,2,4,6,2.08,0.33,0.17,0.5,18.9,10.2,0,0,0,0,0,0,0,0,0,0,1,0,1,100.0,-4,61,25,8.0,6,20,16,16,9,15,5,77,41,36,53.2,2,4,3,6,0,213,171,37,5,11462,2373,317,8881,CBJ,Metropolitan,Eastern
2025-2026,20251106,23,CGY,14537,Joel Farabee,ROSTER,25.0,"6'0""",164.0,USA,"Cicero, NY",False,LW,14,2,4,6,2.0,0.29,0.14,0.43,28.2,5.1,0,0,2,2,0,0,0,0,0,0,0,0,0,0.0,-4,51,28,7.1,11,13,10,19,23,11,1,18,8,10,44.4,1,2,1,2,0,315,174,63,80,15112,2619,1122,11371,CGY,Pacific,Western
2025-2026,20251106,17,STL,5009,Justin Faulk,ROSTER,33.0,"6'0""",217.0,USA,"South St.Paul, MN",False,D,14,2,4,6,1.79,0.29,0.14,0.43,55.7,10.2,0,1,3,4,0,0,0,0,0,0,0,0,0,0.0,-3,49,25,8.0,32,16,8,14,13,12,5,0,0,0,0.0,2,4,0,0,0,396,208,70,120,19805,4167,820,14818,STL,Central,Western
2025-2026,20251106,5,WSH,14569,Martin Fehervary,ROSTER,26.0,"6'2""",200.0,Slovakia,Bratislava,False,D,13,1,5,6,1.31,0.38,0.08,0.46,47.6,10.2,0,0,0,0,0,0,0,0,0,0,0,0,0,0.0,2,35,17,5.9,23,14,4,22,23,11,0,0,0,0,0.0,2,4,2,4,0,281,165,59,56,15012,1571,1091,12302,WSH,Metropolitan,Eastern
2025-2026,20251106,3,CAR,56335,Dominick Fensore,ROSTER,24.0,"5'7""",153.0,USA,"Thornwood, NY",False,D,1,0,0,0,2.0,0.0,0.0,0.0,5.0,0.0,0,0,0,0,0,0,0,0,0,0,0,0,0,0.0,-2,5,2,0.0,3,2,1,1,3,0,0,0,0,0,0.0,0,0,0,0,0,27,15,0,12,1162,46,0,1116,CAR,Metropolitan,Eastern
2025-2026,20251106,26,SJS,17138,Mario Ferraro,ROSTER,27.0,"5'11""",185.0,Canada,"King City, ON",False,D,13,1,2,3,1.08,0.15,0.08,0.23,62.1,5.1,0,0,0,0,0,0,0,0,0,0,0,0,0,0.0,-2,34,14,7.1,32,15,5,24,22,16,6,0,0,0,0.0,1,2,1,2,0,311,171,35,106,16283,1460,960,13863,SJS,Pacific,Western
2025-2026,20251106,28,LAK,5438,Kevin Fiala,ROSTER,29.0,"5'10""",193.0,Switzerland,St. Gallen,False,LW,14,6,4,10,3.29,0.29,0.43,0.71,13.0,20.3,2,2,3,5,0,0,0,1,0,0,5,1,1,20.0,-5,83,46,13.0,5,19,18,9,14,23,5,5,0,5,0.0,4,8,1,2,0,281,128,92,67,15339,3827,1796,10016,LAK,Pacific,Western
2025-2026,20251106,1,TBL,28530,Jack Finley,ROSTER,23.0,"6'6""",213.0,USA,"St. Louis, MO",True,C,3,0,0,0,1.0,0.0,0.0,0.0,3.2,5.1,0,0,0,0,0,0,0,0,0,0,0,0,0,0.0,0,3,3,0.0,0,0,0,5,1,0,0,31,14,17,45.2,1,2,1,2,0,45,31,7,7,1450,64,187,1199,TBL,Atlantic,Eastern
2025-2026,20251106,16,DET,142439,Emmitt Finnie,ROSTER,20.0,"6'1""",195.0,Canada,"Lethbridge, AB",True,C,14,4,4,8,1.79,0.29,0.29,0.57,30.9,0.0,1,0,1,1,0,0,0,0,0,0,0,0,0,0.0,5,39,25,16.0,9,4,10,28,14,12,8,9,4,5,44.4,0,0,1,2,0,291,251,27,17,14332,2487,402,11443,DET,Atlantic,Eastern
2025-2026,20251106,143,SEA,17180,Cale Fleury,ROSTER,26.0,"6'1""",205.0,Canada,"Carlyle, SK",False,D,4,0,1,1,0.75,0.25,0.0,0.25,6.7,15.0,0,0,0,0,0,0,0,0,0,0,0,0,0,0.0,0,9,3,0.0,2,3,3,6,7,3,1,0,0,0,0.0,1,5,2,7,1,80,52,13,15,3534,453,0,3081,SEA,Pacific,Western
2025-2026,20251106,2,WPJ,5422,Haydn Fleury,ROSTER,29.0,"6'3""",208.0,Canada,"Regina, SK",False,D,12,0,0,0,0.83,0.0,0.0,0.0,39.0,10.2,0,0,0,0,0,0,0,0,0,0,0,0,0,0.0,-4,22,10,0.0,18,6,6,20,18,10,4,0,0,0,0.0,2,4,0,0,0,244,151,42,51,11128,995,1762,8371,WPG,,
2025-2026,20251106,28,LAK,14151,Warren Foegele,ROSTER,29.0,"6'2""",198.0,Canada,"Markham, ON",False,LW,10,1,0,1,1.3,0.0,0.1,0.1,9.1,15.2,0,0,0,0,0,0,0,0,0,0,1,0,0,0.0,-1,28,13,7.7,1,8,7,12,9,12,0,9,3,6,33.3,3,6,2,4,0,178,97,46,36,8023,1124,535,6364,LAK,Pacific,Western
2025-2026,20251106,6,PHI,28514,Tyson Foerster,INJURY_LIST,23.0,"6'2""",194.0,Canada,"Alliston, ON",True,RW,11,4,3,7,1.73,0.27,0.36,0.64,16.0,20.5,1,1,0,1,0,0,0,0,0,0,0,0,0,0.0,5,41,19,21.1,7,10,12,9,17,8,3,2,1,1,50.0,2,12,0,0,0,263,184,62,22,12080,2082,549,9449,PHI,Metropolitan,Eastern
2025-2026,20251106,25,MIN,5055,Marcus Foligno,ROSTER,34.0,"6'3""",224.0,USA,"Buffalo, NY",False,LW,13,0,0,0,0.69,0.0,0.0,0.0,45.5,55.8,0,0,0,0,0,0,0,0,0,0,0,0,0,0.0,-10,22,9,0.0,12,6,7,44,8,8,2,3,0,3,0.0,7,25,4,11,1,209,110,48,51,10248,2408,929,6944,MIN,Central,Western
2025-2026,20251106,20,CHI,4278,Nick Foligno,ROSTER,38.0,"6'0""",208.0,USA,"Buffalo, NY",False,LW,10,0,4,4,1.1,0.4,0.0,0.4,27.4,25.1,0,0,1,1,0,0,0,0,0,0,0,0,0,0.0,-3,19,11,0.0,7,4,4,27,4,5,0,110,55,55,50.0,3,9,2,7,1,212,103,44,62,8642,2504,359,5622,CHI,Central,Western
2025-2026,20251106,21,VAN,5813,Derek Forbort,INJURY_LIST,33.0,"6'4""",219.0,USA,"Duluth, MN",False,D,2,0,0,0,0.5,0.0,0.0,0.0,7.1,5.1,0,0,0,0,0,0,0,0,0,0,0,0,0,0.0,0,1,1,0.0,4,0,0,2,8,5,0,0,0,0,0.0,1,2,0,0,0,39,20,6,13,1672,304,40,1328,VAN,Pacific,Western
2025-2026,20251106,2,WPJ,79680,Parker Ford,ROSTER,25.0,"5'9""",181.0,USA,"Wakefield, RI",True,C,6,0,1,1,0.67,0.17,0.0,0.17,18.5,10.2,0,0,0,0,0,0,0,0,0,0,0,0,0,0.0,0,12,4,0.0,7,5,3,13,8,0,1,30,13,17,43.3,2,4,1,2,0,82,66,12,4,3705,1110,217,2378,WPG,,
2025-2026,20251106,18,NSH,5210,Filip Forsberg,ROSTER,31.0,"6'1""",205.0,Sweden,Ostervala,False,LW,15,6,5,11,3.13,0.33,0.4,0.73,30.6,10.2,2,0,3,3,0,0,0,0,0,0,1,0,1,100.0,-1,96,47,12.8,7,27,22,32,9,15,10,5,1,4,20.0,2,4,5,10,0,326,146,146,41,17175,3513,4520,9307,NSH,Central,Western
2025-2026,20251106,4,FLO,10072,Gustav Forsling,ROSTER,29.0,"6'0""",186.0,Sweden,Linkping,False,D,13,0,6,6,1.31,0.46,0.0,0.46,31.5,5.1,0,0,0,0,0,0,0,0,0,0,0,0,0,0.0,2,45,17,0.0,15,19,9,15,6,9,4,0,0,0,0.0,1,2,4,8,0,357,200,82,75,17517,2906,1942,12669,FLA,,
2025-2026,20251106,17,STL,4800,Cam Fowler,ROSTER,33.0,"6'2""",214.0,Canada,"Windsor, ON",False,D,14,0,5,5,1.71,0.36,0.0,0.36,15.9,5.1,0,0,3,3,0,1,1,0,0,0,0,0,0,0.0,-9,52,24,0.0,10,21,7,2,14,11,2,0,0,0,0.0,1,2,1,2,0,380,204,88,88,19028,3821,871,14336,STL,Central,Western
2025-2026,20251106,9,NYR,17179,Adam Fox,ROSTER,27.0,"5'11""",181.0,USA,"Jericho, NY",False,D,14,3,8,11,2.14,0.57,0.21,0.79,38.7,15.2,1,1,1,2,0,1,1,1,0,0,0,0,0,0.0,1,83,30,10.0,23,37,17,8,22,15,13,0,0,0,0.0,3,6,2,4,0,361,172,118,54,20177,4021,1554,13665,NYR,Metropolitan,Eastern
2025-2026,20251106,5,WSH,120029,Ethan Frank,ROSTER,27.0,"5'11""",185.0,USA,"Papillion, NE",True,C,3,0,1,1,1.0,0.33,0.0,0.33,4.2,10.2,0,0,1,1,0,0,0,0,0,0,0,0,0,0.0,0,6,3,0.0,2,2,1,2,2,1,0,0,0,0,0.0,2,4,0,0,0,50,38,10,0,2035,552,13,1369,WSH,Metropolitan,Eastern
2025-2026,20251106,24,EDM,9655,Trent Frederic,ROSTER,27.0,"6'2""",203.0,USA,"St. Louis, MO",False,C,15,1,0,1,1.0,0.0,0.07,0.07,35.1,15.2,0,0,0,0,0,0,0,1,0,0,0,0,0,0.0,-3,27,15,6.7,4,7,5,46,14,7,0,35,19,16,54.3,3,6,3,6,0,245,135,77,29,11638,2365,1209,7800,EDM,Pacific,Western
2025-2026,20251106,23,CGY,13642,Morgan Frost,ROSTER,26.0,"5'11""",170.0,Canada,"Barrie, ON",False,C,14,2,5,7,1.64,0.36,0.14,0.5,17.4,30.5,0,0,3,3,0,0,0,0,0,0,2,0,1,50.0,2,41,23,8.7,8,11,7,9,5,8,3,184,95,89,51.6,6,12,1,2,0,270,142,65,66,13479,3014,1190,9463,CGY,Pacific,Western
2025-2026,20251106,4,FLO,13855,Jonah Gadjovich,ROSTER,27.0,"6'2""",200.0,Canada,"Whitby, ON",False,LW,10,0,3,3,0.8,0.3,0.0,0.3,23.4,20.0,0,0,0,0,0,0,0,0,0,0,0,0,0,0.0,2,12,8,0.0,3,4,0,30,10,3,3,0,0,0,0.0,2,7,1,5,1,112,78,30,4,4766,977,768,3021,FLA,,
2025-2026,20251106,14,MTL,5149,Brendan Gallagher,ROSTER,33.0,"5'9""",186.0,Canada,"Edmonton, AB",False,RW,13,0,7,7,1.46,0.54,0.0,0.54,10.4,15.2,0,0,1,1,0,0,0,0,0,0,0,0,0,0.0,1,34,19,0.0,1,10,5,14,14,5,3,2,2,0,100.0,3,6,2,4,0,230,120,57,53,10296,3065,930,6301,MTL,Atlantic,Eastern
2025-2026,20251106,21,VAN,5718,Conor Garland,ROSTER,29.0,"5'10""",165.0,USA,"Scituate, MA",False,RW,11,3,8,11,2.55,0.73,0.27,1.0,13.9,10.2,1,0,4,4,0,0,0,1,0,0,1,0,0,0.0,6,47,28,10.7,6,8,11,8,20,12,4,9,1,8,11.1,2,4,1,2,0,255,107,63,88,13533,2468,749,10316,VAN,Pacific,Western
2025-2026,20251106,8,NYI,53056,Marc Gatcomb,ASSIGNED_TO_MINORS,26.0,"6'2""",194.0,USA,"Woburn, MA",True,C,1,0,0,0,1.0,0.0,0.0,0.0,4.4,0.0,0,0,0,0,0,0,0,0,0,0,0,0,0,0.0,0,1,1,0.0,0,0,0,7,1,0,0,0,0,0,0.0,0,0,0,0,0,12,4,0,8,513,59,0,454,NYI,Metropolitan,Eastern
2025-2026,20251106,6,PHI,120274,Jacob Gaucher,ROSTER,24.0,"6'3""",185.0,Canada,"Longueuil, QC",True,C,3,0,0,0,1.0,0.0,0.0,0.0,2.7,0.0,0,0,0,0,0,0,0,0,0,0,0,0,0,0.0,-1,4,3,0.0,1,0,1,2,1,2,0,19,9,10,47.4,0,0,1,2,0,38,28,2,8,1578,205,120,1253,PHI,Metropolitan,Eastern
2025-2026,20251106,26,SJS,5737,Adam Gaudette,ROSTER,29.0,"6'1""",170.0,USA,"Braintree, MA",False,RW,9,3,1,4,1.33,0.11,0.33,0.44,3.2,20.3,1,1,0,1,0,0,0,0,0,0,0,0,0,0.0,-3,22,12,25.0,0,7,3,5,10,2,2,47,25,22,53.2,4,8,1,2,0,136,71,30,38,5780,937,367,4476,SJS,Pacific,Western
2025-2026,20251106,143,SEA,10097,Frederick Gaudreau,ROSTER,32.0,"6'0""",179.0,Canada,"Granby, QC",False,C,4,0,1,1,0.75,0.25,0.0,0.25,8.6,0.0,0,0,0,0,0,0,0,0,0,0,0,0,0,0.0,0,6,3,0.0,5,2,1,2,3,3,0,51,18,33,35.3,0,0,1,2,0,82,33,26,23,3088,708,311,2069,SEA,Pacific,Western
2025-2026,20251106,29,ANA,56588,Cutter Gauthier,ROSTER,21.0,"6'3""",200.0,,"Skellefteå, Sweden",False,LW,12,10,6,16,4.83,0.5,0.83,1.33,13.5,25.4,3,3,1,4,0,0,0,1,0,0,0,0,0,0.0,9,93,58,17.2,4,20,14,12,16,10,1,18,8,10,44.4,5,10,3,6,0,267,175,30,73,12955,1375,128,11420,ANA,Pacific,Western
2025-2026,20251106,9,NYR,5754,Vladislav Gavrikov,ROSTER,29.0,"6'3""",213.0,Russia,Yaroslavl,True,D,14,1,2,3,1.29,0.14,0.07,0.21,33.3,20.3,0,0,0,0,0,0,0,0,0,0,0,0,0,0.0,5,51,18,5.6,21,24,9,4,18,8,4,0,0,0,0.0,4,8,3,6,0,367,180,61,109,19354,1656,1179,15735,NYR,Metropolitan,Eastern
2025-2026,20251106,1,TBL,43380,Conor Geekie,ASSIGNED_TO_MINORS,21.0,"6'3""",196.0,Canada,"Strathclair, MB",True,C,6,0,1,1,0.83,0.17,0.0,0.17,16.8,10.2,0,0,0,0,0,0,0,0,0,0,0,0,0,0.0,0,12,5,0.0,5,3,4,15,7,5,0,21,8,13,38.1,2,4,1,2,0,88,69,18,1,3609,818,167,2624,TBL,Atlantic,Eastern
2025-2026,20251106,11,BOS,17978,Morgan Geekie,ROSTER,27.0,"6'3""",202.0,Canada,"Strathclair, MB",False,C,15,9,3,12,2.13,0.2,0.6,0.8,25.3,10.2,3,2,2,4,0,0,0,1,0,0,0,0,0,0.0,-7,56,32,28.1,6,11,13,26,19,10,5,34,19,15,55.9,2,4,6,12,0,305,157,119,38,16213,3882,2225,10106,BOS,Atlantic,Eastern
2025-2026,20251106,15,BUF,18139,Mason Geertsen,ROSTER,30.0,"6'4""",205.0,Canada,"Drayton Valley, AB",False,LW,5,0,0,0,0.2,0.0,0.0,0.0,5.1,20.5,0,0,0,0,0,0,0,0,0,0,0,0,0,0.0,-1,2,1,0.0,0,1,0,8,5,0,0,0,0,0,0.0,2,12,0,0,0,34,22,4,8,1236,240,71,925,BUF,Atlantic,Eastern
2025-2026,20251106,26,SJS,51603,Patrick Giles,ROSTER,25.0,"6'4""",201.0,USA,"Chevy Chase, MD",True,RW,3,0,1,1,0.67,0.33,0.0,0.33,4.8,0.0,0,0,0,0,0,0,0,0,0,0,0,0,0,0.0,1,5,2,0.0,2,3,0,3,3,1,0,15,9,6,60.0,0,0,0,0,0,38,21,12,5,1596,255,30,1311,SJS,Pacific,Western
2025-2026,20251106,6,PHI,14573,Adam Ginning,ROSTER,25.0,"6'4""",206.0,Sweden,Linköping,True,D,5,0,0,0,0.4,0.0,0.0,0.0,9.9,0.0,0,0,0,0,0,0,0,0,0,0,0,0,0,0.0,0,9,2,0.0,5,4,3,4,6,5,0,0,0,0,0.0,0,0,0,0,0,101,65,8,28,4602,418,47,4137,PHI,Metropolitan,Eastern
2025-2026,20251106,22,COL,13692,Samuel Girard,ROSTER,27.0,"5'10""",170.0,Canada,"Roberval, QC",False,D,2,0,0,0,1.0,0.0,0.0,0.0,6.3,0.0,0,0,0,0,0,0,0,0,0,0,0,0,0,0.0,1,6,2,0.0,3,4,0,3,6,1,1,0,0,0,0.0,0,0,0,0,0,49,34,6,9,2256,468,171,1617,COL,Central,Western
2025-2026,20251106,1,TBL,5254,Zemgus Girgensons,ROSTER,31.0,"6'2""",211.0,Latvia,Riga,False,C,6,2,1,3,1.17,0.17,0.33,0.5,16.8,10.2,0,0,0,0,0,0,0,0,0,0,0,0,0,0.0,0,15,7,28.6,5,4,4,15,9,5,1,26,14,12,53.8,2,4,0,0,0,134,60,46,30,5257,1589,306,3362,TBL,Atlantic,Eastern
2025-2026,20251106,13,OTT,4394,Claude Giroux,ROSTER,37.0,"5'11""",185.0,Canada,"Hearst, ON",False,RW,13,2,6,8,1.69,0.46,0.15,0.62,9.9,10.2,0,0,3,3,0,0,0,1,0,0,0,0,0,0.0,2,36,22,9.1,2,6,8,11,3,13,3,99,66,33,66.7,2,4,2,4,0,312,151,73,90,12700,4311,748,7641,OTT,Atlantic,Eastern
2025-2026,20251106,7,NJD,13621,Cody Glass,ROSTER,26.0,"6'2""",192.0,Canada,"Winnipeg, MB",False,C,6,2,0,2,1.5,0.0,0.33,0.33,4.8,15.2,0,1,0,1,0,0,0,0,0,0,0,0,0,0.0,1,15,9,22.2,2,3,3,3,8,3,0,62,25,37,40.3,3,6,2,4,0,109,52,26,33,4521,820,191,3510,NJD,Metropolitan,Eastern
2025-2026,20251106,7,NJD,5268,Luke Glendening,ROSTER,36.0,"5'11""",191.0,USA,"Grand Rapids, MI",False,C,13,0,3,3,0.62,0.23,0.0,0.23,33.2,5.1,0,0,0,0,0,1,1,0,0,0,0,0,0,0.0,-3,12,8,0.0,14,2,2,20,8,5,1,174,93,81,53.4,1,2,0,0,0,220,91,70,59,8334,1711,666,5957,NJD,Metropolitan,Eastern
2025-2026,20251106,1,TBL,28531,Gage Goncalves,ROSTER,24.0,"6'0""",165.0,Canada,"Mission, BC",True,C,13,0,4,4,0.54,0.31,0.0,0.31,22.1,5.1,0,0,1,1,0,0,0,0,0,0,0,0,0,0.0,-1,23,7,0.0,9,10,6,14,18,10,3,4,0,4,0.0,1,2,3,6,0,214,138,40,37,9395,1770,346,7278,TBL,Atlantic,Eastern
2025-2026,20251106,26,SJS,5476,Barclay Goodrow,ROSTER,32.0,"6'2""",215.0,Canada,"Aurora, ON",False,C,13,0,1,1,0.85,0.08,0.0,0.08,27.3,0.0,0,0,0,0,0,0,0,0,0,0,0,0,0,0.0,-4,17,11,0.0,10,3,3,20,10,7,2,8,3,5,37.5,0,0,1,2,0,215,97,62,56,8872,1468,935,6469,SJS,Pacific,Western
2025-2026,20251106,3,CAR,5440,Shayne Gostisbehere,ROSTER,32.0,"5'11""",180.0,USA,"Margate, FL",False,D,6,1,6,7,1.0,1.0,0.17,1.17,13.0,5.1,0,0,1,1,0,0,0,0,0,0,0,0,0,0.0,8,19,6,16.7,8,10,3,2,4,3,2,0,0,0,0.0,1,2,1,2,0,108,63,20,27,5246,1337,337,3536,CAR,Metropolitan,Eastern
2025-2026,20251106,1,TBL,5890,Yanni Gourde,ROSTER,33.0,"5'9""",173.0,Canada,"Saint-Narcisse, QC",False,C,13,3,1,4,1.77,0.08,0.23,0.31,20.7,17.8,1,0,0,0,0,0,0,0,0,0,0,0,0,0.0,5,34,23,13.0,5,3,8,21,17,14,1,120,49,71,40.8,3,8,1,2,0,283,132,68,86,12531,2644,1056,8831,TBL,Atlantic,Eastern
2025-2026,20251106,26,SJS,133812,Collin Graf,ROSTER,23.0,"6'0""",180.0,USA,"Lincoln, MA",True,RW,12,1,2,3,0.67,0.17,0.08,0.25,16.8,0.0,0,0,0,0,1,0,1,0,0,0,0,0,0,0.0,-3,18,8,12.5,5,7,3,15,8,8,4,2,1,1,50.0,0,0,1,2,0,227,169,11,48,10292,1015,48,9229,SJS,Pacific,Western
2025-2026,20251106,29,ANA,5126,Mikael Granlund,ROSTER,33.0,"5'10""",185.0,Finland,Oulu,False,C,8,2,6,8,2.38,0.75,0.25,1.0,6.3,10.2,0,1,1,2,0,0,0,0,0,0,0,0,0,0.0,2,33,19,10.5,3,4,10,3,6,6,3,129,67,62,51.9,2,4,4,8,0,168,82,48,41,8301,2652,357,5325,ANA,Pacific,Western
2025-2026,20251106,6,PHI,56677,Nikita Grebenkin,ROSTER,22.0,"6'2""",183.0,Russia,Serov,False,RW,9,1,2,3,0.22,0.22,0.11,0.33,10.4,40.5,0,0,0,0,0,0,0,0,0,0,0,0,0,0.0,-2,12,2,50.0,1,7,3,14,19,7,2,2,2,0,100.0,4,19,3,9,1,113,91,12,11,5146,656,62,4428,PHI,Metropolitan,Eastern
2025-2026,20251106,20,CHI,56365,Ryan Greene,ROSTER,22.0,"6'1""",179.0,Canada,"Paradise, NL and Labrador",False,C,13,1,2,3,0.62,0.15,0.08,0.23,7.6,5.1,0,0,0,0,0,0,0,0,0,0,0,0,0,0.0,4,15,8,12.5,3,4,3,5,6,4,3,91,42,49,46.2,1,2,1,2,0,254,147,27,78,10393,922,13,9186,CHI,Central,Western
2025-2026,20251106,15,BUF,14152,Jordan Greenway,ROSTER,28.0,"6'6""",225.0,USA,"Canton, NY",False,LW,3,0,1,1,1.0,0.33,0.0,0.33,5.7,25.1,0,0,0,0,0,0,0,0,0,0,0,0,0,0.0,0,5,3,0.0,0,0,2,9,2,1,0,8,4,4,50.0,3,9,2,7,1,62,30,12,20,2753,438,37,2278,BUF,Atlantic,Eastern
2025-2026,20251106,4,FLO,5634,Anthony-John Greer,ROSTER,28.0,"6'3""",204.0,Canada,"Joliette, QC",False,LW,13,3,2,5,0.62,0.15,0.23,0.38,33.2,35.0,1,0,0,0,0,0,0,0,0,0,0,0,0,0.0,2,16,8,37.5,4,3,5,43,11,7,0,5,1,4,20.0,3,12,3,12,2,160,86,39,38,7028,1212,274,5542,FLA,,
2025-2026,20251106,4,FLO,15118,Noah Gregor,ROSTER,27.0,"6'0""",185.0,Canada,"Beaumont, AB",False,LW,3,0,0,0,1.67,0.0,0.0,0.0,2.5,0.0,0,0,0,0,0,0,0,0,0,0,0,0,0,0.0,0,8,5,0.0,0,1,2,4,1,1,0,0,0,0,0.0,0,0,0,0,0,34,23,7,4,1546,346,0,1200,FLA,,
2025-2026,20251106,13,OTT,28535,Ridly Greig,ROSTER,23.0,"6'0""",181.0,Canada,"Lethbridge, AB",True,C,13,1,3,4,1.54,0.23,0.08,0.31,23.1,28.0,0,0,2,2,0,0,0,0,0,0,0,0,0,0.0,-3,38,20,5.0,8,11,7,18,22,5,3,85,52,33,61.2,5,12,5,10,0,315,178,60,78,13508,2298,725,10485,OTT,Atlantic,Eastern
2025-2026,20251106,23,CGY,142358,Matvei Gridin,ASSIGNED_TO_MINORS,,,,,,False,RW,4,1,0,1,2.25,0.0,0.25,0.25,5.0,0.0,0,0,0,0,0,0,0,0,0,0,1,0,0,0.0,-3,15,9,11.1,3,4,2,1,4,6,2,4,0,4,0.0,0,0,0,0,0,76,68,8,1,3532,574,41,2917,CGY,Pacific,Western
2025-2026,20251106,7,NJD,56524,Arseni Gritsyuk,ROSTER,24.0,"5'10""",168.0,Russia,Krasnoyarsk,False,RW,13,2,4,6,2.23,0.31,0.15,0.46,13.7,10.2,0,1,1,2,0,0,0,0,0,0,0,0,0,0.0,-1,48,29,6.9,2,8,11,17,15,5,5,4,2,2,50.0,2,4,1,2,0,230,162,45,25,10636,1344,781,8511,NJD,Metropolitan,Eastern
2025-2026,20251106,20,CHI,11572,Matt Grzelcyk,ROSTER,31.0,"5'9""",174.0,USA,"Charlestown, MA",False,D,13,0,2,2,1.15,0.15,0.0,0.15,17.2,5.1,0,0,0,0,0,0,0,0,0,0,0,0,0,0.0,8,26,15,0.0,10,5,6,4,13,7,3,0,0,0,0.0,1,2,1,2,0,263,132,53,76,11745,2044,410,9047,CHI,Central,Western
2025-2026,20251106,29,ANA,5185,Radko Gudas,ROSTER,35.0,"6'0""",205.0,Czech Republic,Prague,False,D,7,0,2,2,1.14,0.29,0.0,0.29,32.2,5.1,0,0,0,0,0,0,0,0,0,0,0,0,0,0.0,-5,16,8,0.0,12,4,4,23,9,6,2,0,0,0,0.0,1,2,0,0,0,141,83,13,46,6543,1319,409,4782,ANA,Pacific,Western
2025-2026,20251106,19,CBJ,4988,Erik Gudbranson,ROSTER,33.0,"6'5""",217.0,Canada,"Ottawa, ON",False,D,4,0,0,0,0.75,0.0,0.0,0.0,4.6,15.2,0,0,0,0,0,0,0,0,0,0,0,0,0,0.0,-2,7,3,0.0,1,3,1,5,4,3,1,0,0,0,0.0,3,6,0,0,0,75,36,8,28,3562,700,350,2303,CBJ,Metropolitan,Eastern
2025-2026,20251106,30,UTA,33436,Dylan Guenther,ROSTER,22.0,"6'2""",175.0,Canada,"Edmonton, AB",True,RW,14,6,7,13,3.29,0.5,0.43,0.93,15.6,15.2,2,1,2,3,0,0,0,4,0,2,0,0,0,0.0,3,93,46,13.0,5,21,26,13,23,15,1,9,4,5,44.4,3,6,5,10,0,303,183,20,106,15306,2593,101,12612,UTA,Central,Western
2025-2026,20251106,1,TBL,11327,Jake Guentzel,ROSTER,31.0,"5'11""",180.0,USA,"Omaha, NE",False,C,13,5,7,12,2.85,0.54,0.38,0.92,10.7,10.2,1,0,2,2,0,0,0,1,0,0,0,0,0,0.0,0,54,37,13.5,6,8,9,3,12,12,4,43,21,22,48.8,2,4,2,4,0,305,136,98,76,16081,4621,2489,8934,TBL,Atlantic,Eastern
2025-2026,20251106,14,MTL,28518,Kaiden Guhle,ROSTER,23.0,"6'2""",205.0,Canada,"Sherwood Park, AB",True,D,5,1,1,2,1.4,0.2,0.2,0.4,17.5,20.0,0,0,0,0,0,0,0,1,0,0,0,0,0,0.0,1,13,7,14.3,5,5,1,16,12,7,3,0,0,0,0.0,2,7,3,9,1,103,63,14,28,5772,629,59,5084,MTL,Atlantic,Eastern
2025-2026,20251106,1,TBL,17379,Brandon Hagel,ROSTER,27.0,"6'0""",175.0,Canada,"Saskatoon, SK",True,LW,13,4,5,9,2.77,0.38,0.31,0.69,16.0,25.4,1,1,0,1,0,0,0,0,0,0,0,0,0,0.0,4,83,36,11.1,7,17,30,9,20,20,7,6,1,5,16.7,5,10,7,14,0,333,183,109,45,16203,4253,2338,9645,TBL,Atlantic,Eastern
2025-2026,20251106,18,NSH,14446,Nicolas Hague,ROSTER,26.0,"6'6""",221.0,Canada,"Kitchener, ON",False,D,7,0,1,1,0.29,0.14,0.0,0.14,20.6,15.2,0,0,0,0,0,0,0,0,0,0,0,0,0,0.0,-5,13,2,0.0,8,10,1,14,8,6,1,0,0,0,0.0,3,6,0,0,0,168,85,25,58,8300,1368,416,6516,NSH,Central,Western
2025-2026,20251106,25,MIN,53028,Hunter Haight,ASSIGNED_TO_MINORS,21.0,"5'11""",174.0,Canada,"Strathroy, ON",True,C,2,0,0,0,0.0,0.0,0.0,0.0,1.3,0.0,0,0,0,0,0,0,0,0,0,0,0,0,0,0.0,-2,0,0,0.0,0,0,0,2,4,0,0,16,7,9,43.8,0,0,0,0,0,24,16,0,8,1124,111,0,1013,MIN,Central,Western
2025-2026,20251106,3,CAR,4846,Taylor Hall,ROSTER,33.0,"6'1""",205.0,Canada,"Calgary, AB",False,LW,12,2,4,6,1.25,0.33,0.17,0.5,12.4,25.4,0,0,0,0,0,0,0,0,0,0,0,0,0,0.0,2,38,15,13.3,5,12,11,8,24,11,5,7,3,4,42.9,5,10,4,8,0,211,112,57,44,10127,3302,476,6349,CAR,Metropolitan,Eastern
2025-2026,20251106,10,PIT,14581,Filip Hallander,ROSTER,25.0,"6'2""",188.0,Sweden,Sundsvall,True,C,13,1,3,4,1.69,0.23,0.08,0.31,9.2,5.1,0,0,0,0,1,0,1,1,0,0,0,0,0,0.0,4,47,22,4.5,5,13,12,3,11,12,2,2,0,2,0.0,1,2,3,6,0,234,140,56,39,10251,2053,813,7385,PIT,Metropolitan,Eastern
2025-2026,20251106,7,NJD,53065,Brian Halonen,ROSTER,26.0,"6'0""",205.0,USA,"Delano, MN",True,LW,9,1,0,1,0.44,0.0,0.11,0.11,14.4,15.0,0,0,0,0,0,0,0,1,0,0,0,0,0,0.0,-1,11,4,25.0,2,3,4,18,9,2,2,0,0,0,0.0,1,5,1,5,1,96,80,16,1,4051,1215,211,2625,NJD,Metropolitan,Eastern
2025-2026,20251106,7,NJD,4994,Dougie Hamilton,ROSTER,32.0,"6'6""",229.0,Canada,"Toronto, ON",False,D,13,4,3,7,2.62,0.23,0.31,0.54,34.4,17.8,1,2,2,4,0,0,0,1,0,0,0,0,0,0.0,2,79,34,11.8,17,27,18,15,17,24,2,0,0,0,0.0,3,8,1,2,0,338,175,45,122,17014,4407,661,11946,NJD,Metropolitan,Eastern
2025-2026,20251106,16,DET,4915,Travis Hamonic,ROSTER,35.0,"6'2""",205.0,Canada,"St. Malo, MB",False,D,7,0,1,1,1.14,0.14,0.0,0.14,17.8,20.0,0,0,0,0,0,0,0,0,0,0,0,0,0,0.0,0,14,8,0.0,10,6,0,5,12,7,1,0,0,0,0.0,2,7,1,5,1,143,78,25,40,6077,1348,379,4350,DET,Atlantic,Eastern
2025-2026,20251106,142,VGK,5600,Noah Hanifin,ROSTER,28.0,"6'3""",215.0,USA,"Boston, MA",False,D,2,0,0,0,3.0,0.0,0.0,0.0,1.3,0.0,0,0,0,0,0,0,0,0,0,0,0,0,0,0.0,-1,14,6,0.0,0,5,3,2,7,3,2,0,0,0,0.0,0,0,0,0,0,54,29,10,15,2800,141,235,2424,VGK,Pacific,Western
2025-2026,20251106,23,CGY,8966,Joel Hanley,ROSTER,34.0,"5'11""",190.0,Canada,"Keswick, ON",False,D,14,0,2,2,0.57,0.14,0.0,0.14,42.1,10.2,0,0,0,0,0,0,0,0,0,0,0,0,0,0.0,-3,31,8,0.0,24,13,10,11,32,13,4,0,0,0,0.0,2,4,0,0,0,368,179,78,111,13706,1580,1342,10784,CGY,Pacific,Western
2025-2026,20251106,29,ANA,14456,Jansen Harkins,ROSTER,28.0,"6'1""",183.0,USA,"North Vancouver, BC, Canada",True,C,3,1,0,1,1.33,0.0,0.33,0.33,9.9,0.0,0,0,0,0,0,0,0,0,0,0,0,0,0,0.0,1,4,4,25.0,2,0,0,11,0,1,0,17,7,10,41.2,0,0,1,2,0,41,26,10,6,1676,342,161,1173,ANA,Pacific,Western
2025-2026,20251106,27,DAL,20433,Thomas Harley,ROSTER,24.0,"6'3""",188.0,USA,"Syracuse, NY",True,D,13,1,8,9,1.23,0.62,0.08,0.69,55.0,15.2,0,0,3,3,0,0,0,0,0,0,0,0,0,0.0,-6,55,16,6.2,35,28,11,6,21,17,6,0,0,0,0.0,3,6,1,2,0,324,202,60,58,18174,2896,1122,13886,DAL,Central,Western
2025-2026,20251106,11,BOS,38615,Jordan Harris,ROSTER,25.0,"5'11""",189.0,USA,"Haverhill, MA",True,D,5,1,1,2,1.8,0.2,0.2,0.4,6.9,0.0,0,0,0,0,0,0,0,0,0,0,0,0,0,0.0,0,12,9,11.1,3,1,2,4,15,5,1,0,0,0,0.0,0,0,0,0,0,106,72,18,17,4689,1056,345,3288,BOS,Atlantic,Eastern
2025-2026,20251106,25,MIN,5522,Ryan Hartman,ROSTER,31.0,"6'0""",189.0,USA,"Hilton Head Island, SC",False,RW,14,4,2,6,2.64,0.14,0.29,0.43,25.2,10.2,1,1,0,1,0,0,0,1,0,0,0,0,0,0.0,-4,78,37,10.8,12,19,22,12,19,10,7,182,81,101,44.5,2,4,6,12,0,240,117,94,33,13845,2460,2215,9170,MIN,Central,Western
2025-2026,20251106,6,PHI,5926,Garnet Hathaway,ROSTER,33.0,"6'3""",210.0,USA,"Naples, FL",False,RW,13,0,0,0,0.54,0.0,0.0,0.0,42.6,40.4,0,0,0,0,0,0,0,0,0,0,0,0,0,0.0,-7,12,7,0.0,10,1,4,44,18,4,1,4,4,0,100.0,6,15,7,17,1,190,93,38,59,7645,1509,455,5681,PHI,Metropolitan,Eastern
2025-2026,20251106,18,NSH,5301,Erik Haula,ROSTER,34.0,"6'0""",193.0,Finland,Pori,False,LW,15,3,5,8,1.47,0.33,0.2,0.53,22.7,45.7,1,1,1,2,0,0,0,0,0,0,1,0,1,100.0,-3,40,22,13.6,6,10,8,22,10,11,5,173,89,84,51.4,9,18,1,2,0,329,152,94,87,14409,3627,1123,9817,NSH,Central,Western
2025-2026,20251106,143,SEA,12273,John Hayden,ASSIGNED_TO_MINORS,30.0,"6'3""",215.0,USA,"Chicago, IL",False,C,3,0,0,0,0.67,0.0,0.0,0.0,7.4,5.1,0,0,0,0,0,0,0,0,0,0,0,0,0,0.0,-1,5,2,0.0,2,2,1,7,0,2,1,15,6,9,40.0,1,2,0,0,0,42,19,11,12,1814,490,44,1280,SEA,Pacific,Western
2025-2026,20251106,30,UTA,14528,Barrett Hayton,ROSTER,25.0,"6'1""",190.0,Canada,"Kitchener, ON",False,C,12,2,2,4,1.42,0.17,0.17,0.33,6.5,10.2,0,0,0,0,0,0,0,0,0,0,0,0,0,0.0,5,34,17,11.8,4,5,12,1,11,9,3,134,73,61,54.5,2,4,3,6,0,262,173,68,23,11599,1922,1058,8619,UTA,Central,Western
2025-2026,20251106,1,TBL,4685,Victor Hedman,ROSTER,34.0,"6'6""",229.0,Sweden,Ornskoldsvik,False,D,13,0,10,10,1.77,0.77,0.0,0.77,45.4,5.1,0,0,4,4,0,0,0,0,0,0,0,0,0,0.0,2,68,23,0.0,28,25,20,7,10,23,4,0,0,0,0.0,1,2,3,6,0,343,188,48,107,18031,6205,1070,10756,TBL,Atlantic,Eastern
2025-2026,20251106,8,NYI,30049,Emil Heineman,ROSTER,23.0,"6'1""",185.0,Sweden,Leksand,True,LW,13,5,3,8,2.08,0.23,0.38,0.62,39.7,15.2,1,1,0,1,0,0,0,0,0,0,0,0,0,0.0,4,56,27,18.5,5,13,16,51,24,8,3,3,2,1,66.7,3,6,0,0,0,249,181,45,28,11170,2036,412,8722,NYI,Metropolitan,Eastern
2025-2026,20251106,27,DAL,13618,Miro Heiskanen,ROSTER,26.0,"6'1""",190.0,Finland,Espoo,False,D,13,3,3,6,2.62,0.23,0.23,0.46,29.7,5.1,1,1,1,2,0,0,0,1,0,0,0,0,0,0.0,-3,60,34,8.8,19,16,10,3,31,18,7,0,0,0,0.0,1,2,5,10,0,320,181,89,46,19803,5312,1168,13010,DAL,Central,Western
2025-2026,20251106,28,LAK,37992,Samuel Helenius,ROSTER,22.0,"6'6""",201.0,Finland,Järvenpää,True,C,2,0,0,0,1.0,0.0,0.0,0.0,7.2,0.0,0,0,0,0,0,0,0,0,0,0,0,0,0,0.0,-1,3,2,0.0,1,0,1,9,1,1,0,11,3,8,27.3,0,0,0,0,0,25,23,0,2,1100,106,0,994,LAK,Pacific,Western
2025-2026,20251106,29,ANA,38013,Drew Helleson,ROSTER,24.0,"6'3""",205.0,USA,"Farmington, MN",True,D,12,2,4,6,1.17,0.33,0.17,0.5,22.3,0.0,0,0,0,0,0,2,2,0,0,0,0,0,0,0.0,0,31,14,14.3,10,13,4,12,18,12,4,0,0,0,0.0,0,0,1,2,0,305,124,37,146,13725,1202,245,12278,ANA,Pacific,Western
2025-2026,20251106,24,EDM,4983,Adam Henrique,ROSTER,35.0,"6'0""",195.0,Canada,"Brantford, ON",False,C,15,2,4,6,1.6,0.27,0.13,0.4,30.2,5.1,0,0,1,1,0,0,0,0,0,0,0,0,0,0.0,0,35,24,8.3,18,6,5,6,7,12,4,137,84,53,61.3,1,2,0,0,0,280,139,62,74,12294,3613,612,7814,EDM,Pacific,Western
2025-2026,20251106,142,VGK,5255,Tomas Hertl,ROSTER,31.0,"6'2""",215.0,Czech Republic,Prague,False,C,12,5,6,11,2.25,0.5,0.42,0.92,13.9,20.3,1,3,1,4,0,0,0,1,0,0,0,0,0,0.0,4,58,27,18.5,3,17,14,15,13,9,1,208,129,79,62.0,4,8,4,10,0,244,105,67,77,12700,3538,1209,7858,VGK,Pacific,Western
2025-2026,20251106,25,MIN,5841,Vincent Hinostroza,ROSTER,31.0,"5'9""",173.0,USA,"Chicago, IL",False,C,14,1,3,4,1.0,0.21,0.07,0.29,16.2,10.2,0,0,1,1,0,0,0,1,0,0,0,0,0,0.0,-5,39,14,7.1,5,13,12,14,14,10,5,11,5,6,45.5,2,4,3,6,0,194,81,66,48,9959,2283,817,6892,MIN,Central,Western
2025-2026,20251106,27,DAL,5643,Roope Hintz,ROSTER,28.0,"6'3""",220.0,Finland,Tampere,False,C,8,1,7,8,3.5,0.88,0.12,1.0,9.9,5.1,0,0,5,5,0,0,0,0,0,0,0,0,0,0.0,-1,40,28,3.6,5,3,9,4,5,8,0,145,76,69,52.4,1,2,1,2,0,198,84,52,63,9131,2057,384,6690,DAL,Central,Western
2025-2026,20251106,7,NJD,13616,Nico Hischier,ROSTER,26.0,"6'1""",175.0,Switzerland,Naters,False,C,13,3,8,11,2.08,0.62,0.23,0.85,27.9,10.2,1,0,3,3,0,0,0,0,0,0,0,0,0,0.0,3,54,27,11.1,16,14,13,7,5,13,6,267,141,126,52.8,2,4,2,4,0,325,153,72,103,15769,3019,865,11885,NJD,Metropolitan,Eastern
2025-2026,20251106,17,STL,30060,Dylan Holloway,ROSTER,24.0,"6'1""",203.0,Canada,"Calgary, AB",True,LW,14,2,4,6,2.36,0.29,0.14,0.43,39.2,10.2,0,0,1,1,0,0,0,0,0,0,0,0,0,0.0,-7,68,33,6.1,9,25,10,41,23,12,1,7,4,3,57.1,2,4,3,6,0,300,193,75,34,15891,3659,1881,10351,STL,Central,Western
2025-2026,20251106,1,TBL,39074,Pontus Holmberg,ROSTER,26.0,"5'10""",175.0,Sweden,Västerås,True,RW,13,1,4,5,1.08,0.31,0.08,0.38,21.7,25.4,0,0,0,0,0,0,0,1,0,0,0,0,0,0.0,4,27,14,7.1,7,5,8,18,19,8,2,35,11,24,31.4,5,10,6,12,0,237,135,67,36,9762,1812,657,7293,TBL,Atlantic,Eastern
2025-2026,20251106,8,NYI,18114,Simon Holmstrom,ROSTER,24.0,"6'0""",193.0,Sweden,Tranas,False,RW,13,4,4,8,1.08,0.31,0.31,0.62,22.4,5.1,1,0,0,0,1,1,2,1,0,0,2,0,1,50.0,-4,32,14,28.6,14,7,11,3,10,10,3,3,1,2,33.3,1,2,2,4,0,263,151,61,56,11538,1657,881,9075,NYI,Metropolitan,Eastern
2025-2026,20251106,142,VGK,30063,Alexander Holtz,ROSTER,23.0,"6'0""",192.0,Sweden,Stockholm,True,RW,6,0,0,0,2.0,0.0,0.0,0.0,5.7,7.7,0,0,0,0,0,0,0,0,0,0,0,0,0,0.0,-1,24,12,0.0,3,5,7,2,6,3,0,2,0,2,0.0,1,4,0,0,0,101,74,26,1,4300,1424,252,2624,VGK,Pacific,Western
2025-2026,20251106,23,CGY,111747,Samuel Honzek,ROSTER,20.0,"6'4""",186.0,Slovakia,Trencin,True,LW,12,1,1,2,1.5,0.08,0.08,0.17,21.5,0.0,0,0,0,0,0,0,0,0,0,0,0,0,0,0.0,-3,30,18,5.6,3,4,8,27,13,7,1,4,4,0,100.0,0,0,3,6,0,230,193,11,27,8904,720,0,8184,CGY,Pacific,Western
2025-2026,20251106,8,NYI,5233,Bo Horvat,ROSTER,30.0,"6'0""",215.0,Canada,"London, ON",False,C,13,9,6,15,3.46,0.46,0.69,1.15,9.5,15.2,3,2,3,5,1,0,1,2,0,0,2,1,0,0.0,6,80,45,20.0,3,17,18,8,11,12,3,246,147,99,59.8,3,6,3,6,0,317,145,100,81,16564,3469,2304,10791,NYI,Metropolitan,Eastern
2025-2026,20251106,24,EDM,56664,Isaac Howard,ROSTER,21.0,"5'10""",180.0,USA,"Hudson, WI",False,LW,14,2,1,3,1.07,0.07,0.14,0.21,2.1,25.4,0,0,0,0,0,0,0,0,0,0,1,1,0,0.0,-1,33,15,13.3,1,9,9,1,9,7,1,0,0,0,0.0,5,10,1,2,0,184,136,17,32,8003,1172,365,6453,EDM,Pacific,Western
2025-2026,20251106,142,VGK,14608,Brett Howden,ROSTER,27.0,"6'3""",197.0,Canada,"Calgary, AB",False,C,8,2,0,2,0.88,0.0,0.25,0.25,11.6,10.2,0,0,0,0,0,0,0,0,0,0,0,0,0,0.0,-4,13,7,28.6,1,3,3,16,9,9,2,40,24,16,60.0,2,4,4,8,0,149,74,60,17,6531,1382,875,4345,VGK,Pacific,Western
2025-2026,20251106,21,VAN,15157,Filip Hronek,ROSTER,28.0,"6'0""",183.0,Czech Republic,Hradec Kralove,False,D,14,0,7,7,1.29,0.5,0.0,0.5,45.6,15.2,0,0,3,3,0,0,0,0,0,0,0,0,0,0.0,2,44,18,0.0,19,16,10,28,28,22,7,0,0,0,0.0,3,6,1,2,0,384,168,56,159,20895,2130,889,17842,VAN,Pacific,Western
2025-2026,20251106,27,DAL,142430,Justin Hryckowian,ROSTER,,,,,,False,C,12,1,0,1,0.75,0.0,0.08,0.08,17.3,25.1,0,1,0,1,0,0,0,0,0,0,0,0,0,0.0,-4,16,9,11.1,4,2,5,18,10,3,1,21,12,9,57.1,3,9,5,15,1,166,140,15,10,7171,1211,44,5824,DAL,Central,Western
2025-2026,20251106,23,CGY,4987,Jonathan Huberdeau,ROSTER,32.0,"6'1""",202.0,Canada,"Saint-Jerome, QC",False,LW,9,4,3,7,1.67,0.33,0.44,0.78,7.8,10.2,1,1,0,1,0,0,0,1,0,0,0,0,0,0.0,1,32,15,26.7,4,9,8,3,3,10,1,4,1,3,25.0,2,4,5,10,0,223,107,70,50,10565,3199,1280,6086,CGY,Pacific,Western
2025-2026,20251106,7,NJD,17125,Jack Hughes,ROSTER,24.0,"5'11""",170.0,USA,"Orlando, FL",False,C,13,10,6,16,3.38,0.46,0.77,1.23,12.3,0.0,3,1,4,5,0,0,0,2,0,1,0,0,0,0.0,0,91,44,22.7,8,29,18,1,9,32,9,122,43,79,35.2,0,0,4,8,0,291,188,55,58,15882,3150,390,12342,NJD,Metropolitan,Eastern
2025-2026,20251106,7,NJD,37969,Luke Hughes,ROSTER,22.0,"6'2""",184.0,USA,"Canton, MI",True,D,13,0,7,7,1.77,0.54,0.0,0.54,20.5,40.6,0,0,1,1,0,0,0,0,0,0,0,0,0,0.0,5,68,23,0.0,11,36,9,7,18,18,3,0,0,0,0.0,8,16,1,2,0,317,225,60,32,16625,3181,983,12461,NJD,Metropolitan,Eastern
2025-2026,20251106,21,VAN,14530,Quinn Hughes,ROSTER,26.0,"5'10""",170.0,USA,"Orlando, FL",False,D,10,1,6,7,2.4,0.6,0.1,0.7,12.3,0.0,0,1,4,5,0,0,0,0,0,0,0,0,0,0.0,1,71,24,4.2,8,25,22,1,6,13,1,0,0,0,0.0,0,0,3,6,0,235,130,66,40,16062,3090,2965,10007,VAN,Pacific,Western
2025-2026,20251106,14,MTL,56477,Lane Hutson,ROSTER,21.0,"5'8""",158.0,USA,"Chicago, IL",False,D,13,1,12,13,1.23,0.92,0.08,1.0,32.9,0.0,0,0,3,3,0,0,0,1,0,0,0,0,0,0.0,4,40,16,6.2,19,22,2,8,34,16,5,0,0,0,0.0,0,0,4,8,0,307,213,30,65,17643,2913,435,14295,MTL,Atlantic,Eastern
2025-2026,20251106,142,VGK,5825,Ben Hutton,ROSTER,32.0,"6'2""",206.0,Canada,"Prescott, ON",False,D,10,0,3,3,1.5,0.3,0.0,0.3,22.2,15.0,0,0,0,0,0,0,0,0,0,0,0,0,0,0.0,0,33,15,0.0,13,11,7,5,19,13,3,0,0,0,0.0,1,5,2,7,1,212,103,48,61,9267,1819,1242,6206,VGK,Pacific,Western
2025-2026,20251106,2,WPJ,13690,Alex Iafallo,ROSTER,31.0,"6'0""",188.0,USA,"Eden, NY",False,LW,13,2,3,5,1.85,0.23,0.15,0.38,21.4,10.2,0,2,2,4,0,0,0,1,0,0,0,0,0,0.0,-1,42,24,8.3,9,6,12,13,3,5,2,7,5,2,71.4,2,4,2,4,0,251,125,91,37,12411,2928,1899,7584,WPG,,
2025-2026,20251106,26,SJS,34832,Vincent Iorio,ROSTER,22.0,"6'4""",200.0,Canada,"Coquitlam, BC",True,D,6,0,0,0,0.5,0.0,0.0,0.0,10.7,10.2,0,0,0,0,0,0,0,0,0,0,0,0,0,0.0,-3,4,3,0.0,6,1,0,3,5,7,0,0,0,0,0.0,2,4,0,0,0,128,93,5,30,5880,621,36,5223,SJS,Pacific,Western
2025-2026,20251106,1,TBL,56357,Dominic James,ROSTER,23.0,"6'0""",190.0,USA,"Plymouth, MI",True,C,7,0,0,0,1.57,0.0,0.0,0.0,13.9,10.2,0,0,0,0,0,0,0,0,0,0,0,0,0,0.0,-2,23,11,0.0,3,5,7,15,12,4,1,54,25,29,46.3,2,4,0,0,0,118,90,25,3,5208,1064,181,3963,TBL,Atlantic,Eastern
2025-2026,20251106,3,CAR,11413,Mark Jankowski,ROSTER,31.0,"6'4""",212.0,Canada,"Hamilton, ON",False,LW,7,0,2,2,0.71,0.29,0.0,0.29,10.1,10.2,0,0,0,0,0,0,0,0,0,0,0,0,0,0.0,2,11,5,0.0,6,2,4,2,11,1,0,58,33,25,56.9,2,4,0,0,0,111,51,29,31,4292,549,234,3509,CAR,Metropolitan,Eastern
2025-2026,20251106,12,TOR,5352,Calle Jarnkrok,ROSTER,34.0,"5'11""",186.0,Sweden,Gavle,False,C,10,4,0,4,1.1,0.0,0.4,0.4,7.4,10.2,1,0,0,0,0,0,0,0,0,0,0,0,0,0.0,-5,13,11,36.4,2,1,1,7,7,5,0,7,5,2,71.4,2,4,0,0,0,162,73,50,43,6718,1771,487,4460,TOR,Atlantic,Eastern
2025-2026,20251106,3,CAR,28144,Seth Jarvis,ROSTER,23.0,"5'10""",175.0,Canada,"Winnipeg, MB",True,C,12,8,4,12,3.67,0.33,0.67,1.0,15.3,10.2,2,1,0,1,1,0,1,4,0,2,1,0,1,100.0,2,66,44,18.2,7,7,15,8,25,11,7,19,9,10,47.4,2,4,2,4,0,273,174,53,55,13978,3374,1313,9495,CAR,Metropolitan,Eastern
2025-2026,20251106,11,BOS,14386,Tanner Jeannot,ROSTER,28.0,"6'2""",207.0,Canada,"Oxbow, SK",False,LW,15,2,3,5,1.13,0.2,0.13,0.33,42.9,30.2,0,0,0,0,0,0,0,0,0,0,0,0,0,0.0,-2,35,17,11.8,15,12,6,33,15,11,0,6,4,2,66.7,4,11,2,7,1,269,133,54,84,12044,2031,267,9746,BOS,Atlantic,Eastern
2025-2026,20251106,19,CBJ,5245,Boone Jenner,ROSTER,32.0,"6'2""",208.0,Canada,"Dorchester, ON",False,C,12,2,5,7,1.92,0.42,0.17,0.58,29.9,35.3,0,1,1,2,0,0,0,1,0,0,0,0,0,0.0,-5,48,23,8.7,10,11,14,24,10,6,2,71,37,34,52.1,5,13,4,11,1,232,111,59,61,11958,3529,1292,7100,CBJ,Metropolitan,Eastern
2025-2026,20251106,13,OTT,11592,Nick Jensen,ROSTER,35.0,"6'1""",196.0,USA,"Rogers, MN",False,D,13,0,3,3,0.92,0.23,0.0,0.23,32.3,15.2,0,0,0,0,0,0,0,0,0,0,0,0,0,0.0,-2,31,12,0.0,16,10,9,14,29,15,2,0,0,0,0.0,3,6,1,2,0,332,168,63,101,14544,2803,877,10864,OTT,Atlantic,Eastern
2025-2026,20251106,25,MIN,53012,David Jiricek,ROSTER,21.0,"6'3""",189.0,Czech Republic,Klatovy,True,D,10,0,0,0,0.6,0.0,0.0,0.0,9.2,15.2,0,0,0,0,0,0,0,0,0,0,0,0,0,0.0,-3,19,6,0.0,5,10,3,3,15,11,1,0,0,0,0.0,3,6,0,0,0,155,108,17,30,7604,717,241,6646,MIN,Central,Western
2025-2026,20251106,16,DET,30079,Albert Johansson,ROSTER,24.0,"6'0""",168.0,Sweden,Karlstad,True,D,14,0,2,2,1.14,0.14,0.0,0.14,35.4,0.0,0,0,0,0,0,0,0,0,0,0,0,0,0,0.0,0,46,16,0.0,19,19,11,12,21,14,4,0,0,0,0.0,0,0,4,8,0,305,192,42,71,13254,1917,438,10899,DET,Atlantic,Eastern
2025-2026,20251106,25,MIN,4882,Marcus Johansson,ROSTER,35.0,"6'1""",205.0,Sweden,Landskrona,False,LW,14,6,6,12,1.79,0.43,0.43,0.86,11.8,5.1,2,3,2,5,0,0,0,1,0,1,0,0,0,0.0,0,46,25,24.0,5,13,8,7,18,11,4,8,4,4,50.0,1,2,2,4,0,266,122,88,62,13448,3325,1281,8842,MIN,Central,Western
2025-2026,20251106,19,CBJ,37970,Kent Johnson,ROSTER,23.0,"6'1""",168.0,Canada,"Port Moody, BC",True,C,12,2,2,4,1.92,0.17,0.17,0.33,9.4,0.0,0,0,0,0,0,0,0,0,0,0,1,0,1,100.0,-5,45,23,8.7,6,14,8,1,6,10,2,0,0,0,0.0,0,0,0,0,0,208,122,46,41,10784,2608,773,7542,CBJ,Metropolitan,Eastern
2025-2026,20251106,15,BUF,34471,Ryan Johnson,ASSIGNED_TO_MINORS,24.0,"6'0""",170.0,USA,"Newport Beach, CA",True,D,3,0,0,0,0.0,0.0,0.0,0.0,5.7,5.1,0,0,0,0,0,0,0,0,0,0,0,0,0,0.0,0,4,0,0.0,3,2,2,2,6,2,2,0,0,0,0.0,1,2,0,0,0,34,14,7,13,1620,229,107,1284,BUF,Atlantic,Eastern
2025-2026,20251106,29,ANA,9081,Ross Johnston,ROSTER,31.0,"6'5""",235.0,Canada,"Charlottetown, PE",False,LW,11,1,3,4,0.27,0.27,0.09,0.36,24.3,84.9,0,0,0,0,0,0,0,0,0,0,0,0,0,0.0,2,12,3,33.3,4,3,6,29,10,7,0,4,1,3,25.0,7,29,6,27,5,140,76,35,31,6023,1319,230,4477,ANA,Pacific,Western
2025-2026,20251106,27,DAL,34837,Wyatt Johnston,ROSTER,22.0,"6'1""",178.0,Canada,"Toronto, ON",True,C,13,7,7,14,3.31,0.54,0.54,1.08,22.2,10.2,2,3,3,6,0,0,0,1,0,0,1,0,1,100.0,-2,79,43,16.3,13,21,15,5,19,12,3,177,89,88,50.3,2,4,2,4,0,326,224,70,34,16940,5304,522,10811,DAL,Central,Western
2025-2026,20251106,11,BOS,13644,Henri Jokiharju,ROSTER,26.0,"6'0""",195.0,Finland,Oulu,False,D,15,0,3,3,0.67,0.2,0.0,0.2,26.8,10.2,0,0,1,1,0,0,0,0,0,0,0,0,0,0.0,-1,38,10,0.0,14,19,9,10,20,16,0,0,0,0,0.0,2,4,2,4,0,351,202,77,72,15835,3395,1815,10625,BOS,Atlantic,Eastern
2025-2026,20251106,25,MIN,18220,Ben Jones,ROSTER,26.0,"6'0""",187.0,Canada,"Waterloo, ON",False,C,5,0,0,0,1.0,0.0,0.0,0.0,12.6,0.0,0,0,0,0,0,0,0,0,0,0,0,0,0,0.0,-3,11,5,0.0,3,3,3,13,2,0,1,25,17,8,68.0,0,0,1,2,0,53,32,16,5,2459,594,202,1663,MIN,Central,Western
2025-2026,20251106,10,PIT,15433,Caleb Jones,INJURY_LIST,28.0,"6'1""",194.0,USA,"Arlington, TX",False,D,7,0,1,1,0.71,0.14,0.0,0.14,28.3,0.0,0,0,0,0,0,0,0,0,0,0,0,0,0,0.0,1,17,5,0.0,15,6,6,10,14,4,1,0,0,0,0.0,0,0,1,2,0,144,78,22,39,7212,1036,445,5407,PIT,Metropolitan,Eastern
2025-2026,20251106,4,FLO,5243,Seth Jones,ROSTER,31.0,"6'4""",209.0,USA,"Arlington, TX",False,D,13,0,6,6,1.46,0.46,0.0,0.46,28.5,17.8,0,0,3,3,0,0,0,0,0,0,0,0,0,0.0,-4,60,19,0.0,13,21,20,15,18,21,3,0,0,0,0.0,3,8,3,6,0,366,185,76,105,18313,3669,775,13869,FLA,,
2025-2026,20251106,17,STL,15228,Mathieu Joseph,ROSTER,28.0,"6'1""",190.0,Canada,"Chambly, QC",False,RW,13,1,2,3,1.31,0.15,0.08,0.23,26.8,5.1,0,0,0,0,0,0,0,0,0,0,0,0,0,0.0,-2,29,17,5.9,7,2,10,26,11,8,5,6,3,3,50.0,1,2,3,6,0,222,122,46,55,9873,1834,689,7350,STL,Central,Western
2025-2026,20251106,21,VAN,13638,Pierre-Olivier Joseph,ROSTER,26.0,"6'2""",185.0,Canada,"Chambly, QC",True,D,7,0,0,0,1.14,0.0,0.0,0.0,10.7,5.1,0,0,0,0,0,0,0,0,0,0,0,0,0,0.0,-2,18,8,0.0,6,9,1,3,7,2,1,0,0,0,0.0,1,2,1,2,0,128,79,16,33,5320,541,33,4746,VAN,Pacific,Western
2025-2026,20251106,12,TOR,18183,Dakota Joshua,ROSTER,29.0,"6'2""",183.0,USA,"Dearborn, MI",False,C,14,2,3,5,1.0,0.21,0.14,0.36,48.0,5.1,0,0,0,0,0,0,0,0,0,0,0,0,0,0.0,-4,25,14,14.3,12,6,5,48,10,5,4,8,1,7,12.5,1,2,3,6,0,251,140,66,47,10287,2081,1267,6939,TOR,Atlantic,Eastern
2025-2026,20251106,18,NSH,5042,Roman Josi,ROSTER,35.0,"6'1""",201.0,Switzerland,Bern,False,D,8,1,4,5,2.38,0.5,0.12,0.62,24.5,15.2,0,0,2,2,0,0,0,0,0,0,0,0,0,0.0,-4,42,19,5.3,15,19,4,4,19,12,3,0,0,0,0.0,3,6,2,4,0,217,105,39,74,11561,3762,953,6846,NSH,Central,Western
2025-2026,20251106,18,NSH,9636,Tyson Jost,ROSTER,27.0,"5'11""",187.0,Canada,"St. Albert, AB",False,C,12,1,1,2,1.33,0.08,0.08,0.17,18.3,10.2,0,0,0,0,0,0,0,0,0,0,0,0,0,0.0,-3,24,16,6.2,6,7,1,15,15,2,7,18,9,9,50.0,2,4,2,4,0,198,104,38,58,9142,1166,584,7390,NSH,Central,Western
2025-2026,20251106,6,PHI,5621,Noah Juulsen,ROSTER,28.0,"6'2""",193.0,Canada,"Surrey, BC",False,D,13,0,1,1,0.46,0.08,0.0,0.08,26.3,0.0,0,0,0,0,0,0,0,0,0,0,0,0,0,0.0,-1,18,6,0.0,8,8,4,23,30,9,2,0,0,0,0.0,0,0,2,4,0,248,124,29,95,10258,1071,395,8792,PHI,Metropolitan,Eastern
2025-2026,20251106,23,CGY,4766,Nazem Kadri,ROSTER,35.0,"6'0""",192.0,Canada,"London, ON",False,C,14,3,7,10,2.93,0.5,0.21,0.71,12.8,20.3,1,1,3,4,0,0,0,0,0,0,1,0,1,100.0,-7,87,41,7.3,4,27,19,11,13,17,4,158,71,87,44.9,4,8,6,12,0,321,161,82,82,17058,6326,1375,9591,CGY,Pacific,Western
2025-2026,20251106,20,CHI,56352,Wyatt Kaiser,ROSTER,23.0,"6'0""",173.0,USA,"Ham Lake, MN",False,D,13,0,2,2,0.85,0.15,0.0,0.15,20.0,25.4,0,0,0,0,0,0,0,0,0,0,0,0,0,0.0,5,35,11,0.0,8,12,12,13,26,15,7,0,0,0,0.0,5,10,4,8,0,323,180,30,108,15204,1377,254,13383,CHI,Central,Western
2025-2026,20251106,143,SEA,17126,Kaapo Kakko,ROSTER,24.0,"6'3""",199.0,Finland,Turku,False,RW,2,0,0,0,1.5,0.0,0.0,0.0,2.1,5.1,0,0,0,0,0,0,0,0,0,0,0,0,0,0.0,-1,7,3,0.0,1,2,2,1,0,2,0,1,0,1,0.0,1,2,1,2,0,43,21,16,0,1806,355,333,875,SEA,Pacific,Western
2025-2026,20251106,13,OTT,28484,Arthur Kaliyev,ASSIGNED_TO_MINORS,24.0,"6'2""",190.0,USA,"Tashkent, Uzbekistan",True,RW,2,0,1,1,2.0,0.5,0.0,0.5,0.0,0.0,0,0,1,1,0,0,0,0,0,0,0,0,0,0.0,0,8,4,0.0,0,3,1,0,0,2,0,0,0,0,0.0,0,0,0,0,0,28,14,9,5,1273,251,119,903,OTT,Atlantic,Eastern
2025-2026,20251106,21,VAN,4656,Evander Kane,ROSTER,34.0,"6'2""",210.0,Canada,"Vancouver, BC",False,LW,14,2,5,7,2.43,0.36,0.14,0.5,32.2,61.1,0,1,1,2,0,0,0,0,0,0,0,0,0,0.0,-3,74,34,5.9,9,20,20,30,12,14,3,11,3,8,27.3,10,28,9,18,0,281,124,78,82,14451,3488,1650,9346,VAN,Pacific,Western
2025-2026,20251106,16,DET,4265,Patrick Kane,ROSTER,36.0,"5'10""",177.0,USA,"Buffalo, NY",False,RW,5,2,3,5,1.8,0.6,0.4,1.0,2.7,0.0,0,1,2,3,0,0,0,1,0,0,0,0,0,0.0,-2,16,9,22.2,1,2,5,2,2,7,0,0,0,0,0.0,0,0,1,2,0,99,48,30,23,5171,1782,700,2689,DET,Atlantic,Eastern
2025-2026,20251106,24,EDM,5428,Kasperi Kapanen,ROSTER,29.0,"6'1""",194.0,Finland,Kuopio,False,RW,6,0,2,2,0.67,0.33,0.0,0.33,16.0,0.0,0,0,0,0,0,0,0,0,0,0,1,1,0,0.0,-2,10,4,0.0,4,5,1,16,6,4,1,1,0,1,0.0,0,0,0,0,0,92,50,26,16,4423,1059,447,2917,EDM,Pacific,Western
2025-2026,20251106,14,MTL,37995,Oliver Kapanen,ROSTER,22.0,"6'1""",182.0,Sweden,"Sundsvall, Sweden",True,C,13,4,3,7,1.23,0.23,0.31,0.54,16.8,5.1,1,0,0,0,1,0,1,1,0,0,0,0,0,0.0,1,27,16,25.0,8,6,5,8,10,4,2,62,33,29,53.2,1,2,1,2,0,208,115,21,76,9909,860,57,8992,MTL,Atlantic,Eastern
2025-2026,20251106,25,MIN,5730,Kirill Kaprizov,ROSTER,28.0,"5'10""",192.0,Russia,Novokuznetsk,False,LW,14,8,10,18,3.36,0.71,0.57,1.29,8.6,5.1,2,5,4,9,0,0,0,0,0,0,1,0,0,0.0,-5,94,47,17.0,5,22,25,2,7,20,1,0,0,0,0.0,1,2,4,8,0,287,140,103,51,19172,4165,2014,12993,MIN,Central,Western
2025-2026,20251106,10,PIT,4660,Erik Karlsson,ROSTER,35.0,"6'0""",190.0,Sweden,Landsbro,False,D,14,1,10,11,1.86,0.71,0.07,0.79,22.0,10.2,0,0,2,2,0,0,0,0,0,0,0,0,0,0.0,7,78,26,3.8,15,32,22,0,22,24,8,0,0,0,0.0,2,4,2,4,0,349,164,101,76,19462,3971,2354,12686,PIT,Metropolitan,Eastern
2025-2026,20251106,21,VAN,39290,Linus Karlsson,ROSTER,25.0,"6'1""",178.0,Sweden,Eksjö,True,C,11,0,3,3,1.0,0.27,0.0,0.27,14.1,5.1,0,0,0,0,0,0,0,0,0,0,0,0,0,0.0,2,28,11,0.0,4,5,12,13,8,7,1,10,2,8,20.0,1,2,1,2,0,156,88,30,38,6584,844,357,5383,VAN,Pacific,Western
2025-2026,20251106,142,VGK,5459,William Karlsson,ROSTER,32.0,"6'0""",195.0,Sweden,Märsta,False,C,12,4,2,6,2.08,0.17,0.33,0.5,20.9,10.2,1,1,0,1,1,0,1,1,0,0,0,0,0,0.0,-2,43,25,16.0,13,10,8,3,15,11,3,137,76,61,55.5,2,4,1,2,0,245,119,83,48,11456,3002,1663,6779,VGK,Pacific,Western
2025-2026,20251106,143,SEA,37962,Tye Kartye,ROSTER,24.0,"5'11""",202.0,Canada,"Kingston, ON",True,LW,12,1,1,2,0.67,0.08,0.08,0.17,29.9,0.0,0,0,0,0,0,0,0,0,0,0,0,0,0,0.0,-1,23,8,12.5,7,8,7,31,20,9,4,2,1,1,50.0,0,0,0,0,0,202,111,32,59,8168,762,242,7112,SEA,Pacific,Western
2025-2026,20251106,16,DET,43336,Marco Kasper,ROSTER,21.0,"6'1""",187.0,Austria,Innsbruck,True,C,14,3,0,3,1.79,0.0,0.21,0.21,34.8,15.2,1,1,0,1,0,0,0,0,0,0,0,0,0,0.0,-4,41,25,12.0,9,3,13,34,20,13,3,148,71,77,48.0,3,6,1,2,0,284,210,35,42,13104,1911,112,11081,DET,Atlantic,Eastern
2025-2026,20251106,11,BOS,13659,Mark Kastelic,ROSTER,26.0,"6'4""",223.0,USA,"Phoenix, AZ",False,C,15,3,1,4,1.33,0.07,0.2,0.27,44.9,25.1,1,0,0,0,0,0,0,1,0,0,0,0,0,0.0,3,45,20,15.0,19,7,18,27,13,9,6,97,55,42,56.7,3,9,9,21,1,275,137,86,55,11397,1759,1320,8318,BOS,Atlantic,Eastern
2025-2026,20251106,30,UTA,9633,Clayton Keller,ROSTER,27.0,"5'10""",170.0,USA,"Chesterfield, MO",False,RW,14,5,9,14,2.64,0.64,0.36,1.0,8.0,10.2,1,0,5,5,0,0,0,2,0,1,0,0,0,0.0,3,61,37,13.5,5,11,13,1,16,25,2,1,1,0,100.0,2,4,3,6,0,324,188,62,79,16316,2970,1016,12330,UTA,Central,Western
2025-2026,20251106,22,COL,15189,Parker Kelly,ROSTER,26.0,"6'0""",188.0,Canada,"Camrose, AB",False,C,14,2,2,4,1.21,0.14,0.14,0.29,35.1,15.2,0,0,0,0,0,0,0,1,0,0,0,0,0,0.0,2,32,17,11.8,11,10,5,30,13,7,1,41,17,24,41.5,3,6,2,4,0,228,109,40,81,9746,1132,552,8062,COL,Central,Western
2025-2026,20251106,18,NSH,43362,Joakim Kemell,ASSIGNED_TO_MINORS,21.0,"5'10""",185.0,Finland,Jyväskylän mlk,True,RW,2,0,0,0,0.5,0.0,0.0,0.0,4.0,0.0,0,0,0,0,0,0,0,0,0,0,0,0,0,0.0,0,5,1,0.0,1,3,1,4,1,0,0,1,0,1,0.0,0,0,0,0,0,28,18,10,0,1328,512,60,756,NSH,Central,Western
2025-2026,20251106,28,LAK,11731,Adrian Kempe,ROSTER,29.0,"6'2""",201.0,Sweden,Kramfors,False,RW,14,6,10,16,3.14,0.71,0.43,1.14,33.3,30.5,2,1,3,4,0,0,0,3,0,2,4,0,2,50.0,4,94,44,13.6,8,32,18,34,11,14,6,25,9,16,36.0,6,12,1,2,0,311,165,88,66,16704,3853,1784,11452,LAK,Pacific,Western
2025-2026,20251106,17,STL,38651,Matthew Kessel,ROSTER,25.0,"6'2""",205.0,USA,"Phoenix, AZ",True,D,5,0,0,0,0.6,0.0,0.0,0.0,1.5,10.2,0,0,0,0,0,0,0,0,0,0,0,0,0,0.0,1,6,3,0.0,1,1,2,0,3,1,1,0,0,0,0.0,2,4,1,2,0,69,53,8,8,3151,356,0,2795,STL,Central,Western
2025-2026,20251106,15,BUF,34838,Michael Kesselring,ROSTER,25.0,"6'4""",190.0,USA,"New Hampton, NH",True,D,4,0,0,0,1.5,0.0,0.0,0.0,12.8,5.1,0,0,0,0,0,0,0,0,0,0,0,0,0,0.0,0,15,6,0.0,7,4,5,4,10,6,1,0,0,0,0.0,1,2,0,0,0,91,58,5,28,4120,230,37,3853,BUF,Atlantic,Eastern
2025-2026,20251106,11,BOS,38009,Marat Khusnutdinov,ROSTER,23.0,"5'11""",176.0,Russia,Moskva,True,C,10,2,1,3,1.1,0.1,0.2,0.3,7.1,10.2,0,0,0,0,0,0,0,1,0,1,1,0,1,100.0,-2,16,11,18.2,4,2,3,2,6,2,4,16,8,8,50.0,2,4,3,6,0,167,117,42,11,7442,1753,481,5398,BOS,Atlantic,Eastern
2025-2026,20251106,29,ANA,5165,Alex Killorn,ROSTER,36.0,"6'1""",197.0,Canada,"Halifax, NS",False,LW,12,1,2,3,2.0,0.17,0.08,0.25,13.7,5.1,0,0,0,0,0,0,0,0,0,0,0,0,0,0.0,-1,38,24,4.2,5,7,7,10,10,10,4,25,9,16,36.0,1,2,2,4,0,266,141,65,60,11809,3557,991,7199,ANA,Pacific,Western
2025-2026,20251106,10,PIT,167594,Benjamin Kindel,ROSTER,18.0,"5'11""",181.0,Canada,"Coquitlam, BC",True,C,12,5,0,5,2.17,0.0,0.42,0.42,19.7,10.2,1,2,0,2,0,0,0,0,0,0,0,0,0,0.0,-1,45,26,19.2,10,10,9,8,19,10,2,86,40,46,46.5,2,4,2,4,0,215,183,26,5,10113,1515,167,8071,PIT,Metropolitan,Eastern
2025-2026,20251106,23,CGY,12019,Justin Kirkland,ROSTER,29.0,"6'3""",193.0,Canada,"Winnipeg, MB",False,C,9,0,1,1,0.56,0.11,0.0,0.11,12.6,0.0,0,0,0,0,0,0,0,0,0,0,2,1,0,0.0,-1,14,5,0.0,3,4,5,13,8,3,1,66,36,30,54.5,0,0,0,0,0,136,74,22,40,5168,670,275,4223,CGY,Pacific,Western
2025-2026,20251106,22,COL,17372,Joel Kiviranta,ROSTER,29.0,"5'10""",175.0,Finland,Vantaa,False,LW,5,0,0,0,0.6,0.0,0.0,0.0,8.6,0.0,0,0,0,0,0,0,0,0,0,0,0,0,0,0.0,1,5,3,0.0,2,2,0,9,8,4,0,2,2,0,100.0,0,0,1,4,0,80,49,14,17,3233,679,137,2417,COL,Central,Western
2025-2026,20251106,23,CGY,39261,Adam Klapka,ROSTER,25.0,"6'8""",245.0,Czech Republic,Praha,True,RW,13,1,2,3,1.0,0.15,0.08,0.23,39.0,75.3,0,0,1,1,0,0,0,0,0,0,0,0,0,0.0,0,34,13,7.7,8,10,11,43,13,2,2,7,1,6,14.3,9,27,4,17,3,185,157,22,7,7747,1253,71,6423,CGY,Pacific,Western
2025-2026,20251106,13,OTT,38006,Tyler Kleven,ROSTER,23.0,"6'4""",200.0,USA,"Fargo, ND",True,D,11,0,1,1,1.09,0.09,0.0,0.09,41.5,25.1,0,0,0,0,0,0,0,0,0,0,0,0,0,0.0,-5,27,12,0.0,21,7,8,17,26,17,3,0,0,0,0.0,3,9,3,9,1,246,156,45,45,10073,1248,385,8440,OTT,Atlantic,Eastern
2025-2026,20251106,26,SJS,5484,John Klingberg,ROSTER,33.0,"6'3""",185.0,Sweden,Gothenburg,False,D,7,1,2,3,1.57,0.29,0.14,0.43,18.9,10.2,0,1,1,2,0,0,0,0,0,0,0,0,0,0.0,-2,22,11,9.1,9,9,2,9,10,8,1,0,0,0,0.0,2,4,0,0,0,160,83,44,34,9007,2498,410,6099,SJS,Pacific,Western
2025-2026,20251106,12,TOR,37990,Matthew Knies,ROSTER,23.0,"6'3""",205.0,USA,"Phoenix, AZ",True,LW,14,5,13,18,2.07,0.93,0.36,1.29,32.7,20.3,1,2,0,2,0,0,0,0,0,0,0,0,0,0.0,6,45,29,17.2,8,12,4,33,7,13,4,0,0,0,0.0,4,8,4,8,0,329,251,52,32,16883,3941,1209,11735,TOR,Atlantic,Eastern
2025-2026,20251106,2,WPJ,30052,Cole Koepke,ROSTER,27.0,"6'1""",195.0,USA,"Two Harbors, MN",True,LW,13,0,2,2,0.92,0.15,0.0,0.15,30.0,20.5,0,0,0,0,0,0,0,0,0,0,0,0,0,0.0,-3,23,12,0.0,4,3,8,38,7,5,5,0,0,0,0.0,2,12,3,6,0,196,124,52,20,7979,1443,831,5705,WPG,,
2025-2026,20251106,10,PIT,32282,Ville Koivunen,ROSTER,22.0,"5'11""",161.0,Finland,Oulu,True,RW,7,0,1,1,1.0,0.14,0.0,0.14,5.0,0.0,0,0,0,0,0,0,0,0,0,0,1,0,0,0.0,-1,14,7,0.0,3,6,2,1,9,4,1,0,0,0,0.0,0,0,0,0,0,115,69,12,27,5381,626,135,4257,PIT,Metropolitan,Eastern
2025-2026,20251106,142,VGK,17370,Keegan Kolesar,ROSTER,28.0,"6'2""",216.0,Canada,"Winnipeg, MB",True,RW,12,0,2,2,0.75,0.17,0.0,0.17,39.0,20.0,0,0,0,0,0,0,0,0,0,0,0,0,0,0.0,-2,15,9,0.0,11,3,3,36,15,5,1,2,1,1,50.0,2,7,1,5,1,194,93,52,50,7777,1641,575,5549,VGK,Pacific,Western
2025-2026,20251106,6,PHI,5619,Travis Konecny,ROSTER,28.0,"5'10""",175.0,Canada,"London, ON",False,RW,13,4,6,10,2.54,0.46,0.31,0.77,28.6,30.2,1,0,2,2,1,0,1,1,0,0,1,0,0,0.0,2,57,33,12.1,10,12,12,22,13,25,5,13,4,9,30.8,4,11,4,11,1,314,155,67,96,14891,2173,822,11896,PHI,Metropolitan,Eastern
2025-2026,20251106,28,LAK,4033,Anze Kopitar,ROSTER,38.0,"6'3""",225.0,Slovenia,Jesenice,False,C,10,0,6,6,1.4,0.6,0.0,0.6,24.5,10.2,0,0,3,3,0,0,0,0,0,0,0,0,0,0.0,7,37,14,0.0,12,7,16,11,8,16,4,187,103,84,55.1,2,4,3,6,0,211,106,53,52,11433,4106,1004,6323,LAK,Pacific,Western
2025-2026,20251106,142,VGK,17144,Kaedan Korczak,ROSTER,24.0,"6'3""",192.0,Canada,"Yorkton, SK",True,D,12,1,1,2,1.17,0.08,0.08,0.17,44.5,20.3,0,0,0,0,0,0,0,0,0,0,0,0,0,0.0,4,31,14,7.1,20,11,6,24,26,10,1,0,0,0,0.0,4,8,1,2,0,268,166,74,29,11917,2014,1000,8903,VGK,Pacific,Western
2025-2026,20251106,3,CAR,14526,Jesperi Kotkaniemi,ROSTER,25.0,"6'2""",198.0,Finland,Pori,False,C,10,1,2,3,1.0,0.2,0.1,0.3,21.9,0.0,0,0,0,0,0,0,0,0,0,0,0,0,0,0.0,3,17,10,10.0,8,4,3,16,11,7,2,70,32,38,45.7,0,0,2,4,0,145,78,34,34,6360,361,549,5450,CAR,Metropolitan,Eastern
2025-2026,20251106,15,BUF,34472,Tyson Kozak,INJURY_LIST,22.0,"5'11""",173.0,Canada,"Souris, MB",True,C,7,2,0,2,0.71,0.0,0.29,0.29,17.9,0.0,0,0,0,0,0,0,0,0,0,0,0,0,0,0.0,2,8,5,40.0,4,2,1,19,6,2,2,62,28,34,45.2,0,0,2,4,0,98,64,16,20,4145,759,84,3302,BUF,Atlantic,Eastern
2025-2026,20251106,15,BUF,17149,Peyton Krebs,ROSTER,24.0,"5'11""",180.0,Canada,"Okotoks, AB",True,C,13,0,3,3,1.0,0.23,0.0,0.23,26.6,37.9,0,0,0,0,0,0,0,0,0,0,0,0,0,0.0,-4,21,13,0.0,6,4,4,28,16,5,4,94,43,51,45.7,5,15,7,17,1,249,154,40,55,10532,1206,442,8884,BUF,Atlantic,Eastern
2025-2026,20251106,29,ANA,5104,Chris Kreider,ROSTER,34.0,"6'3""",217.0,USA,"Boxford, MA",False,LW,8,7,1,8,2.88,0.12,0.88,1.0,8.2,20.3,2,4,0,4,0,0,0,1,0,0,0,0,0,0.0,1,38,23,30.4,3,5,10,6,4,9,1,1,0,1,0.0,4,8,1,2,0,166,96,40,37,7833,2311,493,5029,ANA,Pacific,Western
2025-2026,20251106,1,TBL,5300,Nikita Kucherov,ROSTER,32.0,"5'11""",180.0,Russia,Moscow,False,RW,11,5,6,11,2.91,0.55,0.45,1.0,5.7,5.1,1,1,2,3,0,0,0,1,0,1,0,0,0,0.0,-4,97,32,15.6,3,37,28,2,5,18,4,0,0,0,0.0,1,2,5,10,0,253,135,78,45,13755,4938,1581,7237,TBL,Atlantic,Eastern
2025-2026,20251106,24,EDM,5554,Brett Kulak,ROSTER,31.0,"6'2""",197.0,Canada,"Stony Plain, AB",False,D,15,0,2,2,1.27,0.13,0.0,0.13,17.4,5.1,0,0,0,0,0,0,0,0,0,0,0,0,0,0.0,2,42,19,0.0,11,17,6,2,12,12,2,0,0,0,0.0,1,2,0,0,0,323,189,47,81,16535,3303,1283,11703,EDM,Pacific,Western
2025-2026,20251106,15,BUF,43367,Jiri Kulich,ROSTER,21.0,"5'11""",178.0,Czech Republic,Kadan,True,C,12,3,2,5,1.67,0.17,0.25,0.42,23.3,10.2,1,0,0,0,0,0,0,0,0,0,0,0,0,0.0,-4,43,20,15.0,12,13,10,9,9,10,1,163,68,95,41.7,2,4,4,8,0,272,185,42,48,11782,2172,126,9484,BUF,Atlantic,Eastern
2025-2026,20251106,4,FLO,4706,Dmitry Kulikov,INJURY_LIST,35.0,"6'1""",199.0,Russia,Lipetsk,False,D,2,0,0,0,0.5,0.0,0.0,0.0,0.6,0.0,0,0,0,0,0,0,0,0,0,0,0,0,0,0.0,-1,1,1,0.0,0,0,0,1,0,2,0,0,0,0,0.0,0,0,0,0,0,34,18,7,9,1293,463,134,696,FLA,,
2025-2026,20251106,4,FLO,9641,Luke Kunin,ROSTER,27.0,"6'0""",197.0,USA,"Chesterfield, MO",False,C,10,0,1,1,0.5,0.1,0.0,0.1,27.7,10.2,0,0,0,0,0,0,0,0,0,0,0,0,0,0.0,0,11,5,0.0,12,3,3,16,12,6,1,102,47,55,46.1,2,4,1,2,0,145,73,44,28,6285,909,852,4524,FLA,,
2025-2026,20251106,11,BOS,5568,Sean Kuraly,ROSTER,32.0,"6'2""",213.0,USA,"Dublin, OH",False,C,15,1,3,4,1.4,0.2,0.07,0.27,25.0,15.2,0,0,0,0,0,0,0,0,0,0,0,0,0,0.0,2,43,21,4.8,11,12,10,14,12,15,4,153,72,81,47.1,3,6,2,4,0,288,133,56,100,12615,3279,599,8737,BOS,Atlantic,Eastern
2025-2026,20251106,26,SJS,17991,Philipp Kurashev,ROSTER,26.0,"6'0""",190.0,Switzerland,Münsingen,False,C,11,5,4,9,2.27,0.36,0.45,0.82,13.7,5.1,1,0,0,0,0,0,0,1,0,1,1,1,0,0.0,5,40,25,20.0,5,9,6,10,12,13,4,17,10,7,58.8,1,2,1,2,0,240,124,65,56,11858,1686,707,9465,SJS,Pacific,Western
2025-2026,20251106,28,LAK,39780,Andrei Kuzmenko,ROSTER,29.0,"5'11""",194.0,Russia,Yakutsk,True,LW,14,3,4,7,1.57,0.29,0.21,0.5,16.2,5.1,1,2,1,3,0,0,0,0,0,0,2,0,0,0.0,2,47,22,13.6,5,13,12,14,15,21,2,0,0,0,0.0,1,2,5,10,0,230,198,32,3,13433,2474,349,10610,LAK,Pacific,Western
2025-2026,20251106,17,STL,13677,Jordan Kyrou,ROSTER,27.0,"6'0""",175.0,Canada,"Toronto, ON",False,RW,14,4,4,8,2.29,0.29,0.29,0.57,13.0,0.0,1,1,2,3,0,0,0,0,0,0,1,0,0,0.0,-8,70,32,12.5,8,21,17,2,10,4,6,1,0,1,0.0,0,0,3,6,0,298,160,84,58,14599,2755,814,11030,STL,Central,Western
2025-2026,20251106,9,NYR,56552,Noah Laba,ROSTER,22.0,"6'1""",181.0,USA,"Northville, MI",False,C,14,2,2,4,0.93,0.14,0.14,0.29,23.1,10.2,0,0,1,1,0,0,0,0,0,0,0,0,0,0.0,2,24,13,15.4,11,4,7,11,16,6,3,94,49,45,52.1,2,4,2,4,0,236,175,30,22,9906,1551,185,7607,NYR,Metropolitan,Eastern
2025-2026,20251106,21,VAN,11363,Joseph Labate,ASSIGNED_TO_MINORS,32.0,"6'3""",213.0,USA,"Eagan, MN",True,C,1,0,0,0,2.0,0.0,0.0,0.0,6.7,0.0,0,0,0,0,0,0,0,0,0,0,0,0,0,0.0,-1,3,2,0.0,2,0,1,6,1,0,0,2,1,1,50.0,0,0,0,0,0,16,11,1,4,572,139,0,433,VAN,Pacific,Western
2025-2026,20251106,29,ANA,38017,Jackson LaCombe,ROSTER,24.0,"6'2""",201.0,USA,"Eden Prairie, MN",True,D,12,0,5,5,1.83,0.42,0.0,0.42,43.6,5.1,0,0,2,2,0,0,0,0,0,0,0,0,0,0.0,2,64,22,0.0,25,27,15,11,24,20,5,0,0,0,0.0,1,2,2,4,0,331,172,61,99,17990,2739,748,14502,ANA,Pacific,Western
2025-2026,20251106,28,LAK,56457,Alex Laferriere,ROSTER,24.0,"6'0""",173.0,USA,"Chatham, New Jersey",False,RW,14,3,3,6,2.07,0.21,0.21,0.43,39.1,10.2,1,0,0,0,1,0,1,0,0,0,0,0,0,0.0,-3,59,29,10.3,12,15,15,34,20,14,2,56,22,34,39.3,2,4,3,6,0,297,186,44,70,13436,1332,685,11419,LAK,Pacific,Western
2025-2026,20251106,20,CHI,17188,Sam Lafferty,ROSTER,30.0,"6'1""",195.0,USA,"Hollidaysburg, PA",True,C,3,0,0,0,0.0,0.0,0.0,0.0,3.2,10.2,0,0,0,0,0,0,0,0,0,0,0,0,0,0.0,0,1,0,0.0,0,1,0,5,0,1,0,2,0,2,0.0,2,4,0,0,0,38,16,16,6,1401,145,398,858,CHI,Central,Western
2025-2026,20251106,9,NYR,19048,Alexis Lafrenière,ROSTER,24.0,"6'1""",193.0,Canada,"St-Eustache, QC",True,LW,14,1,5,6,2.29,0.36,0.07,0.43,25.9,10.2,0,0,1,1,0,0,0,1,0,0,0,0,0,0.0,-9,59,32,3.1,9,14,16,20,19,5,3,5,1,4,20.0,2,4,1,2,0,306,206,72,16,14987,3551,848,9995,NYR,Metropolitan,Eastern
2025-2026,20251106,14,MTL,9628,Patrik Laine,ROSTER,27.0,"6'5""",206.0,Finland,Tampere,False,LW,5,0,1,1,1.2,0.2,0.0,0.2,1.3,5.1,0,0,0,0,0,0,0,0,0,0,0,0,0,0.0,-3,20,6,0.0,0,8,6,2,2,2,0,3,2,1,66.7,1,2,1,2,0,73,46,19,8,3782,716,426,2640,MTL,Atlantic,Eastern
2025-2026,20251106,2,WPJ,53331,Brad Lambert,ROSTER,21.0,"6'1""",183.0,Finland,Lahti,True,C,4,1,0,1,0.75,0.0,0.25,0.25,3.4,5.1,0,0,0,0,0,0,0,0,0,0,0,0,0,0.0,-1,6,3,33.3,1,2,1,3,3,3,0,1,0,1,0.0,1,2,0,0,0,49,35,9,6,2166,337,94,1735,WPG,,
2025-2026,20251106,7,NJD,15266,Juho Lammikko,ROSTER,29.0,"6'2""",207.0,Finland,Noormarkku,False,C,4,0,0,0,1.25,0.0,0.0,0.0,6.7,0.0,0,0,0,0,0,0,0,0,0,0,0,0,0,0.0,-1,6,5,0.0,2,0,1,6,0,1,0,34,17,17,50.0,0,0,0,0,0,61,33,13,15,2560,569,26,1965,NJD,Metropolitan,Eastern
2025-2026,20251106,22,COL,4986,Gabriel Landeskog,ROSTER,32.0,"6'1""",215.0,Sweden,Stockholm,False,LW,14,0,4,4,1.43,0.29,0.0,0.29,19.2,35.3,0,0,0,0,0,0,0,0,0,0,0,0,0,0.0,0,42,20,0.0,4,12,10,21,15,8,5,20,13,7,65.0,5,13,4,11,1,265,139,93,33,11733,2716,2086,6931,COL,Central,Western
2025-2026,20251106,5,WSH,28519,Hendrix Lapierre,ROSTER,23.0,"6'0""",179.0,Canada,"Gatineau, QC",True,C,12,0,2,2,1.08,0.17,0.0,0.17,11.4,10.2,0,0,0,0,0,0,0,0,0,0,0,0,0,0.0,0,28,13,0.0,3,4,11,11,7,11,0,49,21,28,42.9,2,4,1,2,0,169,117,34,16,7928,1678,488,5664,WSH,Metropolitan,Eastern
2025-2026,20251106,16,DET,5829,Dylan Larkin,ROSTER,29.0,"6'1""",198.0,USA,"Waterford, MI",False,C,14,8,10,18,2.86,0.71,0.57,1.29,12.6,20.3,2,3,2,5,0,0,0,3,0,1,1,1,0,0.0,6,83,40,20.0,6,16,27,6,8,16,1,279,155,124,55.6,4,8,6,12,0,345,166,56,131,17298,3477,584,13237,DET,Atlantic,Eastern
2025-2026,20251106,143,SEA,4989,Adam Larsson,ROSTER,32.0,"6'3""",208.0,Sweden,Skelleftea,False,D,12,0,2,2,0.92,0.17,0.0,0.17,58.7,15.2,0,0,0,0,0,0,0,0,0,0,0,0,0,0.0,-6,22,11,0.0,31,10,1,21,11,6,2,0,0,0,0.0,3,6,0,0,0,317,173,53,84,16529,2840,970,12350,SEA,Pacific,Western
2025-2026,20251106,12,TOR,5139,Scott Laughton,ROSTER,31.0,"6'1""",190.0,Canada,"Oakville, ON",False,C,1,0,0,0,0.0,0.0,0.0,0.0,1.9,5.1,0,0,0,0,0,0,0,0,0,0,0,0,0,0.0,-1,1,0,0.0,0,0,1,3,1,1,0,9,5,4,55.6,1,2,0,0,0,19,10,6,3,657,187,25,445,TOR,Atlantic,Eastern
2025-2026,20251106,142,VGK,15369,Jeremy Lauzon,ROSTER,28.0,"6'1""",204.0,Canada,"Val-dOr, QC",False,D,12,0,3,3,0.75,0.25,0.0,0.25,58.0,45.4,0,0,0,0,0,0,0,0,0,0,0,0,0,0.0,2,34,9,0.0,21,14,11,43,25,7,1,0,0,0,0.0,7,17,4,14,1,284,149,51,85,12315,2673,618,9012,VGK,Pacific,Western
2025-2026,20251106,24,EDM,5454,Curtis Lazar,ROSTER,30.0,"6'0""",211.0,Canada,"Salmon Arm, BC",False,C,4,1,0,1,0.5,0.0,0.25,0.25,10.1,0.0,0,0,0,0,0,0,0,0,0,0,0,0,0,0.0,0,8,2,50.0,3,2,4,9,5,0,0,11,6,5,54.5,0,0,0,0,0,57,34,13,8,2406,447,60,1858,EDM,Pacific,Western
2025-2026,20251106,26,SJS,4834,Nick Leddy,ROSTER,34.0,"6'0""",207.0,USA,"Eden Prairie, MN",False,D,7,0,2,2,0.14,0.29,0.0,0.29,15.9,10.2,0,0,0,0,0,0,0,0,0,0,0,0,0,0.0,-4,4,1,0.0,10,2,1,2,3,4,4,0,0,0,0.0,2,4,0,0,0,149,78,26,45,7223,1710,161,5352,SJS,Pacific,Western
2025-2026,20251106,8,NYI,5199,Anders Lee,ROSTER,35.0,"6'3""",231.0,USA,"Edina, MN",False,LW,13,2,7,9,3.0,0.54,0.15,0.69,22.3,30.5,0,0,1,1,0,0,0,1,0,0,0,0,0,0.0,-1,66,39,5.1,10,6,21,12,19,6,3,18,11,7,61.1,6,12,6,12,0,249,131,64,56,11775,2709,800,8266,NYI,Metropolitan,Eastern
2025-2026,20251106,3,CAR,142373,Charles-Alexis Legault,ROSTER,22.0,"6'3""",208.0,Canada,"Montreal, QB",True,D,6,0,0,0,1.33,0.0,0.0,0.0,9.7,15.2,0,0,0,0,0,0,0,0,0,0,0,0,0,0.0,2,18,8,0.0,4,5,5,6,9,6,1,0,0,0,0.0,3,6,0,0,0,117,106,3,8,4833,634,68,4131,CAR,Metropolitan,Eastern
2025-2026,20251106,22,COL,10064,Artturi Lehkonen,ROSTER,30.0,"6'0""",180.0,Finland,Piikkiö,False,LW,14,4,8,12,2.43,0.57,0.29,0.86,24.9,0.0,1,0,0,0,0,0,0,0,0,0,1,0,0,0.0,11,59,34,11.8,14,10,15,7,18,12,1,1,0,1,0.0,0,0,2,4,0,335,166,86,86,16443,3902,1448,11093,COL,Central,Western
2025-2026,20251106,21,VAN,56699,Jonathan Lekkerimäki,INJURY_LIST,21.0,"5'10""",165.0,Sweden,Huddinge,False,RW,4,1,0,1,0.75,0.0,0.25,0.25,6.1,0.0,0,0,0,0,0,0,0,0,0,0,0,0,0,0.0,0,7,3,33.3,2,2,2,5,5,3,0,0,0,0,0.0,0,0,2,4,0,48,39,4,6,2376,312,0,2064,VAN,Pacific,Western
2025-2026,20251106,5,WSH,142776,Ryan Leonard,ROSTER,,,,,,False,RW,13,3,4,7,1.62,0.31,0.23,0.54,17.9,15.2,1,1,0,1,0,0,0,2,0,0,1,1,0,0.0,4,60,21,14.3,4,22,17,19,22,21,3,5,3,2,60.0,3,6,5,10,0,217,186,26,4,10172,1653,138,8222,WSH,Metropolitan,Eastern
2025-2026,20251106,10,PIT,4030,Kris Letang,ROSTER,38.0,"6'0""",201.0,Canada,"Montreal, QC",False,D,14,1,5,6,1.29,0.36,0.07,0.43,42.2,12.7,0,1,2,3,0,0,0,0,0,0,0,0,0,0.0,7,47,18,5.6,21,19,10,18,26,19,3,0,0,0,0.0,2,6,1,2,0,334,151,70,104,18154,3975,1123,12520,PIT,Metropolitan,Eastern
2025-2026,20251106,20,CHI,142389,Artyom Levshunov,ROSTER,,,,,,False,D,12,0,5,5,0.92,0.42,0.0,0.42,21.4,25.4,0,0,1,1,0,0,0,0,0,0,0,0,0,0.0,4,20,11,0.0,9,6,3,13,17,16,1,0,0,0,0.0,5,10,1,2,0,219,180,27,7,10887,1341,89,9201,CHI,Central,Western
2025-2026,20251106,26,SJS,15133,Timothy Liljegren,ROSTER,26.0,"6'0""",190.0,Sweden,Kristianstad,False,D,10,0,3,3,0.8,0.3,0.0,0.3,36.9,15.2,0,0,0,0,0,0,0,0,0,0,0,0,0,0.0,-2,29,8,0.0,20,13,8,12,14,12,1,0,0,0,0.0,3,6,1,2,0,246,125,51,70,12690,1531,393,10766,SJS,Pacific,Western
2025-2026,20251106,27,DAL,5910,Esa Lindell,ROSTER,31.0,"6'3""",215.0,Finland,Helsinki,False,D,13,1,3,4,0.85,0.23,0.08,0.31,43.6,10.2,0,0,0,0,0,0,0,0,0,0,0,0,0,0.0,4,26,11,9.1,25,10,5,11,25,17,6,0,0,0,0.0,2,4,1,2,0,314,158,68,84,17581,4414,1131,11790,DAL,Central,Western
2025-2026,20251106,143,SEA,14122,Ryan Lindgren,ROSTER,27.0,"6'0""",191.0,USA,"Minneapolis, MN",False,D,12,0,1,1,0.5,0.08,0.0,0.08,35.2,55.8,0,0,0,0,0,0,0,0,0,0,0,0,0,0.0,1,26,6,0.0,21,13,7,7,10,14,1,0,0,0,0.0,7,25,2,7,1,302,173,66,55,13689,2099,666,10604,SEA,Pacific,Western
2025-2026,20251106,11,BOS,5260,Elias Lindholm,ROSTER,30.0,"6'1""",195.0,Sweden,Boden,False,C,13,4,5,9,1.69,0.38,0.31,0.69,32.6,20.3,1,4,3,7,0,0,0,1,0,0,0,0,0,0.0,-3,48,22,18.2,14,14,12,19,5,12,3,228,131,97,57.5,4,8,1,2,0,268,134,43,95,13800,3630,268,9902,BOS,Atlantic,Eastern
2025-2026,20251106,11,BOS,5228,Hampus Lindholm,ROSTER,31.0,"6'3""",208.0,Sweden,Helsingborg,False,D,7,0,2,2,1.14,0.29,0.0,0.29,12.3,17.8,0,0,0,0,0,0,0,0,0,0,0,0,0,0.0,-2,26,8,0.0,8,9,9,1,9,8,1,0,0,0,0.0,3,8,1,2,0,170,95,27,48,8022,1453,50,6519,BOS,Atlantic,Eastern
2025-2026,20251106,10,PIT,15998,Blake Lizotte,ROSTER,27.0,"5'7""",175.0,USA,"Lindstro, MN",True,C,14,2,0,2,1.14,0.0,0.14,0.14,20.0,0.0,0,0,0,0,0,0,0,0,0,0,0,0,0,0.0,0,26,16,12.5,8,8,4,13,25,12,1,98,50,48,51.0,0,0,0,0,0,276,160,76,34,11810,1846,976,8712,PIT,Metropolitan,Eastern
2025-2026,20251106,11,BOS,38000,Mason Lohrei,ROSTER,24.0,"6'4""",195.0,USA,"Verona, WI",True,D,11,1,5,6,0.82,0.45,0.09,0.55,23.7,0.0,0,1,0,1,0,0,0,0,0,0,0,0,0,0.0,0,37,9,11.1,14,16,12,5,19,12,3,0,0,0,0.0,0,0,1,2,0,264,193,58,14,11956,1954,519,9483,BOS,Atlantic,Eastern
2025-2026,20251106,23,CGY,13954,Ryan Lomberg,ROSTER,30.0,"5'9""",187.0,Canada,"Richmond Hill, ON",False,LW,14,0,1,1,0.86,0.07,0.0,0.07,40.3,35.0,0,0,0,0,0,0,0,0,0,0,0,0,0,0.0,0,21,12,0.0,5,3,6,52,6,4,0,6,1,5,16.7,3,12,5,16,2,181,99,38,44,7466,1246,601,5619,CGY,Pacific,Western
2025-2026,20251106,12,TOR,5781,Steven Lorentz,ROSTER,29.0,"6'3""",192.0,Canada,"Waterloo, ON",False,C,9,0,4,4,0.89,0.44,0.0,0.44,23.6,0.0,0,0,0,0,0,0,0,0,0,0,0,0,0,0.0,-3,14,8,0.0,7,2,4,21,6,4,1,15,6,9,40.0,0,0,0,0,0,124,64,44,16,5461,1152,847,3462,TOR,Atlantic,Eastern
2025-2026,20251106,2,WPJ,5456,Adam Lowry,ROSTER,32.0,"6'5""",210.0,USA,"St. Louis, MO",False,C,1,0,0,0,1.0,0.0,0.0,0.0,5.5,0.0,0,0,0,0,0,0,0,0,0,0,0,0,0,0.0,-1,1,1,0.0,2,0,0,4,0,1,0,13,1,12,7.7,0,0,0,0,0,26,10,6,10,848,197,0,651,WPG,,
2025-2026,20251106,6,PHI,142694,Jett Luchanko,ROSTER,,,,,,False,C,4,0,0,0,0.25,0.0,0.0,0.0,5.7,5.1,0,0,0,0,0,0,0,0,0,0,0,0,0,0.0,-3,2,1,0.0,3,0,1,2,5,1,0,21,11,10,52.4,1,2,1,2,0,45,40,3,2,2152,343,51,1758,PHI,Metropolitan,Eastern
2025-2026,20251106,4,FLO,30418,Anton Lundell,ROSTER,24.0,"6'1""",185.0,Finland,Espoo,True,C,13,3,6,9,2.0,0.46,0.23,0.69,23.9,20.3,1,2,2,4,0,1,1,0,0,0,2,0,1,50.0,-3,54,26,11.5,12,14,14,10,8,17,1,218,117,101,53.7,4,8,3,6,0,315,195,98,26,14656,3822,1022,9938,FLA,,
2025-2026,20251106,19,CBJ,14546,Isac Lundestrom,ROSTER,26.0,"6'0""",191.0,Sweden,Gällivare,False,C,12,0,2,2,0.58,0.17,0.0,0.17,11.3,5.1,0,0,0,0,0,0,0,0,0,0,0,0,0,0.0,2,15,7,0.0,6,4,4,4,13,10,2,90,48,42,53.3,1,2,1,2,0,201,128,33,36,8526,1095,606,6684,CBJ,Metropolitan,Eastern
2025-2026,20251106,27,DAL,14551,Nils Lundkvist,ROSTER,25.0,"5'11""",187.0,Sweden,Pitea,True,D,4,1,2,3,0.5,0.5,0.25,0.75,9.2,5.1,0,0,0,0,0,0,0,0,0,0,0,0,0,0.0,0,7,2,50.0,5,2,3,3,11,6,0,0,0,0,0.0,1,2,0,0,0,83,45,13,26,3839,139,126,3574,DAL,Central,Western
2025-2026,20251106,4,FLO,17339,Eetu Luostarinen,ROSTER,27.0,"6'3""",184.0,Finland,Siilinjrvi,False,C,13,2,3,5,1.54,0.23,0.15,0.38,38.5,15.2,0,1,0,1,0,0,0,0,0,0,0,0,0,0.0,-1,36,20,10.0,12,6,10,33,21,7,1,14,8,6,57.1,3,6,6,14,0,283,141,86,58,12889,1842,1766,9281,FLA,,
2025-2026,20251106,13,OTT,30087,Olle Lycksell,ROSTER,26.0,"5'10""",165.0,Sweden,Oskarshamn,True,RW,5,1,0,1,1.2,0.0,0.2,0.2,5.7,0.0,0,0,0,0,0,0,0,1,0,0,0,0,0,0.0,-2,9,6,16.7,3,1,2,2,3,1,0,0,0,0,0.0,0,0,1,2,0,71,50,12,10,3130,467,405,2258,OTT,Atlantic,Eastern
2025-2026,20251106,27,DAL,15176,Ilya Lyubushkin,ROSTER,31.0,"6'2""",201.0,Russia,Moskva,False,D,11,0,1,1,0.64,0.09,0.0,0.09,39.8,17.8,0,0,0,0,0,0,0,0,0,0,0,0,0,0.0,3,12,7,0.0,22,3,2,12,27,16,1,0,0,0,0.0,3,8,0,0,0,229,123,36,69,10631,1535,337,8713,DAL,Central,Western
2025-2026,20251106,30,UTA,5259,Olli Maatta,ROSTER,31.0,"6'2""",206.0,Finland,Jyväskylä,False,D,14,0,1,1,0.36,0.07,0.0,0.07,16.1,0.0,0,0,0,0,0,0,0,0,0,0,0,0,0,0.0,1,13,5,0.0,11,4,4,0,33,12,1,0,0,0,0.0,0,0,0,0,0,218,146,22,50,9886,1451,439,7996,UTA,Central,Western
2025-2026,20251106,12,TOR,28458,Matias Maccelli,ROSTER,25.0,"5'11""",165.0,Finland,Turku,True,LW,13,3,4,7,0.92,0.31,0.23,0.54,6.5,0.0,1,0,0,0,0,0,0,1,0,0,0,0,0,0.0,2,26,12,25.0,4,7,7,1,12,10,3,3,2,1,66.7,0,0,1,2,0,220,143,65,15,10564,2043,889,7632,TOR,Atlantic,Eastern
2025-2026,20251106,13,OTT,11733,Kurtis MacDermid,ROSTER,31.0,"6'5""",233.0,Canada,"Sauble Beach, ON",False,LW,6,0,0,0,0.33,0.0,0.0,0.0,8.4,25.1,0,0,0,0,0,0,0,0,0,0,0,0,0,0.0,-3,2,2,0.0,4,0,0,4,2,1,0,0,0,0,0.0,3,9,2,7,1,50,22,18,10,1573,174,355,1044,OTT,Atlantic,Eastern
2025-2026,20251106,21,VAN,13674,Mackenzie MacEachern,ROSTER,31.0,"6'2""",190.0,USA,"Bloomfield Hills, MI",False,LW,3,0,1,1,1.33,0.33,0.0,0.33,9.0,0.0,0,0,0,0,0,0,0,0,0,0,0,0,0,0.0,1,5,4,0.0,4,0,1,5,4,0,0,0,0,0,0.0,0,0,0,0,0,47,24,13,10,2043,407,88,1548,VAN,Pacific,Western
2025-2026,20251106,7,NJD,15475,Zack MacEwen,ROSTER,29.0,"6'3""",205.0,Canada,"Charlottetown, PE",True,RW,1,0,0,0,2.0,0.0,0.0,0.0,2.1,0.0,0,0,0,0,0,0,0,0,0,0,0,0,0,0.0,0,3,2,0.0,1,0,1,1,0,0,1,1,0,1,0.0,0,0,0,0,0,9,5,3,1,432,51,147,234,NJD,Metropolitan,Eastern
2025-2026,20251106,22,COL,5231,Nathan MacKinnon,ROSTER,30.0,"6'0""",200.0,Canada,"Halifax, NS",False,C,14,10,10,20,4.36,0.71,0.71,1.43,21.4,20.3,3,4,2,6,0,0,0,1,0,0,1,0,0,0.0,9,112,61,16.4,9,21,29,13,12,26,3,303,154,149,50.8,4,8,4,8,0,329,171,115,53,18267,5397,2587,10283,COL,Central,Western
2025-2026,20251106,8,NYI,34417,Kyle MacLean,ROSTER,26.0,"6'1""",190.0,USA,"Livingston, NJ",True,C,9,0,1,1,0.78,0.11,0.0,0.11,11.8,40.5,0,0,0,0,0,0,0,0,0,0,0,0,0,0.0,-4,10,7,0.0,2,0,3,14,8,2,1,16,11,5,68.8,4,19,3,9,1,121,73,33,15,5099,1071,296,3732,NYI,Metropolitan,Eastern
2025-2026,20251106,143,SEA,15128,Josh Mahura,ROSTER,27.0,"6'0""",190.0,Canada,"Edmonton, AB",False,D,12,1,1,2,0.75,0.08,0.08,0.17,35.4,30.6,0,0,0,0,0,0,0,1,0,1,0,0,0,0.0,6,24,9,11.1,19,8,7,12,18,7,2,0,0,0,0.0,4,16,1,2,0,262,158,46,55,10987,1382,722,8671,SEA,Pacific,Western
2025-2026,20251106,17,STL,37979,Logan Mailloux,ROSTER,22.0,"6'3""",214.0,Canada,"Belle River, ON",True,D,9,0,0,0,0.56,0.0,0.0,0.0,17.0,10.2,0,0,0,0,0,0,0,0,0,0,0,0,0,0.0,-12,18,5,0.0,6,7,6,13,17,7,1,0,0,0,0.0,2,4,1,2,0,147,110,24,13,6780,884,369,5527,STL,Central,Western
2025-2026,20251106,22,COL,13619,Cale Makar,ROSTER,27.0,"5'11""",187.0,Canada,"Calgary, AB",False,D,14,4,14,18,2.5,1.0,0.29,1.29,44.4,15.2,1,0,7,7,0,0,0,1,0,0,0,0,0,0.0,11,93,35,11.4,26,41,17,10,6,14,9,0,0,0,0.0,3,6,5,10,0,382,219,126,41,21516,4893,3589,13034,COL,Central,Western
2025-2026,20251106,22,COL,56372,Taylor Makar,ROSTER,24.0,"6'3""",190.0,Canada,"Calgary, AB",False,LW,1,0,0,0,0.0,0.0,0.0,0.0,0.6,0.0,0,0,0,0,0,0,0,0,0,0,0,0,0,0.0,0,1,0,0.0,0,1,0,1,3,0,0,0,0,0,0.0,0,0,0,0,0,8,7,1,0,367,58,0,309,COL,Central,Western
2025-2026,20251106,15,BUF,17164,Beck Malenstyn,ROSTER,27.0,"6'3""",200.0,Canada,"White Rock, BC",False,LW,12,0,1,1,1.25,0.08,0.0,0.08,49.4,5.1,0,0,0,0,0,0,0,0,0,0,0,0,0,0.0,-4,25,15,0.0,16,4,6,41,15,7,1,2,0,2,0.0,1,2,3,6,0,200,84,21,95,8169,1087,74,7008,BUF,Atlantic,Eastern
2025-2026,20251106,22,COL,119984,Sam Malinski,ROSTER,27.0,"5'11""",190.0,USA,"Lakeville, MN",True,D,14,1,5,6,1.86,0.36,0.07,0.43,26.0,5.1,0,0,0,0,0,0,0,1,0,0,0,0,0,0.0,4,63,26,3.8,16,25,12,4,21,16,6,0,0,0,0.0,1,2,0,0,0,286,254,19,14,12605,1944,263,10399,COL,Central,Western
2025-2026,20251106,10,PIT,3652,Evgeni Malkin,ROSTER,39.0,"6'3""",195.0,Russia,Magnitogorsk,False,C,14,3,16,19,2.57,1.14,0.21,1.36,8.8,30.5,1,1,7,8,0,0,0,0,0,0,2,1,1,50.0,5,55,36,8.3,3,8,12,7,12,15,5,109,50,59,45.9,6,12,2,4,0,287,149,85,52,14727,5144,1518,7985,PIT,Metropolitan,Eastern
2025-2026,20251106,28,LAK,34945,Jeff Malott,ROSTER,29.0,"6'3""",201.0,Canada,"Burlington, ON",True,LW,12,2,0,2,0.67,0.0,0.17,0.17,23.9,65.2,0,0,0,0,0,0,0,0,0,0,0,0,0,0.0,-1,22,8,25.0,2,6,8,33,5,5,1,1,1,0,100.0,7,23,4,17,3,130,98,19,15,5499,512,321,4666,LAK,Pacific,Western
2025-2026,20251106,21,VAN,56544,Victor Mancini,ROSTER,23.0,"6'3""",215.0,USA,"Hancock, MI",True,D,5,0,0,0,0.6,0.0,0.0,0.0,11.1,15.0,0,0,0,0,0,0,0,0,0,0,0,0,0,0.0,-2,7,3,0.0,5,3,1,6,9,2,0,0,0,0,0.0,1,5,1,5,1,69,62,3,4,3158,334,17,2807,VAN,Pacific,Western
2025-2026,20251106,24,EDM,5761,Andrew Mangiapane,ROSTER,29.0,"5'10""",184.0,Canada,"Toronto, ON",False,LW,15,4,2,6,0.87,0.13,0.27,0.4,22.9,0.0,1,0,0,0,0,0,0,1,0,0,0,0,0,0.0,-6,33,13,30.8,10,9,11,13,17,11,2,1,0,1,0.0,0,0,4,8,0,293,116,113,60,14432,2871,1946,9138,EDM,Pacific,Western
2025-2026,20251106,22,COL,5477,Josh Manson,ROSTER,34.0,"6'3""",218.0,USA,"Hinsdale, IL",False,D,14,1,1,2,1.43,0.07,0.07,0.14,49.8,45.4,0,0,0,0,0,0,0,1,0,0,0,0,0,0.0,2,38,20,5.0,21,10,8,30,21,16,6,0,0,0,0.0,7,17,4,11,1,350,182,101,68,15421,3098,1878,10445,COL,Central,Western
2025-2026,20251106,10,PIT,5413,Anthony Mantha,ROSTER,31.0,"6'5""",234.0,Canada,"Longueuil, QC",False,RW,14,6,5,11,1.93,0.36,0.43,0.79,18.4,0.0,2,0,1,1,0,0,0,0,0,0,0,0,0,0.0,7,44,27,22.2,10,10,7,6,11,17,3,6,1,5,16.7,0,0,3,6,0,259,135,75,49,12659,1840,1775,8715,PIT,Metropolitan,Eastern
2025-2026,20251106,4,FLO,4692,Brad Marchand,ROSTER,37.0,"5'9""",181.0,Canada,"Halifax, NS",False,LW,12,7,6,13,3.08,0.5,0.58,1.08,10.5,40.6,2,1,3,4,0,0,0,1,0,0,1,0,1,100.0,-4,72,37,18.9,2,15,20,12,13,13,1,1,0,1,0.0,8,16,7,14,0,281,156,71,62,13161,4536,1170,7686,FLA,,
2025-2026,20251106,19,CBJ,14572,Kirill Marchenko,ROSTER,25.0,"6'3""",187.0,Russia,Barnaul,True,RW,12,5,7,12,3.5,0.58,0.42,1.0,21.6,15.2,1,1,3,4,0,0,0,2,0,0,1,0,1,100.0,8,75,42,11.9,10,14,19,11,11,15,3,0,0,0,0.0,3,6,3,6,0,254,127,69,59,13090,3327,1067,8769,CBJ,Metropolitan,Eastern
2025-2026,20251106,18,NSH,5473,Jonathan Marchessault,ROSTER,34.0,"5'9""",180.0,Canada,"Cap-Rouge, QC",False,RW,12,4,2,6,2.58,0.17,0.33,0.5,16.1,10.2,1,2,0,2,0,0,0,1,0,0,1,0,0,0.0,-6,63,31,12.9,1,20,12,23,7,18,3,4,3,1,75.0,2,4,5,10,0,254,117,101,40,13012,3215,2710,7087,NSH,Central,Western
2025-2026,20251106,143,SEA,17165,Mason Marchment,ROSTER,30.0,"6'4""",201.0,Canada,"Uxbridge, ON",False,LW,11,1,4,5,1.27,0.36,0.09,0.45,15.6,10.2,0,0,2,2,0,0,0,1,0,0,0,0,0,0.0,-3,28,14,7.1,5,4,10,13,13,21,5,17,3,14,17.6,2,4,2,4,0,225,106,66,49,10302,1714,337,7966,SEA,Pacific,Western
2025-2026,20251106,30,UTA,17187,John Marino,ROSTER,28.0,"6'1""",181.0,USA,"Brockton, MA",True,D,14,1,6,7,1.07,0.43,0.07,0.5,20.9,10.2,0,0,0,0,0,0,0,0,0,0,0,0,0,0.0,3,31,15,6.7,13,12,4,3,30,26,3,0,0,0,0.0,2,4,4,8,0,379,214,39,127,16948,2525,447,13976,UTA,Central,Western
2025-2026,20251106,142,VGK,5599,Mitchell Marner,ROSTER,28.0,"6'0""",175.0,Canada,"Markham, ON",False,RW,12,3,11,14,1.67,0.92,0.25,1.17,14.1,5.1,1,1,2,3,0,0,0,0,0,0,1,0,0,0.0,8,51,20,15.0,7,18,13,6,12,17,5,9,5,4,55.6,1,2,0,0,0,268,126,93,52,14933,3524,1650,9661,VGK,Pacific,Western
2025-2026,20251106,18,NSH,168604,Brady Martin,ROSTER,18.0,"6'0""",174.0,Canada,"Elora, ON",True,C,3,0,1,1,0.67,0.33,0.0,0.33,2.9,0.0,0,0,0,0,0,0,0,0,0,0,0,0,0,0.0,0,3,2,0.0,2,0,1,0,2,4,0,16,5,11,31.2,0,0,0,0,0,39,32,6,1,2055,275,54,1728,NSH,Central,Western
2025-2026,20251106,3,CAR,5495,Jordan Martinook,ROSTER,33.0,"6'0""",196.0,Canada,"Brandon, MB",False,LW,12,2,5,7,1.5,0.42,0.17,0.58,30.1,5.1,0,0,0,0,0,0,0,1,0,0,0,0,0,0.0,7,33,18,11.1,11,7,8,22,7,9,3,8,3,5,37.5,1,2,2,4,0,269,88,116,67,10761,2103,1172,7486,CAR,Metropolitan,Eastern
2025-2026,20251106,1,TBL,120138,Emil Martinsen Lilleberg,ROSTER,24.0,"6'2""",192.0,Norway,Sarpsborg,True,D,13,0,1,1,0.62,0.08,0.0,0.08,27.5,85.5,0,0,0,0,0,0,0,0,0,0,0,0,0,0.0,-3,18,8,0.0,11,3,7,18,32,6,1,0,0,0,0.0,11,31,6,25,3,266,205,22,39,11148,1229,191,9728,TBL,Atlantic,Eastern
2025-2026,20251106,19,CBJ,53022,Denton Mateychuk,ROSTER,21.0,"5'11""",194.0,Canada,"Winnipeg, MB",True,D,12,3,2,5,1.33,0.17,0.25,0.42,37.1,5.1,1,0,0,0,0,0,0,0,0,0,0,0,0,0.0,3,26,16,18.8,21,6,4,10,25,8,3,0,0,0,0.0,1,2,2,4,0,249,193,21,35,13157,1691,146,11202,CBJ,Metropolitan,Eastern
2025-2026,20251106,14,MTL,5921,Mike Matheson,ROSTER,31.0,"6'2""",193.0,Canada,"Montreal, QC",False,D,13,3,4,7,1.38,0.31,0.23,0.54,54.3,25.4,1,0,0,0,0,0,0,1,0,1,0,0,0,0.0,8,47,18,16.7,31,17,12,14,20,12,3,0,0,0,0.0,5,10,3,6,0,346,193,61,95,19591,4523,785,14283,MTL,Atlantic,Eastern
2025-2026,20251106,13,OTT,111262,Nikolas Matinpalo,ROSTER,27.0,"6'3""",207.0,Finland,Espoo,True,D,8,0,1,1,0.62,0.12,0.0,0.12,16.6,5.1,0,0,0,0,0,0,0,0,0,0,0,0,0,0.0,-2,16,5,0.0,7,7,4,10,29,4,2,0,0,0,0.0,1,2,0,0,0,180,165,5,10,6852,1532,56,5264,OTT,Atlantic,Eastern
2025-2026,20251106,12,TOR,9627,Auston Matthews,ROSTER,28.0,"6'3""",220.0,USA,"San Ramon, CA",False,C,14,8,4,12,4.07,0.29,0.57,0.86,47.1,15.2,2,1,0,1,0,0,0,2,0,1,0,0,0,0.0,10,104,57,14.0,27,23,24,12,7,19,7,259,155,104,59.8,3,6,1,2,0,348,167,125,64,18287,4173,2180,11934,TOR,Atlantic,Eastern
2025-2026,20251106,8,NYI,5364,Scott Mayfield,ROSTER,33.0,"6'5""",223.0,USA,"St. Louis, MO",False,D,13,0,3,3,1.0,0.23,0.0,0.23,29.3,71.0,0,0,0,0,0,0,0,0,0,0,0,0,0,0.0,2,33,13,0.0,17,11,9,7,11,15,4,0,0,0,0.0,10,31,5,13,1,311,182,46,83,14407,2960,1172,10275,NYI,Metropolitan,Eastern
2025-2026,20251106,11,BOS,9640,Charlie McAvoy,ROSTER,27.0,"6'0""",208.0,USA,"Long Beach, NY",False,D,15,0,11,11,1.4,0.73,0.0,0.73,53.3,61.0,0,0,4,4,0,0,0,0,0,0,0,0,0,0.0,-3,61,21,0.0,26,18,22,24,25,16,9,0,0,0,0.0,12,24,4,8,0,424,221,94,109,21632,3783,1406,16443,BOS,Atlantic,Eastern
2025-2026,20251106,30,UTA,38370,Jack McBain,ROSTER,25.0,"6'4""",218.0,Canada,"Toronto, ON",True,C,14,1,0,1,1.71,0.0,0.07,0.07,33.9,50.5,0,0,0,0,0,0,0,0,0,0,0,0,0,0.0,1,39,24,4.2,8,7,8,35,24,7,3,122,61,61,50.0,8,19,4,11,1,269,166,64,40,11397,1868,1294,8235,UTA,Central,Western
2025-2026,20251106,12,TOR,5362,Jake McCabe,ROSTER,32.0,"6'1""",204.0,USA,"Eau Claire, WI",False,D,14,2,6,8,0.71,0.43,0.14,0.57,56.2,25.1,0,0,0,0,0,0,0,0,0,0,0,0,0,0.0,10,28,10,20.0,31,11,7,17,22,20,4,0,0,0,0.0,3,9,3,9,1,422,234,95,95,17793,2374,1362,14057,TOR,Atlantic,Eastern
2025-2026,20251106,143,SEA,5824,Jared McCann,ROSTER,29.0,"6'1""",185.0,Canada,"Stratford, ON",False,LW,5,3,1,4,2.8,0.2,0.6,0.8,10.3,0.0,1,0,0,0,0,0,0,1,0,1,1,0,0,0.0,0,29,14,21.4,4,7,8,7,3,1,0,3,2,1,66.7,0,0,2,4,0,124,57,41,29,5187,1528,568,3091,SEA,Pacific,Western
2025-2026,20251106,18,NSH,5893,Michael McCarron,ROSTER,30.0,"6'5""",237.0,USA,"Grosse Pointe, MI",False,C,15,1,3,4,1.07,0.2,0.07,0.27,43.8,45.1,0,0,0,0,0,0,0,0,0,0,0,0,0,0.0,0,31,16,6.2,13,7,8,39,23,8,4,208,111,97,53.4,5,16,7,20,2,311,135,77,100,13300,2016,669,10615,NSH,Central,Western
2025-2026,20251106,24,EDM,5576,Connor McDavid,ROSTER,28.0,"6'1""",193.0,Canada,"Richmond Hill, ON",False,C,15,4,17,21,3.0,1.13,0.27,1.4,5.7,10.2,1,1,9,10,0,0,0,0,0,0,1,0,0,0.0,-3,83,45,8.9,3,12,26,2,24,21,6,166,74,92,44.6,2,4,8,16,0,343,173,120,40,21282,5910,2903,11768,EDM,Pacific,Western
2025-2026,20251106,1,TBL,4852,Ryan McDonagh,ROSTER,36.0,"6'1""",214.0,USA,"St. Paul, MN",False,D,13,3,3,6,1.15,0.23,0.23,0.46,40.2,0.0,1,0,0,0,0,0,0,0,0,0,0,0,0,0.0,0,39,15,20.0,24,11,13,8,11,18,4,0,0,0,0.0,0,0,1,2,0,353,198,50,108,16535,4422,576,11501,TBL,Atlantic,Eastern
2025-2026,20251106,5,WSH,5308,Dylan McIlrath,ROSTER,33.0,"6'5""",231.0,Canada,"Winnipeg, MB",False,D,1,0,0,0,0.0,0.0,0.0,0.0,1.9,0.0,0,0,0,0,0,0,0,0,0,0,0,0,0,0.0,0,3,0,0.0,0,2,1,3,0,1,0,0,0,0,0.0,0,0,0,0,0,19,6,3,10,845,71,0,774,WSH,Metropolitan,Eastern
2025-2026,20251106,15,BUF,14563,Ryan McLeod,ROSTER,26.0,"6'3""",201.0,Canada,"Mississauga, ON",False,C,13,3,4,7,1.23,0.31,0.23,0.54,10.7,0.0,1,0,1,1,1,0,1,0,0,0,0,0,0,0.0,-1,26,16,18.8,6,4,6,3,15,12,3,218,84,134,38.5,0,0,1,2,0,337,161,37,142,14032,1255,221,12556,BUF,Atlantic,Eastern
2025-2026,20251106,12,TOR,39073,Bobby McMann,ROSTER,29.0,"6'1""",205.0,Canada,"Wainwright, AB",True,C,14,3,2,5,1.57,0.14,0.21,0.36,36.3,10.2,1,0,0,0,0,0,0,1,0,0,0,0,0,0.0,2,43,22,13.6,7,9,12,41,10,5,0,3,2,1,66.7,2,4,1,2,0,267,183,77,10,12772,3079,1172,8521,TOR,Atlantic,Eastern
2025-2026,20251106,5,WSH,17166,Connor McMichael,ROSTER,24.0,"5'11""",182.0,Canada,"Ajax, ON",True,C,13,1,3,4,2.0,0.23,0.08,0.31,12.0,10.2,0,1,0,1,0,0,0,0,0,0,1,1,0,0.0,-2,48,26,3.8,6,12,10,5,8,10,6,143,57,86,39.9,2,4,1,2,0,282,168,65,47,12108,1810,762,9424,WSH,Metropolitan,Eastern
2025-2026,20251106,142,VGK,5041,Brayden McNabb,ROSTER,34.0,"6'4""",213.0,Canada,"Davidson, SK",False,D,12,0,0,0,0.5,0.0,0.0,0.0,69.3,10.2,0,0,0,0,0,0,0,0,0,0,0,0,0,0.0,2,34,6,0.0,40,16,12,17,20,6,3,0,0,0,0.0,2,4,4,8,0,328,176,42,110,15529,4028,861,10640,VGK,Pacific,Western
2025-2026,20251106,29,ANA,32259,Mason McTavish,ROSTER,22.0,"6'0""",208.0,Switzerland,Zurich,True,C,12,2,7,9,1.83,0.58,0.17,0.75,21.0,35.6,0,0,1,1,0,0,0,1,0,0,1,0,1,100.0,-1,60,22,9.1,7,15,23,17,10,8,5,174,89,85,51.1,7,14,5,10,0,271,128,23,125,13108,1290,86,11667,ANA,Pacific,Western
2025-2026,20251106,7,NJD,5604,Timo Meier,ROSTER,29.0,"6'0""",210.0,Switzerland,St. Gallen,False,RW,13,3,7,10,2.77,0.54,0.23,0.77,29.0,20.3,1,1,3,4,0,0,0,1,0,0,0,0,0,0.0,0,81,36,8.3,9,22,23,25,16,13,5,16,10,6,62.5,4,8,2,4,0,281,140,63,81,13596,2668,1128,9800,NJD,Metropolitan,Eastern
2025-2026,20251106,7,NJD,28533,Dawson Mercer,ROSTER,24.0,"6'0""",180.0,Canada,"Carbonear, NL and Labrador",True,C,13,8,6,14,1.85,0.46,0.62,1.08,28.3,15.2,2,3,1,4,1,0,1,1,0,0,0,0,0,0.0,6,49,24,33.3,15,11,14,10,20,11,1,48,20,28,41.7,3,6,4,8,0,292,183,64,53,14003,2939,1256,9808,NJD,Metropolitan,Eastern
2025-2026,20251106,12,TOR,13894,Dakota Mermis,ROSTER,31.0,"6'0""",195.0,USA,"Alton, IL",False,D,2,0,0,0,0.5,0.0,0.0,0.0,1.3,0.0,0,0,0,0,0,0,0,0,0,0,0,0,0,0.0,-3,2,1,0.0,0,1,0,2,1,0,0,0,0,0,0.0,0,0,0,0,0,43,27,9,7,1630,314,145,1171,TOR,Atlantic,Eastern
2025-2026,20251106,15,BUF,120242,Zach Metsa,ASSIGNED_TO_MINORS,27.0,"5'9""",181.0,USA,"Delafield, WI",True,D,4,0,0,0,0.25,0.0,0.0,0.0,3.6,5.1,0,0,0,0,0,0,0,0,0,0,0,0,0,0.0,3,4,1,0.0,2,2,1,1,6,1,0,0,0,0,0.0,1,2,1,2,0,49,47,2,0,2117,376,0,1741,BUF,Atlantic,Eastern
2025-2026,20251106,143,SEA,39057,Ben Meyers,ROSTER,26.0,"5'11""",195.0,USA,"Delano, MN",True,C,5,0,2,2,0.2,0.4,0.0,0.4,6.5,0.0,0,0,0,0,0,0,0,0,0,0,0,0,0,0.0,0,5,1,0.0,1,1,3,8,3,1,1,24,12,12,50.0,0,0,0,0,0,66,55,7,3,2447,291,26,2076,SEA,Pacific,Western
2025-2026,20251106,6,PHI,134153,Matvei Michkov,ROSTER,20.0,"5'10""",172.0,Russia,Perm,True,RW,13,1,5,6,1.92,0.38,0.08,0.46,10.7,25.4,0,0,0,0,0,0,0,0,0,0,3,0,2,66.67,-1,45,25,4.0,3,17,3,10,13,22,4,0,0,0,0.0,5,10,3,6,0,259,224,35,4,11708,2872,198,8829,PHI,Metropolitan,Eastern
2025-2026,20251106,25,MIN,15459,Jacob Middleton,ROSTER,29.0,"6'3""",210.0,Canada,"Stratford, ON",False,D,14,0,1,1,0.93,0.07,0.0,0.07,54.1,57.9,0,0,0,0,0,0,0,0,0,0,0,0,0,0.0,-3,31,13,0.0,27,10,8,23,9,8,1,0,0,0,0.0,7,22,4,14,2,302,159,70,73,15008,2347,1512,11149,MIN,Central,Western
2025-2026,20251106,20,CHI,17145,Ilya Mikheyev,ROSTER,31.0,"6'3""",195.0,Russia,Omsk,True,RW,11,3,2,5,1.82,0.18,0.27,0.45,10.9,0.0,1,0,0,0,0,0,0,0,0,0,0,0,0,0.0,4,34,20,15.0,4,5,9,8,7,3,4,5,0,5,0.0,0,0,2,4,0,245,127,25,92,11685,872,229,10318,CHI,Central,Western
2025-2026,20251106,4,FLO,5722,Niko Mikkola,ROSTER,29.0,"6'4""",185.0,Finland,Kiiminki,False,D,13,0,0,0,0.92,0.0,0.0,0.0,35.4,30.5,0,0,0,0,0,0,0,0,0,0,0,0,0,0.0,-2,33,12,0.0,19,12,9,12,22,19,2,0,0,0,0.0,6,12,4,8,0,344,196,107,41,14855,2203,1713,10939,FLA,,
2025-2026,20251106,5,WSH,5436,Sonny Milano,ROSTER,29.0,"6'0""",194.0,USA,"Massapequa, NY",False,LW,7,1,0,1,1.86,0.0,0.14,0.14,3.4,0.0,0,0,0,0,0,0,0,0,0,0,0,0,0,0.0,-1,14,13,7.7,1,0,1,3,5,3,0,3,2,1,66.7,0,0,1,2,0,97,42,33,23,4697,1242,410,3045,WSH,Metropolitan,Eastern
2025-2026,20251106,2,WPJ,5563,Colin Miller,ROSTER,33.0,"6'1""",193.0,Canada,"Sault Ste. Marie, ON",False,D,4,0,0,0,0.25,0.0,0.0,0.0,8.0,5.1,0,0,0,0,0,0,0,0,0,0,0,0,0,0.0,-1,5,1,0.0,2,3,1,8,2,4,0,0,0,0,0.0,1,2,1,2,0,55,31,16,8,2769,332,364,2073,WPG,,
2025-2026,20251106,9,NYR,5161,J.T. Miller,ROSTER,32.0,"6'1""",218.0,USA,"East Palestine, OH",False,C,14,3,5,8,2.86,0.36,0.21,0.57,25.7,15.2,1,0,2,2,0,0,0,1,0,1,0,0,0,0.0,-1,77,40,7.5,5,13,24,29,10,15,3,240,144,96,60.0,3,6,1,2,0,365,169,72,110,17652,4008,1178,11636,NYR,Metropolitan,Eastern
2025-2026,20251106,3,CAR,14545,K'Andre Miller,ROSTER,25.0,"6'5""",210.0,USA,"St. Paul, MN",True,D,6,2,2,4,2.33,0.33,0.33,0.67,15.5,20.3,0,1,0,1,0,0,0,0,0,0,0,0,0,0.0,1,33,14,14.3,8,11,8,6,6,10,2,1,0,1,0.0,4,8,1,2,0,173,99,48,28,8470,1583,442,6445,CAR,Metropolitan,Eastern
2025-2026,20251106,11,BOS,52843,Fraser Minten,ROSTER,21.0,"6'1""",185.0,Canada,"Vancouver, BC",True,C,15,2,3,5,1.4,0.2,0.13,0.33,38.7,15.2,0,0,0,0,0,0,0,1,0,1,0,0,0,0.0,-1,44,21,9.5,16,11,12,24,12,3,5,157,81,76,51.6,3,6,2,4,0,278,208,37,35,12043,1928,250,9865,BOS,Atlantic,Eastern
2025-2026,20251106,29,ANA,43373,Pavel Mintyukov,ROSTER,21.0,"6'2""",194.0,Russia,Moskva,True,D,12,0,3,3,0.58,0.25,0.0,0.25,24.7,5.1,0,0,0,0,0,0,0,0,0,0,0,0,0,0.0,1,22,7,0.0,13,10,5,9,16,12,1,0,0,0,0.0,1,2,4,8,0,261,183,38,40,11376,1567,67,9742,ANA,Pacific,Western
2025-2026,20251106,23,CGY,29983,Daniil Miromanov,UNDRAFTED,28.0,"6'4""",202.0,Russia,Moscow,True,D,1,0,0,0,0.0,0.0,0.0,0.0,2.9,0.0,0,0,0,0,0,0,0,0,0,0,0,0,0,0.0,0,2,0,0.0,2,1,1,0,0,1,0,0,0,0,0.0,0,0,0,0,0,30,23,0,7,1069,0,0,1069,CGY,Pacific,Western
2025-2026,20251106,26,SJS,176687,Michael Misa,ROSTER,18.0,"6'1""",185.0,Canada,"Oakville, ON",True,C,7,1,2,3,1.86,0.29,0.14,0.43,8.6,5.1,0,0,0,0,0,0,0,0,0,0,0,0,0,0.0,-1,22,13,7.7,5,5,4,2,9,5,0,38,20,18,52.6,1,2,1,2,0,106,94,13,0,4930,813,180,3937,SJS,Pacific,Western
2025-2026,20251106,11,BOS,13623,Casey Mittelstadt,ROSTER,26.0,"6'1""",199.0,USA,"Eden Prairie, MN",False,C,14,4,5,9,0.93,0.36,0.29,0.64,10.1,0.0,1,0,0,0,0,0,0,0,0,0,1,0,0,0.0,0,26,13,30.8,6,5,8,2,13,14,2,82,48,34,58.5,0,0,2,4,0,253,140,98,19,12188,2023,1473,8692,BOS,Atlantic,Eastern
2025-2026,20251106,19,CBJ,5242,Sean Monahan,ROSTER,31.0,"6'2""",200.0,Canada,"Brampton, ON",False,C,12,1,5,6,2.17,0.42,0.08,0.5,6.5,5.1,0,1,2,3,0,0,0,1,0,0,0,0,0,0.0,8,41,26,3.8,1,5,10,8,5,11,3,233,123,110,52.8,1,2,2,4,0,275,136,62,76,13331,3669,876,8719,CBJ,Metropolitan,Eastern
2025-2026,20251106,143,SEA,11648,Brandon Montour,ROSTER,31.0,"6'0""",189.0,Canada,"Ohsweken, ON",False,D,8,3,5,8,3.12,0.62,0.38,1.0,30.4,15.0,1,1,1,2,0,0,0,0,0,0,0,0,0,0.0,7,49,25,12.0,16,16,8,11,12,14,6,0,0,0,0.0,1,5,1,5,1,209,95,46,59,10954,2107,969,7368,SEA,Pacific,Western
2025-2026,20251106,29,ANA,56251,Ian Moore,ROSTER,23.0,"6'2""",171.0,USA,"Concord, MA",False,D,6,0,0,0,0.83,0.0,0.0,0.0,5.0,10.2,0,0,0,0,0,0,0,0,0,0,0,0,0,0.0,1,16,5,0.0,3,7,4,1,13,9,1,0,0,0,0.0,2,4,0,0,0,112,69,10,33,4694,358,186,4150,ANA,Pacific,Western
2025-2026,20251106,20,CHI,166412,Oliver Moore,ROSTER,20.0,"5'11""",176.0,USA,"Mounds View, MN",True,C,1,0,0,0,3.0,0.0,0.0,0.0,2.1,0.0,0,0,0,0,0,0,0,0,0,0,0,0,0,0.0,-2,5,3,0.0,1,0,2,1,2,0,0,2,1,1,50.0,0,0,0,0,0,23,19,2,2,989,159,0,830,CHI,Central,Western
2025-2026,20251106,28,LAK,11811,Trevor Moore,ROSTER,30.0,"5'10""",185.0,USA,"Thousand Oaks, CA",False,LW,13,3,1,4,1.92,0.08,0.23,0.31,18.4,10.2,1,0,0,0,1,0,1,0,0,0,3,0,2,66.67,0,44,25,12.0,10,8,11,6,20,18,6,3,2,1,66.7,2,4,0,0,0,266,133,83,55,12443,1853,996,9772,LAK,Pacific,Western
2025-2026,20251106,2,WPJ,5930,Josh Morrissey,ROSTER,30.0,"6'0""",195.0,Canada,"Calgary, AB",False,D,13,1,10,11,1.77,0.77,0.08,0.85,44.0,15.2,0,0,2,2,0,0,0,0,0,0,0,0,0,0.0,9,49,23,4.3,27,13,13,7,13,18,4,0,0,0,0.0,3,6,1,2,0,364,177,125,63,19242,3853,2219,13170,WPG,,
2025-2026,20251106,1,TBL,34441,Janis Moser,ROSTER,25.0,"6'0""",172.0,Switzerland,Biel,True,D,11,1,1,2,1.36,0.09,0.09,0.18,20.2,10.2,0,0,0,0,0,0,0,0,0,0,0,0,0,0.0,3,40,15,6.7,9,18,7,11,28,11,4,0,0,0,0.0,2,4,5,10,0,285,202,34,50,13804,2548,915,10374,TBL,Atlantic,Eastern
2025-2026,20251106,28,LAK,28507,Jacob Moverare,ROSTER,27.0,"6'2""",198.0,Sweden,stersund,False,D,1,0,0,0,0.0,0.0,0.0,0.0,0.0,0.0,0,0,0,0,0,0,0,0,0,0,0,0,0,0.0,0,0,0,0.0,0,0,0,0,0,0,1,0,0,0,0.0,0,0,0,0,0,2,0,2,0,193,0,0,193,LAK,Pacific,Western
2025-2026,20251106,26,SJS,36849,Shakir Mukhamadullin,ROSTER,23.0,"6'4""",178.0,Russia,Ufa,True,D,4,0,3,3,1.0,0.75,0.0,0.75,7.8,10.2,0,0,0,0,0,0,0,0,0,0,0,0,0,0.0,3,6,4,0.0,4,0,2,3,10,2,0,0,0,0,0.0,2,4,0,0,0,82,56,8,18,3913,199,80,3634,SJS,Pacific,Western
2025-2026,20251106,20,CHI,5293,Connor Murphy,ROSTER,32.0,"6'4""",212.0,USA,"Dublin, OH",False,D,13,0,2,2,1.0,0.15,0.0,0.15,26.8,20.3,0,0,0,0,0,0,0,0,0,0,0,0,0,0.0,-2,26,13,0.0,14,8,5,10,24,12,2,0,0,0,0.0,4,8,4,8,0,249,113,41,94,11645,2418,146,9033,CHI,Central,Western
2025-2026,20251106,12,TOR,15478,Philippe Myers,ROSTER,28.0,"6'5""",210.0,Canada,"Moncton, NB",False,D,6,0,0,0,2.0,0.0,0.0,0.0,18.4,10.2,0,0,0,0,0,0,0,0,0,0,0,0,0,0.0,-3,24,12,0.0,10,2,10,6,8,2,0,0,0,0,0.0,2,4,0,0,0,139,85,27,27,5798,981,734,4083,TOR,Atlantic,Eastern
2025-2026,20251106,21,VAN,4659,Tyler Myers,ROSTER,35.0,"6'8""",229.0,USA,"Katy, TX",False,D,14,1,2,3,1.36,0.14,0.07,0.21,56.8,20.3,0,0,0,0,0,0,0,0,0,0,0,0,0,0.0,-1,47,19,5.3,31,15,13,18,21,15,2,0,0,0,0.0,4,8,2,4,0,350,195,53,103,17851,3644,738,13502,VAN,Pacific,Western
2025-2026,20251106,3,CAR,133816,Bradly Nadeau,ROSTER,20.0,"5'10""",161.0,Canada,"St-Francois de Madaw, NB",True,LW,5,1,0,1,0.8,0.0,0.2,0.2,6.3,0.0,0,0,0,0,0,0,0,0,0,0,0,0,0,0.0,1,13,4,25.0,3,3,6,3,6,4,0,1,0,1,0.0,0,0,0,0,0,74,55,12,8,3436,523,70,2843,CAR,Metropolitan,Eastern
2025-2026,20251106,2,WPJ,5136,Vladislav Namestnikov,ROSTER,32.0,"6'0""",183.0,Russia,Zhukovskiy,False,C,13,6,1,7,1.62,0.08,0.46,0.54,17.2,7.7,2,2,0,2,0,0,0,1,0,0,0,0,0,0.0,2,34,21,28.6,7,6,7,11,11,11,3,79,31,48,39.2,1,4,4,8,0,272,107,115,56,12068,2296,2021,7751,WPG,,
2025-2026,20251106,20,CHI,56367,Frank Nazar,ROSTER,21.0,"5'10""",180.0,USA,"Mt. Clemens, MI",False,C,13,5,6,11,2.23,0.46,0.38,0.85,28.9,15.2,1,1,2,3,0,0,0,1,0,0,1,0,0,0.0,4,56,29,17.2,15,11,16,11,31,18,8,200,92,108,46.0,3,6,8,16,0,322,199,26,98,15517,1984,67,13194,CHI,Central,Western
2025-2026,20251106,22,COL,13627,Martin Necas,ROSTER,26.0,"6'2""",189.0,Czech Republic,Nove Mesto na Morave,False,C,14,9,9,18,2.21,0.64,0.64,1.29,16.0,20.3,3,2,3,5,0,0,0,0,0,0,1,0,0,0.0,8,69,31,29.0,4,18,20,16,22,31,2,8,6,2,75.0,4,8,6,12,0,329,213,85,38,17833,4371,1978,11484,COL,Central,Western
2025-2026,20251106,17,STL,29768,Jake Neighbours,ROSTER,23.0,"6'0""",195.0,Canada,"Airdrie, AB",True,LW,8,6,1,7,1.5,0.12,0.75,0.88,20.0,10.2,2,0,0,0,0,0,0,1,0,0,0,0,0,0.0,-4,23,12,50.0,5,5,6,20,8,4,0,1,1,0,100.0,2,4,0,0,0,157,115,43,5,7016,2190,569,4257,STL,Central,Western
2025-2026,20251106,22,COL,5226,Brock Nelson,ROSTER,34.0,"6'3""",212.0,USA,"Warroad, MN",False,C,14,3,2,5,1.5,0.14,0.21,0.36,23.3,25.4,1,0,1,1,0,0,0,1,0,0,0,0,0,0.0,4,40,21,14.3,12,7,12,9,22,11,4,252,125,127,49.6,5,10,4,8,0,338,155,107,79,16054,4893,1798,9363,COL,Central,Western
2025-2026,20251106,7,NJD,43355,Simon Nemec,ROSTER,21.0,"6'0""",190.0,Slovakia,Liptovsky Mikulas,True,D,13,0,7,7,1.23,0.54,0.0,0.54,37.0,10.2,0,0,0,0,0,0,0,0,0,0,0,0,0,0.0,-2,43,16,0.0,24,25,2,3,13,13,4,0,0,0,0.0,2,4,1,2,0,258,213,28,17,12962,2582,343,10037,NJD,Metropolitan,Eastern
2025-2026,20251106,29,ANA,56465,Nikita Nesterenko,ROSTER,24.0,"6'0""",157.0,USA,"Brooklyn, NY",False,C,10,1,5,6,0.9,0.5,0.1,0.6,16.6,0.0,0,0,0,0,0,0,0,1,0,0,0,0,0,0.0,5,20,9,11.1,4,5,6,17,7,3,0,16,6,10,37.5,0,0,1,2,0,188,107,41,42,8130,1531,209,6393,ANA,Pacific,Western
2025-2026,20251106,14,MTL,30019,Alex Newhook,ROSTER,24.0,"5'10""",192.0,Canada,"St. Johns, NL and Labrador",True,C,13,5,4,9,1.31,0.31,0.38,0.69,20.0,10.2,1,1,0,1,0,0,0,1,0,1,0,0,0,0.0,6,32,17,29.4,5,7,8,20,10,2,1,72,30,42,41.7,2,4,5,10,0,246,123,36,92,11866,1025,372,10469,MTL,Atlantic,Eastern
2025-2026,20251106,22,COL,5247,Valeri Nichushkin,ROSTER,30.0,"6'4""",210.0,Russia,Chelyabinsk,False,RW,14,5,4,9,2.79,0.29,0.36,0.64,13.3,5.1,1,1,1,2,0,0,0,0,0,0,2,0,1,50.0,3,69,39,12.8,3,13,17,14,12,9,7,1,1,0,100.0,1,2,4,8,0,338,152,130,62,15325,3614,3431,8431,COL,Central,Western
2025-2026,20251106,2,WPJ,4868,Nino Niederreiter,ROSTER,33.0,"6'2""",218.0,Switzerland,Chur,False,RW,13,3,5,8,1.62,0.38,0.23,0.62,21.1,15.2,1,1,3,4,0,0,0,1,0,0,0,0,0,0.0,2,30,21,14.3,4,5,4,24,8,8,2,1,1,0,100.0,3,6,1,2,0,240,117,98,28,11179,3033,1561,6585,WPG,,
2025-2026,20251106,22,COL,53057,Tristen Nielsen,ROSTER,25.0,"5'10""",192.0,Canada,"Fort St. John, BC",True,C,1,0,0,0,0.0,0.0,0.0,0.0,2.5,0.0,0,0,0,0,0,0,0,0,0,0,0,0,0,0.0,0,0,0,0.0,0,0,0,4,0,0,0,0,0,0,0.0,0,0,0,0,0,8,4,3,1,325,0,0,325,COL,Central,Western
2025-2026,20251106,3,CAR,56336,Alexander Nikishin,ROSTER,24.0,"6'3""",196.0,Russia,Orel,False,D,12,2,4,6,1.75,0.33,0.17,0.5,48.6,20.3,0,0,0,0,0,0,0,0,0,0,0,0,0,0.0,10,52,21,9.5,18,21,10,35,19,15,3,0,0,0,0.0,4,8,2,4,0,307,218,45,46,14479,2400,793,11286,CAR,Metropolitan,Eastern
2025-2026,20251106,7,NJD,5544,Stefan Noesen,ROSTER,32.0,"6'1""",205.0,USA,"Plano, TX",False,RW,7,1,0,1,1.14,0.0,0.14,0.14,13.0,5.1,0,0,0,0,0,0,0,0,0,0,0,0,0,0.0,-3,19,8,12.5,5,6,5,9,1,2,1,6,3,3,50.0,1,2,1,2,0,115,55,34,27,4499,972,201,3326,NJD,Metropolitan,Eastern
2025-2026,20251106,15,BUF,13634,Josh Norris,INJURY_LIST,26.0,"6'1""",199.0,USA,"Oxford, MI",False,C,1,0,0,0,4.0,0.0,0.0,0.0,0.6,0.0,0,0,0,0,0,0,0,0,0,0,0,0,0,0.0,0,4,4,0.0,0,0,0,1,3,1,0,12,4,8,33.3,0,0,0,0,0,24,14,1,9,1131,161,0,970,BUF,Atlantic,Eastern
2025-2026,20251106,10,PIT,5680,Thomas Novak,ROSTER,28.0,"6'1""",179.0,USA,"St. Paul, MN",False,C,14,1,4,5,1.36,0.29,0.07,0.36,9.9,10.2,0,1,1,2,0,0,0,1,0,0,0,0,0,0.0,0,35,19,5.3,5,7,10,4,20,7,3,34,14,20,41.2,2,4,1,2,0,226,124,51,46,10100,1788,537,7447,PIT,Metropolitan,Eastern
2025-2026,20251106,24,EDM,4993,Ryan Nugent-Hopkins,ROSTER,32.0,"6'0""",184.0,Canada,"Burnaby, BC",False,C,15,5,11,16,1.53,0.73,0.33,1.07,10.3,10.2,1,2,7,9,0,0,0,0,0,0,2,0,0,0.0,-7,50,23,21.7,4,15,12,7,7,8,3,82,34,48,41.5,2,4,1,2,0,323,155,82,83,17167,4937,1589,10210,EDM,Pacific,Western
2025-2026,20251106,24,EDM,5464,Darnell Nurse,ROSTER,30.0,"6'4""",221.0,Canada,"Hamilton, ON",False,D,15,3,4,7,2.33,0.27,0.2,0.47,77.1,20.3,1,0,0,0,0,0,0,0,0,0,0,0,0,0.0,-2,79,35,8.6,41,26,18,27,17,17,4,0,0,0,0.0,4,8,2,4,0,367,220,52,90,18888,3030,998,14424,EDM,Pacific,Western
2025-2026,20251106,12,TOR,5418,William Nylander,ROSTER,29.0,"6'0""",196.0,Canada,"Calgary, AB",False,RW,11,6,14,20,1.82,1.27,0.55,1.82,7.1,10.2,2,0,2,2,0,0,0,0,0,0,0,0,0,0.0,8,43,20,30.0,4,11,12,2,2,12,6,21,10,11,47.6,2,4,1,2,0,256,120,96,47,12797,3218,1470,8070,TOR,Atlantic,Eastern
2025-2026,20251106,143,SEA,56632,Jani Nyman,ROSTER,21.0,"6'4""",217.0,Finland,Valkeakoski,False,RW,11,3,0,3,0.91,0.0,0.27,0.27,11.2,5.1,1,1,0,1,0,0,0,0,0,0,0,0,0,0.0,2,30,10,30.0,2,8,12,13,13,5,1,2,2,0,100.0,1,2,4,8,0,159,130,14,18,7054,1186,145,5723,SEA,Pacific,Western
2025-2026,20251106,2,WPJ,5026,Gustav Nyquist,ROSTER,36.0,"5'11""",179.0,Sweden,Halmstad,False,RW,11,0,5,5,1.27,0.45,0.0,0.45,11.1,0.0,0,0,2,2,0,0,0,0,0,0,0,0,0,0.0,1,26,14,0.0,5,8,4,6,10,7,2,9,5,4,55.6,0,0,3,6,0,184,113,51,20,8131,2472,792,4867,WPG,,
2025-2026,20251106,3,CAR,56329,Joel Nyström,ROSTER,23.0,"5'11""",170.0,Sweden,Karlstad,True,D,6,0,0,0,1.5,0.0,0.0,0.0,8.6,5.1,0,0,0,0,0,0,0,0,0,0,0,0,0,0.0,-1,21,9,0.0,5,9,3,2,9,4,0,0,0,0,0.0,1,2,0,0,0,153,118,14,21,6047,538,11,5498,CAR,Metropolitan,Eastern
2025-2026,20251106,30,UTA,5452,Liam O'Brien,ROSTER,31.0,"6'1""",215.0,Canada,"Halifax, NS",False,C,6,1,0,1,1.67,0.0,0.17,0.17,12.2,20.0,0,0,0,0,0,0,0,0,0,0,0,0,0,0.0,-4,20,10,10.0,4,4,6,10,7,2,0,0,0,0,0.0,2,7,1,5,1,82,46,15,22,3399,743,417,2239,UTA,Central,Western
2025-2026,20251106,21,VAN,28409,Drew O'Connor,ROSTER,27.0,"6'3""",205.0,USA,"Wayne, New Jersey",True,LW,14,2,3,5,1.14,0.21,0.14,0.36,20.2,15.2,0,0,0,0,0,0,0,0,0,0,0,0,0,0.0,-2,34,16,12.5,9,10,8,11,16,12,2,13,7,6,53.8,3,6,4,8,0,257,163,31,65,11944,1581,607,9756,VAN,Pacific,Western
2025-2026,20251106,25,MIN,43372,Liam Ohgren,ASSIGNED_TO_MINORS,21.0,"6'1""",201.0,Sweden,Stockholm,True,LW,5,0,0,0,0.8,0.0,0.0,0.0,6.7,0.0,0,0,0,0,0,0,0,0,0,0,0,0,0,0.0,-4,8,4,0.0,2,4,0,6,6,0,0,0,0,0,0.0,0,0,0,0,0,57,39,0,18,2752,245,0,2507,MIN,Central,Western
2025-2026,20251106,143,SEA,5156,Jamie Oleksiak,ROSTER,32.0,"6'7""",255.0,Canada,"Toronto, ON",False,D,12,2,0,2,1.08,0.0,0.17,0.17,42.8,10.2,0,0,0,0,0,0,0,0,0,0,0,0,0,0.0,1,25,13,15.4,21,10,2,19,14,16,6,0,0,0,0.0,2,4,3,6,0,278,149,51,75,12201,2261,649,9058,SEA,Pacific,Western
2025-2026,20251106,19,CBJ,17349,Mathieu Olivier,ROSTER,28.0,"6'2""",210.0,USA,"Biloxi, Mississippi",False,RW,12,1,4,5,1.5,0.33,0.08,0.42,41.9,43.9,0,0,0,0,0,0,0,0,0,0,0,0,0,0.0,2,35,18,5.6,10,8,9,43,11,2,1,0,0,0,0.0,4,17,8,22,2,212,105,56,50,10568,1802,645,8058,CBJ,Metropolitan,Eastern
2025-2026,20251106,22,COL,15140,Victor Olofsson,ROSTER,30.0,"5'11""",183.0,Sweden,Ornskoldsvik,False,LW,14,5,7,12,3.0,0.5,0.36,0.86,6.3,5.1,1,2,3,5,0,0,0,0,0,0,1,0,0,0.0,-1,64,42,11.9,3,14,8,3,10,11,4,0,0,0,0.0,1,2,1,2,0,252,114,95,48,11489,3208,1400,6881,COL,Central,Western
2025-2026,20251106,18,NSH,4703,Ryan O'Reilly,ROSTER,34.0,"6'1""",216.0,Canada,"Clinton, ON",False,C,15,5,4,9,1.6,0.27,0.33,0.6,24.3,0.0,1,1,1,2,1,0,1,2,0,0,1,0,1,100.0,-4,46,24,20.8,14,8,14,6,13,8,11,266,155,111,58.3,0,0,1,2,0,350,170,100,86,17502,5976,2381,9271,NSH,Central,Western
2025-2026,20251106,26,SJS,5036,Dmitry Orlov,ROSTER,34.0,"5'11""",208.0,Russia,Novokuznetsk,False,D,13,0,10,10,1.46,0.77,0.0,0.77,39.5,35.6,0,0,4,4,0,0,0,0,0,0,0,0,0,0.0,0,36,19,0.0,17,11,6,23,16,22,4,0,0,0,0.0,7,14,1,2,0,334,173,61,100,17908,4814,870,12225,SJS,Pacific,Western
2025-2026,20251106,15,BUF,43366,Noah Ostlund,ROSTER,21.0,"5'10""",164.0,Sweden,Nykvarn,True,C,5,1,0,1,1.4,0.0,0.2,0.2,5.0,0.0,0,0,0,0,0,0,0,0,0,0,0,0,0,0.0,1,11,7,14.3,3,3,1,1,3,0,0,35,11,24,31.4,0,0,0,0,0,83,72,7,5,3515,325,67,3123,BUF,Atlantic,Eastern
2025-2026,20251106,9,NYR,34526,Brennan Othmann,ASSIGNED_TO_MINORS,22.0,"6'0""",175.0,Canada,"Scarborough, ON",True,LW,1,0,0,0,1.0,0.0,0.0,0.0,1.3,0.0,0,0,0,0,0,0,0,0,0,0,0,0,0,0.0,-1,2,1,0.0,0,1,0,2,1,0,0,0,0,0,0.0,0,0,0,0,0,16,11,0,5,751,0,0,751,NYR,Metropolitan,Eastern
2025-2026,20251106,5,WSH,3495,Alex Ovechkin,ROSTER,40.0,"6'3""",236.0,Russia,Moscow,False,LW,13,3,5,8,2.31,0.38,0.23,0.62,14.0,5.1,1,0,2,2,0,0,0,2,0,0,1,1,0,0.0,2,90,30,10.0,0,38,22,22,4,13,2,1,1,0,100.0,1,2,1,2,0,253,144,62,47,14020,4747,1309,7718,WSH,Metropolitan,Eastern
2025-2026,20251106,23,CGY,18227,Brayden Pachal,ROSTER,26.0,"6'0""",200.0,Canada,"Estevan, SK",False,D,7,0,1,1,0.71,0.14,0.0,0.14,13.3,30.6,0,0,0,0,0,0,0,0,0,0,0,0,0,0.0,-3,11,5,0.0,3,3,3,14,15,6,2,0,0,0,0.0,4,16,4,10,0,134,87,20,27,5319,541,388,4390,CGY,Pacific,Western
2025-2026,20251106,8,NYI,5207,Jean-Gabriel Pageau,ROSTER,32.0,"5'10""",180.0,Canada,"Ottawa, ON",False,C,13,3,4,7,1.0,0.31,0.23,0.54,31.5,0.0,1,0,0,0,1,2,3,1,0,0,0,0,0,0.0,0,26,13,23.1,12,6,7,22,13,10,7,197,121,76,61.4,0,0,1,2,0,274,123,70,84,11745,2519,724,8502,NYI,Metropolitan,Eastern
2025-2026,20251106,7,NJD,5178,Ondrej Palat,ROSTER,34.0,"5'11""",194.0,Czech Republic,Frydek-Mistek,False,LW,13,0,1,1,1.15,0.08,0.0,0.08,29.4,0.0,0,0,1,1,0,0,0,0,0,0,0,0,0,0.0,0,27,15,0.0,11,3,9,21,19,3,1,3,1,2,33.3,0,0,5,10,0,244,135,45,64,9864,2572,417,6875,NJD,Metropolitan,Eastern
2025-2026,20251106,8,NYI,4796,Kyle Palmieri,ROSTER,34.0,"5'11""",185.0,USA,"Smithtown, NY",False,C,13,4,6,10,3.0,0.46,0.31,0.77,17.9,15.2,1,0,4,4,0,0,0,0,0,0,0,0,0,0.0,-1,71,39,10.3,7,12,20,12,10,10,4,3,2,1,66.7,3,6,3,8,0,293,156,70,71,15333,4680,664,9989,NYI,Metropolitan,Eastern
2025-2026,20251106,9,NYR,5811,Artemi Panarin,ROSTER,34.0,"5'11""",170.0,Russia,Korkino,False,LW,14,2,5,7,2.93,0.36,0.14,0.5,4.2,5.1,0,0,2,2,0,0,0,1,0,0,0,0,0,0.0,-5,95,41,4.9,2,26,30,2,4,18,4,0,0,0,0.0,1,2,1,2,0,320,152,76,79,17753,3099,1029,12778,NYR,Metropolitan,Eastern
2025-2026,20251106,17,STL,5826,Colton Parayko,ROSTER,32.0,"6'6""",230.0,Canada,"St. Albert, AB",False,D,14,0,6,6,1.5,0.43,0.0,0.43,48.4,15.2,0,0,0,0,0,0,0,0,0,0,0,0,0,0.0,-4,54,21,0.0,27,17,16,14,23,19,8,0,0,0,0.0,3,6,3,6,0,401,222,85,94,19151,3607,1347,14197,STL,Central,Western
2025-2026,20251106,23,CGY,142360,Zayne Parekh,ROSTER,,,,,,False,D,10,0,1,1,1.1,0.1,0.0,0.1,9.9,0.0,0,0,1,1,0,0,0,0,0,0,0,0,0,0.0,0,34,11,0.0,5,17,6,4,18,16,3,0,0,0,0.0,0,0,4,8,0,213,176,32,5,9359,1736,105,7518,CGY,Pacific,Western
2025-2026,20251106,9,NYR,34307,Juuso Parssinen,ROSTER,24.0,"6'2""",203.0,Finland,Hmeenlinna,True,C,10,2,1,3,1.0,0.1,0.2,0.3,21.4,5.1,0,0,0,0,0,0,0,0,0,0,0,0,0,0.0,3,18,10,20.0,9,3,5,13,7,5,3,25,11,14,44.0,1,2,2,4,0,137,97,15,23,5590,624,282,4494,NYR,Metropolitan,Eastern
2025-2026,20251106,11,BOS,5437,David Pastrnak,ROSTER,29.0,"6'0""",194.0,Czech Republic,Havirov,False,RW,15,7,11,18,3.4,0.73,0.47,1.2,23.6,30.5,2,3,5,8,0,0,0,0,0,0,0,0,0,0.0,-6,116,51,13.7,4,46,19,28,17,25,6,0,0,0,0.0,6,12,6,12,0,308,167,86,62,17794,5494,1515,10785,BOS,Atlantic,Eastern
2025-2026,20251106,2,WPJ,5292,Tanner Pearson,ROSTER,33.0,"6'1""",201.0,Canada,"Kitchener, ON",False,LW,13,2,1,3,0.92,0.08,0.15,0.23,23.5,25.4,0,0,0,0,0,0,0,0,0,0,0,0,0,0.0,1,20,12,16.7,10,4,4,14,8,10,2,4,2,2,50.0,5,10,1,2,0,231,105,71,57,9047,1711,1118,6218,WPG,,
2025-2026,20251106,11,BOS,15999,Andrew Peeke,ROSTER,27.0,"6'3""",194.0,USA,"Parkland, FL",False,D,15,0,2,2,1.07,0.13,0.0,0.13,66.8,0.0,0,0,0,0,0,0,0,0,0,0,0,0,0,0.0,-3,44,16,0.0,37,14,14,20,20,14,1,0,0,0,0.0,0,0,0,0,0,372,207,57,108,17523,1818,881,14824,BOS,Atlantic,Eastern
2025-2026,20251106,8,NYI,5856,Adam Pelech,ROSTER,31.0,"6'3""",218.0,Canada,"Toronto, ON",False,D,13,0,2,2,1.23,0.15,0.0,0.15,28.1,10.2,0,0,0,0,0,0,0,0,0,0,0,0,0,0.0,5,56,16,0.0,17,19,21,5,22,10,4,0,0,0,0.0,2,4,3,6,0,343,168,68,107,15059,1953,981,12125,NYI,Metropolitan,Eastern
2025-2026,20251106,18,NSH,38801,Nicklaus Perbix,ROSTER,27.0,"6'4""",200.0,USA,"Minneapolis, MN",True,D,15,2,1,3,1.47,0.07,0.13,0.2,29.5,15.2,0,0,0,0,0,0,0,0,0,0,0,0,0,0.0,0,52,22,9.1,18,23,7,5,16,16,3,0,0,0,0.0,3,6,0,0,0,385,222,94,71,18602,2271,1527,14804,NSH,Central,Western
2025-2026,20251106,13,OTT,4307,David Perron,ROSTER,37.0,"6'0""",200.0,Canada,"Sherbrooke, QC",False,LW,13,2,4,6,1.08,0.31,0.15,0.46,16.0,20.3,0,2,2,4,0,0,0,0,0,0,0,0,0,0.0,-7,23,14,14.3,4,4,5,16,7,5,2,1,0,1,0.0,4,8,4,8,0,273,129,73,73,11354,3137,1176,7041,OTT,Atlantic,Eastern
2025-2026,20251106,28,LAK,3626,Corey Perry,ROSTER,40.0,"6'3""",205.0,Canada,"Peterborough, ON",False,RW,8,5,3,8,2.75,0.38,0.62,1.0,5.7,5.1,1,1,1,2,0,0,0,0,0,0,2,1,0,0.0,5,30,22,22.7,3,3,5,2,8,4,0,4,2,2,50.0,1,2,2,6,0,142,76,43,28,6880,2308,509,4063,LAK,Pacific,Western
2025-2026,20251106,7,NJD,5845,Brett Pesce,ROSTER,30.0,"6'3""",206.0,USA,"Tarrytown, NY",False,D,9,0,3,3,0.89,0.33,0.0,0.33,37.7,5.1,0,0,0,0,0,0,0,0,0,0,0,0,0,0.0,3,17,8,0.0,24,5,4,4,10,4,2,0,0,0,0.0,1,2,1,2,0,193,89,44,60,10614,1679,548,8387,NJD,Metropolitan,Eastern
2025-2026,20251106,30,UTA,28525,John-Jason Peterka,ROSTER,23.0,"5'11""",192.0,Germany,Munich,True,RW,14,4,6,10,1.86,0.43,0.29,0.71,7.1,10.2,1,0,0,0,0,0,0,1,0,0,0,0,0,0.0,3,52,26,15.4,4,17,9,2,12,15,6,6,1,5,16.7,2,4,3,6,0,296,158,38,104,13506,1098,388,12020,UTA,Central,Western
2025-2026,20251106,27,DAL,5213,Alex Petrovic,ROSTER,33.0,"6'4""",216.0,Canada,"Edmonton, AB",False,D,11,0,2,2,0.91,0.18,0.0,0.18,33.0,40.5,0,0,0,0,0,0,0,0,0,0,0,0,0,0.0,-4,20,10,0.0,13,10,0,22,23,12,2,0,0,0,0.0,4,19,1,5,1,168,109,16,41,8777,1855,425,6418,DAL,Central,Western
2025-2026,20251106,4,FLO,4929,Jeff Petry,ROSTER,37.0,"6'3""",209.0,USA,"Ann Arbor, MI",False,D,13,0,3,3,0.77,0.23,0.0,0.23,24.1,10.2,0,0,2,2,0,0,0,0,0,0,0,0,0,0.0,-4,31,10,0.0,13,13,8,8,21,14,0,0,0,0,0.0,2,4,0,0,0,263,136,58,69,11638,3082,757,7799,FLA,,
2025-2026,20251106,21,VAN,15084,Elias Pettersson,ROSTER,26.0,"6'2""",176.0,Sweden,Sundsvall,False,C,14,3,7,10,1.43,0.5,0.21,0.71,53.2,5.1,1,1,3,4,0,0,0,0,0,0,2,1,0,0.0,0,51,20,15.0,29,13,18,17,15,15,7,293,133,160,45.4,1,2,4,8,0,324,175,91,61,16738,3335,2428,10975,VAN,Pacific,Western
2025-2026,20251106,21,VAN,56700,Elias Nils Pettersson,ROSTER,21.0,"6'2""",185.0,Sweden,Västerås,False,D,14,0,2,2,0.43,0.14,0.0,0.14,34.2,10.2,0,0,0,0,0,0,0,0,0,0,0,0,0,0.0,-1,26,6,0.0,16,13,7,17,23,15,4,0,0,0,0.0,2,4,5,10,0,266,207,18,41,11931,1299,142,10490,VAN,Pacific,Western
2025-2026,20251106,21,VAN,14114,Marcus Pettersson,ROSTER,29.0,"6'3""",177.0,Sweden,Skellefteå,False,D,14,0,3,3,0.64,0.21,0.0,0.21,42.9,50.5,0,0,0,0,0,0,0,0,0,0,0,0,0,0.0,1,32,9,0.0,25,11,12,10,26,13,3,0,0,0,0.0,8,19,1,5,1,331,172,40,119,17497,2080,867,14550,VAN,Pacific,Western
2025-2026,20251106,24,EDM,39040,Noah Philp,ROSTER,27.0,"6'3""",200.0,Canada,"Canmore, AB",True,C,9,2,1,3,0.78,0.11,0.22,0.33,11.0,10.2,0,0,0,0,0,0,0,0,0,0,0,0,0,0.0,-3,13,7,28.6,1,5,1,15,9,3,4,62,34,28,54.8,2,4,2,4,0,127,72,39,17,5536,1299,585,3638,EDM,Pacific,Western
2025-2026,20251106,10,PIT,43371,Owen Pickering,ROSTER,21.0,"6'4""",180.0,Canada,"St. Adolphe, MB",True,D,4,0,0,0,0.25,0.0,0.0,0.0,3.6,5.1,0,0,0,0,0,0,0,0,0,0,0,0,0,0.0,-3,6,1,0.0,2,4,1,1,6,4,1,0,0,0,0.0,1,2,0,0,0,73,60,2,11,2903,311,32,2560,PIT,Metropolitan,Eastern
2025-2026,20251106,13,OTT,30027,Shane Pinto,ROSTER,24.0,"6'3""",201.0,USA,"Franklin Square, NY",True,C,13,8,4,12,2.92,0.31,0.62,0.92,19.5,25.4,2,0,0,0,0,1,1,1,0,0,1,0,1,100.0,2,78,38,21.1,9,16,24,10,18,11,5,154,93,61,60.4,5,10,4,8,0,336,152,66,127,14934,2106,689,12290,OTT,Atlantic,Eastern
2025-2026,20251106,2,WPJ,14095,Neal Pionk,ROSTER,30.0,"6'0""",186.0,USA,"Hermantown, MN",False,D,13,0,2,2,2.31,0.15,0.0,0.15,44.5,25.4,0,0,1,1,0,0,0,0,0,0,0,0,0,0.0,2,65,30,0.0,20,24,11,24,14,10,4,0,0,0,0.0,5,10,2,4,0,368,214,94,60,18392,3615,1813,12964,WPG,,
2025-2026,20251106,25,MIN,5274,Tyler Pitlick,ROSTER,34.0,"6'2""",200.0,USA,"Minneapolis, MN",False,C,8,0,0,0,0.75,0.0,0.0,0.0,24.0,5.1,0,0,0,0,0,0,0,0,0,0,0,0,0,0.0,-3,10,6,0.0,6,2,2,24,5,3,1,0,0,0,0.0,1,2,0,0,0,81,40,28,13,3895,961,215,2719,MIN,Central,Western
2025-2026,20251106,24,EDM,30369,Vasily Podkolzin,ROSTER,24.0,"6'1""",190.0,Russia,Moscow,True,RW,15,2,4,6,1.73,0.27,0.13,0.4,50.8,5.1,0,0,0,0,0,0,0,1,0,0,0,0,0,0.0,3,42,26,7.7,13,8,8,50,13,7,3,6,2,4,33.3,1,2,1,2,0,275,170,86,12,13254,2992,1546,8307,EDM,Pacific,Western
2025-2026,20251106,29,ANA,13640,Ryan Poehling,ROSTER,26.0,"6'2""",204.0,USA,"Lakeville, MN",False,C,12,1,4,5,0.83,0.33,0.08,0.42,14.9,5.1,0,0,0,0,0,0,0,0,0,0,0,0,0,0.0,-1,22,10,10.0,8,7,5,5,14,7,2,121,56,65,46.3,1,2,2,4,0,209,97,44,69,8597,1343,259,6995,ANA,Pacific,Western
2025-2026,20251106,1,TBL,10079,Brayden Point,ROSTER,29.0,"5'10""",166.0,Canada,"Calgary, AB",False,C,13,3,6,9,2.15,0.46,0.23,0.69,10.7,10.2,1,1,2,3,0,0,0,0,0,0,0,0,0,0.0,-10,50,28,10.7,6,11,11,3,11,15,2,153,69,84,45.1,2,4,4,8,0,291,142,100,52,14876,4010,2983,7883,TBL,Atlantic,Eastern
2025-2026,20251106,15,BUF,34475,Owen Power,ROSTER,22.0,"6'6""",214.0,Canada,"Mississauga, ON",True,D,12,1,4,5,1.42,0.33,0.08,0.42,22.0,5.1,0,0,0,0,0,2,2,0,0,0,0,0,0,0.0,-4,40,17,5.9,12,14,9,7,13,10,3,0,0,0,0.0,1,2,1,2,0,326,190,50,87,15373,1801,335,13237,BUF,Atlantic,Eastern
2025-2026,20251106,5,WSH,28499,Aliaksei Protas,ROSTER,24.0,"6'5""",190.0,Belarus,Vitebsk,True,C,13,5,5,10,2.31,0.38,0.38,0.77,15.5,5.1,1,0,1,1,0,0,0,1,0,0,0,0,0,0.0,5,62,30,16.7,8,14,18,6,11,12,3,8,1,7,12.5,1,2,4,8,0,298,183,78,38,14170,3178,977,9898,WSH,Metropolitan,Eastern
2025-2026,20251106,19,CBJ,5602,Ivan Provorov,ROSTER,28.0,"6'1""",201.0,Russia,Yaroslavl,False,D,12,2,3,5,2.08,0.25,0.17,0.42,31.4,10.2,0,0,0,0,0,0,0,0,0,0,0,0,0,0.0,6,49,25,8.0,18,12,12,8,11,14,6,0,0,0,0.0,2,4,2,4,0,303,150,76,75,17271,2849,1034,13123,CBJ,Metropolitan,Eastern
2025-2026,20251106,8,NYI,5815,Ryan Pulock,ROSTER,31.0,"6'2""",217.0,Canada,"Dauphin, MB",False,D,13,0,5,5,1.0,0.38,0.0,0.38,39.2,0.0,0,0,0,0,0,1,1,0,0,0,0,0,0,0.0,3,37,13,0.0,22,16,8,11,16,17,2,0,0,0,0.0,0,0,0,0,0,353,182,125,46,15295,1630,2022,11643,NYI,Metropolitan,Eastern
2025-2026,20251106,15,BUF,28524,Jack Quinn,ROSTER,24.0,"6'0""",176.0,Canada,"Ottawa, ON",True,RW,13,3,4,7,1.54,0.31,0.23,0.54,10.3,0.0,1,2,0,2,0,0,0,1,0,0,1,0,0,0.0,-4,40,20,15.0,4,8,12,7,14,11,1,0,0,0,0.0,0,0,1,2,0,271,168,42,64,11926,1416,462,10048,BUF,Atlantic,Eastern
2025-2026,20251106,1,TBL,18138,Darren Raddysh,ROSTER,29.0,"6'0""",201.0,Canada,"Caledon, ON",False,D,7,1,2,3,1.71,0.29,0.14,0.43,9.0,5.1,0,0,0,0,0,0,0,0,0,0,0,0,0,0.0,-4,31,12,8.3,4,13,6,5,12,5,1,0,0,0,0.0,1,2,0,0,0,135,72,30,34,6229,1613,509,4107,TBL,Atlantic,Eastern
2025-2026,20251106,9,NYR,15229,Taylor Raddysh,ROSTER,27.0,"6'2""",198.0,Canada,"Toronto, ON",False,RW,14,5,0,5,1.36,0.0,0.36,0.36,13.7,5.1,1,0,0,0,1,0,1,0,0,0,0,0,0,0.0,3,28,19,26.3,5,3,6,10,7,4,5,2,0,2,0.0,1,2,0,0,0,249,129,58,58,10306,2306,665,6844,NYR,Metropolitan,Eastern
2025-2026,20251106,10,PIT,5144,Rickard Rakell,INJURY_LIST,32.0,"6'0""",196.0,Sweden,Sundbyberg,False,RW,9,3,5,8,1.89,0.56,0.33,0.89,20.3,5.1,1,1,2,3,0,1,1,0,0,0,0,0,0,0.0,1,36,17,17.6,10,9,10,9,12,4,3,6,1,5,16.7,1,2,0,0,0,195,79,90,21,9580,1467,2444,5305,PIT,Metropolitan,Eastern
2025-2026,20251106,27,DAL,5605,Mikko Rantanen,ROSTER,29.0,"6'4""",215.0,Finland,Nousiainen,False,RW,13,7,10,17,2.46,0.77,0.54,1.31,19.1,35.6,2,3,7,10,0,0,0,1,0,0,3,1,1,33.33,-1,68,32,21.9,7,17,19,14,15,9,1,19,10,9,52.6,7,14,10,20,0,303,158,61,85,16911,4297,706,11745,DAL,Central,Western
2025-2026,20251106,16,DET,13624,Michael Rasmussen,ROSTER,26.0,"6'6""",221.0,Canada,"Surrey, BC",False,C,13,1,2,3,0.85,0.15,0.08,0.23,20.2,10.2,0,0,0,0,0,0,0,0,0,0,0,0,0,0.0,-4,26,11,9.1,9,5,11,11,13,3,1,96,57,39,59.4,2,4,1,2,0,222,120,45,58,8971,1396,517,7058,DET,Atlantic,Eastern
2025-2026,20251106,21,VAN,32262,Aatu Raty,ROSTER,22.0,"6'2""",185.0,Finland,Oulu,True,C,12,0,4,4,0.58,0.33,0.0,0.33,26.8,15.2,0,0,0,0,0,0,0,0,0,0,0,0,0,0.0,1,25,7,0.0,4,6,12,33,9,5,1,151,85,66,56.3,3,6,2,4,0,234,156,30,48,9331,1675,417,7239,VAN,Pacific,Western
2025-2026,20251106,16,DET,19050,Lucas Raymond,ROSTER,23.0,"5'11""",170.0,Sweden,Goteborg,True,LW,12,4,8,12,1.75,0.67,0.33,1.0,10.7,5.1,1,1,3,4,0,0,0,1,0,0,2,0,1,50.0,3,51,21,19.0,6,14,16,3,9,11,8,1,1,0,100.0,1,2,6,12,0,260,151,36,78,12747,2453,601,9868,DET,Atlantic,Eastern
2025-2026,20251106,26,SJS,4892,Ryan Reaves,ROSTER,38.0,"6'2""",225.0,Canada,"Winnipeg, MB",False,RW,10,2,0,2,0.6,0.0,0.2,0.2,25.0,29.9,0,0,0,0,0,0,0,0,0,0,0,0,0,0.0,-3,10,6,33.3,1,1,3,37,3,2,1,0,0,0,0.0,2,10,2,10,2,98,55,31,15,4026,1204,167,2658,SJS,Pacific,Western
2025-2026,20251106,24,EDM,24516,Alec Regula,ROSTER,25.0,"6'4""",203.0,USA,"West Bloomfield, MI",False,D,3,0,0,0,1.0,0.0,0.0,0.0,5.0,5.1,0,0,0,0,0,0,0,0,0,0,0,0,0,0.0,-1,5,3,0.0,3,1,1,1,10,1,0,0,0,0,0.0,1,2,0,0,0,56,28,12,14,2701,723,55,1816,EDM,Pacific,Western
2025-2026,20251106,20,CHI,30422,Lukas Reichel,ROSTER,23.0,"6'0""",170.0,Germany,Nürnberg,True,LW,5,2,2,4,1.2,0.4,0.4,0.8,5.0,5.1,0,0,0,0,0,0,0,0,0,0,0,0,0,0.0,1,10,6,33.3,3,2,2,1,1,4,1,7,2,5,28.6,1,2,0,0,0,66,38,8,22,2959,149,68,2742,CHI,Central,Western
2025-2026,20251106,20,CHI,30422,Lukas Reichel,ROSTER,23.0,"6'0""",170.0,Germany,Nürnberg,True,LW,5,2,2,4,1.2,0.4,0.4,0.8,5.0,5.1,0,0,0,0,0,0,0,0,0,0,0,0,0,0.0,1,10,6,33.3,3,2,2,1,1,4,1,7,2,5,28.6,1,2,0,0,0,66,38,8,22,2959,149,68,2742,CHI,Central,Western
2025-2026,20251106,21,VAN,30422,Lukas Reichel,ROSTER,23.0,"6'0""",170.0,Germany,Nürnberg,True,LW,6,0,0,0,1.17,0.0,0.0,0.0,7.1,0.0,0,0,0,0,0,0,0,0,0,0,0,0,0,0.0,-5,17,7,0.0,4,2,8,2,4,4,0,63,26,37,41.3,0,0,0,0,0,118,82,17,19,5727,929,281,4517,VAN,Pacific,Western
2025-2026,20251106,21,VAN,30422,Lukas Reichel,ROSTER,23.0,"6'0""",170.0,Germany,Nürnberg,True,LW,6,0,0,0,1.17,0.0,0.0,0.0,7.1,0.0,0,0,0,0,0,0,0,0,0,0,0,0,0,0.0,-5,17,7,0.0,4,2,8,2,4,4,0,63,26,37,41.3,0,0,0,0,0,118,82,17,19,5727,929,281,4517,VAN,Pacific,Western
2025-2026,20251106,3,CAR,5814,Mike Reilly,ROSTER,32.0,"6'1""",200.0,USA,"Chanhassen, MN",False,D,9,1,4,5,1.89,0.44,0.11,0.56,23.7,0.0,0,0,0,0,1,0,1,0,0,0,0,0,0,0.0,10,42,17,5.9,14,14,11,5,10,6,0,0,0,0,0.0,0,0,2,4,0,237,121,48,69,9867,1756,510,7601,CAR,Metropolitan,Eastern
2025-2026,20251106,142,VGK,30061,Cole Reinhardt,ROSTER,25.0,"6'1""",203.0,Canada,"Calgary, AB",True,LW,6,1,1,2,0.17,0.17,0.17,0.33,9.5,0.0,0,0,0,0,0,0,0,0,0,0,0,0,0,0.0,-1,8,1,100.0,0,3,4,15,2,5,0,2,1,1,50.0,0,0,1,2,0,81,51,23,8,3513,695,282,2536,VGK,Pacific,Western
2025-2026,20251106,4,FLO,5416,Sam Reinhart,ROSTER,30.0,"6'1""",194.0,Canada,"North Vancouver, BC",False,C,13,6,1,7,2.92,0.08,0.46,0.54,25.4,5.1,2,1,1,2,1,0,1,1,0,0,2,0,0,0.0,-6,89,38,15.8,10,17,34,17,18,9,2,61,20,41,32.8,1,2,2,4,0,313,131,114,74,16797,3288,2740,10769,FLA,,
2025-2026,20251106,9,NYR,34418,Matt Rempe,ROSTER,23.0,"6'8""",205.0,Canada,"Calgary, AB",True,C,9,1,0,1,0.89,0.0,0.11,0.11,22.0,20.0,0,0,0,0,0,0,0,0,0,0,0,0,0,0.0,1,16,8,12.5,2,3,5,30,7,2,1,5,2,3,40.0,2,7,2,7,1,122,83,32,2,5296,1096,359,3591,NYR,Metropolitan,Eastern
2025-2026,20251106,12,TOR,5261,Morgan Rielly,ROSTER,31.0,"6'1""",219.0,Canada,"West Vancouver, BC",False,D,13,2,8,10,2.0,0.62,0.15,0.77,23.5,5.1,0,0,0,0,0,0,0,1,0,0,0,0,0,0.0,-2,64,26,7.7,13,18,20,7,21,27,3,0,0,0,0.0,1,2,0,0,0,365,212,75,80,16683,3620,1075,11988,TOR,Atlantic,Eastern
2025-2026,20251106,20,CHI,56353,Sam Rinzel,ROSTER,21.0,"6'3""",180.0,USA,"Chanhassen, MN",False,D,13,1,2,3,1.77,0.15,0.08,0.23,33.8,30.5,0,0,0,0,0,0,0,0,0,0,0,0,0,0.0,0,64,23,4.3,17,30,11,14,18,21,2,0,0,0,0.0,6,12,2,4,0,281,217,23,39,15353,2581,121,12438,CHI,Central,Western
2025-2026,20251106,8,NYI,134181,Calum Ritchie,ROSTER,20.0,"6'2""",185.0,Canada,"Oakville, ON",True,C,3,0,0,0,0.33,0.0,0.0,0.0,2.9,10.2,0,0,0,0,0,0,0,0,0,0,0,0,0,0.0,0,5,1,0.0,2,2,2,0,4,5,0,24,7,17,29.2,2,4,0,0,0,54,45,6,3,2581,200,42,2339,NYI,Metropolitan,Eastern
2025-2026,20251106,27,DAL,18026,Jason Robertson,ROSTER,26.0,"6'2""",194.0,USA,"Northville, MI",False,LW,13,3,8,11,4.31,0.62,0.23,0.85,18.3,0.0,1,2,3,5,0,0,0,0,0,0,3,0,2,66.67,2,91,56,5.4,9,17,18,8,15,15,8,1,0,1,0.0,0,0,3,6,0,294,149,63,80,16430,3962,371,11889,DAL,Central,Western
2025-2026,20251106,9,NYR,29769,Matthew Robertson,ROSTER,24.0,"6'4""",202.0,Canada,"Sherwood Park, AB",True,D,8,1,0,1,0.88,0.0,0.12,0.12,18.1,10.2,0,0,0,0,0,0,0,0,0,0,0,0,0,0.0,-3,25,7,14.3,8,11,7,10,12,7,0,0,0,0,0.0,2,4,0,0,0,172,114,21,38,8048,986,205,6857,NYR,Metropolitan,Eastern
2025-2026,20251106,12,TOR,20226,Nicholas Robertson,ROSTER,24.0,"5'9""",162.0,USA,"Pasadena, CA",True,LW,13,3,4,7,2.0,0.31,0.23,0.54,11.8,0.0,1,0,0,0,0,0,0,1,0,0,0,0,0,0.0,0,43,26,11.5,2,7,10,14,9,11,4,1,0,1,0.0,0,0,1,2,0,220,127,63,33,9975,2013,641,7321,TOR,Atlantic,Eastern
2025-2026,20251106,3,CAR,14154,Eric Robinson,ROSTER,30.0,"6'2""",197.0,USA,"Bellmawr, New Jersey",False,LW,7,3,1,4,1.29,0.14,0.43,0.57,7.2,0.0,1,0,0,0,0,0,0,0,0,0,0,0,0,0.0,2,16,9,33.3,1,2,5,9,8,3,1,1,0,1,0.0,0,0,1,2,0,102,53,26,26,4180,384,407,3389,CAR,Metropolitan,Eastern
2025-2026,20251106,4,FLO,9075,Evan Rodrigues,ROSTER,32.0,"5'11""",184.0,Canada,"Toronto, ON",False,C,13,3,5,8,2.08,0.38,0.23,0.62,22.3,20.3,1,0,2,2,0,0,0,0,0,0,1,0,0,0.0,2,49,27,11.1,7,9,13,19,12,10,3,122,55,67,45.1,4,8,5,13,0,282,148,90,46,12953,2272,2190,8475,FLA,,
2025-2026,20251106,8,NYI,14561,Alexander Romanov,ROSTER,25.0,"6'1""",209.0,Russia,Moscow,True,D,8,0,0,0,1.0,0.0,0.0,0.0,43.4,15.2,0,0,0,0,0,0,0,0,0,0,0,0,0,0.0,-3,21,8,0.0,21,8,5,20,24,7,2,0,0,0,0.0,3,6,1,2,0,179,126,14,39,9081,1214,231,7636,NYI,Metropolitan,Eastern
2025-2026,20251106,15,BUF,34464,Isak Rosen,ROSTER,22.0,"5'11""",156.0,Sweden,Stockholm,True,RW,2,1,1,2,1.5,0.5,0.5,1.0,6.3,0.0,0,0,0,0,0,0,0,0,0,0,0,0,0,0.0,1,6,3,33.3,3,2,1,3,1,2,0,0,0,0,0.0,0,0,0,0,0,38,25,6,8,1844,437,0,1407,BUF,Atlantic,Eastern
2025-2026,20251106,24,EDM,5620,Jack Roslovic,ROSTER,28.0,"6'1""",187.0,USA,"Columbus, OH",False,C,13,3,5,8,2.38,0.38,0.23,0.62,9.0,5.1,1,2,1,3,0,0,0,0,0,0,0,0,0,0.0,4,51,31,9.7,4,6,14,5,7,9,5,19,9,10,47.4,1,2,3,6,0,251,124,91,29,12973,3467,1798,7281,EDM,Pacific,Western
2025-2026,20251106,25,MIN,28380,Marco Rossi,ROSTER,24.0,"5'9""",183.0,Austria,Feldkirch,True,C,13,3,9,12,1.77,0.69,0.23,0.92,16.6,5.1,1,0,5,5,0,0,0,0,0,0,1,0,1,100.0,-5,46,23,13.0,7,10,13,10,14,11,3,170,82,88,48.2,1,2,2,4,0,266,154,66,50,14302,2511,943,11088,MIN,Central,Western
2025-2026,20251106,14,MTL,38746,Joshua Roy,ASSIGNED_TO_MINORS,22.0,"6'0""",190.0,Canada,"St-Georges-de-Beauce, QC",True,RW,1,0,0,0,0.0,0.0,0.0,0.0,2.5,0.0,0,0,0,0,0,0,0,0,0,0,0,0,0,0.0,0,0,0,0.0,0,0,0,4,1,0,0,0,0,0,0.0,0,0,0,0,0,10,4,3,3,478,76,0,402,MTL,Atlantic,Eastern
2025-2026,20251106,5,WSH,5789,Matt Roy,ROSTER,30.0,"6'1""",200.0,USA,"Canton, MI",False,D,13,0,2,2,1.46,0.15,0.0,0.15,51.8,10.2,0,0,0,0,0,0,0,0,0,0,0,0,0,0.0,5,42,19,0.0,28,16,7,17,34,9,1,0,0,0,0.0,2,4,2,4,0,276,138,44,93,15172,1780,667,12680,WSH,Metropolitan,Eastern
2025-2026,20251106,12,TOR,14391,Nicolas Roy,ROSTER,28.0,"6'4""",200.0,Canada,"Amos, QC",False,C,14,1,2,3,0.86,0.14,0.07,0.21,24.2,10.2,0,0,0,0,0,0,0,0,0,0,0,0,0,0.0,-3,20,12,8.3,10,5,3,15,10,19,6,152,78,74,51.3,2,4,2,6,0,278,138,96,45,11718,2081,1774,7863,TOR,Atlantic,Eastern
2025-2026,20251106,10,PIT,5500,Bryan Rust,ROSTER,33.0,"5'11""",192.0,USA,"Pontiac, MI",False,RW,12,4,7,11,2.25,0.58,0.33,0.92,24.7,15.2,1,0,4,4,0,0,0,2,0,0,2,0,1,50.0,1,43,27,14.8,16,5,11,2,14,17,1,1,0,1,0.0,3,6,5,10,0,282,120,131,36,14581,2486,3257,8944,PIT,Metropolitan,Eastern
2025-2026,20251106,142,VGK,5014,Brandon Saad,ROSTER,33.0,"6'1""",206.0,USA,"Pittsburgh, PA",False,LW,12,0,2,2,1.67,0.17,0.0,0.17,13.0,5.1,0,0,0,0,0,0,0,0,0,0,0,0,0,0.0,1,36,20,0.0,8,11,5,2,4,9,4,8,1,7,12.5,1,2,1,2,0,214,105,50,60,9721,3079,738,5892,VGK,Pacific,Western
2025-2026,20251106,4,FLO,37976,Mackie Samoskevich,ROSTER,22.0,"5'11""",191.0,USA,"Newtown, CT",True,RW,13,2,7,9,2.38,0.54,0.15,0.69,19.8,15.2,0,2,3,5,0,0,0,0,0,0,0,0,0,0.0,0,63,31,6.5,4,19,13,22,19,7,1,0,0,0,0.0,3,6,3,6,0,258,174,67,19,11618,2796,755,8067,FLA,,
2025-2026,20251106,15,BUF,14555,Mattias Samuelsson,ROSTER,25.0,"6'4""",218.0,USA,"Voorhees, New Jersey",True,D,11,2,4,6,1.45,0.36,0.18,0.55,50.1,10.2,0,0,0,0,0,0,0,1,0,0,0,0,0,0.0,3,33,16,12.5,26,13,5,19,28,5,1,0,0,0,0.0,2,4,2,4,0,291,149,33,111,13766,779,121,12866,BUF,Atlantic,Eastern
2025-2026,20251106,13,OTT,37996,Jake Sanderson,ROSTER,23.0,"6'3""",195.0,USA,"Whitefish, MT",True,D,13,3,8,11,2.38,0.62,0.23,0.85,35.4,0.0,1,1,4,5,0,0,0,0,0,0,0,0,0,0.0,1,83,31,9.7,22,32,20,5,34,20,9,0,0,0,0.0,0,0,2,4,0,387,199,54,137,18630,2551,488,15591,OTT,Atlantic,Eastern
2025-2026,20251106,5,WSH,14552,Rasmus Sandin,ROSTER,25.0,"5'11""",183.0,Sweden,Uppsala,True,D,8,0,3,3,0.5,0.38,0.0,0.38,26.3,0.0,0,0,0,0,0,0,0,0,0,0,0,0,0,0.0,3,24,4,0.0,11,12,8,16,10,11,3,0,0,0,0.0,0,0,0,0,0,168,96,39,33,9165,1160,836,7169,WSH,Metropolitan,Eastern
2025-2026,20251106,16,DET,133971,Axel Sandin-Pellikka,ROSTER,20.0,"5'11""",181.0,Sweden,Gallivare,True,D,14,1,3,4,1.21,0.21,0.07,0.29,27.4,15.2,0,0,2,2,0,0,0,0,0,0,0,0,0,0.0,-8,53,17,5.9,17,22,14,4,24,15,2,0,0,0,0.0,3,6,1,2,0,335,243,36,57,15501,2243,142,13116,DET,Atlantic,Eastern
2025-2026,20251106,6,PHI,11718,Travis Sanheim,ROSTER,29.0,"6'3""",181.0,Canada,"Elkhorn, MB",False,D,13,1,4,5,1.23,0.31,0.08,0.38,46.5,15.2,0,0,0,0,0,0,0,0,0,0,0,0,0,0.0,0,45,16,6.2,27,12,17,11,23,24,3,0,0,0,0.0,3,6,1,2,0,407,202,49,157,20328,2567,700,17061,PHI,Metropolitan,Eastern
2025-2026,20251106,21,VAN,79679,Max Sasson,ROSTER,25.0,"6'1""",181.0,USA,"Birmingham, MI",True,C,11,3,0,3,0.91,0.0,0.27,0.27,19.3,0.0,1,0,0,0,0,0,0,0,0,0,0,0,0,0.0,2,18,10,30.0,11,3,5,5,11,4,3,52,20,32,38.5,0,0,0,0,0,159,131,19,12,6674,954,102,5618,VAN,Pacific,Western
2025-2026,20251106,24,EDM,43365,Matthew Savoie,ROSTER,21.0,"5'9""",175.0,Canada,"St. Albert, AB",True,C,15,1,1,2,1.2,0.07,0.07,0.13,15.7,0.0,0,1,1,2,0,0,0,0,0,0,1,0,0,0.0,-5,35,18,5.6,9,7,10,4,16,9,3,2,1,1,50.0,0,0,4,8,0,265,187,45,29,11730,2474,33,8989,EDM,Pacific,Western
2025-2026,20251106,8,NYI,168063,Matthew Schaefer,ROSTER,18.0,"6'2""",183.0,Canada,"Hamilton, ON",True,D,13,5,6,11,3.15,0.46,0.38,0.85,22.8,12.7,1,3,2,5,0,0,0,1,0,0,0,0,0,0.0,1,85,41,12.2,13,35,9,6,41,16,6,0,0,0,0.0,3,4,9,18,0,342,287,26,33,17143,2723,9,14411,NYI,Metropolitan,Eastern
2025-2026,20251106,2,WPJ,5003,Mark Scheifele,ROSTER,32.0,"6'3""",207.0,Canada,"Kitchener, ON",False,C,13,9,11,20,2.62,0.85,0.69,1.54,6.3,10.2,3,3,2,5,0,1,1,2,0,0,0,0,0,0.0,7,54,34,26.5,3,5,15,3,12,20,2,210,100,110,47.6,2,4,6,12,0,287,141,84,71,15584,3805,896,10883,WPG,,
2025-2026,20251106,17,STL,4712,Brayden Schenn,ROSTER,34.0,"6'1""",200.0,Canada,"Saskatoon, SK",False,C,14,2,4,6,1.0,0.29,0.14,0.43,27.6,45.1,0,0,1,1,0,0,0,0,0,0,1,1,0,0.0,-13,38,14,14.3,5,11,13,32,11,15,2,181,94,87,51.9,5,16,4,14,2,298,155,59,86,14135,4147,348,9640,STL,Central,Western
2025-2026,20251106,2,WPJ,4552,Luke Schenn,ROSTER,36.0,"6'2""",227.0,Canada,"Saskatoon, SK",False,D,10,0,0,0,0.6,0.0,0.0,0.0,32.8,35.0,0,0,0,0,0,0,0,0,0,0,0,0,0,0.0,-3,22,6,0.0,12,9,7,24,18,10,2,0,0,0,0.0,3,12,2,10,2,183,97,27,59,7900,1707,428,5765,WPG,,
2025-2026,20251106,30,UTA,10071,Nick Schmaltz,ROSTER,29.0,"6'0""",177.0,USA,"Madison, WI",False,C,14,8,10,18,3.07,0.71,0.57,1.29,13.0,10.2,2,3,3,6,0,0,0,2,0,0,0,0,0,0.0,3,70,43,18.6,8,16,11,2,12,21,4,71,23,48,32.4,2,4,3,6,0,327,160,53,122,16772,2767,553,13452,UTA,Central,Western
2025-2026,20251106,30,UTA,5269,Nate Schmidt,ROSTER,34.0,"6'0""",194.0,USA,"St. Cloud, MN",False,D,14,0,3,3,1.5,0.21,0.0,0.21,27.7,5.1,0,0,0,0,0,0,0,0,0,0,0,0,0,0.0,9,48,21,0.0,12,15,12,16,13,12,3,0,0,0,0.0,1,2,2,4,0,390,190,53,147,17446,2941,436,14069,UTA,Central,Western
2025-2026,20251106,9,NYR,29932,Braden Schneider,ROSTER,24.0,"6'2""",202.0,Canada,"Prince Albert, SK",True,D,14,1,3,4,1.14,0.21,0.07,0.29,44.4,10.2,0,0,0,0,0,0,0,0,0,0,0,0,0,0.0,-5,41,16,6.2,16,15,10,33,21,11,4,0,0,0,0.0,2,4,3,6,0,324,211,37,62,15297,1604,383,12550,NYR,Metropolitan,Eastern
2025-2026,20251106,143,SEA,5088,Jaden Schwartz,ROSTER,33.0,"5'10""",190.0,Canada,"Wilcox, SK",False,LW,12,4,6,10,1.83,0.5,0.33,0.83,30.5,15.2,1,1,1,2,0,0,0,1,0,0,0,0,0,0.0,4,45,22,18.2,13,14,9,18,13,18,9,8,5,3,62.5,3,6,0,0,0,264,125,69,66,12509,3234,514,8362,SEA,Pacific,Western
2025-2026,20251106,4,FLO,28450,Cole Schwindt,ROSTER,24.0,"6'2""",182.0,Canada,"Kitchener, ON",True,RW,4,1,0,1,1.0,0.0,0.25,0.25,4.8,0.0,0,0,0,0,0,0,0,0,0,0,0,0,0,0.0,2,11,4,25.0,2,3,4,3,4,1,0,28,10,18,35.7,0,0,0,0,0,52,39,7,7,2286,522,155,1609,FLA,,
2025-2026,20251106,13,OTT,29978,Donovan Sebrango,ROSTER,23.0,"6'1""",189.0,Canada,"Kingston, ON",True,D,2,0,0,0,0.5,0.0,0.0,0.0,0.6,15.0,0,0,0,0,0,0,0,0,0,0,0,0,0,0.0,-1,5,1,0.0,0,3,1,1,8,1,0,0,0,0,0.0,1,5,1,5,1,46,32,3,11,1827,4,0,1823,OTT,Atlantic,Eastern
2025-2026,20251106,13,OTT,29978,Donovan Sebrango,ROSTER,23.0,"6'1""",189.0,Canada,"Kingston, ON",True,D,2,0,0,0,0.5,0.0,0.0,0.0,0.6,15.0,0,0,0,0,0,0,0,0,0,0,0,0,0,0.0,-1,5,1,0.0,0,3,1,1,8,1,0,0,0,0,0.0,1,5,1,5,1,46,32,3,11,1827,4,0,1823,OTT,Atlantic,Eastern
2025-2026,20251106,4,FLO,29978,Donovan Sebrango,ROSTER,23.0,"6'1""",189.0,Canada,"Kingston, ON",True,D,2,0,0,0,1.0,0.0,0.0,0.0,7.8,0.0,0,0,0,0,0,0,0,0,0,0,0,0,0,0.0,2,8,2,0.0,4,3,3,3,5,3,0,0,0,0,0.0,0,0,0,0,0,39,31,4,4,1873,175,85,1613,FLA,,
2025-2026,20251106,4,FLO,29978,Donovan Sebrango,ROSTER,23.0,"6'1""",189.0,Canada,"Kingston, ON",True,D,2,0,0,0,1.0,0.0,0.0,0.0,7.8,0.0,0,0,0,0,0,0,0,0,0,0,0,0,0,0.0,2,8,2,0.0,4,3,3,3,5,3,0,0,0,0,0.0,0,0,0,0,0,39,31,4,4,1873,175,85,1613,FLA,,
2025-2026,20251106,6,PHI,12486,Nick Seeler,ROSTER,32.0,"6'2""",201.0,USA,"Eden Prairie, MN",False,D,13,0,2,2,1.38,0.15,0.0,0.15,48.7,15.2,0,0,0,0,0,0,0,0,0,0,0,0,0,0.0,-3,41,18,0.0,22,15,8,26,15,11,1,0,0,0,0.0,3,6,3,6,0,363,201,47,116,15634,2311,385,12902,PHI,Metropolitan,Eastern
2025-2026,20251106,27,DAL,4875,Tyler Seguin,ROSTER,33.0,"6'1""",200.0,Canada,"Brampton, ON",False,C,13,3,2,5,1.38,0.15,0.23,0.38,12.4,5.1,1,1,0,1,0,0,0,1,0,0,1,1,0,0.0,-1,35,18,16.7,5,4,13,8,7,11,3,133,77,56,57.9,1,2,2,4,0,291,141,83,66,14135,4308,780,8877,DAL,Central,Western
2025-2026,20251106,16,DET,18042,Moritz Seider,ROSTER,24.0,"6'3""",208.0,Germany,Zell Mosel,True,D,14,1,5,6,2.29,0.36,0.07,0.43,49.1,25.4,0,0,5,5,0,0,0,0,0,0,0,0,0,0.0,1,76,32,3.1,21,26,18,29,15,19,7,0,0,0,0.0,5,10,2,4,0,402,238,62,103,21339,3569,870,16900,DET,Atlantic,Eastern
2025-2026,20251106,29,ANA,142129,Beckett Sennecke,ROSTER,19.0,"6'2""",177.0,Canada,"Toronto, ON",True,RW,12,4,3,7,1.83,0.25,0.33,0.58,14.9,15.2,1,1,0,1,0,0,0,0,0,0,0,0,0,0.0,-2,46,22,18.2,5,15,9,12,20,14,6,0,0,0,0.0,3,6,5,10,0,263,230,34,4,12135,2358,282,9441,ANA,Pacific,Western
2025-2026,20251106,30,UTA,9635,Mikhail Sergachev,ROSTER,27.0,"6'2""",217.0,Russia,Nizhnekamsk,False,D,14,3,8,11,1.86,0.57,0.21,0.79,40.6,25.4,1,1,4,5,0,0,0,0,0,0,0,0,0,0.0,1,63,26,11.5,26,24,13,4,12,24,4,0,0,0,0.0,5,10,2,4,0,401,193,84,127,20868,2976,976,16916,UTA,Central,Western
2025-2026,20251106,19,CBJ,5453,Damon Severson,ROSTER,31.0,"6'2""",205.0,Canada,"Brandon, MB",False,D,12,1,2,3,1.25,0.17,0.08,0.25,28.7,15.2,0,0,1,1,0,0,0,0,0,0,0,0,0,0.0,5,44,15,6.7,14,20,9,13,6,13,4,0,0,0,0.0,3,6,1,2,0,277,127,71,79,14629,2037,1206,11302,CBJ,Metropolitan,Eastern
2025-2026,20251106,8,NYI,183905,Maxim Shabanov,ROSTER,25.0,"5'9""",167.0,Russia,Chelyabinsk,True,RW,6,1,2,3,1.33,0.33,0.17,0.5,3.2,0.0,0,0,1,1,0,0,0,0,0,0,0,0,0,0.0,-3,15,8,12.5,0,3,4,5,6,5,1,0,0,0,0.0,0,0,1,2,0,96,87,4,7,4218,581,0,3637,NYI,Metropolitan,Eastern
2025-2026,20251106,23,CGY,18107,Yegor Sharangovich,ROSTER,27.0,"6'2""",195.0,Belarus,Minsk,False,C,12,2,2,4,1.5,0.17,0.17,0.33,9.2,0.0,0,1,0,1,0,0,0,0,0,0,1,1,0,0.0,-6,40,18,11.1,5,15,7,3,10,5,1,15,2,13,13.3,0,0,2,4,0,219,128,54,39,10387,2349,997,7041,CGY,Pacific,Western
2025-2026,20251106,10,PIT,5716,Ryan Shea,ROSTER,28.0,"6'1""",176.0,USA,"Milton, MA",False,D,14,2,6,8,1.0,0.43,0.14,0.57,28.2,25.6,0,0,0,0,0,0,0,0,0,0,0,0,0,0.0,6,30,14,14.3,18,8,8,3,20,18,5,0,0,0,0.0,3,14,1,2,0,331,180,74,69,17290,2301,1532,12885,PIT,Metropolitan,Eastern
2025-2026,20251106,9,NYR,5892,Conor Sheary,ROSTER,33.0,"5'8""",179.0,USA,"Winchester, MA",False,LW,14,0,4,4,1.36,0.29,0.0,0.29,14.2,5.1,0,0,1,1,0,0,0,0,0,0,0,0,0,0.0,-2,42,19,0.0,8,11,13,4,6,12,4,8,5,3,62.5,1,2,4,8,0,298,147,77,67,13193,2802,927,8969,NYR,Metropolitan,Eastern
2025-2026,20251106,21,VAN,15089,Kiefer Sherwood,ROSTER,30.0,"6'0""",194.0,USA,"Columbus, OH",False,LW,14,9,0,9,2.07,0.0,0.64,0.64,50.2,30.5,3,2,0,2,1,0,1,1,0,1,1,1,0,0.0,-5,55,29,31.0,7,7,19,63,19,17,6,12,4,8,33.3,6,12,7,14,0,323,174,65,93,15016,2344,1179,11460,VAN,Pacific,Western
2025-2026,20251106,7,NJD,15109,Jonas Siegenthaler,ROSTER,28.0,"6'3""",210.0,Switzerland,Zurich,False,D,13,0,2,2,0.46,0.15,0.0,0.15,40.6,20.3,0,0,0,0,0,1,1,0,0,0,0,0,0,0.0,-3,21,6,0.0,23,10,5,11,25,16,4,0,0,0,0.0,4,8,0,0,0,317,161,48,108,15334,1724,745,12865,NJD,Metropolitan,Eastern
2025-2026,20251106,19,CBJ,34233,Cole Sillinger,ROSTER,22.0,"6'0""",197.0,USA,"Columbus, OH, United States",True,C,12,2,4,6,1.75,0.33,0.17,0.5,9.3,20.3,0,0,0,0,0,0,0,1,0,0,0,0,0,0.0,3,38,21,9.5,2,9,8,10,15,10,5,19,7,12,36.8,4,8,0,0,0,226,149,37,40,11120,2029,257,8733,CBJ,Metropolitan,Eastern
2025-2026,20251106,30,UTA,142305,Dmitri Simashev,ROSTER,,,,,,False,D,14,0,1,1,1.21,0.07,0.0,0.07,28.1,30.6,0,0,0,0,0,0,0,0,0,0,0,0,0,0.0,-3,27,17,0.0,17,5,5,5,24,16,1,0,0,0,0.0,4,16,1,2,0,307,289,10,8,13420,1482,197,11741,UTA,Central,Western
2025-2026,20251106,142,VGK,5330,Colton Sissons,ROSTER,32.0,"6'1""",200.0,Canada,"North Vancouver, BC",False,C,10,0,1,1,0.6,0.1,0.0,0.1,17.9,40.4,0,0,0,0,0,0,0,0,0,0,0,0,0,0.0,-3,16,6,0.0,7,5,5,12,12,4,1,111,61,50,55.0,6,15,4,11,1,167,77,34,56,6504,1734,228,4542,VGK,Pacific,Western
2025-2026,20251106,26,SJS,4876,Jeff Skinner,ROSTER,33.0,"5'11""",195.0,Canada,"Toronto, ON",False,LW,12,4,2,6,2.0,0.17,0.33,0.5,6.9,5.1,1,0,1,1,0,0,0,0,0,0,0,0,0,0.0,-5,43,24,16.7,3,12,7,4,9,13,1,8,2,6,25.0,1,2,7,14,0,207,114,65,32,9624,2136,943,6545,SJS,Pacific,Western
2025-2026,20251106,18,NSH,5891,Brady Skjei,ROSTER,31.0,"6'3""",210.0,USA,"Lakeville, MN",False,D,15,0,4,4,1.53,0.27,0.0,0.27,25.2,10.2,0,0,1,1,0,0,0,0,0,0,0,0,0,0.0,-7,67,23,0.0,12,30,14,12,16,21,7,0,0,0,0.0,2,4,3,6,0,417,207,108,102,21193,3036,2310,15847,NSH,Central,Western
2025-2026,20251106,14,MTL,43333,Juraj Slafkovsky,ROSTER,21.0,"6'3""",238.0,Slovakia,Kosice,True,LW,13,6,2,8,2.15,0.15,0.46,0.62,34.3,30.5,2,4,2,6,0,0,0,0,0,0,0,0,0,0.0,4,55,28,21.4,13,14,13,24,11,8,1,9,1,8,11.1,6,12,4,8,0,273,218,50,11,14274,3076,538,10660,MTL,Atlantic,Eastern
2025-2026,20251106,20,CHI,56363,Landon Slaggert,ASSIGNED_TO_MINORS,23.0,"6'0""",180.0,USA,"South Bend, IN",False,LW,5,0,0,0,0.6,0.0,0.0,0.0,9.5,5.1,0,0,0,0,0,0,0,0,0,0,0,0,0,0.0,-2,9,3,0.0,3,2,4,8,5,3,1,0,0,0,0.0,1,2,1,2,0,72,41,6,24,2988,326,21,2628,CHI,Central,Western
2025-2026,20251106,3,CAR,5866,Jaccob Slavin,ROSTER,31.0,"6'3""",207.0,USA,"Erie, CO",False,D,2,0,0,0,1.0,0.0,0.0,0.0,4.4,0.0,0,0,0,0,0,0,0,0,0,0,0,0,0,0.0,-1,10,2,0.0,3,5,3,0,3,3,2,0,0,0,0.0,0,0,0,0,0,49,26,14,9,2224,496,233,1495,CAR,Metropolitan,Eastern
2025-2026,20251106,18,NSH,28393,Cole Smith,ROSTER,30.0,"6'3""",195.0,USA,"Brainerd, MN",True,RW,13,3,0,3,1.38,0.0,0.23,0.23,26.6,20.3,1,0,0,0,0,0,0,1,0,0,0,0,0,0.0,-2,34,18,16.7,3,5,11,35,19,6,3,4,0,4,0.0,4,8,0,0,0,248,125,39,87,10481,1076,196,9209,NSH,Central,Western
2025-2026,20251106,142,VGK,5092,Reilly Smith,ROSTER,34.0,"6'1""",183.0,Canada,"Toronto, ON",False,RW,12,1,1,2,1.17,0.08,0.08,0.17,7.2,0.0,0,0,0,0,0,0,0,1,0,1,0,0,0,0.0,-4,25,14,7.1,1,4,7,9,7,8,0,0,0,0,0.0,0,0,2,4,0,219,100,64,56,9762,3015,636,6111,VGK,Pacific,Western
2025-2026,20251106,26,SJS,134098,Will Smith,ROSTER,20.0,"6'0""",181.0,USA,"Boston, MA",True,C,13,4,7,11,1.92,0.54,0.31,0.85,12.6,20.3,1,0,2,2,0,0,0,1,0,1,1,1,0,0.0,4,58,25,16.0,6,19,14,6,10,15,1,11,1,10,9.1,4,8,2,4,0,271,175,15,86,14293,1730,0,12597,SJS,Pacific,Western
2025-2026,20251106,17,STL,56646,Jimmy Snuggerud,ROSTER,21.0,"6'1""",188.0,USA,"Chaska, MN",False,RW,14,4,4,8,2.14,0.29,0.29,0.57,18.7,5.1,1,2,2,4,0,0,0,2,0,0,1,0,0,0.0,-3,66,30,13.3,8,17,19,11,12,6,8,2,2,0,100.0,1,2,1,2,0,274,232,37,9,13041,2138,246,10657,STL,Central,Western
2025-2026,20251106,16,DET,30182,Elmer Soderblom,ROSTER,24.0,"6'8""",246.0,Sweden,Gteborg,True,LW,9,1,0,1,1.0,0.0,0.11,0.11,13.7,5.1,0,0,0,0,0,0,0,0,0,0,0,0,0,0.0,-4,23,9,11.1,2,6,8,17,9,5,2,1,1,0,100.0,1,2,2,4,0,132,91,31,11,5591,703,504,4384,DET,Atlantic,Eastern
2025-2026,20251106,22,COL,30036,Ilya Solovyov,ROSTER,25.0,"6'3""",208.0,Belarus,Mogilev,True,D,9,0,0,0,1.0,0.0,0.0,0.0,28.9,10.2,0,0,0,0,0,0,0,0,0,0,0,0,0,0.0,-4,28,9,0.0,15,11,8,11,21,3,2,0,0,0,0.0,2,4,1,2,0,143,96,18,29,6240,555,572,5113,COL,Central,Western
2025-2026,20251106,9,NYR,14381,Carson Soucy,ROSTER,31.0,"6'5""",210.0,Canada,"Viking, AB",True,D,10,1,1,2,0.9,0.1,0.1,0.2,22.1,5.1,0,0,0,0,0,0,0,0,0,0,0,0,0,0.0,2,17,9,11.1,9,6,2,14,13,11,3,0,0,0,0.0,1,2,0,0,0,210,104,36,58,9532,1426,602,6693,NYR,Metropolitan,Eastern
2025-2026,20251106,5,WSH,34057,Justin Sourdif,ROSTER,23.0,"5'11""",173.0,Canada,"Surrey, BC",True,RW,13,1,0,1,0.85,0.0,0.08,0.08,19.8,10.2,0,0,0,0,0,0,0,0,0,0,0,0,0,0.0,1,33,11,9.1,4,14,8,22,23,9,3,29,14,15,48.3,2,4,3,8,0,207,141,46,18,9364,1981,968,6316,WSH,Metropolitan,Eastern
2025-2026,20251106,13,OTT,28485,Jordan Spence,ROSTER,24.0,"5'10""",175.0,Australia,"Manly, Australia",True,D,5,0,5,5,2.0,1.0,0.0,1.0,8.8,0.0,0,0,0,0,0,0,0,0,0,0,0,0,0,0.0,2,22,10,0.0,3,10,2,7,15,8,0,0,0,0,0.0,0,0,0,0,0,116,62,14,40,5340,501,213,4626,OTT,Atlantic,Eastern
2025-2026,20251106,25,MIN,4918,Jared Spurgeon,ROSTER,35.0,"5'9""",167.0,Canada,"Edmonton, AB",False,D,14,1,2,3,1.21,0.14,0.07,0.21,44.7,0.0,0,1,1,2,0,0,0,0,0,0,0,0,0,0.0,-9,49,17,5.9,21,21,11,22,22,14,3,0,0,0,0.0,0,0,0,0,0,337,183,67,88,17914,4221,1194,12499,MIN,Central,Western
2025-2026,20251106,3,CAR,4029,Jordan Staal,ROSTER,37.0,"6'4""",220.0,Canada,"Thunder Bay, ON",False,C,12,3,1,4,0.92,0.08,0.25,0.33,23.6,10.2,1,0,0,0,0,0,0,0,0,0,0,0,0,0.0,7,23,11,27.3,7,6,6,21,14,9,3,241,141,100,58.5,2,4,3,6,0,274,116,77,84,11205,2812,587,7806,CAR,Metropolitan,Eastern
2025-2026,20251106,18,NSH,4457,Steven Stamkos,ROSTER,35.0,"6'1""",194.0,Canada,"Markham, ON",False,C,15,2,1,3,2.13,0.07,0.13,0.2,16.8,30.5,0,1,0,1,0,0,0,0,0,0,1,0,0,0.0,-5,73,32,6.2,8,24,17,8,9,17,4,83,44,39,53.0,6,12,3,6,0,296,153,83,62,15666,5820,1097,8749,NSH,Central,Western
2025-2026,20251106,3,CAR,34846,Logan Stankoven,ROSTER,22.0,"5'8""",170.0,Canada,"Kamloops, BC",True,C,12,4,3,7,2.17,0.25,0.33,0.58,8.4,10.2,1,0,0,0,0,0,0,0,0,0,0,0,0,0.0,4,45,26,15.4,4,12,7,4,20,7,5,164,72,92,43.9,2,4,4,8,0,226,124,37,69,11407,1380,247,9780,CAR,Metropolitan,Eastern
2025-2026,20251106,2,WPJ,9644,Logan Stanley,ROSTER,27.0,"6'6""",216.0,Canada,"Kitchener, ON",False,D,13,2,4,6,0.85,0.31,0.15,0.46,43.9,60.4,0,0,0,0,0,0,0,1,0,0,0,0,0,0.0,5,38,11,18.2,20,14,13,23,23,13,6,0,0,0,0.0,8,22,3,12,2,273,173,48,54,13452,2058,982,10412,WPG,,
2025-2026,20251106,18,NSH,38802,Spencer Stastney,ROSTER,25.0,"5'10""",180.0,USA,"Woodbridge, IL",True,D,15,1,5,6,0.8,0.33,0.07,0.4,19.5,10.2,0,0,0,0,0,1,1,0,0,0,0,0,0,0.0,-1,34,12,8.3,12,13,9,3,18,10,5,0,0,0,0.0,2,4,5,10,0,324,189,33,104,14156,904,324,12929,NSH,Central,Western
2025-2026,20251106,24,EDM,10108,Troy Stecher,ROSTER,31.0,"5'10""",186.0,Canada,"Richmond, BC",False,D,6,0,0,0,0.5,0.0,0.0,0.0,5.7,20.3,0,0,0,0,0,0,0,0,0,0,0,0,0,0.0,0,9,3,0.0,3,5,1,2,16,8,2,0,0,0,0.0,4,8,0,0,0,108,70,28,10,4904,1152,357,3395,EDM,Pacific,Western
2025-2026,20251106,27,DAL,9656,Sam Steel,ROSTER,27.0,"5'11""",189.0,Canada,"Edmonton, AB",False,C,13,1,4,5,0.85,0.31,0.08,0.38,21.7,10.2,0,1,2,3,0,0,0,0,0,0,0,0,0,0.0,-3,28,11,9.1,7,5,12,18,16,4,5,51,30,21,58.8,2,4,4,8,0,305,143,70,89,14054,3010,985,9855,DAL,Central,Western
2025-2026,20251106,30,UTA,15136,Kevin Stenlund,ROSTER,29.0,"6'4""",210.0,Sweden,Stockholm,False,C,14,1,1,2,0.93,0.07,0.07,0.14,24.7,10.2,0,0,0,0,0,0,0,0,0,0,0,0,0,0.0,-1,33,13,7.7,13,9,11,9,14,10,6,244,126,118,51.6,2,4,0,0,0,302,138,69,96,12903,1293,806,10804,UTA,Central,Western
2025-2026,20251106,143,SEA,5838,Chandler Stephenson,ROSTER,31.0,"6'0""",208.0,Canada,"Saskatoon, SK",False,C,12,3,4,7,1.58,0.33,0.25,0.58,19.5,0.0,1,2,1,3,0,0,0,0,0,0,0,0,0,0.0,-3,28,19,15.8,12,5,4,3,10,16,4,268,128,140,47.8,0,0,3,6,0,320,141,115,58,15087,3537,2059,8998,SEA,Pacific,Western
2025-2026,20251106,142,VGK,5105,Mark Stone,ROSTER,33.0,"6'3""",202.0,Canada,"Winnipeg, MB",False,RW,6,2,11,13,3.17,1.83,0.33,2.17,9.2,0.0,0,1,7,8,0,1,1,0,0,0,0,0,0,0.0,2,30,19,10.5,5,5,6,3,3,6,1,1,0,1,0.0,0,0,3,6,0,125,62,36,29,6627,1789,535,4303,VGK,Pacific,Western
2025-2026,20251106,5,WSH,5598,Dylan Strome,ROSTER,28.0,"6'3""",200.0,Canada,"Mississauga, ON",False,C,11,3,8,11,2.09,0.73,0.27,1.0,9.2,10.2,1,0,4,4,0,0,0,0,0,0,1,0,0,0.0,8,37,23,13.0,5,6,8,3,2,10,4,190,112,78,58.9,2,4,1,2,0,213,93,79,41,11095,3363,1617,5923,WSH,Metropolitan,Eastern
2025-2026,20251106,14,MTL,38014,Jayden Struble,ROSTER,24.0,"6'0""",205.0,USA,"Cumberland, RI",True,D,9,0,3,3,0.67,0.33,0.0,0.33,18.1,20.0,0,0,0,0,0,0,0,0,0,0,0,0,0,0.0,2,20,6,0.0,5,7,7,17,10,10,1,0,0,0,0.0,2,7,1,5,1,162,99,17,46,8163,1108,420,6635,MTL,Atlantic,Eastern
2025-2026,20251106,13,OTT,19051,Tim Stützle,ROSTER,23.0,"6'0""",190.0,Germany,Viersen,True,C,13,6,8,14,3.08,0.62,0.46,1.08,21.9,17.7,2,2,1,3,0,0,0,0,0,0,2,0,2,100.0,4,71,40,15.0,8,23,8,16,22,18,2,115,70,45,60.9,4,6,7,14,0,326,218,75,41,15428,4231,1201,10318,OTT,Atlantic,Eastern
2025-2026,20251106,17,STL,5819,Oskar Sundqvist,ROSTER,31.0,"6'3""",209.0,Sweden,Boden,False,C,8,0,5,5,0.75,0.62,0.0,0.62,12.8,15.2,0,0,1,1,0,0,0,0,0,0,0,0,0,0.0,-2,13,6,0.0,4,2,5,11,5,3,3,66,28,38,42.4,3,6,0,0,0,140,77,37,26,6361,1350,796,4215,STL,Central,Western
2025-2026,20251106,17,STL,28325,Pius Suter,ROSTER,29.0,"5'11""",176.0,Switzerland,Wallisellen,True,C,14,5,4,9,1.71,0.29,0.36,0.64,15.1,15.2,1,1,0,1,0,1,1,1,0,0,0,0,0,0.0,1,52,24,20.8,6,13,15,10,2,6,6,151,72,79,47.7,3,6,2,4,0,307,163,74,75,13950,2476,686,10788,STL,Central,Western
2025-2026,20251106,14,MTL,13628,Nick Suzuki,ROSTER,26.0,"5'11""",208.0,Canada,"London, ON",False,C,13,3,16,19,2.23,1.23,0.23,1.46,19.1,5.1,1,3,6,9,0,0,0,0,0,0,1,1,0,0.0,9,60,29,10.3,10,8,23,7,21,7,2,237,125,112,52.7,1,2,2,4,0,294,138,35,124,15836,2249,526,13061,MTL,Atlantic,Eastern
2025-2026,20251106,18,NSH,37974,Fedor Svechkov,ROSTER,22.0,"6'0""",187.0,Russia,Togliatti,True,C,13,0,1,1,1.54,0.08,0.0,0.08,13.9,5.1,0,0,0,0,0,0,0,0,0,0,0,0,0,0.0,-3,38,20,0.0,6,12,6,8,13,8,3,83,36,47,43.4,1,2,3,6,0,206,152,28,26,9842,1431,325,8086,NSH,Central,Western
2025-2026,20251106,3,CAR,14525,Andrei Svechnikov,ROSTER,25.0,"6'2""",195.0,Russia,Barnaul,False,RW,12,2,1,3,2.17,0.08,0.17,0.25,5.9,15.2,0,1,0,1,0,0,0,0,0,0,1,1,0,0.0,-1,53,26,7.7,1,16,11,7,18,15,4,1,1,0,100.0,3,6,0,0,0,227,141,54,34,10678,2368,866,7444,CAR,Metropolitan,Eastern
2025-2026,20251106,30,UTA,9068,Brandon Tanev,ROSTER,33.0,"6'0""",180.0,Canada,"Toronto, ON",False,LW,14,0,1,1,0.93,0.07,0.0,0.07,44.7,15.2,0,0,0,0,0,0,0,0,0,0,0,0,0,0.0,-5,21,13,0.0,8,4,4,52,20,14,2,5,1,4,20.0,3,6,4,8,0,220,124,58,38,8952,1154,982,6816,UTA,Central,Western
2025-2026,20251106,12,TOR,4939,Christopher Tanev,ROSTER,35.0,"6'2""",197.0,Canada,"Toronto, ON",False,D,8,0,2,2,0.75,0.25,0.0,0.25,13.0,0.0,0,0,0,0,0,0,0,0,0,0,0,0,0,0.0,5,16,6,0.0,8,8,2,2,20,3,4,0,0,0,0.0,0,0,2,4,0,211,116,36,59,8322,1526,146,6650,TOR,Atlantic,Eastern
2025-2026,20251106,25,MIN,5135,Vladimir Tarasenko,ROSTER,33.0,"6'0""",225.0,Russia,Yaroslavl,False,RW,14,2,7,9,1.71,0.5,0.14,0.64,15.1,0.0,0,1,5,6,0,0,0,0,0,0,1,1,0,0.0,-6,50,24,8.3,6,14,12,10,21,8,4,0,0,0,0.0,0,0,3,6,0,231,106,90,37,13080,4072,1167,7841,MIN,Central,Western
2025-2026,20251106,12,TOR,4680,John Tavares,ROSTER,35.0,"6'1""",215.0,Canada,"Mississauga, ON",False,C,14,7,11,18,2.71,0.79,0.5,1.29,14.7,5.1,2,1,1,2,0,0,0,1,0,1,0,0,0,0.0,3,73,38,18.4,4,16,19,14,12,11,5,219,126,93,57.5,1,2,3,6,0,282,147,76,67,14463,4953,1054,8417,TOR,Atlantic,Eastern
2025-2026,20251106,20,CHI,5355,Teuvo Teravainen,ROSTER,31.0,"5'11""",191.0,Finland,Helsinki,False,C,13,2,7,9,1.23,0.54,0.15,0.69,15.3,0.0,0,0,3,3,0,0,0,0,0,0,1,0,0,0.0,6,33,16,12.5,7,8,9,8,8,20,5,11,4,7,36.4,0,0,3,6,0,318,145,62,110,14498,3712,640,9923,CHI,Central,Western
2025-2026,20251106,29,ANA,5738,Troy Terry,ROSTER,28.0,"6'0""",186.0,USA,"Denver, CO",False,RW,12,5,10,15,2.5,0.83,0.42,1.25,1.5,0.0,1,0,4,4,1,1,2,1,0,0,1,0,1,100.0,9,62,30,16.7,1,11,21,0,12,7,2,2,1,1,50.0,0,0,4,8,0,272,121,69,89,12969,2541,883,9589,ANA,Pacific,Western
2025-2026,20251106,17,STL,15997,Alexandre Texier,ROSTER,26.0,"6'1""",192.0,France,Grenoble,False,LW,7,0,1,1,1.0,0.14,0.0,0.14,6.5,0.0,0,0,0,0,0,0,0,0,0,0,0,0,0,0.0,0,13,7,0.0,1,2,4,8,4,1,0,1,1,0,100.0,0,0,1,2,0,87,51,23,13,4180,1023,248,2909,STL,Central,Western
2025-2026,20251106,142,VGK,5900,Shea Theodore,ROSTER,30.0,"6'2""",195.0,Canada,"Langley, BC",False,D,12,0,5,5,1.92,0.42,0.0,0.42,36.6,5.1,0,0,2,2,0,0,0,0,0,0,0,0,0,0.0,2,56,23,0.0,25,22,11,0,15,15,5,0,0,0,0.0,1,2,3,6,0,343,163,113,67,17464,4291,2203,10912,VGK,Pacific,Western
2025-2026,20251106,17,STL,14609,Robert Thomas,ROSTER,26.0,"6'0""",188.0,Canada,"Aurora, ON",False,C,10,2,6,8,1.3,0.6,0.2,0.8,10.7,10.2,0,1,3,4,0,0,0,0,0,0,0,0,0,0.0,-1,24,13,15.4,6,9,2,3,8,18,6,163,80,83,49.1,2,4,3,6,0,228,119,49,62,11161,1643,954,8564,STL,Central,Western
2025-2026,20251106,15,BUF,9652,Tage Thompson,ROSTER,28.0,"6'6""",215.0,USA,"Oyster Bay, NY",False,C,13,5,5,10,4.23,0.38,0.38,0.77,25.2,25.4,1,1,3,4,0,0,0,0,0,0,1,1,0,0.0,-4,117,55,9.1,9,33,29,19,11,13,9,86,44,42,51.2,5,10,2,4,0,310,149,34,132,14879,2735,111,12033,BUF,Atlantic,Eastern
2025-2026,20251106,15,BUF,15181,Conor Timmins,ROSTER,27.0,"6'2""",185.0,Canada,"Thorold, ON",False,D,13,0,4,4,0.92,0.31,0.0,0.31,49.0,20.3,0,0,0,0,0,0,0,0,0,0,0,0,0,0.0,-3,32,12,0.0,30,14,6,8,21,13,3,0,0,0,0.0,4,8,1,2,0,340,168,28,144,15595,944,196,14455,BUF,Atlantic,Eastern
2025-2026,20251106,6,PHI,13625,Owen Tippett,ROSTER,26.0,"6'0""",183.0,Canada,"Peterborough, ON",False,RW,13,5,1,6,2.92,0.08,0.38,0.46,23.4,35.7,1,1,0,1,0,0,0,0,0,0,0,0,0,0.0,-3,68,38,13.2,6,11,19,23,11,20,2,1,0,1,0.0,5,18,4,8,0,289,160,69,65,13255,2319,698,10238,PHI,Metropolitan,Eastern
2025-2026,20251106,13,OTT,14527,Brady Tkachuk,ROSTER,26.0,"6'4""",212.0,USA,"St. Louis, MO",False,LW,3,0,3,3,3.33,1.0,0.0,1.0,6.3,10.2,0,0,1,1,0,0,0,0,0,0,0,0,0,0.0,1,21,10,0.0,0,6,5,10,1,4,1,11,8,3,72.7,2,4,3,6,0,69,37,4,28,2991,393,102,2496,OTT,Atlantic,Eastern
2025-2026,20251106,22,COL,13917,Devon Toews,ROSTER,31.0,"6'1""",191.0,Canada,"Abbotsford, BC",False,D,14,0,3,3,1.36,0.21,0.0,0.21,20.9,10.2,0,0,0,0,0,0,0,0,0,0,0,0,0,0.0,7,48,19,0.0,13,18,11,3,6,17,5,0,0,0,0.0,2,4,1,2,0,395,188,120,87,19705,2800,2661,14244,COL,Central,Western
2025-2026,20251106,2,WPJ,4262,Jonathan Toews,ROSTER,37.0,"6'2""",201.0,Canada,"Winnipeg, MB",False,C,13,2,5,7,1.31,0.38,0.15,0.54,13.8,20.3,0,1,2,3,0,0,0,0,0,0,0,0,0,0.0,-6,33,17,11.8,9,6,10,1,7,7,4,192,121,71,63.0,4,8,3,6,0,275,127,77,73,12755,3795,737,8223,WPG,,
2025-2026,20251106,26,SJS,5191,Tyler Toffoli,ROSTER,33.0,"6'0""",197.0,Canada,"Scarborough, ON",False,C,13,4,3,7,2.31,0.23,0.31,0.54,20.2,0.0,1,2,0,2,0,0,0,0,0,0,1,0,0,0.0,0,66,30,13.3,9,21,15,11,3,11,2,3,1,2,33.3,0,0,0,0,0,287,131,97,63,13646,3398,1009,9239,SJS,Pacific,Western
2025-2026,20251106,143,SEA,13645,Eeli Tolvanen,ROSTER,26.0,"5'10""",191.0,Finland,Vihti,False,RW,12,0,4,4,0.92,0.33,0.0,0.33,36.6,5.1,0,0,2,2,0,0,0,0,0,0,0,0,0,0.0,-1,31,11,0.0,12,14,6,30,9,6,3,0,0,0,0.0,1,2,2,4,0,243,140,84,11,10932,2309,1606,6620,SEA,Pacific,Western
2025-2026,20251106,24,EDM,183906,David Tomasek,ROSTER,29.0,"6'2""",210.0,Czech Republic,Praha,True,RW,12,1,2,3,1.67,0.17,0.08,0.25,7.2,15.2,0,0,2,2,0,0,0,0,0,0,1,0,0,0.0,-4,31,20,5.0,1,4,7,9,6,6,2,28,14,14,50.0,3,6,1,2,0,167,135,28,5,8521,2235,44,6242,EDM,Pacific,Western
2025-2026,20251106,10,PIT,24517,Philip Tomasino,ROSTER,24.0,"6'0""",180.0,Canada,"Mississauga, ON",False,RW,6,0,1,1,1.33,0.17,0.0,0.17,15.3,0.0,0,0,0,0,0,0,0,0,0,0,0,0,0,0.0,-1,15,8,0.0,7,3,4,8,10,1,0,4,2,2,50.0,0,0,0,0,0,94,61,17,10,4648,633,288,3319,PIT,Metropolitan,Eastern
2025-2026,20251106,17,STL,18182,Alexei Toropchenko,ROSTER,26.0,"6'3""",187.0,Russia,Moscow,False,RW,7,1,0,1,0.86,0.0,0.14,0.14,18.9,0.0,0,0,0,0,1,0,1,0,0,0,0,0,0,0.0,-5,8,6,16.7,6,0,2,16,1,7,0,0,0,0,0.0,0,0,1,2,0,112,68,25,20,4568,563,241,3764,STL,Central,Western
2025-2026,20251106,25,MIN,17203,Yakov Trenin,ROSTER,28.0,"6'2""",201.0,Russia,Chelyabinsk,True,C,14,0,2,2,1.36,0.14,0.0,0.14,51.7,10.2,0,0,0,0,0,0,0,0,0,0,0,0,0,0.0,-1,39,19,0.0,8,8,12,63,27,6,3,16,4,12,25.0,2,4,1,2,0,200,109,51,40,10780,2031,1659,7090,MIN,Central,Western
2025-2026,20251106,9,NYR,5342,Vincent Trocheck,ROSTER,32.0,"5'10""",183.0,USA,"Pittsburgh, PA",False,C,2,0,1,1,0.5,0.5,0.0,0.5,5.0,0.0,0,0,0,0,0,0,0,0,0,0,0,0,0,0.0,-2,3,1,0.0,3,2,0,1,2,2,1,17,10,7,58.8,0,0,0,0,0,34,16,8,3,1700,472,0,787,NYR,Metropolitan,Eastern
2025-2026,20251106,29,ANA,5232,Jacob Trouba,ROSTER,31.0,"6'3""",209.0,USA,"Rochester, MI",False,D,12,3,5,8,1.42,0.42,0.25,0.67,58.2,0.0,1,0,0,0,0,0,0,0,0,0,0,0,0,0.0,11,48,17,17.6,25,19,12,34,10,13,5,0,0,0,0.0,0,0,2,4,0,321,158,71,95,15693,2538,943,12212,ANA,Pacific,Western
2025-2026,20251106,8,NYI,142668,Maxim Tsyplakov,ROSTER,,,,,,False,RW,8,1,0,1,1.12,0.0,0.12,0.12,8.3,0.0,0,0,0,0,0,0,0,0,0,0,0,0,0,0.0,-6,17,9,11.1,0,5,3,13,5,7,0,3,0,3,0.0,0,0,1,2,0,107,90,7,11,4506,468,0,4038,NYI,Metropolitan,Eastern
2025-2026,20251106,15,BUF,11711,Alex Tuch,ROSTER,29.0,"6'4""",220.0,USA,"Syracuse, NY",False,RW,13,5,7,12,2.46,0.54,0.38,0.92,27.4,65.9,1,0,0,0,1,0,1,0,0,0,1,1,0,0.0,2,65,32,15.6,17,8,26,4,7,9,3,10,3,7,30.0,9,29,5,13,1,338,152,55,135,15064,2404,591,12069,BUF,Atlantic,Eastern
2025-2026,20251106,17,STL,20063,Tyler Tucker,ROSTER,25.0,"6'1""",205.0,Canada,"Thunder Bay, ON",False,D,14,1,3,4,0.79,0.21,0.07,0.29,30.9,55.0,0,0,0,0,0,0,0,0,0,0,0,0,0,0.0,0,29,11,9.1,12,13,5,21,24,15,1,0,0,0,0.0,5,19,4,17,3,241,152,30,60,10844,1282,494,9068,STL,Central,Western
2025-2026,20251106,28,LAK,19087,Alex Turcotte,ROSTER,24.0,"5'11""",185.0,USA,"Elk Grove, IL",False,C,14,0,3,3,0.71,0.21,0.0,0.21,7.8,19.1,0,0,0,0,0,0,0,0,0,0,0,0,0,0.0,-1,26,10,0.0,4,10,6,3,17,7,2,91,51,40,56.0,3,9,2,4,0,188,121,32,35,7873,1286,381,6206,LAK,Pacific,Western
2025-2026,20251106,9,NYR,13633,Urho Vaakanainen,ROSTER,26.0,"6'2""",196.0,Finland,Joensuu,False,D,10,0,1,1,0.8,0.1,0.0,0.1,12.8,20.3,0,0,0,0,0,0,0,0,0,0,0,0,0,0.0,1,27,8,0.0,7,12,8,4,19,6,1,0,0,0,0.0,4,8,2,4,0,187,105,18,51,8931,883,313,7066,NYR,Metropolitan,Eastern
2025-2026,20251106,16,DET,4683,James van Riemsdyk,ROSTER,36.0,"6'3""",217.0,USA,"Middletown, New Jersey",False,LW,11,1,1,2,1.09,0.09,0.09,0.18,11.7,15.2,0,0,0,0,0,0,0,0,0,0,1,0,1,100.0,-1,32,12,8.3,8,8,12,0,8,6,1,1,1,0,100.0,3,6,0,0,0,178,92,46,42,7764,3308,715,4625,DET,Atlantic,Eastern
2025-2026,20251106,5,WSH,5460,Trevor van Riemsdyk,ROSTER,34.0,"6'2""",192.0,USA,"Middletown, New Jersey",False,D,11,1,1,2,0.73,0.09,0.09,0.18,15.3,10.2,0,0,0,0,0,0,0,0,0,0,0,0,0,0.0,2,17,8,12.5,10,6,3,1,5,9,1,0,0,0,0.0,2,4,1,2,0,201,100,27,73,9882,1534,540,7709,WSH,Metropolitan,Eastern
2025-2026,20251106,29,ANA,5851,Frank Vatrano,ROSTER,31.0,"5'10""",200.0,USA,"East Longmeadow, MA",False,RW,12,1,1,2,2.0,0.08,0.08,0.17,32.0,25.1,0,0,1,1,0,0,0,1,0,0,0,0,0,0.0,-6,38,24,4.2,8,7,7,32,8,6,1,7,4,3,57.1,3,9,3,9,1,209,101,60,49,9083,2065,544,6554,ANA,Pacific,Western
2025-2026,20251106,14,MTL,18040,Joe Veleno,ROSTER,25.0,"6'1""",191.0,Canada,"Montreal, QC",False,C,8,0,0,0,0.75,0.0,0.0,0.0,14.7,35.3,0,0,0,0,0,0,0,0,0,0,0,0,0,0.0,-3,12,6,0.0,4,3,3,14,7,3,0,39,21,18,53.8,5,13,2,7,1,115,58,18,39,5374,620,64,4690,MTL,Atlantic,Eastern
2025-2026,20251106,4,FLO,17177,Carter Verhaeghe,ROSTER,30.0,"6'1""",177.0,Canada,"Waterdown, ON",False,C,13,2,4,6,2.54,0.31,0.15,0.46,11.6,10.2,0,1,1,2,0,0,0,1,0,0,0,0,0,0.0,-4,73,33,6.1,4,26,14,9,20,12,5,15,6,9,40.0,2,4,4,8,0,292,148,70,77,14181,3633,1116,9432,FLA,,
2025-2026,20251106,11,BOS,18174,Jeffrey Viel,ROSTER,28.0,"6'0""",195.0,Canada,"Rimouski, QC",False,LW,3,0,0,0,1.33,0.0,0.0,0.0,10.4,20.0,0,0,0,0,0,0,0,0,0,0,0,0,0,0.0,0,10,4,0.0,1,3,3,14,2,2,1,1,0,1,0.0,2,7,3,9,1,54,28,12,14,2200,226,302,1672,BOS,Atlantic,Eastern
2025-2026,20251106,2,WPJ,18069,Gabriel Vilardi,ROSTER,26.0,"6'2""",185.0,Canada,"Kingston, ON",False,C,13,5,8,13,2.23,0.62,0.38,1.0,8.4,5.1,1,1,3,4,0,0,0,1,0,0,0,0,0,0.0,3,56,29,17.2,4,10,17,4,13,9,1,16,10,6,62.5,1,2,2,4,0,262,150,106,11,14467,3404,3262,7801,WPG,,
2025-2026,20251106,20,CHI,38015,Alex Vlasic,ROSTER,24.0,"6'6""",200.0,USA,"Wilmette, IL",True,D,12,1,3,4,0.83,0.25,0.08,0.33,37.7,0.0,0,0,0,0,0,0,0,0,0,0,0,0,0,0.0,-3,23,10,10.0,21,7,6,11,24,10,5,0,0,0,0.0,0,0,0,0,0,303,140,22,135,15583,927,276,14057,CHI,Central,Western
2025-2026,20251106,19,CBJ,56385,Dmitri Voronkov,ROSTER,25.0,"6'3""",183.0,Russia,,False,LW,12,5,5,10,2.08,0.42,0.42,0.83,20.5,40.6,1,1,0,1,0,0,0,0,0,0,0,0,0,0.0,9,42,25,20.0,1,2,15,30,2,9,3,6,1,5,16.7,8,16,1,2,0,238,142,76,25,11165,2999,786,7380,CBJ,Metropolitan,Eastern
2025-2026,20251106,17,STL,13691,Nathan Walker,ROSTER,31.0,"5'9""",186.0,United Kingdom,Cardiff,False,LW,13,1,3,4,1.31,0.23,0.08,0.31,41.7,15.2,0,0,0,0,0,0,0,0,0,0,0,0,0,0.0,-5,26,17,5.9,9,2,7,45,11,6,1,26,14,12,53.8,3,6,3,6,0,220,114,54,53,9948,1957,932,7059,STL,Central,Western
2025-2026,20251106,3,CAR,15368,Sean Walker,ROSTER,30.0,"5'11""",196.0,Canada,"Keswick, ON",False,D,12,2,1,3,2.33,0.08,0.17,0.25,44.3,20.3,0,0,1,1,0,0,0,0,0,0,0,0,0,0.0,-4,71,28,7.1,19,29,14,26,26,11,2,0,0,0,0.0,4,8,3,6,0,346,176,53,119,17133,1669,462,15002,CAR,Metropolitan,Eastern
2025-2026,20251106,24,EDM,13672,Jake Walman,ROSTER,29.0,"6'1""",170.0,Canada,"Toronto, ON",False,D,9,1,6,7,1.33,0.67,0.11,0.78,32.6,0.0,0,1,0,1,0,0,0,1,0,1,0,0,0,0.0,4,36,12,8.3,21,17,7,3,2,13,5,0,0,0,0.0,0,0,0,0,0,217,104,66,41,11206,2442,856,7436,EDM,Pacific,Western
2025-2026,20251106,8,NYI,56461,Marshall Warren,ASSIGNED_TO_MINORS,24.0,"5'11""",170.0,USA,"Laurel Hollow, NY",False,D,2,0,2,2,0.0,1.0,0.0,1.0,1.3,5.1,0,0,0,0,0,0,0,0,0,0,0,0,0,0.0,1,1,0,0.0,0,1,0,2,5,2,1,0,0,0,0.0,1,2,1,2,0,36,22,3,11,1456,150,33,1273,NYI,Metropolitan,Eastern
2025-2026,20251106,23,CGY,12274,MacKenzie Weegar,ROSTER,31.0,"6'0""",200.0,Canada,"Nepean, ON",False,D,14,0,4,4,1.5,0.29,0.0,0.29,58.2,40.8,0,0,2,2,0,0,0,0,0,0,0,0,0,0.0,-12,67,21,0.0,25,31,15,34,38,24,5,0,0,0,0.0,6,20,2,4,0,475,203,111,161,20589,3737,1486,15366,CGY,Pacific,Western
2025-2026,20251106,26,SJS,5449,Alexander Wennberg,ROSTER,31.0,"6'2""",197.0,Sweden,Stockholm,False,C,13,3,5,8,1.0,0.38,0.23,0.62,25.3,0.0,1,1,2,3,0,0,0,1,0,0,0,0,0,0.0,-4,24,13,23.1,16,9,2,3,8,14,6,200,94,106,47.0,0,0,5,10,0,329,168,92,72,16178,3032,1318,11828,SJS,Pacific,Western
2025-2026,20251106,19,CBJ,5603,Zach Werenski,ROSTER,28.0,"6'2""",212.0,USA,"Grosse Pointe, MI",False,D,12,4,6,10,3.5,0.5,0.33,0.83,30.8,0.0,1,1,2,3,0,0,0,0,0,0,0,0,0,0.0,10,101,42,9.5,18,38,21,7,13,30,6,0,0,0,0.0,0,0,1,2,0,318,164,52,104,18732,4495,482,13694,CBJ,Metropolitan,Eastern
2025-2026,20251106,142,VGK,14133,Zach Whitecloud,ROSTER,28.0,"6'2""",209.0,Canada,"Brandon, MB",False,D,12,0,1,1,0.58,0.08,0.0,0.08,36.6,15.2,0,0,0,0,0,0,0,0,0,0,0,0,0,0.0,2,29,7,0.0,15,18,4,23,26,12,1,0,0,0,0.0,3,6,3,6,0,277,183,63,31,12743,3261,1006,8476,VGK,Pacific,Western
2025-2026,20251106,18,NSH,28517,Ozzy Wiesblatt,ROSTER,23.0,"5'10""",183.0,Canada,"Calgary, AB",True,C,12,0,2,2,1.0,0.17,0.0,0.17,24.5,30.2,0,0,0,0,0,0,0,0,0,0,1,0,1,100.0,-4,27,12,0.0,5,9,6,27,19,7,1,3,0,3,0.0,4,11,2,7,1,189,120,43,27,8054,1428,407,6602,NSH,Central,Western
2025-2026,20251106,21,VAN,166972,Tom Willander,ROSTER,20.0,"6'1""",179.0,Sweden,Stockholm,True,D,4,0,1,1,1.0,0.25,0.0,0.25,3.6,0.0,0,0,0,0,0,0,0,0,0,0,0,0,0,0.0,1,13,4,0.0,2,6,3,1,8,2,1,0,0,0,0.0,0,0,0,0,0,79,66,5,8,3529,378,45,3106,VAN,Pacific,Western
2025-2026,20251106,18,NSH,53068,Adam Wilsby,ROSTER,25.0,"6'0""",183.0,Sweden,Stockholm,True,D,11,0,2,2,1.0,0.18,0.0,0.18,12.8,25.4,0,0,0,0,0,0,0,0,0,0,0,0,0,0.0,0,32,11,0.0,7,18,3,4,17,11,3,0,0,0,0.0,5,10,0,0,0,258,189,34,35,11752,2641,518,8593,NSH,Central,Western
2025-2026,20251106,5,WSH,5225,Tom Wilson,ROSTER,31.0,"6'4""",220.0,Canada,"Toronto, ON",False,RW,13,8,7,15,2.23,0.54,0.62,1.15,32.3,65.9,2,4,1,5,0,0,0,0,0,0,0,0,0,0.0,6,55,29,27.6,6,11,15,37,13,11,3,5,1,4,20.0,9,29,4,11,1,293,151,84,62,14932,4201,1554,8970,WSH,Metropolitan,Eastern
2025-2026,20251106,143,SEA,56633,Ryan Winterton,ROSTER,22.0,"6'2""",175.0,Canada,"Whitby, ON",False,C,12,0,1,1,0.83,0.08,0.0,0.08,18.5,10.2,0,0,0,0,0,0,0,0,0,0,0,0,0,0.0,1,21,10,0.0,7,4,7,13,18,2,2,0,0,0,0.0,2,4,4,8,0,217,142,30,40,9112,950,579,7330,SEA,Pacific,Western
2025-2026,20251106,18,NSH,142645,Matthew Wood,ROSTER,,,,,,False,RW,8,3,3,6,2.25,0.38,0.38,0.75,10.3,0.0,1,0,2,2,0,0,0,0,0,0,1,0,0,0.0,2,29,18,16.7,4,7,4,7,8,2,1,3,2,1,66.7,0,0,2,4,0,121,107,17,0,5965,1300,119,4546,NSH,Central,Western
2025-2026,20251106,19,CBJ,9079,Miles Wood,ROSTER,30.0,"6'2""",195.0,USA,"Buffalo, NY",False,LW,7,4,0,4,1.71,0.0,0.57,0.57,6.5,5.1,1,0,0,0,0,0,0,1,0,1,0,0,0,0.0,4,20,12,33.3,1,5,3,8,10,7,0,3,1,2,33.3,1,2,2,6,0,102,56,21,28,4583,945,324,3314,CBJ,Metropolitan,Eastern
2025-2026,20251106,10,PIT,5707,Parker Wotherspoon,ROSTER,28.0,"6'0""",172.0,Canada,"Surrey, BC",False,D,14,1,4,5,1.0,0.29,0.07,0.36,44.3,40.8,0,0,0,0,0,1,1,0,0,0,0,0,0,0.0,7,33,14,7.1,22,14,5,19,24,20,6,0,0,0,0.0,6,20,1,2,0,339,186,75,68,17985,2561,1208,13618,PIT,Metropolitan,Eastern
2025-2026,20251106,143,SEA,43332,Shane Wright,ROSTER,21.0,"6'1""",199.0,Canada,"Burlington, ON",True,C,12,3,3,6,1.5,0.25,0.25,0.5,15.1,5.1,1,1,1,2,0,0,0,0,0,0,0,0,0,0.0,2,30,18,16.7,6,6,6,10,19,12,0,120,45,75,37.5,1,2,2,4,0,238,184,44,7,10675,2112,363,7906,SEA,Pacific,Western
2025-2026,20251106,14,MTL,34148,Arber Xhekaj,ROSTER,24.0,"6'4""",238.0,Canada,"Hamilton, ON",True,D,12,0,1,1,0.67,0.08,0.0,0.08,21.2,55.3,0,0,0,0,0,0,0,0,0,0,0,0,0,0.0,-3,22,8,0.0,8,11,3,15,14,6,0,0,0,0,0.0,7,20,3,12,2,177,137,16,24,7882,1216,277,6389,MTL,Atlantic,Eastern
2025-2026,20251106,30,UTA,13637,Kailer Yamamoto,ROSTER,27.0,"5'8""",153.0,USA,"Spokane, WA",False,RW,8,1,1,2,0.88,0.12,0.12,0.25,4.8,10.2,0,0,0,0,0,0,0,0,0,0,0,0,0,0.0,2,10,7,14.3,2,1,2,3,8,5,1,9,3,6,33.3,2,4,5,10,0,130,73,43,15,5868,909,760,4199,UTA,Central,Western
2025-2026,20251106,6,PHI,30026,Cameron York,ROSTER,24.0,"5'11""",172.0,USA,"Anaheim Hills, CA",True,D,10,1,6,7,0.5,0.6,0.1,0.7,32.8,10.2,0,1,3,4,0,0,0,0,0,0,0,0,0,0.0,1,23,5,20.0,22,11,7,1,13,10,4,0,0,0,0.0,2,4,0,0,0,302,184,39,80,14953,2255,430,12268,PHI,Metropolitan,Eastern
2025-2026,20251106,25,MIN,56469,Danila Yurov,ROSTER,21.0,"6'1""",178.0,Russia,Chelyabinsk,False,RW,10,1,0,1,0.7,0.0,0.1,0.1,12.4,0.0,0,0,0,0,0,0,0,1,0,0,0,0,0,0.0,-6,16,7,14.3,5,5,4,8,12,6,2,52,20,32,38.5,0,0,1,2,0,116,92,10,15,5824,654,52,5118,MIN,Central,Western
2025-2026,20251106,11,BOS,5601,Pavel Zacha,ROSTER,28.0,"6'3""",210.0,Czech Republic,Brno,False,C,15,3,10,13,1.47,0.67,0.2,0.87,21.0,28.0,1,1,6,7,0,0,0,0,0,0,0,0,0,0.0,3,36,22,13.6,7,3,11,17,8,13,5,132,75,57,56.8,5,12,0,0,0,322,141,108,76,15990,3736,1636,10618,BOS,Atlantic,Eastern
2025-2026,20251106,11,BOS,5270,Nikita Zadorov,ROSTER,30.0,"6'6""",235.0,Russia,Moscow,False,D,15,1,3,4,0.73,0.2,0.07,0.27,67.8,61.0,0,0,0,0,0,0,0,0,0,0,0,0,0,0.0,2,33,11,9.1,22,17,5,56,18,22,7,0,0,0,0.0,12,24,7,14,0,399,190,66,144,19182,3062,1195,14925,BOS,Atlantic,Eastern
2025-2026,20251106,6,PHI,21853,Egor Zamula,ROSTER,25.0,"6'3""",170.0,Russia,Chelyabinsk,True,D,8,0,1,1,0.62,0.12,0.0,0.12,15.3,5.1,0,0,0,0,0,0,0,0,0,0,0,0,0,0.0,0,11,5,0.0,10,6,0,1,12,5,1,0,0,0,0.0,1,2,0,0,0,149,90,15,44,6441,1157,126,5158,PHI,Metropolitan,Eastern
2025-2026,20251106,23,CGY,28538,Connor Zary,ROSTER,24.0,"6'0""",178.0,Canada,"Saskatoon, SK",True,C,12,1,1,2,1.33,0.08,0.08,0.17,10.1,20.3,0,1,0,1,0,0,0,0,0,0,1,0,0,0.0,-4,31,16,6.2,3,6,9,9,7,4,1,62,26,36,41.9,4,8,6,12,0,212,125,47,41,9644,1387,437,7820,CGY,Pacific,Western
2025-2026,20251106,6,PHI,25981,Trevor Zegras,ROSTER,24.0,"6'1""",185.0,USA,"Bedford, NY",True,C,13,4,11,15,2.15,0.85,0.31,1.15,9.7,35.7,1,2,5,7,0,0,0,0,0,0,2,0,2,100.0,1,64,28,14.3,4,17,19,6,12,12,3,69,26,43,37.7,5,18,2,4,0,282,185,47,56,14192,2306,661,11246,PHI,Metropolitan,Eastern
2025-2026,20251106,29,ANA,32258,Olen Zellweger,ROSTER,22.0,"5'10""",175.0,Canada,"Calgary, AB",True,D,12,0,2,2,2.08,0.17,0.0,0.17,22.2,20.3,0,0,1,1,0,0,0,0,0,0,0,0,0,0.0,7,63,25,0.0,13,21,17,5,29,9,2,0,0,0,0.0,4,8,5,10,0,279,200,30,50,13529,2094,323,11113,ANA,Pacific,Western
2025-2026,20251106,13,OTT,18106,Fabian Zetterlund,ROSTER,26.0,"5'11""",196.0,Sweden,Karlstad,False,LW,13,1,2,3,1.62,0.15,0.08,0.23,21.9,15.2,0,1,0,1,0,0,0,0,0,0,0,0,0,0.0,-3,40,21,4.8,5,7,12,23,16,4,2,4,1,3,25.0,3,6,4,8,0,240,117,49,75,10627,1636,617,8374,OTT,Atlantic,Eastern
2025-2026,20251106,9,NYR,5000,Mika Zibanejad,ROSTER,32.0,"6'2""",208.0,Sweden,Stockholm,False,C,14,4,2,6,3.07,0.14,0.29,0.43,27.8,10.2,1,2,0,2,1,0,1,1,0,0,0,0,0,0.0,-9,74,43,9.3,9,14,21,23,4,20,6,194,103,91,53.1,2,4,2,4,0,353,177,78,86,17888,4251,1099,11740,NYR,Metropolitan,Eastern
2025-2026,20251106,13,OTT,28480,Artem Zub,ROSTER,30.0,"6'2""",202.0,Russia,Khabarovsk,True,D,13,2,7,9,1.54,0.54,0.15,0.69,36.9,15.2,0,0,0,0,0,0,0,0,0,0,0,0,0,0.0,4,43,20,10.0,17,12,11,19,15,12,2,0,0,0,0.0,3,6,0,0,0,345,271,48,28,14920,2442,733,11745,OTT,Atlantic,Eastern
2025-2026,20251106,15,BUF,5093,Jason Zucker,ROSTER,33.0,"5'11""",192.0,USA,"Newport Beach, CA",False,LW,12,4,3,7,2.25,0.25,0.33,0.58,11.0,10.2,1,2,2,4,0,0,0,1,0,0,0,0,0,0.0,-7,43,27,14.8,1,7,9,15,8,10,2,30,11,19,36.7,2,4,3,6,0,222,121,52,53,10606,3658,626,6322,BUF,Atlantic,Eastern
