SEASON_ID,SNAPSHOT_DATE,TEAM_ID,TEAM_ABBR,PLAYER_ID,NAME,STATUS,AGE,HEIGHT,WEIGHT,BIRTH_COUNTRY,BIRTH_CITY,ROOKIE,POSITION,GAMES_PLAYED,GOALS,ASSISTS,POINTS,SOGPG,APG,GPG,PGP,DEF_WALL,PHYSICAL,HAT_TRICKS,PP_GOALS,PP_ASSISTS,PP_POINTS,SH_GOALS,SH_ASSISTS,SH_POINTS,GW_GOALS,GT_GOALS,OT_GOALS,SO_ATTEMPTS,SO_MISSES,SO_GOALS,SO_GOAL_PCT,PLUS_MINUS,SHOT_ATTEMPTS,SHOTS_ON_GOAL,SHOT_PCT,BLOCKED_SHOTS,BLOCKED_SHOTS_AGAINST,MISSED_SHOTS,HITS,HITS_RECEIVED,GIVEAWAYS,TAKEAWAYS,FACEOFFS,FACEOFF_WINS,FACEOFF_LOSSES,FACEOFF_PCT,PENALTIES,PIM,PENALTIES_DRAWN,PENALTY_MIN_DRAWN,FIGHTS,SHIFTS,EVEN_STR_SHIFTS,PP_SHIFTS,SH_SHIFTS,TIME_ON_ICE,EVENT_TOI,PP_TOI,SH_TOI,TEAM_ABBR_CANON,division,conference
2025-2026,20251107,6,PHI,18056,Rodrigo Abols,ROSTER,29.0,"6'4""",206.0,Latvia,Riga,False,C,9,0,0,0,1.11,0.0,0.0,0.0,10.0,14.8,0,0,0,0,0,0,0,0,0,0,0,0,0,0.0,-4,21,10,0.0,4,6,5,8,7,2,2,42,30,12,71.4,1,5,2,7,1,112,72,22,18,4973,640,364,3969,PHI,Metropolitan,Eastern
2025-2026,20251107,10,PIT,5927,Noel Acciari,ROSTER,33.0,"5'10""",203.0,USA,"Johnston, RI",False,C,13,0,3,3,0.85,0.23,0.0,0.23,23.9,20.0,0,0,0,0,0,0,0,0,0,0,0,0,0,0.0,3,18,11,0.0,10,4,4,18,20,1,2,87,53,34,60.9,2,12,0,0,0,241,114,45,75,10088,1686,479,7651,PIT,Metropolitan,Eastern
2025-2026,20251107,30,UTA,5234,Andrew Agozzino,ASSIGNED_TO_MINORS,34.0,"5'10""",187.0,Canada,"Kleinburg, ON",False,LW,2,0,0,0,0.0,0.0,0.0,0.0,3.7,0.0,0,0,0,0,0,0,0,0,0,0,0,0,0,0.0,0,1,0,0.0,1,0,1,4,1,1,1,7,3,4,42.9,0,0,1,2,0,20,12,4,4,736,91,0,645,UTA,Central,Western
2025-2026,20251107,22,COL,28441,Jack Ahcan,ROSTER,28.0,"5'8""",185.0,USA,"Savage, MN",True,D,3,0,1,1,0.33,0.33,0.0,0.33,6.4,0.0,0,0,0,0,0,0,0,0,0,0,0,0,0,0.0,0,4,1,0.0,3,1,2,4,8,2,0,0,0,0,0.0,0,0,0,0,0,45,32,3,10,1967,167,62,1738,COL,Central,Western
2025-2026,20251107,3,CAR,5630,Sebastian Aho,ROSTER,28.0,"6'0""",176.0,Finland,Rauma,False,C,13,4,9,13,2.0,0.69,0.31,1.0,20.5,10.0,1,0,3,3,0,0,0,0,0,0,0,0,0,0.0,2,59,26,15.4,7,10,23,19,5,18,6,221,102,119,46.2,2,4,3,6,0,299,139,49,115,15669,3143,871,11655,CAR,Metropolitan,Eastern
2025-2026,20251107,13,OTT,12009,Michael Amadio,ROSTER,29.0,"6'1""",204.0,Canada,"Sault Ste. Marie, ON",False,RW,14,4,1,5,1.14,0.07,0.29,0.36,29.7,5.0,1,0,0,0,0,0,0,0,0,0,0,0,0,0.0,0,30,16,25.0,13,4,10,21,20,13,9,5,3,2,60.0,1,2,3,6,0,302,132,77,97,12463,2132,1002,9329,OTT,Atlantic,Eastern
2025-2026,20251107,21,VAN,39762,Nils Aman,ASSIGNED_TO_MINORS,25.0,"6'2""",179.0,Sweden,Avesta,True,C,2,0,0,0,0.5,0.0,0.0,0.0,2.5,0.0,0,0,0,0,0,0,0,0,0,0,0,0,0,0.0,0,3,1,0.0,1,2,0,2,1,1,0,2,1,1,50.0,0,0,0,0,0,23,19,1,3,1039,48,31,960,VAN,Pacific,Western
2025-2026,20251107,14,MTL,5513,Josh Anderson,ROSTER,31.0,"6'3""",227.0,Canada,"Burlington, ON",False,RW,14,1,2,3,1.07,0.14,0.07,0.21,24.4,10.0,0,0,0,0,0,0,0,0,0,0,0,0,0,0.0,-4,28,15,6.7,9,3,10,21,7,6,0,7,5,2,71.4,2,4,3,6,0,266,124,77,66,12483,1984,1212,9287,MTL,Atlantic,Eastern
2025-2026,20251107,28,LAK,18073,Michael Anderson,ROSTER,26.0,"5'11""",194.0,USA,"Roseville, MN",False,D,15,1,2,3,0.6,0.13,0.07,0.2,41.3,5.0,0,0,0,0,0,0,0,0,0,0,0,0,0,0.0,3,31,9,11.1,23,15,7,18,29,13,2,0,0,0,0.0,1,2,5,10,0,350,203,64,84,17551,2543,921,14087,LAK,Pacific,Western
2025-2026,20251107,23,CGY,5647,Rasmus Andersson,ROSTER,29.0,"6'1""",214.0,Sweden,Malmö,False,D,15,2,3,5,2.4,0.2,0.13,0.33,34.6,35.0,0,1,1,2,0,0,0,0,0,0,1,0,0,0.0,2,82,36,5.6,22,25,21,9,25,23,3,0,0,0,0.0,7,14,7,14,0,512,224,108,182,21387,2904,1534,16949,CGY,Pacific,Western
2025-2026,20251107,6,PHI,38011,Emil Andrae,ROSTER,23.0,"5'8""",181.0,Sweden,Västervik,True,D,4,0,0,0,0.5,0.0,0.0,0.0,2.4,0.0,0,0,0,0,0,0,0,0,0,0,0,0,0,0.0,0,3,2,0.0,0,1,0,4,11,2,1,0,0,0,0.0,0,0,0,0,0,71,56,7,8,2846,299,114,2433,PHI,Metropolitan,Eastern
2025-2026,20251107,16,DET,5763,Mason Appleton,ROSTER,29.0,"6'2""",193.0,USA,"Green Bay, WI",False,C,14,3,3,6,0.93,0.21,0.21,0.43,20.2,20.0,1,0,0,0,0,0,0,1,0,0,0,0,0,0.0,-1,21,13,23.1,9,2,6,14,9,8,0,5,2,3,40.0,2,12,1,2,0,274,146,40,91,12098,1542,470,10086,DET,Atlantic,Eastern
2025-2026,20251107,28,LAK,5505,Joel Armia,ROSTER,32.0,"6'4""",218.0,Finland,Pori,False,RW,15,2,5,7,1.2,0.33,0.13,0.47,19.5,25.0,0,0,0,0,0,0,0,0,0,0,1,0,0,0.0,3,38,18,11.1,8,10,10,15,12,11,5,5,3,2,60.0,5,10,1,2,0,290,123,83,86,12791,2072,1705,9014,LAK,Pacific,Western
2025-2026,20251107,11,BOS,5538,Viktor Arvidsson,ROSTER,32.0,"5'9""",180.0,Sweden,Skellefteå,False,LW,16,4,3,7,2.44,0.19,0.25,0.44,15.4,15.0,1,0,0,0,0,0,0,1,0,0,0,0,0,0.0,3,77,39,10.3,8,19,19,8,26,11,4,7,4,3,57.1,3,6,6,12,0,287,148,68,76,13860,2572,664,10624,BOS,Atlantic,Eastern
2025-2026,20251107,11,BOS,15191,Jonathan Aspirot,ROSTER,26.0,"6'0""",209.0,Canada,"Mascouche, QC",False,D,5,0,0,0,0.6,0.0,0.0,0.0,19.2,0.0,0,0,0,0,0,0,0,0,0,0,0,0,0,0.0,-1,8,3,0.0,10,4,1,10,14,5,0,0,0,0,0.0,0,0,0,0,0,100,66,23,11,4516,653,316,3547,BOS,Atlantic,Eastern
2025-2026,20251107,19,CBJ,12287,Zach Aston-Reese,ROSTER,31.0,"6'0""",204.0,USA,"Staten Island, NY",False,C,10,0,3,3,1.0,0.3,0.0,0.3,22.0,5.0,0,0,0,0,0,0,0,0,0,0,0,0,0,0.0,0,13,10,0.0,5,0,3,26,7,6,1,12,1,11,8.3,1,2,2,4,0,151,80,30,38,6138,1097,267,4639,CBJ,Metropolitan,Eastern
2025-2026,20251107,27,DAL,34436,Oskar Back,ROSTER,25.0,"6'3""",200.0,Sweden,Karlstad,True,C,4,1,0,1,0.25,0.0,0.25,0.25,1.2,0.0,0,0,0,0,0,0,0,0,0,0,0,0,0,0.0,0,3,1,100.0,0,2,0,2,11,2,1,4,3,1,75.0,0,0,2,4,0,66,38,11,16,2890,711,43,2039,DAL,Central,Western
2025-2026,20251107,23,CGY,4609,Mikael Backlund,ROSTER,36.0,"6'0""",200.0,Sweden,Vasteras,False,C,15,3,4,7,2.33,0.27,0.2,0.47,10.5,10.0,1,0,0,0,0,1,1,0,0,0,0,0,0,0.0,-1,58,35,8.6,3,13,10,11,9,9,4,279,137,142,49.1,2,4,2,4,0,366,184,91,94,15171,4345,537,10289,CGY,Pacific,Western
2025-2026,20251107,23,CGY,14578,Kevin Bahl,ROSTER,25.0,"6'6""",216.0,Canada,"New Westminster, BC",True,D,15,1,2,3,0.73,0.13,0.07,0.2,38.3,35.0,0,0,0,0,0,0,0,1,0,0,0,0,0,0.0,6,30,11,9.1,23,12,7,13,18,21,10,0,0,0,0.0,7,14,3,6,0,461,304,78,80,18996,1195,1031,16770,CGY,Pacific,Western
2025-2026,20251107,21,VAN,38470,Arshdeep Bains,ROSTER,24.0,"6'0""",185.0,Canada,"Surrey, BC",True,LW,15,0,3,3,0.73,0.2,0.0,0.2,12.1,20.0,0,0,1,1,0,0,0,0,0,0,0,0,0,0.0,-1,16,11,0.0,2,3,2,16,12,6,4,10,2,8,20.0,4,8,0,0,0,210,143,22,45,9021,620,92,8310,VAN,Pacific,Western
2025-2026,20251107,4,FLO,120218,Uvis Balinskis,ROSTER,29.0,"6'0""",187.0,Latvia,Ventspils,True,D,9,0,0,0,0.56,0.0,0.0,0.0,16.5,5.0,0,0,0,0,0,0,0,0,0,0,0,0,0,0.0,-2,13,5,0.0,8,6,2,10,8,6,6,0,0,0,0.0,1,2,2,4,0,163,135,15,13,7257,1104,126,6027,FLA,,
2025-2026,20251107,142,VGK,11708,Ivan Barbashev,ROSTER,29.0,"6'0""",187.0,Russia,Moscow,False,LW,13,6,8,14,1.54,0.62,0.46,1.08,14.4,5.0,2,0,0,0,0,0,0,1,0,0,0,0,0,0.0,4,37,20,30.0,2,8,9,20,12,14,2,4,0,4,0.0,1,2,3,6,0,253,119,91,49,12142,2887,955,8319,VGK,Pacific,Western
2025-2026,20251107,22,COL,56519,Zakhar Bardakov,ROSTER,24.0,"6'2""",198.0,Russia,Seversk,False,C,9,1,1,2,0.67,0.11,0.11,0.22,8.0,0.0,0,0,0,0,0,0,0,0,0,0,0,0,0,0.0,1,12,6,16.7,2,2,4,9,3,4,0,50,20,30,40.0,0,0,3,6,0,81,46,8,28,3303,386,0,2917,COL,Central,Western
2025-2026,20251107,18,NSH,30074,Justin Barron,ROSTER,23.0,"6'2""",195.0,Canada,"Halifax, NS",True,D,16,0,4,4,0.69,0.25,0.0,0.25,35.1,10.0,0,0,0,0,0,0,0,0,0,0,0,0,0,0.0,0,38,11,0.0,21,17,10,12,29,24,1,0,0,0,0.0,2,4,1,2,0,340,244,57,39,15046,2628,508,11910,NSH,Central,Western
2025-2026,20251107,2,WPJ,28496,Morgan Barron,ROSTER,26.0,"6'4""",220.0,Canada,"Halifax, NS",True,C,12,3,3,6,1.25,0.25,0.25,0.5,21.1,10.0,1,0,0,0,1,0,1,1,0,0,0,0,0,0.0,2,30,15,20.0,7,4,11,20,12,7,3,145,79,66,54.5,2,4,3,6,0,225,116,68,44,9031,1662,1193,6176,WPG,,
2025-2026,20251107,8,NYI,5611,Mathew Barzal,ROSTER,28.0,"6'0""",187.0,Canada,"Coquitlam, BC",False,C,12,3,7,10,2.25,0.58,0.25,0.83,15.7,30.0,1,0,2,2,0,0,0,0,0,0,0,0,0,0.0,6,47,27,11.1,10,9,11,4,6,16,5,104,34,70,32.7,6,12,1,2,0,255,136,97,25,14854,2695,3318,8841,NYI,Metropolitan,Eastern
2025-2026,20251107,27,DAL,15468,Nathan Bastian,ROSTER,27.0,"6'4""",205.0,Canada,"Kitchener, ON",False,RW,13,1,0,1,0.69,0.0,0.08,0.08,23.0,10.0,0,0,0,0,0,0,0,0,0,0,0,0,0,0.0,-1,13,9,11.1,4,4,0,30,13,1,0,0,0,0,0.0,2,4,0,0,0,139,93,23,24,5730,1415,408,3907,DAL,Central,Western
2025-2026,20251107,13,OTT,15394,Drake Batherson,ROSTER,27.0,"6'3""",203.0,USA,"Fort Wayne, IN",False,RW,11,5,10,15,2.18,0.91,0.45,1.36,14.0,10.0,1,2,3,5,0,0,0,1,0,0,2,1,1,50.0,2,41,24,20.8,3,8,9,17,9,9,7,1,1,0,100.0,2,4,4,8,0,259,137,45,83,11417,2000,494,9079,OTT,Atlantic,Eastern
2025-2026,20251107,23,CGY,9639,Jake Bean,ROSTER,27.0,"6'1""",186.0,Canada,"Calgary, AB",False,D,10,0,1,1,1.1,0.1,0.0,0.1,25.8,10.0,0,0,0,0,0,0,0,0,0,0,0,0,0,0.0,-7,31,11,0.0,18,14,6,3,10,11,4,0,0,0,0.0,2,4,0,0,0,249,168,29,52,9980,897,526,8557,CGY,Pacific,Western
2025-2026,20251107,5,WSH,5623,Anthony Beauvillier,ROSTER,28.0,"5'11""",182.0,Canada,"Sorel-Tracy, QC",False,LW,14,3,1,4,2.43,0.07,0.21,0.29,12.1,5.0,1,0,0,0,0,0,0,1,0,0,1,0,0,0.0,6,57,34,8.8,2,13,10,16,16,7,2,2,0,2,0.0,1,2,1,2,0,260,146,69,46,12173,1880,1207,8989,WSH,Metropolitan,Eastern
2025-2026,20251107,14,MTL,53067,Owen Beck,ASSIGNED_TO_MINORS,21.0,"6'0""",191.0,Canada,"Peterborough, ON",True,C,2,0,0,0,0.5,0.0,0.0,0.0,1.3,0.0,0,0,0,0,0,0,0,0,0,0,0,0,0,0.0,-1,4,1,0.0,1,1,2,0,3,0,0,12,7,5,58.3,0,0,0,0,0,24,20,3,1,1003,346,8,649,MTL,Atlantic,Eastern
2025-2026,20251107,20,CHI,111625,Connor Bedard,ROSTER,20.0,"5'10""",185.0,Canada,"North Vancouver, BC",True,C,14,7,11,18,3.29,0.79,0.5,1.29,9.6,37.5,2,2,3,5,0,0,0,1,0,0,1,0,0,0.0,7,87,46,15.2,5,14,27,5,17,19,7,130,60,70,46.2,8,14,6,14,0,333,261,39,35,17843,2816,123,14603,CHI,Central,Western
2025-2026,20251107,11,BOS,38020,John Beecher,ROSTER,24.0,"6'3""",210.0,USA,"Elmira, NY",True,C,6,1,0,1,1.0,0.0,0.17,0.17,9.5,0.0,0,0,0,0,0,0,0,0,0,0,0,0,0,0.0,-1,10,6,16.7,4,3,1,7,5,1,0,3,0,3,0.0,0,0,0,0,0,90,59,18,14,3746,782,216,2748,BOS,Atlantic,Eastern
2025-2026,20251107,143,SEA,37968,Matty Beniers,ROSTER,23.0,"6'2""",175.0,USA,"Hingham, MA",True,C,13,2,6,8,1.77,0.46,0.15,0.62,17.5,10.0,0,2,1,3,0,0,0,1,0,0,0,0,0,0.0,0,61,23,8.7,10,11,27,7,18,19,1,189,89,100,47.1,2,4,5,10,0,314,186,67,55,15615,3048,614,11672,SEA,Pacific,Western
2025-2026,20251107,4,FLO,5415,Sam Bennett,ROSTER,29.0,"6'1""",195.0,Canada,"Holland Landing, ON",False,C,14,3,2,5,1.93,0.14,0.21,0.36,23.7,30.0,1,1,1,2,0,0,0,0,0,0,0,0,0,0.0,-7,60,27,11.1,5,16,17,29,8,12,6,185,89,96,48.1,6,12,5,10,0,299,139,115,48,14453,3124,2510,8819,FLA,,
2025-2026,20251107,12,TOR,15129,Simon Benoit,ROSTER,27.0,"6'3""",208.0,Canada,"Laval, QC",False,D,13,0,2,2,0.54,0.15,0.0,0.15,47.4,39.8,0,0,0,0,0,0,0,0,0,0,0,0,0,0.0,-1,29,7,0.0,21,16,6,33,23,14,4,0,0,0,0.0,6,15,3,9,1,339,223,57,59,13633,1948,1614,10071,TOR,Atlantic,Eastern
2025-2026,20251107,15,BUF,111755,Zach Benson,INJURY_LIST,20.0,"5'10""",159.0,Canada,"Langley, BC",True,LW,8,0,8,8,2.0,1.0,0.0,1.0,10.4,15.0,0,0,3,3,0,1,1,0,0,0,0,0,0,0.0,3,24,16,0.0,6,4,4,4,12,7,5,3,2,1,66.7,3,6,1,2,0,185,150,23,12,9137,2505,424,6208,BUF,Atlantic,Eastern
2025-2026,20251107,16,DET,14556,Jonatan Berggren,ROSTER,25.0,"5'10""",183.0,Sweden,Uppsala,True,RW,10,2,2,4,1.7,0.2,0.2,0.4,4.3,5.0,0,1,0,1,0,0,0,0,0,0,0,0,0,0.0,-5,31,17,11.8,1,11,3,5,9,9,1,0,0,0,0.0,1,2,4,8,0,173,97,42,36,7765,1405,752,5608,DET,Atlantic,Eastern
2025-2026,20251107,16,DET,14549,Jacob Bernard-Docker,ROSTER,25.0,"6'1""",190.0,Canada,"Canmore, AB",False,D,8,0,1,1,1.25,0.12,0.0,0.12,7.7,5.0,0,0,0,0,0,0,0,0,0,0,0,0,0,0.0,3,21,10,0.0,4,9,2,4,21,6,2,0,0,0,0.0,1,2,1,2,0,141,84,15,42,6060,315,138,5607,DET,Atlantic,Eastern
2025-2026,20251107,20,CHI,10178,Tyler Bertuzzi,ROSTER,30.0,"6'1""",199.0,Canada,"Sudbury, ON",False,LW,13,6,4,10,2.08,0.31,0.46,0.77,8.8,35.0,2,3,1,4,0,0,0,0,0,0,0,0,0,0.0,-1,49,27,22.2,0,9,13,15,15,11,3,24,15,9,62.5,5,18,4,8,0,278,137,87,55,13643,3730,1375,8313,CHI,Central,Western
2025-2026,20251107,27,DAL,56392,Lian Bichsel,ROSTER,21.0,"6'6""",225.0,Switzerland,Wolfwil,False,D,14,0,1,1,0.29,0.07,0.0,0.07,48.7,15.0,0,0,0,0,0,0,0,0,0,0,0,0,0,0.0,-2,15,4,0.0,18,6,5,42,37,16,1,0,0,0,0.0,3,6,1,2,0,246,186,22,37,12165,2222,174,9705,DAL,Central,Western
2025-2026,20251107,1,TBL,8913,Oliver Bjorkstrand,ROSTER,30.0,"6'0""",177.0,Denmark,Herning,False,RW,14,1,4,5,1.57,0.29,0.07,0.36,13.0,5.0,0,1,0,1,0,0,0,0,0,0,0,0,0,0.0,2,54,22,4.5,4,15,17,13,21,12,2,7,4,3,57.1,1,2,1,2,0,251,119,86,47,11760,2903,1648,7209,TBL,Atlantic,Eastern
2025-2026,20251107,17,STL,5201,Nick Bjugstad,ROSTER,33.0,"6'6""",215.0,USA,"Minneapolis, MN",False,C,15,4,1,5,1.73,0.07,0.27,0.33,31.9,20.0,1,0,0,0,0,0,0,0,0,0,0,0,0,0.0,0,39,26,15.4,12,6,7,27,3,2,2,97,49,48,50.5,4,8,4,8,0,244,121,65,62,9833,1799,930,7104,STL,Central,Western
2025-2026,20251107,27,DAL,15469,Colin Blackwell,ROSTER,32.0,"5'9""",190.0,USA,"North Andover, MA",False,C,14,0,1,1,0.64,0.07,0.0,0.07,25.2,15.0,0,0,0,0,0,0,0,0,0,0,0,0,0,0.0,-3,16,9,0.0,7,3,4,27,15,10,1,54,19,35,35.2,3,6,2,4,0,232,126,53,51,10080,2232,659,7097,DAL,Central,Western
2025-2026,20251107,12,TOR,11712,Sammy Blais,ROSTER,29.0,"6'2""",205.0,Canada,"Montmagny, QC",False,LW,3,1,1,2,1.33,0.33,0.33,0.67,10.5,5.0,0,0,0,0,0,0,0,0,0,0,0,0,0,0.0,-1,5,4,25.0,3,0,1,11,2,2,1,0,0,0,0.0,1,2,0,0,0,43,30,13,1,1789,348,284,1157,TOR,Atlantic,Eastern
2025-2026,20251107,3,CAR,56345,Jackson Blake,ROSTER,22.0,"5'10""",158.0,USA,"Eden Prairie, MN",False,RW,13,4,6,10,2.69,0.46,0.31,0.77,8.4,25.0,1,0,2,2,0,0,0,0,0,0,1,0,0,0.0,2,62,35,11.4,5,7,20,3,25,14,5,0,0,0,0.0,5,10,6,12,0,244,175,38,35,12548,2793,700,9055,CAR,Metropolitan,Eastern
2025-2026,20251107,18,NSH,39055,Nick Blankenburg,ROSTER,27.0,"5'9""",175.0,USA,"Washington, MI",True,D,6,1,3,4,1.67,0.5,0.17,0.67,12.1,0.0,0,1,0,1,0,0,0,0,0,0,0,0,0,0.0,-3,24,10,10.0,6,10,4,7,11,7,2,0,0,0,0.0,0,0,1,2,0,133,115,13,7,7162,1647,120,5396,NSH,Central,Western
2025-2026,20251107,21,VAN,15472,Theodor Blueger,ROSTER,31.0,"6'0""",185.0,Latvia,Riga,False,C,2,1,0,1,1.0,0.0,0.5,0.5,5.8,0.0,0,0,0,0,0,0,0,1,0,0,0,0,0,0.0,0,2,2,50.0,3,0,0,3,0,1,0,26,9,17,34.6,0,0,0,0,0,44,21,8,16,1899,363,216,1320,VAN,Pacific,Western
2025-2026,20251107,21,VAN,5618,Brock Boeser,ROSTER,28.0,"6'1""",208.0,USA,"Burnsville, MN",False,RW,13,6,3,9,2.23,0.23,0.46,0.69,8.9,0.0,2,1,1,2,0,0,0,1,0,1,1,0,1,100.0,-3,50,29,20.7,4,9,12,6,4,7,1,26,12,14,46.2,0,0,1,2,0,251,116,52,90,14365,2657,811,10941,VAN,Pacific,Western
2025-2026,20251107,25,MIN,4480,Zach Bogosian,ROSTER,35.0,"6'3""",226.0,USA,"Massena, NY",False,D,5,0,0,0,1.0,0.0,0.0,0.0,15.5,0.0,0,0,0,0,0,0,0,0,0,0,0,0,0,0.0,3,7,5,0.0,9,1,1,6,4,2,1,0,0,0,0.0,0,0,1,2,0,79,49,9,21,4163,911,58,3194,MIN,Central,Western
2025-2026,20251107,14,MTL,33083,Zachary Bolduc,ROSTER,22.0,"6'1""",175.0,Canada,"Trois-Rivière, QC",True,RW,14,4,2,6,1.64,0.14,0.29,0.43,18.3,15.0,1,2,1,3,0,0,0,0,0,0,0,0,0,0.0,0,46,23,17.4,4,13,10,22,19,10,2,10,7,3,70.0,3,6,4,8,0,223,156,36,35,11052,2133,398,8521,MTL,Atlantic,Eastern
2025-2026,20251107,25,MIN,30015,Matthew Boldy,ROSTER,24.0,"6'2""",196.0,USA,"Milford, MA",True,LW,15,7,8,15,3.33,0.53,0.47,1.0,16.5,15.0,2,4,4,8,0,0,0,0,0,0,1,0,0,0.0,-6,120,50,14.0,8,35,35,10,19,17,0,25,11,14,44.0,3,6,6,12,0,299,183,64,57,19258,4688,674,13863,MIN,Central,Western
2025-2026,20251107,8,NYI,14531,Adam Boqvist,ROSTER,25.0,"5'11""",179.0,Sweden,Falun,False,D,4,0,0,0,0.25,0.0,0.0,0.0,5.9,0.0,0,0,0,0,0,0,0,0,0,0,0,0,0,0.0,2,6,1,0.0,4,4,1,1,4,2,0,0,0,0,0.0,0,0,0,0,0,68,41,21,6,3132,373,542,2217,NYI,Metropolitan,Eastern
2025-2026,20251107,4,FLO,17176,Jesper Boqvist,ROSTER,27.0,"6'0""",180.0,Sweden,Falun,False,C,14,1,1,2,0.93,0.07,0.07,0.14,31.8,10.0,0,0,0,0,0,0,0,1,0,0,0,0,0,0.0,0,28,13,7.7,8,6,9,36,12,10,0,27,10,17,37.0,2,4,3,6,0,248,130,65,54,9707,1618,734,7355,FLA,,
2025-2026,20251107,9,NYR,15692,William Borgen,ROSTER,28.0,"6'3""",196.0,USA,"Moorhead, MN",False,D,14,0,2,2,0.93,0.14,0.0,0.14,39.0,10.0,0,0,0,0,0,0,0,0,0,0,0,0,0,0.0,2,36,13,0.0,20,14,9,21,24,11,6,0,0,0,0.0,2,4,1,2,0,354,199,69,72,15795,1424,1231,12353,NYR,Metropolitan,Eastern
2025-2026,20251107,24,EDM,14533,Evan Bouchard,ROSTER,26.0,"6'3""",194.0,Canada,"Oakville, ON",False,D,15,2,8,10,2.67,0.53,0.13,0.67,31.5,20.0,0,1,3,4,0,0,0,1,0,1,1,0,0,0.0,-8,83,40,5.0,21,31,12,6,14,22,7,0,0,0,0.0,4,8,2,4,0,370,216,92,51,21145,5011,1697,13807,EDM,Pacific,Western
2025-2026,20251107,27,DAL,34435,Mavrik Bourque,ROSTER,23.0,"5'10""",178.0,Canada,"Plessisville, QC",True,C,14,1,2,3,1.64,0.14,0.07,0.21,16.7,5.0,0,0,2,2,0,0,0,0,0,0,0,0,0,0.0,-7,33,23,4.3,9,2,8,8,15,5,1,12,1,11,8.3,1,2,3,6,0,265,178,42,45,12319,1928,584,9757,DAL,Central,Western
2025-2026,20251107,16,DET,142440,Michael Brandsegg-Nygård,ASSIGNED_TO_MINORS,,,,,,False,RW,9,0,1,1,1.56,0.11,0.0,0.11,20.5,5.0,0,0,0,0,0,0,0,0,0,0,0,0,0,0.0,-5,35,14,0.0,3,13,8,28,17,10,2,0,0,0,0.0,1,2,1,2,0,158,132,24,2,6723,821,31,5871,DET,Atlantic,Eastern
2025-2026,20251107,7,NJD,13722,Jesper Bratt,ROSTER,27.0,"5'10""",175.0,Sweden,Stockholm,False,LW,14,5,10,15,2.14,0.71,0.36,1.07,15.9,15.0,1,1,3,4,1,0,1,2,0,1,0,0,0,0.0,0,58,30,16.7,4,13,15,18,11,16,10,0,0,0,0.0,3,6,2,4,0,308,167,66,80,14724,2501,982,11241,NJD,Metropolitan,Eastern
2025-2026,20251107,10,PIT,53189,Justin Brazeau,ROSTER,27.0,"6'5""",220.0,Canada,"New Liskeard, ON",True,RW,12,6,6,12,1.83,0.5,0.5,1.0,26.0,0.0,2,1,1,2,0,0,0,2,0,0,0,0,0,0.0,3,33,22,27.3,12,4,10,17,11,13,1,0,0,0,0.0,0,0,1,2,0,212,127,72,12,9702,1946,1616,5862,PIT,Metropolitan,Eastern
2025-2026,20251107,22,COL,133825,Gavin Brindley,ROSTER,21.0,"5'9""",175.0,USA,"Fort Myers, FL",True,C,12,1,1,2,1.0,0.08,0.08,0.17,12.4,5.0,0,0,0,0,0,0,0,0,0,0,0,0,0,0.0,-2,23,12,8.3,4,6,5,12,14,4,2,5,2,3,40.0,1,2,3,6,0,149,111,20,19,6254,831,124,5299,COL,Central,Western
2025-2026,20251107,6,PHI,38019,Bobby Brink,ROSTER,24.0,"5'8""",165.0,USA,"Minnetonka, MN",True,RW,14,5,4,9,1.86,0.29,0.36,0.64,18.4,25.0,1,2,2,4,0,0,0,0,0,0,2,0,1,50.0,0,39,26,19.2,5,7,6,20,14,7,1,14,3,11,21.4,5,10,5,10,0,292,170,63,65,13726,2627,526,10967,PHI,Metropolitan,Eastern
2025-2026,20251107,17,STL,17150,Philip Broberg,ROSTER,24.0,"6'3""",200.0,Sweden,Orebro,True,D,15,1,4,5,1.53,0.27,0.07,0.33,28.1,5.0,0,0,0,0,0,0,0,0,0,0,0,0,0,0.0,-2,56,23,4.3,18,22,11,7,29,20,4,0,0,0,0.0,1,2,5,10,0,418,256,85,78,20067,3212,1057,15798,STL,Central,Western
2025-2026,20251107,25,MIN,5123,Jonas Brodin,ROSTER,32.0,"6'1""",194.0,Sweden,Karlstad,False,D,14,2,2,4,0.86,0.14,0.14,0.29,35.7,5.0,0,0,0,0,0,0,0,0,0,0,0,0,0,0.0,0,35,12,16.7,25,16,7,4,24,15,2,0,0,0,0.0,1,2,3,6,0,339,177,77,87,18054,3291,1676,13087,MIN,Central,Western
2025-2026,20251107,9,NYR,11807,Jonny Brodzinski,ROSTER,32.0,"6'1""",215.0,USA,"Ham Lake, MN",False,C,6,1,1,2,0.83,0.17,0.17,0.33,1.3,0.0,0,0,0,0,0,0,0,0,0,0,0,0,0,0.0,1,11,5,20.0,1,2,4,0,3,2,2,5,4,1,80.0,0,0,2,4,0,89,45,19,20,3666,522,293,2636,NYR,Metropolitan,Eastern
2025-2026,20251107,7,NJD,8916,Connor Brown,ROSTER,31.0,"6'0""",186.0,Canada,"Etobicoke, ON",False,RW,11,5,1,6,1.55,0.09,0.45,0.55,16.9,5.0,1,0,0,0,1,0,1,0,0,0,0,0,0,0.0,1,27,17,29.4,10,2,8,6,9,7,3,6,3,3,50.0,1,2,0,0,0,219,110,54,60,10412,1380,1073,7959,NJD,Metropolitan,Eastern
2025-2026,20251107,10,PIT,142708,Harrison Brunicke,ROSTER,,,,,,False,D,9,1,0,1,0.89,0.0,0.11,0.11,19.7,15.0,0,0,0,0,0,0,0,0,0,0,0,0,0,0.0,-4,22,8,12.5,13,7,7,4,18,14,1,0,0,0,0.0,3,6,2,4,0,171,135,14,19,8486,830,167,7234,PIT,Metropolitan,Eastern
2025-2026,20251107,15,BUF,17925,Jacob Bryson,ROSTER,27.0,"5'9""",185.0,Canada,"London, ON",False,D,5,0,1,1,0.2,0.2,0.0,0.2,5.9,5.0,0,0,0,0,0,0,0,0,0,0,0,0,0,0.0,1,9,1,0.0,4,5,3,1,4,2,0,0,0,0,0.0,1,2,0,0,0,71,38,8,25,2838,288,147,2403,BUF,Atlantic,Eastern
2025-2026,20251107,17,STL,10075,Pavel Buchnevich,ROSTER,30.0,"6'3""",197.0,Russia,Cherepovets,False,LW,15,2,4,6,1.87,0.27,0.13,0.4,12.5,10.0,0,2,1,3,0,0,0,0,0,0,0,0,0,0.0,-9,55,28,7.1,5,13,14,10,10,16,3,9,4,5,44.4,2,4,4,8,0,345,160,124,63,16394,3292,1640,11462,STL,Central,Western
2025-2026,20251107,25,MIN,142488,Zeev Buium,ROSTER,,,,,,False,D,15,3,6,9,1.4,0.4,0.2,0.6,11.1,5.0,1,2,4,6,0,0,0,0,0,0,0,0,0,0.0,-11,46,21,14.3,7,15,10,3,20,20,3,0,0,0,0.0,1,2,3,6,0,284,233,36,17,16827,3677,136,13014,MIN,Central,Western
2025-2026,20251107,18,NSH,15430,Michael Bunting,ROSTER,30.0,"5'11""",197.0,Canada,"Toronto, ON",True,LW,16,4,5,9,1.25,0.31,0.25,0.56,11.5,15.0,1,0,2,2,0,0,0,0,0,0,1,1,0,0.0,-2,54,20,20.0,6,10,24,6,13,15,1,10,3,7,30.0,3,6,6,12,0,284,130,110,48,13786,2898,2004,8884,NSH,Central,Western
2025-2026,20251107,20,CHI,5451,Andre Burakovsky,ROSTER,30.0,"6'3""",201.0,Austria,Klagenfurt,False,LW,13,5,5,10,1.31,0.38,0.38,0.77,6.9,15.0,1,1,3,4,0,0,0,1,0,0,0,0,0,0.0,1,42,17,29.4,3,16,9,5,14,11,8,3,0,3,0.0,3,6,0,0,0,278,151,51,77,13566,3066,626,9649,CHI,Central,Western
2025-2026,20251107,22,COL,15,Brent Burns,ROSTER,40.0,"6'5""",230.0,Canada,"Ajax, ON",False,D,14,1,5,6,2.43,0.36,0.07,0.43,27.7,30.0,0,0,1,1,0,0,0,1,0,0,0,0,0,0.0,1,74,34,2.9,19,27,13,4,14,12,4,0,0,0,0.0,6,12,0,0,0,379,202,74,105,17319,4547,1036,11735,COL,Central,Western
2025-2026,20251107,28,LAK,19049,Quinton Byfield,ROSTER,23.0,"6'4""",215.0,Canada,"Newmarket, ON",True,RW,15,2,10,12,2.2,0.67,0.13,0.8,14.9,20.0,0,1,4,5,0,1,1,0,0,0,1,0,0,0.0,-2,56,33,6.1,5,11,12,14,16,13,7,248,110,138,44.4,4,8,7,14,0,354,235,46,76,17921,2553,442,14926,LAK,Pacific,Western
2025-2026,20251107,15,BUF,21814,Bowen Byram,ROSTER,24.0,"6'0""",195.0,Canada,"Cranbrook, BC",True,D,14,1,4,5,1.0,0.29,0.07,0.36,30.5,25.0,0,0,2,2,0,0,0,0,0,0,1,0,1,100.0,-3,39,14,7.1,18,8,17,11,24,15,2,0,0,0,0.0,5,10,2,4,0,383,222,63,100,18381,2026,533,15863,BUF,Atlantic,Eastern
2025-2026,20251107,11,BOS,37956,Michael Callahan,ASSIGNED_TO_MINORS,26.0,"6'2""",197.0,USA,"Franklin, MA",True,D,3,0,0,0,0.67,0.0,0.0,0.0,9.8,0.0,0,0,0,0,0,0,0,0,0,0,0,0,0,0.0,-2,3,2,0.0,6,0,1,3,9,3,1,0,0,0,0.0,0,0,0,0,0,70,45,18,7,2961,777,279,1905,BOS,Atlantic,Eastern
2025-2026,20251107,27,DAL,5658,Kyle Capobianco,ROSTER,28.0,"6'1""",196.0,Canada,"Mississauga, ON",False,D,3,0,0,0,0.67,0.0,0.0,0.0,0.6,5.0,0,0,0,0,0,0,0,0,0,0,0,0,0,0.0,1,4,2,0.0,0,2,0,1,1,1,1,0,0,0,0.0,1,2,0,0,0,28,18,3,5,1151,493,24,557,DAL,Central,Western
2025-2026,20251107,30,UTA,16956,Michael Carcone,ROSTER,29.0,"5'10""",170.0,Canada,"Ajax, ON",False,LW,12,3,1,4,2.17,0.08,0.25,0.33,15.3,25.0,1,0,0,0,0,0,0,0,0,0,0,0,0,0.0,0,51,26,11.5,4,11,14,17,12,4,1,1,0,1,0.0,3,14,1,2,0,189,112,49,31,7778,1332,525,5921,UTA,Central,Western
2025-2026,20251107,26,SJS,56619,Ethan Cardwell,ROSTER,23.0,"5'11""",180.0,Canada,"Courtice, ON",False,RW,2,1,0,1,1.0,0.0,0.5,0.5,1.8,5.0,0,0,0,0,0,0,0,1,0,0,0,0,0,0.0,1,6,2,50.0,0,3,1,3,3,0,0,0,0,0,0.0,1,2,0,0,0,36,24,7,6,1639,156,109,1374,SJS,Pacific,Western
2025-2026,20251107,12,TOR,5632,Brandon Carlo,ROSTER,28.0,"6'5""",212.0,USA,"Colorado Springs, CO",False,D,14,0,2,2,1.43,0.14,0.0,0.14,40.7,15.0,0,0,0,0,0,0,0,0,0,0,0,0,0,0.0,3,40,20,0.0,27,10,10,8,19,16,0,0,0,0,0.0,3,6,1,2,0,393,233,90,70,16929,1800,2091,13038,TOR,Atlantic,Eastern
2025-2026,20251107,5,WSH,4735,John Carlson,ROSTER,35.0,"6'3""",217.0,USA,"Natick, MA",False,D,14,3,7,10,2.21,0.5,0.21,0.71,33.5,5.0,1,0,4,4,0,0,0,0,0,0,0,0,0,0.0,-2,80,31,9.7,22,29,20,7,18,25,11,0,0,0,0.0,1,2,0,0,0,333,173,73,86,19946,5583,1423,12747,WSH,Metropolitan,Eastern
2025-2026,20251107,29,ANA,111582,Leo Carlsson,ROSTER,20.0,"6'3""",198.0,Sweden,Karlstad,True,C,13,6,14,20,2.23,1.08,0.46,1.54,9.9,28.8,2,0,7,7,2,1,3,2,0,1,1,0,0,0.0,9,63,29,20.7,7,21,13,1,10,10,3,200,88,112,44.0,3,17,5,10,0,312,240,44,34,14454,3471,454,10627,ANA,Pacific,Western
2025-2026,20251107,9,NYR,5479,Sam Carrick,ROSTER,33.0,"6'0""",200.0,Canada,"Stouffville, ON",False,C,14,1,4,5,1.57,0.29,0.07,0.36,27.5,29.5,0,0,0,0,0,1,1,0,0,0,0,0,0,0.0,4,38,22,4.5,10,7,10,24,17,3,2,116,57,59,49.1,2,10,6,18,2,254,97,55,91,10866,2420,698,7266,NYR,Metropolitan,Eastern
2025-2026,20251107,14,MTL,5710,Alexandre Carrier,ROSTER,29.0,"5'11""",174.0,Canada,"Quebec City, QC",False,D,14,1,4,5,0.86,0.29,0.07,0.36,49.3,20.0,0,0,0,0,0,0,0,0,0,0,0,0,0,0.0,-7,30,12,8.3,33,10,8,9,40,11,8,0,0,0,0.0,4,8,3,6,0,318,173,55,92,15562,2148,1073,12349,MTL,Atlantic,Eastern
2025-2026,20251107,3,CAR,10174,William Carrier,ROSTER,30.0,"6'2""",218.0,Canada,"Pierrefonds, QC",False,LW,7,1,2,3,0.86,0.29,0.14,0.43,9.6,5.0,0,0,0,0,0,0,0,1,0,0,0,0,0,0.0,5,21,6,16.7,1,7,8,14,10,5,1,0,0,0,0.0,1,2,1,2,0,116,44,63,10,4336,948,805,2583,CAR,Metropolitan,Eastern
2025-2026,20251107,7,NJD,56518,Seamus Casey,ROSTER,21.0,"5'10""",173.0,USA,"Estero, FL",False,D,2,0,0,0,2.0,0.0,0.0,0.0,1.3,0.0,0,0,0,0,0,0,0,0,0,0,0,0,0,0.0,-3,8,4,0.0,1,2,2,0,7,3,2,0,0,0,0.0,0,0,0,0,0,48,37,10,1,2161,692,92,1377,NJD,Metropolitan,Eastern
2025-2026,20251107,6,PHI,38701,Noah Cates,ROSTER,26.0,"6'1""",170.0,USA,"Stillwater, MN",True,LW,14,4,6,10,2.07,0.43,0.29,0.71,19.8,10.0,1,1,4,5,0,0,0,2,0,1,0,0,0,0.0,4,48,29,13.8,10,7,12,11,12,9,4,215,93,122,43.3,2,4,5,10,0,343,140,42,165,14596,1821,106,12669,PHI,Metropolitan,Eastern
2025-2026,20251107,143,SEA,142279,Berkly Catton,ROSTER,,,,,,False,C,8,0,3,3,1.12,0.38,0.0,0.38,7.3,0.0,0,0,1,1,0,0,0,0,0,0,0,0,0,0.0,1,15,9,0.0,5,2,4,1,16,5,2,5,3,2,60.0,0,0,3,6,0,138,124,10,3,6180,792,188,5150,SEA,Pacific,Western
2025-2026,20251107,14,MTL,19047,Cole Caufield,ROSTER,24.0,"5'7""",174.0,USA,"Mosinee, WI",True,RW,14,10,6,16,2.64,0.43,0.71,1.14,14.9,15.0,3,1,5,6,0,0,0,3,0,3,1,0,0,0.0,7,65,37,27.0,5,12,16,14,10,11,5,3,0,3,0.0,3,6,4,8,0,299,160,68,81,15471,2376,526,12569,MTL,Atlantic,Eastern
2025-2026,20251107,28,LAK,5307,Cody Ceci,ROSTER,31.0,"6'2""",210.0,Canada,"Ottawa, ON",False,D,15,1,2,3,1.13,0.13,0.07,0.2,29.3,0.0,0,0,0,0,0,1,1,0,0,0,0,0,0,0.0,-6,39,17,5.9,18,17,5,9,20,10,4,0,0,0,0.0,0,0,0,0,0,319,173,55,93,15842,1727,883,13234,LAK,Pacific,Western
2025-2026,20251107,26,SJS,134157,Macklin Celebrini,ROSTER,19.0,"6'0""",190.0,Canada,"North Vancouver, BC",True,C,14,8,13,21,2.86,0.93,0.57,1.5,17.9,20.0,2,2,5,7,0,0,0,1,0,1,1,0,0,0.0,4,79,40,20.0,9,23,16,10,23,18,6,253,126,127,49.8,4,8,10,20,0,315,259,26,38,17598,3486,659,13453,SJS,Pacific,Western
2025-2026,20251107,1,TBL,14454,Erik Cernak,ROSTER,28.0,"6'3""",233.0,Slovakia,Kosice,False,D,14,0,2,2,0.64,0.14,0.0,0.14,63.7,30.0,0,0,0,0,0,0,0,0,0,0,0,0,0,0.0,0,26,9,0.0,35,9,8,29,17,10,2,0,0,0,0.0,6,12,1,2,0,373,185,107,81,16159,2386,1016,12690,TBL,Atlantic,Eastern
2025-2026,20251107,13,OTT,5613,Thomas Chabot,ROSTER,28.0,"6'2""",196.0,Canada,"Ste-Marie-de-Beauce, QC",False,D,14,2,6,8,1.29,0.43,0.14,0.57,42.6,22.5,0,1,3,4,0,1,1,0,0,0,0,0,0,0.0,2,60,18,11.1,28,24,18,9,18,10,6,0,0,0,0.0,4,10,1,2,0,401,224,86,93,19243,2971,1530,14742,OTT,Atlantic,Eastern
2025-2026,20251107,1,TBL,28436,Mitchell Chaffee,ASSIGNED_TO_MINORS,27.0,"6'0""",207.0,USA,"Rockford, MI",True,RW,7,0,0,0,1.14,0.0,0.0,0.0,13.8,10.0,0,0,0,0,0,0,0,0,0,0,0,0,0,0.0,0,10,8,0.0,2,1,1,19,6,5,0,3,1,2,33.3,2,4,2,4,0,95,55,20,20,3986,557,296,3133,TBL,Atlantic,Eastern
2025-2026,20251107,3,CAR,15383,Jalen Chatfield,ROSTER,29.0,"6'1""",188.0,USA,"Ypsilanti, MI",False,D,13,0,3,3,1.54,0.23,0.0,0.23,24.5,20.0,0,0,0,0,0,0,0,0,0,0,0,0,0,0.0,3,53,20,0.0,14,22,11,10,28,12,1,0,0,0,0.0,4,8,2,12,0,349,199,62,88,15464,2054,850,12560,CAR,Metropolitan,Eastern
2025-2026,20251107,16,DET,5285,Ben Chiarot,ROSTER,34.0,"6'3""",234.0,Canada,"Hamilton, ON",False,D,14,1,2,3,0.93,0.14,0.07,0.21,50.2,10.0,0,0,0,0,0,0,0,0,0,0,0,0,0,0.0,0,40,13,7.7,24,17,10,31,22,19,4,0,0,0,0.0,2,4,1,2,0,362,197,64,102,17387,3958,936,12493,DET,Atlantic,Eastern
2025-2026,20251107,2,WPJ,37987,Nikita Chibrikov,ROSTER,22.0,"5'10""",170.0,Russia,Moskva,True,RW,5,0,0,0,0.4,0.0,0.0,0.0,8.1,20.0,0,0,0,0,0,0,0,0,0,0,0,0,0,0.0,-1,10,2,0.0,3,5,3,7,5,6,2,0,0,0,0.0,4,8,2,4,0,72,57,14,1,2909,999,116,1794,WPG,,
2025-2026,20251107,19,CBJ,30088,Yegor Chinakhov,ROSTER,24.0,"6'0""",178.0,Russia,Omsk,True,RW,8,2,2,4,1.88,0.25,0.25,0.5,6.2,0.0,0,0,0,0,0,0,0,0,0,0,0,0,0,0.0,2,25,15,13.3,2,7,3,6,8,3,2,0,0,0,0.0,0,0,2,4,0,111,91,17,3,4892,1033,64,3715,CBJ,Metropolitan,Eastern
2025-2026,20251107,5,WSH,28482,Declan Chisholm,ROSTER,25.0,"6'1""",185.0,Canada,"Bowmanville, ON",True,D,6,0,1,1,0.5,0.17,0.0,0.17,5.8,5.0,0,0,0,0,0,0,0,0,0,0,0,0,0,0.0,2,10,3,0.0,3,4,3,3,9,6,3,0,0,0,0.0,1,2,3,9,0,103,62,22,15,5101,807,508,3581,WSH,Metropolitan,Eastern
2025-2026,20251107,7,NJD,15156,Dennis Cholowski,ROSTER,27.0,"6'2""",197.0,Canada,"Langley, BC",False,D,3,0,1,1,0.33,0.33,0.0,0.33,8.0,0.0,0,0,0,0,0,0,0,0,0,0,0,0,0,0.0,0,4,1,0.0,6,2,1,0,3,2,1,0,0,0,0.0,0,0,0,0,0,53,30,13,10,2753,380,100,2273,NJD,Metropolitan,Eastern
2025-2026,20251107,19,CBJ,28414,Jake Christiansen,ROSTER,26.0,"6'1""",195.0,Canada,"West Vancouver, BC",True,D,9,0,0,0,0.67,0.0,0.0,0.0,9.0,0.0,0,0,0,0,0,0,0,0,0,0,0,0,0,0.0,-3,22,6,0.0,5,9,7,4,15,4,0,0,0,0,0.0,0,0,0,0,0,118,81,18,19,5748,552,175,5021,CBJ,Metropolitan,Eastern
2025-2026,20251107,5,WSH,9642,Jakob Chychrun,ROSTER,27.0,"6'2""",210.0,USA,"Boca Raton, FL",False,D,14,3,7,10,3.07,0.5,0.21,0.71,26.2,15.0,1,1,1,2,0,0,0,1,0,1,0,0,0,0.0,9,103,43,7.0,13,31,29,15,20,22,6,0,0,0,0.0,3,6,5,10,0,314,161,91,62,19924,3537,2556,13638,WSH,Metropolitan,Eastern
2025-2026,20251107,21,VAN,13636,Filip Chytil,INJURY_LIST,26.0,"6'2""",206.0,Czech Republic,Kromeriz,False,C,6,3,0,3,2.5,0.0,0.5,0.5,7.1,15.0,1,0,0,0,0,0,0,1,0,0,0,0,0,0.0,0,22,15,20.0,4,2,5,3,10,3,2,76,36,40,47.4,3,6,0,0,0,114,56,43,18,5629,1207,724,3698,VAN,Pacific,Western
2025-2026,20251107,1,TBL,14125,Anthony Cirelli,ROSTER,28.0,"6'0""",193.0,Canada,"Etobicoke, ON",False,C,14,7,4,11,1.5,0.29,0.5,0.79,19.4,15.0,2,2,0,2,0,0,0,2,0,1,0,0,0,0.0,6,40,21,33.3,11,6,13,8,13,7,5,260,125,135,48.1,3,6,1,2,0,341,145,118,85,15681,2582,2123,10896,TBL,Atlantic,Eastern
2025-2026,20251107,8,NYI,5083,Casey Cizikas,ROSTER,34.0,"5'11""",195.0,Canada,"Toronto, ON",False,C,13,1,2,3,0.69,0.15,0.08,0.23,32.0,15.0,0,0,0,0,0,0,0,0,0,0,0,0,0,0.0,-4,14,9,11.1,9,3,2,34,12,6,1,105,41,64,39.0,3,6,0,0,0,196,115,41,41,8083,1846,486,5751,NYI,Metropolitan,Eastern
2025-2026,20251107,28,LAK,31218,Brandt Clarke,ROSTER,22.0,"6'2""",185.0,Canada,"Nepean, ON",True,D,15,2,5,7,2.0,0.33,0.13,0.47,36.1,15.0,0,0,0,0,0,0,0,1,0,0,0,0,0,0.0,4,53,30,6.7,24,16,7,7,18,20,4,0,0,0,0.0,3,6,5,10,0,313,247,41,27,15337,1613,267,13457,LAK,Pacific,Western
2025-2026,20251107,10,PIT,15396,Connor Clifton,ROSTER,30.0,"5'11""",175.0,USA,"Long Branch, New Jersey",False,D,4,0,0,0,0.75,0.0,0.0,0.0,27.8,10.0,0,0,0,0,0,0,0,0,0,0,0,0,0,0.0,-3,13,3,0.0,12,7,3,20,11,1,1,0,0,0,0.0,2,4,0,0,0,84,46,21,17,4171,502,160,3512,PIT,Metropolitan,Eastern
2025-2026,20251107,29,ANA,38010,Sam Colangelo,ROSTER,23.0,"6'2""",205.0,USA,"Stoneham, MA",True,RW,7,1,0,1,0.43,0.0,0.14,0.14,6.6,10.0,0,0,0,0,0,0,0,0,0,0,0,0,0,0.0,-3,11,3,33.3,1,5,3,9,7,6,0,2,1,1,50.0,2,4,0,0,0,105,70,21,16,4285,812,132,3383,ANA,Pacific,Western
2025-2026,20251107,30,UTA,4905,Ian Cole,ROSTER,36.0,"6'1""",225.0,USA,"Ann Arbor, MI",False,D,14,1,5,6,0.71,0.36,0.07,0.43,51.9,20.0,0,0,0,0,0,0,0,0,0,0,0,0,0,0.0,7,25,10,10.0,31,8,7,18,25,15,3,0,0,0,0.0,4,8,2,4,0,316,182,49,86,15429,3846,613,10970,UTA,Central,Western
2025-2026,20251107,23,CGY,11702,Blake Coleman,ROSTER,33.0,"5'11""",207.0,USA,"Plano, TX",False,LW,15,6,1,7,2.67,0.07,0.4,0.47,30.2,15.0,2,0,0,0,1,0,1,1,0,0,0,0,0,0.0,0,67,40,15.0,9,14,13,31,13,18,3,16,6,10,37.5,3,6,5,10,0,361,171,133,63,15819,3962,1809,10048,CGY,Pacific,Western
2025-2026,20251107,22,COL,18195,Ross Colton,ROSTER,29.0,"6'0""",190.0,USA,"Robbinsville, New Jersey",False,C,14,2,4,6,1.86,0.29,0.14,0.43,28.6,14.8,0,0,0,0,0,0,0,1,0,0,0,0,0,0.0,-1,58,26,7.7,6,16,16,35,9,11,3,17,9,8,52.9,1,5,5,13,1,250,140,74,38,10335,1648,1450,7237,COL,Central,Western
2025-2026,20251107,16,DET,5564,J.T. Compher,ROSTER,30.0,"6'0""",190.0,USA,"Northbrook, IL",False,LW,14,2,3,5,0.86,0.21,0.14,0.36,12.4,5.0,0,0,0,0,0,0,0,0,0,0,0,0,0,0.0,-1,27,12,16.7,8,11,5,3,12,7,0,145,71,74,49.0,1,2,4,8,0,314,141,82,93,13991,2792,1536,9724,DET,Atlantic,Eastern
2025-2026,20251107,2,WPJ,5612,Kyle Connor,ROSTER,28.0,"6'1""",182.0,USA,"Clinton Township, MI",False,LW,13,8,9,17,3.77,0.69,0.62,1.31,6.2,10.0,2,1,3,4,1,0,1,1,0,1,0,0,0,0.0,9,81,49,16.3,2,20,12,6,14,13,5,0,0,0,0.0,2,4,3,6,0,289,136,111,50,15919,3219,2385,10315,WPG,,
2025-2026,20251107,30,UTA,56257,Logan Cooley,ROSTER,21.0,"5'11""",180.0,USA,"Pittsburgh, PA",False,C,14,8,4,12,2.0,0.29,0.57,0.86,16.8,15.0,2,3,1,4,0,0,0,0,0,0,0,0,0,0.0,1,46,28,28.6,6,5,13,15,15,20,4,182,78,104,42.9,3,6,5,10,0,306,221,46,48,15641,3911,603,11129,UTA,Central,Western
2025-2026,20251107,21,VAN,167600,Braeden Cootes,ASSIGNED_TO_OTHER,18.0,"6'0""",183.0,Canada,"Sherwood Park, AB",True,C,3,0,0,0,0.0,0.0,0.0,0.0,3.1,0.0,0,0,0,0,0,0,0,0,0,0,0,0,0,0.0,-2,0,0,0.0,1,0,0,3,1,4,0,13,5,8,38.5,0,0,0,0,0,44,38,5,1,1940,192,0,1748,VAN,Pacific,Western
2025-2026,20251107,16,DET,5555,Andrew Copp,ROSTER,31.0,"6'1""",206.0,USA,"Ann Arbor, MI",False,C,14,1,4,5,0.93,0.29,0.07,0.36,25.1,20.0,0,0,2,2,0,0,0,0,0,0,0,0,0,0.0,-5,31,13,7.7,14,7,11,11,15,15,2,94,44,50,46.8,4,8,1,2,0,302,128,78,97,12621,2304,604,9713,DET,Atlantic,Eastern
2025-2026,20251107,23,CGY,37972,Matt Coronato,ROSTER,22.0,"5'10""",183.0,USA,"New York, NY",True,RW,14,3,3,6,1.86,0.21,0.21,0.43,7.8,15.0,1,2,0,2,0,0,0,0,0,0,1,1,0,0.0,-11,66,26,11.5,5,27,13,2,12,7,5,18,3,15,16.7,3,6,1,2,0,280,194,59,30,13862,3944,681,9237,CGY,Pacific,Western
2025-2026,20251107,7,NJD,18224,Paul Cotter,ROSTER,25.0,"6'0""",185.0,USA,"Carton, MI",False,LW,14,1,1,2,1.07,0.07,0.07,0.14,26.5,10.0,0,0,0,0,0,0,0,0,0,0,0,0,0,0.0,-5,28,15,6.7,4,7,6,36,21,7,2,8,5,3,62.5,2,4,3,6,0,221,139,39,44,10018,1685,759,7574,NJD,Metropolitan,Eastern
2025-2026,20251107,13,OTT,5536,Nick Cousins,ROSTER,32.0,"5'11""",183.0,Canada,"Belleville, ON",False,C,14,2,1,3,0.71,0.07,0.14,0.21,30.2,54.8,0,0,0,0,0,0,0,0,0,0,0,0,0,0.0,2,24,10,20.0,9,5,9,31,27,11,2,8,3,5,37.5,7,25,7,17,1,241,122,80,41,9468,1672,1604,6192,OTT,Atlantic,Eastern
2025-2026,20251107,6,PHI,4995,Sean Couturier,ROSTER,32.0,"6'3""",211.0,USA,"Phoenix, AZ",False,C,13,2,8,10,1.54,0.62,0.15,0.77,19.8,20.0,0,0,0,0,0,0,0,1,0,0,0,0,0,0.0,2,43,20,10.0,10,14,9,11,11,13,6,216,116,100,53.7,4,8,1,2,0,310,137,74,101,14487,3880,729,9878,PHI,Metropolitan,Eastern
2025-2026,20251107,12,TOR,112362,Easton Cowan,ROSTER,20.0,"5'10""",170.0,Canada,"Mount Brydges, ON",True,RW,10,1,3,4,1.5,0.3,0.1,0.4,13.0,0.0,0,0,0,0,0,0,0,0,0,0,0,0,0,0.0,1,30,15,6.7,4,9,6,13,14,11,0,2,1,1,50.0,0,0,5,10,0,160,136,25,1,7526,1985,121,5381,TOR,Atlantic,Eastern
2025-2026,20251107,19,CBJ,5124,Charlie Coyle,ROSTER,33.0,"6'3""",220.0,USA,"East Weymouth, MA",False,C,13,2,7,9,1.54,0.54,0.15,0.69,22.0,0.0,0,0,1,1,0,0,0,0,0,0,0,0,0,0.0,0,34,20,10.0,9,7,7,17,11,8,5,191,100,91,52.4,0,0,1,2,0,269,124,64,80,13088,3728,364,8861,CBJ,Metropolitan,Eastern
2025-2026,20251107,13,OTT,19086,Dylan Cozens,ROSTER,24.0,"6'3""",183.0,Canada,"Whitehorse, Yukon",True,C,14,6,4,10,2.21,0.29,0.43,0.71,38.3,10.0,2,3,3,6,0,0,0,0,0,0,0,0,0,0.0,-11,55,31,19.4,8,15,9,47,17,10,0,142,77,65,54.2,2,4,3,6,0,328,175,60,99,14577,2340,707,11586,OTT,Atlantic,Eastern
2025-2026,20251107,20,CHI,34950,Louis Crevier,ROSTER,24.0,"6'8""",214.0,Canada,"Quebec City, QC",True,D,13,2,3,5,1.0,0.23,0.15,0.38,22.6,44.8,0,0,0,0,0,0,0,0,0,0,0,0,0,0.0,5,28,13,15.4,9,9,6,18,18,6,2,0,0,0,0.0,5,21,1,5,1,234,114,32,84,10242,560,159,9322,CHI,Central,Western
2025-2026,20251107,10,PIT,3490,Sidney Crosby,ROSTER,38.0,"5'11""",200.0,Canada,"Cole Harbour, NS",False,C,15,11,8,19,2.33,0.53,0.73,1.27,17.6,45.0,3,6,1,7,0,0,0,1,0,0,1,0,1,100.0,0,62,35,31.4,7,14,13,14,11,16,6,300,158,142,52.7,7,22,4,8,0,334,180,95,64,17382,6150,1983,9013,PIT,Metropolitan,Eastern
2025-2026,20251107,30,UTA,5606,Lawson Crouse,ROSTER,28.0,"6'4""",220.0,Canada,"Mt. Brydges, ON",False,LW,14,2,2,4,1.86,0.14,0.14,0.29,33.8,5.0,0,0,0,0,0,0,0,0,0,0,0,0,0,0.0,0,53,26,7.7,9,11,16,37,7,11,3,9,3,6,33.3,1,2,3,6,0,293,126,53,116,11999,1281,658,10060,UTA,Central,Western
2025-2026,20251107,1,TBL,56653,Maxwell Crozier,ROSTER,25.0,"5'11""",161.0,Canada,"Calgary, AB",False,D,5,0,3,3,1.0,0.6,0.0,0.6,7.4,5.0,0,0,0,0,0,0,0,0,0,0,0,0,0,0.0,1,15,5,0.0,2,7,3,8,14,1,1,0,0,0,0.0,1,2,0,0,0,84,54,7,23,3760,300,36,3424,TBL,Atlantic,Eastern
2025-2026,20251107,9,NYR,30065,William Cuylle,ROSTER,23.0,"6'3""",204.0,Canada,"Toronto, ON",True,LW,14,2,4,6,2.36,0.29,0.14,0.43,44.1,30.0,0,1,0,1,0,0,0,1,0,1,0,0,0,0.0,-2,66,33,6.1,11,17,17,50,14,4,3,13,9,4,69.2,6,12,3,6,0,340,230,64,32,14579,2426,563,10858,NYR,Metropolitan,Eastern
2025-2026,20251107,20,CHI,34951,Colton Dach,ROSTER,22.0,"6'4""",196.0,Canada,"St. Albert, AB",True,C,14,1,2,3,1.29,0.14,0.07,0.21,46.7,20.0,0,0,1,1,0,0,0,0,0,0,0,0,0,0.0,-5,34,18,5.6,9,5,11,59,15,8,5,20,8,12,40.0,4,8,6,12,0,264,173,39,52,11054,1555,313,9170,CHI,Central,Western
2025-2026,20251107,14,MTL,17199,Kirby Dach,ROSTER,24.0,"6'4""",212.0,Canada,"Fort Saskatchewan, AB",False,C,11,4,2,6,1.55,0.18,0.36,0.55,20.4,15.0,1,0,1,1,0,0,0,0,0,0,0,0,0,0.0,1,30,17,23.5,10,5,8,12,14,5,3,73,33,40,45.2,3,6,3,6,0,189,111,46,36,8925,1380,690,6855,MTL,Atlantic,Eastern
2025-2026,20251107,7,NJD,4787,Evgenii Dadonov,ROSTER,36.0,"5'11""",189.0,Russia,Chelyabinsk,False,LW,1,0,0,0,2.0,0.0,0.0,0.0,2.7,0.0,0,0,0,0,0,0,0,0,0,0,0,0,0,0.0,0,3,2,0.0,2,1,0,0,3,1,0,0,0,0,0.0,0,0,0,0,0,14,4,7,3,572,104,7,461,NJD,Metropolitan,Eastern
2025-2026,20251107,15,BUF,14524,Rasmus Dahlin,ROSTER,25.0,"6'3""",193.0,Sweden,Trollhättan,False,D,14,1,8,9,2.71,0.57,0.07,0.64,29.7,25.0,0,1,4,5,0,0,0,0,0,0,1,0,0,0.0,-11,98,38,2.6,17,40,20,12,22,31,6,0,0,0,0.0,5,10,6,12,0,402,226,48,129,20544,2620,808,17116,BUF,Atlantic,Eastern
2025-2026,20251107,28,LAK,5487,Phillip Danault,ROSTER,32.0,"6'1""",201.0,Canada,"Victoriaville, QC",False,C,15,0,3,3,1.4,0.2,0.0,0.2,12.2,15.0,0,0,0,0,0,1,1,0,0,0,0,0,0,0.0,-1,42,21,0.0,3,14,7,14,11,13,2,223,123,100,55.2,3,6,3,6,0,305,137,94,74,15138,2063,1537,11538,LAK,Pacific,Western
2025-2026,20251107,15,BUF,30085,Justin Danforth,ROSTER,32.0,"5'9""",185.0,Canada,"Oshawa, ON",True,RW,4,0,0,0,0.5,0.0,0.0,0.0,7.1,5.0,0,0,0,0,0,0,0,0,0,0,0,0,0,0.0,-2,6,2,0.0,4,3,1,3,2,3,0,31,17,14,54.8,1,2,0,0,0,71,31,9,31,2809,362,109,2338,BUF,Atlantic,Eastern
2025-2026,20251107,1,TBL,18311,Charle-Edouard D’Astous,ROSTER,27.0,"6'2""",204.0,Canada,"Rimouski, QC",False,D,7,1,2,3,1.0,0.29,0.14,0.43,10.0,24.8,0,0,1,1,0,0,0,1,0,0,0,0,0,0.0,1,14,7,14.3,4,4,3,8,21,5,3,0,0,0,0.0,3,9,2,7,1,135,72,30,34,6063,884,186,4993,TBL,Atlantic,Eastern
2025-2026,20251107,8,NYI,5424,Tony DeAngelo,ROSTER,30.0,"5'11""",180.0,USA,"Sewell, New Jersey",False,D,13,1,4,5,2.15,0.31,0.08,0.38,24.5,10.0,0,0,0,0,0,0,0,0,0,0,0,0,0,0.0,-4,54,28,3.6,14,16,10,10,11,15,1,0,0,0,0.0,2,4,1,2,0,279,168,68,44,14107,2305,1802,10000,NYI,Metropolitan,Eastern
2025-2026,20251107,16,DET,13688,Alex DeBrincat,ROSTER,27.0,"5'7""",165.0,USA,"Farmington Hills, MI",False,RW,14,4,11,15,3.93,0.79,0.29,1.07,5.9,0.0,1,3,3,6,0,0,0,0,0,0,2,1,0,0.0,-1,104,55,7.3,4,22,27,1,11,13,2,3,0,3,0.0,0,0,2,4,0,283,139,48,100,14641,3148,541,10952,DET,Atlantic,Eastern
2025-2026,20251107,21,VAN,5609,Jake DeBrusk,ROSTER,29.0,"6'0""",188.0,Canada,"Edmonton, AB",False,LW,15,3,2,5,3.07,0.13,0.2,0.33,18.9,5.0,1,3,0,3,0,0,0,0,0,0,2,1,1,50.0,-2,71,46,6.5,8,8,17,14,13,14,2,9,3,6,33.3,1,2,2,4,0,325,136,75,118,16198,4039,935,11292,VAN,Pacific,Western
2025-2026,20251107,26,SJS,14536,Ty Dellandrea,ROSTER,25.0,"6'0""",184.0,Canada,"Toronto, ON",True,C,14,1,5,6,0.79,0.36,0.07,0.43,31.6,10.0,0,0,0,0,1,1,2,0,0,0,0,0,0,0.0,-3,21,11,9.1,10,8,2,31,16,7,3,152,80,72,52.6,2,4,5,10,0,254,137,62,56,11356,1296,1123,8937,SJS,Pacific,Western
2025-2026,20251107,20,CHI,39063,Ethan Del Mastro,ASSIGNED_TO_MINORS,22.0,"6'4""",210.0,Canada,"Burlington, ON",True,D,1,0,0,0,1.0,0.0,0.0,0.0,6.2,0.0,0,0,0,0,0,0,0,0,0,0,0,0,0,0.0,-1,1,1,0.0,2,0,0,6,5,1,0,0,0,0,0.0,0,0,0,0,0,25,16,1,8,1055,123,0,932,CHI,Central,Western
2025-2026,20251107,2,WPJ,5822,Dylan DeMelo,ROSTER,32.0,"6'0""",191.0,Canada,"London, ON",False,D,13,1,6,7,0.69,0.46,0.08,0.54,43.8,25.0,0,0,0,0,0,1,1,0,0,0,0,0,0,0.0,6,24,9,11.1,28,10,5,11,18,17,1,0,0,0,0.0,5,10,4,8,0,359,192,73,95,17041,3639,629,12773,WPG,,
2025-2026,20251107,14,MTL,142498,Ivan Demidov,ROSTER,,,,,,False,RW,14,4,8,12,1.21,0.57,0.29,0.86,11.7,25.0,1,1,4,5,0,0,0,1,0,0,1,1,0,0.0,3,42,17,23.5,7,11,14,4,15,18,5,0,0,0,0.0,5,10,2,4,0,235,207,27,5,11610,2371,188,9051,MTL,Atlantic,Eastern
2025-2026,20251107,26,SJS,18276,Vincent Desharnais,ROSTER,29.0,"6'6""",209.0,Canada,"Laval, QC",False,D,10,0,1,1,0.7,0.1,0.0,0.1,32.8,30.0,0,0,0,0,0,0,0,0,0,0,0,0,0,0.0,-1,17,7,0.0,18,7,3,15,10,7,0,0,0,0,0.0,4,16,2,4,0,198,102,20,76,9561,1006,149,8406,SJS,Pacific,Western
2025-2026,20251107,6,PHI,5341,Nicolas Deslauriers,ROSTER,34.0,"6'3""",219.0,Canada,"Lasalle, QC",False,LW,6,0,0,0,0.33,0.0,0.0,0.0,11.3,29.5,0,0,0,0,0,0,0,0,0,0,0,0,0,0.0,-2,5,2,0.0,1,0,3,17,1,2,1,0,0,0,0.0,2,10,2,10,2,56,38,8,10,2758,393,159,2206,PHI,Metropolitan,Eastern
2025-2026,20251107,10,PIT,18082,Connor Dewar,ROSTER,26.0,"5'10""",170.0,Canada,"The Pas, MB",False,C,15,4,2,6,1.93,0.13,0.27,0.4,29.8,0.0,1,0,0,0,0,0,0,1,0,0,0,0,0,0.0,0,49,29,13.8,6,12,8,37,23,5,3,2,1,1,50.0,0,0,6,15,0,281,145,59,73,11896,1401,486,9711,PIT,Metropolitan,Eastern
2025-2026,20251107,20,CHI,9073,Jason Dickinson,ROSTER,30.0,"6'2""",200.0,Canada,"Georgetown, ON",False,C,8,1,2,3,1.25,0.25,0.12,0.38,11.5,5.0,0,0,0,0,0,0,0,0,0,0,0,0,0,0.0,-1,22,10,10.0,6,5,7,6,8,10,3,126,68,58,54.0,1,2,0,0,0,171,84,42,46,6907,985,379,5543,CHI,Central,Western
2025-2026,20251107,26,SJS,142718,Sam Dickinson,ROSTER,,,,,,False,D,11,1,0,1,1.18,0.0,0.09,0.09,13.5,15.0,0,0,0,0,0,0,0,0,0,0,0,0,0,0.0,-1,24,13,7.7,7,9,2,7,14,11,4,0,0,0,0.0,3,6,1,2,0,196,168,12,18,9565,1062,19,8487,SJS,Pacific,Western
2025-2026,20251107,7,NJD,5103,Brenden Dillon,ROSTER,34.0,"6'4""",225.0,Canada,"New Westminster, BC",False,D,14,2,4,6,0.86,0.29,0.14,0.43,53.9,10.0,0,0,0,0,0,0,0,2,0,0,0,0,0,0.0,2,29,12,16.7,25,10,7,35,14,5,4,0,0,0,0.0,2,4,1,2,0,316,173,40,105,15956,3775,793,11388,NJD,Metropolitan,Eastern
2025-2026,20251107,15,BUF,37981,Josh Doan,ROSTER,23.0,"6'1""",183.0,USA,"Scottsdale, AZ",True,RW,14,4,5,9,2.93,0.36,0.29,0.64,11.6,10.0,1,2,1,3,0,0,0,1,0,0,0,0,0,0.0,-1,63,41,9.8,3,9,12,13,21,13,6,3,2,1,66.7,2,4,5,10,0,289,211,55,28,13004,3008,231,9765,BUF,Atlantic,Eastern
2025-2026,20251107,14,MTL,14535,Noah Dobson,ROSTER,25.0,"6'4""",184.0,Canada,"Summerside, PE",False,D,14,1,9,10,1.79,0.64,0.07,0.71,41.6,20.0,0,0,1,1,0,0,0,0,0,0,0,0,0,0.0,5,51,25,4.0,29,14,12,5,26,19,5,0,0,0,0.0,4,8,1,2,0,360,187,79,95,18882,2311,810,15761,MTL,Atlantic,Eastern
2025-2026,20251107,12,TOR,5412,Max Domi,ROSTER,30.0,"5'10""",192.0,Canada,"Winnipeg, MB",False,C,14,3,1,4,1.93,0.07,0.21,0.29,16.1,20.0,1,0,0,0,0,0,0,1,0,0,0,0,0,0.0,-9,45,27,11.1,9,13,5,7,7,18,4,100,47,53,47.0,4,8,4,8,0,239,120,89,33,10746,2249,1319,7178,TOR,Atlantic,Eastern
2025-2026,20251107,20,CHI,14137,Ryan Donato,ROSTER,29.0,"6'0""",192.0,USA,"Boston, MA",False,C,14,6,4,10,2.07,0.29,0.43,0.71,14.0,20.0,2,1,0,1,0,0,0,2,0,1,1,0,0,0.0,1,61,29,20.7,3,11,21,17,18,10,4,36,19,17,52.8,4,8,1,2,0,285,148,78,61,12995,2595,803,9356,CHI,Central,Western
2025-2026,20251107,142,VGK,29771,Pavel Dorofeyev,ROSTER,25.0,"6'0""",176.0,Russia,Nizhny Tagil,True,RW,13,9,1,10,2.85,0.08,0.69,0.77,9.6,15.0,3,5,1,6,0,0,0,1,1,0,1,0,1,100.0,0,80,37,24.3,5,20,23,5,8,12,2,0,0,0,0.0,3,6,2,4,0,261,175,90,6,13693,4499,1640,7513,VGK,Pacific,Western
2025-2026,20251107,28,LAK,4510,Drew Doughty,ROSTER,35.0,"6'1""",202.0,Canada,"London, ON",False,D,15,2,3,5,1.53,0.2,0.13,0.33,35.2,10.0,0,0,0,0,0,1,1,0,0,0,0,0,0,0.0,2,62,23,8.7,22,26,13,10,18,23,7,0,0,0,0.0,2,4,1,2,0,400,199,79,124,21043,5099,1127,14815,LAK,Pacific,Western
2025-2026,20251107,1,TBL,38444,Curtis Douglas,ROSTER,25.0,"6'9""",248.0,Canada,"Oakville, ON",True,C,9,0,0,0,0.56,0.0,0.0,0.0,8.0,34.5,0,0,0,0,0,0,0,0,0,0,0,0,0,0.0,1,11,5,0.0,2,1,5,9,3,1,1,1,1,0,100.0,3,12,3,12,2,81,47,11,23,2760,531,10,2219,TBL,Atlantic,Eastern
2025-2026,20251107,5,WSH,9007,Nic Dowd,ROSTER,35.0,"6'1""",195.0,USA,"Huntsville, AL",False,C,14,1,2,3,1.14,0.14,0.07,0.21,24.8,15.0,0,0,0,0,0,0,0,0,0,0,0,0,0,0.0,-1,25,16,6.2,8,6,3,24,15,7,5,183,91,92,49.7,3,6,4,8,0,290,120,97,74,12497,2307,1045,9145,WSH,Metropolitan,Eastern
2025-2026,20251107,24,EDM,5417,Leon Draisaitl,ROSTER,30.0,"6'2""",208.0,Germany,Köln,False,C,15,10,7,17,2.67,0.47,0.67,1.13,9.5,10.0,3,6,3,9,0,0,0,0,0,0,2,0,2,100.0,4,76,40,25.0,4,14,22,7,8,22,7,235,135,100,57.4,2,4,3,6,0,350,179,76,92,20272,5364,1454,13052,EDM,Pacific,Western
2025-2026,20251107,8,NYI,5230,Jonathan Drouin,ROSTER,30.0,"6'0""",203.0,Canada,"Ste-Agathe, QC",False,LW,12,1,6,7,1.33,0.5,0.08,0.58,9.0,28.8,0,0,1,1,0,0,0,0,0,0,1,1,0,0.0,5,36,16,6.2,5,4,16,4,5,6,1,17,9,8,52.9,3,17,5,10,0,241,116,72,54,12718,3291,738,8689,NYI,Metropolitan,Eastern
2025-2026,20251107,22,COL,14565,Jack Drury,ROSTER,25.0,"5'11""",174.0,USA,"Winnetka, IL",True,C,14,1,4,5,1.36,0.29,0.07,0.36,21.6,20.0,0,0,0,0,0,0,0,0,0,0,0,0,0,0.0,-1,40,19,5.3,14,7,14,5,22,6,3,194,105,89,54.1,4,8,2,4,0,291,174,78,40,12314,1889,1181,9244,COL,Central,Western
2025-2026,20251107,6,PHI,27448,Jamie Drysdale,ROSTER,23.0,"5'11""",187.0,Canada,"Toronto, ON",True,D,14,1,5,6,0.93,0.36,0.07,0.43,28.4,30.0,0,0,0,0,0,0,0,1,0,0,0,0,0,0.0,-2,50,13,7.7,20,22,15,3,18,9,1,0,0,0,0.0,4,16,3,6,0,370,287,51,35,18412,3203,305,14860,PHI,Metropolitan,Eastern
2025-2026,20251107,5,WSH,13710,Pierre-Luc Dubois,ROSTER,27.0,"6'3""",218.0,Canada,"Ste-Agathe-des-Monts, QC",False,LW,6,0,0,0,1.5,0.0,0.0,0.0,7.5,5.0,0,0,0,0,0,0,0,0,0,0,0,0,0,0.0,0,19,9,0.0,3,4,6,6,7,2,1,78,33,45,42.3,1,2,2,4,0,113,61,32,20,5592,1216,935,3441,WSH,Metropolitan,Eastern
2025-2026,20251107,27,DAL,4663,Matt Duchene,ROSTER,34.0,"5'11""",195.0,Canada,"Haliburton, ON",False,C,4,1,1,2,0.75,0.25,0.25,0.5,6.5,0.0,0,1,0,1,0,0,0,1,0,0,1,0,0,0.0,0,5,3,33.3,4,2,0,2,2,1,1,23,12,11,52.2,0,0,2,4,0,72,44,15,14,3467,906,86,2475,DAL,Central,Western
2025-2026,20251107,8,NYI,5441,Anthony Duclair,ROSTER,30.0,"5'11""",198.0,Canada,"Laval, QC",False,LW,13,3,1,4,1.54,0.08,0.23,0.31,13.3,10.0,1,1,0,1,0,0,0,0,0,0,1,0,0,0.0,2,32,20,15.0,10,8,4,0,5,8,1,0,0,0,0.0,2,4,1,2,0,229,106,89,37,11088,1760,1360,7919,NYI,Metropolitan,Eastern
2025-2026,20251107,5,WSH,18079,Brandon Duhaime,ROSTER,28.0,"6'0""",185.0,USA,"Parkland, FL",False,RW,14,0,1,1,0.5,0.07,0.0,0.07,28.6,49.5,0,0,0,0,0,0,0,0,0,0,0,0,0,0.0,-3,22,7,0.0,6,8,7,35,21,4,1,13,2,11,15.4,6,18,7,20,2,272,145,65,61,10641,1240,587,8777,WSH,Metropolitan,Eastern
2025-2026,20251107,10,PIT,5125,Matt Dumba,ROSTER,31.0,"6'0""",180.0,Canada,"Regina, SK",False,D,5,0,1,1,0.6,0.2,0.0,0.2,10.6,29.8,0,0,0,0,0,0,0,0,0,0,0,0,0,0.0,-1,11,3,0.0,4,5,3,9,5,6,4,0,0,0,0.0,4,11,1,5,1,96,55,19,22,4508,519,292,3697,PIT,Metropolitan,Eastern
2025-2026,20251107,28,LAK,5310,Brian Dumoulin,ROSTER,34.0,"6'4""",207.0,USA,"Biddeford, MN",False,D,15,0,1,1,1.13,0.07,0.0,0.07,35.8,5.0,0,0,0,0,0,0,0,0,0,0,0,0,0,0.0,-5,37,17,0.0,22,12,8,11,31,19,6,0,0,0,0.0,1,2,2,4,0,353,188,68,97,17708,3062,982,13664,LAK,Pacific,Western
2025-2026,20251107,143,SEA,5650,Vince Dunn,ROSTER,29.0,"6'0""",203.0,Canada,"Lindsay, ON",False,D,13,2,5,7,2.46,0.38,0.15,0.54,15.1,15.0,0,0,3,3,0,0,0,0,0,0,0,0,0,0.0,-6,68,32,6.2,10,25,11,3,18,15,4,0,0,0,0.0,3,6,1,2,0,346,170,110,59,18157,2897,1999,12860,SEA,Pacific,Western
2025-2026,20251107,15,BUF,29977,Josh Dunne,ROSTER,26.0,"6'4""",210.0,USA,"OFallon, MO",True,C,8,1,0,1,0.88,0.0,0.12,0.12,9.9,24.8,0,0,0,0,0,0,0,0,0,0,0,0,0,0.0,0,13,7,14.3,3,0,6,10,3,3,0,8,1,7,12.5,3,9,6,15,1,108,85,12,12,4496,345,84,4067,BUF,Atlantic,Eastern
2025-2026,20251107,30,UTA,14575,Sean Durzi,ROSTER,27.0,"6'0""",188.0,Canada,"Mississauga, ON",True,D,2,0,1,1,1.0,0.5,0.0,0.5,7.1,10.0,0,0,0,0,0,0,0,0,0,0,0,0,0,0.0,0,3,2,0.0,4,1,0,3,1,4,1,0,0,0,0.0,2,4,0,0,0,52,31,7,14,2271,34,72,2165,UTA,Central,Western
2025-2026,20251107,6,PHI,10069,Christian Dvorak,ROSTER,29.0,"6'1""",200.0,USA,"Palos, IL",False,C,14,3,4,7,1.79,0.29,0.21,0.5,16.0,15.0,1,0,0,0,0,1,1,0,0,0,0,0,0,0.0,2,41,25,12.0,8,6,10,9,8,7,2,162,86,76,53.1,3,6,3,6,0,312,140,66,109,14291,1885,1086,11320,PHI,Metropolitan,Eastern
2025-2026,20251107,17,STL,142730,Dalibor Dvorský,ROSTER,20.0,"6'1""",201.0,Slovakia,Zvolen,True,RW,5,1,0,1,1.2,0.0,0.2,0.2,9.5,0.0,0,1,0,1,0,0,0,0,0,0,0,0,0,0.0,-1,11,6,16.7,4,1,4,7,2,1,1,48,25,23,52.1,0,0,0,0,0,94,77,17,1,4535,575,113,3847,STL,Central,Western
2025-2026,20251107,143,SEA,4505,Jordan Eberle,ROSTER,35.0,"5'11""",187.0,Canada,"Regina, SK",False,RW,13,5,5,10,2.38,0.38,0.38,0.77,15.5,15.0,1,0,3,3,0,0,0,1,0,0,1,0,0,0.0,0,61,31,16.1,5,12,18,15,12,13,2,14,7,7,50.0,3,6,1,2,0,304,157,71,72,15148,5474,1213,8102,SEA,Pacific,Western
2025-2026,20251107,28,LAK,5823,Joel Edmundson,ROSTER,32.0,"6'5""",224.0,Canada,"Brandon, MB",False,D,15,0,6,6,1.53,0.4,0.0,0.4,31.2,25.0,0,0,0,0,0,0,0,0,0,0,0,0,0,0.0,4,53,23,0.0,15,18,12,19,15,14,3,0,0,0,0.0,5,10,0,0,0,331,181,36,114,15434,2076,609,12749,LAK,Pacific,Western
2025-2026,20251107,9,NYR,39222,Adam Edstrom,ROSTER,25.0,"6'6""",210.0,Sweden,,True,C,14,0,2,2,0.71,0.14,0.0,0.14,27.7,5.0,0,0,0,0,0,0,0,0,0,0,0,0,0,0.0,2,18,10,0.0,8,3,5,29,3,7,3,0,0,0,0.0,1,2,0,0,0,205,134,34,27,8386,1201,472,6341,NYR,Metropolitan,Eastern
2025-2026,20251107,16,DET,37971,Simon Edvinsson,ROSTER,22.0,"6'4""",198.0,Sweden,Kungsbacka,True,D,14,3,2,5,1.07,0.14,0.21,0.36,53.6,40.0,1,0,0,0,0,0,0,1,0,0,0,0,0,0.0,-4,39,15,20.0,34,12,12,14,25,17,3,0,0,0,0.0,8,16,3,6,0,366,234,35,100,17927,1729,476,15722,DET,Atlantic,Eastern
2025-2026,20251107,3,CAR,5419,Nikolaj Ehlers,ROSTER,29.0,"6'0""",172.0,Denmark,Aalborg,False,LW,13,2,4,6,2.92,0.31,0.15,0.46,7.5,15.0,0,1,0,1,0,0,0,2,0,0,0,0,0,0.0,2,76,38,5.3,3,19,19,6,6,12,2,12,5,7,41.7,3,6,3,6,0,252,127,36,91,13053,1980,543,10530,CAR,Metropolitan,Eastern
2025-2026,20251107,142,VGK,5597,Jack Eichel,ROSTER,29.0,"6'2""",203.0,USA,"Chelmsford, MA",False,C,13,8,13,21,4.38,1.0,0.62,1.62,13.0,0.0,2,0,9,9,0,0,0,2,0,0,1,0,0,0.0,7,90,57,14.0,8,16,17,4,5,26,8,224,114,110,50.9,0,0,5,10,0,301,170,103,36,16236,3324,3059,9807,VGK,Pacific,Western
2025-2026,20251107,4,FLO,5414,Aaron Ekblad,ROSTER,29.0,"6'4""",215.0,Canada,"Windsor, ON",False,D,14,1,3,4,1.64,0.21,0.07,0.29,33.0,15.0,0,1,0,1,0,0,0,1,0,0,0,0,0,0.0,-1,55,23,4.3,19,24,8,13,10,7,4,0,0,0,0.0,3,6,0,0,0,393,163,79,152,19649,4170,1323,14156,FLA,,
2025-2026,20251107,24,EDM,5022,Mattias Ekholm,ROSTER,35.0,"6'4""",215.0,Sweden,Borlange,False,D,15,1,5,6,1.8,0.33,0.07,0.4,51.2,10.0,0,0,1,1,0,0,0,0,0,0,0,0,0,0.0,-6,63,27,3.7,34,22,14,10,23,27,8,0,0,0,0.0,2,4,1,2,0,358,215,53,83,18025,4525,977,12118,EDM,Pacific,Western
2025-2026,20251107,26,SJS,32927,William Eklund,ROSTER,23.0,"5'10""",176.0,Sweden,Stockholm,True,LW,12,5,6,11,2.58,0.5,0.42,0.92,18.0,5.0,1,2,3,5,0,0,0,0,0,0,0,0,0,0.0,-5,64,31,16.1,10,16,17,8,11,14,3,4,0,4,0.0,1,2,3,6,0,267,190,36,46,14279,2731,490,11058,SJS,Pacific,Western
2025-2026,20251107,12,TOR,4866,Oliver Ekman-Larsson,ROSTER,34.0,"6'2""",200.0,Sweden,Karlskrona,False,D,14,1,8,9,1.14,0.57,0.07,0.64,29.8,35.0,0,0,2,2,0,0,0,0,0,0,0,0,0,0.0,4,43,16,6.2,14,19,8,19,15,23,2,0,0,0,0.0,7,14,1,2,0,392,206,87,100,16913,3904,1100,11909,TOR,Atlantic,Eastern
2025-2026,20251107,13,OTT,4723,Lars Eller,ROSTER,36.0,"6'2""",205.0,Denmark,Rødovre,False,C,14,2,4,6,1.07,0.29,0.14,0.43,21.7,0.0,0,0,0,0,1,0,1,0,0,0,0,0,0,0.0,0,31,15,13.3,11,12,4,12,19,7,2,151,87,64,57.6,0,0,2,4,0,275,126,76,75,11684,4205,1153,6326,OTT,Atlantic,Eastern
2025-2026,20251107,24,EDM,30040,Ty Emberson,ROSTER,25.0,"6'1""",195.0,USA,"Eau Claire, WI",True,D,14,1,2,3,0.79,0.14,0.07,0.21,38.4,0.0,0,0,0,0,0,0,0,1,0,0,0,0,0,0.0,2,24,11,9.1,20,11,2,20,37,9,4,0,0,0,0.0,0,0,2,4,0,270,148,68,51,13099,2082,1440,9421,EDM,Pacific,Western
2025-2026,20251107,25,MIN,5615,Joel Eriksson Ek,ROSTER,28.0,"6'1""",210.0,Sweden,Karlstad,False,C,15,2,7,9,3.0,0.47,0.13,0.6,33.6,20.0,0,1,4,5,0,0,0,0,0,0,0,0,0,0.0,-9,77,45,4.4,12,16,16,30,15,6,4,329,169,160,51.4,4,8,5,10,0,302,130,100,74,17577,3778,1210,12589,MIN,Central,Western
2025-2026,20251107,27,DAL,11673,Adam Erne,ROSTER,30.0,"6'1""",212.0,USA,"New Haven, CT",False,LW,11,1,1,2,0.64,0.09,0.09,0.18,29.8,5.0,0,0,0,0,0,0,0,0,0,0,0,0,0,0.0,0,20,7,14.3,6,4,9,37,5,3,1,4,2,2,50.0,1,2,1,2,0,159,95,50,14,6472,1755,748,3922,DAL,Central,Western
2025-2026,20251107,18,NSH,28523,Luke Evangelista,ROSTER,23.0,"5'11""",166.0,Canada,"Oakville, ON",True,RW,15,1,7,8,1.93,0.47,0.07,0.53,7.1,5.0,0,1,2,3,0,0,0,0,0,0,1,1,0,0.0,0,52,29,3.4,4,7,16,3,18,15,5,0,0,0,0.0,1,2,4,8,0,256,178,49,31,13412,2505,696,10213,NSH,Central,Western
2025-2026,20251107,14,MTL,17548,Jake Evans,ROSTER,29.0,"6'0""",190.0,Canada,"Toronto, ON",False,C,14,2,1,3,1.21,0.07,0.14,0.21,31.9,15.0,0,0,0,0,0,0,0,0,0,0,0,0,0,0.0,-6,38,17,11.8,16,10,11,18,16,14,3,202,116,86,57.4,1,10,3,6,0,284,128,99,59,13566,2190,1593,9783,MTL,Atlantic,Eastern
2025-2026,20251107,11,BOS,18068,Mikey Eyssimont,ROSTER,29.0,"6'0""",192.0,USA,"Littleton, CO",False,C,16,3,4,7,2.06,0.25,0.19,0.44,13.3,29.8,1,0,1,1,0,0,0,1,0,0,0,0,0,0.0,-4,54,33,9.1,6,8,13,9,13,7,2,0,0,0,0.0,4,11,5,13,1,247,127,54,69,10960,2059,543,8358,BOS,Atlantic,Eastern
2025-2026,20251107,19,CBJ,9643,Dante Fabbro,ROSTER,27.0,"6'0""",189.0,Canada,"New Westminster, BC",False,D,13,1,2,3,1.08,0.15,0.08,0.23,37.0,5.0,0,0,0,0,0,0,0,0,0,0,0,0,0,0.0,-1,36,14,7.1,26,17,5,4,28,9,4,0,0,0,0.0,1,2,1,2,0,270,144,43,81,13761,1848,936,10798,CBJ,Metropolitan,Eastern
2025-2026,20251107,25,MIN,38005,Brock Faber,ROSTER,23.0,"6'0""",190.0,USA,"Maple Grove, MN",True,D,15,2,6,8,2.4,0.4,0.13,0.53,43.5,0.0,0,0,4,4,0,0,0,0,0,0,0,0,0,0.0,-8,70,36,5.6,30,14,20,6,28,16,7,0,0,0,0.0,0,0,0,0,0,388,269,84,37,21235,3153,1593,16489,MIN,Central,Western
2025-2026,20251107,27,DAL,5116,Radek Faksa,ROSTER,31.0,"6'3""",220.0,Czech Republic,Opava,False,C,13,1,3,4,0.46,0.23,0.08,0.31,25.5,10.0,0,0,0,0,0,0,0,0,0,0,0,0,0,0.0,-2,13,6,16.7,9,4,3,23,7,5,3,107,60,47,56.1,2,4,4,8,0,226,110,37,80,9277,2115,419,6743,DAL,Central,Western
2025-2026,20251107,19,CBJ,111258,Adam Fantilli,ROSTER,21.0,"6'2""",187.0,Canada,"Nobleton, ON",True,C,13,2,4,6,2.15,0.31,0.15,0.46,18.0,15.0,0,0,0,0,0,0,0,0,0,0,1,0,1,100.0,-6,67,28,7.1,6,22,17,17,9,16,5,88,46,42,52.3,3,6,3,6,0,235,191,38,6,12537,2519,378,9749,CBJ,Metropolitan,Eastern
2025-2026,20251107,23,CGY,14537,Joel Farabee,ROSTER,25.0,"6'0""",164.0,USA,"Cicero, NY",False,LW,15,2,5,7,1.87,0.33,0.13,0.47,28.5,5.0,0,0,2,2,0,0,0,0,0,0,0,0,0,0.0,-4,51,28,7.1,13,13,10,19,26,12,1,18,8,10,44.4,1,2,1,2,0,338,187,71,82,16147,2897,1122,12130,CGY,Pacific,Western
2025-2026,20251107,17,STL,5009,Justin Faulk,ROSTER,33.0,"6'0""",217.0,USA,"South St.Paul, MN",False,D,15,3,5,8,1.87,0.33,0.2,0.53,52.8,10.0,1,1,3,4,0,0,0,0,0,0,0,0,0,0.0,-1,54,28,10.7,33,18,8,15,14,12,5,0,0,0,0.0,2,4,0,0,0,425,223,79,126,21261,4498,1058,15705,STL,Central,Western
2025-2026,20251107,5,WSH,14569,Martin Fehervary,ROSTER,26.0,"6'2""",200.0,Slovakia,Bratislava,False,D,14,1,5,6,1.21,0.36,0.07,0.43,44.8,10.0,0,0,0,0,0,0,0,0,0,0,0,0,0,0.0,2,35,17,5.9,23,14,4,24,23,11,0,0,0,0,0.0,2,4,2,4,0,302,181,60,60,16009,1649,1096,13216,WSH,Metropolitan,Eastern
2025-2026,20251107,3,CAR,56335,Dominick Fensore,ROSTER,24.0,"5'7""",153.0,USA,"Thornwood, NY",False,D,1,0,0,0,2.0,0.0,0.0,0.0,4.6,0.0,0,0,0,0,0,0,0,0,0,0,0,0,0,0.0,-2,5,2,0.0,3,2,1,1,3,0,0,0,0,0,0.0,0,0,0,0,0,27,15,0,12,1162,46,0,1116,CAR,Metropolitan,Eastern
2025-2026,20251107,26,SJS,17138,Mario Ferraro,ROSTER,27.0,"5'11""",185.0,Canada,"King City, ON",False,D,14,1,3,4,1.07,0.21,0.07,0.29,62.0,5.0,0,0,0,0,0,0,0,0,0,0,0,0,0,0.0,0,36,15,6.7,35,16,5,26,23,17,7,0,0,0,0.0,1,2,1,2,0,330,184,37,110,17400,1519,960,14921,SJS,Pacific,Western
2025-2026,20251107,28,LAK,5438,Kevin Fiala,ROSTER,29.0,"5'10""",193.0,Switzerland,St. Gallen,False,LW,15,6,4,10,3.13,0.27,0.4,0.67,13.3,20.0,2,2,3,5,0,0,0,1,0,0,5,1,1,20.0,-6,87,47,12.8,6,20,20,9,15,24,5,6,1,5,16.7,4,8,1,2,0,298,136,96,72,16507,3931,1880,10996,LAK,Pacific,Western
2025-2026,20251107,1,TBL,28530,Jack Finley,ROSTER,23.0,"6'6""",213.0,USA,"St. Louis, MO",True,C,3,0,0,0,1.0,0.0,0.0,0.0,2.9,5.0,0,0,0,0,0,0,0,0,0,0,0,0,0,0.0,0,3,3,0.0,0,0,0,5,1,0,0,31,14,17,45.2,1,2,1,2,0,45,31,7,7,1450,64,187,1199,TBL,Atlantic,Eastern
2025-2026,20251107,16,DET,142439,Emmitt Finnie,ROSTER,20.0,"6'1""",195.0,Canada,"Lethbridge, AB",True,C,14,4,4,8,1.79,0.29,0.29,0.57,28.5,0.0,1,0,1,1,0,0,0,0,0,0,0,0,0,0.0,5,39,25,16.0,9,4,10,28,14,12,8,9,4,5,44.4,0,0,1,2,0,291,251,27,17,14332,2487,402,11443,DET,Atlantic,Eastern
2025-2026,20251107,143,SEA,17180,Cale Fleury,ROSTER,26.0,"6'1""",205.0,Canada,"Carlyle, SK",False,D,4,0,1,1,0.75,0.25,0.0,0.25,6.2,14.8,0,0,0,0,0,0,0,0,0,0,0,0,0,0.0,0,9,3,0.0,2,3,3,6,7,3,1,0,0,0,0.0,1,5,2,7,1,80,52,13,15,3534,453,0,3081,SEA,Pacific,Western
2025-2026,20251107,2,WPJ,5422,Haydn Fleury,ROSTER,29.0,"6'3""",208.0,Canada,"Regina, SK",False,D,12,0,0,0,0.83,0.0,0.0,0.0,35.8,10.0,0,0,0,0,0,0,0,0,0,0,0,0,0,0.0,-4,22,10,0.0,18,6,6,20,18,10,4,0,0,0,0.0,2,4,0,0,0,244,151,42,51,11128,995,1762,8371,WPG,,
2025-2026,20251107,28,LAK,14151,Warren Foegele,ROSTER,29.0,"6'2""",198.0,Canada,"Markham, ON",False,LW,10,1,0,1,1.3,0.0,0.1,0.1,8.4,15.0,0,0,0,0,0,0,0,0,0,0,1,0,0,0.0,-1,28,13,7.7,1,8,7,12,9,12,0,9,3,6,33.3,3,6,2,4,0,178,97,46,36,8023,1124,535,6364,LAK,Pacific,Western
2025-2026,20251107,6,PHI,28514,Tyson Foerster,INJURY_LIST,23.0,"6'2""",194.0,Canada,"Alliston, ON",True,RW,11,4,3,7,1.73,0.27,0.36,0.64,14.6,20.0,1,1,0,1,0,0,0,0,0,0,0,0,0,0.0,5,41,19,21.1,7,10,12,9,17,8,3,2,1,1,50.0,2,12,0,0,0,263,184,62,22,12080,2082,549,9449,PHI,Metropolitan,Eastern
2025-2026,20251107,25,MIN,5055,Marcus Foligno,ROSTER,34.0,"6'3""",224.0,USA,"Buffalo, NY",False,LW,14,0,0,0,0.79,0.0,0.0,0.0,47.3,54.8,0,0,0,0,0,0,0,0,0,0,0,0,0,0.0,-11,24,11,0.0,13,6,7,51,9,8,2,3,0,3,0.0,7,25,4,11,1,227,117,56,54,11204,2664,988,7585,MIN,Central,Western
2025-2026,20251107,20,CHI,4278,Nick Foligno,ROSTER,38.0,"6'0""",208.0,USA,"Buffalo, NY",False,LW,11,0,4,4,1.0,0.36,0.0,0.36,26.4,24.8,0,0,1,1,0,0,0,0,0,0,0,0,0,0.0,-1,20,11,0.0,7,4,5,29,4,5,0,118,60,58,50.8,3,9,2,7,1,230,112,46,69,9418,2661,370,6230,CHI,Central,Western
2025-2026,20251107,21,VAN,5813,Derek Forbort,INJURY_LIST,33.0,"6'4""",219.0,USA,"Duluth, MN",False,D,2,0,0,0,0.5,0.0,0.0,0.0,6.5,5.0,0,0,0,0,0,0,0,0,0,0,0,0,0,0.0,0,1,1,0.0,4,0,0,2,8,5,0,0,0,0,0.0,1,2,0,0,0,39,20,6,13,1672,304,40,1328,VAN,Pacific,Western
2025-2026,20251107,2,WPJ,79680,Parker Ford,ROSTER,25.0,"5'9""",181.0,USA,"Wakefield, RI",True,C,6,0,1,1,0.67,0.17,0.0,0.17,17.0,10.0,0,0,0,0,0,0,0,0,0,0,0,0,0,0.0,0,12,4,0.0,7,5,3,13,8,0,1,30,13,17,43.3,2,4,1,2,0,82,66,12,4,3705,1110,217,2378,WPG,,
2025-2026,20251107,18,NSH,5210,Filip Forsberg,ROSTER,31.0,"6'1""",205.0,Sweden,Ostervala,False,LW,16,6,6,12,3.06,0.38,0.38,0.75,31.3,10.0,2,0,3,3,0,0,0,0,0,0,1,0,1,100.0,-1,101,49,12.2,8,29,23,35,9,16,10,5,1,4,20.0,2,4,6,12,0,343,156,151,43,18338,3891,4538,10074,NSH,Central,Western
2025-2026,20251107,4,FLO,10072,Gustav Forsling,ROSTER,29.0,"6'0""",186.0,Sweden,Linkping,False,D,14,0,6,6,1.21,0.43,0.0,0.43,29.4,5.0,0,0,0,0,0,0,0,0,0,0,0,0,0,0.0,2,46,17,0.0,15,20,9,16,6,10,4,0,0,0,0.0,1,2,4,8,0,385,219,85,81,18959,3153,1946,13860,FLA,,
2025-2026,20251107,17,STL,4800,Cam Fowler,ROSTER,33.0,"6'2""",214.0,Canada,"Windsor, ON",False,D,15,0,5,5,1.6,0.33,0.0,0.33,14.5,10.0,0,0,3,3,0,1,1,0,0,0,0,0,0,0.0,-8,57,24,0.0,10,24,9,2,15,11,2,0,0,0,0.0,2,4,1,2,0,409,221,98,90,20476,4157,1123,15196,STL,Central,Western
2025-2026,20251107,9,NYR,17179,Adam Fox,ROSTER,27.0,"5'11""",181.0,USA,"Jericho, NY",False,D,14,3,8,11,2.14,0.57,0.21,0.79,35.4,15.0,1,1,1,2,0,1,1,1,0,0,0,0,0,0.0,1,83,30,10.0,23,37,17,8,22,15,13,0,0,0,0.0,3,6,2,4,0,361,172,118,54,20177,4021,1554,13665,NYR,Metropolitan,Eastern
2025-2026,20251107,5,WSH,120029,Ethan Frank,ROSTER,27.0,"5'11""",185.0,USA,"Papillion, NE",True,C,3,0,1,1,1.0,0.33,0.0,0.33,3.8,10.0,0,0,1,1,0,0,0,0,0,0,0,0,0,0.0,0,6,3,0.0,2,2,1,2,2,1,0,0,0,0,0.0,2,4,0,0,0,50,38,10,0,2035,552,13,1369,WSH,Metropolitan,Eastern
2025-2026,20251107,24,EDM,9655,Trent Frederic,ROSTER,27.0,"6'2""",203.0,USA,"St. Louis, MO",False,C,15,1,0,1,1.0,0.0,0.07,0.07,32.4,15.0,0,0,0,0,0,0,0,1,0,0,0,0,0,0.0,-3,27,15,6.7,4,7,5,46,14,7,0,35,19,16,54.3,3,6,3,6,0,245,135,77,29,11638,2365,1209,7800,EDM,Pacific,Western
2025-2026,20251107,23,CGY,13642,Morgan Frost,ROSTER,26.0,"5'11""",170.0,Canada,"Barrie, ON",False,C,15,3,5,8,1.67,0.33,0.2,0.53,17.9,30.0,1,0,3,3,0,0,0,0,0,0,2,0,1,50.0,3,46,25,12.0,9,12,9,10,5,8,3,196,99,97,50.5,6,12,2,4,0,289,152,71,70,14305,3212,1190,10091,CGY,Pacific,Western
2025-2026,20251107,4,FLO,13855,Jonah Gadjovich,ROSTER,27.0,"6'2""",200.0,Canada,"Whitby, ON",False,LW,10,0,3,3,0.8,0.3,0.0,0.3,21.6,19.8,0,0,0,0,0,0,0,0,0,0,0,0,0,0.0,2,12,8,0.0,3,4,0,30,10,3,3,0,0,0,0.0,2,7,1,5,1,112,78,30,4,4766,977,768,3021,FLA,,
2025-2026,20251107,14,MTL,5149,Brendan Gallagher,ROSTER,33.0,"5'9""",186.0,Canada,"Edmonton, AB",False,RW,14,0,7,7,1.36,0.5,0.0,0.5,10.2,15.0,0,0,1,1,0,0,0,0,0,0,0,0,0,0.0,2,35,19,0.0,1,11,5,15,14,5,3,2,2,0,100.0,3,6,2,4,0,245,131,60,54,10986,3326,958,6702,MTL,Atlantic,Eastern
2025-2026,20251107,21,VAN,5718,Conor Garland,ROSTER,29.0,"5'10""",165.0,USA,"Scituate, MA",False,RW,12,3,8,11,2.92,0.67,0.25,0.92,12.7,10.0,1,0,4,4,0,0,0,1,0,0,1,0,0,0.0,5,56,35,8.6,6,9,12,8,20,14,4,9,1,8,11.1,2,4,1,2,0,275,117,71,90,14748,2718,772,11258,VAN,Pacific,Western
2025-2026,20251107,8,NYI,53056,Marc Gatcomb,ASSIGNED_TO_MINORS,26.0,"6'2""",194.0,USA,"Woburn, MA",True,C,1,0,0,0,1.0,0.0,0.0,0.0,4.1,0.0,0,0,0,0,0,0,0,0,0,0,0,0,0,0.0,0,1,1,0.0,0,0,0,7,1,0,0,0,0,0,0.0,0,0,0,0,0,12,4,0,8,513,59,0,454,NYI,Metropolitan,Eastern
2025-2026,20251107,6,PHI,120274,Jacob Gaucher,ROSTER,24.0,"6'3""",185.0,Canada,"Longueuil, QC",True,C,3,0,0,0,1.0,0.0,0.0,0.0,2.5,0.0,0,0,0,0,0,0,0,0,0,0,0,0,0,0.0,-1,4,3,0.0,1,0,1,2,1,2,0,19,9,10,47.4,0,0,1,2,0,38,28,2,8,1578,205,120,1253,PHI,Metropolitan,Eastern
2025-2026,20251107,26,SJS,5737,Adam Gaudette,ROSTER,29.0,"6'1""",170.0,USA,"Braintree, MA",False,RW,10,3,1,4,1.4,0.1,0.3,0.4,4.1,20.0,1,1,0,1,0,0,0,0,0,0,0,0,0,0.0,-4,26,14,21.4,0,8,4,7,11,4,3,48,26,22,54.2,4,8,1,2,0,153,80,35,41,6561,1109,438,5014,SJS,Pacific,Western
2025-2026,20251107,143,SEA,10097,Frederick Gaudreau,ROSTER,32.0,"6'0""",179.0,Canada,"Granby, QC",False,C,4,0,1,1,0.75,0.25,0.0,0.25,7.8,0.0,0,0,0,0,0,0,0,0,0,0,0,0,0,0.0,0,6,3,0.0,5,2,1,2,3,3,0,51,18,33,35.3,0,0,1,2,0,82,33,26,23,3088,708,311,2069,SEA,Pacific,Western
2025-2026,20251107,29,ANA,56588,Cutter Gauthier,ROSTER,21.0,"6'3""",200.0,,"Skellefteå, Sweden",False,LW,13,11,7,18,4.77,0.54,0.85,1.38,13.0,25.0,3,3,1,4,0,0,0,1,0,0,0,0,0,0.0,10,98,62,17.7,4,20,15,13,16,10,1,23,11,12,47.8,5,10,3,6,0,288,191,32,77,14075,1516,217,12310,ANA,Pacific,Western
2025-2026,20251107,9,NYR,5754,Vladislav Gavrikov,ROSTER,29.0,"6'3""",213.0,Russia,Yaroslavl,True,D,14,1,2,3,1.29,0.14,0.07,0.21,30.4,20.0,0,0,0,0,0,0,0,0,0,0,0,0,0,0.0,5,51,18,5.6,21,24,9,4,18,8,4,0,0,0,0.0,4,8,3,6,0,367,180,61,109,19354,1656,1179,15735,NYR,Metropolitan,Eastern
2025-2026,20251107,1,TBL,43380,Conor Geekie,ASSIGNED_TO_MINORS,21.0,"6'3""",196.0,Canada,"Strathclair, MB",True,C,6,0,1,1,0.83,0.17,0.0,0.17,15.5,10.0,0,0,0,0,0,0,0,0,0,0,0,0,0,0.0,0,12,5,0.0,5,3,4,15,7,5,0,21,8,13,38.1,2,4,1,2,0,88,69,18,1,3609,818,167,2624,TBL,Atlantic,Eastern
2025-2026,20251107,11,BOS,17978,Morgan Geekie,ROSTER,27.0,"6'3""",202.0,Canada,"Strathclair, MB",False,C,16,10,3,13,2.25,0.19,0.62,0.81,23.9,15.0,3,2,2,4,0,0,0,1,0,0,0,0,0,0.0,-7,64,36,27.8,6,13,15,27,21,10,5,37,20,17,54.1,3,6,7,14,0,326,172,126,38,17371,4168,2489,10714,BOS,Atlantic,Eastern
2025-2026,20251107,15,BUF,18139,Mason Geertsen,ROSTER,30.0,"6'4""",205.0,Canada,"Drayton Valley, AB",False,LW,5,0,0,0,0.2,0.0,0.0,0.0,4.7,20.0,0,0,0,0,0,0,0,0,0,0,0,0,0,0.0,-1,2,1,0.0,0,1,0,8,5,0,0,0,0,0,0.0,2,12,0,0,0,34,22,4,8,1236,240,71,925,BUF,Atlantic,Eastern
2025-2026,20251107,26,SJS,51603,Patrick Giles,ROSTER,25.0,"6'4""",201.0,USA,"Chevy Chase, MD",True,RW,3,0,1,1,0.67,0.33,0.0,0.33,4.4,0.0,0,0,0,0,0,0,0,0,0,0,0,0,0,0.0,1,5,2,0.0,2,3,0,3,3,1,0,15,9,6,60.0,0,0,0,0,0,38,21,12,5,1596,255,30,1311,SJS,Pacific,Western
2025-2026,20251107,6,PHI,14573,Adam Ginning,ROSTER,25.0,"6'4""",206.0,Sweden,Linköping,True,D,5,0,0,0,0.4,0.0,0.0,0.0,9.0,0.0,0,0,0,0,0,0,0,0,0,0,0,0,0,0.0,0,9,2,0.0,5,4,3,4,6,5,0,0,0,0,0.0,0,0,0,0,0,101,65,8,28,4602,418,47,4137,PHI,Metropolitan,Eastern
2025-2026,20251107,22,COL,13692,Samuel Girard,ROSTER,27.0,"5'10""",170.0,Canada,"Roberval, QC",False,D,2,0,0,0,1.0,0.0,0.0,0.0,5.8,0.0,0,0,0,0,0,0,0,0,0,0,0,0,0,0.0,1,6,2,0.0,3,4,0,3,6,1,1,0,0,0,0.0,0,0,0,0,0,49,34,6,9,2256,468,171,1617,COL,Central,Western
2025-2026,20251107,1,TBL,5254,Zemgus Girgensons,ROSTER,31.0,"6'2""",211.0,Latvia,Riga,False,C,7,2,1,3,1.0,0.14,0.29,0.43,20.5,10.0,0,0,0,0,0,0,0,0,0,0,0,0,0,0.0,-1,16,7,28.6,7,5,4,19,11,5,1,42,20,22,47.6,2,4,0,0,0,159,76,53,32,6356,1740,476,4140,TBL,Atlantic,Eastern
2025-2026,20251107,13,OTT,4394,Claude Giroux,ROSTER,37.0,"5'11""",185.0,Canada,"Hearst, ON",False,RW,14,3,7,10,1.79,0.5,0.21,0.71,9.7,10.0,1,0,3,3,0,0,0,1,0,0,0,0,0,0.0,4,41,25,12.0,2,7,9,12,3,13,4,101,67,34,66.3,2,4,2,4,0,336,166,80,93,13596,4576,805,8215,OTT,Atlantic,Eastern
2025-2026,20251107,7,NJD,13621,Cody Glass,ROSTER,26.0,"6'2""",192.0,Canada,"Winnipeg, MB",False,C,7,3,0,3,1.86,0.0,0.43,0.43,4.4,15.0,1,1,0,1,0,0,0,0,0,0,0,0,0,0.0,1,19,13,23.1,2,3,3,3,8,4,0,70,30,40,42.9,3,6,2,4,0,129,61,35,36,5331,900,212,4219,NJD,Metropolitan,Eastern
2025-2026,20251107,7,NJD,5268,Luke Glendening,ROSTER,36.0,"5'11""",191.0,USA,"Grand Rapids, MI",False,C,14,0,3,3,0.71,0.21,0.0,0.21,30.4,5.0,0,0,0,0,0,1,1,0,0,0,0,0,0,0.0,-3,14,10,0.0,14,2,2,20,8,6,1,176,93,83,52.8,1,2,0,0,0,232,97,76,59,8758,1788,673,6297,NJD,Metropolitan,Eastern
2025-2026,20251107,1,TBL,28531,Gage Goncalves,ROSTER,24.0,"6'0""",165.0,Canada,"Mission, BC",True,C,14,1,4,5,0.64,0.29,0.07,0.36,22.9,10.0,0,0,1,1,0,0,0,0,0,0,0,0,0,0.0,2,26,9,11.1,11,10,7,14,19,10,3,5,1,4,20.0,2,4,4,8,0,233,150,41,44,10225,1786,346,8092,TBL,Atlantic,Eastern
2025-2026,20251107,26,SJS,5476,Barclay Goodrow,ROSTER,32.0,"6'2""",215.0,Canada,"Aurora, ON",False,C,14,0,1,1,0.86,0.07,0.0,0.07,25.1,0.0,0,0,0,0,0,0,0,0,0,0,0,0,0,0.0,-4,19,12,0.0,10,4,3,20,11,7,2,8,3,5,37.5,0,0,1,2,0,231,102,67,62,9753,1613,1026,7114,SJS,Pacific,Western
2025-2026,20251107,3,CAR,5440,Shayne Gostisbehere,ROSTER,32.0,"5'11""",180.0,USA,"Margate, FL",False,D,6,1,6,7,1.0,1.0,0.17,1.17,11.8,5.0,0,0,1,1,0,0,0,0,0,0,0,0,0,0.0,8,19,6,16.7,8,10,3,2,4,3,2,0,0,0,0.0,1,2,1,2,0,108,63,20,27,5246,1337,337,3536,CAR,Metropolitan,Eastern
2025-2026,20251107,1,TBL,5890,Yanni Gourde,ROSTER,33.0,"5'9""",173.0,Canada,"Saint-Narcisse, QC",False,C,14,3,1,4,1.86,0.07,0.21,0.29,19.0,17.5,1,0,0,0,0,0,0,0,0,0,0,0,0,0.0,2,39,26,11.5,5,4,9,21,18,14,2,124,51,73,41.1,3,8,2,4,0,305,143,73,92,13484,2957,1056,9471,TBL,Atlantic,Eastern
2025-2026,20251107,26,SJS,133812,Collin Graf,ROSTER,23.0,"6'0""",180.0,USA,"Lincoln, MA",True,RW,13,1,3,4,0.69,0.23,0.08,0.31,20.1,0.0,0,0,0,0,1,1,2,0,0,0,0,0,0,0.0,-2,20,9,11.1,8,7,4,16,9,9,4,2,1,1,50.0,0,0,1,2,0,245,181,13,52,11279,1233,48,9998,SJS,Pacific,Western
2025-2026,20251107,29,ANA,5126,Mikael Granlund,ROSTER,33.0,"5'10""",185.0,Finland,Oulu,False,C,8,2,6,8,2.38,0.75,0.25,1.0,5.8,10.0,0,1,1,2,0,0,0,0,0,0,0,0,0,0.0,2,33,19,10.5,3,4,10,3,6,6,3,129,67,62,51.9,2,4,4,8,0,168,82,48,41,8301,2652,357,5325,ANA,Pacific,Western
2025-2026,20251107,10,PIT,15450,Ryan Graves,ROSTER,30.0,"6'5""",220.0,Canada,"Yarmouth, NS",False,D,1,0,0,0,0.0,0.0,0.0,0.0,1.3,0.0,0,0,0,0,0,0,0,0,0,0,0,0,0,0.0,0,3,0,0.0,1,2,1,0,2,1,0,0,0,0,0.0,0,0,0,0,0,18,8,4,6,959,96,203,660,PIT,Metropolitan,Eastern
2025-2026,20251107,6,PHI,56677,Nikita Grebenkin,ROSTER,22.0,"6'2""",183.0,Russia,Serov,False,RW,10,1,2,3,0.3,0.2,0.1,0.3,11.5,39.8,0,0,0,0,0,0,0,0,0,0,0,0,0,0.0,-3,13,3,33.3,2,7,3,15,19,7,2,2,2,0,100.0,4,19,3,9,1,126,101,14,12,5652,757,91,4804,PHI,Metropolitan,Eastern
2025-2026,20251107,20,CHI,56365,Ryan Greene,ROSTER,22.0,"6'1""",179.0,Canada,"Paradise, NL and Labrador",False,C,14,1,2,3,0.64,0.14,0.07,0.21,6.9,5.0,0,0,0,0,0,0,0,0,0,0,0,0,0,0.0,3,16,9,11.1,3,4,3,5,7,5,3,96,43,53,44.8,1,2,1,2,0,273,157,27,87,11340,1005,13,10050,CHI,Central,Western
2025-2026,20251107,15,BUF,14152,Jordan Greenway,ROSTER,28.0,"6'6""",225.0,USA,"Canton, NY",False,LW,4,0,1,1,0.75,0.25,0.0,0.25,5.9,24.8,0,0,0,0,0,0,0,0,0,0,0,0,0,0.0,-1,6,3,0.0,0,1,2,10,2,1,1,8,4,4,50.0,3,9,2,7,1,78,37,12,29,3438,568,37,2833,BUF,Atlantic,Eastern
2025-2026,20251107,4,FLO,5634,Anthony-John Greer,ROSTER,28.0,"6'3""",204.0,Canada,"Joliette, QC",False,LW,14,3,2,5,0.57,0.14,0.21,0.36,33.6,54.2,1,0,0,0,0,0,0,0,0,0,0,0,0,0.0,2,16,8,37.5,4,3,5,48,12,7,0,6,2,4,33.3,5,19,4,17,3,173,95,41,40,7584,1356,274,5954,FLA,,
2025-2026,20251107,4,FLO,15118,Noah Gregor,ROSTER,27.0,"6'0""",185.0,Canada,"Beaumont, AB",False,LW,4,0,0,0,1.5,0.0,0.0,0.0,2.4,0.0,0,0,0,0,0,0,0,0,0,0,0,0,0,0.0,0,9,6,0.0,0,1,2,4,2,1,0,0,0,0,0.0,0,0,0,0,0,45,29,11,5,1990,437,22,1531,FLA,,
2025-2026,20251107,13,OTT,28535,Ridly Greig,ROSTER,23.0,"6'0""",181.0,Canada,"Lethbridge, AB",True,C,14,1,3,4,1.57,0.21,0.07,0.29,22.6,32.5,0,0,2,2,0,0,0,0,0,0,0,0,0,0.0,-4,40,22,4.5,9,11,7,18,24,6,3,95,57,38,60.0,6,14,5,10,0,343,196,62,86,14681,2558,732,11391,OTT,Atlantic,Eastern
2025-2026,20251107,23,CGY,142358,Matvei Gridin,ASSIGNED_TO_MINORS,,,,,,False,RW,4,1,0,1,2.25,0.0,0.25,0.25,4.6,0.0,0,0,0,0,0,0,0,0,0,0,1,0,0,0.0,-3,15,9,11.1,3,4,2,1,4,6,2,4,0,4,0.0,0,0,0,0,0,76,68,8,1,3532,574,41,2917,CGY,Pacific,Western
2025-2026,20251107,7,NJD,56524,Arseni Gritsyuk,ROSTER,24.0,"5'10""",168.0,Russia,Krasnoyarsk,False,RW,14,2,4,6,2.21,0.29,0.14,0.43,13.8,10.0,0,1,1,2,0,0,0,0,0,0,0,0,0,0.0,0,53,31,6.5,2,9,13,19,16,6,5,4,2,2,50.0,2,4,1,2,0,250,175,50,27,11565,1600,813,9152,NJD,Metropolitan,Eastern
2025-2026,20251107,20,CHI,11572,Matt Grzelcyk,ROSTER,31.0,"5'9""",174.0,USA,"Charlestown, MA",False,D,14,0,3,3,1.21,0.21,0.0,0.21,15.7,5.0,0,0,0,0,0,0,0,0,0,0,0,0,0,0.0,9,29,17,0.0,10,6,6,4,15,9,3,0,0,0,0.0,1,2,1,2,0,285,143,56,84,12724,2283,568,9629,CHI,Central,Western
2025-2026,20251107,29,ANA,5185,Radko Gudas,ROSTER,35.0,"6'0""",205.0,Czech Republic,Prague,False,D,7,0,2,2,1.14,0.29,0.0,0.29,29.5,5.0,0,0,0,0,0,0,0,0,0,0,0,0,0,0.0,-5,16,8,0.0,12,4,4,23,9,6,2,0,0,0,0.0,1,2,0,0,0,141,83,13,46,6543,1319,409,4782,ANA,Pacific,Western
2025-2026,20251107,19,CBJ,4988,Erik Gudbranson,ROSTER,33.0,"6'5""",217.0,Canada,"Ottawa, ON",False,D,4,0,0,0,0.75,0.0,0.0,0.0,4.3,15.0,0,0,0,0,0,0,0,0,0,0,0,0,0,0.0,-2,7,3,0.0,1,3,1,5,4,3,1,0,0,0,0.0,3,6,0,0,0,75,36,8,28,3562,700,350,2303,CBJ,Metropolitan,Eastern
2025-2026,20251107,30,UTA,33436,Dylan Guenther,ROSTER,22.0,"6'2""",175.0,Canada,"Edmonton, AB",True,RW,14,6,7,13,3.29,0.5,0.43,0.93,14.3,15.0,2,1,2,3,0,0,0,4,0,2,0,0,0,0.0,3,93,46,13.0,5,21,26,13,23,15,1,9,4,5,44.4,3,6,5,10,0,303,183,20,106,15306,2593,101,12612,UTA,Central,Western
2025-2026,20251107,1,TBL,11327,Jake Guentzel,ROSTER,31.0,"5'11""",180.0,USA,"Omaha, NE",False,C,14,5,8,13,2.86,0.57,0.36,0.93,14.9,10.0,1,0,2,2,0,0,0,1,0,0,0,0,0,0.0,1,60,40,12.5,9,8,12,5,12,12,5,52,27,25,51.9,2,4,2,4,0,331,152,101,83,17386,4732,2650,9967,TBL,Atlantic,Eastern
2025-2026,20251107,14,MTL,28518,Kaiden Guhle,ROSTER,23.0,"6'2""",205.0,Canada,"Sherwood Park, AB",True,D,5,1,1,2,1.4,0.2,0.2,0.4,16.1,19.8,0,0,0,0,0,0,0,1,0,0,0,0,0,0.0,1,13,7,14.3,5,5,1,16,12,7,3,0,0,0,0.0,2,7,3,9,1,103,63,14,28,5772,629,59,5084,MTL,Atlantic,Eastern
2025-2026,20251107,1,TBL,17379,Brandon Hagel,ROSTER,27.0,"6'0""",175.0,Canada,"Saskatoon, SK",True,LW,14,6,6,12,2.86,0.43,0.43,0.86,16.5,25.0,2,1,1,2,0,0,0,1,0,0,0,0,0,0.0,5,96,40,15.0,8,20,36,10,21,20,7,6,1,5,16.7,5,10,7,14,0,357,202,112,49,17358,4455,2338,10598,TBL,Atlantic,Eastern
2025-2026,20251107,18,NSH,14446,Nicolas Hague,ROSTER,26.0,"6'6""",221.0,Canada,"Kitchener, ON",False,D,8,0,1,1,0.5,0.12,0.0,0.12,22.0,15.0,0,0,0,0,0,0,0,0,0,0,0,0,0,0.0,-4,22,4,0.0,9,11,7,17,10,7,1,0,0,0,0.0,3,6,0,0,0,190,97,31,62,9600,1452,510,7638,NSH,Central,Western
2025-2026,20251107,25,MIN,53028,Hunter Haight,ASSIGNED_TO_MINORS,21.0,"5'11""",174.0,Canada,"Strathroy, ON",True,C,2,0,0,0,0.0,0.0,0.0,0.0,1.2,0.0,0,0,0,0,0,0,0,0,0,0,0,0,0,0.0,-2,0,0,0.0,0,0,0,2,4,0,0,16,7,9,43.8,0,0,0,0,0,24,16,0,8,1124,111,0,1013,MIN,Central,Western
2025-2026,20251107,3,CAR,4846,Taylor Hall,ROSTER,33.0,"6'1""",205.0,Canada,"Calgary, AB",False,LW,13,2,4,6,1.23,0.31,0.15,0.46,12.0,25.0,0,0,0,0,0,0,0,0,0,0,0,0,0,0.0,3,41,16,12.5,5,12,13,9,27,11,5,7,3,4,42.9,5,10,4,8,0,228,120,59,51,10953,3506,525,6922,CAR,Metropolitan,Eastern
2025-2026,20251107,10,PIT,14581,Filip Hallander,ROSTER,25.0,"6'2""",188.0,Sweden,Sundsvall,True,C,13,1,3,4,1.69,0.23,0.08,0.31,8.4,5.0,0,0,0,0,1,0,1,1,0,0,0,0,0,0.0,4,47,22,4.5,5,13,12,3,11,12,2,2,0,2,0.0,1,2,3,6,0,234,140,56,39,10251,2053,813,7385,PIT,Metropolitan,Eastern
2025-2026,20251107,7,NJD,53065,Brian Halonen,ROSTER,26.0,"6'0""",205.0,USA,"Delano, MN",True,LW,9,1,0,1,0.44,0.0,0.11,0.11,13.3,14.8,0,0,0,0,0,0,0,1,0,0,0,0,0,0.0,-1,11,4,25.0,2,3,4,18,9,2,2,0,0,0,0.0,1,5,1,5,1,96,80,16,1,4051,1215,211,2625,NJD,Metropolitan,Eastern
2025-2026,20251107,7,NJD,4994,Dougie Hamilton,ROSTER,32.0,"6'6""",229.0,Canada,"Toronto, ON",False,D,14,4,3,7,2.5,0.21,0.29,0.5,32.8,17.5,1,2,2,4,0,0,0,1,0,0,0,0,0,0.0,1,81,35,11.4,18,28,18,15,17,25,2,0,0,0,0.0,3,8,1,2,0,350,183,46,125,17623,4577,661,12385,NJD,Metropolitan,Eastern
2025-2026,20251107,16,DET,4915,Travis Hamonic,ROSTER,35.0,"6'2""",205.0,Canada,"St. Malo, MB",False,D,7,0,1,1,1.14,0.14,0.0,0.14,16.3,19.8,0,0,0,0,0,0,0,0,0,0,0,0,0,0.0,0,14,8,0.0,10,6,0,5,12,7,1,0,0,0,0.0,2,7,1,5,1,143,78,25,40,6077,1348,379,4350,DET,Atlantic,Eastern
2025-2026,20251107,142,VGK,5600,Noah Hanifin,ROSTER,28.0,"6'3""",215.0,USA,"Boston, MA",False,D,3,0,1,1,3.67,0.33,0.0,0.33,2.5,0.0,0,0,0,0,0,0,0,0,0,0,0,0,0,0.0,-1,26,11,0.0,1,10,5,2,8,5,2,0,0,0,0.0,0,0,0,0,0,79,45,16,18,4233,188,283,3762,VGK,Pacific,Western
2025-2026,20251107,23,CGY,8966,Joel Hanley,ROSTER,34.0,"5'11""",190.0,Canada,"Keswick, ON",False,D,15,0,3,3,0.6,0.2,0.0,0.2,39.8,10.0,0,0,0,0,0,0,0,0,0,0,0,0,0,0.0,-2,32,9,0.0,25,13,10,11,34,15,4,0,0,0,0.0,2,4,0,0,0,398,192,93,113,14982,1881,1610,11491,CGY,Pacific,Western
2025-2026,20251107,29,ANA,14456,Jansen Harkins,ROSTER,28.0,"6'1""",183.0,USA,"North Vancouver, BC, Canada",True,C,4,1,0,1,1.0,0.0,0.25,0.25,10.5,0.0,0,0,0,0,0,0,0,0,0,0,0,0,0,0.0,0,6,4,25.0,3,2,0,11,1,1,1,24,10,14,41.7,0,0,1,2,0,54,33,15,7,2268,438,161,1669,ANA,Pacific,Western
2025-2026,20251107,27,DAL,20433,Thomas Harley,ROSTER,24.0,"6'3""",188.0,USA,"Syracuse, NY",True,D,14,1,8,9,1.29,0.57,0.07,0.64,55.5,15.0,0,0,3,3,0,0,0,0,0,0,0,0,0,0.0,-7,59,18,5.6,39,30,11,6,21,18,6,0,0,0,0.0,3,6,2,4,0,346,216,67,59,19503,3158,1320,14755,DAL,Central,Western
2025-2026,20251107,11,BOS,38615,Jordan Harris,ROSTER,25.0,"5'11""",189.0,USA,"Haverhill, MA",True,D,5,1,1,2,1.8,0.2,0.2,0.4,6.4,0.0,0,0,0,0,0,0,0,0,0,0,0,0,0,0.0,0,12,9,11.1,3,1,2,4,15,5,1,0,0,0,0.0,0,0,0,0,0,106,72,18,17,4689,1056,345,3288,BOS,Atlantic,Eastern
2025-2026,20251107,25,MIN,5522,Ryan Hartman,ROSTER,31.0,"6'0""",189.0,USA,"Hilton Head Island, SC",False,RW,15,4,2,6,2.67,0.13,0.27,0.4,23.1,10.0,1,1,0,1,0,0,0,1,0,0,0,0,0,0.0,-5,82,40,10.0,12,19,23,12,20,11,7,197,87,110,44.2,2,4,6,12,0,258,126,101,35,14777,2756,2353,9668,MIN,Central,Western
2025-2026,20251107,6,PHI,5926,Garnet Hathaway,ROSTER,33.0,"6'3""",210.0,USA,"Naples, FL",False,RW,14,0,0,0,0.5,0.0,0.0,0.0,44.7,49.8,0,0,0,0,0,0,0,0,0,0,0,0,0,0.0,-7,12,7,0.0,11,1,4,51,19,7,1,4,4,0,100.0,8,19,8,19,1,206,105,39,62,8318,1641,455,6222,PHI,Metropolitan,Eastern
2025-2026,20251107,18,NSH,5301,Erik Haula,ROSTER,34.0,"6'0""",193.0,Finland,Pori,False,LW,16,3,5,8,1.44,0.31,0.19,0.5,21.5,45.0,1,1,1,2,0,0,0,0,0,0,1,0,1,100.0,-3,42,23,13.0,6,11,8,23,11,11,6,180,91,89,50.6,9,18,1,2,0,347,161,101,89,15463,3922,1123,10576,NSH,Central,Western
2025-2026,20251107,143,SEA,12273,John Hayden,ASSIGNED_TO_MINORS,30.0,"6'3""",215.0,USA,"Chicago, IL",False,C,3,0,0,0,0.67,0.0,0.0,0.0,6.8,5.0,0,0,0,0,0,0,0,0,0,0,0,0,0,0.0,-1,5,2,0.0,2,2,1,7,0,2,1,15,6,9,40.0,1,2,0,0,0,42,19,11,12,1814,490,44,1280,SEA,Pacific,Western
2025-2026,20251107,30,UTA,14528,Barrett Hayton,ROSTER,25.0,"6'1""",190.0,Canada,"Kitchener, ON",False,C,12,2,2,4,1.42,0.17,0.17,0.33,5.9,10.0,0,0,0,0,0,0,0,0,0,0,0,0,0,0.0,5,34,17,11.8,4,5,12,1,11,9,3,134,73,61,54.5,2,4,3,6,0,262,173,68,23,11599,1922,1058,8619,UTA,Central,Western
2025-2026,20251107,1,TBL,4685,Victor Hedman,ROSTER,34.0,"6'6""",229.0,Sweden,Ornskoldsvik,False,D,14,0,11,11,1.64,0.79,0.0,0.79,41.5,5.0,0,0,5,5,0,0,0,0,0,0,0,0,0,0.0,1,70,23,0.0,28,26,21,7,10,25,5,0,0,0,0.0,1,2,3,6,0,370,205,52,113,19265,6656,1092,11517,TBL,Atlantic,Eastern
2025-2026,20251107,8,NYI,30049,Emil Heineman,ROSTER,23.0,"6'1""",185.0,Sweden,Leksand,True,LW,13,5,3,8,2.08,0.23,0.38,0.62,36.7,15.0,1,1,0,1,0,0,0,0,0,0,0,0,0,0.0,4,56,27,18.5,5,13,16,51,24,8,3,3,2,1,66.7,3,6,0,0,0,249,181,45,28,11170,2036,412,8722,NYI,Metropolitan,Eastern
2025-2026,20251107,10,PIT,10076,Danton Heinen,ROSTER,30.0,"6'1""",188.0,Canada,"Langley, BC",False,LW,1,0,0,0,1.0,0.0,0.0,0.0,1.3,0.0,0,0,0,0,0,0,0,0,0,0,0,0,0,0.0,-1,2,1,0.0,1,0,1,0,1,0,0,3,2,1,66.7,0,0,0,0,0,15,10,5,0,691,45,135,511,PIT,Metropolitan,Eastern
2025-2026,20251107,27,DAL,13618,Miro Heiskanen,ROSTER,26.0,"6'1""",190.0,Finland,Espoo,False,D,14,3,7,10,2.57,0.5,0.21,0.71,32.4,10.0,1,1,3,4,0,0,0,1,0,0,0,0,0,0.0,-4,63,36,8.3,23,16,11,3,34,18,10,0,0,0,0.0,2,4,5,10,0,346,187,106,49,21370,5338,1640,14079,DAL,Central,Western
2025-2026,20251107,28,LAK,37992,Samuel Helenius,ROSTER,22.0,"6'6""",201.0,Finland,Järvenpää,True,C,2,0,0,0,1.0,0.0,0.0,0.0,6.6,0.0,0,0,0,0,0,0,0,0,0,0,0,0,0,0.0,-1,3,2,0.0,1,0,1,9,1,1,0,11,3,8,27.3,0,0,0,0,0,25,23,0,2,1100,106,0,994,LAK,Pacific,Western
2025-2026,20251107,29,ANA,38013,Drew Helleson,ROSTER,24.0,"6'3""",205.0,USA,"Farmington, MN",True,D,13,2,5,7,1.08,0.38,0.15,0.54,24.1,0.0,0,0,0,0,0,2,2,0,0,0,0,0,0,0.0,1,33,14,14.3,11,15,4,16,20,12,5,0,0,0,0.0,0,0,2,4,0,332,133,39,162,14927,1230,265,13432,ANA,Pacific,Western
2025-2026,20251107,24,EDM,4983,Adam Henrique,ROSTER,35.0,"6'0""",195.0,Canada,"Brantford, ON",False,C,15,2,4,6,1.6,0.27,0.13,0.4,27.5,5.0,0,0,1,1,0,0,0,0,0,0,0,0,0,0.0,0,35,24,8.3,18,6,5,6,7,12,4,137,84,53,61.3,1,2,0,0,0,280,139,62,74,12294,3613,612,7814,EDM,Pacific,Western
2025-2026,20251107,142,VGK,5255,Tomas Hertl,ROSTER,31.0,"6'2""",215.0,Czech Republic,Prague,False,C,13,5,6,11,2.15,0.46,0.38,0.85,12.8,20.0,1,3,1,4,0,0,0,1,0,0,0,0,0,0.0,2,60,28,17.9,3,17,15,15,13,10,1,221,135,86,61.1,4,8,4,10,0,264,114,73,82,13776,3634,1301,8746,VGK,Pacific,Western
2025-2026,20251107,25,MIN,5841,Vincent Hinostroza,ROSTER,31.0,"5'9""",173.0,USA,"Chicago, IL",False,C,15,1,3,4,0.93,0.2,0.07,0.27,15.5,10.0,0,0,1,1,0,0,0,1,0,0,0,0,0,0.0,-6,40,14,7.1,5,13,13,15,15,10,5,12,6,6,50.0,2,4,4,10,0,208,86,73,50,10689,2316,923,7483,MIN,Central,Western
2025-2026,20251107,27,DAL,5643,Roope Hintz,ROSTER,28.0,"6'3""",220.0,Finland,Tampere,False,C,9,2,7,9,3.44,0.78,0.22,1.0,9.6,5.0,0,0,5,5,0,0,0,0,0,0,0,0,0,0.0,-3,43,31,6.5,5,3,9,5,5,8,0,162,88,74,54.3,1,2,1,2,0,221,91,62,70,10226,2466,559,7201,DAL,Central,Western
2025-2026,20251107,7,NJD,13616,Nico Hischier,ROSTER,26.0,"6'1""",175.0,Switzerland,Naters,False,C,14,3,8,11,1.93,0.57,0.21,0.79,26.0,10.0,1,0,3,3,0,0,0,0,0,0,0,0,0,0.0,4,56,27,11.1,16,16,13,8,7,13,6,284,150,134,52.8,2,4,2,4,0,347,166,80,104,17142,3065,1051,13026,NJD,Metropolitan,Eastern
2025-2026,20251107,17,STL,30060,Dylan Holloway,ROSTER,24.0,"6'1""",203.0,Canada,"Calgary, AB",True,LW,15,2,4,6,2.2,0.27,0.13,0.4,38.0,10.0,0,0,1,1,0,0,0,0,0,0,0,0,0,0.0,-7,69,33,6.1,10,26,10,42,25,12,2,7,4,3,57.1,2,4,4,8,0,323,209,82,34,16929,4040,1993,10896,STL,Central,Western
2025-2026,20251107,1,TBL,39074,Pontus Holmberg,ROSTER,26.0,"5'10""",175.0,Sweden,Västerås,True,RW,14,1,4,5,1.0,0.29,0.07,0.36,19.9,25.0,0,0,0,0,0,0,0,1,0,0,0,0,0,0.0,1,28,14,7.1,7,5,9,18,19,8,2,35,11,24,31.4,5,10,6,12,0,254,146,71,38,10540,2016,657,7867,TBL,Atlantic,Eastern
2025-2026,20251107,8,NYI,18114,Simon Holmstrom,ROSTER,24.0,"6'0""",193.0,Sweden,Tranas,False,RW,13,4,4,8,1.08,0.31,0.31,0.62,20.4,5.0,1,0,0,0,1,1,2,1,0,0,2,0,1,50.0,-4,32,14,28.6,14,7,11,3,10,10,3,3,1,2,33.3,1,2,2,4,0,263,151,61,56,11538,1657,881,9075,NYI,Metropolitan,Eastern
2025-2026,20251107,142,VGK,30063,Alexander Holtz,ROSTER,23.0,"6'0""",192.0,Sweden,Stockholm,True,RW,6,0,0,0,2.0,0.0,0.0,0.0,5.2,7.5,0,0,0,0,0,0,0,0,0,0,0,0,0,0.0,-1,24,12,0.0,3,5,7,2,6,3,0,2,0,2,0.0,1,4,0,0,0,101,74,26,1,4300,1424,252,2624,VGK,Pacific,Western
2025-2026,20251107,23,CGY,111747,Samuel Honzek,ROSTER,20.0,"6'4""",186.0,Slovakia,Trencin,True,LW,13,1,2,3,1.54,0.15,0.08,0.23,21.8,0.0,0,0,0,0,0,0,0,0,0,0,0,0,0,0.0,-1,37,20,5.0,4,7,10,28,13,7,1,4,4,0,100.0,0,0,3,6,0,255,217,12,27,9813,1130,0,8683,CGY,Pacific,Western
2025-2026,20251107,8,NYI,5233,Bo Horvat,ROSTER,30.0,"6'0""",215.0,Canada,"London, ON",False,C,13,9,6,15,3.46,0.46,0.69,1.15,8.7,15.0,3,2,3,5,1,0,1,2,0,0,2,1,0,0.0,6,80,45,20.0,3,17,18,8,11,12,3,246,147,99,59.8,3,6,3,6,0,317,145,100,81,16564,3469,2304,10791,NYI,Metropolitan,Eastern
2025-2026,20251107,24,EDM,56664,Isaac Howard,ROSTER,21.0,"5'10""",180.0,USA,"Hudson, WI",False,LW,14,2,1,3,1.07,0.07,0.14,0.21,1.9,25.0,0,0,0,0,0,0,0,0,0,0,1,1,0,0.0,-1,33,15,13.3,1,9,9,1,9,7,1,0,0,0,0.0,5,10,1,2,0,184,136,17,32,8003,1172,365,6453,EDM,Pacific,Western
2025-2026,20251107,142,VGK,14608,Brett Howden,ROSTER,27.0,"6'3""",197.0,Canada,"Calgary, AB",False,C,9,2,0,2,0.78,0.0,0.22,0.22,12.1,10.0,0,0,0,0,0,0,0,0,0,0,0,0,0,0.0,-5,15,7,28.6,2,4,4,16,10,9,3,40,24,16,60.0,2,4,4,8,0,168,82,67,21,7442,1559,1057,4897,VGK,Pacific,Western
2025-2026,20251107,21,VAN,15157,Filip Hronek,ROSTER,28.0,"6'0""",183.0,Czech Republic,Hradec Kralove,False,D,15,0,7,7,1.27,0.47,0.0,0.47,47.0,15.0,0,0,3,3,0,0,0,0,0,0,0,0,0,0.0,3,47,19,0.0,22,17,11,30,29,22,7,0,0,0,0.0,3,6,1,2,0,408,182,62,163,22219,2282,889,19014,VAN,Pacific,Western
2025-2026,20251107,27,DAL,142430,Justin Hryckowian,ROSTER,,,,,,False,C,13,1,0,1,0.69,0.0,0.08,0.08,17.8,24.8,0,1,0,1,0,0,0,0,0,0,0,0,0,0.0,-5,16,9,11.1,5,2,5,19,12,3,2,25,14,11,56.0,3,9,5,15,1,182,152,15,14,7849,1274,44,6439,DAL,Central,Western
2025-2026,20251107,23,CGY,4987,Jonathan Huberdeau,ROSTER,32.0,"6'1""",202.0,Canada,"Saint-Jerome, QC",False,LW,10,4,4,8,1.7,0.4,0.4,0.8,9.8,10.0,1,1,0,1,0,0,0,1,0,0,0,0,0,0.0,2,36,17,23.5,6,9,10,3,4,11,1,4,1,3,25.0,2,4,5,10,0,246,123,74,53,11650,3666,1411,6573,CGY,Pacific,Western
2025-2026,20251107,7,NJD,17125,Jack Hughes,ROSTER,24.0,"5'11""",170.0,USA,"Orlando, FL",False,C,14,10,8,18,3.57,0.57,0.71,1.29,13.2,0.0,3,1,4,5,0,0,0,2,0,1,0,0,0,0.0,0,98,50,20.0,9,30,18,2,10,34,10,131,44,87,33.6,0,0,5,10,0,316,210,58,58,17349,3296,467,13586,NJD,Metropolitan,Eastern
2025-2026,20251107,7,NJD,37969,Luke Hughes,ROSTER,22.0,"6'2""",184.0,USA,"Canton, MI",True,D,14,0,7,7,1.64,0.5,0.0,0.5,20.1,40.0,0,0,1,1,0,0,0,0,0,0,0,0,0,0.0,6,74,23,0.0,12,42,9,7,19,20,3,0,0,0,0.0,8,16,1,2,0,342,243,67,32,18361,3777,983,13601,NJD,Metropolitan,Eastern
2025-2026,20251107,21,VAN,14530,Quinn Hughes,ROSTER,26.0,"5'10""",170.0,USA,"Orlando, FL",False,D,11,1,7,8,2.27,0.64,0.09,0.73,12.6,0.0,0,1,4,5,0,0,0,0,0,0,0,0,0,0.0,-1,77,25,4.0,9,29,23,1,8,14,1,0,0,0,0.0,0,0,4,8,0,259,147,73,40,17666,3359,3133,11174,VAN,Pacific,Western
2025-2026,20251107,25,MIN,30091,Daemon Hunt,ROSTER,23.0,"6'0""",198.0,Canada,"Brandon, MB",True,D,1,0,0,0,0.0,0.0,0.0,0.0,0.6,0.0,0,0,0,0,0,0,0,0,0,0,0,0,0,0.0,0,0,0,0.0,0,0,0,1,3,1,0,0,0,0,0.0,0,0,0,0,0,15,8,4,3,575,42,111,422,MIN,Central,Western
2025-2026,20251107,14,MTL,56477,Lane Hutson,ROSTER,21.0,"5'8""",158.0,USA,"Chicago, IL",False,D,14,1,12,13,1.21,0.86,0.07,0.93,34.6,0.0,0,0,3,3,0,0,0,1,0,0,0,0,0,0.0,3,43,17,5.9,22,24,2,9,35,20,6,0,0,0,0.0,0,0,5,10,0,333,233,30,71,19255,3071,435,15749,MTL,Atlantic,Eastern
2025-2026,20251107,142,VGK,5825,Ben Hutton,ROSTER,32.0,"6'2""",206.0,Canada,"Prescott, ON",False,D,10,0,3,3,1.5,0.3,0.0,0.3,20.3,14.8,0,0,0,0,0,0,0,0,0,0,0,0,0,0.0,0,33,15,0.0,13,11,7,5,19,13,3,0,0,0,0.0,1,5,2,7,1,212,103,48,61,9267,1819,1242,6206,VGK,Pacific,Western
2025-2026,20251107,2,WPJ,13690,Alex Iafallo,ROSTER,31.0,"6'0""",188.0,USA,"Eden, NY",False,LW,13,2,3,5,1.85,0.23,0.15,0.38,19.6,10.0,0,2,2,4,0,0,0,1,0,0,0,0,0,0.0,-1,42,24,8.3,9,6,12,13,3,5,2,7,5,2,71.4,2,4,2,4,0,251,125,91,37,12411,2928,1899,7584,WPG,,
2025-2026,20251107,26,SJS,34832,Vincent Iorio,ROSTER,22.0,"6'4""",200.0,Canada,"Coquitlam, BC",True,D,6,0,0,0,0.5,0.0,0.0,0.0,9.8,10.0,0,0,0,0,0,0,0,0,0,0,0,0,0,0.0,-3,4,3,0.0,6,1,0,3,5,7,0,0,0,0,0.0,2,4,0,0,0,128,93,5,30,5880,621,36,5223,SJS,Pacific,Western
2025-2026,20251107,1,TBL,56357,Dominic James,ROSTER,23.0,"6'0""",190.0,USA,"Plymouth, MI",True,C,8,1,2,3,1.5,0.25,0.12,0.38,14.6,10.0,0,0,0,0,0,0,0,0,0,0,0,0,0,0.0,1,27,12,8.3,3,7,8,18,15,5,2,64,30,34,46.9,2,4,1,2,0,138,108,28,3,6121,1161,228,4732,TBL,Atlantic,Eastern
2025-2026,20251107,3,CAR,11413,Mark Jankowski,ROSTER,31.0,"6'4""",212.0,Canada,"Hamilton, ON",False,LW,8,0,2,2,0.62,0.25,0.0,0.25,9.8,15.0,0,0,0,0,0,0,0,0,0,0,0,0,0,0.0,1,14,5,0.0,6,3,6,3,13,1,0,74,42,32,56.8,3,6,0,0,0,128,60,32,36,5030,623,234,4173,CAR,Metropolitan,Eastern
2025-2026,20251107,12,TOR,5352,Calle Jarnkrok,ROSTER,34.0,"5'11""",186.0,Sweden,Gavle,False,C,10,4,0,4,1.1,0.0,0.4,0.4,6.8,10.0,1,0,0,0,0,0,0,0,0,0,0,0,0,0.0,-5,13,11,36.4,2,1,1,7,7,5,0,7,5,2,71.4,2,4,0,0,0,162,73,50,43,6718,1771,487,4460,TOR,Atlantic,Eastern
2025-2026,20251107,3,CAR,28144,Seth Jarvis,ROSTER,23.0,"5'10""",175.0,Canada,"Winnipeg, MB",True,C,13,8,5,13,3.54,0.38,0.62,1.0,15.8,10.0,2,1,0,1,1,0,1,4,0,2,1,0,1,100.0,3,72,46,17.4,7,8,18,11,26,14,9,21,10,11,47.6,2,4,3,6,0,296,192,57,56,15151,3679,1347,10334,CAR,Metropolitan,Eastern
2025-2026,20251107,11,BOS,14386,Tanner Jeannot,ROSTER,28.0,"6'2""",207.0,Canada,"Oxbow, SK",False,LW,16,2,4,6,1.12,0.25,0.12,0.38,44.3,29.8,0,0,0,0,0,0,0,0,0,0,0,0,0,0.0,-2,38,18,11.1,16,13,7,39,16,12,0,6,4,2,66.7,4,11,2,7,1,288,146,58,86,12914,2245,342,10327,BOS,Atlantic,Eastern
2025-2026,20251107,19,CBJ,5245,Boone Jenner,ROSTER,32.0,"6'2""",208.0,Canada,"Dorchester, ON",False,C,13,2,6,8,1.77,0.46,0.15,0.62,28.6,34.8,0,1,1,2,0,1,1,1,0,0,0,0,0,0.0,-7,49,23,8.7,10,12,14,26,11,9,2,83,46,37,55.4,5,13,4,11,1,252,124,60,67,12964,3845,1346,7736,CBJ,Metropolitan,Eastern
2025-2026,20251107,13,OTT,11592,Nick Jensen,ROSTER,35.0,"6'1""",196.0,USA,"Rogers, MN",False,D,14,0,3,3,0.86,0.21,0.0,0.21,31.5,15.0,0,0,0,0,0,0,0,0,0,0,0,0,0,0.0,-4,34,12,0.0,17,12,10,15,31,15,3,0,0,0,0.0,3,6,1,2,0,358,183,69,106,15642,3010,922,11710,OTT,Atlantic,Eastern
2025-2026,20251107,25,MIN,53012,David Jiricek,ROSTER,21.0,"6'3""",189.0,Czech Republic,Klatovy,True,D,10,0,0,0,0.6,0.0,0.0,0.0,8.4,15.0,0,0,0,0,0,0,0,0,0,0,0,0,0,0.0,-3,19,6,0.0,5,10,3,3,15,11,1,0,0,0,0.0,3,6,0,0,0,155,108,17,30,7604,717,241,6646,MIN,Central,Western
2025-2026,20251107,16,DET,30079,Albert Johansson,ROSTER,24.0,"6'0""",168.0,Sweden,Karlstad,True,D,14,0,2,2,1.14,0.14,0.0,0.14,32.4,0.0,0,0,0,0,0,0,0,0,0,0,0,0,0,0.0,0,46,16,0.0,19,19,11,12,21,14,4,0,0,0,0.0,0,0,4,8,0,305,192,42,71,13254,1917,438,10899,DET,Atlantic,Eastern
2025-2026,20251107,25,MIN,4882,Marcus Johansson,ROSTER,35.0,"6'1""",205.0,Sweden,Landskrona,False,LW,15,6,7,13,1.8,0.47,0.4,0.87,11.4,5.0,2,3,2,5,0,0,0,1,0,1,0,0,0,0.0,1,49,27,22.2,5,13,9,8,19,15,4,9,4,5,44.4,1,2,2,4,0,289,136,95,64,14520,3763,1534,9223,MIN,Central,Western
2025-2026,20251107,19,CBJ,37970,Kent Johnson,ROSTER,23.0,"6'1""",168.0,Canada,"Port Moody, BC",True,C,13,2,2,4,2.0,0.15,0.15,0.31,9.9,0.0,0,0,0,0,0,0,0,0,0,0,1,0,1,100.0,-6,48,26,7.7,7,14,8,1,7,11,2,0,0,0,0.0,0,0,0,0,0,225,135,48,43,11663,2682,817,8303,CBJ,Metropolitan,Eastern
2025-2026,20251107,15,BUF,34471,Ryan Johnson,ASSIGNED_TO_MINORS,24.0,"6'0""",170.0,USA,"Newport Beach, CA",True,D,3,0,0,0,0.0,0.0,0.0,0.0,5.2,5.0,0,0,0,0,0,0,0,0,0,0,0,0,0,0.0,0,4,0,0.0,3,2,2,2,6,2,2,0,0,0,0.0,1,2,0,0,0,34,14,7,13,1620,229,107,1284,BUF,Atlantic,Eastern
2025-2026,20251107,29,ANA,9081,Ross Johnston,ROSTER,31.0,"6'5""",235.0,Canada,"Charlottetown, PE",False,LW,12,1,3,4,0.33,0.25,0.08,0.33,24.2,83.8,0,0,0,0,0,0,0,0,0,0,0,0,0,0.0,2,13,4,25.0,4,3,6,32,12,7,0,4,1,3,25.0,7,29,6,27,5,153,83,36,36,6606,1319,240,5050,ANA,Pacific,Western
2025-2026,20251107,27,DAL,34837,Wyatt Johnston,ROSTER,22.0,"6'1""",178.0,Canada,"Toronto, ON",True,C,14,9,8,17,3.29,0.57,0.64,1.21,21.6,10.0,3,5,4,9,0,0,0,1,0,0,1,0,1,100.0,-3,83,46,19.6,14,21,16,5,19,12,3,187,95,92,50.8,2,4,3,6,0,350,236,82,36,18262,5436,954,11569,DAL,Central,Western
2025-2026,20251107,11,BOS,13644,Henri Jokiharju,ROSTER,26.0,"6'0""",195.0,Finland,Oulu,False,D,16,0,3,3,0.75,0.19,0.0,0.19,24.5,10.0,0,0,1,1,0,0,0,0,0,0,0,0,0,0.0,-2,41,12,0.0,14,19,10,10,22,16,0,0,0,0,0.0,2,4,2,4,0,374,217,80,77,16868,3511,1833,11524,BOS,Atlantic,Eastern
2025-2026,20251107,25,MIN,18220,Ben Jones,ROSTER,26.0,"6'0""",187.0,Canada,"Waterloo, ON",False,C,6,0,0,0,0.83,0.0,0.0,0.0,12.8,0.0,0,0,0,0,0,0,0,0,0,0,0,0,0,0.0,-4,11,5,0.0,3,3,3,15,2,1,1,36,23,13,63.9,0,0,2,4,0,63,38,19,6,2930,728,235,1965,MIN,Central,Western
2025-2026,20251107,10,PIT,15433,Caleb Jones,INJURY_LIST,28.0,"6'1""",194.0,USA,"Arlington, TX",False,D,7,0,1,1,0.71,0.14,0.0,0.14,25.9,0.0,0,0,0,0,0,0,0,0,0,0,0,0,0,0.0,1,17,5,0.0,15,6,6,10,14,4,1,0,0,0,0.0,0,0,1,2,0,144,78,22,39,7212,1036,445,5407,PIT,Metropolitan,Eastern
2025-2026,20251107,4,FLO,5243,Seth Jones,ROSTER,31.0,"6'4""",209.0,USA,"Arlington, TX",False,D,14,0,6,6,1.43,0.43,0.0,0.43,29.4,17.5,0,0,3,3,0,0,0,0,0,0,0,0,0,0.0,-1,62,20,0.0,15,22,20,16,19,23,3,0,0,0,0.0,3,8,3,6,0,391,196,80,115,19574,3785,899,14890,FLA,,
2025-2026,20251107,17,STL,15228,Mathieu Joseph,ROSTER,28.0,"6'1""",190.0,Canada,"Chambly, QC",False,RW,14,2,4,6,1.29,0.29,0.14,0.43,26.0,5.0,0,0,0,0,1,0,1,1,0,0,0,0,0,0.0,1,30,18,11.1,8,2,10,26,12,8,6,7,3,4,42.9,1,2,3,6,0,241,131,56,56,10614,2073,929,7612,STL,Central,Western
2025-2026,20251107,21,VAN,13638,Pierre-Olivier Joseph,ROSTER,26.0,"6'2""",185.0,Canada,"Chambly, QC",True,D,8,0,1,1,1.12,0.12,0.0,0.12,11.1,5.0,0,0,0,0,0,0,0,0,0,0,0,0,0,0.0,-2,19,9,0.0,7,9,1,3,7,2,2,0,0,0,0.0,1,2,1,2,0,148,93,17,38,6162,595,100,5467,VAN,Pacific,Western
2025-2026,20251107,12,TOR,18183,Dakota Joshua,ROSTER,29.0,"6'2""",183.0,USA,"Dearborn, MI",False,C,14,2,3,5,1.0,0.21,0.14,0.36,44.2,5.0,0,0,0,0,0,0,0,0,0,0,0,0,0,0.0,-4,25,14,14.3,12,6,5,48,10,5,4,8,1,7,12.5,1,2,3,6,0,251,140,66,47,10287,2081,1267,6939,TOR,Atlantic,Eastern
2025-2026,20251107,18,NSH,5042,Roman Josi,ROSTER,35.0,"6'1""",201.0,Switzerland,Bern,False,D,8,1,4,5,2.38,0.5,0.12,0.62,22.4,15.0,0,0,2,2,0,0,0,0,0,0,0,0,0,0.0,-4,42,19,5.3,15,19,4,4,19,12,3,0,0,0,0.0,3,6,2,4,0,217,105,39,74,11561,3762,953,6846,NSH,Central,Western
2025-2026,20251107,18,NSH,9636,Tyson Jost,ROSTER,27.0,"5'11""",187.0,Canada,"St. Albert, AB",False,C,13,1,1,2,1.23,0.08,0.08,0.15,18.0,10.0,0,0,0,0,0,0,0,0,0,0,0,0,0,0.0,-4,25,16,6.2,6,7,2,17,17,3,7,19,9,10,47.4,2,4,3,6,0,214,109,42,65,9880,1254,689,7935,NSH,Central,Western
2025-2026,20251107,6,PHI,5621,Noah Juulsen,ROSTER,28.0,"6'2""",193.0,Canada,"Surrey, BC",False,D,14,0,1,1,0.5,0.07,0.0,0.07,27.5,5.0,0,0,0,0,0,0,0,0,0,0,0,0,0,0.0,-1,19,7,0.0,10,8,4,24,32,10,2,0,0,0,0.0,1,2,2,4,0,269,137,31,101,11064,1102,395,9567,PHI,Metropolitan,Eastern
2025-2026,20251107,23,CGY,4766,Nazem Kadri,ROSTER,35.0,"6'0""",192.0,Canada,"London, ON",False,C,15,4,7,11,2.93,0.47,0.27,0.73,14.5,20.0,1,1,3,4,0,0,0,0,0,0,1,0,1,100.0,-6,91,44,9.1,6,28,19,11,13,17,4,177,79,98,44.6,4,8,6,12,0,343,173,91,84,18271,6802,1461,10242,CGY,Pacific,Western
2025-2026,20251107,20,CHI,56352,Wyatt Kaiser,ROSTER,23.0,"6'0""",173.0,USA,"Ham Lake, MN",False,D,14,0,2,2,0.86,0.14,0.0,0.14,20.2,25.0,0,0,0,0,0,0,0,0,0,0,0,0,0,0.0,5,36,12,0.0,9,12,12,14,28,16,7,0,0,0,0.0,5,10,4,8,0,349,194,32,118,16466,1414,254,14608,CHI,Central,Western
2025-2026,20251107,143,SEA,17126,Kaapo Kakko,ROSTER,24.0,"6'3""",199.0,Finland,Turku,False,RW,3,0,0,0,1.33,0.0,0.0,0.0,1.9,5.0,0,0,0,0,0,0,0,0,0,0,0,0,0,0.0,-2,10,4,0.0,1,3,3,1,0,3,0,1,0,1,0.0,1,2,1,2,0,61,28,25,2,2586,535,427,1381,SEA,Pacific,Western
2025-2026,20251107,13,OTT,28484,Arthur Kaliyev,ASSIGNED_TO_MINORS,24.0,"6'2""",190.0,USA,"Tashkent, Uzbekistan",True,RW,2,0,1,1,2.0,0.5,0.0,0.5,0.0,0.0,0,0,1,1,0,0,0,0,0,0,0,0,0,0.0,0,8,4,0.0,0,3,1,0,0,2,0,0,0,0,0.0,0,0,0,0,0,28,14,9,5,1273,251,119,903,OTT,Atlantic,Eastern
2025-2026,20251107,21,VAN,4656,Evander Kane,ROSTER,34.0,"6'2""",210.0,Canada,"Vancouver, BC",False,LW,15,3,5,8,2.93,0.33,0.2,0.53,30.2,60.0,1,1,1,2,0,0,0,0,0,0,0,0,0,0.0,-3,87,44,6.8,9,21,22,31,13,16,3,11,3,8,27.3,10,28,9,18,0,302,139,83,84,15617,3846,1745,10059,VAN,Pacific,Western
2025-2026,20251107,16,DET,4265,Patrick Kane,ROSTER,36.0,"5'10""",177.0,USA,"Buffalo, NY",False,RW,5,2,3,5,1.8,0.6,0.4,1.0,2.5,0.0,0,1,2,3,0,0,0,1,0,0,0,0,0,0.0,-2,16,9,22.2,1,2,5,2,2,7,0,0,0,0,0.0,0,0,1,2,0,99,48,30,23,5171,1782,700,2689,DET,Atlantic,Eastern
2025-2026,20251107,24,EDM,5428,Kasperi Kapanen,ROSTER,29.0,"6'1""",194.0,Finland,Kuopio,False,RW,6,0,2,2,0.67,0.33,0.0,0.33,14.7,0.0,0,0,0,0,0,0,0,0,0,0,1,1,0,0.0,-2,10,4,0.0,4,5,1,16,6,4,1,1,0,1,0.0,0,0,0,0,0,92,50,26,16,4423,1059,447,2917,EDM,Pacific,Western
2025-2026,20251107,14,MTL,37995,Oliver Kapanen,ROSTER,22.0,"6'1""",182.0,Sweden,"Sundsvall, Sweden",True,C,14,5,3,8,1.29,0.21,0.36,0.57,16.7,10.0,1,0,0,0,1,0,1,1,0,0,0,0,0,0.0,1,30,18,27.8,9,6,6,8,11,4,2,66,36,30,54.5,2,4,1,2,0,226,129,21,81,10640,860,57,9723,MTL,Atlantic,Eastern
2025-2026,20251107,25,MIN,5730,Kirill Kaprizov,ROSTER,28.0,"5'10""",192.0,Russia,Novokuznetsk,False,LW,15,8,11,19,3.27,0.73,0.53,1.27,9.6,5.0,2,5,4,9,0,0,0,0,0,0,1,0,0,0.0,-4,96,49,16.3,5,22,25,5,9,21,1,1,0,1,0.0,1,2,4,8,0,316,154,115,54,20515,4566,2312,13637,MIN,Central,Western
2025-2026,20251107,10,PIT,4660,Erik Karlsson,ROSTER,35.0,"6'0""",190.0,Sweden,Landsbro,False,D,15,1,11,12,1.93,0.73,0.07,0.8,22.7,10.0,0,0,3,3,0,0,0,0,0,0,0,0,0,0.0,6,84,29,3.4,17,33,24,0,22,26,10,0,0,0,0.0,2,4,2,4,0,372,173,108,83,20936,4082,2855,13548,PIT,Metropolitan,Eastern
2025-2026,20251107,21,VAN,39290,Linus Karlsson,ROSTER,25.0,"6'1""",178.0,Sweden,Eksjö,True,C,12,0,3,3,1.17,0.25,0.0,0.25,13.0,5.0,0,0,0,0,0,0,0,0,0,0,0,0,0,0.0,1,31,14,0.0,4,5,12,13,9,7,1,10,2,8,20.0,1,2,1,2,0,170,96,33,41,7268,969,432,5867,VAN,Pacific,Western
2025-2026,20251107,142,VGK,5459,William Karlsson,ROSTER,32.0,"6'0""",195.0,Sweden,Märsta,False,C,13,4,2,6,2.31,0.15,0.31,0.46,19.1,10.0,1,1,0,1,1,0,1,1,0,0,0,0,0,0.0,-2,48,30,13.3,13,10,8,3,15,11,3,154,90,64,58.4,2,4,1,2,0,267,127,95,50,12420,3078,1877,7453,VGK,Pacific,Western
2025-2026,20251107,143,SEA,37962,Tye Kartye,ROSTER,24.0,"5'11""",202.0,Canada,"Kingston, ON",True,LW,13,1,1,2,0.77,0.08,0.08,0.15,31.3,5.0,0,0,0,0,0,0,0,0,0,0,0,0,0,0.0,-1,26,10,10.0,8,8,8,35,20,10,4,3,1,2,33.3,1,2,1,2,0,219,118,37,64,8878,957,242,7627,SEA,Pacific,Western
2025-2026,20251107,16,DET,43336,Marco Kasper,ROSTER,21.0,"6'1""",187.0,Austria,Innsbruck,True,C,14,3,0,3,1.79,0.0,0.21,0.21,32.0,15.0,1,1,0,1,0,0,0,0,0,0,0,0,0,0.0,-4,41,25,12.0,9,3,13,34,20,13,3,148,71,77,48.0,3,6,1,2,0,284,210,35,42,13104,1911,112,11081,DET,Atlantic,Eastern
2025-2026,20251107,11,BOS,13659,Mark Kastelic,ROSTER,26.0,"6'4""",223.0,USA,"Phoenix, AZ",False,C,16,3,1,4,1.38,0.06,0.19,0.25,45.1,34.8,1,0,0,0,0,0,0,1,0,0,0,0,0,0.0,3,48,22,13.6,21,7,19,29,15,9,6,109,63,46,57.8,5,13,10,23,1,296,146,97,56,12321,1759,1391,9171,BOS,Atlantic,Eastern
2025-2026,20251107,30,UTA,9633,Clayton Keller,ROSTER,27.0,"5'10""",170.0,USA,"Chesterfield, MO",False,RW,14,5,9,14,2.64,0.64,0.36,1.0,7.3,10.0,1,0,5,5,0,0,0,2,0,1,0,0,0,0.0,3,61,37,13.5,5,11,13,1,16,25,2,1,1,0,100.0,2,4,3,6,0,324,188,62,79,16316,2970,1016,12330,UTA,Central,Western
2025-2026,20251107,22,COL,15189,Parker Kelly,ROSTER,26.0,"6'0""",188.0,Canada,"Camrose, AB",False,C,14,2,2,4,1.21,0.14,0.14,0.29,32.3,15.0,0,0,0,0,0,0,0,1,0,0,0,0,0,0.0,2,32,17,11.8,11,10,5,30,13,7,1,41,17,24,41.5,3,6,2,4,0,228,109,40,81,9746,1132,552,8062,COL,Central,Western
2025-2026,20251107,18,NSH,43362,Joakim Kemell,ASSIGNED_TO_MINORS,21.0,"5'10""",185.0,Finland,Jyväskylän mlk,True,RW,2,0,0,0,0.5,0.0,0.0,0.0,3.7,0.0,0,0,0,0,0,0,0,0,0,0,0,0,0,0.0,0,5,1,0.0,1,3,1,4,1,0,0,1,0,1,0.0,0,0,0,0,0,28,18,10,0,1328,512,60,756,NSH,Central,Western
2025-2026,20251107,28,LAK,11731,Adrian Kempe,ROSTER,29.0,"6'2""",201.0,Sweden,Kramfors,False,RW,15,6,11,17,3.07,0.73,0.4,1.13,32.0,30.0,2,1,4,5,0,0,0,3,0,2,4,0,2,50.0,2,99,46,13.0,9,34,19,34,13,15,6,26,9,17,34.6,6,12,1,2,0,331,172,98,69,17691,4042,1986,12048,LAK,Pacific,Western
2025-2026,20251107,17,STL,38651,Matthew Kessel,ROSTER,25.0,"6'2""",205.0,USA,"Phoenix, AZ",True,D,6,0,0,0,0.5,0.0,0.0,0.0,1.9,10.0,0,0,0,0,0,0,0,0,0,0,0,0,0,0.0,2,7,3,0.0,1,2,2,1,3,1,1,0,0,0,0.0,2,4,1,2,0,82,64,9,9,3696,535,61,3100,STL,Central,Western
2025-2026,20251107,15,BUF,34838,Michael Kesselring,ROSTER,25.0,"6'4""",190.0,USA,"New Hampton, NH",True,D,5,0,0,0,1.6,0.0,0.0,0.0,13.6,5.0,0,0,0,0,0,0,0,0,0,0,0,0,0,0.0,0,18,8,0.0,8,5,5,5,11,7,1,0,0,0,0.0,1,2,0,0,0,112,74,5,33,5079,286,37,4756,BUF,Atlantic,Eastern
2025-2026,20251107,11,BOS,38009,Marat Khusnutdinov,ROSTER,23.0,"5'11""",176.0,Russia,Moskva,True,C,11,2,1,3,1.0,0.09,0.18,0.27,7.1,10.0,0,0,0,0,0,0,0,1,0,1,1,0,1,100.0,-2,16,11,18.2,4,2,3,3,7,3,5,20,11,9,55.0,2,4,3,6,0,187,132,46,12,8444,1819,481,6334,BOS,Atlantic,Eastern
2025-2026,20251107,29,ANA,5165,Alex Killorn,ROSTER,36.0,"6'1""",197.0,Canada,"Halifax, NS",False,LW,13,1,4,5,1.85,0.31,0.08,0.38,14.3,5.0,0,0,1,1,0,0,0,0,0,0,0,0,0,0.0,0,42,24,4.2,5,9,9,13,11,10,5,26,10,16,38.5,1,2,2,4,0,289,151,74,64,12924,3986,1046,7830,ANA,Pacific,Western
2025-2026,20251107,10,PIT,167594,Benjamin Kindel,ROSTER,18.0,"5'11""",181.0,Canada,"Coquitlam, BC",True,C,13,5,2,7,2.0,0.15,0.38,0.54,20.7,15.0,1,2,2,4,0,0,0,0,0,0,0,0,0,0.0,-2,47,26,19.2,12,10,11,8,19,13,2,86,40,46,46.5,3,6,2,4,0,235,196,33,5,11361,1949,276,8776,PIT,Metropolitan,Eastern
2025-2026,20251107,23,CGY,12019,Justin Kirkland,ROSTER,29.0,"6'3""",193.0,Canada,"Winnipeg, MB",False,C,9,0,1,1,0.56,0.11,0.0,0.11,11.6,0.0,0,0,0,0,0,0,0,0,0,0,2,1,0,0.0,-1,14,5,0.0,3,4,5,13,8,3,1,66,36,30,54.5,0,0,0,0,0,136,74,22,40,5168,670,275,4223,CGY,Pacific,Western
2025-2026,20251107,22,COL,17372,Joel Kiviranta,ROSTER,29.0,"5'10""",175.0,Finland,Vantaa,False,LW,5,0,0,0,0.6,0.0,0.0,0.0,8.0,0.0,0,0,0,0,0,0,0,0,0,0,0,0,0,0.0,1,5,3,0.0,2,2,0,9,8,4,0,2,2,0,100.0,0,0,1,4,0,80,49,14,17,3233,679,137,2417,COL,Central,Western
2025-2026,20251107,23,CGY,39261,Adam Klapka,ROSTER,25.0,"6'8""",245.0,Czech Republic,Praha,True,RW,14,2,2,4,1.07,0.14,0.14,0.29,41.0,74.2,0,0,1,1,0,0,0,0,0,0,0,0,0,0.0,1,36,15,13.3,10,10,11,47,13,2,2,8,1,7,12.5,9,27,4,17,3,197,169,22,8,8342,1499,71,6770,CGY,Pacific,Western
2025-2026,20251107,13,OTT,38006,Tyler Kleven,ROSTER,23.0,"6'4""",200.0,USA,"Fargo, ND",True,D,12,0,1,1,1.0,0.08,0.0,0.08,39.9,24.8,0,0,0,0,0,0,0,0,0,0,0,0,0,0.0,-5,28,12,0.0,22,7,9,18,27,18,3,0,0,0,0.0,3,9,3,9,1,274,176,47,51,11128,1306,385,9437,OTT,Atlantic,Eastern
2025-2026,20251107,26,SJS,5484,John Klingberg,ROSTER,33.0,"6'3""",185.0,Sweden,Gothenburg,False,D,8,2,3,5,1.5,0.38,0.25,0.62,17.9,10.0,0,2,1,3,0,0,0,0,0,0,0,0,0,0.0,0,26,12,16.7,9,11,3,10,10,9,1,0,0,0,0.0,2,4,1,2,0,178,92,50,38,9981,2750,620,6611,SJS,Pacific,Western
2025-2026,20251107,12,TOR,37990,Matthew Knies,ROSTER,23.0,"6'3""",205.0,USA,"Phoenix, AZ",True,LW,14,5,13,18,2.07,0.93,0.36,1.29,30.1,20.0,1,2,0,2,0,0,0,0,0,0,0,0,0,0.0,6,45,29,17.2,8,12,4,33,7,13,4,0,0,0,0.0,4,8,4,8,0,329,251,52,32,16883,3941,1209,11735,TOR,Atlantic,Eastern
2025-2026,20251107,2,WPJ,30052,Cole Koepke,ROSTER,27.0,"6'1""",195.0,USA,"Two Harbors, MN",True,LW,13,0,2,2,0.92,0.15,0.0,0.15,27.7,20.0,0,0,0,0,0,0,0,0,0,0,0,0,0,0.0,-3,23,12,0.0,4,3,8,38,7,5,5,0,0,0,0.0,2,12,3,6,0,196,124,52,20,7979,1443,831,5705,WPG,,
2025-2026,20251107,10,PIT,32282,Ville Koivunen,ROSTER,22.0,"5'11""",161.0,Finland,Oulu,True,RW,8,0,1,1,1.0,0.12,0.0,0.12,5.9,0.0,0,0,0,0,0,0,0,0,0,0,1,0,0,0.0,-1,17,8,0.0,4,8,2,1,10,4,1,0,0,0,0.0,0,0,0,0,0,126,77,15,27,5970,761,135,4711,PIT,Metropolitan,Eastern
2025-2026,20251107,142,VGK,17370,Keegan Kolesar,ROSTER,28.0,"6'2""",216.0,Canada,"Winnipeg, MB",True,RW,13,0,2,2,0.77,0.15,0.0,0.15,37.8,19.8,0,0,0,0,0,0,0,0,0,0,0,0,0,0.0,-3,16,10,0.0,12,3,3,37,15,5,1,3,1,2,33.3,2,7,1,5,1,204,96,57,52,8147,1696,575,5864,VGK,Pacific,Western
2025-2026,20251107,6,PHI,5619,Travis Konecny,ROSTER,28.0,"5'10""",175.0,Canada,"London, ON",False,RW,14,5,7,12,2.5,0.5,0.36,0.86,26.9,29.8,1,0,2,2,1,0,1,1,0,0,1,0,0,0.0,3,60,35,14.3,10,12,13,23,14,25,7,13,4,9,30.8,4,11,4,11,1,337,168,70,104,16014,2294,957,12763,PHI,Metropolitan,Eastern
2025-2026,20251107,28,LAK,4033,Anze Kopitar,ROSTER,38.0,"6'3""",225.0,Slovenia,Jesenice,False,C,11,1,6,7,1.55,0.55,0.09,0.64,22.5,10.0,0,1,3,4,0,0,0,0,0,0,0,0,0,0.0,6,40,17,5.9,12,7,16,11,8,16,4,205,113,92,55.1,2,4,3,6,0,231,116,57,59,12431,4179,1178,7074,LAK,Pacific,Western
2025-2026,20251107,10,PIT,17958,Joona Koppanen,ROSTER,27.0,"6'5""",194.0,Finland,Tampere,False,LW,1,0,0,0,1.0,0.0,0.0,0.0,0.0,0.0,0,0,0,0,0,0,0,0,0,0,0,0,0,0.0,0,1,1,0.0,0,0,0,0,1,0,1,8,2,6,25.0,0,0,0,0,0,19,4,4,11,687,141,0,546,PIT,Metropolitan,Eastern
2025-2026,20251107,142,VGK,17144,Kaedan Korczak,ROSTER,24.0,"6'3""",192.0,Canada,"Yorkton, SK",True,D,13,1,1,2,1.08,0.08,0.08,0.15,44.6,25.0,0,0,0,0,0,0,0,0,0,0,0,0,0,0.0,4,32,14,7.1,22,12,6,26,27,11,1,0,0,0,0.0,5,10,1,2,0,291,185,77,30,12830,2393,1060,9377,VGK,Pacific,Western
2025-2026,20251107,3,CAR,14526,Jesperi Kotkaniemi,ROSTER,25.0,"6'2""",198.0,Finland,Pori,False,C,11,1,2,3,1.0,0.18,0.09,0.27,21.4,0.0,0,0,0,0,0,0,0,0,0,0,0,0,0,0.0,3,21,11,9.1,9,5,5,16,12,8,2,74,36,38,48.6,0,0,2,4,0,159,82,38,39,7004,411,549,6039,CAR,Metropolitan,Eastern
2025-2026,20251107,15,BUF,34472,Tyson Kozak,ROSTER,22.0,"5'11""",173.0,Canada,"Souris, MB",True,C,8,2,0,2,0.75,0.0,0.25,0.25,18.9,0.0,0,0,0,0,0,0,0,0,0,0,0,0,0,0.0,1,9,6,33.3,4,2,1,23,10,2,2,68,31,37,45.6,0,0,2,4,0,114,75,19,22,4755,759,84,3912,BUF,Atlantic,Eastern
2025-2026,20251107,15,BUF,17149,Peyton Krebs,ROSTER,24.0,"5'11""",180.0,Canada,"Okotoks, AB",True,C,14,0,3,3,1.0,0.21,0.0,0.21,27.0,37.2,0,0,0,0,0,0,0,0,0,0,0,0,0,0.0,-4,23,14,0.0,7,5,4,30,17,5,4,104,47,57,45.2,5,15,7,17,1,266,162,42,62,11413,1206,494,9713,BUF,Atlantic,Eastern
2025-2026,20251107,29,ANA,5104,Chris Kreider,ROSTER,34.0,"6'3""",217.0,USA,"Boxford, MA",False,LW,9,9,1,10,3.0,0.11,1.0,1.11,7.5,20.0,3,5,0,5,0,0,0,1,0,0,0,0,0,0.0,2,45,27,33.3,3,7,11,6,4,10,2,1,0,1,0.0,4,8,1,2,0,188,108,50,39,8906,2701,509,5696,ANA,Pacific,Western
2025-2026,20251107,1,TBL,5300,Nikita Kucherov,ROSTER,32.0,"5'11""",180.0,Russia,Moscow,False,RW,12,7,7,14,3.08,0.58,0.58,1.17,5.2,5.0,2,2,2,4,0,0,0,1,0,1,0,0,0,0.0,-2,105,37,18.9,3,38,30,2,6,19,4,0,0,0,0.0,1,2,5,10,0,273,143,80,57,14976,5255,1690,8032,TBL,Atlantic,Eastern
2025-2026,20251107,24,EDM,5554,Brett Kulak,ROSTER,31.0,"6'2""",197.0,Canada,"Stony Plain, AB",False,D,15,0,2,2,1.27,0.13,0.0,0.13,15.8,5.0,0,0,0,0,0,0,0,0,0,0,0,0,0,0.0,2,42,19,0.0,11,17,6,2,12,12,2,0,0,0,0.0,1,2,0,0,0,323,189,47,81,16535,3303,1283,11703,EDM,Pacific,Western
2025-2026,20251107,15,BUF,43367,Jiri Kulich,ROSTER,21.0,"5'11""",178.0,Czech Republic,Kadan,True,C,12,3,2,5,1.67,0.17,0.25,0.42,21.3,10.0,1,0,0,0,0,0,0,0,0,0,0,0,0,0.0,-4,43,20,15.0,12,13,10,9,9,10,1,163,68,95,41.7,2,4,4,8,0,272,185,42,48,11782,2172,126,9484,BUF,Atlantic,Eastern
2025-2026,20251107,4,FLO,4706,Dmitry Kulikov,INJURY_LIST,35.0,"6'1""",199.0,Russia,Lipetsk,False,D,2,0,0,0,0.5,0.0,0.0,0.0,0.6,0.0,0,0,0,0,0,0,0,0,0,0,0,0,0,0.0,-1,1,1,0.0,0,0,0,1,0,2,0,0,0,0,0.0,0,0,0,0,0,34,18,7,9,1293,463,134,696,FLA,,
2025-2026,20251107,4,FLO,9641,Luke Kunin,ROSTER,27.0,"6'0""",197.0,USA,"Chesterfield, MO",False,C,10,0,1,1,0.5,0.1,0.0,0.1,25.4,10.0,0,0,0,0,0,0,0,0,0,0,0,0,0,0.0,0,11,5,0.0,12,3,3,16,12,6,1,102,47,55,46.1,2,4,1,2,0,145,73,44,28,6285,909,852,4524,FLA,,
2025-2026,20251107,11,BOS,5568,Sean Kuraly,ROSTER,32.0,"6'2""",213.0,USA,"Dublin, OH",False,C,16,2,3,5,1.38,0.19,0.12,0.31,24.1,15.0,0,0,0,0,0,0,0,0,0,0,0,0,0,0.0,3,47,22,9.1,11,12,13,16,14,17,5,161,75,86,46.6,3,6,2,4,0,305,138,59,110,13474,3358,599,9517,BOS,Atlantic,Eastern
2025-2026,20251107,26,SJS,17991,Philipp Kurashev,ROSTER,26.0,"6'0""",190.0,Switzerland,Münsingen,False,C,12,5,4,9,2.17,0.33,0.42,0.75,13.7,5.0,1,0,0,0,0,0,0,1,0,1,1,1,0,0.0,5,44,26,19.2,5,9,9,12,12,13,4,20,11,9,55.0,1,2,1,2,0,264,138,72,59,12873,2000,891,9982,SJS,Pacific,Western
2025-2026,20251107,28,LAK,39780,Andrei Kuzmenko,ROSTER,29.0,"5'11""",194.0,Russia,Yakutsk,True,LW,15,3,4,7,1.53,0.27,0.2,0.47,14.9,5.0,1,2,1,3,0,0,0,0,0,0,2,0,0,0.0,0,49,23,13.0,5,14,12,14,16,22,2,0,0,0,0.0,1,2,5,10,0,247,215,32,3,14352,2566,349,11437,LAK,Pacific,Western
2025-2026,20251107,23,CGY,30014,Yan Kuznetsov,ROSTER,23.0,"6'4""",209.0,Russia,Murmansk,True,D,1,0,1,1,1.0,1.0,0.0,1.0,2.5,0.0,0,0,0,0,0,0,0,0,0,0,0,0,0,0.0,2,1,1,0.0,1,0,0,2,1,2,0,0,0,0,0.0,0,0,0,0,0,18,15,4,0,836,108,123,515,CGY,Pacific,Western
2025-2026,20251107,17,STL,13677,Jordan Kyrou,ROSTER,27.0,"6'0""",175.0,Canada,"Toronto, ON",False,RW,14,4,4,8,2.29,0.29,0.29,0.57,11.8,0.0,1,1,2,3,0,0,0,0,0,0,1,0,0,0.0,-8,70,32,12.5,8,21,17,2,10,4,6,1,0,1,0.0,0,0,3,6,0,298,160,84,58,14599,2755,814,11030,STL,Central,Western
2025-2026,20251107,9,NYR,56552,Noah Laba,ROSTER,22.0,"6'1""",181.0,USA,"Northville, MI",False,C,14,2,2,4,0.93,0.14,0.14,0.29,21.1,10.0,0,0,1,1,0,0,0,0,0,0,0,0,0,0.0,2,24,13,15.4,11,4,7,11,16,6,3,94,49,45,52.1,2,4,2,4,0,236,175,30,22,9906,1551,185,7607,NYR,Metropolitan,Eastern
2025-2026,20251107,21,VAN,11363,Joseph Labate,ASSIGNED_TO_MINORS,32.0,"6'3""",213.0,USA,"Eagan, MN",True,C,1,0,0,0,2.0,0.0,0.0,0.0,6.2,0.0,0,0,0,0,0,0,0,0,0,0,0,0,0,0.0,-1,3,2,0.0,2,0,1,6,1,0,0,2,1,1,50.0,0,0,0,0,0,16,11,1,4,572,139,0,433,VAN,Pacific,Western
2025-2026,20251107,29,ANA,38017,Jackson LaCombe,ROSTER,24.0,"6'2""",201.0,USA,"Eden Prairie, MN",True,D,13,0,5,5,1.92,0.38,0.0,0.38,40.4,5.0,0,0,2,2,0,0,0,0,0,0,0,0,0,0.0,2,72,25,0.0,25,31,16,12,28,21,6,0,0,0,0.0,1,2,2,4,0,362,184,66,113,19751,3043,883,15824,ANA,Pacific,Western
2025-2026,20251107,28,LAK,56457,Alex Laferriere,ROSTER,24.0,"6'0""",173.0,USA,"Chatham, New Jersey",False,RW,15,3,3,6,2.0,0.2,0.2,0.4,37.2,10.0,1,0,0,0,1,0,1,0,0,0,0,0,0,0.0,-4,61,30,10.0,12,15,16,36,20,15,3,61,25,36,41.0,2,4,3,6,0,315,199,44,75,14283,1436,685,12162,LAK,Pacific,Western
2025-2026,20251107,20,CHI,17188,Sam Lafferty,ROSTER,30.0,"6'1""",195.0,USA,"Hollidaysburg, PA",True,C,3,0,0,0,0.0,0.0,0.0,0.0,2.9,10.0,0,0,0,0,0,0,0,0,0,0,0,0,0,0.0,0,1,0,0.0,0,1,0,5,0,1,0,2,0,2,0.0,2,4,0,0,0,38,16,16,6,1401,145,398,858,CHI,Central,Western
2025-2026,20251107,9,NYR,19048,Alexis Lafrenière,ROSTER,24.0,"6'1""",193.0,Canada,"St-Eustache, QC",True,LW,14,1,5,6,2.29,0.36,0.07,0.43,23.8,10.0,0,0,1,1,0,0,0,1,0,0,0,0,0,0.0,-9,59,32,3.1,9,14,16,20,19,5,3,5,1,4,20.0,2,4,1,2,0,306,206,72,16,14987,3551,848,9995,NYR,Metropolitan,Eastern
2025-2026,20251107,14,MTL,9628,Patrik Laine,ROSTER,27.0,"6'5""",206.0,Finland,Tampere,False,LW,5,0,1,1,1.2,0.2,0.0,0.2,1.2,5.0,0,0,0,0,0,0,0,0,0,0,0,0,0,0.0,-3,20,6,0.0,0,8,6,2,2,2,0,3,2,1,66.7,1,2,1,2,0,73,46,19,8,3782,716,426,2640,MTL,Atlantic,Eastern
2025-2026,20251107,2,WPJ,53331,Brad Lambert,ROSTER,21.0,"6'1""",183.0,Finland,Lahti,True,C,4,1,0,1,0.75,0.0,0.25,0.25,3.1,5.0,0,0,0,0,0,0,0,0,0,0,0,0,0,0.0,-1,6,3,33.3,1,2,1,3,3,3,0,1,0,1,0.0,1,2,0,0,0,49,35,9,6,2166,337,94,1735,WPG,,
2025-2026,20251107,7,NJD,15266,Juho Lammikko,ROSTER,29.0,"6'2""",207.0,Finland,Noormarkku,False,C,5,0,0,0,1.2,0.0,0.0,0.0,7.5,0.0,0,0,0,0,0,0,0,0,0,0,0,0,0,0.0,-1,7,6,0.0,3,0,1,6,0,1,0,37,18,19,48.6,0,0,0,0,0,74,44,15,15,3029,732,87,2210,NJD,Metropolitan,Eastern
2025-2026,20251107,22,COL,4986,Gabriel Landeskog,ROSTER,32.0,"6'1""",215.0,Sweden,Stockholm,False,LW,14,0,4,4,1.43,0.29,0.0,0.29,17.7,34.8,0,0,0,0,0,0,0,0,0,0,0,0,0,0.0,0,42,20,0.0,4,12,10,21,15,8,5,20,13,7,65.0,5,13,4,11,1,265,139,93,33,11733,2716,2086,6931,COL,Central,Western
2025-2026,20251107,5,WSH,28519,Hendrix Lapierre,ROSTER,23.0,"6'0""",179.0,Canada,"Gatineau, QC",True,C,13,0,2,2,1.0,0.15,0.0,0.15,11.6,10.0,0,0,0,0,0,0,0,0,0,0,0,0,0,0.0,0,28,13,0.0,3,4,11,13,8,12,2,54,21,33,38.9,2,4,1,2,0,185,125,36,22,8505,1824,488,6095,WSH,Metropolitan,Eastern
2025-2026,20251107,16,DET,5829,Dylan Larkin,ROSTER,29.0,"6'1""",198.0,USA,"Waterford, MI",False,C,14,8,10,18,2.86,0.71,0.57,1.29,11.5,20.0,2,3,2,5,0,0,0,3,0,1,1,1,0,0.0,6,83,40,20.0,6,16,27,6,8,16,1,279,155,124,55.6,4,8,6,12,0,345,166,56,131,17298,3477,584,13237,DET,Atlantic,Eastern
2025-2026,20251107,143,SEA,4989,Adam Larsson,ROSTER,32.0,"6'3""",208.0,Sweden,Skelleftea,False,D,13,0,2,2,0.85,0.15,0.0,0.15,57.5,15.0,0,0,0,0,0,0,0,0,0,0,0,0,0,0.0,-7,23,11,0.0,33,11,1,23,12,6,2,0,0,0,0.0,3,6,0,0,0,337,181,56,93,17601,2840,1049,13343,SEA,Pacific,Western
2025-2026,20251107,12,TOR,5139,Scott Laughton,ROSTER,31.0,"6'1""",190.0,Canada,"Oakville, ON",False,C,1,0,0,0,0.0,0.0,0.0,0.0,1.8,5.0,0,0,0,0,0,0,0,0,0,0,0,0,0,0.0,-1,1,0,0.0,0,0,1,3,1,1,0,9,5,4,55.6,1,2,0,0,0,19,10,6,3,657,187,25,445,TOR,Atlantic,Eastern
2025-2026,20251107,142,VGK,15369,Jeremy Lauzon,ROSTER,28.0,"6'1""",204.0,Canada,"Val-dOr, QC",False,D,13,0,3,3,0.69,0.23,0.0,0.23,57.6,49.8,0,0,0,0,0,0,0,0,0,0,0,0,0,0.0,2,34,9,0.0,22,14,11,48,27,8,1,0,0,0,0.0,8,19,4,14,1,304,157,56,92,13064,2702,714,9636,VGK,Pacific,Western
2025-2026,20251107,24,EDM,5454,Curtis Lazar,ROSTER,30.0,"6'0""",211.0,Canada,"Salmon Arm, BC",False,C,4,1,0,1,0.5,0.0,0.25,0.25,9.3,0.0,0,0,0,0,0,0,0,0,0,0,0,0,0,0.0,0,8,2,50.0,3,2,4,9,5,0,0,11,6,5,54.5,0,0,0,0,0,57,34,13,8,2406,447,60,1858,EDM,Pacific,Western
2025-2026,20251107,26,SJS,4834,Nick Leddy,ROSTER,34.0,"6'0""",207.0,USA,"Eden Prairie, MN",False,D,7,0,2,2,0.14,0.29,0.0,0.29,14.5,10.0,0,0,0,0,0,0,0,0,0,0,0,0,0,0.0,-4,4,1,0.0,10,2,1,2,3,4,4,0,0,0,0.0,2,4,0,0,0,149,78,26,45,7223,1710,161,5352,SJS,Pacific,Western
2025-2026,20251107,8,NYI,5199,Anders Lee,ROSTER,35.0,"6'3""",231.0,USA,"Edina, MN",False,LW,13,2,7,9,3.0,0.54,0.15,0.69,20.4,30.0,0,0,1,1,0,0,0,1,0,0,0,0,0,0.0,-1,66,39,5.1,10,6,21,12,19,6,3,18,11,7,61.1,6,12,6,12,0,249,131,64,56,11775,2709,800,8266,NYI,Metropolitan,Eastern
2025-2026,20251107,3,CAR,142373,Charles-Alexis Legault,ROSTER,22.0,"6'3""",208.0,Canada,"Montreal, QB",True,D,6,0,0,0,1.33,0.0,0.0,0.0,8.9,15.0,0,0,0,0,0,0,0,0,0,0,0,0,0,0.0,2,18,8,0.0,4,5,5,6,9,6,1,0,0,0,0.0,3,6,0,0,0,117,106,3,8,4833,634,68,4131,CAR,Metropolitan,Eastern
2025-2026,20251107,22,COL,10064,Artturi Lehkonen,ROSTER,30.0,"6'0""",180.0,Finland,Piikkiö,False,LW,14,4,8,12,2.43,0.57,0.29,0.86,22.8,0.0,1,0,0,0,0,0,0,0,0,0,1,0,0,0.0,11,59,34,11.8,14,10,15,7,18,12,1,1,0,1,0.0,0,0,2,4,0,335,166,86,86,16443,3902,1448,11093,COL,Central,Western
2025-2026,20251107,21,VAN,56699,Jonathan Lekkerimäki,INJURY_LIST,21.0,"5'10""",165.0,Sweden,Huddinge,False,RW,4,1,0,1,0.75,0.0,0.25,0.25,5.6,0.0,0,0,0,0,0,0,0,0,0,0,0,0,0,0.0,0,7,3,33.3,2,2,2,5,5,3,0,0,0,0,0.0,0,0,2,4,0,48,39,4,6,2376,312,0,2064,VAN,Pacific,Western
2025-2026,20251107,5,WSH,142776,Ryan Leonard,ROSTER,,,,,,False,RW,14,3,4,7,1.64,0.29,0.21,0.5,20.2,15.0,1,1,0,1,0,0,0,2,0,0,1,1,0,0.0,4,65,23,13.0,5,25,17,23,23,21,4,5,3,2,60.0,3,6,6,12,0,237,203,28,5,10995,1716,157,8963,WSH,Metropolitan,Eastern
2025-2026,20251107,10,PIT,4030,Kris Letang,ROSTER,38.0,"6'0""",201.0,Canada,"Montreal, QC",False,D,15,1,6,7,1.33,0.4,0.07,0.47,43.2,12.5,0,1,2,3,0,0,0,0,0,0,0,0,0,0.0,7,50,20,5.0,24,20,10,19,27,20,3,0,0,0,0.0,2,6,1,2,0,357,160,76,112,19425,4274,1123,13492,PIT,Metropolitan,Eastern
2025-2026,20251107,20,CHI,142389,Artyom Levshunov,ROSTER,,,,,,False,D,13,0,6,6,0.92,0.46,0.0,0.46,19.6,25.0,0,0,2,2,0,0,0,0,0,0,0,0,0,0.0,3,23,12,0.0,9,8,3,13,19,17,1,0,0,0,0.0,5,10,1,2,0,238,198,28,7,11878,1498,89,10035,CHI,Central,Western
2025-2026,20251107,26,SJS,15133,Timothy Liljegren,ROSTER,26.0,"6'0""",190.0,Sweden,Kristianstad,False,D,11,0,3,3,0.73,0.27,0.0,0.27,37.0,15.0,0,0,0,0,0,0,0,0,0,0,0,0,0,0.0,-1,30,8,0.0,22,14,8,13,17,13,1,0,0,0,0.0,3,6,1,2,0,267,135,58,74,13639,1703,393,11543,SJS,Pacific,Western
2025-2026,20251107,27,DAL,5910,Esa Lindell,ROSTER,31.0,"6'3""",215.0,Finland,Helsinki,False,D,14,1,3,4,0.86,0.21,0.07,0.29,43.8,10.0,0,0,0,0,0,0,0,0,0,0,0,0,0,0.0,4,28,12,8.3,28,11,5,11,27,19,6,0,0,0,0.0,2,4,1,2,0,336,166,76,90,18918,4688,1131,12853,DAL,Central,Western
2025-2026,20251107,143,SEA,14122,Ryan Lindgren,ROSTER,27.0,"6'0""",191.0,USA,"Minneapolis, MN",False,D,13,0,2,2,0.62,0.15,0.0,0.15,32.1,59.7,0,0,0,0,0,0,0,0,0,0,0,0,0,0.0,-1,31,8,0.0,21,15,8,7,12,16,1,0,0,0,0.0,8,27,2,7,1,327,191,70,58,14700,2270,695,11415,SEA,Pacific,Western
2025-2026,20251107,11,BOS,5260,Elias Lindholm,ROSTER,30.0,"6'1""",195.0,Sweden,Boden,False,C,13,4,5,9,1.69,0.38,0.31,0.69,29.8,20.0,1,4,3,7,0,0,0,1,0,0,0,0,0,0.0,-3,48,22,18.2,14,14,12,19,5,12,3,228,131,97,57.5,4,8,1,2,0,268,134,43,95,13800,3630,268,9902,BOS,Atlantic,Eastern
2025-2026,20251107,11,BOS,5228,Hampus Lindholm,ROSTER,31.0,"6'3""",208.0,Sweden,Helsingborg,False,D,8,0,2,2,1.25,0.25,0.0,0.25,13.9,17.5,0,0,0,0,0,0,0,0,0,0,0,0,0,0.0,-1,29,10,0.0,10,10,9,1,12,9,2,0,0,0,0.0,3,8,1,2,0,199,113,31,55,9321,1697,133,7491,BOS,Atlantic,Eastern
2025-2026,20251107,10,PIT,15998,Blake Lizotte,ROSTER,27.0,"5'7""",175.0,USA,"Lindstro, MN",True,C,15,2,1,3,1.2,0.07,0.13,0.2,18.9,5.0,0,0,0,0,0,0,0,0,0,0,0,0,0,0.0,2,30,18,11.1,8,8,6,14,27,13,1,109,55,54,50.5,1,2,1,2,0,298,178,76,38,12612,2099,999,9238,PIT,Metropolitan,Eastern
2025-2026,20251107,11,BOS,38000,Mason Lohrei,ROSTER,24.0,"6'4""",195.0,USA,"Verona, WI",True,D,11,1,5,6,0.82,0.45,0.09,0.55,21.6,0.0,0,1,0,1,0,0,0,0,0,0,0,0,0,0.0,0,37,9,11.1,14,16,12,5,19,12,3,0,0,0,0.0,0,0,1,2,0,264,193,58,14,11956,1954,519,9483,BOS,Atlantic,Eastern
2025-2026,20251107,23,CGY,13954,Ryan Lomberg,ROSTER,30.0,"5'9""",187.0,Canada,"Richmond Hill, ON",False,LW,15,0,1,1,0.8,0.07,0.0,0.07,39.0,34.5,0,0,0,0,0,0,0,0,0,0,0,0,0,0.0,1,21,12,0.0,5,3,6,55,7,4,0,6,1,5,16.7,3,12,5,16,2,191,103,43,45,7983,1414,739,5830,CGY,Pacific,Western
2025-2026,20251107,12,TOR,5781,Steven Lorentz,ROSTER,29.0,"6'3""",192.0,Canada,"Waterloo, ON",False,C,9,0,4,4,0.89,0.44,0.0,0.44,21.7,0.0,0,0,0,0,0,0,0,0,0,0,0,0,0,0.0,-3,14,8,0.0,7,2,4,21,6,4,1,15,6,9,40.0,0,0,0,0,0,124,64,44,16,5461,1152,847,3462,TOR,Atlantic,Eastern
2025-2026,20251107,2,WPJ,5456,Adam Lowry,ROSTER,32.0,"6'5""",210.0,USA,"St. Louis, MO",False,C,1,0,0,0,1.0,0.0,0.0,0.0,5.0,0.0,0,0,0,0,0,0,0,0,0,0,0,0,0,0.0,-1,1,1,0.0,2,0,0,4,0,1,0,13,1,12,7.7,0,0,0,0,0,26,10,6,10,848,197,0,651,WPG,,
2025-2026,20251107,6,PHI,142694,Jett Luchanko,ROSTER,,,,,,False,C,4,0,0,0,0.25,0.0,0.0,0.0,5.2,5.0,0,0,0,0,0,0,0,0,0,0,0,0,0,0.0,-3,2,1,0.0,3,0,1,2,5,1,0,21,11,10,52.4,1,2,1,2,0,45,40,3,2,2152,343,51,1758,PHI,Metropolitan,Eastern
2025-2026,20251107,4,FLO,30418,Anton Lundell,ROSTER,24.0,"6'1""",185.0,Finland,Espoo,True,C,14,4,6,10,1.93,0.43,0.29,0.71,23.8,20.0,1,2,2,4,1,1,2,0,0,0,2,0,1,50.0,-1,58,27,14.8,13,16,15,11,8,17,1,236,127,109,53.8,4,8,3,6,0,338,213,104,26,15735,4174,1205,10482,FLA,,
2025-2026,20251107,19,CBJ,14546,Isac Lundestrom,ROSTER,26.0,"6'0""",191.0,Sweden,Gällivare,False,C,13,0,2,2,0.62,0.15,0.0,0.15,10.9,5.0,0,0,0,0,0,0,0,0,0,0,0,0,0,0.0,1,16,8,0.0,6,4,4,5,14,10,2,101,55,46,54.5,1,2,1,2,0,217,140,36,37,9235,1214,681,7199,CBJ,Metropolitan,Eastern
2025-2026,20251107,27,DAL,14551,Nils Lundkvist,ROSTER,25.0,"5'11""",187.0,Sweden,Pitea,True,D,4,1,2,3,0.5,0.5,0.25,0.75,8.4,5.0,0,0,0,0,0,0,0,0,0,0,0,0,0,0.0,0,7,2,50.0,5,2,3,3,11,6,0,0,0,0,0.0,1,2,0,0,0,83,45,13,26,3839,139,126,3574,DAL,Central,Western
2025-2026,20251107,4,FLO,17339,Eetu Luostarinen,ROSTER,27.0,"6'3""",184.0,Finland,Siilinjrvi,False,C,14,2,4,6,1.57,0.29,0.14,0.43,37.3,15.0,0,1,0,1,0,1,1,0,0,0,0,0,0,0.0,1,40,22,9.1,13,7,11,34,21,7,1,14,8,6,57.1,3,6,6,14,0,306,153,92,63,13877,1984,1866,10027,FLA,,
2025-2026,20251107,13,OTT,30087,Olle Lycksell,ROSTER,26.0,"5'10""",165.0,Sweden,Oskarshamn,True,RW,5,1,0,1,1.2,0.0,0.2,0.2,5.2,0.0,0,0,0,0,0,0,0,1,0,0,0,0,0,0.0,-2,9,6,16.7,3,1,2,2,3,1,0,0,0,0,0.0,0,0,1,2,0,71,50,12,10,3130,467,405,2258,OTT,Atlantic,Eastern
2025-2026,20251107,27,DAL,15176,Ilya Lyubushkin,ROSTER,31.0,"6'2""",201.0,Russia,Moskva,False,D,12,0,1,1,0.58,0.08,0.0,0.08,41.6,17.5,0,0,0,0,0,0,0,0,0,0,0,0,0,0.0,2,12,7,0.0,25,3,2,14,28,17,1,0,0,0,0.0,3,8,0,0,0,251,135,42,73,11682,1665,492,9479,DAL,Central,Western
2025-2026,20251107,30,UTA,5259,Olli Maatta,ROSTER,31.0,"6'2""",206.0,Finland,Jyväskylä,False,D,14,0,1,1,0.36,0.07,0.0,0.07,14.7,0.0,0,0,0,0,0,0,0,0,0,0,0,0,0,0.0,1,13,5,0.0,11,4,4,0,33,12,1,0,0,0,0.0,0,0,0,0,0,218,146,22,50,9886,1451,439,7996,UTA,Central,Western
2025-2026,20251107,12,TOR,28458,Matias Maccelli,ROSTER,25.0,"5'11""",165.0,Finland,Turku,True,LW,13,3,4,7,0.92,0.31,0.23,0.54,5.9,0.0,1,0,0,0,0,0,0,1,0,0,0,0,0,0.0,2,26,12,25.0,4,7,7,1,12,10,3,3,2,1,66.7,0,0,1,2,0,220,143,65,15,10564,2043,889,7632,TOR,Atlantic,Eastern
2025-2026,20251107,13,OTT,11733,Kurtis MacDermid,ROSTER,31.0,"6'5""",233.0,Canada,"Sauble Beach, ON",False,LW,7,0,0,0,0.29,0.0,0.0,0.0,9.5,29.8,0,0,0,0,0,0,0,0,0,0,0,0,0,0.0,-3,2,2,0.0,4,0,0,7,2,1,0,0,0,0,0.0,4,11,3,9,1,59,27,20,12,1861,215,367,1279,OTT,Atlantic,Eastern
2025-2026,20251107,21,VAN,13674,Mackenzie MacEachern,ROSTER,31.0,"6'2""",190.0,USA,"Bloomfield Hills, MI",False,LW,3,0,1,1,1.33,0.33,0.0,0.33,8.3,0.0,0,0,0,0,0,0,0,0,0,0,0,0,0,0.0,1,5,4,0.0,4,0,1,5,4,0,0,0,0,0,0.0,0,0,0,0,0,47,24,13,10,2043,407,88,1548,VAN,Pacific,Western
2025-2026,20251107,7,NJD,15475,Zack MacEwen,ROSTER,29.0,"6'3""",205.0,Canada,"Charlottetown, PE",True,RW,1,0,0,0,2.0,0.0,0.0,0.0,1.9,0.0,0,0,0,0,0,0,0,0,0,0,0,0,0,0.0,0,3,2,0.0,1,0,1,1,0,0,1,1,0,1,0.0,0,0,0,0,0,9,5,3,1,432,51,147,234,NJD,Metropolitan,Eastern
2025-2026,20251107,22,COL,5231,Nathan MacKinnon,ROSTER,30.0,"6'0""",200.0,Canada,"Halifax, NS",False,C,14,10,10,20,4.36,0.71,0.71,1.43,19.6,20.0,3,4,2,6,0,0,0,1,0,0,1,0,0,0.0,9,112,61,16.4,9,21,29,13,12,26,3,303,154,149,50.8,4,8,4,8,0,329,171,115,53,18267,5397,2587,10283,COL,Central,Western
2025-2026,20251107,8,NYI,34417,Kyle MacLean,ROSTER,26.0,"6'1""",190.0,USA,"Livingston, NJ",True,C,9,0,1,1,0.78,0.11,0.0,0.11,10.9,39.8,0,0,0,0,0,0,0,0,0,0,0,0,0,0.0,-4,10,7,0.0,2,0,3,14,8,2,1,16,11,5,68.8,4,19,3,9,1,121,73,33,15,5099,1071,296,3732,NYI,Metropolitan,Eastern
2025-2026,20251107,143,SEA,15128,Josh Mahura,ROSTER,27.0,"6'0""",190.0,Canada,"Edmonton, AB",False,D,13,1,1,2,0.69,0.08,0.08,0.15,35.6,30.0,0,0,0,0,0,0,0,1,0,1,0,0,0,0.0,6,24,9,11.1,21,8,7,13,18,7,2,0,0,0,0.0,4,16,1,2,0,280,171,49,57,11835,1481,725,9417,SEA,Pacific,Western
2025-2026,20251107,17,STL,37979,Logan Mailloux,ROSTER,22.0,"6'3""",214.0,Canada,"Belle River, ON",True,D,9,0,0,0,0.56,0.0,0.0,0.0,15.6,10.0,0,0,0,0,0,0,0,0,0,0,0,0,0,0.0,-12,18,5,0.0,6,7,6,13,17,7,1,0,0,0,0.0,2,4,1,2,0,147,110,24,13,6780,884,369,5527,STL,Central,Western
2025-2026,20251107,22,COL,13619,Cale Makar,ROSTER,27.0,"5'11""",187.0,Canada,"Calgary, AB",False,D,14,4,14,18,2.5,1.0,0.29,1.29,40.5,15.0,1,0,7,7,0,0,0,1,0,0,0,0,0,0.0,11,93,35,11.4,26,41,17,10,6,14,9,0,0,0,0.0,3,6,5,10,0,382,219,126,41,21516,4893,3589,13034,COL,Central,Western
2025-2026,20251107,22,COL,56372,Taylor Makar,ROSTER,24.0,"6'3""",190.0,Canada,"Calgary, AB",False,LW,1,0,0,0,0.0,0.0,0.0,0.0,0.6,0.0,0,0,0,0,0,0,0,0,0,0,0,0,0,0.0,0,1,0,0.0,0,1,0,1,3,0,0,0,0,0,0.0,0,0,0,0,0,8,7,1,0,367,58,0,309,COL,Central,Western
2025-2026,20251107,15,BUF,17164,Beck Malenstyn,ROSTER,27.0,"6'3""",200.0,Canada,"White Rock, BC",False,LW,13,0,1,1,1.31,0.08,0.0,0.08,49.1,5.0,0,0,0,0,0,0,0,0,0,0,0,0,0,0.0,-5,28,17,0.0,17,4,7,45,15,7,1,2,0,2,0.0,1,2,3,6,0,213,92,22,99,8786,1182,74,7530,BUF,Atlantic,Eastern
2025-2026,20251107,22,COL,119984,Sam Malinski,ROSTER,27.0,"5'11""",190.0,USA,"Lakeville, MN",True,D,14,1,5,6,1.86,0.36,0.07,0.43,23.7,5.0,0,0,0,0,0,0,0,1,0,0,0,0,0,0.0,4,63,26,3.8,16,25,12,4,21,16,6,0,0,0,0.0,1,2,0,0,0,286,254,19,14,12605,1944,263,10399,COL,Central,Western
2025-2026,20251107,10,PIT,3652,Evgeni Malkin,ROSTER,39.0,"6'3""",195.0,Russia,Magnitogorsk,False,C,15,3,17,20,2.47,1.13,0.2,1.33,8.1,30.0,1,1,8,9,0,0,0,0,0,0,2,1,1,50.0,5,56,37,8.1,3,8,12,7,13,16,5,116,54,62,46.6,6,12,3,6,0,308,165,88,54,15866,5727,1518,8541,PIT,Metropolitan,Eastern
2025-2026,20251107,28,LAK,34945,Jeff Malott,ROSTER,29.0,"6'3""",201.0,Canada,"Burlington, ON",True,LW,13,2,0,2,0.62,0.0,0.15,0.15,25.2,64.2,0,0,0,0,0,0,0,0,0,0,0,0,0,0.0,-1,23,8,25.0,3,7,8,36,5,7,1,1,1,0,100.0,7,23,4,17,3,143,110,20,15,6058,544,321,5193,LAK,Pacific,Western
2025-2026,20251107,21,VAN,56544,Victor Mancini,ROSTER,23.0,"6'3""",215.0,USA,"Hancock, MI",True,D,5,0,0,0,0.6,0.0,0.0,0.0,10.2,14.8,0,0,0,0,0,0,0,0,0,0,0,0,0,0.0,-2,7,3,0.0,5,3,1,6,9,2,0,0,0,0,0.0,1,5,1,5,1,69,62,3,4,3158,334,17,2807,VAN,Pacific,Western
2025-2026,20251107,24,EDM,5761,Andrew Mangiapane,ROSTER,29.0,"5'10""",184.0,Canada,"Toronto, ON",False,LW,15,4,2,6,0.87,0.13,0.27,0.4,21.0,0.0,1,0,0,0,0,0,0,1,0,0,0,0,0,0.0,-6,33,13,30.8,10,9,11,13,17,11,2,1,0,1,0.0,0,0,4,8,0,293,116,113,60,14432,2871,1946,9138,EDM,Pacific,Western
2025-2026,20251107,22,COL,5477,Josh Manson,ROSTER,34.0,"6'3""",218.0,USA,"Hinsdale, IL",False,D,14,1,1,2,1.43,0.07,0.07,0.14,45.6,44.8,0,0,0,0,0,0,0,1,0,0,0,0,0,0.0,2,38,20,5.0,21,10,8,30,21,16,6,0,0,0,0.0,7,17,4,11,1,350,182,101,68,15421,3098,1878,10445,COL,Central,Western
2025-2026,20251107,10,PIT,5413,Anthony Mantha,ROSTER,31.0,"6'5""",234.0,Canada,"Longueuil, QC",False,RW,15,7,5,12,1.87,0.33,0.47,0.8,18.2,0.0,2,0,1,1,0,0,0,0,0,0,0,0,0,0.0,8,48,28,25.0,11,12,8,6,13,17,3,6,1,5,16.7,0,0,5,10,0,279,147,80,53,13381,1926,2008,9118,PIT,Metropolitan,Eastern
2025-2026,20251107,4,FLO,4692,Brad Marchand,ROSTER,37.0,"5'9""",181.0,Canada,"Halifax, NS",False,LW,13,9,6,15,3.08,0.46,0.69,1.15,11.6,45.0,3,1,3,4,0,0,0,1,0,0,1,0,1,100.0,-3,77,40,22.5,3,16,21,13,14,14,1,1,0,1,0.0,9,18,7,14,0,299,168,74,67,14069,4654,1338,8308,FLA,,
2025-2026,20251107,19,CBJ,14572,Kirill Marchenko,ROSTER,25.0,"6'3""",187.0,Russia,Barnaul,True,RW,13,6,7,13,3.62,0.54,0.46,1.0,20.4,15.0,2,1,3,4,1,0,1,2,0,0,1,0,1,100.0,9,85,47,12.8,10,17,21,12,13,17,3,0,0,0,0.0,3,6,3,6,0,277,140,69,70,14218,3372,1130,9789,CBJ,Metropolitan,Eastern
2025-2026,20251107,18,NSH,5473,Jonathan Marchessault,ROSTER,34.0,"5'9""",180.0,Canada,"Cap-Rouge, QC",False,RW,13,4,2,6,2.46,0.15,0.31,0.46,16.0,15.0,1,2,0,2,0,0,0,1,0,0,1,0,0,0.0,-7,68,32,12.5,1,22,14,25,7,22,3,5,4,1,80.0,3,6,6,12,0,272,127,108,41,14010,3393,2765,7852,NSH,Central,Western
2025-2026,20251107,143,SEA,17165,Mason Marchment,ROSTER,30.0,"6'4""",201.0,Canada,"Uxbridge, ON",False,LW,12,1,4,5,1.25,0.33,0.08,0.42,16.2,10.0,0,0,2,2,0,0,0,1,0,0,0,0,0,0.0,-3,29,15,6.7,6,4,10,14,15,22,5,19,5,14,26.3,2,4,2,4,0,247,118,72,53,11327,1726,408,8908,SEA,Pacific,Western
2025-2026,20251107,30,UTA,17187,John Marino,ROSTER,28.0,"6'1""",181.0,USA,"Brockton, MA",True,D,14,1,6,7,1.07,0.43,0.07,0.5,19.1,10.0,0,0,0,0,0,0,0,0,0,0,0,0,0,0.0,3,31,15,6.7,13,12,4,3,30,26,3,0,0,0,0.0,2,4,4,8,0,379,214,39,127,16948,2525,447,13976,UTA,Central,Western
2025-2026,20251107,142,VGK,5599,Mitchell Marner,ROSTER,28.0,"6'0""",175.0,Canada,"Markham, ON",False,RW,13,4,13,17,1.77,1.0,0.31,1.31,12.9,5.0,1,1,2,3,0,0,0,0,0,0,1,0,0,0.0,9,55,23,17.4,7,18,14,6,12,18,5,9,5,4,55.6,1,2,0,0,0,291,143,96,56,16227,3745,1812,10572,VGK,Pacific,Western
2025-2026,20251107,18,NSH,168604,Brady Martin,ROSTER,18.0,"6'0""",174.0,Canada,"Elora, ON",True,C,3,0,1,1,0.67,0.33,0.0,0.33,2.7,0.0,0,0,0,0,0,0,0,0,0,0,0,0,0,0.0,0,3,2,0.0,2,0,1,0,2,4,0,16,5,11,31.2,0,0,0,0,0,39,32,6,1,2055,275,54,1728,NSH,Central,Western
2025-2026,20251107,3,CAR,5495,Jordan Martinook,ROSTER,33.0,"6'0""",196.0,Canada,"Brandon, MB",False,LW,13,2,5,7,1.46,0.38,0.15,0.54,34.0,5.0,0,0,0,0,0,0,0,1,0,0,0,0,0,0.0,6,36,19,10.5,14,8,9,26,11,9,3,8,3,5,37.5,1,2,2,4,0,289,96,126,69,11706,2192,1417,8097,CAR,Metropolitan,Eastern
2025-2026,20251107,1,TBL,120138,Emil Martinsen Lilleberg,ROSTER,24.0,"6'2""",192.0,Norway,Sarpsborg,True,D,14,0,1,1,0.57,0.07,0.0,0.07,25.3,84.2,0,0,0,0,0,0,0,0,0,0,0,0,0,0.0,-2,19,8,0.0,11,4,7,18,34,6,1,0,0,0,0.0,11,31,6,25,3,282,218,23,41,11873,1276,191,10406,TBL,Atlantic,Eastern
2025-2026,20251107,19,CBJ,53022,Denton Mateychuk,ROSTER,21.0,"5'11""",194.0,Canada,"Winnipeg, MB",True,D,12,3,2,5,1.33,0.17,0.25,0.42,33.9,5.0,1,0,0,0,0,0,0,0,0,0,0,0,0,0.0,3,26,16,18.8,21,6,4,10,25,8,3,0,0,0,0.0,1,2,2,4,0,249,193,21,35,13157,1691,146,11202,CBJ,Metropolitan,Eastern
2025-2026,20251107,14,MTL,5921,Mike Matheson,ROSTER,31.0,"6'2""",193.0,Canada,"Montreal, QC",False,D,14,3,5,8,1.29,0.36,0.21,0.57,56.8,25.0,1,0,0,0,0,0,0,1,0,1,0,0,0,0.0,9,48,18,16.7,36,18,12,15,20,13,3,0,0,0,0.0,5,10,3,6,0,376,212,64,103,21227,4870,785,15572,MTL,Atlantic,Eastern
2025-2026,20251107,13,OTT,111262,Nikolas Matinpalo,ROSTER,27.0,"6'3""",207.0,Finland,Espoo,True,D,9,0,1,1,0.78,0.11,0.0,0.11,17.9,10.0,0,0,0,0,0,0,0,0,0,0,0,0,0,0.0,-1,23,7,0.0,9,11,5,10,31,4,2,0,0,0,0.0,2,4,0,0,0,207,191,6,10,7650,1706,56,5888,OTT,Atlantic,Eastern
2025-2026,20251107,12,TOR,9627,Auston Matthews,ROSTER,28.0,"6'3""",220.0,USA,"San Ramon, CA",False,C,14,8,4,12,4.07,0.29,0.57,0.86,43.1,15.0,2,1,0,1,0,0,0,2,0,1,0,0,0,0.0,10,104,57,14.0,27,23,24,12,7,19,7,259,155,104,59.8,3,6,1,2,0,348,167,125,64,18287,4173,2180,11934,TOR,Atlantic,Eastern
2025-2026,20251107,8,NYI,5364,Scott Mayfield,ROSTER,33.0,"6'5""",223.0,USA,"St. Louis, MO",False,D,13,0,3,3,1.0,0.23,0.0,0.23,26.8,69.8,0,0,0,0,0,0,0,0,0,0,0,0,0,0.0,2,33,13,0.0,17,11,9,7,11,15,4,0,0,0,0.0,10,31,5,13,1,311,182,46,83,14407,2960,1172,10275,NYI,Metropolitan,Eastern
2025-2026,20251107,19,CBJ,17949,Dysin Mayo,ROSTER,29.0,"6'0""",185.0,Canada,"Victoria, BC",False,D,1,0,0,0,3.0,0.0,0.0,0.0,0.0,0.0,0,0,0,0,0,0,0,0,0,0,0,0,0,0.0,-1,5,3,0.0,0,2,0,0,2,0,0,0,0,0,0.0,0,0,0,0,0,13,7,3,3,453,165,0,288,CBJ,Metropolitan,Eastern
2025-2026,20251107,11,BOS,9640,Charlie McAvoy,ROSTER,27.0,"6'0""",208.0,USA,"Long Beach, NY",False,D,16,0,12,12,1.31,0.75,0.0,0.75,48.8,60.0,0,0,4,4,0,0,0,0,0,0,0,0,0,0.0,-2,64,21,0.0,26,20,23,24,26,17,9,0,0,0,0.0,12,24,5,10,0,455,234,104,117,23204,3980,1580,17644,BOS,Atlantic,Eastern
2025-2026,20251107,30,UTA,38370,Jack McBain,ROSTER,25.0,"6'4""",218.0,Canada,"Toronto, ON",True,C,14,1,0,1,1.71,0.0,0.07,0.07,31.3,49.8,0,0,0,0,0,0,0,0,0,0,0,0,0,0.0,1,39,24,4.2,8,7,8,35,24,7,3,122,61,61,50.0,8,19,4,11,1,269,166,64,40,11397,1868,1294,8235,UTA,Central,Western
2025-2026,20251107,12,TOR,5362,Jake McCabe,ROSTER,32.0,"6'1""",204.0,USA,"Eau Claire, WI",False,D,14,2,6,8,0.71,0.43,0.14,0.57,51.3,24.8,0,0,0,0,0,0,0,0,0,0,0,0,0,0.0,10,28,10,20.0,31,11,7,17,22,20,4,0,0,0,0.0,3,9,3,9,1,422,234,95,95,17793,2374,1362,14057,TOR,Atlantic,Eastern
2025-2026,20251107,143,SEA,5824,Jared McCann,ROSTER,29.0,"6'1""",185.0,Canada,"Stratford, ON",False,LW,5,3,1,4,2.8,0.2,0.6,0.8,9.5,0.0,1,0,0,0,0,0,0,1,0,1,1,0,0,0.0,0,29,14,21.4,4,7,8,7,3,1,0,3,2,1,66.7,0,0,2,4,0,124,57,41,29,5187,1528,568,3091,SEA,Pacific,Western
2025-2026,20251107,18,NSH,5893,Michael McCarron,ROSTER,30.0,"6'5""",237.0,USA,"Grosse Pointe, MI",False,C,16,1,3,4,1.12,0.19,0.06,0.25,41.5,44.5,0,0,0,0,0,0,0,0,0,0,0,0,0,0.0,-1,35,18,5.6,13,8,9,41,23,9,4,224,121,103,54.0,5,16,7,20,2,328,144,82,103,14062,2149,793,11120,NSH,Central,Western
2025-2026,20251107,24,EDM,5576,Connor McDavid,ROSTER,28.0,"6'1""",193.0,Canada,"Richmond Hill, ON",False,C,15,4,17,21,3.0,1.13,0.27,1.4,5.2,10.0,1,1,9,10,0,0,0,0,0,0,1,0,0,0.0,-3,83,45,8.9,3,12,26,2,24,21,6,166,74,92,44.6,2,4,8,16,0,343,173,120,40,21282,5910,2903,11768,EDM,Pacific,Western
2025-2026,20251107,1,TBL,4852,Ryan McDonagh,ROSTER,36.0,"6'1""",214.0,USA,"St. Paul, MN",False,D,14,3,3,6,1.07,0.21,0.21,0.43,38.0,0.0,1,0,0,0,0,0,0,0,0,0,0,0,0,0.0,1,41,15,20.0,25,13,13,8,11,18,6,0,0,0,0.0,0,0,1,2,0,381,210,56,118,17765,4714,623,12392,TBL,Atlantic,Eastern
2025-2026,20251107,5,WSH,5308,Dylan McIlrath,ROSTER,33.0,"6'5""",231.0,Canada,"Winnipeg, MB",False,D,1,0,0,0,0.0,0.0,0.0,0.0,1.8,0.0,0,0,0,0,0,0,0,0,0,0,0,0,0,0.0,0,3,0,0.0,0,2,1,3,0,1,0,0,0,0,0.0,0,0,0,0,0,19,6,3,10,845,71,0,774,WSH,Metropolitan,Eastern
2025-2026,20251107,15,BUF,14563,Ryan McLeod,ROSTER,26.0,"6'3""",201.0,Canada,"Mississauga, ON",False,C,14,3,4,7,1.21,0.29,0.21,0.5,9.8,0.0,1,0,1,1,1,0,1,0,0,0,0,0,0,0.0,-2,28,17,17.6,6,5,6,3,15,14,3,240,97,143,40.4,0,0,1,2,0,362,171,37,157,15176,1255,276,13645,BUF,Atlantic,Eastern
2025-2026,20251107,12,TOR,39073,Bobby McMann,ROSTER,29.0,"6'1""",205.0,Canada,"Wainwright, AB",True,C,14,3,2,5,1.57,0.14,0.21,0.36,33.5,10.0,1,0,0,0,0,0,0,1,0,0,0,0,0,0.0,2,43,22,13.6,7,9,12,41,10,5,0,3,2,1,66.7,2,4,1,2,0,267,183,77,10,12772,3079,1172,8521,TOR,Atlantic,Eastern
2025-2026,20251107,5,WSH,17166,Connor McMichael,ROSTER,24.0,"5'11""",182.0,Canada,"Ajax, ON",True,C,14,1,3,4,1.93,0.21,0.07,0.29,10.9,15.0,0,1,0,1,0,0,0,0,0,0,1,1,0,0.0,-2,49,27,3.7,6,12,10,5,10,10,6,161,63,98,39.1,3,6,1,2,0,303,176,70,55,12942,1810,772,10248,WSH,Metropolitan,Eastern
2025-2026,20251107,142,VGK,5041,Brayden McNabb,ROSTER,34.0,"6'4""",213.0,Canada,"Davidson, SK",False,D,13,0,0,0,0.46,0.0,0.0,0.0,71.2,10.0,0,0,0,0,0,0,0,0,0,0,0,0,0,0.0,1,36,6,0.0,45,18,12,19,21,6,3,0,0,0,0.0,2,4,4,8,0,351,188,43,120,16651,4470,861,11320,VGK,Pacific,Western
2025-2026,20251107,29,ANA,32259,Mason McTavish,ROSTER,22.0,"6'0""",208.0,Switzerland,Zurich,True,C,13,3,7,10,1.77,0.54,0.23,0.77,19.3,40.0,1,0,1,1,0,0,0,1,0,0,1,0,1,100.0,1,64,23,13.0,7,17,24,17,10,8,5,185,93,92,50.3,8,16,5,10,0,292,142,26,130,13998,1326,86,12521,ANA,Pacific,Western
2025-2026,20251107,7,NJD,5604,Timo Meier,ROSTER,29.0,"6'0""",210.0,Switzerland,St. Gallen,False,RW,14,4,7,11,2.93,0.5,0.29,0.79,26.7,25.0,1,1,3,4,0,0,0,1,0,0,0,0,0,0.0,2,93,41,9.8,9,25,27,25,17,14,5,17,11,6,64.7,5,10,2,4,0,301,151,73,81,14606,2841,1128,10637,NJD,Metropolitan,Eastern
2025-2026,20251107,7,NJD,28533,Dawson Mercer,ROSTER,24.0,"6'0""",180.0,Canada,"Carbonear, NL and Labrador",True,C,14,8,6,14,1.79,0.43,0.57,1.0,29.1,15.0,2,3,1,4,1,0,1,1,0,0,0,0,0,0.0,7,52,25,32.0,17,13,14,11,21,12,1,49,21,28,42.9,3,6,5,10,0,313,195,73,53,15254,3125,1261,10868,NJD,Metropolitan,Eastern
2025-2026,20251107,12,TOR,13894,Dakota Mermis,ROSTER,31.0,"6'0""",195.0,USA,"Alton, IL",False,D,2,0,0,0,0.5,0.0,0.0,0.0,1.2,0.0,0,0,0,0,0,0,0,0,0,0,0,0,0,0.0,-3,2,1,0.0,0,1,0,2,1,0,0,0,0,0,0.0,0,0,0,0,0,43,27,9,7,1630,314,145,1171,TOR,Atlantic,Eastern
2025-2026,20251107,15,BUF,120242,Zach Metsa,ASSIGNED_TO_MINORS,27.0,"5'9""",181.0,USA,"Delafield, WI",True,D,4,0,0,0,0.25,0.0,0.0,0.0,3.3,5.0,0,0,0,0,0,0,0,0,0,0,0,0,0,0.0,3,4,1,0.0,2,2,1,1,6,1,0,0,0,0,0.0,1,2,1,2,0,49,47,2,0,2117,376,0,1741,BUF,Atlantic,Eastern
2025-2026,20251107,143,SEA,39057,Ben Meyers,ROSTER,26.0,"5'11""",195.0,USA,"Delano, MN",True,C,5,0,2,2,0.2,0.4,0.0,0.4,6.0,0.0,0,0,0,0,0,0,0,0,0,0,0,0,0,0.0,0,5,1,0.0,1,1,3,8,3,1,1,24,12,12,50.0,0,0,0,0,0,66,55,7,3,2447,291,26,2076,SEA,Pacific,Western
2025-2026,20251107,6,PHI,134153,Matvei Michkov,ROSTER,20.0,"5'10""",172.0,Russia,Perm,True,RW,14,2,5,7,1.86,0.36,0.14,0.5,11.8,25.0,0,0,0,0,0,0,0,0,0,0,3,0,2,66.67,0,48,26,7.7,4,18,4,11,15,25,4,0,0,0,0.0,5,10,3,6,0,274,239,36,4,12480,2966,198,9507,PHI,Metropolitan,Eastern
2025-2026,20251107,25,MIN,15459,Jacob Middleton,ROSTER,29.0,"6'3""",210.0,Canada,"Stratford, ON",False,D,15,0,1,1,0.93,0.07,0.0,0.07,50.7,62.0,0,0,0,0,0,0,0,0,0,0,0,0,0,0.0,-4,34,14,0.0,27,11,9,25,10,8,2,0,0,0,0.0,8,24,4,14,2,327,175,79,73,16118,2454,1714,11950,MIN,Central,Western
2025-2026,20251107,20,CHI,17145,Ilya Mikheyev,ROSTER,31.0,"6'3""",195.0,Russia,Omsk,True,RW,12,4,2,6,1.83,0.17,0.33,0.5,10.6,0.0,1,0,0,0,0,0,0,1,0,0,0,0,0,0.0,5,36,22,18.2,4,5,9,9,7,4,4,5,0,5,0.0,0,0,2,4,0,266,136,30,100,12694,970,255,11203,CHI,Central,Western
2025-2026,20251107,4,FLO,5722,Niko Mikkola,ROSTER,29.0,"6'4""",185.0,Finland,Kiiminki,False,D,14,0,2,2,0.86,0.14,0.0,0.14,33.0,30.0,0,0,0,0,0,0,0,0,0,0,0,0,0,0.0,1,35,12,0.0,19,13,10,13,22,19,2,0,0,0,0.0,6,12,4,8,0,369,210,114,45,16021,2417,1814,11790,FLA,,
2025-2026,20251107,5,WSH,5436,Sonny Milano,ROSTER,29.0,"6'0""",194.0,USA,"Massapequa, NY",False,LW,8,1,0,1,1.75,0.0,0.12,0.12,4.4,5.0,0,0,0,0,0,0,0,0,0,0,0,0,0,0.0,-1,15,14,7.1,2,0,1,3,7,4,0,5,3,2,60.0,1,2,1,2,0,112,49,36,28,5239,1289,454,3496,WSH,Metropolitan,Eastern
2025-2026,20251107,2,WPJ,5563,Colin Miller,ROSTER,33.0,"6'1""",193.0,Canada,"Sault Ste. Marie, ON",False,D,4,0,0,0,0.25,0.0,0.0,0.0,7.4,5.0,0,0,0,0,0,0,0,0,0,0,0,0,0,0.0,-1,5,1,0.0,2,3,1,8,2,4,0,0,0,0,0.0,1,2,1,2,0,55,31,16,8,2769,332,364,2073,WPG,,
2025-2026,20251107,9,NYR,5161,J.T. Miller,ROSTER,32.0,"6'1""",218.0,USA,"East Palestine, OH",False,C,14,3,5,8,2.86,0.36,0.21,0.57,23.7,15.0,1,0,2,2,0,0,0,1,0,1,0,0,0,0.0,-1,77,40,7.5,5,13,24,29,10,15,3,240,144,96,60.0,3,6,1,2,0,365,169,72,110,17652,4008,1178,11636,NYR,Metropolitan,Eastern
2025-2026,20251107,3,CAR,14545,K'Andre Miller,ROSTER,25.0,"6'5""",210.0,USA,"St. Paul, MN",True,D,7,2,3,5,2.29,0.43,0.29,0.71,15.5,20.0,0,1,0,1,0,0,0,0,0,0,0,0,0,0.0,1,38,16,12.5,9,13,9,6,11,12,5,1,0,1,0.0,4,8,1,2,0,201,116,51,36,9863,1772,469,7622,CAR,Metropolitan,Eastern
2025-2026,20251107,11,BOS,52843,Fraser Minten,ROSTER,21.0,"6'1""",185.0,Canada,"Vancouver, BC",True,C,16,2,3,5,1.31,0.19,0.12,0.31,36.6,15.0,0,0,0,0,0,0,0,1,0,1,0,0,0,0.0,-2,46,21,9.5,16,12,13,26,14,5,6,165,85,80,51.5,3,6,2,4,0,300,226,38,38,13061,1971,250,10840,BOS,Atlantic,Eastern
2025-2026,20251107,29,ANA,43373,Pavel Mintyukov,ROSTER,21.0,"6'2""",194.0,Russia,Moskva,True,D,13,0,3,3,0.54,0.23,0.0,0.23,24.0,5.0,0,0,0,0,0,0,0,0,0,0,0,0,0,0.0,2,22,7,0.0,14,10,5,9,17,13,1,0,0,0,0.0,1,2,5,10,0,278,199,38,41,12144,1662,67,10415,ANA,Pacific,Western
2025-2026,20251107,23,CGY,29983,Daniil Miromanov,UNDRAFTED,28.0,"6'4""",202.0,Russia,Moscow,True,D,1,0,0,0,0.0,0.0,0.0,0.0,2.7,0.0,0,0,0,0,0,0,0,0,0,0,0,0,0,0.0,0,2,0,0.0,2,1,1,0,0,1,0,0,0,0,0.0,0,0,0,0,0,30,23,0,7,1069,0,0,1069,CGY,Pacific,Western
2025-2026,20251107,26,SJS,176687,Michael Misa,ROSTER,18.0,"6'1""",185.0,Canada,"Oakville, ON",True,C,7,1,2,3,1.86,0.29,0.14,0.43,7.8,5.0,0,0,0,0,0,0,0,0,0,0,0,0,0,0.0,-1,22,13,7.7,5,5,4,2,9,5,0,38,20,18,52.6,1,2,1,2,0,106,94,13,0,4930,813,180,3937,SJS,Pacific,Western
2025-2026,20251107,11,BOS,13623,Casey Mittelstadt,ROSTER,26.0,"6'1""",199.0,USA,"Eden Prairie, MN",False,C,15,4,5,9,0.93,0.33,0.27,0.6,12.4,0.0,1,0,0,0,0,0,0,0,0,0,1,0,0,0.0,0,27,14,28.6,8,5,8,3,13,14,2,83,49,34,59.0,0,0,2,4,0,274,151,107,20,13084,2188,1546,9350,BOS,Atlantic,Eastern
2025-2026,20251107,19,CBJ,5242,Sean Monahan,ROSTER,31.0,"6'2""",200.0,Canada,"Brampton, ON",False,C,13,1,5,6,2.15,0.38,0.08,0.46,6.0,5.0,0,1,2,3,0,0,0,1,0,0,0,0,0,0.0,8,45,28,3.6,1,5,12,8,6,11,3,253,132,121,52.2,1,2,2,4,0,293,142,62,88,14122,3751,876,9428,CBJ,Metropolitan,Eastern
2025-2026,20251107,143,SEA,11648,Brandon Montour,ROSTER,31.0,"6'0""",189.0,Canada,"Ohsweken, ON",False,D,9,3,5,8,3.0,0.56,0.33,0.89,27.8,14.8,1,1,1,2,0,0,0,0,0,0,0,0,0,0.0,5,57,27,11.1,16,18,12,11,14,16,7,0,0,0,0.0,1,5,1,5,1,235,108,51,67,12242,2304,990,8438,SEA,Pacific,Western
2025-2026,20251107,29,ANA,56251,Ian Moore,ROSTER,23.0,"6'2""",171.0,USA,"Concord, MA",False,D,7,1,0,1,0.86,0.0,0.14,0.14,5.9,20.0,0,0,0,0,0,0,0,0,0,0,0,0,0,0.0,1,18,6,16.7,4,7,5,1,14,9,1,0,0,0,0.0,4,8,0,0,0,127,83,11,34,5306,406,186,4714,ANA,Pacific,Western
2025-2026,20251107,20,CHI,166412,Oliver Moore,ROSTER,20.0,"5'11""",176.0,USA,"Mounds View, MN",True,C,2,0,1,1,1.5,0.5,0.0,0.5,1.9,0.0,0,0,0,0,0,0,0,0,0,0,0,0,0,0.0,0,5,3,0.0,1,0,2,1,2,2,1,2,1,1,50.0,0,0,0,0,0,40,31,6,3,1659,259,26,1374,CHI,Central,Western
2025-2026,20251107,28,LAK,11811,Trevor Moore,ROSTER,30.0,"5'10""",185.0,USA,"Thousand Oaks, CA",False,LW,14,3,1,4,2.0,0.07,0.21,0.29,16.9,10.0,1,0,0,0,1,0,1,0,0,0,3,0,2,66.67,-2,47,28,10.7,10,8,11,6,21,19,6,4,2,2,50.0,2,4,1,2,0,286,144,85,62,13384,2017,996,10549,LAK,Pacific,Western
2025-2026,20251107,2,WPJ,5930,Josh Morrissey,ROSTER,30.0,"6'0""",195.0,Canada,"Calgary, AB",False,D,13,1,10,11,1.77,0.77,0.08,0.85,40.1,15.0,0,0,2,2,0,0,0,0,0,0,0,0,0,0.0,9,49,23,4.3,27,13,13,7,13,18,4,0,0,0,0.0,3,6,1,2,0,364,177,125,63,19242,3853,2219,13170,WPG,,
2025-2026,20251107,1,TBL,34441,Janis Moser,ROSTER,25.0,"6'0""",172.0,Switzerland,Biel,True,D,12,1,2,3,1.25,0.17,0.08,0.25,21.1,10.0,0,0,0,0,0,0,0,0,0,0,0,0,0,0.0,3,41,15,6.7,11,19,7,11,28,13,4,0,0,0,0.0,2,4,5,10,0,313,225,34,55,14967,2548,915,11537,TBL,Atlantic,Eastern
2025-2026,20251107,28,LAK,28507,Jacob Moverare,ROSTER,27.0,"6'2""",198.0,Sweden,stersund,False,D,1,0,0,0,0.0,0.0,0.0,0.0,0.0,0.0,0,0,0,0,0,0,0,0,0,0,0,0,0,0.0,0,0,0,0.0,0,0,0,0,0,0,1,0,0,0,0.0,0,0,0,0,0,2,0,2,0,193,0,0,193,LAK,Pacific,Western
2025-2026,20251107,26,SJS,36849,Shakir Mukhamadullin,ROSTER,23.0,"6'4""",178.0,Russia,Ufa,True,D,5,0,4,4,1.0,0.8,0.0,0.8,8.4,15.0,0,0,0,0,0,0,0,0,0,0,0,0,0,0.0,5,9,5,0.0,5,2,2,3,11,3,0,0,0,0,0.0,3,6,0,0,0,103,70,12,21,4908,250,142,4516,SJS,Pacific,Western
2025-2026,20251107,20,CHI,5293,Connor Murphy,ROSTER,32.0,"6'4""",212.0,USA,"Dublin, OH",False,D,14,0,3,3,1.07,0.21,0.0,0.21,24.5,20.0,0,0,0,0,0,0,0,0,0,0,0,0,0,0.0,-1,29,15,0.0,14,8,6,10,25,12,3,0,0,0,0.0,4,8,4,8,0,264,124,41,98,12448,2550,146,9704,CHI,Central,Western
2025-2026,20251107,12,TOR,15478,Philippe Myers,ROSTER,28.0,"6'5""",210.0,Canada,"Moncton, NB",False,D,6,0,0,0,2.0,0.0,0.0,0.0,16.9,10.0,0,0,0,0,0,0,0,0,0,0,0,0,0,0.0,-3,24,12,0.0,10,2,10,6,8,2,0,0,0,0,0.0,2,4,0,0,0,139,85,27,27,5798,981,734,4083,TOR,Atlantic,Eastern
2025-2026,20251107,21,VAN,4659,Tyler Myers,ROSTER,35.0,"6'8""",229.0,USA,"Katy, TX",False,D,15,1,2,3,1.53,0.13,0.07,0.2,53.3,25.0,0,0,0,0,0,0,0,0,0,0,0,0,0,0.0,-4,52,23,4.3,32,15,14,18,22,20,3,0,0,0,0.0,5,10,3,6,0,372,208,56,109,18993,3812,785,14429,VAN,Pacific,Western
2025-2026,20251107,3,CAR,133816,Bradly Nadeau,ROSTER,20.0,"5'10""",161.0,Canada,"St-Francois de Madaw, NB",True,LW,6,1,0,1,0.67,0.0,0.17,0.17,7.7,0.0,0,0,0,0,0,0,0,0,0,0,0,0,0,0.0,1,15,4,25.0,4,4,7,4,8,5,0,1,0,1,0.0,0,0,0,0,0,87,66,14,8,4141,668,70,3403,CAR,Metropolitan,Eastern
2025-2026,20251107,2,WPJ,5136,Vladislav Namestnikov,ROSTER,32.0,"6'0""",183.0,Russia,Zhukovskiy,False,C,13,6,1,7,1.62,0.08,0.46,0.54,15.8,7.5,2,2,0,2,0,0,0,1,0,0,0,0,0,0.0,2,34,21,28.6,7,6,7,11,11,11,3,79,31,48,39.2,1,4,4,8,0,272,107,115,56,12068,2296,2021,7751,WPG,,
2025-2026,20251107,20,CHI,56367,Frank Nazar,ROSTER,21.0,"5'10""",180.0,USA,"Mt. Clemens, MI",False,C,14,5,6,11,2.21,0.43,0.36,0.79,27.8,15.0,1,1,2,3,0,0,0,1,0,0,1,0,0,0.0,3,59,31,16.1,16,12,16,11,32,20,8,209,98,111,46.9,3,6,8,16,0,344,216,26,103,16686,2280,95,14039,CHI,Central,Western
2025-2026,20251107,22,COL,13627,Martin Necas,ROSTER,26.0,"6'2""",189.0,Czech Republic,Nove Mesto na Morave,False,C,14,9,9,18,2.21,0.64,0.64,1.29,14.7,20.0,3,2,3,5,0,0,0,0,0,0,1,0,0,0.0,8,69,31,29.0,4,18,20,16,22,31,2,8,6,2,75.0,4,8,6,12,0,329,213,85,38,17833,4371,1978,11484,COL,Central,Western
2025-2026,20251107,17,STL,29768,Jake Neighbours,ROSTER,23.0,"6'0""",195.0,Canada,"Airdrie, AB",True,LW,8,6,1,7,1.5,0.12,0.75,0.88,18.4,10.0,2,0,0,0,0,0,0,1,0,0,0,0,0,0.0,-4,23,12,50.0,5,5,6,20,8,4,0,1,1,0,100.0,2,4,0,0,0,157,115,43,5,7016,2190,569,4257,STL,Central,Western
2025-2026,20251107,22,COL,5226,Brock Nelson,ROSTER,34.0,"6'3""",212.0,USA,"Warroad, MN",False,C,14,3,2,5,1.5,0.14,0.21,0.36,21.3,25.0,1,0,1,1,0,0,0,1,0,0,0,0,0,0.0,4,40,21,14.3,12,7,12,9,22,11,4,252,125,127,49.6,5,10,4,8,0,338,155,107,79,16054,4893,1798,9363,COL,Central,Western
2025-2026,20251107,7,NJD,43355,Simon Nemec,ROSTER,21.0,"6'0""",190.0,Slovakia,Liptovsky Mikulas,True,D,14,0,8,8,1.14,0.57,0.0,0.57,35.1,15.0,0,0,0,0,0,0,0,0,0,0,0,0,0,0.0,-1,44,16,0.0,25,25,3,3,15,13,4,0,0,0,0.0,3,6,1,2,0,280,233,30,17,14146,2781,343,11022,NJD,Metropolitan,Eastern
2025-2026,20251107,29,ANA,56465,Nikita Nesterenko,ROSTER,24.0,"6'0""",157.0,USA,"Brooklyn, NY",False,C,11,1,6,7,0.82,0.55,0.09,0.64,16.5,5.0,0,0,0,0,0,0,0,1,0,0,0,0,0,0.0,5,23,9,11.1,4,7,7,19,7,4,0,16,6,10,37.5,1,2,3,6,0,207,121,42,46,8820,1665,241,6917,ANA,Pacific,Western
2025-2026,20251107,14,MTL,30019,Alex Newhook,ROSTER,24.0,"5'10""",192.0,Canada,"St. Johns, NL and Labrador",True,C,14,5,5,10,1.29,0.36,0.36,0.71,19.6,10.0,1,1,0,1,0,0,0,1,0,1,0,0,0,0.0,5,34,18,27.8,5,8,8,22,11,3,1,74,31,43,41.9,2,4,5,10,0,267,135,38,99,12783,1103,372,11308,MTL,Atlantic,Eastern
2025-2026,20251107,22,COL,5247,Valeri Nichushkin,ROSTER,30.0,"6'4""",210.0,Russia,Chelyabinsk,False,RW,14,5,4,9,2.79,0.29,0.36,0.64,12.2,5.0,1,1,1,2,0,0,0,0,0,0,2,0,1,50.0,3,69,39,12.8,3,13,17,14,12,9,7,1,1,0,100.0,1,2,4,8,0,338,152,130,62,15325,3614,3431,8431,COL,Central,Western
2025-2026,20251107,2,WPJ,4868,Nino Niederreiter,ROSTER,33.0,"6'2""",218.0,Switzerland,Chur,False,RW,13,3,5,8,1.62,0.38,0.23,0.62,19.5,15.0,1,1,3,4,0,0,0,1,0,0,0,0,0,0.0,2,30,21,14.3,4,5,4,24,8,8,2,1,1,0,100.0,3,6,1,2,0,240,117,98,28,11179,3033,1561,6585,WPG,,
2025-2026,20251107,22,COL,53057,Tristen Nielsen,ROSTER,25.0,"5'10""",192.0,Canada,"Fort St. John, BC",True,C,1,0,0,0,0.0,0.0,0.0,0.0,2.4,0.0,0,0,0,0,0,0,0,0,0,0,0,0,0,0.0,0,0,0,0.0,0,0,0,4,0,0,0,0,0,0,0.0,0,0,0,0,0,8,4,3,1,325,0,0,325,COL,Central,Western
2025-2026,20251107,3,CAR,56336,Alexander Nikishin,ROSTER,24.0,"6'3""",196.0,Russia,Orel,False,D,13,2,5,7,1.77,0.38,0.15,0.54,46.4,20.0,0,0,0,0,0,0,0,0,0,0,0,0,0,0.0,11,57,23,8.7,18,23,11,38,20,15,3,0,0,0,0.0,4,8,2,4,0,333,235,49,51,15961,2507,989,12465,CAR,Metropolitan,Eastern
2025-2026,20251107,7,NJD,5544,Stefan Noesen,ROSTER,32.0,"6'1""",205.0,USA,"Plano, TX",False,RW,8,1,0,1,1.12,0.0,0.12,0.12,12.0,5.0,0,0,0,0,0,0,0,0,0,0,0,0,0,0.0,-5,20,9,11.1,5,6,5,9,1,2,1,8,4,4,50.0,1,2,2,4,0,134,67,38,30,5289,1128,255,3906,NJD,Metropolitan,Eastern
2025-2026,20251107,15,BUF,13634,Josh Norris,INJURY_LIST,26.0,"6'1""",199.0,USA,"Oxford, MI",False,C,1,0,0,0,4.0,0.0,0.0,0.0,0.6,0.0,0,0,0,0,0,0,0,0,0,0,0,0,0,0.0,0,4,4,0.0,0,0,0,1,3,1,0,12,4,8,33.3,0,0,0,0,0,24,14,1,9,1131,161,0,970,BUF,Atlantic,Eastern
2025-2026,20251107,10,PIT,5680,Thomas Novak,ROSTER,28.0,"6'1""",179.0,USA,"St. Paul, MN",False,C,15,1,5,6,1.33,0.33,0.07,0.4,9.0,10.0,0,1,1,2,0,0,0,1,0,0,0,0,0,0.0,0,40,20,5.0,5,8,13,4,24,9,3,37,15,22,40.5,2,4,1,2,0,245,135,56,49,10934,1965,668,7973,PIT,Metropolitan,Eastern
2025-2026,20251107,24,EDM,4993,Ryan Nugent-Hopkins,ROSTER,32.0,"6'0""",184.0,Canada,"Burnaby, BC",False,C,15,5,11,16,1.53,0.73,0.33,1.07,9.5,10.0,1,2,7,9,0,0,0,0,0,0,2,0,0,0.0,-7,50,23,21.7,4,15,12,7,7,8,3,82,34,48,41.5,2,4,1,2,0,323,155,82,83,17167,4937,1589,10210,EDM,Pacific,Western
2025-2026,20251107,24,EDM,5464,Darnell Nurse,ROSTER,30.0,"6'4""",221.0,Canada,"Hamilton, ON",False,D,15,3,4,7,2.33,0.27,0.2,0.47,70.5,20.0,1,0,0,0,0,0,0,0,0,0,0,0,0,0.0,-2,79,35,8.6,41,26,18,27,17,17,4,0,0,0,0.0,4,8,2,4,0,367,220,52,90,18888,3030,998,14424,EDM,Pacific,Western
2025-2026,20251107,12,TOR,5418,William Nylander,ROSTER,29.0,"6'0""",196.0,Canada,"Calgary, AB",False,RW,11,6,14,20,1.82,1.27,0.55,1.82,6.5,10.0,2,0,2,2,0,0,0,0,0,0,0,0,0,0.0,8,43,20,30.0,4,11,12,2,2,12,6,21,10,11,47.6,2,4,1,2,0,256,120,96,47,12797,3218,1470,8070,TOR,Atlantic,Eastern
2025-2026,20251107,143,SEA,56632,Jani Nyman,ROSTER,21.0,"6'4""",217.0,Finland,Valkeakoski,False,RW,12,3,0,3,1.08,0.0,0.25,0.25,10.3,10.0,1,1,0,1,0,0,0,0,0,0,0,0,0,0.0,2,33,13,23.1,2,8,12,13,13,5,1,3,2,1,66.7,2,4,4,8,0,171,139,16,19,7621,1274,210,6137,SEA,Pacific,Western
2025-2026,20251107,2,WPJ,5026,Gustav Nyquist,ROSTER,36.0,"5'11""",179.0,Sweden,Halmstad,False,RW,11,0,5,5,1.27,0.45,0.0,0.45,10.2,0.0,0,0,2,2,0,0,0,0,0,0,0,0,0,0.0,1,26,14,0.0,5,8,4,6,10,7,2,9,5,4,55.6,0,0,3,6,0,184,113,51,20,8131,2472,792,4867,WPG,,
2025-2026,20251107,3,CAR,56329,Joel Nyström,ROSTER,23.0,"5'11""",170.0,Sweden,Karlstad,True,D,7,0,0,0,1.43,0.0,0.0,0.0,9.2,5.0,0,0,0,0,0,0,0,0,0,0,0,0,0,0.0,0,29,10,0.0,6,12,7,2,13,4,0,0,0,0,0.0,1,2,0,0,0,177,134,17,26,7139,588,48,6503,CAR,Metropolitan,Eastern
2025-2026,20251107,30,UTA,5452,Liam O'Brien,ROSTER,31.0,"6'1""",215.0,Canada,"Halifax, NS",False,C,6,1,0,1,1.67,0.0,0.17,0.17,11.2,19.8,0,0,0,0,0,0,0,0,0,0,0,0,0,0.0,-4,20,10,10.0,4,4,6,10,7,2,0,0,0,0,0.0,2,7,1,5,1,82,46,15,22,3399,743,417,2239,UTA,Central,Western
2025-2026,20251107,21,VAN,28409,Drew O'Connor,ROSTER,27.0,"6'3""",205.0,USA,"Wayne, New Jersey",True,LW,15,2,3,5,1.2,0.2,0.13,0.33,19.8,15.0,0,0,0,0,0,0,0,0,0,0,0,0,0,0.0,-3,39,18,11.1,10,11,10,11,16,13,2,14,8,6,57.1,3,6,4,8,0,271,171,34,68,12680,1743,649,10288,VAN,Pacific,Western
2025-2026,20251107,25,MIN,43372,Liam Ohgren,ASSIGNED_TO_MINORS,21.0,"6'1""",201.0,Sweden,Stockholm,True,LW,5,0,0,0,0.8,0.0,0.0,0.0,6.2,0.0,0,0,0,0,0,0,0,0,0,0,0,0,0,0.0,-4,8,4,0.0,2,4,0,6,6,0,0,0,0,0,0.0,0,0,0,0,0,57,39,0,18,2752,245,0,2507,MIN,Central,Western
2025-2026,20251107,143,SEA,5156,Jamie Oleksiak,ROSTER,32.0,"6'7""",255.0,Canada,"Toronto, ON",False,D,13,2,0,2,1.0,0.0,0.15,0.15,41.7,10.0,0,0,0,0,0,0,0,0,0,0,0,0,0,0.0,1,26,13,15.4,22,10,3,21,14,16,6,0,0,0,0.0,2,4,3,6,0,297,158,52,84,13158,2415,722,9788,SEA,Pacific,Western
2025-2026,20251107,19,CBJ,17349,Mathieu Olivier,ROSTER,28.0,"6'2""",210.0,USA,"Biloxi, Mississippi",False,RW,13,1,4,5,1.54,0.31,0.08,0.38,40.4,43.2,0,0,0,0,0,0,0,0,0,0,0,0,0,0.0,0,38,20,5.0,10,9,9,46,12,3,1,0,0,0,0.0,4,17,8,22,2,233,116,63,53,11454,2029,776,8586,CBJ,Metropolitan,Eastern
2025-2026,20251107,22,COL,15140,Victor Olofsson,ROSTER,30.0,"5'11""",183.0,Sweden,Ornskoldsvik,False,LW,14,5,7,12,3.0,0.5,0.36,0.86,5.8,5.0,1,2,3,5,0,0,0,0,0,0,1,0,0,0.0,-1,64,42,11.9,3,14,8,3,10,11,4,0,0,0,0.0,1,2,1,2,0,252,114,95,48,11489,3208,1400,6881,COL,Central,Western
2025-2026,20251107,18,NSH,4703,Ryan O'Reilly,ROSTER,34.0,"6'1""",216.0,Canada,"Clinton, ON",False,C,16,6,4,10,1.75,0.25,0.38,0.62,23.5,0.0,2,1,1,2,1,0,1,2,0,0,1,0,1,100.0,-4,51,28,21.4,15,8,15,6,14,8,12,282,164,118,58.2,0,0,1,2,0,369,182,106,88,18636,6400,2381,9981,NSH,Central,Western
2025-2026,20251107,26,SJS,5036,Dmitry Orlov,ROSTER,34.0,"5'11""",208.0,Russia,Novokuznetsk,False,D,14,0,10,10,1.5,0.71,0.0,0.71,38.1,35.0,0,0,4,4,0,0,0,0,0,0,0,0,0,0.0,-1,38,21,0.0,18,11,6,24,17,22,4,0,0,0,0.0,7,14,1,2,0,354,183,65,106,18946,5093,948,12906,SJS,Pacific,Western
2025-2026,20251107,15,BUF,43366,Noah Ostlund,ROSTER,21.0,"5'10""",164.0,Sweden,Nykvarn,True,C,6,1,0,1,1.17,0.0,0.17,0.17,7.3,0.0,0,0,0,0,0,0,0,0,0,0,0,0,0,0.0,1,11,7,14.3,5,3,1,1,3,1,0,46,14,32,30.4,0,0,0,0,0,103,91,8,5,4341,505,67,3769,BUF,Atlantic,Eastern
2025-2026,20251107,9,NYR,34526,Brennan Othmann,ASSIGNED_TO_MINORS,22.0,"6'0""",175.0,Canada,"Scarborough, ON",True,LW,1,0,0,0,1.0,0.0,0.0,0.0,1.2,0.0,0,0,0,0,0,0,0,0,0,0,0,0,0,0.0,-1,2,1,0.0,0,1,0,2,1,0,0,0,0,0,0.0,0,0,0,0,0,16,11,0,5,751,0,0,751,NYR,Metropolitan,Eastern
2025-2026,20251107,5,WSH,3495,Alex Ovechkin,ROSTER,40.0,"6'3""",236.0,Russia,Moscow,False,LW,14,3,7,10,2.36,0.5,0.21,0.71,16.5,5.0,1,0,2,2,0,0,0,2,0,0,1,1,0,0.0,4,100,33,9.1,0,41,26,28,4,14,2,1,1,0,100.0,1,2,1,2,0,276,157,68,51,15300,5381,1320,8353,WSH,Metropolitan,Eastern
2025-2026,20251107,23,CGY,18227,Brayden Pachal,ROSTER,26.0,"6'0""",200.0,Canada,"Estevan, SK",False,D,8,0,1,1,0.62,0.12,0.0,0.12,16.1,30.0,0,0,0,0,0,0,0,0,0,0,0,0,0,0.0,-2,12,5,0.0,5,4,3,16,16,6,2,0,0,0,0.0,4,16,4,10,0,153,96,26,31,6229,743,388,5098,CGY,Pacific,Western
2025-2026,20251107,8,NYI,5207,Jean-Gabriel Pageau,ROSTER,32.0,"5'10""",180.0,Canada,"Ottawa, ON",False,C,13,3,4,7,1.0,0.31,0.23,0.54,28.9,0.0,1,0,0,0,1,2,3,1,0,0,0,0,0,0.0,0,26,13,23.1,12,6,7,22,13,10,7,197,121,76,61.4,0,0,1,2,0,274,123,70,84,11745,2519,724,8502,NYI,Metropolitan,Eastern
2025-2026,20251107,7,NJD,5178,Ondrej Palat,ROSTER,34.0,"5'11""",194.0,Czech Republic,Frydek-Mistek,False,LW,14,1,1,2,1.14,0.07,0.07,0.14,32.0,0.0,0,0,1,1,0,0,0,0,0,0,0,0,0,0.0,1,30,16,6.2,13,3,11,25,20,4,1,4,1,3,25.0,0,0,5,10,0,265,152,47,67,10788,2899,585,7304,NJD,Metropolitan,Eastern
2025-2026,20251107,8,NYI,4796,Kyle Palmieri,ROSTER,34.0,"5'11""",185.0,USA,"Smithtown, NY",False,C,13,4,6,10,3.0,0.46,0.31,0.77,16.4,15.0,1,0,4,4,0,0,0,0,0,0,0,0,0,0.0,-1,71,39,10.3,7,12,20,12,10,10,4,3,2,1,66.7,3,6,3,8,0,293,156,70,71,15333,4680,664,9989,NYI,Metropolitan,Eastern
2025-2026,20251107,9,NYR,5811,Artemi Panarin,ROSTER,34.0,"5'11""",170.0,Russia,Korkino,False,LW,14,2,5,7,2.93,0.36,0.14,0.5,3.8,5.0,0,0,2,2,0,0,0,1,0,0,0,0,0,0.0,-5,95,41,4.9,2,26,30,2,4,18,4,0,0,0,0.0,1,2,1,2,0,320,152,76,79,17753,3099,1029,12778,NYR,Metropolitan,Eastern
2025-2026,20251107,17,STL,5826,Colton Parayko,ROSTER,32.0,"6'6""",230.0,Canada,"St. Albert, AB",False,D,15,0,6,6,1.4,0.4,0.0,0.4,48.2,15.0,0,0,0,0,0,0,0,0,0,0,0,0,0,0.0,-3,57,21,0.0,30,18,18,14,24,20,8,0,0,0,0.0,3,6,3,6,0,434,242,93,99,20662,3870,1504,15288,STL,Central,Western
2025-2026,20251107,23,CGY,142360,Zayne Parekh,ROSTER,,,,,,False,D,10,0,1,1,1.1,0.1,0.0,0.1,9.0,0.0,0,0,1,1,0,0,0,0,0,0,0,0,0,0.0,0,34,11,0.0,5,17,6,4,18,16,3,0,0,0,0.0,0,0,4,8,0,213,176,32,5,9359,1736,105,7518,CGY,Pacific,Western
2025-2026,20251107,9,NYR,34307,Juuso Parssinen,ROSTER,24.0,"6'2""",203.0,Finland,Hmeenlinna,True,C,10,2,1,3,1.0,0.1,0.2,0.3,19.6,5.0,0,0,0,0,0,0,0,0,0,0,0,0,0,0.0,3,18,10,20.0,9,3,5,13,7,5,3,25,11,14,44.0,1,2,2,4,0,137,97,15,23,5590,624,282,4494,NYR,Metropolitan,Eastern
2025-2026,20251107,11,BOS,5437,David Pastrnak,ROSTER,29.0,"6'0""",194.0,Czech Republic,Havirov,False,RW,16,7,11,18,3.31,0.69,0.44,1.12,21.8,30.0,2,3,5,8,0,0,0,0,0,0,0,0,0,0.0,-5,121,53,13.2,4,47,21,28,17,26,6,0,0,0,0.0,6,12,7,14,0,334,182,94,65,19167,5757,1515,11895,BOS,Atlantic,Eastern
2025-2026,20251107,2,WPJ,5292,Tanner Pearson,ROSTER,33.0,"6'1""",201.0,Canada,"Kitchener, ON",False,LW,13,2,1,3,0.92,0.08,0.15,0.23,21.6,25.0,0,0,0,0,0,0,0,0,0,0,0,0,0,0.0,1,20,12,16.7,10,4,4,14,8,10,2,4,2,2,50.0,5,10,1,2,0,231,105,71,57,9047,1711,1118,6218,WPG,,
2025-2026,20251107,11,BOS,15999,Andrew Peeke,ROSTER,27.0,"6'3""",194.0,USA,"Parkland, FL",False,D,16,0,4,4,1.12,0.25,0.0,0.25,64.4,0.0,0,0,0,0,0,0,0,0,0,0,0,0,0,0.0,-2,47,18,0.0,39,15,14,21,24,14,2,0,0,0,0.0,0,0,0,0,0,397,222,61,114,18733,1818,1005,15910,BOS,Atlantic,Eastern
2025-2026,20251107,8,NYI,5856,Adam Pelech,ROSTER,31.0,"6'3""",218.0,Canada,"Toronto, ON",False,D,13,0,2,2,1.23,0.15,0.0,0.15,25.6,10.0,0,0,0,0,0,0,0,0,0,0,0,0,0,0.0,5,56,16,0.0,17,19,21,5,22,10,4,0,0,0,0.0,2,4,3,6,0,343,168,68,107,15059,1953,981,12125,NYI,Metropolitan,Eastern
2025-2026,20251107,18,NSH,38801,Nicklaus Perbix,ROSTER,27.0,"6'4""",200.0,USA,"Minneapolis, MN",True,D,16,2,1,3,1.44,0.06,0.12,0.19,28.3,15.0,0,0,0,0,0,0,0,0,0,0,0,0,0,0.0,-1,55,23,8.7,19,24,8,5,17,18,3,0,0,0,0.0,3,6,0,0,0,410,240,98,74,19688,2561,1772,15355,NSH,Central,Western
2025-2026,20251107,13,OTT,4307,David Perron,ROSTER,37.0,"6'0""",200.0,Canada,"Sherbrooke, QC",False,LW,14,2,5,7,1.07,0.36,0.14,0.5,15.9,20.0,0,2,2,4,0,0,0,0,0,0,0,0,0,0.0,-6,25,15,13.3,4,5,5,18,8,6,2,1,0,1,0.0,4,8,4,8,0,293,139,78,78,12151,3263,1232,7656,OTT,Atlantic,Eastern
2025-2026,20251107,28,LAK,3626,Corey Perry,ROSTER,40.0,"6'3""",205.0,Canada,"Peterborough, ON",False,RW,9,6,3,9,2.67,0.33,0.67,1.0,5.8,19.8,2,1,1,2,0,0,0,0,0,0,2,1,0,0.0,4,34,24,25.0,3,4,6,3,9,4,1,4,2,2,50.0,2,7,4,13,1,160,87,47,32,7935,2532,822,4581,LAK,Pacific,Western
2025-2026,20251107,7,NJD,5845,Brett Pesce,ROSTER,30.0,"6'3""",206.0,USA,"Tarrytown, NY",False,D,9,0,3,3,0.89,0.33,0.0,0.33,34.4,5.0,0,0,0,0,0,0,0,0,0,0,0,0,0,0.0,3,17,8,0.0,24,5,4,4,10,4,2,0,0,0,0.0,1,2,1,2,0,193,89,44,60,10614,1679,548,8387,NJD,Metropolitan,Eastern
2025-2026,20251107,30,UTA,28525,John-Jason Peterka,ROSTER,23.0,"5'11""",192.0,Germany,Munich,True,RW,14,4,6,10,1.86,0.43,0.29,0.71,6.5,10.0,1,0,0,0,0,0,0,1,0,0,0,0,0,0.0,3,52,26,15.4,4,17,9,2,12,15,6,6,1,5,16.7,2,4,3,6,0,296,158,38,104,13506,1098,388,12020,UTA,Central,Western
2025-2026,20251107,27,DAL,5213,Alex Petrovic,ROSTER,33.0,"6'4""",216.0,Canada,"Edmonton, AB",False,D,12,0,2,2,1.0,0.17,0.0,0.17,30.3,44.8,0,0,0,0,0,0,0,0,0,0,0,0,0,0.0,-5,23,12,0.0,13,11,0,22,25,12,2,0,0,0,0.0,5,21,1,5,1,186,117,19,48,9544,2168,460,6837,DAL,Central,Western
2025-2026,20251107,4,FLO,4929,Jeff Petry,ROSTER,37.0,"6'3""",209.0,USA,"Ann Arbor, MI",False,D,14,0,4,4,0.71,0.29,0.0,0.29,24.5,10.0,0,0,2,2,0,0,0,0,0,0,0,0,0,0.0,-3,31,10,0.0,14,13,8,10,22,15,0,0,0,0,0.0,2,4,0,0,0,284,150,59,75,12588,3153,757,8678,FLA,,
2025-2026,20251107,21,VAN,15084,Elias Pettersson,ROSTER,26.0,"6'2""",176.0,Sweden,Sundsvall,False,C,15,3,7,10,1.53,0.47,0.2,0.67,51.9,5.0,1,1,3,4,0,0,0,0,0,0,2,1,0,0.0,0,57,23,13.0,31,13,21,18,15,16,8,309,143,166,46.3,1,2,4,8,0,344,186,100,61,17880,3605,2699,11576,VAN,Pacific,Western
2025-2026,20251107,21,VAN,56700,Elias Nils Pettersson,ROSTER,21.0,"6'2""",185.0,Sweden,Västerås,False,D,14,0,2,2,0.43,0.14,0.0,0.14,31.3,10.0,0,0,0,0,0,0,0,0,0,0,0,0,0,0.0,-1,26,6,0.0,16,13,7,17,23,15,4,0,0,0,0.0,2,4,5,10,0,266,207,18,41,11931,1299,142,10490,VAN,Pacific,Western
2025-2026,20251107,21,VAN,14114,Marcus Pettersson,ROSTER,29.0,"6'3""",177.0,Sweden,Skellefteå,False,D,15,0,3,3,0.67,0.2,0.0,0.2,40.5,49.8,0,0,0,0,0,0,0,0,0,0,0,0,0,0.0,1,34,10,0.0,26,11,13,10,27,14,3,0,0,0,0.0,8,19,1,5,1,354,186,40,128,18630,2167,867,15596,VAN,Pacific,Western
2025-2026,20251107,24,EDM,39040,Noah Philp,ROSTER,27.0,"6'3""",200.0,Canada,"Canmore, AB",True,C,9,2,1,3,0.78,0.11,0.22,0.33,10.2,10.0,0,0,0,0,0,0,0,0,0,0,0,0,0,0.0,-3,13,7,28.6,1,5,1,15,9,3,4,62,34,28,54.8,2,4,2,4,0,127,72,39,17,5536,1299,585,3638,EDM,Pacific,Western
2025-2026,20251107,10,PIT,43371,Owen Pickering,ROSTER,21.0,"6'4""",180.0,Canada,"St. Adolphe, MB",True,D,4,0,0,0,0.25,0.0,0.0,0.0,3.3,5.0,0,0,0,0,0,0,0,0,0,0,0,0,0,0.0,-3,6,1,0.0,2,4,1,1,6,4,1,0,0,0,0.0,1,2,0,0,0,73,60,2,11,2903,311,32,2560,PIT,Metropolitan,Eastern
2025-2026,20251107,13,OTT,30027,Shane Pinto,ROSTER,24.0,"6'3""",201.0,USA,"Franklin Square, NY",True,C,14,8,5,13,3.0,0.36,0.57,0.93,19.6,25.0,2,0,0,0,0,1,1,1,0,0,1,0,1,100.0,3,84,42,19.0,9,16,26,13,18,12,5,172,100,72,58.1,5,10,5,10,0,367,166,68,142,16203,2171,689,13494,OTT,Atlantic,Eastern
2025-2026,20251107,2,WPJ,14095,Neal Pionk,ROSTER,30.0,"6'0""",186.0,USA,"Hermantown, MN",False,D,13,0,2,2,2.31,0.15,0.0,0.15,40.8,25.0,0,0,1,1,0,0,0,0,0,0,0,0,0,0.0,2,65,30,0.0,20,24,11,24,14,10,4,0,0,0,0.0,5,10,2,4,0,368,214,94,60,18392,3615,1813,12964,WPG,,
2025-2026,20251107,25,MIN,5274,Tyler Pitlick,ROSTER,34.0,"6'2""",200.0,USA,"Minneapolis, MN",False,C,9,0,0,0,0.67,0.0,0.0,0.0,22.1,56.0,0,0,0,0,0,0,0,0,0,0,0,0,0,0.0,-3,10,6,0.0,6,2,2,24,5,3,1,0,0,0,0.0,4,32,2,7,1,84,43,28,13,3986,989,249,2750,MIN,Central,Western
2025-2026,20251107,24,EDM,30369,Vasily Podkolzin,ROSTER,24.0,"6'1""",190.0,Russia,Moscow,True,RW,15,2,4,6,1.73,0.27,0.13,0.4,46.7,5.0,0,0,0,0,0,0,0,1,0,0,0,0,0,0.0,3,42,26,7.7,13,8,8,50,13,7,3,6,2,4,33.3,1,2,1,2,0,275,170,86,12,13254,2992,1546,8307,EDM,Pacific,Western
2025-2026,20251107,29,ANA,13640,Ryan Poehling,ROSTER,26.0,"6'2""",204.0,USA,"Lakeville, MN",False,C,13,1,5,6,0.77,0.38,0.08,0.46,15.5,5.0,0,0,0,0,0,0,0,0,0,0,0,0,0,0.0,-1,23,10,10.0,9,7,6,6,14,8,2,134,61,73,45.5,1,2,2,4,0,230,111,46,74,9494,1436,400,7658,ANA,Pacific,Western
2025-2026,20251107,1,TBL,10079,Brayden Point,ROSTER,29.0,"5'10""",166.0,Canada,"Calgary, AB",False,C,14,3,6,9,2.07,0.43,0.21,0.64,11.1,10.0,1,1,2,3,0,0,0,0,0,0,0,0,0,0.0,-9,54,29,10.3,7,12,13,3,11,15,3,162,70,92,43.2,2,4,4,8,0,312,157,101,57,15938,4193,3004,8741,TBL,Atlantic,Eastern
2025-2026,20251107,15,BUF,34475,Owen Power,ROSTER,22.0,"6'6""",214.0,Canada,"Mississauga, ON",True,D,13,1,4,5,1.38,0.31,0.08,0.38,20.1,5.0,0,0,0,0,0,2,2,0,0,0,0,0,0,0.0,-4,43,18,5.6,12,16,9,7,14,13,3,0,0,0,0.0,1,2,1,2,0,350,208,50,93,16751,1952,335,14464,BUF,Atlantic,Eastern
2025-2026,20251107,5,WSH,28499,Aliaksei Protas,ROSTER,24.0,"6'5""",190.0,Belarus,Vitebsk,True,C,14,5,5,10,2.21,0.36,0.36,0.71,16.9,5.0,1,0,1,1,0,0,0,1,0,0,0,0,0,0.0,5,65,31,16.1,10,15,19,6,11,15,3,10,2,8,20.0,1,2,4,8,0,318,195,82,42,15139,3323,977,10722,WSH,Metropolitan,Eastern
2025-2026,20251107,19,CBJ,5602,Ivan Provorov,ROSTER,28.0,"6'1""",201.0,Russia,Yaroslavl,False,D,13,2,3,5,2.38,0.23,0.15,0.38,30.0,15.0,0,0,0,0,0,0,0,0,0,0,0,0,0,0.0,4,59,31,6.5,19,13,15,8,12,15,7,0,0,0,0.0,3,6,3,6,0,330,166,80,82,18698,2931,1034,14468,CBJ,Metropolitan,Eastern
2025-2026,20251107,8,NYI,5815,Ryan Pulock,ROSTER,31.0,"6'2""",217.0,Canada,"Dauphin, MB",False,D,13,0,5,5,1.0,0.38,0.0,0.38,35.8,0.0,0,0,0,0,0,1,1,0,0,0,0,0,0,0.0,3,37,13,0.0,22,16,8,11,16,17,2,0,0,0,0.0,0,0,0,0,0,353,182,125,46,15295,1630,2022,11643,NYI,Metropolitan,Eastern
2025-2026,20251107,15,BUF,28524,Jack Quinn,ROSTER,24.0,"6'0""",176.0,Canada,"Ottawa, ON",True,RW,14,3,4,7,1.64,0.29,0.21,0.5,10.8,0.0,1,2,0,2,0,0,0,1,0,0,1,0,0,0.0,-5,45,23,13.0,5,10,12,7,16,12,1,0,0,0,0.0,0,0,1,2,0,291,178,44,72,13142,1515,462,11165,BUF,Atlantic,Eastern
2025-2026,20251107,1,TBL,18138,Darren Raddysh,ROSTER,29.0,"6'0""",201.0,Canada,"Caledon, ON",False,D,8,1,2,3,1.75,0.25,0.12,0.38,8.3,5.0,0,0,0,0,0,0,0,0,0,0,0,0,0,0.0,-3,34,14,7.1,4,14,6,5,12,5,1,0,0,0,0.0,1,2,0,0,0,144,78,31,36,6702,1698,666,4338,TBL,Atlantic,Eastern
2025-2026,20251107,9,NYR,15229,Taylor Raddysh,ROSTER,27.0,"6'2""",198.0,Canada,"Toronto, ON",False,RW,14,5,0,5,1.36,0.0,0.36,0.36,12.5,5.0,1,0,0,0,1,0,1,0,0,0,0,0,0,0.0,3,28,19,26.3,5,3,6,10,7,4,5,2,0,2,0.0,1,2,0,0,0,249,129,58,58,10306,2306,665,6844,NYR,Metropolitan,Eastern
2025-2026,20251107,10,PIT,5144,Rickard Rakell,INJURY_LIST,32.0,"6'0""",196.0,Sweden,Sundbyberg,False,RW,9,3,5,8,1.89,0.56,0.33,0.89,18.6,5.0,1,1,2,3,0,1,1,0,0,0,0,0,0,0.0,1,36,17,17.6,10,9,10,9,12,4,3,6,1,5,16.7,1,2,0,0,0,195,79,90,21,9580,1467,2444,5305,PIT,Metropolitan,Eastern
2025-2026,20251107,27,DAL,5605,Mikko Rantanen,ROSTER,29.0,"6'4""",215.0,Finland,Nousiainen,False,RW,14,8,12,20,2.64,0.86,0.57,1.43,18.9,40.0,2,4,8,12,0,0,0,1,0,0,3,1,1,33.33,-3,74,37,21.6,8,18,19,14,16,11,1,20,10,10,50.0,8,16,10,20,0,325,172,65,90,18216,4880,706,12467,DAL,Central,Western
2025-2026,20251107,16,DET,13624,Michael Rasmussen,ROSTER,26.0,"6'6""",221.0,Canada,"Surrey, BC",False,C,13,1,2,3,0.85,0.15,0.08,0.23,18.5,10.0,0,0,0,0,0,0,0,0,0,0,0,0,0,0.0,-4,26,11,9.1,9,5,11,11,13,3,1,96,57,39,59.4,2,4,1,2,0,222,120,45,58,8971,1396,517,7058,DET,Atlantic,Eastern
2025-2026,20251107,21,VAN,32262,Aatu Raty,ROSTER,22.0,"6'2""",185.0,Finland,Oulu,True,C,13,1,4,5,0.69,0.31,0.08,0.38,29.2,15.0,0,0,0,0,0,0,0,0,0,0,0,0,0,0.0,2,28,9,11.1,6,7,12,36,10,6,2,161,92,69,57.1,3,6,2,4,0,250,166,36,49,10014,1747,502,7765,VAN,Pacific,Western
2025-2026,20251107,16,DET,19050,Lucas Raymond,ROSTER,23.0,"5'11""",170.0,Sweden,Goteborg,True,LW,12,4,8,12,1.75,0.67,0.33,1.0,9.8,5.0,1,1,3,4,0,0,0,1,0,0,2,0,1,50.0,3,51,21,19.0,6,14,16,3,9,11,8,1,1,0,100.0,1,2,6,12,0,260,151,36,78,12747,2453,601,9868,DET,Atlantic,Eastern
2025-2026,20251107,26,SJS,4892,Ryan Reaves,ROSTER,38.0,"6'2""",225.0,Canada,"Winnipeg, MB",False,RW,10,2,0,2,0.6,0.0,0.2,0.2,23.1,29.5,0,0,0,0,0,0,0,0,0,0,0,0,0,0.0,-3,10,6,33.3,1,1,3,37,3,2,1,0,0,0,0.0,2,10,2,10,2,98,55,31,15,4026,1204,167,2658,SJS,Pacific,Western
2025-2026,20251107,24,EDM,24516,Alec Regula,ROSTER,25.0,"6'4""",203.0,USA,"West Bloomfield, MI",False,D,3,0,0,0,1.0,0.0,0.0,0.0,4.6,5.0,0,0,0,0,0,0,0,0,0,0,0,0,0,0.0,-1,5,3,0.0,3,1,1,1,10,1,0,0,0,0,0.0,1,2,0,0,0,56,28,12,14,2701,723,55,1816,EDM,Pacific,Western
2025-2026,20251107,20,CHI,30422,Lukas Reichel,ROSTER,23.0,"6'0""",170.0,Germany,Nürnberg,True,LW,5,2,2,4,1.2,0.4,0.4,0.8,4.6,5.0,0,0,0,0,0,0,0,0,0,0,0,0,0,0.0,1,10,6,33.3,3,2,2,1,1,4,1,7,2,5,28.6,1,2,0,0,0,66,38,8,22,2959,149,68,2742,CHI,Central,Western
2025-2026,20251107,20,CHI,30422,Lukas Reichel,ROSTER,23.0,"6'0""",170.0,Germany,Nürnberg,True,LW,5,2,2,4,1.2,0.4,0.4,0.8,4.6,5.0,0,0,0,0,0,0,0,0,0,0,0,0,0,0.0,1,10,6,33.3,3,2,2,1,1,4,1,7,2,5,28.6,1,2,0,0,0,66,38,8,22,2959,149,68,2742,CHI,Central,Western
2025-2026,20251107,21,VAN,30422,Lukas Reichel,ROSTER,23.0,"6'0""",170.0,Germany,Nürnberg,True,LW,7,0,0,0,1.29,0.0,0.0,0.0,6.5,0.0,0,0,0,0,0,0,0,0,0,0,0,0,0,0.0,-7,20,9,0.0,4,2,9,2,4,6,0,72,28,44,38.9,0,0,0,0,0,137,96,20,21,6680,929,342,5409,VAN,Pacific,Western
2025-2026,20251107,21,VAN,30422,Lukas Reichel,ROSTER,23.0,"6'0""",170.0,Germany,Nürnberg,True,LW,7,0,0,0,1.29,0.0,0.0,0.0,6.5,0.0,0,0,0,0,0,0,0,0,0,0,0,0,0,0.0,-7,20,9,0.0,4,2,9,2,4,6,0,72,28,44,38.9,0,0,0,0,0,137,96,20,21,6680,929,342,5409,VAN,Pacific,Western
2025-2026,20251107,3,CAR,5814,Mike Reilly,ROSTER,32.0,"6'1""",200.0,USA,"Chanhassen, MN",False,D,10,1,4,5,1.8,0.4,0.1,0.5,21.6,0.0,0,0,0,0,1,0,1,0,0,0,0,0,0,0.0,11,44,18,5.6,14,14,12,5,13,7,0,0,0,0,0.0,0,0,2,4,0,264,137,51,77,11120,1969,632,8519,CAR,Metropolitan,Eastern
2025-2026,20251107,142,VGK,30061,Cole Reinhardt,ROSTER,25.0,"6'1""",203.0,Canada,"Calgary, AB",True,LW,7,1,1,2,0.14,0.14,0.14,0.29,9.4,0.0,0,0,0,0,0,0,0,0,0,0,0,0,0,0.0,-2,9,1,100.0,0,4,4,16,3,5,0,2,1,1,50.0,0,0,1,2,0,91,57,27,8,3884,823,311,2750,VGK,Pacific,Western
2025-2026,20251107,4,FLO,5416,Sam Reinhart,ROSTER,30.0,"6'1""",194.0,Canada,"North Vancouver, BC",False,C,14,7,1,8,2.79,0.07,0.5,0.57,24.7,5.0,2,1,1,2,1,0,1,2,0,0,2,0,0,0.0,-5,91,39,17.9,11,18,34,17,21,9,2,62,20,42,32.3,1,2,2,4,0,338,148,120,77,18059,3612,2742,11705,FLA,,
2025-2026,20251107,9,NYR,34418,Matt Rempe,ROSTER,23.0,"6'8""",205.0,Canada,"Calgary, AB",True,C,9,1,0,1,0.89,0.0,0.11,0.11,20.3,19.8,0,0,0,0,0,0,0,0,0,0,0,0,0,0.0,1,16,8,12.5,2,3,5,30,7,2,1,5,2,3,40.0,2,7,2,7,1,122,83,32,2,5296,1096,359,3591,NYR,Metropolitan,Eastern
2025-2026,20251107,12,TOR,5261,Morgan Rielly,ROSTER,31.0,"6'1""",219.0,Canada,"West Vancouver, BC",False,D,13,2,8,10,2.0,0.62,0.15,0.77,21.5,5.0,0,0,0,0,0,0,0,1,0,0,0,0,0,0.0,-2,64,26,7.7,13,18,20,7,21,27,3,0,0,0,0.0,1,2,0,0,0,365,212,75,80,16683,3620,1075,11988,TOR,Atlantic,Eastern
2025-2026,20251107,20,CHI,56353,Sam Rinzel,ROSTER,21.0,"6'3""",180.0,USA,"Chanhassen, MN",False,D,14,1,2,3,1.64,0.14,0.07,0.21,33.6,30.0,0,0,0,0,0,0,0,0,0,0,0,0,0,0.0,0,67,23,4.3,19,32,12,14,19,21,2,0,0,0,0.0,6,12,2,4,0,300,229,25,44,16320,2633,121,13353,CHI,Central,Western
2025-2026,20251107,8,NYI,134181,Calum Ritchie,ROSTER,20.0,"6'2""",185.0,Canada,"Oakville, ON",True,C,3,0,0,0,0.33,0.0,0.0,0.0,2.7,10.0,0,0,0,0,0,0,0,0,0,0,0,0,0,0.0,0,5,1,0.0,2,2,2,0,4,5,0,24,7,17,29.2,2,4,0,0,0,54,45,6,3,2581,200,42,2339,NYI,Metropolitan,Eastern
2025-2026,20251107,27,DAL,18026,Jason Robertson,ROSTER,26.0,"6'2""",194.0,USA,"Northville, MI",False,LW,14,3,10,13,4.21,0.71,0.21,0.93,16.7,0.0,1,2,5,7,0,0,0,0,0,0,3,0,2,66.67,-1,97,59,5.1,9,18,20,8,16,18,8,1,0,1,0.0,0,0,3,6,0,316,159,72,83,17615,4288,743,12376,DAL,Central,Western
2025-2026,20251107,9,NYR,29769,Matthew Robertson,ROSTER,24.0,"6'4""",202.0,Canada,"Sherwood Park, AB",True,D,8,1,0,1,0.88,0.0,0.12,0.12,16.5,10.0,0,0,0,0,0,0,0,0,0,0,0,0,0,0.0,-3,25,7,14.3,8,11,7,10,12,7,0,0,0,0,0.0,2,4,0,0,0,172,114,21,38,8048,986,205,6857,NYR,Metropolitan,Eastern
2025-2026,20251107,12,TOR,20226,Nicholas Robertson,ROSTER,24.0,"5'9""",162.0,USA,"Pasadena, CA",True,LW,13,3,4,7,2.0,0.31,0.23,0.54,10.9,0.0,1,0,0,0,0,0,0,1,0,0,0,0,0,0.0,0,43,26,11.5,2,7,10,14,9,11,4,1,0,1,0.0,0,0,1,2,0,220,127,63,33,9975,2013,641,7321,TOR,Atlantic,Eastern
2025-2026,20251107,3,CAR,14154,Eric Robinson,ROSTER,30.0,"6'2""",197.0,USA,"Bellmawr, New Jersey",False,LW,7,3,1,4,1.29,0.14,0.43,0.57,6.6,0.0,1,0,0,0,0,0,0,0,0,0,0,0,0,0.0,2,16,9,33.3,1,2,5,9,8,3,1,1,0,1,0.0,0,0,1,2,0,102,53,26,26,4180,384,407,3389,CAR,Metropolitan,Eastern
2025-2026,20251107,4,FLO,9075,Evan Rodrigues,ROSTER,32.0,"5'11""",184.0,Canada,"Toronto, ON",False,C,14,3,5,8,2.29,0.36,0.21,0.57,22.4,20.0,1,0,2,2,0,0,0,0,0,0,1,0,0,0.0,3,58,32,9.4,8,13,13,20,14,10,4,136,63,73,46.3,4,8,5,13,0,305,161,98,48,14055,2635,2244,9160,FLA,,
2025-2026,20251107,8,NYI,14561,Alexander Romanov,ROSTER,25.0,"6'1""",209.0,Russia,Moscow,True,D,8,0,0,0,1.0,0.0,0.0,0.0,39.8,15.0,0,0,0,0,0,0,0,0,0,0,0,0,0,0.0,-3,21,8,0.0,21,8,5,20,24,7,2,0,0,0,0.0,3,6,1,2,0,179,126,14,39,9081,1214,231,7636,NYI,Metropolitan,Eastern
2025-2026,20251107,15,BUF,34464,Isak Rosen,ROSTER,22.0,"5'11""",156.0,Sweden,Stockholm,True,RW,3,1,1,2,2.0,0.33,0.33,0.67,7.1,0.0,0,0,0,0,0,0,0,0,0,0,0,0,0,0.0,0,13,6,16.7,4,3,4,3,1,2,0,0,0,0,0.0,0,0,0,0,0,60,39,8,14,2874,518,0,2356,BUF,Atlantic,Eastern
2025-2026,20251107,24,EDM,5620,Jack Roslovic,ROSTER,28.0,"6'1""",187.0,USA,"Columbus, OH",False,C,13,3,5,8,2.38,0.38,0.23,0.62,8.3,5.0,1,2,1,3,0,0,0,0,0,0,0,0,0,0.0,4,51,31,9.7,4,6,14,5,7,9,5,19,9,10,47.4,1,2,3,6,0,251,124,91,29,12973,3467,1798,7281,EDM,Pacific,Western
2025-2026,20251107,25,MIN,28380,Marco Rossi,ROSTER,24.0,"5'9""",183.0,Austria,Feldkirch,True,C,14,3,9,12,1.64,0.64,0.21,0.86,16.5,5.0,1,0,5,5,0,0,0,0,0,0,1,0,1,100.0,-6,50,23,13.0,8,12,15,10,14,11,4,184,91,93,49.5,1,2,2,4,0,290,170,73,51,15488,2889,1190,11650,MIN,Central,Western
2025-2026,20251107,14,MTL,38746,Joshua Roy,ASSIGNED_TO_MINORS,22.0,"6'0""",190.0,Canada,"St-Georges-de-Beauce, QC",True,RW,1,0,0,0,0.0,0.0,0.0,0.0,2.4,0.0,0,0,0,0,0,0,0,0,0,0,0,0,0,0.0,0,0,0,0.0,0,0,0,4,1,0,0,0,0,0,0.0,0,0,0,0,0,10,4,3,3,478,76,0,402,MTL,Atlantic,Eastern
2025-2026,20251107,5,WSH,5789,Matt Roy,ROSTER,30.0,"6'1""",200.0,USA,"Canton, MI",False,D,14,0,2,2,1.43,0.14,0.0,0.14,50.0,10.0,0,0,0,0,0,0,0,0,0,0,0,0,0,0.0,6,44,20,0.0,30,17,7,17,35,11,1,0,0,0,0.0,2,4,2,4,0,298,144,48,105,16460,1872,667,13876,WSH,Metropolitan,Eastern
2025-2026,20251107,12,TOR,14391,Nicolas Roy,ROSTER,28.0,"6'4""",200.0,Canada,"Amos, QC",False,C,14,1,2,3,0.86,0.14,0.07,0.21,22.2,10.0,0,0,0,0,0,0,0,0,0,0,0,0,0,0.0,-3,20,12,8.3,10,5,3,15,10,19,6,152,78,74,51.3,2,4,2,6,0,278,138,96,45,11718,2081,1774,7863,TOR,Atlantic,Eastern
2025-2026,20251107,10,PIT,5500,Bryan Rust,ROSTER,33.0,"5'11""",192.0,USA,"Pontiac, MI",False,RW,13,5,9,14,2.46,0.69,0.38,1.08,23.1,15.0,1,1,6,7,0,0,0,3,0,0,2,0,1,50.0,0,53,32,15.6,16,6,15,3,15,19,1,1,0,1,0.0,3,6,5,10,0,304,127,143,40,15877,2786,3543,9654,PIT,Metropolitan,Eastern
2025-2026,20251107,142,VGK,5014,Brandon Saad,ROSTER,33.0,"6'1""",206.0,USA,"Pittsburgh, PA",False,LW,13,0,2,2,1.69,0.15,0.0,0.15,11.8,5.0,0,0,0,0,0,0,0,0,0,0,0,0,0,0.0,0,40,22,0.0,8,13,5,2,5,10,4,9,2,7,22.2,1,2,1,2,0,234,112,58,65,10679,3493,925,6249,VGK,Pacific,Western
2025-2026,20251107,4,FLO,37976,Mackie Samoskevich,ROSTER,22.0,"5'11""",191.0,USA,"Newtown, CT",True,RW,14,2,7,9,2.29,0.5,0.14,0.64,20.9,15.0,0,2,3,5,0,0,0,0,0,0,0,0,0,0.0,1,64,32,6.2,6,19,13,22,20,8,1,0,0,0,0.0,3,6,3,6,0,278,189,72,19,12596,3233,852,8511,FLA,,
2025-2026,20251107,15,BUF,14555,Mattias Samuelsson,ROSTER,25.0,"6'4""",218.0,USA,"Voorhees, New Jersey",True,D,12,2,4,6,1.33,0.33,0.17,0.5,48.5,10.0,0,0,0,0,0,0,0,1,0,0,0,0,0,0.0,2,33,16,12.5,28,13,5,19,28,6,1,0,0,0,0.0,2,4,2,4,0,313,162,33,120,14735,805,121,13809,BUF,Atlantic,Eastern
2025-2026,20251107,13,OTT,37996,Jake Sanderson,ROSTER,23.0,"6'3""",195.0,USA,"Whitefish, MT",True,D,14,3,8,11,2.43,0.57,0.21,0.79,36.9,0.0,1,1,4,5,0,0,0,0,0,0,0,0,0,0.0,0,91,34,8.8,25,36,21,6,39,21,11,0,0,0,0.0,0,0,3,6,0,424,223,58,146,20171,2770,488,16913,OTT,Atlantic,Eastern
2025-2026,20251107,5,WSH,14552,Rasmus Sandin,ROSTER,25.0,"5'11""",183.0,Sweden,Uppsala,True,D,9,1,3,4,0.78,0.33,0.11,0.44,30.6,0.0,0,0,0,0,0,0,0,0,0,0,0,0,0,0.0,4,27,7,14.3,15,12,8,18,10,12,3,0,0,0,0.0,0,0,0,0,0,188,107,45,37,10270,1216,889,8165,WSH,Metropolitan,Eastern
2025-2026,20251107,16,DET,133971,Axel Sandin-Pellikka,ROSTER,20.0,"5'11""",181.0,Sweden,Gallivare,True,D,14,1,3,4,1.21,0.21,0.07,0.29,25.0,15.0,0,0,2,2,0,0,0,0,0,0,0,0,0,0.0,-8,53,17,5.9,17,22,14,4,24,15,2,0,0,0,0.0,3,6,1,2,0,335,243,36,57,15501,2243,142,13116,DET,Atlantic,Eastern
2025-2026,20251107,6,PHI,11718,Travis Sanheim,ROSTER,29.0,"6'3""",181.0,Canada,"Elkhorn, MB",False,D,14,1,4,5,1.36,0.29,0.07,0.36,47.1,20.0,0,0,0,0,0,0,0,0,0,0,0,0,0,0.0,2,49,19,5.3,30,13,17,12,24,26,3,0,0,0,0.0,4,8,2,4,0,434,216,53,166,21915,2834,768,18313,PHI,Metropolitan,Eastern
2025-2026,20251107,21,VAN,79679,Max Sasson,ROSTER,25.0,"6'1""",181.0,USA,"Birmingham, MI",True,C,12,3,0,3,0.83,0.0,0.25,0.25,19.5,0.0,1,0,0,0,0,0,0,0,0,0,0,0,0,0.0,1,18,10,30.0,12,3,5,6,12,5,3,58,23,35,39.7,0,0,0,0,0,174,143,22,12,7459,954,151,6354,VAN,Pacific,Western
2025-2026,20251107,24,EDM,43365,Matthew Savoie,ROSTER,21.0,"5'9""",175.0,Canada,"St. Albert, AB",True,C,15,1,1,2,1.2,0.07,0.07,0.13,14.4,0.0,0,1,1,2,0,0,0,0,0,0,1,0,0,0.0,-5,35,18,5.6,9,7,10,4,16,9,3,2,1,1,50.0,0,0,4,8,0,265,187,45,29,11730,2474,33,8989,EDM,Pacific,Western
2025-2026,20251107,8,NYI,168063,Matthew Schaefer,ROSTER,18.0,"6'2""",183.0,Canada,"Hamilton, ON",True,D,13,5,6,11,3.15,0.46,0.38,0.85,20.9,12.5,1,3,2,5,0,0,0,1,0,0,0,0,0,0.0,1,85,41,12.2,13,35,9,6,41,16,6,0,0,0,0.0,3,4,9,18,0,342,287,26,33,17143,2723,9,14411,NYI,Metropolitan,Eastern
2025-2026,20251107,2,WPJ,5003,Mark Scheifele,ROSTER,32.0,"6'3""",207.0,Canada,"Kitchener, ON",False,C,13,9,11,20,2.62,0.85,0.69,1.54,5.8,10.0,3,3,2,5,0,1,1,2,0,0,0,0,0,0.0,7,54,34,26.5,3,5,15,3,12,20,2,210,100,110,47.6,2,4,6,12,0,287,141,84,71,15584,3805,896,10883,WPG,,
2025-2026,20251107,17,STL,4712,Brayden Schenn,ROSTER,34.0,"6'1""",200.0,Canada,"Saskatoon, SK",False,C,15,2,4,6,1.13,0.27,0.13,0.4,27.4,44.5,0,0,1,1,0,0,0,0,0,0,1,1,0,0.0,-13,43,17,11.8,6,12,14,33,12,16,2,186,97,89,52.2,5,16,4,14,2,323,167,70,88,15138,4329,384,10425,STL,Central,Western
2025-2026,20251107,2,WPJ,4552,Luke Schenn,ROSTER,36.0,"6'2""",227.0,Canada,"Saskatoon, SK",False,D,10,0,0,0,0.6,0.0,0.0,0.0,30.1,34.5,0,0,0,0,0,0,0,0,0,0,0,0,0,0.0,-3,22,6,0.0,12,9,7,24,18,10,2,0,0,0,0.0,3,12,2,10,2,183,97,27,59,7900,1707,428,5765,WPG,,
2025-2026,20251107,30,UTA,10071,Nick Schmaltz,ROSTER,29.0,"6'0""",177.0,USA,"Madison, WI",False,C,14,8,10,18,3.07,0.71,0.57,1.29,11.8,10.0,2,3,3,6,0,0,0,2,0,0,0,0,0,0.0,3,70,43,18.6,8,16,11,2,12,21,4,71,23,48,32.4,2,4,3,6,0,327,160,53,122,16772,2767,553,13452,UTA,Central,Western
2025-2026,20251107,30,UTA,5269,Nate Schmidt,ROSTER,34.0,"6'0""",194.0,USA,"St. Cloud, MN",False,D,14,0,3,3,1.5,0.21,0.0,0.21,25.4,5.0,0,0,0,0,0,0,0,0,0,0,0,0,0,0.0,9,48,21,0.0,12,15,12,16,13,12,3,0,0,0,0.0,1,2,2,4,0,390,190,53,147,17446,2941,436,14069,UTA,Central,Western
2025-2026,20251107,9,NYR,29932,Braden Schneider,ROSTER,24.0,"6'2""",202.0,Canada,"Prince Albert, SK",True,D,14,1,3,4,1.14,0.21,0.07,0.29,40.7,10.0,0,0,0,0,0,0,0,0,0,0,0,0,0,0.0,-5,41,16,6.2,16,15,10,33,21,11,4,0,0,0,0.0,2,4,3,6,0,324,211,37,62,15297,1604,383,12550,NYR,Metropolitan,Eastern
2025-2026,20251107,143,SEA,5088,Jaden Schwartz,ROSTER,33.0,"5'10""",190.0,Canada,"Wilcox, SK",False,LW,13,4,6,10,1.85,0.46,0.31,0.77,28.5,15.0,1,1,1,2,0,0,0,1,0,0,0,0,0,0.0,2,48,24,16.7,13,14,10,19,13,18,9,8,5,3,62.5,3,6,0,0,0,284,136,73,71,13476,3481,621,8975,SEA,Pacific,Western
2025-2026,20251107,4,FLO,28450,Cole Schwindt,ROSTER,24.0,"6'2""",182.0,Canada,"Kitchener, ON",True,RW,5,1,0,1,0.8,0.0,0.2,0.2,7.7,0.0,0,0,0,0,0,0,0,0,0,0,0,0,0,0.0,2,11,4,25.0,4,3,4,4,5,1,0,34,13,21,38.2,0,0,0,0,0,67,49,10,9,2892,675,167,2050,FLA,,
2025-2026,20251107,13,OTT,29978,Donovan Sebrango,ROSTER,23.0,"6'1""",189.0,Canada,"Kingston, ON",True,D,2,0,0,0,0.5,0.0,0.0,0.0,0.6,14.8,0,0,0,0,0,0,0,0,0,0,0,0,0,0.0,-1,5,1,0.0,0,3,1,1,8,1,0,0,0,0,0.0,1,5,1,5,1,46,32,3,11,1827,4,0,1823,OTT,Atlantic,Eastern
2025-2026,20251107,13,OTT,29978,Donovan Sebrango,ROSTER,23.0,"6'1""",189.0,Canada,"Kingston, ON",True,D,2,0,0,0,0.5,0.0,0.0,0.0,0.6,14.8,0,0,0,0,0,0,0,0,0,0,0,0,0,0.0,-1,5,1,0.0,0,3,1,1,8,1,0,0,0,0,0.0,1,5,1,5,1,46,32,3,11,1827,4,0,1823,OTT,Atlantic,Eastern
2025-2026,20251107,4,FLO,29978,Donovan Sebrango,ROSTER,23.0,"6'1""",189.0,Canada,"Kingston, ON",True,D,3,0,0,0,1.33,0.0,0.0,0.0,7.7,0.0,0,0,0,0,0,0,0,0,0,0,0,0,0,0.0,3,10,4,0.0,4,3,3,4,6,4,0,0,0,0,0.0,0,0,0,0,0,60,50,6,4,2691,216,107,2368,FLA,,
2025-2026,20251107,4,FLO,29978,Donovan Sebrango,ROSTER,23.0,"6'1""",189.0,Canada,"Kingston, ON",True,D,3,0,0,0,1.33,0.0,0.0,0.0,7.7,0.0,0,0,0,0,0,0,0,0,0,0,0,0,0,0.0,3,10,4,0.0,4,3,3,4,6,4,0,0,0,0,0.0,0,0,0,0,0,60,50,6,4,2691,216,107,2368,FLA,,
2025-2026,20251107,6,PHI,12486,Nick Seeler,ROSTER,32.0,"6'2""",201.0,USA,"Eden Prairie, MN",False,D,14,0,2,2,1.43,0.14,0.0,0.14,49.8,15.0,0,0,0,0,0,0,0,0,0,0,0,0,0,0.0,-4,44,20,0.0,25,15,9,28,18,11,1,0,0,0,0.0,3,6,3,6,0,388,209,53,127,16947,2624,428,13859,PHI,Metropolitan,Eastern
2025-2026,20251107,27,DAL,4875,Tyler Seguin,ROSTER,33.0,"6'1""",200.0,Canada,"Brampton, ON",False,C,14,4,2,6,1.43,0.14,0.29,0.43,12.5,5.0,1,1,0,1,0,0,0,1,0,0,1,1,0,0.0,-1,41,20,20.0,5,7,14,10,7,13,3,146,86,60,58.9,1,2,2,4,0,311,149,88,74,15082,4453,879,9580,DAL,Central,Western
2025-2026,20251107,16,DET,18042,Moritz Seider,ROSTER,24.0,"6'3""",208.0,Germany,Zell Mosel,True,D,14,1,5,6,2.29,0.36,0.07,0.43,45.1,25.0,0,0,5,5,0,0,0,0,0,0,0,0,0,0.0,1,76,32,3.1,21,26,18,29,15,19,7,0,0,0,0.0,5,10,2,4,0,402,238,62,103,21339,3569,870,16900,DET,Atlantic,Eastern
2025-2026,20251107,29,ANA,142129,Beckett Sennecke,ROSTER,19.0,"6'2""",177.0,Canada,"Toronto, ON",True,RW,13,4,5,9,1.77,0.38,0.31,0.69,14.3,15.0,1,1,1,2,0,0,0,0,0,0,0,0,0,0.0,-1,49,23,17.4,5,16,10,13,20,15,6,0,0,0,0.0,3,6,6,12,0,283,247,37,4,12996,2443,309,10190,ANA,Pacific,Western
2025-2026,20251107,30,UTA,9635,Mikhail Sergachev,ROSTER,27.0,"6'2""",217.0,Russia,Nizhnekamsk,False,D,14,3,8,11,1.86,0.57,0.21,0.79,37.0,25.0,1,1,4,5,0,0,0,0,0,0,0,0,0,0.0,1,63,26,11.5,26,24,13,4,12,24,4,0,0,0,0.0,5,10,2,4,0,401,193,84,127,20868,2976,976,16916,UTA,Central,Western
2025-2026,20251107,19,CBJ,5453,Damon Severson,ROSTER,31.0,"6'2""",205.0,Canada,"Brandon, MB",False,D,13,1,2,3,1.23,0.15,0.08,0.23,28.1,15.0,0,0,1,1,0,0,0,0,0,0,0,0,0,0.0,4,48,16,6.2,14,22,10,16,7,14,4,0,0,0,0.0,3,6,1,2,0,306,136,76,94,16025,2179,1254,12508,CBJ,Metropolitan,Eastern
2025-2026,20251107,8,NYI,183905,Maxim Shabanov,ROSTER,25.0,"5'9""",167.0,Russia,Chelyabinsk,True,RW,6,1,2,3,1.33,0.33,0.17,0.5,2.9,0.0,0,0,1,1,0,0,0,0,0,0,0,0,0,0.0,-3,15,8,12.5,0,3,4,5,6,5,1,0,0,0,0.0,0,0,1,2,0,96,87,4,7,4218,581,0,3637,NYI,Metropolitan,Eastern
2025-2026,20251107,23,CGY,18107,Yegor Sharangovich,ROSTER,27.0,"6'2""",195.0,Belarus,Minsk,False,C,13,2,2,4,1.38,0.15,0.15,0.31,8.4,0.0,0,1,0,1,0,0,0,0,0,0,1,1,0,0.0,-6,41,18,11.1,5,16,7,3,11,5,1,22,4,18,18.2,0,0,2,4,0,237,139,60,41,11249,2620,997,7550,CGY,Pacific,Western
2025-2026,20251107,10,PIT,5716,Ryan Shea,ROSTER,28.0,"6'1""",176.0,USA,"Milton, MA",False,D,15,2,6,8,1.0,0.4,0.13,0.53,25.8,25.0,0,0,0,0,0,0,0,0,0,0,0,0,0,0.0,6,33,15,13.3,18,9,9,3,21,18,5,0,0,0,0.0,3,14,1,2,0,354,195,80,71,18387,2458,1554,13803,PIT,Metropolitan,Eastern
2025-2026,20251107,9,NYR,5892,Conor Sheary,ROSTER,33.0,"5'8""",179.0,USA,"Winchester, MA",False,LW,14,0,4,4,1.36,0.29,0.0,0.29,13.0,5.0,0,0,1,1,0,0,0,0,0,0,0,0,0,0.0,-2,42,19,0.0,8,11,13,4,6,12,4,8,5,3,62.5,1,2,4,8,0,298,147,77,67,13193,2802,927,8969,NYR,Metropolitan,Eastern
2025-2026,20251107,21,VAN,15089,Kiefer Sherwood,ROSTER,30.0,"6'0""",194.0,USA,"Columbus, OH",False,LW,15,9,0,9,2.0,0.0,0.6,0.6,51.4,30.0,3,2,0,2,1,0,1,1,0,1,1,1,0,0.0,-5,58,30,30.0,9,7,21,67,21,19,7,12,4,8,33.3,6,12,7,14,0,342,180,75,96,15943,2486,1221,12203,VAN,Pacific,Western
2025-2026,20251107,7,NJD,15109,Jonas Siegenthaler,ROSTER,28.0,"6'3""",210.0,Switzerland,Zurich,False,D,14,0,2,2,0.5,0.14,0.0,0.14,44.8,20.0,0,0,0,0,0,1,1,0,0,0,0,0,0,0.0,-3,22,7,0.0,27,10,5,15,26,17,4,0,0,0,0.0,4,8,0,0,0,339,176,53,110,16444,1744,981,13719,NJD,Metropolitan,Eastern
2025-2026,20251107,19,CBJ,34233,Cole Sillinger,ROSTER,22.0,"6'0""",197.0,USA,"Columbus, OH, United States",True,C,13,2,4,6,1.69,0.31,0.15,0.46,9.7,20.0,0,0,0,0,0,0,0,1,0,0,0,0,0,0.0,1,43,22,9.1,2,9,12,12,17,11,6,20,8,12,40.0,4,8,0,0,0,247,168,37,42,12120,2200,257,9562,CBJ,Metropolitan,Eastern
2025-2026,20251107,30,UTA,142305,Dmitri Simashev,ROSTER,,,,,,False,D,14,0,1,1,1.21,0.07,0.0,0.07,25.6,30.0,0,0,0,0,0,0,0,0,0,0,0,0,0,0.0,-3,27,17,0.0,17,5,5,5,24,16,1,0,0,0,0.0,4,16,1,2,0,307,289,10,8,13420,1482,197,11741,UTA,Central,Western
2025-2026,20251107,142,VGK,5330,Colton Sissons,ROSTER,32.0,"6'1""",200.0,Canada,"North Vancouver, BC",False,C,11,0,1,1,0.64,0.09,0.0,0.09,16.4,39.8,0,0,0,0,0,0,0,0,0,0,0,0,0,0.0,-5,17,7,0.0,7,5,5,12,13,4,1,122,66,56,54.1,6,15,4,11,1,181,83,37,61,7022,1984,228,4810,VGK,Pacific,Western
2025-2026,20251107,26,SJS,4876,Jeff Skinner,ROSTER,33.0,"5'11""",195.0,Canada,"Toronto, ON",False,LW,13,4,3,7,1.85,0.23,0.31,0.54,6.9,10.0,1,0,1,1,0,0,0,0,0,0,0,0,0,0.0,-4,47,24,16.7,3,14,9,5,11,13,2,8,2,6,25.0,2,4,8,16,0,222,123,69,34,10254,2347,953,6954,SJS,Pacific,Western
2025-2026,20251107,18,NSH,5891,Brady Skjei,ROSTER,31.0,"6'3""",210.0,USA,"Lakeville, MN",False,D,16,0,4,4,1.5,0.25,0.0,0.25,23.6,15.0,0,0,1,1,0,0,0,0,0,0,0,0,0,0.0,-8,71,24,0.0,12,30,17,13,18,21,7,0,0,0,0.0,3,6,4,8,0,443,222,110,111,22458,3388,2417,16653,NSH,Central,Western
2025-2026,20251107,14,MTL,43333,Juraj Slafkovsky,ROSTER,21.0,"6'3""",238.0,Slovakia,Kosice,True,LW,14,6,2,8,2.29,0.14,0.43,0.57,33.4,30.0,2,4,2,6,0,0,0,0,0,0,0,0,0,0.0,3,61,32,18.8,14,14,15,25,12,9,1,11,2,9,18.2,6,12,4,8,0,292,236,50,12,15389,3076,538,11775,MTL,Atlantic,Eastern
2025-2026,20251107,20,CHI,56363,Landon Slaggert,ASSIGNED_TO_MINORS,23.0,"6'0""",180.0,USA,"South Bend, IN",False,LW,5,0,0,0,0.6,0.0,0.0,0.0,8.7,5.0,0,0,0,0,0,0,0,0,0,0,0,0,0,0.0,-2,9,3,0.0,3,2,4,8,5,3,1,0,0,0,0.0,1,2,1,2,0,72,41,6,24,2988,326,21,2628,CHI,Central,Western
2025-2026,20251107,3,CAR,5866,Jaccob Slavin,ROSTER,31.0,"6'3""",207.0,USA,"Erie, CO",False,D,2,0,0,0,1.0,0.0,0.0,0.0,4.0,0.0,0,0,0,0,0,0,0,0,0,0,0,0,0,0.0,-1,10,2,0.0,3,5,3,0,3,3,2,0,0,0,0.0,0,0,0,0,0,49,26,14,9,2224,496,233,1495,CAR,Metropolitan,Eastern
2025-2026,20251107,18,NSH,28393,Cole Smith,ROSTER,30.0,"6'3""",195.0,USA,"Brainerd, MN",True,RW,13,3,0,3,1.38,0.0,0.23,0.23,24.6,20.0,1,0,0,0,0,0,0,1,0,0,0,0,0,0.0,-2,34,18,16.7,3,5,11,35,19,6,3,4,0,4,0.0,4,8,0,0,0,248,125,39,87,10481,1076,196,9209,NSH,Central,Western
2025-2026,20251107,142,VGK,5092,Reilly Smith,ROSTER,34.0,"6'1""",183.0,Canada,"Toronto, ON",False,RW,13,1,1,2,1.23,0.08,0.08,0.15,6.6,0.0,0,0,0,0,0,0,0,1,0,1,0,0,0,0.0,-4,27,16,6.2,1,4,7,9,7,9,0,0,0,0,0.0,0,0,3,8,0,240,110,72,59,10660,3119,783,6758,VGK,Pacific,Western
2025-2026,20251107,26,SJS,134098,Will Smith,ROSTER,20.0,"6'0""",181.0,USA,"Boston, MA",True,C,14,5,8,13,2.0,0.57,0.36,0.93,11.5,20.0,1,0,3,3,0,0,0,1,0,1,1,1,0,0.0,6,62,28,17.9,6,19,15,6,10,15,1,13,2,11,15.4,4,8,2,4,0,288,188,17,89,15176,1822,0,13388,SJS,Pacific,Western
2025-2026,20251107,17,STL,56646,Jimmy Snuggerud,ROSTER,21.0,"6'1""",188.0,USA,"Chaska, MN",False,RW,15,4,4,8,2.07,0.27,0.27,0.53,21.1,10.0,1,2,2,4,0,0,0,2,0,0,1,0,0,0.0,-3,69,31,12.9,11,17,21,11,12,6,8,2,2,0,100.0,2,4,1,2,0,296,248,39,13,14061,2530,304,11227,STL,Central,Western
2025-2026,20251107,16,DET,30182,Elmer Soderblom,ROSTER,24.0,"6'8""",246.0,Sweden,Gteborg,True,LW,9,1,0,1,1.0,0.0,0.11,0.11,12.7,5.0,0,0,0,0,0,0,0,0,0,0,0,0,0,0.0,-4,23,9,11.1,2,6,8,17,9,5,2,1,1,0,100.0,1,2,2,4,0,132,91,31,11,5591,703,504,4384,DET,Atlantic,Eastern
2025-2026,20251107,22,COL,30036,Ilya Solovyov,ROSTER,25.0,"6'3""",208.0,Belarus,Mogilev,True,D,9,0,0,0,1.0,0.0,0.0,0.0,26.5,10.0,0,0,0,0,0,0,0,0,0,0,0,0,0,0.0,-4,28,9,0.0,15,11,8,11,21,3,2,0,0,0,0.0,2,4,1,2,0,143,96,18,29,6240,555,572,5113,COL,Central,Western
2025-2026,20251107,9,NYR,14381,Carson Soucy,ROSTER,31.0,"6'5""",210.0,Canada,"Viking, AB",True,D,10,1,1,2,0.9,0.1,0.1,0.2,20.2,5.0,0,0,0,0,0,0,0,0,0,0,0,0,0,0.0,2,17,9,11.1,9,6,2,14,13,11,3,0,0,0,0.0,1,2,0,0,0,210,104,36,58,9532,1426,602,6693,NYR,Metropolitan,Eastern
2025-2026,20251107,5,WSH,34057,Justin Sourdif,ROSTER,23.0,"5'11""",173.0,Canada,"Surrey, BC",True,RW,14,1,0,1,0.79,0.0,0.07,0.07,18.3,10.0,0,0,0,0,0,0,0,0,0,0,0,0,0,0.0,0,33,11,9.1,4,14,8,22,23,9,3,29,14,15,48.3,2,4,3,8,0,218,149,48,19,9801,2115,1011,6576,WSH,Metropolitan,Eastern
2025-2026,20251107,13,OTT,28485,Jordan Spence,ROSTER,24.0,"5'10""",175.0,Australia,"Manly, Australia",True,D,5,0,5,5,2.0,1.0,0.0,1.0,8.1,0.0,0,0,0,0,0,0,0,0,0,0,0,0,0,0.0,2,22,10,0.0,3,10,2,7,15,8,0,0,0,0,0.0,0,0,0,0,0,116,62,14,40,5340,501,213,4626,OTT,Atlantic,Eastern
2025-2026,20251107,25,MIN,4918,Jared Spurgeon,ROSTER,35.0,"5'9""",167.0,Canada,"Edmonton, AB",False,D,15,1,3,4,1.2,0.2,0.07,0.27,48.6,0.0,0,1,2,3,0,0,0,0,0,0,0,0,0,0.0,-11,51,18,5.6,25,22,11,26,23,15,3,0,0,0,0.0,0,0,0,0,0,364,202,71,93,19286,4578,1252,13455,MIN,Central,Western
2025-2026,20251107,3,CAR,4029,Jordan Staal,ROSTER,37.0,"6'4""",220.0,Canada,"Thunder Bay, ON",False,C,13,3,1,4,0.85,0.08,0.23,0.31,23.6,44.8,1,0,0,0,0,0,0,0,0,0,0,0,0,0.0,6,24,11,27.3,8,6,7,22,15,10,4,253,151,102,59.7,5,21,4,11,1,289,125,79,88,11805,3162,587,8056,CAR,Metropolitan,Eastern
2025-2026,20251107,18,NSH,4457,Steven Stamkos,ROSTER,35.0,"6'1""",194.0,Canada,"Markham, ON",False,C,16,2,1,3,2.12,0.06,0.12,0.19,16.0,35.0,0,1,0,1,0,0,0,0,0,0,1,0,0,0.0,-6,77,34,5.9,8,26,17,9,11,18,5,88,47,41,53.4,7,14,4,8,0,314,164,87,65,16789,6131,1155,9503,NSH,Central,Western
2025-2026,20251107,3,CAR,34846,Logan Stankoven,ROSTER,22.0,"5'8""",170.0,Canada,"Kamloops, BC",True,C,13,4,3,7,2.15,0.23,0.31,0.54,8.3,17.5,1,0,0,0,0,0,0,0,0,0,0,0,0,0.0,4,49,28,14.3,4,12,9,5,20,7,7,179,78,101,43.6,3,8,4,8,0,245,135,37,77,12213,1380,247,10586,CAR,Metropolitan,Eastern
2025-2026,20251107,2,WPJ,9644,Logan Stanley,ROSTER,27.0,"6'6""",216.0,Canada,"Kitchener, ON",False,D,13,2,4,6,0.85,0.31,0.15,0.46,40.2,59.5,0,0,0,0,0,0,0,1,0,0,0,0,0,0.0,5,38,11,18.2,20,14,13,23,23,13,6,0,0,0,0.0,8,22,3,12,2,273,173,48,54,13452,2058,982,10412,WPG,,
2025-2026,20251107,18,NSH,38802,Spencer Stastney,ROSTER,25.0,"5'10""",180.0,USA,"Woodbridge, IL",True,D,16,1,5,6,0.75,0.31,0.06,0.38,20.4,10.0,0,0,0,0,0,1,1,0,0,0,0,0,0,0.0,-2,35,12,8.3,14,14,9,3,22,10,6,0,0,0,0.0,2,4,5,10,0,343,199,39,107,15007,986,324,13698,NSH,Central,Western
2025-2026,20251107,24,EDM,10108,Troy Stecher,ROSTER,31.0,"5'10""",186.0,Canada,"Richmond, BC",False,D,6,0,0,0,0.5,0.0,0.0,0.0,5.2,20.0,0,0,0,0,0,0,0,0,0,0,0,0,0,0.0,0,9,3,0.0,3,5,1,2,16,8,2,0,0,0,0.0,4,8,0,0,0,108,70,28,10,4904,1152,357,3395,EDM,Pacific,Western
2025-2026,20251107,27,DAL,9656,Sam Steel,ROSTER,27.0,"5'11""",189.0,Canada,"Edmonton, AB",False,C,14,1,5,6,0.86,0.36,0.07,0.43,20.5,15.0,0,1,2,3,0,0,0,0,0,0,0,0,0,0.0,-3,29,12,8.3,7,5,12,19,17,4,5,58,34,24,58.6,3,6,4,8,0,328,154,76,95,15234,3071,1092,10867,DAL,Central,Western
2025-2026,20251107,30,UTA,15136,Kevin Stenlund,ROSTER,29.0,"6'4""",210.0,Sweden,Stockholm,False,C,14,1,1,2,0.93,0.07,0.07,0.14,22.6,10.0,0,0,0,0,0,0,0,0,0,0,0,0,0,0.0,-1,33,13,7.7,13,9,11,9,14,10,6,244,126,118,51.6,2,4,0,0,0,302,138,69,96,12903,1293,806,10804,UTA,Central,Western
2025-2026,20251107,143,SEA,5838,Chandler Stephenson,ROSTER,31.0,"6'0""",208.0,Canada,"Saskatoon, SK",False,C,13,3,4,7,1.62,0.31,0.23,0.54,17.8,0.0,1,2,1,3,0,0,0,0,0,0,0,0,0,0.0,-6,32,21,14.3,12,7,4,3,10,16,4,284,136,148,47.9,0,0,4,8,0,342,149,124,63,16151,3830,2160,9668,SEA,Pacific,Western
2025-2026,20251107,142,VGK,5105,Mark Stone,ROSTER,33.0,"6'3""",202.0,Canada,"Winnipeg, MB",False,RW,6,2,11,13,3.17,1.83,0.33,2.17,8.4,0.0,0,1,7,8,0,1,1,0,0,0,0,0,0,0.0,2,30,19,10.5,5,5,6,3,3,6,1,1,0,1,0.0,0,0,3,6,0,125,62,36,29,6627,1789,535,4303,VGK,Pacific,Western
2025-2026,20251107,5,WSH,5598,Dylan Strome,ROSTER,28.0,"6'3""",200.0,Canada,"Mississauga, ON",False,C,12,4,10,14,2.33,0.83,0.33,1.17,9.0,15.0,1,0,4,4,0,0,0,0,0,0,1,0,0,0.0,10,45,28,14.3,5,8,9,4,3,12,4,209,126,83,60.3,3,6,1,2,0,236,110,84,43,12505,3374,1982,6957,WSH,Metropolitan,Eastern
2025-2026,20251107,14,MTL,38014,Jayden Struble,ROSTER,24.0,"6'0""",205.0,USA,"Cumberland, RI",True,D,10,0,3,3,0.6,0.3,0.0,0.3,19.9,29.8,0,0,0,0,0,0,0,0,0,0,0,0,0,0.0,1,21,6,0.0,7,7,8,18,11,11,1,0,0,0,0.0,4,11,1,5,1,184,114,18,52,9131,1108,455,7568,MTL,Atlantic,Eastern
2025-2026,20251107,13,OTT,19051,Tim Stützle,ROSTER,23.0,"6'0""",190.0,Germany,Viersen,True,C,14,6,8,14,2.93,0.57,0.43,1.0,22.6,17.5,2,2,1,3,0,0,0,0,0,0,2,0,2,100.0,1,72,41,14.6,9,23,8,18,23,18,3,122,75,47,61.5,4,6,7,14,0,355,239,78,46,16755,4454,1201,11422,OTT,Atlantic,Eastern
2025-2026,20251107,17,STL,5819,Oskar Sundqvist,ROSTER,31.0,"6'3""",209.0,Sweden,Boden,False,C,8,0,5,5,0.75,0.62,0.0,0.62,11.8,15.0,0,0,1,1,0,0,0,0,0,0,0,0,0,0.0,-2,13,6,0.0,4,2,5,11,5,3,3,66,28,38,42.4,3,6,0,0,0,140,77,37,26,6361,1350,796,4215,STL,Central,Western
2025-2026,20251107,17,STL,28325,Pius Suter,ROSTER,29.0,"5'11""",176.0,Switzerland,Wallisellen,True,C,15,5,4,9,1.67,0.27,0.33,0.6,14.5,15.0,1,1,0,1,0,1,1,1,0,0,0,0,0,0.0,1,53,25,20.0,6,13,15,11,2,7,6,162,76,86,46.9,3,6,2,4,0,329,176,80,78,14978,2751,815,11412,STL,Central,Western
2025-2026,20251107,14,MTL,13628,Nick Suzuki,ROSTER,26.0,"5'11""",208.0,Canada,"London, ON",False,C,14,3,16,19,2.14,1.14,0.21,1.36,17.5,5.0,1,3,6,9,0,0,0,0,0,0,1,1,0,0.0,8,63,30,10.0,10,10,23,7,22,8,2,251,131,120,52.2,1,2,2,4,0,315,148,36,134,17097,2317,526,14254,MTL,Atlantic,Eastern
2025-2026,20251107,18,NSH,37974,Fedor Svechkov,ROSTER,22.0,"6'0""",187.0,Russia,Togliatti,True,C,14,0,1,1,1.43,0.07,0.0,0.07,14.0,5.0,0,0,0,0,0,0,0,0,0,0,0,0,0,0.0,-4,38,20,0.0,7,12,6,8,16,9,3,87,37,50,42.5,1,2,3,6,0,220,164,28,28,10499,1536,325,8638,NSH,Central,Western
2025-2026,20251107,3,CAR,14525,Andrei Svechnikov,ROSTER,25.0,"6'2""",195.0,Russia,Barnaul,False,RW,13,3,1,4,2.38,0.08,0.23,0.31,6.0,15.0,1,1,0,1,0,0,0,0,0,0,1,1,0,0.0,1,61,31,9.7,1,19,11,8,20,15,4,2,2,0,100.0,3,6,0,0,0,248,154,57,40,11790,2484,900,8406,CAR,Metropolitan,Eastern
2025-2026,20251107,30,UTA,9068,Brandon Tanev,ROSTER,33.0,"6'0""",180.0,Canada,"Toronto, ON",False,LW,14,0,1,1,0.93,0.07,0.0,0.07,41.3,15.0,0,0,0,0,0,0,0,0,0,0,0,0,0,0.0,-5,21,13,0.0,8,4,4,52,20,14,2,5,1,4,20.0,3,6,4,8,0,220,124,58,38,8952,1154,982,6816,UTA,Central,Western
2025-2026,20251107,12,TOR,4939,Christopher Tanev,ROSTER,35.0,"6'2""",197.0,Canada,"Toronto, ON",False,D,8,0,2,2,0.75,0.25,0.0,0.25,11.8,0.0,0,0,0,0,0,0,0,0,0,0,0,0,0,0.0,5,16,6,0.0,8,8,2,2,20,3,4,0,0,0,0.0,0,0,2,4,0,211,116,36,59,8322,1526,146,6650,TOR,Atlantic,Eastern
2025-2026,20251107,25,MIN,5135,Vladimir Tarasenko,ROSTER,33.0,"6'0""",225.0,Russia,Yaroslavl,False,RW,15,2,8,10,1.73,0.53,0.13,0.67,15.6,0.0,0,1,6,7,0,0,0,0,0,0,1,1,0,0.0,-6,55,26,7.7,6,16,13,13,22,9,5,0,0,0,0.0,0,0,3,6,0,248,113,98,39,14018,4308,1204,8506,MIN,Central,Western
2025-2026,20251107,12,TOR,4680,John Tavares,ROSTER,35.0,"6'1""",215.0,Canada,"Mississauga, ON",False,C,14,7,11,18,2.71,0.79,0.5,1.29,13.6,5.0,2,1,1,2,0,0,0,1,0,1,0,0,0,0.0,3,73,38,18.4,4,16,19,14,12,11,5,219,126,93,57.5,1,2,3,6,0,282,147,76,67,14463,4953,1054,8417,TOR,Atlantic,Eastern
2025-2026,20251107,20,CHI,5355,Teuvo Teravainen,ROSTER,31.0,"5'11""",191.0,Finland,Helsinki,False,C,14,2,7,9,1.14,0.5,0.14,0.64,15.4,0.0,0,0,3,3,0,0,0,0,0,0,1,0,0,0.0,6,35,16,12.5,8,9,10,8,8,20,5,15,4,11,26.7,0,0,3,6,0,342,162,65,114,15635,4078,672,10662,CHI,Central,Western
2025-2026,20251107,29,ANA,5738,Troy Terry,ROSTER,28.0,"6'0""",186.0,USA,"Denver, CO",False,RW,13,5,12,17,2.46,0.92,0.38,1.31,2.7,0.0,1,0,4,4,1,2,3,1,0,0,1,0,1,100.0,11,66,32,15.6,2,11,23,0,12,7,2,2,1,1,50.0,0,0,4,8,0,297,131,73,100,14216,2909,1020,10331,ANA,Pacific,Western
2025-2026,20251107,17,STL,15997,Alexandre Texier,ROSTER,26.0,"6'1""",192.0,France,Grenoble,False,LW,8,0,1,1,0.88,0.12,0.0,0.12,6.6,5.0,0,0,0,0,0,0,0,0,0,0,0,0,0,0.0,0,13,7,0.0,1,2,4,9,5,2,1,1,1,0,100.0,1,2,1,2,0,106,64,28,14,4923,1102,387,3434,STL,Central,Western
2025-2026,20251107,142,VGK,5900,Shea Theodore,ROSTER,30.0,"6'2""",195.0,Canada,"Langley, BC",False,D,13,0,5,5,1.77,0.38,0.0,0.38,36.0,5.0,0,0,2,2,0,0,0,0,0,0,0,0,0,0.0,0,57,23,0.0,27,23,11,0,15,17,5,0,0,0,0.0,1,2,3,6,0,368,172,119,77,18898,4490,2275,12075,VGK,Pacific,Western
2025-2026,20251107,17,STL,14609,Robert Thomas,ROSTER,26.0,"6'0""",188.0,Canada,"Aurora, ON",False,C,11,2,6,8,1.36,0.55,0.18,0.73,9.8,10.0,0,1,3,4,0,0,0,0,0,0,0,0,0,0.0,-1,27,15,13.3,6,10,2,3,10,18,6,181,92,89,50.8,2,4,3,6,0,249,125,61,65,12089,1848,1059,9182,STL,Central,Western
2025-2026,20251107,15,BUF,9652,Tage Thompson,ROSTER,28.0,"6'6""",215.0,USA,"Oyster Bay, NY",False,C,14,5,5,10,4.07,0.36,0.36,0.71,24.4,25.0,1,1,3,4,0,0,0,0,0,0,1,1,0,0.0,-6,123,57,8.8,9,36,30,21,11,13,9,92,46,46,50.0,5,10,2,4,0,334,163,36,140,16079,2888,111,13080,BUF,Atlantic,Eastern
2025-2026,20251107,15,BUF,15181,Conor Timmins,ROSTER,27.0,"6'2""",185.0,Canada,"Thorold, ON",False,D,14,0,4,4,1.0,0.29,0.0,0.29,47.4,20.0,0,0,0,0,0,0,0,0,0,0,0,0,0,0.0,-3,35,14,0.0,32,15,6,8,22,13,3,0,0,0,0.0,4,8,2,4,0,362,179,30,153,16634,1059,196,15379,BUF,Atlantic,Eastern
2025-2026,20251107,6,PHI,13625,Owen Tippett,ROSTER,26.0,"6'0""",183.0,Canada,"Peterborough, ON",False,RW,14,5,1,6,2.86,0.07,0.36,0.43,22.1,40.0,1,1,0,1,0,0,0,0,0,0,0,0,0,0.0,-3,75,40,12.5,6,13,22,24,11,21,2,1,0,1,0.0,6,20,5,10,0,311,175,73,68,14298,2450,698,11150,PHI,Metropolitan,Eastern
2025-2026,20251107,13,OTT,14527,Brady Tkachuk,ROSTER,26.0,"6'4""",212.0,USA,"St. Louis, MO",False,LW,3,0,3,3,3.33,1.0,0.0,1.0,5.9,10.0,0,0,1,1,0,0,0,0,0,0,0,0,0,0.0,1,21,10,0.0,0,6,5,10,1,4,1,11,8,3,72.7,2,4,3,6,0,69,37,4,28,2991,393,102,2496,OTT,Atlantic,Eastern
2025-2026,20251107,22,COL,13917,Devon Toews,ROSTER,31.0,"6'1""",191.0,Canada,"Abbotsford, BC",False,D,14,0,3,3,1.36,0.21,0.0,0.21,19.1,10.0,0,0,0,0,0,0,0,0,0,0,0,0,0,0.0,7,48,19,0.0,13,18,11,3,6,17,5,0,0,0,0.0,2,4,1,2,0,395,188,120,87,19705,2800,2661,14244,COL,Central,Western
2025-2026,20251107,2,WPJ,4262,Jonathan Toews,ROSTER,37.0,"6'2""",201.0,Canada,"Winnipeg, MB",False,C,13,2,5,7,1.31,0.38,0.15,0.54,12.6,20.0,0,1,2,3,0,0,0,0,0,0,0,0,0,0.0,-6,33,17,11.8,9,6,10,1,7,7,4,192,121,71,63.0,4,8,3,6,0,275,127,77,73,12755,3795,737,8223,WPG,,
2025-2026,20251107,26,SJS,5191,Tyler Toffoli,ROSTER,33.0,"6'0""",197.0,Canada,"Scarborough, ON",False,C,14,5,4,9,2.36,0.29,0.36,0.64,19.8,5.0,1,2,0,2,0,0,0,0,0,0,1,0,0,0.0,3,70,33,15.2,10,22,15,11,3,11,2,4,1,3,25.0,1,2,0,0,0,304,143,102,64,14407,3694,1009,9704,SJS,Pacific,Western
2025-2026,20251107,143,SEA,13645,Eeli Tolvanen,ROSTER,26.0,"5'10""",191.0,Finland,Vihti,False,RW,13,0,4,4,0.85,0.31,0.0,0.31,34.8,5.0,0,0,2,2,0,0,0,0,0,0,0,0,0,0.0,-2,37,11,0.0,12,18,8,32,10,8,4,0,0,0,0.0,1,2,2,4,0,261,150,90,13,11887,2567,1747,7176,SEA,Pacific,Western
2025-2026,20251107,24,EDM,183906,David Tomasek,ROSTER,29.0,"6'2""",210.0,Czech Republic,Praha,True,RW,12,1,2,3,1.67,0.17,0.08,0.25,6.6,15.0,0,0,2,2,0,0,0,0,0,0,1,0,0,0.0,-4,31,20,5.0,1,4,7,9,6,6,2,28,14,14,50.0,3,6,1,2,0,167,135,28,5,8521,2235,44,6242,EDM,Pacific,Western
2025-2026,20251107,10,PIT,24517,Philip Tomasino,ROSTER,24.0,"6'0""",180.0,Canada,"Mississauga, ON",False,RW,7,0,1,1,1.29,0.14,0.0,0.14,14.6,0.0,0,0,0,0,0,0,0,0,0,0,0,0,0,0.0,-2,16,9,0.0,7,3,4,9,12,2,0,4,2,2,50.0,0,0,0,0,0,105,68,21,10,5237,729,319,3781,PIT,Metropolitan,Eastern
2025-2026,20251107,17,STL,18182,Alexei Toropchenko,ROSTER,26.0,"6'3""",187.0,Russia,Moscow,False,RW,8,1,0,1,0.88,0.0,0.12,0.12,21.1,0.0,0,0,0,0,1,0,1,0,0,0,0,0,0,0.0,-4,9,7,14.3,7,0,2,20,2,7,1,0,0,0,0.0,0,0,1,2,0,133,79,31,24,5360,836,343,4181,STL,Central,Western
2025-2026,20251107,25,MIN,17203,Yakov Trenin,ROSTER,28.0,"6'2""",201.0,Russia,Chelyabinsk,True,C,15,0,2,2,1.33,0.13,0.0,0.13,52.0,10.0,0,0,0,0,0,0,0,0,0,0,0,0,0,0.0,-1,40,20,0.0,9,8,12,68,29,6,3,18,4,14,22.2,2,4,1,2,0,212,114,55,43,11462,2128,1848,7486,MIN,Central,Western
2025-2026,20251107,9,NYR,5342,Vincent Trocheck,ROSTER,32.0,"5'10""",183.0,USA,"Pittsburgh, PA",False,C,2,0,1,1,0.5,0.5,0.0,0.5,4.6,0.0,0,0,0,0,0,0,0,0,0,0,0,0,0,0.0,-2,3,1,0.0,3,2,0,1,2,2,1,17,10,7,58.8,0,0,0,0,0,34,16,8,3,1700,472,0,787,NYR,Metropolitan,Eastern
2025-2026,20251107,29,ANA,5232,Jacob Trouba,ROSTER,31.0,"6'3""",209.0,USA,"Rochester, MI",False,D,13,3,5,8,1.62,0.38,0.23,0.62,56.4,5.0,1,0,0,0,0,0,0,0,0,0,0,0,0,0.0,13,55,21,14.3,26,20,14,37,10,14,5,0,0,0,0.0,1,2,2,4,0,351,172,79,103,17145,2822,1157,13166,ANA,Pacific,Western
2025-2026,20251107,8,NYI,142668,Maxim Tsyplakov,ROSTER,,,,,,False,RW,8,1,0,1,1.12,0.0,0.12,0.12,7.6,0.0,0,0,0,0,0,0,0,0,0,0,0,0,0,0.0,-6,17,9,11.1,0,5,3,13,5,7,0,3,0,3,0.0,0,0,1,2,0,107,90,7,11,4506,468,0,4038,NYI,Metropolitan,Eastern
2025-2026,20251107,15,BUF,11711,Alex Tuch,ROSTER,29.0,"6'4""",220.0,USA,"Syracuse, NY",False,RW,14,5,7,12,2.43,0.5,0.36,0.86,25.0,69.8,1,0,0,0,1,0,1,0,0,0,1,1,0,0.0,1,70,34,14.7,17,8,29,4,7,10,3,11,4,7,36.4,10,31,5,13,1,362,163,55,148,16031,2496,591,12944,BUF,Atlantic,Eastern
2025-2026,20251107,17,STL,20063,Tyler Tucker,ROSTER,25.0,"6'1""",205.0,Canada,"Thunder Bay, ON",False,D,15,1,3,4,0.73,0.2,0.07,0.27,30.3,69.0,0,0,0,0,0,0,0,0,0,0,0,0,0,0.0,0,30,11,9.1,13,13,6,22,25,15,1,0,0,0,0.0,6,24,5,22,4,256,158,35,64,11410,1472,529,9409,STL,Central,Western
2025-2026,20251107,28,LAK,19087,Alex Turcotte,ROSTER,24.0,"5'11""",185.0,USA,"Elk Grove, IL",False,C,15,0,3,3,0.8,0.2,0.0,0.2,7.7,18.8,0,0,0,0,0,0,0,0,0,0,0,0,0,0.0,-1,29,12,0.0,4,11,6,4,19,7,2,96,53,43,55.2,3,9,2,4,0,205,134,33,38,8612,1286,440,6886,LAK,Pacific,Western
2025-2026,20251107,9,NYR,13633,Urho Vaakanainen,ROSTER,26.0,"6'2""",196.0,Finland,Joensuu,False,D,10,0,1,1,0.8,0.1,0.0,0.1,11.7,20.0,0,0,0,0,0,0,0,0,0,0,0,0,0,0.0,1,27,8,0.0,7,12,8,4,19,6,1,0,0,0,0.0,4,8,2,4,0,187,105,18,51,8931,883,313,7066,NYR,Metropolitan,Eastern
2025-2026,20251107,16,DET,4683,James van Riemsdyk,ROSTER,36.0,"6'3""",217.0,USA,"Middletown, New Jersey",False,LW,11,1,1,2,1.09,0.09,0.09,0.18,10.7,15.0,0,0,0,0,0,0,0,0,0,0,1,0,1,100.0,-1,32,12,8.3,8,8,12,0,8,6,1,1,1,0,100.0,3,6,0,0,0,178,92,46,42,7764,3308,715,4625,DET,Atlantic,Eastern
2025-2026,20251107,5,WSH,5460,Trevor van Riemsdyk,ROSTER,34.0,"6'2""",192.0,USA,"Middletown, New Jersey",False,D,12,1,1,2,0.75,0.08,0.08,0.17,15.8,20.0,0,0,0,0,0,0,0,0,0,0,0,0,0,0.0,2,18,9,11.1,11,6,3,2,5,9,1,0,0,0,0.0,4,8,1,2,0,218,108,29,80,10631,1873,540,8119,WSH,Metropolitan,Eastern
2025-2026,20251107,29,ANA,5851,Frank Vatrano,ROSTER,31.0,"5'10""",200.0,USA,"East Longmeadow, MA",False,RW,13,1,1,2,1.92,0.08,0.08,0.15,31.4,24.8,0,0,1,1,0,0,0,1,0,0,0,0,0,0.0,-7,40,25,4.0,9,7,8,33,9,6,1,8,4,4,50.0,3,9,3,9,1,221,109,63,50,9614,2117,544,7033,ANA,Pacific,Western
2025-2026,20251107,14,MTL,18040,Joe Veleno,ROSTER,25.0,"6'1""",191.0,Canada,"Montreal, QC",False,C,9,0,0,0,0.78,0.0,0.0,0.0,16.1,34.8,0,0,0,0,0,0,0,0,0,0,0,0,0,0.0,-3,13,7,0.0,5,3,3,16,8,3,0,43,22,21,51.2,5,13,2,7,1,129,66,22,41,6138,724,148,5266,MTL,Atlantic,Eastern
2025-2026,20251107,4,FLO,17177,Carter Verhaeghe,ROSTER,30.0,"6'1""",177.0,Canada,"Waterdown, ON",False,C,14,2,5,7,2.57,0.36,0.14,0.5,13.1,15.0,0,1,1,2,0,0,0,1,0,0,0,0,0,0.0,-3,79,36,5.6,5,27,16,11,22,12,5,17,6,11,35.3,3,6,4,8,0,311,156,77,81,15132,3945,1116,10071,FLA,,
2025-2026,20251107,11,BOS,18174,Jeffrey Viel,ROSTER,28.0,"6'0""",195.0,Canada,"Rimouski, QC",False,LW,3,0,0,0,1.33,0.0,0.0,0.0,9.6,19.8,0,0,0,0,0,0,0,0,0,0,0,0,0,0.0,0,10,4,0.0,1,3,3,14,2,2,1,1,0,1,0.0,2,7,3,9,1,54,28,12,14,2200,226,302,1672,BOS,Atlantic,Eastern
2025-2026,20251107,2,WPJ,18069,Gabriel Vilardi,ROSTER,26.0,"6'2""",185.0,Canada,"Kingston, ON",False,C,13,5,8,13,2.23,0.62,0.38,1.0,7.7,5.0,1,1,3,4,0,0,0,1,0,0,0,0,0,0.0,3,56,29,17.2,4,10,17,4,13,9,1,16,10,6,62.5,1,2,2,4,0,262,150,106,11,14467,3404,3262,7801,WPG,,
2025-2026,20251107,20,CHI,38015,Alex Vlasic,ROSTER,24.0,"6'6""",200.0,USA,"Wilmette, IL",True,D,13,1,3,4,1.15,0.23,0.08,0.31,34.5,0.0,0,0,0,0,0,0,0,0,0,0,0,0,0,0.0,-2,30,15,6.7,21,8,7,11,25,12,5,0,0,0,0.0,0,0,0,0,0,329,152,22,149,16885,991,276,15295,CHI,Central,Western
2025-2026,20251107,19,CBJ,56385,Dmitri Voronkov,ROSTER,25.0,"6'3""",183.0,Russia,,False,LW,13,5,5,10,2.15,0.38,0.38,0.77,19.0,45.0,1,1,0,1,0,0,0,0,0,0,0,0,0,0.0,9,48,28,17.9,1,3,17,30,3,10,3,7,1,6,14.3,9,18,1,2,0,260,157,81,27,12121,3159,822,8140,CBJ,Metropolitan,Eastern
2025-2026,20251107,17,STL,13691,Nathan Walker,ROSTER,31.0,"5'9""",186.0,United Kingdom,Cardiff,False,LW,14,1,3,4,1.29,0.21,0.07,0.29,42.3,15.0,0,0,0,0,0,0,0,0,0,0,0,0,0,0.0,-2,27,18,5.6,11,2,7,47,11,7,1,31,17,14,54.8,3,6,3,6,0,238,122,62,55,10678,2079,1182,7417,STL,Central,Western
2025-2026,20251107,3,CAR,15368,Sean Walker,ROSTER,30.0,"5'11""",196.0,Canada,"Keswick, ON",False,D,13,3,2,5,2.23,0.15,0.23,0.38,43.1,20.0,1,0,1,1,0,0,0,0,0,0,0,0,0,0.0,-2,75,29,10.3,20,31,15,28,29,11,3,0,0,0,0.0,4,8,3,6,0,377,194,55,131,18622,1669,467,16486,CAR,Metropolitan,Eastern
2025-2026,20251107,24,EDM,13672,Jake Walman,ROSTER,29.0,"6'1""",170.0,Canada,"Toronto, ON",False,D,9,1,6,7,1.33,0.67,0.11,0.78,29.8,0.0,0,1,0,1,0,0,0,1,0,1,0,0,0,0.0,4,36,12,8.3,21,17,7,3,2,13,5,0,0,0,0.0,0,0,0,0,0,217,104,66,41,11206,2442,856,7436,EDM,Pacific,Western
2025-2026,20251107,8,NYI,56461,Marshall Warren,ASSIGNED_TO_MINORS,24.0,"5'11""",170.0,USA,"Laurel Hollow, NY",False,D,2,0,2,2,0.0,1.0,0.0,1.0,1.2,5.0,0,0,0,0,0,0,0,0,0,0,0,0,0,0.0,1,1,0,0.0,0,1,0,2,5,2,1,0,0,0,0.0,1,2,1,2,0,36,22,3,11,1456,150,33,1273,NYI,Metropolitan,Eastern
2025-2026,20251107,23,CGY,12274,MacKenzie Weegar,ROSTER,31.0,"6'0""",200.0,Canada,"Nepean, ON",False,D,15,0,4,4,1.53,0.27,0.0,0.27,59.7,40.0,0,0,2,2,0,0,0,0,0,0,0,0,0,0.0,-11,70,23,0.0,28,31,16,38,41,25,5,0,0,0,0.0,6,20,2,4,0,505,221,121,163,22035,4005,1804,16226,CGY,Pacific,Western
2025-2026,20251107,26,SJS,5449,Alexander Wennberg,ROSTER,31.0,"6'2""",197.0,Sweden,Stockholm,False,C,14,3,6,9,0.93,0.43,0.21,0.64,27.1,0.0,1,1,2,3,0,0,0,1,0,0,0,0,0,0.0,-3,24,13,23.1,19,9,2,3,9,16,6,214,101,113,47.2,0,0,5,10,0,356,179,100,80,17414,3221,1575,12618,SJS,Pacific,Western
2025-2026,20251107,19,CBJ,5603,Zach Werenski,ROSTER,28.0,"6'2""",212.0,USA,"Grosse Pointe, MI",False,D,13,4,6,10,3.62,0.46,0.31,0.77,32.7,0.0,1,1,2,3,0,0,0,0,0,0,0,0,0,0.0,9,115,47,8.5,21,46,22,8,13,32,6,0,0,0,0.0,0,0,1,2,0,348,178,52,120,20380,4753,482,15084,CBJ,Metropolitan,Eastern
2025-2026,20251107,142,VGK,14133,Zach Whitecloud,ROSTER,28.0,"6'2""",209.0,Canada,"Brandon, MB",False,D,13,0,1,1,0.54,0.08,0.0,0.08,38.7,15.0,0,0,0,0,0,0,0,0,0,0,0,0,0,0.0,2,31,7,0.0,18,20,4,25,28,12,1,0,0,0,0.0,3,6,3,6,0,299,194,71,34,13899,3362,1109,9428,VGK,Pacific,Western
2025-2026,20251107,18,NSH,28517,Ozzy Wiesblatt,ROSTER,23.0,"5'10""",183.0,Canada,"Calgary, AB",True,C,13,0,2,2,1.0,0.15,0.0,0.15,26.2,29.8,0,0,0,0,0,0,0,0,0,0,1,0,1,100.0,-5,29,13,0.0,6,9,7,31,22,7,2,4,0,4,0.0,4,11,2,7,1,204,132,45,28,8739,1572,458,7092,NSH,Central,Western
2025-2026,20251107,21,VAN,166972,Tom Willander,ROSTER,20.0,"6'1""",179.0,Sweden,Stockholm,True,D,5,0,2,2,1.0,0.4,0.0,0.4,3.3,0.0,0,0,0,0,0,0,0,0,0,0,0,0,0,0.0,2,15,5,0.0,2,6,4,1,9,3,2,0,0,0,0.0,0,0,0,0,0,101,88,5,8,4408,380,45,3983,VAN,Pacific,Western
2025-2026,20251107,18,NSH,53068,Adam Wilsby,ROSTER,25.0,"6'0""",183.0,Sweden,Stockholm,True,D,11,0,2,2,1.0,0.18,0.0,0.18,11.7,25.0,0,0,0,0,0,0,0,0,0,0,0,0,0,0.0,0,32,11,0.0,7,18,3,4,17,11,3,0,0,0,0.0,5,10,0,0,0,258,189,34,35,11752,2641,518,8593,NSH,Central,Western
2025-2026,20251107,5,WSH,5225,Tom Wilson,ROSTER,31.0,"6'4""",220.0,Canada,"Toronto, ON",False,RW,14,9,7,16,2.29,0.5,0.64,1.14,30.9,64.8,3,4,1,5,0,0,0,0,0,0,0,0,0,0.0,6,62,32,28.1,6,13,17,39,13,12,4,5,1,4,20.0,9,29,4,11,1,320,163,88,74,16220,4503,1628,9882,WSH,Metropolitan,Eastern
2025-2026,20251107,143,SEA,56633,Ryan Winterton,ROSTER,22.0,"6'2""",175.0,Canada,"Whitby, ON",False,C,13,1,1,2,0.92,0.08,0.08,0.15,17.0,10.0,0,0,0,0,0,0,0,0,0,0,0,0,0,0.0,1,25,12,8.3,7,5,8,13,21,3,2,0,0,0,0.0,2,4,4,8,0,236,156,32,44,9809,968,605,7983,SEA,Pacific,Western
2025-2026,20251107,18,NSH,142645,Matthew Wood,ROSTER,,,,,,False,RW,9,3,3,6,2.33,0.33,0.33,0.67,10.0,0.0,1,0,2,2,0,0,0,0,0,0,1,0,0,0.0,1,34,21,14.3,4,9,4,8,8,2,1,6,2,4,33.3,0,0,2,4,0,138,122,19,0,6800,1427,119,5254,NSH,Central,Western
2025-2026,20251107,19,CBJ,9079,Miles Wood,ROSTER,30.0,"6'2""",195.0,USA,"Buffalo, NY",False,LW,8,4,0,4,1.88,0.0,0.5,0.5,6.0,5.0,1,0,0,0,0,0,0,1,0,1,0,0,0,0.0,1,23,15,26.7,1,5,3,8,12,8,0,3,1,2,33.3,1,2,2,6,0,121,64,28,32,5449,1074,389,3986,CBJ,Metropolitan,Eastern
2025-2026,20251107,10,PIT,5707,Parker Wotherspoon,ROSTER,28.0,"6'0""",172.0,Canada,"Surrey, BC",False,D,15,1,4,5,0.93,0.27,0.07,0.33,43.0,40.0,0,0,0,0,0,1,1,0,0,0,0,0,0,0.0,6,33,14,7.1,23,14,5,21,25,22,6,0,0,0,0.0,6,20,2,4,0,359,196,81,72,18996,2593,1417,14388,PIT,Metropolitan,Eastern
2025-2026,20251107,143,SEA,43332,Shane Wright,ROSTER,21.0,"6'1""",199.0,Canada,"Burlington, ON",True,C,13,3,4,7,1.54,0.31,0.23,0.54,14.5,5.0,1,1,1,2,0,0,0,0,0,0,0,0,0,0.0,2,33,20,15.0,6,7,6,11,22,14,1,125,48,77,38.4,1,2,3,6,0,260,197,51,9,11674,2205,430,8745,SEA,Pacific,Western
2025-2026,20251107,14,MTL,34148,Arber Xhekaj,ROSTER,24.0,"6'4""",238.0,Canada,"Hamilton, ON",True,D,13,0,1,1,0.62,0.08,0.0,0.08,19.5,54.5,0,0,0,0,0,0,0,0,0,0,0,0,0,0.0,-4,22,8,0.0,8,11,3,15,17,7,1,0,0,0,0.0,7,20,3,12,2,191,148,17,26,8536,1216,277,7043,MTL,Atlantic,Eastern
2025-2026,20251107,30,UTA,13637,Kailer Yamamoto,ROSTER,27.0,"5'8""",153.0,USA,"Spokane, WA",False,RW,8,1,1,2,0.88,0.12,0.12,0.25,4.4,10.0,0,0,0,0,0,0,0,0,0,0,0,0,0,0.0,2,10,7,14.3,2,1,2,3,8,5,1,9,3,6,33.3,2,4,5,10,0,130,73,43,15,5868,909,760,4199,UTA,Central,Western
2025-2026,20251107,6,PHI,30026,Cameron York,ROSTER,24.0,"5'11""",172.0,USA,"Anaheim Hills, CA",True,D,11,1,8,9,0.64,0.73,0.09,0.82,32.6,10.0,0,1,3,4,0,0,0,0,0,0,0,0,0,0.0,4,27,7,14.3,24,13,7,1,15,14,4,0,0,0,0.0,2,4,0,0,0,333,201,48,85,16448,2541,521,13386,PHI,Metropolitan,Eastern
2025-2026,20251107,25,MIN,56469,Danila Yurov,ROSTER,21.0,"6'1""",178.0,Russia,Chelyabinsk,False,RW,10,1,0,1,0.7,0.0,0.1,0.1,11.4,0.0,0,0,0,0,0,0,0,1,0,0,0,0,0,0.0,-6,16,7,14.3,5,5,4,8,12,6,2,52,20,32,38.5,0,0,1,2,0,116,92,10,15,5824,654,52,5118,MIN,Central,Western
2025-2026,20251107,11,BOS,5601,Pavel Zacha,ROSTER,28.0,"6'3""",210.0,Czech Republic,Brno,False,C,16,4,10,14,1.5,0.62,0.25,0.88,21.8,32.5,1,1,6,7,0,0,0,1,0,1,0,0,0,0.0,3,41,24,16.7,8,5,12,19,8,13,5,148,82,66,55.4,6,14,0,0,0,348,155,119,78,17119,3979,1690,11450,BOS,Atlantic,Eastern
2025-2026,20251107,11,BOS,5270,Nikita Zadorov,ROSTER,30.0,"6'6""",235.0,Russia,Moscow,False,D,16,1,3,4,0.75,0.19,0.06,0.25,66.0,60.0,0,0,0,0,0,0,0,0,0,0,0,0,0,0.0,2,35,12,8.3,23,17,6,60,22,23,9,0,0,0,0.0,12,24,7,14,0,427,207,66,155,20474,3273,1218,15983,BOS,Atlantic,Eastern
2025-2026,20251107,6,PHI,21853,Egor Zamula,ROSTER,25.0,"6'3""",170.0,Russia,Chelyabinsk,True,D,8,0,1,1,0.62,0.12,0.0,0.12,13.9,5.0,0,0,0,0,0,0,0,0,0,0,0,0,0,0.0,0,11,5,0.0,10,6,0,1,12,5,1,0,0,0,0.0,1,2,0,0,0,149,90,15,44,6441,1157,126,5158,PHI,Metropolitan,Eastern
2025-2026,20251107,23,CGY,28538,Connor Zary,ROSTER,24.0,"6'0""",178.0,Canada,"Saskatoon, SK",True,C,13,1,1,2,1.31,0.08,0.08,0.15,10.5,20.0,0,1,0,1,0,0,0,0,0,0,1,0,0,0.0,-4,34,17,5.9,3,7,10,11,8,5,1,64,27,37,42.2,4,8,6,12,0,231,137,54,41,10553,1798,528,8227,CGY,Pacific,Western
2025-2026,20251107,6,PHI,25981,Trevor Zegras,ROSTER,24.0,"6'1""",185.0,USA,"Bedford, NY",True,C,14,4,11,15,2.07,0.79,0.29,1.07,8.9,35.0,1,2,5,7,0,0,0,0,0,0,2,0,2,100.0,1,66,29,13.8,4,18,19,6,14,12,3,73,27,46,37.0,5,18,2,4,0,302,197,51,60,15167,2398,707,12083,PHI,Metropolitan,Eastern
2025-2026,20251107,29,ANA,32258,Olen Zellweger,ROSTER,22.0,"5'10""",175.0,Canada,"Calgary, AB",True,D,13,1,2,3,2.08,0.15,0.08,0.23,24.1,20.0,0,1,1,2,0,0,0,0,0,0,0,0,0,0.0,9,65,27,3.7,15,21,17,7,31,10,2,0,0,0,0.0,4,8,5,10,0,302,215,33,56,14607,2243,403,11962,ANA,Pacific,Western
2025-2026,20251107,13,OTT,18106,Fabian Zetterlund,ROSTER,26.0,"5'11""",196.0,Sweden,Karlstad,False,LW,14,1,2,3,1.5,0.14,0.07,0.21,21.5,15.0,0,1,0,1,0,0,0,0,0,0,0,0,0,0.0,-3,40,21,4.8,6,7,12,23,17,4,2,4,1,3,25.0,3,6,4,8,0,263,135,50,79,11533,1889,650,8994,OTT,Atlantic,Eastern
2025-2026,20251107,9,NYR,5000,Mika Zibanejad,ROSTER,32.0,"6'2""",208.0,Sweden,Stockholm,False,C,14,4,2,6,3.07,0.14,0.29,0.43,25.5,10.0,1,2,0,2,1,0,1,1,0,0,0,0,0,0.0,-9,74,43,9.3,9,14,21,23,4,20,6,194,103,91,53.1,2,4,2,4,0,353,177,78,86,17888,4251,1099,11740,NYR,Metropolitan,Eastern
2025-2026,20251107,13,OTT,28480,Artem Zub,ROSTER,30.0,"6'2""",202.0,Russia,Khabarovsk,True,D,14,2,7,9,1.43,0.5,0.14,0.64,38.4,15.0,0,0,0,0,0,0,0,0,0,0,0,0,0,0.0,4,45,20,10.0,20,12,13,20,16,13,3,0,0,0,0.0,3,6,0,0,0,377,295,53,31,16395,2894,733,12768,OTT,Atlantic,Eastern
2025-2026,20251107,15,BUF,5093,Jason Zucker,ROSTER,33.0,"5'11""",192.0,USA,"Newport Beach, CA",False,LW,12,4,3,7,2.25,0.25,0.33,0.58,10.2,10.0,1,2,2,4,0,0,0,1,0,0,0,0,0,0.0,-7,43,27,14.8,1,7,9,15,8,10,2,30,11,19,36.7,2,4,3,6,0,222,121,52,53,10606,3658,626,6322,BUF,Atlantic,Eastern
