SEASON,TIME_PERIOD,RANK,TEAM,GP,W,L,T,PTS,PTS_PCT,GF,GA,SRS,SOS,GF_PER_GAME,GA_PER_GAME,PP,PPO,PP_PCT,PPA,PPOA,PK_PCT,SHG,SHA,PIM_PER_GAME,OPIM_PER_GAME,SO,SHOTS,SHOT_PCT,SAVES,SAVE_PCT,AVG_AGE,OL,SOW,SOL
1917_1918,1,1,Montreal Canadiens,22,13,9,0,26,0.591,115,84,1.07,-0.39,5.23,3.82,0,0,0,0,0,0,0,0,15.4,12.4,1,0,0,0,0,0,0,0,0
1917_1918,1,2,Toronto Arenas,22,13,9,0,26,0.591,108,109,0.07,0.07,4.91,4.95,0,0,0,0,0,0,0,0,17.3,12.5,0,0,0,0,0,0,0,0,0
1917_1918,1,3,Ottawa Senators,22,9,13,0,18,0.409,102,114,-0.31,0.24,4.64,5.18,0,0,0,0,0,0,0,0,15,21.2,1,0,0,0,0,0,0,0,0
1917_1918,1,4,Montreal Wanderers,6,1,5,0,2,0.167,17,35,-3.06,0.28,2.83,5.83,0,0,0,0,0,0,0,0,4.5,10.2,0,0,0,0,0,0,0,0,0
1918_1919,1,1,Ottawa Senators,18,12,6,0,24,0.667,71,53,0.67,-0.33,3.94,2.94,0,0,0,0,0,0,0,2,13.1,26.6,2,0,0,0,0,0,0,0,0
1918_1919,1,3,Toronto Arenas,18,5,13,0,10,0.278,64,92,-1.04,0.52,3.56,5.11,0,0,0,0,0,0,0,0,17.5,11.4,0,0,0,0,0,0,0,0,0
1919_1920,1,1,Ottawa Senators,24,19,5,0,38,0.792,121,64,1.78,-0.59,5.04,2.67,0,0,0,2,0,0,0,0,12.5,15.7,5,0,0,0,0,0,0,0,0
1919_1920,1,3,Toronto St. Patricks,24,12,12,0,24,0.5,119,106,0.41,-0.13,4.96,4.42,0,0,0,1,0,0,0,2,10.5,8.9,0,0,0,0,0,0,0,0,0
1919_1920,1,4,Quebec Athletic Club/Bulldogs,24,4,20,0,8,0.167,91,177,-2.69,0.9,3.79,7.38,0,0,0,0,0,0,0,2,5,8.3,0,0,0,0,0,0,0,0,0
1920_1921,1,1,Toronto St. Patricks,24,15,9,0,30,0.625,105,100,0.16,-0.05,4.38,4.17,0,0,0,2,0,0,0,0,12,11.5,0,0,0,0,0,0,0,0,0
1920_1921,1,2,Ottawa Senators,24,14,10,0,28,0.583,97,75,0.69,-0.23,4.04,3.13,0,0,0,2,0,0,0,0,7.5,10.2,2,0,0,0,0,0,0,0,0
1920_1921,1,3,Montreal Canadiens,24,13,11,0,26,0.542,112,99,0.41,-0.14,4.67,4.13,0,0,0,1,0,0,0,1,13.4,7.8,1,0,0,0,0,0,0,0,0
1920_1921,1,4,Hamilton Tigers,24,6,18,0,12,0.25,92,132,-1.25,0.42,3.83,5.5,0,0,0,0,0,0,0,0,8.6,11.9,1,0,0,0,0,0,0,0,0
1921_1922,1,1,Ottawa Senators,24,14,8,2,30,0.625,106,84,0.69,-0.23,4.42,3.5,0,0,0,7,0,0,0,2,4.6,7.6,2,0,0,0,0,0,0,0,0
1921_1922,1,2,Toronto St. Patricks,24,13,10,1,27,0.563,98,97,0.03,-0.01,4.08,4.04,0,0,0,7,0,0,0,0,6.7,6.3,0,0,0,0,0,0,0,0,0
1921_1922,1,3,Montreal Canadiens,24,12,11,1,25,0.521,88,94,-0.19,0.06,3.67,3.92,0,0,0,4,0,0,0,0,8.6,5.3,0,0,0,0,0,0,0,0,0
1922_1923,1,1,Ottawa Senators,24,14,9,1,29,0.604,77,54,0.72,-0.24,3.21,2.25,0,0,0,8,0,0,0,1,8.9,9.5,4,0,0,0,0,0,0,0,0
1922_1923,1,2,Montreal Canadiens,24,13,9,2,28,0.583,73,61,0.38,-0.13,3.04,2.54,0,0,0,4,0,0,0,1,7.5,6.2,2,0,0,0,0,0,0,0,0
1922_1923,1,3,Toronto St. Patricks,24,13,10,1,27,0.563,82,88,-0.19,0.06,3.42,3.67,0,0,0,10,0,0,0,6,10.1,9.3,1,0,0,0,0,0,0,0,0
1923_1924,1,1,Ottawa Senators,24,16,8,0,32,0.667,74,54,0.63,-0.21,3.08,2.25,0,0,0,6,0,0,0,1,7.8,9.3,3,0,0,0,0,0,0,0,0
1923_1924,1,3,Toronto St. Patricks,24,10,14,0,20,0.417,59,85,-0.81,0.27,2.46,3.54,0,0,0,11,0,0,0,2,10.6,10.3,1,0,0,0,0,0,0,0,0
1923_1924,1,4,Hamilton Tigers,24,9,15,0,18,0.375,63,68,-0.16,0.05,2.63,2.83,0,0,0,14,0,0,0,1,7.8,8.2,1,0,0,0,0,0,0,0,0
1924_1925,1,3,Montreal Canadiens,30,17,11,2,36,0.6,93,56,1.03,-0.21,3.1,1.87,0,0,0,14,0,0,0,0,13.2,11.5,5,0,0,0,0,0,0,0,0
1924_1925,1,4,Ottawa Senators,30,17,12,1,35,0.583,83,66,0.47,-0.09,2.77,2.2,0,0,0,8,0,0,0,1,11.8,11.4,7,0,0,0,0,0,0,0,0
1925_1926,1,1,Ottawa Senators,36,24,8,4,52,0.722,77,42,0.83,-0.14,2.14,1.17,0,0,0,6,0,0,0,0,9.6,10.6,15,0,0,0,0,0,0,0,0
1925_1926,1,4,Boston Bruins,36,17,15,4,38,0.528,92,85,0.17,-0.03,2.56,2.36,0,0,0,9,0,0,0,0,9.1,8.2,6,0,0,0,0,0,0,0,0
1925_1926,1,5,New York Americans,36,12,20,4,28,0.389,68,89,-0.5,0.08,1.89,2.47,0,0,0,2,0,0,0,2,10.2,10.8,2,0,0,0,0,0,0,0,0
1925_1926,1,7,Montreal Canadiens,36,11,24,1,23,0.319,79,108,-0.69,0.11,2.19,3,0,0,0,10,0,0,0,4,13.4,12.1,0,0,0,0,0,0,0,0,0
1926_1927,1,1,Ottawa Senators,44,30,10,4,64,0.727,86,69,0.37,-0.02,1.95,1.57,0,0,0,3,0,0,0,0,14.1,11.6,13,0,0,0,0,0,0,0,0
1926_1927,1,2,Montreal Canadiens,44,28,14,2,58,0.659,99,67,0.67,-0.06,2.25,1.52,0,0,0,0,0,0,0,0,9,11.8,14,0,0,0,0,0,0,0,0
1926_1927,1,3,New York Rangers,44,25,13,6,56,0.636,95,72,0.43,-0.09,2.16,1.64,0,0,0,0,0,0,0,0,8.8,9.8,12,0,0,0,0,0,0,0,0
1926_1927,1,4,Boston Bruins,44,21,20,3,45,0.511,97,89,0.13,-0.05,2.2,2.02,0,0,0,0,0,0,0,0,12.1,10.9,6,0,0,0,0,0,0,0,0
1926_1927,1,5,Montreal Maroons,44,20,20,4,44,0.5,71,68,0.09,0.02,1.61,1.55,0,0,0,1,0,0,0,0,16.1,14.7,13,0,0,0,0,0,0,0,0
1926_1927,1,7,New York Americans,44,17,25,2,36,0.409,82,91,-0.15,0.05,1.86,2.07,0,0,0,1,0,0,0,1,8,8.6,8,0,0,0,0,0,0,0,0
1926_1927,1,8,Toronto Maple Leafs,44,15,24,5,35,0.398,79,94,-0.27,0.07,1.8,2.14,0,0,0,1,0,0,0,0,12.2,12.2,4,0,0,0,0,0,0,0,0
1926_1927,1,9,Pittsburgh Pirates,44,15,26,3,33,0.375,79,108,-0.61,0.05,1.8,2.45,0,0,0,1,0,0,0,0,5.2,7.4,4,0,0,0,0,0,0,0,0
1926_1927,1,10,Detroit Cougars,44,12,28,4,28,0.318,76,105,-0.61,0.05,1.73,2.39,0,0,0,1,0,0,0,0,9.7,8.5,6,0,0,0,0,0,0,0,0
1927_1928,1,1,Montreal Canadiens,44,26,11,7,59,0.67,116,48,1.4,-0.14,2.64,1.09,0,0,0,0,0,0,0,0,11.5,14.3,13,0,0,0,0,0,0,0,0
1927_1928,1,2,Montreal Maroons,44,24,14,6,54,0.614,96,77,0.42,-0.01,2.18,1.75,0,0,0,1,0,0,0,0,13.5,12.7,6,0,0,0,0,0,0,0,0
1927_1928,1,3,Boston Bruins,44,20,13,11,51,0.58,77,70,0.1,-0.06,1.75,1.59,0,0,0,2,0,0,0,1,12.8,13.7,15,0,0,0,0,0,0,0,0
1927_1928,1,5,New York Rangers,44,19,16,9,47,0.534,94,79,0.26,-0.09,2.14,1.8,0,0,0,1,0,0,0,0,10.5,11,11,0,0,0,0,0,0,0,0
1927_1928,1,6,Pittsburgh Pirates,44,19,17,8,46,0.523,67,76,-0.22,-0.02,1.52,1.73,0,0,0,3,0,0,0,0,9,10.7,11,0,0,0,0,0,0,0,0
1927_1928,1,7,Detroit Cougars,44,19,19,6,44,0.5,88,79,0.14,-0.07,2,1.8,0,0,0,3,0,0,0,0,9.3,8.3,11,0,0,0,0,0,0,0,0
1927_1928,1,8,Toronto Maple Leafs,44,18,18,8,44,0.5,89,88,0.06,0.04,2.02,2,0,0,0,2,0,0,0,0,12,11,5,0,0,0,0,0,0,0,0
1927_1928,1,10,Chicago Black Hawks,44,7,34,3,17,0.193,68,134,-1.36,0.14,1.55,3.05,0,0,0,2,0,0,0,1,8.5,8.5,4,0,0,0,0,0,0,0,0
1928_1929,1,2,Boston Bruins,44,26,13,5,57,0.648,89,52,0.71,-0.13,2.02,1.18,0,0,0,1,0,0,0,0,10.9,12.9,12,0,0,0,0,0,0,0,0
1928_1929,1,4,New York Americans,44,19,13,12,50,0.568,53,53,0.03,0.03,1.2,1.2,0,0,0,3,0,0,0,0,11.4,8.4,16,0,0,0,0,0,0,0,0
1928_1929,1,5,Detroit Cougars,44,19,16,9,47,0.534,72,63,0.15,-0.06,1.64,1.43,0,0,0,3,0,0,0,0,9,9.6,10,0,0,0,0,0,0,0,0
1928_1929,1,6,Toronto Maple Leafs,44,21,18,5,47,0.534,85,69,0.35,-0.01,1.93,1.57,0,0,0,5,0,0,0,1,11.6,12,12,0,0,0,0,0,0,0,0
1928_1929,1,7,Ottawa Senators,44,14,17,13,41,0.466,54,67,-0.23,0.07,1.23,1.52,0,0,0,4,0,0,0,0,10.8,10.3,7,0,0,0,0,0,0,0,0
1928_1929,1,8,Montreal Maroons,44,15,20,9,39,0.443,67,65,0.07,0.03,1.52,1.48,0,0,0,5,0,0,0,0,14.8,12,12,0,0,0,0,0,0,0,0
1929_1930,1,1,Boston Bruins,44,38,5,1,77,0.875,179,98,1.6,-0.24,4.07,2.23,0,0,0,3,0,0,0,0,10.1,12.3,3,0,0,0,0,0,0,0,0
1929_1930,1,2,Montreal Canadiens,44,21,14,9,51,0.58,142,114,0.58,-0.06,3.23,2.59,0,0,0,1,0,0,0,0,13.9,15.8,4,0,0,0,0,0,0,0,0
1929_1930,1,3,Montreal Maroons,44,23,16,5,51,0.58,141,114,0.56,-0.06,3.2,2.59,0,0,0,5,0,0,0,0,15.1,14.7,2,0,0,0,0,0,0,0,0
1929_1930,1,4,Ottawa Senators,44,21,15,8,50,0.568,138,118,0.42,-0.04,3.14,2.68,0,0,0,8,0,0,0,0,13.3,13,3,0,0,0,0,0,0,0,0
1929_1930,1,6,New York Rangers,44,17,17,10,44,0.5,136,143,-0.16,0,3.09,3.25,0,0,0,0,0,0,0,0,10.5,11,1,0,0,0,0,0,0,0,0
1929_1930,1,7,Toronto Maple Leafs,44,17,21,6,40,0.455,116,124,-0.14,0.04,2.64,2.82,0,0,0,9,0,0,0,0,13.8,12.5,6,0,0,0,0,0,0,0,0
1929_1930,1,8,Detroit Cougars,44,14,24,6,34,0.386,117,133,-0.34,0.03,2.66,3.02,0,0,0,2,0,0,0,0,11.1,11.8,2,0,0,0,0,0,0,0,0
1929_1930,1,9,New York Americans,44,14,25,5,33,0.375,113,161,-0.94,0.15,2.57,3.66,0,0,0,2,0,0,0,0,8.9,7.5,2,0,0,0,0,0,0,0,0
1929_1930,1,10,Pittsburgh Pirates,44,5,36,3,13,0.148,102,185,-1.68,0.21,2.32,4.2,0,0,0,2,0,0,0,0,9.1,8.2,0,0,0,0,0,0,0,0,0
1930_1931,1,1,Boston Bruins,44,28,10,6,62,0.705,143,90,1.05,-0.15,3.25,2.05,0,0,0,1,0,0,0,0,10.4,12.9,3,0,0,0,0,0,0,0,0
1930_1931,1,2,Montreal Canadiens,44,26,10,8,60,0.682,129,89,0.81,-0.1,2.93,2.02,0,0,0,5,0,0,0,0,14.1,15.3,8,0,0,0,0,0,0,0,0
1930_1931,1,3,Toronto Maple Leafs,44,22,13,9,53,0.602,118,99,0.39,-0.04,2.68,2.25,0,0,0,7,0,0,0,0,12.1,11.6,8,0,0,0,0,0,0,0,0
1930_1931,1,4,Chicago Black Hawks,44,24,17,3,51,0.58,108,78,0.59,-0.09,2.45,1.77,0,0,0,3,0,0,0,1,10.1,11.4,12,0,0,0,0,0,0,0,0
1930_1931,1,6,Montreal Maroons,44,20,18,6,46,0.523,105,106,-0.01,0.01,2.39,2.41,0,0,0,6,0,0,0,1,13.7,12.5,3,0,0,0,0,0,0,0,0
1930_1931,1,8,Detroit Falcons,44,16,21,7,39,0.443,102,105,-0.07,0,2.32,2.39,0,0,0,1,0,0,0,0,9.8,10.3,6,0,0,0,0,0,0,0,0
1930_1931,1,9,Ottawa Senators,44,10,30,4,24,0.273,91,142,-1.01,0.15,2.07,3.23,0,0,0,2,0,0,0,0,11.5,11.7,3,0,0,0,0,0,0,0,0
1931_1932,1,1,Montreal Canadiens,48,25,16,7,57,0.594,128,111,0.3,-0.05,2.67,2.31,0,0,0,2,0,0,0,0,9.3,13.1,6,0,0,0,0,0,0,0,0
1931_1932,1,3,Toronto Maple Leafs,48,23,18,7,53,0.552,155,127,0.5,-0.08,3.23,2.65,0,0,0,5,0,0,0,1,13.7,10.9,5,0,0,0,0,0,0,0,0
1931_1932,1,4,Chicago Black Hawks,48,18,19,11,47,0.49,86,101,-0.27,0.04,1.79,2.1,0,0,0,1,0,0,0,0,10,10.9,4,0,0,0,0,0,0,0,0
1931_1932,1,5,Detroit Falcons,48,18,20,10,46,0.479,95,108,-0.23,0.04,1.98,2.25,0,0,0,0,0,0,0,0,8.9,10.5,6,0,0,0,0,0,0,0,0
1931_1932,1,6,Montreal Maroons,48,19,22,7,45,0.469,142,139,0.05,-0.01,2.96,2.9,0,0,0,2,0,0,0,2,12.9,11.4,2,0,0,0,0,0,0,0,0
1931_1932,1,7,Boston Bruins,48,15,21,12,42,0.438,122,117,0.09,-0.02,2.54,2.44,0,0,0,1,0,0,0,0,8.2,8.2,10,0,0,0,0,0,0,0,0
1931_1932,1,8,New York Americans,48,16,24,8,40,0.417,95,142,-0.84,0.14,1.98,2.96,0,0,0,2,0,0,0,1,12.5,11.6,5,0,0,0,0,0,0,0,0
1932_1933,1,3,New York Rangers,48,23,17,8,54,0.563,135,107,0.52,-0.07,2.81,2.23,0,0,0,22,0,0,0,5,12.4,10.8,3,0,0,0,0,0,0,0,0
1932_1933,1,4,Toronto Maple Leafs,48,24,18,6,54,0.563,119,111,0.15,-0.02,2.48,2.31,0,0,0,15,0,0,0,2,13,10.9,5,0,0,0,0,0,0,0,0
1932_1933,1,5,Montreal Maroons,48,22,20,6,50,0.521,135,119,0.3,-0.04,2.81,2.48,0,0,0,15,0,0,0,6,9.2,9.2,6,0,0,0,0,0,0,0,0
1932_1933,1,6,Chicago Black Hawks,48,16,20,12,44,0.458,88,101,-0.24,0.03,1.83,2.1,0,0,0,6,0,0,0,0,8.4,10.4,5,0,0,0,0,0,0,0,0
1932_1933,1,7,Montreal Canadiens,48,18,25,5,41,0.427,92,115,-0.43,0.05,1.92,2.4,0,0,0,14,0,0,0,2,10.1,12.3,8,0,0,0,0,0,0,0,0
1932_1933,1,8,New York Americans,48,15,22,11,41,0.427,91,118,-0.5,0.06,1.9,2.46,0,0,0,15,0,0,0,0,9.5,7.9,5,0,0,0,0,0,0,0,0
1932_1933,1,9,Ottawa Senators,48,11,27,10,32,0.333,88,131,-0.8,0.1,1.83,2.73,0,0,0,22,0,0,0,1,8.3,8.4,6,0,0,0,0,0,0,0,0
1933_1934,1,1,Toronto Maple Leafs,48,26,13,9,61,0.635,174,119,1.02,-0.13,3.63,2.48,27,0,0,23,0,0,6,2,11.2,7.6,3,0,0,0,0,0,0,0,0
1933_1934,1,2,Detroit Red Wings,48,24,14,10,58,0.604,113,98,0.28,-0.04,2.35,2.04,28,0,0,17,0,0,2,5,7.7,9.1,5,0,0,0,0,0,0,0,0
1933_1934,1,4,Montreal Canadiens,48,22,20,6,50,0.521,99,101,-0.04,0.01,2.06,2.1,21,0,0,13,0,0,4,3,6.5,8,9,0,0,0,0,0,0,0,0
1933_1934,1,6,Montreal Maroons,48,19,18,11,49,0.51,117,122,-0.09,0.01,2.44,2.54,19,0,0,20,0,0,2,1,8.5,8.4,6,0,0,0,0,0,0,0,0
1933_1934,1,8,New York Americans,48,15,23,10,40,0.417,104,132,-0.52,0.07,2.17,2.75,14,0,0,25,0,0,2,2,7.6,7.4,5,0,0,0,0,0,0,0,0
1934_1935,1,1,Toronto Maple Leafs,48,30,14,4,64,0.667,157,111,0.85,-0.11,3.27,2.31,29,0,0,27,0,0,3,3,10,7.9,8,0,0,0,0,0,0,0,0
1934_1935,1,2,Boston Bruins,48,26,16,6,58,0.604,129,112,0.31,-0.04,2.69,2.33,20,0,0,17,0,0,2,2,7.9,7.2,8,0,0,0,0,0,0,0,0
1934_1935,1,3,Chicago Black Hawks,48,26,17,5,57,0.594,118,88,0.56,-0.07,2.46,1.83,13,0,0,17,0,0,1,2,7.8,8.4,8,0,0,0,0,0,0,0,0
1934_1935,1,4,Montreal Maroons,48,24,19,5,53,0.552,123,92,0.57,-0.07,2.56,1.92,20,0,0,10,0,0,5,0,8.8,7.6,9,0,0,0,0,0,0,0,0
1934_1935,1,5,New York Rangers,48,22,20,6,50,0.521,137,139,-0.04,0,2.85,2.9,17,0,0,25,0,0,10,4,6.9,6.8,5,0,0,0,0,0,0,0,0
1934_1935,1,6,Detroit Red Wings,48,19,22,7,45,0.469,127,114,0.24,-0.03,2.65,2.38,32,0,0,17,0,0,5,1,6.9,8.9,6,0,0,0,0,0,0,0,0
1934_1935,1,7,Montreal Canadiens,48,19,23,6,44,0.458,110,145,-0.65,0.08,2.29,3.02,12,0,0,20,0,0,1,7,6.7,6.9,1,0,0,0,0,0,0,0,0
1934_1935,1,8,New York Americans,48,12,27,9,33,0.344,100,142,-0.78,0.1,2.08,2.96,15,0,0,17,0,0,1,4,5.2,6.1,3,0,0,0,0,0,0,0,0
1934_1935,1,9,St. Louis Eagles,48,11,31,6,28,0.292,86,144,-1.08,0.13,1.79,3,14,0,0,22,0,0,0,6,8.5,8.8,3,0,0,0,0,0,0,0,0
1935_1936,1,3,Toronto Maple Leafs,48,23,19,6,52,0.542,126,106,0.34,-0.08,2.63,2.21,18,0,0,21,0,0,6,4,12.1,8.7,8,0,0,0,0,0,0,0,0
1935_1936,1,4,Boston Bruins,48,22,20,6,50,0.521,92,83,0.18,-0.01,1.92,1.73,14,0,0,10,0,0,2,3,8.3,9.1,10,0,0,0,0,0,0,0,0
1935_1936,1,5,Chicago Black Hawks,48,21,19,8,50,0.521,93,92,0.04,0.02,1.94,1.92,22,0,0,13,0,0,2,2,8.5,9.4,9,0,0,0,0,0,0,0,0
1935_1936,1,6,New York Rangers,48,19,17,12,50,0.521,91,96,-0.07,0.03,1.9,2,18,0,0,17,0,0,1,4,7.6,8.3,8,0,0,0,0,0,0,0,0
1935_1936,1,7,New York Americans,48,16,25,7,39,0.406,109,122,-0.25,0.02,2.27,2.54,18,0,0,28,0,0,1,1,8.2,8.2,3,0,0,0,0,0,0,0,0
1936_1937,1,2,Montreal Canadiens,48,24,18,6,54,0.563,115,111,0.06,-0.02,2.4,2.31,19,0,0,10,0,0,1,5,6.3,7.1,5,0,0,0,0,0,0,0,0
1936_1937,1,3,Boston Bruins,48,23,18,7,53,0.552,120,110,0.19,-0.02,2.5,2.29,7,0,0,8,0,0,1,1,6.2,5.7,6,0,0,0,0,0,0,0,0
1936_1937,1,6,New York Rangers,48,19,20,9,47,0.49,117,106,0.21,-0.02,2.44,2.21,22,0,0,12,0,0,3,1,6.9,7.7,4,0,0,0,0,0,0,0,0
1936_1937,1,7,Chicago Black Hawks,48,14,27,7,35,0.365,99,131,-0.56,0.11,2.06,2.73,10,0,0,15,0,0,4,4,6.1,7.2,5,0,0,0,0,0,0,0,0
1936_1937,1,8,New York Americans,48,15,29,4,34,0.354,122,161,-0.71,0.1,2.54,3.35,21,0,0,23,0,0,1,5,9.3,9,4,0,0,0,0,0,0,0,0
1937_1938,1,1,Boston Bruins,48,30,11,7,67,0.698,142,89,0.97,-0.14,2.96,1.85,6,0,0,6,0,0,5,2,5.8,6.3,7,0,0,0,0,0,0,0,0
1937_1938,1,2,New York Rangers,48,27,15,6,60,0.625,149,96,0.97,-0.14,3.1,2,17,0,0,14,0,0,6,4,9.3,6.4,8,0,0,0,0,0,0,0,0
1937_1938,1,3,Toronto Maple Leafs,48,24,15,9,57,0.594,151,127,0.41,-0.09,3.15,2.65,17,0,0,14,0,0,6,3,8.4,7.3,6,0,0,0,0,0,0,0,0
1937_1938,1,5,New York Americans,48,19,18,11,49,0.51,110,111,-0.04,-0.02,2.29,2.31,11,0,0,14,0,0,1,5,6.8,5.3,6,0,0,0,0,0,0,0,0
1937_1938,1,6,Chicago Black Hawks,48,14,25,9,37,0.385,97,139,-0.73,0.15,2.02,2.9,21,0,0,14,0,0,1,4,5,7.6,1,0,0,0,0,0,0,0,0
1937_1938,1,7,Detroit Red Wings,48,12,25,11,35,0.365,99,133,-0.58,0.12,2.06,2.77,5,0,0,15,0,0,0,3,5.5,6.6,3,0,0,0,0,0,0,0,0
1937_1938,1,8,Montreal Maroons,48,12,30,6,30,0.313,101,149,-0.88,0.12,2.1,3.1,16,0,0,26,0,0,4,1,9.8,8.9,2,0,0,0,0,0,0,0,0
1938_1939,1,1,Boston Bruins,48,36,10,2,74,0.771,156,76,1.43,-0.24,3.25,1.58,12,0,0,11,0,0,3,0,5.1,5.2,10,0,0,0,0,0,0,0,0
1938_1939,1,2,New York Rangers,48,26,16,6,58,0.604,149,105,0.79,-0.13,3.1,2.19,17,0,0,15,0,0,4,4,8.2,6.3,6,0,0,0,0,0,0,0,0
1938_1939,1,3,Toronto Maple Leafs,48,19,20,9,47,0.49,114,107,0.13,-0.02,2.38,2.23,20,0,0,22,0,0,8,3,7.7,7.4,8,0,0,0,0,0,0,0,0
1938_1939,1,4,New York Americans,48,17,21,10,44,0.458,119,157,-0.68,0.11,2.48,3.27,27,0,0,27,0,0,4,5,5.9,5.9,3,0,0,0,0,0,0,0,0
1938_1939,1,5,Detroit Red Wings,48,18,24,6,42,0.438,107,128,-0.38,0.06,2.23,2.67,18,0,0,13,0,0,3,8,5.1,7.1,4,0,0,0,0,0,0,0,0
1938_1939,1,6,Montreal Canadiens,48,15,24,9,39,0.406,115,146,-0.55,0.09,2.4,3.04,18,0,0,24,0,0,0,4,6,6.6,4,0,0,0,0,0,0,0,0
1938_1939,1,7,Chicago Black Hawks,48,12,28,8,32,0.333,91,132,-0.73,0.12,1.9,2.75,16,0,0,16,0,0,3,1,7.5,7,5,0,0,0,0,0,0,0,0
1939_1940,1,1,Boston Bruins,48,31,12,5,67,0.698,170,98,1.29,-0.21,3.54,2.04,4,0,0,8,0,0,4,1,6.9,5.9,6,0,0,0,0,0,0,0,0
1939_1940,1,2,New York Rangers,48,27,11,10,64,0.667,136,77,1.05,-0.18,2.83,1.6,14,0,0,11,0,0,10,1,11.1,8,8,0,0,0,0,0,0,0,0
1939_1940,1,3,Toronto Maple Leafs,48,25,17,6,56,0.583,134,110,0.43,-0.07,2.79,2.29,15,0,0,14,0,0,6,8,10.1,10.1,4,0,0,0,0,0,0,0,0
1939_1940,1,5,Detroit Red Wings,48,16,26,6,38,0.396,90,126,-0.64,0.11,1.88,2.63,14,0,0,8,0,0,4,3,5.2,7.6,3,0,0,0,0,0,0,0,0
1939_1940,1,6,New York Americans,48,15,29,4,34,0.354,106,140,-0.61,0.1,2.21,2.92,10,0,0,15,0,0,1,9,5.2,5.8,6,0,0,0,0,0,0,0,0
1939_1940,1,7,Montreal Canadiens,48,10,33,5,25,0.26,90,167,-1.38,0.23,1.88,3.48,15,0,0,13,0,0,1,4,7,7.5,3,0,0,0,0,0,0,0,0
1940_1941,1,1,Boston Bruins,48,27,8,13,67,0.698,168,102,1.18,-0.2,3.5,2.13,10,0,0,8,0,0,2,2,5.1,6.1,6,0,0,0,0,0,0,0,0
1940_1941,1,2,Toronto Maple Leafs,48,28,14,6,62,0.646,145,99,0.82,-0.14,3.02,2.06,16,0,0,12,0,0,2,4,6.4,7,5,0,0,0,0,0,0,0,0
1940_1941,1,3,Detroit Red Wings,48,21,16,11,53,0.552,112,102,0.18,-0.03,2.33,2.13,12,0,0,10,0,0,1,2,7,6.6,4,0,0,0,0,0,0,0,0
1940_1941,1,5,Chicago Black Hawks,48,16,25,7,39,0.406,112,139,-0.48,0.08,2.33,2.9,14,0,0,17,0,0,3,5,7.3,7.3,3,0,0,0,0,0,0,0,0
1940_1941,1,7,New York Americans,48,8,29,11,27,0.281,99,186,-1.55,0.26,2.06,3.88,14,0,0,10,0,0,3,4,5.3,5.6,1,0,0,0,0,0,0,0,0
1941_1942,1,1,New York Rangers,48,29,17,2,60,0.625,177,143,0.61,-0.1,3.69,2.98,22,0,0,22,0,0,5,3,8.3,8.2,1,0,0,0,0,0,0,0,0
1941_1942,1,2,Toronto Maple Leafs,48,27,18,3,57,0.594,158,136,0.39,-0.07,3.29,2.83,20,0,0,17,0,0,6,1,7.1,9,6,0,0,0,0,0,0,0,0
1941_1942,1,4,Chicago Black Hawks,48,22,23,3,47,0.49,145,155,-0.18,0.03,3.02,3.23,25,0,0,24,0,0,3,5,7.8,9,3,0,0,0,0,0,0,0,0
1941_1942,1,5,Detroit Red Wings,48,19,25,4,42,0.438,140,147,-0.13,0.02,2.92,3.06,14,0,0,13,0,0,1,3,10,9.2,5,0,0,0,0,0,0,0,0
1941_1942,1,6,Montreal Canadiens,48,18,27,3,39,0.406,134,173,-0.7,0.12,2.79,3.6,30,0,0,24,0,0,1,3,11.1,11.1,1,0,0,0,0,0,0,0,0
1941_1942,1,7,Brooklyn Americans,48,16,29,3,35,0.365,133,175,-0.75,0.13,2.77,3.65,19,0,0,32,0,0,4,2,8.9,8.3,1,0,0,0,0,0,0,0,0
1942_1943,2,1,Detroit Red Wings,50,25,14,11,61,0.61,169,124,0.75,-0.15,3.38,2.48,34,0,0,17,0,0,1,1,7.6,7.4,6,0,0,0,0,0,0,0,0
1942_1943,2,2,Boston Bruins,50,24,17,9,57,0.57,195,176,0.32,-0.06,3.9,3.52,26,0,0,39,0,0,1,1,7.3,5.9,1,0,0,0,0,0,0,0,0
1942_1943,2,3,Toronto Maple Leafs,50,22,19,9,53,0.53,198,159,0.65,-0.13,3.96,3.18,21,0,0,26,0,0,1,0,8.8,9.4,1,0,0,0,0,0,0,0,0
1942_1943,2,4,Montreal Canadiens,50,19,19,12,50,0.5,181,191,-0.17,0.03,3.62,3.82,35,0,0,23,0,0,0,0,6.4,6.7,1,0,0,0,0,0,0,0,0
1943_1944,2,1,Montreal Canadiens,50,38,5,7,83,0.83,234,109,2.08,-0.42,4.68,2.18,30,0,0,15,0,0,4,0,11.7,9.2,2,0,0,0,0,0,0,0,0
1943_1944,2,2,Detroit Red Wings,50,26,18,6,58,0.58,214,177,0.62,-0.12,4.28,3.54,14,0,0,17,0,0,0,0,7.5,5.6,2,0,0,0,0,0,0,0,0
1943_1944,2,3,Toronto Maple Leafs,50,23,23,4,50,0.5,214,174,0.67,-0.13,4.28,3.48,27,0,0,12,0,0,1,2,6.6,7.5,5,0,0,0,0,0,0,0,0
1943_1944,2,4,Chicago Black Hawks,50,22,23,5,49,0.49,178,187,-0.15,0.03,3.56,3.74,26,0,0,26,0,0,1,1,4.8,7.6,3,0,0,0,0,0,0,0,0
1943_1944,2,6,New York Rangers,50,6,39,5,17,0.17,162,310,-2.47,0.49,3.24,6.2,12,0,0,23,0,0,0,5,5.1,5.8,0,0,0,0,0,0,0,0,0
1944_1945,2,1,Montreal Canadiens,50,38,8,4,80,0.8,228,121,1.78,-0.36,4.56,2.42,28,0,0,23,0,0,2,2,8.8,6.8,1,0,0,0,0,0,0,0,0
1944_1945,2,3,Toronto Maple Leafs,50,24,22,4,52,0.52,183,161,0.37,-0.07,3.66,3.22,24,0,0,21,0,0,3,2,6.9,8.2,4,0,0,0,0,0,0,0,0
1944_1945,2,4,Boston Bruins,50,16,30,4,36,0.36,179,219,-0.67,0.13,3.58,4.38,12,0,0,26,0,0,4,2,5.9,4.6,0,0,0,0,0,0,0,0,0
1944_1945,2,5,Chicago Black Hawks,50,13,30,7,33,0.33,141,194,-0.88,0.18,2.82,3.88,20,0,0,25,0,0,1,3,5.1,5.1,4,0,0,0,0,0,0,0,0
1945_1946,2,1,Montreal Canadiens,50,28,17,5,61,0.61,172,134,0.63,-0.13,3.44,2.68,19,0,0,27,0,0,1,1,6.7,7.1,4,0,0,0,0,0,0,0,0
1945_1946,2,2,Boston Bruins,50,24,18,8,56,0.56,167,156,0.18,-0.04,3.34,3.12,15,0,0,16,0,0,0,0,5.5,4.3,4,0,0,0,0,0,0,0,0
1945_1946,2,3,Chicago Black Hawks,50,23,20,7,53,0.53,200,178,0.37,-0.07,4,3.56,38,0,0,27,0,0,3,1,6.7,7.1,1,0,0,0,0,0,0,0,0
1945_1946,2,4,Detroit Red Wings,50,20,20,10,50,0.5,146,159,-0.22,0.04,2.92,3.18,27,0,0,24,0,0,2,2,6,6,2,0,0,0,0,0,0,0,0
1945_1946,2,6,New York Rangers,50,13,28,9,35,0.35,144,191,-0.78,0.16,2.88,3.82,16,0,0,19,0,0,0,2,5.7,5.7,2,0,0,0,0,0,0,0,0
1946_1947,2,1,Montreal Canadiens,60,34,16,10,78,0.65,189,138,0.71,-0.14,3.15,2.3,31,0,0,39,0,0,1,1,9.3,8.6,4,0,0,0,0,0,0,0,0
1946_1947,2,2,Toronto Maple Leafs,60,31,19,10,72,0.6,209,172,0.51,-0.1,3.48,2.87,28,0,0,35,0,0,6,1,11.2,9.2,4,0,0,0,0,0,0,0,0
1946_1947,2,3,Boston Bruins,60,26,23,11,63,0.525,190,175,0.21,-0.04,3.17,2.92,23,0,0,29,0,0,0,2,7.7,7,3,0,0,0,0,0,0,0,0
1946_1947,2,4,Detroit Red Wings,60,22,27,11,55,0.458,190,193,-0.04,0.01,3.17,3.22,39,0,0,26,0,0,1,5,8.9,10.3,3,0,0,0,0,0,0,0,0
1946_1947,2,6,Chicago Black Hawks,60,19,37,4,42,0.35,193,274,-1.13,0.23,3.22,4.57,41,0,0,36,0,0,2,3,7.8,7.9,1,0,0,0,0,0,0,0,0
1947_1948,2,2,Detroit Red Wings,60,30,18,12,72,0.6,187,148,0.54,-0.11,3.12,2.47,28,0,0,23,0,0,7,2,9.9,10.1,7,0,0,0,0,0,0,0,0
1947_1948,2,3,Boston Bruins,60,23,24,13,59,0.492,167,168,-0.02,0,2.78,2.8,20,0,0,35,0,0,3,0,8.6,7.4,3,0,0,0,0,0,0,0,0
1947_1948,2,4,New York Rangers,60,21,26,13,55,0.458,176,201,-0.35,0.07,2.93,3.35,28,0,0,18,0,0,1,5,8,10.3,2,0,0,0,0,0,0,0,0
1947_1948,2,6,Chicago Black Hawks,60,20,34,6,46,0.383,195,225,-0.42,0.08,3.25,3.75,30,0,0,40,0,0,1,9,9.5,9.8,1,0,0,0,0,0,0,0,0
1948_1949,2,4,Toronto Maple Leafs,60,22,25,13,57,0.475,147,161,-0.19,0.04,2.45,2.68,30,0,0,37,0,0,7,5,11.7,10.7,5,0,0,0,0,0,0,0,0
1948_1949,2,5,Chicago Black Hawks,60,21,31,8,50,0.417,173,211,-0.53,0.11,2.88,3.52,33,0,0,46,0,0,3,10,11.6,10.4,0,0,0,0,0,0,0,0,0
1948_1949,2,6,New York Rangers,60,18,31,11,47,0.392,133,172,-0.54,0.11,2.22,2.87,27,0,0,28,0,0,1,2,6.8,8.7,7,0,0,0,0,0,0,0,0
1949_1950,2,1,Detroit Red Wings,70,37,19,14,88,0.629,229,164,0.78,-0.15,3.27,2.34,55,0,0,36,0,0,0,0,10.5,10.4,8,0,0,0,0,0,0,0,0
1949_1950,2,3,Toronto Maple Leafs,70,31,27,12,74,0.529,176,173,0.04,-0.01,2.51,2.47,35,0,0,40,0,0,0,3,11.4,10.5,10,0,0,0,0,0,0,0,0
1949_1950,2,4,New York Rangers,70,28,31,11,67,0.479,170,189,-0.23,0.05,2.43,2.7,36,0,0,47,0,0,0,0,9.2,8.8,6,0,0,0,0,0,0,0,0
1949_1950,2,5,Boston Bruins,70,22,32,16,60,0.429,198,228,-0.36,0.07,2.83,3.26,29,0,0,28,0,0,0,0,6.4,8.7,3,0,0,0,0,0,0,0,0
1949_1950,2,6,Chicago Black Hawks,70,22,38,10,54,0.386,203,244,-0.49,0.1,2.9,3.49,33,0,0,51,0,0,2,0,8.8,8.6,5,0,0,0,0,0,0,0,0
1950_1951,2,1,Detroit Red Wings,70,44,13,13,101,0.721,236,139,1.16,-0.23,3.37,1.99,37,0,0,17,0,0,2,6,8.1,10.1,11,0,0,0,0,0,0,0,0
1950_1951,2,2,Toronto Maple Leafs,70,41,16,13,95,0.679,212,138,0.88,-0.18,3.03,1.97,49,0,0,21,0,0,4,1,11.8,10.9,11,0,0,0,0,0,0,0,0
1950_1951,2,4,Boston Bruins,70,22,30,18,62,0.443,178,197,-0.23,0.05,2.54,2.81,32,0,0,19,0,0,3,4,9.4,10,4,0,0,0,0,0,0,0,0
1950_1951,2,5,New York Rangers,70,20,29,21,61,0.436,169,201,-0.38,0.08,2.41,2.87,20,0,0,38,0,0,4,5,11.1,9.5,2,0,0,0,0,0,0,0,0
1950_1951,2,6,Chicago Black Hawks,70,13,47,10,36,0.257,171,280,-1.3,0.26,2.44,4,20,0,0,41,0,0,4,3,8.8,8.4,3,0,0,0,0,0,0,0,0
1951_1952,2,1,Detroit Red Wings,70,44,14,12,100,0.714,215,133,0.98,-0.2,3.07,1.9,47,0,0,29,0,0,4,5,9.9,9.9,12,0,0,0,0,0,0,0,0
1951_1952,2,2,Montreal Canadiens,70,34,26,10,78,0.557,195,164,0.37,-0.07,2.79,2.34,43,0,0,34,0,0,7,5,9.4,10.5,5,0,0,0,0,0,0,0,0
1951_1952,2,3,Toronto Maple Leafs,70,29,25,16,74,0.529,168,157,0.13,-0.03,2.4,2.24,44,0,0,38,0,0,3,2,12,11,5,0,0,0,0,0,0,0,0
1951_1952,2,4,Boston Bruins,70,25,29,16,66,0.471,162,176,-0.17,0.03,2.31,2.51,22,0,0,30,0,0,3,3,8.6,8.2,7,0,0,0,0,0,0,0,0
1951_1952,2,6,Chicago Black Hawks,70,17,44,9,43,0.307,158,241,-0.99,0.2,2.26,3.44,26,0,0,45,0,0,4,4,9,8,2,0,0,0,0,0,0,0,0
1952_1953,2,1,Detroit Red Wings,70,36,16,18,90,0.643,222,133,1.06,-0.21,3.17,1.9,52,0,0,28,0,0,3,4,9.2,10.5,10,0,0,0,0,0,0,0,0
1952_1953,2,3,Boston Bruins,70,28,29,13,69,0.493,152,172,-0.24,0.05,2.17,2.46,25,0,0,18,0,0,6,4,7.5,7.7,8,0,0,0,0,0,0,0,0
1952_1953,2,4,Chicago Black Hawks,70,27,28,15,69,0.493,169,175,-0.07,0.01,2.41,2.5,20,0,0,33,0,0,7,4,10.7,8.9,6,0,0,0,0,0,0,0,0
1953_1954,2,2,Montreal Canadiens,70,35,24,11,81,0.579,195,141,0.64,-0.13,2.79,2.01,49,0,0,40,0,0,3,5,15.2,14.5,11,0,0,0,0,0,0,0,0
1953_1954,2,3,Toronto Maple Leafs,70,32,24,14,78,0.557,152,131,0.25,-0.05,2.17,1.87,31,0,0,39,0,0,6,0,14.6,12.8,13,0,0,0,0,0,0,0,0
1953_1954,2,4,Boston Bruins,70,32,28,10,74,0.529,177,181,-0.05,0.01,2.53,2.59,38,0,0,41,0,0,4,4,9.8,9.7,8,0,0,0,0,0,0,0,0
1953_1954,2,5,New York Rangers,70,29,31,10,68,0.486,161,182,-0.25,0.05,2.3,2.6,50,0,0,38,0,0,1,6,10.2,12.3,5,0,0,0,0,0,0,0,0
1953_1954,2,6,Chicago Black Hawks,70,12,51,7,31,0.221,133,242,-1.3,0.26,1.9,3.46,26,0,0,54,0,0,4,5,11.4,10.2,5,0,0,0,0,0,0,0,0
1954_1955,2,1,Detroit Red Wings,70,42,17,11,95,0.679,204,134,0.83,-0.17,2.91,1.91,47,0,0,41,0,0,7,1,11.8,13.5,12,0,0,0,0,0,0,0,0
1954_1955,2,2,Montreal Canadiens,70,41,18,11,93,0.664,228,157,0.85,-0.17,3.26,2.24,56,0,0,35,0,0,4,3,12.7,11.1,6,0,0,0,0,0,0,0,0
1954_1955,2,3,Toronto Maple Leafs,70,24,24,22,70,0.5,147,135,0.14,-0.03,2.1,1.93,30,0,0,33,0,0,7,2,14.1,13.2,8,0,0,0,0,0,0,0,0
1954_1955,2,6,Chicago Black Hawks,70,13,40,17,43,0.307,161,235,-0.88,0.18,2.3,3.36,37,0,0,43,0,0,5,6,10.4,11,0,0,0,0,0,0,0,0,0
1955_1956,2,1,Montreal Canadiens,70,45,15,10,100,0.714,222,131,1.08,-0.22,3.17,1.87,66,0,0,27,0,0,4,6,14,13.1,8,0,0,0,0,0,0,0,0
1955_1956,2,2,Detroit Red Wings,70,30,24,16,76,0.543,183,148,0.42,-0.08,2.61,2.11,52,0,0,29,0,0,5,3,11.2,13,12,0,0,0,0,0,0,0,0
1955_1956,2,3,New York Rangers,70,32,28,10,74,0.529,204,203,0.01,0,2.91,2.9,42,0,0,44,0,0,2,11,13,13.4,4,0,0,0,0,0,0,0,0
1955_1956,2,4,Toronto Maple Leafs,70,24,33,13,61,0.436,153,181,-0.33,0.07,2.19,2.59,35,0,0,52,0,0,6,4,14.8,15.3,5,0,0,0,0,0,0,0,0
1955_1956,2,6,Chicago Black Hawks,70,19,39,12,50,0.357,155,216,-0.73,0.15,2.21,3.09,21,0,0,60,0,0,2,5,11.7,10.5,4,0,0,0,0,0,0,0,0
1956_1957,2,1,Detroit Red Wings,70,38,20,12,88,0.629,198,157,0.49,-0.1,2.83,2.24,48,0,0,30,0,0,4,2,9.1,9.9,4,0,0,0,0,0,0,0,0
1956_1957,2,2,Montreal Canadiens,70,35,23,12,82,0.586,210,155,0.66,-0.13,3,2.21,54,0,0,38,0,0,5,4,12.5,13.9,9,0,0,0,0,0,0,0,0
1956_1957,2,4,New York Rangers,70,26,30,14,66,0.471,184,227,-0.51,0.1,2.63,3.24,49,0,0,47,0,0,8,5,12.5,11.7,3,0,0,0,0,0,0,0,0
1957_1958,2,1,Montreal Canadiens,70,43,17,10,96,0.686,250,158,1.1,-0.22,3.57,2.26,61,0,0,38,0,0,3,8,13.6,14.5,10,0,0,0,0,0,0,0,0
1957_1958,2,2,New York Rangers,70,32,25,13,77,0.55,195,188,0.08,-0.02,2.79,2.69,49,0,0,34,0,0,7,4,10.8,11.2,5,0,0,0,0,0,0,0,0
1957_1958,2,4,Boston Bruins,70,27,28,15,69,0.493,199,194,0.06,-0.01,2.84,2.77,31,0,0,41,0,0,14,6,12.1,11.4,8,0,0,0,0,0,0,0,0
1957_1958,2,5,Chicago Black Hawks,70,24,39,7,55,0.393,163,202,-0.46,0.09,2.33,2.89,31,0,0,41,0,0,6,6,13,12.3,7,0,0,0,0,0,0,0,0
1957_1958,2,6,Toronto Maple Leafs,70,21,38,11,53,0.379,192,226,-0.41,0.08,2.74,3.23,40,0,0,42,0,0,5,12,12.2,11.9,4,0,0,0,0,0,0,0,0
1958_1959,2,1,Montreal Canadiens,70,39,18,13,91,0.65,258,158,1.19,-0.24,3.69,2.26,52,0,0,35,0,0,4,4,10.8,12.7,9,0,0,0,0,0,0,0,0
1958_1959,2,2,Boston Bruins,70,32,29,9,73,0.521,205,215,-0.12,0.02,2.93,3.07,40,0,0,49,0,0,5,12,11.8,12,4,0,0,0,0,0,0,0,0
1958_1959,2,3,Chicago Black Hawks,70,28,29,13,69,0.493,197,208,-0.13,0.03,2.81,2.97,45,0,0,52,0,0,6,6,13.3,11.2,1,0,0,0,0,0,0,0,0
1958_1959,2,4,Toronto Maple Leafs,70,27,32,11,65,0.464,189,201,-0.14,0.03,2.7,2.87,34,0,0,56,0,0,10,5,12,12.9,6,0,0,0,0,0,0,0,0
1958_1959,2,5,New York Rangers,70,26,32,12,64,0.457,201,217,-0.19,0.04,2.87,3.1,50,0,0,37,0,0,7,3,12.1,10.9,2,0,0,0,0,0,0,0,0
1958_1959,2,6,Detroit Red Wings,70,25,37,8,58,0.414,167,218,-0.61,0.12,2.39,3.11,40,0,0,32,0,0,7,9,8.7,9,6,0,0,0,0,0,0,0,0
1959_1960,2,1,Montreal Canadiens,70,40,18,12,92,0.657,255,178,0.92,-0.18,3.64,2.54,54,0,0,35,0,0,4,8,10.8,13.6,3,2490,10.2,2083,0.915,0,0,0,0
1959_1960,2,2,Toronto Maple Leafs,70,35,26,9,79,0.564,199,195,0.05,-0.01,2.84,2.79,31,0,0,37,0,0,11,0,12.3,12.7,5,2146,9.3,2322,0.916,0,0,0,0
1959_1960,2,4,Detroit Red Wings,70,26,29,15,67,0.479,186,197,-0.13,0.03,2.66,2.81,32,0,0,25,0,0,5,3,7.6,9.2,6,2327,8,2020,0.902,0,0,0,0
1959_1960,2,5,Boston Bruins,70,28,34,8,64,0.457,220,241,-0.25,0.05,3.14,3.44,47,0,0,37,0,0,4,11,13.4,11.8,4,2053,10.7,2317,0.896,0,0,0,0
1959_1960,2,6,New York Rangers,70,17,38,15,49,0.35,187,247,-0.71,0.14,2.67,3.53,34,0,0,53,0,0,2,7,12.1,10.8,1,2135,8.8,2353,0.895,0,0,0,0
1960_1961,2,1,Montreal Canadiens,70,41,19,10,92,0.657,254,188,0.79,-0.16,3.63,2.69,64,0,0,31,0,0,8,6,11.5,12.4,6,2468,10.3,2046,0.908,0,0,0,0
1960_1961,2,2,Toronto Maple Leafs,70,39,19,12,90,0.643,234,176,0.69,-0.14,3.34,2.51,39,0,0,33,0,0,6,3,11.9,13.9,2,2217,10.6,2255,0.922,0,0,0,0
1960_1961,2,3,Chicago Black Hawks,70,29,24,17,75,0.536,198,180,0.21,-0.04,2.83,2.57,42,0,0,53,0,0,5,9,15.3,12.5,6,2181,9.1,2205,0.918,0,0,0,0
1960_1961,2,5,New York Rangers,70,22,38,10,54,0.386,204,248,-0.52,0.11,2.91,3.54,36,0,0,48,0,0,6,8,8.4,8.9,2,2127,9.6,2607,0.905,0,0,0,0
1961_1962,2,1,Montreal Canadiens,70,42,14,14,98,0.7,259,166,1.11,-0.22,3.7,2.37,45,0,0,29,0,0,8,3,11.5,11.4,4,2388,10.8,2160,0.923,0,0,0,0
1961_1962,2,2,Toronto Maple Leafs,70,37,22,11,85,0.607,232,180,0.62,-0.12,3.31,2.57,31,0,0,53,0,0,6,4,10.8,9.8,3,2251,10.3,2185,0.918,0,0,0,0
1961_1962,2,4,New York Rangers,70,26,32,12,64,0.457,195,207,-0.14,0.03,2.79,2.96,41,0,0,30,0,0,3,3,9.2,10.6,2,2016,9.7,2329,0.911,0,0,0,0
1961_1962,2,5,Detroit Red Wings,70,23,33,14,60,0.429,184,219,-0.42,0.08,2.63,3.13,39,0,0,39,0,0,4,6,10.1,9.3,8,2324,7.9,2029,0.892,0,0,0,0
1961_1962,2,6,Boston Bruins,70,15,47,8,38,0.271,177,306,-1.54,0.31,2.53,4.37,38,0,0,50,0,0,5,9,10.2,10.5,3,2166,8.2,2463,0.876,0,0,0,0
1962_1963,2,2,Chicago Black Hawks,70,32,21,17,81,0.579,194,178,0.19,-0.04,2.77,2.54,37,0,0,46,0,0,3,9,12.9,12.7,5,2175,8.9,2137,0.917,0,0,0,0
1962_1963,2,3,Montreal Canadiens,70,28,19,23,79,0.564,225,183,0.5,-0.1,3.21,2.61,35,0,0,42,0,0,7,7,10.6,11.3,5,2433,9.2,1997,0.908,0,0,0,0
1962_1963,2,4,Detroit Red Wings,70,32,25,13,77,0.55,200,194,0.07,-0.01,2.86,2.77,50,0,0,41,0,0,5,4,13.7,12,3,2451,8.2,2051,0.905,0,0,0,0
1962_1963,2,5,New York Rangers,70,22,36,12,56,0.4,211,233,-0.26,0.05,3.01,3.33,40,0,0,31,0,0,4,8,9.1,10.4,2,1978,10.7,2658,0.912,0,0,0,0
1962_1963,2,6,Boston Bruins,70,14,39,17,45,0.321,198,281,-0.99,0.2,2.83,4.01,32,0,0,42,0,0,7,4,9.1,9.2,2,1986,10,2563,0.89,0,0,0,0
1963_1964,2,1,Montreal Canadiens,70,36,21,13,85,0.607,209,167,0.5,-0.1,2.99,2.39,46,294,15.65,42,248,83.06,7,7,14.1,15.1,9,2500,8.4,1973,0.915,0,0,0,0
1963_1964,2,2,Chicago Black Hawks,70,36,22,12,84,0.6,218,169,0.58,-0.12,3.11,2.41,51,279,18.28,43,301,85.71,8,2,15.8,14.5,7,2298,9.5,2316,0.927,0,0,0,0
1963_1964,2,3,Toronto Maple Leafs,70,33,25,12,78,0.557,192,172,0.24,-0.05,2.74,2.46,33,244,13.52,30,266,88.72,7,6,13,13.1,8,2249,8.5,2155,0.92,0,0,0,0
1963_1964,2,4,Detroit Red Wings,70,30,29,11,71,0.507,191,204,-0.16,0.03,2.73,2.91,42,240,17.5,36,267,86.52,2,5,11,10.7,7,2441,7.8,2258,0.91,0,0,0,0
1963_1964,2,6,Boston Bruins,70,18,40,12,48,0.343,170,212,-0.5,0.1,2.43,3.03,28,220,12.73,46,242,80.99,3,4,12.3,11.6,6,2066,8.2,2455,0.914,0,0,0,0
1964_1965,2,1,Detroit Red Wings,70,40,23,7,87,0.621,224,175,0.58,-0.12,3.2,2.5,57,316,18.04,52,312,83.33,9,7,16,14.1,6,2450,9.1,1952,0.91,0,0,0,0
1964_1965,2,2,Montreal Canadiens,70,36,23,11,83,0.593,211,185,0.31,-0.06,3.01,2.64,58,328,17.68,41,301,86.38,5,8,14.7,16.9,4,2308,9.1,1973,0.906,0,0,0,0
1964_1965,2,3,Chicago Black Hawks,70,34,28,8,76,0.543,224,176,0.57,-0.11,3.2,2.51,48,340,14.12,47,323,85.45,14,9,15,15,7,2102,10.7,2182,0.919,0,0,0,0
1964_1965,2,4,Toronto Maple Leafs,70,30,26,14,74,0.529,204,173,0.37,-0.07,2.91,2.47,51,280,18.21,56,343,83.67,9,12,15.3,13.7,4,2184,9.3,2149,0.919,0,0,0,0
1964_1965,2,5,New York Rangers,70,20,38,12,52,0.371,179,246,-0.8,0.16,2.56,3.51,55,321,17.13,45,267,83.15,7,8,10.8,13,2,2006,8.9,2375,0.896,0,0,0,0
1964_1965,2,6,Boston Bruins,70,21,43,6,48,0.343,166,253,-1.04,0.21,2.37,3.61,25,254,9.84,53,293,81.91,10,10,13.6,12.6,4,2026,8.2,2445,0.897,0,0,0,0
1965_1966,2,2,Chicago Black Hawks,70,37,25,8,82,0.586,240,187,0.63,-0.13,3.43,2.67,70,281,24.91,39,251,84.46,8,4,11.4,13.4,4,2085,11.5,2189,0.915,0,0,0,0
1965_1966,2,3,Toronto Maple Leafs,70,34,25,11,79,0.564,208,187,0.25,-0.05,2.97,2.67,51,256,19.92,53,274,80.66,6,4,11.6,10.4,8,2322,9,2282,0.918,0,0,0,0
1965_1966,2,4,Detroit Red Wings,70,31,27,12,74,0.529,221,194,0.32,-0.07,3.16,2.77,42,245,17.14,44,273,83.88,7,9,11.4,9.7,7,2262,9.8,2013,0.904,0,0,0,0
1965_1966,2,5,Boston Bruins,70,21,43,6,48,0.343,174,275,-1.2,0.24,2.49,3.93,30,255,11.76,53,252,78.97,3,6,11.2,11.5,2,2039,8.5,2504,0.89,0,0,0,0
1966_1967,2,1,Chicago Black Hawks,70,41,17,12,94,0.671,264,170,1.12,-0.22,3.77,2.43,51,232,21.98,37,234,84.19,10,3,10.7,10.4,6,2206,12,2191,0.922,0,0,0,0
1966_1967,2,2,Montreal Canadiens,70,32,25,13,77,0.55,202,188,0.17,-0.03,2.89,2.69,50,248,20.16,31,237,86.92,3,4,12.5,12.9,5,2228,9.1,2048,0.908,0,0,0,0
1966_1967,2,3,Toronto Maple Leafs,70,32,27,11,75,0.536,204,211,-0.08,0.02,2.91,3.01,37,237,15.61,56,240,76.67,6,6,10.4,10.1,4,2187,9.3,2407,0.912,0,0,0,0
1966_1967,2,4,New York Rangers,70,30,28,12,72,0.514,188,189,-0.01,0,2.69,2.7,35,199,17.59,31,199,84.42,4,5,9.5,9.6,9,2201,8.5,2194,0.914,0,0,0,0
1966_1967,2,5,Detroit Red Wings,70,27,39,4,58,0.414,212,241,-0.35,0.07,3.03,3.44,46,230,20,46,246,81.3,6,7,10.3,10.3,4,2340,9.1,2264,0.894,0,0,0,0
1966_1967,2,6,Boston Bruins,70,17,43,10,44,0.314,182,253,-0.85,0.17,2.6,3.61,35,250,14,53,240,77.92,5,9,10.8,10.9,1,2189,8.3,2247,0.887,0,0,0,0
1967_1968,2,1,Montreal Canadiens,74,42,22,10,94,0.635,236,167,1.07,0.14,3.19,2.26,50,245,20.41,34,205,83.41,7,3,9.4,9.6,10,2324,10.2,1998,0.916,0,0,0,0
1967_1968,2,2,New York Rangers,74,39,23,12,90,0.608,226,183,0.76,0.18,3.05,2.47,46,217,21.2,42,223,81.17,1,7,9.1,8.9,9,2465,9.2,2127,0.914,0,0,0,0
1967_1968,2,3,Boston Bruins,74,37,27,10,84,0.568,259,216,0.76,0.18,3.5,2.92,44,236,18.64,50,288,82.64,10,4,13.9,12.4,4,2467,10.5,2182,0.901,0,0,0,0
1967_1968,2,4,Chicago Black Hawks,74,32,26,16,80,0.541,212,222,0.13,0.26,2.86,3,37,234,15.81,37,218,83.03,9,6,8.1,8.9,6,2218,9.6,2299,0.903,0,0,0,0
1967_1968,2,5,Toronto Maple Leafs,74,33,31,10,76,0.514,209,176,0.64,0.19,2.82,2.38,33,231,14.29,28,230,87.83,6,6,8.5,9.1,9,2437,8.6,2576,0.932,0,0,0,0
1967_1968,2,6,Philadelphia Flyers,74,31,32,11,73,0.493,173,179,-0.32,-0.24,2.34,2.42,33,269,12.27,49,290,83.1,7,2,13.2,13.4,8,1883,9.2,2456,0.927,0,0,0,0
1967_1968,2,7,Los Angeles Kings,74,31,33,10,72,0.486,200,224,-0.53,-0.21,2.7,3.03,33,241,13.69,54,274,80.29,5,3,10.9,9.6,4,2285,8.8,2087,0.893,0,0,0,0
1967_1968,2,8,St. Louis Blues,74,27,31,16,70,0.473,177,191,-0.41,-0.23,2.39,2.58,38,223,17.04,39,245,84.08,10,7,10.7,10.1,6,2223,8,2145,0.911,0,0,0,0
1967_1968,2,9,Minnesota North Stars,74,27,32,15,69,0.466,191,226,-0.66,-0.19,2.58,3.05,55,261,21.07,29,216,86.57,1,8,9.7,10.2,6,2115,9,2297,0.902,0,0,0,0
1967_1968,2,10,Pittsburgh Penguins,74,27,34,13,67,0.453,195,216,-0.5,-0.21,2.64,2.92,37,273,13.55,30,195,84.62,2,11,7.4,10,7,2277,8.6,2274,0.905,0,0,0,0
1967_1968,2,11,Detroit Red Wings,74,27,35,12,66,0.446,245,257,0.1,0.27,3.31,3.47,43,224,19.2,53,270,80.37,4,5,10.2,8.7,1,2456,10,2245,0.886,0,0,0,0
1967_1968,2,12,Oakland Seals,74,15,42,17,47,0.318,153,219,-1.03,-0.14,2.07,2.96,41,259,15.83,45,259,82.63,6,6,10.5,10.6,5,1847,8.3,2311,0.905,0,0,0,0
1968_1969,2,1,Montreal Canadiens,76,46,19,11,103,0.678,271,202,0.91,0,3.57,2.66,43,243,17.7,40,233,82.83,2,4,10.2,10.2,9,2728,9.9,2251,0.91,0,0,0,0
1968_1969,2,2,Boston Bruins,76,42,18,16,100,0.658,303,221,1.06,-0.02,3.99,2.91,60,266,22.56,56,351,84.05,13,4,17,13.7,5,2592,11.7,2367,0.907,0,0,0,0
1968_1969,2,3,New York Rangers,76,41,26,9,91,0.599,231,196,0.5,0.04,3.04,2.58,56,275,20.36,35,223,84.3,4,9,10.6,12.2,7,2846,8.1,2189,0.91,0,0,0,0
1968_1969,2,5,Toronto Maple Leafs,76,35,26,15,85,0.559,234,217,0.29,0.06,3.08,2.86,45,278,16.19,46,294,84.35,11,5,12.6,12.1,5,2472,9.5,2459,0.912,0,0,0,0
1968_1969,2,6,Detroit Red Wings,76,33,31,12,78,0.513,239,221,0.3,0.06,3.14,2.91,40,230,17.39,61,298,79.53,7,4,11.6,9.6,4,2493,9.6,2336,0.905,0,0,0,0
1968_1969,2,8,Oakland Seals,76,29,36,11,69,0.454,219,251,-0.47,-0.05,2.88,3.3,44,286,15.38,42,226,81.42,3,5,10.6,14.2,4,2250,9.7,2401,0.895,0,0,0,0
1968_1969,2,9,Philadelphia Flyers,76,20,35,21,61,0.401,174,225,-0.69,-0.02,2.29,2.96,40,263,15.21,44,286,84.62,6,8,12.6,12.1,2,2183,8,2743,0.918,0,0,0,0
1968_1969,2,10,Los Angeles Kings,76,24,42,10,58,0.382,185,260,-0.98,0.01,2.43,3.42,31,241,12.86,53,254,79.13,3,7,9.1,9.1,4,2424,7.6,2405,0.892,0,0,0,0
1968_1969,2,11,Minnesota North Stars,76,18,43,15,51,0.336,189,270,-1.05,0.02,2.49,3.55,47,246,19.11,41,249,83.53,3,8,11.3,9.3,1,2340,8.1,2587,0.896,0,0,0,0
1968_1969,2,12,Pittsburgh Penguins,76,20,45,11,51,0.336,189,252,-0.84,-0.01,2.49,3.32,51,303,16.83,38,231,83.55,8,9,8.9,12.4,2,2232,8.5,2602,0.903,0,0,0,0
1969_1970,2,1,Boston Bruins,76,40,17,19,99,0.651,277,216,0.81,0.01,3.64,2.84,81,279,29.03,80,360,77.78,12,4,15.7,13.2,7,2873,9.6,2488,0.913,0,0,0,0
1969_1970,2,2,Chicago Black Hawks,76,45,22,9,99,0.651,250,170,1.04,-0.01,3.29,2.24,54,270,20,32,247,87.04,7,7,11.7,12.6,15,2450,10.2,2425,0.93,0,0,0,0
1969_1970,2,3,Detroit Red Wings,76,40,21,15,95,0.625,246,199,0.65,0.03,3.24,2.62,57,267,21.35,57,300,81,8,3,11.8,11.6,2,2566,9.6,2398,0.917,0,0,0,0
1969_1970,2,5,New York Rangers,76,38,22,16,92,0.605,246,189,0.77,0.02,3.24,2.49,51,295,17.29,40,269,85.13,7,7,11.1,11.8,7,2734,9,2134,0.911,0,0,0,0
1969_1970,2,6,St. Louis Blues,76,37,27,12,86,0.566,224,179,0.45,-0.15,2.95,2.36,72,287,25.09,41,265,84.53,5,9,11.3,11.5,10,2389,9.4,2179,0.918,0,0,0,0
1969_1970,2,8,Pittsburgh Penguins,76,26,38,12,64,0.421,182,238,-0.76,-0.02,2.39,3.13,53,315,16.83,66,282,76.6,2,5,13.6,14.4,5,2389,7.6,2237,0.894,0,0,0,0
1969_1970,2,10,Oakland Seals,76,22,40,14,58,0.382,169,243,-0.97,0,2.22,3.2,45,324,13.89,48,258,81.4,4,11,11,13.2,2,2125,8,2670,0.909,0,0,0,0
1969_1970,2,12,Los Angeles Kings,76,14,52,10,38,0.25,168,290,-1.54,0.06,2.21,3.82,39,275,14.18,67,297,77.44,6,11,12.7,13.1,3,2305,7.3,2645,0.89,0,0,0,0
1970_1971,3,1,Boston Bruins,78,57,14,7,121,0.776,399,207,2.29,-0.18,5.12,2.65,81,289,28.03,52,336,84.52,26,4,14.7,14.2,7,3166,12.6,2438,0.915,0,0,0,0
1970_1971,3,3,Chicago Black Hawks,78,49,20,9,107,0.686,277,184,1.11,-0.09,3.55,2.36,60,291,20.62,47,293,83.96,5,6,16.2,15.8,6,2418,11.5,2245,0.918,0,0,0,0
1970_1971,3,5,St. Louis Blues,78,34,25,19,87,0.558,223,208,0.18,-0.01,2.86,2.67,56,312,17.95,49,285,82.81,9,8,13.7,13.6,6,2411,9.2,2260,0.908,0,0,0,0
1970_1971,3,7,Philadelphia Flyers,78,28,33,17,73,0.468,207,225,-0.22,0.02,2.65,2.88,42,272,15.44,49,305,83.93,3,8,13.5,12.6,4,2424,8.5,2480,0.909,0,0,0,0
1970_1971,3,8,Minnesota North Stars,78,28,34,16,72,0.462,191,223,-0.38,0.03,2.45,2.86,38,259,14.67,55,268,79.48,6,4,11.5,10.6,5,2409,7.9,2495,0.911,0,0,0,0
1970_1971,3,10,Los Angeles Kings,78,25,40,13,63,0.404,239,303,-0.76,0.06,3.06,3.88,41,267,15.36,54,227,76.21,6,10,9.8,11.4,1,2474,9.7,2683,0.887,0,0,0,0
1970_1971,3,12,Vancouver Canucks,78,24,46,8,56,0.359,229,296,-0.8,0.06,2.94,3.79,52,317,16.4,81,309,73.79,5,12,17.4,17.4,0,2231,10.3,2708,0.891,0,0,0,0
1970_1971,3,13,Detroit Red Wings,78,22,45,11,55,0.353,209,308,-1.18,0.09,2.68,3.95,48,245,19.59,66,284,76.76,5,9,12.4,11.4,1,2461,8.5,2510,0.877,0,0,0,0
1971_1972,3,1,Boston Bruins,78,54,13,11,119,0.763,330,204,1.5,-0.12,4.23,2.62,73,256,28.52,51,290,82.41,17,2,14.2,11.8,4,2630,12.5,2271,0.91,0,0,0,0
1971_1972,3,3,Montreal Canadiens,78,46,16,16,108,0.692,307,205,1.21,-0.09,3.94,2.63,71,266,26.69,41,245,83.27,14,4,9.9,10.6,8,2623,11.7,2504,0.918,0,0,0,0
1971_1972,3,4,Chicago Black Hawks,78,46,17,15,107,0.686,256,166,1.07,-0.08,3.28,2.13,43,255,16.86,34,240,85.83,7,10,10.7,11.1,14,2289,11.2,2118,0.922,0,0,0,0
1971_1972,3,5,Minnesota North Stars,78,37,29,12,86,0.551,212,191,0.25,-0.02,2.72,2.45,53,262,20.23,49,277,82.31,4,6,10.8,11.3,5,2415,8.8,2516,0.924,0,0,0,0
1971_1972,3,7,Detroit Red Wings,78,33,35,10,76,0.487,261,262,-0.01,0,3.35,3.36,59,280,21.07,45,261,82.76,6,9,10.8,11.5,4,2416,10.8,2362,0.889,0,0,0,0
1971_1972,3,8,St. Louis Blues,78,28,39,11,67,0.429,208,247,-0.46,0.04,2.67,3.17,38,270,14.07,65,280,76.79,13,11,14.6,12.9,2,2552,8.2,2351,0.895,0,0,0,0
1971_1972,3,10,Pittsburgh Penguins,78,26,38,14,66,0.423,220,258,-0.45,0.04,2.82,3.31,46,286,16.08,56,246,77.24,5,7,12.4,13.2,1,2441,9,2295,0.888,0,0,0,0
1971_1972,3,12,Buffalo Sabres,78,16,43,19,51,0.327,203,289,-1.02,0.08,2.6,3.71,57,308,18.51,56,281,80.07,1,7,10.5,12.2,2,2121,9.6,2797,0.897,0,0,0,0
1971_1972,3,13,Los Angeles Kings,78,20,49,9,49,0.314,206,305,-1.18,0.09,2.64,3.91,38,272,13.97,50,210,76.19,4,7,9.1,10.6,2,2174,9.5,2731,0.888,0,0,0,0
1971_1972,3,14,Vancouver Canucks,78,20,50,8,48,0.308,203,297,-1.12,0.09,2.6,3.81,48,261,18.39,72,310,76.77,4,9,13.9,11.9,1,2297,8.8,2453,0.879,0,0,0,0
1972_1973_NHL,3,1,Montreal Canadiens,78,52,10,16,120,0.769,329,184,1.73,-0.13,4.22,2.36,52,239,21.76,37,235,84.26,9,4,9.9,9.5,7,2497,13.2,2334,0.921,0,0,0,0
1972_1973_NHL,3,2,Boston Bruins,78,51,22,5,107,0.686,330,235,1.14,-0.08,4.23,3.01,67,241,27.8,43,275,84.36,15,5,14,11.6,9,2677,12.3,2259,0.896,0,0,0,0
1972_1973_NHL,3,3,New York Rangers,78,47,23,8,102,0.654,297,208,1.07,-0.08,3.81,2.67,54,238,22.69,39,250,84.4,5,5,9.7,10.5,7,2699,11,2117,0.902,0,0,0,0
1972_1973_NHL,3,5,Buffalo Sabres,78,37,27,14,88,0.564,257,219,0.46,-0.03,3.29,2.81,52,270,19.26,36,241,85.06,5,5,12,13.2,6,2486,10.3,2269,0.903,0,0,0,0
1972_1973_NHL,3,7,Minnesota North Stars,78,37,30,11,85,0.545,254,230,0.29,-0.02,3.26,2.95,37,237,15.61,59,265,77.74,1,7,11.3,11,7,2466,10.3,2488,0.908,0,0,0,0
1972_1973_NHL,3,8,Philadelphia Flyers,78,37,30,11,85,0.545,296,256,0.46,-0.05,3.79,3.28,74,257,28.79,69,360,80.83,10,4,22.4,17.7,3,2623,11.3,2683,0.905,0,0,0,0
1972_1973_NHL,3,13,Toronto Maple Leafs,78,27,41,10,64,0.41,247,279,-0.38,0.03,3.17,3.58,44,274,16.06,51,239,78.66,3,8,9.2,10.7,4,2582,9.6,2576,0.892,0,0,0,0
1972_1973_NHL,3,16,New York Islanders,78,12,60,6,30,0.192,170,347,-2.1,0.17,2.18,4.45,28,258,10.85,63,261,75.86,2,13,11.2,11.6,0,1952,8.7,2695,0.871,0,0,0,0
1972_1973_WHA,3,1,New England Whalers,78,46,30,2,94,0.603,0,0,0.63,-0.08,0,0,49,272,18.01,45,234,80.77,6,6,0,0,0,0,0,0,0,0,0,0,0
1972_1973_WHA,3,2,Winnipeg Jets,78,43,31,4,90,0.577,0,0,0.42,-0.04,0,0,57,292,19.52,43,230,81.3,7,5,0,0,0,0,0,0,0,0,0,0,0
1972_1973_WHA,3,3,Cleveland Crusaders,78,43,32,3,89,0.571,0,0,0.55,-0.06,0,0,51,272,18.75,59,338,82.54,11,5,0,0,0,0,0,0,0,0,0,0,0
1972_1973_WHA,3,4,Houston Aeros,78,39,35,4,82,0.526,0,0,0.18,-0.01,0,0,50,188,26.6,63,330,80.91,10,2,0,0,0,0,0,0,0,0,0,0,0
1972_1973_WHA,3,5,Los Angeles Sharks,78,37,35,6,80,0.513,0,0,0.11,-0.01,0,0,51,259,19.69,59,315,81.27,8,11,0,0,0,0,0,0,0,0,0,0,0
1972_1973_WHA,3,6,Alberta Oilers,78,38,37,3,79,0.506,0,0,0.16,0,0,0,48,248,19.35,56,252,77.78,13,7,0,0,0,0,0,0,0,0,0,0,0
1972_1973_WHA,3,7,Minnesota Fighting Saints,78,38,37,3,79,0.506,0,0,-0.23,0.01,0,0,54,300,18,48,269,82.16,6,12,0,0,0,0,0,0,0,0,0,0,0
1972_1973_WHA,3,8,Philadelphia Blazers,78,38,40,0,76,0.487,0,0,-0.19,0.03,0,0,71,293,24.23,60,295,79.66,10,10,0,0,0,0,0,0,0,0,0,0,0
1972_1973_WHA,3,9,Ottawa Nationals,78,35,39,4,74,0.474,0,0,-0.27,0.02,0,0,59,321,18.38,51,278,81.65,6,7,0,0,0,0,0,0,0,0,0,0,0
1972_1973_WHA,3,10,Quebec Nordiques,78,33,40,5,71,0.455,0,0,-0.44,0.04,0,0,68,317,21.45,58,289,79.93,10,15,0,0,0,0,0,0,0,0,0,0,0
1972_1973_WHA,3,11,New York Raiders,78,33,43,2,68,0.436,0,0,-0.35,0.05,0,0,60,305,19.67,63,268,76.49,10,12,0,0,0,0,0,0,0,0,0,0,0
1972_1973_WHA,3,12,Chicago Cougars,78,26,50,2,54,0.346,0,0,-0.59,0.06,0,0,45,248,18.15,57,253,77.47,6,11,0,0,0,0,0,0,0,0,0,0,0
1973_1974_NHL,3,1,Boston Bruins,78,52,17,9,113,0.724,349,221,1.55,-0.09,4.47,2.83,65,225,28.89,48,258,81.4,12,2,12.3,11.1,9,2649,13.2,2286,0.903,0,0,0,0
1973_1974_NHL,3,2,Philadelphia Flyers,78,50,16,12,112,0.718,273,164,1.3,-0.1,3.5,2.1,60,269,22.3,49,422,88.39,20,6,22.2,15.8,12,2643,10.3,2211,0.926,0,0,0,0
1973_1974_NHL,3,3,Chicago Black Hawks,78,41,14,23,105,0.673,272,164,1.28,-0.11,3.49,2.1,55,255,21.57,26,208,87.5,8,5,11.2,10.9,11,2135,12.7,2247,0.927,0,0,0,0
1973_1974_NHL,3,4,Montreal Canadiens,78,45,24,9,99,0.635,293,240,0.65,-0.03,3.76,3.08,51,254,20.08,51,217,76.5,12,7,9.6,10.6,1,2355,12.4,2322,0.897,0,0,0,0
1973_1974_NHL,3,5,New York Rangers,78,40,24,14,94,0.603,300,251,0.58,-0.05,3.85,3.22,66,222,29.73,45,239,81.17,9,2,10,9,5,2584,11.6,2239,0.888,0,0,0,0
1973_1974_NHL,3,6,Toronto Maple Leafs,78,35,27,16,86,0.551,274,230,0.54,-0.03,3.51,2.95,51,280,18.21,49,266,81.58,5,7,11.4,13.1,2,2712,10.1,2275,0.899,0,0,0,0
1973_1974_NHL,3,7,Los Angeles Kings,78,33,33,12,78,0.5,233,231,0.03,0,2.99,2.96,43,284,15.14,48,246,80.49,5,9,13.5,15.5,6,2261,10.3,2269,0.898,0,0,0,0
1973_1974_NHL,3,8,Buffalo Sabres,78,32,34,12,76,0.487,242,250,-0.11,-0.01,3.1,3.21,48,256,18.75,42,237,82.28,5,12,10.1,11.1,1,2435,9.9,2242,0.888,0,0,0,0
1973_1974_NHL,3,10,Detroit Red Wings,78,29,39,10,68,0.436,255,319,-0.75,0.07,3.27,4.09,59,274,21.53,49,238,79.41,8,13,11.7,12.1,2,2328,11,2510,0.873,0,0,0,0
1973_1974_NHL,3,11,Pittsburgh Penguins,78,28,41,9,65,0.417,242,273,-0.37,0.03,3.1,3.5,47,276,17.03,47,245,80.82,12,4,12.1,12.6,1,2461,9.8,2313,0.882,0,0,0,0
1973_1974_NHL,3,12,St. Louis Blues,78,26,40,12,64,0.41,206,248,-0.52,0.02,2.64,3.18,39,275,14.18,56,313,82.11,4,9,14.6,12.8,2,2254,9.1,2424,0.898,0,0,0,0
1973_1974_NHL,3,13,Minnesota North Stars,78,23,38,17,63,0.404,235,275,-0.49,0.03,3.01,3.53,37,207,17.87,51,254,79.92,5,6,10.5,9.5,2,2466,9.5,2610,0.895,0,0,0,0
1973_1974_NHL,3,14,Vancouver Canucks,78,24,43,11,59,0.378,224,296,-0.87,0.05,2.87,3.79,55,279,19.71,70,269,73.98,4,8,11.9,12.1,3,2202,10.2,2476,0.88,0,0,0,0
1973_1974_NHL,3,15,New York Islanders,78,19,41,18,56,0.359,182,247,-0.78,0.05,2.33,3.17,32,230,13.91,64,262,75.57,7,13,13.7,13.4,0,2026,9,2390,0.897,0,0,0,0
1973_1974_WHA,3,1,Houston Aeros,78,48,25,5,101,0.647,0,0,1.11,-0.16,0,0,64,223,28.7,47,288,83.68,17,3,0,0,0,0,0,0,0,0,0,0,0
1973_1974_WHA,3,2,Minnesota Fighting Saints,78,44,32,2,90,0.577,0,0,0.65,-0.08,0,0,61,262,23.28,53,265,80,20,11,0,0,0,0,0,0,0,0,0,0,0
1973_1974_WHA,3,3,New England Whalers,78,43,31,4,90,0.577,0,0,0.36,-0.04,0,0,47,228,20.61,36,197,81.73,3,7,0,0,0,0,0,0,0,0,0,0,0
1973_1974_WHA,3,4,Toronto Toros,78,41,33,4,86,0.551,0,0,0.39,-0.02,0,0,60,257,23.35,42,249,83.13,5,4,0,0,0,0,0,0,0,0,0,0,0
1973_1974_WHA,3,5,Cleveland Crusaders,78,37,32,9,83,0.532,0,0,0.05,0.03,0,0,56,245,22.86,59,237,75.11,6,12,0,0,0,0,0,0,0,0,0,0,0
1973_1974_WHA,3,6,Chicago Cougars,78,38,35,5,81,0.519,0,0,-0.02,0.01,0,0,51,245,20.82,45,289,84.43,7,8,0,0,0,0,0,0,0,0,0,0,0
1973_1974_WHA,3,7,Quebec Nordiques,78,38,36,4,80,0.513,0,0,0.33,-0.01,0,0,61,280,21.79,44,194,77.32,1,6,0,0,0,0,0,0,0,0,0,0,0
1973_1974_WHA,3,8,Edmonton Oilers,78,38,37,3,79,0.506,0,0,-0.05,-0.03,0,0,39,245,15.92,66,295,77.63,9,4,0,0,0,0,0,0,0,0,0,0,0
1973_1974_WHA,3,9,Winnipeg Jets,78,34,39,5,73,0.468,0,0,-0.39,0.02,0,0,39,240,16.25,45,207,78.26,8,15,0,0,0,0,0,0,0,0,0,0,0
1973_1974_WHA,3,10,New York Golden Blades/Jersey Knights,78,32,42,4,68,0.436,0,0,-0.5,0.08,0,0,52,213,24.41,55,241,77.18,7,4,0,0,0,0,0,0,0,0,0,0,0
1973_1974_WHA,3,11,Vancouver Blazers,78,27,50,1,55,0.353,0,0,-0.8,0.06,0,0,47,289,16.26,66,286,76.92,7,12,0,0,0,0,0,0,0,0,0,0,0
1973_1974_WHA,3,12,Los Angeles Sharks,78,25,53,0,50,0.321,0,0,-1.15,0.13,0,0,43,255,16.86,62,234,73.5,4,8,0,0,0,0,0,0,0,0,0,0,0
1974_1975_NHL,3,1,Philadelphia Flyers,80,51,18,11,113,0.706,293,181,1.32,-0.08,3.66,2.26,64,257,24.9,74,466,84.12,15,6,24.4,17,13,2696,10.9,2020,0.91,0,0,0,0
1974_1975_NHL,3,2,Buffalo Sabres,80,49,16,15,113,0.706,354,240,1.35,-0.08,4.43,3,83,303,27.39,56,326,82.82,17,5,15.1,14.1,7,2957,12,2086,0.885,0,0,0,0
1974_1975_NHL,3,3,Montreal Canadiens,80,47,14,19,113,0.706,374,225,1.72,-0.14,4.68,2.81,92,350,26.29,54,314,82.8,8,10,14.3,14.8,7,2553,14.6,2275,0.901,0,0,0,0
1974_1975_NHL,3,4,Los Angeles Kings,80,42,17,21,105,0.656,269,185,0.97,-0.08,3.36,2.31,52,288,18.06,48,327,85.32,10,7,14.7,13.5,9,2340,11.5,2383,0.922,0,0,0,0
1974_1975_NHL,3,7,New York Islanders,80,33,25,22,88,0.55,264,221,0.52,-0.01,3.3,2.76,51,273,18.68,55,340,83.82,11,7,13.9,12.6,6,2364,11.2,2344,0.906,0,0,0,0
1974_1975_NHL,3,8,New York Rangers,80,37,29,14,88,0.55,319,276,0.54,0.01,3.99,3.45,84,296,28.38,54,295,81.69,6,7,13,13.7,3,2714,11.8,2229,0.876,0,0,0,0
1974_1975_NHL,3,9,Vancouver Canucks,80,38,32,10,86,0.538,271,254,0.16,-0.05,3.39,3.18,70,337,20.77,59,300,80.33,5,5,11.9,13.3,8,2430,11.2,2322,0.891,0,0,0,0
1974_1975_NHL,3,10,St. Louis Blues,80,35,31,14,84,0.525,269,267,-0.01,-0.04,3.36,3.34,50,286,17.48,77,329,76.6,6,5,15.8,14.1,3,2495,10.8,2449,0.891,0,0,0,0
1974_1975_NHL,3,11,Atlanta Flames,80,34,31,15,83,0.519,243,233,0.16,0.03,3.04,2.91,56,283,19.79,56,270,79.26,4,9,11.3,11.2,8,2268,10.7,2548,0.909,0,0,0,0
1974_1975_NHL,3,13,Toronto Maple Leafs,80,31,33,16,78,0.488,280,309,-0.32,0.05,3.5,3.86,60,340,17.65,76,304,75,11,10,13.3,15.8,1,2739,10.2,2560,0.879,0,0,0,0
1974_1975_NHL,3,14,Detroit Red Wings,80,23,45,12,58,0.363,259,335,-0.89,0.06,3.24,4.19,76,355,21.41,69,339,79.65,15,14,13.3,14.7,2,2346,11,2488,0.865,0,0,0,0
1974_1975_NHL,3,15,Minnesota North Stars,80,23,50,7,53,0.331,221,341,-1.43,0.07,2.76,4.26,45,293,15.36,81,303,73.27,3,10,13.7,13.7,2,2200,10,2809,0.879,0,0,0,0
1974_1975_NHL,3,16,California Golden Seals,80,19,48,13,51,0.319,212,316,-1.18,0.12,2.65,3.95,48,359,13.37,67,267,74.91,5,13,13.6,16,3,2149,9.9,2703,0.883,0,0,0,0
1974_1975_NHL,3,17,Kansas City Scouts,80,15,54,11,41,0.256,184,328,-1.71,0.09,2.3,4.1,57,351,16.24,53,233,77.25,6,6,9.1,12.8,0,2223,8.3,2805,0.883,0,0,0,0
1974_1975_NHL,3,18,Washington Capitals,80,8,67,5,21,0.131,181,446,-3.09,0.22,2.26,5.58,48,372,12.9,94,328,71.34,8,18,13.4,14.6,1,1845,9.8,3064,0.854,0,0,0,0
1974_1975_WHA,3,1,Houston Aeros,78,53,25,0,106,0.679,0,0,1.45,-0.11,0,0,71,254,27.95,64,372,82.8,18,6,0,0,0,0,0,0,0,0,0,0,0
1974_1975_WHA,3,2,Quebec Nordiques,78,46,32,0,92,0.59,0,0,0.38,-0.03,0,0,61,284,21.48,51,237,78.48,11,12,0,0,0,0,0,0,0,0,0,0,0
1974_1975_WHA,3,3,New England Whalers,78,43,30,5,91,0.583,0,0,-0.06,0.01,0,0,39,225,17.33,29,215,86.51,6,5,0,0,0,0,0,0,0,0,0,0,0
1974_1975_WHA,3,4,San Diego Mariners,78,43,31,4,90,0.577,0,0,0.69,-0.05,0,0,60,218,27.52,53,275,80.73,11,8,0,0,0,0,0,0,0,0,0,0,0
1974_1975_WHA,3,5,Toronto Toros,78,43,33,2,88,0.564,0,0,0.54,-0.04,0,0,57,285,20,50,233,78.54,7,9,0,0,0,0,0,0,0,0,0,0,0
1974_1975_WHA,3,6,Minnesota Fighting Saints,78,42,33,3,87,0.558,0,0,0.35,-0.03,0,0,53,228,23.25,47,256,81.64,15,9,0,0,0,0,0,0,0,0,0,0,0
1974_1975_WHA,3,7,Phoenix Roadrunners,78,39,31,8,86,0.551,0,0,0.42,-0.03,0,0,50,304,16.45,76,315,75.87,7,6,0,0,0,0,0,0,0,0,0,0,0
1974_1975_WHA,3,8,Winnipeg Jets,78,38,35,5,81,0.519,0,0,0.35,-0.03,0,0,74,362,20.44,37,221,83.26,11,16,0,0,0,0,0,0,0,0,0,0,0
1974_1975_WHA,3,9,Edmonton Oilers,78,36,38,4,76,0.487,0,0,0,0,0,0,40,262,15.27,52,236,77.97,10,4,0,0,0,0,0,0,0,0,0,0,0
1974_1975_WHA,3,10,Vancouver Blazers,78,37,39,2,76,0.487,0,0,-0.17,0.01,0,0,59,271,21.77,62,267,76.78,8,7,0,0,0,0,0,0,0,0,0,0,0
1974_1975_WHA,3,11,Cleveland Crusaders,78,35,40,3,73,0.468,0,0,-0.26,0.02,0,0,38,226,16.81,61,275,77.82,4,6,0,0,0,0,0,0,0,0,0,0,0
1974_1975_WHA,3,12,Chicago Cougars,78,30,47,1,61,0.391,0,0,-0.61,0.05,0,0,46,237,19.41,58,282,79.43,6,11,0,0,0,0,0,0,0,0,0,0,0
1974_1975_WHA,3,13,Michigan Stags/Baltimore Blades,78,21,53,4,46,0.295,0,0,-1.62,0.13,0,0,52,279,18.64,50,278,82.01,4,12,0,0,0,0,0,0,0,0,0,0,0
1974_1975_WHA,3,14,Indianapolis Racers,78,18,57,3,39,0.25,0,0,-1.45,0.11,0,0,45,290,15.52,55,256,78.52,4,14,0,0,0,0,0,0,0,0,0,0,0
1975_1976_NHL,3,1,Montreal Canadiens,80,58,11,11,127,0.794,337,174,1.91,-0.13,4.21,2.18,75,282,26.6,44,290,84.83,7,0,12,12.6,10,2733,12.3,2190,0.921,0,0,0,0
1975_1976_NHL,3,2,Philadelphia Flyers,80,51,13,16,118,0.738,348,209,1.62,-0.12,4.35,2.61,83,290,28.62,84,480,82.5,13,4,24.6,17.6,1,2997,11.6,2222,0.906,0,0,0,0
1975_1976_NHL,3,3,Boston Bruins,80,48,15,17,113,0.706,313,237,0.93,-0.02,3.91,2.96,77,289,26.64,56,345,83.77,9,6,14.8,12.7,6,2646,11.8,2111,0.888,0,0,0,0
1975_1976_NHL,3,4,Buffalo Sabres,80,46,21,13,105,0.656,339,240,1.19,-0.05,4.24,3,73,287,25.44,50,304,83.55,6,8,11.7,11.5,3,2717,12.5,2100,0.886,0,0,0,0
1975_1976_NHL,3,5,New York Islanders,80,42,21,17,101,0.631,297,190,1.26,-0.08,3.71,2.38,92,290,31.72,55,377,85.41,11,4,15.9,15.3,10,2435,12.2,2286,0.917,0,0,0,0
1975_1976_NHL,3,6,Los Angeles Kings,80,38,33,9,85,0.531,263,265,-0.01,0.02,3.29,3.31,61,334,18.26,55,298,81.54,8,12,12.5,14.2,5,2319,11.3,2302,0.885,0,0,0,0
1975_1976_NHL,3,7,Toronto Maple Leafs,80,34,31,15,83,0.519,294,276,0.27,0.04,3.68,3.45,67,348,19.25,77,321,76.01,11,9,17,18.1,2,2694,10.9,2517,0.89,0,0,0,0
1975_1976_NHL,3,8,Chicago Black Hawks,80,32,30,18,82,0.513,254,261,-0.15,-0.06,3.18,3.26,72,341,21.11,53,305,82.62,9,8,11.6,12.5,4,2351,10.8,2493,0.895,0,0,0,0
1975_1976_NHL,3,9,Atlanta Flames,80,35,33,12,82,0.513,262,237,0.31,0,3.28,2.96,56,292,19.18,43,277,84.48,7,5,11.4,11.3,3,2442,10.7,2347,0.899,0,0,0,0
1975_1976_NHL,3,10,Pittsburgh Penguins,80,35,33,12,82,0.513,339,303,0.43,-0.02,4.24,3.79,75,307,24.43,68,292,76.71,8,13,12.3,13.3,2,2694,12.6,2561,0.882,0,0,0,0
1975_1976_NHL,3,11,Vancouver Canucks,80,33,32,15,81,0.506,271,272,-0.08,-0.07,3.39,3.4,69,345,20,71,291,75.6,6,9,13.9,14.7,3,2378,11.4,2415,0.887,0,0,0,0
1975_1976_NHL,3,12,St. Louis Blues,80,29,37,14,72,0.45,249,290,-0.54,-0.03,3.11,3.63,55,298,18.46,98,376,73.94,21,3,15.7,12.3,1,2355,10.6,2476,0.883,0,0,0,0
1975_1976_NHL,3,13,New York Rangers,80,29,42,9,67,0.419,262,333,-0.8,0.08,3.28,4.16,67,323,20.74,68,277,75.45,3,11,11.2,12.8,3,2640,9.9,2575,0.871,0,0,0,0
1975_1976_NHL,3,14,California Golden Seals,80,27,42,11,65,0.406,250,278,-0.26,0.09,3.13,3.48,71,382,18.59,52,262,80.15,9,10,13,16.6,3,2297,10.9,2441,0.886,0,0,0,0
1975_1976_NHL,3,15,Detroit Red Wings,80,26,44,10,62,0.388,226,300,-0.85,0.08,2.83,3.75,47,307,15.31,86,422,79.62,9,6,23.9,18.9,6,2272,9.9,2529,0.881,0,0,0,0
1975_1976_NHL,3,16,Minnesota North Stars,80,20,53,7,47,0.294,195,303,-1.32,0.03,2.44,3.79,49,331,14.8,82,309,73.46,2,15,14.7,15.6,3,1954,10,2655,0.886,0,0,0,0
1975_1976_NHL,3,17,Kansas City Scouts,80,12,56,12,36,0.225,190,351,-1.94,0.07,2.38,4.39,46,352,13.07,80,295,72.88,2,17,12.1,14.2,0,2192,8.7,2894,0.879,0,0,0,0
1975_1976_NHL,3,18,Washington Capitals,80,11,59,10,32,0.2,224,394,-1.96,0.16,2.8,4.93,53,375,14.13,64,252,74.6,2,3,11.8,16.1,0,1953,11.5,2955,0.867,0,0,0,0
1975_1976_WHA,3,1,Houston Aeros,80,53,27,0,106,0.663,0,0,0.89,-0.09,0,0,77,254,30.31,43,301,85.71,13,10,0,0,0,0,0,0,0,0,0,0,0
1975_1976_WHA,3,2,Winnipeg Jets,81,52,27,2,106,0.654,0,0,0.99,-0.13,0,0,68,394,17.26,45,251,82.07,10,8,0,0,0,0,0,0,0,0,0,0,0
1975_1976_WHA,3,3,Quebec Nordiques,81,50,27,4,104,0.642,0,0,0.59,-0.09,0,0,77,249,30.92,69,305,77.38,5,10,0,0,0,0,0,0,0,0,0,0,0
1975_1976_WHA,3,4,Calgary Cowboys,80,41,35,4,86,0.538,0,0,0.3,-0.02,0,0,59,271,21.77,70,297,76.43,15,13,0,0,0,0,0,0,0,0,0,0,0
1975_1976_WHA,3,5,Phoenix Roadrunners,80,39,35,6,84,0.525,0,0,0.19,0,0,0,57,276,20.65,89,330,73.03,8,3,0,0,0,0,0,0,0,0,0,0,0
1975_1976_WHA,3,6,San Diego Mariners,80,36,38,6,78,0.488,0,0,0.21,0.04,0,0,66,287,23,42,220,80.91,6,10,0,0,0,0,0,0,0,0,0,0,0
1975_1976_WHA,3,7,Indianapolis Racers,80,35,39,6,76,0.475,0,0,-0.11,-0.09,0,0,59,254,23.23,52,252,79.37,6,9,0,0,0,0,0,0,0,0,0,0,0
1975_1976_WHA,3,8,Cleveland Crusaders,80,35,40,5,75,0.469,0,0,-0.15,-0.08,0,0,69,292,23.63,49,294,83.33,11,14,0,0,0,0,0,0,0,0,0,0,0
1975_1976_WHA,3,9,New England Whalers,80,33,40,7,73,0.456,0,0,-0.46,-0.03,0,0,46,259,17.76,56,271,79.34,15,4,0,0,0,0,0,0,0,0,0,0,0
1975_1976_WHA,3,10,Cincinnati Stingers,80,35,44,1,71,0.444,0,0,-0.69,-0.01,0,0,54,317,17.03,83,321,74.14,8,8,0,0,0,0,0,0,0,0,0,0,0
1975_1976_WHA,3,11,Minnesota Fighting Saints,59,30,25,4,64,0.542,0,0,0.03,0.04,0,0,40,185,21.62,58,245,76.33,5,9,0,0,0,0,0,0,0,0,0,0,0
1975_1976_WHA,3,12,Edmonton Oilers,81,27,49,5,59,0.364,0,0,-0.74,0.21,0,0,53,293,18.09,58,273,78.75,8,10,0,0,0,0,0,0,0,0,0,0,0
1975_1976_WHA,3,13,Toronto Toros,81,24,52,5,53,0.327,0,0,-0.6,0.18,0,0,54,279,19.35,59,251,76.49,9,7,0,0,0,0,0,0,0,0,0,0,0
1975_1976_WHA,3,14,Denver Spurs/Ottawa Civics,41,14,26,1,29,0.354,0,0,-0.81,0.12,0,0,25,149,16.78,31,148,79.05,2,6,0,0,0,0,0,0,0,0,0,0,0
1976_1977_NHL,3,1,Montreal Canadiens,80,60,8,12,132,0.825,387,171,2.54,-0.16,4.84,2.14,59,237,24.89,28,231,87.88,5,3,9.4,9.8,14,2815,13.7,2050,0.917,0,0,0,0
1976_1977_NHL,3,2,Philadelphia Flyers,80,48,16,16,112,0.7,323,213,1.27,-0.1,4.04,2.66,52,236,22.03,57,326,82.52,11,3,19.3,16.2,8,2525,12.8,2147,0.901,0,0,0,0
1976_1977_NHL,3,3,Boston Bruins,80,49,23,8,106,0.663,312,240,0.87,-0.03,3.9,3,46,217,21.2,41,272,84.93,7,10,13.1,11.4,4,2404,13,2026,0.882,0,0,0,0
1976_1977_NHL,3,4,New York Islanders,80,47,21,12,106,0.663,288,193,1.12,-0.07,3.6,2.41,56,240,23.33,47,278,83.09,16,3,12.6,12,6,2361,12.2,2276,0.915,0,0,0,0
1976_1977_NHL,3,6,Los Angeles Kings,80,34,31,15,83,0.519,271,241,0.38,0,3.39,3.01,68,253,26.88,52,284,81.69,6,5,14.7,13.8,8,2447,11.1,2280,0.894,0,0,0,0
1976_1977_NHL,3,7,Pittsburgh Penguins,80,34,33,13,81,0.506,240,252,-0.11,0.04,3,3.15,46,263,17.49,47,209,77.51,5,6,8.2,9.9,6,2352,10.2,2592,0.903,0,0,0,0
1976_1977_NHL,3,8,Toronto Maple Leafs,80,33,32,15,81,0.506,301,285,0.23,0.03,3.76,3.56,63,281,22.42,59,284,79.23,13,6,14.9,14.5,5,2537,11.9,2746,0.896,0,0,0,0
1976_1977_NHL,3,9,Atlanta Flames,80,34,34,12,80,0.5,264,265,-0.01,0,3.3,3.31,42,214,19.63,50,248,79.84,12,6,10.9,10.3,4,2499,10.6,2219,0.881,0,0,0,0
1976_1977_NHL,3,10,St. Louis Blues,80,32,39,9,73,0.456,239,276,-0.5,-0.04,2.99,3.45,47,249,18.88,47,259,81.85,4,6,10.8,10.9,2,2402,10,2192,0.874,0,0,0,0
1976_1977_NHL,3,11,New York Rangers,80,29,37,14,72,0.45,272,310,-0.43,0.04,3.4,3.88,60,290,20.69,55,268,79.48,6,16,14.3,12.7,2,2773,9.8,2544,0.878,0,0,0,0
1976_1977_NHL,3,12,Minnesota North Stars,80,23,39,18,64,0.4,240,310,-0.88,-0.01,3,3.88,59,339,17.4,57,211,72.99,9,11,9.6,14,2,2231,10.8,2549,0.878,0,0,0,0
1976_1977_NHL,3,13,Cleveland Barons,80,25,42,13,63,0.394,240,292,-0.55,0.1,3,3.65,59,298,19.8,52,237,78.06,2,12,12.4,13.5,5,2309,10.4,2543,0.885,0,0,0,0
1976_1977_NHL,3,14,Chicago Black Hawks,80,26,43,11,63,0.394,240,298,-0.74,-0.02,3,3.73,59,267,22.1,62,282,78.01,3,9,13.6,12.9,2,2260,10.6,2792,0.893,0,0,0,0
1976_1977_NHL,3,15,Vancouver Canucks,80,25,42,13,63,0.394,235,294,-0.75,-0.02,2.94,3.68,50,263,19.01,58,258,77.52,7,7,13.2,13.6,1,2216,10.6,2480,0.881,0,0,0,0
1976_1977_NHL,3,16,Washington Capitals,80,24,42,14,62,0.388,221,307,-0.97,0.1,2.76,3.84,39,293,13.31,62,285,78.25,10,14,15.2,16.4,2,2085,10.6,2584,0.881,0,0,0,0
1976_1977_NHL,3,17,Colorado Rockies,80,20,46,14,54,0.338,226,307,-1.01,0,2.83,3.84,44,274,16.06,61,247,75.3,9,7,12.1,13.1,0,2284,9.9,2818,0.891,0,0,0,0
1976_1977_NHL,3,18,Detroit Red Wings,80,16,55,9,41,0.256,183,309,-1.44,0.14,2.29,3.86,37,294,12.59,73,317,76.97,10,10,16.5,15.9,3,2198,8.3,2325,0.867,0,0,0,0
1976_1977_WHA,3,1,Houston Aeros,80,50,24,6,106,0.663,0,0,0.83,-0.16,0,0,64,227,28.19,61,361,83.1,11,4,0,0,0,0,0,0,0,0,0,0,0
1976_1977_WHA,3,2,Quebec Nordiques,81,47,31,3,97,0.599,0,0,0.67,-0.05,0,0,70,258,27.13,66,316,79.11,16,6,0,0,0,0,0,0,0,0,0,0,0
1976_1977_WHA,3,3,Winnipeg Jets,80,46,32,2,94,0.588,0,0,0.78,-0.16,0,0,90,370,24.32,49,231,78.79,9,11,0,0,0,0,0,0,0,0,0,0,0
1976_1977_WHA,3,4,San Diego Mariners,81,40,37,4,84,0.519,0,0,-0.04,-0.06,0,0,69,257,26.85,43,204,78.92,11,6,0,0,0,0,0,0,0,0,0,0,0
1976_1977_WHA,3,5,Cincinnati Stingers,81,39,37,5,83,0.512,0,0,0.59,-0.04,0,0,54,283,19.08,58,259,77.61,6,7,0,0,0,0,0,0,0,0,0,0,0
1976_1977_WHA,3,6,Indianapolis Racers,81,36,37,8,80,0.494,0,0,-0.28,0.08,0,0,57,259,22.01,62,251,75.3,7,2,0,0,0,0,0,0,0,0,0,0,0
1976_1977_WHA,3,7,New England Whalers,81,35,40,6,76,0.469,0,0,-0.13,0.06,0,0,47,245,19.18,65,281,76.87,8,10,0,0,0,0,0,0,0,0,0,0,0
1976_1977_WHA,3,8,Edmonton Oilers,81,34,43,4,72,0.444,0,0,-0.67,0.08,0,0,50,242,20.66,58,278,79.14,1,11,0,0,0,0,0,0,0,0,0,0,0
1976_1977_WHA,3,9,Calgary Cowboys,81,31,43,7,69,0.426,0,0,-0.49,0.06,0,0,38,258,14.73,47,228,79.39,8,10,0,0,0,0,0,0,0,0,0,0,0
1976_1977_WHA,3,10,Birmingham Bulls,81,31,46,4,66,0.407,0,0,-0.19,0.06,0,0,50,261,19.16,54,231,76.62,6,7,0,0,0,0,0,0,0,0,0,0,0
1976_1977_WHA,3,11,Phoenix Roadrunners,80,28,48,4,60,0.375,0,0,-1.15,0.12,0,0,47,246,19.11,62,243,74.49,5,10,0,0,0,0,0,0,0,0,0,0,0
1976_1977_WHA,3,12,Minnesota Fighting Saints,42,19,18,5,43,0.512,0,0,0.16,-0.01,0,0,22,107,20.56,33,130,74.62,3,7,0,0,0,0,0,0,0,0,0,0,0
1977_1978_NHL,3,3,New York Islanders,80,48,17,15,111,0.694,334,210,1.47,-0.08,4.18,2.63,71,227,31.28,45,272,83.46,7,6,11.7,10.7,6,2490,13.4,2256,0.907,0,0,0,0
1977_1978_NHL,3,4,Buffalo Sabres,80,44,19,17,105,0.656,288,215,0.9,-0.01,3.6,2.69,52,234,22.22,31,218,85.78,7,3,9.9,9.6,5,2479,11.6,2229,0.904,0,0,0,0
1977_1978_NHL,3,5,Philadelphia Flyers,80,45,20,15,105,0.656,296,200,1.12,-0.08,3.7,2.5,51,219,23.29,66,340,80.59,18,6,20.8,17.3,10,2635,11.2,2040,0.902,0,0,0,0
1977_1978_NHL,3,6,Toronto Maple Leafs,80,41,29,10,92,0.575,271,237,0.43,0.01,3.39,2.96,57,261,21.84,54,295,81.69,5,7,15.7,15.3,6,2374,11.4,2430,0.902,0,0,0,0
1977_1978_NHL,3,7,Atlanta Flames,80,34,27,19,87,0.544,274,252,0.28,0,3.43,3.15,43,195,22.05,51,264,80.68,4,4,12.1,10.8,3,2338,11.7,2133,0.882,0,0,0,0
1977_1978_NHL,3,8,Chicago Black Hawks,80,32,29,19,83,0.519,230,220,0.05,-0.07,2.88,2.75,43,205,20.98,46,295,84.41,4,3,16.2,14.8,7,2337,9.8,2468,0.911,0,0,0,0
1977_1978_NHL,3,11,New York Rangers,80,30,37,13,73,0.456,279,280,0.02,0.04,3.49,3.5,78,279,27.96,48,244,80.33,10,6,13.1,14.4,5,2251,12.4,2510,0.888,0,0,0,0
1977_1978_NHL,3,12,Pittsburgh Penguins,80,25,37,18,68,0.425,254,321,-0.77,0.07,3.18,4.01,53,261,20.31,61,251,75.7,5,7,16.1,14.8,0,2306,11,2789,0.885,0,0,0,0
1977_1978_NHL,3,13,Colorado Rockies,80,19,40,21,59,0.369,257,305,-0.62,-0.02,3.21,3.81,63,279,22.58,53,237,77.64,5,7,10.1,12.2,1,2403,10.7,2531,0.879,0,0,0,0
1977_1978_NHL,3,14,Cleveland Barons,80,22,45,13,57,0.356,230,325,-1.06,0.13,2.88,4.06,41,275,14.91,61,235,74.04,3,8,12.5,13.8,1,2139,10.8,2624,0.876,0,0,0,0
1977_1978_NHL,3,16,St. Louis Blues,80,20,47,13,53,0.331,195,304,-1.33,0.03,2.44,3.8,44,264,16.67,52,194,73.2,2,3,10.5,11.8,1,2227,8.8,2380,0.872,0,0,0,0
1977_1978_NHL,3,17,Washington Capitals,80,17,49,14,48,0.3,195,321,-1.45,0.12,2.44,4.01,34,278,12.23,73,260,71.92,2,15,16.5,17.2,1,1996,9.8,2500,0.872,0,0,0,0
1977_1978_NHL,3,18,Minnesota North Stars,80,18,53,9,45,0.281,218,325,-1.31,0.03,2.73,4.06,49,328,14.94,61,218,72.02,3,11,13.5,16.9,3,2305,9.5,2520,0.871,0,0,0,0
1977_1978_WHA,3,1,Winnipeg Jets,80,50,28,2,102,0.638,0,0,1.22,-0.16,0,0,78,330,23.64,44,233,81.12,16,10,0,0,0,0,0,0,0,0,0,0,0
1977_1978_WHA,3,2,New England Whalers,80,44,31,5,93,0.581,0,0,0.73,-0.1,0,0,62,239,25.94,65,315,79.37,9,4,0,0,0,0,0,0,0,0,0,0,0
1977_1978_WHA,3,3,Houston Aeros,80,42,34,4,88,0.55,0,0,-0.07,0.01,0,0,56,270,20.74,77,366,78.96,6,8,0,0,0,0,0,0,0,0,0,0,0
1977_1978_WHA,3,4,Quebec Nordiques,80,40,37,3,83,0.519,0,0,0.03,0.01,0,0,79,277,28.52,60,269,77.7,11,10,0,0,0,0,0,0,0,0,0,0,0
1977_1978_WHA,3,5,Edmonton Oilers,80,38,39,3,79,0.494,0,0,0.04,0.01,0,0,62,283,21.91,60,292,79.45,11,8,0,0,0,0,0,0,0,0,0,0,0
1977_1978_WHA,3,6,Birmingham Bulls,80,36,41,3,75,0.469,0,0,-0.29,0.04,0,0,60,286,20.98,84,355,76.34,8,13,0,0,0,0,0,0,0,0,0,0,0
1977_1978_WHA,3,7,Cincinnati Stingers,80,35,42,3,73,0.456,0,0,-0.38,0.05,0,0,62,295,21.02,76,256,70.31,7,10,0,0,0,0,0,0,0,0,0,0,0
1977_1978_WHA,3,8,Indianapolis Racers,80,24,51,5,53,0.331,0,0,-0.95,0.13,0,0,56,317,17.67,51,241,78.84,6,13,0,0,0,0,0,0,0,0,0,0,0
1977_1978_WHA,3,9,Soviet All-Stars,8,3,4,1,7,0.438,0,0,-1.08,0.04,0,0,0,0,0,0,0,0,0,0,0,0,0,0,0,0,0,0,0,0,0
1977_1978_WHA,3,10,Czechoslovakia,8,1,6,1,3,0.188,0,0,-2.33,0.04,0,0,0,0,0,0,0,0,0,0,0,0,0,0,0,0,0,0,0,0,0
1978_1979_NHL,3,1,New York Islanders,80,51,15,14,116,0.725,358,214,1.76,-0.04,4.48,2.68,81,260,31.15,57,287,80.14,7,4,13.3,13.5,3,2301,15.6,2309,0.907,0,0,0,0
1978_1979_NHL,3,2,Montreal Canadiens,80,52,17,11,115,0.719,337,204,1.53,-0.13,4.21,2.55,68,240,28.33,35,213,83.57,7,7,10,10.4,8,2568,13.1,2033,0.9,0,0,0,0
1978_1979_NHL,3,3,Boston Bruins,80,43,23,14,100,0.625,316,270,0.57,0,3.95,3.38,59,249,23.69,72,285,74.74,6,9,15,13.6,2,2245,14.1,1982,0.864,0,0,0,0
1978_1979_NHL,3,5,New York Rangers,80,40,29,11,91,0.569,316,292,0.4,0.1,3.95,3.65,74,306,24.18,78,311,74.92,9,12,15,14.8,1,2471,12.8,2220,0.868,0,0,0,0
1978_1979_NHL,3,6,Atlanta Flames,80,41,31,8,90,0.563,327,280,0.67,0.08,4.09,3.5,54,226,23.89,56,290,80.69,6,5,14.5,12.7,3,2262,14.5,2355,0.881,0,0,0,0
1978_1979_NHL,3,7,Buffalo Sabres,80,36,28,16,88,0.55,280,263,0.22,0,3.5,3.29,55,267,20.6,55,258,78.68,9,4,12.6,12.8,2,2401,11.7,2396,0.89,0,0,0,0
1978_1979_NHL,3,8,Pittsburgh Penguins,80,36,31,13,85,0.531,281,279,0.05,0.02,3.51,3.49,56,261,21.46,57,250,77.2,7,4,12.8,13.2,2,2585,10.9,2470,0.887,0,0,0,0
1978_1979_NHL,3,9,Toronto Maple Leafs,80,34,33,13,81,0.506,267,252,0.2,0.02,3.34,3.15,60,236,25.42,70,330,78.79,5,7,17.9,14.9,5,2443,10.9,2518,0.9,0,0,0,0
1978_1979_NHL,3,10,Los Angeles Kings,80,34,34,12,80,0.5,292,286,0.09,0.02,3.65,3.58,76,318,23.9,55,245,77.55,6,8,14,16.4,4,2420,12.1,2355,0.879,0,0,0,0
1978_1979_NHL,3,11,Chicago Black Hawks,80,29,36,15,73,0.456,244,277,-0.54,-0.13,3.05,3.46,41,247,16.6,70,297,76.43,8,4,15.5,15,4,2247,10.9,2735,0.899,0,0,0,0
1978_1979_NHL,3,12,Minnesota North Stars,80,28,40,12,68,0.425,257,289,-0.4,0,3.21,3.61,63,289,21.8,48,232,79.31,4,9,13.5,15,2,2448,10.5,2284,0.873,0,0,0,0
1978_1979_NHL,3,13,Vancouver Canucks,80,25,42,13,63,0.394,217,291,-1.05,-0.12,2.71,3.64,56,295,18.98,48,248,80.65,1,9,14,15.3,5,2168,10,2465,0.882,0,0,0,0
1978_1979_NHL,3,14,Washington Capitals,80,24,41,15,63,0.394,273,338,-0.72,0.1,3.41,4.23,57,302,18.87,83,279,70.25,5,12,16,17.2,0,2278,12,2528,0.866,0,0,0,0
1978_1979_NHL,3,15,Detroit Red Wings,80,23,41,16,62,0.388,252,295,-0.47,0.07,3.15,3.69,78,327,23.85,63,279,77.42,10,9,16.7,17.5,1,2271,11.1,2261,0.87,0,0,0,0
1978_1979_NHL,3,16,St. Louis Blues,80,18,50,12,48,0.3,249,348,-1.29,-0.05,3.11,4.35,48,281,17.08,63,244,74.18,3,8,13.1,13.4,1,2131,11.7,2530,0.862,0,0,0,0
1978_1979_NHL,3,17,Colorado Rockies,80,15,53,12,42,0.263,210,331,-1.56,-0.05,2.63,4.14,60,267,22.47,62,211,70.62,8,4,10.1,11,1,2187,9.6,2477,0.866,0,0,0,0
1978_1979_WHA,3,1,Edmonton Oilers,80,48,30,2,98,0.613,0,0,0.77,-0.15,0,0,70,276,25.36,62,288,78.47,9,6,0,0,0,0,0,0,0,0,0,0,0
1978_1979_WHA,3,2,Quebec Nordiques,80,41,34,5,87,0.544,0,0,0.25,0.04,0,0,67,272,24.63,63,329,80.85,6,9,0,0,0,0,0,0,0,0,0,0,0
1978_1979_WHA,3,3,Winnipeg Jets,80,39,35,6,84,0.525,0,0,-0.04,-0.05,0,0,67,265,25.28,57,274,79.2,5,7,0,0,0,0,0,0,0,0,0,0,0
1978_1979_WHA,3,4,New England Whalers,80,37,34,9,83,0.519,0,0,0.13,0,0,0,53,259,20.46,63,262,75.95,15,6,0,0,0,0,0,0,0,0,0,0,0
1978_1979_WHA,3,5,Cincinnati Stingers,80,33,41,6,72,0.45,0,0,-0.09,0.04,0,0,81,341,23.75,64,278,76.98,6,5,0,0,0,0,0,0,0,0,0,0,0
1978_1979_WHA,3,6,Birmingham Bulls,80,32,42,6,70,0.438,0,0,-0.24,0.07,0,0,51,259,19.69,69,277,75.09,5,7,0,0,0,0,0,0,0,0,0,0,0
1978_1979_WHA,3,7,Indianapolis Racers,25,5,18,2,12,0.24,0,0,-1.98,0.1,0,0,16,0,0,27,0,0,0,7,0,0,0,0,0,0,0,0,0,0,0
1978_1979_WHA,3,8,Soviet All-Stars,6,4,1,1,9,0.75,0,0,1.3,0.13,0,0,0,0,0,0,0,0,0,0,0,0,0,0,0,0,0,0,0,0,0
1978_1979_WHA,3,9,Czechoslovakia,6,1,4,1,3,0.25,0,0,-3.04,0.13,0,0,0,0,0,0,0,0,0,0,0,0,0,0,0,0,0,0,0,0,0
1978_1979_WHA,3,10,Finland,1,0,1,0,0,0,0,0,-3.23,0.77,0,0,0,0,0,0,0,0,0,0,0,0,0,0,0,0,0,0,0,0,0
1979_1980,3,1,Philadelphia Flyers,80,48,12,20,116,0.725,327,254,0.87,-0.04,4.09,3.18,44,270,16.3,79,381,79.27,15,7,22.6,19.5,1,2705,12.1,2216,0.885,0,0,0,0
1979_1980,3,3,Montreal Canadiens,80,47,20,13,107,0.669,328,240,1.05,-0.05,4.1,3,77,264,29.17,46,247,81.38,2,6,10.8,10.4,3,2531,13,2215,0.892,0,0,0,0
1979_1980,3,5,New York Islanders,80,39,28,13,91,0.569,281,247,0.41,-0.02,3.51,3.09,62,265,23.4,71,317,77.6,7,4,16.3,15.8,5,2217,12.7,2396,0.897,0,0,0,0
1979_1980,3,7,Chicago Black Hawks,80,34,27,19,87,0.544,241,250,-0.11,0.01,3.01,3.13,64,269,23.79,56,293,80.89,6,9,16.4,15.4,6,2418,10,2490,0.9,0,0,0,0
1979_1980,3,8,New York Rangers,80,38,32,10,86,0.538,308,284,0.29,-0.01,3.85,3.55,78,304,25.66,54,304,82.24,8,7,16.7,15.2,3,2383,12.9,2295,0.876,0,0,0,0
1979_1980,3,9,Atlanta Flames,80,35,32,13,83,0.519,282,269,0.16,-0.01,3.53,3.36,51,216,23.61,52,272,80.88,6,7,12.9,11.7,4,2252,12.5,2444,0.89,0,0,0,0
1979_1980,3,10,St. Louis Blues,80,34,34,12,80,0.5,266,278,-0.14,0.01,3.33,3.48,53,289,18.34,40,263,84.79,5,4,12.8,13.2,2,2169,12.3,2447,0.886,0,0,0,0
1979_1980,3,11,Toronto Maple Leafs,80,35,40,5,75,0.469,304,327,-0.27,0.01,3.8,4.09,68,275,24.73,68,325,79.08,2,5,14.3,13.6,2,2594,11.7,2662,0.877,0,0,0,0
1979_1980,3,13,Hartford Whalers,80,27,34,19,73,0.456,303,312,-0.11,0.01,3.79,3.9,42,216,19.44,64,249,74.3,7,1,10.8,9.3,2,2194,13.8,2367,0.868,0,0,0,0
1979_1980,3,15,Vancouver Canucks,80,27,37,16,70,0.438,256,281,-0.3,0.02,3.2,3.51,53,312,16.99,69,282,75.53,2,12,22.2,22,1,2327,11,2337,0.88,0,0,0,0
1979_1980,3,18,Detroit Red Wings,80,26,43,11,63,0.394,268,306,-0.45,0.02,3.35,3.83,61,276,22.1,64,270,76.3,6,2,13.7,14,5,2389,11.2,2277,0.866,0,0,0,0
1979_1980,3,19,Quebec Nordiques,80,25,44,11,61,0.381,248,313,-0.77,0.04,3.1,3.91,63,300,21,71,267,73.41,4,9,13,14.4,3,2184,11.4,2604,0.88,0,0,0,0
1979_1980,3,20,Winnipeg Jets,80,20,49,11,51,0.319,214,314,-1.19,0.06,2.68,3.93,63,336,18.75,63,275,77.09,4,10,15.4,16.6,2,2265,9.4,2535,0.876,0,0,0,0
1979_1980,3,21,Colorado Rockies,80,19,48,13,51,0.319,234,308,-0.88,0.04,2.93,3.85,53,304,17.43,52,233,77.68,6,3,12.6,13.8,1,2351,10,2290,0.866,0,0,0,0
1980_1981,4,2,St. Louis Blues,80,45,18,17,107,0.669,352,281,0.85,-0.04,4.4,3.51,85,359,23.68,61,338,81.95,16,12,20.3,20.5,1,2431,14.5,2540,0.889,0,0,0,0
1980_1981,4,3,Montreal Canadiens,80,45,22,13,103,0.644,332,232,1.19,-0.06,4.15,2.9,72,299,24.08,51,279,81.72,8,8,17.1,17.2,6,2709,12.3,2115,0.89,0,0,0,0
1980_1981,4,4,Buffalo Sabres,80,39,20,21,99,0.619,327,250,0.92,-0.05,4.09,3.13,73,310,23.55,44,268,83.58,9,10,14.7,15.8,5,2480,13.2,2235,0.888,0,0,0,0
1980_1981,4,5,Los Angeles Kings,80,43,24,13,99,0.619,337,290,0.56,-0.03,4.21,3.63,90,366,24.59,81,356,77.25,12,7,19.9,21,2,2228,15.1,2454,0.882,0,0,0,0
1980_1981,4,6,Philadelphia Flyers,80,41,24,15,97,0.606,313,249,0.76,-0.04,3.91,3.11,75,278,26.98,85,432,80.32,10,4,32.3,27.4,4,2647,11.8,2319,0.893,0,0,0,0
1980_1981,4,7,Calgary Flames,80,39,27,14,92,0.575,329,298,0.37,-0.02,4.11,3.73,82,301,27.24,70,364,80.77,8,12,17.9,16.6,2,2170,15.2,2653,0.888,0,0,0,0
1980_1981,4,8,Minnesota North Stars,80,35,28,17,87,0.544,291,263,0.33,-0.02,3.64,3.29,88,408,21.57,64,304,78.95,7,13,19.8,23.2,2,2578,11.3,2390,0.89,0,0,0,0
1980_1981,4,9,Boston Bruins,80,37,30,13,87,0.544,316,272,0.52,-0.03,3.95,3.4,87,342,25.44,83,358,76.82,14,8,22.7,21.3,1,2320,13.6,1987,0.863,0,0,0,0
1980_1981,4,10,Chicago Black Hawks,80,31,33,16,78,0.488,304,315,-0.13,0.01,3.8,3.94,67,302,22.19,91,364,75,8,10,20.4,18.7,0,2565,11.9,2707,0.884,0,0,0,0
1980_1981,4,11,Quebec Nordiques,80,30,32,18,78,0.488,314,318,-0.05,0,3.93,3.98,81,339,23.89,79,335,76.42,7,10,18.7,18.6,2,2290,13.7,2425,0.869,0,0,0,0
1980_1981,4,13,Edmonton Oilers,80,29,35,16,74,0.463,328,327,0.01,0,4.1,4.09,77,347,22.19,85,348,75.57,13,7,19.1,18.5,0,2387,13.7,2361,0.861,0,0,0,0
1980_1981,4,14,New York Rangers,80,30,36,14,74,0.463,312,317,-0.06,0,3.9,3.96,63,351,17.95,83,392,78.83,14,12,24.3,21.8,2,2459,12.7,2222,0.857,0,0,0,0
1980_1981,4,16,Toronto Maple Leafs,80,28,37,15,71,0.444,322,367,-0.54,0.03,4.03,4.59,85,339,25.07,93,408,77.21,9,4,22.4,20.7,0,2745,11.7,2684,0.863,0,0,0,0
1980_1981,4,17,Washington Capitals,80,26,36,18,70,0.438,286,317,-0.37,0.02,3.58,3.96,74,394,18.78,83,318,73.9,8,14,22.9,25.5,4,2345,12.2,2529,0.875,0,0,0,0
1980_1981,4,19,Colorado Rockies,80,22,45,13,57,0.356,258,344,-1.02,0.05,3.23,4.3,76,373,20.38,70,286,75.52,5,8,17.1,19.9,0,2367,10.9,2344,0.853,0,0,0,0
1980_1981,4,20,Detroit Red Wings,80,19,43,18,56,0.35,252,339,-1.04,0.05,3.15,4.24,60,316,18.99,82,317,74.13,7,12,20.8,22.3,0,2468,10.2,2396,0.859,0,0,0,0
1981_1982,4,2,Edmonton Oilers,80,48,17,15,111,0.694,417,295,1.33,-0.19,5.21,3.69,87,341,25.51,68,371,81.67,12,8,18.2,17.2,0,2690,15.5,2538,0.884,0,0,0,0
1981_1982,4,3,Montreal Canadiens,80,46,17,17,109,0.681,360,223,1.68,-0.04,4.5,2.79,72,297,24.24,57,286,80.07,9,5,18.2,18.7,6,2702,13.3,2198,0.899,0,0,0,0
1981_1982,4,4,Boston Bruins,80,43,27,10,96,0.6,323,285,0.55,0.08,4.04,3.56,65,289,22.49,54,291,81.44,11,7,15.8,15.3,2,2417,13.4,2056,0.861,0,0,0,0
1981_1982,4,5,Minnesota North Stars,80,37,23,20,94,0.588,346,288,0.53,-0.19,4.33,3.6,89,362,24.59,49,271,81.92,11,9,16.8,19.8,1,2641,13.1,2633,0.891,0,0,0,0
1981_1982,4,9,Quebec Nordiques,80,33,31,16,82,0.513,356,345,0.25,0.11,4.45,4.31,84,314,26.75,72,331,78.25,17,9,21.8,20.3,1,2305,15.4,2368,0.854,0,0,0,0
1981_1982,4,10,Winnipeg Jets,80,33,33,14,80,0.5,319,332,-0.28,-0.12,3.99,4.15,74,328,22.56,61,249,75.5,4,11,16.3,18.5,3,2634,12.1,2596,0.872,0,0,0,0
1981_1982,4,11,Vancouver Canucks,80,30,33,17,77,0.481,290,286,-0.01,-0.06,3.63,3.58,64,337,18.99,68,315,78.41,8,10,22.8,23.6,4,2458,11.8,2422,0.882,0,0,0,0
1981_1982,4,12,Calgary Flames,80,29,34,17,75,0.469,334,345,-0.18,-0.04,4.18,4.31,78,290,26.9,72,328,78.05,8,9,16.4,15.9,2,2354,14.2,2672,0.871,0,0,0,0
1981_1982,4,13,Pittsburgh Penguins,80,31,36,13,75,0.469,310,337,-0.21,0.13,3.88,4.21,99,404,24.5,92,399,76.94,8,14,27.5,29.7,1,2550,12.2,2497,0.865,0,0,0,0
1981_1982,4,14,Chicago Black Hawks,80,30,38,12,72,0.45,332,363,-0.49,-0.1,4.15,4.54,79,315,25.08,94,383,75.46,13,12,22,19.8,2,2566,12.9,2658,0.863,0,0,0,0
1981_1982,4,15,St. Louis Blues,80,32,40,8,72,0.45,315,349,-0.52,-0.1,3.94,4.36,77,344,22.38,84,357,76.47,10,13,19.7,19.6,2,2463,12.8,2578,0.865,0,0,0,0
1981_1982,4,16,Washington Capitals,80,26,41,13,65,0.406,319,338,-0.12,0.12,3.99,4.23,93,418,22.25,66,309,78.64,8,11,24,26.2,1,2518,12.7,2663,0.873,0,0,0,0
1981_1982,4,17,Los Angeles Kings,80,24,41,15,63,0.394,314,369,-0.68,0.01,3.93,4.61,75,355,21.13,89,310,71.29,7,11,21.5,23.1,2,2561,12.3,2447,0.849,0,0,0,0
1981_1982,4,18,Hartford Whalers,80,21,41,18,60,0.375,264,351,-0.87,0.22,3.3,4.39,68,292,23.29,78,283,72.44,6,8,18.6,19,0,2488,10.6,2725,0.871,0,0,0,0
1981_1982,4,19,Toronto Maple Leafs,80,20,44,16,56,0.35,298,380,-1.08,-0.05,3.73,4.75,59,292,20.21,98,363,73,10,6,23.5,22.1,1,2328,12.8,2777,0.863,0,0,0,0
1981_1982,4,21,Colorado Rockies,80,18,49,13,49,0.306,241,362,-1.43,0.08,3.01,4.53,46,305,15.08,63,268,76.49,4,15,14,14.9,0,2107,11.4,2707,0.866,0,0,0,0
1982_1983,4,2,Philadelphia Flyers,80,49,23,8,106,0.663,326,240,0.96,-0.12,4.08,3,60,278,21.58,61,339,82.01,15,7,16.6,15.4,7,2756,11.8,2112,0.886,0,0,0,0
1982_1983,4,3,Edmonton Oilers,80,47,21,12,106,0.663,424,315,1.26,-0.1,5.3,3.94,86,294,29.25,89,396,77.53,22,6,21.9,18.1,1,2665,15.9,2594,0.879,0,0,0,0
1982_1983,4,5,Montreal Canadiens,80,42,24,14,98,0.613,350,286,0.78,-0.02,4.38,3.58,64,288,22.22,68,260,73.85,8,8,13.8,13.1,1,2630,13.3,2327,0.877,0,0,0,0
1982_1983,4,7,Minnesota North Stars,80,40,24,16,96,0.6,321,290,0.31,-0.08,4.01,3.63,91,345,26.38,67,347,80.69,17,20,18.8,19.5,2,2571,12.5,2529,0.885,0,0,0,0
1982_1983,4,8,Washington Capitals,80,39,25,16,94,0.588,306,283,0.23,-0.05,3.83,3.54,75,358,20.95,53,288,81.6,3,11,16.4,18.4,2,2447,12.5,2296,0.877,0,0,0,0
1982_1983,4,9,Buffalo Sabres,80,38,29,13,89,0.556,318,285,0.43,0.02,3.98,3.56,67,311,21.54,48,274,82.48,12,9,12.5,14.1,1,2406,13.2,2117,0.865,0,0,0,0
1982_1983,4,10,New York Rangers,80,35,35,10,80,0.5,306,287,0.19,-0.05,3.83,3.59,72,317,22.71,76,312,75.64,12,8,13.6,13.1,2,2282,13.4,2384,0.88,0,0,0,0
1982_1983,4,11,Quebec Nordiques,80,34,34,12,80,0.5,343,336,0.14,0.05,4.29,4.2,61,294,20.75,92,348,73.56,6,6,20.5,18.3,1,2313,14.8,2603,0.871,0,0,0,0
1982_1983,4,12,Calgary Flames,80,32,34,14,78,0.488,321,317,0.07,0.02,4.01,3.96,65,273,23.81,59,258,77.13,7,6,14.2,15.3,1,2287,14,2647,0.88,0,0,0,0
1982_1983,4,13,Vancouver Canucks,80,30,35,15,75,0.469,303,309,-0.04,0.03,3.79,3.86,90,333,27.03,57,292,80.48,5,12,20.5,20.6,1,2411,12.6,2464,0.875,0,0,0,0
1982_1983,4,15,Toronto Maple Leafs,80,28,40,12,68,0.425,293,330,-0.46,0,3.66,4.13,80,355,22.54,83,332,75,13,9,18.3,18.7,0,2271,12.9,2545,0.87,0,0,0,0
1982_1983,4,16,Los Angeles Kings,80,27,41,12,66,0.413,308,365,-0.62,0.09,3.85,4.56,81,340,23.82,92,296,68.92,10,14,16.9,20.2,2,2676,11.5,2447,0.851,0,0,0,0
1982_1983,4,17,St. Louis Blues,80,25,40,15,65,0.406,285,316,-0.4,-0.01,3.56,3.95,68,317,21.45,63,336,81.25,9,11,15.9,15,2,2503,11.4,2494,0.873,0,0,0,0
1982_1983,4,18,Detroit Red Wings,80,21,44,15,57,0.356,263,344,-0.96,0.05,3.29,4.3,37,268,13.81,80,292,72.6,7,9,13.2,12.7,2,2371,11.1,2316,0.851,0,0,0,0
1982_1983,4,19,New Jersey Devils,80,17,49,14,48,0.3,230,338,-1.27,0.08,2.88,4.23,65,301,21.59,78,294,73.47,7,10,15.7,16.8,0,2055,11.2,2565,0.868,0,0,0,0
1982_1983,4,21,Pittsburgh Penguins,80,18,53,9,45,0.281,257,394,-1.61,0.11,3.21,4.93,81,358,22.63,109,396,72.47,3,15,23.1,21.9,1,2418,10.6,2615,0.849,0,0,0,0
1983_1984,4,1,Edmonton Oilers,80,57,18,5,119,0.744,446,314,1.51,-0.15,5.58,3.93,81,318,25.47,77,386,80.05,36,13,19.5,16.7,2,2611,17.1,2641,0.881,0,0,0,0
1983_1984,4,3,New York Islanders,80,50,26,4,104,0.65,357,269,1,-0.1,4.46,3.36,63,280,22.5,66,360,81.67,18,9,14.4,13.5,2,2422,14.7,2671,0.899,0,0,0,0
1983_1984,4,4,Buffalo Sabres,80,48,25,7,103,0.644,315,257,0.82,0.09,3.94,3.21,71,329,21.58,50,277,81.95,11,14,14.8,16.6,2,2389,13.2,2147,0.88,0,0,0,0
1983_1984,4,5,Washington Capitals,80,48,27,5,101,0.631,308,226,0.93,-0.09,3.85,2.83,77,382,20.16,40,293,86.35,8,17,15.5,17.3,8,2534,12.2,1954,0.884,0,0,0,0
1983_1984,4,6,Philadelphia Flyers,80,44,26,10,98,0.613,350,290,0.68,-0.07,4.38,3.63,64,316,20.25,85,364,76.65,16,8,18.5,16.8,3,2940,11.9,2292,0.873,0,0,0,0
1983_1984,4,7,Quebec Nordiques,80,42,28,10,94,0.588,360,278,1.09,0.06,4.5,3.48,69,316,21.84,70,361,80.61,11,10,19.9,18,2,2286,15.7,2252,0.877,0,0,0,0
1983_1984,4,8,New York Rangers,80,42,29,9,93,0.581,314,304,0.1,-0.02,3.93,3.8,74,295,25.08,76,347,78.1,12,11,18.2,16,1,2551,12.3,2524,0.88,0,0,0,0
1983_1984,4,10,Calgary Flames,80,34,32,14,82,0.513,311,314,-0.03,0.01,3.89,3.93,64,297,21.55,63,315,80,14,10,17.3,17.3,0,2565,12.1,2629,0.881,0,0,0,0
1983_1984,4,11,Montreal Canadiens,80,35,40,5,75,0.469,286,295,0.06,0.17,3.58,3.69,59,294,20.07,56,276,79.71,13,7,16.9,17.2,3,2292,12.5,2056,0.857,0,0,0,0
1983_1984,4,12,Vancouver Canucks,80,32,39,9,73,0.456,306,328,-0.25,0.03,3.83,4.1,90,369,24.39,74,312,76.28,4,11,18.4,20.3,2,2494,12.3,2353,0.861,0,0,0,0
1983_1984,4,13,Winnipeg Jets,80,31,38,11,73,0.456,340,374,-0.38,0.04,4.25,4.68,81,374,21.66,86,341,74.78,13,18,19.6,20.1,0,2581,13.2,2615,0.857,0,0,0,0
1983_1984,4,14,St. Louis Blues,80,32,41,7,71,0.444,293,316,-0.41,-0.12,3.66,3.95,79,347,22.77,92,364,74.73,4,16,19.9,18.9,3,2426,12.1,2400,0.868,0,0,0,0
1983_1984,4,15,Detroit Red Wings,80,31,42,7,69,0.431,298,323,-0.43,-0.12,3.73,4.04,79,356,22.19,77,311,75.24,9,10,19.2,21.4,3,2328,12.8,2314,0.86,0,0,0,0
1983_1984,4,16,Chicago Black Hawks,80,30,42,8,68,0.425,277,311,-0.54,-0.11,3.46,3.89,67,332,20.18,74,342,78.36,8,7,16.9,17,3,2452,11.3,2528,0.877,0,0,0,0
1983_1984,4,17,Hartford Whalers,80,28,42,10,66,0.413,288,320,-0.21,0.19,3.6,4,80,329,24.32,68,301,77.41,5,14,14.6,15.4,2,2406,12,2491,0.872,0,0,0,0
1983_1984,4,18,Toronto Maple Leafs,80,26,45,9,61,0.381,303,387,-1.1,-0.05,3.79,4.84,83,383,21.67,102,382,73.3,10,7,20.9,21.2,0,2349,12.9,2832,0.863,0,0,0,0
1983_1984,4,19,Los Angeles Kings,80,23,44,13,59,0.369,309,376,-0.76,0.08,3.86,4.7,75,360,20.83,82,294,72.11,10,17,15.7,16.8,1,2471,12.5,2535,0.852,0,0,0,0
1983_1984,4,20,New Jersey Devils,80,17,56,7,41,0.256,231,350,-1.38,0.11,2.89,4.38,52,363,14.33,83,336,75.3,5,13,16.7,17.3,2,2111,10.9,2560,0.863,0,0,0,0
1983_1984,4,21,Pittsburgh Penguins,80,16,58,6,38,0.238,254,390,-1.57,0.13,3.18,4.88,71,340,20.88,86,357,75.91,6,14,21.1,20.7,2,2267,11.2,2908,0.866,0,0,0,0
1984_1985,4,1,Philadelphia Flyers,80,53,20,7,113,0.706,348,241,1.22,-0.12,4.35,3.01,68,305,22.3,66,326,79.75,20,6,19.2,18.6,3,2695,12.9,2386,0.899,0,0,0,0
1984_1985,4,2,Edmonton Oilers,80,49,20,11,109,0.681,401,298,1.25,-0.04,5.01,3.73,74,293,25.26,76,353,78.47,25,5,19.5,16.7,3,2595,15.5,2628,0.887,0,0,0,0
1984_1985,4,3,Washington Capitals,80,46,25,9,101,0.631,322,240,0.93,-0.1,4.03,3,79,331,23.87,68,286,76.22,6,7,14,15.3,4,2554,12.6,2064,0.884,0,0,0,0
1984_1985,4,4,Winnipeg Jets,80,43,27,10,96,0.6,358,332,0.37,0.05,4.48,4.15,75,315,23.81,70,319,78.06,12,17,19.1,19.4,1,2547,14.1,2539,0.869,0,0,0,0
1984_1985,4,6,Montreal Canadiens,80,41,27,12,94,0.588,309,262,0.64,0.05,3.86,3.28,77,325,23.69,57,279,79.57,12,8,18.3,19.9,1,2416,12.8,1972,0.867,0,0,0,0
1984_1985,4,7,Quebec Nordiques,80,41,30,9,91,0.569,323,275,0.65,0.05,4.04,3.44,64,306,20.92,67,307,78.18,11,12,20.4,20.6,2,2436,13.3,2207,0.875,0,0,0,0
1984_1985,4,8,Buffalo Sabres,80,38,28,14,90,0.563,290,237,0.71,0.04,3.63,2.96,76,322,23.6,52,295,82.37,9,5,15,16.1,5,2309,12.6,1901,0.875,0,0,0,0
1984_1985,4,9,New York Islanders,80,40,34,6,86,0.538,345,312,0.37,-0.05,4.31,3.9,71,277,25.63,68,386,82.38,14,7,19,16.1,2,2415,14.3,2593,0.88,0,0,0,0
1984_1985,4,13,Boston Bruins,80,36,34,10,82,0.513,303,287,0.29,0.09,3.79,3.59,69,323,21.36,67,337,80.12,17,8,22.7,21.5,2,2400,12.6,2177,0.868,0,0,0,0
1984_1985,4,14,Hartford Whalers,80,30,41,9,69,0.431,268,318,-0.47,0.16,3.35,3.98,73,321,22.74,62,324,80.86,5,12,19.9,20.8,4,2197,12.2,2417,0.868,0,0,0,0
1984_1985,4,15,Detroit Red Wings,80,27,41,12,66,0.413,313,357,-0.66,-0.11,3.91,4.46,72,324,22.22,89,339,73.75,10,15,21.7,21.8,0,2274,13.8,2520,0.858,0,0,0,0
1984_1985,4,17,New York Rangers,80,26,44,10,62,0.388,295,345,-0.59,0.04,3.69,4.31,72,305,23.61,64,333,80.78,9,8,16.1,14.9,1,2384,12.4,2809,0.877,0,0,0,0
1984_1985,4,19,New Jersey Devils,80,22,48,10,54,0.338,264,346,-0.96,0.07,3.3,4.33,70,362,19.34,74,317,76.66,9,12,15.8,17,1,2375,11.1,2392,0.855,0,0,0,0
1984_1985,4,20,Pittsburgh Penguins,80,24,51,5,53,0.331,276,385,-1.27,0.1,3.45,4.81,62,363,17.08,73,311,76.53,7,22,18.5,19.7,2,2250,12.3,2963,0.87,0,0,0,0
1984_1985,4,21,Toronto Maple Leafs,80,20,52,8,48,0.3,253,358,-1.36,-0.04,3.16,4.48,69,352,19.6,83,324,74.38,16,12,20.2,20.7,1,2326,10.9,2630,0.864,0,0,0,0
1985_1986,4,1,Edmonton Oilers,80,56,17,7,119,0.744,426,310,1.25,-0.2,5.33,3.88,78,295,26.44,77,409,81.17,27,15,23.8,21.1,1,2645,16.1,2778,0.888,0,0,0,0
1985_1986,4,3,Washington Capitals,80,50,23,7,107,0.669,315,272,0.58,0.04,3.94,3.4,82,360,22.78,67,348,80.75,13,6,17.6,18.7,3,2424,13,2216,0.877,0,0,0,0
1985_1986,4,5,New York Islanders,80,39,29,12,90,0.563,327,284,0.58,0.04,4.09,3.55,73,332,21.99,77,369,79.13,4,9,16.7,15.6,2,2352,13.9,2659,0.893,0,0,0,0
1985_1986,4,6,Calgary Flames,80,40,31,9,89,0.556,354,315,0.37,-0.12,4.43,3.94,92,372,24.73,101,427,76.35,16,11,28.4,26.3,2,2765,12.8,2514,0.875,0,0,0,0
1985_1986,4,7,Montreal Canadiens,80,40,33,7,87,0.544,330,280,0.7,0.08,4.13,3.5,87,343,25.36,64,307,79.15,8,8,17,18.5,4,2354,14,2169,0.871,0,0,0,0
1985_1986,4,9,Chicago Black Hawks,80,39,33,8,86,0.538,351,349,-0.15,-0.17,4.39,4.36,85,332,25.6,85,388,78.09,15,10,19,17.5,1,2595,13.5,2791,0.875,0,0,0,0
1985_1986,4,10,Minnesota North Stars,80,38,33,9,85,0.531,327,305,0.08,-0.2,4.09,3.81,89,370,24.05,80,387,79.33,11,12,20.7,19.5,1,2561,12.8,2689,0.887,0,0,0,0
1985_1986,4,12,St. Louis Blues,80,37,34,9,83,0.519,302,291,-0.05,-0.18,3.78,3.64,78,362,21.55,74,324,77.16,9,14,18.3,19.2,2,2515,12,2580,0.887,0,0,0,0
1985_1986,4,13,Buffalo Sabres,80,37,37,6,80,0.5,296,291,0.19,0.13,3.7,3.64,72,351,20.51,66,342,80.7,12,14,19.9,20.3,4,2398,12.3,2391,0.878,0,0,0,0
1985_1986,4,16,New Jersey Devils,80,28,49,3,59,0.369,300,374,-0.76,0.16,3.75,4.68,70,355,19.72,103,400,74.25,5,5,17.6,16.5,1,2334,12.9,2490,0.85,0,0,0,0
1985_1986,4,17,Vancouver Canucks,80,23,44,13,59,0.369,282,333,-0.65,-0.01,3.53,4.16,89,419,21.24,71,328,78.35,11,17,22.4,25,2,2362,11.9,2415,0.862,0,0,0,0
1985_1986,4,18,Winnipeg Jets,80,26,47,7,59,0.369,295,372,-0.95,0.02,3.69,4.65,72,356,20.22,84,335,74.93,13,14,21.8,20.9,2,2547,11.6,2394,0.845,0,0,0,0
1986_1987,4,1,Edmonton Oilers,80,50,24,6,106,0.663,372,284,1.06,-0.04,4.65,3.55,70,318,22.01,74,372,80.11,28,8,21.2,19.5,0,2357,15.8,2366,0.88,0,0,0,0
1986_1987,4,3,Calgary Flames,80,46,31,3,95,0.594,318,289,0.39,0.03,3.98,3.61,80,318,25.16,75,368,79.62,7,14,25.2,24,3,2528,12.6,2426,0.881,0,0,0,0
1986_1987,4,5,Montreal Canadiens,80,41,29,10,92,0.575,277,241,0.45,0,3.46,3.01,67,321,20.87,51,304,83.22,6,6,22.1,21.3,2,2238,12.4,2170,0.889,0,0,0,0
1986_1987,4,6,Winnipeg Jets,80,40,32,8,88,0.55,279,271,0.15,0.05,3.49,3.39,52,300,17.33,53,324,83.64,8,9,19.1,18.5,2,2453,11.4,2200,0.877,0,0,0,0
1986_1987,4,8,Boston Bruins,80,39,34,7,85,0.531,301,276,0.32,0.01,3.76,3.45,66,334,19.76,60,325,81.54,13,5,23.2,24.2,3,2401,12.5,2367,0.883,0,0,0,0
1986_1987,4,9,New York Islanders,80,35,33,12,82,0.513,279,281,-0.03,-0.01,3.49,3.51,84,337,24.93,83,381,78.22,8,9,22.9,22.4,1,2481,11.2,2226,0.874,0,0,0,0
1986_1987,4,10,St. Louis Blues,80,32,33,15,79,0.494,281,293,-0.22,-0.07,3.51,3.66,79,324,24.38,58,303,80.86,6,12,19.6,20.3,0,2347,12,2364,0.876,0,0,0,0
1986_1987,4,11,Detroit Red Wings,80,34,36,10,78,0.488,260,274,-0.25,-0.07,3.25,3.43,69,336,20.54,73,357,79.55,9,7,27.5,26.9,2,2173,12,2304,0.881,0,0,0,0
1986_1987,4,12,New York Rangers,80,34,38,8,76,0.475,307,323,-0.19,0.01,3.84,4.04,75,375,20,72,379,81,12,15,21.3,21.3,0,2472,12.4,2557,0.874,0,0,0,0
1986_1987,4,14,Pittsburgh Penguins,80,30,38,12,72,0.45,297,290,0.07,-0.02,3.71,3.63,74,378,19.58,72,318,77.36,7,9,21,23.2,1,2426,12.2,2356,0.877,0,0,0,0
1986_1987,4,15,Quebec Nordiques,80,31,39,10,72,0.45,267,276,-0.07,0.05,3.34,3.45,76,354,21.47,52,311,83.28,8,12,21.6,22.7,1,2384,11.2,2326,0.881,0,0,0,0
1986_1987,4,17,Minnesota North Stars,80,30,40,10,70,0.438,296,314,-0.29,-0.07,3.7,3.93,83,355,23.38,92,376,75.53,9,18,23.9,22.8,1,2454,12.1,2604,0.879,0,0,0,0
1986_1987,4,18,Toronto Maple Leafs,80,32,42,6,70,0.438,286,319,-0.46,-0.05,3.58,3.99,52,303,17.16,71,323,78.02,17,10,22.7,21.9,2,2410,11.9,2595,0.877,0,0,0,0
1986_1987,4,19,Vancouver Canucks,80,29,43,8,66,0.413,282,314,-0.3,0.1,3.53,3.93,82,353,23.23,77,319,75.86,10,11,23.7,24.7,1,2378,11.9,2281,0.862,0,0,0,0
1986_1987,4,20,New Jersey Devils,80,29,45,6,64,0.4,293,368,-0.87,0.07,3.66,4.6,82,382,21.47,95,361,73.68,10,10,21.4,22.9,0,2357,12.4,2688,0.863,0,0,0,0
1986_1987,4,21,Buffalo Sabres,80,28,44,8,64,0.4,280,308,-0.28,0.07,3.5,3.85,68,364,18.68,86,355,75.77,5,9,22.4,23.4,2,2426,11.5,2324,0.867,0,0,0,0
1987_1988,4,1,Calgary Flames,80,48,23,9,105,0.656,397,305,1.1,-0.05,4.96,3.81,109,383,28.46,94,480,80.42,23,11,30.4,27.8,1,2666,14.9,2372,0.871,0,0,0,0
1987_1988,4,4,Boston Bruins,80,44,30,6,94,0.588,300,251,0.59,-0.03,3.75,3.14,74,446,16.59,70,425,83.53,14,10,30.5,32.2,5,2593,11.6,2175,0.885,0,0,0,0
1987_1988,4,5,Detroit Red Wings,80,41,28,11,93,0.581,322,269,0.44,-0.23,4.03,3.36,72,383,18.8,73,453,83.89,20,8,29.9,27.7,5,2253,14.3,2418,0.889,0,0,0,0
1987_1988,4,7,Buffalo Sabres,80,37,32,11,85,0.531,283,305,-0.22,0.06,3.54,3.81,80,464,17.24,96,439,78.13,8,13,28.5,30,2,2390,11.8,2577,0.882,0,0,0,0
1987_1988,4,8,Washington Capitals,80,38,33,9,85,0.531,281,249,0.44,0.04,3.51,3.11,94,469,20.04,75,394,80.96,8,15,21,24.5,6,2461,11.4,2225,0.888,0,0,0,0
1987_1988,4,9,Philadelphia Flyers,80,38,33,9,85,0.531,292,292,0.07,0.07,3.65,3.65,83,461,18,90,475,81.05,15,6,27.4,26.6,1,2479,11.8,2444,0.881,0,0,0,0
1987_1988,4,10,New Jersey Devils,80,38,36,6,82,0.513,295,296,0.06,0.07,3.69,3.7,98,479,20.46,101,467,78.37,18,12,29,28.5,2,2396,12.3,2240,0.868,0,0,0,0
1987_1988,4,11,New York Rangers,80,36,34,10,82,0.513,300,283,0.26,0.05,3.75,3.54,111,491,22.61,82,423,80.61,6,11,22.2,25,2,2540,11.8,2438,0.884,0,0,0,0
1987_1988,4,12,Pittsburgh Penguins,80,36,35,9,81,0.506,319,316,0.1,0.06,3.99,3.95,110,500,22,120,507,76.33,18,19,27.6,29.1,2,2504,12.7,2483,0.873,0,0,0,0
1987_1988,4,13,Hartford Whalers,80,35,38,7,77,0.481,249,267,-0.17,0.05,3.11,3.34,84,477,17.61,67,426,84.27,9,17,25.6,27.6,2,2519,9.9,2186,0.878,0,0,0,0
1987_1988,4,14,Winnipeg Jets,80,33,36,11,77,0.481,292,310,-0.15,0.08,3.65,3.88,110,432,25.46,94,444,78.83,11,17,28.5,28.9,2,2511,11.6,2387,0.87,0,0,0,0
1987_1988,4,15,St. Louis Blues,80,34,38,8,76,0.475,278,294,-0.35,-0.15,3.48,3.68,82,413,19.85,83,402,79.35,13,5,24,22.9,3,2285,12.2,2425,0.879,0,0,0,0
1987_1988,4,17,Chicago Blackhawks,80,30,41,9,69,0.431,284,328,-0.67,-0.12,3.55,4.1,98,426,23,96,484,80.17,18,13,27.9,25.6,0,2347,12.1,2854,0.885,0,0,0,0
1987_1988,4,18,Los Angeles Kings,80,30,42,8,68,0.425,318,359,-0.41,0.1,3.98,4.49,103,474,21.73,96,425,77.41,11,14,26.6,27.4,3,2460,12.9,2569,0.86,0,0,0,0
1987_1988,4,19,Vancouver Canucks,80,25,46,9,59,0.369,272,320,-0.49,0.11,3.4,4,81,435,18.62,83,404,79.46,10,18,27.5,27.8,1,2301,11.8,2437,0.869,0,0,0,0
1987_1988,4,21,Minnesota North Stars,80,19,48,13,51,0.319,242,349,-1.38,-0.05,3.03,4.36,81,450,18,108,436,75.23,10,16,29,27.5,1,2479,9.8,2675,0.87,0,0,0,0
1988_1989,4,2,Montreal Canadiens,80,53,18,9,115,0.719,315,218,1.16,-0.06,3.94,2.73,80,381,21,58,326,82.21,6,13,19.2,20.5,5,2468,12.8,2123,0.897,0,0,0,0
1988_1989,4,3,Washington Capitals,80,41,29,10,92,0.575,305,259,0.5,-0.07,3.81,3.24,96,443,21.67,73,362,79.83,7,13,23,27.4,6,2494,12.2,2202,0.882,0,0,0,0
1988_1989,4,4,Los Angeles Kings,80,42,31,7,91,0.569,376,335,0.58,0.07,4.7,4.19,82,395,20.76,80,407,80.34,22,13,27.7,24.9,1,2525,14.9,2696,0.876,0,0,0,0
1988_1989,4,5,Boston Bruins,80,37,29,14,88,0.55,289,256,0.43,0.02,3.61,3.2,85,429,19.81,67,374,82.09,10,4,24.1,25.6,1,2510,11.5,2140,0.88,0,0,0,0
1988_1989,4,6,Pittsburgh Penguins,80,40,33,7,87,0.544,347,349,-0.05,-0.02,4.34,4.36,119,491,24.24,111,482,76.97,21,16,33.4,33.8,0,2281,15.2,2856,0.878,0,0,0,0
1988_1989,4,7,Edmonton Oilers,80,38,34,8,84,0.525,325,306,0.33,0.1,4.06,3.83,83,419,19.81,78,452,82.74,27,17,24.1,23.9,2,2225,14.6,2431,0.874,0,0,0,0
1988_1989,4,8,Buffalo Sabres,80,38,35,7,83,0.519,291,299,-0.04,0.06,3.64,3.74,78,380,20.53,86,410,79.02,7,12,25.4,24.6,2,2232,13,2378,0.874,0,0,0,0
1988_1989,4,12,Hartford Whalers,80,37,38,5,79,0.494,299,290,0.16,0.04,3.74,3.63,87,418,20.81,70,377,81.43,3,18,20.9,23.1,5,2459,12.2,2330,0.876,0,0,0,0
1988_1989,4,13,St. Louis Blues,80,33,35,12,78,0.488,275,285,-0.25,-0.13,3.44,3.56,74,370,20,83,356,76.69,5,12,20.9,20.2,6,2327,11.8,2247,0.873,0,0,0,0
1988_1989,4,14,Vancouver Canucks,80,33,39,8,74,0.463,251,253,0.1,0.12,3.14,3.16,78,410,19.02,66,341,80.65,8,14,19.6,22.5,4,2443,10.3,2262,0.888,0,0,0,0
1988_1989,4,16,New Jersey Devils,80,27,41,12,66,0.413,281,325,-0.53,0.02,3.51,4.06,85,466,18.24,115,467,75.37,7,15,31.2,30.5,3,2496,11.3,2390,0.864,0,0,0,0
1988_1989,4,17,Chicago Blackhawks,80,27,41,12,66,0.413,297,335,-0.57,-0.1,3.71,4.19,91,434,20.97,122,481,74.64,25,16,31.3,29.2,0,2629,11.3,2513,0.867,0,0,0,0
1988_1989,4,18,Winnipeg Jets,80,26,42,12,64,0.4,300,355,-0.51,0.18,3.75,4.44,79,357,22.13,82,374,78.07,15,13,23,22.3,2,2380,12.6,2581,0.862,0,0,0,0
1988_1989,4,19,Toronto Maple Leafs,80,28,46,6,62,0.388,259,342,-1.08,-0.05,3.24,4.28,56,334,16.77,98,359,72.7,10,14,21.8,21.3,2,2165,12,2743,0.875,0,0,0,0
1988_1989,4,20,New York Islanders,80,28,47,5,61,0.381,265,325,-0.72,0.04,3.31,4.06,85,378,22.49,103,390,73.59,4,7,22.8,22.9,0,2428,10.9,2462,0.868,0,0,0,0
1989_1990,4,2,Calgary Flames,80,42,23,15,99,0.619,348,265,1,-0.04,4.35,3.31,99,357,27.73,76,366,79.23,11,6,21.9,20.3,2,2748,12.7,2027,0.869,0,0,0,0
1989_1990,4,3,Buffalo Sabres,80,45,27,8,98,0.613,286,248,0.42,-0.05,3.58,3.1,79,358,22.07,58,351,83.48,7,7,18.1,19,1,2416,11.8,2524,0.902,0,0,0,0
1989_1990,4,4,Montreal Canadiens,80,41,28,11,93,0.581,288,234,0.6,-0.07,3.6,2.93,54,340,15.88,57,295,80.68,4,7,19.9,20.7,4,2488,11.6,2300,0.898,0,0,0,0
1989_1990,4,6,Chicago Blackhawks,80,41,33,6,88,0.55,316,294,0.23,-0.05,3.95,3.68,80,349,22.92,75,379,80.21,11,9,30.3,29.9,2,2640,12,2188,0.866,0,0,0,0
1989_1990,4,7,Winnipeg Jets,80,37,32,11,85,0.531,298,290,0.15,0.05,3.73,3.63,65,347,18.73,57,333,82.88,14,7,20.5,20.3,2,2430,12.3,2378,0.878,0,0,0,0
1989_1990,4,8,Hartford Whalers,80,38,33,9,85,0.531,275,268,0.07,-0.02,3.44,3.35,80,398,20.1,74,401,81.55,12,10,26.3,27.4,4,2264,12.1,2131,0.874,0,0,0,0
1989_1990,4,9,New York Rangers,80,36,31,13,85,0.531,279,267,0.12,-0.03,3.49,3.34,103,442,23.3,77,362,78.73,7,8,25.3,29.4,1,2385,11.7,2403,0.889,0,0,0,0
1989_1990,4,10,New Jersey Devils,80,37,34,9,83,0.519,295,288,0.06,-0.03,3.69,3.6,64,337,18.99,67,340,80.29,10,12,20.7,20.3,0,2464,12,2457,0.883,0,0,0,0
1989_1990,4,11,St. Louis Blues,80,37,34,9,83,0.519,295,279,0.16,-0.04,3.69,3.49,79,351,22.51,67,351,80.91,9,12,22.6,22,2,2333,12.6,2360,0.882,0,0,0,0
1989_1990,4,14,Minnesota North Stars,80,36,40,4,76,0.475,284,291,-0.1,-0.02,3.55,3.64,81,386,20.98,74,397,81.36,14,16,25.5,25.6,3,2571,11,2426,0.88,0,0,0,0
1989_1990,4,16,New York Islanders,80,31,38,11,73,0.456,281,288,-0.1,-0.01,3.51,3.6,78,330,23.64,87,371,76.55,10,8,22.2,21.2,5,2359,11.9,2682,0.893,0,0,0,0
1989_1990,4,17,Pittsburgh Penguins,80,32,40,8,72,0.45,318,359,-0.49,0.02,3.98,4.49,86,403,21.34,94,372,74.73,7,21,26.7,26.5,1,2320,13.7,2684,0.866,0,0,0,0
1989_1990,4,19,Detroit Red Wings,80,28,38,14,70,0.438,288,323,-0.42,0.02,3.6,4.04,58,354,16.38,92,372,75.27,18,13,26.8,24.6,1,2262,12.7,2485,0.87,0,0,0,0
1989_1990,4,20,Vancouver Canucks,80,25,41,14,64,0.4,245,306,-0.64,0.13,3.06,3.83,64,374,17.11,86,342,74.85,8,8,20.6,23,0,2307,10.6,2427,0.874,0,0,0,0
1989_1990,4,21,Quebec Nordiques,80,12,61,7,31,0.194,240,407,-1.91,0.18,3,5.09,70,371,18.87,98,382,74.35,8,15,26.3,23.7,0,2301,10.4,2754,0.852,0,0,0,0
1990_1991,4,1,Chicago Blackhawks,80,49,23,8,106,0.663,284,211,0.85,-0.06,3.55,2.64,87,393,22.14,68,425,84,20,10,30.2,28.4,4,2564,11.1,2214,0.905,0,0,0,0
1990_1991,4,2,St. Louis Blues,80,47,22,11,105,0.656,310,250,0.7,-0.05,3.88,3.13,70,348,20.11,55,339,83.78,10,18,24.8,25.6,3,2550,12.2,2345,0.893,0,0,0,0
1990_1991,4,3,Los Angeles Kings,80,46,24,10,102,0.638,340,254,1.04,-0.04,4.25,3.18,80,391,20.46,63,370,82.97,8,18,27.9,31,4,2410,14.1,2412,0.895,0,0,0,0
1990_1991,4,4,Boston Bruins,80,44,24,12,100,0.625,299,264,0.32,-0.12,3.74,3.3,74,351,21.08,64,368,82.61,11,8,21.2,23.5,5,2512,11.9,2240,0.882,0,0,0,0
1990_1991,4,5,Calgary Flames,80,46,26,8,100,0.625,344,263,0.98,-0.03,4.3,3.29,91,384,23.7,77,420,81.67,17,8,27.5,26.2,1,2604,13.2,2200,0.88,0,0,0,0
1990_1991,4,6,Montreal Canadiens,80,39,30,11,89,0.556,273,249,0.2,-0.1,3.41,3.11,66,357,18.49,54,282,80.85,6,10,17.8,19.9,2,2385,11.4,2316,0.892,0,0,0,0
1990_1991,4,7,Pittsburgh Penguins,80,41,33,6,88,0.55,342,305,0.42,-0.04,4.28,3.81,89,388,22.94,73,351,79.2,12,12,20.5,21.5,1,2416,14.2,2723,0.888,0,0,0,0
1990_1991,4,9,Buffalo Sabres,80,31,30,19,81,0.506,292,278,0.08,-0.09,3.65,3.48,73,400,18.25,62,368,83.15,15,8,21.6,22.3,3,2410,12.1,2432,0.886,0,0,0,0
1990_1991,4,12,New Jersey Devils,80,32,33,15,79,0.494,272,264,0.09,-0.01,3.4,3.3,69,347,19.88,80,394,79.7,8,13,25.3,23.1,1,2495,10.9,2236,0.882,0,0,0,0
1990_1991,4,13,Philadelphia Flyers,80,33,37,10,76,0.475,252,267,-0.18,0.01,3.15,3.34,68,338,20.12,72,376,80.85,2,16,24.3,23.6,1,2284,11,2294,0.884,0,0,0,0
1990_1991,4,14,Detroit Red Wings,80,34,38,8,76,0.475,273,298,-0.27,0.05,3.41,3.73,57,347,16.43,89,399,77.69,17,5,24.3,22.2,2,2310,11.8,2353,0.873,0,0,0,0
1990_1991,4,15,Hartford Whalers,80,31,38,11,73,0.456,238,276,-0.51,-0.03,2.98,3.45,73,403,18.11,72,369,80.49,5,9,27.6,27.3,2,2313,10.3,2161,0.872,0,0,0,0
1990_1991,4,16,Minnesota North Stars,80,27,39,14,68,0.425,256,266,-0.1,0.03,3.2,3.33,76,382,19.9,75,378,80.16,9,7,24.6,23.4,5,2565,10,2266,0.883,0,0,0,0
1990_1991,4,17,Vancouver Canucks,80,28,43,9,65,0.406,243,315,-0.76,0.14,3.04,3.94,65,391,16.62,76,339,77.58,10,16,25.8,26.8,1,2398,10.1,2371,0.867,0,0,0,0
1990_1991,4,18,Winnipeg Jets,80,26,43,11,63,0.394,260,288,-0.26,0.09,3.25,3.6,74,381,19.42,57,351,83.76,8,12,20.9,21.8,5,2304,11.3,2498,0.885,0,0,0,0
1990_1991,4,20,Toronto Maple Leafs,80,23,46,11,57,0.356,241,318,-0.86,0.11,3.01,3.98,61,346,17.63,83,368,77.45,16,6,24.5,23.7,2,2343,10.3,2573,0.876,0,0,0,0
1990_1991,4,21,Quebec Nordiques,80,16,50,14,46,0.288,236,354,-1.42,0.06,2.95,4.43,51,328,15.55,98,368,73.37,10,11,21.7,20.1,0,2030,11.6,2863,0.876,0,0,0,0
1991_1992,4,1,New York Rangers,80,50,25,5,105,0.656,321,246,1.02,0.08,4.01,3.08,81,387,20.93,60,395,84.81,14,12,22.4,24.1,5,2632,12.2,2543,0.903,0,0,0,0
1991_1992,4,2,Washington Capitals,80,45,27,8,98,0.613,330,275,0.78,0.09,4.13,3.44,92,412,22.33,60,368,83.7,14,15,21.9,24.2,2,2481,13.3,2270,0.879,0,0,0,0
1991_1992,4,4,Vancouver Canucks,80,42,26,12,96,0.6,285,250,0.31,-0.13,3.56,3.13,85,439,19.36,76,382,80.1,12,7,25.7,28.4,5,2669,10.7,2299,0.891,0,0,0,0
1991_1992,4,5,Montreal Canadiens,80,41,28,11,93,0.581,267,207,0.64,-0.12,3.34,2.59,74,379,19.53,60,320,81.25,4,5,19.3,22,7,2443,10.9,2227,0.907,0,0,0,0
1991_1992,4,7,New Jersey Devils,80,38,31,11,87,0.544,289,259,0.48,0.1,3.61,3.24,59,338,17.46,68,374,81.82,15,10,20,20.4,3,2495,11.6,2290,0.887,0,0,0,0
1991_1992,4,8,Pittsburgh Penguins,80,39,32,9,87,0.544,343,308,0.52,0.08,4.29,3.85,92,423,21.75,77,383,79.9,16,14,23.7,24.1,1,2542,13.5,2518,0.878,0,0,0,0
1991_1992,4,11,St. Louis Blues,80,36,33,11,83,0.519,279,266,0.16,-0.01,3.49,3.33,69,359,19.22,64,389,83.55,16,12,25.4,24.3,2,2376,11.7,2707,0.902,0,0,0,0
1991_1992,4,12,Edmonton Oilers,80,36,34,10,82,0.513,295,297,-0.12,-0.1,3.69,3.71,68,366,18.58,93,423,78.01,12,15,23.5,20.5,1,2217,13.3,2485,0.88,0,0,0,0
1991_1992,4,13,Winnipeg Jets,80,33,32,15,81,0.506,251,244,-0.02,-0.11,3.14,3.05,91,435,20.92,68,428,84.11,7,6,23.6,26.9,7,2330,10.8,2499,0.902,0,0,0,0
1991_1992,4,14,New York Islanders,80,34,35,11,79,0.494,291,299,0.04,0.14,3.64,3.74,75,339,22.12,90,383,76.5,11,8,21.4,20.5,1,2226,13.1,2630,0.886,0,0,0,0
1991_1992,4,15,Philadelphia Flyers,80,32,37,11,75,0.469,252,273,-0.13,0.13,3.15,3.41,68,411,16.55,76,392,80.61,15,12,22.9,22.8,4,2324,10.8,2295,0.881,0,0,0,0
1991_1992,4,16,Calgary Flames,80,31,37,12,74,0.463,296,305,-0.19,-0.08,3.7,3.81,87,414,21.01,107,489,78.12,10,10,32.8,29.3,0,2472,12,2470,0.877,0,0,0,0
1991_1992,4,17,Buffalo Sabres,80,31,37,12,74,0.463,289,299,-0.16,-0.03,3.61,3.74,105,466,22.53,91,424,78.54,8,11,33.7,34.5,1,2600,11.1,2580,0.884,0,0,0,0
1991_1992,4,18,Minnesota North Stars,80,32,42,6,70,0.438,246,278,-0.37,0.04,3.08,3.48,76,446,17.04,77,417,81.53,9,22,26.9,26.3,3,2458,10,2284,0.878,0,0,0,0
1991_1992,4,19,Toronto Maple Leafs,80,30,43,7,67,0.419,234,294,-0.68,0.07,2.93,3.68,66,377,17.51,69,362,80.94,7,5,21.5,23.2,3,2425,9.6,2490,0.882,0,0,0,0
1991_1992,4,20,Hartford Whalers,80,26,41,13,65,0.406,247,283,-0.45,0,3.09,3.54,73,414,17.63,86,396,78.28,10,11,22.2,21.2,5,2270,10.9,2393,0.882,0,0,0,0
1991_1992,4,21,Quebec Nordiques,80,20,48,12,52,0.325,255,318,-0.76,0.03,3.19,3.98,66,385,17.14,87,421,79.33,11,14,25.2,23,3,2182,11.7,2541,0.875,0,0,0,0
1992_1993,4,1,Pittsburgh Penguins,84,56,21,7,119,0.708,367,268,1.23,0.05,4.37,3.19,105,440,23.86,72,429,83.22,20,19,21,20.8,5,2725,13.5,2581,0.896,0,0,0,0
1992_1993,4,3,Chicago Blackhawks,84,47,25,12,106,0.631,279,230,0.58,-0.01,3.32,2.74,94,510,18.43,81,490,83.47,14,10,28.5,28.5,9,2707,10.3,2295,0.9,0,0,0,0
1992_1993,4,4,Quebec Nordiques,84,47,27,10,104,0.619,351,300,0.5,-0.11,4.18,3.57,101,464,21.77,85,438,80.59,21,16,21.8,20.5,0,2518,13.9,2547,0.882,0,0,0,0
1992_1993,4,5,Detroit Red Wings,84,47,28,9,103,0.613,369,280,0.99,-0.07,4.39,3.33,113,454,24.89,79,420,81.19,18,10,21.6,22.1,4,2765,13.3,2425,0.885,0,0,0,0
1992_1993,4,6,Montreal Canadiens,84,48,30,6,102,0.607,326,280,0.49,-0.06,3.88,3.33,79,430,18.37,77,427,81.97,8,13,21.2,21.6,3,2669,12.2,2521,0.889,0,0,0,0
1992_1993,4,8,Toronto Maple Leafs,84,44,29,11,99,0.589,288,241,0.47,-0.09,3.43,2.87,98,466,21.03,69,393,82.44,10,11,21.5,25.1,5,2551,11.3,2440,0.901,0,0,0,0
1992_1993,4,9,Calgary Flames,84,43,30,11,97,0.577,322,282,0.25,-0.22,3.83,3.36,85,447,19.02,83,492,83.13,15,9,23.1,22.6,3,2637,12.2,2476,0.886,0,0,0,0
1992_1993,4,10,Washington Capitals,84,43,34,7,93,0.554,325,286,0.57,0.11,3.87,3.4,97,445,21.8,74,433,82.91,10,8,20.2,21.8,3,2705,12,2386,0.88,0,0,0,0
1992_1993,4,11,Los Angeles Kings,84,39,35,10,88,0.524,338,340,-0.13,-0.1,4.02,4.05,102,507,20.12,114,529,78.45,16,16,26.5,26.9,2,2855,11.8,2888,0.882,0,0,0,0
1992_1993,4,12,Winnipeg Jets,84,40,37,7,87,0.518,322,320,-0.2,-0.23,3.83,3.81,98,468,20.94,80,437,81.69,3,14,21.9,24.5,2,2577,12.5,2749,0.884,0,0,0,0
1992_1993,4,13,New Jersey Devils,84,40,37,7,87,0.518,308,299,0.26,0.15,3.67,3.56,77,400,19.25,79,425,81.41,8,19,21.4,20.3,4,2774,11.1,2504,0.881,0,0,0,0
1992_1993,4,14,New York Islanders,84,40,37,7,87,0.518,335,297,0.56,0.11,3.99,3.54,90,416,21.63,77,375,79.47,12,8,20.2,21.5,1,2606,12.9,2471,0.88,0,0,0,0
1992_1993,4,15,Buffalo Sabres,84,38,36,10,86,0.512,335,297,0.41,-0.04,3.99,3.54,95,467,20.34,72,437,83.52,13,17,22.1,22.9,0,2671,12.5,2678,0.889,0,0,0,0
1992_1993,4,16,St. Louis Blues,84,37,36,11,85,0.506,282,278,0.06,0.01,3.36,3.31,93,425,21.88,70,429,83.68,14,15,22.3,23,2,2439,11.6,2840,0.902,0,0,0,0
1992_1993,4,17,Philadelphia Flyers,84,36,37,11,83,0.494,319,319,0.2,0.2,3.8,3.8,72,399,18.05,95,421,77.43,15,11,22.3,20.9,6,2500,12.8,2671,0.881,0,0,0,0
1992_1993,4,19,New York Rangers,84,34,39,11,79,0.47,304,308,0.1,0.15,3.62,3.67,77,420,18.33,84,446,81.17,12,18,19.6,18.2,5,2794,10.9,2829,0.891,0,0,0,0
1992_1993,4,20,Edmonton Oilers,84,26,50,8,60,0.357,242,337,-1.19,-0.06,2.88,4.01,66,416,15.87,106,464,77.16,17,10,24,21.6,1,2347,10.3,2836,0.881,0,0,0,0
1992_1993,4,21,Hartford Whalers,84,26,52,6,58,0.345,284,369,-0.93,0.08,3.38,4.39,78,444,17.57,107,493,78.3,12,14,27.7,26.5,0,2192,13,2865,0.871,0,0,0,0
1992_1993,4,24,San Jose Sharks,84,11,71,2,24,0.143,218,414,-2.29,0.05,2.6,4.93,66,409,16.14,113,483,76.6,13,15,25.3,21.9,1,2384,9.1,3080,0.866,0,0,0,0
1993_1994,4,1,New York Rangers,84,52,24,8,112,0.667,299,231,0.81,0,3.56,2.75,96,417,23.02,67,435,84.6,20,5,19.9,18.6,7,2871,10.4,2328,0.901,0,0,0,0
1993_1994,4,2,New Jersey Devils,84,47,25,12,106,0.631,306,220,1.01,-0.02,3.64,2.62,61,333,18.32,71,376,81.12,10,8,20.5,20,5,2657,11.5,2437,0.91,0,0,0,0
1993_1994,4,3,Pittsburgh Penguins,84,44,27,13,101,0.601,299,285,0.17,0,3.56,3.39,76,404,18.81,72,401,82.04,6,11,19.1,17.8,3,2731,10.9,2676,0.893,0,0,0,0
1993_1994,4,5,Toronto Maple Leafs,84,43,29,12,98,0.583,280,243,0.41,-0.03,3.33,2.89,88,459,19.17,74,409,81.91,8,9,22.3,24.4,3,2530,11.1,2554,0.905,0,0,0,0
1993_1994,4,6,Calgary Flames,84,42,29,13,97,0.577,302,256,0.48,-0.07,3.6,3.05,87,410,21.22,90,465,80.65,16,9,21.8,20.8,5,2640,11.4,2311,0.889,0,0,0,0
1993_1994,4,7,Boston Bruins,84,42,29,13,97,0.577,289,252,0.41,-0.03,3.44,3,84,387,21.71,58,378,84.66,17,9,17,18.5,5,2980,9.7,2113,0.881,0,0,0,0
1993_1994,4,8,Dallas Stars,84,42,29,13,97,0.577,286,265,0.2,-0.05,3.4,3.15,81,440,18.41,68,428,84.11,8,16,22.6,23.8,5,2558,11.2,2589,0.898,0,0,0,0
1993_1994,4,9,Montreal Canadiens,84,41,29,14,96,0.571,283,248,0.39,-0.03,3.37,2.95,78,388,20.1,68,390,82.56,8,10,18,20,7,2621,10.8,2532,0.902,0,0,0,0
1993_1994,4,10,Buffalo Sabres,84,43,32,9,95,0.565,282,218,0.72,-0.04,3.36,2.6,96,424,22.64,58,380,84.74,21,8,20.8,21,9,2369,11.9,2462,0.911,0,0,0,0
1993_1994,4,12,Washington Capitals,84,39,35,10,88,0.524,277,263,0.2,0.03,3.3,3.13,70,386,18.13,74,403,81.64,8,12,23.6,22.8,4,2606,10.6,2172,0.879,0,0,0,0
1993_1994,4,13,Chicago Blackhawks,84,39,36,9,87,0.518,254,240,0.15,-0.02,3.02,2.86,67,383,17.49,71,427,83.37,15,10,25,24.1,7,2545,10,2458,0.902,0,0,0,0
1993_1994,4,15,New York Islanders,84,36,36,12,84,0.5,282,264,0.25,0.03,3.36,3.14,74,369,20.05,79,417,81.06,15,9,21.2,20.5,5,2511,11.2,2561,0.897,0,0,0,0
1993_1994,4,17,San Jose Sharks,84,33,35,16,82,0.488,252,265,-0.17,-0.02,3,3.15,68,424,16.04,77,360,78.61,6,13,15.7,18,3,2101,12,2389,0.889,0,0,0,0
1993_1994,4,18,Philadelphia Flyers,84,35,39,10,80,0.476,294,314,-0.19,0.05,3.5,3.74,80,385,20.78,80,414,80.68,9,14,19.9,18.7,3,2409,12.2,2663,0.882,0,0,0,0
1993_1994,4,19,Quebec Nordiques,84,34,42,8,76,0.452,277,292,-0.16,0.02,3.3,3.48,67,430,15.58,87,426,79.58,10,18,19.1,19.6,2,2405,11.5,2572,0.886,0,0,0,0
1993_1994,4,20,Mighty Ducks of Anaheim,84,33,46,5,71,0.423,229,251,-0.27,-0.01,2.73,2.99,54,376,14.36,67,388,82.73,9,13,17.7,17.8,3,2402,9.5,2616,0.904,0,0,0,0
1993_1994,4,21,Tampa Bay Lightning,84,30,43,11,71,0.423,224,251,-0.26,0.06,2.67,2.99,57,388,14.69,58,335,82.69,7,20,18.7,19.6,5,2503,8.9,2296,0.891,0,0,0,0
1993_1994,4,22,Los Angeles Kings,84,27,45,12,66,0.393,294,322,-0.34,-0.01,3.5,3.83,92,444,20.72,90,462,80.52,19,8,23.8,22.8,2,2769,10.6,3046,0.894,0,0,0,0
1993_1994,4,23,Edmonton Oilers,84,25,45,14,64,0.381,261,305,-0.52,0,3.11,3.63,74,402,18.41,78,401,80.55,2,9,22,21.7,1,2549,10.2,2891,0.895,0,0,0,0
1993_1994,4,24,Hartford Whalers,84,27,48,9,63,0.375,227,288,-0.68,0.04,2.7,3.43,61,408,14.95,88,416,78.85,8,9,21.3,22,3,2319,9.8,2588,0.889,0,0,0,0
1993_1994,4,25,Winnipeg Jets,84,24,51,9,57,0.339,245,344,-1.13,0.05,2.92,4.1,82,423,19.39,91,445,79.55,13,17,25.4,23.4,2,2470,9.9,2798,0.877,0,0,0,0
1993_1994,4,26,Ottawa Senators,84,14,61,9,37,0.22,201,397,-2.22,0.12,2.39,4.73,63,435,14.48,110,412,73.3,9,14,20.1,20.5,0,2148,9.4,2776,0.857,0,0,0,0
1994_1995,4,1,Detroit Red Wings,48,33,11,4,70,0.729,180,117,1.24,-0.08,3.75,2.44,52,215,24.19,28,206,86.41,5,7,19.2,19.9,2,1571,11.5,1206,0.903,0,0,0,0
1994_1995,4,2,Quebec Nordiques,48,30,13,5,65,0.677,185,134,1.01,-0.06,3.85,2.79,45,186,24.19,38,203,81.28,9,3,16,15.4,3,1448,12.8,1455,0.908,0,0,0,0
1994_1995,4,3,St. Louis Blues,48,28,15,5,61,0.635,178,135,0.84,-0.06,3.71,2.81,36,220,16.36,46,233,80.26,7,2,22.1,21.4,1,1411,12.6,1356,0.9,0,0,0,0
1994_1995,4,5,Philadelphia Flyers,48,28,16,4,60,0.625,150,132,0.36,-0.01,3.13,2.75,40,204,19.61,37,193,80.83,2,9,15.3,17.7,2,1314,11.4,1289,0.898,0,0,0,0
1994_1995,4,6,Boston Bruins,48,27,18,3,57,0.594,150,127,0.46,-0.02,3.13,2.65,46,211,21.8,24,183,86.89,3,4,16.4,18.9,4,1651,9.1,1168,0.891,0,0,0,0
1994_1995,4,7,Calgary Flames,48,24,17,7,55,0.573,163,135,0.49,-0.09,3.4,2.81,39,211,18.48,37,249,85.14,7,3,25.6,24.6,3,1451,11.2,1408,0.904,0,0,0,0
1994_1995,4,8,Chicago Blackhawks,48,24,19,5,53,0.552,156,115,0.8,-0.05,3.25,2.4,52,212,24.53,36,228,84.21,7,3,23.2,21.6,5,1443,10.8,1195,0.904,0,0,0,0
1994_1995,4,9,Washington Capitals,48,22,18,8,52,0.542,136,120,0.33,-0.01,2.83,2.5,45,226,19.91,34,220,84.55,13,2,23.5,21.1,4,1386,9.8,1192,0.899,0,0,0,0
1994_1995,4,10,New Jersey Devils,48,22,18,8,52,0.542,136,121,0.3,-0.01,2.83,2.52,22,164,13.41,28,149,81.21,3,3,16.1,17.1,3,1444,9.4,1218,0.901,0,0,0,0
1994_1995,4,12,Toronto Maple Leafs,48,21,19,8,50,0.521,135,146,-0.19,0.04,2.81,3.04,37,218,16.97,28,185,84.86,5,5,15.3,18.8,0,1520,8.9,1532,0.905,0,0,0,0
1994_1995,4,13,Vancouver Canucks,48,18,18,12,48,0.5,153,148,0.06,-0.04,3.19,3.08,47,238,19.75,39,236,83.47,7,10,22.6,23.6,1,1579,9.7,1421,0.896,0,0,0,0
1994_1995,4,14,New York Rangers,48,22,23,3,47,0.49,139,134,0.1,-0.01,2.9,2.79,40,200,20,34,211,83.89,5,3,16.2,16.1,3,1529,9.1,1263,0.894,0,0,0,0
1994_1995,4,15,Florida Panthers,48,20,22,6,46,0.479,115,127,-0.26,-0.01,2.4,2.65,29,222,13.06,32,191,83.25,1,6,15.9,17.9,6,1191,9.7,1366,0.907,0,0,0,0
1994_1995,4,16,Montreal Canadiens,48,18,23,7,43,0.448,125,148,-0.42,0.06,2.6,3.08,28,172,16.28,37,191,80.63,1,3,17.3,15.3,1,1376,9.1,1532,0.903,0,0,0,0
1994_1995,4,17,Hartford Whalers,48,19,24,5,43,0.448,127,141,-0.27,0.02,2.65,2.94,30,174,17.24,37,185,80,3,6,19,17.8,0,1428,8.9,1474,0.904,0,0,0,0
1994_1995,4,20,Los Angeles Kings,48,16,23,9,41,0.427,142,174,-0.65,0.02,2.96,3.63,35,200,17.5,42,221,81,5,8,20,17.9,0,1443,9.8,1668,0.896,0,0,0,0
1994_1995,4,21,Winnipeg Jets,48,16,25,7,39,0.406,157,177,-0.33,0.08,3.27,3.69,42,219,19.18,40,235,82.98,7,6,23.4,21,0,1428,11,1545,0.885,0,0,0,0
1994_1995,4,23,Mighty Ducks of Anaheim,48,16,27,5,37,0.385,125,164,-0.77,0.05,2.6,3.42,23,202,11.39,47,193,75.65,4,8,15,16.1,2,1346,9.3,1586,0.897,0,0,0,0
1994_1995,4,24,Tampa Bay Lightning,48,17,28,3,37,0.385,120,144,-0.49,0.01,2.5,3,25,177,14.12,32,205,84.39,6,5,21.5,17.5,2,1280,9.4,1325,0.891,0,0,0,0
1994_1995,4,25,New York Islanders,48,15,28,5,35,0.365,126,158,-0.63,0.04,2.63,3.29,28,178,15.73,46,213,78.4,4,11,18.7,18.7,1,1357,9.3,1448,0.891,0,0,0,0
1994_1995,4,26,Ottawa Senators,48,9,34,5,23,0.24,117,174,-1.12,0.07,2.44,3.63,31,215,14.42,39,199,80.4,1,6,15.4,16.8,1,1247,9.4,1561,0.889,0,0,0,0
1995_1996,4,2,Colorado Avalanche,82,47,25,10,104,0.634,326,240,0.93,-0.12,3.98,2.93,86,404,21.29,71,439,83.83,21,22,18.5,17.8,2,2644,12.3,2370,0.899,0,0,0,0
1995_1996,4,3,Philadelphia Flyers,82,45,24,13,103,0.628,282,208,0.88,-0.03,3.44,2.54,82,417,19.66,62,437,85.81,12,7,21.5,21.2,5,2529,11.2,2123,0.902,0,0,0,0
1995_1996,4,4,Pittsburgh Penguins,82,49,29,4,102,0.622,362,284,0.9,-0.05,4.41,3.46,109,420,25.95,78,467,83.3,18,12,19.6,19.3,5,2645,13.7,2840,0.9,0,0,0,0
1995_1996,4,5,New York Rangers,82,41,27,14,96,0.585,272,237,0.43,0,3.32,2.89,85,429,19.81,89,495,82.02,6,11,22.4,20.4,5,2671,10.2,2473,0.904,0,0,0,0
1995_1996,4,6,Chicago Blackhawks,82,40,28,14,94,0.573,273,220,0.61,-0.04,3.33,2.68,63,356,17.7,65,447,85.46,13,7,22.7,19.7,5,2240,12.2,2334,0.906,0,0,0,0
1995_1996,4,8,Boston Bruins,82,40,31,11,91,0.555,282,269,0.17,0.01,3.44,3.28,68,363,18.73,67,341,80.35,13,7,12.5,13.7,2,2838,9.9,2204,0.878,0,0,0,0
1995_1996,4,9,Montreal Canadiens,82,40,32,10,90,0.549,265,248,0.2,-0.01,3.23,3.02,77,405,19.01,68,382,82.2,15,11,22.1,21.3,4,2363,11.2,2656,0.907,0,0,0,0
1995_1996,4,10,Washington Capitals,82,39,32,11,89,0.543,234,204,0.38,0.02,2.85,2.49,63,403,15.63,67,385,82.6,12,7,18.8,20.7,9,2470,9.5,2041,0.9,0,0,0,0
1995_1996,4,11,Tampa Bay Lightning,82,38,32,12,88,0.537,238,248,-0.07,0.05,2.9,3.02,83,400,20.75,68,439,84.51,6,13,19.7,17.9,5,2546,9.3,2428,0.898,0,0,0,0
1995_1996,4,12,New Jersey Devils,82,37,33,12,86,0.524,215,202,0.2,0.04,2.62,2.46,55,368,14.95,49,319,84.64,11,9,18.1,18.3,6,2636,8.2,2173,0.907,0,0,0,0
1995_1996,4,13,St. Louis Blues,82,32,34,16,80,0.488,219,248,-0.35,0,2.67,3.02,74,448,16.52,82,482,82.99,11,8,21.9,21.6,3,2548,8.6,2444,0.899,0,0,0,0
1995_1996,4,14,Toronto Maple Leafs,82,34,36,12,80,0.488,247,252,-0.07,0,3.01,3.07,83,438,18.95,70,403,82.63,11,9,21,22,2,2675,9.2,2611,0.903,0,0,0,0
1995_1996,4,16,Vancouver Canucks,82,32,35,15,79,0.482,278,278,-0.05,-0.05,3.39,3.39,69,411,16.79,78,418,81.34,18,13,18.6,18.9,3,2472,11.2,2473,0.888,0,0,0,0
1995_1996,4,18,Winnipeg Jets,82,36,40,6,78,0.476,275,291,-0.18,0.02,3.35,3.55,82,417,19.66,88,430,79.53,10,12,19.6,17.8,2,2410,11.4,2763,0.895,0,0,0,0
1995_1996,4,19,Hartford Whalers,82,34,39,9,77,0.47,237,259,-0.22,0.05,2.89,3.16,67,372,18.01,83,429,80.65,8,9,22.3,20,6,2493,9.5,2760,0.906,0,0,0,0
1995_1996,4,21,Edmonton Oilers,82,30,44,8,68,0.415,240,304,-0.78,0,2.93,3.71,72,452,15.93,80,417,80.82,10,12,20.7,20.7,1,2458,9.8,2493,0.878,0,0,0,0
1995_1996,4,22,Los Angeles Kings,82,24,40,18,66,0.402,256,302,-0.59,-0.03,3.12,3.68,72,401,17.96,72,381,81.1,12,18,17.6,17.3,1,2573,9.9,2905,0.896,0,0,0,0
1995_1996,4,25,San Jose Sharks,82,20,55,7,47,0.287,252,357,-1.25,0.03,3.07,4.35,62,385,16.1,93,397,76.57,15,20,17.8,16.8,0,2143,11.8,2716,0.869,0,0,0,0
1995_1996,4,26,Ottawa Senators,82,18,59,5,41,0.25,191,291,-1.12,0.1,2.33,3.55,53,430,12.33,83,375,77.87,6,14,18.7,21.3,3,2204,8.7,2504,0.884,0,0,0,0
1996_1997,4,1,Colorado Avalanche,82,49,24,9,107,0.652,277,205,0.81,-0.07,3.38,2.5,83,403,20.6,42,339,87.61,14,12,16.3,19,8,2619,10.6,2477,0.917,0,0,0,0
1996_1997,4,2,New Jersey Devils,82,45,23,14,104,0.634,231,182,0.57,-0.03,2.82,2.22,40,288,13.89,28,235,88.09,4,9,13.8,15.7,13,2593,8.9,2160,0.916,0,0,0,0
1996_1997,4,3,Dallas Stars,82,48,26,8,104,0.634,252,198,0.64,-0.02,3.07,2.41,46,314,14.65,51,308,83.44,11,9,16,18,6,2439,10.3,2078,0.905,0,0,0,0
1996_1997,4,5,Detroit Red Wings,82,38,26,18,94,0.573,253,197,0.66,-0.03,3.09,2.4,66,368,17.93,46,346,86.71,10,8,19.1,19.8,7,2726,9.3,2075,0.905,0,0,0,0
1996_1997,4,6,Buffalo Sabres,82,40,30,12,92,0.561,237,208,0.31,-0.04,2.89,2.54,43,326,13.19,59,364,83.79,16,4,22.3,22.1,5,2090,11.3,2728,0.924,0,0,0,0
1996_1997,4,7,Florida Panthers,82,35,28,19,89,0.543,221,201,0.25,0,2.7,2.45,50,352,14.2,50,346,85.55,5,17,19.6,21.6,2,2387,9.3,2360,0.915,0,0,0,0
1996_1997,4,8,New York Rangers,82,38,34,10,86,0.524,258,231,0.33,0.01,3.15,2.82,63,287,21.95,69,344,79.94,15,5,17.9,17.2,5,2528,10.2,2588,0.911,0,0,0,0
1996_1997,4,10,Pittsburgh Penguins,82,38,36,8,84,0.512,285,280,0.04,-0.02,3.48,3.41,74,339,21.83,64,338,81.07,11,12,18.1,17,5,2414,11.8,2812,0.9,0,0,0,0
1996_1997,4,13,Edmonton Oilers,82,36,37,9,81,0.494,252,247,0.03,-0.03,3.07,3.01,73,406,17.98,59,338,82.54,9,13,16.5,20.5,7,2521,10,2556,0.903,0,0,0,0
1996_1997,4,14,Chicago Blackhawks,82,34,35,13,81,0.494,223,210,0.18,0.02,2.72,2.56,45,304,14.8,59,374,84.22,5,9,21.3,17.5,3,2491,9,2415,0.913,0,0,0,0
1996_1997,4,15,Ottawa Senators,82,31,36,15,77,0.47,226,234,-0.11,-0.02,2.76,2.85,56,336,16.67,48,265,81.89,9,12,13.1,16.6,4,2397,9.4,2117,0.889,0,0,0,0
1996_1997,4,16,Vancouver Canucks,82,35,40,7,77,0.47,257,273,-0.2,-0.01,3.13,3.33,51,303,16.83,66,344,80.81,12,8,19.3,17.7,3,2301,11.2,2476,0.89,0,0,0,0
1996_1997,4,17,Montreal Canadiens,82,31,36,15,77,0.47,249,276,-0.34,-0.01,3.04,3.37,53,337,15.73,71,347,79.54,10,11,17.7,17.4,1,2474,10.1,2780,0.901,0,0,0,0
1996_1997,4,18,Hartford Whalers,82,32,39,11,75,0.457,226,256,-0.37,0,2.76,3.12,58,321,18.07,51,332,84.64,12,11,18.2,17.9,4,2435,9.3,2583,0.901,0,0,0,0
1996_1997,4,19,Washington Capitals,82,33,40,9,75,0.457,214,231,-0.17,0.04,2.61,2.82,51,322,15.84,54,354,84.75,8,10,19.8,18.6,3,2370,9,2163,0.893,0,0,0,0
1996_1997,4,20,Tampa Bay Lightning,82,32,40,10,74,0.451,217,247,-0.33,0.04,2.65,3.01,47,340,13.82,55,361,84.76,13,9,20.4,18.1,6,2574,8.4,2365,0.896,0,0,0,0
1996_1997,4,21,Calgary Flames,82,32,41,9,73,0.445,214,239,-0.29,0.02,2.61,2.91,61,361,16.9,58,345,83.19,11,19,17.4,17.6,6,2571,8.3,2337,0.898,0,0,0,0
1996_1997,4,22,New York Islanders,82,29,41,12,70,0.427,240,250,-0.1,0.02,2.93,3.05,48,346,13.87,53,319,83.39,14,9,19.8,21.1,5,2188,11,2481,0.899,0,0,0,0
1996_1997,4,23,Toronto Maple Leafs,82,30,44,8,68,0.415,230,273,-0.48,0.05,2.8,3.33,48,309,15.53,59,328,82.01,11,8,16.1,15.3,2,2401,9.6,2823,0.903,0,0,0,0
1996_1997,4,25,San Jose Sharks,82,27,47,8,62,0.378,211,278,-0.78,0.03,2.57,3.39,50,349,14.33,66,409,83.86,9,11,25.4,21,1,2360,8.9,2398,0.884,0,0,0,0
1996_1997,4,26,Boston Bruins,82,26,47,9,61,0.372,234,300,-0.78,0.02,2.85,3.66,46,310,14.84,56,308,81.82,15,6,16.6,17.1,3,2427,9.6,2431,0.877,0,0,0,0
1997_1998,4,1,Dallas Stars,82,49,22,11,109,0.665,242,167,0.88,-0.03,2.95,2.04,77,385,20,42,351,88.03,11,9,15.7,18.2,10,2200,11,1870,0.911,0,0,0,0
1997_1998,4,3,Detroit Red Wings,82,44,23,15,103,0.628,250,196,0.64,-0.02,3.05,2.39,67,381,17.59,51,376,86.44,8,7,16.3,16.6,9,2531,9.9,2118,0.907,0,0,0,0
1997_1998,4,4,St. Louis Blues,82,45,29,8,98,0.598,256,204,0.63,0,3.12,2.49,62,368,16.85,49,367,86.65,12,4,17.1,17,5,2203,11.6,1979,0.897,0,0,0,0
1997_1998,4,5,Pittsburgh Penguins,82,40,24,18,98,0.598,228,188,0.48,-0.01,2.78,2.29,67,407,16.46,46,338,86.39,11,16,14.9,18.4,7,2176,10.5,2202,0.915,0,0,0,0
1997_1998,4,6,Philadelphia Flyers,82,42,29,11,95,0.579,242,193,0.53,-0.07,2.95,2.35,71,399,17.79,51,382,86.65,7,9,21.3,21.6,6,2352,10.3,2084,0.907,0,0,0,0
1997_1998,4,7,Colorado Avalanche,82,39,26,17,95,0.579,231,205,0.27,-0.05,2.82,2.5,74,426,17.37,53,409,87.04,8,12,20.8,20.5,5,2289,10.1,2420,0.915,0,0,0,0
1997_1998,4,8,Washington Capitals,82,40,30,12,92,0.561,219,202,0.17,-0.04,2.67,2.46,55,350,15.71,39,362,89.23,14,4,14.6,14.3,5,2225,9.8,2292,0.912,0,0,0,0
1997_1998,4,9,Boston Bruins,82,39,30,13,91,0.555,221,194,0.33,0,2.7,2.37,62,359,17.27,44,285,84.56,5,3,13.5,15.6,9,2230,9.9,2161,0.91,0,0,0,0
1997_1998,4,11,Los Angeles Kings,82,38,33,11,87,0.53,227,225,-0.01,-0.03,2.77,2.74,52,366,14.21,63,399,84.21,10,12,21.3,21.3,4,2200,10.3,2481,0.909,0,0,0,0
1997_1998,4,12,Montreal Canadiens,82,37,32,13,87,0.53,235,208,0.33,0,2.87,2.54,68,372,18.28,62,401,84.54,13,8,18.7,17.1,5,2277,10.3,2135,0.903,0,0,0,0
1997_1998,4,13,Ottawa Senators,82,34,33,15,83,0.506,193,200,-0.06,0.02,2.35,2.44,48,375,12.8,47,303,84.49,6,9,13.1,15.3,8,2401,8,2039,0.902,0,0,0,0
1997_1998,4,14,Phoenix Coyotes,82,35,35,12,82,0.5,224,227,0,0.04,2.73,2.77,57,384,14.84,66,408,83.82,10,6,19.3,19.1,5,2268,9.9,2222,0.898,0,0,0,0
1997_1998,4,15,Edmonton Oilers,82,35,37,10,80,0.488,215,224,-0.13,-0.02,2.62,2.73,77,483,15.94,66,406,83.74,10,11,20.5,23.7,8,2351,9.1,2313,0.903,0,0,0,0
1997_1998,4,16,San Jose Sharks,82,34,38,10,78,0.476,210,216,-0.1,-0.03,2.56,2.63,54,400,13.5,59,398,85.18,10,5,17,18.4,7,2169,9.7,2020,0.893,0,0,0,0
1997_1998,4,17,Carolina Hurricanes,82,33,41,8,74,0.451,200,219,-0.2,0.04,2.44,2.67,50,378,13.23,58,391,85.17,8,10,17.6,18,4,2177,9.2,2266,0.903,0,0,0,0
1997_1998,4,18,Chicago Blackhawks,82,30,39,13,73,0.445,192,199,-0.06,0.03,2.34,2.43,47,363,12.95,58,382,84.82,13,5,18.7,18.6,10,2278,8.4,2191,0.909,0,0,0,0
1997_1998,4,19,New York Islanders,82,30,41,11,71,0.433,212,225,-0.15,0,2.59,2.74,61,365,16.71,54,384,85.94,11,16,20,20,8,2119,10,2358,0.905,0,0,0,0
1997_1998,4,21,New York Rangers,82,25,39,18,68,0.415,197,231,-0.41,0,2.4,2.82,62,351,17.66,55,377,85.41,0,13,18.8,18,0,2075,9.5,2299,0.9,0,0,0,0
1997_1998,4,23,Mighty Ducks of Anaheim,82,26,43,13,65,0.396,205,261,-0.66,0.02,2.5,3.18,46,392,11.73,72,396,81.82,9,10,22.4,19.8,4,2184,9.4,2492,0.895,0,0,0,0
1997_1998,4,24,Vancouver Canucks,82,25,43,14,64,0.39,224,273,-0.58,0.02,2.73,3.33,48,374,12.83,77,432,82.18,19,12,26.2,23.1,3,2092,10.7,2479,0.89,0,0,0,0
1997_1998,4,25,Florida Panthers,82,24,43,15,63,0.384,203,256,-0.62,0.03,2.48,3.12,55,409,13.45,82,403,79.65,12,16,20.3,20.5,5,2278,8.9,2361,0.892,0,0,0,0
1997_1998,4,26,Tampa Bay Lightning,82,17,55,10,44,0.268,151,269,-1.37,0.07,1.84,3.28,33,353,9.35,72,410,82.44,11,16,22.1,19.5,3,2100,7.2,2377,0.887,0,0,0,0
1998_1999,4,1,Dallas Stars,82,51,19,12,114,0.695,236,168,0.76,-0.07,2.88,2.05,74,393,18.83,43,319,86.52,6,4,13.4,16.1,6,2266,10.4,1965,0.915,29.7,0,0,0
1998_1999,4,2,New Jersey Devils,82,47,24,11,105,0.64,248,196,0.62,-0.02,3.02,2.39,60,304,19.74,47,325,85.54,7,5,16.4,14.8,5,2565,9.7,2025,0.903,27.2,0,0,0
1998_1999,4,3,Ottawa Senators,82,44,23,15,103,0.628,239,179,0.73,0,2.91,2.18,59,397,14.86,44,317,86.12,6,13,10.7,14.4,6,2503,9.5,2068,0.913,26.8,0,0,0
1998_1999,4,6,Philadelphia Flyers,82,37,26,19,93,0.567,231,196,0.43,0,2.82,2.39,65,386,16.84,53,333,84.08,4,7,13,14.9,7,2451,9.4,1877,0.896,28.5,0,0,0
1998_1999,4,7,Detroit Red Wings,82,43,32,7,93,0.567,245,202,0.46,-0.06,2.99,2.46,67,415,16.14,45,355,87.32,14,7,14.5,15.5,3,2622,9.3,2215,0.909,29.1,0,0,0
1998_1999,4,8,Buffalo Sabres,82,37,28,17,91,0.555,207,175,0.41,0.02,2.52,2.13,49,363,13.5,55,399,86.22,6,7,18.9,17.1,10,2150,9.6,2461,0.929,26.9,0,0,0
1998_1999,4,12,St. Louis Blues,82,37,32,13,87,0.53,237,209,0.29,-0.05,2.89,2.55,61,301,20.27,47,387,87.86,7,4,15.9,12.6,6,2469,9.6,1868,0.888,28.5,0,0,0
1998_1999,4,13,Carolina Hurricanes,82,34,30,18,86,0.524,210,202,0.1,0,2.56,2.46,42,382,10.99,51,346,85.26,5,6,14,15.7,8,2142,9.8,2399,0.916,29,0,0,0
1998_1999,4,14,Mighty Ducks of Anaheim,82,35,34,13,83,0.506,215,206,0.1,-0.01,2.62,2.51,83,378,21.96,60,387,84.5,6,7,16,16.5,7,2331,9.2,2596,0.921,27.4,0,0,0
1998_1999,4,15,San Jose Sharks,82,31,33,18,80,0.488,196,191,0.04,-0.02,2.39,2.33,53,399,13.28,61,407,85.01,8,4,17.2,17.8,8,2143,9.1,2216,0.914,28.2,0,0,0
1998_1999,4,16,Florida Panthers,82,30,34,18,78,0.476,210,228,-0.21,0.01,2.56,2.78,51,380,13.42,67,370,81.89,10,11,18.4,19.1,5,2307,9.1,2355,0.903,27.3,0,0,0
1998_1999,4,17,Edmonton Oilers,82,33,37,12,78,0.476,230,226,0.02,-0.03,2.8,2.76,63,438,14.38,67,374,82.09,8,10,16.6,19.2,3,2396,9.6,2223,0.898,26.6,0,0,0
1998_1999,4,18,New York Rangers,82,33,38,11,77,0.47,217,227,-0.08,0.04,2.65,2.77,71,348,20.4,48,336,85.71,7,9,13.1,13.5,4,2085,10.4,2476,0.908,29.2,0,0,0
1998_1999,4,19,Montreal Canadiens,82,32,39,11,75,0.457,184,209,-0.26,0.05,2.24,2.55,50,344,14.53,44,344,87.21,8,10,15.7,15.5,7,2269,8.1,2207,0.905,27.9,0,0,0
1998_1999,4,24,Nashville Predators,82,28,47,7,63,0.384,190,261,-0.85,0.02,2.32,3.18,40,324,12.35,75,357,78.99,7,10,17.1,16.1,2,2218,8.6,2709,0.904,26.5,0,0,0
1998_1999,4,25,New York Islanders,82,24,48,10,58,0.354,194,244,-0.55,0.06,2.37,2.98,54,341,15.84,60,363,83.47,8,7,13.3,12.4,5,2157,9,2331,0.895,26.8,0,0,0
1999_2000,4,1,St. Louis Blues,82,51,19,11,114,0.695,248,165,1.08,0.07,3.02,2.01,61,342,17.84,42,345,87.83,13,3,13.6,13.9,9,2445,10.1,1814,0.909,28.7,1,0,0
1999_2000,4,2,Detroit Red Wings,82,48,22,10,108,0.659,278,210,0.88,0.05,3.39,2.56,69,338,20.41,44,311,85.85,15,6,12.1,12.7,6,2620,10.6,2169,0.903,30.7,2,0,0
1999_2000,4,3,Philadelphia Flyers,82,45,22,12,105,0.64,237,179,0.58,-0.13,2.89,2.18,69,340,20.29,42,316,86.71,7,7,14.9,16,7,2495,9.5,1938,0.908,29,3,0,0
1999_2000,4,4,New Jersey Devils,82,45,24,8,103,0.628,251,203,0.46,-0.13,3.06,2.48,55,274,20.07,39,313,87.54,9,9,15.8,13.8,6,2717,9.2,2100,0.903,27.8,5,0,0
1999_2000,4,5,Washington Capitals,82,44,24,12,102,0.622,227,194,0.28,-0.13,2.77,2.37,43,287,14.98,47,341,86.22,9,3,12,10.8,7,2269,10,2270,0.915,29,2,0,0
1999_2000,4,6,Dallas Stars,82,43,23,10,102,0.622,211,184,0.41,0.08,2.57,2.24,54,343,15.74,33,307,89.25,9,9,12.4,13.5,5,2099,10.1,2183,0.916,28.8,6,0,0
1999_2000,4,7,Toronto Maple Leafs,82,45,27,7,100,0.61,246,222,0.25,-0.05,3,2.71,57,321,17.76,58,330,82.42,11,5,13.3,13.6,6,2160,11.4,2386,0.907,28.2,3,0,0
1999_2000,4,8,Florida Panthers,82,43,27,6,98,0.598,244,209,0.28,-0.15,2.98,2.55,58,338,17.16,47,323,85.45,2,8,16.1,16.7,2,2198,11.1,2431,0.914,27.6,6,0,0
1999_2000,4,9,Colorado Avalanche,82,42,28,11,96,0.585,233,201,0.46,0.07,2.84,2.45,59,302,19.54,52,335,84.48,3,7,13.4,12.7,5,2187,10.7,2282,0.912,27.4,1,0,0
1999_2000,4,10,Ottawa Senators,82,41,28,11,95,0.579,244,210,0.3,-0.12,2.98,2.56,52,310,16.77,34,273,87.55,6,8,10.2,11.9,7,2584,9.4,2064,0.898,27.4,2,0,0
1999_2000,4,12,Phoenix Coyotes,82,39,31,8,90,0.549,232,228,0.15,0.1,2.83,2.78,37,310,11.94,43,306,85.95,14,7,11.3,11.1,6,2212,10.5,2334,0.902,29.6,4,0,0
1999_2000,4,14,Edmonton Oilers,82,32,26,16,88,0.537,226,212,0.22,0.05,2.76,2.59,53,336,15.77,54,369,85.37,9,4,16.2,14.9,2,2310,9.8,2318,0.909,26,8,0,0
1999_2000,4,15,San Jose Sharks,82,35,30,10,87,0.53,225,214,0.23,0.1,2.74,2.61,62,377,16.45,61,372,83.6,16,4,15.7,14.8,5,2248,10,2357,0.909,27.6,7,0,0
1999_2000,4,16,Buffalo Sabres,82,35,32,11,85,0.518,213,204,0.01,-0.1,2.6,2.49,37,351,10.54,54,361,85.04,8,10,14.2,13.5,8,2228,9.6,2207,0.908,26.5,4,0,0
1999_2000,4,18,Vancouver Canucks,82,30,29,15,83,0.506,227,237,-0.01,0.11,2.77,2.89,51,323,15.79,63,322,80.43,9,7,12.5,12.2,1,2187,10.4,2292,0.897,27,8,0,0
1999_2000,4,19,Montreal Canadiens,82,35,34,9,83,0.506,196,194,-0.06,-0.09,2.39,2.37,54,323,16.72,40,302,86.75,7,8,12.8,12.8,8,2135,9.2,2264,0.914,27.6,4,0,0
1999_2000,4,21,Chicago Blackhawks,82,33,37,10,78,0.476,242,245,0.1,0.13,2.95,2.99,52,325,16,58,355,83.66,10,13,17.4,17.3,4,2106,11.5,2397,0.898,27.1,2,0,0
1999_2000,4,26,New York Islanders,82,24,48,9,58,0.354,194,275,-1.02,-0.03,2.37,3.35,45,320,14.06,84,420,80,8,8,16.7,13.8,3,2146,9,2742,0.9,24.4,1,0,0
1999_2000,4,28,Atlanta Thrashers,82,14,57,7,39,0.238,170,313,-1.75,0,2.07,3.82,44,348,12.64,76,386,80.31,6,13,17.2,16,2,2115,8,2543,0.877,27.5,4,0,0
2000_2001,5,1,Colorado Avalanche,82,52,16,10,118,0.72,270,192,0.95,0,3.29,2.34,80,363,22.04,59,342,82.75,11,11,13.7,14.3,7,2395,11.3,2059,0.907,28.4,4,0,0
2000_2001,5,2,New Jersey Devils,82,48,19,12,111,0.677,295,195,1.1,-0.12,3.6,2.38,71,310,22.9,49,320,84.69,9,6,14.9,13.6,10,2588,11.4,2024,0.904,28.5,3,0,0
2000_2001,5,5,Dallas Stars,82,48,24,8,106,0.646,241,187,0.68,0.02,2.94,2.28,72,367,19.62,49,355,86.2,7,7,12.6,13.5,11,2100,11.5,2043,0.908,29.4,2,0,0
2000_2001,5,6,St. Louis Blues,82,43,22,12,103,0.628,249,195,0.67,0.01,3.04,2.38,72,385,18.7,57,389,85.35,15,7,16.2,16.4,10,2494,10,1933,0.899,28.5,5,0,0
2000_2001,5,9,Pittsburgh Penguins,82,42,28,9,96,0.585,281,256,0.23,-0.07,3.43,3.12,76,375,20.27,78,405,80.74,7,11,19.2,18.7,3,2394,11.7,2397,0.893,28,3,0,0
2000_2001,5,10,Washington Capitals,82,41,27,10,96,0.585,233,211,0.16,-0.1,2.84,2.57,75,353,21.25,62,391,84.14,6,7,13.8,12.8,5,2348,9.9,2273,0.907,30.1,4,0,0
2000_2001,5,11,San Jose Sharks,82,40,27,12,95,0.579,217,192,0.36,0.06,2.65,2.34,57,406,14.04,61,441,86.17,8,10,16.5,16.8,9,2266,9.6,2169,0.911,26.8,3,0,0
2000_2001,5,15,Vancouver Canucks,82,36,28,11,90,0.549,239,238,0.08,0.07,2.91,2.9,71,416,17.07,74,387,80.88,12,11,13.4,15.6,2,2434,9.8,2121,0.888,26.7,7,0,0
2000_2001,5,16,Phoenix Coyotes,82,35,27,17,90,0.549,214,212,0.07,0.05,2.61,2.59,57,343,16.62,64,432,85.19,9,6,16.2,12.4,6,2055,10.4,2430,0.913,28.5,3,0,0
2000_2001,5,18,Carolina Hurricanes,82,38,32,9,88,0.537,212,225,-0.24,-0.08,2.59,2.74,72,382,18.85,45,351,87.18,6,16,13.1,13.7,6,2217,9.6,2206,0.898,28.7,3,0,0
2000_2001,5,21,New York Rangers,82,33,43,5,72,0.439,250,290,-0.53,-0.04,3.05,3.54,65,363,17.91,86,400,78.5,16,12,18.3,16.8,0,2345,10.7,2575,0.887,29.5,1,0,0
2000_2001,5,23,Columbus Blue Jackets,82,28,39,9,71,0.433,190,233,-0.44,0.08,2.32,2.84,56,381,14.7,70,363,80.72,3,8,14.8,14.9,4,2082,9.1,2475,0.906,28.2,6,0,0
2000_2001,5,24,Montreal Canadiens,82,28,40,8,70,0.427,206,232,-0.35,-0.03,2.51,2.83,68,421,16.15,60,337,82.2,5,3,12.2,15.7,4,2148,9.6,2296,0.899,26.8,6,0,0
2000_2001,5,25,Minnesota Wild,82,25,39,13,68,0.415,168,210,-0.42,0.09,2.05,2.56,36,374,9.63,57,373,84.72,13,14,14.3,13.8,6,2020,8.3,2307,0.909,27.4,5,0,0
2000_2001,5,27,Florida Panthers,82,22,38,13,66,0.402,200,246,-0.6,-0.04,2.44,3,46,353,13.03,64,398,83.92,8,13,18.3,18.1,6,2170,9.2,2559,0.904,27,9,0,0
2000_2001,5,28,Atlanta Thrashers,82,23,45,12,60,0.366,211,289,-0.99,-0.04,2.57,3.52,54,395,13.67,90,408,77.94,9,8,18.2,17.7,2,2291,9.2,2655,0.891,27.8,2,0,0
2000_2001,5,30,New York Islanders,82,21,51,7,52,0.317,185,268,-1.02,0,2.26,3.27,51,386,13.21,79,445,82.25,9,14,16.2,14.5,2,2257,8.2,2377,0.887,26.8,3,0,0
2001_2002,5,1,Detroit Red Wings,82,51,17,10,116,0.707,251,187,0.83,0.05,3.06,2.28,73,359,20.33,48,343,86.01,9,7,12.7,12.9,7,2538,9.9,2159,0.913,31.9,4,0,0
2001_2002,5,2,Boston Bruins,82,43,24,6,101,0.616,236,201,0.33,-0.09,2.88,2.45,39,283,13.78,45,349,87.11,14,5,17.6,15.2,6,2595,9.1,2057,0.902,28.1,9,0,0
2001_2002,5,4,Colorado Avalanche,82,45,28,8,99,0.604,212,169,0.58,0.06,2.59,2.06,62,344,18.02,41,315,86.98,7,7,12.2,12.6,11,2252,9.4,2177,0.922,27.9,1,0,0
2001_2002,5,5,San Jose Sharks,82,44,27,8,99,0.604,248,199,0.62,0.02,3.02,2.43,59,369,15.99,54,381,85.83,15,6,15.1,15.1,9,2228,11.1,2335,0.915,27.9,3,0,0
2001_2002,5,6,St. Louis Blues,82,43,27,8,98,0.598,227,188,0.54,0.07,2.77,2.29,62,356,17.42,56,379,85.22,5,7,16.1,15.5,7,2378,9.5,1847,0.898,29.3,4,0,0
2001_2002,5,8,Chicago Blackhawks,82,41,27,13,96,0.585,216,207,0.19,0.08,2.63,2.52,54,302,17.88,63,340,81.47,4,2,14.9,13,6,2271,9.5,2077,0.9,29.4,1,0,0
2001_2002,5,9,New York Islanders,82,42,28,8,96,0.585,239,220,0.15,-0.08,2.91,2.68,59,363,16.25,52,366,85.79,17,10,15.2,16,6,2319,10.3,2285,0.904,27.5,4,0,0
2001_2002,5,10,Los Angeles Kings,82,40,27,11,95,0.579,214,190,0.35,0.05,2.61,2.32,73,353,20.68,49,366,86.61,5,6,16.2,15.6,8,2110,10.1,2051,0.907,28.9,4,0,0
2001_2002,5,11,Phoenix Coyotes,82,40,27,9,95,0.579,228,210,0.29,0.07,2.78,2.56,53,340,15.59,60,356,83.15,8,6,13.9,14.6,6,2179,10.5,2349,0.911,27.2,6,0,0
2001_2002,5,12,New Jersey Devils,82,41,28,9,95,0.579,205,187,0.15,-0.07,2.5,2.28,44,261,16.86,43,265,83.77,2,8,12.1,11.8,4,2445,8.4,1900,0.902,28.9,4,0,0
2001_2002,5,13,Vancouver Canucks,82,42,30,7,94,0.573,254,211,0.59,0.07,3.1,2.57,69,372,18.55,57,379,84.96,3,9,16,15.7,8,2326,10.9,2078,0.898,26.3,3,0,0
2001_2002,5,14,Ottawa Senators,82,39,27,9,94,0.573,243,208,0.36,-0.07,2.96,2.54,55,331,16.62,48,307,84.36,11,5,16.3,16.6,10,2469,9.8,2125,0.902,26.3,7,0,0
2001_2002,5,15,Edmonton Oilers,82,38,28,12,92,0.561,205,182,0.34,0.06,2.5,2.22,51,333,15.32,50,348,85.63,12,7,15.4,14.9,8,2256,9.1,2120,0.914,26.1,4,0,0
2001_2002,5,16,Carolina Hurricanes,82,35,26,16,91,0.555,217,217,-0.09,-0.09,2.65,2.65,63,391,16.11,54,332,83.73,4,11,12.3,15.9,5,2347,9.2,2214,0.902,29.2,5,0,0
2001_2002,5,18,Montreal Canadiens,82,36,31,12,87,0.53,207,209,-0.1,-0.08,2.52,2.55,45,301,14.95,38,277,86.28,7,4,11.6,12.5,7,2092,9.9,2597,0.92,28.4,3,0,0
2001_2002,5,19,Washington Capitals,82,36,33,11,85,0.518,228,240,-0.25,-0.1,2.78,2.93,58,299,19.4,58,325,82.15,2,8,12.6,13.1,6,2293,9.9,2357,0.898,30.1,2,0,0
2001_2002,5,21,New York Rangers,82,36,38,4,80,0.488,227,258,-0.43,-0.05,2.77,3.15,48,326,14.72,80,398,79.9,8,5,21.3,16.8,2,2392,9.5,2618,0.901,28.9,4,0,0
2001_2002,5,22,Calgary Flames,82,32,35,12,79,0.482,201,220,-0.15,0.08,2.45,2.68,55,364,15.11,66,356,81.46,10,5,19.2,19.1,7,2207,9.1,2242,0.902,27.6,3,0,0
2001_2002,5,23,Minnesota Wild,82,26,35,12,73,0.445,195,238,-0.41,0.11,2.38,2.9,55,373,14.75,62,362,82.87,11,9,14.6,14,6,1954,10,2296,0.896,27.3,9,0,0
2001_2002,5,24,Nashville Predators,82,28,41,13,69,0.421,196,230,-0.31,0.1,2.39,2.8,48,337,14.24,50,354,85.88,6,8,12.8,13.4,5,2019,9.7,2313,0.901,26.8,0,0,0
2001_2002,5,25,Mighty Ducks of Anaheim,82,29,42,8,69,0.421,175,198,-0.2,0.08,2.13,2.41,43,373,11.53,46,330,86.06,4,9,15.1,17,5,2142,8.2,2253,0.912,27,3,0,0
2001_2002,5,26,Pittsburgh Penguins,82,28,41,8,69,0.421,198,249,-0.66,-0.04,2.41,3.04,47,335,14.03,57,352,83.81,5,10,15,14,6,2215,8.9,2394,0.896,26.5,5,0,0
2001_2002,5,28,Florida Panthers,82,22,44,10,60,0.366,180,250,-0.92,-0.07,2.2,3.05,50,341,14.66,76,393,80.66,8,7,24.1,22.1,5,2205,8.2,2666,0.906,26.1,6,0,0
2002_2003,5,1,Ottawa Senators,82,52,21,8,113,0.689,263,182,0.88,-0.11,3.21,2.22,83,391,21.23,50,332,84.94,4,8,13.6,16.5,8,2441,10.8,2033,0.91,26.3,1,0,0
2002_2003,5,2,Dallas Stars,82,46,17,15,111,0.677,245,169,0.94,0.01,2.99,2.06,62,327,18.96,50,346,85.55,9,6,13.9,14,11,2466,9.9,2073,0.918,30,4,0,0
2002_2003,5,4,New Jersey Devils,82,46,20,10,108,0.659,216,166,0.49,-0.12,2.63,2.02,36,303,11.88,32,264,87.88,7,4,11.3,11.2,10,2601,8.3,1933,0.914,29.3,6,0,0
2002_2003,5,5,Philadelphia Flyers,82,45,20,13,107,0.652,211,166,0.43,-0.12,2.57,2.02,47,328,14.33,50,338,85.21,8,8,11.9,11.9,8,2537,8.3,2019,0.918,29.1,4,0,0
2002_2003,5,6,Colorado Avalanche,82,42,19,13,105,0.64,251,194,0.75,0.06,3.06,2.37,68,363,18.73,63,359,82.45,5,6,13,13.2,6,2386,10.5,2322,0.916,28.7,8,0,0
2002_2003,5,7,Vancouver Canucks,82,45,23,13,104,0.634,264,208,0.74,0.05,3.22,2.54,87,419,20.76,62,389,84.06,12,10,14,15,4,2388,11.1,2185,0.905,26.9,1,0,0
2002_2003,5,8,St. Louis Blues,82,41,24,11,99,0.604,253,222,0.43,0.05,3.09,2.71,80,391,20.46,71,389,81.75,11,7,19.6,17.9,8,2301,11,2047,0.892,29.6,6,0,0
2002_2003,5,10,Mighty Ducks of Anaheim,82,40,27,9,95,0.579,203,193,0.19,0.07,2.48,2.35,56,348,16.09,42,333,87.39,8,5,11.4,11.9,9,2246,9,2377,0.919,27.7,6,0,0
2002_2003,5,11,Minnesota Wild,82,42,29,10,95,0.579,198,178,0.32,0.08,2.41,2.17,52,366,14.21,43,308,86.04,9,5,12.6,13.9,6,2086,9.5,2335,0.924,28,1,0,0
2002_2003,5,12,Tampa Bay Lightning,82,36,25,16,93,0.567,219,210,-0.01,-0.12,2.67,2.56,70,391,17.9,55,316,82.59,6,5,12.8,14.3,6,2395,9.1,2298,0.909,26.8,5,0,0
2002_2003,5,13,Washington Capitals,82,39,29,8,92,0.561,224,220,-0.06,-0.11,2.73,2.68,57,331,17.22,72,384,81.25,8,4,15.2,13.5,4,2223,10.1,2454,0.91,29.1,6,0,0
2002_2003,5,15,Boston Bruins,82,36,31,11,87,0.53,245,237,0.02,-0.08,2.99,2.89,59,325,18.15,65,375,82.67,10,11,16.4,15,2,2636,9.3,2322,0.898,27.9,4,0,0
2002_2003,5,16,New York Islanders,82,35,34,11,83,0.506,224,231,-0.16,-0.07,2.73,2.82,58,384,15.1,67,405,83.46,12,5,14.9,14.6,3,2427,9.2,2318,0.9,27.7,2,0,0
2002_2003,5,17,Los Angeles Kings,82,33,36,6,79,0.482,203,221,-0.13,0.09,2.48,2.7,52,354,14.69,62,371,83.29,8,4,13.4,13.3,7,2272,8.9,2141,0.897,28.4,7,0,0
2002_2003,5,18,Chicago Blackhawks,82,30,33,13,79,0.482,207,226,-0.14,0.09,2.52,2.76,39,308,12.66,56,369,84.82,8,8,14.1,12.2,9,2279,9.1,2345,0.904,29.6,6,0,0
2002_2003,5,23,Nashville Predators,82,27,35,13,74,0.451,183,206,-0.17,0.11,2.23,2.51,58,418,13.88,61,353,82.72,2,8,11.7,13.3,3,2316,7.9,2252,0.909,27.1,7,0,0
2002_2003,5,24,Atlanta Thrashers,82,31,39,7,74,0.451,226,284,-0.78,-0.07,2.76,3.46,64,371,17.25,65,355,81.69,8,14,15,15.8,2,2163,10.4,2593,0.89,27.1,5,0,0
2002_2003,5,25,San Jose Sharks,82,28,37,9,73,0.445,214,239,-0.21,0.1,2.61,2.91,68,375,18.13,68,358,81.01,5,10,13.2,14.3,5,2303,9.3,2392,0.9,27.5,8,0,0
2002_2003,5,26,Buffalo Sabres,82,27,37,10,72,0.439,190,219,-0.4,-0.05,2.32,2.67,51,354,14.41,53,363,85.4,8,11,15.2,14.7,6,2345,8.1,2296,0.905,25.9,8,0,0
2002_2003,5,28,Columbus Blue Jackets,82,29,42,8,69,0.421,213,263,-0.51,0.11,2.6,3.21,71,410,17.32,60,409,85.33,12,9,18,18.9,5,2143,9.9,2641,0.9,27.7,3,0,0
2002_2003,5,29,Pittsburgh Penguins,82,27,44,6,65,0.396,189,255,-0.85,-0.04,2.3,3.11,66,360,18.33,58,352,83.52,3,10,13.3,11.8,4,2079,9.1,2535,0.899,27.8,5,0,0
2002_2003,5,30,Carolina Hurricanes,82,22,43,11,61,0.372,171,240,-0.9,-0.06,2.09,2.93,58,420,13.81,71,392,81.89,6,9,14.5,16.1,5,2414,7.1,2332,0.897,28.5,6,0,0
2003_2004,5,2,Tampa Bay Lightning,82,46,22,8,106,0.646,245,192,0.56,-0.09,2.99,2.34,55,339,16.22,42,278,84.89,15,4,11.6,13.1,4,2460,10,2085,0.908,28.1,6,0,0
2003_2004,5,3,Boston Bruins,82,41,19,15,104,0.634,209,188,0.29,0.03,2.55,2.29,48,300,16,55,335,83.58,7,13,14.5,12.8,7,2500,8.4,2280,0.918,27.9,7,0,0
2003_2004,5,6,Ottawa Senators,82,43,23,10,102,0.622,262,189,0.88,-0.01,3.2,2.3,80,370,21.62,57,347,83.57,6,8,15.3,16.4,8,2421,10.8,2040,0.907,27,6,0,0
2003_2004,5,7,Vancouver Canucks,82,43,24,10,101,0.616,235,194,0.52,0.02,2.87,2.37,56,376,14.89,50,360,86.11,5,8,15.2,15.4,8,2379,9.9,2183,0.911,27.5,5,0,0
2003_2004,5,8,Philadelphia Flyers,82,40,21,15,101,0.616,229,186,0.47,-0.05,2.79,2.27,65,314,20.7,58,348,83.33,7,3,16.3,15.7,7,2410,9.5,2092,0.911,29.7,6,0,0
2003_2004,5,9,Colorado Avalanche,82,40,22,13,100,0.61,236,198,0.48,0.02,2.88,2.41,74,363,20.39,58,357,83.75,7,14,15.4,15.4,4,2410,9.8,2325,0.915,27.9,7,0,0
2003_2004,5,10,New Jersey Devils,82,43,25,12,100,0.61,213,164,0.54,-0.06,2.6,2,51,312,16.35,39,266,85.34,8,5,10.7,11.2,14,2433,8.8,2001,0.918,28.8,2,0,0
2003_2004,5,11,Dallas Stars,82,41,26,13,97,0.591,194,175,0.22,-0.01,2.37,2.13,52,328,15.85,44,311,85.85,5,11,13.7,13.4,10,2196,8.8,1902,0.908,30.6,2,0,0
2003_2004,5,14,St. Louis Blues,82,39,30,11,91,0.555,191,198,-0.09,-0.01,2.33,2.41,61,341,17.89,57,369,84.55,7,11,15.2,13.9,4,2223,8.6,2103,0.906,30,2,0,0
2003_2004,5,15,Nashville Predators,82,38,29,11,91,0.555,216,217,-0.05,-0.04,2.63,2.65,72,428,16.82,64,351,81.77,14,8,16.3,19.4,4,2227,9.7,2335,0.907,26.5,4,0,0
2003_2004,5,17,Edmonton Oilers,82,36,29,12,89,0.543,221,208,0.21,0.05,2.7,2.54,44,338,13.02,66,350,81.14,13,8,14.6,14.5,4,2332,9.5,2175,0.904,27.5,5,0,0
2003_2004,5,18,Buffalo Sabres,82,37,34,7,85,0.518,220,221,0.02,0.04,2.68,2.7,58,367,15.8,53,348,84.77,7,9,15.4,17.2,4,2301,9.6,2340,0.906,26.4,4,0,0
2003_2004,5,19,Minnesota Wild,82,30,29,20,83,0.506,188,183,0.08,0.02,2.29,2.23,46,339,13.57,44,285,84.56,7,7,12.1,14.3,7,1982,9.5,2383,0.923,27.4,3,0,0
2003_2004,5,20,Los Angeles Kings,82,28,29,16,81,0.494,205,217,-0.15,0,2.5,2.65,50,356,14.04,65,336,80.65,9,4,14.1,14,8,2349,8.7,2213,0.902,28.7,9,0,0
2003_2004,5,23,Mighty Ducks of Anaheim,82,29,35,10,76,0.463,184,213,-0.34,0.01,2.24,2.6,56,310,18.06,54,353,84.7,5,4,13.6,12.7,5,2438,7.5,2443,0.913,27.7,8,0,0
2003_2004,5,24,Florida Panthers,82,28,35,15,75,0.457,188,221,-0.42,-0.02,2.29,2.7,52,310,16.77,51,373,86.33,7,12,14.4,12.4,7,2273,8.3,2828,0.922,25.3,4,0,0
2003_2004,5,25,New York Rangers,82,27,40,7,69,0.421,206,250,-0.51,0.03,2.51,3.05,46,322,14.29,80,388,79.38,6,8,17.4,15.6,4,2416,8.5,2396,0.896,30.2,8,0,0
2003_2004,5,26,Phoenix Coyotes,82,22,36,18,68,0.415,188,245,-0.66,0.04,2.29,2.99,51,358,14.25,71,398,82.16,9,8,15.6,14.5,6,2171,8.7,2506,0.902,26.7,6,0,0
2003_2004,5,27,Columbus Blue Jackets,82,25,45,8,62,0.378,177,238,-0.72,0.03,2.16,2.9,58,401,14.46,50,337,85.16,5,14,14.5,16,5,2280,7.8,2623,0.909,27.5,4,0,0
2003_2004,5,28,Chicago Blackhawks,82,20,43,11,59,0.36,188,259,-0.84,0.02,2.29,3.16,55,349,15.76,63,383,83.55,5,14,15.9,15.7,4,2401,7.8,2521,0.897,25.8,8,0,0
2003_2004,5,29,Washington Capitals,82,23,46,10,59,0.36,186,253,-0.8,0.02,2.27,3.09,64,334,19.16,75,401,81.3,4,5,15.5,14.1,3,1946,9.6,2586,0.902,28,3,0,0
2003_2004,5,30,Pittsburgh Penguins,82,23,47,8,58,0.354,190,303,-1.31,0.07,2.32,3.7,65,360,18.06,84,369,77.24,7,15,15.1,15,3,2029,9.4,2720,0.889,26.5,4,0,0
2004_2005,5,1,Detroit Red Wings,82,58,16,0,124,0.756,301,206,1.03,-0.14,3.67,2.51,102,461,22.13,67,461,85.47,7,10,13.4,13,9,2796,10.8,2180,0.906,32.1,8,4,3
2004_2005,5,2,Ottawa Senators,82,52,21,0,113,0.689,312,205,1.18,-0.08,3.8,2.5,102,490,20.82,73,476,84.66,25,11,17.6,17.7,8,2811,11.1,2344,0.913,27.3,9,2,6
2004_2005,5,3,Carolina Hurricanes,82,52,22,0,112,0.683,286,258,0.29,-0.13,3.49,3.15,95,531,17.89,81,445,81.8,17,13,13.5,16.2,4,2553,11.2,2497,0.897,29.2,8,8,2
2004_2005,5,4,Dallas Stars,82,53,23,0,112,0.683,253,217,0.61,0.04,3.09,2.65,88,498,17.67,82,504,83.73,10,7,18.1,17,3,2333,10.8,2099,0.897,29.7,6,12,1
2004_2005,5,7,Calgary Flames,82,46,25,0,103,0.628,216,193,0.3,0.08,2.63,2.35,87,478,18.2,80,508,84.25,8,7,17.9,16.5,10,2299,9.4,2260,0.915,28,11,2,7
2004_2005,5,8,Philadelphia Flyers,82,45,26,0,101,0.616,263,253,0,-0.1,3.21,3.09,80,444,18.02,97,465,79.14,19,6,14.5,14,3,2552,10.3,2370,0.893,28.2,11,4,6
2004_2005,5,10,New York Rangers,82,44,26,0,100,0.61,250,211,0.38,-0.14,3.05,2.57,83,442,18.78,79,486,83.74,4,9,14.4,13.6,2,2448,10.2,2358,0.911,28.2,12,7,4
2004_2005,5,11,San Jose Sharks,82,44,27,0,99,0.604,265,235,0.36,0.06,3.23,2.87,91,500,18.2,77,399,80.7,10,11,12.7,14.9,5,2483,10.7,2180,0.892,26.5,11,1,7
2004_2005,5,13,Colorado Avalanche,82,43,30,0,95,0.579,280,251,0.39,0.07,3.41,3.06,89,473,18.82,69,448,84.6,11,12,14,15.4,5,2464,11.4,2415,0.896,29.6,9,3,6
2004_2005,5,14,Edmonton Oilers,82,41,28,0,95,0.579,249,242,0.15,0.09,3.04,2.95,88,485,18.14,76,478,84.1,15,5,14.4,15.3,2,2442,10.2,2094,0.884,28.7,13,7,9
2004_2005,5,15,Montreal Canadiens,82,42,31,0,93,0.567,241,244,-0.01,0.04,2.94,2.98,89,463,19.22,91,481,81.08,10,6,16,15,8,2470,9.8,2507,0.903,27.9,9,2,3
2004_2005,5,16,Tampa Bay Lightning,82,43,33,0,92,0.561,246,256,-0.18,-0.08,3,3.12,81,485,16.7,72,391,81.59,11,11,11.4,13.7,7,2594,9.5,2260,0.887,29.3,6,6,4
2004_2005,5,17,Vancouver Canucks,82,42,32,0,92,0.561,252,251,0.11,0.1,3.07,3.06,96,526,18.25,93,512,81.84,6,10,17.8,17.8,0,2358,10.7,2466,0.898,27.9,8,4,4
2004_2005,5,18,Atlanta Thrashers,82,41,33,0,90,0.549,276,270,-0.03,-0.1,3.37,3.29,100,527,18.98,102,492,79.27,13,10,16.1,17.4,6,2522,10.9,2483,0.891,28.9,8,5,5
2004_2005,5,19,Toronto Maple Leafs,82,41,33,0,90,0.549,254,263,-0.11,0.05,3.1,3.21,107,501,21.36,99,496,80.04,14,12,16.8,16.9,3,2323,10.9,2509,0.895,29.4,8,3,7
2004_2005,5,20,Los Angeles Kings,82,42,35,0,89,0.543,243,269,-0.15,0.11,2.96,3.28,77,541,14.23,104,489,78.73,15,12,17.6,20.4,5,2394,10.2,2459,0.891,28.6,5,6,1
2004_2005,5,21,Florida Panthers,82,37,34,0,85,0.518,236,252,-0.28,-0.07,2.88,3.07,63,411,15.33,91,514,82.3,5,12,15.3,13,4,2724,8.7,2853,0.912,27.6,11,4,5
2004_2005,5,23,Phoenix Coyotes,82,38,39,0,81,0.494,242,268,-0.19,0.12,2.95,3.27,96,541,17.74,98,513,80.9,9,11,18.2,18,4,2318,10.4,2479,0.892,28.4,5,4,3
2004_2005,5,24,New York Islanders,82,36,40,0,78,0.476,221,275,-0.62,-0.04,2.7,3.35,76,450,16.89,99,476,79.2,5,15,15.2,14,1,2481,8.9,2549,0.892,27.7,6,9,3
2004_2005,5,25,Boston Bruins,82,29,37,0,74,0.451,228,258,-0.36,0.08,2.78,3.15,62,418,14.83,78,479,83.72,9,10,14.2,12.8,2,2511,9.1,2633,0.902,28,16,2,8
2004_2005,5,26,Columbus Blue Jackets,82,35,43,0,74,0.451,215,276,-0.66,0.02,2.62,3.37,64,451,14.19,95,523,81.84,10,8,17,15.4,1,2250,9.6,2762,0.9,27.4,4,8,3
2004_2005,5,27,Washington Capitals,82,29,41,0,70,0.427,230,300,-0.86,-0.02,2.8,3.66,72,490,14.69,116,550,78.91,15,18,18,16.3,1,2445,9.4,2880,0.896,27.6,12,7,6
2004_2005,5,29,Pittsburgh Penguins,82,22,46,0,58,0.354,243,310,-0.89,-0.01,2.96,3.78,94,495,18.99,113,533,78.8,13,16,18.8,16.7,2,2297,10.6,2723,0.886,26.8,14,1,6
2005_2006,5,2,Ottawa Senators,82,52,21,0,113,0.689,312,205,1.18,-0.08,3.8,2.5,102,490,20.82,73,476,84.66,25,11,17.6,17.7,8,2811,11.1,2344,0.913,27.3,9,2,6
2005_2006,5,3,Carolina Hurricanes,82,52,22,0,112,0.683,286,258,0.29,-0.13,3.49,3.15,95,531,17.89,81,445,81.8,17,13,13.5,16.2,4,2553,11.2,2497,0.897,29.2,8,8,2
2005_2006,5,4,Dallas Stars,82,53,23,0,112,0.683,253,217,0.61,0.04,3.09,2.65,88,498,17.67,82,504,83.73,10,7,18.1,17,3,2333,10.8,2099,0.897,29.7,6,12,1
2005_2006,5,5,Buffalo Sabres,82,52,24,0,110,0.671,276,234,0.5,-0.01,3.37,2.85,101,477,21.17,59,439,86.56,10,17,14,15.2,2,2510,11,2502,0.906,26.9,6,5,5
2005_2006,5,6,Nashville Predators,82,49,25,0,106,0.646,253,224,0.32,-0.07,3.09,2.73,94,512,18.36,82,533,84.62,12,13,18.5,18,6,2380,10.6,2661,0.916,27.6,8,6,3
2005_2006,5,8,Philadelphia Flyers,82,45,26,0,101,0.616,263,253,0,-0.1,3.21,3.09,80,444,18.02,97,465,79.14,19,6,14.5,14,3,2552,10.3,2370,0.893,28.2,11,4,6
2005_2006,5,9,New Jersey Devils,82,46,27,0,101,0.616,233,225,0.05,-0.11,2.84,2.74,78,441,17.69,63,349,81.95,3,6,11.5,14.2,5,2393,9.7,2403,0.906,30,9,9,4
2005_2006,5,11,San Jose Sharks,82,44,27,0,99,0.604,265,235,0.36,0.06,3.23,2.87,91,500,18.2,77,399,80.7,10,11,12.7,14.9,5,2483,10.7,2180,0.892,26.5,11,1,7
2005_2006,5,12,Mighty Ducks of Anaheim,82,43,27,0,98,0.598,251,222,0.37,0.06,3.06,2.71,87,480,18.13,84,510,83.53,9,13,17.3,16.9,3,2585,9.7,2431,0.909,28.2,12,3,7
2005_2006,5,13,Colorado Avalanche,82,43,30,0,95,0.579,280,251,0.39,0.07,3.41,3.06,89,473,18.82,69,448,84.6,11,12,14,15.4,5,2464,11.4,2415,0.896,29.6,9,3,6
2005_2006,5,14,Edmonton Oilers,82,41,28,0,95,0.579,249,242,0.15,0.09,3.04,2.95,88,485,18.14,76,478,84.1,15,5,14.4,15.3,2,2442,10.2,2094,0.884,28.7,13,7,9
2005_2006,5,15,Montreal Canadiens,82,42,31,0,93,0.567,241,244,-0.01,0.04,2.94,2.98,89,463,19.22,91,481,81.08,10,6,16,15,8,2470,9.8,2507,0.903,27.9,9,2,3
2005_2006,5,17,Vancouver Canucks,82,42,32,0,92,0.561,252,251,0.11,0.1,3.07,3.06,96,526,18.25,93,512,81.84,6,10,17.8,17.8,0,2358,10.7,2466,0.898,27.9,8,4,4
2005_2006,5,21,Florida Panthers,82,37,34,0,85,0.518,236,252,-0.28,-0.07,2.88,3.07,63,411,15.33,91,514,82.3,5,12,15.3,13,4,2724,8.7,2853,0.912,27.6,11,4,5
2005_2006,5,22,Minnesota Wild,82,38,36,0,84,0.512,226,212,0.28,0.08,2.76,2.59,77,454,16.96,55,436,87.39,11,7,14.5,15.4,3,2194,10.3,2460,0.914,27.7,8,5,3
2005_2006,5,25,Boston Bruins,82,29,37,0,74,0.451,228,258,-0.36,0.08,2.78,3.15,62,418,14.83,78,479,83.72,9,10,14.2,12.8,2,2511,9.1,2633,0.902,28,16,2,8
2005_2006,5,26,Columbus Blue Jackets,82,35,43,0,74,0.451,215,276,-0.66,0.02,2.62,3.37,64,451,14.19,95,523,81.84,10,8,17,15.4,1,2250,9.6,2762,0.9,27.4,4,8,3
2005_2006,5,27,Washington Capitals,82,29,41,0,70,0.427,230,300,-0.86,-0.02,2.8,3.66,72,490,14.69,116,550,78.91,15,18,18,16.3,1,2445,9.4,2880,0.896,27.6,12,7,6
2005_2006,5,30,St. Louis Blues,82,21,46,0,57,0.348,193,284,-1.09,0.07,2.35,3.46,75,512,14.65,82,461,82.21,6,8,16.5,17.5,3,2335,8.3,2510,0.887,29,15,4,8
2006_2007,5,1,Buffalo Sabres,82,53,22,0,113,0.689,298,238,0.64,-0.16,3.63,2.9,71,407,17.44,72,386,81.35,8,13,14.6,15.2,2,2417,12.3,2541,0.906,27.2,7,10,4
2006_2007,5,2,Detroit Red Wings,82,50,19,0,113,0.689,252,191,0.72,0.05,3.07,2.33,68,401,16.96,63,408,84.56,12,11,12,12.4,8,2771,9.1,2020,0.905,32.3,13,2,8
2006_2007,5,4,Anaheim Ducks,82,48,20,0,110,0.671,254,198,0.67,0.06,3.1,2.41,89,398,22.36,61,410,85.12,4,4,17.8,17.8,5,2582,9.8,2248,0.912,28.5,14,4,10
2006_2007,5,6,San Jose Sharks,82,51,26,0,107,0.652,256,197,0.77,0.05,3.12,2.4,92,410,22.44,55,330,83.33,7,4,11.6,14.2,11,2346,10.9,2148,0.908,26.4,5,2,2
2006_2007,5,7,Dallas Stars,82,50,25,0,107,0.652,217,195,0.44,0.08,2.65,2.38,79,427,18.5,59,377,84.35,3,6,13.8,14.9,9,2295,9.5,2114,0.908,30,7,9,4
2006_2007,5,8,Vancouver Canucks,82,49,26,0,105,0.64,217,197,0.39,0.13,2.65,2.4,70,407,17.2,57,436,86.93,5,8,14.7,14.2,5,2405,9,2398,0.918,28,7,5,4
2006_2007,5,9,Ottawa Senators,82,48,25,0,105,0.64,286,216,0.64,-0.16,3.49,2.63,72,403,17.87,61,394,84.52,17,12,14.2,14.6,6,2651,10.8,2479,0.913,26.6,9,2,6
2006_2007,5,11,Minnesota Wild,82,48,26,0,104,0.634,225,184,0.65,0.11,2.74,2.24,72,380,18.95,48,342,85.96,9,8,10.5,11.6,8,2431,9.3,2361,0.922,28.2,8,10,7
2006_2007,5,12,Atlanta Thrashers,82,43,28,0,97,0.591,239,241,-0.15,-0.16,2.91,2.94,67,407,16.46,79,391,79.8,9,10,13.4,14,4,2438,9.8,2582,0.907,29.4,11,7,4
2006_2007,5,13,Calgary Flames,82,43,29,0,96,0.585,255,221,0.51,0.12,3.11,2.7,73,401,18.2,81,414,80.43,15,5,14.7,14.3,7,2242,11.4,2502,0.912,28.4,10,3,5
2006_2007,5,14,Colorado Avalanche,82,44,31,0,95,0.579,267,247,0.39,0.13,3.26,3.01,79,374,21.12,70,353,80.17,7,9,10.8,11.6,3,2603,10.3,2378,0.896,28.4,7,5,4
2006_2007,5,15,New York Rangers,82,42,30,0,94,0.573,233,211,0.16,-0.16,2.84,2.57,75,406,18.47,65,400,83.75,11,6,13.5,14.3,5,2586,9,2329,0.909,28.6,10,9,5
2006_2007,5,18,Toronto Maple Leafs,82,40,31,0,91,0.555,254,262,-0.21,-0.08,3.1,3.2,71,401,17.71,90,418,78.47,3,11,13.9,13.2,2,2681,9.5,2330,0.888,27.8,11,4,7
2006_2007,5,21,Florida Panthers,82,35,31,0,86,0.524,245,249,-0.27,-0.15,2.99,3.04,61,337,18.1,78,443,82.39,5,6,14.4,11.4,2,2730,9,2402,0.896,29.1,16,2,8
2006_2007,5,22,St. Louis Blues,82,34,35,0,81,0.494,208,248,-0.33,0.15,2.54,3.02,46,381,12.07,83,414,79.95,7,10,14.9,13.4,6,2202,9.4,2369,0.895,28.9,13,6,6
2006_2007,5,23,Boston Bruins,82,35,41,0,76,0.463,210,285,-0.87,-0.01,2.56,3.48,71,412,17.23,81,442,81.67,8,18,15.3,14.5,3,2370,8.9,2748,0.896,27.8,6,9,4
2006_2007,5,25,Edmonton Oilers,82,32,43,0,71,0.433,192,245,-0.43,0.22,2.34,2.99,53,373,14.21,59,382,84.55,6,4,15.7,14.6,4,2193,8.8,2439,0.9,28.2,7,3,3
2006_2007,5,26,Chicago Blackhawks,82,31,42,0,71,0.433,195,251,-0.52,0.17,2.38,3.06,43,364,11.81,77,443,82.62,12,6,16.2,13.7,3,2201,8.9,2408,0.896,27.5,9,6,7
2006_2007,5,27,Washington Capitals,82,28,40,0,70,0.427,234,275,-0.73,-0.1,2.85,3.35,67,408,16.42,82,414,80.19,12,14,15,15.1,1,2295,10.2,2734,0.899,26.9,14,1,11
2006_2007,5,28,Los Angeles Kings,82,27,41,0,68,0.415,223,277,-0.51,0.18,2.72,3.38,81,442,18.33,91,411,77.86,6,6,15.1,16.2,3,2542,8.8,2440,0.886,29.2,14,4,6
2006_2007,5,29,Phoenix Coyotes,82,31,46,0,67,0.409,211,282,-0.64,0.19,2.57,3.44,66,400,16.5,92,425,78.35,5,13,17.6,15.3,6,2320,9.1,2470,0.886,28.8,5,5,2
2006_2007,5,30,Philadelphia Flyers,82,22,48,0,56,0.341,213,297,-1.12,-0.04,2.6,3.62,53,376,14.1,65,420,84.52,15,14,15.9,13.6,1,2360,9,2673,0.889,27.3,12,1,6
2007_2008,5,1,Detroit Red Wings,82,54,21,0,115,0.701,252,179,0.93,0.04,3.07,2.18,81,391,20.72,57,357,84.03,5,7,11.4,12.7,9,2820,8.9,1930,0.907,32.1,7,5,5
2007_2008,5,2,San Jose Sharks,82,49,23,0,108,0.659,216,187,0.47,0.12,2.63,2.28,70,374,18.72,44,310,85.81,7,9,13.1,15.7,7,2428,8.9,1981,0.906,27.7,10,6,6
2007_2008,5,3,Montreal Canadiens,82,47,25,0,104,0.634,257,216,0.35,-0.14,3.13,2.63,90,374,24.06,60,342,82.46,8,3,13.3,14.1,6,2382,10.8,2589,0.917,27.6,10,5,6
2007_2008,5,4,Anaheim Ducks,82,47,27,0,102,0.622,197,184,0.3,0.13,2.4,2.24,60,361,16.62,69,408,83.09,8,7,18.1,16.9,4,2241,8.8,2299,0.92,29.7,8,8,7
2007_2008,5,5,Pittsburgh Penguins,82,47,27,0,102,0.622,240,212,0.24,-0.14,2.93,2.59,77,378,20.37,68,357,80.95,6,10,14.4,15.1,8,2268,10.6,2523,0.916,26.9,8,7,4
2007_2008,5,7,Minnesota Wild,82,44,28,0,98,0.598,220,210,0.16,0.1,2.68,2.56,64,338,18.93,49,330,85.15,3,10,13.4,14.1,5,2218,9.9,2469,0.915,27.7,10,3,8
2007_2008,5,9,Dallas Stars,82,45,30,0,97,0.591,237,204,0.54,0.11,2.89,2.49,64,354,18.08,51,354,85.59,13,8,14.3,14.6,5,2187,10.8,2137,0.905,29,7,5,3
2007_2008,5,10,Philadelphia Flyers,82,42,29,0,95,0.579,245,227,0.06,-0.12,2.99,2.77,84,385,21.82,65,388,83.25,13,6,17.9,17.3,6,2358,10.4,2609,0.913,28.1,11,3,6
2007_2008,5,11,Colorado Avalanche,82,44,31,0,95,0.579,224,216,0.24,0.09,2.73,2.63,49,335,14.63,56,301,81.4,2,5,12.1,12.9,3,2349,9.5,2237,0.903,28.5,7,7,3
2007_2008,5,12,Washington Capitals,82,43,31,0,94,0.573,238,227,-0.06,-0.19,2.9,2.77,65,346,18.79,68,349,80.52,5,8,11.9,11.9,3,2538,9.4,2259,0.9,27.3,8,4,4
2007_2008,5,13,Ottawa Senators,82,43,31,0,94,0.573,258,242,0.06,-0.11,3.15,2.95,60,328,18.29,72,380,81.05,18,6,14.3,13.3,3,2471,10.4,2456,0.901,28.5,8,3,5
2007_2008,5,14,Boston Bruins,82,41,29,0,94,0.573,206,215,-0.2,-0.08,2.51,2.62,56,319,17.55,71,332,78.61,9,6,13,12.9,6,2339,8.8,2495,0.914,28.1,12,6,7
2007_2008,5,15,Calgary Flames,82,42,30,0,94,0.573,226,224,0.13,0.1,2.76,2.73,59,352,16.76,72,389,81.49,9,8,16.4,15.3,2,2316,9.8,2335,0.904,29.5,10,3,3
2007_2008,5,16,Carolina Hurricanes,82,43,33,0,92,0.561,250,246,-0.15,-0.18,3.05,3,79,420,18.81,75,355,78.87,4,13,14.4,16.6,4,2669,9.4,2368,0.896,29.3,6,2,3
2007_2008,5,17,Nashville Predators,82,41,32,0,91,0.555,227,224,0.13,0.12,2.77,2.73,53,358,14.8,49,335,85.37,7,10,12.5,13.4,10,2425,9.4,2440,0.908,28.1,9,3,5
2007_2008,5,18,Buffalo Sabres,82,39,31,0,90,0.549,251,233,0.05,-0.11,3.06,2.84,66,366,18.03,56,333,83.18,9,8,12.2,13.5,5,2478,10.1,2326,0.9,26.8,12,4,9
2007_2008,5,19,Vancouver Canucks,82,39,33,0,88,0.537,207,206,0.08,0.11,2.52,2.51,63,369,17.07,64,368,82.61,8,7,18,18.6,6,2252,9.2,2367,0.913,28.1,10,6,9
2007_2008,5,21,Chicago Blackhawks,82,40,34,0,88,0.537,234,231,0.16,0.12,2.85,2.82,58,365,15.89,69,385,82.08,17,6,16.8,16.1,4,2298,10.2,2346,0.902,26.8,8,5,4
2007_2008,5,22,Florida Panthers,82,38,35,0,85,0.518,211,220,-0.29,-0.17,2.57,2.68,60,313,19.17,66,374,82.35,4,3,12.5,11.8,6,2549,8.3,2752,0.92,28.1,9,5,6
2007_2008,5,23,Phoenix Coyotes,82,38,37,0,83,0.506,209,225,-0.04,0.17,2.55,2.74,63,339,18.58,64,332,80.72,11,12,14.5,13.6,6,2500,8.4,2518,0.911,26.5,7,5,6
2007_2008,5,25,Columbus Blue Jackets,82,34,36,0,80,0.488,190,210,-0.16,0.15,2.32,2.56,53,356,14.89,63,378,83.33,8,5,16.2,15.2,11,2381,8,2249,0.907,27.2,12,3,8
2007_2008,5,26,New York Islanders,82,35,38,0,79,0.482,189,240,-0.65,-0.05,2.3,2.93,48,330,14.55,68,375,81.87,10,15,12.7,11.7,3,2431,7.8,2488,0.904,28.3,9,5,3
2007_2008,5,28,Atlanta Thrashers,82,34,40,0,76,0.463,207,266,-0.8,-0.12,2.52,3.24,52,316,16.46,75,354,78.81,13,10,13.1,11.4,5,2115,9.8,2782,0.904,29.3,8,9,6
2007_2008,5,30,Los Angeles Kings,82,32,43,0,71,0.433,226,263,-0.24,0.19,2.76,3.21,64,367,17.44,68,309,77.99,11,4,11.6,12.7,3,2349,9.6,2625,0.9,27.7,7,5,3
2008_2009,5,1,San Jose Sharks,82,53,18,0,117,0.713,251,199,0.61,-0.04,3.06,2.43,87,360,24.17,51,304,83.22,12,11,12.8,14.1,9,2720,9.2,2228,0.911,28.7,11,6,5
2008_2009,5,2,Boston Bruins,82,53,19,0,116,0.707,270,190,0.89,-0.06,3.29,2.32,74,313,23.64,54,306,82.35,8,7,12.5,12.8,7,2482,10.9,2524,0.925,28.4,10,4,6
2008_2009,5,4,Washington Capitals,82,50,24,0,108,0.659,268,240,0.27,-0.06,3.27,2.93,85,337,25.22,75,387,80.62,7,11,12.7,11.4,2,2747,9.8,2418,0.901,27.2,8,4,5
2008_2009,5,6,Chicago Blackhawks,82,46,24,0,104,0.634,260,209,0.6,0.01,3.17,2.55,70,363,19.28,64,330,80.61,10,6,14.1,15.2,6,2683,9.7,2344,0.911,25.9,12,4,7
2008_2009,5,8,Pittsburgh Penguins,82,45,28,0,99,0.604,258,233,0.28,-0.02,3.15,2.84,62,360,17.22,60,347,82.71,7,13,13.6,14.2,4,2381,10.8,2484,0.906,26.6,9,6,6
2008_2009,5,10,Calgary Flames,82,46,30,0,98,0.598,251,246,0.07,0,3.06,3,61,358,17.04,58,349,83.38,6,15,15.8,15.6,4,2643,9.5,2441,0.899,28.9,6,3,2
2008_2009,5,12,New York Rangers,82,43,30,0,95,0.579,200,212,-0.1,-0.01,2.44,2.59,48,346,13.87,40,329,87.84,9,14,14.6,14.9,4,2658,7.5,2433,0.913,27,9,10,6
2008_2009,5,13,Montreal Canadiens,82,41,30,0,93,0.567,242,240,0.02,-0.01,2.95,2.93,72,374,19.25,65,370,82.43,10,11,15,15.8,2,2461,9.8,2600,0.908,27.6,11,7,7
2008_2009,5,15,St. Louis Blues,82,41,31,0,92,0.561,227,227,0.05,0.05,2.77,2.77,72,351,20.51,58,357,83.75,10,8,15.2,15.4,7,2271,10,2341,0.903,27.1,10,6,6
2008_2009,5,17,Anaheim Ducks,82,42,33,0,91,0.555,238,235,0.09,0,2.9,2.87,73,309,23.62,78,385,79.74,6,8,17.4,15.4,6,2481,9.6,2499,0.906,29.2,7,7,3
2008_2009,5,18,Buffalo Sabres,82,41,32,0,91,0.555,242,229,0.18,-0.02,2.95,2.79,75,358,20.95,61,336,81.85,7,5,13.7,14.6,5,2505,9.7,2575,0.911,28.1,9,8,5
2008_2009,5,19,Minnesota Wild,82,40,33,0,89,0.543,214,197,0.22,-0.02,2.61,2.4,66,328,20.12,36,291,87.63,9,6,10.8,11.7,8,2257,9.5,2518,0.922,27.7,9,5,3
2008_2009,5,20,Nashville Predators,82,40,34,0,88,0.537,207,228,-0.19,0.06,2.52,2.78,50,318,15.72,59,338,82.54,9,8,12.1,11.8,10,2375,8.7,2411,0.905,27.6,8,6,5
2008_2009,5,21,Edmonton Oilers,82,38,35,0,85,0.518,228,244,-0.16,0.01,2.78,2.98,60,354,16.95,76,338,77.51,3,8,15.2,15.4,1,2303,9.9,2668,0.909,28.8,9,6,4
2008_2009,5,23,Ottawa Senators,82,36,35,0,83,0.506,213,231,-0.23,0.01,2.6,2.82,66,339,19.47,64,346,81.5,8,5,13.4,13.1,3,2405,8.9,2336,0.901,27.9,11,4,6
2008_2009,5,24,Toronto Maple Leafs,82,34,35,0,81,0.494,244,286,-0.49,0.03,2.98,3.49,62,330,18.79,78,308,74.68,6,7,13.7,14.4,1,2603,9.4,2480,0.885,28,13,6,7
2008_2009,5,28,Colorado Avalanche,82,32,45,0,69,0.421,190,253,-0.66,0.05,2.32,3.09,50,318,15.72,64,318,79.87,4,8,13,12.6,2,2359,8.1,2376,0.894,28.6,5,9,4
2009_2010,5,1,Washington Capitals,82,54,15,0,121,0.738,313,227,0.9,-0.14,3.82,2.77,79,313,25.24,67,316,78.8,4,8,11.6,11.2,3,2693,11.6,2535,0.91,27.2,13,5,6
2009_2010,5,2,San Jose Sharks,82,51,20,0,113,0.689,257,209,0.65,0.05,3.13,2.55,65,309,21.04,49,324,84.88,8,9,14.1,13.1,3,2602,9.9,2571,0.919,29.3,11,7,6
2009_2010,5,4,Phoenix Coyotes,82,50,25,0,107,0.652,211,196,0.34,0.06,2.57,2.39,46,314,14.65,49,317,84.54,3,6,11.3,10.8,8,2502,8.4,2427,0.919,28.2,7,14,6
2009_2010,5,5,Vancouver Canucks,82,49,28,0,103,0.628,268,218,0.6,-0.01,3.27,2.66,68,323,21.05,59,320,81.56,8,6,15.5,15.1,5,2534,10.6,2419,0.91,28.1,5,4,4
2009_2010,5,7,Detroit Red Wings,82,44,24,0,102,0.622,223,207,0.23,0.07,2.72,2.52,59,307,19.22,43,267,83.9,8,1,8.8,9.9,4,2737,8.1,2413,0.914,30.3,14,6,9
2009_2010,5,8,Los Angeles Kings,82,46,27,0,101,0.616,231,211,0.32,0.05,2.82,2.57,64,307,20.85,60,304,80.26,4,6,11.9,12.5,5,2389,9.7,2260,0.907,26.2,9,10,8
2009_2010,5,9,Pittsburgh Penguins,82,47,28,0,101,0.616,249,235,0.17,-0.07,3.04,2.87,56,326,17.18,52,327,84.1,7,8,14.6,14.7,1,2688,9.3,2350,0.9,27.8,7,8,2
2009_2010,5,10,Buffalo Sabres,82,45,27,0,100,0.61,231,201,0.26,-0.08,2.82,2.45,55,313,17.57,38,284,86.62,4,3,11.2,11.7,5,2588,8.9,2573,0.922,27.8,10,4,6
2009_2010,5,11,Nashville Predators,82,47,29,0,100,0.61,217,221,0.06,0.06,2.65,2.7,47,286,16.43,59,258,77.13,5,5,8.7,9.9,8,2508,8.7,2396,0.908,27.6,6,8,4
2009_2010,5,12,Colorado Avalanche,82,43,30,0,95,0.579,237,228,0.16,0.02,2.89,2.78,56,310,18.06,60,303,80.2,8,9,12.5,13.5,8,2287,10.4,2629,0.913,26.4,9,7,5
2009_2010,5,13,Ottawa Senators,82,44,32,0,94,0.573,220,233,-0.22,-0.06,2.68,2.84,49,290,16.9,50,318,84.28,5,4,13.9,13.2,6,2436,9,2340,0.9,27.9,6,5,5
2009_2010,5,14,Boston Bruins,82,39,30,0,91,0.555,196,191,0.01,-0.06,2.39,2.33,44,265,16.6,37,272,86.4,6,3,11.6,11.6,10,2599,7.5,2444,0.922,28.1,13,10,9
2009_2010,5,15,Calgary Flames,82,40,32,0,90,0.549,201,203,-0.03,0.04,2.45,2.48,43,268,16.04,54,305,82.3,7,1,13.9,13.2,4,2350,8.6,2372,0.914,28.8,10,3,7
2009_2010,5,16,St. Louis Blues,82,40,32,0,90,0.549,218,218,0.08,0.06,2.66,2.66,53,308,17.21,45,342,86.84,6,6,16.1,15.8,6,2445,8.9,2473,0.912,27.9,10,7,5
2009_2010,5,19,Philadelphia Flyers,82,41,35,0,88,0.537,232,222,0.08,-0.06,2.83,2.71,68,318,21.38,57,334,82.93,5,7,16.6,15.3,5,2589,9,2346,0.905,27.7,6,4,3
2009_2010,5,21,New York Rangers,82,38,33,0,87,0.53,219,214,0,-0.05,2.67,2.61,55,301,18.27,50,318,84.28,5,6,14.1,13.2,5,2425,9,2450,0.913,26.8,11,3,4
2009_2010,5,22,Minnesota Wild,82,38,36,0,84,0.512,214,239,-0.26,0.07,2.61,2.91,59,309,19.09,53,306,82.68,3,13,11.3,11.2,3,2266,9.4,2415,0.901,28.6,8,5,7
2009_2010,5,23,Atlanta Thrashers,82,35,34,0,83,0.506,230,250,-0.33,-0.06,2.8,3.05,51,316,16.14,57,320,82.19,9,4,12.8,13,5,2409,9.5,2716,0.908,27.5,13,4,6
2009_2010,5,24,Tampa Bay Lightning,82,34,36,0,80,0.488,213,253,-0.56,-0.03,2.6,3.09,63,326,19.33,67,336,80.06,2,6,16.8,16,3,2367,9,2575,0.902,27,12,4,7
2009_2010,5,28,Florida Panthers,82,32,37,0,77,0.47,202,234,-0.47,-0.03,2.46,2.85,44,309,14.24,59,286,79.37,7,8,11.9,12.8,8,2331,8.7,2800,0.916,28.1,13,6,10
2009_2010,5,29,Toronto Maple Leafs,82,30,38,0,74,0.451,210,263,-0.68,-0.03,2.56,3.21,44,315,13.97,73,288,74.65,4,6,13.3,13.5,5,2671,7.9,2440,0.892,27,14,4,4
2009_2010,5,30,Edmonton Oilers,82,27,47,0,62,0.378,206,278,-0.76,0.09,2.51,3.39,52,301,17.28,67,305,78.03,6,5,13.8,13.5,3,2321,8.9,2716,0.898,27.1,8,8,6
2010_2011,5,1,Vancouver Canucks,82,54,19,0,117,0.713,258,180,0.87,-0.07,3.15,2.2,72,296,24.32,45,312,85.58,6,2,11.5,11.2,5,2624,9.8,2470,0.927,28.1,9,4,5
2010_2011,5,2,Washington Capitals,82,48,23,0,107,0.652,219,191,0.27,-0.06,2.67,2.33,46,263,17.49,43,299,85.62,7,5,11.3,10.6,8,2566,8.5,2375,0.92,25.9,11,5,6
2010_2011,5,3,Pittsburgh Penguins,82,49,25,0,106,0.646,228,196,0.43,-0.05,2.78,2.39,49,311,15.76,45,324,86.11,13,6,16.9,16.5,5,2581,8.8,2352,0.917,27.4,8,10,3
2010_2011,5,4,Philadelphia Flyers,82,47,23,0,106,0.646,256,216,0.4,-0.04,3.12,2.63,49,295,16.61,54,313,82.75,13,5,13.6,13.3,0,2605,9.8,2471,0.913,27.6,12,3,7
2010_2011,5,5,San Jose Sharks,82,48,25,0,105,0.64,243,208,0.44,0.02,2.96,2.54,68,290,23.45,56,273,79.49,6,7,11.3,12,6,2832,8.6,2368,0.912,27.9,9,5,5
2010_2011,5,6,Detroit Red Wings,82,47,25,0,104,0.634,257,237,0.27,0.03,3.13,2.89,67,301,22.26,53,300,82.33,5,7,9.1,9.5,3,2757,9.3,2514,0.906,30.7,10,4,4
2010_2011,5,7,Boston Bruins,82,46,25,0,103,0.628,244,189,0.56,-0.07,2.98,2.3,43,266,16.17,46,265,82.64,11,5,13.6,13.8,11,2696,9.1,2682,0.93,28.3,11,2,6
2010_2011,5,8,Tampa Bay Lightning,82,46,25,0,103,0.628,241,234,0.04,-0.05,2.94,2.85,69,336,20.54,49,302,83.77,1,16,11,11.6,7,2605,9.3,2354,0.901,29,11,6,6
2010_2011,5,9,Phoenix Coyotes,82,43,26,0,99,0.604,226,220,0.11,0.05,2.76,2.68,46,289,15.92,64,296,78.38,5,6,10.5,10.1,9,2486,9.1,2673,0.918,29,13,5,6
2010_2011,5,11,Anaheim Ducks,82,47,30,0,99,0.604,235,233,0.09,0.05,2.87,2.84,67,285,23.51,57,305,81.31,7,7,14.4,13.4,7,2334,10.1,2648,0.912,28.9,5,4,2
2010_2011,5,13,Chicago Blackhawks,82,44,29,0,97,0.591,252,220,0.41,0.01,3.07,2.68,64,277,23.1,53,255,79.22,6,4,9,9.5,5,2637,9.6,2354,0.907,26.7,9,6,5
2010_2011,5,14,Montreal Canadiens,82,44,30,0,96,0.585,213,206,0.05,-0.04,2.6,2.51,57,290,19.66,51,327,84.4,5,6,13.3,12.9,8,2602,8.2,2537,0.919,27.6,8,3,3
2010_2011,5,15,Buffalo Sabres,82,43,29,0,96,0.585,240,228,0.15,-0.04,2.93,2.78,54,279,19.35,51,300,83,2,13,11.7,11.4,6,2690,8.9,2514,0.909,27.5,10,5,1
2010_2011,5,16,Dallas Stars,82,42,29,0,95,0.579,222,226,-0.02,0.05,2.71,2.76,55,306,17.97,55,277,80.14,10,15,13,13.8,5,2269,9.8,2504,0.91,28,11,5,7
2010_2011,5,17,Calgary Flames,82,41,29,0,94,0.573,241,230,0.14,-0.02,2.94,2.8,62,318,19.5,53,282,81.21,7,9,10.2,11.2,6,2501,9.6,2338,0.902,30,12,9,7
2010_2011,5,18,New York Rangers,82,44,33,0,93,0.567,224,195,0.37,-0.06,2.73,2.38,49,290,16.9,42,257,83.66,11,5,13.1,14.6,11,2453,9.1,2410,0.919,26.2,5,9,3
2010_2011,5,19,Carolina Hurricanes,82,40,31,0,91,0.555,231,234,-0.08,-0.04,2.82,2.85,55,346,15.9,51,272,81.25,7,6,10.2,12.8,4,2517,9.2,2725,0.914,26.6,11,5,5
2010_2011,5,20,St. Louis Blues,82,38,33,0,87,0.53,236,228,0.11,0.04,2.88,2.78,52,279,18.64,51,279,81.72,7,1,14.9,15.5,10,2475,9.5,2274,0.9,25.7,11,4,6
2010_2011,5,21,Minnesota Wild,82,39,35,0,86,0.524,203,228,-0.3,0.03,2.48,2.78,53,292,18.15,53,309,82.85,7,7,12,12.1,5,2148,9.5,2625,0.913,28.9,8,3,5
2010_2011,5,22,Toronto Maple Leafs,82,37,34,0,85,0.518,213,245,-0.41,0,2.6,2.99,52,326,15.95,62,275,77.45,5,8,12,13.7,3,2360,9,2540,0.904,25.7,11,5,6
2010_2011,5,26,Ottawa Senators,82,32,40,0,74,0.451,190,245,-0.69,0.02,2.32,2.99,45,257,17.51,48,295,83.73,6,4,14,11.8,5,2381,8,2559,0.904,28.1,10,2,5
2010_2011,5,27,New York Islanders,82,30,39,0,73,0.445,225,258,-0.42,0.01,2.74,3.15,52,302,17.22,52,310,83.23,15,7,18.5,16.2,2,2408,9.3,2620,0.902,26.2,13,4,6
2010_2011,5,28,Florida Panthers,82,30,40,0,72,0.439,191,222,-0.43,-0.01,2.33,2.71,35,267,13.11,41,267,84.64,4,5,8.7,9.1,7,2493,7.7,2609,0.915,28.3,12,4,7
2010_2011,5,29,Colorado Avalanche,82,30,44,0,68,0.415,221,287,-0.7,0.05,2.7,3.5,49,265,18.49,75,314,76.11,8,11,13.1,11.6,1,2394,9.2,2609,0.89,25.9,8,6,1
2010_2011,5,30,Edmonton Oilers,82,25,45,0,62,0.378,191,260,-0.87,0.06,2.33,3.17,44,304,14.47,74,321,76.95,8,2,15.5,14.5,4,2188,8.7,2597,0.9,26.2,12,2,9
2011_2012,5,1,Vancouver Canucks,82,51,22,0,111,0.677,241,191,0.57,-0.05,2.94,2.33,57,288,19.79,40,286,86.01,7,4,12.8,12.4,9,2583,9.3,2526,0.924,28.5,9,8,7
2011_2012,5,2,St. Louis Blues,82,49,22,0,109,0.665,206,155,0.54,-0.01,2.51,1.89,45,269,16.73,40,282,85.82,7,3,13,12.1,15,2511,8.2,2190,0.929,26.5,11,4,10
2011_2012,5,3,New York Rangers,82,51,24,0,109,0.665,222,182,0.46,-0.02,2.71,2.22,44,280,15.71,36,260,86.15,8,4,12.9,14.5,10,2338,9.5,2281,0.92,26.5,7,4,5
2011_2012,5,4,Pittsburgh Penguins,82,51,25,0,108,0.659,273,218,0.71,-0.03,3.33,2.66,57,289,19.72,33,270,87.78,11,10,10.7,12.3,3,2779,9.8,2247,0.903,28.5,6,9,3
2011_2012,5,5,Nashville Predators,82,48,26,0,104,0.634,232,205,0.34,0.01,2.83,2.5,54,250,21.6,40,244,83.61,5,4,8.4,8.3,5,2261,10.3,2522,0.919,26.8,8,5,5
2011_2012,5,6,Philadelphia Flyers,82,47,26,0,103,0.628,260,225,0.39,0,3.17,2.74,66,335,19.7,58,319,81.82,6,9,16.1,16.4,6,2641,9.8,2329,0.903,27.3,9,4,7
2011_2012,5,8,New Jersey Devils,82,48,28,0,102,0.622,216,205,0.23,0,2.63,2.5,46,267,17.23,27,259,89.58,15,13,11.5,10.7,7,2253,9.6,2199,0.907,30.1,6,12,4
2011_2012,5,9,Detroit Red Wings,82,48,28,0,102,0.622,239,200,0.55,0,2.91,2.44,48,298,16.11,50,274,81.75,2,11,8.5,10.4,7,2638,9.1,2212,0.91,30,6,9,3
2011_2012,5,11,Phoenix Coyotes,82,42,27,0,97,0.591,210,194,0.16,0.01,2.56,2.37,34,251,13.55,36,249,85.54,6,6,9.2,9.6,8,2428,8.6,2592,0.925,28.9,13,6,10
2011_2012,5,13,Los Angeles Kings,82,40,27,0,95,0.579,188,170,0.19,0.01,2.29,2.07,49,289,16.96,38,293,87.03,9,2,11.3,11.1,11,2509,7.5,2248,0.924,26.7,15,6,9
2011_2012,5,14,Florida Panthers,82,38,26,0,94,0.573,197,216,-0.33,-0.03,2.4,2.63,53,286,18.53,49,239,79.5,4,6,9.7,10.9,4,2433,8.1,2505,0.914,29,18,6,11
2011_2012,5,15,Ottawa Senators,82,41,31,0,92,0.561,243,236,0.09,-0.02,2.96,2.88,49,270,18.15,57,310,81.61,9,7,14,12.2,4,2574,9.4,2627,0.91,27.8,10,6,4
2011_2012,5,16,Washington Capitals,82,42,32,0,92,0.561,218,226,-0.13,-0.03,2.66,2.76,41,245,16.73,49,266,81.58,3,10,9.4,8.3,8,2295,9.5,2475,0.909,27.6,8,4,4
2011_2012,5,17,Calgary Flames,82,37,29,0,90,0.549,199,217,-0.28,0.01,2.43,2.65,46,260,17.69,42,268,84.33,3,6,10.8,10.5,4,2258,8.8,2528,0.914,29.6,16,3,9
2011_2012,5,18,Dallas Stars,82,42,35,0,89,0.543,204,218,-0.1,0.03,2.49,2.66,33,244,13.52,52,303,82.84,5,3,12.6,10.9,5,2314,8.8,2527,0.914,28.4,5,7,4
2011_2012,5,19,Buffalo Sabres,82,39,32,0,89,0.543,211,223,-0.15,0,2.57,2.72,44,258,17.05,47,257,81.71,5,7,11,12,7,2397,8.8,2571,0.913,27,11,7,7
2011_2012,5,20,Colorado Avalanche,82,41,35,0,88,0.537,199,218,-0.13,0.01,2.43,2.66,41,223,18.39,47,277,83.03,5,4,11,9.5,6,2583,7.7,2426,0.91,25.9,6,9,2
2011_2012,5,22,Winnipeg Jets,82,37,35,0,84,0.512,221,242,-0.3,-0.04,2.7,2.95,45,251,17.93,58,292,80.14,3,8,11,9.7,6,2471,8.9,2470,0.902,26.2,10,4,4
2011_2012,5,23,Carolina Hurricanes,82,33,33,0,82,0.5,212,237,-0.39,-0.02,2.59,2.89,49,294,16.67,49,252,80.56,12,4,9.3,10.9,6,2498,8.5,2653,0.911,26.5,16,1,6
2011_2012,5,24,Minnesota Wild,82,35,36,0,81,0.494,166,217,-0.58,0.02,2.02,2.65,39,258,15.12,51,285,82.11,5,4,12.1,12.3,6,2174,7.6,2570,0.916,27.4,11,11,9
2011_2012,5,25,Toronto Maple Leafs,82,35,37,0,80,0.488,227,259,-0.38,0.02,2.77,3.16,49,267,18.35,55,242,77.27,5,6,10,10.4,7,2322,9.8,2528,0.898,25.9,10,4,5
2011_2012,5,26,Anaheim Ducks,82,34,36,0,80,0.488,201,224,-0.29,0.04,2.45,2.73,45,271,16.61,51,283,81.98,4,5,12,11.2,4,2291,8.8,2367,0.905,28.5,12,3,7
2011_2012,5,27,New York Islanders,82,34,37,0,79,0.482,196,251,-0.58,0.05,2.39,3.06,45,243,18.52,46,236,80.51,4,5,9.3,9,3,2410,8.1,2469,0.898,27.8,11,7,4
2011_2012,5,28,Montreal Canadiens,82,31,35,0,78,0.476,207,214,-0.17,0,2.52,2.61,43,301,14.29,36,315,88.57,10,8,11.6,11.9,4,2340,8.8,2432,0.912,26.8,16,5,12
2011_2012,5,29,Edmonton Oilers,82,32,40,0,74,0.451,207,232,-0.32,0.01,2.52,2.83,54,262,20.61,52,296,82.43,5,8,11.5,10,4,2186,9.5,2518,0.908,27.4,10,5,7
2011_2012,5,30,Columbus Blue Jackets,82,29,46,0,65,0.396,198,257,-0.65,0.08,2.41,3.13,49,317,15.46,64,274,76.64,7,8,12.6,14.1,2,2454,8.1,2537,0.899,26.7,7,4,5
2012_2013,5,1,Chicago Blackhawks,48,36,7,0,77,0.802,149,97,1.04,-0.07,3.1,2.02,25,150,16.67,18,141,87.23,5,5,9.2,10,7,1494,10,1258,0.923,26.8,5,6,5
2012_2013,5,2,Pittsburgh Penguins,48,36,12,0,72,0.75,162,119,0.91,-0.05,3.38,2.48,42,170,24.71,34,167,79.64,2,3,11.7,12.1,5,1438,11.3,1403,0.915,29,0,3,0
2012_2013,5,3,Anaheim Ducks,48,30,12,0,66,0.688,134,115,0.43,-0.02,2.79,2.4,29,135,21.48,30,162,81.48,5,5,11.1,9.5,5,1347,9.9,1340,0.914,28.8,6,6,3
2012_2013,5,4,Montreal Canadiens,48,29,14,0,63,0.656,146,124,0.46,-0.02,3.04,2.58,42,203,20.69,35,173,79.77,0,2,13.3,14.9,4,1468,9.9,1293,0.904,27.8,5,3,2
2012_2013,5,5,Boston Bruins,48,28,14,0,62,0.646,127,106,0.44,-0.02,2.65,2.21,18,122,14.75,21,163,87.12,5,2,12.2,9.8,6,1557,8.2,1373,0.923,27.8,6,4,3
2012_2013,5,6,St. Louis Blues,48,29,17,0,60,0.625,124,114,0.31,0.02,2.58,2.38,29,149,19.46,23,150,84.67,3,5,11.1,11.3,7,1336,9.3,1161,0.902,26.3,2,5,1
2012_2013,5,8,Los Angeles Kings,48,27,16,0,59,0.615,131,114,0.29,-0.02,2.73,2.38,33,166,19.88,27,161,83.23,2,1,10,10.6,2,1431,9.2,1198,0.905,26.5,5,2,4
2012_2013,5,10,Toronto Maple Leafs,48,26,17,0,57,0.594,145,128,0.27,0.02,3.02,2.67,31,166,18.67,19,157,87.9,1,4,16.1,15.2,6,1264,11.5,1549,0.917,26,5,0,5
2012_2013,5,11,San Jose Sharks,48,25,16,0,57,0.594,116,112,0.17,0.01,2.42,2.33,34,169,20.12,22,147,85.03,3,4,10.9,11.2,5,1526,7.6,1390,0.919,28.9,7,8,4
2012_2013,5,13,New York Rangers,48,26,18,0,56,0.583,126,108,0.38,0,2.63,2.25,24,153,15.69,28,148,81.08,5,4,9.3,10.1,2,1483,8.5,1353,0.92,27.2,4,4,4
2012_2013,5,14,Ottawa Senators,48,25,17,0,56,0.583,112,100,0.27,0.02,2.33,2.08,25,157,15.92,20,167,88.02,2,1,13.6,13.8,4,1591,7,1502,0.933,27.4,6,4,4
2012_2013,5,16,Columbus Blue Jackets,48,24,17,0,55,0.573,115,115,0.03,0.01,2.4,2.4,22,155,14.19,25,144,82.64,3,2,12.6,12.8,4,1283,9,1436,0.92,26.3,7,5,4
2012_2013,5,18,Winnipeg Jets,48,24,21,0,51,0.531,126,141,-0.36,-0.03,2.63,2.94,20,145,13.79,28,138,79.71,1,3,11.1,10.5,1,1389,9.1,1424,0.901,26.4,3,2,3
2012_2013,5,19,Phoenix Coyotes,48,21,18,0,51,0.531,121,125,-0.1,0.03,2.52,2.6,25,169,14.79,34,169,79.88,2,2,10.5,10.1,6,1482,8.2,1467,0.915,28.4,9,4,6
2012_2013,5,20,Philadelphia Flyers,48,23,22,0,49,0.51,132,139,-0.14,0.03,2.75,2.9,37,171,21.64,26,184,85.87,2,3,15.7,15.6,1,1394,9.5,1371,0.899,27.9,3,1,2
2012_2013,5,21,Buffalo Sabres,48,21,21,0,48,0.5,118,139,-0.31,0.07,2.46,2.9,23,163,14.11,37,178,79.21,7,7,13.1,12.4,1,1339,8.8,1606,0.913,27.3,6,7,4
2012_2013,5,22,Dallas Stars,48,22,22,0,48,0.5,128,141,-0.21,0.05,2.67,2.94,29,171,16.96,34,179,81.01,2,3,13,13,1,1261,10.2,1489,0.905,28.2,4,2,1
2012_2013,5,23,New Jersey Devils,48,19,19,0,48,0.5,110,122,-0.31,0.04,2.29,2.54,28,176,15.91,32,169,81.07,11,6,10.6,11.5,3,1363,8.1,1110,0.89,30.8,10,2,7
2012_2013,5,24,Edmonton Oilers,48,19,22,0,45,0.469,123,131,-0.22,-0.03,2.56,2.73,34,169,20.12,29,175,83.43,4,1,10.8,11.4,3,1285,9.6,1572,0.917,26.4,7,2,3
2012_2013,5,25,Calgary Flames,48,19,25,0,42,0.438,128,157,-0.65,0.02,2.67,3.27,31,155,20,28,151,81.46,6,2,10.8,9.9,0,1293,9.9,1412,0.889,29,4,0,3
2012_2013,5,26,Carolina Hurricanes,48,19,25,0,42,0.438,127,159,-0.65,0.02,2.65,3.31,24,165,14.55,36,161,77.64,3,4,11.2,10.6,2,1545,8.2,1546,0.897,26.9,4,1,1
2012_2013,5,27,Nashville Predators,48,16,23,0,41,0.427,109,133,-0.5,0.09,2.27,2.77,24,140,17.14,34,139,75.54,1,4,9.8,10.1,5,1244,8.8,1335,0.9,27.3,9,2,6
2012_2013,5,28,Tampa Bay Lightning,48,18,26,0,40,0.417,147,147,-0.11,-0.07,3.06,3.06,31,163,19.02,30,155,80.65,0,4,12,13,1,1323,11.1,1451,0.899,27.7,4,1,3
2012_2013,5,29,Colorado Avalanche,48,16,25,0,39,0.406,114,150,-0.73,0.02,2.38,3.13,21,140,15,36,183,80.33,3,3,12.5,9.8,3,1415,8.1,1508,0.901,26.7,7,2,2
2012_2013,5,30,Florida Panthers,48,15,27,0,36,0.375,109,170,-1.18,0.05,2.27,3.54,29,142,20.42,39,151,74.17,4,1,11.3,10.2,0,1400,7.8,1504,0.887,27.8,6,3,1
2013_2014,5,1,Boston Bruins,82,54,19,0,117,0.713,258,171,0.92,-0.11,3.15,2.09,50,230,21.74,43,263,83.65,9,6,10.8,10.1,9,2612,9.9,2385,0.928,27.6,9,3,6
2013_2014,5,3,Colorado Avalanche,82,52,22,0,112,0.683,245,216,0.4,0.04,2.99,2.63,50,252,19.84,48,249,80.72,3,1,10.9,10.5,4,2420,10.1,2678,0.919,26.9,8,5,4
2013_2014,5,5,San Jose Sharks,82,51,22,0,111,0.677,239,193,0.6,0,2.91,2.35,50,291,17.18,33,219,84.93,8,6,9,11.2,6,2851,8.4,2281,0.915,28.7,9,10,7
2013_2014,5,6,Pittsburgh Penguins,82,51,24,0,109,0.665,242,204,0.47,-0.04,2.95,2.49,65,278,23.38,38,254,85.04,4,6,10.1,10.9,6,2454,9.9,2358,0.913,28.3,7,7,3
2013_2014,5,9,Montreal Canadiens,82,46,28,0,100,0.61,209,201,0.08,-0.05,2.55,2.45,48,279,17.2,43,289,85.12,6,8,13,12.8,8,2330,9,2541,0.921,28.3,8,6,3
2013_2014,5,12,New York Rangers,82,45,31,0,96,0.585,214,190,0.26,-0.04,2.61,2.32,48,264,18.18,34,232,85.34,10,7,10,10.4,8,2719,7.9,2412,0.921,27.4,6,4,3
2013_2014,5,13,Philadelphia Flyers,82,42,30,0,94,0.573,233,227,-0.01,-0.02,2.84,2.77,58,294,19.73,48,316,84.81,8,11,14.2,13.4,6,2490,9.4,2508,0.909,27.7,10,3,8
2013_2014,5,14,Detroit Red Wings,82,39,28,0,93,0.567,217,221,-0.14,-0.04,2.65,2.7,50,282,17.73,50,295,83.05,3,5,8.8,8.6,5,2456,8.8,2400,0.908,28.6,15,5,9
2013_2014,5,15,Columbus Blue Jackets,82,43,32,0,93,0.567,226,214,0.16,-0.03,2.76,2.61,54,280,19.29,50,280,82.14,9,8,11.1,11,8,2431,9.3,2524,0.915,26.1,7,5,2
2013_2014,5,16,Dallas Stars,82,40,31,0,91,0.555,231,223,0.14,0.05,2.82,2.72,46,290,15.86,49,263,81.37,8,5,11,11.6,6,2597,8.9,2492,0.911,28.2,11,4,5
2013_2014,5,17,Washington Capitals,82,38,30,0,90,0.549,225,229,-0.08,-0.02,2.74,2.79,68,291,23.37,51,284,82.04,5,10,11.6,12.2,5,2412,9.3,2750,0.917,26.5,14,10,11
2013_2014,5,18,Phoenix Coyotes,82,37,30,0,89,0.543,210,224,-0.16,0.03,2.56,2.73,56,282,19.86,57,272,79.04,3,5,9.9,9.9,5,2498,8.4,2540,0.912,28.7,15,6,7
2013_2014,5,20,Ottawa Senators,82,37,31,0,88,0.537,229,258,-0.37,-0.02,2.79,3.15,50,271,18.45,61,320,80.94,5,10,13.3,12,5,2691,8.5,2849,0.909,26.6,14,7,7
2013_2014,5,22,Toronto Maple Leafs,82,38,36,0,84,0.512,222,252,-0.34,-0.04,2.71,3.07,50,252,19.84,58,268,78.36,7,12,12.7,11.8,2,2290,9.7,2945,0.914,26.2,8,9,4
2013_2014,5,23,Winnipeg Jets,82,37,35,0,84,0.512,219,231,-0.07,0.06,2.67,2.82,40,259,15.44,49,291,83.16,5,6,11.9,10.6,3,2516,8.7,2472,0.907,26.3,10,8,6
2013_2014,5,24,Carolina Hurricanes,82,36,35,0,83,0.506,205,226,-0.29,-0.01,2.5,2.76,41,281,14.59,44,241,81.74,11,8,7.9,9,2,2561,8,2537,0.911,27,11,2,4
2013_2014,5,25,Vancouver Canucks,82,36,35,0,83,0.506,191,216,-0.3,0.03,2.33,2.63,39,257,15.18,46,274,83.21,6,4,13.6,12.1,7,2527,7.6,2327,0.907,28.6,11,5,7
2013_2014,5,26,New York Islanders,82,34,37,0,79,0.482,216,261,-0.51,0,2.63,3.18,49,276,17.75,58,265,78.11,8,7,12.4,11.5,4,2537,8.5,2464,0.894,26.2,11,9,6
2013_2014,5,28,Edmonton Oilers,82,29,44,0,67,0.409,199,267,-0.75,0.07,2.43,3.26,46,271,16.97,50,280,82.14,4,13,11.8,12,4,2208,9,2696,0.901,26.5,9,4,3
2014_2015,5,4,St. Louis Blues,82,51,24,0,109,0.665,239,197,0.59,0.02,2.91,2.4,56,251,22.31,42,257,83.66,2,5,11,10.6,10,2535,9.4,2233,0.912,28.3,7,9,4
2014_2015,5,5,Tampa Bay Lightning,82,50,24,0,108,0.659,259,206,0.57,-0.06,3.16,2.51,53,282,18.79,42,257,83.66,7,6,9.9,10.5,5,2428,10.7,2287,0.91,26.9,8,3,5
2014_2015,5,7,Chicago Blackhawks,82,48,28,0,102,0.622,220,186,0.51,0.02,2.68,2.27,46,260,17.69,35,211,83.41,3,7,7.3,8.8,5,2777,7.9,2477,0.925,29.3,6,9,3
2014_2015,5,11,Detroit Red Wings,82,43,25,0,100,0.61,231,211,0.14,-0.03,2.82,2.57,70,294,23.81,55,288,80.9,3,8,8.8,9.7,6,2429,9.5,2322,0.909,28.9,14,4,10
2014_2015,5,12,Minnesota Wild,82,46,28,0,100,0.61,227,198,0.39,0.03,2.77,2.41,39,246,15.85,32,234,86.32,4,3,8.9,9.7,8,2522,9,2265,0.913,27.7,8,4,3
2014_2015,5,13,Winnipeg Jets,82,43,26,0,99,0.604,223,204,0.29,0.04,2.72,2.49,48,269,17.84,56,308,81.82,10,5,13,11.6,7,2439,9.1,2350,0.913,27.3,13,7,6
2014_2015,5,14,Ottawa Senators,82,43,26,0,99,0.604,232,208,0.25,-0.04,2.83,2.54,47,280,16.79,44,257,82.88,6,8,10.3,11.1,6,2539,9.1,2635,0.921,26.9,13,6,7
2014_2015,5,15,Pittsburgh Penguins,82,43,27,0,98,0.598,217,204,0.12,-0.01,2.65,2.49,49,254,19.29,42,277,84.84,6,11,13.7,12.1,10,2594,8.4,2401,0.915,29.5,12,4,6
2014_2015,5,17,Boston Bruins,82,41,27,0,96,0.585,209,201,0.01,-0.01,2.55,2.45,38,213,17.84,44,244,81.97,8,3,9.5,8.5,5,2546,8.2,2449,0.918,28.3,14,4,10
2014_2015,5,18,Los Angeles Kings,82,40,27,0,95,0.579,218,197,0.16,-0.03,2.66,2.4,47,247,19.03,45,236,80.93,7,2,9.1,9.1,9,2536,8.6,2214,0.911,28.5,15,2,8
2014_2015,5,19,Dallas Stars,82,41,31,0,92,0.561,257,257,0.06,0.05,3.13,3.13,55,290,18.97,49,254,80.71,9,7,9.6,11,6,2558,10,2454,0.895,28.5,10,4,3
2014_2015,5,21,Colorado Avalanche,82,39,31,0,90,0.549,209,223,-0.04,0.06,2.55,2.72,37,247,14.98,37,241,84.65,4,2,9.4,9.6,6,2286,9.1,2719,0.918,28.6,12,10,4
2014_2015,5,22,Columbus Blue Jackets,82,42,35,0,89,0.543,227,248,-0.16,0.01,2.77,3.02,53,244,21.72,60,303,80.2,5,5,11.9,11,2,2366,9.6,2742,0.91,27,5,9,2
2014_2015,5,23,San Jose Sharks,82,40,33,0,89,0.543,224,226,-0.08,-0.03,2.73,2.76,55,254,21.65,48,223,78.48,4,5,9.3,10.4,8,2591,8.6,2436,0.907,28.5,9,4,6
2014_2015,5,24,Philadelphia Flyers,82,33,31,0,84,0.512,212,223,-0.23,0,2.59,2.72,60,256,23.44,61,266,77.07,3,6,10.2,9.2,3,2413,8.8,2481,0.91,28.6,18,3,11
2014_2015,5,27,Toronto Maple Leafs,82,30,44,0,68,0.415,206,257,-0.61,0.02,2.51,3.13,45,283,15.9,52,266,80.45,7,12,10,10.7,2,2397,8.6,2748,0.906,27.7,8,5,5
2014_2015,5,28,Edmonton Oilers,82,24,44,0,62,0.378,193,276,-1.01,0.03,2.35,3.37,41,232,17.67,51,219,76.71,4,7,8.3,8.7,2,2331,8.3,2464,0.888,27.2,14,5,7
2014_2015,5,29,Arizona Coyotes,82,24,50,0,56,0.341,165,267,-1.2,0.04,2.01,3.26,46,230,20,65,279,76.7,4,7,9.5,8.4,1,2393,6.9,2722,0.902,28.5,8,5,5
2014_2015,5,30,Buffalo Sabres,82,23,51,0,54,0.329,153,269,-1.33,0.05,1.87,3.28,30,224,13.39,64,257,75.1,7,8,10.4,9.6,1,1984,7.7,2920,0.908,26.9,8,8,5
2015_2016,5,1,Washington Capitals,82,56,18,0,120,0.732,248,191,0.7,-0.02,3.02,2.33,55,251,21.91,38,256,85.16,2,5,9.2,8.9,3,2510,9.9,2332,0.918,27.9,8,4,2
2015_2016,5,2,Dallas Stars,82,50,23,0,109,0.665,265,228,0.45,-0.01,3.23,2.78,58,262,22.14,44,248,82.26,10,15,8.8,9,5,2624,10.1,2371,0.904,28.9,9,2,2
2015_2016,5,3,St. Louis Blues,82,49,24,0,107,0.652,219,197,0.28,0,2.67,2.4,51,237,21.52,41,276,85.14,4,5,10.5,9.2,10,2474,8.9,2439,0.919,28,9,5,4
2015_2016,5,5,Chicago Blackhawks,82,47,26,0,103,0.628,234,207,0.32,0,2.85,2.52,57,252,22.62,46,233,80.26,10,3,7.5,8.6,8,2498,9.4,2526,0.918,28.6,9,1,2
2015_2016,5,7,Anaheim Ducks,82,46,25,0,103,0.628,215,188,0.27,-0.05,2.62,2.29,56,245,22.86,37,290,87.24,7,3,12.5,11.1,8,2483,8.7,2258,0.917,27.4,11,3,4
2015_2016,5,8,Los Angeles Kings,82,48,28,0,102,0.622,223,192,0.32,-0.04,2.72,2.34,47,235,20,53,285,81.4,5,3,10.6,9.1,7,2625,8.5,2254,0.915,28.3,6,2,3
2015_2016,5,10,New York Islanders,82,45,27,0,100,0.61,227,211,0.19,0,2.77,2.57,43,229,18.78,36,232,84.48,7,6,8.8,9.2,4,2412,9.4,2495,0.915,27.9,10,5,5
2015_2016,5,12,Tampa Bay Lightning,82,46,31,0,97,0.591,224,198,0.3,-0.02,2.73,2.41,44,279,15.77,41,257,84.05,7,7,9.9,10.6,7,2402,9.3,2366,0.916,27.3,5,3,3
2015_2016,5,13,Nashville Predators,82,41,27,0,96,0.585,224,213,0.17,0.01,2.73,2.6,51,259,19.69,46,245,81.22,7,2,9.9,9.8,6,2507,8.9,2242,0.905,28.4,14,4,2
2015_2016,5,14,Philadelphia Flyers,82,41,27,0,96,0.585,211,210,-0.03,0.02,2.57,2.56,53,280,18.93,51,262,80.53,3,8,11.8,11.9,7,2540,8.3,2519,0.917,28.1,14,3,8
2015_2016,5,15,Detroit Red Wings,82,41,30,0,93,0.567,209,219,-0.16,0,2.55,2.67,50,266,18.8,50,271,81.55,2,4,8.8,9.1,6,2432,8.6,2439,0.91,28.7,11,2,5
2015_2016,5,16,Boston Bruins,82,42,31,0,93,0.567,236,228,0.11,-0.02,2.88,2.78,48,234,20.51,48,270,82.22,9,4,11.4,10.4,5,2620,9,2490,0.908,28.8,9,4,2
2015_2016,5,18,Carolina Hurricanes,82,35,31,0,86,0.524,196,221,-0.31,0.03,2.39,2.7,40,238,16.81,32,204,84.31,3,5,6.9,7.7,3,2451,8,2261,0.902,27,16,2,5
2015_2016,5,19,Ottawa Senators,82,38,35,0,85,0.518,230,241,-0.13,0.01,2.8,2.94,38,239,15.9,61,253,75.89,17,3,10.9,11,5,2325,9.9,2688,0.91,27,9,6,6
2015_2016,5,22,Colorado Avalanche,82,39,39,0,82,0.5,212,240,-0.26,0.03,2.59,2.93,48,266,18.05,51,258,80.23,7,9,9.4,9.4,5,2348,9,2649,0.909,28.3,4,4,0
2015_2016,5,23,Buffalo Sabres,82,35,36,0,81,0.494,199,215,-0.25,0.01,2.43,2.62,48,254,18.9,38,218,82.57,6,6,9.1,10.2,2,2418,8.2,2511,0.914,26.2,11,2,7
2015_2016,5,24,Winnipeg Jets,82,35,39,0,78,0.476,212,236,-0.26,0.03,2.59,2.88,38,257,14.79,61,282,78.37,10,4,11.2,10.4,3,2427,8.7,2423,0.903,26.8,8,3,3
2015_2016,5,25,Arizona Coyotes,82,35,39,0,78,0.476,208,244,-0.43,0.01,2.54,2.98,53,300,17.67,69,304,77.3,4,14,12.3,11.5,5,2265,9.2,2539,0.904,27.6,8,1,1
2015_2016,5,26,Calgary Flames,82,35,40,0,77,0.47,229,257,-0.36,-0.01,2.79,3.13,46,270,17.04,57,234,75.64,10,7,9.2,9.5,3,2398,9.5,2377,0.892,27.7,7,2,3
2015_2016,5,27,Columbus Blue Jackets,82,34,40,0,76,0.463,213,248,-0.38,0.03,2.6,3.02,43,248,17.34,53,279,81,3,8,12.1,10.7,1,2387,8.9,2550,0.903,26.5,8,6,4
2015_2016,5,28,Vancouver Canucks,82,31,38,0,75,0.457,186,239,-0.62,0.02,2.27,2.91,39,247,15.79,47,249,81.12,4,8,10,10,1,2311,8,2668,0.91,28.9,13,5,4
2015_2016,5,29,Edmonton Oilers,82,31,43,0,70,0.427,199,242,-0.51,0,2.43,2.95,43,237,18.14,49,254,80.71,5,6,9.7,9.2,3,2386,8.3,2548,0.905,26.4,8,4,3
2015_2016,5,30,Toronto Maple Leafs,82,29,42,0,69,0.421,192,240,-0.56,0.03,2.34,2.93,40,259,15.44,50,272,81.62,3,8,9.2,9,4,2515,7.6,2503,0.904,27.4,11,6,6
2016_2017,5,1,Washington Capitals,82,55,19,0,118,0.72,261,177,0.99,0,3.18,2.16,57,248,22.98,44,272,83.82,5,3,9.1,8.7,12,2495,10.5,2282,0.922,28.4,8,2,5
2016_2017,5,2,Pittsburgh Penguins,82,50,21,0,111,0.677,278,229,0.59,0.01,3.39,2.79,60,260,23.08,52,257,79.77,5,7,8.6,9,5,2745,10.1,2671,0.914,28.7,11,4,5
2016_2017,5,4,Columbus Blue Jackets,82,50,24,0,108,0.659,247,193,0.68,0.02,3.01,2.35,42,211,19.91,39,223,82.51,10,2,8.7,8.6,8,2540,9.7,2489,0.922,26.2,8,2,2
2016_2017,5,5,Minnesota Wild,82,49,25,0,106,0.646,263,206,0.63,-0.08,3.21,2.51,47,224,20.98,37,217,82.95,5,3,8.2,8.4,5,2527,10.4,2465,0.916,28.3,8,3,2
2016_2017,5,6,Anaheim Ducks,82,46,23,0,105,0.64,220,197,0.24,-0.04,2.68,2.4,47,251,18.73,43,281,84.7,9,7,11.4,11.2,8,2425,9.1,2429,0.919,27.6,13,3,3
2016_2017,5,7,Montreal Canadiens,82,47,26,0,103,0.628,223,198,0.31,-0.01,2.72,2.41,45,230,19.57,47,249,81.12,5,6,9.3,7.9,5,2459,9.1,2429,0.918,28.8,9,3,2
2016_2017,5,8,Edmonton Oilers,82,47,26,0,103,0.628,243,207,0.37,-0.06,2.96,2.52,56,245,22.86,43,223,80.72,4,5,9,9.5,7,2547,9.5,2416,0.914,26.7,9,4,5
2016_2017,5,9,New York Rangers,82,48,28,0,102,0.622,253,216,0.47,0.03,3.09,2.63,47,232,20.26,45,224,79.91,9,5,7.2,8.3,7,2438,10.4,2465,0.912,28.3,6,3,4
2016_2017,5,11,San Jose Sharks,82,46,29,0,99,0.604,219,200,0.21,-0.03,2.67,2.44,41,246,16.67,41,212,80.66,7,6,7.8,8.5,3,2453,8.9,2269,0.912,29.6,7,2,1
2016_2017,5,12,Ottawa Senators,82,44,28,0,98,0.598,206,210,-0.01,0.01,2.51,2.56,43,254,16.93,50,247,79.76,7,3,10.3,10.5,10,2463,8.4,2467,0.915,28.8,10,6,4
2016_2017,5,13,Toronto Maple Leafs,82,40,27,0,95,0.579,250,234,0.11,0,3.05,2.85,57,244,23.36,44,251,82.47,6,7,9.7,10,5,2617,9.6,2673,0.912,26.2,15,1,8
2016_2017,5,14,Boston Bruins,82,44,31,0,95,0.579,232,209,0.27,0,2.83,2.55,53,244,21.72,38,266,85.71,10,6,10.1,9.8,8,2721,8.5,2194,0.905,28.8,7,2,3
2016_2017,5,15,Calgary Flames,82,45,33,0,94,0.573,222,219,0.02,-0.04,2.71,2.67,52,258,20.16,51,277,81.59,8,5,11.7,10.7,5,2388,9.3,2354,0.907,28.3,4,4,2
2016_2017,5,16,Tampa Bay Lightning,82,42,30,0,94,0.573,230,224,0.09,0.01,2.8,2.73,62,272,22.79,48,258,81.4,4,8,10.7,11.4,3,2452,9.4,2492,0.91,26.8,10,4,3
2016_2017,5,17,Nashville Predators,82,41,29,0,94,0.573,238,220,0.16,-0.04,2.9,2.68,49,259,18.92,46,241,80.91,12,6,10.2,10.7,4,2557,9.3,2472,0.911,27.9,12,2,4
2016_2017,5,19,Philadelphia Flyers,82,39,33,0,88,0.537,212,231,-0.17,0.04,2.59,2.82,54,277,19.49,50,247,79.76,4,9,10.3,11.1,5,2585,8.2,2334,0.901,27.6,10,7,5
2016_2017,5,20,Winnipeg Jets,82,40,35,0,87,0.53,246,255,-0.11,-0.03,3,3.11,48,264,18.18,62,275,77.45,10,9,10.2,9.7,5,2448,10,2546,0.9,26.1,7,3,1
2016_2017,5,21,Carolina Hurricanes,82,36,31,0,87,0.53,212,230,-0.21,0.05,2.59,2.8,41,231,17.75,32,202,84.16,10,6,5.8,6.6,3,2493,8.5,2320,0.901,26.8,15,3,6
2016_2017,5,22,Los Angeles Kings,82,39,35,0,86,0.524,199,201,-0.07,-0.02,2.43,2.45,46,241,19.09,38,245,84.49,5,3,9.2,9.3,9,2553,7.8,2120,0.905,29.1,8,2,4
2016_2017,5,23,Florida Panthers,82,35,36,0,81,0.494,205,231,-0.3,0.03,2.5,2.82,45,265,16.98,36,245,85.31,8,8,9.9,9.9,4,2644,7.8,2595,0.911,28.6,11,5,6
2016_2017,5,24,Dallas Stars,82,34,37,0,79,0.482,222,260,-0.48,-0.01,2.71,3.17,46,257,17.9,65,249,73.9,5,11,9.9,9.8,3,2505,8.9,2439,0.893,28.5,11,1,2
2016_2017,5,26,Buffalo Sabres,82,33,37,0,78,0.476,199,231,-0.41,0.03,2.43,2.82,57,233,24.46,53,237,77.64,3,4,9,8.6,3,2491,8,2813,0.918,26.4,12,2,6
2016_2017,5,28,Arizona Coyotes,82,30,42,0,70,0.427,191,258,-0.76,0.01,2.33,3.15,38,235,16.17,59,260,77.31,8,7,9.9,8.6,3,2281,8.4,2797,0.908,27.3,10,6,2
2016_2017,5,29,Vancouver Canucks,82,30,43,0,69,0.421,178,241,-0.73,0.01,2.17,2.94,32,227,14.1,52,223,76.68,2,6,7.9,7.9,3,2273,7.8,2605,0.907,28.8,9,4,2
2017_2018,5,1,Nashville Predators,82,53,18,0,117,0.713,261,204,0.71,0.03,3.18,2.49,58,274,21.17,54,299,81.94,10,5,11.3,9.6,11,2641,9.9,2659,0.923,28.4,11,6,7
2017_2018,5,2,Winnipeg Jets,82,52,20,0,114,0.695,273,216,0.74,0.02,3.33,2.63,64,274,23.36,50,274,81.75,9,7,8.5,8.6,7,2643,10.3,2613,0.917,26.8,10,4,2
2017_2018,5,4,Boston Bruins,82,50,20,0,112,0.683,267,211,0.62,-0.07,3.26,2.57,61,258,23.64,40,245,83.67,9,10,9.5,9.6,4,2703,9.9,2399,0.912,28.6,12,3,3
2017_2018,5,5,Vegas Golden Knights,82,51,24,0,109,0.665,268,225,0.52,-0.01,3.27,2.74,53,248,21.37,44,237,81.43,8,5,6.8,7.5,5,2686,10,2521,0.911,28,7,4,3
2017_2018,5,7,Toronto Maple Leafs,82,49,26,0,105,0.64,270,230,0.49,-0.06,3.29,2.8,56,224,25,43,231,81.39,4,5,7,6.9,8,2640,10.2,2776,0.917,28.3,7,7,2
2017_2018,5,10,San Jose Sharks,82,45,27,0,100,0.61,247,226,0.28,0,3.01,2.76,53,257,20.62,34,224,84.82,8,3,7.7,8,6,2702,9.1,2488,0.909,28.8,10,5,3
2017_2018,5,11,Pittsburgh Penguins,82,47,29,0,100,0.61,270,248,0.23,-0.04,3.29,3.02,68,260,26.15,53,265,80,6,3,9.5,9.1,4,2823,9.6,2553,0.903,27.7,6,2,2
2017_2018,5,12,Los Angeles Kings,82,45,29,0,98,0.598,237,202,0.44,0,2.89,2.46,49,240,20.42,39,260,85,5,4,9,8.3,8,2544,9.3,2537,0.92,29.1,8,2,1
2017_2018,5,14,Columbus Blue Jackets,82,45,30,0,97,0.591,236,226,0.11,-0.04,2.88,2.76,39,227,17.18,51,214,76.17,4,7,6.9,7.3,5,2761,8.5,2567,0.912,26.4,7,6,4
2017_2018,5,15,New Jersey Devils,82,44,29,0,97,0.591,243,240,0.02,-0.03,2.96,2.93,54,252,21.43,47,258,81.78,12,6,8.5,8.4,2,2599,9.3,2616,0.908,27.7,9,5,4
2017_2018,5,16,Florida Panthers,82,44,30,0,96,0.585,245,243,-0.01,-0.04,2.99,2.96,47,249,18.88,45,227,80.18,10,5,11,11.7,7,2822,8.7,2838,0.914,27.8,8,3,3
2017_2018,5,17,Colorado Avalanche,82,43,30,0,95,0.579,255,236,0.28,0.04,3.11,2.88,65,296,21.96,45,269,83.27,7,13,8.9,9.8,5,2432,10.5,2731,0.914,26.4,9,2,1
2017_2018,5,18,St. Louis Blues,82,44,32,0,94,0.573,223,222,0.1,0.05,2.72,2.71,38,246,15.45,47,231,79.65,5,9,7.7,8.2,4,2677,8.3,2438,0.909,28.5,6,3,0
2017_2018,5,19,Dallas Stars,82,42,32,0,92,0.561,231,222,0.17,0.04,2.82,2.71,47,244,19.26,54,281,80.78,7,10,10.1,9.6,6,2560,9,2447,0.909,28.5,8,4,3
2017_2018,5,20,Calgary Flames,82,37,35,0,84,0.512,216,243,-0.33,0.03,2.63,2.96,43,269,15.99,49,269,81.78,7,7,11.1,11.2,3,2759,7.8,2554,0.905,28.4,10,2,5
2017_2018,5,21,Carolina Hurricanes,82,36,35,0,83,0.506,225,253,-0.35,-0.01,2.74,3.09,44,239,18.41,43,191,77.49,3,6,6.2,7.1,2,2780,8.1,2367,0.893,27,11,3,3
2017_2018,5,22,New York Islanders,82,35,37,0,80,0.488,261,293,-0.4,-0.01,3.18,3.57,58,250,23.2,63,235,73.19,5,11,7.8,8.1,2,2572,10.1,2918,0.9,28.4,10,3,3
2017_2018,5,23,Edmonton Oilers,82,36,40,0,78,0.476,229,262,-0.32,0.03,2.79,3.2,31,210,14.76,57,245,76.73,11,5,9.2,7.6,1,2740,8.4,2634,0.901,26.8,6,5,1
2017_2018,5,24,New York Rangers,82,34,39,0,77,0.47,228,263,-0.46,-0.01,2.78,3.21,51,241,21.16,46,247,81.38,5,5,8,8,3,2538,9,2898,0.909,28.7,9,3,5
2017_2018,5,25,Chicago Blackhawks,82,33,39,0,76,0.463,228,254,-0.26,0.07,2.78,3.1,43,269,15.99,49,236,79.24,5,7,7.5,8.9,2,2793,8.2,2697,0.906,28,10,1,2
2017_2018,5,26,Vancouver Canucks,82,31,40,0,73,0.445,218,259,-0.51,0.05,2.66,3.16,53,247,21.46,60,276,78.26,7,10,8.7,8,4,2464,8.8,2641,0.902,28.2,11,0,5
2017_2018,5,27,Detroit Red Wings,82,30,39,0,73,0.445,212,254,-0.48,-0.01,2.59,3.1,41,234,17.52,58,259,77.61,9,5,8.9,8.3,4,2490,8.5,2613,0.903,30.2,13,5,1
2017_2018,5,28,Montreal Canadiens,82,29,40,0,71,0.433,207,258,-0.68,0,2.52,3.15,52,244,21.31,68,263,74.14,7,6,8.6,8.8,4,2687,7.7,2650,0.903,27.8,13,2,6
2017_2018,5,29,Arizona Coyotes,82,29,41,0,70,0.427,206,251,-0.53,0.05,2.51,3.06,41,243,16.87,46,224,79.46,2,10,7.8,8.3,5,2450,8.4,2642,0.905,26.5,12,2,5
2017_2018,5,30,Ottawa Senators,82,28,43,0,67,0.409,219,284,-0.85,0,2.67,3.46,41,248,16.53,56,235,76.17,4,6,8.1,8.4,2,2515,8.7,2712,0.895,29.3,11,2,7
2017_2018,5,31,Buffalo Sabres,82,25,45,0,62,0.378,198,278,-0.98,0.01,2.41,3.39,49,257,19.07,52,235,77.87,9,10,8.2,8.8,3,2557,7.7,2681,0.896,27.1,12,1,2
2018_2019,5,1,Tampa Bay Lightning,82,62,16,0,128,0.78,319,221,1.21,-0.05,3.89,2.7,74,262,28.24,40,267,85.02,12,3,9.5,9.4,6,2620,12.2,2633,0.916,27.1,4,6,1
2018_2019,5,2,Boston Bruins,82,49,24,0,107,0.652,257,212,0.52,-0.01,3.13,2.59,65,251,25.9,49,244,79.92,7,15,9.7,9.9,9,2680,9.6,2416,0.912,28.7,9,2,3
2018_2019,5,5,New York Islanders,82,48,27,0,103,0.628,223,191,0.38,-0.01,2.72,2.33,33,227,14.54,44,219,79.91,6,1,7.9,7.7,11,2360,9.4,2534,0.925,28.4,7,5,5
2018_2019,5,8,Pittsburgh Penguins,82,44,26,0,100,0.61,271,238,0.38,-0.01,3.3,2.9,56,228,24.56,45,222,79.73,12,15,8.4,8,7,2731,9.9,2729,0.913,28.4,12,2,3
2018_2019,5,9,Nashville Predators,82,47,29,0,100,0.61,236,212,0.31,-0.01,2.88,2.59,33,255,12.94,45,251,82.07,8,8,8.4,9.4,7,2677,8.8,2460,0.914,28.9,6,4,2
2018_2019,5,11,Carolina Hurricanes,82,46,29,0,99,0.604,243,221,0.26,-0.01,2.96,2.7,44,247,17.81,44,239,81.59,8,8,7.5,8.7,6,2822,8.6,2343,0.906,26.8,7,2,2
2018_2019,5,12,St. Louis Blues,82,45,28,0,99,0.604,244,220,0.28,-0.01,2.98,2.68,50,237,21.1,43,232,81.47,5,7,7.6,8.2,9,2604,9.4,2345,0.906,28,9,3,3
2018_2019,5,15,Vegas Golden Knights,82,43,32,0,93,0.567,246,228,0.19,-0.04,3,2.78,39,232,16.81,44,230,80.87,11,2,7.1,7.2,9,2814,8.7,2399,0.905,29.2,7,3,2
2018_2019,5,16,Dallas Stars,82,43,32,0,93,0.567,209,200,0.09,0,2.55,2.44,45,214,21.03,41,238,82.77,4,2,7.7,7.3,10,2519,8.3,2591,0.923,28.3,7,1,2
2018_2019,5,17,Colorado Avalanche,82,38,30,0,90,0.549,258,244,0.17,-0.01,3.15,2.98,63,286,22.03,58,272,78.68,9,5,9.4,9.6,5,2676,9.6,2619,0.907,27,14,2,2
2018_2019,5,18,Arizona Coyotes,82,39,35,0,86,0.524,209,220,-0.14,-0.02,2.55,2.68,42,258,16.28,34,226,84.96,16,9,7.1,8.2,6,2522,8.3,2526,0.913,27.2,8,4,3
2018_2019,5,19,Florida Panthers,82,36,32,0,86,0.524,264,273,-0.14,0.02,3.22,3.33,72,269,26.77,43,230,81.3,3,13,8.4,9.2,1,2705,9.8,2516,0.891,28,14,3,7
2018_2019,5,21,Minnesota Wild,82,37,36,0,83,0.506,210,233,-0.3,0.02,2.56,2.84,49,241,20.33,44,240,81.67,5,4,8,8.5,2,2567,8.2,2419,0.904,29.5,9,1,4
2018_2019,5,23,Vancouver Canucks,82,35,36,0,81,0.494,219,248,-0.35,0.01,2.67,3.02,43,251,17.13,48,254,81.1,7,8,8.8,8.7,1,2433,9,2597,0.905,26.9,11,6,6
2018_2019,5,24,Anaheim Ducks,82,35,37,0,80,0.488,196,248,-0.63,0.01,2.39,3.02,36,212,16.98,55,271,79.7,5,10,9,7.2,4,2271,8.6,2725,0.909,27.5,10,3,3
2018_2019,5,25,Edmonton Oilers,82,35,38,0,79,0.482,229,271,-0.51,0.01,2.79,3.3,47,222,21.17,62,246,74.8,10,7,9.2,7.7,5,2392,9.6,2599,0.896,27.2,9,3,3
2018_2019,5,27,Buffalo Sabres,82,33,39,0,76,0.463,221,268,-0.51,0.04,2.7,3.27,46,236,19.49,41,215,80.93,3,9,7,7.5,2,2697,8.2,2704,0.901,26.6,10,5,3
2018_2019,5,28,Detroit Red Wings,82,32,40,0,74,0.451,224,272,-0.57,0.04,2.73,3.32,39,216,18.06,56,245,77.14,7,7,7.9,7.3,2,2394,9.4,2761,0.901,29.3,10,3,5
2018_2019,5,29,New Jersey Devils,82,31,41,0,72,0.439,219,271,-0.61,0.04,2.67,3.3,45,254,17.72,40,255,84.31,10,10,9.1,9,6,2488,8.8,2592,0.895,27.5,10,3,4
2019_2020,5,1,Boston Bruins,70,44,14,0,100,0.714,227,167,0.74,-0.02,3.24,2.39,57,226,25.22,34,215,84.19,5,7,9.7,10.5,8,2247,10.1,2103,0.921,29.1,12,0,7
2019_2020,5,2,St. Louis Blues,71,42,19,0,94,0.662,223,190,0.47,0.02,3.14,2.68,49,202,24.26,42,203,79.31,5,6,7.2,7.4,5,2179,10.2,2100,0.91,28.4,10,2,3
2019_2020,5,3,Tampa Bay Lightning,70,43,21,0,92,0.657,243,194,0.71,0,3.47,2.77,49,211,23.22,43,231,81.39,6,7,10.3,9.9,4,2176,11.2,2165,0.91,27.7,6,2,1
2019_2020,5,4,Colorado Avalanche,70,42,20,0,92,0.657,236,190,0.64,-0.02,3.37,2.71,46,241,19.09,39,210,81.43,8,6,8.5,10,4,2257,10.5,2193,0.913,26.8,8,1,1
2019_2020,5,5,Washington Capitals,69,41,20,0,90,0.652,236,212,0.41,0.04,3.42,3.07,42,216,19.44,42,241,82.57,6,9,10.1,9.5,1,2206,10.7,2084,0.898,29,8,4,3
2019_2020,5,7,Vegas Golden Knights,71,39,24,0,86,0.606,224,209,0.21,-0.02,3.15,2.94,42,191,21.99,50,214,76.64,9,3,8,7.3,6,2450,9.1,2082,0.9,29.2,8,3,2
2019_2020,5,9,Edmonton Oilers,71,37,25,0,83,0.585,223,215,0.09,-0.02,3.14,3.03,59,200,29.5,31,199,84.42,3,10,8.1,7.6,2,2100,10.6,2274,0.905,28,9,2,2
2019_2020,5,11,Columbus Blue Jackets,70,33,22,0,81,0.579,180,183,-0.12,-0.02,2.57,2.61,31,189,16.4,31,169,81.66,3,5,6.5,6.6,7,2272,7.9,2092,0.913,26.2,15,0,4
2019_2020,5,12,Toronto Maple Leafs,70,36,25,0,81,0.579,237,222,0.15,-0.01,3.39,3.17,45,195,23.08,43,193,77.72,5,7,6.7,6.7,4,2302,10.3,2233,0.901,26.8,9,1,5
2019_2020,5,13,Carolina Hurricanes,68,38,25,0,81,0.596,217,193,0.41,-0.02,3.19,2.84,46,206,22.33,39,243,83.95,10,4,8.6,8.4,6,2261,9.6,1994,0.903,26.7,5,5,0
2019_2020,5,14,Winnipeg Jets,71,37,28,0,80,0.563,213,201,0.17,-0.01,3,2.83,42,205,20.49,39,174,77.59,6,3,7.4,8.6,6,2222,9.6,2315,0.913,26.5,6,3,2
2019_2020,5,15,New York Islanders,68,35,23,0,80,0.588,189,190,0.01,0.02,2.78,2.79,29,168,17.26,34,176,80.68,6,5,8.5,7.8,3,2016,9.4,2123,0.911,28.8,10,3,3
2019_2020,5,16,Calgary Flames,70,36,27,0,79,0.564,204,214,-0.08,-0.01,2.91,3.06,41,193,21.24,35,196,82.14,6,9,8.8,8.5,4,2212,9.2,2271,0.906,27.7,7,6,1
2019_2020,5,17,New York Rangers,70,37,28,0,79,0.564,233,220,0.15,-0.03,3.33,3.14,52,227,22.91,52,230,77.39,8,6,11.2,10.2,3,2175,10.7,2381,0.908,26.2,5,1,2
2019_2020,5,18,Vancouver Canucks,69,36,27,0,78,0.565,224,214,0.13,-0.03,3.25,3.1,57,236,24.15,42,215,80.47,5,4,9.3,9.5,2,2153,10.4,2297,0.907,27.5,6,4,3
2019_2020,5,19,Florida Panthers,69,35,26,0,78,0.565,228,224,0.05,0.01,3.3,3.25,45,211,21.33,40,186,78.49,4,5,7.2,8.6,2,2253,10.1,2227,0.899,28.2,8,3,4
2019_2020,5,20,Nashville Predators,69,35,26,0,78,0.565,212,214,-0.03,-0.01,3.07,3.1,39,226,17.26,51,213,76.06,6,8,9,9.5,7,2287,9.3,2157,0.901,29.1,8,3,3
2019_2020,5,21,Minnesota Wild,69,35,27,0,77,0.558,218,217,0.01,0.01,3.16,3.14,46,216,21.3,47,206,77.18,3,6,8.1,8.5,6,2077,10.5,2115,0.897,29.4,7,2,3
2019_2020,5,23,Chicago Blackhawks,70,32,30,0,72,0.514,208,214,-0.05,0.04,2.97,3.06,33,217,15.21,37,207,82.13,6,8,7.8,8.2,1,2227,9.3,2458,0.913,28.1,8,4,4
2019_2020,5,24,Montreal Canadiens,71,31,31,0,71,0.5,208,220,-0.12,0.01,2.93,3.1,33,186,17.74,45,211,78.67,6,5,7.7,6.7,4,2422,8.6,2208,0.9,28.4,9,4,1
2019_2020,5,25,New Jersey Devils,69,28,29,0,68,0.493,185,224,-0.57,0.02,2.68,3.25,42,234,17.95,39,221,82.35,9,10,9.7,9.2,4,2117,8.7,2256,0.901,26.9,12,4,6
2019_2020,5,26,Buffalo Sabres,69,30,31,0,68,0.493,193,215,-0.34,-0.03,2.8,3.12,37,196,18.88,47,185,74.59,5,11,6.9,6.9,3,2021,9.5,2148,0.9,26.5,8,2,2
2019_2020,5,27,Anaheim Ducks,71,29,33,0,67,0.472,182,225,-0.53,0.02,2.56,3.17,27,184,14.67,49,213,77,10,5,10.2,8.5,1,2106,8.6,2282,0.901,27.8,9,5,1
2019_2020,5,28,Los Angeles Kings,70,29,35,0,64,0.457,177,209,-0.48,0.01,2.53,2.99,33,193,17.1,43,190,77.37,5,1,6.8,7.5,1,2325,7.6,2079,0.899,28.6,6,1,3
2019_2020,5,29,San Jose Sharks,70,29,36,0,63,0.45,180,225,-0.62,0.01,2.57,3.21,33,189,17.46,32,224,85.71,7,6,10.3,9.4,2,2101,8.6,2140,0.895,29.5,5,2,1
2019_2020,5,30,Ottawa Senators,71,25,34,0,62,0.437,190,238,-0.76,-0.02,2.68,3.35,30,211,14.22,55,230,76.09,15,6,9.6,9.2,0,2174,8.7,2384,0.9,27.7,12,1,5
2020_2021,5,2,Colorado Avalanche,56,39,13,0,82,0.732,197,132,1,-0.14,3.52,2.36,47,207,22.71,30,177,83.05,1,3,8.9,10.4,8,1937,10.2,1423,0.907,27.1,4,0,1
2020_2021,5,3,Carolina Hurricanes,56,36,12,0,80,0.714,175,134,0.67,-0.1,3.13,2.39,42,164,25.61,26,176,85.23,7,6,7.4,7,6,1794,9.8,1581,0.915,27.1,8,4,2
2020_2021,5,4,Florida Panthers,56,37,14,0,79,0.705,188,151,0.56,-0.08,3.36,2.7,39,190,20.53,34,168,79.76,4,4,10.1,10.8,3,1954,9.6,1682,0.91,28.1,5,1,2
2020_2021,5,5,Washington Capitals,56,36,15,0,77,0.688,188,161,0.44,-0.06,3.36,2.88,38,153,24.84,26,162,83.95,2,8,9.4,9.2,4,1647,11.4,1612,0.9,30.6,5,3,2
2020_2021,5,6,Toronto Maple Leafs,56,35,14,0,77,0.688,186,148,0.6,-0.1,3.32,2.64,31,155,20,31,144,78.47,3,7,7,7.4,3,1751,10.6,1558,0.905,29,7,1,0
2020_2021,5,8,Tampa Bay Lightning,56,36,17,0,75,0.67,180,145,0.53,-0.08,3.21,2.59,40,180,22.22,29,183,84.15,3,3,10.7,10.9,6,1692,10.6,1583,0.908,28.4,3,1,2
2020_2021,5,9,Minnesota Wild,56,35,16,0,75,0.67,180,159,0.33,-0.05,3.21,2.84,29,165,17.58,31,161,80.75,2,3,8.9,8.9,4,1585,11.4,1705,0.907,29.3,5,1,1
2020_2021,5,14,St. Louis Blues,56,27,20,0,63,0.563,167,167,-0.02,0,2.98,2.98,36,155,23.23,38,171,77.78,6,1,8.1,7.5,1,1622,10.3,1670,0.9,28.6,9,2,3
2020_2021,5,17,New York Rangers,56,27,23,0,60,0.536,176,155,0.31,-0.05,3.14,2.77,37,179,20.67,30,169,82.25,8,4,10.1,11,5,1607,11,1664,0.907,25.8,6,1,2
2020_2021,5,18,Montreal Canadiens,56,24,21,0,59,0.527,158,165,-0.14,0.02,2.82,2.95,29,151,19.21,37,172,78.49,9,2,8.3,7.5,1,1746,9,1579,0.896,28.9,11,1,3
2020_2021,5,20,Chicago Blackhawks,56,24,25,0,55,0.491,159,184,-0.39,0.06,2.84,3.29,38,175,21.71,35,151,76.82,3,7,6.6,7.7,4,1635,9.7,1888,0.903,27,7,2,2
2020_2021,5,22,Arizona Coyotes,56,24,26,0,54,0.482,150,174,-0.36,0.05,2.68,3.11,37,178,20.79,32,167,80.84,2,4,8,8.5,4,1538,9.8,1706,0.898,28.3,6,3,2
2020_2021,5,24,Vancouver Canucks,56,23,29,0,50,0.446,148,187,-0.56,0.1,2.64,3.34,27,155,17.42,37,183,79.78,6,4,9.8,8.2,1,1629,9.1,1870,0.9,27.7,4,3,1
2020_2021,5,26,San Jose Sharks,56,21,28,0,49,0.438,146,196,-0.75,0.11,2.61,3.5,22,156,14.1,36,184,80.43,5,4,9.2,7.8,2,1682,8.7,1791,0.891,29,7,5,3
2020_2021,5,27,Detroit Red Wings,56,19,27,0,48,0.429,125,168,-0.69,0.1,2.23,3,17,149,11.41,33,155,78.71,0,4,7.3,7.2,2,1528,8.2,1786,0.906,29.3,10,2,3
2020_2021,5,31,Buffalo Sabres,56,15,34,0,37,0.33,134,196,-0.95,0.14,2.39,3.5,30,143,20.98,31,139,77.7,5,5,6.1,6,0,1592,8.4,1889,0.896,26.9,7,4,3
2021_2022,5,1,Florida Panthers,82,58,18,0,122,0.744,337,242,1.07,-0.08,4.11,2.95,64,262,24.43,53,259,79.54,12,8,10.1,10.8,5,3062,11,2515,0.904,27.8,6,3,4
2021_2022,5,2,Colorado Avalanche,82,56,19,0,119,0.726,308,232,0.91,-0.04,3.76,2.83,67,279,24.01,48,236,79.66,6,5,9,10.4,7,2874,10.7,2625,0.912,28.2,7,4,2
2021_2022,5,3,Carolina Hurricanes,82,54,20,0,116,0.707,277,200,0.88,-0.05,3.38,2.44,51,232,21.98,33,276,88.04,4,3,9.2,7.7,6,2798,9.9,2310,0.913,28.3,8,1,2
2021_2022,5,4,Toronto Maple Leafs,82,54,21,0,115,0.701,312,252,0.69,-0.06,3.8,3.07,63,231,27.27,42,234,82.05,13,4,8.6,8.5,7,2835,11,2511,0.9,28.4,7,3,1
2021_2022,5,5,Minnesota Wild,82,53,22,0,113,0.689,305,249,0.68,-0.02,3.72,3.04,53,258,20.54,63,264,76.14,2,5,10.8,10.8,3,2666,11.4,2577,0.903,29.4,7,5,4
2021_2022,5,6,Calgary Flames,82,50,21,0,111,0.677,291,206,0.99,-0.05,3.55,2.51,54,236,22.88,42,250,83.2,7,3,9.1,8.6,11,2908,10,2374,0.913,28.8,11,2,2
2021_2022,5,7,Tampa Bay Lightning,82,51,23,0,110,0.671,285,228,0.64,-0.02,3.48,2.78,62,259,23.94,49,252,80.56,7,5,11,11.4,3,2535,11.2,2441,0.907,29.6,8,2,5
2021_2022,5,11,Edmonton Oilers,82,49,27,0,104,0.634,285,251,0.46,0,3.48,3.06,61,235,25.96,52,252,79.37,11,6,8.1,7.1,4,2790,10.2,2647,0.905,29.1,6,5,1
2021_2022,5,14,Los Angeles Kings,82,44,27,0,99,0.604,235,232,0.03,-0.01,2.87,2.83,40,248,16.13,53,227,76.65,11,9,7.7,8.3,5,2865,8.2,2341,0.901,28,11,4,4
2021_2022,5,15,Dallas Stars,82,46,30,0,98,0.598,233,244,-0.09,0.01,2.84,2.98,54,241,22.41,46,219,79,7,5,6.7,7.5,2,2486,9.4,2545,0.904,29.4,6,5,2
2021_2022,5,17,Vegas Golden Knights,82,43,31,0,94,0.573,262,244,0.21,-0.01,3.2,2.98,39,212,18.4,47,208,77.4,10,7,7.6,7.7,3,2830,9.3,2458,0.901,28.5,8,4,4
2021_2022,5,19,Winnipeg Jets,82,39,32,0,89,0.543,250,253,-0.04,0.02,3.05,3.09,52,247,21.05,58,232,75,9,8,8.8,9.5,5,2645,9.5,2721,0.907,28.2,11,2,4
2021_2022,5,20,New York Islanders,82,37,35,0,84,0.512,229,231,-0.09,-0.02,2.79,2.82,46,208,22.12,34,215,84.19,5,7,8.9,8.4,9,2367,9.7,2669,0.913,30.1,10,2,6
2021_2022,5,21,Columbus Blue Jackets,82,37,38,0,81,0.494,258,297,-0.44,0.02,3.15,3.62,41,220,18.64,51,238,78.57,7,6,7.7,7.2,2,2463,10.5,2887,0.897,26.6,7,4,3
2021_2022,5,22,San Jose Sharks,82,32,37,0,77,0.47,211,261,-0.58,0.03,2.57,3.18,41,216,18.98,33,223,85.2,4,11,8.8,8.6,3,2400,8.8,2622,0.9,29,13,3,3
2021_2022,5,23,Anaheim Ducks,82,31,37,0,76,0.463,228,266,-0.45,0.03,2.78,3.24,48,219,21.92,43,224,80.8,6,4,9.3,9.8,4,2393,9.5,2725,0.902,27.9,14,4,5
2021_2022,5,24,Buffalo Sabres,82,32,39,0,75,0.457,229,287,-0.69,0.02,2.79,3.5,47,222,21.17,50,212,76.42,6,6,8.1,7.9,1,2451,9.3,2702,0.894,27.5,11,3,3
2021_2022,5,25,Detroit Red Wings,82,32,40,0,74,0.451,227,310,-0.95,0.06,2.77,3.78,37,227,16.3,59,225,73.78,4,10,8.9,8.5,4,2414,9.4,2761,0.888,26.9,10,3,2
2021_2022,5,27,Chicago Blackhawks,82,28,42,0,68,0.415,213,289,-0.83,0.05,2.6,3.52,47,245,19.18,53,223,76.23,2,6,7.9,8.7,4,2362,9,2703,0.893,28,12,6,2
2021_2022,5,28,New Jersey Devils,82,27,46,0,63,0.384,245,302,-0.68,0.04,2.99,3.68,35,225,15.56,42,212,80.19,6,14,8.1,8.4,2,2562,9.6,2540,0.881,25.8,9,3,5
2021_2022,5,29,Philadelphia Flyers,82,25,46,0,61,0.372,210,294,-1,0.06,2.56,3.59,30,239,12.55,57,235,75.74,6,11,9,9,1,2539,8.3,2785,0.894,28.3,11,1,4
2021_2022,5,30,Seattle Kraken,82,27,49,0,60,0.366,213,284,-0.8,0.04,2.6,3.46,32,220,14.55,56,223,74.89,8,7,8.5,8,3,2380,8.9,2367,0.88,28.7,6,3,1
2021_2022,5,32,Montreal Canadiens,82,22,49,0,55,0.335,218,317,-1.15,0.05,2.66,3.87,34,248,13.71,67,274,75.55,6,12,10.2,9,3,2442,8.9,2823,0.888,27.8,11,3,2
2022_2023,5,1,Boston Bruins,82,65,12,0,135,0.823,301,174,1.54,-0.02,3.67,2.12,62,279,22.22,36,283,87.28,8,8,10.5,9.9,7,2703,11.1,2447,0.929,29.5,5,4,3
2022_2023,5,3,New Jersey Devils,82,52,22,0,112,0.683,289,222,0.79,0,3.52,2.71,49,224,21.88,40,230,82.61,9,8,7.7,7.9,4,2821,10.2,2315,0.904,26.7,8,2,4
2022_2023,5,4,Vegas Golden Knights,82,51,22,0,111,0.677,267,225,0.49,-0.04,3.26,2.74,42,207,20.29,44,195,77.44,10,4,7.2,7.9,3,2587,10.3,2533,0.911,29.1,9,5,4
2022_2023,5,5,Toronto Maple Leafs,82,50,21,0,111,0.677,278,220,0.7,0,3.39,2.68,64,246,26.02,45,248,81.85,8,8,8.4,8.4,5,2628,10.6,2420,0.909,28.6,11,1,2
2022_2023,5,6,Colorado Avalanche,82,51,24,0,109,0.665,274,223,0.61,-0.05,3.34,2.72,64,261,24.52,52,248,79.03,6,5,8.2,9.3,6,2727,10,2539,0.912,28.1,7,6,3
2022_2023,5,7,Edmonton Oilers,82,50,23,0,109,0.665,325,256,0.73,-0.07,3.96,3.12,89,275,32.36,64,278,76.98,18,7,8.6,8.8,2,2754,11.8,2572,0.9,27.9,9,0,4
2022_2023,5,8,Dallas Stars,82,47,21,0,108,0.659,281,215,0.75,-0.07,3.43,2.62,64,256,25,40,242,83.47,10,5,7.8,8.5,6,2617,10.7,2452,0.912,28.4,14,4,3
2022_2023,5,9,New York Rangers,82,47,22,0,107,0.652,273,216,0.7,0,3.33,2.63,59,245,24.08,42,223,81.17,8,5,7.6,9.3,4,2582,10.6,2405,0.91,27.7,13,4,3
2022_2023,5,11,Minnesota Wild,82,46,25,0,103,0.628,239,219,0.21,-0.05,2.91,2.67,54,252,21.43,46,256,82.03,14,3,11.3,11.6,5,2535,9.4,2552,0.914,29.3,11,7,6
2022_2023,5,13,Tampa Bay Lightning,82,46,30,0,98,0.598,280,252,0.37,0.02,3.41,3.07,71,280,25.36,53,261,79.69,7,11,12.1,12.3,6,2621,10.7,2582,0.902,29.9,6,3,2
2022_2023,5,14,Winnipeg Jets,82,46,33,0,95,0.579,246,224,0.23,-0.04,3,2.73,52,270,19.26,42,239,82.43,7,6,8.5,9.7,4,2486,9.9,2487,0.91,28.7,3,1,1
2022_2023,5,15,Calgary Flames,82,38,27,0,93,0.567,258,247,0.05,-0.05,3.15,3.01,50,252,19.84,47,270,82.59,8,6,9.2,8.3,1,2948,8.8,2240,0.89,29.8,17,2,5
2022_2023,5,17,Florida Panthers,82,42,32,0,92,0.561,288,272,0.24,0.04,3.51,3.32,63,276,22.83,70,291,75.95,6,9,12.2,11.9,3,3019,9.5,2603,0.896,28.7,8,2,1
2022_2023,5,18,Nashville Predators,82,42,32,0,92,0.561,223,236,-0.12,-0.02,2.72,2.88,44,250,17.6,48,275,82.55,6,6,9.6,8.8,2,2419,9.2,2729,0.914,28.3,8,6,2
2022_2023,5,20,Pittsburgh Penguins,82,40,31,0,91,0.555,261,263,0.01,0.04,3.18,3.21,63,290,21.72,55,263,79.09,5,5,8.6,9.2,2,2818,9.3,2687,0.902,31,11,1,1
2022_2023,5,21,Ottawa Senators,82,39,35,0,86,0.524,259,270,-0.09,0.04,3.16,3.29,72,306,23.53,59,296,80.07,9,11,12.4,12.2,3,2746,9.4,2572,0.895,27.3,8,2,1
2022_2023,5,22,Vancouver Canucks,82,38,37,0,83,0.506,270,296,-0.3,-0.04,3.29,3.61,62,273,22.71,69,243,71.6,15,14,9,10,1,2438,11.1,2527,0.883,27.3,7,6,2
2022_2023,5,24,Washington Capitals,82,35,37,0,80,0.488,253,261,-0.1,0.02,3.09,3.18,52,245,21.22,41,226,81.86,4,8,8.7,9.1,5,2549,9.9,2548,0.898,30.9,10,2,4
2022_2023,5,25,Detroit Red Wings,82,35,37,0,80,0.488,237,275,-0.44,0.04,2.89,3.35,57,270,21.11,54,249,78.31,5,12,8.1,8.5,4,2312,10.3,2496,0.89,27.3,10,3,4
2022_2023,5,27,Arizona Coyotes,82,28,40,0,70,0.427,225,295,-0.85,0.01,2.74,3.6,45,238,18.91,81,319,74.61,5,6,11.9,9,4,2119,10.6,2874,0.897,26.4,14,3,4
2022_2023,5,29,San Jose Sharks,82,22,44,0,60,0.366,233,315,-1.05,0.01,2.84,3.84,41,223,18.39,43,244,82.38,4,13,8,7.6,4,2415,9.6,2640,0.881,29.4,16,1,6
2022_2023,5,30,Chicago Blackhawks,82,26,49,0,59,0.36,202,299,-1.16,0.02,2.46,3.65,38,232,16.38,55,231,76.19,7,10,8.6,8.9,2,2210,9.1,2758,0.892,28.7,7,2,2
2022_2023,5,31,Columbus Blue Jackets,82,25,48,0,59,0.36,213,329,-1.34,0.07,2.6,4.01,41,224,18.3,59,237,75.11,5,9,8,7.3,0,2399,8.9,2904,0.887,26.7,9,1,1
2023_2024,5,1,New York Rangers,82,55,23,0,114,0.695,278,226,0.61,-0.03,3.39,2.76,65,246,26.42,36,232,84.48,8,6,9.4,10.4,6,2582,10.8,2418,0.907,29.1,4,4,3
2023_2024,5,4,Winnipeg Jets,82,52,24,0,110,0.671,259,198,0.69,-0.04,3.16,2.41,45,240,18.75,51,223,77.13,3,5,8.2,8.9,8,2488,10.4,2429,0.918,29.4,6,0,1
2023_2024,5,5,Florida Panthers,82,52,24,0,110,0.671,265,198,0.81,-0.02,3.23,2.41,63,268,23.51,51,291,82.47,8,9,13.6,13.5,8,2764,9.6,2279,0.913,29.5,6,3,2
2023_2024,5,7,Vancouver Canucks,82,50,23,0,109,0.665,279,221,0.64,-0.04,3.4,2.7,58,257,22.57,53,254,79.13,7,7,9.6,9.7,7,2328,12,2343,0.906,28.6,9,0,2
2023_2024,5,8,Colorado Avalanche,82,50,25,0,107,0.652,302,252,0.57,-0.05,3.68,3.07,68,278,24.46,53,264,79.92,7,6,8.9,9.7,4,2705,11.2,2444,0.897,28.8,7,2,2
2023_2024,5,9,Edmonton Oilers,82,49,27,0,104,0.634,292,236,0.65,-0.04,3.56,2.88,64,243,26.34,53,258,79.46,7,5,9.5,8.5,4,2768,10.5,2307,0.898,29.4,6,2,1
2023_2024,5,10,Toronto Maple Leafs,82,46,26,0,102,0.622,298,261,0.5,0.01,3.63,3.18,57,238,23.95,55,238,76.89,6,9,9.9,10.2,5,2671,11.2,2446,0.893,28.9,10,5,2
2023_2024,5,11,Nashville Predators,82,47,30,0,99,0.604,266,248,0.23,-0.02,3.24,3.02,58,269,21.56,57,247,76.92,7,5,9.7,9.5,4,2642,10.1,2507,0.901,29.5,5,3,0
2023_2024,5,12,Los Angeles Kings,82,44,27,0,99,0.604,254,210,0.45,-0.05,3.1,2.56,56,248,22.58,39,253,84.58,11,7,8.7,9.5,7,2616,9.7,2296,0.909,29.5,11,2,5
2023_2024,5,14,Vegas Golden Knights,82,45,29,0,98,0.598,263,243,0.22,-0.05,3.21,2.96,51,252,20.24,44,213,79.34,9,8,7.4,8.5,3,2548,10.3,2487,0.902,29,8,4,2
2023_2024,5,15,New York Islanders,82,39,27,0,94,0.573,245,258,-0.18,0.03,2.99,3.15,47,231,20.35,63,221,71.49,10,3,7.1,7.4,5,2470,9.9,2686,0.904,29.6,16,1,5
2023_2024,5,16,St. Louis Blues,82,43,33,0,92,0.561,234,248,-0.14,-0.01,2.85,3.02,45,250,18,46,215,78.6,11,7,7.4,8.6,4,2370,9.9,2636,0.906,29,6,5,2
2023_2024,5,17,Washington Capitals,82,40,31,0,91,0.555,216,252,-0.41,0.04,2.63,3.07,47,228,20.61,49,233,78.97,3,5,7.7,7.4,7,2172,9.9,2503,0.899,30,11,4,5
2023_2024,5,18,Detroit Red Wings,82,41,32,0,91,0.555,275,273,0.06,0.02,3.35,3.33,63,273,23.08,49,240,79.58,7,10,8.7,9.9,4,2375,11.6,2657,0.897,29.3,9,3,1
2023_2024,5,20,Minnesota Wild,82,39,34,0,87,0.53,248,260,-0.14,0.01,3.02,3.17,62,273,22.71,67,263,74.52,3,11,11.4,11.3,6,2471,10,2437,0.893,29.3,9,3,3
2023_2024,5,22,Buffalo Sabres,82,39,37,0,84,0.512,244,243,0.03,0.01,2.98,2.96,37,223,16.59,49,243,79.84,7,10,9.8,9.2,5,2534,9.6,2402,0.899,25.7,6,2,1
2023_2024,5,23,New Jersey Devils,82,38,39,0,81,0.494,264,281,-0.22,0.01,3.22,3.43,55,245,22.45,47,243,80.66,3,9,9.1,9.6,1,2516,10.5,2458,0.886,26.8,5,0,2
2023_2024,5,25,Calgary Flames,82,38,39,0,81,0.494,253,267,-0.2,0.02,3.09,3.26,45,252,17.86,47,245,80.82,11,11,9.4,9.2,2,2572,9.8,2438,0.89,29.2,5,0,4
2023_2024,5,26,Ottawa Senators,82,37,41,0,78,0.476,250,281,-0.28,0.04,3.05,3.43,51,283,18.02,61,245,75.1,7,6,10.4,11.1,2,2602,9.6,2432,0.884,27,4,5,0
2023_2024,5,27,Arizona Coyotes,82,36,41,0,77,0.47,254,274,-0.21,0.01,3.1,3.34,53,241,21.99,63,266,76.32,7,7,11.5,9.9,7,2273,11.2,2598,0.895,26.7,5,2,0
2023_2024,5,28,Montreal Canadiens,82,30,36,0,76,0.463,232,281,-0.59,0.05,2.83,3.43,44,252,17.46,65,277,76.53,7,12,10.2,10,2,2269,10.2,2738,0.897,26.7,16,4,8
2023_2024,5,29,Columbus Blue Jackets,82,27,43,0,66,0.402,234,298,-0.72,0.05,2.85,3.63,32,212,15.09,56,236,76.27,5,6,8.2,7.6,1,2458,9.5,2822,0.894,26.8,12,3,2
2023_2024,5,31,Chicago Blackhawks,82,23,53,0,52,0.317,178,289,-1.29,0.06,2.17,3.52,39,235,16.6,56,231,75.76,3,8,8.7,9.3,1,2153,8.3,2681,0.892,27.4,6,1,1
2023_2024,5,32,San Jose Sharks,82,19,54,0,47,0.287,180,326,-1.78,0.05,2.2,3.98,42,208,20.19,62,252,75.4,3,8,9.5,8.2,2,2069,8.7,2881,0.887,27.7,9,1,5
